;FLAVOR:Marlin
;TIME:547
;Filament used: 8.7132m
;Layer height: 1
;MINX:-24.963
;MINY:-25.536
;MINZ:0.5
;MAXX:25.003
;MAXY:25.471
;MAXZ:83.5
;TARGET_MACHINE.NAME:Unknown
;Generated with Cura_SteamEngine 5.11.0
M140 S60
M105
M190 S60
M104 S200
M105
M109 S200
G28 ;Home
M302 S0 ;Set cold extrusion
M92 E400 ;E Steps at 400 steps/mm M92 E-400 reverse
G1 Z15.0 F6000 ;Move the platform down 15mm
;Prime the extruder
G92 E0
G1 F200 E3
G92 E0
M82 ;absolute extrusion mode
G92 E0
G92 E0
G1 F1500 E-6.5
;LAYER_COUNT:83
;LAYER:0
M107
G1 F600 Z1.5
;MESH:wavy.stl
G0 F675 X0.00 Y0.000 Z1.5
G0 X0.201 Y6.63
;TYPE:WALL-INNER
G1 F600 Z0.5
G1 F1500 E0
G1 F900 X1.02 Y6.961 E0.20771
G1 X1.921 Y6.287 E0.47228
G1 X2.909 Y5.713 E0.74095
G1 X4.023 Y5.255 E1.02416
G1 X4.914 Y5.03 E1.24024
G1 X5.261 Y3.921 E1.51346
G1 X5.711 Y2.912 E1.77324
G1 X6.356 Y1.867 E2.06199
G1 X6.932 Y1.178 E2.27315
G1 X6.63 Y0.335 E2.4837
G1 X6.342 Y-.882 E2.77776
G1 X6.24 Y-2.24 E3.09797
G1 X6.301 Y-3.123 E3.30608
G1 X5.569 Y-3.622 E3.51439
G1 X4.787 Y-4.293 E3.75667
G1 X4.322 Y-4.755 E3.9108
G1 X3.772 Y-5.426 E4.1148
G1 X3.265 Y-6.229 E4.3381
G1 X2.315 Y-6.205 E4.56154
G1 X1.305 Y-6.294 E4.79995
G1 X0.521 Y-6.428 E4.98696
G1 X-.462 Y-6.723 E5.22828
G1 X-1.02 Y-6.961 E5.37092
G1 X-1.921 Y-6.287 E5.63549
G1 X-2.911 Y-5.713 E5.90457
G1 X-4.024 Y-5.254 E6.18765
G1 X-4.914 Y-5.029 E6.4035
G1 X-5.082 Y-4.414 E6.55341
G1 X-5.621 Y-3.097 E6.88801
G1 X-6.098 Y-2.242 E7.11822
G1 X-6.357 Y-1.867 E7.22538
G1 X-6.933 Y-1.179 E7.43636
G1 X-6.713 Y-.603 E7.58134
G1 X-6.393 Y0.666 E7.88906
G1 X-6.285 Y1.35 E8.05188
G1 X-6.24 Y2.239 E8.26118
G1 X-6.301 Y3.123 E8.46953
G1 X-5.38 Y3.774 E8.73473
G1 X-4.61 Y4.459 E8.97705
G1 X-3.919 Y5.23 E9.22049
G1 X-3.264 Y6.229 E9.50138
G1 X-2.315 Y6.205 E9.72459
G1 X-.981 Y6.322 E10.03946
G1 X0.201 Y6.63 E10.32666
G0 F675 X1.136 Y8.622
G0 X2.081 Y10.304
G1 F900 X2.312 Y9.957 E10.42468
G1 X2.756 Y9.439 E10.5851
G1 X3.408 Y8.899 E10.78416
G1 X4.272 Y8.386 E11.02042
G1 X4.682 Y8.202 E11.12609
G1 X5.517 Y7.967 E11.33005
G1 X6.106 Y7.901 E11.46941
G1 X7.395 Y7.951 E11.77273
G1 X7.888 Y8.046 E11.89078
G1 X7.739 Y7.14 E12.10667
G1 X7.736 Y6.334 E12.29619
G1 X7.826 Y5.747 E12.43582
G1 X8.044 Y5.04 E12.60978
G1 X8.385 Y4.273 E12.80715
G1 X8.772 Y3.646 E12.9804
G1 X9.344 Y3.007 E13.18205
G1 X9.892 Y2.577 E13.34584
G1 X10.638 Y2.095 E13.55467
G1 X11.109 Y1.872 E13.67721
G1 X10.578 Y1.358 E13.85097
G1 X10.192 Y0.893 E13.99307
G1 X9.828 Y0.299 E14.15688
G1 X9.512 Y-.498 E14.35847
G1 X9.294 Y-1.47 E14.5927
G1 X9.245 Y-1.941 E14.70404
G1 X9.257 Y-2.575 E14.85314
G1 X9.328 Y-3.063 E14.9691
G1 X9.514 Y-3.726 E15.13101
G1 X9.834 Y-4.552 E15.33929
G1 X10.085 Y-5.015 E15.46313
G1 X9.172 Y-5.159 E15.68045
G1 X8.765 Y-5.272 E15.77977
G1 X8.128 Y-5.537 E15.942
G1 X7.702 Y-5.783 E16.05766
G1 X7.295 Y-6.083 E16.17655
G1 X6.481 Y-6.84 E16.43792
G1 X5.996 Y-7.494 E16.62937
G1 X5.758 Y-7.94 E16.74824
G1 X5.509 Y-8.613 E16.91696
G1 X5.285 Y-9.459 E17.12274
G1 X5.214 Y-9.985 E17.24754
G1 X4.4 Y-9.57 E17.46238
G1 X3.624 Y-9.314 E17.65451
G1 X3.032 Y-9.219 E17.79549
G1 X2.603 Y-9.2 E17.89646
G1 X1.653 Y-9.274 E18.12051
G1 X1.183 Y-9.354 E18.23262
G1 X0.593 Y-9.531 E18.37745
G1 X0.21 Y-9.696 E18.47551
G1 X-.29 Y-9.98 E18.61072
G1 X-1.297 Y-10.768 E18.91137
G1 X-1.653 Y-11.146 E19.03346
G1 X-2.081 Y-10.304 E19.25555
G1 X-2.543 Y-9.667 E19.44058
G1 X-2.948 Y-9.258 E19.57592
G1 X-3.528 Y-8.82 E19.74681
G1 X-4.273 Y-8.386 E19.94954
G1 X-4.682 Y-8.202 E20.055
G1 X-5.292 Y-8.013 E20.20515
G1 X-5.785 Y-7.927 E20.32283
G1 X-6.493 Y-7.899 E20.48943
G1 X-7.395 Y-7.952 E20.70188
G1 X-7.888 Y-8.046 E20.81989
G1 X-7.739 Y-7.14 E21.03578
G1 X-7.719 Y-6.72 E21.13465
G1 X-7.775 Y-6.014 E21.30118
G1 X-7.992 Y-5.177 E21.50449
G1 X-8.523 Y-4.023 E21.80318
G1 X-8.874 Y-3.514 E21.94856
G1 X-9.153 Y-3.196 E22.04803
G1 X-9.585 Y-2.801 E22.18566
G1 X-10.638 Y-2.095 E22.48376
G1 X-11.109 Y-1.872 E22.60629
G1 X-10.579 Y-1.358 E22.77989
G1 X-10.192 Y-.893 E22.92214
G1 X-9.828 Y-.3 E23.08575
G1 X-9.627 Y0.154 E23.20249
G1 X-9.474 Y0.638 E23.32184
G1 X-9.285 Y1.536 E23.53762
G1 X-9.245 Y1.941 E23.63331
G1 X-9.257 Y2.575 E23.78241
G1 X-9.327 Y3.062 E23.8981
G1 X-9.514 Y3.726 E24.0603
G1 X-9.834 Y4.552 E24.26858
G1 X-10.085 Y5.015 E24.39242
G1 X-9.348 Y5.122 E24.56753
G1 X-8.765 Y5.272 E24.70907
G1 X-7.895 Y5.664 E24.93344
G1 X-7.542 Y5.893 E25.03238
G1 X-6.808 Y6.51 E25.25784
G1 X-6.481 Y6.84 E25.36708
G1 X-6.103 Y7.328 E25.51222
G1 X-5.881 Y7.695 E25.61307
G1 X-5.631 Y8.24 E25.75406
G1 X-5.284 Y9.459 E26.05207
G1 X-5.215 Y9.987 E26.17728
G1 X-4.4 Y9.57 E26.39254
G1 X-3.623 Y9.314 E26.5849
G1 X-3.031 Y9.219 E26.72587
G1 X-2.287 Y9.211 E26.90082
G1 X-1.409 Y9.309 E27.10855
G1 X-1.009 Y9.397 E27.20485
G1 X-.414 Y9.603 E27.3529
G1 X0.024 Y9.817 E27.46753
G1 X0.592 Y10.195 E27.62795
G1 X1.297 Y10.768 E27.84157
G1 X1.653 Y11.146 E27.96366
G1 X2.081 Y10.304 E28.18575
G0 F675 X1.102 Y8.606
G0 X-.624 Y13.094
;TYPE:WALL-OUTER
G1 F900 X-.138 Y13.753 E28.37828
G1 X0.503 Y14.839 E28.6748
G1 X1.277 Y16.211 E29.04519
G1 X1.787 Y16.999 E29.2659
G1 X2.289 Y17.639 E29.45715
G1 X2.768 Y18.111 E29.61527
G1 X3.196 Y18.371 E29.73302
G1 X3.39 Y18.031 E29.82507
G1 X3.634 Y17.206 E30.02736
G1 X3.811 Y16.118 E30.28654
G1 X4.034 Y13.826 E30.82801
G1 X4.251 Y12.671 E31.10434
G1 X4.621 Y11.904 E31.30457
G1 X4.878 Y11.559 E31.40573
G1 X5.096 Y11.379 E31.4722
G1 X5.857 Y10.967 E31.67568
G1 X6.246 Y10.897 E31.76861
G1 X7.015 Y10.927 E31.94957
G1 X7.979 Y11.212 E32.18593
G1 X10.57 Y12.368 E32.85305
G1 X11.431 Y12.695 E33.0696
G1 X12.232 Y12.927 E33.26568
G1 X12.882 Y13.023 E33.42018
G1 X13.384 Y12.985 E33.53855
G1 X13.343 Y12.587 E33.63263
G1 X13.058 Y11.793 E33.83099
G1 X12.557 Y10.797 E34.09314
G1 X11.333 Y8.698 E34.66446
G1 X10.867 Y7.646 E34.935
G1 X10.733 Y6.923 E35.1079
G1 X10.725 Y6.591 E35.18599
G1 X10.844 Y6.12 E35.30021
G1 X11.16 Y5.465 E35.47121
G1 X11.459 Y5.144 E35.57436
G1 X12.092 Y4.719 E35.75363
G1 X13.038 Y4.381 E35.98984
G1 X14.242 Y4.114 E36.27982
G1 X15.867 Y3.781 E36.66985
G1 X16.702 Y3.556 E36.87318
G1 X17.489 Y3.268 E37.07023
G1 X18.083 Y2.96 E37.22756
G1 X18.459 Y2.639 E37.34381
G1 X18.186 Y2.338 E37.43936
G1 X17.506 Y1.866 E37.63399
G1 X16.506 Y1.353 E37.89826
G1 X14.274 Y0.376 E38.47115
G1 X13.284 Y-.201 E38.74058
G1 X12.621 Y-.867 E38.96154
G1 X12.394 Y-1.331 E39.083
G1 X12.241 Y-2.097 E39.26667
G1 X12.293 Y-2.574 E39.37949
G1 X12.555 Y-3.288 E39.55832
G1 X13.125 Y-4.12 E39.79546
G1 X15.024 Y-6.224 E40.46188
G1 X15.604 Y-6.941 E40.67873
G1 X16.072 Y-7.637 E40.87593
G1 X16.369 Y-8.234 E41.03272
G1 X16.485 Y-8.714 E41.14883
G1 X16.095 Y-8.796 E41.24254
G1 X15.256 Y-8.777 E41.43986
G1 X14.133 Y-8.605 E41.707
G1 X11.768 Y-8.088 E42.27622
G1 X10.631 Y-7.971 E42.54497
G1 X9.836 Y-8.085 E42.73381
G1 X9.583 Y-8.166 E42.79628
G1 X9.248 Y-8.362 E42.88754
G1 X8.778 Y-8.776 E43.03481
G1 X8.558 Y-9.055 E43.11835
G1 X8.396 Y-9.428 E43.21397
G1 X8.203 Y-10.224 E43.40656
G1 X8.197 Y-11.054 E43.60172
G1 X8.496 Y-13.87 E44.26758
G1 X8.542 Y-14.802 E44.48699
G1 X8.512 Y-15.625 E44.68063
G1 X8.404 Y-16.277 E44.83602
G1 X8.213 Y-16.738 E44.95336
G1 X7.848 Y-16.575 E45.04735
G1 X7.184 Y-16.066 E45.24407
G1 X6.39 Y-15.279 E45.50694
G1 X4.858 Y-13.555 E46.04923
G1 X4.013 Y-12.75 E46.32364
G1 X3.261 Y-12.347 E46.52425
G1 X2.95 Y-12.238 E46.60174
G1 X2.503 Y-12.203 E46.70717
G1 X1.845 Y-12.28 E46.86294
G1 X1.52 Y-12.394 E46.94392
G1 X0.751 Y-12.96 E47.16844
G1 X0.138 Y-13.753 E47.40411
G1 X-.503 Y-14.839 E47.70063
G1 X-1.277 Y-16.211 E48.07102
G1 X-1.786 Y-16.999 E48.2916
G1 X-2.29 Y-17.638 E48.48296
G1 X-2.768 Y-18.111 E48.64108
G1 X-3.196 Y-18.371 E48.75883
G1 X-3.39 Y-18.031 E48.85087
G1 X-3.634 Y-17.205 E49.05338
G1 X-3.811 Y-16.122 E49.31141
G1 X-4.034 Y-13.826 E49.85381
G1 X-4.251 Y-12.671 E50.13014
G1 X-4.621 Y-11.904 E50.33038
G1 X-4.807 Y-11.635 E50.40728
G1 X-5.136 Y-11.353 E50.50916
G1 X-5.857 Y-10.967 E50.70146
G1 X-6.246 Y-10.897 E50.79439
G1 X-7.015 Y-10.928 E50.97536
G1 X-7.979 Y-11.212 E51.21166
G1 X-10.57 Y-12.368 E51.87877
G1 X-11.431 Y-12.695 E52.09533
G1 X-12.232 Y-12.926 E52.29134
G1 X-12.882 Y-13.022 E52.44584
G1 X-13.384 Y-12.985 E52.56419
G1 X-13.342 Y-12.587 E52.6583
G1 X-13.058 Y-11.791 E52.85702
G1 X-12.56 Y-10.801 E53.11759
G1 X-11.393 Y-8.812 E53.65982
G1 X-10.888 Y-7.761 E53.93399
G1 X-10.726 Y-6.86 E54.14925
G1 X-10.738 Y-6.484 E54.2377
G1 X-10.81 Y-6.205 E54.30545
G1 X-11.16 Y-5.465 E54.49793
G1 X-11.378 Y-5.213 E54.57628
G1 X-12.092 Y-4.719 E54.78043
G1 X-13.038 Y-4.382 E55.01655
G1 X-14.242 Y-4.114 E55.30658
G1 X-15.835 Y-3.79 E55.68882
G1 X-16.703 Y-3.556 E55.9002
G1 X-17.489 Y-3.268 E56.09703
G1 X-18.083 Y-2.96 E56.25435
G1 X-18.458 Y-2.639 E56.37042
G1 X-18.186 Y-2.338 E56.46581
G1 X-17.508 Y-1.867 E56.65992
G1 X-16.507 Y-1.357 E56.92408
G1 X-14.395 Y-.435 E57.46594
G1 X-13.365 Y0.123 E57.74138
G1 X-12.75 Y0.712 E57.94161
G1 X-12.5 Y1.065 E58.04331
G1 X-12.394 Y1.331 E58.11064
G1 X-12.241 Y2.097 E58.29431
G1 X-12.293 Y2.574 E58.40713
G1 X-12.555 Y3.288 E58.58596
G1 X-13.126 Y4.12 E58.82323
G1 X-15.016 Y6.212 E59.48615
G1 X-15.608 Y6.944 E59.70751
G1 X-16.073 Y7.635 E59.90335
G1 X-16.369 Y8.234 E60.06045
G1 X-16.484 Y8.713 E60.17628
G1 X-16.095 Y8.796 E60.2698
G1 X-15.256 Y8.778 E60.46712
G1 X-14.133 Y8.605 E60.73429
G1 X-11.768 Y8.088 E61.30351
G1 X-10.631 Y7.971 E61.57227
G1 X-9.894 Y8.072 E61.74718
G1 X-9.583 Y8.166 E61.82357
G1 X-9.292 Y8.329 E61.902
G1 X-8.655 Y8.914 E62.10536
G1 X-8.479 Y9.204 E62.18512
G1 X-8.228 Y10.041 E62.39058
G1 X-8.197 Y11.054 E62.62888
G1 X-8.496 Y13.854 E63.291
G1 X-8.542 Y14.802 E63.51416
G1 X-8.512 Y15.625 E63.70781
G1 X-8.404 Y16.277 E63.8632
G1 X-8.213 Y16.739 E63.98075
G1 X-7.848 Y16.575 E64.07484
G1 X-7.184 Y16.066 E64.27156
G1 X-6.386 Y15.276 E64.53559
G1 X-4.858 Y13.555 E65.07673
G1 X-4.016 Y12.751 E65.35047
G1 X-3.261 Y12.347 E65.55182
G1 X-2.949 Y12.238 E65.62953
G1 X-2.503 Y12.203 E65.73472
G1 X-1.845 Y12.28 E65.89049
G1 X-1.52 Y12.394 E65.97147
G1 X-.803 Y12.913 E66.17959
G1 X-.624 Y13.094 E66.23945
G0 F675 X-.138 Y13.753
G0 X0.208 Y14.339
G0 X1.596 Y13.528
G0 X-.761 Y3.49
;TYPE:SKIN
G1 F900 X-1.748 Y3.402 E66.47244
G1 X-2.164 Y2.889 E66.62774
G1 X-2.881 Y2.169 E66.86666
G1 X-3.423 Y1.71 E67.03367
G1 X-3.466 Y0.912 E67.22157
G1 X-3.588 Y0.155 E67.40186
G1 X-3.772 Y-.613 E67.58756
G1 X-3.463 Y-1.084 E67.72001
G1 X-3.065 Y-1.827 E67.9182
G1 X-2.697 Y-2.7 E68.14096
G1 X-1.618 Y-3.169 E68.4176
G1 X-.565 Y-3.776 E68.70338
G1 X-0.048 Y-3.635 E68.82939
G1 X0.748 Y-3.491 E69.01959
G1 X1.733 Y-3.403 E69.25212
G1 X2.514 Y-2.514 E69.53036
G1 X3.414 Y-1.706 E69.81475
G1 X3.514 Y-.559 E70.08547
G1 X3.764 Y0.623 E70.36954
G1 X3.193 Y1.573 E70.63016
G1 X2.679 Y2.703 E70.92205
G1 X2.466 Y2.785 E70.97572
G1 X1.418 Y3.278 E71.24804
G1 X0.585 Y3.781 E71.47685
G1 X0.206 Y3.671 E71.56964
G1 X-.761 Y3.49 E71.80096
G0 F675 X1.553 Y1.553
G1 F900 X-1.551 Y-1.551 E72.83312
;MESH:NONMESH
G0 F600 X-1.551 Y-1.551 Z1.5
G0 F675 X0.539 Y0.00
;TIME_ELAPSED:27.096476
;LAYER:1
M106 S255
;TYPE:WALL-INNER
;MESH:wavy.stl
G1 F937.9 X0.269 Y-.467 E73.19825
G1 X-.27 Y-.467 E73.56308
G1 X-.539 Y0.00 E73.92787
G1 X-.269 Y0.467 E74.29299
G1 X0.27 Y0.467 E74.65782
G1 X0.539 Y0.00 E75.02261
G0 F1237.5 X1.298 Y3.454
G1 F1350 X2.243 Y2.985 E75.51873
G1 X2.772 Y2.772 E75.78691
G1 X3.349 Y1.489 E76.44846
G1 X3.875 Y0.608 E76.93099
G1 X3.685 Y-.186 E77.31492
G1 X3.535 Y-1.214 E77.80347
G1 X3.496 Y-1.777 E78.06886
G1 X2.45 Y-2.726 E78.73304
G1 X1.778 Y-3.497 E79.214
G1 X0.384 Y-3.648 E79.87339
G1 X-.61 Y-3.875 E80.35286
G1 X-1.298 Y-3.453 E80.73242
G1 X-2.243 Y-2.985 E81.22833
G1 X-2.772 Y-2.772 E81.49651
G1 X-3.349 Y-1.489 E82.15806
G1 X-3.875 Y-.609 E82.64019
G1 X-3.647 Y0.389 E83.1216
G1 X-3.497 Y1.777 E83.77813
G1 X-2.884 Y2.301 E84.15737
G1 X-2.307 Y2.877 E84.54077
G1 X-1.777 Y3.497 E84.92435
G1 X-.964 Y3.562 E85.30789
G1 X0.058 Y3.737 E85.7955
G1 X0.609 Y3.875 E86.06261
G1 X1.298 Y3.454 E86.44233
G0 F1237.5 X-.191 Y6.766
G1 F1350 X0.643 Y7.053 E86.8571
G1 X1.131 Y7.279 E87.11
G1 X2.058 Y6.519 E87.67372
G1 X2.615 Y6.156 E87.98637
G1 X3.144 Y5.872 E88.26872
G1 X3.823 Y5.582 E88.61594
G1 X4.67 Y5.325 E89.03218
G1 X5.195 Y5.221 E89.28387
G1 X5.412 Y4.34 E89.71055
G1 X5.737 Y3.438 E90.16142
G1 X5.996 Y2.9 E90.44222
G1 X6.361 Y2.288 E90.77732
G1 X6.864 Y1.613 E91.17319
G1 X7.272 Y1.17 E91.45641
G1 X6.827 Y0.015 E92.03848
G1 X6.58 Y-1.042 E92.54894
G1 X6.493 Y-1.914 E92.96105
G1 X6.511 Y-2.802 E93.37873
G1 X6.573 Y-3.326 E93.62687
G1 X5.808 Y-3.8 E94.05008
G1 X5.048 Y-4.389 E94.50225
G1 X4.508 Y-4.916 E94.85708
G1 X3.989 Y-5.541 E95.23912
G1 X3.36 Y-6.555 E95.80026
G1 X2.416 Y-6.49 E96.24524
G1 X1.488 Y-6.523 E96.68192
G1 X0.907 Y-6.602 E96.95766
G1 X0.19 Y-6.766 E97.30354
G1 X-.643 Y-7.053 E97.71787
G1 X-1.131 Y-7.279 E97.97078
G1 X-1.825 Y-6.693 E98.39792
G1 X-2.266 Y-6.376 E98.65333
G1 X-2.897 Y-5.998 E98.99924
G1 X-3.823 Y-5.582 E99.47662
G1 X-4.67 Y-5.325 E99.89287
G1 X-5.194 Y-5.22 E100.14419
G1 X-5.582 Y-3.823 E100.82601
G1 X-5.872 Y-3.145 E101.17279
G1 X-6.15 Y-2.626 E101.44967
G1 X-6.663 Y-1.865 E101.88126
G1 X-7.272 Y-1.17 E102.31582
G1 X-6.915 Y-.28 E102.76677
G1 X-6.705 Y0.421 E103.1109
G1 X-6.58 Y1.042 E103.40879
G1 X-6.494 Y1.913 E103.82038
G1 X-6.51 Y2.802 E104.23851
G1 X-6.573 Y3.326 E104.4867
G1 X-5.808 Y3.8 E104.90992
G1 X-5.195 Y4.262 E105.27089
G1 X-4.809 Y4.609 E105.51498
G1 X-4.138 Y5.348 E105.98439
G1 X-3.647 Y6.044 E106.38494
G1 X-3.36 Y6.555 E106.66055
G1 X-2.416 Y6.49 E107.10553
G1 X-1.174 Y6.56 E107.69053
G1 X-.191 Y6.766 E108.16284
G0 F1237.5 X1.281 Y9
G0 X2.163 Y10.692
G1 F1350 X2.503 Y10.179 E108.45226
G1 X2.958 Y9.67 E108.77332
G1 X3.806 Y8.958 E109.29403
G1 X4.54 Y8.53 E109.69359
G1 X5.373 Y8.241 E110.10823
G1 X5.906 Y8.146 E110.36283
G1 X7.027 Y8.097 E110.8905
G1 X7.711 Y8.164 E111.2137
G1 X8.234 Y8.291 E111.4668
G1 X8.039 Y7.409 E111.89159
G1 X8.008 Y6.803 E112.17694
G1 X8.075 Y6.098 E112.50997
G1 X8.293 Y5.175 E112.95596
G1 X8.644 Y4.311 E113.39452
G1 X9.044 Y3.69 E113.74189
G1 X9.544 Y3.138 E114.09214
G1 X10.432 Y2.425 E114.62768
G1 X11.021 Y2.079 E114.94893
G1 X11.53 Y1.866 E115.2084
G1 X10.848 Y1.259 E115.63775
G1 X10.47 Y0.788 E115.92176
G1 X10.103 Y0.162 E116.263
G1 X9.744 Y-.719 E116.71038
G1 X9.618 Y-1.139 E116.91659
G1 X9.519 Y-1.683 E117.17662
G1 X9.501 Y-2.568 E117.59289
G1 X9.575 Y-3.097 E117.84408
G1 X9.867 Y-4.164 E118.3643
G1 X10.137 Y-4.787 E118.68361
G1 X10.43 Y-5.269 E118.94887
G1 X9.508 Y-5.362 E119.38465
G1 X8.93 Y-5.52 E119.66643
G1 X8.294 Y-5.797 E119.99266
G1 X7.49 Y-6.285 E120.43495
G1 X6.771 Y-6.889 E120.87654
G1 X6.3 Y-7.467 E121.22717
G1 X5.931 Y-8.115 E121.57784
G1 X5.62 Y-8.912 E121.98017
G1 X5.449 Y-9.488 E122.26272
G1 X5.34 Y-10.392 E122.69092
G1 X4.554 Y-9.931 E123.11944
G1 X3.991 Y-9.717 E123.40267
G1 X3.283 Y-9.561 E123.74361
G1 X2.336 Y-9.489 E124.19023
G1 X1.679 Y-9.519 E124.49952
G1 X1.241 Y-9.594 E124.70849
G1 X0.501 Y-9.827 E125.07333
G1 X0.026 Y-10.056 E125.32131
G1 X-.899 Y-10.659 E125.84057
G1 X-1.424 Y-11.119 E126.16882
G1 X-1.788 Y-11.544 E126.43197
G1 X-2.163 Y-10.692 E126.86972
G1 X-2.503 Y-10.179 E127.15914
G1 X-2.958 Y-9.67 E127.4802
G1 X-3.666 Y-9.062 E127.91907
G1 X-4.309 Y-8.645 E128.27947
G1 X-4.865 Y-8.395 E128.56615
G1 X-5.626 Y-8.187 E128.93715
G1 X-6.246 Y-8.119 E129.23046
G1 X-7.028 Y-8.096 E129.59837
G1 X-7.712 Y-8.165 E129.92166
G1 X-8.233 Y-8.29 E130.17362
G1 X-8.039 Y-7.41 E130.59739
G1 X-8.008 Y-6.803 E130.88321
G1 X-8.075 Y-6.098 E131.21624
G1 X-8.293 Y-5.176 E131.66178
G1 X-8.644 Y-4.311 E132.10077
G1 X-9.044 Y-3.69 E132.44815
G1 X-9.334 Y-3.348 E132.65901
G1 X-9.818 Y-2.903 E132.9682
G1 X-10.433 Y-2.426 E133.33421
G1 X-11.021 Y-2.079 E133.65528
G1 X-11.532 Y-1.867 E133.91545
G1 X-10.848 Y-1.259 E134.34582
G1 X-10.47 Y-.788 E134.62982
G1 X-10.104 Y-.162 E134.97083
G1 X-9.744 Y0.718 E135.41795
G1 X-9.556 Y1.433 E135.76562
G1 X-9.498 Y1.902 E135.98785
G1 X-9.501 Y2.568 E136.30105
G1 X-9.575 Y3.097 E136.55224
G1 X-9.783 Y3.895 E136.94005
G1 X-10.136 Y4.786 E137.39074
G1 X-10.429 Y5.268 E137.656
G1 X-9.508 Y5.361 E138.09132
G1 X-8.93 Y5.52 E138.37323
G1 X-8.294 Y5.796 E138.69926
G1 X-7.489 Y6.285 E139.1422
G1 X-6.89 Y6.77 E139.50465
G1 X-6.3 Y7.467 E139.93408
G1 X-5.931 Y8.114 E140.28435
G1 X-5.62 Y8.912 E140.68711
G1 X-5.448 Y9.488 E140.9698
G1 X-5.342 Y10.395 E141.39924
G1 X-4.553 Y9.931 E141.82968
G1 X-3.991 Y9.717 E142.11248
G1 X-3.283 Y9.561 E142.45341
G1 X-2.336 Y9.489 E142.90004
G1 X-1.891 Y9.499 E143.10936
G1 X-1.241 Y9.594 E143.41828
G1 X-.501 Y9.827 E143.78312
G1 X-0.026 Y10.056 E144.0311
G1 X0.899 Y10.659 E144.55036
G1 X1.424 Y11.119 E144.87861
G1 X1.787 Y11.542 E145.14073
G1 X2.163 Y10.692 E145.57782
G0 F1237.5 X1.268 Y8.984
G0 X2.879 Y12.639
G0 X4.391 Y13.172
;TYPE:WALL-OUTER
G1 F1650 X4.771 Y12.174 E146.08001
G1 X4.962 Y11.91 E146.23325
G1 X5.507 Y11.431 E146.57446
G1 X5.954 Y11.192 E146.81283
G1 X6.254 Y11.126 E146.95728
G1 X7.187 Y11.118 E147.39606
G1 X8.08 Y11.378 E147.83344
G1 X10.741 Y12.589 E149.2083
G1 X11.636 Y12.949 E149.66196
G1 X12.508 Y13.22 E150.09138
G1 X13.229 Y13.348 E150.43574
G1 X13.761 Y13.354 E150.68594
G1 X13.923 Y13.312 E150.76464
G1 X13.907 Y13.007 E150.90827
G1 X13.662 Y12.238 E151.28781
G1 X13.167 Y11.241 E151.81127
G1 X12.513 Y10.152 E152.40864
G1 X11.837 Y9.068 E153.00941
G1 X11.348 Y8.164 E153.49274
G1 X11.037 Y7.174 E153.98073
G1 X11.03 Y6.616 E154.24316
G1 X11.192 Y5.954 E154.56366
G1 X11.392 Y5.56 E154.77145
G1 X11.592 Y5.331 E154.91443
G1 X12.146 Y4.888 E155.248
G1 X12.467 Y4.718 E155.41882
G1 X13.22 Y4.455 E155.79391
G1 X16.092 Y3.873 E157.17196
G1 X17.044 Y3.633 E157.63366
G1 X17.879 Y3.346 E158.04887
G1 X18.543 Y3.025 E158.3957
G1 X18.983 Y2.709 E158.65045
G1 X19.09 Y2.581 E158.72891
G1 X18.903 Y2.352 E158.86794
G1 X18.252 Y1.876 E159.24719
G1 X17.251 Y1.358 E159.77722
G1 X16.085 Y0.86 E160.37346
G1 X14.911 Y0.381 E160.96974
G1 X13.978 Y-0.062 E161.45544
G1 X13.141 Y-.686 E161.9464
G1 X12.807 Y-1.138 E162.21069
G1 X12.555 Y-1.769 E162.53022
G1 X12.494 Y-2.072 E162.67557
G1 X12.501 Y-2.419 E162.83878
G1 X12.702 Y-3.183 E163.21029
G1 X12.792 Y-3.391 E163.31687
G1 X13.32 Y-4.173 E163.76059
G1 X15.31 Y-6.34 E165.14416
G1 X15.913 Y-7.066 E165.58798
G1 X16.437 Y-7.807 E166.01477
G1 X16.784 Y-8.455 E166.36044
G1 X16.954 Y-8.966 E166.61369
G1 X16.964 Y-9.13 E166.69096
G1 X16.674 Y-9.207 E166.83206
G1 X15.869 Y-9.21 E167.21063
G1 X14.772 Y-9.048 E167.7321
G1 X13.514 Y-8.758 E168.33921
G1 X12.367 Y-8.472 E168.89512
G1 X11.279 Y-8.267 E169.41577
G1 X10.224 Y-8.283 E169.91195
G1 X9.799 Y-8.398 E170.119
G1 X9.171 Y-8.769 E170.46201
G1 X8.888 Y-9.017 E170.63897
G1 X8.651 Y-9.379 E170.84244
G1 X8.376 Y-10.146 E171.22562
G1 X8.321 Y-11.206 E171.72477
G1 X8.657 Y-14.127 E173.10747
G1 X8.723 Y-15.08 E173.5567
G1 X8.709 Y-15.962 E173.97153
G1 X8.607 Y-16.708 E174.32561
G1 X8.445 Y-17.218 E174.57725
G1 X8.356 Y-17.359 E174.65566
G1 X8.076 Y-17.248 E174.7973
G1 X7.418 Y-16.778 E175.17757
G1 X6.637 Y-16.007 E175.69366
G1 X5.777 Y-15.023 E176.30822
G1 X4.964 Y-14.062 E176.90018
G1 X4.19 Y-13.239 E177.43147
G1 X3.3 Y-12.657 E177.93155
G1 X2.876 Y-12.533 E178.1393
G1 X2.256 Y-12.488 E178.43163
G1 X1.954 Y-12.51 E178.57402
G1 X1.707 Y-12.576 E178.69425
G1 X1.395 Y-12.732 E178.85829
G1 X0.725 Y-13.213 E179.24616
G1 X0.149 Y-13.956 E179.68826
G1 X-1.298 Y-16.516 E181.07114
G1 X-1.805 Y-17.325 E181.52012
G1 X-2.341 Y-18.039 E181.93997
G1 X-2.858 Y-18.576 E182.29052
G1 X-3.282 Y-18.889 E182.53836
G1 X-3.441 Y-18.952 E182.61878
G1 X-3.603 Y-18.704 E182.75809
G1 X-3.855 Y-17.934 E183.13909
G1 X-4.043 Y-16.84 E183.6611
G1 X-4.153 Y-15.559 E184.26572
G1 X-4.247 Y-14.305 E184.85709
G1 X-4.377 Y-13.278 E185.3439
G1 X-4.771 Y-12.174 E185.89515
G1 X-4.962 Y-11.91 E186.04838
G1 X-5.507 Y-11.431 E186.3896
G1 X-5.721 Y-11.292 E186.5096
G1 X-6.16 Y-11.139 E186.72822
G1 X-6.959 Y-11.096 E187.10451
G1 X-7.187 Y-11.119 E187.21227
G1 X-8.081 Y-11.378 E187.64997
G1 X-10.739 Y-12.592 E189.02414
G1 X-11.633 Y-12.948 E189.47666
G1 X-12.508 Y-13.22 E189.90757
G1 X-13.229 Y-13.348 E190.25193
G1 X-13.76 Y-13.353 E190.50165
G1 X-13.922 Y-13.311 E190.58035
G1 X-13.906 Y-13.007 E190.72351
G1 X-13.662 Y-12.239 E191.10246
G1 X-13.167 Y-11.245 E191.62466
G1 X-12.512 Y-10.15 E192.22469
G1 X-11.837 Y-9.068 E192.82441
G1 X-11.349 Y-8.166 E193.30669
G1 X-11.038 Y-7.174 E193.79558
G1 X-11.03 Y-6.616 E194.05801
G1 X-11.192 Y-5.954 E194.37852
G1 X-11.392 Y-5.56 E194.5863
G1 X-11.592 Y-5.331 E194.72928
G1 X-12.343 Y-4.773 E195.16927
G1 X-13.22 Y-4.455 E195.60796
G1 X-16.092 Y-3.873 E196.98601
G1 X-17.044 Y-3.633 E197.44771
G1 X-17.88 Y-3.346 E197.86337
G1 X-18.543 Y-3.026 E198.20958
G1 X-18.983 Y-2.71 E198.46433
G1 X-19.089 Y-2.581 E198.54284
G1 X-18.904 Y-2.351 E198.68165
G1 X-18.252 Y-1.876 E199.061
G1 X-17.251 Y-1.358 E199.59103
G1 X-16.085 Y-.86 E200.18728
G1 X-14.911 Y-.381 E200.78355
G1 X-13.978 Y0.061 E201.26905
G1 X-13.141 Y0.686 E201.76029
G1 X-12.864 Y1.031 E201.96835
G1 X-12.555 Y1.769 E202.3446
G1 X-12.494 Y2.072 E202.48995
G1 X-12.501 Y2.419 E202.65317
G1 X-12.702 Y3.183 E203.02467
G1 X-12.792 Y3.39 E203.13082
G1 X-13.32 Y4.172 E203.57454
G1 X-15.31 Y6.34 E204.95846
G1 X-15.913 Y7.066 E205.40227
G1 X-16.438 Y7.807 E205.82934
G1 X-16.784 Y8.455 E206.17479
G1 X-16.954 Y8.966 E206.42804
G1 X-16.964 Y9.13 E206.50531
G1 X-16.674 Y9.208 E206.64653
G1 X-15.869 Y9.212 E207.0251
G1 X-14.772 Y9.048 E207.54671
G1 X-13.514 Y8.758 E208.15382
G1 X-12.281 Y8.453 E208.75113
G1 X-11.279 Y8.267 E209.23038
G1 X-10.223 Y8.282 E209.72703
G1 X-9.912 Y8.354 E209.87715
G1 X-9.171 Y8.769 E210.27655
G1 X-8.888 Y9.017 E210.4535
G1 X-8.651 Y9.379 E210.65698
G1 X-8.376 Y10.146 E211.04015
G1 X-8.32 Y11.206 E211.53933
G1 X-8.658 Y14.127 E212.92213
G1 X-8.722 Y15.077 E213.3699
G1 X-8.709 Y15.962 E213.78612
G1 X-8.607 Y16.708 E214.14021
G1 X-8.445 Y17.218 E214.39185
G1 X-8.356 Y17.358 E214.46986
G1 X-8.075 Y17.249 E214.6116
G1 X-7.418 Y16.778 E214.99176
G1 X-6.633 Y16.003 E215.51051
G1 X-5.777 Y15.024 E216.12206
G1 X-4.964 Y14.062 E216.71438
G1 X-4.19 Y13.239 E217.24567
G1 X-3.299 Y12.657 E217.74614
G1 X-2.876 Y12.533 E217.95344
G1 X-2.256 Y12.488 E218.24577
G1 X-1.811 Y12.543 E218.45663
G1 X-1.565 Y12.636 E218.5803
G1 X-.9 Y13.059 E218.95093
G1 X-.725 Y13.213 E219.06056
G1 X-.148 Y13.956 E219.50295
G1 X1.29 Y16.504 E220.87884
G1 X1.806 Y17.324 E221.33445
G1 X2.342 Y18.038 E221.7543
G1 X2.858 Y18.576 E222.10486
G1 X3.282 Y18.889 E222.35269
G1 X3.441 Y18.952 E222.43312
G1 X3.603 Y18.704 E222.57242
G1 X3.855 Y17.934 E222.95343
G1 X4.042 Y16.84 E223.47536
G1 X4.153 Y15.559 E224.08002
G1 X4.239 Y14.381 E224.63547
G1 X4.391 Y13.172 E225.20849
G0 F1237.5 X4.771 Y12.174
G0 X4.962 Y11.91
G0 X5.041 Y11.841
;MESH:NONMESH
G0 F600 X5.041 Y11.841 Z2.5
G0 F1237.5 X2.057 Y8.316
G0 X11.478 Y-4.339
G0 X13.074 Y-3.241
;TIME_ELAPSED:42.459430
;LAYER:2
;TYPE:WALL-OUTER
;MESH:wavy.stl
G1 F2400 X12.95 Y-1.897 E225.84321
G1 X13.722 Y-.764 E226.48795
G1 X14.738 Y-.128 E227.05163
G1 X15.846 Y0.351 E227.61929
G1 X17.048 Y0.83 E228.22777
G1 X18.196 Y1.34 E228.81851
G1 X19.133 Y1.87 E229.32476
G1 X19.67 Y2.316 E229.65303
G1 X19.784 Y2.493 E229.75203
G1 X19.537 Y2.755 E229.92136
G1 X19.016 Y3.097 E230.21444
G1 X18.28 Y3.434 E230.59511
G1 X17.382 Y3.732 E231.04006
G1 X16.404 Y3.978 E231.5143
G1 X14.423 Y4.382 E232.46507
G1 X13.476 Y4.624 E232.92472
G1 X12.483 Y5.064 E233.43548
G1 X11.591 Y6.076 E234.06987
G1 X11.549 Y7.448 E234.71537
G1 X11.999 Y8.561 E235.27994
G1 X12.613 Y9.599 E235.84708
G1 X13.308 Y10.701 E236.45976
G1 X13.936 Y11.785 E237.0489
G1 X14.38 Y12.758 E237.55185
G1 X14.552 Y13.433 E237.87942
G1 X14.54 Y13.645 E237.97928
G1 X14.189 Y13.712 E238.14732
G1 X13.564 Y13.682 E238.44157
G1 X12.77 Y13.522 E238.82247
G1 X11.873 Y13.237 E239.26508
G1 X10.921 Y12.855 E239.74746
G1 X9.094 Y12.023 E240.69153
G1 X8.186 Y11.662 E241.15104
G1 X7.123 Y11.433 E241.6624
G1 X5.807 Y11.729 E242.29673
G1 X4.966 Y12.814 E242.94229
G1 X4.676 Y13.978 E243.50641
G1 X4.563 Y15.179 E244.07369
G1 X4.477 Y16.472 E244.68309
G1 X4.349 Y17.723 E245.27446
G1 X4.135 Y18.772 E245.77793
G1 X3.877 Y19.423 E246.10723
G1 X3.743 Y19.586 E246.20646
G1 X3.422 Y19.433 E246.37369
G1 X2.928 Y19.038 E246.67113
G1 X2.38 Y18.441 E247.05223
G1 X1.828 Y17.693 E247.4894
G1 X1.288 Y16.834 E247.96654
G1 X0.289 Y15.071 E248.91947
G1 X-.232 Y14.246 E249.37832
G1 X-.958 Y13.436 E249.88985
G1 X-2.197 Y12.903 E250.52413
G1 X-3.515 Y13.285 E251.16945
G1 X-4.434 Y14.057 E251.73387
G1 X-5.233 Y14.963 E252.30194
G1 X-6.056 Y15.954 E252.90773
G1 X-6.9 Y16.895 E253.50217
G1 X-7.686 Y17.615 E254.00343
G1 X-8.284 Y17.993 E254.33612
G1 X-8.484 Y18.046 E254.43342
G1 X-8.655 Y17.731 E254.60197
G1 X-8.821 Y17.125 E254.89745
G1 X-8.915 Y16.32 E255.27859
G1 X-8.921 Y15.386 E255.71782
G1 X-8.851 Y14.358 E256.20237
G1 X-8.624 Y12.363 E257.1466
G1 X-8.562 Y11.39 E257.6051
G1 X-8.672 Y10.306 E258.11748
G1 X-9.362 Y9.151 E258.75018
G1 X-10.649 Y8.681 E259.3945
G1 X-11.85 Y8.767 E259.96074
G1 X-13.027 Y9.029 E260.52778
G1 X-14.256 Y9.343 E261.1243
G1 X-15.522 Y9.614 E261.73314
G1 X-16.571 Y9.734 E262.22967
G1 X-17.276 Y9.689 E262.56188
G1 X-17.471 Y9.613 E262.6603
G1 X-17.425 Y9.258 E262.82864
G1 X-17.201 Y8.668 E263.12542
G1 X-16.807 Y7.966 E263.50399
G1 X-16.259 Y7.203 E263.94575
G1 X-15.607 Y6.421 E264.42455
G1 X-14.244 Y4.934 E265.37315
G1 X-13.621 Y4.183 E265.83202
G1 X-13.074 Y3.241 E266.34428
G1 X-12.95 Y1.897 E266.979
G1 X-13.722 Y0.764 E267.62373
G1 X-14.738 Y0.128 E268.18741
G1 X-15.846 Y-.351 E268.75507
G1 X-17.048 Y-.83 E269.36356
G1 X-18.196 Y-1.34 E269.9543
G1 X-19.133 Y-1.87 E270.46054
G1 X-19.67 Y-2.316 E270.78881
G1 X-19.784 Y-2.493 E270.88782
G1 X-19.537 Y-2.755 E271.05715
G1 X-19.016 Y-3.097 E271.35023
G1 X-18.28 Y-3.434 E271.7309
G1 X-17.382 Y-3.732 E272.17584
G1 X-16.404 Y-3.978 E272.65008
G1 X-14.423 Y-4.382 E273.60085
G1 X-13.476 Y-4.624 E274.0605
G1 X-12.483 Y-5.064 E274.57126
G1 X-11.591 Y-6.076 E275.20565
G1 X-11.549 Y-7.448 E275.85116
G1 X-11.999 Y-8.561 E276.41572
G1 X-12.613 Y-9.599 E276.98286
G1 X-13.308 Y-10.701 E277.59555
G1 X-13.936 Y-11.785 E278.18468
G1 X-14.38 Y-12.758 E278.68763
G1 X-14.552 Y-13.433 E279.01521
G1 X-14.54 Y-13.645 E279.11506
G1 X-14.189 Y-13.712 E279.2831
G1 X-13.564 Y-13.682 E279.57736
G1 X-12.77 Y-13.522 E279.95825
G1 X-11.873 Y-13.237 E280.40086
G1 X-10.921 Y-12.855 E280.88325
G1 X-9.094 Y-12.023 E281.82731
G1 X-8.186 Y-11.662 E282.28682
G1 X-7.123 Y-11.433 E282.79818
G1 X-5.807 Y-11.729 E283.43251
G1 X-4.966 Y-12.814 E284.07808
G1 X-4.676 Y-13.978 E284.6422
G1 X-4.563 Y-15.179 E285.20948
G1 X-4.477 Y-16.472 E285.81887
G1 X-4.349 Y-17.723 E286.41024
G1 X-4.135 Y-18.772 E286.91371
G1 X-3.877 Y-19.423 E287.24302
G1 X-3.743 Y-19.586 E287.34225
G1 X-3.422 Y-19.433 E287.50947
G1 X-2.928 Y-19.038 E287.80692
G1 X-2.38 Y-18.441 E288.18801
G1 X-1.828 Y-17.693 E288.62518
G1 X-1.295 Y-16.845 E289.09619
G1 X-.289 Y-15.071 E290.05525
G1 X0.232 Y-14.246 E290.5141
G1 X0.958 Y-13.436 E291.02562
G1 X2.197 Y-12.903 E291.65991
G1 X3.515 Y-13.285 E292.30522
G1 X4.434 Y-14.057 E292.86965
G1 X5.233 Y-14.963 E293.43772
G1 X6.056 Y-15.954 E294.04351
G1 X6.9 Y-16.895 E294.63794
G1 X7.686 Y-17.615 E295.13921
G1 X8.284 Y-17.993 E295.4719
G1 X8.484 Y-18.046 E295.5692
G1 X8.655 Y-17.731 E295.73775
G1 X8.821 Y-17.125 E296.03323
G1 X8.915 Y-16.32 E296.41436
G1 X8.921 Y-15.386 E296.8536
G1 X8.851 Y-14.358 E297.33815
G1 X8.624 Y-12.363 E298.28238
G1 X8.562 Y-11.39 E298.74087
G1 X8.672 Y-10.306 E299.25326
G1 X9.362 Y-9.151 E299.88595
G1 X10.649 Y-8.681 E300.53028
G1 X11.85 Y-8.767 E301.09651
G1 X13.027 Y-9.029 E301.66356
G1 X14.256 Y-9.343 E302.26008
G1 X15.522 Y-9.614 E302.86892
G1 X16.571 Y-9.734 E303.36545
G1 X17.276 Y-9.689 E303.69766
G1 X17.471 Y-9.613 E303.79608
G1 X17.425 Y-9.258 E303.96442
G1 X17.201 Y-8.668 E304.26119
G1 X16.807 Y-7.966 E304.63976
G1 X16.259 Y-7.203 E305.08153
G1 X15.607 Y-6.421 E305.56033
G1 X14.244 Y-4.934 E306.50892
G1 X13.621 Y-4.183 E306.96779
G1 X13.074 Y-3.241 E307.48005
G0 F1800 X12.741 Y-3.336
G1 F2400 X12.565 Y-1.741 Z2.509 E308.23469
G1 X13.472 Y-.437 Z2.519 E308.98168
G1 X14.578 Y0.209 Z2.526 E309.58402
G1 X15.708 Y0.69 Z2.533 E310.16157
G1 X16.896 Y1.185 Z2.541 E310.76681
G1 X17.997 Y1.719 Z2.548 E311.34226
G1 X18.84 Y2.272 Z2.554 E311.81639
G1 X19.123 Y2.569 Z2.556 E312.00931
G1 X19.13 Y2.579 E312.01505
G1 X19.117 Y2.594 E312.02439
G1 X18.836 Y2.845 Z2.558 E312.20158
G1 X18.179 Y3.223 Z2.563 E312.55803
G1 X17.322 Y3.555 Z2.568 E312.99024
G1 X16.364 Y3.821 Z2.574 E313.45781
G1 X14.393 Y4.231 Z2.586 E314.40455
G1 X13.437 Y4.428 Z2.591 E314.86358
G1 X12.384 Y4.784 Z2.598 E315.38631
G1 X11.229 Y5.987 Z2.608 E316.17059
G1 X11.195 Y7.552 Z2.617 E316.90674
G1 X11.704 Y8.722 Z2.624 E317.50677
G1 X12.334 Y9.772 Z2.631 E318.08261
G1 X13.011 Y10.878 Z2.639 E318.69244
G1 X13.592 Y11.955 Z2.646 E319.26792
G1 X13.956 Y12.894 Z2.652 E319.74152
G1 X14.023 Y13.331 Z2.654 E319.94943
G1 X14.022 Y13.364 E319.96496
G1 X13.967 Y13.375 Z2.655 E319.99134
G1 X13.566 Y13.407 Z2.657 E320.18052
G1 X12.808 Y13.318 Z2.662 E320.53943
G1 X11.923 Y13.078 Z2.667 E320.97066
G1 X10.975 Y12.721 Z2.673 E321.44704
G1 X9.152 Y11.899 Z2.684 E322.38746
G1 X8.26 Y11.502 Z2.69 E322.84662
G1 X7.198 Y11.181 Z2.697 E323.36836
G1 X5.593 Y11.476 Z2.706 E324.13579
G1 X4.658 Y12.705 Z2.715 E324.862
G1 X4.381 Y13.939 Z2.722 E325.45676
G1 X4.273 Y15.158 Z2.73 E326.03227
G1 X4.174 Y16.445 Z2.737 E326.63929
G1 X4.015 Y17.666 Z2.744 E327.21834
G1 X3.762 Y18.649 Z2.75 E327.69569
G1 X3.553 Y19.074 Z2.753 E327.91841
G1 X3.52 Y19.116 E327.94353
G1 X3.438 Y19.078 Z2.754 E327.98604
G1 X3.072 Y18.843 Z2.756 E328.19058
G1 X2.513 Y18.315 Z2.761 E328.55219
G1 X1.946 Y17.605 Z2.766 E328.97949
G1 X1.397 Y16.766 Z2.772 E329.45101
G1 X0.394 Y15.013 Z2.784 E330.4008
G1 X-0.098 Y14.171 Z2.789 E330.85941
G1 X-.777 Y13.297 Z2.796 E331.37989
G1 X-2.218 Y12.613 Z2.805 E332.13002
G1 X-3.676 Y13.05 Z2.814 E332.84581
G1 X-4.622 Y13.878 Z2.821 E333.43702
G1 X-5.427 Y14.8 Z2.828 E334.01262
G1 X-6.256 Y15.778 Z2.836 E334.61555
G1 X-7.106 Y16.685 Z2.843 E335.20012
G1 X-7.885 Y17.339 Z2.849 E335.67845
G1 X-8.331 Y17.583 Z2.852 E335.91752
G1 X-8.402 Y17.603 E335.95221
G1 X-8.464 Y17.491 Z2.853 E336.01241
G1 X-8.621 Y17.062 Z2.856 E336.22725
G1 X-8.758 Y16.299 Z2.86 E336.5918
G1 X-8.794 Y15.384 Z2.865 E337.02243
G1 X-8.742 Y14.365 Z2.871 E337.50226
G1 X-8.523 Y12.375 Z2.883 E338.44376
G1 X-8.431 Y11.406 Z2.889 E338.9015
G1 X-8.475 Y10.301 Z2.895 E339.42156
G1 X-9.23 Y8.938 Z2.904 E340.15431
G1 X-10.643 Y8.438 Z2.913 E340.85918
G1 X-11.89 Y8.549 Z2.92 E341.44793
G1 X-13.078 Y8.82 Z2.927 E342.02096
G1 X-14.306 Y9.122 Z2.935 E342.61566
G1 X-15.559 Y9.367 Z2.942 E343.21607
G1 X-16.57 Y9.447 Z2.948 E343.693
G1 X-17.106 Y9.385 Z2.951 E343.94675
G1 X-17.195 Y9.351 Z2.952 E343.99156
G1 X-17.175 Y9.19 Z2.953 E344.06785
G1 X-17.034 Y8.724 Z2.955 E344.29681
G1 X-16.689 Y8.03 Z2.96 E344.66128
G1 X-16.172 Y7.264 Z2.965 E345.09588
G1 X-15.536 Y6.48 Z2.971 E345.57063
G1 X-14.181 Y4.992 Z2.983 E346.51706
G1 X-13.54 Y4.258 Z2.989 E346.97534
G1 X-12.939 Y3.334 Z2.995 E347.4937
G1 X-12.759 Y1.82 Z3.004 E348.2107
G1 X-13.599 Y0.603 Z3.012 E348.90611
G1 X-14.66 Y-0.037 Z3.02 E349.48882
G1 X-15.779 Y-.515 Z3.027 E350.06106
G1 X-16.975 Y-1 Z3.034 E350.66799
G1 X-18.101 Y-1.521 Z3.041 E351.25145
G1 X-18.994 Y-2.06 Z3.048 E351.74197
G1 X-19.412 Y-2.435 Z3.051 E352.00606
G1 X-19.476 Y-2.533 E352.0611
G1 X-19.34 Y-2.679 Z3.053 E352.15494
G1 X-18.932 Y-2.979 Z3.056 E352.39309
G1 X-18.233 Y-3.336 Z3.06 E352.7622
G1 X-17.354 Y-3.65 Z3.066 E353.20116
G1 X-16.386 Y-3.906 Z3.071 E353.67203
G1 X-14.409 Y-4.314 Z3.083 E354.62135
G1 X-13.459 Y-4.536 Z3.089 E355.08014
G1 X-12.439 Y-4.94 Z3.095 E355.59607
G1 X-11.432 Y-6.037 Z3.104 E356.29636
G1 X-11.395 Y-7.493 Z3.112 E356.9813
G1 X-11.872 Y-8.63 Z3.12 E357.56115
G1 X-12.494 Y-9.673 Z3.127 E358.13224
G1 X-13.183 Y-10.775 Z3.134 E358.74343
G1 X-13.793 Y-11.856 Z3.141 E359.32715
G1 X-14.205 Y-12.814 Z3.147 E359.81757
G1 X-14.336 Y-13.391 Z3.151 E360.09582
G1 X-14.328 Y-13.53 Z3.152 E360.1613
G1 X-14.099 Y-13.575 Z3.153 E360.27105
G1 X-13.565 Y-13.571 Z3.156 E360.52218
G1 X-12.785 Y-13.44 Z3.161 E360.89413
G1 X-11.893 Y-13.174 Z3.166 E361.33187
G1 X-10.942 Y-12.802 Z3.172 E361.81209
G1 X-9.116 Y-11.975 Z3.184 E362.75478
G1 X-8.214 Y-11.601 Z3.189 E363.21398
G1 X-7.151 Y-11.339 Z3.196 E363.72884
G1 X-5.728 Y-11.636 Z3.204 E364.41245
G1 X-4.854 Y-12.774 Z3.213 E365.08725
G1 X-4.571 Y-13.964 Z3.22 E365.66248
G1 X-4.461 Y-15.172 Z3.227 E366.23292
G1 X-4.373 Y-16.463 Z3.234 E366.84144
G1 X-4.236 Y-17.704 Z3.242 E367.4286
G1 X-4.011 Y-18.731 Z3.248 E367.92302
G1 X-3.77 Y-19.308 Z3.251 E368.21709
G1 X-3.67 Y-19.432 Z3.252 E368.292
G1 X-3.427 Y-19.317 Z3.254 E368.41843
G1 X-2.975 Y-18.975 Z3.257 E368.68498
G1 X-2.422 Y-18.401 Z3.262 E369.05981
G1 X-1.865 Y-17.665 Z3.267 E369.49387
G1 X-1.329 Y-16.824 Z3.273 E369.96287
G1 X-.32 Y-15.054 Z3.285 E370.921
G1 X0.193 Y-14.224 Z3.29 E371.37986
G1 X0.906 Y-13.396 Z3.297 E371.89372
G1 X2.203 Y-12.822 Z3.305 E372.56072
G1 X3.559 Y-13.222 Z3.313 E373.22558
G1 X4.483 Y-14.01 Z3.32 E373.79667
G1 X5.282 Y-14.922 Z3.327 E374.36687
G1 X6.105 Y-15.911 Z3.335 E374.97194
G1 X6.949 Y-16.845 Z3.342 E375.56394
G1 X7.732 Y-17.551 Z3.348 E376.05974
G1 X8.295 Y-17.9 Z3.352 E376.37125
G1 X8.466 Y-17.946 Z3.353 E376.45453
G1 X8.612 Y-17.678 Z3.355 E376.59805
G1 X8.777 Y-17.111 Z3.358 E376.87575
G1 X8.882 Y-16.316 Z3.363 E377.25287
G1 X8.895 Y-15.386 Z3.369 E377.69026
G1 X8.829 Y-14.359 Z3.375 E378.17423
G1 X8.605 Y-12.365 Z3.386 E379.11785
G1 X8.539 Y-11.393 Z3.392 E379.57601
G1 X8.639 Y-10.305 Z3.398 E380.08982
G1 X9.341 Y-9.118 Z3.406 E380.73834
G1 X10.648 Y-8.646 Z3.414 E381.39184
G1 X11.855 Y-8.738 Z3.421 E381.96111
G1 X13.033 Y-9.003 Z3.428 E382.52893
G1 X14.262 Y-9.318 Z3.436 E383.12558
G1 X15.526 Y-9.589 Z3.443 E383.73351
G1 X16.571 Y-9.708 Z3.449 E384.22812
G1 X17.262 Y-9.663 Z3.453 E384.55377
G1 X17.448 Y-9.591 Z3.455 E384.64756
G1 X17.405 Y-9.253 Z3.457 E384.8078
G1 X17.189 Y-8.672 Z3.46 E385.09929
G1 X16.799 Y-7.97 Z3.465 E385.47695
G1 X16.254 Y-7.206 Z3.47 E385.91829
G1 X15.604 Y-6.424 Z3.476 E386.39649
G1 X14.243 Y-4.935 Z3.488 E387.34516
G1 X13.62 Y-4.184 Z3.494 E387.80404
G1 X13.074 Y-3.241 Z3.5 E388.31648
;TIME_ELAPSED:51.246874
;LAYER:3
;note -- min layer time used
;TYPE:WALL-OUTER
;MESH:wavy.stl
G1 F2089.3 X13.271 Y-1.434 Z3.51 E389.17129
G1 X14.342 Y-.386 Z3.519 E389.87597
G1 X15.455 Y0.171 Z3.526 E390.46127
G1 X17.756 Y1.129 Z3.541 E391.63341
G1 X18.776 Y1.647 Z3.547 E392.17139
G1 X19.508 Y2.153 Z3.552 E392.58987
G1 X19.806 Y2.479 Z3.555 E392.79758
G1 X19.809 Y2.486 E392.80116
G1 X19.807 Y2.492 E392.80414
G1 X19.694 Y2.61 Z3.556 E392.88097
G1 X19.185 Y3 Z3.559 E393.18252
G1 X18.457 Y3.364 Z3.564 E393.56529
G1 X17.556 Y3.685 Z3.57 E394.0151
G1 X16.58 Y3.945 Z3.575 E394.49009
G1 X14.652 Y4.354 Z3.587 E395.41695
G1 X13.674 Y4.602 Z3.593 E395.89143
G1 X12.439 Y5.185 Z3.6 E396.53368
G1 X11.632 Y6.64 Z3.61 E397.31612
G1 X11.872 Y8.103 Z3.618 E398.01332
G1 X12.434 Y9.199 Z3.626 E398.59255
G1 X13.105 Y10.286 Z3.633 E399.19329
G1 X13.716 Y11.299 Z3.64 E399.74962
G1 X14.263 Y12.36 Z3.646 E400.31098
G1 X14.56 Y13.199 Z3.652 E400.72954
G1 X14.614 Y13.649 Z3.654 E400.94268
G1 X14.61 Y13.671 E400.95319
G1 X14.594 Y13.68 E400.96182
G1 X14.406 Y13.712 Z3.656 E401.05151
G1 X13.757 Y13.722 Z3.659 E401.35675
G1 X12.951 Y13.585 Z3.664 E401.74123
G1 X12.033 Y13.313 Z3.669 E402.19149
G1 X11.072 Y12.944 Z3.675 E402.67559
G1 X9.286 Y12.153 Z3.687 E403.59418
G1 X8.348 Y11.787 Z3.692 E404.06769
G1 X7.025 Y11.55 Z3.7 E404.69976
G1 X5.548 Y12.244 Z3.709 E405.46721
G1 X4.888 Y13.545 Z3.718 E406.15326
G1 X4.694 Y14.754 Z3.725 E406.72909
G1 X4.595 Y16.029 Z3.732 E407.33049
G1 X4.491 Y17.24 Z3.739 E407.90209
G1 X4.316 Y18.386 Z3.746 E408.44726
G1 X4.065 Y19.25 Z3.751 E408.87038
G1 X3.837 Y19.664 Z3.754 E409.09264
G1 X3.811 Y19.689 E409.10961
G1 X3.781 Y19.683 E409.12399
G1 X3.584 Y19.584 Z3.755 E409.22768
G1 X3.055 Y19.203 Z3.759 E409.53426
G1 X2.479 Y18.61 Z3.764 E409.92303
G1 X1.901 Y17.856 Z3.769 E410.36981
G1 X1.344 Y16.998 Z3.775 E410.85087
G1 X0.35 Y15.299 Z3.787 E411.77656
G1 X-.198 Y14.458 Z3.792 E412.24861
G1 X-1.127 Y13.515 Z3.8 E412.87113
G1 X-2.692 Y13.216 Z3.809 E413.62042
G1 X-3.978 Y13.866 Z3.817 E414.29805
G1 X-4.849 Y14.726 Z3.824 E414.87367
G1 X-6.46 Y16.6 Z3.839 E416.03585
G1 X-7.286 Y17.439 Z3.845 E416.58953
G1 X-8.007 Y18.001 Z3.851 E417.01943
G1 X-8.442 Y18.21 Z3.853 E417.24638
G1 X-8.491 Y18.218 Z3.854 E417.26974
G1 X-8.522 Y18.186 E417.29069
G1 X-8.636 Y17.96 Z3.855 E417.40972
G1 X-8.833 Y17.342 Z3.859 E417.71476
G1 X-8.949 Y16.509 Z3.864 E418.11028
G1 X-8.971 Y15.563 Z3.869 E418.55528
G1 X-8.918 Y14.542 Z3.875 E419.03607
G1 X-8.73 Y12.584 Z3.886 E419.9611
G1 X-8.688 Y11.577 Z3.892 E420.43507
G1 X-8.896 Y10.296 Z3.9 E421.04538
G1 X-9.962 Y9.161 Z3.909 E421.77764
G1 X-11.367 Y8.927 Z3.917 E422.44748
G1 X-12.564 Y9.102 Z3.924 E423.01638
G1 X-13.807 Y9.397 Z3.931 E423.61716
G1 X-14.986 Y9.672 Z3.938 E424.18649
G1 X-16.136 Y9.866 Z3.945 E424.73495
G1 X-17.065 Y9.903 Z3.95 E425.17217
G1 X-17.551 Y9.816 Z3.953 E425.40436
G1 X-17.608 Y9.785 E425.43487
G1 X-17.615 Y9.732 Z3.954 E425.46002
G1 X-17.569 Y9.45 Z3.955 E425.59439
G1 X-17.355 Y8.826 Z3.959 E425.90461
G1 X-16.96 Y8.093 Z3.964 E426.29619
G1 X-16.416 Y7.308 Z3.969 E426.74533
G1 X-15.773 Y6.514 Z3.975 E427.22581
G1 X-14.473 Y5.035 Z3.987 E428.15183
G1 X-13.856 Y4.243 Z3.992 E428.62397
G1 X-13.294 Y3.096 Z4 E429.22464
G1 X-13.489 Y1.582 Z4.008 E429.94251
G1 X-14.465 Y0.582 Z4.016 E430.59964
G1 X-15.535 Y0.014 Z4.023 E431.16934
G1 X-17.835 Y-.952 Z4.038 E432.34249
G1 X-18.877 Y-1.469 Z4.044 E432.88951
G1 X-19.65 Y-1.983 Z4.05 E433.32607
G1 X-20.008 Y-2.35 Z4.053 E433.56717
G1 X-20.043 Y-2.421 E433.6044
G1 X-20.012 Y-2.479 E433.63532
G1 X-19.788 Y-2.699 Z4.055 E433.78297
G1 X-19.237 Y-3.078 Z4.059 E434.09747
G1 X-18.489 Y-3.434 Z4.064 E434.48704
G1 X-17.578 Y-3.751 Z4.069 E434.94066
G1 X-16.597 Y-4.015 Z4.075 E435.41841
G1 X-14.672 Y-4.454 Z4.087 E436.34692
G1 X-13.709 Y-4.741 Z4.092 E436.81948
G1 X-12.612 Y-5.338 Z4.1 E437.40682
G1 X-11.895 Y-6.648 Z4.108 E438.10911
G1 X-12.088 Y-8.016 Z4.116 E438.75881
G1 X-12.61 Y-9.096 Z4.123 E439.32292
G1 X-13.266 Y-10.185 Z4.13 E439.92078
G1 X-13.887 Y-11.21 Z4.137 E440.48438
G1 X-14.448 Y-12.275 Z4.144 E441.05046
G1 X-14.775 Y-13.144 Z4.149 E441.4871
G1 X-14.854 Y-13.664 Z4.152 E441.73444
G1 X-14.838 Y-13.756 Z4.153 E441.77836
G1 X-14.767 Y-13.791 E441.81558
G1 X-14.43 Y-13.839 Z4.155 E441.97567
G1 X-13.752 Y-13.816 Z4.159 E442.29469
G1 X-12.935 Y-13.66 Z4.164 E442.68585
G1 X-12.011 Y-13.38 Z4.17 E443.13989
G1 X-11.045 Y-13.01 Z4.176 E443.62636
G1 X-9.244 Y-12.245 Z4.187 E444.54656
G1 X-8.295 Y-11.921 Z4.193 E445.01814
G1 X-7.076 Y-11.776 Z4.2 E445.59544
G1 X-5.756 Y-12.405 Z4.208 E446.28307
G1 X-5.113 Y-13.602 Z4.216 E446.92206
G1 X-4.896 Y-14.773 Z4.223 E447.48213
G1 X-4.785 Y-16.042 Z4.23 E448.08118
G1 X-4.684 Y-17.259 Z4.237 E448.65547
G1 X-4.515 Y-18.427 Z4.244 E449.21047
G1 X-4.271 Y-19.332 Z4.249 E449.65126
G1 X-4.022 Y-19.817 Z4.252 E449.90764
G1 X-3.946 Y-19.89 Z4.253 E449.9572
G1 X-3.855 Y-19.874 E450.00065
G1 X-3.528 Y-19.701 Z4.255 E450.17463
G1 X-2.996 Y-19.277 Z4.259 E450.49455
G1 X-2.422 Y-18.662 Z4.264 E450.89017
G1 X-1.845 Y-17.897 Z4.27 E451.34078
G1 X-1.283 Y-17.036 Z4.276 E451.82431
G1 X-.261 Y-15.35 Z4.287 E452.75148
G1 X0.32 Y-14.535 Z4.293 E453.22217
G1 X1.219 Y-13.728 Z4.3 E453.7903
G1 X2.618 Y-13.47 Z4.308 E454.4593
G1 X3.829 Y-14.043 Z4.316 E455.08934
G1 X4.697 Y-14.86 Z4.322 E455.64991
G1 X6.317 Y-16.73 Z4.337 E456.81342
G1 X7.15 Y-17.59 Z4.343 E457.37647
G1 X7.889 Y-18.189 Z4.349 E457.82383
G1 X8.383 Y-18.443 Z4.352 E458.08505
G1 X8.501 Y-18.46 Z4.353 E458.14112
G1 X8.574 Y-18.384 E458.19067
G1 X8.75 Y-18.022 Z4.356 E458.37997
G1 X8.925 Y-17.367 Z4.36 E458.6988
G1 X9.025 Y-16.518 Z4.365 E459.10082
G1 X9.045 Y-15.265 Z4.372 E459.69015
G1 X8.831 Y-12.572 Z4.387 E460.96058
G1 X8.831 Y-11.567 Z4.393 E461.4332
G1 X9.096 Y-10.415 Z4.4 E461.9891
G1 X10.052 Y-9.407 Z4.408 E462.64243
G1 X11.351 Y-9.159 Z4.415 E463.26434
G1 X12.52 Y-9.301 Z4.422 E463.81813
G1 X13.76 Y-9.582 Z4.429 E464.41605
G1 X14.945 Y-9.862 Z4.436 E464.98867
G1 X16.113 Y-10.069 Z4.443 E465.54651
G1 X17.08 Y-10.123 Z4.449 E466.00197
G1 X17.639 Y-10.04 Z4.452 E466.26773
G1 X17.758 Y-9.975 Z4.453 E466.3315
G1 X17.773 Y-9.862 E466.38511
G1 X17.697 Y-9.433 Z4.456 E466.58999
G1 X17.443 Y-8.792 Z4.46 E466.91424
G1 X17.027 Y-8.055 Z4.465 E467.31223
G1 X16.473 Y-7.266 Z4.47 E467.76561
G1 X15.828 Y-6.468 Z4.476 E468.24814
G1 X14.548 Y-4.966 Z4.488 E469.17619
G1 X13.967 Y-4.151 Z4.493 E469.64688
G1 X13.524 Y-3.075 Z4.5 E470.1941
;TIME_ELAPSED:56.267723
;LAYER:4
;note -- min layer time used
;TYPE:WALL-OUTER
;MESH:wavy.stl
G1 F2054.7 X14.122 Y-1.283 Z4.511 E471.08251
G1 X15.183 Y-.444 Z4.519 E471.71862
G1 X16.242 Y0.066 Z4.526 E472.27138
G1 X18.386 Y1.008 Z4.539 E473.37267
G1 X19.295 Y1.501 Z4.546 E473.85898
G1 X19.927 Y1.956 Z4.55 E474.2252
G1 X20.202 Y2.228 Z4.552 E474.4071
G1 X20.254 Y2.34 Z4.553 E474.46517
G1 X20.248 Y2.384 E474.48605
G1 X19.919 Y2.736 Z4.556 E474.71263
G1 X19.325 Y3.123 Z4.56 E475.04603
G1 X18.533 Y3.49 Z4.565 E475.45653
G1 X17.465 Y3.849 Z4.572 E475.9864
G1 X15.027 Y4.471 Z4.587 E477.16965
G1 X13.856 Y4.85 Z4.594 E477.74846
G1 X12.666 Y5.731 Z4.602 E478.44476
G1 X12.233 Y7.258 Z4.612 E479.19118
G1 X12.587 Y8.549 Z4.62 E479.82071
G1 X13.131 Y9.582 Z4.626 E480.36974
G1 X14.309 Y11.608 Z4.64 E481.47186
G1 X14.76 Y12.553 Z4.646 E481.96429
G1 X15 Y13.288 Z4.651 E482.3279
G1 X15.06 Y13.681 Z4.653 E482.51486
G1 X15.035 Y13.803 Z4.654 E482.57342
G1 X14.985 Y13.839 E482.6024
G1 X14.508 Y13.927 Z4.657 E482.8305
G1 X13.787 Y13.889 Z4.661 E483.17004
G1 X12.95 Y13.723 Z4.666 E483.57132
G1 X11.86 Y13.386 Z4.673 E484.10786
G1 X9.517 Y12.463 Z4.688 E485.29212
G1 X8.348 Y12.101 Z4.695 E485.86762
G1 X6.899 Y12.129 Z4.703 E486.54917
G1 X5.679 Y13.087 Z4.712 E487.27865
G1 X5.204 Y14.322 Z4.72 E487.90091
G1 X5.031 Y15.473 Z4.727 E488.44828
G1 X4.787 Y17.814 Z4.74 E489.55515
G1 X4.594 Y18.838 Z4.747 E490.04519
G1 X4.352 Y19.581 Z4.751 E490.41266
G1 X4.161 Y19.939 Z4.753 E490.60348
G1 X4.067 Y20.02 Z4.754 E490.66184
G1 X3.986 Y20.014 Z4.755 E490.70004
G1 X3.55 Y19.801 Z4.757 E490.92823
G1 X2.989 Y19.344 Z4.762 E491.26851
G1 X2.404 Y18.713 Z4.767 E491.67316
G1 X1.722 Y17.804 Z4.773 E492.20758
G1 X0.355 Y15.681 Z4.788 E493.39503
G1 X-.387 Y14.718 Z4.795 E493.96674
G1 X-1.556 Y13.919 Z4.804 E494.63264
G1 X-3.076 Y13.975 Z4.812 E495.34793
G1 X-4.179 Y14.678 Z4.82 E495.96304
G1 X-4.996 Y15.503 Z4.827 E496.50907
G1 X-6.574 Y17.245 Z4.841 E497.61442
G1 X-7.337 Y17.962 Z4.847 E498.10681
G1 X-7.976 Y18.425 Z4.851 E498.4779
G1 X-8.351 Y18.602 Z4.854 E498.67291
G1 X-8.475 Y18.611 E498.73138
G1 X-8.546 Y18.543 Z4.855 E498.77761
G1 X-8.774 Y18.107 Z4.858 E499.00899
G1 X-8.956 Y17.412 Z4.862 E499.34685
G1 X-9.058 Y16.553 Z4.867 E499.75365
G1 X-9.081 Y15.412 Z4.874 E500.29034
G1 X-8.948 Y12.902 Z4.888 E501.47238
G1 X-8.998 Y11.682 Z4.896 E502.0466
G1 X-9.477 Y10.384 Z4.904 E502.69725
G1 X-10.715 Y9.552 Z4.912 E503.3987
G1 X-12.003 Y9.465 Z4.92 E504.00579
G1 X-13.144 Y9.642 Z4.927 E504.54879
G1 X-15.455 Y10.121 Z4.94 E505.65869
G1 X-16.488 Y10.25 Z4.947 E506.14825
G1 X-17.287 Y10.247 Z4.951 E506.524
G1 X-17.7 Y10.164 Z4.954 E506.72211
G1 X-17.806 Y10.096 E506.78133
G1 X-17.824 Y9.978 Z4.955 E506.83747
G1 X-17.746 Y9.492 Z4.958 E507.06895
G1 X-17.484 Y8.823 Z4.962 E507.40682
G1 X-17.058 Y8.059 Z4.967 E507.81819
G1 X-16.419 Y7.136 Z4.974 E508.34612
G1 X-14.834 Y5.167 Z4.989 E509.53482
G1 X-14.174 Y4.142 Z4.996 E510.10813
G1 X-13.821 Y2.835 Z5.004 E510.7448
G1 X-14.323 Y1.467 Z5.012 E511.43008
G1 X-15.296 Y0.643 Z5.02 E512.02969
G1 X-16.318 Y0.112 Z5.026 E512.57131
G1 X-18.458 Y-.862 Z5.04 E513.67703
G1 X-19.38 Y-1.372 Z5.046 E514.17253
G1 X-20.029 Y-1.853 Z5.051 E514.55242
G1 X-20.317 Y-2.17 Z5.053 E514.75384
G1 X-20.36 Y-2.289 Z5.054 E514.81334
G1 X-20.296 Y-2.41 Z5.055 E514.87771
G1 X-19.939 Y-2.757 Z5.058 E515.11184
G1 X-19.336 Y-3.141 Z5.062 E515.44803
G1 X-18.542 Y-3.509 Z5.067 E515.85958
G1 X-17.475 Y-3.886 Z5.074 E516.39176
G1 X-15.046 Y-4.555 Z5.088 E517.57659
G1 X-13.911 Y-5.015 Z5.096 E518.15252
G1 X-12.895 Y-5.856 Z5.103 E518.77276
G1 X-12.503 Y-7.227 Z5.112 E519.44335
G1 X-12.795 Y-8.454 Z5.119 E520.03648
G1 X-13.299 Y-9.483 Z5.126 E520.57532
G1 X-14.454 Y-11.532 Z5.139 E521.68145
G1 X-14.904 Y-12.498 Z5.146 E522.18261
G1 X-15.144 Y-13.264 Z5.15 E522.5601
G1 X-15.187 Y-13.703 Z5.153 E522.76754
G1 X-15.151 Y-13.824 Z5.154 E522.82691
G1 X-15.009 Y-13.888 Z5.155 E522.90016
G1 X-14.512 Y-13.955 Z5.157 E523.136
G1 X-13.785 Y-13.909 Z5.162 E523.47857
G1 X-12.945 Y-13.744 Z5.167 E523.88115
G1 X-11.846 Y-13.421 Z5.173 E524.41983
G1 X-9.484 Y-12.544 Z5.188 E525.60471
G1 X-8.296 Y-12.266 Z5.195 E526.17849
G1 X-7.011 Y-12.365 Z5.203 E526.78458
G1 X-5.916 Y-13.221 Z5.211 E527.4382
G1 X-5.428 Y-14.368 Z5.218 E528.02439
G1 X-5.225 Y-15.492 Z5.225 E528.56153
G1 X-4.948 Y-17.837 Z5.239 E529.67198
G1 X-4.743 Y-18.877 Z5.245 E530.17048
G1 X-4.482 Y-19.646 Z5.25 E530.55238
G1 X-4.253 Y-20.029 Z5.252 E530.76223
G1 X-4.148 Y-20.106 Z5.253 E530.82346
G1 X-3.976 Y-20.068 Z5.254 E530.9063
G1 X-3.536 Y-19.827 Z5.257 E531.14223
G1 X-2.975 Y-19.36 Z5.261 E531.4855
G1 X-2.389 Y-18.727 Z5.266 E531.89115
G1 X-1.69 Y-17.825 Z5.273 E532.4278
G1 X-.28 Y-15.727 Z5.288 E533.61655
G1 X0.526 Y-14.82 Z5.295 E534.18717
G1 X1.604 Y-14.176 Z5.302 E534.77769
G1 X2.963 Y-14.223 Z5.31 E535.41718
G1 X4.024 Y-14.847 Z5.317 E535.99603
G1 X4.851 Y-15.631 Z5.324 E536.53193
G1 X6.457 Y-17.359 Z5.338 E537.64134
G1 X7.24 Y-18.082 Z5.344 E538.14253
G1 X7.909 Y-18.554 Z5.349 E538.52756
G1 X8.329 Y-18.729 Z5.351 E538.74153
G1 X8.459 Y-18.729 Z5.352 E538.80267
G1 X8.586 Y-18.581 Z5.353 E538.89438
G1 X8.799 Y-18.119 Z5.356 E539.13363
G1 X8.976 Y-17.417 Z5.36 E539.47409
G1 X9.079 Y-16.555 Z5.365 E539.88235
G1 X9.12 Y-15.412 Z5.372 E540.42021
G1 X9.033 Y-12.895 Z5.387 E541.6046
G1 X9.172 Y-11.683 Z5.394 E542.1783
G1 X9.666 Y-10.563 Z5.401 E542.75396
G1 X10.768 Y-9.818 Z5.409 E543.37952
G1 X11.977 Y-9.693 Z5.416 E543.95111
G1 X13.103 Y-9.832 Z5.423 E544.48466
G1 X15.427 Y-10.281 Z5.436 E545.59778
G1 X16.48 Y-10.405 Z5.443 E546.0964
G1 X17.309 Y-10.391 Z5.447 E546.48631
G1 X17.759 Y-10.278 Z5.45 E546.7045
G1 X17.863 Y-10.2 Z5.451 E546.76563
G1 X17.879 Y-9.985 Z5.452 E546.86702
G1 X17.775 Y-9.486 Z5.455 E547.10673
G1 X17.502 Y-8.815 Z5.459 E547.4474
G1 X17.076 Y-8.049 Z5.465 E547.85959
G1 X16.448 Y-7.112 Z5.471 E548.39005
G1 X14.9 Y-5.111 Z5.486 E549.57978
G1 X14.315 Y-4.04 Z5.493 E550.15368
G1 X14.081 Y-2.869 Z5.5 E550.71526
;TIME_ELAPSED:61.281854
;LAYER:5
;note -- min layer time used
;TYPE:WALL-OUTER
;MESH:wavy.stl
G1 F1970.3 X14.92 Y-1.289 Z5.511 E551.55655
G1 X15.875 Y-.58 Z5.518 E552.1159
G1 X16.839 Y-0.079 Z5.525 E552.62681
G1 X17.817 Y0.382 Z5.531 E553.13527
G1 X18.745 Y0.841 Z5.538 E553.62215
G1 X19.53 Y1.3 Z5.543 E554.04979
G1 X20.091 Y1.729 Z5.547 E554.38191
G1 X20.338 Y2.015 Z5.55 E554.55962
G1 X20.423 Y2.138 Z5.551 E554.62993
G1 X20.3 Y2.459 Z5.553 E554.79159
G1 X19.868 Y2.824 Z5.556 E555.05756
G1 X19.211 Y3.212 Z5.561 E555.41638
G1 X18.429 Y3.565 Z5.566 E555.81987
G1 X17.211 Y3.996 Z5.574 E556.42746
G1 X15.776 Y4.425 Z5.583 E557.13182
G1 X14.862 Y4.741 Z5.589 E557.58661
G1 X13.884 Y5.262 Z5.596 E558.10773
G1 X13.022 Y6.335 Z5.604 E558.75499
G1 X12.876 Y7.72 Z5.613 E559.40993
G1 X13.222 Y8.847 Z5.62 E559.96434
G1 X13.7 Y9.82 Z5.626 E560.47415
G1 X14.205 Y10.754 Z5.633 E560.97348
G1 X14.688 Y11.689 Z5.639 E561.46839
G1 X15.051 Y12.528 Z5.645 E561.89829
G1 X15.247 Y13.206 Z5.649 E562.23019
G1 X15.273 Y13.582 Z5.651 E562.40744
G1 X15.263 Y13.734 Z5.652 E562.47907
G1 X14.975 Y13.909 Z5.654 E562.63755
G1 X14.411 Y13.951 Z5.658 E562.90352
G1 X13.659 Y13.884 Z5.662 E563.25857
G1 X12.822 Y13.713 Z5.668 E563.66032
G1 X11.565 Y13.346 Z5.676 E564.27613
G1 X10.163 Y12.864 Z5.685 E564.97333
G1 X9.235 Y12.592 Z5.691 E565.4281
G1 X8.144 Y12.453 Z5.697 E565.94532
G1 X6.84 Y12.819 Z5.705 E566.58225
G1 X5.924 Y13.834 Z5.714 E567.22521
G1 X5.537 Y14.939 Z5.721 E567.77581
G1 X5.346 Y16.001 Z5.728 E568.28326
G1 X5.199 Y17.052 Z5.734 E568.78232
G1 X5.033 Y18.105 Z5.74 E569.28363
G1 X4.831 Y18.981 Z5.746 E569.70641
G1 X4.582 Y19.65 Z5.75 E570.0421
G1 X4.378 Y19.969 Z5.753 E570.22017
G1 X4.273 Y20.077 Z5.754 E570.29101
G1 X3.943 Y20.046 Z5.756 E570.44688
G1 X3.467 Y19.752 Z5.759 E570.70999
G1 X2.894 Y19.252 Z5.764 E571.06762
G1 X2.308 Y18.614 Z5.769 E571.47501
G1 X1.529 Y17.617 Z5.777 E572.07002
G1 X0.651 Y16.385 Z5.786 E572.78147
G1 X0.054 Y15.628 Z5.792 E573.23485
G1 X-.75 Y14.893 Z5.798 E573.74713
G1 X-2 Y14.44 Z5.806 E574.37239
G1 X-3.315 Y14.716 Z5.815 E575.00427
G1 X-4.274 Y15.369 Z5.822 E575.54989
G1 X-5.057 Y16.109 Z5.828 E576.05654
G1 X-5.797 Y16.871 Z5.835 E576.55605
G1 X-6.548 Y17.614 Z5.841 E577.05286
G1 X-7.245 Y18.21 Z5.847 E577.48414
G1 X-7.837 Y18.596 Z5.851 E577.81649
G1 X-8.195 Y18.732 Z5.853 E577.99659
G1 X-8.343 Y18.751 Z5.854 E578.06676
G1 X-8.58 Y18.533 Z5.856 E578.2182
G1 X-8.796 Y18.008 Z5.86 E578.48517
G1 X-8.964 Y17.283 Z5.864 E578.83515
G1 X-9.067 Y16.421 Z5.869 E579.24341
G1 X-9.118 Y15.126 Z5.877 E579.85288
G1 X-9.114 Y13.638 Z5.886 E580.55265
G1 X-9.162 Y12.68 Z5.892 E581.00374
G1 X-9.393 Y11.623 Z5.899 E581.51255
G1 X-10.135 Y10.548 Z5.907 E582.12683
G1 X-11.339 Y10.006 Z5.915 E582.74776
G1 X-12.495 Y9.963 Z5.922 E583.29177
G1 X-13.975 Y10.16 Z5.931 E583.99391
G1 X-14.606 Y10.269 Z5.935 E584.29505
G1 X-15.656 Y10.423 Z5.941 E584.79412
G1 X-16.564 Y10.49 Z5.947 E585.22229
G1 X-17.272 Y10.448 Z5.951 E585.55583
G1 X-17.642 Y10.341 Z5.954 E585.73696
G1 X-17.769 Y10.26 E585.80779
G1 X-17.824 Y9.95 Z5.956 E585.95586
G1 X-17.693 Y9.405 Z5.96 E586.21946
G1 X-17.403 Y8.718 Z5.964 E586.57014
G1 X-16.982 Y7.959 Z5.97 E586.97831
G1 X-16.281 Y6.898 Z5.977 E587.57633
G1 X-15.398 Y5.672 Z5.987 E588.28686
G1 X-14.882 Y4.861 Z5.992 E588.7389
G1 X-14.467 Y3.873 Z5.999 E589.24286
G1 X-14.445 Y2.596 Z6.007 E589.84349
G1 X-15.085 Y1.469 Z6.015 E590.45298
G1 X-15.976 Y0.757 Z6.022 E590.98934
G1 X-16.911 Y0.23 Z6.028 E591.49408
G1 X-17.876 Y-.258 Z6.035 E592.00262
G1 X-18.798 Y-.747 Z6.041 E592.49342
G1 X-19.577 Y-1.238 Z6.047 E592.92646
G1 X-20.119 Y-1.693 Z6.051 E593.25926
G1 X-20.355 Y-2.001 Z6.053 E593.44173
G1 X-20.401 Y-2.144 Z6.054 E593.51238
G1 X-20.261 Y-2.417 Z6.056 E593.65666
G1 X-19.839 Y-2.779 Z6.06 E593.91813
G1 X-19.191 Y-3.172 Z6.064 E594.27453
G1 X-18.418 Y-3.536 Z6.069 E594.67634
G1 X-17.21 Y-3.993 Z6.077 E595.28372
G1 X-15.79 Y-4.473 Z6.086 E595.98863
G1 X-14.906 Y-4.835 Z6.092 E596.43785
G1 X-14.007 Y-5.395 Z6.099 E596.93594
G1 X-13.259 Y-6.405 Z6.106 E597.52699
G1 X-13.116 Y-7.671 Z6.114 E598.12614
G1 X-13.407 Y-8.763 Z6.121 E598.6576
G1 X-13.847 Y-9.74 Z6.127 E599.1615
G1 X-14.34 Y-10.714 Z6.134 E599.67488
G1 X-14.787 Y-11.644 Z6.14 E600.16013
G1 X-15.126 Y-12.506 Z6.146 E600.59573
G1 X-15.291 Y-13.193 Z6.15 E600.92799
G1 X-15.295 Y-13.581 Z6.153 E601.11047
G1 X-15.24 Y-13.726 Z6.154 E601.1834
G1 X-14.969 Y-13.852 Z6.155 E601.32394
G1 X-14.415 Y-13.899 Z6.159 E601.58541
G1 X-13.667 Y-13.839 Z6.163 E601.93831
G1 X-12.83 Y-13.682 Z6.169 E602.33879
G1 X-11.566 Y-13.343 Z6.177 E602.95422
G1 X-10.146 Y-12.911 Z6.186 E603.65223
G1 X-9.215 Y-12.693 Z6.191 E604.10189
G1 X-8.165 Y-12.633 Z6.198 E604.59649
G1 X-6.991 Y-13.014 Z6.205 E605.17693
G1 X-6.146 Y-13.935 Z6.213 E605.76473
G1 X-5.736 Y-14.979 Z6.22 E606.2922
G1 X-5.512 Y-16.022 Z6.226 E606.79388
G1 X-5.337 Y-17.07 Z6.233 E607.29355
G1 X-5.139 Y-18.127 Z6.239 E607.79927
G1 X-4.903 Y-19.007 Z6.245 E608.22773
G1 X-4.624 Y-19.665 Z6.249 E608.56384
G1 X-4.395 Y-19.98 Z6.252 E608.74699
G1 X-4.26 Y-20.059 Z6.253 E608.82054
G1 X-3.972 Y-19.996 Z6.254 E608.95918
G1 X-3.501 Y-19.711 Z6.258 E609.21808
G1 X-2.927 Y-19.221 Z6.262 E609.57299
G1 X-2.332 Y-18.594 Z6.268 E609.97949
G1 X-1.532 Y-17.615 Z6.275 E610.57405
G1 X-.61 Y-16.412 Z6.284 E611.28683
G1 X0.022 Y-15.7 Z6.29 E611.73455
G1 X0.838 Y-15.05 Z6.297 E612.22516
G1 X1.993 Y-14.688 Z6.304 E612.79438
G1 X3.195 Y-14.929 Z6.311 E613.37089
G1 X4.136 Y-15.519 Z6.318 E613.89321
G1 X4.935 Y-16.224 Z6.325 E614.39432
G1 X5.697 Y-16.966 Z6.331 E614.89449
G1 X6.475 Y-17.694 Z6.338 E615.39556
G1 X7.201 Y-18.274 Z6.343 E615.83255
G1 X7.811 Y-18.634 Z6.348 E616.16565
G1 X8.187 Y-18.752 Z6.35 E616.35098
G1 X8.342 Y-18.727 Z6.351 E616.42481
G1 X8.527 Y-18.509 Z6.353 E616.55927
G1 X8.744 Y-17.995 Z6.356 E616.82165
G1 X8.919 Y-17.278 Z6.361 E617.16874
G1 X9.034 Y-16.424 Z6.366 E617.57397
G1 X9.115 Y-15.11 Z6.374 E618.19308
G1 X9.164 Y-13.636 Z6.383 E618.88665
G1 X9.265 Y-12.693 Z6.389 E619.33265
G1 X9.557 Y-11.697 Z6.395 E619.82076
G1 X10.274 Y-10.752 Z6.402 E620.3786
G1 X11.366 Y-10.248 Z6.41 E620.9442
G1 X12.472 Y-10.164 Z6.416 E621.46582
G1 X13.947 Y-10.31 Z6.425 E622.16286
G1 X14.581 Y-10.406 Z6.429 E622.46441
G1 X15.644 Y-10.531 Z6.436 E622.96776
G1 X16.566 Y-10.568 Z6.441 E623.4017
G1 X17.273 Y-10.493 Z6.446 E623.73605
G1 X17.647 Y-10.362 Z6.448 E623.9224
G1 X17.755 Y-10.241 Z6.449 E623.99868
G1 X17.767 Y-9.962 Z6.451 E624.13001
G1 X17.644 Y-9.425 Z6.454 E624.38908
G1 X17.363 Y-8.739 Z6.459 E624.73771
G1 X16.956 Y-7.976 Z6.464 E625.14438
G1 X16.277 Y-6.9 Z6.472 E625.74272
G1 X15.437 Y-5.641 Z6.481 E626.45448
G1 X14.973 Y-4.811 Z6.487 E626.90166
G1 X14.643 Y-3.838 Z6.493 E627.38483
G1 X14.679 Y-2.68 Z6.5 E627.92967
;TIME_ELAPSED:66.294920
;LAYER:6
;note -- min layer time used
;TYPE:WALL-OUTER
;MESH:wavy.stl
G1 F1852.9 X15.533 Y-1.403 Z6.51 E628.65213
G1 X16.509 Y-.669 Z6.518 E629.22643
G1 X18.8 Y0.629 Z6.535 E630.46473
G1 X19.465 Y1.078 Z6.54 E630.84207
G1 X19.951 Y1.488 Z6.544 E631.14109
G1 X20.211 Y1.771 Z6.547 E631.32182
G1 X20.289 Y1.897 Z6.548 E631.39151
G1 X20.064 Y2.5 Z6.552 E631.69418
G1 X19.577 Y2.869 Z6.556 E631.98152
G1 X18.913 Y3.248 Z6.561 E632.34107
G1 X18.057 Y3.638 Z6.567 E632.78344
G1 X16.454 Y4.265 Z6.578 E633.5929
G1 X15.621 Y4.598 Z6.584 E634.01478
G1 X14.787 Y5.038 Z6.59 E634.45822
G1 X13.972 Y5.746 Z6.597 E634.96592
G1 X13.442 Y6.835 Z6.605 E635.53548
G1 X13.426 Y7.981 Z6.612 E636.07447
G1 X13.759 Y9.116 Z6.62 E636.63073
G1 X14.844 Y11.558 Z6.637 E637.88739
G1 X15.11 Y12.31 Z6.642 E638.2625
G1 X15.255 Y12.932 Z6.646 E638.56286
G1 X15.292 Y13.313 Z6.649 E638.74287
G1 X15.271 Y13.461 Z6.65 E638.81317
G1 X14.76 Y13.788 Z6.654 E639.09847
G1 X14.157 Y13.805 Z6.658 E639.38216
G1 X13.373 Y13.72 Z6.663 E639.75302
G1 X12.477 Y13.541 Z6.669 E640.18271
G1 X10.806 Y13.115 Z6.68 E640.99367
G1 X9.935 Y12.905 Z6.686 E641.41502
G1 X9.001 Y12.781 Z6.692 E641.85811
G1 X7.937 Y12.887 Z6.699 E642.36096
G1 X6.886 Y13.456 Z6.706 E642.923
G1 X6.205 Y14.366 Z6.714 E643.45751
G1 X5.801 Y15.471 Z6.721 E644.0108
G1 X5.222 Y18.072 Z6.739 E645.26393
G1 X4.986 Y18.842 Z6.744 E645.64267
G1 X4.732 Y19.422 Z6.748 E645.94043
G1 X4.529 Y19.748 Z6.751 E646.12104
G1 X4.42 Y19.848 E646.1906
G1 X3.848 Y19.806 Z6.755 E646.46032
G1 X3.353 Y19.468 Z6.759 E646.7422
G1 X2.782 Y18.957 Z6.764 E647.10255
G1 X2.136 Y18.264 Z6.77 E647.54809
G1 X1.039 Y16.956 Z6.781 E648.35091
G1 X0.45 Y16.279 Z6.787 E648.77291
G1 X-.24 Y15.641 Z6.793 E649.21485
G1 X-1.162 Y15.118 Z6.8 E649.71335
G1 X-2.332 Y14.972 Z6.808 E650.26784
G1 X-3.404 Y15.301 Z6.815 E650.79518
G1 X-4.376 Y15.941 Z6.822 E651.34247
G1 X-6.395 Y17.695 Z6.84 E652.60021
G1 X-7.043 Y18.171 Z6.845 E652.97833
G1 X-7.595 Y18.486 Z6.849 E653.27722
G1 X-7.947 Y18.621 Z6.852 E653.45451
G1 X-8.097 Y18.628 E653.52513
G1 X-8.5 Y18.274 Z6.856 E653.77738
G1 X-8.704 Y17.716 Z6.86 E654.05678
G1 X-8.869 Y16.964 Z6.865 E654.41884
G1 X-8.987 Y16.04 Z6.871 E654.8569
G1 X-9.118 Y14.329 Z6.882 E655.6639
G1 X-9.206 Y13.436 Z6.888 E656.08589
G1 X-9.4 Y12.517 Z6.894 E656.52759
G1 X-9.849 Y11.565 Z6.901 E657.02259
G1 X-10.701 Y10.778 Z6.908 E657.56804
G1 X-11.755 Y10.415 Z6.915 E658.09228
G1 X-12.957 Y10.358 Z6.923 E658.65818
G1 X-15.576 Y10.562 Z6.94 E659.89356
G1 X-16.377 Y10.56 Z6.945 E660.27025
G1 X-17.01 Y10.481 Z6.949 E660.57024
G1 X-17.367 Y10.376 Z6.952 E660.74525
G1 X-17.492 Y10.282 Z6.953 E660.8188
G1 X-17.591 Y9.793 Z6.956 E661.05342
G1 X-17.434 Y9.227 Z6.96 E661.32965
G1 X-17.125 Y8.516 Z6.965 E661.69423
G1 X-16.693 Y7.718 Z6.971 E662.12097
G1 X-15.793 Y6.235 Z6.982 E662.93677
G1 X-15.348 Y5.459 Z6.988 E663.35744
G1 X-14.975 Y4.598 Z6.994 E663.79871
G1 X-14.794 Y3.568 Z7.001 E664.29052
G1 X-15.026 Y2.449 Z7.008 E664.82794
G1 X-15.657 Y1.544 Z7.015 E665.34678
G1 X-16.581 Y0.787 Z7.023 E665.90852
G1 X-18.813 Y-.606 Z7.04 E667.14582
G1 X-19.459 Y-1.088 Z7.045 E667.52486
G1 X-19.917 Y-1.527 Z7.049 E667.82321
G1 X-20.135 Y-1.823 Z7.052 E667.99609
G1 X-20.171 Y-1.978 Z7.053 E668.07092
G1 X-19.97 Y-2.394 Z7.056 E668.2882
G1 X-19.51 Y-2.762 Z7.06 E668.56523
G1 X-18.864 Y-3.148 Z7.064 E668.91913
G1 X-18.024 Y-3.557 Z7.071 E669.3585
G1 X-16.44 Y-4.23 Z7.082 E670.16786
G1 X-15.624 Y-4.606 Z7.087 E670.59038
G1 X-14.826 Y-5.094 Z7.094 E671.03027
G1 X-14.088 Y-5.826 Z7.1 E671.5191
G1 X-13.634 Y-6.859 Z7.108 E672.04974
G1 X-13.61 Y-7.939 Z7.115 E672.55776
G1 X-13.888 Y-9.063 Z7.122 E673.10227
G1 X-14.87 Y-11.548 Z7.139 E674.35884
G1 X-15.1 Y-12.314 Z7.145 E674.73496
G1 X-15.205 Y-12.943 Z7.149 E675.03486
G1 X-15.198 Y-13.31 Z7.151 E675.20748
G1 X-15.127 Y-13.456 Z7.152 E675.28383
G1 X-14.747 Y-13.646 Z7.155 E675.48362
G1 X-14.166 Y-13.677 Z7.159 E675.75724
G1 X-13.392 Y-13.611 Z7.164 E676.12255
G1 X-12.498 Y-13.456 Z7.17 E676.54925
G1 X-10.816 Y-13.079 Z7.181 E677.35988
G1 X-9.933 Y-12.912 Z7.187 E677.78249
G1 X-9 Y-12.85 Z7.193 E678.22222
G1 X-7.984 Y-13.02 Z7.199 E678.70666
G1 X-7.027 Y-13.588 Z7.206 E679.23001
G1 X-6.378 Y-14.44 Z7.213 E679.73369
G1 X-5.935 Y-15.503 Z7.221 E680.27527
G1 X-5.249 Y-18.078 Z7.238 E681.52846
G1 X-4.974 Y-18.839 Z7.243 E681.90899
G1 X-4.683 Y-19.404 Z7.247 E682.20786
G1 X-4.455 Y-19.691 Z7.25 E682.38024
G1 X-4.305 Y-19.76 Z7.251 E682.45788
G1 X-3.921 Y-19.683 Z7.253 E682.64206
G1 X-3.435 Y-19.371 Z7.257 E682.91366
G1 X-2.862 Y-18.88 Z7.262 E683.26853
G1 X-2.204 Y-18.207 Z7.268 E683.71116
G1 X-1.068 Y-16.933 Z7.279 E684.51388
G1 X-.444 Y-16.285 Z7.285 E684.93693
G1 X0.282 Y-15.696 Z7.291 E685.37658
G1 X1.202 Y-15.254 Z7.298 E685.85658
G1 X2.296 Y-15.161 Z7.305 E686.37291
G1 X3.307 Y-15.463 Z7.312 E686.86912
G1 X4.286 Y-16.048 Z7.319 E687.40545
G1 X6.376 Y-17.716 Z7.336 E688.66296
G1 X7.05 Y-18.163 Z7.342 E689.0433
G1 X7.621 Y-18.442 Z7.346 E689.34217
G1 X7.974 Y-18.532 Z7.348 E689.51349
G1 X8.138 Y-18.49 Z7.349 E689.5931
G1 X8.37 Y-18.218 Z7.351 E689.76122
G1 X8.581 Y-17.685 Z7.355 E690.03081
G1 X8.76 Y-16.948 Z7.36 E690.38747
G1 X8.9 Y-16.034 Z7.366 E690.82232
G1 X9.081 Y-14.328 Z7.377 E691.62911
G1 X9.215 Y-13.437 Z7.383 E692.05283
G1 X9.466 Y-12.536 Z7.389 E692.49268
G1 X9.962 Y-11.651 Z7.396 E692.96979
G1 X10.783 Y-10.952 Z7.403 E693.47686
G1 X11.772 Y-10.601 Z7.409 E693.97038
G1 X12.945 Y-10.494 Z7.417 E694.52431
G1 X15.573 Y-10.59 Z7.434 E695.76101
G1 X16.378 Y-10.548 Z7.439 E696.14009
G1 X17.005 Y-10.43 Z7.443 E696.44013
G1 X17.336 Y-10.288 Z7.446 E696.60952
G1 X17.443 Y-10.145 Z7.447 E696.69351
G1 X17.452 Y-9.825 Z7.449 E696.84405
G1 X17.316 Y-9.275 Z7.453 E697.11049
G1 X17.028 Y-8.567 Z7.458 E697.46994
G1 X16.618 Y-7.764 Z7.463 E697.89394
G1 X15.762 Y-6.255 Z7.475 E698.70982
G1 X15.356 Y-5.454 Z7.481 E699.13213
G1 X15.04 Y-4.576 Z7.487 E699.57096
G1 X14.936 Y-3.572 Z7.493 E700.04564
G1 X15.194 Y-2.541 Z7.5 E700.54544
;TIME_ELAPSED:71.304076
;LAYER:7
;note -- min layer time used
;TYPE:WALL-OUTER
;MESH:wavy.stl
G1 F1727.9 X15.889 Y-1.587 Z7.508 E701.10051
G1 X16.99 Y-.671 Z7.518 E701.77405
G1 X18.383 Y0.286 Z7.53 E702.56885
G1 X19.136 Y0.849 Z7.536 E703.011
G1 X19.606 Y1.281 Z7.541 E703.31121
G1 X19.827 Y1.526 Z7.543 E703.46638
G1 X19.941 Y1.701 Z7.545 E703.5646
G1 X19.622 Y2.493 Z7.551 E703.96614
G1 X19.091 Y2.866 Z7.555 E704.2713
G1 X18.405 Y3.251 Z7.56 E704.64124
G1 X16.25 Y4.272 Z7.577 E705.76268
G1 X15.318 Y4.812 Z7.585 E706.26923
G1 X14.622 Y5.402 Z7.591 E706.69832
G1 X14.074 Y6.192 Z7.598 E707.15047
G1 X13.8 Y7.122 Z7.604 E707.60641
G1 X13.807 Y8.052 Z7.611 E708.04378
G1 X14.146 Y9.438 Z7.621 E708.7148
G1 X14.75 Y11.208 Z7.634 E709.59432
G1 X14.961 Y11.941 Z7.639 E709.95302
G1 X15.077 Y12.561 Z7.643 E710.24965
G1 X15.103 Y12.897 Z7.646 E710.40814
G1 X15.084 Y13.091 Z7.647 E710.49981
G1 X14.401 Y13.506 Z7.653 E710.87565
G1 X13.765 Y13.501 Z7.657 E711.17476
G1 X12.993 Y13.415 Z7.662 E711.54005
G1 X10.624 Y12.983 Z7.679 E712.67251
G1 X9.562 Y12.885 Z7.686 E713.17406
G1 X8.654 Y12.964 Z7.693 E713.60269
G1 X7.753 Y13.292 Z7.699 E714.0536
G1 X6.994 Y13.885 Z7.706 E714.50657
G1 X6.456 Y14.637 Z7.713 E714.9414
G1 X5.905 Y15.952 Z7.722 E715.61191
G1 X5.333 Y17.731 Z7.735 E716.49071
G1 X5.062 Y18.448 Z7.741 E716.85118
G1 X4.785 Y19.009 Z7.745 E717.14541
G1 X4.604 Y19.29 Z7.747 E717.3026
G1 X4.469 Y19.426 Z7.749 E717.39272
G1 X3.737 Y19.358 Z7.754 E717.73844
G1 X3.222 Y18.981 Z7.758 E718.03859
G1 X2.55 Y18.366 Z7.765 E718.46698
G1 X1.011 Y16.757 Z7.78 E719.51406
G1 X0.17 Y16.035 Z7.788 E720.03532
G1 X-.617 Y15.575 Z7.794 E720.46401
G1 X-1.541 Y15.323 Z7.801 E720.91441
G1 X-2.499 Y15.364 Z7.807 E721.36535
G1 X-3.353 Y15.646 Z7.814 E721.78829
G1 X-4.307 Y16.177 Z7.821 E722.30175
G1 X-5.967 Y17.368 Z7.835 E723.26255
G1 X-6.757 Y17.879 Z7.842 E723.70501
G1 X-7.315 Y18.164 Z7.846 E723.99967
G1 X-7.63 Y18.275 Z7.849 E724.15674
G1 X-7.812 Y18.295 Z7.85 E724.24285
G1 X-8.314 Y17.839 Z7.855 E724.56178
G1 X-8.508 Y17.249 Z7.859 E724.85386
G1 X-8.672 Y16.484 Z7.864 E725.22179
G1 X-9.011 Y14.124 Z7.881 E726.34303
G1 X-9.275 Y13.068 Z7.889 E726.85493
G1 X-9.654 Y12.236 Z7.895 E727.28488
G1 X-10.26 Y11.501 Z7.901 E727.73287
G1 X-11.059 Y10.98 Z7.908 E728.18144
G1 X-11.913 Y10.707 Z7.914 E728.60308
G1 X-12.987 Y10.569 Z7.922 E729.11231
G1 X-15.031 Y10.534 Z7.936 E730.07369
G1 X-15.975 Y10.471 Z7.943 E730.51862
G1 X-16.587 Y10.365 Z7.947 E730.81071
G1 X-16.91 Y10.26 Z7.949 E730.97043
G1 X-17.054 Y10.166 Z7.95 E731.05131
G1 X-17.17 Y9.554 Z7.955 E731.34424
G1 X-16.987 Y8.969 Z7.959 E731.6325
G1 X-16.669 Y8.245 Z7.965 E732.00437
G1 X-15.569 Y6.135 Z7.981 E733.1234
G1 X-15.174 Y5.124 Z7.989 E733.63385
G1 X-15.001 Y4.225 Z7.995 E734.06438
G1 X-15.071 Y3.277 Z8.002 E734.51142
G1 X-15.415 Y2.396 Z8.008 E734.95619
G1 X-15.957 Y1.662 Z8.014 E735.38528
G1 X-17.013 Y0.705 Z8.024 E736.05549
G1 X-18.354 Y-.329 Z8.036 E736.85183
G1 X-19.064 Y-.937 Z8.043 E737.29142
G1 X-19.491 Y-1.389 Z8.047 E737.58384
G1 X-19.68 Y-1.663 Z8.049 E737.74037
G1 X-19.731 Y-1.824 Z8.05 E737.81979
G1 X-19.48 Y-2.327 Z8.054 E738.08416
G1 X-18.986 Y-2.699 Z8.059 E738.37498
G1 X-18.322 Y-3.091 Z8.064 E738.7376
G1 X-16.193 Y-4.164 Z8.081 E739.85878
G1 X-15.282 Y-4.761 Z8.088 E740.371
G1 X-14.618 Y-5.399 Z8.095 E740.80405
G1 X-14.129 Y-6.215 Z8.101 E741.25142
G1 X-13.9 Y-7.125 Z8.108 E741.69272
G1 X-13.906 Y-8.032 Z8.114 E742.11926
G1 X-14.185 Y-9.424 Z8.124 E742.78691
G1 X-14.688 Y-11.231 Z8.137 E743.669
G1 X-14.85 Y-11.97 Z8.142 E744.02479
G1 X-14.921 Y-12.58 Z8.146 E744.31359
G1 X-14.903 Y-12.922 Z8.149 E744.47465
G1 X-14.844 Y-13.066 Z8.15 E744.54783
G1 X-14.385 Y-13.289 Z8.153 E744.78782
G1 X-13.778 Y-13.304 Z8.158 E745.07336
G1 X-13.02 Y-13.236 Z8.163 E745.43126
G1 X-10.643 Y-12.861 Z8.18 E746.56293
G1 X-9.563 Y-12.822 Z8.187 E747.07116
G1 X-8.653 Y-12.958 Z8.193 E747.50386
G1 X-7.785 Y-13.342 Z8.2 E747.95022
G1 X-7.073 Y-13.947 Z8.207 E748.38962
G1 X-6.549 Y-14.679 Z8.213 E748.81297
G1 X-5.945 Y-15.964 Z8.223 E749.4807
G1 X-5.269 Y-17.713 Z8.236 E750.36251
G1 X-4.955 Y-18.407 Z8.241 E750.72073
G1 X-4.648 Y-18.933 Z8.245 E751.00715
G1 X-4.426 Y-19.192 Z8.248 E751.16757
G1 X-4.289 Y-19.264 Z8.249 E751.24035
G1 X-3.851 Y-19.172 Z8.252 E751.45083
G1 X-3.348 Y-18.83 Z8.256 E751.73687
G1 X-2.673 Y-18.242 Z8.262 E752.15786
G1 X-1.099 Y-16.669 Z8.278 E753.20435
G1 X-.208 Y-15.984 Z8.285 E753.73288
G1 X0.615 Y-15.57 Z8.292 E754.16613
G1 X1.545 Y-15.38 Z8.298 E754.61252
G1 X2.471 Y-15.461 Z8.305 E755.04966
G1 X3.303 Y-15.735 Z8.311 E755.4616
G1 X4.271 Y-16.224 Z8.319 E755.97161
G1 X5.998 Y-17.328 Z8.333 E756.93554
G1 X6.819 Y-17.784 Z8.339 E757.37719
G1 X7.382 Y-18.022 Z8.344 E757.66465
G1 X7.715 Y-18.093 Z8.346 E757.82477
G1 X7.864 Y-18.058 Z8.347 E757.89675
G1 X8.112 Y-17.756 Z8.35 E758.08052
G1 X8.317 Y-17.201 Z8.354 E758.35876
G1 X8.495 Y-16.455 Z8.359 E758.71943
G1 X8.89 Y-14.104 Z8.376 E759.84055
G1 X9.214 Y-13.05 Z8.383 E760.35911
G1 X9.649 Y-12.233 Z8.39 E760.79439
G1 X10.299 Y-11.545 Z8.396 E761.2395
G1 X11.093 Y-11.074 Z8.403 E761.67365
G1 X11.924 Y-10.81 Z8.409 E762.0837
G1 X12.985 Y-10.63 Z8.416 E762.58979
G1 X15.033 Y-10.482 Z8.431 E763.55543
G1 X15.969 Y-10.357 Z8.437 E763.99951
G1 X16.557 Y-10.211 Z8.441 E764.28443
G1 X16.871 Y-10.061 Z8.444 E764.44808
G1 X16.956 Y-9.944 Z8.445 E764.51609
G1 X16.958 Y-9.604 Z8.447 E764.67599
G1 X16.803 Y-9.043 Z8.451 E764.94969
G1 X16.507 Y-8.327 Z8.456 E765.31405
G1 X15.459 Y-6.19 Z8.473 E766.43337
G1 X15.114 Y-5.145 Z8.481 E766.9509
G1 X14.996 Y-4.225 Z8.487 E767.3871
G1 X15.128 Y-3.291 Z8.494 E767.8307
G1 X15.499 Y-2.453 Z8.5 E768.26168
;TIME_ELAPSED:76.312151
;LAYER:8
;note -- min layer time used
;TYPE:WALL-OUTER
;MESH:wavy.stl
G1 F1609.7 X16.14 Y-1.621 Z8.508 E768.75561
G1 X17.3 Y-.504 Z8.52 E769.51293
G1 X18.637 Y0.689 Z8.533 E770.35561
G1 X19.092 Y1.163 Z8.538 E770.6646
G1 X19.309 Y1.433 Z8.541 E770.8275
G1 X19.011 Y2.421 Z8.548 E771.31281
G1 X18.356 Y2.853 Z8.554 E771.6818
G1 X16.225 Y3.995 Z8.572 E772.8188
G1 X15.53 Y4.478 Z8.579 E773.21682
G1 X14.906 Y5.045 Z8.585 E773.61332
G1 X14.422 Y5.719 Z8.591 E774.00355
G1 X14.116 Y6.459 Z8.597 E774.38013
G1 X13.977 Y7.195 Z8.603 E774.73238
G1 X14.003 Y8.177 Z8.61 E775.19435
G1 X14.224 Y9.569 Z8.62 E775.85717
G1 X14.632 Y11.526 Z8.635 E776.79729
G1 X14.714 Y12.159 Z8.64 E777.09747
G1 X14.721 Y12.513 Z8.643 E777.26398
G1 X13.955 Y13.078 Z8.65 E777.7116
G1 X13.17 Y13.048 Z8.656 E778.08104
G1 X10.782 Y12.726 Z8.674 E779.21422
G1 X9.929 Y12.71 Z8.68 E779.61544
G1 X9.088 Y12.811 Z8.686 E780.01378
G1 X8.297 Y13.084 Z8.693 E780.40731
G1 X7.616 Y13.514 Z8.699 E780.78607
G1 X7.076 Y14.037 Z8.704 E781.13959
G1 X6.518 Y14.845 Z8.711 E781.60138
G1 X5.778 Y16.277 Z8.723 E782.35942
G1 X5.026 Y17.906 Z8.737 E783.20319
G1 X4.714 Y18.465 Z8.742 E783.50425
G1 X4.505 Y18.746 Z8.744 E783.66894
G1 X3.632 Y18.74 Z8.751 E784.07951
G1 X3.017 Y18.259 Z8.757 E784.44668
G1 X1.274 Y16.598 Z8.775 E785.57896
G1 X0.589 Y16.089 Z8.781 E785.9803
G1 X-.162 Y15.677 Z8.787 E786.38313
G1 X-.977 Y15.441 Z8.794 E786.78216
G1 X-1.782 Y15.399 Z8.8 E787.16125
G1 X-2.525 Y15.512 Z8.805 E787.51468
G1 X-3.458 Y15.834 Z8.813 E787.97884
G1 X-4.92 Y16.551 Z8.825 E788.74462
G1 X-6.482 Y17.405 Z8.838 E789.58181
G1 X-7.058 Y17.665 Z8.843 E789.87901
G1 X-7.392 Y17.761 Z8.845 E790.04244
G1 X-8.025 Y17.273 Z8.851 E790.41832
G1 X-8.241 Y16.539 Z8.857 E790.77814
G1 X-8.684 Y14.172 Z8.875 E791.91061
G1 X-8.941 Y13.346 Z8.881 E792.31743
G1 X-9.318 Y12.569 Z8.888 E792.72358
G1 X-9.849 Y11.903 Z8.894 E793.12414
G1 X-10.489 Y11.403 Z8.9 E793.50608
G1 X-11.16 Y11.062 Z8.906 E793.86005
G1 X-12.104 Y10.772 Z8.913 E794.32447
G1 X-13.701 Y10.475 Z8.925 E795.08838
G1 X-15.461 Y10.231 Z8.939 E795.92398
G1 X-16.079 Y10.098 Z8.943 E796.22127
G1 X-16.406 Y9.968 Z8.946 E796.38675
G1 X-16.594 Y9.269 Z8.951 E796.72716
G1 X-16.342 Y8.556 Z8.957 E797.08279
G1 X-15.317 Y6.379 Z8.975 E798.21439
G1 X-15.041 Y5.556 Z8.981 E798.62261
G1 X-14.893 Y4.696 Z8.988 E799.033
G1 X-14.944 Y3.834 Z8.994 E799.43908
G1 X-15.18 Y3.053 Z9 E799.82277
G1 X-15.529 Y2.387 Z9.006 E800.17637
G1 X-16.118 Y1.598 Z9.013 E800.63941
G1 X-17.217 Y0.408 Z9.025 E801.40119
G1 X-18.492 Y-.839 Z9.039 E802.2399
G1 X-18.908 Y-1.315 Z9.043 E802.53719
G1 X-19.088 Y-1.616 Z9.046 E802.70212
G1 X-18.84 Y-2.21 Z9.051 E803.00483
G1 X-18.223 Y-2.641 Z9.056 E803.35878
G1 X-16.122 Y-3.803 Z9.074 E804.48788
G1 X-15.41 Y-4.312 Z9.081 E804.89948
G1 X-14.785 Y-4.932 Z9.087 E805.31349
G1 X-14.325 Y-5.669 Z9.094 E805.72205
G1 X-14.066 Y-6.449 Z9.1 E806.10856
G1 X-13.963 Y-7.196 Z9.106 E806.46319
G1 X-13.973 Y-8.182 Z9.113 E806.9269
G1 X-14.117 Y-9.594 Z9.124 E807.59438
G1 X-14.426 Y-11.562 Z9.138 E808.53122
G1 X-14.476 Y-12.175 Z9.143 E808.82046
G1 X-14.433 Y-12.532 Z9.146 E808.98956
G1 X-13.94 Y-12.807 Z9.15 E809.25504
G1 X-13.188 Y-12.799 Z9.155 E809.6087
G1 X-10.812 Y-12.509 Z9.173 E810.73437
G1 X-9.929 Y-12.506 Z9.18 E811.14963
G1 X-9.056 Y-12.647 Z9.186 E811.5655
G1 X-8.248 Y-12.987 Z9.193 E811.97776
G1 X-7.582 Y-13.477 Z9.199 E812.3666
G1 X-7.064 Y-14.029 Z9.205 E812.72259
G1 X-6.49 Y-14.831 Z9.212 E813.1864
G1 X-5.662 Y-16.228 Z9.224 E813.9501
G1 X-4.838 Y-17.814 Z9.238 E814.79062
G1 X-4.512 Y-18.337 Z9.242 E815.08045
G1 X-4.261 Y-18.592 Z9.245 E815.24872
G1 X-3.779 Y-18.511 Z9.248 E815.47857
G1 X-3.178 Y-18.068 Z9.254 E815.82969
G1 X-1.424 Y-16.444 Z9.272 E816.95383
G1 X-.71 Y-15.923 Z9.278 E817.36949
G1 X0.092 Y-15.525 Z9.285 E817.79054
G1 X0.959 Y-15.334 Z9.292 E818.20805
G1 X1.788 Y-15.35 Z9.298 E818.59798
G1 X2.53 Y-15.498 Z9.304 E818.9538
G1 X3.471 Y-15.807 Z9.311 E819.41958
G1 X4.986 Y-16.443 Z9.323 E820.19228
G1 X6.58 Y-17.221 Z9.336 E821.02643
G1 X7.146 Y-17.444 Z9.341 E821.31252
G1 X7.498 Y-17.494 Z9.344 E821.47972
G1 X7.772 Y-17.175 Z9.347 E821.67748
G1 X7.998 Y-16.478 Z9.352 E822.02206
G1 X8.47 Y-14.134 Z9.37 E823.14652
G1 X8.746 Y-13.283 Z9.377 E823.56725
G1 X9.173 Y-12.488 Z9.383 E823.99163
G1 X9.771 Y-11.826 Z9.39 E824.41117
G1 X10.464 Y-11.359 Z9.396 E824.80416
G1 X11.156 Y-11.048 Z9.402 E825.16095
G1 X12.099 Y-10.742 Z9.409 E825.62718
G1 X13.691 Y-10.348 Z9.422 E826.39846
G1 X15.432 Y-10.024 Z9.435 E827.23126
G1 X16.02 Y-9.866 Z9.439 E827.51759
G1 X16.335 Y-9.689 Z9.442 E827.68752
G1 X16.331 Y-9.339 Z9.445 E827.85213
G1 X16.112 Y-8.65 Z9.45 E828.19212
G1 X15.121 Y-6.474 Z9.468 E829.31657
G1 X14.846 Y-5.619 Z9.475 E829.73895
G1 X14.727 Y-4.716 Z9.481 E830.16727
G1 X14.836 Y-3.818 Z9.488 E830.59268
G1 X15.135 Y-3.032 Z9.494 E830.98816
G1 X15.518 Y-2.379 Z9.5 E831.34418
;TIME_ELAPSED:81.321528
;LAYER:9
;note -- min layer time used
;TYPE:WALL-OUTER
;MESH:wavy.stl
G1 F1523.2 X16.477 Y-1.106 Z9.513 E832.09371
G1 X16.973 Y-.499 Z9.519 E832.46235
G1 X18.398 Y1.061 Z9.535 E833.45599
G1 X18.569 Y1.281 Z9.538 E833.58703
G1 X18.289 Y2.28 Z9.546 E834.07494
G1 X17.679 Y2.663 Z9.551 E834.41367
G1 X16.193 Y3.502 Z9.565 E835.2162
G1 X15.5 Y3.975 Z9.571 E835.61077
G1 X14.894 Y4.541 Z9.578 E836.00074
G1 X14.43 Y5.196 Z9.584 E836.37823
G1 X14.1 Y6.013 Z9.591 E836.7926
G1 X13.92 Y7.628 Z9.604 E837.55681
G1 X13.936 Y8.793 Z9.613 E838.10473
G1 X13.972 Y9.577 Z9.619 E838.47382
G1 X14.206 Y11.675 Z9.636 E839.46658
G1 X14.211 Y11.954 Z9.638 E839.59781
G1 X13.453 Y12.536 Z9.646 E840.04724
G1 X12.744 Y12.489 Z9.651 E840.38139
G1 X11.048 Y12.289 Z9.665 E841.18452
G1 X10.206 Y12.26 Z9.671 E841.58072
G1 X9.367 Y12.363 Z9.678 E841.97825
G1 X8.592 Y12.635 Z9.685 E842.36451
G1 X7.833 Y13.126 Z9.692 E842.78963
G1 X6.767 Y14.315 Z9.704 E843.54061
G1 X6.069 Y15.281 Z9.714 E844.10109
G1 X5.635 Y15.934 Z9.72 E844.46982
G1 X4.585 Y17.767 Z9.737 E845.46325
G1 X4.421 Y17.994 Z9.739 E845.59495
G1 X3.551 Y18.002 Z9.746 E846.00411
G1 X3.008 Y17.55 Z9.751 E846.33637
G1 X1.758 Y16.391 Z9.765 E847.13802
G1 X1.086 Y15.865 Z9.771 E847.53935
G1 X0.337 Y15.449 Z9.778 E847.94227
G1 X-.462 Y15.216 Z9.785 E848.33367
G1 X-1.373 Y15.18 Z9.792 E848.76243
G1 X-2.967 Y15.536 Z9.805 E849.53052
G1 X-4.088 Y15.888 Z9.814 E850.08308
G1 X-4.825 Y16.156 Z9.82 E850.45188
G1 X-6.756 Y17.021 Z9.837 E851.44694
G1 X-7.018 Y17.102 Z9.839 E851.57591
G1 X-7.652 Y16.629 Z9.845 E851.9479
G1 X-7.823 Y15.955 Z9.851 E852.27491
G1 X-8.15 Y14.282 Z9.864 E853.07657
G1 X-8.383 Y13.452 Z9.871 E853.48199
G1 X-8.751 Y12.666 Z9.878 E853.89014
G1 X-9.276 Y11.998 Z9.884 E854.28969
G1 X-10.012 Y11.435 Z9.892 E854.72548
G1 X-11.526 Y10.794 Z9.905 E855.49866
G1 X-12.634 Y10.408 Z9.914 E856.05044
G1 X-13.388 Y10.185 Z9.92 E856.42022
G1 X-15.449 Y9.75 Z9.937 E857.41082
G1 X-15.716 Y9.653 Z9.939 E857.54441
G1 X-15.909 Y8.975 Z9.944 E857.87592
G1 X-15.655 Y8.335 Z9.95 E858.19974
G1 X-14.931 Y6.788 Z9.963 E859.00299
G1 X-14.629 Y5.975 Z9.97 E859.41085
G1 X-14.46 Y5.111 Z9.977 E859.82488
G1 X-14.5 Y4.247 Z9.984 E860.23163
G1 X-14.777 Y3.353 Z9.991 E860.67178
G1 X-15.646 Y1.938 Z10.004 E861.45269
G1 X-16.305 Y0.964 Z10.014 E862.00574
G1 X-16.779 Y0.337 Z10.02 E862.37538
G1 X-18.19 Y-1.229 Z10.036 E863.36668
G1 X-18.343 Y-1.463 Z10.039 E863.49817
G1 X-18.109 Y-2.041 Z10.044 E863.79142
G1 X-17.532 Y-2.408 Z10.049 E864.11301
G1 X-16.037 Y-3.23 Z10.062 E864.91534
G1 X-15.307 Y-3.712 Z10.069 E865.32672
G1 X-14.656 Y-4.318 Z10.076 E865.74499
G1 X-14.177 Y-5.057 Z10.083 E866.15915
G1 X-13.885 Y-5.955 Z10.091 E866.60322
G1 X-13.767 Y-7.628 Z10.104 E867.39195
G1 X-13.713 Y-8.806 Z10.113 E867.94652
G1 X-13.721 Y-9.592 Z10.119 E868.31618
G1 X-13.94 Y-11.687 Z10.136 E869.30678
G1 X-13.921 Y-11.968 Z10.138 E869.43923
G1 X-13.448 Y-12.236 Z10.142 E869.6949
G1 X-12.776 Y-12.196 Z10.148 E870.01149
G1 X-11.082 Y-11.977 Z10.161 E870.81477
G1 X-10.203 Y-11.935 Z10.168 E871.22861
G1 X-9.306 Y-12.044 Z10.175 E871.65356
G1 X-8.47 Y-12.374 Z10.182 E872.07623
G1 X-7.694 Y-12.954 Z10.19 E872.53184
G1 X-6.644 Y-14.226 Z10.203 E873.30751
G1 X-5.881 Y-15.161 Z10.212 E873.87505
G1 X-5.421 Y-15.798 Z10.219 E874.24456
G1 X-4.362 Y-17.62 Z10.235 E875.23563
G1 X-4.178 Y-17.835 Z10.238 E875.36871
G1 X-3.724 Y-17.758 Z10.241 E875.58526
G1 X-3.205 Y-17.332 Z10.246 E875.90103
G1 X-1.968 Y-16.159 Z10.26 E876.70273
G1 X-1.276 Y-15.6 Z10.267 E877.12108
G1 X-.475 Y-15.154 Z10.274 E877.55223
G1 X0.408 Y-14.933 Z10.281 E877.98029
G1 X1.384 Y-14.959 Z10.289 E878.43945
G1 X3.014 Y-15.39 Z10.302 E879.23234
G1 X4.171 Y-15.681 Z10.312 E879.7934
G1 X4.919 Y-15.921 Z10.318 E880.16283
G1 X6.851 Y-16.771 Z10.334 E881.15546
G1 X7.122 Y-16.83 Z10.337 E881.28589
G1 X7.368 Y-16.532 Z10.34 E881.46762
G1 X7.536 Y-15.895 Z10.345 E881.77743
G1 X7.844 Y-14.218 Z10.358 E882.57927
G1 X8.074 Y-13.349 Z10.365 E883.00202
G1 X8.466 Y-12.508 Z10.373 E883.43838
G1 X9.065 Y-11.801 Z10.38 E883.87415
G1 X9.891 Y-11.248 Z10.388 E884.34162
G1 X11.478 Y-10.649 Z10.401 E885.13934
G1 X12.579 Y-10.191 Z10.411 E885.70014
G1 X13.326 Y-9.939 Z10.417 E886.07088
G1 X15.378 Y-9.492 Z10.433 E887.05852
G1 X15.639 Y-9.372 Z10.436 E887.19362
G1 X15.623 Y-9.064 Z10.438 E887.33866
G1 X15.387 Y-8.455 Z10.443 E887.64581
G1 X14.645 Y-6.916 Z10.457 E888.4493
G1 X14.318 Y-6.073 Z10.464 E888.87453
G1 X14.136 Y-5.152 Z10.471 E889.31603
G1 X14.214 Y-4.212 Z10.479 E889.75961
G1 X14.57 Y-3.273 Z10.486 E890.23187
G1 X15.522 Y-1.848 Z10.5 E891.03781
;TIME_ELAPSED:86.330012
;LAYER:10
;note -- min layer time used
;TYPE:WALL-OUTER
;MESH:wavy.stl
G1 F1452.3 X15.924 Y-1.166 Z10.507 E891.41012
G1 X16.442 Y-.372 Z10.514 E891.85595
G1 X17.735 Y1.121 Z10.531 E892.78479
G1 X17.507 Y2.078 Z10.539 E893.24744
G1 X16.811 Y2.465 Z10.545 E893.62195
G1 X15.316 Y3.316 Z10.56 E894.43095
G1 X14.667 Y3.85 Z10.567 E894.8262
G1 X14.166 Y4.474 Z10.573 E895.20253
G1 X13.837 Y5.163 Z10.579 E895.5616
G1 X13.653 Y5.895 Z10.586 E895.91655
G1 X13.62 Y6.874 Z10.594 E896.37722
G1 X13.602 Y7.266 Z10.597 E896.56176
G1 X13.502 Y8.412 Z10.607 E897.10275
G1 X13.458 Y9.219 Z10.613 E897.48283
G1 X13.639 Y11.338 Z10.631 E898.48298
G1 X12.942 Y11.913 Z10.638 E898.90791
G1 X12.164 Y11.816 Z10.645 E899.27662
G1 X10.443 Y11.61 Z10.659 E900.09175
G1 X9.59 Y11.649 Z10.666 E900.49332
G1 X8.797 Y11.861 Z10.673 E900.87935
G1 X8.11 Y12.247 Z10.679 E901.24993
G1 X7.529 Y12.755 Z10.686 E901.61288
G1 X6.933 Y13.536 Z10.694 E902.0749
G1 X6.696 Y13.83 Z10.697 E902.25249
G1 X5.929 Y14.695 Z10.707 E902.79618
G1 X5.333 Y15.436 Z10.714 E903.24338
G1 X4.321 Y17.16 Z10.731 E904.18351
G1 X3.506 Y17.199 Z10.738 E904.56723
G1 X2.931 Y16.659 Z10.744 E904.93819
G1 X1.673 Y15.473 Z10.759 E905.75127
G1 X0.954 Y14.986 Z10.766 E906.15966
G1 X0.165 Y14.679 Z10.773 E906.55781
G1 X-.643 Y14.595 Z10.779 E906.93984
G1 X-1.405 Y14.681 Z10.786 E907.30048
G1 X-2.361 Y14.974 Z10.794 E907.7707
G1 X-2.733 Y15.072 Z10.797 E907.95162
G1 X-3.856 Y15.308 Z10.807 E908.49128
G1 X-4.772 Y15.557 Z10.815 E908.93769
G1 X-6.613 Y16.373 Z10.831 E909.88471
G1 X-7.213 Y15.962 Z10.837 E910.22673
G1 X-7.358 Y15.197 Z10.844 E910.5929
G1 X-7.666 Y13.48 Z10.858 E911.41326
G1 X-7.958 Y12.648 Z10.865 E911.82792
G1 X-8.426 Y11.911 Z10.873 E912.2385
G1 X-9.056 Y11.361 Z10.879 E912.63179
G1 X-9.736 Y10.994 Z10.886 E912.99519
G1 X-10.843 Y10.625 Z10.895 E913.54395
G1 X-12.092 Y10.055 Z10.907 E914.1896
G1 X-12.989 Y9.717 Z10.915 E914.6404
G1 X-14.963 Y9.307 Z10.931 E915.58854
G1 X-15.161 Y8.692 Z10.937 E915.89239
G1 X-14.83 Y7.995 Z10.943 E916.25525
G1 X-14.057 Y6.427 Z10.958 E917.07739
G1 X-13.787 Y5.569 Z10.965 E917.5004
G1 X-13.728 Y4.676 Z10.972 E917.92127
G1 X-13.929 Y3.839 Z10.979 E918.32609
G1 X-14.278 Y3.149 Z10.986 E918.68973
G1 X-14.88 Y2.322 Z10.994 E919.17078
G1 X-15.088 Y1.993 Z10.998 E919.35383
G1 X-15.635 Y0.992 Z11.007 E919.89028
G1 X-16.171 Y0.18 Z11.015 E920.34784
G1 X-17.536 Y-1.3 Z11.032 E921.29469
G1 X-17.343 Y-1.827 Z11.036 E921.55862
G1 X-16.664 Y-2.196 Z11.043 E921.92205
G1 X-15.109 Y-2.998 Z11.057 E922.74487
G1 X-14.37 Y-3.533 Z11.065 E923.17392
G1 X-13.776 Y-4.24 Z11.072 E923.60818
G1 X-13.447 Y-5.06 Z11.08 E924.02369
G1 X-13.34 Y-5.828 Z11.086 E924.38835
G1 X-13.349 Y-6.865 Z11.095 E924.87605
G1 X-13.322 Y-7.256 Z11.098 E925.06037
G1 X-13.165 Y-8.383 Z11.107 E925.59549
G1 X-13.127 Y-9.214 Z11.114 E925.9867
G1 X-13.384 Y-11.365 Z11.132 E927.00547
G1 X-12.956 Y-11.612 Z11.136 E927.23786
G1 X-12.204 Y-11.512 Z11.142 E927.59463
G1 X-10.463 Y-11.229 Z11.157 E928.42413
G1 X-9.536 Y-11.219 Z11.165 E928.86011
G1 X-8.618 Y-11.443 Z11.172 E929.30449
G1 X-7.854 Y-11.935 Z11.18 E929.73184
G1 X-7.322 Y-12.511 Z11.186 E930.10058
G1 X-6.72 Y-13.369 Z11.195 E930.5935
G1 X-6.475 Y-13.658 Z11.198 E930.77167
G1 X-5.674 Y-14.474 Z11.208 E931.30941
G1 X-5.067 Y-15.237 Z11.216 E931.76793
G1 X-4.09 Y-17.026 Z11.232 E932.72655
G1 X-3.694 Y-16.964 Z11.236 E932.91505
G1 X-3.142 Y-16.437 Z11.242 E933.27395
G1 X-1.912 Y-15.177 Z11.257 E934.10203
G1 X-1.163 Y-14.607 Z11.264 E934.54467
G1 X-.266 Y-14.234 Z11.272 E935.00153
G1 X0.665 Y-14.193 Z11.28 E935.43978
G1 X1.432 Y-14.361 Z11.287 E935.80904
G1 X2.436 Y-14.714 Z11.295 E936.30953
G1 X2.809 Y-14.804 Z11.299 E936.48999
G1 X3.932 Y-14.979 Z11.308 E937.02448
G1 X4.87 Y-15.241 Z11.316 E937.48249
G1 X6.721 Y-16.13 Z11.333 E938.44817
G1 X6.923 Y-15.883 Z11.336 E938.59823
G1 X7.056 Y-15.143 Z11.342 E938.95181
G1 X7.299 Y-13.382 Z11.357 E939.78782
G1 X7.567 Y-12.463 Z11.364 E940.23801
G1 X8.083 Y-11.612 Z11.373 E940.70604
G1 X8.838 Y-11.022 Z11.381 E941.15666
G1 X9.57 Y-10.721 Z11.387 E941.52887
G1 X10.752 Y-10.377 Z11.397 E942.10781
G1 X11.96 Y-9.744 Z11.409 E942.74918
G1 X12.883 Y-9.403 Z11.417 E943.21192
G1 X14.907 Y-9.046 Z11.434 E944.17846
G1 X14.88 Y-8.799 Z11.436 E944.29531
G1 X14.553 Y-8.127 Z11.442 E944.64677
G1 X13.701 Y-6.563 Z11.457 E945.48434
G1 X13.361 Y-5.65 Z11.465 E945.94251
G1 X13.274 Y-4.635 Z11.473 E946.4216
G1 X13.552 Y-3.693 Z11.481 E946.88349
G1 X13.985 Y-3.023 Z11.488 E947.25865
G1 X14.655 Y-2.171 Z11.497 E947.76838
G1 X14.857 Y-1.837 Z11.5 E947.95195
;TIME_ELAPSED:91.339469
;LAYER:11
;note -- min layer time used
;TYPE:WALL-OUTER
;MESH:wavy.stl
G1 F1422.6 X15.263 Y-.985 Z11.508 E948.39579
G1 X15.685 Y-.309 Z11.515 E948.77056
G1 X16.887 Y1.014 Z11.53 E949.61119
G1 X16.72 Y1.826 Z11.537 E950.00105
G1 X14.322 Y3.06 Z11.56 E951.26934
G1 X13.732 Y3.596 Z11.566 E951.6442
G1 X13.295 Y4.213 Z11.573 E951.99978
G1 X13.04 Y4.97 Z11.579 E952.37543
G1 X13.042 Y6.415 Z11.592 E953.05499
G1 X13.046 Y6.968 Z11.596 E953.31506
G1 X12.855 Y8.161 Z11.606 E953.88325
G1 X12.809 Y8.967 Z11.613 E954.26291
G1 X13.049 Y10.752 Z11.628 E955.10992
G1 X12.456 Y11.252 Z11.635 E955.4747
G1 X9.793 Y10.809 Z11.658 E956.74427
G1 X8.969 Y10.879 Z11.665 E957.13317
G1 X8.214 Y11.131 Z11.671 E957.50749
G1 X7.553 Y11.625 Z11.678 E957.89557
G1 X6.72 Y12.818 Z11.691 E958.57984
G1 X6.4 Y13.256 Z11.695 E958.83494
G1 X5.552 Y14.103 Z11.705 E959.3986
G1 X5.041 Y14.745 Z11.712 E959.78448
G1 X4.186 Y16.342 Z11.728 E960.63638
G1 X2.9 Y15.743 Z11.739 E961.30355
G1 X1.72 Y14.516 Z11.754 E962.10412
G1 X0.903 Y13.978 Z11.762 E962.56417
G1 X0.106 Y13.724 Z11.769 E962.95755
G1 X-.747 Y13.753 Z11.776 E963.35893
G1 X-2.122 Y14.253 Z11.789 E964.047
G1 X-2.617 Y14.41 Z11.793 E964.29121
G1 X-3.808 Y14.6 Z11.803 E964.8584
G1 X-4.604 Y14.832 Z11.81 E965.24832
G1 X-6.234 Y15.648 Z11.826 E966.10557
G1 X-6.744 Y15.305 Z11.831 E966.39461
G1 X-7.092 Y12.608 Z11.854 E967.67347
G1 X-7.397 Y11.784 Z11.861 E968.08667
G1 X-7.913 Y11.076 Z11.869 E968.49868
G1 X-8.649 Y10.599 Z11.876 E968.91114
G1 X-10.304 Y10.148 Z11.89 E969.71784
G1 X-11.627 Y9.506 Z11.903 E970.40941
G1 X-12.422 Y9.235 Z11.91 E970.8044
G1 X-14.235 Y8.957 Z11.925 E971.66699
G1 X-14.406 Y8.444 Z11.93 E971.92129
G1 X-13.07 Y6.061 Z11.953 E973.20608
G1 X-12.807 Y5.195 Z11.961 E973.63171
G1 X-12.806 Y4.276 Z11.968 E974.06389
G1 X-13.149 Y3.433 Z11.976 E974.4919
G1 X-14.1 Y2.297 Z11.989 E975.18863
G1 X-14.39 Y1.876 Z11.993 E975.42905
G1 X-14.929 Y0.822 Z12.003 E975.98578
G1 X-15.427 Y0.134 Z12.01 E976.3852
G1 X-16.753 Y-1.147 Z12.026 E977.25225
G1 X-16.592 Y-1.587 Z12.029 E977.47259
G1 X-14.088 Y-2.708 Z12.053 E978.7628
G1 X-13.334 Y-3.257 Z12.06 E979.20142
G1 X-12.769 Y-4.032 Z12.069 E979.65247
G1 X-12.56 Y-4.946 Z12.076 E980.0934
G1 X-12.686 Y-6.431 Z12.089 E980.79427
G1 X-12.669 Y-6.936 Z12.093 E981.0319
G1 X-12.488 Y-8.096 Z12.103 E981.58403
G1 X-12.498 Y-8.957 Z12.11 E981.98896
G1 X-12.851 Y-10.781 Z12.126 E982.86267
G1 X-12.491 Y-10.983 Z12.13 E983.05681
G1 X-9.808 Y-10.387 Z12.153 E984.34933
G1 X-8.847 Y-10.372 Z12.161 E984.80132
G1 X-7.895 Y-10.676 Z12.169 E985.2713
G1 X-7.178 Y-11.324 Z12.178 E985.7258
G1 X-6.422 Y-12.621 Z12.19 E986.4318
G1 X-6.113 Y-13.01 Z12.194 E986.66543
G1 X-5.293 Y-13.836 Z12.204 E987.2128
G1 X-4.796 Y-14.553 Z12.212 E987.62308
G1 X-4.019 Y-16.255 Z12.227 E988.50295
G1 X-3.114 Y-15.54 Z12.237 E989.04536
G1 X-1.98 Y-14.185 Z12.252 E989.87631
G1 X-1.103 Y-13.495 Z12.261 E990.40109
G1 X-.115 Y-13.167 Z12.27 E990.89066
G1 X0.872 Y-13.288 Z12.279 E991.35831
G1 X2.247 Y-13.92 Z12.291 E992.06998
G1 X2.705 Y-14.042 Z12.295 E992.29287
G1 X3.86 Y-14.231 Z12.305 E992.84327
G1 X4.69 Y-14.533 Z12.313 E993.25864
G1 X6.319 Y-15.479 Z12.329 E994.14454
G1 X6.477 Y-15.256 Z12.331 E994.27307
G1 X6.685 Y-12.493 Z12.354 E995.57613
G1 X6.951 Y-11.511 Z12.363 E996.05459
G1 X7.579 Y-10.631 Z12.372 E996.56301
G1 X8.47 Y-10.153 Z12.38 E997.03852
G1 X10.208 Y-9.8 Z12.395 E997.87255
G1 X11.453 Y-9.178 Z12.407 E998.52706
G1 X12.316 Y-8.942 Z12.415 E998.94781
G1 X14.204 Y-8.769 Z12.431 E999.83942
G1 X14.162 Y-8.561 Z12.432 E999.93921
G1 X12.674 Y-6.206 Z12.456 E1001.24928
G1 X12.286 Y-5.236 Z12.465 E1001.74059
G1 X12.274 Y-4.113 Z12.474 E1002.26875
G1 X12.746 Y-3.17 Z12.483 E1002.76467
G1 X13.82 Y-2.075 Z12.496 E1003.48598
G1 X14.067 Y-1.679 Z12.5 E1003.70547
;TIME_ELAPSED:96.350881
;LAYER:12
;note -- min layer time used
;TYPE:WALL-OUTER
;MESH:wavy.stl
G1 F1429.9 X14.591 Y-.668 Z12.51 E1004.24099
G1 X15.081 Y-0.07 Z12.516 E1004.60457
G1 X16.166 Y0.888 Z12.528 E1005.28526
G1 X15.025 Y1.919 Z12.541 E1006.00846
G1 X13.901 Y2.353 Z12.551 E1006.57509
G1 X13.246 Y2.742 Z12.558 E1006.93335
G1 X12.701 Y3.229 Z12.564 E1007.27707
G1 X12.23 Y3.86 Z12.57 E1007.64737
G1 X12.072 Y4.912 Z12.579 E1008.14766
G1 X12.235 Y5.917 Z12.588 E1008.62647
G1 X12.289 Y6.268 Z12.591 E1008.79348
G1 X12.136 Y8.035 Z12.606 E1009.62757
G1 X12.199 Y8.81 Z12.612 E1009.99324
G1 X12.532 Y10.227 Z12.624 E1010.67778
G1 X11.033 Y10.334 Z12.637 E1011.38453
G1 X9.88 Y10.014 Z12.647 E1011.94725
G1 X9.111 Y9.919 Z12.654 E1012.31165
G1 X8.341 Y9.968 Z12.66 E1012.6745
G1 X7.541 Y10.221 Z12.667 E1013.06909
G1 X6.809 Y10.989 Z12.676 E1013.56804
G1 X6.345 Y11.943 Z12.685 E1014.06694
G1 X6.187 Y12.249 Z12.688 E1014.2289
G1 X5.058 Y13.586 Z12.702 E1015.05185
G1 X4.654 Y14.276 Z12.709 E1015.42787
G1 X4.104 Y15.629 Z12.721 E1016.11472
G1 X2.881 Y14.801 Z12.734 E1016.80929
G1 X2.213 Y13.907 Z12.743 E1017.33413
G1 X1.595 Y13.312 Z12.75 E1017.73757
G1 X0.925 Y12.857 Z12.757 E1018.11844
G1 X0.081 Y12.58 Z12.765 E1018.53619
G1 X-.967 Y12.787 Z12.774 E1019.03857
G1 X-1.919 Y13.316 Z12.783 E1019.55075
G1 X-2.235 Y13.477 Z12.786 E1019.71754
G1 X-3.904 Y13.905 Z12.8 E1020.52783
G1 X-4.641 Y14.244 Z12.807 E1020.90934
G1 X-5.88 Y15.035 Z12.819 E1021.60063
G1 X-6.282 Y14.668 Z12.824 E1021.85662
G1 X-6.315 Y13.67 Z12.832 E1022.32622
G1 X-6.339 Y12.48 Z12.842 E1022.88596
G1 X-6.45 Y11.687 Z12.849 E1023.26253
G1 X-6.714 Y10.878 Z12.856 E1023.66273
G1 X-7.269 Y10.117 Z12.864 E1024.10568
G1 X-8.248 Y9.684 Z12.873 E1024.60911
G1 X-9.38 Y9.55 Z12.883 E1025.14519
G1 X-9.728 Y9.491 Z12.886 E1025.31118
G1 X-11.309 Y8.898 Z12.9 E1026.10527
G1 X-12.117 Y8.753 Z12.907 E1026.49133
G1 X-13.592 Y8.68 Z12.919 E1027.18584
G1 X-13.668 Y8.194 Z12.923 E1027.41717
G1 X-13.092 Y7.358 Z12.932 E1027.89461
G1 X-12.41 Y6.405 Z12.942 E1028.44573
G1 X-12.008 Y5.693 Z12.948 E1028.83025
G1 X-11.709 Y4.852 Z12.956 E1029.25002
G1 X-11.716 Y3.861 Z12.964 E1029.71607
G1 X-12.273 Y2.933 Z12.973 E1030.22507
G1 X-13.138 Y2.172 Z12.983 E1030.76688
G1 X-13.392 Y1.921 Z12.986 E1030.93482
G1 X-14.324 Y0.528 Z13 E1031.72302
G1 X-14.915 Y-0.068 Z13.007 E1032.11775
G1 X-16.082 Y-.987 Z13.019 E1032.81631
G1 X-14.93 Y-1.682 Z13.031 E1033.44903
G1 X-13.78 Y-2.051 Z13.041 E1034.01701
G1 X-13.015 Y-2.379 Z13.048 E1034.40845
G1 X-12.233 Y-2.888 Z13.056 E1034.84725
G1 X-11.628 Y-3.737 Z13.064 E1035.33752
G1 X-11.547 Y-4.826 Z13.074 E1035.85107
G1 X-11.825 Y-5.982 Z13.084 E1036.41022
G1 X-11.883 Y-6.332 Z13.087 E1036.57706
G1 X-11.839 Y-7.987 Z13.101 E1037.35565
G1 X-11.984 Y-8.824 Z13.108 E1037.75514
G1 X-12.406 Y-10.257 Z13.12 E1038.45766
G1 X-11.096 Y-10.085 Z13.131 E1039.07902
G1 X-9.96 Y-9.697 Z13.141 E1039.64356
G1 X-9.138 Y-9.489 Z13.148 E1040.04231
G1 X-8.163 Y-9.417 Z13.157 E1040.50209
G1 X-7.126 Y-9.767 Z13.166 E1041.01679
G1 X-6.432 Y-10.616 Z13.175 E1041.53248
G1 X-5.975 Y-11.754 Z13.185 E1042.1092
G1 X-5.822 Y-12.062 Z13.188 E1042.27094
G1 X-4.842 Y-13.376 Z13.202 E1043.04182
G1 X-4.471 Y-14.161 Z13.209 E1043.45015
G1 X-3.984 Y-15.58 Z13.222 E1044.15568
G1 X-3.088 Y-14.65 Z13.233 E1044.763
G1 X-2.426 Y-13.671 Z13.243 E1045.31879
G1 X-1.869 Y-12.98 Z13.25 E1045.73618
G1 X-1.105 Y-12.307 Z13.259 E1046.215
G1 X-0.011 Y-11.969 Z13.268 E1046.75348
G1 X1.053 Y-12.264 Z13.277 E1047.27273
G1 X2.108 Y-12.945 Z13.288 E1047.86326
G1 X2.421 Y-13.111 Z13.291 E1048.02988
G1 X3.955 Y-13.608 Z13.305 E1048.78821
G1 X4.72 Y-14.045 Z13.312 E1049.20254
G1 X5.947 Y-14.926 Z13.325 E1049.91291
G1 X6.067 Y-14.654 Z13.327 E1050.05272
G1 X6.059 Y-13.653 Z13.335 E1050.52348
G1 X6.014 Y-12.458 Z13.346 E1051.08587
G1 X6.034 Y-11.579 Z13.353 E1051.49935
G1 X6.245 Y-10.539 Z13.362 E1051.99841
G1 X6.967 Y-9.58 Z13.372 E1052.56294
G1 X8.015 Y-9.209 Z13.381 E1053.08576
G1 X9.307 Y-9.149 Z13.392 E1053.69402
G1 X9.657 Y-9.098 Z13.395 E1053.86035
G1 X11.172 Y-8.63 Z13.408 E1054.60605
G1 X12.064 Y-8.545 Z13.416 E1055.02744
G1 X13.582 Y-8.552 Z13.429 E1055.74133
G1 X13.485 Y-8.31 Z13.431 E1055.86394
G1 X12.878 Y-7.503 Z13.439 E1056.33883
G1 X12.133 Y-6.579 Z13.449 E1056.89702
G1 X11.608 Y-5.852 Z13.457 E1057.31875
G1 X11.13 Y-4.854 Z13.466 E1057.83914
G1 X11.157 Y-3.604 Z13.477 E1058.42713
G1 X11.802 Y-2.69 Z13.486 E1058.95322
G1 X12.844 Y-1.879 Z13.497 E1059.57418
G1 X13.101 Y-1.631 Z13.5 E1059.74214
;TIME_ELAPSED:101.368961
;LAYER:13
;note -- min layer time used
;TYPE:WALL-OUTER
;MESH:wavy.stl
G1 F1518.9 X13.964 Y-.513 Z13.511 E1060.40633
G1 X15.65 Y0.831 Z13.528 E1061.42031
G1 X15.28 Y1.309 Z13.533 E1061.70459
G1 X14.153 Y1.633 Z13.542 E1062.25606
G1 X13.206 Y1.904 Z13.55 E1062.71929
G1 X12.145 Y2.368 Z13.559 E1063.26388
G1 X11.597 Y2.795 Z13.565 E1063.59059
G1 X11.024 Y3.609 Z13.573 E1064.05873
G1 X11.022 Y4.561 Z13.58 E1064.50644
G1 X11.351 Y5.811 Z13.59 E1065.11431
G1 X11.558 Y7.79 Z13.606 E1066.05006
G1 X12.166 Y9.873 Z13.623 E1067.07053
G1 X11.605 Y10.011 Z13.628 E1067.34222
G1 X10.477 Y9.592 Z13.637 E1067.90811
G1 X9.582 Y9.254 Z13.645 E1068.35803
G1 X8.445 Y8.976 Z13.654 E1068.90848
G1 X7.699 Y8.965 Z13.66 E1069.25935
G1 X6.712 Y9.301 Z13.668 E1069.74967
G1 X6.148 Y10.103 Z13.676 E1070.21076
G1 X5.701 Y11.337 Z13.686 E1070.82799
G1 X4.68 Y13.176 Z13.703 E1071.81718
G1 X4.035 Y15.137 Z13.719 E1072.788
G1 X3.533 Y14.904 Z13.724 E1073.04827
G1 X2.873 Y13.898 Z13.733 E1073.6141
G1 X2.355 Y13.087 Z13.741 E1074.06665
G1 X1.61 Y12.166 Z13.75 E1074.62374
G1 X0.991 Y11.665 Z13.756 E1074.99824
G1 X-0.045 Y11.341 Z13.765 E1075.50872
G1 X-.999 Y11.683 Z13.773 E1075.98533
G1 X-2.104 Y12.467 Z13.784 E1076.6225
G1 X-3.864 Y13.324 Z13.799 E1077.5431
G1 X-5.636 Y14.614 Z13.816 E1078.57386
G1 X-5.877 Y14.126 Z13.821 E1078.82982
G1 X-5.803 Y12.942 Z13.83 E1079.38772
G1 X-5.736 Y11.973 Z13.838 E1079.8445
G1 X-5.768 Y10.775 Z13.847 E1080.4081
G1 X-5.96 Y9.946 Z13.854 E1080.80828
G1 X-6.635 Y9.037 Z13.863 E1081.34073
G1 X-7.641 Y8.762 Z13.871 E1081.83119
G1 X-9.027 Y8.776 Z13.882 E1082.48303
G1 X-10.947 Y8.467 Z13.897 E1083.39758
G1 X-13.149 Y8.503 Z13.915 E1084.43328
G1 X-13.028 Y7.988 Z13.919 E1084.68207
G1 X-12.28 Y7.096 Z13.928 E1085.22952
G1 X-11.634 Y6.346 Z13.936 E1085.69503
G1 X-10.928 Y5.359 Z13.946 E1086.26572
G1 X-10.549 Y4.541 Z13.953 E1086.68969
G1 X-10.561 Y3.363 Z13.962 E1087.24371
G1 X-11.243 Y2.532 Z13.971 E1087.74927
G1 X-12.411 Y1.738 Z13.982 E1088.41346
G1 X-13.803 Y0.388 Z13.997 E1089.32538
G1 X-15.635 Y-.853 Z14.014 E1090.36599
G1 X-15.229 Y-1.157 Z14.018 E1090.60452
G1 X-14.1 Y-1.436 Z14.028 E1091.15144
G1 X-13.126 Y-1.655 Z14.036 E1091.62093
G1 X-11.953 Y-2.016 Z14.045 E1092.19809
G1 X-11.106 Y-2.461 Z14.053 E1092.64805
G1 X-10.396 Y-3.453 Z14.062 E1093.22174
G1 X-10.475 Y-4.559 Z14.071 E1093.7432
G1 X-10.992 Y-5.918 Z14.083 E1094.42699
G1 X-11.355 Y-7.797 Z14.098 E1095.32698
G1 X-12.14 Y-9.882 Z14.115 E1096.37471
G1 X-11.653 Y-9.858 Z14.119 E1096.60401
G1 X-10.55 Y-9.401 Z14.129 E1097.16549
G1 X-9.663 Y-9.006 Z14.136 E1097.62212
G1 X-8.497 Y-8.578 Z14.146 E1098.20624
G1 X-7.499 Y-8.407 Z14.154 E1098.68241
G1 X-6.297 Y-8.806 Z14.164 E1099.27802
G1 X-5.706 Y-9.78 Z14.173 E1099.8138
G1 X-5.347 Y-11.212 Z14.185 E1100.50808
G1 X-4.531 Y-13.075 Z14.201 E1101.46456
G1 X-4.008 Y-15.129 Z14.218 E1102.46134
G1 X-3.661 Y-14.809 Z14.221 E1102.68332
G1 X-3.045 Y-13.786 Z14.231 E1103.2449
G1 X-2.567 Y-12.934 Z14.239 E1103.70433
G1 X-1.886 Y-11.874 Z14.248 E1104.29684
G1 X-1.158 Y-11.095 Z14.257 E1104.79826
G1 X0.092 Y-10.696 Z14.267 E1105.41533
G1 X1.166 Y-11.163 Z14.277 E1105.96609
G1 X2.317 Y-12.159 Z14.289 E1106.68191
G1 X3.933 Y-13.133 Z14.303 E1107.56924
G1 X5.653 Y-14.591 Z14.321 E1108.62963
G1 X5.712 Y-14.128 Z14.325 E1108.84913
G1 X5.599 Y-12.952 Z14.334 E1109.40472
G1 X5.474 Y-11.973 Z14.342 E1109.86886
G1 X5.374 Y-10.702 Z14.352 E1110.46844
G1 X5.49 Y-9.583 Z14.361 E1110.9975
G1 X6.293 Y-8.489 Z14.372 E1111.6357
G1 X7.472 Y-8.241 Z14.381 E1112.20229
G1 X9.018 Y-8.401 Z14.394 E1112.93323
G1 X10.891 Y-8.272 Z14.408 E1113.81614
G1 X13.15 Y-8.476 Z14.426 E1114.88283
G1 X12.896 Y-8.087 Z14.43 E1115.10131
G1 X12.121 Y-7.224 Z14.439 E1115.64679
G1 X11.422 Y-6.5 Z14.447 E1116.12006
G1 X10.566 Y-5.531 Z14.457 E1116.72811
G1 X9.956 Y-4.522 Z14.467 E1117.28259
G1 X9.961 Y-3.121 Z14.478 E1117.94146
G1 X10.799 Y-2.211 Z14.487 E1118.52322
G1 X12.183 Y-1.44 Z14.5 E1119.26827
;TIME_ELAPSED:106.391007
;LAYER:14
;note -- min layer time used
;TYPE:WALL-OUTER
;MESH:wavy.stl
G1 F1705.8 X13.027 Y-.762 Z14.508 E1119.77739
G1 X13.297 Y-.546 Z14.51 E1119.94
G1 X14.617 Y0.293 Z14.521 E1120.67554
G1 X15.479 Y0.788 Z14.528 E1121.14301
G1 X14.722 Y1.105 Z14.534 E1121.52896
G1 X13.377 Y1.362 Z14.543 E1122.17292
G1 X12.707 Y1.489 Z14.548 E1122.49362
G1 X11.144 Y1.935 Z14.56 E1123.258
G1 X10.465 Y2.351 Z14.565 E1123.63248
G1 X9.772 Y3.297 Z14.574 E1124.18396
G1 X9.908 Y4.332 Z14.581 E1124.67488
G1 X10.508 Y5.717 Z14.591 E1125.3847
G1 X10.962 Y7.047 Z14.601 E1126.0456
G1 X11.06 Y7.378 Z14.604 E1126.20795
G1 X11.579 Y8.655 Z14.614 E1126.85619
G1 X12.071 Y9.738 Z14.622 E1127.41559
G1 X11.268 Y9.527 Z14.628 E1127.80604
G1 X10.029 Y8.937 Z14.637 E1128.4514
G1 X9.418 Y8.641 Z14.642 E1128.77068
G1 X7.888 Y8.051 Z14.654 E1129.54185
G1 X7.048 Y7.947 Z14.66 E1129.9399
G1 X5.885 Y8.31 Z14.668 E1130.51285
G1 X5.378 Y9.288 Z14.676 E1131.03091
G1 X5.088 Y10.778 Z14.687 E1131.74477
G1 X4.71 Y12.133 Z14.697 E1132.40632
G1 X4.602 Y12.465 Z14.699 E1132.57051
G1 X4.245 Y14.003 Z14.71 E1133.31302
G1 X4.052 Y14.972 Z14.717 E1133.77767
G1 X3.538 Y14.324 Z14.723 E1134.16664
G1 X2.888 Y13.112 Z14.733 E1134.81341
G1 X2.574 Y12.51 Z14.737 E1135.13271
G1 X1.701 Y11.108 Z14.749 E1135.90941
G1 X1.064 Y10.465 Z14.755 E1136.33506
G1 X-.131 Y10.053 Z14.764 E1136.9295
G1 X-1.139 Y10.579 Z14.772 E1137.4642
G1 X-2.266 Y11.676 Z14.783 E1138.20382
G1 X-3.343 Y12.559 Z14.793 E1138.85877
G1 X-3.621 Y12.767 Z14.795 E1139.02205
G1 X-4.648 Y13.689 Z14.805 E1139.6711
G1 X-5.516 Y14.507 Z14.814 E1140.23201
G1 X-5.536 Y13.683 Z14.819 E1140.61963
G1 X-5.341 Y12.305 Z14.829 E1141.27412
G1 X-5.235 Y11.635 Z14.834 E1141.59313
G1 X-5.084 Y9.978 Z14.846 E1142.3756
G1 X-5.198 Y9.025 Z14.852 E1142.82697
G1 X-5.945 Y7.948 Z14.862 E1143.44336
G1 X-7.127 Y7.791 Z14.87 E1144.00411
G1 X-8.699 Y8.059 Z14.881 E1144.75405
G1 X-10.084 Y8.169 Z14.891 E1145.40743
G1 X-10.434 Y8.18 Z14.893 E1145.57211
G1 X-12.005 Y8.374 Z14.905 E1146.31653
G1 X-12.983 Y8.502 Z14.912 E1146.78038
G1 X-12.495 Y7.819 Z14.917 E1147.17514
G1 X-11.531 Y6.836 Z14.927 E1147.82261
G1 X-11.048 Y6.361 Z14.932 E1148.14119
G1 X-9.926 Y5.122 Z14.944 E1148.92727
G1 X-9.399 Y4.244 Z14.951 E1149.40884
G1 X-9.359 Y2.889 Z14.96 E1150.04634
G1 X-10.277 Y2.042 Z14.969 E1150.63374
G1 X-11.745 Y1.358 Z14.981 E1151.39537
G1 X-12.948 Y0.659 Z14.99 E1152.04968
G1 X-13.237 Y0.47 Z14.993 E1152.21207
G1 X-14.635 Y-.275 Z15.004 E1152.95704
G1 X-15.508 Y-.741 Z15.011 E1153.42242
G1 X-14.699 Y-.996 Z15.017 E1153.82133
G1 X-13.351 Y-1.217 Z15.026 E1154.46372
G1 X-12.669 Y-1.312 Z15.031 E1154.78755
G1 X-11.014 Y-1.629 Z15.043 E1155.58
G1 X-10.006 Y-2.026 Z15.051 E1156.08948
G1 X-9.146 Y-3.131 Z15.061 E1156.74797
G1 X-9.414 Y-4.394 Z15.07 E1157.35515
G1 X-10.252 Y-5.837 Z15.081 E1158.13989
G1 X-10.836 Y-7.082 Z15.091 E1158.7866
G1 X-10.966 Y-7.404 Z15.094 E1158.94991
G1 X-11.591 Y-8.654 Z15.103 E1159.60713
G1 X-12.125 Y-9.714 Z15.112 E1160.16531
G1 X-11.313 Y-9.424 Z15.118 E1160.5708
G1 X-10.094 Y-8.805 Z15.127 E1161.21374
G1 X-9.491 Y-8.475 Z15.132 E1161.537
G1 X-7.963 Y-7.726 Z15.144 E1162.33727
G1 X-6.868 Y-7.415 Z15.152 E1162.87259
G1 X-5.476 Y-7.808 Z15.162 E1163.5528
G1 X-4.942 Y-9.048 Z15.172 E1164.18772
G1 X-4.809 Y-10.731 Z15.184 E1164.98166
G1 X-4.583 Y-12.087 Z15.193 E1165.62815
G1 X-4.505 Y-12.43 Z15.196 E1165.79357
G1 X-4.269 Y-14.009 Z15.207 E1166.54438
G1 X-4.108 Y-14.984 Z15.214 E1167.00911
G1 X-3.635 Y-14.268 Z15.22 E1167.41267
G1 X-3.017 Y-13.043 Z15.23 E1168.05792
G1 X-2.73 Y-12.418 Z15.235 E1168.38135
G1 X-1.953 Y-10.889 Z15.247 E1169.18792
G1 X-1.231 Y-9.929 Z15.255 E1169.75281
G1 X0.164 Y-9.406 Z15.266 E1170.45344
G1 X1.352 Y-10.128 Z15.275 E1171.10721
G1 X2.46 Y-11.47 Z15.288 E1171.92563
G1 X3.416 Y-12.452 Z15.297 E1172.57014
G1 X3.675 Y-12.686 Z15.3 E1172.73429
G1 X4.641 Y-13.698 Z15.31 E1173.39222
G1 X5.477 Y-14.551 Z15.318 E1173.9539
G1 X5.425 Y-13.697 Z15.324 E1174.35626
G1 X5.194 Y-12.327 Z15.334 E1175.00963
G1 X5.055 Y-11.653 Z15.339 E1175.33327
G1 X4.753 Y-9.949 Z15.351 E1176.14711
G1 X4.749 Y-8.689 Z15.36 E1176.73966
G1 X5.593 Y-7.404 Z15.371 E1177.46265
G1 X7.035 Y-7.301 Z15.381 E1178.14252
G1 X8.735 Y-7.778 Z15.393 E1178.97286
G1 X10.078 Y-8.038 Z15.403 E1179.61617
G1 X10.43 Y-8.083 Z15.405 E1179.78305
G1 X12.003 Y-8.397 Z15.417 E1180.53739
G1 X12.978 Y-8.558 Z15.423 E1181.00212
G1 X12.411 Y-7.894 Z15.43 E1181.41274
G1 X11.425 Y-6.938 Z15.439 E1182.0586
G1 X10.912 Y-6.481 Z15.444 E1182.38169
G1 X9.641 Y-5.294 Z15.456 E1183.19954
G1 X8.838 Y-4.237 Z15.466 E1183.8238
G1 X8.754 Y-2.655 Z15.477 E1184.56882
G1 X9.915 Y-1.701 Z15.487 E1185.27549
G1 X11.609 Y-1.109 Z15.5 E1186.11939
;TIME_ELAPSED:111.427063
;LAYER:15
;note -- min layer time used
;TYPE:WALL-OUTER
;MESH:wavy.stl
G1 F1980.3 X12.772 Y-.601 Z15.508 E1186.71621
G1 X14.11 Y0.015 Z15.517 E1187.40892
G1 X15.376 Y0.61 Z15.525 E1188.06676
G1 X15.542 Y0.692 Z15.526 E1188.15383
G1 X15.539 Y0.693 E1188.15532
G1 X14.317 Y0.939 Z15.534 E1188.74152
G1 X12.732 Y1.134 Z15.543 E1189.49252
G1 X10.171 Y1.546 Z15.559 E1190.71237
G1 X9.373 Y1.937 Z15.565 E1191.13028
G1 X8.527 Y2.97 Z15.573 E1191.7582
G1 X8.813 Y3.996 Z15.579 E1192.25909
G1 X9.08 Y4.632 Z15.583 E1192.58347
G1 X9.958 Y5.853 Z15.592 E1193.29071
G1 X10.693 Y7.045 Z15.601 E1193.94928
G1 X11.426 Y8.313 Z15.61 E1194.63805
G1 X12.1 Y9.508 Z15.618 E1195.28325
G1 X12.207 Y9.703 Z15.619 E1195.38785
G1 X12.194 Y9.699 Z15.62 E1195.39426
G1 X11.04 Y9.165 Z15.627 E1195.99224
G1 X9.643 Y8.385 Z15.637 E1196.74468
G1 X7.354 Y7.189 Z15.653 E1197.95922
G1 X6.415 Y6.982 Z15.658 E1198.4114
G1 X5.073 Y7.32 Z15.667 E1199.06222
G1 X4.705 Y8.384 Z15.674 E1199.59167
G1 X4.572 Y9.085 Z15.678 E1199.92722
G1 X4.59 Y10.603 Z15.687 E1200.64114
G1 X4.506 Y11.971 Z15.695 E1201.28568
G1 X4.375 Y13.451 Z15.704 E1201.98441
G1 X4.226 Y14.811 Z15.713 E1202.62781
G1 X4.194 Y15.044 Z15.714 E1202.73841
G1 X4.179 Y15.023 E1202.75054
G1 X3.559 Y13.904 Z15.722 E1203.35216
G1 X2.893 Y12.446 Z15.732 E1204.10596
G1 X1.767 Y10.112 Z15.747 E1205.32463
G1 X1.122 Y9.328 Z15.754 E1205.80207
G1 X-.207 Y8.781 Z15.762 E1206.47792
G1 X-1.167 Y9.481 Z15.77 E1207.03666
G1 X-1.68 Y10.008 Z15.774 E1207.38252
G1 X-2.544 Y11.264 Z15.783 E1208.09944
G1 X-3.386 Y12.317 Z15.791 E1208.73349
G1 X-4.331 Y13.435 Z15.8 E1209.42191
G1 X-5.27 Y14.489 Z15.809 E1210.08575
G1 X-5.444 Y14.673 Z15.81 E1210.20485
G1 X-5.443 Y14.636 Z15.811 E1210.22226
G1 X-5.278 Y13.343 Z15.818 E1210.83525
G1 X-4.954 Y11.762 Z15.828 E1211.5942
G1 X-4.463 Y9.218 Z15.844 E1212.81266
G1 X-4.492 Y8.15 Z15.85 E1213.31509
G1 X-5.267 Y6.879 Z15.859 E1214.01516
G1 X-6.509 Y6.903 Z15.867 E1214.59935
G1 X-7.256 Y7.059 Z15.872 E1214.95822
G1 X-8.699 Y7.596 Z15.881 E1215.68229
G1 X-9.969 Y7.965 Z15.889 E1216.30424
G1 X-11.439 Y8.349 Z15.898 E1217.01873
G1 X-12.773 Y8.649 Z15.906 E1217.66174
G1 X-13.042 Y8.698 Z15.908 E1217.79033
G1 X-13.015 Y8.662 E1217.81149
G1 X-12.094 Y7.692 Z15.916 E1218.44052
G1 X-10.906 Y6.618 Z15.926 E1219.19367
G1 X-8.994 Y4.87 Z15.942 E1220.41196
G1 X-8.326 Y3.956 Z15.949 E1220.94435
G1 X-8.189 Y2.421 Z15.958 E1221.66909
G1 X-9.273 Y1.694 Z15.966 E1222.28289
G1 X-10.004 Y1.398 Z15.971 E1222.65378
G1 X-11.491 Y1.008 Z15.98 E1223.37672
G1 X-12.76 Y0.574 Z15.988 E1224.00743
G1 X-14.142 Y0.057 Z15.997 E1224.70134
G1 X-15.437 Y-.488 Z16.006 E1225.36208
G1 X-15.693 Y-.611 Z16.007 E1225.49564
G1 X-15.636 Y-.629 Z16.008 E1225.52375
G1 X-14.307 Y-.871 Z16.016 E1226.15902
G1 X-12.723 Y-1.035 Z16.026 E1226.90792
G1 X-10.098 Y-1.303 Z16.042 E1228.1488
G1 X-8.985 Y-1.63 Z16.049 E1228.69434
G1 X-7.93 Y-2.826 Z16.058 E1229.44433
G1 X-8.419 Y-4.102 Z16.067 E1230.08696
G1 X-8.874 Y-4.777 Z16.071 E1230.46977
G1 X-9.846 Y-5.931 Z16.081 E1231.17933
G1 X-10.669 Y-7.06 Z16.089 E1231.83636
G1 X-11.496 Y-8.273 Z16.098 E1232.52676
G1 X-12.219 Y-9.444 Z16.106 E1233.17396
G1 X-12.373 Y-9.725 Z16.108 E1233.32465
G1 X-12.31 Y-9.705 Z16.109 E1233.35573
G1 X-11.072 Y-9.103 Z16.117 E1234.00311
G1 X-9.693 Y-8.3 Z16.127 E1234.75356
G1 X-7.438 Y-6.95 Z16.143 E1235.98954
G1 X-6.283 Y-6.504 Z16.15 E1236.57179
G1 X-4.675 Y-6.856 Z16.16 E1237.34589
G1 X-4.323 Y-8.238 Z16.169 E1238.01656
G1 X-4.32 Y-9.081 Z16.174 E1238.413
G1 X-4.454 Y-10.601 Z16.183 E1239.13059
G1 X-4.477 Y-11.968 Z16.191 E1239.77354
G1 X-4.455 Y-13.459 Z16.2 E1240.47479
G1 X-4.361 Y-14.831 Z16.209 E1241.12152
G1 X-4.317 Y-15.162 Z16.211 E1241.27855
G1 X-4.268 Y-15.094 E1241.31797
G1 X-3.622 Y-13.873 Z16.22 E1241.96759
G1 X-2.982 Y-12.407 Z16.229 E1242.71984
G1 X-1.974 Y-9.968 Z16.245 E1243.96093
G1 X-1.297 Y-8.865 Z16.253 E1244.56955
G1 X0.257 Y-8.169 Z16.263 E1245.3703
G1 X1.389 Y-9.138 Z16.272 E1246.07105
G1 X1.882 Y-9.856 Z16.278 E1246.48065
G1 X2.652 Y-11.183 Z16.287 E1247.20215
G1 X3.409 Y-12.297 Z16.295 E1247.83554
G1 X4.273 Y-13.488 Z16.304 E1248.52749
G1 X5.172 Y-14.583 Z16.313 E1249.19376
G1 X5.413 Y-14.838 Z16.315 E1249.35876
G1 X5.412 Y-14.743 E1249.40344
G1 X5.21 Y-13.354 Z16.324 E1250.06352
G1 X4.857 Y-11.783 Z16.334 E1250.82074
G1 X4.211 Y-9.223 Z16.35 E1252.06238
G1 X4.077 Y-7.876 Z16.358 E1252.69896
G1 X4.948 Y-6.357 Z16.369 E1253.52241
G1 X6.488 Y-6.494 Z16.378 E1254.24949
G1 X7.331 Y-6.818 Z16.383 E1254.6742
G1 X8.739 Y-7.467 Z16.393 E1255.4033
G1 X9.976 Y-7.935 Z16.401 E1256.02527
G1 X11.423 Y-8.428 Z16.41 E1256.74416
G1 X12.75 Y-8.785 Z16.418 E1257.3904
G1 X13.118 Y-8.853 Z16.421 E1257.56639
G1 X13.059 Y-8.774 E1257.61276
G1 X12.045 Y-7.742 Z16.43 E1258.29315
G1 X10.841 Y-6.691 Z16.44 E1259.04474
G1 X8.793 Y-5.022 Z16.456 E1260.28717
G1 X7.83 Y-3.979 Z16.464 E1260.95476
G1 X7.624 Y-2.187 Z16.475 E1261.80304
G1 X9.016 Y-1.376 Z16.485 E1262.56066
G1 X9.922 Y-1.159 Z16.491 E1262.99878
G1 X11.447 Y-.88 Z16.5 E1263.72785
;TIME_ELAPSED:116.492348
;LAYER:16
;note -- min layer time used
;TYPE:WALL-OUTER
;MESH:wavy.stl
G1 F2321.7 X12.909 Y-.501 Z16.508 E1264.43811
G1 X14.126 Y-.143 Z16.514 E1265.03467
G1 X15.261 Y0.276 Z16.521 E1265.60364
G1 X15.854 Y0.529 Z16.524 E1265.90683
G1 X15.763 Y0.557 E1265.95161
G1 X14.074 Y0.823 Z16.533 E1266.75568
G1 X12.258 Y0.964 Z16.543 E1267.61226
G1 X9.261 Y1.219 Z16.558 E1269.02676
G1 X8.383 Y1.573 Z16.563 E1269.47195
G1 X7.346 Y2.693 Z16.571 E1270.18975
G1 X7.909 Y3.895 Z16.578 E1270.81395
G1 X9.87 Y6.138 Z16.593 E1272.21505
G1 X10.757 Y7.189 Z16.6 E1272.8618
G1 X11.532 Y8.173 Z16.607 E1273.45084
G1 X12.213 Y9.171 Z16.613 E1274.01902
G1 X12.574 Y9.763 Z16.617 E1274.3451
G1 X12.58 Y9.775 E1274.35141
G1 X12.42 Y9.715 Z16.618 E1274.43177
G1 X10.913 Y8.936 Z16.626 E1275.22955
G1 X9.355 Y7.974 Z16.636 E1276.09065
G1 X6.79 Y6.397 Z16.651 E1277.50663
G1 X5.842 Y6.118 Z16.657 E1277.97136
G1 X4.287 Y6.428 Z16.665 E1278.71702
G1 X4.056 Y7.791 Z16.672 E1279.36714
G1 X4.373 Y10.765 Z16.687 E1280.77364
G1 X4.489 Y12.14 Z16.694 E1281.42256
G1 X4.55 Y13.389 Z16.701 E1282.01063
G1 X4.527 Y14.604 Z16.707 E1282.58211
G1 X4.475 Y15.337 Z16.711 E1282.92768
G1 X4.471 Y15.362 E1282.93959
G1 X4.343 Y15.164 Z16.712 E1283.05047
G1 X3.577 Y13.628 Z16.721 E1283.85764
G1 X2.89 Y11.939 Z16.731 E1284.71512
G1 X1.764 Y9.149 Z16.746 E1286.13
G1 X1.161 Y8.309 Z16.752 E1286.61627
G1 X-.327 Y7.614 Z16.76 E1287.3886
G1 X-1.333 Y8.647 Z16.768 E1288.06669
G1 X-2.803 Y11.295 Z16.783 E1289.49098
G1 X-3.41 Y12.332 Z16.789 E1290.05605
G1 X-4.175 Y13.528 Z16.797 E1290.72371
G1 X-4.892 Y14.496 Z16.803 E1291.29021
G1 X-5.393 Y15.103 Z16.807 E1291.66033
G1 X-5.417 Y15.127 E1291.67629
G1 X-5.398 Y14.815 Z16.809 E1291.82329
G1 X-5.112 Y13.137 Z16.818 E1292.62379
G1 X-4.669 Y11.365 Z16.827 E1293.48275
G1 X-3.914 Y8.442 Z16.843 E1294.90246
G1 X-3.871 Y7.362 Z16.848 E1295.41076
G1 X-4.698 Y5.879 Z16.857 E1296.20928
G1 X-6.167 Y6.158 Z16.865 E1296.91246
G1 X-8.894 Y7.479 Z16.88 E1298.33742
G1 X-10.139 Y8.038 Z16.887 E1298.97922
G1 X-11.312 Y8.509 Z16.894 E1299.57366
G1 X-12.473 Y8.889 Z16.9 E1300.14814
G1 X-13.329 Y9.118 Z16.905 E1300.56485
G1 X-13.078 Y8.816 Z16.907 E1300.74952
G1 X-11.848 Y7.624 Z16.916 E1301.55501
G1 X-10.456 Y6.466 Z16.925 E1302.40653
G1 X-8.104 Y4.553 Z16.941 E1303.83227
G1 X-7.379 Y3.691 Z16.947 E1304.36196
G1 X-7.162 Y1.946 Z16.956 E1305.1889
G1 X-8.583 Y1.31 Z16.964 E1305.92103
G1 X-11.597 Y0.817 Z16.98 E1307.35726
G1 X-12.926 Y0.557 Z16.987 E1307.9941
G1 X-14.16 Y0.258 Z16.993 E1308.5912
G1 X-15.326 Y-.105 Z16.999 E1309.1655
G1 X-16.213 Y-.438 Z17.004 E1309.61105
G1 X-15.761 Y-.552 Z17.007 E1309.83027
G1 X-14.07 Y-.787 Z17.016 E1310.63314
G1 X-12.254 Y-.901 Z17.025 E1311.48883
G1 X-9.225 Y-1.042 Z17.041 E1312.91482
G1 X-8.079 Y-1.296 Z17.047 E1313.46683
G1 X-6.835 Y-2.619 Z17.056 E1314.32084
G1 X-7.664 Y-4.006 Z17.064 E1315.08073
G1 X-9.853 Y-6.153 Z17.08 E1316.52266
G1 X-10.804 Y-7.153 Z17.087 E1317.17163
G1 X-11.628 Y-8.1 Z17.094 E1317.76196
G1 X-12.366 Y-9.071 Z17.1 E1318.33552
G1 X-12.883 Y-9.848 Z17.105 E1318.77441
G1 X-12.912 Y-9.906 E1318.80491
G1 X-12.422 Y-9.708 Z17.108 E1319.05344
G1 X-10.933 Y-8.906 Z17.117 E1319.84879
G1 X-9.389 Y-7.921 Z17.126 E1320.71006
G1 X-6.865 Y-6.234 Z17.142 E1322.13774
G1 X-5.758 Y-5.717 Z17.148 E1322.7123
G1 X-3.918 Y-6.064 Z17.158 E1323.59285
G1 X-3.792 Y-7.736 Z17.167 E1324.38138
G1 X-4.35 Y-10.767 Z17.183 E1325.83072
G1 X-4.549 Y-12.139 Z17.19 E1326.48268
G1 X-4.671 Y-13.386 Z17.196 E1327.07191
G1 X-4.711 Y-14.614 Z17.203 E1327.64971
G1 X-4.675 Y-15.583 Z17.208 E1328.10571
G1 X-4.662 Y-15.664 E1328.14429
G1 X-4.348 Y-15.16 Z17.211 E1328.42354
G1 X-3.61 Y-13.614 Z17.22 E1329.22917
G1 X-2.951 Y-11.924 Z17.229 E1330.08221
G1 X-1.921 Y-9.061 Z17.245 E1331.51307
G1 X-1.331 Y-7.935 Z17.252 E1332.11089
G1 X0.413 Y-7.104 Z17.262 E1333.01939
G1 X1.514 Y-8.448 Z17.271 E1333.83643
G1 X2.822 Y-11.283 Z17.287 E1335.3047
G1 X3.369 Y-12.361 Z17.293 E1335.87318
G1 X4.076 Y-13.596 Z17.3 E1336.5424
G1 X4.749 Y-14.61 Z17.307 E1337.11473
G1 X5.379 Y-15.422 Z17.312 E1337.59804
G1 X5.44 Y-15.484 E1337.63895
G1 X5.391 Y-14.815 Z17.316 E1337.9544
G1 X5.076 Y-13.145 Z17.325 E1338.7536
G1 X4.607 Y-11.381 Z17.334 E1339.61198
G1 X3.735 Y-8.464 Z17.35 E1341.04374
G1 X3.514 Y-7.157 Z17.357 E1341.66711
G1 X4.47 Y-5.415 Z17.367 E1342.60157
G1 X6.196 Y-5.891 Z17.376 E1343.44356
G1 X8.903 Y-7.458 Z17.392 E1344.91448
G1 X10.12 Y-8.094 Z17.399 E1345.56024
G1 X11.272 Y-8.623 Z17.406 E1346.15638
G1 X12.425 Y-9.066 Z17.412 E1346.73725
G1 X13.563 Y-9.402 Z17.418 E1347.29526
G1 X13.072 Y-8.82 Z17.422 E1347.65334
G1 X11.823 Y-7.652 Z17.431 E1348.45752
G1 X10.416 Y-6.515 Z17.441 E1349.30823
G1 X7.972 Y-4.675 Z17.456 E1350.74689
G1 X6.971 Y-3.736 Z17.464 E1351.39233
G1 X6.704 Y-1.706 Z17.474 E1352.3552
G1 X8.449 Y-1.076 Z17.484 E1353.22766
G1 X11.592 Y-.795 Z17.5 E1354.71162
;TIME_ELAPSED:121.585693
;LAYER:17
;TYPE:WALL-OUTER
;MESH:wavy.stl
G1 F2400 X13.751 Y-.459 Z17.51 E1355.73915
G1 X15.204 Y-.116 Z17.516 E1356.44123
G1 X16.456 Y0.306 Z17.522 E1357.06255
G1 X16.58 Y0.348 Z17.523 E1357.12412
G1 X16.577 Y0.349 E1357.12561
G1 X15.909 Y0.511 Z17.526 E1357.44885
G1 X13.991 Y0.755 Z17.534 E1358.3581
G1 X11.954 Y0.845 Z17.543 E1359.31697
G1 X8.674 Y0.936 Z17.558 E1360.86004
G1 X7.558 Y1.264 Z17.563 E1361.40706
G1 X6.351 Y2.56 Z17.571 E1362.23991
G1 X7.316 Y3.926 Z17.578 E1363.02642
G1 X8.132 Y4.694 Z17.583 E1363.55339
G1 X8.75 Y5.22 Z17.587 E1363.93503
G1 X10.142 Y6.438 Z17.595 E1364.80486
G1 X11.412 Y7.691 Z17.603 E1365.64386
G1 X12.402 Y8.823 Z17.609 E1366.35106
G1 X13.168 Y9.878 Z17.615 E1366.96418
G1 X13.283 Y10.066 Z17.616 E1367.06782
G1 X13.263 Y10.061 E1367.07751
G1 X12.565 Y9.767 Z17.62 E1367.43369
G1 X10.883 Y8.838 Z17.628 E1368.33731
G1 X9.171 Y7.7 Z17.637 E1369.30405
G1 X6.477 Y5.839 Z17.652 E1370.84385
G1 X5.361 Y5.402 Z17.657 E1371.40747
G1 X3.577 Y5.769 Z17.665 E1372.26399
G1 X3.587 Y7.475 Z17.673 E1373.06629
G1 X3.811 Y8.581 Z17.678 E1373.59696
G1 X4.004 Y9.351 Z17.681 E1373.97027
G1 X4.435 Y11.172 Z17.689 E1374.85029
G1 X4.739 Y12.925 Z17.697 E1375.68697
G1 X4.889 Y14.432 Z17.704 E1376.39917
G1 X4.9 Y15.727 Z17.71 E1377.00819
G1 X4.879 Y16.047 Z17.711 E1377.159
G1 X4.854 Y16.018 E1377.17701
G1 X4.426 Y15.299 Z17.715 E1377.5705
G1 X3.606 Y13.53 Z17.724 E1378.48744
G1 X2.907 Y11.644 Z17.732 E1379.43332
G1 X1.829 Y8.522 Z17.747 E1380.98656
G1 X1.19 Y7.462 Z17.753 E1381.56861
G1 X-.524 Y6.709 Z17.761 E1382.44901
G1 X-1.511 Y8.141 Z17.768 E1383.26689
G1 X-1.969 Y9.179 Z17.773 E1383.80044
G1 X-2.258 Y9.919 Z17.777 E1384.17404
G1 X-2.957 Y11.631 Z17.785 E1385.04366
G1 X-3.741 Y13.253 Z17.793 E1385.89086
G1 X-4.491 Y14.563 Z17.8 E1386.60074
G1 X-5.244 Y15.642 Z17.806 E1387.2195
G1 X-5.502 Y15.956 Z17.807 E1387.41062
G1 X-5.505 Y15.905 Z17.808 E1387.43465
G1 X-5.415 Y14.966 Z17.812 E1387.87825
G1 X-5.035 Y13.075 Z17.82 E1388.78531
G1 X-4.477 Y11.107 Z17.829 E1389.74728
G1 X-3.507 Y7.973 Z17.844 E1391.29008
G1 X-3.364 Y6.707 Z17.85 E1391.88922
G1 X-4.355 Y5.057 Z17.858 E1392.79436
G1 X-6.014 Y5.674 Z17.866 E1393.62675
G1 X-6.992 Y6.26 Z17.871 E1394.16291
G1 X-7.638 Y6.682 Z17.874 E1394.52578
G1 X-9.221 Y7.681 Z17.883 E1395.40606
G1 X-10.809 Y8.551 Z17.891 E1396.25758
G1 X-12.174 Y9.178 Z17.897 E1396.96397
G1 X-13.439 Y9.627 Z17.903 E1397.59523
G1 X-13.916 Y9.763 Z17.905 E1397.82848
G1 X-13.878 Y9.703 Z17.906 E1397.86189
G1 X-13.188 Y8.93 Z17.91 E1398.34916
G1 X-11.752 Y7.616 Z17.919 E1399.26452
G1 X-10.162 Y6.37 Z17.928 E1400.21448
G1 X-7.509 Y4.405 Z17.942 E1401.76705
G1 X-6.601 Y3.452 Z17.948 E1402.38607
G1 X-6.445 Y1.488 Z17.957 E1403.31259
G1 X-8.193 Y1.031 Z17.965 E1404.16225
G1 X-9.338 Y0.944 Z17.97 E1404.70226
G1 X-10.122 Y0.914 Z17.973 E1405.07122
G1 X-12.004 Y0.804 Z17.982 E1405.95778
G1 X-13.777 Y0.592 Z17.99 E1406.7975
G1 X-15.254 Y0.309 Z17.996 E1407.50472
G1 X-16.544 Y-0.059 Z18.002 E1408.13557
G1 X-17.103 Y-.264 Z18.005 E1408.41557
G1 X-17.023 Y-.296 E1408.45609
G1 X-15.914 Y-.532 Z18.01 E1408.9893
G1 X-13.99 Y-.742 Z18.019 E1409.89947
G1 X-11.953 Y-.811 Z18.028 E1410.85795
G1 X-8.661 Y-.827 Z18.042 E1412.40609
G1 X-7.321 Y-1.041 Z18.048 E1413.04424
G1 X-6.024 Y-2.59 Z18.057 E1413.99432
G1 X-7.214 Y-3.996 Z18.066 E1414.86056
G1 X-8.102 Y-4.729 Z18.071 E1415.40205
G1 X-8.744 Y-5.227 Z18.074 E1415.78414
G1 X-10.186 Y-6.392 Z18.082 E1416.65593
G1 X-11.51 Y-7.599 Z18.09 E1417.49846
G1 X-12.558 Y-8.697 Z18.097 E1418.21226
G1 X-13.389 Y-9.737 Z18.103 E1418.8383
G1 X-13.766 Y-10.31 Z18.106 E1419.16085
G1 X-13.666 Y-10.285 E1419.20933
G1 X-12.556 Y-9.788 Z18.112 E1419.78126
G1 X-10.89 Y-8.826 Z18.12 E1420.68596
G1 X-9.198 Y-7.678 Z18.129 E1421.64752
G1 X-6.531 Y-5.742 Z18.144 E1423.19734
G1 X-5.301 Y-5.083 Z18.15 E1423.85355
G1 X-3.294 Y-5.6 Z18.159 E1424.82819
G1 X-3.463 Y-7.472 Z18.168 E1425.71212
G1 X-3.765 Y-8.592 Z18.173 E1426.25763
G1 X-3.995 Y-9.353 Z18.176 E1426.63149
G1 X-4.498 Y-11.161 Z18.184 E1427.51403
G1 X-4.872 Y-12.909 Z18.192 E1428.35466
G1 X-5.089 Y-14.421 Z18.199 E1429.073
G1 X-5.161 Y-15.745 Z18.205 E1429.69655
G1 X-5.126 Y-16.528 Z18.208 E1430.06514
G1 X-5.048 Y-16.434 Z18.209 E1430.12258
G1 X-4.407 Y-15.311 Z18.215 E1430.73067
G1 X-3.618 Y-13.525 Z18.223 E1431.64887
G1 X-2.938 Y-11.633 Z18.232 E1432.59434
G1 X-1.929 Y-8.475 Z18.247 E1434.15341
G1 X-1.328 Y-7.169 Z18.253 E1434.82949
G1 X0.653 Y-6.408 Z18.263 E1435.82747
G1 X1.609 Y-8.066 Z18.271 E1436.7275
G1 X2.012 Y-9.161 Z18.276 E1437.27621
G1 X2.273 Y-9.931 Z18.28 E1437.65856
G1 X2.903 Y-11.664 Z18.288 E1438.52572
G1 X3.623 Y-13.319 Z18.296 E1439.37447
G1 X4.322 Y-14.672 Z18.303 E1440.09064
G1 X5.042 Y-15.808 Z18.309 E1440.72313
G1 X5.585 Y-16.49 Z18.313 E1441.13309
G1 X5.593 Y-16.359 E1441.19481
G1 X5.436 Y-14.964 Z18.319 E1441.85498
G1 X5.022 Y-13.078 Z18.328 E1442.76302
G1 X4.447 Y-11.12 Z18.337 E1443.72269
G1 X3.398 Y-7.994 Z18.351 E1445.27331
G1 X3.082 Y-6.551 Z18.358 E1445.96799
G1 X4.279 Y-4.735 Z18.368 E1446.99083
G1 X6.05 Y-5.555 Z18.376 E1447.90862
G1 X7.017 Y-6.22 Z18.381 E1448.46052
G1 X7.644 Y-6.673 Z18.385 E1448.82429
G1 X9.192 Y-7.736 Z18.393 E1449.70737
G1 X10.753 Y-8.673 Z18.401 E1450.56356
G1 X12.102 Y-9.365 Z18.408 E1451.27655
G1 X13.365 Y-9.878 Z18.414 E1451.91762
G1 X14.289 Y-10.138 Z18.418 E1452.36903
G1 X14.206 Y-10.007 Z18.419 E1452.44196
G1 X13.205 Y-8.916 Z18.425 E1453.13825
G1 X11.743 Y-7.626 Z18.434 E1454.05516
G1 X10.142 Y-6.396 Z18.443 E1455.0046
G1 X7.434 Y-4.486 Z18.458 E1456.56299
G1 X6.279 Y-3.493 Z18.464 E1457.27929
G1 X6.196 Y-1.273 Z18.474 E1458.32401
G1 X8.152 Y-.914 Z18.483 E1459.25922
G1 X9.334 Y-.897 Z18.488 E1459.81514
G1 X10.121 Y-.904 Z18.492 E1460.18526
G1 X12.013 Y-.867 Z18.5 E1461.07517
;TIME_ELAPSED:127.347685
;LAYER:18
;TYPE:WALL-OUTER
;MESH:wavy.stl
G1 X13.147 Y-.777 Z18.504 E1461.61013
G1 X15.012 Y-.545 Z18.512 E1462.49394
G1 X16.63 Y-.187 Z18.518 E1463.27324
G1 X17.613 Y0.172 Z18.522 E1463.76537
G1 X17.633 Y0.179 E1463.77534
G1 X17.611 Y0.187 E1463.78635
G1 X16.182 Y0.502 Z18.528 E1464.47449
G1 X14.056 Y0.724 Z18.537 E1465.47972
G1 X11.852 Y0.779 Z18.545 E1466.51651
G1 X8.345 Y0.747 Z18.559 E1468.16581
G1 X6.896 Y1.068 Z18.565 E1468.86375
G1 X5.847 Y2.748 Z18.572 E1469.79516
G1 X7.169 Y4.086 Z18.58 E1470.6797
G1 X9.642 Y5.899 Z18.592 E1472.12172
G1 X11.115 Y7.087 Z18.599 E1473.01164
G1 X12.49 Y8.355 Z18.606 E1473.89124
G1 X13.605 Y9.592 Z18.613 E1474.6744
G1 X14.22 Y10.481 Z18.617 E1475.18276
G1 X14.272 Y10.564 E1475.22882
G1 X14.16 Y10.53 Z18.618 E1475.28386
G1 X12.79 Y9.925 Z18.624 E1475.98815
G1 X10.948 Y8.852 Z18.632 E1476.99064
G1 X9.137 Y7.599 Z18.641 E1478.02627
G1 X6.317 Y5.5 Z18.654 E1479.67945
G1 X4.933 Y4.867 Z18.66 E1480.39515
G1 X3.089 Y5.664 Z18.668 E1481.33985
G1 X3.394 Y7.518 Z18.675 E1482.22345
G1 X4.347 Y10.438 Z18.687 E1483.66791
G1 X4.854 Y12.272 Z18.695 E1484.56273
G1 X5.23 Y14.093 Z18.702 E1485.43715
G1 X5.42 Y15.749 Z18.709 E1486.22103
G1 X5.41 Y16.871 Z18.713 E1486.74869
G1 X5.395 Y17.046 Z18.714 E1486.83129
G1 X5.269 Y16.878 Z18.715 E1486.93004
G1 X4.507 Y15.55 Z18.721 E1487.65006
G1 X3.655 Y13.601 Z18.729 E1488.65036
G1 X2.927 Y11.516 Z18.737 E1489.68892
G1 X1.888 Y8.158 Z18.751 E1491.34194
G1 X1.15 Y6.785 Z18.757 E1492.07498
G1 X-.851 Y6.386 Z18.765 E1493.03451
G1 X-1.676 Y8.079 Z18.773 E1493.92018
G1 X-2.217 Y9.806 Z18.78 E1494.77124
G1 X-2.606 Y11.004 Z18.785 E1495.36358
G1 X-3.262 Y12.786 Z18.792 E1496.25658
G1 X-4.016 Y14.488 Z18.799 E1497.132
G1 X-4.831 Y15.959 Z18.806 E1497.92284
G1 X-5.508 Y16.894 Z18.81 E1498.4657
G1 X-5.673 Y17.086 Z18.811 E1498.58475
G1 X-5.678 Y16.782 Z18.812 E1498.72773
G1 X-5.502 Y15.228 Z18.819 E1499.4632
G1 X-5.038 Y13.145 Z18.827 E1500.46677
G1 X-4.397 Y11.031 Z18.835 E1501.50561
G1 X-3.258 Y7.713 Z18.849 E1503.15534
G1 X-3.011 Y6.134 Z18.855 E1503.90692
G1 X-4.452 Y4.643 Z18.863 E1504.88204
G1 X-6.105 Y5.547 Z18.871 E1505.76805
G1 X-8.591 Y7.397 Z18.883 E1507.22532
G1 X-10.136 Y8.444 Z18.89 E1508.103
G1 X-11.752 Y9.397 Z18.898 E1508.98526
G1 X-13.272 Y10.121 Z18.904 E1509.77701
G1 X-14.399 Y10.505 Z18.909 E1510.33692
G1 X-14.721 Y10.579 Z18.91 E1510.4923
G1 X-14.493 Y10.255 Z18.912 E1510.67861
G1 X-13.409 Y9.082 Z18.918 E1511.42971
G1 X-11.808 Y7.677 Z18.926 E1512.43141
G1 X-10.034 Y6.337 Z18.935 E1513.47692
G1 X-7.163 Y4.334 Z18.948 E1515.12317
G1 X-5.986 Y3.192 Z18.955 E1515.89439
G1 X-6.331 Y1.114 Z18.963 E1516.88498
G1 X-8.2 Y0.897 Z18.97 E1517.76982
G1 X-11.296 Y0.949 Z18.983 E1519.22597
G1 X-13.157 Y0.9 Z18.99 E1520.10144
G1 X-15.04 Y0.732 Z18.997 E1520.99047
G1 X-16.7 Y0.438 Z19.004 E1521.78327
G1 X-17.878 Y0.088 Z19.009 E1522.36118
G1 X-18.255 Y-0.073 Z19.01 E1522.55396
G1 X-17.79 Y-.232 Z19.012 E1522.78506
G1 X-16.189 Y-.541 Z19.018 E1523.55185
G1 X-14.057 Y-.731 Z19.027 E1524.55844
G1 X-11.852 Y-.768 Z19.035 E1525.59552
G1 X-8.341 Y-.692 Z19.049 E1527.24702
G1 X-6.677 Y-.899 Z19.056 E1528.03558
G1 X-5.758 Y-2.834 Z19.064 E1529.04296
G1 X-7.161 Y-4.098 Z19.071 E1529.93102
G1 X-9.683 Y-5.846 Z19.083 E1531.37406
G1 X-11.196 Y-6.994 Z19.091 E1532.2672
G1 X-12.622 Y-8.22 Z19.098 E1533.15157
G1 X-13.808 Y-9.428 Z19.105 E1533.94768
G1 X-14.589 Y-10.428 Z19.11 E1534.54438
G1 X-14.837 Y-10.844 Z19.111 E1534.77214
G1 X-14.277 Y-10.671 Z19.114 E1535.04777
G1 X-12.773 Y-9.961 Z19.12 E1535.8299
G1 X-10.944 Y-8.857 Z19.129 E1536.83456
G1 X-9.143 Y-7.59 Z19.137 E1537.8701
G1 X-6.346 Y-5.453 Z19.151 E1539.52541
G1 X-4.855 Y-4.6 Z19.158 E1540.33322
G1 X-2.965 Y-5.682 Z19.166 E1541.35737
G1 X-3.381 Y-7.522 Z19.173 E1542.2445
G1 X-4.414 Y-10.428 Z19.186 E1543.69487
G1 X-4.975 Y-12.244 Z19.193 E1544.5887
G1 X-5.418 Y-14.062 Z19.2 E1545.46866
G1 X-5.681 Y-15.736 Z19.207 E1546.26555
G1 X-5.739 Y-17.045 Z19.212 E1546.88173
G1 X-5.688 Y-17.605 Z19.214 E1547.14617
G1 X-5.282 Y-17.063 Z19.217 E1547.46464
G1 X-4.472 Y-15.569 Z19.223 E1548.26383
G1 X-3.649 Y-13.603 Z19.232 E1549.26612
G1 X-2.938 Y-11.513 Z19.24 E1550.30429
G1 X-1.938 Y-8.137 Z19.254 E1551.9601
G1 X-1.244 Y-6.523 Z19.261 E1552.78631
G1 X0.961 Y-6.328 Z19.27 E1553.82729
G1 X1.689 Y-8.075 Z19.277 E1554.71733
G1 X2.187 Y-9.816 Z19.284 E1555.5689
G1 X2.544 Y-11.027 Z19.289 E1556.16262
G1 X3.148 Y-12.834 Z19.296 E1557.05861
G1 X3.847 Y-14.572 Z19.304 E1557.93956
G1 X4.613 Y-16.103 Z19.31 E1558.74463
G1 X5.343 Y-17.228 Z19.316 E1559.3753
G1 X5.765 Y-17.71 Z19.318 E1559.67657
G1 X5.776 Y-16.939 Z19.321 E1560.03918
G1 X5.541 Y-15.223 Z19.328 E1560.85369
G1 X5.043 Y-13.143 Z19.336 E1561.85949
G1 X4.388 Y-11.041 Z19.345 E1562.89488
G1 X3.203 Y-7.726 Z19.359 E1564.55042
G1 X2.781 Y-5.978 Z19.366 E1565.39607
G1 X4.507 Y-4.531 Z19.374 E1566.45525
G1 X6.113 Y-5.536 Z19.382 E1567.34619
G1 X8.553 Y-7.453 Z19.394 E1568.80542
G92 E0
G1 X10.071 Y-8.551 Z19.401 E0.88104
G1 X11.665 Y-9.565 Z19.409 E1.76946
G1 X13.175 Y-10.364 Z19.415 E2.57285
G1 X14.461 Y-10.872 Z19.421 E3.22309
G1 X15.162 Y-11.031 Z19.423 E3.56112
G1 X14.664 Y-10.324 Z19.427 E3.9678
G1 X13.438 Y-9.054 Z19.434 E4.79792
G1 X11.812 Y-7.672 Z19.442 E5.80145
G1 X10.027 Y-6.346 Z19.451 E6.84715
G1 X7.126 Y-4.376 Z19.464 E8.49622
G1 X5.708 Y-3.202 Z19.472 E9.36195
G1 X6.309 Y-.99 Z19.481 E10.43989
G1 X8.2 Y-.883 Z19.488 E11.33059
G1 X11.298 Y-1.016 Z19.5 E12.78882
;TIME_ELAPSED:133.887369
;LAYER:19
;TYPE:WALL-OUTER
;MESH:wavy.stl
G1 X12.313 Y-1.02 Z19.504 E13.26615
G1 X14.521 Y-.95 Z19.511 E14.30502
G1 X16.598 Y-.712 Z19.519 E15.28815
G1 X18.203 Y-.32 Z19.524 E16.06512
G1 X18.868 Y-0.04 Z19.527 E16.40444
G1 X18.883 Y-0.034 E16.41203
G1 X18.874 Y-0.028 E16.41712
G1 X18.439 Y0.119 Z19.529 E16.63305
G1 X16.542 Y0.522 Z19.536 E17.54506
G1 X14.266 Y0.723 Z19.544 E18.61955
G1 X11.949 Y0.759 Z19.552 E19.70929
G1 X8.287 Y0.645 Z19.565 E21.43224
G1 X6.345 Y1.011 Z19.571 E22.36157
G1 X6.194 Y3.324 Z19.58 E23.45162
G1 X7.514 Y4.337 Z19.585 E24.23409
G1 X8.781 Y5.168 Z19.591 E24.94665
G1 X10.594 Y6.41 Z19.599 E25.98012
G1 X12.323 Y7.74 Z19.606 E27.00594
G1 X13.878 Y9.146 Z19.614 E27.9918
G1 X14.97 Y10.406 Z19.619 E28.7759
G1 X15.389 Y11.068 Z19.622 E29.14433
G1 X15.418 Y11.127 E29.17525
G1 X15.371 Y11.123 Z19.623 E29.19744
G1 X14.835 Y10.952 Z19.625 E29.46202
G1 X13.073 Y10.157 Z19.631 E30.37106
G1 X11.122 Y8.981 Z19.639 E31.44234
G1 X9.217 Y7.637 Z19.647 E32.53871
G1 X6.325 Y5.393 Z19.66 E34.26012
G1 X4.501 Y4.499 Z19.667 E35.21538
G1 X3.057 Y6.336 Z19.676 E36.31421
G1 X3.538 Y7.921 Z19.682 E37.09315
G1 X4.135 Y9.485 Z19.687 E37.8804
G1 X4.819 Y11.389 Z19.694 E38.83182
G1 X5.454 Y13.501 Z19.702 E39.86894
G1 X5.898 Y15.546 Z19.71 E40.85304
G1 X6.06 Y17.228 Z19.716 E41.64769
G1 X6.02 Y18.068 Z19.718 E42.04316
G1 X5.999 Y18.183 Z19.719 E42.09814
G1 X5.935 Y18.128 E42.13782
G1 X5.546 Y17.591 Z19.722 E42.44965
G1 X4.601 Y15.913 Z19.728 E43.35529
G1 X3.707 Y13.784 Z19.736 E44.44118
G1 X2.963 Y11.581 Z19.745 E45.53466
G1 X1.949 Y8.082 Z19.757 E47.24783
G1 X1.006 Y6.228 Z19.765 E48.226
G1 X-1.248 Y6.92 Z19.773 E49.33481
G1 X-1.784 Y8.491 Z19.779 E50.11542
G1 X-2.171 Y9.957 Z19.784 E50.82845
G1 X-2.771 Y12.043 Z19.792 E51.8492
G1 X-3.492 Y14.142 Z19.799 E52.8929
G1 X-4.324 Y16.064 Z19.807 E53.8778
G1 X-5.176 Y17.541 Z19.813 E54.67966
G1 X-5.731 Y18.257 Z19.816 E55.10568
G1 X-5.851 Y18.372 Z19.817 E55.18385
G1 X-5.878 Y18.252 E55.24169
G1 X-5.874 Y17.493 Z19.82 E55.59863
G1 X-5.64 Y15.565 Z19.827 E56.51196
G1 X-5.114 Y13.353 Z19.835 E57.58119
G1 X-4.417 Y11.125 Z19.843 E58.67902
G1 X-3.172 Y7.683 Z19.856 E60.40031
G1 X-2.812 Y5.58 Z19.863 E61.40367
G1 X-5.08 Y4.867 Z19.871 E62.5217
G1 X-6.431 Y5.827 Z19.877 E63.30109
G1 X-7.705 Y6.87 Z19.883 E64.07538
G1 X-9.324 Y8.145 Z19.89 E65.04449
G1 X-11.117 Y9.414 Z19.898 E66.0775
G1 X-12.918 Y10.497 Z19.905 E67.06579
G1 X-14.481 Y11.213 Z19.911 E67.87427
G1 X-15.412 Y11.496 Z19.915 E68.33186
G1 X-15.626 Y11.524 Z19.916 E68.43336
G1 X-15.562 Y11.378 E68.50833
G1 X-15.053 Y10.689 Z19.919 E68.91117
G1 X-13.72 Y9.272 Z19.926 E69.82605
G1 X-11.985 Y7.79 Z19.934 E70.8991
G1 X-10.115 Y6.404 Z19.942 E71.99371
G1 X-7.082 Y4.354 Z19.955 E73.71527
G1 X-5.496 Y2.85 Z19.963 E74.74314
G1 X-6.966 Y0.951 Z19.971 E75.87248
G1 X-8.627 Y0.943 Z19.977 E76.6536
G1 X-10.273 Y1.044 Z19.983 E77.42912
G1 X-12.313 Y1.131 Z19.99 E78.38933
G1 X-14.531 Y1.116 Z19.998 E79.43241
G1 X-16.631 Y0.946 Z20.005 E80.4232
G1 X-18.334 Y0.62 Z20.011 E81.23861
G1 X-19.316 Y0.292 Z20.015 E81.72549
G1 X-19.552 Y0.164 Z20.016 E81.85174
G1 X-19.38 Y0.063 E81.94554
G1 X-18.474 Y-.221 Z20.02 E82.39205
G1 X-16.55 Y-.573 Z20.027 E83.31186
G1 X-14.268 Y-.747 Z20.035 E84.38812
G1 X-11.949 Y-.767 Z20.043 E85.47871
G1 X-8.286 Y-.639 Z20.056 E87.20235
G1 X-6.068 Y-.908 Z20.064 E88.25305
G1 X-6.195 Y-3.324 Z20.072 E89.39078
G1 X-7.538 Y-4.301 Z20.078 E90.17179
G1 X-8.82 Y-5.11 Z20.083 E90.88467
G1 X-10.66 Y-6.319 Z20.091 E91.92004
G1 X-12.429 Y-7.61 Z20.099 E92.94992
G1 X-14.041 Y-8.977 Z20.106 E93.94386
G1 X-15.251 Y-10.24 Z20.112 E94.7664
G1 X-15.9 Y-11.129 Z20.116 E95.28402
G1 X-16.036 Y-11.415 Z20.117 E95.43294
G1 X-15.802 Y-11.393 Z20.118 E95.54347
G1 X-14.803 Y-11.055 Z20.122 E96.03943
G1 X-13.05 Y-10.203 Z20.129 E96.95602
G1 X-11.11 Y-9.001 Z20.137 E98.02926
G1 X-9.212 Y-7.643 Z20.145 E99.12676
G1 X-6.329 Y-5.386 Z20.158 E100.84859
G1 X-4.336 Y-4.249 Z20.166 E101.92762
G1 X-3.059 Y-6.335 Z20.174 E103.07782
G1 X-3.578 Y-7.907 Z20.18 E103.85633
G1 X-4.202 Y-9.46 Z20.186 E104.6434
G1 X-4.926 Y-11.354 Z20.193 E105.59694
G1 X-5.617 Y-13.461 Z20.201 E106.63972
G1 X-6.13 Y-15.505 Z20.208 E107.63076
G1 X-6.385 Y-17.259 Z20.214 E108.46428
G1 X-6.398 Y-18.416 Z20.219 E109.00841
G1 X-6.33 Y-18.78 Z20.22 E109.18255
G1 X-6.126 Y-18.601 Z20.221 E109.31018
G1 X-5.46 Y-17.655 Z20.225 E109.85424
G1 X-4.555 Y-15.937 Z20.232 E110.7674
G1 X-3.686 Y-13.793 Z20.24 E111.85532
G1 X-2.96 Y-11.599 Z20.248 E112.94211
G1 X-1.956 Y-8.079 Z20.261 E114.66347
G1 X-1.019 Y-5.93 Z20.269 E115.76596
G1 X1.247 Y-6.921 Z20.278 E116.92903
G1 X1.744 Y-8.502 Z20.284 E117.70839
G1 X2.107 Y-9.976 Z20.289 E118.42228
G1 X2.669 Y-12.093 Z20.297 E119.45232
G1 X3.337 Y-14.202 Z20.304 E120.49267
G1 X4.113 Y-16.167 Z20.312 E121.48619
G1 X4.931 Y-17.758 Z20.318 E122.32748
G1 X5.631 Y-18.762 Z20.322 E122.90306
G1 X5.935 Y-19.049 Z20.324 E123.09966
G1 X6.003 Y-18.747 Z20.325 E123.24524
G1 X5.982 Y-17.494 Z20.329 E123.83457
G1 X5.692 Y-15.557 Z20.336 E124.75563
G1 X5.137 Y-13.347 Z20.344 E125.82719
G1 X4.425 Y-11.123 Z20.352 E126.92535
G1 X3.165 Y-7.685 Z20.365 E128.64729
G1 X2.626 Y-5.347 Z20.374 E129.77561
G1 X5.079 Y-4.868 Z20.382 E130.95096
G1 X6.405 Y-5.861 Z20.388 E131.73001
G1 X7.661 Y-6.926 Z20.394 E132.50442
G1 X9.258 Y-8.236 Z20.401 E133.47578
G1 X11.027 Y-9.555 Z20.409 E134.51347
G1 X12.808 Y-10.704 Z20.416 E135.51019
G1 X14.41 Y-11.532 Z20.423 E136.35823
G1 X15.628 Y-11.963 Z20.427 E136.96582
G1 X16.091 Y-12.022 Z20.429 E137.18532
G1 X15.953 Y-11.704 Z20.43 E137.34834
G1 X15.141 Y-10.627 Z20.435 E137.98263
G1 X13.757 Y-9.236 Z20.442 E138.90541
G1 X12 Y-7.772 Z20.45 E139.9809
G1 X10.12 Y-6.398 Z20.458 E141.07596
G1 X7.077 Y-4.36 Z20.471 E142.79827
G1 X5.21 Y-2.77 Z20.48 E143.95151
G1 X6.967 Y-.953 Z20.488 E145.14013
G1 X8.625 Y-.986 Z20.494 E145.91999
G1 X10.27 Y-1.116 Z20.5 E146.69599
;TIME_ELAPSED:141.123795
;LAYER:20
;TYPE:WALL-OUTER
;MESH:wavy.stl
G1 X11.384 Y-1.185 Z20.504 E147.22087
G1 X13.754 Y-1.267 Z20.511 E148.33607
G1 X16.194 Y-1.201 Z20.519 E149.48394
G1 X18.376 Y-.931 Z20.526 E150.51788
G1 X19.852 Y-.491 Z20.531 E151.24218
G1 X20.213 Y-.301 Z20.532 E151.43403
G1 X20.221 Y-.296 E151.43846
G1 X20.219 Y-.293 E151.44016
G1 X20.19 Y-.277 E151.45573
G1 X18.984 Y0.177 Z20.536 E152.06173
G1 X16.964 Y0.562 Z20.543 E153.02877
G1 X14.601 Y0.751 Z20.55 E154.14355
G1 X12.207 Y0.776 Z20.558 E155.26943
G1 X8.504 Y0.646 Z20.57 E157.0119
G1 X5.832 Y1.058 Z20.578 E158.2833
G1 X6.933 Y3.821 Z20.588 E159.68201
G1 X8.279 Y4.695 Z20.593 E160.43672
G1 X9.931 Y5.724 Z20.599 E161.35199
G1 X11.883 Y7.03 Z20.607 E162.45646
G1 X13.829 Y8.515 Z20.614 E163.60761
G1 X15.454 Y10.013 Z20.622 E164.64696
G1 X16.1 Y10.809 Z20.625 E165.12905
G1 X16.417 Y11.237 Z20.626 E165.37952
G1 X16.645 Y11.663 Z20.628 E165.60674
G1 X16.656 Y11.697 E165.62355
G1 X16.641 Y11.7 E165.63074
G1 X16.514 Y11.682 Z20.629 E165.69106
G1 X15.249 Y11.322 Z20.633 E166.30957
G1 X13.389 Y10.437 Z20.639 E167.27823
G1 X11.363 Y9.195 Z20.647 E168.39577
G1 X9.44 Y7.824 Z20.654 E169.50639
G1 X6.496 Y5.524 Z20.666 E171.26327
G1 X4.049 Y4.263 Z20.675 E172.55782
G1 X3.377 Y7.162 Z20.685 E173.95727
G1 X3.952 Y8.66 Z20.69 E174.71184
G1 X4.7 Y10.482 Z20.696 E175.63806
G1 X5.511 Y12.666 Z20.703 E176.73365
G1 X6.224 Y15.009 Z20.711 E177.88537
G1 X6.669 Y17.165 Z20.718 E178.92064
G1 X6.753 Y18.758 Z20.723 E179.67081
G1 X6.69 Y19.31 Z20.725 E179.93209
G1 X6.67 Y19.368 E179.96094
G1 X6.646 Y19.357 E179.97335
G1 X6.486 Y19.201 Z20.726 E180.07844
G1 X5.664 Y18.131 Z20.73 E180.71297
G1 X4.69 Y16.325 Z20.737 E181.67791
G1 X3.784 Y14.121 Z20.744 E182.79853
G1 X3.029 Y11.867 Z20.752 E183.91639
G1 X2.003 Y8.289 Z20.764 E185.66682
G1 X0.752 Y5.793 Z20.773 E186.97978
G1 X-1.463 Y7.783 Z20.782 E188.38006
G1 X-1.875 Y9.332 Z20.787 E189.13383
G1 X-2.329 Y11.208 Z20.793 E190.04152
G1 X-2.959 Y13.494 Z20.801 E191.15662
G1 X-3.751 Y15.821 Z20.809 E192.31258
G1 X-4.646 Y17.834 Z20.816 E193.34857
G1 X-5.509 Y19.2 Z20.821 E194.10842
G1 X-5.928 Y19.673 Z20.823 E194.40558
G1 X-6 Y19.723 E194.4468
G1 X-6.017 Y19.691 E194.46384
G1 X-6.071 Y19.374 Z20.824 E194.61506
G1 X-6.096 Y18 Z20.829 E195.26131
G1 X-5.813 Y15.956 Z20.835 E196.23171
G1 X-5.246 Y13.638 Z20.843 E197.35392
G1 X-4.519 Y11.345 Z20.851 E198.48514
G1 X-3.258 Y7.881 Z20.862 E200.21872
G1 X-2.789 Y5.081 Z20.871 E201.55381
G1 X-5.752 Y5.45 Z20.881 E202.95798
G1 X-6.992 Y6.46 Z20.886 E203.71006
G1 X-8.49 Y7.741 Z20.892 E204.63697
G1 X-10.288 Y9.187 Z20.9 E205.72203
G1 X-12.307 Y10.625 Z20.907 E206.8877
G1 X-14.216 Y11.746 Z20.915 E207.92878
G1 X-15.191 Y12.156 Z20.918 E208.42618
G1 X-15.733 Y12.372 Z20.92 E208.70056
G1 X-16.422 Y12.535 Z20.922 E209.03351
G1 X-16.534 Y12.533 E209.08619
G1 X-16.528 Y12.483 Z20.923 E209.10988
G1 X-16.344 Y12.113 Z20.924 E209.30421
G1 X-15.528 Y10.969 Z20.928 E209.96502
G1 X-14.083 Y9.48 Z20.935 E210.94077
G1 X-12.271 Y7.951 Z20.942 E212.05573
G1 X-10.35 Y6.535 Z20.95 E213.17801
G1 X-7.272 Y4.458 Z20.962 E214.92421
G1 X-5.208 Y2.448 Z20.971 E216.27905
G1 X-7.853 Y1.042 Z20.981 E217.68772
G1 X-9.452 Y1.133 Z20.986 E218.4409
G1 X-11.377 Y1.291 Z20.992 E219.3492
G1 X-13.752 Y1.416 Z20.999 E220.46763
G1 X-16.205 Y1.404 Z21.007 E221.62121
G1 X-18.417 Y1.203 Z21.014 E222.66572
G1 X-20.04 Y0.83 Z21.02 E223.44886
G1 X-20.763 Y0.536 Z21.022 E223.8159
G1 X-20.875 Y0.452 Z21.023 E223.88174
G1 X-20.833 Y0.407 E223.91069
G1 X-20.38 Y0.17 Z21.024 E224.15111
G1 X-19.014 Y-.273 Z21.029 E224.82643
G1 X-16.973 Y-.62 Z21.036 E225.80002
G1 X-14.603 Y-.788 Z21.043 E226.91735
G1 X-12.207 Y-.803 Z21.051 E228.04413
G1 X-8.502 Y-.675 Z21.063 E229.7875
G1 X-5.61 Y-1.09 Z21.072 E231.16144
G1 X-6.974 Y-3.762 Z21.081 E232.57225
G1 X-8.323 Y-4.626 Z21.086 E233.3256
G1 X-9.997 Y-5.639 Z21.093 E234.24574
G1 X-11.967 Y-6.91 Z21.1 E235.34825
G1 X-13.958 Y-8.357 Z21.108 E236.5057
G1 X-15.647 Y-9.816 Z21.115 E237.55529
G1 X-16.358 Y-10.611 Z21.118 E238.05686
G1 X-16.768 Y-11.073 Z21.12 E238.34734
G1 X-17.23 Y-11.798 Z21.123 E238.75162
G1 X-17.277 Y-11.956 Z21.124 E238.82914
G1 X-17.207 Y-11.969 E238.86263
G1 X-16.605 Y-11.88 Z21.126 E239.1488
G1 X-15.216 Y-11.417 Z21.131 E239.83734
G1 X-13.362 Y-10.489 Z21.137 E240.81233
G1 X-11.343 Y-9.225 Z21.145 E241.93252
G1 X-9.427 Y-7.848 Z21.152 E243.04211
G1 X-6.478 Y-5.546 Z21.164 E244.80142
G1 X-3.854 Y-4.162 Z21.174 E246.19652
G1 X-3.446 Y-7.138 Z21.183 E247.60912
G1 X-4.029 Y-8.628 Z21.188 E248.36155
G1 X-4.799 Y-10.443 Z21.195 E249.28871
G1 X-5.65 Y-12.618 Z21.202 E250.38705
G1 X-6.42 Y-14.956 Z21.21 E251.54462
G1 X-6.942 Y-17.12 Z21.217 E252.59147
G1 X-7.134 Y-18.831 Z21.222 E253.40114
G1 X-7.083 Y-19.763 Z21.225 E253.84009
G1 X-7.021 Y-19.943 Z21.226 E253.92962
G1 X-6.946 Y-19.907 E253.96874
G1 X-6.443 Y-19.415 Z21.228 E254.29963
G1 X-5.581 Y-18.188 Z21.233 E255.0048
G1 X-4.638 Y-16.351 Z21.24 E255.97586
G1 X-3.75 Y-14.134 Z21.247 E257.09896
G1 X-3.007 Y-11.88 Z21.255 E258.21504
G1 X-1.975 Y-8.297 Z21.267 E259.96851
G1 X-.653 Y-5.594 Z21.276 E261.38352
G1 X1.394 Y-7.804 Z21.286 E262.80013
G1 X1.796 Y-9.351 Z21.291 E263.5518
G1 X2.226 Y-11.235 Z21.297 E264.46056
G1 X2.818 Y-13.538 Z21.305 E265.5788
G1 X3.561 Y-15.894 Z21.313 E266.74053
G1 X4.399 Y-17.957 Z21.32 E267.78768
G1 X5.244 Y-19.482 Z21.325 E268.60757
G1 X5.876 Y-20.27 Z21.329 E269.0826
G1 X6.054 Y-20.394 E269.18462
G1 X6.099 Y-20.313 Z21.33 E269.22819
G1 X6.232 Y-19.521 Z21.332 E269.60586
G1 X6.196 Y-17.998 Z21.337 E270.32227
G1 X5.87 Y-15.947 Z21.344 E271.2989
G1 X5.283 Y-13.64 Z21.351 E272.41837
G1 X4.547 Y-11.349 Z21.359 E273.54998
G1 X3.285 Y-7.871 Z21.371 E275.28991
G1 X2.752 Y-4.859 Z21.38 E276.72836
G1 X5.708 Y-5.508 Z21.39 E278.15158
G1 X6.939 Y-6.522 Z21.395 E278.90158
G1 X8.422 Y-7.824 Z21.401 E279.82963
G1 X10.199 Y-9.304 Z21.409 E280.91717
G1 X12.2 Y-10.798 Z21.417 E282.09152
G1 X14.089 Y-11.991 Z21.424 E283.14218
G1 X15.082 Y-12.462 Z21.427 E283.65902
G1 X15.684 Y-12.757 Z21.429 E283.97429
G1 X16.731 Y-13.05 Z21.433 E284.48557
G1 X16.973 Y-13.044 Z21.434 E284.59941
G1 X16.959 Y-12.937 E284.65016
G1 X16.562 Y-12.14 Z21.437 E285.06889
G1 X15.608 Y-10.908 Z21.442 E285.80165
G1 X14.124 Y-9.438 Z21.448 E286.78395
G1 X12.294 Y-7.922 Z21.456 E287.90148
G1 X10.365 Y-6.513 Z21.464 E289.02484
G1 X7.288 Y-4.433 Z21.475 E290.77145
G1 X5.048 Y-2.291 Z21.485 E292.22895
G1 X7.852 Y-1.115 Z21.495 E293.65885
G1 X9.446 Y-1.215 Z21.5 E294.40993
;TIME_ELAPSED:149.078574
;LAYER:21
;TYPE:WALL-OUTER
;MESH:wavy.stl
G1 X10.627 Y-1.327 Z21.504 E294.96781
G1 X12.838 Y-1.5 Z21.51 E296.01074
G1 X15.42 Y-1.591 Z21.518 E297.22572
G1 X17.985 Y-1.501 Z21.526 E298.4327
G1 X18.522 Y-1.461 Z21.527 E298.68593
G1 X20.139 Y-1.18 Z21.532 E299.45775
G1 X20.425 Y-1.091 Z21.533 E299.59861
G1 X21.337 Y-.746 Z21.536 E300.05715
G1 X21.525 Y-.611 Z21.537 E300.16599
G1 X21.508 Y-.594 E300.1773
G1 X20.997 Y-.288 Z21.539 E300.4574
G1 X19.479 Y0.244 Z21.544 E301.21383
G1 X17.401 Y0.616 Z21.55 E302.20658
G1 X15.007 Y0.802 Z21.557 E303.33579
G1 X12.64 Y0.831 Z21.564 E304.44899
G1 X10.561 Y0.777 Z21.57 E305.427
G1 X8.927 Y0.725 Z21.575 E306.19581
G1 X5.783 Y1.704 Z21.585 E307.74435
G1 X7.923 Y4.268 Z21.595 E309.3149
G1 X9.388 Y5.153 Z21.601 E310.11979
G1 X11.291 Y6.317 Z21.607 E311.16884
G1 X13.431 Y7.748 Z21.615 E312.37948
G1 X15.461 Y9.322 Z21.623 E313.58747
G1 X17.035 Y10.847 Z21.629 E314.6181
G1 X17.216 Y11.087 Z21.63 E314.75946
G1 X17.78 Y11.912 Z21.633 E315.22943
G1 X17.888 Y12.194 Z21.634 E315.37144
G1 X17.799 Y12.205 E315.41361
G1 X17.159 Y12.139 Z21.636 E315.71618
G1 X15.607 Y11.664 Z21.641 E316.47945
G1 X13.706 Y10.735 Z21.648 E317.47446
G1 X11.657 Y9.472 Z21.655 E318.60638
G1 X9.736 Y8.111 Z21.662 E319.71352
G1 X8.083 Y6.842 Z21.668 E320.69352
G1 X6.788 Y5.842 Z21.673 E321.46295
G1 X3.675 Y4.779 Z21.683 E323.00988
G1 X3.923 Y8.102 Z21.693 E324.57692
G1 X4.587 Y9.679 Z21.698 E325.38159
G1 X5.435 Y11.704 Z21.705 E326.41401
G1 X6.347 Y14.158 Z21.713 E327.64516
G1 X7.074 Y16.617 Z21.72 E328.85102
G1 X7.466 Y18.774 Z21.727 E329.882
G1 X7.476 Y19.092 Z21.728 E330.03162
G1 X7.464 Y20.117 Z21.731 E330.51367
G1 X7.377 Y20.477 Z21.732 E330.68784
G1 X7.241 Y20.401 Z21.733 E330.76111
G1 X6.725 Y19.924 Z21.735 E331.09157
G1 X5.757 Y18.618 Z21.74 E331.85604
G1 X4.771 Y16.75 Z21.746 E332.84936
G1 X3.861 Y14.531 Z21.753 E333.97722
G1 X3.093 Y12.253 Z21.76 E335.10773
G1 X2.511 Y10.288 Z21.767 E336.07149
G1 X2.047 Y8.719 Z21.771 E336.84092
G1 X0.161 Y6.027 Z21.781 E338.38665
G1 X-1.567 Y8.864 Z21.791 E339.94879
G1 X-1.957 Y10.531 Z21.796 E340.75389
G1 X-2.457 Y12.668 Z21.803 E341.78599
G1 X-3.153 Y15.192 Z21.811 E343.01725
G1 X-4.001 Y17.618 Z21.819 E344.2258
G1 X-4.941 Y19.605 Z21.825 E345.25951
G1 X-5.125 Y19.879 Z21.826 E345.41472
G1 X-5.74 Y20.732 Z21.829 E345.90924
G1 X-6.068 Y21.022 Z21.831 E346.11513
G1 X-6.16 Y20.823 E346.21823
G1 X-6.3 Y20.074 Z21.834 E346.57656
G1 X-6.305 Y18.442 Z21.839 E347.34404
G1 X-5.998 Y16.351 Z21.845 E348.33791
G1 X-5.424 Y14.009 Z21.852 E349.47187
G1 X-4.723 Y11.769 Z21.859 E350.57564
G1 X-4.026 Y9.796 Z21.866 E351.55967
G1 X-3.482 Y8.252 Z21.871 E352.32951
G1 X-3.414 Y4.965 Z21.88 E353.87561
G1 X-6.464 Y6.268 Z21.89 E355.43532
G1 X-7.758 Y7.386 Z21.896 E356.23952
G1 X-9.451 Y8.855 Z21.902 E357.29361
G1 X-11.45 Y10.458 Z21.91 E358.49859
G1 X-13.58 Y11.948 Z21.918 E359.72101
G1 X-15.489 Y13.008 Z21.924 E360.74786
G1 X-15.814 Y13.131 Z21.925 E360.91127
G1 X-16.829 Y13.486 Z21.929 E361.41695
G1 X-17.335 Y13.54 Z21.93 E361.65625
G1 X-17.279 Y13.26 Z21.931 E361.79054
G1 X-16.924 Y12.527 Z21.934 E362.17354
G1 X-15.958 Y11.209 Z21.938 E362.942
G1 X-14.462 Y9.687 Z21.945 E363.94561
G1 X-12.648 Y8.154 Z21.952 E365.0625
G1 X-10.713 Y6.718 Z21.959 E366.19566
G1 X-9.019 Y5.553 Z21.965 E367.1625
G1 X-7.675 Y4.62 Z21.97 E367.9319
G1 X-5.682 Y2.013 Z21.98 E369.4751
G1 X-8.913 Y1.295 Z21.99 E371.03159
G1 X-10.616 Y1.438 Z21.995 E371.83527
G1 X-12.829 Y1.634 Z22.002 E372.88005
G1 X-15.417 Y1.766 Z22.01 E374.09868
G1 X-17.999 Y1.731 Z22.018 E375.31302
G1 X-18.562 Y1.683 Z22.019 E375.57874
G1 X-20.193 Y1.48 Z22.024 E376.35166
G1 X-20.535 Y1.387 Z22.025 E376.51833
G1 X-21.596 Y1.084 Z22.029 E377.03723
G1 X-22.097 Y0.804 Z22.03 E377.30713
G1 X-21.841 Y0.566 Z22.031 E377.47151
G1 X-21.063 Y0.159 Z22.034 E377.88442
G1 X-19.503 Y-.329 Z22.039 E378.65309
G1 X-17.409 Y-.675 Z22.045 E379.65118
G1 X-15.01 Y-.848 Z22.053 E380.78228
G1 X-12.64 Y-.872 Z22.06 E381.89686
G1 X-10.559 Y-.819 Z22.066 E382.8758
G1 X-8.924 Y-.788 Z22.071 E383.64483
G1 X-5.776 Y-1.708 Z22.081 E385.18715
G1 X-7.984 Y-4.173 Z22.091 E386.7434
G1 X-9.445 Y-5.058 Z22.096 E387.54668
G1 X-11.363 Y-6.203 Z22.103 E388.59715
G1 X-13.531 Y-7.605 Z22.11 E389.8113
G1 X-15.607 Y-9.144 Z22.118 E391.02658
G1 X-17.253 Y-10.634 Z22.125 E392.07068
G1 X-17.479 Y-10.912 Z22.126 E392.23916
G1 X-18.189 Y-11.791 Z22.129 E392.77053
G1 X-18.464 Y-12.374 Z22.131 E393.07366
G1 X-18.051 Y-12.423 Z22.132 E393.26924
G1 X-17.137 Y-12.282 Z22.135 E393.70415
G1 X-15.577 Y-11.746 Z22.14 E394.47986
G1 X-13.679 Y-10.788 Z22.147 E395.47968
G1 X-11.632 Y-9.511 Z22.154 E396.61427
G1 X-9.712 Y-8.143 Z22.161 E397.72293
G1 X-8.056 Y-6.875 Z22.167 E398.70376
G1 X-6.749 Y-5.891 Z22.172 E399.47312
G1 X-3.666 Y-4.778 Z22.182 E401.01453
G1 X-4.027 Y-8.061 Z22.192 E402.56772
G1 X-4.689 Y-9.635 Z22.197 E403.37073
G1 X-5.562 Y-11.659 Z22.204 E404.40731
G1 X-6.513 Y-14.102 Z22.212 E405.64015
G1 X-7.297 Y-16.56 Z22.219 E406.85343
G1 X-7.768 Y-18.732 Z22.226 E407.89859
G1 X-7.791 Y-19.105 Z22.227 E408.07433
G1 X-7.865 Y-20.259 Z22.231 E408.61814
G1 X-7.736 Y-20.961 Z22.233 E408.95379
G1 X-7.317 Y-20.726 Z22.234 E409.17971
G1 X-6.624 Y-20.027 Z22.237 E409.64259
G1 X-5.684 Y-18.667 Z22.242 E410.42005
G1 X-4.717 Y-16.777 Z22.249 E411.41843
G1 X-3.818 Y-14.548 Z22.256 E412.5487
G1 X-3.06 Y-12.288 Z22.263 E413.66969
G1 X-2.469 Y-10.3 Z22.269 E414.64501
G1 X-1.986 Y-8.736 Z22.274 E415.41479
G1 X-.155 Y-6.023 Z22.284 E416.95399
G1 X1.458 Y-8.893 Z22.294 E418.50221
G1 X1.848 Y-10.555 Z22.299 E419.30502
G1 X2.327 Y-12.702 Z22.306 E420.33951
G1 X2.986 Y-15.243 Z22.314 E421.57399
G1 X3.788 Y-17.703 Z22.321 E422.79077
G1 X4.673 Y-19.749 Z22.328 E423.83908
G1 X4.878 Y-20.075 Z22.329 E424.02018
G1 X5.499 Y-21.083 Z22.333 E424.57695
G1 X6.061 Y-21.625 Z22.335 E424.94412
G1 X6.288 Y-21.131 Z22.337 E425.19979
G1 X6.443 Y-20.098 Z22.34 E425.69101
G1 X6.393 Y-18.438 Z22.345 E426.472
G1 X6.057 Y-16.341 Z22.351 E427.47073
G1 X5.472 Y-14.009 Z22.359 E428.60137
G1 X4.762 Y-11.756 Z22.366 E429.71225
G1 X4.065 Y-9.782 Z22.372 E430.69672
G1 X3.541 Y-8.23 Z22.377 E431.46705
G1 X3.416 Y-4.961 Z22.387 E433.00547
G1 X6.392 Y-6.356 Z22.397 E434.55111
G1 X7.684 Y-7.47 Z22.402 E435.35336
G1 X9.369 Y-8.962 Z22.408 E436.41175
G1 X11.345 Y-10.598 Z22.416 E437.61815
G1 X13.456 Y-12.142 Z22.424 E438.84808
G1 X15.353 Y-13.281 Z22.431 E439.88862
G1 X15.729 Y-13.434 Z22.432 E440.07952
G1 X16.842 Y-13.911 Z22.436 E440.64897
G1 X17.684 Y-14.031 Z22.438 E441.04894
G1 X17.564 Y-13.432 Z22.44 E441.33622
G1 X17.053 Y-12.462 Z22.443 E441.85181
G1 X16.027 Y-11.154 Z22.448 E442.63357
G1 X14.504 Y-9.644 Z22.455 E443.64214
G1 X12.678 Y-8.118 Z22.462 E444.76123
G1 X10.737 Y-6.684 Z22.469 E445.89611
G1 X9.043 Y-5.518 Z22.475 E446.86321
G1 X7.71 Y-4.568 Z22.48 E447.63298
G1 X5.679 Y-2.005 Z22.49 E449.17082
G1 X8.906 Y-1.408 Z22.5 E450.71412
;TIME_ELAPSED:157.494243
;LAYER:22
;TYPE:WALL-OUTER
;MESH:wavy.stl
G1 X14.461 Y-1.877 Z22.517 E453.33574
G1 X17.171 Y-1.953 Z22.525 E454.61067
G1 X19.742 Y-1.817 Z22.533 E455.82141
G1 X21.738 Y-1.444 Z22.539 E456.77631
G1 X22.645 Y-1.009 Z22.542 E457.24936
G1 X22.662 Y-.999 E457.25864
G1 X22.652 Y-.984 E457.26711
G1 X22.422 Y-.775 Z22.543 E457.41326
G1 X21.448 Y-.189 Z22.546 E457.94781
G1 X19.865 Y0.318 Z22.551 E458.72949
G1 X17.807 Y0.675 Z22.557 E459.71175
G1 X15.465 Y0.864 Z22.564 E460.81669
G1 X13.142 Y0.91 Z22.571 E461.90934
G1 X11.165 Y0.881 Z22.577 E462.83915
G1 X9.455 Y0.863 Z22.582 E463.64335
G1 X6.798 Y2.755 Z22.592 E465.17726
G1 X9.134 Y4.731 Z22.601 E466.61611
G1 X12.821 Y6.956 Z22.614 E468.64124
G1 X15.055 Y8.477 Z22.622 E469.91219
G1 X17.067 Y10.092 Z22.63 E471.12548
G1 X18.481 Y11.567 Z22.636 E472.08637
G1 X18.995 Y12.472 Z22.639 E472.57581
G1 X19.016 Y12.532 Z22.64 E472.60571
G1 X18.96 Y12.552 E472.63367
G1 X18.605 Y12.584 Z22.641 E472.80129
G1 X17.453 Y12.472 Z22.644 E473.34559
G1 X15.881 Y11.947 Z22.649 E474.12499
G1 X14.006 Y11.024 Z22.655 E475.10778
G1 X11.993 Y9.796 Z22.663 E476.21667
G1 X10.097 Y8.475 Z22.669 E477.30337
G1 X8.508 Y7.285 Z22.675 E478.23694
G1 X7.132 Y6.274 Z22.681 E479.03991
G1 X3.909 Y6.216 Z22.69 E480.55582
G1 X4.633 Y9.185 Z22.699 E481.99295
G1 X6.307 Y13.138 Z22.712 E484.01173
G1 X7.236 Y15.701 Z22.72 E485.29376
G1 X7.925 Y18.19 Z22.728 E486.50827
G1 X8.215 Y20.215 Z22.734 E487.47027
G1 X8.116 Y21.286 Z22.737 E487.97607
G1 X8.085 Y21.389 Z22.738 E488.02666
G1 X7.988 Y21.359 E488.07441
G1 X7.635 Y21.143 Z22.739 E488.26902
G1 X6.78 Y20.367 Z22.743 E488.81201
G1 X5.814 Y19.008 Z22.748 E489.59611
G1 X4.839 Y17.153 Z22.754 E490.58161
G1 X3.935 Y14.979 Z22.761 E491.68883
G1 X3.173 Y12.779 Z22.768 E492.78372
G1 X2.589 Y10.898 Z22.774 E493.70994
G1 X2.062 Y9.273 Z22.779 E494.51331
G1 X-.465 Y7.344 Z22.789 E496.00834
G1 X-1.624 Y10.161 Z22.798 E497.44082
G1 X-2.591 Y14.346 Z22.811 E499.46074
G1 X-3.34 Y16.972 Z22.819 E500.74491
G1 X-4.237 Y19.395 Z22.827 E501.95994
G1 X-5.181 Y21.214 Z22.833 E502.92368
G1 X-5.899 Y22.062 Z22.836 E503.44621
G1 X-6.021 Y22.153 Z22.837 E503.51779
G1 X-6.106 Y22.039 E503.58466
G1 X-6.28 Y21.607 Z22.838 E503.80367
G1 X-6.506 Y20.463 Z22.842 E504.35206
G1 X-6.484 Y18.791 Z22.847 E505.13841
G1 X-6.18 Y16.722 Z22.853 E506.12184
G1 X-5.633 Y14.435 Z22.86 E507.22767
G1 X-4.963 Y12.219 Z22.867 E508.31637
G1 X-4.324 Y10.333 Z22.873 E509.25281
G1 X-3.803 Y8.709 Z22.878 E510.05486
G1 X-4.678 Y5.693 Z22.888 E511.53167
G1 X-7.268 Y7.287 Z22.897 E512.96185
G1 X-10.519 Y10.117 Z22.91 E514.98879
G1 X-12.646 Y11.792 Z22.918 E516.26197
G1 X-14.8 Y13.243 Z22.926 E517.48331
G1 X-16.64 Y14.178 Z22.932 E518.45391
G1 X-17.743 Y14.466 Z22.935 E518.99
G1 X-17.94 Y14.469 Z22.936 E519.08266
G1 X-17.943 Y14.284 E519.16967
G1 X-17.814 Y13.785 Z22.938 E519.41205
G1 X-17.31 Y12.723 Z22.941 E519.96486
G1 X-16.3 Y11.383 Z22.946 E520.75396
G1 X-14.831 Y9.884 Z22.953 E521.74096
G1 X-13.056 Y8.365 Z22.96 E522.83961
G1 X-11.185 Y6.948 Z22.967 E523.94334
G1 X-9.579 Y5.809 Z22.973 E524.86924
G1 X-8.206 Y4.792 Z22.978 E525.67275
G1 X-7.142 Y1.887 Z22.987 E527.12763
G1 X-10.16 Y1.652 Z22.996 E528.55118
G1 X-14.451 Y2.033 Z23.009 E530.57703
G1 X-17.17 Y2.146 Z23.017 E531.85679
G1 X-19.762 Y2.062 Z23.025 E533.07636
G1 X-21.807 Y1.753 Z23.031 E534.04897
G1 X-22.91 Y1.341 Z23.035 E534.60268
G1 X-23.108 Y1.202 E534.71645
G1 X-22.977 Y1.017 Z23.036 E534.82305
G1 X-22.532 Y0.655 Z23.038 E535.09281
G1 X-21.491 Y0.101 Z23.041 E535.64737
G1 X-19.883 Y-.386 Z23.046 E536.43748
G1 X-17.816 Y-.732 Z23.053 E537.42304
G1 X-15.468 Y-.917 Z23.06 E538.53065
G1 X-13.142 Y-.965 Z23.067 E539.62472
G1 X-11.163 Y-.946 Z23.073 E540.55542
G1 X-9.454 Y-.969 Z23.078 E541.35918
G1 X-6.906 Y-2.652 Z23.087 E542.79521
G1 X-9.206 Y-4.613 Z23.096 E544.21659
G1 X-12.905 Y-6.825 Z23.109 E546.2434
G1 X-15.168 Y-8.321 Z23.117 E547.51913
G1 X-17.23 Y-9.909 Z23.125 E548.74305
G1 X-18.718 Y-11.357 Z23.131 E549.71944
G1 X-19.405 Y-12.36 Z23.135 E550.29116
G1 X-19.497 Y-12.63 Z23.136 E550.4253
G1 X-19.242 Y-12.716 E550.55185
G1 X-18.624 Y-12.746 Z23.138 E550.84282
G1 X-17.435 Y-12.568 Z23.142 E551.4082
G1 X-15.856 Y-12.013 Z23.147 E552.19528
G1 X-13.979 Y-11.075 Z23.153 E553.18205
G1 X-11.965 Y-9.84 Z23.16 E554.29306
G1 X-10.066 Y-8.519 Z23.167 E555.38091
G1 X-8.468 Y-7.336 Z23.173 E556.31591
G1 X-7.069 Y-6.359 Z23.178 E557.11836
G1 X-4.06 Y-6.197 Z23.187 E558.53544
G1 X-4.762 Y-9.131 Z23.196 E559.95415
G1 X-6.452 Y-13.081 Z23.209 E561.97457
G1 X-7.419 Y-15.641 Z23.217 E563.26148
G1 X-8.164 Y-18.134 Z23.225 E564.48508
G1 X-8.531 Y-20.184 Z23.231 E565.46445
G1 X-8.514 Y-21.437 Z23.235 E566.05375
G1 X-8.416 Y-21.75 Z23.236 E566.20799
G1 X-8.12 Y-21.657 Z23.237 E566.3539
G1 X-7.555 Y-21.285 Z23.239 E566.67202
G1 X-6.709 Y-20.435 Z23.243 E567.23599
G1 X-5.756 Y-19.046 Z23.248 E568.02815
G1 X-4.788 Y-17.179 Z23.254 E569.01713
G1 X-3.886 Y-14.999 Z23.261 E570.1266
G1 X-3.121 Y-12.796 Z23.268 E571.22328
G1 X-2.527 Y-10.916 Z23.274 E572.15046
G1 X-1.962 Y-9.304 Z23.279 E572.95375
G1 X0.333 Y-7.416 Z23.288 E574.35128
G1 X1.488 Y-10.193 Z23.297 E575.76566
G1 X2.441 Y-14.385 Z23.31 E577.78732
G1 X3.157 Y-17.031 Z23.318 E579.07639
G1 X4.011 Y-19.49 Z23.326 E580.30053
G1 X4.908 Y-21.376 Z23.332 E581.28265
G1 X5.665 Y-22.418 Z23.336 E581.88833
G1 X5.966 Y-22.641 Z23.337 E582.0645
G1 X6.174 Y-22.36 Z23.338 E582.2289
G1 X6.429 Y-21.675 Z23.34 E582.57263
G1 X6.604 Y-20.477 Z23.344 E583.14199
G1 X6.554 Y-18.788 Z23.349 E583.93662
G1 X6.236 Y-16.713 Z23.355 E584.92381
G1 X5.684 Y-14.422 Z23.362 E586.03202
G1 X5.014 Y-12.202 Z23.369 E587.12252
G1 X4.385 Y-10.311 Z23.375 E588.0597
G1 X3.904 Y-8.675 Z23.381 E588.86162
G1 X4.613 Y-5.829 Z23.389 E590.2409
G1 X7.177 Y-7.393 Z23.398 E591.65328
G1 X10.42 Y-10.236 Z23.411 E593.68142
G1 X12.532 Y-11.947 Z23.419 E594.95965
G1 X14.673 Y-13.453 Z23.427 E596.19062
G1 X16.513 Y-14.469 Z23.434 E597.17906
G1 X17.762 Y-14.891 Z23.437 E597.79904
G1 X18.182 Y-14.897 Z23.439 E597.99658
G1 X18.186 Y-14.502 Z23.44 E598.18234
G1 X17.974 Y-13.752 Z23.442 E598.54886
G1 X17.396 Y-12.677 Z23.446 E599.12284
G1 X16.355 Y-11.339 Z23.451 E599.92006
G1 X14.872 Y-9.842 Z23.457 E600.91101
G1 X13.09 Y-8.325 Z23.464 E602.01155
G1 X11.225 Y-6.909 Z23.471 E603.11275
G1 X9.615 Y-5.755 Z23.477 E604.04428
G1 X8.267 Y-4.705 Z23.482 E604.84781
G1 X7.17 Y-2.036 Z23.491 E606.20484
G1 X10.149 Y-1.79 Z23.5 E607.61053
;TIME_ELAPSED:165.935207
;LAYER:23
;TYPE:WALL-OUTER
;MESH:wavy.stl
G1 X11.545 Y-1.919 Z23.504 E608.26982
G1 X16.096 Y-2.278 Z23.519 E610.41665
G1 X18.806 Y-2.319 Z23.527 E611.69121
G1 X20.359 Y-2.238 Z23.532 E612.42253
G1 X21.228 Y-2.136 Z23.535 E612.834
G1 X22.36 Y-1.912 Z23.538 E613.37666
G1 X22.962 Y-1.732 Z23.54 E613.67214
G1 X23.541 Y-1.411 Z23.542 E613.98347
G1 X23.545 Y-1.407 E613.98613
G1 X23.541 Y-1.399 E613.99034
G1 X23.418 Y-1.229 Z23.543 E614.08902
G1 X22.767 Y-.642 Z23.546 E614.50124
G1 X21.658 Y-0.077 Z23.55 E615.08655
G1 X20.109 Y0.391 Z23.555 E615.84751
G1 X18.117 Y0.741 Z23.561 E616.79863
G1 X15.922 Y0.936 Z23.568 E617.83493
G1 X13.743 Y1.009 Z23.575 E618.86021
G1 X11.866 Y1.019 Z23.58 E619.74292
G1 X9.921 Y1.071 Z23.587 E620.65791
G1 X8.48 Y3.788 Z23.596 E622.1042
G1 X10.484 Y5.206 Z23.604 E623.25868
G1 X14.371 Y7.584 Z23.618 E625.40155
G1 X16.588 Y9.139 Z23.626 E626.67502
G1 X17.812 Y10.128 Z23.631 E627.41504
G1 X18.46 Y10.714 Z23.634 E627.8259
G1 X19.252 Y11.566 Z23.638 E628.37294
G1 X19.644 Y12.063 Z23.64 E628.67061
G1 X19.946 Y12.686 Z23.642 E628.9962
G1 X19.948 Y12.702 E629.00378
G1 X19.92 Y12.719 E629.01918
G1 X19.675 Y12.791 Z23.643 E629.13927
G1 X18.794 Y12.875 Z23.645 E629.55545
G1 X17.574 Y12.679 Z23.649 E630.13653
G1 X16.031 Y12.144 Z23.654 E630.90453
G1 X14.216 Y11.257 Z23.661 E631.85454
G1 X12.313 Y10.118 Z23.668 E632.89751
G1 X11.196 Y9.374 Z23.672 E633.52865
G1 X9.582 Y8.242 Z23.678 E634.45573
G1 X8.996 Y7.815 Z23.68 E634.79671
G1 X7.378 Y6.725 Z23.686 E635.71415
G1 X4.678 Y8.041 Z23.696 E637.12666
G1 X5.451 Y10.362 Z23.703 E638.27709
G1 X7.194 Y14.553 Z23.717 E640.41163
G1 X7.787 Y16.209 Z23.723 E641.23882
G1 X8.089 Y17.139 Z23.726 E641.69865
G1 X8.498 Y18.654 Z23.731 E642.43661
G1 X8.685 Y19.515 Z23.734 E642.85095
G1 X8.828 Y20.674 Z23.737 E643.40012
G1 X8.861 Y21.302 Z23.739 E643.69585
G1 X8.745 Y22.02 Z23.742 E644.03788
G1 X8.732 Y22.044 E644.05072
G1 X8.676 Y22.039 E644.07716
G1 X8.394 Y21.935 Z23.743 E644.2185
G1 X7.632 Y21.474 Z23.745 E644.63732
G1 X6.757 Y20.592 Z23.749 E645.22158
G1 X5.825 Y19.251 Z23.754 E645.98955
G1 X4.883 Y17.48 Z23.761 E646.93288
G1 X4 Y15.418 Z23.768 E647.98774
G1 X3.53 Y14.148 Z23.772 E648.62456
G1 X2.893 Y12.305 Z23.778 E649.54157
G1 X2.669 Y11.618 Z23.78 E649.88139
G1 X1.987 Y9.793 Z23.786 E650.79759
G1 X-.898 Y9.265 Z23.795 E652.17684
G1 X-1.65 Y11.593 Z23.803 E653.32732
G1 X-2.709 Y16.034 Z23.817 E655.47433
G1 X-3.492 Y18.634 Z23.826 E656.75127
G1 X-4.053 Y20.104 Z23.831 E657.49119
G1 X-4.399 Y20.911 Z23.833 E657.9041
G1 X-4.968 Y21.943 Z23.837 E658.4583
G1 X-5.303 Y22.475 Z23.839 E658.75395
G1 X-5.837 Y23.02 Z23.841 E659.11276
G1 X-5.873 Y23.036 Z23.842 E659.1313
G1 X-5.931 Y22.985 E659.16762
G1 X-6.12 Y22.694 Z23.843 E659.33079
G1 X-6.461 Y21.863 Z23.846 E659.75321
G1 X-6.646 Y20.634 Z23.85 E660.33768
G1 X-6.614 Y18.994 Z23.855 E661.10906
G1 X-6.335 Y17.01 Z23.861 E662.05125
G1 X-5.839 Y14.826 Z23.868 E663.10446
G1 X-5.478 Y13.537 Z23.872 E663.73396
G1 X-4.908 Y11.649 Z23.878 E664.6614
G1 X-4.686 Y10.959 Z23.881 E665.00227
G1 X-4.183 Y9.079 Z23.887 E665.91747
G1 X-6.153 Y7.006 Z23.895 E667.26231
G1 X-8.13 Y8.433 Z23.903 E668.40892
G1 X-11.583 Y11.398 Z23.917 E670.54925
G1 X-13.756 Y13.056 Z23.926 E671.83462
G1 X-15.076 Y13.918 Z23.931 E672.57601
G1 X-15.828 Y14.375 Z23.933 E672.98983
G1 X-16.9 Y14.88 Z23.937 E673.5471
G1 X-17.484 Y15.124 Z23.939 E673.84474
G1 X-18.264 Y15.265 Z23.942 E674.21749
G1 X-18.314 Y15.255 E674.24147
G1 X-18.336 Y15.156 E674.28916
G1 X-18.312 Y14.766 Z23.943 E674.47291
G1 X-18.087 Y13.884 Z23.946 E674.90097
G1 X-17.511 Y12.779 Z23.95 E675.48698
G1 X-16.525 Y11.479 Z23.955 E676.25427
G1 X-15.125 Y10.027 Z23.961 E677.2028
G1 X-13.443 Y8.552 Z23.968 E678.25485
G1 X-12.394 Y7.722 Z23.973 E678.8839
G1 X-10.848 Y6.544 Z23.979 E679.79794
G1 X-10.244 Y6.1 Z23.981 E680.15046
G1 X-8.741 Y4.861 Z23.987 E681.06647
G1 X-9.096 Y2.096 Z23.996 E682.37743
G1 X-11.531 Y2.075 Z24.003 E683.52257
G1 X-16.087 Y2.446 Z24.018 E685.6722
G1 X-18.809 Y2.517 Z24.026 E686.9527
G1 X-20.383 Y2.439 Z24.031 E687.69381
G1 X-21.257 Y2.376 Z24.034 E688.10589
G1 X-22.434 Y2.153 Z24.037 E688.66923
G1 X-23.049 Y2.016 Z24.039 E688.96554
G1 X-23.801 Y1.664 Z24.042 E689.356
G1 X-23.842 Y1.619 E689.38463
G1 X-23.794 Y1.507 Z24.043 E689.44194
G1 X-23.509 Y1.164 Z24.044 E689.65165
G1 X-22.804 Y0.594 Z24.047 E690.078
G1 X-21.677 Y0.036 Z24.051 E690.66939
G1 X-20.122 Y-.435 Z24.056 E691.43346
G1 X-18.124 Y-.79 Z24.062 E692.38777
G1 X-15.926 Y-.992 Z24.069 E693.42577
G1 X-13.744 Y-1.074 Z24.076 E694.45262
G1 X-11.865 Y-1.105 Z24.082 E695.33637
G1 X-9.927 Y-1.239 Z24.088 E696.24992
G1 X-8.623 Y-3.622 Z24.096 E697.52737
G1 X-10.564 Y-5.072 Z24.104 E698.66674
G1 X-14.463 Y-7.443 Z24.118 E700.81271
G1 X-16.708 Y-8.98 Z24.126 E702.09218
G1 X-17.951 Y-9.978 Z24.131 E702.84182
G1 X-18.625 Y-10.537 Z24.134 E703.2536
G1 X-19.455 Y-11.414 Z24.138 E703.82144
G1 X-19.881 Y-11.884 Z24.14 E704.11975
G1 X-20.304 Y-12.632 Z24.143 E704.52386
G1 X-20.312 Y-12.705 E704.55839
G1 X-20.187 Y-12.779 E704.6267
G1 X-19.71 Y-12.897 Z24.145 E704.85778
G1 X-18.796 Y-12.937 Z24.148 E705.28802
G1 X-17.566 Y-12.724 Z24.152 E705.87506
G1 X-16.016 Y-12.186 Z24.157 E706.64663
G1 X-14.194 Y-11.3 Z24.163 E707.59939
G1 X-12.283 Y-10.165 Z24.17 E708.64462
G1 X-11.162 Y-9.422 Z24.174 E709.27707
G1 X-9.536 Y-8.304 Z24.18 E710.20503
G1 X-8.945 Y-7.885 Z24.182 E710.54572
G1 X-7.284 Y-6.864 Z24.189 E711.46261
G1 X-4.892 Y-7.991 Z24.197 E712.70608
G1 X-5.594 Y-10.301 Z24.204 E713.84145
G1 X-7.356 Y-14.508 Z24.219 E715.98638
G1 X-7.951 Y-16.159 Z24.224 E716.81167
G1 X-8.279 Y-17.081 Z24.227 E717.27187
G1 X-8.698 Y-18.615 Z24.232 E718.01969
G1 X-8.923 Y-19.469 Z24.235 E718.435
G1 X-9.082 Y-20.669 Z24.239 E719.00425
G1 X-9.159 Y-21.297 Z24.241 E719.30179
G1 X-9.066 Y-22.188 Z24.243 E719.72307
G1 X-9.025 Y-22.261 Z24.244 E719.76245
G1 X-8.855 Y-22.245 E719.84275
G1 X-8.36 Y-22.041 Z24.246 E720.09452
G1 X-7.597 Y-21.525 Z24.249 E720.52768
G1 X-6.724 Y-20.623 Z24.253 E721.118
G1 X-5.787 Y-19.276 Z24.258 E721.88964
G1 X-4.839 Y-17.502 Z24.264 E722.83553
G1 X-3.949 Y-15.439 Z24.271 E723.89212
G1 X-3.473 Y-14.167 Z24.275 E724.53081
G1 X-2.826 Y-12.351 Z24.281 E725.4374
G1 X-2.587 Y-11.643 Z24.284 E725.78881
G1 X-1.829 Y-9.849 Z24.29 E726.70468
G1 X0.696 Y-9.35 Z24.298 E727.91507
G1 X1.499 Y-11.628 Z24.305 E729.05094
G1 X2.547 Y-16.077 Z24.319 E731.20042
G1 X3.305 Y-18.698 Z24.328 E732.4835
G1 X3.868 Y-20.19 Z24.333 E733.23343
G1 X4.18 Y-21.014 Z24.336 E733.64777
G1 X4.76 Y-22.089 Z24.339 E734.22219
G1 X5.059 Y-22.646 Z24.341 E734.51949
G1 X5.677 Y-23.344 Z24.344 E734.9579
G1 X5.763 Y-23.384 Z24.345 E735.00251
G1 X5.906 Y-23.258 E735.09214
G1 X6.21 Y-22.759 Z24.347 E735.36692
G1 X6.519 Y-21.884 Z24.35 E735.8033
G1 X6.691 Y-20.639 Z24.354 E736.39435
G1 X6.658 Y-18.992 Z24.359 E737.16903
G1 X6.383 Y-17.002 Z24.365 E738.11375
G1 X5.893 Y-14.813 Z24.372 E739.16864
G1 X5.534 Y-13.519 Z24.376 E739.80015
G1 X4.981 Y-11.625 Z24.383 E740.72802
G1 X4.768 Y-10.932 Z24.385 E741.06897
G1 X4.344 Y-9.032 Z24.391 E741.98445
G1 X6.04 Y-7.193 Z24.399 E743.1609
G1 X8.027 Y-8.551 Z24.406 E744.2927
G1 X11.478 Y-11.528 Z24.42 E746.436
G1 X13.642 Y-13.218 Z24.429 E747.72722
G1 X14.978 Y-14.096 Z24.434 E748.47902
G1 X15.712 Y-14.587 Z24.437 E748.89431
G1 X16.818 Y-15.12 Z24.441 E749.47167
G1 X17.388 Y-15.405 Z24.443 E749.77136
G1 X18.324 Y-15.622 Z24.446 E750.2232
G1 X18.43 Y-15.6 E750.27411
G1 X18.476 Y-15.389 Z24.447 E750.37567
G1 X18.425 Y-14.767 Z24.448 E750.66916
G1 X18.145 Y-13.867 Z24.451 E751.11241
G1 X17.551 Y-12.757 Z24.455 E751.70444
G1 X16.56 Y-11.451 Z24.46 E752.47541
G1 X15.16 Y-9.992 Z24.467 E753.42631
G1 X13.478 Y-8.509 Z24.474 E754.48084
G1 X12.429 Y-7.674 Z24.478 E755.11136
G1 X10.894 Y-6.48 Z24.484 E756.02588
G1 X10.294 Y-6.03 Z24.486 E756.37858
G1 X8.844 Y-4.728 Z24.492 E757.29502
G1 X9.115 Y-2.314 Z24.5 E758.43738
;TIME_ELAPSED:174.052246
;LAYER:24
;TYPE:WALL-OUTER
;MESH:wavy.stl
G1 X12.922 Y-2.349 Z24.512 E760.22776
G1 X15.028 Y-2.525 Z24.519 E761.22159
G1 X17.541 Y-2.667 Z24.527 E762.40525
G1 X18.344 Y-2.695 Z24.53 E762.78311
G1 X20.126 Y-2.653 Z24.535 E763.62135
G1 X20.808 Y-2.626 Z24.537 E763.94233
G1 X22.314 Y-2.428 Z24.542 E764.65664
G1 X22.764 Y-2.351 Z24.544 E764.87134
G1 X23.725 Y-2.05 Z24.547 E765.34491
G1 X24.07 Y-1.891 Z24.548 E765.52356
G1 X24.083 Y-1.74 Z24.549 E765.59483
G1 X23.577 Y-1.1 Z24.551 E765.9785
G1 X22.751 Y-.511 Z24.555 E766.45559
G1 X21.635 Y0.018 Z24.559 E767.03638
G1 X20.148 Y0.47 Z24.564 E767.76726
G1 X18.323 Y0.803 Z24.569 E768.63966
G1 X16.29 Y1.014 Z24.576 E769.60085
G1 X13.807 Y1.14 Z24.584 E770.77002
G1 X12.578 Y1.177 Z24.588 E771.34824
G1 X10.312 Y1.387 Z24.595 E772.41843
G1 X10.164 Y4.543 Z24.605 E773.90422
G1 X11.852 Y5.667 Z24.612 E774.85792
G1 X13.645 Y6.755 Z24.619 E775.8442
G1 X15.792 Y8.134 Z24.627 E777.04418
G1 X16.442 Y8.576 Z24.629 E777.41383
G1 X17.865 Y9.654 Z24.635 E778.25336
G1 X18.399 Y10.08 Z24.637 E778.5746
G1 X19.51 Y11.123 Z24.642 E779.29123
G1 X19.825 Y11.452 Z24.643 E779.50543
G1 X20.436 Y12.258 Z24.647 E779.98106
G1 X20.627 Y12.62 Z24.648 E780.17354
G1 X20.504 Y12.753 Z24.649 E780.25873
G1 X19.722 Y12.963 Z24.651 E780.63951
G1 X18.705 Y12.957 Z24.654 E781.11778
G1 X17.489 Y12.728 Z24.658 E781.69967
G1 X16.031 Y12.228 Z24.663 E782.42452
G1 X14.35 Y11.425 Z24.669 E783.3006
G1 X12.578 Y10.404 Z24.676 E784.26234
G1 X10.487 Y9.048 Z24.684 E785.43434
G1 X9.472 Y8.368 Z24.688 E786.00887
G1 X7.505 Y7.228 Z24.695 E787.07801
G1 X5.595 Y9.633 Z24.705 E788.52228
G1 X6.288 Y11.538 Z24.711 E789.47558
G1 X7.097 Y13.473 Z24.718 E790.46187
G1 X8.015 Y15.837 Z24.726 E791.65446
G1 X8.288 Y16.595 Z24.729 E792.03334
G1 X8.815 Y18.302 Z24.735 E792.87347
G1 X8.992 Y18.959 Z24.737 E793.19345
G1 X9.289 Y20.457 Z24.742 E793.91162
G1 X9.346 Y20.911 Z24.743 E794.1268
G1 X9.375 Y21.938 Z24.746 E794.60995
G1 X9.312 Y22.354 Z24.748 E794.80781
G1 X9.095 Y22.374 E794.91029
G1 X8.338 Y22.075 Z24.751 E795.29305
G1 X7.52 Y21.471 Z24.754 E795.77123
G1 X6.669 Y20.577 Z24.758 E796.35167
G1 X5.781 Y19.318 Z24.763 E797.07619
G1 X4.888 Y17.68 Z24.769 E797.95352
G1 X3.983 Y15.656 Z24.776 E798.99615
G1 X3.322 Y13.945 Z24.782 E799.85874
G1 X3.153 Y13.496 Z24.784 E800.08435
G1 X2.729 Y12.354 Z24.788 E800.65721
G1 X1.777 Y10.279 Z24.795 E801.73081
G1 X-1.092 Y11.099 Z24.804 E803.13403
G1 X-1.663 Y13.036 Z24.811 E804.08369
G1 X-2.148 Y15.079 Z24.818 E805.07115
G1 X-2.791 Y17.538 Z24.826 E806.26641
G1 X-3.592 Y20.005 Z24.834 E807.48618
G1 X-3.837 Y20.636 Z24.836 E807.8045
G1 X-4.473 Y22.033 Z24.841 E808.52634
G1 X-4.696 Y22.43 Z24.843 E808.74048
G1 X-5.275 Y23.288 Z24.846 E809.22724
G1 X-5.592 Y23.601 Z24.847 E809.43674
G1 X-5.795 Y23.45 Z24.848 E809.55572
G1 X-6.225 Y22.756 Z24.851 E809.93965
G1 X-6.532 Y21.796 Z24.854 E810.41363
G1 X-6.698 Y20.569 Z24.858 E810.9959
G1 X-6.68 Y19.025 Z24.863 E811.72204
G1 X-6.445 Y17.171 Z24.869 E812.60089
G1 X-6.028 Y15.172 Z24.875 E813.56119
G1 X-5.401 Y12.775 Z24.883 E814.72635
G1 X-5.07 Y11.581 Z24.887 E815.30902
G1 X-4.657 Y9.348 Z24.895 E816.37694
G1 X-7.383 Y8.375 Z24.904 E817.73809
G1 X-8.987 Y9.595 Z24.91 E818.6858
G1 X-10.58 Y10.96 Z24.917 E819.67233
G1 X-12.554 Y12.581 Z24.925 E820.87352
G1 X-13.182 Y13.059 Z24.928 E821.24467
G1 X-14.639 Y14.1 Z24.934 E822.08676
G1 X-15.216 Y14.467 Z24.936 E822.40834
G1 X-16.548 Y15.232 Z24.941 E823.1307
G1 X-16.964 Y15.419 Z24.942 E823.34518
G1 X-17.945 Y15.787 Z24.945 E823.8379
G1 X-18.402 Y15.852 Z24.947 E824.05498
G1 X-18.476 Y15.567 Z24.948 E824.19345
G1 X-18.406 Y14.748 Z24.95 E824.58
G1 X-18.092 Y13.797 Z24.954 E825.05097
G1 X-17.507 Y12.703 Z24.958 E825.63438
G1 X-16.585 Y11.459 Z24.963 E826.36255
G1 X-15.316 Y10.103 Z24.969 E827.23592
G1 X-13.797 Y8.72 Z24.975 E828.20198
G1 X-11.888 Y7.148 Z24.983 E829.36492
G1 X-10.922 Y6.373 Z24.987 E829.94732
G1 X-9.293 Y4.786 Z24.994 E831.01683
G1 X-10.901 Y2.483 Z25.003 E832.33772
G1 X-12.908 Y2.514 Z25.01 E833.28166
G1 X-15.016 Y2.68 Z25.017 E834.27605
G1 X-17.535 Y2.832 Z25.025 E835.46281
G1 X-18.339 Y2.847 Z25.027 E835.84096
G1 X-20.135 Y2.84 Z25.033 E836.68557
G1 X-20.814 Y2.795 Z25.035 E837.00558
G1 X-22.353 Y2.638 Z25.04 E837.73308
G1 X-22.795 Y2.541 Z25.042 E837.94588
G1 X-23.816 Y2.267 Z25.045 E838.44301
G1 X-24.238 Y2.04 Z25.046 E838.66835
G1 X-24.101 Y1.732 Z25.048 E838.82688
G1 X-23.562 Y1.121 Z25.05 E839.21004
G1 X-22.741 Y0.531 Z25.053 E839.68548
G1 X-21.632 Y-0.011 Z25.057 E840.26596
G1 X-20.151 Y-.481 Z25.062 E840.99665
G1 X-18.328 Y-.836 Z25.068 E841.87005
G1 X-16.294 Y-1.066 Z25.075 E842.83267
G1 X-13.81 Y-1.223 Z25.083 E844.00314
G1 X-12.581 Y-1.282 Z25.087 E844.58177
G1 X-10.338 Y-1.641 Z25.094 E845.65
G1 X-10.304 Y-4.364 Z25.103 E846.93063
G1 X-11.938 Y-5.526 Z25.109 E847.87354
G1 X-13.725 Y-6.623 Z25.116 E848.85961
G1 X-15.884 Y-7.999 Z25.124 E850.06359
G1 X-16.527 Y-8.451 Z25.127 E850.43321
G1 X-17.982 Y-9.508 Z25.132 E851.27894
G1 X-18.503 Y-9.948 Z25.135 E851.59964
G1 X-19.665 Y-10.976 Z25.139 E852.32923
G1 X-19.962 Y-11.315 Z25.141 E852.54118
G1 X-20.638 Y-12.137 Z25.144 E853.04167
G1 X-20.851 Y-12.595 Z25.146 E853.27921
G1 X-20.513 Y-12.77 Z25.147 E853.4582
G1 X-19.721 Y-12.937 Z25.15 E853.83884
G1 X-18.709 Y-12.935 Z25.153 E854.31475
G1 X-17.491 Y-12.722 Z25.157 E854.89623
G1 X-16.026 Y-12.239 Z25.162 E855.62164
G1 X-14.334 Y-11.455 Z25.168 E856.4986
G1 X-12.552 Y-10.449 Z25.174 E857.46093
G1 X-10.44 Y-9.116 Z25.182 E858.63541
G1 X-9.413 Y-8.451 Z25.186 E859.21079
G1 X-7.377 Y-7.449 Z25.194 E860.27792
G1 X-5.814 Y-9.571 Z25.202 E861.5173
G1 X-6.44 Y-11.474 Z25.208 E862.4594
G1 X-7.246 Y-13.428 Z25.215 E863.4534
G1 X-8.172 Y-15.781 Z25.223 E864.64254
G1 X-8.431 Y-16.542 Z25.226 E865.02057
G1 X-8.995 Y-18.253 Z25.232 E865.86779
G1 X-9.154 Y-18.913 Z25.234 E866.18704
G1 X-9.5 Y-20.429 Z25.239 E866.9183
G1 X-9.536 Y-20.882 Z25.24 E867.132
G1 X-9.609 Y-21.958 Z25.244 E867.63917
G1 X-9.506 Y-22.466 Z25.245 E867.88293
G1 X-9.093 Y-22.394 Z25.247 E868.08008
G1 X-8.353 Y-22.055 Z25.249 E868.46285
G1 X-7.535 Y-21.456 Z25.253 E868.93964
G1 X-6.674 Y-20.574 Z25.257 E869.51928
G1 X-5.77 Y-19.325 Z25.261 E870.24434
G1 X-4.858 Y-17.696 Z25.267 E871.12229
G1 X-3.933 Y-15.677 Z25.275 E872.16667
G1 X-3.256 Y-13.969 Z25.28 E873.03067
G1 X-3.078 Y-13.532 Z25.282 E873.25258
G1 X-2.629 Y-12.377 Z25.286 E873.83533
G1 X-1.543 Y-10.382 Z25.293 E874.90351
G1 X0.877 Y-11.178 Z25.301 E876.10154
G1 X1.502 Y-13.074 Z25.308 E877.04036
G1 X1.997 Y-15.115 Z25.315 E878.028
G1 X2.632 Y-17.584 Z25.323 E879.22687
G1 X3.418 Y-20.071 Z25.331 E880.45344
G1 X3.678 Y-20.694 Z25.333 E880.77091
G1 X4.286 Y-22.134 Z25.338 E881.50598
G1 X4.524 Y-22.518 Z25.34 E881.71843
G1 X5.096 Y-23.442 Z25.343 E882.22948
G1 X5.498 Y-23.805 Z25.345 E882.4842
G1 X5.809 Y-23.465 Z25.346 E882.70089
G1 X6.201 Y-22.748 Z25.349 E883.08517
G1 X6.51 Y-21.793 Z25.352 E883.5572
G1 X6.691 Y-20.569 Z25.356 E884.13906
G1 X6.692 Y-19.024 Z25.361 E884.86563
G1 X6.478 Y-17.166 Z25.367 E885.74516
G1 X6.079 Y-15.16 Z25.374 E886.70699
G1 X5.48 Y-12.752 Z25.382 E887.8739
G1 X5.168 Y-11.551 Z25.386 E888.45744
G1 X4.907 Y-9.295 Z25.393 E889.52544
G1 X7.256 Y-8.565 Z25.401 E890.68221
G1 X8.88 Y-9.72 Z25.407 E891.61937
G1 X10.479 Y-11.078 Z25.414 E892.60592
G1 X12.453 Y-12.711 Z25.422 E893.8107
G1 X13.089 Y-13.179 Z25.425 E894.18203
G1 X14.536 Y-14.257 Z25.43 E895.03059
G1 X15.122 Y-14.607 Z25.432 E895.35157
G1 X16.456 Y-15.425 Z25.438 E896.08746
G1 X16.877 Y-15.592 Z25.439 E896.30045
G1 X17.891 Y-16.016 Z25.442 E896.81731
G1 X18.448 Y-16.072 Z25.444 E897.08057
G1 X18.496 Y-15.571 Z25.446 E897.31725
G1 X18.382 Y-14.755 Z25.449 E897.70471
G1 X18.073 Y-13.807 Z25.452 E898.17361
G1 X17.501 Y-12.707 Z25.456 E898.75666
G1 X16.595 Y-11.452 Z25.461 E899.48457
G1 X15.34 Y-10.08 Z25.467 E900.35899
G1 X13.831 Y-8.681 Z25.473 E901.32667
G1 X11.938 Y-7.082 Z25.481 E902.49197
G1 X10.982 Y-6.291 Z25.485 E903.07548
G1 X9.463 Y-4.596 Z25.492 E904.14583
G1 X10.909 Y-2.711 Z25.5 E905.26306
;TIME_ELAPSED:181.962783
;LAYER:25
;TYPE:WALL-OUTER
;MESH:wavy.stl
G1 X14.149 Y-2.771 Z25.511 E906.78698
G1 X16.266 Y-2.915 Z25.518 E907.78484
G1 X18.671 Y-3.003 Z25.526 E908.91659
G1 X21.052 Y-2.946 Z25.534 E910.03661
G1 X22.94 Y-2.703 Z25.541 E910.9318
G1 X24.018 Y-2.41 Z25.544 E911.45714
G1 X24.193 Y-2.304 Z25.545 E911.55335
G1 X24.212 Y-2.286 E911.56566
G1 X23.996 Y-1.617 Z25.548 E911.89626
G1 X23.298 Y-.973 Z25.551 E912.34288
G1 X22.402 Y-.394 Z25.554 E912.84456
G1 X21.324 Y0.099 Z25.558 E913.402
G1 X19.976 Y0.525 Z25.563 E914.06682
G1 X18.352 Y0.862 Z25.569 E914.84681
G1 X16.544 Y1.087 Z25.575 E915.70361
G1 X14.77 Y1.233 Z25.581 E916.54068
G1 X13.188 Y1.352 Z25.586 E917.28674
G1 X10.434 Y2.468 Z25.596 E918.68415
G1 X11.57 Y5.032 Z25.606 E920.00296
G1 X13.101 Y6.054 Z25.612 E920.86862
G1 X14.888 Y7.179 Z25.619 E921.86165
G1 X16.893 Y8.525 Z25.627 E922.9973
G1 X18.774 Y9.962 Z25.635 E924.11046
G1 X20.174 Y11.282 Z25.642 E925.01533
G1 X20.867 Y12.158 Z25.645 E925.5406
G1 X20.944 Y12.349 Z25.646 E925.63745
G1 X20.936 Y12.381 E925.65296
G1 X20.362 Y12.771 Z25.649 E925.97931
G1 X19.413 Y12.882 Z25.652 E926.42863
G1 X18.367 Y12.834 Z25.655 E926.92105
G1 X17.209 Y12.61 Z25.659 E927.47571
G1 X15.854 Y12.164 Z25.664 E928.14655
G1 X14.327 Y11.482 Z25.67 E928.93302
G1 X12.75 Y10.615 Z25.676 E929.77932
G1 X11.217 Y9.692 Z25.682 E930.62082
G1 X9.863 Y8.867 Z25.687 E931.36645
G1 X7.045 Y8.163 Z25.697 E932.73239
G1 X6.446 Y10.861 Z25.706 E934.03206
G1 X7.071 Y12.587 Z25.713 E934.89532
G1 X7.843 Y14.526 Z25.72 E935.87678
G1 X8.681 Y16.81 Z25.728 E937.02088
G1 X9.363 Y19.09 Z25.736 E938.14003
G1 X9.719 Y20.979 Z25.742 E939.044
G1 X9.76 Y22.109 Z25.746 E939.57575
G1 X9.708 Y22.306 Z25.747 E939.67157
G1 X9.668 Y22.324 E939.69219
G1 X8.98 Y22.279 Z25.749 E940.01643
G1 X8.144 Y21.812 Z25.752 E940.46675
G1 X7.325 Y21.163 Z25.756 E940.95817
G1 X6.511 Y20.3 Z25.76 E941.51606
G1 X5.681 Y19.16 Z25.765 E942.1792
G1 X4.844 Y17.714 Z25.77 E942.96491
G1 X4.068 Y16.084 Z25.777 E943.81388
G1 X3.366 Y14.438 Z25.783 E944.65539
G1 X2.746 Y12.98 Z25.788 E945.40046
G1 X0.922 Y10.804 Z25.797 E946.73571
G1 X-1.128 Y12.588 Z25.807 E948.01369
G1 X-1.648 Y14.346 Z25.813 E948.87583
G1 X-2.17 Y16.392 Z25.82 E949.86882
G1 X-2.825 Y18.709 Z25.828 E951.00113
G1 X-3.618 Y20.961 Z25.836 E952.12391
G1 X-4.442 Y22.699 Z25.843 E953.02844
G1 X-5.085 Y23.642 Z25.846 E953.56518
G1 X-5.244 Y23.767 Z25.847 E953.66029
G1 X-5.295 Y23.747 E953.68605
G1 X-5.809 Y23.287 Z25.85 E954.01043
G1 X-6.206 Y22.435 Z25.853 E954.45246
G1 X-6.494 Y21.422 Z25.856 E954.94772
G1 X-6.652 Y20.245 Z25.86 E955.50619
G1 X-6.662 Y18.844 Z25.865 E956.16505
G1 X-6.497 Y17.177 Z25.871 E956.95282
G1 X-6.172 Y15.4 Z25.877 E957.80234
G1 X-5.779 Y13.655 Z25.883 E958.64351
G1 X-5.433 Y12.11 Z25.888 E959.38807
G1 X-5.621 Y9.341 Z25.898 E960.69324
G1 X-8.289 Y9.557 Z25.907 E961.95201
G1 X-9.747 Y10.662 Z25.913 E962.81233
G1 X-11.373 Y12.008 Z25.92 E963.80498
G1 X-13.265 Y13.495 Z25.928 E964.93664
G1 X-15.233 Y14.857 Z25.936 E966.06214
G1 X-16.927 Y15.782 Z25.943 E966.9698
G1 X-18.008 Y16.163 Z25.946 E967.50881
G1 X-18.212 Y16.167 Z25.947 E967.60476
G1 X-18.242 Y16.108 E967.63589
G1 X-18.363 Y15.427 Z25.95 E967.96116
G1 X-18.184 Y14.507 Z25.953 E968.40192
G1 X-17.832 Y13.528 Z25.956 E968.89116
G1 X-17.275 Y12.475 Z25.96 E969.45136
G1 X-16.464 Y11.331 Z25.965 E970.11082
G1 X-15.354 Y10.076 Z25.971 E970.89873
G1 X-14.057 Y8.831 Z25.977 E971.74419
G1 X-12.711 Y7.641 Z25.983 E972.58908
G1 X-11.528 Y6.585 Z25.988 E973.33481
G1 X-10.087 Y4.29 Z25.997 E974.60918
G1 X-12.322 Y2.905 Z26.006 E975.84567
G1 X-14.137 Y2.929 Z26.012 E976.69928
G1 X-16.257 Y3.06 Z26.02 E977.69815
G1 X-18.669 Y3.15 Z26.028 E978.83322
G1 X-21.064 Y3.096 Z26.036 E979.95979
G1 X-22.974 Y2.849 Z26.042 E980.86548
G1 X-24.079 Y2.514 Z26.046 E981.40848
G1 X-24.246 Y2.393 Z26.047 E981.50546
G1 X-24.229 Y2.315 E981.54301
G1 X-23.906 Y1.704 Z26.049 E981.86802
G1 X-23.227 Y1.07 Z26.053 E982.30489
G1 X-22.362 Y0.475 Z26.056 E982.79861
G1 X-21.307 Y-0.049 Z26.06 E983.35257
G1 X-19.973 Y-.507 Z26.065 E984.01585
G1 X-18.354 Y-.873 Z26.07 E984.79642
G1 X-16.549 Y-1.129 Z26.077 E985.65375
G1 X-14.775 Y-1.305 Z26.083 E986.49209
G1 X-13.196 Y-1.474 Z26.088 E987.23889
G1 X-10.746 Y-2.46 Z26.097 E988.48084
G1 X-11.701 Y-4.86 Z26.106 E989.69556
G1 X-13.185 Y-5.921 Z26.112 E990.55345
G1 X-14.966 Y-7.058 Z26.119 E991.54712
G1 X-16.978 Y-8.405 Z26.127 E992.68576
G1 X-18.872 Y-9.848 Z26.135 E993.8055
G1 X-20.288 Y-11.184 Z26.142 E994.721
G1 X-20.979 Y-12.11 Z26.146 E995.26435
G1 X-21.041 Y-12.308 E995.36192
G1 X-20.968 Y-12.367 Z26.147 E995.40606
G1 X-20.341 Y-12.646 Z26.149 E995.7288
G1 X-19.413 Y-12.763 Z26.152 E996.16866
G1 X-18.381 Y-12.744 Z26.155 E996.65405
G1 X-17.225 Y-12.558 Z26.159 E997.20467
G1 X-15.862 Y-12.148 Z26.164 E997.87402
G1 X-14.323 Y-11.492 Z26.17 E998.66077
G1 X-12.729 Y-10.652 Z26.176 E999.50809
G1 X-11.179 Y-9.753 Z26.182 E1000.35073
G1 X-9.798 Y-8.969 Z26.187 E1001.09752
G1 X-7.299 Y-8.34 Z26.196 E1002.30937
G1 X-6.653 Y-10.798 Z26.205 E1003.50454
G1 X-7.217 Y-12.528 Z26.211 E1004.36025
G1 X-7.982 Y-14.481 Z26.218 E1005.34662
G1 X-8.821 Y-16.762 Z26.226 E1006.48956
G1 X-9.51 Y-19.055 Z26.234 E1007.61551
G1 X-9.869 Y-20.967 Z26.241 E1008.53038
G1 X-9.878 Y-22.135 Z26.245 E1009.07966
G1 X-9.81 Y-22.329 E1009.17634
G1 X-9.7 Y-22.331 Z26.246 E1009.22808
G1 X-9.036 Y-22.165 Z26.248 E1009.54994
G1 X-8.215 Y-21.715 Z26.251 E1009.99022
G1 X-7.39 Y-21.098 Z26.255 E1010.47469
G1 X-6.554 Y-20.269 Z26.259 E1011.02836
G1 X-5.697 Y-19.151 Z26.263 E1011.69081
G1 X-4.834 Y-17.719 Z26.269 E1012.47707
G1 X-4.029 Y-16.102 Z26.275 E1013.32651
G1 X-3.298 Y-14.465 Z26.281 E1014.16961
G1 X-2.632 Y-13.025 Z26.286 E1014.91571
G1 X-1.024 Y-11.096 Z26.295 E1016.0967
G1 X0.924 Y-12.659 Z26.303 E1017.2712
G1 X1.494 Y-14.383 Z26.309 E1018.12511
G1 X2.031 Y-16.428 Z26.317 E1019.11941
G1 X2.687 Y-18.752 Z26.325 E1020.25501
G1 X3.48 Y-21.019 Z26.333 E1021.38445
G1 X4.314 Y-22.777 Z26.339 E1022.29949
G1 X5.004 Y-23.733 Z26.343 E1022.85393
G1 X5.175 Y-23.846 Z26.344 E1022.95032
G1 X5.273 Y-23.773 Z26.345 E1023.00779
G1 X5.698 Y-23.227 Z26.347 E1023.33317
G1 X6.092 Y-22.397 Z26.35 E1023.76524
G1 X6.405 Y-21.408 Z26.353 E1024.25307
G1 X6.6 Y-20.244 Z26.357 E1024.80809
G1 X6.644 Y-18.846 Z26.362 E1025.46585
G1 X6.507 Y-17.175 Z26.368 E1026.2543
G1 X6.213 Y-15.391 Z26.374 E1027.10457
G1 X5.848 Y-13.637 Z26.38 E1027.94709
G1 X5.551 Y-12.08 Z26.385 E1028.69249
G1 X5.71 Y-9.636 Z26.394 E1029.84426
G1 X8.166 Y-9.735 Z26.402 E1031.00017
G1 X9.645 Y-10.782 Z26.408 E1031.85233
G1 X11.282 Y-12.12 Z26.415 E1032.84659
G1 X13.18 Y-13.615 Z26.423 E1033.98279
G1 X15.154 Y-14.985 Z26.431 E1035.11276
G1 X16.868 Y-15.921 Z26.438 E1036.03115
G1 X17.996 Y-16.284 Z26.442 E1036.5884
G1 X18.202 Y-16.271 Z26.443 E1036.68547
G1 X18.239 Y-16.142 E1036.74858
G1 X18.238 Y-15.445 Z26.445 E1037.07636
G1 X18.07 Y-14.544 Z26.449 E1037.50737
G1 X17.752 Y-13.569 Z26.452 E1037.98965
G1 X17.232 Y-12.505 Z26.456 E1038.54657
G1 X16.45 Y-11.343 Z26.461 E1039.20524
G1 X15.361 Y-10.069 Z26.466 E1039.99341
G1 X14.085 Y-8.799 Z26.472 E1040.84003
G1 X12.757 Y-7.585 Z26.478 E1041.68617
G1 X11.605 Y-6.491 Z26.484 E1042.43328
G1 X10.334 Y-4.479 Z26.492 E1043.55243
G1 X12.326 Y-3.12 Z26.5 E1044.68644
;TIME_ELAPSED:189.453371
;LAYER:26
;TYPE:WALL-OUTER
;MESH:wavy.stl
G1 X15.107 Y-3.14 Z26.51 E1045.99429
G1 X17.113 Y-3.236 Z26.518 E1046.93873
G1 X18.627 Y-3.293 Z26.523 E1047.65121
G1 X19.335 Y-3.282 Z26.526 E1047.9842
G1 X20.783 Y-3.248 Z26.531 E1048.66534
G1 X21.435 Y-3.196 Z26.534 E1048.97293
G1 X22.593 Y-3.042 Z26.538 E1049.52229
G1 X23.055 Y-2.973 Z26.54 E1049.74196
G1 X23.855 Y-2.703 Z26.543 E1050.13903
G1 X23.803 Y-2.706 E1050.16352
G1 X23.484 Y-1.494 Z26.547 E1050.75289
G1 X22.685 Y-.837 Z26.551 E1051.23935
G1 X21.76 Y-.267 Z26.555 E1051.75031
G1 X20.744 Y0.192 Z26.559 E1052.2746
G1 X19.55 Y0.585 Z26.564 E1052.86573
G1 X18.272 Y0.892 Z26.569 E1053.48383
G1 X17.159 Y1.072 Z26.573 E1054.01404
G1 X15.634 Y1.276 Z26.579 E1054.73758
G1 X15.087 Y1.341 Z26.581 E1054.99663
G1 X13.603 Y1.545 Z26.586 E1055.70107
G1 X11.335 Y3.236 Z26.597 E1057.03146
G1 X12.669 Y5.329 Z26.606 E1058.19865
G1 X14.084 Y6.319 Z26.612 E1059.01077
G1 X15.758 Y7.422 Z26.619 E1059.95352
G1 X17.014 Y8.269 Z26.625 E1060.66594
G1 X17.58 Y8.692 Z26.628 E1060.99823
G1 X18.731 Y9.578 Z26.633 E1061.6813
G1 X19.23 Y10.006 Z26.635 E1061.99045
G1 X20.072 Y10.814 Z26.64 E1062.53924
G1 X20.404 Y11.142 Z26.641 E1062.75872
G1 X20.886 Y11.835 Z26.644 E1063.15569
G1 X20.822 Y11.819 Z26.645 E1063.18671
G1 X19.868 Y12.547 Z26.649 E1063.75105
G1 X18.844 Y12.614 Z26.653 E1064.23364
G1 X17.767 Y12.543 Z26.657 E1064.74121
G1 X16.673 Y12.327 Z26.661 E1065.26562
G1 X15.471 Y11.952 Z26.666 E1065.85775
G1 X14.285 Y11.473 Z26.67 E1066.45926
G1 X13.238 Y10.949 Z26.675 E1067.00985
G1 X11.889 Y10.231 Z26.68 E1067.7285
G1 X11.412 Y9.965 Z26.682 E1067.98534
G1 X10.084 Y9.269 Z26.688 E1068.69043
G1 X7.321 Y9.298 Z26.698 E1069.98984
G1 X7.154 Y11.745 Z26.707 E1071.14327
G1 X7.706 Y13.379 Z26.713 E1071.95434
G1 X8.188 Y14.658 Z26.718 E1072.59711
G1 X8.4 Y15.235 Z26.72 E1072.88619
G1 X8.921 Y16.684 Z26.726 E1073.61031
G1 X9.134 Y17.364 Z26.729 E1073.94542
G1 X9.537 Y18.755 Z26.734 E1074.62646
G1 X9.692 Y19.392 Z26.736 E1074.93476
G1 X9.89 Y20.545 Z26.741 E1075.48492
G1 X9.965 Y21.008 Z26.743 E1075.70549
G1 X9.941 Y21.853 Z26.746 E1076.10302
G1 X9.867 Y21.801 E1076.14556
G1 X8.729 Y21.793 Z26.75 E1076.68073
G1 X7.848 Y21.241 Z26.754 E1077.16964
G1 X7.027 Y20.567 Z26.758 E1077.66917
G1 X6.261 Y19.76 Z26.762 E1078.19242
G1 X5.502 Y18.758 Z26.767 E1078.78355
G1 X4.801 Y17.644 Z26.771 E1079.40252
G1 X4.263 Y16.623 Z26.776 E1079.94524
G1 X3.6 Y15.277 Z26.781 E1080.65084
G1 X3.364 Y14.775 Z26.783 E1080.9117
G1 X2.686 Y13.437 Z26.789 E1081.61709
G1 X0.496 Y11.868 Z26.799 E1082.88401
G1 X-1.081 Y13.719 Z26.808 E1084.02756
G1 X-1.605 Y15.362 Z26.814 E1084.83855
G1 X-2.137 Y17.269 Z26.821 E1085.76959
G1 X-2.573 Y18.746 Z26.827 E1086.49381
G1 X-2.796 Y19.417 Z26.829 E1086.82633
G1 X-3.296 Y20.784 Z26.835 E1087.51084
G1 X-3.545 Y21.395 Z26.837 E1087.82111
G1 X-4.068 Y22.439 Z26.842 E1088.37023
G1 X-4.28 Y22.856 Z26.843 E1088.59022
G1 X-4.803 Y23.521 Z26.846 E1088.98808
G1 X-4.855 Y23.419 Z26.847 E1089.04192
G1 X-5.71 Y22.731 Z26.851 E1089.55801
G1 X-6.092 Y21.793 Z26.855 E1090.0343
G1 X-6.37 Y20.765 Z26.858 E1090.53509
G1 X-6.527 Y19.665 Z26.863 E1091.05763
G1 X-6.563 Y18.412 Z26.867 E1091.64712
G1 X-6.486 Y17.121 Z26.872 E1092.25531
G1 X-6.328 Y15.981 Z26.876 E1092.79654
G1 X-6.077 Y14.469 Z26.882 E1093.51732
G1 X-5.975 Y13.926 Z26.884 E1093.77714
G1 X-5.751 Y12.445 Z26.889 E1094.48152
G1 X-6.574 Y9.949 Z26.899 E1095.71747
G1 X-8.918 Y10.493 Z26.908 E1096.84908
G1 X-10.312 Y11.505 Z26.914 E1097.65916
G1 X-11.887 Y12.749 Z26.922 E1098.603
G1 X-13.09 Y13.667 Z26.927 E1099.31463
G1 X-13.668 Y14.084 Z26.93 E1099.6498
G1 X-14.876 Y14.889 Z26.935 E1100.33247
G1 X-15.434 Y15.239 Z26.937 E1100.64222
G1 X-16.476 Y15.77 Z26.942 E1101.1922
G1 X-16.894 Y15.982 Z26.944 E1101.41261
G1 X-17.711 Y16.205 Z26.947 E1101.81087
G1 X-17.702 Y16.062 E1101.87825
G1 X-17.935 Y15.047 Z26.951 E1102.36799
G1 X-17.699 Y14.066 Z26.955 E1102.84249
G1 X-17.327 Y13.066 Z26.959 E1103.34424
G1 X-16.818 Y12.079 Z26.963 E1103.86648
G1 X-16.125 Y11.047 Z26.967 E1104.45106
G1 X-15.305 Y10.038 Z26.972 E1105.0625
G1 X-14.496 Y9.188 Z26.976 E1105.61433
G1 X-13.434 Y8.131 Z26.982 E1106.31896
G1 X-13.03 Y7.746 Z26.984 E1106.5814
G1 X-11.985 Y6.668 Z26.989 E1107.28745
G1 X-11.2 Y4.232 Z26.999 E1108.49103
G1 X-13.383 Y3.284 Z27.008 E1109.61025
G1 X-15.1 Y3.274 Z27.014 E1110.41771
G1 X-17.109 Y3.351 Z27.021 E1111.36317
G1 X-18.624 Y3.38 Z27.027 E1112.07575
G1 X-19.338 Y3.381 Z27.029 E1112.41152
G1 X-20.785 Y3.316 Z27.035 E1113.09269
G1 X-21.445 Y3.272 Z27.037 E1113.40375
G1 X-22.599 Y3.082 Z27.042 E1113.95375
G1 X-23.066 Y3.007 Z27.043 E1114.17617
G1 X-23.854 Y2.7 Z27.046 E1114.57388
G1 X-23.755 Y2.562 Z27.047 E1114.65375
G1 X-23.322 Y1.665 Z27.051 E1115.12215
G1 X-22.558 Y1.01 Z27.054 E1115.5954
G1 X-21.68 Y0.415 Z27.058 E1116.09417
G1 X-20.706 Y-0.087 Z27.062 E1116.60947
G1 X-19.536 Y-.528 Z27.067 E1117.19747
G1 X-18.268 Y-.873 Z27.072 E1117.81545
G1 X-17.161 Y-1.084 Z27.076 E1118.3454
G1 X-15.639 Y-1.33 Z27.082 E1119.07044
G1 X-15.094 Y-1.406 Z27.084 E1119.32922
G1 X-13.62 Y-1.678 Z27.089 E1120.03409
G1 X-11.601 Y-3.142 Z27.098 E1121.2069
G1 X-12.78 Y-5.182 Z27.107 E1122.31494
G1 X-14.157 Y-6.207 Z27.113 E1123.12221
G1 X-15.822 Y-7.326 Z27.121 E1124.06561
G1 X-17.063 Y-8.197 Z27.126 E1124.7786
G1 X-17.64 Y-8.614 Z27.129 E1125.11339
G1 X-18.772 Y-9.525 Z27.134 E1125.79671
G1 X-19.284 Y-9.95 Z27.137 E1126.10963
G1 X-20.1 Y-10.784 Z27.141 E1126.65834
G1 X-20.434 Y-11.122 Z27.143 E1126.8818
G1 X-20.884 Y-11.837 Z27.146 E1127.27909
G1 X-20.7 Y-11.907 E1127.37167
G1 X-19.836 Y-12.314 Z27.15 E1127.82081
G1 X-18.843 Y-12.399 Z27.154 E1128.28949
G1 X-17.79 Y-12.374 Z27.158 E1128.78482
G1 X-16.702 Y-12.22 Z27.162 E1129.30157
G1 X-15.492 Y-11.899 Z27.166 E1129.89028
G1 X-14.295 Y-11.454 Z27.171 E1130.49083
G1 X-13.232 Y-10.96 Z27.175 E1131.04206
G1 X-11.862 Y-10.277 Z27.181 E1131.76196
G1 X-11.381 Y-10.021 Z27.183 E1132.0182
G1 X-10.02 Y-9.386 Z27.188 E1132.72447
G1 X-7.593 Y-9.378 Z27.197 E1133.86581
G1 X-7.33 Y-11.693 Z27.206 E1134.96148
G1 X-7.831 Y-13.33 Z27.212 E1135.76656
G1 X-8.296 Y-14.619 Z27.217 E1136.41097
G1 X-8.511 Y-15.204 Z27.219 E1136.70406
G1 X-9.002 Y-16.654 Z27.225 E1137.42398
G1 X-9.229 Y-17.336 Z27.228 E1137.76201
G1 X-9.602 Y-18.736 Z27.233 E1138.44335
G1 X-9.769 Y-19.379 Z27.235 E1138.75576
G1 X-9.931 Y-20.538 Z27.24 E1139.3061
G1 X-10.001 Y-21.009 Z27.242 E1139.53003
G1 X-9.938 Y-21.853 Z27.245 E1139.92804
G1 X-9.714 Y-21.8 E1140.03628
G1 X-8.841 Y-21.586 Z27.249 E1140.45898
G1 X-7.974 Y-21.068 Z27.252 E1140.93393
G1 X-7.143 Y-20.445 Z27.256 E1141.42235
G1 X-6.348 Y-19.691 Z27.26 E1141.93762
G1 X-5.551 Y-18.728 Z27.265 E1142.52547
G1 X-4.817 Y-17.636 Z27.27 E1143.14423
G1 X-4.252 Y-16.629 Z27.274 E1143.68723
G1 X-3.558 Y-15.312 Z27.279 E1144.3873
G1 X-3.305 Y-14.801 Z27.282 E1144.65545
G1 X-2.566 Y-13.494 Z27.287 E1145.36154
G1 X-.668 Y-12.093 Z27.296 E1146.47093
G1 X0.908 Y-13.78 Z27.304 E1147.5566
G1 X1.475 Y-15.397 Z27.311 E1148.36241
G1 X2.028 Y-17.3 Z27.318 E1149.29435
G1 X2.49 Y-18.77 Z27.324 E1150.01898
G1 X2.703 Y-19.45 Z27.326 E1150.35408
G1 X3.233 Y-20.806 Z27.331 E1151.03874
G1 X3.474 Y-21.429 Z27.334 E1151.35288
G1 X4.031 Y-22.458 Z27.338 E1151.90313
G1 X4.25 Y-22.879 Z27.34 E1152.1263
G1 X4.805 Y-23.52 Z27.343 E1152.52503
G1 X4.977 Y-23.33 Z27.344 E1152.64555
G1 X5.498 Y-22.629 Z27.347 E1153.05629
G1 X5.888 Y-21.726 Z27.351 E1153.51885
G1 X6.203 Y-20.735 Z27.355 E1154.00786
G1 X6.415 Y-19.66 Z27.359 E1154.52314
G1 X6.504 Y-18.417 Z27.363 E1155.10918
G1 X6.466 Y-17.124 Z27.368 E1155.71749
G1 X6.341 Y-15.979 Z27.372 E1156.25915
G1 X6.129 Y-14.458 Z27.378 E1156.98134
G1 X6.039 Y-13.913 Z27.38 E1157.24111
G1 X5.882 Y-12.421 Z27.386 E1157.94662
G1 X6.566 Y-10.233 Z27.394 E1159.02467
G1 X8.814 Y-10.643 Z27.402 E1160.09927
G1 X10.228 Y-11.609 Z27.409 E1160.90459
G1 X11.816 Y-12.839 Z27.416 E1161.84919
G1 X13.037 Y-13.736 Z27.422 E1162.56168
G1 X13.612 Y-14.165 Z27.424 E1162.89905
G1 X14.838 Y-14.944 Z27.43 E1163.58214
G1 X15.397 Y-15.307 Z27.432 E1163.89558
G1 X16.457 Y-15.806 Z27.436 E1164.44653
G1 X16.883 Y-16.018 Z27.438 E1164.6703
G1 X17.712 Y-16.203 Z27.441 E1165.06974
G1 X17.748 Y-15.916 Z27.442 E1165.20577
G1 X17.704 Y-15.089 Z27.445 E1165.59523
G1 X17.493 Y-14.132 Z27.449 E1166.05608
G1 X17.175 Y-13.14 Z27.453 E1166.54597
G1 X16.725 Y-12.141 Z27.457 E1167.06123
G1 X16.081 Y-11.084 Z27.461 E1167.6433
G1 X15.291 Y-10.052 Z27.466 E1168.25449
G1 X14.504 Y-9.179 Z27.47 E1168.80722
G1 X13.469 Y-8.092 Z27.476 E1169.51306
G1 X13.073 Y-7.698 Z27.478 E1169.77576
G1 X12.077 Y-6.571 Z27.484 E1170.48307
G1 X11.36 Y-4.466 Z27.492 E1171.52883
G1 X13.387 Y-3.467 Z27.5 E1172.59154
;TIME_ELAPSED:196.352052
;LAYER:27
;TYPE:WALL-OUTER
;MESH:wavy.stl
G1 X15.83 Y-3.429 Z27.51 E1173.74054
G1 X17.499 Y-3.464 Z27.517 E1174.52559
G1 X18.192 Y-3.465 Z27.52 E1174.85149
G1 X19.488 Y-3.469 Z27.525 E1175.46096
G1 X20.116 Y-3.425 Z27.527 E1175.75701
G1 X21.332 Y-3.351 Z27.532 E1176.32991
G1 X22.672 Y-3.104 Z27.538 E1176.97069
G1 X23.175 Y-2.984 Z27.54 E1177.21387
G1 X22.974 Y-3.031 Z27.541 E1177.31095
G1 X22.653 Y-1.394 Z27.548 E1178.09544
G1 X21.785 Y-.717 Z27.552 E1178.6131
G1 X20.863 Y-.15 Z27.557 E1179.12212
G1 X19.914 Y0.29 Z27.561 E1179.61404
G1 X18.883 Y0.656 Z27.565 E1180.12853
G1 X17.58 Y0.998 Z27.571 E1180.76204
G1 X16.038 Y1.304 Z27.577 E1181.50134
G1 X15.157 Y1.459 Z27.581 E1181.92201
G1 X13.763 Y1.782 Z27.587 E1182.59493
G1 X12.213 Y3.732 Z27.597 E1183.76636
G1 X13.417 Y5.458 Z27.606 E1184.75601
G1 X14.823 Y6.511 Z27.613 E1185.58208
G1 X16.203 Y7.473 Z27.62 E1186.37317
G1 X16.762 Y7.882 Z27.622 E1186.6989
G1 X17.806 Y8.643 Z27.628 E1187.30645
G1 X18.288 Y9.05 Z27.63 E1187.60312
G1 X19.216 Y9.822 Z27.635 E1188.1708
G1 X20.165 Y10.826 Z27.641 E1188.82048
G1 X20.483 Y11.219 Z27.643 E1189.05822
G1 X20.327 Y11.095 Z27.644 E1189.15194
G1 X19.12 Y12.126 Z27.65 E1189.89844
G1 X18.064 Y12.164 Z27.655 E1190.39536
G1 X16.973 Y12.094 Z27.659 E1190.90948
G1 X15.948 Y11.907 Z27.663 E1191.39946
G1 X14.89 Y11.608 Z27.668 E1191.91649
G1 X13.644 Y11.134 Z27.673 E1192.54341
G1 X12.206 Y10.484 Z27.68 E1193.28553
G1 X11.403 Y10.096 Z27.683 E1193.70493
G1 X10.076 Y9.554 Z27.689 E1194.37902
G1 X7.73 Y10.207 Z27.699 E1195.52421
G1 X7.674 Y12.295 Z27.708 E1196.50648
G1 X8.184 Y13.988 Z27.715 E1197.33799
G1 X8.729 Y15.567 Z27.722 E1198.12353
G1 X8.938 Y16.226 Z27.724 E1198.44864
G1 X9.333 Y17.461 Z27.73 E1199.05841
G1 X9.481 Y18.07 Z27.732 E1199.35314
G1 X9.773 Y19.24 Z27.737 E1199.92023
G1 X9.94 Y20.61 Z27.743 E1200.56926
G1 X9.955 Y21.115 Z27.745 E1200.80685
G1 X9.863 Y20.93 Z27.746 E1200.90402
G1 X8.382 Y21 Z27.752 E1201.60126
G1 X7.486 Y20.403 Z27.756 E1202.10758
G1 X6.655 Y19.722 Z27.761 E1202.61284
G1 X5.93 Y18.982 Z27.765 E1203.10002
G1 X5.245 Y18.134 Z27.769 E1203.61266
G1 X4.507 Y17.032 Z27.775 E1204.23637
G1 X3.705 Y15.645 Z27.781 E1204.98983
G1 X3.283 Y14.875 Z27.785 E1205.40275
G1 X2.515 Y13.666 Z27.791 E1206.07632
G1 X0.286 Y12.83 Z27.8 E1207.19584
G1 X-.992 Y14.465 Z27.809 E1208.17175
G1 X-1.579 Y16.121 Z27.816 E1208.99799
G1 X-2.079 Y17.735 Z27.823 E1209.79259
G1 X-2.297 Y18.384 Z27.826 E1210.11455
G1 X-2.71 Y19.623 Z27.831 E1210.72873
G1 X-2.948 Y20.193 Z27.834 E1211.01921
G1 X-3.402 Y21.309 Z27.838 E1211.5858
G1 X-4.081 Y22.515 Z27.844 E1212.23665
G1 X-4.374 Y22.918 Z27.846 E1212.47096
G1 X-4.373 Y22.703 Z27.847 E1212.57207
G1 X-5.501 Y21.898 Z27.853 E1213.22376
G1 X-5.879 Y20.89 Z27.857 E1213.73003
G1 X-6.158 Y19.863 Z27.861 E1214.2305
G1 X-6.324 Y18.83 Z27.866 E1214.72252
G1 X-6.393 Y17.76 Z27.87 E1215.22675
G1 X-6.353 Y16.396 Z27.876 E1215.86847
G1 X-6.201 Y14.829 Z27.882 E1216.60884
G1 X-6.095 Y13.962 Z27.886 E1217.0196
G1 X-6.025 Y12.529 Z27.891 E1217.69429
G1 X-7.303 Y10.589 Z27.901 E1218.78678
G1 X-9.291 Y11.141 Z27.909 E1219.75704
G1 X-10.622 Y12.041 Z27.916 E1220.51264
G1 X-12.099 Y13.138 Z27.923 E1221.37784
G1 X-12.657 Y13.531 Z27.926 E1221.6988
G1 X-13.71 Y14.28 Z27.932 E1222.30649
G1 X-14.252 Y14.607 Z27.934 E1222.60417
G1 X-15.281 Y15.24 Z27.939 E1223.17231
G1 X-16.536 Y15.806 Z27.945 E1223.81974
G1 X-17.014 Y15.947 Z27.947 E1224.0541
G1 X-16.908 Y15.742 Z27.948 E1224.16263
G1 X-17.26 Y14.497 Z27.953 E1224.77107
G1 X-16.975 Y13.451 Z27.957 E1225.2809
G1 X-16.611 Y12.468 Z27.962 E1225.77385
G1 X-16.159 Y11.542 Z27.966 E1226.25842
G1 X-15.592 Y10.623 Z27.97 E1226.76624
G1 X-14.778 Y9.547 Z27.976 E1227.40073
G1 X-13.763 Y8.382 Z27.982 E1228.12736
G1 X-13.144 Y7.707 Z27.986 E1228.55805
G1 X-12.258 Y6.58 Z27.992 E1229.23221
G1 X-12.152 Y4.311 Z28.001 E1230.30042
G1 X-14.067 Y3.58 Z28.009 E1231.26436
G1 X-15.828 Y3.515 Z28.016 E1232.09306
G1 X-17.499 Y3.531 Z28.023 E1232.87892
G1 X-18.192 Y3.517 Z28.026 E1233.20488
G1 X-19.491 Y3.502 Z28.031 E1233.8158
G1 X-20.118 Y3.444 Z28.034 E1234.11192
G1 X-21.332 Y3.346 Z28.039 E1234.68468
G1 X-22.665 Y3.059 Z28.045 E1235.32591
G1 X-23.129 Y2.879 Z28.047 E1235.55996
G1 X-22.923 Y2.739 Z28.048 E1235.67709
G1 X-22.442 Y1.629 Z28.053 E1236.24599
G1 X-21.608 Y0.956 Z28.057 E1236.74996
G1 X-20.738 Y0.365 Z28.061 E1237.24457
G1 X-19.844 Y-.126 Z28.065 E1237.72422
G1 X-18.85 Y-.549 Z28.07 E1238.23223
G1 X-17.57 Y-.953 Z28.075 E1238.86345
G1 X-16.04 Y-1.315 Z28.082 E1239.60282
G1 X-15.164 Y-1.501 Z28.085 E1240.02396
G1 X-13.791 Y-1.908 Z28.091 E1240.69741
G1 X-12.4 Y-3.634 Z28.1 E1241.73987
G1 X-13.501 Y-5.351 Z28.109 E1242.69907
G1 X-14.872 Y-6.44 Z28.116 E1243.52245
G1 X-16.243 Y-7.42 Z28.123 E1244.31496
G1 X-16.793 Y-7.84 Z28.125 E1244.6404
G1 X-17.828 Y-8.616 Z28.131 E1245.24874
G1 X-18.301 Y-9.035 Z28.133 E1245.5459
G1 X-19.214 Y-9.824 Z28.138 E1246.11336
G1 X-20.131 Y-10.859 Z28.144 E1246.76365
G1 X-20.385 Y-11.277 Z28.146 E1246.99367
G1 X-20.117 Y-11.299 Z28.147 E1247.12012
G1 X-19.088 Y-11.812 Z28.152 E1247.66083
G1 X-18.061 Y-11.867 Z28.156 E1248.14449
G1 X-16.998 Y-11.845 Z28.16 E1248.64449
G1 X-15.989 Y-11.731 Z28.164 E1249.12201
G1 X-14.927 Y-11.501 Z28.169 E1249.63301
G1 X-13.663 Y-11.091 Z28.174 E1250.25792
G1 X-12.201 Y-10.494 Z28.181 E1251.00056
G1 X-11.384 Y-10.134 Z28.184 E1251.42042
G1 X-10.024 Y-9.673 Z28.19 E1252.09572
G1 X-7.938 Y-10.237 Z28.199 E1253.11193
G1 X-7.805 Y-12.258 Z28.207 E1254.06439
G1 X-8.267 Y-13.96 Z28.214 E1254.89375
G1 X-8.792 Y-15.547 Z28.221 E1255.67984
G1 X-8.987 Y-16.21 Z28.224 E1256.00484
G1 X-9.367 Y-17.453 Z28.229 E1256.61609
G1 X-9.5 Y-18.065 Z28.232 E1256.91061
G1 X-9.77 Y-19.241 Z28.237 E1257.47803
G1 X-9.893 Y-20.618 Z28.242 E1258.12817
G1 X-9.84 Y-21.104 Z28.244 E1258.35807
G1 X-9.571 Y-20.972 Z28.246 E1258.49899
G1 X-8.54 Y-20.727 Z28.25 E1258.99734
G1 X-7.658 Y-20.161 Z28.254 E1259.49017
G1 X-6.821 Y-19.537 Z28.259 E1259.98113
G1 X-6.065 Y-18.865 Z28.263 E1260.45681
G1 X-5.337 Y-18.07 Z28.267 E1260.96374
G1 X-4.547 Y-17.008 Z28.272 E1261.58619
G1 X-3.703 Y-15.665 Z28.279 E1262.33212
G1 X-3.245 Y-14.894 Z28.283 E1262.75385
G1 X-2.403 Y-13.731 Z28.288 E1263.42906
G1 X-.436 Y-12.977 Z28.297 E1264.41971
G1 X0.864 Y-14.512 Z28.305 E1265.36566
G1 X1.497 Y-16.146 Z28.312 E1266.18972
G1 X2.015 Y-17.756 Z28.319 E1266.98508
G1 X2.248 Y-18.4 Z28.322 E1267.30714
G1 X2.677 Y-19.636 Z28.327 E1267.92241
G1 X2.929 Y-20.201 Z28.33 E1268.21334
G1 X3.405 Y-21.308 Z28.335 E1268.78001
G1 X4.123 Y-22.493 Z28.341 E1269.43159
G1 X4.459 Y-22.842 Z28.343 E1269.65942
G1 X4.635 Y-22.565 Z28.344 E1269.81375
G1 X5.211 Y-21.77 Z28.348 E1270.27543
G1 X5.597 Y-20.795 Z28.352 E1270.76857
G1 X5.914 Y-19.811 Z28.356 E1271.25473
G1 X6.147 Y-18.814 Z28.361 E1271.73622
G1 X6.279 Y-17.762 Z28.365 E1272.23482
G1 X6.308 Y-16.401 Z28.37 E1272.875
G1 X6.215 Y-14.842 Z28.377 E1273.60945
G1 X6.137 Y-13.955 Z28.38 E1274.02819
G1 X6.154 Y-12.517 Z28.386 E1274.70448
G1 X7.269 Y-10.797 Z28.395 E1275.66843
G1 X9.215 Y-11.254 Z28.403 E1276.60847
G1 X10.566 Y-12.115 Z28.409 E1277.36185
G1 X12.06 Y-13.192 Z28.417 E1278.22796
G1 X12.627 Y-13.573 Z28.42 E1278.54921
G1 X13.692 Y-14.309 Z28.425 E1279.15801
G1 X14.242 Y-14.623 Z28.428 E1279.45584
G1 X15.284 Y-15.237 Z28.433 E1280.0246
G1 X16.557 Y-15.764 Z28.438 E1280.67252
G1 X17.039 Y-15.835 Z28.44 E1280.90164
G1 X17.039 Y-15.477 Z28.442 E1281.06999
G1 X16.951 Y-14.564 Z28.445 E1281.50134
G1 X16.69 Y-13.54 Z28.45 E1281.99829
G1 X16.383 Y-12.568 Z28.454 E1282.47765
G1 X16.005 Y-11.635 Z28.458 E1282.95105
G1 X15.502 Y-10.692 Z28.462 E1283.45365
G1 X14.743 Y-9.577 Z28.468 E1284.08796
G1 X13.771 Y-8.374 Z28.474 E1284.81528
G1 X13.174 Y-7.676 Z28.478 E1285.24721
G1 X12.355 Y-6.494 Z28.484 E1285.92346
G1 X12.245 Y-4.499 Z28.492 E1286.86307
G1 X14.072 Y-3.715 Z28.5 E1287.79802
;TIME_ELAPSED:202.587927
;LAYER:28
;TYPE:WALL-OUTER
;MESH:wavy.stl
G1 X15.786 Y-3.603 Z28.508 E1288.60578
G1 X17.444 Y-3.597 Z28.516 E1289.38549
G1 X19.171 Y-3.541 Z28.523 E1290.19807
G1 X20.786 Y-3.391 Z28.531 E1290.96082
G1 X21.962 Y-3.176 Z28.536 E1291.52302
G1 X22.167 Y-3.123 Z28.537 E1291.6226
G1 X21.999 Y-3.148 Z28.538 E1291.70247
G1 X21.564 Y-1.312 Z28.547 E1292.58979
G1 X20.639 Y-.612 Z28.552 E1293.13531
G1 X19.108 Y0.277 Z28.56 E1293.96787
G1 X17.942 Y0.751 Z28.566 E1294.55978
G1 X17.003 Y1.048 Z28.571 E1295.02292
G1 X14.945 Y1.614 Z28.58 E1296.02667
G1 X13.681 Y2.188 Z28.587 E1296.67951
G1 X12.811 Y3.949 Z28.596 E1297.60321
G1 X13.773 Y5.418 Z28.604 E1298.42898
G1 X14.937 Y6.393 Z28.611 E1299.14303
G1 X16.231 Y7.348 Z28.618 E1299.89934
G1 X17.596 Y8.416 Z28.626 E1300.71439
G1 X18.798 Y9.484 Z28.634 E1301.47055
G1 X19.613 Y10.358 Z28.639 E1302.03254
G1 X19.741 Y10.526 Z28.64 E1302.13186
G1 X19.592 Y10.428 Z28.641 E1302.21573
G1 X18.205 Y11.539 Z28.649 E1303.05145
G1 X17.084 Y11.562 Z28.654 E1303.57873
G1 X15.306 Y11.403 Z28.662 E1304.4182
G1 X14.085 Y11.12 Z28.668 E1305.00762
G1 X13.143 Y10.821 Z28.673 E1305.4724
G1 X11.143 Y10.087 Z28.683 E1306.47427
G1 X9.781 Y9.82 Z28.689 E1307.12697
G1 X8.066 Y10.727 Z28.698 E1308.03933
G1 X7.971 Y12.473 Z28.706 E1308.86163
G1 X8.318 Y13.896 Z28.713 E1309.55043
G1 X8.802 Y15.456 Z28.72 E1310.31855
G1 X9.28 Y17.149 Z28.728 E1311.14584
G1 X9.618 Y18.726 Z28.736 E1311.9043
G1 X9.75 Y19.908 Z28.741 E1312.46361
G1 X9.749 Y20.122 Z28.742 E1312.56425
G1 X9.65 Y19.959 Z28.743 E1312.65393
G1 X7.986 Y19.976 Z28.751 E1313.4365
G1 X7.059 Y19.331 Z28.756 E1313.96758
G1 X5.701 Y18.169 Z28.764 E1314.80809
G1 X4.891 Y17.26 Z28.77 E1315.38066
G1 X4.293 Y16.469 Z28.774 E1315.84698
G1 X3.692 Y15.597 Z28.779 E1316.34502
G1 X3.09 Y14.713 Z28.784 E1316.84798
G1 X2.139 Y13.703 Z28.79 E1317.50036
G1 X0.239 Y13.432 Z28.799 E1318.40292
G1 X-.869 Y14.782 Z28.807 E1319.22423
G1 X-1.432 Y16.135 Z28.814 E1319.91339
G1 X-1.963 Y17.677 Z28.821 E1320.68033
G1 X-2.582 Y19.338 Z28.83 E1321.51393
G1 X-3.236 Y20.795 Z28.837 E1322.26497
G1 X-3.837 Y21.824 Z28.842 E1322.82537
G1 X-3.968 Y21.991 Z28.843 E1322.92518
G1 X-3.983 Y21.781 Z28.844 E1323.02419
G1 X-5.21 Y20.831 Z28.851 E1323.75395
G1 X-5.588 Y19.747 Z28.857 E1324.29382
G1 X-6.009 Y18.06 Z28.865 E1325.1115
G1 X-6.152 Y16.823 Z28.87 E1325.69709
G1 X-6.186 Y15.859 Z28.875 E1326.15072
G1 X-6.147 Y13.716 Z28.885 E1327.15867
G1 X-6.33 Y12.348 Z28.891 E1327.80773
G1 X-7.7 Y11.028 Z28.9 E1328.70239
G1 X-9.387 Y11.459 Z28.908 E1329.52121
G1 X-10.639 Y12.222 Z28.915 E1330.21071
G1 X-11.98 Y13.148 Z28.922 E1330.97708
G1 X-13.456 Y14.117 Z28.93 E1331.80742
G1 X-14.853 Y14.908 Z28.938 E1332.56239
G1 X-15.944 Y15.375 Z28.943 E1333.12048
G1 X-16.15 Y15.426 Z28.944 E1333.22028
G1 X-16.052 Y15.214 Z28.945 E1333.33011
G1 X-16.386 Y13.803 Z28.952 E1334.012
G1 X-16.067 Y12.741 Z28.957 E1334.53347
G1 X-15.424 Y11.09 Z28.965 E1335.36668
G1 X-14.841 Y10.021 Z28.971 E1335.9393
G1 X-14.301 Y9.199 Z28.975 E1336.40181
G1 X-13.033 Y7.483 Z28.985 E1337.40521
G1 X-12.388 Y6.268 Z28.991 E1338.0521
G1 X-12.72 Y4.417 Z29 E1338.93646
G1 X-14.33 Y3.768 Z29.008 E1339.7528
G1 X-15.789 Y3.639 Z29.015 E1340.4416
G1 X-17.444 Y3.595 Z29.022 E1341.22016
G1 X-19.17 Y3.507 Z29.03 E1342.0329
G1 X-20.778 Y3.315 Z29.038 E1342.79447
G1 X-21.929 Y3.04 Z29.043 E1343.35098
G1 X-22.125 Y2.953 Z29.044 E1343.45183
G1 X-21.915 Y2.805 Z29.045 E1343.57264
G1 X-21.327 Y1.595 Z29.051 E1344.2053
G1 X-20.42 Y0.905 Z29.057 E1344.74123
G1 X-18.989 Y-0.036 Z29.064 E1345.54665
G1 X-17.881 Y-.585 Z29.07 E1346.12816
G1 X-16.974 Y-.94 Z29.075 E1346.5862
G1 X-14.942 Y-1.605 Z29.084 E1347.59166
G1 X-13.714 Y-2.215 Z29.091 E1348.23647
G1 X-12.906 Y-3.893 Z29.099 E1349.1123
G1 X-13.817 Y-5.366 Z29.107 E1349.92678
G1 X-14.958 Y-6.365 Z29.114 E1350.63996
G1 X-16.23 Y-7.35 Z29.122 E1351.39653
G1 X-17.575 Y-8.443 Z29.13 E1352.21156
G1 X-18.747 Y-9.542 Z29.137 E1352.96712
G1 X-19.507 Y-10.448 Z29.142 E1353.52324
G1 X-19.609 Y-10.638 Z29.143 E1353.62465
G1 X-19.323 Y-10.656 Z29.145 E1353.75942
G1 X-18.179 Y-11.171 Z29.15 E1354.34941
G1 X-17.079 Y-11.197 Z29.155 E1354.86685
G1 X-15.351 Y-11.137 Z29.163 E1355.67996
G1 X-14.133 Y-10.95 Z29.169 E1356.25946
G1 X-13.183 Y-10.717 Z29.174 E1356.71946
G1 X-11.145 Y-10.079 Z29.183 E1357.72373
G1 X-9.792 Y-9.861 Z29.19 E1358.36821
G1 X-8.176 Y-10.738 Z29.198 E1359.23286
G1 X-8.038 Y-12.457 Z29.206 E1360.04386
G1 X-8.353 Y-13.888 Z29.213 E1360.73292
G1 X-8.811 Y-15.487 Z29.22 E1361.51512
G1 X-9.247 Y-17.159 Z29.228 E1362.3277
G1 X-9.543 Y-18.742 Z29.236 E1363.08504
G1 X-9.612 Y-19.918 Z29.241 E1363.63903
G1 X-9.575 Y-20.135 Z29.242 E1363.74255
G1 X-9.298 Y-19.985 Z29.244 E1363.89069
G1 X-8.182 Y-19.663 Z29.249 E1364.43692
G1 X-7.278 Y-19.038 Z29.254 E1364.95375
G1 X-5.892 Y-17.98 Z29.262 E1365.77374
G1 X-5.031 Y-17.15 Z29.268 E1366.33615
G1 X-4.386 Y-16.408 Z29.272 E1366.79849
G1 X-3.753 Y-15.58 Z29.277 E1367.28863
G1 X-3.097 Y-14.707 Z29.282 E1367.80216
G1 X-2.123 Y-13.743 Z29.288 E1368.44661
G1 X-.322 Y-13.505 Z29.297 E1369.30093
G1 X0.806 Y-14.808 Z29.304 E1370.1114
G1 X1.399 Y-16.149 Z29.311 E1370.80094
G1 X1.963 Y-17.678 Z29.319 E1371.56734
G1 X2.615 Y-19.326 Z29.327 E1372.40079
G1 X3.306 Y-20.764 Z29.334 E1373.15106
G1 X3.955 Y-21.751 Z29.34 E1373.70657
G1 X4.117 Y-21.9 Z29.341 E1373.81008
G1 X4.285 Y-21.594 Z29.342 E1373.97424
G1 X4.868 Y-20.692 Z29.347 E1374.47932
G1 X5.242 Y-19.629 Z29.352 E1375.00925
G1 X5.743 Y-18.021 Z29.36 E1375.8013
G1 X5.975 Y-16.817 Z29.366 E1376.37792
G1 X6.072 Y-15.865 Z29.37 E1376.82793
G1 X6.138 Y-13.715 Z29.38 E1377.83948
G1 X6.367 Y-12.371 Z29.386 E1378.48063
G1 X7.676 Y-11.136 Z29.395 E1379.32695
G1 X9.351 Y-11.517 Z29.402 E1380.13477
G1 X10.62 Y-12.25 Z29.409 E1380.82394
G1 X11.981 Y-13.147 Z29.417 E1381.59049
G1 X13.476 Y-14.088 Z29.425 E1382.42121
G1 X14.892 Y-14.842 Z29.432 E1383.17563
G1 X15.997 Y-15.246 Z29.438 E1383.72893
G1 X16.217 Y-15.264 Z29.439 E1383.83273
G1 X16.187 Y-14.886 Z29.44 E1384.01105
G1 X16.028 Y-13.892 Z29.445 E1384.48444
G1 X15.718 Y-12.849 Z29.45 E1384.99614
G1 X15.185 Y-11.214 Z29.458 E1385.80485
G1 X14.694 Y-10.12 Z29.463 E1386.36876
G1 X14.214 Y-9.269 Z29.468 E1386.82824
G1 X13.026 Y-7.488 Z29.478 E1387.83502
G1 X12.431 Y-6.265 Z29.484 E1388.47461
G1 X12.764 Y-4.518 Z29.492 E1389.31096
G1 X14.335 Y-3.836 Z29.5 E1390.11637
;TIME_ELAPSED:208.127952
;LAYER:29
;note -- min layer time used
;TYPE:WALL-OUTER
;MESH:wavy.stl
G1 F2327 X15.47 Y-3.709 Z29.506 E1390.65345
G1 X16.934 Y-3.616 Z29.513 E1391.34332
G1 X18.486 Y-3.517 Z29.521 E1392.07466
G1 X19.956 Y-3.352 Z29.529 E1392.7703
G1 X21.05 Y-3.147 Z29.535 E1393.29373
G1 X20.884 Y-3.182 Z29.536 E1393.37351
G1 X20.305 Y-1.275 Z29.546 E1394.31074
G1 X19.658 Y-.799 Z29.55 E1394.68848
G1 X18.437 Y0.032 Z29.558 E1395.38305
G1 X17.053 Y0.759 Z29.566 E1396.11823
G1 X16.094 Y1.14 Z29.571 E1396.60351
G1 X14.5 Y1.813 Z29.58 E1397.41719
G1 X13.603 Y2.49 Z29.586 E1397.94569
G1 X13.007 Y3.895 Z29.594 E1398.66341
G1 X13.759 Y5.184 Z29.601 E1399.3652
G1 X14.689 Y6.1 Z29.608 E1399.97907
G1 X15.803 Y7.031 Z29.616 E1400.66181
G1 X17.012 Y8.04 Z29.624 E1401.40236
G1 X18.092 Y9.037 Z29.631 E1402.09358
G1 X18.844 Y9.852 Z29.637 E1402.61508
G1 X18.705 Y9.746 Z29.638 E1402.69728
G1 X17.182 Y10.825 Z29.648 E1403.57504
G1 X16.371 Y10.826 Z29.652 E1403.95642
G1 X14.904 Y10.783 Z29.659 E1404.64661
G1 X13.374 Y10.584 Z29.667 E1405.37218
G1 X12.353 Y10.346 Z29.673 E1405.8652
G1 X10.666 Y9.969 Z29.682 E1406.67811
G1 X9.529 Y9.992 Z29.687 E1407.21292
G1 X8.232 Y10.797 Z29.695 E1407.93079
G1 X8.075 Y12.28 Z29.703 E1408.6321
G1 X8.285 Y13.573 Z29.71 E1409.24813
G1 X8.637 Y14.981 Z29.717 E1409.93064
G1 X9.017 Y16.515 Z29.725 E1410.67384
G1 X9.295 Y17.95 Z29.733 E1411.36123
G1 X9.411 Y19.048 Z29.739 E1411.88046
G1 X9.33 Y18.882 Z29.74 E1411.96732
G1 X7.585 Y18.794 Z29.749 E1412.78899
G1 X6.929 Y18.314 Z29.753 E1413.17125
G1 X5.772 Y17.424 Z29.76 E1413.85771
G1 X4.635 Y16.378 Z29.768 E1414.58425
G1 X3.951 Y15.623 Z29.774 E1415.06335
G1 X2.785 Y14.32 Z29.783 E1415.88563
G1 X1.838 Y13.665 Z29.789 E1416.42712
G1 X0.31 Y13.572 Z29.796 E1417.14702
G1 X-.693 Y14.675 Z29.804 E1417.84812
G1 X-1.285 Y15.846 Z29.811 E1418.46518
G1 X-1.831 Y17.191 Z29.818 E1419.14783
G1 X-2.427 Y18.644 Z29.826 E1419.88638
G1 X-3.058 Y19.977 Z29.834 E1420.57994
G1 X-3.617 Y20.92 Z29.84 E1421.09546
G1 X-3.611 Y20.718 Z29.841 E1421.1905
G1 X-4.833 Y19.647 Z29.849 E1421.95464
G1 X-5.082 Y18.863 Z29.853 E1422.34148
G1 X-5.491 Y17.472 Z29.861 E1423.02332
G1 X-5.819 Y15.972 Z29.869 E1423.7454
G1 X-5.948 Y14.939 Z29.874 E1424.23496
G1 X-6.142 Y13.219 Z29.883 E1425.04895
G1 X-6.529 Y12.12 Z29.889 E1425.59688
G1 X-7.727 Y11.158 Z29.897 E1426.31943
G1 X-9.187 Y11.455 Z29.905 E1427.02008
G1 X-10.359 Y12.054 Z29.911 E1427.63905
G1 X-11.595 Y12.819 Z29.919 E1428.32263
G1 X-12.936 Y13.638 Z29.927 E1429.06158
G1 X-14.228 Y14.335 Z29.935 E1429.75194
G1 X-15.238 Y14.757 Z29.94 E1430.26671
G1 X-15.126 Y14.57 Z29.941 E1430.36921
G1 X-15.381 Y13.065 Z29.949 E1431.08706
G1 X-15.121 Y12.298 Z29.953 E1431.46791
G1 X-14.64 Y10.939 Z29.961 E1432.14586
G1 X-14.045 Y9.529 Z29.969 E1432.86556
G1 X-13.56 Y8.603 Z29.974 E1433.35715
G1 X-12.719 Y7.092 Z29.983 E1434.17038
G1 X-12.385 Y5.963 Z29.989 E1434.72406
G1 X-12.809 Y4.483 Z29.997 E1435.44806
G1 X-14.163 Y3.858 Z30.005 E1436.14937
G1 X-15.464 Y3.652 Z30.012 E1436.76881
G1 X-16.93 Y3.538 Z30.019 E1437.46031
G1 X-18.479 Y3.41 Z30.027 E1438.19124
G1 X-19.935 Y3.204 Z30.035 E1438.88277
G1 X-20.99 Y2.941 Z30.04 E1439.39409
G1 X-20.78 Y2.824 Z30.042 E1439.50714
G1 X-20.066 Y1.585 Z30.049 E1440.17963
G1 X-19.414 Y1.128 Z30.053 E1440.55406
G1 X-18.233 Y0.316 Z30.06 E1441.22806
G1 X-16.932 Y-.498 Z30.068 E1441.94977
G1 X-16.03 Y-.968 Z30.074 E1442.42808
G1 X-14.449 Y-1.718 Z30.083 E1443.251
G1 X-13.508 Y-2.445 Z30.089 E1443.81021
G1 X-12.993 Y-3.903 Z30.097 E1444.53738
G1 X-13.718 Y-5.208 Z30.104 E1445.23943
G1 X-14.65 Y-6.143 Z30.111 E1445.86026
G1 X-15.755 Y-7.091 Z30.119 E1446.54494
G1 X-16.944 Y-8.123 Z30.127 E1447.28534
G1 X-17.989 Y-9.143 Z30.134 E1447.97206
G1 X-18.676 Y-9.984 Z30.14 E1448.48275
G1 X-18.412 Y-9.974 Z30.141 E1448.60699
G1 X-17.17 Y-10.434 Z30.148 E1449.22984
G1 X-16.367 Y-10.416 Z30.152 E1449.60756
G1 X-14.944 Y-10.382 Z30.16 E1450.27694
G1 X-13.43 Y-10.3 Z30.168 E1450.98998
G1 X-12.402 Y-10.169 Z30.173 E1451.47732
G1 X-10.681 Y-9.863 Z30.182 E1452.29935
G1 X-9.478 Y-9.9 Z30.188 E1452.86535
G1 X-8.215 Y-10.796 Z30.196 E1453.59359
G1 X-8.026 Y-12.276 Z30.204 E1454.29524
G1 X-8.23 Y-13.584 Z30.211 E1454.91779
G1 X-8.566 Y-15.015 Z30.218 E1455.60905
G1 X-8.913 Y-16.541 Z30.226 E1456.345
G1 X-9.148 Y-17.975 Z30.234 E1457.02836
G1 X-9.198 Y-19.055 Z30.239 E1457.5368
G1 X-8.958 Y-18.894 Z30.241 E1457.67271
G1 X-7.806 Y-18.472 Z30.247 E1458.24966
G1 X-7.167 Y-17.981 Z30.251 E1458.62863
G1 X-6.04 Y-17.122 Z30.259 E1459.29503
G1 X-4.846 Y-16.182 Z30.266 E1460.00965
G1 X-4.096 Y-15.506 Z30.272 E1460.48448
G1 X-2.859 Y-14.243 Z30.281 E1461.31586
G1 X-1.851 Y-13.559 Z30.287 E1461.88872
G1 X-.297 Y-13.561 Z30.295 E1462.61952
G1 X0.729 Y-14.644 Z30.303 E1463.32109
G1 X1.337 Y-15.823 Z30.31 E1463.94492
G1 X1.903 Y-17.164 Z30.317 E1464.62942
G1 X2.527 Y-18.604 Z30.325 E1465.36746
G1 X3.192 Y-19.911 Z30.333 E1466.05709
G1 X3.794 Y-20.8 Z30.338 E1466.56199
G1 X3.921 Y-20.506 Z30.34 E1466.7126
G1 X4.465 Y-19.516 Z30.346 E1467.24382
G1 X4.693 Y-18.733 Z30.35 E1467.62734
G1 X5.097 Y-17.386 Z30.357 E1468.28867
G1 X5.533 Y-15.937 Z30.365 E1469.00027
G1 X5.766 Y-14.931 Z30.37 E1469.48589
G1 X6.036 Y-13.2 Z30.379 E1470.30977
G1 X6.457 Y-12.042 Z30.386 E1470.88921
G1 X7.731 Y-11.142 Z30.394 E1471.62276
G1 X9.198 Y-11.408 Z30.401 E1472.32389
G1 X10.388 Y-12.004 Z30.408 E1472.94978
G1 X11.638 Y-12.754 Z30.416 E1473.63531
G1 X12.992 Y-13.548 Z30.424 E1474.37346
G1 X14.298 Y-14.203 Z30.431 E1475.06055
G1 X15.31 Y-14.556 Z30.437 E1475.56458
G1 X15.251 Y-14.22 Z30.439 E1475.72501
G1 X15.008 Y-13.183 Z30.444 E1476.22589
G1 X14.73 Y-12.421 Z30.448 E1476.60734
G1 X14.27 Y-11.1 Z30.456 E1477.26516
G1 X13.793 Y-9.67 Z30.463 E1477.97407
G1 X13.408 Y-8.704 Z30.469 E1478.4631
G1 X12.622 Y-7.139 Z30.478 E1479.28668
G1 X12.281 Y-5.943 Z30.484 E1479.87154
G1 X12.803 Y-4.468 Z30.492 E1480.60734
G1 X14.144 Y-3.813 Z30.5 E1481.30918
;TIME_ELAPSED:213.213354
;LAYER:30
;note -- min layer time used
;TYPE:WALL-OUTER
;MESH:wavy.stl
G1 F2083.1 X14.823 Y-3.7 Z30.504 E1481.63289
G1 X17.594 Y-3.388 Z30.52 E1482.94424
G1 X19.02 Y-3.204 Z30.528 E1483.62041
G1 X19.757 Y-3.076 Z30.533 E1483.97219
G1 X19.621 Y-3.093 E1484.03664
G1 X18.98 Y-1.314 Z30.544 E1484.92591
G1 X18.599 Y-1.052 Z30.547 E1485.14336
G1 X17.241 Y-0.095 Z30.557 E1485.92464
G1 X16.26 Y0.573 Z30.563 E1486.48277
G1 X14.754 Y1.413 Z30.573 E1487.29372
G1 X13.848 Y2.03 Z30.58 E1487.8092
G1 X13.319 Y2.624 Z30.584 E1488.18326
G1 X12.946 Y3.901 Z30.592 E1488.80889
G1 X13.44 Y4.848 Z30.598 E1489.31119
G1 X14.145 Y5.74 Z30.605 E1489.84587
G1 X16.213 Y7.631 Z30.621 E1491.16369
G1 X17.242 Y8.61 Z30.629 E1491.83162
G1 X17.76 Y9.155 Z30.633 E1492.18521
G1 X17.648 Y9.074 Z30.634 E1492.25021
G1 X16.118 Y10.019 Z30.644 E1493.09591
G1 X15.667 Y10.002 Z30.647 E1493.30815
G1 X14.008 Y9.965 Z30.657 E1494.08853
G1 X12.821 Y9.932 Z30.663 E1494.64695
G1 X11.118 Y9.762 Z30.673 E1495.45181
G1 X10.008 Y9.734 Z30.68 E1495.97398
G1 X9.2 Y9.909 Z30.684 E1496.36276
G1 X8.154 Y10.735 Z30.692 E1496.98955
G1 X7.984 Y11.817 Z30.698 E1497.50463
G1 X8.038 Y12.963 Z30.705 E1498.04416
G1 X8.594 Y15.69 Z30.721 E1499.35297
G1 X8.851 Y17.112 Z30.729 E1500.03253
G1 X8.939 Y17.853 Z30.734 E1500.38345
G1 X8.881 Y17.724 E1500.44997
G1 X7.202 Y17.523 Z30.744 E1501.24519
G1 X6.844 Y17.237 Z30.747 E1501.46068
G1 X5.539 Y16.227 Z30.756 E1502.23671
G1 X4.59 Y15.502 Z30.763 E1502.79833
G1 X3.292 Y14.39 Z30.773 E1503.60212
G1 X2.4 Y13.717 Z30.78 E1504.12761
G1 X1.616 Y13.371 Z30.784 E1504.5306
G1 X0.283 Y13.437 Z30.792 E1505.15825
G1 X-.515 Y14.227 Z30.799 E1505.68632
G1 X-1.144 Y15.2 Z30.805 E1506.23117
G1 X-2.303 Y17.748 Z30.821 E1507.54756
G1 X-2.927 Y19.025 Z30.83 E1508.21596
G1 X-3.302 Y19.677 Z30.834 E1508.56968
G1 X-3.287 Y19.528 Z30.835 E1508.6401
G1 X-4.399 Y18.398 Z30.844 E1509.38566
G1 X-4.52 Y17.942 Z30.847 E1509.60753
G1 X-4.97 Y16.345 Z30.856 E1510.3878
G1 X-5.313 Y15.218 Z30.863 E1510.9418
G1 X-5.741 Y13.561 Z30.873 E1511.74661
G1 X-6.074 Y12.492 Z30.879 E1512.27316
G1 X-6.521 Y11.725 Z30.884 E1512.69064
G1 X-7.646 Y11.002 Z30.892 E1513.31953
G1 X-8.785 Y11.169 Z30.899 E1513.8609
G1 X-9.872 Y11.596 Z30.905 E1514.41011
G1 X-12.306 Y12.972 Z30.922 E1515.725
G1 X-13.567 Y13.636 Z30.93 E1516.39521
G1 X-14.258 Y13.935 Z30.934 E1516.74928
G1 X-14.168 Y13.812 Z30.935 E1516.82095
G1 X-14.297 Y12.305 Z30.944 E1517.53225
G1 X-14.129 Y11.886 Z30.946 E1517.74454
G1 X-13.542 Y10.335 Z30.956 E1518.52442
G1 X-13.16 Y9.221 Z30.963 E1519.07825
G1 X-12.569 Y7.623 Z30.972 E1519.87949
G1 X-12.211 Y6.548 Z30.979 E1520.41233
G1 X-12.119 Y5.635 Z30.984 E1520.84386
G1 X-12.613 Y4.391 Z30.992 E1521.47332
G1 X-13.656 Y3.837 Z30.999 E1522.02871
G1 X-14.798 Y3.548 Z31.006 E1522.58269
G1 X-17.579 Y3.229 Z31.022 E1523.89909
G1 X-18.99 Y3.02 Z31.03 E1524.56988
G1 X-19.719 Y2.847 Z31.034 E1524.92223
G1 X-19.57 Y2.784 Z31.035 E1524.99831
G1 X-18.766 Y1.619 Z31.043 E1525.66398
G1 X-18.371 Y1.377 Z31.046 E1525.88183
G1 X-16.966 Y0.47 Z31.056 E1526.66828
G1 X-16.02 Y-.201 Z31.062 E1527.2137
G1 X-14.626 Y-1.168 Z31.072 E1528.01155
G1 X-13.698 Y-1.84 Z31.079 E1528.55037
G1 X-13.066 Y-2.549 Z31.084 E1528.99702
G1 X-12.745 Y-3.851 Z31.092 E1529.62765
G1 X-13.269 Y-4.94 Z31.099 E1530.19598
G1 X-14.037 Y-5.848 Z31.106 E1530.75525
G1 X-16.115 Y-7.76 Z31.122 E1532.0832
G1 X-17.109 Y-8.741 Z31.13 E1532.73996
G1 X-17.594 Y-9.319 Z31.134 E1533.09479
G1 X-17.426 Y-9.293 Z31.135 E1533.17474
G1 X-16.123 Y-9.645 Z31.143 E1533.80947
G1 X-15.673 Y-9.605 Z31.146 E1534.02193
G1 X-14.006 Y-9.499 Z31.155 E1534.80745
G1 X-12.845 Y-9.49 Z31.162 E1535.35346
G1 X-11.158 Y-9.488 Z31.172 E1536.14681
G1 X-9.998 Y-9.492 Z31.178 E1536.69232
G1 X-9.039 Y-9.701 Z31.184 E1537.1539
G1 X-8.021 Y-10.575 Z31.192 E1537.78487
G1 X-7.792 Y-11.79 Z31.199 E1538.36631
G1 X-7.887 Y-12.986 Z31.206 E1538.93053
G1 X-8.438 Y-15.724 Z31.222 E1540.24395
G1 X-8.666 Y-17.14 Z31.23 E1540.91843
G1 X-8.709 Y-17.888 Z31.234 E1541.27077
G1 X-8.573 Y-17.77 Z31.236 E1541.35545
G1 X-7.426 Y-17.224 Z31.243 E1541.95285
G1 X-7.082 Y-16.92 Z31.245 E1542.16874
G1 X-5.811 Y-15.849 Z31.255 E1542.95036
G1 X-4.869 Y-15.159 Z31.262 E1543.49949
G1 X-3.485 Y-14.192 Z31.272 E1544.29347
G1 X-2.535 Y-13.515 Z31.278 E1544.84207
G1 X-1.608 Y-13.108 Z31.284 E1545.31818
G1 X-.268 Y-13.231 Z31.292 E1545.95099
G1 X0.655 Y-14.093 Z31.299 E1546.54491
G1 X1.28 Y-15.13 Z31.306 E1547.1143
G1 X2.451 Y-17.683 Z31.322 E1548.43517
G1 X3.094 Y-18.939 Z31.33 E1549.09874
G1 X3.508 Y-19.57 Z31.335 E1549.45365
G1 X3.566 Y-19.383 Z31.336 E1549.54572
G1 X4.042 Y-18.288 Z31.343 E1550.10722
G1 X4.14 Y-17.825 Z31.345 E1550.32978
G1 X4.528 Y-16.2 Z31.355 E1551.11545
G1 X4.885 Y-15.104 Z31.362 E1551.65753
G1 X5.47 Y-13.515 Z31.371 E1552.45382
G1 X5.847 Y-12.408 Z31.378 E1553.00377
G1 X6.372 Y-11.507 Z31.384 E1553.49417
G1 X7.535 Y-10.826 Z31.392 E1554.12796
G1 X8.819 Y-10.979 Z31.399 E1554.73606
G1 X9.94 Y-11.459 Z31.406 E1555.30953
G1 X12.388 Y-12.833 Z31.423 E1556.6297
G1 X13.65 Y-13.469 Z31.431 E1557.29429
G1 X14.362 Y-13.728 Z31.435 E1557.65058
G1 X14.307 Y-13.532 Z31.436 E1557.74632
G1 X13.942 Y-12.426 Z31.443 E1558.29403
G1 X13.753 Y-12.015 Z31.446 E1558.50677
G1 X13.099 Y-10.478 Z31.455 E1559.29229
G1 X12.747 Y-9.381 Z31.462 E1559.83408
G1 X12.321 Y-7.746 Z31.472 E1560.62865
G1 X11.977 Y-6.614 Z31.478 E1561.18503
G1 X11.872 Y-5.547 Z31.485 E1561.68924
G1 X12.42 Y-4.313 Z31.492 E1562.3242
G1 X13.571 Y-3.663 Z31.5 E1562.94583
;TIME_ELAPSED:218.272553
;LAYER:31
;note -- min layer time used
;TYPE:WALL-OUTER
;MESH:wavy.stl
G1 F1933 X15.224 Y-3.343 Z31.51 E1563.73763
G1 X16.785 Y-3.159 Z31.52 E1564.4768
G1 X18.128 Y-2.974 Z31.529 E1565.11435
G1 X18.541 Y-2.904 Z31.531 E1565.31134
G1 X17.612 Y-1.369 Z31.542 E1566.15512
G1 X16.491 Y-.68 Z31.551 E1566.77391
G1 X15.656 Y-0.066 Z31.557 E1567.26132
G1 X14.88 Y0.568 Z31.563 E1567.73256
G92 E0
G1 X14.206 Y1.112 Z31.569 E0.40733
G1 X13.023 Y2.209 Z31.579 E1.16604
G1 X12.758 Y2.633 Z31.582 E1.40118
G1 X12.525 Y3.762 Z31.589 E1.94331
G1 X12.83 Y4.499 Z31.594 E2.3184
G1 X13.378 Y5.361 Z31.6 E2.79876
G1 X14.256 Y6.271 Z31.608 E3.39343
G1 X15.353 Y7.282 Z31.617 E4.09499
G1 X16.384 Y8.269 Z31.626 E4.7662
G1 X16.677 Y8.575 Z31.629 E4.96544
G1 X15.068 Y9.181 Z31.639 E5.77399
G1 X13.74 Y9.061 Z31.648 E6.40106
G1 X12.697 Y9.05 Z31.654 E6.89158
G1 X11.696 Y9.099 Z31.66 E7.36289
G1 X10.835 Y9.15 Z31.666 E7.7685
G1 X9.221 Y9.367 Z31.676 E8.53435
G1 X8.719 Y9.569 Z31.679 E8.78883
G1 X7.87 Y10.349 Z31.686 E9.33101
G1 X7.672 Y11.17 Z31.692 E9.72817
G1 X7.625 Y12.205 Z31.698 E10.21541
G1 X7.808 Y13.461 Z31.706 E10.81231
G1 X8.099 Y14.89 Z31.715 E11.49812
G1 X8.357 Y16.33 Z31.724 E12.18609
G1 X8.412 Y16.748 Z31.727 E12.38436
G1 X6.838 Y16.234 Z31.737 E13.16304
G1 X5.836 Y15.341 Z31.745 E13.79423
G1 X5.005 Y14.702 Z31.752 E14.28721
G1 X4.17 Y14.146 Z31.758 E14.75897
G1 X3.442 Y13.688 Z31.763 E15.16345
G1 X1.985 Y12.928 Z31.774 E15.93625
G1 X1.421 Y12.785 Z31.777 E16.20988
G1 X0.276 Y12.924 Z31.784 E16.75229
G1 X-.402 Y13.501 Z31.79 E17.17097
G1 X-1.045 Y14.334 Z31.796 E17.66584
G1 X-1.629 Y15.465 Z31.804 E18.26444
G1 X-2.23 Y16.79 Z31.813 E18.94866
G1 X-2.87 Y18.113 Z31.822 E19.6398
G1 X-3.073 Y18.477 Z31.825 E19.8358
G1 X-3.946 Y17.14 Z31.835 E20.58672
G1 X-4.218 Y15.815 Z31.843 E21.22283
G1 X-4.5 Y14.799 Z31.85 E21.71869
G1 X-4.84 Y13.856 Z31.856 E22.1901
G1 X-5.165 Y13.063 Z31.861 E22.59313
G1 X-5.926 Y11.584 Z31.872 E23.37534
G1 X-6.325 Y11.109 Z31.876 E23.66707
G1 X-7.335 Y10.552 Z31.883 E24.20948
G1 X-8.268 Y10.623 Z31.889 E24.64952
G1 X-9.288 Y10.94 Z31.895 E25.15183
G1 X-10.426 Y11.52 Z31.903 E25.7525
G1 X-11.692 Y12.243 Z31.912 E26.43811
G1 X-12.983 Y12.933 Z31.921 E27.12651
G1 X-13.366 Y13.107 Z31.924 E27.32434
G1 X-13.211 Y11.579 Z31.933 E28.0466
G1 X-12.63 Y10.339 Z31.942 E28.69058
G1 X-12.244 Y9.35 Z31.949 E29.18985
G1 X-11.956 Y8.39 Z31.955 E29.66119
G1 X-11.762 Y7.561 Z31.96 E30.06158
G1 X-11.527 Y5.897 Z31.97 E30.85188
G1 X-11.573 Y5.234 Z31.975 E31.16442
G1 X-12.068 Y4.194 Z31.982 E31.70607
G1 X-12.902 Y3.678 Z31.988 E32.16728
G1 X-13.935 Y3.345 Z31.995 E32.67769
G1 X-15.202 Y3.153 Z32.003 E33.28033
G1 X-16.765 Y2.982 Z32.012 E34.01975
G1 X-18.099 Y2.796 Z32.021 E34.65316
G1 X-18.509 Y2.708 Z32.023 E34.85037
G1 X-17.443 Y1.648 Z32.033 E35.55734
G1 X-16.248 Y1.007 Z32.041 E36.19505
G1 X-15.339 Y0.444 Z32.048 E36.69789
G1 X-14.535 Y-.157 Z32.054 E37.16995
G1 X-13.901 Y-.714 Z32.059 E37.56682
G1 X-12.733 Y-1.952 Z32.07 E38.36723
G1 X-12.36 Y-2.551 Z32.074 E38.69908
G1 X-12.156 Y-3.686 Z32.081 E39.24139
G1 X-12.541 Y-4.632 Z32.088 E39.7217
G1 X-13.206 Y-5.514 Z32.094 E40.24116
G1 X-14.127 Y-6.412 Z32.102 E40.84609
G1 X-15.234 Y-7.412 Z32.112 E41.54764
G1 X-16.257 Y-8.396 Z32.12 E42.21516
G1 X-16.537 Y-8.714 Z32.123 E42.41442
G1 X-15.096 Y-8.855 Z32.132 E43.09532
G1 X-13.735 Y-8.655 Z32.141 E43.74223
G1 X-12.663 Y-8.558 Z32.147 E44.24842
G1 X-11.659 Y-8.563 Z32.154 E44.72059
G1 X-10.822 Y-8.649 Z32.159 E45.11628
G1 X-9.137 Y-8.988 Z32.169 E45.92456
G1 X-8.445 Y-9.269 Z32.174 E46.2758
G1 X-7.616 Y-10.071 Z32.181 E46.81824
G1 X-7.36 Y-11.108 Z32.188 E47.32055
G1 X-7.395 Y-12.228 Z32.195 E47.84751
G1 X-7.621 Y-13.499 Z32.203 E48.45461
G1 X-7.926 Y-14.925 Z32.212 E49.14038
G1 X-8.181 Y-16.357 Z32.221 E49.82441
G1 X-8.217 Y-16.778 Z32.224 E50.02312
G1 X-7.058 Y-15.995 Z32.232 E50.68089
G1 X-6.072 Y-15.009 Z32.241 E51.33664
G1 X-5.266 Y-14.284 Z32.248 E51.84646
G1 X-4.455 Y-13.689 Z32.254 E52.31949
G1 X-3.727 Y-13.275 Z32.259 E52.71333
G1 X-2.14 Y-12.572 Z32.27 E53.52961
G1 X-1.376 Y-12.381 Z32.275 E53.89995
G1 X-.234 Y-12.55 Z32.282 E54.44285
G1 X0.618 Y-13.267 Z32.289 E54.96652
G1 X1.244 Y-14.217 Z32.296 E55.50156
G1 X1.803 Y-15.385 Z32.304 E56.1105
G1 X2.394 Y-16.721 Z32.313 E56.79752
G1 X3.029 Y-18.031 Z32.322 E57.48213
G1 X3.249 Y-18.387 Z32.325 E57.67894
G1 X3.628 Y-17.074 Z32.333 E58.32162
G1 X3.833 Y-15.685 Z32.342 E58.9819
G1 X4.043 Y-14.615 Z32.349 E59.4947
G1 X4.341 Y-13.654 Z32.355 E59.96786
G1 X4.692 Y-12.897 Z32.36 E60.36026
G1 X5.592 Y-11.388 Z32.371 E61.18653
G1 X6.124 Y-10.756 Z32.376 E61.57503
G1 X7.149 Y-10.225 Z32.383 E62.1179
G1 X8.305 Y-10.308 Z32.39 E62.66293
G1 X9.38 Y-10.728 Z32.398 E63.20569
G1 X10.521 Y-11.353 Z32.406 E63.8175
G1 X11.779 Y-12.089 Z32.415 E64.50292
G1 X13.064 Y-12.774 Z32.424 E65.18772
G1 X13.454 Y-12.93 Z32.426 E65.38525
G1 X12.911 Y-11.706 Z32.435 E66.01497
G1 X12.242 Y-10.461 Z32.443 E66.67963
G1 X11.766 Y-9.469 Z32.45 E67.19707
G1 X11.434 Y-8.52 Z32.457 E67.66988
G1 X11.281 Y-7.704 Z32.462 E68.06031
G1 X11.141 Y-5.934 Z32.473 E68.89529
G1 X11.202 Y-5.067 Z32.478 E69.30403
G1 X11.726 Y-4.039 Z32.485 E69.84665
G1 X12.746 Y-3.401 Z32.493 E70.41243
G1 X13.886 Y-3.119 Z32.5 E70.9647
;TIME_ELAPSED:223.324827
;LAYER:32
;note -- min layer time used
;TYPE:WALL-OUTER
;MESH:wavy.stl
G1 F1862 X15.537 Y-2.928 Z32.511 E71.74631
G1 X17.425 Y-2.712 Z32.523 E72.63997
G1 X16.629 Y-1.608 Z32.532 E73.28004
G1 X16.315 Y-1.46 Z32.534 E73.44328
G1 X15.367 Y-.978 Z32.541 E73.94342
G1 X14.202 Y-.242 Z32.55 E74.59146
G1 X13.518 Y0.402 Z32.556 E75.03327
G1 X12.914 Y1.103 Z32.562 E75.46842
G1 X12.459 Y1.65 Z32.566 E75.80302
G1 X11.932 Y2.57 Z32.573 E76.30163
G1 X11.776 Y3.611 Z32.58 E76.79665
G1 X12.032 Y4.246 Z32.584 E77.11862
G1 X12.522 Y5.07 Z32.591 E77.56947
G1 X13.407 Y6.003 Z32.599 E78.17423
G1 X14.544 Y7.025 Z32.609 E78.89319
G1 X15.671 Y8.063 Z32.619 E79.61373
G1 X14.407 Y8.422 Z32.627 E80.23166
G1 X14.057 Y8.357 Z32.629 E80.39907
G1 X13.015 Y8.178 Z32.636 E80.89628
G1 X11.623 Y8.059 Z32.645 E81.55329
G1 X10.669 Y8.154 Z32.651 E82.00415
G1 X9.768 Y8.36 Z32.657 E82.4388
G1 X9.081 Y8.546 Z32.662 E82.77351
G1 X8.067 Y9.021 Z32.669 E83.30009
G1 X7.336 Y9.775 Z32.676 E83.79396
G1 X7.164 Y10.489 Z32.681 E84.13935
G1 X7.099 Y11.467 Z32.687 E84.60029
G1 X7.281 Y12.744 Z32.695 E85.20689
G1 X7.608 Y14.24 Z32.705 E85.92703
G1 X7.913 Y15.741 Z32.715 E86.64734
G1 X6.742 Y15.246 Z32.723 E87.24521
G1 X6.507 Y14.996 Z32.725 E87.40657
G1 X5.767 Y14.219 Z32.732 E87.91117
G1 X4.716 Y13.273 Z32.741 E88.57616
G1 X3.886 Y12.758 Z32.748 E89.03552
G1 X3.036 Y12.387 Z32.754 E89.47167
G1 X2.365 Y12.144 Z32.758 E89.80728
G1 X1.208 Y11.936 Z32.766 E90.36011
G1 X0.178 Y12.127 Z32.773 E90.85275
G1 X-.42 Y12.639 Z32.778 E91.22297
G1 X-1.041 Y13.424 Z32.784 E91.69368
G1 X-1.632 Y14.576 Z32.792 E92.30256
G1 X-2.241 Y15.982 Z32.802 E93.02313
G1 X-2.874 Y17.375 Z32.812 E93.74269
G1 X-3.456 Y16.291 Z32.82 E94.32129
G1 X-3.501 Y15.924 Z32.822 E94.49517
G1 X-3.628 Y14.881 Z32.829 E94.98929
G1 X-3.898 Y13.475 Z32.838 E95.66258
G1 X-4.253 Y12.54 Z32.845 E96.13291
G1 X-4.715 Y11.737 Z32.851 E96.56858
G1 X-5.126 Y11.154 Z32.855 E96.90403
G1 X-5.992 Y10.274 Z32.863 E97.48465
G1 X-6.94 Y9.831 Z32.87 E97.97675
G1 X-7.771 Y9.902 Z32.876 E98.36897
G1 X-8.751 Y10.201 Z32.882 E98.85081
G1 X-9.905 Y10.8 Z32.891 E99.46226
G1 X-11.231 Y11.593 Z32.9 E100.18885
G1 X-12.548 Y12.343 Z32.91 E100.90159
G1 X-12.328 Y11.173 Z32.918 E101.46145
G1 X-12.156 Y10.866 Z32.92 E101.62694
G1 X-11.624 Y9.935 Z32.927 E102.1312
G1 X-10.987 Y8.637 Z32.936 E102.81116
G1 X-10.692 Y7.653 Z32.943 E103.29426
G1 X-10.587 Y6.733 Z32.949 E103.72972
G1 X-10.588 Y6.018 Z32.954 E104.06597
G1 X-10.794 Y4.741 Z32.962 E104.67427
G1 X-11.312 Y3.829 Z32.969 E105.16752
G1 X-12.068 Y3.377 Z32.974 E105.58174
G1 X-13.064 Y3.058 Z32.981 E106.07357
G1 X-14.361 Y2.879 Z32.99 E106.6893
G1 X-15.523 Y2.781 Z32.997 E107.23769
G1 X-17.408 Y2.585 Z33.009 E108.12894
G1 X-16.518 Y1.838 Z33.017 E108.67537
G1 X-16.203 Y1.694 Z33.019 E108.83825
G1 X-15.214 Y1.263 Z33.026 E109.3456
G1 X-13.903 Y0.6 Z33.035 E110.03648
G1 X-13.056 Y-0.015 Z33.042 E110.52873
G1 X-12.425 Y-.693 Z33.048 E110.9643
G1 X-12.016 Y-1.279 Z33.053 E111.30036
G1 X-11.416 Y-2.492 Z33.061 E111.93677
G1 X-11.309 Y-3.537 Z33.068 E112.43078
G1 X-11.678 Y-4.391 Z33.074 E112.86828
G1 X-12.327 Y-5.236 Z33.081 E113.36934
G1 X-13.284 Y-6.136 Z33.09 E113.98715
G1 X-14.448 Y-7.133 Z33.099 E114.7079
G1 X-15.581 Y-8.157 Z33.109 E115.42609
G1 X-14.452 Y-8.171 Z33.117 E115.95707
G1 X-14.103 Y-8.1 Z33.119 E116.12456
G1 X-13.059 Y-7.857 Z33.126 E116.62865
G1 X-11.589 Y-7.592 Z33.135 E117.33109
G1 X-10.523 Y-7.569 Z33.142 E117.83252
G1 X-9.613 Y-7.74 Z33.148 E118.26796
G1 X-8.941 Y-7.984 Z33.153 E118.60417
G1 X-7.696 Y-8.654 Z33.162 E119.26906
G1 X-7.001 Y-9.441 Z33.169 E119.76282
G1 X-6.792 Y-10.398 Z33.175 E120.22348
G1 X-6.843 Y-11.486 Z33.182 E120.7357
G1 X-7.103 Y-12.78 Z33.191 E121.3564
G1 X-7.468 Y-14.272 Z33.2 E122.07874
G1 X-7.785 Y-15.764 Z33.21 E122.79605
G1 X-6.926 Y-15.07 Z33.217 E123.31538
G1 X-6.695 Y-14.817 Z33.22 E123.47649
G1 X-5.991 Y-13.984 Z33.227 E123.98939
G1 X-4.965 Y-12.878 Z33.236 E124.69885
G1 X-4.112 Y-12.199 Z33.243 E125.21157
G1 X-3.276 Y-11.794 Z33.249 E125.64842
G1 X-2.582 Y-11.608 Z33.254 E125.98631
G1 X-1.123 Y-11.421 Z33.264 E126.67806
G1 X-.1 Y-11.661 Z33.27 E127.17221
G1 X0.667 Y-12.347 Z33.277 E127.65613
G1 X1.259 Y-13.29 Z33.284 E128.17974
G1 X1.797 Y-14.5 Z33.293 E128.80249
G1 X2.375 Y-15.932 Z33.303 E129.52871
G1 X2.99 Y-17.319 Z33.312 E130.24222
G1 X3.203 Y-16.257 Z33.319 E130.7516
G1 X3.242 Y-15.894 Z33.322 E130.92329
G1 X3.31 Y-14.824 Z33.329 E131.4275
G1 X3.465 Y-13.3 Z33.338 E132.14789
G1 X3.742 Y-12.22 Z33.346 E132.67223
G1 X4.173 Y-11.398 Z33.352 E133.10871
G1 X4.636 Y-10.847 Z33.356 E133.44716
G1 X5.758 Y-9.808 Z33.366 E134.1663
G1 X6.727 Y-9.408 Z33.373 E134.65929
G1 X7.8 Y-9.52 Z33.38 E135.16664
G1 X8.849 Y-9.964 Z33.387 E135.70232
G1 X9.994 Y-10.642 Z33.396 E136.32811
G1 X11.312 Y-11.475 Z33.406 E137.06135
G1 X12.609 Y-12.229 Z33.415 E137.76687
G1 X12.104 Y-11.294 Z33.422 E138.26661
G1 X11.927 Y-10.989 Z33.425 E138.43245
G1 X11.333 Y-10.076 Z33.432 E138.94468
G1 X10.536 Y-8.755 Z33.442 E139.67022
G1 X10.09 Y-7.695 Z33.449 E140.21104
G1 X9.949 Y-6.777 Z33.455 E140.64781
G1 X10.011 Y-6.059 Z33.46 E140.98673
G1 X10.332 Y-4.501 Z33.47 E141.7348
G1 X10.891 Y-3.615 Z33.477 E142.22747
G1 X11.866 Y-3.051 Z33.484 E142.75717
G1 X13.004 Y-2.809 Z33.491 E143.30431
G1 X14.34 Y-2.698 Z33.5 E143.93476
;TIME_ELAPSED:228.365089
;LAYER:33
;note -- min layer time used
;TYPE:WALL-OUTER
;MESH:wavy.stl
G1 F1849.6 X15.436 Y-2.639 Z33.507 E144.45092
G1 X16.467 Y-2.546 Z33.514 E144.93775
G1 X15.161 Y-1.572 Z33.524 E145.70392
G1 X14.525 Y-1.314 Z33.529 E146.02669
G1 X12.688 Y-.398 Z33.542 E146.99202
G1 X11.949 Y0.29 Z33.549 E147.46685
G1 X11.557 Y0.915 Z33.554 E147.8138
G1 X11.237 Y1.623 Z33.559 E148.17918
G1 X10.885 Y2.621 Z33.565 E148.67685
G1 X10.845 Y3.475 Z33.571 E149.07891
G1 X11.145 Y4.12 Z33.576 E149.41344
G1 X11.717 Y4.931 Z33.582 E149.88015
G1 X14.028 Y6.955 Z33.602 E151.32484
G1 X14.812 Y7.628 Z33.609 E151.81075
G1 X13.205 Y7.607 Z33.619 E152.56654
G1 X12.534 Y7.433 Z33.624 E152.89253
G1 X10.506 Y7.055 Z33.637 E153.86267
G1 X9.474 Y7.141 Z33.644 E154.34968
G1 X8.749 Y7.4 Z33.649 E154.71173
G1 X8.066 Y7.796 Z33.654 E155.08301
G1 X7.179 Y8.446 Z33.661 E155.60015
G1 X6.653 Y9.131 Z33.667 E156.00631
G1 X6.527 Y9.872 Z33.671 E156.35978
G1 X6.54 Y10.885 Z33.678 E156.83621
G1 X7.246 Y13.885 Z33.698 E158.28557
G1 X7.486 Y14.88 Z33.705 E158.76691
G1 X6.239 Y13.888 Z33.715 E159.51627
G1 X5.806 Y13.351 Z33.719 E159.84067
G1 X4.411 Y11.828 Z33.733 E160.81194
G1 X3.52 Y11.236 Z33.74 E161.31501
G1 X2.754 Y10.986 Z33.745 E161.69394
G1 X1.958 Y10.908 Z33.75 E162.07007
G1 X0.813 Y10.944 Z33.758 E162.6088
G1 X-0.014 Y11.211 Z33.763 E163.01749
G1 X-.57 Y11.773 Z33.768 E163.38926
G1 X-1.143 Y12.631 Z33.775 E163.87447
G1 X-2.303 Y15.462 Z33.795 E165.31324
G1 X-2.702 Y16.432 Z33.802 E165.80649
G1 X-3.079 Y14.9 Z33.812 E166.54844
G1 X-3.106 Y14.208 Z33.816 E166.87412
G1 X-3.308 Y12.134 Z33.83 E167.85408
G1 X-3.651 Y11.101 Z33.837 E168.36596
G1 X-4.122 Y10.406 Z33.842 E168.76078
G1 X-4.732 Y9.872 Z33.848 E169.14204
G1 X-5.736 Y9.226 Z33.855 E169.70348
G1 X-6.571 Y8.974 Z33.861 E170.11366
G1 X-7.386 Y9.121 Z33.867 E170.50312
G1 X-8.364 Y9.509 Z33.873 E170.99791
G1 X-10.97 Y11.147 Z33.893 E172.44543
G1 X-11.852 Y11.693 Z33.9 E172.93326
G1 X-11.222 Y10.272 Z33.91 E173.66425
G1 X-10.827 Y9.694 Z33.915 E173.99348
G1 X-9.736 Y7.908 Z33.928 E174.9777
G1 X-9.361 Y6.851 Z33.936 E175.50513
G1 X-9.304 Y5.976 Z33.941 E175.91749
G1 X-9.494 Y5.172 Z33.947 E176.30601
G1 X-9.968 Y4.033 Z33.955 E176.88618
G1 X-10.517 Y3.343 Z33.96 E177.30085
G1 X-11.304 Y2.976 Z33.966 E177.70922
G1 X-12.346 Y2.737 Z33.973 E178.21197
G1 X-13.753 Y2.623 Z33.982 E178.87581
G1 X-15.432 Y2.556 Z33.993 E179.66603
G1 X-16.461 Y2.477 Z34 E180.15137
G1 X-15.095 Y1.747 Z34.01 E180.87974
G1 X-14.439 Y1.52 Z34.014 E181.20619
G1 X-12.48 Y0.742 Z34.028 E182.19745
G1 X-11.511 Y0.124 Z34.035 E182.73793
G1 X-10.913 Y-.564 Z34.041 E183.16661
G1 X-10.592 Y-1.336 Z34.047 E183.5598
G1 X-10.321 Y-2.589 Z34.055 E184.16268
G1 X-10.379 Y-3.478 Z34.061 E184.58164
G1 X-10.831 Y-4.263 Z34.067 E185.00763
G1 X-11.566 Y-5.07 Z34.074 E185.52096
G1 X-13.978 Y-7.018 Z34.094 E186.97899
G1 X-14.765 Y-7.681 Z34.101 E187.46292
G1 X-13.254 Y-7.426 Z34.11 E188.18355
G1 X-12.586 Y-7.215 Z34.115 E188.513
G1 X-10.54 Y-6.655 Z34.129 E189.51057
G1 X-9.363 Y-6.549 Z34.136 E190.06632
G1 X-8.434 Y-6.738 Z34.143 E190.51215
G1 X-7.712 Y-7.186 Z34.148 E190.91174
G1 X-6.742 Y-8.089 Z34.157 E191.53498
G1 X-6.276 Y-8.859 Z34.163 E191.95824
G1 X-6.189 Y-9.803 Z34.169 E192.40406
G1 X-6.337 Y-10.908 Z34.176 E192.92835
G1 X-7.171 Y-13.911 Z34.196 E194.39404
G1 X-7.416 Y-14.895 Z34.203 E194.87091
G1 X-6.385 Y-13.771 Z34.213 E195.58819
G1 X-5.975 Y-13.205 Z34.217 E195.91686
G1 X-4.674 Y-11.526 Z34.231 E196.91575
G1 X-3.778 Y-10.693 Z34.239 E197.49109
G1 X-2.891 Y-10.265 Z34.245 E197.95424
G1 X-2.03 Y-10.205 Z34.251 E198.36013
G1 X-.669 Y-10.398 Z34.26 E199.00658
G1 X0.161 Y-10.769 Z34.266 E199.43412
G1 X0.802 Y-11.519 Z34.272 E199.89809
G1 X1.321 Y-12.53 Z34.279 E200.43253
G1 X2.381 Y-15.442 Z34.3 E201.88987
G1 X2.768 Y-16.404 Z34.306 E202.37751
G1 X2.891 Y-14.895 Z34.316 E203.08951
G1 X2.883 Y-14.19 Z34.321 E203.42107
G1 X2.917 Y-12.043 Z34.335 E204.43088
G1 X3.123 Y-10.814 Z34.343 E205.01691
G1 X3.589 Y-9.902 Z34.349 E205.49854
G1 X4.26 Y-9.346 Z34.355 E205.90835
G1 X5.531 Y-8.7 Z34.364 E206.57884
G1 X6.432 Y-8.53 Z34.37 E207.01003
G1 X7.425 Y-8.778 Z34.377 E207.49136
G1 X8.449 Y-9.323 Z34.384 E208.03688
G1 X11.013 Y-11.08 Z34.404 E209.4986
G1 X11.889 Y-11.631 Z34.411 E209.98528
G1 X11.065 Y-10.375 Z34.421 E210.69171
G1 X10.635 Y-9.811 Z34.426 E211.02524
G1 X9.367 Y-8.064 Z34.44 E212.0404
G1 X8.765 Y-6.93 Z34.448 E212.64418
G1 X8.576 Y-5.881 Z34.455 E213.14544
G1 X8.804 Y-5.023 Z34.461 E213.56294
G1 X9.493 Y-3.727 Z34.47 E214.25319
G1 X10.142 Y-3.066 Z34.476 E214.68883
G1 X11.132 Y-2.676 Z34.483 E215.18922
G1 X12.305 Y-2.537 Z34.491 E215.74471
G1 X13.743 Y-2.5 Z34.5 E216.42119
;TIME_ELAPSED:233.405960
;LAYER:34
;note -- min layer time used
;TYPE:WALL-OUTER
;MESH:wavy.stl
G1 F1981.3 X15.386 Y-2.476 Z34.51 E217.19393
G1 X15.943 Y-2.443 Z34.513 E217.45633
G1 X14.211 Y-1.673 Z34.525 E218.34771
G1 X12.287 Y-1.069 Z34.537 E219.29605
G1 X11.132 Y-.532 Z34.545 E219.89505
G1 X10.446 Y0.079 Z34.55 E220.32706
G1 X10.105 Y0.639 Z34.554 E220.6354
G1 X9.885 Y1.471 Z34.559 E221.04011
G1 X9.791 Y2.706 Z34.567 E221.62258
G1 X9.934 Y3.49 Z34.572 E221.99736
G1 X10.354 Y4.115 Z34.576 E222.35148
G1 X11.16 Y4.949 Z34.583 E222.89691
G1 X12.582 Y6.053 Z34.594 E223.74352
G1 X13.898 Y7.039 Z34.604 E224.51684
G1 X14.328 Y7.391 Z34.608 E224.77817
G1 X12.485 Y6.975 Z34.619 E225.66668
G1 X10.58 Y6.32 Z34.631 E226.61403
G1 X9.33 Y6.052 Z34.639 E227.21523
G1 X8.391 Y6.097 Z34.645 E227.65732
G1 X7.717 Y6.327 Z34.649 E227.99223
G1 X7.024 Y6.901 Z34.654 E228.41541
G1 X6.242 Y7.903 Z34.662 E229.01314
G1 X5.922 Y8.631 Z34.667 E229.38711
G1 X5.915 Y9.412 Z34.672 E229.75441
G1 X6.099 Y10.57 Z34.679 E230.30582
G1 X6.548 Y12.089 Z34.688 E231.05071
G1 X7.108 Y13.875 Z34.7 E231.93094
G1 X7.248 Y14.409 Z34.703 E232.19055
G1 X6.015 Y12.957 Z34.715 E233.08637
G1 X4.879 Y11.315 Z34.727 E234.02535
G1 X4.035 Y10.336 Z34.735 E234.63321
G1 X3.253 Y9.767 Z34.74 E235.08801
G1 X2.53 Y9.503 Z34.745 E235.44998
G1 X1.601 Y9.564 Z34.751 E235.8878
G1 X0.363 Y9.973 Z34.759 E236.50095
G1 X-.317 Y10.404 Z34.763 E236.87956
G1 X-.782 Y11.066 Z34.768 E237.26
G1 X-1.297 Y12.128 Z34.776 E237.81506
G1 X-1.883 Y13.831 Z34.786 E238.66202
G1 X-2.409 Y15.41 Z34.797 E239.4447
G1 X-2.606 Y15.915 Z34.8 E239.69962
G1 X-2.726 Y14.029 Z34.811 E240.58835
G1 X-2.666 Y12.013 Z34.823 E241.53683
G1 X-2.746 Y10.725 Z34.831 E242.14371
G1 X-3.01 Y9.769 Z34.837 E242.61012
G1 X-3.444 Y9.054 Z34.842 E243.00346
G1 X-4.266 Y8.545 Z34.848 E243.45814
G1 X-5.552 Y8.185 Z34.856 E244.08616
G1 X-6.363 Y8.164 Z34.861 E244.46768
G1 X-7.148 Y8.451 Z34.866 E244.86074
G1 X-8.187 Y9.031 Z34.873 E245.42033
G1 X-9.658 Y10.076 Z34.884 E246.26889
G1 X-11.001 Y11.044 Z34.894 E247.04742
G1 X-11.463 Y11.342 Z34.898 E247.30597
G1 X-10.439 Y9.774 Z34.909 E248.18667
G1 X-9.188 Y8.176 Z34.921 E249.14106
G1 X-8.471 Y7.092 Z34.929 E249.75226
G1 X-8.07 Y6.151 Z34.935 E250.23329
G1 X-7.958 Y5.263 Z34.941 E250.6542
G1 X-8.346 Y4.332 Z34.947 E251.12852
G1 X-9.236 Y3.287 Z34.955 E251.77403
G1 X-9.897 Y2.815 Z34.96 E252.156
G1 X-10.734 Y2.594 Z34.965 E252.56311
G1 X-11.931 Y2.473 Z34.973 E253.12889
G1 X-13.521 Y2.463 Z34.982 E253.87664
G1 X-15.386 Y2.465 Z34.994 E254.7537
G1 X-15.943 Y2.437 Z34.997 E255.01597
G1 X-14.173 Y1.792 Z35.008 E255.9019
G1 X-12.224 Y1.25 Z35.021 E256.85324
G1 X-10.995 Y0.818 Z35.029 E257.46588
G1 X-10.069 Y0.312 Z35.035 E257.96212
G1 X-9.389 Y-.368 Z35.041 E258.41437
G1 X-9.152 Y-1.378 Z35.047 E258.90224
G1 X-9.307 Y-2.784 Z35.056 E259.56745
G1 X-9.593 Y-3.551 Z35.061 E259.95241
G1 X-10.172 Y-4.233 Z35.066 E260.37313
G1 X-11.09 Y-5.025 Z35.073 E260.9433
G1 X-12.573 Y-6.097 Z35.084 E261.80385
G1 X-13.891 Y-7.048 Z35.094 E262.56817
G1 X-14.324 Y-7.396 Z35.098 E262.82941
G1 X-12.524 Y-6.856 Z35.109 E263.71317
G1 X-10.635 Y-6.138 Z35.121 E264.66352
G1 X-9.387 Y-5.74 Z35.129 E265.27955
G1 X-8.316 Y-5.559 Z35.136 E265.79035
G1 X-7.296 Y-5.688 Z35.142 E266.27385
G1 X-6.486 Y-6.394 Z35.149 E266.77916
G1 X-5.805 Y-7.68 Z35.157 E267.46349
G1 X-5.611 Y-8.483 Z35.162 E267.85198
G1 X-5.698 Y-9.401 Z35.168 E268.28563
G1 X-5.998 Y-10.591 Z35.175 E268.86276
G1 X-6.512 Y-12.123 Z35.185 E269.62269
G1 X-7.098 Y-13.879 Z35.196 E270.49325
G1 X-7.242 Y-14.41 Z35.2 E270.75199
G1 X-6.117 Y-12.884 Z35.211 E271.64356
G1 X-5.027 Y-11.197 Z35.223 E272.5881
G1 X-4.265 Y-10.117 Z35.231 E273.20969
G1 X-3.509 Y-9.288 Z35.238 E273.73731
G1 X-2.566 Y-8.74 Z35.245 E274.25022
G1 X-1.463 Y-8.839 Z35.251 E274.77102
G1 X-.139 Y-9.537 Z35.261 E275.47489
G1 X0.48 Y-10.099 Z35.266 E275.86807
G1 X0.951 Y-10.93 Z35.271 E276.31727
G1 X1.391 Y-12.085 Z35.279 E276.89851
G1 X1.922 Y-13.818 Z35.29 E277.75089
G1 X2.421 Y-15.406 Z35.3 E278.53369
G1 X2.612 Y-15.913 Z35.303 E278.78847
G1 X2.6 Y-14.03 Z35.315 E279.67402
G1 X2.476 Y-12.011 Z35.327 E280.62528
G1 X2.431 Y-10.683 Z35.335 E281.25017
G1 X2.522 Y-9.53 Z35.342 E281.79408
G1 X2.965 Y-8.457 Z35.349 E282.33999
G1 X3.951 Y-7.878 Z35.356 E282.87772
G1 X5.477 Y-7.701 Z35.365 E283.60016
G1 X6.315 Y-7.821 Z35.37 E283.99827
G1 X7.204 Y-8.242 Z35.376 E284.46085
G1 X8.239 Y-8.941 Z35.384 E285.04819
G1 X9.681 Y-10.043 Z35.395 E285.90168
G1 X11.008 Y-11.036 Z35.405 E286.68111
G1 X11.466 Y-11.338 Z35.408 E286.9391
G1 X10.338 Y-9.848 Z35.419 E287.81795
G1 X9.03 Y-8.284 Z35.432 E288.77678
G1 X8.191 Y-7.243 Z35.44 E289.40554
G1 X7.536 Y-6.247 Z35.447 E289.96614
G1 X7.22 Y-5.058 Z35.455 E290.5447
G1 X7.698 Y-3.977 Z35.462 E291.10055
G1 X8.891 Y-2.94 Z35.471 E291.84391
G1 X9.659 Y-2.565 Z35.477 E292.24584
G1 X10.656 Y-2.392 Z35.483 E292.7217
G1 X11.919 Y-2.369 Z35.49 E293.31575
G1 X13.52 Y-2.42 Z35.5 E294.06904
;TIME_ELAPSED:238.453704
;LAYER:35
;note -- min layer time used
;TYPE:WALL-OUTER
;MESH:wavy.stl
G1 F2258 X15.818 Y-2.438 Z35.512 E295.14976
G1 X15.943 Y-2.433 Z35.513 E295.20859
G1 X15.649 Y-2.444 Z35.514 E295.34694
G1 X13.474 Y-1.745 Z35.527 E296.42131
G1 X9.889 Y-.743 Z35.546 E298.17184
G1 X9.049 Y-.166 Z35.552 E298.65109
G1 X8.639 Y0.274 Z35.555 E298.93391
G1 X8.429 Y1.31 Z35.561 E299.43102
G1 X8.617 Y2.027 Z35.565 E299.77961
G1 X8.855 Y2.871 Z35.569 E300.19199
G1 X9.245 Y3.549 Z35.573 E300.55982
G1 X9.931 Y4.256 Z35.579 E301.02309
G1 X11.075 Y5.118 Z35.586 E301.69671
G1 X12.573 Y6.128 Z35.596 E302.54634
G1 X14.242 Y7.319 Z35.607 E303.51057
G1 X14.331 Y7.39 E303.56411
G1 X14.095 Y7.219 Z35.609 E303.70117
G1 X11.932 Y6.493 Z35.621 E304.77413
G1 X8.449 Y5.169 Z35.641 E306.52643
G1 X7.413 Y5.096 Z35.646 E307.01484
G1 X6.731 Y5.186 Z35.65 E307.33835
G1 X5.934 Y5.955 Z35.656 E307.85917
G1 X5.683 Y6.67 Z35.66 E308.21553
G1 X5.415 Y7.519 Z35.665 E308.63421
G1 X5.359 Y8.301 Z35.669 E309.00291
G1 X5.519 Y9.287 Z35.674 E309.47266
G1 X6.575 Y12.347 Z35.691 E310.99497
G1 X7.234 Y14.293 Z35.702 E311.96116
G1 X7.266 Y14.407 Z35.703 E312.01685
G1 X7.163 Y14.133 Z35.704 E312.1545
G1 X5.844 Y12.249 Z35.717 E313.23605
G1 X3.832 Y9.121 Z35.736 E314.98508
G1 X3.049 Y8.408 Z35.742 E315.48309
G1 X2.373 Y8.008 Z35.746 E315.85248
G1 X1.243 Y8.187 Z35.752 E316.39051
G1 X0.623 Y8.646 Z35.756 E316.75328
G1 X-0.081 Y9.223 Z35.761 E317.18135
G1 X-.57 Y9.841 Z35.765 E317.55195
G1 X-1.005 Y10.752 Z35.771 E318.0267
G1 X-1.938 Y13.875 Z35.788 E319.5595
G1 X-2.536 Y15.814 Z35.799 E320.51373
G1 X-2.578 Y15.928 E320.57086
G1 X-2.509 Y15.641 Z35.801 E320.70968
G1 X-2.455 Y13.337 Z35.813 E321.79348
G1 X-2.216 Y9.629 Z35.833 E323.54086
G1 X-2.393 Y8.561 Z35.839 E324.04996
G1 X-2.706 Y7.748 Z35.843 E324.45965
G1 X-3.785 Y7.226 Z35.85 E325.02333
G1 X-4.57 Y7.258 Z35.854 E325.3928
G1 X-5.496 Y7.355 Z35.859 E325.83065
G1 X-6.251 Y7.593 Z35.863 E326.20293
G1 X-7.136 Y8.093 Z35.869 E326.68095
G1 X-9.719 Y10.091 Z35.886 E328.21665
G1 X-11.344 Y11.318 Z35.897 E329.17422
G1 X-11.444 Y11.384 E329.23056
G1 X-11.216 Y11.174 Z35.899 E329.37634
G1 X-9.834 Y9.382 Z35.911 E330.44056
G1 X-7.417 Y6.512 Z35.931 E332.2051
G1 X-6.883 Y5.542 Z35.937 E332.72581
G1 X-6.608 Y4.617 Z35.942 E333.17963
G1 X-7.218 Y3.529 Z35.949 E333.76622
G1 X-7.897 Y3.106 Z35.953 E334.14242
G1 X-8.744 Y2.665 Z35.958 E334.5915
G1 X-9.507 Y2.437 Z35.962 E334.96599
G1 X-10.532 Y2.339 Z35.968 E335.45022
G1 X-13.807 Y2.457 Z35.985 E336.99135
G1 X-15.821 Y2.501 Z35.996 E337.9387
G1 X-15.953 Y2.496 E338.00082
G1 X-15.65 Y2.448 Z35.998 E338.14509
G1 X-13.455 Y1.822 Z36.01 E339.2185
G1 X-9.813 Y0.953 Z36.03 E340.9793
G1 X-8.772 Y0.506 Z36.036 E341.51208
G1 X-7.915 Y-.123 Z36.042 E342.012
G1 X-7.785 Y-1.405 Z36.049 E342.61798
G1 X-8.113 Y-2.152 Z36.053 E343.00165
G1 X-8.588 Y-3.011 Z36.058 E343.46325
G1 X-9.093 Y-3.633 Z36.062 E343.84003
G1 X-9.882 Y-4.304 Z36.068 E344.32711
G1 X-11.072 Y-5.123 Z36.076 E345.00646
G1 X-12.594 Y-6.106 Z36.085 E345.85852
G1 X-14.281 Y-7.27 Z36.096 E346.82239
G1 X-14.377 Y-7.346 Z36.097 E346.87997
G1 X-14.097 Y-7.216 Z36.098 E347.02514
G1 X-11.962 Y-6.42 Z36.111 E348.09668
G1 X-8.51 Y-4.955 Z36.13 E349.8602
G1 X-7.389 Y-4.659 Z36.137 E350.40544
G1 X-6.234 Y-4.641 Z36.143 E350.94867
G1 X-5.355 Y-5.654 Z36.15 E351.5794
G1 X-5.203 Y-6.474 Z36.154 E351.97159
G1 X-5.117 Y-7.474 Z36.16 E352.44359
G1 X-5.187 Y-8.28 Z36.164 E352.82406
G1 X-5.452 Y-9.297 Z36.17 E353.31829
G1 X-6.609 Y-12.354 Z36.187 E354.85543
G1 X-7.295 Y-14.277 Z36.198 E355.81558
G1 X-7.329 Y-14.397 E355.87423
G1 X-7.167 Y-14.132 Z36.2 E356.0203
G1 X-5.912 Y-12.206 Z36.212 E357.10136
G1 X-4.008 Y-8.983 Z36.232 E358.86176
G1 X-3.287 Y-8.039 Z36.239 E359.42037
G1 X-2.294 Y-7.273 Z36.245 E360.01014
G1 X-.952 Y-7.606 Z36.253 E360.66039
G1 X-.349 Y-8.204 Z36.257 E361.05976
G1 X0.296 Y-9.013 Z36.263 E361.54633
G1 X0.696 Y-9.723 Z36.267 E361.92956
G1 X1.066 Y-10.721 Z36.273 E362.43011
G1 X1.91 Y-13.884 Z36.29 E363.96962
G1 X2.477 Y-15.837 Z36.301 E364.92598
G1 X2.521 Y-15.954 E364.98476
G1 X2.505 Y-15.643 Z36.303 E365.13121
G1 X2.376 Y-13.353 Z36.315 E366.20984
G1 X1.993 Y-9.621 Z36.335 E367.97411
G1 X1.985 Y-8.404 Z36.342 E368.54644
G1 X2.342 Y-7.107 Z36.349 E369.17906
G1 X3.677 Y-6.583 Z36.356 E369.8535
G1 X4.532 Y-6.74 Z36.361 E370.26231
G1 X5.546 Y-7.058 Z36.367 E370.76206
G1 X6.283 Y-7.423 Z36.371 E371.14883
G1 X7.167 Y-8.032 Z36.377 E371.65365
G1 X9.701 Y-10.115 Z36.394 E373.19625
G1 X11.309 Y-11.37 Z36.405 E374.1555
G1 X11.415 Y-11.442 Z36.406 E374.21576
G1 X11.215 Y-11.176 Z36.407 E374.37227
G1 X9.772 Y-9.433 Z36.42 E375.4364
G1 X7.232 Y-6.637 Z36.44 E377.21283
G1 X6.46 Y-5.654 Z36.446 E377.80062
G1 X5.937 Y-4.312 Z36.454 E378.47796
G1 X6.752 Y-3.074 Z36.462 E379.17499
G1 X7.561 Y-2.708 Z36.466 E379.59256
G1 X8.61 Y-2.395 Z36.472 E380.10737
G1 X9.432 Y-2.279 Z36.477 E380.49776
G1 X10.521 Y-2.272 Z36.482 E381.00989
G1 X13.807 Y-2.488 Z36.5 E382.55854
;TIME_ELAPSED:243.522519
;LAYER:36
;TYPE:WALL-OUTER
;MESH:wavy.stl
G1 F2400 X15.97 Y-2.561 Z36.51 E383.57631
G1 X15.489 Y-2.413 Z36.512 E383.81297
G1 X12.971 Y-1.803 Z36.524 E385.03136
G1 X10.656 Y-1.336 Z36.535 E386.14197
G1 X8.903 Y-.929 Z36.543 E386.98827
G1 X7.851 Y-.42 Z36.549 E387.53786
G1 X7.192 Y-0.015 Z36.552 E387.90162
G1 X7.162 Y1.506 Z36.559 E388.61703
G1 X7.544 Y2.123 Z36.563 E388.9583
G1 X8.602 Y3.378 Z36.57 E389.73023
G1 X10.099 Y4.502 Z36.579 E390.61057
G1 X11.564 Y5.421 Z36.587 E391.42385
G1 X13.273 Y6.51 Z36.596 E392.37684
G1 X14.483 Y7.331 Z36.603 E393.06448
G1 X13.935 Y7.143 Z36.606 E393.33693
G1 X11.569 Y6.163 Z36.617 E394.54126
G1 X9.431 Y5.178 Z36.628 E395.64827
G1 X7.757 Y4.454 Z36.637 E396.50597
G1 X6.601 Y4.212 Z36.642 E397.06139
G1 X5.724 Y4.127 Z36.646 E397.47574
G1 X4.815 Y5.395 Z36.653 E398.20944
G1 X4.793 Y6.143 Z36.657 E398.56135
G1 X4.956 Y7.789 Z36.664 E399.3392
G1 X5.53 Y9.576 Z36.673 E400.22186
G1 X6.174 Y11.152 Z36.681 E401.02249
G1 X6.941 Y13.091 Z36.69 E402.00309
G1 X7.452 Y14.501 Z36.697 E402.70837
G1 X7.079 Y13.97 Z36.7 E403.01354
G1 X5.743 Y11.778 Z36.712 E404.22074
G1 X4.588 Y9.705 Z36.723 E405.33671
G1 X3.681 Y8.148 Z36.731 E406.1841
G1 X2.905 Y7.24 Z36.737 E406.7458
G1 X2.168 Y6.572 Z36.741 E407.21357
G1 X0.672 Y7.115 Z36.749 E407.962
G1 X0.215 Y7.746 Z36.752 E408.32839
G1 X-.574 Y9.183 Z36.76 E409.09933
G1 X-1.148 Y10.997 Z36.769 E409.99408
G1 X-1.547 Y12.654 Z36.776 E410.79559
G1 X-2.057 Y14.658 Z36.786 E411.76805
G1 X-2.491 Y16.169 Z36.793 E412.50736
G1 X-2.478 Y15.463 Z36.796 E412.83942
G1 X-2.267 Y12.895 Z36.808 E414.05114
G1 X-1.981 Y10.572 Z36.819 E415.15183
G1 X-1.783 Y8.757 Z36.827 E416.01043
G1 X-1.844 Y7.549 Z36.833 E416.57924
G1 X-2.057 Y6.465 Z36.838 E417.09876
G1 X-3.632 Y6.055 Z36.846 E417.86412
G1 X-4.392 Y6.331 Z36.849 E418.24436
G1 X-5.88 Y7.083 Z36.857 E419.0284
G1 X-7.391 Y8.228 Z36.866 E419.91995
G1 X-8.681 Y9.338 Z36.874 E420.72026
G1 X-10.262 Y10.661 Z36.883 E421.68973
G1 X-11.559 Y11.677 Z36.891 E422.46453
G1 X-11.099 Y11.064 Z36.894 E422.82495
G1 X-9.399 Y9.099 Z36.906 E424.04685
G1 X-7.79 Y7.382 Z36.917 E425.15343
G1 X-6.567 Y6.054 Z36.925 E426.00243
G1 X-5.872 Y5.047 Z36.931 E426.57783
G1 X-5.347 Y3.948 Z36.936 E427.1506
G1 X-6.438 Y2.688 Z36.944 E427.9344
G1 X-7.251 Y2.48 Z36.948 E428.32904
G1 X-8.919 Y2.256 Z36.956 E429.12049
G1 X-10.815 Y2.317 Z36.965 E430.01258
G1 X-12.539 Y2.466 Z36.972 E430.82635
G1 X-14.564 Y2.612 Z36.982 E431.78111
G1 X-16.267 Y2.675 Z36.99 E432.58253
G1 X-15.484 Y2.432 Z36.993 E432.96807
G1 X-12.962 Y1.847 Z37.005 E434.18558
G1 X-10.64 Y1.409 Z37.016 E435.2968
G1 X-8.865 Y1.065 Z37.025 E436.14706
G1 X-7.68 Y0.685 Z37.03 E436.73228
G1 X-6.51 Y0.058 Z37.036 E437.35652
G1 X-6.696 Y-1.634 Z37.044 E438.15701
G1 X-7.268 Y-2.286 Z37.048 E438.5649
G1 X-8.543 Y-3.44 Z37.056 E439.37361
G1 X-10.114 Y-4.478 Z37.065 E440.25911
G1 X-11.599 Y-5.366 Z37.073 E441.07279
G1 X-13.327 Y-6.432 Z37.082 E442.0276
G1 X-14.799 Y-7.419 Z37.09 E442.86105
G1 X-13.942 Y-7.123 Z37.094 E443.28743
G1 X-11.594 Y-6.125 Z37.106 E444.48722
G1 X-9.461 Y-5.109 Z37.117 E445.59829
G1 X-7.807 Y-4.322 Z37.125 E446.45967
G1 X-6.619 Y-3.898 Z37.131 E447.05287
G1 X-5.196 Y-3.691 Z37.138 E447.72911
G1 X-4.364 Y-5.225 Z37.146 E448.54977
G1 X-4.473 Y-6.114 Z37.15 E448.97097
G1 X-4.872 Y-7.805 Z37.158 E449.78803
G1 X-5.556 Y-9.566 Z37.167 E450.67645
G1 X-6.232 Y-11.129 Z37.175 E451.47729
G1 X-7.031 Y-13.058 Z37.184 E452.45917
G1 X-7.657 Y-14.76 Z37.193 E453.31199
G1 X-7.096 Y-13.959 Z37.197 E453.77188
G1 X-5.78 Y-11.757 Z37.209 E454.97825
G1 X-4.664 Y-9.687 Z37.22 E456.08417
G1 X-3.799 Y-8.07 Z37.228 E456.94656
G1 X-3.104 Y-6.996 Z37.234 E457.54815
G1 X-1.997 Y-5.91 Z37.241 E458.27742
G1 X-.407 Y-6.712 Z37.249 E459.11489
G1 X0.025 Y-7.534 Z37.254 E459.55158
G1 X0.653 Y-9.146 Z37.262 E460.36515
G1 X1.121 Y-11.005 Z37.27 E461.26666
G1 X1.487 Y-12.67 Z37.278 E462.06835
G1 X1.965 Y-14.684 Z37.288 E463.04178
G1 X2.477 Y-16.499 Z37.296 E463.92863
G1 X2.458 Y-15.464 Z37.301 E464.41544
G1 X2.223 Y-12.899 Z37.313 E465.62673
G1 X1.906 Y-10.58 Z37.324 E466.72743
G1 X1.641 Y-8.764 Z37.332 E467.59048
G1 X1.54 Y-7.468 Z37.338 E468.2018
G1 X1.805 Y-5.827 Z37.346 E468.98351
G1 X3.611 Y-5.573 Z37.354 E469.84117
G1 X4.462 Y-6.019 Z37.359 E470.293
G1 X5.922 Y-7.007 Z37.367 E471.12203
G1 X7.373 Y-8.25 Z37.376 E472.02053
G1 X8.642 Y-9.386 Z37.384 E472.82149
G1 X10.203 Y-10.736 Z37.393 E473.79202
G1 X11.741 Y-11.949 Z37.402 E474.71318
G1 X11.083 Y-11.077 Z37.407 E475.2269
G1 X9.367 Y-9.129 Z37.419 E476.44773
G1 X7.744 Y-7.443 Z37.43 E477.54827
G1 X6.457 Y-6.143 Z37.438 E478.40854
G1 X5.578 Y-5.16 Z37.444 E479.02868
G1 X4.768 Y-3.581 Z37.452 E479.86323
G1 X6.138 Y-2.31 Z37.461 E480.74206
G1 X7.123 Y-2.187 Z37.466 E481.20888
G1 X8.909 Y-2.171 Z37.474 E482.04881
G1 X10.813 Y-2.345 Z37.483 E482.94793
G1 X12.535 Y-2.529 Z37.491 E483.76235
G1 X14.561 Y-2.708 Z37.5 E484.71882
;TIME_ELAPSED:249.051004
;LAYER:37
;TYPE:WALL-OUTER
;MESH:wavy.stl
G1 X12.693 Y-1.843 Z37.508 E485.68689
G1 X10.157 Y-1.404 Z37.518 E486.89723
G1 X8.194 Y-1.065 Z37.526 E487.83403
G1 X6.958 Y-.648 Z37.531 E488.44747
G1 X5.856 Y-0.096 Z37.536 E489.02708
G1 X6.267 Y1.755 Z37.543 E489.91875
G1 X6.856 Y2.285 Z37.546 E490.29136
G1 X10.857 Y4.864 Z37.565 E492.52992
G1 X12.556 Y5.859 Z37.572 E493.45583
G1 X14.419 Y7.039 Z37.581 E494.4929
G1 X15.157 Y7.531 Z37.584 E494.91001
G1 X13.982 Y7.12 Z37.589 E495.4954
G1 X11.373 Y5.976 Z37.6 E496.83509
G1 X9.027 Y4.816 Z37.61 E498.06584
G1 X7.261 Y3.94 Z37.618 E498.99289
G1 X6.013 Y3.526 Z37.623 E499.61124
G1 X4.684 Y3.289 Z37.628 E500.24608
G1 X3.986 Y5.095 Z37.636 E501.15661
G1 X4.175 Y5.884 Z37.639 E501.53815
G1 X5.929 Y10.279 Z37.657 E503.76349
G1 X6.732 Y12.097 Z37.665 E504.69812
G1 X7.561 Y14.167 Z37.674 E505.74674
G1 X7.91 Y15.119 Z37.678 E506.22357
G1 X7.125 Y13.98 Z37.683 E506.87409
G1 X5.684 Y11.505 Z37.694 E508.2209
G1 X4.489 Y9.22 Z37.704 E509.43354
G1 X3.484 Y7.286 Z37.713 E510.45851
G1 X2.821 Y6.359 Z37.717 E510.99447
G1 X1.811 Y5.296 Z37.723 E511.68403
G1 X0.195 Y6.425 Z37.731 E512.61107
G1 X-.107 Y7.203 Z37.734 E513.00354
G1 X-1.226 Y11.804 Z37.752 E515.23031
G1 X-1.641 Y13.753 Z37.76 E516.16741
G1 X-2.179 Y15.91 Z37.769 E517.21286
G1 X-2.495 Y17.007 Z37.773 E517.74971
G1 X-2.452 Y15.491 Z37.779 E518.46293
G1 X-2.162 Y12.665 Z37.79 E519.79888
G1 X-1.775 Y10.076 Z37.8 E521.02993
G1 X-1.471 Y8.127 Z37.808 E521.95757
G1 X-1.414 Y6.796 Z37.813 E522.58406
G1 X-1.61 Y5.224 Z37.819 E523.32905
G1 X-3.625 Y5.26 Z37.827 E524.27679
G1 X-4.334 Y5.742 Z37.83 E524.67996
G1 X-7.932 Y8.856 Z37.849 E526.91769
G1 X-9.39 Y10.177 Z37.856 E527.84291
G1 X-11.099 Y11.617 Z37.865 E528.89386
G1 X-12.098 Y12.395 Z37.87 E529.48932
G1 X-11.089 Y11.091 Z37.876 E530.26469
G1 X-9.193 Y8.982 Z37.887 E531.59835
G1 X-7.352 Y7.114 Z37.898 E532.83174
G1 X-5.956 Y5.723 Z37.905 E533.7585
G1 X-5.103 Y4.686 Z37.91 E534.38995
G1 X-4.269 Y3.203 Z37.917 E535.19007
G1 X-5.998 Y2.078 Z37.925 E536.16013
G1 X-6.88 Y2.068 Z37.929 E536.57494
G1 X-10.252 Y2.354 Z37.942 E538.16637
G1 X-11.621 Y2.52 Z37.947 E538.81488
G1 X-13.594 Y2.741 Z37.955 E539.74852
G1 X-15.813 Y2.907 Z37.963 E540.79496
G1 X-17.196 Y2.952 Z37.969 E541.44569
G1 X-15.502 Y2.458 Z37.976 E542.2755
G1 X-12.689 Y1.863 Z37.987 E543.62763
G1 X-10.15 Y1.445 Z37.997 E544.83771
G1 X-8.178 Y1.146 Z38.005 E545.77568
G1 X-6.865 Y0.829 Z38.01 E546.41088
G1 X-5.206 Y0.079 Z38.017 E547.26708
G1 X-6.026 Y-1.865 Z38.025 E548.25928
G1 X-6.76 Y-2.39 Z38.029 E548.68366
G1 X-10.905 Y-4.782 Z38.047 E550.93421
G1 X-12.621 Y-5.753 Z38.055 E551.86142
G1 X-14.506 Y-6.909 Z38.063 E552.90129
G1 X-15.776 Y-7.774 Z38.069 E553.62391
G1 X-13.981 Y-7.122 Z38.077 E554.522
G1 X-11.381 Y-5.957 Z38.088 E555.86182
G1 X-9.046 Y-4.779 Z38.098 E557.09173
G1 X-7.296 Y-3.865 Z38.106 E558.02018
G1 X-6.045 Y-3.324 Z38.111 E558.66114
G1 X-4.145 Y-2.922 Z38.119 E559.57443
G1 X-3.728 Y-5.043 Z38.127 E560.59096
G1 X-4.037 Y-5.912 Z38.131 E561.02469
G1 X-6.029 Y-10.27 Z38.149 E563.27806
G1 X-6.846 Y-12.049 Z38.157 E564.19867
G1 X-7.707 Y-14.113 Z38.166 E565.25037
G1 X-8.266 Y-15.674 Z38.172 E566.03011
G1 X-7.125 Y-13.979 Z38.18 E566.99099
G1 X-5.702 Y-11.495 Z38.191 E568.33723
G1 X-4.53 Y-9.207 Z38.201 E569.54615
G1 X-3.56 Y-7.243 Z38.21 E570.57626
G1 X-2.965 Y-6.214 Z38.214 E571.13524
G1 X-1.595 Y-4.683 Z38.222 E572.10139
G1 X-0.017 Y-6.229 Z38.231 E573.14027
G1 X0.235 Y-7.145 Z38.234 E573.58704
G1 X1.134 Y-11.824 Z38.253 E575.82767
G1 X1.52 Y-13.781 Z38.261 E576.76571
G1 X2.03 Y-15.952 Z38.269 E577.81445
G1 X2.534 Y-17.67 Z38.276 E578.65642
G1 X2.453 Y-15.49 Z38.285 E579.68231
G1 X2.141 Y-12.667 Z38.296 E581.01796
G1 X1.733 Y-10.085 Z38.306 E582.24726
G1 X1.389 Y-8.136 Z38.314 E583.17798
G1 X1.212 Y-6.764 Z38.319 E583.82853
G1 X1.427 Y-4.602 Z38.327 E584.85026
G1 X3.654 Y-4.998 Z38.336 E585.91398
G1 X4.403 Y-5.619 Z38.34 E586.37153
G1 X7.879 Y-8.936 Z38.359 E588.63102
G1 X9.309 Y-10.27 Z38.366 E589.55068
G1 X11.002 Y-11.74 Z38.375 E590.60508
G1 X12.514 Y-12.905 Z38.382 E591.50271
G1 X11.089 Y-11.09 Z38.391 E592.58788
G1 X9.178 Y-8.996 Z38.402 E593.92105
G1 X7.322 Y-7.143 Z38.413 E595.1544
G1 X5.895 Y-5.778 Z38.42 E596.08305
G1 X4.921 Y-4.778 Z38.426 E596.73952
G1 X3.756 Y-2.808 Z38.435 E597.81582
G1 X5.865 Y-1.849 Z38.444 E598.90534
G1 X6.864 Y-1.928 Z38.448 E599.3766
G1 X10.246 Y-2.42 Z38.461 E600.98379
G1 X11.612 Y-2.614 Z38.466 E601.63262
G1 X13.584 Y-2.865 Z38.474 E602.56747
G1 X15.807 Y-3.063 Z38.483 E603.61701
G1 X17.849 Y-3.121 Z38.491 E604.57769
G1 X15.501 Y-2.458 Z38.5 E605.72505
;TIME_ELAPSED:255.590706
;LAYER:38
;TYPE:WALL-OUTER
;MESH:wavy.stl
G1 X12.669 Y-1.88 Z38.509 E607.0843
G1 X9.903 Y-1.455 Z38.519 E608.40032
G1 X7.793 Y-1.165 Z38.526 E609.40191
G1 X6.402 Y-.844 Z38.53 E610.07324
G1 X4.566 Y-0.057 Z38.537 E611.01263
G1 X5.826 Y1.983 Z38.545 E612.14021
G1 X8.75 Y3.556 Z38.556 E613.70162
G1 X10.413 Y4.417 Z38.562 E614.58227
G1 X12.114 Y5.331 Z38.568 E615.49036
G1 X14.029 Y6.441 Z38.575 E616.53127
G1 X15.92 Y7.68 Z38.583 E617.59442
G1 X16.405 Y8.016 Z38.585 E617.87189
G1 X16.334 Y7.998 E617.90633
G1 X14.176 Y7.2 Z38.593 E618.98833
G1 X11.358 Y5.927 Z38.603 E620.44249
G1 X8.853 Y4.633 Z38.612 E621.76839
G1 X6.992 Y3.633 Z38.619 E622.76191
G1 X5.678 Y3.06 Z38.624 E623.43603
G1 X3.62 Y2.593 Z38.631 E624.42845
G1 X3.533 Y5.035 Z38.639 E625.57757
G1 X5.111 Y8.227 Z38.65 E627.25207
G1 X5.835 Y9.656 Z38.655 E628.00541
G1 X6.695 Y11.423 Z38.662 E628.92956
G1 X7.591 Y13.43 Z38.669 E629.96317
G1 X8.409 Y15.567 Z38.677 E631.03924
G1 X8.642 Y16.247 Z38.679 E631.37727
G1 X8.541 Y16.125 Z38.68 E631.45175
G1 X7.233 Y14.155 Z38.687 E632.56378
G1 X5.7 Y11.459 Z38.697 E634.02226
G1 X4.456 Y8.98 Z38.707 E635.3266
G1 X3.53 Y7.044 Z38.714 E636.33582
G1 X2.811 Y5.799 Z38.718 E637.01192
G1 X1.359 Y4.135 Z38.726 E638.05048
G1 X-.117 Y6.149 Z38.734 E639.22471
G1 X-.45 Y8.098 Z38.74 E640.15454
G1 X-.677 Y9.62 Z38.745 E640.8782
G1 X-.933 Y11.271 Z38.751 E641.66389
G1 X-1.266 Y13.176 Z38.757 E642.57333
G1 X-1.721 Y15.347 Z38.764 E643.61646
G1 X-2.302 Y17.535 Z38.772 E644.68106
G1 X-2.564 Y18.372 Z38.775 E645.09351
G1 X-2.58 Y18.13 E645.20756
G1 X-2.474 Y15.705 Z38.783 E646.34905
G1 X-2.124 Y12.62 Z38.794 E647.80913
G1 X-1.665 Y9.854 Z38.803 E649.12767
G1 X-1.278 Y7.776 Z38.81 E650.12169
G1 X-1.111 Y6.341 Z38.815 E650.80107
G1 X-1.319 Y4.034 Z38.822 E651.89038
G1 X-3.718 Y4.893 Z38.83 E653.08869
G1 X-6.068 Y7.271 Z38.841 E654.66091
G1 X-7.348 Y8.569 Z38.847 E655.51819
G1 X-8.758 Y9.945 Z38.854 E656.44469
G1 X-10.383 Y11.425 Z38.861 E657.47831
G1 X-12.144 Y12.868 Z38.869 E658.54897
G1 X-12.959 Y13.47 Z38.872 E659.02546
G1 X-12.784 Y13.193 Z38.873 E659.17954
G1 X-11.229 Y11.242 Z38.881 E660.3528
G1 X-9.151 Y8.979 Z38.891 E661.79761
G1 X-7.136 Y6.995 Z38.901 E663.12744
G1 X-5.599 Y5.543 Z38.907 E664.12176
G1 X-4.607 Y4.487 Z38.912 E664.80311
G1 X-3.363 Y2.413 Z38.92 E665.94044
G1 X-5.885 Y1.757 Z38.929 E667.16592
G1 X-7.84 Y2.086 Z38.935 E668.09822
G1 X-9.39 Y2.369 Z38.94 E668.83918
G1 X-10.982 Y2.639 Z38.946 E669.59854
G1 X-12.929 Y2.928 Z38.952 E670.52418
G1 X-15.11 Y3.177 Z38.959 E671.55649
G1 X-17.398 Y3.317 Z38.967 E672.63447
G1 X-18.551 Y3.324 Z38.971 E673.1767
G1 X-18.168 Y3.171 Z38.972 E673.37065
G1 X-15.697 Y2.493 Z38.98 E674.57563
G1 X-12.668 Y1.883 Z38.991 E676.02866
G1 X-9.9 Y1.471 Z39 E677.3447
G1 X-7.786 Y1.202 Z39.007 E678.34686
G1 X-6.359 Y0.943 Z39.011 E679.02889
G1 X-4.022 Y-0.041 Z39.02 E680.22135
G1 X-5.787 Y-2.05 Z39.029 E681.47894
G1 X-8.785 Y-3.49 Z39.039 E683.04299
G1 X-10.468 Y-4.312 Z39.046 E683.92381
G1 X-12.188 Y-5.202 Z39.052 E684.83454
G1 X-14.121 Y-6.288 Z39.059 E685.8772
G1 X-16.041 Y-7.504 Z39.067 E686.94597
G1 X-17.099 Y-8.266 Z39.071 E687.55912
G1 X-16.616 Y-8.143 Z39.073 E687.79351
G1 X-14.169 Y-7.218 Z39.081 E689.02372
G1 X-11.359 Y-5.925 Z39.091 E690.47836
G1 X-8.861 Y-4.618 Z39.101 E691.80416
G1 X-7.009 Y-3.599 Z39.108 E692.79822
G1 X-5.702 Y-2.952 Z39.112 E693.48405
G1 X-3.126 Y-2.356 Z39.121 E694.72746
G1 X-3.461 Y-5.066 Z39.13 E696.01158
G1 X-5.184 Y-8.191 Z39.142 E697.68973
G1 X-5.943 Y-9.606 Z39.147 E698.44485
G1 X-6.835 Y-11.37 Z39.153 E699.37442
G1 X-7.756 Y-13.36 Z39.161 E700.40562
G1 X-8.61 Y-15.496 Z39.168 E701.48742
G1 X-9.057 Y-16.859 Z39.173 E702.16198
G1 X-8.685 Y-16.411 Z39.175 E702.43582
G1 X-7.216 Y-14.166 Z39.184 E703.6975
G1 X-5.703 Y-11.458 Z39.194 E705.15627
G1 X-4.474 Y-8.979 Z39.203 E706.45747
G1 X-3.563 Y-7.027 Z39.21 E707.47048
G1 X-2.894 Y-5.726 Z39.215 E708.15844
G1 X-1.1 Y-3.651 Z39.224 E709.44838
G1 X0.194 Y-6.132 Z39.233 E710.76427
G1 X0.423 Y-8.103 Z39.239 E711.6974
G1 X0.598 Y-9.633 Z39.244 E712.4216
G1 X0.818 Y-11.291 Z39.25 E713.20814
G1 X1.12 Y-13.204 Z39.256 E714.1189
G1 X1.547 Y-15.388 Z39.264 E715.16541
G1 X2.098 Y-17.596 Z39.271 E716.2356
G1 X2.588 Y-19.109 Z39.276 E716.98349
G1 X2.631 Y-18.444 Z39.278 E717.29687
G1 X2.494 Y-15.704 Z39.287 E718.58701
G1 X2.12 Y-12.62 Z39.298 E720.04794
G1 X1.649 Y-9.871 Z39.307 E721.35954
G1 X1.24 Y-7.781 Z39.314 E722.36104
G1 X1.002 Y-6.331 Z39.319 E723.05205
G1 X1.245 Y-3.488 Z39.328 E724.39389
G1 X3.769 Y-4.835 Z39.337 E725.7393
G1 X6.016 Y-7.325 Z39.348 E727.31656
G1 X7.265 Y-8.653 Z39.354 E728.17389
G1 X8.657 Y-10.054 Z39.361 E729.10264
G1 X10.265 Y-11.56 Z39.368 E730.13869
G1 X12.014 Y-13.037 Z39.376 E731.21524
G1 X13.415 Y-14.054 Z39.381 E732.02937
G1 X13.013 Y-13.42 Z39.384 E732.3824
G1 X11.245 Y-11.229 Z39.393 E733.70637
G1 X9.149 Y-8.981 Z39.403 E735.15176
G1 X7.13 Y-7.015 Z39.412 E736.477
G1 X5.571 Y-5.57 Z39.419 E737.47664
G1 X4.513 Y-4.542 Z39.424 E738.17037
G1 X2.985 Y-2.016 Z39.434 E739.55869
G1 X5.892 Y-1.679 Z39.443 E740.9349
G1 X7.836 Y-2.112 Z39.45 E741.87151
G1 X9.379 Y-2.447 Z39.455 E742.61403
G1 X10.966 Y-2.754 Z39.46 E743.37418
G1 X12.91 Y-3.076 Z39.467 E744.30083
G1 X15.095 Y-3.355 Z39.474 E745.33671
G1 X17.392 Y-3.53 Z39.482 E746.42004
G1 X19.259 Y-3.528 Z39.488 E747.29803
G1 X18.482 Y-3.219 Z39.491 E747.69126
G1 X15.702 Y-2.473 Z39.5 E749.04485
;TIME_ELAPSED:263.322221
;LAYER:39
;TYPE:WALL-OUTER
;MESH:wavy.stl
G1 X12.839 Y-1.92 Z39.509 E750.41611
G1 X9.923 Y-1.491 Z39.518 E751.80217
G1 X7.704 Y-1.228 Z39.524 E752.85299
G1 X6.173 Y-.979 Z39.529 E753.58243
G1 X4.761 Y-.385 Z39.534 E754.30281
G1 X4.845 Y1.316 Z39.539 E755.10371
G1 X6.041 Y2.234 Z39.543 E755.81272
G1 X8.5 Y3.286 Z39.551 E757.07049
G1 X10.087 Y4.005 Z39.557 E757.88982
G1 X11.895 Y4.888 Z39.563 E758.83605
G1 X13.834 Y5.928 Z39.569 E759.87077
G1 X15.794 Y7.103 Z39.576 E760.94543
G1 X16.715 Y7.731 Z39.58 E761.46965
G1 X17.605 Y8.373 Z39.583 E761.98572
G1 X17.801 Y8.521 Z39.584 E762.10122
G1 X17.363 Y8.408 Z39.585 E762.31394
G1 X14.47 Y7.358 Z39.594 E763.76125
G1 X11.511 Y5.996 Z39.604 E765.2931
G1 X8.913 Y4.632 Z39.613 E766.673
G1 X6.955 Y3.535 Z39.62 E767.72845
G1 X5.573 Y2.831 Z39.624 E768.45782
G1 X4.078 Y2.497 Z39.629 E769.1782
G1 X3.127 Y3.914 Z39.634 E769.98073
G1 X3.575 Y5.356 Z39.639 E770.69083
G1 X4.97 Y7.668 Z39.647 E771.96067
G1 X5.827 Y9.153 Z39.652 E772.76696
G1 X6.779 Y10.934 Z39.658 E773.71665
G1 X7.744 Y12.908 Z39.665 E774.74994
G1 X8.641 Y15.004 Z39.672 E775.82209
G1 X9.025 Y16.066 Z39.675 E776.35316
G1 X9.371 Y17.1 Z39.678 E776.86591
G1 X9.486 Y17.498 Z39.68 E777.06074
G1 X9.092 Y17.015 Z39.681 E777.35386
G1 X7.384 Y14.473 Z39.691 E778.79406
G1 X5.784 Y11.613 Z39.701 E780.33519
G1 X4.475 Y8.959 Z39.71 E781.72682
G1 X3.551 Y6.946 Z39.716 E782.76843
G1 X2.849 Y5.561 Z39.721 E783.49864
G1 X1.829 Y4.417 Z39.725 E784.21941
G1 X0.215 Y5.001 Z39.731 E785.02658
G1 X-.253 Y6.437 Z39.735 E785.73684
G1 X-.462 Y9.084 Z39.743 E786.98551
G1 X-.642 Y10.848 Z39.749 E787.81936
G1 X-.91 Y12.85 Z39.755 E788.76923
G1 X-1.28 Y14.984 Z39.761 E789.78775
G1 X-1.785 Y17.237 Z39.768 E790.87355
G1 X-2.098 Y18.318 Z39.772 E791.40279
G1 X-2.419 Y19.357 Z39.775 E791.91419
G1 X-2.619 Y19.896 Z39.777 E792.18455
G1 X-2.662 Y19.104 Z39.779 E792.55754
G1 X-2.541 Y16.051 Z39.788 E793.99439
G1 X-2.15 Y12.797 Z39.798 E795.53565
G1 X-1.646 Y9.879 Z39.807 E796.9282
G1 X-1.209 Y7.708 Z39.814 E797.96963
G1 X-.956 Y6.173 Z39.818 E798.70122
G1 X-1.123 Y4.648 Z39.823 E799.42267
G1 X-2.775 Y4.155 Z39.828 E800.2334
G1 X-3.984 Y5.06 Z39.833 E800.9436
G1 X-5.715 Y7.106 Z39.841 E802.20392
G1 X-6.859 Y8.395 Z39.846 E803.0144
G1 X-8.251 Y9.869 Z39.852 E803.96781
G1 X-9.837 Y11.419 Z39.859 E805.01069
G1 X-11.541 Y12.927 Z39.866 E806.08076
G1 X-12.437 Y13.624 Z39.869 E806.61459
G1 X-13.312 Y14.288 Z39.872 E807.13114
G1 X-13.916 Y14.687 Z39.875 E807.47156
G1 X-13.398 Y13.887 Z39.877 E807.91975
G1 X-11.487 Y11.478 Z39.887 E809.36579
G1 X-9.263 Y9.088 Z39.897 E810.90107
G1 X-7.151 Y7.038 Z39.905 E812.2852
G1 X-5.508 Y5.526 Z39.912 E813.33524
G1 X-4.398 Y4.436 Z39.917 E814.06683
G1 X-3.646 Y3.101 Z39.921 E814.78738
G1 X-4.685 Y1.716 Z39.927 E815.6016
G1 X-6.197 Y1.755 Z39.931 E816.31288
G1 X-8.784 Y2.402 Z39.939 E817.56693
G1 X-10.524 Y2.795 Z39.945 E818.40581
G1 X-12.459 Y3.165 Z39.951 E819.33226
G1 X-14.651 Y3.494 Z39.957 E820.37463
G1 X-16.943 Y3.722 Z39.964 E821.45779
G1 X-18.07 Y3.762 Z39.968 E821.98812
G1 X-19.164 Y3.79 Z39.971 E822.50276
G1 X-20.055 Y3.749 Z39.974 E822.92221
G1 X-19.006 Y3.346 Z39.977 E823.45067
G1 X-16.048 Y2.53 Z39.986 E824.89368
G1 X-12.842 Y1.906 Z39.996 E826.42964
G1 X-9.923 Y1.49 Z40.005 E827.81622
G1 X-7.703 Y1.235 Z40.012 E828.86707
G1 X-6.16 Y1.009 Z40.016 E829.60043
G1 X-4.771 Y0.361 Z40.021 E830.32122
G1 X-4.787 Y-1.382 Z40.026 E831.14093
G1 X-6.047 Y-2.22 Z40.031 E831.85255
G1 X-8.535 Y-3.208 Z40.039 E833.11144
G1 X-10.14 Y-3.89 Z40.044 E833.93154
G1 X-11.969 Y-4.741 Z40.05 E834.8802
G1 X-13.93 Y-5.753 Z40.057 E835.91795
G1 X-15.916 Y-6.907 Z40.064 E836.99812
G1 X-16.856 Y-7.539 Z40.067 E837.53079
G1 X-17.763 Y-8.157 Z40.071 E838.04692
G1 X-18.583 Y-8.814 Z40.074 E838.54105
G1 X-17.344 Y-8.482 Z40.078 E839.14427
G1 X-14.457 Y-7.389 Z40.087 E840.59596
G1 X-11.505 Y-6.007 Z40.097 E842.12879
G1 X-8.912 Y-4.633 Z40.106 E843.5088
G1 X-6.958 Y-3.528 Z40.112 E844.56446
G1 X-5.58 Y-2.798 Z40.117 E845.2978
G1 X-4.072 Y-2.519 Z40.122 E846.019
G1 X-3.043 Y-3.933 Z40.127 E846.84139
G1 X-3.588 Y-5.348 Z40.132 E847.55447
G1 X-5.046 Y-7.622 Z40.14 E848.82478
G1 X-5.939 Y-9.094 Z40.145 E849.63443
G1 X-6.927 Y-10.858 Z40.151 E850.58524
G1 X-7.925 Y-12.823 Z40.158 E851.62166
G1 X-8.856 Y-14.916 Z40.164 E852.69891
G1 X-9.251 Y-15.994 Z40.168 E853.23882
G1 X-9.626 Y-17.017 Z40.171 E853.7512
G1 X-9.946 Y-18.194 Z40.175 E854.3248
G1 X-9.033 Y-17.063 Z40.179 E855.00834
G1 X-7.355 Y-14.492 Z40.189 E856.45212
G1 X-5.774 Y-11.62 Z40.198 E857.99385
G1 X-4.474 Y-8.959 Z40.207 E859.38657
G1 X-3.558 Y-6.943 Z40.214 E860.4279
G1 X-2.874 Y-5.539 Z40.219 E861.16234
G1 X-1.809 Y-4.433 Z40.223 E861.88439
G1 X-.133 Y-4.966 Z40.229 E862.71145
G1 X0.237 Y-6.438 Z40.233 E863.42522
G1 X0.377 Y-9.093 Z40.241 E864.67551
G1 X0.516 Y-10.863 Z40.247 E865.51044
G1 X0.746 Y-12.875 Z40.253 E866.46278
G1 X1.084 Y-15.022 Z40.259 E867.48488
G1 X1.561 Y-17.292 Z40.266 E868.57569
G1 X1.872 Y-18.393 Z40.27 E869.11372
G1 X2.164 Y-19.441 Z40.273 E869.62533
G1 X2.655 Y-20.732 Z40.277 E870.27487
G1 X2.738 Y-19.113 Z40.282 E871.03723
G1 X2.575 Y-16.049 Z40.291 E872.48016
G1 X2.164 Y-12.801 Z40.301 E874.01977
G1 X1.647 Y-9.879 Z40.31 E875.41523
G1 X1.202 Y-7.709 Z40.317 E876.45694
G1 X0.924 Y-6.17 Z40.321 E877.19239
G1 X1.147 Y-4.65 Z40.326 E877.91485
G1 X2.82 Y-4.08 Z40.331 E878.74601
G1 X3.973 Y-5.071 Z40.336 E879.46099
G1 X5.651 Y-7.162 Z40.344 E880.72179
G1 X6.767 Y-8.482 Z40.349 E881.53466
G1 X8.134 Y-9.985 Z40.355 E882.49009
G1 X9.7 Y-11.564 Z40.362 E883.5359
G1 X11.392 Y-13.104 Z40.369 E884.61182
G1 X12.298 Y-13.817 Z40.373 E885.15399
G1 X13.155 Y-14.505 Z40.376 E885.67081
G1 X14.436 Y-15.341 Z40.38 E886.39016
G1 X13.462 Y-13.846 Z40.386 E887.22925
G1 X11.513 Y-11.456 Z40.395 E888.67953
G1 X9.281 Y-9.088 Z40.405 E890.20983
G1 X7.152 Y-7.036 Z40.414 E891.60036
G1 X5.503 Y-5.531 Z40.421 E892.65025
G1 X4.369 Y-4.453 Z40.425 E893.38604
G1 X3.665 Y-3.089 Z40.43 E894.10788
G1 X4.676 Y-1.629 Z40.435 E894.94301
G1 X6.193 Y-1.77 Z40.44 E895.65948
G1 X8.766 Y-2.487 Z40.448 E896.91558
G1 X10.5 Y-2.921 Z40.453 E897.75617
G1 X12.432 Y-3.328 Z40.459 E898.68467
G1 X14.626 Y-3.692 Z40.466 E899.73053
G1 X16.926 Y-3.952 Z40.473 E900.81903
G1 X18.071 Y-3.998 Z40.476 E901.35792
G1 X19.165 Y-4.057 Z40.48 E901.87314
G1 X20.86 Y-3.972 Z40.485 E902.67124
G1 X19.035 Y-3.274 Z40.491 E903.59011
G1 X16.057 Y-2.496 Z40.5 E905.03756
;TIME_ELAPSED:271.730142
;LAYER:40
;TYPE:WALL-OUTER
;MESH:wavy.stl
G1 X13.161 Y-1.953 Z40.508 E906.42319
G1 X10.188 Y-1.525 Z40.516 E907.8357
G1 X7.91 Y-1.264 Z40.523 E908.91397
G1 X6.195 Y-1.044 Z40.527 E909.72709
G1 X4.715 Y1.06 Z40.534 E910.9368
G1 X6.697 Y2.44 Z40.541 E912.07254
G1 X8.409 Y3.07 Z40.546 E912.93041
G1 X9.784 Y3.612 Z40.55 E913.62545
G1 X11.721 Y4.451 Z40.556 E914.61813
G1 X13.763 Y5.448 Z40.562 E915.68676
G1 X15.8 Y6.576 Z40.569 E916.78176
G1 X17.69 Y7.792 Z40.575 E917.83863
G1 X17.934 Y7.955 Z40.576 E917.97662
G1 X19.264 Y9.019 Z40.58 E918.77759
G1 X19.279 Y9.032 E918.78693
G1 X19.352 Y9.097 E918.83289
G1 X19.318 Y9.095 Z40.581 E918.84892
G1 X17.868 Y8.702 Z40.585 E919.55541
G1 X14.858 Y7.584 Z40.594 E921.06539
G1 X11.794 Y6.161 Z40.603 E922.6541
G1 X9.117 Y4.748 Z40.611 E924.07761
G1 X7.141 Y3.63 Z40.617 E925.14527
G1 X5.621 Y2.802 Z40.622 E925.95925
G1 X3.121 Y3.578 Z40.629 E927.19025
G1 X3.995 Y5.903 Z40.636 E928.35832
G1 X4.807 Y7.106 Z40.64 E929.04086
G1 X5.813 Y8.657 Z40.645 E929.91024
G1 X6.892 Y10.467 Z40.651 E930.90118
G1 X7.967 Y12.469 Z40.657 E931.9698
G1 X8.963 Y14.588 Z40.664 E933.07088
G1 X9.784 Y16.682 Z40.67 E934.1286
G1 X9.885 Y16.961 Z40.671 E934.26814
G1 X10.346 Y18.603 Z40.675 E935.07017
G1 X10.354 Y18.648 E935.09166
G1 X10.398 Y18.86 Z40.676 E935.19348
G1 X10.34 Y18.811 E935.22919
G1 X9.323 Y17.544 Z40.681 E935.99322
G1 X7.553 Y14.87 Z40.689 E937.50124
G1 X5.918 Y11.924 Z40.699 E939.0857
G1 X4.596 Y9.226 Z40.707 E940.49861
G1 X3.642 Y7.135 Z40.713 E941.57944
G1 X2.897 Y5.573 Z40.718 E942.39327
G1 X0.394 Y4.646 Z40.725 E943.64847
G1 X-.223 Y7.124 Z40.732 E944.84937
G1 X-.269 Y8.576 Z40.736 E945.53254
G1 X-.361 Y10.435 Z40.741 E946.40783
G1 X-.543 Y12.521 Z40.747 E947.39253
G1 X-.843 Y14.781 Z40.753 E948.46466
G1 X-1.274 Y17.075 Z40.76 E949.56232
G1 X-1.834 Y19.257 Z40.766 E950.6217
G1 X-1.921 Y19.552 Z40.767 E950.76633
G1 X-2.507 Y21.158 Z40.772 E951.57029
G1 X-2.537 Y21.22 E951.60268
G1 X-2.675 Y21.523 Z40.773 E951.75925
G1 X-2.703 Y21.408 E951.81491
G1 X-2.787 Y19.671 Z40.778 E952.63272
G1 X-2.64 Y16.473 Z40.787 E954.13821
G1 X-2.229 Y13.14 Z40.796 E955.71748
G1 X-1.71 Y10.165 Z40.804 E957.13765
G1 X-1.252 Y7.912 Z40.81 E958.21883
G1 X-.938 Y6.208 Z40.815 E959.03365
G1 X-2.382 Y3.911 Z40.823 E960.30957
G1 X-4.358 Y5.64 Z40.83 E961.54432
G1 X-5.475 Y7.085 Z40.835 E962.40321
G1 X-6.394 Y8.229 Z40.839 E963.09328
G1 X-7.781 Y9.839 Z40.845 E964.09263
G1 X-9.343 Y11.493 Z40.851 E965.16247
G1 X-11.031 Y13.099 Z40.857 E966.25816
G1 X-12.776 Y14.55 Z40.863 E967.32541
G1 X-13.02 Y14.735 Z40.864 E967.4694
G1 X-14.426 Y15.694 Z40.869 E968.26976
G1 X-14.511 Y15.739 E968.31499
G1 X-14.904 Y15.962 Z40.87 E968.52748
G1 X-14.843 Y15.812 Z40.871 E968.60363
G1 X-13.832 Y14.272 Z40.876 E969.46996
G1 X-11.833 Y11.782 Z40.885 E970.97158
G1 X-9.514 Y9.3 Z40.894 E972.56896
G1 X-7.333 Y7.19 Z40.902 E973.99604
G1 X-5.664 Y5.663 Z40.909 E975.05985
G1 X-4.413 Y4.469 Z40.913 E975.8731
G1 X-4.151 Y1.717 Z40.921 E977.17312
G1 X-6.839 Y2.015 Z40.928 E978.44494
G1 X-8.23 Y2.427 Z40.932 E979.12717
G1 X-10.009 Y2.925 Z40.937 E979.99593
G1 X-12.054 Y3.416 Z40.943 E980.98496
G1 X-14.315 Y3.849 Z40.949 E982.06755
G1 X-16.623 Y4.162 Z40.956 E983.16286
G1 X-17 Y4.193 Z40.957 E983.34075
G1 X-18.874 Y4.318 Z40.962 E984.22398
G1 X-19.195 Y4.323 Z40.963 E984.37496
G1 X-20.901 Y4.282 Z40.968 E985.17746
G1 X-21.021 Y4.264 E985.23453
G1 X-21.587 Y4.2 Z40.97 E985.50239
G1 X-21.414 Y4.092 E985.5983
G1 X-19.586 Y3.403 Z40.975 E986.51698
G1 X-16.495 Y2.567 Z40.984 E988.0228
G1 X-13.166 Y1.928 Z40.994 E989.61689
G1 X-10.19 Y1.507 Z41.002 E991.03034
G1 X-7.912 Y1.248 Z41.008 E992.10851
G1 X-6.198 Y1.017 Z41.013 E992.92183
G1 X-4.282 Y-1.049 Z41.021 E994.2469
G1 X-6.72 Y-2.378 Z41.028 E995.55268
G1 X-8.442 Y-2.982 Z41.033 E996.41085
G1 X-9.831 Y-3.496 Z41.037 E997.10734
G1 X-11.789 Y-4.299 Z41.043 E998.10254
G1 X-13.856 Y-5.261 Z41.049 E999.1747
G1 X-15.921 Y-6.362 Z41.056 E1000.27521
G1 X-17.843 Y-7.557 Z41.062 E1001.33952
G1 X-18.104 Y-7.744 Z41.063 E1001.49051
G1 X-19.469 Y-8.776 Z41.068 E1002.29523
G1 X-19.572 Y-8.876 E1002.36274
G1 X-20.077 Y-9.34 Z41.07 E1002.68525
G1 X-19.829 Y-9.322 E1002.80218
G1 X-17.848 Y-8.776 Z41.076 E1003.76852
G1 X-14.842 Y-7.623 Z41.085 E1005.28256
G1 X-11.782 Y-6.185 Z41.094 E1006.87254
G1 X-9.109 Y-4.763 Z41.103 E1008.29637
G1 X-7.133 Y-3.643 Z41.109 E1009.3645
G1 X-5.608 Y-2.824 Z41.114 E1010.17854
G1 X-2.778 Y-3.314 Z41.121 E1011.52919
G1 X-4.051 Y-5.866 Z41.129 E1012.87033
G1 X-4.881 Y-7.057 Z41.133 E1013.55301
G1 X-5.919 Y-8.591 Z41.138 E1014.42403
G1 X-7.036 Y-10.385 Z41.144 E1015.41785
G1 X-8.152 Y-12.373 Z41.15 E1016.48998
G1 X-9.187 Y-14.487 Z41.157 E1017.59687
G1 X-10.047 Y-16.581 Z41.163 E1018.66142
G1 X-10.147 Y-16.891 Z41.164 E1018.8146
G1 X-10.654 Y-18.522 Z41.169 E1019.61781
G1 X-10.682 Y-18.693 E1019.69929
G1 X-10.842 Y-19.482 Z41.171 E1020.07789
G1 X-10.624 Y-19.298 Z41.172 E1020.21204
G1 X-9.263 Y-17.592 Z41.178 E1021.23834
G1 X-7.517 Y-14.893 Z41.187 E1022.75001
G1 X-5.895 Y-11.936 Z41.196 E1024.33605
G1 X-4.579 Y-9.234 Z41.204 E1025.74941
G1 X-3.627 Y-7.141 Z41.211 E1026.83071
G1 X-2.873 Y-5.584 Z41.215 E1027.64425
G1 X-.271 Y-4.229 Z41.223 E1029.02385
G1 X0.156 Y-7.127 Z41.232 E1030.4014
G1 X0.181 Y-8.58 Z41.236 E1031.08479
G1 X0.236 Y-10.452 Z41.241 E1031.96551
G1 X0.377 Y-12.539 Z41.246 E1032.94919
G1 X0.637 Y-14.812 Z41.253 E1034.02508
G1 X1.033 Y-17.124 Z41.259 E1035.12816
G1 X1.563 Y-19.329 Z41.265 E1036.19463
G1 X1.669 Y-19.649 Z41.266 E1036.35316
G1 X2.213 Y-21.278 Z41.271 E1037.16081
G1 X2.299 Y-21.451 E1037.25166
G1 X2.682 Y-22.287 Z41.274 E1037.6841
G1 X2.76 Y-21.966 Z41.275 E1037.83945
G1 X2.863 Y-19.675 Z41.281 E1038.91792
G1 X2.682 Y-16.47 Z41.29 E1040.42752
G1 X2.255 Y-13.136 Z41.299 E1042.00819
G1 X1.727 Y-10.161 Z41.308 E1043.4291
G1 X1.267 Y-7.908 Z41.314 E1044.51046
G1 X0.964 Y-6.203 Z41.319 E1045.32483
G1 X2.238 Y-3.504 Z41.327 E1046.72837
G1 X4.306 Y-5.682 Z41.335 E1048.14076
G1 X5.401 Y-7.143 Z41.34 E1048.99937
G1 X6.298 Y-8.309 Z41.344 E1049.69118
G1 X7.657 Y-9.951 Z41.35 E1050.69353
G1 X9.195 Y-11.64 Z41.356 E1051.76777
G1 X10.868 Y-13.282 Z41.363 E1052.87015
G1 X12.599 Y-14.768 Z41.369 E1053.94299
G1 X12.873 Y-14.962 Z41.37 E1054.10087
G1 X14.256 Y-15.963 Z41.374 E1054.90373
G1 X14.454 Y-16.065 Z41.375 E1055.00847
G1 X15.359 Y-16.577 Z41.378 E1055.49745
G1 X15.217 Y-16.23 Z41.379 E1055.67376
G1 X13.896 Y-14.23 Z41.386 E1056.80094
G1 X11.866 Y-11.755 Z41.394 E1058.30626
G1 X9.533 Y-9.282 Z41.404 E1059.90507
G1 X7.355 Y-7.186 Z41.412 E1061.32656
G1 X5.674 Y-5.652 Z41.418 E1062.39675
G1 X4.431 Y-4.45 Z41.423 E1063.2099
G1 X3.793 Y-1.471 Z41.431 E1064.64259
G1 X6.821 Y-2.079 Z41.44 E1066.09497
G1 X8.206 Y-2.514 Z41.444 E1066.77766
G1 X9.979 Y-3.046 Z41.449 E1067.64817
G1 X12.02 Y-3.579 Z41.455 E1068.64017
G1 X14.281 Y-4.055 Z41.461 E1069.72675
G1 X16.596 Y-4.407 Z41.467 E1070.82792
G1 X16.991 Y-4.435 Z41.469 E1071.01415
G1 X18.86 Y-4.598 Z41.474 E1071.89641
G1 X19.209 Y-4.592 Z41.475 E1072.06056
G1 X20.919 Y-4.6 Z41.479 E1072.86472
G1 X21.166 Y-4.562 Z41.48 E1072.98224
G1 X22.316 Y-4.43 Z41.483 E1073.5266
G1 X21.962 Y-4.21 Z41.484 E1073.7226
G1 X19.613 Y-3.331 Z41.491 E1074.90206
G1 X16.506 Y-2.526 Z41.5 E1076.41142
;TIME_ELAPSED:280.960152
;LAYER:41
;TYPE:WALL-OUTER
;MESH:wavy.stl
G1 X13.628 Y-1.989 Z41.508 E1077.78821
G1 X10.622 Y-1.549 Z41.516 E1079.21689
G1 X8.384 Y-1.284 Z41.522 E1080.2767
G1 X6.122 Y-.918 Z41.528 E1081.35427
G1 X5.606 Y1.806 Z41.535 E1082.65805
G1 X7.766 Y2.655 Z41.541 E1083.74948
G1 X9.425 Y3.224 Z41.546 E1084.57426
G1 X11.438 Y3.987 Z41.552 E1085.58662
G1 X13.672 Y4.954 Z41.558 E1086.73139
G1 X15.84 Y6.047 Z41.565 E1087.87317
G1 X17.83 Y7.225 Z41.571 E1088.96067
G1 X19.526 Y8.431 Z41.576 E1089.93933
G1 X20.724 Y9.508 Z41.58 E1090.6969
G1 X20.781 Y9.572 Z41.581 E1090.7372
G1 X20.691 Y9.565 E1090.77965
G1 X18.324 Y8.987 Z41.587 E1091.92548
G1 X15.285 Y7.845 Z41.596 E1093.45219
G1 X12.194 Y6.412 Z41.605 E1095.05439
G1 X9.517 Y5.006 Z41.613 E1096.47637
G1 X7.537 Y3.896 Z41.619 E1097.54383
G1 X5.494 Y2.865 Z41.625 E1098.61999
G1 X3.491 Y4.748 Z41.632 E1099.91281
G1 X4.739 Y6.7 Z41.639 E1101.00234
G1 X5.74 Y8.12 Z41.643 E1101.81936
G1 X6.938 Y9.933 Z41.649 E1102.84127
G1 X8.181 Y12.019 Z41.655 E1103.9832
G1 X9.307 Y14.184 Z41.662 E1105.13079
G1 X10.236 Y16.314 Z41.668 E1106.22359
G1 X10.899 Y18.267 Z41.673 E1107.19349
G1 X11.248 Y19.871 Z41.678 E1107.96545
G1 X11.265 Y20.061 E1108.05516
G1 X11.112 Y19.929 Z41.679 E1108.15018
G1 X9.534 Y18.053 Z41.685 E1109.303
G1 X7.748 Y15.339 Z41.694 E1110.83087
G1 X6.093 Y12.362 Z41.703 E1112.43264
G1 X4.742 Y9.626 Z41.711 E1113.8676
G1 X3.8 Y7.583 Z41.717 E1114.92556
G1 X2.755 Y5.557 Z41.723 E1115.99759
G1 X0.052 Y5.896 Z41.73 E1117.27868
G1 X-0.083 Y8.205 Z41.736 E1118.36637
G1 X-.104 Y9.943 Z41.741 E1119.18375
G1 X-.194 Y12.143 Z41.747 E1120.2192
G1 X-.404 Y14.533 Z41.753 E1121.34747
G1 X-.756 Y16.943 Z41.76 E1122.49283
G1 X-1.25 Y19.222 Z41.766 E1123.58946
G1 X-1.861 Y21.21 Z41.771 E1124.56751
G1 X-2.522 Y22.727 Z41.776 E1125.34568
G1 X-2.675 Y22.982 E1125.48553
G1 X-2.746 Y22.677 Z41.777 E1125.63279
G1 X-2.914 Y20.2 Z41.784 E1126.80032
G1 X-2.758 Y16.962 Z41.792 E1128.3248
G1 X-2.345 Y13.573 Z41.801 E1129.93032
G1 X-1.828 Y10.573 Z41.81 E1131.36192
G1 X-1.391 Y8.367 Z41.815 E1132.41948
G1 X-1.048 Y6.125 Z41.821 E1133.48608
G1 X-3.404 Y4.805 Z41.829 E1134.75607
G1 X-4.876 Y6.601 Z41.835 E1135.8481
G1 X-5.911 Y7.999 Z41.839 E1136.6661
G1 X-7.276 Y9.736 Z41.845 E1137.70499
G1 X-8.832 Y11.538 Z41.852 E1138.82461
G1 X-10.545 Y13.306 Z41.858 E1139.98229
G1 X-12.275 Y14.86 Z41.864 E1141.07588
G1 X-13.935 Y16.118 Z41.87 E1142.05536
G1 X-15.374 Y16.972 Z41.874 E1142.84227
G1 X-15.746 Y17.129 Z41.875 E1143.03215
G1 X-15.579 Y16.735 Z41.876 E1143.23339
G1 X-14.251 Y14.634 Z41.883 E1144.40224
G1 X-12.204 Y12.091 Z41.892 E1145.93743
G1 X-9.884 Y9.603 Z41.901 E1147.5372
G1 X-7.72 Y7.496 Z41.909 E1148.95755
G1 X-6.048 Y5.947 Z41.915 E1150.02941
G1 X-4.459 Y4.336 Z41.921 E1151.09352
G1 X-5.578 Y1.905 Z41.928 E1152.35204
G1 X-7.818 Y2.496 Z41.934 E1153.44148
G1 X-9.505 Y3.029 Z41.939 E1154.27347
G1 X-11.583 Y3.626 Z41.944 E1155.29021
G1 X-13.913 Y4.182 Z41.951 E1156.4167
G1 X-16.342 Y4.615 Z41.957 E1157.57698
G1 X-18.664 Y4.865 Z41.963 E1158.67524
G1 X-20.755 Y4.913 Z41.969 E1159.65883
G1 X-22.434 Y4.762 Z41.973 E1160.45159
G1 X-22.93 Y4.646 Z41.975 E1160.69114
G1 X-22.467 Y4.368 Z41.976 E1160.9451
G1 X-20.131 Y3.449 Z41.983 E1162.1256
G1 X-16.996 Y2.604 Z41.991 E1163.65249
G1 X-13.635 Y1.953 Z42 E1165.26243
G1 X-10.626 Y1.517 Z42.008 E1166.69224
G1 X-8.388 Y1.248 Z42.014 E1167.75227
G1 X-6.159 Y0.875 Z42.02 E1168.81507
G1 X-5.644 Y-1.723 Z42.027 E1170.06059
G1 X-7.799 Y-2.558 Z42.034 E1171.14743
G1 X-9.465 Y-3.109 Z42.038 E1171.97263
G1 X-11.496 Y-3.84 Z42.044 E1172.98772
G1 X-13.755 Y-4.77 Z42.05 E1174.13655
G1 X-15.954 Y-5.827 Z42.057 E1175.28393
G1 X-17.979 Y-6.979 Z42.063 E1176.37953
G1 X-19.713 Y-8.173 Z42.069 E1177.36959
G1 X-21.003 Y-9.291 Z42.073 E1178.17236
G1 X-21.405 Y-9.757 Z42.075 E1178.46177
G1 X-20.758 Y-9.699 Z42.077 E1178.76726
G1 X-18.305 Y-9.056 Z42.083 E1179.95979
G1 X-15.267 Y-7.889 Z42.092 E1181.49024
G1 X-12.178 Y-6.445 Z42.101 E1183.09377
G1 X-9.509 Y-5.038 Z42.109 E1184.51263
G1 X-7.518 Y-3.927 Z42.115 E1185.58484
G1 X-5.499 Y-2.922 Z42.121 E1186.64543
G1 X-3.57 Y-4.703 Z42.128 E1187.88009
G1 X-4.824 Y-6.641 Z42.134 E1188.96562
G1 X-5.848 Y-8.06 Z42.139 E1189.78853
G1 X-7.072 Y-9.847 Z42.144 E1190.80713
G1 X-8.357 Y-11.917 Z42.151 E1191.95289
G1 X-9.528 Y-14.074 Z42.157 E1193.10709
G1 X-10.501 Y-16.203 Z42.163 E1194.20789
G1 X-11.203 Y-18.168 Z42.169 E1195.18916
G1 X-11.603 Y-19.861 Z42.174 E1196.00724
G1 X-11.661 Y-20.577 Z42.176 E1196.34505
G1 X-11.086 Y-20.076 Z42.178 E1196.7037
G1 X-9.478 Y-18.097 Z42.184 E1197.90284
G1 X-7.709 Y-15.364 Z42.193 E1199.43382
G1 X-6.061 Y-12.379 Z42.202 E1201.03729
G1 X-4.713 Y-9.639 Z42.21 E1202.47331
G1 X-3.767 Y-7.598 Z42.216 E1203.53121
G1 X-2.726 Y-5.605 Z42.222 E1204.5886
G1 X-.143 Y-5.906 Z42.229 E1205.81151
G1 X-0.02 Y-8.206 Z42.235 E1206.89467
G1 X-0.018 Y-9.946 Z42.24 E1207.71293
G1 X0.036 Y-12.152 Z42.245 E1208.75065
G1 X0.203 Y-14.555 Z42.252 E1209.88342
G1 X0.512 Y-16.986 Z42.258 E1211.03583
G1 X0.971 Y-19.288 Z42.264 E1212.13969
G1 X1.557 Y-21.308 Z42.27 E1213.1288
G1 X2.228 Y-22.925 Z42.275 E1213.95209
G1 X2.658 Y-23.633 Z42.277 E1214.34163
G1 X2.854 Y-22.783 Z42.279 E1214.75185
G1 X2.985 Y-20.206 Z42.286 E1215.96529
G1 X2.805 Y-16.961 Z42.295 E1217.49364
G1 X2.381 Y-13.576 Z42.304 E1219.09793
G1 X1.861 Y-10.57 Z42.312 E1220.53255
G1 X1.427 Y-8.36 Z42.318 E1221.59168
G1 X1.102 Y-6.148 Z42.324 E1222.64308
G1 X3.336 Y-4.867 Z42.33 E1223.85411
G1 X4.793 Y-6.662 Z42.337 E1224.94132
G1 X5.814 Y-8.072 Z42.341 E1225.75998
G1 X7.154 Y-9.837 Z42.347 E1226.8021
G1 X8.682 Y-11.674 Z42.353 E1227.92577
G1 X10.372 Y-13.482 Z42.36 E1229.08961
G1 X12.088 Y-15.078 Z42.366 E1230.19167
G1 X13.747 Y-16.376 Z42.372 E1231.18225
G1 X15.254 Y-17.305 Z42.376 E1232.01478
G1 X16.115 Y-17.665 Z42.379 E1232.45365
G1 X15.727 Y-16.755 Z42.382 E1232.91887
G1 X14.31 Y-14.595 Z42.388 E1234.13371
G1 X12.24 Y-12.061 Z42.397 E1235.67242
G1 X9.91 Y-9.578 Z42.406 E1237.27369
G1 X7.742 Y-7.473 Z42.414 E1238.69473
G1 X6.072 Y-5.919 Z42.42 E1239.7675
G1 X4.515 Y-4.323 Z42.426 E1240.81604
G1 X5.559 Y-1.994 Z42.433 E1242.01629
G1 X7.788 Y-2.594 Z42.439 E1243.10183
G1 X9.47 Y-3.147 Z42.444 E1243.93447
G1 X11.543 Y-3.78 Z42.449 E1244.95376
G1 X13.872 Y-4.38 Z42.456 E1246.08477
G1 X16.305 Y-4.86 Z42.462 E1247.25098
G1 X18.64 Y-5.151 Z42.468 E1248.35755
G1 X20.754 Y-5.232 Z42.474 E1249.35242
G1 X22.534 Y-5.102 Z42.479 E1250.19172
G1 X23.544 Y-4.863 Z42.482 E1250.67981
G1 X22.6 Y-4.297 Z42.484 E1251.19742
G1 X20.156 Y-3.381 Z42.491 E1252.42482
G1 X17.008 Y-2.557 Z42.5 E1253.95509
;TIME_ELAPSED:290.530128
;LAYER:42
;TYPE:WALL-OUTER
;MESH:wavy.stl
G1 X14.174 Y-2.018 Z42.507 E1255.31171
G1 X11.261 Y-1.576 Z42.515 E1256.69727
G1 X9.073 Y-1.295 Z42.521 E1257.73467
G1 X6.11 Y-.445 Z42.529 E1259.18426
G1 X7.429 Y2.303 Z42.537 E1260.61771
G1 X9.174 Y2.888 Z42.541 E1261.48321
G1 X11.098 Y3.538 Z42.546 E1262.43823
G1 X13.393 Y4.413 Z42.553 E1263.59328
G1 X15.747 Y5.464 Z42.559 E1264.8056
G1 X16.941 Y6.089 Z42.563 E1265.43938
G1 X17.905 Y6.616 Z42.566 E1265.95603
G1 X18.889 Y7.246 Z42.569 E1266.50549
G1 X19.708 Y7.791 Z42.571 E1266.96812
G1 X20.441 Y8.375 Z42.574 E1267.40885
G1 X21.082 Y8.911 Z42.576 E1267.80179
G1 X21.969 Y9.876 Z42.579 E1268.41818
G1 X22.006 Y9.931 E1268.44935
G1 X21.999 Y9.933 E1268.45277
G1 X21.224 Y9.864 Z42.581 E1268.81867
G1 X18.718 Y9.243 Z42.588 E1270.0328
G1 X15.692 Y8.107 Z42.596 E1271.5528
G1 X12.671 Y6.718 Z42.605 E1273.11644
G1 X10.015 Y5.345 Z42.613 E1274.52249
G1 X8.097 Y4.297 Z42.618 E1275.55032
G1 X5.198 Y3.224 Z42.626 E1277.004
G1 X4.681 Y6.216 Z42.634 E1278.43189
G1 X5.746 Y7.714 Z42.639 E1279.29623
G1 X6.919 Y9.362 Z42.644 E1280.2475
G1 X8.281 Y11.434 Z42.65 E1281.41355
G1 X9.566 Y13.65 Z42.657 E1282.61819
G1 X10.172 Y14.865 Z42.661 E1283.25669
G1 X10.653 Y15.865 Z42.663 E1283.77853
G1 X11.077 Y16.945 Z42.666 E1284.32415
G1 X11.426 Y17.864 Z42.669 E1284.78644
G1 X11.676 Y18.776 Z42.671 E1285.23115
G1 X11.884 Y19.583 Z42.674 E1285.62305
G1 X12.039 Y20.895 Z42.677 E1286.24433
G1 X12.031 Y21.045 E1286.31497
G1 X12.015 Y21.039 E1286.32301
G1 X11.361 Y20.467 Z42.68 E1286.7316
G1 X9.702 Y18.486 Z42.686 E1287.94673
G1 X7.927 Y15.792 Z42.695 E1289.46389
G1 X6.283 Y12.866 Z42.703 E1291.0422
G1 X4.953 Y10.214 Z42.711 E1292.4374
G1 X4.015 Y8.241 Z42.717 E1293.46475
G1 X2.31 Y5.651 Z42.725 E1294.92296
G1 X0.164 Y7.781 Z42.732 E1296.34486
G1 X0.14 Y9.618 Z42.737 E1297.20881
G1 X0.124 Y11.64 Z42.742 E1298.15972
G1 X0.017 Y14.114 Z42.749 E1299.32424
G1 X-.236 Y16.679 Z42.755 E1300.53633
G1 X-.459 Y18.013 Z42.759 E1301.17237
G1 X-.65 Y19.095 Z42.762 E1301.68906
G1 X-.943 Y20.236 Z42.765 E1302.24304
G1 X-1.197 Y21.187 Z42.767 E1302.70594
G1 X-1.531 Y22.076 Z42.77 E1303.15254
G1 X-1.836 Y22.861 Z42.772 E1303.54858
G1 X-2.478 Y24.014 Z42.775 E1304.16919
G1 X-2.63 Y24.201 Z42.776 E1304.28251
G1 X-2.645 Y24.178 E1304.29543
G1 X-2.859 Y23.24 Z42.778 E1304.74787
G1 X-3.03 Y20.654 Z42.785 E1305.96663
G1 X-2.88 Y17.431 Z42.793 E1307.48394
G1 X-2.49 Y14.111 Z42.802 E1309.05595
G1 X-2.01 Y11.191 Z42.81 E1310.44756
G1 X-1.608 Y9.024 Z42.815 E1311.48401
G1 X-1.449 Y5.926 Z42.823 E1312.94281
G1 X-4.417 Y6.405 Z42.831 E1314.35662
G1 X-5.519 Y7.878 Z42.836 E1315.22172
G1 X-6.729 Y9.523 Z42.841 E1316.18204
G1 X-8.252 Y11.449 Z42.847 E1317.33673
G1 X-9.956 Y13.378 Z42.854 E1318.54712
G1 X-11.722 Y15.115 Z42.86 E1319.71201
G1 X-12.623 Y15.862 Z42.863 E1320.2624
G1 X-13.384 Y16.487 Z42.866 E1320.7255
G1 X-14.182 Y17.014 Z42.868 E1321.17522
G1 X-14.883 Y17.471 Z42.871 E1321.56874
G1 X-16.094 Y18.038 Z42.874 E1322.19756
G1 X-16.405 Y18.12 Z42.875 E1322.34882
G1 X-16.403 Y18.083 E1322.36624
G1 X-15.99 Y17.115 Z42.878 E1322.86116
G1 X-14.605 Y14.926 Z42.884 E1324.07931
G1 X-12.58 Y12.4 Z42.893 E1325.60179
G1 X-10.317 Y9.949 Z42.901 E1327.17057
G1 X-8.211 Y7.868 Z42.909 E1328.56289
G1 X-6.613 Y6.348 Z42.915 E1329.60004
G1 X-4.644 Y3.936 Z42.923 E1331.06427
G1 X-7.333 Y2.616 Z42.93 E1332.47296
G1 X-9.086 Y3.155 Z42.935 E1333.33542
G1 X-11.056 Y3.786 Z42.94 E1334.30821
G1 X-13.382 Y4.445 Z42.947 E1335.4451
G1 X-15.914 Y5.018 Z42.953 E1336.66592
G1 X-17.261 Y5.228 Z42.957 E1337.30702
G1 X-18.351 Y5.393 Z42.96 E1337.82545
G1 X-19.533 Y5.47 Z42.963 E1338.38248
G1 X-20.514 Y5.534 Z42.965 E1338.84479
G1 X-21.478 Y5.49 Z42.968 E1339.2986
G1 X-22.317 Y5.455 Z42.97 E1339.6935
G1 X-23.642 Y5.202 Z42.973 E1340.32786
G1 X-24.017 Y5.055 Z42.974 E1340.51727
G1 X-23.988 Y5.02 E1340.53865
G1 X-23.004 Y4.431 Z42.977 E1341.07795
G1 X-20.594 Y3.48 Z42.984 E1342.29634
G1 X-17.481 Y2.632 Z42.992 E1343.81362
G1 X-14.182 Y1.975 Z43.001 E1345.39549
G1 X-11.267 Y1.53 Z43.009 E1346.7822
G1 X-9.08 Y1.237 Z43.014 E1347.81986
G1 X-6.057 Y0.455 Z43.022 E1349.28827
G1 X-7.481 Y-2.168 Z43.03 E1350.69183
G1 X-9.214 Y-2.765 Z43.035 E1351.5538
G1 X-11.147 Y-3.397 Z43.04 E1352.51017
G1 X-13.462 Y-4.239 Z43.046 E1353.66861
G1 X-15.845 Y-5.253 Z43.053 E1354.88649
G1 X-17.061 Y-5.872 Z43.057 E1355.52816
G1 X-18.039 Y-6.373 Z43.059 E1356.04491
G1 X-19.049 Y-7.008 Z43.063 E1356.60596
G1 X-19.886 Y-7.531 Z43.065 E1357.07009
G1 X-20.645 Y-8.136 Z43.068 E1357.52654
G1 X-21.301 Y-8.653 Z43.07 E1357.91932
G1 X-22.239 Y-9.644 Z43.073 E1358.56101
G1 X-22.499 Y-10.051 Z43.075 E1358.78813
G1 X-22.445 Y-10.066 E1358.81449
G1 X-21.215 Y-9.955 Z43.078 E1359.39526
G1 X-18.701 Y-9.301 Z43.085 E1360.61686
G1 X-15.674 Y-8.152 Z43.093 E1362.13946
G1 X-12.652 Y-6.758 Z43.101 E1363.70451
G1 X-9.994 Y-5.386 Z43.109 E1365.11117
G1 X-8.069 Y-4.348 Z43.115 E1366.13965
G1 X-5.16 Y-3.184 Z43.123 E1367.61311
G1 X-4.803 Y-6.136 Z43.131 E1369.01145
G1 X-5.851 Y-7.637 Z43.135 E1369.87234
G1 X-7.041 Y-9.277 Z43.14 E1370.82522
G1 X-8.439 Y-11.334 Z43.147 E1371.99481
G1 X-9.77 Y-13.537 Z43.154 E1373.20521
G1 X-10.396 Y-14.76 Z43.157 E1373.85131
G1 X-10.904 Y-15.748 Z43.16 E1374.37375
G1 X-11.346 Y-16.846 Z43.163 E1374.93037
G1 X-11.72 Y-17.757 Z43.166 E1375.39348
G1 X-11.981 Y-18.702 Z43.168 E1375.85452
G1 X-12.213 Y-19.502 Z43.17 E1376.24623
G1 X-12.394 Y-20.867 Z43.174 E1376.89376
G1 X-12.36 Y-21.433 Z43.175 E1377.16041
G1 X-12.298 Y-21.41 E1377.19151
G1 X-11.299 Y-20.537 Z43.179 E1377.81541
G1 X-9.654 Y-18.524 Z43.185 E1379.03794
G1 X-7.886 Y-15.818 Z43.194 E1380.55801
G1 X-6.244 Y-12.887 Z43.202 E1382.13792
G1 X-4.921 Y-10.252 Z43.21 E1383.52449
G1 X-3.963 Y-8.265 Z43.216 E1384.56184
G1 X-2.304 Y-5.599 Z43.224 E1386.03849
G1 X-.308 Y-7.788 Z43.231 E1387.4316
G1 X-.271 Y-9.617 Z43.236 E1388.29189
G1 X-.274 Y-11.643 Z43.241 E1389.24465
G1 X-.204 Y-14.128 Z43.248 E1390.41372
G1 X0.006 Y-16.708 Z43.254 E1391.63102
G1 X0.215 Y-18.06 Z43.258 E1392.27437
G1 X0.378 Y-19.148 Z43.261 E1392.79173
G1 X0.667 Y-20.315 Z43.264 E1393.35711
G1 X0.895 Y-21.274 Z43.266 E1393.82066
G1 X1.241 Y-22.195 Z43.269 E1394.28333
G1 X1.523 Y-22.989 Z43.271 E1394.67958
G1 X2.175 Y-24.2 Z43.275 E1395.32636
G1 X2.592 Y-24.707 Z43.276 E1395.63507
G1 X2.634 Y-24.643 Z43.277 E1395.67107
G1 X2.949 Y-23.26 Z43.28 E1396.33811
G1 X3.091 Y-20.661 Z43.287 E1397.56215
G1 X2.928 Y-17.428 Z43.295 E1399.08445
G1 X2.534 Y-14.105 Z43.304 E1400.65809
G1 X2.055 Y-11.183 Z43.312 E1402.05054
G1 X1.665 Y-9.012 Z43.317 E1403.08783
G1 X1.423 Y-5.881 Z43.325 E1404.56462
G1 X4.305 Y-6.497 Z43.333 E1405.95054
G1 X5.413 Y-7.954 Z43.338 E1406.81134
G1 X6.61 Y-9.613 Z43.343 E1407.77338
G1 X8.108 Y-11.568 Z43.349 E1408.93161
G1 X9.786 Y-13.536 Z43.356 E1410.14784
G1 X11.532 Y-15.318 Z43.362 E1411.32106
G1 X12.446 Y-16.088 Z43.365 E1411.88308
G1 X13.19 Y-16.734 Z43.368 E1412.34644
G1 X14.018 Y-17.28 Z43.371 E1412.81286
G1 X14.704 Y-17.759 Z43.373 E1413.20632
G1 X15.958 Y-18.366 Z43.376 E1413.86149
G1 X16.672 Y-18.551 Z43.378 E1414.20834
G1 X16.668 Y-18.467 E1414.24789
G1 X16.074 Y-17.078 Z43.382 E1414.95831
G1 X14.655 Y-14.892 Z43.389 E1416.18391
G1 X12.617 Y-12.369 Z43.397 E1417.70912
G1 X10.349 Y-9.919 Z43.406 E1419.27915
G1 X8.243 Y-7.835 Z43.414 E1420.67246
G1 X6.652 Y-6.306 Z43.419 E1421.71015
G1 X4.594 Y-3.913 Z43.427 E1423.19442
G1 X7.296 Y-2.756 Z43.435 E1424.57667
G1 X9.046 Y-3.278 Z43.44 E1425.43547
G1 X11.012 Y-3.929 Z43.445 E1426.40938
G1 X13.335 Y-4.626 Z43.451 E1427.54992
G1 X15.869 Y-5.246 Z43.458 E1428.77672
G1 X17.23 Y-5.475 Z43.462 E1429.42575
G1 X18.317 Y-5.67 Z43.464 E1429.94509
G1 X19.523 Y-5.757 Z43.468 E1430.5137
G1 X20.503 Y-5.849 Z43.47 E1430.97659
G1 X21.502 Y-5.802 Z43.473 E1431.4469
G1 X22.342 Y-5.791 Z43.475 E1431.84196
G1 X23.725 Y-5.547 Z43.478 E1432.50238
G1 X24.486 Y-5.248 Z43.481 E1432.88689
G1 X24.428 Y-5.174 E1432.9311
G1 X23.051 Y-4.352 Z43.485 E1433.68526
G1 X20.615 Y-3.424 Z43.492 E1434.91114
G1 X17.493 Y-2.585 Z43.5 E1436.4314
;TIME_ELAPSED:300.344289
;LAYER:43
;TYPE:WALL-OUTER
;MESH:wavy.stl
G1 X14.744 Y-2.041 Z43.507 E1437.74923
G1 X9.888 Y-1.29 Z43.52 E1440.05998
G1 X8.074 Y-.935 Z43.525 E1440.92923
G1 X7.262 Y1.562 Z43.532 E1442.16401
G1 X9.054 Y2.57 Z43.538 E1443.1309
G1 X10.8 Y3.132 Z43.542 E1443.99347
G1 X12.956 Y3.87 Z43.548 E1445.06511
G1 X15.397 Y4.825 Z43.555 E1446.29776
G1 X17.761 Y5.937 Z43.562 E1447.52632
G1 X19.755 Y7.094 Z43.568 E1448.61045
G1 X20.055 Y7.275 Z43.569 E1448.77521
G1 X21.235 Y8.188 Z43.573 E1449.47684
G1 X21.434 Y8.341 Z43.574 E1449.59488
G1 X22.207 Y9.111 Z43.577 E1450.10797
G1 X22.796 Y9.882 Z43.579 E1450.56424
G1 X22.958 Y10.153 Z43.58 E1450.71272
G1 X22.922 Y10.162 E1450.73017
G1 X21.422 Y10.059 Z43.584 E1451.43723
G1 X18.976 Y9.436 Z43.591 E1452.62422
G1 X16.068 Y8.354 Z43.599 E1454.08335
G1 X13.132 Y7.029 Z43.607 E1455.59814
G1 X8.752 Y4.784 Z43.62 E1457.91271
G1 X7.068 Y4.03 Z43.625 E1458.78039
G1 X5.03 Y5.536 Z43.632 E1459.97207
G1 X5.842 Y7.381 Z43.637 E1460.92003
G1 X6.921 Y8.863 Z43.642 E1461.78211
G1 X8.226 Y10.712 Z43.648 E1462.84639
G1 X9.659 Y12.939 Z43.655 E1464.09175
G1 X10.922 Y15.218 Z43.662 E1465.31706
G1 X11.142 Y15.637 Z43.663 E1465.53961
G1 X11.864 Y17.325 Z43.668 E1466.40299
G1 X12 Y17.654 Z43.669 E1466.5704
G1 X12.427 Y19.083 Z43.673 E1467.27177
G1 X12.496 Y19.328 Z43.674 E1467.39147
G1 X12.674 Y20.414 Z43.676 E1467.90899
G1 X12.696 Y21.399 Z43.679 E1468.37232
G1 X12.652 Y21.744 Z43.68 E1468.53587
G1 X12.573 Y21.712 E1468.57596
G1 X11.409 Y20.734 Z43.684 E1469.29091
G1 X9.805 Y18.798 Z43.691 E1470.47323
G1 X8.077 Y16.2 Z43.699 E1471.94054
G1 X6.483 Y13.409 Z43.707 E1473.45203
G1 X4.989 Y10.505 Z43.716 E1474.98781
G1 X4.257 Y9.024 Z43.72 E1475.7647
G1 X3.315 Y7.437 Z43.725 E1476.63258
G1 X0.873 Y7.48 Z43.732 E1477.78115
G1 X0.421 Y9.405 Z43.737 E1478.71103
G1 X0.419 Y11.239 Z43.742 E1479.5735
G1 X0.393 Y13.529 Z43.748 E1480.65048
G1 X0.251 Y16.151 Z43.755 E1481.88532
G1 X-0.057 Y18.729 Z43.762 E1483.10629
G1 X-.129 Y19.2 Z43.763 E1483.33035
G1 X-.526 Y21.005 Z43.768 E1484.19947
G1 X-.615 Y21.352 Z43.769 E1484.36794
G1 X-1.101 Y22.764 Z43.773 E1485.07018
G1 X-1.193 Y23 E1485.1893
G1 X-1.688 Y23.995 Z43.776 E1485.71192
G1 X-2.259 Y24.811 Z43.779 E1486.18028
G1 X-2.529 Y25.083 Z43.78 E1486.36051
G1 X-2.6 Y24.971 E1486.42287
G1 X-2.967 Y23.485 Z43.784 E1487.14268
G1 X-3.126 Y20.972 Z43.791 E1488.32682
G1 X-2.997 Y17.852 Z43.799 E1489.7953
G1 X-2.646 Y14.652 Z43.808 E1491.30918
G1 X-1.877 Y9.796 Z43.821 E1493.62125
G1 X-1.733 Y7.959 Z43.825 E1494.48777
G1 X-3.678 Y6.634 Z43.832 E1495.59451
G1 X-5.163 Y7.878 Z43.837 E1496.50551
G1 X-6.243 Y9.355 Z43.842 E1497.36597
G1 X-7.608 Y11.195 Z43.848 E1498.44337
G1 X-9.257 Y13.238 Z43.854 E1499.67803
G1 X-11.021 Y15.157 Z43.861 E1500.90381
G1 X-11.364 Y15.499 Z43.863 E1501.1316
G1 X-12.735 Y16.728 Z43.867 E1501.99746
G1 X-13.013 Y16.955 Z43.868 E1502.16624
G1 X-14.235 Y17.823 Z43.872 E1502.87112
G1 X-14.45 Y17.957 Z43.873 E1502.99026
G1 X-15.443 Y18.479 Z43.876 E1503.51782
G1 X-16.398 Y18.804 Z43.879 E1503.99222
G1 X-16.808 Y18.86 Z43.88 E1504.18682
G1 X-16.796 Y18.681 E1504.27119
G1 X-16.215 Y17.258 Z43.884 E1504.994
G1 X-14.858 Y15.116 Z43.891 E1506.18644
G1 X-12.925 Y12.677 Z43.899 E1507.64996
G1 X-10.784 Y10.318 Z43.908 E1509.14809
G1 X-7.287 Y6.812 Z43.921 E1511.47678
G1 X-6.113 Y5.393 Z43.925 E1512.34287
G1 X-6.904 Y3.273 Z43.931 E1513.40697
G1 X-8.797 Y3.37 Z43.936 E1514.29835
G1 X-10.54 Y3.928 Z43.941 E1515.159
G1 X-12.723 Y4.617 Z43.947 E1516.23551
G1 X-15.252 Y5.306 Z43.954 E1517.46816
G1 X-17.823 Y5.834 Z43.961 E1518.70244
G1 X-18.293 Y5.907 Z43.962 E1518.92612
G1 X-20.127 Y6.106 Z43.967 E1519.79365
G1 X-20.49 Y6.124 Z43.968 E1519.96456
G1 X-21.991 Y6.116 Z43.972 E1520.67044
G1 X-22.247 Y6.094 Z43.973 E1520.79127
G1 X-23.364 Y5.937 Z43.976 E1521.32172
G1 X-24.34 Y5.631 Z43.978 E1521.80273
G1 X-24.732 Y5.413 Z43.98 E1522.01366
G1 X-24.586 Y5.237 E1522.1212
G1 X-23.261 Y4.419 Z43.984 E1522.85348
G1 X-20.911 Y3.49 Z43.991 E1524.04183
G1 X-17.92 Y2.654 Z43.999 E1525.5023
G1 X-14.753 Y1.993 Z44.008 E1527.02372
G1 X-9.899 Y1.211 Z44.021 E1529.33583
G1 X-8.122 Y0.727 Z44.026 E1530.20193
G1 X-7.571 Y-1.375 Z44.031 E1531.22382
G1 X-9.11 Y-2.414 Z44.036 E1532.09706
G1 X-10.845 Y-2.99 Z44.041 E1532.95676
G1 X-13.013 Y-3.709 Z44.047 E1534.0309
G1 X-15.475 Y-4.635 Z44.054 E1535.26788
G1 X-17.871 Y-5.712 Z44.061 E1536.50323
G1 X-19.905 Y-6.842 Z44.067 E1537.59745
G1 X-20.207 Y-7.045 Z44.068 E1537.76857
G1 X-21.429 Y-7.931 Z44.072 E1538.47839
G1 X-21.616 Y-8.099 Z44.073 E1538.59661
G1 X-22.439 Y-8.888 Z44.076 E1539.13276
G1 X-23.053 Y-9.719 Z44.078 E1539.61865
G1 X-23.247 Y-10.161 Z44.08 E1539.84565
G1 X-22.981 Y-10.228 E1539.97465
G1 X-21.417 Y-10.109 Z44.084 E1540.71227
G1 X-18.964 Y-9.478 Z44.091 E1541.90338
G1 X-16.051 Y-8.396 Z44.099 E1543.36471
G1 X-13.111 Y-7.073 Z44.108 E1544.88083
G1 X-8.714 Y-4.853 Z44.121 E1547.19719
G1 X-6.985 Y-4.226 Z44.126 E1548.0621
G1 X-5.39 Y-5.566 Z44.131 E1549.04174
G1 X-5.978 Y-7.287 Z44.136 E1549.897
G1 X-7.041 Y-8.775 Z44.141 E1550.75697
G1 X-8.372 Y-10.625 Z44.147 E1551.82873
G1 X-9.834 Y-12.831 Z44.154 E1553.07328
G1 X-11.144 Y-15.1 Z44.161 E1554.30538
G1 X-11.358 Y-15.536 Z44.162 E1554.53379
G1 X-12.135 Y-17.209 Z44.167 E1555.40125
G1 X-12.259 Y-17.557 Z44.168 E1555.57498
G1 X-12.735 Y-18.988 Z44.172 E1556.28419
G1 X-12.785 Y-19.238 E1556.40408
G1 X-12.993 Y-20.369 Z44.175 E1556.94487
G1 X-12.999 Y-21.418 Z44.178 E1557.43819
G1 X-12.881 Y-21.919 Z44.18 E1557.68024
G1 X-12.582 Y-21.799 E1557.83175
G1 X-11.376 Y-20.771 Z44.185 E1558.57697
G1 X-9.77 Y-18.826 Z44.191 E1559.76315
G1 X-8.04 Y-16.224 Z44.199 E1561.23255
G1 X-6.442 Y-13.433 Z44.208 E1562.74497
G1 X-4.937 Y-10.54 Z44.217 E1564.27853
G1 X-4.185 Y-9.059 Z44.221 E1565.05964
G1 X-3.133 Y-7.546 Z44.226 E1565.92624
G1 X-1.146 Y-7.716 Z44.231 E1566.86407
G1 X-.587 Y-9.41 Z44.236 E1567.70295
G92 E0
G1 X-.568 Y-11.238 Z44.241 E0.85969
G1 X-.561 Y-13.533 Z44.247 E1.93896
G1 X-.456 Y-16.166 Z44.254 E3.17815
G1 X-.191 Y-18.769 Z44.26 E4.40858
G1 X-.104 Y-19.251 Z44.262 E4.63891
G1 X0.241 Y-21.07 Z44.267 E5.50957
G1 X0.349 Y-21.424 Z44.268 E5.68362
G1 X0.796 Y-22.868 Z44.272 E6.39448
G1 X0.907 Y-23.098 E6.51457
G1 X1.404 Y-24.148 Z44.275 E7.06087
G1 X2.025 Y-25.005 Z44.278 E7.55858
G1 X2.446 Y-25.36 Z44.28 E7.81755
G1 X2.644 Y-25.047 Z44.281 E7.99172
G1 X3.015 Y-23.495 Z44.285 E8.74214
G1 X3.17 Y-20.974 Z44.291 E9.92991
G1 X3.041 Y-17.849 Z44.3 E11.40075
G1 X2.694 Y-14.646 Z44.308 E12.91582
G1 X1.955 Y-9.782 Z44.321 E15.22944
G1 X1.945 Y-7.94 Z44.326 E16.09568
G1 X3.596 Y-6.986 Z44.331 E16.99239
G1 X5.031 Y-7.98 Z44.336 E17.81331
G1 X6.122 Y-9.443 Z44.34 E18.67154
G1 X7.473 Y-11.298 Z44.346 E19.75072
G1 X9.1 Y-13.371 Z44.353 E20.98998
G1 X10.842 Y-15.332 Z44.36 E22.22348
G1 X11.202 Y-15.673 Z44.362 E22.45667
G1 X12.542 Y-16.949 Z44.366 E23.32682
G1 X12.84 Y-17.17 Z44.367 E23.50129
G1 X14.05 Y-18.085 Z44.371 E24.21469
G1 X14.276 Y-18.204 Z44.372 E24.33481
G1 X15.303 Y-18.769 Z44.375 E24.88603
G1 X16.322 Y-19.099 Z44.378 E25.38973
G1 X16.904 Y-19.133 Z44.38 E25.6639
G1 X16.877 Y-18.716 Z44.381 E25.86041
G1 X16.261 Y-17.238 Z44.385 E26.61341
G1 X14.894 Y-15.092 Z44.392 E27.80996
G1 X12.96 Y-12.648 Z44.4 E29.27561
G1 X10.819 Y-10.285 Z44.408 E30.77513
G1 X7.342 Y-6.754 Z44.421 E33.10556
G1 X6.273 Y-5.254 Z44.426 E33.97176
G1 X7.044 Y-3.605 Z44.431 E34.82781
G1 X8.75 Y-3.529 Z44.435 E35.63087
G1 X10.494 Y-4.07 Z44.44 E36.48957
G1 X12.674 Y-4.78 Z44.446 E37.56775
G1 X15.203 Y-5.506 Z44.453 E38.80509
G1 X17.779 Y-6.081 Z44.46 E40.0463
G1 X18.269 Y-6.143 Z44.461 E40.27857
G1 X20.1 Y-6.399 Z44.466 E41.148
G1 X20.477 Y-6.399 Z44.467 E41.32529
G1 X21.996 Y-6.438 Z44.471 E42.03986
G1 X22.251 Y-6.396 Z44.472 E42.1614
G1 X23.42 Y-6.253 Z44.475 E42.71523
G1 X24.452 Y-5.914 Z44.478 E43.22606
G1 X24.969 Y-5.577 Z44.48 E43.51628
G1 X24.671 Y-5.219 Z44.481 E43.73533
G1 X23.286 Y-4.376 Z44.485 E44.49781
G1 X20.927 Y-3.449 Z44.492 E45.68974
G1 X17.932 Y-2.61 Z44.5 E47.15241
;TIME_ELAPSED:309.956125
;LAYER:44
;TYPE:WALL-OUTER
;MESH:wavy.stl
G1 X15.296 Y-2.057 Z44.507 E48.41901
G1 X12.698 Y-1.6 Z44.514 E49.65952
G1 X10.72 Y-1.268 Z44.52 E50.60272
G1 X7.951 Y0.665 Z44.529 E52.19079
G1 X10.646 Y2.763 Z44.538 E53.79691
G1 X14.806 Y4.177 Z44.55 E55.86314
G1 X17.281 Y5.19 Z44.557 E57.12076
G1 X19.507 Y6.304 Z44.563 E58.29134
G1 X21.222 Y7.407 Z44.569 E59.25025
G1 X22.316 Y8.341 Z44.573 E59.92671
G1 X22.946 Y9.066 Z44.575 E60.37839
G1 X23.296 Y9.572 Z44.577 E60.66773
G1 X23.435 Y9.961 Z44.578 E60.86199
G1 X23.472 Y10.08 E60.92059
G1 X23.479 Y10.117 Z44.579 E60.93831
G1 X22.935 Y10.274 Z44.58 E61.20457
G1 X21.391 Y10.145 Z44.584 E61.93319
G1 X19.088 Y9.551 Z44.591 E63.05166
G1 X16.338 Y8.549 Z44.598 E64.42806
G1 X13.547 Y7.321 Z44.607 E65.862
G1 X11.207 Y6.181 Z44.614 E67.08606
G1 X9.409 Y5.295 Z44.619 E68.02868
G1 X6.035 Y5.199 Z44.628 E69.616
G1 X7.018 Y8.472 Z44.637 E71.2231
G1 X9.55 Y12.059 Z44.649 E73.28786
G1 X10.961 Y14.324 Z44.656 E74.54278
G1 X12.123 Y16.553 Z44.663 E75.72489
G1 X12.867 Y18.44 Z44.668 E76.67877
G1 X13.213 Y19.885 Z44.672 E77.37751
G1 X13.287 Y20.827 Z44.675 E77.82186
G1 X13.256 Y21.447 Z44.676 E78.11379
G1 X13.13 Y21.84 Z44.678 E78.30787
G1 X13.081 Y21.957 E78.36753
G1 X13.057 Y21.988 E78.38596
G1 X12.519 Y21.789 Z44.68 E78.65572
G1 X11.342 Y20.779 Z44.684 E79.38507
G1 X9.827 Y18.95 Z44.69 E80.50194
G1 X8.187 Y16.52 Z44.698 E81.88059
G1 X6.658 Y13.908 Z44.706 E83.3039
G1 X5.42 Y11.597 Z44.713 E84.5368
G1 X4.479 Y9.824 Z44.718 E85.48073
G1 X1.823 Y7.739 Z44.727 E87.06864
G1 X0.733 Y10.979 Z44.737 E88.67622
G1 X0.675 Y15.374 Z44.748 E90.74321
G1 X0.492 Y18.034 Z44.756 E91.99708
G1 X0.129 Y20.524 Z44.762 E93.18041
G1 X-.375 Y22.499 Z44.768 E94.13896
G1 X-.945 Y23.876 Z44.772 E94.8398
G1 X-1.45 Y24.688 Z44.774 E95.28948
G1 X-1.858 Y25.17 Z44.776 E95.58645
G1 X-2.199 Y25.408 Z44.777 E95.78201
G1 X-2.312 Y25.467 E95.84195
G1 X-2.355 Y25.471 Z44.778 E95.86227
G1 X-2.677 Y24.984 Z44.779 E96.13682
G1 X-3.038 Y23.478 Z44.783 E96.8651
G1 X-3.194 Y21.101 Z44.79 E97.98533
G1 X-3.096 Y18.19 Z44.797 E99.35505
G1 X-2.8 Y15.165 Z44.806 E100.7844
G1 X-2.444 Y12.566 Z44.813 E102.01803
G1 X-2.171 Y10.577 Z44.818 E102.96216
G1 X-3.068 Y7.32 Z44.827 E104.55084
G1 X-5.833 Y9.335 Z44.836 E106.15977
G1 X-8.468 Y12.863 Z44.848 E108.23054
G1 X-10.179 Y14.914 Z44.855 E109.48661
G1 X-11.923 Y16.713 Z44.862 E110.6649
G1 X-13.498 Y18.028 Z44.867 E111.62978
G1 X-14.745 Y18.798 Z44.871 E112.31899
G1 X-15.67 Y19.169 Z44.874 E112.78767
G1 X-16.298 Y19.308 Z44.876 E113.09015
G1 X-16.711 Y19.289 Z44.877 E113.28457
G1 X-16.837 Y19.262 E113.34517
G1 X-16.876 Y19.231 E113.3686
G1 X-16.849 Y18.641 Z44.879 E113.64635
G1 X-16.259 Y17.212 Z44.883 E114.37338
G1 X-14.987 Y15.188 Z44.889 E115.49756
G1 X-13.195 Y12.884 Z44.897 E116.87019
G1 X-11.181 Y10.613 Z44.905 E118.29763
G1 X-9.371 Y8.721 Z44.912 E119.52895
G1 X-7.988 Y7.268 Z44.918 E120.47229
G1 X-6.771 Y4.119 Z44.927 E122.0599
G1 X-10.193 Y4.156 Z44.936 E123.66925
G1 X-14.381 Y5.458 Z44.948 E125.7317
G1 X-16.99 Y6.125 Z44.955 E126.99808
G1 X-19.462 Y6.564 Z44.962 E128.17877
G1 X-21.512 Y6.708 Z44.967 E129.14519
G1 X-23.016 Y6.593 Z44.971 E129.85453
G1 X-23.963 Y6.345 Z44.974 E130.31489
G1 X-24.558 Y6.068 Z44.976 E130.62354
G1 X-24.872 Y5.806 Z44.977 E130.81585
G1 X-24.955 Y5.7 E130.87916
G1 X-24.963 Y5.646 E130.90483
G1 X-24.588 Y5.181 Z44.979 E131.18576
G1 X-23.269 Y4.366 Z44.983 E131.91489
G1 X-21.059 Y3.477 Z44.989 E133.03511
G1 X-18.236 Y2.658 Z44.997 E134.41741
G1 X-15.306 Y2.009 Z45.005 E135.82869
G1 X-12.709 Y1.535 Z45.012 E137.07014
G1 X-10.737 Y1.163 Z45.018 E138.01387
G1 X-7.881 Y-.653 Z45.027 E139.60546
G1 X-10.703 Y-2.597 Z45.036 E141.21696
G1 X-14.868 Y-4.009 Z45.048 E143.28511
G1 X-17.365 Y-4.995 Z45.055 E144.5476
G1 X-19.626 Y-6.085 Z45.062 E145.72797
G1 X-21.382 Y-7.175 Z45.067 E146.69992
G1 X-22.513 Y-8.13 Z45.071 E147.39603
G1 X-23.154 Y-8.917 Z45.074 E147.87336
G1 X-23.467 Y-9.509 Z45.076 E148.18827
G1 X-23.559 Y-9.914 Z45.077 E148.38358
G1 X-23.555 Y-10.049 E148.4471
G1 X-23.522 Y-10.101 E148.47606
G1 X-22.936 Y-10.259 Z45.079 E148.76148
G1 X-21.39 Y-10.146 Z45.083 E149.49045
G1 X-19.082 Y-9.572 Z45.09 E150.60888
G1 X-16.325 Y-8.582 Z45.097 E151.98646
G1 X-13.527 Y-7.365 Z45.106 E153.42134
G1 X-11.178 Y-6.241 Z45.113 E154.64594
G1 X-9.362 Y-5.389 Z45.118 E155.58926
G1 X-5.986 Y-5.148 Z45.127 E157.18092
G1 X-7.162 Y-8.372 Z45.136 E158.79477
G1 X-9.699 Y-11.958 Z45.148 E160.8605
G1 X-11.144 Y-14.217 Z45.155 E162.12158
G1 X-12.349 Y-16.444 Z45.162 E163.31234
G1 X-13.132 Y-18.347 Z45.167 E164.28005
G1 X-13.495 Y-19.831 Z45.172 E164.9985
G1 X-13.541 Y-20.829 Z45.174 E165.46832
G1 X-13.431 Y-21.496 Z45.176 E165.78623
G1 X-13.258 Y-21.875 Z45.177 E165.98215
G1 X-13.167 Y-21.981 Z45.178 E166.04785
G1 X-13.101 Y-22.001 E166.08028
G1 X-12.528 Y-21.779 Z45.179 E166.36926
G1 X-11.34 Y-20.78 Z45.184 E167.09921
G1 X-9.81 Y-18.964 Z45.19 E168.2159
G1 X-8.157 Y-16.539 Z45.198 E169.59604
G1 X-6.616 Y-13.932 Z45.206 E171.02018
G1 X-5.363 Y-11.626 Z45.213 E172.25436
G1 X-4.387 Y-9.871 Z45.218 E173.19872
G1 X-1.813 Y-7.672 Z45.227 E174.79076
G1 X-.908 Y-10.982 Z45.237 E176.40448
G1 X-.855 Y-15.381 Z45.248 E178.47333
G1 X-.702 Y-18.054 Z45.256 E179.7324
G1 X-.376 Y-20.568 Z45.262 E180.92455
G1 X0.105 Y-22.579 Z45.268 E181.89693
G1 X0.685 Y-23.998 Z45.272 E182.61783
G1 X1.246 Y-24.839 Z45.275 E183.09324
G1 X1.744 Y-25.312 Z45.277 E183.41623
G1 X2.116 Y-25.511 Z45.278 E183.61463
G1 X2.257 Y-25.536 E183.68197
G1 X2.327 Y-25.507 E183.7176
G1 X2.663 Y-24.981 Z45.28 E184.01112
G1 X3.039 Y-23.478 Z45.284 E184.73971
G1 X3.216 Y-21.102 Z45.29 E185.86016
G1 X3.132 Y-18.188 Z45.298 E187.23108
G1 X2.848 Y-15.159 Z45.306 E188.66176
G1 X2.508 Y-12.556 Z45.313 E189.89626
G1 X2.274 Y-10.562 Z45.319 E190.84041
G1 X3.034 Y-7.257 Z45.328 E192.4352
G1 X5.694 Y-9.44 Z45.337 E194.05342
G1 X8.326 Y-12.974 Z45.349 E196.12561
G1 X10.019 Y-15.055 Z45.356 E197.38719
G1 X11.748 Y-16.894 Z45.363 E198.57421
G1 X13.328 Y-18.252 Z45.368 E199.55396
G1 X14.604 Y-19.051 Z45.373 E200.26196
G1 X15.593 Y-19.412 Z45.375 E200.75706
G1 X16.291 Y-19.489 Z45.377 E201.0873
G1 X16.705 Y-19.422 Z45.378 E201.28452
G1 X16.834 Y-19.351 Z45.379 E201.35377
G1 X16.874 Y-19.277 E201.39333
G1 X16.835 Y-18.647 Z45.381 E201.69016
G1 X16.261 Y-17.21 Z45.385 E202.41785
G1 X15.004 Y-15.176 Z45.391 E203.54229
G1 X13.223 Y-12.862 Z45.399 E204.91548
G1 X11.216 Y-10.58 Z45.407 E206.34462
G1 X9.418 Y-8.675 Z45.414 E207.57648
G1 X8.062 Y-7.195 Z45.42 E208.52044
G1 X6.709 Y-4.088 Z45.429 E210.11408
G1 X10.142 Y-4.323 Z45.438 E211.73228
G1 X14.332 Y-5.632 Z45.45 E213.79661
G1 X16.944 Y-6.332 Z45.457 E215.06829
G1 X19.427 Y-6.812 Z45.464 E216.25757
G1 X21.505 Y-6.989 Z45.469 E217.23832
G1 X23.051 Y-6.878 Z45.473 E217.96723
G1 X24.043 Y-6.587 Z45.476 E218.45339
G1 X24.658 Y-6.219 Z45.478 E218.79042
G1 X24.945 Y-5.916 Z45.479 E218.98669
G1 X25.003 Y-5.772 Z45.48 E219.05969
G1 X24.989 Y-5.684 E219.1016
G1 X24.581 Y-5.193 Z45.482 E219.40181
G1 X23.27 Y-4.364 Z45.486 E220.13125
G1 X21.067 Y-3.456 Z45.492 E221.25179
G1 X18.246 Y-2.623 Z45.5 E222.63504
;TIME_ELAPSED:319.361921
;LAYER:45
;TYPE:WALL-OUTER
;MESH:wavy.stl
G1 X16.862 Y-2.311 Z45.504 E223.30222
G1 X15.734 Y-2.056 Z45.507 E223.84606
G1 X14.408 Y-1.79 Z45.511 E224.48206
G1 X13.381 Y-1.595 Z45.514 E224.97365
G1 X11.402 Y-1.193 Z45.52 E225.92331
G1 X9.42 Y1.609 Z45.53 E227.53733
G1 X12.153 Y2.905 Z45.539 E228.95975
G1 X16.451 Y4.424 Z45.552 E231.10347
G1 X18.811 Y5.438 Z45.559 E232.3114
G1 X20 Y6.03 Z45.563 E232.93602
G1 X20.805 Y6.51 Z45.566 E233.37678
G1 X21.629 Y7.034 Z45.569 E233.83599
G1 X22.165 Y7.476 Z45.571 E234.1627
G1 X22.886 Y8.169 Z45.574 E234.63299
G1 X23.271 Y8.684 Z45.576 E234.93537
G1 X23.45 Y9.059 Z45.577 E235.13078
G1 X23.584 Y9.418 Z45.578 E235.31098
G1 X23.618 Y9.694 Z45.579 E235.44176
G1 X23.233 Y10.147 Z45.58 E235.72133
G1 X22.523 Y10.208 Z45.582 E236.05645
G1 X21.162 Y10.085 Z45.586 E236.69909
G1 X18.992 Y9.558 Z45.593 E237.74923
G1 X16.462 Y8.665 Z45.601 E239.01094
G1 X13.935 Y7.594 Z45.609 E240.30163
G1 X12.689 Y7.026 Z45.613 E240.94559
G1 X11.757 Y6.588 Z45.616 E241.42987
G1 X9.916 Y5.762 Z45.621 E242.37877
G1 X6.721 Y6.821 Z45.631 E243.96166
G1 X8.153 Y9.474 Z45.64 E245.37942
G1 X10.727 Y13.212 Z45.653 E247.51372
G1 X11.533 Y14.514 Z45.657 E248.23384
G1 X12.059 Y15.443 Z45.66 E248.73588
G1 X12.67 Y16.619 Z45.664 E249.3591
G1 X13.042 Y17.471 Z45.667 E249.79629
G1 X13.399 Y18.393 Z45.67 E250.26125
G1 X13.579 Y19.069 Z45.672 E250.59022
G1 X13.752 Y20.06 Z45.675 E251.06331
G1 X13.747 Y20.698 Z45.677 E251.36334
G1 X13.655 Y21.118 Z45.678 E251.56554
G1 X13.532 Y21.477 Z45.679 E251.744
G1 X13.383 Y21.712 Z45.68 E251.87485
G1 X12.843 Y21.84 Z45.681 E252.13583
G1 X12.236 Y21.488 Z45.683 E252.46581
G1 X11.161 Y20.553 Z45.687 E253.13581
G1 X9.75 Y18.896 Z45.694 E254.15928
G1 X8.22 Y16.686 Z45.701 E255.42332
G1 X6.802 Y14.337 Z45.709 E256.71365
G1 X6.126 Y13.147 Z45.713 E257.35725
G1 X5.628 Y12.247 Z45.716 E257.84097
G1 X4.613 Y10.501 Z45.722 E258.79071
G1 X1.475 Y9.481 Z45.732 E260.34241
G1 X1.063 Y12.456 Z45.74 E261.7548
G1 X0.948 Y17.013 Z45.754 E263.89848
G1 X0.835 Y18.527 Z45.758 E264.61245
G1 X0.72 Y19.583 Z45.761 E265.11198
G1 X0.518 Y20.902 Z45.765 E265.7395
G1 X0.325 Y21.814 Z45.768 E266.17788
G1 X0.064 Y22.772 Z45.77 E266.64481
G1 X-.178 Y23.421 Z45.772 E266.97054
G1 X-.633 Y24.334 Z45.775 E267.45026
G1 X-1.025 Y24.842 Z45.777 E267.75201
G1 X-1.358 Y25.117 Z45.779 E267.95511
G1 X-1.685 Y25.319 Z45.78 E268.13586
G1 X-1.947 Y25.405 E268.26553
G1 X-2.422 Y25.201 Z45.782 E268.50864
G1 X-2.716 Y24.569 Z45.784 E268.83643
G1 X-3.039 Y23.245 Z45.788 E269.47732
G1 X-3.219 Y21.132 Z45.794 E270.4746
G1 X-3.164 Y18.336 Z45.802 E271.78971
G1 X-2.935 Y15.598 Z45.81 E273.0818
G1 X-2.787 Y14.253 Z45.814 E273.71812
G1 X-2.661 Y13.212 Z45.817 E274.21124
G1 X-2.468 Y11.205 Z45.823 E275.15942
G1 X-4.346 Y8.57 Z45.832 E276.68108
G1 X-6.436 Y10.722 Z45.841 E278.09182
G1 X-9.203 Y14.338 Z45.854 E280.23304
G1 X-10.19 Y15.502 Z45.858 E280.95073
G1 X-10.899 Y16.293 Z45.861 E281.45026
G1 X-11.842 Y17.241 Z45.865 E282.07908
G1 X-12.53 Y17.871 Z45.868 E282.51777
G1 X-13.313 Y18.492 Z45.871 E282.98774
G1 X-13.889 Y18.884 Z45.873 E283.31539
G1 X-14.804 Y19.35 Z45.876 E283.79827
G1 X-15.422 Y19.519 Z45.878 E284.09957
G1 X-15.859 Y19.53 Z45.879 E284.30514
G1 X-16.247 Y19.479 Z45.88 E284.48917
G1 X-16.504 Y19.381 Z45.881 E284.61852
G1 X-16.745 Y18.965 Z45.882 E284.84461
G1 X-16.627 Y18.291 Z45.884 E285.16639
G1 X-16.083 Y16.968 Z45.888 E285.83909
G1 X-14.962 Y15.12 Z45.895 E286.85554
G1 X-14.025 Y13.875 Z45.899 E287.58831
G1 X-13.349 Y12.983 Z45.902 E288.11463
G1 X-11.548 Y10.889 Z45.91 E289.41349
G1 X-10.639 Y9.885 Z45.914 E290.0504
G1 X-9.929 Y9.117 Z45.917 E290.54226
G1 X-8.602 Y7.597 Z45.923 E291.49114
G1 X-8.553 Y4.428 Z45.932 E292.98159
G1 X-11.5 Y4.925 Z45.941 E294.38703
G1 X-15.859 Y6.223 Z45.954 E296.52587
G1 X-17.349 Y6.585 Z45.959 E297.24695
G1 X-18.393 Y6.815 Z45.962 E297.74968
G1 X-19.713 Y7.023 Z45.965 E298.37809
G1 X-20.636 Y7.136 Z45.968 E298.81539
G1 X-21.642 Y7.173 Z45.971 E299.2888
G1 X-22.341 Y7.158 Z45.973 E299.61759
G1 X-23.356 Y6.993 Z45.976 E300.10117
G1 X-23.958 Y6.75 Z45.978 E300.40647
G1 X-24.317 Y6.484 Z45.979 E300.61658
G1 X-24.588 Y6.197 Z45.98 E300.80221
G1 X-24.722 Y5.96 Z45.981 E300.93025
G1 X-24.673 Y5.519 Z45.982 E301.13891
G1 X-24.193 Y5.035 Z45.984 E301.45947
G1 X-22.988 Y4.282 Z45.989 E302.12768
G1 X-20.985 Y3.435 Z45.995 E303.15038
G1 X-18.428 Y2.654 Z46.003 E304.40769
G1 X-16.87 Y2.275 Z46.007 E305.16173
G1 X-15.744 Y2.013 Z46.01 E305.7054
G1 X-14.419 Y1.732 Z46.014 E306.34236
G1 X-13.394 Y1.526 Z46.017 E306.83402
G1 X-11.429 Y1.063 Z46.023 E307.78339
G1 X-9.546 Y-1.405 Z46.032 E309.24324
G1 X-12.208 Y-2.743 Z46.041 E310.64433
G1 X-16.514 Y-4.261 Z46.054 E312.79144
G1 X-18.895 Y-5.259 Z46.062 E314.00552
G1 X-20.095 Y-5.873 Z46.065 E314.63942
G1 X-20.918 Y-6.323 Z46.068 E315.08053
G1 X-21.75 Y-6.89 Z46.071 E315.55401
G1 X-22.309 Y-7.305 Z46.073 E315.88141
G1 X-23.038 Y-8.052 Z46.076 E316.37226
G1 X-23.371 Y-8.607 Z46.078 E316.67663
G1 X-23.492 Y-9.042 Z46.079 E316.88896
G1 X-23.524 Y-9.443 Z46.08 E317.07814
G1 X-23.475 Y-9.712 Z46.081 E317.20672
G1 X-23.198 Y-10.008 Z46.082 E317.39737
G1 X-22.527 Y-10.132 Z46.084 E317.71826
G1 X-21.17 Y-10.053 Z46.088 E318.35749
G1 X-18.993 Y-9.554 Z46.095 E319.40781
G1 X-16.454 Y-8.686 Z46.102 E320.66966
G1 X-13.917 Y-7.635 Z46.11 E321.96105
G1 X-12.679 Y-7.086 Z46.114 E322.59791
G1 X-11.727 Y-6.651 Z46.117 E323.09013
G1 X-9.861 Y-5.881 Z46.123 E324.03942
G1 X-6.941 Y-6.73 Z46.132 E325.46946
G1 X-8.293 Y-9.375 Z46.141 E326.86639
G1 X-10.874 Y-13.117 Z46.154 E329.00412
G1 X-11.682 Y-14.432 Z46.158 E329.72993
G1 X-12.232 Y-15.347 Z46.161 E330.23197
G1 X-12.839 Y-16.548 Z46.165 E330.8648
G1 X-13.244 Y-17.387 Z46.168 E331.30292
G1 X-13.583 Y-18.349 Z46.171 E331.78258
G1 X-13.799 Y-19.015 Z46.173 E332.11184
G1 X-13.945 Y-20.055 Z46.176 E332.60571
G1 X-13.875 Y-20.695 Z46.178 E332.90847
G1 X-13.698 Y-21.128 Z46.179 E333.12845
G1 X-13.469 Y-21.462 Z46.18 E333.3189
G1 X-13.256 Y-21.643 Z46.181 E333.45034
G1 X-12.896 Y-21.706 Z46.182 E333.62221
G1 X-12.285 Y-21.428 Z46.184 E333.93789
G1 X-11.186 Y-20.531 Z46.188 E334.605
G1 X-9.753 Y-18.894 Z46.194 E335.62812
G1 X-8.201 Y-16.698 Z46.202 E336.8927
G1 X-6.764 Y-14.36 Z46.21 E338.18325
G1 X-6.083 Y-13.191 Z46.214 E338.81947
G1 X-5.566 Y-12.28 Z46.217 E339.31206
G1 X-4.499 Y-10.566 Z46.223 E340.26152
G1 X-1.707 Y-9.537 Z46.231 E341.66084
G1 X-1.233 Y-12.459 Z46.24 E343.05292
G1 X-1.123 Y-17.022 Z46.253 E345.19936
G1 X-1.003 Y-18.548 Z46.258 E345.91921
G1 X-.916 Y-19.607 Z46.261 E346.41889
G1 X-.695 Y-20.943 Z46.265 E347.05571
G1 X-.537 Y-21.865 Z46.267 E347.49561
G1 X-.238 Y-22.843 Z46.27 E347.97655
G1 X-0.03 Y-23.506 Z46.272 E348.30332
G1 X0.475 Y-24.443 Z46.275 E348.80388
G1 X0.92 Y-24.914 Z46.277 E349.1086
G1 X1.33 Y-25.15 Z46.279 E349.33107
G1 X1.729 Y-25.27 Z46.28 E349.527
G1 X2.009 Y-25.275 Z46.281 E349.6587
G1 X2.301 Y-25.125 Z46.282 E349.81308
G1 X2.642 Y-24.55 Z46.283 E350.12745
G1 X3.005 Y-23.242 Z46.287 E350.76581
G1 X3.215 Y-21.131 Z46.294 E351.76344
G1 X3.185 Y-18.335 Z46.302 E353.07838
G1 X2.979 Y-15.594 Z46.31 E354.37101
G1 X2.845 Y-14.246 Z46.313 E355.00806
G1 X2.729 Y-13.203 Z46.317 E355.50157
G1 X2.6 Y-11.19 Z46.322 E356.45015
G1 X4.192 Y-8.752 Z46.331 E357.81945
G1 X6.299 Y-10.825 Z46.339 E359.20947
G1 X9.067 Y-14.448 Z46.352 E361.35359
G1 X10.067 Y-15.618 Z46.357 E362.07739
G1 X10.755 Y-16.428 Z46.36 E362.57716
G1 X11.723 Y-17.38 Z46.364 E363.21564
G1 X12.387 Y-18.037 Z46.367 E363.65492
G1 X13.213 Y-18.652 Z46.37 E364.1392
G1 X13.771 Y-19.074 Z46.372 E364.4682
G1 X14.74 Y-19.532 Z46.375 E364.97222
G1 X15.38 Y-19.639 Z46.377 E365.27737
G1 X15.856 Y-19.574 Z46.378 E365.50329
G1 X16.253 Y-19.414 Z46.379 E365.70458
G1 X16.477 Y-19.238 Z46.38 E365.83855
G1 X16.602 Y-18.974 Z46.381 E365.97591
G1 X16.555 Y-18.319 Z46.383 E366.28473
G1 X16.055 Y-16.984 Z46.387 E366.95512
G1 X14.959 Y-15.122 Z46.393 E367.97118
G1 X14.036 Y-13.866 Z46.398 E368.70418
G1 X13.366 Y-12.97 Z46.401 E369.23031
G1 X11.582 Y-10.859 Z46.409 E370.53006
G1 X10.682 Y-9.844 Z46.413 E371.168
G1 X9.979 Y-9.069 Z46.416 E371.66006
G1 X8.699 Y-7.508 Z46.422 E372.60938
G1 X8.535 Y-4.665 Z46.43 E373.94857
G1 X11.449 Y-5.088 Z46.438 E375.33329
G1 X15.814 Y-6.392 Z46.452 E377.47564
G1 X17.317 Y-6.751 Z46.456 E378.20233
G1 X18.356 Y-7.009 Z46.459 E378.70578
G1 X19.698 Y-7.205 Z46.463 E379.34357
G1 X20.618 Y-7.355 Z46.466 E379.78193
G1 X21.656 Y-7.36 Z46.469 E380.27007
G1 X22.357 Y-7.383 Z46.471 E380.5999
G1 X23.411 Y-7.176 Z46.474 E381.10503
G1 X23.994 Y-6.871 Z46.476 E381.41445
G1 X24.34 Y-6.521 Z46.477 E381.64589
G1 X24.554 Y-6.14 Z46.478 E381.85139
G1 X24.616 Y-5.86 Z46.479 E381.98625
G1 X24.562 Y-5.61 Z46.48 E382.10653
G1 X24.152 Y-5.1 Z46.482 E382.41426
G1 X22.975 Y-4.312 Z46.486 E383.08036
G1 X20.983 Y-3.439 Z46.492 E384.10314
G1 X18.434 Y-2.632 Z46.5 E385.36049
;TIME_ELAPSED:328.084405
;LAYER:46
;TYPE:WALL-OUTER
;MESH:wavy.stl
G1 X15.492 Y-1.911 Z46.51 E386.78495
G1 X13.92 Y-1.567 Z46.515 E387.54171
G1 X11.802 Y-1.025 Z46.522 E388.56983
G1 X11.252 Y2.043 Z46.532 E390.0356
G1 X13.467 Y3.007 Z46.539 E391.17162
G1 X15.45 Y3.705 Z46.546 E392.16024
G1 X17.715 Y4.567 Z46.554 E393.29992
G1 X19.88 Y5.557 Z46.561 E394.41944
G1 X20.309 Y5.782 Z46.563 E394.64725
G1 X21.546 Y6.517 Z46.567 E395.32391
G1 X21.778 Y6.687 Z46.568 E395.45917
G1 X22.576 Y7.288 Z46.571 E395.92896
G1 X23.014 Y7.772 Z46.574 E396.23594
G1 X23.209 Y8.045 Z46.575 E396.39371
G1 X23.349 Y8.371 Z46.576 E396.56055
G1 X23.462 Y8.892 Z46.577 E396.81126
G1 X22.876 Y9.918 Z46.581 E397.3669
G1 X22.428 Y10.025 Z46.583 E397.58351
G1 X21.821 Y10.023 Z46.585 E397.86896
G1 X20.584 Y9.885 Z46.589 E398.45429
G1 X18.699 Y9.447 Z46.595 E399.36436
G1 X16.307 Y8.647 Z46.603 E400.55048
G1 X13.66 Y7.572 Z46.612 E401.89401
G1 X12.178 Y6.928 Z46.617 E402.65391
G1 X10.139 Y6.139 Z46.624 E403.68206
G1 X7.941 Y8.247 Z46.634 E405.11425
G1 X9.154 Y10.33 Z46.641 E406.2478
G1 X10.336 Y12.046 Z46.648 E407.22769
G1 X11.669 Y14.094 Z46.656 E408.37683
G1 X11.99 Y14.621 Z46.658 E408.66702
G1 X12.845 Y16.164 Z46.663 E409.49659
G1 X13.058 Y16.601 Z46.665 E409.72521
G1 X13.631 Y17.924 Z46.669 E410.40322
G1 X13.716 Y18.202 Z46.67 E410.53993
G1 X14.005 Y19.161 Z46.673 E411.01094
G1 X14.063 Y19.814 Z46.676 E411.31924
G1 X14.046 Y20.149 Z46.677 E411.47698
G1 X13.942 Y20.493 Z46.678 E411.64598
G1 X13.702 Y20.961 Z46.679 E411.89332
G1 X12.7 Y21.408 Z46.683 E412.40929
G1 X12.284 Y21.251 Z46.684 E412.61839
G1 X11.8 Y20.92 Z46.686 E412.89413
G1 X10.854 Y20.085 Z46.69 E413.48751
G1 X9.58 Y18.629 Z46.696 E414.39733
G1 X8.118 Y16.594 Z46.704 E415.57569
G1 X6.582 Y14.137 Z46.714 E416.93834
G1 X5.768 Y12.767 Z46.719 E417.68775
G1 X4.568 Y10.945 Z46.726 E418.71371
G1 X1.621 Y11.346 Z46.735 E420.11236
G1 X1.366 Y13.74 Z46.743 E421.24455
G1 X1.312 Y15.821 Z46.749 E422.2235
G1 X1.189 Y18.247 Z46.757 E423.36583
G1 X1.135 Y18.876 Z46.759 E423.66272
G1 X0.923 Y20.633 Z46.765 E424.49497
G1 X0.835 Y21.112 Z46.766 E424.72399
G1 X0.523 Y22.522 Z46.771 E425.40311
G1 X0.425 Y22.797 Z46.772 E425.5404
G1 X0.087 Y23.747 Z46.775 E426.01459
G1 X-.257 Y24.302 Z46.777 E426.32165
G1 X-.486 Y24.555 Z46.778 E426.48213
G1 X-.786 Y24.753 Z46.779 E426.65117
G1 X-1.255 Y24.958 Z46.781 E426.89187
G1 X-2.254 Y24.749 Z46.784 E427.37184
G1 X-2.506 Y24.4 Z46.785 E427.57427
G1 X-2.725 Y23.854 Z46.787 E427.85092
G1 X-3.011 Y22.63 Z46.791 E428.44203
G1 X-3.193 Y20.702 Z46.797 E429.35274
G1 X-3.187 Y18.194 Z46.805 E430.53217
G1 X-2.995 Y15.303 Z46.815 E431.8947
G1 X-2.853 Y13.718 Z46.82 E432.64306
G1 X-2.773 Y11.537 Z46.827 E433.6694
G1 X-5.329 Y10.164 Z46.836 E435.03384
G1 X-6.946 Y11.937 Z46.844 E436.16231
G1 X-8.216 Y13.589 Z46.85 E437.14222
G1 X-9.749 Y15.491 Z46.858 E438.29103
G1 X-11.36 Y17.26 Z46.866 E439.41621
G1 X-11.712 Y17.592 Z46.867 E439.64375
G1 X-12.799 Y18.556 Z46.872 E440.32699
G1 X-13.038 Y18.717 Z46.873 E440.46251
G1 X-13.875 Y19.283 Z46.876 E440.93767
G1 X-14.487 Y19.52 Z46.878 E441.2463
G1 X-14.824 Y19.574 Z46.879 E441.4068
G1 X-15.19 Y19.534 Z46.88 E441.57994
G1 X-15.679 Y19.396 Z46.882 E441.81889
G1 X-16.306 Y18.698 Z46.885 E442.26012
G1 X-16.322 Y18.283 Z46.886 E442.45542
G1 X-16.194 Y17.707 Z46.888 E442.73291
G1 X-15.723 Y16.543 Z46.892 E443.32341
G1 X-14.75 Y14.876 Z46.898 E444.23111
G1 X-13.275 Y12.847 Z46.906 E445.41076
G1 X-11.424 Y10.616 Z46.915 E446.77401
G1 X-10.382 Y9.415 Z46.92 E447.52175
G1 X-9.048 Y7.682 Z46.927 E448.55021
G1 X-10.283 Y5.135 Z46.936 E449.88135
G1 X-12.628 Y5.605 Z46.944 E451.00606
G1 X-14.644 Y6.198 Z46.951 E451.99428
G1 X-16.986 Y6.832 Z46.958 E453.13529
G1 X-17.589 Y6.967 Z46.96 E453.42588
G1 X-19.327 Y7.317 Z46.966 E454.25961
G1 X-19.811 Y7.376 Z46.967 E454.4889
G1 X-21.259 Y7.521 Z46.972 E455.17325
G1 X-21.549 Y7.506 Z46.973 E455.30981
G1 X-22.566 Y7.468 Z46.976 E455.78841
G1 X-23.197 Y7.289 Z46.978 E456.09685
G1 X-23.496 Y7.118 Z46.979 E456.25883
G1 X-23.758 Y6.849 Z46.981 E456.43542
G1 X-24.044 Y6.436 Z46.982 E456.67167
G1 X-24.133 Y5.584 Z46.985 E457.07451
G1 X-23.923 Y5.237 Z46.986 E457.26525
G1 X-23.496 Y4.831 Z46.988 E457.54234
G1 X-22.431 Y4.152 Z46.992 E458.1363
G1 X-20.676 Y3.371 Z46.998 E459.03965
G1 X-18.408 Y2.623 Z47.006 E460.16272
G1 X-15.501 Y1.87 Z47.015 E461.5749
G1 X-13.934 Y1.502 Z47.02 E462.33186
G1 X-11.844 Y0.864 Z47.027 E463.35949
G1 X-11.355 Y-1.85 Z47.036 E464.65635
G1 X-13.52 Y-2.858 Z47.044 E465.77942
G1 X-15.5 Y-3.566 Z47.05 E466.76828
G1 X-17.773 Y-4.427 Z47.058 E467.91131
G1 X-19.956 Y-5.413 Z47.066 E469.03776
G1 X-20.376 Y-5.65 Z47.067 E469.26455
G1 X-21.64 Y-6.387 Z47.072 E469.95263
G1 X-21.863 Y-6.571 Z47.073 E470.08859
G1 X-22.664 Y-7.207 Z47.076 E470.56957
G1 X-23.06 Y-7.729 Z47.078 E470.87769
G1 X-23.188 Y-8.055 Z47.079 E471.0424
G1 X-23.221 Y-8.434 Z47.081 E471.2213
G1 X-23.179 Y-8.934 Z47.082 E471.45726
G1 X-22.789 Y-9.602 Z47.085 E471.82102
G1 X-22.436 Y-9.776 Z47.086 E472.0061
G1 X-21.825 Y-9.88 Z47.088 E472.29756
G1 X-20.599 Y-9.813 Z47.092 E472.87497
G1 X-18.708 Y-9.419 Z47.098 E473.78334
G1 X-16.304 Y-8.654 Z47.106 E474.96972
G1 X-13.644 Y-7.61 Z47.115 E476.31352
G1 X-12.15 Y-6.988 Z47.12 E477.07456
G1 X-10.079 Y-6.295 Z47.127 E478.10156
G1 X-8.139 Y-8.151 Z47.136 E479.36415
G1 X-9.284 Y-10.241 Z47.143 E480.48483
G1 X-10.469 Y-11.978 Z47.15 E481.47367
G1 X-11.802 Y-14.014 Z47.158 E482.61809
G1 X-12.111 Y-14.546 Z47.16 E482.90741
G1 X-12.991 Y-16.092 Z47.165 E483.74397
G1 X-13.189 Y-16.534 Z47.167 E483.97173
G1 X-13.783 Y-17.875 Z47.171 E484.66145
G1 X-13.854 Y-18.157 Z47.172 E484.79821
G1 X-14.123 Y-19.147 Z47.176 E485.28065
G1 X-14.125 Y-19.807 Z47.178 E485.59103
G1 X-14.022 Y-20.145 Z47.179 E485.7572
G1 X-13.8 Y-20.468 Z47.18 E485.94151
G1 X-13.449 Y-20.827 Z47.182 E486.17762
G1 X-12.814 Y-21.102 Z47.184 E486.50304
G1 X-12.436 Y-21.056 Z47.185 E486.68211
G1 X-11.889 Y-20.806 Z47.187 E486.96494
G1 X-10.908 Y-20.036 Z47.191 E487.55141
G1 X-9.603 Y-18.612 Z47.197 E488.45974
G1 X-8.115 Y-16.603 Z47.205 E489.63543
G1 X-6.559 Y-14.18 Z47.214 E490.98961
G1 X-5.71 Y-12.8 Z47.219 E491.75155
G1 X-4.427 Y-11.036 Z47.226 E492.77731
G1 X-1.837 Y-11.384 Z47.235 E494.00625
G1 X-1.525 Y-13.744 Z47.242 E495.12573
G1 X-1.46 Y-15.825 Z47.249 E496.10484
G1 X-1.343 Y-18.26 Z47.257 E497.25126
G1 X-1.277 Y-18.887 Z47.259 E497.54774
G1 X-1.085 Y-20.661 Z47.264 E498.38687
G1 X-.981 Y-21.134 Z47.266 E498.61462
G1 X-.674 Y-22.571 Z47.27 E499.30564
G1 X-.562 Y-22.841 Z47.271 E499.4431
G1 X-.191 Y-23.805 Z47.275 E499.92885
G1 X0.204 Y-24.332 Z47.277 E500.23857
G1 X0.503 Y-24.538 Z47.278 E500.40932
G1 X0.885 Y-24.651 Z47.279 E500.59666
G1 X1.382 Y-24.703 Z47.281 E500.83165
G1 X1.981 Y-24.568 Z47.283 E501.12041
G1 X2.267 Y-24.33 Z47.284 E501.29538
G1 X2.584 Y-23.812 Z47.286 E501.58098
G1 X2.937 Y-22.622 Z47.29 E502.1647
G1 X3.165 Y-20.702 Z47.296 E503.07395
G1 X3.194 Y-18.193 Z47.304 E504.25393
G1 X3.036 Y-15.299 Z47.313 E505.61691
G1 X2.919 Y-13.711 Z47.318 E506.36571
G1 X2.94 Y-11.528 Z47.325 E507.39235
G1 X5.177 Y-10.321 Z47.333 E508.5877
G1 X6.821 Y-12.034 Z47.341 E509.70423
G1 X8.099 Y-13.679 Z47.347 E510.68384
G1 X9.632 Y-15.592 Z47.355 E511.83668
G1 X11.247 Y-17.376 Z47.363 E512.96835
G1 X11.608 Y-17.696 Z47.364 E513.19521
G1 X12.705 Y-18.685 Z47.369 E513.88979
G1 X12.953 Y-18.833 Z47.37 E514.02561
G1 X13.826 Y-19.391 Z47.373 E514.51285
G1 X14.461 Y-19.577 Z47.375 E514.82401
G1 X14.827 Y-19.551 Z47.377 E514.99656
G1 X15.211 Y-19.392 Z47.378 E515.19201
G1 X15.631 Y-19.114 Z47.379 E515.42887
G1 X15.979 Y-18.713 Z47.381 E515.67856
G1 X16.088 Y-18.368 Z47.382 E515.84871
G1 X16.059 Y-17.756 Z47.384 E516.13683
G1 X15.659 Y-16.58 Z47.388 E516.72098
G1 X14.726 Y-14.892 Z47.394 E517.62798
G1 X13.281 Y-12.842 Z47.402 E518.80745
G1 X11.455 Y-10.588 Z47.412 E520.17161
G1 X10.431 Y-9.37 Z47.417 E520.91993
G1 X9.177 Y-7.576 Z47.424 E521.94926
G1 X10.252 Y-5.353 Z47.431 E523.11047
G1 X12.583 Y-5.757 Z47.439 E524.22301
G1 X14.602 Y-6.34 Z47.446 E525.21127
G1 X16.95 Y-6.984 Z47.453 E526.35623
G1 X17.555 Y-7.105 Z47.455 E526.64638
G1 X19.304 Y-7.479 Z47.461 E527.48747
G1 X19.788 Y-7.522 Z47.463 E527.71597
G1 X21.259 Y-7.681 Z47.467 E528.41176
G1 X21.549 Y-7.651 Z47.468 E528.54887
G1 X22.59 Y-7.584 Z47.472 E529.03943
G1 X23.209 Y-7.35 Z47.474 E529.35063
G1 X23.486 Y-7.097 Z47.475 E529.52705
G1 X23.691 Y-6.722 Z47.476 E529.72803
G1 X23.839 Y-6.236 Z47.478 E529.96694
G1 X23.876 Y-5.788 Z47.479 E530.17834
G1 X23.785 Y-5.443 Z47.48 E530.34613
G1 X23.415 Y-4.951 Z47.482 E530.63563
G1 X22.402 Y-4.218 Z47.486 E531.22364
G1 X20.667 Y-3.398 Z47.492 E532.12609
G1 X18.408 Y-2.621 Z47.5 E533.2495
;TIME_ELAPSED:336.024793
;LAYER:47
;TYPE:WALL-OUTER
;MESH:wavy.stl
G1 X14.244 Y-1.511 Z47.515 E535.27608
G1 X11.842 Y-.431 Z47.524 E536.51458
G1 X12.608 Y2.23 Z47.534 E537.81678
G1 X14.472 Y3.038 Z47.541 E538.77217
G1 X16.395 Y3.748 Z47.548 E539.73616
G1 X18.517 Y4.597 Z47.556 E540.81097
G1 X20.421 Y5.513 Z47.563 E541.80459
G1 X21.796 Y6.332 Z47.569 E542.55722
G1 X22.476 Y6.919 Z47.572 E542.97967
G1 X22.692 Y7.114 Z47.573 E543.11652
G1 X22.82 Y7.306 Z47.574 E543.22504
G1 X22.938 Y7.541 Z47.575 E543.3487
G1 X22.95 Y8.714 Z47.579 E543.90035
G1 X22.016 Y9.625 Z47.583 E544.51391
G1 X21.434 Y9.707 Z47.585 E544.79031
G1 X20.906 Y9.719 Z47.587 E545.03868
G1 X19.819 Y9.583 Z47.591 E545.55384
G1 X18.19 Y9.225 Z47.597 E546.33819
G1 X16.196 Y8.614 Z47.604 E547.31893
G1 X14.299 Y7.898 Z47.611 E548.27246
G1 X12.41 Y7.162 Z47.618 E549.22584
G1 X9.858 Y6.634 Z47.627 E550.45138
G1 X8.919 Y9.197 Z47.637 E551.73501
G1 X9.944 Y10.95 Z47.644 E552.68997
G1 X11.073 Y12.647 Z47.651 E553.64849
G1 X12.288 Y14.589 Z47.659 E554.72576
G1 X13.3 Y16.462 Z47.666 E555.72692
G1 X13.922 Y17.931 Z47.672 E556.47712
G1 X14.118 Y18.807 Z47.675 E556.89925
G1 X14.162 Y19.098 Z47.676 E557.03766
G1 X14.138 Y19.321 Z47.677 E557.14313
G1 X14.057 Y19.582 Z47.678 E557.27165
G1 X13.387 Y20.461 Z47.682 E557.7914
G1 X12.182 Y20.646 Z47.686 E558.36471
G1 X11.679 Y20.399 Z47.688 E558.62824
G1 X11.228 Y20.115 Z47.69 E558.87888
G1 X10.416 Y19.384 Z47.694 E559.39267
G1 X9.305 Y18.15 Z47.699 E560.17353
G1 X8.042 Y16.483 Z47.707 E561.15705
G1 X5.82 Y13.093 Z47.721 E563.06319
G1 X4.078 Y11.193 Z47.73 E564.2754
G1 X1.845 Y12.69 Z47.739 E565.53965
G1 X1.636 Y14.706 Z47.746 E566.49279
G1 X1.549 Y16.742 Z47.753 E567.45113
G1 X1.388 Y19.042 Z47.761 E568.53539
G1 X1.107 Y21.13 Z47.769 E569.52616
G1 X0.732 Y22.696 Z47.774 E570.28341
G1 X0.366 Y23.517 Z47.777 E570.70613
G1 X0.219 Y23.768 Z47.778 E570.84292
G1 X0.057 Y23.922 Z47.779 E570.94803
G1 X-.193 Y24.061 Z47.78 E571.08255
G1 X-1.188 Y24.326 Z47.784 E571.56678
G1 X-2.209 Y23.809 Z47.788 E572.10497
G1 X-2.481 Y23.349 Z47.79 E572.35628
G1 X-2.697 Y22.861 Z47.791 E572.60724
G1 X-2.942 Y21.8 Z47.795 E573.11933
G1 X-3.128 Y20.148 Z47.801 E573.90112
G1 X-3.178 Y18.078 Z47.808 E574.87485
G1 X-3 Y14.011 Z47.822 E576.78926
G1 X-3.297 Y11.478 Z47.831 E577.9886
G1 X-5.944 Y11.375 Z47.84 E579.23434
G1 X-7.302 Y12.873 Z47.848 E580.18519
G1 X-8.584 Y14.484 Z47.855 E581.15339
G1 X-10.05 Y16.236 Z47.863 E582.22769
G1 X-11.521 Y17.767 Z47.87 E583.22614
G1 X-12.739 Y18.8 Z47.876 E583.97718
G1 X-13.523 Y19.239 Z47.879 E584.39974
G1 X-13.805 Y19.344 Z47.88 E584.54125
G1 X-14.021 Y19.356 Z47.881 E584.64298
G1 X-14.316 Y19.286 Z47.882 E584.78556
G1 X-15.202 Y18.901 Z47.885 E585.23986
G1 X-15.693 Y17.966 Z47.889 E585.7365
G1 X-15.673 Y17.45 Z47.89 E585.97934
G1 X-15.578 Y16.922 Z47.892 E586.23162
G1 X-15.176 Y15.921 Z47.896 E586.7389
G1 X-14.364 Y14.468 Z47.902 E587.52166
G1 X-13.19 Y12.756 Z47.909 E588.49787
G1 X-10.673 Y9.566 Z47.923 E590.40876
G1 X-9.438 Y7.366 Z47.932 E591.59522
G1 X-11.486 Y5.743 Z47.941 E592.82409
G1 X-13.468 Y6.147 Z47.948 E593.77532
G1 X-15.444 Y6.693 Z47.955 E594.73939
G1 X-17.665 Y7.245 Z47.963 E595.81563
G1 X-19.76 Y7.621 Z47.971 E596.81658
G1 X-21.358 Y7.732 Z47.976 E597.56987
G1 X-22.251 Y7.615 Z47.979 E597.99341
G1 X-22.536 Y7.52 Z47.98 E598.13469
G1 X-22.712 Y7.387 Z47.981 E598.23843
G1 X-22.893 Y7.125 Z47.982 E598.38818
G1 X-23.313 Y6.334 Z47.985 E598.80935
G1 X-23.184 Y5.361 Z47.989 E599.27092
G1 X-22.897 Y4.954 Z47.991 E599.50512
G1 X-22.523 Y4.567 Z47.992 E599.75821
G1 X-21.625 Y3.981 Z47.996 E600.26247
G1 X-20.127 Y3.274 Z48.002 E601.04145
G1 X-18.162 Y2.574 Z48.009 E602.02241
G1 X-14.258 Y1.455 Z48.023 E603.93226
G1 X-11.996 Y0.402 Z48.032 E605.10561
G1 X-12.685 Y-2.076 Z48.041 E606.31514
G1 X-14.516 Y-2.919 Z48.048 E607.26308
G1 X-16.435 Y-3.642 Z48.055 E608.22744
G1 X-18.561 Y-4.5 Z48.063 E609.30558
G1 X-20.471 Y-5.43 Z48.071 E610.30461
G1 X-21.832 Y-6.293 Z48.076 E611.06246
G1 X-22.478 Y-6.917 Z48.079 E611.48484
G1 X-22.642 Y-7.174 Z48.08 E611.62821
G1 X-22.69 Y-7.39 Z48.081 E611.73226
G1 X-22.651 Y-7.729 Z48.082 E611.89274
G1 X-22.489 Y-8.551 Z48.085 E612.28673
G1 X-21.882 Y-9.204 Z48.088 E612.706
G1 X-21.436 Y-9.391 Z48.09 E612.93343
G1 X-20.907 Y-9.501 Z48.092 E613.18752
G1 X-19.841 Y-9.466 Z48.096 E613.68909
G1 X-18.207 Y-9.168 Z48.101 E614.47018
G1 X-16.204 Y-8.592 Z48.109 E615.4503
G1 X-14.293 Y-7.911 Z48.116 E616.40434
G1 X-12.389 Y-7.215 Z48.123 E617.35767
G1 X-9.966 Y-6.748 Z48.131 E618.5181
G1 X-9.072 Y-9.118 Z48.14 E619.70929
G1 X-10.05 Y-10.88 Z48.147 E620.65698
G1 X-11.186 Y-12.609 Z48.154 E621.62987
G1 X-12.384 Y-14.533 Z48.162 E622.69573
G1 X-13.39 Y-16.424 Z48.17 E623.70301
G1 X-13.974 Y-17.92 Z48.175 E624.45824
G1 X-14.12 Y-18.807 Z48.178 E624.88097
G1 X-14.086 Y-19.117 Z48.18 E625.02763
G1 X-13.982 Y-19.313 E625.13198
G1 X-13.713 Y-19.564 Z48.182 E625.305
G1 X-13.11 Y-20.058 Z48.184 E625.67158
G1 X-12.322 Y-20.225 Z48.187 E626.05038
G1 X-11.863 Y-20.145 Z48.189 E626.26949
G1 X-11.355 Y-19.939 Z48.191 E626.52728
G1 X-10.503 Y-19.302 Z48.194 E627.02754
G1 X-9.354 Y-18.117 Z48.2 E627.80376
G1 X-8.061 Y-16.47 Z48.207 E628.78846
G1 X-5.771 Y-13.124 Z48.221 E630.6952
G1 X-4.098 Y-11.347 Z48.23 E631.84295
G1 X-2.016 Y-12.715 Z48.239 E633.01448
G1 X-1.762 Y-14.711 Z48.246 E633.96071
G1 X-1.663 Y-16.747 Z48.253 E634.9193
G1 X-1.499 Y-19.053 Z48.261 E636.00647
G1 X-1.201 Y-21.152 Z48.268 E637.00346
G1 X-.781 Y-22.718 Z48.274 E637.76593
G1 X-.367 Y-23.518 Z48.277 E638.18953
G1 X-.145 Y-23.739 Z48.278 E638.33684
G1 X0.063 Y-23.824 Z48.279 E638.44251
G1 X0.461 Y-23.844 Z48.28 E638.62991
G1 X1.173 Y-23.837 Z48.283 E638.96476
G1 X1.85 Y-23.552 Z48.285 E639.31019
G1 X2.183 Y-23.252 Z48.287 E639.52097
G1 X2.491 Y-22.793 Z48.289 E639.78091
G1 X2.825 Y-21.785 Z48.292 E640.28028
G1 X3.069 Y-20.147 Z48.298 E641.05908
G1 X3.154 Y-18.079 Z48.305 E642.03241
G1 X3.057 Y-14.007 Z48.32 E643.94788
G1 X3.371 Y-11.614 Z48.328 E645.08288
G1 X5.821 Y-11.496 Z48.337 E646.23637
G1 X7.203 Y-12.952 Z48.344 E647.18041
G1 X8.495 Y-14.555 Z48.351 E648.14862
G1 X9.97 Y-16.309 Z48.359 E649.22635
G1 X11.457 Y-17.841 Z48.366 E650.23037
G1 X12.713 Y-18.847 Z48.372 E650.98713
G1 X13.522 Y-19.241 Z48.375 E651.41029
G1 X13.847 Y-19.278 Z48.376 E651.56412
G1 X14.061 Y-19.208 Z48.377 E651.67
G1 X14.406 Y-18.953 Z48.378 E651.87175
G1 X14.903 Y-18.515 Z48.381 E652.18328
G1 X15.25 Y-17.969 Z48.383 E652.48752
G1 X15.374 Y-17.546 Z48.384 E652.69481
G1 X15.371 Y-16.988 Z48.386 E652.95722
G1 X15.071 Y-15.978 Z48.39 E653.4527
G1 X14.316 Y-14.502 Z48.396 E654.23235
G1 X13.172 Y-12.77 Z48.403 E655.20849
G1 X10.716 Y-9.529 Z48.417 E657.12081
G1 X9.579 Y-7.434 Z48.425 E658.24176
G1 X11.458 Y-5.914 Z48.434 E659.37831
G1 X13.433 Y-6.269 Z48.441 E660.32197
G1 X15.414 Y-6.803 Z48.448 E661.28682
G1 X17.642 Y-7.354 Z48.456 E662.36614
G1 X19.752 Y-7.718 Z48.463 E663.37306
G1 X21.364 Y-7.785 Z48.469 E664.13179
G1 X22.252 Y-7.617 Z48.472 E664.55679
G1 X22.531 Y-7.441 Z48.473 E664.71192
G1 X22.657 Y-7.242 Z48.474 E664.82268
G1 X22.77 Y-6.804 Z48.476 E665.03541
G1 X22.845 Y-6.197 Z48.478 E665.32303
G1 X22.828 Y-5.624 Z48.48 E665.59261
G1 X22.713 Y-5.207 Z48.481 E665.79603
G1 X22.395 Y-4.742 Z48.483 E666.06095
G1 X21.574 Y-4.088 Z48.487 E666.55456
G1 X20.107 Y-3.329 Z48.493 E667.33131
G1 X18.157 Y-2.592 Z48.5 E668.31164
;TIME_ELAPSED:343.273635
;LAYER:48
;TYPE:WALL-OUTER
;MESH:wavy.stl
G1 X16.62 Y-2.121 Z48.506 E669.06762
G1 X15.925 Y-1.908 Z48.509 E669.40946
G1 X14.303 Y-1.41 Z48.516 E670.20738
G1 X12.245 Y-0.001 Z48.525 E671.38028
G1 X13.409 Y2.242 Z48.535 E672.56867
G1 X15.063 Y2.997 Z48.542 E673.42369
G1 X16.851 Y3.692 Z48.55 E674.32582
G1 X18.781 Y4.497 Z48.558 E675.30922
G1 X19.841 Y5.024 Z48.563 E675.86591
G1 X20.433 Y5.317 Z48.565 E676.17654
G1 X21.493 Y6.019 Z48.57 E676.77443
G1 X21.962 Y6.391 Z48.572 E677.05594
G1 X22.022 Y6.461 Z48.573 E677.0993
G1 X22.075 Y6.538 E677.14326
G1 X22.125 Y6.645 Z48.574 E677.1988
G1 X20.635 Y9.245 Z48.585 E678.60804
G1 X20.253 Y9.285 Z48.587 E678.78867
G1 X19.663 Y9.291 Z48.589 E679.06614
G1 X18.835 Y9.183 Z48.592 E679.45882
G1 X17.452 Y8.894 Z48.598 E680.12325
G1 X15.947 Y8.473 Z48.604 E680.85817
G1 X14.719 Y8.062 Z48.609 E681.46715
G1 X14.005 Y7.819 Z48.612 E681.82183
G1 X12.399 Y7.274 Z48.618 E682.61938
G1 X9.921 Y7.201 Z48.628 E683.78521
G1 X9.551 Y9.686 Z48.638 E684.96671
G1 X10.439 Y11.27 Z48.645 E685.82068
G1 X11.495 Y12.921 Z48.653 E686.74233
G1 X12.557 Y14.671 Z48.661 E687.70498
G1 X13.099 Y15.723 Z48.665 E688.2615
G1 X13.406 Y16.314 Z48.668 E688.57469
G1 X13.842 Y17.507 Z48.673 E689.17201
G1 X13.984 Y18.084 Z48.675 E689.45145
G1 X13.985 Y18.175 E689.49425
G1 X13.967 Y18.27 Z48.676 E689.53972
G1 X13.896 Y18.393 E689.60651
G1 X11.32 Y19.522 Z48.687 E690.92916
G1 X10.969 Y19.353 Z48.689 E691.11236
G1 X10.486 Y19.035 Z48.691 E691.38431
G1 X9.862 Y18.475 Z48.694 E691.7786
G1 X8.91 Y17.445 Z48.7 E692.43818
G1 X7.912 Y16.198 Z48.706 E693.18929
G1 X7.174 Y15.164 Z48.711 E693.78669
G1 X6.74 Y14.554 Z48.714 E694.13875
G1 X5.751 Y13.177 Z48.721 E694.93603
G1 X3.802 Y11.663 Z48.73 E696.09662
G1 X2.057 Y13.451 Z48.74 E697.27154
G1 X1.838 Y15.254 Z48.747 E698.12566
G1 X1.718 Y17.207 Z48.755 E699.04583
G1 X1.545 Y19.249 Z48.763 E700.00955
G1 X1.36 Y20.421 Z48.767 E700.56753
G1 X1.259 Y21.071 Z48.77 E700.87687
G1 X0.898 Y22.298 Z48.775 E701.47834
G1 X0.662 Y22.837 Z48.777 E701.75505
G1 X0.602 Y22.909 E701.79913
G1 X0.518 Y22.967 Z48.778 E701.84713
G1 X0.349 Y23.003 E701.92839
G1 X-2.221 Y22.406 Z48.789 E703.16916
G1 X-2.428 Y22.077 Z48.79 E703.35195
G1 X-2.648 Y21.556 Z48.792 E703.61791
G1 X-2.845 Y20.739 Z48.796 E704.01313
G1 X-3.026 Y19.344 Z48.801 E704.67465
G1 X-3.108 Y17.757 Z48.807 E705.42196
G1 X-3.105 Y16.488 Z48.812 E706.01873
G1 X-3.099 Y15.736 Z48.815 E706.37238
G1 X-3.1 Y14.039 Z48.822 E707.17043
G1 X-3.783 Y11.681 Z48.831 E708.3249
G1 X-6.228 Y12.107 Z48.841 E709.49203
G1 X-7.469 Y13.431 Z48.848 E710.34541
G1 X-8.704 Y14.924 Z48.856 E711.2566
G1 X-10.06 Y16.485 Z48.864 E712.22898
G1 X-10.904 Y17.321 Z48.868 E712.78763
G1 X-11.372 Y17.791 Z48.871 E713.09955
G1 X-12.385 Y18.56 Z48.876 E713.69764
G1 X-12.898 Y18.841 Z48.878 E713.97271
G1 X-12.992 Y18.859 Z48.879 E714.01772
G1 X-13.103 Y18.841 E714.0706
G1 X-13.28 Y18.727 Z48.88 E714.16961
G1 X-14.866 Y16.855 Z48.889 E715.32342
G1 X-14.866 Y16.45 Z48.891 E715.51388
G1 X-14.763 Y15.907 Z48.893 E715.77379
G1 X-14.46 Y15.12 Z48.896 E716.17037
G1 X-13.806 Y13.888 Z48.902 E716.82632
G1 X-12.957 Y12.565 Z48.908 E717.56557
G1 X-12.198 Y11.514 Z48.913 E718.17523
G1 X-11.755 Y10.91 Z48.916 E718.52748
G1 X-10.766 Y9.533 Z48.922 E719.32475
G1 X-9.935 Y7.236 Z48.932 E720.47347
G1 X-12.152 Y6.155 Z48.942 E721.63339
G1 X-13.932 Y6.491 Z48.949 E722.48525
G1 X-15.805 Y6.969 Z48.956 E723.39429
G1 X-17.835 Y7.433 Z48.964 E724.37355
G1 X-19.002 Y7.606 Z48.969 E724.92835
G1 X-19.661 Y7.709 Z48.972 E725.24202
G1 X-20.928 Y7.725 Z48.976 E725.8379
G1 X-21.506 Y7.635 Z48.979 E726.11299
G1 X-21.591 Y7.589 E726.15844
G1 X-21.665 Y7.495 Z48.98 E726.2147
G1 X-21.733 Y7.25 Z48.981 E726.33427
G1 X-21.865 Y4.976 Z48.989 E727.40546
G1 X-21.65 Y4.631 Z48.991 E727.59663
G1 X-21.266 Y4.241 Z48.993 E727.85401
G1 X-20.568 Y3.762 Z48.996 E728.25212
G1 X-19.328 Y3.139 Z49.002 E728.90471
G1 X-17.843 Y2.553 Z49.008 E729.65547
G1 X-16.613 Y2.143 Z49.013 E730.26518
G1 X-15.921 Y1.919 Z49.016 E730.60723
G1 X-14.313 Y1.378 Z49.023 E731.40507
G1 X-12.302 Y0.016 Z49.032 E732.54727
G1 X-13.458 Y-2.144 Z49.042 E733.69937
G1 X-15.092 Y-2.923 Z49.049 E734.55065
G1 X-16.876 Y-3.636 Z49.056 E735.45412
G1 X-18.799 Y-4.463 Z49.064 E736.43853
G1 X-19.846 Y-5.014 Z49.069 E736.99492
G1 X-20.434 Y-5.317 Z49.071 E737.30599
G1 X-21.467 Y-6.059 Z49.076 E737.90411
G1 X-21.867 Y-6.481 Z49.079 E738.17755
G1 X-21.904 Y-6.572 E738.22375
G1 X-21.897 Y-6.706 Z49.08 E738.28685
G1 X-21.775 Y-6.973 Z49.081 E738.4249
G1 X-20.609 Y-8.721 Z49.089 E739.41302
G1 X-20.234 Y-8.9 Z49.09 E739.60843
G1 X-19.705 Y-9.012 Z49.093 E739.86272
G1 X-18.86 Y-9.012 Z49.096 E740.2601
G1 X-17.477 Y-8.8 Z49.101 E740.91807
G1 X-15.964 Y-8.422 Z49.107 E741.65146
G1 X-14.727 Y-8.037 Z49.112 E742.2607
G1 X-14.009 Y-7.805 Z49.115 E742.61554
G1 X-12.388 Y-7.306 Z49.122 E743.41315
G1 X-9.974 Y-7.222 Z49.131 E744.54906
G1 X-9.648 Y-9.635 Z49.141 E745.69413
G1 X-10.505 Y-11.227 Z49.148 E746.54438
G1 X-11.548 Y-12.889 Z49.156 E747.46712
G1 X-12.591 Y-14.654 Z49.164 E748.43123
G1 X-13.109 Y-15.718 Z49.168 E748.98774
G1 X-13.405 Y-16.315 Z49.171 E749.30111
G1 X-13.797 Y-17.524 Z49.176 E749.8988
G1 X-13.854 Y-18.1 Z49.178 E750.171
G1 X-13.826 Y-18.196 E750.21802
G1 X-13.725 Y-18.3 Z49.179 E750.2862
G1 X-13.416 Y-18.454 Z49.18 E750.44856
G1 X-11.607 Y-19.082 Z49.188 E751.34908
G1 X-11.18 Y-19.031 Z49.189 E751.55131
G1 X-10.684 Y-18.835 Z49.191 E751.80211
G1 X-9.984 Y-18.351 Z49.195 E752.20233
G1 X-8.985 Y-17.384 Z49.2 E752.85617
G1 X-7.956 Y-16.167 Z49.206 E753.60564
G1 X-7.193 Y-15.15 Z49.211 E754.20354
G1 X-6.749 Y-14.547 Z49.214 E754.55569
G1 X-5.724 Y-13.196 Z49.221 E755.35318
G1 X-3.834 Y-11.714 Z49.23 E756.48265
G1 X-2.164 Y-13.467 Z49.24 E757.62123
G1 X-1.916 Y-15.259 Z49.247 E758.47198
G1 X-1.779 Y-17.216 Z49.254 E759.39454
G1 X-1.582 Y-19.261 Z49.262 E760.36069
G1 X-1.369 Y-20.422 Z49.267 E760.91579
G1 X-1.258 Y-21.071 Z49.27 E761.22542
G1 X-.851 Y-22.285 Z49.275 E761.82756
G1 X-.547 Y-22.774 Z49.277 E762.09833
G1 X-.461 Y-22.831 E762.14685
G1 X-.304 Y-22.849 Z49.278 E762.22117
G1 X0.073 Y-22.77 Z49.279 E762.40231
G1 X1.731 Y-22.22 Z49.286 E763.22379
G1 X2.068 Y-21.941 Z49.288 E763.42954
G1 X2.37 Y-21.51 Z49.29 E763.67703
G1 X2.673 Y-20.71 Z49.293 E764.07932
G1 X2.927 Y-19.344 Z49.299 E764.73272
G1 X3.054 Y-17.758 Z49.305 E765.48095
G1 X3.081 Y-16.488 Z49.31 E766.07833
G1 X3.087 Y-15.736 Z49.313 E766.43198
G1 X3.134 Y-14.038 Z49.319 E767.2308
G1 X3.787 Y-11.741 Z49.329 E768.35381
G1 X6.15 Y-12.183 Z49.338 E769.48432
G1 X7.408 Y-13.481 Z49.345 E770.33437
G1 X8.656 Y-14.965 Z49.353 E771.24622
G1 X10.033 Y-16.512 Z49.361 E772.22018
G1 X10.897 Y-17.329 Z49.365 E772.77938
G1 X11.374 Y-17.792 Z49.368 E773.09199
G1 X12.415 Y-18.522 Z49.373 E773.68991
G1 X12.954 Y-18.722 Z49.375 E773.96027
G1 X13.06 Y-18.712 E774.01034
G1 X13.208 Y-18.618 Z49.376 E774.0928
G1 X13.485 Y-18.291 Z49.378 E774.29433
G1 X14.357 Y-16.993 Z49.384 E775.02969
G1 X14.495 Y-16.551 Z49.386 E775.24745
G1 X14.511 Y-16.033 Z49.388 E775.49116
G1 X14.305 Y-15.198 Z49.391 E775.89561
G1 X13.724 Y-13.941 Z49.396 E776.54682
G1 X12.914 Y-12.597 Z49.403 E777.28478
G1 X12.179 Y-11.528 Z49.408 E777.89485
G1 X11.745 Y-10.917 Z49.411 E778.2473
G1 X10.792 Y-9.513 Z49.417 E779.04529
G1 X9.972 Y-7.281 Z49.426 E780.16352
G1 X12.133 Y-6.263 Z49.436 E781.28688
G1 X13.911 Y-6.568 Z49.443 E782.13523
G1 X15.79 Y-7.03 Z49.45 E783.04518
G1 X17.829 Y-7.471 Z49.458 E784.02622
G1 X19 Y-7.616 Z49.463 E784.58111
G1 X19.662 Y-7.708 Z49.466 E784.89542
G1 X20.93 Y-7.677 Z49.471 E785.4919
G1 X21.481 Y-7.505 Z49.473 E785.76335
G1 X21.561 Y-7.43 E785.81492
G1 X21.619 Y-7.255 Z49.474 E785.90162
G1 X21.643 Y-6.776 Z49.476 E786.12716
G1 X21.536 Y-5.385 Z49.481 E786.78323
G1 X21.408 Y-4.932 Z49.483 E787.0046
G1 X21.136 Y-4.49 Z49.485 E787.24867
G1 X20.488 Y-3.915 Z49.488 E787.65607
G1 X19.293 Y-3.23 Z49.494 E788.30382
G1 X17.827 Y-2.604 Z49.5 E789.05346
;TIME_ELAPSED:349.753678
;LAYER:49
;TYPE:WALL-OUTER
;MESH:wavy.stl
G1 X16.985 Y-2.303 Z49.504 E789.47397
G1 X15.51 Y-1.781 Z49.511 E790.20977
G1 X14.115 Y-1.21 Z49.517 E790.91862
G1 X12.494 Y0.224 Z49.527 E791.9364
G1 X13.722 Y2.157 Z49.537 E793.01336
G1 X15.208 Y2.89 Z49.544 E793.79257
G1 X16.841 Y3.561 Z49.552 E794.62282
G1 X18.546 Y4.317 Z49.56 E795.49991
G1 X19.937 Y5.064 Z49.567 E796.24241
G1 X20.817 Y5.639 Z49.572 E796.73676
G1 X21.061 Y5.839 Z49.573 E796.88513
G1 X21.074 Y5.863 E796.89796
G1 X21.011 Y5.867 E796.92765
G1 X19.44 Y8.709 Z49.588 E798.45476
G1 X18.964 Y8.781 Z49.59 E798.68115
G1 X18.362 Y8.757 Z49.592 E798.96447
G1 X17.676 Y8.699 Z49.595 E799.28823
G1 X16.48 Y8.465 Z49.601 E799.86134
G1 X14.955 Y8.064 Z49.608 E800.60288
G1 X13.602 Y7.665 Z49.614 E801.26624
G1 X12.129 Y7.312 Z49.621 E801.97856
G1 X9.97 Y7.525 Z49.63 E802.9988
G1 X9.839 Y9.805 Z49.64 E804.07278
G1 X10.609 Y11.276 Z49.647 E804.85358
G1 X11.552 Y12.815 Z49.655 E805.70238
G1 X12.459 Y14.392 Z49.663 E806.55791
G1 X13.139 Y15.819 Z49.67 E807.30128
G1 X13.498 Y16.807 Z49.675 E807.79563
G1 X13.566 Y17.114 Z49.676 E807.9435
G1 X13.548 Y17.144 E807.95995
G1 X13.444 Y17.126 Z49.677 E808.00959
G1 X10.676 Y18.373 Z49.69 E809.43729
G1 X10.102 Y18.081 Z49.693 E809.74014
G1 X9.749 Y17.826 Z49.695 E809.94493
G1 X9.22 Y17.394 Z49.698 E810.26611
G1 X8.382 Y16.52 Z49.703 E810.83553
G1 X7.391 Y15.325 Z49.71 E811.5656
G1 X6.507 Y14.188 Z49.716 E812.24289
G1 X5.52 Y13.038 Z49.723 E812.95557
G1 X3.639 Y11.949 Z49.732 E813.97769
G1 X2.203 Y13.719 Z49.742 E815.04955
G1 X1.96 Y15.358 Z49.75 E815.82875
G1 X1.817 Y17.111 Z49.757 E816.65587
G1 X1.614 Y18.97 Z49.766 E817.5353
G1 X1.318 Y20.52 Z49.773 E818.27738
G1 X1.014 Y21.52 Z49.777 E818.7689
G1 X0.875 Y21.808 Z49.779 E818.91929
G1 X0.83 Y21.817 E818.94087
G1 X0.709 Y21.723 E819.01293
G1 X-2.058 Y21.08 Z49.792 E820.34883
G1 X-2.364 Y20.549 Z49.795 E820.63704
G1 X-2.525 Y20.141 Z49.797 E820.84331
G1 X-2.718 Y19.483 Z49.8 E821.16578
G1 X-2.9 Y18.279 Z49.805 E821.73842
G1 X-3.012 Y16.741 Z49.812 E822.46361
G1 X-3.063 Y15.303 Z49.818 E823.14028
G1 X-3.19 Y13.791 Z49.825 E823.85383
G1 X-4.078 Y11.796 Z49.834 E824.88075
G1 X-6.276 Y12.4 Z49.844 E825.95272
G1 X-7.438 Y13.578 Z49.851 E826.73086
G1 X-8.6 Y14.926 Z49.859 E827.5678
G1 X-9.841 Y16.281 Z49.867 E828.43188
G1 X-11.01 Y17.368 Z49.874 E829.18256
G1 X-11.843 Y17.982 Z49.879 E829.66921
G1 X-12.132 Y18.122 Z49.88 E829.82023
G1 X-12.183 Y18.091 Z49.881 E829.8483
G1 X-12.256 Y17.903 E829.94314
G1 X-13.938 Y15.878 Z49.893 E831.18109
G1 X-13.908 Y15.269 Z49.896 E831.46783
G1 X-13.822 Y14.835 Z49.898 E831.6759
G1 X-13.61 Y14.184 Z49.901 E831.99787
G1 X-13.069 Y13.099 Z49.906 E832.56802
G1 X-12.331 Y11.892 Z49.912 E833.23333
G1 X-11.462 Y10.583 Z49.919 E833.97221
G1 X-10.681 Y9.285 Z49.926 E834.68459
G1 X-10.23 Y7.142 Z49.935 E835.71445
G1 X-12.364 Y6.349 Z49.945 E836.78506
G1 X-13.999 Y6.617 Z49.952 E837.56421
G1 X-15.755 Y7.025 Z49.96 E838.41199
G1 X-17.541 Y7.383 Z49.968 E839.2686
G1 X-19.109 Y7.565 Z49.975 E840.01093
G1 X-20.156 Y7.556 Z49.98 E840.50332
G1 X-20.467 Y7.489 Z49.981 E840.65293
G1 X-20.489 Y7.419 Z49.982 E840.68744
G1 X-20.435 Y7.169 Z49.983 E840.80772
G1 X-20.529 Y4.742 Z49.993 E841.94991
G1 X-20.181 Y4.257 Z49.996 E842.23063
G1 X-19.87 Y3.933 Z49.998 E842.44183
G1 X-19.323 Y3.514 Z50.001 E842.76587
G1 X-18.32 Y2.974 Z50.006 E843.30156
G1 X-16.954 Y2.388 Z50.013 E844.00056
G1 X-15.49 Y1.834 Z50.019 E844.73668
G1 X-14.094 Y1.241 Z50.026 E845.44995
G1 X-12.467 Y-.239 Z50.036 E846.48428
G1 X-13.739 Y-2.124 Z50.046 E847.55368
G1 X-15.216 Y-2.871 Z50.053 E848.33205
G1 X-16.84 Y-3.563 Z50.061 E849.16221
G1 X-18.533 Y-4.346 Z50.069 E850.0394
G1 X-19.904 Y-5.126 Z50.076 E850.78118
G1 X-20.729 Y-5.754 Z50.08 E851.26876
G1 X-20.934 Y-6.004 Z50.082 E851.42081
G1 X-20.903 Y-6.085 E851.46159
G1 X-20.682 Y-6.295 Z50.083 E851.60496
G1 X-19.378 Y-8.111 Z50.093 E852.65633
G1 X-18.917 Y-8.327 Z50.095 E852.89574
G1 X-18.397 Y-8.431 Z50.098 E853.14512
G1 X-17.7 Y-8.467 Z50.101 E853.47334
G1 X-16.511 Y-8.326 Z50.106 E854.0364
G1 X-14.978 Y-7.982 Z50.113 E854.77525
G1 X-13.617 Y-7.61 Z50.119 E855.43877
G1 X-12.13 Y-7.274 Z50.126 E856.15568
G1 X-9.942 Y-7.522 Z50.136 E857.19122
G1 X-9.872 Y-9.789 Z50.146 E858.25783
G1 X-10.627 Y-11.265 Z50.153 E859.03748
G1 X-11.55 Y-12.817 Z50.161 E859.88666
G1 X-12.432 Y-14.408 Z50.169 E860.74213
G1 X-13.075 Y-15.851 Z50.176 E861.48505
G1 X-13.358 Y-16.849 Z50.18 E861.97288
G1 X-13.367 Y-17.174 Z50.182 E862.12578
G1 X-13.28 Y-17.224 E862.17297
G1 X-12.925 Y-17.28 Z50.184 E862.34198
G1 X-10.98 Y-17.85 Z50.192 E863.29512
G1 X-10.407 Y-17.742 Z50.195 E863.56933
G1 X-9.967 Y-17.584 Z50.197 E863.78918
G1 X-9.375 Y-17.222 Z50.2 E864.1155
G1 X-8.489 Y-16.425 Z50.205 E864.67593
G1 X-7.458 Y-15.273 Z50.212 E865.40296
G1 X-6.551 Y-14.153 Z50.218 E866.08071
G1 X-5.543 Y-13.009 Z50.225 E866.79774
G1 X-3.616 Y-11.928 Z50.235 E867.8368
G1 X-2.239 Y-13.724 Z50.245 E868.90108
G1 X-1.979 Y-15.359 Z50.252 E869.67963
G1 X-1.815 Y-17.111 Z50.26 E870.50714
G1 X-1.582 Y-18.967 Z50.268 E871.38681
G1 X-1.247 Y-20.508 Z50.275 E872.12842
G1 X-.877 Y-21.472 Z50.279 E872.614
G1 X-.678 Y-21.738 Z50.281 E872.77023
G1 X-.568 Y-21.724 E872.82237
G1 X-.202 Y-21.544 Z50.283 E873.01418
G1 X1.509 Y-20.837 Z50.291 E873.8848
G1 X1.918 Y-20.454 Z50.294 E874.1483
G1 X2.206 Y-20.073 Z50.296 E874.37291
G1 X2.49 Y-19.434 Z50.299 E874.70175
G1 X2.759 Y-18.266 Z50.304 E875.2654
G1 X2.926 Y-16.738 Z50.311 E875.98825
G1 X3.007 Y-15.301 Z50.317 E876.6651
G1 X3.155 Y-13.781 Z50.324 E877.38329
G1 X4.084 Y-11.766 Z50.334 E878.42674
G1 X6.25 Y-12.426 Z50.344 E879.49158
G1 X7.423 Y-13.592 Z50.351 E880.26937
G1 X8.602 Y-14.925 Z50.359 E881.10625
G1 X9.864 Y-16.261 Z50.367 E881.97052
G1 X11.059 Y-17.317 Z50.374 E882.72047
G1 X11.925 Y-17.863 Z50.378 E883.20191
G1 X12.25 Y-17.951 Z50.38 E883.36025
G1 X12.342 Y-17.86 E883.4211
G1 X12.562 Y-17.458 Z50.382 E883.63661
G1 X13.347 Y-16.005 Z50.389 E884.41325
G1 X13.491 Y-15.454 Z50.392 E884.68108
G1 X13.524 Y-14.968 Z50.394 E884.91015
G1 X13.396 Y-14.279 Z50.397 E885.23971
G1 X12.946 Y-13.172 Z50.402 E885.80167
G1 X12.255 Y-11.943 Z50.409 E886.46472
G1 X11.415 Y-10.614 Z50.416 E887.20408
G1 X10.646 Y-9.298 Z50.422 E887.92086
G1 X10.218 Y-7.116 Z50.432 E888.96654
G1 X12.358 Y-6.385 Z50.442 E890.03001
G1 X13.994 Y-6.636 Z50.449 E890.80837
G1 X15.756 Y-7.022 Z50.457 E891.65664
G1 X17.548 Y-7.353 Z50.465 E892.51361
G1 X19.119 Y-7.495 Z50.472 E893.25542
G1 X20.152 Y-7.41 Z50.477 E893.74285
G1 X20.461 Y-7.28 Z50.478 E893.90049
G1 X20.482 Y-7.139 Z50.479 E893.96754
G1 X20.421 Y-6.627 Z50.481 E894.21002
G1 X20.125 Y-5.191 Z50.487 E894.89952
G1 X19.953 Y-4.652 Z50.49 E895.16559
G1 X19.707 Y-4.216 Z50.492 E895.40101
G1 X19.206 Y-3.716 Z50.495 E895.73387
G1 X18.262 Y-3.109 Z50.5 E896.26166
;TIME_ELAPSED:355.536243
;LAYER:50
;TYPE:WALL-OUTER
;MESH:wavy.stl
G1 X17.206 Y-2.61 Z50.506 E896.81092
G1 X16.071 Y-2.131 Z50.512 E897.39026
G1 X14.863 Y-1.623 Z50.518 E898.00653
G1 X13.734 Y-.963 Z50.525 E898.62153
G1 X12.474 Y0.314 Z50.533 E899.46518
G1 X13.678 Y1.998 Z50.544 E900.43871
G1 X14.941 Y2.714 Z50.551 E901.12146
G1 X16.421 Y3.389 Z50.559 E901.88643
G1 X17.898 Y4.085 Z50.567 E902.65427
G1 X19.145 Y4.768 Z50.574 E903.3229
G1 X19.943 Y5.287 Z50.578 E903.77056
G1 X20.049 Y5.384 Z50.579 E903.83813
G1 X19.947 Y5.357 E903.88775
G1 X17.444 Y8.168 Z50.598 E905.65778
G1 X16.983 Y8.165 Z50.6 E905.87458
G1 X16.328 Y8.117 Z50.603 E906.18343
G1 X15.476 Y7.968 Z50.608 E906.59019
G1 X14.28 Y7.702 Z50.614 E907.16637
G1 X12.983 Y7.401 Z50.62 E907.79252
G1 X11.671 Y7.264 Z50.627 E908.41287
G1 X9.888 Y7.586 Z50.636 E909.26492
G1 X9.875 Y9.656 Z50.646 E910.2384
G1 X10.481 Y10.984 Z50.653 E910.92487
G1 X11.278 Y12.396 Z50.661 E911.68737
G1 X12.061 Y13.831 Z50.669 E912.45613
G1 X12.662 Y15.129 Z50.676 E913.12879
G1 X12.982 Y16.012 Z50.68 E913.57047
G1 X13.005 Y16.153 Z50.681 E913.63765
G1 X12.89 Y16.085 Z50.682 E913.70048
G1 X9.383 Y16.791 Z50.699 E915.3828
G1 X8.984 Y16.529 Z50.702 E915.60728
G1 X8.484 Y16.128 Z50.705 E915.90869
G1 X7.851 Y15.501 Z50.709 E916.32768
G1 X7.038 Y14.596 Z50.715 E916.89979
G1 X6.17 Y13.604 Z50.722 E917.51967
G1 X5.186 Y12.712 Z50.728 E918.14425
G1 X3.518 Y11.934 Z50.737 E919.00979
G1 X2.301 Y13.607 Z50.747 E919.98269
G1 X2.012 Y15.044 Z50.754 E920.672
G1 X1.826 Y16.646 Z50.762 E921.43043
G1 X1.606 Y18.289 Z50.77 E922.20998
G1 X1.325 Y19.671 Z50.777 E922.87319
G1 X1.05 Y20.568 Z50.782 E923.3144
G1 X0.981 Y20.693 Z50.783 E923.38155
G1 X0.881 Y20.551 Z50.784 E923.46322
G1 X-2.186 Y19.06 Z50.8 E925.06694
G1 X-2.372 Y18.636 Z50.802 E925.28468
G1 X-2.561 Y18.024 Z50.806 E925.5859
G1 X-2.72 Y17.153 Z50.81 E926.00227
G1 X-2.854 Y15.967 Z50.816 E926.56356
G1 X-2.98 Y14.629 Z50.822 E927.19556
G1 X-3.249 Y13.32 Z50.829 E927.82401
G1 X-4.174 Y11.697 Z50.838 E928.70252
G1 X-6.14 Y12.346 Z50.848 E929.67614
G1 X-7.222 Y13.346 Z50.855 E930.369
G1 X-8.301 Y14.515 Z50.863 E931.11713
G1 X-9.463 Y15.727 Z50.872 E931.90674
G1 X-10.509 Y16.67 Z50.878 E932.56903
G1 X-11.262 Y17.218 Z50.883 E933.00699
G1 X-11.395 Y17.274 Z50.884 E933.07485
G1 X-11.418 Y17.056 Z50.885 E933.17794
G1 X-12.878 Y14.17 Z50.901 E934.69893
G1 X-12.804 Y13.706 Z50.903 E934.91989
G1 X-12.62 Y13.106 Z50.906 E935.21502
G1 X-12.25 Y12.297 Z50.91 E935.63337
G1 X-11.655 Y11.229 Z50.916 E936.2083
G1 X-10.992 Y10.095 Z50.923 E936.82604
G1 X-10.428 Y8.873 Z50.929 E937.45897
G1 X-10.247 Y6.986 Z50.939 E938.35044
G1 X-12.22 Y6.363 Z50.949 E939.32344
G1 X-13.69 Y6.539 Z50.956 E940.01967
G1 X-15.292 Y6.858 Z50.964 E940.78783
G1 X-16.895 Y7.141 Z50.972 E941.55333
G1 X-18.306 Y7.281 Z50.979 E942.22014
G1 X-19.228 Y7.265 Z50.984 E942.6538
G1 X-19.367 Y7.227 E942.72156
G1 X-19.256 Y6.985 Z50.986 E942.84677
G1 X-18.702 Y3.986 Z51 E944.28097
G1 X-18.374 Y3.625 Z51.003 E944.51035
G1 X-17.889 Y3.241 Z51.006 E944.80126
G1 X-17.122 Y2.786 Z51.01 E945.22065
G1 X-16.019 Y2.259 Z51.016 E945.79552
G1 X-14.817 Y1.728 Z51.023 E946.41349
G1 X-13.632 Y1.071 Z51.029 E947.05067
G1 X-12.373 Y-.387 Z51.039 E947.95658
G1 X-13.616 Y-2.043 Z51.049 E948.93032
G1 X-14.915 Y-2.765 Z51.056 E949.62922
G1 X-16.394 Y-3.449 Z51.064 E950.39553
G1 X-17.858 Y-4.17 Z51.072 E951.16297
G1 X-19.071 Y-4.891 Z51.079 E951.82656
G1 X-19.796 Y-5.458 Z51.084 E952.2594
G1 X-19.884 Y-5.575 E952.32824
G1 X-19.614 Y-5.743 Z51.086 E952.47779
G1 X-17.471 Y-7.67 Z51.1 E953.83309
G1 X-17.003 Y-7.791 Z51.102 E954.06042
G1 X-16.381 Y-7.841 Z51.105 E954.35387
G1 X-15.513 Y-7.775 Z51.11 E954.76324
G1 X-14.314 Y-7.566 Z51.116 E955.3356
G1 X-13.007 Y-7.288 Z51.122 E955.96399
G1 X-11.653 Y-7.117 Z51.129 E956.60579
G1 X-9.761 Y-7.584 Z51.138 E957.52224
G1 X-9.798 Y-9.655 Z51.149 E958.49633
G1 X-10.431 Y-11.009 Z51.156 E959.19922
G1 X-11.221 Y-12.429 Z51.164 E959.96339
G1 X-11.978 Y-13.876 Z51.172 E960.73137
G1 X-12.53 Y-15.185 Z51.179 E961.39944
G1 X-12.763 Y-16.063 Z51.183 E961.82663
G1 X-12.76 Y-16.21 Z51.184 E961.89578
G1 X-12.396 Y-16.201 Z51.186 E962.06701
G1 X-9.701 Y-16.4 Z51.199 E963.33783
G1 X-9.22 Y-16.238 Z51.202 E963.57652
G1 X-8.688 Y-15.936 Z51.205 E963.8642
G1 X-7.994 Y-15.367 Z51.209 E964.28624
G1 X-7.149 Y-14.511 Z51.215 E964.85189
G1 X-6.256 Y-13.527 Z51.221 E965.47678
G1 X-5.258 Y-12.581 Z51.228 E966.12345
G1 X-3.417 Y-11.86 Z51.238 E967.05324
G1 X-2.239 Y-13.562 Z51.248 E968.02666
G1 X-1.956 Y-15.035 Z51.255 E968.73203
G1 X-1.76 Y-16.639 Z51.263 E969.49195
G1 X-1.512 Y-18.277 Z51.271 E970.27103
G1 X-1.185 Y-19.639 Z51.278 E970.92974
G1 X-.842 Y-20.48 Z51.283 E971.35687
G1 X-.748 Y-20.595 E971.42672
G1 X-.414 Y-20.354 Z51.285 E971.62041
G1 X1.704 Y-18.932 Z51.298 E972.8201
G1 X2.01 Y-18.54 Z51.3 E973.05396
G1 X2.282 Y-17.989 Z51.303 E973.34294
G1 X2.526 Y-17.129 Z51.308 E973.76333
G1 X2.714 Y-15.958 Z51.314 E974.32107
G1 X2.867 Y-14.617 Z51.32 E974.95579
G1 X3.114 Y-13.257 Z51.327 E975.60582
G1 X4.211 Y-11.58 Z51.337 E976.54821
G1 X6.164 Y-12.273 Z51.347 E977.52275
G1 X7.262 Y-13.306 Z51.354 E978.2317
G1 X8.35 Y-14.471 Z51.362 E978.98133
G1 X9.532 Y-15.662 Z51.37 E979.77043
G1 X10.603 Y-16.563 Z51.377 E980.42862
G1 X11.379 Y-17.025 Z51.382 E980.85333
G1 X11.526 Y-17.058 E980.92418
G1 X11.681 Y-16.622 Z51.385 E981.14179
G1 X12.413 Y-14.349 Z51.396 E982.26477
G1 X12.455 Y-13.84 Z51.399 E982.50495
G1 X12.372 Y-13.242 Z51.402 E982.78887
G1 X12.078 Y-12.391 Z51.406 E983.21228
G1 X11.538 Y-11.302 Z51.412 E983.78391
G1 X10.892 Y-10.152 Z51.419 E984.4042
G1 X10.282 Y-8.901 Z51.425 E985.05872
G1 X10.207 Y-6.868 Z51.435 E986.01543
G1 X12.196 Y-6.291 Z51.446 E986.98936
G1 X13.699 Y-6.483 Z51.453 E987.70192
G1 X15.307 Y-6.794 Z51.461 E988.47213
G1 X16.913 Y-7.049 Z51.469 E989.23684
G1 X18.319 Y-7.139 Z51.476 E989.89939
G1 X19.209 Y-7.04 Z51.48 E990.32051
G1 X19.346 Y-6.976 Z51.481 E990.39162
G1 X19.213 Y-6.48 Z51.484 E990.63312
G1 X18.429 Y-4.407 Z51.494 E991.67538
G1 X18.171 Y-3.938 Z51.497 E991.9271
G1 X17.769 Y-3.492 Z51.5 E992.20947
;TIME_ELAPSED:360.734186
;LAYER:51
;note -- min layer time used
;TYPE:WALL-OUTER
;MESH:wavy.stl
G1 F2233.5 X16.546 Y-2.702 Z51.508 E992.89416
G1 X15.88 Y-2.351 Z51.512 E993.2482
G1 X14.981 Y-1.934 Z51.517 E993.71424
G1 X14.012 Y-1.437 Z51.523 E994.22638
G1 X13.181 Y-.743 Z51.529 E994.73553
G1 X12.26 Y0.458 Z51.537 E995.44728
G1 X13.298 Y1.787 Z51.546 E996.2403
G1 X14.318 Y2.516 Z51.553 E996.8299
G1 X15.656 Y3.186 Z51.561 E997.5336
G1 X17.026 Y3.86 Z51.569 E998.25162
G1 X18.219 Y4.53 Z51.576 E998.89507
G1 X18.904 Y4.98 Z51.581 E999.2805
G1 X18.768 Y4.924 Z51.582 E999.34967
G1 X17.702 Y6.991 Z51.594 E1000.44337
G1 X15.721 Y7.53 Z51.605 E1001.40885
G1 X14.982 Y7.478 Z51.609 E1001.75724
G1 X14.238 Y7.384 Z51.613 E1002.1099
G1 X13.268 Y7.203 Z51.618 E1002.57393
G1 X12.186 Y7.037 Z51.624 E1003.08872
G1 X11.081 Y7.092 Z51.63 E1003.60901
G1 X9.603 Y7.555 Z51.639 E1004.33738
G1 X9.664 Y9.263 Z51.648 E1005.14112
G1 X10.08 Y10.461 Z51.655 E1005.7375
G1 X10.771 Y11.792 Z51.663 E1006.44276
G1 X11.476 Y13.14 Z51.671 E1007.15814
G1 X12.041 Y14.387 Z51.678 E1007.80196
G1 X12.318 Y15.157 Z51.683 E1008.18678
G1 X12.218 Y15.046 E1008.25704
G1 X10.216 Y15.942 Z51.695 E1009.28852
G1 X8.339 Y15.257 Z51.706 E1010.22816
G1 X7.772 Y14.812 Z51.71 E1010.56712
G1 X7.213 Y14.308 Z51.714 E1010.92107
G1 X6.531 Y13.605 Z51.719 E1011.38168
G1 X5.749 Y12.83 Z51.725 E1011.89944
G1 X4.815 Y12.198 Z51.731 E1012.42978
G1 X3.303 Y11.716 Z51.74 E1013.17608
G1 X2.339 Y13.149 Z51.749 E1013.98827
G1 X1.979 Y14.385 Z51.756 E1014.59368
G1 X1.763 Y15.828 Z51.764 E1015.27984
G1 X1.53 Y17.381 Z51.772 E1016.01835
G1 X1.25 Y18.707 Z51.779 E1016.65568
G1 X1.009 Y19.492 Z51.784 E1017.04184
G1 X0.966 Y19.333 Z51.785 E1017.1193
G1 X-1.028 Y18.807 Z51.796 E1018.0891
G1 X-2.135 Y17.227 Z51.806 E1018.99635
G1 X-2.356 Y16.536 Z51.81 E1019.33752
G1 X-2.523 Y15.813 Z51.814 E1019.68648
G1 X-2.676 Y14.819 Z51.819 E1020.15943
G1 X-2.853 Y13.752 Z51.825 E1020.66807
G1 X-3.228 Y12.666 Z51.831 E1021.20838
G1 X-4.208 Y11.37 Z51.84 E1021.97248
G1 X-5.853 Y11.973 Z51.849 E1022.79641
G1 X-6.871 Y12.781 Z51.856 E1023.40761
G1 X-7.914 Y13.845 Z51.864 E1024.10829
G1 X-8.991 Y14.936 Z51.873 E1024.82924
G1 X-10.01 Y15.844 Z51.88 E1025.47109
G1 X-10.671 Y16.324 Z51.884 E1025.85525
G1 X-10.63 Y16.146 Z51.885 E1025.94115
G1 X-11.771 Y14.579 Z51.896 E1026.85272
G1 X-11.772 Y12.715 Z51.906 E1027.72931
G1 X-11.569 Y12.021 Z51.91 E1028.06935
G1 X-11.29 Y11.324 Z51.914 E1028.42241
G1 X-10.856 Y10.457 Z51.919 E1028.87837
G1 X-10.358 Y9.464 Z51.925 E1029.40078
G1 X-10.001 Y8.353 Z51.931 E1029.94956
G1 X-10.054 Y6.686 Z51.94 E1030.7339
G1 X-11.76 Y6.205 Z51.95 E1031.56746
G1 X-13.075 Y6.274 Z51.957 E1032.18672
G1 X-14.558 Y6.526 Z51.965 E1032.89413
G1 X-16.053 Y6.769 Z51.973 E1033.60641
G1 X-17.412 Y6.897 Z51.98 E1034.24833
G1 X-18.233 Y6.883 Z51.985 E1034.63448
G1 X-18.098 Y6.738 Z51.986 E1034.72765
G1 X-17.981 Y4.918 Z51.996 E1035.58531
G1 X-16.936 Y3.428 Z52.005 E1036.44117
G1 X-16.396 Y2.981 Z52.009 E1036.77083
G1 X-15.776 Y2.574 Z52.013 E1037.11961
G1 X-14.899 Y2.108 Z52.018 E1037.58664
G1 X-13.925 Y1.601 Z52.024 E1038.10302
G1 X-12.957 Y0.915 Z52.031 E1038.66097
G1 X-12.014 Y-.511 Z52.04 E1039.46494
G1 X-13.128 Y-1.92 Z52.05 E1040.30964
G1 X-14.254 Y-2.632 Z52.057 E1040.93614
G1 X-15.604 Y-3.299 Z52.065 E1041.64427
G1 X-16.962 Y-3.988 Z52.073 E1042.36039
G1 X-18.121 Y-4.684 Z52.08 E1042.99616
G1 X-18.77 Y-5.19 Z52.085 E1043.38317
G1 X-18.561 Y-5.251 Z52.086 E1043.48556
G1 X-17.374 Y-6.489 Z52.095 E1044.29212
G1 X-15.72 Y-7.093 Z52.104 E1045.12019
G1 X-15.024 Y-7.162 Z52.108 E1045.4491
G1 X-14.285 Y-7.141 Z52.112 E1045.79677
G1 X-13.304 Y-7.014 Z52.118 E1046.26196
G1 X-12.212 Y-6.853 Z52.123 E1046.78105
G1 X-11.002 Y-6.821 Z52.13 E1047.35027
G1 X-9.373 Y-7.457 Z52.139 E1048.17266
G1 X-9.449 Y-9.271 Z52.149 E1049.02648
G1 X-9.961 Y-10.518 Z52.156 E1049.66041
G1 X-10.662 Y-11.852 Z52.164 E1050.3691
G1 X-11.349 Y-13.205 Z52.173 E1051.0827
G1 X-11.871 Y-14.454 Z52.18 E1051.7193
G1 X-12.087 Y-15.25 Z52.184 E1052.10717
G1 X-11.859 Y-15.188 Z52.186 E1052.21829
G1 X-10.247 Y-15.342 Z52.194 E1052.97982
G1 X-8.594 Y-14.905 Z52.203 E1053.78388
G1 X-7.992 Y-14.582 Z52.207 E1054.10516
G1 X-7.393 Y-14.139 Z52.211 E1054.45552
G1 X-6.672 Y-13.473 Z52.216 E1054.9171
G1 X-5.878 Y-12.695 Z52.222 E1055.43987
G1 X-4.909 Y-11.931 Z52.229 E1056.02016
G1 X-3.176 Y-11.5 Z52.239 E1056.85997
G1 X-2.159 Y-13.029 Z52.248 E1057.72354
G1 X-1.848 Y-14.361 Z52.256 E1058.36679
G1 X-1.64 Y-15.813 Z52.264 E1059.0566
G1 X-1.389 Y-17.359 Z52.272 E1059.79315
G1 X-1.072 Y-18.662 Z52.279 E1060.42379
G1 X-.767 Y-19.43 Z52.284 E1060.8124
G1 X-.591 Y-19.236 Z52.285 E1060.93558
G1 X0.651 Y-18.341 Z52.293 E1061.65551
G1 X1.721 Y-17.091 Z52.302 E1062.4293
G1 X2.044 Y-16.479 Z52.306 E1062.75473
G1 X2.279 Y-15.783 Z52.31 E1063.10019
G1 X2.484 Y-14.805 Z52.315 E1063.57011
G1 X2.669 Y-13.72 Z52.321 E1064.08772
G1 X2.994 Y-12.507 Z52.328 E1064.67828
G1 X4.186 Y-11.118 Z52.338 E1065.53904
G1 X5.927 Y-11.77 Z52.348 E1066.41331
G1 X6.962 Y-12.685 Z52.355 E1067.06297
G1 X8.013 Y-13.769 Z52.363 E1067.77301
G1 X9.092 Y-14.835 Z52.371 E1068.4863
G1 X10.127 Y-15.703 Z52.379 E1069.12155
G1 X10.831 Y-16.132 Z52.383 E1069.50924
G1 X10.878 Y-15.851 Z52.385 E1069.64323
G1 X11.192 Y-14.423 Z52.393 E1070.33082
G1 X11.355 Y-12.849 Z52.401 E1071.07498
G1 X11.282 Y-12.159 Z52.405 E1071.40128
G1 X11.075 Y-11.443 Z52.409 E1071.75178
G1 X10.686 Y-10.551 Z52.414 E1072.20942
G1 X10.19 Y-9.546 Z52.42 E1072.73646
G1 X9.719 Y-8.361 Z52.427 E1073.33614
G1 X9.886 Y-6.497 Z52.437 E1074.21624
G1 X11.701 Y-5.997 Z52.447 E1075.10157
G1 X13.092 Y-6.143 Z52.455 E1075.75931
G1 X14.582 Y-6.405 Z52.463 E1076.47077
G1 X16.076 Y-6.628 Z52.471 E1077.18113
G1 X17.423 Y-6.714 Z52.478 E1077.81588
G1 X18.248 Y-6.634 Z52.482 E1078.20567
G1 X18.123 Y-6.352 Z52.484 E1078.35073
G1 X17.42 Y-5.132 Z52.492 E1079.0129
G1 X16.68 Y-3.779 Z52.5 E1079.73812
;TIME_ELAPSED:365.827202
;LAYER:52
;note -- min layer time used
;TYPE:WALL-OUTER
;MESH:wavy.stl
G1 F2066 X15.547 Y-2.726 Z52.509 E1080.46553
G1 X15.073 Y-2.442 Z52.512 E1080.72538
G1 X14.502 Y-2.12 Z52.516 E1081.03366
G1 X13.008 Y-1.257 Z52.526 E1081.84504
G1 X12.434 Y-.6 Z52.531 E1082.25532
G1 X11.753 Y0.563 Z52.539 E1082.88911
G1 X12.598 Y1.626 Z52.547 E1083.52771
G1 X13.472 Y2.349 Z52.553 E1084.06113
G1 X15.924 Y3.613 Z52.569 E1085.35843
G1 X17.326 Y4.398 Z52.579 E1086.11407
G1 X17.848 Y4.739 Z52.582 E1086.40729
G1 X15.898 Y6.532 Z52.598 E1087.65305
G1 X14.181 Y6.841 Z52.608 E1088.47348
G1 X13.637 Y6.813 Z52.611 E1088.72965
G1 X13.006 Y6.754 Z52.615 E1089.02769
G1 X11.245 Y6.575 Z52.625 E1089.8601
G1 X10.383 Y6.748 Z52.63 E1090.27356
G1 X9.111 Y7.328 Z52.638 E1090.93099
G1 X9.175 Y8.726 Z52.646 E1091.58912
G1 X9.485 Y9.837 Z52.653 E1092.13155
G1 X10.104 Y11.094 Z52.661 E1092.79047
G1 X10.816 Y12.472 Z52.67 E1093.5199
G1 X11.398 Y13.759 Z52.678 E1094.18415
G1 X11.613 Y14.339 Z52.682 E1094.47504
G1 X9.041 Y14.521 Z52.697 E1095.68761
G1 X7.514 Y13.806 Z52.707 E1096.48053
G1 X7.073 Y13.474 Z52.71 E1096.74012
G1 X6.591 Y13.066 Z52.714 E1097.0371
G1 X5.266 Y11.89 Z52.724 E1097.87024
G1 X4.449 Y11.485 Z52.729 E1098.29907
G1 X3.035 Y11.213 Z52.738 E1098.97622
G1 X2.243 Y12.42 Z52.746 E1099.65513
G1 X1.856 Y13.524 Z52.753 E1100.20528
G1 X1.546 Y15.453 Z52.764 E1101.12408
G1 X1.369 Y16.561 Z52.771 E1101.65175
G1 X1.102 Y17.818 Z52.778 E1102.25606
G1 X0.926 Y18.417 Z52.782 E1102.54967
G1 X-1.141 Y16.987 Z52.796 E1103.73167
G1 X-1.944 Y15.571 Z52.806 E1104.49719
G1 X-2.128 Y15.039 Z52.809 E1104.76192
G1 X-2.29 Y14.433 Z52.813 E1105.05691
G1 X-2.678 Y12.704 Z52.823 E1105.89023
G1 X-3.091 Y11.854 Z52.828 E1106.33465
G1 X-4.119 Y10.78 Z52.837 E1107.0338
G1 X-5.506 Y11.308 Z52.846 E1107.73173
G1 X-6.473 Y12.005 Z52.853 E1108.2923
G1 X-8.404 Y13.949 Z52.869 E1109.58088
G1 X-9.606 Y15.038 Z52.878 E1110.34363
G1 X-10.102 Y15.412 Z52.882 E1110.63577
G1 X-10.798 Y13.058 Z52.896 E1111.79016
G1 X-10.642 Y11.483 Z52.905 E1112.53446
G1 X-10.498 Y10.945 Z52.908 E1112.79637
G1 X-10.285 Y10.358 Z52.912 E1113.09004
G1 X-9.587 Y8.721 Z52.922 E1113.92693
G1 X-9.389 Y7.763 Z52.928 E1114.38697
G1 X-9.608 Y6.249 Z52.937 E1115.10638
G1 X-11.086 Y5.852 Z52.946 E1115.82607
G1 X-12.297 Y5.871 Z52.953 E1116.39564
G1 X-15 Y6.314 Z52.969 E1117.68375
G1 X-16.617 Y6.484 Z52.978 E1118.44837
G1 X-17.242 Y6.488 Z52.982 E1118.74229
G1 X-16.313 Y4.27 Z52.996 E1119.87316
G1 X-15.314 Y3.112 Z53.005 E1120.59237
G1 X-14.89 Y2.746 Z53.008 E1120.85578
G1 X-14.366 Y2.375 Z53.012 E1121.15772
G1 X-12.872 Y1.476 Z53.022 E1121.97769
G1 X-12.09 Y0.801 Z53.028 E1122.4635
G1 X-11.372 Y-.595 Z53.037 E1123.20174
G1 X-12.358 Y-1.819 Z53.046 E1123.94089
G1 X-13.382 Y-2.509 Z53.053 E1124.52157
G1 X-15.856 Y-3.747 Z53.069 E1125.82256
G1 X-17.233 Y-4.546 Z53.078 E1126.57124
G1 X-17.736 Y-4.916 Z53.082 E1126.86489
G1 X-15.658 Y-6.034 Z53.096 E1127.97457
G1 X-14.219 Y-6.393 Z53.104 E1128.67204
G1 X-13.666 Y-6.46 Z53.108 E1128.934
G1 X-13.047 Y-6.465 Z53.111 E1129.22511
G1 X-11.263 Y-6.319 Z53.122 E1130.06688
G1 X-10.222 Y-6.384 Z53.128 E1130.55738
G1 X-8.782 Y-7.13 Z53.137 E1131.32005
G1 X-8.869 Y-8.741 Z53.146 E1132.07876
G1 X-9.317 Y-9.913 Z53.154 E1132.66882
G1 X-9.981 Y-11.191 Z53.162 E1133.3461
G1 X-10.677 Y-12.542 Z53.171 E1134.0608
G1 X-11.237 Y-13.823 Z53.179 E1134.71826
G1 X-11.419 Y-14.417 Z53.183 E1135.01042
G1 X-9.14 Y-13.977 Z53.196 E1136.10196
G1 X-7.809 Y-13.465 Z53.204 E1136.77261
G1 X-7.305 Y-13.205 Z53.208 E1137.03931
G1 X-6.793 Y-12.857 Z53.211 E1137.33044
G1 X-5.431 Y-11.694 Z53.222 E1138.17269
G1 X-4.533 Y-11.095 Z53.228 E1138.68032
G1 X-2.884 Y-10.859 Z53.238 E1139.4637
G1 X-1.986 Y-12.251 Z53.247 E1140.24271
G1 X-1.675 Y-13.487 Z53.255 E1140.84209
G1 X-1.391 Y-15.432 Z53.266 E1141.76647
G1 X-1.216 Y-16.535 Z53.273 E1142.29167
G1 X-.933 Y-17.776 Z53.28 E1142.89025
G1 X-.722 Y-18.365 Z53.284 E1143.18448
G1 X0.741 Y-16.603 Z53.297 E1144.2615
G1 X1.505 Y-15.469 Z53.305 E1144.90453
G1 X1.783 Y-14.959 Z53.308 E1145.17768
G1 X2.003 Y-14.383 Z53.312 E1145.46764
G1 X2.429 Y-12.642 Z53.322 E1146.31054
G1 X2.794 Y-11.587 Z53.329 E1146.83553
G1 X4.033 Y-10.406 Z53.339 E1147.64049
G1 X5.615 Y-11.021 Z53.349 E1148.4387
G1 X6.597 Y-11.869 Z53.356 E1149.04886
G1 X8.51 Y-13.843 Z53.372 E1150.34158
G1 X9.717 Y-14.904 Z53.381 E1151.09732
G1 X10.237 Y-15.25 Z53.385 E1151.39105
G1 X10.249 Y-12.983 Z53.398 E1152.45717
G1 X10.226 Y-11.658 Z53.406 E1153.08037
G1 X10.17 Y-11.082 Z53.409 E1153.35253
G1 X10.023 Y-10.486 Z53.413 E1153.64121
G1 X9.348 Y-8.817 Z53.423 E1154.48785
G1 X8.993 Y-7.724 Z53.43 E1155.02829
G1 X9.319 Y-5.997 Z53.44 E1155.8548
G1 X11.006 Y-5.556 Z53.45 E1156.6748
G1 X12.317 Y-5.688 Z53.458 E1157.29445
G1 X15.023 Y-6.166 Z53.474 E1158.5867
G1 X16.629 Y-6.311 Z53.483 E1159.34503
G1 X17.256 Y-6.279 Z53.487 E1159.64028
G1 X15.825 Y-4.532 Z53.5 E1160.70228
;TIME_ELAPSED:370.891668
;LAYER:53
;note -- min layer time used
;TYPE:WALL-OUTER
;MESH:wavy.stl
G1 F1999.8 X15.22 Y-3.696 Z53.506 E1161.18757
G1 X13.62 Y-2.253 Z53.519 E1162.20082
G1 X13.136 Y-1.948 Z53.523 E1162.46985
G1 X11.888 Y-1.1 Z53.532 E1163.17942
G1 X11.509 Y-.515 Z53.536 E1163.50722
G1 X10.979 Y0.63 Z53.543 E1164.10057
G1 X11.738 Y1.56 Z53.551 E1164.66509
G1 X12.566 Y2.261 Z53.557 E1165.17528
G1 X13.886 Y2.956 Z53.566 E1165.87683
G1 X15.278 Y3.631 Z53.575 E1166.60435
G1 X16.639 Y4.387 Z53.585 E1167.33651
G1 X16.926 Y4.562 Z53.587 E1167.49459
G1 X16.047 Y5.42 Z53.594 E1168.07224
G1 X14.458 Y5.864 Z53.604 E1168.84812
G1 X12.337 Y6.107 Z53.617 E1169.8521
G1 X11.785 Y6.081 Z53.62 E1170.11198
G1 X10.266 Y6.035 Z53.629 E1170.82665
G1 X9.566 Y6.263 Z53.634 E1171.17286
G1 X8.428 Y6.919 Z53.641 E1171.79058
G1 X8.511 Y8.163 Z53.649 E1172.3769
G1 X8.801 Y9.233 Z53.656 E1172.89825
G1 X9.461 Y10.55 Z53.664 E1173.59101
G1 X10.202 Y11.943 Z53.674 E1174.33302
G1 X10.857 Y13.337 Z53.683 E1175.05734
G1 X10.985 Y13.65 Z53.685 E1175.21637
G1 X9.826 Y13.765 Z53.692 E1175.76409
G1 X8.29 Y13.158 Z53.702 E1176.54079
G1 X6.428 Y12.129 Z53.715 E1177.54125
G1 X5.996 Y11.796 Z53.718 E1177.79776
G1 X4.794 Y10.864 Z53.727 E1178.51304
G1 X4.067 Y10.594 Z53.732 E1178.87775
G1 X2.713 Y10.466 Z53.74 E1179.51733
G1 X2.029 Y11.57 Z53.748 E1180.12809
G1 X1.655 Y12.636 Z53.755 E1180.65936
G1 X1.42 Y14.113 Z53.764 E1181.36269
G1 X1.203 Y15.699 Z53.773 E1182.11548
G1 X0.924 Y17.167 Z53.782 E1182.8182
G1 X0.838 Y17.497 Z53.784 E1182.97858
G1 X-0.073 Y16.908 Z53.791 E1183.48874
G1 X-.957 Y15.453 Z53.801 E1184.28937
G1 X-1.85 Y13.594 Z53.813 E1185.25924
G1 X-2.021 Y13.05 Z53.817 E1185.52742
G1 X-2.446 Y11.589 Z53.826 E1186.24296
G1 X-2.871 Y10.889 Z53.831 E1186.62808
G1 X-3.937 Y9.973 Z53.839 E1187.28904
G1 X-5.182 Y10.488 Z53.847 E1187.92264
G1 X-6.114 Y11.166 Z53.854 E1188.46464
G1 X-7.153 Y12.217 Z53.863 E1189.15965
G1 X-8.244 Y13.366 Z53.873 E1189.90477
G1 X-9.355 Y14.406 Z53.882 E1190.62044
G1 X-9.624 Y14.625 Z53.884 E1190.78357
G1 X-9.938 Y13.644 Z53.89 E1191.26796
G1 X-9.763 Y11.939 Z53.9 E1192.07399
G1 X-9.418 Y9.935 Z53.912 E1193.03027
G1 X-9.246 Y9.393 Z53.916 E1193.29769
G1 X-8.733 Y7.957 Z53.925 E1194.0148
G1 X-8.628 Y7.103 Z53.93 E1194.41944
G1 X-8.977 Y5.691 Z53.939 E1195.10344
G1 X-10.34 Y5.373 Z53.947 E1195.76164
G1 X-11.513 Y5.4 Z53.954 E1196.31341
G1 X-12.974 Y5.65 Z53.963 E1197.01047
G1 X-14.571 Y5.947 Z53.973 E1197.77437
G1 X-16.044 Y6.13 Z53.982 E1198.47241
G1 X-16.386 Y6.147 Z53.984 E1198.63344
G1 X-16.015 Y5.235 Z53.99 E1199.09646
G1 X-14.836 Y3.97 Z54 E1199.90967
G1 X-13.423 Y2.565 Z54.012 E1200.84675
G1 X-12.966 Y2.217 Z54.016 E1201.11688
G1 X-11.705 Y1.356 Z54.025 E1201.83495
G1 X-11.07 Y0.717 Z54.03 E1202.25859
G1 X-10.516 Y-.679 Z54.039 E1202.9649
G1 X-11.474 Y-1.777 Z54.048 E1203.65017
G1 X-12.469 Y-2.432 Z54.055 E1204.21038
G1 X-13.823 Y-3.088 Z54.064 E1204.91792
G1 X-15.22 Y-3.75 Z54.073 E1205.64492
G1 X-16.576 Y-4.492 Z54.083 E1206.37184
G1 X-16.856 Y-4.68 Z54.085 E1206.53045
G1 X-15.969 Y-5.126 Z54.091 E1206.99734
G1 X-14.309 Y-5.419 Z54.101 E1207.79006
G1 X-12.36 Y-5.739 Z54.113 E1208.71889
G1 X-11.805 Y-5.764 Z54.116 E1208.98016
G1 X-10.268 Y-5.72 Z54.125 E1209.70326
G1 X-9.33 Y-5.841 Z54.131 E1210.14803
G1 X-8.026 Y-6.686 Z54.14 E1210.87876
G1 X-8.169 Y-8.184 Z54.149 E1211.58643
G1 X-8.622 Y-9.314 Z54.157 E1212.15895
G1 X-9.332 Y-10.62 Z54.165 E1212.85802
G1 X-10.088 Y-12.002 Z54.175 E1213.59883
G1 X-10.744 Y-13.385 Z54.184 E1214.31867
G1 X-10.859 Y-13.705 Z54.186 E1214.47858
G1 X-9.936 Y-13.482 Z54.192 E1214.92513
G1 X-8.431 Y-12.71 Z54.202 E1215.72057
G1 X-6.662 Y-11.847 Z54.214 E1216.6462
G1 X-6.199 Y-11.551 Z54.217 E1216.90463
G1 X-4.981 Y-10.612 Z54.226 E1217.62788
G1 X-4.124 Y-10.113 Z54.232 E1218.09424
G1 X-2.524 Y-10.043 Z54.242 E1218.8474
G1 X-1.74 Y-11.386 Z54.251 E1219.57871
G1 X-1.462 Y-12.596 Z54.259 E1220.16257
G1 X-1.277 Y-14.094 Z54.268 E1220.87239
G1 X-1.076 Y-15.679 Z54.277 E1221.62374
G1 X-.803 Y-17.139 Z54.286 E1222.32224
G1 X-.703 Y-17.466 Z54.288 E1222.48305
G1 X-.182 Y-16.749 Z54.294 E1222.89985
G1 X0.579 Y-15.173 Z54.304 E1223.72288
G1 X1.49 Y-13.507 Z54.316 E1224.61584
G1 X1.712 Y-12.971 Z54.319 E1224.88867
G1 X2.146 Y-11.494 Z54.328 E1225.61263
G1 X2.543 Y-10.533 Z54.334 E1226.1016
G1 X3.839 Y-9.52 Z54.344 E1226.87517
G1 X5.308 Y-10.169 Z54.354 E1227.63041
G1 X6.247 Y-11.022 Z54.362 E1228.227
G1 X7.258 Y-12.117 Z54.371 E1228.92787
G1 X8.339 Y-13.275 Z54.38 E1229.67285
G1 X9.437 Y-14.314 Z54.389 E1230.38374
G1 X9.715 Y-14.522 Z54.391 E1230.54702
G1 X9.638 Y-13.661 Z54.396 E1230.95354
G1 X9.293 Y-11.935 Z54.407 E1231.78129
G1 X9.075 Y-10.071 Z54.418 E1232.66385
G1 X8.951 Y-9.51 Z54.422 E1232.93404
G1 X8.434 Y-8.057 Z54.431 E1233.65931
G1 X8.154 Y-7.008 Z54.437 E1234.1699
G1 X8.633 Y-5.382 Z54.448 E1234.96706
G1 X10.255 Y-5.041 Z54.458 E1235.74651
G1 X11.536 Y-5.205 Z54.465 E1236.35385
G1 X13 Y-5.507 Z54.474 E1237.05682
G1 X14.594 Y-5.818 Z54.484 E1237.82057
G1 X16.056 Y-6.009 Z54.493 E1238.51395
G1 X16.399 Y-6.01 Z54.495 E1238.67525
G1 X15.782 Y-5.425 Z54.5 E1239.0751
;TIME_ELAPSED:375.949544
;LAYER:54
;note -- min layer time used
;TYPE:WALL-OUTER
;MESH:wavy.stl
G1 F2038.7 X13.875 Y-3.599 Z54.516 E1240.31674
G1 X13.151 Y-2.813 Z54.522 E1240.81928
G1 X11.799 Y-1.802 Z54.532 E1241.6132
G1 X10.748 Y-1.002 Z54.54 E1242.23435
G1 X10.45 Y-.427 Z54.543 E1242.53891
G1 X10.051 Y0.735 Z54.551 E1243.11669
G1 X10.858 Y1.605 Z54.558 E1243.67474
G1 X11.779 Y2.28 Z54.564 E1244.21173
G1 X12.784 Y2.776 Z54.571 E1244.73878
G1 X14.796 Y3.687 Z54.584 E1245.77744
G1 X16.299 Y4.468 Z54.594 E1246.57398
G1 X13.325 Y5.176 Z54.612 E1248.01166
G1 X12.285 Y5.37 Z54.618 E1248.50918
G1 X10.605 Y5.411 Z54.628 E1249.29947
G1 X9.28 Y5.437 Z54.636 E1249.9227
G1 X8.646 Y5.709 Z54.64 E1250.24713
G1 X7.617 Y6.47 Z54.647 E1250.849
G1 X7.78 Y7.688 Z54.655 E1251.4269
G1 X8.159 Y8.782 Z54.661 E1251.97137
G1 X8.678 Y9.747 Z54.668 E1252.48666
G1 X9.787 Y11.683 Z54.681 E1253.5359
G1 X10.551 Y13.2 Z54.691 E1254.33467
G1 X7.765 Y11.956 Z54.709 E1255.76953
G1 X6.823 Y11.494 Z54.715 E1256.26293
G1 X5.436 Y10.557 Z54.725 E1257.05009
G1 X4.349 Y9.796 Z54.733 E1257.6741
G1 X3.639 Y9.595 Z54.737 E1258.02112
G1 X2.311 Y9.637 Z54.745 E1258.64595
G1 X1.723 Y10.765 Z54.752 E1259.24416
G1 X1.409 Y11.895 Z54.759 E1259.7957
G1 X1.27 Y12.988 Z54.766 E1260.31385
G1 X1.052 Y15.088 Z54.778 E1261.30673
G1 X0.769 Y16.877 Z54.789 E1262.15851
G1 X-.685 Y14.202 Z54.807 E1263.59031
G1 X-1.159 Y13.273 Z54.813 E1264.08077
G1 X-1.741 Y11.723 Z54.823 E1264.85939
G1 X-2.175 Y10.458 Z54.831 E1265.48832
G1 X-2.632 Y9.818 Z54.835 E1265.85815
G1 X-3.785 Y9.067 Z54.843 E1266.50525
G1 X-4.957 Y9.668 Z54.851 E1267.12465
G1 X-5.874 Y10.43 Z54.858 E1267.68535
G1 X-6.618 Y11.237 Z54.865 E1268.20153
G1 X-8.105 Y12.899 Z54.878 E1269.25029
G1 X-9.32 Y14.113 Z54.888 E1270.05801
G1 X-8.834 Y11.094 Z54.906 E1271.49604
G1 X-8.659 Y10.074 Z54.912 E1271.98273
G1 X-8.238 Y8.481 Z54.922 E1272.75759
G1 X-7.842 Y7.201 Z54.929 E1273.38769
G1 X-7.798 Y6.365 Z54.934 E1273.78138
G1 X-8.334 Y5.041 Z54.943 E1274.45311
G1 X-9.681 Y4.85 Z54.951 E1275.0929
G1 X-10.887 Y4.954 Z54.958 E1275.66215
G1 X-11.993 Y5.186 Z54.965 E1276.1936
G1 X-14.136 Y5.655 Z54.978 E1277.22524
G1 X-15.817 Y5.926 Z54.988 E1278.02598
G1 X-13.616 Y3.83 Z55.005 E1279.45529
G1 X-12.87 Y3.122 Z55.011 E1279.93896
G1 X-11.611 Y2.074 Z55.021 E1280.70931
G1 X-10.534 Y1.27 Z55.029 E1281.34136
G1 X-9.951 Y0.601 Z55.034 E1281.75867
G1 X-9.616 Y-.839 Z55.043 E1282.45395
G1 X-10.64 Y-1.806 Z55.051 E1283.11629
G1 X-11.706 Y-2.417 Z55.058 E1283.69411
G1 X-12.741 Y-2.872 Z55.065 E1284.2258
G1 X-14.767 Y-3.75 Z55.078 E1285.26419
G1 X-16.276 Y-4.511 Z55.088 E1286.05897
G1 X-13.252 Y-4.837 Z55.106 E1287.48931
G1 X-12.238 Y-4.956 Z55.112 E1287.96944
G1 X-10.612 Y-5.081 Z55.122 E1288.73636
G1 X-9.265 Y-5.095 Z55.13 E1289.36985
G1 X-8.343 Y-5.276 Z55.135 E1289.81171
G1 X-7.204 Y-6.298 Z55.144 E1290.53137
G1 X-7.486 Y-7.722 Z55.153 E1291.21404
G1 X-8.02 Y-8.85 Z55.16 E1291.80095
G1 X-8.587 Y-9.8 Z55.166 E1292.32123
G1 X-9.727 Y-11.716 Z55.18 E1293.3697
G1 X-10.507 Y-13.221 Z55.19 E1294.16687
G1 X-7.906 Y-11.639 Z55.207 E1295.59853
G1 X-7.029 Y-11.13 Z55.213 E1296.07538
G1 X-5.636 Y-10.294 Z55.223 E1296.83939
G1 X-4.538 Y-9.51 Z55.231 E1297.47387
G1 X-3.648 Y-9.065 Z55.237 E1297.94181
G1 X-2.078 Y-9.256 Z55.246 E1298.68558
G1 X-1.466 Y-10.619 Z55.255 E1299.38822
G1 X-1.255 Y-11.868 Z55.262 E1299.98391
G1 X-1.165 Y-12.977 Z55.269 E1300.50715
G1 X-.985 Y-15.08 Z55.281 E1301.49975
G1 X-.72 Y-16.868 Z55.292 E1302.34978
G1 X0.385 Y-14.027 Z55.31 E1303.78333
G1 X0.779 Y-13.1 Z55.316 E1304.25701
G1 X1.425 Y-11.628 Z55.325 E1305.01298
G1 X1.854 Y-10.338 Z55.333 E1305.6523
G1 X2.314 Y-9.395 Z55.339 E1306.14571
G1 X3.749 Y-8.62 Z55.349 E1306.91268
G1 X5.08 Y-9.398 Z55.358 E1307.6377
G1 X5.982 Y-10.319 Z55.366 E1308.24394
G1 X6.697 Y-11.166 Z55.372 E1308.76521
G1 X8.156 Y-12.852 Z55.385 E1309.81374
G1 X9.353 Y-14.078 Z55.395 E1310.61953
G1 X8.488 Y-11.129 Z55.414 E1312.06479
G1 X8.25 Y-10.157 Z55.419 E1312.5354
G1 X7.926 Y-8.59 Z55.429 E1313.2879
G1 X7.511 Y-7.292 Z55.437 E1313.92875
G1 X7.293 Y-6.211 Z55.443 E1314.44735
G1 X8.043 Y-4.7 Z55.453 E1315.24065
G1 X9.622 Y-4.56 Z55.463 E1315.98613
G1 X10.909 Y-4.801 Z55.47 E1316.60188
G1 X12.015 Y-5.083 Z55.477 E1317.13865
G1 X14.15 Y-5.588 Z55.49 E1318.17038
G1 X15.824 Y-5.877 Z55.5 E1318.96926
;TIME_ELAPSED:381.009018
;LAYER:55
;note -- min layer time used
;TYPE:WALL-OUTER
;MESH:wavy.stl
G1 F2163.6 X14.743 Y-5.077 Z55.507 E1319.6017
G1 X14.273 Y-4.73 Z55.511 E1319.87644
G1 X13.118 Y-3.856 Z55.519 E1320.55759
G1 X12.236 Y-3.095 Z55.525 E1321.10541
G1 X11.536 Y-2.45 Z55.53 E1321.55304
G1 X10.581 Y-1.725 Z55.537 E1322.11691
G1 X9.644 Y-.928 Z55.544 E1322.6954
G1 X9.366 Y-.27 Z55.548 E1323.03132
G1 X9.197 Y0.95 Z55.555 E1323.61053
G1 X10.145 Y1.752 Z55.562 E1324.19448
G1 X11.274 Y2.377 Z55.569 E1324.80134
G1 X12.878 Y3.033 Z55.578 E1325.6163
G1 X14.725 Y3.795 Z55.589 E1326.55591
G1 X16.019 Y4.426 Z55.597 E1327.23294
G1 X14.914 Y4.539 Z55.604 E1327.7553
G1 X14.327 Y4.537 Z55.607 E1328.03135
G1 X12.877 Y4.55 Z55.615 E1328.71327
G1 X11.235 Y4.677 Z55.624 E1329.48776
G1 X9.591 Y4.761 Z55.633 E1330.26189
G1 X8.34 Y4.849 Z55.64 E1330.85166
G1 X7.662 Y5.208 Z55.644 E1331.21244
G1 X6.819 Y6.168 Z55.651 E1331.81325
G1 X7.141 Y7.389 Z55.658 E1332.40709
G1 X7.708 Y8.559 Z55.666 E1333.01851
G1 X8.645 Y10.051 Z55.675 E1333.84705
G1 X9.683 Y11.73 Z55.686 E1334.77534
G1 X10.362 Y13 Z55.694 E1335.45259
G1 X9.404 Y12.42 Z55.701 E1335.97924
G1 X8.939 Y12.072 Z55.704 E1336.25237
G1 X7.765 Y11.216 Z55.712 E1336.93565
G1 X6.781 Y10.579 Z55.718 E1337.48689
G1 X5.96 Y10.092 Z55.724 E1337.9358
G1 X4.983 Y9.426 Z55.73 E1338.49185
G1 X3.931 Y8.766 Z55.737 E1339.07588
G1 X3.119 Y8.609 Z55.742 E1339.46481
G1 X1.843 Y8.959 Z55.749 E1340.08704
G1 X1.4 Y10.162 Z55.756 E1340.68992
G1 X1.189 Y11.461 Z55.763 E1341.30881
G1 X1.138 Y12.146 Z55.767 E1341.63183
G1 X1.027 Y13.984 Z55.777 E1342.49777
G1 X0.939 Y15.178 Z55.784 E1343.06079
G1 X0.745 Y16.608 Z55.792 E1343.73944
G1 X0.329 Y15.573 Z55.798 E1344.26402
G1 X0.161 Y15.01 Z55.802 E1344.54032
G1 X-.273 Y13.623 Z55.81 E1345.22377
G1 X-.856 Y12.073 Z55.819 E1346.00255
G1 X-1.442 Y10.556 Z55.828 E1346.76732
G1 X-1.91 Y9.375 Z55.835 E1347.36473
G1 X-2.491 Y8.702 Z55.84 E1347.78285
G1 X-3.785 Y8.269 Z55.847 E1348.42454
G1 X-4.859 Y9.011 Z55.855 E1349.03843
G1 X-5.782 Y9.955 Z55.862 E1349.65931
G1 X-6.893 Y11.314 Z55.872 E1350.48479
G1 X-8.166 Y12.833 Z55.883 E1351.41682
G1 X-9.157 Y13.875 Z55.891 E1352.09307
G1 X-8.874 Y12.797 Z55.897 E1352.6172
G1 X-8.672 Y12.246 Z55.9 E1352.89318
G1 X-8.189 Y10.87 Z55.908 E1353.57898
G1 X-7.853 Y9.739 Z55.915 E1354.13383
G1 X-7.622 Y8.814 Z55.92 E1354.58219
G1 X-7.301 Y7.673 Z55.927 E1355.1396
G1 X-6.989 Y6.474 Z55.933 E1355.72223
G1 X-7.034 Y5.527 Z55.939 E1356.16808
G1 X-7.898 Y4.406 Z55.947 E1356.83367
G1 X-9.227 Y4.398 Z55.954 E1357.45867
G1 X-10.539 Y4.64 Z55.961 E1358.08607
G1 X-12.2 Y5.085 Z55.971 E1358.89474
G1 X-14.146 Y5.579 Z55.982 E1359.83892
G1 X-15.565 Y5.845 Z55.99 E1360.51785
G1 X-14.686 Y5.154 Z55.996 E1361.04366
G1 X-14.198 Y4.832 Z55.999 E1361.31861
G1 X-12.988 Y4.011 Z56.008 E1362.00626
G1 X-12.039 Y3.307 Z56.014 E1362.56194
G1 X-11.301 Y2.702 Z56.019 E1363.01071
G1 X-10.393 Y1.978 Z56.026 E1363.55684
G1 X-9.415 Y1.18 Z56.033 E1364.15045
G1 X-8.833 Y0.355 Z56.038 E1364.62524
G1 X-8.924 Y-1.106 Z56.047 E1365.31364
G1 X-10.025 Y-1.892 Z56.054 E1365.94981
G1 X-11.24 Y-2.451 Z56.062 E1366.57877
G1 X-12.864 Y-3.066 Z56.071 E1367.39541
G1 X-14.722 Y-3.802 Z56.082 E1368.33523
G1 X-16.025 Y-4.416 Z56.09 E1369.01262
G1 X-14.913 Y-4.443 Z56.096 E1369.53572
G1 X-14.325 Y-4.41 Z56.1 E1369.81267
G1 X-12.863 Y-4.348 Z56.108 E1370.50083
G1 X-11.194 Y-4.347 Z56.117 E1371.28571
G1 X-9.588 Y-4.445 Z56.126 E1372.04237
G1 X-8.303 Y-4.511 Z56.133 E1372.64746
G1 X-7.281 Y-4.828 Z56.139 E1373.15067
G1 X-6.505 Y-6.132 Z56.147 E1373.86427
G1 X-6.962 Y-7.432 Z56.155 E1374.5123
G1 X-7.637 Y-8.599 Z56.163 E1375.1463
G1 X-8.614 Y-10.07 Z56.172 E1375.97674
G1 X-9.677 Y-11.734 Z56.183 E1376.90532
G1 X-10.373 Y-12.994 Z56.191 E1377.58225
G1 X-9.459 Y-12.341 Z56.198 E1378.11051
G1 X-9.012 Y-11.968 Z56.201 E1378.38429
G1 X-7.873 Y-11.045 Z56.209 E1379.07373
G1 X-6.921 Y-10.325 Z56.215 E1379.63505
G1 X-6.126 Y-9.791 Z56.221 E1380.08542
G1 X-5.165 Y-9.171 Z56.227 E1380.62325
G1 X-4.1 Y-8.471 Z56.234 E1381.22258
G1 X-3.033 Y-8.077 Z56.241 E1381.75748
G1 X-1.61 Y-8.746 Z56.249 E1382.49694
G1 X-1.229 Y-10.091 Z56.257 E1383.15434
G1 X-1.108 Y-11.451 Z56.265 E1383.79644
G1 X-1.084 Y-12.143 Z56.268 E1384.12206
G1 X-1.003 Y-13.983 Z56.279 E1384.9882
G1 X-.932 Y-15.177 Z56.285 E1385.55069
G1 X-.757 Y-16.61 Z56.293 E1386.2296
G1 X-.42 Y-15.542 Z56.299 E1386.75626
G1 X-.281 Y-14.969 Z56.303 E1387.03354
G1 X0.085 Y-13.548 Z56.311 E1387.72361
G1 X0.555 Y-11.932 Z56.32 E1388.51505
G1 X1.14 Y-10.465 Z56.329 E1389.25777
G1 X1.6 Y-9.235 Z56.336 E1389.87533
G1 X2.246 Y-8.22 Z56.343 E1390.44113
G1 X3.849 Y-7.961 Z56.352 E1391.20476
G1 X4.955 Y-8.854 Z56.36 E1391.87325
G1 X5.842 Y-9.9 Z56.367 E1392.5182
G1 X6.926 Y-11.296 Z56.377 E1393.34938
G1 X8.172 Y-12.829 Z56.388 E1394.27841
G1 X9.149 Y-13.883 Z56.396 E1394.95426
G1 X8.78 Y-12.826 Z56.402 E1395.48076
G1 X8.549 Y-12.284 Z56.406 E1395.75783
G1 X7.993 Y-10.92 Z56.414 E1396.45052
G1 X7.568 Y-9.794 Z56.42 E1397.01651
G1 X7.283 Y-8.88 Z56.426 E1397.46675
G1 X7.002 Y-7.774 Z56.432 E1398.0034
G1 X6.656 Y-6.544 Z56.439 E1398.60428
G1 X6.554 Y-5.281 Z56.446 E1399.20017
G1 X7.768 Y-4.119 Z56.456 E1399.99045
G1 X9.212 Y-4.214 Z56.464 E1400.67099
G1 X10.555 Y-4.56 Z56.471 E1401.32319
G1 X12.209 Y-5.049 Z56.481 E1402.1343
G1 X14.148 Y-5.573 Z56.492 E1403.07887
G1 X15.563 Y-5.857 Z56.5 E1403.75757
;TIME_ELAPSED:386.074492
;LAYER:56
;note -- min layer time used
;TYPE:WALL-OUTER
;MESH:wavy.stl
G1 F2354.3 X14.421 Y-5.108 Z56.507 E1404.39982
G1 X11.612 Y-3.342 Z56.524 E1405.96019
G1 X10.736 Y-2.667 Z56.53 E1406.48026
G1 X10.074 Y-2.121 Z56.534 E1406.8838
G1 X9.156 Y-1.386 Z56.54 E1407.43683
G1 X8.629 Y-.791 Z56.544 E1407.81062
G1 X8.394 Y0.031 Z56.548 E1408.21267
G1 X8.708 Y1.281 Z56.555 E1408.81877
G1 X9.804 Y1.951 Z56.561 E1409.42286
G1 X11.216 Y2.518 Z56.569 E1410.13842
G1 X13.076 Y3.174 Z56.579 E1411.06593
G1 X15.139 Y3.987 Z56.591 E1412.10871
G1 X16.061 Y4.408 Z56.596 E1412.58537
G1 X14.664 Y4.334 Z56.603 E1413.24325
G1 X11.415 Y4.076 Z56.619 E1414.77597
G1 X10.303 Y4.101 Z56.625 E1415.29904
G1 X9.395 Y4.148 Z56.63 E1415.72662
G1 X8.209 Y4.204 Z56.636 E1416.28498
G1 X7.431 Y4.371 Z56.64 E1416.65919
G1 X6.687 Y4.924 Z56.645 E1417.09513
G1 X6.263 Y6.169 Z56.651 E1417.71364
G1 X6.775 Y7.35 Z56.658 E1418.31897
G1 X8.707 Y10.238 Z56.676 E1419.953
G1 X9.914 Y12.117 Z56.687 E1421.00323
G1 X10.431 Y13.028 Z56.692 E1421.49583
G1 X9.334 Y12.131 Z56.699 E1422.16222
G1 X6.808 Y9.958 Z56.716 E1423.72919
G1 X5.947 Y9.332 Z56.722 E1424.2298
G1 X5.191 Y8.832 Z56.727 E1424.65605
G1 X4.192 Y8.175 Z56.733 E1425.21834
G1 X3.466 Y7.845 Z56.737 E1425.59337
G1 X2.472 Y7.83 Z56.742 E1426.06088
G1 X1.414 Y8.664 Z56.749 E1426.69442
G1 X1.149 Y9.926 Z56.755 E1427.30084
G1 X1.028 Y13.434 Z56.773 E1428.95153
G1 X0.913 Y15.622 Z56.784 E1429.9819
G1 X0.792 Y16.701 Z56.79 E1430.4925
G1 X0.432 Y15.297 Z56.797 E1431.17412
G1 X-.288 Y12.1 Z56.814 E1432.71523
G1 X-.627 Y11.031 Z56.82 E1433.24262
G1 X-.937 Y10.177 Z56.824 E1433.66987
G1 X-1.366 Y9.049 Z56.83 E1434.23741
G1 X-1.752 Y8.353 Z56.834 E1434.61168
G1 X-2.587 Y7.695 Z56.84 E1435.11163
G1 X-3.965 Y7.817 Z56.847 E1435.76219
G1 X-4.909 Y8.692 Z56.853 E1436.3675
G1 X-5.865 Y9.887 Z56.861 E1437.08718
G1 X-7.064 Y11.484 Z56.871 E1438.02631
G1 X-8.438 Y13.186 Z56.883 E1439.05497
G1 X-9.186 Y14.007 Z56.888 E1439.57728
G1 X-8.633 Y12.628 Z56.896 E1440.27598
G1 X-7.304 Y9.571 Z56.913 E1441.84358
G1 X-6.945 Y8.565 Z56.918 E1442.34589
G1 X-6.688 Y7.696 Z56.923 E1442.77205
G1 X-6.369 Y6.524 Z56.929 E1443.34326
G1 X-6.265 Y5.733 Z56.933 E1443.71844
G1 X-6.554 Y4.634 Z56.939 E1444.25284
G1 X-7.806 Y3.962 Z56.946 E1444.92107
G1 X-9.084 Y4.136 Z56.953 E1445.52762
G1 X-10.556 Y4.549 Z56.961 E1446.24659
G1 X-12.445 Y5.137 Z56.971 E1447.17697
G1 X-14.583 Y5.72 Z56.982 E1448.21912
G1 X-15.69 Y5.951 Z56.988 E1448.75092
G1 X-14.389 Y5.142 Z56.995 E1449.47138
G1 X-11.513 Y3.476 Z57.012 E1451.03441
G1 X-10.58 Y2.851 Z57.018 E1451.56252
G1 X-9.9 Y2.34 Z57.022 E1451.96254
G1 X-8.945 Y1.569 Z57.029 E1452.53974
G1 X-8.39 Y0.998 Z57.033 E1452.91421
G1 X-7.934 Y-.122 Z57.039 E1453.48289
G1 X-8.63 Y-1.406 Z57.046 E1454.16972
G1 X-9.772 Y-2.002 Z57.053 E1454.77551
G1 X-11.214 Y-2.525 Z57.061 E1455.49686
G1 X-13.085 Y-3.152 Z57.071 E1456.42483
G1 X-15.164 Y-3.932 Z57.082 E1457.46907
G1 X-16.221 Y-4.407 Z57.088 E1458.01403
G1 X-14.668 Y-4.287 Z57.096 E1458.74653
G1 X-11.424 Y-3.921 Z57.113 E1460.28177
G1 X-10.285 Y-3.864 Z57.118 E1460.81807
G1 X-9.383 Y-3.869 Z57.123 E1461.24227
G1 X-8.146 Y-3.932 Z57.129 E1461.82474
G1 X-7.359 Y-4.063 Z57.133 E1462.19994
G1 X-6.261 Y-4.726 Z57.14 E1462.80313
G1 X-6.127 Y-6.224 Z57.148 E1463.51041
G1 X-6.72 Y-7.373 Z57.154 E1464.11846
G1 X-8.733 Y-10.233 Z57.172 E1465.76318
G1 X-9.967 Y-12.088 Z57.183 E1466.81092
G1 X-10.56 Y-13.12 Z57.189 E1467.37066
G1 X-9.364 Y-12.096 Z57.197 E1468.11109
G1 X-6.905 Y-9.822 Z57.215 E1469.68616
G1 X-6.073 Y-9.129 Z57.22 E1470.19537
G1 X-5.346 Y-8.599 Z57.225 E1470.61847
G1 X-4.301 Y-7.918 Z57.231 E1471.20504
G1 X-3.589 Y-7.555 Z57.235 E1471.58088
G1 X-2.243 Y-7.421 Z57.242 E1472.21699
G1 X-1.27 Y-8.629 Z57.25 E1472.94644
G1 X-1.091 Y-9.912 Z57.256 E1473.55564
G1 X-1.054 Y-13.45 Z57.275 E1475.21955
G1 X-.972 Y-15.629 Z57.286 E1476.24499
G1 X-.842 Y-16.853 Z57.292 E1476.82384
G1 X-.477 Y-15.287 Z57.3 E1477.58002
G1 X0.139 Y-12.06 Z57.317 E1479.12498
G1 X0.407 Y-10.941 Z57.323 E1479.6661
G1 X0.676 Y-10.08 Z57.327 E1480.0903
G1 X1.127 Y-8.905 Z57.334 E1480.68217
G1 X1.481 Y-8.191 Z57.338 E1481.05695
G1 X2.532 Y-7.23 Z57.345 E1481.72667
G1 X4.06 Y-7.704 Z57.353 E1482.47902
G1 X4.948 Y-8.646 Z57.36 E1483.08782
G1 X5.871 Y-9.882 Z57.368 E1483.81326
G1 X7.045 Y-11.499 Z57.378 E1484.75297
G1 X8.394 Y-13.227 Z57.389 E1485.7839
G1 X9.234 Y-14.16 Z57.395 E1486.37429
G1 X8.591 Y-12.646 Z57.404 E1487.14783
G1 X7.145 Y-9.621 Z57.421 E1488.72457
G1 X6.714 Y-8.622 Z57.426 E1489.23623
G1 X6.418 Y-7.772 Z57.431 E1489.6595
G1 X6.091 Y-6.548 Z57.437 E1490.2553
G1 X5.949 Y-5.76 Z57.442 E1490.63184
G1 X6.236 Y-4.29 Z57.449 E1491.33619
G1 X7.817 Y-3.816 Z57.458 E1492.11239
G1 X9.089 Y-4.076 Z57.464 E1492.72294
G1 X10.558 Y-4.543 Z57.472 E1493.44783
G1 X12.438 Y-5.161 Z57.482 E1494.37848
G1 X14.571 Y-5.779 Z57.494 E1495.42282
G1 X15.817 Y-6.046 Z57.5 E1496.02208
;TIME_ELAPSED:391.149729
;LAYER:57
;TYPE:WALL-OUTER
;MESH:wavy.stl
G1 F2400 X14.338 Y-5.166 Z57.508 E1496.83141
G1 X12.577 Y-4.225 Z57.517 E1497.77038
G1 X11.456 Y-3.627 Z57.523 E1498.36787
G1 X10.033 Y-2.758 Z57.531 E1499.15197
G1 X9.29 Y-2.194 Z57.535 E1499.59065
G1 X8.725 Y-1.733 Z57.538 E1499.93357
G1 X8.208 Y-1.243 Z57.542 E1500.26855
G1 X7.77 Y-.383 Z57.546 E1500.72241
G1 X7.886 Y0.696 Z57.551 E1501.23276
G1 X8.791 Y1.622 Z57.557 E1501.84166
G1 X10.01 Y2.131 Z57.563 E1502.46289
G1 X11.302 Y2.553 Z57.57 E1503.10206
G1 X13.796 Y3.373 Z57.582 E1504.33668
G1 X16.018 Y4.234 Z57.593 E1505.45732
G1 X16.426 Y4.415 Z57.595 E1505.66723
G1 X16.388 Y4.414 E1505.6851
G1 X14.616 Y4.242 Z57.603 E1506.52234
G1 X12.655 Y3.964 Z57.612 E1507.45375
G1 X10.992 Y3.739 Z57.62 E1508.24294
G1 X9.737 Y3.637 Z57.626 E1508.83507
G1 X8.802 Y3.644 Z57.63 E1509.27478
G1 X8.072 Y3.682 Z57.634 E1509.61855
G1 X7.369 Y3.776 Z57.637 E1509.95209
G1 X6.488 Y4.209 Z57.641 E1510.41373
G1 X5.932 Y5.203 Z57.647 E1510.94934
G1 X6.155 Y6.483 Z57.653 E1511.56035
G1 X6.849 Y7.605 Z57.659 E1512.18077
G1 X7.643 Y8.682 Z57.665 E1512.81001
G1 X9.21 Y10.854 Z57.677 E1514.06951
G1 X10.485 Y12.819 Z57.688 E1515.17107
G1 X10.753 Y13.282 Z57.691 E1515.42265
G1 X10.69 Y13.233 E1515.46018
G1 X9.346 Y12.034 Z57.699 E1516.30718
G1 X7.913 Y10.638 Z57.709 E1517.24799
G1 X6.708 Y9.471 Z57.716 E1518.03685
G1 X5.757 Y8.642 Z57.722 E1518.63015
G1 X4.999 Y8.089 Z57.727 E1519.07139
G1 X4.387 Y7.688 Z57.73 E1519.41547
G1 X3.76 Y7.349 Z57.733 E1519.75067
G1 X2.78 Y7.168 Z57.738 E1520.21933
G1 X1.71 Y7.673 Z57.743 E1520.77574
G1 X1.165 Y8.862 Z57.749 E1521.39083
G1 X1.076 Y10.178 Z57.756 E1522.01112
G1 X1.088 Y11.519 Z57.762 E1522.64178
G1 X1.089 Y14.188 Z57.774 E1523.89693
G1 X0.973 Y16.54 Z57.785 E1525.00434
G1 X0.909 Y17.144 Z57.788 E1525.28998
G1 X0.875 Y17.03 E1525.34592
G1 X0.488 Y15.215 Z57.797 E1526.21865
G1 X0.156 Y13.238 Z57.806 E1527.16139
G1 X-.123 Y11.602 Z57.814 E1527.94185
G1 X-.393 Y10.367 Z57.82 E1528.53635
G1 X-.672 Y9.47 Z57.824 E1528.97812
G1 X-.93 Y8.781 Z57.827 E1529.3241
G1 X-1.238 Y8.14 Z57.831 E1529.65854
G1 X-1.928 Y7.393 Z57.835 E1530.13676
G1 X-3.141 Y7.178 Z57.841 E1530.71609
G1 X-4.269 Y7.851 Z57.847 E1531.33379
G1 X-5.11 Y8.87 Z57.853 E1531.95512
G1 X-5.897 Y9.975 Z57.86 E1532.5931
G1 X-7.426 Y12.1 Z57.872 E1533.82422
G1 X-8.923 Y13.976 Z57.883 E1534.9529
G1 X-9.374 Y14.475 Z57.886 E1535.26921
G1 X-9.319 Y14.324 Z57.887 E1535.34479
G1 X-8.551 Y12.605 Z57.895 E1536.23019
G1 X-7.658 Y10.822 Z57.905 E1537.16797
G1 X-6.903 Y9.322 Z57.912 E1537.95768
G1 X-6.384 Y8.165 Z57.918 E1538.55402
G1 X-6.072 Y7.275 Z57.923 E1538.99753
G1 X-5.874 Y6.575 Z57.926 E1539.33964
G1 X-5.745 Y5.862 Z57.929 E1539.68038
G1 X-5.854 Y4.835 Z57.934 E1540.16606
G1 X-6.749 Y3.924 Z57.94 E1540.76663
G1 X-8.07 Y3.838 Z57.946 E1541.38917
G1 X-9.343 Y4.176 Z57.952 E1542.00857
G1 X-11.015 Y4.745 Z57.96 E1542.83914
G1 X-13.143 Y5.448 Z57.971 E1543.89307
G1 X-15.427 Y6.085 Z57.982 E1545.00815
G1 X-16.161 Y6.24 Z57.985 E1545.36094
G1 X-15.989 Y6.124 Z57.986 E1545.45851
G1 X-14.331 Y5.176 Z57.995 E1546.35667
G1 X-12.556 Y4.264 Z58.004 E1547.29513
G1 X-11.421 Y3.693 Z58.01 E1547.89262
G1 X-9.95 Y2.878 Z58.018 E1548.68347
G1 X-9.163 Y2.348 Z58.022 E1549.12967
G1 X-8.578 Y1.887 Z58.026 E1549.47993
G1 X-8.064 Y1.395 Z58.029 E1549.81454
G1 X-7.531 Y0.495 Z58.034 E1550.30643
G1 X-7.736 Y-.816 Z58.04 E1550.93045
G1 X-8.783 Y-1.642 Z58.046 E1551.5576
G1 X-10.017 Y-2.109 Z58.052 E1552.17808
G1 X-11.317 Y-2.507 Z58.058 E1552.81743
G1 X-13.824 Y-3.297 Z58.071 E1554.05355
G1 X-16.068 Y-4.124 Z58.082 E1555.17822
G1 X-16.821 Y-4.461 Z58.085 E1555.56617
G1 X-16.581 Y-4.453 Z58.087 E1555.6791
G1 X-14.617 Y-4.231 Z58.096 E1556.60859
G1 X-12.661 Y-3.92 Z58.105 E1557.53999
G1 X-11.001 Y-3.649 Z58.113 E1558.33098
G1 X-9.74 Y-3.49 Z58.118 E1558.92868
G1 X-8.79 Y-3.446 Z58.123 E1559.37591
G1 X-8.044 Y-3.472 Z58.126 E1559.72695
G1 X-7.341 Y-3.569 Z58.13 E1560.06068
G1 X-6.36 Y-3.978 Z58.135 E1560.5605
G1 X-5.739 Y-5.211 Z58.141 E1561.20973
G1 X-6.138 Y-6.494 Z58.147 E1561.84159
G1 X-6.868 Y-7.591 Z58.153 E1562.46126
G1 X-7.679 Y-8.657 Z58.159 E1563.09115
G1 X-9.278 Y-10.809 Z58.172 E1564.35196
G1 X-10.59 Y-12.759 Z58.183 E1565.45723
G1 X-11.045 Y-13.55 Z58.187 E1565.88636
G1 X-10.821 Y-13.375 Z58.188 E1566.02003
G1 X-9.354 Y-12.026 Z58.197 E1566.95726
G1 X-7.943 Y-10.606 Z58.207 E1567.89866
G92 E0
G1 X-6.768 Y-9.405 Z58.214 E0.79014
G1 X-5.846 Y-8.526 Z58.22 E1.3892
G1 X-5.106 Y-7.922 Z58.225 E1.8384
G1 X-4.487 Y-7.501 Z58.228 E2.19044
G1 X-3.859 Y-7.164 Z58.232 E2.52561
G1 X-2.812 Y-6.906 Z58.236 E3.03271
G1 X-1.55 Y-7.567 Z58.243 E3.70267
G1 X-1.145 Y-8.86 Z58.249 E4.33985
G1 X-1.1 Y-10.178 Z58.255 E4.96003
G1 X-1.133 Y-11.519 Z58.262 E5.59085
G1 X-1.171 Y-14.191 Z58.274 E6.84754
G1 X-1.093 Y-16.553 Z58.285 E7.95892
G1 X-.987 Y-17.534 Z58.289 E8.42294
G1 X-.898 Y-17.225 Z58.291 E8.57416
G1 X-.499 Y-15.213 Z58.3 E9.53876
G1 X-.202 Y-13.249 Z58.31 E10.47288
G1 X0.035 Y-11.583 Z58.317 E11.26423
G1 X0.253 Y-10.325 Z58.323 E11.86465
G1 X0.487 Y-9.398 Z58.328 E12.31426
G1 X0.74 Y-8.689 Z58.331 E12.66827
G1 X1.049 Y-8.048 Z58.335 E13.00291
G1 X1.747 Y-7.199 Z58.34 E13.51978
G1 X3.208 Y-6.997 Z58.346 E14.21338
G1 X4.285 Y-7.838 Z58.353 E14.85598
G1 X5.09 Y-8.884 Z58.359 E15.47669
G1 X5.857 Y-10.005 Z58.365 E16.11545
G1 X7.362 Y-12.15 Z58.377 E17.3477
G1 X8.834 Y-14.057 Z58.388 E18.48059
G1 X9.538 Y-14.834 Z58.393 E18.97367
G1 X9.414 Y-14.491 Z58.395 E19.14519
G1 X8.54 Y-12.61 Z58.404 E20.12059
G1 X7.618 Y-10.841 Z58.414 E21.05871
G1 X6.82 Y-9.358 Z58.421 E21.85068
G1 X6.246 Y-8.213 Z58.427 E22.45301
G1 X5.88 Y-7.326 Z58.432 E22.90425
G1 X5.664 Y-6.603 Z58.435 E23.2591
G1 X5.538 Y-5.9 Z58.439 E23.59497
G1 X5.596 Y-4.785 Z58.444 E24.12003
G1 X6.698 Y-3.738 Z58.451 E24.83487
G1 X8.075 Y-3.819 Z58.457 E25.48355
G1 X9.336 Y-4.199 Z58.463 E26.1029
G1 X10.999 Y-4.794 Z58.471 E26.93351
G1 X13.121 Y-5.527 Z58.482 E27.98928
G1 X15.402 Y-6.203 Z58.493 E29.10808
G1 X16.507 Y-6.435 Z58.498 E29.63905
G1 X16.161 Y-6.202 Z58.5 E29.83522
;TIME_ELAPSED:396.651569
;LAYER:58
;TYPE:WALL-OUTER
;MESH:wavy.stl
G1 X14.439 Y-5.249 Z58.508 E30.76076
G1 X12.47 Y-4.27 Z58.517 E31.79486
G1 X9.756 Y-2.925 Z58.53 E33.2193
G1 X8.752 Y-2.275 Z58.535 E33.78176
G1 X8.11 Y-1.721 Z58.538 E34.18054
G1 X7.525 Y-.937 Z58.542 E34.64056
G1 X7.474 Y0.303 Z58.548 E35.22419
G1 X8.233 Y1.316 Z58.553 E35.81945
G1 X9.308 Y1.836 Z58.558 E36.38103
G1 X10.745 Y2.288 Z58.564 E37.08944
G1 X12.663 Y2.859 Z58.572 E38.03054
G1 X14.98 Y3.613 Z58.583 E39.1764
G1 X17.161 Y4.474 Z58.592 E40.27908
G1 X17.251 Y4.515 Z58.593 E40.32559
G1 X17.098 Y4.508 E40.39761
G1 X14.765 Y4.244 Z58.603 E41.50175
G1 X12.576 Y3.868 Z58.612 E42.54624
G1 X10.788 Y3.538 Z58.62 E43.40128
G1 X9.428 Y3.337 Z58.626 E44.0478
G1 X8.417 Y3.28 Z58.63 E44.52399
G1 X7.57 Y3.348 Z58.633 E44.92359
G1 X6.628 Y3.641 Z58.638 E45.38752
G1 X5.845 Y4.635 Z58.643 E45.98257
G1 X5.892 Y5.906 Z58.648 E46.58069
G1 X6.462 Y6.949 Z58.653 E47.13965
G1 X7.36 Y8.157 Z58.659 E47.8475
G1 X8.603 Y9.773 Z58.668 E48.80626
G1 X10.016 Y11.71 Z58.678 E49.93378
G1 X11.288 Y13.698 Z58.688 E51.04367
G1 X11.387 Y13.876 E51.13945
G1 X11.171 Y13.7 Z58.69 E51.27048
G1 X9.455 Y12.119 Z58.699 E52.36775
G1 X7.903 Y10.52 Z58.709 E53.41567
G1 X6.653 Y9.197 Z58.716 E54.27161
G1 X5.674 Y8.23 Z58.722 E54.91873
G1 X4.891 Y7.584 Z58.726 E55.39609
G1 X4.168 Y7.135 Z58.73 E55.79632
G1 X3.226 Y6.818 Z58.734 E56.26373
G1 X1.997 Y7.165 Z58.739 E56.86428
G1 X1.301 Y8.24 Z58.744 E57.46652
G1 X1.156 Y9.421 Z58.749 E58.02608
G1 X1.175 Y10.925 Z58.756 E58.73342
G1 X1.235 Y12.925 Z58.764 E59.67438
G1 X1.247 Y15.367 Z58.774 E60.82279
G1 X1.115 Y17.734 Z58.784 E61.93764
G1 X1.077 Y18.04 Z58.785 E62.08265
G1 X0.974 Y17.652 Z58.787 E62.27143
G1 X0.522 Y15.356 Z58.797 E63.37189
G1 X0.216 Y13.184 Z58.806 E64.4034
G1 X-0.015 Y11.351 Z58.813 E65.27222
G1 X-.231 Y9.991 Z58.819 E65.9198
G1 X-.477 Y9.004 Z58.823 E66.39816
G1 X-.797 Y8.21 Z58.827 E66.80073
G1 X-1.375 Y7.398 Z58.831 E67.26945
G1 X-2.594 Y6.947 Z58.836 E67.88069
G1 X-3.789 Y7.435 Z58.842 E68.48771
G1 X-4.593 Y8.308 Z58.847 E69.04583
G1 X-5.458 Y9.538 Z58.853 E69.75298
G1 X-6.592 Y11.209 Z58.861 E70.70266
G1 X-7.999 Y13.173 Z58.871 E71.83882
G1 X-9.502 Y15.031 Z58.881 E72.96267
G1 X-9.784 Y15.331 Z58.883 E73.15629
G1 X-9.595 Y14.845 Z58.885 E73.40152
G1 X-8.609 Y12.733 Z58.895 E74.49763
G1 X-7.573 Y10.793 Z58.904 E75.53189
G1 X-6.677 Y9.176 Z58.912 E76.40125
G1 X-6.047 Y7.953 Z58.918 E77.04821
G1 X-5.657 Y7.008 Z58.922 E77.52897
G1 X-5.445 Y6.177 Z58.925 E77.93228
G1 X-5.435 Y5.173 Z58.929 E78.40445
G1 X-6.168 Y4.08 Z58.935 E79.02334
G1 X-7.436 Y3.791 Z58.94 E79.63493
G1 X-8.597 Y4.033 Z58.945 E80.19265
G1 X-10.016 Y4.522 Z58.952 E80.89847
G1 X-11.898 Y5.207 Z58.96 E81.84032
G1 X-14.219 Y5.985 Z58.97 E82.99149
G1 X-16.526 Y6.612 Z58.98 E84.11576
G1 X-17.029 Y6.705 Z58.982 E84.35631
G1 X-16.502 Y6.367 Z58.985 E84.65074
G1 X-14.446 Y5.237 Z58.994 E85.75402
G1 X-12.464 Y4.281 Z59.004 E86.78885
G1 X-9.719 Y2.986 Z59.016 E88.21617
G1 X-8.684 Y2.363 Z59.021 E88.78428
G1 X-8.018 Y1.816 Z59.025 E89.18957
G1 X-7.419 Y1.006 Z59.029 E89.66333
G1 X-7.364 Y-.324 Z59.035 E90.28932
G1 X-8.245 Y-1.298 Z59.04 E90.90694
G1 X-9.328 Y-1.778 Z59.045 E91.46402
G1 X-10.767 Y-2.213 Z59.051 E92.17098
G1 X-12.696 Y-2.763 Z59.06 E93.11428
G1 X-15.024 Y-3.49 Z59.07 E94.2612
G1 X-17.284 Y-4.34 Z59.08 E95.39669
G1 X-17.846 Y-4.604 Z59.082 E95.68869
G1 X-17.096 Y-4.561 Z59.085 E96.04197
G1 X-14.763 Y-4.258 Z59.095 E97.14832
G1 X-12.578 Y-3.857 Z59.104 E98.19302
G1 X-10.794 Y-3.5 Z59.112 E99.04861
G1 X-9.434 Y-3.263 Z59.118 E99.69781
G1 X-8.414 Y-3.169 Z59.122 E100.17952
G1 X-7.551 Y-3.216 Z59.126 E100.58596
G1 X-6.583 Y-3.522 Z59.13 E101.06338
G1 X-5.744 Y-4.588 Z59.136 E101.70134
G1 X-5.913 Y-5.898 Z59.141 E102.32249
G1 X-6.512 Y-6.915 Z59.146 E102.87755
G1 X-7.422 Y-8.109 Z59.152 E103.58353
G1 X-8.684 Y-9.712 Z59.161 E104.54296
G1 X-10.123 Y-11.637 Z59.171 E105.6732
G1 X-11.465 Y-13.66 Z59.181 E106.81485
G1 X-11.817 Y-14.298 Z59.184 E107.15751
G1 X-11.138 Y-13.742 Z59.187 E107.57022
G1 X-9.445 Y-12.13 Z59.197 E108.66956
G1 X-7.911 Y-10.512 Z59.206 E109.71806
G1 X-6.68 Y-9.169 Z59.214 E110.5748
G1 X-5.723 Y-8.173 Z59.22 E111.22437
G1 X-4.955 Y-7.491 Z59.224 E111.70738
G1 X-4.23 Y-7.017 Z59.228 E112.11473
G1 X-3.26 Y-6.695 Z59.232 E112.59536
G1 X-1.944 Y-7.068 Z59.238 E113.23861
G1 X-1.322 Y-8.245 Z59.243 E113.86466
G1 X-1.216 Y-9.422 Z59.248 E114.4204
G1 X-1.254 Y-10.923 Z59.254 E115.1265
G1 X-1.336 Y-12.924 Z59.263 E116.0683
G1 X-1.376 Y-15.371 Z59.273 E117.2192
G1 X-1.281 Y-17.808 Z59.283 E118.36611
G1 X-1.176 Y-18.635 Z59.286 E118.75814
G1 X-.922 Y-17.666 Z59.291 E119.22923
G1 X-.508 Y-15.358 Z59.3 E120.33193
G1 X-.227 Y-13.182 Z59.309 E121.36373
G1 X-0.023 Y-11.344 Z59.317 E122.23339
G1 X0.158 Y-9.974 Z59.323 E122.88326
G1 X0.372 Y-8.966 Z59.327 E123.36785
G1 X0.678 Y-8.151 Z59.331 E123.77724
G1 X1.276 Y-7.318 Z59.335 E124.25947
G1 X2.58 Y-6.837 Z59.341 E124.91309
G1 X3.776 Y-7.452 Z59.346 E125.54553
G1 X4.545 Y-8.345 Z59.351 E126.09973
G1 X5.393 Y-9.582 Z59.358 E126.80502
G1 X6.51 Y-11.266 Z59.366 E127.75532
G1 X7.897 Y-13.252 Z59.376 E128.8945
G1 X9.413 Y-15.189 Z59.386 E130.05122
G1 X10.053 Y-15.87 Z59.39 E130.49071
G1 X9.646 Y-14.827 Z59.395 E131.01722
G1 X8.622 Y-12.726 Z59.404 E132.11635
G1 X7.563 Y-10.798 Z59.414 E133.1508
G1 X6.643 Y-9.193 Z59.421 E134.02079
G1 X5.978 Y-7.981 Z59.427 E134.67091
G1 X5.549 Y-7.04 Z59.431 E135.15725
G1 X5.314 Y-6.2 Z59.435 E135.56744
G1 X5.308 Y-5.167 Z59.439 E136.05324
G1 X6.093 Y-3.999 Z59.445 E136.71504
G1 X7.435 Y-3.813 Z59.451 E137.35217
G1 X8.579 Y-4.092 Z59.456 E137.90593
G1 X9.99 Y-4.598 Z59.462 E138.61085
G1 X11.866 Y-5.303 Z59.47 E139.55331
G1 X14.182 Y-6.109 Z59.48 E140.70652
G1 X16.544 Y-6.792 Z59.491 E141.8628
G1 X17.556 Y-6.978 Z59.495 E142.34669
G1 X16.532 Y-6.322 Z59.5 E142.91858
;TIME_ELAPSED:402.741435
;LAYER:59
;TYPE:WALL-OUTER
;MESH:wavy.stl
G1 X14.719 Y-5.366 Z59.508 E143.88245
G1 X12.567 Y-4.342 Z59.517 E145.00319
G1 X10.777 Y-3.534 Z59.524 E145.92676
G1 X9.454 Y-2.915 Z59.529 E146.61365
G1 X8.511 Y-2.361 Z59.534 E147.12798
G1 X7.705 Y-1.601 Z59.538 E147.64894
G1 X7.288 Y-.219 Z59.543 E148.32779
G1 X8.01 Y1.037 Z59.549 E149.00909
G1 X9.046 Y1.592 Z59.553 E149.56179
G1 X10.277 Y1.986 Z59.558 E150.16962
G1 X14.074 Y3.069 Z59.573 E152.02643
G1 X16.485 Y3.876 Z59.582 E153.22208
G1 X18.377 Y4.658 Z59.59 E154.18483
G1 X18.461 Y4.7 E154.22899
G1 X17.54 Y4.644 Z59.594 E154.66291
G1 X15.062 Y4.32 Z59.603 E155.83815
G1 X12.698 Y3.875 Z59.612 E156.96938
G1 X10.798 Y3.47 Z59.619 E157.88296
G1 X9.362 Y3.196 Z59.625 E158.57045
G1 X8.271 Y3.085 Z59.629 E159.08616
G1 X7.17 Y3.225 Z59.633 E159.6081
G1 X6.024 Y4.108 Z59.638 E160.28844
G1 X5.891 Y5.548 Z59.644 E160.96851
G1 X6.403 Y6.596 Z59.648 E161.51702
G1 X7.165 Y7.633 Z59.653 E162.12219
G1 X9.615 Y10.749 Z59.668 E163.98625
G1 X11.084 Y12.802 Z59.677 E165.17341
G1 X12.188 Y14.586 Z59.685 E166.16001
G1 X12.277 Y14.759 Z59.686 E166.2515
G1 X11.46 Y14.082 Z59.69 E166.75048
G1 X9.635 Y12.345 Z59.699 E167.93531
G1 X8.014 Y10.619 Z59.708 E169.04883
G1 X6.697 Y9.154 Z59.716 E169.97524
G1 X5.699 Y8.085 Z59.721 E170.66298
G1 X4.883 Y7.354 Z59.725 E171.17818
G1 X3.908 Y6.816 Z59.729 E171.70186
G1 X2.457 Y6.865 Z59.735 E172.38461
G1 X1.525 Y7.958 Z59.74 E173.0601
G1 X1.327 Y9.101 Z59.745 E173.60562
G1 X1.333 Y10.385 Z59.749 E174.20945
G1 X1.488 Y14.344 Z59.764 E176.07267
G1 X1.478 Y16.87 Z59.774 E177.26057
G1 X1.325 Y19.013 Z59.782 E178.27092
G1 X1.279 Y19.306 Z59.783 E178.4104
G1 X0.979 Y18.127 Z59.787 E178.98251
G1 X0.532 Y15.651 Z59.797 E180.16571
G1 X0.235 Y13.276 Z59.806 E181.2913
G1 X0.038 Y11.342 Z59.813 E182.2055
G1 X-.138 Y9.889 Z59.819 E182.89379
G1 X-.367 Y8.814 Z59.823 E183.41067
G1 X-.837 Y7.805 Z59.827 E183.93413
G1 X-2.049 Y6.996 Z59.832 E184.6194
G1 X-3.436 Y7.352 Z59.838 E185.2928
G1 X-4.26 Y8.157 Z59.842 E185.83453
G1 X-5.009 Y9.2 Z59.847 E186.43839
G1 X-7.216 Y12.512 Z59.862 E188.31004
G1 X-8.689 Y14.53 Z59.871 E189.48496
G1 X-10.099 Y16.218 Z59.879 E190.51927
G1 X-10.381 Y16.499 Z59.881 E190.70649
G1 X-9.875 Y15.238 Z59.886 E191.34545
G1 X-8.772 Y12.967 Z59.895 E192.53273
G1 X-7.615 Y10.878 Z59.904 E193.65573
G1 X-6.636 Y9.197 Z59.912 E194.57055
G1 X-5.923 Y7.921 Z59.917 E195.25793
G1 X-5.471 Y6.918 Z59.921 E195.77529
G1 X-5.257 Y5.826 Z59.925 E196.29859
G1 X-5.765 Y4.46 Z59.931 E196.98396
G1 X-7.104 Y3.949 Z59.936 E197.65794
G1 X-8.236 Y4.118 Z59.94 E198.19619
G1 X-9.451 Y4.521 Z59.945 E198.79817
G1 X-13.156 Y5.899 Z59.96 E200.65712
G1 X-15.575 Y6.686 Z59.97 E201.85339
G1 X-17.726 Y7.231 Z59.978 E202.8969
G1 X-18.223 Y7.309 Z59.98 E203.13348
G1 X-16.947 Y6.511 Z59.985 E203.84122
G1 X-14.734 Y5.336 Z59.995 E205.01952
G1 X-12.572 Y4.331 Z60.004 E206.14072
G1 X-10.774 Y3.539 Z60.011 E207.06466
G1 X-9.445 Y2.93 Z60.017 E207.75214
G1 X-8.49 Y2.386 Z60.021 E208.26899
G1 X-7.668 Y1.628 Z60.025 E208.79482
G1 X-7.286 Y0.219 Z60.03 E209.48135
G1 X-8.08 Y-.965 Z60.036 E210.15175
G1 X-9.089 Y-1.488 Z60.04 E210.68621
G1 X-10.309 Y-1.876 Z60.045 E211.28825
G1 X-14.115 Y-2.932 Z60.06 E213.1457
G1 X-16.544 Y-3.715 Z60.069 E214.34586
G1 X-18.659 Y-4.55 Z60.078 E215.41519
G1 X-19.195 Y-4.824 Z60.08 E215.69827
G1 X-17.536 Y-4.708 Z60.086 E216.48035
G1 X-15.057 Y-4.351 Z60.096 E217.65817
G1 X-12.696 Y-3.886 Z60.105 E218.7898
G1 X-10.799 Y-3.468 Z60.112 E219.7033
G1 X-9.364 Y-3.178 Z60.117 E220.39177
G1 X-8.269 Y-3.053 Z60.121 E220.91006
G1 X-7.156 Y-3.182 Z60.126 E221.43697
G1 X-6.023 Y-4.107 Z60.131 E222.1248
G1 X-5.989 Y-5.529 Z60.136 E222.79371
G1 X-6.5 Y-6.537 Z60.141 E223.32518
G1 X-7.256 Y-7.563 Z60.146 E223.92451
G1 X-9.729 Y-10.663 Z60.16 E225.78938
G1 X-11.227 Y-12.706 Z60.17 E226.98073
G1 X-12.481 Y-14.665 Z60.179 E228.07457
G1 X-12.798 Y-15.292 Z60.181 E228.40497
G1 X-11.418 Y-14.133 Z60.188 E229.25245
G1 X-9.612 Y-12.368 Z60.197 E230.43999
G1 X-8.007 Y-10.63 Z60.206 E231.55252
G1 X-6.698 Y-9.152 Z60.214 E232.48098
G1 X-5.71 Y-8.073 Z60.219 E233.16898
G1 X-4.901 Y-7.327 Z60.223 E233.68649
G1 X-3.922 Y-6.772 Z60.228 E234.21571
G1 X-2.456 Y-6.864 Z60.233 E234.90648
G1 X-1.615 Y-8.001 Z60.238 E235.57155
G1 X-1.44 Y-9.11 Z60.243 E236.09953
G1 X-1.448 Y-10.382 Z60.247 E236.69772
G1 X-1.632 Y-14.341 Z60.262 E238.56152
G1 X-1.649 Y-16.876 Z60.272 E239.75367
G1 X-1.515 Y-19.248 Z60.281 E240.87092
G1 X-1.387 Y-20.042 Z60.284 E241.24914
G1 X-.916 Y-18.143 Z60.291 E242.16923
G1 X-.5 Y-15.656 Z60.3 E243.35504
G1 X-.227 Y-13.306 Z60.309 E244.4676
G1 X-0.04 Y-11.341 Z60.317 E245.39585
G1 X0.122 Y-9.885 Z60.322 E246.08478
G1 X0.338 Y-8.803 Z60.326 E246.60365
G1 X0.801 Y-7.779 Z60.33 E247.13214
G1 X2.048 Y-6.994 Z60.336 E247.82508
G1 X3.388 Y-7.44 Z60.341 E248.48923
G1 X4.174 Y-8.23 Z60.345 E249.0133
G1 X4.914 Y-9.265 Z60.35 E249.61163
G1 X7.098 Y-12.595 Z60.365 E251.48438
G1 X8.554 Y-14.636 Z60.375 E252.66339
G1 X10.085 Y-16.522 Z60.384 E253.80576
G1 X10.727 Y-17.16 Z60.387 E254.2314
G1 X9.936 Y-15.214 Z60.395 E255.21925
G1 X8.8 Y-12.953 Z60.404 E256.40919
G1 X7.626 Y-10.874 Z60.413 E257.53199
G1 X6.633 Y-9.199 Z60.421 E258.4477
G1 X5.907 Y-7.928 Z60.426 E259.13605
G1 X5.44 Y-6.927 Z60.43 E259.65549
G1 X5.212 Y-5.826 Z60.434 E260.18424
G1 X5.763 Y-4.458 Z60.44 E260.87779
G1 X7.117 Y-4.048 Z60.445 E261.54309
G1 X8.209 Y-4.228 Z60.449 E262.06355
G1 X9.412 Y-4.63 Z60.454 E262.66003
G1 X13.109 Y-6.035 Z60.469 E264.51992
G1 X15.528 Y-6.851 Z60.479 E265.72048
G1 X17.896 Y-7.488 Z60.488 E266.87366
G1 X18.897 Y-7.644 Z60.492 E267.35008
G1 X16.982 Y-6.455 Z60.5 E268.41011
;TIME_ELAPSED:409.494325
;LAYER:60
;TYPE:WALL-OUTER
;MESH:wavy.stl
G1 X15.087 Y-5.48 Z60.507 E269.4123
G1 X12.835 Y-4.437 Z60.516 E270.57941
G1 X10.973 Y-3.63 Z60.523 E271.53375
G1 X9.595 Y-3.014 Z60.528 E272.24358
G1 X8.526 Y-2.437 Z60.532 E272.81485
G1 X7.51 Y-1.128 Z60.538 E273.59409
G1 X7.973 Y0.652 Z60.544 E274.45902
G1 X9.161 Y1.387 Z60.549 E275.11598
G1 X10.236 Y1.728 Z60.553 E275.64634
G1 X11.674 Y2.122 Z60.558 E276.34751
G1 X13.552 Y2.629 Z60.565 E277.26229
G1 X15.794 Y3.302 Z60.573 E278.3631
G1 X18.145 Y4.14 Z60.582 E279.53683
G1 X19.849 Y4.906 Z60.588 E280.41541
G1 X19.911 Y4.941 Z60.589 E280.44889
G1 X19.851 Y4.944 E280.47715
G1 X18.042 Y4.812 Z60.595 E281.33012
G1 X15.442 Y4.446 Z60.604 E282.56487
G1 X12.981 Y3.96 Z60.613 E283.74455
G1 X11.011 Y3.521 Z60.62 E284.6937
G1 X9.532 Y3.207 Z60.625 E285.40472
G1 X8.327 Y3.05 Z60.629 E285.97618
G1 X6.745 Y3.511 Z60.635 E286.75109
G1 X6.103 Y5.215 Z60.641 E287.60741
G1 X6.628 Y6.486 Z60.646 E288.2541
G1 X7.292 Y7.396 Z60.65 E288.78386
G1 X8.223 Y8.56 Z60.655 E289.4848
G1 X9.453 Y10.084 Z60.662 E290.40579
G1 X10.858 Y11.92 Z60.67 E291.493
G1 X12.283 Y13.995 Z60.678 E292.67675
G1 X13.242 Y15.655 Z60.685 E293.5783
G1 X13.303 Y15.793 Z60.686 E293.64926
G1 X13.194 Y15.724 E293.70992
G1 X11.765 Y14.513 Z60.692 E294.59079
G1 X9.859 Y12.665 Z60.702 E295.83925
G1 X8.191 Y10.861 Z60.71 E296.99467
G1 X6.836 Y9.323 Z60.717 E297.9586
G1 X5.822 Y8.201 Z60.722 E298.66979
G1 X4.941 Y7.37 Z60.727 E299.23932
G1 X3.396 Y6.814 Z60.732 E300.0115
G1 X1.904 Y7.827 Z60.739 E300.85958
G1 X1.591 Y9.099 Z60.743 E301.4756
G1 X1.586 Y10.269 Z60.747 E302.02582
G1 X1.653 Y11.755 Z60.752 E302.72534
G1 X1.754 Y13.713 Z60.759 E303.64735
G1 X1.814 Y16.035 Z60.767 E304.73967
G1 X1.755 Y18.545 Z60.776 E305.92037
G1 X1.553 Y20.505 Z60.783 E306.84698
G1 X1.505 Y20.727 E306.95379
G1 X1.433 Y20.544 Z60.784 E307.04627
G1 X0.973 Y18.659 Z60.791 E307.95873
G1 X0.523 Y16.04 Z60.8 E309.20841
G1 X0.234 Y13.572 Z60.809 E310.37696
G1 X0.046 Y11.56 Z60.815 E311.32726
G1 X-.114 Y10.058 Z60.821 E312.03759
G1 X-.346 Y8.867 Z60.825 E312.60821
G1 X-1.265 Y7.517 Z60.831 E313.37621
G1 X-3.05 Y7.485 Z60.837 E314.21577
G1 X-4.061 Y8.351 Z60.841 E314.84179
G1 X-4.727 Y9.259 Z60.845 E315.37134
G1 X-5.545 Y10.5 Z60.85 E316.07031
G1 X-6.597 Y12.118 Z60.857 E316.97789
G1 X-7.921 Y14.049 Z60.865 E318.07893
G1 X-9.446 Y16.056 Z60.874 E319.26431
G1 X-10.794 Y17.57 Z60.881 E320.21761
G1 X-11.022 Y17.773 Z60.882 E320.36117
G1 X-10.955 Y17.516 Z60.883 E320.48607
G1 X-10.191 Y15.657 Z60.89 E321.43124
G1 X-9.013 Y13.282 Z60.899 E322.67796
G1 X-7.809 Y11.14 Z60.907 E323.8335
G1 X-6.762 Y9.376 Z60.915 E324.79817
G1 X-6.009 Y8.067 Z60.92 E325.50833
G1 X-5.499 Y6.968 Z60.924 E326.07809
G1 X-5.451 Y5.342 Z60.93 E326.84308
G1 X-6.877 Y4.3 Z60.936 E327.67363
G1 X-8.181 Y4.405 Z60.94 E328.28884
G1 X-9.256 Y4.744 Z60.944 E328.81892
G1 X-10.647 Y5.266 Z60.949 E329.51761
G1 X-12.449 Y5.958 Z60.956 E330.42536
G1 X-14.684 Y6.755 Z60.964 E331.54124
G1 X-17.066 Y7.477 Z60.973 E332.71174
G1 X-19.097 Y7.927 Z60.98 E333.69002
G1 X-19.481 Y7.965 Z60.981 E333.87148
G1 X-19.223 Y7.754 Z60.982 E334.02822
G1 X-17.454 Y6.666 Z60.99 E335.00487
G1 X-15.107 Y5.441 Z60.999 E336.24988
G1 X-12.848 Y4.409 Z61.007 E337.41782
G1 X-10.983 Y3.607 Z61.014 E338.37252
G1 X-9.605 Y2.99 Z61.02 E339.08254
G1 X-8.548 Y2.397 Z61.024 E339.6525
G1 X-7.559 Y1.116 Z61.029 E340.41356
G1 X-8.12 Y-.539 Z61.035 E341.23535
G1 X-9.218 Y-1.21 Z61.04 E341.84048
G1 X-10.286 Y-1.571 Z61.044 E342.37064
G1 X-11.716 Y-1.967 Z61.049 E343.06843
G1 X-13.596 Y-2.47 Z61.056 E343.98363
G1 X-15.848 Y-3.128 Z61.064 E345.08695
G1 X-18.22 Y-3.945 Z61.072 E346.26674
G1 X-20.173 Y-4.787 Z61.08 E347.26689
G1 X-20.575 Y-5.023 Z61.081 E347.48611
G1 X-20.169 Y-5.047 Z61.083 E347.67737
G1 X-18.036 Y-4.883 Z61.09 E348.68341
G1 X-15.435 Y-4.49 Z61.099 E349.92046
G1 X-12.975 Y-3.989 Z61.108 E351.10106
G1 X-11.005 Y-3.544 Z61.115 E352.05083
G1 X-9.526 Y-3.232 Z61.12 E352.76166
G1 X-8.321 Y-3.096 Z61.124 E353.33193
G1 X-6.777 Y-3.549 Z61.13 E354.08863
G1 X-6.288 Y-5.21 Z61.136 E354.90289
G1 X-6.777 Y-6.376 Z61.14 E355.49749
G1 X-7.425 Y-7.298 Z61.144 E356.02745
G1 X-8.349 Y-8.459 Z61.149 E356.72524
G1 X-9.583 Y-9.98 Z61.156 E357.64631
G1 X-11.007 Y-11.816 Z61.164 E358.73898
G1 X-12.459 Y-13.881 Z61.173 E359.92611
G1 X-13.572 Y-15.748 Z61.18 E360.94827
G1 X-13.791 Y-16.249 Z61.182 E361.2054
G1 X-13.393 Y-15.994 Z61.184 E361.42769
G1 X-11.719 Y-14.567 Z61.191 E362.46213
G1 X-9.828 Y-12.695 Z61.201 E363.71345
G1 X-8.169 Y-10.881 Z61.209 E364.86947
G1 X-6.818 Y-9.338 Z61.216 E365.83393
G1 X-5.803 Y-8.218 Z61.221 E366.54473
G1 X-4.908 Y-7.404 Z61.226 E367.11366
G1 X-3.399 Y-6.865 Z61.231 E367.86721
G1 X-2.057 Y-7.932 Z61.237 E368.67347
G1 X-1.774 Y-9.126 Z61.241 E369.25053
G1 X-1.751 Y-10.268 Z61.245 E369.78768
G1 X-1.815 Y-11.748 Z61.25 E370.48432
G1 X-1.92 Y-13.705 Z61.257 E371.40596
G1 X-1.997 Y-16.034 Z61.265 E372.50181
G1 X-1.964 Y-18.556 Z61.274 E373.68792
G1 X-1.766 Y-20.778 Z61.282 E374.737
G1 X-1.632 Y-21.385 Z61.284 E375.02932
G1 X-1.435 Y-20.881 Z61.286 E375.2838
G1 X-.905 Y-18.675 Z61.294 E376.35073
G1 X-.479 Y-16.047 Z61.303 E377.60272
G1 X-.206 Y-13.605 Z61.311 E378.75827
G1 X-0.022 Y-11.562 Z61.318 E379.72291
G1 X0.14 Y-10.06 Z61.324 E380.43335
G1 X0.391 Y-8.875 Z61.328 E381.00298
G1 X1.292 Y-7.561 Z61.333 E381.75222
G1 X2.988 Y-7.66 Z61.339 E382.55115
G1 X3.91 Y-8.459 Z61.343 E383.12489
G1 X4.593 Y-9.355 Z61.347 E383.65471
G1 X5.411 Y-10.589 Z61.352 E384.35094
G1 X6.458 Y-12.21 Z61.359 E385.25843
G1 X7.772 Y-14.155 Z61.367 E386.36227
G1 X9.284 Y-16.188 Z61.376 E387.55374
G1 X10.782 Y-17.916 Z61.384 E388.62921
G1 X11.305 Y-18.379 Z61.386 E388.95768
G1 X11.151 Y-17.788 Z61.388 E389.24489
G1 X10.256 Y-15.63 Z61.396 E390.34355
G1 X9.052 Y-13.262 Z61.406 E391.59282
G1 X7.835 Y-11.124 Z61.414 E392.74972
G1 X6.783 Y-9.364 Z61.421 E393.71397
G1 X6.031 Y-8.054 Z61.426 E394.42431
G1 X5.54 Y-6.948 Z61.431 E394.99338
G1 X5.498 Y-5.361 Z61.436 E395.73995
G1 X6.929 Y-4.478 Z61.442 E396.53071
G1 X8.123 Y-4.581 Z61.446 E397.09429
G1 X9.204 Y-4.901 Z61.45 E397.62445
G1 X10.59 Y-5.417 Z61.455 E398.31995
G1 X12.39 Y-6.113 Z61.462 E399.22751
G1 X14.626 Y-6.928 Z61.47 E400.34669
G1 X17.012 Y-7.68 Z61.479 E401.52316
G1 X19.292 Y-8.214 Z61.487 E402.62438
G1 X20.068 Y-8.289 Z61.489 E402.99101
G1 X19.544 Y-7.86 Z61.492 E403.30948
G1 X17.491 Y-6.606 Z61.5 E404.44079
;TIME_ELAPSED:416.819249
;LAYER:61
;TYPE:WALL-OUTER
;MESH:wavy.stl
G1 X15.542 Y-5.614 Z61.507 E405.46923
G1 X13.266 Y-4.563 Z61.515 E406.64817
G1 X11.367 Y-3.743 Z61.522 E407.6209
G1 X9.968 Y-3.123 Z61.527 E408.34052
G1 X8.71 Y-2.432 Z61.532 E409.01548
G1 X7.966 Y-.285 Z61.539 E410.08405
G1 X9.427 Y1.084 Z61.546 E411.0256
G1 X10.505 Y1.458 Z61.55 E411.56219
G1 X11.759 Y1.81 Z61.554 E412.1747
G1 X13.383 Y2.24 Z61.56 E412.96473
G1 X15.382 Y2.806 Z61.566 E413.94175
G1 X16.401 Y3.121 Z61.57 E414.44332
G1 X17.595 Y3.518 Z61.574 E415.03505
G1 X18.604 Y3.883 Z61.578 E415.53964
G1 X19.789 Y4.376 Z61.582 E416.14321
G1 X20.625 Y4.757 Z61.585 E416.57525
G1 X21.183 Y5.074 Z61.587 E416.87705
G1 X21.229 Y5.104 E416.90288
G1 X20.99 Y5.118 Z61.588 E417.01546
G1 X18.54 Y4.993 Z61.596 E418.16911
G1 X15.853 Y4.603 Z61.605 E419.44596
G1 X13.411 Y4.115 Z61.613 E420.61706
G1 X11.392 Y3.663 Z61.62 E421.59003
G1 X9.899 Y3.345 Z61.625 E422.30788
G1 X8.47 Y3.179 Z61.63 E422.98441
G1 X6.651 Y4.465 Z61.637 E424.03202
G1 X7.029 Y6.392 Z61.643 E424.95549
G1 X7.677 Y7.33 Z61.647 E425.49162
G1 X8.482 Y8.353 Z61.651 E426.10379
G1 X9.54 Y9.653 Z61.657 E426.89202
G1 X10.828 Y11.286 Z61.664 E427.87008
G1 X11.466 Y12.142 Z61.667 E428.37214
G1 X12.2 Y13.161 Z61.671 E428.96272
G1 X12.803 Y14.055 Z61.675 E429.46983
G1 X13.479 Y15.149 Z61.679 E430.0746
G1 X13.932 Y15.956 Z61.682 E430.5098
G1 X14.227 Y16.583 Z61.684 E430.83567
G1 X14.268 Y16.694 Z61.685 E430.89131
G1 X13.96 Y16.495 Z61.686 E431.06376
G1 X12.051 Y14.943 Z61.694 E432.22075
G1 X10.127 Y13.06 Z61.703 E433.48676
G1 X8.426 Y11.217 Z61.711 E434.66618
G1 X7.058 Y9.665 Z61.718 E435.63909
G1 X6.033 Y8.533 Z61.723 E436.35724
G1 X4.97 Y7.571 Z61.728 E437.03145
G1 X2.785 Y7.549 Z61.735 E438.05903
G1 X1.98 Y9.305 Z61.741 E438.96746
G1 X1.945 Y10.44 Z61.745 E439.50146
G1 X1.994 Y11.742 Z61.749 E440.11418
G1 X2.167 Y15.472 Z61.761 E441.87016
G1 X2.181 Y16.563 Z61.765 E442.38326
G1 X2.179 Y17.814 Z61.769 E442.97157
G1 X2.138 Y18.899 Z61.773 E443.48217
G1 X2.049 Y20.18 Z61.777 E444.08604
G1 X1.936 Y21.106 Z61.78 E444.52473
G1 X1.805 Y21.844 Z61.782 E444.87721
G1 X1.755 Y22.019 Z61.783 E444.9628
G1 X1.58 Y21.564 Z61.785 E445.19206
G1 X0.952 Y19.169 Z61.793 E446.35642
G1 X0.507 Y16.537 Z61.802 E447.61173
G1 X0.211 Y14.002 Z61.81 E448.81195
G1 X0.019 Y11.968 Z61.817 E449.77273
G1 X-.147 Y10.449 Z61.822 E450.49131
G1 X-.454 Y9.05 Z61.826 E451.16487
G1 X-2.183 Y7.784 Z61.833 E452.17262
G1 X-3.83 Y8.721 Z61.84 E453.06373
G1 X-4.529 Y9.614 Z61.843 E453.59703
G1 X-5.257 Y10.696 Z61.848 E454.21031
G1 X-7.309 Y13.814 Z61.86 E455.96564
G1 X-7.942 Y14.705 Z61.863 E456.47963
G1 X-8.673 Y15.715 Z61.868 E457.06595
G1 X-9.349 Y16.573 Z61.871 E457.57962
G1 X-10.173 Y17.564 Z61.875 E458.18571
G1 X-10.811 Y18.247 Z61.878 E458.62524
G1 X-11.383 Y18.811 Z61.881 E459.003
G1 X-11.576 Y18.96 Z61.882 E459.11766
G1 X-11.417 Y18.366 Z61.884 E459.40683
G1 X-10.514 Y16.07 Z61.892 E460.56707
G1 X-9.312 Y13.66 Z61.901 E461.83356
G1 X-8.081 Y11.471 Z61.909 E463.01458
G1 X-7.028 Y9.69 Z61.916 E463.98756
G1 X-6.271 Y8.361 Z61.921 E464.70682
G1 X-5.711 Y7.047 Z61.926 E465.37853
G1 X-6.359 Y5.05 Z61.933 E466.36585
G1 X-8.21 Y4.852 Z61.939 E467.24128
G1 X-9.299 Y5.156 Z61.942 E467.77298
G1 X-10.523 Y5.601 Z61.947 E468.38545
G1 X-14.03 Y6.921 Z61.959 E470.14763
G1 X-15.056 Y7.266 Z61.963 E470.65667
G1 X-16.254 Y7.661 Z61.967 E471.24988
G1 X-17.295 Y7.952 Z61.97 E471.7582
G1 X-18.541 Y8.276 Z61.974 E472.36363
G1 X-19.467 Y8.452 Z61.978 E472.8069
G1 X-20.316 Y8.588 Z61.98 E473.21124
G1 X-20.622 Y8.598 Z61.981 E473.35522
G1 X-20.045 Y8.131 Z61.984 E473.7043
G1 X-17.958 Y6.811 Z61.992 E474.86558
G1 X-15.565 Y5.568 Z62.001 E476.13369
G1 X-13.283 Y4.523 Z62.009 E477.31401
G1 X-11.384 Y3.701 Z62.016 E478.28712
G1 X-9.993 Y3.067 Z62.021 E479.006
G1 X-8.774 Y2.322 Z62.026 E479.67784
G1 X-8.15 Y0.362 Z62.032 E480.64514
G1 X-9.51 Y-.854 Z62.038 E481.50307
G1 X-10.564 Y-1.252 Z62.042 E482.0329
G1 X-11.814 Y-1.616 Z62.046 E482.64514
G1 X-13.434 Y-2.05 Z62.052 E483.43384
G1 X-15.438 Y-2.612 Z62.059 E484.41261
G1 X-16.464 Y-2.934 Z62.062 E484.91831
G1 X-17.663 Y-3.315 Z62.066 E485.50994
G1 X-18.683 Y-3.695 Z62.07 E486.02182
G1 X-19.88 Y-4.159 Z62.074 E486.62554
G1 X-20.738 Y-4.567 Z62.077 E487.07233
G1 X-21.558 Y-4.973 Z62.08 E487.50262
G1 X-21.863 Y-5.181 Z62.081 E487.67623
G1 X-20.996 Y-5.226 Z62.084 E488.0845
G1 X-18.534 Y-5.062 Z62.092 E489.24486
G1 X-15.845 Y-4.653 Z62.101 E490.52395
G1 X-13.401 Y-4.158 Z62.109 E491.69662
G1 X-11.382 Y-3.707 Z62.116 E492.66949
G1 X-9.886 Y-3.405 Z62.121 E493.3872
G1 X-8.457 Y-3.304 Z62.126 E494.06089
G1 X-6.846 Y-4.511 Z62.133 E495.00754
G1 X-7.231 Y-6.255 Z62.138 E495.84743
G1 X-7.845 Y-7.198 Z62.142 E496.37661
G1 X-8.64 Y-8.228 Z62.146 E496.98848
G1 X-9.693 Y-9.529 Z62.152 E497.77559
G1 X-10.987 Y-11.162 Z62.159 E498.7554
G1 X-11.628 Y-12.028 Z62.162 E499.26208
G1 X-12.375 Y-13.037 Z62.166 E499.85246
G1 X-12.978 Y-13.95 Z62.17 E500.36701
G1 X-13.681 Y-15.028 Z62.174 E500.97223
G1 X-14.135 Y-15.868 Z62.177 E501.42125
G1 X-14.59 Y-16.72 Z62.181 E501.87548
G1 X-14.736 Y-17.128 Z62.182 E502.07926
G1 X-13.901 Y-16.585 Z62.185 E502.54766
G1 X-12.006 Y-14.995 Z62.193 E503.71095
G1 X-10.09 Y-13.097 Z62.202 E504.97923
G1 X-8.393 Y-11.246 Z62.211 E506.16015
G1 X-7.023 Y-9.695 Z62.217 E507.13333
G1 X-5.988 Y-8.574 Z62.222 E507.85083
G1 X-4.885 Y-7.665 Z62.227 E508.52298
G1 X-2.916 Y-7.701 Z62.233 E509.44909
G1 X-2.223 Y-9.312 Z62.239 E510.27381
G1 X-2.16 Y-10.431 Z62.243 E510.80087
G1 X-2.195 Y-11.731 Z62.247 E511.41244
G1 X-2.369 Y-15.465 Z62.259 E513.17032
G1 X-2.377 Y-16.565 Z62.263 E513.68763
G1 X-2.392 Y-17.823 Z62.267 E514.27927
G1 X-2.34 Y-18.916 Z62.271 E514.79385
G1 X-2.283 Y-20.201 Z62.275 E515.39874
G1 X-2.153 Y-21.155 Z62.278 E515.85152
G1 X-2.017 Y-22.167 Z62.282 E516.3317
G1 X-1.878 Y-22.644 Z62.283 E516.56535
G1 X-1.479 Y-21.603 Z62.287 E517.08963
G1 X-.884 Y-19.185 Z62.295 E518.26065
G1 X-.456 Y-16.545 Z62.304 E519.51836
G1 X-.165 Y-14.006 Z62.312 E520.72019
G1 X0.027 Y-11.972 Z62.319 E521.68096
G1 X0.209 Y-10.456 Z62.324 E522.399
G1 X0.577 Y-9.076 Z62.329 E523.07065
G1 X2.166 Y-7.984 Z62.335 E523.97735
G1 X3.637 Y-8.87 Z62.341 E524.7849
G1 X4.35 Y-9.734 Z62.344 E525.31169
G1 X5.088 Y-10.805 Z62.349 E525.92335
G1 X7.142 Y-13.927 Z62.361 E527.68077
G1 X7.782 Y-14.824 Z62.364 E528.19896
G1 X8.501 Y-15.843 Z62.369 E528.78545
G1 X9.195 Y-16.706 Z62.372 E529.30623
G1 X9.995 Y-17.719 Z62.376 E529.91325
G1 X10.665 Y-18.414 Z62.38 E530.36723
G1 X11.403 Y-19.199 Z62.383 E530.87391
G1 X11.845 Y-19.539 Z62.385 E531.13615
G1 X11.522 Y-18.339 Z62.389 E531.72056
G1 X10.577 Y-16.043 Z62.397 E532.88817
G1 X9.358 Y-13.636 Z62.406 E534.15698
G1 X8.12 Y-11.449 Z62.414 E535.3388
G1 X7.066 Y-9.667 Z62.421 E536.31243
G1 X6.324 Y-8.329 Z62.426 E537.03192
G1 X5.827 Y-6.995 Z62.431 E537.70138
G1 X6.462 Y-5.22 Z62.437 E538.58791
G1 X8.142 Y-5.087 Z62.443 E539.38043
G1 X9.225 Y-5.357 Z62.446 E539.90532
G1 X10.45 Y-5.789 Z62.45 E540.51617
G1 X13.961 Y-7.112 Z62.463 E542.28061
G1 X14.997 Y-7.455 Z62.466 E542.79381
G1 X16.19 Y-7.865 Z62.471 E543.38705
G1 X17.249 Y-8.151 Z62.474 E543.9029
G1 X18.488 Y-8.506 Z62.478 E544.509
G1 X19.446 Y-8.673 Z62.482 E544.96631
G1 X20.56 Y-8.89 Z62.485 E545.50004
G1 X21.18 Y-8.908 Z62.487 E545.79172
G1 X20.113 Y-8.048 Z62.492 E546.43619
G1 X17.994 Y-6.751 Z62.5 E547.60454
;TIME_ELAPSED:424.531084
;LAYER:62
;TYPE:WALL-OUTER
;MESH:wavy.stl
G1 X16.018 Y-5.741 Z62.507 E548.64813
G1 X13.489 Y-4.567 Z62.516 E549.95933
G1 X11.901 Y-3.875 Z62.522 E550.77394
G1 X10.507 Y-3.238 Z62.527 E551.49469
G1 X8.788 Y-2.008 Z62.533 E552.48871
G1 X9.386 Y0.443 Z62.541 E553.67514
G1 X10.891 Y1.125 Z62.547 E554.45217
G1 X12.073 Y1.476 Z62.551 E555.03202
G1 X15.255 Y2.351 Z62.561 E556.58395
G1 X17.231 Y2.959 Z62.568 E557.55619
G1 X19.302 Y3.701 Z62.575 E558.59073
G1 X21.225 Y4.547 Z62.582 E559.5787
G1 X22.436 Y5.225 Z62.586 E560.23137
G1 X22.47 Y5.253 E560.25209
G1 X22.465 Y5.255 E560.25462
G1 X21.441 Y5.307 Z62.589 E560.73679
G1 X18.97 Y5.164 Z62.597 E561.90076
G1 X16.332 Y4.782 Z62.606 E563.15427
G1 X13.594 Y4.245 Z62.615 E564.46639
G1 X11.902 Y3.874 Z62.62 E565.28098
G1 X10.399 Y3.577 Z62.625 E566.00146
G1 X8.322 Y3.575 Z62.632 E566.9782
G1 X7.391 Y5.856 Z62.64 E568.13679
G1 X8.19 Y7.281 Z62.645 E568.90507
G1 X8.937 Y8.262 Z62.649 E569.48492
G1 X10.981 Y10.823 Z62.66 E571.02584
G1 X12.247 Y12.508 Z62.666 E572.01697
G1 X13.472 Y14.302 Z62.673 E573.03855
G1 X14.543 Y16.131 Z62.68 E574.03528
G1 X15.142 Y17.428 Z62.685 E574.70712
G1 X15.166 Y17.522 E574.75274
G1 X15.154 Y17.518 E574.75869
G1 X14.217 Y16.909 Z62.689 E575.28422
G1 X12.306 Y15.339 Z62.697 E576.4473
G1 X10.391 Y13.472 Z62.705 E577.70502
G1 X8.495 Y11.431 Z62.714 E579.01507
G1 X7.343 Y10.139 Z62.72 E579.8291
G1 X6.297 Y9.018 Z62.724 E580.55012
G1 X4.63 Y7.831 Z62.731 E581.51249
G1 X2.594 Y9.11 Z62.739 E582.6432
G1 X2.398 Y10.705 Z62.744 E583.39891
G1 X2.422 Y11.932 Z62.748 E583.97604
G1 X2.569 Y15.209 Z62.758 E585.51865
G1 X2.603 Y17.296 Z62.765 E586.50023
G1 X2.539 Y19.506 Z62.772 E587.53995
G1 X2.334 Y21.605 Z62.779 E588.53174
G1 X2.047 Y23.05 Z62.784 E589.22455
G1 X1.992 Y23.189 E589.29485
G1 X1.979 Y23.171 E589.30529
G1 X1.547 Y22.044 Z62.788 E589.87288
G1 X0.929 Y19.649 Z62.796 E591.03606
G1 X0.474 Y16.998 Z62.805 E592.30097
G1 X0.172 Y14.519 Z62.813 E593.47538
G1 X-0.033 Y12.519 Z62.819 E594.42084
G1 X-.227 Y11 Z62.824 E595.14097
G1 X-.884 Y9.095 Z62.83 E596.08861
G1 X-3.223 Y8.947 Z62.838 E597.19076
G1 X-4.308 Y10.098 Z62.843 E597.93462
G1 X-5.015 Y11.103 Z62.847 E598.51247
G1 X-6.842 Y13.867 Z62.857 E600.07058
G1 X-8.023 Y15.549 Z62.864 E601.03708
G1 X-9.376 Y17.307 Z62.871 E602.0803
G1 X-10.774 Y18.882 Z62.878 E603.07066
G1 X-11.889 Y19.915 Z62.883 E603.78545
G1 X-12.068 Y20.027 E603.88475
G1 X-11.72 Y18.733 Z62.888 E604.5149
G1 X-10.811 Y16.439 Z62.896 E605.67529
G1 X-9.626 Y14.043 Z62.904 E606.93232
G1 X-8.268 Y11.601 Z62.913 E608.24634
G1 X-7.396 Y10.103 Z62.919 E609.06146
G1 X-6.666 Y8.756 Z62.924 E609.78195
G1 X-6.105 Y6.859 Z62.93 E610.71224
G1 X-7.871 Y5.407 Z62.937 E611.7874
G1 X-9.406 Y5.686 Z62.942 E612.52109
G1 X-10.566 Y6.081 Z62.946 E613.09735
G1 X-13.639 Y7.229 Z62.957 E614.64003
G1 X-15.633 Y7.913 Z62.963 E615.63138
G1 X-17.725 Y8.53 Z62.97 E616.65707
G1 X-17.982 Y8.594 Z62.971 E616.78162
G1 X-19.806 Y8.993 Z62.977 E617.65967
G1 X-21.36 Y9.179 Z62.982 E618.39568
G1 X-21.612 Y9.162 Z62.983 E618.51445
G1 X-21.591 Y9.133 E618.53129
G1 X-20.506 Y8.256 Z62.988 E619.18737
G1 X-18.419 Y6.938 Z62.996 E620.34815
G1 X-16.043 Y5.692 Z63.004 E621.60982
G1 X-13.511 Y4.517 Z63.013 E622.9225
G1 X-11.927 Y3.815 Z63.019 E623.73728
G1 X-10.548 Y3.149 Z63.024 E624.45744
G1 X-9.013 Y1.943 Z63.03 E625.37545
G1 X-9.589 Y-.206 Z63.037 E626.42172
G1 X-10.967 Y-.878 Z63.042 E627.1427
G1 X-12.136 Y-1.245 Z63.046 E627.71889
G1 X-15.317 Y-2.132 Z63.056 E629.27188
G1 X-17.299 Y-2.738 Z63.063 E630.24654
G1 X-19.384 Y-3.478 Z63.07 E631.28697
G1 X-21.33 Y-4.322 Z63.077 E632.28447
G1 X-22.737 Y-5.107 Z63.082 E633.04215
G1 X-22.97 Y-5.302 Z63.083 E633.18503
G1 X-22.929 Y-5.315 E633.20526
G1 X-21.445 Y-5.392 Z63.088 E633.90407
G1 X-18.964 Y-5.226 Z63.096 E635.07341
G1 X-16.323 Y-4.836 Z63.104 E636.32885
G1 X-13.583 Y-4.299 Z63.113 E637.6419
G1 X-11.888 Y-3.937 Z63.119 E638.45698
G1 X-10.38 Y-3.673 Z63.124 E639.17692
G1 X-8.468 Y-3.761 Z63.13 E640.07702
G1 X-7.694 Y-5.783 Z63.137 E641.09519
G1 X-8.395 Y-7.125 Z63.142 E641.8072
G1 X-9.123 Y-8.112 Z63.146 E642.38395
G1 X-11.181 Y-10.706 Z63.156 E643.94111
G1 X-12.432 Y-12.369 Z63.163 E644.91973
G1 X-13.67 Y-14.17 Z63.17 E645.94748
G1 X-14.76 Y-16.011 Z63.177 E646.95361
G1 X-15.454 Y-17.508 Z63.182 E647.72957
G1 X-15.541 Y-17.855 Z63.183 E647.8978
G1 X-15.494 Y-17.84 E647.921
G1 X-14.171 Y-16.98 Z63.189 E648.66306
G1 X-12.265 Y-15.386 Z63.196 E649.83152
G1 X-10.352 Y-13.511 Z63.205 E651.0912
G1 X-8.453 Y-11.469 Z63.214 E652.40256
G1 X-7.294 Y-10.182 Z63.22 E653.21704
G1 X-6.225 Y-9.085 Z63.224 E653.93736
G1 X-4.638 Y-8.066 Z63.23 E654.82427
G1 X-2.882 Y-9.23 Z63.237 E655.81501
G1 X-2.657 Y-10.7 Z63.242 E656.51435
G1 X-2.661 Y-11.921 Z63.246 E657.08855
G1 X-2.798 Y-15.231 Z63.257 E658.64646
G1 X-2.833 Y-17.293 Z63.263 E659.61629
G1 X-2.777 Y-19.514 Z63.27 E660.66108
G1 X-2.58 Y-21.635 Z63.277 E661.66281
G1 X-2.253 Y-23.298 Z63.283 E662.45984
G1 X-2.1 Y-23.678 Z63.284 E662.65248
G1 X-2.066 Y-23.631 E662.67976
G1 X-1.468 Y-22.075 Z63.289 E663.46368
G1 X-.867 Y-19.663 Z63.297 E664.63264
G1 X-.421 Y-17.007 Z63.306 E665.89916
G1 X-.119 Y-14.545 Z63.314 E667.06563
G1 X0.098 Y-12.525 Z63.32 E668.02103
G1 X0.325 Y-11.011 Z63.325 E668.74097
G1 X1.016 Y-9.29 Z63.331 E669.6131
G1 X3.059 Y-9.214 Z63.338 E670.57452
G1 X4.097 Y-10.245 Z63.342 E671.26253
G1 X4.816 Y-11.235 Z63.346 E671.83792
G1 X6.652 Y-13.992 Z63.357 E673.39562
G1 X7.834 Y-15.682 Z63.364 E674.36547
G1 X9.189 Y-17.453 Z63.371 E675.41412
G1 X10.592 Y-19.052 Z63.378 E676.4145
G1 X11.868 Y-20.236 Z63.383 E677.23309
G1 X12.279 Y-20.493 Z63.385 E677.46104
G1 X11.802 Y-18.711 Z63.391 E678.32856
G1 X10.868 Y-16.415 Z63.399 E679.49421
G1 X9.674 Y-14.018 Z63.407 E680.75355
G1 X8.315 Y-11.574 Z63.416 E682.06861
G1 X7.451 Y-10.07 Z63.422 E682.88429
G1 X6.752 Y-8.709 Z63.427 E683.6038
G1 X6.327 Y-6.938 Z63.432 E684.46029
G1 X7.895 Y-5.717 Z63.439 E685.39486
G1 X9.321 Y-5.931 Z63.443 E686.07297
G1 X10.483 Y-6.305 Z63.447 E686.64703
G1 X13.56 Y-7.442 Z63.458 E688.18967
G1 X15.558 Y-8.132 Z63.465 E689.18371
G1 X17.66 Y-8.759 Z63.472 E690.21525
G1 X17.92 Y-8.812 E690.34003
G1 X19.759 Y-9.237 Z63.479 E691.22765
G1 X21.532 Y-9.451 Z63.484 E692.06748
G1 X22.044 Y-9.416 Z63.486 E692.30882
G1 X22.001 Y-9.357 E692.34315
G1 X20.559 Y-8.189 Z63.492 E693.21582
G1 X18.452 Y-6.884 Z63.5 E694.38133
;TIME_ELAPSED:432.440715
;LAYER:63
;TYPE:WALL-OUTER
;MESH:wavy.stl
G1 X16.465 Y-5.85 Z63.507 E695.4347
G1 X12.524 Y-4.012 Z63.521 E697.47967
G1 X11.118 Y-3.327 Z63.526 E698.21516
G1 X9.436 Y-1.234 Z63.535 E699.47787
G1 X11.197 Y0.68 Z63.543 E700.70097
G1 X12.459 Y1.086 Z63.548 E701.3244
G1 X13.776 Y1.459 Z63.552 E701.96811
G1 X15.323 Y1.896 Z63.557 E702.72408
G1 X17.097 Y2.435 Z63.563 E703.59599
G1 X18.919 Y3.063 Z63.569 E704.50228
G1 X20.744 Y3.805 Z63.576 E705.42874
G1 X22.348 Y4.611 Z63.581 E706.27292
G1 X23.415 Y5.32 Z63.586 E706.87537
G1 X23.433 Y5.34 E706.88803
G1 X23.399 Y5.351 E706.90483
G1 X21.723 Y5.456 Z63.591 E707.69454
G1 X19.316 Y5.313 Z63.599 E708.82847
G1 X16.747 Y4.955 Z63.607 E710.04826
G1 X12.486 Y4.134 Z63.621 E712.08892
G1 X10.946 Y3.873 Z63.626 E712.82346
G1 X8.423 Y4.567 Z63.635 E714.05401
G1 X8.709 Y7.095 Z63.643 E715.25042
G1 X9.483 Y8.171 Z63.647 E715.87374
G1 X10.327 Y9.246 Z63.652 E716.51647
G1 X11.319 Y10.504 Z63.657 E717.26987
G1 X12.433 Y11.98 Z63.663 E718.13949
G1 X13.557 Y13.588 Z63.669 E719.06211
G1 X14.422 Y14.976 Z63.674 E719.83121
G1 X14.589 Y15.251 Z63.675 E719.98252
G1 X15.294 Y16.6 Z63.68 E720.69831
G1 X15.411 Y16.847 Z63.681 E720.82684
G1 X15.863 Y18.067 Z63.685 E721.43868
G1 X15.87 Y18.125 Z63.686 E721.46616
G1 X15.795 Y18.1 E721.50333
G1 X14.36 Y17.191 Z63.691 E722.30216
G1 X12.499 Y15.661 Z63.699 E723.43513
G1 X10.63 Y13.861 Z63.707 E724.65539
G1 X7.659 Y10.693 Z63.721 E726.69783
G1 X6.56 Y9.586 Z63.726 E727.4314
G1 X4.161 Y8.698 Z63.735 E728.63437
G1 X2.941 Y10.859 Z63.743 E729.80138
G1 X2.923 Y12.181 Z63.747 E730.42313
G1 X2.972 Y13.549 Z63.751 E731.06687
G1 X3.034 Y15.149 Z63.756 E731.81986
G1 X3.067 Y16.998 Z63.762 E732.68952
G1 X3.03 Y18.954 Z63.769 E733.60953
G1 X2.912 Y20.597 Z63.774 E734.38417
G1 X2.886 Y20.919 Z63.775 E734.53608
G1 X2.659 Y22.43 Z63.78 E735.25463
G1 X2.611 Y22.7 Z63.781 E735.38359
G1 X2.251 Y23.969 Z63.785 E736.00391
G1 X2.206 Y24.048 E736.04667
G1 X2.135 Y23.949 Z63.786 E736.10396
G1 X1.504 Y22.355 Z63.791 E736.91016
G1 X0.895 Y20.011 Z63.799 E738.04906
G1 X0.442 Y17.463 Z63.807 E739.26609
G1 X-.106 Y13.155 Z63.821 E741.30832
G1 X-.356 Y11.616 Z63.826 E742.04155
G1 X-1.748 Y9.546 Z63.834 E743.21463
G1 X-3.955 Y10.553 Z63.842 E744.35544
G1 X-4.752 Y11.605 Z63.847 E744.97611
G1 X-5.517 Y12.736 Z63.851 E745.61822
G1 X-6.424 Y14.089 Z63.856 E746.38423
G1 X-7.459 Y15.569 Z63.862 E747.23353
G1 X-8.654 Y17.15 Z63.868 E748.16551
G1 X-9.714 Y18.404 Z63.874 E748.93768
G1 X-9.928 Y18.653 Z63.875 E749.09208
G1 X-11.002 Y19.739 Z63.88 E749.81035
G1 X-11.199 Y19.93 Z63.881 E749.93939
G1 X-12.268 Y20.767 Z63.885 E750.57787
G1 X-12.38 Y20.818 E750.63574
G1 X-12.378 Y20.653 Z63.886 E750.71334
G1 X-11.933 Y18.964 Z63.891 E751.53472
G1 X-11.05 Y16.716 Z63.899 E752.67051
G1 X-9.912 Y14.374 Z63.908 E753.89501
G1 X-7.832 Y10.572 Z63.922 E755.93304
G1 X-7.141 Y9.175 Z63.927 E756.66598
G1 X-7.064 Y6.748 Z63.934 E757.80789
G1 X-9.381 Y6.274 Z63.942 E758.92006
G1 X-10.646 Y6.646 Z63.946 E759.54014
G1 X-11.933 Y7.11 Z63.951 E760.1835
G1 X-13.468 Y7.674 Z63.956 E760.95255
G1 X-15.157 Y8.253 Z63.962 E761.7922
G1 X-17.067 Y8.834 Z63.968 E762.73104
G1 X-18.67 Y9.223 Z63.973 E763.50676
G1 X-18.976 Y9.298 Z63.974 E763.65492
G1 X-20.5 Y9.547 Z63.979 E764.38111
G1 X-20.77 Y9.587 Z63.98 E764.50947
G1 X-22.132 Y9.636 Z63.985 E765.15039
G1 X-22.284 Y9.605 E765.22334
G1 X-22.16 Y9.438 Z63.986 E765.32115
G1 X-20.811 Y8.322 Z63.992 E766.14449
G1 X-18.76 Y7.016 Z63.999 E767.28795
G1 X-16.49 Y5.802 Z64.008 E768.49853
G1 X-12.558 Y3.936 Z64.022 E770.54527
G1 X-11.182 Y3.202 Z64.027 E771.27866
G1 X-9.742 Y1.324 Z64.034 E772.39156
G1 X-11.297 Y-.378 Z64.042 E773.47571
G1 X-12.534 Y-.827 Z64.046 E774.09457
G1 X-13.846 Y-1.211 Z64.05 E774.73744
G1 X-15.393 Y-1.652 Z64.056 E775.49393
G1 X-17.17 Y-2.197 Z64.062 E776.36801
G1 X-19 Y-2.833 Z64.068 E777.27909
G1 X-20.838 Y-3.587 Z64.074 E778.21334
G1 X-22.46 Y-4.412 Z64.08 E779.06911
G1 X-23.607 Y-5.187 Z64.085 E779.72009
G1 X-23.734 Y-5.326 E779.80863
G1 X-23.494 Y-5.401 Z64.086 E779.92688
G1 X-21.726 Y-5.512 Z64.092 E780.75995
G1 X-19.312 Y-5.364 Z64.099 E781.8973
G1 X-16.739 Y-5.008 Z64.108 E783.11882
G1 X-12.468 Y-4.215 Z64.122 E785.16166
G1 X-10.924 Y-4.012 Z64.127 E785.894
G1 X-8.722 Y-4.675 Z64.134 E786.97544
G1 X-8.969 Y-6.909 Z64.141 E788.03242
G1 X-9.695 Y-8.004 Z64.146 E788.65026
G1 X-10.53 Y-9.087 Z64.15 E789.29336
G1 X-11.518 Y-10.349 Z64.155 E790.04708
G1 X-12.633 Y-11.83 Z64.161 E790.91886
G1 X-13.759 Y-13.449 Z64.168 E791.84626
G1 X-14.622 Y-14.857 Z64.173 E792.62287
G1 X-14.793 Y-15.13 Z64.174 E792.77436
G1 X-15.494 Y-16.508 Z64.179 E793.50142
G1 X-15.619 Y-16.751 Z64.18 E793.62992
G1 X-16.097 Y-18.074 Z64.184 E794.29145
G1 X-16.121 Y-18.291 Z64.185 E794.39412
G1 X-15.842 Y-18.197 Z64.186 E794.53257
G1 X-14.329 Y-17.237 Z64.192 E795.37522
G1 X-12.465 Y-15.7 Z64.2 E796.51137
G1 X-10.592 Y-13.899 Z64.208 E797.73331
G1 X-7.597 Y-10.748 Z64.222 E799.77769
G1 X-6.46 Y-9.685 Z64.227 E800.50967
G1 X-4.341 Y-8.961 Z64.234 E801.56272
G1 X-3.259 Y-10.861 Z64.241 E802.59095
G1 X-3.193 Y-12.171 Z64.245 E803.20778
G1 X-3.23 Y-13.54 Z64.25 E803.85181
G1 X-3.287 Y-15.14 Z64.255 E804.60472
G1 X-3.318 Y-16.996 Z64.261 E805.47765
G1 X-3.274 Y-18.961 Z64.267 E806.40196
G1 X-3.143 Y-20.618 Z64.273 E807.18362
G1 X-3.122 Y-20.941 Z64.274 E807.33584
G1 X-2.874 Y-22.473 Z64.279 E808.06566
G1 X-2.834 Y-22.744 Z64.28 E808.19449
G1 X-2.437 Y-24.112 Z64.284 E808.86435
G1 X-2.312 Y-24.331 Z64.285 E808.98294
G1 X-2.116 Y-24.055 Z64.286 E809.14213
G1 X-1.452 Y-22.375 Z64.292 E809.99165
G1 X-.845 Y-20.023 Z64.3 E811.13395
G1 X-.388 Y-17.472 Z64.308 E812.3527
G1 X0.189 Y-13.164 Z64.322 E814.3967
G1 X0.495 Y-11.638 Z64.327 E815.12861
G1 X1.757 Y-9.862 Z64.334 E816.15319
G1 X3.699 Y-10.743 Z64.341 E817.15603
G1 X4.527 Y-11.755 Z64.345 E817.77093
G1 X5.303 Y-12.881 Z64.35 E818.41402
G1 X6.214 Y-14.23 Z64.355 E819.17952
G1 X7.254 Y-15.713 Z64.361 E820.03132
G1 X8.461 Y-17.299 Z64.367 E820.96859
G1 X9.541 Y-18.557 Z64.372 E821.74829
G1 X9.751 Y-18.809 Z64.373 E821.90255
G1 X10.852 Y-19.901 Z64.378 E822.63179
G1 X11.044 Y-20.098 Z64.379 E822.76116
G1 X12.192 Y-20.986 Z64.384 E823.44368
G1 X12.449 Y-21.103 Z64.385 E823.57648
G1 X12.445 Y-20.723 Z64.386 E823.75519
G1 X11.987 Y-18.949 Z64.392 E824.61679
G1 X11.097 Y-16.697 Z64.4 E825.75554
G1 X9.96 Y-14.349 Z64.408 E826.98237
G1 X7.904 Y-10.53 Z64.422 E829.02204
G1 X7.266 Y-9.111 Z64.427 E829.7537
G1 X7.258 Y-6.998 Z64.434 E830.74738
G1 X9.284 Y-6.578 Z64.441 E831.72039
G1 X10.553 Y-6.9 Z64.445 E832.33607
G1 X11.844 Y-7.352 Z64.449 E832.97932
G1 X13.375 Y-7.91 Z64.455 E833.74563
G1 X15.075 Y-8.49 Z64.46 E834.59033
G1 X16.998 Y-9.068 Z64.467 E835.53462
G1 X18.618 Y-9.45 Z64.472 E836.31734
G1 X18.923 Y-9.531 Z64.473 E836.46575
G1 X20.474 Y-9.765 Z64.478 E837.20339
G1 X20.743 Y-9.814 Z64.479 E837.33197
G1 X22.21 Y-9.856 Z64.484 E838.02213
G1 X22.52 Y-9.793 Z64.485 E838.1709
G1 X22.267 Y-9.454 Z64.486 E838.36982
G1 X20.845 Y-8.279 Z64.492 E839.23729
G1 X18.787 Y-6.972 Z64.5 E840.38378
;TIME_ELAPSED:440.298676
;LAYER:64
;TYPE:WALL-OUTER
;MESH:wavy.stl
G1 X16.828 Y-5.923 Z64.507 E841.4288
G1 X14.809 Y-4.931 Z64.515 E842.48668
G1 X13.166 Y-4.136 Z64.521 E843.34502
G1 X11.689 Y-3.33 Z64.527 E844.1363
G1 X10.857 Y-.527 Z64.537 E845.5113
G1 X12.776 Y0.618 Z64.544 E846.56217
G1 X14.055 Y1.003 Z64.549 E847.1903
G1 X15.478 Y1.414 Z64.554 E847.88684
G1 X17.034 Y1.895 Z64.559 E848.65274
G1 X18.686 Y2.464 Z64.565 E849.47441
G1 X20.269 Y3.097 Z64.571 E850.27616
G1 X21.76 Y3.8 Z64.576 E851.05135
G1 X22.998 Y4.515 Z64.581 E851.72367
G1 X23.883 Y5.171 Z64.585 E852.24172
G1 X24.004 Y5.308 E852.32768
G1 X23.568 Y5.443 Z64.587 E852.54232
G1 X21.809 Y5.555 Z64.593 E853.37119
G1 X19.53 Y5.425 Z64.6 E854.44467
G1 X17.11 Y5.113 Z64.609 E855.59214
G1 X14.877 Y4.73 Z64.616 E856.65757
G1 X13.079 Y4.414 Z64.622 E857.51607
G1 X11.407 Y4.218 Z64.628 E858.30774
G1 X9.167 Y5.949 Z64.637 E859.63902
G1 X10.019 Y7.972 Z64.645 E860.6713
G1 X10.825 Y9.042 Z64.649 E861.30127
G1 X11.72 Y10.194 Z64.654 E861.9873
G1 X12.712 Y11.515 Z64.66 E862.76418
G1 X13.702 Y12.935 Z64.665 E863.57823
G1 X14.624 Y14.41 Z64.671 E864.39624
G1 X15.399 Y15.833 Z64.677 E865.15824
G1 X15.989 Y17.167 Z64.682 E865.84419
G1 X16.309 Y18.214 Z64.685 E866.35904
G1 X16.324 Y18.411 Z64.686 E866.45195
G1 X15.868 Y18.258 Z64.688 E866.67814
G1 X14.379 Y17.318 Z64.694 E867.50623
G1 X12.601 Y15.87 Z64.701 E868.58456
G1 X10.829 Y14.198 Z64.709 E869.73028
G1 X9.247 Y12.58 Z64.717 E870.79444
G1 X7.973 Y11.271 Z64.723 E871.65344
G1 X6.724 Y10.146 Z64.729 E872.44394
G1 X3.983 Y10.237 Z64.738 E873.73365
G1 X3.48 Y12.339 Z64.745 E874.75005
G1 X3.498 Y13.675 Z64.75 E875.37839
G1 X3.545 Y15.134 Z64.755 E876.06486
G1 X3.57 Y16.81 Z64.76 E876.85312
G1 X3.534 Y18.509 Z64.766 E877.65228
G1 X3.41 Y20.254 Z64.772 E878.47496
G1 X3.194 Y21.868 Z64.777 E879.24074
G1 X2.88 Y23.296 Z64.782 E879.92832
G1 X2.513 Y24.335 Z64.786 E880.44652
G1 X2.399 Y24.512 Z64.787 E880.54552
G1 X2.105 Y24.102 Z64.788 E880.78278
G1 X1.449 Y22.464 Z64.794 E881.61256
G1 X0.862 Y20.258 Z64.802 E882.68606
G1 X0.398 Y17.817 Z64.81 E883.85454
G1 X0.071 Y15.614 Z64.818 E884.90189
G1 X-.195 Y13.808 Z64.824 E885.76035
G1 X-.562 Y12.169 Z64.829 E886.5502
G1 X-2.766 Y10.69 Z64.838 E887.79841
G1 X-4.387 Y12.063 Z64.845 E888.79741
G1 X-5.163 Y13.15 Z64.85 E889.42548
G1 X-5.996 Y14.372 Z64.855 E890.12097
G1 X-6.955 Y15.734 Z64.86 E890.90431
G1 X-7.982 Y17.086 Z64.866 E891.70275
G1 X-9.107 Y18.418 Z64.872 E892.52266
G1 X-10.244 Y19.603 Z64.878 E893.29496
G1 X-11.34 Y20.565 Z64.882 E893.98075
G1 X-12.262 Y21.189 Z64.886 E894.50431
G1 X-12.467 Y21.266 Z64.887 E894.60729
G1 X-12.463 Y20.733 Z64.889 E894.85795
G1 X-12.036 Y19.025 Z64.895 E895.68588
G1 X-11.216 Y16.892 Z64.902 E896.76053
G1 X-10.168 Y14.662 Z64.911 E897.91926
G1 X-9.132 Y12.668 Z64.918 E898.97598
G1 X-8.291 Y11.047 Z64.924 E899.83477
G1 X-7.644 Y9.498 Z64.93 E900.6242
G1 X-8.536 Y7.096 Z64.938 E901.82916
G1 X-10.619 Y7.238 Z64.945 E902.81099
G1 X-11.888 Y7.655 Z64.95 E903.43916
G1 X-13.288 Y8.157 Z64.955 E904.13858
G1 X-14.845 Y8.686 Z64.96 E904.91189
G1 X-16.491 Y9.181 Z64.966 E905.72019
G1 X-18.182 Y9.594 Z64.972 E906.53879
G1 X-19.811 Y9.882 Z64.978 E907.31673
G1 X-21.26 Y10.007 Z64.982 E908.00068
G1 X-22.38 Y9.962 Z64.986 E908.5278
G1 X-22.601 Y9.898 Z64.987 E908.636
G1 X-22.27 Y9.448 Z64.989 E908.8987
G1 X-20.922 Y8.314 Z64.995 E909.7271
G1 X-19.005 Y7.068 Z65.002 E910.8023
G1 X-16.851 Y5.88 Z65.011 E911.9591
G1 X-14.838 Y4.869 Z65.018 E913.01843
G1 X-13.209 Y4.046 Z65.024 E913.87671
G1 X-11.788 Y3.158 Z65.03 E914.66471
G1 X-11.13 Y0.774 Z65.038 E915.82775
G1 X-12.864 Y-.327 Z65.045 E916.79368
G1 X-14.131 Y-.741 Z65.05 E917.42051
G1 X-15.557 Y-1.16 Z65.055 E918.11946
G1 X-17.112 Y-1.643 Z65.06 E918.88519
G1 X-18.772 Y-2.224 Z65.066 E919.71226
G1 X-20.362 Y-2.876 Z65.072 E920.52041
G1 X-21.858 Y-3.612 Z65.077 E921.30446
G1 X-23.098 Y-4.369 Z65.082 E921.98767
G1 X-23.983 Y-5.081 Z65.086 E922.52182
G1 X-24.126 Y-5.27 Z65.087 E922.63328
G1 X-23.568 Y-5.448 Z65.089 E922.90871
G1 X-21.81 Y-5.577 Z65.095 E923.73766
G1 X-19.527 Y-5.461 Z65.102 E924.81267
G1 X-17.103 Y-5.162 Z65.111 E925.96123
G1 X-14.865 Y-4.797 Z65.118 E927.0276
G1 X-13.061 Y-4.512 Z65.124 E927.88648
G1 X-11.386 Y-4.413 Z65.13 E928.67555
G1 X-9.534 Y-5.91 Z65.138 E929.79543
G1 X-10.261 Y-7.789 Z65.145 E930.74289
G1 X-11.041 Y-8.874 Z65.149 E931.37129
G1 X-11.947 Y-10.051 Z65.154 E932.06979
G1 X-12.923 Y-11.357 Z65.16 E932.83651
G1 X-13.913 Y-12.79 Z65.165 E933.65559
G1 X-14.832 Y-14.286 Z65.171 E934.48125
G1 X-15.591 Y-15.737 Z65.177 E935.25132
G1 X-16.156 Y-17.108 Z65.182 E935.94866
G1 X-16.443 Y-18.199 Z65.186 E936.47917
G1 X-16.445 Y-18.453 E936.59862
G1 X-15.864 Y-18.262 Z65.189 E936.88624
G1 X-14.367 Y-17.336 Z65.194 E937.71402
G1 X-12.578 Y-15.897 Z65.202 E938.79372
G1 X-10.794 Y-14.233 Z65.21 E939.94097
G1 X-9.197 Y-12.627 Z65.218 E941.00606
G1 X-7.901 Y-11.34 Z65.224 E941.86499
G1 X-6.591 Y-10.293 Z65.23 E942.65362
G1 X-4.302 Y-10.421 Z65.237 E943.73175
G1 X-3.785 Y-12.333 Z65.244 E944.66319
G1 X-3.771 Y-13.666 Z65.248 E945.29009
G1 X-3.811 Y-15.153 Z65.253 E945.98963
G1 X-3.833 Y-16.807 Z65.259 E946.76752
G1 X-3.791 Y-18.516 Z65.265 E947.57144
G1 X-3.651 Y-20.274 Z65.271 E948.40079
G1 X-3.406 Y-21.904 Z65.276 E949.17593
G1 X-3.05 Y-23.347 Z65.281 E949.87488
G1 X-2.629 Y-24.402 Z65.285 E950.40905
G1 X-2.472 Y-24.617 Z65.286 E950.53425
G1 X-2.099 Y-24.103 Z65.288 E950.8329
G1 X-1.429 Y-22.472 Z65.294 E951.6621
G1 X-.827 Y-20.267 Z65.302 E952.73699
G1 X-.35 Y-17.826 Z65.31 E953.90662
G1 X-0.004 Y-15.623 Z65.317 E954.95532
G1 X0.294 Y-13.821 Z65.324 E955.81425
G1 X0.756 Y-12.21 Z65.329 E956.60239
G1 X2.614 Y-11.028 Z65.337 E957.63797
G1 X4.138 Y-12.237 Z65.343 E958.55278
G1 X4.938 Y-13.304 Z65.348 E959.17993
G1 X5.773 Y-14.517 Z65.353 E959.87245
G1 X6.746 Y-15.892 Z65.358 E960.66459
G1 X7.779 Y-17.241 Z65.364 E961.46361
G1 X8.926 Y-18.578 Z65.37 E962.29203
G1 X10.094 Y-19.756 Z65.375 E963.07215
G1 X11.232 Y-20.706 Z65.38 E963.76927
G1 X12.207 Y-21.311 Z65.384 E964.30888
G1 X12.469 Y-21.393 Z65.385 E964.43799
G1 X12.468 Y-20.731 Z65.387 E964.7493
G1 X12.057 Y-19.019 Z65.393 E965.57728
G1 X11.248 Y-16.879 Z65.401 E966.65316
G1 X10.212 Y-14.641 Z65.409 E967.81291
G1 X9.192 Y-12.635 Z65.417 E968.87121
G1 X8.378 Y-10.999 Z65.423 E969.73054
G1 X7.825 Y-9.418 Z65.428 E970.5182
G1 X8.612 Y-7.457 Z65.436 E971.51189
G1 X10.52 Y-7.525 Z65.442 E972.40972
G1 X11.795 Y-7.912 Z65.446 E973.03632
G1 X13.201 Y-8.407 Z65.451 E973.7373
G1 X14.761 Y-8.935 Z65.457 E974.5118
G1 X16.418 Y-9.426 Z65.463 E975.32452
G1 X18.126 Y-9.83 Z65.469 E976.1499
G1 X19.78 Y-10.095 Z65.474 E976.93764
G1 X21.255 Y-10.186 Z65.479 E977.6326
G1 X22.407 Y-10.094 Z65.483 E978.17607
G1 X22.679 Y-10 Z65.484 E978.31141
G1 X22.274 Y-9.443 Z65.486 E978.63527
G1 X20.935 Y-8.297 Z65.492 E979.46409
G1 X19.024 Y-7.037 Z65.5 E980.54053
;TIME_ELAPSED:447.850958
;LAYER:65
;TYPE:WALL-OUTER
;MESH:wavy.stl
G1 X17.099 Y-5.962 Z65.508 E981.57739
G1 X15.253 Y-5.005 Z65.515 E982.55522
G1 X13.759 Y-4.222 Z65.521 E983.34844
G1 X12.175 Y-3.183 Z65.528 E984.2393
G1 X12.567 Y-.228 Z65.539 E985.64111
G1 X14.24 Y0.489 Z65.545 E986.49708
G1 X15.834 Y0.97 Z65.551 E987.28007
G1 X17.014 Y1.337 Z65.556 E987.8612
G1 X18.469 Y1.846 Z65.561 E988.5861
G1 X19.87 Y2.411 Z65.567 E989.2965
G1 X20.062 Y2.493 Z65.568 E989.39468
G1 X21.143 Y3.011 Z65.572 E989.95839
G1 X21.303 Y3.094 Z65.573 E990.04316
G1 X22.273 Y3.637 Z65.577 E990.56593
G1 X22.395 Y3.716 E990.63428
G1 X23.224 Y4.264 Z65.581 E991.10161
G1 X23.914 Y4.87 Z65.584 E991.53347
G1 X24.122 Y5.095 Z65.585 E991.67756
G1 X23.319 Y5.465 Z65.588 E992.09335
G1 X21.695 Y5.588 Z65.594 E992.85925
G1 X19.575 Y5.496 Z65.602 E993.85715
G1 X17.345 Y5.238 Z65.61 E994.91284
G1 X15.296 Y4.933 Z65.617 E995.88704
G1 X13.606 Y4.695 Z65.623 E996.68963
G1 X11.72 Y4.636 Z65.63 E997.57699
G1 X10.366 Y7.178 Z65.64 E998.93141
G1 X11.277 Y8.732 Z65.647 E999.77852
G1 X12.282 Y10.061 Z65.653 E1000.56209
G1 X13.03 Y11.063 Z65.657 E1001.15011
G1 X13.898 Y12.317 Z65.663 E1001.86732
G1 X14.034 Y12.522 Z65.664 E1001.98301
G1 X14.7 Y13.605 Z65.668 E1002.5809
G1 X14.803 Y13.784 Z65.669 E1002.67802
G1 X15.372 Y14.843 Z65.673 E1003.24337
G1 X15.45 Y15.008 Z65.674 E1003.3292
G1 X15.908 Y16.018 Z65.678 E1003.85072
G1 X15.957 Y16.154 E1003.9187
G1 X16.299 Y17.093 Z65.682 E1004.38866
G1 X16.489 Y17.994 Z65.685 E1004.82169
G1 X16.516 Y18.302 Z65.686 E1004.96708
G1 X15.655 Y18.122 Z65.69 E1005.38074
G1 X14.277 Y17.276 Z65.695 E1006.14115
G1 X12.605 Y15.953 Z65.703 E1007.14381
G1 X10.946 Y14.436 Z65.711 E1008.20098
G1 X9.466 Y12.99 Z65.719 E1009.17402
G1 X8.234 Y11.812 Z65.725 E1009.97562
G1 X6.721 Y10.683 Z65.731 E1010.86339
G1 X4.235 Y11.922 Z65.741 E1012.16963
G1 X4.048 Y13.69 Z65.748 E1013.0057
G1 X4.075 Y15.358 Z65.754 E1013.7902
G1 X4.09 Y16.609 Z65.758 E1014.37855
G1 X4.056 Y18.13 Z65.764 E1015.09401
G1 X4.044 Y18.383 Z65.765 E1015.21312
G1 X3.944 Y19.656 Z65.769 E1015.81361
G1 X3.92 Y19.857 Z65.77 E1015.90881
G1 X3.753 Y21.05 Z65.774 E1016.4753
G1 X3.717 Y21.226 Z65.775 E1016.55979
G1 X3.484 Y22.321 Z65.779 E1017.08626
G1 X3.441 Y22.458 Z65.78 E1017.15378
G1 X3.156 Y23.414 Z65.783 E1017.62291
G1 X2.768 Y24.252 Z65.786 E1018.05718
G1 X2.6 Y24.51 Z65.788 E1018.20197
G1 X2.019 Y23.858 Z65.791 E1018.61266
G1 X1.396 Y22.361 Z65.796 E1019.37518
G1 X0.819 Y20.322 Z65.804 E1020.37171
G1 X0.358 Y18.093 Z65.812 E1021.44211
G1 X0.008 Y16.076 Z65.82 E1022.40482
G1 X-.305 Y14.399 Z65.826 E1023.20707
G1 X-.893 Y12.61 Z65.832 E1024.09266
G1 X-3.539 Y12.189 Z65.842 E1025.35264
G1 X-4.726 Y13.488 Z65.848 E1026.18014
G1 X-5.527 Y14.623 Z65.853 E1026.83343
G1 X-6.405 Y15.862 Z65.859 E1027.54755
G1 X-7.34 Y17.089 Z65.864 E1028.27301
G1 X-8.324 Y18.248 Z65.87 E1028.98799
G1 X-8.467 Y18.4 Z65.871 E1029.08613
G1 X-9.31 Y19.266 Z65.875 E1029.65448
G1 X-9.445 Y19.386 Z65.876 E1029.73942
G1 X-10.279 Y20.127 Z65.88 E1030.26406
G1 X-10.398 Y20.211 E1030.33256
G1 X-11.202 Y20.811 Z65.884 E1030.80434
G1 X-12.016 Y21.251 Z65.887 E1031.23948
G1 X-12.305 Y21.351 Z65.888 E1031.38329
G1 X-12.383 Y20.498 Z65.891 E1031.7861
G1 X-12.012 Y18.91 Z65.897 E1032.553
G1 X-11.286 Y16.927 Z65.905 E1033.54607
G1 X-10.361 Y14.865 Z65.913 E1034.60886
G1 X-9.454 Y13.005 Z65.92 E1035.58201
G1 X-8.731 Y11.46 Z65.926 E1036.38419
G1 X-8.188 Y9.657 Z65.933 E1037.2697
G1 X-10.026 Y7.852 Z65.942 E1038.48115
G1 X-11.732 Y8.188 Z65.949 E1039.29884
G1 X-13.314 Y8.72 Z65.955 E1040.08374
G1 X-14.481 Y9.114 Z65.959 E1040.66298
G1 X-15.975 Y9.562 Z65.965 E1041.39646
G1 X-16.206 Y9.62 E1041.50847
G1 X-17.45 Y9.917 Z65.97 E1042.10992
G1 X-17.654 Y9.952 Z65.971 E1042.20726
G1 X-18.852 Y10.155 Z65.975 E1042.77867
G1 X-19.028 Y10.17 Z65.976 E1042.86174
G1 X-20.147 Y10.272 Z65.98 E1043.39015
G1 X-20.293 Y10.268 E1043.45883
G1 X-21.298 Y10.27 Z65.984 E1043.93145
G1 X-22.213 Y10.134 Z65.987 E1044.36647
G1 X-22.504 Y10.037 Z65.988 E1044.51072
G1 X-22.059 Y9.308 Z65.991 E1044.91237
G1 X-20.831 Y8.24 Z65.997 E1045.67771
G1 X-19.081 Y7.058 Z66.005 E1046.67081
G1 X-17.118 Y5.927 Z66.013 E1047.73621
G1 X-15.283 Y4.945 Z66.02 E1048.71494
G1 X-13.811 Y4.122 Z66.027 E1049.50802
G1 X-12.334 Y2.956 Z66.033 E1050.39296
G1 X-12.765 Y0.518 Z66.042 E1051.55725
G1 X-14.322 Y-.217 Z66.048 E1052.36694
G1 X-15.912 Y-.721 Z66.054 E1053.15133
G1 X-17.092 Y-1.089 Z66.059 E1053.7326
G1 X-18.556 Y-1.604 Z66.064 E1054.46243
G1 X-19.964 Y-2.19 Z66.07 E1055.17962
G1 X-20.151 Y-2.284 Z66.071 E1055.27805
G1 X-21.237 Y-2.828 Z66.075 E1055.84925
G1 X-21.391 Y-2.924 Z66.076 E1055.93459
G1 X-22.356 Y-3.508 Z66.08 E1056.46503
G1 X-22.471 Y-3.599 E1056.534
G1 X-23.279 Y-4.201 Z66.084 E1057.00784
G1 X-23.929 Y-4.854 Z66.087 E1057.44112
G1 X-24.1 Y-5.11 Z66.088 E1057.5859
G1 X-23.316 Y-5.427 Z66.091 E1057.98359
G1 X-21.695 Y-5.577 Z66.097 E1058.74915
G1 X-19.574 Y-5.509 Z66.105 E1059.7471
G1 X-17.34 Y-5.277 Z66.113 E1060.80332
G1 X-15.285 Y-4.999 Z66.12 E1061.77852
G1 X-13.589 Y-4.806 Z66.126 E1062.58124
G1 X-11.715 Y-4.914 Z66.133 E1063.46399
G1 X-10.698 Y-7.06 Z66.142 E1064.58077
G1 X-11.503 Y-8.56 Z66.148 E1065.38133
G1 X-12.492 Y-9.906 Z66.154 E1066.16681
G1 X-13.238 Y-10.908 Z66.158 E1066.75427
G1 X-14.11 Y-12.173 Z66.164 E1067.4768
G1 X-14.237 Y-12.383 Z66.165 E1067.59221
G1 X-14.906 Y-13.481 Z66.169 E1068.19686
G1 X-14.998 Y-13.667 Z66.17 E1068.29445
G1 X-15.556 Y-14.75 Z66.174 E1068.86737
G1 X-15.621 Y-14.921 Z66.175 E1068.9534
G1 X-16.05 Y-15.962 Z66.179 E1069.48289
G1 X-16.087 Y-16.104 Z66.18 E1069.5519
G1 X-16.381 Y-17.074 Z66.183 E1070.02855
G1 X-16.51 Y-17.99 Z66.187 E1070.46357
G1 X-16.488 Y-18.301 Z66.188 E1070.61018
G1 X-15.675 Y-18.089 Z66.191 E1071.0053
G1 X-14.284 Y-17.267 Z66.196 E1071.76512
G1 X-12.596 Y-15.964 Z66.204 E1072.76792
G1 X-10.919 Y-14.464 Z66.212 E1073.826
G1 X-9.419 Y-13.037 Z66.22 E1074.79961
G1 X-8.154 Y-11.893 Z66.226 E1075.60169
G1 X-6.554 Y-10.905 Z66.232 E1076.48601
G1 X-4.574 Y-12.022 Z66.241 E1077.55509
G1 X-4.332 Y-13.684 Z66.247 E1078.34491
G1 X-4.336 Y-15.355 Z66.253 E1079.13073
G1 X-4.351 Y-16.608 Z66.257 E1079.72001
G1 X-4.312 Y-18.137 Z66.263 E1080.43929
G1 X-4.289 Y-18.39 Z66.264 E1080.55876
G1 X-4.183 Y-19.676 Z66.268 E1081.16557
G1 X-4.146 Y-19.877 Z66.269 E1081.26168
G1 X-3.956 Y-21.083 Z66.273 E1081.83582
G1 X-3.906 Y-21.257 Z66.274 E1081.92096
G1 X-3.631 Y-22.36 Z66.278 E1082.45554
G1 X-3.577 Y-22.493 Z66.279 E1082.52304
G1 X-3.232 Y-23.446 Z66.282 E1082.99967
G1 X-2.787 Y-24.26 Z66.286 E1083.43594
G1 X-2.578 Y-24.493 Z66.287 E1083.58313
G1 X-2.055 Y-23.843 Z66.29 E1083.97547
G1 X-1.406 Y-22.358 Z66.295 E1084.73759
G1 X-.806 Y-20.328 Z66.303 E1085.73306
G1 X-.318 Y-18.1 Z66.311 E1086.80565
G1 X0.058 Y-16.086 Z66.319 E1087.76914
G1 X0.417 Y-14.418 Z66.325 E1088.5715
G1 X1.158 Y-12.691 Z66.331 E1089.45526
G1 X3.324 Y-12.468 Z66.339 E1090.47924
G1 X4.493 Y-13.65 Z66.345 E1091.26103
G1 X5.311 Y-14.773 Z66.35 E1091.91438
G1 X6.193 Y-16.013 Z66.356 E1092.62998
G1 X7.137 Y-17.246 Z66.361 E1093.36025
G1 X8.142 Y-18.405 Z66.367 E1094.08166
G1 X8.295 Y-18.549 Z66.368 E1094.18047
G1 X9.165 Y-19.412 Z66.372 E1094.75675
G1 X9.309 Y-19.522 Z66.373 E1094.84196
G1 X10.182 Y-20.245 Z66.377 E1095.37502
G1 X10.309 Y-20.32 E1095.44438
G1 X11.159 Y-20.883 Z66.381 E1095.92384
G1 X12.005 Y-21.269 Z66.384 E1096.36114
G1 X12.313 Y-21.326 Z66.385 E1096.50844
G1 X12.346 Y-20.506 Z66.388 E1096.89437
G1 X12.002 Y-18.913 Z66.394 E1097.66077
G1 X11.299 Y-16.922 Z66.402 E1098.65373
G1 X10.397 Y-14.848 Z66.41 E1099.71731
G1 X9.513 Y-12.975 Z66.417 E1100.69129
G1 X8.832 Y-11.41 Z66.423 E1101.49392
G1 X8.45 Y-9.568 Z66.43 E1102.37858
G1 X10.016 Y-8.204 Z66.438 E1103.3552
G1 X11.639 Y-8.457 Z66.444 E1104.12767
G1 X13.231 Y-8.967 Z66.45 E1104.91381
G1 X14.398 Y-9.362 Z66.454 E1105.49319
G1 X15.903 Y-9.808 Z66.46 E1106.23137
G1 X16.137 Y-9.856 E1106.3437
G1 X17.396 Y-10.151 Z66.465 E1106.95181
G1 X17.603 Y-10.175 Z66.466 E1107.0498
G1 X18.82 Y-10.359 Z66.47 E1107.62862
G1 X18.999 Y-10.36 Z66.471 E1107.7128
G1 X20.138 Y-10.424 Z66.475 E1108.24928
G1 X20.285 Y-10.408 Z66.476 E1108.31882
G1 X21.305 Y-10.352 Z66.479 E1108.79921
G1 X22.215 Y-10.154 Z66.483 E1109.23717
G1 X22.495 Y-10.011 Z66.484 E1109.38502
G1 X22.034 Y-9.336 Z66.487 E1109.76942
G1 X20.825 Y-8.249 Z66.492 E1110.53398
G1 X19.089 Y-7.046 Z66.5 E1111.52723
;TIME_ELAPSED:454.917403
;LAYER:66
;TYPE:WALL-OUTER
;MESH:wavy.stl
G1 X17.256 Y-5.964 Z66.508 E1112.5282
G1 X15.613 Y-5.05 Z66.516 E1113.41236
G1 X14.218 Y-4.232 Z66.522 E1114.17285
G1 X12.619 Y-2.251 Z66.532 E1115.37006
G1 X14.062 Y-.233 Z66.542 E1116.53672
G1 X15.515 Y0.317 Z66.548 E1117.26734
G1 X16.861 Y0.747 Z66.553 E1117.93183
G1 X18.241 Y1.223 Z66.559 E1118.61832
G1 X19.517 Y1.74 Z66.564 E1119.26577
G1 X20.636 Y2.285 Z66.569 E1119.85109
G1 X21.572 Y2.822 Z66.573 E1120.35856
G1 X22.407 Y3.378 Z66.577 E1120.83032
G1 X23.057 Y3.932 Z66.581 E1121.23196
G1 X23.58 Y4.461 Z66.584 E1121.58178
G1 X23.664 Y5.24 Z66.587 E1121.95024
G1 X23.6 Y5.266 E1121.98273
G1 X22.821 Y5.433 Z66.59 E1122.35739
G1 X21.37 Y5.553 Z66.596 E1123.04208
G1 X19.468 Y5.509 Z66.603 E1123.93677
G1 X17.754 Y5.353 Z66.61 E1124.74614
G1 X15.596 Y5.105 Z66.618 E1125.76765
G1 X13.987 Y4.959 Z66.625 E1126.52742
G1 X11.589 Y5.622 Z66.634 E1127.69743
G1 X11.566 Y8.051 Z66.644 E1128.83976
G1 X12.406 Y9.348 Z66.65 E1129.56645
G1 X13.25 Y10.501 Z66.655 E1130.23841
G1 X14.074 Y11.679 Z66.661 E1130.91446
G1 X14.804 Y12.858 Z66.666 E1131.56658
G1 X15.385 Y13.96 Z66.671 E1132.15243
G1 X15.82 Y14.961 Z66.676 E1132.6657
G1 X16.15 Y15.896 Z66.68 E1133.13198
G1 X16.338 Y16.735 Z66.683 E1133.53632
G1 X16.434 Y17.472 Z66.686 E1133.88583
G1 X16.073 Y18.117 Z66.689 E1134.23343
G1 X16.007 Y18.104 E1134.26507
G1 X15.277 Y17.795 Z66.692 E1134.63785
G1 X14.028 Y17.046 Z66.698 E1135.32273
G1 X12.506 Y15.892 Z66.705 E1136.22095
G1 X11.208 Y14.762 Z66.712 E1137.03027
G1 X9.61 Y13.304 Z66.72 E1138.04754
G1 X8.383 Y12.252 Z66.727 E1138.80761
G1 X6.103 Y11.411 Z66.736 E1139.95043
G1 X4.685 Y13.321 Z66.745 E1141.06912
G1 X4.593 Y14.856 Z66.751 E1141.79227
G1 X4.596 Y16.267 Z66.757 E1142.45582
G1 X4.569 Y17.734 Z66.763 E1143.14582
G1 X4.465 Y19.102 Z66.768 E1143.791
G1 X4.281 Y20.346 Z66.773 E1144.38238
G1 X4.033 Y21.406 Z66.777 E1144.89433
G1 X3.732 Y22.357 Z66.781 E1145.36342
G1 X3.378 Y23.139 Z66.784 E1145.76709
G1 X3.008 Y23.783 Z66.787 E1146.11637
G1 X2.382 Y24.082 Z66.79 E1146.44261
G1 X2.335 Y24.037 E1146.47321
G1 X1.915 Y23.368 Z66.793 E1146.84468
G1 X1.338 Y22.035 Z66.799 E1147.52776
G1 X0.781 Y20.221 Z66.807 E1148.42013
G1 X0.315 Y18.227 Z66.815 E1149.38311
G1 X-0.059 Y16.414 Z66.822 E1150.25366
G1 X-.444 Y14.844 Z66.828 E1151.01386
G1 X-1.775 Y12.88 Z66.837 E1152.12957
G1 X-4.001 Y13.575 Z66.846 E1153.22623
G1 X-4.977 Y14.747 Z66.852 E1153.94347
G1 X-5.814 Y15.902 Z66.858 E1154.61425
G1 X-6.685 Y17.054 Z66.864 E1155.29342
G1 X-7.583 Y18.111 Z66.869 E1155.94566
G1 X-8.469 Y19.003 Z66.874 E1156.5369
G1 X-9.301 Y19.708 Z66.878 E1157.04974
G1 X-10.118 Y20.29 Z66.882 E1157.52147
G1 X-10.871 Y20.702 Z66.885 E1157.92512
G1 X-11.55 Y20.988 Z66.888 E1158.2716
G1 X-12.193 Y20.883 Z66.891 E1158.57799
G1 X-12.208 Y20.818 E1158.60936
G1 X-12.169 Y20.033 Z66.894 E1158.97897
G1 X-11.862 Y18.614 Z66.9 E1159.66172
G1 X-11.254 Y16.826 Z66.907 E1160.54984
G1 X-10.475 Y14.959 Z66.915 E1161.50119
G1 X-9.707 Y13.241 Z66.923 E1162.38617
G1 X-9.108 Y11.74 Z66.929 E1163.14617
G1 X-9.046 Y9.422 Z66.938 E1164.23664
G1 X-11.205 Y8.691 Z66.947 E1165.30856
G1 X-12.677 Y9.053 Z66.953 E1166.02142
G1 X-14.021 Y9.488 Z66.958 E1166.68574
G1 X-15.421 Y9.913 Z66.964 E1167.37378
G1 X-16.789 Y10.242 Z66.969 E1168.03545
G1 X-18.017 Y10.434 Z66.974 E1168.61996
G1 X-19.109 Y10.504 Z66.979 E1169.13455
G1 X-20.113 Y10.477 Z66.983 E1169.60686
G1 X-20.961 Y10.354 Z66.986 E1170.00982
G1 X-21.679 Y10.169 Z66.989 E1170.3585
G1 X-22.11 Y9.747 Z66.991 E1170.64217
G1 X-22.088 Y9.684 E1170.67355
G1 X-21.608 Y9.067 Z66.994 E1171.04117
G1 X-20.533 Y8.094 Z67 E1171.72303
G1 X-18.982 Y6.99 Z67.008 E1172.61832
G1 X-17.269 Y5.942 Z67.015 E1173.56269
G1 X-15.642 Y4.997 Z67.023 E1174.44751
G1 X-14.281 Y4.125 Z67.029 E1175.20765
G1 X-12.917 Y2.322 Z67.038 E1176.27084
G1 X-14.2 Y0.498 Z67.047 E1177.31955
G1 X-15.595 Y-0.079 Z67.053 E1178.02948
G1 X-16.933 Y-.519 Z67.058 E1178.69184
G1 X-18.32 Y-1.001 Z67.064 E1179.38237
G1 X-19.606 Y-1.533 Z67.069 E1180.03684
G1 X-20.725 Y-2.114 Z67.074 E1180.62977
G1 X-21.645 Y-2.709 Z67.078 E1181.14501
G1 X-22.434 Y-3.336 Z67.082 E1181.61895
G1 X-23.043 Y-3.949 Z67.086 E1182.0253
G1 X-23.502 Y-4.531 Z67.089 E1182.37387
G1 X-23.606 Y-5.076 Z67.091 E1182.63479
G1 X-23.548 Y-5.119 E1182.66875
G1 X-22.812 Y-5.348 Z67.094 E1183.03123
G1 X-21.371 Y-5.513 Z67.1 E1183.71331
G1 X-19.469 Y-5.502 Z67.107 E1184.60778
G1 X-17.752 Y-5.373 Z67.114 E1185.4175
G1 X-15.588 Y-5.165 Z67.122 E1186.43985
G1 X-13.975 Y-5.083 Z67.129 E1187.19937
G1 X-11.87 Y-5.739 Z67.137 E1188.23624
G1 X-11.835 Y-7.919 Z67.146 E1189.26156
G1 X-12.61 Y-9.202 Z67.152 E1189.96644
G1 X-13.442 Y-10.359 Z67.157 E1190.63661
G1 X-14.269 Y-11.547 Z67.163 E1191.31733
G1 X-14.998 Y-12.741 Z67.168 E1191.97521
G1 X-15.558 Y-13.874 Z67.173 E1192.56955
G1 X-15.946 Y-14.914 Z67.178 E1193.09156
G1 X-16.197 Y-15.878 Z67.182 E1193.56001
G1 X-16.316 Y-16.741 Z67.185 E1193.96969
G1 X-16.328 Y-17.482 Z67.188 E1194.31821
G1 X-16.123 Y-17.949 Z67.19 E1194.55805
G1 X-16.052 Y-17.953 E1194.59149
G1 X-15.319 Y-17.721 Z67.193 E1194.95305
G1 X-14.052 Y-17.014 Z67.199 E1195.63537
G1 X-12.51 Y-15.886 Z67.206 E1196.53383
G1 X-11.204 Y-14.789 Z67.213 E1197.33592
G1 X-9.568 Y-13.349 Z67.221 E1198.36085
G1 X-8.301 Y-12.345 Z67.228 E1199.12107
G1 X-6.262 Y-11.672 Z67.236 E1200.13083
G1 X-4.979 Y-13.372 Z67.244 E1201.13241
G1 X-4.843 Y-14.858 Z67.25 E1201.83415
G1 X-4.834 Y-16.265 Z67.256 E1202.49583
G1 X-4.804 Y-17.747 Z67.262 E1203.19291
G1 X-4.69 Y-19.122 Z67.267 E1203.84174
G1 X-4.471 Y-20.378 Z67.272 E1204.44131
G1 X-4.163 Y-21.441 Z67.276 E1204.96177
G1 X-3.78 Y-22.37 Z67.28 E1205.43432
G1 X-3.357 Y-23.131 Z67.284 E1205.84376
G1 X-2.916 Y-23.729 Z67.287 E1206.19318
G1 X-2.52 Y-23.976 Z67.288 E1206.41266
G1 X-2.459 Y-23.941 Z67.289 E1206.44574
G1 X-1.993 Y-23.333 Z67.292 E1206.80598
G1 X-1.376 Y-22.023 Z67.297 E1207.48694
G1 X-.788 Y-20.219 Z67.305 E1208.37923
G1 X-.291 Y-18.232 Z67.313 E1209.34244
G1 X0.119 Y-16.425 Z67.32 E1210.21381
G1 X0.566 Y-14.871 Z67.326 E1210.97424
G1 X1.8 Y-13.183 Z67.334 E1211.95755
G1 X3.792 Y-13.789 Z67.343 E1212.93671
G1 X4.776 Y-14.896 Z67.348 E1213.63323
G1 X5.621 Y-16.041 Z67.354 E1214.30244
G1 X6.499 Y-17.197 Z67.36 E1214.9851
G1 X7.414 Y-18.26 Z67.365 E1215.64468
G1 X8.334 Y-19.141 Z67.37 E1216.2437
G1 X9.216 Y-19.813 Z67.374 E1216.76515
G1 X10.088 Y-20.328 Z67.378 E1217.2414
G1 X10.884 Y-20.683 Z67.382 E1217.65128
G1 X11.593 Y-20.892 Z67.385 E1217.99888
G1 X12.019 Y-20.878 Z67.386 E1218.19932
G1 X12.051 Y-20.813 Z67.387 E1218.23339
G1 X12.085 Y-20.05 Z67.39 E1218.59257
G1 X11.823 Y-18.627 Z67.395 E1219.273
G1 X11.247 Y-16.828 Z67.403 E1220.16132
G1 X10.497 Y-14.949 Z67.41 E1221.11274
G1 X9.762 Y-13.214 Z67.418 E1221.99885
G1 X9.222 Y-11.691 Z67.424 E1222.75876
G1 X9.244 Y-9.654 Z67.432 E1223.71675
G1 X11.161 Y-8.987 Z67.44 E1224.67126
G1 X12.602 Y-9.291 Z67.446 E1225.36383
G1 X13.946 Y-9.714 Z67.451 E1226.02643
G1 X15.355 Y-10.139 Z67.457 E1226.71853
G1 X16.739 Y-10.461 Z67.463 E1227.38676
G1 X17.989 Y-10.625 Z67.468 E1227.97964
G1 X19.102 Y-10.638 Z67.472 E1228.50308
G1 X20.11 Y-10.526 Z67.476 E1228.98002
G1 X20.96 Y-10.332 Z67.479 E1229.39003
G1 X21.657 Y-10.065 Z67.482 E1229.74103
G1 X21.967 Y-9.845 Z67.484 E1229.9198
G1 X21.958 Y-9.772 E1229.95439
G1 X21.551 Y-9.13 Z67.487 E1230.31186
G1 X20.51 Y-8.127 Z67.493 E1230.99166
G1 X18.98 Y-6.996 Z67.5 E1231.88642
;TIME_ELAPSED:461.390229
;LAYER:67
;TYPE:WALL-OUTER
;MESH:wavy.stl
G1 X16.527 Y-5.463 Z67.513 E1233.24673
G1 X15.808 Y-5.027 Z67.516 E1233.64216
G1 X14.495 Y-4.121 Z67.523 E1234.39235
G1 X13.629 Y-1.788 Z67.534 E1235.56264
G1 X15.203 Y-.369 Z67.543 E1236.55923
G1 X16.536 Y0.136 Z67.549 E1237.22958
G1 X17.843 Y0.588 Z67.556 E1237.87994
G1 X19.044 Y1.056 Z67.561 E1238.48609
G1 X20.055 Y1.531 Z67.566 E1239.0114
G1 X20.843 Y1.976 Z67.57 E1239.43698
G1 X21.469 Y2.437 Z67.573 E1239.80257
G1 X22.041 Y2.932 Z67.577 E1240.15831
G1 X22.58 Y3.483 Z67.58 E1240.52079
G1 X23.029 Y4.039 Z67.583 E1240.85687
G1 X22.89 Y5.196 Z67.588 E1241.40488
G1 X22.709 Y5.25 Z67.589 E1241.49371
G1 X22.108 Y5.351 Z67.592 E1241.7803
G1 X20.838 Y5.47 Z67.597 E1242.38016
G1 X19.038 Y5.465 Z67.605 E1243.22665
G1 X16.58 Y5.301 Z67.616 E1244.38514
G1 X15.742 Y5.236 Z67.619 E1244.7804
G1 X14.148 Y5.213 Z67.626 E1245.53009
G1 X12.126 Y6.568 Z67.637 E1246.67474
G1 X12.555 Y8.616 Z67.646 E1247.65875
G1 X13.33 Y9.807 Z67.652 E1248.32698
G1 X14.114 Y10.932 Z67.658 E1248.97183
G1 X14.82 Y12.035 Z67.664 E1249.58769
G1 X15.355 Y13.019 Z67.669 E1250.11441
G1 X15.717 Y13.84 Z67.673 E1250.53636
G1 X15.941 Y14.586 Z67.676 E1250.90266
G1 X16.094 Y15.327 Z67.679 E1251.25848
G1 X16.186 Y16.097 Z67.683 E1251.62316
G1 X16.204 Y16.803 Z67.686 E1251.95528
G1 X15.479 Y17.609 Z67.691 E1252.46509
G1 X15.304 Y17.555 E1252.55122
G1 X14.751 Y17.3 Z67.694 E1252.83759
G1 X13.659 Y16.666 Z67.7 E1253.4314
G1 X12.301 Y15.692 Z67.707 E1254.21731
G1 X10.29 Y14.035 Z67.718 E1255.44269
G1 X9.654 Y13.495 Z67.722 E1255.83505
G1 X8.365 Y12.555 Z67.729 E1256.58529
G1 X5.991 Y12.469 Z67.739 E1257.70244
G1 X5.141 Y14.356 Z67.748 E1258.67571
G1 X5.061 Y15.77 Z67.754 E1259.34173
G1 X5.033 Y17.138 Z67.76 E1259.98519
G1 X4.954 Y18.448 Z67.766 E1260.60236
G1 X4.803 Y19.558 Z67.771 E1261.12917
G1 X4.6 Y20.445 Z67.775 E1261.55708
G1 X4.331 Y21.171 Z67.778 E1261.92118
G1 X3.999 Y21.858 Z67.781 E1262.28
G1 X3.609 Y22.514 Z67.785 E1262.6389
G1 X3.191 Y23.086 Z67.788 E1262.97206
G1 X2.212 Y23.311 Z67.792 E1263.44446
G1 X2.103 Y23.179 Z67.793 E1263.52496
G1 X1.789 Y22.654 Z67.796 E1263.81264
G1 X1.268 Y21.507 Z67.801 E1264.40508
G1 X0.69 Y19.763 Z67.809 E1265.2691
G1 X0.065 Y17.386 Z67.82 E1266.42492
G1 X-.133 Y16.592 Z67.823 E1266.80975
G1 X-.638 Y15.081 Z67.83 E1267.55896
G1 X-2.469 Y13.657 Z67.84 E1268.64977
G1 X-4.245 Y14.666 Z67.849 E1269.61035
G1 X-5.143 Y15.757 Z67.856 E1270.27486
G1 X-5.983 Y16.861 Z67.862 E1270.92723
G1 X-6.805 Y17.856 Z67.867 E1271.53417
G1 X-7.592 Y18.671 Z67.872 E1272.06696
G1 X-8.285 Y19.259 Z67.876 E1272.49436
G1 X-8.94 Y19.678 Z67.879 E1272.86002
G1 X-9.613 Y20.02 Z67.883 E1273.21503
G1 X-10.335 Y20.308 Z67.886 E1273.58058
G1 X-11.002 Y20.504 Z67.889 E1273.90751
G1 X-11.861 Y20.154 Z67.893 E1274.34372
G1 X-11.877 Y19.996 Z67.894 E1274.4184
G1 X-11.841 Y19.383 Z67.897 E1274.70717
G1 X-11.601 Y18.15 Z67.902 E1275.29789
G1 X-11.065 Y16.425 Z67.91 E1276.14736
G1 X-10.182 Y14.124 Z67.921 E1277.30639
G1 X-9.87 Y13.344 Z67.924 E1277.70146
G1 X-9.405 Y11.818 Z67.931 E1278.45166
G1 X-10.043 Y9.644 Z67.941 E1279.51714
G1 X-12.046 Y9.416 Z67.95 E1280.46517
G1 X-13.411 Y9.764 Z67.956 E1281.12762
G1 X-14.731 Y10.158 Z67.962 E1281.77544
G1 X-15.994 Y10.482 Z67.968 E1282.38862
G1 X-17.114 Y10.674 Z67.973 E1282.92301
G1 X-18.025 Y10.732 Z67.977 E1283.35229
G1 X-18.798 Y10.671 Z67.98 E1283.71693
G1 X-19.545 Y10.532 Z67.983 E1284.07425
G1 X-20.291 Y10.322 Z67.987 E1284.43871
G1 X-20.932 Y10.074 Z67.99 E1284.76193
G1 X-21.398 Y9.362 Z67.993 E1285.1621
G1 X-21.33 Y9.229 Z67.994 E1285.23234
G1 X-20.955 Y8.743 Z67.997 E1285.52102
G1 X-20.04 Y7.871 Z68.002 E1286.11542
G1 X-18.718 Y6.869 Z68.009 E1286.89552
G1 X-16.542 Y5.437 Z68.021 E1288.12053
G1 X-15.832 Y4.986 Z68.024 E1288.51608
G1 X-14.57 Y4.012 Z68.031 E1289.26576
G1 X-13.834 Y1.929 Z68.041 E1290.30468
G1 X-15.299 Y0.581 Z68.05 E1291.2409
G1 X-16.602 Y0.057 Z68.056 E1291.90135
G1 X-17.908 Y-.405 Z68.062 E1292.55282
G1 X-19.116 Y-.885 Z68.068 E1293.16411
G1 X-20.131 Y-1.393 Z68.072 E1293.69787
G1 X-20.901 Y-1.895 Z68.076 E1294.13014
G1 X-21.486 Y-2.414 Z68.08 E1294.49791
G1 X-21.997 Y-2.981 Z68.083 E1294.85686
G1 X-22.455 Y-3.592 Z68.087 E1295.21596
G1 X-22.812 Y-4.18 Z68.09 E1295.53945
G1 X-22.794 Y-4.957 Z68.093 E1295.90494
G1 X-22.677 Y-5.024 E1295.96835
G1 X-22.088 Y-5.216 Z68.096 E1296.25968
G1 X-20.837 Y-5.396 Z68.102 E1296.85405
G1 X-19.04 Y-5.439 Z68.11 E1297.69936
G1 X-16.578 Y-5.331 Z68.12 E1298.85827
G1 X-15.738 Y-5.282 Z68.124 E1299.25397
G1 X-14.145 Y-5.344 Z68.131 E1300.00368
G1 X-12.375 Y-6.574 Z68.14 E1301.0173
G1 X-12.759 Y-8.501 Z68.149 E1301.94132
G1 X-13.497 Y-9.689 Z68.155 E1302.59903
G1 X-14.274 Y-10.822 Z68.161 E1303.2451
G1 X-14.978 Y-11.94 Z68.167 E1303.86641
G1 X-15.498 Y-12.952 Z68.172 E1304.40147
G1 X-15.813 Y-13.809 Z68.176 E1304.83085
G1 X-15.969 Y-14.577 Z68.179 E1305.19939
G1 X-16.031 Y-15.34 Z68.182 E1305.55939
G1 X-16.021 Y-16.112 Z68.186 E1305.92247
G1 X-15.946 Y-16.789 Z68.189 E1306.24279
G1 X-15.541 Y-17.359 Z68.192 E1306.57162
G1 X-15.41 Y-17.354 E1306.63327
G1 X-14.814 Y-17.18 Z68.195 E1306.92525
G1 X-13.702 Y-16.605 Z68.2 E1307.51396
G1 X-12.322 Y-15.666 Z68.208 E1308.29892
G1 X-10.277 Y-14.063 Z68.219 E1309.52086
G1 X-9.623 Y-13.531 Z68.223 E1309.91732
G1 X-8.285 Y-12.659 Z68.23 E1310.66837
G1 X-6.19 Y-12.621 Z68.239 E1311.65374
G1 X-5.373 Y-14.381 Z68.247 E1312.56625
G1 X-5.265 Y-15.773 Z68.253 E1313.22283
G1 X-5.227 Y-17.143 Z68.259 E1313.86734
G1 X-5.137 Y-18.464 Z68.265 E1314.49001
G1 X-4.958 Y-19.588 Z68.27 E1315.02525
G1 X-4.693 Y-20.478 Z68.274 E1315.46195
G1 X-4.358 Y-21.18 Z68.277 E1315.82774
G1 X-3.938 Y-21.83 Z68.281 E1316.19167
G1 X-3.467 Y-22.429 Z68.284 E1316.55002
G1 X-2.991 Y-22.923 Z68.287 E1316.87263
G1 X-2.409 Y-23.146 Z68.29 E1317.16573
G1 X-2.308 Y-23.078 E1317.22298
G1 X-1.911 Y-22.595 Z68.293 E1317.51701
G1 X-1.339 Y-21.483 Z68.299 E1318.10507
G1 X-.715 Y-19.764 Z68.306 E1318.96508
G1 X-0.041 Y-17.414 Z68.317 E1320.11476
G1 X0.18 Y-16.602 Z68.321 E1320.51051
G1 X0.763 Y-15.119 Z68.328 E1321.25988
G1 X2.398 Y-13.896 Z68.337 E1322.22007
G1 X4.073 Y-14.824 Z68.345 E1323.12058
G1 X4.98 Y-15.879 Z68.351 E1323.77486
G1 X5.829 Y-16.979 Z68.357 E1324.42831
G1 X6.666 Y-17.978 Z68.363 E1325.04121
G1 X7.484 Y-18.786 Z68.368 E1325.58191
G1 X8.226 Y-19.34 Z68.372 E1326.01738
G1 X8.923 Y-19.702 Z68.375 E1326.38673
G1 X9.645 Y-19.963 Z68.379 E1326.74777
G1 X10.4 Y-20.154 Z68.382 E1327.11401
G1 X11.069 Y-20.253 Z68.385 E1327.43204
G1 X11.605 Y-20.136 Z68.387 E1327.69004
G1 X11.651 Y-20.036 Z68.388 E1327.74181
G1 X11.706 Y-19.407 Z68.391 E1328.03874
G1 X11.529 Y-18.172 Z68.396 E1328.62545
G1 X11.042 Y-16.434 Z68.404 E1329.47426
G1 X10.209 Y-14.112 Z68.415 E1330.63436
G1 X9.914 Y-13.325 Z68.418 E1331.02961
G1 X9.528 Y-11.775 Z68.425 E1331.78079
G1 X10.126 Y-9.879 Z68.434 E1332.71571
G1 X12 Y-9.645 Z68.442 E1333.60384
G1 X13.35 Y-9.959 Z68.448 E1334.25565
G1 X14.675 Y-10.345 Z68.454 E1334.90466
G1 X15.952 Y-10.663 Z68.46 E1335.52353
G1 X17.094 Y-10.831 Z68.465 E1336.06636
G1 X18.024 Y-10.832 Z68.469 E1336.50371
G1 X18.798 Y-10.701 Z68.472 E1336.87287
G1 X19.537 Y-10.466 Z68.476 E1337.23755
G1 X20.254 Y-10.16 Z68.479 E1337.60415
G1 X20.838 Y-9.833 Z68.482 E1337.91891
G1 X21.18 Y-9.498 Z68.484 E1338.14405
G1 X21.171 Y-9.393 Z68.485 E1338.19361
G1 X20.86 Y-8.84 Z68.487 E1338.49197
G1 X19.995 Y-7.931 Z68.493 E1339.08206
G1 X18.7 Y-6.897 Z68.5 E1339.86137
;TIME_ELAPSED:467.199537
;LAYER:68
;TYPE:WALL-OUTER
;MESH:wavy.stl
G1 X17.024 Y-5.736 Z68.51 E1340.82018
G1 X16.781 Y-5.567 Z68.511 E1340.95937
G1 X15.812 Y-4.908 Z68.517 E1341.51046
G1 X14.588 Y-3.731 Z68.526 E1342.30902
G1 X14.552 Y-1.583 Z68.536 E1343.3193
G1 X15.983 Y-.537 Z68.545 E1344.15287
G1 X17.485 Y0.051 Z68.553 E1344.91141
G1 X18.379 Y0.392 Z68.557 E1345.36138
G1 X19.405 Y0.839 Z68.563 E1345.88768
G1 X20.143 Y1.235 Z68.567 E1346.28154
G1 X20.622 Y1.586 Z68.57 E1346.56081
G1 X21.052 Y1.953 Z68.573 E1346.82666
G1 X21.45 Y2.39 Z68.576 E1347.10463
G1 X22.255 Y3.654 Z68.583 E1347.80936
G1 X21.816 Y5.088 Z68.59 E1348.51462
G1 X21.774 Y5.106 Z68.591 E1348.53611
G1 X21.699 Y5.126 E1348.57261
G1 X21.197 Y5.234 Z68.594 E1348.81409
G1 X20.148 Y5.345 Z68.599 E1349.31016
G1 X18.623 Y5.395 Z68.606 E1350.0277
G1 X17.144 Y5.363 Z68.613 E1350.72339
G1 X16.847 Y5.359 Z68.615 E1350.86308
G1 X15.676 Y5.328 Z68.621 E1351.41396
G1 X14.005 Y5.572 Z68.629 E1352.20811
G1 X12.737 Y7.266 Z68.639 E1353.2032
G1 X13.275 Y8.944 Z68.648 E1354.03188
G1 X14.137 Y10.304 Z68.656 E1354.7891
G1 X14.656 Y11.104 Z68.661 E1355.23755
G1 X15.223 Y12.077 Z68.666 E1355.76714
G1 X15.578 Y12.833 Z68.67 E1356.15991
G1 X15.752 Y13.408 Z68.673 E1356.44243
G1 X15.861 Y13.934 Z68.676 E1356.69504
G1 X15.869 Y15.388 Z68.683 E1357.37883
G1 X15.78 Y16.013 Z68.686 E1357.67571
G1 X14.689 Y16.875 Z68.693 E1358.32959
G1 X14.638 Y16.877 E1358.35359
G1 X14.562 Y16.855 Z68.694 E1358.3908
G1 X14.108 Y16.67 Z68.696 E1358.62135
G1 X13.169 Y16.148 Z68.701 E1359.12658
G1 X11.981 Y15.349 Z68.708 E1359.79986
G1 X10.721 Y14.409 Z68.716 E1360.53913
G1 X10.489 Y14.239 Z68.717 E1360.67438
G1 X9.548 Y13.529 Z68.723 E1361.22874
G1 X8.056 Y12.76 Z68.731 E1362.0181
G1 X6.065 Y13.38 Z68.742 E1362.99875
G1 X5.515 Y15.042 Z68.75 E1363.82202
G1 X5.41 Y16.647 Z68.758 E1364.57842
G1 X5.357 Y17.604 Z68.763 E1365.02916
G1 X5.239 Y18.723 Z68.768 E1365.55831
G1 X5.072 Y19.541 Z68.773 E1365.95092
G1 X4.861 Y20.106 Z68.775 E1366.23455
G1 X4.615 Y20.602 Z68.778 E1366.49492
G1 X4.258 Y21.135 Z68.781 E1366.7966
G1 X3.28 Y22.191 Z68.788 E1367.47346
G1 X2.029 Y22.251 Z68.795 E1368.06245
G1 X1.976 Y22.228 E1368.08962
G1 X1.921 Y22.169 E1368.12755
G1 X1.648 Y21.761 Z68.798 E1368.35841
G1 X1.186 Y20.799 Z68.803 E1368.86028
G1 X0.678 Y19.458 Z68.81 E1369.53464
G1 X0.207 Y17.955 Z68.818 E1370.27535
G1 X0.11 Y17.66 Z68.819 E1370.42139
G1 X-.232 Y16.559 Z68.825 E1370.96356
G1 X-.995 Y15.073 Z68.833 E1371.74911
G1 X-2.943 Y14.42 Z68.843 E1372.7153
G1 X-4.356 Y15.432 Z68.852 E1373.53264
G1 X-5.387 Y16.664 Z68.86 E1374.28812
G1 X-5.987 Y17.401 Z68.864 E1374.73504
G1 X-6.748 Y18.236 Z68.87 E1375.26633
G1 X-7.378 Y18.8 Z68.874 E1375.66398
G1 X-7.885 Y19.121 Z68.877 E1375.94617
G1 X-8.366 Y19.352 Z68.88 E1376.19711
G1 X-9.763 Y19.722 Z68.887 E1376.87672
G1 X-10.385 Y19.802 Z68.89 E1377.17164
G1 X-11.365 Y19.203 Z68.895 E1377.71178
G1 X-11.406 Y19.154 Z68.896 E1377.74182
G1 X-11.423 Y19.073 E1377.78075
G1 X-11.42 Y18.555 Z68.899 E1378.02435
G1 X-11.236 Y17.485 Z68.904 E1378.53492
G1 X-10.84 Y16.026 Z68.911 E1379.24587
G1 X-10.383 Y14.654 Z68.918 E1379.92593
G1 X-10.294 Y14.371 Z68.92 E1380.06545
G1 X-9.926 Y13.259 Z68.926 E1380.61628
G1 X-9.682 Y11.617 Z68.934 E1381.39694
G1 X-10.86 Y9.971 Z68.944 E1382.34881
G1 X-12.588 Y9.956 Z68.952 E1383.16147
G1 X-14.146 Y10.341 Z68.96 E1383.91619
G1 X-15.074 Y10.586 Z68.965 E1384.36755
G1 X-16.175 Y10.809 Z68.97 E1384.89583
G1 X-17.019 Y10.883 Z68.975 E1385.29426
G1 X-17.618 Y10.834 Z68.978 E1385.5769
G1 X-18.145 Y10.718 Z68.98 E1385.83066
G1 X-19.458 Y10.163 Z68.987 E1386.50102
G1 X-20.01 Y9.844 Z68.99 E1386.80084
G1 X-20.428 Y8.906 Z68.995 E1387.28377
G1 X-20.441 Y8.833 Z68.996 E1387.31864
G1 X-20.413 Y8.752 E1387.35894
G1 X-20.131 Y8.343 Z68.999 E1387.59257
G1 X-19.388 Y7.59 Z69.004 E1388.09005
G1 X-18.285 Y6.688 Z69.011 E1388.76012
G1 X-17.009 Y5.757 Z69.019 E1389.50292
G1 X-16.773 Y5.578 Z69.02 E1389.64222
G1 X-15.827 Y4.89 Z69.026 E1390.19231
G1 X-14.679 Y3.701 Z69.034 E1390.96955
G1 X-14.671 Y1.709 Z69.044 E1391.90634
G1 X-16.048 Y0.688 Z69.052 E1392.71248
G1 X-17.532 Y0.078 Z69.06 E1393.46702
G1 X-18.429 Y-.271 Z69.065 E1393.91966
G1 X-19.455 Y-.747 Z69.07 E1394.45155
G1 X-20.169 Y-1.187 Z69.074 E1394.84596
G1 X-20.619 Y-1.59 Z69.077 E1395.13004
G1 X-20.977 Y-2.026 Z69.08 E1395.39534
G1 X-21.295 Y-2.541 Z69.083 E1395.67998
G1 X-21.913 Y-3.855 Z69.09 E1396.36284
G1 X-21.749 Y-4.729 Z69.095 E1396.78103
G1 X-21.718 Y-4.809 E1396.82138
G1 X-21.65 Y-4.864 E1396.86251
G1 X-21.163 Y-5.053 Z69.098 E1397.10817
G1 X-20.142 Y-5.232 Z69.103 E1397.59564
G1 X-18.625 Y-5.332 Z69.111 E1398.31059
G1 X-17.145 Y-5.336 Z69.118 E1399.00659
G1 X-16.847 Y-5.344 Z69.119 E1399.14678
G1 X-15.678 Y-5.351 Z69.125 E1399.69654
G1 X-14.061 Y-5.651 Z69.133 E1400.46994
G1 X-12.908 Y-7.234 Z69.143 E1401.39091
G1 X-13.415 Y-8.86 Z69.151 E1402.19188
G1 X-14.252 Y-10.227 Z69.159 E1402.94567
G1 X-14.768 Y-11.035 Z69.164 E1403.39652
G1 X-15.318 Y-12.03 Z69.169 E1403.93117
G1 X-15.628 Y-12.808 Z69.173 E1404.32501
G1 X-15.746 Y-13.41 Z69.176 E1404.6135
G1 X-15.76 Y-13.948 Z69.179 E1404.86659
G1 X-15.55 Y-15.358 Z69.186 E1405.53699
G1 X-15.389 Y-15.975 Z69.189 E1405.83686
G1 X-14.847 Y-16.543 Z69.193 E1406.20607
G1 X-14.768 Y-16.602 E1406.25244
G1 X-14.677 Y-16.613 Z69.194 E1406.29555
G1 X-14.188 Y-16.5 Z69.196 E1406.53157
G1 X-13.231 Y-16.053 Z69.202 E1407.02829
G1 X-12.019 Y-15.299 Z69.209 E1407.69955
G1 X-10.736 Y-14.388 Z69.216 E1408.43953
G1 X-10.497 Y-14.228 Z69.218 E1408.57479
G1 X-9.535 Y-13.549 Z69.223 E1409.12853
G1 X-8.055 Y-12.856 Z69.232 E1409.89705
G1 X-6.221 Y-13.455 Z69.241 E1410.80436
G1 X-5.678 Y-15.057 Z69.249 E1411.59983
G1 X-5.548 Y-16.652 Z69.257 E1412.3524
G1 X-5.488 Y-17.614 Z69.262 E1412.80568
G1 X-5.343 Y-18.741 Z69.267 E1413.34004
G1 X-5.126 Y-19.551 Z69.272 E1413.73439
G1 X-4.855 Y-20.104 Z69.275 E1414.024
G1 X-4.522 Y-20.553 Z69.277 E1414.28688
G1 X-4.082 Y-21.008 Z69.28 E1414.58454
G1 X-2.982 Y-21.928 Z69.288 E1415.25892
G1 X-2.352 Y-22.075 Z69.291 E1415.56314
G1 X-2.243 Y-22.083 E1415.61454
G1 X-2.156 Y-22.041 Z69.292 E1415.65997
G1 X-1.813 Y-21.671 Z69.294 E1415.89724
G1 X-1.292 Y-20.76 Z69.299 E1416.39076
G1 X-.746 Y-19.443 Z69.306 E1417.06122
G1 X-.232 Y-17.947 Z69.314 E1417.80512
G1 X-.122 Y-17.656 Z69.316 E1417.95142
G1 X0.254 Y-16.568 Z69.321 E1418.49276
G1 X1.053 Y-15.151 Z69.329 E1419.25777
G1 X2.861 Y-14.573 Z69.339 E1420.15041
G1 X4.233 Y-15.541 Z69.347 E1420.94004
G1 X5.279 Y-16.749 Z69.355 E1421.6915
G1 X5.887 Y-17.486 Z69.359 E1422.1408
G1 X6.674 Y-18.312 Z69.365 E1422.67733
G1 X7.34 Y-18.84 Z69.369 E1423.07702
G1 X7.888 Y-19.116 Z69.372 E1423.36557
G1 X8.41 Y-19.261 Z69.375 E1423.62034
G1 X9.832 Y-19.409 Z69.382 E1424.29268
G1 X10.47 Y-19.418 Z69.385 E1424.59274
G1 X11.004 Y-19.25 Z69.388 E1424.856
G1 X11.105 Y-19.194 E1424.91031
G1 X11.157 Y-19.107 Z69.389 E1424.95797
G1 X11.237 Y-18.579 Z69.391 E1425.20911
G1 X11.131 Y-17.514 Z69.397 E1425.71242
G1 X10.782 Y-16.047 Z69.404 E1426.42156
G1 X10.358 Y-14.663 Z69.411 E1427.10227
G1 X10.283 Y-14.383 Z69.413 E1427.23859
G1 X9.948 Y-13.254 Z69.418 E1427.7924
G1 X9.774 Y-11.646 Z69.426 E1428.55301
G1 X10.882 Y-10.143 Z69.436 E1429.43113
G1 X12.551 Y-10.116 Z69.444 E1430.21611
G1 X14.108 Y-10.475 Z69.452 E1430.96754
G1 X15.043 Y-10.713 Z69.456 E1431.42126
G1 X16.16 Y-10.913 Z69.462 E1431.9549
G1 X17.012 Y-10.937 Z69.466 E1432.35573
G1 X17.618 Y-10.827 Z69.469 E1432.64537
G1 X18.128 Y-10.617 Z69.472 E1432.90475
G1 X19.331 Y-9.869 Z69.479 E1433.57092
G1 X19.854 Y-9.483 Z69.482 E1433.87661
G1 X20.163 Y-9.157 Z69.484 E1434.08784
G1 X20.221 Y-9.041 Z69.485 E1434.14883
G1 X20.219 Y-8.935 E1434.19869
G1 X19.995 Y-8.471 Z69.488 E1434.44099
G1 X19.317 Y-7.678 Z69.493 E1434.93164
G1 X18.248 Y-6.74 Z69.5 E1435.60044
;TIME_ELAPSED:472.340660
;LAYER:69
;note -- min layer time used
;TYPE:WALL-OUTER
;MESH:wavy.stl
G1 F2166.6 X16.695 Y-5.535 Z69.511 E1436.52484
G1 X15.67 Y-4.682 Z69.518 E1437.15195
G1 X14.768 Y-3.358 Z69.527 E1437.90535
G1 X15.156 Y-1.553 Z69.537 E1438.77358
G1 X16.394 Y-.712 Z69.546 E1439.4774
G1 X18.534 Y0.187 Z69.559 E1440.56898
G1 X19.315 Y0.575 Z69.563 E1440.97909
G1 X19.789 Y0.876 Z69.566 E1441.24314
G1 X20.081 Y1.091 Z69.568 E1441.41367
G1 X20.411 Y1.429 Z69.571 E1441.63582
G1 X21.336 Y3.426 Z69.583 E1442.6708
G1 X20.729 Y4.923 Z69.592 E1443.43047
G1 X20.664 Y4.953 Z69.593 E1443.46414
G1 X20.585 Y4.978 E1443.50311
G1 X20.214 Y5.076 Z69.595 E1443.68356
G1 X19.309 Y5.187 Z69.6 E1444.11234
G1 X18.097 Y5.272 Z69.607 E1444.68371
G1 X16.759 Y5.32 Z69.614 E1445.31334
G1 X15.426 Y5.416 Z69.622 E1445.94184
G1 X13.922 Y5.965 Z69.631 E1446.69477
G1 X13.191 Y7.648 Z69.641 E1447.55767
G1 X13.697 Y9.054 Z69.649 E1448.26039
G1 X14.893 Y11.044 Z69.662 E1449.35224
G1 X15.288 Y11.818 Z69.667 E1449.76089
G1 X15.486 Y12.345 Z69.67 E1450.02564
G1 X15.579 Y12.691 Z69.672 E1450.19413
G1 X15.625 Y13.161 Z69.674 E1450.41621
G1 X15.181 Y15.248 Z69.686 E1451.41963
G1 X13.912 Y16.088 Z69.695 E1452.1353
G1 X13.837 Y16.089 E1452.17058
G1 X13.755 Y16.07 Z69.696 E1452.21016
G1 X13.39 Y15.946 Z69.698 E1452.39144
G1 X12.588 Y15.521 Z69.703 E1452.81829
G1 X11.548 Y14.879 Z69.71 E1453.39305
G1 X10.439 Y14.145 Z69.717 E1454.01846
G1 X9.299 Y13.446 Z69.724 E1454.64733
G1 X7.758 Y13.008 Z69.733 E1455.40072
G1 X6.194 Y13.945 Z69.743 E1456.25812
G1 X5.778 Y15.375 Z69.752 E1456.95849
G1 X5.566 Y17.688 Z69.764 E1458.05078
G1 X5.425 Y18.545 Z69.769 E1458.45922
G1 X5.263 Y19.086 Z69.772 E1458.7248
G1 X5.117 Y19.42 Z69.774 E1458.89622
G1 X4.863 Y19.808 Z69.777 E1459.11431
G1 X3.214 Y21.199 Z69.789 E1460.12884
G1 X1.873 Y21.148 Z69.796 E1460.75993
G1 X1.794 Y21.111 Z69.797 E1460.80095
G1 X1.734 Y21.053 E1460.8402
G1 X1.5 Y20.744 Z69.799 E1461.02248
G1 X1.092 Y19.946 Z69.804 E1461.44396
G1 X0.62 Y18.825 Z69.811 E1462.01596
G1 X0.143 Y17.576 Z69.819 E1462.6447
G1 X-.375 Y16.341 Z69.826 E1463.27451
G1 X-1.371 Y15.084 Z69.835 E1464.02871
G1 X-3.18 Y14.937 Z69.845 E1464.88224
G1 X-4.352 Y15.846 Z69.853 E1465.57974
G1 X-5.884 Y17.584 Z69.866 E1466.66927
G1 X-6.514 Y18.195 Z69.871 E1467.08199
G1 X-6.968 Y18.527 Z69.874 E1467.34649
G1 X-7.291 Y18.698 Z69.876 E1467.51837
G1 X-7.726 Y18.838 Z69.878 E1467.73327
G1 X-9.833 Y18.953 Z69.89 E1468.7256
G1 X-10.832 Y18.214 Z69.897 E1469.30997
G1 X-10.892 Y18.137 Z69.898 E1469.35588
G1 X-10.914 Y18.054 E1469.39626
G1 X-10.933 Y17.667 Z69.9 E1469.57848
G1 X-10.812 Y16.778 Z69.905 E1470.0004
G1 X-10.583 Y15.734 Z69.911 E1470.50304
G1 X-10.202 Y14.303 Z69.919 E1471.19944
G1 X-9.902 Y12.999 Z69.927 E1471.82869
G1 X-9.976 Y11.396 Z69.936 E1472.58334
G1 X-11.351 Y10.234 Z69.946 E1473.42994
G1 X-12.83 Y10.279 Z69.954 E1474.1258
G1 X-15.099 Y10.778 Z69.967 E1475.21834
G1 X-15.961 Y10.891 Z69.971 E1475.62718
G1 X-16.526 Y10.881 Z69.975 E1475.89293
G1 X-16.889 Y10.814 Z69.977 E1476.06652
G1 X-17.319 Y10.65 Z69.979 E1476.28294
G1 X-19.035 Y9.479 Z69.991 E1477.25992
G1 X-19.405 Y8.425 Z69.997 E1477.78524
G1 X-19.42 Y8.319 E1477.83558
G1 X-19.394 Y8.232 Z69.998 E1477.87829
G1 X-19.194 Y7.898 Z70 E1478.06136
G1 X-18.591 Y7.246 Z70.005 E1478.47901
G1 X-17.691 Y6.439 Z70.012 E1479.04748
G1 X-16.655 Y5.587 Z70.019 E1479.67828
G1 X-15.649 Y4.7 Z70.027 E1480.309
G1 X-14.768 Y3.357 Z70.035 E1481.06434
G1 X-15.208 Y1.621 Z70.045 E1481.90655
G1 X-16.429 Y0.792 Z70.054 E1482.60059
G1 X-18.554 Y-.147 Z70.066 E1483.69313
G1 X-19.318 Y-.57 Z70.071 E1484.10381
G1 X-19.761 Y-.918 Z70.074 E1484.36874
G1 X-20.007 Y-1.2 Z70.076 E1484.54472
G1 X-20.235 Y-1.596 Z70.079 E1484.75961
G1 X-20.882 Y-3.581 Z70.091 E1485.74143
G1 X-20.63 Y-4.506 Z70.096 E1486.19229
G1 X-20.584 Y-4.618 Z70.097 E1486.24923
G1 X-20.515 Y-4.68 E1486.29285
G1 X-20.159 Y-4.844 Z70.099 E1486.47718
G1 X-19.294 Y-5.033 Z70.104 E1486.89356
G1 X-18.095 Y-5.169 Z70.111 E1487.46103
G1 X-16.757 Y-5.255 Z70.118 E1488.09155
G1 X-15.42 Y-5.389 Z70.126 E1488.72346
G1 X-13.922 Y-5.966 Z70.135 E1489.47837
G1 X-13.272 Y-7.624 Z70.144 E1490.31586
G1 X-13.772 Y-9.01 Z70.153 E1491.00877
G1 X-14.933 Y-11.023 Z70.165 E1492.10159
G1 X-15.293 Y-11.816 Z70.17 E1492.51115
G1 X-15.438 Y-12.362 Z70.173 E1492.77681
G1 X-15.455 Y-12.735 Z70.175 E1492.95241
G1 X-15.384 Y-13.192 Z70.178 E1493.1699
G1 X-14.707 Y-15.128 Z70.189 E1494.13441
G1 X-14.073 Y-15.695 Z70.194 E1494.5344
G1 X-13.967 Y-15.772 Z70.195 E1494.59601
G1 X-13.871 Y-15.788 E1494.64178
G1 X-13.48 Y-15.724 Z70.198 E1494.82811
G1 X-12.667 Y-15.388 Z70.202 E1495.2418
G1 X-11.605 Y-14.796 Z70.209 E1495.81358
G1 X-10.476 Y-14.091 Z70.217 E1496.43953
G1 X-9.31 Y-13.42 Z70.224 E1497.07218
G1 X-7.758 Y-13.009 Z70.233 E1497.8272
G1 X-6.275 Y-13.973 Z70.243 E1498.65901
G1 X-5.864 Y-15.383 Z70.251 E1499.34969
G1 X-5.611 Y-17.695 Z70.264 E1500.44344
G1 X-5.43 Y-18.546 Z70.269 E1500.8526
G1 X-5.213 Y-19.072 Z70.272 E1501.12018
G1 X-4.99 Y-19.383 Z70.274 E1501.30015
G1 X-4.65 Y-19.691 Z70.276 E1501.51589
G1 X-2.925 Y-20.816 Z70.288 E1502.48438
G1 X-2.235 Y-20.924 Z70.292 E1502.81282
G1 X-2.086 Y-20.932 E1502.88299
G1 X-1.993 Y-20.894 Z70.293 E1502.93024
G1 X-1.703 Y-20.619 Z70.295 E1503.11818
G1 X-1.233 Y-19.884 Z70.3 E1503.52846
G1 X-.715 Y-18.792 Z70.307 E1504.09685
G1 X-.205 Y-17.553 Z70.314 E1504.72694
G1 X0.351 Y-16.326 Z70.322 E1505.36044
G1 X1.371 Y-15.083 Z70.33 E1506.11661
G1 X3.131 Y-15.007 Z70.34 E1506.94505
G1 X4.286 Y-15.904 Z70.348 E1507.63278
G1 X5.851 Y-17.616 Z70.361 E1508.72359
G1 X6.511 Y-18.199 Z70.366 E1509.13771
G1 X7 Y-18.487 Z70.369 E1509.4046
G1 X7.372 Y-18.594 Z70.371 E1509.58663
G1 X7.829 Y-18.62 Z70.374 E1509.80189
G1 X9.865 Y-18.466 Z70.385 E1510.7621
G1 X10.404 Y-18.249 Z70.388 E1511.03535
G1 X10.549 Y-18.165 Z70.389 E1511.11415
G1 X10.608 Y-18.079 Z70.39 E1511.1632
G1 X10.694 Y-17.687 Z70.392 E1511.35193
G1 X10.66 Y-16.813 Z70.397 E1511.76326
G1 X10.478 Y-15.766 Z70.403 E1512.26302
G1 X10.138 Y-14.322 Z70.411 E1512.96066
G1 X9.874 Y-13.002 Z70.419 E1513.59371
G1 X9.976 Y-11.395 Z70.427 E1514.35095
G1 X11.353 Y-10.32 Z70.437 E1515.17248
G1 X12.811 Y-10.363 Z70.445 E1515.85844
G1 X15.092 Y-10.823 Z70.458 E1516.95272
G1 X15.96 Y-10.897 Z70.463 E1517.3624
G1 X16.528 Y-10.831 Z70.466 E1517.63131
G1 X16.893 Y-10.683 Z70.468 E1517.81653
G1 X17.274 Y-10.41 Z70.471 E1518.03695
G1 X18.775 Y-9.065 Z70.482 E1518.98476
G1 X19.08 Y-8.701 Z70.485 E1519.20809
G1 X19.159 Y-8.54 Z70.486 E1519.29242
G1 X19.162 Y-8.429 E1519.34464
G1 X19.011 Y-8.052 Z70.489 E1519.53563
G1 X18.488 Y-7.361 Z70.493 E1519.94317
G1 X17.629 Y-6.519 Z70.5 E1520.50883
;TIME_ELAPSED:477.366200
;LAYER:70
;note -- min layer time used
;TYPE:WALL-OUTER
;MESH:wavy.stl
G1 F1905 X17.069 Y-6.034 Z70.505 E1520.85723
G1 X16.213 Y-5.267 Z70.512 E1521.39774
G1 X15.409 Y-4.38 Z70.519 E1521.96073
G1 X14.838 Y-3.095 Z70.528 E1522.622
G1 X15.38 Y-1.601 Z70.538 E1523.3694
G1 X16.452 Y-.872 Z70.546 E1523.97906
G1 X17.457 Y-.402 Z70.553 E1524.50081
G1 X18.278 Y-0.019 Z70.559 E1524.92685
G1 X18.861 Y0.301 Z70.563 E1525.2396
G1 X19.146 Y0.486 Z70.566 E1525.3994
G1 X19.472 Y0.759 Z70.568 E1525.59936
G1 X19.638 Y4.708 Z70.593 E1527.45811
G1 X19.544 Y4.754 Z70.594 E1527.50733
G1 X19.447 Y4.791 E1527.55615
G1 X19.067 Y4.888 Z70.597 E1527.74058
G1 X18.381 Y5.003 Z70.601 E1528.06769
G1 X17.339 Y5.122 Z70.608 E1528.5609
G1 X16.21 Y5.244 Z70.615 E1529.09493
G1 X15.033 Y5.493 Z70.623 E1529.6607
G1 X13.806 Y6.212 Z70.632 E1530.32949
G1 X13.381 Y7.745 Z70.642 E1531.07761
G1 X13.821 Y8.964 Z70.65 E1531.68708
G1 X14.343 Y9.914 Z70.657 E1532.19684
G1 X14.79 Y10.734 Z70.662 E1532.63603
G1 X15.061 Y11.335 Z70.667 E1532.94607
G1 X15.174 Y11.663 Z70.669 E1533.10922
G1 X15.252 Y12.06 Z70.671 E1533.29949
G1 X13.151 Y15.261 Z70.695 E1535.10012
G1 X13.043 Y15.262 Z70.696 E1535.15092
G1 X12.942 Y15.244 Z70.697 E1535.19916
G1 X12.574 Y15.112 Z70.699 E1535.38302
G1 X11.943 Y14.816 Z70.704 E1535.71079
G1 X11.048 Y14.322 Z70.71 E1536.19154
G1 X10.042 Y13.752 Z70.717 E1536.7353
G1 X8.938 Y13.261 Z70.725 E1537.30351
G1 X7.508 Y13.123 Z70.734 E1537.97913
G1 X6.274 Y14.133 Z70.744 E1538.72904
G1 X5.913 Y15.375 Z70.752 E1539.33729
G1 X5.773 Y16.457 Z70.759 E1539.85037
G1 X5.646 Y17.38 Z70.765 E1540.28852
G1 X5.503 Y18.02 Z70.769 E1540.59692
G1 X5.39 Y18.345 Z70.771 E1540.75873
G1 X5.198 Y18.707 Z70.774 E1540.95143
G1 X1.748 Y20.021 Z70.797 E1542.68757
G1 X1.644 Y19.969 Z70.798 E1542.74225
G1 X1.566 Y19.9 E1542.79123
G1 X1.339 Y19.593 Z70.801 E1542.97078
G1 X0.927 Y18.879 Z70.806 E1543.35845
G1 X0.296 Y17.513 Z70.816 E1544.06607
G1 X0.068 Y17.031 Z70.819 E1544.31682
G1 X-.545 Y15.97 Z70.827 E1544.89307
G1 X-1.637 Y15.01 Z70.836 E1545.57684
G1 X-3.232 Y15.118 Z70.846 E1546.32864
G1 X-4.253 Y15.915 Z70.854 E1546.93776
G1 X-5.005 Y16.707 Z70.861 E1547.45136
G1 X-5.653 Y17.371 Z70.867 E1547.88768
G1 X-6.151 Y17.796 Z70.871 E1548.19557
G1 X-6.446 Y17.987 Z70.873 E1548.36084
G1 X-6.816 Y18.143 Z70.876 E1548.54967
G1 X-10.256 Y17.227 Z70.898 E1550.22378
G1 X-10.329 Y17.123 Z70.899 E1550.28354
G1 X-10.361 Y17.02 Z70.9 E1550.33426
G1 X-10.38 Y16.648 Z70.902 E1550.50943
G1 X-10.313 Y15.82 Z70.907 E1550.90009
G1 X-10.03 Y14.339 Z70.917 E1551.60916
G1 X-9.932 Y13.82 Z70.92 E1551.85755
G1 X-9.807 Y12.597 Z70.928 E1552.43569
G1 X-10.136 Y11.164 Z70.937 E1553.12712
G1 X-11.501 Y10.331 Z70.947 E1553.87914
G1 X-12.797 Y10.375 Z70.955 E1554.48896
G1 X-13.874 Y10.572 Z70.962 E1555.00385
G1 X-14.783 Y10.722 Z70.968 E1555.43711
G1 X-15.441 Y10.763 Z70.972 E1555.74715
G1 X-15.787 Y10.731 Z70.974 E1555.91056
G1 X-16.173 Y10.617 Z70.977 E1556.09983
G1 X-18.346 Y7.967 Z70.998 E1557.71147
G1 X-18.359 Y7.825 Z70.999 E1557.77852
G1 X-18.332 Y7.721 Z71 E1557.82906
G1 X-18.145 Y7.408 Z71.002 E1558.00052
G1 X-17.697 Y6.864 Z71.007 E1558.33194
G1 X-16.974 Y6.143 Z71.013 E1558.81211
G1 X-16.135 Y5.35 Z71.02 E1559.35502
G1 X-15.32 Y4.436 Z71.028 E1559.93092
G1 X-14.744 Y3.067 Z71.037 E1560.62938
G1 X-15.377 Y1.597 Z71.047 E1561.38205
G1 X-16.453 Y0.873 Z71.056 E1561.99195
G1 X-17.451 Y0.388 Z71.063 E1562.51377
G1 X-18.258 Y-0.024 Z71.068 E1562.93988
G1 X-18.81 Y-.386 Z71.073 E1563.25031
G1 X-19.063 Y-.625 Z71.075 E1563.41399
G1 X-19.29 Y-.954 Z71.077 E1563.60196
G1 X-19.496 Y-4.244 Z71.098 E1565.15219
G1 X-19.43 Y-4.383 Z71.099 E1565.22455
G1 X-19.346 Y-4.463 Z71.1 E1565.2791
G1 X-19.026 Y-4.616 Z71.102 E1565.44591
G1 X-18.351 Y-4.807 Z71.106 E1565.7758
G1 X-17.327 Y-4.979 Z71.113 E1566.26411
G1 X-16.196 Y-5.132 Z71.12 E1566.80083
G1 X-14.994 Y-5.395 Z71.128 E1567.37948
G1 X-13.712 Y-6.179 Z71.137 E1568.08617
G92 E0
G1 X-13.378 Y-7.747 Z71.147 E0.75393
G1 X-13.823 Y-8.963 Z71.156 E1.36288
G1 X-14.332 Y-9.921 Z71.162 E1.87304
G1 X-14.749 Y-10.758 Z71.168 E2.3128
G1 X-14.971 Y-11.373 Z71.172 E2.62029
G1 X-15.025 Y-11.726 Z71.175 E2.78823
G1 X-14.993 Y-12.111 Z71.177 E2.9699
G1 X-13.307 Y-14.803 Z71.197 E4.46368
G1 X-13.167 Y-14.895 Z71.198 E4.54246
G1 X-13.053 Y-14.918 Z71.199 E4.59715
G1 X-12.701 Y-14.869 Z71.201 E4.76428
G1 X-12.035 Y-14.639 Z71.206 E5.09564
G1 X-11.122 Y-14.198 Z71.212 E5.57246
G1 X-10.097 Y-13.653 Z71.219 E6.11839
G1 X-8.965 Y-13.158 Z71.227 E6.69941
G1 X-7.451 Y-13.041 Z71.237 E7.41353
G1 X-6.269 Y-14.132 Z71.247 E8.16998
G1 X-5.915 Y-15.377 Z71.255 E8.77868
G1 X-5.758 Y-16.456 Z71.262 E9.29145
G1 X-5.599 Y-17.375 Z71.268 E9.73005
G1 X-5.408 Y-17.998 Z71.272 E10.03649
G1 X-5.233 Y-18.308 Z71.274 E10.2039
G1 X-4.956 Y-18.595 Z71.276 E10.39148
G1 X-2.144 Y-19.742 Z71.296 E11.81967
G1 X-1.961 Y-19.745 Z71.297 E11.90574
G1 X-1.847 Y-19.702 Z71.298 E11.96304
G1 X-1.585 Y-19.47 Z71.3 E12.12761
G1 X-1.091 Y-18.796 Z71.305 E12.52059
G1 X-.403 Y-17.464 Z71.314 E13.22562
G1 X-.172 Y-16.982 Z71.318 E13.47698
G1 X0.463 Y-15.901 Z71.326 E14.06657
G1 X1.635 Y-14.911 Z71.335 E14.78805
G1 X3.234 Y-15.116 Z71.346 E15.54617
G1 X4.251 Y-15.917 Z71.354 E16.15497
G1 X5.016 Y-16.698 Z71.361 E16.66909
G1 X5.687 Y-17.34 Z71.366 E17.10581
G1 X6.214 Y-17.723 Z71.371 E17.41219
G1 X6.553 Y-17.865 Z71.373 E17.58503
G1 X6.945 Y-17.91 Z71.375 E17.77059
G1 X9.77 Y-17.234 Z71.394 E19.13662
G1 X9.94 Y-17.129 Z71.395 E19.23058
G1 X10.017 Y-17.025 Z71.396 E19.29144
G1 X10.107 Y-16.692 Z71.398 E19.45366
G1 X10.129 Y-15.85 Z71.403 E19.84976
G1 X9.912 Y-14.355 Z71.413 E20.56019
G1 X9.82 Y-13.841 Z71.416 E20.80575
G1 X9.701 Y-12.589 Z71.424 E21.39718
G1 X10.076 Y-11.086 Z71.434 E22.12567
G1 X11.502 Y-10.327 Z71.444 E22.88536
G1 X12.797 Y-10.379 Z71.452 E23.49485
G1 X13.877 Y-10.558 Z71.459 E24.00968
G1 X14.792 Y-10.676 Z71.465 E24.44354
G1 X15.449 Y-10.666 Z71.469 E24.75255
G1 X15.8 Y-10.57 Z71.471 E24.92367
G1 X16.141 Y-10.352 Z71.474 E25.11401
G1 X17.957 Y-8.258 Z71.491 E26.41749
G1 X18.049 Y-8.057 Z71.493 E26.52145
G1 X18.057 Y-7.927 E26.5827
G1 X17.951 Y-7.604 Z71.495 E26.74257
G1 X17.557 Y-7.006 Z71.5 E27.07935
;TIME_ELAPSED:482.391329
;LAYER:71
;note -- min layer time used
;TYPE:WALL-OUTER
;MESH:wavy.stl
G1 F1734.7 X16.902 Y-6.281 Z71.507 E27.53884
G1 X16.152 Y-5.53 Z71.514 E28.03797
G1 X15.637 Y-4.959 Z71.519 E28.39958
G1 X15.054 Y-4.071 Z71.527 E28.89915
G1 X14.699 Y-2.919 Z71.535 E29.46604
G1 X15.356 Y-1.607 Z71.545 E30.15608
G1 X16.23 Y-1.011 Z71.553 E30.65357
G1 X17.748 Y-.188 Z71.565 E31.46562
G1 X18.166 Y0.052 Z71.568 E31.69229
G1 X18.425 Y0.248 Z71.57 E31.84504
G1 X18.657 Y0.449 Z71.572 E31.98939
G1 X19.208 Y3.029 Z71.59 E33.23006
G1 X18.615 Y4.429 Z71.601 E33.94508
G1 X18.483 Y4.5 Z71.602 E34.01556
G1 X18.254 Y4.589 Z71.604 E34.1311
G1 X17.976 Y4.661 Z71.606 E34.26616
G1 X17.362 Y4.806 Z71.61 E34.56285
G1 X16.307 Y4.985 Z71.617 E35.06607
G1 X15.559 Y5.144 Z71.623 E35.4257
G1 X14.55 Y5.521 Z71.63 E35.93225
G1 X13.573 Y6.273 Z71.639 E36.51205
G1 X13.349 Y7.72 Z71.649 E37.20064
G1 X13.706 Y8.727 Z71.656 E37.70309
G1 X14.441 Y10.282 Z71.668 E38.51194
G1 X14.632 Y10.74 Z71.672 E38.74531
G1 X14.712 Y11.042 Z71.674 E38.89223
G1 X14.784 Y11.506 Z71.677 E39.11305
G1 X13.675 Y13.685 Z71.694 E40.26286
G1 X12.482 Y14.422 Z71.704 E40.92233
G1 X12.33 Y14.421 Z71.705 E40.99381
G1 X12.184 Y14.403 Z71.706 E41.06299
G1 X11.826 Y14.283 Z71.708 E41.24055
G1 X11.281 Y14.068 Z71.712 E41.51607
G1 X10.28 Y13.588 Z71.72 E42.03814
G1 X9.576 Y13.276 Z71.725 E42.40027
G1 X8.53 Y12.981 Z71.733 E42.91137
G1 X7.268 Y13.028 Z71.742 E43.50527
G1 X6.246 Y14.078 Z71.752 E44.19435
G1 X5.94 Y15.111 Z71.759 E44.701
G1 X5.612 Y16.805 Z71.771 E45.51245
G1 X5.488 Y17.28 Z71.775 E45.74332
G1 X5.365 Y17.568 Z71.777 E45.89059
G1 X5.139 Y17.959 Z71.78 E46.10297
G1 X2.982 Y19.017 Z71.796 E47.23281
G1 X1.703 Y18.938 Z71.805 E47.83544
G1 X1.566 Y18.862 Z71.806 E47.90911
G1 X1.449 Y18.767 Z71.807 E47.97999
G1 X1.211 Y18.47 Z71.81 E48.15897
G1 X0.898 Y17.98 Z71.814 E48.43241
G1 X0.356 Y17.009 Z71.822 E48.95537
G1 X-0.025 Y16.353 Z71.827 E49.31213
G1 X-.703 Y15.487 Z71.835 E49.82935
G1 X-1.781 Y14.778 Z71.844 E50.43613
G1 X-3.223 Y15.039 Z71.854 E51.12529
G1 X-4.088 Y15.702 Z71.861 E51.63782
G1 X-5.357 Y16.877 Z71.873 E52.45113
G1 X-5.744 Y17.179 Z71.877 E52.68199
G1 X-6.01 Y17.324 Z71.879 E52.82446
G1 X-6.425 Y17.48 Z71.882 E53.03296
G1 X-8.747 Y17.039 Z71.898 E54.14446
G1 X-9.645 Y16.319 Z71.906 E54.68574
G1 X-9.734 Y16.175 Z71.907 E54.76535
G1 X-9.784 Y16.032 Z71.908 E54.83659
G1 X-9.816 Y15.664 Z71.911 E55.01031
G1 X-9.792 Y15.031 Z71.915 E55.30821
G1 X-9.678 Y13.995 Z71.922 E55.79835
G1 X-9.599 Y13.218 Z71.928 E56.16564
G1 X-9.634 Y12.103 Z71.936 E56.69026
G1 X-10.113 Y10.877 Z71.945 E57.30926
G1 X-11.438 Y10.253 Z71.955 E57.99801
G1 X-12.539 Y10.282 Z71.962 E58.51596
G1 X-14.254 Y10.478 Z71.974 E59.32774
G1 X-14.747 Y10.483 Z71.978 E59.5596
G1 X-15.046 Y10.433 Z71.98 E59.70216
G1 X-15.452 Y10.297 Z71.983 E59.90352
G1 X-17.016 Y8.576 Z71.999 E60.99714
G1 X-17.307 Y7.588 Z72.006 E61.48151
G1 X-17.312 Y7.412 Z72.007 E61.56431
G1 X-17.242 Y7.214 Z72.009 E61.66307
G1 X-17.106 Y6.957 Z72.011 E61.79981
G1 X-16.729 Y6.436 Z72.015 E62.10224
G1 X-16.027 Y5.654 Z72.022 E62.59644
G1 X-15.508 Y5.071 Z72.028 E62.96351
G1 X-14.874 Y4.143 Z72.036 E63.49205
G1 X-14.542 Y2.84 Z72.045 E64.1244
G1 X-15.262 Y1.56 Z72.055 E64.81505
G1 X-16.178 Y0.933 Z72.063 E65.33707
G1 X-17.684 Y0.071 Z72.075 E66.15312
G1 X-18.074 Y-.221 Z72.078 E66.38223
G1 X-18.277 Y-.445 Z72.08 E66.5244
G1 X-18.438 Y-.739 Z72.083 E66.68203
G1 X-18.707 Y-3.074 Z72.099 E67.78739
G1 X-18.426 Y-3.933 Z72.105 E68.21242
G1 X-18.33 Y-4.1 Z72.106 E68.30301
G1 X-18.175 Y-4.224 Z72.108 E68.39636
G1 X-17.913 Y-4.367 Z72.11 E68.53673
G1 X-17.313 Y-4.578 Z72.114 E68.83583
G1 X-16.279 Y-4.811 Z72.122 E69.33429
G1 X-15.522 Y-4.978 Z72.127 E69.69885
G1 X-14.446 Y-5.357 Z72.135 E70.23533
G1 X-13.4 Y-6.245 Z72.144 E70.8806
G1 X-13.245 Y-7.703 Z72.154 E71.57012
G1 X-13.618 Y-8.76 Z72.162 E72.09725
G1 X-14.321 Y-10.339 Z72.174 E72.91008
G1 X-14.458 Y-10.822 Z72.178 E73.14619
G1 X-14.477 Y-11.113 Z72.18 E73.28333
G1 X-14.42 Y-11.521 Z72.183 E73.47706
G1 X-13.244 Y-13.428 Z72.198 E74.53069
G1 X-12.621 Y-13.91 Z72.203 E74.90112
G1 X-12.442 Y-14.009 Z72.205 E74.99732
G1 X-12.282 Y-14.044 Z72.206 E75.07434
G1 X-11.948 Y-14.007 Z72.208 E75.23237
G1 X-11.376 Y-13.85 Z72.212 E75.51132
G1 X-10.36 Y-13.43 Z72.22 E76.02834
G1 X-9.643 Y-13.119 Z72.225 E76.39587
G1 X-8.542 Y-12.787 Z72.233 E76.93668
G1 X-7.144 Y-12.902 Z72.243 E77.59634
G1 X-6.173 Y-14.004 Z72.253 E78.28706
G1 X-5.85 Y-15.086 Z72.261 E78.81809
G1 X-5.482 Y-16.78 Z72.273 E79.63332
G1 X-5.299 Y-17.244 Z72.277 E79.86788
G1 X-5.131 Y-17.488 Z72.279 E80.0072
G1 X-4.836 Y-17.756 Z72.281 E80.19463
G1 X-2.784 Y-18.555 Z72.297 E81.23021
G1 X-2.115 Y-18.606 Z72.301 E81.54573
G1 X-1.899 Y-18.593 Z72.303 E81.6475
G1 X-1.739 Y-18.534 Z72.304 E81.7277
G1 X-1.482 Y-18.324 Z72.306 E81.88377
G1 X-1.106 Y-17.867 Z72.31 E82.16208
G1 X-.514 Y-16.932 Z72.318 E82.68252
G1 X-.122 Y-16.266 Z72.323 E83.04594
G1 X0.579 Y-15.337 Z72.331 E83.59325
G1 X1.807 Y-14.604 Z72.341 E84.26581
G1 X3.238 Y-14.936 Z72.351 E84.95664
G1 X4.146 Y-15.629 Z72.359 E85.49381
G1 X5.448 Y-16.781 Z72.371 E86.31137
G1 X5.876 Y-17.039 Z72.375 E86.5464
G1 X6.15 Y-17.123 Z72.377 E86.68117
G1 X6.552 Y-17.138 Z72.38 E86.87035
G1 X8.635 Y-16.548 Z72.395 E87.88847
G1 X9.115 Y-16.293 Z72.398 E88.14408
G1 X9.306 Y-16.153 Z72.4 E88.25545
G1 X9.412 Y-16.013 Z72.401 E88.33803
G1 X9.51 Y-15.705 Z72.403 E88.49003
G1 X9.564 Y-15.061 Z72.408 E88.79395
G1 X9.504 Y-14.026 Z72.415 E89.2815
G1 X9.429 Y-13.233 Z72.421 E89.6561
G1 X9.445 Y-12.055 Z72.429 E90.21013
G1 X10.031 Y-10.721 Z72.439 E90.89534
G1 X11.39 Y-10.16 Z72.449 E91.58675
G1 X12.543 Y-10.188 Z72.457 E92.12914
G1 X14.271 Y-10.346 Z72.469 E92.94517
G1 X14.772 Y-10.292 Z72.472 E93.18214
G1 X15.041 Y-10.186 Z72.474 E93.31811
G1 X15.353 Y-9.947 Z72.477 E93.50294
G1 X16.637 Y-8.245 Z72.492 E94.50557
G1 X16.864 Y-7.878 Z72.495 E94.70851
G1 X16.954 Y-7.645 Z72.497 E94.82597
G1 X16.964 Y-7.463 Z72.498 E94.91169
G1 X16.881 Y-7.158 Z72.5 E95.06034
;TIME_ELAPSED:487.398974
;LAYER:72
;note -- min layer time used
;TYPE:WALL-OUTER
;MESH:wavy.stl
G1 F1595.6 X16.352 Y-6.341 Z72.507 E95.51806
G1 X16.023 Y-5.933 Z72.511 E95.76455
G1 X14.982 Y-4.629 Z72.524 E96.54924
G1 X14.598 Y-3.809 Z72.531 E96.97505
G1 X14.377 Y-2.757 Z72.539 E97.48058
G1 X15.063 Y-1.657 Z72.548 E98.09024
G1 X15.755 Y-1.096 Z72.555 E98.50918
G1 X17.044 Y-.285 Z72.567 E99.22537
G1 X17.434 Y-0.04 Z72.57 E99.44196
G1 X17.733 Y0.194 Z72.573 E99.62052
G1 X18.021 Y0.525 Z72.576 E99.82685
G1 X18.197 Y1.72 Z72.585 E100.3949
G1 X18.202 Y2.747 Z72.593 E100.87788
G1 X18.194 Y3.197 Z72.596 E101.08953
G1 X17.535 Y4.176 Z72.605 E101.64453
G1 X17.338 Y4.278 Z72.607 E101.74885
G1 X16.941 Y4.415 Z72.61 E101.94636
G1 X16.435 Y4.565 Z72.614 E102.19455
G1 X14.827 Y5.017 Z72.627 E102.98007
G1 X14.015 Y5.455 Z72.634 E103.41395
G1 X13.207 Y6.213 Z72.642 E103.93496
G1 X13.12 Y7.512 Z72.652 E104.54722
G1 X13.357 Y8.385 Z72.659 E104.97263
G1 X13.923 Y9.806 Z72.67 E105.69196
G1 X14.081 Y10.227 Z72.673 E105.90342
G1 X14.172 Y10.594 Z72.676 E106.08124
G1 X14.196 Y11.017 Z72.679 E106.28049
G1 X13.927 Y11.646 Z72.685 E106.60221
G1 X13.326 Y12.485 Z72.692 E107.08756
G1 X12.762 Y13.22 Z72.699 E107.52325
G1 X11.749 Y13.597 Z72.707 E108.03156
G1 X11.438 Y13.551 Z72.71 E108.17941
G1 X11.134 Y13.468 Z72.712 E108.32761
G1 X10.633 Y13.302 Z72.716 E108.57581
G1 X9.059 Y12.732 Z72.729 E109.36307
G1 X8.122 Y12.596 Z72.736 E109.80834
G1 X6.996 Y12.754 Z72.744 E110.34306
G1 X6.168 Y13.759 Z72.754 E110.95543
G1 X5.845 Y14.626 Z72.761 E111.39054
G1 X5.462 Y16.107 Z72.773 E112.10993
G1 X5.329 Y16.543 Z72.776 E112.3243
G1 X5.182 Y16.877 Z72.779 E112.49591
G1 X4.951 Y17.208 Z72.782 E112.68574
G1 X3.973 Y17.678 Z72.79 E113.19602
G1 X2.941 Y17.994 Z72.798 E113.70359
G1 X2.53 Y18.101 Z72.801 E113.90331
G1 X1.584 Y17.847 Z72.809 E114.36396
G1 X1.353 Y17.642 Z72.811 E114.5092
G1 X1.147 Y17.406 Z72.813 E114.65652
G1 X0.829 Y16.983 Z72.817 E114.90539
G1 X-.117 Y15.598 Z72.83 E115.69416
G1 X-.804 Y14.919 Z72.837 E116.14841
G1 X-1.842 Y14.385 Z72.846 E116.69737
G1 X-3.109 Y14.716 Z72.856 E117.31321
G1 X-3.889 Y15.241 Z72.863 E117.75537
G1 X-5.072 Y16.212 Z72.874 E118.47511
G1 X-5.443 Y16.477 Z72.878 E118.68953
G1 X-5.757 Y16.645 Z72.881 E118.857
G1 X-6.125 Y16.759 Z72.883 E119.03817
G1 X-6.73 Y16.695 Z72.888 E119.32428
G1 X-7.712 Y16.371 Z72.896 E119.81058
G1 X-8.56 Y16.038 Z72.903 E120.23902
G1 X-9.118 Y15.359 Z72.909 E120.65233
G1 X-9.194 Y15.141 Z72.911 E120.7609
G1 X-9.242 Y14.755 Z72.914 E120.94383
G1 X-9.26 Y14.227 Z72.918 E121.19228
G1 X-9.218 Y12.55 Z72.931 E121.98118
G1 X-9.368 Y11.574 Z72.938 E122.44556
G1 X-9.926 Y10.512 Z72.947 E123.00974
G1 X-11.149 Y10.039 Z72.957 E123.62641
G1 X-12.106 Y10.009 Z72.964 E124.07668
G1 X-13.641 Y10.095 Z72.976 E124.79969
G1 X-14.091 Y10.081 Z72.979 E125.01142
G1 X-14.436 Y10.021 Z72.982 E125.1761
G1 X-14.777 Y9.888 Z72.984 E125.34823
G1 X-15.197 Y9.501 Z72.989 E125.61681
G1 X-15.797 Y8.658 Z72.996 E126.10341
G1 X-16.27 Y7.891 Z73.003 E126.52719
G1 X-16.326 Y7.111 Z73.009 E126.89495
G1 X-16.272 Y6.885 Z73.011 E127.00423
G1 X-16.099 Y6.543 Z73.014 E127.18447
G1 X-15.813 Y6.101 Z73.018 E127.43205
G1 X-14.797 Y4.759 Z73.03 E128.22363
G1 X-14.33 Y3.866 Z73.038 E128.69755
G1 X-14.167 Y2.646 Z73.047 E129.27638
G1 X-14.886 Y1.545 Z73.057 E129.89479
G1 X-15.657 Y0.954 Z73.064 E130.35164
G1 X-16.945 Y0.119 Z73.076 E131.07351
G1 X-17.305 Y-.175 Z73.079 E131.29209
G1 X-17.526 Y-.421 Z73.082 E131.44761
G1 X-17.703 Y-.724 Z73.085 E131.61263
G1 X-17.804 Y-1.728 Z73.092 E132.08717
G1 X-17.753 Y-2.757 Z73.1 E132.57168
G1 X-17.704 Y-3.167 Z73.103 E132.76587
G1 X-17.347 Y-3.762 Z73.108 E133.09218
G1 X-17.177 Y-3.924 Z73.11 E133.20262
G1 X-16.856 Y-4.104 Z73.113 E133.37569
G1 X-16.364 Y-4.306 Z73.117 E133.62581
G1 X-14.754 Y-4.803 Z73.129 E134.41821
G1 X-13.831 Y-5.252 Z73.137 E134.90091
G1 X-12.971 Y-6.177 Z73.147 E135.49488
G1 X-12.909 Y-7.497 Z73.157 E136.11633
G1 X-13.196 Y-8.443 Z73.164 E136.58124
G1 X-13.745 Y-9.883 Z73.176 E137.30599
G1 X-13.851 Y-10.326 Z73.179 E137.5202
G1 X-13.871 Y-10.656 Z73.181 E137.67567
G1 X-13.82 Y-10.991 Z73.184 E137.83503
G1 X-13.607 Y-11.424 Z73.188 E138.06197
G1 X-12.984 Y-12.248 Z73.195 E138.54777
G1 X-12.384 Y-12.907 Z73.202 E138.96689
G1 X-11.841 Y-13.152 Z73.207 E139.24704
G1 X-11.574 Y-13.185 Z73.209 E139.37356
G1 X-11.246 Y-13.167 Z73.211 E139.52804
G1 X-10.726 Y-13.052 Z73.215 E139.77849
G1 X-9.126 Y-12.515 Z73.228 E140.57219
G1 X-8.094 Y-12.325 Z73.236 E141.06567
G1 X-6.828 Y-12.588 Z73.245 E141.67375
G1 X-6.006 Y-13.624 Z73.255 E142.29569
G1 X-5.68 Y-14.578 Z73.263 E142.76981
G1 X-5.272 Y-16.065 Z73.275 E143.49495
G1 X-5.084 Y-16.488 Z73.278 E143.71264
G1 X-4.901 Y-16.75 Z73.28 E143.86293
G1 X-4.664 Y-16.966 Z73.283 E144.01374
G1 X-3.844 Y-17.307 Z73.29 E144.43138
G1 X-2.792 Y-17.569 Z73.298 E144.94122
G1 X-2.407 Y-17.628 Z73.301 E145.12439
G1 X-1.92 Y-17.54 Z73.304 E145.35713
G1 X-1.677 Y-17.425 Z73.306 E145.48355
G1 X-1.414 Y-17.228 Z73.309 E145.63809
G1 X-1.052 Y-16.834 Z73.313 E145.88971
G1 X-0.064 Y-15.462 Z73.326 E146.68482
G1 X0.667 Y-14.682 Z73.334 E147.18755
G1 X1.881 Y-14.15 Z73.344 E147.81087
G1 X3.161 Y-14.513 Z73.354 E148.43657
G1 X3.994 Y-15.105 Z73.361 E148.91716
G1 X5.2 Y-16.067 Z73.373 E149.64265
G1 X5.608 Y-16.29 Z73.376 E149.86131
G1 X5.909 Y-16.378 Z73.379 E150.00879
G1 X6.217 Y-16.395 Z73.381 E150.15386
G1 X6.618 Y-16.321 Z73.384 E150.34562
G1 X7.593 Y-15.972 Z73.392 E150.83263
G1 X8.381 Y-15.582 Z73.399 E151.24612
G1 X8.665 Y-15.308 Z73.401 E151.4317
G1 X8.807 Y-15.098 Z73.403 E151.55092
G1 X8.919 Y-14.77 Z73.406 E151.71391
G1 X8.991 Y-14.242 Z73.41 E151.96452
G1 X8.992 Y-12.547 Z73.423 E152.76164
G1 X9.119 Y-11.462 Z73.431 E153.27537
G1 X9.819 Y-10.3 Z73.441 E153.91333
G1 X11.071 Y-9.844 Z73.451 E154.53995
G1 X12.111 Y-9.837 Z73.459 E155.02905
G1 X13.659 Y-9.903 Z73.471 E155.7577
G1 X14.114 Y-9.832 Z73.474 E155.97427
G1 X14.402 Y-9.714 Z73.476 E156.12063
G1 X14.637 Y-9.539 Z73.479 E156.25843
G1 X14.886 Y-9.265 Z73.481 E156.43254
G1 X15.466 Y-8.407 Z73.489 E156.91958
G1 X15.857 Y-7.627 Z73.496 E157.32991
G1 X15.93 Y-7.336 Z73.498 E157.471
G1 X15.933 Y-7.077 Z73.5 E157.59281
;TIME_ELAPSED:492.405157
;LAYER:73
;note -- min layer time used
;TYPE:WALL-OUTER
;MESH:wavy.stl
G1 F1497.5 X15.694 Y-6.452 Z73.505 E157.90749
G1 X15.429 Y-6.031 Z73.509 E158.14143
G1 X15.126 Y-5.608 Z73.514 E158.38614
G1 X14.5 Y-4.698 Z73.522 E158.90557
G1 X14.313 Y-4.369 Z73.525 E159.08354
G1 X14.029 Y-3.607 Z73.532 E159.46597
G1 X13.947 Y-2.536 Z73.541 E159.97111
G1 X14.545 Y-1.654 Z73.549 E160.47225
G1 X15.128 Y-1.115 Z73.555 E160.84564
G1 X16.377 Y-.254 Z73.568 E161.55906
G1 X16.872 Y0.098 Z73.572 E161.8447
G1 X17.206 Y0.471 Z73.576 E162.08016
G1 X17.389 Y0.994 Z73.581 E162.34074
G1 X17.405 Y1.261 Z73.583 E162.46653
G1 X17.418 Y1.58 Z73.586 E162.61668
G1 X17.396 Y2.017 Z73.589 E162.82245
G1 X17.28 Y2.882 Z73.596 E163.23288
G1 X16.881 Y3.659 Z73.603 E163.64365
G1 X16.454 Y3.935 Z73.607 E163.88276
G1 X16.002 Y4.128 Z73.611 E164.11389
G1 X15.512 Y4.301 Z73.615 E164.35827
G1 X14.476 Y4.672 Z73.624 E164.87578
G1 X14.126 Y4.827 Z73.627 E165.05579
G1 X13.421 Y5.287 Z73.634 E165.45167
G1 X12.719 Y6.123 Z73.643 E165.96505
G1 X12.684 Y7.21 Z73.651 E166.47651
G1 X12.851 Y8.002 Z73.658 E166.85716
G1 X13.359 Y9.445 Z73.67 E167.5766
G1 X13.539 Y10.002 Z73.675 E167.85188
G1 X13.585 Y10.488 Z73.679 E168.08146
G1 X13.456 Y10.968 Z73.683 E168.3152
G1 X13.284 Y11.261 Z73.685 E168.47498
G1 X13.09 Y11.513 Z73.688 E168.62454
G1 X12.864 Y11.788 Z73.691 E168.79194
G1 X12.247 Y12.398 Z73.698 E169.19997
G1 X11.501 Y12.796 Z73.705 E169.59761
G1 X11.008 Y12.78 Z73.709 E169.82958
G1 X10.538 Y12.686 Z73.712 E170.05498
G1 X10.036 Y12.545 Z73.717 E170.3002
G1 X8.978 Y12.24 Z73.725 E170.81801
G1 X8.598 Y12.156 Z73.728 E171.00103
G1 X7.733 Y12.103 Z73.735 E171.40859
G1 X6.656 Y12.385 Z73.744 E171.93215
G1 X5.98 Y13.255 Z73.753 E172.45029
G1 X5.651 Y14.015 Z73.76 E172.83976
G1 X5.214 Y15.477 Z73.772 E173.55736
G1 X5.026 Y16.027 Z73.777 E173.83071
G1 X4.782 Y16.431 Z73.78 E174.05266
G1 X4.393 Y16.736 Z73.784 E174.28513
G1 X4.138 Y16.844 Z73.787 E174.41536
G1 X3.842 Y16.95 Z73.789 E174.56322
G1 X3.435 Y17.046 Z73.793 E174.75988
G1 X2.582 Y17.164 Z73.799 E175.16484
G1 X1.828 Y17.037 Z73.806 E175.52443
G1 X1.446 Y16.754 Z73.809 E175.748
G1 X1.122 Y16.419 Z73.813 E175.96718
G1 X0.79 Y16.013 Z73.817 E176.21382
G1 X0.115 Y15.153 Z73.826 E176.72796
G1 X-.147 Y14.853 Z73.829 E176.91527
G1 X-.832 Y14.277 Z73.836 E177.33617
G1 X-1.894 Y13.873 Z73.846 E177.87052
G1 X-2.967 Y14.187 Z73.854 E178.39629
G1 X-3.691 Y14.623 Z73.861 E178.79375
G1 X-4.907 Y15.552 Z73.874 E179.5134
G1 X-5.378 Y15.874 Z73.878 E179.78171
G1 X-5.806 Y16.048 Z73.882 E179.99899
G1 X-6.182 Y16.082 Z73.885 E180.17654
G1 X-6.565 Y16.011 Z73.888 E180.35972
G1 X-6.864 Y15.905 Z73.89 E180.50891
G1 X-7.205 Y15.76 Z73.893 E180.68317
G1 X-7.935 Y15.339 Z73.9 E181.07948
G1 X-8.452 Y14.826 Z73.906 E181.42199
G1 X-8.603 Y14.392 Z73.91 E181.63809
G1 X-8.678 Y13.944 Z73.913 E181.85171
G1 X-8.719 Y13.417 Z73.918 E182.1003
G1 X-8.763 Y12.328 Z73.926 E182.61285
G1 X-8.795 Y11.924 Z73.93 E182.80344
G1 X-9.008 Y11.029 Z73.937 E183.23609
G1 X-9.652 Y10.063 Z73.946 E183.78208
G1 X-10.722 Y9.681 Z73.955 E184.31638
G1 X-11.582 Y9.615 Z73.962 E184.72201
G1 X-13.114 Y9.652 Z73.975 E185.44269
G1 X-13.615 Y9.631 Z73.979 E185.67851
G1 X-14.105 Y9.516 Z73.983 E185.91521
G1 X-14.461 Y9.291 Z73.986 E186.11326
G1 X-14.68 Y9.057 Z73.989 E186.26399
G1 X-14.856 Y8.803 Z73.991 E186.40931
G1 X-15.04 Y8.484 Z73.994 E186.58249
G1 X-15.364 Y7.71 Z74.001 E186.9771
G1 X-15.467 Y7.041 Z74.006 E187.29542
G1 X-15.353 Y6.623 Z74.01 E187.49918
G1 X-15.166 Y6.218 Z74.013 E187.70896
G1 X-14.9 Y5.769 Z74.017 E187.95439
G1 X-14.271 Y4.814 Z74.027 E188.49217
G1 X-14.077 Y4.502 Z74.029 E188.66495
G1 X-13.706 Y3.631 Z74.037 E189.11017
G1 X-13.669 Y2.448 Z74.047 E189.66679
G1 X-14.319 Y1.499 Z74.056 E190.20773
G1 X-14.996 Y0.934 Z74.063 E190.62242
G1 X-16.253 Y0.066 Z74.075 E191.3408
G1 X-16.684 Y-.287 Z74.08 E191.6028
G1 X-16.956 Y-.622 Z74.083 E191.80573
G1 X-17.103 Y-1.008 Z74.086 E191.99998
G1 X-17.136 Y-1.275 Z74.088 E192.12649
G1 X-17.139 Y-1.593 Z74.091 E192.27605
G1 X-17.095 Y-1.991 Z74.094 E192.46436
G1 X-16.885 Y-2.799 Z74.101 E192.85697
G1 X-16.601 Y-3.323 Z74.106 E193.13727
G1 X-16.28 Y-3.596 Z74.109 E193.33544
G1 X-15.9 Y-3.823 Z74.113 E193.5436
G1 X-15.424 Y-4.039 Z74.117 E193.78942
G1 X-14.369 Y-4.44 Z74.126 E194.3202
G1 X-14.013 Y-4.581 Z74.129 E194.50027
G1 X-13.175 Y-5.077 Z74.137 E194.95822
G1 X-12.442 Y-6.033 Z74.146 E195.52475
G1 X-12.411 Y-7.203 Z74.156 E196.07517
G1 X-12.638 Y-8.071 Z74.163 E196.4971
G1 X-13.149 Y-9.524 Z74.175 E197.22144
G1 X-13.276 Y-10.044 Z74.18 E197.47318
G1 X-13.294 Y-10.464 Z74.183 E197.67088
G1 X-13.204 Y-10.824 Z74.186 E197.84539
G1 X-13.063 Y-11.091 Z74.188 E197.98738
G1 X-12.871 Y-11.345 Z74.191 E198.13712
G1 X-12.626 Y-11.604 Z74.194 E198.30479
G1 X-11.967 Y-12.119 Z74.2 E198.69811
G1 X-11.473 Y-12.358 Z74.205 E198.95619
G1 X-11.067 Y-12.403 Z74.208 E199.14829
G1 X-10.635 Y-12.378 Z74.212 E199.35179
G1 X-10.119 Y-12.28 Z74.216 E199.59879
G1 X-9.028 Y-11.989 Z74.225 E200.12981
G1 X-8.651 Y-11.89 Z74.228 E200.31311
G1 X-7.656 Y-11.789 Z74.236 E200.78344
G1 X-6.485 Y-12.149 Z74.246 E201.35958
G1 X-5.763 Y-13.088 Z74.255 E201.91662
G1 X-5.439 Y-13.946 Z74.263 E202.34793
G1 X-4.997 Y-15.417 Z74.275 E203.07026
G1 X-4.788 Y-15.907 Z74.279 E203.32078
G1 X-4.56 Y-16.241 Z74.282 E203.51096
G1 X-4.289 Y-16.467 Z74.285 E203.67691
G1 X-4.04 Y-16.592 Z74.287 E203.80794
G1 X-3.741 Y-16.689 Z74.29 E203.95577
G1 X-3.367 Y-16.754 Z74.293 E204.13429
G1 X-2.538 Y-16.764 Z74.3 E204.52418
G1 X-2.061 Y-16.665 Z74.304 E204.75328
G1 X-1.715 Y-16.485 Z74.307 E204.9367
G1 X-1.38 Y-16.227 Z74.31 E205.13555
G1 X-1.011 Y-15.849 Z74.314 E205.38397
G1 X-.302 Y-14.979 Z74.323 E205.91177
G1 X-0.052 Y-14.669 Z74.327 E206.09906
G1 X0.709 Y-13.978 Z74.335 E206.58247
G1 X1.893 Y-13.582 Z74.345 E207.16959
G1 X3.045 Y-13.924 Z74.354 E207.73472
G1 X3.822 Y-14.443 Z74.362 E208.17415
G1 X5.047 Y-15.377 Z74.374 E208.89859
G1 X5.499 Y-15.636 Z74.378 E209.14358
G1 X5.872 Y-15.764 Z74.382 E209.32904
G1 X6.177 Y-15.791 Z74.384 E209.47303
G1 X6.472 Y-15.748 Z74.386 E209.61323
G1 X6.772 Y-15.645 Z74.389 E209.7624
G1 X7.104 Y-15.475 Z74.392 E209.93781
G1 X7.755 Y-14.986 Z74.398 E210.32071
G1 X8.045 Y-14.664 Z74.402 E210.5245
G1 X8.227 Y-14.332 Z74.405 E210.70256
G1 X8.356 Y-13.941 Z74.408 E210.89618
G1 X8.442 Y-13.414 Z74.413 E211.1473
G1 X8.511 Y-12.307 Z74.421 E211.66891
G1 X8.527 Y-11.893 Z74.425 E211.86375
G1 X8.733 Y-10.859 Z74.433 E212.35957
G1 X9.481 Y-9.826 Z74.443 E212.95936
G1 X10.63 Y-9.424 Z74.453 E213.53183
G1 X11.582 Y-9.391 Z74.461 E213.9798
G1 X13.123 Y-9.428 Z74.473 E214.70471
G1 X13.626 Y-9.365 Z74.477 E214.94311
G1 X13.993 Y-9.248 Z74.48 E215.12426
G1 X14.246 Y-9.096 Z74.483 E215.26306
G1 X14.451 Y-8.9 Z74.485 E215.39644
G1 X14.629 Y-8.647 Z74.487 E215.54192
G1 X14.792 Y-8.314 Z74.49 E215.71628
G1 X15.011 Y-7.53 Z74.497 E216.09909
G1 X15.043 Y-7.149 Z74.5 E216.2789
;TIME_ELAPSED:497.410952
;LAYER:74
;note -- min layer time used
;TYPE:WALL-OUTER
;MESH:wavy.stl
G1 F1459.6 X14.857 Y-6.312 Z74.507 E216.68213
G1 X14.599 Y-5.814 Z74.512 E216.94589
G1 X14.305 Y-5.348 Z74.516 E217.20501
G1 X13.607 Y-4.134 Z74.528 E217.86357
G1 X13.38 Y-3.429 Z74.534 E218.21188
G1 X13.387 Y-2.36 Z74.543 E218.71462
G1 X13.933 Y-1.566 Z74.551 E219.16779
G1 X14.511 Y-1.02 Z74.557 E219.54171
G1 X15.769 Y-.131 Z74.57 E220.26614
G1 X16.332 Y0.31 Z74.576 E220.60246
G1 X16.69 Y0.725 Z74.58 E220.86021
G1 X16.853 Y1.114 Z74.584 E221.05856
G1 X16.884 Y1.434 Z74.586 E221.20976
G1 X16.858 Y1.711 Z74.588 E221.34059
G1 X16.743 Y2.126 Z74.592 E221.54312
G1 X16.236 Y3.105 Z74.601 E222.0616
G1 X15.702 Y3.562 Z74.607 E222.39214
G1 X15.204 Y3.821 Z74.611 E222.65611
G1 X14.693 Y4.032 Z74.616 E222.91611
G1 X13.412 Y4.602 Z74.628 E223.57549
G1 X12.785 Y5.054 Z74.634 E223.93898
G1 X12.158 Y5.936 Z74.643 E224.4479
G1 X12.136 Y6.92 Z74.651 E224.91077
G1 X12.295 Y7.717 Z74.658 E225.29297
G1 X12.764 Y9.081 Z74.669 E225.97129
G1 X12.995 Y9.873 Z74.676 E226.35927
G1 X13.04 Y10.399 Z74.681 E226.60754
G1 X12.952 Y10.789 Z74.684 E226.79556
G1 X12.789 Y11.068 Z74.687 E226.94752
G1 X12.607 Y11.267 Z74.689 E227.07434
G1 X12.275 Y11.519 Z74.692 E227.27036
G1 X11.286 Y11.99 Z74.701 E227.78552
G1 X10.615 Y12.044 Z74.707 E228.1021
G1 X10.074 Y11.97 Z74.711 E228.35888
G1 X9.524 Y11.844 Z74.716 E228.62424
G1 X8.151 Y11.551 Z74.727 E229.28447
G1 X7.354 Y11.54 Z74.734 E229.65932
G1 X6.312 Y11.898 Z74.743 E230.17747
G1 X5.702 Y12.7 Z74.751 E230.65133
G1 X5.368 Y13.454 Z74.758 E231.03916
G1 X4.924 Y14.941 Z74.771 E231.76897
G1 X4.682 Y15.597 Z74.777 E232.0978
G1 X4.408 Y16.057 Z74.781 E232.34959
G1 X4.121 Y16.315 Z74.784 E232.53108
G1 X3.832 Y16.442 Z74.787 E232.67954
G1 X3.568 Y16.489 Z74.789 E232.80565
G1 X3.16 Y16.489 Z74.792 E232.99752
G1 X2.12 Y16.276 Z74.801 E233.49676
G1 X1.55 Y15.931 Z74.806 E233.8101
G1 X1.164 Y15.571 Z74.811 E234.05832
G1 X0.792 Y15.151 Z74.815 E234.32218
G1 X-.155 Y14.093 Z74.827 E234.98994
G1 X-.813 Y13.594 Z74.834 E235.3783
G1 X-1.882 Y13.273 Z74.843 E235.9032
G1 X-2.866 Y13.57 Z74.852 E236.38658
G1 X-3.592 Y14.001 Z74.858 E236.78363
G1 X-4.746 Y14.892 Z74.87 E237.46927
G1 X-5.41 Y15.342 Z74.877 E237.8465
G1 X-5.879 Y15.546 Z74.881 E238.08702
G1 X-6.252 Y15.592 Z74.884 E238.26376
G1 X-6.552 Y15.527 Z74.887 E238.40812
G1 X-6.789 Y15.405 Z74.889 E238.53348
G1 X-7.111 Y15.158 Z74.892 E238.72433
G1 X-7.794 Y14.374 Z74.901 E239.21332
G1 X-8.04 Y13.791 Z74.906 E239.5109
G1 X-8.149 Y13.272 Z74.911 E239.7603
G1 X-8.21 Y12.717 Z74.915 E240.02287
G1 X-8.354 Y11.298 Z74.927 E240.69363
G1 X-8.596 Y10.478 Z74.934 E241.0957
G1 X-9.286 Y9.582 Z74.943 E241.62754
G1 X-10.275 Y9.24 Z74.952 E242.11967
G1 X-11.134 Y9.169 Z74.959 E242.52502
G1 X-12.585 Y9.219 Z74.971 E243.2078
G1 X-13.385 Y9.194 Z74.977 E243.5842
G1 X-13.889 Y9.085 Z74.982 E243.82671
G1 X-14.199 Y8.917 Z74.984 E243.99252
G1 X-14.404 Y8.691 Z74.987 E244.13602
G1 X-14.514 Y8.456 Z74.989 E244.25804
G1 X-14.617 Y8.074 Z74.992 E244.4441
G1 X-14.687 Y7.055 Z75.001 E244.92445
G1 X-14.549 Y6.46 Z75.006 E245.21169
G1 X-14.339 Y5.976 Z75.01 E245.45981
G1 X-14.072 Y5.494 Z75.015 E245.71894
G1 X-13.348 Y4.253 Z75.026 E246.39461
G1 X-13.046 Y3.426 Z75.034 E246.80866
G1 X-13.084 Y2.278 Z75.043 E247.34883
G1 X-13.697 Y1.401 Z75.052 E247.85203
G1 X-14.369 Y0.835 Z75.059 E248.26522
G1 X-15.663 Y-0.024 Z75.072 E248.99564
G1 X-16.2 Y-.452 Z75.078 E249.31859
G1 X-16.546 Y-.831 Z75.082 E249.55992
G1 X-16.701 Y-1.142 Z75.085 E249.72334
G1 X-16.731 Y-1.432 Z75.087 E249.86045
G1 X-16.678 Y-1.682 Z75.089 E249.98063
G1 X-16.527 Y-2.046 Z75.092 E250.16596
G1 X-15.974 Y-2.881 Z75.101 E250.63695
G1 X-15.538 Y-3.262 Z75.105 E250.90925
G1 X-15.09 Y-3.538 Z75.11 E251.15671
G1 X-14.59 Y-3.777 Z75.114 E251.41733
G1 X-13.271 Y-4.354 Z75.126 E252.09438
G1 X-12.512 Y-4.859 Z75.134 E252.52312
G1 X-11.866 Y-5.825 Z75.143 E253.06963
G1 X-11.847 Y-6.915 Z75.152 E253.58231
G1 X-12.072 Y-7.783 Z75.16 E254.00401
G1 X-12.584 Y-9.145 Z75.171 E254.68829
G1 X-12.805 Y-9.91 Z75.178 E255.06276
G1 X-12.861 Y-10.4 Z75.182 E255.2947
G1 X-12.813 Y-10.723 Z75.185 E255.44827
G1 X-12.666 Y-10.978 Z75.187 E255.58669
G1 X-12.479 Y-11.137 Z75.189 E255.70212
G1 X-12.146 Y-11.329 Z75.192 E255.88289
G1 X-11.206 Y-11.654 Z75.201 E256.35063
G1 X-10.659 Y-11.705 Z75.205 E256.60899
G1 X-10.149 Y-11.673 Z75.209 E256.8493
G1 X-9.591 Y-11.577 Z75.214 E257.11558
G1 X-8.183 Y-11.267 Z75.226 E257.79359
G1 X-7.248 Y-11.222 Z75.233 E258.23381
G1 X-6.14 Y-11.634 Z75.243 E258.78974
G1 X-5.472 Y-12.525 Z75.252 E259.31344
G1 X-5.148 Y-13.378 Z75.26 E259.74255
G1 X-4.742 Y-14.889 Z75.273 E260.47835
G1 X-4.505 Y-15.517 Z75.278 E260.79402
G1 X-4.262 Y-15.952 Z75.282 E261.02834
G1 X-4.047 Y-16.179 Z75.285 E261.17538
G1 X-3.786 Y-16.297 Z75.287 E261.31008
G1 X-3.541 Y-16.31 Z75.289 E261.42547
G1 X-3.168 Y-16.259 Z75.292 E261.60251
G1 X-2.251 Y-15.957 Z75.3 E262.05654
G1 X-1.785 Y-15.683 Z75.305 E262.31077
G1 X-1.4 Y-15.374 Z75.309 E262.54293
G1 X-1.003 Y-14.974 Z75.313 E262.80796
G1 X-0.038 Y-13.883 Z75.325 E263.49295
G1 X0.713 Y-13.275 Z75.333 E263.94736
G1 X1.866 Y-12.96 Z75.343 E264.50947
G1 X2.95 Y-13.293 Z75.352 E265.04276
G1 X3.724 Y-13.809 Z75.36 E265.48023
G1 X4.862 Y-14.741 Z75.372 E266.17198
G1 X5.503 Y-15.173 Z75.379 E266.5355
G1 X5.935 Y-15.376 Z75.383 E266.75998
G1 X6.233 Y-15.438 Z75.385 E266.90312
G1 X6.504 Y-15.382 Z75.387 E267.03326
G1 X6.706 Y-15.244 Z75.389 E267.14831
G1 X6.969 Y-14.976 Z75.392 E267.32489
G1 X7.501 Y-14.193 Z75.4 E267.77008
G1 X7.704 Y-13.729 Z75.404 E268.00825
G1 X7.842 Y-13.251 Z75.408 E268.24223
G1 X7.935 Y-12.697 Z75.413 E268.50641
G1 X8.074 Y-11.241 Z75.425 E269.19425
G1 X8.326 Y-10.279 Z75.433 E269.66192
G1 X9.09 Y-9.339 Z75.443 E270.23158
G1 X10.182 Y-8.967 Z75.453 E270.77411
G1 X11.128 Y-8.936 Z75.46 E271.21923
G1 X12.591 Y-9.029 Z75.473 E271.90864
G1 X13.361 Y-9.001 Z75.479 E272.271
G1 X13.834 Y-8.914 Z75.483 E272.49717
G1 X14.093 Y-8.804 Z75.485 E272.6295
G1 X14.279 Y-8.602 Z75.487 E272.75864
G1 X14.351 Y-8.376 Z75.489 E272.87018
G1 X14.396 Y-8.011 Z75.492 E273.04313
G1 X14.342 Y-7.082 Z75.5 E273.48076
;TIME_ELAPSED:502.416598
;LAYER:75
;note -- min layer time used
;TYPE:WALL-OUTER
;MESH:wavy.stl
G1 F1474.5 X14.138 Y-6.308 Z75.507 E273.85719
G1 X13.759 Y-5.504 Z75.514 E274.2752
G1 X12.932 Y-3.972 Z75.528 E275.09394
G1 X12.722 Y-3.254 Z75.534 E275.44575
G1 X12.783 Y-2.194 Z75.543 E275.94507
G1 X13.346 Y-1.399 Z75.551 E276.4032
G1 X13.976 Y-.847 Z75.557 E276.79711
G1 X15.417 Y0.082 Z75.571 E277.6034
G1 X16.052 Y0.56 Z75.578 E277.97719
G1 X16.476 Y1.018 Z75.583 E278.2707
G1 X16.584 Y1.258 Z75.585 E278.39447
G1 X16.43 Y1.792 Z75.59 E278.65583
G1 X16.091 Y2.245 Z75.594 E278.92192
G1 X15.123 Y3.158 Z75.605 E279.54769
G1 X14.342 Y3.59 Z75.612 E279.96742
G1 X12.768 Y4.341 Z75.626 E280.78758
G1 X12.152 Y4.809 Z75.633 E281.1514
G1 X11.577 Y5.719 Z75.642 E281.65763
G1 X11.569 Y6.714 Z75.65 E282.12557
G1 X11.768 Y7.539 Z75.657 E282.52468
G1 X12.398 Y9.135 Z75.67 E283.3316
G1 X12.644 Y9.912 Z75.677 E283.71488
G1 X12.724 Y10.505 Z75.682 E283.99629
G1 X12.675 Y10.764 Z75.684 E284.12025
G1 X12.226 Y11.086 Z75.689 E284.38009
G1 X11.697 Y11.238 Z75.693 E284.63893
G1 X10.375 Y11.392 Z75.704 E285.26485
G1 X9.513 Y11.29 Z75.711 E285.67306
G1 X7.78 Y10.963 Z75.725 E286.50243
G1 X6.98 Y10.977 Z75.732 E286.87872
G1 X5.969 Y11.382 Z75.741 E287.3909
G1 X5.372 Y12.202 Z75.749 E287.8679
G1 X5.053 Y13.006 Z75.756 E288.27468
G1 X4.635 Y14.685 Z75.77 E289.08838
G1 X4.398 Y15.422 Z75.776 E289.45246
G1 X4.11 Y15.974 Z75.781 E289.74526
G1 X3.926 Y16.158 Z75.784 E289.86764
G1 X3.381 Y16.133 Z75.788 E290.12421
G1 X2.869 Y15.935 Z75.792 E290.38237
G1 X1.727 Y15.271 Z75.803 E291.00361
G1 X1.1 Y14.692 Z75.81 E291.40497
G1 X-.114 Y13.401 Z75.825 E292.23837
G1 X-.787 Y12.924 Z75.831 E292.6263
G1 X-1.859 Y12.661 Z75.84 E293.14539
G1 X-2.839 Y12.98 Z75.849 E293.63007
G1 X-3.577 Y13.458 Z75.856 E294.04358
G1 X-4.905 Y14.591 Z75.87 E294.86452
G1 X-5.538 Y15.061 Z75.876 E295.23529
G1 X-6.061 Y15.33 Z75.881 E295.51187
G1 X-6.32 Y15.379 Z75.883 E295.63583
G1 X-6.727 Y15.026 Z75.888 E295.8892
G1 X-7.015 Y14.558 Z75.892 E296.14763
G1 X-7.528 Y13.349 Z75.903 E296.76526
G1 X-7.699 Y12.511 Z75.91 E297.16748
G1 X-7.916 Y10.762 Z75.924 E297.9963
G1 X-8.184 Y9.952 Z75.931 E298.39754
G1 X-8.913 Y9.102 Z75.94 E298.92415
G1 X-9.912 Y8.784 Z75.949 E299.41719
G1 X-10.805 Y8.747 Z75.956 E299.83751
G1 X-12.536 Y8.896 Z75.97 E300.65457
G1 X-13.312 Y8.912 Z75.977 E301.01959
G1 X-13.915 Y8.83 Z75.982 E301.30578
G1 X-14.152 Y8.725 Z75.984 E301.42768
G1 X-14.251 Y8.202 Z75.988 E301.67801
G1 X-14.197 Y7.655 Z75.992 E301.9365
G1 X-13.888 Y6.392 Z76.003 E302.54798
G1 X-13.545 Y5.63 Z76.01 E302.94097
G1 X-12.68 Y4.07 Z76.024 E303.77983
G1 X-12.409 Y3.235 Z76.031 E304.19268
G1 X-12.505 Y2.107 Z76.041 E304.72508
G1 X-13.139 Y1.25 Z76.049 E305.2264
G1 X-13.859 Y0.693 Z76.057 E305.6545
G1 X-15.351 Y-.188 Z76.071 E306.46935
G1 X-15.999 Y-.628 Z76.077 E306.8377
G1 X-16.441 Y-1.039 Z76.082 E307.12154
G1 X-16.577 Y-1.259 Z76.084 E307.24318
G1 X-16.325 Y-1.734 Z76.089 E307.49605
G1 X-15.953 Y-2.133 Z76.093 E307.7526
G1 X-14.97 Y-2.942 Z76.103 E308.3513
G1 X-14.242 Y-3.363 Z76.11 E308.74679
G1 X-12.621 Y-4.114 Z76.125 E309.58696
G1 X-11.889 Y-4.642 Z76.132 E310.01141
G1 X-11.3 Y-5.625 Z76.141 E310.55033
G1 X-11.315 Y-6.712 Z76.15 E311.06157
G1 X-11.584 Y-7.595 Z76.158 E311.49567
G1 X-12.283 Y-9.182 Z76.172 E312.31119
G1 X-12.562 Y-9.936 Z76.179 E312.68928
G1 X-12.683 Y-10.502 Z76.183 E312.96147
G1 X-12.669 Y-10.761 Z76.185 E313.08345
G1 X-12.176 Y-10.978 Z76.19 E313.33677
G1 X-11.651 Y-11.067 Z76.194 E313.58719
G1 X-10.378 Y-11.128 Z76.204 E314.18654
G1 X-9.566 Y-11.046 Z76.211 E314.57035
G1 X-7.795 Y-10.693 Z76.226 E315.4196
G1 X-6.866 Y-10.686 Z76.233 E315.8565
G1 X-5.8 Y-11.145 Z76.243 E316.40231
G1 X-5.167 Y-12.051 Z76.252 E316.92208
G1 X-4.87 Y-12.942 Z76.259 E317.36376
G1 X-4.514 Y-14.655 Z76.274 E318.18657
G1 X-4.315 Y-15.393 Z76.28 E318.54603
G1 X-4.079 Y-15.948 Z76.285 E318.82965
G1 X-3.923 Y-16.152 Z76.287 E318.95042
G1 X-3.404 Y-16.015 Z76.291 E319.20286
G1 X-2.933 Y-15.769 Z76.296 E319.45275
G1 X-1.885 Y-15.058 Z76.306 E320.04833
G1 X-1.286 Y-14.527 Z76.312 E320.42477
G1 X-0.056 Y-13.192 Z76.327 E321.27845
G1 X0.709 Y-12.621 Z76.335 E321.72738
G1 X1.857 Y-12.37 Z76.344 E322.28001
G1 X2.916 Y-12.737 Z76.354 E322.8071
G1 X3.687 Y-13.299 Z76.361 E323.25578
G1 X4.985 Y-14.496 Z76.376 E324.08615
G1 X5.587 Y-14.99 Z76.382 E324.45237
G1 X6.071 Y-15.289 Z76.387 E324.71992
G1 X6.319 Y-15.372 Z76.389 E324.84291
G1 X6.64 Y-14.945 Z76.393 E325.09413
G1 X6.867 Y-14.462 Z76.398 E325.34511
G1 X7.274 Y-13.276 Z76.408 E325.93479
G1 X7.451 Y-12.486 Z76.414 E326.31552
G1 X7.655 Y-10.693 Z76.429 E327.16417
G1 X7.944 Y-9.753 Z76.437 E327.62666
G1 X8.738 Y-8.867 Z76.447 E328.18616
G1 X9.831 Y-8.542 Z76.456 E328.72242
G1 X10.8 Y-8.553 Z76.464 E329.17815
G1 X12.545 Y-8.771 Z76.478 E330.00516
G1 X13.309 Y-8.826 Z76.484 E330.36538
G1 X13.899 Y-8.792 Z76.489 E330.64331
G1 X14.147 Y-8.72 Z76.491 E330.76475
G1 X14.133 Y-8.187 Z76.496 E331.0155
G1 X14.02 Y-7.665 Z76.5 E331.26667
;TIME_ELAPSED:507.425166
;LAYER:76
;note -- min layer time used
;TYPE:WALL-OUTER
;MESH:wavy.stl
G1 F1564.3 X13.278 Y-5.657 Z76.516 E332.2734
G1 X12.36 Y-3.957 Z76.531 E333.18199
G1 X12.118 Y-3.069 Z76.538 E333.61482
G1 X12.236 Y-2.018 Z76.546 E334.11219
G1 X12.901 Y-1.159 Z76.555 E334.62307
G1 X13.647 Y-.619 Z76.562 E335.05616
G1 X15.356 Y0.317 Z76.577 E335.97251
G1 X16.113 Y0.806 Z76.584 E336.39633
G1 X16.586 Y1.253 Z76.589 E336.70239
G1 X16.359 Y1.528 Z76.591 E336.87008
G1 X15.887 Y1.98 Z76.596 E337.17742
G1 X14.365 Y3.019 Z76.611 E338.04406
G1 X12.295 Y4.029 Z76.628 E339.12723
G1 X11.565 Y4.615 Z76.635 E339.56746
G1 X11.041 Y5.55 Z76.644 E340.07151
G1 X11.086 Y6.646 Z76.652 E340.58737
G1 X11.386 Y7.524 Z76.659 E341.02371
G1 X12.24 Y9.303 Z76.674 E341.95174
G1 X12.568 Y10.122 Z76.681 E342.36664
G1 X12.699 Y10.765 Z76.686 E342.67524
G1 X12.348 Y10.845 Z76.689 E342.84454
G1 X10.93 Y10.916 Z76.7 E343.51223
G1 X9.495 Y10.802 Z76.711 E344.1892
G1 X7.582 Y10.443 Z76.726 E345.10455
G1 X6.621 Y10.486 Z76.733 E345.55694
G1 X5.637 Y10.951 Z76.741 E346.06876
G1 X5.036 Y11.874 Z76.75 E346.58673
G1 X4.768 Y12.774 Z76.757 E347.02835
G1 X4.433 Y14.718 Z76.772 E347.95604
G1 X4.226 Y15.575 Z76.779 E348.37066
G1 X3.959 Y16.186 Z76.784 E348.68424
G1 X3.601 Y16.023 Z76.787 E348.86923
G1 X2.773 Y15.497 Z76.795 E349.33055
G1 X1.36 Y14.293 Z76.809 E350.20357
G1 X0.026 Y12.873 Z76.824 E351.11982
G1 X-.794 Y12.327 Z76.831 E351.58311
G1 X-1.883 Y12.133 Z76.84 E352.10331
G1 X-2.914 Y12.536 Z76.848 E352.62389
G1 X-3.663 Y13.12 Z76.856 E353.07054
G1 X-5.056 Y14.5 Z76.871 E353.99268
G1 X-5.738 Y15.093 Z76.878 E354.41769
G1 X-6.309 Y15.44 Z76.883 E354.73192
G1 X-6.501 Y15.079 Z76.886 E354.92421
G1 X-6.848 Y14.158 Z76.893 E355.38705
G1 X-7.261 Y12.365 Z76.908 E356.25234
G1 X-7.503 Y10.412 Z76.923 E357.17782
G1 X-7.851 Y9.469 Z76.93 E357.65052
G1 X-8.636 Y8.668 Z76.939 E358.17795
G1 X-9.719 Y8.397 Z76.948 E358.70297
G1 X-10.677 Y8.439 Z76.955 E359.15393
G1 X-12.613 Y8.756 Z76.97 E360.07651
G1 X-13.506 Y8.845 Z76.977 E360.49855
G1 X-14.188 Y8.799 Z76.982 E360.82001
G1 X-14.121 Y8.383 Z76.985 E361.01816
G1 X-13.843 Y7.436 Z76.993 E361.48231
G1 X-13.109 Y5.752 Z77.007 E362.34621
G1 X-12.151 Y4.029 Z77.022 E363.27333
G1 X-11.869 Y3.041 Z77.03 E363.75652
G1 X-12.044 Y1.916 Z77.039 E364.29194
G1 X-12.773 Y1.059 Z77.047 E364.82106
G1 X-13.588 Y0.534 Z77.055 E365.27698
G1 X-15.347 Y-.332 Z77.07 E366.19901
G1 X-16.134 Y-.78 Z77.077 E366.62489
G1 X-16.667 Y-1.213 Z77.082 E366.94783
G1 X-16.345 Y-1.518 Z77.085 E367.15641
G1 X-15.83 Y-1.916 Z77.09 E367.4625
G1 X-14.272 Y-2.866 Z77.104 E368.32066
G1 X-12.167 Y-3.848 Z77.122 E369.41301
G1 X-11.347 Y-4.491 Z77.13 E369.90306
G1 X-10.826 Y-5.521 Z77.139 E370.44589
G1 X-10.925 Y-6.651 Z77.148 E370.97934
G1 X-11.287 Y-7.559 Z77.155 E371.43904
G1 X-12.227 Y-9.311 Z77.171 E372.37406
G1 X-12.6 Y-10.113 Z77.177 E372.79002
G1 X-12.788 Y-10.78 Z77.183 E373.11592
G1 X-12.343 Y-10.83 Z77.186 E373.32651
G1 X-10.929 Y-10.784 Z77.197 E373.99183
G1 X-9.533 Y-10.612 Z77.208 E374.65331
G1 X-7.585 Y-10.221 Z77.223 E375.58768
G1 X-6.518 Y-10.258 Z77.231 E376.08977
G1 X-5.481 Y-10.801 Z77.24 E376.64026
G1 X-4.903 Y-11.784 Z77.249 E377.17653
G1 X-4.667 Y-12.743 Z77.256 E377.64098
G1 X-4.417 Y-14.715 Z77.272 E378.5758
G1 X-4.257 Y-15.587 Z77.279 E378.99273
G1 X-4.022 Y-16.25 Z77.284 E379.32352
G1 X-3.607 Y-16.007 Z77.288 E379.54969
G1 X-2.83 Y-15.416 Z77.295 E380.00878
G1 X-1.502 Y-14.163 Z77.309 E380.86742
G1 X-.158 Y-12.695 Z77.324 E381.80342
G1 X0.743 Y-12.08 Z77.333 E382.31644
G1 X1.922 Y-11.92 Z77.342 E382.87598
G1 X2.969 Y-12.383 Z77.351 E383.41436
G1 X3.726 Y-13.037 Z77.358 E383.88481
G1 X5.067 Y-14.487 Z77.373 E384.81363
G1 X5.72 Y-15.121 Z77.38 E385.24165
G1 X6.296 Y-15.529 Z77.386 E385.5736
G1 X6.485 Y-15.072 Z77.39 E385.80618
G1 X6.754 Y-14.126 Z77.397 E386.26869
G1 X7.069 Y-12.344 Z77.411 E387.11972
G1 X7.292 Y-10.346 Z77.427 E388.06517
G1 X7.666 Y-9.3 Z77.435 E388.58758
G1 X8.543 Y-8.473 Z77.444 E389.15446
G1 X9.673 Y-8.241 Z77.453 E389.69696
G1 X10.679 Y-8.335 Z77.461 E390.17212
G1 X12.615 Y-8.74 Z77.476 E391.10229
G1 X13.508 Y-8.877 Z77.483 E391.52716
G1 X14.23 Y-8.879 Z77.489 E391.86671
G1 X14.103 Y-8.383 Z77.492 E392.10749
G1 X13.748 Y-7.466 Z77.5 E392.56992
;TIME_ELAPSED:512.446389
;LAYER:77
;note -- min layer time used
;TYPE:WALL-OUTER
;MESH:wavy.stl
G1 F1667.9 X12.141 Y-4.439 Z77.525 E394.18162
G1 X11.844 Y-3.749 Z77.53 E394.53489
G1 X11.658 Y-2.847 Z77.537 E394.968
G1 X11.923 Y-1.75 Z77.545 E395.49873
G1 X12.705 Y-.938 Z77.553 E396.02889
G1 X13.616 Y-.423 Z77.56 E396.52103
G1 X15.632 Y0.482 Z77.576 E397.56025
G1 X16.473 Y0.966 Z77.583 E398.01657
G1 X16.765 Y1.172 Z77.586 E398.18463
G1 X16.514 Y1.371 Z77.588 E398.33526
G1 X15.725 Y1.892 Z77.595 E398.77991
G1 X12.421 Y3.521 Z77.622 E400.51229
G1 X11.767 Y3.904 Z77.627 E400.86871
G1 X11.078 Y4.535 Z77.634 E401.30808
G1 X10.651 Y5.592 Z77.642 E401.84419
G1 X10.822 Y6.713 Z77.65 E402.37747
G1 X11.262 Y7.661 Z77.658 E402.86897
G1 X12.374 Y9.568 Z77.673 E403.90712
G1 X12.782 Y10.453 Z77.68 E404.36541
G1 X12.908 Y10.815 Z77.683 E404.54567
G1 X12.549 Y10.823 Z77.686 E404.71454
G1 X11.605 Y10.757 Z77.693 E405.15957
G1 X7.984 Y10.126 Z77.719 E406.8881
G1 X7.225 Y10.046 Z77.725 E407.24702
G1 X6.281 Y10.151 Z77.731 E407.69369
G1 X5.31 Y10.774 Z77.74 E408.23624
G1 X4.8 Y11.792 Z77.748 E408.7717
G1 X4.606 Y12.82 Z77.755 E409.26368
G1 X4.4 Y15.022 Z77.771 E410.30375
G1 X4.221 Y15.976 Z77.778 E410.76022
G1 X4.106 Y16.368 Z77.781 E410.95234
G1 X3.782 Y16.137 Z77.784 E411.13947
G1 X3.034 Y15.511 Z77.791 E411.59817
G1 X0.527 Y12.867 Z77.817 E413.31166
G1 X-0.045 Y12.349 Z77.823 E413.67457
G1 X-.88 Y11.872 Z77.83 E414.12681
G1 X-2.045 Y11.817 Z77.838 E414.67529
G1 X-3.053 Y12.351 Z77.846 E415.21174
G1 X-3.809 Y13.077 Z77.854 E415.70466
G1 X-5.261 Y14.749 Z77.87 E416.74607
G1 X-5.968 Y15.431 Z77.877 E417.20804
G1 X-6.303 Y15.694 Z77.88 E417.40833
G1 X-6.431 Y15.289 Z77.883 E417.60808
G1 X-6.653 Y14.349 Z77.89 E418.0623
G1 X-7.112 Y10.717 Z77.916 E419.78393
G1 X-7.266 Y9.956 Z77.922 E420.14906
G1 X-7.668 Y9.062 Z77.929 E420.61004
G1 X-8.596 Y8.335 Z77.937 E421.16443
G1 X-9.731 Y8.187 Z77.946 E421.70271
G1 X-10.769 Y8.339 Z77.953 E422.19606
G1 X-12.921 Y8.854 Z77.969 E423.23667
G1 X-13.894 Y9.001 Z77.976 E423.69944
G1 X-14.348 Y9.021 Z77.98 E423.91316
G1 X-14.198 Y8.588 Z77.983 E424.12866
G1 X-13.804 Y7.682 Z77.99 E424.59327
G1 X-12.031 Y4.501 Z78.016 E426.3059
G1 X-11.704 Y3.79 Z78.022 E426.67393
G1 X-11.499 Y2.816 Z78.029 E427.14202
G1 X-11.839 Y1.672 Z78.038 E427.70327
G1 X-12.681 Y0.896 Z78.046 E428.24176
G1 X-13.613 Y0.416 Z78.053 E428.73477
G1 X-15.664 Y-.419 Z78.069 E429.77618
G1 X-16.547 Y-.864 Z78.076 E430.24118
G1 X-16.946 Y-1.127 Z78.08 E430.46592
G1 X-16.54 Y-1.404 Z78.083 E430.69706
G1 X-15.714 Y-1.874 Z78.09 E431.14399
G1 X-12.368 Y-3.407 Z78.117 E432.87482
G1 X-11.677 Y-3.79 Z78.122 E433.24636
G1 X-10.931 Y-4.467 Z78.13 E433.72012
G1 X-10.537 Y-5.606 Z78.138 E434.2869
G1 X-10.777 Y-6.733 Z78.147 E434.82879
G1 X-11.255 Y-7.666 Z78.154 E435.32179
G1 X-12.437 Y-9.536 Z78.17 E436.36215
G1 X-12.902 Y-10.414 Z78.177 E436.82939
G1 X-13.082 Y-10.886 Z78.181 E437.06695
G1 X-12.551 Y-10.865 Z78.185 E437.31686
G1 X-11.606 Y-10.743 Z78.191 E437.76496
G1 X-8.009 Y-10.003 Z78.218 E439.49197
G1 X-7.22 Y-9.901 Z78.224 E439.86611
G1 X-6.202 Y-10.009 Z78.231 E440.34753
G1 X-5.209 Y-10.718 Z78.24 E440.92134
G1 X-4.752 Y-11.781 Z78.248 E441.46548
G1 X-4.599 Y-12.819 Z78.256 E441.9589
G1 X-4.47 Y-15.034 Z78.272 E443.00233
G1 X-4.34 Y-16.015 Z78.279 E443.4677
G1 X-4.205 Y-16.528 Z78.282 E443.71716
G1 X-3.76 Y-16.172 Z78.287 E443.98517
G1 X-3.05 Y-15.491 Z78.294 E444.44782
G1 X-.619 Y-12.783 Z78.32 E446.1592
G1 X-0.037 Y-12.229 Z78.326 E446.53708
G1 X0.861 Y-11.711 Z78.333 E447.02461
G1 X2.093 Y-11.712 Z78.342 E447.60399
G1 X3.086 Y-12.314 Z78.35 E448.15009
G1 X3.815 Y-13.072 Z78.358 E448.64466
G1 X5.211 Y-14.799 Z78.374 E449.68899
G1 X5.894 Y-15.533 Z78.381 E450.16049
G1 X6.316 Y-15.88 Z78.385 E450.41743
G1 X6.47 Y-15.304 Z78.389 E450.69782
G1 X6.63 Y-14.342 Z78.396 E451.15644
G1 X6.988 Y-10.702 Z78.423 E452.87651
G1 X7.13 Y-9.907 Z78.428 E453.25629
G1 X7.559 Y-8.944 Z78.436 E453.75207
G1 X8.574 Y-8.221 Z78.445 E454.33812
G1 X9.736 Y-8.138 Z78.453 E454.88597
G1 X10.771 Y-8.332 Z78.461 E455.38119
G1 X12.91 Y-8.923 Z78.477 E456.4248
G1 X13.893 Y-9.128 Z78.484 E456.89702
G1 X14.468 Y-9.165 Z78.488 E457.16799
G1 X14.237 Y-8.577 Z78.493 E457.46509
G1 X13.779 Y-7.691 Z78.5 E457.93413
;TIME_ELAPSED:517.475550
;LAYER:78
;note -- min layer time used
;TYPE:WALL-OUTER
;MESH:wavy.stl
G1 F1785.3 X12.61 Y-5.717 Z78.515 E459.01302
G1 X11.871 Y-4.448 Z78.525 E459.70362
G1 X11.533 Y-3.655 Z78.531 E460.10901
G1 X11.428 Y-2.558 Z78.538 E460.62726
G1 X11.981 Y-1.42 Z78.547 E461.22227
G1 X12.924 Y-.738 Z78.555 E461.76957
G1 X13.972 Y-.283 Z78.562 E462.30686
G1 X15.087 Y0.127 Z78.57 E462.86554
G1 X16.201 Y0.573 Z78.579 E463.42985
G1 X17.097 Y1.053 Z78.585 E463.90787
G1 X17.143 Y1.082 Z78.586 E463.93345
G1 X16.795 Y1.298 Z78.589 E464.12607
G1 X16.003 Y1.718 Z78.595 E464.54766
G1 X13.812 Y2.669 Z78.611 E465.6709
G1 X12.204 Y3.373 Z78.622 E466.4964
G1 X11.471 Y3.813 Z78.628 E466.89845
G1 X10.741 Y4.644 Z78.636 E467.41862
G1 X10.528 Y5.893 Z78.644 E468.01447
G1 X10.898 Y6.997 Z78.652 E468.56204
G1 X11.471 Y7.959 Z78.659 E469.08861
G1 X12.147 Y8.958 Z78.668 E469.65587
G1 X12.796 Y9.977 Z78.676 E470.22402
G1 X13.246 Y10.886 Z78.682 E470.70101
G1 X13.282 Y10.975 Z78.683 E470.74616
G1 X12.823 Y10.938 Z78.686 E470.96272
G1 X11.942 Y10.804 Z78.692 E471.3818
G1 X9.662 Y10.284 Z78.708 E472.48155
G1 X8.075 Y9.92 Z78.719 E473.24726
G1 X7.037 Y9.818 Z78.726 E473.73776
G1 X5.955 Y10.063 Z78.733 E474.25947
G1 X5.056 Y10.956 Z78.742 E474.85538
G1 X4.714 Y12.066 Z78.75 E475.4016
G1 X4.618 Y13.18 Z78.757 E475.92743
G1 X4.583 Y14.364 Z78.765 E476.48448
G1 X4.518 Y15.584 Z78.773 E477.05902
G1 X4.354 Y16.606 Z78.78 E477.54579
G1 X4.322 Y16.734 Z78.781 E477.60784
G1 X3.937 Y16.399 Z78.785 E477.84784
G1 X3.298 Y15.755 Z78.791 E478.27449
G1 X1.559 Y13.741 Z78.809 E479.52584
G1 X0.574 Y12.633 Z78.819 E480.22303
G1 X-0.076 Y12.07 Z78.824 E480.62743
G1 X-1.103 Y11.633 Z78.832 E481.15231
G1 X-2.35 Y11.836 Z78.84 E481.74646
G1 X-3.274 Y12.537 Z78.848 E482.29189
G1 X-4.002 Y13.386 Z78.856 E482.81784
G1 X-4.736 Y14.347 Z78.864 E483.38652
G1 X-5.493 Y15.289 Z78.872 E483.95483
G1 X-6.211 Y16.019 Z78.879 E484.43636
G1 X-6.348 Y16.133 Z78.88 E484.52018
G1 X-6.471 Y15.581 Z78.884 E484.78613
G1 X-6.597 Y14.704 Z78.89 E485.2028
G1 X-6.806 Y12.033 Z78.908 E486.46274
G1 X-6.95 Y10.556 Z78.918 E487.16063
G1 X-7.145 Y9.718 Z78.924 E487.56525
G1 X-7.722 Y8.758 Z78.931 E488.09198
G1 X-8.857 Y8.195 Z78.94 E488.68781
G1 X-10.017 Y8.228 Z78.947 E489.23354
G1 X-11.101 Y8.49 Z78.955 E489.758
G1 X-12.272 Y8.846 Z78.963 E490.33358
G1 X-13.419 Y9.165 Z78.971 E490.89346
G1 X-14.452 Y9.348 Z78.978 E491.38681
G1 X-14.656 Y9.361 Z78.98 E491.48295
G1 X-14.409 Y8.8 Z78.984 E491.77121
G1 X-13.978 Y8.002 Z78.99 E492.19773
G1 X-12.572 Y5.739 Z79.008 E493.45064
G1 X-11.824 Y4.47 Z79.018 E494.14337
G1 X-11.483 Y3.665 Z79.023 E494.55451
G1 X-11.386 Y2.543 Z79.031 E495.08412
G1 X-11.985 Y1.424 Z79.04 E495.68101
G1 X-12.943 Y0.777 Z79.047 E496.22466
G1 X-13.998 Y0.35 Z79.055 E496.75989
G1 X-15.122 Y-0.033 Z79.063 E497.31833
G1 X-16.257 Y-.448 Z79.071 E497.88665
G1 X-17.198 Y-.894 Z79.078 E498.37637
G1 X-17.414 Y-1.032 Z79.08 E498.49691
G1 X-16.837 Y-1.365 Z79.084 E498.8102
G1 X-16.017 Y-1.748 Z79.09 E499.23582
G1 X-13.796 Y-2.632 Z79.106 E500.35999
G1 X-12.18 Y-3.329 Z79.118 E501.18763
G1 X-11.438 Y-3.777 Z79.124 E501.59524
G1 X-10.698 Y-4.631 Z79.132 E502.12666
G1 X-10.533 Y-5.892 Z79.14 E502.72473
G1 X-10.936 Y-6.976 Z79.148 E503.26859
G1 X-11.53 Y-7.92 Z79.155 E503.79311
G1 X-12.246 Y-8.925 Z79.164 E504.37341
G1 X-12.915 Y-9.909 Z79.172 E504.93298
G1 X-13.421 Y-10.817 Z79.179 E505.42182
G1 X-13.53 Y-11.095 Z79.181 E505.56225
G1 X-12.818 Y-11.016 Z79.186 E505.89914
G1 X-11.936 Y-10.837 Z79.192 E506.32238
G1 X-9.67 Y-10.246 Z79.207 E507.42366
G1 X-8.087 Y-9.863 Z79.218 E508.18959
G1 X-7.032 Y-9.769 Z79.225 E508.68769
G1 X-5.927 Y-10.027 Z79.233 E509.22132
G1 X-5.061 Y-10.958 Z79.242 E509.81928
G1 X-4.757 Y-12.071 Z79.249 E510.36187
G1 X-4.688 Y-13.183 Z79.257 E510.88582
G1 X-4.683 Y-14.369 Z79.265 E511.44357
G1 X-4.653 Y-15.599 Z79.273 E512.02218
G1 X-4.536 Y-16.653 Z79.28 E512.52089
G1 X-4.452 Y-16.977 Z79.282 E512.6783
G1 X-3.887 Y-16.46 Z79.288 E513.03846
G1 X-3.275 Y-15.777 Z79.294 E513.46973
G1 X-1.592 Y-13.712 Z79.312 E514.72253
G1 X-.61 Y-12.596 Z79.322 E515.42161
G1 X0.051 Y-12.025 Z79.328 E515.83238
G1 X1.104 Y-11.587 Z79.335 E516.36871
G1 X2.348 Y-11.841 Z79.344 E516.9658
G1 X3.242 Y-12.567 Z79.351 E517.5074
G1 X3.947 Y-13.43 Z79.359 E518.03145
G1 X4.658 Y-14.409 Z79.367 E518.60046
G1 X5.392 Y-15.382 Z79.375 E519.17363
G1 X6.091 Y-16.165 Z79.382 E519.66724
G1 X6.386 Y-16.407 Z79.385 E519.84668
G1 X6.547 Y-15.601 Z79.39 E520.2332
G1 X6.63 Y-14.709 Z79.396 E520.6545
G1 X6.763 Y-12.029 Z79.415 E521.91639
G1 X6.9 Y-10.547 Z79.425 E522.61631
G1 X7.099 Y-9.697 Z79.43 E523.02685
G1 X7.697 Y-8.721 Z79.438 E523.56514
G1 X8.858 Y-8.2 Z79.447 E524.16359
G1 X10.009 Y-8.271 Z79.454 E524.7059
G1 X11.082 Y-8.559 Z79.462 E525.22837
G1 X12.246 Y-8.942 Z79.47 E525.80464
G1 X13.391 Y-9.299 Z79.478 E526.36867
G1 X14.432 Y-9.535 Z79.485 E526.87064
G1 X14.847 Y-9.56 Z79.488 E527.06616
G1 X14.482 Y-8.771 Z79.494 E527.47499
G1 X14.017 Y-8.001 Z79.5 E527.89801
;TIME_ELAPSED:522.509860
;LAYER:79
;note -- min layer time used
;TYPE:WALL-OUTER
;MESH:wavy.stl
G1 F1900 X12.76 Y-6.101 Z79.514 E528.96937
G1 X12.176 Y-5.155 Z79.521 E529.49219
G1 X11.765 Y-4.449 Z79.527 E529.87637
G1 X11.428 Y-3.51 Z79.533 E530.34553
G1 X11.547 Y-2.199 Z79.541 E530.96459
G1 X12.423 Y-1.165 Z79.55 E531.6019
G1 X13.477 Y-.63 Z79.557 E532.15777
G1 X14.602 Y-.241 Z79.565 E532.71756
G1 X15.819 Y0.156 Z79.573 E533.31957
G1 X16.984 Y0.604 Z79.581 E533.90655
G1 X17.675 Y0.969 Z79.586 E534.27406
G1 X17.696 Y0.983 E534.28593
G1 X17.674 Y0.999 E534.29872
G1 X16.896 Y1.425 Z79.592 E534.71585
G1 X13.901 Y2.566 Z79.612 E536.22307
G1 X12.882 Y2.993 Z79.619 E536.74265
G1 X12.137 Y3.324 Z79.624 E537.12602
G1 X11.319 Y3.887 Z79.63 E537.59301
G1 X10.653 Y5.012 Z79.638 E538.20783
G1 X10.756 Y6.351 Z79.647 E538.83939
G1 X11.293 Y7.399 Z79.654 E539.39316
G1 X11.977 Y8.375 Z79.662 E539.95365
G1 X12.733 Y9.41 Z79.67 E540.5564
G1 X13.409 Y10.44 Z79.678 E541.13578
G1 X13.781 Y11.178 Z79.683 E541.52444
G1 X13.799 Y11.228 E541.54943
G1 X13.738 Y11.226 Z79.684 E541.57814
G1 X13.139 Y11.144 Z79.688 E541.86246
G1 X12.163 Y10.939 Z79.694 E542.33146
G1 X9.716 Y10.247 Z79.71 E543.52735
G1 X8.666 Y9.986 Z79.717 E544.03616
G1 X7.865 Y9.831 Z79.722 E544.41984
G1 X6.875 Y9.81 Z79.728 E544.88551
G1 X5.687 Y10.329 Z79.736 E545.49519
G1 X4.993 Y11.467 Z79.745 E546.12203
G1 X4.813 Y12.625 Z79.752 E546.67314
G1 X4.794 Y13.815 Z79.76 E547.23284
G1 X4.803 Y15.067 Z79.768 E547.82164
G1 X4.749 Y16.343 Z79.776 E548.42224
G1 X4.62 Y17.177 Z79.781 E548.81911
G1 X4.597 Y17.255 E548.85735
G1 X4.521 Y17.197 Z79.782 E548.90232
G1 X3.844 Y16.54 Z79.788 E549.34597
G1 X1.851 Y14.031 Z79.808 E550.85283
G1 X1.128 Y13.18 Z79.815 E551.37797
G1 X0.576 Y12.581 Z79.82 E551.76103
G1 X-.209 Y11.991 Z79.827 E552.22284
G1 X-1.467 Y11.715 Z79.835 E552.82852
G1 X-2.688 Y12.229 Z79.843 E553.45152
G1 X-3.509 Y13.058 Z79.851 E554.00021
G1 X-4.22 Y14.008 Z79.858 E554.55824
G1 X-4.964 Y15.054 Z79.866 E555.16188
G1 X-5.743 Y16.045 Z79.874 E555.75468
G1 X-6.346 Y16.663 Z79.88 E556.16073
G1 X-6.434 Y16.73 E556.21274
G1 X-6.471 Y16.608 Z79.881 E556.2727
G1 X-6.632 Y15.637 Z79.887 E556.73557
G1 X-6.755 Y12.441 Z79.907 E558.23967
G1 X-6.839 Y11.327 Z79.915 E558.76505
G1 X-6.936 Y10.522 Z79.92 E559.14636
G1 X-7.228 Y9.584 Z79.926 E559.60835
G1 X-8.082 Y8.634 Z79.934 E560.20909
G1 X-9.36 Y8.337 Z79.942 E560.82611
G1 X-10.508 Y8.526 Z79.95 E561.37326
G1 X-11.64 Y8.879 Z79.957 E561.93089
G1 X-12.856 Y9.291 Z79.965 E562.53467
G1 X-14.056 Y9.638 Z79.973 E563.12212
G1 X-14.95 Y9.799 Z79.979 E563.54931
G1 X-15.087 Y9.802 Z79.98 E563.61375
G1 X-15.033 Y9.649 Z79.981 E563.69005
G1 X-14.712 Y9.02 Z79.985 E564.02215
G1 X-14.194 Y8.163 Z79.991 E564.49307
G1 X-12.779 Y6.089 Z80.007 E565.6738
G1 X-12.194 Y5.143 Z80.014 E566.19687
G1 X-11.804 Y4.433 Z80.019 E566.57782
G1 X-11.495 Y3.504 Z80.026 E567.03823
G1 X-11.627 Y2.245 Z80.034 E567.63355
G1 X-12.485 Y1.263 Z80.042 E568.2468
G1 X-13.521 Y0.746 Z80.049 E568.7913
G1 X-14.643 Y0.368 Z80.057 E569.34809
G1 X-15.868 Y-0.01 Z80.065 E569.95098
G1 X-17.058 Y-.432 Z80.073 E570.54475
G1 X-17.899 Y-.833 Z80.079 E570.98291
G1 X-18.036 Y-.928 Z80.08 E571.06131
G1 X-17.878 Y-1.037 Z80.081 E571.15158
G1 X-16.941 Y-1.508 Z80.088 E571.64476
G1 X-13.909 Y-2.589 Z80.108 E573.15854
G1 X-12.889 Y-3.012 Z80.115 E573.67783
G1 X-12.159 Y-3.361 Z80.12 E574.05835
G1 X-11.371 Y-3.931 Z80.126 E574.51571
G1 X-10.744 Y-5.021 Z80.134 E575.10707
G1 X-10.865 Y-6.308 Z80.142 E575.71498
G1 X-11.397 Y-7.332 Z80.149 E576.25765
G1 X-12.085 Y-8.295 Z80.157 E576.81422
G1 X-12.859 Y-9.32 Z80.165 E577.41825
G1 X-13.574 Y-10.351 Z80.173 E578.00828
G1 X-14.044 Y-11.199 Z80.179 E578.46423
G1 X-14.108 Y-11.383 Z80.18 E578.55584
G1 X-13.881 Y-11.377 Z80.182 E578.66264
G1 X-13.126 Y-11.248 Z80.187 E579.02284
G1 X-12.147 Y-11.003 Z80.193 E579.49743
G1 X-9.709 Y-10.271 Z80.209 E580.69452
G1 X-8.659 Y-10.013 Z80.216 E581.203
G1 X-7.861 Y-9.874 Z80.221 E581.58393
G1 X-6.891 Y-9.876 Z80.227 E582.04009
G1 X-5.755 Y-10.391 Z80.235 E582.62666
G1 X-5.106 Y-11.496 Z80.243 E583.22931
G1 X-4.936 Y-12.632 Z80.25 E583.76949
G1 X-4.928 Y-13.814 Z80.258 E584.32536
G1 X-4.956 Y-15.069 Z80.266 E584.9157
G1 X-4.935 Y-16.36 Z80.274 E585.52291
G1 X-4.819 Y-17.349 Z80.28 E585.9912
G1 X-4.755 Y-17.562 Z80.282 E586.09579
G1 X-4.546 Y-17.402 Z80.283 E586.21957
G1 X-3.778 Y-16.608 Z80.29 E586.73906
G1 X-1.834 Y-14.044 Z80.311 E588.25223
G1 X-1.112 Y-13.193 Z80.318 E588.77706
G1 X-.548 Y-12.614 Z80.323 E589.15718
G1 X0.235 Y-12.053 Z80.329 E589.61016
G1 X1.448 Y-11.805 Z80.337 E590.19241
G1 X2.613 Y-12.319 Z80.345 E590.79123
G1 X3.414 Y-13.136 Z80.352 E591.32929
G1 X4.112 Y-14.087 Z80.359 E591.88406
G1 X4.842 Y-15.145 Z80.367 E592.48855
G1 X5.603 Y-16.168 Z80.376 E593.08815
G1 X6.284 Y-16.917 Z80.382 E593.56421
G1 X6.487 Y-17.071 Z80.384 E593.68404
G1 X6.571 Y-16.79 Z80.385 E593.82196
G1 X6.724 Y-15.652 Z80.393 E594.36195
G1 X6.776 Y-12.442 Z80.413 E595.87173
G1 X6.861 Y-11.329 Z80.42 E596.39666
G1 X6.979 Y-10.532 Z80.425 E596.77556
G1 X7.285 Y-9.619 Z80.431 E597.22839
G1 X8.12 Y-8.718 Z80.439 E597.80609
G1 X9.353 Y-8.454 Z80.447 E598.39908
G1 X10.476 Y-8.645 Z80.454 E598.93478
G1 X11.598 Y-9.006 Z80.461 E599.48906
G1 X12.811 Y-9.438 Z80.47 E600.0946
G1 X14.015 Y-9.82 Z80.478 E600.68863
G1 X15.053 Y-10.041 Z80.484 E601.18771
G1 X15.33 Y-10.046 Z80.486 E601.318
G1 X15.22 Y-9.736 Z80.488 E601.47269
G1 X14.807 Y-8.976 Z80.494 E601.87946
G1 X14.251 Y-8.128 Z80.5 E602.35633
;TIME_ELAPSED:527.547317
;LAYER:80
;note -- min layer time used
;TYPE:WALL-OUTER
;MESH:wavy.stl
G1 F1987 X12.925 Y-6.255 Z80.514 E603.43554
G1 X12.297 Y-5.262 Z80.521 E603.98807
G1 X11.882 Y-4.482 Z80.526 E604.40357
G1 X11.598 Y-3.263 Z80.534 E604.99218
G1 X12.101 Y-1.867 Z80.543 E605.69
G1 X13.181 Y-1.056 Z80.551 E606.32515
G1 X14.294 Y-.626 Z80.558 E606.88627
G1 X16.728 Y0.129 Z80.574 E608.08471
G1 X17.864 Y0.584 Z80.581 E608.6602
G1 X18.365 Y0.863 Z80.584 E608.92988
G1 X18.378 Y0.873 Z80.585 E608.9376
G1 X18.335 Y0.902 E608.96199
G1 X17.568 Y1.317 Z80.59 E609.37211
G1 X16.622 Y1.711 Z80.596 E609.85403
G1 X14.143 Y2.549 Z80.612 E611.08464
G1 X13.048 Y2.99 Z80.619 E611.63978
G1 X12.259 Y3.386 Z80.625 E612.05494
G1 X11.335 Y4.199 Z80.632 E612.63373
G1 X10.929 Y5.598 Z80.641 E613.31878
G1 X11.318 Y6.874 Z80.649 E613.94612
G1 X11.962 Y7.877 Z80.656 E614.50666
G1 X13.491 Y9.919 Z80.671 E615.70632
G1 X14.143 Y10.944 Z80.679 E616.27761
G1 X14.411 Y11.508 Z80.683 E616.57126
G1 X14.42 Y11.542 E616.5878
G1 X14.306 Y11.537 E616.64147
G1 X13.439 Y11.415 Z80.689 E617.05321
G1 X12.442 Y11.163 Z80.695 E617.53682
G1 X9.937 Y10.39 Z80.711 E618.76966
G1 X8.793 Y10.109 Z80.718 E619.32365
G1 X7.925 Y9.973 Z80.723 E619.73682
G1 X6.719 Y10.093 Z80.731 E620.30677
G1 X5.59 Y10.976 Z80.739 E620.98081
G1 X5.156 Y12.218 Z80.747 E621.59952
G1 X5.085 Y13.4 Z80.754 E622.15638
G1 X5.12 Y15.146 Z80.765 E622.97765
G1 X5.124 Y15.952 Z80.77 E623.35669
G1 X5.054 Y17.166 Z80.777 E623.92855
G1 X4.936 Y17.827 Z80.781 E624.24431
G1 X4.915 Y17.879 E624.27069
G1 X4.779 Y17.767 Z80.782 E624.35354
G1 X4.15 Y17.151 Z80.788 E624.76757
G1 X3.468 Y16.339 Z80.794 E625.26625
G1 X1.914 Y14.243 Z80.81 E626.4933
G1 X1.156 Y13.358 Z80.817 E627.04128
G1 X0.529 Y12.745 Z80.822 E627.45365
G1 X-.506 Y12.153 Z80.83 E628.01438
G1 X-1.914 Y12.203 Z80.838 E628.67694
G1 X-2.985 Y12.943 Z80.846 E629.28913
G1 X-3.736 Y13.851 Z80.853 E629.84327
G1 X-5.196 Y15.931 Z80.868 E631.03835
G1 X-5.971 Y16.89 Z80.876 E631.6182
G1 X-6.483 Y17.387 Z80.88 E631.95377
G1 X-6.544 Y17.426 Z80.881 E631.98782
G1 X-6.606 Y17.194 Z80.882 E632.10075
G1 X-6.747 Y16.308 Z80.887 E632.52265
G1 X-6.815 Y15.281 Z80.894 E633.00668
G1 X-6.84 Y12.654 Z80.909 E634.24214
G1 X-6.937 Y11.49 Z80.917 E634.79144
G1 X-7.091 Y10.626 Z80.922 E635.20416
G1 X-7.581 Y9.56 Z80.929 E635.75589
G1 X-8.729 Y8.791 Z80.937 E636.40569
G1 X-10.016 Y8.756 Z80.945 E637.01116
G1 X-11.154 Y9.046 Z80.952 E637.56343
G1 X-13.561 Y9.874 Z80.968 E638.76048
G1 X-14.754 Y10.198 Z80.975 E639.34184
G1 X-15.494 Y10.309 Z80.979 E639.69373
G1 X-15.589 Y10.303 Z80.98 E639.7385
G1 X-15.479 Y10.021 Z80.982 E639.88085
G1 X-15.065 Y9.22 Z80.987 E640.30487
G1 X-14.514 Y8.365 Z80.993 E640.78322
G1 X-12.986 Y6.211 Z81.009 E642.02517
G1 X-12.383 Y5.208 Z81.017 E642.57554
G1 X-12.007 Y4.417 Z81.022 E642.98741
G1 X-11.791 Y3.286 Z81.029 E643.5289
G1 X-12.26 Y2.01 Z81.037 E644.16822
G1 X-13.268 Y1.232 Z81.045 E644.76703
G1 X-14.351 Y0.797 Z81.052 E645.31588
G1 X-16.789 Y0.053 Z81.067 E646.51461
G1 X-17.953 Y-.383 Z81.075 E647.09914
G1 X-18.653 Y-.743 Z81.079 E647.46932
G1 X-18.742 Y-.817 Z81.08 E647.52375
G1 X-18.434 Y-1.015 Z81.082 E647.69594
G1 X-17.615 Y-1.418 Z81.088 E648.1252
G1 X-16.649 Y-1.791 Z81.094 E648.61217
G1 X-14.168 Y-2.621 Z81.11 E649.84248
G1 X-13.087 Y-3.085 Z81.117 E650.39569
G1 X-12.322 Y-3.511 Z81.122 E650.80747
G1 X-11.503 Y-4.294 Z81.129 E651.34032
G1 X-11.143 Y-5.576 Z81.137 E651.96653
G1 X-11.492 Y-6.784 Z81.145 E652.55785
G1 X-12.108 Y-7.772 Z81.152 E653.10539
G1 X-13.647 Y-9.807 Z81.167 E654.30525
G1 X-14.333 Y-10.834 Z81.175 E654.88606
G1 X-14.715 Y-11.583 Z81.18 E655.28146
G1 X-14.748 Y-11.711 E655.34362
G1 X-14.32 Y-11.687 Z81.183 E655.54522
G1 X-13.419 Y-11.523 Z81.189 E655.9759
G1 X-12.418 Y-11.25 Z81.195 E656.46383
G1 X-9.915 Y-10.462 Z81.211 E657.69788
G1 X-8.769 Y-10.207 Z81.218 E658.24999
G1 X-7.902 Y-10.111 Z81.223 E658.66021
G1 X-6.8 Y-10.269 Z81.23 E659.18375
G1 X-5.775 Y-11.084 Z81.238 E659.79958
G1 X-5.349 Y-12.247 Z81.245 E660.38204
G1 X-5.265 Y-13.401 Z81.252 E660.92617
G1 X-5.298 Y-15.147 Z81.263 E661.74742
G1 X-5.316 Y-15.953 Z81.268 E662.12655
G1 X-5.272 Y-17.19 Z81.275 E662.70865
G1 X-5.138 Y-18.065 Z81.28 E663.12493
G1 X-5.081 Y-18.207 Z81.281 E663.19689
G1 X-4.703 Y-17.897 Z81.284 E663.42679
G1 X-4.07 Y-17.227 Z81.29 E663.86025
G1 X-3.4 Y-16.389 Z81.296 E664.36481
G1 X-1.853 Y-14.288 Z81.312 E665.5918
G1 X-1.078 Y-13.424 Z81.319 E666.13763
G1 X-.429 Y-12.844 Z81.324 E666.54695
G1 X0.544 Y-12.342 Z81.331 E667.06184
G1 X1.828 Y-12.399 Z81.339 E667.66626
G1 X2.845 Y-13.081 Z81.346 E668.24211
G1 X3.591 Y-13.958 Z81.353 E668.78357
G1 X5.041 Y-16.045 Z81.368 E669.97866
G1 X5.81 Y-17.036 Z81.376 E670.56856
G1 X6.461 Y-17.699 Z81.382 E671.00552
G1 X6.603 Y-17.79 Z81.383 E671.08484
G1 X6.744 Y-17.254 Z81.386 E671.34548
G1 X6.857 Y-16.322 Z81.392 E671.78698
G1 X6.9 Y-15.282 Z81.398 E672.27648
G1 X6.915 Y-12.655 Z81.414 E673.51191
G1 X7.038 Y-11.498 Z81.421 E674.05908
G1 X7.23 Y-10.647 Z81.426 E674.46934
G1 X7.724 Y-9.693 Z81.433 E674.97456
G1 X8.774 Y-9 Z81.44 E675.5662
G1 X9.983 Y-8.95 Z81.447 E676.13524
G1 X11.099 Y-9.218 Z81.454 E676.67499
G1 X13.503 Y-10.058 Z81.47 E677.87256
G1 X14.709 Y-10.413 Z81.477 E678.46376
G1 X15.657 Y-10.574 Z81.483 E678.91597
G1 X15.851 Y-10.563 Z81.484 E679.00734
G1 X15.626 Y-9.988 Z81.488 E679.29772
G1 X15.162 Y-9.167 Z81.494 E679.74121
G1 X14.589 Y-8.315 Z81.5 E680.22406
;TIME_ELAPSED:532.592045
;LAYER:81
;note -- min layer time used
;TYPE:WALL-OUTER
;MESH:wavy.stl
G1 F2031.9 X13.703 Y-7.078 Z81.509 E680.93961
G1 X13.029 Y-6.129 Z81.516 E681.48701
G1 X12.592 Y-5.363 Z81.521 E681.90173
G1 X12.187 Y-4.467 Z81.527 E682.36414
G1 X12.131 Y-2.939 Z81.536 E683.0832
G1 X13.009 Y-1.691 Z81.545 E683.80079
G1 X14.146 Y-1.082 Z81.553 E684.40736
G1 X15.279 Y-.708 Z81.56 E684.96846
G1 X17.675 Y0.056 Z81.574 E686.15112
G1 X18.686 Y0.501 Z81.581 E686.67059
G1 X19.089 Y0.751 Z81.584 E686.89361
G1 X19.096 Y0.759 E686.89861
G1 X19.086 Y0.77 E686.9056
G1 X18.795 Y0.956 Z81.586 E687.06802
G1 X17.953 Y1.385 Z81.592 E687.51242
G1 X17.007 Y1.756 Z81.598 E687.99029
G1 X15.241 Y2.354 Z81.609 E688.86711
G1 X14.155 Y2.729 Z81.615 E689.40741
G1 X13.354 Y3.096 Z81.621 E689.82176
G1 X12.51 Y3.593 Z81.626 E690.28237
G1 X11.602 Y4.772 Z81.635 E690.9822
G1 X11.575 Y6.261 Z81.644 E691.68255
G1 X12.122 Y7.414 Z81.651 E692.28269
G1 X12.813 Y8.385 Z81.658 E692.84315
G1 X13.561 Y9.372 Z81.666 E693.42555
G1 X14.299 Y10.406 Z81.673 E694.02296
G1 X14.867 Y11.376 Z81.68 E694.55157
G1 X15.059 Y11.841 Z81.683 E694.78816
G1 X15.062 Y11.864 E694.79907
G1 X15.029 Y11.87 E694.81484
G1 X14.636 Y11.848 Z81.686 E694.99995
G1 X13.718 Y11.698 Z81.691 E695.43738
G1 X12.704 Y11.432 Z81.697 E695.93037
G1 X10.752 Y10.826 Z81.709 E696.89156
G1 X9.843 Y10.556 Z81.715 E697.3375
G1 X8.975 Y10.389 Z81.72 E697.75318
G1 X8.005 Y10.31 Z81.726 E698.21086
G1 X6.621 Y10.728 Z81.734 E698.89075
G1 X5.74 Y11.892 Z81.743 E699.57726
G1 X5.5 Y13.128 Z81.75 E700.16937
G1 X5.48 Y14.312 Z81.757 E700.72625
G1 X5.504 Y15.555 Z81.765 E701.31091
G1 X5.497 Y16.827 Z81.772 E701.90911
G1 X5.39 Y17.944 Z81.779 E702.4368
G1 X5.262 Y18.475 Z81.782 E702.69367
G1 X5.245 Y18.507 E702.71071
G1 X5.197 Y18.484 Z81.783 E702.73575
G1 X4.862 Y18.209 Z81.785 E702.93957
G1 X4.211 Y17.546 Z81.791 E703.37654
G1 X3.504 Y16.679 Z81.797 E703.90264
G1 X2.44 Y15.253 Z81.808 E704.73935
G1 X1.736 Y14.343 Z81.815 E705.28041
G1 X1.128 Y13.703 Z81.82 E705.69555
G1 X0.383 Y13.084 Z81.826 E706.15106
G1 X-.948 Y12.633 Z81.834 E706.81194
G1 X-2.313 Y13.043 Z81.842 E707.4822
G1 X-3.23 Y13.885 Z81.85 E708.06765
G1 X-3.945 Y14.829 Z81.857 E708.62456
G1 X-4.652 Y15.841 Z81.864 E709.20511
G1 X-5.418 Y16.878 Z81.872 E709.8114
G1 X-6.154 Y17.717 Z81.878 E710.33626
G1 X-6.598 Y18.1 Z81.882 E710.61201
G1 X-6.641 Y18.121 E710.63451
G1 X-6.675 Y18.057 E710.66859
G1 X-6.795 Y17.596 Z81.885 E710.89261
G1 X-6.931 Y16.665 Z81.891 E711.33508
G1 X-6.988 Y15.632 Z81.897 E711.82161
G1 X-7.021 Y13.569 Z81.909 E712.79191
G1 X-7.057 Y12.627 Z81.915 E713.23523
G1 X-7.178 Y11.754 Z81.92 E713.6497
G1 X-7.429 Y10.82 Z81.925 E714.10452
G1 X-8.227 Y9.718 Z81.934 E714.74437
G1 X-9.539 Y9.253 Z81.942 E715.39897
G1 X-10.763 Y9.384 Z81.949 E715.97787
G1 X-11.891 Y9.72 Z81.956 E716.53137
G1 X-13.078 Y10.128 Z81.963 E717.12164
G1 X-14.284 Y10.511 Z81.971 E717.7167
G1 X-15.381 Y10.763 Z81.977 E718.24602
G1 X-16.008 Y10.816 Z81.981 E718.54194
G1 X-16.068 Y10.806 Z81.982 E718.57055
G1 X-16.055 Y10.716 E718.61331
G1 X-15.865 Y10.233 Z81.985 E718.85739
G1 X-15.424 Y9.401 Z81.991 E719.30023
G1 X-14.82 Y8.47 Z81.997 E719.82212
G1 X-13.792 Y7.013 Z82.008 E720.66068
G1 X-13.159 Y6.054 Z82.015 E721.20106
G1 X-12.747 Y5.274 Z82.02 E721.6159
G1 X-12.416 Y4.369 Z82.026 E722.06907
G1 X-12.425 Y3.049 Z82.033 E722.68984
G1 X-13.195 Y1.924 Z82.041 E723.33095
G1 X-14.243 Y1.312 Z82.049 E723.90168
G1 X-15.343 Y0.918 Z82.055 E724.45116
G1 X-17.749 Y0.149 Z82.07 E725.63902
G1 X-18.791 Y-.291 Z82.077 E726.17095
G1 X-19.362 Y-.635 Z82.081 E726.48444
G1 X-19.414 Y-.689 E726.51969
G1 X-19.338 Y-.768 Z82.082 E726.57124
G1 X-18.866 Y-1.069 Z82.085 E726.83451
G1 X-18 Y-1.488 Z82.091 E727.28693
G1 X-17.043 Y-1.855 Z82.097 E727.76893
G1 X-15.275 Y-2.46 Z82.108 E728.64771
G1 X-14.216 Y-2.865 Z82.115 E729.1809
G1 X-13.426 Y-3.26 Z82.12 E729.59627
G1 X-12.639 Y-3.807 Z82.126 E730.04699
G1 X-11.905 Y-4.857 Z82.133 E730.64946
G1 X-11.863 Y-6.182 Z82.141 E731.27289
G1 X-12.336 Y-7.284 Z82.148 E731.83685
G1 X-12.988 Y-8.253 Z82.155 E732.38609
G1 X-13.742 Y-9.258 Z82.162 E732.97694
G1 X-14.478 Y-10.283 Z82.17 E733.57037
G1 X-15.077 Y-11.267 Z82.177 E734.11211
G1 X-15.35 Y-11.909 Z82.181 E734.44019
G1 X-15.362 Y-11.994 E734.48056
G1 X-15.234 Y-12.017 Z82.182 E734.54172
G1 X-14.628 Y-11.98 Z82.186 E734.82723
G1 X-13.695 Y-11.808 Z82.191 E735.27339
G1 X-12.675 Y-11.534 Z82.198 E735.77007
G1 X-10.715 Y-10.939 Z82.21 E736.73334
G1 X-9.812 Y-10.702 Z82.215 E737.17238
G1 X-8.938 Y-10.563 Z82.22 E737.58856
G1 X-7.984 Y-10.559 Z82.226 E738.03721
G1 X-6.818 Y-10.974 Z82.233 E738.61924
G1 X-6.019 Y-11.997 Z82.241 E739.22968
G1 X-5.75 Y-13.149 Z82.248 E739.786
G1 X-5.701 Y-14.309 Z82.255 E740.33201
G1 X-5.717 Y-15.549 Z82.262 E740.91519
G1 X-5.714 Y-16.834 Z82.27 E741.51949
G1 X-5.622 Y-17.979 Z82.277 E742.05969
G1 X-5.458 Y-18.7 Z82.281 E742.40742
G1 X-5.41 Y-18.789 Z82.282 E742.45497
G1 X-5.277 Y-18.723 E742.5248
G1 X-4.777 Y-18.311 Z82.286 E742.82947
G1 X-4.128 Y-17.622 Z82.292 E743.2746
G1 X-3.42 Y-16.743 Z82.298 E743.80538
G1 X-2.35 Y-15.318 Z82.309 E744.64341
G1 X-1.625 Y-14.444 Z82.316 E745.17744
G1 X-.995 Y-13.823 Z82.321 E745.59344
G1 X-.219 Y-13.272 Z82.327 E746.04101
G1 X0.934 Y-12.949 Z82.334 E746.60411
G1 X2.149 Y-13.292 Z82.341 E747.19782
G1 X3.041 Y-14.048 Z82.348 E747.7477
G1 X3.765 Y-14.955 Z82.355 E748.29346
G1 X4.479 Y-15.963 Z82.362 E748.87437
G1 X5.246 Y-17.011 Z82.37 E749.48511
G1 X5.986 Y-17.881 Z82.377 E750.02223
G1 X6.572 Y-18.398 Z82.381 E750.38973
G1 X6.673 Y-18.446 Z82.382 E750.44232
G1 X6.751 Y-18.297 Z82.383 E750.52141
G1 X6.924 Y-17.629 Z82.387 E750.84591
G1 X7.044 Y-16.677 Z82.393 E751.29716
G1 X7.093 Y-15.635 Z82.399 E751.78772
G1 X7.139 Y-13.569 Z82.411 E752.75954
G1 X7.207 Y-12.643 Z82.416 E753.19619
G1 X7.355 Y-11.773 Z82.422 E753.6112
G1 X7.672 Y-10.876 Z82.427 E754.0586
G1 X8.401 Y-9.981 Z82.434 E754.60145
G1 X9.552 Y-9.551 Z82.441 E755.17927
G1 X10.706 Y-9.627 Z82.448 E755.72314
G1 X11.819 Y-9.927 Z82.455 E756.26524
G1 X13.009 Y-10.328 Z82.462 E756.85578
G1 X14.223 Y-10.72 Z82.47 E757.45572
G1 X15.343 Y-10.995 Z82.477 E757.99807
G1 X16.162 Y-11.072 Z82.482 E758.38492
G1 X16.284 Y-11.049 E758.4433
G1 X16.258 Y-10.866 Z82.483 E758.53022
G1 X15.989 Y-10.184 Z82.488 E758.875
G1 X15.522 Y-9.346 Z82.493 E759.32615
G1 X14.907 Y-8.411 Z82.5 E759.85244
;TIME_ELAPSED:537.628385
;LAYER:82
;TYPE:WALL-OUTER
;MESH:wavy.stl
G1 F1980.2 X14.096 Y-7.254 Z82.505 E760.5169
G1 X13.477 Y-6.283 Z82.508 E761.05842
G1 X13.032 Y-5.442 Z82.512 E761.50587
G1 X12.691 Y-4.403 Z82.515 E762.02012
G1 X13.045 Y-2.677 Z82.521 E762.84869
G1 X14.108 Y-1.698 Z82.526 E763.52829
G1 X15.222 Y-1.205 Z82.53 E764.10117
G1 X16.323 Y-.837 Z82.534 E764.64709
G1 X17.46 Y-.47 Z82.538 E765.20895
G1 X18.508 Y-0.074 Z82.541 E765.7358
G1 X19.338 Y0.347 Z82.544 E766.17346
G1 X19.709 Y0.61 Z82.546 E766.38732
G1 X19.716 Y0.619 E766.39268
G1 X19.673 Y0.664 E766.42195
G1 X19.111 Y1.065 Z82.548 E766.74662
G1 X18.12 Y1.556 Z82.552 E767.26672
G1 X15.665 Y2.452 Z82.561 E768.49572
G1 X14.61 Y2.878 Z82.565 E769.03077
G1 X13.765 Y3.307 Z82.568 E769.47642
G1 X12.904 Y3.956 Z82.571 E769.98346
G1 X12.211 Y5.503 Z82.577 E770.78063
G1 X12.477 Y6.893 Z82.582 E771.44616
G1 X13.071 Y7.943 Z82.586 E772.01347
G1 X13.743 Y8.888 Z82.589 E772.55878
G1 X14.424 Y9.832 Z82.593 E773.10617
G1 X15.058 Y10.802 Z82.597 E773.65113
G1 X15.483 Y11.63 Z82.6 E774.0888
G1 X15.632 Y12.08 Z82.602 E774.31172
G1 X15.632 Y12.105 E774.32348
G1 X15.529 Y12.124 E774.37273
G1 X14.84 Y12.117 Z82.604 E774.69676
G1 X13.707 Y11.925 Z82.608 E775.23717
G1 X11.225 Y11.229 Z82.617 E776.4494
G1 X10.12 Y10.955 Z82.62 E776.98478
G1 X9.187 Y10.82 Z82.624 E777.42811
G1 X8.116 Y10.86 Z82.627 E777.93211
G1 X6.708 Y11.682 Z82.633 E778.69883
G1 X6.112 Y12.93 Z82.637 E779.34921
G1 X5.966 Y14.112 Z82.641 E779.90929
G1 X5.945 Y15.268 Z82.645 E780.45301
G1 X5.939 Y16.433 Z82.649 E781.00088
G1 X5.879 Y17.592 Z82.653 E781.54665
G1 X5.734 Y18.517 Z82.656 E781.98696
G1 X5.581 Y18.989 Z82.657 E782.22029
G1 X5.558 Y19.019 E782.23807
G1 X5.429 Y18.959 Z82.658 E782.30497
G1 X4.871 Y18.541 Z82.66 E782.63284
G1 X4.063 Y17.717 Z82.664 E783.17556
G1 X2.457 Y15.687 Z82.673 E784.39282
G1 X1.718 Y14.837 Z82.676 E784.9225
G1 X1.032 Y14.189 Z82.679 E785.36627
G1 X0.138 Y13.619 Z82.683 E785.86487
G1 X-1.416 Y13.472 Z82.688 E786.59893
G1 X-2.611 Y14.106 Z82.693 E787.23509
G1 X-3.425 Y14.96 Z82.696 E787.78991
G1 X-4.124 Y15.875 Z82.7 E788.33139
G1 X-4.817 Y16.81 Z82.704 E788.8787
G1 X-5.557 Y17.723 Z82.708 E789.43137
G1 X-6.215 Y18.384 Z82.711 E789.86998
G1 X-6.634 Y18.687 Z82.713 E790.11314
G1 X-6.683 Y18.701 E790.13711
G1 X-6.773 Y18.538 Z82.714 E790.22467
G1 X-6.979 Y17.867 Z82.716 E790.55475
G1 X-7.149 Y16.734 Z82.72 E791.09353
G1 X-7.269 Y14.124 Z82.728 E792.32222
G1 X-7.373 Y13.015 Z82.732 E792.84604
G1 X-7.559 Y12.097 Z82.735 E793.28651
G1 X-7.962 Y11.127 Z82.739 E793.78048
G1 X-9.094 Y10.145 Z82.744 E794.48521
G1 X-10.4 Y9.949 Z82.748 E795.10625
G1 X-11.548 Y10.147 Z82.752 E795.65409
G1 X-12.65 Y10.468 Z82.756 E796.19386
G1 X-13.78 Y10.819 Z82.759 E796.75031
G1 X-14.9 Y11.116 Z82.763 E797.29521
G1 X-15.833 Y11.265 Z82.766 E797.73953
G1 X-16.365 Y11.261 Z82.768 E797.98972
G1 X-16.428 Y11.239 E798.0211
G1 X-16.401 Y11.017 Z82.769 E798.12627
G1 X-16.167 Y10.344 Z82.771 E798.46134
G1 X-15.639 Y9.326 Z82.775 E799.00064
G1 X-14.221 Y7.166 Z82.784 E800.21574
G1 X-13.651 Y6.176 Z82.788 E800.75296
G1 X-13.275 Y5.322 Z82.791 E801.19177
G1 X-13.054 Y4.299 Z82.794 E801.68395
G1 X-13.391 Y2.905 Z82.799 E802.35838
G1 X-14.299 Y1.998 Z82.803 E802.96192
G1 X-15.328 Y1.477 Z82.807 E803.50432
G1 X-16.402 Y1.08 Z82.811 E804.04278
G1 X-17.532 Y0.694 Z82.815 E804.60433
G1 X-18.594 Y0.283 Z82.818 E805.13985
G1 X-19.453 Y-.155 Z82.822 E805.59329
G1 X-19.897 Y-.483 Z82.823 E805.85289
G1 X-19.942 Y-.55 Z82.824 E805.89084
G1 X-19.757 Y-.747 Z82.825 E806.01793
G1 X-19.168 Y-1.155 Z82.827 E806.35488
G1 X-18.167 Y-1.658 Z82.831 E806.88171
G1 X-15.714 Y-2.597 Z82.839 E808.1169
G1 X-14.687 Y-3.066 Z82.843 E808.64784
G1 X-13.891 Y-3.547 Z82.846 E809.08521
G1 X-13.136 Y-4.254 Z82.85 E809.57163
G1 X-12.624 Y-5.523 Z82.854 E810.21514
G1 X-12.809 Y-6.763 Z82.858 E810.80472
G1 X-13.317 Y-7.785 Z82.862 E811.34144
G1 X-13.947 Y-8.737 Z82.866 E811.87828
G1 X-14.62 Y-9.704 Z82.87 E812.43232
G1 X-15.25 Y-10.684 Z82.874 E812.9802
G1 X-15.689 Y-11.543 Z82.877 E813.43385
G1 X-15.858 Y-12.089 Z82.879 E813.70264
G1 X-15.856 Y-12.182 E813.74638
G1 X-15.549 Y-12.241 Z82.88 E813.8934
G1 X-14.833 Y-12.223 Z82.882 E814.23021
G1 X-13.685 Y-12.034 Z82.886 E814.77735
G1 X-11.182 Y-11.369 Z82.895 E815.99526
G1 X-10.072 Y-11.153 Z82.898 E816.52705
G1 X-9.148 Y-11.088 Z82.902 E816.96265
G1 X-8.129 Y-11.237 Z82.905 E817.44694
G1 X-7.03 Y-11.941 Z82.909 E818.06071
G1 X-6.457 Y-13.021 Z82.913 E818.63566
G1 X-6.256 Y-14.129 Z82.917 E819.16522
G1 X-6.199 Y-15.267 Z82.921 E819.70105
G1 X-6.173 Y-16.434 Z82.925 E820.24999
G1 X-6.105 Y-17.61 Z82.929 E820.80395
G1 X-5.953 Y-18.567 Z82.932 E821.25963
G1 X-5.759 Y-19.128 Z82.934 E821.53878
G1 X-5.694 Y-19.213 E821.5891
G1 X-5.376 Y-19.065 Z82.935 E821.75405
G1 X-4.802 Y-18.623 Z82.938 E822.09474
G1 X-3.98 Y-17.793 Z82.941 E822.64408
G1 X-2.335 Y-15.778 Z82.95 E823.86734
G1 X-1.562 Y-14.969 Z82.954 E824.39354
G1 X-.843 Y-14.384 Z82.957 E824.82944
G1 X0.074 Y-13.933 Z82.96 E825.31
G1 X1.308 Y-13.872 Z82.964 E825.89102
G1 X2.385 Y-14.383 Z82.968 E826.45161
G1 X3.199 Y-15.145 Z82.972 E826.97597
G1 X3.917 Y-16.023 Z82.976 E827.50934
G1 X4.628 Y-16.949 Z82.98 E828.05837
G1 X5.385 Y-17.869 Z82.983 E828.61864
G1 X6.067 Y-18.553 Z82.987 E829.07288
G1 X6.572 Y-18.904 Z82.989 E829.36209
G1 X6.688 Y-18.938 E829.41894
G1 X6.878 Y-18.593 Z82.99 E829.60416
G1 X7.083 Y-17.893 Z82.993 E829.94717
G1 X7.259 Y-16.747 Z82.997 E830.49242
G1 X7.419 Y-14.127 Z83.005 E831.72681
G1 X7.577 Y-13.031 Z83.009 E832.24755
G1 X7.827 Y-12.143 Z83.012 E832.68138
G1 X8.318 Y-11.256 Z83.015 E833.15815
G1 X9.241 Y-10.531 Z83.019 E833.7101
G1 X10.38 Y-10.306 Z83.023 E834.25608
G1 X11.474 Y-10.43 Z83.027 E834.77385
G1 X12.57 Y-10.708 Z83.031 E835.30558
G1 X13.709 Y-11.042 Z83.034 E835.86377
G1 X14.847 Y-11.336 Z83.038 E836.4165
G1 X15.813 Y-11.489 Z83.042 E836.87644
G1 X16.442 Y-11.474 Z83.044 E837.17233
G1 X16.57 Y-11.429 E837.23613
G1 X16.517 Y-10.999 Z83.046 E837.43988
G1 X16.266 Y-10.305 Z83.048 E837.78693
G1 X15.737 Y-9.271 Z83.052 E838.33313
G1 X14.341 Y-7.081 Z83.5 E839.51052
G1 X13.816 Y-6.074 E840.01787
G1 X13.504 Y-5.209 E840.42868
G1 X13.392 Y-4.201 E840.88177
G1 X13.71 Y-3.114 E841.38774
G1 X14.473 Y-2.269 E841.89637
G1 X15.422 Y-1.719 E842.3606
G1 X16.471 Y-1.293 E842.83979
G1 X17.595 Y-.887 E843.3456
G1 X18.667 Y-.46 E843.83397
G1 X19.55 Y-0.006 E844.2542
G1 X20.052 Y0.378 E844.5217
G1 X20.13 Y0.493 E844.58051
G1 X19.827 Y0.815 E844.76764
G1 X19.214 Y1.229 E845.08071
G1 X18.204 Y1.74 E845.53316
G1 X15.752 Y2.708 E846.5869
G1 X14.746 Y3.209 E847.03613
G1 X13.985 Y3.726 E847.40388
G1 X13.306 Y4.472 E847.8071
G1 X12.921 Y5.537 E848.25977
G1 X13.043 Y6.672 E848.71607
G1 X13.487 Y7.676 E849.12907
G1 X14.085 Y8.635 E849.55425
G1 X14.741 Y9.604 E849.99448
G1 X15.375 Y10.607 E850.44089
G1 X15.82 Y11.486 E850.81154
G1 X16 Y12.094 E851.05009
G1 X15.996 Y12.23 E851.10127
G1 X15.562 Y12.313 E851.26751
G1 X14.829 Y12.288 E851.54343
G1 X13.672 Y12.1 E851.95686
G1 X11.158 Y11.449 E852.87278
G1 X10.045 Y11.263 E853.27078
G1 X9.127 Y11.234 E853.59472
G1 X8.136 Y11.438 E853.95157
G1 X7.197 Y12.075 E854.35177
G1 X6.631 Y13.066 E854.75428
G1 X6.399 Y14.137 E855.11502
G1 X6.32 Y15.266 E855.48758
G1 X6.282 Y16.434 E855.87227
G1 X6.206 Y17.618 E856.26282
G1 X6.049 Y18.589 E856.58661
G1 X5.836 Y19.188 E856.79589
G1 X5.752 Y19.296 E856.84093
G1 X5.354 Y19.109 E856.98569
G1 X4.774 Y18.657 E857.22774
G1 X3.947 Y17.823 E857.58676
G1 X2.29 Y15.812 E858.38325
G1 X1.507 Y15.016 E858.72455
G1 X0.778 Y14.451 E859.00648
G1 X-.144 Y14.037 E859.31542
G1 X-1.273 Y13.999 E859.66072
G1 X-2.316 Y14.467 E859.98328
G1 X-3.133 Y15.199 E860.29279
G1 X-3.86 Y16.064 E860.61161
G1 X-4.578 Y16.986 E860.94134
G1 X-5.342 Y17.906 E861.27876
G1 X-6.032 Y18.593 E861.5535
G1 X-6.558 Y18.954 E861.7335
G1 X-6.689 Y18.992 E861.77199
G1 X-6.901 Y18.605 E861.8965
G1 X-7.105 Y17.899 E862.10385
G1 X-7.281 Y16.75 E862.4045
G1 X-7.444 Y14.128 E863.08398
G1 X-7.609 Y13.033 E863.37039
G1 X-7.865 Y12.15 E863.60818
G1 X-8.365 Y11.273 E863.86929
G1 X-9.258 Y10.577 E864.16212
G1 X-10.378 Y10.343 E864.43116
G1 X-11.467 Y10.456 E864.68859
G1 X-12.564 Y10.727 E864.95428
G1 X-13.704 Y11.056 E865.23327
G1 X-14.844 Y11.347 E865.50992
G1 X-15.812 Y11.497 E865.74024
G1 X-16.444 Y11.48 E865.8889
G1 X-16.574 Y11.434 E865.92132
G1 X-16.52 Y10.999 E866.02439
G1 X-16.267 Y10.304 E866.1983
G1 X-15.737 Y9.271 E866.444
G1 X-14.341 Y7.081 E866.99359
G1 X-13.816 Y6.074 E867.23391
G1 X-13.504 Y5.209 E867.42851
G1 X-13.392 Y4.201 E867.64313
G1 X-13.71 Y3.114 E867.8828
G1 X-14.473 Y2.269 E868.09696
G1 X-15.422 Y1.719 E868.30329
G1 X-16.471 Y1.293 E868.51626
G1 X-17.595 Y0.887 E868.74106
G1 X-18.667 Y0.46 E868.95812
G1 X-19.55 Y0.006 E869.14488
G1 X-20.052 Y-.378 E869.26377
G1 X-20.13 Y-.493 E869.28991
G1 X-19.827 Y-.815 E869.37308
G1 X-19.214 Y-1.229 E869.51222
G1 X-18.204 Y-1.74 E869.69853
G1 X-15.752 Y-2.708 E870.13242
G1 X-14.746 Y-3.209 E870.31739
G1 X-13.985 Y-3.726 E870.46882
G1 X-13.306 Y-4.472 E870.63485
G1 X-12.921 Y-5.537 E870.82124
G1 X-13.043 Y-6.672 E870.98229
G1 X-13.487 Y-7.676 E871.13717
G1 X-14.085 Y-8.635 E871.29661
G1 X-14.747 Y-9.613 E871.46322
G1 X-15.375 Y-10.607 E871.6291
G1 X-15.82 Y-11.487 E871.76822
G1 X-16 Y-12.094 E871.85754
G1 X-15.996 Y-12.23 E871.87674
G1 X-15.562 Y-12.313 E871.93907
G1 X-14.829 Y-12.288 E872.04255
G1 X-13.672 Y-12.1 E872.18035
G1 X-11.158 Y-11.449 E872.48566
G1 X-10.045 Y-11.263 E872.61833
G1 X-9.127 Y-11.234 E872.72631
G1 X-8.136 Y-11.438 E872.84526
G1 X-7.197 Y-12.075 E872.97866
G1 X-6.631 Y-13.066
G1 X-6.399 Y-14.137
G1 X-6.32 Y-15.266
G1 X-6.282 Y-16.434
G1 X-6.206 Y-17.618
G1 X-6.049 Y-18.589
G1 X-5.836 Y-19.188
G1 X-5.752 Y-19.296
G1 X-5.354 Y-19.109
G1 X-4.774 Y-18.657
G1 X-3.947 Y-17.823
G1 X-2.29 Y-15.812
;TIME_ELAPSED:547.048593
G1 F1500 E866.47866
M140 S0
M107
M104 S0
M140 S0
;Retract the filament
G92 E1
G1 E-1 F300
G28 X0 Y0
M84
M82 ;absolute extrusion mode
M104 S0
;End of Gcode
;SETTING_3 {"global_quality": "[general]\\nversion = 4\\nname = CuraProfile_3mm_
;SETTING_3 2laybase_40sec\\ndefinition = custom\\n\\n[metadata]\\ntype = quality
;SETTING_3 _changes\\nquality_type = extra coarse\\nsetting_version = 25\\n\\n[v
;SETTING_3 alues]\\nadhesion_type = none\\njerk_enabled = False\\nlayer_height =
;SETTING_3  1\\nlayer_height_0 = 0.5\\nmagic_spiralize = True\\n\\n", "extruder_
;SETTING_3 quality": ["[general]\\nversion = 4\\nname = CuraProfile_3mm_2laybase
;SETTING_3 _40sec\\ndefinition = custom\\n\\n[metadata]\\ntype = quality_changes
;SETTING_3 \\nquality_type = extra coarse\\nintent_category = default\\nposition
;SETTING_3  = 0\\nsetting_version = 25\\n\\n[values]\\nbottom_layers = 2\\nbotto
;SETTING_3 m_thickness = 1.3\\ninfill_sparse_density = 0\\nline_width = 3\\nmesh
;SETTING_3 fix_maximum_resolution = 1\\nretraction_hop = 1.0\\nretraction_hop_en
;SETTING_3 abled = True\\nspeed_layer_0 = 15.0\\nspeed_print = 40.0\\nspeed_trav
;SETTING_3 el = 30.0\\nspeed_wall = 40.0\\nspeed_wall_x = 30\\ntop_bottom_thickn
;SETTING_3 ess = 0\\ntop_layers = 0\\ntravel_avoid_other_parts = False\\nwall_li
;SETTING_3 ne_count = 3\\nwall_thickness = 3.0\\n\\n"]}
