;FLAVOR:Marlin
;TIME:865
;Filament used: 9.04372m
;Layer height: 1
;MINX:-23.437
;MINY:-22.011
;MINZ:0.5
;MAXX:23.46
;MAXY:22.011
;MAXZ:161.5
;TARGET_MACHINE.NAME:Unknown
;Generated with Cura_SteamEngine 5.11.0
M140 S60
M105
M190 S60
M104 S200
M105
M109 S200
G28 ;Home
M302 S0 ;Set cold extrusion
M92 E400 ;E Steps at 400 steps/mm M92 E-400 reverse
G1 Z15.0 F6000 ;Move the platform down 15mm
;Prime the extruder
G92 E0
G1 F200 E3
G92 E0
M82 ;absolute extrusion mode
G92 E0
G92 E0
G1 F1500 E-6.5
;LAYER_COUNT:161
;LAYER:0
M107
G1 F600 Z1.5
;MESH:twised-square.stl
G0 F675 X0.00 Y0.000 Z1.5
G0 X8.77 Y11.276
;TYPE:WALL-INNER
G1 F600 Z0.5
G1 F1500 E0
G1 F900 X9.827 Y11.255 E0.24858
G1 X9.856 Y10.184 E0.5005
G1 X9.88 Y8.65 E0.86124
G1 X9.88 Y3.484 E2.07593
G1 X9.932 Y0.047 E2.88417
G1 X9.928 Y-5.127 E4.10074
G1 X9.976 Y-8.583 E4.91344
G1 X9.972 Y-10.09 E5.26778
G1 X9.954 Y-11.126 E5.51142
G1 X8.87 Y-11.158 E5.76641
G1 X7.331 Y-11.18 E6.12832
G1 X2.164 Y-11.184 E7.34324
G1 X-1.281 Y-11.235 E8.15336
G1 X-6.459 Y-11.232 E9.37088
G1 X-9.927 Y-11.279 E10.18639
G1 X-11.43 Y-11.276 E10.53979
G1 X-12.488 Y-11.256 E10.78861
G1 X-12.518 Y-10.184 E11.04077
G1 X-12.539 Y-8.648 E11.40196
G1 X-12.545 Y-3.48 E12.61713
G1 X-12.595 Y-0.047 E13.42442
G1 X-12.591 Y5.017 E14.61513
G1 X-12.639 Y8.563 E15.44898
G1 X-12.636 Y10.067 E15.80262
G1 X-12.617 Y11.127 E16.0519
G1 X-11.535 Y11.156 E16.30641
G1 X-9.991 Y11.18 E16.66949
G1 X-4.828 Y11.184 E17.88348
G1 X-1.379 Y11.235 E18.69454
G1 X3.795 Y11.232 E19.91111
G1 X7.263 Y11.279 E20.72662
G1 X8.77 Y11.276 E21.08097
G0 F675 X11.009 Y12.596
G0 X11.149 Y14.197
G1 F900 X12.103 Y14.106 E21.3063
G1 X12.541 Y14.009 E21.41179
G1 X12.733 Y12.89 E21.67874
G1 X12.816 Y11.712 E21.95642
G1 X12.856 Y10.228 E22.30548
G1 X12.88 Y8.691 E22.66692
G1 X12.88 Y3.528 E23.88091
G1 X12.932 Y0.068 E24.69455
G1 X12.928 Y-5.086 E25.90642
G1 X12.976 Y-8.59 E26.7304
G1 X12.972 Y-10.134 E27.09345
G1 X12.956 Y-11.152 E27.33284
G1 X12.898 Y-12.454 E27.63929
G1 X12.818 Y-13.244 E27.82599
G1 X12.696 Y-13.849 E27.97111
G1 X12.114 Y-13.964 E28.1106
G1 X10.84 Y-14.102 E28.41191
G1 X8.914 Y-14.157 E28.86496
G1 X7.372 Y-14.18 E29.22758
G1 X2.209 Y-14.184 E30.44156
G1 X-1.26 Y-14.235 E31.25732
G1 X-6.418 Y-14.232 E32.47014
G1 X-9.934 Y-14.279 E33.29693
G1 X-12.128 Y-14.275 E33.81281
G1 X-13.77 Y-14.201 E34.19929
G1 X-14.769 Y-14.106 E34.43525
G1 X-15.207 Y-14.01 E34.54068
G1 X-15.325 Y-13.424 E34.68123
G1 X-15.477 Y-11.72 E35.08349
G1 X-15.517 Y-10.228 E35.43443
G1 X-15.539 Y-8.65 E35.80551
G1 X-15.544 Y-3.524 E37.01079
G1 X-15.595 Y-0.068 E37.8235
G1 X-15.591 Y5.02 E39.01985
G1 X-15.639 Y8.546 E39.849
G1 X-15.636 Y10.096 E40.21346
G1 X-15.611 Y11.604 E40.56809
G1 X-15.523 Y12.845 E40.86062
G1 X-15.358 Y13.846 E41.09916
G1 X-14.768 Y13.965 E41.24068
G1 X-13.101 Y14.115 E41.63423
G1 X-11.579 Y14.156 E41.99223
G1 X-10.032 Y14.18 E42.35602
G1 X-4.873 Y14.184 E43.56907
G1 X-1.4 Y14.235 E44.38577
G1 X3.754 Y14.232 E45.59764
G1 X7.27 Y14.279 E46.42444
G1 X9.476 Y14.275 E46.94314
G1 X11.149 Y14.197 E47.33694
G0 F675 X11.01 Y12.595
G0 X11.361 Y17.191
;TYPE:WALL-OUTER
G1 F900 X12.57 Y17.075 E47.62252
G1 X13.539 Y16.862 E47.85581
G1 X14.274 Y16.541 E48.04439
G1 X14.776 Y16.149 E48.19415
G1 X14.978 Y15.898 E48.26991
G1 X15.15 Y15.598 E48.35122
G1 X15.422 Y14.873 E48.53329
G1 X15.568 Y14.255 E48.6826
G1 X15.719 Y13.208 E48.93133
G1 X15.813 Y11.858 E49.24953
G1 X15.856 Y10.324 E49.61037
G1 X15.88 Y8.713 E49.98921
G1 X15.88 Y3.573 E51.19778
G1 X15.932 Y0.089 E52.01707
G1 X15.928 Y-5.045 E53.22424
G1 X15.976 Y-8.597 E54.05951
G1 X15.972 Y-10.178 E54.43125
G1 X15.956 Y-11.195 E54.67041
G1 X15.891 Y-12.671 E55.0178
G1 X15.792 Y-13.649 E55.24894
G1 X15.665 Y-14.392 E55.42617
G1 X15.429 Y-15.182 E55.62004
G1 X15.14 Y-15.731 E55.76592
G1 X14.752 Y-16.159 E55.90175
G1 X14.245 Y-16.475 E56.04222
G1 X13.849 Y-16.64 E56.1431
G1 X13.291 Y-16.797 E56.27939
G1 X12.55 Y-16.934 E56.45658
G1 X11.045 Y-17.098 E56.81255
G1 X9.007 Y-17.156 E57.29194
G1 X7.396 Y-17.18 E57.67078
G1 X2.253 Y-17.184 E58.88006
G1 X-1.239 Y-17.235 E59.70123
G1 X-6.377 Y-17.232 E60.90934
G1 X-9.941 Y-17.279 E61.74742
G1 X-11.518 Y-17.276 E62.11823
G1 X-12.526 Y-17.26 E62.35527
G1 X-14.025 Y-17.191 E62.70811
G1 X-15.235 Y-17.075 E62.99392
G1 X-16.193 Y-16.865 E63.22453
G1 X-16.718 Y-16.655 E63.35748
G1 X-17.224 Y-16.342 E63.49738
G1 X-17.637 Y-15.9 E63.63962
G1 X-17.824 Y-15.577 E63.72737
G1 X-17.998 Y-15.158 E63.83405
G1 X-18.161 Y-14.593 E63.97232
G1 X-18.295 Y-13.858 E64.14799
G1 X-18.458 Y-12.379 E64.49786
G1 X-18.516 Y-10.324 E64.98124
G1 X-18.539 Y-8.652 E65.37442
G1 X-18.544 Y-3.569 E66.5696
G1 X-18.595 Y-0.089 E67.38795
G1 X-18.591 Y5.022 E68.58971
G1 X-18.639 Y8.529 E69.41439
G1 X-18.635 Y10.176 E69.80165
G1 X-18.609 Y11.734 E70.16804
G1 X-18.507 Y13.175 E70.50771
G1 X-18.32 Y14.412 E70.80188
G1 X-18.091 Y15.181 E70.99054
G1 X-17.805 Y15.728 E71.13568
G1 X-17.414 Y16.16 E71.27268
G1 X-16.908 Y16.472 E71.41246
G1 X-16.513 Y16.636 E71.51302
G1 X-15.949 Y16.797 E71.65093
G1 X-15.208 Y16.935 E71.82816
G1 X-13.714 Y17.1 E72.18158
G1 X-11.668 Y17.156 E72.66284
G1 X-10.056 Y17.18 E73.04192
G1 X-4.917 Y17.184 E74.25026
G1 X-1.421 Y17.235 E75.07237
G1 X3.713 Y17.232 E76.27954
G1 X7.277 Y17.279 E77.11762
G1 X8.858 Y17.276 E77.48937
G1 X9.862 Y17.26 E77.72547
G1 X11.361 Y17.191 E78.0783
G0 F675 X12.57 Y17.075
G0 X12.848 Y17.014
G0 X11.166 Y12.605
G0 X3.829 Y8.38
;TYPE:SKIN
G1 F900 X-1.288 Y8.383 E79.28148
G1 X-4.789 Y8.332 E80.10476
G1 X-9.784 Y8.328 E81.27924
G1 X-9.739 Y5.006 E82.06042
G1 X-9.743 Y0.044 E83.22715
G1 X-9.692 Y-3.441 E84.04667
G1 X-9.688 Y-8.424 E85.21833
G1 X-6.493 Y-8.38 E85.96965
G1 X-1.372 Y-8.383 E87.17376
G1 X2.125 Y-8.332 E87.99611
G1 X7.119 Y-8.327 E89.17036
G1 X7.076 Y-5.161 E89.91485
G1 X7.08 Y0.017 E91.13237
G1 X7.028 Y3.445 E91.93849
G1 X7.028 Y8.425 E93.10945
G1 X3.829 Y8.38 E93.86171
G0 F675 X-8.24 Y4.488
G1 F900 X-5.897 Y6.831 E94.64082
G0 F675 X-1.607 Y6.878
G1 F900 X-8.243 Y0.243 E96.8473
G0 F675 X-8.193 Y-3.95
G1 F900 X2.638 Y6.88 E100.44873
G0 F675 X5.528 Y5.528
G1 F900 X-6.885 Y-6.885 E104.57639
G0 F675 X-2.64 Y-6.882
G1 F900 X5.56 Y1.317 E107.30294
G0 F675 X5.578 Y-2.907
G1 F900 X1.647 Y-6.838 E108.61011
;MESH:NONMESH
G0 F600 X1.647 Y-6.838 Z1.5
G0 F675 X-1.286 Y1.849
;TIME_ELAPSED:41.224014
;LAYER:1
M106 S255
;TYPE:WALL-INNER
;MESH:twised-square.stl
G1 F1094.9 X0.682 Y1.876 E109.75133
G1 X0.734 Y0.026 E110.82445
G1 X0.759 Y-1.795 E111.88043
G1 F1094.6 X-1.178 Y-1.849 E113.00431
G1 X-3.146 Y-1.876 E114.14584
G1 F1094.9 X-3.198 Y-0.029 E115.21722
G1 X-3.225 Y1.794 E116.27438
G1 X-1.286 Y1.849 E117.39913
G0 F1237.5 X2.012 Y5.244
G1 F1350 X3.934 Y5.298 E118.30333
G1 X4.082 Y0.14 E120.72995
G1 X4.124 Y-3.037 E122.22411
G1 X4.179 Y-5.048 E123.17017
G1 X-1.133 Y-5.199 E125.66922
G1 X-4.285 Y-5.24 E127.15162
G1 X-6.397 Y-5.297 E128.14517
G1 X-6.547 Y-0.078 E130.6005
G1 X-6.592 Y3.054 E132.07351
G1 X-6.646 Y5.048 E133.01156
G1 X-1.37 Y5.198 E135.49368
G1 X2.012 Y5.244 E137.08426
G0 F1237.5 X1.93 Y8.243
G1 F1350 X6.888 Y8.38 E139.41672
G1 X6.931 Y5.448 E140.79568
G1 X7.083 Y0.112 E143.30603
G1 X7.124 Y-2.997 E144.7682
G1 X7.262 Y-7.999 E147.12136
G1 X4.254 Y-8.047 E148.53609
G1 X-1.031 Y-8.198 E151.02245
G1 X-4.245 Y-8.24 E152.53401
G1 X-9.352 Y-8.38 E154.93655
G1 X-9.395 Y-5.448 E156.31551
G1 X-9.546 Y-.193 E158.78777
G1 X-9.592 Y3.01 E160.29418
G1 X-9.726 Y7.999 E162.64117
G1 X-6.723 Y8.047 E164.05355
G1 X-1.311 Y8.199 E166.59963
G1 X1.93 Y8.243 E168.12389
G0 F1237.5 X8.75 Y11.411
G1 F1350 X9.784 Y11.41 E168.61014
G1 X9.833 Y10.327 E169.11996
G1 X9.881 Y8.831 E169.82384
G1 X9.93 Y5.534 E171.37447
G1 X10.081 Y0.266 E173.85284
G1 X10.126 Y-3.065 E175.41943
G1 X10.272 Y-8.357 E177.90901
G1 X10.296 Y-9.867 E178.6192
G1 X10.293 Y-10.894 E179.10216
G1 X9.187 Y-10.945 E179.62283
G1 X7.645 Y-10.993 E180.34833
G1 X4.339 Y-11.046 E181.90322
G1 X-.969 Y-11.197 E184.40039
G1 X-4.311 Y-11.242 E185.97215
G1 X-9.644 Y-11.389 E188.48102
G1 X-11.216 Y-11.412 E189.22036
G1 X-12.248 Y-11.414 E189.70567
G1 X-12.298 Y-10.327 E190.21739
G1 X-12.347 Y-8.764 E190.95277
G1 X-12.394 Y-5.534 E192.47189
G1 X-12.545 Y-.258 E194.95401
G1 X-12.594 Y3.059 E196.51405
G1 X-12.736 Y8.338 E198.99747
G1 X-12.76 Y9.892 E199.72835
G1 X-12.76 Y10.895 E200.20002
G1 X-11.651 Y10.944 E200.72205
G1 X-10.112 Y10.993 E201.44616
G1 X-6.807 Y11.046 E203.00058
G1 X-1.495 Y11.197 E205.49963
G1 X1.847 Y11.242 E207.0714
G1 X7.246 Y11.39 E209.6113
G1 X8.75 Y11.411 E210.31865
G0 F1237.5 X10.945 Y12.772
G0 X11.017 Y14.376
G1 F1350 X11.843 Y14.31 E210.70833
G1 X12.449 Y14.206 E210.99747
G1 X12.591 Y13.578 E211.30025
G1 X12.688 Y12.815 E211.66195
G1 X12.787 Y11.491 E212.28632
G1 X12.832 Y10.424 E212.78854
G1 X12.881 Y8.875 E213.51734
G1 X12.929 Y5.619 E215.04869
G1 X13.08 Y0.329 E217.5374
G1 X13.125 Y-2.982 E219.09458
G1 X13.272 Y-8.312 E221.60204
G1 X13.296 Y-9.867 E222.33339
G1 X13.295 Y-10.876 E222.80789
G1 X13.262 Y-12.142 E223.40344
G1 X13.148 Y-13.282 E223.94222
G1 X13.09 Y-13.567 E224.07899
G1 X12.646 Y-13.677 E224.2941
G1 X10.779 Y-13.876 E225.17706
G1 X9.31 Y-13.943 E225.86859
G1 X7.692 Y-13.993 E226.62984
G1 X4.424 Y-14.045 E228.16686
G1 X-.906 Y-14.196 E230.67437
G1 X-4.228 Y-14.241 E232.23673
G1 X-9.666 Y-14.389 E234.79497
G1 X-11.208 Y-14.412 E235.5202
G1 X-12.611 Y-14.415 E236.17998
G1 X-13.912 Y-14.348 E236.79261
G1 X-14.923 Y-14.205 E237.27278
G1 X-15.031 Y-13.777 E237.48036
G1 X-15.152 Y-12.815 E237.93632
G1 X-15.251 Y-11.491 E238.56068
G1 X-15.295 Y-10.486 E239.03375
G1 X-15.345 Y-8.875 E239.79171
G1 X-15.393 Y-5.619 E241.32306
G1 X-15.544 Y-.322 E243.81506
G1 X-15.593 Y2.978 E245.3671
G1 X-15.736 Y8.26 E247.85194
G1 X-15.76 Y9.892 E248.6195
G1 X-15.76 Y11.269 E249.26705
G1 X-15.656 Y12.977 E250.07175
G1 X-15.556 Y13.565 E250.35223
G1 X-15.106 Y13.677 E250.57031
G1 X-13.247 Y13.876 E251.44952
G1 X-11.747 Y13.943 E252.15562
G1 X-10.159 Y13.993 E252.90277
G1 X-6.892 Y14.045 E254.43932
G1 X-1.558 Y14.196 E256.94871
G1 X1.764 Y14.241 E258.51107
G1 X7.202 Y14.389 E261.06931
G1 X9.422 Y14.421 E262.11341
G1 X11.017 Y14.376 E262.86378
G0 F1237.5 X10.946 Y12.771
G0 X12.193 Y17.292
;TYPE:WALL-OUTER
G1 F1650 X12.943 Y17.176 E263.22067
G1 X13.519 Y17.03 E263.50011
G1 X13.921 Y16.88 E263.70189
G1 X14.431 Y16.581 E263.9799
G1 X14.838 Y16.162 E264.2546
G1 X15.144 Y15.615 E264.54934
G1 X15.309 Y15.164 E264.77518
G1 X15.549 Y14.099 E265.28857
G1 X15.674 Y13.117 E265.7541
G1 X15.782 Y11.667 E266.43787
G1 X15.88 Y8.993 E267.6962
G1 X15.928 Y5.705 E269.24259
G1 X16.08 Y0.392 E271.74213
G1 X16.124 Y-2.898 E273.28943
G1 X16.272 Y-8.212 E275.78938
G1 X16.296 Y-9.867 E276.56775
G1 X16.296 Y-10.876 E277.04225
G1 X16.258 Y-12.33 E277.72625
G1 X16.118 Y-13.731 E278.38837
G1 X15.985 Y-14.388 E278.7036
G1 X15.837 Y-14.866 E278.93891
G1 X15.479 Y-15.525 E279.29159
G1 X15.286 Y-15.743 E279.42851
G1 X14.842 Y-16.08 E279.69064
G1 X14.506 Y-16.252 E279.86815
G1 X14.013 Y-16.43 E280.11464
G1 X13.196 Y-16.631 E280.5103
G1 X11.97 Y-16.787 E281.09149
G1 X10.971 Y-16.87 E281.56291
G1 X9.426 Y-16.941 E282.29023
G1 X7.808 Y-16.992 E283.0515
G1 X4.509 Y-17.044 E284.60309
G1 X-.844 Y-17.196 E287.12143
G1 X-4.146 Y-17.24 E288.67438
G1 X-9.5 Y-17.388 E291.19313
G1 X-11.2 Y-17.412 E291.99266
G1 X-12.686 Y-17.415 E292.69147
G1 X-14.189 Y-17.337 E293.39923
G1 X-15.424 Y-17.172 E293.98517
G1 X-15.99 Y-17.03 E294.25959
G1 X-16.382 Y-16.881 E294.4568
G1 X-16.895 Y-16.581 E294.73627
G1 X-17.302 Y-16.162 E295.01096
G1 X-17.608 Y-15.616 E295.3053
G1 X-17.78 Y-15.147 E295.54022
G1 X-17.983 Y-14.333 E295.93474
G1 X-18.138 Y-13.117 E296.5112
G1 X-18.246 Y-11.667 E297.19498
G1 X-18.293 Y-10.599 E297.6977
G1 X-18.344 Y-8.993 E298.45333
G1 X-18.392 Y-5.705 E299.99972
G1 X-18.544 Y-.387 E302.50161
G1 X-18.592 Y2.897 E304.04612
G1 X-18.736 Y8.21 E306.54555
G1 X-18.76 Y9.823 E307.30417
G1 X-18.76 Y11.845 E308.25504
G1 X-18.637 Y13.333 E308.95718
G1 X-18.52 Y14.078 E309.31182
G1 X-18.375 Y14.65 E309.58932
G1 X-18.217 Y15.064 E309.79771
G1 X-18.041 Y15.39 E309.97193
G1 X-17.616 Y15.869 E310.27307
G1 X-17.331 Y16.069 E310.4368
G1 X-16.971 Y16.25 E310.62629
G1 X-16.48 Y16.426 E310.87157
G1 X-15.662 Y16.631 E311.26815
G1 X-13.971 Y16.846 E312.06976
G1 X-11.89 Y16.94 E313.04938
G1 X-10.276 Y16.992 E313.80878
G1 X-6.977 Y17.044 E315.36037
G1 X-1.62 Y17.196 E317.88059
G1 X1.682 Y17.24 E319.43354
G1 X7.036 Y17.388 E321.9523
G1 X9.701 Y17.415 E323.20561
G1 X11.179 Y17.373 E323.90094
G1 X12.193 Y17.292 E324.37931
G0 F1237.5 X12.943 Y17.176
G0 X13.519 Y17.03
G0 X13.656 Y16.979
;MESH:NONMESH
G0 F600 X13.656 Y16.979 Z2.5
G0 F1237.5 X13.092 Y15.474
G0 X14.599 Y-5.819
G0 X16.543 Y-5.766
;TIME_ELAPSED:63.314762
;LAYER:2
;TYPE:WALL-OUTER
;MESH:twised-square.stl
G1 F2400 X16.27 Y0.777 E327.45892
G1 X16.155 Y2.809 E328.41603
G1 X15.873 Y9.356 E331.4977
G1 X15.785 Y10.956 E332.25126
G1 X15.681 Y12.496 E332.97712
G1 X15.535 Y13.827 E333.60679
G1 X15.343 Y14.848 E334.09535
G1 X15.165 Y15.49 E334.40865
G1 X14.98 Y15.963 E334.64749
G1 X14.786 Y16.317 E334.83732
G1 X14.354 Y16.813 E335.14664
G1 X13.75 Y17.171 E335.47683
G1 X13.314 Y17.323 E335.69396
G1 X12.747 Y17.451 E335.96731
G1 X11.986 Y17.55 E336.3282
G1 X10.958 Y17.609 E336.81243
G1 X9.502 Y17.615 E337.49714
G1 X8.41 Y17.588 E338.01082
G1 X6.817 Y17.529 E338.76047
G1 X4.753 Y17.413 E339.73262
G1 X-1.87 Y17.136 E342.8499
G1 X-3.928 Y17.02 E343.81924
G1 X-10.572 Y16.734 E346.94657
G1 X-12.177 Y16.646 E347.70248
G1 X-14.234 Y16.508 E348.67198
G1 X-15.723 Y16.286 E349.37995
G1 X-16.482 Y16.115 E349.74582
G1 X-17.012 Y15.944 E350.00771
G1 X-17.647 Y15.631 E350.34064
G1 X-18.132 Y15.217 E350.64051
G1 X-18.489 Y14.633 E350.96239
G1 X-18.643 Y14.201 E351.17807
G1 X-18.774 Y13.64 E351.44899
G1 X-18.876 Y12.888 E351.80586
G1 X-18.935 Y11.898 E352.27225
G1 X-18.942 Y10.455 E352.95085
G1 X-18.916 Y9.371 E353.46076
G1 X-18.859 Y7.798 E354.20097
G1 X-18.745 Y5.767 E355.15758
G1 X-18.47 Y-.776 E358.23723
G1 X-18.356 Y-2.808 E359.19431
G1 X-18.074 Y-9.357 E362.27693
G1 X-17.986 Y-10.976 E363.03941
G1 X-17.847 Y-13.006 E363.99628
G1 X-17.623 Y-14.471 E364.69322
G1 X-17.464 Y-15.17 E365.03033
G1 X-17.17 Y-15.983 E365.43689
G1 X-16.985 Y-16.32 E365.61768
G1 X-16.557 Y-16.811 E365.92399
G1 X-16.294 Y-16.998 E366.07574
G1 X-15.952 Y-17.171 E366.25598
G1 X-15.516 Y-17.323 E366.47312
G1 X-14.949 Y-17.451 E366.74647
G1 X-14.188 Y-17.55 E367.10735
G1 X-13.16 Y-17.609 E367.59158
G1 X-11.703 Y-17.615 E368.27676
G1 X-10.611 Y-17.588 E368.79044
G1 X-9.019 Y-17.529 E369.53962
G1 X-6.955 Y-17.413 E370.51177
G1 X-.33 Y-17.136 E373.63
G1 X1.727 Y-17.02 E374.59887
G1 X8.37 Y-16.734 E377.72572
G1 X9.974 Y-16.646 E378.48116
G1 X12.03 Y-16.509 E379.45017
G1 X13.522 Y-16.286 E380.15959
G1 X14.277 Y-16.116 E380.52353
G1 X14.837 Y-15.935 E380.80029
G1 X15.258 Y-15.743 E381.01789
G1 X15.8 Y-15.352 E381.33218
G1 X16.134 Y-14.928 E381.586
G1 X16.437 Y-14.216 E381.94989
G1 X16.63 Y-13.278 E382.40024
G1 X16.709 Y-12.435 E382.79841
G1 X16.753 Y-10.958 E383.49329
G1 X16.714 Y-9.374 E384.23842
G1 X16.657 Y-7.798 E384.98004
G1 X16.543 Y-5.766 E385.93712
G0 F1800 X11.938 Y-5.958
G0 X11.818 Y-3.072
G0 X16.127 Y-2.892
G1 F2400 X16.079 Y0.771 Z2.529 E387.6599
G1 X16.02 Y2.804 Z2.545 E388.61637
G1 X15.87 Y9.355 Z2.596 E391.69797
G1 X15.811 Y10.957 Z2.608 E392.45187
G1 X15.717 Y12.498 Z2.62 E393.17791
G1 X15.578 Y13.832 Z2.631 E393.80866
G1 X15.376 Y14.855 Z2.639 E394.29905
G1 X15.186 Y15.497 Z2.644 E394.61391
G1 X14.962 Y15.952 Z2.648 E394.85241
G1 X14.744 Y16.276 Z2.651 E395.03606
G1 X14.287 Y16.697 Z2.656 E395.32827
G1 X13.689 Y17.006 Z2.661 E395.64483
G1 X13.267 Y17.137 Z2.665 E395.85263
G1 X12.717 Y17.255 Z2.669 E396.11716
G1 X11.97 Y17.355 Z2.675 E396.4716
G1 X10.953 Y17.425 Z2.683 E396.951
G1 X9.503 Y17.455 Z2.694 E397.63305
G1 X8.412 Y17.447 Z2.703 E398.14614
G1 X6.821 Y17.417 Z2.715 E398.89448
G1 X4.755 Y17.348 Z2.732 E399.86662
G1 X-1.871 Y17.175 Z2.783 E402.98375
G1 X-3.93 Y17.098 Z2.799 E403.95272
G1 X-10.577 Y16.897 Z2.851 E407.08009
G1 X-12.185 Y16.828 Z2.864 E407.837
G1 X-14.249 Y16.692 Z2.88 E408.80976
G1 X-15.77 Y16.476 Z2.892 E409.53223
G1 X-16.542 Y16.283 Z2.898 E409.90645
G1 X-17.081 Y16.081 Z2.903 E410.17715
G1 X-17.7 Y15.696 Z2.909 E410.51997
G1 X-18.128 Y15.215 Z2.914 E410.82276
G1 X-18.431 Y14.618 Z2.919 E411.1376
G1 X-18.562 Y14.181 Z2.922 E411.35215
G1 X-18.673 Y13.625 Z2.927 E411.61879
G1 X-18.764 Y12.879 Z2.933 E411.97221
G1 X-18.836 Y11.89 Z2.94 E412.43855
G1 X-18.844 Y10.456 Z2.952 E413.11294
G1 X-18.828 Y9.373 Z2.96 E413.62231
G1 X-18.79 Y7.8 Z2.972 E414.36227
G1 X-18.708 Y5.769 Z2.988 E415.31818
G1 X-18.5 Y-.776 Z3.04 E418.39771
G1 X-18.41 Y-2.809 Z3.055 E419.35472
G1 X-18.176 Y-9.36 Z3.107 E422.43748
G1 X-18.097 Y-10.981 Z3.119 E423.2007
G1 X-17.957 Y-13.014 Z3.135 E424.15904
G1 X-17.732 Y-14.498 Z3.147 E424.86491
G1 X-17.559 Y-15.205 Z3.153 E425.20721
G1 X-17.231 Y-16.017 Z3.16 E425.61906
G1 X-17.014 Y-16.348 Z3.163 E425.80519
G1 X-16.553 Y-16.804 Z3.168 E426.11013
G1 X-16.285 Y-16.974 Z3.17 E426.25938
G1 X-15.942 Y-17.131 Z3.173 E426.43678
G1 X-15.503 Y-17.271 Z3.177 E426.65348
G1 X-14.94 Y-17.384 Z3.181 E426.92352
G1 X-14.185 Y-17.485 Z3.187 E427.28174
G1 X-13.157 Y-17.543 Z3.195 E427.76596
G1 X-11.703 Y-17.557 Z3.207 E428.44978
G1 X-10.612 Y-17.536 Z3.215 E428.96294
G1 X-9.02 Y-17.488 Z3.228 E429.71197
G1 X-6.956 Y-17.389 Z3.244 E430.68374
G1 X-.33 Y-17.146 Z3.296 E433.8019
G1 X1.727 Y-17.04 Z3.312 E434.77054
G1 X8.371 Y-16.767 Z3.364 E437.89771
G1 X9.975 Y-16.68 Z3.376 E438.65314
G1 X12.034 Y-16.538 Z3.392 E439.62375
G1 X13.528 Y-16.31 Z3.404 E440.33448
G1 X14.283 Y-16.134 Z3.41 E440.69906
G1 X14.843 Y-15.943 Z3.415 E440.97731
G1 X15.259 Y-15.744 Z3.418 E441.19418
G1 X15.79 Y-15.344 Z3.424 E441.50682
G1 X16.113 Y-14.922 Z3.428 E441.75674
G1 X16.411 Y-14.211 Z3.434 E442.11929
G1 X16.603 Y-13.275 Z3.441 E442.56863
G1 X16.685 Y-12.433 Z3.448 E442.96648
G1 X16.734 Y-10.958 Z3.459 E443.66052
G1 X16.702 Y-9.374 Z3.472 E444.4056
G1 X16.651 Y-7.798 Z3.484 E445.14714
G1 X16.543 Y-5.766 Z3.5 E446.1041
;TIME_ELAPSED:70.202584
;LAYER:3
;note -- min layer time used
;TYPE:WALL-OUTER
;MESH:twised-square.stl
G1 F1551.4 X16.314 Y-0.054 Z3.544 E448.79248
G1 X16.257 Y1.203 Z3.554 E449.38423
G1 X15.912 Y8.493 Z3.61 E452.81639
G1 X15.853 Y9.721 Z3.62 E453.39456
G1 X15.757 Y11.317 Z3.632 E454.14648
G1 X15.638 Y12.819 Z3.644 E454.85505
G1 X15.524 Y13.824 Z3.652 E455.33071
G1 X15.34 Y14.808 Z3.659 E455.80148
G1 X15.138 Y15.54 Z3.665 E456.1586
G1 X14.921 Y16.067 Z3.67 E456.42662
G1 X14.468 Y16.705 Z3.676 E456.7946
G1 X14.069 Y17.017 Z3.68 E457.0328
G1 X13.521 Y17.291 Z3.684 E457.32093
G1 X12.773 Y17.489 Z3.69 E457.68481
G1 X12.157 Y17.574 Z3.695 E457.97725
G1 X11.281 Y17.637 Z3.702 E458.39027
G1 X9.781 Y17.659 Z3.714 E459.09577
G1 X8.182 Y17.619 Z3.726 E459.84798
G1 X6.568 Y17.549 Z3.739 E460.60772
G1 X-.88 Y17.165 Z3.796 E464.115
G1 X-2.158 Y17.102 Z3.806 E464.71675
G1 X-9.586 Y16.688 Z3.864 E468.21539
G1 X-10.838 Y16.623 Z3.873 E468.80497
G1 X-12.484 Y16.512 Z3.886 E469.58081
G1 X-14.517 Y16.338 Z3.902 E470.54038
G1 X-16.272 Y16.031 Z3.916 E471.37825
G1 X-17.111 Y15.763 Z3.923 E471.79246
G1 X-17.825 Y15.378 Z3.929 E472.17394
G1 X-18.096 Y15.163 Z3.931 E472.33662
G1 X-18.42 Y14.746 Z3.936 E472.58496
G1 X-18.695 Y14.165 Z3.941 E472.88726
G1 X-18.811 Y13.75 Z3.944 E473.0899
G1 X-18.961 Y12.816 Z3.951 E473.53477
G1 X-19.017 Y11.976 Z3.958 E473.93068
G1 X-19.031 Y10.525 Z3.969 E474.61309
G1 X-18.977 Y8.951 Z3.981 E475.35374
G1 X-18.899 Y7.354 Z3.993 E476.10567
G1 X-18.475 Y0.047 Z4.05 E479.54777
G1 X-18.409 Y-1.212 Z4.06 E480.14066
G1 X-17.957 Y-8.498 Z4.116 E483.57369
G1 X-17.889 Y-9.728 Z4.126 E484.15302
G1 X-17.775 Y-11.322 Z4.138 E484.90456
G1 X-17.646 Y-12.823 Z4.15 E485.61305
G1 X-17.509 Y-13.825 Z4.158 E486.08865
G1 X-17.332 Y-14.805 Z4.165 E486.55698
G1 X-17.022 Y-15.861 Z4.174 E487.07455
G1 X-16.796 Y-16.328 Z4.178 E487.31853
G1 X-16.574 Y-16.661 Z4.181 E487.50675
G1 X-16.344 Y-16.915 Z4.184 E487.66789
G1 X-15.847 Y-17.26 Z4.188 E487.95241
G1 X-15.249 Y-17.493 Z4.193 E488.25423
G1 X-14.769 Y-17.606 Z4.197 E488.48614
G1 X-14.117 Y-17.7 Z4.202 E488.79593
G1 X-13.227 Y-17.758 Z4.209 E489.21536
G1 X-11.715 Y-17.769 Z4.221 E489.92644
G1 X-10.118 Y-17.703 Z4.233 E490.67812
G1 X-8.502 Y-17.616 Z4.246 E491.43919
G1 X-1.061 Y-17.14 Z4.303 E494.94568
G1 X0.216 Y-17.069 Z4.313 E495.54715
G1 X7.642 Y-16.563 Z4.371 E499.04753
G1 X8.892 Y-16.489 Z4.38 E499.63641
G1 X10.535 Y-16.363 Z4.393 E500.41135
G1 X12.582 Y-16.175 Z4.409 E501.37806
G1 X14.295 Y-15.874 Z4.423 E502.19599
G1 X15.103 Y-15.63 Z4.429 E502.59292
G1 X15.818 Y-15.3 Z4.435 E502.96325
G1 X16.11 Y-15.101 Z4.438 E503.12943
G1 X16.542 Y-14.641 Z4.443 E503.4262
G1 X16.864 Y-13.975 Z4.449 E503.77409
G1 X16.997 Y-13.48 Z4.452 E504.01513
G1 X17.1 Y-12.835 Z4.458 E504.32231
G1 X17.165 Y-11.983 Z4.464 E504.72415
G1 X17.181 Y-10.503 Z4.476 E505.4202
G1 X17.115 Y-8.949 Z4.488 E506.15167
G1 X17.024 Y-7.35 Z4.5 E506.90486
;TIME_ELAPSED:75.208591
;LAYER:4
;note -- min layer time used
;TYPE:WALL-OUTER
;MESH:twised-square.stl
G1 F1576.1 X16.723 Y-2.92 Z4.534 E508.993
G1 X16.43 Y1.571 Z4.568 E511.1095
G1 X16.138 Y5.592 Z4.599 E513.00547
G1 X15.825 Y10.083 Z4.633 E515.12261
G1 X15.691 Y11.691 Z4.645 E515.88143
G1 X15.595 Y12.7 Z4.653 E516.35809
G1 X15.389 Y14.165 Z4.664 E517.05382
G1 X15.188 Y15.15 Z4.672 E517.52659
G1 X14.976 Y15.858 Z4.678 E517.87416
G1 X14.733 Y16.376 Z4.682 E518.14323
G1 X14.524 Y16.749 Z4.685 E518.3443
G1 X14.145 Y17.149 Z4.689 E518.60344
G1 X13.929 Y17.282 Z4.691 E518.72274
G1 X13.453 Y17.522 Z4.695 E518.97343
G1 X13.086 Y17.633 Z4.698 E519.15375
G1 X12.606 Y17.743 Z4.702 E519.38533
G1 X11.514 Y17.854 Z4.71 E519.90152
G1 X10.515 Y17.872 Z4.718 E520.3714
G1 X9.008 Y17.834 Z4.73 E521.08034
G1 X7.964 Y17.779 Z4.737 E521.57199
G1 X6.339 Y17.673 Z4.75 E522.33781
G1 X2.213 Y17.354 Z4.781 E524.28397
G1 X-2.391 Y17.023 Z4.817 E526.45472
G1 X-6.509 Y16.687 Z4.848 E528.39775
G1 X-11.114 Y16.337 Z4.883 E530.56963
G1 X-12.754 Y16.19 Z4.896 E531.34398
G1 X-13.835 Y16.08 Z4.904 E531.85497
G1 X-15.309 Y15.873 Z4.915 E532.55496
G1 X-16.547 Y15.622 Z4.925 E533.14901
G1 X-17.531 Y15.274 Z4.933 E533.63985
G1 X-18.085 Y14.947 Z4.938 E533.94239
G1 X-18.344 Y14.73 Z4.94 E534.10129
G1 X-18.68 Y14.287 Z4.945 E534.36277
G1 X-18.803 Y14.061 Z4.947 E534.48377
G1 X-18.999 Y13.471 Z4.951 E534.77614
G1 X-19.099 Y13.004 Z4.955 E535.00074
G1 X-19.173 Y12.385 Z4.96 E535.29392
G1 X-19.216 Y10.962 Z4.97 E535.96343
G1 X-19.167 Y9.515 Z4.981 E536.64431
G1 X-19.107 Y8.504 Z4.989 E537.1206
G1 X-18.995 Y6.919 Z5.001 E537.86784
G1 X-18.656 Y2.904 Z5.032 E539.76273
G1 X-18.312 Y-1.585 Z5.066 E541.87999
G1 X-17.957 Y-5.601 Z5.097 E543.77599
G1 X-17.595 Y-10.09 Z5.131 E545.89392
G1 X-17.443 Y-11.697 Z5.144 E546.65303
G1 X-17.334 Y-12.706 Z5.151 E547.1303
G1 X-17.074 Y-14.473 Z5.165 E547.97023
G1 X-16.817 Y-15.524 Z5.173 E548.47905
G1 X-16.471 Y-16.434 Z5.181 E548.9369
G1 X-16.023 Y-17.074 Z5.186 E549.30428
G1 X-15.635 Y-17.395 Z5.19 E549.5411
G1 X-15.166 Y-17.64 Z5.194 E549.78994
G1 X-14.802 Y-17.761 Z5.197 E549.97034
G1 X-14.302 Y-17.865 Z5.201 E550.21051
G1 X-13.204 Y-17.972 Z5.21 E550.72932
G1 X-12.194 Y-17.982 Z5.217 E551.20432
G1 X-10.681 Y-17.925 Z5.229 E551.91636
G1 X-9.637 Y-17.857 Z5.237 E552.40837
G1 X-8.014 Y-17.734 Z5.249 E553.17382
G1 X-3.891 Y-17.358 Z5.281 E555.12082
G1 X0.711 Y-16.985 Z5.316 E557.29213
G1 X4.825 Y-16.592 Z5.347 E559.23566
G1 X9.426 Y-16.203 Z5.382 E561.40713
G1 X11.064 Y-16.039 Z5.395 E562.18129
G1 X12.143 Y-15.918 Z5.403 E562.6919
G1 X13.602 Y-15.707 Z5.414 E563.38518
G1 X14.826 Y-15.463 Z5.424 E563.97212
G1 X15.805 Y-15.142 Z5.432 E564.45664
G1 X16.323 Y-14.87 Z5.436 E564.73179
G1 X16.845 Y-14.448 Z5.441 E565.04746
G1 X17.156 Y-14.013 Z5.445 E565.29893
G1 X17.288 Y-13.726 Z5.448 E565.4475
G1 X17.489 Y-12.997 Z5.454 E565.80312
G1 X17.6 Y-12.198 Z5.46 E566.18248
G1 X17.623 Y-10.982 Z5.469 E566.75444
G1 X17.569 Y-9.51 Z5.48 E567.44715
G1 X17.503 Y-8.499 Z5.488 E567.92362
G1 X17.377 Y-6.915 Z5.5 E568.67089
;TIME_ELAPSED:80.215241
;LAYER:5
;note -- min layer time used
;TYPE:WALL-OUTER
;MESH:twised-square.stl
G1 F1576.6 X17.265 Y-5.749 Z5.509 E569.22176
G1 X16.58 Y1.96 Z5.568 E572.86141
G1 X16.503 Y2.723 Z5.574 E573.22206
G1 X15.784 Y10.44 Z5.633 E576.86691
G1 X15.614 Y12.039 Z5.645 E577.62312
G1 X15.417 Y13.54 Z5.656 E578.33506
G1 X15.034 Y15.472 Z5.671 E579.26131
G1 X14.806 Y16.172 Z5.677 E579.60753
G1 X14.564 Y16.695 Z5.681 E579.87854
G1 X14.322 Y17.042 Z5.685 E580.07749
G1 X13.934 Y17.439 Z5.689 E580.33855
G1 X13.425 Y17.733 Z5.693 E580.61498
G1 X13.089 Y17.853 Z5.696 E580.78277
G1 X12.644 Y17.96 Z5.7 E580.99801
G1 X11.682 Y18.065 Z5.707 E581.4531
G1 X10.829 Y18.087 Z5.713 E581.85438
G1 X9.344 Y18.04 Z5.725 E582.5531
G1 X7.707 Y17.923 Z5.737 E583.3249
G1 X6.084 Y17.779 Z5.75 E584.09116
G1 X5.32 Y17.699 Z5.755 E584.45242
G1 X-2.649 Y16.927 Z5.816 E588.2176
G1 X-3.414 Y16.845 Z5.822 E588.57943
G1 X-11.367 Y16.043 Z5.883 E592.33851
G1 X-13.016 Y15.858 Z5.896 E593.11887
G1 X-14.083 Y15.721 Z5.904 E593.62477
G1 X-15.89 Y15.425 Z5.918 E594.48589
G1 X-16.999 Y15.139 Z5.927 E595.02449
G1 X-17.64 Y14.903 Z5.932 E595.34572
G1 X-18.35 Y14.482 Z5.938 E595.7339
G1 X-18.831 Y13.974 Z5.943 E596.0629
G1 X-19.107 Y13.43 Z5.948 E596.34978
G1 X-19.277 Y12.774 Z5.953 E596.66847
G1 X-19.35 Y12.232 Z5.957 E596.92566
G1 X-19.387 Y11.509 Z5.963 E597.26612
G1 X-19.385 Y10.513 Z5.97 E597.73452
G1 X-19.308 Y9.098 Z5.981 E598.40094
G1 X-19.222 Y8.048 Z5.989 E598.89639
G1 X-19.069 Y6.448 Z6.001 E599.65226
G1 X-18.987 Y5.721 Z6.007 E599.99633
G1 X-18.197 Y-2.004 Z6.066 E603.64817
G1 X-18.112 Y-2.743 Z6.072 E603.99799
G1 X-17.293 Y-10.45 Z6.131 E607.64283
G1 X-17.103 Y-12.048 Z6.143 E608.39963
G1 X-16.828 Y-14.038 Z6.158 E609.34437
G1 X-16.488 Y-15.528 Z6.17 E610.0631
G1 X-16.26 Y-16.225 Z6.176 E610.40797
G1 X-16.018 Y-16.744 Z6.18 E610.67728
G1 X-15.782 Y-17.118 Z6.183 E610.88525
G1 X-15.541 Y-17.393 Z6.186 E611.05721
G1 X-15.061 Y-17.747 Z6.191 E611.33769
G1 X-14.506 Y-17.971 Z6.195 E611.61915
G1 X-14.091 Y-18.069 Z6.198 E611.81969
G1 X-13.126 Y-18.182 Z6.206 E612.27661
G1 X-12.248 Y-18.198 Z6.212 E612.68958
G1 X-10.758 Y-18.139 Z6.224 E613.39084
G1 X-9.118 Y-17.998 Z6.236 E614.16494
G1 X-7.496 Y-17.837 Z6.249 E614.93148
G1 X-6.733 Y-17.746 Z6.255 E615.29285
G1 X1.226 Y-16.887 Z6.315 E619.05752
G1 X1.991 Y-16.795 Z6.321 E619.41987
G1 X9.936 Y-15.906 Z6.382 E623.17955
G1 X11.582 Y-15.704 Z6.395 E623.95943
G1 X12.643 Y-15.559 Z6.403 E624.46303
G1 X14.437 Y-15.262 Z6.417 E625.3182
G1 X15.528 Y-14.979 Z6.425 E625.84825
G1 X16.144 Y-14.762 Z6.43 E626.15539
G1 X16.86 Y-14.397 Z6.436 E626.53333
G1 X17.117 Y-14.204 Z6.439 E626.68448
G1 X17.488 Y-13.808 Z6.443 E626.93967
G1 X17.788 Y-13.226 Z6.448 E627.2476
G1 X17.907 Y-12.811 Z6.451 E627.45063
G1 X18.005 Y-12.233 Z6.456 E627.72633
G1 X18.056 Y-11.512 Z6.461 E628.06624
G1 X18.052 Y-10.512 Z6.469 E628.53653
G1 X17.968 Y-9.093 Z6.48 E629.20502
G1 X17.875 Y-8.041 Z6.488 E629.70168
G1 X17.711 Y-6.442 Z6.5 E630.4576
;TIME_ELAPSED:85.221893
;LAYER:6
;note -- min layer time used
;TYPE:WALL-OUTER
;MESH:twised-square.stl
G1 F1576.2 X16.995 Y-0.082 Z6.549 E633.46746
G1 X16.713 Y2.376 Z6.568 E634.63098
G1 X16.019 Y8.339 Z6.613 E637.45417
G1 X15.728 Y10.822 Z6.632 E638.62986
G1 X15.528 Y12.364 Z6.644 E639.36111
G1 X15.2 Y14.363 Z6.66 E640.31377
G1 X14.869 Y15.791 Z6.671 E641.00313
G1 X14.623 Y16.485 Z6.676 E641.34939
G1 X14.369 Y17.001 Z6.681 E641.61987
G1 X14.109 Y17.353 Z6.684 E641.82566
G1 X13.864 Y17.605 Z6.687 E641.99095
G1 X13.354 Y17.94 Z6.691 E642.27791
G1 X13.047 Y18.061 Z6.694 E642.43309
G1 X12.656 Y18.164 Z6.697 E642.62324
G1 X12.156 Y18.233 Z6.701 E642.86061
G1 X11.045 Y18.302 Z6.709 E643.38409
G1 X10.033 Y18.274 Z6.717 E643.8602
G1 X8.554 Y18.168 Z6.728 E644.55752
G1 X7.48 Y18.061 Z6.736 E645.0651
G1 X5.83 Y17.875 Z6.749 E645.84597
G1 X-.341 Y17.127 Z6.796 E648.7693
G1 X-2.909 Y16.822 Z6.816 E649.98546
G1 X-9.075 Y16.048 Z6.863 E652.90795
G1 X-11.643 Y15.734 Z6.883 E654.12461
G1 X-13.255 Y15.516 Z6.896 E654.8896
G1 X-14.794 Y15.277 Z6.907 E655.62203
G1 X-15.808 Y15.093 Z6.915 E656.10668
G1 X-16.839 Y14.834 Z6.923 E656.6066
G1 X-17.603 Y14.573 Z6.929 E656.98628
G1 X-18.145 Y14.321 Z6.934 E657.26738
G1 X-18.57 Y14.031 Z6.938 E657.50934
G1 X-18.844 Y13.774 Z6.941 E657.68601
G1 X-19.155 Y13.34 Z6.945 E657.9371
G1 X-19.26 Y13.104 Z6.947 E658.05858
G1 X-19.443 Y12.511 Z6.952 E658.35043
G1 X-19.517 Y12.054 Z6.955 E658.56815
G1 X-19.573 Y11.231 Z6.961 E658.95608
G1 X-19.541 Y10.052 Z6.97 E659.51074
G1 X-19.428 Y8.583 Z6.982 E660.20362
G1 X-19.322 Y7.583 Z6.989 E660.67653
G1 X-19.133 Y5.994 Z7.001 E661.42907
G1 X-18.374 Y0.058 Z7.047 E664.24337
G1 X-18.073 Y-2.401 Z7.066 E665.40841
G1 X-17.287 Y-8.352 Z7.112 E668.23134
G1 X-16.98 Y-10.805 Z7.13 E669.39392
G1 X-16.757 Y-12.374 Z7.142 E670.13921
G1 X-16.521 Y-13.895 Z7.154 E670.86306
G1 X-16.265 Y-15.099 Z7.163 E671.44193
G1 X-15.82 Y-16.525 Z7.175 E672.14444
G1 X-15.574 Y-17.037 Z7.179 E672.41157
G1 X-15.333 Y-17.387 Z7.182 E672.61142
G1 X-14.946 Y-17.78 Z7.187 E672.8708
G1 X-14.528 Y-18.047 Z7.19 E673.10406
G1 X-13.834 Y-18.273 Z7.196 E673.4473
G1 X-13.325 Y-18.356 Z7.2 E673.68983
G1 X-12.211 Y-18.412 Z7.208 E674.21438
G1 X-11.189 Y-18.375 Z7.216 E674.69532
G1 X-9.705 Y-18.25 Z7.227 E675.39569
G1 X-8.632 Y-18.132 Z7.236 E675.90334
G1 X-6.983 Y-17.928 Z7.248 E676.68474
G1 X-.822 Y-17.1 Z7.296 E679.60817
G1 X1.744 Y-16.778 Z7.315 E680.82436
G1 X7.9 Y-15.923 Z7.363 E683.74718
G1 X10.466 Y-15.593 Z7.382 E684.96385
G1 X12.086 Y-15.357 Z7.395 E685.73374
G1 X13.611 Y-15.111 Z7.407 E686.46019
G1 X14.62 Y-14.909 Z7.414 E686.94411
G1 X15.636 Y-14.659 Z7.422 E687.43616
G1 X16.368 Y-14.42 Z7.428 E687.79829
G1 X16.919 Y-14.182 Z7.433 E688.08056
G1 X17.335 Y-13.939 Z7.437 E688.30712
G1 X17.612 Y-13.727 Z7.439 E688.47116
G1 X17.969 Y-13.329 Z7.443 E688.7226
G1 X18.103 Y-13.105 Z7.445 E688.84535
G1 X18.323 Y-12.515 Z7.45 E689.14148
G1 X18.416 Y-12.055 Z7.454 E689.36218
G1 X18.476 Y-11.433 Z7.458 E689.65605
G1 X18.462 Y-10.014 Z7.469 E690.32341
G1 X18.348 Y-8.62 Z7.48 E690.98116
G1 X18.231 Y-7.575 Z7.488 E691.47567
G1 X18.032 Y-5.985 Z7.5 E692.22925
;TIME_ELAPSED:90.228543
;LAYER:7
;note -- min layer time used
;TYPE:WALL-OUTER
;MESH:twised-square.stl
G1 F1575.5 X17.599 Y-2.873 Z7.524 E693.70685
G1 X16.841 Y2.772 Z7.567 E696.38539
G1 X16.449 Y5.498 Z7.588 E697.68056
G1 X15.667 Y11.145 Z7.632 E700.36156
G1 X15.428 Y12.702 Z7.644 E701.10236
G1 X15.181 Y14.201 Z7.655 E701.81681
G1 X14.891 Y15.414 Z7.665 E702.40333
G1 X14.43 Y16.787 Z7.676 E703.08445
G1 X14.021 Y17.501 Z7.682 E703.47141
G1 X13.787 Y17.755 Z7.685 E703.63383
G1 X13.381 Y18.081 Z7.689 E703.87869
G1 X12.827 Y18.313 Z7.693 E704.16115
G1 X12.161 Y18.455 Z7.698 E704.48139
G1 X11.592 Y18.492 Z7.703 E704.74955
G1 X10.817 Y18.512 Z7.709 E705.11414
G1 X9.801 Y18.462 Z7.716 E705.59251
G1 X8.788 Y18.371 Z7.724 E706.07082
G1 X7.211 Y18.184 Z7.736 E706.81765
G1 X5.604 Y17.967 Z7.749 E707.58024
G1 X2.755 Y17.545 Z7.771 E708.93468
G1 X-3.126 Y16.712 Z7.816 E711.72799
G1 X-5.975 Y16.277 Z7.838 E713.08334
G1 X-11.877 Y15.417 Z7.883 E715.88823
G1 X-13.49 Y15.162 Z7.896 E716.65621
G1 X-15.12 Y14.874 Z7.908 E717.43463
G1 X-16.609 Y14.528 Z7.92 E718.15353
G1 X-17.484 Y14.259 Z7.927 E718.58403
G1 X-18.131 Y13.983 Z7.932 E718.91483
G1 X-18.616 Y13.7 Z7.936 E719.1789
G1 X-18.948 Y13.418 Z7.94 E719.38376
G1 X-19.339 Y12.895 Z7.945 E719.69085
G1 X-19.549 Y12.396 Z7.949 E719.94545
G1 X-19.637 Y12.048 Z7.952 E720.11426
G1 X-19.704 Y11.547 Z7.955 E720.35196
G1 X-19.737 Y10.928 Z7.96 E720.64348
G1 X-19.718 Y10.077 Z7.967 E721.04379
G1 X-19.602 Y8.647 Z7.978 E721.71849
G1 X-19.409 Y7.112 Z7.989 E722.44605
G1 X-19.189 Y5.558 Z8.001 E723.18415
G1 X-18.766 Y2.838 Z8.022 E724.47868
G1 X-17.939 Y-2.799 Z8.066 E727.15801
G1 X-17.505 Y-5.519 Z8.087 E728.45335
G1 X-16.655 Y-11.157 Z8.13 E731.13474
G1 X-16.398 Y-12.713 Z8.142 E731.8764
G1 X-16.132 Y-14.171 Z8.153 E732.57338
G1 X-15.637 Y-16.106 Z8.169 E733.51268
G1 X-15.376 Y-16.813 Z8.174 E733.86709
G1 X-15.107 Y-17.328 Z8.179 E734.14034
G1 X-14.847 Y-17.695 Z8.182 E734.35185
G1 X-14.34 Y-18.141 Z8.187 E734.66941
G1 X-13.766 Y-18.411 Z8.192 E734.96772
G1 X-13.078 Y-18.558 Z8.198 E735.29857
G1 X-12.492 Y-18.61 Z8.202 E735.57524
G1 X-11.718 Y-18.616 Z8.208 E735.93924
G1 X-10.694 Y-18.556 Z8.216 E736.42164
G1 X-9.69 Y-18.461 Z8.223 E736.8959
G1 X-8.106 Y-18.25 Z8.236 E737.6474
G1 X-6.504 Y-18.017 Z8.248 E738.40871
G1 X-3.66 Y-17.555 Z8.27 E739.76372
G1 X2.214 Y-16.664 Z8.315 E742.55772
G1 X5.058 Y-16.191 Z8.337 E743.91356
G1 X10.952 Y-15.273 Z8.383 E746.7188
G1 X12.561 Y-15.001 Z8.395 E747.48621
G1 X14.099 Y-14.718 Z8.407 E748.22164
G1 X15.106 Y-14.491 Z8.415 E748.7071
G1 X16.123 Y-14.217 Z8.423 E749.20242
G1 X16.857 Y-13.961 Z8.429 E749.568
G1 X17.403 Y-13.71 Z8.433 E749.8506
G1 X17.807 Y-13.465 Z8.437 E750.0728
G1 X18.087 Y-13.241 Z8.44 E750.24143
G1 X18.415 Y-12.858 Z8.443 E750.47857
G1 X18.646 Y-12.42 Z8.447 E750.71144
G1 X18.818 Y-11.797 Z8.452 E751.01539
G1 X18.883 Y-11.267 Z8.456 E751.2665
G1 X18.903 Y-10.522 Z8.462 E751.61698
G1 X18.857 Y-9.541 Z8.469 E752.07883
G1 X18.711 Y-8.14 Z8.48 E752.74126
G1 X18.571 Y-7.103 Z8.488 E753.23336
G1 X18.34 Y-5.55 Z8.5 E753.97174
;TIME_ELAPSED:95.235191
;LAYER:8
;note -- min layer time used
;TYPE:WALL-OUTER
;MESH:twised-square.stl
G1 F1575.1 X17.024 Y2.729 Z8.564 E757.91405
G1 X16.946 Y3.188 Z8.567 E758.133
G1 X15.589 Y11.49 Z8.631 E762.08905
G1 X15.315 Y13.043 Z8.644 E762.83068
G1 X14.91 Y15.023 Z8.659 E763.78111
G1 X14.496 Y16.394 Z8.67 E764.45461
G1 X14.22 Y17.074 Z8.675 E764.79974
G1 X13.951 Y17.576 Z8.68 E765.06758
G1 X13.678 Y17.911 Z8.683 E765.2708
G1 X13.159 Y18.316 Z8.688 E765.5804
G1 X12.59 Y18.548 Z8.693 E765.86938
G1 X11.906 Y18.683 Z8.698 E766.19725
G1 X11.339 Y18.719 Z8.702 E766.46443
G1 X10.361 Y18.701 Z8.71 E766.92444
G1 X8.596 Y18.536 Z8.723 E767.7581
G1 X6.976 Y18.302 Z8.736 E768.52786
G1 X5.339 Y18.041 Z8.748 E769.30743
G1 X-12.093 Y15.092 Z8.883 E777.62178
G1 X-13.729 Y14.793 Z8.896 E778.4039
G1 X-15.262 Y14.489 Z8.908 E779.13888
G1 X-16.269 Y14.244 Z8.916 E779.62626
G1 X-17.304 Y13.944 Z8.924 E780.13303
G1 X-18.052 Y13.654 Z8.93 E780.51031
G1 X-18.612 Y13.362 Z8.935 E780.80732
G1 X-19.006 Y13.064 Z8.938 E781.03964
G1 X-19.48 Y12.507 Z8.944 E781.38359
G1 X-19.724 Y11.944 Z8.949 E781.67216
G1 X-19.85 Y11.285 Z8.954 E781.98768
G1 X-19.888 Y10.762 Z8.958 E782.23429
G1 X-19.883 Y10.036 Z8.963 E782.57571
G1 X-19.695 Y8.068 Z8.978 E783.50543
G1 X-19.477 Y6.613 Z8.99 E784.19733
G1 X-19.223 Y5.078 Z9.002 E784.92902
G1 X-16.321 Y-11.503 Z9.13 E792.84522
G1 X-16.026 Y-13.067 Z9.142 E793.5937
G1 X-15.723 Y-14.517 Z9.153 E794.29033
G1 X-15.397 Y-15.794 Z9.163 E794.91014
G1 X-15.053 Y-16.792 Z9.171 E795.40657
G1 X-14.781 Y-17.37 Z9.176 E795.70699
G1 X-14.512 Y-17.783 Z9.18 E795.93878
G1 X-14.09 Y-18.23 Z9.185 E796.22787
G1 X-13.58 Y-18.542 Z9.189 E796.50904
G1 X-13.268 Y-18.653 Z9.192 E796.66477
G1 X-12.569 Y-18.79 Z9.197 E796.99975
G1 X-11.991 Y-18.825 Z9.201 E797.27207
G1 X-11.218 Y-18.812 Z9.207 E797.63564
G1 X-10.162 Y-18.727 Z9.215 E798.13386
G1 X-9.171 Y-18.607 Z9.223 E798.60331
G1 X-7.618 Y-18.365 Z9.235 E799.34247
G1 X-5.983 Y-18.087 Z9.248 E800.12241
G1 X11.416 Y-14.945 Z9.382 E808.43711
G1 X13.048 Y-14.631 Z9.395 E809.21868
G1 X14.569 Y-14.315 Z9.407 E809.94925
G1 X15.589 Y-14.061 Z9.415 E810.44358
G1 X16.556 Y-13.779 Z9.423 E810.91729
G1 X17.326 Y-13.491 Z9.429 E811.3039
G1 X17.866 Y-13.23 Z9.433 E811.58595
G1 X18.246 Y-12.988 Z9.437 E811.79782
G1 X18.695 Y-12.585 Z9.441 E812.08155
G1 X19.007 Y-12.105 Z9.446 E812.35079
G1 X19.203 Y-11.512 Z9.45 E812.6445
G1 X19.275 Y-11.056 Z9.454 E812.8616
G1 X19.308 Y-10.421 Z9.459 E813.16063
G1 X19.269 Y-9.335 Z9.467 E813.67168
G1 X19.056 Y-7.653 Z9.48 E814.46901
G1 X18.89 Y-6.603 Z9.488 E814.96893
G1 X18.626 Y-5.07 Z9.5 E815.70048
;TIME_ELAPSED:100.241837
;LAYER:9
;note -- min layer time used
;TYPE:WALL-OUTER
;MESH:twised-square.stl
G1 F1574 X17.703 Y-0.03 Z9.539 E818.11009
G1 X17.046 Y3.583 Z9.567 E819.83707
G1 X16.177 Y8.218 Z9.603 E822.05479
G1 X15.499 Y11.828 Z9.631 E823.78217
G1 X15.189 Y13.383 Z9.643 E824.52784
G1 X14.884 Y14.808 Z9.654 E825.21317
G1 X14.517 Y16.092 Z9.664 E825.84118
G1 X14.166 Y17.058 Z9.672 E826.32453
G1 X13.871 Y17.631 Z9.677 E826.62762
G1 X13.577 Y18.031 Z9.681 E826.86107
G1 X13.328 Y18.288 Z9.684 E827.02936
G1 X12.892 Y18.581 Z9.688 E827.2764
G1 X12.323 Y18.79 Z9.692 E827.56146
G1 X11.928 Y18.879 Z9.695 E827.75188
G1 X11.058 Y18.926 Z9.702 E828.16162
G1 X10.308 Y18.911 Z9.708 E828.5144
G1 X9.273 Y18.798 Z9.716 E829.00403
G1 X7.778 Y18.586 Z9.727 E829.71413
G1 X6.716 Y18.406 Z9.735 E830.22068
G1 X5.09 Y18.11 Z9.748 E830.99792
G1 X0.192 Y17.169 Z9.786 E833.34347
G1 X-3.635 Y16.443 Z9.816 E835.17532
G1 X-8.509 Y15.487 Z9.854 E837.51113
G1 X-12.337 Y14.749 Z9.883 E839.3445
G1 X-13.945 Y14.417 Z9.896 E840.11666
G1 X-15.494 Y14.072 Z9.908 E840.86296
G1 X-16.842 Y13.705 Z9.919 E841.51997
G1 X-17.917 Y13.33 Z9.927 E842.0554
G1 X-18.556 Y13.026 Z9.933 E842.38818
G1 X-19.024 Y12.713 Z9.937 E842.65296
G1 X-19.376 Y12.405 Z9.941 E842.87292
G1 X-19.743 Y11.852 Z9.946 E843.18504
G1 X-19.947 Y11.225 Z9.951 E843.49512
G1 X-20.007 Y10.817 Z9.954 E843.68906
G1 X-20.029 Y9.89 Z9.961 E844.12513
G1 X-19.966 Y9.084 Z9.967 E844.50533
G1 X-19.799 Y7.668 Z9.978 E845.17586
G1 X-19.536 Y6.15 Z9.99 E845.90037
G1 X-19.248 Y4.615 Z10.001 E846.63484
G1 X-18.325 Y-0.009 Z10.037 E848.8523
G1 X-17.624 Y-3.638 Z10.066 E850.59049
G1 X-16.687 Y-8.239 Z10.101 E852.79865
G1 X-15.978 Y-11.842 Z10.129 E854.52556
G1 X-15.648 Y-13.394 Z10.142 E855.27175
G1 X-15.425 Y-14.383 Z10.149 E855.74853
G1 X-15.058 Y-15.775 Z10.16 E856.42552
G1 X-14.749 Y-16.697 Z10.168 E856.88282
G1 X-14.292 Y-17.674 Z10.176 E857.39006
G1 X-14.028 Y-18.064 Z10.179 E857.61154
G1 X-13.769 Y-18.339 Z10.182 E857.78919
G1 X-13.338 Y-18.663 Z10.186 E858.04277
G1 X-12.748 Y-18.893 Z10.191 E858.34057
G1 X-12.353 Y-18.972 Z10.194 E858.53001
G1 X-11.46 Y-19.028 Z10.201 E858.95079
G1 X-10.699 Y-18.996 Z10.207 E859.30899
G1 X-9.666 Y-18.889 Z10.215 E859.79738
G1 X-8.169 Y-18.657 Z10.226 E860.50979
G1 X-7.109 Y-18.465 Z10.235 E861.0164
G1 X-5.485 Y-18.152 Z10.247 E861.79419
G1 X-.6 Y-17.143 Z10.285 E864.13998
G1 X3.221 Y-16.39 Z10.315 E865.97148
G1 X8.084 Y-15.365 Z10.353 E868.30869
G1 X11.905 Y-14.599 Z10.383 E870.14137
G1 X13.502 Y-14.253 Z10.395 E870.90983
G1 X15.055 Y-13.893 Z10.407 E871.65953
G1 X16.027 Y-13.628 Z10.415 E872.13333
G1 X17.266 Y-13.233 Z10.425 E872.7449
G1 X18.06 Y-12.876 Z10.431 E873.1543
G1 X18.524 Y-12.606 Z10.436 E873.40677
G1 X19.093 Y-12.119 Z10.441 E873.75898
G1 X19.388 Y-11.68 Z10.445 E874.00772
G1 X19.609 Y-11.03 Z10.45 E874.33058
G1 X19.676 Y-10.532 Z10.454 E874.56689
G1 X19.694 Y-9.908 Z10.459 E874.86047
G1 X19.647 Y-9.076 Z10.465 E875.25236
G1 X19.471 Y-7.655 Z10.476 E875.92573
G1 X19.198 Y-6.139 Z10.488 E876.65014
G1 X18.897 Y-4.605 Z10.5 E877.3853
;TIME_ELAPSED:105.247933
;LAYER:10
;note -- min layer time used
;TYPE:WALL-OUTER
;MESH:twised-square.stl
G1 F1572.7 X18.501 Y-2.733 Z10.515 E878.28515
G1 X17.124 Y3.975 Z10.567 E881.50555
G1 X16.805 Y5.451 Z10.578 E882.2157
G1 X15.394 Y12.178 Z10.631 E885.4481
G1 X15.057 Y13.682 Z10.643 E886.17294
G1 X14.818 Y14.698 Z10.651 E886.66378
G1 X14.44 Y16.053 Z10.661 E887.32534
G1 X14.103 Y16.982 Z10.669 E887.79008
G1 X13.794 Y17.639 Z10.674 E888.13152
G1 X13.49 Y18.119 Z10.679 E888.39872
G1 X13.204 Y18.434 Z10.682 E888.59881
G1 X12.937 Y18.672 Z10.685 E888.76702
G1 X12.383 Y18.943 Z10.689 E889.05705
G1 X12.06 Y19.029 Z10.692 E889.21424
G1 X11.655 Y19.083 Z10.695 E889.40639
G1 X11.14 Y19.123 Z10.699 E889.64931
G1 X10.022 Y19.077 Z10.708 E890.17553
G1 X9.004 Y18.953 Z10.715 E890.65781
G1 X7.534 Y18.709 Z10.727 E891.35858
G1 X6.435 Y18.495 Z10.735 E891.88512
G1 X4.811 Y18.161 Z10.748 E892.66483
G1 X3.273 Y17.82 Z10.76 E893.40569
G1 X-3.855 Y16.301 Z10.816 E896.8331
G1 X-5.409 Y15.95 Z10.828 E897.58232
G1 X-12.542 Y14.401 Z10.883 E901.01499
G1 X-14.145 Y14.032 Z10.896 E901.78856
G1 X-15.22 Y13.772 Z10.904 E902.30868
G1 X-16.7 Y13.365 Z10.916 E903.03053
G1 X-17.932 Y12.929 Z10.926 E903.64513
G1 X-18.71 Y12.55 Z10.933 E904.05211
G1 X-19.399 Y12.04 Z10.939 E904.45524
G1 X-19.832 Y11.475 Z10.945 E904.79
G1 X-20.056 Y10.906 Z10.949 E905.07758
G1 X-20.146 Y10.245 Z10.954 E905.3913
G1 X-20.167 Y9.733 Z10.958 E905.63228
G1 X-20.112 Y8.807 Z10.965 E906.06853
G1 X-19.877 Y7.189 Z10.978 E906.83742
G1 X-19.578 Y5.664 Z10.99 E907.56825
G1 X-19.249 Y4.118 Z11.002 E908.31158
G1 X-18.92 Y2.678 Z11.013 E909.00623
G1 X-17.458 Y-4.014 Z11.065 E912.22755
G1 X-17.116 Y-5.483 Z11.077 E912.93687
G1 X-15.624 Y-12.178 Z11.129 E916.16261
G1 X-15.266 Y-13.693 Z11.141 E916.8947
G1 X-14.895 Y-15.137 Z11.152 E917.59584
G1 X-14.52 Y-16.373 Z11.162 E918.20327
G1 X-14.132 Y-17.334 Z11.17 E918.69065
G1 X-13.667 Y-18.16 Z11.177 E919.13642
G1 X-13.399 Y-18.475 Z11.181 E919.33092
G1 X-13.118 Y-18.72 Z11.183 E919.50624
G1 X-12.579 Y-19.018 Z11.188 E919.79588
G1 X-12.242 Y-19.117 Z11.191 E919.96107
G1 X-11.82 Y-19.186 Z11.194 E920.16216
G1 X-11.311 Y-19.222 Z11.198 E920.40213
G1 X-10.169 Y-19.169 Z11.207 E920.93976
G1 X-9.147 Y-19.035 Z11.215 E921.4245
G1 X-7.679 Y-18.775 Z11.226 E922.12561
G1 X-6.581 Y-18.551 Z11.234 E922.65261
G1 X-4.958 Y-18.199 Z11.247 E923.43362
G1 X-3.425 Y-17.837 Z11.259 E924.17438
G1 X3.686 Y-16.244 Z11.315 E927.60141
G1 X5.236 Y-15.872 Z11.327 E928.35104
G1 X12.352 Y-14.249 Z11.383 E931.78347
G1 X13.95 Y-13.865 Z11.395 E932.55637
G1 X15.488 Y-13.472 Z11.407 E933.3029
G1 X16.464 Y-13.183 Z11.415 E933.78159
G1 X17.481 Y-12.835 Z11.423 E934.28708
G1 X18.196 Y-12.531 Z11.429 E934.65246
G1 X18.74 Y-12.237 Z11.434 E934.94327
G1 X19.13 Y-11.966 Z11.437 E935.1666
G1 X19.415 Y-11.71 Z11.44 E935.34676
G1 X19.769 Y-11.211 Z11.445 E935.63449
G1 X19.955 Y-10.699 Z11.449 E935.89067
G1 X20.058 Y-9.993 Z11.455 E936.2262
G1 X20.063 Y-9.387 Z11.459 E936.5112
G1 X19.997 Y-8.551 Z11.466 E936.90557
G1 X19.795 Y-7.175 Z11.476 E937.55961
G1 X19.48 Y-5.629 Z11.488 E938.3016
G1 X19.152 Y-4.136 Z11.5 E939.02047
;TIME_ELAPSED:110.254569
;LAYER:11
;note -- min layer time used
;TYPE:WALL-OUTER
;MESH:twised-square.stl
G1 F1571.4 X17.562 Y2.759 Z11.554 E942.34813
G1 X17.184 Y4.389 Z11.567 E943.13502
G1 X15.664 Y10.863 Z11.618 E946.26239
G1 X15.276 Y12.517 Z11.631 E947.06135
G1 X14.909 Y13.997 Z11.642 E947.77843
G1 X14.383 Y15.886 Z11.657 E948.70059
G1 X13.797 Y17.442 Z11.67 E949.48251
G1 X13.236 Y18.39 Z11.678 E950.00055
G1 X12.961 Y18.692 Z11.681 E950.19263
G1 X12.671 Y18.895 Z11.684 E950.35911
G1 X12.127 Y19.167 Z11.689 E950.64513
G1 X11.792 Y19.245 Z11.691 E950.80689
G1 X11.389 Y19.297 Z11.694 E950.99798
G1 X10.865 Y19.31 Z11.699 E951.24449
G1 X10.167 Y19.283 Z11.704 E951.57299
G1 X9.297 Y19.184 Z11.711 E951.98477
G1 X7.777 Y18.92 Z11.722 E952.71029
G1 X6.168 Y18.578 Z11.735 E953.48387
G1 X4.561 Y18.208 Z11.747 E954.25938
G1 X-2.347 Y16.554 Z11.802 E957.59988
G1 X-4.088 Y16.143 Z11.815 E958.44114
G1 X-10.993 Y14.462 Z11.87 E961.78325
G1 X-12.747 Y14.042 Z11.883 E962.63143
G1 X-14.359 Y13.632 Z11.896 E963.41366
G1 X-15.879 Y13.215 Z11.908 E964.15489
G1 X-16.876 Y12.906 Z11.916 E964.64576
G1 X-17.896 Y12.538 Z11.924 E965.15571
G1 X-18.611 Y12.201 Z11.93 E965.52743
G1 X-19.392 Y11.682 Z11.938 E965.96843
G1 X-19.906 Y11.096 Z11.944 E966.335
G1 X-20.061 Y10.802 Z11.946 E966.4913
G1 X-20.233 Y10.197 Z11.951 E966.78709
G1 X-20.284 Y9.491 Z11.956 E967.11997
G1 X-20.212 Y8.313 Z11.965 E967.67499
G1 X-19.928 Y6.635 Z11.978 E968.47534
G1 X-19.604 Y5.17 Z11.99 E969.18095
G1 X-19.245 Y3.657 Z12.002 E969.91223
G1 X-17.661 Y-2.799 Z12.052 E973.03839
G1 X-17.27 Y-4.43 Z12.065 E973.82715
G1 X-15.658 Y-10.88 Z12.116 E976.95373
G1 X-15.256 Y-12.533 Z12.129 E977.75376
G1 X-14.87 Y-14.009 Z12.141 E978.47124
G1 X-14.604 Y-14.978 Z12.148 E978.94379
G1 X-14.075 Y-16.637 Z12.162 E979.76269
G1 X-13.655 Y-17.608 Z12.17 E980.26021
G1 X-13.176 Y-18.411 Z12.177 E980.69993
G1 X-12.894 Y-18.724 Z12.18 E980.89806
G1 X-12.621 Y-18.957 Z12.183 E981.06684
G1 X-12.067 Y-19.24 Z12.188 E981.3594
G1 X-11.313 Y-19.393 Z12.193 E981.72122
G1 X-10.776 Y-19.408 Z12.198 E981.97386
G1 X-10.084 Y-19.378 Z12.203 E982.2996
G1 X-9.197 Y-19.269 Z12.21 E982.71987
G1 X-7.684 Y-18.997 Z12.221 E983.4428
G1 X-6.071 Y-18.63 Z12.234 E984.22075
G1 X-4.471 Y-18.244 Z12.247 E984.99478
G1 X2.421 Y-16.505 Z12.301 E988.33752
G1 X4.159 Y-16.085 Z12.314 E989.17839
G1 X11.046 Y-14.319 Z12.369 E992.52198
G1 X12.795 Y-13.888 Z12.383 E993.3691
G1 X14.401 Y-13.462 Z12.395 E994.15048
G1 X15.916 Y-13.04 Z12.407 E994.89008
G1 X16.899 Y-12.723 Z12.415 E995.3758
G1 X17.895 Y-12.357 Z12.423 E995.87482
G1 X18.591 Y-12.045 Z12.429 E996.23352
G1 X19.373 Y-11.574 Z12.436 E996.66283
G1 X19.92 Y-11.06 Z12.442 E997.01582
G1 X20.233 Y-10.51 Z12.447 E997.31343
G1 X20.334 Y-10.177 Z12.449 E997.47707
G1 X20.398 Y-9.766 Z12.452 E997.67269
G1 X20.408 Y-8.842 Z12.459 E998.10725
G1 X20.328 Y-8.043 Z12.466 E998.48488
G1 X20.09 Y-6.652 Z12.476 E999.14854
G1 X19.746 Y-5.134 Z12.488 E999.88052
G1 X19.383 Y-3.644 Z12.5 E1000.60173
;TIME_ELAPSED:115.260655
;LAYER:12
;note -- min layer time used
;TYPE:WALL-OUTER
;MESH:twised-square.stl
G1 F1569.3 X18.425 Y0.087 Z12.529 E1002.41325
G1 X17.231 Y4.805 Z12.567 E1004.70198
G1 X16.364 Y8.118 Z12.593 E1006.31247
G1 X15.156 Y12.81 Z12.63 E1008.59097
G1 X14.748 Y14.303 Z12.642 E1009.31884
G1 X14.468 Y15.283 Z12.65 E1009.79816
G1 X13.913 Y16.9 Z12.663 E1010.60214
G1 X13.464 Y17.868 Z12.671 E1011.10396
G1 X13.151 Y18.41 Z12.676 E1011.3983
G1 X12.84 Y18.789 Z12.679 E1011.62886
G1 X12.548 Y19.031 Z12.682 E1011.80721
G1 X12.007 Y19.327 Z12.687 E1012.09722
G1 X11.332 Y19.477 Z12.692 E1012.4224
G1 X10.859 Y19.507 Z12.696 E1012.64529
G1 X10.248 Y19.484 Z12.701 E1012.93284
G1 X9.49 Y19.402 Z12.706 E1013.29138
G1 X8.436 Y19.222 Z12.715 E1013.79424
G1 X6.99 Y18.913 Z12.726 E1014.48961
G1 X5.912 Y18.653 Z12.734 E1015.0111
G1 X4.282 Y18.239 Z12.747 E1015.802
G1 X0.722 Y17.29 Z12.775 E1017.53465
G1 X-4.309 Y15.981 Z12.815 E1019.97939
G1 X-7.889 Y15.011 Z12.843 E1021.72369
G1 X-12.92 Y13.681 Z12.883 E1024.17093
G1 X-14.525 Y13.233 Z12.896 E1024.95458
G1 X-16.099 Y12.767 Z12.909 E1025.72656
G1 X-17.346 Y12.336 Z12.919 E1026.34704
G1 X-18.791 Y11.681 Z12.931 E1027.09314
G1 X-19.326 Y11.342 Z12.936 E1027.391
G1 X-19.67 Y11.055 Z12.939 E1027.60168
G1 X-20.064 Y10.531 Z12.944 E1027.91
G1 X-20.285 Y9.982 Z12.949 E1028.18831
G1 X-20.349 Y9.656 Z12.951 E1028.34455
G1 X-20.384 Y8.933 Z12.957 E1028.68496
G1 X-20.347 Y8.164 Z12.963 E1029.04702
G1 X-20.156 Y7.026 Z12.971 E1029.58968
G1 X-19.856 Y5.65 Z12.982 E1030.25198
G1 X-19.611 Y4.656 Z12.99 E1030.73343
G1 X-19.228 Y3.181 Z13.002 E1031.45009
G1 X-18.318 Y-.143 Z13.028 E1033.07082
G1 X-17.077 Y-4.825 Z13.065 E1035.34869
G1 X-16.153 Y-8.146 Z13.091 E1036.96981
G1 X-14.893 Y-12.826 Z13.128 E1039.24908
G1 X-14.466 Y-14.314 Z13.14 E1039.97709
G1 X-14.169 Y-15.293 Z13.148 E1040.45821
G1 X-13.615 Y-16.913 Z13.161 E1041.26338
G1 X-13.167 Y-17.883 Z13.169 E1041.76585
G1 X-12.85 Y-18.422 Z13.174 E1042.05992
G1 X-12.54 Y-18.817 Z13.178 E1042.29606
G1 X-12.249 Y-19.077 Z13.181 E1042.47957
G1 X-11.705 Y-19.389 Z13.186 E1042.7745
G1 X-11.384 Y-19.497 Z13.188 E1042.93377
G1 X-11.015 Y-19.562 Z13.191 E1043.10997
G1 X-10.545 Y-19.593 Z13.195 E1043.33149
G1 X-9.946 Y-19.575 Z13.199 E1043.61331
G1 X-8.661 Y-19.406 Z13.209 E1044.22282
G1 X-7.155 Y-19.1 Z13.221 E1044.94553
G1 X-5.577 Y-18.701 Z13.233 E1045.71098
G1 X-3.95 Y-18.271 Z13.246 E1046.50239
G1 X-.404 Y-17.273 Z13.275 E1048.23479
G1 X4.637 Y-15.913 Z13.314 E1050.69022
G1 X8.184 Y-14.9 Z13.343 E1052.42499
G1 X13.201 Y-13.525 Z13.382 E1054.87137
G1 X14.82 Y-13.057 Z13.395 E1055.66393
G1 X16.347 Y-12.591 Z13.408 E1056.41474
G1 X17.654 Y-12.137 Z13.418 E1057.06542
G1 X18.861 Y-11.615 Z13.428 E1057.68385
G1 X19.532 Y-11.218 Z13.434 E1058.0505
G1 X19.912 Y-10.93 Z13.438 E1058.27473
G1 X20.195 Y-10.652 Z13.441 E1058.46129
G1 X20.538 Y-10.121 Z13.446 E1058.75858
G1 X20.639 Y-9.837 Z13.448 E1058.90033
G1 X20.748 Y-9.19 Z13.453 E1059.20889
G1 X20.756 Y-8.665 Z13.457 E1059.45581
G1 X20.682 Y-7.752 Z13.464 E1059.88658
G1 X20.367 Y-6.122 Z13.477 E1060.66732
G1 X19.998 Y-4.658 Z13.488 E1061.37734
G1 X19.6 Y-3.17 Z13.5 E1062.10171
;TIME_ELAPSED:120.266733
;LAYER:13
;note -- min layer time used
;TYPE:WALL-OUTER
;MESH:twised-square.stl
G1 F1567.4 X15.001 Y13.17 Z13.63 E1070.08462
G1 X14.565 Y14.632 Z13.642 E1070.80209
G1 X14.253 Y15.606 Z13.649 E1071.28306
G1 X13.799 Y16.914 Z13.66 E1071.93418
G1 X13.415 Y17.77 Z13.667 E1072.37539
G1 X12.873 Y18.674 Z13.675 E1072.87108
G1 X12.57 Y19.025 Z13.679 E1073.08914
G1 X12.265 Y19.255 Z13.682 E1073.26879
G1 X11.714 Y19.522 Z13.686 E1073.55673
G1 X11.041 Y19.665 Z13.692 E1073.8803
G1 X10.584 Y19.68 Z13.695 E1074.09533
G1 X9.596 Y19.606 Z13.703 E1074.56127
G1 X8.511 Y19.423 Z13.711 E1075.07872
G1 X7.128 Y19.105 Z13.722 E1075.74609
G1 X5.618 Y18.708 Z13.734 E1076.48034
G1 X4.015 Y18.263 Z13.747 E1077.26271
G1 X-13.155 Y13.29 Z13.884 E1085.66924
G1 X-14.735 Y12.811 Z13.896 E1086.44567
G1 X-16.303 Y12.307 Z13.909 E1087.22022
G1 X-17.762 Y11.744 Z13.921 E1087.95567
G1 X-18.58 Y11.376 Z13.928 E1088.37749
G1 X-19.224 Y11.002 Z13.933 E1088.72772
G1 X-19.667 Y10.653 Z13.938 E1088.99294
G1 X-19.966 Y10.336 Z13.941 E1089.19786
G1 X-20.27 Y9.844 Z13.946 E1089.46985
G1 X-20.429 Y9.276 Z13.95 E1089.74723
G1 X-20.48 Y8.894 Z13.953 E1089.92847
G1 X-20.483 Y8.414 Z13.957 E1090.15421
G1 X-20.431 Y7.801 Z13.961 E1090.44353
G1 X-20.306 Y6.998 Z13.968 E1090.82571
G1 X-20.008 Y5.647 Z13.978 E1091.47633
G1 X-19.598 Y4.127 Z13.99 E1092.21669
G1 X-19.189 Y2.688 Z14.002 E1092.92023
G1 X-14.495 Y-13.201 Z14.129 E1100.71173
G1 X-14.047 Y-14.641 Z14.14 E1101.42094
G1 X-13.433 Y-16.481 Z14.155 E1102.33316
G1 X-12.865 Y-17.788 Z14.166 E1103.00334
G1 X-12.328 Y-18.693 Z14.174 E1103.49823
G1 X-12.022 Y-19.048 Z14.178 E1103.71864
G1 X-11.459 Y-19.48 Z14.183 E1104.05237
G1 X-10.879 Y-19.689 Z14.188 E1104.3423
G1 X-10.491 Y-19.75 Z14.191 E1104.52701
G1 X-10.026 Y-19.768 Z14.194 E1104.74585
G1 X-9.028 Y-19.686 Z14.202 E1105.21677
G1 X-7.92 Y-19.497 Z14.211 E1105.74537
G1 X-6.567 Y-19.173 Z14.221 E1106.39964
G1 X-5.049 Y-18.755 Z14.233 E1107.14009
G1 X-3.451 Y-18.292 Z14.246 E1107.9225
G1 X13.664 Y-13.133 Z14.383 E1116.32902
G1 X15.236 Y-12.64 Z14.395 E1117.10379
G1 X16.755 Y-12.139 Z14.408 E1117.856
G1 X17.706 Y-11.785 Z14.415 E1118.33321
G1 X18.669 Y-11.381 Z14.423 E1118.82433
G1 X19.367 Y-11.028 Z14.429 E1119.19217
G1 X20.108 Y-10.537 Z14.436 E1119.61021
G1 X20.569 Y-10.093 Z14.441 E1119.91121
G1 X20.886 Y-9.574 Z14.446 E1120.19721
G1 X21.055 Y-8.892 Z14.451 E1120.52764
G1 X21.081 Y-8.413 Z14.455 E1120.75323
G1 X21.045 Y-7.792 Z14.46 E1121.04577
G1 X20.926 Y-6.981 Z14.466 E1121.43125
G1 X20.64 Y-5.659 Z14.476 E1122.06733
G1 X20.229 Y-4.16 Z14.488 E1122.7983
G1 X19.793 Y-2.674 Z14.5 E1123.52659
;TIME_ELAPSED:125.273348
;LAYER:14
;note -- min layer time used
;TYPE:WALL-OUTER
;MESH:twised-square.stl
G1 F1564.9 X18.118 Y2.835 Z14.544 E1126.23445
G1 X17.281 Y5.578 Z14.566 E1127.58315
G1 X15.707 Y10.693 Z14.607 E1130.09993
G1 X14.861 Y13.432 Z14.629 E1131.44807
G1 X14.391 Y14.891 Z14.641 E1132.16892
G1 X14.054 Y15.869 Z14.649 E1132.6554
G1 X13.441 Y17.428 Z14.662 E1133.4432
G1 X12.968 Y18.342 Z14.67 E1133.92718
G1 X12.435 Y19.096 Z14.677 E1134.36142
G1 X12.135 Y19.361 Z14.68 E1134.54966
G1 X11.603 Y19.665 Z14.684 E1134.83781
G1 X11.081 Y19.812 Z14.689 E1135.09285
G1 X10.299 Y19.841 Z14.695 E1135.46086
G1 X9.289 Y19.746 Z14.702 E1135.93793
G1 X8.437 Y19.596 Z14.709 E1136.34477
G1 X6.911 Y19.214 Z14.721 E1137.08456
G1 X5.357 Y18.765 Z14.733 E1137.84526
G1 X3.743 Y18.276 Z14.746 E1138.63837
G1 X-1.791 Y16.541 Z14.791 E1141.36579
G1 X-4.782 Y15.611 Z14.815 E1142.83882
G1 X-10.306 Y13.857 Z14.859 E1145.56444
G1 X-13.296 Y12.917 Z14.883 E1147.03842
G1 X-14.862 Y12.403 Z14.896 E1147.81354
G1 X-15.93 Y12.039 Z14.905 E1148.34416
G1 X-17.343 Y11.501 Z14.916 E1149.0552
G1 X-18.311 Y11.075 Z14.924 E1149.55256
G1 X-19.342 Y10.485 Z14.933 E1150.1112
G1 X-19.797 Y10.116 Z14.938 E1150.3867
G1 X-20.268 Y9.503 Z14.944 E1150.75025
G1 X-20.47 Y9.011 Z14.948 E1151.00037
G1 X-20.563 Y8.369 Z14.953 E1151.30543
G1 X-20.529 Y7.575 Z14.959 E1151.67918
G1 X-20.433 Y6.898 Z14.964 E1152.00074
G1 X-20.138 Y5.528 Z14.975 E1152.65979
G1 X-19.595 Y3.674 Z14.99 E1153.56831
G1 X-19.138 Y2.19 Z15.002 E1154.29854
G1 X-17.509 Y-2.887 Z15.043 E1156.80604
G1 X-16.649 Y-5.623 Z15.065 E1158.15478
G1 X-14.994 Y-10.715 Z15.106 E1160.67275
G1 X-14.126 Y-13.447 Z15.128 E1162.02083
G1 X-13.637 Y-14.902 Z15.139 E1162.74269
G1 X-13.294 Y-15.882 Z15.147 E1163.23098
G1 X-12.789 Y-17.153 Z15.158 E1163.87416
G1 X-12.373 Y-18.034 Z15.165 E1164.33234
G1 X-12.012 Y-18.656 Z15.171 E1164.67055
G1 X-11.672 Y-19.094 Z15.175 E1164.9313
G1 X-11.361 Y-19.403 Z15.178 E1165.13748
G1 X-10.833 Y-19.729 Z15.183 E1165.4293
G1 X-10.325 Y-19.878 Z15.187 E1165.67826
G1 X-9.971 Y-19.925 Z15.19 E1165.8462
G1 X-9.509 Y-19.927 Z15.194 E1166.06348
G1 X-8.501 Y-19.828 Z15.201 E1166.53979
G1 X-7.617 Y-19.658 Z15.208 E1166.96314
G1 X-6.129 Y-19.28 Z15.22 E1167.68514
G1 X-4.559 Y-18.808 Z15.233 E1168.45612
G1 X-2.95 Y-18.301 Z15.246 E1169.24947
G1 X2.56 Y-16.495 Z15.29 E1171.97634
G1 X5.523 Y-15.554 Z15.314 E1173.43836
G1 X11.047 Y-13.717 Z15.358 E1176.17605
G1 X14.031 Y-12.759 Z15.383 E1177.64991
G1 X15.588 Y-12.229 Z15.395 E1178.42339
G1 X16.653 Y-11.854 Z15.404 E1178.95438
G1 X18.058 Y-11.313 Z15.415 E1179.6624
G1 X19.029 Y-10.881 Z15.423 E1180.1622
G1 X19.728 Y-10.508 Z15.43 E1180.5348
G1 X20.224 Y-10.184 Z15.434 E1180.81341
G1 X20.78 Y-9.697 Z15.44 E1181.16101
G1 X21.145 Y-9.173 Z15.445 E1181.46132
G1 X21.341 Y-8.542 Z15.45 E1181.77205
G1 X21.378 Y-8.133 Z15.453 E1181.96518
G1 X21.364 Y-7.58 Z15.457 E1182.22533
G1 X21.278 Y-6.886 Z15.462 E1182.5542
G1 X21.085 Y-5.96 Z15.47 E1182.99903
G1 X20.651 Y-4.336 Z15.483 E1183.78957
G1 X19.967 Y-2.176 Z15.5 E1184.85508
;TIME_ELAPSED:130.279408
;LAYER:15
;note -- min layer time used
;TYPE:WALL-OUTER
;MESH:twised-square.stl
G1 F1561.6 X19.15 Y0.278 Z15.52 E1186.07142
G1 X17.285 Y5.964 Z15.566 E1188.88559
G1 X16.58 Y8.05 Z15.583 E1189.9211
G1 X14.689 Y13.747 Z15.629 E1192.744
G1 X14.193 Y15.171 Z15.64 E1193.45314
G1 X13.838 Y16.128 Z15.648 E1193.93316
G1 X13.319 Y17.422 Z15.659 E1194.58883
G1 X12.891 Y18.268 Z15.666 E1195.0347
G1 X12.505 Y18.867 Z15.672 E1195.36982
G1 X12.169 Y19.293 Z15.676 E1195.62497
G1 X11.86 Y19.547 Z15.679 E1195.81308
G1 X11.384 Y19.824 Z15.683 E1196.07208
G1 X11.155 Y19.911 Z15.685 E1196.18728
G1 X10.633 Y19.985 Z15.689 E1196.43522
G1 X9.945 Y19.993 Z15.695 E1196.7588
G1 X9.367 Y19.939 Z15.699 E1197.0318
G1 X8.6 Y19.803 Z15.705 E1197.39813
G1 X7.575 Y19.552 Z15.713 E1197.8944
G1 X6.118 Y19.134 Z15.725 E1198.60724
G1 X5.056 Y18.798 Z15.733 E1199.13107
G1 X3.47 Y18.276 Z15.746 E1199.9163
G1 X1.215 Y17.503 Z15.764 E1201.03735
G1 X-4.972 Y15.428 Z15.815 E1204.10624
G1 X-7.249 Y14.637 Z15.833 E1205.23983
G1 X-13.449 Y12.53 Z15.883 E1208.31932
G1 X-15.028 Y11.97 Z15.896 E1209.10721
G1 X-16.074 Y11.583 Z15.905 E1209.63171
G1 X-17.478 Y11.017 Z15.916 E1210.34361
G1 X-18.461 Y10.548 Z15.925 E1210.85581
G1 X-19.155 Y10.162 Z15.931 E1211.22927
G1 X-19.893 Y9.576 Z15.938 E1211.67244
G1 X-20.19 Y9.238 Z15.942 E1211.88404
G1 X-20.485 Y8.656 Z15.947 E1212.1909
G1 X-20.6 Y8.147 Z15.951 E1212.4363
G1 X-20.624 Y7.795 Z15.953 E1212.60222
G1 X-20.611 Y7.327 Z15.957 E1212.8224
G1 X-20.538 Y6.736 Z15.962 E1213.10245
G1 X-20.375 Y5.931 Z15.968 E1213.4887
G1 X-20.008 Y4.569 Z15.979 E1214.15207
G1 X-19.562 Y3.17 Z15.99 E1214.84261
G1 X-19.073 Y1.704 Z16.002 E1215.56938
G1 X-18.353 Y-.348 Z16.019 E1216.59207
G1 X-16.423 Y-6.01 Z16.065 E1219.40523
G1 X-15.685 Y-8.085 Z16.081 E1220.44093
G1 X-13.724 Y-13.762 Z16.128 E1223.26549
G1 X-13.212 Y-15.181 Z16.139 E1223.97493
G1 X-12.848 Y-16.135 Z16.147 E1224.45512
G1 X-12.31 Y-17.416 Z16.158 E1225.10852
G1 X-11.883 Y-18.272 Z16.165 E1225.55838
G1 X-11.525 Y-18.855 Z16.17 E1225.88012
G1 X-10.981 Y-19.481 Z16.177 E1226.27014
G1 X-10.423 Y-19.864 Z16.182 E1226.58842
G1 X-9.825 Y-20.048 Z16.187 E1226.88266
G1 X-9.441 Y-20.088 Z16.19 E1227.06423
G1 X-8.953 Y-20.08 Z16.193 E1227.29375
G1 X-8.36 Y-20.022 Z16.198 E1227.57396
G1 X-7.582 Y-19.88 Z16.204 E1227.94588
G1 X-6.546 Y-19.62 Z16.212 E1228.44819
G1 X-5.07 Y-19.178 Z16.224 E1229.17278
G1 X-4.054 Y-18.845 Z16.232 E1229.67559
G1 X-2.455 Y-18.3 Z16.245 E1230.47004
G1 X-.211 Y-17.496 Z16.264 E1231.59104
G1 X5.956 Y-15.361 Z16.314 E1234.66012
G1 X8.222 Y-14.539 Z16.332 E1235.79372
G1 X14.401 Y-12.371 Z16.383 E1238.87324
G1 X15.973 Y-11.797 Z16.395 E1239.66026
G1 X16.997 Y-11.409 Z16.404 E1240.17524
G1 X18.395 Y-10.834 Z16.416 E1240.88612
G1 X19.377 Y-10.371 Z16.424 E1241.39669
G1 X20.059 Y-9.989 Z16.43 E1241.76431
G1 X20.569 Y-9.64 Z16.435 E1242.05493
G1 X21.183 Y-9.051 Z16.441 E1242.45506
G1 X21.464 Y-8.592 Z16.445 E1242.70815
G1 X21.633 Y-7.993 Z16.45 E1243.00085
G1 X21.663 Y-7.571 Z16.453 E1243.1998
G1 X21.638 Y-7.038 Z16.457 E1243.45074
G1 X21.536 Y-6.356 Z16.463 E1243.77504
G1 X21.32 Y-5.421 Z16.47 E1244.22632
G1 X20.85 Y-3.811 Z16.483 E1245.01507
G1 X20.134 Y-1.717 Z16.5 E1246.05581
;TIME_ELAPSED:135.286000
;LAYER:16
;note -- min layer time used
;TYPE:WALL-OUTER
;MESH:twised-square.stl
G1 F1559.3 X17.573 Y5.5 Z16.559 E1249.65717
G1 X17.258 Y6.382 Z16.566 E1250.09761
G1 X14.821 Y13.169 Z16.622 E1253.48891
G1 X14.515 Y14.022 Z16.629 E1253.91509
G1 X13.981 Y15.448 Z16.64 E1254.63118
G1 X13.606 Y16.39 Z16.648 E1255.10799
G1 X12.931 Y17.908 Z16.661 E1255.88927
G1 X12.414 Y18.824 Z16.669 E1256.38392
G1 X12.056 Y19.3 Z16.674 E1256.66402
G1 X11.519 Y19.779 Z16.679 E1257.00243
G1 X10.965 Y20.043 Z16.684 E1257.29103
G1 X10.332 Y20.151 Z16.689 E1257.59302
G1 X9.918 Y20.17 Z16.692 E1257.78792
G1 X9.366 Y20.121 Z16.696 E1258.04853
G1 X8.698 Y20.005 Z16.701 E1258.36738
G1 X7.569 Y19.732 Z16.71 E1258.91362
G1 X5.799 Y19.178 Z16.725 E1259.78584
G1 X4.785 Y18.833 Z16.733 E1260.28955
G1 X3.206 Y18.272 Z16.746 E1261.07759
G1 X-4.254 Y15.562 Z16.807 E1264.81018
G1 X-5.218 Y15.214 Z16.815 E1265.29216
G1 X-12.647 Y12.48 Z16.876 E1269.01493
G1 X-13.585 Y12.139 Z16.883 E1269.48429
G1 X-15.149 Y11.545 Z16.896 E1270.27107
G1 X-16.205 Y11.126 Z16.905 E1270.80535
G1 X-17.6 Y10.526 Z16.917 E1271.51949
G1 X-18.773 Y9.936 Z16.927 E1272.13698
G1 X-19.644 Y9.358 Z16.935 E1272.62858
G1 X-20.281 Y8.682 Z16.942 E1273.06539
G1 X-20.445 Y8.392 Z16.945 E1273.22207
G1 X-20.618 Y7.907 Z16.949 E1273.46423
G1 X-20.66 Y7.64 Z16.951 E1273.59134
G1 X-20.672 Y7.022 Z16.955 E1273.88202
G1 X-20.559 Y6.16 Z16.962 E1274.29087
G1 X-20.386 Y5.409 Z16.968 E1274.6533
G1 X-20.003 Y4.084 Z16.979 E1275.30193
G1 X-19.517 Y2.667 Z16.99 E1276.00642
G1 X-19 Y1.234 Z17.002 E1276.72284
G1 X-16.492 Y-5.55 Z17.058 E1280.12425
G1 X-16.171 Y-6.429 Z17.065 E1280.56432
G1 X-13.641 Y-13.184 Z17.12 E1283.95655
G1 X-13.327 Y-14.037 Z17.127 E1284.38401
G1 X-12.779 Y-15.452 Z17.139 E1285.09762
G1 X-12.231 Y-16.788 Z17.15 E1285.77671
G1 X-11.691 Y-17.951 Z17.16 E1286.37973
G1 X-11.196 Y-18.803 Z17.167 E1286.84312
G1 X-10.624 Y-19.522 Z17.175 E1287.2752
G1 X-10.319 Y-19.795 Z17.178 E1287.4677
G1 X-9.76 Y-20.099 Z17.183 E1287.76694
G1 X-9.112 Y-20.231 Z17.188 E1288.07794
G1 X-8.687 Y-20.24 Z17.191 E1288.27785
G1 X-8.14 Y-20.195 Z17.195 E1288.53596
G1 X-7.465 Y-20.081 Z17.2 E1288.8579
G1 X-6.33 Y-19.803 Z17.209 E1289.40744
G1 X-4.581 Y-19.235 Z17.224 E1290.27224
G1 X-3.53 Y-18.865 Z17.232 E1290.79624
G1 X-1.974 Y-18.294 Z17.245 E1291.57571
G1 X5.455 Y-15.498 Z17.306 E1295.30865
G1 X6.417 Y-15.146 Z17.314 E1295.79039
G1 X13.816 Y-12.325 Z17.375 E1299.5143
G1 X14.749 Y-11.98 Z17.382 E1299.98211
G1 X16.323 Y-11.365 Z17.395 E1300.77682
G1 X17.333 Y-10.955 Z17.404 E1301.28945
G1 X18.737 Y-10.341 Z17.416 E1302.0101
G1 X19.899 Y-9.76 Z17.426 E1302.62106
G1 X20.628 Y-9.288 Z17.432 E1303.02948
G1 X21.257 Y-8.757 Z17.439 E1303.41659
G1 X21.492 Y-8.484 Z17.441 E1303.58599
G1 X21.782 Y-7.953 Z17.446 E1303.87053
G1 X21.906 Y-7.411 Z17.45 E1304.132
G1 X21.926 Y-7.016 Z17.453 E1304.318
G1 X21.889 Y-6.493 Z17.457 E1304.56457
G1 X21.772 Y-5.808 Z17.463 E1304.89138
G1 X21.426 Y-4.447 Z17.474 E1305.55179
G1 X20.788 Y-2.627 Z17.488 E1306.45875
G1 X20.269 Y-1.218 Z17.5 E1307.1649
;TIME_ELAPSED:140.292583
;LAYER:17
;note -- min layer time used
;TYPE:WALL-OUTER
;MESH:twised-square.stl
G1 F1555.8 X18.664 Y2.987 Z17.535 E1309.28157
G1 X17.232 Y6.76 Z17.566 E1311.17943
G1 X15.762 Y10.561 Z17.597 E1313.09598
G1 X14.323 Y14.305 Z17.628 E1314.98227
G1 X13.761 Y15.708 Z17.64 E1315.69304
G1 X12.994 Y17.476 Z17.655 E1316.59936
G1 X12.332 Y18.713 Z17.666 E1317.25916
G1 X11.922 Y19.293 Z17.671 E1317.59319
G1 X11.563 Y19.687 Z17.675 E1317.84386
G1 X10.961 Y20.109 Z17.681 E1318.1896
G1 X10.468 Y20.255 Z17.685 E1318.4314
G1 X9.813 Y20.315 Z17.69 E1318.74072
G1 X9.339 Y20.287 Z17.694 E1318.96402
G1 X8.751 Y20.194 Z17.698 E1319.24398
G1 X7.496 Y19.892 Z17.708 E1319.85103
G1 X6.006 Y19.401 Z17.72 E1320.5888
G1 X4.491 Y18.851 Z17.733 E1321.34678
G1 X2.914 Y18.25 Z17.746 E1322.14044
G1 X-1.281 Y16.609 Z17.78 E1324.25882
G1 X-5.401 Y15.016 Z17.814 E1326.33615
G1 X-9.607 Y13.347 Z17.849 E1328.46418
G1 X-13.724 Y11.738 Z17.883 E1330.54292
G1 X-15.276 Y11.108 Z17.896 E1331.33064
G1 X-16.733 Y10.485 Z17.909 E1332.07584
G1 X-17.701 Y10.035 Z17.917 E1332.57786
G1 X-18.664 Y9.535 Z17.925 E1333.08814
G1 X-19.345 Y9.106 Z17.931 E1333.46665
G1 X-19.831 Y8.709 Z17.936 E1333.76176
G1 X-20.353 Y8.117 Z17.942 E1334.13294
G1 X-20.624 Y7.521 Z17.947 E1334.44084
G1 X-20.713 Y6.908 Z17.952 E1334.73214
G1 X-20.677 Y6.22 Z17.957 E1335.05614
G1 X-20.453 Y5.104 Z17.966 E1335.59144
G1 X-19.969 Y3.554 Z17.979 E1336.35508
G1 X-19.457 Y2.165 Z17.99 E1337.05126
G1 X-18.906 Y0.735 Z18.002 E1337.77195
G1 X-17.394 Y-3.05 Z18.033 E1339.68872
G1 X-15.925 Y-6.806 Z18.065 E1341.58538
G1 X-14.395 Y-10.586 Z18.096 E1343.50313
G1 X-12.918 Y-14.318 Z18.127 E1345.39065
G1 X-12.339 Y-15.716 Z18.139 E1346.10226
G1 X-11.568 Y-17.473 Z18.153 E1347.00459
G1 X-10.88 Y-18.717 Z18.164 E1347.67313
G1 X-10.492 Y-19.282 Z18.17 E1347.99546
G1 X-10.118 Y-19.7 Z18.174 E1348.25923
G1 X-9.801 Y-19.968 Z18.177 E1348.45444
G1 X-9.507 Y-20.14 Z18.18 E1348.61463
G1 X-8.952 Y-20.331 Z18.184 E1348.89066
G1 X-8.352 Y-20.382 Z18.189 E1349.17384
G1 X-7.894 Y-20.355 Z18.193 E1349.3896
G1 X-7.31 Y-20.268 Z18.197 E1349.66728
G1 X-6.043 Y-19.949 Z18.207 E1350.28171
G1 X-4.556 Y-19.458 Z18.219 E1351.01815
G1 X-3.044 Y-18.886 Z18.232 E1351.7784
G1 X-1.472 Y-18.27 Z18.245 E1352.5724
G1 X2.7 Y-16.572 Z18.279 E1354.69068
G1 X6.828 Y-14.938 Z18.314 E1356.77854
G1 X10.991 Y-13.221 Z18.348 E1358.89629
G1 X15.097 Y-11.578 Z18.383 E1360.9761
G1 X16.656 Y-10.927 Z18.396 E1361.77062
G1 X17.643 Y-10.5 Z18.404 E1362.27636
G1 X19.348 Y-9.709 Z18.418 E1363.16027
G1 X20.337 Y-9.146 Z18.427 E1363.69545
G1 X21.177 Y-8.549 Z18.435 E1364.18009
G1 X21.514 Y-8.231 Z18.439 E1364.398
G1 X21.766 Y-7.927 Z18.442 E1364.5837
G1 X22.053 Y-7.366 Z18.447 E1364.88004
G1 X22.165 Y-6.687 Z18.452 E1365.20368
G1 X22.151 Y-6.219 Z18.455 E1365.42386
G1 X22.065 Y-5.632 Z18.46 E1365.70286
G1 X21.875 Y-4.831 Z18.466 E1366.09001
G1 X21.466 Y-3.52 Z18.477 E1366.73585
G1 X20.945 Y-2.144 Z18.488 E1367.42778
G1 X20.391 Y-.741 Z18.5 E1368.13716
;TIME_ELAPSED:145.299153
;LAYER:18
;note -- min layer time used
;TYPE:WALL-OUTER
;MESH:twised-square.stl
G1 F1552.2 X19.857 Y0.552 Z18.511 E1368.79505
G1 X17.186 Y7.128 Z18.566 E1372.13296
G1 X16.808 Y8.031 Z18.573 E1372.59333
G1 X14.117 Y14.581 Z18.628 E1375.92348
G1 X13.526 Y15.965 Z18.64 E1376.6312
G1 X12.726 Y17.709 Z18.654 E1377.53354
G1 X12.03 Y18.916 Z18.665 E1378.18877
G1 X11.613 Y19.488 Z18.671 E1378.52167
G1 X11.235 Y19.863 Z18.675 E1378.77207
G1 X10.903 Y20.129 Z18.678 E1378.97213
G1 X10.352 Y20.358 Z18.683 E1379.25275
G1 X9.824 Y20.449 Z18.687 E1379.50471
G1 X9.017 Y20.404 Z18.693 E1379.88482
G1 X8.409 Y20.288 Z18.698 E1380.1759
G1 X7.655 Y20.1 Z18.704 E1380.54135
G1 X6.648 Y19.781 Z18.712 E1381.03811
G1 X5.195 Y19.252 Z18.724 E1381.76531
G1 X4.195 Y18.858 Z18.732 E1382.27077
G1 X2.63 Y18.22 Z18.745 E1383.06556
G1 X1.637 Y17.799 Z18.754 E1383.57279
G1 X-5.619 Y14.792 Z18.814 E1387.26653
G1 X-6.619 Y14.363 Z18.823 E1387.77826
G1 X-13.867 Y11.325 Z18.884 E1391.47415
G1 X-15.393 Y10.665 Z18.896 E1392.25604
G1 X-16.405 Y10.214 Z18.905 E1392.77708
G1 X-17.801 Y9.534 Z18.917 E1393.50733
G1 X-18.724 Y9.022 Z18.925 E1394.00371
G1 X-19.715 Y8.328 Z18.935 E1394.57267
G1 X-20.093 Y7.979 Z18.939 E1394.81462
G1 X-20.384 Y7.596 Z18.942 E1395.04083
G1 X-20.664 Y6.961 Z18.948 E1395.3672
G1 X-20.736 Y6.353 Z18.952 E1395.65512
G1 X-20.677 Y5.651 Z18.958 E1395.98642
G1 X-20.545 Y4.928 Z18.963 E1396.33205
G1 X-20.065 Y3.39 Z18.976 E1397.08975
G1 X-19.383 Y1.661 Z18.99 E1397.96383
G1 X-18.801 Y0.25 Z19.002 E1398.68162
G1 X-18.417 Y-.637 Z19.01 E1399.13617
G1 X-15.666 Y-7.177 Z19.064 E1402.47281
G1 X-15.275 Y-8.074 Z19.072 E1402.93299
G1 X-12.502 Y-14.591 Z19.127 E1406.2637
G1 X-11.612 Y-16.601 Z19.144 E1407.29748
G1 X-10.857 Y-18.104 Z19.157 E1408.08847
G1 X-10.391 Y-18.894 Z19.164 E1408.51981
G1 X-9.766 Y-19.711 Z19.172 E1409.00356
G1 X-9.142 Y-20.211 Z19.178 E1409.3796
G1 X-8.693 Y-20.406 Z19.182 E1409.60981
G1 X-8.201 Y-20.503 Z19.186 E1409.84564
G1 X-7.368 Y-20.475 Z19.192 E1410.2376
G1 X-6.75 Y-20.362 Z19.197 E1410.53305
G1 X-5.988 Y-20.169 Z19.203 E1410.90272
G1 X-5.001 Y-19.847 Z19.211 E1411.39096
G1 X-3.539 Y-19.296 Z19.223 E1412.12571
G1 X-2.543 Y-18.891 Z19.231 E1412.63135
G1 X-.985 Y-18.239 Z19.244 E1413.42562
G1 X0.004 Y-17.804 Z19.253 E1413.93372
G1 X7.229 Y-14.722 Z19.314 E1417.62771
G1 X8.223 Y-14.28 Z19.322 E1418.13929
G1 X15.427 Y-11.171 Z19.383 E1421.82921
G1 X16.973 Y-10.484 Z19.396 E1422.62481
G1 X17.965 Y-10.029 Z19.404 E1423.13806
G1 X19.336 Y-9.355 Z19.416 E1423.85651
G1 X20.474 Y-8.719 Z19.426 E1424.46959
G1 X21.183 Y-8.218 Z19.433 E1424.87787
G1 X21.787 Y-7.66 Z19.439 E1425.26458
G1 X22 Y-7.392 Z19.442 E1425.42557
G1 X22.249 Y-6.922 Z19.446 E1425.6757
G1 X22.38 Y-6.325 Z19.451 E1425.96314
G1 X22.384 Y-5.913 Z19.454 E1426.1569
G1 X22.324 Y-5.388 Z19.458 E1426.4054
G1 X22.179 Y-4.71 Z19.463 E1426.73146
G1 X21.911 Y-3.824 Z19.47 E1427.16677
G1 X21.343 Y-2.282 Z19.483 E1427.93957
G1 X20.495 Y-.264 Z19.5 E1428.96898
;TIME_ELAPSED:150.305708
;LAYER:19
;note -- min layer time used
;TYPE:WALL-OUTER
;MESH:twised-square.stl
G1 F1548.7 X17.952 Y5.591 Z19.549 E1431.97096
G1 X17.124 Y7.493 Z19.566 E1432.94651
G1 X14.732 Y12.952 Z19.612 E1435.7494
G1 X13.9 Y14.846 Z19.628 E1436.72225
G1 X12.986 Y16.838 Z19.645 E1437.75295
G1 X12.221 Y18.308 Z19.658 E1438.53227
G1 X11.732 Y19.098 Z19.665 E1438.9692
G1 X11.101 Y19.878 Z19.673 E1439.44102
G1 X10.551 Y20.288 Z19.678 E1439.76363
G1 X10.014 Y20.504 Z19.682 E1440.03584
G1 X9.499 Y20.561 Z19.686 E1440.27951
G1 X9.153 Y20.562 Z19.689 E1440.44223
G1 X8.37 Y20.462 Z19.695 E1440.81344
G1 X7.724 Y20.3 Z19.7 E1441.12665
G1 X6.865 Y20.028 Z19.707 E1441.55039
G1 X5.442 Y19.497 Z19.719 E1442.26467
G1 X3.896 Y18.854 Z19.732 E1443.05209
G1 X2.347 Y18.181 Z19.745 E1443.84634
G1 X-3.703 Y15.499 Z19.796 E1446.95856
G1 X-5.815 Y14.569 Z19.814 E1448.04381
G1 X-11.869 Y11.854 Z19.866 E1451.16407
G1 X-13.999 Y10.908 Z19.884 E1452.26011
G1 X-15.496 Y10.219 Z19.897 E1453.03511
G1 X-16.938 Y9.525 Z19.909 E1453.7877
G1 X-18.199 Y8.859 Z19.92 E1454.45835
G1 X-19.161 Y8.249 Z19.929 E1454.99404
G1 X-19.727 Y7.826 Z19.934 E1455.32634
G1 X-20.316 Y7.187 Z19.941 E1455.73503
G1 X-20.518 Y6.868 Z19.944 E1455.9126
G1 X-20.694 Y6.376 Z19.948 E1456.15834
G1 X-20.746 Y5.763 Z19.953 E1456.44765
G1 X-20.717 Y5.356 Z19.956 E1456.63954
G1 X-20.639 Y4.857 Z19.96 E1456.87706
G1 X-20.455 Y4.187 Z19.965 E1457.20381
G1 X-20.178 Y3.31 Z19.972 E1457.63633
G1 X-19.541 Y1.724 Z19.986 E1458.4401
G1 X-18.691 Y-.213 Z20.002 E1459.43488
G1 X-16.242 Y-5.645 Z20.048 E1462.23705
G1 X-15.4 Y-7.542 Z20.064 E1463.21309
G1 X-12.926 Y-12.966 Z20.11 E1466.01669
G1 X-12.079 Y-14.855 Z20.126 E1466.99026
G1 X-11.447 Y-16.21 Z20.138 E1467.6934
G1 X-10.814 Y-17.488 Z20.149 E1468.3641
G1 X-9.869 Y-19.098 Z20.164 E1469.24204
G1 X-9.437 Y-19.665 Z20.169 E1469.57726
G1 X-9.078 Y-20.038 Z20.173 E1469.82072
G1 X-8.748 Y-20.286 Z20.176 E1470.01485
G1 X-8.189 Y-20.544 Z20.181 E1470.30438
G1 X-7.662 Y-20.624 Z20.185 E1470.55506
G1 X-7.324 Y-20.633 Z20.188 E1470.71407
G1 X-6.528 Y-20.526 Z20.194 E1471.09178
G1 X-5.875 Y-20.368 Z20.199 E1471.40773
G1 X-5.001 Y-20.089 Z20.206 E1471.83919
G1 X-3.591 Y-19.553 Z20.218 E1472.54858
G1 X-2.031 Y-18.881 Z20.231 E1473.34738
G1 X-.518 Y-18.206 Z20.244 E1474.12651
G1 X5.514 Y-15.44 Z20.295 E1477.24725
G1 X7.619 Y-14.499 Z20.313 E1478.3316
G1 X13.642 Y-11.707 Z20.365 E1481.45361
G1 X15.766 Y-10.75 Z20.383 E1482.54919
G1 X17.253 Y-10.047 Z20.396 E1483.32271
G1 X18.688 Y-9.346 Z20.408 E1484.07377
G1 X19.617 Y-8.85 Z20.416 E1484.56903
G1 X20.724 Y-8.2 Z20.426 E1485.17274
G1 X21.434 Y-7.673 Z20.433 E1485.58856
G1 X22.02 Y-7.11 Z20.439 E1485.97072
G1 X22.242 Y-6.817 Z20.442 E1486.1436
G1 X22.497 Y-6.273 Z20.447 E1486.42614
G1 X22.585 Y-5.736 Z20.451 E1486.68205
G1 X22.58 Y-5.376 Z20.454 E1486.85137
G1 X22.437 Y-4.501 Z20.461 E1487.26832
G1 X22.23 Y-3.774 Z20.466 E1487.6238
G1 X21.753 Y-2.462 Z20.477 E1488.28032
G1 X21.184 Y-1.137 Z20.488 E1488.95846
G1 X20.57 Y0.231 Z20.5 E1489.66363
;TIME_ELAPSED:155.311704
;LAYER:20
;note -- min layer time used
;TYPE:WALL-OUTER
;MESH:twised-square.stl
G1 F1544.8 X19.189 Y3.202 Z20.525 E1491.20439
G1 X17.05 Y7.854 Z20.565 E1493.61231
G1 X15.827 Y10.458 Z20.588 E1494.96526
G1 X13.669 Y15.103 Z20.627 E1497.37393
G1 X12.723 Y17.048 Z20.644 E1498.39107
G1 X11.918 Y18.511 Z20.657 E1499.17637
G1 X11.397 Y19.296 Z20.664 E1499.61944
G1 X10.964 Y19.841 Z20.67 E1499.94679
G1 X10.599 Y20.186 Z20.674 E1500.18299
G1 X10.061 Y20.522 Z20.679 E1500.48129
G1 X9.499 Y20.677 Z20.683 E1500.75545
G1 X8.824 Y20.67 Z20.688 E1501.0729
G1 X8.037 Y20.547 Z20.695 E1501.44751
G1 X7.381 Y20.37 Z20.7 E1501.76704
G1 X6.334 Y20.007 Z20.709 E1502.28818
G1 X5.063 Y19.497 Z20.719 E1502.93222
G1 X3.578 Y18.833 Z20.732 E1503.69722
G1 X2.059 Y18.135 Z20.745 E1504.48338
G1 X-.825 Y16.763 Z20.77 E1505.98532
G1 X-6.026 Y14.333 Z20.814 E1508.68503
G1 X-8.908 Y12.949 Z20.839 E1510.18855
G1 X-14.1 Y10.496 Z20.884 E1512.88903
G1 X-15.605 Y9.761 Z20.897 E1513.6767
G1 X-17.027 Y9.041 Z20.909 E1514.42627
G1 X-17.934 Y8.543 Z20.917 E1514.91287
G1 X-18.851 Y7.974 Z20.925 E1515.42039
G1 X-19.525 Y7.484 Z20.932 E1515.81227
G1 X-19.989 Y7.066 Z20.937 E1516.10597
G1 X-20.32 Y6.669 Z20.941 E1516.34905
G1 X-20.613 Y6.1 Z20.946 E1516.65003
G1 X-20.736 Y5.54 Z20.95 E1516.91966
G1 X-20.742 Y5.199 Z20.953 E1517.08005
G1 X-20.706 Y4.807 Z20.956 E1517.26518
G1 X-20.602 Y4.291 Z20.96 E1517.51272
G1 X-20.419 Y3.651 Z20.965 E1517.82576
G1 X-20.102 Y2.773 Z20.972 E1518.26475
G1 X-19.479 Y1.273 Z20.985 E1519.0286
G1 X-18.556 Y-.709 Z21.002 E1520.0568
G1 X-17.316 Y-3.274 Z21.024 E1521.39663
G1 X-15.126 Y-7.9 Z21.064 E1523.8036
G1 X-13.862 Y-10.486 Z21.086 E1525.15724
G1 X-11.652 Y-15.108 Z21.126 E1527.56656
G1 X-10.676 Y-17.064 Z21.143 E1528.59458
G1 X-9.869 Y-18.494 Z21.156 E1529.36678
G1 X-9.355 Y-19.286 Z21.163 E1529.8108
G1 X-8.93 Y-19.821 Z21.168 E1530.13212
G1 X-8.551 Y-20.185 Z21.173 E1530.37925
G1 X-8.024 Y-20.531 Z21.177 E1530.67573
G1 X-7.473 Y-20.712 Z21.182 E1530.94848
G1 X-6.766 Y-20.734 Z21.187 E1531.28112
G1 X-6.307 Y-20.678 Z21.191 E1531.49858
G1 X-5.329 Y-20.433 Z21.199 E1531.97273
G1 X-4.489 Y-20.143 Z21.206 E1532.39064
G1 X-3.061 Y-19.565 Z21.218 E1533.11512
G1 X-1.551 Y-18.872 Z21.231 E1533.89646
G1 X-0.025 Y-18.15 Z21.244 E1534.69037
G1 X2.841 Y-16.741 Z21.269 E1536.19226
G1 X7.999 Y-14.273 Z21.313 E1538.88133
G1 X10.883 Y-12.838 Z21.338 E1540.39623
G1 X16.053 Y-10.338 Z21.383 E1543.09691
G1 X17.532 Y-9.598 Z21.395 E1543.87465
G1 X18.536 Y-9.081 Z21.404 E1544.40574
G1 X19.87 Y-8.346 Z21.416 E1545.12201
G1 X20.768 Y-7.794 Z21.424 E1545.61772
G1 X21.41 Y-7.335 Z21.43 E1545.98887
G1 X21.89 Y-6.924 Z21.435 E1546.28605
G1 X22.204 Y-6.59 Z21.439 E1546.50164
G1 X22.544 Y-6.084 Z21.444 E1546.78833
G1 X22.726 Y-5.565 Z21.448 E1547.04697
G1 X22.765 Y-4.981 Z21.452 E1547.32222
G1 X22.724 Y-4.559 Z21.456 E1547.52162
G1 X22.6 Y-3.973 Z21.46 E1547.8033
G1 X22.37 Y-3.231 Z21.466 E1548.16863
G1 X21.881 Y-1.97 Z21.477 E1548.80468
G1 X21.271 Y-.637 Z21.488 E1549.49408
G1 X20.622 Y0.725 Z21.5 E1550.2036
;TIME_ELAPSED:160.317684
;LAYER:21
;note -- min layer time used
;TYPE:WALL-OUTER
;MESH:twised-square.stl
G1 F1540.1 X13.425 Y15.352 Z21.627 E1557.86994
G1 X12.757 Y16.67 Z21.639 E1558.56483
G1 X11.841 Y18.327 Z21.653 E1559.45522
G1 X11.085 Y19.459 Z21.664 E1560.09538
G1 X10.645 Y19.981 Z21.669 E1560.41644
G1 X10.028 Y20.496 Z21.675 E1560.7944
G1 X9.72 Y20.637 Z21.678 E1560.9537
G1 X9.146 Y20.773 Z21.683 E1561.23112
G1 X8.449 Y20.765 Z21.688 E1561.55892
G1 X7.986 Y20.701 Z21.692 E1561.77873
G1 X7.392 Y20.548 Z21.697 E1562.06719
G1 X6.634 Y20.294 Z21.703 E1562.44315
G1 X5.664 Y19.91 Z21.711 E1562.93376
G1 X4.713 Y19.493 Z21.719 E1563.4221
G1 X3.287 Y18.817 Z21.731 E1564.16425
G1 X1.772 Y18.076 Z21.744 E1564.95738
G1 X-14.184 Y10.084 Z21.883 E1573.34978
G92 E0
G1 X-15.686 Y9.309 Z21.897 E0.79485
G1 X-17.144 Y8.527 Z21.91 E1.57291
G1 X-18.487 Y7.719 Z21.922 E2.30999
G1 X-19.235 Y7.201 Z21.929 E2.73787
G1 X-19.794 Y6.731 Z21.935 E3.08133
G1 X-20.348 Y6.093 Z21.941 E3.4787
G1 X-20.534 Y5.743 Z21.944 E3.66509
G1 X-20.707 Y5.151 Z21.949 E3.95514
G1 X-20.718 Y4.636 Z21.953 E4.19739
G1 X-20.626 Y4.015 Z21.958 E4.49262
G1 X-20.357 Y3.087 Z21.965 E4.947
G1 X-20.037 Y2.258 Z21.972 E5.3649
G1 X-19.359 Y0.731 Z21.985 E6.15062
G1 X-18.42 Y-1.171 Z22.002 E7.14816
G1 X-11.22 Y-15.352 Z22.126 E14.62751
G1 X-10.21 Y-17.265 Z22.143 E15.64484
G1 X-9.368 Y-18.688 Z22.156 E16.42243
G1 X-8.84 Y-19.454 Z22.163 E16.85995
G1 X-8.416 Y-19.961 Z22.168 E17.17076
G1 X-7.811 Y-20.478 Z22.174 E17.54502
G1 X-7.54 Y-20.636 Z22.177 E17.69254
G1 X-7.057 Y-20.796 Z22.181 E17.93183
G1 X-6.812 Y-20.837 Z22.183 E18.04865
G1 X-6.208 Y-20.829 Z22.187 E18.33272
G1 X-5.758 Y-20.755 Z22.191 E18.54719
G1 X-5.169 Y-20.612 Z22.195 E18.83222
G1 X-4.404 Y-20.357 Z22.202 E19.21145
G1 X-3.431 Y-19.961 Z22.21 E19.70548
G1 X-2.492 Y-19.543 Z22.218 E20.18884
G1 X-1.062 Y-18.847 Z22.23 E20.93677
G1 X0.446 Y-18.092 Z22.244 E21.72987
G1 X16.316 Y-9.928 Z22.383 E30.12282
G1 X17.795 Y-9.145 Z22.396 E30.90982
G1 X19.25 Y-8.354 Z22.409 E31.68865
G1 X20.574 Y-7.546 Z22.421 E32.41809
G1 X21.496 Y-6.906 Z22.429 E32.94591
G1 X22.089 Y-6.377 Z22.436 E33.31962
G1 X22.417 Y-6.013 Z22.439 E33.55005
G1 X22.767 Y-5.432 Z22.445 E33.86903
G1 X22.904 Y-4.946 Z22.449 E34.10649
G1 X22.909 Y-4.26 Z22.454 E34.42911
G1 X22.733 Y-3.419 Z22.461 E34.83318
G1 X22.486 Y-2.681 Z22.467 E35.19917
G1 X21.973 Y-1.44 Z22.477 E35.83068
G1 X21.34 Y-.139 Z22.488 E36.51109
G1 X20.67 Y1.19 Z22.5 E37.21102
;TIME_ELAPSED:165.332627
;LAYER:22
;note -- min layer time used
;TYPE:WALL-OUTER
;MESH:twised-square.stl
G1 F1535.7 X18.32 Y5.724 Z22.54 E39.61265
G1 X16.839 Y8.574 Z22.565 E41.12311
G1 X14.66 Y12.743 Z22.602 E43.33535
G1 X13.172 Y15.587 Z22.627 E44.84482
G1 X12.127 Y17.502 Z22.644 E45.87077
G1 X11.284 Y18.879 Z22.657 E46.63006
G1 X10.63 Y19.771 Z22.665 E47.15021
G1 X9.861 Y20.502 Z22.673 E47.64918
G1 X9.216 Y20.814 Z22.679 E47.98613
G1 X8.655 Y20.886 Z22.683 E48.25212
G1 X8.065 Y20.858 Z22.688 E48.5299
G1 X7.626 Y20.77 Z22.692 E48.74046
G1 X6.875 Y20.552 Z22.698 E49.10822
G1 X5.844 Y20.152 Z22.706 E49.62828
G1 X4.417 Y19.506 Z22.719 E50.36494
G1 X2.977 Y18.782 Z22.731 E51.12291
G1 X1.48 Y18.01 Z22.744 E51.91502
G1 X-3.193 Y15.539 Z22.786 E54.40095
G1 X-6.394 Y13.855 Z22.814 E56.10192
G1 X-11.077 Y11.356 Z22.855 E58.59818
G1 X-14.294 Y9.651 Z22.884 E60.31042
G1 X-15.755 Y8.854 Z22.897 E61.09308
G1 X-17.133 Y8.076 Z22.909 E61.83727
G1 X-18.028 Y7.522 Z22.917 E62.33228
G1 X-19.113 Y6.782 Z22.928 E62.94991
G1 X-19.804 Y6.176 Z22.935 E63.38214
G1 X-20.198 Y5.748 Z22.939 E63.65572
G1 X-20.439 Y5.356 Z22.943 E63.87212
G1 X-20.654 Y4.743 Z22.948 E64.17762
G1 X-20.686 Y4.227 Z22.952 E64.42075
G1 X-20.569 Y3.455 Z22.958 E64.78795
G1 X-20.419 Y2.909 Z22.963 E65.05424
G1 X-20.064 Y1.971 Z22.97 E65.52589
G1 X-19.249 Y0.238 Z22.985 E66.42651
G1 X-18.271 Y-1.637 Z23.002 E67.42102
G1 X-16.044 Y-5.781 Z23.039 E69.63345
G1 X-14.54 Y-8.618 Z23.064 E71.14351
G1 X-12.295 Y-12.755 Z23.101 E73.35706
G1 X-10.782 Y-15.587 Z23.126 E74.86704
G1 X-10.068 Y-16.877 Z23.137 E75.56042
G1 X-9.364 Y-18.083 Z23.148 E76.21714
G1 X-8.577 Y-19.278 Z23.159 E76.89005
G1 X-8.078 Y-19.897 Z23.166 E77.26396
G1 X-7.665 Y-20.318 Z23.17 E77.54131
G1 X-7.299 Y-20.589 Z23.174 E77.75548
G1 X-6.976 Y-20.766 Z23.177 E77.92869
G1 X-6.399 Y-20.92 Z23.181 E78.20954
G1 X-5.702 Y-20.918 Z23.187 E78.53733
G1 X-5.215 Y-20.829 Z23.191 E78.77015
G1 X-4.646 Y-20.671 Z23.195 E79.04786
G1 X-3.429 Y-20.208 Z23.205 E79.66021
G1 X-2.027 Y-19.56 Z23.217 E80.38655
G1 X-.576 Y-18.812 Z23.23 E81.15426
G1 X0.913 Y-18.023 Z23.243 E81.94674
G1 X5.554 Y-15.489 Z23.285 E84.43344
G1 X8.745 Y-13.786 Z23.313 E86.13444
G1 X13.394 Y-11.222 Z23.354 E88.63122
G1 X16.6 Y-9.496 Z23.383 E90.34355
G1 X18.037 Y-8.693 Z23.396 E91.1177
G1 X19.408 Y-7.905 Z23.408 E91.86136
G1 X20.288 Y-7.355 Z23.416 E92.34938
G1 X21.373 Y-6.618 Z23.426 E92.96622
G1 X22.17 Y-5.939 Z23.435 E93.45861
G1 X22.563 Y-5.485 Z23.439 E93.741
G1 X22.884 Y-4.965 Z23.444 E94.02838
G1 X22.972 Y-4.734 Z23.446 E94.14463
G1 X23.063 Y-4.229 Z23.45 E94.38595
G1 X22.996 Y-3.449 Z23.456 E94.75412
G1 X22.849 Y-2.882 Z23.461 E95.02958
G1 X22.589 Y-2.156 Z23.467 E95.39224
G1 X22.057 Y-.949 Z23.477 E96.01255
G1 X21.389 Y0.353 Z23.488 E96.70074
G1 X20.692 Y1.655 Z23.5 E97.39526
;TIME_ELAPSED:170.339116
;LAYER:23
;note -- min layer time used
;TYPE:WALL-OUTER
;MESH:twised-square.stl
G1 F1530.9 X19.689 Y3.469 Z23.516 E98.37006
G1 X16.707 Y8.935 Z23.565 E101.29826
G1 X15.899 Y10.378 Z23.578 E102.07601
G1 X12.902 Y15.815 Z23.627 E104.99564
G1 X12.185 Y17.08 Z23.638 E105.67946
G1 X11.275 Y18.565 Z23.652 E106.49852
G1 X10.665 Y19.442 Z23.66 E107.00091
G1 X10.138 Y20.051 Z23.666 E107.37965
G1 X9.706 Y20.465 Z23.671 E107.66104
G1 X9.333 Y20.714 Z23.675 E107.87195
G1 X8.729 Y20.942 Z23.68 E108.17556
G1 X8.234 Y20.977 Z23.684 E108.40893
G1 X7.527 Y20.899 Z23.689 E108.74343
G1 X6.666 Y20.653 Z23.696 E109.16455
G1 X5.761 Y20.296 Z23.704 E109.62207
G1 X4.079 Y19.49 Z23.718 E110.4992
G1 X2.652 Y18.731 Z23.731 E111.25931
G1 X1.212 Y17.945 Z23.744 E112.03083
G1 X-.44 Y17.013 Z23.759 E112.92284
G1 X-6.594 Y13.599 Z23.814 E116.23244
G1 X-8.223 Y12.67 Z23.829 E117.11435
G1 X-14.367 Y9.231 Z23.884 E120.42557
G1 X-15.802 Y8.404 Z23.897 E121.20447
G1 X-17.167 Y7.591 Z23.909 E121.95163
G1 X-18.057 Y7.015 Z23.918 E122.45019
G1 X-18.942 Y6.393 Z23.926 E122.9589
G1 X-19.568 Y5.867 Z23.933 E123.34342
G1 X-20.013 Y5.407 Z23.938 E123.64441
G1 X-20.313 Y4.984 Z23.942 E123.88829
G1 X-20.599 Y4.299 Z23.947 E124.23737
G1 X-20.637 Y3.723 Z23.952 E124.50885
G1 X-20.563 Y3.12 Z23.957 E124.79455
G1 X-20.438 Y2.651 Z23.961 E125.02281
G1 X-20.22 Y2.027 Z23.966 E125.33366
G1 X-19.743 Y0.962 Z23.975 E125.88245
G1 X-18.797 Y-.851 Z23.991 E126.84415
G1 X-18.109 Y-2.096 Z24.002 E127.5131
G1 X-17.276 Y-3.549 Z24.015 E128.30074
G1 X-14.23 Y-8.976 Z24.064 E131.22746
G1 X-13.4 Y-10.407 Z24.077 E132.00543
G1 X-10.34 Y-15.81 Z24.126 E134.92556
G1 X-9.605 Y-17.067 Z24.137 E135.61034
G1 X-8.683 Y-18.545 Z24.151 E136.42956
G1 X-8.069 Y-19.418 Z24.159 E136.93149
G1 X-7.562 Y-20.028 Z24.165 E137.30451
G1 X-7.133 Y-20.441 Z24.17 E137.58456
G1 X-6.468 Y-20.854 Z24.176 E137.95269
G1 X-5.98 Y-20.99 Z24.18 E138.19094
G1 X-5.361 Y-21.01 Z24.185 E138.48219
G1 X-4.958 Y-20.95 Z24.188 E138.6738
G1 X-4.085 Y-20.703 Z24.195 E139.10047
G1 X-3.371 Y-20.43 Z24.201 E139.45996
G1 X-2.399 Y-19.982 Z24.21 E139.96329
G1 X-1.061 Y-19.294 Z24.221 E140.67083
G1 X-0.095 Y-18.767 Z24.23 E141.18832
G1 X1.374 Y-17.945 Z24.243 E141.97996
G1 X2.99 Y-17.004 Z24.258 E142.85939
G1 X9.091 Y-13.541 Z24.313 E146.15854
G1 X10.727 Y-12.579 Z24.328 E147.05107
G1 X16.823 Y-9.086 Z24.383 E150.35516
G1 X18.275 Y-8.23 Z24.396 E151.14784
G1 X19.214 Y-7.663 Z24.405 E151.66369
G1 X20.494 Y-6.841 Z24.416 E152.37908
G1 X21.357 Y-6.226 Z24.425 E152.87744
G1 X21.975 Y-5.72 Z24.431 E153.25306
G1 X22.417 Y-5.287 Z24.436 E153.54405
G1 X22.933 Y-4.588 Z24.443 E153.95264
G1 X23.147 Y-4.005 Z24.448 E154.2447
G1 X23.173 Y-3.367 Z24.453 E154.54499
G1 X23.026 Y-2.616 Z24.459 E154.90487
G1 X22.763 Y-1.83 Z24.465 E155.29465
G1 X22.208 Y-.644 Z24.475 E155.91045
G1 X21.688 Y0.361 Z24.484 E156.4426
G1 X20.699 Y2.115 Z24.5 E157.38955
;TIME_ELAPSED:175.345042
;LAYER:24
;note -- min layer time used
;TYPE:WALL-OUTER
;MESH:twised-square.stl
G1 F1526.2 X17.232 Y8.12 Z24.555 E160.65046
G1 X16.566 Y9.267 Z24.565 E161.2742
G1 X13.288 Y14.893 Z24.616 E164.33633
G1 X12.612 Y16.051 Z24.627 E164.96692
G1 X11.563 Y17.77 Z24.643 E165.91396
G1 X10.958 Y18.703 Z24.651 E166.4369
G1 X10.162 Y19.775 Z24.662 E167.06483
G1 X9.574 Y20.393 Z24.668 E167.46599
G1 X8.929 Y20.83 Z24.675 E167.83239
G1 X8.325 Y21.033 Z24.68 E168.13205
G1 X7.724 Y21.039 Z24.684 E168.4147
G1 X7.38 Y20.997 Z24.687 E168.57767
G1 X6.601 Y20.795 Z24.693 E168.95614
G1 X5.794 Y20.488 Z24.7 E169.36219
G1 X4.632 Y19.925 Z24.71 E169.96941
G1 X3.284 Y19.209 Z24.722 E170.68722
G1 X2.351 Y18.684 Z24.731 E171.19069
G1 X0.894 Y17.843 Z24.744 E171.98184
G1 X-5.471 Y14.104 Z24.802 E175.45342
G1 X-6.771 Y13.345 Z24.814 E176.16135
G1 X-13.133 Y9.571 Z24.872 E179.64008
G1 X-14.45 Y8.796 Z24.884 E180.35872
G1 X-15.85 Y7.947 Z24.897 E181.12871
G1 X-17.216 Y7.09 Z24.91 E181.88707
G1 X-18.373 Y6.295 Z24.921 E182.54725
G1 X-19.247 Y5.607 Z24.929 E183.07034
G1 X-19.995 Y4.855 Z24.938 E183.56915
G1 X-20.27 Y4.446 Z24.942 E183.80093
G1 X-20.542 Y3.779 Z24.947 E184.13968
G1 X-20.586 Y3.265 Z24.951 E184.38229
G1 X-20.571 Y3.001 Z24.953 E184.50664
G1 X-20.429 Y2.345 Z24.959 E184.82229
G1 X-20.197 Y1.671 Z24.964 E185.15751
G1 X-19.743 Y0.677 Z24.973 E185.67142
G1 X-18.991 Y-.734 Z24.985 E186.42334
G1 X-17.925 Y-2.568 Z25.002 E187.42094
G1 X-14.595 Y-8.164 Z25.053 E190.48332
G1 X-13.923 Y-9.306 Z25.064 E191.10646
G1 X-10.566 Y-14.888 Z25.115 E194.16971
G1 X-9.878 Y-16.049 Z25.126 E194.80437
G1 X-9.133 Y-17.255 Z25.137 E195.47102
G1 X-8.009 Y-18.967 Z25.153 E196.43415
G1 X-7.294 Y-19.872 Z25.162 E196.97655
G1 X-6.597 Y-20.543 Z25.169 E197.43154
G1 X-6.037 Y-20.901 Z25.175 E197.74412
G1 X-5.783 Y-20.994 Z25.177 E197.87132
G1 X-5.297 Y-21.089 Z25.181 E198.10421
G1 X-4.652 Y-21.045 Z25.186 E198.40824
G1 X-3.86 Y-20.847 Z25.192 E198.79216
G1 X-3.063 Y-20.547 Z25.199 E199.19265
G1 X-1.892 Y-19.977 Z25.209 E199.80512
G1 X-.579 Y-19.264 Z25.221 E200.50776
G1 X0.381 Y-18.712 Z25.23 E201.02854
G1 X1.828 Y-17.858 Z25.243 E201.81871
G1 X8.15 Y-14.042 Z25.301 E205.29144
G1 X9.444 Y-13.277 Z25.313 E205.99837
G1 X15.764 Y-9.426 Z25.371 E209.47883
G1 X17.051 Y-8.66 Z25.383 E210.18317
G1 X18.481 Y-7.774 Z25.396 E210.97429
G1 X19.816 Y-6.922 Z25.408 E211.71907
G1 X20.955 Y-6.136 Z25.419 E212.36988
G1 X22.006 Y-5.299 Z25.43 E213.00173
G1 X22.533 Y-4.762 Z25.436 E213.35557
G1 X22.961 Y-4.189 Z25.441 E213.69191
G1 X23.186 Y-3.708 Z25.446 E213.94164
G1 X23.245 Y-3.477 Z25.447 E214.05376
G1 X23.274 Y-2.972 Z25.451 E214.29164
G1 X23.176 Y-2.334 Z25.456 E214.5952
G1 X23.018 Y-1.818 Z25.461 E214.84899
G1 X22.507 Y-.641 Z25.471 E215.45242
G1 X21.756 Y0.77 Z25.483 E216.20412
G1 X20.675 Y2.589 Z25.5 E217.19921
;TIME_ELAPSED:180.351493
;LAYER:25
;note -- min layer time used
;TYPE:WALL-OUTER
;MESH:twised-square.stl
G1 F1520.8 X18.644 Y5.916 Z25.531 E219.03233
G1 X16.414 Y9.592 Z25.565 E221.0543
G1 X14.578 Y12.571 Z25.592 E222.69996
G1 X12.32 Y16.256 Z25.626 E224.7324
G1 X11.262 Y17.923 Z25.642 E225.66092
G1 X10.61 Y18.862 Z25.651 E226.19852
G1 X9.943 Y19.745 Z25.66 E226.71894
G1 X9.407 Y20.311 Z25.666 E227.08553
G1 X8.985 Y20.665 Z25.67 E227.34457
G1 X8.382 Y21.003 Z25.676 E227.66966
G1 X7.801 Y21.121 Z25.68 E227.94847
G1 X7.528 Y21.123 Z25.683 E228.07686
G1 X6.949 Y21.027 Z25.687 E228.35286
G1 X5.95 Y20.719 Z25.695 E228.84449
G1 X4.78 Y20.175 Z25.706 E229.45129
G1 X3.46 Y19.458 Z25.717 E230.15772
G1 X2.032 Y18.619 Z25.73 E230.93661
G1 X0.616 Y17.761 Z25.744 E231.71524
G1 X-2.771 Y15.653 Z25.775 E233.59137
G1 X-6.942 Y13.09 Z25.814 E235.89364
G1 X-10.321 Y10.966 Z25.845 E237.77057
G1 X-14.487 Y8.383 Z25.884 E240.07578
G1 X-15.905 Y7.478 Z25.897 E240.86687
G1 X-17.283 Y6.568 Z25.91 E241.64347
G1 X-18.75 Y5.486 Z25.925 E242.50072
G1 X-19.517 Y4.792 Z25.933 E242.98716
G1 X-19.939 Y4.332 Z25.938 E243.28073
G1 X-20.232 Y3.883 Z25.942 E243.53287
G1 X-20.401 Y3.51 Z25.945 E243.72545
G1 X-20.516 Y2.886 Z25.95 E244.02384
G1 X-20.457 Y2.243 Z25.955 E244.3275
G1 X-20.348 Y1.822 Z25.959 E244.53202
G1 X-20.152 Y1.289 Z25.963 E244.79909
G1 X-19.843 Y0.6 Z25.969 E245.1542
G1 X-19.333 Y-.362 Z25.978 E245.66626
G1 X-18.812 Y-1.275 Z25.986 E246.16061
G1 X-17.745 Y-3.018 Z26.002 E247.1217
G1 X-15.876 Y-5.977 Z26.03 E248.7676
G1 X-13.61 Y-9.629 Z26.064 E250.7888
G1 X-11.727 Y-12.58 Z26.091 E252.43505
G1 X-9.445 Y-16.224 Z26.125 E254.45704
G1 X-8.325 Y-17.94 Z26.141 E255.42072
G1 X-7.46 Y-19.164 Z26.153 E256.12557
G1 X-6.762 Y-19.995 Z26.162 E256.63594
G1 X-6.269 Y-20.481 Z26.167 E256.9615
G1 X-5.869 Y-20.788 Z26.171 E257.19863
G1 X-5.524 Y-20.971 Z26.174 E257.38229
G1 X-5.213 Y-21.084 Z26.177 E257.5379
G1 X-4.658 Y-21.153 Z26.181 E257.80092
G1 X-4.069 Y-21.083 Z26.186 E258.07986
G1 X-3.628 Y-20.974 Z26.19 E258.2935
G1 X-3.054 Y-20.774 Z26.194 E258.57935
G1 X-2.326 Y-20.446 Z26.201 E258.95486
G1 X-.953 Y-19.733 Z26.213 E259.68243
G1 X0.851 Y-18.648 Z26.229 E260.67243
G1 X2.258 Y-17.774 Z26.242 E261.45138
G1 X5.618 Y-15.621 Z26.274 E263.32808
G1 X9.767 Y-13.022 Z26.313 E265.63048
G1 X13.119 Y-10.853 Z26.344 E267.50809
G1 X17.261 Y-8.234 Z26.383 E269.81271
G1 X18.655 Y-7.327 Z26.396 E270.59483
G1 X19.979 Y-6.44 Z26.408 E271.34429
G1 X21.073 Y-5.646 Z26.419 E271.98
G1 X22.251 Y-4.64 Z26.431 E272.70851
G1 X22.66 Y-4.203 Z26.436 E272.98999
G1 X22.961 Y-3.807 Z26.44 E273.22391
G1 X23.148 Y-3.483 Z26.443 E273.39984
G1 X23.335 Y-2.894 Z26.448 E273.69046
G1 X23.332 Y-2.24 Z26.453 E273.99802
G1 X23.243 Y-1.814 Z26.456 E274.20268
G1 X23.063 Y-1.269 Z26.461 E274.4726
G1 X22.757 Y-.568 Z26.467 E274.83231
G1 X22.258 Y0.379 Z26.475 E275.33571
G1 X21.723 Y1.312 Z26.484 E275.8415
G1 X20.644 Y3.039 Z26.5 E276.79915
;TIME_ELAPSED:185.357924
;LAYER:26
;note -- min layer time used
;TYPE:WALL-OUTER
;MESH:twised-square.stl
G1 F1515.3 X20.143 Y3.811 Z26.507 E277.23196
G1 X16.244 Y9.908 Z26.565 E280.63541
G1 X15.958 Y10.344 Z26.569 E280.88063
G1 X12.03 Y16.433 Z26.626 E284.28829
G1 X10.864 Y18.172 Z26.643 E285.27292
G1 X9.894 Y19.472 Z26.656 E286.03572
G1 X9.297 Y20.159 Z26.663 E286.46374
G1 X8.792 Y20.613 Z26.668 E286.7831
G1 X8.379 Y20.904 Z26.672 E287.02069
G1 X7.694 Y21.155 Z26.678 E287.36378
G1 X7.111 Y21.165 Z26.683 E287.63799
G1 X6.391 Y21.01 Z26.688 E287.98435
G1 X5.558 Y20.713 Z26.695 E288.40024
G1 X4.857 Y20.387 Z26.701 E288.76381
G1 X3.925 Y19.886 Z26.71 E289.26143
G1 X2.636 Y19.122 Z26.722 E289.9661
G1 X1.712 Y18.546 Z26.73 E290.47815
G1 X0.301 Y17.642 Z26.744 E291.26622
G1 X-.172 Y17.33 Z26.748 E291.5327
G1 X-7.129 Y12.813 Z26.814 E295.43355
G1 X-7.608 Y12.494 Z26.818 E295.70419
G1 X-14.55 Y7.948 Z26.884 E299.60658
G1 X-15.921 Y7.029 Z26.897 E300.38279
G1 X-16.844 Y6.394 Z26.906 E300.90966
G1 X-18.07 Y5.493 Z26.918 E301.62517
G1 X-18.91 Y4.805 Z26.927 E302.1358
G1 X-19.494 Y4.247 Z26.933 E302.51565
G1 X-19.906 Y3.767 Z26.938 E302.81314
G1 X-20.189 Y3.307 Z26.942 E303.06713
G1 X-20.402 Y2.648 Z26.948 E303.39283
G1 X-20.432 Y2.18 Z26.952 E303.61337
G1 X-20.351 Y1.663 Z26.956 E303.85947
G1 X-20.237 Y1.259 Z26.959 E304.05688
G1 X-20.043 Y0.774 Z26.963 E304.30254
G1 X-19.478 Y-.358 Z26.973 E304.89752
G1 X-18.677 Y-1.715 Z26.986 E305.63857
G1 X-17.551 Y-3.462 Z27.002 E306.61601
G1 X-17.26 Y-3.895 Z27.006 E306.86135
G1 X-13.287 Y-9.944 Z27.064 E310.26479
G1 X-8.994 Y-16.414 Z27.125 E313.91637
G1 X-7.825 Y-18.121 Z27.141 E314.88934
G1 X-6.953 Y-19.292 Z27.153 E315.57595
G1 X-6.105 Y-20.257 Z27.163 E316.18009
G1 X-5.314 Y-20.88 Z27.171 E316.65361
G1 X-4.98 Y-21.044 Z27.174 E316.82859
G1 X-4.394 Y-21.191 Z27.179 E317.11272
G1 X-3.785 Y-21.169 Z27.184 E317.3993
G1 X-3.078 Y-20.991 Z27.189 E317.74216
G1 X-2.507 Y-20.769 Z27.194 E318.03028
G1 X-1.836 Y-20.453 Z27.2 E318.37907
G1 X-.442 Y-19.691 Z27.213 E319.12619
G1 X1.316 Y-18.574 Z27.229 E320.10571
G1 X2.707 Y-17.665 Z27.242 E320.88716
G1 X3.186 Y-17.339 Z27.247 E321.15965
G1 X10.097 Y-12.748 Z27.313 E325.06152
G1 X10.571 Y-12.422 Z27.317 E325.33206
G1 X17.546 Y-7.746 Z27.384 E329.28116
G1 X18.824 Y-6.871 Z27.396 E330.00955
G1 X20.111 Y-5.965 Z27.408 E330.74973
G1 X20.956 Y-5.326 Z27.417 E331.24795
G1 X21.946 Y-4.513 Z27.427 E331.85039
G1 X22.677 Y-3.769 Z27.435 E332.3409
G1 X23.039 Y-3.268 Z27.44 E332.63158
G1 X23.327 Y-2.657 Z27.446 E332.94924
G1 X23.411 Y-2.173 Z27.449 E333.18026
G1 X23.343 Y-1.502 Z27.455 E333.49743
G1 X23.206 Y-1.039 Z27.459 E333.72451
G1 X22.767 Y-0.039 Z27.467 E334.2381
G1 X22.257 Y0.882 Z27.476 E334.7332
G1 X21.382 Y2.286 Z27.489 E335.51121
G1 X20.595 Y3.482 Z27.5 E336.18451
;TIME_ELAPSED:190.363788
;LAYER:27
;note -- min layer time used
;TYPE:WALL-OUTER
;MESH:twised-square.stl
G1 F1509.9 X17.408 Y8.22 Z27.545 E338.86986
G1 X16.034 Y10.253 Z27.565 E340.02381
G1 X13.079 Y14.609 Z27.607 E342.49923
G1 X11.716 Y16.617 Z27.626 E343.64055
G1 X10.577 Y18.241 Z27.642 E344.5734
G1 X9.881 Y19.15 Z27.651 E345.1118
G1 X9.044 Y20.124 Z27.661 E345.71574
G1 X8.41 Y20.695 Z27.668 E346.117
G1 X7.966 Y20.967 Z27.672 E346.36187
G1 X7.289 Y21.196 Z27.678 E346.69797
G1 X6.716 Y21.195 Z27.682 E346.96744
G1 X5.982 Y21.031 Z27.688 E347.32113
G1 X5.49 Y20.861 Z27.692 E347.56593
G1 X4.468 Y20.363 Z27.701 E348.10058
G1 X3.576 Y19.856 Z27.71 E348.5831
G1 X2.309 Y19.066 Z27.721 E349.28528
G1 X1.374 Y18.452 Z27.73 E349.81132
G1 X0.002 Y17.528 Z27.743 E350.58923
G1 X-4.99 Y14.115 Z27.791 E353.43309
G1 X-7.312 Y12.533 Z27.814 E354.75444
G1 X-12.286 Y9.1 Z27.862 E357.59666
G1 X-14.59 Y7.522 Z27.884 E358.90995
G1 X-15.954 Y6.561 Z27.897 E359.69462
G1 X-17.21 Y5.643 Z27.91 E360.42625
G1 X-18.036 Y5 Z27.918 E360.91852
G1 X-18.858 Y4.297 Z27.927 E361.42718
G1 X-19.431 Y3.728 Z27.933 E361.80694
G1 X-19.836 Y3.237 Z27.938 E362.10626
G1 X-20.093 Y2.803 Z27.942 E362.34347
G1 X-20.253 Y2.408 Z27.945 E362.54388
G1 X-20.337 Y1.825 Z27.95 E362.82089
G1 X-20.288 Y1.31 Z27.954 E363.06418
G1 X-20.198 Y0.966 Z27.957 E363.2314
G1 X-20.029 Y0.512 Z27.961 E363.45922
G1 X-19.757 Y-0.074 Z27.966 E363.76304
G1 X-19.336 Y-.847 Z27.973 E364.17699
G1 X-18.497 Y-2.205 Z27.986 E364.92768
G1 X-17.336 Y-3.915 Z28.002 E365.89969
G1 X-14.325 Y-8.259 Z28.044 E368.38535
G1 X-12.939 Y-10.283 Z28.064 E369.53898
G1 X-9.918 Y-14.598 Z28.106 E372.01613
G1 X-8.538 Y-16.596 Z28.125 E373.15809
G1 X-7.369 Y-18.226 Z28.141 E374.1014
G1 X-6.687 Y-19.111 Z28.15 E374.62684
G1 X-6.015 Y-19.897 Z28.158 E375.11316
G1 X-5.211 Y-20.656 Z28.167 E375.63313
G1 X-4.796 Y-20.935 Z28.171 E375.8683
G1 X-4.454 Y-21.102 Z28.174 E376.04728
G1 X-3.862 Y-21.234 Z28.178 E376.33252
G1 X-3.232 Y-21.191 Z28.184 E376.62949
G1 X-2.819 Y-21.09 Z28.187 E376.82944
G1 X-2.327 Y-20.914 Z28.191 E377.07518
G1 X-1.292 Y-20.418 Z28.2 E377.61492
G1 X-.395 Y-19.908 Z28.208 E378.10017
G1 X0.879 Y-19.09 Z28.22 E378.81218
G1 X1.775 Y-18.49 Z28.229 E379.3193
G1 X3.138 Y-17.553 Z28.242 E380.09714
G1 X8.1 Y-14.065 Z28.29 E382.94951
G1 X10.413 Y-12.471 Z28.313 E384.27056
G1 X15.344 Y-8.971 Z28.361 E387.11427
G1 X17.632 Y-7.382 Z28.383 E388.42431
G1 X18.975 Y-6.416 Z28.396 E389.2023
G1 X19.876 Y-5.752 Z28.405 E389.72866
G1 X21.056 Y-4.836 Z28.417 E390.43116
G1 X21.862 Y-4.143 Z28.425 E390.93105
G1 X22.409 Y-3.608 Z28.431 E391.29088
G1 X22.99 Y-2.898 Z28.439 E391.72232
G1 X23.198 Y-2.555 Z28.442 E391.91097
G1 X23.417 Y-1.937 Z28.447 E392.21931
G1 X23.434 Y-1.336 Z28.452 E392.50206
G1 X23.364 Y-.965 Z28.455 E392.67961
G1 X23.215 Y-.501 Z28.459 E392.9088
G1 X22.949 Y0.109 Z28.464 E393.22176
G1 X22.411 Y1.104 Z28.473 E393.75371
G1 X21.311 Y2.782 Z28.489 E394.69728
G1 X20.514 Y3.938 Z28.5 E395.3576
;TIME_ELAPSED:195.369631
;LAYER:28
;note -- min layer time used
;TYPE:WALL-OUTER
;MESH:twised-square.stl
G1 F1504.3 X18.932 Y6.159 Z28.522 E396.63997
G1 X15.836 Y10.553 Z28.565 E399.1678
G1 X14.492 Y12.425 Z28.583 E400.25156
G1 X11.392 Y16.789 Z28.626 E402.76896
G1 X10.545 Y17.947 Z28.637 E403.44367
G1 X9.504 Y19.271 Z28.651 E404.23573
G1 X8.816 Y20.059 Z28.659 E404.72768
G1 X8.239 Y20.592 Z28.665 E405.09708
G1 X7.764 Y20.922 Z28.67 E405.36909
G1 X7.378 Y21.118 Z28.673 E405.57267
G1 X7.037 Y21.21 Z28.676 E405.73877
G1 X6.489 Y21.241 Z28.68 E405.9969
G1 X5.968 Y21.166 Z28.685 E406.24444
G1 X5.346 Y20.956 Z28.69 E406.55317
G1 X4.457 Y20.539 Z28.698 E407.01496
G1 X3.509 Y19.999 Z28.706 E407.52804
G1 X2.387 Y19.274 Z28.717 E408.15626
G1 X1.048 Y18.358 Z28.73 E408.91922
G1 X-.284 Y17.418 Z28.743 E409.6859
G1 X-2.448 Y15.85 Z28.764 E410.94266
G1 X-7.458 Y12.276 Z28.813 E413.83682
G1 X-9.62 Y10.696 Z28.835 E415.09614
G1 X-14.634 Y7.087 Z28.884 E418.00142
G1 X-15.966 Y6.103 Z28.897 E418.78023
G1 X-17.217 Y5.149 Z28.91 E419.52009
G1 X-18.301 Y4.248 Z28.921 E420.18298
G1 X-19.103 Y3.491 Z28.93 E420.70162
G1 X-19.588 Y2.937 Z28.936 E421.04789
G1 X-19.91 Y2.466 Z28.94 E421.3162
G1 X-20.097 Y2.054 Z28.944 E421.52898
G1 X-20.231 Y1.428 Z28.949 E421.83005
G1 X-20.204 Y0.932 Z28.953 E422.06365
G1 X-20.139 Y0.651 Z28.955 E422.19929
G1 X-19.89 Y-0.038 Z28.961 E422.54382
G1 X-19.62 Y-.582 Z28.966 E422.82943
G1 X-19.177 Y-1.346 Z28.973 E423.24476
G1 X-18.308 Y-2.684 Z28.986 E423.99505
G1 X-17.126 Y-4.346 Z29.002 E424.95417
G1 X-15.748 Y-6.222 Z29.021 E426.04884
G1 X-12.619 Y-10.56 Z29.063 E428.56423
G1 X-11.233 Y-12.431 Z29.082 E429.65925
G1 X-8.082 Y-16.763 Z29.125 E432.17843
G1 X-6.873 Y-18.37 Z29.141 E433.12416
G1 X-5.959 Y-19.487 Z29.152 E433.80291
G1 X-5.19 Y-20.288 Z29.161 E434.3251
G1 X-4.692 Y-20.719 Z29.166 E434.63483
G1 X-4.287 Y-20.977 Z29.17 E434.86066
G1 X-3.733 Y-21.202 Z29.175 E435.14186
G1 X-3.187 Y-21.27 Z29.179 E435.40061
G1 X-2.898 Y-21.243 Z29.182 E435.53712
G1 X-2.271 Y-21.088 Z29.187 E435.84086
G1 X-1.799 Y-20.901 Z29.191 E436.07962
G1 X-1.177 Y-20.606 Z29.196 E436.40336
G1 X-.207 Y-20.051 Z29.205 E436.92892
G1 X0.946 Y-19.296 Z29.216 E437.57706
G1 X2.242 Y-18.387 Z29.229 E438.32152
G1 X3.561 Y-17.436 Z29.242 E439.08623
G1 X5.709 Y-15.837 Z29.263 E440.34555
G1 X10.701 Y-12.201 Z29.312 E443.2499
G1 X12.825 Y-10.604 Z29.334 E444.49962
G1 X17.803 Y-6.947 Z29.383 E447.40449
G1 X19.109 Y-5.963 Z29.396 E448.17349
G1 X20.419 Y-4.947 Z29.409 E448.95313
G1 X21.705 Y-3.871 Z29.422 E449.74168
G1 X22.707 Y-2.808 Z29.434 E450.42867
G1 X23.234 Y-2.014 Z29.442 E450.87683
G1 X23.365 Y-1.694 Z29.445 E451.03944
G1 X23.46 Y-1.148 Z29.449 E451.30007
G1 X23.403 Y-.6 Z29.453 E451.55917
G1 X23.296 Y-.214 Z29.457 E451.74755
G1 X23.091 Y0.292 Z29.461 E452.0043
G1 X22.49 Y1.395 Z29.471 E452.59502
G1 X21.645 Y2.684 Z29.483 E453.31985
G1 X20.409 Y4.392 Z29.5 E454.31134
;TIME_ELAPSED:200.375996
;LAYER:29
;note -- min layer time used
;TYPE:WALL-OUTER
;MESH:twised-square.stl
G1 F1497.7 X15.988 Y10.354 Z29.559 E457.8019
G1 X15.609 Y10.86 Z29.565 E458.09921
G1 X11.416 Y16.47 Z29.621 E461.39296
G1 X11.036 Y16.976 Z29.626 E461.69055
G1 X9.857 Y18.486 Z29.641 E462.59149
G1 X9.133 Y19.362 Z29.65 E463.12595
G1 X8.407 Y20.14 Z29.659 E463.62638
G1 X7.843 Y20.648 Z29.665 E463.98335
G1 X7.374 Y20.976 Z29.669 E464.25249
G1 X6.65 Y21.239 Z29.676 E464.61475
G1 X6.16 Y21.267 Z29.679 E464.84556
G1 X5.598 Y21.167 Z29.684 E465.11401
G1 X4.947 Y20.936 Z29.69 E465.43886
G1 X4.077 Y20.509 Z29.697 E465.89463
G1 X3.319 Y20.065 Z29.704 E466.30775
G1 X2.052 Y19.215 Z29.717 E467.02526
G1 X0.736 Y18.266 Z29.73 E467.78828
G1 X-.6 Y17.274 Z29.743 E468.57083
G1 X-7.07 Y12.411 Z29.808 E472.37718
G1 X-7.65 Y11.975 Z29.814 E472.71842
G1 X-14.09 Y7.087 Z29.878 E476.52059
G1 X-14.671 Y6.65 Z29.884 E476.86248
G1 X-15.967 Y5.647 Z29.897 E477.63317
G1 X-17.185 Y4.674 Z29.91 E478.3663
G1 X-17.966 Y4.009 Z29.918 E478.84869
G1 X-18.738 Y3.28 Z29.927 E479.34804
G1 X-19.289 Y2.686 Z29.933 E479.72906
G1 X-19.665 Y2.185 Z29.938 E480.02364
G1 X-20.006 Y1.503 Z29.944 E480.38223
G1 X-20.121 Y0.875 Z29.949 E480.68248
G1 X-20.103 Y0.572 Z29.952 E480.82523
G1 X-19.95 Y-0.065 Z29.957 E481.13331
G1 X-19.619 Y-.806 Z29.963 E481.51497
G1 X-19.006 Y-1.843 Z29.973 E482.08149
G1 X-18.102 Y-3.164 Z29.986 E482.83427
G1 X-16.894 Y-4.784 Z30.002 E483.78461
G1 X-12.637 Y-10.377 Z30.058 E487.09009
G1 X-12.255 Y-10.881 Z30.064 E487.38751
G1 X-7.988 Y-16.441 Z30.12 E490.68352
G1 X-7.606 Y-16.944 Z30.125 E490.98055
G1 X-6.405 Y-18.466 Z30.14 E491.89232
G1 X-5.69 Y-19.311 Z30.149 E492.41288
G1 X-4.961 Y-20.088 Z30.158 E492.91393
G1 X-4.403 Y-20.59 Z30.164 E493.26691
G1 X-3.937 Y-20.917 Z30.168 E493.53463
G1 X-3.258 Y-21.218 Z30.174 E493.88392
G1 X-2.774 Y-21.282 Z30.178 E494.11352
G1 X-2.201 Y-21.216 Z30.183 E494.38477
G1 X-1.535 Y-20.995 Z30.188 E494.71477
G1 X-.662 Y-20.567 Z30.196 E495.17201
G1 X0.105 Y-20.11 Z30.203 E495.59189
G1 X1.357 Y-19.265 Z30.215 E496.30223
G1 X2.673 Y-18.295 Z30.228 E497.07107
G1 X3.99 Y-17.298 Z30.242 E497.84789
G1 X10.412 Y-12.352 Z30.307 E501.6599
G1 X10.992 Y-11.915 Z30.312 E502.00142
G1 X17.378 Y-6.953 Z30.377 E505.80465
G1 X17.933 Y-6.532 Z30.383 E506.13225
G1 X19.225 Y-5.511 Z30.396 E506.90667
G1 X20.09 Y-4.81 Z30.405 E507.43027
G1 X21.225 Y-3.844 Z30.417 E508.13119
G1 X21.982 Y-3.129 Z30.425 E508.62088
G1 X22.528 Y-2.543 Z30.432 E508.99755
G1 X22.891 Y-2.083 Z30.436 E509.27312
G1 X23.261 Y-1.455 Z30.442 E509.61591
G1 X23.432 Y-.894 Z30.447 E509.89172
G1 X23.446 Y-.449 Z30.45 E510.10109
G1 X23.336 Y0.118 Z30.455 E510.37272
G1 X23.183 Y0.535 Z30.459 E510.58161
G1 X22.689 Y1.484 Z30.467 E511.08475
G1 X22.127 Y2.351 Z30.476 E511.57065
G1 X21.16 Y3.691 Z30.489 E512.34777
G1 X20.311 Y4.808 Z30.5 E513.00759
;TIME_ELAPSED:205.381791
;LAYER:30
;note -- min layer time used
;TYPE:WALL-OUTER
;MESH:twised-square.stl
G1 F1491.6 X17.554 Y8.348 Z30.536 E515.1177
G1 X15.386 Y11.14 Z30.565 E516.78009
G1 X12.875 Y14.335 Z30.597 E518.69113
G1 X10.71 Y17.099 Z30.625 E520.34227
G1 X9.465 Y18.633 Z30.641 E521.27138
G1 X8.743 Y19.453 Z30.65 E521.78518
G1 X8.02 Y20.197 Z30.659 E522.27307
G1 X7.144 Y20.893 Z30.668 E522.79923
G1 X6.74 Y21.111 Z30.671 E523.01512
G1 X6.049 Y21.283 Z30.677 E523.35
G1 X5.492 Y21.243 Z30.681 E523.61262
G1 X5.178 Y21.156 Z30.684 E523.76585
G1 X4.535 Y20.909 Z30.69 E524.08978
G1 X3.996 Y20.65 Z30.694 E524.37101
G1 X3.344 Y20.262 Z30.701 E524.72782
G1 X2.478 Y19.683 Z30.709 E525.21772
G1 X1.247 Y18.792 Z30.721 E525.93237
G1 X0.391 Y18.142 Z30.73 E526.43783
G1 X-.905 Y17.136 Z30.743 E527.20938
G1 X-4.594 Y14.217 Z30.781 E529.42166
G1 X-7.805 Y11.697 Z30.814 E531.34124
G1 X-11.481 Y8.762 Z30.851 E533.5534
G1 X-14.684 Y6.228 Z30.884 E535.4741
G1 X-15.959 Y5.193 Z30.898 E536.2464
G1 X-17.154 Y4.192 Z30.91 E536.97949
G1 X-18.192 Y3.249 Z30.921 E537.63901
G1 X-18.953 Y2.464 Z30.93 E538.15317
G1 X-19.583 Y1.621 Z30.939 E538.6481
G1 X-19.94 Y0.82 Z30.946 E539.06051
G1 X-19.983 Y0.302 Z30.95 E539.30495
G1 X-19.913 Y-.219 Z30.954 E539.55217
G1 X-19.697 Y-.839 Z30.959 E539.86093
G1 X-19.466 Y-1.287 Z30.963 E540.09797
G1 X-18.825 Y-2.332 Z30.973 E540.6745
G1 X-17.918 Y-3.596 Z30.986 E541.40614
G1 X-16.667 Y-5.2 Z31.002 E542.36276
G1 X-14.109 Y-8.385 Z31.035 E544.28387
G1 X-11.917 Y-11.156 Z31.063 E545.94545
G1 X-9.358 Y-14.315 Z31.096 E547.85734
G1 X-7.169 Y-17.061 Z31.124 E549.50883
G1 X-5.902 Y-18.592 Z31.14 E550.4434
G1 X-5.176 Y-19.404 Z31.149 E550.95565
G1 X-4.463 Y-20.133 Z31.157 E551.43519
G1 X-3.614 Y-20.823 Z31.166 E551.94969
G1 X-2.856 Y-21.202 Z31.173 E552.34824
G1 X-2.282 Y-21.286 Z31.178 E552.62106
G1 X-1.678 Y-21.201 Z31.183 E552.90791
G1 X-1.007 Y-20.962 Z31.188 E553.24288
G1 X-.476 Y-20.705 Z31.193 E553.52031
G1 X0.183 Y-20.318 Z31.199 E553.87971
G1 X1.05 Y-19.734 Z31.208 E554.37132
G1 X2.275 Y-18.83 Z31.22 E555.08729
G1 X3.11 Y-18.184 Z31.228 E555.58377
G1 X4.396 Y-17.164 Z31.242 E556.35569
G1 X8.061 Y-14.183 Z31.28 E558.57741
G1 X11.236 Y-11.653 Z31.312 E560.48662
G1 X14.89 Y-8.652 Z31.35 E562.71029
G1 X18.057 Y-6.109 Z31.383 E564.62038
G1 X19.323 Y-5.06 Z31.396 E565.39358
G1 X20.583 Y-3.99 Z31.409 E566.17096
G1 X21.686 Y-2.962 Z31.422 E566.88004
G1 X22.313 Y-2.306 Z31.429 E567.3068
G1 X22.742 Y-1.784 Z31.434 E567.62455
G1 X23.052 Y-1.325 Z31.439 E567.88503
G1 X23.352 Y-.652 Z31.445 E568.23155
G1 X23.428 Y-.175 Z31.449 E568.4587
G1 X23.36 Y0.423 Z31.453 E568.74174
G1 X23.23 Y0.821 Z31.457 E568.93864
G1 X23.001 Y1.321 Z31.461 E569.19727
G1 X22.626 Y1.971 Z31.467 E569.55017
G1 X22.057 Y2.812 Z31.475 E570.02769
G1 X21.045 Y4.145 Z31.489 E570.81477
G1 X20.188 Y5.222 Z31.5 E571.46204
;TIME_ELAPSED:210.387562
;LAYER:31
;note -- min layer time used
;TYPE:WALL-OUTER
;MESH:twised-square.stl
G1 F1485.6 X19.182 Y6.442 Z31.513 E572.20569
G1 X15.142 Y11.41 Z31.564 E575.21704
G1 X14.403 Y12.299 Z31.574 E575.7607
G1 X10.341 Y17.249 Z31.626 E578.77205
G1 X9.07 Y18.745 Z31.641 E579.69521
G1 X8.344 Y19.531 Z31.65 E580.19841
G1 X7.586 Y20.264 Z31.659 E580.69429
G1 X7.007 Y20.747 Z31.665 E581.04889
G1 X6.501 Y21.044 Z31.669 E581.32481
G1 X5.797 Y21.262 Z31.675 E581.6714
G1 X5.32 Y21.274 Z31.679 E581.89579
G1 X4.739 Y21.13 Z31.684 E582.17729
G1 X3.895 Y20.77 Z31.691 E582.6088
G1 X2.94 Y20.188 Z31.7 E583.13475
G1 X1.703 Y19.307 Z31.713 E583.84895
G1 X0.059 Y18.019 Z31.73 E584.83111
G1 X-1.187 Y17.003 Z31.743 E585.58719
G1 X-2.235 Y16.127 Z31.754 E586.22954
G1 X-7.958 Y11.413 Z31.814 E589.71642
G1 X-8.986 Y10.545 Z31.824 E590.34915
G1 X-14.691 Y5.806 Z31.884 E593.83699
G1 X-15.935 Y4.748 Z31.897 E594.60499
G1 X-16.764 Y4.027 Z31.906 E595.12167
G1 X-18.104 Y2.779 Z31.921 E595.98282
G1 X-18.881 Y1.925 Z31.93 E596.5258
G1 X-19.306 Y1.376 Z31.936 E596.8523
G1 X-19.697 Y0.655 Z31.943 E597.23803
G1 X-19.842 Y0.047 Z31.948 E597.53198
G1 X-19.822 Y-.466 Z31.952 E597.77341
G1 X-19.763 Y-.741 Z31.954 E597.90568
G1 X-19.542 Y-1.337 Z31.959 E598.20461
G1 X-19.286 Y-1.804 Z31.964 E598.45507
G1 X-18.916 Y-2.414 Z31.969 E598.79059
G1 X-18.306 Y-3.261 Z31.978 E599.28146
G1 X-17.301 Y-4.542 Z31.991 E600.04716
G1 X-16.409 Y-5.629 Z32.002 E600.70844
G1 X-15.666 Y-6.504 Z32.012 E601.24828
G1 X-11.57 Y-11.423 Z32.063 E604.25857
G1 X-10.817 Y-12.302 Z32.073 E604.80289
G1 X-6.71 Y-17.193 Z32.124 E607.8064
G1 X-5.418 Y-18.685 Z32.14 E608.73457
G1 X-4.686 Y-19.468 Z32.149 E609.23865
G1 X-3.935 Y-20.195 Z32.157 E609.7302
G1 X-3.359 Y-20.67 Z32.163 E610.08131
G1 X-2.892 Y-20.974 Z32.168 E610.34337
G1 X-2.201 Y-21.238 Z32.174 E610.69124
G1 X-1.727 Y-21.277 Z32.178 E610.9149
G1 X-1.131 Y-21.174 Z32.183 E611.19935
G1 X-.274 Y-20.821 Z32.19 E611.63522
G1 X0.689 Y-20.243 Z32.199 E612.16341
G1 X1.517 Y-19.659 Z32.207 E612.63992
G1 X2.696 Y-18.748 Z32.219 E613.34061
G1 X3.556 Y-18.052 Z32.228 E613.86091
G1 X4.793 Y-17.023 Z32.241 E614.6176
G1 X5.83 Y-16.132 Z32.252 E615.26057
G1 X11.485 Y-11.374 Z32.312 E618.73611
G1 X12.518 Y-10.477 Z32.323 E619.3795
G1 X18.165 Y-5.687 Z32.383 E622.86188
G1 X19.416 Y-4.602 Z32.396 E623.64064
G1 X20.204 Y-3.904 Z32.405 E624.1357
G1 X21.553 Y-2.641 Z32.42 E625.00476
G1 X22.317 Y-1.804 Z32.429 E625.53771
G1 X22.741 Y-1.267 Z32.434 E625.85947
G1 X23.209 Y-.452 Z32.442 E626.30145
G1 X23.363 Y0.072 Z32.446 E626.5583
G1 X23.389 Y0.32 Z32.448 E626.67557
G1 X23.31 Y0.915 Z32.453 E626.95784
G1 X23.05 Y1.586 Z32.459 E627.29626
G1 X22.671 Y2.277 Z32.465 E627.66689
G1 X21.947 Y3.293 Z32.475 E628.25359
G1 X20.93 Y4.574 Z32.489 E629.0228
G1 X20.029 Y5.653 Z32.5 E629.68387
;TIME_ELAPSED:215.393853
;LAYER:32
;note -- min layer time used
;TYPE:WALL-OUTER
;MESH:twised-square.stl
G1 F1478.9 X15.994 Y10.378 Z32.55 E632.60593
G1 X14.874 Y11.684 Z32.564 E633.41503
G1 X11.091 Y16.08 Z32.611 E636.14248
G1 X9.967 Y17.386 Z32.625 E636.95281
G1 X8.668 Y18.845 Z32.641 E637.8715
G1 X7.936 Y19.6 Z32.65 E638.36604
G1 X7.177 Y20.309 Z32.658 E638.85449
G1 X6.582 Y20.772 Z32.664 E639.20904
G1 X6.098 Y21.039 Z32.669 E639.46899
G1 X5.473 Y21.248 Z32.674 E639.77892
G1 X4.916 Y21.248 Z32.679 E640.04086
G1 X4.66 Y21.21 Z32.681 E640.16257
G1 X4.12 Y21.014 Z32.685 E640.43273
G1 X3.216 Y20.546 Z32.694 E640.91146
G1 X2.159 Y19.84 Z32.704 E641.50923
G1 X0.986 Y18.937 Z32.716 E642.20539
G1 X-.273 Y17.889 Z32.729 E642.97576
G1 X-1.513 Y16.83 Z32.743 E643.74263
G1 X-6.613 Y12.415 Z32.797 E646.91491
G1 X-8.123 Y11.114 Z32.813 E647.85226
G1 X-13.198 Y6.681 Z32.868 E651.02123
G1 X-14.706 Y5.373 Z32.884 E651.96001
G1 X-15.918 Y4.294 Z32.898 E652.72314
G1 X-16.697 Y3.581 Z32.906 E653.21977
G1 X-18.018 Y2.301 Z32.921 E654.08481
G1 X-18.782 Y1.428 Z32.93 E654.63038
G1 X-19.185 Y0.868 Z32.936 E654.95484
G1 X-19.571 Y0.136 Z32.943 E655.34402
G1 X-19.673 Y-.239 Z32.946 E655.52678
G1 X-19.691 Y-.847 Z32.951 E655.81283
G1 X-19.545 Y-1.436 Z32.956 E656.09821
G1 X-19.378 Y-1.824 Z32.959 E656.29686
G1 X-19.118 Y-2.289 Z32.964 E656.54741
G1 X-18.718 Y-2.895 Z32.969 E656.88888
G1 X-18.098 Y-3.721 Z32.978 E657.37458
G1 X-17.086 Y-4.955 Z32.991 E658.1251
G1 X-16.16 Y-6.031 Z33.002 E658.79271
G1 X-12.335 Y-10.394 Z33.049 E661.5214
G1 X-11.223 Y-11.677 Z33.063 E662.31986
G1 X-7.365 Y-16.038 Z33.11 E665.0581
G1 X-6.233 Y-17.335 Z33.124 E665.86769
G1 X-4.926 Y-18.776 Z33.14 E666.78259
G1 X-4.201 Y-19.516 Z33.149 E667.26979
G1 X-3.425 Y-20.238 Z33.157 E667.76825
G1 X-2.845 Y-20.695 Z33.163 E668.11551
G1 X-2.389 Y-20.969 Z33.167 E668.36569
G1 X-1.789 Y-21.207 Z33.173 E668.66925
G1 X-1.236 Y-21.258 Z33.177 E668.93042
G1 X-.975 Y-21.228 Z33.179 E669.05397
G1 X-.42 Y-21.068 Z33.184 E669.3256
G1 X0.514 Y-20.6 Z33.192 E669.8169
G1 X1.157 Y-20.182 Z33.199 E670.17757
G1 X1.992 Y-19.564 Z33.207 E670.6661
G1 X3.138 Y-18.636 Z33.219 E671.35959
G1 X3.978 Y-17.922 Z33.228 E671.87805
G1 X5.198 Y-16.86 Z33.241 E672.63871
G1 X10.254 Y-12.372 Z33.296 E675.81807
G1 X11.741 Y-11.078 Z33.312 E676.74508
G1 X16.778 Y-6.565 Z33.367 E679.9256
G1 X18.257 Y-5.268 Z33.383 E680.8507
G1 X19.467 Y-4.168 Z33.396 E681.61973
G1 X20.276 Y-3.416 Z33.405 E682.13917
G1 X21.553 Y-2.167 Z33.42 E682.97922
G1 X22.308 Y-1.302 Z33.429 E683.51917
G1 X22.715 Y-.757 Z33.434 E683.83905
G1 X22.999 Y-.297 Z33.439 E684.09329
G1 X23.276 Y0.407 Z33.445 E684.44907
G1 X23.322 Y0.972 Z33.45 E684.71566
G1 X23.167 Y1.633 Z33.455 E685.03494
G1 X22.976 Y2.058 Z33.459 E685.25407
G1 X22.668 Y2.592 Z33.464 E685.54398
G1 X21.818 Y3.766 Z33.476 E686.2256
G1 X20.804 Y4.986 Z33.488 E686.97164
G1 X19.868 Y6.056 Z33.5 E687.6402
;TIME_ELAPSED:220.399574
;LAYER:33
;note -- min layer time used
;TYPE:WALL-OUTER
;MESH:twised-square.stl
G1 F1471.9 X17.651 Y8.524 Z33.527 E689.20037
G1 X14.609 Y11.934 Z33.564 E691.34939
G1 X12.655 Y14.091 Z33.588 E692.71812
G1 X9.613 Y17.476 Z33.625 E694.85839
G1 X8.287 Y18.898 Z33.641 E695.77276
G1 X7.521 Y19.655 Z33.65 E696.27922
G1 X6.586 Y20.476 Z33.66 E696.86439
G1 X5.87 Y20.945 Z33.667 E697.26691
G1 X5.412 Y21.152 Z33.671 E697.50328
G1 X4.747 Y21.253 Z33.676 E697.8196
G1 X4.203 Y21.161 Z33.681 E698.07907
G1 X3.527 Y20.882 Z33.687 E698.42299
G1 X3.056 Y20.642 Z33.691 E698.67159
G1 X2.505 Y20.275 Z33.697 E698.98293
G1 X1.774 Y19.748 Z33.704 E699.40673
G1 X0.634 Y18.832 Z33.716 E700.09447
G1 X-.609 Y17.748 Z33.729 E700.87009
G1 X-1.822 Y16.667 Z33.743 E701.6342
G1 X-4.325 Y14.383 Z33.77 E703.22772
G1 X-8.269 Y10.827 Z33.814 E705.72509
G1 X-10.765 Y8.531 Z33.841 E707.31999
G1 X-14.698 Y4.957 Z33.884 E709.81921
G1 X-15.887 Y3.848 Z33.898 E710.58385
G1 X-17.057 Y2.718 Z33.911 E711.3488
G1 X-18.081 Y1.642 Z33.923 E712.04734
G1 X-18.915 Y0.6 Z33.934 E712.675
G1 X-19.433 Y-.378 Z33.943 E713.19547
G1 X-19.548 Y-1.079 Z33.949 E713.52954
G1 X-19.484 Y-1.599 Z33.953 E713.77593
G1 X-19.284 Y-2.139 Z33.958 E714.04674
G1 X-19.082 Y-2.523 Z33.961 E714.25079
G1 X-18.745 Y-3.054 Z33.966 E714.54655
G1 X-18.237 Y-3.74 Z33.973 E714.94799
G1 X-17.265 Y-4.911 Z33.986 E715.66369
G1 X-15.925 Y-6.406 Z34.002 E716.60784
G1 X-13.933 Y-8.558 Z34.026 E717.9869
G1 X-10.859 Y-11.938 Z34.063 E720.13551
G1 X-8.871 Y-14.067 Z34.087 E721.50537
G1 X-5.797 Y-17.42 Z34.124 E723.64461
G1 X-4.441 Y-18.848 Z34.14 E724.5707
G1 X-3.692 Y-19.577 Z34.149 E725.06224
G1 X-2.924 Y-20.26 Z34.157 E725.54558
G1 X-2.338 Y-20.7 Z34.163 E725.8902
G1 X-1.874 Y-20.968 Z34.167 E726.14219
G1 X-1.274 Y-21.188 Z34.173 E726.44273
G1 X-.992 Y-21.231 Z34.175 E726.57688
G1 X-.44 Y-21.188 Z34.179 E726.83726
G1 X0.267 Y-20.937 Z34.186 E727.19008
G1 X0.715 Y-20.709 Z34.19 E727.42648
G1 X1.653 Y-20.085 Z34.199 E727.9563
G1 X3.206 Y-18.838 Z34.215 E728.89295
G1 X4.381 Y-17.793 Z34.228 E729.63245
G1 X5.597 Y-16.687 Z34.241 E730.40546
G1 X8.069 Y-14.369 Z34.269 E731.99915
G1 X11.982 Y-10.778 Z34.312 E734.4968
G1 X14.445 Y-8.447 Z34.34 E736.0916
G1 X18.346 Y-4.837 Z34.383 E738.59116
G1 X19.512 Y-3.729 Z34.396 E739.3476
G1 X20.613 Y-2.656 Z34.409 E740.0706
G1 X21.344 Y-1.893 Z34.418 E740.56752
G1 X22.01 Y-1.141 Z34.426 E741.03993
G1 X22.494 Y-.518 Z34.432 E741.41094
G1 X22.809 Y-0.035 Z34.437 E741.68212
G1 X23.118 Y0.616 Z34.443 E742.02101
G1 X23.238 Y1.174 Z34.447 E742.28942
G1 X23.21 Y1.651 Z34.451 E742.51413
G1 X22.984 Y2.324 Z34.457 E742.848
G1 X22.734 Y2.785 Z34.461 E743.09463
G1 X22.033 Y3.783 Z34.471 E743.66817
G1 X21.065 Y4.948 Z34.484 E744.3805
G1 X19.708 Y6.431 Z34.5 E745.32583
;TIME_ELAPSED:225.405268
;LAYER:34
;note -- min layer time used
;TYPE:WALL-OUTER
;MESH:twised-square.stl
G1 F1465.6 X9.222 Y17.584 Z34.625 E752.52504
G1 X7.854 Y18.985 Z34.641 E753.4459
G1 X6.825 Y19.942 Z34.653 E754.10676
G1 X6.01 Y20.588 Z34.661 E754.59583
G1 X5.162 Y21.053 Z34.669 E755.05065
G1 X4.481 Y21.205 Z34.675 E755.3788
G1 X4.01 Y21.167 Z34.679 E755.60102
G1 X3.462 Y21.009 Z34.684 E755.86923
G1 X2.636 Y20.563 Z34.691 E756.31069
G1 X2.082 Y20.184 Z34.697 E756.62636
G1 X1.399 Y19.661 Z34.704 E757.03091
G1 X0.233 Y18.676 Z34.716 E757.74873
G1 X-.954 Y17.592 Z34.729 E758.5047
G1 X-2.128 Y16.494 Z34.743 E759.26065
G1 X-14.695 Y4.532 Z34.885 E767.41995
G1 X-15.858 Y3.398 Z34.898 E768.18385
G1 X-16.919 Y2.334 Z34.91 E768.89049
G1 X-17.627 Y1.568 Z34.919 E769.38104
G1 X-18.305 Y0.762 Z34.927 E769.87635
G1 X-18.761 Y0.135 Z34.934 E770.24096
G1 X-19.199 Y-.661 Z34.941 E770.66823
G1 X-19.372 Y-1.284 Z34.947 E770.9723
G1 X-19.394 Y-1.533 Z34.949 E771.08986
G1 X-19.328 Y-2.014 Z34.953 E771.31818
G1 X-19.114 Y-2.602 Z34.958 E771.61245
G1 X-18.897 Y-2.992 Z34.961 E771.82233
G1 X-18.306 Y-3.84 Z34.97 E772.30843
G1 X-17.661 Y-4.62 Z34.978 E772.78442
G1 X-16.601 Y-5.795 Z34.991 E773.52862
G1 X-15.657 Y-6.798 Z35.002 E774.17637
G1 X-5.332 Y-17.524 Z35.124 E781.1779
G1 X-4.373 Y-18.495 Z35.135 E781.81971
G1 X-3.189 Y-19.621 Z35.149 E782.58811
G1 X-2.413 Y-20.279 Z35.157 E783.06658
G1 X-1.827 Y-20.698 Z35.163 E783.40537
G1 X-1.337 Y-20.966 Z35.168 E783.66802
G1 X-.655 Y-21.171 Z35.173 E784.00293
G1 X-.182 Y-21.176 Z35.177 E784.22538
G1 X0.381 Y-21.045 Z35.182 E784.49722
G1 X1.216 Y-20.622 Z35.19 E784.93742
G1 X1.789 Y-20.244 Z35.195 E785.26024
G1 X2.471 Y-19.713 Z35.202 E785.66672
G1 X3.612 Y-18.743 Z35.215 E786.37101
G1 X4.8 Y-17.637 Z35.228 E787.13434
G1 X5.975 Y-16.517 Z35.241 E787.89773
G1 X18.403 Y-4.425 Z35.383 E796.05233
G1 X19.547 Y-3.287 Z35.396 E796.81118
G1 X20.999 Y-1.801 Z35.413 E797.78824
G1 X22.128 Y-.47 Z35.428 E798.60904
G1 X22.616 Y0.245 Z35.435 E799.01615
G1 X23.032 Y1.094 Z35.443 E799.46077
G1 X23.145 Y1.671 Z35.447 E799.73727
G1 X23.108 Y2.117 Z35.451 E799.94774
G1 X22.944 Y2.638 Z35.455 E800.2046
G1 X22.745 Y3.031 Z35.459 E800.41177
G1 X22.411 Y3.552 Z35.464 E800.70281
G1 X21.901 Y4.22 Z35.471 E801.09805
G1 X20.867 Y5.407 Z35.484 E801.83837
G1 X19.508 Y6.824 Z35.5 E802.76169
;TIME_ELAPSED:230.410937
;LAYER:35
;note -- min layer time used
;TYPE:WALL-OUTER
;MESH:twised-square.stl
G1 F1458.7 X15.966 Y10.437 Z35.542 E805.14112
G1 X14.022 Y12.416 Z35.564 E806.44572
G1 X10.769 Y15.711 Z35.603 E808.62322
G1 X8.817 Y17.683 Z35.625 E809.92812
G1 X7.444 Y19.028 Z35.641 E810.832
G1 X6.392 Y19.966 Z35.653 E811.49484
G1 X5.542 Y20.592 Z35.661 E811.99128
G1 X4.975 Y20.923 Z35.667 E812.30005
G1 X4.543 Y21.092 Z35.671 E812.5182
G1 X3.882 Y21.161 Z35.676 E812.83074
G1 X3.453 Y21.093 Z35.68 E813.03501
G1 X3.007 Y20.908 Z35.684 E813.26209
G1 X2.217 Y20.476 Z35.691 E813.68553
G1 X1.671 Y20.087 Z35.697 E814.0008
G1 X0.994 Y19.539 Z35.704 E814.41042
G1 X-0.096 Y18.577 Z35.716 E815.09411
G1 X-1.27 Y17.455 Z35.729 E815.85781
G1 X-2.437 Y16.315 Z35.743 E816.62503
G1 X-6.272 Y12.502 Z35.787 E819.16829
G1 X-8.554 Y10.243 Z35.813 E820.67836
G1 X-12.388 Y6.401 Z35.858 E823.23093
G1 X-14.678 Y4.118 Z35.885 E824.75163
G1 X-15.794 Y2.98 Z35.898 E825.50121
G1 X-16.869 Y1.848 Z35.911 E826.23536
G1 X-17.538 Y1.093 Z35.919 E826.70976
G1 X-18.19 Y0.289 Z35.927 E827.19656
G1 X-18.639 Y-.364 Z35.934 E827.56925
G1 X-18.946 Y-.907 Z35.939 E827.8626
G1 X-19.201 Y-1.728 Z35.946 E828.26689
G1 X-19.198 Y-2.209 Z35.95 E828.4931
G1 X-19.113 Y-2.637 Z35.954 E828.69831
G1 X-18.811 Y-3.267 Z35.959 E829.02687
G1 X-18.533 Y-3.702 Z35.964 E829.26965
G1 X-18.096 Y-4.28 Z35.97 E829.61042
G1 X-17.431 Y-5.051 Z35.978 E830.08924
G1 X-16.363 Y-6.187 Z35.991 E830.8225
G1 X-15.397 Y-7.169 Z36.002 E831.47031
G1 X-12.093 Y-10.443 Z36.04 E833.65777
G1 X-10.135 Y-12.409 Z36.063 E834.96265
G1 X-6.834 Y-15.657 Z36.101 E837.14051
G1 X-4.888 Y-17.598 Z36.124 E838.43309
G1 X-3.51 Y-18.918 Z36.14 E839.33049
G1 X-2.71 Y-19.634 Z36.149 E839.83539
G1 X-1.745 Y-20.412 Z36.159 E840.41833
G1 X-1.062 Y-20.823 Z36.165 E840.7932
G1 X-.274 Y-21.109 Z36.172 E841.18743
G1 X0.289 Y-21.126 Z36.177 E841.45232
G1 X0.873 Y-20.968 Z36.182 E841.73684
G1 X1.261 Y-20.796 Z36.185 E841.93643
G1 X1.703 Y-20.536 Z36.189 E842.17759
G1 X2.254 Y-20.149 Z36.195 E842.49424
G1 X2.929 Y-19.605 Z36.202 E842.90194
G1 X4.04 Y-18.61 Z36.214 E843.60333
G1 X5.188 Y-17.492 Z36.228 E844.35693
G1 X6.344 Y-16.339 Z36.241 E845.12476
G1 X10.128 Y-12.474 Z36.286 E847.66848
G1 X12.395 Y-10.201 Z36.312 E849.17821
G1 X16.176 Y-6.305 Z36.357 E851.73139
G1 X18.436 Y-4.025 Z36.383 E853.24112
G1 X19.555 Y-2.859 Z36.396 E854.00113
G1 X20.277 Y-2.089 Z36.405 E854.49754
G1 X21.481 Y-.738 Z36.42 E855.34858
G1 X22.164 Y0.16 Z36.429 E855.87916
G1 X22.528 Y0.721 Z36.435 E856.19366
G1 X22.78 Y1.201 Z36.439 E856.44861
G1 X23.007 Y1.913 Z36.445 E856.80005
G1 X23.013 Y2.461 Z36.45 E857.05778
G1 X22.821 Y3.091 Z36.455 E857.36751
G1 X22.611 Y3.486 Z36.459 E857.57789
G1 X22.014 Y4.33 Z36.467 E858.06407
G1 X21.369 Y5.08 Z36.476 E858.52928
G1 X20.664 Y5.837 Z36.484 E859.01575
G1 X19.288 Y7.209 Z36.5 E859.92957
;TIME_ELAPSED:235.417122
;LAYER:36
;note -- min layer time used
;TYPE:WALL-OUTER
;MESH:twised-square.stl
G1 F1451.2 X17.706 Y8.738 Z36.518 E860.96424
G1 X13.72 Y12.634 Z36.564 E863.58548
G1 X12.425 Y13.875 Z36.579 E864.42899
G1 X8.437 Y17.74 Z36.625 E867.04073
G1 X7.026 Y19.06 Z36.641 E867.9494
G1 X5.951 Y19.974 Z36.653 E868.61298
G1 X4.949 Y20.678 Z36.663 E869.18888
G1 X4.276 Y20.983 Z36.669 E869.53636
G1 X3.582 Y21.106 Z36.675 E869.86782
G1 X3.111 Y21.041 Z36.679 E870.09142
G1 X2.588 Y20.834 Z36.683 E870.35594
G1 X1.794 Y20.379 Z36.691 E870.78631
G1 X1.265 Y19.982 Z36.696 E871.09735
G1 X0.429 Y19.268 Z36.705 E871.61438
G1 X-.881 Y18.02 Z36.72 E872.46526
G1 X-1.621 Y17.278 Z36.729 E872.95809
G1 X-2.727 Y16.146 Z36.742 E873.70236
G1 X-4.19 Y14.611 Z36.76 E874.6996
G1 X-8.71 Y9.935 Z36.813 E877.75805
G1 X-10.151 Y8.408 Z36.831 E878.74544
G1 X-14.642 Y3.723 Z36.885 E881.7975
G1 X-15.752 Y2.535 Z36.898 E882.56211
G1 X-16.782 Y1.403 Z36.911 E883.28186
G1 X-17.432 Y0.632 Z36.919 E883.7561
G1 X-18.069 Y-.19 Z36.928 E884.24516
G1 X-18.504 Y-.841 Z36.934 E884.61337
G1 X-18.963 Y-1.857 Z36.943 E885.13767
G1 X-19.036 Y-2.248 Z36.947 E885.32473
G1 X-19 Y-2.793 Z36.951 E885.58159
G1 X-18.863 Y-3.253 Z36.955 E885.80731
G1 X-18.49 Y-3.923 Z36.961 E886.16793
G1 X-17.868 Y-4.732 Z36.97 E886.64784
G1 X-17.208 Y-5.463 Z36.978 E887.11101
G1 X-16.495 Y-6.201 Z36.986 E887.59359
G1 X-15.109 Y-7.548 Z37.002 E888.50251
G1 X-13.806 Y-8.771 Z37.017 E889.34292
G1 X-9.78 Y-12.621 Z37.063 E891.96265
G1 X-8.466 Y-13.845 Z37.078 E892.80716
G1 X-4.436 Y-17.669 Z37.124 E895.41981
G1 X-3.028 Y-18.963 Z37.14 E896.31913
G1 X-1.945 Y-19.878 Z37.152 E896.98589
G1 X-.96 Y-20.58 Z37.162 E897.55472
G1 X-.356 Y-20.881 Z37.167 E897.87208
G1 X0.251 Y-21.058 Z37.172 E898.16943
G1 X0.791 Y-21.056 Z37.177 E898.42339
G1 X1.367 Y-20.894 Z37.182 E898.70478
G1 X2.18 Y-20.437 Z37.19 E899.14338
G1 X2.711 Y-20.045 Z37.195 E899.45377
G1 X3.564 Y-19.321 Z37.204 E899.97993
G1 X4.857 Y-18.066 Z37.219 E900.82734
G1 X5.579 Y-17.328 Z37.228 E901.31287
G1 X6.703 Y-16.154 Z37.241 E902.07723
G1 X8.127 Y-14.617 Z37.258 E903.06259
G1 X12.584 Y-9.912 Z37.312 E906.11042
G1 X14.019 Y-8.349 Z37.33 E907.10828
G1 X18.464 Y-3.617 Z37.383 E910.16147
G1 X19.55 Y-2.433 Z37.397 E910.91704
G1 X20.275 Y-1.622 Z37.406 E911.42862
G1 X21.409 Y-.29 Z37.42 E912.25129
G1 X22.08 Y0.633 Z37.429 E912.78794
G1 X22.44 Y1.214 Z37.435 E913.10937
G1 X22.665 Y1.671 Z37.439 E913.34893
G1 X22.874 Y2.36 Z37.445 E913.68753
G1 X22.886 Y2.84 Z37.449 E913.91333
G1 X22.748 Y3.383 Z37.454 E914.17682
G1 X22.57 Y3.753 Z37.457 E914.36991
G1 X22.291 Y4.193 Z37.462 E914.61493
G1 X21.854 Y4.756 Z37.467 E914.95009
G1 X21.176 Y5.511 Z37.476 E915.42731
G1 X20.053 Y6.634 Z37.489 E916.17419
G1 X19.087 Y7.554 Z37.5 E916.80154
;TIME_ELAPSED:240.422735
;LAYER:37
;note -- min layer time used
;TYPE:WALL-OUTER
;MESH:twised-square.stl
G1 F1444.8 X14.14 Y12.157 Z37.556 E919.97934
G1 X13.389 Y12.852 Z37.565 E920.46055
G1 X8.759 Y17.132 Z37.617 E923.42575
G1 X8.006 Y17.825 Z37.625 E923.90701
G1 X7.029 Y18.708 Z37.636 E924.52633
G1 X5.8 Y19.75 Z37.65 E925.28408
G1 X4.982 Y20.344 Z37.658 E925.75949
G1 X4.35 Y20.718 Z37.664 E926.10485
G1 X3.85 Y20.919 Z37.669 E926.35828
G1 X3.222 Y21.039 Z37.674 E926.65896
G1 X2.689 Y20.967 Z37.679 E926.9119
G1 X2.149 Y20.743 Z37.683 E927.18683
G1 X1.365 Y20.268 Z37.691 E927.61792
G1 X0.844 Y19.857 Z37.697 E927.93
G1 X0.029 Y19.133 Z37.706 E928.44267
G1 X-1.221 Y17.883 Z37.72 E929.27401
G1 X-1.963 Y17.104 Z37.729 E929.77995
G1 X-3.053 Y15.932 Z37.743 E930.53265
G1 X-8.052 Y10.498 Z37.804 E934.00504
G1 X-8.86 Y9.622 Z37.814 E934.56549
G1 X-13.828 Y4.171 Z37.875 E938.03393
G1 X-14.635 Y3.294 Z37.885 E938.5944
G1 X-15.686 Y2.118 Z37.898 E939.33613
G1 X-16.379 Y1.327 Z37.907 E939.83069
G1 X-17.332 Y0.164 Z37.919 E940.5378
G1 X-17.939 Y-.656 Z37.928 E941.01759
G1 X-18.35 Y-1.321 Z37.934 E941.38524
G1 X-18.625 Y-1.849 Z37.939 E941.6652
G1 X-18.794 Y-2.345 Z37.943 E941.91163
G1 X-18.848 Y-3.024 Z37.949 E942.23196
G1 X-18.721 Y-3.551 Z37.954 E942.48689
G1 X-18.398 Y-4.187 Z37.96 E942.82235
G1 X-18.102 Y-4.608 Z37.964 E943.06438
G1 X-17.65 Y-5.154 Z37.97 E943.39772
G1 X-16.979 Y-5.869 Z37.978 E943.85885
G1 X-15.834 Y-6.975 Z37.991 E944.60751
G1 X-14.834 Y-7.9 Z38.002 E945.24813
G1 X-10.161 Y-12.144 Z38.055 E948.2168
G1 X-9.408 Y-12.836 Z38.063 E948.69775
G1 X-4.72 Y-17.058 Z38.116 E951.66472
G1 X-3.965 Y-17.747 Z38.124 E952.1454
G1 X-2.977 Y-18.62 Z38.135 E952.76543
G1 X-1.74 Y-19.651 Z38.149 E953.52274
G1 X-.938 Y-20.238 Z38.157 E953.99013
G1 X-.33 Y-20.61 Z38.163 E954.32534
G1 X0.146 Y-20.83 Z38.167 E954.57194
G1 X0.75 Y-20.99 Z38.172 E954.86579
G1 X1.281 Y-20.976 Z38.177 E955.1156
G1 X1.847 Y-20.793 Z38.182 E955.39534
G1 X2.652 Y-20.326 Z38.189 E955.83301
G1 X3.167 Y-19.927 Z38.195 E956.13939
G1 X3.834 Y-19.34 Z38.202 E956.55724
G1 X4.88 Y-18.31 Z38.214 E957.24761
G1 X5.961 Y-17.156 Z38.227 E957.99122
G1 X7.052 Y-15.962 Z38.241 E958.75185
G1 X11.986 Y-10.466 Z38.302 E962.22525
G1 X12.79 Y-9.586 Z38.312 E962.78582
G1 X17.695 Y-4.074 Z38.373 E966.25574
G1 X18.477 Y-3.214 Z38.383 E966.80239
G1 X19.532 Y-2.009 Z38.396 E967.55558
G1 X20.865 Y-.447 Z38.413 E968.52128
G1 X21.882 Y0.933 Z38.428 E969.32747
G1 X22.31 Y1.661 Z38.435 E969.72462
G1 X22.626 Y2.379 Z38.441 E970.09353
G1 X22.747 Y3.011 Z38.447 E970.39615
G1 X22.687 Y3.551 Z38.451 E970.65166
G1 X22.397 Y4.212 Z38.457 E970.99112
G1 X22.112 Y4.64 Z38.461 E971.23294
G1 X21.66 Y5.196 Z38.467 E971.56992
G1 X20.989 Y5.908 Z38.475 E972.03002
G1 X19.836 Y7.011 Z38.489 E972.78041
G1 X18.827 Y7.928 Z38.5 E973.42161
;TIME_ELAPSED:245.428322
;LAYER:38
;note -- min layer time used
;TYPE:WALL-OUTER
;MESH:twised-square.stl
G1 F1437.2 X15.91 Y10.516 Z38.533 E975.2555
G1 X13.068 Y13.049 Z38.564 E977.04584
G1 X10.45 Y15.35 Z38.593 E978.68499
G1 X7.615 Y17.855 Z38.625 E980.46414
G1 X6.086 Y19.147 Z38.642 E981.40553
G1 X4.891 Y20.066 Z38.654 E982.11448
G1 X4.179 Y20.52 Z38.661 E982.5116
G1 X3.605 Y20.786 Z38.667 E982.80912
G1 X3.124 Y20.929 Z38.671 E983.04511
G1 X2.511 Y20.934 Z38.676 E983.3334
G1 X2.082 Y20.833 Z38.68 E983.54067
G1 X1.871 Y20.726 Z38.682 E983.65193
G1 X1.317 Y20.424 Z38.687 E983.94866
G1 X0.953 Y20.16 Z38.691 E984.16013
G1 X0.115 Y19.45 Z38.7 E984.67665
G1 X-.582 Y18.766 Z38.708 E985.13591
G1 X-1.604 Y17.691 Z38.72 E985.83346
G1 X-2.293 Y16.935 Z38.729 E986.3145
G1 X-3.365 Y15.733 Z38.742 E987.07192
G1 X-6.051 Y12.661 Z38.776 E988.99097
G1 X-8.981 Y9.344 Z38.813 E991.07232
G1 X-11.667 Y6.243 Z38.848 E993.00167
G1 X-14.6 Y2.893 Z38.885 E995.0956
G1 X-15.635 Y1.682 Z38.898 E995.84477
G1 X-16.627 Y0.477 Z38.911 E996.57879
G1 X-17.53 Y-.714 Z38.924 E997.28168
G1 X-18.028 Y-1.468 Z38.931 E997.70663
G1 X-18.353 Y-2.071 Z38.937 E998.02878
G1 X-18.55 Y-2.588 Z38.942 E998.28896
G1 X-18.665 Y-3.339 Z38.948 E998.64626
G1 X-18.565 Y-3.878 Z38.952 E998.90407
G1 X-18.305 Y-4.45 Z38.958 E999.19955
G1 X-18.057 Y-4.817 Z38.961 E999.40786
G1 X-17.415 Y-5.578 Z38.97 E999.87609
G1 X-16.72 Y-6.281 Z38.978 E1000.34098
G1 X-15.577 Y-7.342 Z38.991 E1001.0744
G1 X-14.557 Y-8.244 Z39.002 E1001.71474
G1 X-11.917 Y-10.518 Z39.031 E1003.35336
G1 X-9.053 Y-13.026 Z39.063 E1005.14368
G1 X-6.401 Y-15.291 Z39.092 E1006.78383
G1 X-3.545 Y-17.772 Z39.124 E1008.56296
G1 X-2.024 Y-19.041 Z39.14 E1009.49452
G1 X-.621 Y-20.095 Z39.155 E1010.31977
G1 X0.314 Y-20.637 Z39.164 E1010.82801
G1 X0.872 Y-20.839 Z39.169 E1011.1071
G1 X1.212 Y-20.906 Z39.172 E1011.27007
G1 X1.763 Y-20.883 Z39.177 E1011.52942
G1 X2.332 Y-20.685 Z39.182 E1011.81275
G1 X3.093 Y-20.22 Z39.189 E1012.23215
G1 X4.06 Y-19.404 Z39.2 E1012.82719
G1 X5.279 Y-18.157 Z39.214 E1013.64728
G1 X6.334 Y-16.977 Z39.227 E1014.39167
G1 X7.38 Y-15.779 Z39.241 E1015.1396
G1 X10.038 Y-12.653 Z39.275 E1017.06928
G1 X12.939 Y-9.31 Z39.312 E1019.15085
G1 X15.584 Y-6.171 Z39.346 E1021.08125
G1 X18.474 Y-2.814 Z39.383 E1023.16442
G1 X19.498 Y-1.589 Z39.396 E1023.91527
G1 X20.771 Y-0.03 Z39.413 E1024.86181
G1 X21.649 Y1.218 Z39.426 E1025.57942
G1 X22.037 Y1.854 Z39.432 E1025.92978
G1 X22.405 Y2.636 Z39.439 E1026.33622
G1 X22.576 Y3.33 Z39.445 E1026.67236
G1 X22.545 Y3.872 Z39.45 E1026.92767
G1 X22.328 Y4.447 Z39.455 E1027.2167
G1 X21.906 Y5.085 Z39.461 E1027.57643
G1 X21.144 Y5.944 Z39.471 E1028.11644
G1 X20.049 Y6.992 Z39.484 E1028.82924
G1 X18.579 Y8.269 Z39.5 E1029.74498
;TIME_ELAPSED:250.434423
;LAYER:39
;note -- min layer time used
;TYPE:WALL-OUTER
;MESH:twised-square.stl
G1 F1430.1 X17.727 Y8.982 Z39.509 E1030.26745
G1 X12.733 Y13.229 Z39.564 E1033.35046
G1 X12.193 Y13.678 Z39.57 E1033.68073
G1 X7.192 Y17.895 Z39.625 E1036.75714
G1 X6.143 Y18.758 Z39.637 E1037.39595
G1 X4.893 Y19.71 Z39.65 E1038.13488
G1 X4.063 Y20.269 Z39.658 E1038.60548
G1 X3.409 Y20.613 Z39.664 E1038.953
G1 X2.491 Y20.87 Z39.672 E1039.40131
G1 X2.018 Y20.841 Z39.676 E1039.62417
G1 X1.625 Y20.711 Z39.68 E1039.81885
G1 X1.41 Y20.615 Z39.682 E1039.92958
G1 X0.883 Y20.308 Z39.687 E1040.2164
G1 X-0.002 Y19.583 Z39.696 E1040.75442
G1 X-.774 Y18.822 Z39.706 E1041.26422
G1 X-1.955 Y17.528 Z39.72 E1042.08811
G1 X-2.644 Y16.735 Z39.729 E1042.58214
G1 X-3.654 Y15.548 Z39.742 E1043.3151
G1 X-4.193 Y14.895 Z39.749 E1043.71329
G1 X-9.114 Y9.043 Z39.813 E1047.30908
G1 X-9.649 Y8.39 Z39.82 E1047.70608
G1 X-14.56 Y2.499 Z39.885 E1051.31292
G1 X-15.557 Y1.277 Z39.898 E1052.0546
G1 X-16.819 Y-.337 Z39.915 E1053.01812
G1 X-17.788 Y-1.766 Z39.93 E1053.83009
G1 X-18.193 Y-2.548 Z39.937 E1054.24424
G1 X-18.459 Y-3.469 Z39.945 E1054.69507
G1 X-18.45 Y-3.976 Z39.949 E1054.93354
G1 X-18.329 Y-4.429 Z39.953 E1055.15405
G1 X-18.082 Y-4.896 Z39.958 E1055.4025
G1 X-17.635 Y-5.488 Z39.964 E1055.75135
G1 X-17.181 Y-5.986 Z39.97 E1056.06827
G1 X-16.485 Y-6.66 Z39.978 E1056.5239
G1 X-15.293 Y-7.717 Z39.991 E1057.27313
G1 X-14.286 Y-8.567 Z40.002 E1057.89285
G1 X-13.738 Y-9.012 Z40.008 E1058.22484
G1 X-8.697 Y-13.203 Z40.063 E1061.30782
G1 X-8.152 Y-13.643 Z40.069 E1061.63722
G1 X-3.105 Y-17.805 Z40.124 E1064.71368
G1 X-1.641 Y-18.975 Z40.14 E1065.59503
G1 X-.268 Y-19.978 Z40.154 E1066.39466
G1 X0.653 Y-20.495 Z40.163 E1066.89136
G1 X1.143 Y-20.696 Z40.167 E1067.14043
G1 X1.532 Y-20.788 Z40.171 E1067.32842
G1 X1.986 Y-20.809 Z40.174 E1067.54216
G1 X2.372 Y-20.747 Z40.178 E1067.72601
G1 X2.82 Y-20.559 Z40.182 E1067.9545
G1 X3.555 Y-20.08 Z40.189 E1068.36708
G1 X4.073 Y-19.647 Z40.195 E1068.68458
G1 X4.848 Y-18.889 Z40.204 E1069.19439
G1 X6.013 Y-17.591 Z40.219 E1070.01463
G1 X6.71 Y-16.775 Z40.228 E1070.51932
G1 X7.726 Y-15.557 Z40.241 E1071.26524
G1 X8.236 Y-14.921 Z40.248 E1071.64862
G1 X13.106 Y-8.998 Z40.312 E1075.25475
G1 X13.618 Y-8.354 Z40.319 E1075.64166
G1 X18.458 Y-2.418 Z40.383 E1079.24358
G1 X19.448 Y-1.177 Z40.397 E1079.99016
G1 X20.449 Y0.108 Z40.41 E1080.75619
G1 X21.412 Y1.472 Z40.424 E1081.54141
G1 X21.92 Y2.353 Z40.433 E1082.01967
G1 X22.154 Y2.853 Z40.437 E1082.27929
G1 X22.36 Y3.506 Z40.443 E1082.6013
G1 X22.399 Y4.059 Z40.448 E1082.86201
G1 X22.279 Y4.57 Z40.452 E1083.10886
G1 X21.994 Y5.111 Z40.457 E1083.39643
G1 X21.705 Y5.503 Z40.461 E1083.62546
G1 X21.237 Y6.029 Z40.467 E1083.95657
G1 X20.539 Y6.706 Z40.475 E1084.41386
G1 X19.337 Y7.754 Z40.489 E1085.16382
G1 X18.311 Y8.605 Z40.5 E1085.7907
;TIME_ELAPSED:255.439953
;LAYER:40
;note -- min layer time used
;TYPE:WALL-OUTER
;MESH:twised-square.stl
G1 F1422.6 X13.974 Y12.119 Z40.547 E1088.41577
G1 X12.387 Y13.401 Z40.564 E1089.3752
G1 X8.351 Y16.647 Z40.608 E1091.81095
G1 X6.763 Y17.922 Z40.625 E1092.76868
G1 X5.692 Y18.754 Z40.637 E1093.40648
G1 X4.426 Y19.679 Z40.65 E1094.14384
G1 X3.6 Y20.203 Z40.658 E1094.60386
G1 X2.679 Y20.626 Z40.667 E1095.08049
G1 X1.967 Y20.768 Z40.673 E1095.42193
G1 X1.692 Y20.751 Z40.675 E1095.5515
G1 X1.219 Y20.615 Z40.679 E1095.78295
G1 X0.772 Y20.393 Z40.683 E1096.01767
G1 X0.067 Y19.863 Z40.691 E1096.43246
G1 X-.412 Y19.436 Z40.696 E1096.73423
G1 X-1.168 Y18.665 Z40.705 E1097.24204
G1 X-2.317 Y17.346 Z40.72 E1098.06469
G1 X-2.988 Y16.537 Z40.729 E1098.55898
G1 X-3.982 Y15.309 Z40.742 E1099.30197
G1 X-7.76 Y10.59 Z40.793 E1102.14482
G1 X-9.271 Y8.71 Z40.814 E1103.27912
G1 X-13.024 Y3.977 Z40.865 E1106.1198
G1 X-14.529 Y2.093 Z40.885 E1107.2538
G1 X-15.495 Y0.851 Z40.898 E1107.99376
G1 X-16.117 Y0.034 Z40.907 E1108.47665
G1 X-16.968 Y-1.16 Z40.919 E1109.16619
G1 X-17.528 Y-2.027 Z40.928 E1109.65158
G1 X-17.89 Y-2.704 Z40.934 E1110.01262
G1 X-18.104 Y-3.244 Z40.939 E1110.28579
G1 X-18.273 Y-4.094 Z40.947 E1110.69335
G1 X-18.191 Y-4.643 Z40.951 E1110.9544
G1 X-17.964 Y-5.146 Z40.956 E1111.21392
G1 X-17.58 Y-5.699 Z40.962 E1111.53054
G1 X-17.093 Y-6.243 Z40.968 E1111.87391
G1 X-16.225 Y-7.05 Z40.978 E1112.43128
G1 X-15.435 Y-7.73 Z40.987 E1112.92148
G1 X-13.987 Y-8.899 Z41.002 E1113.79667
G1 X-9.936 Y-12.096 Z41.046 E1116.22358
G1 X-8.344 Y-13.368 Z41.063 E1117.1819
G1 X-4.261 Y-16.561 Z41.107 E1119.61948
G1 X-2.644 Y-17.845 Z41.124 E1120.59051
G1 X-1.614 Y-18.634 Z41.135 E1121.20068
G1 X-.323 Y-19.568 Z41.149 E1121.95005
G1 X0.678 Y-20.195 Z41.159 E1122.50552
G1 X1.371 Y-20.518 Z41.165 E1122.86509
G1 X2.046 Y-20.695 Z41.171 E1123.19326
G1 X2.299 Y-20.712 Z41.173 E1123.31251
G1 X2.741 Y-20.654 Z41.177 E1123.52215
G1 X3.262 Y-20.443 Z41.182 E1123.7865
G1 X4.008 Y-19.937 Z41.189 E1124.21042
G1 X4.497 Y-19.502 Z41.195 E1124.51821
G1 X5.258 Y-18.727 Z41.204 E1125.02901
G1 X6.388 Y-17.409 Z41.218 E1125.84546
G1 X7.062 Y-16.581 Z41.227 E1126.34755
G1 X8.036 Y-15.357 Z41.241 E1127.08319
G1 X11.761 Y-10.573 Z41.292 E1129.93459
G1 X13.246 Y-8.703 Z41.312 E1131.05758
G1 X16.95 Y-3.901 Z41.363 E1133.90962
G1 X18.441 Y-2.007 Z41.383 E1135.04321
G1 X19.386 Y-.768 Z41.397 E1135.77603
G1 X20.312 Y0.477 Z41.41 E1136.50572
G1 X21.142 Y1.707 Z41.422 E1137.20354
G1 X21.752 Y2.774 Z41.433 E1137.78155
G1 X21.983 Y3.291 Z41.437 E1138.04785
G1 X22.194 Y4.079 Z41.444 E1138.43148
G1 X22.183 Y4.631 Z41.449 E1138.69113
G1 X22 Y5.159 Z41.454 E1138.95393
G1 X21.634 Y5.728 Z41.459 E1139.2721
G1 X21.271 Y6.153 Z41.464 E1139.53495
G1 X20.508 Y6.91 Z41.473 E1140.04041
G1 X19.101 Y8.08 Z41.488 E1140.90098
G1 X18.031 Y8.928 Z41.5 E1141.54305
;TIME_ELAPSED:260.445454
;LAYER:41
;note -- min layer time used
;TYPE:WALL-OUTER
;MESH:twised-square.stl
G1 F1414.8 X15.809 Y10.635 Z41.524 E1142.86077
G1 X12.036 Y13.562 Z41.564 E1145.10647
G1 X10.117 Y15.023 Z41.585 E1146.24072
G1 X6.331 Y17.936 Z41.625 E1148.48723
G1 X4.79 Y19.065 Z41.641 E1149.38562
G1 X3.114 Y20.133 Z41.658 E1150.32024
G1 X2.451 Y20.449 Z41.665 E1150.66564
G1 X1.524 Y20.65 Z41.673 E1151.11172
G1 X0.989 Y20.568 Z41.677 E1151.36626
G1 X0.589 Y20.402 Z41.681 E1151.56993
G1 X0.026 Y20.046 Z41.686 E1151.88319
G1 X-.605 Y19.505 Z41.694 E1152.27407
G1 X-1.115 Y18.99 Z41.7 E1152.61493
G1 X-2.081 Y17.887 Z41.712 E1153.30446
G1 X-3.333 Y16.331 Z41.729 E1154.24368
G1 X-4.28 Y15.11 Z41.742 E1154.97036
G1 X-5.983 Y12.863 Z41.766 E1156.29629
G1 X-9.388 Y8.429 Z41.814 E1158.92542
G1 X-11.08 Y6.174 Z41.837 E1160.25124
G1 X-14.481 Y1.707 Z41.885 E1162.89156
G1 X-15.418 Y0.444 Z41.898 E1163.63113
G1 X-16.274 Y-.751 Z41.911 E1164.32242
G1 X-17.356 Y-2.441 Z41.928 E1165.26613
G1 X-17.837 Y-3.436 Z41.937 E1165.78587
G1 X-18.044 Y-4.167 Z41.944 E1166.14316
G1 X-18.056 Y-4.72 Z41.948 E1166.40329
G1 X-17.934 Y-5.202 Z41.953 E1166.63711
G1 X-17.636 Y-5.744 Z41.958 E1166.92799
G1 X-17.363 Y-6.091 Z41.962 E1167.13563
G1 X-16.961 Y-6.526 Z41.967 E1167.41418
G1 X-16.373 Y-7.077 Z41.973 E1167.79314
G1 X-15.23 Y-8.033 Z41.986 E1168.4939
G1 X-13.726 Y-9.193 Z42.002 E1169.38714
G1 X-11.792 Y-10.636 Z42.023 E1170.52194
G1 X-7.992 Y-13.524 Z42.063 E1172.76653
G1 X-6.051 Y-14.959 Z42.084 E1173.90173
G1 X-2.237 Y-17.834 Z42.124 E1176.14789
G1 X-.698 Y-18.948 Z42.14 E1177.04136
G1 X0.978 Y-20.021 Z42.157 E1177.97724
G1 X1.598 Y-20.323 Z42.163 E1178.30157
G1 X2.487 Y-20.579 Z42.171 E1178.73664
G1 X3.026 Y-20.564 Z42.175 E1178.99022
G1 X3.452 Y-20.437 Z42.179 E1179.19927
G1 X3.694 Y-20.315 Z42.181 E1179.32672
G1 X4.242 Y-19.952 Z42.187 E1179.63585
G1 X4.932 Y-19.331 Z42.195 E1180.07241
G1 X5.509 Y-18.721 Z42.202 E1180.46729
G1 X6.441 Y-17.618 Z42.214 E1181.14639
G1 X7.397 Y-16.39 Z42.227 E1181.87826
G1 X8.344 Y-15.144 Z42.241 E1182.61427
G1 X10.015 Y-12.873 Z42.265 E1183.94024
G1 X13.375 Y-8.407 Z42.312 E1186.56854
G1 X15.037 Y-6.127 Z42.336 E1187.89542
G1 X18.382 Y-1.64 Z42.383 E1190.5274
G1 X19.317 Y-.354 Z42.397 E1191.27514
G1 X20.46 Y1.267 Z42.414 E1192.20792
G1 X21.233 Y2.543 Z42.426 E1192.90952
G1 X21.566 Y3.18 Z42.433 E1193.24756
G1 X21.878 Y3.976 Z42.44 E1193.64963
G1 X21.996 Y4.642 Z42.446 E1193.96772
G1 X21.958 Y5.095 Z42.449 E1194.1815
G1 X21.767 Y5.597 Z42.454 E1194.43409
G1 X21.567 Y5.915 Z42.457 E1194.61076
G1 X21.004 Y6.575 Z42.464 E1195.01873
G1 X20.436 Y7.114 Z42.471 E1195.38698
G1 X19.275 Y8.083 Z42.484 E1196.09816
G1 X17.764 Y9.222 Z42.5 E1196.98803
;TIME_ELAPSED:265.451467
;LAYER:42
;note -- min layer time used
;TYPE:WALL-OUTER
;MESH:twised-square.stl
G1 F1407.9 X5.89 Y17.939 Z42.626 E1203.91535
G1 X4.801 Y18.714 Z42.637 E1204.54393
G1 X3.499 Y19.557 Z42.65 E1205.27338
G1 X2.636 Y20.061 Z42.659 E1205.74337
G1 X1.98 Y20.336 Z42.665 E1206.07789
G1 X1.456 Y20.498 Z42.669 E1206.33582
G1 X0.77 Y20.497 Z42.675 E1206.65843
G1 X0.35 Y20.362 Z42.679 E1206.86591
G1 X0.167 Y20.274 Z42.681 E1206.9614
G1 X-.268 Y19.998 Z42.685 E1207.20368
G1 X-.818 Y19.548 Z42.691 E1207.53787
G1 X-1.262 Y19.11 Z42.697 E1207.83118
G1 X-1.828 Y18.472 Z42.704 E1208.23227
G1 X-2.754 Y17.335 Z42.716 E1208.92188
G1 X-3.677 Y16.119 Z42.729 E1209.63982
G1 X-4.597 Y14.871 Z42.743 E1210.36897
G1 X-14.431 Y1.326 Z42.885 E1218.24073
G1 X-15.339 Y0.043 Z42.899 E1218.97992
G1 X-15.932 Y-.814 Z42.907 E1219.47002
G1 X-16.7 Y-2.019 Z42.92 E1220.14203
G1 X-17.304 Y-3.075 Z42.93 E1220.71414
G1 X-17.646 Y-3.854 Z42.937 E1221.11424
G1 X-17.797 Y-4.347 Z42.942 E1221.35672
G1 X-17.858 Y-4.953 Z42.947 E1221.64315
G1 X-17.782 Y-5.409 Z42.951 E1221.86055
G1 X-17.59 Y-5.867 Z42.955 E1222.0941
G1 X-17.418 Y-6.134 Z42.958 E1222.24347
G1 X-16.925 Y-6.706 Z42.964 E1222.59859
G1 X-16.448 Y-7.165 Z42.97 E1222.90991
G1 X-15.718 Y-7.778 Z42.978 E1223.3582
G1 X-14.475 Y-8.733 Z42.991 E1224.09537
G1 X-13.426 Y-9.501 Z43.002 E1224.70677
G1 X-1.809 Y-17.832 Z43.124 E1231.42966
G1 X-.712 Y-18.596 Z43.136 E1232.05834
G1 X0.589 Y-19.44 Z43.149 E1232.78765
G1 X1.426 Y-19.926 Z43.157 E1233.24282
G1 X2.047 Y-20.211 Z43.163 E1233.56415
G1 X2.561 Y-20.388 Z43.168 E1233.8198
G1 X3.225 Y-20.46 Z43.173 E1234.1339
G1 X3.665 Y-20.387 Z43.177 E1234.34365
G1 X3.857 Y-20.315 Z43.179 E1234.44009
G1 X4.323 Y-20.058 Z43.183 E1234.69035
G1 X4.887 Y-19.609 Z43.189 E1235.02938
G1 X5.901 Y-18.545 Z43.202 E1235.7206
G1 X6.822 Y-17.408 Z43.214 E1236.40872
G1 X7.733 Y-16.179 Z43.227 E1237.12817
G1 X8.653 Y-14.909 Z43.241 E1237.86567
G1 X18.324 Y-1.259 Z43.383 E1245.73288
G1 X19.216 Y0.03 Z43.397 E1246.47006
G1 X20.081 Y1.309 Z43.41 E1247.1962
G1 X20.828 Y2.538 Z43.422 E1247.87256
G1 X21.232 Y3.288 Z43.429 E1248.27319
G1 X21.607 Y4.18 Z43.438 E1248.72824
G1 X21.718 Y4.577 Z43.441 E1248.9221
G1 X21.772 Y5.239 Z43.447 E1249.23446
G1 X21.657 Y5.741 Z43.451 E1249.47666
G1 X21.311 Y6.335 Z43.457 E1249.79994
G1 X20.989 Y6.718 Z43.461 E1250.03526
G1 X20.488 Y7.208 Z43.467 E1250.36482
G1 X19.747 Y7.833 Z43.476 E1250.82071
G1 X18.511 Y8.769 Z43.489 E1251.54984
G1 X17.451 Y9.532 Z43.5 E1252.16405
;TIME_ELAPSED:270.457453
;LAYER:43
;note -- min layer time used
;TYPE:WALL-OUTER
;MESH:twised-square.stl
G1 F1400.2 X13.781 Y12.11 Z43.538 E1254.27325
G1 X11.285 Y13.86 Z43.565 E1255.70684
G1 X7.946 Y16.189 Z43.599 E1257.62136
G1 X5.445 Y17.929 Z43.626 E1259.05418
G1 X3.9 Y18.957 Z43.641 E1259.9269
G1 X3.025 Y19.499 Z43.65 E1260.41095
G1 X2.162 Y19.966 Z43.659 E1260.87242
G1 X1.523 Y20.236 Z43.665 E1261.19865
G1 X0.597 Y20.391 Z43.673 E1261.64019
G1 X0.104 Y20.31 Z43.677 E1261.87515
G1 X-.329 Y20.113 Z43.681 E1262.09886
G1 X-.553 Y19.959 Z43.683 E1262.2267
G1 X-1.077 Y19.543 Z43.689 E1262.54134
G1 X-1.446 Y19.186 Z43.694 E1262.7828
G1 X-2.236 Y18.278 Z43.704 E1263.34881
G1 X-3.104 Y17.168 Z43.716 E1264.01148
G1 X-4.02 Y15.902 Z43.729 E1264.74635
G1 X-4.917 Y14.631 Z43.743 E1265.47795
G1 X-7.615 Y10.737 Z43.783 E1267.70583
G1 X-9.665 Y7.792 Z43.814 E1269.39332
G1 X-12.347 Y3.888 Z43.855 E1271.6208
G1 X-14.388 Y0.935 Z43.885 E1273.30896
G1 X-15.254 Y-.352 Z43.899 E1274.03848
G1 X-16.067 Y-1.604 Z43.911 E1274.74052
G1 X-17.045 Y-3.289 Z43.928 E1275.65675
G1 X-17.465 Y-4.275 Z43.937 E1276.16076
G1 X-17.641 Y-5.036 Z43.944 E1276.52809
G1 X-17.653 Y-5.393 Z43.947 E1276.69608
G1 X-17.538 Y-5.915 Z43.952 E1276.94745
G1 X-17.283 Y-6.379 Z43.956 E1277.19644
G1 X-16.885 Y-6.88 Z43.962 E1277.49735
G1 X-16.186 Y-7.539 Z43.97 E1277.94914
G1 X-15.458 Y-8.125 Z43.978 E1278.38864
G1 X-14.198 Y-9.051 Z43.991 E1279.124
G1 X-13.146 Y-9.788 Z44.002 E1279.72806
G1 X-9.782 Y-12.081 Z44.037 E1281.64266
G1 X-7.275 Y-13.813 Z44.063 E1283.07565
G1 X-3.901 Y-16.094 Z44.098 E1284.99096
G1 X-1.389 Y-17.815 Z44.124 E1286.42297
G1 X0.168 Y-18.839 Z44.14 E1287.29936
G1 X1.884 Y-19.829 Z44.157 E1288.23103
G1 X2.514 Y-20.108 Z44.163 E1288.55507
G1 X3.377 Y-20.315 Z44.171 E1288.97243
G1 X3.869 Y-20.298 Z44.175 E1289.20395
G1 X4.325 Y-20.15 Z44.179 E1289.42941
G1 X4.912 Y-19.781 Z44.185 E1289.75548
G1 X5.278 Y-19.457 Z44.189 E1289.98535
G1 X6.019 Y-18.682 Z44.198 E1290.48961
G1 X6.617 Y-17.943 Z44.207 E1290.93668
G1 X7.662 Y-16.533 Z44.222 E1291.76204
G1 X8.94 Y-14.685 Z44.241 E1292.81869
G1 X11.593 Y-10.735 Z44.282 E1295.05641
G1 X13.609 Y-7.796 Z44.312 E1296.73248
G1 X16.246 Y-3.833 Z44.353 E1298.97109
G1 X18.252 Y-.883 Z44.384 E1300.64879
G1 X19.108 Y0.417 Z44.397 E1301.38079
G1 X19.903 Y1.656 Z44.41 E1302.0731
G1 X20.578 Y2.796 Z44.421 E1302.69615
G1 X21.052 Y3.73 Z44.43 E1303.18872
G1 X21.449 Y4.806 Z44.44 E1303.72809
G1 X21.525 Y5.204 Z44.443 E1303.91864
G1 X21.517 Y5.774 Z44.448 E1304.18673
G1 X21.358 Y6.251 Z44.452 E1304.42318
G1 X21.034 Y6.75 Z44.457 E1304.70298
G1 X20.715 Y7.11 Z44.462 E1304.92919
G1 X20.216 Y7.575 Z44.467 E1305.24996
G1 X19.473 Y8.173 Z44.476 E1305.69849
G1 X18.204 Y9.09 Z44.489 E1306.43479
G1 X17.144 Y9.817 Z44.5 E1307.03926
;TIME_ELAPSED:275.462867
;LAYER:44
;note -- min layer time used
;TYPE:WALL-OUTER
;MESH:twised-square.stl
G1 F1392.7 X15.674 Y10.79 Z44.515 E1307.8683
G1 X10.907 Y13.988 Z44.565 E1310.56787
G1 X9.78 Y14.727 Z44.576 E1311.20166
G1 X4.994 Y17.906 Z44.626 E1313.90371
G1 X3.874 Y18.632 Z44.637 E1314.5314
G1 X2.55 Y19.415 Z44.651 E1315.25479
G1 X1.684 Y19.857 Z44.659 E1315.71203
G1 X1.019 Y20.1 Z44.665 E1316.04499
G1 X0.098 Y20.25 Z44.673 E1316.48383
G1 X-.374 Y20.154 Z44.677 E1316.71035
G1 X-.928 Y19.845 Z44.683 E1317.00867
G1 X-1.507 Y19.379 Z44.689 E1317.3582
G1 X-2.367 Y18.434 Z44.7 E1317.9591
G1 X-2.973 Y17.65 Z44.709 E1318.4251
G1 X-3.773 Y16.537 Z44.72 E1319.06971
G1 X-4.364 Y15.675 Z44.729 E1319.56122
G1 X-5.211 Y14.414 Z44.743 E1320.2756
G1 X-6.07 Y13.098 Z44.756 E1321.01467
G1 X-9.779 Y7.51 Z44.814 E1324.1688
G1 X-10.632 Y6.189 Z44.827 E1324.9083
G1 X-14.331 Y0.565 Z44.885 E1328.07396
G1 X-15.169 Y-.742 Z44.899 E1328.80411
G1 X-16.183 Y-2.406 Z44.916 E1329.7205
G1 X-16.881 Y-3.727 Z44.928 E1330.42313
G1 X-17.351 Y-4.956 Z44.94 E1331.04193
G1 X-17.434 Y-5.428 Z44.944 E1331.26731
G1 X-17.384 Y-6.07 Z44.949 E1331.57014
G1 X-17.209 Y-6.521 Z44.954 E1331.79765
G1 X-16.919 Y-6.951 Z44.958 E1332.04156
G1 X-16.231 Y-7.651 Z44.967 E1332.50315
G1 X-15.427 Y-8.301 Z44.975 E1332.98936
G1 X-13.933 Y-9.348 Z44.991 E1333.84732
G1 X-12.837 Y-10.079 Z45.003 E1334.46688
G1 X-11.729 Y-10.789 Z45.014 E1335.08575
G1 X-6.93 Y-13.936 Z45.063 E1337.7846
G1 X-5.792 Y-14.66 Z45.075 E1338.41891
G1 X-.958 Y-17.798 Z45.125 E1341.12925
G1 X0.637 Y-18.798 Z45.141 E1342.01458
G1 X1.921 Y-19.519 Z45.154 E1342.70711
G1 X2.658 Y-19.864 Z45.161 E1343.0898
G1 X3.489 Y-20.126 Z45.168 E1343.49957
G1 X3.814 Y-20.172 Z45.171 E1343.65393
G1 X4.279 Y-20.144 Z45.175 E1343.87301
G1 X4.664 Y-20.022 Z45.178 E1344.06294
G1 X5.176 Y-19.727 Z45.183 E1344.34083
G1 X5.91 Y-19.054 Z45.192 E1344.80915
G1 X6.519 Y-18.359 Z45.2 E1345.24373
G1 X7.532 Y-16.987 Z45.215 E1346.04577
G1 X8.381 Y-15.727 Z45.228 E1346.76029
G1 X9.216 Y-14.454 Z45.241 E1347.47625
G1 X10.057 Y-13.126 Z45.254 E1348.21548
G1 X13.704 Y-7.497 Z45.312 E1351.36974
G1 X14.539 Y-6.164 Z45.326 E1352.10947
G1 X18.169 Y-.512 Z45.384 E1355.26848
G1 X19.517 Y1.663 Z45.406 E1356.47186
G1 X20.233 Y2.904 Z45.418 E1357.14565
G1 X20.687 Y3.788 Z45.427 E1357.613
G1 X21.154 Y4.97 Z45.438 E1358.21069
G1 X21.284 Y5.632 Z45.443 E1358.52796
G1 X21.265 Y6.149 Z45.448 E1358.77126
G1 X21.13 Y6.571 Z45.452 E1358.97963
G1 X21.012 Y6.79 Z45.454 E1359.09662
G1 X20.608 Y7.305 Z45.459 E1359.40444
G1 X20.211 Y7.694 Z45.464 E1359.66583
G1 X19.407 Y8.355 Z45.473 E1360.15532
G1 X17.898 Y9.395 Z45.489 E1361.01719
G1 X16.828 Y10.092 Z45.5 E1361.61773
;TIME_ELAPSED:280.468252
;LAYER:45
;note -- min layer time used
;TYPE:WALL-OUTER
;MESH:twised-square.stl
G1 F1385.3 X11.653 Y13.384 Z45.553 E1364.50213
G1 X10.503 Y14.113 Z45.565 E1365.14246
G1 X5.688 Y17.15 Z45.614 E1367.81967
G1 X4.524 Y17.884 Z45.626 E1368.46682
G1 X3.417 Y18.556 Z45.637 E1369.07584
G1 X2.074 Y19.319 Z45.651 E1369.80224
G1 X1.204 Y19.737 Z45.659 E1370.25616
G1 X0.529 Y19.966 Z45.665 E1370.59137
G1 X0.00 Y20.083 Z45.67 E1370.84616
G1 X-.421 Y20.081 Z45.674 E1371.04415
G1 X-.904 Y19.949 Z45.678 E1371.27963
G1 X-1.272 Y19.741 Z45.682 E1371.47842
G1 X-1.769 Y19.353 Z45.687 E1371.77494
G1 X-2.116 Y18.994 Z45.691 E1372.00975
G1 X-3.05 Y17.882 Z45.704 E1372.6927
G1 X-3.866 Y16.725 Z45.716 E1373.35852
G1 X-4.708 Y15.444 Z45.73 E1374.07944
G1 X-5.534 Y14.147 Z45.743 E1374.80259
G1 X-9.062 Y8.536 Z45.8 E1377.9196
G1 X-9.925 Y7.171 Z45.814 E1378.67907
G1 X-13.425 Y1.549 Z45.872 E1381.79349
G1 X-14.283 Y0.183 Z45.886 E1382.55211
G1 X-15.08 Y-1.124 Z45.899 E1383.27203
G1 X-15.988 Y-2.673 Z45.914 E1384.11642
G1 X-16.512 Y-3.687 Z45.924 E1384.6532
G1 X-16.987 Y-4.814 Z45.935 E1385.22836
G1 X-17.213 Y-5.785 Z45.944 E1385.69721
G1 X-17.134 Y-6.565 Z45.95 E1386.0659
G1 X-16.954 Y-6.956 Z45.954 E1386.26833
G1 X-16.554 Y-7.454 Z45.96 E1386.56873
G1 X-16.217 Y-7.799 Z45.964 E1386.79554
G1 X-15.344 Y-8.505 Z45.973 E1387.32354
G1 X-14.149 Y-9.327 Z45.986 E1388.00565
G1 X-12.563 Y-10.335 Z46.002 E1388.88941
G1 X-7.722 Y-13.334 Z46.052 E1391.56751
G1 X-6.569 Y-14.057 Z46.063 E1392.20753
G1 X-1.713 Y-17.036 Z46.113 E1394.8867
G1 X-.54 Y-17.766 Z46.125 E1395.53644
G1 X0.563 Y-18.429 Z46.136 E1396.14166
G1 X1.89 Y-19.172 Z46.149 E1396.85688
G1 X2.768 Y-19.601 Z46.158 E1397.31645
G1 X3.395 Y-19.841 Z46.163 E1397.63217
G1 X3.904 Y-19.974 Z46.168 E1397.87959
G1 X4.553 Y-20.002 Z46.174 E1398.18508
G1 X4.979 Y-19.896 Z46.177 E1398.39153
G1 X5.444 Y-19.647 Z46.182 E1398.63959
G1 X6.104 Y-19.079 Z46.189 E1399.04909
G1 X7.034 Y-17.958 Z46.202 E1399.73408
G1 X7.864 Y-16.779 Z46.215 E1400.41216
G1 X8.678 Y-15.508 Z46.228 E1401.12197
G1 X9.494 Y-14.201 Z46.241 E1401.84658
G1 X12.956 Y-8.53 Z46.299 E1404.97124
G1 X13.799 Y-7.181 Z46.312 E1405.71933
G1 X17.238 Y-1.494 Z46.37 E1408.8448
G1 X18.072 Y-.145 Z46.384 E1409.59066
G1 X18.859 Y1.179 Z46.397 E1410.31501
G1 X19.589 Y2.44 Z46.41 E1411.00024
G1 X20.203 Y3.59 Z46.421 E1411.61332
G1 X20.626 Y4.532 Z46.43 E1412.09894
G1 X20.967 Y5.591 Z46.439 E1412.62215
G1 X21.032 Y6.194 Z46.445 E1412.90737
G1 X20.962 Y6.693 Z46.449 E1413.14434
G1 X20.734 Y7.168 Z46.454 E1413.39212
G1 X20.314 Y7.678 Z46.459 E1413.70283
G1 X19.908 Y8.057 Z46.464 E1413.96403
G1 X19.284 Y8.548 Z46.471 E1414.33744
G1 X18.095 Y9.368 Z46.484 E1415.01669
G1 X16.483 Y10.367 Z46.5 E1415.90855
;TIME_ELAPSED:285.473608
;LAYER:46
;note -- min layer time used
;TYPE:WALL-OUTER
;MESH:twised-square.stl
G1 F1377.9 X13.568 Y12.122 Z46.53 E1417.5087
G1 X10.112 Y14.219 Z46.565 E1419.40979
G1 X7.551 Y15.746 Z46.591 E1420.81202
G1 X4.065 Y17.839 Z46.626 E1422.72422
G1 X2.5 Y18.733 Z46.642 E1423.57183
G1 X1.305 Y19.354 Z46.654 E1424.20517
G1 X0.351 Y19.746 Z46.663 E1424.69022
G1 X-.691 Y19.924 Z46.672 E1425.18735
G1 X-1.297 Y19.812 Z46.677 E1425.47716
G1 X-1.724 Y19.569 Z46.681 E1425.70821
G1 X-1.941 Y19.419 Z46.684 E1425.83228
G1 X-2.387 Y18.991 Z46.689 E1426.12298
G1 X-3.086 Y18.167 Z46.699 E1426.63114
G1 X-3.756 Y17.234 Z46.709 E1427.17133
G1 X-4.69 Y15.794 Z46.724 E1427.97851
G1 X-5.846 Y13.898 Z46.743 E1429.02282
G1 X-7.607 Y10.931 Z46.773 E1430.64541
G1 X-10.048 Y6.871 Z46.814 E1432.87328
G1 X-11.797 Y3.895 Z46.844 E1434.49664
G1 X-14.221 Y-.176 Z46.885 E1436.72484
G1 X-14.98 Y-1.488 Z46.899 E1437.43767
G1 X-15.705 Y-2.783 Z46.912 E1438.13563
G1 X-16.359 Y-4.1 Z46.924 E1438.82715
G1 X-16.88 Y-5.491 Z46.937 E1439.52569
G1 X-17.006 Y-6.388 Z46.945 E1439.95167
G1 X-16.899 Y-6.975 Z46.95 E1440.23228
G1 X-16.656 Y-7.417 Z46.955 E1440.46949
G1 X-16.155 Y-7.98 Z46.961 E1440.82391
G1 X-15.592 Y-8.46 Z46.968 E1441.17184
G1 X-14.66 Y-9.117 Z46.978 E1441.7081
G1 X-13.365 Y-9.938 Z46.991 E1442.42919
G1 X-12.282 Y-10.59 Z47.002 E1443.02369
G1 X-9.705 Y-12.093 Z47.028 E1444.42667
G1 X-6.212 Y-14.169 Z47.064 E1446.33759
G1 X-3.648 Y-15.65 Z47.089 E1447.73009
G1 X-.144 Y-17.713 Z47.125 E1449.64235
G1 X1.449 Y-18.611 Z47.141 E1450.50234
G1 X2.618 Y-19.213 Z47.152 E1451.12071
G1 X3.542 Y-19.601 Z47.161 E1451.59201
G1 X4.524 Y-19.84 Z47.17 E1452.06731
G1 X5.14 Y-19.798 Z47.175 E1452.35767
G1 X5.577 Y-19.631 Z47.179 E1452.57768
G1 X6.017 Y-19.328 Z47.184 E1452.82892
G1 X6.695 Y-18.644 Z47.192 E1453.28185
G1 X7.146 Y-18.09 Z47.198 E1453.6178
G1 X7.699 Y-17.302 Z47.207 E1454.07053
G1 X8.444 Y-16.139 Z47.219 E1454.72006
G1 X9.764 Y-13.94 Z47.241 E1455.92622
G1 X11.481 Y-10.948 Z47.271 E1457.54854
G1 X13.882 Y-6.864 Z47.312 E1459.77649
G1 X15.588 Y-3.863 Z47.342 E1461.39991
G1 X17.973 Y0.232 Z47.384 E1463.62854
G1 X18.717 Y1.551 Z47.397 E1464.34071
G1 X19.215 Y2.457 Z47.406 E1464.82691
G1 X19.849 Y3.681 Z47.418 E1465.47518
G1 X20.512 Y5.247 Z47.433 E1466.27492
G1 X20.746 Y6.216 Z47.441 E1466.74372
G1 X20.741 Y6.802 Z47.446 E1467.01932
G1 X20.63 Y7.188 Z47.45 E1467.2082
G1 X20.421 Y7.564 Z47.454 E1467.41051
G1 X20.016 Y8.035 Z47.459 E1467.70264
G1 X19.609 Y8.397 Z47.464 E1467.9588
G1 X18.96 Y8.883 Z47.471 E1468.3401
G1 X17.773 Y9.661 Z47.483 E1469.00755
G1 X16.123 Y10.634 Z47.5 E1469.90838
;TIME_ELAPSED:290.479477
;LAYER:47
;note -- min layer time used
;TYPE:WALL-OUTER
;MESH:twised-square.stl
G1 F1370 X3.562 Y17.805 Z47.627 E1476.71046
G1 X1.991 Y18.663 Z47.642 E1477.55227
G1 X0.798 Y19.238 Z47.654 E1478.17509
G1 X-.163 Y19.585 Z47.663 E1478.65559
G1 X-1.144 Y19.75 Z47.672 E1479.12342
G1 X-1.686 Y19.651 Z47.676 E1479.38252
G1 X-2.066 Y19.461 Z47.68 E1479.58233
G1 X-2.45 Y19.167 Z47.684 E1479.80976
G1 X-3.023 Y18.568 Z47.692 E1480.1996
G1 X-3.509 Y17.957 Z47.699 E1480.56676
G1 X-4.155 Y17.001 Z47.709 E1481.10937
G1 X-4.877 Y15.85 Z47.721 E1481.74834
G1 X-5.395 Y14.961 Z47.73 E1482.23222
G1 X-6.154 Y13.644 Z47.743 E1482.94707
G1 X-14.184 Y-.576 Z47.886 E1490.62707
G1 X-14.914 Y-1.908 Z47.899 E1491.34139
G1 X-15.386 Y-2.79 Z47.908 E1491.81184
G1 X-15.997 Y-4.029 Z47.92 E1492.46152
G1 X-16.364 Y-4.905 Z47.928 E1492.90818
G1 X-16.623 Y-5.616 Z47.935 E1493.26404
G1 X-16.792 Y-6.58 Z47.944 E1493.72431
G1 X-16.735 Y-7.125 Z47.948 E1493.98201
G1 X-16.489 Y-7.662 Z47.954 E1494.25979
G1 X-16.194 Y-8.054 Z47.958 E1494.49051
G1 X-15.909 Y-8.329 Z47.961 E1494.67676
G1 X-15.168 Y-8.909 Z47.97 E1495.1193
G1 X-13.555 Y-9.941 Z47.986 E1496.01983
G1 X-11.985 Y-10.841 Z48.002 E1496.87089
G1 X0.294 Y-17.675 Z48.125 E1503.4796
G1 X1.824 Y-18.497 Z48.14 E1504.2964
G1 X2.762 Y-18.958 Z48.15 E1504.78793
G1 X3.606 Y-19.32 Z48.158 E1505.21981
G1 X4.534 Y-19.606 Z48.166 E1505.67649
G1 X4.926 Y-19.657 Z48.17 E1505.86239
G1 X5.461 Y-19.63 Z48.174 E1506.11431
G1 X5.892 Y-19.483 Z48.178 E1506.32847
G1 X6.394 Y-19.14 Z48.184 E1506.6144
G1 X7.073 Y-18.438 Z48.192 E1507.0737
G1 X7.514 Y-17.856 Z48.199 E1507.41711
G1 X8.035 Y-17.078 Z48.207 E1507.85745
G1 X8.915 Y-15.633 Z48.222 E1508.6531
G1 X10.007 Y-13.696 Z48.241 E1509.69882
G1 X17.873 Y0.628 Z48.384 E1517.38403
G1 X18.59 Y1.967 Z48.398 E1518.09833
G1 X19.052 Y2.857 Z48.406 E1518.56991
G1 X19.769 Y4.334 Z48.421 E1519.34204
G1 X20.161 Y5.317 Z48.43 E1519.83973
G1 X20.347 Y5.92 Z48.435 E1520.13649
G1 X20.483 Y6.782 Z48.443 E1520.54689
G1 X20.425 Y7.305 Z48.448 E1520.79436
G1 X20.278 Y7.672 Z48.451 E1520.98028
G1 X20.014 Y8.058 Z48.455 E1521.2002
G1 X19.498 Y8.565 Z48.462 E1521.54041
G1 X19.003 Y8.949 Z48.467 E1521.83503
G1 X18.198 Y9.483 Z48.476 E1522.28933
G1 X16.878 Y10.261 Z48.489 E1523.0099
G1 X15.783 Y10.873 Z48.5 E1523.59983
;TIME_ELAPSED:295.485315
;LAYER:48
;note -- min layer time used
;TYPE:WALL-OUTER
;MESH:twised-square.stl
G1 F1363.1 X11.365 Y13.275 Z48.544 E1525.96476
G1 X9.29 Y14.401 Z48.565 E1527.07502
G1 X5.237 Y16.588 Z48.606 E1529.24086
G1 X3.16 Y17.705 Z48.626 E1530.34993
G1 X2.007 Y18.31 Z48.638 E1530.96228
G1 X0.631 Y18.971 Z48.651 E1531.68018
G1 X-.268 Y19.324 Z48.66 E1532.13439
G1 X-1.241 Y19.555 Z48.669 E1532.60469
G1 X-1.696 Y19.568 Z48.673 E1532.81876
G1 X-2.23 Y19.419 Z48.677 E1533.07948
G1 X-2.574 Y19.229 Z48.681 E1533.26429
G1 X-3.009 Y18.852 Z48.686 E1533.535
G1 X-3.632 Y18.154 Z48.694 E1533.975
G1 X-4.285 Y17.201 Z48.704 E1534.51829
G1 X-5.006 Y16.013 Z48.717 E1535.17183
G1 X-5.739 Y14.711 Z48.73 E1535.87451
G1 X-6.465 Y13.384 Z48.743 E1536.58586
G1 X-8.984 Y8.688 Z48.79 E1539.09197
G1 X-10.299 Y6.251 Z48.814 E1540.39425
G1 X-12.797 Y1.547 Z48.861 E1542.89904
G1 X-14.105 Y-.896 Z48.886 E1544.20225
G1 X-14.8 Y-2.233 Z48.899 E1544.91089
G1 X-15.435 Y-3.51 Z48.911 E1545.58159
G1 X-16.038 Y-4.855 Z48.924 E1546.27478
G1 X-16.487 Y-6.259 Z48.937 E1546.968
G1 X-16.567 Y-7.17 Z48.945 E1547.39807
G1 X-16.449 Y-7.676 Z48.95 E1547.64242
G1 X-16.245 Y-8.047 Z48.954 E1547.84153
G1 X-16.098 Y-8.234 Z48.956 E1547.9534
G1 X-15.642 Y-8.673 Z48.961 E1548.25107
G1 X-15.215 Y-9.018 Z48.966 E1548.50924
G1 X-14.557 Y-9.45 Z48.973 E1548.87941
G1 X-13.358 Y-10.177 Z48.986 E1549.53884
G1 X-11.685 Y-11.086 Z49.002 E1550.43425
G1 X-7.63 Y-13.221 Z49.043 E1552.58942
G1 X-5.548 Y-14.335 Z49.063 E1553.6999
G1 X-1.464 Y-16.466 Z49.104 E1555.86627
G1 X0.642 Y-17.582 Z49.125 E1556.98715
G1 X1.778 Y-18.162 Z49.136 E1557.587
G1 X3.144 Y-18.809 Z49.15 E1558.29782
G1 X4.005 Y-19.156 Z49.158 E1558.73438
G1 X4.952 Y-19.429 Z49.166 E1559.19787
G1 X5.362 Y-19.476 Z49.17 E1559.39195
G1 X5.964 Y-19.41 Z49.175 E1559.67675
G1 X6.407 Y-19.215 Z49.18 E1559.90438
G1 X6.927 Y-18.792 Z49.186 E1560.21962
G1 X7.245 Y-18.456 Z49.19 E1560.43719
G1 X7.863 Y-17.629 Z49.199 E1560.92271
G1 X8.359 Y-16.853 Z49.207 E1561.35582
G1 X9.225 Y-15.354 Z49.222 E1562.16996
G1 X10.245 Y-13.444 Z49.241 E1563.18826
G1 X12.706 Y-8.696 Z49.288 E1565.70328
G1 X13.993 Y-6.27 Z49.312 E1566.99479
G1 X16.434 Y-1.508 Z49.359 E1569.51135
G92 E0
G1 X17.724 Y0.944 Z49.384 E1.30298
G1 X18.397 Y2.273 Z49.397 E2.00355
G1 X19.231 Y3.976 Z49.414 E2.89533
G1 X19.776 Y5.317 Z49.426 E3.57607
G1 X20 Y5.997 Z49.433 E3.91277
G1 X20.185 Y6.958 Z49.441 E4.373
G1 X20.186 Y7.304 Z49.444 E4.53572
G1 X20.087 Y7.777 Z49.449 E4.76299
G1 X19.883 Y8.168 Z49.452 E4.97039
G1 X19.4 Y8.704 Z49.459 E5.30971
G1 X18.959 Y9.062 Z49.464 E5.57684
G1 X18.109 Y9.639 Z49.473 E6.05997
G1 X16.572 Y10.5 Z49.488 E6.88848
G1 X15.408 Y11.118 Z49.5 E7.50826
;TIME_ELAPSED:300.498531
;LAYER:49
;note -- min layer time used
;TYPE:WALL-OUTER
;MESH:twised-square.stl
G1 F1355.4 X13.326 Y12.179 Z49.521 E8.6072
G1 X8.881 Y14.474 Z49.565 E10.95979
G1 X7.152 Y15.347 Z49.582 E11.87068
G1 X2.676 Y17.634 Z49.627 E14.23452
G1 X1.519 Y18.199 Z49.638 E14.84004
G1 X-.114 Y18.926 Z49.654 E15.68068
G1 X-1.078 Y19.244 Z49.663 E16.15806
G1 X-1.947 Y19.369 Z49.671 E16.57095
G1 X-2.509 Y19.289 Z49.676 E16.83791
G1 X-2.709 Y19.205 Z49.678 E16.93993
G1 X-3.053 Y19.004 Z49.681 E17.12729
G1 X-3.456 Y18.63 Z49.686 E17.38586
G1 X-3.747 Y18.325 Z49.69 E17.58411
G1 X-4.145 Y17.789 Z49.696 E17.89807
G1 X-4.806 Y16.768 Z49.706 E18.47007
G1 X-5.623 Y15.319 Z49.721 E19.25236
G1 X-6.772 Y13.12 Z49.743 E20.41918
G1 X-7.768 Y11.139 Z49.763 E21.46193
G1 X-10.421 Y5.951 Z49.814 E24.20225
G1 X-11.409 Y3.962 Z49.834 E25.24669
G1 X-14.04 Y-1.238 Z49.886 E27.98736
G1 X-14.696 Y-2.575 Z49.899 E28.68773
G1 X-15.135 Y-3.492 Z49.908 E29.16586
G1 X-15.796 Y-5.013 Z49.922 E29.94578
G1 X-16.131 Y-6.001 Z49.932 E30.4364
G1 X-16.359 Y-7.097 Z49.942 E30.96287
G1 X-16.298 Y-7.789 Z49.948 E31.28956
G1 X-16.141 Y-8.186 Z49.951 E31.49033
G1 X-15.709 Y-8.732 Z49.958 E31.81776
G1 X-15.426 Y-8.981 Z49.961 E31.99503
G1 X-14.655 Y-9.535 Z49.969 E32.44152
G1 X-13.852 Y-10.017 Z49.978 E32.88197
G1 X-12.568 Y-10.711 Z49.991 E33.56837
G1 X-11.427 Y-11.297 Z50.002 E34.17159
G1 X-9.691 Y-12.152 Z50.019 E35.08165
G1 X-5.203 Y-14.414 Z50.064 E37.4452
G1 X-3.483 Y-15.252 Z50.081 E38.34498
G1 X1.016 Y-17.496 Z50.125 E40.70936
G1 X2.174 Y-18.051 Z50.136 E41.31326
G1 X3.546 Y-18.666 Z50.15 E42.02035
G1 X4.417 Y-18.994 Z50.158 E42.45805
G1 X5.065 Y-19.184 Z50.164 E42.77562
G1 X5.571 Y-19.265 Z50.168 E43.01661
G1 X6.234 Y-19.232 Z50.174 E43.32879
G1 X6.681 Y-19.061 Z50.179 E43.55387
G1 X7.146 Y-18.722 Z50.184 E43.82449
G1 X7.625 Y-18.198 Z50.19 E44.15837
G1 X7.981 Y-17.728 Z50.195 E44.43565
G1 X8.689 Y-16.59 Z50.207 E45.06595
G1 X9.491 Y-15.13 Z50.222 E45.84933
G1 X10.483 Y-13.164 Z50.241 E46.88494
G1 X11.448 Y-11.169 Z50.261 E47.92715
G1 X14.035 Y-5.973 Z50.312 E50.65685
G1 X15.003 Y-3.949 Z50.332 E51.71196
G1 X17.577 Y1.281 Z50.384 E54.45329
G1 X18.218 Y2.625 Z50.397 E55.15355
G1 X18.826 Y3.937 Z50.41 E55.83359
G1 X19.375 Y5.277 Z50.423 E56.51461
G1 X19.633 Y6.029 Z50.43 E56.8885
G1 X19.845 Y6.91 Z50.438 E57.31465
G1 X19.883 Y7.656 Z50.444 E57.66593
G1 X19.766 Y8.151 Z50.449 E57.90513
G1 X19.49 Y8.606 Z50.454 E58.1554
G1 X18.878 Y9.186 Z50.461 E58.55193
G1 X17.95 Y9.809 Z50.471 E59.07758
G1 X16.717 Y10.501 Z50.483 E59.74252
G1 X15.039 Y11.341 Z50.5 E60.62501
;TIME_ELAPSED:305.504312
;LAYER:50
;note -- min layer time used
;TYPE:WALL-OUTER
;MESH:twised-square.stl
G1 F1348 X9.085 Y14.237 Z50.559 E63.73872
G1 X8.424 Y14.553 Z50.565 E64.08327
G1 X2.857 Y17.233 Z50.62 E66.98892
G1 X2.226 Y17.536 Z50.627 E67.31811
G1 X0.081 Y18.506 Z50.648 E68.42521
G1 X-1.441 Y19.029 Z50.662 E69.18206
G1 X-2.199 Y19.162 Z50.669 E69.54398
G1 X-2.614 Y19.167 Z50.673 E69.73916
G1 X-3.129 Y19.018 Z50.677 E69.99129
G1 X-3.501 Y18.792 Z50.681 E70.19599
G1 X-3.904 Y18.431 Z50.686 E70.45044
G1 X-4.348 Y17.902 Z50.692 E70.77523
G1 X-4.683 Y17.396 Z50.698 E71.06062
G1 X-5.097 Y16.729 Z50.705 E71.42981
G1 X-5.78 Y15.472 Z50.717 E72.10258
G1 X-6.413 Y14.206 Z50.73 E72.76823
G1 X-7.077 Y12.852 Z50.743 E73.47744
G1 X-10.181 Y6.391 Z50.807 E76.8484
G1 X-10.548 Y5.631 Z50.815 E77.24531
G1 X-13.618 Y-.833 Z50.878 E80.61064
G1 X-13.983 Y-1.594 Z50.886 E81.00756
G1 X-14.885 Y-3.554 Z50.905 E82.02224
G1 X-15.535 Y-5.096 Z50.92 E82.80921
G1 X-15.843 Y-5.979 Z50.928 E83.24901
G1 X-16.082 Y-6.943 Z50.937 E83.71609
G1 X-16.145 Y-7.639 Z50.943 E84.04474
G1 X-16.061 Y-8.175 Z50.948 E84.29989
G1 X-15.908 Y-8.49 Z50.951 E84.46458
G1 X-15.703 Y-8.807 Z50.955 E84.64212
G1 X-15.321 Y-9.176 Z50.959 E84.89189
G1 X-14.955 Y-9.459 Z50.963 E85.10946
G1 X-14.407 Y-9.825 Z50.969 E85.41937
G1 X-13.605 Y-10.283 Z50.978 E85.85371
G1 X-12.278 Y-10.963 Z50.991 E86.55494
G1 X-11.134 Y-11.516 Z51.002 E87.1525
G1 X-5.522 Y-14.165 Z51.057 E90.07097
G1 X-4.863 Y-14.481 Z51.064 E90.41468
G1 X0.738 Y-17.096 Z51.119 E93.32167
G1 X1.397 Y-17.408 Z51.125 E93.66457
G1 X3.496 Y-18.348 Z51.146 E94.74616
G1 X4.996 Y-18.884 Z51.16 E95.49527
G1 X5.735 Y-19.039 Z51.167 E95.85037
G1 X6.12 Y-19.071 Z51.17 E96.03205
G1 X6.644 Y-19.015 Z51.175 E96.27988
G1 X7.061 Y-18.838 Z51.179 E96.49292
G1 X7.525 Y-18.478 Z51.184 E96.76911
G1 X8.14 Y-17.749 Z51.193 E97.21765
G1 X8.523 Y-17.16 Z51.199 E97.54806
G1 X9.127 Y-16.114 Z51.21 E98.1161
G1 X10.065 Y-14.237 Z51.228 E99.1029
G1 X10.696 Y-12.908 Z51.241 E99.79477
G1 X13.72 Y-6.396 Z51.305 E103.17135
G1 X14.074 Y-5.657 Z51.313 E103.55671
G1 X17.071 Y0.87 Z51.377 E106.93436
G1 X17.418 Y1.607 Z51.384 E107.31745
G1 X18.038 Y2.986 Z51.397 E108.0285
G1 X18.788 Y4.716 Z51.414 E108.91526
G1 X19.252 Y6.029 Z51.427 E109.57016
G1 X19.508 Y7.014 Z51.436 E110.04878
G1 X19.569 Y7.452 Z51.44 E110.25675
G1 X19.566 Y8.023 Z51.445 E110.52529
G1 X19.383 Y8.606 Z51.45 E110.81265
G1 X19.261 Y8.799 Z51.452 E110.92003
G1 X18.878 Y9.217 Z51.457 E111.18665
G1 X18.518 Y9.511 Z51.461 E111.40523
G1 X17.975 Y9.875 Z51.467 E111.71267
G1 X16.301 Y10.782 Z51.484 E112.60805
G1 X14.677 Y11.549 Z51.5 E113.45268
;TIME_ELAPSED:310.510065
;LAYER:51
;note -- min layer time used
;TYPE:WALL-OUTER
;MESH:twised-square.stl
G1 F1340.7 X11.063 Y13.203 Z51.536 E115.32183
G1 X8.03 Y14.595 Z51.565 E116.89124
G1 X4.795 Y16.058 Z51.597 E118.56095
G1 X1.754 Y17.436 Z51.627 E120.13106
G1 X0.572 Y17.956 Z51.639 E120.73835
G1 X-.826 Y18.506 Z51.652 E121.44485
G1 X-1.927 Y18.846 Z51.662 E121.98676
G1 X-2.692 Y18.96 Z51.669 E122.3505
G1 X-3.421 Y18.864 Z51.676 E122.6963
G1 X-3.805 Y18.665 Z51.68 E122.89969
G1 X-4.277 Y18.263 Z51.685 E123.19126
G1 X-4.768 Y17.666 Z51.692 E123.55478
G1 X-5.299 Y16.835 Z51.701 E124.01856
G1 X-5.743 Y16.014 Z51.709 E124.4575
G1 X-6.337 Y14.832 Z51.721 E125.07962
G1 X-6.766 Y13.925 Z51.73 E125.55147
G1 X-7.387 Y12.577 Z51.744 E126.24945
G1 X-9.059 Y8.864 Z51.78 E128.16449
G1 X-10.659 Y5.355 Z51.815 E129.97817
G1 X-12.322 Y1.614 Z51.851 E131.90349
G1 X-13.916 Y-1.923 Z51.886 E133.72799
G1 X-14.51 Y-3.283 Z51.899 E134.42592
G1 X-15.223 Y-5.017 Z51.916 E135.30764
G1 X-15.669 Y-6.354 Z51.929 E135.97047
G1 X-15.846 Y-7.052 Z51.935 E136.30912
G1 X-15.929 Y-8.016 Z51.944 E136.76415
G1 X-15.791 Y-8.617 Z51.949 E137.05414
G1 X-15.55 Y-9.018 Z51.953 E137.27416
G1 X-15.102 Y-9.473 Z51.959 E137.57445
G1 X-14.72 Y-9.755 Z51.963 E137.79775
G1 X-13.776 Y-10.323 Z51.973 E138.31587
G1 X-12.53 Y-10.953 Z51.986 E138.97248
G1 X-10.862 Y-11.719 Z52.002 E139.83568
G1 X-7.614 Y-13.15 Z52.034 E141.50483
G1 X-4.572 Y-14.519 Z52.064 E143.07363
G1 X-1.316 Y-15.937 Z52.096 E144.74378
G1 X1.735 Y-17.293 Z52.125 E146.31394
G1 X2.922 Y-17.801 Z52.137 E146.92114
G1 X4.304 Y-18.343 Z52.15 E147.61926
G1 X5.379 Y-18.694 Z52.16 E148.15108
G1 X6.106 Y-18.834 Z52.167 E148.49926
G1 X6.537 Y-18.857 Z52.171 E148.70224
G1 X7.095 Y-18.761 Z52.176 E148.96852
G1 X7.433 Y-18.599 Z52.179 E149.14479
G1 X7.777 Y-18.335 Z52.183 E149.34871
G1 X7.999 Y-18.109 Z52.186 E149.4977
G1 X8.477 Y-17.495 Z52.193 E149.86364
G1 X9.062 Y-16.526 Z52.203 E150.39595
G1 X9.681 Y-15.32 Z52.215 E151.03345
G1 X10.297 Y-13.993 Z52.228 E151.72148
G1 X10.903 Y-12.641 Z52.242 E152.41825
G1 X12.527 Y-8.884 Z52.278 E154.3431
G1 X14.094 Y-5.36 Z52.313 E156.15684
G1 X15.702 Y-1.594 Z52.349 E158.08261
G1 X17.255 Y1.939 Z52.384 E159.89756
G1 X17.834 Y3.31 Z52.397 E160.59745
G1 X18.214 Y4.239 Z52.406 E161.06948
G1 X18.688 Y5.489 Z52.418 E161.69818
G1 X18.974 Y6.368 Z52.427 E162.1329
G1 X19.203 Y7.342 Z52.435 E162.60344
G1 X19.263 Y8.011 Z52.441 E162.91932
G1 X19.214 Y8.502 Z52.446 E163.15138
G1 X19.053 Y8.924 Z52.45 E163.36379
G1 X18.694 Y9.38 Z52.455 E163.63672
G1 X17.919 Y9.977 Z52.464 E164.09679
G1 X17.246 Y10.369 Z52.471 E164.46307
G1 X15.972 Y11.009 Z52.484 E165.13356
G1 X14.301 Y11.751 Z52.5 E165.99339
;TIME_ELAPSED:315.515789
;LAYER:52
;note -- min layer time used
;TYPE:WALL-OUTER
;MESH:twised-square.stl
G1 F1333.4 X13.062 Y12.276 Z52.512 E166.62622
G1 X7.585 Y14.642 Z52.566 E169.43202
G1 X6.758 Y14.988 Z52.574 E169.85361
G1 X1.283 Y17.326 Z52.627 E172.65335
G1 X-.391 Y17.998 Z52.644 E173.50167
G1 X-1.627 Y18.437 Z52.655 E174.11851
G1 X-2.545 Y18.671 Z52.664 E174.56404
G1 X-3.454 Y18.733 Z52.672 E174.99252
G1 X-4.025 Y18.559 Z52.678 E175.27325
G1 X-4.356 Y18.376 Z52.681 E175.45111
G1 X-4.628 Y18.118 Z52.684 E175.62742
G1 X-5.066 Y17.606 Z52.69 E175.94429
G1 X-5.365 Y17.158 Z52.695 E176.19759
G1 X-5.807 Y16.402 Z52.703 E176.60943
G1 X-6.387 Y15.235 Z52.715 E177.2223
G1 X-7.11 Y13.643 Z52.731 E178.04458
G1 X-7.691 Y12.3 Z52.744 E178.73274
G1 X-8.086 Y11.354 Z52.753 E179.21485
G1 X-10.785 Y5.035 Z52.815 E182.44629
G1 X-11.178 Y4.082 Z52.824 E182.93109
G1 X-13.849 Y-2.25 Z52.886 E186.16301
G1 X-14.41 Y-3.621 Z52.899 E186.85966
G1 X-15.144 Y-5.543 Z52.918 E187.82721
G1 X-15.496 Y-6.692 Z52.929 E188.39236
G1 X-15.717 Y-7.924 Z52.94 E188.98099
G1 X-15.659 Y-8.668 Z52.947 E189.33195
G1 X-15.401 Y-9.214 Z52.952 E189.61594
G1 X-15.113 Y-9.556 Z52.956 E189.82621
G1 X-14.473 Y-10.039 Z52.963 E190.20328
G1 X-13.523 Y-10.585 Z52.973 E190.71859
G1 X-12.263 Y-11.194 Z52.986 E191.37673
G1 X-10.593 Y-11.91 Z53.002 E192.23124
G1 X-9.743 Y-12.257 Z53.01 E192.66301
G1 X-4.263 Y-14.557 Z53.064 E195.45795
G1 X-3.411 Y-14.9 Z53.072 E195.88988
G1 X2.105 Y-17.186 Z53.126 E198.69791
G1 X3.754 Y-17.84 Z53.142 E199.53217
G1 X4.99 Y-18.277 Z53.154 E200.1487
G1 X5.889 Y-18.519 Z53.162 E200.58653
G1 X6.734 Y-18.629 Z53.17 E200.98728
G1 X7.332 Y-18.565 Z53.175 E201.27011
G1 X7.721 Y-18.404 Z53.179 E201.4681
G1 X8.111 Y-18.112 Z53.183 E201.69722
G1 X8.64 Y-17.482 Z53.191 E202.0841
G1 X9.355 Y-16.275 Z53.203 E202.74385
G1 X9.839 Y-15.291 Z53.213 E203.25955
G1 X10.531 Y-13.72 Z53.229 E204.06687
G1 X11.11 Y-12.345 Z53.242 E204.7685
G1 X11.491 Y-11.393 Z53.251 E205.25073
G1 X14.104 Y-5.065 Z53.313 E208.47041
G1 X14.491 Y-4.083 Z53.322 E208.9668
G1 X17.083 Y2.269 Z53.384 E212.19317
G1 X17.634 Y3.658 Z53.398 E212.89592
G1 X18.228 Y5.248 Z53.413 E213.69414
G1 X18.664 Y6.576 Z53.425 E214.35147
G1 X18.899 Y7.701 Z53.436 E214.89197
G1 X18.941 Y8.145 Z53.44 E215.1017
G1 X18.887 Y8.8 Z53.446 E215.41078
G1 X18.718 Y9.221 Z53.45 E215.62413
G1 X18.444 Y9.58 Z53.454 E215.83652
G1 X17.821 Y10.091 Z53.461 E216.21545
G1 X16.704 Y10.733 Z53.473 E216.82134
G1 X15.067 Y11.464 Z53.489 E217.66447
G1 X13.918 Y11.943 Z53.5 E218.24989
;TIME_ELAPSED:320.520945
;LAYER:53
;note -- min layer time used
;TYPE:WALL-OUTER
;MESH:twised-square.stl
G1 F1326.7 X8.742 Y14.035 Z53.55 E220.87538
G1 X7.158 Y14.67 Z53.566 E221.67794
G1 X2.392 Y16.576 Z53.612 E224.0919
G1 X0.812 Y17.205 Z53.628 E224.89166
G1 X-.851 Y17.837 Z53.644 E225.72832
G1 X-2.714 Y18.395 Z53.661 E226.64291
G1 X-3.365 Y18.502 Z53.667 E226.95317
G1 X-3.882 Y18.501 Z53.672 E227.19631
G1 X-4.537 Y18.308 Z53.678 E227.51744
G1 X-4.892 Y18.056 Z53.682 E227.72217
G1 X-5.271 Y17.679 Z53.687 E227.97358
G1 X-5.661 Y17.127 Z53.693 E228.29143
G1 X-6.315 Y15.935 Z53.705 E228.93083
G1 X-6.77 Y14.955 Z53.715 E229.43896
G1 X-7.449 Y13.366 Z53.731 E230.25161
G1 X-7.989 Y12.033 Z53.744 E230.92798
G1 X-10.171 Y6.56 Z53.797 E233.69886
G1 X-10.901 Y4.739 Z53.815 E234.6215
G1 X-13.057 Y-.745 Z53.868 E237.39268
G1 X-13.79 Y-2.589 Z53.886 E238.32588
G1 X-14.516 Y-4.505 Z53.905 E239.28947
G1 X-14.887 Y-5.541 Z53.915 E239.80698
G1 X-15.276 Y-6.837 Z53.927 E240.44333
G1 X-15.451 Y-7.711 Z53.935 E240.86251
G1 X-15.504 Y-8.233 Z53.94 E241.10926
G1 X-15.455 Y-8.873 Z53.945 E241.41112
G1 X-15.39 Y-9.128 Z53.948 E241.53488
G1 X-15.179 Y-9.518 Z53.952 E241.74341
G1 X-14.862 Y-9.85 Z53.956 E241.95929
G1 X-14.627 Y-10.053 Z53.959 E242.10533
G1 X-13.954 Y-10.481 Z53.966 E242.48041
G1 X-12.82 Y-11.054 Z53.978 E243.07793
G1 X-11.457 Y-11.638 Z53.991 E243.77529
G1 X-10.289 Y-12.107 Z54.002 E244.3672
G1 X-5.524 Y-13.964 Z54.049 E246.77227
G1 X-3.919 Y-14.601 Z54.064 E247.58434
G1 X0.854 Y-16.437 Z54.11 E249.98934
G1 X2.436 Y-17.058 Z54.126 E250.7886
G1 X4.097 Y-17.676 Z54.142 E251.62206
G1 X5.918 Y-18.234 Z54.159 E252.51774
G1 X6.577 Y-18.359 Z54.165 E252.83319
G1 X7.418 Y-18.377 Z54.173 E253.22879
G1 X8.017 Y-18.184 Z54.178 E253.52475
G1 X8.361 Y-17.931 Z54.182 E253.72557
G1 X8.554 Y-17.741 Z54.185 E253.85294
G1 X8.961 Y-17.211 Z54.191 E254.1672
G1 X9.466 Y-16.362 Z54.2 E254.63176
G1 X9.858 Y-15.559 Z54.208 E255.052
G1 X10.53 Y-14.011 Z54.223 E255.84563
G1 X11.292 Y-12.077 Z54.242 E256.82321
G1 X13.395 Y-6.575 Z54.295 E259.59328
G1 X14.122 Y-4.727 Z54.313 E260.52719
G1 X16.192 Y0.766 Z54.366 E263.28779
G1 X16.902 Y2.593 Z54.384 E264.2096
G1 X17.619 Y4.537 Z54.403 E265.18404
G1 X17.974 Y5.581 Z54.413 E265.70262
G1 X18.36 Y6.857 Z54.425 E266.32956
G1 X18.541 Y7.73 Z54.433 E266.74884
G1 X18.608 Y8.669 Z54.441 E267.19156
G1 X18.513 Y9.208 Z54.446 E267.44895
G1 X18.336 Y9.575 Z54.45 E267.64057
G1 X17.98 Y9.982 Z54.455 E267.89487
G1 X17.192 Y10.53 Z54.463 E268.34625
G1 X16.022 Y11.114 Z54.475 E268.96122
G1 X14.696 Y11.669 Z54.488 E269.63723
G1 X13.492 Y12.141 Z54.5 E270.24541
;TIME_ELAPSED:325.526076
;LAYER:54
;note -- min layer time used
;TYPE:WALL-OUTER
;MESH:twised-square.stl
G1 F1319.2 X10.758 Y13.165 Z54.527 E271.61839
G1 X6.71 Y14.702 Z54.566 E273.6547
G1 X4.377 Y15.564 Z54.589 E274.82437
G1 X0.341 Y17.075 Z54.628 E276.85109
G1 X-1.814 Y17.807 Z54.648 E277.92142
G1 X-3.199 Y18.181 Z54.662 E278.5961
G1 X-3.854 Y18.276 Z54.668 E278.90736
G1 X-4.369 Y18.256 Z54.672 E279.14973
G1 X-5.015 Y18.055 Z54.678 E279.4679
G1 X-5.352 Y17.81 Z54.682 E279.66384
G1 X-5.632 Y17.506 Z54.686 E279.85821
G1 X-5.961 Y17.058 Z54.691 E280.11961
G1 X-6.208 Y16.635 Z54.695 E280.34997
G1 X-6.724 Y15.644 Z54.706 E280.87541
G1 X-7.145 Y14.686 Z54.715 E281.36753
G1 X-7.788 Y13.082 Z54.731 E282.18022
G1 X-8.301 Y11.733 Z54.744 E282.85895
G1 X-9.285 Y9.064 Z54.77 E284.19673
G1 X-11.028 Y4.422 Z54.815 E286.5286
G1 X-12 Y1.747 Z54.841 E287.86709
G1 X-13.724 Y-2.903 Z54.886 E290.19936
G1 X-14.387 Y-4.763 Z54.904 E291.128
G1 X-14.745 Y-5.872 Z54.915 E291.67605
G1 X-15.108 Y-7.162 Z54.927 E292.30627
G1 X-15.266 Y-8.031 Z54.935 E292.72165
G1 X-15.286 Y-8.991 Z54.943 E293.17322
G1 X-15.112 Y-9.557 Z54.949 E293.45169
G1 X-14.875 Y-9.909 Z54.953 E293.65126
G1 X-14.508 Y-10.241 Z54.957 E293.88399
G1 X-13.706 Y-10.748 Z54.966 E294.33021
G1 X-13.037 Y-11.08 Z54.973 E294.68144
G1 X-11.774 Y-11.617 Z54.985 E295.32686
G1 X-10.036 Y-12.278 Z55.002 E296.20133
G1 X-7.684 Y-13.122 Z55.025 E297.3765
G1 X-3.623 Y-14.621 Z55.064 E299.41228
G1 X-1.277 Y-15.452 Z55.087 E300.58273
G1 X2.773 Y-16.927 Z55.126 E302.60976
G1 X4.556 Y-17.539 Z55.143 E303.4963
G1 X5.856 Y-17.919 Z55.155 E304.13325
G1 X6.641 Y-18.091 Z55.163 E304.51118
G1 X7.625 Y-18.144 Z55.172 E304.97461
G1 X8.181 Y-18.014 Z55.177 E305.24314
G1 X8.577 Y-17.781 Z55.181 E305.45922
G1 X8.766 Y-17.6 Z55.184 E305.58229
G1 X9.14 Y-17.145 Z55.189 E305.85928
G1 X9.588 Y-16.413 Z55.197 E306.26288
G1 X9.924 Y-15.734 Z55.204 E306.61916
G1 X10.353 Y-14.741 Z55.213 E307.12787
G1 X10.978 Y-13.136 Z55.229 E307.93788
G1 X11.47 Y-11.8 Z55.242 E308.60743
G1 X12.42 Y-9.092 Z55.268 E309.95705
G1 X14.112 Y-4.432 Z55.313 E312.28856
G1 X15.044 Y-1.741 Z55.339 E313.62784
G1 X16.711 Y2.91 Z55.384 E315.95138
G1 X17.183 Y4.278 Z55.397 E316.63195
G1 X17.707 Y5.905 Z55.413 E317.4358
G1 X18.003 Y6.96 Z55.423 E317.95111
G1 X18.253 Y8.323 Z55.435 E318.6028
G1 X18.275 Y8.793 Z55.44 E318.82407
G1 X18.19 Y9.424 Z55.445 E319.1235
G1 X17.995 Y9.849 Z55.45 E319.34341
G1 X17.609 Y10.266 Z55.455 E319.61064
G1 X16.793 Y10.807 Z55.464 E320.07107
G1 X16.124 Y11.137 Z55.471 E320.42188
G1 X14.844 Y11.674 Z55.483 E321.07467
G1 X13.107 Y12.31 Z55.5 E321.94459
;TIME_ELAPSED:330.531718
;LAYER:55
;note -- min layer time used
;TYPE:WALL-OUTER
;MESH:twised-square.stl
G1 F1312.6 X-0.052 Y16.909 Z55.627 E328.50011
G1 X-1.857 Y17.513 Z55.645 E329.39524
G1 X-3.238 Y17.873 Z55.658 E330.06641
G1 X-4.022 Y18.007 Z55.665 E330.44046
G1 X-4.845 Y18.006 Z55.673 E330.8275
G1 X-5.409 Y17.838 Z55.678 E331.10426
G1 X-5.846 Y17.505 Z55.683 E331.36264
G1 X-6.176 Y17.132 Z55.688 E331.59685
G1 X-6.523 Y16.585 Z55.694 E331.90149
G1 X-6.791 Y16.077 Z55.699 E332.1716
G1 X-7.317 Y14.922 Z55.71 E332.76845
G1 X-7.897 Y13.421 Z55.725 E333.52522
G1 X-8.603 Y11.442 Z55.744 E334.51336
G1 X-13.658 Y-3.214 Z55.886 E341.80429
G1 X-14.283 Y-5.107 Z55.904 E342.74181
G1 X-14.609 Y-6.197 Z55.915 E343.27685
G1 X-14.892 Y-7.264 Z55.925 E343.796
G1 X-15.035 Y-8.021 Z55.932 E344.1583
G1 X-15.092 Y-9.083 Z55.942 E344.65846
G1 X-14.99 Y-9.607 Z55.946 E344.90951
G1 X-14.831 Y-9.947 Z55.95 E345.08603
G1 X-14.601 Y-10.236 Z55.953 E345.25973
G1 X-14.138 Y-10.606 Z55.959 E345.53846
G1 X-13.734 Y-10.867 Z55.963 E345.76465
G1 X-13.16 Y-11.156 Z55.969 E346.06688
G1 X-12.317 Y-11.515 Z55.977 E346.49778
G1 X-10.938 Y-12.034 Z55.991 E347.19071
G1 X-9.769 Y-12.443 Z56.002 E347.77315
G1 X3.117 Y-16.791 Z56.126 E354.1689
G1 X4.776 Y-17.325 Z56.142 E354.98852
G1 X6.035 Y-17.673 Z56.154 E355.60281
G1 X6.949 Y-17.849 Z56.163 E356.04055
G1 X7.76 Y-17.908 Z56.17 E356.42296
G1 X8.493 Y-17.763 Z56.177 E356.77435
G1 X8.832 Y-17.563 Z56.181 E356.95946
G1 X9.205 Y-17.2 Z56.185 E357.20423
G1 X9.584 Y-16.655 Z56.192 E357.51642
G1 X10.193 Y-15.448 Z56.204 E358.15221
G1 X10.594 Y-14.46 Z56.214 E358.65366
G1 X11.181 Y-12.846 Z56.229 E359.46134
G1 X11.642 Y-11.496 Z56.242 E360.13222
G1 X16.517 Y3.235 Z56.384 E367.42947
G1 X17.116 Y5.118 Z56.402 E368.35874
G1 X17.429 Y6.203 Z56.413 E368.88981
G1 X17.705 Y7.286 Z56.423 E369.4154
G1 X17.921 Y8.639 Z56.435 E370.05975
G1 X17.895 Y9.454 Z56.443 E370.44323
G1 X17.755 Y9.911 Z56.447 E370.66801
G1 X17.535 Y10.254 Z56.451 E370.85964
G1 X17.084 Y10.659 Z56.456 E371.14471
G1 X16.677 Y10.919 Z56.461 E371.37184
G1 X16.105 Y11.211 Z56.467 E371.67386
G1 X15.258 Y11.571 Z56.475 E372.10668
G1 X13.873 Y12.079 Z56.489 E372.80046
G1 X12.697 Y12.476 Z56.5 E373.38417
;TIME_ELAPSED:335.536794
;LAYER:56
;note -- min layer time used
;TYPE:WALL-OUTER
;MESH:twised-square.stl
G1 F1305.8 X8.392 Y13.88 Z56.542 E375.51369
G1 X5.844 Y14.71 Z56.566 E376.77395
G1 X1.945 Y15.968 Z56.604 E378.70066
G1 X-.605 Y16.786 Z56.628 E379.96008
G1 X-1.801 Y17.158 Z56.64 E380.54912
G1 X-3.245 Y17.545 Z56.654 E381.25217
G1 X-4.17 Y17.723 Z56.662 E381.69516
G1 X-4.853 Y17.786 Z56.669 E382.01773
G1 X-5.708 Y17.63 Z56.677 E382.42647
G1 X-6.111 Y17.399 Z56.681 E382.64492
G1 X-6.387 Y17.145 Z56.684 E382.82131
G1 X-6.52 Y16.976 Z56.686 E382.92245
G1 X-6.85 Y16.494 Z56.692 E383.19717
G1 X-7.36 Y15.461 Z56.702 E383.73895
G1 X-7.694 Y14.658 Z56.71 E384.14795
G1 X-8.265 Y13.09 Z56.726 E384.93273
G1 X-8.908 Y11.149 Z56.744 E385.89433
G1 X-10.321 Y6.737 Z56.787 E388.07304
G1 X-11.26 Y3.834 Z56.815 E389.50792
G1 X-12.662 Y-.604 Z56.858 E391.6967
G1 X-13.592 Y-3.513 Z56.886 E393.13297
G1 X-14.172 Y-5.414 Z56.904 E394.06766
G1 X-14.471 Y-6.508 Z56.915 E394.60103
G1 X-14.72 Y-7.567 Z56.925 E395.11264
G1 X-14.898 Y-8.93 Z56.937 E395.75908
G1 X-14.819 Y-9.754 Z56.945 E396.14837
G1 X-14.627 Y-10.202 Z56.949 E396.37759
G1 X-14.387 Y-10.487 Z56.953 E396.55281
G1 X-14.041 Y-10.787 Z56.957 E396.76818
G1 X-13.721 Y-10.994 Z56.96 E396.94741
G1 X-13.091 Y-11.32 Z56.967 E397.28101
G1 X-12.067 Y-11.733 Z56.977 E397.80027
G1 X-10.703 Y-12.213 Z56.99 E398.4803
G1 X-9.494 Y-12.605 Z57.002 E399.07801
G1 X-5.603 Y-13.817 Z57.04 E400.9946
G1 X-3.039 Y-14.633 Z57.064 E402.26
G1 X0.868 Y-15.833 Z57.102 E404.18211
G1 X3.422 Y-16.637 Z57.126 E405.44132
G1 X4.622 Y-16.995 Z57.138 E406.03025
G1 X6.058 Y-17.382 Z57.152 E406.72967
G1 X6.945 Y-17.565 Z57.16 E407.15559
G1 X7.596 Y-17.645 Z57.166 E407.46405
G1 X8.471 Y-17.606 Z57.174 E407.87596
G1 X8.913 Y-17.44 Z57.178 E408.098
G1 X9.392 Y-17.053 Z57.184 E408.3876
G1 X9.753 Y-16.57 Z57.19 E408.67119
G1 X9.988 Y-16.155 Z57.194 E408.89547
G1 X10.528 Y-14.984 Z57.206 E409.50191
G1 X11.186 Y-13.14 Z57.224 E410.42267
G1 X11.8 Y-11.209 Z57.242 E411.37559
G1 X13.153 Y-6.757 Z57.285 E413.56384
G1 X14.068 Y-3.845 Z57.313 E414.99932
G1 X15.402 Y0.615 Z57.356 E417.1886
G1 X16.312 Y3.553 Z57.384 E418.63505
G1 X16.861 Y5.421 Z57.402 E419.5507
G1 X17.153 Y6.53 Z57.413 E420.09002
G1 X17.395 Y7.587 Z57.423 E420.59997
G1 X17.521 Y8.329 Z57.43 E420.95392
G1 X17.584 Y9.2 Z57.438 E421.36461
G1 X17.562 Y9.576 Z57.441 E421.54173
G1 X17.424 Y10.121 Z57.446 E421.80613
G1 X17.198 Y10.485 Z57.45 E422.00762
G1 X16.834 Y10.826 Z57.455 E422.24219
G1 X16.53 Y11.032 Z57.458 E422.41489
G1 X15.688 Y11.46 Z57.467 E422.85909
G1 X14.863 Y11.788 Z57.475 E423.27661
G1 X13.494 Y12.254 Z57.488 E423.9567
G1 X12.272 Y12.637 Z57.5 E424.55896
;TIME_ELAPSED:340.542384
;LAYER:57
;note -- min layer time used
;TYPE:WALL-OUTER
;MESH:twised-square.stl
G1 F1298.9 X10.436 Y13.182 Z57.518 E425.45964
G1 X5.407 Y14.705 Z57.566 E427.93077
G1 X3.961 Y15.126 Z57.58 E428.63904
G1 X-1.075 Y16.629 Z57.629 E431.11062
G1 X-3.294 Y17.23 Z57.65 E432.19177
G1 X-4.642 Y17.481 Z57.663 E432.83662
G1 X-5.816 Y17.477 Z57.673 E433.38873
G1 X-6.341 Y17.284 Z57.679 E433.65179
G1 X-6.677 Y17.038 Z57.682 E433.84762
G1 X-7.075 Y16.549 Z57.688 E434.14413
G1 X-7.385 Y15.992 Z57.694 E434.44392
G1 X-7.627 Y15.522 Z57.699 E434.69253
G1 X-8.091 Y14.335 Z57.711 E435.2919
G1 X-8.596 Y12.853 Z57.725 E436.02821
G1 X-9.199 Y10.879 Z57.744 E436.99889
G1 X-9.673 Y9.246 Z57.76 E437.79857
G1 X-11.385 Y3.518 Z57.815 E440.6101
G1 X-11.846 Y1.904 Z57.831 E441.39949
G1 X-13.534 Y-3.833 Z57.886 E444.21187
G1 X-14.09 Y-5.821 Z57.905 E445.18268
G1 X-14.523 Y-7.658 Z57.923 E446.07026
G1 X-14.698 Y-9.213 Z57.937 E446.80617
G1 X-14.638 Y-9.905 Z57.943 E447.13283
G1 X-14.46 Y-10.382 Z57.948 E447.37226
G1 X-14.228 Y-10.692 Z57.952 E447.55436
G1 X-13.827 Y-11.035 Z57.957 E447.80252
G1 X-12.995 Y-11.489 Z57.965 E448.24826
G1 X-12.294 Y-11.772 Z57.972 E448.60378
G1 X-10.996 Y-12.221 Z57.985 E449.2497
G1 X-9.249 Y-12.749 Z58.002 E450.10799
G1 X-7.816 Y-13.152 Z58.016 E450.80805
G1 X-2.773 Y-14.624 Z58.064 E453.27865
G1 X-1.322 Y-15.026 Z58.078 E453.98674
G1 X3.733 Y-16.479 Z58.127 E456.46029
G1 X5.391 Y-16.926 Z58.143 E457.26786
G1 X6.94 Y-17.283 Z58.157 E458.01542
G1 X7.924 Y-17.387 Z58.166 E458.48076
G1 X8.382 Y-17.392 Z58.171 E458.69616
G1 X8.953 Y-17.279 Z58.176 E458.9699
G1 X9.346 Y-17.085 Z58.18 E459.17602
G1 X9.695 Y-16.76 Z58.184 E459.40029
G1 X10.032 Y-16.292 Z58.19 E459.67151
G1 X10.404 Y-15.57 Z58.197 E460.05347
G1 X10.874 Y-14.389 Z58.209 E460.65124
G1 X11.359 Y-12.926 Z58.223 E461.37609
G1 X11.947 Y-10.92 Z58.243 E462.35918
G1 X12.397 Y-9.279 Z58.258 E463.1594
G1 X14.033 Y-3.552 Z58.313 E465.96045
G1 X14.477 Y-1.908 Z58.329 E466.7613
G1 X16.092 Y3.834 Z58.384 E469.56645
G1 X16.461 Y5.204 Z58.397 E470.2337
G1 X16.948 Y7.179 Z58.416 E471.19033
G1 X17.181 Y8.49 Z58.428 E471.81653
G1 X17.233 Y9.229 Z58.435 E472.16493
G1 X17.176 Y9.996 Z58.442 E472.52664
G1 X17.043 Y10.399 Z58.446 E472.72622
G1 X16.854 Y10.711 Z58.45 E472.89777
G1 X16.465 Y11.073 Z58.455 E473.14767
G1 X15.634 Y11.541 Z58.463 E473.59619
G1 X14.919 Y11.834 Z58.47 E473.95958
G1 X13.626 Y12.275 Z58.483 E474.60205
G1 X11.869 Y12.782 Z58.5 E475.46205
;TIME_ELAPSED:345.547948
;LAYER:58
;note -- min layer time used
;TYPE:WALL-OUTER
;MESH:twised-square.stl
G1 F1292.5 X5.983 Y14.409 Z58.557 E478.33395
G1 X4.928 Y14.697 Z58.567 E478.84826
G1 X-.52 Y16.184 Z58.619 E481.50408
G1 X-1.556 Y16.465 Z58.629 E482.0089
G1 X-3.779 Y17.015 Z58.651 E483.08587
G1 X-5.332 Y17.235 Z58.665 E483.82351
G1 X-6.482 Y17.148 Z58.676 E484.36588
G1 X-7.031 Y16.815 Z58.682 E484.66785
G1 X-7.294 Y16.563 Z58.685 E484.83915
G1 X-7.611 Y16.113 Z58.69 E485.09801
G1 X-7.928 Y15.475 Z58.697 E485.43305
G1 X-8.469 Y14.06 Z58.711 E486.14548
G1 X-8.954 Y12.519 Z58.726 E486.90524
G1 X-9.503 Y10.553 Z58.745 E487.86519
G1 X-11.18 Y4.394 Z58.804 E490.86712
G1 X-11.507 Y3.202 Z58.816 E491.44841
G1 X-13.153 Y-2.954 Z58.875 E494.44518
G1 X-13.47 Y-4.12 Z58.886 E495.01344
G1 X-13.968 Y-6.071 Z58.905 E495.96038
G1 X-14.199 Y-7.104 Z58.915 E496.45818
G1 X-14.392 Y-8.174 Z58.925 E496.96951
G1 X-14.508 Y-9.497 Z58.937 E497.59408
G1 X-14.43 Y-10.183 Z58.943 E497.91877
G1 X-14.235 Y-10.679 Z58.948 E498.16941
G1 X-13.949 Y-11.012 Z58.952 E498.37585
G1 X-13.442 Y-11.369 Z58.958 E498.66746
G1 X-12.437 Y-11.845 Z58.968 E499.19043
G1 X-11.148 Y-12.291 Z58.981 E499.83189
G1 X-8.999 Y-12.887 Z59.002 E500.88068
G1 X-3.517 Y-14.334 Z59.054 E503.54707
G1 X-2.462 Y-14.618 Z59.065 E504.06089
G1 X3.007 Y-16.038 Z59.117 E506.71815
G1 X4.043 Y-16.315 Z59.127 E507.22248
G1 X6.255 Y-16.855 Z59.148 E508.2933
G1 X7.785 Y-17.105 Z59.163 E509.02238
G1 X8.906 Y-17.092 Z59.173 E509.5496
G1 X9.527 Y-16.868 Z59.179 E509.86006
G1 X9.838 Y-16.625 Z59.183 E510.04568
G1 X10.184 Y-16.193 Z59.188 E510.30597
G1 X10.546 Y-15.534 Z59.195 E510.65957
G1 X11.09 Y-14.122 Z59.209 E511.37118
G1 X11.569 Y-12.555 Z59.224 E512.14178
G1 X12.09 Y-10.606 Z59.243 E513.09055
G1 X13.682 Y-4.411 Z59.302 E516.09862
G1 X13.995 Y-3.24 Z59.313 E516.66865
G1 X15.562 Y2.964 Z59.373 E519.67793
G1 X15.878 Y4.16 Z59.384 E520.25969
G1 X16.336 Y6.043 Z59.402 E521.17105
G1 X16.575 Y7.151 Z59.413 E521.70411
G1 X16.757 Y8.161 Z59.422 E522.18675
G1 X16.871 Y9.243 Z59.433 E522.69842
G1 X16.853 Y9.984 Z59.439 E523.04699
G1 X16.797 Y10.308 Z59.442 E523.20163
G1 X16.63 Y10.738 Z59.447 E523.41857
G1 X16.387 Y11.06 Z59.45 E523.60828
G1 X15.914 Y11.427 Z59.456 E523.88983
G1 X14.904 Y11.905 Z59.466 E524.41532
G1 X13.622 Y12.347 Z59.479 E525.05306
G1 X11.437 Y12.924 Z59.5 E526.11585
;TIME_ELAPSED:350.553486
;LAYER:59
;note -- min layer time used
;TYPE:WALL-OUTER
;MESH:twised-square.stl
G1 F1285.8 X8.039 Y13.776 Z59.533 E527.76335
G1 X4.5 Y14.674 Z59.567 E529.48043
G1 X1.514 Y15.408 Z59.595 E530.9265
G1 X-2.017 Y16.288 Z59.629 E532.63787
G1 X-3.706 Y16.687 Z59.646 E533.45404
G1 X-5.625 Y16.968 Z59.664 E534.36614
G1 X-6.564 Y16.949 Z59.672 E534.80783
G1 X-7.134 Y16.784 Z59.678 E535.0869
G1 X-7.445 Y16.578 Z59.682 E535.26233
G1 X-7.679 Y16.337 Z59.685 E535.42031
G1 X-7.948 Y15.957 Z59.689 E535.63926
G1 X-8.232 Y15.426 Z59.695 E535.92245
G1 X-8.577 Y14.555 Z59.703 E536.36303
G1 X-8.856 Y13.745 Z59.711 E536.76593
G1 X-9.298 Y12.221 Z59.726 E537.51217
G1 X-9.798 Y10.272 Z59.745 E538.45844
G1 X-10.623 Y6.907 Z59.777 E540.08781
G1 X-11.625 Y2.912 Z59.816 E542.0248
G1 X-12.429 Y-.435 Z59.848 E543.64361
G1 X-13.409 Y-4.416 Z59.886 E545.57171
G1 X-13.856 Y-6.346 Z59.905 E546.50338
G1 X-14.139 Y-7.79 Z59.918 E547.19539
G1 X-14.275 Y-8.853 Z59.928 E547.69938
G1 X-14.326 Y-9.536 Z59.935 E548.02148
G1 X-14.23 Y-10.431 Z59.943 E548.4448
G1 X-14.033 Y-10.906 Z59.948 E548.68663
G1 X-13.788 Y-11.2 Z59.951 E548.86661
G1 X-13.398 Y-11.507 Z59.956 E549.10003
G1 X-12.792 Y-11.815 Z59.962 E549.41972
G1 X-11.798 Y-12.194 Z59.972 E549.92001
G1 X-10.514 Y-12.575 Z59.985 E550.54988
G1 X-8.745 Y-13.02 Z60.002 E551.40773
G1 X-5.753 Y-13.727 Z60.031 E552.85357
G1 X-2.209 Y-14.594 Z60.065 E554.56941
G1 X0.789 Y-15.287 Z60.093 E556.0165
G1 X4.326 Y-16.138 Z60.127 E557.72736
G1 X6.02 Y-16.518 Z60.144 E558.54382
G1 X7.9 Y-16.822 Z60.161 E559.43944
G1 X8.787 Y-16.853 Z60.17 E559.85684
G1 X9.396 Y-16.76 Z60.175 E560.14656
G1 X9.643 Y-16.669 Z60.178 E560.27036
G1 X10.013 Y-16.427 Z60.182 E560.47827
G1 X10.367 Y-16.02 Z60.187 E560.73195
G1 X10.779 Y-15.262 Z60.195 E561.13768
G1 X11.229 Y-14.086 Z60.207 E561.72984
G1 X11.743 Y-12.266 Z60.224 E562.61924
G1 X12.219 Y-10.309 Z60.243 E563.56642
G1 X12.991 Y-6.932 Z60.276 E565.19554
G1 X13.944 Y-2.948 Z60.314 E567.12201
G1 X14.702 Y0.435 Z60.346 E568.75243
G1 X15.641 Y4.426 Z60.384 E570.68058
G1 X16.066 Y6.36 Z60.403 E571.61182
G1 X16.272 Y7.442 Z60.413 E572.1298
G1 X16.466 Y8.688 Z60.425 E572.72284
G1 X16.519 Y9.527 Z60.433 E573.11819
G1 X16.457 Y10.419 Z60.441 E573.5387
G1 X16.297 Y10.901 Z60.446 E573.77754
G1 X15.943 Y11.358 Z60.451 E574.0494
G1 X15.513 Y11.661 Z60.456 E574.29678
G1 X14.804 Y12 Z60.463 E574.66636
G1 X14.105 Y12.249 Z60.47 E575.01533
G1 X12.788 Y12.63 Z60.483 E575.66009
G1 X11.039 Y13.05 Z60.5 E576.506
;TIME_ELAPSED:355.559000
;LAYER:60
;note -- min layer time used
;TYPE:WALL-OUTER
;MESH:twised-square.stl
G1 F1279.8 X10.109 Y13.256 Z60.509 E576.95397
G1 X4.048 Y14.641 Z60.567 E579.87783
G1 X-2.502 Y16.108 Z60.63 E583.03451
G1 X-4.223 Y16.452 Z60.647 E583.85988
G1 X-5.488 Y16.653 Z60.659 E584.46226
G1 X-6.452 Y16.717 Z60.668 E584.91661
G1 X-6.999 Y16.676 Z60.673 E585.17458
G1 X-7.626 Y16.468 Z60.679 E585.48525
G1 X-7.984 Y16.19 Z60.683 E585.69841
G1 X-8.231 Y15.896 Z60.687 E585.87899
G1 X-8.49 Y15.478 Z60.691 E586.11025
G1 X-8.87 Y14.597 Z60.7 E586.56146
G1 X-9.109 Y13.88 Z60.708 E586.9169
G1 X-9.388 Y12.89 Z60.717 E587.40062
G1 X-9.786 Y11.298 Z60.733 E588.17235
G1 X-10.098 Y9.944 Z60.746 E588.82581
G1 X-10.213 Y9.408 Z60.751 E589.08361
G1 X-11.739 Y2.621 Z60.816 E592.35512
G1 X-11.854 Y2.078 Z60.821 E592.61615
G1 X-13.352 Y-4.72 Z60.886 E595.88984
G1 X-13.655 Y-6.165 Z60.9 E596.58418
G1 X-13.998 Y-8.042 Z60.918 E597.48152
G1 X-14.119 Y-9.143 Z60.929 E598.00243
G1 X-14.122 Y-10.106 Z60.938 E598.45531
G1 X-14.07 Y-10.529 Z60.942 E598.65574
G1 X-13.874 Y-11.071 Z60.947 E598.92679
G1 X-13.65 Y-11.37 Z60.951 E599.10249
G1 X-13.318 Y-11.65 Z60.955 E599.30674
G1 X-12.799 Y-11.94 Z60.96 E599.58633
G1 X-11.959 Y-12.265 Z60.969 E600.00991
G1 X-11.118 Y-12.516 Z60.977 E600.42266
G1 X-9.691 Y-12.874 Z60.991 E601.11455
G1 X-8.523 Y-13.139 Z61.002 E601.6778
G1 X-8.015 Y-13.244 Z61.007 E601.92176
G1 X-1.941 Y-14.564 Z61.065 E604.84494
G1 X4.626 Y-15.96 Z61.128 E608.00231
G1 X6.333 Y-16.298 Z61.144 E608.82067
G1 X7.604 Y-16.497 Z61.156 E609.42568
G1 X8.551 Y-16.576 Z61.165 E609.87259
G1 X9.08 Y-16.568 Z61.17 E610.1214
G1 X9.678 Y-16.463 Z61.176 E610.40693
G1 X10.069 Y-16.287 Z61.18 E610.60858
G1 X10.353 Y-16.061 Z61.183 E610.77927
G1 X10.644 Y-15.683 Z61.188 E611.00362
G1 X11.033 Y-14.928 Z61.196 E611.40304
G1 X11.257 Y-14.34 Z61.202 E611.69895
G1 X11.665 Y-12.936 Z61.215 E612.38655
G1 X12.048 Y-11.337 Z61.231 E613.1598
G1 X12.341 Y-9.99 Z61.244 E613.80809
G1 X12.451 Y-9.44 Z61.249 E614.07187
G1 X13.89 Y-2.634 Z61.314 E617.34338
G1 X13.997 Y-2.087 Z61.319 E617.6055
G1 X15.405 Y4.715 Z61.385 E620.8722
G1 X15.795 Y6.709 Z61.404 E621.82771
G1 X15.963 Y7.72 Z61.413 E622.30969
G1 X16.102 Y8.773 Z61.423 E622.80919
G1 X16.155 Y9.502 Z61.43 E623.15294
G1 X16.134 Y10.332 Z61.438 E623.5434
G1 X15.997 Y10.948 Z61.444 E623.84017
G1 X15.82 Y11.298 Z61.447 E624.02462
G1 X15.532 Y11.613 Z61.451 E624.22534
G1 X14.931 Y11.986 Z61.458 E624.558
G1 X14.073 Y12.326 Z61.467 E624.99203
G1 X13.227 Y12.574 Z61.475 E625.40663
G1 X11.794 Y12.919 Z61.489 E626.09981
G1 X10.624 Y13.172 Z61.5 E626.66275
;TIME_ELAPSED:360.564490
;LAYER:61
;note -- min layer time used
;TYPE:WALL-OUTER
;MESH:twised-square.stl
G1 F1274.1 X5.61 Y14.195 Z61.548 E629.06934
G1 X3.597 Y14.607 Z61.568 E630.03565
G1 X-.956 Y15.519 Z61.611 E632.21939
G1 X-2.961 Y15.916 Z61.631 E633.18062
G1 X-4.663 Y16.225 Z61.647 E633.99413
G1 X-6.566 Y16.437 Z61.665 E634.89461
G1 X-7.216 Y16.412 Z61.671 E635.20053
G1 X-8.074 Y16.175 Z61.679 E635.61914
G1 X-8.429 Y15.892 Z61.684 E635.83265
G1 X-8.694 Y15.568 Z61.688 E636.0295
G1 X-8.984 Y14.997 Z61.694 E636.33068
G1 X-9.282 Y14.258 Z61.701 E636.70541
G1 X-9.491 Y13.579 Z61.708 E637.03952
G1 X-9.754 Y12.572 Z61.718 E637.52898
G1 X-10.107 Y11.013 Z61.733 E638.28072
G1 X-10.39 Y9.635 Z61.746 E638.94229
G1 X-11.404 Y4.565 Z61.795 E641.37386
G1 X-11.858 Y2.31 Z61.816 E642.45563
G1 X-12.848 Y-2.76 Z61.865 E644.885
G1 X-13.291 Y-4.994 Z61.886 E645.95607
G1 X-13.542 Y-6.356 Z61.899 E646.60739
G1 X-13.858 Y-8.312 Z61.918 E647.53919
G1 X-13.951 Y-9.405 Z61.928 E648.05507
G1 X-13.963 Y-10.048 Z61.934 E648.35751
G1 X-13.87 Y-10.787 Z61.941 E648.7078
G1 X-13.776 Y-11.104 Z61.945 E648.8633
G1 X-13.533 Y-11.508 Z61.949 E649.08501
G1 X-13.2 Y-11.812 Z61.953 E649.29706
G1 X-12.957 Y-11.966 Z61.956 E649.43236
G1 X-12.339 Y-12.249 Z61.962 E649.75201
G1 X-11.344 Y-12.575 Z61.972 E650.24442
G1 X-9.984 Y-12.907 Z61.985 E650.90279
G1 X-8.27 Y-13.257 Z62.002 E651.7255
G1 X-3.693 Y-14.131 Z62.046 E653.91688
G1 X-1.679 Y-14.53 Z62.065 E654.88244
G1 X2.887 Y-15.382 Z62.109 E657.06683
G1 X4.914 Y-15.773 Z62.128 E658.03767
G1 X6.587 Y-16.067 Z62.144 E658.83651
G1 X8.462 Y-16.287 Z62.162 E659.72434
G1 X9.105 Y-16.297 Z62.168 E660.02677
G1 X9.946 Y-16.169 Z62.176 E660.42684
G1 X10.395 Y-15.941 Z62.181 E660.66366
G1 X10.714 Y-15.636 Z62.185 E660.87122
G1 X11.059 Y-15.081 Z62.191 E661.17854
G1 X11.369 Y-14.337 Z62.199 E661.55759
G1 X11.717 Y-13.152 Z62.21 E662.13841
G1 X12.058 Y-11.688 Z62.225 E662.84534
G1 X12.452 Y-9.683 Z62.244 E663.8063
G1 X13.39 Y-4.583 Z62.293 E666.24498
G1 X13.822 Y-2.344 Z62.314 E667.31737
G1 X14.738 Y2.763 Z62.363 E669.75744
G1 X15.163 Y4.999 Z62.384 E670.82782
G1 X15.506 Y6.988 Z62.403 E671.77702
G1 X15.714 Y8.532 Z62.418 E672.5097
G1 X15.786 Y9.408 Z62.426 E672.92306
G1 X15.783 Y10.348 Z62.435 E673.36513
G1 X15.651 Y11.083 Z62.442 E673.71632
G1 X15.456 Y11.494 Z62.447 E673.93026
G1 X15.215 Y11.766 Z62.45 E674.10116
G1 X14.866 Y12.023 Z62.454 E674.30499
G1 X14.269 Y12.309 Z62.46 E674.61631
G1 X13.263 Y12.635 Z62.47 E675.11363
G1 X11.901 Y12.961 Z62.483 E675.77225
G1 X10.18 Y13.29 Z62.5 E676.59627
;TIME_ELAPSED:365.569420
;LAYER:62
;note -- min layer time used
;TYPE:WALL-OUTER
;MESH:twised-square.stl
G1 F1267.9 X7.7 Y13.729 Z62.524 E677.78071
G1 X3.172 Y14.555 Z62.567 E679.9453
G1 X1.116 Y14.911 Z62.587 E680.9266
G1 X-3.437 Y15.72 Z62.631 E683.10134
G1 X-5.735 Y16.052 Z62.653 E684.19328
G1 X-7.398 Y16.139 Z62.669 E684.97643
G1 X-8.357 Y15.949 Z62.678 E685.4362
G1 X-8.796 Y15.662 Z62.683 E685.68286
G1 X-9.016 Y15.391 Z62.686 E685.84702
G1 X-9.254 Y15.028 Z62.69 E686.05115
G1 X-9.513 Y14.443 Z62.696 E686.35202
G1 X-9.779 Y13.66 Z62.704 E686.74093
G1 X-10.112 Y12.273 Z62.718 E687.41175
G1 X-10.437 Y10.67 Z62.733 E688.18095
G1 X-10.68 Y9.348 Z62.746 E688.81309
G1 X-11.072 Y7.072 Z62.768 E689.89922
G1 X-11.973 Y2.043 Z62.816 E692.30194
G1 X-12.353 Y-.234 Z62.838 E693.38758
G1 X-13.236 Y-5.293 Z62.887 E695.80273
G1 X-13.531 Y-7.158 Z62.904 E696.69071
G1 X-13.682 Y-8.235 Z62.915 E697.20216
G1 X-13.776 Y-9.281 Z62.925 E697.69606
G1 X-13.798 Y-10.031 Z62.932 E698.04893
G1 X-13.69 Y-11.02 Z62.941 E698.5168
G1 X-13.577 Y-11.339 Z62.944 E698.67596
G1 X-13.344 Y-11.719 Z62.949 E698.88559
G1 X-13.087 Y-11.969 Z62.952 E699.0542
G1 X-12.702 Y-12.202 Z62.956 E699.26584
G1 X-11.857 Y-12.542 Z62.965 E699.69419
G1 X-10.913 Y-12.808 Z62.974 E700.15543
G1 X-9.245 Y-13.15 Z62.99 E700.95618
G1 X-8.044 Y-13.365 Z63.002 E701.52997
G1 X-5.985 Y-13.701 Z63.022 E702.5111
G1 X-1.451 Y-14.481 Z63.065 E704.67469
G1 X0.609 Y-14.809 Z63.085 E705.65568
G1 X5.171 Y-15.575 Z63.129 E707.83116
G1 X7.457 Y-15.91 Z63.15 E708.91771
G1 X9.078 Y-16.016 Z63.166 E709.68167
G1 X10.048 Y-15.905 Z63.175 E710.14082
G1 X10.542 Y-15.698 Z63.18 E710.39272
G1 X10.809 Y-15.481 Z63.183 E710.55452
G1 X11.059 Y-15.178 Z63.187 E710.73926
G1 X11.39 Y-14.538 Z63.194 E711.07812
G1 X11.787 Y-13.308 Z63.206 E711.68595
G1 X12.02 Y-12.3 Z63.216 E712.1725
G1 X12.321 Y-10.733 Z63.231 E712.92291
G1 X12.553 Y-9.377 Z63.244 E713.56988
G1 X12.908 Y-7.096 Z63.266 E714.65551
G1 X13.748 Y-2.054 Z63.314 E717.05937
G1 X14.095 Y0.23 Z63.336 E718.14583
G1 X14.915 Y5.281 Z63.385 E720.55234
G1 X15.123 Y6.668 Z63.398 E721.21192
G1 X15.327 Y8.248 Z63.413 E721.96113
G1 X15.417 Y9.284 Z63.423 E722.45018
G1 X15.437 Y10.005 Z63.43 E722.78939
G1 X15.381 Y10.808 Z63.437 E723.16794
G1 X15.252 Y11.347 Z63.442 E723.42859
G1 X15.04 Y11.755 Z63.447 E723.64482
G1 X14.714 Y12.079 Z63.451 E723.86097
G1 X14.109 Y12.413 Z63.458 E724.18598
G1 X13.235 Y12.712 Z63.466 E724.62039
G1 X12.372 Y12.923 Z63.475 E725.0382
G1 X10.961 Y13.194 Z63.488 E725.7139
G1 X9.758 Y13.398 Z63.5 E726.28773
;TIME_ELAPSED:370.574865
;LAYER:63
;note -- min layer time used
;TYPE:WALL-OUTER
;MESH:twised-square.stl
G1 F1262.6 X-3.893 Y15.513 Z63.631 E732.78419
G1 X-5.579 Y15.752 Z63.647 E733.58502
G1 X-7.496 Y15.863 Z63.666 E734.48807
G1 X-8.421 Y15.765 Z63.675 E734.92552
G1 X-8.992 Y15.531 Z63.68 E735.21572
G1 X-9.329 Y15.235 Z63.685 E735.42666
G1 X-9.559 Y14.914 Z63.688 E735.61237
G1 X-9.839 Y14.349 Z63.694 E735.90892
G1 X-10.217 Y13.136 Z63.707 E736.50644
G1 X-10.532 Y11.638 Z63.721 E737.22633
G1 X-10.975 Y9.002 Z63.746 E738.48339
G1 X-12.013 Y2.242 Z63.811 E741.69977
G1 X-12.093 Y1.709 Z63.817 E741.95325
G1 X-13.101 Y-5.049 Z63.882 E745.16659
G1 X-13.177 Y-5.553 Z63.886 E745.40629
G1 X-13.371 Y-6.933 Z63.9 E746.06167
G1 X-13.55 Y-8.499 Z63.915 E746.80293
G1 X-13.623 Y-9.546 Z63.925 E747.29652
G1 X-13.577 Y-10.845 Z63.937 E747.9078
G1 X-13.381 Y-11.578 Z63.944 E748.26463
G1 X-13.141 Y-11.951 Z63.948 E748.47322
G1 X-12.877 Y-12.184 Z63.952 E748.63882
G1 X-12.512 Y-12.399 Z63.956 E748.83804
G1 X-11.906 Y-12.656 Z63.962 E749.1476
G1 X-10.897 Y-12.934 Z63.972 E749.6398
G1 X-9.568 Y-13.189 Z63.985 E750.27621
G1 X-7.801 Y-13.468 Z64.002 E751.1175
G1 X5.421 Y-15.371 Z64.129 E757.39968
G1 X7.108 Y-15.591 Z64.145 E758.19977
G1 X8.978 Y-15.723 Z64.163 E759.08139
G1 X9.902 Y-15.676 Z64.172 E759.5165
G1 X10.579 Y-15.493 Z64.178 E759.8463
G1 X11.037 Y-15.182 Z64.183 E760.10666
G1 X11.291 Y-14.85 Z64.187 E760.30325
G1 X11.6 Y-14.221 Z64.194 E760.63282
G1 X11.888 Y-13.339 Z64.203 E761.06917
G1 X12.076 Y-12.524 Z64.211 E761.46252
G1 X12.358 Y-11.001 Z64.226 E762.19094
G1 X12.649 Y-9.046 Z64.244 E763.12047
G1 X14.661 Y5.558 Z64.385 E770.05339
G1 X14.91 Y7.529 Z64.403 E770.98769
G1 X15.067 Y9.34 Z64.421 E771.84257
G1 X15.071 Y10.448 Z64.431 E772.36365
G1 X14.919 Y11.399 Z64.44 E772.81657
G1 X14.742 Y11.823 Z64.445 E773.03265
G1 X14.497 Y12.138 Z64.449 E773.22032
G1 X14.064 Y12.443 Z64.454 E773.4694
G1 X13.435 Y12.711 Z64.46 E773.79094
G1 X12.413 Y12.99 Z64.47 E774.28916
G1 X11.084 Y13.244 Z64.483 E774.92548
G1 X9.311 Y13.501 Z64.5 E775.76801
;TIME_ELAPSED:375.579752
;LAYER:64
;note -- min layer time used
;TYPE:WALL-OUTER
;MESH:twised-square.stl
G1 F1256.7 X5.259 Y14.043 Z64.539 E777.69058
G1 X2.273 Y14.44 Z64.568 E779.10721
G1 X-1.35 Y14.914 Z64.603 E780.82557
G1 X-4.363 Y15.302 Z64.632 E782.25424
G1 X-5.574 Y15.447 Z64.643 E782.82782
G1 X-7.019 Y15.55 Z64.657 E783.50911
G1 X-7.937 Y15.565 Z64.666 E783.94089
G1 X-8.613 Y15.504 Z64.672 E784.26009
G1 X-9.43 Y15.217 Z64.681 E784.66734
G1 X-9.746 Y14.941 Z64.685 E784.86465
G1 X-9.953 Y14.639 Z64.688 E785.03684
G1 X-10.247 Y13.991 Z64.695 E785.37148
G1 X-10.564 Y12.983 Z64.705 E785.86842
G1 X-10.735 Y12.163 Z64.713 E786.26235
G1 X-10.99 Y10.628 Z64.728 E786.99413
G1 X-11.262 Y8.71 Z64.746 E787.90516
G1 X-11.772 Y4.732 Z64.785 E789.79127
G1 X-12.208 Y1.445 Z64.816 E791.35063
G1 X-12.7 Y-2.536 Z64.855 E793.23709
G1 X-13.124 Y-5.85 Z64.887 E794.80832
G1 X-13.334 Y-7.721 Z64.905 E795.69375
G1 X-13.426 Y-8.769 Z64.915 E796.1885
G1 X-13.469 Y-9.805 Z64.925 E796.67614
G1 X-13.454 Y-10.52 Z64.931 E797.01246
G1 X-13.354 Y-11.299 Z64.939 E797.38182
G1 X-13.177 Y-11.828 Z64.944 E797.64416
G1 X-12.943 Y-12.17 Z64.948 E797.83904
G1 X-12.477 Y-12.524 Z64.954 E798.11426
G1 X-11.929 Y-12.767 Z64.959 E798.39617
G1 X-11.417 Y-12.917 Z64.965 E798.64708
G1 X-10.492 Y-13.133 Z64.974 E799.0938
G1 X-8.775 Y-13.405 Z64.99 E799.91135
G1 X-7.584 Y-13.563 Z65.002 E800.47637
G1 X-3.955 Y-13.996 Z65.037 E802.19514
G1 X-.967 Y-14.373 Z65.065 E803.61149
G1 X2.665 Y-14.793 Z65.1 E805.33095
G1 X5.679 Y-15.163 Z65.129 E806.75903
G1 X6.892 Y-15.294 Z65.141 E807.3328
G1 X8.327 Y-15.403 Z65.155 E808.00961
G1 X9.229 Y-15.432 Z65.163 E808.43402
G1 X9.894 Y-15.401 Z65.17 E808.7471
G1 X10.687 Y-15.223 Z65.177 E809.12932
G1 X11.052 Y-15.031 Z65.181 E809.32327
G1 X11.31 Y-14.805 Z65.185 E809.48458
G1 X11.58 Y-14.409 Z65.189 E809.70998
G1 X11.898 Y-13.636 Z65.197 E810.10307
G1 X12.242 Y-12.2 Z65.211 E810.7975
G1 X12.494 Y-10.645 Z65.226 E811.53834
G1 X12.734 Y-8.733 Z65.245 E812.44458
G1 X13.181 Y-4.746 Z65.283 E814.33135
G1 X13.582 Y-1.455 Z65.315 E815.89051
G1 X14.012 Y2.534 Z65.353 E817.77735
G1 X14.404 Y5.853 Z65.385 E819.34907
G1 X14.598 Y7.734 Z65.403 E820.23837
G1 X14.672 Y8.752 Z65.413 E820.71839
G1 X14.723 Y10.024 Z65.425 E821.31707
G1 X14.679 Y10.801 Z65.432 E821.68307
G1 X14.563 Y11.49 Z65.439 E822.01165
G1 X14.408 Y11.918 Z65.443 E822.22573
G1 X14.227 Y12.199 Z65.446 E822.38292
G1 X13.794 Y12.57 Z65.452 E822.65108
G1 X13.242 Y12.824 Z65.458 E822.93684
G1 X11.994 Y13.154 Z65.47 E823.54393
G1 X10.642 Y13.381 Z65.483 E824.18865
G1 X8.886 Y13.594 Z65.5 E825.02053
;TIME_ELAPSED:380.584616
;LAYER:65
;note -- min layer time used
;TYPE:WALL-OUTER
;MESH:twised-square.stl
G1 F1251.8 X7.352 Y13.755 Z65.515 E825.74591
G1 X1.822 Y14.374 Z65.568 E828.36283
G1 X0.732 Y14.484 Z65.579 E828.87805
G1 X-4.812 Y15.083 Z65.632 E831.50048
G1 X-6.021 Y15.191 Z65.644 E832.07132
G1 X-7.757 Y15.286 Z65.66 E832.88896
G1 X-8.772 Y15.232 Z65.67 E833.36697
G1 X-9.316 Y15.138 Z65.675 E833.6266
G1 X-9.957 Y14.82 Z65.682 E833.96311
G1 X-10.206 Y14.554 Z65.686 E834.13446
G1 X-10.41 Y14.246 Z65.689 E834.3082
G1 X-10.601 Y13.835 Z65.694 E834.52134
G1 X-10.88 Y12.961 Z65.702 E834.9528
G1 X-11.026 Y12.275 Z65.709 E835.28265
G1 X-11.189 Y11.27 Z65.719 E835.76146
G1 X-11.397 Y9.706 Z65.734 E836.50346
G1 X-11.546 Y8.398 Z65.747 E837.12257
G1 X-11.666 Y7.197 Z65.758 E837.6902
G1 X-12.324 Y1.135 Z65.817 E840.55782
G1 X-12.437 Y-0.044 Z65.828 E841.11482
G1 X-13.069 Y-6.111 Z65.887 E843.98349
G1 X-13.24 Y-7.972 Z65.904 E844.86237
G1 X-13.302 Y-9.021 Z65.915 E845.35656
G1 X-13.328 Y-10.035 Z65.924 E845.83359
G1 X-13.261 Y-11.081 Z65.934 E846.32651
G1 X-13.178 Y-11.522 Z65.939 E846.53755
G1 X-12.985 Y-12.052 Z65.944 E846.80282
G1 X-12.74 Y-12.376 Z65.948 E846.99385
G1 X-12.459 Y-12.621 Z65.951 E847.16917
G1 X-11.937 Y-12.881 Z65.957 E847.44343
G1 X-10.87 Y-13.176 Z65.968 E847.96405
G1 X-9.995 Y-13.331 Z65.976 E848.38195
G1 X-8.59 Y-13.516 Z65.99 E849.04841
G1 X-7.354 Y-13.652 Z66.002 E849.63319
G1 X-6.269 Y-13.75 Z66.012 E850.14553
G1 X-.744 Y-14.309 Z66.065 E852.75712
G1 X0.359 Y-14.406 Z66.076 E853.27785
G1 X5.909 Y-14.945 Z66.129 E855.90021
G1 X7.115 Y-15.046 Z66.141 E856.46936
G1 X8.846 Y-15.143 Z66.158 E857.28471
G1 X9.821 Y-15.121 Z66.167 E857.74335
G1 X10.372 Y-15.049 Z66.172 E858.00468
G1 X11.053 Y-14.84 Z66.179 E858.33969
G1 X11.387 Y-14.614 Z66.183 E858.52934
G1 X11.72 Y-14.191 Z66.188 E858.78252
G1 X11.949 Y-13.719 Z66.193 E859.02924
G1 X12.13 Y-13.162 Z66.199 E859.30467
G1 X12.365 Y-12.111 Z66.209 E859.81115
G1 X12.574 Y-10.643 Z66.223 E860.50849
G1 X12.809 Y-8.417 Z66.245 E861.56116
G1 X12.91 Y-7.214 Z66.256 E862.1289
G1 X13.487 Y-1.165 Z66.315 E864.98658
G1 X13.584 Y0.039 Z66.326 E865.55463
G1 X14.137 Y6.098 Z66.385 E868.41594
G1 X14.287 Y7.958 Z66.402 E869.29351
G1 X14.34 Y9.025 Z66.413 E869.79592
G1 X14.363 Y10.47 Z66.427 E870.47557
G1 X14.261 Y11.313 Z66.435 E870.87491
G1 X14.064 Y12.024 Z66.442 E871.22188
G1 X13.84 Y12.394 Z66.446 E871.42529
G1 X13.559 Y12.656 Z66.45 E871.60598
G1 X13.036 Y12.935 Z66.455 E871.88474
G1 X11.967 Y13.237 Z66.466 E872.40715
G1 X11.086 Y13.39 Z66.474 E872.82767
G1 X9.677 Y13.56 Z66.488 E873.49511
G1 X8.44 Y13.684 Z66.5 E874.07977
;TIME_ELAPSED:385.590000
;LAYER:66
;note -- min layer time used
;TYPE:WALL-OUTER
;MESH:twised-square.stl
G1 F1246.9 X2.805 Y14.177 Z66.554 E876.73995
G1 X1.352 Y14.3 Z66.568 E877.42572
G1 X-3.826 Y14.737 Z66.618 E879.86952
G1 X-5.257 Y14.856 Z66.632 E880.54482
G1 X-6.507 Y14.938 Z66.644 E881.13394
G1 X-8.223 Y14.993 Z66.661 E881.94137
G1 X-9.186 Y14.932 Z66.67 E882.39516
G1 X-10.018 Y14.717 Z66.678 E882.79929
G1 X-10.32 Y14.548 Z66.682 E882.96205
G1 X-10.636 Y14.233 Z66.686 E883.17188
G1 X-10.845 Y13.917 Z66.69 E883.35005
G1 X-11.005 Y13.502 Z66.694 E883.55922
G1 X-11.206 Y12.888 Z66.7 E883.86306
G1 X-11.337 Y12.303 Z66.706 E884.14499
G1 X-11.503 Y11.27 Z66.716 E884.63703
G1 X-11.712 Y9.376 Z66.734 E885.53315
G1 X-11.83 Y8.047 Z66.747 E886.16062
G1 X-12.303 Y2.406 Z66.802 E888.82282
G1 X-12.438 Y0.849 Z66.817 E889.5578
G1 X-12.885 Y-4.809 Z66.871 E892.22696
G1 X-13.017 Y-6.39 Z66.887 E892.97307
G1 X-13.11 Y-7.699 Z66.899 E893.59023
G1 X-13.182 Y-9.292 Z66.915 E894.34016
G1 X-13.138 Y-11.008 Z66.931 E895.14743
G1 X-12.943 Y-11.954 Z66.94 E895.60168
G1 X-12.69 Y-12.438 Z66.946 E895.85852
G1 X-12.438 Y-12.697 Z66.949 E896.02846
G1 X-11.883 Y-13.007 Z66.955 E896.32743
G1 X-11.019 Y-13.264 Z66.964 E896.75135
G1 X-9.769 Y-13.475 Z66.976 E897.34752
G1 X-8.363 Y-13.628 Z66.99 E898.01265
G1 X-7.126 Y-13.734 Z67.002 E898.59652
G1 X-1.938 Y-14.123 Z67.052 E901.04322
G1 X-.487 Y-14.241 Z67.066 E901.72785
G1 X4.698 Y-14.611 Z67.116 E904.17248
G1 X6.133 Y-14.723 Z67.13 E904.8494
G1 X7.378 Y-14.797 Z67.142 E905.43594
G1 X9.081 Y-14.858 Z67.158 E906.23734
G1 X10.036 Y-14.81 Z67.167 E906.68703
G1 X10.839 Y-14.673 Z67.175 E907.07013
G1 X11.162 Y-14.561 Z67.178 E907.2309
G1 X11.582 Y-14.291 Z67.183 E907.46572
G1 X11.849 Y-13.978 Z67.187 E907.6592
G1 X12.074 Y-13.552 Z67.192 E907.88577
G1 X12.205 Y-13.203 Z67.195 E908.06108
G1 X12.416 Y-12.336 Z67.204 E908.48072
G1 X12.55 Y-11.511 Z67.212 E908.87379
G1 X12.722 Y-10.012 Z67.227 E909.58338
G1 X12.878 Y-8.077 Z67.245 E910.49633
G1 X13.266 Y-2.415 Z67.3 E913.16533
G1 X13.389 Y-.834 Z67.315 E913.9111
G1 X13.752 Y4.809 Z67.37 E916.57041
G1 X13.87 Y6.391 Z67.385 E917.31647
G1 X13.945 Y7.702 Z67.397 E917.93402
G1 X14.004 Y9.293 Z67.413 E918.68276
G1 X13.998 Y10.281 Z67.422 E919.14741
G1 X13.912 Y11.308 Z67.432 E919.63208
G1 X13.717 Y12.105 Z67.44 E920.01795
G1 X13.473 Y12.552 Z67.445 E920.25745
G1 X13.189 Y12.823 Z67.449 E920.44206
G1 X12.782 Y13.049 Z67.453 E920.661
G1 X12.143 Y13.267 Z67.46 E920.97852
G1 X10.652 Y13.532 Z67.474 E921.6907
G1 X9.23 Y13.672 Z67.488 E922.36268
G1 X7.99 Y13.766 Z67.5 E922.94751
;TIME_ELAPSED:390.594827
;LAYER:67
;note -- min layer time used
;TYPE:WALL-OUTER
;MESH:twised-square.stl
G1 F1241.9 X4.903 Y13.959 Z67.53 E924.40212
G1 X0.936 Y14.222 Z67.568 E926.27184
G1 X-1.732 Y14.378 Z67.594 E927.5287
G1 X-5.699 Y14.625 Z67.633 E929.39794
G1 X-7.418 Y14.694 Z67.649 E930.20701
G1 X-9.317 Y14.648 Z67.668 E931.10035
G1 X-10.226 Y14.479 Z67.676 E931.53516
G1 X-10.608 Y14.302 Z67.681 E931.73316
G1 X-11.011 Y13.964 Z67.686 E931.98052
G1 X-11.225 Y13.635 Z67.689 E932.16509
G1 X-11.417 Y13.174 Z67.694 E932.39995
G1 X-11.598 Y12.546 Z67.701 E932.70731
G1 X-11.776 Y11.569 Z67.71 E933.17434
G1 X-11.889 Y10.595 Z67.72 E933.63548
G1 X-12.022 Y9.074 Z67.734 E934.35351
G1 X-12.114 Y7.72 Z67.747 E934.99174
G1 X-12.279 Y4.857 Z67.775 E936.34041
G1 X-12.555 Y0.539 Z67.817 E938.37525
G1 X-12.707 Y-2.325 Z67.845 E939.72404
G1 X-12.965 Y-6.645 Z67.887 E941.7593
G1 X-13.044 Y-8.506 Z67.905 E942.63529
G1 X-13.054 Y-9.895 Z67.918 E943.28853
G1 X-13.014 Y-10.915 Z67.928 E943.76859
G1 X-12.828 Y-11.981 Z67.938 E944.27749
G1 X-12.612 Y-12.486 Z67.944 E944.5358
G1 X-12.342 Y-12.809 Z67.948 E944.73378
G1 X-11.976 Y-13.064 Z67.952 E944.94356
G1 X-11.73 Y-13.17 Z67.955 E945.06954
G1 X-11.081 Y-13.374 Z67.961 E945.38947
G1 X-10.045 Y-13.551 Z67.971 E945.88375
G1 X-8.714 Y-13.692 Z67.984 E946.5132
G1 X-6.924 Y-13.81 Z68.002 E947.35684
G1 X-4.265 Y-13.939 Z68.027 E948.6088
G1 X-.297 Y-14.165 Z68.066 E950.47792
G1 X2.374 Y-14.284 Z68.091 E951.7353
G1 X6.342 Y-14.494 Z68.13 E953.60401
G1 X8.06 Y-14.556 Z68.147 E954.41249
G1 X9.926 Y-14.525 Z68.165 E955.29016
G1 X10.839 Y-14.399 Z68.173 E955.7236
G1 X11.232 Y-14.28 Z68.177 E955.91671
G1 X11.715 Y-14.012 Z68.183 E956.17648
G1 X11.996 Y-13.712 Z68.187 E956.36979
G1 X12.116 Y-13.522 Z68.189 E956.47547
G1 X12.324 Y-13.026 Z68.194 E956.72842
G1 X12.443 Y-12.613 Z68.198 E956.93055
G1 X12.634 Y-11.605 Z68.208 E957.41303
G1 X12.746 Y-10.615 Z68.218 E957.88158
G1 X12.862 Y-9.089 Z68.233 E958.60131
G1 X12.938 Y-7.755 Z68.245 E959.22969
G1 X13.057 Y-4.867 Z68.273 E960.58902
G1 X13.28 Y-.567 Z68.315 E962.61397
G1 X13.387 Y2.322 Z68.343 E963.97356
G1 X13.594 Y6.626 Z68.385 E966.00001
G1 X13.657 Y8.507 Z68.403 E966.88512
G1 X13.662 Y9.894 Z68.416 E967.5374
G1 X13.604 Y10.915 Z68.426 E968.01834
G1 X13.526 Y11.528 Z68.432 E968.30895
G1 X13.312 Y12.321 Z68.44 E968.69523
G1 X13.075 Y12.736 Z68.445 E968.91998
G1 X12.816 Y12.988 Z68.448 E969.08993
G1 X12.384 Y13.229 Z68.453 E969.32257
G1 X11.735 Y13.432 Z68.459 E969.64236
G1 X10.692 Y13.615 Z68.47 E970.14037
G1 X9.356 Y13.746 Z68.483 E970.77168
G1 X7.561 Y13.841 Z68.5 E971.61702
;TIME_ELAPSED:395.600173
;LAYER:68
;note -- min layer time used
;TYPE:WALL-OUTER
;MESH:twised-square.stl
G1 F1237.4 X-6.182 Y14.388 Z68.633 E978.08528
G1 X-7.398 Y14.422 Z68.645 E978.65737
G1 X-9.123 Y14.388 Z68.662 E979.46878
G1 X-10.094 Y14.282 Z68.671 E979.92813
G1 X-11.058 Y13.954 Z68.681 E980.40701
G1 X-11.434 Y13.604 Z68.686 E980.64859
G1 X-11.647 Y13.281 Z68.69 E980.83055
G1 X-11.831 Y12.797 Z68.695 E981.07407
G1 X-12.037 Y11.908 Z68.704 E981.50323
G1 X-12.136 Y11.251 Z68.71 E981.81569
G1 X-12.233 Y10.263 Z68.72 E982.28257
G1 X-12.333 Y8.712 Z68.735 E983.0135
G1 X-12.392 Y7.404 Z68.748 E983.62926
G1 X-12.913 Y-6.923 Z68.887 E990.3715
G1 X-12.955 Y-8.775 Z68.905 E991.24269
G1 X-12.927 Y-10.447 Z68.921 E992.02912
G1 X-12.811 Y-11.479 Z68.931 E992.51751
G1 X-12.711 Y-12.013 Z68.936 E992.77301
G1 X-12.444 Y-12.666 Z68.943 E993.10479
G1 X-12.3 Y-12.87 Z68.946 E993.22222
G1 X-11.999 Y-13.136 Z68.949 E993.41113
G1 X-11.537 Y-13.352 Z68.954 E993.65097
G1 X-10.888 Y-13.534 Z68.961 E993.96797
G1 X-9.844 Y-13.696 Z68.971 E994.46482
G1 X-8.745 Y-13.791 Z68.982 E994.98359
G1 X-6.721 Y-13.88 Z69.002 E995.93637
G1 X6.592 Y-14.262 Z69.131 E1002.19987
G1 X7.809 Y-14.283 Z69.142 E1002.77229
G1 X9.526 Y-14.258 Z69.159 E1003.57986
G1 X10.484 Y-14.169 Z69.168 E1004.03233
G1 X11.032 Y-14.071 Z69.174 E1004.29414
G1 X11.723 Y-13.798 Z69.181 E1004.64355
G1 X12.065 Y-13.52 Z69.185 E1004.85082
G1 X12.311 Y-13.146 Z69.19 E1005.06134
G1 X12.427 Y-12.881 Z69.192 E1005.19738
G1 X12.612 Y-12.232 Z69.199 E1005.51476
G1 X12.774 Y-11.259 Z69.209 E1005.97865
G1 X12.865 Y-10.279 Z69.218 E1006.44151
G1 X12.946 Y-8.751 Z69.233 E1007.16112
G1 X12.99 Y-7.411 Z69.246 E1007.79164
G1 X13.317 Y6.91 Z69.385 E1014.52836
G1 X13.336 Y8.758 Z69.403 E1015.3975
G1 X13.303 Y10.422 Z69.419 E1016.18021
G1 X13.186 Y11.474 Z69.429 E1016.678
G1 X13.086 Y11.981 Z69.434 E1016.92102
G1 X12.893 Y12.558 Z69.44 E1017.20716
G1 X12.642 Y12.959 Z69.445 E1017.42964
G1 X12.342 Y13.216 Z69.449 E1017.61542
G1 X11.915 Y13.427 Z69.453 E1017.83941
G1 X11.56 Y13.539 Z69.457 E1018.01447
G1 X10.672 Y13.709 Z69.466 E1018.43967
G1 X9.508 Y13.826 Z69.477 E1018.98984
G1 X7.128 Y13.912 Z69.5 E1020.10985
;TIME_ELAPSED:400.604965
;LAYER:69
;note -- min layer time used
;TYPE:WALL-OUTER
;MESH:twised-square.stl
G1 F1233.1 X2.451 Y14.001 Z69.546 E1022.30978
G1 X0.044 Y14.045 Z69.569 E1023.44195
G1 X-4.192 Y14.111 Z69.61 E1025.43432
G1 X-6.595 Y14.146 Z69.634 E1026.56454
G1 X-7.843 Y14.145 Z69.646 E1027.15146
G1 X-9.276 Y14.107 Z69.66 E1027.82561
G1 X-10.209 Y14.004 Z69.669 E1028.26706
G1 X-11.294 Y13.699 Z69.68 E1028.79709
G1 X-11.793 Y13.337 Z69.686 E1029.08702
G1 X-12.006 Y13.008 Z69.69 E1029.27134
G1 X-12.168 Y12.62 Z69.694 E1029.46907
G1 X-12.333 Y12.05 Z69.699 E1029.74814
G1 X-12.418 Y11.582 Z69.704 E1029.97183
G1 X-12.542 Y10.444 Z69.715 E1030.51019
G1 X-12.621 Y8.957 Z69.73 E1031.21049
G1 X-12.67 Y7.079 Z69.748 E1032.09399
G1 X-12.735 Y2.543 Z69.792 E1034.22742
G1 X-12.779 Y-0.03 Z69.817 E1035.43765
G1 X-12.827 Y-4.568 Z69.861 E1037.57192
G1 X-12.862 Y-7.14 Z69.886 E1038.78161
G1 X-12.863 Y-8.971 Z69.904 E1039.64271
G1 X-12.805 Y-10.642 Z69.92 E1040.42903
G1 X-12.608 Y-12.022 Z69.934 E1041.0846
G1 X-12.33 Y-12.767 Z69.942 E1041.45857
G1 X-12.187 Y-12.978 Z69.944 E1041.57844
G1 X-11.893 Y-13.261 Z69.948 E1041.77035
G1 X-11.497 Y-13.476 Z69.953 E1041.98226
G1 X-10.916 Y-13.655 Z69.959 E1042.26817
G1 X-9.665 Y-13.831 Z69.971 E1042.86229
G1 X-8.304 Y-13.908 Z69.984 E1043.50338
G1 X-6.517 Y-13.946 Z70.001 E1044.34397
G1 X-2.282 Y-13.969 Z70.043 E1046.33566
G1 X0.124 Y-13.997 Z70.066 E1047.46724
G1 X4.361 Y-14.004 Z70.107 E1049.45985
G1 X6.765 Y-14.023 Z70.131 E1050.59045
G1 X8.009 Y-14.015 Z70.143 E1051.1755
G1 X9.424 Y-13.974 Z70.157 E1051.84124
G1 X10.34 Y-13.894 Z70.166 E1052.27366
G1 X11.432 Y-13.667 Z70.176 E1052.79819
G1 X11.999 Y-13.388 Z70.183 E1053.09538
G1 X12.269 Y-13.139 Z70.186 E1053.26811
G1 X12.486 Y-12.788 Z70.19 E1053.46217
G1 X12.711 Y-12.134 Z70.197 E1053.78744
G1 X12.867 Y-11.27 Z70.205 E1054.20033
G1 X12.941 Y-10.485 Z70.213 E1054.57114
G1 X13.012 Y-8.971 Z70.228 E1055.28394
G1 X13.035 Y-7.083 Z70.246 E1056.17191
G1 X13.027 Y-2.544 Z70.29 E1058.30654
G1 X13.047 Y0.028 Z70.315 E1059.51615
G1 X13.022 Y4.568 Z70.36 E1061.65128
G1 X13.033 Y7.143 Z70.385 E1062.86228
G1 X13.011 Y9.063 Z70.403 E1063.76529
G1 X12.937 Y10.538 Z70.418 E1064.45984
G1 X12.796 Y11.708 Z70.429 E1065.01405
G1 X12.69 Y12.191 Z70.434 E1065.2466
G1 X12.485 Y12.759 Z70.44 E1065.53059
G1 X12.227 Y13.153 Z70.444 E1065.75207
G1 X11.898 Y13.42 Z70.449 E1065.95134
G1 X11.346 Y13.649 Z70.454 E1066.23239
G1 X10.571 Y13.812 Z70.462 E1066.60484
G1 X9.838 Y13.893 Z70.469 E1066.95166
G1 X8.473 Y13.962 Z70.483 E1067.59442
G1 X6.685 Y13.976 Z70.5 E1068.43531
;TIME_ELAPSED:405.610278
;LAYER:70
;note -- min layer time used
;TYPE:WALL-OUTER
;MESH:twised-square.stl
G1 F1229 X4.569 Y13.961 Z70.521 E1069.43047
G1 X-.399 Y13.95 Z70.569 E1071.76685
G1 X-2.076 Y13.929 Z70.586 E1072.55559
G1 X-7.044 Y13.898 Z70.634 E1074.89201
G1 X-8.746 Y13.851 Z70.651 E1075.69275
G1 X-10.02 Y13.765 Z70.663 E1076.29325
G1 X-10.96 Y13.605 Z70.672 E1076.74168
G1 X-11.882 Y13.26 Z70.682 E1077.20465
G1 X-12.311 Y12.825 Z70.688 E1077.49197
G1 X-12.466 Y12.546 Z70.691 E1077.64207
G1 X-12.631 Y12.096 Z70.696 E1077.86748
G1 X-12.787 Y11.226 Z70.704 E1078.28315
G1 X-12.912 Y9.563 Z70.721 E1079.06745
G1 X-12.941 Y8.061 Z70.735 E1079.77394
G1 X-12.942 Y6.729 Z70.748 E1080.40037
G1 X-12.92 Y4.954 Z70.766 E1081.23519
G1 X-12.894 Y-.314 Z70.817 E1083.71269
G1 X-12.862 Y-2.116 Z70.835 E1084.56028
G1 X-12.812 Y-7.41 Z70.886 E1087.05008
G1 X-12.767 Y-9.314 Z70.905 E1087.94576
G1 X-12.682 Y-10.769 Z70.919 E1088.63119
G1 X-12.522 Y-11.933 Z70.931 E1089.18375
G1 X-12.249 Y-12.788 Z70.94 E1089.60585
G1 X-11.996 Y-13.188 Z70.944 E1089.82843
G1 X-11.713 Y-13.443 Z70.948 E1090.00758
G1 X-11.291 Y-13.654 Z70.953 E1090.22947
G1 X-10.504 Y-13.845 Z70.96 E1090.61033
G1 X-9.682 Y-13.955 Z70.969 E1091.00035
G1 X-8.112 Y-14.013 Z70.984 E1091.7392
G1 X-6.308 Y-14.005 Z71.001 E1092.58761
G1 X-4.64 Y-13.969 Z71.018 E1093.37223
G1 X0.326 Y-13.906 Z71.066 E1095.70786
G1 X2.002 Y-13.864 Z71.083 E1096.49631
G1 X6.971 Y-13.78 Z71.131 E1098.83349
G1 X8.176 Y-13.744 Z71.143 E1099.40044
G1 X9.909 Y-13.646 Z71.16 E1100.21675
G1 X10.873 Y-13.508 Z71.169 E1100.67473
G1 X11.808 Y-13.248 Z71.179 E1101.13113
G1 X12.287 Y-12.941 Z71.184 E1101.39869
G1 X12.527 Y-12.654 Z71.188 E1101.57464
G1 X12.717 Y-12.266 Z71.192 E1101.77781
G1 X12.913 Y-11.516 Z71.2 E1102.14237
G1 X12.992 Y-10.947 Z71.205 E1102.41253
G1 X13.074 Y-9.566 Z71.219 E1103.06314
G1 X13.085 Y-8.062 Z71.234 E1103.77047
G1 X13.07 Y-6.727 Z71.247 E1104.39835
G1 X13.019 Y-4.953 Z71.264 E1105.23298
G1 X12.923 Y0.338 Z71.316 E1107.72167
G1 X12.865 Y2.117 Z71.333 E1108.55875
G1 X12.747 Y7.41 Z71.385 E1111.0486
G1 X12.683 Y9.234 Z71.403 E1111.90693
G1 X12.574 Y10.882 Z71.419 E1112.68366
G1 X12.408 Y11.917 Z71.429 E1113.17662
G1 X12.151 Y12.799 Z71.438 E1113.60866
G1 X11.875 Y13.266 Z71.443 E1113.86378
G1 X11.576 Y13.538 Z71.447 E1114.05387
G1 X10.875 Y13.827 Z71.455 E1114.41046
G1 X9.624 Y14.018 Z71.467 E1115.00561
G1 X8.04 Y14.063 Z71.482 E1115.75084
G1 X6.237 Y14.035 Z71.5 E1116.59887
;TIME_ELAPSED:410.615575
;LAYER:71
;note -- min layer time used
;TYPE:WALL-OUTER
;MESH:twised-square.stl
G1 F1225 X0.013 Y13.871 Z71.561 E1119.52695
G1 X-.843 Y13.845 Z71.569 E1119.9297
G1 X-6.628 Y13.673 Z71.626 E1122.65151
G1 X-7.46 Y13.646 Z71.634 E1123.04299
G1 X-9.277 Y13.558 Z71.652 E1123.8985
G1 X-10.852 Y13.389 Z71.668 E1124.64346
G1 X-11.689 Y13.185 Z71.676 E1125.04861
G1 X-12.143 Y12.982 Z71.681 E1125.28249
G1 X-12.632 Y12.605 Z71.687 E1125.57287
G1 X-12.827 Y12.272 Z71.691 E1125.75435
G1 X-13.014 Y11.698 Z71.697 E1126.03826
G1 X-13.153 Y10.869 Z71.705 E1126.43357
G1 X-13.246 Y9.225 Z71.721 E1127.20796
G1 X-13.242 Y7.72 Z71.736 E1127.91574
G1 X-13.211 Y6.409 Z71.749 E1128.53246
G1 X-13.028 Y0.268 Z71.809 E1131.42177
G1 X-13.002 Y-.622 Z71.817 E1131.8405
G1 X-12.79 Y-6.761 Z71.878 E1134.72932
G1 X-12.764 Y-7.644 Z71.886 E1135.14476
G1 X-12.643 Y-10.026 Z71.91 E1136.26643
G1 X-12.457 Y-11.646 Z71.926 E1137.03329
G1 X-12.145 Y-12.838 Z71.938 E1137.61276
G1 X-11.838 Y-13.358 Z71.944 E1137.89675
G1 X-11.554 Y-13.608 Z71.947 E1138.07468
G1 X-11.215 Y-13.786 Z71.951 E1138.25475
G1 X-10.562 Y-13.967 Z71.958 E1138.57343
G1 X-9.278 Y-14.09 Z71.97 E1139.18004
G1 X-7.93 Y-14.11 Z71.984 E1139.81406
G1 X-6.114 Y-14.06 Z72.001 E1140.66842
G1 X-.332 Y-13.836 Z72.058 E1143.38966
G1 X0.524 Y-13.809 Z72.066 E1143.79242
G1 X6.309 Y-13.562 Z72.123 E1146.51551
G1 X7.141 Y-13.533 Z72.131 E1146.90702
G1 X8.947 Y-13.434 Z72.149 E1147.75764
G1 X10.521 Y-13.276 Z72.165 E1148.50159
G1 X11.797 Y-12.969 Z72.177 E1149.1188
G1 X12.285 Y-12.717 Z72.183 E1149.37709
G1 X12.593 Y-12.427 Z72.187 E1149.57604
G1 X12.869 Y-11.899 Z72.193 E1149.85623
G1 X13.052 Y-11.144 Z72.2 E1150.22158
G1 X13.16 Y-9.754 Z72.214 E1150.87725
G1 X13.161 Y-8.301 Z72.228 E1151.56057
G1 X13.099 Y-6.402 Z72.247 E1152.45412
G1 X12.824 Y-.268 Z72.307 E1155.34176
G1 X12.792 Y0.625 Z72.316 E1155.762
G1 X12.491 Y6.762 Z72.376 E1158.65161
G1 X12.456 Y7.645 Z72.385 E1159.0672
G1 X12.383 Y8.943 Z72.397 E1159.6786
G1 X12.262 Y10.498 Z72.413 E1160.41211
G1 X12.018 Y12.126 Z72.429 E1161.18628
G1 X11.882 Y12.632 Z72.434 E1161.43269
G1 X11.595 Y13.266 Z72.441 E1161.75998
G1 X11.315 Y13.595 Z72.445 E1161.96315
G1 X10.935 Y13.831 Z72.449 E1162.17352
G1 X10.261 Y14.026 Z72.456 E1162.50349
G1 X8.965 Y14.151 Z72.469 E1163.11582
G1 X7.614 Y14.159 Z72.482 E1163.75118
G1 X5.797 Y14.09 Z72.5 E1164.60631
;TIME_ELAPSED:415.620856
;LAYER:72
;note -- min layer time used
;TYPE:WALL-OUTER
;MESH:twised-square.stl
G1 F1221.4 X2.123 Y13.906 Z72.536 E1166.33631
G1 X-1.275 Y13.742 Z72.57 E1167.9362
G1 X-4.516 Y13.566 Z72.601 E1169.46264
G1 X-7.913 Y13.387 Z72.635 E1171.06243
G1 X-9.627 Y13.265 Z72.652 E1171.87054
G1 X-11.487 Y13.009 Z72.67 E1172.75352
G1 X-12.118 Y12.836 Z72.677 E1173.06122
G1 X-12.751 Y12.508 Z72.684 E1173.3965
G1 X-13.077 Y12.146 Z72.688 E1173.6256
G1 X-13.257 Y11.828 Z72.692 E1173.79745
G1 X-13.365 Y11.481 Z72.696 E1173.96836
G1 X-13.503 Y10.774 Z72.703 E1174.30713
G1 X-13.539 Y10.193 Z72.708 E1174.58089
G1 X-13.576 Y8.866 Z72.721 E1175.2052
G1 X-13.537 Y7.344 Z72.736 E1175.92121
G1 X-13.478 Y6.056 Z72.749 E1176.52758
G1 X-13.291 Y2.649 Z72.783 E1178.13226
G1 X-13.112 Y-.929 Z72.818 E1179.81705
G1 X-12.909 Y-4.335 Z72.851 E1181.42168
G1 X-12.714 Y-7.914 Z72.887 E1183.10734
G1 X-12.596 Y-9.685 Z72.904 E1183.94206
G1 X-12.412 Y-11.373 Z72.921 E1184.74061
G1 X-12.13 Y-12.623 Z72.933 E1185.34324
G1 X-11.978 Y-13.031 Z72.937 E1185.548
G1 X-11.662 Y-13.547 Z72.943 E1185.83256
G1 X-11.356 Y-13.801 Z72.947 E1186.01958
G1 X-10.92 Y-13.988 Z72.952 E1186.24269
G1 X-10.605 Y-14.079 Z72.955 E1186.39689
G1 X-9.819 Y-14.172 Z72.963 E1186.76911
G1 X-8.87 Y-14.218 Z72.972 E1187.21594
G1 X-7.148 Y-14.173 Z72.989 E1188.02605
G1 X-5.925 Y-14.111 Z73.001 E1188.60195
G1 X-2.688 Y-13.902 Z73.033 E1190.12744
G1 X0.707 Y-13.708 Z73.067 E1191.72667
G1 X3.948 Y-13.486 Z73.098 E1193.25443
G1 X7.342 Y-13.279 Z73.132 E1194.85355
G1 X9.054 Y-13.149 Z73.149 E1195.661
G1 X10.904 Y-12.899 Z73.167 E1196.53894
G1 X11.495 Y-12.766 Z73.173 E1196.82383
G1 X12.165 Y-12.523 Z73.18 E1197.15901
G1 X12.557 Y-12.258 Z73.185 E1197.38153
G1 X12.79 Y-11.996 Z73.188 E1197.54642
G1 X12.969 Y-11.65 Z73.192 E1197.72963
G1 X13.141 Y-11.021 Z73.198 E1198.0363
G1 X13.202 Y-10.528 Z73.203 E1198.26992
G1 X13.256 Y-9.38 Z73.215 E1198.81041
G1 X13.226 Y-7.933 Z73.229 E1199.49106
G1 X13.12 Y-6.045 Z73.247 E1200.38035
G1 X12.875 Y-2.644 Z73.281 E1201.98394
G1 X12.655 Y0.934 Z73.316 E1203.66981
G1 X12.397 Y4.338 Z73.35 E1205.27526
G1 X12.162 Y7.915 Z73.385 E1206.9611
G1 X12.06 Y9.18 Z73.397 E1207.55794
G1 X11.903 Y10.724 Z73.413 E1208.28781
G1 X11.739 Y11.848 Z73.424 E1208.82201
G1 X11.55 Y12.609 Z73.431 E1209.19076
G1 X11.255 Y13.33 Z73.439 E1209.55713
G1 X10.966 Y13.71 Z73.444 E1209.78165
G1 X10.625 Y13.947 Z73.448 E1209.97694
G1 X10.057 Y14.136 Z73.454 E1210.25847
G1 X9.261 Y14.245 Z73.462 E1210.63631
G1 X8.305 Y14.283 Z73.471 E1211.08626
G1 X6.581 Y14.215 Z73.488 E1211.89766
G1 X5.359 Y14.14 Z73.5 E1212.47343
;TIME_ELAPSED:420.625588
;LAYER:73
;note -- min layer time used
;TYPE:WALL-OUTER
;MESH:twised-square.stl
G1 F1218.1 X4.231 Y14.053 Z73.511 E1213.00549
G1 X-1.698 Y13.63 Z73.57 E1215.80091
G1 X-2.403 Y13.572 Z73.577 E1216.13358
G1 X-8.316 Y13.127 Z73.635 E1218.92225
G1 X-10.111 Y12.949 Z73.653 E1219.77056
G1 X-11.496 Y12.755 Z73.667 E1220.42826
G1 X-12.784 Y12.367 Z73.68 E1221.06088
G1 X-13.28 Y12.032 Z73.686 E1221.34236
G1 X-13.435 Y11.864 Z73.688 E1221.44986
G1 X-13.618 Y11.549 Z73.692 E1221.62118
G1 X-13.719 Y11.221 Z73.695 E1221.78258
G1 X-13.877 Y10.366 Z73.704 E1222.19149
G1 X-13.908 Y9.654 Z73.711 E1222.52665
G1 X-13.903 Y8.509 Z73.722 E1223.06513
G1 X-13.829 Y6.995 Z73.737 E1223.778
G1 X-13.744 Y5.748 Z73.749 E1224.3658
G1 X-13.68 Y4.988 Z73.757 E1224.72449
G1 X-13.219 Y-1.214 Z73.818 E1227.64925
G1 X-13.154 Y-1.949 Z73.825 E1227.99626
G1 X-12.667 Y-8.138 Z73.886 E1230.91586
G1 X-12.507 Y-9.892 Z73.904 E1231.74417
G1 X-12.383 Y-10.93 Z73.914 E1232.2358
G1 X-12.179 Y-12.086 Z73.926 E1232.78785
G1 X-11.818 Y-13.222 Z73.937 E1233.34842
G1 X-11.497 Y-13.721 Z73.943 E1233.62746
G1 X-11.201 Y-13.957 Z73.947 E1233.8055
G1 X-10.858 Y-14.121 Z73.951 E1233.9843
G1 X-10.198 Y-14.261 Z73.957 E1234.30159
G1 X-8.906 Y-14.337 Z73.97 E1234.91025
G1 X-7.479 Y-14.28 Z73.984 E1235.58188
G1 X-5.749 Y-14.157 Z74.001 E1236.39753
G1 X-5.043 Y-14.092 Z74.008 E1236.73096
G1 X0.879 Y-13.603 Z74.067 E1239.52548
G1 X1.583 Y-13.535 Z74.074 E1239.8581
G1 X7.492 Y-13.024 Z74.132 E1242.6474
G1 X9.275 Y-12.846 Z74.15 E1243.49009
G1 X10.631 Y-12.649 Z74.163 E1244.13449
G1 X11.693 Y-12.405 Z74.174 E1244.64695
G1 X12.469 Y-12.076 Z74.182 E1245.04333
G1 X12.699 Y-11.903 Z74.185 E1245.17868
G1 X12.945 Y-11.616 Z74.189 E1245.35645
G1 X13.111 Y-11.27 Z74.193 E1245.53693
G1 X13.3 Y-10.39 Z74.201 E1245.96022
G1 X13.348 Y-9.656 Z74.209 E1246.30615
G1 X13.328 Y-8.498 Z74.22 E1246.85082
G1 X13.236 Y-6.98 Z74.235 E1247.56602
G1 X13.136 Y-5.732 Z74.247 E1248.15482
G1 X13.06 Y-4.973 Z74.255 E1248.51356
G1 X12.515 Y1.203 Z74.316 E1251.42933
G1 X12.437 Y1.959 Z74.324 E1251.78676
G1 X11.867 Y8.139 Z74.385 E1254.70547
G1 X11.685 Y9.891 Z74.402 E1255.53384
G1 X11.501 Y11.264 Z74.416 E1256.18532
G1 X11.155 Y12.785 Z74.431 E1256.9189
G1 X10.9 Y13.409 Z74.438 E1257.23592
G1 X10.76 Y13.64 Z74.44 E1257.36295
G1 X10.488 Y13.932 Z74.444 E1257.55062
G1 X10.191 Y14.112 Z74.448 E1257.71395
G1 X9.762 Y14.26 Z74.452 E1257.92737
G1 X8.838 Y14.381 Z74.461 E1258.36562
G1 X8.092 Y14.392 Z74.469 E1258.7165
G1 X6.66 Y14.331 Z74.483 E1259.39056
G1 X4.922 Y14.186 Z74.5 E1260.21075
;TIME_ELAPSED:425.630307
;LAYER:74
;note -- min layer time used
;TYPE:WALL-OUTER
;MESH:twised-square.stl
G1 F1214.7 X-.315 Y13.69 Z74.552 E1262.68467
G1 X-2.117 Y13.515 Z74.57 E1263.53611
G1 X-6.94 Y13.041 Z74.618 E1265.81523
G1 X-8.741 Y12.862 Z74.636 E1266.66639
G1 X-10.456 Y12.66 Z74.653 E1267.47851
G1 X-11.727 Y12.446 Z74.665 E1268.08466
G1 X-12.624 Y12.229 Z74.675 E1268.51868
G1 X-13.377 Y11.906 Z74.683 E1268.90401
G1 X-13.887 Y11.393 Z74.69 E1269.2442
G1 X-14.019 Y11.101 Z74.693 E1269.3949
G1 X-14.127 Y10.71 Z74.697 E1269.58567
G1 X-14.237 Y10.023 Z74.704 E1269.91287
G1 X-14.258 Y9.065 Z74.713 E1270.36351
G1 X-14.225 Y8.16 Z74.722 E1270.78941
G1 X-14.12 Y6.673 Z74.737 E1271.49046
G1 X-14.001 Y5.394 Z74.75 E1272.09456
G1 X-13.506 Y0.38 Z74.799 E1274.46404
G1 X-13.322 Y-1.519 Z74.818 E1275.3613
G1 X-12.805 Y-6.507 Z74.868 E1277.71966
G1 X-12.619 Y-8.38 Z74.886 E1278.60483
G1 X-12.416 Y-10.147 Z74.904 E1279.4413
G1 X-12.267 Y-11.156 Z74.914 E1279.92096
G1 X-12.046 Y-12.295 Z74.925 E1280.46661
G1 X-11.835 Y-12.989 Z74.933 E1280.80774
G1 X-11.561 Y-13.591 Z74.939 E1281.1188
G1 X-11.149 Y-14.055 Z74.945 E1281.41062
G1 X-10.684 Y-14.273 Z74.95 E1281.65214
G1 X-10.025 Y-14.405 Z74.957 E1281.96822
G1 X-9.115 Y-14.449 Z74.966 E1282.39668
G1 X-8.211 Y-14.423 Z74.975 E1282.82199
G1 X-6.803 Y-14.319 Z74.989 E1283.48596
G1 X-5.576 Y-14.2 Z75.001 E1284.06571
G1 X-.758 Y-13.679 Z75.049 E1286.34476
G1 X1.065 Y-13.492 Z75.067 E1287.20659
G1 X5.86 Y-12.953 Z75.115 E1289.47582
G1 X7.655 Y-12.764 Z75.133 E1290.32466
G1 X9.374 Y-12.554 Z75.15 E1291.13909
G1 X10.806 Y-12.314 Z75.164 E1291.82193
G1 X11.529 Y-12.147 Z75.171 E1292.1709
G1 X12.3 Y-11.878 Z75.179 E1292.55492
G1 X12.624 Y-11.698 Z75.183 E1292.72923
G1 X12.966 Y-11.394 Z75.188 E1292.94443
G1 X13.143 Y-11.115 Z75.191 E1293.09982
G1 X13.27 Y-10.78 Z75.194 E1293.2683
G1 X13.387 Y-10.242 Z75.2 E1293.52723
G1 X13.437 Y-9.072 Z75.211 E1294.07797
G1 X13.398 Y-8.14 Z75.221 E1294.51666
G1 X13.275 Y-6.655 Z75.235 E1295.21743
G1 X13.141 Y-5.37 Z75.248 E1295.82502
G1 X12.566 Y-.368 Z75.298 E1298.19289
G1 X12.368 Y1.509 Z75.316 E1299.08051
G1 X11.771 Y6.51 Z75.366 E1301.44912
G1 X11.567 Y8.382 Z75.385 E1302.33471
G1 X11.341 Y10.167 Z75.403 E1303.18088
G1 X11.13 Y11.498 Z75.416 E1303.81464
G1 X10.751 Y12.991 Z75.431 E1304.53905
G1 X10.487 Y13.591 Z75.438 E1304.84733
G1 X10.354 Y13.798 Z75.44 E1304.96304
G1 X9.979 Y14.164 Z75.445 E1305.20947
G1 X9.628 Y14.331 Z75.449 E1305.39227
G1 X8.956 Y14.474 Z75.456 E1305.71538
G1 X8.048 Y14.517 Z75.465 E1306.14288
G1 X7.138 Y14.482 Z75.474 E1306.57116
G1 X5.728 Y14.362 Z75.488 E1307.23666
G1 X4.5 Y14.23 Z75.5 E1307.8175
;TIME_ELAPSED:430.635551
;LAYER:75
;note -- min layer time used
;TYPE:WALL-OUTER
;MESH:twised-square.stl
G1 F1212.4 X1.794 Y13.904 Z75.527 E1309.0993
G1 X-2.542 Y13.399 Z75.57 E1311.15225
G1 X-4.824 Y13.113 Z75.593 E1312.23384
G1 X-9.152 Y12.591 Z75.636 E1314.28399
G1 X-10.401 Y12.427 Z75.649 E1314.87642
G1 X-11.817 Y12.187 Z75.663 E1315.55185
G1 X-13.053 Y11.858 Z75.675 E1316.15336
G1 X-13.582 Y11.621 Z75.681 E1316.42597
G1 X-14.154 Y11.192 Z75.688 E1316.76222
G1 X-14.351 Y10.866 Z75.692 E1316.94135
G1 X-14.452 Y10.571 Z75.695 E1317.088
G1 X-14.565 Y10.054 Z75.7 E1317.33687
G1 X-14.6 Y9.35 Z75.707 E1317.66836
G1 X-14.542 Y7.783 Z75.723 E1318.40581
G1 X-14.401 Y6.29 Z75.738 E1319.11107
G1 X-14.257 Y5.029 Z75.75 E1319.70796
G1 X-13.964 Y2.693 Z75.774 E1320.81516
G1 X-13.427 Y-1.805 Z75.818 E1322.94553
G1 X-13.122 Y-4.142 Z75.842 E1324.05391
G1 X-12.57 Y-8.621 Z75.886 E1326.17626
G1 X-12.326 Y-10.389 Z75.904 E1327.01561
G1 X-12.096 Y-11.701 Z75.917 E1327.64203
G1 X-11.688 Y-13.185 Z75.932 E1328.36584
G1 X-11.394 Y-13.769 Z75.939 E1328.67332
G1 X-11.104 Y-14.125 Z75.943 E1328.88926
G1 X-10.812 Y-14.315 Z75.947 E1329.0531
G1 X-10.398 Y-14.458 Z75.951 E1329.25909
G1 X-10.061 Y-14.529 Z75.955 E1329.42106
G1 X-9.279 Y-14.575 Z75.962 E1329.78945
G1 X-8.035 Y-14.525 Z75.975 E1330.37496
G1 X-6.612 Y-14.386 Z75.989 E1331.04737
G1 X-5.379 Y-14.237 Z76.001 E1331.63145
G1 X-3.119 Y-13.93 Z76.024 E1332.70406
G1 X1.204 Y-13.383 Z76.067 E1334.75332
G1 X3.489 Y-13.064 Z76.09 E1335.83835
G1 X7.814 Y-12.498 Z76.133 E1337.88968
G1 X9.596 Y-12.238 Z76.151 E1338.73661
G1 X10.958 Y-11.978 Z76.164 E1339.3887
G1 X12.237 Y-11.602 Z76.178 E1340.01566
G1 X12.881 Y-11.233 Z76.185 E1340.36471
G1 X13.159 Y-10.931 Z76.189 E1340.55775
G1 X13.327 Y-10.61 Z76.193 E1340.72814
G1 X13.464 Y-10.079 Z76.198 E1340.98604
G1 X13.53 Y-9.071 Z76.208 E1341.4611
G1 X13.499 Y-8.279 Z76.216 E1341.83386
G1 X13.371 Y-6.839 Z76.23 E1342.51374
G1 X13.143 Y-5.029 Z76.248 E1343.37169
G1 X12.808 Y-2.675 Z76.272 E1344.4899
G1 X12.218 Y1.796 Z76.316 E1346.61078
G1 X11.872 Y4.151 Z76.34 E1347.73019
G1 X11.263 Y8.625 Z76.385 E1349.85366
G1 X11.071 Y9.909 Z76.398 E1350.46422
G1 X10.767 Y11.672 Z76.415 E1351.30557
G1 X10.479 Y12.822 Z76.427 E1351.86311
G1 X10.081 Y13.761 Z76.437 E1352.34273
G1 X9.787 Y14.146 Z76.442 E1352.57055
G1 X9.505 Y14.358 Z76.445 E1352.73647
G1 X9.087 Y14.522 Z76.45 E1352.94764
G1 X8.747 Y14.589 Z76.453 E1353.11061
G1 X7.954 Y14.641 Z76.461 E1353.48435
G1 X6.702 Y14.58 Z76.474 E1354.07385
G1 X5.28 Y14.428 Z76.488 E1354.74641
G1 X4.048 Y14.266 Z76.5 E1355.33079
;TIME_ELAPSED:435.640785
;LAYER:76
;note -- min layer time used
;TYPE:WALL-OUTER
;MESH:twised-square.stl
G1 F1209.5 X-9.555 Y12.317 Z76.636 E1361.79343
G1 X-11.604 Y11.974 Z76.657 E1362.77046
G1 X-12.939 Y11.67 Z76.671 E1363.41436
G1 X-14.183 Y11.143 Z76.684 E1364.04973
G1 X-14.608 Y10.71 Z76.69 E1364.33507
G1 X-14.765 Y10.381 Z76.694 E1364.50651
G1 X-14.876 Y9.985 Z76.698 E1364.69992
G1 X-14.948 Y9.287 Z76.705 E1365.02992
G1 X-14.917 Y8.321 Z76.714 E1365.48445
G1 X-14.853 Y7.409 Z76.723 E1365.9144
G1 X-14.684 Y5.961 Z76.738 E1366.6
G1 X-14.509 Y4.696 Z76.75 E1367.20058
G1 X-12.522 Y-8.854 Z76.886 E1373.64112
G1 X-12.17 Y-10.97 Z76.908 E1374.64993
G1 X-11.93 Y-12.089 Z76.919 E1375.18815
G1 X-11.534 Y-13.393 Z76.932 E1375.82905
G1 X-11.16 Y-14.067 Z76.94 E1376.19156
G1 X-10.858 Y-14.361 Z76.944 E1376.38977
G1 X-10.572 Y-14.506 Z76.947 E1376.54057
G1 X-10.221 Y-14.617 Z76.951 E1376.7137
G1 X-9.636 Y-14.687 Z76.957 E1376.99078
G1 X-9.121 Y-14.701 Z76.962 E1377.23307
G1 X-7.86 Y-14.621 Z76.975 E1377.82729
G1 X-6.419 Y-14.446 Z76.989 E1378.50995
G1 X-5.215 Y-14.273 Z77.001 E1379.08199
G1 X7.956 Y-12.231 Z77.133 E1385.35015
G1 X10.001 Y-11.874 Z77.154 E1386.32643
G1 X11.335 Y-11.577 Z77.167 E1386.96915
G1 X12.105 Y-11.339 Z77.175 E1387.34818
G1 X12.75 Y-11.036 Z77.183 E1387.68332
G1 X13.118 Y-10.747 Z77.187 E1387.90337
G1 X13.336 Y-10.457 Z77.191 E1388.07399
G1 X13.474 Y-10.133 Z77.194 E1388.23961
G1 X13.569 Y-9.661 Z77.199 E1388.46604
G1 X13.611 Y-8.68 Z77.209 E1388.92781
G1 X13.549 Y-7.683 Z77.219 E1389.39759
G1 X13.321 Y-5.902 Z77.236 E1390.24201
G1 X13.134 Y-4.664 Z77.249 E1390.83083
G1 X10.957 Y8.865 Z77.385 E1397.27519
G1 X10.568 Y11.105 Z77.407 E1398.3444
G1 X10.183 Y12.702 Z77.424 E1399.11697
G1 X9.937 Y13.39 Z77.431 E1399.46058
G1 X9.579 Y14.068 Z77.439 E1399.82116
G1 X9.283 Y14.383 Z77.443 E1400.02444
G1 X9.006 Y14.552 Z77.446 E1400.17704
G1 X8.647 Y14.673 Z77.45 E1400.35521
G1 X8.055 Y14.757 Z77.456 E1400.63641
G1 X7.53 Y14.766 Z77.461 E1400.88334
G1 X6.267 Y14.677 Z77.474 E1401.47879
G1 X4.827 Y14.487 Z77.488 E1402.16187
G1 X3.626 Y14.302 Z77.5 E1402.73335
;TIME_ELAPSED:440.645473
;LAYER:77
;note -- min layer time used
;TYPE:WALL-OUTER
;MESH:twised-square.stl
G1 F1207.7 X-.628 Y13.604 Z77.543 E1404.7607
G1 X-3.384 Y13.149 Z77.571 E1406.07436
G1 X-7.218 Y12.505 Z77.609 E1407.90269
G1 X-9.967 Y12.037 Z77.637 E1409.21412
G1 X-11.681 Y11.719 Z77.654 E1410.03394
G1 X-13.187 Y11.352 Z77.67 E1410.76292
G1 X-14.146 Y11.007 Z77.68 E1411.24223
G1 X-14.553 Y10.77 Z77.684 E1411.46372
G1 X-14.982 Y10.327 Z77.691 E1411.75374
G1 X-15.143 Y10.017 Z77.694 E1411.91801
G1 X-15.21 Y9.705 Z77.697 E1412.06809
G1 X-15.284 Y9.274 Z77.702 E1412.27375
G1 X-15.289 Y8.885 Z77.705 E1412.4567
G1 X-15.256 Y7.957 Z77.715 E1412.89341
G1 X-15.162 Y7.048 Z77.724 E1413.32318
G1 X-14.96 Y5.604 Z77.738 E1414.00888
G1 X-14.761 Y4.353 Z77.751 E1414.60461
G1 X-14.098 Y0.44 Z77.79 E1416.47107
G1 X-13.625 Y-2.396 Z77.819 E1417.82323
G1 X-12.95 Y-6.285 Z77.858 E1419.67952
G1 X-12.47 Y-9.097 Z77.886 E1421.0211
G1 X-12.142 Y-10.868 Z77.904 E1421.86814
G1 X-11.696 Y-12.691 Z77.923 E1422.75076
G1 X-11.29 Y-13.77 Z77.934 E1423.29293
G1 X-10.986 Y-14.252 Z77.94 E1423.56093
G1 X-10.669 Y-14.535 Z77.944 E1423.76077
G1 X-10.303 Y-14.702 Z77.948 E1423.94997
G1 X-9.702 Y-14.812 Z77.954 E1424.23731
G1 X-9.238 Y-14.83 Z77.959 E1424.45569
G1 X-8.173 Y-14.765 Z77.97 E1424.95748
G1 X-6.829 Y-14.596 Z77.983 E1425.59452
G1 X-5.029 Y-14.302 Z78.001 E1426.45225
G1 X-1.217 Y-13.618 Z78.04 E1428.27362
G1 X1.53 Y-13.143 Z78.067 E1429.58467
G1 X5.361 Y-12.442 Z78.106 E1431.41625
G1 X8.106 Y-11.957 Z78.134 E1432.72719
G1 X9.824 Y-11.625 Z78.151 E1433.55008
G1 X11.311 Y-11.286 Z78.166 E1434.26734
G1 X12.254 Y-10.962 Z78.176 E1434.73627
G1 X12.685 Y-10.765 Z78.181 E1434.95914
G1 X13.303 Y-10.286 Z78.189 E1435.32685
G1 X13.495 Y-9.974 Z78.192 E1435.49914
G1 X13.609 Y-9.631 Z78.196 E1435.66912
G1 X13.696 Y-8.827 Z78.204 E1436.04944
G1 X13.683 Y-8.125 Z78.211 E1436.37964
G1 X13.563 Y-7.033 Z78.222 E1436.89629
G1 X13.336 Y-5.538 Z78.237 E1437.60742
G1 X13.124 Y-4.317 Z78.249 E1438.19023
G1 X12.397 Y-.416 Z78.289 E1440.05641
G1 X11.899 Y2.394 Z78.317 E1441.39851
G1 X11.156 Y6.294 Z78.356 E1443.26562
G1 X10.649 Y9.104 Z78.385 E1444.60847
G1 X10.407 Y10.339 Z78.397 E1445.20031
G1 X9.965 Y12.336 Z78.418 E1446.16221
G1 X9.626 Y13.348 Z78.428 E1446.66413
G1 X9.244 Y14.122 Z78.437 E1447.07005
G1 X8.937 Y14.484 Z78.441 E1447.29327
G1 X8.645 Y14.681 Z78.445 E1447.45893
G1 X8.237 Y14.819 Z78.449 E1447.66148
G1 X7.615 Y14.891 Z78.455 E1447.95595
G1 X6.32 Y14.829 Z78.468 E1448.56567
G1 X4.989 Y14.651 Z78.482 E1449.1972
G1 X3.177 Y14.33 Z78.5 E1450.06263
;TIME_ELAPSED:445.650690
;LAYER:78
;note -- min layer time used
;TYPE:WALL-OUTER
;MESH:twised-square.stl
G1 F1205.1 X1.485 Y14.005 Z78.517 E1450.8729
G1 X-3.809 Y13.017 Z78.571 E1453.40559
G1 X-5.094 Y12.764 Z78.584 E1454.02151
G1 X-10.368 Y11.758 Z78.637 E1456.54652
G1 X-12.07 Y11.402 Z78.655 E1457.36427
G1 X-13.595 Y11 Z78.67 E1458.10596
G1 X-14.529 Y10.632 Z78.68 E1458.57807
G1 X-15.19 Y10.154 Z78.688 E1458.9617
G1 X-15.421 Y9.812 Z78.693 E1459.15579
G1 X-15.531 Y9.509 Z78.696 E1459.30739
G1 X-15.634 Y8.881 Z78.702 E1459.60667
G1 X-15.614 Y7.927 Z78.712 E1460.05543
G1 X-15.532 Y7.157 Z78.719 E1460.41959
G1 X-15.323 Y5.771 Z78.733 E1461.07878
G1 X-15.004 Y4.011 Z78.751 E1461.91997
G1 X-14.743 Y2.69 Z78.764 E1462.55323
G1 X-13.728 Y-2.66 Z78.819 E1465.11415
G1 X-13.46 Y-3.981 Z78.832 E1465.74805
G1 X-12.42 Y-9.334 Z78.886 E1468.31257
G1 X-12.05 Y-11.091 Z78.904 E1469.15699
G1 X-11.566 Y-12.911 Z78.923 E1470.04266
G1 X-11.13 Y-13.977 Z78.935 E1470.5843
G1 X-10.772 Y-14.481 Z78.941 E1470.87504
G1 X-10.361 Y-14.774 Z78.946 E1471.11241
G1 X-9.989 Y-14.882 Z78.95 E1471.29458
G1 X-9.299 Y-14.958 Z78.956 E1471.62104
G1 X-8.77 Y-14.938 Z78.962 E1471.87
G1 X-7.502 Y-14.801 Z78.974 E1472.46979
G1 X-6.069 Y-14.56 Z78.989 E1473.15318
G1 X-4.888 Y-14.335 Z79.001 E1473.71858
G1 X-3.583 Y-14.064 Z79.014 E1474.3454
G1 X1.698 Y-13.017 Z79.068 E1476.87733
G1 X2.98 Y-12.746 Z79.081 E1477.49356
G1 X8.244 Y-11.681 Z79.134 E1480.01931
G1 X9.942 Y-11.315 Z79.152 E1480.8362
G1 X11.766 Y-10.819 Z79.17 E1481.72515
G1 X12.819 Y-10.37 Z79.182 E1482.2635
G1 X13.318 Y-10.002 Z79.188 E1482.55509
G1 X13.523 Y-9.725 Z79.191 E1482.71715
G1 X13.654 Y-9.419 Z79.195 E1482.8737
G1 X13.759 Y-8.897 Z79.2 E1483.1241
G1 X13.757 Y-7.911 Z79.21 E1483.58781
G1 X13.674 Y-7.131 Z79.218 E1483.9567
G1 X13.495 Y-5.998 Z79.229 E1484.49615
G1 X13.107 Y-3.968 Z79.25 E1485.46811
G1 X12.823 Y-2.652 Z79.263 E1486.10126
G1 X11.732 Y2.705 Z79.318 E1488.6723
G1 X11.448 Y4 Z79.331 E1489.2958
G1 X10.337 Y9.342 Z79.385 E1491.86183
G1 X9.857 Y11.52 Z79.407 E1492.91069
G1 X9.404 Y13.078 Z79.423 E1493.67374
G1 X9.009 Y13.995 Z79.433 E1494.1433
G1 X8.671 Y14.492 Z79.439 E1494.42597
G1 X8.409 Y14.722 Z79.443 E1494.58993
G1 X8.147 Y14.863 Z79.446 E1494.72985
G1 X7.754 Y14.974 Z79.45 E1494.9219
G1 X6.945 Y15.02 Z79.458 E1495.30298
G1 X5.386 Y14.858 Z79.474 E1496.04011
G1 X3.953 Y14.601 Z79.488 E1496.72478
G1 X2.772 Y14.365 Z79.5 E1497.29117
;TIME_ELAPSED:450.655360
;LAYER:79
;note -- min layer time used
;TYPE:WALL-OUTER
;MESH:twised-square.stl
G1 F1204.2 X-3.013 Y13.142 Z79.559 E1500.07191
G1 X-4.219 Y12.884 Z79.571 E1500.65191
G1 X-9.57 Y11.732 Z79.626 E1503.22608
G1 X-10.789 Y11.467 Z79.638 E1503.81275
G1 X-12.453 Y11.08 Z79.655 E1504.61619
G1 X-13.968 Y10.645 Z79.671 E1505.35747
G1 X-14.892 Y10.246 Z79.681 E1505.8308
G1 X-15.307 Y9.993 Z79.686 E1506.05937
G1 X-15.723 Y9.554 Z79.692 E1506.3438
G1 X-15.834 Y9.25 Z79.695 E1506.496
G1 X-15.941 Y8.889 Z79.699 E1506.67308
G1 X-15.964 Y8.317 Z79.705 E1506.9423
G1 X-15.932 Y7.532 Z79.712 E1507.31178
G1 X-15.837 Y6.778 Z79.72 E1507.66918
G1 X-15.61 Y5.436 Z79.733 E1508.30927
G1 X-15.24 Y3.647 Z79.752 E1509.16842
G1 X-14.075 Y-1.756 Z79.807 E1511.76778
G1 X-13.817 Y-2.966 Z79.819 E1512.34962
G1 X-12.628 Y-8.362 Z79.874 E1514.94816
G1 X-12.361 Y-9.596 Z79.887 E1515.54193
G1 X-12.081 Y-10.815 Z79.899 E1516.13013
G1 X-11.637 Y-12.492 Z79.916 E1516.94598
G1 X-11.099 Y-13.949 Z79.932 E1517.67641
G1 X-10.679 Y-14.571 Z79.939 E1518.02937
G1 X-10.368 Y-14.84 Z79.944 E1518.22275
G1 X-10.047 Y-14.98 Z79.947 E1518.38745
G1 X-9.548 Y-15.065 Z79.952 E1518.6255
G1 X-8.582 Y-15.056 Z79.962 E1519.07982
G1 X-7.837 Y-14.966 Z79.969 E1519.43273
G1 X-6.453 Y-14.727 Z79.983 E1520.09324
G1 X-4.689 Y-14.354 Z80.001 E1520.94117
G1 X0.642 Y-13.153 Z80.056 E1523.51111
G1 X1.839 Y-12.892 Z80.068 E1524.08727
G1 X7.183 Y-11.667 Z80.122 E1526.66567
G1 X8.401 Y-11.396 Z80.135 E1527.25249
G1 X10.069 Y-10.995 Z80.152 E1528.05927
G1 X11.56 Y-10.579 Z80.167 E1528.78725
G1 X12.494 Y-10.214 Z80.177 E1529.25885
G1 X13.241 Y-9.777 Z80.186 E1529.66585
G1 X13.542 Y-9.46 Z80.19 E1529.87143
G1 X13.748 Y-9.018 Z80.195 E1530.10077
G1 X13.823 Y-8.644 Z80.199 E1530.28016
G1 X13.841 Y-7.832 Z80.207 E1530.66213
G1 X13.716 Y-6.733 Z80.218 E1531.1823
G1 X13.52 Y-5.645 Z80.229 E1531.70221
G1 X13.078 Y-3.598 Z80.25 E1532.68708
G1 X11.834 Y1.781 Z80.305 E1535.28352
G1 X11.565 Y2.993 Z80.317 E1535.86738
G1 X10.296 Y8.371 Z80.372 E1538.46604
G1 X10.025 Y9.574 Z80.385 E1539.04598
G1 X9.601 Y11.302 Z80.402 E1539.88273
G1 X9.199 Y12.698 Z80.417 E1540.56594
G1 X8.938 Y13.438 Z80.425 E1540.93496
G1 X8.519 Y14.302 Z80.434 E1541.38655
G1 X8.21 Y14.698 Z80.439 E1541.62277
G1 X7.93 Y14.919 Z80.443 E1541.79053
G1 X7.584 Y15.061 Z80.447 E1541.96642
G1 X6.984 Y15.148 Z80.453 E1542.25154
G1 X6.518 Y15.144 Z80.457 E1542.4707
G1 X5.439 Y15.026 Z80.468 E1542.98117
G1 X4.071 Y14.778 Z80.482 E1543.63501
G1 X2.309 Y14.384 Z80.5 E1544.48412
;TIME_ELAPSED:455.660564
;LAYER:80
;note -- min layer time used
;TYPE:WALL-OUTER
;MESH:twised-square.stl
G1 F1202.3 X-.918 Y13.618 Z80.533 E1546.0439
G1 X-4.614 Y12.755 Z80.571 E1547.82884
G1 X-7.457 Y12.067 Z80.6 E1549.20446
G1 X-11.172 Y11.181 Z80.638 E1551.00058
G1 X-12.828 Y10.755 Z80.655 E1551.80473
G1 X-14.111 Y10.371 Z80.669 E1552.43455
G1 X-14.982 Y10.019 Z80.678 E1552.87636
G1 X-15.828 Y9.468 Z80.688 E1553.35117
G1 X-16.024 Y9.237 Z80.691 E1553.49364
G1 X-16.188 Y8.917 Z80.695 E1553.66274
G1 X-16.254 Y8.611 Z80.698 E1553.80996
G1 X-16.307 Y8.244 Z80.702 E1553.98435
G1 X-16.303 Y7.932 Z80.705 E1554.13109
G1 X-16.248 Y7.132 Z80.713 E1554.50821
G1 X-16.141 Y6.405 Z80.72 E1554.85379
G1 X-15.874 Y5.028 Z80.734 E1555.51344
G1 X-15.476 Y3.296 Z80.752 E1556.3492
G1 X-14.786 Y0.451 Z80.781 E1557.72596
G1 X-13.91 Y-3.254 Z80.819 E1559.51641
G1 X-13.207 Y-6.096 Z80.848 E1560.89325
G1 X-12.314 Y-9.803 Z80.886 E1562.68648
G1 X-11.747 Y-11.973 Z80.909 E1563.74127
G1 X-11.305 Y-13.288 Z80.923 E1564.39369
G1 X-10.824 Y-14.329 Z80.934 E1564.933
G1 X-10.428 Y-14.833 Z80.94 E1565.23443
G1 X-10.095 Y-15.052 Z80.944 E1565.42187
G1 X-9.677 Y-15.17 Z80.949 E1565.62613
G1 X-9.398 Y-15.201 Z80.951 E1565.75815
G1 X-8.7 Y-15.195 Z80.958 E1566.08642
G1 X-7.639 Y-15.061 Z80.969 E1566.58936
G1 X-6.274 Y-14.793 Z80.983 E1567.24356
G1 X-4.531 Y-14.379 Z81.001 E1568.08608
G92 E0
G1 X-1.708 Y-13.665 Z81.03 E1.36943
G1 X1.978 Y-12.765 Z81.068 E3.15383
G1 X4.813 Y-12.036 Z81.097 E4.53047
G1 X8.499 Y-11.12 Z81.135 E6.31667
G1 X10.212 Y-10.667 Z81.153 E7.14997
G1 X11.591 Y-10.244 Z81.167 E7.82832
G1 X12.614 Y-9.828 Z81.178 E8.34768
G1 X13.34 Y-9.386 Z81.187 E8.74741
G1 X13.655 Y-9.03 Z81.191 E8.97096
G1 X13.807 Y-8.718 Z81.195 E9.13418
G1 X13.896 Y-8.287 Z81.199 E9.34115
G1 X13.914 Y-7.659 Z81.205 E9.63661
G1 X13.756 Y-6.364 Z81.218 E10.25015
G1 X13.533 Y-5.26 Z81.23 E10.77983
G1 X13.043 Y-3.215 Z81.251 E11.76879
G1 X12.314 Y-.413 Z81.28 E13.13041
G1 X11.394 Y3.283 Z81.318 E14.92163
G1 X10.645 Y6.114 Z81.347 E16.29882
G1 X9.708 Y9.81 Z81.385 E18.09199
G1 X9.379 Y11.035 Z81.398 E18.68851
G1 X8.971 Y12.427 Z81.412 E19.37069
G1 X8.672 Y13.298 Z81.421 E19.80377
G1 X8.192 Y14.334 Z81.433 E20.34074
G1 X7.805 Y14.845 Z81.439 E20.6422
G1 X7.477 Y15.089 Z81.443 E20.83445
G1 X7.052 Y15.232 Z81.448 E21.04534
G1 X6.761 Y15.269 Z81.45 E21.18329
G1 X6.064 Y15.263 Z81.457 E21.51109
G1 X4.991 Y15.121 Z81.468 E22.02011
G1 X3.632 Y14.841 Z81.482 E22.67266
G1 X1.888 Y14.407 Z81.5 E23.51785
;TIME_ELAPSED:460.672232
;LAYER:81
;note -- min layer time used
;TYPE:WALL-OUTER
;MESH:twised-square.stl
G1 F1201.4 X-11.548 Y10.892 Z81.639 E30.04929
G1 X-13.237 Y10.415 Z81.656 E30.87467
G1 X-14.744 Y9.906 Z81.672 E31.62273
G1 X-15.608 Y9.493 Z81.682 E32.07309
G1 X-16.206 Y9.047 Z81.689 E32.42393
G1 X-16.48 Y8.65 Z81.694 E32.65078
G1 X-16.576 Y8.346 Z81.697 E32.80071
G1 X-16.635 Y7.982 Z81.701 E32.97413
G1 X-16.62 Y7.305 Z81.708 E33.29259
G1 X-16.481 Y6.239 Z81.718 E33.79816
G1 X-16.149 Y4.686 Z81.734 E34.54502
G1 X-15.701 Y2.93 Z81.752 E35.39729
G1 X-12.237 Y-10.109 Z81.887 E41.74208
G1 X-11.916 Y-11.265 Z81.899 E42.3063
G1 X-11.481 Y-12.669 Z81.914 E42.99755
G1 X-11.18 Y-13.486 Z81.922 E43.40702
G1 X-10.667 Y-14.514 Z81.934 E43.94733
G1 X-10.289 Y-14.969 Z81.94 E44.22552
G1 X-9.859 Y-15.223 Z81.945 E44.46039
G1 X-9.487 Y-15.317 Z81.949 E44.64084
G1 X-8.78 Y-15.334 Z81.956 E44.97343
G1 X-7.46 Y-15.151 Z81.969 E45.60014
G1 X-6.134 Y-14.861 Z81.983 E46.23848
G1 X-4.356 Y-14.395 Z82.001 E47.1029
G1 X8.617 Y-10.835 Z82.135 E53.42948
G1 X10.348 Y-10.333 Z82.153 E54.27709
G1 X11.81 Y-9.848 Z82.169 E55.0015
G1 X12.71 Y-9.449 Z82.179 E55.46449
G1 X13.135 Y-9.211 Z82.183 E55.69356
G1 X13.618 Y-8.797 Z82.19 E55.99274
G1 X13.802 Y-8.51 Z82.193 E56.15306
G1 X13.918 Y-8.206 Z82.196 E56.30609
G1 X13.985 Y-7.687 Z82.202 E56.55219
G1 X13.971 Y-7.286 Z82.206 E56.74089
G1 X13.863 Y-6.367 Z82.215 E57.17606
G1 X13.67 Y-5.43 Z82.224 E57.62597
G1 X13.337 Y-4.084 Z82.238 E58.27806
G1 X13.012 Y-2.873 Z82.251 E58.86773
G1 X9.39 Y10.042 Z82.385 E65.17583
G1 X8.89 Y11.736 Z82.402 E66.00647
G1 X8.486 Y12.961 Z82.415 E66.6131
G1 X8.138 Y13.814 Z82.424 E67.04635
G1 X7.762 Y14.529 Z82.433 E67.42627
G1 X7.557 Y14.816 Z82.436 E67.59214
G1 X7.23 Y15.129 Z82.441 E67.80502
G1 X6.976 Y15.266 Z82.443 E67.94074
G1 X6.445 Y15.39 Z82.449 E68.19718
G1 X5.86 Y15.401 Z82.455 E68.47235
G1 X5.169 Y15.331 Z82.462 E68.79898
G1 X4.049 Y15.101 Z82.473 E69.33669
G1 X2.666 Y14.757 Z82.487 E70.00691
G1 X1.447 Y14.424 Z82.5 E70.6012
;TIME_ELAPSED:465.677425
;LAYER:82
;note -- min layer time used
;TYPE:WALL-OUTER
;MESH:twised-square.stl
G1 F1200.4 X-3.291 Y13.079 Z82.549 E72.91746
G1 X-5.425 Y12.472 Z82.571 E73.96087
G1 X-9.784 Y11.218 Z82.617 E76.09399
G1 X-11.936 Y10.595 Z82.639 E77.14761
G1 X-13.107 Y10.244 Z82.651 E77.72252
G1 X-14.808 Y9.669 Z82.669 E78.56695
G1 X-15.697 Y9.257 Z82.679 E79.02775
G1 X-16.395 Y8.8 Z82.687 E79.42011
G1 X-16.781 Y8.33 Z82.694 E79.70614
G1 X-16.911 Y8 Z82.697 E79.87294
G1 X-16.952 Y7.582 Z82.701 E80.07046
G1 X-16.933 Y6.902 Z82.708 E80.39038
G1 X-16.869 Y6.359 Z82.714 E80.64752
G1 X-16.612 Y5.132 Z82.726 E81.23708
G1 X-16.26 Y3.769 Z82.74 E81.89911
G1 X-15.922 Y2.555 Z82.753 E82.49176
G1 X-14.68 Y-1.736 Z82.797 E84.59259
G1 X-14.075 Y-3.85 Z82.819 E85.62669
G1 X-12.812 Y-8.155 Z82.864 E87.73661
G1 X-12.2 Y-10.265 Z82.886 E88.76982
G1 X-11.51 Y-12.479 Z82.909 E89.86042
G1 X-10.894 Y-14.003 Z82.926 E90.63348
G1 X-10.648 Y-14.492 Z82.931 E90.89091
G1 X-10.215 Y-15.046 Z82.938 E91.22159
G1 X-9.901 Y-15.287 Z82.942 E91.40774
G1 X-9.446 Y-15.436 Z82.947 E91.6329
G1 X-8.824 Y-15.47 Z82.953 E91.92585
G1 X-7.711 Y-15.324 Z82.964 E92.45377
G1 X-6.81 Y-15.13 Z82.974 E92.88721
G1 X-5.418 Y-14.764 Z82.988 E93.5641
G1 X-4.191 Y-14.412 Z83.001 E94.16442
G1 X0.136 Y-13.116 Z83.046 E96.28867
G1 X2.265 Y-12.493 Z83.068 E97.3319
G1 X6.607 Y-11.175 Z83.114 E99.46589
G1 X8.757 Y-10.538 Z83.136 E100.52045
G1 X9.922 Y-10.174 Z83.148 E101.09446
G1 X11.611 Y-9.604 Z83.166 E101.93279
G1 X13.037 Y-8.936 Z83.182 E102.67335
G1 X13.612 Y-8.493 Z83.189 E103.01471
G1 X13.857 Y-8.157 Z83.193 E103.21028
G1 X13.977 Y-7.845 Z83.196 E103.36748
G1 X14.041 Y-7.418 Z83.201 E103.57054
G1 X14 Y-6.62 Z83.209 E103.94633
G1 X13.773 Y-5.372 Z83.221 E104.54287
G1 X13.322 Y-3.706 Z83.239 E105.35458
G1 X12.967 Y-2.494 Z83.251 E105.94851
G1 X11.658 Y1.776 Z83.296 E108.04888
G1 X11.034 Y3.885 Z83.318 E109.08322
G1 X9.7 Y8.171 Z83.363 E111.19425
G1 X9.07 Y10.275 Z83.385 E112.22714
G1 X8.509 Y12.026 Z83.403 E113.09184
G1 X8.045 Y13.291 Z83.417 E113.72551
G1 X7.737 Y14.002 Z83.424 E114.08991
G1 X7.26 Y14.826 Z83.434 E114.53768
G1 X6.8 Y15.284 Z83.44 E114.84295
G1 X6.497 Y15.438 Z83.444 E115.0028
G1 X6.043 Y15.528 Z83.448 E115.22046
G1 X5.183 Y15.499 Z83.457 E115.62514
G1 X3.631 Y15.187 Z83.473 E116.36963
G1 X2.243 Y14.805 Z83.487 E117.04666
G1 X1.019 Y14.441 Z83.5 E117.6472
;TIME_ELAPSED:470.682078
;LAYER:83
;note -- min layer time used
;TYPE:WALL-OUTER
;MESH:twised-square.stl
G1 F1199.9 X-1.215 Y13.743 Z83.523 E118.74791
G1 X-5.835 Y12.324 Z83.572 E121.02082
G1 X-7.685 Y11.737 Z83.591 E121.93359
G1 X-12.284 Y10.305 Z83.639 E124.19887
G1 X-13.976 Y9.739 Z83.657 E125.03793
G1 X-15.739 Y9.033 Z83.676 E125.93106
G1 X-16.342 Y8.707 Z83.683 E126.25343
G1 X-16.988 Y8.131 Z83.692 E126.66047
G1 X-17.192 Y7.729 Z83.696 E126.87247
G1 X-17.26 Y7.407 Z83.699 E127.02724
G1 X-17.287 Y6.869 Z83.705 E127.28058
G1 X-17.217 Y6.252 Z83.711 E127.57261
G1 X-17.003 Y5.22 Z83.722 E128.06827
G1 X-16.652 Y3.901 Z83.735 E128.71017
G1 X-16.146 Y2.22 Z83.753 E129.53576
G1 X-15.561 Y0.384 Z83.772 E130.44198
G1 X-14.158 Y-4.138 Z83.819 E132.66862
G1 X-13.565 Y-5.972 Z83.839 E133.5751
G1 X-12.14 Y-10.496 Z83.886 E135.80573
G1 X-11.757 Y-11.66 Z83.898 E136.38201
G1 X-11.061 Y-13.544 Z83.918 E137.32656
G1 X-10.626 Y-14.45 Z83.929 E137.79921
G1 X-10.138 Y-15.128 Z83.937 E138.19207
G1 X-9.763 Y-15.412 Z83.942 E138.4133
G1 X-9.447 Y-15.546 Z83.945 E138.57471
G1 X-8.999 Y-15.595 Z83.95 E138.78666
G1 X-8.18 Y-15.535 Z83.958 E139.17286
G1 X-7.356 Y-15.389 Z83.966 E139.56641
G1 X-5.793 Y-14.97 Z83.982 E140.32742
G1 X-4.027 Y-14.425 Z84.001 E141.1966
G1 X-2.189 Y-13.82 Z84.02 E142.10661
G1 X2.415 Y-12.35 Z84.068 E144.3795
G1 X4.257 Y-11.737 Z84.088 E145.29248
G1 X8.841 Y-10.253 Z84.136 E147.55843
G1 X11.016 Y-9.509 Z84.159 E148.6395
G1 X12.462 Y-8.9 Z84.175 E149.37739
G1 X13.111 Y-8.545 Z84.182 E149.72528
G1 X13.716 Y-8.059 Z84.19 E150.09024
G1 X13.946 Y-7.708 Z84.194 E150.28759
G1 X14.049 Y-7.404 Z84.197 E150.43854
G1 X14.094 Y-7.003 Z84.201 E150.62831
G1 X14.04 Y-6.215 Z84.209 E150.99976
G1 X13.828 Y-5.154 Z84.22 E151.5086
G1 X13.471 Y-3.871 Z84.233 E152.1349
G1 X12.919 Y-2.128 Z84.252 E152.99474
G1 X12.313 Y-.329 Z84.271 E153.8875
G1 X10.851 Y4.178 Z84.318 E156.11581
G1 X10.229 Y6.001 Z84.337 E157.02167
G1 X8.747 Y10.504 Z84.385 E159.25112
G1 X8.182 Y12.141 Z84.402 E160.06555
G1 X7.653 Y13.497 Z84.417 E160.75007
G1 X7.192 Y14.454 Z84.427 E161.24963
G1 X6.94 Y14.859 Z84.432 E161.47395
G1 X6.529 Y15.325 Z84.438 E161.76617
G1 X6.18 Y15.543 Z84.442 E161.95969
G1 X5.755 Y15.649 Z84.447 E162.16568
G1 X5.02 Y15.645 Z84.454 E162.51135
G1 X3.935 Y15.462 Z84.465 E163.02882
G1 X2.345 Y15.02 Z84.482 E163.80493
G1 X0.591 Y14.454 Z84.5 E164.6717
;TIME_ELAPSED:475.686730
;LAYER:84
;note -- min layer time used
;TYPE:WALL-OUTER
;MESH:twised-square.stl
G1 F1199.5 X-5.625 Y12.38 Z84.566 E167.75343
G1 X-6.219 Y12.179 Z84.572 E168.04834
G1 X-12.063 Y10.205 Z84.634 E170.94926
G1 X-12.662 Y10 Z84.64 E171.247
G1 X-14.304 Y9.409 Z84.657 E172.06771
G1 X-16.085 Y8.654 Z84.677 E172.97744
G1 X-16.658 Y8.31 Z84.683 E173.29175
G1 X-17.314 Y7.749 Z84.692 E173.69769
G1 X-17.502 Y7.4 Z84.696 E173.88412
G1 X-17.572 Y7.06 Z84.699 E174.04737
G1 X-17.596 Y6.654 Z84.704 E174.23864
G1 X-17.533 Y5.972 Z84.71 E174.56074
G1 X-17.279 Y4.824 Z84.722 E175.11369
G1 X-16.906 Y3.53 Z84.736 E175.74702
G1 X-16.352 Y1.844 Z84.753 E176.58163
G1 X-14.421 Y-3.869 Z84.814 E179.41771
G1 X-14.226 Y-4.449 Z84.82 E179.70548
G1 X-12.271 Y-10.151 Z84.88 E182.54029
G1 X-12.076 Y-10.724 Z84.886 E182.82494
G1 X-11.655 Y-11.906 Z84.899 E183.41503
G1 X-11.152 Y-13.232 Z84.913 E184.08199
G1 X-10.785 Y-14.048 Z84.922 E184.50277
G1 X-10.211 Y-15.017 Z84.933 E185.03243
G1 X-9.783 Y-15.463 Z84.939 E185.32314
G1 X-9.433 Y-15.643 Z84.943 E185.50823
G1 X-9.002 Y-15.726 Z84.948 E185.71465
G1 X-8.275 Y-15.693 Z84.955 E186.0569
G1 X-7.348 Y-15.524 Z84.964 E186.50004
G1 X-6.461 Y-15.278 Z84.974 E186.93294
G1 X-5.053 Y-14.837 Z84.988 E187.62682
G1 X-3.878 Y-14.44 Z85.001 E188.2101
G1 X1.947 Y-12.413 Z85.062 E191.11064
G1 X2.54 Y-12.211 Z85.069 E191.40526
G1 X8.358 Y-10.16 Z85.13 E194.30643
G1 X8.95 Y-9.957 Z85.137 E194.60076
G1 X10.123 Y-9.531 Z85.149 E195.18765
G1 X11.526 Y-8.985 Z85.164 E195.89567
G1 X12.968 Y-8.291 Z85.18 E196.64828
G1 X13.659 Y-7.782 Z85.189 E197.05189
G1 X14.01 Y-7.294 Z85.195 E197.33459
G1 X14.115 Y-6.958 Z85.198 E197.50014
G1 X14.145 Y-6.443 Z85.203 E197.74275
G1 X14.019 Y-5.503 Z85.213 E198.18878
G1 X13.84 Y-4.769 Z85.221 E198.54409
G1 X13.447 Y-3.455 Z85.234 E199.18909
G1 X12.87 Y-1.772 Z85.252 E200.02581
G1 X10.857 Y3.909 Z85.312 E202.86028
G1 X10.657 Y4.49 Z85.319 E203.14925
G1 X8.62 Y10.165 Z85.379 E205.98485
G1 X8.421 Y10.737 Z85.385 E206.26967
G1 X7.986 Y11.914 Z85.397 E206.85979
G1 X7.463 Y13.233 Z85.412 E207.52709
G1 X7.095 Y14.048 Z85.421 E207.94764
G1 X6.527 Y15.023 Z85.432 E208.4783
G1 X6.101 Y15.482 Z85.438 E208.7728
G1 X5.752 Y15.689 Z85.442 E208.96363
G1 X5.311 Y15.787 Z85.447 E209.17609
G1 X4.582 Y15.763 Z85.454 E209.51911
G1 X3.331 Y15.52 Z85.467 E210.11844
G1 X1.35 Y14.879 Z85.488 E211.09764
G1 X0.178 Y14.47 Z85.5 E211.68141
;TIME_ELAPSED:480.691916
;LAYER:85
;note -- min layer time used
;TYPE:WALL-OUTER
;MESH:twised-square.stl
G1 F1199.7 X-3.562 Y13.125 Z85.54 E213.55057
G1 X-6.622 Y12.027 Z85.572 E215.07949
G1 X-9.971 Y10.806 Z85.608 E216.75589
G1 X-13.012 Y9.702 Z85.64 E218.27736
G1 X-15.143 Y8.862 Z85.663 E219.35459
G1 X-16.618 Y8.166 Z85.68 E220.12162
G1 X-17.209 Y7.768 Z85.687 E220.45671
G1 X-17.722 Y7.191 Z85.694 E220.8198
G1 X-17.859 Y6.814 Z85.698 E221.00844
G1 X-17.905 Y6.462 Z85.702 E221.17539
G1 X-17.891 Y5.902 Z85.708 E221.43884
G1 X-17.729 Y5.125 Z85.715 E221.81211
G1 X-17.555 Y4.446 Z85.722 E222.14175
G1 X-17.15 Y3.15 Z85.736 E222.78031
G1 X-16.553 Y1.46 Z85.754 E223.62323
G1 X-15.365 Y-1.784 Z85.789 E225.24793
G1 X-14.298 Y-4.739 Z85.82 E226.72545
G1 X-13.088 Y-8.001 Z85.855 E228.36167
G1 X-12.01 Y-10.952 Z85.886 E229.83918
G1 X-11.201 Y-13.036 Z85.909 E230.89052
G1 X-10.636 Y-14.241 Z85.922 E231.51642
G1 X-10.066 Y-15.163 Z85.933 E232.02619
G1 X-9.536 Y-15.658 Z85.94 E232.36725
G1 X-9.088 Y-15.825 Z85.945 E232.5921
G1 X-8.655 Y-15.851 Z85.949 E232.7961
G1 X-8.324 Y-15.838 Z85.952 E232.95188
G1 X-7.519 Y-15.695 Z85.961 E233.3364
G1 X-6.774 Y-15.499 Z85.968 E233.69868
G1 X-5.416 Y-15.062 Z85.983 E234.36959
G1 X-3.702 Y-14.444 Z86.001 E235.22645
G1 X-.366 Y-13.188 Z86.036 E236.90284
G1 X2.684 Y-12.062 Z86.069 E238.43185
G1 X6.016 Y-10.79 Z86.105 E240.10915
G1 X9.043 Y-9.661 Z86.137 E241.6285
G1 X10.216 Y-9.204 Z86.15 E242.22054
G1 X11.604 Y-8.625 Z86.165 E242.92781
G1 X12.445 Y-8.224 Z86.174 E243.36598
G1 X13.431 Y-7.63 Z86.185 E243.90733
G1 X13.839 Y-7.248 Z86.191 E244.17018
G1 X14.055 Y-6.908 Z86.195 E244.35962
G1 X14.154 Y-6.595 Z86.198 E244.514
G1 X14.189 Y-6.166 Z86.203 E244.71643
G1 X14.104 Y-5.381 Z86.211 E245.08777
G1 X13.704 Y-3.907 Z86.226 E245.80604
G1 X13.229 Y-2.529 Z86.24 E246.49151
G1 X12.815 Y-1.407 Z86.252 E247.05395
G1 X11.567 Y1.839 Z86.287 E248.68944
G1 X10.468 Y4.783 Z86.319 E250.1673
G1 X9.205 Y8.025 Z86.353 E251.80358
G1 X8.094 Y10.966 Z86.385 E253.28209
G1 X7.458 Y12.567 Z86.402 E254.09226
G1 X6.874 Y13.883 Z86.416 E254.76936
G1 X6.536 Y14.528 Z86.424 E255.11182
G1 X6.107 Y15.188 Z86.432 E255.48202
G1 X5.604 Y15.685 Z86.439 E255.81457
G1 X5.153 Y15.881 Z86.444 E256.04583
G1 X4.703 Y15.925 Z86.448 E256.25847
G1 X4.372 Y15.907 Z86.451 E256.41436
G1 X3.557 Y15.764 Z86.46 E256.80351
G1 X2.807 Y15.561 Z86.467 E257.16891
G1 X1.434 Y15.11 Z86.482 E257.84856
G1 X-.257 Y14.475 Z86.5 E258.69804
;TIME_ELAPSED:485.697103
;LAYER:86
;note -- min layer time used
;TYPE:WALL-OUTER
;MESH:twised-square.stl
G1 F1199.6 X-1.503 Y13.989 Z86.513 E259.32701
G1 X-6.979 Y11.884 Z86.572 E262.08603
G1 X-7.884 Y11.526 Z86.582 E262.54373
G1 X-13.372 Y9.393 Z86.641 E265.31275
G1 X-15.102 Y8.698 Z86.659 E266.18955
G1 X-16.369 Y8.098 Z86.673 E266.84884
G1 X-17.069 Y7.701 Z86.681 E267.2273
G1 X-17.84 Y7.061 Z86.691 E267.69853
G1 X-18.083 Y6.67 Z86.696 E267.91504
G1 X-18.176 Y6.388 Z86.699 E268.05468
G1 X-18.203 Y6.054 Z86.702 E268.21227
G1 X-18.184 Y5.626 Z86.707 E268.41375
G1 X-18.129 Y5.26 Z86.71 E268.58781
G1 X-17.927 Y4.398 Z86.719 E269.00418
G1 X-17.582 Y3.326 Z86.73 E269.53379
G1 X-16.762 Y1.123 Z86.754 E270.63928
G1 X-16.415 Y0.251 Z86.763 E271.08065
G1 X-14.356 Y-5.051 Z86.82 E273.75553
G1 X-14.015 Y-5.899 Z86.829 E274.18537
G1 X-11.939 Y-11.181 Z86.886 E276.8544
G1 X-11.482 Y-12.305 Z86.898 E277.42503
G1 X-10.783 Y-13.881 Z86.916 E278.23584
G1 X-10.32 Y-14.723 Z86.925 E278.68773
G1 X-9.756 Y-15.487 Z86.935 E279.13433
G1 X-9.342 Y-15.813 Z86.94 E279.38215
G1 X-9.001 Y-15.946 Z86.944 E279.55428
G1 X-8.525 Y-15.988 Z86.948 E279.77901
G1 X-7.903 Y-15.914 Z86.955 E280.07359
G1 X-6.998 Y-15.702 Z86.964 E280.51072
G1 X-6.133 Y-15.424 Z86.973 E280.93801
G1 X-4.726 Y-14.913 Z86.988 E281.642
G1 X-3.538 Y-14.45 Z87.001 E282.24163
G1 X-2.663 Y-14.093 Z87.01 E282.68606
G1 X2.786 Y-11.926 Z87.069 E285.44387
G1 X3.686 Y-11.554 Z87.079 E285.90186
G1 X9.151 Y-9.355 Z87.138 E288.67224
G1 X10.788 Y-8.671 Z87.155 E289.5066
G1 X12.51 Y-7.849 Z87.174 E290.40397
G1 X13.352 Y-7.333 Z87.184 E290.8684
G1 X13.648 Y-7.097 Z87.188 E291.04643
G1 X14 Y-6.686 Z87.193 E291.30092
G1 X14.155 Y-6.356 Z87.197 E291.47238
G1 X14.223 Y-6.003 Z87.201 E291.64145
G1 X14.204 Y-5.418 Z87.207 E291.91671
G1 X13.962 Y-4.346 Z87.218 E292.43355
G1 X13.692 Y-3.497 Z87.226 E292.85252
G1 X13.203 Y-2.175 Z87.241 E293.51541
G1 X12.744 Y-1.016 Z87.253 E294.10166
G1 X12.395 Y-.176 Z87.262 E294.52944
G1 X10.275 Y5.077 Z87.319 E297.19346
G1 X9.911 Y5.941 Z87.328 E297.63438
G1 X7.765 Y11.193 Z87.385 E300.30256
G1 X7.086 Y12.797 Z87.402 E301.12171
G1 X6.487 Y14.064 Z87.416 E301.7808
G1 X5.96 Y14.985 Z87.427 E302.27983
G1 X5.466 Y15.601 Z87.435 E302.65118
G1 X5.127 Y15.866 Z87.439 E302.85353
G1 X4.798 Y16.003 Z87.443 E303.02114
G1 X4.315 Y16.055 Z87.448 E303.2496
G1 X3.683 Y15.988 Z87.454 E303.54848
G1 X2.772 Y15.768 Z87.463 E303.98923
G1 X1.897 Y15.481 Z87.473 E304.42231
G1 X0.489 Y14.951 Z87.488 E305.12983
G1 X-.661 Y14.491 Z87.5 E305.71232
;TIME_ELAPSED:490.701754
;LAYER:87
;note -- min layer time used
;TYPE:WALL-OUTER
;MESH:twised-square.stl
G1 F1200.8 X-5.854 Y12.354 Z87.556 E308.35323
G1 X-7.39 Y11.717 Z87.573 E309.13524
G1 X-12.191 Y9.723 Z87.625 E311.58009
G1 X-13.704 Y9.092 Z87.641 E312.35103
G1 X-15.827 Y8.152 Z87.664 E313.44294
G1 X-17.24 Y7.388 Z87.68 E314.19837
G1 X-18.047 Y6.766 Z87.691 E314.67755
G1 X-18.39 Y6.255 Z87.697 E314.96698
G1 X-18.481 Y5.923 Z87.7 E315.12888
G1 X-18.51 Y5.58 Z87.704 E315.29076
G1 X-18.451 Y5.055 Z87.709 E315.53922
G1 X-18.19 Y4.006 Z87.72 E316.04759
G1 X-17.916 Y3.176 Z87.728 E316.45864
G1 X-17.404 Y1.871 Z87.742 E317.11791
G1 X-16.947 Y0.741 Z87.755 E317.69116
G1 X-15.02 Y-3.883 Z87.805 E320.04704
G1 X-14.417 Y-5.34 Z87.82 E320.78861
G1 X-12.47 Y-9.954 Z87.87 E323.1438
G1 X-11.864 Y-11.406 Z87.886 E323.88374
G1 X-11.159 Y-13.008 Z87.904 E324.70687
G1 X-10.562 Y-14.236 Z87.917 E325.34902
G1 X-9.996 Y-15.162 Z87.928 E325.85941
G1 X-9.729 Y-15.519 Z87.933 E326.06907
G1 X-9.295 Y-15.899 Z87.938 E326.34035
G1 X-8.979 Y-16.05 Z87.942 E326.50506
G1 X-8.601 Y-16.112 Z87.946 E326.6852
G1 X-8.346 Y-16.111 Z87.948 E326.80512
G1 X-7.503 Y-15.987 Z87.957 E327.20584
G1 X-6.206 Y-15.589 Z87.97 E327.84388
G1 X-4.563 Y-14.95 Z87.988 E328.67294
G1 X-3.389 Y-14.461 Z88.001 E329.27104
G1 X1.412 Y-12.408 Z88.053 E331.72666
G1 X2.925 Y-11.772 Z88.069 E332.49851
G1 X7.718 Y-9.698 Z88.121 E334.95458
G1 X9.227 Y-9.058 Z88.138 E335.72544
G1 X11.337 Y-8.112 Z88.161 E336.81291
G1 X12.763 Y-7.362 Z88.177 E337.57064
G1 X13.371 Y-6.959 Z88.184 E337.91368
G1 X13.879 Y-6.5 Z88.191 E338.23566
G1 X14.146 Y-6.085 Z88.196 E338.46774
G1 X14.241 Y-5.738 Z88.2 E338.63693
G1 X14.262 Y-5.32 Z88.204 E338.83376
G1 X14.14 Y-4.557 Z88.212 E339.19715
G1 X13.837 Y-3.534 Z88.222 E339.69891
G1 X13.362 Y-2.271 Z88.236 E340.3335
G1 X12.683 Y-.654 Z88.253 E341.15828
G1 X10.687 Y3.936 Z88.303 E343.51217
G1 X10.07 Y5.391 Z88.319 E344.25542
G1 X8.053 Y9.974 Z88.369 E346.61024
G1 X7.434 Y11.421 Z88.385 E347.3504
G1 X6.725 Y12.994 Z88.402 E348.16184
G1 X6.091 Y14.257 Z88.416 E348.82644
G1 X5.418 Y15.336 Z88.429 E349.4245
G1 X5.008 Y15.79 Z88.435 E349.71219
G1 X4.52 Y16.095 Z88.441 E349.98283
G1 X4.146 Y16.176 Z88.445 E350.1628
G1 X3.874 Y16.181 Z88.447 E350.29073
G1 X3.243 Y16.099 Z88.454 E350.58998
G1 X2.329 Y15.854 Z88.463 E351.035
G1 X1.467 Y15.55 Z88.472 E351.46486
G1 X0.081 Y14.993 Z88.487 E352.16734
G1 X-1.102 Y14.486 Z88.5 E352.77263
;TIME_ELAPSED:495.706409
;LAYER:88
;note -- min layer time used
;TYPE:WALL-OUTER
;MESH:twised-square.stl
G1 F1201.2 X-3.82 Y13.288 Z88.53 E354.16953
G1 X-7.742 Y11.576 Z88.572 E356.18206
G1 X-10.126 Y10.513 Z88.599 E357.40964
G1 X-14.043 Y8.782 Z88.641 E359.42361
G1 X-16.141 Y7.803 Z88.664 E360.51241
G1 X-17.56 Y6.991 Z88.681 E361.28128
G1 X-18.481 Y6.204 Z88.693 E361.85101
G1 X-18.725 Y5.723 Z88.698 E362.10466
G1 X-18.782 Y5.387 Z88.702 E362.26494
G1 X-18.785 Y4.98 Z88.706 E362.45635
G1 X-18.668 Y4.418 Z88.711 E362.72631
G1 X-18.395 Y3.45 Z88.721 E363.19931
G1 X-17.822 Y1.972 Z88.737 E363.9448
G1 X-17.135 Y0.372 Z88.755 E364.7637
G1 X-16.119 Y-1.896 Z88.78 E365.93244
G1 X-14.474 Y-5.634 Z88.82 E367.85307
G1 X-13.447 Y-7.897 Z88.845 E369.0218
G1 X-11.775 Y-11.652 Z88.886 E370.95488
G1 X-11.081 Y-13.148 Z88.903 E371.73045
G1 X-10.4 Y-14.456 Z88.917 E372.42396
G1 X-9.719 Y-15.502 Z88.93 E373.01095
G1 X-9.291 Y-15.934 Z88.936 E373.29694
G1 X-8.909 Y-16.151 Z88.94 E373.50355
G1 X-8.541 Y-16.238 Z88.944 E373.68139
G1 X-7.987 Y-16.216 Z88.95 E373.94214
G1 X-7.274 Y-16.08 Z88.957 E374.2835
G1 X-5.778 Y-15.56 Z88.973 E375.02834
G1 X-4.372 Y-14.972 Z88.988 E375.74506
G1 X-3.209 Y-14.457 Z89.001 E376.34323
G1 X-.859 Y-13.377 Z89.027 E377.55953
G1 X3.044 Y-11.624 Z89.069 E379.5717
G1 X5.412 Y-10.525 Z89.095 E380.79943
G1 X9.331 Y-8.745 Z89.138 E382.82368
G1 X10.911 Y-8.003 Z89.156 E383.6446
G1 X11.812 Y-7.54 Z89.166 E384.121
G1 X12.836 Y-6.967 Z89.178 E384.67284
G1 X13.786 Y-6.233 Z89.19 E385.23744
G1 X14.142 Y-5.758 Z89.196 E385.5166
G1 X14.262 Y-5.407 Z89.199 E385.69105
G1 X14.291 Y-5.027 Z89.203 E385.87028
G1 X14.211 Y-4.38 Z89.21 E386.17687
G1 X13.92 Y-3.364 Z89.22 E386.67389
G1 X13.329 Y-1.881 Z89.236 E387.42467
G1 X12.614 Y-.284 Z89.254 E388.24756
G1 X11.561 Y1.966 Z89.278 E389.41585
G1 X9.869 Y5.686 Z89.319 E391.33778
G1 X8.808 Y7.932 Z89.344 E392.50598
G1 X7.101 Y11.648 Z89.385 E394.42913
G1 X6.38 Y13.153 Z89.402 E395.21394
G1 X5.482 Y14.804 Z89.42 E396.09781
G1 X5.136 Y15.327 Z89.427 E396.39272
G1 X4.595 Y15.936 Z89.435 E396.77582
G1 X4.201 Y16.194 Z89.439 E396.9973
G1 X3.826 Y16.298 Z89.443 E397.18031
G1 X3.243 Y16.29 Z89.449 E397.45452
G1 X2.829 Y16.215 Z89.453 E397.65238
G1 X1.89 Y15.94 Z89.463 E398.11253
G1 X1.03 Y15.614 Z89.472 E398.54506
G1 X-.364 Y15.016 Z89.488 E399.25842
G1 X-1.502 Y14.498 Z89.5 E399.84644
;TIME_ELAPSED:500.711601
;LAYER:89
;note -- min layer time used
;TYPE:WALL-OUTER
;MESH:twised-square.stl
G1 F1202.7 X-14.354 Y8.482 Z89.642 E406.51999
G1 X-15.975 Y7.699 Z89.66 E407.3666
G1 X-17.416 Y6.904 Z89.676 E408.14058
G1 X-18.252 Y6.301 Z89.686 E408.62534
G1 X-18.629 Y5.951 Z89.691 E408.86726
G1 X-18.991 Y5.398 Z89.698 E409.1781
G1 X-19.063 Y5.025 Z89.702 E409.35676
G1 X-19.058 Y4.651 Z89.706 E409.53266
G1 X-18.938 Y3.999 Z89.712 E409.84444
G1 X-18.798 Y3.488 Z89.717 E410.09361
G1 X-18.373 Y2.372 Z89.729 E410.65522
G1 X-17.804 Y1.065 Z89.744 E411.32561
G1 X-17.305 Y-0.014 Z89.755 E411.88468
G1 X-11.7 Y-11.858 Z89.886 E418.047
G1 X-10.915 Y-13.447 Z89.904 E418.8805
G1 X-10.259 Y-14.631 Z89.917 E419.51707
G1 X-9.864 Y-15.243 Z89.925 E419.85964
G1 X-9.391 Y-15.834 Z89.932 E420.21563
G1 X-8.997 Y-16.161 Z89.937 E420.45643
G1 X-8.633 Y-16.322 Z89.941 E420.64361
G1 X-8.262 Y-16.367 Z89.945 E420.81936
G1 X-7.766 Y-16.33 Z89.95 E421.05328
G1 X-7.364 Y-16.249 Z89.954 E421.24613
G1 X-6.446 Y-15.95 Z89.964 E421.70018
G1 X-5.592 Y-15.621 Z89.973 E422.13058
G1 X-4.197 Y-15 Z89.988 E422.84869
G1 X-3.054 Y-14.462 Z90.001 E423.4428
G1 X9.404 Y-8.44 Z90.139 E429.95023
G1 X10.983 Y-7.652 Z90.156 E430.78015
G1 X12.412 Y-6.876 Z90.173 E431.54489
G1 X13.269 Y-6.296 Z90.183 E432.03155
G1 X13.679 Y-5.964 Z90.188 E432.27965
G1 X14.119 Y-5.44 Z90.195 E432.60144
G1 X14.28 Y-5.044 Z90.199 E432.80248
G1 X14.315 Y-4.642 Z90.203 E432.99225
G1 X14.258 Y-4.139 Z90.208 E433.23032
G1 X14.068 Y-3.41 Z90.216 E433.58461
G1 X13.632 Y-2.279 Z90.228 E434.15466
G1 X13.043 Y-.97 Z90.242 E434.82971
G1 X12.53 Y0.107 Z90.254 E435.39074
G1 X6.758 Y11.886 Z90.385 E441.55959
G1 X6.002 Y13.379 Z90.402 E442.34661
G1 X5.302 Y14.631 Z90.416 E443.02119
G1 X4.902 Y15.25 Z90.423 E443.36779
G1 X4.428 Y15.843 Z90.431 E443.72481
G1 X3.863 Y16.293 Z90.438 E444.0645
G1 X3.492 Y16.417 Z90.442 E444.24847
G1 X2.782 Y16.404 Z90.449 E444.58243
G1 X2.382 Y16.322 Z90.453 E444.77445
G1 X1.451 Y16.025 Z90.463 E445.23403
G1 X0.6 Y15.678 Z90.472 E445.66624
G1 X-.791 Y15.043 Z90.487 E446.38535
G1 X-1.93 Y14.494 Z90.5 E446.97998
;TIME_ELAPSED:505.716799
;LAYER:90
;note -- min layer time used
;TYPE:WALL-OUTER
;MESH:twised-square.stl
G1 F1204.1 X-6.091 Y12.441 Z90.546 E449.16207
G1 X-8.506 Y11.246 Z90.573 E450.42925
G1 X-12.309 Y9.351 Z90.615 E452.42749
G1 X-14.721 Y8.146 Z90.642 E453.69551
G1 X-16.772 Y7.07 Z90.665 E454.78474
G1 X-18.162 Y6.211 Z90.682 E455.5532
G1 X-19.057 Y5.371 Z90.694 E456.13045
G1 X-19.288 Y4.875 Z90.699 E456.38777
G1 X-19.343 Y4.538 Z90.703 E456.54836
G1 X-19.307 Y4.093 Z90.707 E456.75832
G1 X-19.193 Y3.546 Z90.713 E457.02109
G1 X-19.046 Y3.103 Z90.717 E457.2406
G1 X-18.59 Y1.961 Z90.73 E457.8189
G1 X-17.994 Y0.673 Z90.744 E458.48634
G1 X-17.478 Y-.387 Z90.756 E459.04077
G1 X-15.677 Y-3.983 Z90.796 E460.93217
G1 X-14.555 Y-6.24 Z90.821 E462.11753
G1 X-12.74 Y-9.83 Z90.861 E464.00936
G1 X-11.599 Y-12.105 Z90.886 E465.20629
G1 X-11.043 Y-13.182 Z90.898 E465.7763
G1 X-10.362 Y-14.407 Z90.912 E466.43544
G1 X-9.535 Y-15.638 Z90.927 E467.13288
G1 X-9.057 Y-16.14 Z90.934 E467.45887
G1 X-8.659 Y-16.395 Z90.939 E467.68116
G1 X-8.357 Y-16.475 Z90.942 E467.82809
G1 X-8.026 Y-16.496 Z90.945 E467.98407
G1 X-7.398 Y-16.414 Z90.951 E468.28191
G1 X-6.258 Y-16.043 Z90.963 E468.84572
G1 X-5.403 Y-15.68 Z90.973 E469.28255
G1 X-4.035 Y-15.033 Z90.988 E469.99423
G1 X-2.89 Y-14.463 Z91 E470.59574
G1 X0.912 Y-12.514 Z91.043 E472.60502
G1 X3.296 Y-11.311 Z91.07 E473.86085
G1 X7.092 Y-9.347 Z91.112 E475.87084
G1 X9.472 Y-8.135 Z91.139 E477.1269
G1 X11.104 Y-7.272 Z91.157 E477.99511
G1 X12.758 Y-6.291 Z91.176 E478.89949
G1 X13.714 Y-5.548 Z91.188 E479.4689
G1 X14.161 Y-4.992 Z91.196 E479.80441
G1 X14.3 Y-4.636 Z91.199 E479.98414
G1 X14.327 Y-4.073 Z91.205 E480.24922
G1 X14.212 Y-3.475 Z91.211 E480.5356
G1 X13.791 Y-2.301 Z91.223 E481.12215
G1 X13.236 Y-1.08 Z91.237 E481.75291
G1 X12.451 Y0.482 Z91.254 E482.57504
G1 X10.595 Y4.048 Z91.294 E484.46564
G1 X9.451 Y6.296 Z91.319 E485.65187
G1 X7.578 Y9.856 Z91.36 E487.54367
G1 X6.415 Y12.121 Z91.385 E488.74108
G1 X5.861 Y13.161 Z91.397 E489.29525
G1 X5.017 Y14.651 Z91.414 E490.10059
G1 X4.492 Y15.425 Z91.423 E490.54042
G1 X3.884 Y16.12 Z91.432 E490.97469
G1 X3.51 Y16.395 Z91.437 E491.19301
G1 X3.183 Y16.524 Z91.44 E491.35833
G1 X2.806 Y16.567 Z91.444 E491.53677
G1 X2.168 Y16.486 Z91.451 E491.83923
G1 X1.674 Y16.348 Z91.456 E492.08044
G1 X0.624 Y15.946 Z91.467 E492.6092
G1 X-.665 Y15.349 Z91.481 E493.27726
G1 X-2.358 Y14.486 Z91.5 E494.17093
;TIME_ELAPSED:510.721466
;LAYER:91
;note -- min layer time used
;TYPE:WALL-OUTER
;MESH:twised-square.stl
G1 F1205.3 X-4.099 Y13.568 Z91.52 E495.09655
G1 X-8.845 Y11.097 Z91.573 E497.61293
G1 X-10.277 Y10.334 Z91.589 E498.37601
G1 X-15.031 Y7.833 Z91.643 E500.90227
G1 X-17.062 Y6.711 Z91.666 E501.99349
G1 X-18.297 Y5.904 Z91.68 E502.68729
G1 X-19.2 Y5.105 Z91.692 E503.25434
G1 X-19.543 Y4.533 Z91.699 E503.568
G1 X-19.598 Y4.185 Z91.702 E503.73369
G1 X-19.593 Y3.871 Z91.706 E503.88138
G1 X-19.503 Y3.345 Z91.711 E504.13235
G1 X-19.384 Y2.945 Z91.715 E504.32861
G1 X-18.989 Y1.966 Z91.726 E504.82509
G1 X-18.436 Y0.793 Z91.738 E505.43496
G1 X-17.641 Y-.757 Z91.756 E506.2542
G1 X-16.924 Y-2.098 Z91.771 E506.96934
G1 X-14.582 Y-6.556 Z91.821 E509.33758
G1 X-13.869 Y-7.872 Z91.836 E510.04148
G1 X-11.516 Y-12.305 Z91.886 E512.40175
G1 X-10.689 Y-13.8 Z91.903 E513.20523
G1 X-9.719 Y-15.337 Z91.921 E514.05997
G1 X-9.362 Y-15.806 Z91.927 E514.33717
G1 X-8.871 Y-16.29 Z91.934 E514.66141
G1 X-8.472 Y-16.528 Z91.938 E514.87989
G1 X-8.144 Y-16.613 Z91.942 E515.03925
G1 X-7.743 Y-16.613 Z91.946 E515.22783
G1 X-7.183 Y-16.511 Z91.951 E515.49552
G1 X-6.071 Y-16.126 Z91.963 E516.04894
G1 X-5.208 Y-15.736 Z91.973 E516.49432
G1 X-3.87 Y-15.064 Z91.987 E517.19846
G1 X-2.726 Y-14.461 Z92 E517.80664
G1 X-1.3 Y-13.681 Z92.017 E518.57104
G1 X3.433 Y-11.146 Z92.07 E521.09607
G1 X4.836 Y-10.37 Z92.086 E521.85008
G1 X9.562 Y-7.815 Z92.139 E524.37667
G1 X11.091 Y-6.962 Z92.157 E525.20007
G1 X12.01 Y-6.408 Z92.168 E525.70472
G1 X12.967 Y-5.782 Z92.179 E526.24252
G1 X13.762 Y-5.116 Z92.189 E526.73026
G1 X14.174 Y-4.579 Z92.196 E527.04857
G1 X14.305 Y-4.235 Z92.2 E527.22168
G1 X14.351 Y-3.898 Z92.203 E527.38164
G1 X14.305 Y-3.433 Z92.208 E527.60139
G1 X14.045 Y-2.565 Z92.217 E528.02752
G1 X13.68 Y-1.686 Z92.226 E528.47512
G1 X12.921 Y-.181 Z92.243 E529.26782
G1 X12.368 Y0.858 Z92.255 E529.82135
G1 X11.63 Y2.186 Z92.27 E530.53585
G1 X9.241 Y6.594 Z92.32 E532.89375
G1 X8.497 Y7.919 Z92.335 E533.6084
G1 X6.089 Y12.322 Z92.385 E535.96851
G1 X5.269 Y13.77 Z92.401 E536.7511
G1 X4.504 Y15.001 Z92.416 E537.43271
G1 X3.885 Y15.838 Z92.426 E537.92228
G1 X3.581 Y16.164 Z92.431 E538.13192
G1 X3.099 Y16.529 Z92.437 E538.41626
G1 X2.72 Y16.669 Z92.441 E538.60627
G1 X2.274 Y16.688 Z92.445 E538.8162
G1 X1.699 Y16.588 Z92.451 E539.09068
G1 X0.586 Y16.193 Z92.463 E539.6461
G1 X-.272 Y15.797 Z92.472 E540.0905
G1 X-1.613 Y15.11 Z92.487 E540.7991
G1 X-2.75 Y14.493 Z92.5 E541.40748
;TIME_ELAPSED:515.726674
;LAYER:92
;note -- min layer time used
;TYPE:WALL-OUTER
;MESH:twised-square.stl
G1 F1208 X-8.302 Y11.433 Z92.563 E544.38883
G1 X-9.21 Y10.928 Z92.573 E544.87745
G1 X-14.421 Y8.028 Z92.633 E547.68205
G1 X-15.351 Y7.51 Z92.643 E548.18269
G1 X-16.891 Y6.632 Z92.661 E549.01637
G1 X-18.038 Y5.896 Z92.674 E549.65729
G1 X-18.859 Y5.277 Z92.684 E550.14084
G1 X-19.592 Y4.537 Z92.695 E550.63068
G1 X-19.801 Y4.09 Z92.7 E550.86274
G1 X-19.86 Y3.773 Z92.703 E551.01438
G1 X-19.841 Y3.42 Z92.706 E551.18063
G1 X-19.737 Y2.896 Z92.712 E551.43187
G1 X-19.371 Y1.918 Z92.722 E551.92297
G1 X-18.999 Y1.131 Z92.731 E552.33235
G1 X-18.353 Y-.116 Z92.745 E552.99282
G1 X-17.787 Y-1.15 Z92.756 E553.54718
G1 X-15.081 Y-6 Z92.812 E556.15907
G1 X-14.612 Y-6.847 Z92.821 E556.61439
G1 X-11.886 Y-11.686 Z92.876 E559.22637
G1 X-11.401 Y-12.553 Z92.886 E559.69357
G1 X-10.816 Y-13.567 Z92.898 E560.24411
G1 X-10.068 Y-14.767 Z92.912 E560.90911
G1 X-9.567 Y-15.506 Z92.921 E561.329
G1 X-8.849 Y-16.316 Z92.932 E561.83804
G1 X-8.351 Y-16.64 Z92.937 E562.11745
G1 X-7.984 Y-16.74 Z92.941 E562.29634
G1 X-7.552 Y-16.738 Z92.946 E562.49951
G1 X-6.98 Y-16.619 Z92.951 E562.77427
G1 X-5.867 Y-16.2 Z92.963 E563.33356
G1 X-5.027 Y-15.797 Z92.972 E563.77171
G1 X-3.674 Y-15.078 Z92.988 E564.49228
G1 X-2.543 Y-14.447 Z93 E565.10135
G1 X2.638 Y-11.498 Z93.06 E567.90496
G1 X3.546 Y-10.989 Z93.07 E568.3945
G1 X8.718 Y-8.017 Z93.129 E571.19981
G1 X9.62 Y-7.507 Z93.14 E571.68712
G1 X11.186 Y-6.586 Z93.158 E572.54152
G1 X12.052 Y-6.041 Z93.168 E573.02272
G1 X13.016 Y-5.378 Z93.179 E573.57295
G1 X13.606 Y-4.883 Z93.187 E573.93514
G1 X14.057 Y-4.377 Z93.194 E574.25391
G1 X14.297 Y-3.918 Z93.199 E574.4975
G1 X14.359 Y-3.537 Z93.203 E574.67904
G1 X14.306 Y-3.021 Z93.208 E574.92298
G1 X14.211 Y-2.644 Z93.212 E575.10582
G1 X13.896 Y-1.815 Z93.221 E575.52289
G1 X13.522 Y-1.035 Z93.229 E575.9297
G1 X12.85 Y0.222 Z93.243 E576.60002
G1 X12.27 Y1.254 Z93.255 E577.15676
G1 X9.497 Y6.062 Z93.31 E579.76702
G1 X9.019 Y6.908 Z93.32 E580.22399
G1 X6.224 Y11.707 Z93.375 E582.83578
G1 X5.732 Y12.572 Z93.385 E583.30378
G1 X5.135 Y13.577 Z93.397 E583.85352
G1 X4.385 Y14.771 Z93.411 E584.51663
G1 X3.653 Y15.786 Z93.423 E585.10515
G1 X3.309 Y16.173 Z93.428 E585.34866
G1 X2.777 Y16.611 Z93.435 E585.67274
G1 X2.409 Y16.772 Z93.439 E585.86165
G1 X1.841 Y16.811 Z93.445 E586.1294
G1 X1.255 Y16.693 Z93.451 E586.41052
G1 X0.138 Y16.266 Z93.462 E586.9729
G1 X-.702 Y15.856 Z93.472 E587.41249
G1 X-2.05 Y15.123 Z93.487 E588.1341
G1 X-3.187 Y14.475 Z93.5 E588.74956
;TIME_ELAPSED:520.731892
;LAYER:93
;note -- min layer time used
;TYPE:WALL-OUTER
;MESH:twised-square.stl
G1 F1209.8 X-6.333 Y12.64 Z93.536 E590.46237
G1 X-9.561 Y10.769 Z93.573 E592.21703
G1 X-12.407 Y9.09 Z93.606 E593.77102
G1 X-15.629 Y7.203 Z93.643 E595.52703
G1 X-16.77 Y6.52 Z93.656 E596.15242
G1 X-18.528 Y5.357 Z93.677 E597.14372
G1 X-19.365 Y4.655 Z93.688 E597.65747
G1 X-19.931 Y3.957 Z93.697 E598.08009
G1 X-20.079 Y3.535 Z93.701 E598.2904
G1 X-20.1 Y3.215 Z93.704 E598.44122
G1 X-20.061 Y2.807 Z93.708 E598.63397
G1 X-19.884 Y2.261 Z93.714 E598.9039
G1 X-19.414 Y1.149 Z93.726 E599.47166
G1 X-18.781 Y-0.047 Z93.74 E600.10804
G1 X-17.923 Y-1.548 Z93.757 E600.92113
G1 X-16.378 Y-4.158 Z93.787 E602.34752
G1 X-14.633 Y-7.145 Z93.821 E603.97441
G1 X-13.065 Y-9.769 Z93.851 E605.41198
G1 X-11.296 Y-12.77 Z93.886 E607.05026
G1 X-10.665 Y-13.802 Z93.898 E607.61913
G1 X-9.757 Y-15.196 Z93.914 E608.40152
G1 X-9.169 Y-15.938 Z93.924 E608.84676
G1 X-8.513 Y-16.574 Z93.933 E609.27646
G1 X-8.05 Y-16.821 Z93.938 E609.52325
G1 X-7.708 Y-16.875 Z93.942 E609.68608
G1 X-7.301 Y-16.849 Z93.946 E609.87788
G1 X-6.569 Y-16.648 Z93.953 E610.23487
G1 X-5.274 Y-16.081 Z93.967 E610.89971
G1 X-4.011 Y-15.398 Z93.981 E611.57497
G1 X-2.374 Y-14.443 Z94 E612.46626
G1 X0.455 Y-12.734 Z94.033 E614.02062
G1 X3.683 Y-10.818 Z94.07 E615.78598
G1 X6.484 Y-9.109 Z94.103 E617.32909
G1 X9.689 Y-7.189 Z94.14 E619.08613
G1 X10.821 Y-6.491 Z94.153 E619.71156
G1 X12.093 Y-5.665 Z94.168 E620.42483
G1 X12.896 Y-5.094 Z94.178 E620.88821
G1 X13.792 Y-4.302 Z94.19 E621.45061
G1 X14.167 Y-3.799 Z94.196 E621.74567
G1 X14.33 Y-3.381 Z94.2 E621.95666
G1 X14.367 Y-3.012 Z94.204 E622.13107
G1 X14.299 Y-2.552 Z94.209 E622.34976
G1 X14.015 Y-1.722 Z94.217 E622.76231
G1 X13.468 Y-.604 Z94.23 E623.34765
G1 X12.793 Y0.595 Z94.243 E623.99474
G1 X12.166 Y1.653 Z94.256 E624.57312
G1 X10.581 Y4.238 Z94.286 E625.99914
G1 X8.803 Y7.206 Z94.32 E627.62624
G1 X7.194 Y9.805 Z94.35 E629.06379
G1 X5.404 Y12.768 Z94.385 E630.69179
G1 X4.516 Y14.182 Z94.401 E631.47703
G1 X3.457 Y15.688 Z94.419 E632.34286
G1 X3.059 Y16.155 Z94.426 E632.63143
G1 X2.481 Y16.668 Z94.433 E632.99487
G1 X2.11 Y16.864 Z94.437 E633.1922
G1 X1.779 Y16.941 Z94.441 E633.35202
G1 X1.352 Y16.925 Z94.445 E633.55298
G1 X0.612 Y16.731 Z94.453 E633.91275
G1 X-.69 Y16.146 Z94.467 E634.58403
G1 X-1.952 Y15.455 Z94.481 E635.26068
G1 X-3.598 Y14.467 Z94.5 E636.16351
;TIME_ELAPSED:525.736581
;LAYER:94
;note -- min layer time used
;TYPE:WALL-OUTER
;MESH:twised-square.stl
G1 F1212.2 X-4.397 Y13.971 Z94.509 E636.60578
G1 X-9.922 Y10.592 Z94.573 E639.65153
G1 X-10.424 Y10.277 Z94.579 E639.93025
G1 X-15.935 Y6.873 Z94.643 E642.97654
G1 X-17.441 Y5.906 Z94.661 E643.81823
G1 X-18.626 Y5.098 Z94.675 E644.49274
G1 X-19.413 Y4.441 Z94.685 E644.97487
G1 X-20.088 Y3.678 Z94.696 E645.45397
G1 X-20.328 Y3.03 Z94.702 E645.77894
G1 X-20.34 Y2.694 Z94.706 E645.93706
G1 X-20.239 Y2.193 Z94.711 E646.17742
G1 X-20.014 Y1.613 Z94.717 E646.46999
G1 X-19.386 Y0.319 Z94.731 E647.14642
G1 X-18.673 Y-.914 Z94.745 E647.81625
G1 X-18.072 Y-1.903 Z94.757 E648.36051
G1 X-17.77 Y-2.383 Z94.762 E648.62721
G1 X-14.644 Y-7.444 Z94.821 E651.42475
G1 X-11.193 Y-12.971 Z94.886 E654.4891
G1 X-10.528 Y-14.007 Z94.898 E655.06805
G1 X-9.6 Y-15.368 Z94.914 E655.84274
G1 X-8.991 Y-16.104 Z94.924 E656.29201
G1 X-8.312 Y-16.723 Z94.933 E656.72411
G1 X-7.854 Y-16.951 Z94.938 E656.96471
G1 X-7.503 Y-17.002 Z94.941 E657.13151
G1 X-7.093 Y-16.964 Z94.945 E657.32516
G1 X-6.797 Y-16.893 Z94.948 E657.46831
G1 X-6.1 Y-16.638 Z94.956 E657.81735
G1 X-5.297 Y-16.267 Z94.965 E658.23335
G1 X-4.038 Y-15.562 Z94.979 E658.91195
G1 X-2.187 Y-14.426 Z95 E659.93332
G1 X-1.683 Y-14.102 Z95.006 E660.21509
G1 X3.799 Y-10.655 Z95.07 E663.26051
G1 X4.296 Y-10.333 Z95.076 E663.53901
G1 X9.754 Y-6.87 Z95.14 E666.5789
G1 X11.283 Y-5.872 Z95.158 E667.43759
G1 X12.658 Y-4.912 Z95.175 E668.22625
G1 X13.442 Y-4.246 Z95.185 E668.71003
G1 X13.988 Y-3.661 Z95.193 E669.08636
G1 X14.279 Y-3.141 Z95.199 E669.3666
G1 X14.362 Y-2.748 Z95.203 E669.5555
G1 X14.325 Y-2.294 Z95.207 E669.76972
G1 X14.17 Y-1.736 Z95.213 E670.04207
G1 X13.656 Y-.619 Z95.225 E670.62033
G1 X12.988 Y0.558 Z95.239 E671.2568
G1 X12.082 Y2.014 Z95.256 E672.06328
G1 X11.773 Y2.488 Z95.261 E672.32937
G1 X8.582 Y7.506 Z95.32 E675.12601
G1 X5.057 Y12.989 Z95.385 E678.19151
G1 X4.09 Y14.454 Z95.402 E679.01704
G1 X3.301 Y15.542 Z95.415 E679.64909
G1 X2.833 Y16.11 Z95.423 E679.99521
G1 X2.159 Y16.741 Z95.432 E680.42941
G1 X1.703 Y16.993 Z95.437 E680.67443
G1 X1.338 Y17.069 Z95.441 E680.84977
G1 X0.909 Y17.041 Z95.445 E681.05195
G1 X0.173 Y16.83 Z95.452 E681.41202
G1 X-1.125 Y16.209 Z95.467 E682.08872
G1 X-2.144 Y15.621 Z95.478 E682.642
G1 X-3.999 Y14.462 Z95.5 E683.67066
;TIME_ELAPSED:530.741278
;LAYER:95
;note -- min layer time used
;TYPE:WALL-OUTER
;MESH:twised-square.stl
G1 F1215.4 X-8.493 Y11.566 Z95.553 E686.18496
G1 X-10.275 Y10.413 Z95.574 E687.18313
G1 X-14.451 Y7.701 Z95.623 E689.52485
G1 X-16.204 Y6.563 Z95.644 E690.50775
G1 X-18.043 Y5.316 Z95.665 E691.55269
G1 X-19.205 Y4.438 Z95.68 E692.23762
G1 X-19.873 Y3.812 Z95.689 E692.66816
G1 X-20.428 Y3.069 Z95.698 E693.1043
G1 X-20.565 Y2.594 Z95.703 E693.33679
G1 X-20.554 Y2.241 Z95.706 E693.50288
G1 X-20.482 Y1.88 Z95.71 E693.676
G1 X-20.231 Y1.202 Z95.717 E694.016
G1 X-19.557 Y-.105 Z95.732 E694.70759
G1 X-18.82 Y-1.315 Z95.746 E695.37388
G1 X-18.189 Y-2.301 Z95.757 E695.92441
G1 X-15.688 Y-6.139 Z95.802 E698.07877
G1 X-14.64 Y-7.757 Z95.822 E698.98537
G1 X-12.123 Y-11.582 Z95.867 E701.13875
G1 X-11.056 Y-13.214 Z95.886 E702.05574
G1 X-10.134 Y-14.569 Z95.902 E702.8265
G1 X-9.018 Y-16.038 Z95.92 E703.69411
G1 X-8.253 Y-16.774 Z95.931 E704.19335
G1 X-7.969 Y-16.954 Z95.934 E704.35147
G1 X-7.57 Y-17.103 Z95.938 E704.55178
G1 X-7.236 Y-17.125 Z95.942 E704.7092
G1 X-6.762 Y-17.059 Z95.946 E704.93426
G1 X-6.135 Y-16.842 Z95.953 E705.24629
G1 X-5.244 Y-16.421 Z95.963 E705.70974
G1 X-4.161 Y-15.794 Z95.975 E706.29826
G1 X-1.99 Y-14.401 Z96.001 E707.51135
G1 X2.156 Y-11.645 Z96.05 E709.85265
G1 X3.913 Y-10.493 Z96.07 E710.84071
G1 X8.067 Y-7.706 Z96.12 E713.19323
G1 X9.811 Y-6.552 Z96.14 E714.17671
G1 X11.656 Y-5.277 Z96.163 E715.23142
G1 X12.602 Y-4.576 Z96.174 E715.78514
G1 X13.678 Y-3.614 Z96.188 E716.46392
G1 X14.176 Y-2.944 Z96.197 E716.85653
G1 X14.336 Y-2.491 Z96.201 E717.08246
G1 X14.361 Y-2.295 Z96.203 E717.17538
G1 X14.318 Y-1.858 Z96.208 E717.38189
G1 X14.149 Y-1.316 Z96.213 E717.64889
G1 X13.788 Y-.52 Z96.222 E718.05994
G1 X13.368 Y0.225 Z96.23 E718.46214
G1 X12.615 Y1.431 Z96.244 E719.13078
G1 X11.969 Y2.414 Z96.256 E719.68397
G1 X9.412 Y6.211 Z96.301 E721.83681
G1 X8.352 Y7.819 Z96.32 E722.74255
G1 X5.775 Y11.608 Z96.366 E724.89755
G1 X4.694 Y13.231 Z96.385 E725.81463
G1 X3.757 Y14.585 Z96.401 E726.589
G1 X2.893 Y15.723 Z96.415 E727.26096
G1 X2.054 Y16.628 Z96.427 E727.84133
G1 X1.572 Y16.986 Z96.433 E728.12369
G1 X1.194 Y17.148 Z96.437 E728.3171
G1 X0.848 Y17.195 Z96.441 E728.48132
G1 X0.359 Y17.133 Z96.446 E728.71313
G1 X-.279 Y16.919 Z96.452 E729.0296
G1 X-1.172 Y16.488 Z96.462 E729.49592
G1 X-2.247 Y15.866 Z96.474 E730.08001
G1 X-4.422 Y14.437 Z96.5 E731.3039
;TIME_ELAPSED:535.746524
;LAYER:96
;note -- min layer time used
;TYPE:WALL-OUTER
;MESH:twised-square.stl
G1 F1218.1 X-6.581 Y12.966 Z96.526 E732.53252
G1 X-10.592 Y10.261 Z96.573 E734.80771
G1 X-12.488 Y8.956 Z96.596 E735.89017
G1 X-16.489 Y6.229 Z96.644 E738.16728
G1 X-17.593 Y5.453 Z96.657 E738.8019
G1 X-18.836 Y4.536 Z96.672 E739.52833
G1 X-19.751 Y3.767 Z96.684 E740.09044
G1 X-20.553 Y2.805 Z96.696 E740.67945
G1 X-20.751 Y2.326 Z96.701 E740.9232
G1 X-20.781 Y1.953 Z96.705 E741.09919
G1 X-20.723 Y1.583 Z96.709 E741.27532
G1 X-20.649 Y1.328 Z96.711 E741.40019
G1 X-20.412 Y0.746 Z96.718 E741.69572
G1 X-20.054 Y0.055 Z96.725 E742.06171
G1 X-19.265 Y-1.246 Z96.74 E742.77728
G1 X-18.307 Y-2.685 Z96.757 E743.59027
G1 X-17.118 Y-4.407 Z96.778 E744.5744
G1 X-14.637 Y-8.052 Z96.821 E746.648
G1 X-13.44 Y-9.77 Z96.842 E747.63273
G1 X-10.941 Y-13.41 Z96.886 E749.70917
G1 X-9.976 Y-14.764 Z96.902 E750.49111
G1 X-8.82 Y-16.2 Z96.92 E751.35808
G1 X-8.396 Y-16.628 Z96.926 E751.64141
G1 X-7.763 Y-17.089 Z96.934 E752.00968
G1 X-7.358 Y-17.229 Z96.938 E752.21121
G1 X-7.02 Y-17.245 Z96.941 E752.37034
G1 X-6.531 Y-17.158 Z96.946 E752.60392
G1 X-6.139 Y-17.028 Z96.95 E752.79815
G1 X-5.046 Y-16.493 Z96.962 E753.37044
G1 X-3.962 Y-15.843 Z96.975 E753.96486
G1 X-1.802 Y-14.383 Z97 E755.19096
G1 X0.052 Y-13.077 Z97.023 E756.25749
G1 X4.031 Y-10.327 Z97.07 E758.53218
G1 X5.906 Y-8.994 Z97.093 E759.6141
G1 X9.88 Y-6.223 Z97.141 E761.8925
G1 X11.369 Y-5.154 Z97.159 E762.75453
G1 X12.209 Y-4.513 Z97.169 E763.25145
G1 X13.124 Y-3.751 Z97.181 E763.81145
G1 X13.974 Y-2.844 Z97.193 E764.39603
G1 X14.239 Y-2.371 Z97.199 E764.65101
G1 X14.335 Y-2.012 Z97.202 E764.82577
G1 X14.341 Y-1.663 Z97.206 E764.98993
G1 X14.255 Y-1.237 Z97.21 E765.19431
G1 X14.019 Y-.629 Z97.216 E765.50103
G1 X13.668 Y0.06 Z97.224 E765.86468
G1 X12.848 Y1.366 Z97.239 E766.58991
G1 X11.865 Y2.798 Z97.256 E767.40676
G1 X10.649 Y4.502 Z97.277 E768.39125
G1 X8.126 Y8.117 Z97.32 E770.46445
G1 X6.901 Y9.816 Z97.341 E771.4495
G1 X4.36 Y13.426 Z97.384 E773.52563
G1 X3.071 Y15.195 Z97.406 E774.555
G1 X2.225 Y16.193 Z97.419 E775.17029
G1 X1.794 Y16.634 Z97.425 E775.46029
G1 X1.165 Y17.113 Z97.433 E775.83211
G1 X0.761 Y17.278 Z97.437 E776.03734
G1 X0.405 Y17.317 Z97.441 E776.20576
G1 X-.304 Y17.177 Z97.448 E776.54563
G1 X-1.57 Y16.598 Z97.461 E777.20033
G1 X-2.995 Y15.686 Z97.478 E777.99598
G1 X-4.829 Y14.421 Z97.5 E779.04376
;TIME_ELAPSED:540.751780
;LAYER:97
;note -- min layer time used
;TYPE:WALL-OUTER
;MESH:twised-square.stl
G1 F1221.5 X-16.768 Y5.897 Z97.644 E785.9427
G1 X-17.83 Y5.114 Z97.657 E786.56321
G1 X-19.083 Y4.141 Z97.673 E787.30929
G1 X-19.976 Y3.34 Z97.684 E787.87344
G1 X-20.678 Y2.528 Z97.695 E788.37824
G1 X-20.862 Y2.195 Z97.699 E788.55716
G1 X-20.981 Y1.711 Z97.704 E788.79156
G1 X-20.983 Y1.403 Z97.707 E788.93641
G1 X-20.896 Y1.036 Z97.71 E789.11379
G1 X-20.701 Y0.505 Z97.716 E789.37982
G1 X-20.122 Y-.552 Z97.728 E789.94661
G1 X-19.406 Y-1.66 Z97.741 E790.56702
G1 X-18.394 Y-3.096 Z97.758 E791.3932
G1 X-10.796 Y-13.637 Z97.886 E797.50407
G1 X-9.742 Y-15.042 Z97.903 E798.33008
G1 X-8.907 Y-16.058 Z97.916 E798.94856
G1 X-7.996 Y-16.937 Z97.928 E799.5439
G1 X-7.436 Y-17.276 Z97.935 E799.85176
G1 X-6.954 Y-17.374 Z97.94 E800.08308
G1 X-6.555 Y-17.331 Z97.943 E800.2718
G1 X-5.948 Y-17.135 Z97.95 E800.57179
G1 X-5.136 Y-16.734 Z97.959 E800.99769
G1 X-4.449 Y-16.326 Z97.966 E801.37345
G1 X-3.44 Y-15.659 Z97.978 E801.94228
G1 X-1.628 Y-14.374 Z98 E802.98697
G1 X9.938 Y-5.897 Z98.141 E809.73082
G1 X10.999 Y-5.101 Z98.154 E810.35461
G1 X12.247 Y-4.119 Z98.17 E811.10144
G1 X13.151 Y-3.335 Z98.181 E811.66418
G1 X13.878 Y-2.54 Z98.192 E812.17082
G1 X14.238 Y-1.919 Z98.199 E812.50839
G1 X14.332 Y-1.495 Z98.203 E812.71263
G1 X14.306 Y-1.083 Z98.207 E812.90678
G1 X14.093 Y-.423 Z98.214 E813.23293
G1 X13.874 Y0.031 Z98.219 E813.46998
G1 X13.045 Y1.394 Z98.235 E814.22024
G1 X11.733 Y3.212 Z98.257 E815.27461
G1 X3.999 Y13.654 Z98.385 E821.38563
G1 X2.936 Y15.051 Z98.402 E822.21119
G1 X1.94 Y16.235 Z98.417 E822.93882
G1 X1.387 Y16.772 Z98.425 E823.30133
G1 X0.848 Y17.182 Z98.431 E823.61981
G1 X0.627 Y17.3 Z98.434 E823.73764
G1 X0.267 Y17.417 Z98.437 E823.91565
G1 X-.127 Y17.43 Z98.441 E824.10105
G1 X-.367 Y17.39 Z98.444 E824.21548
G1 X-.934 Y17.202 Z98.449 E824.4964
G1 X-1.722 Y16.815 Z98.458 E824.90927
G1 X-2.413 Y16.395 Z98.466 E825.28956
G1 X-3.419 Y15.715 Z98.478 E825.86061
G1 X-5.234 Y14.402 Z98.5 E826.91411
;TIME_ELAPSED:545.756512
;LAYER:98
;note -- min layer time used
;TYPE:WALL-OUTER
;MESH:twised-square.stl
G1 F1224.7 X-8.711 Y11.811 Z98.542 E828.95338
G1 X-11.26 Y9.907 Z98.574 E830.44965
G1 X-14.481 Y7.487 Z98.613 E832.34434
G1 X-17.041 Y5.559 Z98.645 E833.85152
G1 X-18.795 Y4.187 Z98.666 E834.89877
G1 X-19.726 Y3.397 Z98.678 E835.473
G1 X-20.31 Y2.812 Z98.686 E835.86174
G1 X-20.893 Y2.09 Z98.696 E836.29817
G1 X-21.075 Y1.75 Z98.699 E836.47953
G1 X-21.184 Y1.244 Z98.704 E836.72295
G1 X-21.173 Y0.923 Z98.708 E836.87401
G1 X-21.06 Y0.525 Z98.712 E837.06858
G1 X-20.77 Y-.112 Z98.718 E837.39773
G1 X-20.262 Y-.998 Z98.728 E837.87804
G1 X-19.518 Y-2.092 Z98.741 E838.50023
G1 X-18.501 Y-3.471 Z98.758 E839.30605
G1 X-16.314 Y-6.367 Z98.794 E841.01273
G1 X-14.589 Y-8.663 Z98.822 E842.3633
G1 X-12.39 Y-11.552 Z98.857 E844.07076
G1 X-10.643 Y-13.861 Z98.886 E845.43244
G1 X-9.639 Y-15.148 Z98.902 E846.20009
G1 X-8.695 Y-16.235 Z98.916 E846.87716
G1 X-7.787 Y-17.077 Z98.928 E847.45952
G1 X-7.293 Y-17.366 Z98.934 E847.72868
G1 X-7.063 Y-17.447 Z98.936 E847.84335
G1 X-6.679 Y-17.49 Z98.94 E848.02507
G1 X-6.212 Y-17.407 Z98.944 E848.24814
G1 X-5.893 Y-17.308 Z98.948 E848.40522
G1 X-5.207 Y-16.978 Z98.955 E848.76322
G1 X-4.201 Y-16.364 Z98.967 E849.31749
G1 X-3.218 Y-15.679 Z98.978 E849.88095
G1 X-1.44 Y-14.356 Z99 E850.92321
G1 X1.753 Y-11.9 Z99.04 E852.81767
G1 X4.284 Y-9.974 Z99.071 E854.3134
G1 X7.467 Y-7.504 Z99.11 E856.20816
G1 X10.012 Y-5.555 Z99.142 E857.71569
G1 X11.462 Y-4.407 Z99.16 E858.58545
G1 X12.761 Y-3.314 Z99.176 E859.38384
G1 X13.512 Y-2.552 Z99.187 E859.88699
G1 X13.869 Y-2.116 Z99.192 E860.152
G1 X14.232 Y-1.469 Z99.2 E860.5009
G1 X14.316 Y-1.066 Z99.204 E860.6945
G1 X14.293 Y-.731 Z99.207 E860.85241
G1 X14.194 Y-.315 Z99.211 E861.05351
G1 X14.062 Y0.006 Z99.215 E861.21674
G1 X13.631 Y0.793 Z99.223 E861.63872
G1 X13.169 Y1.513 Z99.232 E862.04105
G1 X12.357 Y2.626 Z99.245 E862.68897
G1 X11.616 Y3.604 Z99.257 E863.26602
G1 X9.398 Y6.448 Z99.293 E864.96217
G1 X7.652 Y8.729 Z99.321 E866.31309
G1 X5.406 Y11.581 Z99.356 E868.02033
G1 X3.637 Y13.877 Z99.385 E869.38343
G1 X2.909 Y14.791 Z99.396 E869.93295
G1 X1.813 Y16.096 Z99.413 E870.73441
G1 X1.165 Y16.746 Z99.422 E871.16605
G1 X0.771 Y17.08 Z99.427 E871.40896
G1 X0.267 Y17.399 Z99.433 E871.68947
G1 X0.054 Y17.488 Z99.435 E871.79804
G1 X-.349 Y17.558 Z99.439 E871.9904
G1 X-.84 Y17.492 Z99.444 E872.22339
G1 X-1.159 Y17.388 Z99.447 E872.38118
G1 X-1.867 Y17.054 Z99.455 E872.74933
G1 X-2.477 Y16.691 Z99.462 E873.08316
G1 X-3.306 Y16.13 Z99.472 E873.55391
G1 X-4.572 Y15.196 Z99.487 E874.29379
G1 X-5.615 Y14.396 Z99.5 E874.91197
;TIME_ELAPSED:550.761257
;LAYER:99
;note -- min layer time used
;TYPE:WALL-OUTER
;MESH:twised-square.stl
G1 F1228.8 X-6.872 Y13.404 Z99.516 E875.66503
G1 X-11.595 Y9.72 Z99.574 E878.48198
G1 X-12.579 Y8.937 Z99.586 E879.07338
G1 X-17.288 Y5.232 Z99.645 E881.89124
G1 X-18.724 Y4.067 Z99.663 E882.76087
G1 X-19.516 Y3.382 Z99.673 E883.25332
G1 X-20.425 Y2.499 Z99.686 E883.8493
G1 X-20.936 Y1.896 Z99.693 E884.22101
G1 X-21.318 Y1.152 Z99.701 E884.61433
G1 X-21.37 Y0.729 Z99.706 E884.81476
G1 X-21.342 Y0.42 Z99.709 E884.96067
G1 X-21.183 Y-0.041 Z99.713 E885.19001
G1 X-21.054 Y-.347 Z99.717 E885.34618
G1 X-20.619 Y-1.101 Z99.725 E885.75556
G1 X-19.605 Y-2.544 Z99.742 E886.58497
G1 X-18.569 Y-3.88 Z99.759 E887.38005
G1 X-17.872 Y-4.75 Z99.77 E887.90431
G1 X-14.544 Y-8.978 Z99.822 E890.43476
G1 X-13.839 Y-9.853 Z99.833 E890.96321
G1 X-10.504 Y-14.055 Z99.886 E893.48612
G1 X-9.739 Y-14.995 Z99.898 E894.05608
G1 X-8.82 Y-16.053 Z99.911 E894.71514
G1 X-8.203 Y-16.675 Z99.92 E895.12717
G1 X-7.369 Y-17.351 Z99.93 E895.63204
G1 X-6.864 Y-17.565 Z99.936 E895.88999
G1 X-6.516 Y-17.608 Z99.939 E896.05489
G1 X-5.943 Y-17.51 Z99.945 E896.32828
G1 X-5.226 Y-17.197 Z99.952 E896.6962
G1 X-4.357 Y-16.672 Z99.962 E897.17367
G1 X-3.301 Y-15.933 Z99.975 E897.77982
G1 X-1.237 Y-14.328 Z100 E899.00943
G1 X-.255 Y-13.528 Z100.013 E899.60511
G1 X4.405 Y-9.803 Z100.071 E902.41076
G1 X5.394 Y-8.99 Z100.084 E903.01285
G1 X10.049 Y-5.237 Z100.142 E905.82491
G1 X11.106 Y-4.366 Z100.155 E906.46903
G1 X12.285 Y-3.352 Z100.17 E907.20036
G1 X13.187 Y-2.495 Z100.183 E907.78549
G1 X13.712 Y-1.891 Z100.19 E908.16185
G1 X14.159 Y-1.171 Z100.199 E908.56041
G1 X14.291 Y-.677 Z100.204 E908.80088
G1 X14.276 Y-.277 Z100.208 E908.98913
G1 X14.22 Y-0.053 Z100.21 E909.09771
G1 X14.003 Y0.479 Z100.215 E909.36792
G1 X13.581 Y1.223 Z100.224 E909.77018
G1 X13.089 Y1.937 Z100.232 E910.17796
G1 X12.256 Y3.036 Z100.246 E910.82649
G1 X11.495 Y3.995 Z100.258 E911.40225
G1 X10.782 Y4.858 Z100.269 E911.9287
G1 X7.418 Y9.026 Z100.321 E914.44764
G1 X6.683 Y9.907 Z100.332 E914.98722
G1 X3.294 Y14.07 Z100.385 E917.51174
G1 X2.515 Y15.004 Z100.396 E918.08371
G1 X1.606 Y16.039 Z100.41 E918.73153
G1 X0.733 Y16.907 Z100.422 E919.31049
G1 X0.136 Y17.366 Z100.429 E919.66464
G1 X-.355 Y17.604 Z100.435 E919.92125
G1 X-.719 Y17.672 Z100.438 E920.09539
G1 X-1.304 Y17.59 Z100.444 E920.3732
G1 X-2.051 Y17.275 Z100.452 E920.75446
G1 X-3.304 Y16.482 Z100.466 E921.45183
G1 X-4.26 Y15.77 Z100.478 E922.01241
G1 X-6.022 Y14.369 Z100.5 E923.07107
;TIME_ELAPSED:555.766553
;LAYER:100
;note -- min layer time used
;TYPE:WALL-OUTER
;MESH:twised-square.stl
G1 F1232.9 X-10.753 Y10.493 Z100.56 E925.94736
G1 X-11.925 Y9.53 Z100.574 E926.66072
G1 X-16.373 Y5.858 Z100.63 E929.37327
G1 X-17.544 Y4.891 Z100.645 E930.08748
G1 X-19.249 Y3.43 Z100.667 E931.14343
G1 X-20.146 Y2.593 Z100.679 E931.7204
G1 X-21.119 Y1.451 Z100.694 E932.42598
G1 X-21.373 Y1.036 Z100.698 E932.6548
G1 X-21.542 Y0.437 Z100.704 E932.94749
G1 X-21.522 Y0.089 Z100.708 E933.11143
G1 X-21.448 Y-.246 Z100.711 E933.27277
G1 X-21.187 Y-.813 Z100.717 E933.56632
G1 X-20.522 Y-1.855 Z100.729 E934.14764
G1 X-19.742 Y-2.916 Z100.742 E934.76695
G1 X-18.653 Y-4.256 Z100.759 E935.57899
G1 X-15.353 Y-8.241 Z100.809 E938.01225
G1 X-14.504 Y-9.272 Z100.822 E938.64035
G1 X-11.188 Y-13.242 Z100.873 E941.073
G1 X-10.32 Y-14.289 Z100.886 E941.7126
G1 X-9.562 Y-15.174 Z100.897 E942.26059
G1 X-8.623 Y-16.213 Z100.911 E942.9192
G1 X-7.712 Y-17.066 Z100.923 E943.50612
G1 X-6.99 Y-17.557 Z100.931 E943.91675
G1 X-6.589 Y-17.697 Z100.936 E944.1165
G1 X-6.269 Y-17.716 Z100.939 E944.26725
G1 X-5.869 Y-17.665 Z100.943 E944.45689
G1 X-5.181 Y-17.388 Z100.95 E944.80569
G1 X-4.111 Y-16.728 Z100.962 E945.39692
G1 X-3.099 Y-15.987 Z100.974 E945.98679
G1 X-1.034 Y-14.299 Z101 E947.2411
G1 X3.394 Y-10.568 Z101.057 E949.9642
G1 X4.561 Y-9.597 Z101.071 E950.67816
G1 X8.958 Y-5.861 Z101.128 E953.39165
G1 X10.101 Y-4.905 Z101.142 E954.09242
G1 X11.593 Y-3.61 Z101.161 E955.02153
G1 X12.893 Y-2.395 Z101.179 E955.85835
G1 X13.839 Y-1.268 Z101.193 E956.55033
G1 X14.153 Y-.702 Z101.199 E956.85473
G1 X14.268 Y-.222 Z101.204 E957.08686
G1 X14.243 Y0.155 Z101.208 E957.26455
G1 X14.122 Y0.57 Z101.212 E957.46784
G1 X13.842 Y1.14 Z101.218 E957.7665
G1 X13.291 Y1.988 Z101.228 E958.2421
G1 X12.486 Y3.042 Z101.241 E958.86581
G1 X11.365 Y4.393 Z101.258 E959.69141
G1 X8.024 Y8.313 Z101.308 E962.11366
G1 X7.166 Y9.339 Z101.321 E962.74266
G1 X3.793 Y13.262 Z101.371 E965.17577
G1 X2.917 Y14.303 Z101.385 E965.81562
G1 X1.84 Y15.531 Z101.401 E966.58377
G1 X0.543 Y16.855 Z101.419 E967.45541
G1 X-.284 Y17.494 Z101.429 E967.94691
G1 X-.797 Y17.729 Z101.434 E968.21227
G1 X-1.135 Y17.783 Z101.438 E968.37325
G1 X-1.481 Y17.761 Z101.441 E968.5363
G1 X-2.072 Y17.567 Z101.447 E968.82883
G1 X-2.491 Y17.357 Z101.452 E969.04924
G1 X-3.732 Y16.532 Z101.466 E969.75006
G1 X-4.912 Y15.61 Z101.481 E970.45431
G1 X-6.432 Y14.331 Z101.5 E971.38854
;TIME_ELAPSED:560.771865
;LAYER:101
;note -- min layer time used
;TYPE:WALL-OUTER
;MESH:twised-square.stl
G1 F1237.1 X-8.95 Y12.162 Z101.532 E972.95148
G1 X-12.218 Y9.369 Z101.574 E974.9732
G1 X-14.502 Y7.383 Z101.603 E976.39661
G1 X-17.758 Y4.572 Z101.645 E978.41957
G1 X-19.189 Y3.3 Z101.664 E979.31999
G1 X-19.95 Y2.58 Z101.674 E979.81267
G1 X-20.64 Y1.843 Z101.684 E980.28747
G1 X-21.327 Y1 Z101.694 E980.79889
G1 X-21.664 Y0.253 Z101.702 E981.18429
G1 X-21.711 Y-0.001 Z101.705 E981.30577
G1 X-21.691 Y-.372 Z101.708 E981.4805
G1 X-21.487 Y-.975 Z101.714 E981.77987
G1 X-21.045 Y-1.711 Z101.723 E982.18363
G1 X-20.66 Y-2.278 Z101.729 E982.50594
G1 X-19.816 Y-3.356 Z101.743 E983.14981
G1 X-18.718 Y-4.648 Z101.759 E983.94719
G1 X-16.951 Y-6.672 Z101.785 E985.21076
G1 X-14.453 Y-9.57 Z101.822 E987.01008
G1 X-12.678 Y-11.586 Z101.848 E988.27329
G1 X-10.152 Y-14.492 Z101.886 E990.08408
G1 X-9.058 Y-15.703 Z101.901 E990.85157
G1 X-7.739 Y-17.01 Z101.919 E991.72484
G1 X-6.885 Y-17.618 Z101.93 E992.21785
G1 X-6.328 Y-17.82 Z101.935 E992.49649
G1 X-5.96 Y-17.83 Z101.939 E992.66962
G1 X-5.604 Y-17.753 Z101.942 E992.84092
G1 X-5.106 Y-17.565 Z101.948 E993.09126
G1 X-4.187 Y-17.006 Z101.958 E993.59712
G1 X-3.317 Y-16.372 Z101.969 E994.10339
G1 X-1.84 Y-15.141 Z101.987 E995.00762
G1 X-.83 Y-14.272 Z102 E995.63422
G1 X1.432 Y-12.263 Z102.029 E997.057
G1 X4.669 Y-9.435 Z102.071 E999.07845
G1 X6.921 Y-7.414 Z102.1 E1000.50148
G1 X10.152 Y-4.569 Z102.142 E1002.52608
G1 X11.58 Y-3.276 Z102.161 E1003.43204
G1 X12.326 Y-2.557 Z102.171 E1003.9193
G1 X13.352 Y-1.479 Z102.185 E1004.61918
G1 X13.965 Y-.608 Z102.196 E1005.12008
G1 X14.171 Y-.117 Z102.201 E1005.37049
G1 X14.236 Y0.261 Z102.205 E1005.55087
G1 X14.205 Y0.637 Z102.208 E1005.72829
G1 X14.011 Y1.175 Z102.214 E1005.99725
G1 X13.625 Y1.844 Z102.221 E1006.36049
G1 X13.225 Y2.409 Z102.228 E1006.68605
G1 X12.382 Y3.468 Z102.241 E1007.32261
G1 X11.251 Y4.769 Z102.258 E1008.13333
G1 X9.453 Y6.766 Z102.284 E1009.39706
G1 X6.924 Y9.636 Z102.321 E1011.19603
G1 X5.117 Y11.625 Z102.347 E1012.45981
G1 X2.561 Y14.504 Z102.384 E1014.27037
G1 X1.769 Y15.37 Z102.396 E1014.82228
G1 X0.779 Y16.395 Z102.41 E1015.49245
G1 X0.15 Y16.982 Z102.418 E1015.89706
G1 X-.557 Y17.528 Z102.427 E1016.31717
G1 X-.877 Y17.712 Z102.43 E1016.49076
G1 X-1.371 Y17.882 Z102.435 E1016.73645
G1 X-1.783 Y17.891 Z102.439 E1016.93026
G1 X-2.009 Y17.845 Z102.442 E1017.03872
G1 X-2.532 Y17.65 Z102.447 E1017.30122
G1 X-3.469 Y17.089 Z102.458 E1017.81483
G1 X-4.351 Y16.438 Z102.468 E1018.33037
G1 X-5.812 Y15.196 Z102.487 E1019.23217
G1 X-6.831 Y14.299 Z102.5 E1019.87062
;TIME_ELAPSED:565.776656
;LAYER:102
;note -- min layer time used
;TYPE:WALL-OUTER
;MESH:twised-square.stl
G1 F1241.3 X-17.996 Y4.228 Z102.645 E1026.94185
G1 X-19.411 Y2.908 Z102.664 E1027.8519
G1 X-20.41 Y1.904 Z102.678 E1028.51799
G1 X-21.337 Y0.791 Z102.692 E1029.19919
G1 X-21.789 Y-0.055 Z102.701 E1029.65027
G1 X-21.859 Y-.527 Z102.706 E1029.87468
G1 X-21.805 Y-.883 Z102.709 E1030.04401
G1 X-21.691 Y-1.25 Z102.713 E1030.22474
G1 X-21.34 Y-1.919 Z102.72 E1030.58004
G1 X-21.001 Y-2.405 Z102.726 E1030.85871
G1 X-19.852 Y-3.823 Z102.744 E1031.71702
G1 X-18.759 Y-5.049 Z102.759 E1032.48945
G1 X-9.974 Y-14.692 Z102.886 E1038.62418
G1 X-9.166 Y-15.557 Z102.897 E1039.18085
G1 X-8.151 Y-16.563 Z102.911 E1039.85292
G1 X-7.024 Y-17.509 Z102.925 E1040.5449
G1 X-6.432 Y-17.834 Z102.932 E1040.86251
G1 X-6.187 Y-17.912 Z102.934 E1040.98343
G1 X-5.775 Y-17.946 Z102.938 E1041.17784
G1 X-5.339 Y-17.854 Z102.942 E1041.3874
G1 X-5.052 Y-17.749 Z102.945 E1041.53112
G1 X-4.431 Y-17.399 Z102.952 E1041.86636
G1 X-3.941 Y-17.077 Z102.958 E1042.14211
G1 X-2.818 Y-16.191 Z102.972 E1042.81482
G1 X-1.601 Y-15.127 Z102.987 E1043.57505
G1 X-.608 Y-14.228 Z103 E1044.20499
G1 X10.201 Y-4.232 Z103.143 E1051.12882
G1 X11.613 Y-2.893 Z103.161 E1052.04396
G1 X12.608 Y-1.886 Z103.175 E1052.70973
G1 X13.309 Y-1.09 Z103.185 E1053.20854
G1 X13.684 Y-.591 Z103.191 E1053.5021
G1 X14.032 Y0.02 Z103.198 E1053.83278
G1 X14.173 Y0.469 Z103.203 E1054.05411
G1 X14.199 Y0.822 Z103.206 E1054.22057
G1 X14.13 Y1.22 Z103.21 E1054.41053
G1 X13.851 Y1.831 Z103.217 E1054.72642
G1 X13.576 Y2.267 Z103.222 E1054.96884
G1 X12.818 Y3.25 Z103.234 E1055.55261
G1 X11.928 Y4.272 Z103.247 E1056.18995
G1 X11.107 Y5.171 Z103.258 E1056.76251
G1 X2.178 Y14.728 Z103.385 E1062.91343
G1 X1.363 Y15.577 Z103.396 E1063.4669
G1 X0.367 Y16.565 Z103.41 E1064.12667
G1 X-.761 Y17.51 Z103.424 E1064.81871
G1 X-1.345 Y17.85 Z103.431 E1065.13651
G1 X-1.593 Y17.945 Z103.433 E1065.2614
G1 X-2.02 Y18.013 Z103.437 E1065.46475
G1 X-2.477 Y17.939 Z103.442 E1065.68247
G1 X-3.154 Y17.638 Z103.449 E1066.0309
G1 X-3.909 Y17.148 Z103.458 E1066.45419
G1 X-5.023 Y16.259 Z103.471 E1067.12446
G1 X-6.209 Y15.203 Z103.487 E1067.87128
G1 X-7.217 Y14.272 Z103.5 E1068.51658
;TIME_ELAPSED:570.781462
;LAYER:103
;note -- min layer time used
;TYPE:WALL-OUTER
;MESH:twised-square.stl
G1 F1246.3 X-10.934 Y10.778 Z103.549 E1070.91569
G1 X-12.849 Y8.974 Z103.574 E1072.15296
G1 X-16.314 Y5.692 Z103.62 E1074.39745
G1 X-18.224 Y3.88 Z103.646 E1075.63561
G1 X-19.59 Y2.548 Z103.664 E1076.53288
G1 X-20.337 Y1.781 Z103.674 E1077.03639
G1 X-21.023 Y1.001 Z103.684 E1077.52489
G1 X-21.768 Y-0.088 Z103.697 E1078.14541
G1 X-21.928 Y-.485 Z103.701 E1078.34671
G1 X-22 Y-1.021 Z103.706 E1078.60105
G1 X-21.949 Y-1.379 Z103.71 E1078.77111
G1 X-21.797 Y-1.734 Z103.714 E1078.95272
G1 X-21.443 Y-2.371 Z103.721 E1079.29545
G1 X-20.52 Y-3.539 Z103.735 E1079.99555
G1 X-19.624 Y-4.555 Z103.748 E1080.63262
G1 X-18.799 Y-5.441 Z103.76 E1081.20196
G1 X-15.884 Y-8.501 Z103.8 E1083.18948
G1 X-14.286 Y-10.188 Z103.823 E1084.28229
G1 X-11.377 Y-13.222 Z103.863 E1086.25902
G1 X-9.792 Y-14.885 Z103.885 E1087.33943
G1 X-8.617 Y-16.069 Z103.901 E1088.1239
G1 X-7.237 Y-17.303 Z103.919 E1088.99452
G1 X-6.356 Y-17.881 Z103.929 E1089.49005
G1 X-5.79 Y-18.053 Z103.935 E1089.76826
G1 X-5.39 Y-18.037 Z103.939 E1089.95652
G1 X-4.921 Y-17.896 Z103.944 E1090.18684
G1 X-4.61 Y-17.741 Z103.947 E1090.35025
G1 X-3.934 Y-17.321 Z103.955 E1090.72453
G1 X-2.99 Y-16.575 Z103.966 E1091.29037
G1 X-1.838 Y-15.557 Z103.981 E1092.01336
G1 X-.391 Y-14.193 Z104 E1092.94855
G1 X3.053 Y-10.857 Z104.046 E1095.20347
G1 X4.955 Y-9.039 Z104.072 E1096.44084
G1 X8.37 Y-5.703 Z104.118 E1098.68599
G1 X10.266 Y-3.876 Z104.143 E1099.92425
G1 X11.224 Y-2.928 Z104.156 E1100.55809
G1 X12.353 Y-1.765 Z104.172 E1101.32036
G1 X13.189 Y-.812 Z104.184 E1101.91655
G1 X13.664 Y-.156 Z104.192 E1102.29744
G1 X14.015 Y0.484 Z104.199 E1102.64072
G1 X14.157 Y1.043 Z104.204 E1102.91195
G1 X14.14 Y1.424 Z104.208 E1103.09131
G1 X14.022 Y1.826 Z104.212 E1103.28834
G1 X13.899 Y2.088 Z104.215 E1103.42446
G1 X13.488 Y2.731 Z104.222 E1103.78335
G1 X13.048 Y3.301 Z104.229 E1104.12199
G1 X12.168 Y4.308 Z104.242 E1104.75092
G1 X10.971 Y5.563 Z104.259 E1105.56654
G1 X8.013 Y8.58 Z104.299 E1107.55357
G1 X6.402 Y10.255 Z104.322 E1108.64652
G1 X3.444 Y13.244 Z104.362 E1110.62417
G1 X1.846 Y14.895 Z104.384 E1111.70474
G1 X0.977 Y15.759 Z104.396 E1112.28104
G1 X-0.034 Y16.716 Z104.409 E1112.93573
G1 X-.97 Y17.489 Z104.421 E1113.50663
G1 X-1.614 Y17.894 Z104.428 E1113.8644
G1 X-2.155 Y18.091 Z104.434 E1114.13517
G1 X-2.574 Y18.112 Z104.438 E1114.33247
G1 X-3.069 Y17.982 Z104.443 E1114.57315
G1 X-3.398 Y17.829 Z104.446 E1114.74379
G1 X-4.082 Y17.401 Z104.454 E1115.12325
G1 X-5.42 Y16.307 Z104.471 E1115.93605
G1 X-6.632 Y15.178 Z104.487 E1116.71502
G1 X-7.619 Y14.225 Z104.5 E1117.36025
;TIME_ELAPSED:575.786287
;LAYER:104
;note -- min layer time used
;TYPE:WALL-OUTER
;MESH:twised-square.stl
G1 F1251 X-9.223 Y12.635 Z104.522 E1118.4224
G1 X-13.142 Y8.79 Z104.574 E1121.00438
G1 X-14.524 Y7.406 Z104.593 E1121.92419
G1 X-18.427 Y3.545 Z104.646 E1124.50608
G1 X-19.77 Y2.175 Z104.664 E1125.40831
G1 X-20.485 Y1.395 Z104.674 E1125.90593
G1 X-21.183 Y0.554 Z104.685 E1126.41992
G1 X-21.606 Y-0.016 Z104.692 E1126.75374
G1 X-21.996 Y-.759 Z104.7 E1127.14837
G1 X-22.106 Y-1.101 Z104.703 E1127.31732
G1 X-22.116 Y-1.578 Z104.708 E1127.5417
G1 X-22.029 Y-1.936 Z104.711 E1127.71496
G1 X-21.929 Y-2.15 Z104.713 E1127.82604
G1 X-21.679 Y-2.617 Z104.719 E1128.07516
G1 X-21.146 Y-3.315 Z104.727 E1128.48818
G1 X-20.615 Y-3.955 Z104.735 E1128.87927
G1 X-19.645 Y-4.993 Z104.749 E1129.5474
G1 X-18.807 Y-5.85 Z104.76 E1130.11109
G1 X-17.598 Y-7.053 Z104.776 E1130.91318
G1 X-14.219 Y-10.464 Z104.822 E1133.17117
G1 X-12.983 Y-11.683 Z104.839 E1133.98758
G1 X-9.574 Y-15.099 Z104.885 E1136.25718
G1 X-8.388 Y-16.244 Z104.901 E1137.03246
G1 X-6.978 Y-17.446 Z104.919 E1137.90381
G1 X-6.078 Y-17.995 Z104.929 E1138.3996
G1 X-5.764 Y-18.116 Z104.932 E1138.55785
G1 X-5.323 Y-18.165 Z104.937 E1138.76653
G1 X-4.91 Y-18.084 Z104.941 E1138.96445
G1 X-4.467 Y-17.9 Z104.945 E1139.19004
G1 X-3.673 Y-17.388 Z104.954 E1139.63435
G1 X-3.079 Y-16.914 Z104.962 E1139.99175
G1 X-2.306 Y-16.23 Z104.972 E1140.47716
G1 X-1.151 Y-15.127 Z104.987 E1141.22824
G1 X-.171 Y-14.156 Z105 E1141.87704
G1 X1.212 Y-12.742 Z105.019 E1142.80721
G1 X5.086 Y-8.853 Z105.072 E1145.38875
G1 X6.448 Y-7.447 Z105.09 E1146.30933
G1 X10.307 Y-3.541 Z105.143 E1148.89157
G1 X11.612 Y-2.181 Z105.161 E1149.77799
G1 X12.359 Y-1.362 Z105.172 E1150.2993
G1 X13.048 Y-.554 Z105.182 E1150.79868
G1 X13.486 Y0.037 Z105.189 E1151.14463
G1 X13.977 Y0.923 Z105.199 E1151.62101
G1 X14.117 Y1.502 Z105.205 E1151.90115
G1 X14.091 Y1.909 Z105.208 E1152.09295
G1 X13.918 Y2.383 Z105.213 E1152.33025
G1 X13.576 Y2.958 Z105.22 E1152.64488
G1 X12.644 Y4.093 Z105.234 E1153.33555
G1 X11.684 Y5.099 Z105.247 E1153.98951
G1 X10.811 Y5.973 Z105.259 E1154.57046
G1 X9.585 Y7.158 Z105.275 E1155.37233
G1 X6.167 Y10.53 Z105.321 E1157.63034
G1 X4.913 Y11.731 Z105.338 E1158.44693
G1 X1.479 Y15.094 Z105.384 E1160.70734
G1 X0.593 Y15.935 Z105.396 E1161.28183
G1 X-.448 Y16.876 Z105.409 E1161.94177
G1 X-1.14 Y17.439 Z105.418 E1162.36131
G1 X-1.637 Y17.785 Z105.424 E1162.64611
G1 X-2.35 Y18.135 Z105.431 E1163.01964
G1 X-2.809 Y18.221 Z105.436 E1163.23926
G1 X-3.227 Y18.168 Z105.44 E1163.43741
G1 X-3.7 Y17.983 Z105.445 E1163.67627
G1 X-4.507 Y17.472 Z105.454 E1164.12547
G1 X-5.46 Y16.683 Z105.466 E1164.70732
G1 X-6.598 Y15.611 Z105.481 E1165.44257
G1 X-8.011 Y14.183 Z105.5 E1166.38733
;TIME_ELAPSED:580.791668
;LAYER:105
;note -- min layer time used
;TYPE:WALL-OUTER
;MESH:twised-square.stl
G1 F1256.1 X-12.821 Y9.229 Z105.566 E1169.63463
G1 X-13.427 Y8.602 Z105.574 E1170.04471
G1 X-18.016 Y3.838 Z105.637 E1173.15552
G1 X-18.617 Y3.213 Z105.646 E1173.56329
G1 X-19.965 Y1.774 Z105.665 E1174.49058
G1 X-20.656 Y0.984 Z105.675 E1174.98418
G1 X-21.327 Y0.158 Z105.685 E1175.48465
G1 X-21.755 Y-.473 Z105.692 E1175.84323
G1 X-22.18 Y-1.386 Z105.702 E1176.31684
G1 X-22.241 Y-1.926 Z105.707 E1176.57241
G1 X-22.185 Y-2.263 Z105.71 E1176.73307
G1 X-22.019 Y-2.64 Z105.714 E1176.92679
G1 X-21.61 Y-3.282 Z105.721 E1177.28478
G1 X-21.257 Y-3.735 Z105.727 E1177.55486
G1 X-20.017 Y-5.066 Z105.744 E1178.41036
G1 X-18.829 Y-6.232 Z105.76 E1179.1932
G1 X-14.656 Y-10.241 Z105.815 E1181.9146
G1 X-14.109 Y-10.768 Z105.823 E1182.27182
G1 X-9.917 Y-14.761 Z105.878 E1184.99448
G1 X-9.373 Y-15.283 Z105.885 E1185.34904
G1 X-8.089 Y-16.465 Z105.902 E1186.16979
G1 X-7.041 Y-17.346 Z105.915 E1186.81367
G1 X-6.455 Y-17.753 Z105.922 E1187.1492
G1 X-5.772 Y-18.133 Z105.929 E1187.51677
G1 X-5.254 Y-18.26 Z105.934 E1187.7676
G1 X-4.748 Y-18.21 Z105.939 E1188.00672
G1 X-4.329 Y-18.054 Z105.943 E1188.21698
G1 X-4.034 Y-17.883 Z105.947 E1188.37734
G1 X-3.363 Y-17.424 Z105.954 E1188.75967
G1 X-2.807 Y-16.96 Z105.961 E1189.10024
G1 X-2.037 Y-16.244 Z105.971 E1189.59472
G1 X-.883 Y-15.089 Z105.987 E1190.36256
G1 X0.069 Y-14.099 Z106 E1191.00848
G1 X4.614 Y-9.293 Z106.063 E1194.11929
G1 X5.218 Y-8.663 Z106.072 E1194.52974
G1 X9.744 Y-3.837 Z106.135 E1197.64127
G1 X10.341 Y-3.209 Z106.143 E1198.04877
G1 X11.281 Y-2.191 Z106.156 E1198.7004
G1 X12.375 Y-.949 Z106.172 E1199.47878
G1 X13.026 Y-.147 Z106.182 E1199.96456
G1 X13.471 Y0.488 Z106.19 E1200.32923
G1 X13.934 Y1.358 Z106.199 E1200.7927
G1 X14.063 Y1.859 Z106.204 E1201.036
G1 X14.071 Y2.072 Z106.206 E1201.13624
G1 X14.015 Y2.456 Z106.21 E1201.31875
G1 X13.833 Y2.883 Z106.214 E1201.53704
G1 X13.336 Y3.616 Z106.223 E1201.95353
G1 X12.859 Y4.185 Z106.23 E1202.30271
G1 X11.941 Y5.142 Z106.242 E1202.92636
G1 X10.674 Y6.356 Z106.259 E1203.75158
G1 X6.449 Y10.309 Z106.314 E1206.47261
G1 X5.899 Y10.834 Z106.322 E1206.83019
G1 X1.654 Y14.771 Z106.377 E1209.55298
G1 X1.106 Y15.29 Z106.384 E1209.90793
G1 X-.206 Y16.482 Z106.401 E1210.74157
G1 X-1.234 Y17.33 Z106.414 E1211.36829
G1 X-1.836 Y17.762 Z106.421 E1211.71675
G1 X-2.625 Y18.185 Z106.429 E1212.13777
G1 X-3.077 Y18.307 Z106.434 E1212.35794
G1 X-3.472 Y18.305 Z106.438 E1212.54371
G1 X-3.976 Y18.147 Z106.443 E1212.79211
G1 X-4.297 Y17.978 Z106.446 E1212.96271
G1 X-4.974 Y17.509 Z106.454 E1213.35003
G1 X-5.546 Y17.028 Z106.461 E1213.7015
G1 X-6.29 Y16.326 Z106.471 E1214.18256
G1 X-7.448 Y15.145 Z106.487 E1214.96042
G1 X-8.401 Y14.137 Z106.5 E1215.61279
;TIME_ELAPSED:585.797067
;LAYER:106
;note -- min layer time used
;TYPE:WALL-OUTER
;MESH:twised-square.stl
G1 F1261.3 X-11.158 Y11.158 Z106.539 E1217.52168
G1 X-13.725 Y8.396 Z106.574 E1219.29497
G1 X-16.265 Y5.627 Z106.61 E1221.06208
G1 X-18.821 Y2.853 Z106.646 E1222.83601
G1 X-19.761 Y1.814 Z106.659 E1223.49493
G1 X-20.81 Y0.58 Z106.675 E1224.25662
G1 X-21.468 Y-.272 Z106.685 E1224.76288
G1 X-21.864 Y-.894 Z106.692 E1225.10965
G1 X-22.237 Y-1.658 Z106.7 E1225.50948
G1 X-22.353 Y-2.27 Z106.706 E1225.80242
G1 X-22.298 Y-2.63 Z106.71 E1225.97369
G1 X-22.164 Y-2.974 Z106.713 E1226.14731
G1 X-21.841 Y-3.537 Z106.719 E1226.45256
G1 X-21.528 Y-3.939 Z106.724 E1226.69216
G1 X-20.688 Y-4.839 Z106.736 E1227.27113
G1 X-19.72 Y-5.794 Z106.749 E1227.91062
G1 X-18.815 Y-6.639 Z106.761 E1228.49291
G1 X-16.402 Y-8.844 Z106.792 E1230.03015
G1 X-14 Y-11.06 Z106.823 E1231.56707
G1 X-11.56 Y-13.27 Z106.854 E1233.11528
G1 X-9.131 Y-15.492 Z106.885 E1234.66346
G1 X-7.869 Y-16.607 Z106.901 E1235.45542
G1 X-6.429 Y-17.729 Z106.919 E1236.31394
G1 X-5.906 Y-18.042 Z106.925 E1236.60058
G1 X-5.175 Y-18.327 Z106.932 E1236.96956
G1 X-4.921 Y-18.35 Z106.934 E1237.0895
G1 X-4.546 Y-18.321 Z106.938 E1237.26639
G1 X-4.15 Y-18.189 Z106.942 E1237.46269
G1 X-3.91 Y-18.069 Z106.945 E1237.58889
G1 X-3.294 Y-17.65 Z106.952 E1237.93924
G1 X-2.667 Y-17.133 Z106.959 E1238.32142
G1 X-1.773 Y-16.264 Z106.971 E1238.90776
G1 X-.626 Y-15.063 Z106.987 E1239.68877
G1 X0.304 Y-14.053 Z107 E1240.33445
G1 X2.83 Y-11.241 Z107.036 E1242.1121
G1 X5.354 Y-8.471 Z107.072 E1243.87448
G1 X7.867 Y-5.647 Z107.108 E1245.65227
G1 X10.384 Y-2.865 Z107.143 E1247.41661
G1 X11.306 Y-1.816 Z107.157 E1248.07341
G1 X12.376 Y-.548 Z107.172 E1248.85367
G1 X13.142 Y0.447 Z107.184 E1249.44421
G1 X13.725 Y1.411 Z107.195 E1249.97403
G1 X13.956 Y1.999 Z107.201 E1250.27113
G1 X14.023 Y2.445 Z107.205 E1250.48323
G1 X13.974 Y2.841 Z107.209 E1250.67088
G1 X13.785 Y3.298 Z107.214 E1250.90346
G1 X13.413 Y3.87 Z107.22 E1251.22434
G1 X12.44 Y4.953 Z107.234 E1251.90903
G1 X11.398 Y5.95 Z107.248 E1252.58725
G1 X10.527 Y6.746 Z107.259 E1253.14215
G1 X8.064 Y8.929 Z107.291 E1254.68995
G1 X5.641 Y11.123 Z107.322 E1256.22718
G1 X3.167 Y13.297 Z107.353 E1257.77605
G1 X0.735 Y15.48 Z107.384 E1259.31296
G1 X-.188 Y16.283 Z107.396 E1259.88832
G1 X-1.274 Y17.178 Z107.409 E1260.55014
G1 X-1.993 Y17.708 Z107.418 E1260.97021
G1 X-2.924 Y18.239 Z107.428 E1261.47425
G1 X-3.474 Y18.399 Z107.433 E1261.74363
G1 X-3.848 Y18.404 Z107.437 E1261.91954
G1 X-4.293 Y18.284 Z107.441 E1262.13629
G1 X-4.955 Y17.911 Z107.448 E1262.49363
G1 X-5.976 Y17.066 Z107.461 E1263.11691
G1 X-6.718 Y16.334 Z107.471 E1263.60709
G1 X-7.853 Y15.12 Z107.487 E1264.38867
G1 X-8.788 Y14.085 Z107.5 E1265.04462
;TIME_ELAPSED:590.802487
;LAYER:107
;note -- min layer time used
;TYPE:WALL-OUTER
;MESH:twised-square.stl
G1 F1266.8 X-9.56 Y13.204 Z107.511 E1265.59551
G1 X-14 Y8.201 Z107.574 E1268.74127
G1 X-14.58 Y7.534 Z107.583 E1269.15696
G1 X-18.988 Y2.524 Z107.646 E1272.29523
G1 X-20.265 Y1.022 Z107.665 E1273.22239
G1 X-20.957 Y0.165 Z107.675 E1273.74041
G1 X-21.722 Y-.881 Z107.687 E1274.34985
G1 X-22.138 Y-1.603 Z107.695 E1274.74172
G1 X-22.335 Y-2.097 Z107.7 E1274.99184
G1 X-22.443 Y-2.722 Z107.706 E1275.29012
G1 X-22.392 Y-3.079 Z107.71 E1275.45972
G1 X-22.184 Y-3.544 Z107.715 E1275.69928
G1 X-21.88 Y-4.017 Z107.72 E1275.96371
G1 X-21.069 Y-4.931 Z107.732 E1276.53837
G1 X-20.1 Y-5.867 Z107.744 E1277.17195
G1 X-18.801 Y-7.031 Z107.761 E1277.99223
G1 X-18.23 Y-7.524 Z107.768 E1278.34701
G1 X-13.882 Y-11.345 Z107.823 E1281.06919
G1 X-13.283 Y-11.857 Z107.83 E1281.43977
G1 X-8.913 Y-15.666 Z107.885 E1284.16602
G1 X-7.61 Y-16.76 Z107.901 E1284.96615
G1 X-6.477 Y-17.627 Z107.915 E1285.63709
G1 X-5.859 Y-18.028 Z107.922 E1285.98355
G1 X-5.032 Y-18.392 Z107.93 E1286.40848
G1 X-4.583 Y-18.452 Z107.935 E1286.62151
G1 X-4.071 Y-18.362 Z107.94 E1286.86599
G1 X-3.578 Y-18.115 Z107.945 E1287.12531
G1 X-2.773 Y-17.521 Z107.954 E1287.5958
G1 X-2.221 Y-17.013 Z107.961 E1287.9486
G1 X-1.487 Y-16.265 Z107.971 E1288.44145
G1 X-.365 Y-15.034 Z107.987 E1289.22476
G1 X0.542 Y-14.002 Z108 E1289.87089
G1 X1.129 Y-13.312 Z108.009 E1290.29693
G1 X5.492 Y-8.275 Z108.072 E1293.43085
G1 X6.076 Y-7.582 Z108.08 E1293.85704
G1 X10.426 Y-2.519 Z108.144 E1296.99623
G1 X11.691 Y-1.007 Z108.162 E1297.92334
G1 X12.371 Y-.15 Z108.173 E1298.43784
G1 X13.154 Y0.921 Z108.185 E1299.06176
G1 X13.7 Y1.881 Z108.196 E1299.58115
G1 X13.943 Y2.622 Z108.203 E1299.94789
G1 X13.954 Y3.069 Z108.207 E1300.15817
G1 X13.869 Y3.433 Z108.211 E1300.33396
G1 X13.476 Y4.126 Z108.218 E1300.70863
G1 X12.662 Y5.058 Z108.23 E1301.29057
G1 X11.648 Y6.024 Z108.243 E1301.94919
G1 X10.372 Y7.138 Z108.259 E1302.74579
G1 X9.773 Y7.64 Z108.267 E1303.11334
G1 X5.381 Y11.409 Z108.322 E1305.83511
G1 X4.774 Y11.912 Z108.329 E1306.20585
G1 X0.361 Y15.668 Z108.384 E1308.93115
G1 X-.959 Y16.757 Z108.4 E1309.73592
G1 X-2.093 Y17.614 Z108.414 E1310.40439
G1 X-2.699 Y18.008 Z108.421 E1310.74432
G1 X-3.522 Y18.401 Z108.429 E1311.17323
G1 X-3.972 Y18.499 Z108.434 E1311.38982
G1 X-4.378 Y18.479 Z108.437 E1311.58098
G1 X-4.583 Y18.42 Z108.439 E1311.68131
G1 X-5.065 Y18.192 Z108.444 E1311.93206
G1 X-5.851 Y17.612 Z108.454 E1312.39146
G1 X-6.415 Y17.09 Z108.461 E1312.75286
G1 X-7.159 Y16.321 Z108.471 E1313.25607
G1 X-8.239 Y15.114 Z108.486 E1314.01776
G1 X-9.172 Y14.03 Z108.5 E1314.69038
;TIME_ELAPSED:595.807390
;LAYER:108
;note -- min layer time used
;TYPE:WALL-OUTER
;MESH:twised-square.stl
G1 F1272.3 X-12.983 Y9.528 Z108.556 E1317.46433
G1 X-14.281 Y7.989 Z108.575 E1318.41115
G1 X-17.881 Y3.701 Z108.627 E1321.04419
G1 X-19.177 Y2.156 Z108.646 E1321.99256
G1 X-20.423 Y0.629 Z108.665 E1322.91943
G1 X-21.086 Y-.239 Z108.675 E1323.43309
G1 X-21.699 Y-1.101 Z108.685 E1323.93053
G1 X-22.098 Y-1.771 Z108.693 E1324.29726
G1 X-22.427 Y-2.557 Z108.701 E1324.69798
G1 X-22.503 Y-2.894 Z108.704 E1324.86045
G1 X-22.488 Y-3.346 Z108.708 E1325.07313
G1 X-22.346 Y-3.819 Z108.713 E1325.30539
G1 X-22.088 Y-4.259 Z108.718 E1325.54526
G1 X-21.583 Y-4.856 Z108.725 E1325.913
G1 X-21.113 Y-5.354 Z108.732 E1326.23503
G1 X-20.08 Y-6.311 Z108.745 E1326.89727
G1 X-18.787 Y-7.411 Z108.761 E1327.69563
G1 X-15.053 Y-10.534 Z108.807 E1329.9849
G1 X-13.733 Y-11.642 Z108.823 E1330.79538
G1 X-9.985 Y-14.749 Z108.869 E1333.0849
G1 X-8.665 Y-15.851 Z108.885 E1333.89357
G1 X-7.343 Y-16.914 Z108.901 E1334.69135
G1 X-5.832 Y-17.986 Z108.919 E1335.56262
G1 X-4.867 Y-18.443 Z108.929 E1336.06476
G1 X-4.285 Y-18.53 Z108.934 E1336.34151
G1 X-3.883 Y-18.476 Z108.938 E1336.53226
G1 X-3.427 Y-18.283 Z108.943 E1336.76513
G1 X-2.896 Y-17.912 Z108.949 E1337.06977
G1 X-2.191 Y-17.304 Z108.958 E1337.50758
G1 X-1.58 Y-16.68 Z108.966 E1337.91829
G1 X-.525 Y-15.505 Z108.981 E1338.66093
G1 X0.811 Y-13.919 Z109 E1339.63617
G1 X4.371 Y-9.59 Z109.053 E1342.27202
G1 X5.661 Y-8.042 Z109.072 E1343.21967
G1 X9.199 Y-3.703 Z109.125 E1345.85261
G1 X10.468 Y-2.169 Z109.144 E1346.78888
G1 X11.352 Y-1.07 Z109.157 E1347.45217
G1 X12.38 Y0.27 Z109.173 E1348.24644
G1 X12.981 Y1.12 Z109.183 E1348.73601
G1 X13.543 Y2.08 Z109.193 E1349.25915
G1 X13.858 Y2.913 Z109.202 E1349.67798
G1 X13.905 Y3.43 Z109.207 E1349.92212
G1 X13.828 Y3.791 Z109.21 E1350.09571
G1 X13.624 Y4.249 Z109.215 E1350.3315
G1 X13.059 Y4.975 Z109.223 E1350.76413
G1 X12.554 Y5.496 Z109.23 E1351.10536
G1 X11.56 Y6.406 Z109.243 E1351.73914
G1 X10.204 Y7.535 Z109.26 E1352.56895
G1 X6.428 Y10.605 Z109.306 E1354.8576
G1 X5.082 Y11.719 Z109.322 E1355.67928
G1 X1.31 Y14.758 Z109.368 E1357.9573
G1 X-0.042 Y15.87 Z109.384 E1358.78056
G1 X-.967 Y16.602 Z109.395 E1359.33531
G1 X-2.128 Y17.473 Z109.409 E1360.01788
G1 X-2.853 Y17.958 Z109.417 E1360.42809
G1 X-3.816 Y18.449 Z109.427 E1360.93645
G1 X-4.404 Y18.588 Z109.433 E1361.2206
G1 X-4.838 Y18.556 Z109.437 E1361.42525
G1 X-5.042 Y18.493 Z109.439 E1361.52566
G1 X-5.515 Y18.253 Z109.444 E1361.7751
G1 X-5.853 Y18.018 Z109.448 E1361.9687
G1 X-6.563 Y17.399 Z109.457 E1362.41169
G1 X-7.579 Y16.324 Z109.471 E1363.10731
G1 X-8.643 Y15.08 Z109.486 E1363.87714
G1 X-9.557 Y13.969 Z109.5 E1364.55372
;TIME_ELAPSED:600.812851
;LAYER:109
;note -- min layer time used
;TYPE:WALL-OUTER
;MESH:twised-square.stl
G1 F1278.1 X-11.432 Y11.634 Z109.528 E1365.96205
G1 X-14.547 Y7.789 Z109.575 E1368.28924
G1 X-16.232 Y5.672 Z109.6 E1369.5617
G1 X-19.333 Y1.814 Z109.646 E1371.8895
G1 X-20.199 Y0.711 Z109.66 E1372.549
G1 X-21.207 Y-.651 Z109.676 E1373.34587
G1 X-21.8 Y-1.536 Z109.686 E1373.84687
G1 X-22.18 Y-2.213 Z109.693 E1374.21198
G1 X-22.547 Y-3.191 Z109.703 E1374.70323
G1 X-22.576 Y-3.537 Z109.706 E1374.86652
G1 X-22.534 Y-3.953 Z109.71 E1375.06315
G1 X-22.388 Y-4.292 Z109.713 E1375.23673
G1 X-22.094 Y-4.748 Z109.718 E1375.49189
G1 X-21.398 Y-5.535 Z109.728 E1375.98598
G1 X-20.752 Y-6.129 Z109.736 E1376.39869
G1 X-19.696 Y-7.032 Z109.75 E1377.05213
G1 X-18.752 Y-7.801 Z109.761 E1377.62474
G1 X-16.906 Y-9.263 Z109.783 E1378.73217
G1 X-13.59 Y-11.925 Z109.823 E1380.73196
G1 X-11.737 Y-13.379 Z109.845 E1381.83965
G1 X-8.39 Y-16.044 Z109.885 E1383.85171
G1 X-7.05 Y-17.068 Z109.901 E1384.64483
G1 X-5.511 Y-18.094 Z109.918 E1385.51469
G1 X-4.559 Y-18.528 Z109.928 E1386.00673
G1 X-4.073 Y-18.616 Z109.933 E1386.23901
G1 X-3.724 Y-18.594 Z109.936 E1386.40347
G1 X-3.318 Y-18.461 Z109.94 E1386.60438
G1 X-2.749 Y-18.11 Z109.946 E1386.91879
G1 X-2.374 Y-17.793 Z109.951 E1387.14972
G1 X-1.587 Y-17.029 Z109.961 E1387.66555
G1 X-.901 Y-16.261 Z109.971 E1388.14983
G1 X0.183 Y-14.959 Z109.987 E1388.94658
G1 X1.055 Y-13.871 Z110 E1389.60231
G1 X2.732 Y-11.718 Z110.026 E1390.88574
G1 X5.791 Y-7.859 Z110.072 E1393.20159
G1 X7.459 Y-5.698 Z110.098 E1394.48541
G1 X10.519 Y-1.805 Z110.144 E1396.8141
G1 X11.371 Y-.69 Z110.157 E1397.47403
G1 X12.567 Y0.944 Z110.176 E1398.42633
G1 X13.175 Y1.909 Z110.187 E1398.96272
G1 X13.487 Y2.496 Z110.193 E1399.27535
G1 X13.763 Y3.207 Z110.2 E1399.63403
G1 X13.827 Y3.513 Z110.203 E1399.78105
G1 X13.83 Y3.949 Z110.207 E1399.9861
G1 X13.737 Y4.334 Z110.211 E1400.17237
G1 X13.43 Y4.862 Z110.217 E1400.4596
G1 X12.726 Y5.667 Z110.227 E1400.96253
G1 X12.072 Y6.267 Z110.235 E1401.37992
G1 X11 Y7.163 Z110.248 E1402.03697
G1 X10.045 Y7.923 Z110.26 E1402.61096
G1 X8.177 Y9.358 Z110.282 E1403.71874
G1 X4.833 Y11.986 Z110.322 E1405.7189
G1 X2.959 Y13.412 Z110.344 E1406.82635
G1 X-.398 Y16.029 Z110.384 E1408.82814
G1 X-1.8 Y17.084 Z110.4 E1409.6533
G1 X-2.95 Y17.87 Z110.413 E1410.30838
G1 X-4.065 Y18.469 Z110.425 E1410.90363
G1 X-4.708 Y18.653 Z110.432 E1411.21816
G1 X-5.107 Y18.661 Z110.435 E1411.40584
G1 X-5.527 Y18.549 Z110.439 E1411.61026
G1 X-6.11 Y18.211 Z110.446 E1411.92718
G1 X-6.764 Y17.66 Z110.454 E1412.32936
G1 X-7.297 Y17.118 Z110.461 E1412.68685
G1 X-7.988 Y16.335 Z110.471 E1413.17797
G1 X-9.044 Y15.041 Z110.486 E1413.96344
G1 X-9.937 Y13.902 Z110.5 E1414.6441
;TIME_ELAPSED:605.817796
;LAYER:110
;note -- min layer time used
;TYPE:WALL-OUTER
;MESH:twised-square.stl
G1 F1284 X-19.479 Y1.468 Z110.646 E1422.01503
G1 X-21.132 Y-.788 Z110.673 E1423.33032
G1 X-21.891 Y-1.967 Z110.686 E1423.98974
G1 X-22.252 Y-2.657 Z110.693 E1424.35597
G1 X-22.607 Y-3.629 Z110.703 E1424.84262
G1 X-22.597 Y-4.334 Z110.709 E1425.1742
G1 X-22.47 Y-4.654 Z110.712 E1425.33611
G1 X-22.249 Y-5.037 Z110.717 E1425.54407
G1 X-21.814 Y-5.554 Z110.723 E1425.86182
G1 X-21.404 Y-5.976 Z110.728 E1426.13852
G1 X-20.752 Y-6.554 Z110.737 E1426.54829
G1 X-19.633 Y-7.464 Z110.75 E1427.22658
G1 X-18.687 Y-8.197 Z110.761 E1427.78939
G1 X-8.125 Y-16.214 Z110.885 E1434.02537
G1 X-7.16 Y-16.928 Z110.896 E1434.58991
G1 X-5.96 Y-17.743 Z110.91 E1435.27211
G1 X-5.216 Y-18.192 Z110.918 E1435.68078
G1 X-4.378 Y-18.576 Z110.927 E1436.11428
G1 X-4.024 Y-18.672 Z110.93 E1436.28678
G1 X-3.531 Y-18.687 Z110.935 E1436.51873
G1 X-3.186 Y-18.609 Z110.938 E1436.68508
G1 X-2.562 Y-18.265 Z110.945 E1437.02017
G1 X-1.804 Y-17.599 Z110.954 E1437.4947
G1 X-1.279 Y-17.052 Z110.961 E1437.85126
G1 X-.582 Y-16.235 Z110.971 E1438.3563
G1 X0.451 Y-14.935 Z110.987 E1439.13719
G1 X1.327 Y-13.789 Z111 E1439.81555
G1 X10.547 Y-1.468 Z111.144 E1447.05267
G1 X11.723 Y0.151 Z111.163 E1447.99373
G1 X12.365 Y1.074 Z111.173 E1448.52248
G1 X13.067 Y2.191 Z111.186 E1449.14291
G1 X13.641 Y3.422 Z111.198 E1449.78167
G1 X13.776 Y4.239 Z111.206 E1450.17111
G1 X13.714 Y4.616 Z111.21 E1450.35079
G1 X13.549 Y5.011 Z111.214 E1450.55211
G1 X13.196 Y5.497 Z111.219 E1450.83459
G1 X12.871 Y5.862 Z111.224 E1451.06443
G1 X11.935 Y6.707 Z111.236 E1451.65746
G1 X10.848 Y7.573 Z111.249 E1452.31106
G1 X9.865 Y8.32 Z111.26 E1452.89168
G1 X-.794 Y16.21 Z111.384 E1459.12834
G1 X-1.782 Y16.924 Z111.395 E1459.70161
G1 X-2.946 Y17.715 Z111.409 E1460.36346
G1 X-4.039 Y18.354 Z111.42 E1460.95888
G1 X-4.894 Y18.686 Z111.429 E1461.39022
G1 X-5.399 Y18.746 Z111.434 E1461.62939
G1 X-5.958 Y18.618 Z111.439 E1461.89908
G1 X-6.425 Y18.355 Z111.444 E1462.15113
G1 X-7.201 Y17.693 Z111.454 E1462.63083
G1 X-7.728 Y17.132 Z111.461 E1462.99281
G1 X-8.426 Y16.303 Z111.471 E1463.50247
G1 X-9.444 Y14.997 Z111.486 E1464.2812
G1 X-10.315 Y13.832 Z111.5 E1464.96528
;TIME_ELAPSED:610.822764
;LAYER:111
;note -- min layer time used
;TYPE:WALL-OUTER
;MESH:twised-square.stl
G1 F1289.9 X-13.183 Y9.932 Z111.545 E1467.24193
G1 X-15.055 Y7.379 Z111.574 E1468.73075
G1 X-17.751 Y3.684 Z111.617 E1470.88183
G1 X-19.626 Y1.105 Z111.647 E1472.38136
G1 X-20.997 Y-.829 Z111.669 E1473.49624
G1 X-21.723 Y-1.969 Z111.681 E1474.13185
G1 X-22.172 Y-2.77 Z111.69 E1474.56369
G1 X-22.602 Y-3.898 Z111.701 E1475.13141
G1 X-22.665 Y-4.589 Z111.708 E1475.45773
G1 X-22.549 Y-5.004 Z111.712 E1475.66038
G1 X-22.332 Y-5.397 Z111.716 E1475.8715
G1 X-22.138 Y-5.658 Z111.719 E1476.02444
G1 X-21.633 Y-6.204 Z111.726 E1476.3742
G1 X-20.708 Y-6.999 Z111.737 E1476.94781
G1 X-19.6 Y-7.86 Z111.75 E1477.60771
G1 X-18.624 Y-8.584 Z111.761 E1478.17921
G1 X-15.443 Y-10.888 Z111.798 E1480.02637
G1 X-13.227 Y-12.502 Z111.823 E1481.31563
G1 X-10.055 Y-14.783 Z111.86 E1483.15303
G1 X-7.833 Y-16.391 Z111.885 E1484.44292
G1 X-6.452 Y-17.348 Z111.901 E1485.23309
G1 X-4.864 Y-18.31 Z111.918 E1486.10624
G1 X-3.842 Y-18.714 Z111.928 E1486.62306
G1 X-3.28 Y-18.765 Z111.934 E1486.88845
G1 X-2.931 Y-18.691 Z111.937 E1487.05623
G1 X-2.49 Y-18.491 Z111.942 E1487.28396
G1 X-1.892 Y-18.028 Z111.949 E1487.63963
G1 X-1.206 Y-17.348 Z111.958 E1488.09389
G1 X-.639 Y-16.681 Z111.966 E1488.50559
G1 X0.19 Y-15.622 Z111.978 E1489.13806
G1 X1.595 Y-13.717 Z112 E1490.25126
G1 X4.249 Y-9.992 Z112.043 E1492.40223
G1 X6.102 Y-7.425 Z112.072 E1493.89112
G1 X8.741 Y-3.689 Z112.115 E1496.04223
G1 X10.581 Y-1.119 Z112.144 E1497.52869
G1 X12.19 Y1.224 Z112.171 E1498.86537
G1 X12.915 Y2.413 Z112.184 E1499.52029
G1 X13.27 Y3.103 Z112.191 E1499.88521
G1 X13.641 Y4.093 Z112.201 E1500.38241
G1 X13.704 Y4.725 Z112.207 E1500.68111
G1 X13.614 Y5.154 Z112.211 E1500.88725
G1 X13.36 Y5.627 Z112.216 E1501.13974
G1 X12.757 Y6.308 Z112.224 E1501.56751
G1 X11.803 Y7.137 Z112.236 E1502.16188
G1 X10.682 Y7.991 Z112.249 E1502.82463
G1 X9.696 Y8.704 Z112.26 E1503.39686
G1 X6.481 Y10.963 Z112.297 E1505.24475
G1 X4.253 Y12.562 Z112.322 E1506.53445
G1 X1.047 Y14.793 Z112.359 E1508.37132
G1 X-1.164 Y16.368 Z112.384 E1509.64796
G1 X-2.595 Y17.347 Z112.4 E1510.46336
G1 X-4.174 Y18.297 Z112.417 E1511.32998
G1 X-5.172 Y18.719 Z112.427 E1511.83956
G1 X-5.742 Y18.813 Z112.433 E1512.11124
G1 X-6.123 Y18.774 Z112.436 E1512.29135
G1 X-6.574 Y18.595 Z112.441 E1512.51955
G1 X-7.219 Y18.124 Z112.448 E1512.89515
G1 X-8.167 Y17.132 Z112.461 E1513.54044
G1 X-8.849 Y16.282 Z112.471 E1514.05295
G1 X-9.858 Y14.923 Z112.487 E1514.84896
G1 X-10.681 Y13.769 Z112.5 E1515.51555
;TIME_ELAPSED:615.827754
;LAYER:112
;note -- min layer time used
;TYPE:WALL-OUTER
;MESH:twised-square.stl
G1 F1296.7 X-11.762 Y12.211 Z112.518 E1516.40735
G1 X-15.314 Y7.152 Z112.575 E1519.31438
G1 X-16.222 Y5.832 Z112.59 E1520.06784
G1 X-19.753 Y0.756 Z112.647 E1522.97577
G1 X-20.891 Y-.929 Z112.666 E1523.93199
G1 X-21.476 Y-1.855 Z112.676 E1524.4471
G1 X-22.026 Y-2.799 Z112.686 E1524.9609
G1 X-22.5 Y-3.836 Z112.696 E1525.49711
G1 X-22.701 Y-4.723 Z112.705 E1525.92483
G1 X-22.607 Y-5.348 Z112.711 E1526.22207
G1 X-22.458 Y-5.68 Z112.714 E1526.3932
G1 X-22.124 Y-6.118 Z112.719 E1526.65224
G1 X-21.85 Y-6.427 Z112.723 E1526.84647
G1 X-21.04 Y-7.135 Z112.733 E1527.3524
G1 X-20.002 Y-7.931 Z112.745 E1527.96757
G1 X-18.52 Y-8.983 Z112.762 E1528.82227
G1 X-17.398 Y-9.75 Z112.774 E1529.46144
G1 X-13.046 Y-12.774 Z112.823 E1531.9537
G1 X-11.911 Y-13.542 Z112.836 E1532.59819
G1 X-7.562 Y-16.538 Z112.885 E1535.08179
G1 X-6.078 Y-17.516 Z112.901 E1535.91762
G1 X-4.888 Y-18.227 Z112.914 E1536.56954
G1 X-4.2 Y-18.549 Z112.921 E1536.92678
G1 X-3.331 Y-18.82 Z112.93 E1537.35487
G1 X-2.866 Y-18.829 Z112.934 E1537.57359
G1 X-2.475 Y-18.717 Z112.938 E1537.76487
G1 X-2.029 Y-18.457 Z112.943 E1538.00766
G1 X-1.515 Y-18.036 Z112.949 E1538.32012
G1 X-.597 Y-17.034 Z112.961 E1538.9592
G1 X0.064 Y-16.182 Z112.971 E1539.46633
G1 X1.042 Y-14.824 Z112.987 E1540.25336
G1 X1.882 Y-13.619 Z113 E1540.94415
G1 X2.773 Y-12.293 Z113.015 E1541.69545
G1 X6.255 Y-7.214 Z113.072 E1544.59145
G1 X7.156 Y-5.86 Z113.087 E1545.35631
G1 X10.622 Y-.758 Z113.144 E1548.25699
G1 X11.762 Y0.966 Z113.163 E1549.22899
G1 X12.334 Y1.888 Z113.173 E1549.73926
G1 X12.879 Y2.836 Z113.184 E1550.25351
G1 X13.226 Y3.543 Z113.191 E1550.62389
G1 X13.531 Y4.36 Z113.199 E1551.03401
G1 X13.612 Y4.716 Z113.202 E1551.20571
G1 X13.625 Y5.191 Z113.207 E1551.42918
G1 X13.548 Y5.548 Z113.21 E1551.60093
G1 X13.351 Y5.948 Z113.214 E1551.81062
G1 X12.837 Y6.573 Z113.222 E1552.19119
G1 X12.378 Y6.993 Z113.227 E1552.48377
G1 X11.686 Y7.552 Z113.236 E1552.90213
G1 X10.513 Y8.403 Z113.249 E1553.58366
G1 X9.513 Y9.094 Z113.26 E1554.15529
G1 X8.363 Y9.855 Z113.273 E1554.80381
G1 X3.981 Y12.828 Z113.322 E1557.29413
G1 X2.832 Y13.581 Z113.335 E1557.94018
G1 X-1.567 Y16.54 Z113.384 E1560.43344
G1 X-3.008 Y17.478 Z113.4 E1561.24204
G1 X-4.237 Y18.202 Z113.413 E1561.91286
G1 X-4.909 Y18.533 Z113.42 E1562.26514
G1 X-5.774 Y18.83 Z113.428 E1562.69525
G1 X-6.259 Y18.877 Z113.433 E1562.92441
G1 X-6.666 Y18.806 Z113.437 E1563.1187
G1 X-6.88 Y18.716 Z113.439 E1563.22788
G1 X-7.343 Y18.425 Z113.444 E1563.48506
G1 X-8.088 Y17.724 Z113.453 E1563.96613
G1 X-8.603 Y17.125 Z113.461 E1564.33764
G1 X-9.282 Y16.239 Z113.471 E1564.8626
G1 X-10.238 Y14.888 Z113.486 E1565.64093
G1 X-11.065 Y13.671 Z113.5 E1566.33291
;TIME_ELAPSED:620.833309
;LAYER:113
;note -- min layer time used
;TYPE:WALL-OUTER
;MESH:twised-square.stl
G1 F1302.8 X-14.802 Y8.064 Z113.562 E1569.50179
G92 E0
G1 X-15.563 Y6.921 Z113.575 E0.64578
G1 X-19.121 Y1.539 Z113.634 E3.67994
G1 X-19.881 Y0.391 Z113.647 E4.32741
G1 X-20.993 Y-1.342 Z113.666 E5.29577
G1 X-21.552 Y-2.276 Z113.676 E5.80767
G1 X-22.075 Y-3.244 Z113.686 E6.3251
G1 X-22.418 Y-3.978 Z113.693 E6.70612
G1 X-22.69 Y-5.012 Z113.703 E7.20894
G1 X-22.668 Y-5.628 Z113.709 E7.49882
G1 X-22.526 Y-5.991 Z113.713 E7.68213
G1 X-22.333 Y-6.32 Z113.716 E7.86151
G1 X-21.959 Y-6.738 Z113.721 E8.12529
G1 X-21.581 Y-7.083 Z113.726 E8.36596
G1 X-21.021 Y-7.55 Z113.733 E8.70888
G1 X-19.891 Y-8.38 Z113.746 E9.36825
G1 X-18.44 Y-9.356 Z113.762 E10.19064
G1 X-13.816 Y-12.401 Z113.813 E12.79439
G1 X-12.853 Y-13.038 Z113.823 E13.33739
G1 X-8.215 Y-16.065 Z113.874 E15.942
G1 X-7.229 Y-16.713 Z113.885 E16.49688
G1 X-6.219 Y-17.356 Z113.896 E17.05995
G1 X-4.962 Y-18.099 Z113.91 E17.74665
G1 X-4.155 Y-18.512 Z113.918 E18.17298
G1 X-3.57 Y-18.735 Z113.924 E18.46741
G1 X-2.802 Y-18.899 Z113.931 E18.83673
G1 X-2.385 Y-18.861 Z113.935 E19.03365
G1 X-1.997 Y-18.708 Z113.939 E19.2298
G1 X-1.492 Y-18.364 Z113.944 E19.51715
G1 X-.763 Y-17.631 Z113.954 E20.00333
G1 X0.052 Y-16.625 Z113.966 E20.61221
G1 X0.999 Y-15.288 Z113.981 E21.38273
G1 X2.158 Y-13.541 Z114 E22.36867
G1 X5.68 Y-8.11 Z114.06 E25.41284
G1 X6.422 Y-6.98 Z114.072 E26.04859
G1 X9.921 Y-1.531 Z114.132 E29.094
G1 X10.658 Y-.403 Z114.144 E29.72767
G1 X11.758 Y1.347 Z114.163 E30.69975
G1 X12.32 Y2.301 Z114.174 E31.22047
G1 X12.842 Y3.257 Z114.184 E31.73271
G1 X13.3 Y4.279 Z114.194 E32.2594
G1 X13.516 Y5.028 Z114.201 E32.62599
G1 X13.547 Y5.622 Z114.207 E32.90572
G1 X13.462 Y6.011 Z114.21 E33.09298
G1 X13.261 Y6.389 Z114.214 E33.29432
G1 X12.881 Y6.864 Z114.22 E33.58039
G1 X12.52 Y7.211 Z114.224 E33.81587
G1 X11.537 Y7.985 Z114.236 E34.40427
G1 X10.34 Y8.814 Z114.249 E35.08902
G1 X9.329 Y9.477 Z114.26 E35.65759
G1 X4.668 Y12.46 Z114.311 E38.26006
G1 X3.7 Y13.093 Z114.322 E38.80399
G1 X-.976 Y16.059 Z114.373 E41.40811
G1 X-1.964 Y16.7 Z114.384 E41.96198
G1 X-2.984 Y17.334 Z114.395 E42.52678
G1 X-4.243 Y18.07 Z114.408 E43.21261
G1 X-5.043 Y18.481 Z114.417 E43.63559
G1 X-6.075 Y18.863 Z114.427 E44.1531
G1 X-6.66 Y18.933 Z114.432 E44.43018
G1 X-7.048 Y18.873 Z114.436 E44.61482
G1 X-7.487 Y18.672 Z114.44 E44.84189
G1 X-8.118 Y18.166 Z114.448 E45.22226
G1 X-8.78 Y17.438 Z114.457 E45.68502
G1 X-9.339 Y16.711 Z114.465 E46.1163
G1 X-10.272 Y15.377 Z114.48 E46.88187
G1 X-11.436 Y13.581 Z114.5 E47.88838
;TIME_ELAPSED:625.845945
;LAYER:114
;note -- min layer time used
;TYPE:WALL-OUTER
;MESH:twised-square.stl
G1 F1309.4 X-13.444 Y10.405 Z114.534 E49.65548
G1 X-15.787 Y6.723 Z114.574 E51.70792
G1 X-17.646 Y3.752 Z114.607 E53.35612
G1 X-19.986 Y0.041 Z114.647 E55.41932
G1 X-20.754 Y-1.206 Z114.66 E56.10806
G1 X-21.618 Y-2.702 Z114.676 E56.92051
G1 X-22.22 Y-3.875 Z114.688 E57.54056
G1 X-22.536 Y-4.717 Z114.696 E57.96351
G1 X-22.726 Y-5.664 Z114.705 E58.41774
G1 X-22.64 Y-6.166 Z114.71 E58.65727
G1 X-22.495 Y-6.495 Z114.713 E58.82635
G1 X-22.19 Y-6.912 Z114.718 E59.06932
G1 X-21.939 Y-7.175 Z114.721 E59.24029
G1 X-21.259 Y-7.762 Z114.729 E59.66275
G1 X-20.558 Y-8.273 Z114.737 E60.07071
G1 X-19.381 Y-9.067 Z114.75 E60.73841
G1 X-18.313 Y-9.749 Z114.762 E61.33434
G1 X-15.795 Y-11.315 Z114.789 E62.72885
G1 X-12.645 Y-13.302 Z114.823 E64.48034
G1 X-10.098 Y-14.872 Z114.851 E65.88744
G1 X-6.938 Y-16.846 Z114.885 E67.63966
G1 X-5.869 Y-17.488 Z114.896 E68.22609
G1 X-4.354 Y-18.332 Z114.912 E69.04167
G1 X-3.457 Y-18.723 Z114.921 E69.50185
G1 X-2.965 Y-18.87 Z114.926 E69.74334
G1 X-2.352 Y-18.952 Z114.932 E70.03419
G1 X-1.914 Y-18.879 Z114.936 E70.24302
G1 X-1.521 Y-18.683 Z114.94 E70.44955
G1 X-1.102 Y-18.367 Z114.944 E70.69635
G1 X-.382 Y-17.622 Z114.954 E71.1836
G1 X0.099 Y-17.011 Z114.961 E71.54929
G1 X0.752 Y-16.089 Z114.971 E72.08063
G1 X1.668 Y-14.69 Z114.987 E72.86704
G1 X2.447 Y-13.453 Z115 E73.55452
G1 X4.275 Y-10.463 Z115.032 E75.20264
G1 X6.582 Y-6.76 Z115.072 E77.25442
G1 X8.399 Y-3.761 Z115.104 E78.90347
G1 X10.704 Y-0.027 Z115.145 E80.96714
G1 X11.792 Y1.796 Z115.164 E81.96555
G1 X12.72 Y3.501 Z115.182 E82.87845
G1 X13.137 Y4.433 Z115.191 E83.35863
G1 X13.327 Y4.975 Z115.196 E83.62873
G1 X13.468 Y5.685 Z115.203 E83.96915
G1 X13.439 Y6.225 Z115.208 E84.22347
G1 X13.299 Y6.618 Z115.212 E84.41967
G1 X13.035 Y7.022 Z115.216 E84.64663
G1 X12.792 Y7.29 Z115.22 E84.81677
G1 X12.117 Y7.877 Z115.228 E85.23745
G1 X10.6 Y8.946 Z115.245 E86.11021
G1 X9.126 Y9.867 Z115.261 E86.9276
G1 X6.587 Y11.397 Z115.288 E88.32169
G1 X3.417 Y13.354 Z115.322 E90.0737
G1 X0.848 Y14.888 Z115.349 E91.48085
G1 X-2.33 Y16.832 Z115.384 E93.23286
G1 X-3.404 Y17.465 Z115.395 E93.81914
G1 X-4.92 Y18.304 Z115.411 E94.634
G1 X-5.809 Y18.697 Z115.42 E95.09111
G1 X-6.297 Y18.863 Z115.425 E95.33352
G1 X-6.905 Y18.978 Z115.43 E95.62452
G1 X-7.376 Y18.947 Z115.435 E95.84651
G1 X-7.817 Y18.776 Z115.439 E96.06895
G1 X-8.405 Y18.335 Z115.446 E96.41461
G1 X-8.762 Y17.97 Z115.45 E96.65471
G1 X-9.602 Y16.929 Z115.463 E97.28379
G1 X-10.686 Y15.3 Z115.48 E98.20399
G1 X-11.803 Y13.486 Z115.5 E99.20585
;TIME_ELAPSED:630.851009
;LAYER:115
;note -- min layer time used
;TYPE:WALL-OUTER
;MESH:twised-square.stl
G1 F1315.7 X-12.181 Y12.85 Z115.507 E99.55379
G1 X-16.022 Y6.481 Z115.575 E103.05156
G1 X-16.263 Y6.073 Z115.579 E103.2744
G1 X-20.126 Y-.388 Z115.648 E106.81459
G1 X-20.814 Y-1.575 Z115.66 E107.4598
G1 X-21.653 Y-3.092 Z115.676 E108.27507
G1 X-22.246 Y-4.318 Z115.688 E108.91554
G1 X-22.54 Y-5.163 Z115.696 E109.33629
G1 X-22.704 Y-6.121 Z115.705 E109.79338
G1 X-22.605 Y-6.659 Z115.71 E110.05064
G1 X-22.418 Y-7.022 Z115.714 E110.24267
G1 X-22.138 Y-7.381 Z115.718 E110.45678
G1 X-21.888 Y-7.614 Z115.721 E110.6175
G1 X-21.07 Y-8.288 Z115.731 E111.11596
G1 X-19.714 Y-9.193 Z115.746 E111.88264
G1 X-18.22 Y-10.107 Z115.762 E112.7063
G1 X-17.851 Y-10.322 Z115.766 E112.90715
G1 X-12.406 Y-13.568 Z115.824 E115.88833
G1 X-6.61 Y-16.988 Z115.885 E119.05324
G1 X-4.624 Y-18.105 Z115.906 E120.12481
G1 X-3.402 Y-18.673 Z115.918 E120.75855
G1 X-2.79 Y-18.877 Z115.924 E121.06193
G1 X-2.013 Y-18.99 Z115.931 E121.43118
G1 X-1.594 Y-18.925 Z115.935 E121.63059
G1 X-1.242 Y-18.776 Z115.938 E121.81035
G1 X-.853 Y-18.508 Z115.943 E122.0325
G1 X-.195 Y-17.846 Z115.951 E122.47146
G1 X0.762 Y-16.555 Z115.966 E123.22722
G1 X1.637 Y-15.194 Z115.981 E123.98814
G1 X2.741 Y-13.357 Z116 E124.99606
G1 X2.989 Y-12.926 Z116.005 E125.22991
G1 X6.745 Y-6.536 Z116.072 E128.71571
G1 X6.99 Y-6.104 Z116.077 E128.94927
G1 X10.777 Y0.405 Z116.146 E132.49074
G1 X11.935 Y2.467 Z116.167 E133.60292
G1 X12.571 Y3.692 Z116.18 E134.25204
G1 X13.19 Y5.188 Z116.194 E135.01342
G1 X13.387 Y6.121 Z116.203 E135.46187
G1 X13.347 Y6.696 Z116.208 E135.73294
G1 X13.197 Y7.08 Z116.212 E135.92682
G1 X12.915 Y7.485 Z116.217 E136.15891
G1 X12.674 Y7.735 Z116.22 E136.32221
G1 X11.849 Y8.423 Z116.23 E136.82741
G1 X10.482 Y9.327 Z116.245 E137.59814
G1 X8.968 Y10.225 Z116.261 E138.42597
G1 X8.596 Y10.435 Z116.265 E138.62687
G1 X3.115 Y13.619 Z116.322 E141.60786
G1 X-2.735 Y16.98 Z116.384 E144.78075
G1 X-4.732 Y18.089 Z116.405 E145.855
G1 X-6.096 Y18.713 Z116.418 E146.56041
G1 X-7.008 Y18.979 Z116.427 E147.00718
G1 X-7.31 Y19.018 Z116.43 E147.15038
G1 X-7.754 Y18.996 Z116.434 E147.35945
G1 X-8.142 Y18.868 Z116.438 E147.55159
G1 X-8.566 Y18.596 Z116.442 E147.78849
G1 X-9.225 Y17.951 Z116.451 E148.22215
G1 X-10.201 Y16.631 Z116.466 E148.99419
G1 X-11.068 Y15.264 Z116.48 E149.75546
G1 X-12.154 Y13.406 Z116.5 E150.76756
;TIME_ELAPSED:635.856637
;LAYER:116
;note -- min layer time used
;TYPE:WALL-OUTER
;MESH:twised-square.stl
G1 F1323 X-14.987 Y8.457 Z116.552 E153.44935
G1 X-16.251 Y6.238 Z116.575 E154.65034
G1 X-18.914 Y1.542 Z116.624 E157.18917
G1 X-20.174 Y-.681 Z116.647 E158.39086
G1 X-20.889 Y-1.977 Z116.66 E159.08695
G1 X-21.691 Y-3.514 Z116.676 E159.90226
G1 X-22.166 Y-4.526 Z116.686 E160.42801
G1 X-22.603 Y-5.886 Z116.699 E161.0998
G1 X-22.673 Y-6.716 Z116.707 E161.49152
G1 X-22.482 Y-7.278 Z116.712 E161.77067
G1 X-22.275 Y-7.607 Z116.716 E161.95347
G1 X-21.826 Y-8.059 Z116.722 E162.25309
G1 X-21.113 Y-8.638 Z116.73 E162.68504
G1 X-20.01 Y-9.362 Z116.742 E163.30552
G1 X-18.046 Y-10.5 Z116.762 E164.373
G1 X-14.044 Y-12.758 Z116.804 E166.53399
G1 X-12.151 Y-13.834 Z116.824 E167.558
G1 X-8.142 Y-16.071 Z116.865 E169.71701
G1 X-6.252 Y-17.132 Z116.885 E170.73633
G1 X-4.277 Y-18.189 Z116.905 E171.78979
G1 X-3.005 Y-18.739 Z116.918 E172.44152
G1 X-2.411 Y-18.921 Z116.924 E172.73369
G1 X-1.747 Y-19.026 Z116.93 E173.04983
G1 X-1.294 Y-18.98 Z116.934 E173.26397
G1 X-.912 Y-18.832 Z116.938 E173.45663
G1 X-.466 Y-18.516 Z116.943 E173.71368
G1 X0.169 Y-17.854 Z116.951 E174.14508
G1 X0.967 Y-16.77 Z116.963 E174.77811
G1 X1.829 Y-15.378 Z116.978 E175.5481
G1 X2.33 Y-14.512 Z116.987 E176.0186
G1 X3.052 Y-13.237 Z117 E176.70768
G1 X5.68 Y-8.495 Z117.049 E179.25733
G1 X6.92 Y-6.289 Z117.072 E180.44744
G1 X9.526 Y-1.535 Z117.122 E182.99704
G1 X10.759 Y0.677 Z117.145 E184.18801
G1 X11.777 Y2.569 Z117.164 E185.1984
G1 X12.521 Y4.094 Z117.179 E185.99638
G1 X12.967 Y5.138 Z117.19 E186.53028
G1 X13.192 Y5.89 Z117.197 E186.89943
G1 X13.282 Y6.365 Z117.201 E187.12678
G1 X13.276 Y7.018 Z117.207 E187.43389
G1 X13.13 Y7.46 Z117.211 E187.6528
G1 X12.824 Y7.912 Z117.216 E187.9095
G1 X12.107 Y8.562 Z117.225 E188.36463
G1 X11.319 Y9.117 Z117.234 E188.81791
G1 X9.853 Y9.992 Z117.249 E189.62081
G1 X8.757 Y10.608 Z117.261 E190.21207
G1 X4.707 Y12.819 Z117.303 E192.38206
G1 X2.806 Y13.881 Z117.322 E193.40612
G1 X-1.235 Y16.063 Z117.364 E195.56588
G1 X-3.143 Y17.12 Z117.384 E196.59167
G1 X-4.642 Y17.914 Z117.399 E197.38941
G1 X-6.381 Y18.705 Z117.417 E198.28787
G1 X-6.965 Y18.905 Z117.422 E198.57817
G1 X-7.628 Y19.039 Z117.428 E198.89627
G1 X-8.07 Y19.04 Z117.432 E199.10414
G1 X-8.434 Y18.957 Z117.436 E199.27972
G1 X-8.858 Y18.727 Z117.44 E199.50656
G1 X-9.331 Y18.315 Z117.446 E199.80156
G1 X-10.101 Y17.372 Z117.457 E200.3741
G1 X-10.614 Y16.604 Z117.465 E200.80844
G1 X-11.31 Y15.446 Z117.477 E201.44382
G1 X-11.809 Y14.573 Z117.487 E201.91672
G1 X-12.527 Y13.274 Z117.5 E202.61472
;TIME_ELAPSED:640.862293
;LAYER:117
;note -- min layer time used
;TYPE:WALL-OUTER
;MESH:twised-square.stl
G1 F1329.3 X-13.778 Y10.949 Z117.524 E203.85636
G1 X-16.467 Y6.009 Z117.575 E206.50144
G1 X-17.58 Y3.914 Z117.596 E207.61709
G1 X-20.248 Y-1.035 Z117.647 E210.26119
G1 X-20.931 Y-2.349 Z117.66 E210.95763
G1 X-21.563 Y-3.603 Z117.673 E211.61803
G1 X-22.148 Y-4.955 Z117.686 E212.31082
G1 X-22.426 Y-5.726 Z117.694 E212.69626
G1 X-22.634 Y-6.803 Z117.703 E213.21212
G1 X-22.59 Y-7.355 Z117.708 E213.47254
G1 X-22.514 Y-7.548 Z117.71 E213.57008
G1 X-22.343 Y-7.865 Z117.714 E213.73947
G1 X-22.223 Y-8.021 Z117.715 E213.83203
G1 X-21.888 Y-8.384 Z117.72 E214.06433
G1 X-21.28 Y-8.882 Z117.727 E214.43394
G1 X-20.681 Y-9.283 Z117.733 E214.77293
G1 X-19.489 Y-10 Z117.746 E215.42711
G1 X-17.918 Y-10.861 Z117.762 E216.26961
G1 X-16.118 Y-11.812 Z117.78 E217.227
G1 X-11.925 Y-14.067 Z117.823 E219.46597
G1 X-10.119 Y-15.011 Z117.842 E220.42433
G1 X-5.895 Y-17.261 Z117.885 E222.67505
G1 X-4.789 Y-17.831 Z117.896 E223.2602
G1 X-3.462 Y-18.455 Z117.91 E223.94982
G1 X-2.426 Y-18.863 Z117.92 E224.47345
G1 X-1.736 Y-19.028 Z117.926 E224.8071
G1 X-1.318 Y-19.061 Z117.93 E225.00429
G1 X-.821 Y-18.99 Z117.934 E225.24039
G1 X-.49 Y-18.831 Z117.938 E225.41308
G1 X-.155 Y-18.601 Z117.941 E225.60418
G1 X0.08 Y-18.381 Z117.944 E225.75557
G1 X0.596 Y-17.799 Z117.951 E226.12136
G1 X1.504 Y-16.459 Z117.966 E226.88259
G1 X2.336 Y-15.026 Z117.981 E227.66186
G1 X3.361 Y-13.127 Z118 E228.67671
G1 X4.464 Y-11.002 Z118.022 E229.80267
G1 X7.089 Y-6.057 Z118.072 E232.43557
G1 X8.183 Y-3.925 Z118.094 E233.56251
G1 X10.8 Y1.055 Z118.145 E236.20821
G1 X11.472 Y2.369 Z118.158 E236.90228
G1 X11.918 Y3.277 Z118.167 E237.37803
G1 X12.479 Y4.496 Z118.179 E238.0091
G1 X12.833 Y5.374 Z118.188 E238.45431
G1 X13.129 Y6.357 Z118.197 E238.9371
G1 X13.21 Y7.163 Z118.205 E239.31806
G1 X13.145 Y7.594 Z118.208 E239.52304
G1 X12.911 Y8.1 Z118.214 E239.78522
G1 X12.562 Y8.494 Z118.218 E240.03275
G1 X11.844 Y9.093 Z118.227 E240.47249
G1 X10.929 Y9.674 Z118.236 E240.98221
G1 X9.639 Y10.403 Z118.25 E241.67905
G1 X8.565 Y10.976 Z118.261 E242.25153
G1 X6.751 Y11.902 Z118.279 E243.20934
G1 X2.517 Y14.124 Z118.322 E245.45806
G1 X0.717 Y15.032 Z118.341 E246.40618
G1 X-3.529 Y17.239 Z118.384 E248.65664
G1 X-5.539 Y18.24 Z118.404 E249.71264
G1 X-6.997 Y18.831 Z118.418 E250.4525
G1 X-7.679 Y19.012 Z118.425 E250.78434
G1 X-8.096 Y19.074 Z118.428 E250.9826
G1 X-8.645 Y19.045 Z118.433 E251.24115
G1 X-9.092 Y18.875 Z118.438 E251.46606
G1 X-9.617 Y18.475 Z118.444 E251.77645
G1 X-10.326 Y17.639 Z118.454 E252.29196
G1 X-10.905 Y16.781 Z118.463 E252.77874
G1 X-11.888 Y15.058 Z118.481 E253.71164
G1 X-12.873 Y13.179 Z118.5 E254.70935
;TIME_ELAPSED:645.867974
;LAYER:118
;note -- min layer time used
;TYPE:WALL-OUTER
;MESH:twised-square.stl
G1 F1336.5 X-16.368 Y6.367 Z118.569 E258.30997
G1 X-16.679 Y5.757 Z118.575 E258.63197
G1 X-20.009 Y-.797 Z118.641 E262.08923
G1 X-20.32 Y-1.41 Z118.647 E262.41249
G1 X-20.978 Y-2.744 Z118.66 E263.11202
G1 X-21.583 Y-4.03 Z118.673 E263.78038
G1 X-22.14 Y-5.368 Z118.686 E264.46197
G1 X-22.388 Y-6.153 Z118.694 E264.84913
G1 X-22.571 Y-7.057 Z118.702 E265.28289
G1 X-22.525 Y-7.774 Z118.708 E265.62077
G1 X-22.362 Y-8.185 Z118.712 E265.8287
G1 X-22.121 Y-8.505 Z118.716 E266.0171
G1 X-21.766 Y-8.851 Z118.72 E266.25023
G1 X-21.457 Y-9.115 Z118.724 E266.44136
G1 X-20.552 Y-9.71 Z118.734 E266.95071
G1 X-19.347 Y-10.401 Z118.746 E267.60397
G1 X-17.737 Y-11.232 Z118.762 E268.45603
G1 X-12.147 Y-14.062 Z118.819 E271.40261
G1 X-11.626 Y-14.325 Z118.824 E271.67707
G1 X-6.042 Y-17.122 Z118.88 E274.61415
G1 X-5.518 Y-17.386 Z118.885 E274.89009
G1 X-3.955 Y-18.132 Z118.901 E275.70457
G1 X-2.21 Y-18.842 Z118.918 E276.59054
G1 X-1.288 Y-19.061 Z118.926 E277.03621
G1 X-.626 Y-19.046 Z118.932 E277.34761
G1 X-.266 Y-18.936 Z118.936 E277.52465
G1 X0.062 Y-18.759 Z118.939 E277.69992
G1 X0.52 Y-18.348 Z118.944 E277.98932
G1 X1.176 Y-17.516 Z118.954 E278.48759
G1 X1.626 Y-16.83 Z118.961 E278.87342
G1 X2.31 Y-15.649 Z118.974 E279.51526
G1 X3.011 Y-14.316 Z118.987 E280.22354
G1 X3.684 Y-12.99 Z119 E280.92286
G1 X6.971 Y-6.392 Z119.067 E284.38952
G1 X7.28 Y-5.779 Z119.073 E284.71235
G1 X10.528 Y0.816 Z119.139 E288.1696
G1 X10.836 Y1.429 Z119.145 E288.49223
G1 X11.755 Y3.342 Z119.164 E289.49031
G1 X12.451 Y4.942 Z119.18 E290.31087
G1 X12.981 Y6.5 Z119.194 E291.0848
G1 X13.119 Y7.45 Z119.203 E291.53626
G1 X13.097 Y7.775 Z119.206 E291.68946
G1 X12.974 Y8.237 Z119.21 E291.91429
G1 X12.752 Y8.603 Z119.214 E292.11561
G1 X12.587 Y8.794 Z119.216 E292.2343
G1 X12.072 Y9.254 Z119.223 E292.55905
G1 X11.181 Y9.849 Z119.232 E293.06291
G1 X9.968 Y10.531 Z119.245 E293.71735
G1 X8.35 Y11.348 Z119.261 E294.56977
G1 X2.723 Y14.109 Z119.317 E297.51744
G1 X2.224 Y14.361 Z119.322 E297.78034
G1 X-3.415 Y17.099 Z119.379 E300.72834
G1 X-3.926 Y17.354 Z119.384 E300.99692
G1 X-5.506 Y18.1 Z119.399 E301.81862
G1 X-7.251 Y18.802 Z119.416 E302.70318
G1 X-8.156 Y19.043 Z119.425 E303.14362
G1 X-8.861 Y19.089 Z119.431 E303.47588
G1 X-9.341 Y18.976 Z119.435 E303.70778
G1 X-9.801 Y18.7 Z119.44 E303.96006
G1 X-10.393 Y18.098 Z119.448 E304.35713
G1 X-11.202 Y16.924 Z119.461 E305.02764
G1 X-11.899 Y15.696 Z119.473 E305.69168
G1 X-12.572 Y14.378 Z119.487 E306.38765
G1 X-13.234 Y13.042 Z119.5 E307.08885
;TIME_ELAPSED:650.873682
;LAYER:119
;note -- min layer time used
;TYPE:WALL-OUTER
;MESH:twised-square.stl
G1 F1343.5 X-15.228 Y8.922 Z119.541 E309.24141
G1 X-16.879 Y5.519 Z119.575 E311.02019
G1 X-18.731 Y1.647 Z119.613 E313.0387
G1 X-20.371 Y-1.766 Z119.647 E314.81946
G1 X-21.006 Y-3.129 Z119.66 E315.5266
G1 X-21.421 Y-4.043 Z119.669 E315.99867
G1 X-21.938 Y-5.31 Z119.681 E316.64222
G1 X-22.255 Y-6.214 Z119.69 E317.09274
G1 X-22.483 Y-7.238 Z119.699 E317.5861
G1 X-22.521 Y-7.705 Z119.704 E317.80645
G1 X-22.403 Y-8.361 Z119.71 E318.1199
G1 X-22.201 Y-8.732 Z119.713 E318.31856
G1 X-21.938 Y-9.058 Z119.717 E318.51555
G1 X-21.312 Y-9.559 Z119.724 E318.89262
G1 X-20.631 Y-10.013 Z119.731 E319.27752
G1 X-19.215 Y-10.785 Z119.746 E320.03599
G1 X-17.539 Y-11.606 Z119.763 E320.91367
G1 X-14.25 Y-13.168 Z119.795 E322.626
G1 X-11.373 Y-14.551 Z119.824 E324.12721
G1 X-8.055 Y-16.109 Z119.856 E325.85107
G1 X-5.171 Y-17.481 Z119.885 E327.35302
G1 X-4.011 Y-18.014 Z119.896 E327.95338
G1 X-2.636 Y-18.577 Z119.91 E328.65213
G1 X-1.769 Y-18.877 Z119.918 E329.08358
G1 X-1.144 Y-19.03 Z119.923 E329.38618
G1 X-.464 Y-19.081 Z119.93 E329.70688
G1 X-0.034 Y-19.006 Z119.933 E329.91215
G1 X0.291 Y-18.871 Z119.937 E330.07765
G1 X0.709 Y-18.569 Z119.941 E330.32017
G1 X1.249 Y-17.954 Z119.949 E330.70506
G1 X1.605 Y-17.46 Z119.954 E330.99142
G1 X2.153 Y-16.56 Z119.963 E331.48696
G1 X2.911 Y-15.12 Z119.978 E332.25226
G1 X3.355 Y-14.222 Z119.987 E332.72338
G1 X4.006 Y-12.866 Z120 E333.43076
G1 X5.83 Y-8.957 Z120.039 E335.45938
G1 X7.454 Y-5.539 Z120.073 E337.23902
G1 X9.251 Y-1.639 Z120.111 E339.25846
G1 X10.852 Y1.766 Z120.145 E341.02795
G1 X11.484 Y3.155 Z120.158 E341.74561
G1 X12.172 Y4.764 Z120.174 E342.56857
G1 X12.566 Y5.814 Z120.184 E343.09598
G1 X12.899 Y6.938 Z120.194 E343.64729
G1 X13.019 Y7.708 Z120.201 E344.01378
G1 X12.992 Y8.267 Z120.206 E344.27697
G1 X12.931 Y8.502 Z120.208 E344.39115
G1 X12.744 Y8.895 Z120.212 E344.59583
G1 X12.418 Y9.278 Z120.217 E344.83236
G1 X12.154 Y9.516 Z120.22 E344.99952
G1 X11.377 Y10.058 Z120.228 E345.44505
G1 X9.742 Y10.947 Z120.245 E346.32027
G1 X8.148 Y11.707 Z120.261 E347.15075
G1 X4.816 Y13.233 Z120.294 E348.87425
G1 X1.916 Y14.598 Z120.322 E350.38159
G1 X-1.414 Y16.104 Z120.355 E352.10034
G1 X-4.33 Y17.463 Z120.384 E353.61331
G1 X-5.474 Y17.973 Z120.395 E354.20235
G1 X-6.846 Y18.538 Z120.408 E354.90015
G1 X-7.71 Y18.842 Z120.416 E355.33089
G1 X-8.323 Y19.005 Z120.422 E355.62919
G1 X-9.004 Y19.096 Z120.428 E355.9523
G1 X-9.487 Y19.063 Z120.432 E356.17997
G1 X-9.909 Y18.916 Z120.436 E356.39013
G1 X-10.375 Y18.574 Z120.441 E356.66197
G1 X-10.851 Y18.045 Z120.448 E356.99664
G1 X-11.513 Y17.076 Z120.458 E357.54853
G1 X-12.277 Y15.656 Z120.473 E358.30686
G1 X-12.95 Y14.265 Z120.487 E359.03356
G1 X-13.589 Y12.899 Z120.5 E359.74278
;TIME_ELAPSED:655.879418
;LAYER:120
;note -- min layer time used
;TYPE:WALL-OUTER
;MESH:twised-square.stl
G1 F1350.4 X-14.194 Y11.554 Z120.513 E360.43635
G1 X-17.059 Y5.296 Z120.574 E363.67314
G1 X-17.561 Y4.168 Z120.585 E364.25378
G1 X-20.41 Y-2.122 Z120.647 E367.50115
G1 X-21.021 Y-3.514 Z120.66 E368.21607
G1 X-21.755 Y-5.303 Z120.677 E369.12546
G1 X-22.196 Y-6.647 Z120.69 E369.79068
G1 X-22.371 Y-7.35 Z120.696 E370.13137
G1 X-22.431 Y-8.15 Z120.703 E370.50866
G1 X-22.343 Y-8.709 Z120.708 E370.77478
G1 X-22.136 Y-9.126 Z120.713 E370.99373
G1 X-21.812 Y-9.487 Z120.717 E371.22185
G1 X-21.194 Y-9.992 Z120.724 E371.59717
G1 X-20.259 Y-10.553 Z120.734 E372.10997
G1 X-19.04 Y-11.178 Z120.746 E372.7542
G1 X-17.341 Y-11.962 Z120.762 E373.63417
G1 X-16.41 Y-12.373 Z120.772 E374.11277
G1 X-11.089 Y-14.775 Z120.823 E376.8583
G1 X-10.127 Y-15.194 Z120.833 E377.35176
G1 X-4.769 Y-17.588 Z120.885 E380.11162
G1 X-3.144 Y-18.274 Z120.901 E380.94113
G1 X-1.345 Y-18.908 Z120.918 E381.83817
G1 X-.433 Y-19.081 Z120.926 E382.27472
G1 X0.177 Y-19.055 Z120.931 E382.56185
G1 X0.598 Y-18.919 Z120.935 E382.76991
G1 X0.935 Y-18.719 Z120.939 E382.95421
G1 X1.117 Y-18.554 Z120.941 E383.06974
G1 X1.545 Y-18.098 Z120.946 E383.36385
G1 X1.853 Y-17.674 Z120.951 E383.61031
G1 X2.544 Y-16.519 Z120.963 E384.24327
G1 X3.287 Y-15.017 Z120.978 E385.03133
G1 X3.719 Y-14.089 Z120.987 E385.51273
G1 X4.333 Y-12.735 Z121 E386.2119
G1 X4.823 Y-11.602 Z121.011 E386.79243
G1 X7.62 Y-5.315 Z121.072 E390.02849
G1 X8.106 Y-4.179 Z121.083 E390.60957
G1 X10.887 Y2.144 Z121.145 E393.85807
G1 X11.475 Y3.525 Z121.158 E394.56395
G1 X12.209 Y5.333 Z121.175 E395.48161
G1 X12.648 Y6.671 Z121.188 E396.14386
G1 X12.904 Y7.898 Z121.199 E396.73332
G1 X12.904 Y8.566 Z121.205 E397.04747
G1 X12.815 Y8.964 Z121.209 E397.23926
G1 X12.599 Y9.371 Z121.213 E397.45595
G1 X12.171 Y9.825 Z121.218 E397.74938
G1 X11.794 Y10.112 Z121.222 E397.9722
G1 X10.855 Y10.68 Z121.232 E398.48831
G1 X9.617 Y11.31 Z121.244 E399.14157
G1 X7.915 Y12.074 Z121.261 E400.01893
G1 X6.978 Y12.472 Z121.27 E400.49769
G1 X1.613 Y14.824 Z121.322 E403.25256
G1 X0.662 Y15.223 Z121.331 E403.73757
G1 X-4.722 Y17.558 Z121.383 E406.49744
G1 X-5.899 Y18.049 Z121.395 E407.09719
G1 X-7.277 Y18.584 Z121.408 E407.79237
G1 X-8.133 Y18.862 Z121.416 E408.21563
G1 X-9.049 Y19.063 Z121.424 E408.65666
G1 X-9.664 Y19.09 Z121.43 E408.94616
G1 X-10.151 Y18.992 Z121.434 E409.17978
G1 X-10.6 Y18.742 Z121.439 E409.42146
G1 X-11.137 Y18.207 Z121.445 E409.77794
G1 X-11.459 Y17.772 Z121.45 E410.03247
G1 X-12.069 Y16.759 Z121.461 E410.58857
G1 X-12.689 Y15.54 Z121.473 E411.23173
G1 X-13.324 Y14.145 Z121.487 E411.95255
G1 X-13.934 Y12.759 Z121.5 E412.66469
;TIME_ELAPSED:660.884639
;LAYER:121
;note -- min layer time used
;TYPE:WALL-OUTER
;MESH:twised-square.stl
G1 F1357.5 X-16.512 Y6.75 Z121.558 E415.73971
G1 X-17.258 Y5.008 Z121.575 E416.63091
G1 X-19.705 Y-.755 Z121.63 E419.57534
G1 X-20.438 Y-2.476 Z121.646 E420.45504
G1 X-21.025 Y-3.902 Z121.66 E421.18026
G1 X-21.663 Y-5.538 Z121.676 E422.00608
G1 X-22.026 Y-6.653 Z121.686 E422.55753
G1 X-22.332 Y-8.094 Z121.699 E423.25032
G1 X-22.291 Y-8.954 Z121.707 E423.65522
G1 X-22.124 Y-9.391 Z121.711 E423.87523
G1 X-21.892 Y-9.73 Z121.714 E424.06842
G1 X-21.405 Y-10.176 Z121.72 E424.37898
G1 X-21.039 Y-10.421 Z121.724 E424.5861
G1 X-20.466 Y-10.77 Z121.73 E424.90162
G1 X-18.771 Y-11.602 Z121.747 E425.78961
G1 X-17.146 Y-12.306 Z121.762 E426.62245
G1 X-12.229 Y-14.382 Z121.81 E429.13248
G1 X-10.747 Y-15.011 Z121.824 E429.88962
G1 X-5.844 Y-17.058 Z121.871 E432.3883
G1 X-4.385 Y-17.672 Z121.885 E433.13273
G1 X-3.185 Y-18.158 Z121.896 E433.74159
G1 X-1.779 Y-18.66 Z121.909 E434.44369
G1 X-.881 Y-18.924 Z121.918 E434.88387
G1 X-.245 Y-19.048 Z121.923 E435.1886
G1 X0.467 Y-19.062 Z121.93 E435.52351
G1 X0.747 Y-19.014 Z121.932 E435.65711
G1 X1.184 Y-18.828 Z121.936 E435.88046
G1 X1.355 Y-18.709 Z121.938 E435.97844
G1 X1.736 Y-18.348 Z121.943 E436.22527
G1 X2.286 Y-17.605 Z121.951 E436.66001
G1 X2.662 Y-16.974 Z121.958 E437.00545
G1 X3.291 Y-15.744 Z121.97 E437.65514
G1 X4.078 Y-13.976 Z121.987 E438.56526
G1 X4.673 Y-12.574 Z122 E439.28151
G1 X7.079 Y-6.769 Z122.056 E442.2367
G1 X7.806 Y-5.044 Z122.072 E443.11704
G1 X10.187 Y0.772 Z122.128 E446.07253
G1 X10.909 Y2.497 Z122.144 E446.95196
G1 X11.474 Y3.91 Z122.158 E447.66762
G1 X12.167 Y5.73 Z122.175 E448.58348
G1 X12.581 Y7.114 Z122.188 E449.26285
G1 X12.81 Y8.363 Z122.199 E449.86003
G1 X12.817 Y8.802 Z122.203 E450.06651
G1 X12.699 Y9.399 Z122.208 E450.35269
G1 X12.467 Y9.81 Z122.213 E450.57465
G1 X12.017 Y10.273 Z122.218 E450.87829
G1 X11.637 Y10.546 Z122.222 E451.09833
G1 X11.064 Y10.895 Z122.228 E451.41385
G1 X9.379 Y11.716 Z122.245 E452.29534
G1 X7.699 Y12.425 Z122.261 E453.15289
G1 X2.773 Y14.43 Z122.308 E455.65404
G1 X1.309 Y15.043 Z122.322 E456.40046
G1 X-3.645 Y17.034 Z122.369 E458.91135
G1 X-5.121 Y17.646 Z122.383 E459.66279
G1 X-6.781 Y18.293 Z122.399 E460.50066
G1 X-8.605 Y18.884 Z122.416 E461.40236
G1 X-9.233 Y19.021 Z122.422 E461.70464
G1 X-9.948 Y19.082 Z122.428 E462.04211
G1 X-10.507 Y18.999 Z122.433 E462.30788
G1 X-10.923 Y18.796 Z122.437 E462.52557
G1 X-11.324 Y18.454 Z122.442 E462.77343
G1 X-11.914 Y17.688 Z122.45 E463.22813
G1 X-12.377 Y16.91 Z122.458 E463.6539
G1 X-13.096 Y15.416 Z122.473 E464.43363
G1 X-13.693 Y14.017 Z122.487 E465.14896
G1 X-14.275 Y12.609 Z122.5 E465.86546
;TIME_ELAPSED:665.890429
;LAYER:122
;note -- min layer time used
;TYPE:WALL-OUTER
;MESH:twised-square.stl
G1 F1364.3 X-15.55 Y9.423 Z122.53 E467.4793
G1 X-17.438 Y4.756 Z122.574 E469.8469
G1 X-18.596 Y1.816 Z122.602 E471.33291
G1 X-20.464 Y-2.857 Z122.647 E473.69962
G1 X-21.012 Y-4.286 Z122.66 E474.41938
G1 X-21.511 Y-5.649 Z122.673 E475.10198
G1 X-21.906 Y-6.909 Z122.684 E475.72297
G1 X-22.138 Y-7.887 Z122.693 E476.19567
G1 X-22.234 Y-9.047 Z122.703 E476.74306
G1 X-22.077 Y-9.68 Z122.709 E477.04977
G1 X-21.887 Y-9.997 Z122.712 E477.22357
G1 X-21.635 Y-10.29 Z122.716 E477.40532
G1 X-21.246 Y-10.617 Z122.72 E477.64431
G1 X-20.869 Y-10.862 Z122.724 E477.85576
G1 X-20.142 Y-11.254 Z122.732 E478.24419
G1 X-18.635 Y-11.958 Z122.746 E479.02642
G1 X-16.927 Y-12.653 Z122.762 E479.89361
G1 X-14.408 Y-13.64 Z122.786 E481.16594
G1 X-10.437 Y-15.225 Z122.824 E483.1767
G1 X-7.934 Y-16.192 Z122.847 E484.43861
G1 X-3.954 Y-17.761 Z122.885 E486.45052
G1 X-2.777 Y-18.2 Z122.896 E487.04129
G1 X-1.332 Y-18.691 Z122.909 E487.75901
G1 X-.423 Y-18.936 Z122.918 E488.20175
G1 X0.224 Y-19.039 Z122.924 E488.50986
G1 X1.059 Y-19.013 Z122.931 E488.90273
G1 X1.461 Y-18.887 Z122.935 E489.10086
G1 X1.768 Y-18.692 Z122.938 E489.27189
G1 X2.153 Y-18.324 Z122.942 E489.52236
G1 X2.59 Y-17.762 Z122.949 E489.85716
G1 X2.913 Y-17.226 Z122.954 E490.15146
G1 X3.395 Y-16.299 Z122.963 E490.64282
G1 X4.206 Y-14.443 Z122.981 E491.59535
G1 X5.014 Y-12.424 Z123 E492.61807
G1 X6.155 Y-9.452 Z123.028 E494.11521
G1 X7.989 Y-4.79 Z123.072 E496.47121
G1 X9.116 Y-1.811 Z123.1 E497.96909
G1 X10.941 Y2.881 Z123.145 E500.33669
G1 X11.469 Y4.296 Z123.158 E501.04696
G1 X12.133 Y6.17 Z123.175 E501.98195
G1 X12.503 Y7.52 Z123.188 E502.64025
G1 X12.653 Y8.244 Z123.194 E502.98796
G1 X12.707 Y9.239 Z123.203 E503.45658
G1 X12.575 Y9.84 Z123.208 E503.74596
G1 X12.352 Y10.223 Z123.212 E503.95438
G1 X12.016 Y10.581 Z123.217 E504.18528
G1 X11.458 Y10.988 Z123.223 E504.51009
G1 X10.738 Y11.396 Z123.23 E504.89928
G1 X9.235 Y12.078 Z123.245 E505.67548
G1 X7.484 Y12.771 Z123.261 E506.56109
G1 X4.971 Y13.714 Z123.285 E507.82337
G1 X0.984 Y15.261 Z123.322 E509.83458
G1 X-1.532 Y16.192 Z123.346 E511.09622
G1 X-5.526 Y17.725 Z123.384 E513.10814
G1 X-6.705 Y18.156 Z123.395 E513.69849
G1 X-8.15 Y18.639 Z123.408 E514.415
G1 X-9.054 Y18.89 Z123.416 E514.85622
G1 X-9.694 Y19.012 Z123.422 E515.16262
G1 X-10.535 Y19.048 Z123.429 E515.55849
G1 X-10.996 Y18.949 Z123.434 E515.78023
G1 X-11.409 Y18.73 Z123.438 E516.00008
G1 X-11.899 Y18.256 Z123.444 E516.32069
G1 X-12.529 Y17.314 Z123.454 E516.85364
G1 X-12.904 Y16.596 Z123.461 E517.23458
G1 X-13.492 Y15.297 Z123.473 E517.90515
G1 X-14.06 Y13.878 Z123.487 E518.62396
G1 X-14.604 Y12.472 Z123.5 E519.33294
;TIME_ELAPSED:670.895704
;LAYER:123
;note -- min layer time used
;TYPE:WALL-OUTER
;MESH:twised-square.stl
G1 F1372.1 X-20.471 Y-3.218 Z123.647 E527.21066
G1 X-20.993 Y-4.677 Z123.66 E527.93939
G1 X-21.33 Y-5.643 Z123.669 E528.42053
G1 X-21.748 Y-6.989 Z123.681 E529.08335
G1 X-22.08 Y-8.645 Z123.696 E529.87764
G1 X-22.103 Y-9.494 Z123.704 E530.27706
G1 X-22.043 Y-9.839 Z123.707 E530.44174
G1 X-21.852 Y-10.278 Z123.711 E530.66689
G1 X-21.602 Y-10.599 Z123.714 E530.85823
G1 X-21.233 Y-10.932 Z123.719 E531.09198
G1 X-20.423 Y-11.44 Z123.727 E531.54162
G1 X-19.736 Y-11.771 Z123.734 E531.90025
G1 X-18.437 Y-12.33 Z123.746 E532.56531
G1 X-16.66 Y-13.004 Z123.763 E533.4591
G1 X-3.536 Y-17.829 Z123.885 E540.03497
G1 X-1.797 Y-18.426 Z123.901 E540.89964
G1 X-.631 Y-18.775 Z123.912 E541.47203
G1 X0.734 Y-19.015 Z123.924 E542.12381
G1 X1.533 Y-18.982 Z123.931 E542.49989
G1 X1.946 Y-18.832 Z123.935 E542.70653
G1 X2.311 Y-18.579 Z123.939 E542.91539
G1 X2.657 Y-18.215 Z123.943 E543.15156
G1 X3.194 Y-17.434 Z123.951 E543.5973
G1 X3.536 Y-16.789 Z123.958 E543.94063
G1 X3.93 Y-15.931 Z123.966 E544.38464
G1 X4.465 Y-14.64 Z123.978 E545.04184
G1 X4.835 Y-13.672 Z123.987 E545.5292
G1 X5.365 Y-12.247 Z124 E546.2442
G1 X10.958 Y3.23 Z124.144 E553.98343
G1 X11.465 Y4.69 Z124.158 E554.71027
G1 X11.957 Y6.156 Z124.171 E555.43749
G1 X12.337 Y7.521 Z124.184 E556.10384
G1 X12.511 Y8.335 Z124.191 E556.4953
G1 X12.607 Y9.453 Z124.201 E557.02301
G1 X12.528 Y10.034 Z124.206 E557.29875
G1 X12.34 Y10.484 Z124.21 E557.52811
G1 X12.019 Y10.877 Z124.215 E557.76675
G1 X11.519 Y11.273 Z124.22 E558.0667
G1 X11.044 Y11.558 Z124.225 E558.32721
G1 X10.352 Y11.898 Z124.232 E558.6898
G1 X9.051 Y12.449 Z124.244 E559.35425
G1 X7.254 Y13.113 Z124.261 E560.25519
G1 X-5.924 Y17.79 Z124.383 E566.83131
G1 X-7.668 Y18.38 Z124.399 E567.69714
G1 X-9.071 Y18.781 Z124.412 E568.38337
G1 X-10.172 Y18.993 Z124.422 E568.91066
G1 X-10.993 Y19.009 Z124.429 E569.29684
G1 X-11.452 Y18.899 Z124.433 E569.51881
G1 X-11.843 Y18.683 Z124.437 E569.72888
G1 X-12.235 Y18.317 Z124.442 E569.98109
G1 X-12.797 Y17.516 Z124.45 E570.44126
G1 X-13.537 Y15.999 Z124.465 E571.23503
G1 X-14.061 Y14.697 Z124.478 E571.89507
G1 X-14.423 Y13.726 Z124.487 E572.38242
G1 X-14.945 Y12.283 Z124.5 E573.10407
;TIME_ELAPSED:675.901550
;LAYER:124
;note -- min layer time used
;TYPE:WALL-OUTER
;MESH:twised-square.stl
G1 F1379.1 X-16.738 Y7.167 Z124.547 E575.65351
G1 X-17.762 Y4.239 Z124.574 E577.11228
G1 X-19.452 Y-.643 Z124.619 E579.54186
G1 X-20.473 Y-3.598 Z124.646 E581.01216
G1 X-20.958 Y-5.058 Z124.66 E581.73567
G1 X-21.263 Y-6.021 Z124.669 E582.21072
G1 X-21.648 Y-7.401 Z124.681 E582.88449
G1 X-21.969 Y-9.096 Z124.696 E583.69579
G1 X-21.997 Y-9.656 Z124.701 E583.95947
G1 X-21.899 Y-10.295 Z124.706 E584.26349
G1 X-21.715 Y-10.7 Z124.71 E584.47269
G1 X-21.476 Y-10.992 Z124.714 E584.65015
G1 X-21.086 Y-11.319 Z124.718 E584.8895
G1 X-20.49 Y-11.713 Z124.724 E585.2255
G1 X-19.914 Y-12.001 Z124.73 E585.52835
G1 X-19.045 Y-12.371 Z124.738 E585.97253
G1 X-17.622 Y-12.911 Z124.751 E586.6883
G1 X-16.427 Y-13.334 Z124.762 E587.28446
G1 X-12.269 Y-14.759 Z124.801 E589.35154
G1 X-9.78 Y-15.619 Z124.824 E590.58998
G1 X-5.615 Y-17.03 Z124.862 E592.65805
G1 X-3.097 Y-17.89 Z124.885 E593.90938
G1 X-1.896 Y-18.283 Z124.896 E594.50366
G1 X-.423 Y-18.705 Z124.909 E595.22425
G1 X0.514 Y-18.905 Z124.918 E595.67483
G1 X1.19 Y-18.981 Z124.924 E595.99474
G1 X2.046 Y-18.923 Z124.931 E596.39823
G1 X2.489 Y-18.737 Z124.935 E596.62418
G1 X2.813 Y-18.485 Z124.939 E596.81721
G1 X3.127 Y-18.132 Z124.943 E597.0394
G1 X3.648 Y-17.34 Z124.951 E597.48522
G1 X3.981 Y-16.678 Z124.958 E597.83372
G1 X4.535 Y-15.385 Z124.97 E598.49526
G1 X5.211 Y-13.536 Z124.987 E599.4211
G1 X5.717 Y-12.078 Z125 E600.14689
G1 X7.359 Y-7.181 Z125.045 E602.57587
G1 X8.364 Y-4.247 Z125.072 E604.03438
G1 X9.987 Y0.66 Z125.117 E606.465
G1 X10.981 Y3.6 Z125.144 E607.92452
G1 X11.452 Y5.06 Z125.158 E608.64598
G1 X11.976 Y6.805 Z125.173 E609.50282
G1 X12.262 Y7.924 Z125.184 E610.04598
G1 X12.495 Y9.407 Z125.197 E610.75196
G1 X12.449 Y10.269 Z125.204 E611.15792
G1 X12.304 Y10.729 Z125.208 E611.38474
G1 X12.06 Y11.114 Z125.212 E611.5991
G1 X11.566 Y11.556 Z125.218 E611.91084
G1 X11.144 Y11.824 Z125.222 E612.14594
G1 X10.555 Y12.126 Z125.228 E612.45722
G1 X9.688 Y12.496 Z125.236 E612.90053
G1 X8.248 Y13.03 Z125.25 E613.6228
G1 X7.048 Y13.442 Z125.261 E614.21948
G1 X2.871 Y14.808 Z125.299 E616.28622
G1 X0.375 Y15.654 Z125.322 E617.52563
G1 X-3.809 Y17.004 Z125.36 E619.59318
G1 X-6.332 Y17.848 Z125.383 E620.84433
G1 X-7.537 Y18.228 Z125.394 E621.43853
G1 X-9.003 Y18.647 Z125.408 E622.15557
G1 X-9.94 Y18.858 Z125.416 E622.60726
G1 X-10.607 Y18.956 Z125.422 E622.92431
G1 X-11.478 Y18.952 Z125.429 E623.33392
G1 X-11.999 Y18.797 Z125.434 E623.58955
G1 X-12.433 Y18.5 Z125.439 E623.83687
G1 X-12.941 Y17.892 Z125.446 E624.20948
G1 X-13.561 Y16.76 Z125.457 E624.81645
G1 X-13.941 Y15.875 Z125.465 E625.26939
G1 X-14.449 Y14.525 Z125.478 E625.94774
G1 X-14.779 Y13.573 Z125.487 E626.42158
G1 X-15.271 Y12.106 Z125.5 E627.14925
;TIME_ELAPSED:680.906882
;LAYER:125
;note -- min layer time used
;TYPE:WALL-OUTER
;MESH:twised-square.stl
G1 F1386.3 X-15.961 Y9.951 Z125.52 E628.21339
G1 X-17.913 Y3.971 Z125.574 E631.17171
G1 X-18.519 Y2.049 Z125.591 E632.11945
G1 X-20.454 Y-3.959 Z125.646 E635.08783
G1 X-20.908 Y-5.429 Z125.659 E635.81136
G1 X-21.201 Y-6.44 Z125.669 E636.30638
G1 X-21.552 Y-7.821 Z125.681 E636.97649
G1 X-21.739 Y-8.755 Z125.689 E637.42445
G1 X-21.849 Y-9.85 Z125.699 E637.942
G1 X-21.728 Y-10.745 Z125.706 E638.36673
G1 X-21.471 Y-11.215 Z125.711 E638.61865
G1 X-21.158 Y-11.557 Z125.715 E638.83668
G1 X-20.686 Y-11.896 Z125.72 E639.10997
G1 X-20.165 Y-12.188 Z125.725 E639.39084
G1 X-19.1 Y-12.652 Z125.735 E639.93716
G1 X-17.406 Y-13.255 Z125.751 E640.78279
G1 X-16.166 Y-13.66 Z125.762 E641.39625
G1 X-14.527 Y-14.172 Z125.777 E642.20378
G1 X-9.432 Y-15.807 Z125.823 E644.72021
G1 X-7.79 Y-16.312 Z125.838 E645.52811
G1 X-2.686 Y-17.928 Z125.885 E648.04587
G1 X-.426 Y-18.587 Z125.905 E649.15296
G1 X1.211 Y-18.913 Z125.919 E649.93793
G1 X1.942 Y-18.939 Z125.926 E650.28193
G1 X2.653 Y-18.814 Z125.932 E650.62142
G1 X3.031 Y-18.622 Z125.936 E650.82081
G1 X3.382 Y-18.326 Z125.94 E651.03674
G1 X3.723 Y-17.876 Z125.945 E651.30226
G1 X4.122 Y-17.215 Z125.951 E651.66536
G1 X4.615 Y-16.132 Z125.962 E652.22496
G1 X5.112 Y-14.825 Z125.974 E652.88256
G1 X5.6 Y-13.369 Z125.987 E653.60473
G1 X6.071 Y-11.904 Z126 E654.32842
G1 X6.66 Y-9.974 Z126.018 E655.27739
G1 X8.552 Y-3.977 Z126.072 E658.2347
G1 X9.132 Y-2.047 Z126.09 E659.18244
G1 X11.006 Y3.982 Z126.144 E662.15158
G1 X11.846 Y6.871 Z126.17 E663.56648
G1 X12.186 Y8.349 Z126.183 E664.27971
G1 X12.384 Y9.825 Z126.196 E664.98007
G1 X12.38 Y10.333 Z126.201 E665.21898
G1 X12.231 Y11.018 Z126.207 E665.54866
G1 X12.003 Y11.425 Z126.211 E665.76805
G1 X11.682 Y11.769 Z126.215 E665.98932
G1 X10.992 Y12.226 Z126.222 E666.37853
G1 X9.952 Y12.704 Z126.232 E666.91681
G1 X8.62 Y13.195 Z126.244 E667.58443
G1 X6.826 Y13.767 Z126.261 E668.46996
G1 X5.179 Y14.256 Z126.275 E669.27793
G1 X0.068 Y15.839 Z126.322 E671.79419
G1 X-1.582 Y16.321 Z126.337 E672.60259
G1 X-6.703 Y17.885 Z126.383 E675.12071
G1 X-8.977 Y18.538 Z126.403 E676.23335
G1 X-10.585 Y18.866 Z126.418 E677.00514
G1 X-11.318 Y18.922 Z126.424 E677.35085
G1 X-12.056 Y18.859 Z126.43 E677.69918
G1 X-12.485 Y18.7 Z126.434 E677.91435
G1 X-12.868 Y18.423 Z126.439 E678.13664
G1 X-13.262 Y17.965 Z126.444 E678.42076
G1 X-13.818 Y16.992 Z126.453 E678.94778
G1 X-14.157 Y16.217 Z126.461 E679.34559
G1 X-14.666 Y14.853 Z126.473 E680.03026
G1 X-15.127 Y13.419 Z126.486 E680.73864
G1 X-15.592 Y11.92 Z126.5 E681.47673
;TIME_ELAPSED:685.912783
;LAYER:126
;note -- min layer time used
;TYPE:WALL-OUTER
;MESH:twised-square.stl
G1 F1393.5 X-17.729 Y4.79 Z126.564 E684.9772
G1 X-18.067 Y3.656 Z126.574 E685.53369
G1 X-20.096 Y-3.204 Z126.636 E688.89797
G1 X-20.431 Y-4.34 Z126.646 E689.45496
G1 X-20.848 Y-5.815 Z126.659 E690.17581
G1 X-21.235 Y-7.294 Z126.672 E690.89477
G1 X-21.615 Y-9.194 Z126.689 E691.80601
G1 X-21.677 Y-10.503 Z126.7 E692.42229
G1 X-21.545 Y-11.186 Z126.706 E692.74944
G1 X-21.277 Y-11.664 Z126.711 E693.00716
G1 X-20.917 Y-12.009 Z126.715 E693.24165
G1 X-20.295 Y-12.427 Z126.722 E693.59408
G1 X-19.796 Y-12.656 Z126.727 E693.85228
G1 X-19.069 Y-12.961 Z126.733 E694.22304
G1 X-17.681 Y-13.433 Z126.746 E694.91251
G1 X-15.857 Y-13.989 Z126.762 E695.80926
G1 X-9.998 Y-15.71 Z126.815 E698.68105
G1 X-9.053 Y-15.989 Z126.824 E699.14444
G1 X-3.172 Y-17.69 Z126.876 E702.02352
G1 X-2.212 Y-17.97 Z126.885 E702.49381
G1 X-.977 Y-18.312 Z126.896 E703.09646
G1 X0.54 Y-18.669 Z126.909 E703.82936
G1 X1.491 Y-18.835 Z126.918 E704.28337
G1 X2.163 Y-18.877 Z126.923 E704.60001
G1 X2.898 Y-18.807 Z126.93 E704.94723
G1 X3.185 Y-18.721 Z126.932 E705.08813
G1 X3.604 Y-18.48 Z126.937 E705.31545
G1 X4.002 Y-18.076 Z126.941 E705.58215
G1 X4.459 Y-17.368 Z126.949 E705.97845
G1 X4.738 Y-16.777 Z126.954 E706.2858
G1 X5.145 Y-15.791 Z126.963 E706.78745
G1 X5.699 Y-14.148 Z126.978 E707.60287
G1 X5.994 Y-13.193 Z126.987 E708.07292
G1 X6.437 Y-11.696 Z127 E708.80711
G1 X8.419 Y-4.797 Z127.062 E712.18282
G1 X8.752 Y-3.661 Z127.072 E712.73954
G1 X10.698 Y3.227 Z127.134 E716.10563
G1 X11.02 Y4.336 Z127.144 E716.64872
G1 X11.429 Y5.841 Z127.157 E717.38216
G1 X11.698 Y6.86 Z127.167 E717.8778
G1 X12.013 Y8.233 Z127.179 E718.54027
G1 X12.181 Y9.21 Z127.187 E719.00647
G1 X12.268 Y9.954 Z127.194 E719.35875
G1 X12.232 Y10.97 Z127.202 E719.83685
G1 X12.147 Y11.304 Z127.205 E719.99893
G1 X11.928 Y11.755 Z127.21 E720.23471
G1 X11.64 Y12.083 Z127.213 E720.43999
G1 X11.038 Y12.515 Z127.22 E720.78845
G1 X10.522 Y12.775 Z127.225 E721.06018
G1 X9.569 Y13.17 Z127.234 E721.54533
G1 X7.851 Y13.721 Z127.249 E722.39381
G1 X6.564 Y14.097 Z127.261 E723.02437
G1 X0.685 Y15.744 Z127.313 E725.89559
G1 X-.261 Y16.02 Z127.322 E726.35903
G1 X-6.164 Y17.647 Z127.375 E729.23862
G1 X-7.103 Y17.918 Z127.383 E729.69823
G1 X-8.385 Y18.257 Z127.394 E730.32185
G1 X-9.881 Y18.61 Z127.408 E731.04472
G1 X-10.82 Y18.779 Z127.416 E731.49341
G1 X-11.485 Y18.846 Z127.422 E731.80773
G1 X-12.231 Y18.827 Z127.428 E732.15867
G1 X-12.545 Y18.767 Z127.431 E732.30901
G1 X-12.994 Y18.574 Z127.435 E732.53885
G1 X-13.358 Y18.278 Z127.439 E732.75949
G1 X-13.814 Y17.678 Z127.446 E733.1139
G1 X-14.246 Y16.85 Z127.454 E733.55311
G1 X-14.567 Y16.067 Z127.461 E733.95108
G1 X-15.03 Y14.734 Z127.473 E734.6147
G1 X-15.48 Y13.224 Z127.487 E735.35569
G1 X-15.909 Y11.724 Z127.5 E736.08939
;TIME_ELAPSED:690.918172
;LAYER:127
;note -- min layer time used
;TYPE:WALL-OUTER
;MESH:twised-square.stl
G1 F1400.7 X-17.032 Y7.62 Z127.536 E738.09038
G1 X-18.204 Y3.382 Z127.574 E740.15824
G1 X-19.236 Y-.458 Z127.608 E742.0282
G1 X-20.39 Y-4.702 Z127.646 E744.09654
G1 X-20.782 Y-6.217 Z127.659 E744.83248
G1 X-21.033 Y-7.226 Z127.668 E745.32145
G1 X-21.313 Y-8.612 Z127.68 E745.98643
G1 X-21.465 Y-9.615 Z127.689 E746.46351
G1 X-21.526 Y-10.36 Z127.695 E746.81504
G1 X-21.503 Y-10.956 Z127.701 E747.09554
G1 X-21.294 Y-11.747 Z127.708 E747.4803
G1 X-21.005 Y-12.165 Z127.712 E747.71928
G1 X-20.596 Y-12.496 Z127.716 E747.96672
G1 X-20.066 Y-12.819 Z127.722 E748.25862
G1 X-19.189 Y-13.204 Z127.73 E748.70904
G1 X-18.318 Y-13.503 Z127.738 E749.14212
G1 X-16.823 Y-13.956 Z127.751 E749.87676
G1 X-15.583 Y-14.301 Z127.762 E750.48206
G1 X-12.284 Y-15.179 Z127.791 E752.08752
G1 X-8.684 Y-16.159 Z127.823 E753.84214
G1 X-5.379 Y-17.022 Z127.853 E755.44854
G1 X-1.75 Y-17.993 Z127.885 E757.21522
G1 X0.031 Y-18.427 Z127.901 E758.0773
G1 X1.377 Y-18.698 Z127.912 E758.723
G1 X2.371 Y-18.801 Z127.921 E759.19297
G1 X2.964 Y-18.799 Z127.926 E759.47184
G1 X3.361 Y-18.729 Z127.929 E759.66142
G1 X3.812 Y-18.563 Z127.934 E759.88744
G1 X4.124 Y-18.348 Z127.937 E760.06563
G1 X4.403 Y-18.064 Z127.94 E760.25285
G1 X4.585 Y-17.822 Z127.943 E760.39526
G1 X4.959 Y-17.2 Z127.949 E760.73658
G1 X5.218 Y-16.636 Z127.954 E761.02844
G1 X5.525 Y-15.858 Z127.961 E761.42178
G1 X5.956 Y-14.523 Z127.974 E762.08152
G1 X6.392 Y-13.005 Z127.987 E762.82426
G1 X6.802 Y-11.5 Z128 E763.55783
G1 X7.806 Y-7.631 Z128.035 E765.43761
G1 X8.942 Y-3.384 Z128.072 E767.50511
G1 X9.922 Y0.472 Z128.106 E769.37616
G1 X11.038 Y4.705 Z128.144 E771.43489
G1 X11.415 Y6.226 Z128.157 E772.17183
G1 X11.657 Y7.257 Z128.166 E772.66987
G1 X11.943 Y8.634 Z128.178 E773.33126
G1 X12.097 Y9.622 Z128.187 E773.80151
G1 X12.159 Y10.945 Z128.198 E774.42438
G1 X12.1 Y11.391 Z128.202 E774.63595
G1 X11.897 Y11.985 Z128.208 E774.93116
G1 X11.618 Y12.368 Z128.212 E775.154
G1 X11.209 Y12.713 Z128.216 E775.40564
G1 X10.879 Y12.913 Z128.22 E775.58711
G1 X9.973 Y13.325 Z128.228 E776.05517
G1 X9.105 Y13.627 Z128.236 E776.48738
G1 X7.607 Y14.069 Z128.249 E777.22188
G1 X6.336 Y14.409 Z128.261 E777.84063
G1 X3.037 Y15.238 Z128.29 E779.44032
G1 X-.571 Y16.186 Z128.322 E781.19469
G1 X-3.889 Y17.004 Z128.351 E782.8018
G1 X-7.526 Y17.944 Z128.383 E784.56842
G1 X-9.306 Y18.369 Z128.399 E785.42905
G1 X-10.657 Y18.64 Z128.411 E786.07705
G1 X-11.63 Y18.756 Z128.419 E786.53788
G1 X-12.223 Y18.777 Z128.424 E786.81693
G1 X-12.631 Y18.744 Z128.428 E787.00943
G1 X-13.153 Y18.612 Z128.432 E787.26264
G1 X-13.578 Y18.37 Z128.436 E787.49264
G1 X-14.001 Y17.925 Z128.442 E787.78138
G1 X-14.392 Y17.289 Z128.448 E788.13248
G1 X-14.968 Y15.915 Z128.461 E788.83313
G1 X-15.407 Y14.555 Z128.473 E789.50521
G1 X-15.821 Y13.036 Z128.487 E790.24562
G1 X-16.216 Y11.519 Z128.5 E790.98283
;TIME_ELAPSED:695.923588
;LAYER:128
;note -- min layer time used
;TYPE:WALL-OUTER
;MESH:twised-square.stl
G1 F1407.9 X-16.466 Y10.498 Z128.509 E791.47717
G1 X-18.321 Y3.123 Z128.574 E795.05352
G1 X-18.507 Y2.343 Z128.581 E795.43063
G1 X-20.338 Y-5.065 Z128.646 E799.0193
G1 X-20.698 Y-6.599 Z128.659 E799.76031
G1 X-21.009 Y-8.052 Z128.672 E800.45911
G1 X-21.245 Y-9.401 Z128.683 E801.10315
G1 X-21.349 Y-10.438 Z128.692 E801.59328
G1 X-21.34 Y-11.108 Z128.698 E801.9084
G1 X-21.275 Y-11.613 Z128.702 E802.14785
G1 X-21.087 Y-12.156 Z128.707 E802.41808
G1 X-20.85 Y-12.49 Z128.711 E802.61068
G1 X-20.572 Y-12.76 Z128.714 E802.79293
G1 X-20.062 Y-13.094 Z128.719 E803.07963
G1 X-19.287 Y-13.455 Z128.727 E803.48171
G1 X-18.527 Y-13.722 Z128.733 E803.86053
G1 X-17.138 Y-14.129 Z128.746 E804.54122
G1 X-15.251 Y-14.613 Z128.762 E805.45736
G1 X-14.618 Y-14.763 Z128.768 E805.7633
G1 X-8.305 Y-16.315 Z128.823 E808.82058
G1 X-7.635 Y-16.47 Z128.829 E809.14399
G1 X-1.307 Y-17.997 Z128.885 E812.20535
G1 X0.548 Y-18.408 Z128.901 E813.09887
G1 X2.507 Y-18.707 Z128.918 E814.03082
G1 X3.197 Y-18.725 Z128.924 E814.35543
G1 X4.069 Y-18.565 Z128.931 E814.77236
G1 X4.346 Y-18.437 Z128.934 E814.91586
G1 X4.725 Y-18.153 Z128.938 E815.13859
G1 X5.092 Y-17.688 Z128.943 E815.41717
G1 X5.454 Y-17.046 Z128.949 E815.76378
G1 X5.696 Y-16.486 Z128.954 E816.05068
G1 X5.986 Y-15.68 Z128.962 E816.45352
G1 X6.4 Y-14.321 Z128.974 E817.12162
G1 X6.795 Y-12.806 Z128.987 E817.85792
G1 X7.176 Y-11.267 Z129.001 E818.60353
G1 X7.349 Y-10.517 Z129.007 E818.9655
G1 X9.127 Y-3.124 Z129.072 E822.54142
G1 X9.303 Y-2.341 Z129.079 E822.91884
G1 X11.053 Y5.074 Z129.144 E826.50178
G1 X11.397 Y6.608 Z129.157 E827.2411
G1 X11.725 Y8.181 Z129.171 E827.99677
G1 X11.951 Y9.567 Z129.183 E828.65718
G1 X12.05 Y10.82 Z129.194 E829.24828
G1 X12.034 Y11.365 Z129.198 E829.5047
G1 X11.915 Y12.013 Z129.204 E829.81453
G1 X11.686 Y12.511 Z129.208 E830.07231
G1 X11.351 Y12.89 Z129.213 E830.31019
G1 X10.885 Y13.213 Z129.218 E830.57684
G1 X10.133 Y13.574 Z129.225 E830.96913
G1 X9.38 Y13.844 Z129.232 E831.34533
G1 X7.974 Y14.256 Z129.244 E832.03435
G1 X6.085 Y14.719 Z129.261 E832.949
G1 X5.449 Y14.859 Z129.266 E833.25526
G1 X-.879 Y16.342 Z129.322 E836.31183
G1 X-1.552 Y16.488 Z129.327 E836.63569
G1 X-7.897 Y17.947 Z129.383 E839.6975
G1 X-9.758 Y18.347 Z129.399 E840.59268
G1 X-11.7 Y18.649 Z129.416 E841.51694
G1 X-12.386 Y18.688 Z129.422 E841.84007
G1 X-13.278 Y18.602 Z129.429 E842.26151
G1 X-13.806 Y18.397 Z129.434 E842.52788
G1 X-14.232 Y18.048 Z129.439 E842.78686
G1 X-14.691 Y17.388 Z129.446 E843.16493
G1 X-14.945 Y16.869 Z129.451 E843.43667
G1 X-15.214 Y16.191 Z129.457 E843.7797
G1 X-15.529 Y15.224 Z129.466 E844.25798
G1 X-15.912 Y13.83 Z129.478 E844.93784
G1 X-16.158 Y12.834 Z129.487 E845.42032
G1 X-16.519 Y11.304 Z129.5 E846.15961
;TIME_ELAPSED:700.929574
;LAYER:129
;note -- min layer time used
;TYPE:WALL-OUTER
;MESH:twised-square.stl
G1 F1415.1 X-17.91 Y5.169 Z129.553 E849.11801
G1 X-18.447 Y2.79 Z129.574 E850.26496
G1 X-19.749 Y-3.065 Z129.625 E853.08571
G1 X-20.278 Y-5.446 Z129.646 E854.23275
G1 X-20.603 Y-6.985 Z129.659 E854.97248
G1 X-20.803 Y-7.977 Z129.667 E855.44838
G1 X-21.048 Y-9.444 Z129.68 E856.14784
G1 X-21.151 Y-10.447 Z129.689 E856.62201
G1 X-21.168 Y-11.203 Z129.695 E856.97763
G1 X-21.011 Y-12.228 Z129.704 E857.46529
G1 X-20.767 Y-12.72 Z129.709 E857.72356
G1 X-20.648 Y-12.889 Z129.71 E857.82077
G1 X-20.316 Y-13.176 Z129.714 E858.02715
G1 X-20.135 Y-13.316 Z129.716 E858.13476
G1 X-19.537 Y-13.623 Z129.722 E858.45089
G1 X-19.023 Y-13.833 Z129.726 E858.71201
G1 X-18.025 Y-14.155 Z129.735 E859.20517
G1 X-16.257 Y-14.609 Z129.751 E860.06361
G1 X-14.929 Y-14.912 Z129.762 E860.70419
G1 X-9.908 Y-16.018 Z129.806 E863.12207
G1 X-7.891 Y-16.465 Z129.823 E864.09364
G1 X-2.844 Y-17.555 Z129.867 E866.52187
G1 X-.822 Y-17.996 Z129.885 E867.49514
G1 X0.474 Y-18.261 Z129.896 E868.11723
G1 X2.038 Y-18.515 Z129.909 E868.86239
G1 X3.238 Y-18.634 Z129.92 E869.42949
G1 X3.996 Y-18.595 Z129.926 E869.78644
G1 X4.74 Y-18.375 Z129.933 E870.1513
G1 X5.129 Y-18.109 Z129.937 E870.37292
G1 X5.433 Y-17.791 Z129.94 E870.57981
G1 X5.819 Y-17.169 Z129.947 E870.92408
G1 X6.191 Y-16.291 Z129.955 E871.37252
G1 X6.454 Y-15.504 Z129.962 E871.76275
G1 X6.838 Y-14.134 Z129.974 E872.43186
G1 X7.202 Y-12.597 Z129.987 E873.17468
G1 X7.544 Y-11.06 Z130 E873.91517
G1 X8.804 Y-5.17 Z130.052 E876.7478
G1 X9.322 Y-2.813 Z130.072 E877.88271
G1 X10.555 Y3.084 Z130.123 E880.71592
G1 X11.067 Y5.442 Z130.144 E881.85069
G1 X11.377 Y6.99 Z130.157 E882.59314
G1 X11.74 Y8.97 Z130.174 E883.53981
G1 X11.927 Y10.664 Z130.188 E884.3413
G1 X11.926 Y11.508 Z130.196 E884.73823
G1 X11.777 Y12.403 Z130.203 E885.16492
G1 X11.539 Y12.903 Z130.208 E885.42534
G1 X11.27 Y13.212 Z130.212 E885.61801
G1 X10.864 Y13.522 Z130.216 E885.85823
G1 X10.504 Y13.717 Z130.219 E886.05078
G1 X9.952 Y13.954 Z130.224 E886.33329
G1 X8.955 Y14.286 Z130.233 E886.82747
G1 X7.173 Y14.725 Z130.249 E887.69057
G1 X5.84 Y15.018 Z130.26 E888.33241
G1 X0.805 Y16.056 Z130.304 E890.75007
G1 X-1.215 Y16.492 Z130.322 E891.72192
G1 X-6.277 Y17.512 Z130.365 E894.15033
G1 X-8.3 Y17.943 Z130.383 E895.12306
G1 X-9.599 Y18.194 Z130.394 E895.74525
G1 X-11.159 Y18.452 Z130.408 E896.48886
G1 X-12.342 Y18.583 Z130.418 E897.0486
G1 X-13.105 Y18.574 Z130.424 E897.40745
G1 X-13.548 Y18.517 Z130.428 E897.6175
G1 X-14.144 Y18.32 Z130.433 E897.9127
G1 X-14.569 Y18.006 Z130.438 E898.16121
G1 X-15.001 Y17.438 Z130.444 E898.49681
G1 X-15.492 Y16.372 Z130.454 E899.04875
G1 X-15.76 Y15.561 Z130.461 E899.45043
G1 X-16.144 Y14.155 Z130.473 E900.13586
G1 X-16.489 Y12.62 Z130.487 E900.87575
G1 X-16.816 Y11.077 Z130.5 E901.61751
;TIME_ELAPSED:705.935046
;LAYER:130
;note -- min layer time used
;TYPE:WALL-OUTER
;MESH:twised-square.stl
G1 F1422.2 X-17.417 Y8.065 Z130.526 E903.06192
G1 X-18.555 Y2.498 Z130.574 E905.73411
G1 X-19.088 Y-.238 Z130.597 E907.04499
G1 X-20.202 Y-5.81 Z130.645 E909.71725
G1 X-20.494 Y-7.367 Z130.659 E910.46224
G1 X-20.747 Y-8.899 Z130.672 E911.19247
G1 X-20.929 Y-10.361 Z130.684 E911.88533
G1 X-20.948 Y-11.626 Z130.695 E912.4803
G1 X-20.896 Y-12.226 Z130.7 E912.76352
G1 X-20.635 Y-12.971 Z130.707 E913.13476
G1 X-20.359 Y-13.339 Z130.711 E913.35109
G1 X-19.971 Y-13.641 Z130.715 E913.58232
G1 X-19.285 Y-14.008 Z130.721 E913.9482
G1 X-18.736 Y-14.213 Z130.726 E914.22379
G1 X-17.752 Y-14.511 Z130.735 E914.70731
G1 X-15.911 Y-14.935 Z130.751 E915.59576
G1 X-14.608 Y-15.203 Z130.762 E916.22136
G1 X-12.25 Y-15.656 Z130.782 E917.35056
G1 X-7.488 Y-16.605 Z130.823 E919.63407
G1 X-5.114 Y-17.05 Z130.844 E920.76997
G1 X-.324 Y-17.983 Z130.885 E923.06494
G1 X1.52 Y-18.302 Z130.901 E923.94502
G1 X2.533 Y-18.44 Z130.909 E924.42582
G1 X3.527 Y-18.521 Z130.918 E924.89483
G1 X4.523 Y-18.464 Z130.926 E925.36399
G1 X5.149 Y-18.292 Z130.932 E925.6693
G1 X5.363 Y-18.183 Z130.934 E925.78224
G1 X5.689 Y-17.943 Z130.937 E925.97262
G1 X6.042 Y-17.494 Z130.942 E926.24122
G1 X6.443 Y-16.724 Z130.949 E926.64949
G1 X6.677 Y-16.118 Z130.955 E926.955
G1 X6.993 Y-15.084 Z130.964 E927.46347
G1 X7.394 Y-13.405 Z130.978 E928.27527
G1 X7.612 Y-12.376 Z130.987 E928.76993
G1 X7.925 Y-10.809 Z131.001 E929.52142
G1 X8.433 Y-8.071 Z131.024 E930.83102
G1 X9.516 Y-2.518 Z131.072 E933.4917
G1 X10.016 Y0.246 Z131.096 E934.81265
G1 X11.077 Y5.813 Z131.143 E937.47782
G1 X11.357 Y7.389 Z131.157 E938.23059
G1 X11.61 Y8.917 Z131.17 E938.95897
G1 X11.775 Y10.386 Z131.182 E939.65415
G1 X11.82 Y11.258 Z131.19 E940.06478
G1 X11.797 Y11.913 Z131.195 E940.373
G1 X11.736 Y12.428 Z131.2 E940.6169
G1 X11.519 Y13.076 Z131.205 E940.93827
G1 X11.267 Y13.453 Z131.209 E941.15153
G1 X10.86 Y13.811 Z131.214 E941.40644
G1 X10.547 Y13.997 Z131.217 E941.57767
G1 X9.737 Y14.339 Z131.224 E941.99116
G1 X8.76 Y14.641 Z131.233 E942.47207
G1 X6.914 Y15.05 Z131.249 E943.36126
G1 X5.607 Y15.306 Z131.26 E943.9876
G1 X3.244 Y15.727 Z131.28 E945.11637
G1 X-1.54 Y16.631 Z131.322 E947.40601
G1 X-3.908 Y17.041 Z131.342 E948.5362
G1 X-8.707 Y17.928 Z131.383 E950.8313
G1 X-10.551 Y18.239 Z131.399 E951.71075
G1 X-11.561 Y18.372 Z131.407 E952.18983
G1 X-12.547 Y18.459 Z131.416 E952.65533
G1 X-13.541 Y18.449 Z131.424 E953.12281
G1 X-14.187 Y18.333 Z131.43 E953.43148
G1 X-14.699 Y18.106 Z131.434 E953.69486
G1 X-15.111 Y17.73 Z131.439 E953.95718
G1 X-15.542 Y17.048 Z131.446 E954.33659
G1 X-15.77 Y16.528 Z131.451 E954.60361
G1 X-16.151 Y15.354 Z131.461 E955.18406
G1 X-16.501 Y13.947 Z131.473 E955.86591
G1 X-16.811 Y12.397 Z131.487 E956.60929
G1 X-17.105 Y10.84 Z131.5 E957.35445
;TIME_ELAPSED:710.941088
;LAYER:131
;note -- min layer time used
;TYPE:WALL-OUTER
;MESH:twised-square.stl
G1 F1429.3 X-18.579 Y2.62 Z131.57 E961.28182
G1 X-18.655 Y2.174 Z131.574 E961.49458
G1 X-20.114 Y-6.163 Z131.645 E965.4749
G1 X-20.373 Y-7.75 Z131.658 E966.23111
G1 X-20.597 Y-9.297 Z131.672 E966.96622
G1 X-20.744 Y-11.023 Z131.686 E967.78086
G1 X-20.746 Y-12.004 Z131.694 E968.24221
G1 X-20.661 Y-12.576 Z131.699 E968.51416
G1 X-20.445 Y-13.259 Z131.705 E968.85104
G1 X-20.282 Y-13.516 Z131.708 E968.99416
G1 X-19.927 Y-13.877 Z131.712 E969.23227
G1 X-19.386 Y-14.225 Z131.717 E969.53478
G1 X-19.012 Y-14.385 Z131.721 E969.72609
G1 X-18.066 Y-14.7 Z131.729 E970.19499
G1 X-17.135 Y-14.926 Z131.737 E970.64553
G1 X-15.569 Y-15.248 Z131.751 E971.3974
G1 X-14.249 Y-15.486 Z131.762 E972.02818
G1 X0.147 Y-17.951 Z131.885 E978.89687
G1 X2.128 Y-18.25 Z131.901 E979.83905
G1 X3.62 Y-18.393 Z131.914 E980.54392
G1 X4.405 Y-18.4 Z131.921 E980.91311
G1 X5.32 Y-18.278 Z131.928 E981.34722
G1 X5.666 Y-18.147 Z131.931 E981.52121
G1 X6.122 Y-17.85 Z131.936 E981.77713
G1 X6.461 Y-17.47 Z131.94 E982.01662
G1 X6.845 Y-16.799 Z131.947 E982.3802
G1 X7.176 Y-15.907 Z131.955 E982.82764
G1 X7.41 Y-15.107 Z131.962 E983.21962
G1 X7.729 Y-13.697 Z131.974 E983.89948
G1 X8.024 Y-12.145 Z131.987 E984.64242
G1 X8.302 Y-10.565 Z132.001 E985.39688
G1 X9.639 Y-2.619 Z132.068 E989.18626
G1 X9.711 Y-2.199 Z132.072 E989.38666
G1 X11.015 Y5.768 Z132.14 E993.18324
G1 X11.091 Y6.215 Z132.143 E993.39647
G1 X11.327 Y7.753 Z132.157 E994.12823
G1 X11.474 Y8.779 Z132.165 E994.61566
G1 X11.639 Y10.246 Z132.178 E995.30991
G1 X11.704 Y11.251 Z132.186 E995.78353
G1 X11.697 Y12.012 Z132.192 E996.14143
G1 X11.542 Y13.036 Z132.201 E996.62848
G1 X11.279 Y13.625 Z132.207 E996.93184
G1 X10.937 Y14.017 Z132.211 E997.17649
G1 X10.337 Y14.393 Z132.217 E997.50948
G1 X9.849 Y14.606 Z132.221 E997.75989
G1 X9.2 Y14.815 Z132.227 E998.08053
G1 X8.244 Y15.053 Z132.235 E998.54384
G1 X6.671 Y15.364 Z132.249 E999.29792
G1 X5.343 Y15.592 Z132.26 E999.93159
G1 X-1.859 Y16.758 Z132.321 E1003.36265
G1 X-9.092 Y17.896 Z132.383 E1006.80603
G1 X-11.049 Y18.18 Z132.399 E1007.73601
G1 X-12.541 Y18.325 Z132.412 E1008.44097
G1 X-13.325 Y18.348 Z132.419 E1008.80983
G1 X-14.239 Y18.274 Z132.426 E1009.24108
G1 X-14.579 Y18.193 Z132.429 E1009.40545
G1 X-15.019 Y18.003 Z132.433 E1009.63084
G1 X-15.359 Y17.752 Z132.437 E1009.82959
G1 X-15.734 Y17.278 Z132.442 E1010.11382
G1 X-16.08 Y16.586 Z132.448 E1010.47767
G1 X-16.292 Y15.996 Z132.454 E1010.7725
G1 X-16.535 Y15.14 Z132.461 E1011.19097
G1 X-16.849 Y13.741 Z132.473 E1011.86526
G1 X-17.128 Y12.162 Z132.487 E1012.61934
G1 X-17.389 Y10.592 Z132.5 E1013.36781
;TIME_ELAPSED:715.946615
;LAYER:132
;note -- min layer time used
;TYPE:WALL-OUTER
;MESH:twised-square.stl
G1 F1436.3 X-18.174 Y5.536 Z132.543 E1015.77404
G1 X-18.747 Y1.874 Z132.574 E1017.51716
G1 X-19.467 Y-2.889 Z132.614 E1019.78255
G1 X-20.018 Y-6.554 Z132.645 E1021.5255
G1 X-20.24 Y-8.13 Z132.658 E1022.27397
G1 X-20.425 Y-9.645 Z132.671 E1022.99174
G1 X-20.539 Y-10.965 Z132.682 E1023.61482
G1 X-20.542 Y-12.068 Z132.691 E1024.13354
G1 X-20.357 Y-13.267 Z132.701 E1024.70408
G1 X-20.03 Y-13.901 Z132.707 E1025.03956
G1 X-19.714 Y-14.212 Z132.711 E1025.24807
G1 X-19.548 Y-14.349 Z132.713 E1025.34929
G1 X-19.099 Y-14.606 Z132.717 E1025.59259
G1 X-18.698 Y-14.758 Z132.721 E1025.79427
G1 X-18.135 Y-14.955 Z132.726 E1026.07478
G1 X-17.326 Y-15.157 Z132.733 E1026.46691
G1 X-15.856 Y-15.446 Z132.745 E1027.17146
G1 X-13.903 Y-15.762 Z132.762 E1028.10186
G1 X-9.773 Y-16.373 Z132.797 E1030.06526
G1 X-6.62 Y-16.85 Z132.823 E1031.56492
G1 X-2.493 Y-17.446 Z132.858 E1033.5259
G1 X0.673 Y-17.912 Z132.885 E1035.03085
G1 X2.545 Y-18.152 Z132.901 E1035.91843
G1 X3.583 Y-18.246 Z132.909 E1036.40857
G1 X4.616 Y-18.273 Z132.918 E1036.89454
G1 X5.314 Y-18.233 Z132.924 E1037.22333
G1 X5.842 Y-18.117 Z132.928 E1037.47756
G1 X6.211 Y-17.984 Z132.932 E1037.66203
G1 X6.676 Y-17.664 Z132.936 E1037.92748
G1 X6.999 Y-17.264 Z132.941 E1038.16927
G1 X7.358 Y-16.588 Z132.947 E1038.52923
G1 X7.674 Y-15.695 Z132.955 E1038.97471
G1 X7.885 Y-14.884 Z132.962 E1039.3688
G1 X8.187 Y-13.435 Z132.974 E1040.06488
G1 X8.439 Y-11.901 Z132.987 E1040.79596
G1 X8.684 Y-10.311 Z133.001 E1041.55253
G1 X9.361 Y-5.536 Z133.041 E1043.82058
G1 X9.905 Y-1.895 Z133.072 E1045.55187
G1 X10.563 Y2.904 Z133.112 E1047.82986
G1 X11.092 Y6.548 Z133.143 E1049.56153
G1 X11.297 Y8.13 Z133.156 E1050.31173
G1 X11.473 Y9.657 Z133.169 E1051.0346
G1 X11.574 Y10.919 Z133.18 E1051.63
G1 X11.564 Y12.423 Z133.192 E1052.33731
G1 X11.387 Y13.435 Z133.201 E1052.82046
G1 X11.112 Y14.022 Z133.206 E1053.12531
G1 X10.771 Y14.388 Z133.21 E1053.36056
G1 X10.316 Y14.693 Z133.215 E1053.61816
G1 X9.946 Y14.865 Z133.218 E1053.81005
G1 X8.972 Y15.176 Z133.227 E1054.29089
G1 X7.986 Y15.398 Z133.235 E1054.76619
G1 X7 Y15.58 Z133.244 E1055.23772
G1 X5.109 Y15.864 Z133.26 E1056.137
G1 X0.97 Y16.419 Z133.295 E1058.10091
G1 X-2.187 Y16.875 Z133.321 E1059.60099
G1 X-6.323 Y17.41 Z133.356 E1061.56227
G1 X-9.49 Y17.853 Z133.383 E1063.06615
G1 X-11.363 Y18.082 Z133.399 E1063.95355
G1 X-12.4 Y18.17 Z133.407 E1064.44298
G1 X-13.421 Y18.213 Z133.416 E1064.92356
G1 X-14.113 Y18.19 Z133.422 E1065.24918
G1 X-14.653 Y18.118 Z133.426 E1065.50537
G1 X-15.037 Y18.019 Z133.43 E1065.69187
G1 X-15.568 Y17.753 Z133.435 E1065.97117
G1 X-15.966 Y17.362 Z133.439 E1066.23355
G1 X-16.367 Y16.664 Z133.446 E1066.61212
G1 X-16.694 Y15.753 Z133.454 E1067.06731
G1 X-16.907 Y14.93 Z133.461 E1067.4671
G1 X-17.195 Y13.495 Z133.473 E1068.15541
G1 X-17.434 Y11.93 Z133.487 E1068.89993
G1 X-17.662 Y10.335 Z133.5 E1069.65765
;TIME_ELAPSED:720.952712
;LAYER:133
;note -- min layer time used
;TYPE:WALL-OUTER
;MESH:twised-square.stl
G1 F1443.3 X-17.896 Y8.49 Z133.515 E1070.53227
G1 X-18.822 Y1.566 Z133.574 E1073.81748
G1 X-19.012 Y0.013 Z133.587 E1074.55328
G1 X-19.906 Y-6.916 Z133.645 E1077.83886
G1 X-20.09 Y-8.491 Z133.658 E1078.58459
G1 X-20.282 Y-10.518 Z133.675 E1079.54211
G1 X-20.324 Y-12.052 Z133.688 E1080.26379
G1 X-20.255 Y-12.806 Z133.694 E1080.61986
G1 X-20.02 Y-13.838 Z133.703 E1081.11762
G1 X-19.735 Y-14.318 Z133.707 E1081.38014
G1 X-19.424 Y-14.602 Z133.711 E1081.57821
G1 X-18.967 Y-14.896 Z133.715 E1081.83376
G1 X-18.605 Y-15.055 Z133.719 E1082.0197
G1 X-18.132 Y-15.219 Z133.723 E1082.25513
G1 X-17.425 Y-15.405 Z133.729 E1082.59893
G1 X-16.456 Y-15.596 Z133.737 E1083.0634
G1 X-14.895 Y-15.843 Z133.75 E1083.80664
G1 X-13.517 Y-16.027 Z133.762 E1084.46044
G1 X-12.179 Y-16.187 Z133.773 E1085.09416
G1 X-6.183 Y-16.956 Z133.823 E1087.93705
G1 X-4.834 Y-17.112 Z133.834 E1088.57569
G1 X1.15 Y-17.853 Z133.885 E1091.41134
G1 X3.073 Y-18.055 Z133.901 E1092.32067
G1 X4.48 Y-18.139 Z133.912 E1092.98353
G1 X5.53 Y-18.108 Z133.921 E1093.47754
G1 X6.122 Y-18.02 Z133.926 E1093.759
G1 X6.775 Y-17.791 Z133.932 E1094.08443
G1 X6.977 Y-17.655 Z133.934 E1094.19895
G1 X7.3 Y-17.382 Z133.937 E1094.39784
G1 X7.622 Y-16.916 Z133.942 E1094.66422
G1 X7.785 Y-16.601 Z133.945 E1094.83102
G1 X8.083 Y-15.805 Z133.952 E1095.23073
G1 X8.472 Y-14.128 Z133.966 E1096.04033
G1 X8.708 Y-12.697 Z133.978 E1096.72239
G1 X8.856 Y-11.645 Z133.987 E1097.222
G1 X9.061 Y-10.076 Z134 E1097.96614
G1 X9.241 Y-8.495 Z134.014 E1098.71446
G1 X10.098 Y-1.564 Z134.072 E1101.99879
G1 X10.268 Y-0.007 Z134.085 E1102.73537
G1 X11.097 Y6.931 Z134.143 E1106.02138
G1 X11.265 Y8.506 Z134.156 E1106.76628
G1 X11.411 Y10.064 Z134.169 E1107.50218
G1 X11.477 Y11.581 Z134.182 E1108.21627
G1 X11.467 Y12.45 Z134.189 E1108.62497
G1 X11.398 Y13.111 Z134.194 E1108.93751
G1 X11.294 Y13.629 Z134.199 E1109.18598
G1 X11.033 Y14.27 Z134.205 E1109.51147
G1 X10.755 Y14.631 Z134.208 E1109.72574
G1 X10.314 Y14.969 Z134.213 E1109.98704
G1 X9.95 Y15.152 Z134.216 E1110.17864
G1 X9.461 Y15.331 Z134.221 E1110.42353
G1 X8.77 Y15.524 Z134.227 E1110.76093
G1 X7.79 Y15.722 Z134.235 E1111.23112
G1 X6.22 Y15.958 Z134.248 E1111.97775
G1 X4.839 Y16.131 Z134.26 E1112.63229
G1 X3.499 Y16.272 Z134.271 E1113.26594
G1 X-2.506 Y16.978 Z134.321 E1116.10942
G1 X-3.855 Y17.114 Z134.332 E1116.74705
G1 X-9.848 Y17.792 Z134.383 E1119.58342
G1 X-11.77 Y17.982 Z134.399 E1120.4917
G1 X-13.175 Y18.069 Z134.41 E1121.15371
G1 X-14.214 Y18.054 Z134.419 E1121.64238
G1 X-14.825 Y17.991 Z134.424 E1121.93125
G1 X-15.255 Y17.898 Z134.428 E1122.13814
G1 X-15.755 Y17.7 Z134.432 E1122.39105
G1 X-16.117 Y17.451 Z134.436 E1122.59768
G1 X-16.481 Y17.012 Z134.441 E1122.86587
G1 X-16.68 Y16.654 Z134.444 E1123.05849
G1 X-16.876 Y16.177 Z134.448 E1123.30101
G1 X-17.078 Y15.53 Z134.454 E1123.61977
G1 X-17.33 Y14.457 Z134.463 E1124.13811
G1 X-17.606 Y12.69 Z134.478 E1124.97917
G1 X-17.74 Y11.657 Z134.487 E1125.46904
G1 X-17.928 Y10.067 Z134.5 E1126.22199
;TIME_ELAPSED:725.958294
;LAYER:134
;note -- min layer time used
;TYPE:WALL-OUTER
;MESH:twised-square.stl
G1 F1450.1 X-18.705 Y2.923 Z134.559 E1129.60148
G1 X-18.889 Y1.23 Z134.574 E1130.40236
G1 X-19.606 Y-5.603 Z134.63 E1133.63342
G1 X-19.783 Y-7.27 Z134.644 E1134.42179
G1 X-19.934 Y-8.886 Z134.658 E1135.18507
G1 X-20.065 Y-10.441 Z134.671 E1135.91895
G1 X-20.095 Y-11.969 Z134.683 E1136.63767
G1 X-20.051 Y-12.866 Z134.691 E1137.06002
G1 X-19.81 Y-14.03 Z134.701 E1137.61904
G1 X-19.531 Y-14.576 Z134.706 E1137.90739
G1 X-19.238 Y-14.885 Z134.709 E1138.10765
G1 X-18.901 Y-15.138 Z134.713 E1138.30583
G1 X-18.271 Y-15.428 Z134.718 E1138.63198
G1 X-17.801 Y-15.573 Z134.722 E1138.86329
G1 X-16.627 Y-15.833 Z134.732 E1139.42878
G1 X-15.113 Y-16.058 Z134.745 E1140.14861
G1 X-13.155 Y-16.28 Z134.761 E1141.07531
G1 X-7.192 Y-16.895 Z134.811 E1143.89447
G1 X-5.721 Y-17.049 Z134.823 E1144.59003
G1 X0.219 Y-17.636 Z134.873 E1147.3971
G1 X1.661 Y-17.782 Z134.885 E1148.07871
G1 X3.616 Y-17.943 Z134.901 E1149.00122
G1 X4.66 Y-17.99 Z134.909 E1149.49269
G1 X5.897 Y-17.961 Z134.92 E1150.07459
G1 X6.665 Y-17.833 Z134.926 E1150.44075
G1 X7.311 Y-17.586 Z134.932 E1150.766
G1 X7.526 Y-17.455 Z134.934 E1150.8844
G1 X7.859 Y-17.143 Z134.938 E1151.099
G1 X8.148 Y-16.727 Z134.942 E1151.33721
G1 X8.497 Y-15.887 Z134.949 E1151.76498
G1 X8.665 Y-15.236 Z134.955 E1152.08117
G1 X8.853 Y-14.394 Z134.962 E1152.48689
G1 X9.086 Y-12.947 Z134.974 E1153.17615
G1 X9.274 Y-11.379 Z134.987 E1153.91883
G1 X9.443 Y-9.786 Z135.001 E1154.6722
G1 X10.113 Y-2.922 Z135.058 E1157.91554
G1 X10.287 Y-1.252 Z135.072 E1158.70516
G1 X10.927 Y5.617 Z135.129 E1161.9495
G1 X11.095 Y7.284 Z135.143 E1162.73743
G1 X11.229 Y8.882 Z135.156 E1163.49158
G1 X11.341 Y10.491 Z135.169 E1164.25009
G1 X11.375 Y11.969 Z135.181 E1164.94534
G1 X11.341 Y12.837 Z135.189 E1165.35386
G1 X11.148 Y13.989 Z135.198 E1165.90317
G1 X10.925 Y14.546 Z135.203 E1166.18533
G1 X10.662 Y14.92 Z135.207 E1166.40035
G1 X10.259 Y15.262 Z135.211 E1166.64892
G1 X9.97 Y15.422 Z135.214 E1166.80427
G1 X9.246 Y15.692 Z135.22 E1167.16766
G1 X8.085 Y15.957 Z135.23 E1167.7277
G1 X6.569 Y16.181 Z135.243 E1168.44838
G1 X4.602 Y16.385 Z135.259 E1169.37838
G1 X-1.368 Y16.923 Z135.309 E1172.19733
G1 X-2.839 Y17.071 Z135.321 E1172.89261
G1 X-8.788 Y17.581 Z135.371 E1175.70057
G1 X-10.229 Y17.72 Z135.383 E1176.38139
G1 X-12.187 Y17.869 Z135.399 E1177.30486
G1 X-13.219 Y17.911 Z135.407 E1177.79058
G1 X-14.455 Y17.905 Z135.418 E1178.37186
G1 X-15.222 Y17.81 Z135.424 E1178.73532
G1 X-15.903 Y17.625 Z135.43 E1179.06719
G1 X-16.388 Y17.358 Z135.434 E1179.32755
G1 X-16.721 Y17.029 Z135.438 E1179.5477
G1 X-16.881 Y16.799 Z135.441 E1179.67946
G1 X-17.184 Y16.174 Z135.446 E1180.0061
G1 X-17.361 Y15.646 Z135.451 E1180.26799
G1 X-17.639 Y14.43 Z135.461 E1180.85461
G1 X-17.864 Y12.968 Z135.474 E1181.55025
G1 X-18.031 Y11.402 Z135.487 E1182.29089
G1 X-18.184 Y9.788 Z135.5 E1183.05332
;TIME_ELAPSED:730.963903
;LAYER:135
;note -- min layer time used
;TYPE:WALL-OUTER
;MESH:twised-square.stl
G1 F1456.6 X-18.512 Y5.889 Z135.532 E1184.89342
G1 X-18.947 Y0.935 Z135.573 E1187.23215
G1 X-19.234 Y-2.678 Z135.603 E1188.93662
G1 X-19.648 Y-7.66 Z135.644 E1191.28763
G1 X-19.762 Y-9.263 Z135.657 E1192.04339
G1 X-19.842 Y-10.776 Z135.67 E1192.75592
G1 X-19.86 Y-11.798 Z135.678 E1193.23662
G1 X-19.803 Y-13.06 Z135.689 E1193.83072
G1 X-19.678 Y-13.903 Z135.696 E1194.2315
G1 X-19.515 Y-14.435 Z135.7 E1194.49317
G1 X-19.119 Y-15.081 Z135.707 E1194.84951
G1 X-18.714 Y-15.413 Z135.711 E1195.09579
G1 X-18.477 Y-15.555 Z135.713 E1195.22572
G1 X-17.913 Y-15.794 Z135.718 E1195.51379
G1 X-17.435 Y-15.919 Z135.722 E1195.74614
G1 X-16.737 Y-16.079 Z135.728 E1196.08291
G1 X-15.726 Y-16.231 Z135.737 E1196.56371
G1 X-14.126 Y-16.408 Z135.75 E1197.32075
G1 X-12.767 Y-16.528 Z135.761 E1197.96234
G1 X-9.613 Y-16.771 Z135.787 E1199.45
G1 X-5.3 Y-17.13 Z135.823 E1201.48533
G1 X-2.143 Y-17.358 Z135.849 E1202.97387
G1 X2.199 Y-17.698 Z135.885 E1205.02208
G1 X4.131 Y-17.814 Z135.901 E1205.9323
G1 X5.183 Y-17.832 Z135.909 E1206.4271
G1 X6.447 Y-17.779 Z135.92 E1207.02206
G1 X7.23 Y-17.631 Z135.926 E1207.39681
G1 X7.659 Y-17.479 Z135.93 E1207.61085
G1 X8.112 Y-17.2 Z135.935 E1207.86105
G1 X8.449 Y-16.861 Z135.939 E1208.08585
G1 X8.696 Y-16.43 Z135.943 E1208.31946
G1 X9.015 Y-15.627 Z135.95 E1208.72581
G1 X9.177 Y-14.994 Z135.955 E1209.03309
G1 X9.422 Y-13.591 Z135.967 E1209.70287
G1 X9.596 Y-12.128 Z135.979 E1210.39574
G1 X9.693 Y-11.101 Z135.987 E1210.88087
G1 X9.826 Y-9.507 Z136.001 E1211.6331
G1 X10.083 Y-5.89 Z136.031 E1213.33839
G1 X10.477 Y-.933 Z136.071 E1215.67692
G1 X10.718 Y2.685 Z136.101 E1217.38216
G1 X11.091 Y7.65 Z136.142 E1219.72368
G1 X11.189 Y9.257 Z136.156 E1220.48083
G1 X11.263 Y10.77 Z136.168 E1221.19321
G1 X11.275 Y11.799 Z136.177 E1221.67716
G1 X11.247 Y12.802 Z136.185 E1222.14904
G1 X11.164 Y13.563 Z136.191 E1222.50904
G1 X10.979 Y14.415 Z136.198 E1222.91906
G1 X10.694 Y15.032 Z136.204 E1223.23868
G1 X10.402 Y15.375 Z136.208 E1223.45052
G1 X10.064 Y15.63 Z136.211 E1223.64964
G1 X9.519 Y15.887 Z136.216 E1223.93301
G1 X9.037 Y16.039 Z136.22 E1224.17069
G1 X8.339 Y16.199 Z136.226 E1224.50746
G1 X7.318 Y16.356 Z136.235 E1224.99326
G1 X5.711 Y16.524 Z136.248 E1225.75311
G1 X4.351 Y16.631 Z136.259 E1226.39467
G1 X1.192 Y16.83 Z136.285 E1227.88323
G1 X-3.124 Y17.149 Z136.321 E1229.91849
G1 X-6.285 Y17.333 Z136.347 E1231.40756
G1 X-10.629 Y17.635 Z136.383 E1233.45539
G1 X-12.558 Y17.738 Z136.399 E1234.36385
G1 X-13.608 Y17.754 Z136.407 E1234.8577
G1 X-14.865 Y17.723 Z136.418 E1235.44903
G1 X-15.653 Y17.607 Z136.424 E1235.8236
G1 X-16.092 Y17.492 Z136.428 E1236.03702
G1 X-16.613 Y17.259 Z136.433 E1236.30542
G1 X-17.023 Y16.922 Z136.437 E1236.55501
G1 X-17.388 Y16.367 Z136.443 E1236.8674
G1 X-17.565 Y15.95 Z136.446 E1237.08044
G1 X-17.743 Y15.379 Z136.451 E1237.36172
G1 X-17.913 Y14.62 Z136.458 E1237.72751
G1 X-18.065 Y13.65 Z136.466 E1238.18924
G1 X-18.23 Y12.148 Z136.478 E1238.89985
G1 X-18.318 Y11.103 Z136.487 E1239.39304
G1 X-18.432 Y9.521 Z136.5 E1240.13895
;TIME_ELAPSED:735.969536
;LAYER:136
;note -- min layer time used
;TYPE:WALL-OUTER
;MESH:twised-square.stl
G1 F1463.8 X-19.503 Y-8.078 Z136.645 E1248.43071
G1 X-19.579 Y-9.659 Z136.658 E1249.17508
G1 X-19.629 Y-11.682 Z136.674 E1250.12675
G1 X-19.564 Y-13.229 Z136.687 E1250.85491
G1 X-19.453 Y-14.001 Z136.693 E1251.2217
G1 X-19.118 Y-15.021 Z136.702 E1251.7266
G1 X-18.898 Y-15.336 Z136.705 E1251.90729
G1 X-18.523 Y-15.702 Z136.709 E1252.15371
G1 X-18.11 Y-15.931 Z136.713 E1252.3758
G1 X-17.588 Y-16.136 Z136.718 E1252.63954
G1 X-16.735 Y-16.342 Z136.725 E1253.05222
G1 X-15.688 Y-16.5 Z136.734 E1253.55018
G1 X-13.728 Y-16.676 Z136.75 E1254.47564
G1 X-12.354 Y-16.764 Z136.761 E1255.12312
G1 X2.761 Y-17.601 Z136.885 E1262.24229
G1 X4.685 Y-17.671 Z136.901 E1263.14771
G1 X5.762 Y-17.664 Z136.91 E1263.65421
G1 X6.984 Y-17.585 Z136.92 E1264.23009
G1 X8.052 Y-17.319 Z136.929 E1264.74769
G1 X8.397 Y-17.148 Z136.932 E1264.92878
G1 X8.84 Y-16.788 Z136.937 E1265.19723
G1 X9.132 Y-16.375 Z136.941 E1265.43509
G1 X9.386 Y-15.823 Z136.946 E1265.72085
G1 X9.647 Y-14.913 Z136.954 E1266.16606
G1 X9.864 Y-13.625 Z136.964 E1266.78032
G1 X10.067 Y-11.473 Z136.982 E1267.79685
G1 X10.208 Y-9.199 Z137.001 E1268.86832
G1 X11.087 Y8.075 Z137.143 E1277.00245
G1 X11.148 Y9.664 Z137.156 E1277.75027
G1 X11.193 Y11.71 Z137.172 E1278.71269
G1 X11.102 Y13.438 Z137.187 E1279.52647
G1 X10.966 Y14.262 Z137.193 E1279.91922
G1 X10.745 Y14.974 Z137.2 E1280.26982
G1 X10.479 Y15.458 Z137.204 E1280.52954
G1 X10.333 Y15.628 Z137.206 E1280.63493
G1 X9.993 Y15.909 Z137.21 E1280.84237
G1 X9.544 Y16.15 Z137.214 E1281.08201
G1 X8.8 Y16.388 Z137.22 E1281.44937
G1 X8.112 Y16.526 Z137.226 E1281.77937
G1 X7.062 Y16.661 Z137.235 E1282.27722
G1 X5.458 Y16.792 Z137.248 E1283.03406
G1 X4.079 Y16.869 Z137.259 E1283.68359
G1 X-11.043 Y17.537 Z137.383 E1290.80209
G1 X-12.968 Y17.595 Z137.399 E1291.70779
G1 X-14.039 Y17.587 Z137.408 E1292.21148
G1 X-15.265 Y17.527 Z137.418 E1292.78873
G1 X-16.052 Y17.394 Z137.424 E1293.16409
G1 X-16.73 Y17.176 Z137.43 E1293.49901
G1 X-16.974 Y17.048 Z137.432 E1293.62859
G1 X-17.351 Y16.75 Z137.436 E1293.85459
G1 X-17.693 Y16.277 Z137.441 E1294.12909
G1 X-17.868 Y15.904 Z137.445 E1294.32285
G1 X-18.033 Y15.416 Z137.449 E1294.56511
G1 X-18.194 Y14.75 Z137.454 E1294.88733
G1 X-18.334 Y13.902 Z137.461 E1295.29153
G1 X-18.465 Y12.669 Z137.472 E1295.87465
G1 X-18.594 Y10.797 Z137.487 E1296.7571
G1 X-18.672 Y9.209 Z137.5 E1297.50481
;TIME_ELAPSED:740.975741
;LAYER:137
;note -- min layer time used
;TYPE:WALL-OUTER
;MESH:twised-square.stl
G1 F1470.3 X-18.912 Y3.224 Z137.549 E1300.32169
G1 X-19.028 Y0.262 Z137.573 E1301.71573
G1 X-19.235 Y-5.411 Z137.619 E1304.3854
G1 X-19.343 Y-8.398 Z137.644 E1305.79104
G1 X-19.383 Y-9.99 Z137.657 E1306.53996
G1 X-19.399 Y-11.083 Z137.666 E1307.05403
G1 X-19.348 Y-12.854 Z137.68 E1307.88724
G1 X-19.222 Y-14.023 Z137.69 E1308.44019
G1 X-19.068 Y-14.67 Z137.695 E1308.75296
G1 X-18.896 Y-15.196 Z137.7 E1309.01321
G1 X-18.466 Y-15.822 Z137.706 E1309.37037
G1 X-18.061 Y-16.13 Z137.71 E1309.60965
G1 X-17.597 Y-16.356 Z137.714 E1309.85237
G1 X-17.243 Y-16.462 Z137.717 E1310.02615
G1 X-16.354 Y-16.664 Z137.725 E1310.45489
G1 X-15.54 Y-16.78 Z137.731 E1310.84156
G1 X-13.961 Y-16.9 Z137.744 E1311.58627
G1 X-11.943 Y-16.994 Z137.761 E1312.53633
G1 X-6.959 Y-17.159 Z137.802 E1314.88149
G1 X-4.363 Y-17.254 Z137.823 E1316.10315
G1 X0.622 Y-17.401 Z137.863 E1318.44851
G1 X3.245 Y-17.486 Z137.885 E1319.6827
G1 X5.212 Y-17.513 Z137.901 E1320.60783
G1 X6.274 Y-17.483 Z137.91 E1321.10747
G1 X7.3 Y-17.398 Z137.918 E1321.59163
G1 X8.356 Y-17.183 Z137.927 E1322.09843
G1 X8.779 Y-16.996 Z137.931 E1322.31593
G1 X9.284 Y-16.635 Z137.936 E1322.60786
G1 X9.556 Y-16.306 Z137.939 E1322.80861
G1 X9.834 Y-15.764 Z137.944 E1323.09508
G1 X9.976 Y-15.349 Z137.948 E1323.30136
G1 X10.193 Y-14.407 Z137.956 E1323.75596
G1 X10.317 Y-13.589 Z137.962 E1324.14504
G1 X10.447 Y-12.075 Z137.975 E1324.85967
G1 X10.528 Y-10.517 Z137.987 E1325.59335
G1 X10.567 Y-9.435 Z137.996 E1326.10252
G1 X10.59 Y-8.896 Z138.001 E1326.35624
G1 X10.748 Y-3.222 Z138.047 E1329.02564
G1 X10.85 Y-.26 Z138.071 E1330.41943
G1 X10.984 Y5.415 Z138.118 E1333.08901
G1 X11.075 Y8.403 Z138.142 E1334.49486
G1 X11.1 Y9.994 Z138.155 E1335.24317
G1 X11.108 Y11.632 Z138.168 E1336.01349
G1 X11.035 Y13.092 Z138.18 E1336.70096
G1 X10.939 Y13.98 Z138.188 E1337.121
G1 X10.812 Y14.624 Z138.193 E1337.42969
G1 X10.568 Y15.359 Z138.199 E1337.7939
G1 X10.401 Y15.676 Z138.202 E1337.9624
G1 X10.032 Y16.1 Z138.207 E1338.22674
G1 X9.52 Y16.421 Z138.212 E1338.51093
G1 X9.138 Y16.567 Z138.215 E1338.70325
G1 X8.245 Y16.788 Z138.222 E1339.13587
G1 X7.42 Y16.901 Z138.229 E1339.52748
G1 X5.843 Y17.025 Z138.242 E1340.2714
G1 X3.822 Y17.097 Z138.259 E1341.22244
G1 X-1.166 Y17.195 Z138.299 E1343.56864
G1 X-3.76 Y17.273 Z138.321 E1344.7891
G1 X-8.75 Y17.351 Z138.361 E1347.13608
G1 X-11.372 Y17.419 Z138.383 E1348.36957
G1 X-13.337 Y17.434 Z138.399 E1349.2937
G1 X-14.397 Y17.404 Z138.407 E1349.79239
G1 X-15.411 Y17.332 Z138.416 E1350.27046
G1 X-16.473 Y17.154 Z138.425 E1350.77686
G1 X-16.917 Y17.018 Z138.428 E1350.99524
G1 X-17.519 Y16.692 Z138.434 E1351.3172
G1 X-17.906 Y16.29 Z138.438 E1351.57961
G1 X-18.068 Y16.022 Z138.441 E1351.72689
G1 X-18.326 Y15.388 Z138.447 E1352.04879
G1 X-18.547 Y14.461 Z138.454 E1352.49695
G1 X-18.67 Y13.593 Z138.462 E1352.90924
G1 X-18.796 Y12.106 Z138.474 E1353.61105
G1 X-18.859 Y10.519 Z138.487 E1354.35797
G1 X-18.901 Y8.886 Z138.5 E1355.12619
;TIME_ELAPSED:745.981972
;LAYER:138
;note -- min layer time used
;TYPE:WALL-OUTER
;MESH:twised-square.stl
G1 F1476.4 X-18.937 Y6.207 Z138.522 E1356.38618
G1 X-19.056 Y-0.073 Z138.573 E1359.34007
G1 X-19.079 Y-2.453 Z138.592 E1360.45938
G1 X-19.171 Y-8.74 Z138.643 E1363.41635
G1 X-19.174 Y-10.361 Z138.656 E1364.17867
G1 X-19.159 Y-11.459 Z138.665 E1364.69509
G1 X-19.105 Y-12.932 Z138.677 E1365.38827
G1 X-18.996 Y-13.959 Z138.686 E1365.87396
G1 X-18.846 Y-14.743 Z138.692 E1366.24935
G1 X-18.659 Y-15.317 Z138.697 E1366.53325
G1 X-18.333 Y-15.93 Z138.703 E1366.85977
G1 X-17.987 Y-16.292 Z138.707 E1367.09526
G1 X-17.547 Y-16.57 Z138.711 E1367.34003
G1 X-17.257 Y-16.691 Z138.714 E1367.48781
G1 X-16.851 Y-16.802 Z138.717 E1367.68574
G1 X-16.336 Y-16.926 Z138.721 E1367.93486
G1 X-15.121 Y-17.072 Z138.731 E1368.51036
G1 X-13.567 Y-17.166 Z138.744 E1369.24251
G1 X-11.523 Y-17.209 Z138.761 E1370.20398
G1 X-9.426 Y-17.222 Z138.778 E1371.19017
G1 X-3.898 Y-17.299 Z138.823 E1373.79013
G1 X-1.794 Y-17.303 Z138.84 E1374.7796
G1 X3.742 Y-17.356 Z138.885 E1377.38318
G1 X5.168 Y-17.351 Z138.896 E1378.0538
G1 X6.824 Y-17.283 Z138.91 E1378.83325
G1 X8.088 Y-17.139 Z138.92 E1379.43152
G1 X8.895 Y-16.932 Z138.927 E1379.82333
G1 X9.339 Y-16.741 Z138.931 E1380.05063
G1 X9.613 Y-16.558 Z138.933 E1380.20558
G1 X9.927 Y-16.255 Z138.937 E1380.41079
G1 X10.177 Y-15.907 Z138.94 E1380.6123
G1 X10.381 Y-15.462 Z138.944 E1380.84252
G1 X10.639 Y-14.48 Z138.953 E1381.32001
G1 X10.779 Y-13.527 Z138.961 E1381.77299
G1 X10.901 Y-11.805 Z138.975 E1382.58484
G1 X10.944 Y-10.195 Z138.988 E1383.34226
G1 X10.969 Y-8.587 Z139.001 E1384.09856
G1 X10.971 Y-6.207 Z139.02 E1385.21783
G1 X11.034 Y0.072 Z139.071 E1388.17086
G1 X11.025 Y2.452 Z139.09 E1389.29013
G1 X11.06 Y8.742 Z139.142 E1392.24824
G1 X11.05 Y10.361 Z139.155 E1393.00964
G1 X11.031 Y11.455 Z139.164 E1393.5242
G1 X10.96 Y12.912 Z139.176 E1394.21021
G1 X10.834 Y14.16 Z139.186 E1394.8001
G1 X10.649 Y15.013 Z139.193 E1395.21058
G1 X10.322 Y15.855 Z139.2 E1395.63536
G1 X10.014 Y16.284 Z139.204 E1395.88372
G1 X9.616 Y16.609 Z139.209 E1396.12538
G1 X9.124 Y16.838 Z139.213 E1396.38059
G1 X8.351 Y17.048 Z139.22 E1396.75729
G1 X7.641 Y17.155 Z139.225 E1397.09496
G1 X6.608 Y17.241 Z139.234 E1397.58244
G1 X4.978 Y17.298 Z139.247 E1398.34946
G1 X3.562 Y17.314 Z139.259 E1399.01542
G1 X1.464 Y17.298 Z139.276 E1400.0021
G1 X-4.065 Y17.318 Z139.321 E1402.60229
G1 X-6.169 Y17.292 Z139.338 E1403.59183
G1 X-11.706 Y17.289 Z139.383 E1406.19577
G1 X-13.131 Y17.268 Z139.394 E1406.86599
G1 X-14.781 Y17.203 Z139.408 E1407.64255
G1 X-16.043 Y17.083 Z139.418 E1408.23872
G1 X-16.847 Y16.912 Z139.425 E1408.62528
G1 X-17.307 Y16.758 Z139.429 E1408.85341
G1 X-17.653 Y16.59 Z139.432 E1409.0343
G1 X-18.09 Y16.25 Z139.436 E1409.29468
G1 X-18.386 Y15.842 Z139.44 E1409.53173
G1 X-18.69 Y15.099 Z139.447 E1409.90927
G1 X-18.827 Y14.53 Z139.452 E1410.18451
G1 X-18.997 Y13.273 Z139.462 E1410.78103
G1 X-19.09 Y11.816 Z139.474 E1411.46762
G1 X-19.115 Y10.219 Z139.487 E1412.21875
G1 X-19.111 Y9.758 Z139.49 E1412.43555
G1 X-19.122 Y8.589 Z139.5 E1412.98534
;TIME_ELAPSED:750.988227
;LAYER:139
;note -- min layer time used
;TYPE:WALL-OUTER
;MESH:twised-square.stl
G1 F1483.3 X-19.077 Y0.497 Z139.565 E1416.79089
G1 X-19.069 Y-.456 Z139.573 E1417.23909
G1 X-18.997 Y-8.178 Z139.636 E1420.87074
G1 X-18.988 Y-9.103 Z139.643 E1421.30577
G1 X-18.954 Y-10.727 Z139.656 E1422.06967
G1 X-18.889 Y-12.272 Z139.669 E1422.7969
G1 X-18.781 Y-13.652 Z139.68 E1423.44787
G1 X-18.614 Y-14.736 Z139.689 E1423.96366
G1 X-18.314 Y-15.706 Z139.697 E1424.44115
G1 X-17.884 Y-16.403 Z139.704 E1424.8263
G1 X-17.511 Y-16.731 Z139.708 E1425.05989
G1 X-17.025 Y-16.973 Z139.712 E1425.31521
G1 X-16.68 Y-17.085 Z139.715 E1425.48579
G1 X-16.223 Y-17.19 Z139.719 E1425.70631
G1 X-15.397 Y-17.306 Z139.726 E1426.09857
G1 X-14.147 Y-17.389 Z139.736 E1426.68771
G1 X-12.506 Y-17.419 Z139.749 E1427.45957
G1 X-11.067 Y-17.413 Z139.761 E1428.13631
G1 X-4.221 Y-17.339 Z139.816 E1431.35603
G1 X-3.379 Y-17.329 Z139.823 E1431.75203
G1 X3.458 Y-17.225 Z139.878 E1434.9677
G1 X4.293 Y-17.212 Z139.885 E1435.36043
G1 X5.714 Y-17.168 Z139.896 E1436.02902
G1 X7.373 Y-17.068 Z139.91 E1436.81063
G1 X8.642 Y-16.899 Z139.92 E1437.41268
G1 X9.443 Y-16.677 Z139.927 E1437.80358
G1 X9.865 Y-16.475 Z139.931 E1438.0236
G1 X10.3 Y-16.155 Z139.935 E1438.27756
G1 X10.573 Y-15.836 Z139.938 E1438.47502
G1 X10.822 Y-15.371 Z139.943 E1438.72308
G1 X11.039 Y-14.695 Z139.948 E1439.05696
G1 X11.143 Y-14.184 Z139.953 E1439.3022
G1 X11.282 Y-12.94 Z139.963 E1439.89087
G1 X11.351 Y-11.481 Z139.975 E1440.57778
G1 X11.359 Y-9.869 Z139.988 E1441.33588
G1 X11.346 Y-8.233 Z140.001 E1442.10528
G1 X11.222 Y-.497 Z140.064 E1445.74383
G1 X11.213 Y0.453 Z140.071 E1446.19061
G1 X11.056 Y8.178 Z140.134 E1449.82427
G1 X11.042 Y9.129 Z140.141 E1450.27155
G1 X10.996 Y10.722 Z140.154 E1451.02102
G1 X10.928 Y12.237 Z140.167 E1451.73421
G1 X10.846 Y13.282 Z140.175 E1452.22716
G1 X10.724 Y14.299 Z140.183 E1452.70886
G1 X10.578 Y15.045 Z140.189 E1453.06635
G1 X10.315 Y15.865 Z140.196 E1453.47133
G1 X10.019 Y16.399 Z140.201 E1453.75846
G1 X9.855 Y16.593 Z140.203 E1453.87792
G1 X9.497 Y16.893 Z140.207 E1454.09758
G1 X8.91 Y17.169 Z140.212 E1454.40263
G1 X8.435 Y17.305 Z140.216 E1454.63498
G1 X7.626 Y17.442 Z140.223 E1455.02086
G1 X6.362 Y17.518 Z140.233 E1455.61636
G1 X4.715 Y17.538 Z140.247 E1456.39097
G1 X3.273 Y17.52 Z140.258 E1457.06917
G1 X-3.572 Y17.359 Z140.314 E1460.28912
G1 X-4.414 Y17.349 Z140.321 E1460.68513
G1 X-11.249 Y17.159 Z140.376 E1463.90072
G1 X-12.084 Y17.144 Z140.383 E1464.29347
G1 X-13.502 Y17.091 Z140.394 E1464.96079
G1 X-15.158 Y16.988 Z140.408 E1465.74108
G1 X-16.421 Y16.84 Z140.418 E1466.33911
G1 X-17.223 Y16.65 Z140.424 E1466.72671
G1 X-17.672 Y16.489 Z140.428 E1466.95103
G1 X-18.185 Y16.206 Z140.433 E1467.22656
G1 X-18.574 Y15.827 Z140.437 E1467.48197
G1 X-18.903 Y15.227 Z140.443 E1467.80377
G1 X-19.048 Y14.782 Z140.447 E1468.02388
G1 X-19.171 Y14.215 Z140.451 E1468.29673
G1 X-19.314 Y12.953 Z140.462 E1468.89402
G1 X-19.374 Y11.474 Z140.474 E1469.59013
G1 X-19.361 Y9.868 Z140.487 E1470.34543
G1 X-19.33 Y8.229 Z140.5 E1471.11635
;TIME_ELAPSED:755.993965
;LAYER:140
;note -- min layer time used
;TYPE:WALL-OUTER
;MESH:twised-square.stl
G1 F1489.3 X-19.191 Y3.473 Z140.538 E1473.35395
G1 X-19.076 Y-.799 Z140.573 E1475.36372
G1 X-18.927 Y-5.217 Z140.608 E1477.44259
G1 X-18.793 Y-9.466 Z140.643 E1479.4418
G1 X-18.722 Y-11.093 Z140.656 E1480.20767
G1 X-18.622 Y-12.703 Z140.669 E1480.96628
G1 X-18.446 Y-14.235 Z140.681 E1481.69149
G1 X-18.279 Y-15.085 Z140.688 E1482.09887
G1 X-17.955 Y-16.066 Z140.696 E1482.58472
G1 X-17.497 Y-16.781 Z140.703 E1482.98404
G1 X-17.047 Y-17.123 Z140.708 E1483.24985
G1 X-16.804 Y-17.239 Z140.71 E1483.37648
G1 X-16.257 Y-17.42 Z140.715 E1483.64744
G1 X-15.809 Y-17.506 Z140.718 E1483.86197
G1 X-15.184 Y-17.59 Z140.723 E1484.15854
G1 X-14.295 Y-17.642 Z140.731 E1484.57733
G1 X-12.703 Y-17.658 Z140.743 E1485.32605
G1 X-10.621 Y-17.611 Z140.76 E1486.30542
G1 X-6.693 Y-17.469 Z140.792 E1488.15389
G1 X-2.901 Y-17.351 Z140.822 E1489.93805
G1 X1.028 Y-17.191 Z140.854 E1491.78731
G1 X4.799 Y-17.055 Z140.885 E1493.56188
G1 X6.223 Y-16.979 Z140.896 E1494.23251
G1 X7.927 Y-16.837 Z140.91 E1495.03665
G1 X8.962 Y-16.684 Z140.918 E1495.52867
G1 X9.714 Y-16.496 Z140.925 E1495.89321
G1 X10.233 Y-16.285 Z140.929 E1496.15668
G1 X10.599 Y-16.065 Z140.932 E1496.35751
G1 X10.842 Y-15.865 Z140.935 E1496.50552
G1 X11.174 Y-15.451 Z140.939 E1496.75508
G1 X11.437 Y-14.847 Z140.945 E1497.06489
G1 X11.607 Y-14.138 Z140.95 E1497.40777
G1 X11.717 Y-13.304 Z140.957 E1497.80338
G1 X11.783 Y-12.06 Z140.967 E1498.38923
G1 X11.791 Y-10.582 Z140.979 E1499.08431
G1 X11.77 Y-9.531 Z140.988 E1499.57868
G1 X11.722 Y-7.891 Z141.001 E1500.35026
G1 X11.536 Y-3.474 Z141.037 E1502.42933
G1 X11.39 Y0.796 Z141.071 E1504.43859
G1 X11.185 Y5.212 Z141.107 E1506.51758
G1 X11.022 Y9.461 Z141.141 E1508.51727
G1 X10.937 Y11.084 Z141.154 E1509.28158
G1 X10.795 Y13.14 Z141.171 E1510.25078
G1 X10.579 Y14.665 Z141.183 E1510.97511
G1 X10.412 Y15.409 Z141.189 E1511.3337
G1 X10.226 Y15.996 Z141.194 E1511.62328
G1 X10.042 Y16.412 Z141.198 E1511.8372
G1 X9.841 Y16.725 Z141.201 E1512.01214
G1 X9.433 Y17.134 Z141.205 E1512.28382
G1 X9.202 Y17.279 Z141.208 E1512.41209
G1 X8.662 Y17.504 Z141.212 E1512.6872
G1 X8.214 Y17.616 Z141.216 E1512.90437
G1 X7.576 Y17.714 Z141.221 E1513.20792
G1 X6.689 Y17.771 Z141.228 E1513.62592
G1 X5.089 Y17.786 Z141.241 E1514.3784
G1 X3.005 Y17.717 Z141.258 E1515.359
G1 X-.922 Y17.519 Z141.29 E1517.20813
G1 X-4.713 Y17.368 Z141.32 E1518.99237
G1 X-8.641 Y17.152 Z141.352 E1520.84242
G1 X-12.411 Y16.986 Z141.382 E1522.61709
G1 X-13.833 Y16.9 Z141.394 E1523.28705
G1 X-15.532 Y16.755 Z141.408 E1524.08896
G1 X-16.56 Y16.614 Z141.416 E1524.57693
G1 X-17.313 Y16.452 Z141.422 E1524.93916
G1 X-17.843 Y16.284 Z141.427 E1525.20063
G1 X-18.516 Y15.93 Z141.433 E1525.55824
G1 X-18.871 Y15.597 Z141.437 E1525.78714
G1 X-19.183 Y15.087 Z141.442 E1526.06831
G1 X-19.327 Y14.695 Z141.445 E1526.2647
G1 X-19.454 Y14.177 Z141.449 E1526.51552
G1 X-19.552 Y13.512 Z141.455 E1526.83163
G1 X-19.619 Y12.634 Z141.462 E1527.24574
G1 X-19.644 Y11.101 Z141.474 E1527.96677
G1 X-19.597 Y9.526 Z141.487 E1528.70779
G1 X-19.529 Y7.885 Z141.5 E1529.48018
;TIME_ELAPSED:760.999727
;LAYER:141
;note -- min layer time used
;TYPE:WALL-OUTER
;MESH:twised-square.stl
G1 F1495.3 X-19.448 Y6.452 Z141.512 E1530.15517
G1 X-19.066 Y-1.127 Z141.572 E1533.72394
G1 X-18.997 Y-2.247 Z141.581 E1534.25165
G1 X-18.585 Y-9.827 Z141.642 E1537.82162
G1 X-18.476 Y-11.455 Z141.655 E1538.58895
G1 X-18.393 Y-12.551 Z141.664 E1539.10585
G1 X-18.176 Y-14.333 Z141.679 E1539.95008
G1 X-17.933 Y-15.466 Z141.688 E1540.49503
G1 X-17.718 Y-16.144 Z141.694 E1540.82952
G1 X-17.251 Y-16.957 Z141.701 E1541.27045
G1 X-16.882 Y-17.312 Z141.705 E1541.51125
G1 X-16.488 Y-17.519 Z141.709 E1541.72056
G1 X-15.885 Y-17.724 Z141.714 E1542.02007
G1 X-15.103 Y-17.847 Z141.72 E1542.39235
G1 X-13.869 Y-17.908 Z141.73 E1542.97339
G1 X-12.266 Y-17.896 Z141.743 E1543.72726
G1 X-10.173 Y-17.795 Z141.76 E1544.7127
G1 X-9.2 Y-17.732 Z141.768 E1545.17125
G1 X-2.419 Y-17.355 Z141.822 E1548.36513
G1 X-1.438 Y-17.288 Z141.83 E1548.82755
G1 X5.328 Y-16.882 Z141.885 E1552.01518
G1 X6.795 Y-16.769 Z141.896 E1552.70712
G1 X8.457 Y-16.593 Z141.91 E1553.4931
G1 X9.511 Y-16.413 Z141.918 E1553.99595
G1 X10.258 Y-16.212 Z141.925 E1554.35974
G1 X10.791 Y-15.985 Z141.929 E1554.63219
G1 X11.14 Y-15.756 Z141.933 E1554.82849
G1 X11.4 Y-15.547 Z141.935 E1554.98537
G1 X11.722 Y-15.092 Z141.94 E1555.24751
G1 X11.83 Y-14.88 Z141.942 E1555.3594
G1 X12.028 Y-14.265 Z141.947 E1555.66325
G1 X12.116 Y-13.817 Z141.95 E1555.87795
G1 X12.235 Y-12.552 Z141.961 E1556.47549
G1 X12.242 Y-10.788 Z141.975 E1557.30507
G1 X12.179 Y-9.182 Z141.988 E1558.06091
G1 X12.092 Y-7.541 Z142.001 E1558.83373
G1 X12.016 Y-6.452 Z142.01 E1559.34711
G1 X11.564 Y1.118 Z142.071 E1562.91346
G1 X11.481 Y2.239 Z142.08 E1563.44209
G1 X10.995 Y9.818 Z142.141 E1567.01365
G1 X10.872 Y11.459 Z142.154 E1567.78754
G92 E0
G1 X10.742 Y12.967 Z142.166 E0.71181
G1 X10.558 Y14.347 Z142.177 E1.36654
G1 X10.347 Y15.404 Z142.186 E1.87343
G1 X10.047 Y16.354 Z142.194 E2.34194
G1 X9.643 Y17.062 Z142.2 E2.72529
G1 X9.459 Y17.274 Z142.202 E2.85731
G1 X9.078 Y17.557 Z142.206 E3.0805
G1 X8.478 Y17.808 Z142.211 E3.38637
G1 X7.677 Y17.966 Z142.218 E3.77032
G1 X6.441 Y18.042 Z142.228 E4.35268
G1 X4.832 Y18.022 Z142.241 E5.10942
G1 X2.737 Y17.901 Z142.258 E6.0963
G1 X1.766 Y17.825 Z142.266 E6.55434
G1 X-5.009 Y17.372 Z142.32 E9.74759
G1 X-5.99 Y17.292 Z142.328 E10.21046
G1 X-12.75 Y16.812 Z142.382 E13.39755
G1 X-14.218 Y16.691 Z142.394 E14.09026
G1 X-15.873 Y16.511 Z142.408 E14.87317
G1 X-16.924 Y16.342 Z142.416 E15.37378
G1 X-17.669 Y16.166 Z142.422 E15.73378
G1 X-18.212 Y15.979 Z142.427 E16.00386
G1 X-18.901 Y15.596 Z142.433 E16.37458
G1 X-19.301 Y15.176 Z142.438 E16.64734
G1 X-19.447 Y14.928 Z142.44 E16.78268
G1 X-19.673 Y14.333 Z142.445 E17.082
G1 X-19.784 Y13.828 Z142.449 E17.32516
G1 X-19.868 Y13.167 Z142.455 E17.63852
G1 X-19.913 Y12.284 Z142.462 E18.05431
G1 X-19.905 Y10.757 Z142.474 E18.77244
G1 X-19.821 Y9.172 Z142.487 E19.51888
G1 X-19.715 Y7.53 Z142.5 E20.29268
;TIME_ELAPSED:766.014776
;LAYER:142
;note -- min layer time used
;TYPE:WALL-OUTER
;MESH:twised-square.stl
G1 F1500.9 X-19.207 Y0.701 Z142.555 E23.51309
G1 X-19.042 Y-1.498 Z142.572 E24.55014
G1 X-18.536 Y-7.992 Z142.624 E27.61339
G1 X-18.365 Y-10.185 Z142.642 E28.64784
G1 X-18.219 Y-11.811 Z142.655 E29.41559
G1 X-18.044 Y-13.385 Z142.668 E30.16037
G1 X-17.841 Y-14.738 Z142.679 E30.80378
G1 X-17.598 Y-15.792 Z142.687 E31.31246
G1 X-17.229 Y-16.747 Z142.696 E31.79394
G1 X-16.737 Y-17.425 Z142.702 E32.18789
G1 X-16.336 Y-17.712 Z142.706 E32.41979
G1 X-15.828 Y-17.932 Z142.711 E32.68014
G1 X-15.472 Y-18.015 Z142.714 E32.85205
G1 X-14.658 Y-18.125 Z142.72 E33.23833
G1 X-13.903 Y-18.172 Z142.726 E33.59408
G1 X-12.838 Y-18.157 Z142.735 E34.09498
G1 X-11.764 Y-18.114 Z142.743 E34.60046
G1 X-9.713 Y-17.966 Z142.76 E35.56751
G1 X-3.9 Y-17.501 Z142.806 E38.30998
G1 X-1.927 Y-17.345 Z142.822 E39.24073
G1 X3.896 Y-16.854 Z142.869 E41.98889
G1 X5.857 Y-16.694 Z142.885 E42.91417
G1 X7.33 Y-16.548 Z142.896 E43.61028
G1 X8.981 Y-16.335 Z142.91 E44.39315
G1 X10.063 Y-16.126 Z142.919 E44.9114
G1 X10.814 Y-15.904 Z142.925 E45.27968
G1 X11.33 Y-15.672 Z142.929 E45.54574
G1 X11.67 Y-15.44 Z142.933 E45.73932
G1 X12.049 Y-15.08 Z142.937 E45.98514
G1 X12.313 Y-14.631 Z142.941 E46.23009
G1 X12.541 Y-13.947 Z142.947 E46.56917
G1 X12.62 Y-13.451 Z142.951 E46.80536
G1 X12.693 Y-12.77 Z142.956 E47.12746
G1 X12.715 Y-11.921 Z142.963 E47.52686
G1 X12.685 Y-10.441 Z142.975 E48.22302
G1 X12.582 Y-8.803 Z142.988 E48.99485
G1 X12.458 Y-7.183 Z143.001 E49.75893
G1 X11.904 Y-.706 Z143.053 E52.81605
G1 X11.73 Y1.488 Z143.071 E53.85109
G1 X11.146 Y7.98 Z143.123 E56.91646
G1 X10.964 Y10.172 Z143.14 E57.95086
G1 X10.805 Y11.795 Z143.153 E58.71778
G1 X10.571 Y13.841 Z143.17 E59.68624
G1 X10.234 Y15.585 Z143.184 E60.52158
G1 X9.924 Y16.554 Z143.192 E61.00003
G1 X9.662 Y17.09 Z143.197 E61.2806
G1 X9.228 Y17.621 Z143.202 E61.60312
G1 X8.776 Y17.919 Z143.207 E61.85773
G1 X8.229 Y18.116 Z143.211 E62.13114
G1 X7.429 Y18.254 Z143.218 E62.51292
G1 X6.677 Y18.298 Z143.224 E62.86718
G1 X5.6 Y18.289 Z143.232 E63.37368
G1 X4.519 Y18.241 Z143.241 E63.88256
G1 X2.468 Y18.076 Z143.258 E64.85022
G1 X-3.337 Y17.53 Z143.304 E67.59223
G1 X-5.31 Y17.365 Z143.32 E68.52333
G1 X-11.127 Y16.796 Z143.367 E71.272
G1 X-13.087 Y16.624 Z143.382 E72.19729
G1 X-14.558 Y16.468 Z143.394 E72.89295
G1 X-16.206 Y16.252 Z143.408 E73.6746
G1 X-17.284 Y16.052 Z143.416 E74.19021
G1 X-18.023 Y15.86 Z143.422 E74.54929
G1 X-18.563 Y15.66 Z143.427 E74.8201
G1 X-18.933 Y15.474 Z143.43 E75.01485
G1 X-19.363 Y15.156 Z143.435 E75.26636
G1 X-19.661 Y14.8 Z143.438 E75.48469
G1 X-19.935 Y14.207 Z143.444 E75.7919
G1 X-20.053 Y13.749 Z143.447 E76.01432
G1 X-20.137 Y13.179 Z143.452 E76.28528
G1 X-20.196 Y11.891 Z143.462 E76.89163
G1 X-20.156 Y10.42 Z143.474 E77.58367
G1 X-20.033 Y8.806 Z143.487 E78.3449
G1 X-19.892 Y7.182 Z143.5 E79.1115
;TIME_ELAPSED:771.021127
;LAYER:143
;note -- min layer time used
;TYPE:WALL-OUTER
;MESH:twised-square.stl
G1 F1506.8 X-19.542 Y3.667 Z143.528 E80.77271
G1 X-19.013 Y-1.854 Z143.572 E83.38101
G1 X-18.684 Y-5.019 Z143.598 E84.87746
G1 X-18.132 Y-10.542 Z143.642 E87.48775
G1 X-17.947 Y-12.184 Z143.655 E88.26483
G1 X-17.751 Y-13.693 Z143.667 E88.98045
G1 X-17.507 Y-15.074 Z143.678 E89.63996
G1 X-17.218 Y-16.164 Z143.687 E90.17027
G1 X-16.973 Y-16.819 Z143.693 E90.49915
G1 X-16.723 Y-17.293 Z143.697 E90.75117
G1 X-16.449 Y-17.64 Z143.701 E90.9591
G1 X-15.948 Y-18.021 Z143.706 E91.2551
G1 X-15.432 Y-18.23 Z143.71 E91.51691
G1 X-14.761 Y-18.364 Z143.716 E91.8387
G1 X-14.231 Y-18.411 Z143.72 E92.08892
G1 X-13.475 Y-18.427 Z143.726 E92.44454
G1 X-12.394 Y-18.396 Z143.734 E92.95311
G1 X-10.724 Y-18.271 Z143.748 E93.74068
G1 X-9.273 Y-18.134 Z143.759 E94.42609
G1 X-6.412 Y-17.828 Z143.782 E95.77923
G1 X-1.443 Y-17.329 Z143.822 E98.1278
G1 X1.416 Y-17.011 Z143.845 E99.48062
G1 X6.405 Y-16.49 Z143.885 E101.8396
G1 X8.401 Y-16.239 Z143.901 E102.78567
G1 X9.541 Y-16.055 Z143.91 E103.32872
G1 X10.588 Y-15.828 Z143.919 E103.83254
G1 X11.354 Y-15.585 Z143.925 E104.21047
G1 X11.871 Y-15.331 Z143.93 E104.48136
G1 X12.458 Y-14.868 Z143.936 E104.83295
G1 X12.724 Y-14.499 Z143.939 E105.04687
G1 X12.955 Y-13.981 Z143.944 E105.3136
G1 X13.055 Y-13.58 Z143.947 E105.50796
G1 X13.13 Y-13.069 Z143.951 E105.75085
G1 X13.188 Y-12.229 Z143.958 E106.14682
G1 X13.168 Y-11.001 Z143.968 E106.7244
G1 X13.073 Y-9.489 Z143.98 E107.43687
G1 X12.983 Y-8.464 Z143.988 E107.92076
G1 X12.823 Y-6.834 Z144.001 E108.69099
G1 X12.467 Y-3.672 Z144.026 E110.18741
G1 X11.896 Y1.843 Z144.07 E112.79486
G1 X11.524 Y5.006 Z144.096 E114.29261
G1 X10.928 Y10.525 Z144.14 E116.90317
G1 X10.73 Y12.163 Z144.153 E117.67909
G1 X10.593 Y13.2 Z144.161 E118.171
G1 X10.347 Y14.69 Z144.173 E118.88121
G1 X10.131 Y15.7 Z144.182 E119.36693
G1 X9.792 Y16.757 Z144.191 E119.88896
G1 X9.581 Y17.207 Z144.195 E120.12269
G1 X9.224 Y17.734 Z144.2 E120.42204
G1 X8.822 Y18.088 Z144.204 E120.67394
G1 X8.348 Y18.316 Z144.208 E120.9213
G1 X8.024 Y18.408 Z144.211 E121.0797
G1 X7.181 Y18.535 Z144.218 E121.48062
G1 X6.438 Y18.561 Z144.223 E121.83024
G1 X5.35 Y18.528 Z144.232 E122.34214
G1 X3.678 Y18.393 Z144.245 E123.13101
G1 X2.227 Y18.242 Z144.257 E123.81707
G1 X-.63 Y17.895 Z144.28 E125.17053
G1 X-5.593 Y17.347 Z144.32 E127.51871
G1 X-8.448 Y16.989 Z144.343 E128.87187
G1 X-13.433 Y16.42 Z144.383 E131.23143
G1 X-15.415 Y16.16 Z144.399 E132.17151
G1 X-16.566 Y15.97 Z144.408 E132.72013
G1 X-17.605 Y15.755 Z144.416 E133.2191
G1 X-18.366 Y15.54 Z144.423 E133.59099
G1 X-18.905 Y15.327 Z144.427 E133.86354
G1 X-19.567 Y14.924 Z144.433 E134.22802
G1 X-19.913 Y14.557 Z144.437 E134.46522
G1 X-20.195 Y14.021 Z144.442 E134.75005
G1 X-20.308 Y13.639 Z144.445 E134.93739
G1 X-20.439 Y12.769 Z144.452 E135.35114
G1 X-20.471 Y12 Z144.459 E135.7131
G1 X-20.448 Y10.994 Z144.467 E136.18633
G1 X-20.34 Y9.509 Z144.478 E136.88653
G1 X-20.233 Y8.411 Z144.487 E137.40535
G1 X-20.162 Y7.839 Z144.492 E137.67641
G1 X-20.055 Y6.814 Z144.5 E138.16107
;TIME_ELAPSED:776.026958
;LAYER:144
;note -- min layer time used
;TYPE:WALL-OUTER
;MESH:twised-square.stl
G1 F1512.6 X-17.889 Y-10.897 Z144.642 E146.55223
G1 X-17.67 Y-12.516 Z144.655 E147.32054
G1 X-17.343 Y-14.556 Z144.671 E148.29216
G1 X-16.983 Y-16.104 Z144.684 E149.03958
G1 X-16.729 Y-16.837 Z144.69 E149.4044
G1 X-16.458 Y-17.405 Z144.695 E149.70037
G1 X-16.164 Y-17.81 Z144.699 E149.93572
G1 X-15.644 Y-18.255 Z144.704 E150.25759
G1 X-15.145 Y-18.474 Z144.708 E150.51386
G1 X-14.586 Y-18.61 Z144.713 E150.78442
G1 X-13.763 Y-18.68 Z144.72 E151.17285
G1 X-13.014 Y-18.678 Z144.725 E151.52509
G1 X-11.951 Y-18.619 Z144.734 E152.02577
G1 X-10.246 Y-18.456 Z144.747 E152.83125
G1 X-8.772 Y-18.28 Z144.759 E153.52936
G1 X6.926 Y-16.274 Z144.885 E160.97183
G1 X9.058 Y-15.958 Z144.902 E161.98542
G1 X10.922 Y-15.571 Z144.917 E162.88071
G1 X11.882 Y-15.251 Z144.925 E163.3566
G1 X12.411 Y-14.982 Z144.93 E163.6357
G1 X12.986 Y-14.515 Z144.936 E163.98406
G1 X13.252 Y-14.132 Z144.939 E164.20335
G1 X13.424 Y-13.744 Z144.943 E164.40295
G1 X13.568 Y-13.17 Z144.947 E164.68125
G1 X13.628 Y-12.688 Z144.951 E164.90967
G1 X13.666 Y-12.051 Z144.956 E165.20977
G1 X13.645 Y-10.953 Z144.965 E165.72623
G1 X13.543 Y-9.625 Z144.976 E166.35261
G1 X13.373 Y-8.048 Z144.988 E167.09853
G1 X13.177 Y-6.443 Z145.001 E167.85893
G1 X10.888 Y10.875 Z145.14 E176.07406
G1 X10.655 Y12.491 Z145.153 E176.84189
G1 X10.4 Y14.08 Z145.165 E177.59872
G1 X10.095 Y15.546 Z145.177 E178.30291
G1 X9.727 Y16.789 Z145.187 E178.91254
G1 X9.492 Y17.33 Z145.192 E179.18993
G1 X9.258 Y17.742 Z145.196 E179.41276
G1 X9.031 Y18.028 Z145.199 E179.58447
G1 X8.571 Y18.409 Z145.204 E179.86537
G1 X7.978 Y18.655 Z145.209 E180.16729
G1 X7.529 Y18.745 Z145.212 E180.38264
G1 X6.959 Y18.805 Z145.217 E180.65218
G1 X6.18 Y18.814 Z145.223 E181.01856
G1 X5.11 Y18.755 Z145.232 E181.52252
G1 X3.403 Y18.578 Z145.245 E182.32959
G1 X1.93 Y18.39 Z145.257 E183.02793
G1 X-13.747 Y16.203 Z145.382 E190.47188
G1 X-15.872 Y15.876 Z145.4 E191.48299
G1 X-17.733 Y15.499 Z145.415 E192.37595
G1 X-18.691 Y15.206 Z145.423 E192.84708
G1 X-19.235 Y14.979 Z145.427 E193.12429
G1 X-19.896 Y14.558 Z145.433 E193.49284
G1 X-20.234 Y14.184 Z145.437 E193.72991
G1 X-20.363 Y13.974 Z145.439 E193.84581
G1 X-20.57 Y13.425 Z145.444 E194.12174
G1 X-20.659 Y13.006 Z145.447 E194.32318
G1 X-20.739 Y12.02 Z145.455 E194.7884
G1 X-20.723 Y10.897 Z145.464 E195.31658
G1 X-20.553 Y9.12 Z145.478 E196.15608
G1 X-20.421 Y8.024 Z145.487 E196.67523
G1 X-20.205 Y6.417 Z145.5 E197.43776
;TIME_ELAPSED:781.033355
;LAYER:145
;note -- min layer time used
;TYPE:WALL-OUTER
;MESH:twised-square.stl
G1 F1517.7 X-19.409 Y0.866 Z145.544 E200.07498
G1 X-18.906 Y-2.62 Z145.572 E201.73135
G1 X-18.146 Y-7.786 Z145.613 E204.18696
G1 X-17.634 Y-11.247 Z145.641 E205.83231
G1 X-17.374 Y-12.881 Z145.654 E206.61041
G1 X-17.199 Y-13.915 Z145.663 E207.1036
G1 X-16.877 Y-15.424 Z145.675 E207.82922
G1 X-16.606 Y-16.424 Z145.683 E208.31646
G1 X-16.334 Y-17.168 Z145.689 E208.689
G1 X-16.07 Y-17.701 Z145.694 E208.96872
G1 X-15.589 Y-18.297 Z145.7 E209.3289
G1 X-15.095 Y-18.626 Z145.705 E209.60803
G1 X-14.532 Y-18.816 Z145.709 E209.88746
G1 X-14.136 Y-18.879 Z145.712 E210.07603
G1 X-13.636 Y-18.932 Z145.716 E210.31249
G1 X-12.98 Y-18.941 Z145.722 E210.62102
G1 X-12.063 Y-18.89 Z145.729 E211.05294
G1 X-10.445 Y-18.718 Z145.742 E211.81813
G1 X-8.289 Y-18.422 Z145.759 E212.84156
G1 X-3.582 Y-17.713 Z145.797 E215.08014
G1 X-.414 Y-17.246 Z145.822 E216.58608
G1 X4.294 Y-16.52 Z145.86 E218.82632
G1 X7.436 Y-16.043 Z145.885 E220.32087
G1 X8.898 Y-15.803 Z145.896 E221.01762
G1 X10.272 Y-15.534 Z145.908 E221.67605
G1 X11.67 Y-15.176 Z145.919 E222.35471
G1 X12.425 Y-14.897 Z145.925 E222.73324
G1 X12.944 Y-14.617 Z145.93 E223.01057
G1 X13.274 Y-14.37 Z145.933 E223.20442
G1 X13.639 Y-13.965 Z145.938 E223.46082
G1 X13.872 Y-13.519 Z145.941 E223.69746
G1 X14.029 Y-12.993 Z145.946 E223.95561
G1 X14.095 Y-12.572 Z145.949 E224.15601
G1 X14.136 Y-11.994 Z145.954 E224.42852
G1 X14.13 Y-11.216 Z145.96 E224.79441
G1 X14.028 Y-9.712 Z145.972 E225.50333
G1 X13.763 Y-7.672 Z145.988 E226.47076
G1 X13.529 Y-6.059 Z146.001 E227.23726
G1 X12.72 Y-.876 Z146.042 E229.70423
G1 X12.203 Y2.582 Z146.07 E231.34852
G1 X11.372 Y7.764 Z146.112 E233.81665
G1 X10.842 Y11.221 Z146.139 E235.46139
G1 X10.569 Y12.85 Z146.152 E236.23816
G1 X10.289 Y14.378 Z146.165 E236.96871
G1 X10.071 Y15.362 Z146.173 E237.44269
G1 X9.799 Y16.364 Z146.181 E237.93096
G1 X9.548 Y17.098 Z146.187 E238.29577
G1 X9.3 Y17.646 Z146.192 E238.57864
G1 X8.832 Y18.314 Z146.198 E238.96221
G1 X8.448 Y18.64 Z146.202 E239.1991
G1 X7.92 Y18.889 Z146.207 E239.47364
G1 X7.534 Y18.985 Z146.21 E239.66069
G1 X7.014 Y19.05 Z146.214 E239.90714
G1 X6.351 Y19.068 Z146.219 E240.21905
G1 X5.437 Y19.024 Z146.226 E240.64938
G1 X3.803 Y18.85 Z146.239 E241.42216
G1 X1.657 Y18.531 Z146.257 E242.44247
G1 X-3.041 Y17.755 Z146.294 E244.68178
G1 X-6.205 Y17.265 Z146.32 E246.18748
G1 X-10.903 Y16.47 Z146.357 E248.42825
G1 X-14.042 Y15.972 Z146.382 E249.92292
G1 X-15.508 Y15.715 Z146.394 E250.62286
G1 X-16.858 Y15.453 Z146.405 E251.26959
G1 X-18.271 Y15.1 Z146.417 E251.95451
G1 X-19.004 Y14.856 Z146.423 E252.31782
G1 X-19.559 Y14.61 Z146.427 E252.60332
G1 X-19.944 Y14.383 Z146.431 E252.8135
G1 X-20.231 Y14.158 Z146.434 E252.98501
G1 X-20.609 Y13.69 Z146.439 E253.26792
G1 X-20.856 Y13.068 Z146.444 E253.58265
G1 X-20.978 Y12.288 Z146.45 E253.95393
G1 X-21.005 Y11.626 Z146.455 E254.26551
G1 X-20.972 Y10.741 Z146.462 E254.682
G1 X-20.827 Y9.236 Z146.474 E255.39305
G1 X-20.598 Y7.643 Z146.487 E256.1499
G1 X-20.344 Y6.03 Z146.5 E256.91781
;TIME_ELAPSED:786.039229
;LAYER:146
;note -- min layer time used
;TYPE:WALL-OUTER
;MESH:twised-square.stl
G1 F1523.2 X-19.959 Y3.787 Z146.518 E257.98807
G1 X-18.842 Y-2.966 Z146.572 E261.20701
G1 X-18.512 Y-4.843 Z146.587 E262.10326
G1 X-17.366 Y-11.595 Z146.641 E265.324
G1 X-17.072 Y-13.208 Z146.654 E266.09505
G1 X-16.852 Y-14.297 Z146.662 E266.61753
G1 X-16.513 Y-15.758 Z146.674 E267.32286
G1 X-16.218 Y-16.747 Z146.682 E267.80822
G1 X-15.929 Y-17.487 Z146.689 E268.18182
G1 X-15.623 Y-18.035 Z146.694 E268.47699
G1 X-15.335 Y-18.406 Z146.697 E268.69786
G1 X-14.879 Y-18.783 Z146.702 E268.97611
G1 X-14.406 Y-19.01 Z146.706 E269.22284
G1 X-13.88 Y-19.128 Z146.71 E269.47635
G1 X-13.151 Y-19.186 Z146.716 E269.82027
G1 X-12.503 Y-19.175 Z146.721 E270.12506
G1 X-11.594 Y-19.104 Z146.728 E270.55384
G1 X-9.95 Y-18.899 Z146.741 E271.33297
G1 X-7.817 Y-18.551 Z146.759 E272.34934
G1 X-6.111 Y-18.247 Z146.772 E273.16427
G1 X0.061 Y-17.192 Z146.821 E276.10892
G1 X1.783 Y-16.877 Z146.835 E276.93218
G1 X7.955 Y-15.797 Z146.885 E279.87884
G1 X9.444 Y-15.512 Z146.897 E280.5918
G1 X11.275 Y-15.107 Z146.911 E281.47369
G1 X12.607 Y-14.678 Z146.922 E282.13179
G1 X13.231 Y-14.39 Z146.928 E282.45499
G1 X13.639 Y-14.117 Z146.932 E282.68586
G1 X14.076 Y-13.683 Z146.937 E282.9755
G1 X14.198 Y-13.508 Z146.938 E283.07582
G1 X14.408 Y-13.067 Z146.942 E283.30553
G1 X14.554 Y-12.421 Z146.947 E283.61699
G1 X14.61 Y-11.569 Z146.954 E284.01853
G1 X14.554 Y-10.317 Z146.964 E284.60791
G1 X14.394 Y-8.893 Z146.975 E285.2818
G1 X14.142 Y-7.268 Z146.988 E286.05514
G1 X13.868 Y-5.641 Z147.001 E286.83106
G1 X13.527 Y-3.792 Z147.016 E287.71526
G1 X12.347 Y2.97 Z147.07 E290.94334
G1 X11.997 Y4.82 Z147.085 E291.82879
G1 X10.791 Y11.564 Z147.139 E295.05066
G1 X10.483 Y13.172 Z147.152 E295.82062
G1 X10.265 Y14.245 Z147.16 E296.33553
G1 X9.921 Y15.696 Z147.172 E297.03682
G1 X9.636 Y16.676 Z147.18 E297.51679
G1 X9.358 Y17.42 Z147.186 E297.8903
G1 X9.094 Y17.952 Z147.191 E298.1696
G1 X8.86 Y18.331 Z147.195 E298.37908
G1 X8.467 Y18.757 Z147.199 E298.65164
G1 X7.984 Y19.06 Z147.204 E298.91979
G1 X7.287 Y19.253 Z147.209 E299.2599
G1 X6.769 Y19.305 Z147.213 E299.50473
G1 X6.098 Y19.309 Z147.219 E299.8203
G1 X5.18 Y19.244 Z147.226 E300.25309
G1 X3.537 Y19.033 Z147.239 E301.0321
G1 X1.399 Y18.663 Z147.256 E302.0525
G1 X-.302 Y18.333 Z147.27 E302.86736
G1 X-6.466 Y17.211 Z147.319 E305.81379
G1 X-8.181 Y16.873 Z147.333 E306.63583
G1 X-14.342 Y15.726 Z147.382 E309.583
G1 X-15.805 Y15.433 Z147.394 E310.28468
G1 X-17.652 Y15.033 Z147.409 E311.17342
G1 X-18.98 Y14.617 Z147.42 E311.82788
G1 X-19.589 Y14.369 Z147.425 E312.13711
G1 X-20.269 Y13.977 Z147.431 E312.50623
G1 X-20.742 Y13.53 Z147.436 E312.81229
G1 X-21.035 Y12.995 Z147.441 E313.09915
G1 X-21.143 Y12.631 Z147.444 E313.27771
G1 X-21.222 Y12.165 Z147.448 E313.49999
G1 X-21.258 Y11.58 Z147.452 E313.77562
G1 X-21.234 Y10.58 Z147.46 E314.24603
G1 X-21.025 Y8.811 Z147.474 E315.08374
G1 X-20.759 Y7.233 Z147.487 E315.83631
G1 X-20.466 Y5.606 Z147.5 E316.61376
;TIME_ELAPSED:791.045669
;LAYER:147
;note -- min layer time used
;TYPE:WALL-OUTER
;MESH:twised-square.stl
G1 F1527.8 X-19.027 Y-1.945 Z147.56 E320.22874
G1 X-18.756 Y-3.355 Z147.572 E320.90397
G1 X-17.361 Y-10.537 Z147.629 E324.34463
G1 X-17.087 Y-11.94 Z147.64 E325.0169
G1 X-16.756 Y-13.545 Z147.653 E325.78758
G1 X-16.521 Y-14.59 Z147.662 E326.29129
G1 X-16.14 Y-16.078 Z147.674 E327.01364
G1 X-15.818 Y-17.07 Z147.682 E327.50412
G1 X-15.515 Y-17.793 Z147.688 E327.87278
G1 X-15.184 Y-18.364 Z147.693 E328.18317
G1 X-14.898 Y-18.717 Z147.697 E328.39682
G1 X-14.587 Y-18.971 Z147.7 E328.58566
G1 X-14.08 Y-19.232 Z147.704 E328.85383
G1 X-13.6 Y-19.354 Z147.708 E329.08674
G1 X-12.951 Y-19.426 Z147.713 E329.39382
G1 X-12.393 Y-19.428 Z147.718 E329.65624
G1 X-11.593 Y-19.372 Z147.724 E330.03339
G1 X-10.239 Y-19.195 Z147.735 E330.67556
G1 X-8.806 Y-18.946 Z147.746 E331.35957
G1 X-7.313 Y-18.664 Z147.758 E332.07411
G1 X-.714 Y-17.369 Z147.811 E335.23667
G1 X0.578 Y-17.116 Z147.821 E335.85581
G1 X7.189 Y-15.792 Z147.874 E339.02655
G1 X8.473 Y-15.537 Z147.885 E339.64219
G1 X9.963 Y-15.217 Z147.897 E340.35888
G1 X11.337 Y-14.9 Z147.908 E341.02202
G1 X12.73 Y-14.461 Z147.919 E341.70887
G1 X13.454 Y-14.158 Z147.925 E342.07797
G1 X13.988 Y-13.842 Z147.93 E342.36977
G1 X14.34 Y-13.567 Z147.934 E342.57984
G1 X14.723 Y-13.07 Z147.939 E342.87492
G1 X14.952 Y-12.496 Z147.943 E343.16555
G1 X15.011 Y-12.186 Z147.946 E343.31395
G1 X15.063 Y-11.737 Z147.949 E343.52652
G1 X15.062 Y-10.774 Z147.957 E343.9794
G1 X14.972 Y-9.667 Z147.966 E344.50171
G1 X14.706 Y-7.92 Z147.98 E345.33276
G1 X14.516 Y-6.855 Z147.988 E345.84151
G1 X14.206 Y-5.248 Z148.001 E346.61118
G1 X12.761 Y1.928 Z148.058 E350.05364
G1 X12.487 Y3.333 Z148.07 E350.72683
G1 X11.011 Y10.504 Z148.127 E354.16989
G1 X10.727 Y11.933 Z148.139 E354.85506
G1 X10.39 Y13.503 Z148.151 E355.61022
G1 X10.042 Y15 Z148.163 E356.333
G1 X9.774 Y16.001 Z148.172 E356.82033
G1 X9.459 Y16.99 Z148.18 E357.30845
G1 X9.03 Y18.006 Z148.188 E357.8271
G1 X8.617 Y18.657 Z148.194 E358.18966
G1 X8.38 Y18.919 Z148.197 E358.35581
G1 X7.914 Y19.253 Z148.202 E358.62544
G1 X7.427 Y19.434 Z148.206 E358.86977
G1 X6.776 Y19.541 Z148.211 E359.18003
G1 X6.205 Y19.555 Z148.215 E359.44864
G1 X5.408 Y19.507 Z148.222 E359.82413
G1 X4.045 Y19.334 Z148.232 E360.47026
G1 X2.609 Y19.073 Z148.244 E361.15664
G1 X1.116 Y18.778 Z148.256 E361.87235
G1 X-5.465 Y17.397 Z148.309 E365.03466
G1 X-6.754 Y17.139 Z148.319 E365.65287
G1 X-13.349 Y15.727 Z148.372 E368.82464
G1 X-14.638 Y15.465 Z148.382 E369.44323
G1 X-16.12 Y15.134 Z148.394 E370.15735
G1 X-17.502 Y14.804 Z148.405 E370.82555
G1 X-18.864 Y14.394 Z148.417 E371.49446
G1 X-19.608 Y14.108 Z148.423 E371.86931
G1 X-20.15 Y13.842 Z148.428 E372.15324
G1 X-20.544 Y13.585 Z148.431 E372.37446
G1 X-20.82 Y13.348 Z148.434 E372.54555
G1 X-21.171 Y12.881 Z148.439 E372.82029
G1 X-21.371 Y12.37 Z148.443 E373.07835
G1 X-21.447 Y12.001 Z148.446 E373.25552
G1 X-21.503 Y11.118 Z148.453 E373.67161
G1 X-21.469 Y10.369 Z148.459 E374.02422
G1 X-21.35 Y9.331 Z148.467 E374.51556
G1 X-21.112 Y7.882 Z148.479 E375.20613
G1 X-20.904 Y6.796 Z148.487 E375.72613
G1 X-20.581 Y5.207 Z148.5 E376.48869
;TIME_ELAPSED:796.051583
;LAYER:148
;note -- min layer time used
;TYPE:WALL-OUTER
;MESH:twised-square.stl
G1 F1532.6 X-19.662 Y0.946 Z148.534 E378.53862
G1 X-18.666 Y-3.727 Z148.572 E380.78559
G1 X-17.811 Y-7.609 Z148.603 E382.65497
G1 X-16.797 Y-12.284 Z148.64 E384.90464
G1 X-16.429 Y-13.878 Z148.653 E385.67398
G1 X-16.169 Y-14.92 Z148.661 E386.17903
G1 X-15.752 Y-16.401 Z148.673 E386.9026
G1 X-15.33 Y-17.584 Z148.683 E387.49327
G1 X-14.931 Y-18.377 Z148.69 E387.91075
G1 X-14.428 Y-19.013 Z148.697 E388.29209
G1 X-13.967 Y-19.351 Z148.701 E388.56091
G1 X-13.483 Y-19.541 Z148.705 E388.80544
G1 X-12.928 Y-19.647 Z148.709 E389.07116
G1 X-12.507 Y-19.669 Z148.713 E389.26942
G1 X-11.525 Y-19.626 Z148.72 E389.73167
G1 X-10.614 Y-19.511 Z148.728 E390.1635
G1 X-8.967 Y-19.222 Z148.741 E390.94988
G1 X-6.84 Y-18.778 Z148.758 E391.97172
G1 X-3.24 Y-17.975 Z148.787 E393.70633
G1 X1.075 Y-17.037 Z148.821 E395.78297
G1 X4.672 Y-16.219 Z148.85 E397.51775
G1 X8.986 Y-15.263 Z148.885 E399.59575
G1 X10.455 Y-14.912 Z148.897 E400.30604
G1 X11.84 Y-14.546 Z148.908 E400.97973
G1 X13.625 Y-13.925 Z148.923 E401.86853
G1 X14.503 Y-13.427 Z148.93 E402.34323
G1 X14.853 Y-13.141 Z148.934 E402.55579
G1 X15.068 Y-12.873 Z148.937 E402.71737
G1 X15.346 Y-12.371 Z148.941 E402.98723
G1 X15.502 Y-11.759 Z148.946 E403.28425
G1 X15.533 Y-11.292 Z148.95 E403.50435
G1 X15.543 Y-10.707 Z148.954 E403.7795
G1 X15.489 Y-9.954 Z148.96 E404.13453
G1 X15.352 Y-8.94 Z148.968 E404.61572
G1 X15.088 Y-7.454 Z148.98 E405.3255
G1 X14.88 Y-6.429 Z148.988 E405.81736
G1 X14.536 Y-4.837 Z149.001 E406.58332
G1 X13.65 Y-.961 Z149.032 E408.45314
G1 X12.617 Y3.727 Z149.07 E410.71069
G1 X11.717 Y7.577 Z149.101 E412.57008
G1 X10.67 Y12.243 Z149.138 E414.81896
G1 X10.29 Y13.833 Z149.151 E415.58776
G1 X10.029 Y14.868 Z149.159 E416.08973
G1 X9.611 Y16.331 Z149.171 E416.80528
G1 X9.195 Y17.523 Z149.181 E417.39901
G1 X8.835 Y18.279 Z149.188 E417.7928
G1 X8.414 Y18.925 Z149.194 E418.15542
G1 X8.003 Y19.325 Z149.198 E418.42513
G1 X7.535 Y19.586 Z149.202 E418.67713
G1 X6.976 Y19.733 Z149.207 E418.94895
G1 X6.567 Y19.779 Z149.21 E419.14251
G1 X5.559 Y19.758 Z149.218 E419.61665
G1 X4.652 Y19.651 Z149.225 E420.04615
G1 X2.964 Y19.352 Z149.239 E420.85234
G1 X0.871 Y18.89 Z149.255 E421.86033
G1 X-2.716 Y18.036 Z149.284 E423.59437
G1 X-7.022 Y17.057 Z149.319 E425.67107
G1 X-10.609 Y16.186 Z149.348 E427.40697
G1 X-14.914 Y15.192 Z149.382 E429.48478
G1 X-16.38 Y14.828 Z149.394 E430.19515
G1 X-17.757 Y14.465 Z149.405 E430.86484
G1 X-18.969 Y14.087 Z149.415 E431.4619
G1 X-19.888 Y13.712 Z149.423 E431.92868
G1 X-20.43 Y13.431 Z149.428 E432.21579
G1 X-20.821 Y13.164 Z149.432 E432.43845
G1 X-21.3 Y12.675 Z149.437 E432.76037
G1 X-21.574 Y12.123 Z149.442 E433.05018
G1 X-21.666 Y11.759 Z149.445 E433.22675
G1 X-21.721 Y11.311 Z149.448 E433.43901
G1 X-21.717 Y10.332 Z149.456 E433.89942
G1 X-21.54 Y8.875 Z149.467 E434.58965
G1 X-21.27 Y7.448 Z149.479 E435.27265
G1 X-21.041 Y6.384 Z149.487 E435.78448
G1 X-20.679 Y4.793 Z149.5 E436.55182
;TIME_ELAPSED:801.057515
;LAYER:149
;note -- min layer time used
;TYPE:WALL-OUTER
;MESH:twised-square.stl
G1 F1537.5 X-20.437 Y3.802 Z149.508 E437.03156
G1 X-18.559 Y-4.103 Z149.571 E440.85257
G1 X-18.406 Y-4.716 Z149.576 E441.1497
G1 X-16.494 Y-12.621 Z149.64 E444.97445
G1 X-16.086 Y-14.225 Z149.653 E445.75279
G1 X-15.79 Y-15.299 Z149.661 E446.2767
G1 X-15.361 Y-16.698 Z149.673 E446.96486
G1 X-15.001 Y-17.674 Z149.681 E447.45408
G1 X-14.469 Y-18.677 Z149.69 E447.98801
G1 X-13.972 Y-19.299 Z149.696 E448.36244
G1 X-13.685 Y-19.506 Z149.699 E448.52885
G1 X-13.232 Y-19.726 Z149.703 E448.76568
G1 X-12.649 Y-19.865 Z149.707 E449.04754
G1 X-12.253 Y-19.888 Z149.71 E449.23408
G1 X-11.738 Y-19.885 Z149.714 E449.47628
G1 X-10.603 Y-19.776 Z149.723 E450.0125
G1 X-9.264 Y-19.537 Z149.734 E450.65215
G1 X-7.79 Y-19.213 Z149.746 E451.36189
G1 X-6.348 Y-18.872 Z149.757 E452.05874
G1 X-5.774 Y-18.726 Z149.762 E452.33727
G1 X1.572 Y-16.94 Z149.821 E455.89257
G1 X2.145 Y-16.793 Z149.826 E456.17077
G1 X9.49 Y-14.975 Z149.885 E459.7292
G1 X11.686 Y-14.394 Z149.902 E460.79746
G1 X13.236 Y-13.885 Z149.915 E461.56469
G1 X14.139 Y-13.514 Z149.923 E462.0238
G1 X14.765 Y-13.181 Z149.928 E462.35725
G1 X15.181 Y-12.869 Z149.932 E462.6018
G1 X15.472 Y-12.559 Z149.936 E462.80175
G1 X15.762 Y-12.074 Z149.94 E463.0675
G1 X15.919 Y-11.617 Z149.944 E463.29475
G1 X16.005 Y-10.827 Z149.95 E463.66846
G1 X15.992 Y-10.271 Z149.954 E463.93001
G1 X15.853 Y-9.023 Z149.964 E464.52054
G1 X15.579 Y-7.528 Z149.976 E465.23532
G1 X15.235 Y-5.995 Z149.988 E465.97418
G1 X14.857 Y-4.42 Z150.001 E466.73591
G1 X14.698 Y-3.807 Z150.006 E467.03373
G1 X12.75 Y4.072 Z150.069 E470.85062
G1 X12.588 Y4.686 Z150.074 E471.14925
G1 X10.601 Y12.575 Z150.138 E474.97515
G1 X10.18 Y14.174 Z150.151 E475.75275
G1 X9.881 Y15.241 Z150.159 E476.27386
G1 X9.441 Y16.663 Z150.171 E476.97388
G1 X9.083 Y17.631 Z150.179 E477.45925
G1 X8.765 Y18.319 Z150.185 E477.81569
G1 X8.314 Y19.047 Z150.192 E478.21843
G1 X7.796 Y19.57 Z150.197 E478.5646
G1 X7.269 Y19.849 Z150.202 E478.84502
G1 X6.947 Y19.943 Z150.205 E479.00278
G1 X6.54 Y20.002 Z150.208 E479.19618
G1 X6.025 Y20.012 Z150.212 E479.43842
G1 X4.877 Y19.915 Z150.221 E479.98022
G1 X3.529 Y19.679 Z150.231 E480.6238
G1 X2.051 Y19.342 Z150.243 E481.33671
G1 X0.61 Y18.987 Z150.255 E482.03464
G1 X0.038 Y18.834 Z150.259 E482.31309
G1 X-7.287 Y16.962 Z150.318 E485.8686
G1 X-7.858 Y16.808 Z150.323 E486.14672
G1 X-15.199 Y14.901 Z150.382 E489.71362
G1 X-16.672 Y14.5 Z150.394 E490.43155
G1 X-17.669 Y14.212 Z150.402 E490.91959
G1 X-18.926 Y13.807 Z150.413 E491.54065
G1 X-19.823 Y13.457 Z150.42 E491.99347
G1 X-20.455 Y13.15 Z150.426 E492.32389
G1 X-20.879 Y12.884 Z150.43 E492.55928
G1 X-21.372 Y12.456 Z150.435 E492.86631
G1 X-21.692 Y11.991 Z150.439 E493.13177
G1 X-21.873 Y11.467 Z150.443 E493.39248
G1 X-21.931 Y11.107 Z150.446 E493.56396
G1 X-21.95 Y10.219 Z150.453 E493.98167
G1 X-21.88 Y9.461 Z150.459 E494.33965
G1 X-21.718 Y8.431 Z150.467 E494.83
G1 X-21.52 Y7.442 Z150.475 E495.30433
G1 X-21.162 Y5.944 Z150.487 E496.02865
G1 X-20.758 Y4.34 Z150.5 E496.80653
;TIME_ELAPSED:806.064012
;LAYER:150
;note -- min layer time used
;TYPE:WALL-OUTER
;MESH:twised-square.stl
G1 F1541.6 X-19.126 Y-1.879 Z150.55 E499.83022
G1 X-18.434 Y-4.5 Z150.571 E501.10505
G1 X-16.879 Y-10.338 Z150.618 E503.94626
G1 X-16.182 Y-12.953 Z150.639 E505.21897
G1 X-15.741 Y-14.531 Z150.652 E505.98951
G1 X-15.289 Y-16.019 Z150.664 E506.72085
G1 X-14.951 Y-17.015 Z150.672 E507.21548
G1 X-14.555 Y-17.972 Z150.68 E507.70255
G1 X-14.184 Y-18.701 Z150.687 E508.08723
G1 X-13.846 Y-19.211 Z150.691 E508.37496
G1 X-13.499 Y-19.559 Z150.695 E508.60607
G1 X-12.901 Y-19.919 Z150.701 E508.93433
G1 X-12.357 Y-20.077 Z150.705 E509.20073
G1 X-11.738 Y-20.126 Z150.71 E509.49274
G1 X-10.886 Y-20.065 Z150.717 E509.89445
G1 X-10.119 Y-19.96 Z150.723 E510.25852
G1 X-8.744 Y-19.688 Z150.734 E510.91768
G1 X-7.284 Y-19.331 Z150.745 E511.62451
G1 X-5.831 Y-18.949 Z150.757 E512.33105
G1 X-.357 Y-17.48 Z150.801 E514.99643
G1 X2.108 Y-16.82 Z150.821 E516.1965
G1 X7.554 Y-15.334 Z150.865 E518.85127
G1 X9.993 Y-14.673 Z150.885 E520.03965
G1 X11.463 Y-14.256 Z150.896 E520.75824
G1 X12.43 Y-13.952 Z150.904 E521.23494
G1 X13.756 Y-13.489 Z150.915 E521.89545
G1 X14.63 Y-13.111 Z150.923 E522.34327
G1 X15.238 Y-12.762 Z150.928 E522.67295
G1 X15.846 Y-12.243 Z150.934 E523.04889
G1 X16.049 Y-11.985 Z150.937 E523.20328
G1 X16.298 Y-11.473 Z150.941 E523.47102
G1 X16.44 Y-10.834 Z150.946 E523.77886
G1 X16.457 Y-10.381 Z150.95 E523.99205
G1 X16.39 Y-9.42 Z150.957 E524.44508
G1 X16.228 Y-8.345 Z150.966 E524.95634
G1 X15.837 Y-6.577 Z150.98 E525.80788
G1 X15.582 Y-5.558 Z150.988 E526.30187
G1 X15.286 Y-4.445 Z150.997 E526.84349
G1 X15.162 Y-3.974 Z151.001 E527.07254
G1 X13.563 Y1.856 Z151.048 E529.91551
G1 X12.861 Y4.47 Z151.069 E531.18837
G1 X11.235 Y10.292 Z151.116 E534.03111
G1 X10.526 Y12.903 Z151.137 E535.30347
G1 X10.072 Y14.477 Z151.15 E536.07387
G1 X9.763 Y15.495 Z151.158 E536.57418
G1 X9.282 Y16.932 Z151.17 E537.28682
G1 X8.815 Y18.103 Z151.18 E537.87969
G1 X8.403 Y18.867 Z151.187 E538.2879
G1 X8.104 Y19.296 Z151.191 E538.53382
G1 X7.824 Y19.616 Z151.194 E538.73378
G1 X7.323 Y19.974 Z151.199 E539.02336
G1 X6.865 Y20.141 Z151.203 E539.25262
G1 X6.279 Y20.227 Z151.207 E539.53115
G1 X5.402 Y20.204 Z151.214 E539.94373
G1 X4.621 Y20.106 Z151.22 E540.3139
G1 X3.238 Y19.832 Z151.231 E540.97693
G1 X1.781 Y19.461 Z151.243 E541.68399
G1 X0.327 Y19.067 Z151.255 E542.39244
G1 X-5.123 Y17.519 Z151.299 E545.05684
G1 X-7.585 Y16.844 Z151.319 E546.25739
G1 X-13.01 Y15.279 Z151.362 E548.91268
G1 X-15.445 Y14.603 Z151.382 E550.10112
G1 X-16.914 Y14.168 Z151.394 E550.82161
G1 X-18.273 Y13.741 Z151.405 E551.49153
G1 X-20.064 Y13.047 Z151.42 E552.39482
G1 X-20.683 Y12.729 Z151.426 E552.72209
G1 X-21.327 Y12.284 Z151.432 E553.09022
G1 X-21.724 Y11.87 Z151.436 E553.35996
G1 X-21.856 Y11.666 Z151.438 E553.47423
G1 X-22.058 Y11.168 Z151.442 E553.72696
G1 X-22.166 Y10.364 Z151.448 E554.10846
G1 X-22.152 Y9.765 Z151.453 E554.39024
G1 X-22.065 Y8.993 Z151.459 E554.75559
G1 X-21.882 Y7.991 Z151.467 E555.2346
G1 X-21.534 Y6.508 Z151.479 E555.95097
G1 X-21.267 Y5.496 Z151.487 E556.44318
G1 X-20.826 Y3.902 Z151.5 E557.22096
;TIME_ELAPSED:811.069980
;LAYER:151
;note -- min layer time used
;TYPE:WALL-OUTER
;MESH:twised-square.stl
G1 F1545.4 X-19.967 Y0.943 Z151.524 E558.66996
G1 X-18.299 Y-4.901 Z151.571 E561.52802
G1 X-17.542 Y-7.464 Z151.592 E562.78482
G1 X-15.852 Y-13.299 Z151.639 E565.64167
G1 X-15.379 Y-14.85 Z151.652 E566.40424
G1 X-15.059 Y-15.865 Z151.66 E566.90473
G1 X-14.534 Y-17.308 Z151.672 E567.62686
G1 X-14.12 Y-18.269 Z151.68 E568.11895
G1 X-13.746 Y-18.963 Z151.686 E568.4897
G1 X-13.361 Y-19.491 Z151.691 E568.797
G1 X-12.731 Y-20.015 Z151.697 E569.18237
G1 X-12.263 Y-20.219 Z151.701 E569.42246
G1 X-11.675 Y-20.325 Z151.706 E569.70344
G1 X-11.252 Y-20.329 Z151.709 E569.90237
G1 X-10.727 Y-20.309 Z151.713 E570.14945
G1 X-10.038 Y-20.219 Z151.719 E570.47623
G1 X-9.104 Y-20.033 Z151.726 E570.92409
G1 X-7.768 Y-19.707 Z151.737 E571.57082
G1 X-6.787 Y-19.441 Z151.745 E572.04882
G1 X-6.341 Y-19.314 Z151.748 E572.2669
G1 X-5.326 Y-19.025 Z151.757 E572.76321
G1 X-2.888 Y-18.298 Z151.776 E573.95963
G1 X2.603 Y-16.703 Z151.821 E576.64867
G1 X5.018 Y-15.972 Z151.84 E577.83527
G1 X10.504 Y-14.354 Z151.885 E580.52509
G1 X11.974 Y-13.895 Z151.897 E581.24932
G1 X13.801 Y-13.27 Z151.912 E582.1574
G1 X15.298 Y-12.583 Z151.925 E582.932
G1 X15.968 Y-12.134 Z151.931 E583.3113
G1 X16.301 Y-11.803 Z151.934 E583.5321
G1 X16.531 Y-11.523 Z151.937 E583.70251
G1 X16.761 Y-11 Z151.942 E583.9712
G1 X16.868 Y-10.522 Z151.945 E584.20155
G1 X16.891 Y-9.886 Z151.95 E584.50084
G1 X16.816 Y-8.953 Z151.958 E584.94103
G1 X16.635 Y-7.905 Z151.966 E585.44118
G1 X16.324 Y-6.598 Z151.976 E586.07299
G1 X15.912 Y-5.096 Z151.988 E586.80544
G1 X15.465 Y-3.538 Z152.001 E587.56769
G1 X14.681 Y-.961 Z152.022 E588.83444
G1 X12.973 Y4.845 Z152.069 E591.68058
G1 X12.177 Y7.42 Z152.09 E592.94808
G1 X10.437 Y13.246 Z152.137 E595.80751
G1 X9.955 Y14.787 Z152.15 E596.56683
G1 X9.296 Y16.766 Z152.166 E597.54775
G1 X8.718 Y18.16 Z152.178 E598.25744
G1 X8.187 Y19.133 Z152.186 E598.77872
G1 X7.711 Y19.743 Z152.192 E599.1426
G1 X7.474 Y19.96 Z152.195 E599.29372
G1 X7.028 Y20.235 Z152.199 E599.54013
G1 X6.434 Y20.407 Z152.204 E599.83095
G1 X6.021 Y20.444 Z152.207 E600.02595
G1 X5.475 Y20.436 Z152.211 E600.28275
G1 X4.778 Y20.356 Z152.216 E600.61268
G1 X3.846 Y20.179 Z152.224 E601.05882
G1 X2.512 Y19.848 Z152.234 E601.70519
G1 X1.512 Y19.568 Z152.243 E602.19356
G1 X0.065 Y19.142 Z152.254 E602.90293
G1 X-2.363 Y18.379 Z152.274 E604.09982
G1 X-7.836 Y16.726 Z152.318 E606.78848
G1 X-10.242 Y15.959 Z152.338 E607.97607
G1 X-15.712 Y14.283 Z152.382 E610.66653
G1 X-17.176 Y13.812 Z152.394 E611.38977
G1 X-18.983 Y13.197 Z152.409 E612.28744
G1 X-20.501 Y12.531 Z152.422 E613.067
G1 X-21.159 Y12.133 Z152.428 E613.42865
G1 X-21.727 Y11.667 Z152.434 E613.77416
G1 X-22.099 Y11.161 Z152.439 E614.06951
G1 X-22.306 Y10.539 Z152.444 E614.3778
G1 X-22.356 Y10.132 Z152.447 E614.57064
G1 X-22.358 Y9.617 Z152.451 E614.81283
G1 X-22.231 Y8.51 Z152.46 E615.33685
G1 X-22.023 Y7.498 Z152.468 E615.82272
G1 X-21.657 Y6.083 Z152.479 E616.51006
G1 X-21.356 Y5.038 Z152.487 E617.02148
G1 X-20.888 Y3.48 Z152.5 E617.78652
;TIME_ELAPSED:816.076507
;LAYER:152
;note -- min layer time used
;TYPE:WALL-OUTER
;MESH:twised-square.stl
G1 F1549.9 X-18.352 Y-4.654 Z152.566 E621.79336
G1 X-18.153 Y-5.279 Z152.571 E622.10183
G1 X-15.718 Y-12.99 Z152.634 E625.90465
G1 X-15.521 Y-13.607 Z152.639 E626.20924
G1 X-15.009 Y-15.16 Z152.651 E626.97825
G1 X-14.478 Y-16.656 Z152.664 E627.72479
G1 X-13.971 Y-17.919 Z152.674 E628.36482
G1 X-13.465 Y-18.93 Z152.683 E628.8965
G1 X-13.072 Y-19.507 Z152.688 E629.22481
G1 X-12.727 Y-19.91 Z152.692 E629.47429
G1 X-12.401 Y-20.162 Z152.696 E629.66807
G1 X-11.896 Y-20.402 Z152.7 E629.93102
G1 X-11.334 Y-20.531 Z152.704 E630.20218
G1 X-10.989 Y-20.546 Z152.707 E630.36458
G1 X-10.192 Y-20.496 Z152.713 E630.74013
G1 X-9.518 Y-20.388 Z152.719 E631.06115
G1 X-8.599 Y-20.185 Z152.726 E631.50375
G1 X-7.24 Y-19.822 Z152.737 E632.16526
G1 X-6.286 Y-19.534 Z152.744 E632.6339
G1 X-4.79 Y-19.074 Z152.757 E633.36995
G1 X2.504 Y-16.759 Z152.816 E636.96878
G1 X3.094 Y-16.57 Z152.821 E637.26013
G1 X10.39 Y-14.22 Z152.88 E640.86487
G1 X11 Y-14.023 Z152.885 E641.16633
G1 X12.457 Y-13.532 Z152.897 E641.88939
G1 X14.26 Y-12.871 Z152.912 E642.79248
G1 X15.6 Y-12.233 Z152.923 E643.49044
G1 X16.204 Y-11.855 Z152.929 E643.82553
G1 X16.624 Y-11.499 Z152.933 E644.08445
G1 X16.874 Y-11.197 Z152.936 E644.26882
G1 X17.134 Y-10.739 Z152.94 E644.5165
G1 X17.283 Y-10.205 Z152.944 E644.77722
G1 X17.329 Y-9.867 Z152.947 E644.93764
G1 X17.322 Y-9.404 Z152.951 E645.1554
G1 X17.281 Y-8.829 Z152.955 E645.4265
G1 X17.159 Y-8.078 Z152.961 E645.78431
G1 X16.935 Y-7.083 Z152.969 E646.26394
G1 X16.549 Y-5.677 Z152.98 E646.94962
G1 X16.237 Y-4.638 Z152.989 E647.45979
G1 X15.745 Y-3.065 Z153.001 E648.23488
G1 X13.264 Y4.621 Z153.064 E652.03308
G1 X13.068 Y5.242 Z153.069 E652.33933
G1 X10.551 Y12.931 Z153.131 E656.1441
G1 X10.344 Y13.575 Z153.137 E656.46223
G1 X9.831 Y15.094 Z153.149 E657.21622
G1 X9.129 Y17.059 Z153.165 E658.19751
G1 X8.407 Y18.65 Z153.179 E659.01917
G1 X7.966 Y19.389 Z153.185 E659.42388
G1 X7.64 Y19.821 Z153.19 E659.67839
G1 X7.369 Y20.089 Z153.193 E659.85763
G1 X6.918 Y20.4 Z153.197 E660.11527
G1 X6.36 Y20.596 Z153.201 E660.3934
G1 X5.984 Y20.647 Z153.204 E660.57184
G1 X5.519 Y20.651 Z153.208 E660.79053
G1 X4.494 Y20.529 Z153.216 E661.27597
G1 X3.581 Y20.334 Z153.223 E661.71502
G1 X2.22 Y19.963 Z153.234 E662.37842
G1 X1.257 Y19.669 Z153.242 E662.85193
G1 X-.23 Y19.193 Z153.254 E663.58619
G1 X-7.492 Y16.785 Z153.313 E667.1842
G1 X-8.082 Y16.595 Z153.318 E667.4757
G1 X-15.35 Y14.152 Z153.377 E671.0816
G1 X-15.93 Y13.964 Z153.382 E671.36834
G1 X-17.41 Y13.45 Z153.394 E672.10513
G1 X-18.766 Y12.959 Z153.405 E672.78334
G1 X-20.525 Y12.182 Z153.42 E673.68767
G1 X-21.414 Y11.647 Z153.428 E674.17562
G1 X-21.781 Y11.35 Z153.432 E674.39765
G1 X-22.048 Y11.069 Z153.435 E674.57994
G1 X-22.371 Y10.531 Z153.44 E674.87504
G1 X-22.524 Y9.877 Z153.445 E675.19091
G1 X-22.532 Y9.086 Z153.451 E675.56292
G1 X-22.458 Y8.439 Z153.456 E675.86917
G1 X-22.289 Y7.572 Z153.463 E676.28458
G1 X-21.908 Y6.098 Z153.475 E677.00055
G1 X-21.431 Y4.573 Z153.487 E677.75198
G1 X-20.921 Y3.002 Z153.5 E678.52875
;TIME_ELAPSED:821.083053
;LAYER:153
;note -- min layer time used
;TYPE:WALL-OUTER
;MESH:twised-square.stl
G1 F1553.1 X-19.273 Y-1.877 Z153.54 E680.95059
G1 X-18 Y-5.661 Z153.571 E682.82812
G1 X-16.463 Y-10.148 Z153.607 E685.05863
G1 X-15.167 Y-13.949 Z153.638 E686.9472
G1 X-14.627 Y-15.469 Z153.651 E687.70579
G1 X-14.247 Y-16.505 Z153.659 E688.22474
G1 X-13.55 Y-18.153 Z153.673 E689.06623
G1 X-13 Y-19.188 Z153.682 E689.61742
G1 X-12.615 Y-19.752 Z153.687 E689.93856
G1 X-12.217 Y-20.164 Z153.692 E690.20796
G1 X-11.589 Y-20.554 Z153.698 E690.55561
G1 X-11.111 Y-20.702 Z153.701 E690.79093
G1 X-10.86 Y-20.731 Z153.703 E690.90975
G1 X-10.2 Y-20.736 Z153.709 E691.22015
G1 X-9.689 Y-20.678 Z153.712 E691.462
G1 X-9.008 Y-20.553 Z153.718 E691.78761
G1 X-8.082 Y-20.326 Z153.725 E692.23598
G1 X-6.406 Y-19.832 Z153.739 E693.0577
G1 X-4.271 Y-19.124 Z153.756 E694.11551
G1 X-0.011 Y-17.654 Z153.791 E696.23481
G1 X3.603 Y-16.422 Z153.82 E698.03043
G1 X7.859 Y-14.933 Z153.855 E700.1509
G1 X11.471 Y-13.685 Z153.885 E701.94808
G1 X12.91 Y-13.165 Z153.897 E702.66764
G1 X14.297 Y-12.638 Z153.908 E703.36541
G1 X16.056 Y-11.786 Z153.923 E704.28456
G1 X16.665 Y-11.384 Z153.929 E704.62773
G1 X17.072 Y-11.017 Z153.933 E704.88545
G1 X17.339 Y-10.698 Z153.936 E705.08108
G1 X17.613 Y-10.174 Z153.941 E705.35917
G1 X17.721 Y-9.709 Z153.945 E705.58367
G1 X17.753 Y-9.116 Z153.949 E705.86295
G1 X17.726 Y-8.659 Z153.953 E706.07824
G1 X17.54 Y-7.572 Z153.961 E706.59686
G1 X17.299 Y-6.596 Z153.969 E707.06964
G1 X16.882 Y-5.197 Z153.98 E707.75616
G1 X16.543 Y-4.15 Z153.989 E708.27371
G1 X16.029 Y-2.627 Z154.001 E709.02963
G1 X14.456 Y1.847 Z154.038 E711.25991
G1 X13.162 Y5.621 Z154.069 E713.13617
G1 X11.568 Y10.091 Z154.105 E715.36797
G1 X10.257 Y13.863 Z154.136 E717.24594
G1 X9.699 Y15.395 Z154.149 E718.01271
G1 X9.315 Y16.413 Z154.157 E718.52438
G1 X8.619 Y18.078 Z154.171 E719.37305
G1 X8.103 Y19.073 Z154.18 E719.90016
G1 X7.737 Y19.646 Z154.185 E720.21991
G1 X7.406 Y20.06 Z154.189 E720.46918
G1 X6.848 Y20.526 Z154.195 E720.81107
G1 X6.384 Y20.74 Z154.199 E721.05137
G1 X6.121 Y20.803 Z154.201 E721.17855
G1 X5.475 Y20.85 Z154.206 E721.48316
G1 X4.939 Y20.808 Z154.21 E721.736
G1 X4.245 Y20.699 Z154.215 E722.06637
G1 X3.31 Y20.476 Z154.223 E722.51841
G1 X1.953 Y20.072 Z154.234 E723.18426
G1 X0.969 Y19.748 Z154.242 E723.67146
G1 X-.498 Y19.241 Z154.254 E724.40139
G1 X-4.737 Y17.707 Z154.289 E726.52142
G1 X-8.341 Y16.445 Z154.318 E728.3172
G1 X-12.576 Y14.893 Z154.353 E730.43836
G1 X-16.168 Y13.62 Z154.382 E732.23054
G1 X-17.631 Y13.075 Z154.394 E732.96475
G1 X-19.473 Y12.35 Z154.41 E733.89568
G1 X-20.935 Y11.626 Z154.422 E734.66292
G1 X-21.602 Y11.186 Z154.428 E735.03869
G1 X-21.984 Y10.862 Z154.432 E735.27426
G1 X-22.425 Y10.306 Z154.438 E735.60799
G1 X-22.646 Y9.722 Z154.443 E735.90165
G1 X-22.701 Y9.349 Z154.446 E736.07896
G1 X-22.71 Y8.894 Z154.449 E736.29297
G1 X-22.599 Y7.92 Z154.457 E736.75399
G1 X-22.36 Y6.827 Z154.465 E737.28015
G1 X-21.826 Y5.09 Z154.479 E738.13475
G1 X-21.492 Y4.1 Z154.487 E738.62611
G1 X-20.951 Y2.562 Z154.5 E739.39284
;TIME_ELAPSED:826.089612
;LAYER:154
;note -- min layer time used
;TYPE:WALL-OUTER
;MESH:twised-square.stl
G1 F1556.5 X-20.318 Y0.843 Z154.514 E740.25431
G1 X-17.821 Y-6.061 Z154.571 E743.70694
G1 X-17.337 Y-7.359 Z154.581 E744.35842
G1 X-14.818 Y-14.239 Z154.638 E747.80398
G1 X-14.237 Y-15.766 Z154.65 E748.57231
G1 X-13.646 Y-17.215 Z154.663 E749.30825
G1 X-13.236 Y-18.151 Z154.67 E749.78881
G1 X-12.747 Y-19.082 Z154.679 E750.28336
G1 X-12.325 Y-19.735 Z154.685 E750.649
G1 X-11.708 Y-20.401 Z154.692 E751.07595
G1 X-11.371 Y-20.637 Z154.695 E751.26943
G1 X-10.776 Y-20.872 Z154.7 E751.57028
G1 X-10.166 Y-20.942 Z154.704 E751.85903
G1 X-9.441 Y-20.889 Z154.71 E752.20089
G1 X-8.859 Y-20.792 Z154.715 E752.47837
G1 X-8.038 Y-20.596 Z154.721 E752.87532
G1 X-6.702 Y-20.195 Z154.732 E753.5313
G1 X-5.242 Y-19.693 Z154.744 E754.25736
G1 X-3.756 Y-19.158 Z154.756 E755.0001
G1 X-2.519 Y-18.692 Z154.766 E755.62175
G1 X4.088 Y-16.264 Z154.82 E758.93204
G1 X5.333 Y-15.791 Z154.831 E759.55837
G1 X11.932 Y-13.336 Z154.885 E762.86953
G1 X13.373 Y-12.777 Z154.897 E763.5964
G1 X14.769 Y-12.192 Z154.908 E764.30822
G1 X15.928 Y-11.65 Z154.918 E764.90993
G1 X16.82 Y-11.115 Z154.926 E765.39908
G1 X17.526 Y-10.509 Z154.934 E765.83664
G1 X17.928 Y-9.926 Z154.939 E766.16967
G1 X18.088 Y-9.466 Z154.943 E766.39871
G1 X18.165 Y-8.861 Z154.947 E766.68552
G1 X18.11 Y-8.107 Z154.953 E767.04106
G1 X18.01 Y-7.471 Z154.958 E767.34383
G1 X17.761 Y-6.448 Z154.966 E767.83897
G1 X17.352 Y-5.138 Z154.977 E768.48436
G1 X16.849 Y-3.693 Z154.989 E769.20391
G1 X16.286 Y-2.148 Z155.001 E769.97722
G1 X15.793 Y-.861 Z155.012 E770.62536
G1 X13.245 Y5.998 Z155.068 E774.06637
G1 X12.736 Y7.31 Z155.079 E774.72818
G1 X10.154 Y14.172 Z155.136 E778.17612
G1 X9.555 Y15.708 Z155.149 E778.95145
G1 X8.971 Y17.132 Z155.16 E779.67525
G1 X8.558 Y18.058 Z155.168 E780.15208
G1 X8.09 Y18.968 Z155.176 E780.63331
G1 X7.683 Y19.638 Z155.182 E781.00198
G1 X7.326 Y20.109 Z155.187 E781.27992
G1 X7.004 Y20.441 Z155.19 E781.49742
G1 X6.454 Y20.82 Z155.195 E781.81153
G1 X5.973 Y20.979 Z155.199 E782.04978
G1 X5.674 Y21.023 Z155.202 E782.19191
G1 X4.937 Y21.017 Z155.207 E782.53851
G1 X4.343 Y20.931 Z155.212 E782.82077
G1 X3.529 Y20.745 Z155.218 E783.21344
G1 X2.164 Y20.339 Z155.229 E783.88316
G1 X0.718 Y19.828 Z155.241 E784.6044
G1 X-.764 Y19.277 Z155.253 E785.34796
G1 X-1.996 Y18.792 Z155.264 E785.97063
G1 X-8.574 Y16.291 Z155.318 E789.28016
G1 X-9.812 Y15.798 Z155.328 E789.90683
G1 X-16.384 Y13.268 Z155.382 E793.2186
G1 X-17.838 Y12.688 Z155.394 E793.95478
G1 X-19.184 Y12.129 Z155.406 E794.6402
G1 X-20.392 Y11.562 Z155.416 E795.26776
G1 X-21.268 Y11.062 Z155.424 E795.7421
G1 X-21.776 Y10.708 Z155.429 E796.03329
G1 X-22.325 Y10.195 Z155.434 E796.38665
G1 X-22.671 Y9.659 Z155.439 E796.68667
G1 X-22.842 Y9.029 Z155.444 E796.99367
G1 X-22.866 Y8.609 Z155.448 E797.19151
G1 X-22.837 Y8.108 Z155.451 E797.42751
G1 X-22.637 Y7.005 Z155.46 E797.95468
G1 X-22.367 Y6.026 Z155.468 E798.43228
G1 X-22.06 Y5.067 Z155.476 E798.90582
G1 X-21.536 Y3.62 Z155.488 E799.62956
G1 X-20.962 Y2.104 Z155.5 E800.39189
;TIME_ELAPSED:831.095639
;LAYER:155
;note -- min layer time used
;TYPE:WALL-OUTER
;MESH:twised-square.stl
G1 F1559.9 X-18.337 Y-4.651 Z155.556 E803.80005
G1 X-17.629 Y-6.462 Z155.571 E804.71449
G1 X-15.153 Y-12.762 Z155.623 E807.89784
G1 X-14.441 Y-14.575 Z155.638 E808.81385
G1 X-13.835 Y-16.059 Z155.65 E809.56768
G1 X-13 Y-17.969 Z155.666 E810.548
G1 X-12.272 Y-19.323 Z155.678 E811.27096
G1 X-11.816 Y-19.981 Z155.684 E811.64745
G1 X-11.432 Y-20.435 Z155.689 E811.92708
G1 X-10.845 Y-20.865 Z155.694 E812.26928
G1 X-10.251 Y-21.068 Z155.699 E812.56449
G1 X-9.604 Y-21.114 Z155.704 E812.86952
G1 X-9.186 Y-21.091 Z155.707 E813.0664
G1 X-8.652 Y-21.01 Z155.711 E813.3204
G1 X-7.95 Y-20.85 Z155.717 E813.659
G1 X-6.12 Y-20.274 Z155.732 E814.56123
G1 X-4.698 Y-19.747 Z155.743 E815.27441
G1 X-3.256 Y-19.187 Z155.755 E816.0019
G1 X2.846 Y-16.774 Z155.806 E819.08776
G1 X4.588 Y-16.089 Z155.82 E819.96804
G1 X10.66 Y-13.661 Z155.871 E823.0434
G1 X12.375 Y-12.98 Z155.885 E823.91119
G1 X13.845 Y-12.37 Z155.897 E824.65965
G1 X15.231 Y-11.762 Z155.909 E825.37141
G1 X16.54 Y-11.086 Z155.92 E826.06425
G1 X17.25 Y-10.627 Z155.926 E826.46184
G1 X17.94 Y-10.026 Z155.933 E826.89217
G1 X18.312 Y-9.505 Z155.938 E827.19323
G1 X18.402 Y-9.276 Z155.94 E827.30894
G1 X18.534 Y-8.815 Z155.944 E827.53445
G1 X18.557 Y-8.084 Z155.95 E827.87839
G1 X18.502 Y-7.605 Z155.953 E828.10514
G1 X18.337 Y-6.771 Z155.96 E828.50495
G1 X17.996 Y-5.599 Z155.969 E829.07897
G1 X17.507 Y-4.2 Z155.981 E829.77592
G1 X17.135 Y-3.211 Z155.989 E830.27284
G1 X16.544 Y-1.696 Z156.001 E831.0376
G1 X14.014 Y4.61 Z156.054 E834.23295
G1 X13.31 Y6.397 Z156.068 E835.1362
G1 X10.752 Y12.692 Z156.121 E838.33169
G1 X10.034 Y14.498 Z156.136 E839.24567
G1 X9.417 Y15.977 Z156.148 E839.9993
G1 X8.578 Y17.892 Z156.164 E840.98253
G1 X7.76 Y19.415 Z156.177 E841.79553
G1 X7.263 Y20.125 Z156.184 E842.2031
G1 X6.933 Y20.494 Z156.188 E842.43591
G1 X6.432 Y20.898 Z156.193 E842.73858
G1 X5.911 Y21.127 Z156.197 E843.00622
G1 X5.357 Y21.21 Z156.201 E843.26966
G1 X4.94 Y21.211 Z156.205 E843.46577
G1 X4.394 Y21.146 Z156.209 E843.72435
G1 X3.681 Y20.993 Z156.214 E844.06729
G1 X1.853 Y20.425 Z156.229 E844.9675
G1 X0.428 Y19.882 Z156.241 E845.68465
G1 X-1.013 Y19.308 Z156.253 E846.41411
G1 X-7.081 Y16.812 Z156.303 E849.49974
G1 X-8.82 Y16.117 Z156.318 E850.38045
G1 X-14.858 Y13.604 Z156.368 E853.4561
G1 X-16.574 Y12.911 Z156.382 E854.32642
G1 X-18.033 Y12.29 Z156.394 E855.07212
G1 X-18.971 Y11.876 Z156.402 E855.5543
G1 X-20.529 Y11.126 Z156.416 E856.36747
G1 X-21.434 Y10.583 Z156.424 E856.8638
G1 X-22.162 Y10.024 Z156.431 E857.29545
G1 X-22.604 Y9.532 Z156.436 E857.60648
G1 X-22.883 Y8.987 Z156.441 E857.89442
G1 X-22.955 Y8.704 Z156.443 E858.03174
G1 X-23 Y8.057 Z156.448 E858.33675
G1 X-22.961 Y7.579 Z156.452 E858.56229
G1 X-22.739 Y6.494 Z156.46 E859.08311
G1 X-22.447 Y5.517 Z156.468 E859.56265
G1 X-21.955 Y4.141 Z156.479 E860.24988
G1 X-21.563 Y3.133 Z156.487 E860.7585
G1 X-20.951 Y1.62 Z156.5 E861.52604
;TIME_ELAPSED:836.102224
;LAYER:156
;note -- min layer time used
;TYPE:WALL-OUTER
;MESH:twised-square.stl
G1 F1562.8 X-19.449 Y-1.977 Z156.53 E863.35918
G1 X-17.446 Y-6.825 Z156.57 E865.82601
G1 X-16.098 Y-10.01 Z156.597 E867.45248
G1 X-14.073 Y-14.852 Z156.637 E869.92068
G1 X-13.424 Y-16.344 Z156.65 E870.68584
G1 X-12.976 Y-17.349 Z156.658 E871.2033
G1 X-12.303 Y-18.682 Z156.669 E871.90555
G1 X-11.794 Y-19.558 Z156.677 E872.382
G1 X-11.092 Y-20.472 Z156.686 E872.92399
G1 X-10.687 Y-20.841 Z156.69 E873.18165
G1 X-10.045 Y-21.17 Z156.696 E873.52091
G1 X-9.586 Y-21.283 Z156.699 E873.74321
G1 X-9.062 Y-21.294 Z156.704 E873.98969
G1 X-8.645 Y-21.254 Z156.707 E874.1867
G1 X-8.123 Y-21.156 Z156.711 E874.43647
G1 X-6.975 Y-20.829 Z156.72 E874.99782
G1 X-5.635 Y-20.375 Z156.731 E875.66318
G1 X-4.175 Y-19.796 Z156.743 E876.40181
G1 X-2.719 Y-19.194 Z156.755 E877.14275
G1 X0.355 Y-17.886 Z156.781 E878.71381
G1 X5.066 Y-15.914 Z156.82 E881.11556
G1 X8.138 Y-14.591 Z156.846 E882.68853
G1 X12.843 Y-12.598 Z156.885 E885.09151
G1 X14.285 Y-11.961 Z156.897 E885.83287
G1 X15.214 Y-11.537 Z156.905 E886.31311
G1 X16.516 Y-10.87 Z156.916 E887.00109
G1 X17.361 Y-10.353 Z156.924 E887.46695
G1 X17.956 Y-9.909 Z156.929 E887.81608
G1 X18.364 Y-9.513 Z156.934 E888.08347
G1 X18.762 Y-8.877 Z156.939 E888.43631
G1 X18.893 Y-8.41 Z156.943 E888.6644
G1 X18.947 Y-7.785 Z156.948 E888.95942
G1 X18.913 Y-7.358 Z156.951 E889.16087
G1 X18.735 Y-6.431 Z156.958 E889.60478
G1 X18.49 Y-5.594 Z156.965 E890.01492
G1 X17.999 Y-4.202 Z156.976 E890.70907
G1 X17.408 Y-2.722 Z156.989 E891.45853
G1 X16.787 Y-1.229 Z157.001 E892.21897
G1 X15.414 Y1.945 Z157.028 E893.8453
G1 X13.375 Y6.776 Z157.068 E896.31128
G1 X11.987 Y9.945 Z157.095 E897.93827
G1 X9.925 Y14.773 Z157.135 E900.40718
G1 X9.265 Y16.259 Z157.147 E901.17184
G1 X8.393 Y18.14 Z157.163 E902.14686
G1 X7.537 Y19.645 Z157.177 E902.96111
G1 X7.02 Y20.344 Z157.183 E903.36997
G1 X6.659 Y20.726 Z157.187 E903.61715
G1 X6.072 Y21.148 Z157.193 E903.95714
G1 X5.617 Y21.314 Z157.197 E904.18491
G1 X5.082 Y21.386 Z157.201 E904.43878
G1 X4.67 Y21.372 Z157.204 E904.63264
G1 X4.131 Y21.296 Z157.208 E904.88863
G1 X2.961 Y20.988 Z157.217 E905.4576
G1 X1.614 Y20.525 Z157.228 E906.12744
G1 X0.158 Y19.93 Z157.24 E906.86713
G1 X-1.293 Y19.314 Z157.252 E907.60845
G1 X-4.347 Y17.96 Z157.278 E909.1795
G1 X-9.04 Y15.94 Z157.317 E911.58228
G1 X-12.091 Y14.57 Z157.343 E913.15511
G1 X-16.776 Y12.531 Z157.382 E915.55798
G1 X-18.212 Y11.88 Z157.394 E916.29946
G1 X-19.13 Y11.449 Z157.402 E916.77639
G1 X-20.431 Y10.79 Z157.413 E917.46223
G1 X-21.28 Y10.296 Z157.421 E917.92417
G1 X-21.882 Y9.88 Z157.426 E918.26829
G1 X-22.317 Y9.51 Z157.431 E918.53686
G1 X-22.811 Y8.908 Z157.437 E918.90308
G1 X-23.023 Y8.428 Z157.441 E919.14985
G1 X-23.085 Y8.165 Z157.443 E919.27693
G1 X-23.118 Y7.518 Z157.448 E919.58159
G1 X-23.067 Y7.034 Z157.452 E919.81047
G1 X-22.895 Y6.186 Z157.458 E920.21738
G1 X-22.511 Y5.004 Z157.468 E920.80185
G1 X-21.98 Y3.616 Z157.479 E921.50073
G1 X-21.572 Y2.639 Z157.487 E921.99865
G1 X-20.922 Y1.128 Z157.5 E922.7722
;TIME_ELAPSED:841.108821
;LAYER:157
;note -- min layer time used
;TYPE:WALL-OUTER
;MESH:twised-square.stl
G1 F1565.1 X-13.676 Y-15.168 Z157.637 E931.1593
G1 X-12.997 Y-16.635 Z157.649 E931.91951
G1 X-12.316 Y-18.024 Z157.661 E932.64701
G1 X-11.836 Y-18.923 Z157.669 E933.12628
G1 X-11.284 Y-19.804 Z157.677 E933.6152
G1 X-10.807 Y-20.451 Z157.683 E933.99322
G1 X-10.373 Y-20.873 Z157.688 E934.2779
G1 X-9.982 Y-21.167 Z157.691 E934.50796
G1 X-9.652 Y-21.319 Z157.694 E934.67882
G1 X-9.066 Y-21.452 Z157.699 E934.96142
G1 X-8.547 Y-21.454 Z157.703 E935.20549
G1 X-7.868 Y-21.351 Z157.708 E935.52846
G1 X-6.862 Y-21.093 Z157.716 E936.01687
G1 X-5.947 Y-20.773 Z157.723 E936.47273
G1 X-4.589 Y-20.232 Z157.735 E937.16019
G1 X-3.646 Y-19.831 Z157.742 E937.64209
G1 X-2.212 Y-19.199 Z157.754 E938.37905
G1 X13.293 Y-12.207 Z157.885 E946.37783
G1 X14.729 Y-11.534 Z157.897 E947.12364
G1 X16.503 Y-10.644 Z157.912 E948.05701
G1 X17.772 Y-9.863 Z157.924 E948.75776
G1 X18.37 Y-9.388 Z157.93 E949.11691
G1 X18.754 Y-8.988 Z157.934 E949.37767
G1 X19.005 Y-8.626 Z157.937 E949.58483
G1 X19.154 Y-8.328 Z157.94 E949.74152
G1 X19.301 Y-7.776 Z157.944 E950.01016
G1 X19.316 Y-7.251 Z157.948 E950.25715
G1 X19.216 Y-6.523 Z157.954 E950.60273
G1 X18.955 Y-5.504 Z157.962 E951.09741
G1 X18.621 Y-4.546 Z157.97 E951.57454
G1 X18.074 Y-3.175 Z157.981 E952.26871
G1 X17.656 Y-2.204 Z157.989 E952.76586
G1 X17.008 Y-.742 Z158.001 E953.51792
G1 X9.79 Y15.085 Z158.135 E961.6985
G1 X9.1 Y16.547 Z158.147 E962.45877
G1 X8.631 Y17.513 Z158.155 E962.96377
G1 X7.941 Y18.817 Z158.167 E963.65758
G1 X7.416 Y19.697 Z158.174 E964.13947
G1 X6.983 Y20.303 Z158.18 E964.48973
G1 X6.388 Y20.937 Z158.187 E964.89863
G1 X6.102 Y21.169 Z158.19 E965.07182
G1 X5.614 Y21.418 Z158.194 E965.32946
G1 X5.369 Y21.485 Z158.196 E965.44891
G1 X4.826 Y21.546 Z158.2 E965.70587
G1 X4.124 Y21.486 Z158.205 E966.03721
G1 X3.104 Y21.237 Z158.213 E966.53098
G1 X2.191 Y20.925 Z158.221 E966.98472
G1 X0.827 Y20.377 Z158.232 E967.67602
G1 X-.116 Y19.966 Z158.24 E968.15978
G1 X-1.544 Y19.32 Z158.252 E968.89686
G1 X-16.964 Y12.141 Z158.382 E976.89592
G1 X-18.393 Y11.455 Z158.395 E977.64138
G1 X-19.297 Y11.004 Z158.402 E978.11648
G1 X-20.583 Y10.315 Z158.413 E978.80258
G1 X-21.416 Y9.805 Z158.421 E979.26192
G1 X-22.276 Y9.151 Z158.429 E979.77002
G1 X-22.6 Y8.831 Z158.433 E979.98418
G1 X-22.949 Y8.346 Z158.437 E980.26517
G1 X-23.143 Y7.879 Z158.441 E980.50299
G1 X-23.226 Y7.241 Z158.446 E980.80555
G1 X-23.153 Y6.481 Z158.452 E981.16461
G1 X-22.891 Y5.434 Z158.46 E981.67217
G1 X-22.555 Y4.47 Z158.468 E982.15227
G1 X-21.998 Y3.114 Z158.479 E982.84167
G1 X-21.559 Y2.12 Z158.488 E983.35269
G1 X-20.89 Y0.659 Z158.5 E984.10837
;TIME_ELAPSED:846.115428
;LAYER:158
;note -- min layer time used
;TYPE:WALL-OUTER
;MESH:twised-square.stl
G1 F1567.6 X-18.36 Y-4.727 Z158.546 E986.90682
G1 X-17.006 Y-7.603 Z158.57 E988.40173
G1 X-14.652 Y-12.568 Z158.612 E990.9858
G1 X-13.288 Y-15.438 Z158.636 E992.48017
G1 X-12.575 Y-16.894 Z158.649 E993.24259
G1 X-12.099 Y-17.837 Z158.657 E993.73935
G1 X-11.354 Y-19.164 Z158.668 E994.45503
G1 X-10.793 Y-20.031 Z158.676 E994.94067
G1 X-10.321 Y-20.633 Z158.682 E995.30043
G1 X-9.649 Y-21.241 Z158.689 E995.72661
G1 X-9.304 Y-21.412 Z158.692 E995.90769
G1 X-8.777 Y-21.573 Z158.696 E996.16683
G1 X-8.185 Y-21.604 Z158.701 E996.44562
G1 X-7.809 Y-21.581 Z158.704 E996.62277
G1 X-7.32 Y-21.476 Z158.708 E996.85798
G1 X-6.544 Y-21.272 Z158.714 E997.23532
G1 X-4.968 Y-20.677 Z158.727 E998.02754
G1 X-3.14 Y-19.867 Z158.742 E998.96782
G1 X-1.697 Y-19.193 Z158.754 E999.7168
G1 X3.185 Y-16.861 Z158.795 E1002.26118
G1 X6.021 Y-15.515 Z158.82 E1003.73748
G1 X10.876 Y-13.174 Z158.861 E1006.27224
G1 X13.687 Y-11.828 Z158.885 E1007.73793
G1 X15.131 Y-11.11 Z158.897 E1008.49632
G1 X16.465 Y-10.425 Z158.908 E1009.20155
G1 X17.622 Y-9.733 Z158.919 E1009.83556
G1 X18.474 Y-9.115 Z158.927 E1010.33054
G1 X18.97 Y-8.659 Z158.932 E1010.64739
G1 X19.276 Y-8.271 Z158.936 E1010.87978
G1 X19.575 Y-7.637 Z158.941 E1011.20943
G1 X19.67 Y-7.054 Z158.946 E1011.48722
G1 X19.66 Y-6.688 Z158.948 E1011.6594
G1 X19.614 Y-6.284 Z158.952 E1011.85062
G1 X19.394 Y-5.353 Z158.959 E1012.30051
G1 X19.053 Y-4.356 Z158.967 E1012.79604
G1 X18.536 Y-3.106 Z158.977 E1013.43219
G1 X17.915 Y-1.736 Z158.989 E1014.13957
G1 X17.467 Y-.787 Z158.997 E1014.63309
G1 X17.223 Y-.264 Z159.001 E1014.90449
G1 X14.827 Y4.682 Z159.043 E1017.48904
G1 X13.459 Y7.549 Z159.068 E1018.98295
G1 X11.042 Y12.488 Z159.11 E1021.56887
G1 X9.666 Y15.35 Z159.134 E1023.06228
G1 X8.94 Y16.8 Z159.146 E1023.82488
G1 X7.996 Y18.609 Z159.162 E1024.78448
G1 X7.181 Y19.91 Z159.174 E1025.50645
G1 X6.721 Y20.519 Z159.18 E1025.86536
G1 X6.327 Y20.957 Z159.184 E1026.14242
G1 X5.975 Y21.252 Z159.188 E1026.35841
G1 X5.655 Y21.457 Z159.191 E1026.53713
G1 X5.075 Y21.655 Z159.195 E1026.82534
G1 X4.739 Y21.697 Z159.198 E1026.98459
G1 X4.338 Y21.687 Z159.201 E1027.17323
G1 X3.845 Y21.618 Z159.205 E1027.40733
G1 X3.049 Y21.428 Z159.211 E1027.79219
G1 X1.443 Y20.832 Z159.224 E1028.59779
G1 X-.363 Y20.004 Z159.239 E1029.53212
G1 X-1.8 Y19.313 Z159.252 E1030.28198
G1 X-6.648 Y16.911 Z159.293 E1032.82638
G1 X-9.474 Y15.544 Z159.317 E1034.3027
G1 X-14.295 Y13.129 Z159.358 E1036.83847
G1 X-17.117 Y11.751 Z159.382 E1038.31536
G1 X-18.532 Y11.031 Z159.395 E1039.062
G1 X-19.43 Y10.559 Z159.402 E1039.53909
G1 X-20.983 Y9.679 Z159.416 E1040.37853
G1 X-21.871 Y9.062 Z159.424 E1040.88705
G1 X-22.387 Y8.634 Z159.429 E1041.20232
G1 X-22.735 Y8.272 Z159.433 E1041.43847
G1 X-22.971 Y7.953 Z159.436 E1041.62508
G1 X-23.132 Y7.65 Z159.439 E1041.78644
G1 X-23.292 Y7.064 Z159.444 E1042.07212
G1 X-23.297 Y6.424 Z159.448 E1042.3731
G1 X-23.227 Y5.939 Z159.452 E1042.60355
G1 X-23.068 Y5.299 Z159.457 E1042.91367
G1 X-22.58 Y3.933 Z159.468 E1043.59584
G1 X-22.003 Y2.612 Z159.479 E1044.27375
G1 X-21.538 Y1.619 Z159.488 E1044.7894
G1 X-20.838 Y0.18 Z159.5 E1045.54195
;TIME_ELAPSED:851.122044
;LAYER:159
;note -- min layer time used
;TYPE:WALL-OUTER
;MESH:twised-square.stl
G1 F1569.6 X-19.656 Y-2.174 Z159.52 E1046.78071
G1 X-16.764 Y-8.001 Z159.57 E1049.83996
G1 X-15.789 Y-9.919 Z159.586 E1050.8518
G1 X-12.881 Y-15.721 Z159.636 E1053.90389
G1 X-12.135 Y-17.159 Z159.648 E1054.66573
G1 X-11.401 Y-18.494 Z159.66 E1055.38219
G1 X-10.683 Y-19.682 Z159.671 E1056.03499
G1 X-10.009 Y-20.587 Z159.679 E1056.56565
G1 X-9.567 Y-21.065 Z159.684 E1056.87182
G1 X-9.111 Y-21.408 Z159.689 E1057.14016
G1 X-8.442 Y-21.688 Z159.694 E1057.48122
G1 X-7.945 Y-21.763 Z159.698 E1057.7176
G1 X-7.267 Y-21.715 Z159.703 E1058.03724
G1 X-6.47 Y-21.534 Z159.709 E1058.4216
G1 X-5.348 Y-21.128 Z159.719 E1058.98273
G1 X-4.016 Y-20.554 Z159.73 E1059.66483
G1 X-2.594 Y-19.873 Z159.742 E1060.4063
G1 X-1.186 Y-19.175 Z159.754 E1061.14535
G1 X0.736 Y-18.192 Z159.77 E1062.16058
G1 X6.48 Y-15.308 Z159.819 E1065.18322
G1 X8.378 Y-14.326 Z159.836 E1066.1882
G1 X14.1 Y-11.424 Z159.885 E1069.20542
G1 X15.533 Y-10.671 Z159.897 E1069.96671
G1 X16.838 Y-9.952 Z159.908 E1070.6674
G1 X17.712 Y-9.419 Z159.916 E1071.14882
G1 X18.546 Y-8.835 Z159.924 E1071.62763
G1 X19.112 Y-8.354 Z159.93 E1071.97695
G1 X19.498 Y-7.909 Z159.934 E1072.25398
G1 X19.743 Y-7.545 Z159.938 E1072.46033
G1 X19.968 Y-6.942 Z159.943 E1072.763
G1 X20.014 Y-6.319 Z159.947 E1073.05678
G1 X19.971 Y-5.934 Z159.95 E1073.23896
G1 X19.878 Y-5.451 Z159.954 E1073.47028
G1 X19.566 Y-4.417 Z159.962 E1073.9782
G1 X19.203 Y-3.505 Z159.97 E1074.43982
G1 X18.607 Y-2.189 Z159.981 E1075.11922
G1 X18.135 Y-1.216 Z159.989 E1075.62779
G1 X17.957 Y-.867 Z159.992 E1075.81203
G1 X17.407 Y0.245 Z160.002 E1076.39545
G1 X16.421 Y2.144 Z160.018 E1077.40172
G1 X13.492 Y7.925 Z160.067 E1080.44942
G1 X12.481 Y9.852 Z160.084 E1081.4728
G1 X9.523 Y15.629 Z160.134 E1084.52503
G1 X8.767 Y17.058 Z160.146 E1085.2853
G1 X7.78 Y18.853 Z160.162 E1086.24865
G1 X6.942 Y20.117 Z160.173 E1086.96185
G1 X6.48 Y20.706 Z160.179 E1087.31389
G1 X5.864 Y21.312 Z160.186 E1087.72026
G1 X5.258 Y21.674 Z160.191 E1088.05223
G1 X4.761 Y21.817 Z160.195 E1088.29544
G1 X4.075 Y21.825 Z160.2 E1088.61807
G1 X3.26 Y21.67 Z160.207 E1089.00822
G1 X2.113 Y21.282 Z160.216 E1089.57765
G1 X0.77 Y20.708 Z160.227 E1090.2645
G1 X-.651 Y20.009 Z160.239 E1091.00924
G1 X-2.058 Y19.294 Z160.251 E1091.75146
G1 X-3.96 Y18.286 Z160.268 E1092.76378
G1 X-9.671 Y15.336 Z160.317 E1095.78668
G1 X-11.555 Y14.327 Z160.333 E1096.79174
G1 X-17.259 Y11.352 Z160.382 E1099.81714
G1 X-18.67 Y10.593 Z160.395 E1100.57062
G1 X-19.951 Y9.879 Z160.406 E1101.2603
G1 X-20.836 Y9.34 Z160.414 E1101.74761
G1 X-21.666 Y8.778 Z160.421 E1102.219
G1 X-22.255 Y8.313 Z160.427 E1102.57191
G1 X-22.675 Y7.908 Z160.432 E1102.8463
G1 X-23.136 Y7.266 Z160.438 E1103.21799
G1 X-23.324 Y6.765 Z160.442 E1103.46964
G1 X-23.381 Y6.109 Z160.447 E1103.77931
G1 X-23.331 Y5.644 Z160.45 E1103.99925
G1 X-23.207 Y5.082 Z160.455 E1104.2699
G1 X-22.973 Y4.35 Z160.461 E1104.63131
G1 X-22.416 Y2.962 Z160.472 E1105.33465
G1 X-21.508 Y1.129 Z160.488 E1106.29664
G1 X-20.773 Y-.302 Z160.5 E1107.05318
;TIME_ELAPSED:856.128122
;LAYER:160
;TYPE:WALL-OUTER
;MESH:twised-square.stl
G1 F1573.7 X-17.051 Y-7.368 Z160.533 E1110.8089
G1 X-16.518 Y-8.374 Z160.537 E1111.34429
G1 X-12.998 Y-14.997 Z160.568 E1114.87144
G1 X-12.466 Y-15.996 Z160.572 E1115.4037
G1 X-11.688 Y-17.413 Z160.579 E1116.1639
G1 X-10.929 Y-18.735 Z160.585 E1116.88077
G1 X-10.17 Y-19.909 Z160.591 E1117.5382
G1 X-9.51 Y-20.763 Z160.595 E1118.04577
G1 X-9.045 Y-21.242 Z160.598 E1118.35971
G1 X-8.354 Y-21.698 Z160.601 E1118.74904
G1 X-8.031 Y-21.817 Z160.603 E1118.91092
G1 X-7.446 Y-21.89 Z160.605 E1119.18816
G1 X-6.893 Y-21.851 Z160.608 E1119.44887
G1 X-6.47 Y-21.779 Z160.609 E1119.65065
G1 X-5.944 Y-21.62 Z160.612 E1119.90907
G1 X-5.245 Y-21.383 Z160.615 E1120.25616
G1 X-3.87 Y-20.791 Z160.621 E1120.96017
G1 X-2.081 Y-19.883 Z160.629 E1121.90363
G1 X-.658 Y-19.135 Z160.635 E1122.65964
G1 X5.935 Y-15.619 Z160.666 E1126.17346
G1 X6.951 Y-15.077 Z160.671 E1126.71499
G1 X13.51 Y-11.543 Z160.701 E1130.21871
G1 X14.512 Y-11.006 Z160.706 E1130.75332
G1 X15.905 Y-10.233 Z160.712 E1131.5025
G1 X17.228 Y-9.463 Z160.718 E1132.22237
G1 X18.082 Y-8.911 Z160.723 E1132.70057
G1 X19.074 Y-8.184 Z160.728 E1133.27894
G1 X19.683 Y-7.586 Z160.731 E1133.68032
G1 X19.982 Y-7.163 Z160.733 E1133.92392
G1 X20.163 Y-6.82 Z160.735 E1134.10631
G1 X20.325 Y-6.231 Z160.737 E1134.39358
G1 X20.317 Y-5.566 Z160.74 E1134.70633
G1 X20.248 Y-5.168 Z160.742 E1134.89629
G1 X19.992 Y-4.256 Z160.745 E1135.34175
G1 X19.68 Y-3.461 Z160.749 E1135.74337
G1 X19.067 Y-2.115 Z160.755 E1136.43891
G1 X18.344 Y-.705 Z160.761 E1137.18407
G1 X17.599 Y0.711 Z160.768 E1137.93652
G1 X14.034 Y7.313 Z160.799 E1141.46496
G1 X13.489 Y8.334 Z160.803 E1142.00922
G1 X9.907 Y14.902 Z160.834 E1145.52742
G1 X9.372 Y15.9 Z160.838 E1146.05993
G1 X8.588 Y17.306 Z160.845 E1146.81697
G1 X7.817 Y18.645 Z160.851 E1147.54359
G1 X7.084 Y19.784 Z160.857 E1148.18056
G1 X6.444 Y20.638 Z160.861 E1148.68242
G1 X6.008 Y21.113 Z160.864 E1148.98564
G1 X5.41 Y21.604 Z160.867 E1149.34951
G1 X5.106 Y21.776 Z160.868 E1149.51376
G1 X4.534 Y21.944 Z160.871 E1149.79412
G1 X3.958 Y21.965 Z160.873 E1150.06517
G1 X3.531 Y21.906 Z160.875 E1150.26788
G1 X2.98 Y21.773 Z160.877 E1150.53444
G1 X2.264 Y21.529 Z160.88 E1150.89017
G1 X0.884 Y20.946 Z160.886 E1151.59468
G1 X-.92 Y20.011 Z160.895 E1152.55022
G1 X-2.335 Y19.251 Z160.901 E1153.30555
G1 X-8.866 Y15.653 Z160.932 E1156.81211
G1 X-9.879 Y15.107 Z160.936 E1157.35328
G1 X-16.393 Y11.484 Z160.967 E1160.85854
G1 X-17.394 Y10.942 Z160.971 E1161.39385
G1 X-18.793 Y10.147 Z160.978 E1162.15057
G1 X-20.532 Y9.123 Z160.986 E1163.09961
G1 X-21.941 Y8.129 Z160.993 E1163.91051
G1 X-22.567 Y7.56 Z160.997 E1164.30833
G1 X-22.91 Y7.175 Z160.999 E1164.55082
G1 X-23.125 Y6.859 Z161 E1164.73055
G1 X-23.349 Y6.347 Z161.003 E1164.99337
G1 X-23.437 Y5.73 Z161.005 E1165.28646
G1 X-23.411 Y5.325 Z161.007 E1165.47731
G1 X-23.315 Y4.817 Z161.009 E1165.72043
G1 X-23.078 Y4.01 Z161.012 E1166.11597
G1 X-22.592 Y2.872 Z161.018 E1166.69789
G1 X-21.936 Y1.536 Z161.024 E1167.39782
G1 X-21.445 Y0.603 Z161.028 E1167.89363
G1 X-20.681 Y-.803 Z161.034 E1168.64614
G1 X-17.026 Y-7.356 Z161.5 E1171.82797
G1 X-16.485 Y-8.357 E1172.30955
G1 X-12.822 Y-14.906 E1175.309
G1 X-12.284 Y-15.899 E1175.76044
G1 X-11.488 Y-17.302 E1176.40522
G1 X-10.723 Y-18.611 E1176.97562
G1 X-9.979 Y-19.773 E1177.4947
G1 X-9.341 Y-20.62 E1177.89364
G1 X-8.911 Y-21.103 E1178.13692
G1 X-8.325 Y-21.606 E1178.42746
G1 X-8.022 Y-21.791 E1178.56102
G1 X-7.448 Y-21.982 E1178.78861
G1 X-6.863 Y-22.011 E1179.00896
G1 X-6.436 Y-21.959 E1179.16068
G1 X-5.874 Y-21.825 E1179.36445
G1 X-5.159 Y-21.58 E1179.63102
G1 X-3.771 Y-20.988 E1180.16324
G1 X-1.995 Y-20.049 E1180.87179
G1 X-.58 Y-19.278 E1181.44013
G1 X5.945 Y-15.637 E1183.72415
G1 X6.958 Y-15.09 E1184.07605
G1 X13.463 Y-11.452 E1186.17903
G1 X14.462 Y-10.911 E1186.49959
G1 X15.845 Y-10.125 E1186.94843
G1 X17.162 Y-9.354 E1187.34314
G1 X18.013 Y-8.808 E1187.60466
G1 X19.006 Y-8.112 E1187.9183
G1 X19.638 Y-7.547 E1188.13756
G1 X19.985 Y-7.164 E1188.27123
G1 X20.218 Y-6.83 E1188.37656
G1 X20.47 Y-6.225 E1188.54608
G1 X20.524 Y-5.532 E1188.72586
G1 X20.47 Y-5.102 E1188.83795
G1 X20.218 Y-4.165 E1189.0661
G1 X19.908 Y-3.369 E1189.26696
G1 X19.282 Y-2.015 E1189.6177
G1 X18.535 Y-.602 E1189.99352
G1 X17.769 Y0.803 E1190.36978
G1 X14.113 Y7.354 E1191.78098
G1 X13.562 Y8.374 E1191.99905
G1 X9.909 Y14.904 E1193.23058
G1 X9.37 Y15.899 E1193.41684
G1 X8.576 Y17.3 E1193.68189
G1 X7.795 Y18.633 E1193.89985
G1 X7.066 Y19.772 E1194.09063
G1 X6.425 Y20.623 E1194.24094
G1 X5.997 Y21.103 E1194.33167
G1 X5.411 Y21.606 E1194.44062
G1 X5.11 Y21.789 E1194.49032
G1 X4.535 Y21.982 E1194.57589
G1 X3.949 Y22.011 E1194.65866
G1 X3.521 Y21.959 E1194.71949
G1 X2.962 Y21.826 E1194.78704
G1 X2.246 Y21.58 E1194.87605
G1 X0.864 Y20.991 E1195.05266
G1 X-.935 Y20.04 E1195.2919
G1 X-2.346 Y19.271 E1195.48082
G1 X-8.858 Y15.637
G1 X-9.87 Y15.09
G1 X-16.376 Y11.452
;TIME_ELAPSED:865.628578
G1 F1500 E1188.98082
M140 S0
M107
M104 S0
M140 S0
;Retract the filament
G92 E1
G1 E-1 F300
G28 X0 Y0
M84
M82 ;absolute extrusion mode
M104 S0
;End of Gcode
;SETTING_3 {"global_quality": "[general]\\nversion = 4\\nname = CuraProfile_3mm_
;SETTING_3 2laybase_40sec\\ndefinition = custom\\n\\n[metadata]\\ntype = quality
;SETTING_3 _changes\\nquality_type = extra coarse\\nsetting_version = 25\\n\\n[v
;SETTING_3 alues]\\nadhesion_type = none\\njerk_enabled = False\\nlayer_height =
;SETTING_3  1\\nlayer_height_0 = 0.5\\nmagic_spiralize = True\\n\\n", "extruder_
;SETTING_3 quality": ["[general]\\nversion = 4\\nname = CuraProfile_3mm_2laybase
;SETTING_3 _40sec\\ndefinition = custom\\n\\n[metadata]\\ntype = quality_changes
;SETTING_3 \\nquality_type = extra coarse\\nintent_category = default\\nposition
;SETTING_3  = 0\\nsetting_version = 25\\n\\n[values]\\nbottom_layers = 2\\nbotto
;SETTING_3 m_thickness = 1.3\\ninfill_sparse_density = 0\\nline_width = 3\\nmesh
;SETTING_3 fix_maximum_resolution = 1\\nretraction_hop = 1.0\\nretraction_hop_en
;SETTING_3 abled = True\\nspeed_layer_0 = 15.0\\nspeed_print = 40.0\\nspeed_trav
;SETTING_3 el = 30.0\\nspeed_wall = 40.0\\nspeed_wall_x = 30\\ntop_bottom_thickn
;SETTING_3 ess = 0\\ntop_layers = 0\\ntravel_avoid_other_parts = False\\nwall_li
;SETTING_3 ne_count = 3\\nwall_thickness = 3.0\\n\\n"]}
