;FLAVOR:Marlin
;TIME:387
;Filament used: 2.90005m
;Layer height: 1
;MINX:-26.396
;MINY:-26.396
;MINZ:0.5
;MAXX:26.396
;MAXY:26.396
;MAXZ:66.5
;TARGET_MACHINE.NAME:Unknown
;Generated with Cura_SteamEngine 5.11.0
M140 S60
M105
M190 S60
M104 S200
M105
M109 S200
G28 ;Home
M302 S0 ;Set cold extrusion
M92 E400 ;E Steps at 400 steps/mm M92 E-400 reverse
G1 Z15.0 F6000 ;Move the platform down 15mm
;Prime the extruder
G92 E0
G1 F200 E3
G92 E0
M82 ;absolute extrusion mode
G92 E0
G92 E0
G1 F1500 E-6.5
;LAYER_COUNT:66
;LAYER:0
M107
G1 F600 Z1.5
;MESH:funnel.stl
G0 F675 X0.00 Y0.000 Z1.5
G0 X2.651 Y20.212
;TYPE:WALL-INNER
G1 F600 Z0.5
G1 F1500 E0
G1 F900 X5.278 Y19.688 E0.62986
G1 X7.788 Y18.837 E1.25304
G1 X10.186 Y17.651 E1.88208
G1 X12.419 Y16.162 E2.51315
G1 X14.413 Y14.413 E3.13681
G1 X16.164 Y12.417 E3.76113
G1 X17.651 Y10.189 E4.39096
G1 X18.836 Y7.79 E5.02011
G1 X19.688 Y5.276 E5.64425
G1 X20.211 Y2.658 E6.27199
G1 X20.384 Y0.001 E6.89806
G1 X20.211 Y-2.651 E7.52296
G1 X19.688 Y-5.278 E8.15277
G1 X18.836 Y-7.79 E8.77647
G1 X17.652 Y-10.187 E9.40509
G1 X16.162 Y-12.416 E10.03551
G1 X14.416 Y-14.413 E10.65923
G1 X12.411 Y-16.167 E11.28561
G1 X10.193 Y-17.651 E11.9131
G1 X7.793 Y-18.833 E12.54214
G1 X5.284 Y-19.687 E13.16533
G1 X2.659 Y-20.208 E13.79459
G1 X-0.004 Y-20.383 E14.42209
G1 X-2.651 Y-20.211 E15.0458
G1 X-5.278 Y-19.688 E15.67562
G1 X-7.79 Y-18.836 E16.29932
G1 X-10.187 Y-17.652 E16.92794
G1 X-12.414 Y-16.164 E17.55771
G1 X-14.413 Y-14.412 E18.18271
G1 X-16.169 Y-12.408 E18.80922
G1 X-17.651 Y-10.191 E19.43625
G1 X-18.835 Y-7.792 E20.06529
G1 X-19.688 Y-5.276 E20.68996
G1 X-20.212 Y-2.658 E21.31774
G1 X-20.384 Y-0.001 E21.9438
G1 X-20.212 Y2.651 E22.56868
G1 X-19.688 Y5.276 E23.19808
G1 X-18.835 Y7.788 E23.82185
G1 X-17.65 Y10.193 E24.45226
G1 X-16.169 Y12.408 E25.07877
G1 X-14.411 Y14.414 E25.70594
G1 X-12.417 Y16.164 E26.32976
G1 X-10.189 Y17.651 E26.95959
G1 X-7.79 Y18.836 E27.58874
G1 X-5.276 Y19.688 E28.21288
G1 X-2.658 Y20.212 E28.84067
G1 X-0.001 Y20.384 E29.46672
G1 X2.651 Y20.212 E30.0916
G0 F675 X2.836 Y21.594
G0 X3.043 Y23.192
G1 F900 X6.056 Y22.592 E30.81396
G1 X8.94 Y21.614 E31.53001
G1 X11.689 Y20.254 E32.25117
G1 X14.248 Y18.548 E32.97432
G1 X16.539 Y16.539 E33.69079
G1 X18.549 Y14.247 E34.40759
G1 X20.254 Y11.693 E35.12964
G1 X21.613 Y8.941 E35.85132
G1 X22.592 Y6.055 E36.56789
G1 X23.192 Y3.051 E37.28818
G1 X23.39 Y0.001 E38.00684
G1 X23.192 Y-3.043 E38.7241
G1 X22.592 Y-6.056 E39.44646
G1 X21.613 Y-8.941 E40.16281
G1 X20.255 Y-11.691 E40.88397
G1 X18.548 Y-14.245 E41.60628
G1 X16.542 Y-16.539 E42.32281
G1 X14.24 Y-18.553 E43.042
G1 X11.696 Y-20.254 E43.76157
G1 X8.944 Y-21.61 E44.48294
G1 X6.063 Y-22.591 E45.19855
G1 X3.051 Y-23.188 E45.92054
G1 X-0.003 Y-23.39 E46.64021
G1 X-3.043 Y-23.192 E47.35652
G1 X-6.056 Y-22.592 E48.07889
G1 X-8.941 Y-21.613 E48.79523
G1 X-11.691 Y-20.255 E49.51639
G1 X-14.243 Y-18.549 E50.23818
G1 X-16.539 Y-16.538 E50.95584
G1 X-18.554 Y-14.238 E51.67483
G1 X-20.255 Y-11.695 E52.39421
G1 X-21.613 Y-8.942 E53.116
G1 X-22.592 Y-6.055 E53.83279
G1 X-23.192 Y-3.051 E54.55308
G1 X-23.39 Y-0.001 E55.27174
G1 X-23.192 Y3.043 E55.98899
G1 X-22.592 Y6.055 E56.71113
G1 X-21.613 Y8.938 E57.42703
G1 X-20.254 Y11.696 E58.14998
G1 X-18.554 Y14.238 E58.86903
G1 X-16.538 Y16.54 E59.58852
G1 X-14.247 Y18.549 E60.30499
G1 X-11.692 Y20.254 E61.02724
G1 X-8.941 Y21.613 E61.74871
G1 X-6.055 Y22.592 E62.46528
G1 X-3.051 Y23.192 E63.18557
G1 X-0.001 Y23.39 E63.90423
G1 X3.043 Y23.192 E64.62148
G0 F675 X2.837 Y21.593
G0 X-0.001 Y21.779
G0 X-0.001 Y26.396
;TYPE:WALL-OUTER
G1 F900 X3.435 Y26.173 E65.4311
G1 X6.834 Y25.496 E66.24601
G1 X10.092 Y24.391 E67.05493
G1 X13.192 Y22.858 E67.8681
G1 X16.077 Y20.934 E68.68346
G1 X18.665 Y18.665 E69.49275
G1 X20.935 Y16.077 E70.30218
G1 X22.858 Y13.196 E71.11664
G1 X24.391 Y10.092 E71.93065
G1 X25.496 Y6.834 E72.73957
G1 X26.173 Y3.443 E73.55264
G1 X26.396 Y0.001 E74.36366
G1 X26.173 Y-3.435 E75.17327
G1 X25.496 Y-6.834 E75.98818
G1 X24.391 Y-10.092 E76.7971
G1 X22.858 Y-13.195 E77.6109
G1 X20.934 Y-16.073 E78.4249
G1 X18.668 Y-18.665 E79.23443
G1 X16.069 Y-20.939 E80.04643
G1 X13.2 Y-22.858 E80.85802
G1 X10.096 Y-24.387 E81.67161
G1 X6.842 Y-25.495 E82.47987
G1 X3.443 Y-26.169 E83.29464
G1 X-0.001 Y-26.396 E84.10619
G1 X-3.435 Y-26.173 E84.91534
G1 X-6.834 Y-25.496 E85.73025
G1 X-10.092 Y-24.391 E86.53917
G1 X-13.195 Y-22.858 E87.35297
G1 X-16.073 Y-20.935 E88.16684
G1 X-18.665 Y-18.664 E88.97714
G1 X-20.939 Y-16.068 E89.78861
G1 X-22.858 Y-13.199 E90.60019
G1 X-24.391 Y-10.092 E91.41484
G1 X-25.496 Y-6.834 E92.22376
G1 X-26.173 Y-3.443 E93.03683
G1 X-26.396 Y-0.001 E93.84785
G1 X-26.173 Y3.435 E94.65746
G1 X-25.496 Y6.834 E95.47237
G1 X-24.391 Y10.088 E96.2804
G1 X-22.858 Y13.2 E97.0961
G1 X-20.939 Y16.068 E97.90749
G1 X-18.664 Y18.665 E98.71929
G1 X-16.077 Y20.935 E99.52855
G1 X-13.196 Y22.858 E100.34301
G1 X-10.092 Y24.391 E101.15702
G1 X-6.834 Y25.496 E101.96594
G1 X-3.443 Y26.173 E102.77901
G1 X-0.001 Y26.396 E103.59003
G0 F675 X1.495 Y26.299
G0 X1.196 Y21.701
G0 X2.271 Y17.377
;TYPE:SKIN
G1 F900 X-0.001 Y17.524 E104.12536
G1 X-2.275 Y17.377 E104.66117
G1 X-4.543 Y16.924 E105.20498
G1 X-6.688 Y16.199 E105.73737
G1 X-8.759 Y15.174 E106.28071
G1 X-10.68 Y13.891 E106.82387
G1 X-12.389 Y12.392 E107.35839
G1 X-13.895 Y10.676 E107.89523
G1 X-15.174 Y8.76 E108.43689
G1 X-16.199 Y6.684 E108.98128
G1 X-16.924 Y4.543 E109.51278
G1 X-17.377 Y2.271 E110.05752
G1 X-17.524 Y-0.001 E110.59285
G1 X-17.377 Y-2.275 E111.12866
G1 X-16.924 Y-4.543 E111.67247
G1 X-16.198 Y-6.689 E112.20516
G1 X-15.178 Y-8.756 E112.74713
G1 X-13.895 Y-10.676 E113.2901
G1 X-12.393 Y-12.389 E113.82579
G1 X-10.681 Y-13.891 E114.3613
G1 X-8.752 Y-15.178 E114.90655
G1 X-6.688 Y-16.199 E115.44799
G1 X-4.543 Y-16.924 E115.98038
G1 X-2.271 Y-17.377 E116.52512
G1 X-0.005 Y-17.524 E117.05905
G1 X2.279 Y-17.373 E117.59726
G1 X4.551 Y-16.923 E118.14186
G1 X6.692 Y-16.195 E118.67358
G1 X8.768 Y-15.174 E119.21756
G1 X10.664 Y-13.903 E119.75427
G1 X12.392 Y-12.389 E120.29447
G1 X13.891 Y-10.677 E120.82951
G1 X15.178 Y-8.751 E121.37418
G1 X16.199 Y-6.688 E121.91541
G1 X16.924 Y-4.543 E122.4478
G1 X17.377 Y-2.271 E122.99254
G1 X17.524 Y0.001 E123.52787
G1 X17.377 Y2.275 E124.06368
G1 X16.924 Y4.543 E124.60749
G1 X16.199 Y6.688 E125.13988
G1 X15.174 Y8.759 E125.68322
G1 X13.89 Y10.681 E126.22671
G1 X12.392 Y12.392 E126.76142
G1 X10.681 Y13.89 E127.29613
G1 X8.76 Y15.174 E127.83943
G1 X6.684 Y16.199 E128.38382
G1 X4.543 Y16.924 E128.91532
G1 X2.271 Y17.377 E129.46005
G0 F675 X-6.688 Y14.525
G1 F900 X-14.523 Y6.69 E132.0654
G0 F675 X-15.956 Y1.015
G1 F900 X-1.015 Y15.955 E137.03352
G0 F675 X2.978 Y15.706
G1 F900 X-15.708 Y-2.98 E143.24711
G0 F675 X-14.74 Y-6.255
G1 F900 X6.253 Y14.738 E150.22785
G0 F675 X8.98 Y13.222
G1 F900 X-13.224 Y-8.981 E157.61111
G0 F675 X-11.327 Y-11.327
G1 F900 X11.329 Y11.329 E165.14484
G0 F675 X13.223 Y8.98
G1 F900 X-8.98 Y-13.222 E172.52776
G0 F675 X-6.254 Y-14.74
G1 F900 X14.74 Y6.255 E179.509
G0 F675 X15.708 Y2.98
G1 F900 X-2.978 Y-15.706 E185.72259
G0 F675 X1.018 Y-15.953
G1 F900 X15.956 Y-1.015 E190.68988
G0 F675 X14.526 Y-6.687
G1 F900 X6.689 Y-14.525 E193.29606
G1 X6.159 Y-15.055
;MESH:NONMESH
G0 F600 X6.159 Y-15.055 Z1.5
G0 F675 X1.283 Y4.807
;TIME_ELAPSED:67.979992
;LAYER:1
M106 S255
;TYPE:WALL-INNER
;MESH:funnel.stl
G1 F1350 X1.896 Y4.599 E193.60047
G1 X2.485 Y4.309 E193.90921
G1 X3.04 Y3.937 E194.22341
G1 X3.525 Y3.513 E194.52636
G1 X3.94 Y3.04 E194.82227
G1 X4.302 Y2.497 E195.12917
G1 X4.604 Y1.885 E195.4501
G1 X4.807 Y1.29 E195.74575
G1 X4.934 Y0.648 E196.05351
G1 X4.977 Y0.004 E196.35703
G1 X4.935 Y-.644 E196.6624
G1 X4.808 Y-1.279 E196.96693
G1 X4.597 Y-1.901 E197.27581
G1 X4.305 Y-2.493 E197.58623
G1 X3.942 Y-3.036 E197.89339
G1 X3.531 Y-3.504 E198.18629
G1 X3.033 Y-3.941 E198.49786
G1 X2.477 Y-4.312 E198.81219
G1 X1.898 Y-4.598 E199.11588
G1 X1.287 Y-4.805 E199.41926
G1 X0.642 Y-4.935 E199.72868
G1 X0.00 Y-4.977 E200.03123
G1 X-.642 Y-4.935 E200.33379
G1 X-1.283 Y-4.806 E200.64127
G1 X-1.897 Y-4.599 E200.94598
G1 X-2.477 Y-4.313 E201.25009
G1 X-3.034 Y-3.94 E201.56533
G1 X-3.516 Y-3.518 E201.8666
G1 X-3.94 Y-3.033 E202.16955
G1 X-4.312 Y-2.477 E202.48414
G1 X-4.602 Y-1.89 E202.79203
G1 X-4.808 Y-1.286 E203.09214
G1 X-4.934 Y-.648 E203.39796
G1 X-4.976 Y-0.004 E203.70145
G1 X-4.935 Y0.649 E204.00914
G1 X-4.81 Y1.276 E204.3098
G1 X-4.601 Y1.89 E204.61481
G1 X-4.309 Y2.481 E204.92481
G1 X-3.941 Y3.032 E205.2364
G1 X-3.501 Y3.533 E205.54997
G1 X-3.034 Y3.943 E205.84221
G1 X-2.497 Y4.302 E206.14597
G1 X-1.885 Y4.604 E206.46691
G1 X-1.29 Y4.807 E206.76255
G1 X-.648 Y4.934 E207.07031
G1 X-0.004 Y4.977 E207.37384
G1 X0.644 Y4.934 E207.67924
G1 X1.283 Y4.807 E207.98561
G0 F1237.5 X1.036 Y7.915
G1 F1350 X2.062 Y7.71 E208.47764
G1 X3.047 Y7.377 E208.96661
G1 X3.988 Y6.913 E209.46
G1 X4.87 Y6.323 E209.95901
G1 X5.65 Y5.64 E210.44657
G1 X6.325 Y4.87 E210.92811
G1 X6.906 Y4 E211.42008
G1 X7.381 Y3.037 E211.92504
G1 X7.711 Y2.07 E212.40553
G1 X7.915 Y1.04 E212.89932
G1 X7.983 Y0.005 E213.38709
G1 X7.916 Y-1.036 E213.87765
G1 X7.711 Y-2.059 E214.36829
G1 X7.374 Y-3.052 E214.86142
G1 X6.909 Y-3.995 E215.35586
G1 X6.327 Y-4.866 E215.84849
G1 X5.655 Y-5.631 E216.32733
G1 X4.863 Y-6.326 E216.82285
G1 X3.981 Y-6.915 E217.3216
G1 X3.05 Y-7.374 E217.80974
G1 X2.068 Y-7.708 E218.29752
G1 X1.035 Y-7.916 E218.79305
G1 X0.00 Y-7.983 E219.28079
G1 X-1.035 Y-7.916 E219.76853
G1 X-2.062 Y-7.71 E220.26111
G1 X-3.047 Y-7.377 E220.75008
G1 X-3.982 Y-6.916 E221.24032
G1 X-4.864 Y-6.325 E221.73959
G1 X-5.641 Y-5.644 E222.22547
G1 X-6.325 Y-4.863 E222.71369
G1 X-6.915 Y-3.981 E223.2127
G1 X-7.378 Y-3.042 E223.70504
G1 X-7.711 Y-2.066 E224.19
G1 X-7.915 Y-1.04 E224.68194
G1 X-7.982 Y-0.005 E225.16968
G1 X-7.916 Y1.041 E225.66255
G1 X-7.713 Y2.054 E226.1484
G1 X-7.379 Y3.039 E226.63752
G1 X-6.913 Y3.985 E227.13343
G1 X-6.326 Y4.862 E227.62971
G1 X-5.629 Y5.658 E228.12726
G1 X-4.865 Y6.328 E228.60513
G1 X-4 Y6.906 E229.09437
G1 X-3.037 Y7.381 E229.59932
G1 X-2.07 Y7.711 E230.07982
G1 X-1.04 Y7.915 E230.5736
G1 X-0.005 Y7.983 E231.06137
G1 X1.036 Y7.915 E231.55196
G0 F1237.5 X1.429 Y10.896
G1 F1350 X2.842 Y10.614 E232.22955
G1 X4.197 Y10.154 E232.90247
G1 X5.491 Y9.516 E233.58094
G1 X6.699 Y8.709 E234.26412
G1 X7.775 Y7.766 E234.93695
G1 X8.711 Y6.699 E235.60442
G1 X9.51 Y5.503 E236.28082
G1 X10.158 Y4.189 E236.9698
G1 X10.614 Y2.85 E237.635
G1 X10.896 Y1.432 E238.31489
G1 X10.989 Y0.005 E238.98738
G1 X10.897 Y-1.429 E239.66312
G1 X10.615 Y-2.839 E240.33933
G1 X10.152 Y-4.203 E241.01671
G1 X9.513 Y-5.497 E241.69539
G1 X8.712 Y-6.697 E242.37387
G1 X7.78 Y-7.759 E243.03834
G1 X6.693 Y-8.711 E243.71784
G1 X5.486 Y-9.518 E244.40063
G1 X4.203 Y-10.151 E245.07342
G1 X2.85 Y-10.612 E245.74561
G1 X1.428 Y-10.897 E246.42762
G1 X0.00 Y-10.989 E247.10055
G1 X-1.428 Y-10.897 E247.77348
G1 X-2.842 Y-10.613 E248.45171
G1 X-4.197 Y-10.154 E249.12449
G1 X-5.486 Y-9.519 E249.80022
G1 X-6.694 Y-8.71 E250.48392
G1 X-7.767 Y-7.77 E251.15476
G1 X-8.71 Y-6.693 E251.82794
G1 X-9.518 Y-5.486 E252.51099
G1 X-10.155 Y-4.195 E253.18798
G1 X-10.614 Y-2.847 E253.85764
G1 X-10.896 Y-1.432 E254.53615
G1 X-10.989 Y-0.005 E255.20864
G1 X-10.896 Y1.433 E255.88629
G1 X-10.617 Y2.833 E256.55761
G1 X-10.157 Y4.189 E257.23098
G1 X-9.516 Y5.489 E257.9126
G1 X-8.71 Y6.692 E258.59356
G1 X-7.756 Y7.782 E259.27475
G1 X-6.695 Y8.714 E259.93886
G1 X-5.503 Y9.51 E260.61291
G1 X-4.189 Y10.158 E261.30189
G1 X-2.85 Y10.614 E261.96709
G1 X-1.432 Y10.896 E262.64698
G1 X-0.005 Y10.989 E263.31947
G1 X1.429 Y10.896 E263.99525
G0 F1237.5 X1.821 Y13.877
G1 F1350 X3.621 Y13.517 E264.85849
G1 X5.347 Y12.932 E265.71552
G1 X6.995 Y12.12 E266.57948
G1 X8.528 Y11.095 E267.44669
G1 X9.9 Y9.893 E268.30448
G1 X11.097 Y8.529 E269.15789
G1 X12.114 Y7.005 E270.0195
G1 X12.935 Y5.341 E270.89208
G1 X13.518 Y3.63 E271.74213
G1 X13.877 Y1.824 E272.60804
G1 X13.995 Y0.006 E273.46478
G1 X13.878 Y-1.821 E274.32571
G1 X13.518 Y-3.618 E275.18757
G1 X12.929 Y-5.353 E276.04921
G1 X12.117 Y-6.999 E276.91233
G1 X11.098 Y-8.527 E277.77602
G1 X9.904 Y-9.886 E278.62673
G1 X8.523 Y-11.095 E279.48987
G1 X6.99 Y-12.121 E280.35735
G1 X5.355 Y-12.928 E281.21479
G1 X3.631 Y-13.515 E282.07123
G1 X1.82 Y-13.878 E282.93982
G1 X0.00 Y-13.995 E283.79747
G1 X-1.82 Y-13.878 E284.65511
G1 X-3.621 Y-13.517 E285.5189
G1 X-5.348 Y-12.932 E286.37638
G1 X-6.99 Y-12.122 E287.23739
G1 X-8.524 Y-11.095 E288.10552
G1 X-9.893 Y-9.896 E288.96132
G1 X-11.095 Y-8.523 E289.81946
G1 X-12.121 Y-6.99 E290.68694
G1 X-12.932 Y-5.347 E291.54858
G1 X-13.518 Y-3.627 E292.40309
G1 X-13.877 Y-1.824 E293.26762
G1 X-13.995 Y-0.006 E294.12436
G1 X-13.877 Y1.824 E294.98673
G1 X-13.521 Y3.612 E295.84407
G1 X-12.935 Y5.338 E296.70125
G1 X-12.12 Y6.993 E297.56879
G1 X-11.095 Y8.523 E298.43483
G1 X-9.883 Y9.907 E299.29996
G1 X-8.526 Y11.099 E300.14935
G1 X-7.005 Y12.114 E301.00926
G1 X-5.341 Y12.935 E301.88184
G1 X-3.63 Y13.518 E302.73189
G1 X-1.824 Y13.877 E303.5978
G1 X-0.006 Y13.995 E304.45454
G1 X1.821 Y13.877 E305.3155
G0 F1237.5 X2.214 Y16.858
G1 F1350 X4.4 Y16.421 E306.36384
G1 X6.497 Y15.71 E307.40512
G1 X8.498 Y14.723 E308.45437
G1 X10.357 Y13.481 E309.50575
G1 X12.026 Y12.02 E310.54885
G1 X13.482 Y10.359 E311.58758
G1 X14.718 Y8.508 E312.63426
G1 X15.712 Y6.492 E313.69129
G1 X16.421 Y4.41 E314.72559
G1 X16.858 Y2.216 E315.77762
G1 X17.002 Y0.006 E316.8191
G1 X16.859 Y-2.214 E317.86525
G1 X16.422 Y-4.398 E318.91267
G1 X15.706 Y-6.504 E319.95871
G1 X14.721 Y-8.502 E321.00628
G1 X13.483 Y-10.357 E322.05505
G1 X12.028 Y-12.013 E323.09169
G1 X10.354 Y-13.48 E324.13843
G1 X8.494 Y-14.725 E325.19098
G1 X6.507 Y-15.705 E326.23286
G1 X4.412 Y-16.418 E327.27356
G1 X2.213 Y-16.859 E328.32826
G1 X0.00 Y-17.002 E329.37113
G1 X-2.213 Y-16.859 E330.41399
G1 X-4.4 Y-16.421 E331.46288
G1 X-6.498 Y-15.71 E332.50461
G1 X-8.495 Y-14.725 E333.55175
G1 X-10.354 Y-13.48 E334.60391
G1 X-12.019 Y-12.022 E335.64467
G1 X-13.48 Y-10.354 E336.68743
G1 X-14.725 Y-8.494 E337.73998
G1 X-15.709 Y-6.499 E338.78607
G1 X-16.421 Y-4.408 E339.82483
G1 X-16.858 Y-2.216 E340.87594
G1 X-17.001 Y-0.006 E341.91739
G1 X-16.858 Y2.216 E342.96448
G1 X-16.424 Y4.39 E344.00701
G1 X-15.713 Y6.488 E345.04874
G1 X-14.723 Y8.496 E346.10156
G1 X-13.48 Y10.353 E347.15242
G1 X-12.01 Y12.032 E348.20185
G1 X-10.357 Y13.484 E349.2365
G1 X-8.508 Y14.718 E350.28188
G1 X-6.492 Y15.712 E351.33891
G1 X-4.41 Y16.421 E352.37321
G1 X-2.216 Y16.858 E353.42524
G1 X-0.006 Y17.002 E354.46673
G1 X2.214 Y16.858 E355.51291
G0 F1237.5 X2.606 Y19.839
G1 F1350 X5.179 Y19.325 E356.7468
G1 X7.648 Y18.487 E357.97294
G1 X10.001 Y17.327 E359.20663
G1 X12.186 Y15.867 E360.44243
G1 X14.151 Y14.147 E361.6705
G1 X15.868 Y12.189 E362.89516
G1 X17.322 Y10.011 E364.12666
G1 X18.489 Y7.644 E365.36771
G1 X19.325 Y5.19 E366.58686
G1 X19.839 Y2.608 E367.82491
G1 X20.008 Y0.006 E369.05111
G1 X19.839 Y-2.606 E370.28201
G1 X19.325 Y-5.178 E371.51545
G1 X18.484 Y-7.655 E372.7456
G1 X17.325 Y-10.004 E373.97739
G1 X15.868 Y-12.188 E375.21202
G1 X14.153 Y-14.141 E376.43429
G1 X12.184 Y-15.865 E377.66502
G1 X9.999 Y-17.328 E378.9016
G1 X7.659 Y-18.482 E380.12856
G1 X5.194 Y-19.321 E381.35307
G1 X2.606 Y-19.839 E382.59425
G1 X0.00 Y-20.008 E383.82233
G1 X-2.606 Y-19.839 E385.05041
G1 X-5.179 Y-19.324 E386.2844
G1 X-7.648 Y-18.487 E387.51039
G1 X-9.999 Y-17.328 E388.74302
G1 X-12.184 Y-15.865 E389.97961
G1 X-14.145 Y-14.148 E391.20533
G1 X-15.865 Y-12.184 E392.43305
G1 X-17.328 Y-9.999 E393.66964
G1 X-18.486 Y-7.651 E394.9008
G1 X-19.325 Y-5.188 E396.12442
G1 X-19.839 Y-2.608 E397.36154
G1 X-20.008 Y-0.006 E398.58774
G1 X-19.839 Y2.608 E399.81958
G1 X-19.328 Y5.169 E401.04767
G1 X-18.491 Y7.638 E402.27365
G1 X-17.327 Y10 E403.51197
G1 X-15.865 Y12.184 E404.7479
G1 X-14.137 Y14.156 E405.98093
G1 X-12.187 Y15.869 E407.20152
G1 X-10.011 Y17.322 E408.43197
G1 X-7.644 Y18.489 E409.67302
G1 X-5.19 Y19.325 E410.89218
G1 X-2.608 Y19.839 E412.13023
G1 X-0.006 Y20.008 E413.35643
G1 X2.606 Y19.839 E414.58733
G0 F1237.5 X2.794 Y21.222
G0 X2.999 Y22.82
G1 F1350 X5.959 Y22.228 E416.00688
G1 X8.798 Y21.265 E417.41667
G1 X11.505 Y19.93 E418.83606
G1 X14.016 Y18.253 E420.25603
G1 X16.276 Y16.273 E421.66902
G1 X18.253 Y14.019 E423.07895
G1 X19.926 Y11.513 E424.49592
G1 X21.266 Y8.796 E425.92057
G1 X22.228 Y5.97 E427.32442
G1 X22.82 Y3 E428.74858
G1 X23.014 Y0.007 E430.15904
G1 X22.82 Y-2.999 E431.57559
G1 X22.228 Y-5.958 E432.99468
G1 X21.261 Y-8.805 E434.40864
G1 X19.929 Y-11.506 E435.82488
G1 X18.254 Y-14.018 E437.24471
G1 X16.277 Y-16.268 E438.65323
G1 X14.014 Y-18.25 E440.0679
G1 X11.503 Y-19.931 E441.48891
G1 X8.811 Y-21.258 E442.90031
G1 X5.975 Y-22.225 E444.30938
G1 X2.998 Y-22.82 E445.73704
G1 X0.00 Y-23.014 E447.14984
G1 X-2.998 Y-22.82 E448.56264
G1 X-5.959 Y-22.228 E449.98265
G1 X-8.798 Y-21.265 E451.39245
G1 X-11.503 Y-19.931 E452.81079
G1 X-14.014 Y-18.25 E454.2318
G1 X-16.271 Y-16.274 E455.64248
G1 X-18.25 Y-14.014 E457.05516
G1 X-19.931 Y-11.503 E458.47617
G1 X-21.262 Y-8.803 E459.89178
G1 X-22.228 Y-5.969 E461.2998
G1 X-22.82 Y-3 E462.7235
G1 X-23.014 Y-0.007 E464.13396
G1 X-22.82 Y3 E465.55098
G1 X-22.232 Y5.948 E466.96462
G1 X-21.269 Y8.787 E468.37442
G1 X-19.93 Y11.504 E469.79886
G1 X-18.25 Y14.014 E471.21922
G1 X-16.265 Y16.281 E472.63623
G1 X-14.018 Y18.254 E474.04245
G1 X-11.513 Y19.926 E475.45877
G1 X-8.796 Y21.266 E476.88342
G1 X-5.97 Y22.228 E478.28727
G1 X-3 Y22.82 E479.71143
G1 X-0.007 Y23.014 E481.12188
G1 X2.999 Y22.82 E482.53844
G0 F1237.5 X2.795 Y21.221
G0 X-0.008 Y21.404
G0 X-0.007 Y26.02
;TYPE:WALL-OUTER
G1 F1650 X3.391 Y25.801 E484.13971
G1 X6.738 Y25.132 E485.74482
G1 X9.948 Y24.043 E487.33887
G1 X13.008 Y22.534 E488.94334
G1 X15.845 Y20.639 E490.54773
G1 X18.401 Y18.4 E492.14568
G1 X20.639 Y15.849 E493.74154
G1 X22.53 Y13.016 E495.34333
G1 X24.043 Y9.948 E496.952
G1 X25.132 Y6.75 E498.54071
G1 X25.801 Y3.392 E500.15089
G1 X26.02 Y0.007 E501.74606
G1 X25.801 Y-3.391 E503.34733
G1 X25.132 Y-6.738 E504.95244
G1 X24.039 Y-9.956 E506.55066
G1 X22.533 Y-13.008 E508.15113
G1 X20.639 Y-15.848 E509.75643
G1 X18.401 Y-18.396 E511.35124
G1 X15.844 Y-20.635 E512.94954
G1 X13.007 Y-22.534 E514.55498
G1 X9.963 Y-24.035 E516.15103
G1 X6.757 Y-25.128 E517.74391
G1 X3.391 Y-25.801 E519.35814
G1 X0.00 Y-26.02 E520.95613
G1 X-3.391 Y-25.801 E522.55412
G1 X-6.738 Y-25.132 E524.15923
G1 X-9.948 Y-24.043 E525.75328
G1 X-13.007 Y-22.534 E527.35732
G1 X-15.844 Y-20.635 E528.96276
G1 X-18.397 Y-18.4 E530.55841
G1 X-20.635 Y-15.844 E532.15604
G1 X-22.534 Y-13.007 E533.76148
G1 X-24.039 Y-9.955 E535.36174
G1 X-25.132 Y-6.749 E536.95462
G1 X-25.801 Y-3.392 E538.56434
G1 X-26.02 Y-0.007 E540.15951
G1 X-25.801 Y3.392 E541.76125
G1 X-25.136 Y6.726 E543.35999
G1 X-24.047 Y9.937 E544.95449
G1 X-22.534 Y13.008 E546.56443
G1 X-20.635 Y15.844 E548.16947
G1 X-18.392 Y18.405 E549.77043
G1 X-15.848 Y20.639 E551.36258
G1 X-13.016 Y22.53 E552.96397
G1 X-9.948 Y24.043 E554.57265
G1 X-6.75 Y25.132 E556.16136
G1 X-3.392 Y25.801 E557.77154
G1 X-0.007 Y26.02 E559.36671
G0 F1237.5 X1.489 Y25.924
G0 X1.191 Y21.326
G0 X0.676 Y1.681
;TYPE:SKIN
G1 F872.8 X0.22 Y1.8 E559.63332
G1 X-.223 Y1.8 E559.88394
G1 X-.665 Y1.685 E560.14231
G1 X-1.111 Y1.432 E560.4324
G1 X-1.435 Y1.1 E560.69483
G1 X-1.678 Y0.685 E560.9669
G1 X-1.8 Y0.228 E561.23449
G1 X-1.815 Y-0.001 E561.36432
G1 X-1.753 Y-.467 E561.63027
G1 X-1.571 Y-.897 E561.89443
G1 X-1.275 Y-1.285 E562.17051
G1 X-.904 Y-1.57 E562.43518
G1 X-.469 Y-1.749 E562.70129
G1 X0.001 Y-1.815 E562.96979
G1 X0.465 Y-1.75 E563.23485
G1 X0.889 Y-1.575 E563.49435
G1 X1.298 Y-1.261 E563.78605
G1 X1.435 Y-1.107 E563.90266
G1 X1.677 Y-.681 E564.17983
G1 X1.8 Y-.218 E564.45085
G1 X1.799 Y0.224 E564.7009
G1 X1.685 Y0.665 E564.95859
G1 X1.562 Y0.916 E565.11672
G1 X1.291 Y1.272 E565.36983
G1 X0.905 Y1.568 E565.64502
G1 X0.676 Y1.681 E565.78948
;MESH:NONMESH
G0 F600 X0.676 Y1.681 Z2.5
G0 F1237.5 X-16.981 Y13.028
G0 X-20.247 Y15.537
;TIME_ELAPSED:106.045714
;LAYER:2
;TYPE:WALL-OUTER
;MESH:funnel.stl
G1 F2400 X-22.102 Y12.763 E567.35879
G1 X-23.591 Y9.74 E568.94349
G1 X-24.654 Y6.607 E570.49932
G1 X-25.305 Y3.334 E572.06865
G1 X-25.523 Y0.00 E573.63986
G1 X-25.305 Y-3.334 E575.21107
G1 X-24.654 Y-6.607 E576.78039
G1 X-23.582 Y-9.765 E578.34871
G1 X-22.104 Y-12.76 E579.91932
G1 X-20.244 Y-15.54 E581.49228
G1 X-18.045 Y-18.051 E583.06191
G1 X-15.541 Y-20.244 E584.62721
G1 X-12.757 Y-22.106 E586.20226
G1 X-9.769 Y-23.578 E587.76866
G1 X-6.605 Y-24.654 E589.34026
G1 X-3.334 Y-25.305 E590.90867
G1 X0.00 Y-25.522 E592.47984
G1 X3.334 Y-25.305 E594.05102
G1 X6.606 Y-24.653 E595.61998
G1 X9.767 Y-23.579 E597.18994
G1 X12.757 Y-22.106 E598.7574
G1 X15.541 Y-20.244 E600.33244
G1 X18.051 Y-18.045 E601.90172
G1 X20.248 Y-15.538 E603.46932
G1 X22.102 Y-12.764 E605.03837
G1 X23.582 Y-9.765 E606.61108
G1 X24.654 Y-6.607 E608.1794
G1 X25.305 Y-3.334 E609.74872
G1 X25.522 Y0.021 E611.32976
G1 X25.305 Y3.334 E612.89108
G1 X24.654 Y6.607 E614.4604
G1 X23.582 Y9.765 E616.02873
G1 X22.102 Y12.764 E617.60144
G1 X20.251 Y15.535 E619.16853
G1 X18.042 Y18.055 E620.74444
G1 X15.538 Y20.248 E622.30974
G1 X12.754 Y22.108 E623.88427
G1 X9.768 Y23.581 E625.45003
G1 X6.607 Y24.654 E627.01985
G1 X3.334 Y25.305 E628.58917
G1 X0.00 Y25.523 E630.16038
G1 X-3.334 Y25.305 E631.73159
G1 X-6.607 Y24.654 E633.30091
G1 X-9.765 Y23.582 E634.86924
G1 X-12.764 Y22.102 E636.44194
G1 X-15.538 Y20.248 E638.01099
G1 X-18.033 Y18.062 E639.57094
G1 X-20.247 Y15.537 E641.15017
G0 F1800 X-20.644 Y15.841
G1 F2400 X-22.507 Y13.035 Z2.521 E642.73412
G1 X-24.042 Y9.894 Z2.542 E644.3782
G1 X-25.096 Y6.758 Z2.563 E645.93404
G1 X-25.753 Y3.424 Z2.584 E647.53208
G1 X-25.968 Y0.03 Z2.605 E649.13139
G1 X-25.734 Y-3.419 Z2.626 E650.75709
G1 X-25.072 Y-6.69 Z2.647 E652.32654
G1 X-23.975 Y-9.898 Z2.668 E653.92094
G1 X-22.441 Y-12.985 Z2.689 E655.54204
G1 X-20.542 Y-15.8 Z2.71 E657.13892
G1 X-18.298 Y-18.34 Z2.731 E658.7328
G1 X-15.749 Y-20.554 Z2.752 E660.32057
G1 X-12.918 Y-22.432 Z2.773 E661.91821
G1 X-9.925 Y-23.895 Z2.794 E663.48489
G1 X-6.716 Y-24.978 Z2.814 E665.07762
G1 X-3.399 Y-25.631 Z2.835 E666.66746
G1 X-0.021 Y-25.843 Z2.856 E668.25916
G1 X3.354 Y-25.616 Z2.877 E669.84992
G1 X6.665 Y-24.948 Z2.898 E671.43837
G1 X9.86 Y-23.855 Z2.919 E673.02638
G1 X12.913 Y-22.339 Z2.94 E674.62939
G1 X15.691 Y-20.469 Z2.961 E676.20422
G1 X18.246 Y-18.216 Z2.982 E677.80619
G1 X20.455 Y-15.677 Z3.003 E679.38886
G1 X22.316 Y-12.87 Z3.023 E680.97268
G1 X23.798 Y-9.839 Z3.044 E682.55934
G1 X24.86 Y-6.677 Z3.065 E684.12797
G1 X25.509 Y-3.375 Z3.086 E685.71053
G1 X25.719 Y0.034 Z3.107 E687.31673
G1 X25.489 Y3.37 Z3.127 E688.88928
G1 X24.827 Y6.641 Z3.148 E690.45873
G1 X23.731 Y9.838 Z3.169 E692.04809
G1 X22.242 Y12.833 Z3.19 E693.62102
G1 X20.372 Y15.616 Z3.21 E695.1978
G1 X18.131 Y18.156 Z3.231 E696.79074
G1 X15.607 Y20.352 Z3.252 E698.36409
G1 X12.805 Y22.21 Z3.273 E699.94517
G1 X9.814 Y23.674 Z3.293 E701.51121
G1 X6.637 Y24.742 Z3.314 E703.08743
G1 X3.35 Y25.386 Z3.335 E704.6626
G1 X0.005 Y25.595 Z3.355 E706.23873
G1 X-3.346 Y25.366 Z3.376 E707.81829
G1 X-6.617 Y24.705 Z3.397 E709.38765
G1 X-9.783 Y23.619 Z3.417 E710.96169
G1 X-12.778 Y22.13 Z3.438 E712.53462
G1 X-15.552 Y20.264 Z3.459 E714.10684
G1 X-18.04 Y18.07 Z3.479 E715.66683
G1 X-20.247 Y15.537 Z3.5 E717.24676
;TIME_ELAPSED:114.132965
;LAYER:3
;note -- min layer time used
;TYPE:WALL-OUTER
;MESH:funnel.stl
G1 F1904.1 X-22.106 Y12.729 Z3.521 E718.83045
G1 X-23.546 Y9.783 Z3.542 E720.37253
G1 X-24.613 Y6.627 Z3.563 E721.93924
G1 X-25.257 Y3.359 Z3.584 E723.50565
G1 X-25.468 Y0.03 Z3.605 E725.07433
G1 X-25.238 Y-3.354 Z3.626 E726.6694
G1 X-24.575 Y-6.615 Z3.647 E728.23434
G1 X-23.493 Y-9.756 Z3.668 E729.79665
G1 X-22.008 Y-12.735 Z3.689 E731.36201
G1 X-20.175 Y-15.455 Z3.71 E732.9045
G1 X-17.944 Y-17.987 Z3.731 E734.49151
G1 X-15.444 Y-20.158 Z3.752 E736.04863
G1 X-12.716 Y-21.971 Z3.773 E737.58901
G1 X-9.685 Y-23.452 Z3.794 E739.17547
G1 X-6.587 Y-24.495 Z3.814 E740.71272
G1 X-3.334 Y-25.135 Z3.835 E742.27185
G1 X-0.021 Y-25.343 Z3.856 E743.83293
G1 X3.33 Y-25.115 Z3.877 E745.41246
G1 X6.574 Y-24.456 Z3.898 E746.96919
G1 X9.662 Y-23.395 Z3.919 E748.50472
G1 X12.669 Y-21.902 Z3.94 E750.08354
G1 X15.382 Y-20.075 Z3.961 E751.62172
G1 X17.894 Y-17.862 Z3.982 E753.19609
G1 X20.058 Y-15.373 Z4.003 E754.74713
G1 X21.883 Y-12.62 Z4.023 E756.30043
G1 X23.325 Y-9.674 Z4.044 E757.84292
G1 X24.377 Y-6.548 Z4.065 E759.39401
G1 X25.013 Y-3.31 Z4.086 E760.94585
G1 X25.218 Y-0.013 Z4.106 E762.49933
G1 X24.993 Y3.305 Z4.127 E764.06328
G1 X24.338 Y6.535 Z4.148 E765.61318
G1 X23.269 Y9.646 Z4.169 E767.16017
G1 X21.799 Y12.601 Z4.19 E768.71228
G1 X19.961 Y15.33 Z4.21 E770.25959
G1 X17.797 Y17.784 Z4.231 E771.79825
G1 X15.303 Y19.954 Z4.252 E773.35293
G1 X12.577 Y21.764 Z4.273 E774.89175
G1 X9.607 Y23.218 Z4.293 E776.44685
G1 X6.508 Y24.259 Z4.314 E777.98426
G1 X3.285 Y24.89 Z4.335 E779.52872
G1 X0.005 Y25.095 Z4.355 E781.07423
G1 X-3.281 Y24.87 Z4.376 E782.62317
G1 X-6.495 Y24.22 Z4.397 E784.16522
G1 X-9.591 Y23.157 Z4.417 E785.70462
G1 X-12.531 Y21.695 Z4.438 E787.24874
G1 X-15.246 Y19.868 Z4.459 E788.7877
G1 X-17.699 Y17.706 Z4.479 E790.32539
G1 X-19.85 Y15.232 Z4.5 E791.8671
;TIME_ELAPSED:119.140386
;LAYER:4
;note -- min layer time used
;TYPE:WALL-OUTER
;MESH:funnel.stl
G1 F1866.4 X-21.676 Y12.473 Z4.521 E793.42302
G1 X-23.082 Y9.598 Z4.542 E794.92807
G1 X-24.13 Y6.498 Z4.563 E796.46697
G1 X-24.761 Y3.293 Z4.584 E798.00314
G1 X-24.968 Y0.03 Z4.605 E799.54072
G1 X-24.742 Y-3.288 Z4.626 E801.10471
G1 X-24.092 Y-6.486 Z4.647 E802.63939
G1 X-23.031 Y-9.565 Z4.668 E804.17092
G1 X-21.575 Y-12.485 Z4.689 E805.70536
G1 X-19.748 Y-15.192 Z4.71 E807.24121
G1 X-17.63 Y-17.594 Z4.731 E808.74723
G1 X-15.179 Y-19.731 Z4.752 E810.27646
G1 X-12.418 Y-21.565 Z4.773 E811.83523
G1 X-9.542 Y-22.971 Z4.794 E813.34071
G1 X-6.458 Y-24.012 Z4.815 E814.87143
G1 X-3.268 Y-24.639 Z4.835 E816.40031
G1 X-0.021 Y-24.843 Z4.856 E817.9303
G1 X3.264 Y-24.619 Z4.877 E819.47873
G1 X6.445 Y-23.973 Z4.898 E821.00521
G1 X9.512 Y-22.916 Z4.919 E822.53079
G1 X12.381 Y-21.491 Z4.94 E824.03727
G1 X15.109 Y-19.654 Z4.961 E825.58393
G1 X17.509 Y-17.54 Z4.982 E827.088
G1 X19.664 Y-15.064 Z5.003 E828.63166
G1 X21.45 Y-12.37 Z5.023 E830.1517
G1 X22.863 Y-9.483 Z5.044 E831.66327
G1 X23.894 Y-6.419 Z5.065 E833.18357
G1 X24.517 Y-3.244 Z5.086 E834.70517
G1 X24.719 Y-0.013 Z5.106 E836.22758
G1 X24.497 Y3.239 Z5.127 E837.76047
G1 X23.855 Y6.406 Z5.148 E839.28012
G1 X22.807 Y9.455 Z5.169 E840.79633
G1 X21.366 Y12.351 Z5.19 E842.31752
G1 X19.579 Y15.006 Z5.21 E843.82257
G1 X17.43 Y17.443 Z5.231 E845.35058
G1 X14.995 Y19.561 Z5.252 E846.86827
G1 X12.315 Y21.338 Z5.273 E848.38048
G1 X9.428 Y22.751 Z5.293 E849.89205
G1 X6.379 Y23.776 Z5.314 E851.40477
G1 X3.219 Y24.394 Z5.335 E852.91899
G1 X0.005 Y24.595 Z5.355 E854.4334
G1 X-3.215 Y24.374 Z5.376 E855.95125
G1 X-6.366 Y23.737 Z5.397 E857.46306
G1 X-9.4 Y22.695 Z5.417 E858.97167
G1 X-12.281 Y21.262 Z5.438 E860.48487
G1 X-14.938 Y19.475 Z5.459 E861.99071
G1 X-17.353 Y17.344 Z5.479 E863.50535
G1 X-19.454 Y14.928 Z5.5 E865.01105
;TIME_ELAPSED:124.147653
;LAYER:5
;note -- min layer time used
;TYPE:WALL-OUTER
;MESH:funnel.stl
G1 F1828.7 X-21.208 Y12.285 Z5.521 E866.50279
G1 X-22.647 Y9.342 Z5.542 E868.04339
G1 X-23.647 Y6.367 Z5.563 E869.51938
G1 X-24.265 Y3.228 Z5.584 E871.02391
G1 X-24.468 Y0.03 Z5.605 E872.53087
G1 X-24.246 Y-3.223 Z5.626 E874.06423
G1 X-23.609 Y-6.356 Z5.647 E875.56774
G1 X-22.568 Y-9.376 Z5.668 E877.06998
G1 X-21.144 Y-12.232 Z5.689 E878.57077
G1 X-19.352 Y-14.887 Z5.71 E880.07714
G1 X-17.238 Y-17.279 Z5.731 E881.57839
G1 X-14.831 Y-19.368 Z5.752 E883.0772
G1 X-12.216 Y-21.105 Z5.773 E884.55354
G1 X-9.302 Y-22.529 Z5.794 E886.07879
G1 X-6.327 Y-23.529 Z5.815 E887.55478
G1 X-3.203 Y-24.143 Z5.835 E889.05202
G1 X-0.021 Y-24.343 Z5.856 E890.55139
G1 X3.199 Y-24.123 Z5.878 E892.0692
G1 X6.315 Y-23.49 Z5.898 E893.56451
G1 X9.279 Y-22.471 Z5.919 E895.03847
G1 X12.169 Y-21.036 Z5.94 E896.55589
G1 X14.805 Y-19.258 Z5.961 E898.05117
G1 X17.189 Y-17.152 Z5.982 E899.5471
G1 X19.265 Y-14.764 Z6.003 E901.03516
G1 X21.017 Y-12.119 Z6.023 E902.52716
G1 X22.401 Y-9.292 Z6.044 E904.00739
G1 X23.411 Y-6.289 Z6.065 E905.49736
G1 X24.021 Y-3.179 Z6.086 E906.98778
G1 X24.219 Y-0.013 Z6.107 E908.47958
G1 X24.001 Y3.174 Z6.127 E909.98184
G1 X23.372 Y6.276 Z6.148 E911.47032
G1 X22.346 Y9.264 Z6.169 E912.95603
G1 X20.943 Y12.082 Z6.19 E914.43643
G1 X19.171 Y14.717 Z6.21 E915.92974
G1 X17.067 Y17.098 Z6.231 E917.42399
G1 X14.694 Y19.162 Z6.252 E918.90302
G1 X12.062 Y20.907 Z6.273 E920.38811
G1 X9.239 Y22.288 Z6.293 E921.86603
G1 X6.249 Y23.293 Z6.314 E923.34946
G1 X3.154 Y23.899 Z6.335 E924.83259
G1 X0.005 Y24.095 Z6.355 E926.31635
G1 X-3.15 Y23.879 Z6.376 E927.80354
G1 X-6.236 Y23.254 Z6.397 E929.28427
G1 X-9.211 Y22.232 Z6.417 E930.76358
G1 X-12.028 Y20.831 Z6.438 E932.24314
G1 X-14.635 Y19.077 Z6.459 E933.7208
G1 X-17 Y16.989 Z6.479 E935.20444
G1 X-19.057 Y14.623 Z6.5 E936.67882
;TIME_ELAPSED:129.155319
;LAYER:6
;note -- min layer time used
;TYPE:WALL-OUTER
;MESH:funnel.stl
G1 F1791.1 X-20.81 Y11.973 Z6.521 E938.17304
G1 X-22.158 Y9.215 Z6.542 E939.61669
G1 X-23.163 Y6.239 Z6.563 E941.09388
G1 X-23.77 Y3.163 Z6.584 E942.56834
G1 X-23.968 Y0.03 Z6.605 E944.04465
G1 X-23.751 Y-3.158 Z6.626 E945.54735
G1 X-23.126 Y-6.227 Z6.647 E947.02025
G1 X-22.107 Y-9.182 Z6.668 E948.49021
G1 X-20.71 Y-11.984 Z6.689 E949.96262
G1 X-18.988 Y-14.538 Z6.71 E951.4112
G1 X-16.887 Y-16.923 Z6.731 E952.90593
G1 X-14.527 Y-18.97 Z6.752 E954.3751
G1 X-11.918 Y-20.699 Z6.773 E955.84702
G1 X-9.159 Y-22.047 Z6.794 E957.29109
G1 X-6.199 Y-23.046 Z6.815 E958.76025
G1 X-3.138 Y-23.648 Z6.835 E960.22733
G1 X-0.021 Y-23.843 Z6.856 E961.69604
G1 X3.134 Y-23.628 Z6.878 E963.1832
G1 X6.186 Y-23.007 Z6.898 E964.64789
G1 X9.129 Y-21.993 Z6.919 E966.11175
G1 X11.881 Y-20.625 Z6.94 E967.55703
G1 X14.469 Y-18.885 Z6.961 E969.0236
G1 X16.833 Y-16.801 Z6.982 E970.50564
G1 X18.868 Y-14.46 Z7.003 E971.96437
G1 X20.584 Y-11.87 Z7.024 E973.42546
G1 X21.951 Y-9.073 Z7.044 E974.8895
G1 X22.928 Y-6.16 Z7.065 E976.33441
G1 X23.526 Y-3.114 Z7.086 E977.79421
G1 X23.719 Y-0.013 Z7.107 E979.25536
G1 X23.506 Y3.109 Z7.128 E980.72697
G1 X22.889 Y6.147 Z7.148 E982.18482
G1 X21.893 Y9.052 Z7.169 E983.62904
G1 X20.51 Y11.833 Z7.19 E985.08967
G1 X18.77 Y14.417 Z7.211 E986.55468
G1 X16.736 Y16.723 Z7.231 E988.00071
G1 X14.39 Y18.764 Z7.252 E989.46306
G1 X11.815 Y20.472 Z7.273 E990.91619
G1 X9.045 Y21.828 Z7.293 E992.36656
G1 X6.12 Y22.81 Z7.314 E993.81757
G1 X3.089 Y23.403 Z7.335 E995.26999
G1 X0.005 Y23.595 Z7.355 E996.72312
G1 X-3.085 Y23.383 Z7.376 E998.17969
G1 X-6.107 Y22.771 Z7.397 E999.62971
G1 X-9.017 Y21.772 Z7.417 E1001.0766
G1 X-11.781 Y20.396 Z7.438 E1002.52861
G1 X-14.335 Y18.677 Z7.459 E1003.9764
G1 X-16.637 Y16.646 Z7.479 E1005.42009
G1 X-18.66 Y14.319 Z7.5 E1006.87014
;TIME_ELAPSED:134.162282
;LAYER:7
;note -- min layer time used
;TYPE:WALL-OUTER
;MESH:funnel.stl
G1 F1753.4 X-20.378 Y11.723 Z7.521 E1008.3341
G1 X-21.697 Y9.024 Z7.542 E1009.74684
G1 X-22.681 Y6.11 Z7.563 E1011.19324
G1 X-23.274 Y3.098 Z7.584 E1012.6369
G1 X-23.468 Y0.03 Z7.605 E1014.08259
G1 X-23.255 Y-3.093 Z7.626 E1015.55466
G1 X-22.643 Y-6.098 Z7.647 E1016.99685
G1 X-21.646 Y-8.991 Z7.668 E1018.43588
G1 X-20.302 Y-11.689 Z7.689 E1019.8534
G1 X-18.561 Y-14.275 Z7.71 E1021.31945
G1 X-16.525 Y-16.577 Z7.731 E1022.7647
G1 X-14.262 Y-18.544 Z7.752 E1024.17476
G1 X-11.668 Y-20.267 Z7.773 E1025.63924
G1 X-8.968 Y-21.585 Z7.794 E1027.05219
G1 X-6.07 Y-22.563 Z7.815 E1028.49056
G1 X-3.073 Y-23.152 Z7.836 E1029.92693
G1 X-0.021 Y-23.343 Z7.856 E1031.36502
G1 X3.069 Y-23.132 Z7.878 E1032.82155
G1 X6.057 Y-22.524 Z7.899 E1034.25553
G1 X8.938 Y-21.531 Z7.919 E1035.68861
G1 X11.663 Y-20.174 Z7.94 E1037.12022
G1 X14.193 Y-18.467 Z7.961 E1038.5555
G1 X16.484 Y-16.442 Z7.982 E1039.99344
G1 X18.474 Y-14.151 Z8.003 E1041.42054
G1 X20.151 Y-11.62 Z8.024 E1042.84837
G1 X21.478 Y-8.909 Z8.044 E1044.26782
G1 X22.445 Y-6.031 Z8.065 E1045.69563
G1 X23.03 Y-3.049 Z8.086 E1047.12472
G1 X23.219 Y-0.013 Z8.107 E1048.55524
G1 X23.01 Y3.044 Z8.128 E1049.99623
G1 X22.406 Y6.018 Z8.148 E1051.42338
G1 X21.422 Y8.881 Z8.169 E1052.84708
G1 X20.067 Y11.601 Z8.19 E1054.27616
G1 X18.389 Y14.093 Z8.21 E1055.689
G1 X16.36 Y16.39 Z8.231 E1057.1303
G1 X14.082 Y18.371 Z8.252 E1058.55001
G1 X11.565 Y20.039 Z8.273 E1059.97001
G1 X8.854 Y21.366 Z8.293 E1061.38947
G1 X5.991 Y22.327 Z8.314 E1062.80969
G1 X3.024 Y22.907 Z8.335 E1064.23141
G1 X0.005 Y23.095 Z8.355 E1065.65391
G1 X-3.02 Y22.887 Z8.376 E1067.07985
G1 X-5.978 Y22.288 Z8.397 E1068.49916
G1 X-8.826 Y21.31 Z8.417 E1069.91527
G1 X-11.531 Y19.963 Z8.438 E1071.33637
G1 X-14.025 Y18.285 Z8.459 E1072.74999
G1 X-16.296 Y16.279 Z8.479 E1074.17496
G1 X-18.264 Y14.015 Z8.5 E1075.58569
;TIME_ELAPSED:139.169095
;LAYER:8
;note -- min layer time used
;TYPE:WALL-OUTER
;MESH:funnel.stl
G1 F1715.7 X-19.945 Y11.473 Z8.521 E1077.01887
G1 X-21.235 Y8.832 Z8.542 E1078.40112
G1 X-22.198 Y5.98 Z8.563 E1079.81674
G1 X-22.778 Y3.032 Z8.584 E1081.22968
G1 X-22.968 Y0.03 Z8.605 E1082.64428
G1 X-22.759 Y-3.027 Z8.626 E1084.08526
G1 X-22.16 Y-5.968 Z8.647 E1085.49674
G1 X-21.205 Y-8.749 Z8.668 E1086.87954
G1 X-19.87 Y-11.438 Z8.689 E1088.29138
G1 X-18.165 Y-13.97 Z8.71 E1089.72692
G1 X-16.216 Y-16.179 Z8.731 E1091.1123
G1 X-13.918 Y-18.178 Z8.752 E1092.54466
G1 X-11.418 Y-19.834 Z8.773 E1093.95488
G1 X-8.776 Y-21.123 Z8.794 E1095.33734
G1 X-5.94 Y-22.08 Z8.815 E1096.74493
G1 X-3.007 Y-22.656 Z8.836 E1098.15059
G1 X-0.021 Y-22.843 Z8.857 E1099.55759
G1 X3.003 Y-22.636 Z8.878 E1100.98303
G1 X5.927 Y-22.041 Z8.899 E1102.38629
G1 X8.746 Y-21.069 Z8.919 E1103.78859
G1 X11.413 Y-19.741 Z8.94 E1105.1897
G1 X13.888 Y-18.071 Z8.961 E1106.59381
G1 X16.126 Y-16.094 Z8.982 E1107.99813
G1 X18.075 Y-13.851 Z9.003 E1109.39554
G1 X19.718 Y-11.37 Z9.024 E1110.79495
G1 X21.016 Y-8.718 Z9.044 E1112.18348
G1 X21.962 Y-5.902 Z9.065 E1113.58051
G1 X22.534 Y-2.983 Z9.086 E1114.97935
G1 X22.719 Y-0.013 Z9.107 E1116.37878
G1 X22.514 Y2.978 Z9.128 E1117.78867
G1 X21.923 Y5.889 Z9.148 E1119.18557
G1 X20.96 Y8.69 Z9.169 E1120.57849
G1 X19.634 Y11.351 Z9.19 E1121.97665
G1 X17.978 Y13.808 Z9.211 E1123.37007
G1 X16.028 Y16.016 Z9.231 E1124.7554
G1 X13.781 Y17.972 Z9.252 E1126.15639
G1 X11.315 Y19.606 Z9.273 E1127.54758
G1 X8.65 Y20.909 Z9.294 E1128.94264
G1 X5.861 Y21.844 Z9.314 E1130.32598
G1 X2.958 Y22.411 Z9.335 E1131.71699
G1 X0.005 Y22.595 Z9.355 E1133.1084
G1 X-2.954 Y22.391 Z9.376 E1134.50325
G1 X-5.848 Y21.805 Z9.397 E1135.89185
G1 X-8.629 Y20.85 Z9.417 E1137.27465
G1 X-11.281 Y19.53 Z9.438 E1138.66777
G1 X-13.726 Y17.884 Z9.459 E1140.05388
G1 X-15.93 Y15.939 Z9.479 E1141.43625
G1 X-17.867 Y13.71 Z9.5 E1142.82499
;TIME_ELAPSED:144.175756
;LAYER:9
;note -- min layer time used
;TYPE:WALL-OUTER
;MESH:funnel.stl
G1 F1678.1 X-19.512 Y11.223 Z9.521 E1144.22726
G1 X-20.773 Y8.641 Z9.542 E1145.57859
G1 X-21.715 Y5.851 Z9.563 E1146.96342
G1 X-22.282 Y2.967 Z9.584 E1148.34566
G1 X-22.468 Y0.03 Z9.605 E1149.72963
G1 X-22.263 Y-2.962 Z9.626 E1151.13999
G1 X-21.677 Y-5.839 Z9.647 E1152.52076
G1 X-20.722 Y-8.608 Z9.668 E1153.89822
G1 X-19.41 Y-11.234 Z9.689 E1155.27872
G1 X-17.798 Y-13.625 Z9.71 E1156.63483
G1 X-15.826 Y-15.862 Z9.731 E1158.03725
G1 X-13.614 Y-17.78 Z9.752 E1159.41409
G1 X-11.168 Y-19.401 Z9.773 E1160.79406
G1 X-8.585 Y-20.661 Z9.794 E1162.1456
G1 X-5.811 Y-21.597 Z9.815 E1163.52241
G1 X-2.942 Y-22.16 Z9.836 E1164.89736
G1 X-0.021 Y-22.343 Z9.857 E1166.27373
G1 X2.936 Y-22.14 Z9.878 E1167.66761
G1 X5.799 Y-21.557 Z9.899 E1169.04164
G1 X8.555 Y-20.607 Z9.92 E1170.41256
G1 X11.163 Y-19.308 Z9.94 E1171.78276
G1 X13.556 Y-17.695 Z9.961 E1173.13991
G1 X15.745 Y-15.768 Z9.982 E1174.5114
G1 X17.681 Y-13.543 Z10.003 E1175.89841
G1 X19.285 Y-11.12 Z10.024 E1177.26494
G1 X20.565 Y-8.499 Z10.045 E1178.63667
G1 X21.479 Y-5.772 Z10.065 E1179.98923
G1 X22.038 Y-2.918 Z10.086 E1181.3569
G1 X22.219 Y-0.013 Z10.107 E1182.7257
G1 X22.018 Y2.913 Z10.128 E1184.10497
G1 X21.44 Y5.759 Z10.148 E1185.4707
G1 X20.507 Y8.478 Z10.169 E1186.82256
G1 X19.201 Y11.101 Z10.19 E1188.20054
G1 X17.595 Y13.485 Z10.211 E1189.55235
G1 X15.662 Y15.675 Z10.231 E1190.92605
G1 X13.473 Y17.577 Z10.252 E1192.28979
G1 X11.065 Y19.173 Z10.273 E1193.64837
G1 X8.471 Y20.442 Z10.293 E1195.00641
G1 X5.732 Y21.361 Z10.314 E1196.36507
G1 X2.893 Y21.916 Z10.335 E1197.72546
G1 X0.005 Y22.095 Z10.356 E1199.08622
G1 X-2.889 Y21.896 Z10.376 E1200.45041
G1 X-5.719 Y21.322 Z10.397 E1201.80839
G1 X-8.443 Y20.386 Z10.418 E1203.16294
G1 X-11.031 Y19.097 Z10.438 E1204.52262
G1 X-13.416 Y17.491 Z10.459 E1205.87482
G1 X-15.58 Y15.581 Z10.479 E1207.23219
G1 X-17.47 Y13.406 Z10.5 E1208.58727
;TIME_ELAPSED:149.182266
;LAYER:10
;note -- min layer time used
;TYPE:WALL-OUTER
;MESH:funnel.stl
G1 F1640.4 X-19.079 Y10.973 Z10.521 E1209.95902
G1 X-20.311 Y8.45 Z10.542 E1211.27943
G1 X-21.232 Y5.721 Z10.563 E1212.63394
G1 X-21.787 Y2.902 Z10.584 E1213.98509
G1 X-21.968 Y0.03 Z10.605 E1215.33841
G1 X-21.767 Y-2.897 Z10.626 E1216.71815
G1 X-21.194 Y-5.709 Z10.647 E1218.06774
G1 X-20.26 Y-8.417 Z10.668 E1219.41487
G1 X-18.977 Y-10.984 Z10.689 E1220.76445
G1 X-17.402 Y-13.32 Z10.71 E1222.08939
G1 X-15.473 Y-15.508 Z10.731 E1223.46115
G1 X-13.349 Y-17.354 Z10.752 E1224.78455
G1 X-10.918 Y-18.968 Z10.773 E1226.15682
G1 X-8.394 Y-20.199 Z10.794 E1227.47744
G1 X-5.681 Y-21.114 Z10.815 E1228.82391
G1 X-2.877 Y-21.665 Z10.836 E1230.16779
G1 X-0.021 Y-21.843 Z10.857 E1231.5135
G1 X2.871 Y-21.645 Z10.878 E1232.87673
G1 X5.67 Y-21.074 Z10.899 E1234.22014
G1 X8.364 Y-20.145 Z10.92 E1235.56028
G1 X10.913 Y-18.875 Z10.94 E1236.89956
G1 X13.28 Y-17.277 Z10.961 E1238.24263
G1 X15.419 Y-15.387 Z10.982 E1239.58497
G1 X17.262 Y-13.267 Z11.003 E1240.90603
G1 X18.852 Y-10.87 Z11.024 E1242.25874
G1 X20.092 Y-8.335 Z11.044 E1243.58587
G1 X20.996 Y-5.642 Z11.065 E1244.92177
G1 X21.543 Y-2.853 Z11.086 E1246.25836
G1 X21.719 Y-0.013 Z11.107 E1247.59651
G1 X21.523 Y2.848 Z11.128 E1248.94512
G1 X20.957 Y5.629 Z11.149 E1250.27978
G1 X20.036 Y8.307 Z11.169 E1251.61157
G1 X18.768 Y10.851 Z11.19 E1252.94833
G1 X17.187 Y13.196 Z11.211 E1254.27836
G1 X15.306 Y15.325 Z11.232 E1255.61437
G1 X13.185 Y17.168 Z11.252 E1256.93578
G1 X10.815 Y18.74 Z11.273 E1258.27323
G1 X8.28 Y19.98 Z11.294 E1259.60036
G1 X5.602 Y20.878 Z11.314 E1260.92868
G1 X2.828 Y21.42 Z11.335 E1262.25789
G1 X0.005 Y21.595 Z11.356 E1263.58803
G1 X-2.824 Y21.4 Z11.376 E1264.9216
G1 X-5.589 Y20.839 Z11.397 E1266.24841
G1 X-8.252 Y19.924 Z11.418 E1267.57262
G1 X-10.781 Y18.664 Z11.438 E1268.90138
G1 X-13.117 Y17.091 Z11.459 E1270.2258
G1 X-15.224 Y15.231 Z11.479 E1271.54752
G1 X-17.074 Y13.102 Z11.5 E1272.87393
;TIME_ELAPSED:154.188626
;LAYER:11
;note -- min layer time used
;TYPE:WALL-OUTER
;MESH:funnel.stl
G1 F1602.7 X-18.646 Y10.723 Z11.521 E1274.21491
G1 X-19.849 Y8.258 Z11.542 E1275.50482
G1 X-20.749 Y5.592 Z11.563 E1276.8281
G1 X-21.291 Y2.837 Z11.584 E1278.14854
G1 X-21.468 Y0.03 Z11.605 E1279.47123
G1 X-21.271 Y-2.832 Z11.627 E1280.82035
G1 X-20.711 Y-5.58 Z11.648 E1282.13924
G1 X-19.819 Y-8.175 Z11.668 E1283.42969
G1 X-18.57 Y-10.689 Z11.689 E1284.74983
G1 X-17.005 Y-13.016 Z11.71 E1286.06864
G1 X-15.156 Y-15.119 Z11.731 E1287.38553
G1 X-13.005 Y-16.988 Z11.752 E1288.72561
G1 X-10.668 Y-18.535 Z11.773 E1290.04363
G1 X-8.202 Y-19.737 Z11.794 E1291.33376
G1 X-5.552 Y-20.631 Z11.815 E1292.649
G1 X-2.812 Y-21.169 Z11.836 E1293.96217
G1 X-0.021 Y-21.343 Z11.857 E1295.27726
G1 X2.767 Y-21.154 Z11.878 E1296.5914
G1 X5.501 Y-20.601 Z11.898 E1297.90317
G1 X8.172 Y-19.683 Z11.92 E1299.23141
G1 X10.663 Y-18.442 Z11.94 E1300.54019
G1 X12.975 Y-16.881 Z11.961 E1301.85209
G1 X15.038 Y-15.061 Z11.982 E1303.14586
G1 X16.888 Y-12.934 Z12.003 E1304.47156
G1 X18.419 Y-10.62 Z12.024 E1305.7764
G1 X19.63 Y-8.144 Z12.044 E1307.07262
G1 X20.513 Y-5.513 Z12.065 E1308.37774
G1 X21.047 Y-2.788 Z12.086 E1309.68362
G1 X21.219 Y-0.013 Z12.107 E1310.99114
G1 X21.027 Y2.783 Z12.128 E1312.30913
G1 X20.474 Y5.5 Z12.149 E1313.61308
G1 X19.574 Y8.116 Z12.169 E1314.91409
G1 X18.335 Y10.601 Z12.19 E1316.21993
G1 X16.791 Y12.891 Z12.211 E1317.51879
G1 X14.955 Y14.968 Z12.232 E1318.82247
G1 X12.864 Y16.784 Z12.252 E1320.1249
G1 X10.565 Y18.307 Z12.273 E1321.42178
G1 X8.076 Y19.523 Z12.294 E1322.72453
G1 X5.473 Y20.395 Z12.314 E1324.01552
G1 X2.763 Y20.924 Z12.335 E1325.31402
G1 X0.005 Y21.095 Z12.356 E1326.61354
G1 X-2.759 Y20.904 Z12.376 E1327.91648
G1 X-5.46 Y20.356 Z12.397 E1329.21258
G1 X-8.055 Y19.464 Z12.418 E1330.50304
G1 X-10.531 Y18.231 Z12.438 E1331.80383
G1 X-12.807 Y16.698 Z12.459 E1333.09434
G1 X-14.873 Y14.874 Z12.479 E1334.3904
G1 X-16.677 Y12.797 Z12.5 E1335.68416
;TIME_ELAPSED:159.194836
;LAYER:12
;note -- min layer time used
;TYPE:WALL-OUTER
;MESH:funnel.stl
G1 F1565 X-18.213 Y10.473 Z12.521 E1336.99423
G1 X-19.387 Y8.067 Z12.542 E1338.25323
G1 X-20.282 Y5.402 Z12.563 E1339.57531
G1 X-20.795 Y2.773 Z12.584 E1340.83499
G1 X-20.968 Y0.03 Z12.605 E1342.12752
G1 X-20.775 Y-2.768 Z12.627 E1343.44649
G1 X-20.243 Y-5.394 Z12.647 E1344.70652
G1 X-19.335 Y-8.036 Z12.669 E1346.02033
G1 X-18.138 Y-10.438 Z12.689 E1347.28243
G1 X-16.605 Y-12.716 Z12.71 E1348.57371
G1 X-14.766 Y-14.801 Z12.731 E1349.88114
G1 X-12.705 Y-16.587 Z12.752 E1351.16368
G1 X-10.418 Y-18.102 Z12.773 E1352.45378
G1 X-8.011 Y-19.276 Z12.794 E1353.71321
G1 X-5.377 Y-20.161 Z12.815 E1355.01997
G1 X-2.748 Y-20.673 Z12.836 E1356.27956
G1 X-0.021 Y-20.843 Z12.857 E1357.5645
G1 X2.742 Y-20.653 Z12.878 E1358.86694
G1 X5.37 Y-20.119 Z12.899 E1360.12809
G1 X7.983 Y-19.22 Z12.92 E1361.42762
G1 X10.413 Y-18.009 Z12.941 E1362.70444
G1 X12.647 Y-16.502 Z12.961 E1363.97173
G1 X14.68 Y-14.711 Z12.982 E1365.24589
G1 X16.491 Y-12.63 Z13.003 E1366.54324
G1 X17.986 Y-10.37 Z13.024 E1367.81756
G1 X19.167 Y-7.955 Z13.045 E1369.08181
G1 X20.039 Y-5.354 Z13.066 E1370.37192
G1 X20.551 Y-2.724 Z13.086 E1371.63196
G1 X20.719 Y-0.013 Z13.107 E1372.90933
G1 X20.531 Y2.719 Z13.128 E1374.19717
G1 X19.999 Y5.345 Z13.148 E1375.45721
G1 X19.111 Y7.927 Z13.169 E1376.74127
G1 X17.902 Y10.35 Z13.19 E1378.01472
G1 X16.405 Y12.572 Z13.211 E1379.27471
G1 X14.601 Y14.613 Z13.232 E1380.55574
G1 X12.56 Y16.387 Z13.252 E1381.82747
G1 X10.315 Y17.874 Z13.273 E1383.09384
G1 X7.899 Y19.055 Z13.294 E1384.35851
G1 X5.329 Y19.917 Z13.314 E1385.63329
G1 X2.699 Y20.428 Z13.335 E1386.89325
G1 X0.005 Y20.595 Z13.356 E1388.16262
G1 X-2.695 Y20.408 Z13.376 E1389.4354
G1 X-5.321 Y19.877 Z13.397 E1390.69535
G1 X-7.871 Y18.999 Z13.418 E1391.96365
G1 X-10.281 Y17.798 Z13.438 E1393.22996
G1 X-12.503 Y16.301 Z13.459 E1394.48994
G1 X-14.523 Y14.516 Z13.479 E1395.75765
G1 X-16.277 Y12.497 Z13.5 E1397.01541
;TIME_ELAPSED:164.200896
;LAYER:13
;note -- min layer time used
;TYPE:WALL-OUTER
;MESH:funnel.stl
G1 F1527.4 X-17.78 Y10.223 Z13.521 E1398.2973
G1 X-18.926 Y7.876 Z13.542 E1399.52559
G1 X-19.784 Y5.333 Z13.563 E1400.78775
G1 X-20.307 Y2.646 Z13.585 E1402.0751
G1 X-20.468 Y0.03 Z13.605 E1403.30767
G1 X-20.287 Y-2.644 Z13.626 E1404.56808
G1 X-19.746 Y-5.321 Z13.648 E1405.85246
G1 X-18.874 Y-7.843 Z13.669 E1407.1074
G1 X-17.678 Y-10.234 Z13.69 E1408.36466
G1 X-16.212 Y-12.407 Z13.71 E1409.59739
G1 X-14.408 Y-14.451 Z13.732 E1410.87948
G1 X-12.44 Y-16.161 Z13.752 E1412.10556
G1 X-10.168 Y-17.669 Z13.774 E1413.38797
G1 X-7.82 Y-18.814 Z13.794 E1414.61647
G1 X-5.293 Y-19.666 Z13.815 E1415.8706
G1 X-2.638 Y-20.183 Z13.836 E1417.14264
G1 X-0.021 Y-20.343 Z13.857 E1418.37565
G1 X2.677 Y-20.157 Z13.878 E1419.64748
G1 X5.28 Y-19.626 Z13.899 E1420.89682
G1 X7.79 Y-18.76 Z13.92 E1422.1455
G1 X10.163 Y-17.576 Z13.941 E1423.39267
G1 X12.371 Y-16.084 Z13.962 E1424.64588
G1 X14.326 Y-14.358 Z13.982 E1425.87232
G1 X16.095 Y-12.325 Z14.003 E1427.13967
G1 X17.553 Y-10.12 Z14.024 E1428.38282
G1 X18.706 Y-7.761 Z14.045 E1429.61763
G1 X19.548 Y-5.254 Z14.065 E1430.86134
G1 X20.059 Y-2.63 Z14.086 E1432.11853
G1 X20.219 Y-0.013 Z14.107 E1433.35155
G1 X20.039 Y2.628 Z14.128 E1434.59644
G1 X19.509 Y5.241 Z14.149 E1435.8503
G1 X18.65 Y7.733 Z14.169 E1437.0899
G1 X17.469 Y10.1 Z14.19 E1438.33391
G1 X15.997 Y12.283 Z14.211 E1439.57212
G1 X14.248 Y14.26 Z14.232 E1440.81347
G1 X12.255 Y15.991 Z14.252 E1442.0549
G1 X10.065 Y17.441 Z14.273 E1443.29009
G1 X7.706 Y18.594 Z14.294 E1444.5249
G1 X5.214 Y19.43 Z14.314 E1445.76102
G1 X2.621 Y19.935 Z14.335 E1447.00337
G1 X0.005 Y20.095 Z14.356 E1448.23592
G1 X-2.62 Y19.914 Z14.376 E1449.47333
G1 X-5.201 Y19.391 Z14.397 E1450.71179
G1 X-7.678 Y18.538 Z14.418 E1451.9438
G1 X-10.031 Y17.365 Z14.438 E1453.18024
G1 X-12.198 Y15.905 Z14.459 E1454.40906
G1 X-14.171 Y14.163 Z14.48 E1455.64682
G1 X-15.881 Y12.193 Z14.5 E1456.8736
;TIME_ELAPSED:169.206808
;LAYER:14
;note -- min layer time used
;TYPE:WALL-OUTER
;MESH:funnel.stl
G1 F1489.7 X-17.311 Y10.035 Z14.521 E1458.09106
G1 X-18.49 Y7.62 Z14.543 E1459.3549
G1 X-19.317 Y5.143 Z14.564 E1460.583
G1 X-19.811 Y2.583 Z14.585 E1461.80912
G1 X-19.968 Y0.03 Z14.605 E1463.01201
G1 X-19.791 Y-2.581 Z14.626 E1464.24273
G1 X-19.264 Y-5.188 Z14.648 E1465.49354
G1 X-18.432 Y-7.603 Z14.668 E1466.69478
G1 X-17.271 Y-9.939 Z14.689 E1467.92155
G1 X-15.781 Y-12.147 Z14.711 E1469.17424
G1 X-14.095 Y-14.058 Z14.731 E1470.37271
G1 X-12.096 Y-15.795 Z14.753 E1471.61813
G1 X-9.966 Y-17.208 Z14.773 E1472.82019
G1 X-7.58 Y-18.372 Z14.795 E1474.06868
G1 X-5.118 Y-19.195 Z14.815 E1475.28948
G1 X-2.575 Y-19.687 Z14.836 E1476.50758
G1 X-0.021 Y-19.843 Z14.857 E1477.71091
G1 X2.612 Y-19.662 Z14.878 E1478.95208
G1 X5.149 Y-19.144 Z14.899 E1480.16979
G1 X7.559 Y-18.314 Z14.92 E1481.3685
G1 X9.919 Y-17.139 Z14.941 E1482.60831
G1 X12.034 Y-15.712 Z14.961 E1483.80817
G1 X14.021 Y-13.954 Z14.983 E1485.05585
G1 X15.675 Y-12.05 Z15.003 E1486.24194
G1 X17.12 Y-9.87 Z15.024 E1487.47191
G1 X18.243 Y-7.572 Z15.045 E1488.67476
G1 X19.066 Y-5.121 Z15.066 E1489.89066
G1 X19.563 Y-2.567 Z15.086 E1491.11428
G1 X19.719 Y-0.013 Z15.107 E1492.31761
G1 X19.543 Y2.565 Z15.128 E1493.53281
G1 X19.027 Y5.108 Z15.149 E1494.75311
G1 X18.187 Y7.544 Z15.17 E1495.9649
G1 X17.036 Y9.85 Z15.19 E1497.17695
G1 X15.601 Y11.978 Z15.211 E1498.38398
G1 X13.873 Y13.927 Z15.232 E1499.60893
G1 X11.968 Y15.581 Z15.252 E1500.79537
G1 X9.815 Y17.008 Z15.273 E1502.01009
G1 X7.516 Y18.131 Z15.294 E1503.21335
G1 X5.081 Y18.948 Z15.314 E1504.42122
G1 X2.558 Y19.439 Z15.335 E1505.63
G1 X0.005 Y19.595 Z15.356 E1506.83286
G1 X-2.557 Y19.418 Z15.376 E1508.04058
G1 X-5.068 Y18.909 Z15.397 E1509.24547
G1 X-7.488 Y18.075 Z15.418 E1510.44924
G1 X-9.781 Y16.932 Z15.438 E1511.65413
G1 X-11.894 Y15.508 Z15.459 E1512.85243
G1 X-13.816 Y13.809 Z15.48 E1514.05883
G1 X-15.484 Y11.888 Z15.5 E1515.25527
;TIME_ELAPSED:174.213115
;LAYER:15
;note -- min layer time used
;TYPE:WALL-OUTER
;MESH:funnel.stl
G1 F1452.1 X-16.91 Y9.729 Z15.521 E1516.47208
G1 X-18.004 Y7.487 Z15.542 E1517.64527
G1 X-18.819 Y5.072 Z15.563 E1518.84393
G1 X-19.308 Y2.578 Z15.584 E1520.03914
G1 X-19.468 Y0.03 Z15.605 E1521.23977
G1 X-19.288 Y-2.573 Z15.627 E1522.46684
G1 X-18.781 Y-5.058 Z15.648 E1523.65956
G1 X-17.949 Y-7.462 Z15.669 E1524.85591
G1 X-16.839 Y-9.688 Z15.689 E1526.02568
G1 X-15.418 Y-11.798 Z15.71 E1527.22202
G1 X-13.705 Y-13.74 Z15.732 E1528.43983
G1 X-11.788 Y-15.4 Z15.753 E1529.63238
G1 X-9.674 Y-16.799 Z15.774 E1530.82454
G1 X-7.431 Y-17.892 Z15.794 E1531.99795
G1 X-5.032 Y-18.701 Z15.815 E1533.18858
G1 X-2.553 Y-19.186 Z15.836 E1534.3765
G1 X-0.021 Y-19.343 Z15.857 E1535.56954
G1 X2.547 Y-19.166 Z15.878 E1536.78008
G1 X5.019 Y-18.661 Z15.899 E1537.96662
G1 X7.403 Y-17.837 Z15.92 E1539.15285
G1 X9.669 Y-16.706 Z15.941 E1540.34387
G1 X11.73 Y-15.315 Z15.961 E1541.51321
G1 X13.626 Y-13.642 Z15.982 E1542.70236
G1 X15.275 Y-11.749 Z16.003 E1543.883
G1 X16.689 Y-9.616 Z16.024 E1545.0865
G1 X17.792 Y-7.353 Z16.045 E1546.27043
G1 X18.583 Y-4.991 Z16.066 E1547.44186
G1 X19.064 Y-2.529 Z16.086 E1548.62158
G1 X19.219 Y-0.013 Z16.107 E1549.80705
G1 X19.044 Y2.524 Z16.128 E1551.00298
G1 X18.544 Y4.978 Z16.149 E1552.18076
G1 X17.734 Y7.332 Z16.169 E1553.3515
G1 X16.603 Y9.6 Z16.19 E1554.54336
G1 X15.203 Y11.674 Z16.211 E1555.72014
G1 X13.55 Y13.544 Z16.232 E1556.8939
G1 X11.666 Y15.182 Z16.252 E1558.06795
G1 X9.561 Y16.577 Z16.273 E1559.25554
G1 X7.325 Y17.669 Z16.294 E1560.42579
G1 X4.951 Y18.465 Z16.314 E1561.60332
G1 X2.504 Y18.941 Z16.335 E1562.77566
G1 X0.005 Y19.095 Z16.356 E1563.95312
G1 X-2.5 Y18.921 Z16.376 E1565.13401
G1 X-4.938 Y18.426 Z16.397 E1566.30395
G1 X-7.297 Y17.613 Z16.418 E1567.47738
G1 X-9.524 Y16.503 Z16.438 E1568.64757
G92 E0
G1 X-11.598 Y15.104 Z16.459 E1.17652
G1 X-13.455 Y13.464 Z16.479 E2.34164
G1 X-15.09 Y11.58 Z16.5 E3.51477
;TIME_ELAPSED:179.227196
;LAYER:16
;note -- min layer time used
;TYPE:WALL-OUTER
;MESH:funnel.stl
G1 F1414.3 X-16.477 Y9.479 Z16.521 E4.69871
G1 X-17.542 Y7.296 Z16.542 E5.84099
G1 X-18.336 Y4.943 Z16.563 E7.00887
G1 X-18.812 Y2.512 Z16.584 E8.17383
G1 X-18.968 Y0.03 Z16.605 E9.34337
G1 X-18.792 Y-2.507 Z16.627 E10.53934
G1 X-18.298 Y-4.93 Z16.648 E11.70227
G1 X-17.487 Y-7.271 Z16.669 E12.86739
G1 X-16.405 Y-9.439 Z16.689 E14.00688
G1 X-14.988 Y-11.538 Z16.711 E15.19789
G1 X-13.351 Y-13.387 Z16.732 E16.35926
G1 X-11.487 Y-15.001 Z16.753 E17.51881
G1 X-9.424 Y-16.366 Z16.774 E18.68215
G1 X-7.24 Y-17.43 Z16.794 E19.82464
G1 X-4.903 Y-18.218 Z16.815 E20.98448
G1 X-2.487 Y-18.69 Z16.836 E22.14216
G1 X-0.021 Y-18.843 Z16.857 E23.3041
G1 X2.481 Y-18.67 Z16.878 E24.48355
G1 X4.89 Y-18.178 Z16.899 E25.63985
G1 X7.212 Y-17.375 Z16.92 E26.79529
G1 X9.419 Y-16.273 Z16.941 E27.9554
G1 X11.429 Y-14.916 Z16.962 E29.09592
G1 X13.266 Y-13.297 Z16.982 E30.24746
G1 X14.904 Y-11.411 Z17.003 E31.42222
G1 X16.254 Y-9.37 Z17.024 E32.57303
G1 X17.319 Y-7.189 Z17.045 E33.71447
G1 X18.1 Y-4.863 Z17.066 E34.86836
G1 X18.568 Y-2.463 Z17.086 E36.01829
G1 X18.719 Y-0.013 Z17.107 E37.17267
G1 X18.548 Y2.458 Z17.128 E38.33751
G1 X18.061 Y4.85 Z17.149 E39.4855
G1 X17.263 Y7.161 Z17.17 E40.63529
G1 X16.17 Y9.35 Z17.19 E41.78592
G1 X14.819 Y11.354 Z17.211 E42.92253
G1 X13.187 Y13.2 Z17.232 E44.08129
G1 X11.342 Y14.801 Z17.253 E45.23009
G1 X9.315 Y16.142 Z17.273 E46.37307
G1 X7.134 Y17.207 Z17.294 E47.51451
G1 X4.823 Y17.982 Z17.315 E48.66081
G1 X2.438 Y18.445 Z17.335 E49.80337
G1 X0.005 Y18.595 Z17.356 E50.94974
G1 X-2.434 Y18.425 Z17.377 E52.09953
G1 X-4.81 Y17.943 Z17.397 E53.23968
G1 X-7.106 Y17.151 Z17.418 E54.38188
G1 X-9.281 Y16.066 Z17.438 E55.52495
G1 X-11.284 Y14.715 Z17.459 E56.66116
G1 X-13.109 Y13.102 Z17.48 E57.8066
G1 X-14.691 Y11.279 Z17.5 E58.94173
;TIME_ELAPSED:184.232664
;LAYER:17
;note -- min layer time used
;TYPE:WALL-OUTER
;MESH:funnel.stl
G1 F1376.7 X-16.044 Y9.229 Z17.521 E60.09685
G1 X-17.08 Y7.104 Z17.542 E61.20864
G1 X-17.853 Y4.814 Z17.563 E62.34529
G1 X-18.316 Y2.445 Z17.584 E63.48046
G1 X-18.468 Y0.03 Z17.605 E64.61844
G1 X-18.297 Y-2.44 Z17.627 E65.78282
G1 X-17.815 Y-4.8 Z17.648 E66.91559
G1 X-17.025 Y-7.079 Z17.669 E68.04993
G1 X-15.946 Y-9.235 Z17.69 E69.18375
G1 X-14.625 Y-11.19 Z17.71 E70.29336
G1 X-12.998 Y-13.033 Z17.732 E71.44951
G1 X-11.179 Y-14.607 Z17.753 E72.58075
G1 X-9.174 Y-15.933 Z17.774 E73.71122
G1 X-7.048 Y-16.968 Z17.794 E74.82322
G1 X-4.774 Y-17.735 Z17.815 E75.95184
G1 X-2.422 Y-18.194 Z17.836 E77.07881
G1 X-0.021 Y-18.343 Z17.857 E78.21012
G1 X2.416 Y-18.174 Z17.878 E79.35895
G1 X4.76 Y-17.695 Z17.899 E80.48407
G1 X7.02 Y-16.913 Z17.92 E81.60874
G1 X9.169 Y-15.84 Z17.941 E82.73835
G1 X11.121 Y-14.522 Z17.962 E83.846
G1 X12.944 Y-12.912 Z17.983 E84.98981
G1 X14.485 Y-11.137 Z18.003 E86.09525
G1 X15.821 Y-9.12 Z18.024 E87.23302
G1 X16.857 Y-6.998 Z18.045 E88.34354
G1 X17.617 Y-4.733 Z18.066 E89.46709
G1 X18.072 Y-2.397 Z18.087 E90.58632
G1 X18.219 Y-0.013 Z18.107 E91.70959
G1 X18.052 Y2.393 Z18.128 E92.84382
G1 X17.578 Y4.72 Z18.149 E93.96063
G1 X16.801 Y6.97 Z18.17 E95.08009
G1 X15.737 Y9.1 Z18.191 E96.19981
G1 X14.407 Y11.069 Z18.211 E97.31725
G1 X12.834 Y12.846 Z18.232 E98.43332
G1 X11.055 Y14.391 Z18.252 E99.54141
G1 X9.065 Y15.709 Z18.273 E100.66392
G1 X6.942 Y16.745 Z18.294 E101.77487
G1 X4.693 Y17.499 Z18.315 E102.89039
G1 X2.372 Y17.95 Z18.335 E104.00233
G1 X0.005 Y18.095 Z18.356 E105.11757
G1 X-2.368 Y17.93 Z18.377 E106.23625
G1 X-4.68 Y17.46 Z18.397 E107.34578
G1 X-6.914 Y16.689 Z18.418 E108.4572
G1 X-9.031 Y15.633 Z18.438 E109.56977
G1 X-10.987 Y14.314 Z18.459 E110.67924
G1 X-12.748 Y12.757 Z18.479 E111.78469
G1 X-14.297 Y10.971 Z18.5 E112.89651
;TIME_ELAPSED:189.237987
;LAYER:18
;note -- min layer time used
;TYPE:WALL-OUTER
;MESH:funnel.stl
G1 F1339 X-15.611 Y8.979 Z18.521 E114.01877
G1 X-16.618 Y6.913 Z18.542 E115.09964
G1 X-17.37 Y4.684 Z18.563 E116.20595
G1 X-17.821 Y2.382 Z18.584 E117.30912
G1 X-17.968 Y0.03 Z18.605 E118.41739
G1 X-17.801 Y-2.377 Z18.627 E119.55208
G1 X-17.332 Y-4.67 Z18.648 E120.65276
G1 X-16.563 Y-6.888 Z18.669 E121.75677
G1 X-15.54 Y-8.938 Z18.689 E122.83422
G1 X-14.198 Y-10.925 Z18.711 E123.96183
G1 X-12.644 Y-12.68 Z18.732 E125.06424
G1 X-10.875 Y-14.21 Z18.753 E126.16416
G1 X-8.924 Y-15.5 Z18.774 E127.26411
G1 X-6.857 Y-16.506 Z18.794 E128.3452
G1 X-4.644 Y-17.252 Z18.815 E129.44348
G1 X-2.357 Y-17.699 Z18.836 E130.53936
G1 X-0.021 Y-17.843 Z18.857 E131.64003
G1 X2.351 Y-17.679 Z18.878 E132.7582
G1 X4.63 Y-17.212 Z18.899 E133.85225
G1 X6.829 Y-16.451 Z18.92 E134.94658
G1 X8.919 Y-15.407 Z18.941 E136.04527
G1 X10.817 Y-14.125 Z18.962 E137.12241
G1 X12.566 Y-12.583 Z18.983 E138.21896
G1 X14.085 Y-10.836 Z19.003 E139.30768
G1 X15.39 Y-8.866 Z19.024 E140.41897
G1 X16.395 Y-6.806 Z19.045 E141.4969
G1 X17.134 Y-4.603 Z19.066 E142.58967
G1 X17.577 Y-2.333 Z19.087 E143.67735
G1 X17.719 Y-0.013 Z19.107 E144.77045
G1 X17.557 Y2.328 Z19.128 E145.87401
G1 X17.095 Y4.59 Z19.149 E146.95975
G1 X16.339 Y6.778 Z19.17 E148.04842
G1 X15.304 Y8.85 Z19.191 E149.13766
G1 X14.025 Y10.746 Z19.211 E150.21322
G1 X12.477 Y12.496 Z19.232 E151.31199
G1 X10.753 Y13.992 Z19.253 E152.38546
G1 X8.811 Y15.278 Z19.273 E153.48083
G1 X6.751 Y16.283 Z19.294 E154.55876
G1 X4.563 Y17.016 Z19.315 E155.64395
G1 X2.308 Y17.454 Z19.335 E156.72425
G1 X0.005 Y17.595 Z19.356 E157.80934
G1 X-2.304 Y17.434 Z19.377 E158.89786
G1 X-4.55 Y16.977 Z19.397 E159.97576
G1 X-6.723 Y16.227 Z19.418 E161.05684
G1 X-8.774 Y15.204 Z19.438 E162.13471
G1 X-10.685 Y13.914 Z19.459 E163.21902
G1 X-12.395 Y12.402 Z19.479 E164.29249
G1 X-13.9 Y10.667 Z19.5 E165.37263
;TIME_ELAPSED:194.243165
;LAYER:19
;note -- min layer time used
;TYPE:WALL-OUTER
;MESH:funnel.stl
G1 F1301.3 X-15.178 Y8.729 Z19.521 E166.46437
G1 X-16.155 Y6.723 Z19.542 E167.5137
G1 X-16.887 Y4.553 Z19.563 E168.59072
G1 X-17.325 Y2.317 Z19.584 E169.66225
G1 X-17.468 Y0.03 Z19.605 E170.73989
G1 X-17.305 Y-2.312 Z19.627 E171.84396
G1 X-16.849 Y-4.541 Z19.648 E172.91394
G1 X-16.1 Y-6.699 Z19.669 E173.9882
G1 X-15.108 Y-8.686 Z19.689 E175.03264
G1 X-13.798 Y-10.625 Z19.711 E176.13312
G1 X-12.327 Y-12.29 Z19.731 E177.17796
G1 X-10.574 Y-13.811 Z19.753 E178.26944
G1 X-8.674 Y-15.067 Z19.774 E179.34056
G1 X-6.667 Y-16.043 Z19.794 E180.39011
G1 X-4.513 Y-16.769 Z19.815 E181.45909
G1 X-2.292 Y-17.203 Z19.836 E182.52335
G1 X-0.021 Y-17.343 Z19.857 E183.59339
G1 X2.286 Y-17.183 Z19.879 E184.68094
G1 X4.501 Y-16.729 Z19.899 E185.74427
G1 X6.637 Y-15.989 Z19.92 E186.80737
G1 X8.669 Y-14.974 Z19.941 E187.87558
G1 X10.516 Y-13.726 Z19.962 E188.92389
G1 X12.205 Y-12.236 Z19.983 E189.98311
G1 X13.714 Y-10.498 Z20.004 E191.06555
G1 X14.955 Y-8.62 Z20.025 E192.12416
G1 X15.933 Y-6.615 Z20.045 E193.17327
G1 X16.651 Y-4.474 Z20.066 E194.23526
G1 X17.081 Y-2.268 Z20.087 E195.29223
G1 X17.219 Y-0.013 Z20.108 E196.35471
G1 X17.061 Y2.263 Z20.129 E197.42765
G1 X16.612 Y4.461 Z20.149 E198.48268
G1 X15.877 Y6.587 Z20.17 E199.54056
G1 X14.871 Y8.6 Z20.191 E200.59888
G1 X13.629 Y10.441 Z20.211 E201.64328
G1 X12.139 Y12.126 Z20.232 E202.70108
G1 X10.429 Y13.611 Z20.253 E203.76618
G1 X8.562 Y14.845 Z20.273 E204.81866
G1 X6.562 Y15.82 Z20.294 E205.86504
G1 X4.434 Y16.533 Z20.315 E206.92049
G1 X2.243 Y16.958 Z20.335 E207.97008
G1 X0.005 Y17.095 Z20.356 E209.02455
G1 X-2.239 Y16.938 Z20.377 E210.08245
G1 X-4.421 Y16.494 Z20.397 E211.12963
G1 X-6.534 Y15.764 Z20.418 E212.18098
G1 X-8.528 Y14.769 Z20.438 E213.22898
G1 X-10.371 Y13.525 Z20.459 E214.27469
G1 X-12.048 Y12.041 Z20.48 E215.32781
G1 X-13.501 Y10.366 Z20.5 E216.37061
;TIME_ELAPSED:199.248198
;LAYER:20
;note -- min layer time used
;TYPE:WALL-OUTER
;MESH:funnel.stl
G1 F1263.7 X-14.745 Y8.479 Z20.521 E217.43353
G1 X-15.693 Y6.532 Z20.542 E218.45194
G1 X-16.404 Y4.424 Z20.563 E219.49818
G1 X-16.829 Y2.251 Z20.584 E220.53947
G1 X-16.968 Y0.03 Z20.605 E221.58601
G1 X-16.809 Y-2.246 Z20.627 E222.65899
G1 X-16.366 Y-4.412 Z20.648 E223.69872
G1 X-15.638 Y-6.508 Z20.669 E224.7422
G1 X-14.649 Y-8.482 Z20.69 E225.78054
G1 X-13.435 Y-10.277 Z20.711 E226.79964
G1 X-11.937 Y-11.972 Z20.732 E227.86346
G1 X-10.266 Y-13.417 Z20.753 E228.90239
G1 X-8.424 Y-14.634 Z20.774 E229.94065
G1 X-6.476 Y-15.581 Z20.795 E230.95928
G1 X-4.384 Y-16.286 Z20.816 E231.99748
G1 X-2.226 Y-16.707 Z20.836 E233.03149
G1 X-0.021 Y-16.843 Z20.857 E234.07044
G1 X2.22 Y-16.687 Z20.879 E235.1269
G1 X4.373 Y-16.246 Z20.9 E236.16044
G1 X6.446 Y-15.527 Z20.92 E237.19232
G1 X8.419 Y-14.541 Z20.941 E238.2296
G1 X10.208 Y-13.332 Z20.962 E239.24505
G1 X11.88 Y-11.854 Z20.983 E240.29454
G1 X13.318 Y-10.195 Z21.004 E241.32704
G1 X14.522 Y-8.37 Z21.025 E242.35527
G1 X15.471 Y-6.424 Z21.045 E243.37346
G1 X16.168 Y-4.346 Z21.066 E244.40422
G1 X16.585 Y-2.202 Z21.087 E245.43141
G1 X16.719 Y-0.013 Z21.108 E246.46279
G1 X16.565 Y2.197 Z21.129 E247.50464
G1 X16.129 Y4.333 Z21.149 E248.52988
G1 X15.415 Y6.396 Z21.17 E249.55655
G1 X14.438 Y8.35 Z21.191 E250.58395
G1 X13.232 Y10.137 Z21.211 E251.59782
G1 X11.773 Y11.785 Z21.232 E252.63294
G1 X10.125 Y13.214 Z21.253 E253.65876
G1 X8.312 Y14.412 Z21.274 E254.68072
G1 X6.371 Y15.358 Z21.294 E255.69619
G1 X4.305 Y16.05 Z21.315 E256.72085
G1 X2.177 Y16.462 Z21.335 E257.7402
G1 X0.005 Y16.595 Z21.356 E258.76357
G1 X-2.173 Y16.442 Z21.377 E259.79038
G1 X-4.292 Y16.011 Z21.397 E260.80731
G1 X-6.343 Y15.302 Z21.418 E261.82788
G1 X-8.278 Y14.336 Z21.438 E262.84497
G1 X-10.068 Y13.128 Z21.459 E263.86055
G1 X-11.691 Y11.692 Z21.479 E264.87969
G1 X-13.107 Y10.058 Z21.5 E265.89653
;TIME_ELAPSED:204.253089
;LAYER:21
;note -- min layer time used
;TYPE:WALL-OUTER
;MESH:funnel.stl
G1 F1226 X-14.312 Y8.229 Z21.521 E266.92658
G1 X-15.231 Y6.341 Z21.542 E267.91408
G1 X-15.921 Y4.295 Z21.563 E268.92953
G1 X-16.341 Y2.124 Z21.585 E269.96946
G1 X-16.468 Y0.03 Z21.605 E270.95604
G1 X-16.321 Y-2.122 Z21.626 E271.97046
G1 X-15.882 Y-4.284 Z21.648 E273.00797
G1 X-15.176 Y-6.317 Z21.669 E274.02007
G1 X-14.216 Y-8.232 Z21.69 E275.0275
G1 X-13.036 Y-9.976 Z21.711 E276.01778
G1 X-11.587 Y-11.616 Z21.732 E277.04696
G1 X-10.001 Y-12.991 Z21.753 E278.03412
G1 X-8.174 Y-14.201 Z21.774 E279.06468
G1 X-6.285 Y-15.119 Z21.795 E280.0524
G1 X-4.255 Y-15.803 Z21.816 E281.05982
G1 X-2.116 Y-16.217 Z21.837 E282.08443
G1 X-0.021 Y-16.343 Z21.857 E283.07146
G1 X2.155 Y-16.191 Z21.879 E284.0973
G1 X4.242 Y-15.763 Z21.9 E285.09921
G1 X6.255 Y-15.065 Z21.921 E286.1012
G1 X8.169 Y-14.108 Z21.941 E287.10757
G1 X9.932 Y-12.914 Z21.962 E288.10894
G1 X11.501 Y-11.526 Z21.983 E289.09411
G1 X12.922 Y-9.89 Z22.004 E290.1132
G1 X14.091 Y-8.117 Z22.025 E291.11195
G1 X15.008 Y-6.235 Z22.045 E292.0965
G1 X15.685 Y-4.217 Z22.066 E293.09752
G1 X16.093 Y-2.108 Z22.087 E294.10774
G1 X16.219 Y-0.013 Z22.108 E295.09478
G1 X16.073 Y2.106 Z22.128 E296.09367
G1 X15.646 Y4.204 Z22.149 E297.10056
G1 X14.952 Y6.207 Z22.17 E298.09749
G1 X14.02 Y8.074 Z22.191 E299.07883
G1 X12.817 Y9.856 Z22.212 E300.08998
G1 X11.423 Y11.427 Z22.232 E301.07772
G1 X9.82 Y12.818 Z22.253 E302.07584
G1 X8.062 Y13.979 Z22.274 E303.06663
G1 X6.18 Y14.896 Z22.294 E304.05118
G1 X4.177 Y15.566 Z22.315 E305.04447
G1 X2.099 Y15.969 Z22.335 E306.03993
G1 X0.005 Y16.095 Z22.356 E307.02649
G1 X-2.098 Y15.948 Z22.377 E308.01792
G1 X-4.164 Y15.527 Z22.397 E309.0095
G1 X-6.152 Y14.84 Z22.418 E309.99868
G1 X-8.028 Y13.903 Z22.438 E310.98486
G1 X-9.763 Y12.732 Z22.459 E311.96926
G1 X-11.338 Y11.337 Z22.479 E312.95873
G1 X-12.711 Y9.754 Z22.5 E313.9442
;TIME_ELAPSED:209.257837
;LAYER:22
;note -- min layer time used
;TYPE:WALL-OUTER
;MESH:funnel.stl
G1 F1188.3 X-13.88 Y7.977 Z22.521 E314.94452
G1 X-14.768 Y6.152 Z22.542 E315.89901
G1 X-15.454 Y4.105 Z22.564 E316.91431
G1 X-15.845 Y2.061 Z22.585 E317.893
G1 X-15.968 Y0.03 Z22.605 E318.84991
G1 X-15.825 Y-2.059 Z22.626 E319.83464
G1 X-15.413 Y-4.099 Z22.647 E320.81339
G1 X-14.737 Y-6.069 Z22.669 E321.79289
G1 X-13.779 Y-7.989 Z22.69 E322.802
G1 X-12.642 Y-9.667 Z22.711 E323.75525
G1 X-11.23 Y-11.265 Z22.732 E324.75811
G1 X-9.657 Y-12.625 Z22.753 E325.73603
G1 X-7.922 Y-13.769 Z22.774 E326.71339
G1 X-6.096 Y-14.656 Z22.795 E327.66809
G1 X-4.08 Y-15.332 Z22.816 E328.66807
G1 X-2.053 Y-15.721 Z22.837 E329.63874
G1 X-0.021 Y-15.843 Z22.858 E330.59609
G1 X2.09 Y-15.696 Z22.879 E331.59127
G1 X4.113 Y-15.28 Z22.9 E332.56257
G1 X6.066 Y-14.602 Z22.921 E333.53481
G1 X7.885 Y-13.695 Z22.941 E334.49071
G1 X9.599 Y-12.54 Z22.962 E335.46272
G1 X11.173 Y-11.147 Z22.983 E336.45121
G1 X12.525 Y-9.586 Z23.004 E337.4224
G1 X13.64 Y-7.898 Z23.025 E338.3738
G1 X14.548 Y-6.039 Z23.045 E339.34678
G1 X15.201 Y-4.089 Z23.066 E340.31389
G1 X15.597 Y-2.045 Z23.087 E341.29303
G1 X15.719 Y-0.013 Z23.108 E342.25038
G1 X15.577 Y2.043 Z23.129 E343.2196
G1 X15.162 Y4.076 Z23.15 E344.19541
G1 X14.493 Y6.011 Z23.17 E345.15827
G1 X13.571 Y7.851 Z23.191 E346.12616
G1 X12.439 Y9.527 Z23.211 E347.0773
G1 X11.066 Y11.078 Z23.232 E348.05146
G1 X9.516 Y12.421 Z23.253 E349.01597
G1 X7.831 Y13.535 Z23.273 E349.96593
G1 X5.97 Y14.441 Z23.294 E350.93934
G1 X4.034 Y15.087 Z23.315 E351.89917
G1 X2.036 Y15.473 Z23.336 E352.85618
G1 X0.005 Y15.595 Z23.356 E353.81306
G1 X-2.035 Y15.452 Z23.377 E354.7748
G1 X-4.026 Y15.047 Z23.397 E355.73031
G1 X-5.949 Y14.382 Z23.418 E356.68723
G1 X-7.785 Y13.466 Z23.439 E357.65217
G1 X-9.459 Y12.335 Z23.459 E358.60228
G1 X-10.984 Y10.985 Z23.479 E359.56011
G1 X-12.315 Y9.449 Z23.5 E360.51594
;TIME_ELAPSED:214.262446
;LAYER:23
;note -- min layer time used
;TYPE:WALL-OUTER
;MESH:funnel.stl
G1 F1150.6 X-13.448 Y7.727 Z23.521 E361.48535
G1 X-14.306 Y5.961 Z23.542 E362.40872
G1 X-14.955 Y4.035 Z23.563 E363.36454
G1 X-15.342 Y2.056 Z23.584 E364.31287
G1 X-15.468 Y0.03 Z23.605 E365.26751
G1 X-15.322 Y-2.051 Z23.627 E366.24859
G1 X-14.917 Y-4.023 Z23.648 E367.19536
G1 X-14.254 Y-5.928 Z23.669 E368.14397
G1 X-13.345 Y-7.74 Z23.69 E369.09735
G1 X-12.248 Y-9.361 Z23.711 E370.01785
G1 X-10.872 Y-10.916 Z23.732 E370.99436
G1 X-9.396 Y-12.195 Z23.753 E371.91286
G1 X-7.672 Y-13.337 Z23.774 E372.88538
G1 X-5.905 Y-14.194 Z23.795 E373.80897
G1 X-3.995 Y-14.837 Z23.816 E374.75676
G1 X-2.031 Y-15.22 Z23.837 E375.6978
G1 X-0.021 Y-15.343 Z23.858 E376.64485
G1 X2.025 Y-15.2 Z23.879 E377.60941
G1 X3.983 Y-14.796 Z23.9 E378.54964
G1 X5.875 Y-14.14 Z23.921 E379.49139
G1 X7.667 Y-13.244 Z23.942 E380.43362
G1 X9.326 Y-12.117 Z23.963 E381.37683
G1 X10.791 Y-10.822 Z23.983 E382.2964
G1 X12.105 Y-9.31 Z24.004 E383.23847
G1 X13.225 Y-7.616 Z24.025 E384.19352
G1 X14.087 Y-5.848 Z24.046 E385.11856
G1 X14.718 Y-3.959 Z24.066 E386.05518
G1 X15.098 Y-2.007 Z24.087 E386.99042
G1 X15.219 Y-0.013 Z24.108 E387.92991
G1 X15.078 Y2.002 Z24.129 E388.87986
G1 X14.679 Y3.946 Z24.15 E389.81316
G1 X14.031 Y5.82 Z24.17 E390.74568
G1 X13.149 Y7.583 Z24.191 E391.67277
G1 X12.042 Y9.224 Z24.212 E392.6037
G1 X10.712 Y10.724 Z24.233 E393.5465
G1 X9.227 Y12.012 Z24.253 E394.47097
G1 X7.565 Y13.111 Z24.274 E395.40802
G1 X5.791 Y13.974 Z24.294 E396.33579
G1 X3.916 Y14.601 Z24.315 E397.26558
G1 X1.982 Y14.975 Z24.336 E398.19198
G1 X0.005 Y15.095 Z24.356 E399.12345
G1 X-1.978 Y14.955 Z24.377 E400.05835
G1 X-3.903 Y14.562 Z24.397 E400.98233
G1 X-5.763 Y13.918 Z24.418 E401.90802
G1 X-7.528 Y13.037 Z24.439 E402.83574
G1 X-9.159 Y11.934 Z24.459 E403.76172
G1 X-10.634 Y10.627 Z24.48 E404.68855
G1 X-11.914 Y9.149 Z24.5 E405.60806
;TIME_ELAPSED:219.266915
;LAYER:24
;note -- min layer time used
;TYPE:WALL-OUTER
;MESH:funnel.stl
G1 F1113 X-13.015 Y7.477 Z24.522 E406.54956
G1 X-13.844 Y5.77 Z24.542 E407.44201
G1 X-14.472 Y3.906 Z24.563 E408.36705
G1 X-14.846 Y1.99 Z24.584 E409.28513
G1 X-14.968 Y0.03 Z24.605 E410.20869
G1 X-14.826 Y-1.985 Z24.627 E411.15867
G1 X-14.434 Y-3.894 Z24.648 E412.07519
G1 X-13.789 Y-5.743 Z24.669 E412.99615
G1 X-12.943 Y-7.437 Z24.69 E413.88665
G1 X-11.818 Y-9.099 Z24.711 E414.8305
G1 X-10.519 Y-10.562 Z24.733 E415.75062
G1 X-9.053 Y-11.827 Z24.753 E416.66125
G1 X-7.422 Y-12.904 Z24.774 E417.58044
G1 X-5.714 Y-13.732 Z24.795 E418.47311
G1 X-3.866 Y-14.354 Z24.816 E419.39011
G1 X-1.965 Y-14.724 Z24.837 E420.30091
G1 X-0.021 Y-14.843 Z24.858 E421.21687
G1 X1.959 Y-14.704 Z24.879 E422.15034
G1 X3.854 Y-14.313 Z24.9 E423.06031
G1 X5.684 Y-13.677 Z24.921 E423.97144
G1 X7.417 Y-12.811 Z24.942 E424.88255
G1 X8.995 Y-11.742 Z24.962 E425.77892
G1 X10.462 Y-10.444 Z24.984 E426.70014
G1 X11.731 Y-8.976 Z25.004 E427.61271
G1 X12.774 Y-7.398 Z25.025 E428.50229
G1 X13.636 Y-5.629 Z25.046 E429.42775
G1 X14.235 Y-3.83 Z25.067 E430.31947
G1 X14.602 Y-1.941 Z25.087 E431.22446
G1 X14.718 Y-0.013 Z25.108 E432.13282
G1 X14.582 Y1.936 Z25.129 E433.05165
G1 X14.196 Y3.817 Z25.15 E433.9547
G1 X13.577 Y5.608 Z25.17 E434.84588
G1 X12.716 Y7.334 Z25.191 E435.75299
G1 X11.634 Y8.935 Z25.212 E436.66175
G1 X10.359 Y10.371 Z25.233 E437.56488
G1 X8.907 Y11.628 Z25.253 E438.46807
G1 X7.313 Y12.68 Z25.274 E439.36626
G1 X5.606 Y13.51 Z25.294 E440.25891
G1 X3.787 Y14.118 Z25.315 E441.1609
G1 X1.916 Y14.479 Z25.336 E442.05704
G1 X0.005 Y14.595 Z25.356 E442.95742
G1 X-1.912 Y14.459 Z25.377 E443.86124
G1 X-3.774 Y14.079 Z25.397 E444.75497
G1 X-5.578 Y13.454 Z25.418 E445.65285
G1 X-7.276 Y12.606 Z25.439 E446.54545
G1 X-8.849 Y11.542 Z25.459 E447.43856
G1 X-10.281 Y10.274 Z25.48 E448.33809
G1 X-11.518 Y8.845 Z25.5 E449.22695
;TIME_ELAPSED:224.271781
;LAYER:25
;note -- min layer time used
;TYPE:WALL-OUTER
;MESH:funnel.stl
G1 F1075.3 X-12.582 Y7.227 Z25.522 E450.13768
G1 X-13.406 Y5.52 Z25.543 E451.02911
G1 X-13.989 Y3.776 Z25.563 E451.89391
G1 X-14.35 Y1.924 Z25.584 E452.78128
G1 X-14.468 Y0.03 Z25.606 E453.67375
G1 X-14.33 Y-1.919 Z25.627 E454.59264
G1 X-13.965 Y-3.71 Z25.648 E455.45225
G1 X-13.351 Y-5.495 Z25.669 E456.34
G1 X-12.48 Y-7.239 Z25.691 E457.2568
G1 X-11.449 Y-8.759 Z25.711 E458.12057
G1 X-10.205 Y-10.169 Z25.732 E459.00487
G1 X-8.748 Y-11.432 Z25.754 E459.9117
G1 X-7.172 Y-12.471 Z25.775 E460.79946
G1 X-5.48 Y-13.288 Z25.796 E461.68311
G1 X-3.736 Y-13.871 Z25.816 E462.54791
G1 X-1.9 Y-14.228 Z25.837 E463.42754
G1 X-0.021 Y-14.343 Z25.858 E464.31287
G1 X1.894 Y-14.208 Z25.879 E465.21572
G1 X3.725 Y-13.83 Z25.9 E466.09498
G1 X5.457 Y-13.23 Z25.921 E466.95703
G1 X7.167 Y-12.378 Z25.942 E467.85552
G1 X8.718 Y-11.324 Z25.963 E468.73743
G1 X10.108 Y-10.091 Z25.984 E469.61127
G1 X11.335 Y-8.673 Z26.005 E470.49314
G1 X12.357 Y-7.121 Z26.025 E471.36707
G1 X13.163 Y-5.465 Z26.046 E472.23323
G1 X13.752 Y-3.701 Z26.067 E473.10785
G1 X14.106 Y-1.875 Z26.087 E473.98259
G1 X14.218 Y-0.013 Z26.108 E474.85986
G1 X14.086 Y1.871 Z26.129 E475.74807
G1 X13.713 Y3.688 Z26.15 E476.62041
G1 X13.107 Y5.437 Z26.171 E477.49093
G1 X12.273 Y7.101 Z26.191 E478.36628
G1 X11.238 Y8.63 Z26.212 E479.23462
G1 X10.005 Y10.017 Z26.233 E480.1074
G1 X8.603 Y11.231 Z26.253 E480.97958
G1 X7.082 Y12.236 Z26.274 E481.83695
G1 X5.395 Y13.055 Z26.295 E482.71889
G1 X3.646 Y13.639 Z26.315 E483.58607
G1 X1.851 Y13.984 Z26.336 E484.4457
G1 X0.005 Y14.095 Z26.356 E485.31543
G1 X-1.847 Y13.964 Z26.377 E486.18859
G1 X-3.638 Y13.598 Z26.397 E487.04829
G1 X-5.375 Y12.996 Z26.418 E487.91286
G1 X-7.035 Y12.167 Z26.439 E488.78549
G1 X-8.546 Y11.145 Z26.459 E489.64338
G1 X-9.927 Y9.92 Z26.48 E490.51155
G1 X-11.121 Y8.54 Z26.5 E491.36976
;TIME_ELAPSED:229.276511
;LAYER:26
;note -- min layer time used
;TYPE:WALL-OUTER
;MESH:funnel.stl
G1 F1037.7 X-12.149 Y6.977 Z26.522 E492.24957
G1 X-12.92 Y5.387 Z26.542 E493.08062
G1 X-13.506 Y3.646 Z26.563 E493.94453
G1 X-13.855 Y1.86 Z26.584 E494.80037
G1 X-13.968 Y0.03 Z26.606 E495.66265
G1 X-13.835 Y-1.855 Z26.627 E496.55136
G1 X-13.468 Y-3.635 Z26.648 E497.40609
G1 X-12.868 Y-5.354 Z26.669 E498.26236
G1 X-12.046 Y-6.99 Z26.691 E499.12343
G1 X-11.057 Y-8.448 Z26.711 E499.95198
G1 X-9.815 Y-9.852 Z26.733 E500.83356
G1 X-8.44 Y-11.037 Z26.754 E501.68722
G1 X-6.922 Y-12.038 Z26.775 E502.54238
G1 X-5.331 Y-12.808 Z26.795 E503.37364
G1 X-3.606 Y-13.388 Z26.816 E504.22953
G1 X-1.835 Y-13.733 Z26.837 E505.07808
G1 X-0.021 Y-13.843 Z26.858 E505.93276
G1 X1.829 Y-13.713 Z26.88 E506.80496
G1 X3.595 Y-13.347 Z26.9 E507.65314
G1 X5.301 Y-12.754 Z26.921 E508.50255
G1 X6.917 Y-11.945 Z26.942 E509.35247
G1 X8.382 Y-10.952 Z26.963 E510.18481
G1 X9.757 Y-9.734 Z26.984 E511.04869
G1 X10.915 Y-8.397 Z27.004 E511.88053
G1 X11.926 Y-6.867 Z27.026 E512.74299
G1 X12.701 Y-5.274 Z27.046 E513.57612
G1 X13.269 Y-3.571 Z27.067 E514.42041
G1 X13.611 Y-1.811 Z27.088 E515.26361
G1 X13.718 Y-0.013 Z27.108 E516.11069
G1 X13.59 Y1.806 Z27.129 E516.96827
G1 X13.23 Y3.558 Z27.15 E517.80945
G1 X12.645 Y5.246 Z27.171 E518.64963
G1 X11.84 Y6.851 Z27.192 E519.49408
G1 X10.837 Y8.33 Z27.212 E520.3345
G1 X9.655 Y9.659 Z27.233 E521.17097
G1 X8.314 Y10.822 Z27.253 E522.00577
G1 X6.815 Y11.812 Z27.274 E522.85061
G1 X5.217 Y12.588 Z27.295 E523.68607
G1 X3.528 Y13.152 Z27.315 E524.52351
G1 X1.786 Y13.488 Z27.336 E525.35787
G1 X0.005 Y13.595 Z27.356 E526.19697
G1 X-1.782 Y13.468 Z27.377 E527.03951
G1 X-3.515 Y13.113 Z27.398 E527.87146
G1 X-5.189 Y12.532 Z27.418 E528.7048
G1 X-6.778 Y11.738 Z27.439 E529.54021
G1 X-8.246 Y10.744 Z27.459 E530.37398
G1 X-9.569 Y9.57 Z27.48 E531.20583
G1 X-10.727 Y8.232 Z27.5 E532.03803
;TIME_ELAPSED:234.281107
;LAYER:27
;note -- min layer time used
;TYPE:WALL-OUTER
;MESH:funnel.stl
G1 F999.9 X-11.682 Y6.786 Z27.521 E532.85301
G1 X-12.484 Y5.133 Z27.543 E533.71708
G1 X-13.038 Y3.461 Z27.564 E534.54545
G1 X-13.359 Y1.795 Z27.584 E535.34338
G1 X-13.468 Y0.03 Z27.606 E536.17504
G1 X-13.339 Y-1.79 Z27.627 E537.03313
G1 X-12.984 Y-3.508 Z27.649 E537.85817
G1 X-12.406 Y-5.164 Z27.67 E538.68306
G1 X-11.616 Y-6.735 Z27.691 E539.51006
G1 X-10.629 Y-8.185 Z27.712 E540.33498
G1 X-9.458 Y-9.501 Z27.733 E541.16344
G1 X-8.178 Y-10.608 Z27.753 E541.95931
G1 X-6.716 Y-11.579 Z27.774 E542.78472
G1 X-5.093 Y-12.366 Z27.796 E543.63302
G1 X-3.436 Y-12.916 Z27.817 E544.45411
G1 X-1.77 Y-13.237 Z27.837 E545.25204
G1 X-0.021 Y-13.343 Z27.858 E546.0761
G1 X1.764 Y-13.217 Z27.88 E546.91767
G1 X3.469 Y-12.864 Z27.901 E547.73653
G1 X5.07 Y-12.308 Z27.921 E548.53359
G1 X6.67 Y-11.51 Z27.942 E549.37446
G1 X8.109 Y-10.531 Z27.963 E550.19299
G1 X9.401 Y-9.383 Z27.984 E551.00583
G1 X10.541 Y-8.063 Z28.005 E551.82609
G1 X11.491 Y-6.621 Z28.026 E552.63821
G1 X12.25 Y-5.055 Z28.047 E553.45664
G1 X12.786 Y-3.442 Z28.067 E554.25601
G1 X13.115 Y-1.746 Z28.088 E555.06851
G1 X13.218 Y-0.013 Z28.109 E555.88497
G1 X13.094 Y1.741 Z28.13 E556.71193
G1 X12.747 Y3.429 Z28.15 E557.52239
G1 X12.191 Y5.034 Z28.171 E558.32123
G1 X11.406 Y6.601 Z28.192 E559.14549
G1 X10.441 Y8.027 Z28.212 E559.95526
G1 X9.302 Y9.306 Z28.233 E560.76072
G1 X7.994 Y10.438 Z28.254 E561.57425
G1 X6.566 Y11.379 Z28.274 E562.37854
G1 X5.027 Y12.127 Z28.295 E563.18329
G1 X3.402 Y12.668 Z28.315 E563.98876
G1 X1.721 Y12.992 Z28.336 E564.79388
G1 X0.005 Y13.095 Z28.356 E565.60236
G1 X-1.717 Y12.972 Z28.377 E566.41428
G1 X-3.389 Y12.629 Z28.398 E567.217
G1 X-4.999 Y12.071 Z28.418 E568.01836
G1 X-6.532 Y11.303 Z28.439 E568.82474
G1 X-7.936 Y10.352 Z28.459 E569.62226
G1 X-9.22 Y9.213 Z28.48 E570.42947
G1 X-10.328 Y7.932 Z28.5 E571.22601
;TIME_ELAPSED:239.285571
;LAYER:28
;note -- min layer time used
;TYPE:WALL-OUTER
;MESH:funnel.stl
G1 F962.3 X-11.283 Y6.477 Z28.522 E572.04453
G1 X-11.997 Y5.003 Z28.542 E572.8148
G1 X-12.54 Y3.389 Z28.563 E573.61567
G1 X-12.863 Y1.729 Z28.584 E574.41101
G1 X-12.968 Y0.03 Z28.606 E575.21158
G1 X-12.843 Y-1.724 Z28.628 E576.03858
G1 X-12.5 Y-3.377 Z28.649 E576.83255
G1 X-11.963 Y-4.927 Z28.669 E577.60402
G1 X-11.21 Y-6.438 Z28.69 E578.39799
G1 X-10.233 Y-7.88 Z28.712 E579.21717
G1 X-9.105 Y-9.148 Z28.733 E580.01532
G1 X-7.835 Y-10.242 Z28.754 E580.80365
G1 X-6.422 Y-11.171 Z28.775 E581.59895
G1 X-4.948 Y-11.885 Z28.795 E582.36922
G1 X-3.349 Y-12.422 Z28.816 E583.1625
G1 X-1.704 Y-12.741 Z28.837 E583.95056
G1 X-0.021 Y-12.843 Z28.858 E584.74353
G1 X1.698 Y-12.721 Z28.88 E585.55401
G1 X3.338 Y-12.381 Z28.901 E586.3417
G1 X4.918 Y-11.831 Z28.922 E587.12851
G1 X6.417 Y-11.079 Z28.943 E587.91723
G1 X7.777 Y-10.156 Z28.963 E588.69023
G1 X9.047 Y-9.03 Z28.984 E589.48846
G1 X10.122 Y-7.788 Z29.005 E590.26099
G1 X11.06 Y-6.367 Z29.026 E591.06176
G1 X11.777 Y-4.891 Z29.046 E591.83349
G1 X12.303 Y-3.313 Z29.067 E592.61577
G1 X12.618 Y-1.68 Z29.088 E593.39793
G1 X12.718 Y-0.013 Z29.109 E594.18333
G1 X12.598 Y1.675 Z29.13 E594.9792
G1 X12.264 Y3.3 Z29.151 E595.75941
G1 X11.721 Y4.863 Z29.171 E596.53758
G1 X10.984 Y6.334 Z29.192 E597.31137
G1 X10.056 Y7.706 Z29.212 E598.09036
G1 X8.948 Y8.952 Z29.233 E598.87454
G1 X7.705 Y10.029 Z29.254 E599.64803
G1 X6.309 Y10.95 Z29.274 E600.43458
G1 X4.827 Y11.667 Z29.295 E601.20885
G1 X3.271 Y12.185 Z29.315 E601.98012
G1 X1.655 Y12.496 Z29.336 E602.75408
G1 X0.005 Y12.595 Z29.357 E603.53147
G1 X-1.651 Y12.476 Z29.377 E604.31229
G1 X-3.258 Y12.146 Z29.398 E605.08384
G1 X-4.807 Y11.608 Z29.418 E605.85502
G1 X-6.272 Y10.876 Z29.439 E606.62523
G1 X-7.637 Y9.951 Z29.459 E607.40071
G1 X-8.866 Y8.859 Z29.48 E608.17391
G1 X-9.932 Y7.627 Z29.5 E608.9401
;TIME_ELAPSED:244.289907
;LAYER:29
;note -- min layer time used
;TYPE:WALL-OUTER
;MESH:funnel.stl
G1 F924.7 X-10.85 Y6.227 Z29.522 E609.72745
G1 X-11.536 Y4.81 Z29.542 E610.46786
G1 X-12.056 Y3.262 Z29.563 E611.23587
G1 X-12.375 Y1.602 Z29.585 E612.03086
G1 X-12.468 Y0.03 Z29.606 E612.77147
G1 X-12.355 Y-1.6 Z29.627 E613.5399
G1 X-12.017 Y-3.25 Z29.649 E614.33202
G1 X-11.481 Y-4.784 Z29.67 E615.09624
G1 X-10.751 Y-6.234 Z29.691 E615.85972
G1 X-9.867 Y-7.535 Z29.711 E616.59947
G1 X-8.791 Y-8.754 Z29.732 E617.36416
G1 X-7.526 Y-9.848 Z29.754 E618.15072
G1 X-6.172 Y-10.738 Z29.775 E618.91276
G1 X-4.755 Y-11.424 Z29.796 E619.65317
G1 X-3.222 Y-11.938 Z29.817 E620.41359
G1 X-1.594 Y-12.251 Z29.838 E621.19326
G1 X-0.021 Y-12.343 Z29.859 E621.93432
G1 X1.631 Y-12.225 Z29.88 E622.71324
G1 X3.211 Y-11.897 Z29.901 E623.47216
G1 X4.725 Y-11.369 Z29.922 E624.22626
G1 X6.167 Y-10.646 Z29.943 E624.98491
G1 X7.468 Y-9.762 Z29.963 E625.72465
G1 X8.7 Y-8.669 Z29.985 E626.49922
G1 X9.722 Y-7.487 Z30.005 E627.2341
G1 X10.627 Y-6.117 Z30.026 E628.0063
G1 X11.315 Y-4.7 Z30.047 E628.74713
G1 X11.82 Y-3.184 Z30.067 E629.49862
G1 X12.127 Y-1.586 Z30.088 E630.26391
G1 X12.218 Y-0.013 Z30.109 E631.00493
G1 X12.106 Y1.584 Z30.13 E631.75786
G1 X11.781 Y3.171 Z30.151 E632.51972
G1 X11.259 Y4.672 Z30.171 E633.26711
G1 X10.54 Y6.101 Z30.192 E634.01945
G1 X9.662 Y7.398 Z30.212 E634.75605
G1 X8.588 Y8.606 Z30.233 E635.51625
G1 X7.405 Y9.628 Z30.254 E636.25149
G1 X6.059 Y10.517 Z30.275 E637.01013
G1 X4.647 Y11.202 Z30.295 E637.74821
G1 X3.132 Y11.705 Z30.316 E638.49897
G1 X1.577 Y12.003 Z30.336 E639.2436
G1 X0.005 Y12.095 Z30.357 E639.98418
G1 X-1.576 Y11.982 Z30.377 E640.72963
G1 X-3.131 Y11.663 Z30.398 E641.47618
G1 X-4.619 Y11.146 Z30.418 E642.21703
G1 X-6.025 Y10.441 Z30.439 E642.95675
G1 X-7.337 Y9.551 Z30.459 E643.70236
G1 X-8.505 Y8.514 Z30.479 E644.43693
G1 X-9.538 Y7.318 Z30.5 E645.18018
;TIME_ELAPSED:249.294119
;LAYER:30
;note -- min layer time used
;TYPE:WALL-OUTER
;MESH:funnel.stl
G1 F886.9 X-10.417 Y5.977 Z30.522 E645.93427
G1 X-11.073 Y4.621 Z30.542 E646.64272
G1 X-11.589 Y3.071 Z30.564 E647.41102
G1 X-11.879 Y1.539 Z30.585 E648.14433
G1 X-11.968 Y0.03 Z30.606 E648.85526
G1 X-11.859 Y-1.537 Z30.627 E649.59401
G1 X-11.549 Y-3.065 Z30.648 E650.32728
G1 X-11.039 Y-4.545 Z30.669 E651.0635
G1 X-10.345 Y-5.936 Z30.69 E651.7946
G1 X-9.434 Y-7.276 Z30.712 E652.55666
G1 X-8.401 Y-8.437 Z30.733 E653.28753
G1 X-7.226 Y-9.448 Z30.754 E654.01654
G1 X-5.922 Y-10.305 Z30.775 E654.75041
G1 X-4.566 Y-10.961 Z30.796 E655.45886
G1 X-3.046 Y-11.467 Z30.817 E656.21229
G1 X-1.531 Y-11.755 Z30.838 E656.93757
G1 X-0.021 Y-11.842 Z30.859 E657.64891
G1 X1.527 Y-11.735 Z30.88 E658.37869
G1 X3.078 Y-11.415 Z30.901 E659.12349
G1 X4.537 Y-10.906 Z30.922 E659.85023
G1 X5.917 Y-10.213 Z30.943 E660.57649
G1 X7.168 Y-9.362 Z30.963 E661.28807
G1 X8.316 Y-8.347 Z30.984 E662.00875
G1 X9.351 Y-7.15 Z31.006 E662.75297
G1 X10.193 Y-5.868 Z31.026 E663.47432
G1 X10.861 Y-4.486 Z31.047 E664.19623
G1 X11.345 Y-3.025 Z31.068 E664.92007
G1 X11.631 Y-1.523 Z31.089 E665.63917
G1 X11.718 Y-0.013 Z31.109 E666.35051
G1 X11.61 Y1.521 Z31.13 E667.07374
G1 X11.305 Y3.016 Z31.151 E667.79134
G1 X10.803 Y4.465 Z31.171 E668.51255
G1 X10.119 Y5.831 Z31.192 E669.23103
G1 X9.266 Y7.093 Z31.213 E669.94742
G1 X8.237 Y8.249 Z31.233 E670.67528
G1 X7.081 Y9.248 Z31.254 E671.39384
G1 X5.813 Y10.082 Z31.275 E672.10762
G1 X4.445 Y10.743 Z31.295 E672.82217
G1 X3 Y11.223 Z31.316 E673.53828
G1 X1.514 Y11.507 Z31.336 E674.2498
G1 X0.005 Y11.595 Z31.357 E674.9607
G1 X-1.513 Y11.486 Z31.377 E675.67646
G1 X-2.992 Y11.183 Z31.398 E676.3865
G1 X-4.425 Y10.684 Z31.418 E677.10014
G1 X-5.779 Y10.006 Z31.439 E677.81231
G1 X-7.023 Y9.162 Z31.459 E678.51931
G1 X-8.159 Y8.152 Z31.48 E679.23421
G1 X-9.138 Y7.018 Z31.5 E679.93879
;TIME_ELAPSED:254.298210
;LAYER:31
;note -- min layer time used
;TYPE:WALL-OUTER
;MESH:funnel.stl
G1 F849.3 X-9.984 Y5.727 Z31.522 E680.66472
G1 X-10.611 Y4.429 Z31.542 E681.34267
G1 X-11.091 Y3 Z31.563 E682.05164
G1 X-11.376 Y1.534 Z31.585 E682.75403
G1 X-11.467 Y0.03 Z31.606 E683.46267
G1 X-11.356 Y-1.529 Z31.628 E684.19774
G1 X-11.052 Y-2.988 Z31.649 E684.89866
G1 X-10.556 Y-4.403 Z31.67 E685.60385
G1 X-9.885 Y-5.734 Z31.691 E686.30488
G1 X-9.071 Y-6.93 Z31.712 E686.9853
G1 X-8.051 Y-8.08 Z31.733 E687.70824
G1 X-6.918 Y-9.054 Z31.755 E688.41095
G1 X-5.672 Y-9.872 Z31.776 E689.11195
G1 X-4.374 Y-10.499 Z31.796 E689.7899
G1 X-2.959 Y-10.973 Z31.817 E690.49174
G1 X-1.509 Y-11.253 Z31.838 E691.18629
G1 X-0.021 Y-11.342 Z31.859 E691.88736
G1 X1.503 Y-11.234 Z31.881 E692.60592
G1 X2.948 Y-10.932 Z31.901 E693.30019
G1 X4.31 Y-10.458 Z31.922 E693.97844
G1 X5.667 Y-9.78 Z31.943 E694.69188
G1 X6.86 Y-8.969 Z31.964 E695.37033
G1 X7.993 Y-7.962 Z31.985 E696.08324
G1 X8.929 Y-6.879 Z32.005 E696.75645
G1 X9.763 Y-5.614 Z32.027 E697.46907
G1 X10.389 Y-4.32 Z32.047 E698.14512
G1 X10.854 Y-2.925 Z32.068 E698.83669
G1 X11.131 Y-1.485 Z32.088 E699.52635
G1 X11.218 Y-0.013 Z32.109 E700.21986
G1 X11.111 Y1.48 Z32.13 E700.92383
G1 X10.815 Y2.911 Z32.151 E701.6111
G1 X10.334 Y4.292 Z32.172 E702.29887
G1 X9.676 Y5.598 Z32.192 E702.98664
G1 X8.857 Y6.804 Z32.213 E703.67227
G1 X7.881 Y7.899 Z32.234 E704.36214
G1 X6.796 Y8.836 Z32.254 E705.03637
G1 X5.559 Y9.651 Z32.275 E705.73307
G1 X4.266 Y10.276 Z32.295 E706.40849
G1 X2.882 Y10.737 Z32.316 E707.09457
G1 X1.46 Y11.009 Z32.336 E707.77547
G1 X0.005 Y11.095 Z32.357 E708.46097
G1 X-1.456 Y10.989 Z32.378 E709.1499
G1 X-2.869 Y10.698 Z32.398 E709.82839
G1 X-4.238 Y10.22 Z32.418 E710.51037
G1 X-5.522 Y9.577 Z32.439 E711.18574
G1 X-6.728 Y8.758 Z32.459 E711.87136
G1 X-7.798 Y7.807 Z32.48 E712.54463
G1 X-8.745 Y6.71 Z32.5 E713.22621
;TIME_ELAPSED:259.302186
;LAYER:32
;note -- min layer time used
;TYPE:WALL-OUTER
;MESH:funnel.stl
G1 F811.6 X-9.515 Y5.538 Z32.521 E713.88574
G1 X-10.149 Y4.238 Z32.542 E714.56598
G1 X-10.607 Y2.872 Z32.563 E715.24358
G1 X-10.888 Y1.406 Z32.585 E715.94561
G1 X-10.967 Y0.03 Z32.606 E716.59384
G1 X-10.868 Y-1.404 Z32.627 E717.26987
G1 X-10.568 Y-2.861 Z32.649 E717.9695
G1 X-10.094 Y-4.212 Z32.67 E718.64286
G1 X-9.452 Y-5.484 Z32.691 E719.31298
G1 X-8.677 Y-6.622 Z32.712 E719.96053
G1 X-7.69 Y-7.734 Z32.734 E720.65982
G1 X-6.613 Y-8.659 Z32.755 E721.32753
G1 X-5.469 Y-9.412 Z32.775 E721.97166
G1 X-4.183 Y-10.037 Z32.796 E722.64413
G1 X-2.831 Y-10.489 Z32.817 E723.31459
G1 X-1.398 Y-10.764 Z32.839 E724.00086
G1 X-0.021 Y-10.842 Z32.859 E724.64951
G1 X1.394 Y-10.744 Z32.88 E725.31661
G1 X2.82 Y-10.449 Z32.902 E726.00148
G1 X4.154 Y-9.982 Z32.923 E726.66621
G1 X5.422 Y-9.343 Z32.944 E727.33402
G1 X6.555 Y-8.573 Z32.964 E727.9783
G1 X7.609 Y-7.64 Z32.985 E728.64032
G1 X8.555 Y-6.545 Z33.006 E729.32089
G1 X9.328 Y-5.367 Z33.027 E729.98355
G1 X9.928 Y-4.126 Z33.047 E730.63185
G1 X10.371 Y-2.796 Z33.068 E731.29116
G1 X10.64 Y-1.39 Z33.089 E731.96441
G1 X10.718 Y-0.013 Z33.109 E732.61307
G1 X10.619 Y1.388 Z33.13 E733.27363
G1 X10.332 Y2.783 Z33.151 E733.94346
G1 X9.873 Y4.098 Z33.172 E734.59852
G1 X9.241 Y5.351 Z33.193 E735.25855
G1 X8.472 Y6.485 Z33.213 E735.90295
G1 X7.543 Y7.53 Z33.234 E736.56056
G1 X6.475 Y8.451 Z33.254 E737.22383
G1 X5.309 Y9.218 Z33.275 E737.88023
G1 X4.075 Y9.814 Z33.295 E738.52474
G1 X2.754 Y10.253 Z33.316 E739.17944
G1 X1.381 Y10.516 Z33.337 E739.83693
G1 X0.005 Y10.595 Z33.357 E740.48514
G1 X-1.38 Y10.495 Z33.377 E741.13822
G1 X-2.741 Y10.214 Z33.398 E741.79183
G1 X-4.047 Y9.758 Z33.418 E742.44242
G1 X-5.275 Y9.142 Z33.439 E743.08856
G1 X-6.418 Y8.365 Z33.459 E743.73858
G1 X-7.452 Y7.445 Z33.48 E744.38951
G1 X-8.349 Y6.405 Z33.5 E745.03544
;TIME_ELAPSED:264.306053
;LAYER:33
;note -- min layer time used
;TYPE:WALL-OUTER
;MESH:funnel.stl
G1 F773.9 X-9.118 Y5.227 Z33.522 E745.69708
G1 X-9.71 Y3.99 Z33.543 E746.34206
G1 X-10.141 Y2.682 Z33.564 E746.98977
G1 X-10.392 Y1.343 Z33.586 E747.63051
G1 X-10.467 Y0.03 Z33.606 E748.24904
G1 X-10.372 Y-1.341 Z33.627 E748.8954
G1 X-10.085 Y-2.729 Z33.649 E749.56201
G1 X-9.655 Y-3.964 Z33.67 E750.17706
G1 X-9.016 Y-5.239 Z33.692 E750.84781
G1 X-8.279 Y-6.32 Z33.712 E751.46315
G1 X-7.376 Y-7.339 Z33.733 E752.1035
G1 X-6.348 Y-8.232 Z33.754 E752.74394
G1 X-5.172 Y-9.006 Z33.776 E753.40608
G1 X-3.95 Y-9.593 Z33.797 E754.04368
G1 X-2.657 Y-10.019 Z33.818 E754.68396
G1 X-1.335 Y-10.268 Z33.839 E755.31666
G1 X-0.021 Y-10.342 Z33.859 E755.93564
G1 X1.37 Y-10.243 Z33.881 E756.59151
G1 X2.69 Y-9.966 Z33.902 E757.22586
G1 X3.927 Y-9.534 Z33.922 E757.8421
G1 X5.135 Y-8.933 Z33.943 E758.47668
G1 X6.279 Y-8.154 Z33.965 E759.12762
G1 X7.283 Y-7.258 Z33.985 E759.76052
G1 X8.161 Y-6.237 Z34.006 E760.39385
G1 X8.895 Y-5.118 Z34.027 E761.02326
G1 X9.475 Y-3.912 Z34.048 E761.65265
G1 X9.889 Y-2.663 Z34.068 E762.27151
G1 X10.144 Y-1.327 Z34.089 E762.9112
G1 X10.218 Y-0.013 Z34.11 E763.53018
G1 X10.123 Y1.325 Z34.131 E764.16106
G1 X9.85 Y2.65 Z34.152 E764.79732
G1 X9.417 Y3.891 Z34.172 E765.4155
G1 X8.82 Y5.081 Z34.193 E766.04166
G1 X8.064 Y6.195 Z34.213 E766.67485
G1 X7.176 Y7.188 Z34.234 E767.30138
G1 X6.168 Y8.058 Z34.255 E767.92763
G1 X5.082 Y8.772 Z34.275 E768.5389
G1 X3.864 Y9.36 Z34.296 E769.17501
G1 X2.611 Y9.774 Z34.316 E769.79565
G1 X1.318 Y10.02 Z34.337 E770.41469
G1 X0.005 Y10.095 Z34.357 E771.03323
G1 X-1.317 Y9.999 Z34.378 E771.65663
G1 X-2.61 Y9.732 Z34.398 E772.27758
G1 X-3.844 Y9.301 Z34.418 E772.89234
G1 X-5.035 Y8.703 Z34.439 E773.51913
G1 X-6.11 Y7.972 Z34.459 E774.13055
G1 X-7.093 Y7.096 Z34.48 E774.74982
G1 X-7.951 Y6.101 Z34.5 E775.36774
;TIME_ELAPSED:269.309816
;LAYER:34
;note -- min layer time used
;TYPE:WALL-OUTER
;MESH:funnel.stl
G1 F736.3 X-8.649 Y5.039 Z34.521 E775.96546
G1 X-9.224 Y3.855 Z34.542 E776.58451
G1 X-9.642 Y2.611 Z34.564 E777.20175
G1 X-9.888 Y1.338 Z34.585 E777.81155
G1 X-9.967 Y0.03 Z34.606 E778.42786
G1 X-9.869 Y-1.333 Z34.628 E779.07056
G1 X-9.603 Y-2.599 Z34.649 E779.679
G1 X-9.173 Y-3.823 Z34.671 E780.28917
G1 X-8.581 Y-4.99 Z34.692 E780.90463
G1 X-7.884 Y-6.013 Z34.712 E781.48683
G1 X-6.987 Y-7.022 Z34.734 E782.12181
G1 X-5.999 Y-7.868 Z34.755 E782.73356
G1 X-4.969 Y-8.546 Z34.775 E783.31353
G1 X-3.8 Y-9.113 Z34.796 E783.9246
G1 X-2.57 Y-9.524 Z34.818 E784.53455
G1 X-1.313 Y-9.766 Z34.838 E785.1366
G1 X-0.021 Y-9.842 Z34.86 E785.74532
G1 X1.305 Y-9.747 Z34.881 E786.37057
G1 X2.561 Y-9.483 Z34.902 E786.97421
G1 X3.77 Y-9.058 Z34.923 E787.57694
G1 X4.922 Y-8.477 Z34.944 E788.18377
G1 X5.941 Y-7.783 Z34.964 E788.76362
G1 X6.929 Y-6.904 Z34.986 E789.38559
G1 X7.742 Y-5.962 Z35.006 E789.97083
G1 X8.464 Y-4.864 Z35.027 E790.58889
G1 X9.003 Y-3.746 Z35.048 E791.17264
G1 X9.405 Y-2.536 Z35.068 E791.77231
G1 X9.644 Y-1.289 Z35.089 E792.36948
G1 X9.718 Y-0.013 Z35.11 E792.97063
G1 X9.624 Y1.284 Z35.131 E793.58224
G1 X9.366 Y2.523 Z35.152 E794.17748
G1 X8.948 Y3.718 Z35.172 E794.77291
G1 X8.377 Y4.848 Z35.193 E795.36838
G1 X7.667 Y5.891 Z35.214 E795.9618
G1 X6.823 Y6.835 Z35.234 E796.55736
G1 X5.879 Y7.649 Z35.255 E797.14363
G1 X4.815 Y8.348 Z35.275 E797.74238
G1 X3.686 Y8.893 Z35.296 E798.33201
G1 X2.493 Y9.288 Z35.316 E798.92306
G1 X1.264 Y9.522 Z35.337 E799.51148
G1 X0.005 Y9.595 Z35.357 E800.10461
G1 X-1.26 Y9.502 Z35.378 E800.70118
G1 X-2.48 Y9.249 Z35.398 E801.28719
G1 X-3.658 Y8.837 Z35.418 E801.87414
G1 X-4.778 Y8.274 Z35.439 E802.46372
G1 X-5.811 Y7.571 Z35.459 E803.0514
G1 X-6.741 Y6.742 Z35.48 E803.63736
G1 X-7.559 Y5.791 Z35.5 E804.22733
;TIME_ELAPSED:274.313487
;LAYER:35
;note -- min layer time used
;TYPE:WALL-OUTER
;MESH:funnel.stl
G1 F698.5 X-8.251 Y4.729 Z35.522 E804.82351
G1 X-8.762 Y3.664 Z35.542 E805.37909
G1 X-9.158 Y2.482 Z35.563 E805.96539
G1 X-9.392 Y1.273 Z35.585 E806.54458
G1 X-9.467 Y0.029 Z35.606 E807.13074
G1 X-9.373 Y-1.268 Z35.628 E807.74235
G1 X-9.12 Y-2.47 Z35.649 E808.32008
G1 X-8.711 Y-3.632 Z35.671 E808.89948
G1 X-8.148 Y-4.74 Z35.692 E809.48403
G1 X-7.457 Y-5.748 Z35.713 E810.05882
G1 X-6.632 Y-6.669 Z35.734 E810.64038
G1 X-5.699 Y-7.469 Z35.755 E811.21842
G1 X-4.674 Y-8.139 Z35.776 E811.79437
G1 X-3.609 Y-8.651 Z35.797 E812.35016
G1 X-2.441 Y-9.041 Z35.818 E812.92932
G1 X-1.248 Y-9.27 Z35.839 E813.50068
G1 X-0.021 Y-9.342 Z35.86 E814.07877
G1 X1.201 Y-9.256 Z35.881 E814.65493
G1 X2.43 Y-9 Z35.902 E815.24538
G1 X3.579 Y-8.596 Z35.923 E815.81822
G1 X4.636 Y-8.065 Z35.944 E816.37458
G1 X5.641 Y-7.383 Z35.965 E816.94582
G1 X6.55 Y-6.575 Z35.985 E817.51784
G1 X7.365 Y-5.632 Z36.007 E818.10406
G1 X8.031 Y-4.614 Z36.028 E818.67622
G1 X8.551 Y-3.53 Z36.048 E819.24168
G1 X8.93 Y-2.378 Z36.069 E819.81208
G1 X9.148 Y-1.224 Z36.089 E820.36444
G1 X9.218 Y-0.013 Z36.11 E820.93497
G1 X9.128 Y1.219 Z36.131 E821.51596
G1 X8.89 Y2.369 Z36.152 E822.06831
G1 X8.493 Y3.509 Z36.172 E822.63607
G1 X7.944 Y4.598 Z36.193 E823.20967
G1 X7.27 Y5.587 Z36.214 E823.77258
G1 X6.47 Y6.48 Z36.235 E824.33648
G1 X5.562 Y7.261 Z36.255 E824.89978
G1 X4.565 Y7.915 Z36.276 E825.4606
G1 X3.495 Y8.431 Z36.296 E826.01931
G1 X2.364 Y8.805 Z36.316 E826.57958
G1 X1.199 Y9.026 Z36.337 E827.1373
G1 X0.005 Y9.095 Z36.357 E827.69981
G1 X-1.195 Y9.006 Z36.378 E828.26576
G1 X-2.351 Y8.766 Z36.398 E828.82106
G1 X-3.467 Y8.375 Z36.419 E829.37724
G1 X-4.531 Y7.839 Z36.439 E829.93758
G1 X-5.505 Y7.175 Z36.459 E830.49201
G1 X-6.388 Y6.387 Z36.48 E831.04865
G1 X-7.159 Y5.491 Z36.5 E831.60461
;TIME_ELAPSED:279.317073
;LAYER:36
;note -- min layer time used
;TYPE:WALL-OUTER
;MESH:funnel.stl
G1 F661 X-7.818 Y4.479 Z36.522 E832.17262
G1 X-8.299 Y3.476 Z36.542 E832.69581
G1 X-8.675 Y2.353 Z36.564 E833.25283
G1 X-8.904 Y1.145 Z36.586 E833.83111
G1 X-8.967 Y0.029 Z36.606 E834.35685
G1 X-8.885 Y-1.143 Z36.628 E834.90944
G1 X-8.637 Y-2.341 Z36.65 E835.48486
G1 X-8.248 Y-3.44 Z36.671 E836.03319
G1 X-7.715 Y-4.489 Z36.692 E836.58661
G1 X-7.056 Y-5.447 Z36.713 E837.13351
G1 X-6.318 Y-6.275 Z36.734 E837.6552
G1 X-5.391 Y-7.075 Z36.756 E838.23111
G1 X-4.424 Y-7.706 Z36.777 E838.7742
G1 X-3.421 Y-8.188 Z36.797 E839.2976
G1 X-2.312 Y-8.558 Z36.818 E839.84747
G1 X-1.137 Y-8.781 Z36.84 E840.40999
G1 X-0.021 Y-8.842 Z36.86 E840.93567
G1 X1.133 Y-8.76 Z36.881 E841.47981
G1 X2.301 Y-8.517 Z36.903 E842.04094
G1 X3.39 Y-8.133 Z36.924 E842.58405
G1 X4.387 Y-7.632 Z36.944 E843.10885
G1 X5.333 Y-6.99 Z36.965 E843.64659
G1 X6.222 Y-6.197 Z36.986 E844.20689
G1 X6.969 Y-5.327 Z37.007 E844.74623
G1 X7.578 Y-4.397 Z37.027 E845.26909
G1 X8.091 Y-3.332 Z37.049 E845.82509
G1 X8.447 Y-2.249 Z37.07 E846.36129
G1 X8.657 Y-1.129 Z37.09 E846.89725
G1 X8.718 Y-0.013 Z37.111 E847.42294
G1 X8.636 Y1.127 Z37.131 E847.9605
G1 X8.407 Y2.24 Z37.152 E848.49496
G1 X8.033 Y3.311 Z37.173 E849.02853
G1 X7.507 Y4.354 Z37.194 E849.57795
G1 X6.874 Y5.282 Z37.214 E850.1063
G1 X6.116 Y6.128 Z37.235 E850.64056
G1 X5.27 Y6.855 Z37.255 E851.16521
G1 X4.315 Y7.482 Z37.276 E851.70254
G1 X3.303 Y7.969 Z37.296 E852.23077
G1 X2.235 Y8.322 Z37.317 E852.75983
G1 X1.12 Y8.533 Z37.337 E853.29356
G1 X0.005 Y8.595 Z37.357 E853.8188
G1 X-1.119 Y8.512 Z37.378 E854.34891
G1 X-2.222 Y8.282 Z37.398 E854.87885
G1 X-3.275 Y7.913 Z37.419 E855.40365
G1 X-4.281 Y7.406 Z37.439 E855.93351
G1 X-5.2 Y6.779 Z37.459 E856.45677
G1 X-6.034 Y6.035 Z37.48 E856.98244
G1 X-6.766 Y5.183 Z37.5 E857.51076
;TIME_ELAPSED:284.320589
;LAYER:37
;note -- min layer time used
;TYPE:WALL-OUTER
;MESH:funnel.stl
G1 F623.2 X-7.386 Y4.226 Z37.522 E858.04709
G1 X-7.836 Y3.284 Z37.542 E858.53812
G1 X-8.208 Y2.165 Z37.565 E859.09277
G1 X-8.401 Y1.14 Z37.585 E859.58335
G1 X-8.467 Y0.029 Z37.606 E860.10683
G1 X-8.382 Y-1.135 Z37.629 E860.65578
G1 X-8.153 Y-2.213 Z37.65 E861.17413
G1 X-7.786 Y-3.249 Z37.671 E861.69108
G1 X-7.282 Y-4.239 Z37.693 E862.2136
G1 X-6.694 Y-5.1 Z37.713 E862.704
G1 X-5.925 Y-5.962 Z37.735 E863.24733
G1 X-5.128 Y-6.646 Z37.755 E863.74133
G1 X-4.171 Y-7.275 Z37.777 E864.27997
G1 X-3.229 Y-7.725 Z37.797 E864.771
G1 X-2.14 Y-8.086 Z37.819 E865.31062
G1 X-1.115 Y-8.279 Z37.839 E865.80121
G1 X-0.021 Y-8.342 Z37.861 E866.31663
G1 X1.108 Y-8.259 Z37.882 E866.84908
G1 X2.172 Y-8.034 Z37.903 E867.3606
G1 X3.199 Y-7.671 Z37.924 E867.87294
G1 X4.134 Y-7.201 Z37.944 E868.36515
G1 X5.059 Y-6.569 Z37.966 E868.89209
G1 X5.868 Y-5.844 Z37.987 E869.40304
G1 X6.571 Y-5.023 Z38.008 E869.91143
G1 X7.164 Y-4.114 Z38.029 E870.42191
G1 X7.615 Y-3.174 Z38.049 E870.9123
G1 X7.956 Y-2.147 Z38.07 E871.42128
G1 X8.157 Y-1.091 Z38.09 E871.92688
G1 X8.218 Y-0.013 Z38.111 E872.43473
G1 X8.137 Y1.086 Z38.132 E872.95305
G1 X7.917 Y2.134 Z38.153 E873.45672
G1 X7.56 Y3.146 Z38.174 E873.96147
G1 X7.088 Y4.081 Z38.194 E874.45411
G1 X6.477 Y4.978 Z38.215 E874.96459
G1 X5.763 Y5.773 Z38.235 E875.46718
G1 X4.953 Y6.468 Z38.256 E875.96919
G1 X4.065 Y7.049 Z38.276 E876.46832
G1 X3.112 Y7.507 Z38.297 E876.96565
G1 X2.107 Y7.838 Z38.317 E877.46332
G1 X1.066 Y8.035 Z38.337 E877.96165
G1 X0.005 Y8.095 Z38.358 E878.46149
G1 X-1.062 Y8.015 Z38.378 E878.96476
G1 X-2.094 Y7.799 Z38.399 E879.46068
G1 X-3.084 Y7.451 Z38.419 E879.95426
G1 X-4.031 Y6.973 Z38.439 E880.4532
G1 X-4.896 Y6.382 Z38.459 E880.94595
G1 X-5.681 Y5.68 Z38.48 E881.44129
G1 X-6.366 Y4.882 Z38.5 E881.93594
;TIME_ELAPSED:289.324051
;LAYER:38
;note -- min layer time used
;TYPE:WALL-OUTER
;MESH:funnel.stl
G1 F600 X-6.921 Y4.031 Z38.521 E882.41383
G1 X-7.373 Y3.095 Z38.542 E882.90273
G1 X-7.725 Y2.033 Z38.565 E883.42898
G1 X-7.912 Y1.017 Z38.586 E883.91489
G1 X-7.967 Y0.029 Z38.607 E884.38034
G1 X-7.892 Y-1.015 Z38.628 E884.87266
G1 X-7.684 Y-2.029 Z38.649 E885.35953
G1 X-7.324 Y-3.058 Z38.672 E885.87231
G1 X-6.849 Y-3.989 Z38.693 E886.36392
G1 X-6.294 Y-4.8 Z38.713 E886.82615
G1 X-5.611 Y-5.568 Z38.734 E887.30958
G1 X-4.786 Y-6.279 Z38.756 E887.82185
G1 X-3.962 Y-6.818 Z38.777 E888.28499
G1 X-3.04 Y-7.262 Z38.798 E888.76633
G1 X-2.008 Y-7.603 Z38.82 E889.27755
G1 X-1.009 Y-7.788 Z38.841 E889.75544
G1 X-0.021 Y-7.842 Z38.861 E890.22085
G1 X1.043 Y-7.763 Z38.883 E890.72269
G1 X2.043 Y-7.551 Z38.904 E891.20351
G1 X3.008 Y-7.209 Z38.925 E891.68507
G1 X3.915 Y-6.749 Z38.946 E892.16342
G1 X4.728 Y-6.193 Z38.966 E892.6267
G1 X5.518 Y-5.487 Z38.988 E893.12505
G1 X6.151 Y-4.748 Z39.007 E893.58272
G1 X6.732 Y-3.864 Z39.029 E894.08029
G1 X7.153 Y-2.983 Z39.049 E894.53956
G1 X7.481 Y-1.989 Z39.071 E895.03191
G1 X7.665 Y-1.001 Z39.091 E895.50461
G1 X7.718 Y-0.013 Z39.111 E895.96999
G1 X7.644 Y0.999 Z39.132 E896.44727
G1 X7.435 Y2.003 Z39.153 E896.92964
G1 X7.098 Y2.955 Z39.174 E897.40466
G1 X6.645 Y3.848 Z39.195 E897.87565
G1 X6.08 Y4.674 Z39.215 E898.34636
G1 X5.406 Y5.424 Z39.236 E898.82066
G1 X4.666 Y6.058 Z39.256 E899.279
G1 X3.815 Y6.616 Z39.277 E899.75766
G1 X2.921 Y7.045 Z39.297 E900.22407
G1 X1.964 Y7.359 Z39.317 E900.69781
G1 X0.992 Y7.541 Z39.338 E901.16295
G1 X0.005 Y7.595 Z39.358 E901.62789
G1 X-.991 Y7.52 Z39.378 E902.0977
G1 X-1.956 Y7.319 Z39.399 E902.56135
G1 X-2.893 Y6.989 Z39.419 E903.02861
G1 X-3.781 Y6.54 Z39.439 E903.49664
G1 X-4.598 Y5.981 Z39.46 E903.96228
G1 X-5.324 Y5.331 Z39.48 E904.42063
G1 X-5.969 Y4.578 Z39.5 E904.88698
;TIME_ELAPSED:294.206948
;LAYER:39
;note -- min layer time used
;TYPE:WALL-OUTER
;MESH:funnel.stl
G1 X-6.483 Y3.787 Z39.521 E905.33071
G1 X-6.94 Y2.835 Z39.544 E905.82743
G1 X-7.224 Y1.969 Z39.564 E906.25612
G1 X-7.409 Y1.012 Z39.585 E906.7146
G1 X-7.467 Y0.029 Z39.607 E907.17779
G1 X-7.389 Y-1.007 Z39.629 E907.66647
G1 X-7.202 Y-1.898 Z39.649 E908.09471
G1 X-6.861 Y-2.869 Z39.672 E908.57879
G1 X-6.418 Y-3.736 Z39.693 E909.03676
G1 X-5.9 Y-4.491 Z39.713 E909.46744
G1 X-5.215 Y-5.258 Z39.736 E909.95116
G1 X-4.485 Y-5.879 Z39.757 E910.40197
G1 X-3.718 Y-6.38 Z39.777 E910.8329
G1 X-2.794 Y-6.822 Z39.799 E911.31469
G1 X-1.929 Y-7.107 Z39.819 E911.74308
G1 X-.987 Y-7.287 Z39.84 E912.19419
G1 X-0.021 Y-7.342 Z39.861 E912.64931
G1 X0.978 Y-7.267 Z39.883 E913.12054
G1 X1.913 Y-7.068 Z39.904 E913.57019
G1 X2.776 Y-6.763 Z39.924 E914.00073
G1 X3.671 Y-6.312 Z39.946 E914.47215
G1 X4.427 Y-5.794 Z39.966 E914.90322
G1 X5.133 Y-5.164 Z39.987 E915.3483
G1 X5.778 Y-4.414 Z40.009 E915.81361
G1 X6.281 Y-3.644 Z40.029 E916.24623
G1 X6.702 Y-2.766 Z40.05 E916.70424
G1 X6.999 Y-1.855 Z40.071 E917.15495
G1 X7.165 Y-.963 Z40.091 E917.58173
G1 X7.218 Y-0.013 Z40.112 E918.02928
G1 X7.145 Y0.958 Z40.133 E918.4873
G1 X6.958 Y1.846 Z40.153 E918.91416
G1 X6.644 Y2.745 Z40.174 E919.36208
G1 X6.21 Y3.601 Z40.195 E919.81352
G1 X5.696 Y4.353 Z40.215 E920.24198
G1 X5.068 Y5.054 Z40.236 E920.68468
G1 X4.344 Y5.675 Z40.257 E921.13335
G1 X3.561 Y6.185 Z40.277 E921.57288
G1 X2.732 Y6.582 Z40.297 E922.00523
G1 X1.834 Y6.876 Z40.318 E922.4497
G1 X0.938 Y7.043 Z40.338 E922.87841
G1 X0.005 Y7.095 Z40.358 E923.31795
G1 X-.934 Y7.023 Z40.379 E923.76093
G1 X-1.826 Y6.836 Z40.399 E924.18963
G1 X-2.704 Y6.526 Z40.419 E924.6276
G1 X-3.528 Y6.109 Z40.44 E925.06201
G1 X-4.286 Y5.589 Z40.46 E925.49439
G1 X-4.977 Y4.97 Z40.48 E925.93076
G1 X-5.57 Y4.277 Z40.5 E926.35978
;TIME_ELAPSED:298.775503
;LAYER:40
;note -- min layer time used
;TYPE:WALL-OUTER
;MESH:funnel.stl
G1 X-6.082 Y3.482 Z40.522 E926.80458
G1 X-6.455 Y2.7 Z40.543 E927.21214
G1 X-6.741 Y1.84 Z40.564 E927.63846
G1 X-6.921 Y0.884 Z40.587 E928.09606
G1 X-6.966 Y0.029 Z40.607 E928.4988
G1 X-6.901 Y-.882 Z40.628 E928.92841
G1 X-6.703 Y-1.824 Z40.651 E929.38121
G1 X-6.399 Y-2.678 Z40.672 E929.80762
G1 X-5.985 Y-3.486 Z40.694 E930.23469
G1 X-5.5 Y-4.19 Z40.714 E930.63682
G1 X-4.904 Y-4.861 Z40.735 E931.05899
G1 X-4.177 Y-5.485 Z40.757 E931.50966
G1 X-3.427 Y-5.971 Z40.779 E931.93006
G1 X-2.645 Y-6.343 Z40.799 E932.3374
G1 X-1.8 Y-6.624 Z40.82 E932.75629
G1 X-.876 Y-6.797 Z40.842 E933.19848
G1 X-0.021 Y-6.842 Z40.862 E933.60122
G1 X0.912 Y-6.771 Z40.884 E934.04137
G1 X1.784 Y-6.585 Z40.905 E934.46078
G1 X2.619 Y-6.286 Z40.926 E934.87798
G1 X3.389 Y-5.897 Z40.946 E935.28378
G1 X4.118 Y-5.4 Z40.967 E935.69881
G1 X4.808 Y-4.782 Z40.989 E936.13454
G1 X5.381 Y-4.109 Z41.01 E936.55032
G1 X5.863 Y-3.365 Z41.03 E936.96731
G1 X6.229 Y-2.601 Z41.05 E937.3658
G1 X6.508 Y-1.754 Z41.071 E937.78528
G1 X6.673 Y-.868 Z41.092 E938.20921
G1 X6.718 Y-0.013 Z41.113 E938.61197
G1 X6.653 Y0.866 Z41.133 E939.02656
G1 X6.469 Y1.74 Z41.154 E939.4467
G1 X6.174 Y2.573 Z41.175 E939.86239
G1 X5.777 Y3.351 Z41.196 E940.27325
G1 X5.287 Y4.065 Z41.216 E940.68059
G1 X4.702 Y4.712 Z41.237 E941.0909
G1 X4.04 Y5.278 Z41.257 E941.5006
G1 X3.311 Y5.752 Z41.277 E941.90962
G1 X2.541 Y6.12 Z41.298 E942.31108
G1 X1.718 Y6.389 Z41.318 E942.71836
G1 X0.859 Y6.55 Z41.338 E943.12946
G1 X0.005 Y6.595 Z41.359 E943.53175
G1 X-.858 Y6.529 Z41.379 E943.93888
G1 X-1.705 Y6.35 Z41.399 E944.3461
G1 X-2.513 Y6.064 Z41.419 E944.74928
G1 X-3.278 Y5.676 Z41.44 E945.15278
G1 X-3.983 Y5.192 Z41.46 E945.55504
G1 X-4.618 Y4.621 Z41.48 E945.95674
G1 X-5.176 Y3.969 Z41.5 E946.36042
;TIME_ELAPSED:303.031007
;LAYER:41
;note -- min layer time used
;TYPE:WALL-OUTER
;MESH:funnel.stl
G1 X-5.653 Y3.223 Z41.522 E946.77695
G1 X-5.991 Y2.511 Z41.543 E947.14772
G1 X-6.274 Y1.65 Z41.566 E947.57406
G1 X-6.425 Y0.821 Z41.587 E947.97045
G1 X-6.466 Y0.029 Z41.607 E948.34352
G1 X-6.405 Y-.819 Z41.629 E948.74346
G1 X-6.22 Y-1.694 Z41.651 E949.16417
G1 X-5.937 Y-2.487 Z41.673 E949.56026
G1 X-5.551 Y-3.238 Z41.694 E949.95747
G1 X-5.108 Y-3.879 Z41.714 E950.32401
G1 X-4.507 Y-4.549 Z41.737 E950.74741
G1 X-3.917 Y-5.053 Z41.757 E951.11244
G1 X-3.169 Y-5.541 Z41.779 E951.53257
G1 X-2.456 Y-5.88 Z41.799 E951.90395
G1 X-1.626 Y-6.153 Z41.822 E952.31499
G1 X-.813 Y-6.301 Z41.843 E952.70372
G1 X-0.021 Y-6.342 Z41.863 E953.07679
G1 X0.847 Y-6.276 Z41.885 E953.48628
G1 X1.655 Y-6.101 Z41.906 E953.87519
G1 X2.431 Y-5.823 Z41.927 E954.26295
G1 X3.132 Y-5.468 Z41.947 E954.63259
G1 X3.848 Y-4.976 Z41.969 E955.04126
G1 X4.454 Y-4.429 Z41.99 E955.42529
G1 X4.963 Y-3.832 Z42.009 E955.79434
G1 X5.414 Y-3.144 Z42.03 E956.18133
G1 X5.767 Y-2.41 Z42.051 E956.56447
G1 X6.024 Y-1.624 Z42.072 E956.95348
G1 X6.177 Y-.805 Z42.093 E957.34541
G1 X6.218 Y-0.013 Z42.113 E957.71848
G1 X6.157 Y0.803 Z42.134 E958.10341
G1 X5.986 Y1.61 Z42.155 E958.49147
G1 X5.712 Y2.382 Z42.176 E958.87683
G1 X5.356 Y3.078 Z42.196 E959.24458
G1 X4.887 Y3.763 Z42.217 E959.63511
G1 X4.345 Y4.362 Z42.237 E960.01511
G1 X3.737 Y4.88 Z42.258 E960.39086
G1 X3.063 Y5.318 Z42.278 E960.76898
G1 X2.35 Y5.658 Z42.298 E961.14057
G1 X1.576 Y5.91 Z42.319 E961.52349
G1 X0.796 Y6.053 Z42.339 E961.89652
G1 X0.005 Y6.095 Z42.359 E962.26915
G1 X-.795 Y6.033 Z42.379 E962.6466
G1 X-1.575 Y5.868 Z42.4 E963.02165
G1 X-2.322 Y5.602 Z42.42 E963.39467
G1 X-3.03 Y5.242 Z42.44 E963.7683
G1 X-3.682 Y4.792 Z42.46 E964.14097
G1 X-4.266 Y4.267 Z42.48 E964.51038
G1 X-4.774 Y3.671 Z42.5 E964.87878
;TIME_ELAPSED:307.019575
;LAYER:42
;note -- min layer time used
;TYPE:WALL-OUTER
;MESH:funnel.stl
G1 X-5.184 Y3.034 Z42.521 E965.23516
G1 X-5.552 Y2.265 Z42.544 E965.63621
G1 X-5.791 Y1.518 Z42.566 E966.00519
G1 X-5.921 Y0.815 Z42.586 E966.34152
G1 X-5.966 Y0.029 Z42.608 E966.7119
G1 X-5.901 Y-.81 Z42.631 E967.10778
G1 X-5.752 Y-1.508 Z42.65 E967.44354
G1 X-5.473 Y-2.297 Z42.674 E967.83725
G1 X-5.118 Y-2.988 Z42.695 E968.20271
G1 X-4.675 Y-3.62 Z42.716 E968.5658
G1 X-4.196 Y-4.153 Z42.736 E968.90292
G1 X-3.567 Y-4.691 Z42.759 E969.29231
G1 X-2.965 Y-5.082 Z42.779 E969.63001
G1 X-2.225 Y-5.435 Z42.801 E970.01571
G1 X-1.494 Y-5.67 Z42.822 E970.37694
G1 X-.791 Y-5.799 Z42.842 E970.71318
G1 X-0.021 Y-5.841 Z42.863 E971.07596
G1 X0.782 Y-5.78 Z42.886 E971.45482
G1 X1.484 Y-5.63 Z42.906 E971.79253
G1 X2.242 Y-5.36 Z42.928 E972.17107
G1 X2.918 Y-5.014 Z42.949 E972.52833
G1 X3.509 Y-4.606 Z42.968 E972.86617
G1 X4.1 Y-4.075 Z42.99 E973.23994
G1 X4.587 Y-3.5 Z43.011 E973.59443
G1 X4.981 Y-2.894 Z43.031 E973.93448
G1 X5.305 Y-2.219 Z43.052 E974.28672
G1 X5.541 Y-1.494 Z43.073 E974.64541
G1 X5.678 Y-.767 Z43.093 E974.99343
G1 X5.718 Y-0.013 Z43.114 E975.34865
G1 X5.658 Y0.762 Z43.136 E975.71434
G1 X5.503 Y1.48 Z43.156 E976.05989
G1 X5.249 Y2.191 Z43.177 E976.41508
G1 X4.924 Y2.827 Z43.196 E976.75108
G1 X4.489 Y3.46 Z43.218 E977.11242
G1 X4.007 Y3.993 Z43.237 E977.45048
G1 X3.431 Y4.485 Z43.258 E977.80685
G1 X2.826 Y4.877 Z43.278 E978.14599
G1 X2.161 Y5.194 Z43.298 E978.49256
G1 X1.444 Y5.427 Z43.319 E978.84723
G1 X0.742 Y5.556 Z43.339 E979.18301
G1 X0.005 Y5.595 Z43.359 E979.53021
G1 X-.738 Y5.536 Z43.38 E979.88086
G1 X-1.436 Y5.387 Z43.4 E980.21663
G1 X-2.133 Y5.138 Z43.42 E980.56482
G1 X-2.779 Y4.809 Z43.44 E980.90587
G1 X-3.374 Y4.399 Z43.46 E981.2458
G1 X-3.912 Y3.913 Z43.48 E981.58688
G1 X-4.383 Y3.36 Z43.5 E981.9286
;TIME_ELAPSED:310.742683
;LAYER:43
;note -- min layer time used
;TYPE:WALL-OUTER
;MESH:funnel.stl
G1 X-4.75 Y2.788 Z43.521 E982.24835
G1 X-5.091 Y2.072 Z43.544 E982.62145
G1 X-5.31 Y1.391 Z43.566 E982.95802
G1 X-5.433 Y0.694 Z43.587 E983.291
G1 X-5.467 Y0.029 Z43.607 E983.60428
G1 X-5.414 Y-.692 Z43.629 E983.94441
G1 X-5.256 Y-1.434 Z43.652 E984.30133
G1 X-5.013 Y-2.105 Z43.674 E984.63709
G1 X-4.688 Y-2.737 Z43.695 E984.97144
G1 X-4.284 Y-3.316 Z43.716 E985.3036
G1 X-3.807 Y-3.84 Z43.738 E985.63699
G1 X-3.304 Y-4.269 Z43.758 E985.94802
G1 X-2.721 Y-4.65 Z43.779 E986.27569
G1 X-2.033 Y-4.977 Z43.802 E986.63408
G1 X-1.417 Y-5.177 Z43.821 E986.93878
G1 X-.676 Y-5.314 Z43.844 E987.29331
G1 X-0.021 Y-5.346 Z43.864 E987.60185
G1 X0.723 Y-5.288 Z43.886 E987.95294
G1 X1.358 Y-5.151 Z43.906 E988.25857
G1 X2.052 Y-4.905 Z43.928 E988.60498
G1 X2.637 Y-4.606 Z43.948 E988.91408
G1 X3.238 Y-4.193 Z43.97 E989.25717
G1 X3.749 Y-3.727 Z43.991 E989.58254
G1 X4.176 Y-3.227 Z44.011 E989.89189
G1 X4.553 Y-2.647 Z44.032 E990.21735
G1 X4.863 Y-1.997 Z44.053 E990.55615
G1 X5.063 Y-1.377 Z44.073 E990.86265
G1 X5.193 Y-.668 Z44.095 E991.20178
G1 X5.226 Y-0.013 Z44.115 E991.51034
G1 X5.173 Y0.676 Z44.135 E991.83544
G1 X5.028 Y1.357 Z44.156 E992.16302
G1 X4.806 Y1.977 Z44.176 E992.47286
G1 X4.487 Y2.602 Z44.198 E992.803
G1 X4.112 Y3.146 Z44.217 E993.11385
G1 X3.647 Y3.659 Z44.238 E993.4396
G1 X3.148 Y4.086 Z44.258 E993.74859
G1 X2.567 Y4.46 Z44.279 E994.07368
G1 X1.97 Y4.744 Z44.299 E994.38472
G1 X1.331 Y4.951 Z44.319 E994.70073
G1 X0.669 Y5.072 Z44.34 E995.01736
G1 X0.005 Y5.106 Z44.36 E995.33016
G1 X-.668 Y5.052 Z44.38 E995.64781
G1 X-1.318 Y4.914 Z44.4 E995.96043
G1 X-1.944 Y4.69 Z44.42 E996.27324
G1 X-2.531 Y4.388 Z44.44 E996.58382
G1 X-3.081 Y4.01 Z44.46 E996.8978
G1 X-3.569 Y3.568 Z44.48 E997.20757
G1 X-3.998 Y3.065 Z44.5 E997.5186
;TIME_ELAPSED:314.155363
;LAYER:44
;note -- min layer time used
;TYPE:WALL-OUTER
;MESH:funnel.stl
G1 X-4.36 Y2.518 Z44.521 E997.82722
G1 X-4.653 Y1.926 Z44.542 E998.13801
G1 X-4.866 Y1.302 Z44.562 E998.44822
G1 X-4.992 Y0.664 Z44.583 E998.7542
G1 X-5.036 Y0.00 Z44.604 E999.0673
G1 X-4.992 Y-.664 Z44.625 E999.38039
G1 X-4.866 Y-1.302 Z44.646 E999.68638
G1 X-4.654 Y-1.925 Z44.667 E999.99601
G1 X-4.362 Y-2.518 Z44.687 E1000.30699
G1 X-3.996 Y-3.068 Z44.708 E1000.61783
G1 X-3.561 Y-3.561 Z44.729 E1000.92717
G1 X-3.069 Y-3.995 Z44.75 E1001.23585
G1 X-2.518 Y-4.36 Z44.771 E1001.54682
G1 X-1.926 Y-4.653 Z44.792 E1001.85761
G1 X-1.302 Y-4.865 Z44.813 E1002.16768
G1 X-.664 Y-4.991 Z44.833 E1002.47365
G1 X0.00 Y-5.036 Z44.854 E1002.78678
G1 X0.665 Y-4.992 Z44.875 E1003.10034
G1 X1.302 Y-4.866 Z44.896 E1003.40586
G1 X1.926 Y-4.655 Z44.917 E1003.71579
G1 X2.518 Y-4.362 Z44.937 E1004.02656
G1 X3.068 Y-3.996 Z44.958 E1004.33739
G1 X3.561 Y-3.561 Z44.979 E1004.64674
G1 X3.995 Y-3.068 Z45 E1004.95577
G1 X4.361 Y-2.518 Z45.021 E1005.26661
G1 X4.654 Y-1.926 Z45.042 E1005.57739
G1 X4.865 Y-1.302 Z45.063 E1005.88732
G1 X4.992 Y-.664 Z45.083 E1006.19338
G1 X5.036 Y0.00 Z45.104 E1006.50647
G1 X4.992 Y0.664 Z45.125 E1006.81957
G1 X4.866 Y1.302 Z45.146 E1007.12555
G1 X4.654 Y1.926 Z45.167 E1007.43563
G1 X4.361 Y2.518 Z45.188 E1007.74641
G1 X3.995 Y3.068 Z45.208 E1008.05723
G1 X3.561 Y3.561 Z45.229 E1008.36627
G1 X3.068 Y3.995 Z45.25 E1008.6753
G1 X2.518 Y4.361 Z45.271 E1008.98614
G1 X1.926 Y4.654 Z45.292 E1009.29692
G1 X1.302 Y4.866 Z45.313 E1009.607
G1 X0.664 Y4.992 Z45.333 E1009.91296
G1 X0.00 Y5.036 Z45.354 E1010.22606
G1 X-.664 Y4.992 Z45.375 E1010.53916
G1 X-1.302 Y4.866 Z45.396 E1010.84514
G1 X-1.926 Y4.654 Z45.417 E1011.15521
G1 X-2.518 Y4.361 Z45.438 E1011.466
G1 X-3.068 Y3.995 Z45.458 E1011.77682
G1 X-3.561 Y3.561 Z45.479 E1012.08585
G1 X-3.995 Y3.068 Z45.5 E1012.39489
;TIME_ELAPSED:317.416276
;LAYER:45
;note -- min layer time used
;TYPE:WALL-OUTER
;MESH:funnel.stl
G1 X-4.361 Y2.518 Z45.521 E1012.70572
G1 X-4.654 Y1.926 Z45.542 E1013.01651
G1 X-4.866 Y1.302 Z45.563 E1013.32658
G1 X-4.992 Y0.664 Z45.583 E1013.63255
G1 X-5.036 Y0.00 Z45.604 E1013.94565
G1 X-4.992 Y-.664 Z45.625 E1014.25874
G1 X-4.866 Y-1.302 Z45.646 E1014.56473
G1 X-4.654 Y-1.926 Z45.667 E1014.8748
G1 X-4.361 Y-2.518 Z45.688 E1015.18559
G1 X-3.995 Y-3.068 Z45.708 E1015.49641
G1 X-3.561 Y-3.561 Z45.729 E1015.80544
G1 X-3.068 Y-3.995 Z45.75 E1016.11448
G1 X-2.518 Y-4.361 Z45.771 E1016.42531
G1 X-1.926 Y-4.654 Z45.792 E1016.7361
G1 X-1.302 Y-4.866 Z45.813 E1017.04617
G1 X-.664 Y-4.992 Z45.833 E1017.35214
G1 X0.00 Y-5.036 Z45.854 E1017.66524
G1 X0.664 Y-4.992 Z45.875 E1017.97833
G1 X1.302 Y-4.866 Z45.896 E1018.28431
G1 X1.926 Y-4.654 Z45.917 E1018.59439
G1 X2.518 Y-4.361 Z45.938 E1018.90517
G1 X3.068 Y-3.995 Z45.958 E1019.216
G1 X3.561 Y-3.561 Z45.979 E1019.52503
G1 X3.995 Y-3.068 Z46 E1019.83406
G1 X4.361 Y-2.518 Z46.021 E1020.1449
G1 X4.654 Y-1.926 Z46.042 E1020.45568
G1 X4.866 Y-1.302 Z46.063 E1020.76576
G1 X4.992 Y-.664 Z46.083 E1021.07173
G1 X5.036 Y0.00 Z46.104 E1021.38482
G1 X4.992 Y0.664 Z46.125 E1021.69792
G1 X4.866 Y1.302 Z46.146 E1022.0039
G1 X4.654 Y1.926 Z46.167 E1022.31398
G1 X4.361 Y2.518 Z46.188 E1022.62476
G1 X3.995 Y3.068 Z46.208 E1022.93558
G1 X3.561 Y3.561 Z46.229 E1023.24462
G1 X3.068 Y3.995 Z46.25 E1023.55365
G1 X2.518 Y4.361 Z46.271 E1023.86449
G1 X1.926 Y4.654 Z46.292 E1024.17527
G1 X1.302 Y4.866 Z46.313 E1024.48535
G1 X0.664 Y4.992 Z46.333 E1024.79132
G1 X0.00 Y5.036 Z46.354 E1025.10441
G1 X-.664 Y4.992 Z46.375 E1025.41751
G1 X-1.302 Y4.866 Z46.396 E1025.72349
G1 X-1.926 Y4.654 Z46.417 E1026.03357
G1 X-2.518 Y4.361 Z46.438 E1026.34435
G1 X-3.068 Y3.995 Z46.458 E1026.65517
G1 X-3.561 Y3.561 Z46.479 E1026.96421
G1 X-3.995 Y3.068 Z46.5 E1027.27324
;TIME_ELAPSED:320.677627
;LAYER:46
;note -- min layer time used
;TYPE:WALL-OUTER
;MESH:funnel.stl
G1 X-4.361 Y2.518 Z46.521 E1027.58408
G1 X-4.654 Y1.926 Z46.542 E1027.89486
G1 X-4.866 Y1.302 Z46.563 E1028.20494
G1 X-4.992 Y0.664 Z46.583 E1028.5109
G1 X-5.036 Y0.00 Z46.604 E1028.824
G1 X-4.992 Y-.664 Z46.625 E1029.1371
G1 X-4.866 Y-1.302 Z46.646 E1029.44308
G1 X-4.654 Y-1.926 Z46.667 E1029.75315
G1 X-4.361 Y-2.518 Z46.688 E1030.06394
G1 X-3.995 Y-3.068 Z46.708 E1030.37476
G1 X-3.561 Y-3.561 Z46.729 E1030.68379
G1 X-3.068 Y-3.995 Z46.75 E1030.99283
G1 X-2.518 Y-4.361 Z46.771 E1031.30366
G1 X-1.926 Y-4.654 Z46.792 E1031.61445
G1 X-1.302 Y-4.866 Z46.813 E1031.92452
G1 X-.664 Y-4.992 Z46.833 E1032.23049
G1 X0.00 Y-5.036 Z46.854 E1032.54359
G1 X0.664 Y-4.992 Z46.875 E1032.85668
G1 X1.302 Y-4.866 Z46.896 E1033.16267
G1 X1.926 Y-4.654 Z46.917 E1033.47274
G1 X2.518 Y-4.361 Z46.938 E1033.78353
G1 X3.068 Y-3.995 Z46.958 E1034.09435
G1 X3.561 Y-3.561 Z46.979 E1034.40338
G1 X3.995 Y-3.068 Z47 E1034.71242
G1 X4.361 Y-2.518 Z47.021 E1035.02325
G1 X4.654 Y-1.926 Z47.042 E1035.33404
G1 X4.866 Y-1.302 Z47.063 E1035.64411
G1 X4.992 Y-.664 Z47.083 E1035.95008
G1 X5.036 Y0.00 Z47.104 E1036.26318
G1 X4.992 Y0.664 Z47.125 E1036.57627
G1 X4.866 Y1.302 Z47.146 E1036.88225
G1 X4.654 Y1.926 Z47.167 E1037.19233
G1 X4.361 Y2.518 Z47.188 E1037.50311
G1 X3.995 Y3.068 Z47.208 E1037.81394
G1 X3.561 Y3.561 Z47.229 E1038.12297
G1 X3.068 Y3.995 Z47.25 E1038.432
G1 X2.518 Y4.361 Z47.271 E1038.74284
G1 X1.926 Y4.654 Z47.292 E1039.05362
G1 X1.302 Y4.866 Z47.313 E1039.3637
G1 X0.664 Y4.992 Z47.333 E1039.66967
G1 X0.00 Y5.036 Z47.354 E1039.98276
G1 X-.664 Y4.992 Z47.375 E1040.29586
G1 X-1.302 Y4.866 Z47.396 E1040.60184
G1 X-1.926 Y4.654 Z47.417 E1040.91192
G1 X-2.518 Y4.361 Z47.438 E1041.2227
G1 X-3.068 Y3.995 Z47.458 E1041.53352
G1 X-3.561 Y3.561 Z47.479 E1041.84256
G1 X-3.995 Y3.068 Z47.5 E1042.15159
;TIME_ELAPSED:323.938978
;LAYER:47
;note -- min layer time used
;TYPE:WALL-OUTER
;MESH:funnel.stl
G1 X-4.361 Y2.518 Z47.521 E1042.46243
G1 X-4.654 Y1.926 Z47.542 E1042.77321
G1 X-4.866 Y1.302 Z47.563 E1043.08329
G1 X-4.992 Y0.664 Z47.583 E1043.38926
G1 X-5.036 Y0.00 Z47.604 E1043.70235
G1 X-4.992 Y-.664 Z47.625 E1044.01545
G1 X-4.866 Y-1.302 Z47.646 E1044.32143
G1 X-4.654 Y-1.926 Z47.667 E1044.6315
G1 X-4.361 Y-2.518 Z47.688 E1044.94229
G1 X-3.995 Y-3.068 Z47.708 E1045.25311
G1 X-3.561 Y-3.561 Z47.729 E1045.56214
G1 X-3.068 Y-3.995 Z47.75 E1045.87118
G1 X-2.518 Y-4.361 Z47.771 E1046.18201
G1 X-1.926 Y-4.654 Z47.792 E1046.4928
G1 X-1.302 Y-4.866 Z47.813 E1046.80287
G1 X-.664 Y-4.992 Z47.833 E1047.10884
G1 X0.00 Y-5.036 Z47.854 E1047.42194
G1 X0.664 Y-4.992 Z47.875 E1047.73503
G1 X1.302 Y-4.866 Z47.896 E1048.04102
G1 X1.926 Y-4.654 Z47.917 E1048.35109
G1 X2.518 Y-4.361 Z47.938 E1048.66188
G1 X3.068 Y-3.995 Z47.958 E1048.9727
G1 X3.561 Y-3.561 Z47.979 E1049.28173
G1 X3.995 Y-3.068 Z48 E1049.59077
G1 X4.361 Y-2.518 Z48.021 E1049.9016
G1 X4.654 Y-1.926 Z48.042 E1050.21239
G1 X4.866 Y-1.302 Z48.063 E1050.52246
G1 X4.992 Y-.664 Z48.083 E1050.82843
G1 X5.036 Y0.00 Z48.104 E1051.14153
G1 X4.992 Y0.664 Z48.125 E1051.45462
G1 X4.866 Y1.302 Z48.146 E1051.76061
G1 X4.654 Y1.926 Z48.167 E1052.07068
G1 X4.361 Y2.518 Z48.188 E1052.38147
G1 X3.995 Y3.068 Z48.208 E1052.69229
G1 X3.561 Y3.561 Z48.229 E1053.00132
G1 X3.068 Y3.995 Z48.25 E1053.31035
G1 X2.518 Y4.361 Z48.271 E1053.62119
G1 X1.926 Y4.654 Z48.292 E1053.93198
G1 X1.302 Y4.866 Z48.313 E1054.24205
G1 X0.664 Y4.992 Z48.333 E1054.54802
G1 X0.00 Y5.036 Z48.354 E1054.86111
G1 X-.664 Y4.992 Z48.375 E1055.17421
G1 X-1.302 Y4.866 Z48.396 E1055.48019
G1 X-1.926 Y4.654 Z48.417 E1055.79027
G1 X-2.518 Y4.361 Z48.438 E1056.10105
G1 X-3.068 Y3.995 Z48.458 E1056.41187
G1 X-3.561 Y3.561 Z48.479 E1056.72091
G1 X-3.995 Y3.068 Z48.5 E1057.02994
;TIME_ELAPSED:327.200330
;LAYER:48
;note -- min layer time used
;TYPE:WALL-OUTER
;MESH:funnel.stl
G1 X-4.361 Y2.518 Z48.521 E1057.34078
G1 X-4.654 Y1.926 Z48.542 E1057.65156
G1 X-4.866 Y1.302 Z48.563 E1057.96164
G1 X-4.992 Y0.664 Z48.583 E1058.26761
G1 X-5.036 Y0.00 Z48.604 E1058.5807
G1 X-4.992 Y-.664 Z48.625 E1058.8938
G1 X-4.866 Y-1.302 Z48.646 E1059.19978
G1 X-4.654 Y-1.926 Z48.667 E1059.50986
G1 X-4.361 Y-2.518 Z48.688 E1059.82064
G1 X-3.995 Y-3.068 Z48.708 E1060.13146
G1 X-3.561 Y-3.561 Z48.729 E1060.4405
G1 X-3.068 Y-3.995 Z48.75 E1060.74953
G1 X-2.518 Y-4.361 Z48.771 E1061.06037
G1 X-1.926 Y-4.654 Z48.792 E1061.37115
G1 X-1.302 Y-4.866 Z48.813 E1061.68123
G1 X-.664 Y-4.992 Z48.833 E1061.98719
G1 X0.00 Y-5.036 Z48.854 E1062.30029
G1 X0.664 Y-4.992 Z48.875 E1062.61339
G1 X1.302 Y-4.866 Z48.896 E1062.91937
G1 X1.926 Y-4.654 Z48.917 E1063.22944
G1 X2.518 Y-4.361 Z48.938 E1063.54023
G1 X3.068 Y-3.995 Z48.958 E1063.85105
G1 X3.561 Y-3.561 Z48.979 E1064.16008
G1 X3.995 Y-3.068 Z49 E1064.46912
G1 X4.361 Y-2.518 Z49.021 E1064.77995
G1 X4.654 Y-1.926 Z49.042 E1065.09074
G1 X4.866 Y-1.302 Z49.063 E1065.40081
G1 X4.992 Y-.664 Z49.083 E1065.70678
G1 X5.036 Y0.00 Z49.104 E1066.01988
G1 X4.992 Y0.664 Z49.125 E1066.33297
G1 X4.866 Y1.302 Z49.146 E1066.63896
G1 X4.654 Y1.926 Z49.167 E1066.94903
G1 X4.361 Y2.518 Z49.188 E1067.25982
G1 X3.995 Y3.068 Z49.208 E1067.57064
G1 X3.561 Y3.561 Z49.229 E1067.87967
G1 X3.068 Y3.995 Z49.25 E1068.18871
G1 X2.518 Y4.361 Z49.271 E1068.49954
G1 X1.926 Y4.654 Z49.292 E1068.81033
G1 X1.302 Y4.866 Z49.313 E1069.1204
G1 X0.664 Y4.992 Z49.333 E1069.42637
G1 X0.00 Y5.036 Z49.354 E1069.73947
G1 X-.664 Y4.992 Z49.375 E1070.05256
G1 X-1.302 Y4.866 Z49.396 E1070.35854
G1 X-1.926 Y4.654 Z49.417 E1070.66862
G1 X-2.518 Y4.361 Z49.438 E1070.97941
G1 X-3.068 Y3.995 Z49.458 E1071.29023
G1 X-3.561 Y3.561 Z49.479 E1071.59926
G1 X-3.995 Y3.068 Z49.5 E1071.90829
;TIME_ELAPSED:330.461681
;LAYER:49
;note -- min layer time used
;TYPE:WALL-OUTER
;MESH:funnel.stl
G1 X-4.361 Y2.518 Z49.521 E1072.21913
G1 X-4.654 Y1.926 Z49.542 E1072.52992
G1 X-4.866 Y1.302 Z49.563 E1072.83999
G1 X-4.992 Y0.664 Z49.583 E1073.14596
G1 X-5.036 Y0.00 Z49.604 E1073.45905
G1 X-4.992 Y-.664 Z49.625 E1073.77215
G1 X-4.866 Y-1.302 Z49.646 E1074.07813
G1 X-4.654 Y-1.926 Z49.667 E1074.38821
G1 X-4.361 Y-2.518 Z49.688 E1074.69899
G1 X-3.995 Y-3.068 Z49.708 E1075.00981
G1 X-3.561 Y-3.561 Z49.729 E1075.31885
G1 X-3.068 Y-3.995 Z49.75 E1075.62788
G1 X-2.518 Y-4.361 Z49.771 E1075.93872
G1 X-1.926 Y-4.654 Z49.792 E1076.2495
G1 X-1.302 Y-4.866 Z49.813 E1076.55958
G1 X-.664 Y-4.992 Z49.833 E1076.86555
G1 X0.00 Y-5.036 Z49.854 E1077.17864
G1 X0.664 Y-4.992 Z49.875 E1077.49174
G1 X1.302 Y-4.866 Z49.896 E1077.79772
G1 X1.926 Y-4.654 Z49.917 E1078.1078
G1 X2.518 Y-4.361 Z49.938 E1078.41858
G1 X3.068 Y-3.995 Z49.958 E1078.7294
G1 X3.561 Y-3.561 Z49.979 E1079.03844
G1 X3.995 Y-3.068 Z50 E1079.34747
G1 X4.361 Y-2.518 Z50.021 E1079.65831
G1 X4.654 Y-1.926 Z50.042 E1079.96909
G1 X4.866 Y-1.302 Z50.063 E1080.27917
G1 X4.992 Y-.664 Z50.083 E1080.58513
G1 X5.036 Y0.00 Z50.104 E1080.89823
G1 X4.992 Y0.664 Z50.125 E1081.21133
G1 X4.866 Y1.302 Z50.146 E1081.51731
G1 X4.654 Y1.926 Z50.167 E1081.82738
G1 X4.361 Y2.518 Z50.188 E1082.13817
G1 X3.995 Y3.068 Z50.208 E1082.44899
G1 X3.561 Y3.561 Z50.229 E1082.75802
G1 X3.068 Y3.995 Z50.25 E1083.06706
G1 X2.518 Y4.361 Z50.271 E1083.37789
G1 X1.926 Y4.654 Z50.292 E1083.68868
G1 X1.302 Y4.866 Z50.313 E1083.99875
G1 X0.664 Y4.992 Z50.333 E1084.30472
G1 X0.00 Y5.036 Z50.354 E1084.61782
G1 X-.664 Y4.992 Z50.375 E1084.93091
G1 X-1.302 Y4.866 Z50.396 E1085.2369
G1 X-1.926 Y4.654 Z50.417 E1085.54697
G1 X-2.518 Y4.361 Z50.438 E1085.85776
G1 X-3.068 Y3.995 Z50.458 E1086.16858
G1 X-3.561 Y3.561 Z50.479 E1086.47761
G1 X-3.995 Y3.068 Z50.5 E1086.78665
;TIME_ELAPSED:333.723033
;LAYER:50
;note -- min layer time used
;TYPE:WALL-OUTER
;MESH:funnel.stl
G1 X-4.361 Y2.518 Z50.521 E1087.09748
G1 X-4.654 Y1.926 Z50.542 E1087.40827
G1 X-4.866 Y1.302 Z50.563 E1087.71834
G1 X-4.992 Y0.664 Z50.583 E1088.02431
G1 X-5.036 Y0.00 Z50.604 E1088.33741
G1 X-4.992 Y-.664 Z50.625 E1088.6505
G1 X-4.866 Y-1.302 Z50.646 E1088.95648
G1 X-4.654 Y-1.926 Z50.667 E1089.26656
G1 X-4.361 Y-2.518 Z50.688 E1089.57734
G1 X-3.995 Y-3.068 Z50.708 E1089.88817
G1 X-3.561 Y-3.561 Z50.729 E1090.1972
G1 X-3.068 Y-3.995 Z50.75 E1090.50623
G1 X-2.518 Y-4.361 Z50.771 E1090.81707
G1 X-1.926 Y-4.654 Z50.792 E1091.12785
G1 X-1.302 Y-4.866 Z50.813 E1091.43793
G1 X-.664 Y-4.992 Z50.833 E1091.7439
G1 X0.00 Y-5.036 Z50.854 E1092.05699
G1 X0.664 Y-4.992 Z50.875 E1092.37009
G1 X1.302 Y-4.866 Z50.896 E1092.67607
G1 X1.926 Y-4.654 Z50.917 E1092.98615
G1 X2.518 Y-4.361 Z50.938 E1093.29693
G1 X3.068 Y-3.995 Z50.958 E1093.60775
G1 X3.561 Y-3.561 Z50.979 E1093.91679
G1 X3.995 Y-3.068 Z51 E1094.22582
G1 X4.361 Y-2.518 Z51.021 E1094.53666
G1 X4.654 Y-1.926 Z51.042 E1094.84744
G1 X4.866 Y-1.302 Z51.063 E1095.15752
G1 X4.992 Y-.664 Z51.083 E1095.46349
G1 X5.036 Y0.00 Z51.104 E1095.77658
G1 X4.992 Y0.664 Z51.125 E1096.08968
G1 X4.866 Y1.302 Z51.146 E1096.39566
G1 X4.654 Y1.926 Z51.167 E1096.70574
G1 X4.361 Y2.518 Z51.188 E1097.01652
G1 X3.995 Y3.068 Z51.208 E1097.32734
G1 X3.561 Y3.561 Z51.229 E1097.63638
G1 X3.068 Y3.995 Z51.25 E1097.94541
G1 X2.518 Y4.361 Z51.271 E1098.25625
G1 X1.926 Y4.654 Z51.292 E1098.56703
G1 X1.302 Y4.866 Z51.313 E1098.87711
G1 X0.664 Y4.992 Z51.333 E1099.18307
G1 X0.00 Y5.036 Z51.354 E1099.49617
G1 X-.664 Y4.992 Z51.375 E1099.80927
G1 X-1.302 Y4.866 Z51.396 E1100.11525
G1 X-1.926 Y4.654 Z51.417 E1100.42532
G1 X-2.518 Y4.361 Z51.438 E1100.73611
G1 X-3.068 Y3.995 Z51.458 E1101.04693
G1 X-3.561 Y3.561 Z51.479 E1101.35596
G1 X-3.995 Y3.068 Z51.5 E1101.665
;TIME_ELAPSED:336.984384
;LAYER:51
;note -- min layer time used
;TYPE:WALL-OUTER
;MESH:funnel.stl
G1 X-4.361 Y2.518 Z51.521 E1101.97583
G1 X-4.654 Y1.926 Z51.542 E1102.28662
G1 X-4.866 Y1.302 Z51.563 E1102.59669
G1 X-4.992 Y0.664 Z51.583 E1102.90266
G1 X-5.036 Y0.00 Z51.604 E1103.21576
G1 X-4.992 Y-.664 Z51.625 E1103.52885
G1 X-4.866 Y-1.302 Z51.646 E1103.83484
G1 X-4.654 Y-1.926 Z51.667 E1104.14491
G1 X-4.361 Y-2.518 Z51.688 E1104.4557
G1 X-3.995 Y-3.068 Z51.708 E1104.76652
G1 X-3.561 Y-3.561 Z51.729 E1105.07555
G1 X-3.068 Y-3.995 Z51.75 E1105.38459
G1 X-2.518 Y-4.361 Z51.771 E1105.69542
G1 X-1.926 Y-4.654 Z51.792 E1106.00621
G1 X-1.302 Y-4.866 Z51.813 E1106.31628
G1 X-.664 Y-4.992 Z51.833 E1106.62225
G1 X0.00 Y-5.036 Z51.854 E1106.93535
G1 X0.664 Y-4.992 Z51.875 E1107.24844
G1 X1.302 Y-4.866 Z51.896 E1107.55442
G1 X1.926 Y-4.654 Z51.917 E1107.8645
G1 X2.518 Y-4.361 Z51.938 E1108.17528
G1 X3.068 Y-3.995 Z51.958 E1108.48611
G1 X3.561 Y-3.561 Z51.979 E1108.79514
G1 X3.995 Y-3.068 Z52 E1109.10417
G1 X4.361 Y-2.518 Z52.021 E1109.41501
G1 X4.654 Y-1.926 Z52.042 E1109.72579
G1 X4.866 Y-1.302 Z52.063 E1110.03587
G1 X4.992 Y-.664 Z52.083 E1110.34184
G1 X5.036 Y0.00 Z52.104 E1110.65493
G1 X4.992 Y0.664 Z52.125 E1110.96803
G1 X4.866 Y1.302 Z52.146 E1111.27401
G1 X4.654 Y1.926 Z52.167 E1111.58409
G1 X4.361 Y2.518 Z52.188 E1111.89487
G1 X3.995 Y3.068 Z52.208 E1112.20569
G1 X3.561 Y3.561 Z52.229 E1112.51473
G1 X3.068 Y3.995 Z52.25 E1112.82376
G1 X2.518 Y4.361 Z52.271 E1113.1346
G1 X1.926 Y4.654 Z52.292 E1113.44538
G1 X1.302 Y4.866 Z52.313 E1113.75546
G1 X0.664 Y4.992 Z52.333 E1114.06143
G1 X0.00 Y5.036 Z52.354 E1114.37452
G1 X-.664 Y4.992 Z52.375 E1114.68762
G1 X-1.302 Y4.866 Z52.396 E1114.9936
G1 X-1.926 Y4.654 Z52.417 E1115.30367
G1 X-2.518 Y4.361 Z52.438 E1115.61446
G1 X-3.068 Y3.995 Z52.458 E1115.92528
G1 X-3.561 Y3.561 Z52.479 E1116.23431
G1 X-3.995 Y3.068 Z52.5 E1116.54335
;TIME_ELAPSED:340.245736
;LAYER:52
;note -- min layer time used
;TYPE:WALL-OUTER
;MESH:funnel.stl
G1 X-4.361 Y2.518 Z52.521 E1116.85418
G1 X-4.654 Y1.926 Z52.542 E1117.16497
G1 X-4.866 Y1.302 Z52.563 E1117.47504
G1 X-4.992 Y0.664 Z52.583 E1117.78101
G1 X-5.036 Y0.00 Z52.604 E1118.09411
G1 X-4.992 Y-.664 Z52.625 E1118.4072
G1 X-4.866 Y-1.302 Z52.646 E1118.71319
G1 X-4.654 Y-1.926 Z52.667 E1119.02326
G1 X-4.361 Y-2.518 Z52.688 E1119.33405
G1 X-3.995 Y-3.068 Z52.708 E1119.64487
G1 X-3.561 Y-3.561 Z52.729 E1119.9539
G1 X-3.068 Y-3.995 Z52.75 E1120.26294
G1 X-2.518 Y-4.361 Z52.771 E1120.57377
G1 X-1.926 Y-4.654 Z52.792 E1120.88456
G1 X-1.302 Y-4.866 Z52.813 E1121.19463
G1 X-.664 Y-4.992 Z52.833 E1121.5006
G1 X0.00 Y-5.036 Z52.854 E1121.8137
G1 X0.664 Y-4.992 Z52.875 E1122.12679
G1 X1.302 Y-4.866 Z52.896 E1122.43278
G1 X1.926 Y-4.654 Z52.917 E1122.74285
G1 X2.518 Y-4.361 Z52.938 E1123.05364
G1 X3.068 Y-3.995 Z52.958 E1123.36446
G1 X3.561 Y-3.561 Z52.979 E1123.67349
G1 X3.995 Y-3.068 Z53 E1123.98252
G1 X4.361 Y-2.518 Z53.021 E1124.29336
G1 X4.654 Y-1.926 Z53.042 E1124.60415
G1 X4.866 Y-1.302 Z53.063 E1124.91422
G1 X4.992 Y-.664 Z53.083 E1125.22019
G1 X5.036 Y0.00 Z53.104 E1125.53328
G1 X4.992 Y0.664 Z53.125 E1125.84638
G1 X4.866 Y1.302 Z53.146 E1126.15236
G1 X4.654 Y1.926 Z53.167 E1126.46244
G1 X4.361 Y2.518 Z53.188 E1126.77322
G1 X3.995 Y3.068 Z53.208 E1127.08404
G1 X3.561 Y3.561 Z53.229 E1127.39308
G1 X3.068 Y3.995 Z53.25 E1127.70211
G1 X2.518 Y4.361 Z53.271 E1128.01295
G1 X1.926 Y4.654 Z53.292 E1128.32373
G1 X1.302 Y4.866 Z53.313 E1128.63381
G1 X0.664 Y4.992 Z53.333 E1128.93978
G1 X0.00 Y5.036 Z53.354 E1129.25287
G1 X-.664 Y4.992 Z53.375 E1129.56597
G1 X-1.302 Y4.866 Z53.396 E1129.87195
G1 X-1.926 Y4.654 Z53.417 E1130.18203
G1 X-2.518 Y4.361 Z53.438 E1130.49281
G1 X-3.068 Y3.995 Z53.458 E1130.80363
G1 X-3.561 Y3.561 Z53.479 E1131.11267
G1 X-3.995 Y3.068 Z53.5 E1131.4217
;TIME_ELAPSED:343.507087
;LAYER:53
;note -- min layer time used
;TYPE:WALL-OUTER
;MESH:funnel.stl
G1 X-4.361 Y2.518 Z53.521 E1131.73254
G1 X-4.654 Y1.926 Z53.542 E1132.04332
G1 X-4.866 Y1.302 Z53.563 E1132.3534
G1 X-4.992 Y0.664 Z53.583 E1132.65936
G1 X-5.036 Y0.00 Z53.604 E1132.97246
G1 X-4.992 Y-.664 Z53.625 E1133.28556
G1 X-4.866 Y-1.302 Z53.646 E1133.59154
G1 X-4.654 Y-1.926 Z53.667 E1133.90161
G1 X-4.361 Y-2.518 Z53.688 E1134.2124
G1 X-3.995 Y-3.068 Z53.708 E1134.52322
G1 X-3.561 Y-3.561 Z53.729 E1134.83225
G1 X-3.068 Y-3.995 Z53.75 E1135.14129
G1 X-2.518 Y-4.361 Z53.771 E1135.45212
G1 X-1.926 Y-4.654 Z53.792 E1135.76291
G1 X-1.302 Y-4.866 Z53.813 E1136.07298
G1 X-.664 Y-4.992 Z53.833 E1136.37895
G1 X0.00 Y-5.036 Z53.854 E1136.69205
G1 X0.664 Y-4.992 Z53.875 E1137.00514
G1 X1.302 Y-4.866 Z53.896 E1137.31113
G1 X1.926 Y-4.654 Z53.917 E1137.6212
G1 X2.518 Y-4.361 Z53.938 E1137.93199
G1 X3.068 Y-3.995 Z53.958 E1138.24281
G1 X3.561 Y-3.561 Z53.979 E1138.55184
G1 X3.995 Y-3.068 Z54 E1138.86088
G1 X4.361 Y-2.518 Z54.021 E1139.17171
G1 X4.654 Y-1.926 Z54.042 E1139.4825
G1 X4.866 Y-1.302 Z54.063 E1139.79257
G1 X4.992 Y-.664 Z54.083 E1140.09854
G1 X5.036 Y0.00 Z54.104 E1140.41164
G1 X4.992 Y0.664 Z54.125 E1140.72473
G1 X4.866 Y1.302 Z54.146 E1141.03071
G1 X4.654 Y1.926 Z54.167 E1141.34079
G1 X4.361 Y2.518 Z54.188 E1141.65158
G1 X3.995 Y3.068 Z54.208 E1141.9624
G1 X3.561 Y3.561 Z54.229 E1142.27143
G1 X3.068 Y3.995 Z54.25 E1142.58046
G1 X2.518 Y4.361 Z54.271 E1142.8913
G1 X1.926 Y4.654 Z54.292 E1143.20209
G1 X1.302 Y4.866 Z54.313 E1143.51216
G1 X0.664 Y4.992 Z54.333 E1143.81813
G1 X0.00 Y5.036 Z54.354 E1144.13122
G1 X-.664 Y4.992 Z54.375 E1144.44432
G1 X-1.302 Y4.866 Z54.396 E1144.7503
G1 X-1.926 Y4.654 Z54.417 E1145.06038
G1 X-2.518 Y4.361 Z54.438 E1145.37116
G1 X-3.068 Y3.995 Z54.458 E1145.68198
G1 X-3.561 Y3.561 Z54.479 E1145.99102
G1 X-3.995 Y3.068 Z54.5 E1146.30005
;TIME_ELAPSED:346.768438
;LAYER:54
;note -- min layer time used
;TYPE:WALL-OUTER
;MESH:funnel.stl
G1 X-4.361 Y2.518 Z54.521 E1146.61089
G1 X-4.654 Y1.926 Z54.542 E1146.92167
G1 X-4.866 Y1.302 Z54.563 E1147.23175
G1 X-4.992 Y0.664 Z54.583 E1147.53772
G1 X-5.036 Y0.00 Z54.604 E1147.85081
G1 X-4.992 Y-.664 Z54.625 E1148.16391
G1 X-4.866 Y-1.302 Z54.646 E1148.46989
G1 X-4.654 Y-1.926 Z54.667 E1148.77997
G1 X-4.361 Y-2.518 Z54.688 E1149.09075
G1 X-3.995 Y-3.068 Z54.708 E1149.40157
G1 X-3.561 Y-3.561 Z54.729 E1149.71061
G1 X-3.068 Y-3.995 Z54.75 E1150.01964
G1 X-2.518 Y-4.361 Z54.771 E1150.33048
G1 X-1.926 Y-4.654 Z54.792 E1150.64126
G1 X-1.302 Y-4.866 Z54.813 E1150.95134
G1 X-.664 Y-4.992 Z54.833 E1151.2573
G1 X0.00 Y-5.036 Z54.854 E1151.5704
G1 X0.664 Y-4.992 Z54.875 E1151.8835
G1 X1.302 Y-4.866 Z54.896 E1152.18948
G1 X1.926 Y-4.654 Z54.917 E1152.49955
G1 X2.518 Y-4.361 Z54.938 E1152.81034
G1 X3.068 Y-3.995 Z54.958 E1153.12116
G1 X3.561 Y-3.561 Z54.979 E1153.43019
G1 X3.995 Y-3.068 Z55 E1153.73923
G1 X4.361 Y-2.518 Z55.021 E1154.05006
G1 X4.654 Y-1.926 Z55.042 E1154.36085
G1 X4.866 Y-1.302 Z55.063 E1154.67092
G1 X4.992 Y-.664 Z55.083 E1154.97689
G1 X5.036 Y0.00 Z55.104 E1155.28999
G1 X4.992 Y0.664 Z55.125 E1155.60308
G1 X4.866 Y1.302 Z55.146 E1155.90907
G1 X4.654 Y1.926 Z55.167 E1156.21914
G1 X4.361 Y2.518 Z55.188 E1156.52993
G1 X3.995 Y3.068 Z55.208 E1156.84075
G1 X3.561 Y3.561 Z55.229 E1157.14978
G1 X3.068 Y3.995 Z55.25 E1157.45882
G1 X2.518 Y4.361 Z55.271 E1157.76965
G1 X1.926 Y4.654 Z55.292 E1158.08044
G1 X1.302 Y4.866 Z55.313 E1158.39051
G1 X0.664 Y4.992 Z55.333 E1158.69648
G1 X0.00 Y5.036 Z55.354 E1159.00958
G1 X-.664 Y4.992 Z55.375 E1159.32267
G1 X-1.302 Y4.866 Z55.396 E1159.62865
G1 X-1.926 Y4.654 Z55.417 E1159.93873
G1 X-2.518 Y4.361 Z55.438 E1160.24951
G1 X-3.068 Y3.995 Z55.458 E1160.56034
G1 X-3.561 Y3.561 Z55.479 E1160.86937
G1 X-3.995 Y3.068 Z55.5 E1161.1784
;TIME_ELAPSED:350.029790
;LAYER:55
;note -- min layer time used
;TYPE:WALL-OUTER
;MESH:funnel.stl
G1 X-4.361 Y2.518 Z55.521 E1161.48924
G1 X-4.654 Y1.926 Z55.542 E1161.80002
G1 X-4.866 Y1.302 Z55.563 E1162.1101
G1 X-4.992 Y0.664 Z55.583 E1162.41607
G1 X-5.036 Y0.00 Z55.604 E1162.72916
G1 X-4.992 Y-.664 Z55.625 E1163.04226
G1 X-4.866 Y-1.302 Z55.646 E1163.34824
G1 X-4.654 Y-1.926 Z55.667 E1163.65832
G1 X-4.361 Y-2.518 Z55.688 E1163.9691
G1 X-3.995 Y-3.068 Z55.708 E1164.27992
G1 X-3.561 Y-3.561 Z55.729 E1164.58896
G1 X-3.068 Y-3.995 Z55.75 E1164.89799
G1 X-2.518 Y-4.361 Z55.771 E1165.20883
G1 X-1.926 Y-4.654 Z55.792 E1165.51961
G1 X-1.302 Y-4.866 Z55.813 E1165.82969
G1 X-.664 Y-4.992 Z55.833 E1166.13566
G1 X0.00 Y-5.036 Z55.854 E1166.44875
G1 X0.664 Y-4.992 Z55.875 E1166.76185
G1 X1.302 Y-4.866 Z55.896 E1167.06783
G1 X1.926 Y-4.654 Z55.917 E1167.37791
G1 X2.518 Y-4.361 Z55.938 E1167.68869
G1 X3.068 Y-3.995 Z55.958 E1167.99951
G1 X3.561 Y-3.561 Z55.979 E1168.30855
G1 X3.995 Y-3.068 Z56 E1168.61758
G1 X4.361 Y-2.518 Z56.021 E1168.92842
G1 X4.654 Y-1.926 Z56.042 E1169.2392
G1 X4.866 Y-1.302 Z56.063 E1169.54928
G1 X4.992 Y-.664 Z56.083 E1169.85524
G1 X5.036 Y0.00 Z56.104 E1170.16834
G1 X4.992 Y0.664 Z56.125 E1170.48144
G1 X4.866 Y1.302 Z56.146 E1170.78742
G1 X4.654 Y1.926 Z56.167 E1171.09749
G1 X4.361 Y2.518 Z56.188 E1171.40828
G1 X3.995 Y3.068 Z56.208 E1171.7191
G1 X3.561 Y3.561 Z56.229 E1172.02813
G1 X3.068 Y3.995 Z56.25 E1172.33717
G1 X2.518 Y4.361 Z56.271 E1172.648
G1 X1.926 Y4.654 Z56.292 E1172.95879
G1 X1.302 Y4.866 Z56.313 E1173.26886
G1 X0.664 Y4.992 Z56.333 E1173.57483
G1 X0.00 Y5.036 Z56.354 E1173.88793
G1 X-.664 Y4.992 Z56.375 E1174.20102
G1 X-1.302 Y4.866 Z56.396 E1174.50701
G1 X-1.926 Y4.654 Z56.417 E1174.81708
G1 X-2.518 Y4.361 Z56.438 E1175.12787
G1 X-3.068 Y3.995 Z56.458 E1175.43869
G1 X-3.561 Y3.561 Z56.479 E1175.74772
G1 X-3.995 Y3.068 Z56.5 E1176.05676
;TIME_ELAPSED:353.291141
;LAYER:56
;note -- min layer time used
;TYPE:WALL-OUTER
;MESH:funnel.stl
G1 X-4.361 Y2.518 Z56.521 E1176.36759
G1 X-4.654 Y1.926 Z56.542 E1176.67838
G1 X-4.866 Y1.302 Z56.563 E1176.98845
G1 X-4.992 Y0.664 Z56.583 E1177.29442
G1 X-5.036 Y0.00 Z56.604 E1177.60752
G1 X-4.992 Y-.664 Z56.625 E1177.92061
G1 X-4.866 Y-1.302 Z56.646 E1178.22659
G1 X-4.654 Y-1.926 Z56.667 E1178.53667
G1 X-4.361 Y-2.518 Z56.688 E1178.84745
G1 X-3.995 Y-3.068 Z56.708 E1179.15828
G1 X-3.561 Y-3.561 Z56.729 E1179.46731
G1 X-3.068 Y-3.995 Z56.75 E1179.77634
G1 X-2.518 Y-4.361 Z56.771 E1180.08718
G1 X-1.926 Y-4.654 Z56.792 E1180.39796
G1 X-1.302 Y-4.866 Z56.813 E1180.70804
G1 X-.664 Y-4.992 Z56.833 E1181.01401
G1 X0.00 Y-5.036 Z56.854 E1181.3271
G1 X0.664 Y-4.992 Z56.875 E1181.6402
G1 X1.302 Y-4.866 Z56.896 E1181.94618
G1 X1.926 Y-4.654 Z56.917 E1182.25626
G1 X2.518 Y-4.361 Z56.938 E1182.56704
G1 X3.068 Y-3.995 Z56.958 E1182.87786
G1 X3.561 Y-3.561 Z56.979 E1183.1869
G1 X3.995 Y-3.068 Z57 E1183.49593
G1 X4.361 Y-2.518 Z57.021 E1183.80677
G1 X4.654 Y-1.926 Z57.042 E1184.11755
G1 X4.866 Y-1.302 Z57.063 E1184.42763
G1 X4.992 Y-.664 Z57.083 E1184.7336
G1 X5.036 Y0.00 Z57.104 E1185.04669
G1 X4.992 Y0.664 Z57.125 E1185.35979
G1 X4.866 Y1.302 Z57.146 E1185.66577
G1 X4.654 Y1.926 Z57.167 E1185.97584
G1 X4.361 Y2.518 Z57.188 E1186.28663
G1 X3.995 Y3.068 Z57.208 E1186.59745
G1 X3.561 Y3.561 Z57.229 E1186.90648
G1 X3.068 Y3.995 Z57.25 E1187.21552
G1 X2.518 Y4.361 Z57.271 E1187.52635
G1 X1.926 Y4.654 Z57.292 E1187.83714
G1 X1.302 Y4.866 Z57.313 E1188.14721
G1 X0.664 Y4.992 Z57.333 E1188.45318
G1 X0.00 Y5.036 Z57.354 E1188.76628
G1 X-.664 Y4.992 Z57.375 E1189.07937
G1 X-1.302 Y4.866 Z57.396 E1189.38536
G1 X-1.926 Y4.654 Z57.417 E1189.69543
G1 X-2.518 Y4.361 Z57.438 E1190.00622
G1 X-3.068 Y3.995 Z57.458 E1190.31704
G1 X-3.561 Y3.561 Z57.479 E1190.62607
G1 X-3.995 Y3.068 Z57.5 E1190.93511
;TIME_ELAPSED:356.552493
;LAYER:57
;note -- min layer time used
;TYPE:WALL-OUTER
;MESH:funnel.stl
G1 X-4.361 Y2.518 Z57.521 E1191.24594
G1 X-4.654 Y1.926 Z57.542 E1191.55673
G1 X-4.866 Y1.302 Z57.563 E1191.8668
G1 X-4.992 Y0.664 Z57.583 E1192.17277
G1 X-5.036 Y0.00 Z57.604 E1192.48587
G1 X-4.992 Y-.664 Z57.625 E1192.79896
G1 X-4.866 Y-1.302 Z57.646 E1193.10495
G1 X-4.654 Y-1.926 Z57.667 E1193.41502
G1 X-4.361 Y-2.518 Z57.688 E1193.72581
G1 X-3.995 Y-3.068 Z57.708 E1194.03663
G1 X-3.561 Y-3.561 Z57.729 E1194.34566
G1 X-3.068 Y-3.995 Z57.75 E1194.65469
G1 X-2.518 Y-4.361 Z57.771 E1194.96553
G1 X-1.926 Y-4.654 Z57.792 E1195.27632
G1 X-1.302 Y-4.866 Z57.813 E1195.58639
G1 X-.664 Y-4.992 Z57.833 E1195.89236
G1 X0.00 Y-5.036 Z57.854 E1196.20545
G1 X0.664 Y-4.992 Z57.875 E1196.51855
G1 X1.302 Y-4.866 Z57.896 E1196.82453
G1 X1.926 Y-4.654 Z57.917 E1197.13461
G1 X2.518 Y-4.361 Z57.938 E1197.44539
G1 X3.068 Y-3.995 Z57.958 E1197.75621
G1 X3.561 Y-3.561 Z57.979 E1198.06525
G1 X3.995 Y-3.068 Z58 E1198.37428
G1 X4.361 Y-2.518 Z58.021 E1198.68512
G1 X4.654 Y-1.926 Z58.042 E1198.9959
G1 X4.866 Y-1.302 Z58.063 E1199.30598
G1 X4.992 Y-.664 Z58.083 E1199.61195
G1 X5.036 Y0.00 Z58.104 E1199.92504
G1 X4.992 Y0.664 Z58.125 E1200.23814
G1 X4.866 Y1.302 Z58.146 E1200.54412
G1 X4.654 Y1.926 Z58.167 E1200.8542
G1 X4.361 Y2.518 Z58.188 E1201.16498
G1 X3.995 Y3.068 Z58.208 E1201.4758
G1 X3.561 Y3.561 Z58.229 E1201.78484
G1 X3.068 Y3.995 Z58.25 E1202.09387
G1 X2.518 Y4.361 Z58.271 E1202.40471
G1 X1.926 Y4.654 Z58.292 E1202.71549
G1 X1.302 Y4.866 Z58.313 E1203.02557
G1 X0.664 Y4.992 Z58.333 E1203.33153
G1 X0.00 Y5.036 Z58.354 E1203.64463
G1 X-.664 Y4.992 Z58.375 E1203.95773
G1 X-1.302 Y4.866 Z58.396 E1204.26371
G1 X-1.926 Y4.654 Z58.417 E1204.57378
G1 X-2.518 Y4.361 Z58.438 E1204.88457
G1 X-3.068 Y3.995 Z58.458 E1205.19539
G1 X-3.561 Y3.561 Z58.479 E1205.50442
G1 X-3.995 Y3.068 Z58.5 E1205.81346
;TIME_ELAPSED:359.813844
;LAYER:58
;note -- min layer time used
;TYPE:WALL-OUTER
;MESH:funnel.stl
G1 X-4.361 Y2.518 Z58.521 E1206.12429
G1 X-4.654 Y1.926 Z58.542 E1206.43508
G1 X-4.866 Y1.302 Z58.563 E1206.74515
G1 X-4.992 Y0.664 Z58.583 E1207.05112
G1 X-5.036 Y0.00 Z58.604 E1207.36422
G1 X-4.992 Y-.664 Z58.625 E1207.67731
G1 X-4.866 Y-1.302 Z58.646 E1207.9833
G1 X-4.654 Y-1.926 Z58.667 E1208.29337
G1 X-4.361 Y-2.518 Z58.688 E1208.60416
G1 X-3.995 Y-3.068 Z58.708 E1208.91498
G1 X-3.561 Y-3.561 Z58.729 E1209.22401
G1 X-3.068 Y-3.995 Z58.75 E1209.53305
G1 X-2.518 Y-4.361 Z58.771 E1209.84388
G1 X-1.926 Y-4.654 Z58.792 E1210.15467
G1 X-1.302 Y-4.866 Z58.813 E1210.46474
G1 X-.664 Y-4.992 Z58.833 E1210.77071
G1 X0.00 Y-5.036 Z58.854 E1211.08381
G1 X0.664 Y-4.992 Z58.875 E1211.3969
G1 X1.302 Y-4.866 Z58.896 E1211.70288
G1 X1.926 Y-4.654 Z58.917 E1212.01296
G1 X2.518 Y-4.361 Z58.938 E1212.32375
G1 X3.068 Y-3.995 Z58.958 E1212.63457
G1 X3.561 Y-3.561 Z58.979 E1212.9436
G1 X3.995 Y-3.068 Z59 E1213.25263
G1 X4.361 Y-2.518 Z59.021 E1213.56347
G1 X4.654 Y-1.926 Z59.042 E1213.87426
G1 X4.866 Y-1.302 Z59.063 E1214.18433
G1 X4.992 Y-.664 Z59.083 E1214.4903
G1 X5.036 Y0.00 Z59.104 E1214.80339
G1 X4.992 Y0.664 Z59.125 E1215.11649
G1 X4.866 Y1.302 Z59.146 E1215.42247
G1 X4.654 Y1.926 Z59.167 E1215.73255
G1 X4.361 Y2.518 Z59.188 E1216.04333
G1 X3.995 Y3.068 Z59.208 E1216.35415
G1 X3.561 Y3.561 Z59.229 E1216.66319
G1 X3.068 Y3.995 Z59.25 E1216.97222
G1 X2.518 Y4.361 Z59.271 E1217.28306
G1 X1.926 Y4.654 Z59.292 E1217.59384
G1 X1.302 Y4.866 Z59.313 E1217.90392
G1 X0.664 Y4.992 Z59.333 E1218.20989
G1 X0.00 Y5.036 Z59.354 E1218.52298
G1 X-.664 Y4.992 Z59.375 E1218.83608
G1 X-1.302 Y4.866 Z59.396 E1219.14206
G1 X-1.926 Y4.654 Z59.417 E1219.45214
G1 X-2.518 Y4.361 Z59.438 E1219.76292
G1 X-3.068 Y3.995 Z59.458 E1220.07374
G1 X-3.561 Y3.561 Z59.479 E1220.38278
G1 X-3.995 Y3.068 Z59.5 E1220.69181
;TIME_ELAPSED:363.075196
;LAYER:59
;note -- min layer time used
;TYPE:WALL-OUTER
;MESH:funnel.stl
G1 X-4.361 Y2.518 Z59.521 E1221.00265
G1 X-4.654 Y1.926 Z59.542 E1221.31343
G1 X-4.866 Y1.302 Z59.563 E1221.62351
G1 X-4.992 Y0.664 Z59.583 E1221.92947
G1 X-5.036 Y0.00 Z59.604 E1222.24257
G1 X-4.992 Y-.664 Z59.625 E1222.55567
G1 X-4.866 Y-1.302 Z59.646 E1222.86165
G1 X-4.654 Y-1.926 Z59.667 E1223.17172
G1 X-4.361 Y-2.518 Z59.688 E1223.48251
G1 X-3.995 Y-3.068 Z59.708 E1223.79333
G1 X-3.561 Y-3.561 Z59.729 E1224.10236
G1 X-3.068 Y-3.995 Z59.75 E1224.4114
G1 X-2.518 Y-4.361 Z59.771 E1224.72223
G1 X-1.926 Y-4.654 Z59.792 E1225.03302
G1 X-1.302 Y-4.866 Z59.813 E1225.34309
G1 X-.664 Y-4.992 Z59.833 E1225.64906
G1 X0.00 Y-5.036 Z59.854 E1225.96216
G1 X0.664 Y-4.992 Z59.875 E1226.27525
G1 X1.302 Y-4.866 Z59.896 E1226.58124
G1 X1.926 Y-4.654 Z59.917 E1226.89131
G1 X2.518 Y-4.361 Z59.938 E1227.2021
G1 X3.068 Y-3.995 Z59.958 E1227.51292
G1 X3.561 Y-3.561 Z59.979 E1227.82195
G1 X3.995 Y-3.068 Z60 E1228.13099
G1 X4.361 Y-2.518 Z60.021 E1228.44182
G1 X4.654 Y-1.926 Z60.042 E1228.75261
G1 X4.866 Y-1.302 Z60.063 E1229.06268
G1 X4.992 Y-.664 Z60.083 E1229.36865
G1 X5.036 Y0.00 Z60.104 E1229.68175
G1 X4.992 Y0.664 Z60.125 E1229.99484
G1 X4.866 Y1.302 Z60.146 E1230.30082
G1 X4.654 Y1.926 Z60.167 E1230.6109
G1 X4.361 Y2.518 Z60.188 E1230.92168
G1 X3.995 Y3.068 Z60.208 E1231.23251
G1 X3.561 Y3.561 Z60.229 E1231.54154
G1 X3.068 Y3.995 Z60.25 E1231.85057
G1 X2.518 Y4.361 Z60.271 E1232.16141
G1 X1.926 Y4.654 Z60.292 E1232.47219
G1 X1.302 Y4.866 Z60.313 E1232.78227
G1 X0.664 Y4.992 Z60.333 E1233.08824
G1 X0.00 Y5.036 Z60.354 E1233.40133
G1 X-.664 Y4.992 Z60.375 E1233.71443
G1 X-1.302 Y4.866 Z60.396 E1234.02041
G1 X-1.926 Y4.654 Z60.417 E1234.33049
G1 X-2.518 Y4.361 Z60.438 E1234.64127
G1 X-3.068 Y3.995 Z60.458 E1234.95209
G1 X-3.561 Y3.561 Z60.479 E1235.26113
G1 X-3.995 Y3.068 Z60.5 E1235.57016
;TIME_ELAPSED:366.336547
;LAYER:60
;note -- min layer time used
;TYPE:WALL-OUTER
;MESH:funnel.stl
G1 X-4.361 Y2.518 Z60.521 E1235.881
G1 X-4.654 Y1.926 Z60.542 E1236.19178
G1 X-4.866 Y1.302 Z60.563 E1236.50186
G1 X-4.992 Y0.664 Z60.583 E1236.80783
G1 X-5.036 Y0.00 Z60.604 E1237.12092
G1 X-4.992 Y-.664 Z60.625 E1237.43402
G1 X-4.866 Y-1.302 Z60.646 E1237.74
G1 X-4.654 Y-1.926 Z60.667 E1238.05008
G1 X-4.361 Y-2.518 Z60.688 E1238.36086
G1 X-3.995 Y-3.068 Z60.708 E1238.67168
G1 X-3.561 Y-3.561 Z60.729 E1238.98072
G1 X-3.068 Y-3.995 Z60.75 E1239.28975
G1 X-2.518 Y-4.361 Z60.771 E1239.60059
G1 X-1.926 Y-4.654 Z60.792 E1239.91137
G1 X-1.302 Y-4.866 Z60.813 E1240.22145
G1 X-.664 Y-4.992 Z60.833 E1240.52741
G1 X0.00 Y-5.036 Z60.854 E1240.84051
G1 X0.664 Y-4.992 Z60.875 E1241.15361
G1 X1.302 Y-4.866 Z60.896 E1241.45959
G1 X1.926 Y-4.654 Z60.917 E1241.76966
G1 X2.518 Y-4.361 Z60.938 E1242.08045
G1 X3.068 Y-3.995 Z60.958 E1242.39127
G1 X3.561 Y-3.561 Z60.979 E1242.7003
G1 X3.995 Y-3.068 Z61 E1243.00934
G1 X4.361 Y-2.518 Z61.021 E1243.32017
G1 X4.654 Y-1.926 Z61.042 E1243.63096
G1 X4.866 Y-1.302 Z61.063 E1243.94103
G1 X4.992 Y-.664 Z61.083 E1244.247
G1 X5.036 Y0.00 Z61.104 E1244.5601
G1 X4.992 Y0.664 Z61.125 E1244.87319
G1 X4.866 Y1.302 Z61.146 E1245.17918
G1 X4.654 Y1.926 Z61.167 E1245.48925
G1 X4.361 Y2.518 Z61.188 E1245.80004
G1 X3.995 Y3.068 Z61.208 E1246.11086
G1 X3.561 Y3.561 Z61.229 E1246.41989
G1 X3.068 Y3.995 Z61.25 E1246.72893
G1 X2.518 Y4.361 Z61.271 E1247.03976
G1 X1.926 Y4.654 Z61.292 E1247.35055
G1 X1.302 Y4.866 Z61.313 E1247.66062
G1 X0.664 Y4.992 Z61.333 E1247.96659
G1 X0.00 Y5.036 Z61.354 E1248.27969
G1 X-.664 Y4.992 Z61.375 E1248.59278
G1 X-1.302 Y4.866 Z61.396 E1248.89876
G1 X-1.926 Y4.654 Z61.417 E1249.20884
G1 X-2.518 Y4.361 Z61.438 E1249.51962
G1 X-3.068 Y3.995 Z61.458 E1249.83045
G1 X-3.561 Y3.561 Z61.479 E1250.13948
G1 X-3.995 Y3.068 Z61.5 E1250.44851
;TIME_ELAPSED:369.597899
;LAYER:61
;note -- min layer time used
;TYPE:WALL-OUTER
;MESH:funnel.stl
G1 X-4.361 Y2.518 Z61.521 E1250.75935
G1 X-4.654 Y1.926 Z61.542 E1251.07013
G1 X-4.866 Y1.302 Z61.563 E1251.38021
G1 X-4.992 Y0.664 Z61.583 E1251.68618
G1 X-5.036 Y0.00 Z61.604 E1251.99927
G1 X-4.992 Y-.664 Z61.625 E1252.31237
G1 X-4.866 Y-1.302 Z61.646 E1252.61835
G1 X-4.654 Y-1.926 Z61.667 E1252.92843
G1 X-4.361 Y-2.518 Z61.688 E1253.23921
G1 X-3.995 Y-3.068 Z61.708 E1253.55003
G1 X-3.561 Y-3.561 Z61.729 E1253.85907
G1 X-3.068 Y-3.995 Z61.75 E1254.1681
G1 X-2.518 Y-4.361 Z61.771 E1254.47894
G1 X-1.926 Y-4.654 Z61.792 E1254.78972
G1 X-1.302 Y-4.866 Z61.813 E1255.0998
G1 X-.664 Y-4.992 Z61.833 E1255.40577
G1 X0.00 Y-5.036 Z61.854 E1255.71886
G1 X0.664 Y-4.992 Z61.875 E1256.03196
G1 X1.302 Y-4.866 Z61.896 E1256.33794
G1 X1.926 Y-4.654 Z61.917 E1256.64801
G1 X2.518 Y-4.361 Z61.938 E1256.9588
G1 X3.068 Y-3.995 Z61.958 E1257.26962
G1 X3.561 Y-3.561 Z61.979 E1257.57865
G1 X3.995 Y-3.068 Z62 E1257.88769
G1 X4.361 Y-2.518 Z62.021 E1258.19852
G1 X4.654 Y-1.926 Z62.042 E1258.50931
G1 X4.866 Y-1.302 Z62.063 E1258.81938
G1 X4.992 Y-.664 Z62.083 E1259.12535
G1 X5.036 Y0.00 Z62.104 E1259.43845
G1 X4.992 Y0.664 Z62.125 E1259.75154
G1 X4.866 Y1.302 Z62.146 E1260.05753
G1 X4.654 Y1.926 Z62.167 E1260.3676
G1 X4.361 Y2.518 Z62.188 E1260.67839
G1 X3.995 Y3.068 Z62.208 E1260.98921
G1 X3.561 Y3.561 Z62.229 E1261.29824
G1 X3.068 Y3.995 Z62.25 E1261.60728
G1 X2.518 Y4.361 Z62.271 E1261.91811
G1 X1.926 Y4.654 Z62.292 E1262.2289
G1 X1.302 Y4.866 Z62.313 E1262.53897
G1 X0.664 Y4.992 Z62.333 E1262.84494
G1 X0.00 Y5.036 Z62.354 E1263.15804
G1 X-.664 Y4.992 Z62.375 E1263.47113
G1 X-1.302 Y4.866 Z62.396 E1263.77712
G1 X-1.926 Y4.654 Z62.417 E1264.08719
G1 X-2.518 Y4.361 Z62.438 E1264.39798
G1 X-3.068 Y3.995 Z62.458 E1264.7088
G1 X-3.561 Y3.561 Z62.479 E1265.01783
G1 X-3.995 Y3.068 Z62.5 E1265.32686
;TIME_ELAPSED:372.859250
;LAYER:62
;note -- min layer time used
;TYPE:WALL-OUTER
;MESH:funnel.stl
G1 X-4.361 Y2.518 Z62.521 E1265.6377
G1 X-4.654 Y1.926 Z62.542 E1265.94849
G1 X-4.866 Y1.302 Z62.563 E1266.25856
G1 X-4.992 Y0.664 Z62.583 E1266.56453
G1 X-5.036 Y0.00 Z62.604 E1266.87762
G1 X-4.992 Y-.664 Z62.625 E1267.19072
G1 X-4.866 Y-1.302 Z62.646 E1267.4967
G1 X-4.654 Y-1.926 Z62.667 E1267.80678
G1 X-4.361 Y-2.518 Z62.688 E1268.11756
G1 X-3.995 Y-3.068 Z62.708 E1268.42838
G1 X-3.561 Y-3.561 Z62.729 E1268.73742
G1 X-3.068 Y-3.995 Z62.75 E1269.04645
G1 X-2.518 Y-4.361 Z62.771 E1269.35729
G1 X-1.926 Y-4.654 Z62.792 E1269.66807
G1 X-1.302 Y-4.866 Z62.813 E1269.97815
G1 X-.664 Y-4.992 Z62.833 E1270.28412
G1 X0.00 Y-5.036 Z62.854 E1270.59721
G1 X0.664 Y-4.992 Z62.875 E1270.91031
G1 X1.302 Y-4.866 Z62.896 E1271.21629
G1 X1.926 Y-4.654 Z62.917 E1271.52637
G1 X2.518 Y-4.361 Z62.938 E1271.83715
G1 X3.068 Y-3.995 Z62.958 E1272.14797
G1 X3.561 Y-3.561 Z62.979 E1272.45701
G1 X3.995 Y-3.068 Z63 E1272.76604
G1 X4.361 Y-2.518 Z63.021 E1273.07688
G1 X4.654 Y-1.926 Z63.042 E1273.38766
G1 X4.866 Y-1.302 Z63.063 E1273.69774
G1 X4.992 Y-.664 Z63.083 E1274.0037
G1 X5.036 Y0.00 Z63.104 E1274.3168
G1 X4.992 Y0.664 Z63.125 E1274.6299
G1 X4.866 Y1.302 Z63.146 E1274.93588
G1 X4.654 Y1.926 Z63.167 E1275.24595
G1 X4.361 Y2.518 Z63.188 E1275.55674
G1 X3.995 Y3.068 Z63.208 E1275.86756
G1 X3.561 Y3.561 Z63.229 E1276.17659
G1 X3.068 Y3.995 Z63.25 E1276.48563
G1 X2.518 Y4.361 Z63.271 E1276.79646
G1 X1.926 Y4.654 Z63.292 E1277.10725
G1 X1.302 Y4.866 Z63.313 E1277.41732
G1 X0.664 Y4.992 Z63.333 E1277.72329
G1 X0.00 Y5.036 Z63.354 E1278.03639
G1 X-.664 Y4.992 Z63.375 E1278.34948
G1 X-1.302 Y4.866 Z63.396 E1278.65547
G1 X-1.926 Y4.654 Z63.417 E1278.96554
G1 X-2.518 Y4.361 Z63.438 E1279.27633
G1 X-3.068 Y3.995 Z63.458 E1279.58715
G1 X-3.561 Y3.561 Z63.479 E1279.89618
G1 X-3.995 Y3.068 Z63.5 E1280.20522
;TIME_ELAPSED:376.120601
;LAYER:63
;note -- min layer time used
;TYPE:WALL-OUTER
;MESH:funnel.stl
G1 X-4.361 Y2.518 Z63.521 E1280.51605
G1 X-4.654 Y1.926 Z63.542 E1280.82684
G1 X-4.866 Y1.302 Z63.563 E1281.13691
G1 X-4.992 Y0.664 Z63.583 E1281.44288
G1 X-5.036 Y0.00 Z63.604 E1281.75598
G1 X-4.992 Y-.664 Z63.625 E1282.06907
G1 X-4.866 Y-1.302 Z63.646 E1282.37505
G1 X-4.654 Y-1.926 Z63.667 E1282.68513
G1 X-4.361 Y-2.518 Z63.688 E1282.99592
G1 X-3.995 Y-3.068 Z63.708 E1283.30674
G1 X-3.561 Y-3.561 Z63.729 E1283.61577
G1 X-3.068 Y-3.995 Z63.75 E1283.9248
G1 X-2.518 Y-4.361 Z63.771 E1284.23564
G1 X-1.926 Y-4.654 Z63.792 E1284.54643
G1 X-1.302 Y-4.866 Z63.813 E1284.8565
G1 X-.664 Y-4.992 Z63.833 E1285.16247
G1 X0.00 Y-5.036 Z63.854 E1285.47556
G1 X0.664 Y-4.992 Z63.875 E1285.78866
G1 X1.302 Y-4.866 Z63.896 E1286.09464
G1 X1.926 Y-4.654 Z63.917 E1286.40472
G1 X2.518 Y-4.361 Z63.938 E1286.7155
G1 X3.068 Y-3.995 Z63.958 E1287.02632
G1 X3.561 Y-3.561 Z63.979 E1287.33536
G1 X3.995 Y-3.068 Z64 E1287.64439
G1 X4.361 Y-2.518 Z64.021 E1287.95523
G1 X4.654 Y-1.926 Z64.042 E1288.26601
G1 X4.866 Y-1.302 Z64.063 E1288.57609
G1 X4.992 Y-.664 Z64.083 E1288.88206
G1 X5.036 Y0.00 Z64.104 E1289.19515
G1 X4.992 Y0.664 Z64.125 E1289.50825
G1 X4.866 Y1.302 Z64.146 E1289.81423
G1 X4.654 Y1.926 Z64.167 E1290.12431
G1 X4.361 Y2.518 Z64.188 E1290.43509
G1 X3.995 Y3.068 Z64.208 E1290.74591
G1 X3.561 Y3.561 Z64.229 E1291.05495
G1 X3.068 Y3.995 Z64.25 E1291.36398
G1 X2.518 Y4.361 Z64.271 E1291.67482
G1 X1.926 Y4.654 Z64.292 E1291.9856
G1 X1.302 Y4.866 Z64.313 E1292.29568
G1 X0.664 Y4.992 Z64.333 E1292.60164
G1 X0.00 Y5.036 Z64.354 E1292.91474
G1 X-.664 Y4.992 Z64.375 E1293.22784
G1 X-1.302 Y4.866 Z64.396 E1293.53382
G1 X-1.926 Y4.654 Z64.417 E1293.84389
G1 X-2.518 Y4.361 Z64.438 E1294.15468
G1 X-3.063 Y3.998 Z64.458 E1294.46276
G1 X-3.569 Y3.553 Z64.48 E1294.77981
G1 X-3.995 Y3.068 Z64.5 E1295.08353
;TIME_ELAPSED:379.381944
;LAYER:64
;note -- min layer time used
;TYPE:WALL-OUTER
;MESH:funnel.stl
G1 X-4.361 Y2.518 Z64.521 E1295.39436
G1 X-4.654 Y1.926 Z64.542 E1295.70515
G1 X-4.866 Y1.302 Z64.563 E1296.01522
G1 X-4.992 Y0.664 Z64.583 E1296.32119
G1 X-5.036 Y0.00 Z64.604 E1296.63429
G1 X-4.992 Y-.664 Z64.625 E1296.94738
G1 X-4.866 Y-1.302 Z64.646 E1297.25336
G1 X-4.654 Y-1.926 Z64.667 E1297.56344
G1 X-4.361 Y-2.518 Z64.688 E1297.87422
G1 X-3.995 Y-3.068 Z64.708 E1298.18505
G1 X-3.559 Y-3.563 Z64.729 E1298.49541
G1 X-3.068 Y-3.995 Z64.75 E1298.80311
G1 X-2.518 Y-4.361 Z64.771 E1299.11395
G1 X-1.926 Y-4.654 Z64.792 E1299.42474
G1 X-1.302 Y-4.866 Z64.813 E1299.73481
G1 X-.664 Y-4.992 Z64.833 E1300.04078
G1 X0.00 Y-5.036 Z64.854 E1300.35387
G1 X0.664 Y-4.992 Z64.875 E1300.66697
G1 X1.302 Y-4.866 Z64.896 E1300.97295
G1 X1.926 Y-4.654 Z64.917 E1301.28303
G1 X2.518 Y-4.361 Z64.938 E1301.59381
G1 X3.068 Y-3.995 Z64.958 E1301.90463
G1 X3.563 Y-3.559 Z64.979 E1302.21499
G1 X3.995 Y-3.068 Z65 E1302.5227
G1 X4.361 Y-2.518 Z65.021 E1302.83354
G1 X4.654 Y-1.926 Z65.042 E1303.14432
G1 X4.866 Y-1.302 Z65.063 E1303.4544
G1 X4.992 Y-.664 Z65.083 E1303.76037
G1 X5.036 Y0.00 Z65.104 E1304.07346
G1 X4.992 Y0.664 Z65.125 E1304.38656
G1 X4.866 Y1.302 Z65.146 E1304.69254
G1 X4.654 Y1.926 Z65.167 E1305.00262
G1 X4.361 Y2.518 Z65.188 E1305.3134
G1 X3.995 Y3.068 Z65.208 E1305.62422
G1 X3.559 Y3.564 Z65.229 E1305.93494
G1 X3.068 Y3.995 Z65.25 E1306.24233
G1 X2.518 Y4.361 Z65.271 E1306.55317
G1 X1.926 Y4.654 Z65.292 E1306.86395
G1 X1.302 Y4.866 Z65.313 E1307.17403
G1 X0.664 Y4.992 Z65.333 E1307.48
G1 X0.00 Y5.036 Z65.354 E1307.79309
G1 X-.664 Y4.992 Z65.375 E1308.10619
G1 X-1.302 Y4.866 Z65.396 E1308.41217
G1 X-1.926 Y4.654 Z65.417 E1308.72225
G1 X-2.518 Y4.361 Z65.438 E1309.03303
G1 X-3.068 Y3.995 Z65.458 E1309.34385
G1 X-3.563 Y3.559 Z65.479 E1309.65421
G1 X-3.995 Y3.068 Z65.5 E1309.96192
;TIME_ELAPSED:382.643304
;LAYER:65
;note -- min layer time used
;TYPE:WALL-OUTER
;MESH:funnel.stl
G1 F760.9 X-4.361 Y2.518 Z65.51 E1310.27264
G1 X-4.654 Y1.926 Z65.521 E1310.58331
G1 X-4.866 Y1.302 Z65.531 E1310.89326
G1 X-4.992 Y0.664 Z65.542 E1311.19913
G1 X-5.036 Y-0.004 Z65.552 E1311.51398
G1 X-4.992 Y-.668 Z65.563 E1311.82696
G1 X-4.865 Y-1.307 Z65.573 E1312.13337
G1 X-4.652 Y-1.932 Z65.583 E1312.44392
G1 X-4.362 Y-2.517 Z65.594 E1312.75102
G1 X-3.995 Y-3.068 Z65.604 E1313.06239
G1 X-3.562 Y-3.561 Z65.615 E1313.371
G1 X-3.068 Y-3.995 Z65.625 E1313.68026
G1 X-2.518 Y-4.361 Z65.635 E1313.99097
G1 X-1.926 Y-4.654 Z65.646 E1314.30165
G1 X-1.302 Y-4.866 Z65.656 E1314.6116
G1 X-.664 Y-4.992 Z65.667 E1314.91747
G1 X0.01 Y-5.036 Z65.677 E1315.23513
G1 X0.664 Y-4.992 Z65.688 E1315.54343
G1 X1.302 Y-4.866 Z65.698 E1315.84928
G1 X1.926 Y-4.654 Z65.708 E1316.15924
G1 X2.518 Y-4.361 Z65.719 E1316.46991
G1 X3.068 Y-3.995 Z65.729 E1316.78062
G1 X3.56 Y-3.563 Z65.74 E1317.08857
G1 X3.999 Y-3.062 Z65.75 E1317.40186
G1 X4.361 Y-2.518 Z65.76 E1317.70918
G1 X4.654 Y-1.926 Z65.771 E1318.01985
G1 X4.866 Y-1.302 Z65.781 E1318.32981
G1 X4.992 Y-.664 Z65.792 E1318.63567
G1 X5.036 Y0.005 Z65.802 E1318.951
G1 X4.991 Y0.668 Z65.813 E1319.26354
G1 X4.864 Y1.307 Z65.823 E1319.56995
G1 X4.65 Y1.933 Z65.833 E1319.8811
G1 X4.358 Y2.524 Z65.844 E1320.19114
G1 X3.992 Y3.072 Z65.854 E1320.50107
G1 X3.561 Y3.561 Z65.865 E1320.80765
G1 X3.068 Y3.995 Z65.875 E1321.11656
G1 X2.516 Y4.362 Z65.885 E1321.42832
G1 X1.926 Y4.654 Z65.896 E1321.73794
G1 X1.302 Y4.866 Z65.906 E1322.04789
G1 X0.664 Y4.992 Z65.917 E1322.35376
G1 X-0.005 Y5.036 Z65.927 E1322.66908
G1 X-.668 Y4.991 Z65.938 E1322.98163
G1 X-1.307 Y4.864 Z65.948 E1323.28804
G1 X-1.934 Y4.65 Z65.958 E1323.59963
G1 X-2.519 Y4.361 Z65.969 E1323.90652
G1 X-3.072 Y3.992 Z65.979 E1324.21919
G1 X-3.561 Y3.561 Z65.99 E1324.52576
G1 X-3.995 Y3.068 Z66 E1324.83468
G1 X-4.361 Y2.518 Z66.5 E1325.20482
G1 X-4.654 Y1.926 E1325.49992
G1 X-4.866 Y1.302 E1325.77884
G1 X-4.992 Y0.664 E1326.05408
G1 X-5.036 Y-0.005 E1326.32208
G1 X-4.991 Y-.668 E1326.5877
G1 X-4.864 Y-1.307 E1326.84812
G1 X-4.651 Y-1.932 E1327.09654
G1 X-4.362 Y-2.518 E1327.34235
G1 X-3.995 Y-3.068 E1327.57555
G1 X-3.561 Y-3.561 E1327.80721
G1 X-3.068 Y-3.995 E1328.02342
G1 X-2.518 Y-4.361 E1328.2409
G1 X-1.926 Y-4.654 E1328.45834
G1 X-1.302 Y-4.866 E1328.65978
G1 X-.664 Y-4.992 E1328.85857
G1 X0.011 Y-5.036 E1329.04943
G1 X0.664 Y-4.992 E1329.2341
G1 X1.302 Y-4.866 E1329.41759
G1 X1.926 Y-4.654 E1329.58805
G1 X2.518 Y-4.361 E1329.75889
G1 X3.068 Y-3.995 E1329.91423
G1 X3.56 Y-3.562 E1330.06834
G1 X3.999 Y-3.062 E1330.20914
G1 X4.361 Y-2.518 E1330.34742
G1 X4.654 Y-1.926 E1330.48721
G1 X4.866 Y-1.302 E1330.61117
G1 X4.992 Y-.664 E1330.7335
G1 X5.036 Y0.005 E1330.84385
G1 X4.991 Y0.668 E1330.95323
G1 X4.864 Y1.307 E1331.06046
G1 X4.65 Y1.933 E1331.15379
G1 X4.358 Y2.524 E1331.24679
G1 X3.992 Y3.072 E1331.32427
G1 X3.561 Y3.561 E1331.4009
G1 X3.068 Y3.995
G1 X2.516 Y4.362
G1 X1.926 Y4.654
G1 X1.302 Y4.866
G1 X0.664 Y4.992
G1 X-0.005 Y5.036
G1 X-.668 Y4.991
G1 X-1.307 Y4.864
G1 X-1.934 Y4.65
G1 X-2.519 Y4.361
G1 X-3.072 Y3.992
G1 X-3.561 Y3.561
G1 X-3.995 Y3.068
;TIME_ELAPSED:387.752840
G1 F1500 E1324.9009
M140 S0
M107
M104 S0
M140 S0
;Retract the filament
G92 E1
G1 E-1 F300
G28 X0 Y0
M84
M82 ;absolute extrusion mode
M104 S0
;End of Gcode
;SETTING_3 {"global_quality": "[general]\\nversion = 4\\nname = CuraProfile_3mm_
;SETTING_3 2laybase_40sec\\ndefinition = custom\\n\\n[metadata]\\ntype = quality
;SETTING_3 _changes\\nquality_type = extra coarse\\nsetting_version = 25\\n\\n[v
;SETTING_3 alues]\\nadhesion_type = none\\njerk_enabled = False\\nlayer_height =
;SETTING_3  1\\nlayer_height_0 = 0.5\\nmagic_spiralize = True\\n\\n", "extruder_
;SETTING_3 quality": ["[general]\\nversion = 4\\nname = CuraProfile_3mm_2laybase
;SETTING_3 _40sec\\ndefinition = custom\\n\\n[metadata]\\ntype = quality_changes
;SETTING_3 \\nquality_type = extra coarse\\nintent_category = default\\nposition
;SETTING_3  = 0\\nsetting_version = 25\\n\\n[values]\\nbottom_layers = 2\\nbotto
;SETTING_3 m_thickness = 1.3\\ninfill_sparse_density = 0\\nline_width = 3\\nmesh
;SETTING_3 fix_maximum_resolution = 1\\nretraction_hop = 1.0\\nretraction_hop_en
;SETTING_3 abled = True\\nspeed_layer_0 = 15.0\\nspeed_print = 40.0\\nspeed_trav
;SETTING_3 el = 30.0\\nspeed_wall = 40.0\\nspeed_wall_x = 30\\ntop_bottom_thickn
;SETTING_3 ess = 0\\ntop_layers = 0\\ntravel_avoid_other_parts = False\\nwall_li
;SETTING_3 ne_count = 3\\nwall_thickness = 3.0\\n\\n"]}
