;FLAVOR:Marlin
;TIME:550
;Filament used: 8.36875m
;Layer height: 1
;MINX:-26.205
;MINY:-26.205
;MINZ:0.5
;MAXX:26.205
;MAXY:26.205
;MAXZ:56.5
;TARGET_MACHINE.NAME:Unknown
;Generated with Cura_SteamEngine 5.11.0
M140 S60
M105
M190 S60
M104 S200
M105
M109 S200
G28 ;Home
M302 S0 ;Set cold extrusion
M92 E400 ;E Steps at 400 steps/mm M92 E-400 reverse
G1 Z15.0 F6000 ;Move the platform down 15mm
;Prime the extruder
G92 E0
G1 F200 E3
G92 E0
M82 ;absolute extrusion mode
G92 E0
G92 E0
G1 F1500 E-6.5
;LAYER_COUNT:56
;LAYER:0
M107
G1 F600 Z1.5
;MESH:ceramic_two_component_reference_like_v3.stl
G0 F675 X0.00 Y0.000 Z1.5
G0 X1.831 Y20.137
;TYPE:WALL-INNER
G1 F600 Z0.5
G1 F1500 E0
G1 F900 X3.148 Y19.961 E0.31242
G1 X4.205 Y19.768 E0.56507
G1 X5.218 Y19.524 E0.81007
G1 X6.242 Y19.222 E1.06109
G1 X7.481 Y18.783 E1.37017
G1 X8.67 Y18.255 E1.67607
G1 X9.638 Y17.761 E1.9316
G1 X10.556 Y17.233 E2.18061
G1 X11.654 Y16.521 E2.48831
G1 X12.705 Y15.718 E2.79931
G1 X13.501 Y15.035 E3.04593
G1 X14.299 Y14.282 E3.30391
G1 X15.194 Y13.337 E3.60995
G1 X16.042 Y12.293 E3.9262
G1 X16.638 Y11.472 E4.16475
G1 X17.238 Y10.55 E4.42341
G1 X17.747 Y9.67 E4.66244
G1 X18.242 Y8.696 E4.91934
G1 X18.769 Y7.513 E5.22385
G1 X19.312 Y5.982 E5.60581
G1 X19.646 Y4.735 E5.90935
G1 X19.875 Y3.671 E6.16526
G1 X20.033 Y2.67 E6.40355
G1 X20.149 Y1.572 E6.66316
G1 X20.204 Y0.554 E6.90287
G1 X20.204 Y-.503 E7.1514
G1 X20.137 Y-1.831 E7.46406
G1 X19.961 Y-3.149 E7.77671
G1 X19.771 Y-4.188 E8.02507
G1 X19.527 Y-5.205 E8.27098
G1 X19.218 Y-6.254 E8.52811
G1 X18.783 Y-7.481 E8.83421
G1 X18.254 Y-8.674 E9.14107
G1 X17.764 Y-9.635 E9.39471
G1 X17.234 Y-10.555 E9.64436
G1 X16.527 Y-11.648 E9.95043
G1 X15.719 Y-12.701 E10.26252
G1 X15.023 Y-13.516 E10.51452
G1 X14.289 Y-14.292 E10.76568
G1 X13.349 Y-15.186 E11.0707
G1 X12.3 Y-16.028 E11.38698
G1 X11.459 Y-16.645 E11.63224
G1 X10.567 Y-17.225 E11.88242
G1 X9.654 Y-17.753 E12.1304
G1 X8.706 Y-18.237 E12.38068
G1 X7.511 Y-18.769 E12.68825
G1 X5.99 Y-19.31 E13.06783
G1 X4.738 Y-19.647 E13.3727
G1 X3.673 Y-19.875 E13.62879
G1 X2.67 Y-20.033 E13.86753
G1 X1.572 Y-20.148 E14.12712
G1 X0.554 Y-20.203 E14.36683
G1 X-.503 Y-20.204 E14.61537
G1 X-1.831 Y-20.136 E14.92803
G1 X-3.148 Y-19.961 E15.24042
G1 X-4.205 Y-19.768 E15.49307
G1 X-5.218 Y-19.524 E15.73807
G1 X-6.242 Y-19.222 E15.9891
G1 X-7.481 Y-18.783 E16.29817
G1 X-8.67 Y-18.255 E16.60407
G1 X-9.638 Y-17.761 E16.8596
G1 X-10.556 Y-17.233 E17.10861
G1 X-11.65 Y-16.524 E17.41514
G1 X-12.706 Y-15.714 E17.72807
G1 X-13.517 Y-15.023 E17.9786
G1 X-14.288 Y-14.293 E18.22825
G1 X-15.194 Y-13.336 E18.53812
G1 X-16.042 Y-12.293 E18.85419
G1 X-16.638 Y-11.472 E19.09273
G1 X-17.238 Y-10.55 E19.35139
G1 X-17.747 Y-9.67 E19.59042
G1 X-18.242 Y-8.696 E19.84732
G1 X-18.769 Y-7.513 E20.15183
G1 X-19.313 Y-5.98 E20.53431
G1 X-19.646 Y-4.74 E20.83621
G1 X-19.875 Y-3.673 E21.09281
G1 X-20.033 Y-2.67 E21.33155
G1 X-20.148 Y-1.572 E21.59114
G1 X-20.203 Y-.554 E21.83085
G1 X-20.204 Y0.503 E22.07939
G1 X-20.137 Y1.831 E22.39204
G1 X-19.961 Y3.149 E22.70469
G1 X-19.771 Y4.188 E22.95305
G1 X-19.527 Y5.206 E23.19919
G1 X-19.222 Y6.244 E23.45358
G1 X-18.783 Y7.481 E23.76221
G1 X-18.254 Y8.674 E24.06906
G1 X-17.764 Y9.635 E24.3227
G1 X-17.234 Y10.555 E24.57235
G1 X-16.526 Y11.648 E24.87856
G1 X-15.719 Y12.701 E25.1905
G1 X-15.023 Y13.516 E25.4425
G1 X-14.289 Y14.292 E25.69366
G1 X-13.345 Y15.19 E26.00001
G1 X-12.306 Y16.03 E26.31417
G1 X-11.466 Y16.64 E26.55826
G1 X-10.563 Y17.227 E26.8115
G1 X-9.662 Y17.747 E27.05611
G1 X-8.702 Y18.239 E27.30975
G1 X-7.511 Y18.769 E27.61627
G1 X-5.99 Y19.31 E27.99586
G1 X-4.738 Y19.647 E28.30072
G1 X-3.673 Y19.875 E28.55681
G1 X-2.67 Y20.033 E28.79556
G1 X-1.572 Y20.149 E29.05517
G1 X-.554 Y20.204 E29.29488
G1 X0.503 Y20.204 E29.54342
G1 X1.831 Y20.137 E29.85607
G0 F675 X1.958 Y21.523
G0 X2.105 Y23.127
G1 F900 X3.617 Y22.925 E30.21475
G1 X4.827 Y22.704 E30.50396
G1 X5.993 Y22.423 E30.78598
G1 X7.168 Y22.077 E31.07398
G1 X8.593 Y21.572 E31.42947
G1 X9.962 Y20.964 E31.78168
G1 X11.069 Y20.399 E32.07391
G1 X12.12 Y19.794 E32.35906
G1 X13.384 Y18.975 E32.7132
G1 X14.594 Y18.05 E33.07132
G1 X15.509 Y17.265 E33.35479
G1 X16.419 Y16.406 E33.64903
G1 X17.451 Y15.317 E34.00181
G1 X18.422 Y14.121 E34.36404
G1 X19.111 Y13.172 E34.63978
G1 X19.795 Y12.12 E34.93483
G1 X20.384 Y11.103 E35.21117
G1 X20.952 Y9.987 E35.50561
G1 X21.557 Y8.626 E35.85582
G1 X22.179 Y6.874 E36.29296
G1 X22.564 Y5.439 E36.64231
G1 X22.826 Y4.22 E36.93548
G1 X23.008 Y3.061 E37.21134
G1 X23.14 Y1.81 E37.50712
G1 X23.204 Y0.634 E37.78404
G1 X23.204 Y-.578 E38.06902
G1 X23.127 Y-2.105 E38.42853
G1 X22.925 Y-3.617 E38.7872
G1 X22.707 Y-4.808 E39.0719
G1 X22.426 Y-5.979 E39.35506
G1 X22.073 Y-7.18 E39.64939
G1 X21.572 Y-8.592 E40.00168
G1 X20.963 Y-9.964 E40.35463
G1 X20.402 Y-11.066 E40.64539
G1 X19.795 Y-12.12 E40.93138
G1 X18.98 Y-13.379 E41.28402
G1 X18.052 Y-14.588 E41.64239
G1 X17.255 Y-15.522 E41.93109
G1 X16.413 Y-16.412 E42.21917
G1 X15.327 Y-17.444 E42.57143
G1 X14.127 Y-18.41 E42.93365
G1 X13.161 Y-19.117 E43.21512
G1 X12.137 Y-19.783 E43.50234
G1 X11.088 Y-20.389 E43.7872
G1 X9.999 Y-20.945 E44.0747
G1 X8.625 Y-21.557 E44.42837
G1 X6.884 Y-22.176 E44.86284
G1 X5.443 Y-22.564 E45.21373
G1 X4.221 Y-22.825 E45.50754
G1 X3.061 Y-23.008 E45.78367
G1 X1.81 Y-23.14 E46.07945
G1 X0.634 Y-23.203 E46.35636
G1 X-.578 Y-23.204 E46.64134
G1 X-2.105 Y-23.126 E47.00086
G1 X-3.617 Y-22.925 E47.35951
G1 X-4.827 Y-22.704 E47.64872
G1 X-5.993 Y-22.423 E47.93073
G1 X-7.168 Y-22.077 E48.21874
G1 X-8.592 Y-21.572 E48.574
G1 X-9.962 Y-20.964 E48.92643
G1 X-11.069 Y-20.399 E49.21867
G1 X-12.12 Y-19.794 E49.50381
G1 X-13.382 Y-18.976 E49.85743
G1 X-14.593 Y-18.048 E50.21616
G1 X-15.523 Y-17.255 E50.50354
G1 X-16.409 Y-16.416 E50.79045
G1 X-17.451 Y-15.317 E51.14655
G1 X-18.422 Y-14.121 E51.50878
G1 X-19.111 Y-13.173 E51.78434
G1 X-19.795 Y-12.12 E52.07958
G1 X-20.384 Y-11.103 E52.35592
G1 X-20.952 Y-9.987 E52.65036
G1 X-21.557 Y-8.626 E53.00057
G1 X-22.18 Y-6.873 E53.43801
G1 X-22.564 Y-5.444 E53.78593
G1 X-22.825 Y-4.221 E54.07997
G1 X-23.008 Y-3.061 E54.3561
G1 X-23.14 Y-1.81 E54.65188
G1 X-23.203 Y-.634 E54.92879
G1 X-23.204 Y0.578 E55.21377
G1 X-23.127 Y2.105 E55.57328
G1 X-22.925 Y3.617 E55.93196
G1 X-22.707 Y4.809 E56.21688
G1 X-22.426 Y5.98 E56.50004
G1 X-22.077 Y7.168 E56.79118
G1 X-21.572 Y8.592 E57.14644
G1 X-20.963 Y9.964 E57.49939
G1 X-20.402 Y11.066 E57.79015
G1 X-19.795 Y12.12 E58.07614
G1 X-18.98 Y13.379 E58.42878
G1 X-18.052 Y14.588 E58.78715
G1 X-17.255 Y15.522 E59.07585
G1 X-16.413 Y16.412 E59.36393
G1 X-15.325 Y17.446 E59.71685
G1 X-14.132 Y18.412 E60.07779
G1 X-13.166 Y19.114 E60.35857
G1 X-12.131 Y19.785 E60.6486
G1 X-11.098 Y20.382 E60.92914
G1 X-9.997 Y20.946 E61.22001
G1 X-8.625 Y21.557 E61.57316
G1 X-6.884 Y22.176 E62.00762
G1 X-5.443 Y22.564 E62.35852
G1 X-4.221 Y22.825 E62.65233
G1 X-3.061 Y23.008 E62.92846
G1 X-1.81 Y23.14 E63.22424
G1 X-.634 Y23.204 E63.50116
G1 X0.578 Y23.204 E63.78614
G1 X2.105 Y23.127 E64.14565
G0 F675 X1.958 Y21.522
G0 X2.379 Y26.117
;TYPE:WALL-OUTER
G1 F900 X4.085 Y25.889 E64.55035
G1 X5.449 Y25.64 E64.87637
G1 X6.768 Y25.322 E65.19539
G1 X8.093 Y24.932 E65.52016
G1 X9.704 Y24.361 E65.92205
G1 X11.254 Y23.673 E66.32079
G1 X12.5 Y23.037 E66.64972
G1 X13.685 Y22.355 E66.97121
G1 X15.114 Y21.429 E67.37159
G1 X16.483 Y20.382 E67.77683
G1 X17.516 Y19.496 E68.09683
G1 X18.539 Y18.53 E68.42766
G1 X19.707 Y17.297 E68.827
G1 X20.802 Y15.949 E69.23536
G1 X21.583 Y14.873 E69.54798
G1 X22.353 Y13.69 E69.87987
G1 X23.021 Y12.535 E70.1936
G1 X23.661 Y11.278 E70.52527
G1 X24.345 Y9.739 E70.92126
G1 X25.046 Y7.766 E71.41359
G1 X25.481 Y6.143 E71.80868
G1 X25.776 Y4.769 E72.13911
G1 X25.984 Y3.452 E72.45262
G1 X26.132 Y2.048 E72.78458
G1 X26.204 Y0.715 E73.09846
G1 X26.204 Y-.654 E73.42036
G1 X26.117 Y-2.379 E73.82648
G1 X25.889 Y-4.085 E74.23118
G1 X25.643 Y-5.429 E74.55245
G1 X25.326 Y-6.753 E74.87256
G1 X24.928 Y-8.105 E75.20395
G1 X24.361 Y-9.704 E75.60286
G1 X23.673 Y-11.254 E76.0016
G1 X23.04 Y-12.496 E76.32938
G1 X22.355 Y-13.685 E76.65203
G1 X21.433 Y-15.11 E77.05111
G1 X20.385 Y-16.476 E77.45594
G1 X19.487 Y-17.528 E77.78116
G1 X18.537 Y-18.532 E78.10616
G1 X17.306 Y-19.702 E78.50549
G1 X15.954 Y-20.792 E78.91384
G1 X14.864 Y-21.588 E79.23119
G1 X13.707 Y-22.341 E79.55578
G1 X12.522 Y-23.025 E79.8775
G1 X11.293 Y-23.653 E80.20202
G1 X9.739 Y-24.345 E80.60201
G1 X7.777 Y-25.042 E81.09158
G1 X6.147 Y-25.481 E81.4885
G1 X4.769 Y-25.776 E81.81986
G1 X3.452 Y-25.984 E82.13336
G1 X2.048 Y-26.132 E82.46532
G1 X0.715 Y-26.203 E82.77919
G1 X-.654 Y-26.204 E83.10109
G1 X-2.379 Y-26.116 E83.50722
G1 X-4.085 Y-25.889 E83.91189
G1 X-5.449 Y-25.64 E84.23791
G1 X-6.768 Y-25.322 E84.55693
G1 X-8.093 Y-24.932 E84.8817
G1 X-9.704 Y-24.361 E85.28359
G1 X-11.254 Y-23.673 E85.68233
G1 X-12.5 Y-23.037 E86.01126
G1 X-13.685 Y-22.355 E86.33275
G1 X-15.114 Y-21.429 E86.73313
G1 X-16.48 Y-20.381 E87.13796
G1 X-17.529 Y-19.487 E87.46203
G1 X-18.531 Y-18.538 E87.78653
G1 X-19.707 Y-17.297 E88.18853
G1 X-20.802 Y-15.949 E88.59689
G1 X-21.583 Y-14.873 E88.90951
G1 X-22.353 Y-13.69 E89.2414
G1 X-23.021 Y-12.535 E89.55513
G1 X-23.661 Y-11.278 E89.8868
G1 X-24.345 Y-9.739 E90.2828
G1 X-25.046 Y-7.765 E90.77534
G1 X-25.481 Y-6.148 E91.16907
G1 X-25.776 Y-4.769 E91.50065
G1 X-25.984 Y-3.452 E91.81416
G1 X-26.132 Y-2.048 E92.14611
G1 X-26.203 Y-.715 E92.45999
G1 X-26.204 Y0.654 E92.78189
G1 X-26.117 Y2.379 E93.188
G1 X-25.889 Y4.085 E93.59271
G1 X-25.643 Y5.429 E93.91397
G1 X-25.326 Y6.753 E94.23409
G1 X-24.932 Y8.093 E94.5625
G1 X-24.361 Y9.704 E94.96439
G1 X-23.673 Y11.254 E95.36313
G1 X-23.04 Y12.496 E95.69091
G1 X-22.355 Y13.685 E96.01356
G1 X-21.433 Y15.11 E96.41264
G1 X-20.385 Y16.476 E96.81747
G1 X-19.487 Y17.528 E97.14269
G1 X-18.537 Y18.532 E97.46769
G1 X-17.305 Y19.703 E97.86735
G1 X-15.958 Y20.793 E98.27478
G1 X-14.866 Y21.587 E98.59224
G1 X-13.699 Y22.344 E98.91932
G1 X-12.534 Y23.018 E99.23579
G1 X-11.292 Y23.654 E99.56388
G1 X-9.739 Y24.345 E99.96356
G1 X-7.777 Y25.042 E100.45313
G1 X-6.147 Y25.481 E100.85005
G1 X-4.769 Y25.776 E101.18141
G1 X-3.452 Y25.984 E101.49492
G1 X-2.048 Y26.132 E101.82687
G1 X-.715 Y26.204 E102.14076
G1 X0.654 Y26.204 E102.46265
G1 X2.379 Y26.117 E102.86877
G0 F675 X3.865 Y25.919
G0 X3.266 Y21.35
G0 X1.574 Y17.293
;TYPE:SKIN
G1 F900 X0.438 Y17.351 E103.13623
G1 X-1.364 Y17.302 E103.56009
G1 X-2.737 Y17.156 E103.88475
G1 X-4.078 Y16.873 E104.20701
G1 X-5.124 Y16.587 E104.46198
G1 X-6.467 Y16.113 E104.79686
G1 X-7.468 Y15.666 E105.05462
G1 X-9.054 Y14.806 E105.47884
G1 X-10.566 Y13.765 E105.91047
G1 X-11.472 Y13.033 E106.18435
G1 X-12.264 Y12.284 E106.44066
G1 X-13.504 Y10.902 E106.87724
G1 X-14.189 Y10.006 E107.14243
G1 X-14.805 Y9.057 E107.40846
G1 X-15.684 Y7.434 E107.84245
G1 X-16.124 Y6.437 E108.09869
G1 X-16.512 Y5.341 E108.37207
G1 X-16.902 Y4.019 E108.69616
G1 X-17.141 Y2.714 E109.00811
G1 X-17.293 Y1.574 E109.27853
G1 X-17.35 Y0.438 E109.54598
G1 X-17.302 Y-1.364 E109.96984
G1 X-17.156 Y-2.736 E110.29426
G1 X-16.868 Y-4.09 E110.61975
G1 X-16.598 Y-5.102 E110.86603
G1 X-16.114 Y-6.462 E111.20545
G1 X-15.673 Y-7.451 E111.46007
G1 X-15.042 Y-8.697 E111.78847
G1 X-14.042 Y-10.231 E112.21903
G1 X-13.055 Y-11.446 E112.5871
G1 X-12.276 Y-12.268 E112.85339
G1 X-10.908 Y-13.497 E113.28579
G1 X-9.998 Y-14.197 E113.55574
G1 X-8.661 Y-15.059 E113.92979
G1 X-7.424 Y-15.688 E114.25609
G1 X-6.437 Y-16.125 E114.50989
G1 X-5.361 Y-16.506 E114.77829
G1 X-3.602 Y-16.979 E115.20658
G1 X-2.71 Y-17.141 E115.41975
G1 X-1.574 Y-17.293 E115.68924
G1 X-.438 Y-17.35 E115.95668
G1 X1.364 Y-17.302 E116.38054
G1 X2.737 Y-17.156 E116.7052
G1 X4.078 Y-16.873 E117.02745
G1 X5.124 Y-16.587 E117.28243
G1 X6.467 Y-16.113 E117.6173
G1 X7.45 Y-15.674 E117.87044
G1 X9.096 Y-14.778 E118.31109
G1 X10.145 Y-14.097 E118.60517
G1 X11.475 Y-13.033 E119.00565
G1 X12.259 Y-12.286 E119.26027
G1 X13.504 Y-10.901 E119.69816
G1 X14.189 Y-10.006 E119.96317
G1 X14.805 Y-9.056 E120.2294
G1 X15.684 Y-7.438 E120.66236
G1 X16.125 Y-6.436 E120.91977
G1 X16.512 Y-5.352 E121.19041
G1 X16.902 Y-4.02 E121.51675
G1 X17.141 Y-2.718 E121.82801
G1 X17.293 Y-1.575 E122.09913
G1 X17.35 Y-.438 E122.36681
G1 X17.302 Y1.366 E122.79114
G1 X17.16 Y2.735 E123.11476
G1 X16.869 Y4.079 E123.4381
G1 X16.594 Y5.107 E123.68832
G1 X16.114 Y6.466 E124.02721
G1 X15.673 Y7.45 E124.28075
G1 X15.042 Y8.698 E124.60957
G1 X14.042 Y10.234 E125.04053
G1 X13.06 Y11.441 E125.4064
G1 X12.28 Y12.265 E125.67318
G1 X10.905 Y13.503 E126.10823
G1 X9.994 Y14.201 E126.37808
G1 X8.7 Y15.039 E126.74057
G1 X7.462 Y15.673 E127.06761
G1 X6.441 Y16.124 E127.33006
G1 X5.362 Y16.506 E127.5992
G1 X3.602 Y16.979 E128.02772
G1 X2.71 Y17.141 E128.24089
G1 X1.574 Y17.293 E128.51038
G0 F675 X-14.214 Y7
G1 F900 X-6.996 Y14.217 E130.91039
G1 X-6.466 Y14.747
G0 F675 X-1.165 Y15.806
G1 F900 X-15.812 Y1.158 E135.78107
G0 F675 X-15.595 Y-2.867
G1 F900 X2.877 Y15.605 E141.92351
G0 F675 X6.134 Y14.619
G1 F900 X-14.618 Y-6.133 E148.82411
G0 F675 X-13.128 Y-8.886
G1 F900 X8.888 Y13.13 E156.14502
G0 F675 X11.21 Y11.21
G1 F900 X-11.21 Y-11.21 E163.60027
G0 F675 X-8.886 Y-13.129
G1 F900 X13.13 Y8.887 E170.92118
G0 F675 X14.619 Y6.134
G1 F900 X-6.133 Y-14.619 E177.82194
G0 F675 X-2.877 Y-15.605
G1 F900 X15.597 Y2.869 E183.96504
G0 F675 X15.812 Y-1.158
G1 F900 X1.165 Y-15.806 E188.83573
G1 X0.635 Y-16.336
G0 F675 X7.005 Y-14.209
G1 F900 X14.217 Y-6.996 E191.23408
G1 X14.747 Y-6.466
;MESH:NONMESH
G0 F600 X14.747 Y-6.466 Z1.5
G0 F675 X1.239 Y5.056
;TIME_ELAPSED:67.863169
;LAYER:1
M106 S255
;TYPE:WALL-INNER
;MESH:ceramic_two_component_reference_like_v3.stl
G1 F1350 X1.753 Y4.901 E191.48654
G1 X2.559 Y4.534 E191.90302
G1 X3.066 Y4.204 E192.1875
G1 X3.681 Y3.679 E192.56776
G1 X4.056 Y3.261 E192.83184
G1 X4.594 Y2.448 E193.2903
G1 X4.948 Y1.615 E193.71593
G1 X5.151 Y0.753 E194.13239
G1 X5.204 Y0.137 E194.42314
G1 X5.173 Y-.545 E194.74419
G1 X5.001 Y-1.441 E195.17324
G1 X4.815 Y-1.973 E195.43827
G1 X4.532 Y-2.562 E195.74557
G1 X4.204 Y-3.066 E196.02835
G1 X3.68 Y-3.68 E196.40795
G1 X3.273 Y-4.046 E196.66536
G1 X2.448 Y-4.594 E197.13111
G1 X1.827 Y-4.873 E197.45127
G1 X1.366 Y-5.021 E197.67896
G1 X0.754 Y-5.151 E197.97318
G1 X-.137 Y-5.204 E198.39293
G1 X-.947 Y-5.118 E198.77598
G1 X-1.454 Y-4.999 E199.02088
G1 X-1.971 Y-4.817 E199.27864
G1 X-2.559 Y-4.534 E199.58551
G1 X-3.294 Y-4.029 E200.00488
G1 X-3.68 Y-3.68 E200.24959
G1 X-4.056 Y-3.261 E200.51434
G1 X-4.418 Y-2.754 E200.8073
G1 X-4.744 Y-2.134 E201.13671
G1 X-4.952 Y-1.599 E201.40665
G1 X-5.093 Y-1.072 E201.66319
G1 X-5.19 Y-.379 E201.99226
G1 X-5.204 Y0.137 E202.23501
G1 X-5.156 Y0.701 E202.5012
G1 X-4.996 Y1.459 E202.86551
G1 X-4.819 Y1.967 E203.11849
G1 X-4.535 Y2.56 E203.42769
G1 X-4.029 Y3.294 E203.84694
G1 X-3.681 Y3.679 E204.09099
G1 X-3.27 Y4.048 E204.35073
G1 X-2.756 Y4.416 E204.64801
G1 X-2.127 Y4.747 E204.98227
G1 X-1.617 Y4.947 E205.23988
G1 X-.754 Y5.151 E205.65691
G1 X-.137 Y5.204 E205.94813
G1 X0.701 Y5.156 E206.34285
G1 X1.239 Y5.056 E206.60019
G0 F1237.5 X0.606 Y8.183
G1 F1350 X1.939 Y7.974 E207.23471
G1 X2.754 Y7.73 E207.63478
G1 X3.524 Y7.409 E208.02709
G1 X4.439 Y6.9 E208.51948
G1 X5.18 Y6.363 E208.94983
G1 X5.803 Y5.801 E209.34439
G1 X6.608 Y4.863 E209.92567
G1 X7.251 Y3.846 E210.4915
G1 X7.672 Y2.909 E210.97458
G1 X8.027 Y1.695 E211.56938
G1 X8.122 Y1.185 E211.81334
G1 X8.204 Y0.218 E212.26972
G1 X8.132 Y-1.093 E212.88717
G1 X7.976 Y-1.932 E213.28848
G1 X7.588 Y-3.121 E213.87664
G1 X7.151 Y-4.029 E214.35052
G1 X6.632 Y-4.829 E214.79897
G1 X6.108 Y-5.479 E215.1916
G1 X5.487 Y-6.1 E215.60459
G1 X4.86 Y-6.61 E215.98467
G1 X3.846 Y-7.251 E216.54881
G1 X2.908 Y-7.673 E217.0325
G1 X2.14 Y-7.921 E217.41203
G1 X1.186 Y-8.122 E217.87051
G1 X-.218 Y-8.204 E218.53188
G1 X-1.093 Y-8.132 E218.94476
G1 X-1.939 Y-7.975 E219.34939
G1 X-2.754 Y-7.729 E219.74974
G1 X-4.026 Y-7.154 E220.40619
G1 X-4.829 Y-6.631 E220.85684
G1 X-5.479 Y-6.108 E221.24918
G1 X-6.096 Y-5.491 E221.65951
G1 X-6.608 Y-4.863 E222.04055
G1 X-6.956 Y-4.358 E222.32896
G1 X-7.484 Y-3.359 E222.86034
G1 X-7.807 Y-2.525 E223.28092
G1 X-8.122 Y-1.198 E223.9223
G1 X-8.203 Y-.218 E224.38473
G1 X-8.132 Y1.092 E225.00168
G1 X-7.976 Y1.93 E225.40254
G1 X-7.728 Y2.758 E225.809
G1 X-7.154 Y4.026 E226.46355
G1 X-6.632 Y4.829 E226.91395
G1 X-6.108 Y5.479 E227.30658
G1 X-5.49 Y6.098 E227.71791
G1 X-4.86 Y6.61 E228.09968
G1 X-4.359 Y6.955 E228.38574
G1 X-3.352 Y7.486 E228.9211
G1 X-2.542 Y7.802 E229.32997
G1 X-1.186 Y8.122 E229.98517
G1 X-.218 Y8.204 E230.44201
G1 X0.606 Y8.183 E230.82964
G0 F1237.5 X1.484 Y11.107
G1 F1350 X2.639 Y10.892 E231.38212
G1 X3.755 Y10.559 E231.9298
G1 X4.815 Y10.118 E232.4697
G1 X5.493 Y9.774 E232.82723
G1 X6.075 Y9.416 E233.14856
G1 X7.069 Y8.696 E233.72575
G1 X7.925 Y7.923 E234.26814
G1 X8.329 Y7.496 E234.54457
G1 X9.034 Y6.63 E235.06971
G1 X9.493 Y5.963 E235.45047
G1 X9.907 Y5.244 E235.84063
G1 X10.226 Y4.578 E236.1879
G1 X10.659 Y3.463 E236.7504
G1 X10.962 Y2.321 E237.30602
G1 X11.093 Y1.618 E237.6423
G1 X11.174 Y0.852 E238.00454
G1 X11.204 Y-.298 E238.54552
G1 X11.107 Y-1.484 E239.10512
G1 X10.894 Y-2.633 E239.65466
G1 X10.754 Y-3.151 E239.90699
G1 X10.361 Y-4.269 E240.46429
G1 X9.771 Y-5.496 E241.10454
G1 X9.413 Y-6.08 E241.42667
G1 X8.694 Y-7.071 E242.00244
G1 X7.924 Y-7.924 E242.54284
G1 X7.052 Y-8.709 E243.09459
G1 X5.963 Y-9.493 E243.72562
G1 X5.244 Y-9.907 E244.11578
G1 X4.578 Y-10.226 E244.46305
G1 X3.467 Y-10.657 E245.02345
G1 X2.321 Y-10.962 E245.58114
G1 X1.618 Y-11.094 E245.91751
G1 X0.298 Y-11.203 E246.54037
G1 X-.298 Y-11.204 E246.82065
G1 X-1.484 Y-11.107 E247.38024
G1 X-2.639 Y-10.893 E247.93264
G1 X-3.755 Y-10.559 E248.48046
G1 X-4.815 Y-10.118 E249.02035
G1 X-5.493 Y-9.774 E249.37789
G1 X-6.075 Y-9.416 E249.69921
G1 X-7.071 Y-8.694 E250.27771
G1 X-7.924 Y-7.924 E250.81811
G1 X-8.329 Y-7.497 E251.09487
G1 X-9.034 Y-6.63 E251.62037
G1 X-9.494 Y-5.961 E252.00217
G1 X-9.905 Y-5.25 E252.38837
G1 X-10.223 Y-4.584 E252.73544
G1 X-10.662 Y-3.451 E253.30685
G1 X-10.963 Y-2.328 E253.85359
G1 X-11.093 Y-1.628 E254.18841
G1 X-11.203 Y-.298 E254.81599
G1 X-11.204 Y0.298 E255.09627
G1 X-11.107 Y1.484 E255.65587
G1 X-10.894 Y2.63 E256.20402
G1 X-10.558 Y3.758 E256.75751
G1 X-10.118 Y4.816 E257.29636
G1 X-9.774 Y5.493 E257.65347
G1 X-9.416 Y6.075 E257.9748
G1 X-8.694 Y7.071 E258.5533
G1 X-7.925 Y7.923 E259.09303
G1 X-7.496 Y8.329 E259.3708
G1 X-6.627 Y9.035 E259.89732
G1 X-5.963 Y9.493 E260.27665
G1 X-5.244 Y9.907 E260.66682
G1 X-4.578 Y10.226 E261.01409
G1 X-3.467 Y10.657 E261.57449
G1 X-2.321 Y10.962 E262.13217
G1 X-1.618 Y11.094 E262.46854
G1 X-.852 Y11.174 E262.83073
G1 X0.298 Y11.204 E263.37171
G1 X1.484 Y11.107 E263.93131
G0 F1237.5 X1.081 Y14.166
G1 F1350 X2.579 Y13.971 E264.64171
G1 X3.338 Y13.811 E265.00648
G1 X4.756 Y13.388 E265.70235
G1 X6.107 Y12.827 E266.39028
G1 X6.959 Y12.394 E266.83972
G1 X7.711 Y11.932 E267.25476
G1 X8.957 Y11.028 E267.97868
G1 X10.047 Y10.045 E268.66893
G1 X10.561 Y9.502 E269.02054
G1 X11.46 Y8.397 E269.69044
G1 X12.032 Y7.566 E270.16486
G1 X12.564 Y6.643 E270.66585
G1 X13.272 Y5.07 E271.47705
G1 X13.514 Y4.386 E271.81825
G1 X13.897 Y2.948 E272.51806
G1 X14.065 Y2.05 E272.94768
G1 X14.204 Y0.379 E273.73621
G1 X14.204 Y-.379 E274.09267
G1 X14.083 Y-1.875 E274.79848
G1 X13.812 Y-3.334 E275.49633
G1 X13.631 Y-4.005 E275.82316
G1 X13.134 Y-5.417 E276.5271
G1 X12.391 Y-6.963 E277.33373
G1 X11.929 Y-7.716 E277.74918
G1 X11.027 Y-8.959 E278.47141
G1 X10.046 Y-10.046 E279.15998
G1 X9.499 Y-10.564 E279.51425
G1 X8.395 Y-11.461 E280.18319
G1 X7.566 Y-12.032 E280.65656
G1 X6.643 Y-12.564 E281.15755
G1 X5.069 Y-13.272 E281.96918
G1 X3.687 Y-13.72 E282.65238
G1 X2.05 Y-14.065 E283.43912
G1 X1.088 Y-14.165 E283.89395
G1 X-.379 Y-14.204 E284.58407
G1 X-1.875 Y-14.083 E285.28988
G1 X-3.338 Y-13.811 E285.98967
G1 X-4.756 Y-13.388 E286.68554
G1 X-6.107 Y-12.826 E287.37364
G1 X-6.959 Y-12.394 E287.82287
G1 X-7.711 Y-11.932 E288.23791
G1 X-8.959 Y-11.027 E288.96287
G1 X-10.046 Y-10.046 E289.65144
G1 X-10.561 Y-9.502 E290.00372
G1 X-11.46 Y-8.397 E290.67361
G1 X-12.033 Y-7.564 E291.14907
G1 X-12.561 Y-6.649 E291.64587
G1 X-12.963 Y-5.808 E292.08422
G1 X-13.517 Y-4.377 E292.80584
G1 X-13.897 Y-2.955 E293.49802
G1 X-14.064 Y-2.059 E293.92663
G1 X-14.165 Y-1.088 E294.38572
G1 X-14.204 Y0.379 E295.07584
G1 X-14.166 Y1.081 E295.40645
G1 X-13.972 Y2.575 E296.11492
G1 X-13.628 Y4.016 E296.81161
G1 X-13.136 Y5.414 E297.50857
G1 X-12.394 Y6.96 E298.315
G1 X-11.932 Y7.712 E298.73004
G1 X-11.027 Y8.959 E299.45462
G1 X-10.047 Y10.046 E300.14287
G1 X-9.502 Y10.561 E300.49549
G1 X-8.394 Y11.461 E301.16678
G1 X-7.566 Y12.032 E301.63977
G1 X-6.643 Y12.564 E302.14076
G1 X-5.804 Y12.965 E302.57806
G1 X-4.392 Y13.512 E303.29016
G1 X-2.948 Y13.897 E303.99294
G1 X-2.05 Y14.065 E304.42256
G1 X-.379 Y14.204 E305.21109
G1 X1.081 Y14.166 E305.89791
G0 F1237.5 X2.266 Y17.058
G1 F1350 X4.038 Y16.729 E306.74546
G1 X5.757 Y16.218 E307.5888
G1 X7.399 Y15.535 E308.42511
G1 X8.426 Y15.014 E308.96666
G1 X9.348 Y14.447 E309.47567
G1 X10.846 Y13.36 E310.34605
G1 X12.169 Y12.168 E311.18349
G1 X12.794 Y11.508 E311.61095
G1 X13.885 Y10.163 E312.42537
G1 X14.57 Y9.169 E312.99306
G1 X15.221 Y8.041 E313.60552
G1 X15.704 Y7.03 E314.13243
G1 X16.37 Y5.31 E314.9998
G1 X16.831 Y3.575 E315.84402
G1 X17.036 Y2.482 E316.36698
G1 X17.204 Y0.874 E317.12728
G1 X17.204 Y-.46 E317.75462
G1 X17.058 Y-2.266 E318.60668
G1 X16.73 Y-4.034 E319.4523
G1 X16.213 Y-5.766 E320.30231
G1 X15.538 Y-7.391 E321.12979
G1 X15.011 Y-8.429 E321.67723
G1 X14.445 Y-9.351 E322.186
G1 X13.359 Y-10.847 E323.05534
G1 X12.168 Y-12.168 E323.89176
G1 X11.506 Y-12.796 E324.32087
G1 X10.162 Y-13.886 E325.13464
G1 X9.169 Y-14.57 E325.70167
G1 X8.041 Y-15.221 E326.31413
G1 X7.03 Y-15.704 E326.84104
G1 X5.317 Y-16.367 E327.70483
G1 X3.574 Y-16.832 E328.55317
G1 X2.483 Y-17.036 E329.07512
G1 X1.324 Y-17.156 E329.62307
G1 X-.46 Y-17.204 E330.46233
G1 X-2.266 Y-17.058 E331.31439
G1 X-4.038 Y-16.729 E332.16194
G1 X-5.757 Y-16.217 E333.00542
G1 X-7.399 Y-15.535 E333.84155
G1 X-8.426 Y-15.014 E334.3831
G1 X-9.348 Y-14.447 E334.89211
G1 X-10.847 Y-13.359 E335.76315
G1 X-12.168 Y-12.168 E336.59957
G1 X-12.794 Y-11.508 E337.02735
G1 X-13.885 Y-10.163 E337.84178
G1 X-14.571 Y-9.168 E338.41012
G1 X-15.218 Y-8.048 E339.01838
G1 X-15.703 Y-7.033 E339.5474
G1 X-16.371 Y-5.303 E340.41949
G1 X-16.832 Y-3.583 E341.2569
G1 X-17.036 Y-2.489 E341.78023
G1 X-17.156 Y-1.324 E342.33099
G1 X-17.204 Y0.46 E343.17024
G1 X-17.058 Y2.266 E344.02231
G1 X-16.73 Y4.031 E344.86654
G1 X-16.217 Y5.759 E345.71421
G1 X-15.536 Y7.396 E346.54799
G1 X-15.014 Y8.426 E347.09101
G1 X-14.447 Y9.348 E347.60002
G1 X-13.359 Y10.847 E348.47106
G1 X-12.169 Y12.168 E349.30717
G1 X-11.509 Y12.793 E349.73462
G1 X-10.162 Y13.886 E350.55037
G1 X-9.169 Y14.57 E351.11741
G1 X-8.041 Y15.221 E351.72987
G1 X-7.03 Y15.704 E352.25677
G1 X-5.317 Y16.367 E353.12057
G1 X-3.574 Y16.832 E353.96891
G1 X-2.483 Y17.036 E354.49086
G1 X-.874 Y17.204 E355.25162
G1 X0.46 Y17.204 E355.87896
G1 X2.266 Y17.058 E356.73102
G0 F1237.5 X2.657 Y20.033
G1 F1350 X3.667 Y19.873 E357.21191
G1 X4.738 Y19.648 E357.72656
G1 X5.722 Y19.383 E358.20579
G1 X6.757 Y19.047 E358.71751
G1 X7.721 Y18.677 E359.20309
G1 X8.69 Y18.244 E359.70221
G1 X9.893 Y17.634 E360.33651
G1 X10.984 Y16.963 E360.93883
G1 X11.883 Y16.345 E361.45186
G1 X12.734 Y15.693 E361.95601
G1 X13.512 Y15.027 E362.43762
G1 X14.291 Y14.29 E362.94192
G1 X15.026 Y13.513 E363.4449
G1 X15.717 Y12.703 E363.94559
G1 X16.311 Y11.93 E364.40403
G1 X17.109 Y10.772 E365.06538
G1 X17.878 Y9.44 E365.78866
G1 X18.443 Y8.255 E366.40603
G1 X18.872 Y7.231 E366.92813
G1 X19.225 Y6.234 E367.4255
G1 X19.522 Y5.221 E367.92193
G1 X19.766 Y4.201 E368.41514
G1 X20.007 Y2.915 E369.03042
G1 X20.148 Y1.561 E369.6706
G1 X20.204 Y0.541 E370.151
G1 X20.204 Y-.541 E370.65982
G1 X20.149 Y-1.557 E371.13831
G1 X20.033 Y-2.657 E371.65847
G1 X19.874 Y-3.667 E372.13928
G1 X19.648 Y-4.735 E372.65265
G1 X19.384 Y-5.715 E373.12993
G1 X19.042 Y-6.766 E373.64969
G1 X18.679 Y-7.713 E374.12663
G1 X18.247 Y-8.683 E374.62598
G1 X17.63 Y-9.896 E375.26596
G1 X16.961 Y-10.987 E375.8678
G1 X16.345 Y-11.883 E376.37913
G1 X15.692 Y-12.735 E376.88393
G1 X15.031 Y-13.509 E377.36259
G1 X14.29 Y-14.29 E377.86887
G1 X13.512 Y-15.028 E378.37315
G1 X12.72 Y-15.703 E378.86252
G1 X11.929 Y-16.312 E379.33197
G1 X10.772 Y-17.109 E379.99267
G1 X9.44 Y-17.878 E380.71595
G1 X8.255 Y-18.443 E381.33332
G1 X7.23 Y-18.872 E381.85585
G1 X6.243 Y-19.222 E382.34832
G1 X5.234 Y-19.519 E382.84295
G1 X4.201 Y-19.766 E383.34243
G1 X2.915 Y-20.007 E383.95771
G1 X1.561 Y-20.148 E384.59789
G1 X0.541 Y-20.203 E385.07826
G1 X-.541 Y-20.204 E385.58709
G1 X-1.557 Y-20.149 E386.06557
G1 X-2.657 Y-20.033 E386.58573
G1 X-3.667 Y-19.874 E387.06655
G1 X-4.738 Y-19.648 E387.58129
G1 X-5.722 Y-19.383 E388.06052
G1 X-6.757 Y-19.046 E388.57239
G1 X-7.721 Y-18.677 E389.0578
G1 X-8.69 Y-18.244 E389.55691
G1 X-9.893 Y-17.634 E390.19121
G1 X-10.984 Y-16.963 E390.79354
G1 X-11.883 Y-16.345 E391.30657
G1 X-12.735 Y-15.692 E391.81138
G1 X-13.509 Y-15.031 E392.29003
G1 X-14.29 Y-14.29 E392.79631
G1 X-15.026 Y-13.513 E393.29961
G1 X-15.717 Y-12.703 E393.8003
G1 X-16.311 Y-11.93 E394.25874
G1 X-17.11 Y-10.771 E394.92074
G1 X-17.874 Y-9.447 E395.6396
G1 X-18.442 Y-8.258 E396.25926
G1 X-18.865 Y-7.245 E396.77551
G1 X-19.226 Y-6.229 E397.28256
G1 X-19.524 Y-5.214 E397.78002
G1 X-19.767 Y-4.21 E398.2658
G1 X-20.007 Y-2.919 E398.88331
G1 X-20.148 Y-1.561 E399.52536
G1 X-20.203 Y-.541 E400.00573
G1 X-20.204 Y0.541 E400.51455
G1 X-20.149 Y1.557 E400.99304
G1 X-20.033 Y2.657 E401.5132
G1 X-19.874 Y3.665 E401.99309
G1 X-19.648 Y4.732 E402.50599
G1 X-19.382 Y5.721 E402.98761
G1 X-19.046 Y6.759 E403.50068
G1 X-18.681 Y7.711 E403.98015
G1 X-18.246 Y8.686 E404.48222
G1 X-17.634 Y9.893 E405.11862
G1 X-16.963 Y10.984 E405.72095
G1 X-16.345 Y11.883 E406.23398
G1 X-15.692 Y12.735 E406.73879
G1 X-15.031 Y13.509 E407.21744
G1 X-14.291 Y14.29 E407.7234
G1 X-13.515 Y15.024 E408.22571
G1 X-12.719 Y15.704 E408.71803
G1 X-11.929 Y16.312 E409.18682
G1 X-10.772 Y17.109 E409.84752
G1 X-9.44 Y17.878 E410.5708
G1 X-8.255 Y18.443 E411.18817
G1 X-7.23 Y18.872 E411.7107
G1 X-6.243 Y19.222 E412.20317
G1 X-5.234 Y19.518 E412.69767
G1 X-4.201 Y19.766 E413.19725
G1 X-2.915 Y20.007 E413.81254
G1 X-1.561 Y20.148 E414.45272
G1 X-.541 Y20.204 E414.93311
G1 X0.541 Y20.204 E415.44194
G1 X1.557 Y20.149 E415.92042
G1 X2.657 Y20.033 E416.44058
G0 F1237.5 X2.821 Y21.417
G0 X3.049 Y23.008
G1 F1350 X4.211 Y22.825 E416.99376
G1 X5.438 Y22.566 E417.58349
G1 X6.575 Y22.26 E418.13721
G1 X7.758 Y21.876 E418.72211
G1 X8.871 Y21.449 E419.28271
G1 X9.982 Y20.953 E419.85487
G1 X11.359 Y20.254 E420.58108
G1 X12.621 Y19.478 E421.27777
G1 X13.646 Y18.773 E421.8628
G1 X14.623 Y18.025 E422.44144
G1 X15.52 Y17.258 E422.99645
G1 X16.413 Y16.412 E423.57493
G1 X17.259 Y15.519 E424.15341
G1 X18.049 Y14.591 E424.72653
G1 X18.737 Y13.697 E425.25702
G1 X19.648 Y12.375 E426.01203
G1 X20.534 Y10.838 E426.84632
G1 X21.183 Y9.481 E427.55369
G1 X21.672 Y8.311 E428.15002
G1 X22.08 Y7.158 E428.72518
G1 X22.422 Y5.993 E429.29616
G1 X22.701 Y4.828 E429.85951
G1 X22.979 Y3.347 E430.56813
G1 X23.14 Y1.797 E431.30096
G1 X23.204 Y0.622 E431.85434
G1 X23.204 Y-.622 E432.43935
G1 X23.14 Y-1.795 E432.99179
G1 X23.009 Y-3.049 E433.58471
G1 X22.825 Y-4.211 E434.13797
G1 X22.566 Y-5.436 E434.72678
G1 X22.261 Y-6.569 E435.27855
G1 X21.871 Y-7.767 E435.87103
G1 X21.452 Y-8.861 E436.42194
G1 X20.956 Y-9.974 E436.99497
G1 X20.25 Y-11.363 E437.7277
G1 X19.477 Y-12.622 E438.42245
G1 X18.773 Y-13.646 E439.00682
G1 X18.025 Y-14.623 E439.58547
G1 X17.261 Y-15.516 E440.13813
G1 X16.412 Y-16.412 E440.7186
G1 X15.518 Y-17.26 E441.29806
G1 X14.609 Y-18.034 E441.8595
G1 X13.697 Y-18.737 E442.40101
G1 X12.375 Y-19.648 E443.15602
G1 X10.838 Y-20.534 E443.9903
G1 X9.481 Y-21.183 E444.69768
G1 X8.311 Y-21.672 E445.29401
G1 X7.168 Y-22.077 E445.86427
G1 X6.007 Y-22.418 E446.43331
G1 X4.828 Y-22.701 E447.0035
G1 X3.347 Y-22.979 E447.71212
G1 X1.797 Y-23.14 E448.44495
G1 X0.622 Y-23.203 E448.99831
G1 X-.622 Y-23.204 E449.58331
G1 X-1.795 Y-23.14 E450.13575
G1 X-3.049 Y-23.009 E450.72867
G1 X-4.211 Y-22.825 E451.28193
G1 X-5.438 Y-22.566 E451.87166
G1 X-6.575 Y-22.26 E452.42537
G1 X-7.758 Y-21.876 E453.01027
G1 X-8.871 Y-21.449 E453.57087
G1 X-9.982 Y-20.952 E454.14323
G1 X-11.359 Y-20.254 E454.86922
G1 X-12.621 Y-19.478 E455.56592
G1 X-13.646 Y-18.773 E456.15095
G1 X-14.623 Y-18.025 E456.72959
G1 X-15.516 Y-17.261 E457.28225
G1 X-16.412 Y-16.412 E457.86272
G1 X-17.259 Y-15.519 E458.44152
G1 X-18.049 Y-14.591 E459.01464
G1 X-18.737 Y-13.697 E459.54514
G1 X-19.648 Y-12.374 E460.30053
G1 X-20.531 Y-10.845 E461.13085
G1 X-21.182 Y-9.482 E461.84118
G1 X-21.664 Y-8.326 E462.43017
G1 X-22.081 Y-7.155 E463.01472
G1 X-22.423 Y-5.989 E463.58615
G1 X-22.701 Y-4.838 E464.14299
G1 X-22.978 Y-3.35 E464.85476
G1 X-23.14 Y-1.797 E465.58905
G1 X-23.203 Y-.622 E466.1424
G1 X-23.204 Y0.622 E466.72741
G1 X-23.14 Y1.795 E467.27985
G1 X-23.008 Y3.049 E467.87282
G1 X-22.825 Y4.21 E468.42553
G1 X-22.566 Y5.433 E469.01342
G1 X-22.26 Y6.573 E469.5685
G1 X-21.875 Y7.759 E470.15488
G1 X-21.453 Y8.86 E470.70937
G1 X-20.955 Y9.976 E471.28407
G1 X-20.254 Y11.36 E472.01364
G1 X-19.478 Y12.621 E472.70993
G1 X-18.773 Y13.646 E473.29496
G1 X-18.025 Y14.623 E473.8736
G1 X-17.261 Y15.516 E474.42627
G1 X-16.413 Y16.412 E475.00641
G1 X-15.522 Y17.256 E475.58356
G1 X-14.609 Y18.035 E476.14796
G1 X-13.696 Y18.737 E476.68955
G1 X-12.375 Y19.648 E477.44417
G1 X-10.838 Y20.534 E478.27845
G1 X-9.481 Y21.183 E478.98583
G1 X-8.311 Y21.672 E479.58216
G1 X-7.168 Y22.077 E480.15242
G1 X-6.007 Y22.418 E480.72146
G1 X-4.828 Y22.701 E481.29165
G1 X-3.347 Y22.979 E482.00027
G1 X-1.797 Y23.14 E482.7331
G1 X-.622 Y23.204 E483.28648
G1 X0.622 Y23.204 E483.87149
G1 X1.795 Y23.14 E484.42393
G1 X3.049 Y23.008 E485.0169
G0 F1237.5 X2.822 Y21.417
G0 X1.697 Y21.536
G0 X2.033 Y26.132
;TYPE:WALL-OUTER
G1 F1650 X3.44 Y25.984 E485.68221
G1 X4.755 Y25.776 E486.3083
G1 X6.138 Y25.484 E486.97301
G1 X7.429 Y25.137 E487.60167
G1 X8.759 Y24.705 E488.25929
G1 X10.021 Y24.221 E488.89491
G1 X11.274 Y23.661 E489.54032
G1 X12.826 Y22.874 E490.35864
G1 X14.257 Y21.994 E491.14865
G1 X15.41 Y21.201 E491.80673
G1 X16.511 Y20.357 E492.45912
G1 X17.528 Y19.488 E493.08819
G1 X18.535 Y18.534 E493.74051
G1 X19.491 Y17.525 E494.39417
G1 X20.381 Y16.479 E495.04002
G1 X21.163 Y15.464 E495.64258
G1 X22.186 Y13.978 E496.49097
G1 X23.191 Y12.236 E497.43673
G1 X23.922 Y10.707 E498.23371
G1 X24.472 Y9.391 E498.90445
G1 X24.936 Y8.082 E499.55756
G1 X25.322 Y6.765 E500.20295
G1 X25.636 Y5.454 E500.8369
G1 X25.95 Y3.779 E501.63831
G1 X26.132 Y2.033 E502.46384
G1 X26.204 Y0.703 E503.09021
G1 X26.204 Y-.703 E503.7514
G1 X26.132 Y-2.033 E504.37777
G1 X25.984 Y-3.44 E505.04308
G1 X25.776 Y-4.755 E505.66917
G1 X25.484 Y-6.137 E506.33342
G1 X25.137 Y-7.424 E506.96026
G1 X24.701 Y-8.767 E507.62427
G1 X24.225 Y-10.009 E508.24977
G1 X23.665 Y-11.266 E508.8969
G1 X22.87 Y-12.83 E509.72195
G1 X21.993 Y-14.258 E510.51002
G1 X21.201 Y-15.41 E511.16745
G1 X20.357 Y-16.511 E511.81983
G1 X19.492 Y-17.524 E512.44625
G1 X18.534 Y-18.534 E513.1009
G1 X17.524 Y-19.492 E513.75554
G1 X16.499 Y-20.366 E514.389
G1 X15.464 Y-21.163 E515.00331
G1 X13.978 Y-22.186 E515.8517
G1 X12.236 Y-23.191 E516.79746
G1 X10.707 Y-23.922 E517.59444
G1 X9.391 Y-24.472 E518.26518
G1 X8.093 Y-24.932 E518.91278
G1 X6.781 Y-25.318 E519.55592
G1 X5.454 Y-25.636 E520.19763
G1 X3.779 Y-25.95 E520.99904
G1 X2.033 Y-26.132 E521.82457
G1 X0.703 Y-26.203 E522.45091
G1 X-.703 Y-26.204 E523.1121
G1 X-2.033 Y-26.132 E523.73847
G1 X-3.44 Y-25.984 E524.40378
G1 X-4.755 Y-25.776 E525.02987
G1 X-6.138 Y-25.484 E525.69458
G1 X-7.429 Y-25.137 E526.32324
G1 X-8.759 Y-24.705 E526.98086
G1 X-10.021 Y-24.221 E527.61648
G1 X-11.274 Y-23.661 E528.26189
G1 X-12.826 Y-22.874 E529.08021
G1 X-14.257 Y-21.994 E529.87022
G1 X-15.41 Y-21.201 E530.5283
G1 X-16.511 Y-20.357 E531.18069
G1 X-17.524 Y-19.492 E531.80711
G1 X-18.534 Y-18.534 E532.46175
G1 X-19.491 Y-17.525 E533.11572
G1 X-20.381 Y-16.479 E533.76158
G1 X-21.163 Y-15.464 E534.36414
G1 X-22.186 Y-13.978 E535.21253
G1 X-23.187 Y-12.244 E536.15409
G1 X-23.922 Y-10.707 E536.95528
G1 X-24.464 Y-9.407 E537.61763
G1 X-24.936 Y-8.081 E538.27952
G1 X-25.322 Y-6.764 E538.92491
G1 X-25.636 Y-5.466 E539.55292
G1 X-25.95 Y-3.78 E540.35942
G1 X-26.132 Y-2.033 E541.18542
G1 X-26.203 Y-.703 E541.81176
G1 X-26.204 Y0.703 E542.47295
G1 X-26.132 Y2.033 E543.09932
G1 X-25.984 Y3.44 E543.76463
G1 X-25.776 Y4.755 E544.39072
G1 X-25.484 Y6.133 E545.05313
G1 X-25.137 Y7.425 E545.68224
G1 X-24.705 Y8.759 E546.34165
G1 X-24.225 Y10.009 E546.97133
G1 X-23.665 Y11.266 E547.61846
G1 X-22.874 Y12.826 E548.44099
G1 X-21.994 Y14.257 E549.231
G1 X-21.201 Y15.41 E549.88907
G1 X-20.357 Y16.511 E550.54146
G1 X-19.492 Y17.524 E551.16788
G1 X-18.535 Y18.534 E551.8222
G1 X-17.528 Y19.488 E552.47452
G1 X-16.499 Y20.366 E553.11063
G1 X-15.464 Y21.163 E553.72494
G1 X-13.978 Y22.186 E554.57334
G1 X-12.236 Y23.191 E555.51909
G1 X-10.707 Y23.922 E556.31608
G1 X-9.391 Y24.472 E556.98682
G1 X-8.093 Y24.932 E557.63442
G1 X-6.781 Y25.318 E558.27755
G1 X-5.454 Y25.636 E558.91926
G1 X-3.779 Y25.95 E559.72068
G1 X-2.033 Y26.132 E560.54621
G1 X-.703 Y26.204 E561.17257
G1 X0.703 Y26.204 E561.83376
G1 X2.033 Y26.132 E562.46013
G0 F1237.5 X3.44 Y25.984
G0 X3.523 Y25.971
G0 X2.821 Y21.417
G0 X0.65 Y1.819
;TYPE:SKIN
G1 F823.1 X0.076 Y1.93 E562.81085
G1 X-.393 Y1.885 E563.0935
G1 X-1.011 Y1.647 E563.49078
G1 X-1.417 Y1.32 E563.80351
G1 X-1.675 Y0.959 E564.0697
G1 X-1.865 Y0.508 E564.36328
G1 X-1.934 Y0.068 E564.63046
G1 X-1.912 Y-.281 E564.84024
G1 X-1.846 Y-.557 E565.01049
G1 X-1.633 Y-1.023 E565.31786
G1 X-1.349 Y-1.379 E565.59105
G1 X-.951 Y-1.688 E565.89333
G1 X-.329 Y-1.905 E566.28852
G1 X-0.086 Y-1.93 E566.43506
G1 X0.439 Y-1.881 E566.75138
G1 X0.911 Y-1.705 E567.05358
G1 X1.24 Y-1.485 E567.29101
G1 X1.568 Y-1.129 E567.5814
G1 X1.775 Y-.755 E567.83783
G1 X1.907 Y-.321 E568.10996
G1 X1.933 Y-0.059 E568.26791
G1 X1.876 Y0.464 E568.58352
G1 X1.69 Y0.931 E568.88507
G1 X1.509 Y1.206 E569.08257
G1 X1.302 Y1.423 E569.26248
G1 X0.932 Y1.69 E569.5362
G1 X0.65 Y1.819 E569.72223
;MESH:NONMESH
G0 F600 X0.65 Y1.819 Z2.5
G0 F1237.5 X21.242 Y-3.927
G0 X25.772 Y-4.79
;TIME_ELAPSED:106.486369
;LAYER:2
;TYPE:WALL-OUTER
;MESH:ceramic_two_component_reference_like_v3.stl
G1 F2400 X25.99 Y-3.416 E570.37646
G1 X26.133 Y-2.053 E571.02095
G1 X26.205 Y-.684 E571.66563
G1 X26.205 Y0.684 E572.30895
G1 X26.133 Y2.053 E572.95363
G1 X25.99 Y3.416 E573.59812
G1 X25.772 Y4.79 E574.25234
G1 X25.49 Y6.115 E574.8894
G1 X25.132 Y7.453 E575.54074
G1 X24.709 Y8.753 E576.18364
G1 X24.22 Y10.028 E576.82581
G1 X23.662 Y11.28 E577.47041
G1 X23.037 Y12.509 E578.1188
G1 X22.351 Y13.696 E578.76352
G1 X21.609 Y14.838 E579.40397
G1 X20.792 Y15.963 E580.0578
G1 X19.935 Y17.022 E580.69846
G1 X19.015 Y18.043 E581.34476
G1 X18.043 Y19.015 E581.9912
G1 X17.022 Y19.935 E582.6375
G1 X15.963 Y20.792 E583.27816
G1 X14.838 Y21.609 E583.932
G1 X13.696 Y22.351 E584.57244
G1 X12.509 Y23.037 E585.21716
G1 X11.28 Y23.662 E585.86555
G1 X10.028 Y24.22 E586.51015
G1 X8.753 Y24.709 E587.15233
G1 X7.453 Y25.132 E587.79522
G1 X6.115 Y25.49 E588.44656
G1 X4.79 Y25.772 E589.08362
G1 X3.416 Y25.99 E589.73785
G1 X2.053 Y26.133 E590.38233
G1 X0.684 Y26.205 E591.02701
G1 X-.684 Y26.205 E591.67033
G1 X-2.053 Y26.133 E592.31502
G1 X-3.416 Y25.99 E592.9595
G1 X-4.79 Y25.772 E593.61373
G1 X-6.115 Y25.49 E594.25078
G1 X-7.453 Y25.132 E594.90213
G1 X-8.753 Y24.709 E595.54502
G1 X-10.028 Y24.22 E596.18719
G1 X-11.28 Y23.662 E596.83179
G1 X-12.509 Y23.037 E597.48019
G1 X-13.696 Y22.351 E598.12491
G1 X-14.838 Y21.609 E598.76535
G1 X-15.963 Y20.792 E599.41919
G1 X-17.022 Y19.935 E600.05984
G1 X-18.043 Y19.015 E600.70615
G1 X-19.015 Y18.043 E601.35258
G1 X-19.935 Y17.022 E601.99889
G1 X-20.792 Y15.963 E602.63954
G1 X-21.609 Y14.838 E603.29338
G1 X-22.351 Y13.696 E603.93383
G1 X-23.037 Y12.509 E604.57855
G1 X-23.662 Y11.28 E605.22694
G1 X-24.22 Y10.028 E605.87154
G1 X-24.709 Y8.753 E606.51371
G1 X-25.132 Y7.453 E607.15661
G1 X-25.49 Y6.115 E607.80795
G1 X-25.772 Y4.79 E608.44501
G1 X-25.99 Y3.416 E609.09923
G1 X-26.133 Y2.053 E609.74372
G1 X-26.205 Y0.684 E610.3884
G1 X-26.205 Y-.684 E611.03172
G1 X-26.133 Y-2.053 E611.6764
G1 X-25.99 Y-3.416 E612.32089
G1 X-25.772 Y-4.79 E612.97512
G1 X-25.49 Y-6.115 E613.61217
G1 X-25.132 Y-7.453 E614.26352
G1 X-24.709 Y-8.753 E614.90641
G1 X-24.22 Y-10.028 E615.54858
G1 X-23.662 Y-11.28 E616.19318
G1 X-23.037 Y-12.509 E616.84158
G1 X-22.351 Y-13.696 E617.4863
G1 X-21.609 Y-14.838 E618.12674
G1 X-20.792 Y-15.963 E618.78058
G1 X-19.935 Y-17.022 E619.42123
G1 X-19.015 Y-18.043 E620.06754
G1 X-18.043 Y-19.015 E620.71397
G1 X-17.022 Y-19.935 E621.36028
G1 X-15.963 Y-20.792 E622.00093
G1 X-14.838 Y-21.609 E622.65477
G1 X-13.696 Y-22.351 E623.29522
G1 X-12.509 Y-23.037 E623.93993
G1 X-11.28 Y-23.662 E624.58833
G1 X-10.028 Y-24.22 E625.23293
G1 X-8.753 Y-24.709 E625.8751
G1 X-7.453 Y-25.132 E626.51799
G1 X-6.115 Y-25.49 E627.16934
G1 X-4.79 Y-25.772 E627.8064
G1 X-3.416 Y-25.99 E628.46062
G1 X-2.053 Y-26.133 E629.10511
G1 X-.684 Y-26.205 E629.74979
G1 X0.684 Y-26.205 E630.39311
G1 X2.053 Y-26.133 E631.03779
G1 X3.416 Y-25.99 E631.68228
G1 X4.79 Y-25.772 E632.3365
G1 X6.115 Y-25.49 E632.97356
G1 X7.453 Y-25.132 E633.62491
G1 X8.753 Y-24.709 E634.2678
G1 X10.028 Y-24.22 E634.90997
G1 X11.28 Y-23.662 E635.55457
G1 X12.509 Y-23.037 E636.20297
G1 X13.696 Y-22.351 E636.84768
G1 X14.838 Y-21.609 E637.48813
G1 X15.963 Y-20.792 E638.14197
G1 X17.022 Y-19.935 E638.78262
G1 X18.043 Y-19.015 E639.42893
G1 X19.015 Y-18.043 E640.07536
G1 X19.935 Y-17.022 E640.72167
G1 X20.792 Y-15.963 E641.36232
G1 X21.609 Y-14.838 E642.01616
G1 X22.351 Y-13.696 E642.6566
G1 X23.037 Y-12.509 E643.30132
G1 X23.662 Y-11.28 E643.94972
G1 X24.22 Y-10.028 E644.59432
G1 X24.709 Y-8.753 E645.23649
G1 X25.132 Y-7.453 E645.87938
G1 X25.49 Y-6.115 E646.53073
G1 X25.772 Y-4.79 E647.16778
G1 X25.99 Y-3.416 Z2.508 E647.82202
G1 X26.133 Y-2.053 Z2.517 E648.46652
G1 X26.205 Y-.684 Z2.525 E649.11121
G1 X26.205 Y0.684 Z2.533 E649.75454
G1 X26.133 Y2.053 Z2.542 E650.39924
G1 X25.99 Y3.415 Z2.55 E651.04327
G1 X25.765 Y4.788 Z2.558 E651.69757
G1 X25.483 Y6.112 Z2.567 E652.33418
G1 X25.125 Y7.45 Z2.575 E652.98553
G1 X24.702 Y8.75 Z2.583 E653.62844
G1 X24.212 Y10.024 Z2.592 E654.27035
G1 X23.656 Y11.276 Z2.6 E654.91458
G1 X23.037 Y12.508 Z2.608 E655.56297
G1 X22.351 Y13.695 Z2.617 E656.20771
G1 X21.603 Y14.833 Z2.625 E656.84813
G1 X20.788 Y15.959 Z2.633 E657.50181
G1 X19.93 Y17.017 Z2.642 E658.14241
G1 X19.011 Y18.038 Z2.65 E658.78841
G1 X18.039 Y19.01 Z2.658 E659.43485
G1 X17.017 Y19.928 Z2.667 E660.08089
G1 X15.959 Y20.786 Z2.675 E660.72149
G1 X14.835 Y21.602 Z2.683 E661.37468
G1 X13.693 Y22.345 Z2.692 E662.0154
G1 X12.51 Y23.037 Z2.7 E662.65992
G1 X11.28 Y23.662 Z2.708 E663.30874
G1 X10.028 Y24.22 Z2.717 E663.95336
G1 X8.753 Y24.709 Z2.725 E664.59554
G1 X7.453 Y25.132 Z2.733 E665.23844
G1 X6.115 Y25.49 Z2.742 E665.8898
G1 X4.79 Y25.772 Z2.75 E666.52687
G1 X3.416 Y25.99 Z2.758 E667.18111
G1 X2.053 Y26.133 Z2.767 E667.82561
G1 X0.684 Y26.205 Z2.775 E668.4703
G1 X-.684 Y26.205 Z2.783 E669.11363
G1 X-2.053 Y26.133 Z2.792 E669.75833
G1 X-3.415 Y25.99 Z2.8 E670.40236
G1 X-4.789 Y25.767 Z2.808 E671.05697
G1 X-6.113 Y25.485 Z2.817 E671.69358
G1 X-7.451 Y25.127 Z2.825 E672.34493
G1 X-8.751 Y24.704 Z2.833 E672.98784
G1 X-10.025 Y24.214 Z2.842 E673.62975
G1 X-11.277 Y23.657 Z2.85 E674.27417
G1 X-12.508 Y23.037 Z2.858 E674.92236
G1 X-13.695 Y22.351 Z2.867 E675.56709
G1 X-14.834 Y21.605 Z2.875 E676.20739
G1 X-15.96 Y20.789 Z2.883 E676.86134
G1 X-17.018 Y19.931 Z2.892 E677.50194
G1 X-18.039 Y19.012 Z2.9 E678.14794
G1 X-19.011 Y18.04 Z2.908 E678.79439
G1 X-19.93 Y17.019 Z2.917 E679.44039
G1 X-20.788 Y15.96 Z2.925 E680.08135
G1 X-21.604 Y14.836 Z2.933 E680.73455
G1 X-22.347 Y13.694 Z2.942 E681.37526
G1 X-23.037 Y12.51 Z2.95 E682.01972
G1 X-23.662 Y11.28 Z2.958 E682.66854
G1 X-24.22 Y10.028 Z2.967 E683.31315
G1 X-24.709 Y8.753 Z2.975 E683.95534
G1 X-25.132 Y7.453 Z2.983 E684.59824
G1 X-25.49 Y6.115 Z2.992 E685.2496
G1 X-25.772 Y4.79 Z3 E685.88667
G1 X-25.99 Y3.416 Z3.008 E686.5409
G1 X-26.133 Y2.053 Z3.017 E687.1854
G1 X-26.205 Y0.684 Z3.025 E687.8301
G1 X-26.205 Y-.684 Z3.033 E688.47343
G1 X-26.133 Y-2.053 Z3.042 E689.11812
G1 X-25.99 Y-3.416 Z3.05 E689.76262
G1 X-25.769 Y-4.789 Z3.058 E690.41662
G1 X-25.487 Y-6.114 Z3.067 E691.05369
G1 X-25.129 Y-7.452 Z3.075 E691.70504
G1 X-24.706 Y-8.752 Z3.083 E692.34795
G1 X-24.216 Y-10.026 Z3.092 E692.98986
G1 X-23.659 Y-11.278 Z3.1 E693.63428
G1 X-23.037 Y-12.509 Z3.108 E694.28289
G1 X-22.351 Y-13.696 Z3.117 E694.92762
G1 X-21.606 Y-14.836 Z3.125 E695.56806
G1 X-20.79 Y-15.961 Z3.133 E696.22163
G1 X-19.933 Y-17.02 Z3.142 E696.8623
G1 X-19.013 Y-18.041 Z3.15 E697.50862
G1 X-18.041 Y-19.013 Z3.158 E698.15506
G1 X-17.02 Y-19.932 Z3.167 E698.80107
G1 X-15.961 Y-20.79 Z3.175 E699.44203
G1 X-14.837 Y-21.606 Z3.183 E700.09522
G1 X-13.695 Y-22.349 Z3.192 E700.73593
G1 X-12.509 Y-23.037 Z3.2 E701.38073
G1 X-11.28 Y-23.662 Z3.208 E702.02914
G1 X-10.028 Y-24.22 Z3.217 E702.67375
G1 X-8.753 Y-24.709 Z3.225 E703.31593
G1 X-7.453 Y-25.132 Z3.233 E703.95884
G1 X-6.115 Y-25.49 Z3.242 E704.6102
G1 X-4.79 Y-25.772 Z3.25 E705.24726
G1 X-3.416 Y-25.99 Z3.258 E705.9015
G1 X-2.053 Y-26.133 Z3.267 E706.546
G1 X-.684 Y-26.205 Z3.275 E707.19069
G1 X0.684 Y-26.205 Z3.283 E707.83402
G1 X2.053 Y-26.133 Z3.292 E708.47872
G1 X3.416 Y-25.99 Z3.3 E709.12322
G1 X4.79 Y-25.771 Z3.308 E709.77753
G1 X6.114 Y-25.489 Z3.317 E710.41414
G1 X7.452 Y-25.131 Z3.325 E711.06549
G1 X8.753 Y-24.708 Z3.333 E711.70884
G1 X10.027 Y-24.219 Z3.342 E712.35059
G1 X11.279 Y-23.661 Z3.35 E712.9952
G1 X12.509 Y-23.037 Z3.358 E713.64381
G1 X13.696 Y-22.351 Z3.367 E714.28855
G1 X14.837 Y-21.608 Z3.375 E714.92887
G1 X15.962 Y-20.791 Z3.383 E715.58271
G1 X17.021 Y-19.934 Z3.392 E716.22338
G1 X18.042 Y-19.015 Z3.4 E716.86938
G1 X19.014 Y-18.043 Z3.408 E717.51583
G1 X19.934 Y-17.022 Z3.417 E718.16215
G1 X20.791 Y-15.963 Z3.425 E718.80281
G1 X21.608 Y-14.838 Z3.433 E719.45666
G1 X22.351 Y-13.696 Z3.442 E720.09738
G1 X23.037 Y-12.509 Z3.45 E720.74211
G1 X23.662 Y-11.28 Z3.458 E721.39051
G1 X24.22 Y-10.028 Z3.467 E722.03513
G1 X24.709 Y-8.753 Z3.475 E722.67731
G1 X25.132 Y-7.453 Z3.483 E723.32021
G1 X25.49 Y-6.115 Z3.492 E723.97157
G1 X25.772 Y-4.79 Z3.5 E724.60864
;TIME_ELAPSED:114.729766
;LAYER:3
;note -- min layer time used
;TYPE:WALL-OUTER
;MESH:ceramic_two_component_reference_like_v3.stl
G1 F1976.2 X25.99 Y-3.416 Z3.508 E725.26288
G1 X26.133 Y-2.053 Z3.517 E725.90738
G1 X26.205 Y-.684 Z3.525 E726.55207
G1 X26.205 Y0.684 Z3.533 E727.1954
G1 X26.133 Y2.053 Z3.542 E727.8401
G1 X25.99 Y3.416 Z3.55 E728.4846
G1 X25.772 Y4.79 Z3.558 E729.13883
G1 X25.49 Y6.115 Z3.567 E729.7759
G1 X25.132 Y7.453 Z3.575 E730.42726
G1 X24.709 Y8.753 Z3.583 E731.07016
G1 X24.22 Y10.028 Z3.592 E731.71235
G1 X23.662 Y11.28 Z3.6 E732.35696
G1 X23.037 Y12.509 Z3.608 E733.00536
G1 X22.351 Y13.696 Z3.617 E733.6501
G1 X21.609 Y14.838 Z3.625 E734.29055
G1 X20.792 Y15.963 Z3.633 E734.9444
G1 X19.935 Y17.022 Z3.642 E735.58507
G1 X19.015 Y18.043 Z3.65 E736.23139
G1 X18.043 Y19.015 Z3.658 E736.87783
G1 X17.022 Y19.935 Z3.667 E737.52415
G1 X15.963 Y20.792 Z3.675 E738.16482
G1 X14.838 Y21.609 Z3.683 E738.81866
G1 X13.696 Y22.351 Z3.692 E739.45912
G1 X12.509 Y23.037 Z3.7 E740.10385
G1 X11.28 Y23.662 Z3.708 E740.75226
G1 X10.028 Y24.22 Z3.717 E741.39687
G1 X8.753 Y24.709 Z3.725 E742.03906
G1 X7.453 Y25.132 Z3.733 E742.68196
G1 X6.115 Y25.49 Z3.742 E743.33332
G1 X4.79 Y25.772 Z3.75 E743.97039
G1 X3.416 Y25.99 Z3.758 E744.62462
G1 X2.053 Y26.133 Z3.767 E745.26912
G1 X0.684 Y26.205 Z3.775 E745.91382
G1 X-.684 Y26.205 Z3.783 E746.55715
G1 X-2.053 Y26.133 Z3.792 E747.20184
G1 X-3.416 Y25.99 Z3.8 E747.84634
G1 X-4.79 Y25.772 Z3.808 E748.50058
G1 X-6.115 Y25.49 Z3.817 E749.13765
G1 X-7.453 Y25.132 Z3.825 E749.789
G1 X-8.753 Y24.709 Z3.833 E750.43191
G1 X-10.028 Y24.22 Z3.842 E751.07409
G1 X-11.28 Y23.662 Z3.85 E751.7187
G1 X-12.509 Y23.037 Z3.858 E752.36711
G1 X-13.696 Y22.351 Z3.867 E753.01184
G1 X-14.838 Y21.609 Z3.875 E753.6523
G1 X-15.963 Y20.792 Z3.883 E754.30615
G1 X-17.022 Y19.935 Z3.892 E754.94681
G1 X-18.043 Y19.015 Z3.9 E755.59313
G1 X-19.015 Y18.043 Z3.908 E756.23958
G1 X-19.935 Y17.022 Z3.917 E756.8859
G1 X-20.792 Y15.963 Z3.925 E757.52656
G1 X-21.609 Y14.838 Z3.933 E758.18041
G1 X-22.351 Y13.696 Z3.942 E758.82087
G1 X-23.037 Y12.509 Z3.95 E759.4656
G1 X-23.662 Y11.28 Z3.958 E760.11401
G1 X-24.22 Y10.028 Z3.967 E760.75862
G1 X-24.709 Y8.753 Z3.975 E761.4008
G1 X-25.132 Y7.453 Z3.983 E762.04371
G1 X-25.49 Y6.115 Z3.992 E762.69507
G1 X-25.772 Y4.79 Z4 E763.33213
G1 X-25.99 Y3.416 Z4.008 E763.98637
G1 X-26.133 Y2.053 Z4.017 E764.63087
G1 X-26.205 Y0.684 Z4.025 E765.27556
G1 X-26.205 Y-.684 Z4.033 E765.91889
G1 X-26.133 Y-2.053 Z4.042 E766.56359
G1 X-25.99 Y-3.416 Z4.05 E767.20809
G1 X-25.772 Y-4.79 Z4.058 E767.86232
G1 X-25.49 Y-6.115 Z4.067 E768.49939
G1 X-25.132 Y-7.453 Z4.075 E769.15075
G1 X-24.709 Y-8.753 Z4.083 E769.79365
G1 X-24.22 Y-10.028 Z4.092 E770.43584
G1 X-23.662 Y-11.28 Z4.1 E771.08045
G1 X-23.037 Y-12.509 Z4.108 E771.72886
G1 X-22.351 Y-13.696 Z4.117 E772.37359
G1 X-21.609 Y-14.838 Z4.125 E773.01404
G1 X-20.792 Y-15.963 Z4.133 E773.66789
G1 X-19.935 Y-17.022 Z4.142 E774.30856
G1 X-19.015 Y-18.043 Z4.15 E774.95488
G1 X-18.043 Y-19.015 Z4.158 E775.60132
G1 X-17.022 Y-19.935 Z4.167 E776.24764
G1 X-15.963 Y-20.792 Z4.175 E776.88831
G1 X-14.838 Y-21.609 Z4.183 E777.54216
G1 X-13.696 Y-22.351 Z4.192 E778.18261
G1 X-12.509 Y-23.037 Z4.2 E778.82734
G1 X-11.28 Y-23.662 Z4.208 E779.47575
G1 X-10.028 Y-24.22 Z4.217 E780.12036
G1 X-8.753 Y-24.709 Z4.225 E780.76255
G1 X-7.453 Y-25.132 Z4.233 E781.40545
G1 X-6.115 Y-25.49 Z4.242 E782.05681
G1 X-4.79 Y-25.772 Z4.25 E782.69388
G1 X-3.416 Y-25.99 Z4.258 E783.34811
G1 X-2.053 Y-26.133 Z4.267 E783.99262
G1 X-.684 Y-26.205 Z4.275 E784.63731
G1 X0.684 Y-26.205 Z4.283 E785.28064
G1 X2.053 Y-26.133 Z4.292 E785.92533
G1 X3.416 Y-25.99 Z4.3 E786.56983
G1 X4.79 Y-25.772 Z4.308 E787.22407
G1 X6.115 Y-25.49 Z4.317 E787.86114
G1 X7.453 Y-25.132 Z4.325 E788.5125
G1 X8.753 Y-24.709 Z4.333 E789.1554
G1 X10.028 Y-24.22 Z4.342 E789.79758
G1 X11.28 Y-23.662 Z4.35 E790.4422
G1 X12.509 Y-23.037 Z4.358 E791.0906
G1 X13.696 Y-22.351 Z4.367 E791.73533
G1 X14.838 Y-21.609 Z4.375 E792.37579
G1 X15.963 Y-20.792 Z4.383 E793.02964
G1 X17.022 Y-19.935 Z4.392 E793.67031
G1 X18.043 Y-19.015 Z4.4 E794.31662
G1 X19.015 Y-18.043 Z4.408 E794.96307
G1 X19.935 Y-17.022 Z4.417 E795.60939
G1 X20.792 Y-15.963 Z4.425 E796.25005
G1 X21.609 Y-14.838 Z4.433 E796.9039
G1 X22.351 Y-13.696 Z4.442 E797.54436
G1 X23.037 Y-12.509 Z4.45 E798.18909
G1 X23.662 Y-11.28 Z4.458 E798.8375
G1 X24.22 Y-10.028 Z4.467 E799.48211
G1 X24.709 Y-8.753 Z4.475 E800.12429
G1 X25.132 Y-7.453 Z4.483 E800.7672
G1 X25.49 Y-6.115 Z4.492 E801.41856
G1 X25.772 Y-4.79 Z4.5 E802.05562
;TIME_ELAPSED:119.737479
;LAYER:4
;note -- min layer time used
;TYPE:WALL-OUTER
;MESH:ceramic_two_component_reference_like_v3.stl
G1 X25.99 Y-3.416 Z4.508 E802.70986
G1 X26.133 Y-2.053 Z4.517 E803.35436
G1 X26.205 Y-.684 Z4.525 E803.99905
G1 X26.205 Y0.684 Z4.533 E804.64239
G1 X26.133 Y2.053 Z4.542 E805.28708
G1 X25.99 Y3.416 Z4.55 E805.93158
G1 X25.772 Y4.79 Z4.558 E806.58581
G1 X25.49 Y6.115 Z4.567 E807.22288
G1 X25.132 Y7.453 Z4.575 E807.87424
G1 X24.709 Y8.753 Z4.583 E808.51714
G1 X24.22 Y10.028 Z4.592 E809.15933
G1 X23.662 Y11.28 Z4.6 E809.80394
G1 X23.037 Y12.509 Z4.608 E810.45235
G1 X22.351 Y13.696 Z4.617 E811.09708
G1 X21.609 Y14.838 Z4.625 E811.73754
G1 X20.792 Y15.963 Z4.633 E812.39139
G1 X19.935 Y17.022 Z4.642 E813.03205
G1 X19.015 Y18.043 Z4.65 E813.67837
G1 X18.043 Y19.015 Z4.658 E814.32481
G1 X17.022 Y19.935 Z4.667 E814.97114
G1 X15.963 Y20.792 Z4.675 E815.6118
G1 X14.838 Y21.609 Z4.683 E816.26565
G1 X13.696 Y22.351 Z4.692 E816.90611
G1 X12.509 Y23.037 Z4.7 E817.55084
G1 X11.28 Y23.662 Z4.708 E818.19924
G1 X10.028 Y24.22 Z4.717 E818.84386
G1 X8.753 Y24.709 Z4.725 E819.48604
G1 X7.453 Y25.132 Z4.733 E820.12894
G1 X6.115 Y25.49 Z4.742 E820.7803
G1 X4.79 Y25.772 Z4.75 E821.41737
G1 X3.416 Y25.99 Z4.758 E822.07161
G1 X2.053 Y26.133 Z4.767 E822.71611
G1 X0.684 Y26.205 Z4.775 E823.3608
G1 X-.684 Y26.205 Z4.783 E824.00413
G1 X-2.053 Y26.133 Z4.792 E824.64883
G1 X-3.416 Y25.99 Z4.8 E825.29332
G1 X-4.79 Y25.772 Z4.808 E825.94756
G1 X-6.115 Y25.49 Z4.817 E826.58463
G1 X-7.453 Y25.132 Z4.825 E827.23599
G1 X-8.753 Y24.709 Z4.833 E827.87889
G1 X-10.028 Y24.22 Z4.842 E828.52108
G1 X-11.28 Y23.662 Z4.85 E829.16569
G1 X-12.509 Y23.037 Z4.858 E829.81409
G1 X-13.696 Y22.351 Z4.867 E830.45883
G1 X-14.838 Y21.609 Z4.875 E831.09928
G1 X-15.963 Y20.792 Z4.883 E831.75313
G1 X-17.022 Y19.935 Z4.892 E832.3938
G1 X-18.043 Y19.015 Z4.9 E833.04012
G1 X-19.015 Y18.043 Z4.908 E833.68656
G1 X-19.935 Y17.022 Z4.917 E834.33288
G1 X-20.792 Y15.963 Z4.925 E834.97354
G1 X-21.609 Y14.838 Z4.933 E835.62739
G1 X-22.351 Y13.696 Z4.942 E836.26785
G1 X-23.037 Y12.509 Z4.95 E836.91258
G1 X-23.662 Y11.28 Z4.958 E837.56099
G1 X-24.22 Y10.028 Z4.967 E838.2056
G1 X-24.709 Y8.753 Z4.975 E838.84779
G1 X-25.132 Y7.453 Z4.983 E839.49069
G1 X-25.49 Y6.115 Z4.992 E840.14205
G1 X-25.772 Y4.79 Z5 E840.77912
G1 X-25.99 Y3.416 Z5.008 E841.43335
G1 X-26.133 Y2.053 Z5.017 E842.07785
G1 X-26.205 Y0.684 Z5.025 E842.72254
G1 X-26.205 Y-.684 Z5.033 E843.36588
G1 X-26.133 Y-2.053 Z5.042 E844.01057
G1 X-25.99 Y-3.416 Z5.05 E844.65507
G1 X-25.772 Y-4.79 Z5.058 E845.30931
G1 X-25.49 Y-6.115 Z5.067 E845.94638
G1 X-25.132 Y-7.453 Z5.075 E846.59773
G1 X-24.709 Y-8.753 Z5.083 E847.24064
G1 X-24.22 Y-10.028 Z5.092 E847.88282
G1 X-23.662 Y-11.28 Z5.1 E848.52743
G1 X-23.037 Y-12.509 Z5.108 E849.17584
G1 X-22.351 Y-13.696 Z5.117 E849.82057
G1 X-21.609 Y-14.838 Z5.125 E850.46103
G1 X-20.792 Y-15.963 Z5.133 E851.11488
G1 X-19.935 Y-17.022 Z5.142 E851.75554
G1 X-19.015 Y-18.043 Z5.15 E852.40186
G1 X-18.043 Y-19.015 Z5.158 E853.04831
G1 X-17.022 Y-19.935 Z5.167 E853.69463
G1 X-15.963 Y-20.792 Z5.175 E854.33529
G1 X-14.838 Y-21.609 Z5.183 E854.98914
G1 X-13.696 Y-22.351 Z5.192 E855.6296
G1 X-12.509 Y-23.037 Z5.2 E856.27433
G1 X-11.28 Y-23.662 Z5.208 E856.92274
G1 X-10.028 Y-24.22 Z5.217 E857.56735
G1 X-8.753 Y-24.709 Z5.225 E858.20953
G1 X-7.453 Y-25.132 Z5.233 E858.85243
G1 X-6.115 Y-25.49 Z5.242 E859.50379
G1 X-4.79 Y-25.772 Z5.25 E860.14086
G1 X-3.416 Y-25.99 Z5.258 E860.7951
G1 X-2.053 Y-26.133 Z5.267 E861.4396
G1 X-.684 Y-26.205 Z5.275 E862.08429
G1 X0.684 Y-26.205 Z5.283 E862.72762
G1 X2.053 Y-26.133 Z5.292 E863.37232
G1 X3.416 Y-25.99 Z5.3 E864.01682
G1 X4.79 Y-25.772 Z5.308 E864.67105
G1 X6.115 Y-25.49 Z5.317 E865.30812
G1 X7.453 Y-25.132 Z5.325 E865.95948
G1 X8.753 Y-24.709 Z5.333 E866.60238
G1 X10.028 Y-24.22 Z5.342 E867.24457
G1 X11.28 Y-23.662 Z5.35 E867.88918
G1 X12.509 Y-23.037 Z5.358 E868.53759
G1 X13.696 Y-22.351 Z5.367 E869.18232
G1 X14.838 Y-21.609 Z5.375 E869.82277
G1 X15.963 Y-20.792 Z5.383 E870.47662
G1 X17.022 Y-19.935 Z5.392 E871.11729
G1 X18.043 Y-19.015 Z5.4 E871.76361
G1 X19.015 Y-18.043 Z5.408 E872.41005
G1 X19.935 Y-17.022 Z5.417 E873.05637
G1 X20.792 Y-15.963 Z5.425 E873.69704
G1 X21.609 Y-14.838 Z5.433 E874.35089
G1 X22.351 Y-13.696 Z5.442 E874.99134
G1 X23.037 Y-12.509 Z5.45 E875.63607
G1 X23.662 Y-11.28 Z5.458 E876.28448
G1 X24.22 Y-10.028 Z5.467 E876.92909
G1 X24.709 Y-8.753 Z5.475 E877.57128
G1 X25.132 Y-7.453 Z5.483 E878.21418
G1 X25.49 Y-6.115 Z5.492 E878.86554
G1 X25.772 Y-4.79 Z5.5 E879.50261
;TIME_ELAPSED:124.745192
;LAYER:5
;note -- min layer time used
;TYPE:WALL-OUTER
;MESH:ceramic_two_component_reference_like_v3.stl
G1 X25.99 Y-3.416 Z5.508 E880.15684
G1 X26.133 Y-2.053 Z5.517 E880.80134
G1 X26.205 Y-.684 Z5.525 E881.44604
G1 X26.205 Y0.684 Z5.533 E882.08937
G1 X26.133 Y2.053 Z5.542 E882.73406
G1 X25.99 Y3.416 Z5.55 E883.37856
G1 X25.772 Y4.79 Z5.558 E884.0328
G1 X25.49 Y6.115 Z5.567 E884.66987
G1 X25.132 Y7.453 Z5.575 E885.32123
G1 X24.709 Y8.753 Z5.583 E885.96413
G1 X24.22 Y10.028 Z5.592 E886.60631
G1 X23.662 Y11.28 Z5.6 E887.25092
G1 X23.037 Y12.509 Z5.608 E887.89933
G1 X22.351 Y13.696 Z5.617 E888.54406
G1 X21.609 Y14.838 Z5.625 E889.18452
G1 X20.792 Y15.963 Z5.633 E889.83837
G1 X19.935 Y17.022 Z5.642 E890.47904
G1 X19.015 Y18.043 Z5.65 E891.12535
G1 X18.043 Y19.015 Z5.658 E891.7718
G1 X17.022 Y19.935 Z5.667 E892.41812
G1 X15.963 Y20.792 Z5.675 E893.05878
G1 X14.838 Y21.609 Z5.683 E893.71263
G1 X13.696 Y22.351 Z5.692 E894.35309
G1 X12.509 Y23.037 Z5.7 E894.99782
G1 X11.28 Y23.662 Z5.708 E895.64623
G1 X10.028 Y24.22 Z5.717 E896.29084
G1 X8.753 Y24.709 Z5.725 E896.93302
G1 X7.453 Y25.132 Z5.733 E897.57593
G1 X6.115 Y25.49 Z5.742 E898.22729
G1 X4.79 Y25.772 Z5.75 E898.86435
G1 X3.416 Y25.99 Z5.758 E899.51859
G1 X2.053 Y26.133 Z5.767 E900.16309
G1 X0.684 Y26.205 Z5.775 E900.80778
G1 X-.684 Y26.205 Z5.783 E901.45111
G1 X-2.053 Y26.133 Z5.792 E902.09581
G1 X-3.416 Y25.99 Z5.8 E902.74031
G1 X-4.79 Y25.772 Z5.808 E903.39454
G1 X-6.115 Y25.49 Z5.817 E904.03161
G1 X-7.453 Y25.132 Z5.825 E904.68297
G1 X-8.753 Y24.709 Z5.833 E905.32587
G1 X-10.028 Y24.22 Z5.842 E905.96806
G1 X-11.28 Y23.662 Z5.85 E906.61267
G1 X-12.509 Y23.037 Z5.858 E907.26108
G1 X-13.696 Y22.351 Z5.867 E907.90581
G1 X-14.838 Y21.609 Z5.875 E908.54627
G1 X-15.963 Y20.792 Z5.883 E909.20012
G1 X-17.022 Y19.935 Z5.892 E909.84078
G1 X-18.043 Y19.015 Z5.9 E910.4871
G1 X-19.015 Y18.043 Z5.908 E911.13354
G1 X-19.935 Y17.022 Z5.917 E911.77986
G1 X-20.792 Y15.963 Z5.925 E912.42053
G1 X-21.609 Y14.838 Z5.933 E913.07438
G1 X-22.351 Y13.696 Z5.942 E913.71484
G1 X-23.037 Y12.509 Z5.95 E914.35957
G1 X-23.662 Y11.28 Z5.958 E915.00797
G1 X-24.22 Y10.028 Z5.967 E915.65259
G1 X-24.709 Y8.753 Z5.975 E916.29477
G1 X-25.132 Y7.453 Z5.983 E916.93767
G1 X-25.49 Y6.115 Z5.992 E917.58903
G1 X-25.772 Y4.79 Z6 E918.2261
G1 X-25.99 Y3.416 Z6.008 E918.88033
G1 X-26.133 Y2.053 Z6.017 E919.52484
G1 X-26.205 Y0.684 Z6.025 E920.16953
G1 X-26.205 Y-.684 Z6.033 E920.81286
G1 X-26.133 Y-2.053 Z6.042 E921.45756
G1 X-25.99 Y-3.416 Z6.05 E922.10205
G1 X-25.772 Y-4.79 Z6.058 E922.75629
G1 X-25.49 Y-6.115 Z6.067 E923.39336
G1 X-25.132 Y-7.453 Z6.075 E924.04472
G1 X-24.709 Y-8.753 Z6.083 E924.68762
G1 X-24.22 Y-10.028 Z6.092 E925.32981
G1 X-23.662 Y-11.28 Z6.1 E925.97442
G1 X-23.037 Y-12.509 Z6.108 E926.62282
G1 X-22.351 Y-13.696 Z6.117 E927.26756
G1 X-21.609 Y-14.838 Z6.125 E927.90801
G1 X-20.792 Y-15.963 Z6.133 E928.56186
G1 X-19.935 Y-17.022 Z6.142 E929.20253
G1 X-19.015 Y-18.043 Z6.15 E929.84885
G1 X-18.043 Y-19.015 Z6.158 E930.49529
G1 X-17.022 Y-19.935 Z6.167 E931.14161
G1 X-15.963 Y-20.792 Z6.175 E931.78227
G1 X-14.838 Y-21.609 Z6.183 E932.43612
G1 X-13.696 Y-22.351 Z6.192 E933.07658
G1 X-12.509 Y-23.037 Z6.2 E933.72131
G1 X-11.28 Y-23.662 Z6.208 E934.36972
G1 X-10.028 Y-24.22 Z6.217 E935.01433
G1 X-8.753 Y-24.709 Z6.225 E935.65652
G1 X-7.453 Y-25.132 Z6.233 E936.29942
G1 X-6.115 Y-25.49 Z6.242 E936.95078
G1 X-4.79 Y-25.772 Z6.25 E937.58785
G1 X-3.416 Y-25.99 Z6.258 E938.24208
G1 X-2.053 Y-26.133 Z6.267 E938.88658
G1 X-.684 Y-26.205 Z6.275 E939.53127
G1 X0.684 Y-26.205 Z6.283 E940.17461
G1 X2.053 Y-26.133 Z6.292 E940.8193
G1 X3.416 Y-25.99 Z6.3 E941.4638
G1 X4.79 Y-25.772 Z6.308 E942.11804
G1 X6.115 Y-25.49 Z6.317 E942.75511
G1 X7.453 Y-25.132 Z6.325 E943.40646
G1 X8.753 Y-24.709 Z6.333 E944.04937
G1 X10.028 Y-24.22 Z6.342 E944.69155
G1 X11.28 Y-23.662 Z6.35 E945.33616
G1 X12.509 Y-23.037 Z6.358 E945.98457
G1 X13.696 Y-22.351 Z6.367 E946.6293
G1 X14.838 Y-21.609 Z6.375 E947.26976
G1 X15.963 Y-20.792 Z6.383 E947.92361
G1 X17.022 Y-19.935 Z6.392 E948.56427
G1 X18.043 Y-19.015 Z6.4 E949.21059
G1 X19.015 Y-18.043 Z6.408 E949.85703
G1 X19.935 Y-17.022 Z6.417 E950.50336
G1 X20.792 Y-15.963 Z6.425 E951.14402
G1 X21.609 Y-14.838 Z6.433 E951.79787
G1 X22.351 Y-13.696 Z6.442 E952.43833
G1 X23.037 Y-12.509 Z6.45 E953.08306
G1 X23.662 Y-11.28 Z6.458 E953.73146
G1 X24.22 Y-10.028 Z6.467 E954.37608
G1 X24.709 Y-8.753 Z6.475 E955.01826
G1 X25.132 Y-7.453 Z6.483 E955.66116
G1 X25.49 Y-6.115 Z6.492 E956.31252
G1 X25.772 Y-4.79 Z6.5 E956.94959
;TIME_ELAPSED:129.752905
;LAYER:6
;note -- min layer time used
;TYPE:WALL-OUTER
;MESH:ceramic_two_component_reference_like_v3.stl
G1 X25.99 Y-3.416 Z6.508 E957.60383
G1 X26.133 Y-2.053 Z6.517 E958.24833
G1 X26.205 Y-.684 Z6.525 E958.89302
G1 X26.205 Y0.684 Z6.533 E959.53635
G1 X26.133 Y2.053 Z6.542 E960.18105
G1 X25.99 Y3.416 Z6.55 E960.82555
G1 X25.772 Y4.79 Z6.558 E961.47978
G1 X25.49 Y6.115 Z6.567 E962.11685
G1 X25.132 Y7.453 Z6.575 E962.76821
G1 X24.709 Y8.753 Z6.583 E963.41111
G1 X24.22 Y10.028 Z6.592 E964.0533
G1 X23.662 Y11.28 Z6.6 E964.69791
G1 X23.037 Y12.509 Z6.608 E965.34631
G1 X22.351 Y13.696 Z6.617 E965.99105
G1 X21.609 Y14.838 Z6.625 E966.6315
G1 X20.792 Y15.963 Z6.633 E967.28535
G1 X19.935 Y17.022 Z6.642 E967.92602
G1 X19.015 Y18.043 Z6.65 E968.57234
G1 X18.043 Y19.015 Z6.658 E969.21878
G1 X17.022 Y19.935 Z6.667 E969.8651
G1 X15.963 Y20.792 Z6.675 E970.50577
G1 X14.838 Y21.609 Z6.683 E971.15962
G1 X13.696 Y22.351 Z6.692 E971.80007
G1 X12.509 Y23.037 Z6.7 E972.4448
G1 X11.28 Y23.662 Z6.708 E973.09321
G1 X10.028 Y24.22 Z6.717 E973.73782
G1 X8.753 Y24.709 Z6.725 E974.38001
G1 X7.453 Y25.132 Z6.733 E975.02291
G1 X6.115 Y25.49 Z6.742 E975.67427
G1 X4.79 Y25.772 Z6.75 E976.31134
G1 X3.416 Y25.99 Z6.758 E976.96557
G1 X2.053 Y26.133 Z6.767 E977.61007
G1 X0.684 Y26.205 Z6.775 E978.25477
G1 X-.684 Y26.205 Z6.783 E978.8981
G1 X-2.053 Y26.133 Z6.792 E979.54279
G1 X-3.416 Y25.99 Z6.8 E980.18729
G1 X-4.79 Y25.772 Z6.808 E980.84153
G1 X-6.115 Y25.49 Z6.817 E981.4786
G1 X-7.453 Y25.132 Z6.825 E982.12995
G1 X-8.753 Y24.709 Z6.833 E982.77286
G1 X-10.028 Y24.22 Z6.842 E983.41504
G1 X-11.28 Y23.662 Z6.85 E984.05965
G1 X-12.509 Y23.037 Z6.858 E984.70806
G1 X-13.696 Y22.351 Z6.867 E985.35279
G1 X-14.838 Y21.609 Z6.875 E985.99325
G1 X-15.963 Y20.792 Z6.883 E986.6471
G1 X-17.022 Y19.935 Z6.892 E987.28777
G1 X-18.043 Y19.015 Z6.9 E987.93408
G1 X-19.015 Y18.043 Z6.908 E988.58053
G1 X-19.935 Y17.022 Z6.917 E989.22685
G1 X-20.792 Y15.963 Z6.925 E989.86751
G1 X-21.609 Y14.838 Z6.933 E990.52136
G1 X-22.351 Y13.696 Z6.942 E991.16182
G1 X-23.037 Y12.509 Z6.95 E991.80655
G1 X-23.662 Y11.28 Z6.958 E992.45496
G1 X-24.22 Y10.028 Z6.967 E993.09957
G1 X-24.709 Y8.753 Z6.975 E993.74175
G1 X-25.132 Y7.453 Z6.983 E994.38466
G1 X-25.49 Y6.115 Z6.992 E995.03602
G1 X-25.772 Y4.79 Z7 E995.67308
G1 X-25.99 Y3.416 Z7.008 E996.32732
G1 X-26.133 Y2.053 Z7.017 E996.97182
G1 X-26.205 Y0.684 Z7.025 E997.61651
G1 X-26.205 Y-.684 Z7.033 E998.25984
G1 X-26.133 Y-2.053 Z7.042 E998.90454
G1 X-25.99 Y-3.416 Z7.05 E999.54904
G1 X-25.772 Y-4.79 Z7.058 E1000.20327
G1 X-25.49 Y-6.115 Z7.067 E1000.84034
G1 X-25.132 Y-7.453 Z7.075 E1001.4917
G1 X-24.709 Y-8.753 Z7.083 E1002.1346
G1 X-24.22 Y-10.028 Z7.092 E1002.77679
G1 X-23.662 Y-11.28 Z7.1 E1003.4214
G1 X-23.037 Y-12.509 Z7.108 E1004.06981
G1 X-22.351 Y-13.696 Z7.117 E1004.71454
G1 X-21.609 Y-14.838 Z7.125 E1005.355
G1 X-20.792 Y-15.963 Z7.133 E1006.00884
G1 X-19.935 Y-17.022 Z7.142 E1006.64951
G1 X-19.015 Y-18.043 Z7.15 E1007.29583
G1 X-18.043 Y-19.015 Z7.158 E1007.94227
G1 X-17.022 Y-19.935 Z7.167 E1008.58859
G1 X-15.963 Y-20.792 Z7.175 E1009.22926
G1 X-14.838 Y-21.609 Z7.183 E1009.88311
G1 X-13.696 Y-22.351 Z7.192 E1010.52357
G1 X-12.509 Y-23.037 Z7.2 E1011.1683
G1 X-11.28 Y-23.662 Z7.208 E1011.8167
G1 X-10.028 Y-24.22 Z7.217 E1012.46132
G1 X-8.753 Y-24.709 Z7.225 E1013.1035
G1 X-7.453 Y-25.132 Z7.233 E1013.7464
G1 X-6.115 Y-25.49 Z7.242 E1014.39776
G1 X-4.79 Y-25.772 Z7.25 E1015.03483
G1 X-3.416 Y-25.99 Z7.258 E1015.68906
G1 X-2.053 Y-26.133 Z7.267 E1016.33357
G1 X-.684 Y-26.205 Z7.275 E1016.97826
G1 X0.684 Y-26.205 Z7.283 E1017.62159
G1 X2.053 Y-26.133 Z7.292 E1018.26629
G1 X3.416 Y-25.99 Z7.3 E1018.91078
G1 X4.79 Y-25.772 Z7.308 E1019.56502
G1 X6.115 Y-25.49 Z7.317 E1020.20209
G1 X7.453 Y-25.132 Z7.325 E1020.85345
G1 X8.753 Y-24.709 Z7.333 E1021.49635
G1 X10.028 Y-24.22 Z7.342 E1022.13854
G1 X11.28 Y-23.662 Z7.35 E1022.78315
G1 X12.509 Y-23.037 Z7.358 E1023.43155
G1 X13.696 Y-22.351 Z7.367 E1024.07629
G1 X14.838 Y-21.609 Z7.375 E1024.71674
G1 X15.963 Y-20.792 Z7.383 E1025.37059
G1 X17.022 Y-19.935 Z7.392 E1026.01126
G1 X18.043 Y-19.015 Z7.4 E1026.65758
G1 X19.015 Y-18.043 Z7.408 E1027.30402
G1 X19.935 Y-17.022 Z7.417 E1027.95034
G1 X20.792 Y-15.963 Z7.425 E1028.591
G1 X21.609 Y-14.838 Z7.433 E1029.24485
G1 X22.351 Y-13.696 Z7.442 E1029.88531
G1 X23.037 Y-12.509 Z7.45 E1030.53004
G1 X23.662 Y-11.28 Z7.458 E1031.17845
G1 X24.22 Y-10.028 Z7.467 E1031.82306
G1 X24.709 Y-8.753 Z7.475 E1032.46524
G1 X25.132 Y-7.453 Z7.483 E1033.10815
G1 X25.49 Y-6.115 Z7.492 E1033.75951
G1 X25.772 Y-4.79 Z7.5 E1034.39657
;TIME_ELAPSED:134.760618
;LAYER:7
;note -- min layer time used
;TYPE:WALL-OUTER
;MESH:ceramic_two_component_reference_like_v3.stl
G1 X25.99 Y-3.416 Z7.508 E1035.05081
G1 X26.133 Y-2.053 Z7.517 E1035.69531
G1 X26.205 Y-.684 Z7.525 E1036.34
G1 X26.205 Y0.684 Z7.533 E1036.98334
G1 X26.133 Y2.053 Z7.542 E1037.62803
G1 X25.99 Y3.416 Z7.55 E1038.27253
G1 X25.772 Y4.79 Z7.558 E1038.92677
G1 X25.49 Y6.115 Z7.567 E1039.56383
G1 X25.132 Y7.453 Z7.575 E1040.21519
G1 X24.709 Y8.753 Z7.583 E1040.8581
G1 X24.22 Y10.028 Z7.592 E1041.50028
G1 X23.662 Y11.28 Z7.6 E1042.14489
G1 X23.037 Y12.509 Z7.608 E1042.7933
G1 X22.351 Y13.696 Z7.617 E1043.43803
G1 X21.609 Y14.838 Z7.625 E1044.07849
G1 X20.792 Y15.963 Z7.633 E1044.73234
G1 X19.935 Y17.022 Z7.642 E1045.373
G1 X19.015 Y18.043 Z7.65 E1046.01932
G1 X18.043 Y19.015 Z7.658 E1046.66576
G1 X17.022 Y19.935 Z7.667 E1047.31209
G1 X15.963 Y20.792 Z7.675 E1047.95275
G1 X14.838 Y21.609 Z7.683 E1048.6066
G1 X13.696 Y22.351 Z7.692 E1049.24706
G1 X12.509 Y23.037 Z7.7 E1049.89179
G1 X11.28 Y23.662 Z7.708 E1050.54019
G1 X10.028 Y24.22 Z7.717 E1051.18481
G1 X8.753 Y24.709 Z7.725 E1051.82699
G1 X7.453 Y25.132 Z7.733 E1052.46989
G1 X6.115 Y25.49 Z7.742 E1053.12125
G1 X4.79 Y25.772 Z7.75 E1053.75832
G1 X3.416 Y25.99 Z7.758 E1054.41256
G1 X2.053 Y26.133 Z7.767 E1055.05706
G1 X0.684 Y26.205 Z7.775 E1055.70175
G1 X-.684 Y26.205 Z7.783 E1056.34508
G1 X-2.053 Y26.133 Z7.792 E1056.98978
G1 X-3.416 Y25.99 Z7.8 E1057.63428
G1 X-4.79 Y25.772 Z7.808 E1058.28851
G1 X-6.115 Y25.49 Z7.817 E1058.92558
G1 X-7.453 Y25.132 Z7.825 E1059.57694
G1 X-8.753 Y24.709 Z7.833 E1060.21984
G1 X-10.028 Y24.22 Z7.842 E1060.86203
G1 X-11.28 Y23.662 Z7.85 E1061.50664
G1 X-12.509 Y23.037 Z7.858 E1062.15504
G1 X-13.696 Y22.351 Z7.867 E1062.79978
G1 X-14.838 Y21.609 Z7.875 E1063.44023
G1 X-15.963 Y20.792 Z7.883 E1064.09408
G1 X-17.022 Y19.935 Z7.892 E1064.73475
G1 X-18.043 Y19.015 Z7.9 E1065.38107
G1 X-19.015 Y18.043 Z7.908 E1066.02751
G1 X-19.935 Y17.022 Z7.917 E1066.67383
G1 X-20.792 Y15.963 Z7.925 E1067.3145
G1 X-21.609 Y14.838 Z7.933 E1067.96834
G1 X-22.351 Y13.696 Z7.942 E1068.6088
G1 X-23.037 Y12.509 Z7.95 E1069.25353
G1 X-23.662 Y11.28 Z7.958 E1069.90194
G1 X-24.22 Y10.028 Z7.967 E1070.54655
G1 X-24.709 Y8.753 Z7.975 E1071.18874
G1 X-25.132 Y7.453 Z7.983 E1071.83164
G1 X-25.49 Y6.115 Z7.992 E1072.483
G1 X-25.772 Y4.79 Z8 E1073.12007
G1 X-25.99 Y3.416 Z8.008 E1073.7743
G1 X-26.133 Y2.053 Z8.017 E1074.4188
G1 X-26.205 Y0.684 Z8.025 E1075.0635
G1 X-26.205 Y-.684 Z8.033 E1075.70683
G1 X-26.133 Y-2.053 Z8.042 E1076.35152
G1 X-25.99 Y-3.416 Z8.05 E1076.99602
G1 X-25.772 Y-4.79 Z8.058 E1077.65026
G1 X-25.49 Y-6.115 Z8.067 E1078.28733
G1 X-25.132 Y-7.453 Z8.075 E1078.93868
G1 X-24.709 Y-8.753 Z8.083 E1079.58159
G1 X-24.22 Y-10.028 Z8.092 E1080.22377
G1 X-23.662 Y-11.28 Z8.1 E1080.86838
G1 X-23.037 Y-12.509 Z8.108 E1081.51679
G1 X-22.351 Y-13.696 Z8.117 E1082.16152
G1 X-21.609 Y-14.838 Z8.125 E1082.80198
G1 X-20.792 Y-15.963 Z8.133 E1083.45583
G1 X-19.935 Y-17.022 Z8.142 E1084.09649
G1 X-19.015 Y-18.043 Z8.15 E1084.74281
G1 X-18.043 Y-19.015 Z8.158 E1085.38926
G1 X-17.022 Y-19.935 Z8.167 E1086.03558
G1 X-15.963 Y-20.792 Z8.175 E1086.67624
G1 X-14.838 Y-21.609 Z8.183 E1087.33009
G1 X-13.696 Y-22.351 Z8.192 E1087.97055
G1 X-12.509 Y-23.037 Z8.2 E1088.61528
G1 X-11.28 Y-23.662 Z8.208 E1089.26369
G1 X-10.028 Y-24.22 Z8.217 E1089.9083
G1 X-8.753 Y-24.709 Z8.225 E1090.55048
G1 X-7.453 Y-25.132 Z8.233 E1091.19339
G1 X-6.115 Y-25.49 Z8.242 E1091.84475
G1 X-4.79 Y-25.772 Z8.25 E1092.48181
G1 X-3.416 Y-25.99 Z8.258 E1093.13605
G1 X-2.053 Y-26.133 Z8.267 E1093.78055
G1 X-.684 Y-26.205 Z8.275 E1094.42524
G1 X0.684 Y-26.205 Z8.283 E1095.06857
G1 X2.053 Y-26.133 Z8.292 E1095.71327
G1 X3.416 Y-25.99 Z8.3 E1096.35777
G1 X4.79 Y-25.772 Z8.308 E1097.012
G1 X6.115 Y-25.49 Z8.317 E1097.64907
G1 X7.453 Y-25.132 Z8.325 E1098.30043
G1 X8.753 Y-24.709 Z8.333 E1098.94333
G1 X10.028 Y-24.22 Z8.342 E1099.58552
G1 X11.28 Y-23.662 Z8.35 E1100.23013
G1 X12.509 Y-23.037 Z8.358 E1100.87854
G1 X13.696 Y-22.351 Z8.367 E1101.52327
G1 X14.838 Y-21.609 Z8.375 E1102.16372
G1 X15.963 Y-20.792 Z8.383 E1102.81757
G1 X17.022 Y-19.935 Z8.392 E1103.45824
G1 X18.043 Y-19.015 Z8.4 E1104.10456
G1 X19.015 Y-18.043 Z8.408 E1104.751
G1 X19.935 Y-17.022 Z8.417 E1105.39732
G1 X20.792 Y-15.963 Z8.425 E1106.03799
G1 X21.609 Y-14.838 Z8.433 E1106.69184
G1 X22.351 Y-13.696 Z8.442 E1107.3323
G1 X23.037 Y-12.509 Z8.45 E1107.97702
G1 X23.662 Y-11.28 Z8.458 E1108.62543
G1 X24.22 Y-10.028 Z8.467 E1109.27004
G1 X24.709 Y-8.753 Z8.475 E1109.91223
G1 X25.132 Y-7.453 Z8.483 E1110.55513
G1 X25.49 Y-6.115 Z8.492 E1111.20649
G1 X25.772 Y-4.79 Z8.5 E1111.84356
;TIME_ELAPSED:139.768331
;LAYER:8
;note -- min layer time used
;TYPE:WALL-OUTER
;MESH:ceramic_two_component_reference_like_v3.stl
G1 X25.99 Y-3.416 Z8.508 E1112.49779
G1 X26.133 Y-2.053 Z8.517 E1113.1423
G1 X26.205 Y-.684 Z8.525 E1113.78699
G1 X26.205 Y0.684 Z8.533 E1114.43032
G1 X26.133 Y2.053 Z8.542 E1115.07501
G1 X25.99 Y3.416 Z8.55 E1115.71951
G1 X25.772 Y4.79 Z8.558 E1116.37375
G1 X25.49 Y6.115 Z8.567 E1117.01082
G1 X25.132 Y7.453 Z8.575 E1117.66218
G1 X24.709 Y8.753 Z8.583 E1118.30508
G1 X24.22 Y10.028 Z8.592 E1118.94727
G1 X23.662 Y11.28 Z8.6 E1119.59188
G1 X23.037 Y12.509 Z8.608 E1120.24028
G1 X22.351 Y13.696 Z8.617 E1120.88501
G1 X21.609 Y14.838 Z8.625 E1121.52547
G1 X20.792 Y15.963 Z8.633 E1122.17932
G1 X19.935 Y17.022 Z8.642 E1122.81999
G1 X19.015 Y18.043 Z8.65 E1123.46631
G1 X18.043 Y19.015 Z8.658 E1124.11275
G1 X17.022 Y19.935 Z8.667 E1124.75907
G1 X15.963 Y20.792 Z8.675 E1125.39973
G1 X14.838 Y21.609 Z8.683 E1126.05358
G1 X13.696 Y22.351 Z8.692 E1126.69404
G1 X12.509 Y23.037 Z8.7 E1127.33877
G1 X11.28 Y23.662 Z8.708 E1127.98718
G1 X10.028 Y24.22 Z8.717 E1128.63179
G1 X8.753 Y24.709 Z8.725 E1129.27397
G1 X7.453 Y25.132 Z8.733 E1129.91688
G1 X6.115 Y25.49 Z8.742 E1130.56824
G1 X4.79 Y25.772 Z8.75 E1131.2053
G1 X3.416 Y25.99 Z8.758 E1131.85954
G1 X2.053 Y26.133 Z8.767 E1132.50404
G1 X0.684 Y26.205 Z8.775 E1133.14873
G1 X-.684 Y26.205 Z8.783 E1133.79207
G1 X-2.053 Y26.133 Z8.792 E1134.43676
G1 X-3.416 Y25.99 Z8.8 E1135.08126
G1 X-4.79 Y25.772 Z8.808 E1135.73549
G1 X-6.115 Y25.49 Z8.817 E1136.37256
G1 X-7.453 Y25.132 Z8.825 E1137.02392
G1 X-8.753 Y24.709 Z8.833 E1137.66682
G1 X-10.028 Y24.22 Z8.842 E1138.30901
G1 X-11.28 Y23.662 Z8.85 E1138.95362
G1 X-12.509 Y23.037 Z8.858 E1139.60203
G1 X-13.696 Y22.351 Z8.867 E1140.24676
G1 X-14.838 Y21.609 Z8.875 E1140.88722
G1 X-15.963 Y20.792 Z8.883 E1141.54107
G1 X-17.022 Y19.935 Z8.892 E1142.18173
G1 X-18.043 Y19.015 Z8.9 E1142.82805
G1 X-19.015 Y18.043 Z8.908 E1143.47449
G1 X-19.935 Y17.022 Z8.917 E1144.12082
G1 X-20.792 Y15.963 Z8.925 E1144.76148
G1 X-21.609 Y14.838 Z8.933 E1145.41533
G1 X-22.351 Y13.696 Z8.942 E1146.05579
G1 X-23.037 Y12.509 Z8.95 E1146.70052
G1 X-23.662 Y11.28 Z8.958 E1147.34892
G1 X-24.22 Y10.028 Z8.967 E1147.99354
G1 X-24.709 Y8.753 Z8.975 E1148.63572
G1 X-25.132 Y7.453 Z8.983 E1149.27862
G1 X-25.49 Y6.115 Z8.992 E1149.92998
G1 X-25.772 Y4.79 Z9 E1150.56705
G1 X-25.99 Y3.416 Z9.008 E1151.22129
G1 X-26.133 Y2.053 Z9.017 E1151.86579
G1 X-26.205 Y0.684 Z9.025 E1152.51048
G1 X-26.205 Y-.684 Z9.033 E1153.15381
G1 X-26.133 Y-2.053 Z9.042 E1153.79851
G1 X-25.99 Y-3.416 Z9.05 E1154.44301
G1 X-25.772 Y-4.79 Z9.058 E1155.09724
G1 X-25.49 Y-6.115 Z9.067 E1155.73431
G1 X-25.132 Y-7.453 Z9.075 E1156.38567
G1 X-24.709 Y-8.753 Z9.083 E1157.02857
G1 X-24.22 Y-10.028 Z9.092 E1157.67076
G1 X-23.662 Y-11.28 Z9.1 E1158.31537
G1 X-23.037 Y-12.509 Z9.108 E1158.96377
G1 X-22.351 Y-13.696 Z9.117 E1159.60851
G1 X-21.609 Y-14.838 Z9.125 E1160.24896
G1 X-20.792 Y-15.963 Z9.133 E1160.90281
G1 X-19.935 Y-17.022 Z9.142 E1161.54348
G1 X-19.015 Y-18.043 Z9.15 E1162.1898
G1 X-18.043 Y-19.015 Z9.158 E1162.83624
G1 X-17.022 Y-19.935 Z9.167 E1163.48256
G1 X-15.963 Y-20.792 Z9.175 E1164.12322
G1 X-14.838 Y-21.609 Z9.183 E1164.77707
G1 X-13.696 Y-22.351 Z9.192 E1165.41753
G1 X-12.509 Y-23.037 Z9.2 E1166.06226
G1 X-11.28 Y-23.662 Z9.208 E1166.71067
G1 X-10.028 Y-24.22 Z9.217 E1167.35528
G1 X-8.753 Y-24.709 Z9.225 E1167.99747
G1 X-7.453 Y-25.132 Z9.233 E1168.64037
G1 X-6.115 Y-25.49 Z9.242 E1169.29173
G1 X-4.79 Y-25.772 Z9.25 E1169.9288
G1 X-3.416 Y-25.99 Z9.258 E1170.58303
G1 X-2.053 Y-26.133 Z9.267 E1171.22753
G1 X-.684 Y-26.205 Z9.275 E1171.87223
G1 X0.684 Y-26.205 Z9.283 E1172.51556
G1 X2.053 Y-26.133 Z9.292 E1173.16025
G1 X3.416 Y-25.99 Z9.3 E1173.80475
G1 X4.79 Y-25.772 Z9.308 E1174.45899
G1 X6.115 Y-25.49 Z9.317 E1175.09606
G1 X7.453 Y-25.132 Z9.325 E1175.74741
G1 X8.753 Y-24.709 Z9.333 E1176.39032
G1 X10.028 Y-24.22 Z9.342 E1177.0325
G1 X11.28 Y-23.662 Z9.35 E1177.67711
G1 X12.509 Y-23.037 Z9.358 E1178.32552
G1 X13.696 Y-22.351 Z9.367 E1178.97025
G1 X14.838 Y-21.609 Z9.375 E1179.61071
G1 X15.963 Y-20.792 Z9.383 E1180.26456
G1 X17.022 Y-19.935 Z9.392 E1180.90522
G1 X18.043 Y-19.015 Z9.4 E1181.55154
G1 X19.015 Y-18.043 Z9.408 E1182.19799
G1 X19.935 Y-17.022 Z9.417 E1182.84431
G1 X20.792 Y-15.963 Z9.425 E1183.48497
G1 X21.609 Y-14.838 Z9.433 E1184.13882
G1 X22.351 Y-13.696 Z9.442 E1184.77928
G1 X23.037 Y-12.509 Z9.45 E1185.42401
G1 X23.662 Y-11.28 Z9.458 E1186.07242
G1 X24.22 Y-10.028 Z9.467 E1186.71703
G1 X24.709 Y-8.753 Z9.475 E1187.35921
G1 X25.132 Y-7.453 Z9.483 E1188.00211
G1 X25.49 Y-6.115 Z9.492 E1188.65348
G1 X25.772 Y-4.79 Z9.5 E1189.29054
;TIME_ELAPSED:144.776044
;LAYER:9
;note -- min layer time used
;TYPE:WALL-OUTER
;MESH:ceramic_two_component_reference_like_v3.stl
G1 X25.99 Y-3.416 Z9.508 E1189.94478
G1 X26.133 Y-2.053 Z9.517 E1190.58928
G1 X26.205 Y-.684 Z9.525 E1191.23397
G1 X26.205 Y0.684 Z9.533 E1191.8773
G1 X26.133 Y2.053 Z9.542 E1192.522
G1 X25.99 Y3.416 Z9.55 E1193.1665
G1 X25.772 Y4.79 Z9.558 E1193.82073
G1 X25.49 Y6.115 Z9.567 E1194.4578
G1 X25.132 Y7.453 Z9.575 E1195.10916
G1 X24.709 Y8.753 Z9.583 E1195.75206
G1 X24.22 Y10.028 Z9.592 E1196.39425
G1 X23.662 Y11.28 Z9.6 E1197.03886
G1 X23.037 Y12.509 Z9.608 E1197.68727
G1 X22.351 Y13.696 Z9.617 E1198.332
G1 X21.609 Y14.838 Z9.625 E1198.97245
G1 X20.792 Y15.963 Z9.633 E1199.6263
G1 X19.935 Y17.022 Z9.642 E1200.26697
G1 X19.015 Y18.043 Z9.65 E1200.91329
G1 X18.043 Y19.015 Z9.658 E1201.55973
G1 X17.022 Y19.935 Z9.667 E1202.20605
G1 X15.963 Y20.792 Z9.675 E1202.84672
G1 X14.838 Y21.609 Z9.683 E1203.50057
G1 X13.696 Y22.351 Z9.692 E1204.14102
G1 X12.509 Y23.037 Z9.7 E1204.78575
G1 X11.28 Y23.662 Z9.708 E1205.43416
G1 X10.028 Y24.22 Z9.717 E1206.07877
G1 X8.753 Y24.709 Z9.725 E1206.72096
G1 X7.453 Y25.132 Z9.733 E1207.36386
G1 X6.115 Y25.49 Z9.742 E1208.01522
G1 X4.79 Y25.772 Z9.75 E1208.65229
G1 X3.416 Y25.99 Z9.758 E1209.30652
G1 X2.053 Y26.133 Z9.767 E1209.95102
G1 X0.684 Y26.205 Z9.775 E1210.59572
G1 X-.684 Y26.205 Z9.783 E1211.23905
G1 X-2.053 Y26.133 Z9.792 E1211.88374
G1 X-3.416 Y25.99 Z9.8 E1212.52824
G1 X-4.79 Y25.772 Z9.808 E1213.18248
G1 X-6.115 Y25.49 Z9.817 E1213.81955
G1 X-7.453 Y25.132 Z9.825 E1214.47091
G1 X-8.753 Y24.709 Z9.833 E1215.11381
G1 X-10.028 Y24.22 Z9.842 E1215.75599
G1 X-11.28 Y23.662 Z9.85 E1216.4006
G1 X-12.509 Y23.037 Z9.858 E1217.04901
G1 X-13.696 Y22.351 Z9.867 E1217.69374
G1 X-14.838 Y21.609 Z9.875 E1218.3342
G1 X-15.963 Y20.792 Z9.883 E1218.98805
G1 X-17.022 Y19.935 Z9.892 E1219.62872
G1 X-18.043 Y19.015 Z9.9 E1220.27503
G1 X-19.015 Y18.043 Z9.908 E1220.92148
G1 X-19.935 Y17.022 Z9.917 E1221.5678
G1 X-20.792 Y15.963 Z9.925 E1222.20846
G1 X-21.609 Y14.838 Z9.933 E1222.86231
G1 X-22.351 Y13.696 Z9.942 E1223.50277
G1 X-23.037 Y12.509 Z9.95 E1224.1475
G1 X-23.662 Y11.28 Z9.958 E1224.79591
G1 X-24.22 Y10.028 Z9.967 E1225.44052
G1 X-24.709 Y8.753 Z9.975 E1226.0827
G1 X-25.132 Y7.453 Z9.983 E1226.72561
G1 X-25.49 Y6.115 Z9.992 E1227.37697
G1 X-25.772 Y4.79 Z10 E1228.01403
G1 X-25.99 Y3.416 Z10.008 E1228.66827
G1 X-26.133 Y2.053 Z10.017 E1229.31277
G1 X-26.205 Y0.684 Z10.025 E1229.95746
G1 X-26.205 Y-.684 Z10.033 E1230.60079
G1 X-26.133 Y-2.053 Z10.042 E1231.24549
G1 X-25.99 Y-3.416 Z10.05 E1231.88999
G1 X-25.772 Y-4.79 Z10.058 E1232.54422
G1 X-25.49 Y-6.115 Z10.067 E1233.18129
G1 X-25.132 Y-7.453 Z10.075 E1233.83265
G1 X-24.709 Y-8.753 Z10.083 E1234.47555
G1 X-24.22 Y-10.028 Z10.092 E1235.11774
G1 X-23.662 Y-11.28 Z10.1 E1235.76235
G1 X-23.037 Y-12.509 Z10.108 E1236.41076
G1 X-22.351 Y-13.696 Z10.117 E1237.05549
G1 X-21.609 Y-14.838 Z10.125 E1237.69595
G1 X-20.792 Y-15.963 Z10.133 E1238.3498
G1 X-19.935 Y-17.022 Z10.142 E1238.99046
G1 X-19.015 Y-18.043 Z10.15 E1239.63678
G1 X-18.043 Y-19.015 Z10.158 E1240.28322
G1 X-17.022 Y-19.935 Z10.167 E1240.92955
G1 X-15.963 Y-20.792 Z10.175 E1241.57021
G1 X-14.838 Y-21.609 Z10.183 E1242.22406
G1 X-13.696 Y-22.351 Z10.192 E1242.86452
G1 X-12.509 Y-23.037 Z10.2 E1243.50925
G1 X-11.28 Y-23.662 Z10.208 E1244.15765
G1 X-10.028 Y-24.22 Z10.217 E1244.80227
G1 X-8.753 Y-24.709 Z10.225 E1245.44445
G1 X-7.453 Y-25.132 Z10.233 E1246.08735
G1 X-6.115 Y-25.49 Z10.242 E1246.73871
G1 X-4.79 Y-25.772 Z10.25 E1247.37578
G1 X-3.416 Y-25.99 Z10.258 E1248.03002
G1 X-2.053 Y-26.133 Z10.267 E1248.67452
G1 X-.684 Y-26.205 Z10.275 E1249.31921
G1 X0.684 Y-26.205 Z10.283 E1249.96254
G1 X2.053 Y-26.133 Z10.292 E1250.60724
G1 X3.416 Y-25.99 Z10.3 E1251.25173
G1 X4.79 Y-25.772 Z10.308 E1251.90597
G1 X6.115 Y-25.49 Z10.317 E1252.54304
G1 X7.453 Y-25.132 Z10.325 E1253.1944
G1 X8.753 Y-24.709 Z10.333 E1253.8373
G1 X10.028 Y-24.22 Z10.342 E1254.47949
G1 X11.28 Y-23.662 Z10.35 E1255.1241
G1 X12.509 Y-23.037 Z10.358 E1255.7725
G1 X13.696 Y-22.351 Z10.367 E1256.41724
G1 X14.838 Y-21.609 Z10.375 E1257.05769
G1 X15.963 Y-20.792 Z10.383 E1257.71154
G1 X17.022 Y-19.935 Z10.392 E1258.35221
G1 X18.043 Y-19.015 Z10.4 E1258.99853
G1 X19.015 Y-18.043 Z10.408 E1259.64497
G1 X19.935 Y-17.022 Z10.417 E1260.29129
G1 X20.792 Y-15.963 Z10.425 E1260.93195
G1 X21.609 Y-14.838 Z10.433 E1261.5858
G1 X22.351 Y-13.696 Z10.442 E1262.22626
G1 X23.037 Y-12.509 Z10.45 E1262.87099
G1 X23.662 Y-11.28 Z10.458 E1263.5194
G1 X24.22 Y-10.028 Z10.467 E1264.16401
G1 X24.709 Y-8.753 Z10.475 E1264.8062
G1 X25.132 Y-7.453 Z10.483 E1265.4491
G1 X25.49 Y-6.115 Z10.492 E1266.10046
G1 X25.772 Y-4.79 Z10.5 E1266.73753
;TIME_ELAPSED:149.783757
;LAYER:10
;note -- min layer time used
;TYPE:WALL-OUTER
;MESH:ceramic_two_component_reference_like_v3.stl
G1 X25.99 Y-3.416 Z10.508 E1267.39176
G1 X26.133 Y-2.053 Z10.517 E1268.03626
G1 X26.205 Y-.684 Z10.525 E1268.68095
G1 X26.205 Y0.684 Z10.533 E1269.32429
G1 X26.133 Y2.053 Z10.542 E1269.96898
G1 X25.99 Y3.416 Z10.55 E1270.61348
G1 X25.772 Y4.79 Z10.558 E1271.26772
G1 X25.49 Y6.115 Z10.567 E1271.90479
G1 X25.132 Y7.453 Z10.575 E1272.55614
G1 X24.709 Y8.753 Z10.583 E1273.19905
G1 X24.22 Y10.028 Z10.592 E1273.84123
G1 X23.662 Y11.28 Z10.6 E1274.48584
G1 X23.037 Y12.509 Z10.608 E1275.13425
G1 X22.351 Y13.696 Z10.617 E1275.77898
G1 X21.609 Y14.838 Z10.625 E1276.41944
G1 X20.792 Y15.963 Z10.633 E1277.07329
G1 X19.935 Y17.022 Z10.642 E1277.71395
G1 X19.015 Y18.043 Z10.65 E1278.36027
G1 X18.043 Y19.015 Z10.658 E1279.00672
G1 X17.022 Y19.935 Z10.667 E1279.65304
G1 X15.963 Y20.792 Z10.675 E1280.2937
G1 X14.838 Y21.609 Z10.683 E1280.94755
G1 X13.696 Y22.351 Z10.692 E1281.58801
G1 X12.509 Y23.037 Z10.7 E1282.23274
G1 X11.28 Y23.662 Z10.708 E1282.88114
G1 X10.028 Y24.22 Z10.717 E1283.52576
G1 X8.753 Y24.709 Z10.725 E1284.16794
G1 X7.453 Y25.132 Z10.733 E1284.81084
G1 X6.115 Y25.49 Z10.742 E1285.4622
G1 X4.79 Y25.772 Z10.75 E1286.09927
G1 X3.416 Y25.99 Z10.758 E1286.75351
G1 X2.053 Y26.133 Z10.767 E1287.39801
G1 X0.684 Y26.205 Z10.775 E1288.0427
G1 X-.684 Y26.205 Z10.783 E1288.68603
G1 X-2.053 Y26.133 Z10.792 E1289.33073
G1 X-3.416 Y25.99 Z10.8 E1289.97523
G1 X-4.79 Y25.772 Z10.808 E1290.62946
G1 X-6.115 Y25.49 Z10.817 E1291.26653
G1 X-7.453 Y25.132 Z10.825 E1291.91789
G1 X-8.753 Y24.709 Z10.833 E1292.56079
G1 X-10.028 Y24.22 Z10.842 E1293.20298
G1 X-11.28 Y23.662 Z10.85 E1293.84759
G1 X-12.509 Y23.037 Z10.858 E1294.496
G1 X-13.696 Y22.351 Z10.867 E1295.14073
G1 X-14.838 Y21.609 Z10.875 E1295.78118
G1 X-15.963 Y20.792 Z10.883 E1296.43503
G1 X-17.022 Y19.935 Z10.892 E1297.0757
G1 X-18.043 Y19.015 Z10.9 E1297.72202
G1 X-19.015 Y18.043 Z10.908 E1298.36846
G1 X-19.935 Y17.022 Z10.917 E1299.01478
G1 X-20.792 Y15.963 Z10.925 E1299.65545
G1 X-21.609 Y14.838 Z10.933 E1300.3093
G1 X-22.351 Y13.696 Z10.942 E1300.94975
G1 X-23.037 Y12.509 Z10.95 E1301.59448
G1 X-23.662 Y11.28 Z10.958 E1302.24289
G1 X-24.22 Y10.028 Z10.967 E1302.8875
G1 X-24.709 Y8.753 Z10.975 E1303.52969
G1 X-25.132 Y7.453 Z10.983 E1304.17259
G1 X-25.49 Y6.115 Z10.992 E1304.82395
G1 X-25.772 Y4.79 Z11 E1305.46102
G1 X-25.99 Y3.416 Z11.008 E1306.11525
G1 X-26.133 Y2.053 Z11.017 E1306.75975
G1 X-26.205 Y0.684 Z11.025 E1307.40445
G1 X-26.205 Y-.684 Z11.033 E1308.04778
G1 X-26.133 Y-2.053 Z11.042 E1308.69247
G1 X-25.99 Y-3.416 Z11.05 E1309.33697
G1 X-25.772 Y-4.79 Z11.058 E1309.99121
G1 X-25.49 Y-6.115 Z11.067 E1310.62828
G1 X-25.132 Y-7.453 Z11.075 E1311.27963
G1 X-24.709 Y-8.753 Z11.083 E1311.92254
G1 X-24.22 Y-10.028 Z11.092 E1312.56472
G1 X-23.662 Y-11.28 Z11.1 E1313.20933
G1 X-23.037 Y-12.509 Z11.108 E1313.85774
G1 X-22.351 Y-13.696 Z11.117 E1314.50247
G1 X-21.609 Y-14.838 Z11.125 E1315.14293
G1 X-20.792 Y-15.963 Z11.133 E1315.79678
G1 X-19.935 Y-17.022 Z11.142 E1316.43745
G1 X-19.015 Y-18.043 Z11.15 E1317.08376
G1 X-18.043 Y-19.015 Z11.158 E1317.73021
G1 X-17.022 Y-19.935 Z11.167 E1318.37653
G1 X-15.963 Y-20.792 Z11.175 E1319.01719
G1 X-14.838 Y-21.609 Z11.183 E1319.67104
G1 X-13.696 Y-22.351 Z11.192 E1320.3115
G1 X-12.509 Y-23.037 Z11.2 E1320.95623
G1 X-11.28 Y-23.662 Z11.208 E1321.60464
G1 X-10.028 Y-24.22 Z11.217 E1322.24925
G1 X-8.753 Y-24.709 Z11.225 E1322.89143
G1 X-7.453 Y-25.132 Z11.233 E1323.53434
G1 X-6.115 Y-25.49 Z11.242 E1324.1857
G1 X-4.79 Y-25.772 Z11.25 E1324.82276
G1 X-3.416 Y-25.99 Z11.258 E1325.477
G1 X-2.053 Y-26.133 Z11.267 E1326.1215
G1 X-.684 Y-26.205 Z11.275 E1326.76619
G1 X0.684 Y-26.205 Z11.283 E1327.40952
G1 X2.053 Y-26.133 Z11.292 E1328.05422
G1 X3.416 Y-25.99 Z11.3 E1328.69872
G1 X4.79 Y-25.772 Z11.308 E1329.35295
G1 X6.115 Y-25.49 Z11.317 E1329.99002
G1 X7.453 Y-25.132 Z11.325 E1330.64138
G1 X8.753 Y-24.709 Z11.333 E1331.28428
G1 X10.028 Y-24.22 Z11.342 E1331.92647
G1 X11.28 Y-23.662 Z11.35 E1332.57108
G1 X12.509 Y-23.037 Z11.358 E1333.21949
G1 X13.696 Y-22.351 Z11.367 E1333.86422
G1 X14.838 Y-21.609 Z11.375 E1334.50468
G1 X15.963 Y-20.792 Z11.383 E1335.15852
G1 X17.022 Y-19.935 Z11.392 E1335.79919
G1 X18.043 Y-19.015 Z11.4 E1336.44551
G1 X19.015 Y-18.043 Z11.408 E1337.09195
G1 X19.935 Y-17.022 Z11.417 E1337.73827
G1 X20.792 Y-15.963 Z11.425 E1338.37894
G1 X21.609 Y-14.838 Z11.433 E1339.03279
G1 X22.351 Y-13.696 Z11.442 E1339.67325
G1 X23.037 Y-12.509 Z11.45 E1340.31798
G1 X23.662 Y-11.28 Z11.458 E1340.96638
G1 X24.22 Y-10.028 Z11.467 E1341.611
G1 X24.709 Y-8.753 Z11.475 E1342.25318
G1 X25.132 Y-7.453 Z11.483 E1342.89608
G1 X25.49 Y-6.115 Z11.492 E1343.54744
G1 X25.772 Y-4.79 Z11.5 E1344.18451
;TIME_ELAPSED:154.791470
;LAYER:11
;note -- min layer time used
;TYPE:WALL-OUTER
;MESH:ceramic_two_component_reference_like_v3.stl
G1 X25.99 Y-3.416 Z11.508 E1344.83874
G1 X26.133 Y-2.053 Z11.517 E1345.48325
G1 X26.205 Y-.684 Z11.525 E1346.12794
G1 X26.205 Y0.684 Z11.533 E1346.77127
G1 X26.133 Y2.053 Z11.542 E1347.41597
G1 X25.99 Y3.416 Z11.55 E1348.06046
G1 X25.772 Y4.79 Z11.558 E1348.7147
G1 X25.49 Y6.115 Z11.567 E1349.35177
G1 X25.132 Y7.453 Z11.575 E1350.00313
G1 X24.709 Y8.753 Z11.583 E1350.64603
G1 X24.22 Y10.028 Z11.592 E1351.28822
G1 X23.662 Y11.28 Z11.6 E1351.93283
G1 X23.037 Y12.509 Z11.608 E1352.58123
G1 X22.351 Y13.696 Z11.617 E1353.22597
G1 X21.609 Y14.838 Z11.625 E1353.86642
G1 X20.792 Y15.963 Z11.633 E1354.52027
G1 X19.935 Y17.022 Z11.642 E1355.16094
G1 X19.015 Y18.043 Z11.65 E1355.80726
G1 X18.043 Y19.015 Z11.658 E1356.4537
G1 X17.022 Y19.935 Z11.667 E1357.10002
G1 X15.963 Y20.792 Z11.675 E1357.74068
G1 X14.838 Y21.609 Z11.683 E1358.39453
G1 X13.696 Y22.351 Z11.692 E1359.03499
G1 X12.509 Y23.037 Z11.7 E1359.67972
G1 X11.28 Y23.662 Z11.708 E1360.32813
G1 X10.028 Y24.22 Z11.717 E1360.97274
G1 X8.753 Y24.709 Z11.725 E1361.61492
G1 X7.453 Y25.132 Z11.733 E1362.25783
G1 X6.115 Y25.49 Z11.742 E1362.90919
G1 X4.79 Y25.772 Z11.75 E1363.54625
G1 X3.416 Y25.99 Z11.758 E1364.20049
G1 X2.053 Y26.133 Z11.767 E1364.84499
G1 X0.684 Y26.205 Z11.775 E1365.48968
G1 X-.684 Y26.205 Z11.783 E1366.13302
G1 X-2.053 Y26.133 Z11.792 E1366.77771
G1 X-3.416 Y25.99 Z11.8 E1367.42221
G1 X-4.79 Y25.772 Z11.808 E1368.07645
G1 X-6.115 Y25.49 Z11.817 E1368.71352
G1 X-7.453 Y25.132 Z11.825 E1369.36487
G1 X-8.753 Y24.709 Z11.833 E1370.00778
G1 X-10.028 Y24.22 Z11.842 E1370.64996
G1 X-11.28 Y23.662 Z11.85 E1371.29457
G1 X-12.509 Y23.037 Z11.858 E1371.94298
G1 X-13.696 Y22.351 Z11.867 E1372.58771
G1 X-14.838 Y21.609 Z11.875 E1373.22817
G1 X-15.963 Y20.792 Z11.883 E1373.88202
G1 X-17.022 Y19.935 Z11.892 E1374.52268
G1 X-18.043 Y19.015 Z11.9 E1375.169
G1 X-19.015 Y18.043 Z11.908 E1375.81544
G1 X-19.935 Y17.022 Z11.917 E1376.46177
G1 X-20.792 Y15.963 Z11.925 E1377.10243
G1 X-21.609 Y14.838 Z11.933 E1377.75628
G1 X-22.351 Y13.696 Z11.942 E1378.39674
G1 X-23.037 Y12.509 Z11.95 E1379.04147
G1 X-23.662 Y11.28 Z11.958 E1379.68987
G1 X-24.22 Y10.028 Z11.967 E1380.33449
G1 X-24.709 Y8.753 Z11.975 E1380.97667
G1 X-25.132 Y7.453 Z11.983 E1381.61957
G1 X-25.49 Y6.115 Z11.992 E1382.27093
G1 X-25.772 Y4.79 Z12 E1382.908
G1 X-25.99 Y3.416 Z12.008 E1383.56224
G1 X-26.133 Y2.053 Z12.017 E1384.20674
G1 X-26.205 Y0.684 Z12.025 E1384.85143
G1 X-26.205 Y-.684 Z12.033 E1385.49476
G1 X-26.133 Y-2.053 Z12.042 E1386.13946
G1 X-25.99 Y-3.416 Z12.05 E1386.78396
G1 X-25.772 Y-4.79 Z12.058 E1387.43819
G1 X-25.49 Y-6.115 Z12.067 E1388.07526
G1 X-25.132 Y-7.453 Z12.075 E1388.72662
G1 X-24.709 Y-8.753 Z12.083 E1389.36952
G1 X-24.22 Y-10.028 Z12.092 E1390.01171
G1 X-23.662 Y-11.28 Z12.1 E1390.65632
G1 X-23.037 Y-12.509 Z12.108 E1391.30472
G1 X-22.351 Y-13.696 Z12.117 E1391.94946
G1 X-21.609 Y-14.838 Z12.125 E1392.58991
G1 X-20.792 Y-15.963 Z12.133 E1393.24376
G1 X-19.935 Y-17.022 Z12.142 E1393.88443
G1 X-19.015 Y-18.043 Z12.15 E1394.53075
G1 X-18.043 Y-19.015 Z12.158 E1395.17719
G1 X-17.022 Y-19.935 Z12.167 E1395.82351
G1 X-15.963 Y-20.792 Z12.175 E1396.46418
G1 X-14.838 Y-21.609 Z12.183 E1397.11802
G1 X-13.696 Y-22.351 Z12.192 E1397.75848
G1 X-12.509 Y-23.037 Z12.2 E1398.40321
G1 X-11.28 Y-23.662 Z12.208 E1399.05162
G1 X-10.028 Y-24.22 Z12.217 E1399.69623
G1 X-8.753 Y-24.709 Z12.225 E1400.33842
G1 X-7.453 Y-25.132 Z12.233 E1400.98132
G1 X-6.115 Y-25.49 Z12.242 E1401.63268
G1 X-4.79 Y-25.772 Z12.25 E1402.26975
G1 X-3.416 Y-25.99 Z12.258 E1402.92398
G1 X-2.053 Y-26.133 Z12.267 E1403.56848
G1 X-.684 Y-26.205 Z12.275 E1404.21318
G1 X0.684 Y-26.205 Z12.283 E1404.85651
G1 X2.053 Y-26.133 Z12.292 E1405.5012
G1 X3.416 Y-25.99 Z12.3 E1406.1457
G1 X4.79 Y-25.772 Z12.308 E1406.79994
G1 X6.115 Y-25.49 Z12.317 E1407.43701
G1 X7.453 Y-25.132 Z12.325 E1408.08836
G1 X8.753 Y-24.709 Z12.333 E1408.73127
G1 X10.028 Y-24.22 Z12.342 E1409.37345
G1 X11.28 Y-23.662 Z12.35 E1410.01806
G1 X12.509 Y-23.037 Z12.358 E1410.66647
G1 X13.696 Y-22.351 Z12.367 E1411.3112
G1 X14.838 Y-21.609 Z12.375 E1411.95166
G1 X15.963 Y-20.792 Z12.383 E1412.60551
G1 X17.022 Y-19.935 Z12.392 E1413.24617
G1 X18.043 Y-19.015 Z12.4 E1413.89249
G1 X19.015 Y-18.043 Z12.408 E1414.53894
G1 X19.935 Y-17.022 Z12.417 E1415.18526
G1 X20.792 Y-15.963 Z12.425 E1415.82592
G1 X21.609 Y-14.838 Z12.433 E1416.47977
G1 X22.351 Y-13.696 Z12.442 E1417.12023
G1 X23.037 Y-12.509 Z12.45 E1417.76496
G1 X23.662 Y-11.28 Z12.458 E1418.41337
G1 X24.22 Y-10.028 Z12.467 E1419.05798
G1 X24.709 Y-8.753 Z12.475 E1419.70016
G1 X25.132 Y-7.453 Z12.483 E1420.34307
G1 X25.49 Y-6.115 Z12.492 E1420.99443
G1 X25.772 Y-4.79 Z12.5 E1421.63149
;TIME_ELAPSED:159.799183
;LAYER:12
;note -- min layer time used
;TYPE:WALL-OUTER
;MESH:ceramic_two_component_reference_like_v3.stl
G1 X25.99 Y-3.416 Z12.508 E1422.28573
G1 X26.133 Y-2.053 Z12.517 E1422.93023
G1 X26.205 Y-.684 Z12.525 E1423.57492
G1 X26.205 Y0.684 Z12.533 E1424.21825
G1 X26.133 Y2.053 Z12.542 E1424.86295
G1 X25.99 Y3.416 Z12.55 E1425.50745
G1 X25.772 Y4.79 Z12.558 E1426.16168
G1 X25.49 Y6.115 Z12.567 E1426.79875
G1 X25.132 Y7.453 Z12.575 E1427.45011
G1 X24.709 Y8.753 Z12.583 E1428.09301
G1 X24.22 Y10.028 Z12.592 E1428.7352
G1 X23.662 Y11.28 Z12.6 E1429.37981
G1 X23.037 Y12.509 Z12.608 E1430.02822
G1 X22.351 Y13.696 Z12.617 E1430.67295
G1 X21.609 Y14.838 Z12.625 E1431.31341
G1 X20.792 Y15.963 Z12.633 E1431.96725
G1 X19.935 Y17.022 Z12.642 E1432.60792
G1 X19.015 Y18.043 Z12.65 E1433.25424
G1 X18.043 Y19.015 Z12.658 E1433.90068
G1 X17.022 Y19.935 Z12.667 E1434.547
G1 X15.963 Y20.792 Z12.675 E1435.18767
G1 X14.838 Y21.609 Z12.683 E1435.84152
G1 X13.696 Y22.351 Z12.692 E1436.48198
G1 X12.509 Y23.037 Z12.7 E1437.12671
G1 X11.28 Y23.662 Z12.708 E1437.77511
G1 X10.028 Y24.22 Z12.717 E1438.41973
G1 X8.753 Y24.709 Z12.725 E1439.06191
G1 X7.453 Y25.132 Z12.733 E1439.70481
G1 X6.115 Y25.49 Z12.742 E1440.35617
G1 X4.79 Y25.772 Z12.75 E1440.99324
G1 X3.416 Y25.99 Z12.758 E1441.64747
G1 X2.053 Y26.133 Z12.767 E1442.29198
G1 X0.684 Y26.205 Z12.775 E1442.93667
G1 X-.684 Y26.205 Z12.783 E1443.58
G1 X-2.053 Y26.133 Z12.792 E1444.22469
G1 X-3.416 Y25.99 Z12.8 E1444.86919
G1 X-4.79 Y25.772 Z12.808 E1445.52343
G1 X-6.115 Y25.49 Z12.817 E1446.1605
G1 X-7.453 Y25.132 Z12.825 E1446.81186
G1 X-8.753 Y24.709 Z12.833 E1447.45476
G1 X-10.028 Y24.22 Z12.842 E1448.09695
G1 X-11.28 Y23.662 Z12.85 E1448.74156
G1 X-12.509 Y23.037 Z12.858 E1449.38996
G1 X-13.696 Y22.351 Z12.867 E1450.0347
G1 X-14.838 Y21.609 Z12.875 E1450.67515
G1 X-15.963 Y20.792 Z12.883 E1451.329
G1 X-17.022 Y19.935 Z12.892 E1451.96967
G1 X-18.043 Y19.015 Z12.9 E1452.61599
G1 X-19.015 Y18.043 Z12.908 E1453.26243
G1 X-19.935 Y17.022 Z12.917 E1453.90875
G1 X-20.792 Y15.963 Z12.925 E1454.54941
G1 X-21.609 Y14.838 Z12.933 E1455.20326
G1 X-22.351 Y13.696 Z12.942 E1455.84372
G1 X-23.037 Y12.509 Z12.95 E1456.48845
G1 X-23.662 Y11.28 Z12.958 E1457.13686
G1 X-24.22 Y10.028 Z12.967 E1457.78147
G1 X-24.709 Y8.753 Z12.975 E1458.42365
G1 X-25.132 Y7.453 Z12.983 E1459.06656
G1 X-25.49 Y6.115 Z12.992 E1459.71792
G1 X-25.772 Y4.79 Z13 E1460.35498
G1 X-25.99 Y3.416 Z13.008 E1461.00922
G1 X-26.133 Y2.053 Z13.017 E1461.65372
G1 X-26.205 Y0.684 Z13.025 E1462.29841
G1 X-26.205 Y-.684 Z13.033 E1462.94175
G1 X-26.133 Y-2.053 Z13.042 E1463.58644
G1 X-25.99 Y-3.416 Z13.05 E1464.23094
G1 X-25.772 Y-4.79 Z13.058 E1464.88518
G1 X-25.49 Y-6.115 Z13.067 E1465.52224
G1 X-25.132 Y-7.453 Z13.075 E1466.1736
G1 X-24.709 Y-8.753 Z13.083 E1466.81651
G1 X-24.22 Y-10.028 Z13.092 E1467.45869
G1 X-23.662 Y-11.28 Z13.1 E1468.1033
G1 X-23.037 Y-12.509 Z13.108 E1468.75171
G1 X-22.351 Y-13.696 Z13.117 E1469.39644
G1 X-21.609 Y-14.838 Z13.125 E1470.0369
G1 X-20.792 Y-15.963 Z13.133 E1470.69075
G1 X-19.935 Y-17.022 Z13.142 E1471.33141
G1 X-19.015 Y-18.043 Z13.15 E1471.97773
G1 X-18.043 Y-19.015 Z13.158 E1472.62417
G1 X-17.022 Y-19.935 Z13.167 E1473.2705
G1 X-15.963 Y-20.792 Z13.175 E1473.91116
G1 X-14.838 Y-21.609 Z13.183 E1474.56501
G1 X-13.696 Y-22.351 Z13.192 E1475.20547
G1 X-12.509 Y-23.037 Z13.2 E1475.8502
G1 X-11.28 Y-23.662 Z13.208 E1476.4986
G1 X-10.028 Y-24.22 Z13.217 E1477.14322
G1 X-8.753 Y-24.709 Z13.225 E1477.7854
G1 X-7.453 Y-25.132 Z13.233 E1478.4283
G1 X-6.115 Y-25.49 Z13.242 E1479.07966
G1 X-4.79 Y-25.772 Z13.25 E1479.71673
G1 X-3.416 Y-25.99 Z13.258 E1480.37097
G1 X-2.053 Y-26.133 Z13.267 E1481.01547
G1 X-.684 Y-26.205 Z13.275 E1481.66016
G1 X0.684 Y-26.205 Z13.283 E1482.30349
G1 X2.053 Y-26.133 Z13.292 E1482.94819
G1 X3.416 Y-25.99 Z13.3 E1483.59269
G1 X4.79 Y-25.772 Z13.308 E1484.24692
G1 X6.115 Y-25.49 Z13.317 E1484.88399
G1 X7.453 Y-25.132 Z13.325 E1485.53535
G1 X8.753 Y-24.709 Z13.333 E1486.17825
G1 X10.028 Y-24.22 Z13.342 E1486.82044
G1 X11.28 Y-23.662 Z13.35 E1487.46505
G1 X12.509 Y-23.037 Z13.358 E1488.11345
G1 X13.696 Y-22.351 Z13.367 E1488.75819
G1 X14.838 Y-21.609 Z13.375 E1489.39864
G1 X15.963 Y-20.792 Z13.383 E1490.05249
G1 X17.022 Y-19.935 Z13.392 E1490.69316
G1 X18.043 Y-19.015 Z13.4 E1491.33948
G1 X19.015 Y-18.043 Z13.408 E1491.98592
G1 X19.935 Y-17.022 Z13.417 E1492.63224
G1 X20.792 Y-15.963 Z13.425 E1493.27291
G1 X21.609 Y-14.838 Z13.433 E1493.92675
G1 X22.351 Y-13.696 Z13.442 E1494.56721
G1 X23.037 Y-12.509 Z13.45 E1495.21194
G1 X23.662 Y-11.28 Z13.458 E1495.86035
G1 X24.22 Y-10.028 Z13.467 E1496.50496
G1 X24.709 Y-8.753 Z13.475 E1497.14715
G1 X25.132 Y-7.453 Z13.483 E1497.79005
G1 X25.49 Y-6.115 Z13.492 E1498.44141
G1 X25.772 Y-4.79 Z13.5 E1499.07848
;TIME_ELAPSED:164.806896
;LAYER:13
;note -- min layer time used
;TYPE:WALL-OUTER
;MESH:ceramic_two_component_reference_like_v3.stl
G1 F1700.3 X16.647 Y-2.563 Z13.566 E1503.49569
G1 X16.443 Y-1.214 Z13.576 E1504.13731
G1 X17.043 Y-.18 Z13.584 E1504.69951
G1 X18.013 Y0.67 Z13.593 E1505.30604
G1 X18.257 Y0.941 Z13.596 E1505.47753
G1 X18.176 Y1.528 Z13.6 E1505.75619
G1 X18.156 Y2.232 Z13.605 E1506.0874
G1 X17.985 Y2.376 Z13.607 E1506.19254
G1 X16.99 Y2.98 Z13.615 E1506.73993
G1 X16.2 Y3.675 Z13.622 E1507.23475
G1 X15.868 Y4.916 Z13.631 E1507.83888
G1 X16.203 Y5.912 Z13.639 E1508.33307
G1 X16.763 Y6.932 Z13.647 E1508.88028
G1 X16.84 Y7.145 Z13.649 E1508.9868
G1 X16.505 Y7.767 Z13.654 E1509.31904
G1 X16.283 Y8.314 Z13.658 E1509.59666
G1 X15.942 Y8.423 Z13.66 E1509.76501
G1 X14.667 Y8.678 Z13.67 E1510.37649
G1 X13.633 Y9.275 Z13.678 E1510.93798
G1 X13.171 Y10.449 Z13.687 E1511.5313
G1 X13.242 Y11.345 Z13.693 E1511.95399
G1 X13.396 Y12.462 Z13.701 E1512.48425
G1 X12.733 Y13.072 Z13.708 E1512.90794
G1 X12.461 Y13.396 Z13.711 E1513.10688
G1 X10.54 Y13.135 Z13.724 E1514.01858
G1 X9.274 Y13.633 Z13.734 E1514.65836
G1 X8.678 Y14.667 Z13.742 E1515.21962
G1 X8.423 Y15.942 Z13.751 E1515.83109
G1 X8.314 Y16.283 Z13.754 E1515.99945
G1 X7.767 Y16.505 Z13.758 E1516.27707
G1 X7.145 Y16.84 Z13.763 E1516.60931
G1 X6.932 Y16.763 Z13.765 E1516.71582
G1 X5.912 Y16.203 Z13.773 E1517.26304
G1 X4.916 Y15.868 Z13.78 E1517.75722
G1 X3.675 Y16.2 Z13.789 E1518.36136
G1 X2.98 Y16.99 Z13.797 E1518.85618
G1 X2.376 Y17.985 Z13.805 E1519.40357
G1 X2.232 Y18.156 Z13.807 E1519.50871
G1 X1.528 Y18.176 Z13.812 E1519.83991
G1 X0.941 Y18.257 Z13.816 E1520.11858
G1 X0.67 Y18.013 Z13.818 E1520.29007
G1 X-.18 Y17.043 Z13.827 E1520.8966
G1 X-1.215 Y16.442 Z13.836 E1521.45944
G1 X-2.462 Y16.633 Z13.845 E1522.05272
G1 X-3.203 Y17.14 Z13.851 E1522.47495
G1 X-4.095 Y17.831 Z13.859 E1523.00558
G1 X-4.49 Y17.687 Z13.862 E1523.2033
G1 X-5.372 Y17.488 Z13.868 E1523.62851
G1 X-6.104 Y15.698 Z13.882 E1524.53797
G1 X-7.169 Y14.848 Z13.892 E1525.17878
G1 X-8.364 Y14.851 Z13.9 E1525.74075
G1 X-9.594 Y15.266 Z13.909 E1526.35123
G1 X-9.945 Y15.341 Z13.912 E1526.52002
G1 X-10.411 Y14.979 Z13.916 E1526.79753
G1 X-11.011 Y14.608 Z13.921 E1527.12928
G1 X-11.05 Y14.388 Z13.923 E1527.23435
G1 X-11.075 Y13.221 Z13.931 E1527.78329
G1 X-11.283 Y12.191 Z13.938 E1528.27745
G1 X-12.191 Y11.283 Z13.947 E1528.88133
G1 X-13.221 Y11.075 Z13.955 E1529.3755
G1 X-14.388 Y11.05 Z13.963 E1529.92443
G1 X-14.608 Y11.011 Z13.965 E1530.02951
G1 X-14.979 Y10.411 Z13.969 E1530.36126
G1 X-15.341 Y9.945 Z13.974 E1530.63876
G1 X-15.266 Y9.594 Z13.976 E1530.80755
G1 X-14.851 Y8.364 Z13.985 E1531.41803
G1 X-14.848 Y7.17 Z13.994 E1531.97954
G1 X-15.635 Y6.182 Z14.003 E1532.57356
G1 X-16.446 Y5.795 Z14.009 E1532.99615
G1 X-17.488 Y5.371 Z14.017 E1533.5252
G1 X-17.687 Y4.49 Z14.023 E1533.94995
G1 X-17.832 Y4.094 Z14.026 E1534.14827
G1 X-16.647 Y2.563 Z14.04 E1535.05873
G1 X-16.443 Y1.214 Z14.05 E1535.70035
G1 X-17.043 Y0.18 Z14.058 E1536.26255
G1 X-18.013 Y-.67 Z14.067 E1536.86908
G1 X-18.257 Y-.941 Z14.07 E1537.04057
G1 X-18.176 Y-1.528 Z14.074 E1537.31924
G1 X-18.156 Y-2.232 Z14.079 E1537.65044
G1 X-17.985 Y-2.376 Z14.08 E1537.75557
G1 X-16.99 Y-2.98 Z14.089 E1538.30297
G1 X-16.2 Y-3.675 Z14.096 E1538.79779
G1 X-15.868 Y-4.916 Z14.105 E1539.40193
G1 X-16.203 Y-5.912 Z14.113 E1539.89611
G1 X-16.763 Y-6.932 Z14.121 E1540.44333
G1 X-16.84 Y-7.145 Z14.122 E1540.54984
G1 X-16.505 Y-7.767 Z14.127 E1540.88208
G1 X-16.283 Y-8.314 Z14.132 E1541.1597
G1 X-15.942 Y-8.423 Z14.134 E1541.32805
G1 X-14.667 Y-8.678 Z14.143 E1541.93953
G1 X-13.633 Y-9.275 Z14.152 E1542.50103
G1 X-13.171 Y-10.449 Z14.161 E1543.09434
G1 X-13.242 Y-11.345 Z14.167 E1543.51703
G1 X-13.396 Y-12.462 Z14.175 E1544.0473
G1 X-12.733 Y-13.072 Z14.181 E1544.47098
G1 X-12.461 Y-13.396 Z14.184 E1544.66992
G1 X-10.54 Y-13.135 Z14.198 E1545.58162
G1 X-9.274 Y-13.633 Z14.208 E1546.2214
G1 X-8.678 Y-14.667 Z14.216 E1546.78266
G1 X-8.423 Y-15.942 Z14.225 E1547.39413
G1 X-8.314 Y-16.283 Z14.228 E1547.56249
G1 X-7.767 Y-16.505 Z14.232 E1547.84011
G1 X-7.145 Y-16.84 Z14.237 E1548.17235
G1 X-6.932 Y-16.763 Z14.238 E1548.27886
G1 X-5.912 Y-16.203 Z14.247 E1548.82608
G1 X-4.916 Y-15.868 Z14.254 E1549.32026
G1 X-3.675 Y-16.2 Z14.263 E1549.9244
G1 X-2.98 Y-16.99 Z14.271 E1550.41922
G1 X-2.376 Y-17.985 Z14.279 E1550.96661
G1 X-2.232 Y-18.156 Z14.28 E1551.07174
G1 X-1.528 Y-18.176 Z14.285 E1551.40295
G1 X-.941 Y-18.257 Z14.289 E1551.68162
G1 X-.67 Y-18.013 Z14.292 E1551.85311
G1 X0.18 Y-17.043 Z14.301 E1552.45964
G1 X1.215 Y-16.442 Z14.31 E1553.02248
G1 X2.462 Y-16.633 Z14.318 E1553.61575
G1 X3.203 Y-17.14 Z14.325 E1554.03799
G1 X4.095 Y-17.831 Z14.333 E1554.56862
G1 X4.49 Y-17.687 Z14.336 E1554.76634
G1 X5.372 Y-17.488 Z14.342 E1555.19155
G1 X6.104 Y-15.698 Z14.356 E1556.10101
G1 X7.169 Y-14.848 Z14.365 E1556.74181
G1 X8.364 Y-14.851 Z14.374 E1557.3038
G1 X9.594 Y-15.266 Z14.383 E1557.91427
G1 X9.945 Y-15.341 Z14.386 E1558.08307
G1 X10.411 Y-14.979 Z14.39 E1558.36057
G1 X11.011 Y-14.608 Z14.395 E1558.69232
G1 X11.05 Y-14.388 Z14.396 E1558.79739
G1 X11.075 Y-13.221 Z14.404 E1559.34633
G1 X11.283 Y-12.191 Z14.412 E1559.84049
G1 X12.191 Y-11.283 Z14.421 E1560.44437
G1 X13.221 Y-11.075 Z14.428 E1560.93854
G1 X14.388 Y-11.05 Z14.437 E1561.48748
G1 X14.608 Y-11.011 Z14.438 E1561.59255
G1 X14.979 Y-10.411 Z14.443 E1561.9243
G1 X15.341 Y-9.945 Z14.447 E1562.2018
G1 X15.266 Y-9.594 Z14.45 E1562.37059
G1 X14.851 Y-8.364 Z14.459 E1562.98107
G1 X14.848 Y-7.17 Z14.467 E1563.54258
G1 X15.635 Y-6.182 Z14.476 E1564.1366
G1 X16.446 Y-5.795 Z14.483 E1564.5592
G1 X17.488 Y-5.371 Z14.491 E1565.08824
G1 X17.687 Y-4.49 Z14.497 E1565.51299
G1 X17.832 Y-4.094 Z14.5 E1565.71131
;TIME_ELAPSED:169.823299
;LAYER:14
;note -- min layer time used
;TYPE:WALL-OUTER
;MESH:ceramic_two_component_reference_like_v3.stl
G1 F1752.6 X17.368 Y-3.495 Z14.505 E1566.06763
G1 X16.692 Y-2.623 Z14.513 E1566.58651
G1 X16.437 Y-1.212 Z14.523 E1567.26081
G1 X17.224 Y-0.019 Z14.532 E1567.93293
G92 E0
G1 X18.272 Y0.937 Z14.542 E0.6671
G1 X18.281 Y1.001 Z14.543 E0.6975
G1 X18.207 Y1.561 Z14.546 E0.96314
G1 X18.194 Y2.183 Z14.551 E1.25572
G1 X18.183 Y2.236 E1.28117
G1 X17.244 Y2.826 Z14.559 E1.8027
G1 X16.238 Y3.621 Z14.567 E2.40568
G1 X15.87 Y4.981 Z14.577 E3.06826
G1 X16.345 Y6.171 Z14.586 E3.67082
G1 X16.887 Y7.163 Z14.594 E4.20243
G1 X16.877 Y7.223 E4.23103
G1 X16.554 Y7.83 Z14.599 E4.55439
G1 X16.373 Y8.29 Z14.602 E4.78686
G1 X16.311 Y8.342 Z14.603 E4.82492
G1 X14.905 Y8.622 Z14.612 E5.4991
G1 X13.609 Y9.248 Z14.622 E6.17596
G1 X13.164 Y10.621 Z14.632 E6.85471
G1 X13.302 Y11.708 Z14.64 E7.37
G1 X13.433 Y12.456 Z14.645 E7.72712
G1 X13.417 Y12.587 Z14.646 E7.78919
G1 X13.251 Y12.735 Z14.647 E7.89377
G1 X12.712 Y13.263 Z14.652 E8.24861
G1 X12.572 Y13.437 Z14.654 E8.35363
G1 X12.449 Y13.436 Z14.655 E8.41148
G1 X11.708 Y13.305 Z14.66 E8.76536
G1 X10.62 Y13.128 Z14.668 E9.28374
G1 X9.234 Y13.598 Z14.678 E9.972
G1 X8.617 Y14.903 Z14.687 E10.65084
G1 X8.367 Y16.336 Z14.697 E11.33493
G1 X8.318 Y16.439 Z14.698 E11.38857
G1 X7.858 Y16.62 Z14.702 E11.62104
G1 X7.263 Y16.949 Z14.706 E11.94078
G1 X7.185 Y16.944 Z14.707 E11.97754
G1 X6.172 Y16.345 Z14.715 E12.53098
G1 X4.993 Y15.838 Z14.724 E13.13453
G1 X3.592 Y16.211 Z14.734 E13.81633
G1 X2.826 Y17.242 Z14.742 E14.42036
G1 X2.253 Y18.289 Z14.75 E14.98165
G1 X2.188 Y18.343 Z14.751 E15.02139
G1 X1.513 Y18.358 Z14.756 E15.33891
G1 X1.024 Y18.437 Z14.759 E15.57185
G1 X0.917 Y18.354 Z14.76 E15.63554
G1 X-0.005 Y17.213 Z14.77 E16.32541
G1 X-1.187 Y16.363 Z14.78 E17.01008
G1 X-2.628 Y16.693 Z14.79 E17.70529
G1 X-3.483 Y17.382 Z14.798 E18.22168
G1 X-4.045 Y17.892 Z14.803 E18.57858
G1 X-4.205 Y18.026 Z14.804 E18.67672
G1 X-4.414 Y17.945 Z14.806 E18.78213
G1 X-5.131 Y17.762 Z14.811 E19.13013
G1 X-5.35 Y17.724 Z14.812 E19.23466
G1 X-5.448 Y17.519 Z14.814 E19.34152
G1 X-5.677 Y16.798 Z14.819 E19.69728
G1 X-6.041 Y15.756 Z14.827 E20.21634
G1 X-7.15 Y14.75 Z14.837 E20.92049
G1 X-8.602 Y14.904 Z14.847 E21.60715
G1 X-9.985 Y15.473 Z14.857 E22.31044
G1 X-10.149 Y15.514 Z14.858 E22.38994
G1 X-10.57 Y15.176 Z14.862 E22.64384
G1 X-11.109 Y14.863 Z14.866 E22.93695
G1 X-11.134 Y14.762 Z14.867 E22.98589
G1 X-11.067 Y13.52 Z14.876 E23.57082
G1 X-11.182 Y12.234 Z14.884 E24.178
G1 X-12.233 Y11.181 Z14.895 E24.87766
G1 X-13.519 Y11.067 Z14.903 E25.4848
G1 X-14.78 Y11.149 Z14.912 E26.07907
G1 X-14.891 Y11.128 Z14.913 E26.1322
G1 X-15.207 Y10.59 Z14.917 E26.42562
G1 X-15.547 Y10.176 Z14.921 E26.67756
G1 X-15.497 Y9.992 Z14.922 E26.76722
G1 X-14.898 Y8.605 Z14.932 E27.47772
G1 X-14.72 Y7.145 Z14.942 E28.16941
G1 X-15.762 Y6.046 Z14.953 E28.88162
G1 X-16.8 Y5.685 Z14.96 E29.39844
G1 X-17.533 Y5.483 Z14.966 E29.75601
G1 X-17.829 Y5.374 Z14.968 E29.90435
G1 X-17.865 Y5.155 Z14.969 E30.00872
G1 X-18.052 Y4.453 Z14.974 E30.35036
G1 X-18.138 Y4.246 Z14.976 E30.45578
G1 X-17.929 Y4.018 Z14.978 E30.60123
G1 X-17.393 Y3.475 Z14.983 E30.96004
G1 X-16.651 Y2.654 Z14.991 E31.48046
G1 X-16.304 Y1.166 Z15.001 E32.199
G1 X-17.201 Y-0.007 Z15.011 E32.89344
G1 X-18.448 Y-.894 Z15.022 E33.6131
G1 X-18.624 Y-1.049 Z15.023 E33.72339
G1 X-18.537 Y-1.57 Z15.027 E33.97179
G1 X-18.542 Y-2.193 Z15.031 E34.26478
G1 X-18.434 Y-2.275 Z15.032 E34.32856
G1 X-17.242 Y-2.824 Z15.041 E34.94572
G1 X-16.164 Y-3.538 Z15.05 E35.55379
G1 X-15.766 Y-5.016 Z15.06 E36.27362
G1 X-16.343 Y-6.173 Z15.069 E36.88163
G1 X-17.124 Y-7.255 Z15.078 E37.50918
G1 X-17.185 Y-7.389 Z15.079 E37.57842
G1 X-16.859 Y-7.954 Z15.084 E37.88518
G1 X-16.693 Y-8.42 Z15.087 E38.11782
G1 X-16.439 Y-8.468 Z15.089 E38.23938
G1 X-14.898 Y-8.587 Z15.1 E38.96624
G1 X-13.517 Y-9.142 Z15.11 E39.66617
G1 X-13.094 Y-10.627 Z15.12 E40.3923
G1 X-13.334 Y-11.704 Z15.128 E40.91122
G1 X-13.554 Y-12.435 Z15.133 E41.27022
G1 X-13.647 Y-12.838 Z15.136 E41.46472
G1 X-13.472 Y-12.975 Z15.138 E41.56924
G1 X-12.967 Y-13.478 Z15.142 E41.90443
G1 X-12.834 Y-13.657 Z15.144 E42.00931
G1 X-12.432 Y-13.557 Z15.147 E42.20412
G1 X-11.704 Y-13.336 Z15.152 E42.56191
G1 X-10.627 Y-13.076 Z15.16 E43.08294
G1 X-9.129 Y-13.506 Z15.17 E43.81586
G1 X-8.581 Y-14.896 Z15.181 E44.51851
G1 X-8.493 Y-16.464 Z15.191 E45.25706
G1 X-8.448 Y-16.76 Z15.193 E45.39786
G1 X-7.982 Y-16.926 Z15.197 E45.6305
G1 X-7.429 Y-17.257 Z15.201 E45.93359
G1 X-7.277 Y-17.181 Z15.202 E46.01351
G1 X-6.173 Y-16.343 Z15.212 E46.66532
G1 X-5.028 Y-15.733 Z15.221 E47.27543
G1 X-3.508 Y-16.137 Z15.231 E48.01507
G1 X-2.824 Y-17.241 Z15.24 E48.62582
G1 X-2.292 Y-18.541 Z15.25 E49.28639
G1 X-2.198 Y-18.692 Z15.251 E49.37004
G1 X-1.558 Y-18.686 Z15.256 E49.67103
G1 X-1.071 Y-18.781 Z15.259 E49.90437
G1 X-.874 Y-18.531 Z15.261 E50.05405
G1 X-0.021 Y-17.189 Z15.272 E50.80186
G1 X1.141 Y-16.231 Z15.282 E51.51009
G1 X2.669 Y-16.634 Z15.293 E52.25324
G1 X3.463 Y-17.407 Z15.301 E52.77437
G1 X3.969 Y-17.99 Z15.306 E53.13741
G1 X4.322 Y-18.348 Z15.309 E53.37384
G1 X4.529 Y-18.258 Z15.311 E53.47999
G1 X5.203 Y-18.081 Z15.316 E53.80771
G1 X5.425 Y-18.057 Z15.317 E53.91272
G1 X5.562 Y-17.565 Z15.321 E54.1529
G1 X5.707 Y-16.81 Z15.326 E54.51444
G1 X5.993 Y-15.736 Z15.334 E55.03712
G1 X7.124 Y-14.612 Z15.345 E55.78699
G1 X8.614 Y-14.87 Z15.355 E56.49812
G1 X10.038 Y-15.648 Z15.366 E57.26123
G1 X10.362 Y-15.787 Z15.368 E57.42702
G1 X10.744 Y-15.456 Z15.372 E57.66473
G1 X11.293 Y-15.16 Z15.376 E57.95804
G1 X11.294 Y-14.962 Z15.378 E58.05116
G1 X11.065 Y-13.519 Z15.388 E58.73826
G1 X11.074 Y-12.212 Z15.396 E59.35292
G1 X12.212 Y-11.072 Z15.408 E60.11044
G1 X13.519 Y-11.065 Z15.416 E60.72509
G1 X14.98 Y-11.308 Z15.427 E61.42161
G1 X15.189 Y-11.311 Z15.428 E61.5199
G1 X15.488 Y-10.763 Z15.432 E61.81348
G1 X15.821 Y-10.389 Z15.436 E62.04898
G1 X15.672 Y-10.045 Z15.438 E62.22527
G1 X14.864 Y-8.616 Z15.45 E62.99729
G1 X14.582 Y-7.118 Z15.46 E63.71413
G1 X15.732 Y-5.981 Z15.471 E64.47465
G1 X16.813 Y-5.716 Z15.479 E64.99807
G1 X17.58 Y-5.597 Z15.484 E65.36309
G1 X18.163 Y-5.449 Z15.488 E65.64595
G1 X18.185 Y-5.227 Z15.49 E65.75087
G1 X18.365 Y-4.568 Z15.494 E66.07213
G1 X18.46 Y-4.363 Z15.496 E66.17839
G1 X18.026 Y-3.942 Z15.5 E66.46274
;TIME_ELAPSED:174.864120
;LAYER:15
;note -- min layer time used
;TYPE:WALL-OUTER
;MESH:ceramic_two_component_reference_like_v3.stl
G1 F2067.1 X17.605 Y-3.606 Z15.503 E66.71604
G1 X16.681 Y-2.754 Z15.51 E67.30711
G1 X16.171 Y-1.121 Z15.52 E68.11164
G1 X17.306 Y0.106 Z15.53 E68.89768
G1 X18.944 Y1.086 Z15.541 E69.79532
G1 X18.964 Y1.096 E69.80584
G1 X18.892 Y1.452 Z15.543 E69.97665
G1 X18.887 Y2.203 Z15.548 E70.32983
G1 X18.876 Y2.208 E70.33551
G1 X17.421 Y2.758 Z15.557 E71.06701
G1 X16.093 Y3.455 Z15.566 E71.77232
G1 X15.664 Y5.053 Z15.575 E72.55043
G1 X16.471 Y6.328 Z15.584 E73.26004
G1 X17.46 Y7.519 Z15.593 E73.98806
G1 X17.487 Y7.551 E74.00775
G1 X17.121 Y8.199 Z15.597 E74.35773
G1 X17.009 Y8.548 Z15.6 E74.53011
G1 X16.955 Y8.548 E74.5555
G1 X15.076 Y8.554 Z15.611 E75.43915
G1 X13.422 Y9.037 Z15.621 E76.24946
G1 X13.055 Y10.728 Z15.631 E77.06321
G1 X13.45 Y11.924 Z15.638 E77.65553
G1 X13.778 Y12.808 Z15.644 E78.09895
G1 X13.874 Y13.085 Z15.645 E78.23681
G1 X13.833 Y13.111 Z15.646 E78.25965
G1 X13.114 Y13.834 Z15.652 E78.73916
G1 X13.087 Y13.876 E78.76264
G1 X12.808 Y13.781 Z15.654 E78.90125
G1 X11.925 Y13.451 Z15.659 E79.34455
G1 X10.73 Y13.051 Z15.666 E79.93717
G1 X9.024 Y13.409 Z15.676 E80.75692
G1 X8.549 Y15.039 Z15.686 E81.55535
G1 X8.571 Y16.963 Z15.697 E82.46021
G1 X8.574 Y17.074 Z15.698 E82.51243
G1 X8.222 Y17.186 Z15.7 E82.68615
G1 X7.586 Y17.554 Z15.705 E83.0317
G1 X7.542 Y17.519 E83.05814
G1 X6.322 Y16.464 Z15.714 E83.81664
G1 X5.067 Y15.637 Z15.723 E84.52345
G1 X3.426 Y16.073 Z15.733 E85.32194
G1 X2.753 Y17.428 Z15.742 E86.03343
G1 X2.249 Y18.925 Z15.751 E86.77625
G1 X2.209 Y19.026 E86.82734
G1 X1.481 Y19.029 Z15.756 E87.1697
G1 X1.118 Y19.113 Z15.758 E87.34492
G1 X1.049 Y18.99 Z15.759 E87.41125
G1 X0.142 Y17.335 Z15.77 E88.29876
G1 X-1.1 Y16.091 Z15.78 E89.12544
G1 X-2.777 Y16.657 Z15.79 E89.95779
G1 X-3.597 Y17.611 Z15.797 E90.54938
G1 X-4.183 Y18.361 Z15.803 E90.99698
G1 X-4.426 Y18.66 Z15.805 E91.17817
G1 X-4.485 Y18.63 E91.2093
G1 X-5.433 Y18.379 Z15.811 E91.67048
G1 X-5.497 Y18.377 Z15.812 E91.70059
G1 X-5.559 Y17.996 Z15.814 E91.88212
G1 X-5.692 Y17.053 Z15.819 E92.32998
G1 X-5.917 Y15.815 Z15.827 E92.92171
G1 X-7.088 Y14.469 Z15.837 E93.76072
G1 X-8.752 Y14.916 Z15.847 E94.57099
G1 X-10.399 Y15.946 Z15.858 E95.48452
G1 X-10.568 Y16.049 Z15.859 E95.57759
G1 X-10.841 Y15.791 Z15.862 E95.75424
G1 X-11.468 Y15.437 Z15.866 E96.09285
G1 X-11.454 Y15.34 E96.13894
G1 X-11.096 Y13.706 Z15.876 E96.92559
G1 X-10.975 Y12.204 Z15.885 E97.63423
G1 X-12.204 Y10.973 Z15.895 E98.45226
G1 X-13.706 Y11.095 Z15.904 E99.16093
G1 X-15.353 Y11.468 Z15.913 E99.95508
G1 X-15.464 Y11.485 Z15.914 E100.00789
G1 X-15.817 Y10.866 Z15.918 E100.343
G1 X-16.08 Y10.593 Z15.92 E100.52127
G1 X-15.964 Y10.4 Z15.922 E100.62716
G1 X-14.929 Y8.789 Z15.933 E101.52765
G1 X-14.437 Y7.079 Z15.943 E102.36444
G1 X-15.811 Y5.904 Z15.954 E103.21464
G1 X-17.053 Y5.698 Z15.961 E103.8067
G1 X-18.003 Y5.588 Z15.967 E104.25644
G1 X-18.478 Y5.52 Z15.969 E104.4821
G1 X-18.48 Y5.443 Z15.97 E104.51832
G1 X-18.728 Y4.53 Z15.975 E104.96324
G1 X-18.767 Y4.46 Z15.976 E105.00092
G1 X-18.384 Y4.158 Z15.979 E105.2303
G1 X-17.616 Y3.592 Z15.984 E105.67895
G1 X-16.642 Y2.794 Z15.991 E106.2711
G1 X-16.024 Y1.083 Z16.002 E107.12661
G1 X-17.293 Y-.13 Z16.012 E107.95216
G1 X-19.043 Y-1.008 Z16.024 E108.87291
G1 X-19.292 Y-1.144 Z16.025 E109.00634
G1 X-19.199 Y-1.515 Z16.027 E109.18621
G1 X-19.209 Y-2.217 Z16.031 E109.51637
G1 X-19.079 Y-2.269 Z16.032 E109.58222
G1 X-17.419 Y-2.755 Z16.042 E110.39564
G1 X-16.038 Y-3.374 Z16.051 E111.10734
G1 X-15.577 Y-5.098 Z16.061 E111.94657
G1 X-16.468 Y-6.331 Z16.07 E112.66197
G1 X-17.617 Y-7.506 Z16.08 E113.43482
G1 X-17.773 Y-7.7 Z16.081 E113.55189
G1 X-17.419 Y-8.299 Z16.085 E113.8791
G1 X-17.317 Y-8.67 Z16.088 E114.06005
G1 X-17 Y-8.665 Z16.089 E114.20914
G1 X-15.076 Y-8.523 Z16.101 E115.1164
G1 X-13.314 Y-8.931 Z16.111 E115.96695
G1 X-13 Y-10.744 Z16.122 E116.83224
G1 X-13.466 Y-11.918 Z16.129 E117.42624
G1 X-13.869 Y-12.783 Z16.135 E117.87501
G1 X-14.093 Y-13.323 Z16.138 E118.14994
G1 X-14.015 Y-13.37 Z16.139 E118.19277
G1 X-13.372 Y-14.017 Z16.144 E118.62174
G1 X-13.326 Y-14.096 E118.66473
G1 X-12.782 Y-13.872 Z16.148 E118.94139
G1 X-11.918 Y-13.467 Z16.153 E119.39013
G1 X-10.746 Y-12.996 Z16.161 E119.98414
G1 X-8.918 Y-13.302 Z16.171 E120.85575
G1 X-8.522 Y-15.04 Z16.182 E121.69403
G1 X-8.687 Y-17.006 Z16.193 E122.62184
G1 X-8.696 Y-17.382 Z16.195 E122.79871
G1 X-8.321 Y-17.484 Z16.198 E122.98147
G1 X-7.735 Y-17.84 Z16.202 E123.30392
G1 X-7.59 Y-17.725 Z16.203 E123.39095
G1 X-6.324 Y-16.461 Z16.213 E124.23226
G1 X-5.112 Y-15.55 Z16.222 E124.94528
G1 X-3.345 Y-16.019 Z16.233 E125.80503
G1 X-2.75 Y-17.427 Z16.241 E126.52386
G1 X-2.338 Y-19.058 Z16.251 E127.31497
G1 X-2.223 Y-19.349 Z16.253 E127.46212
G1 X-1.544 Y-19.336 Z16.257 E127.78149
G1 X-1.166 Y-19.441 Z16.259 E127.96598
G1 X-.971 Y-19.088 Z16.262 E128.15564
G1 X-.169 Y-17.319 Z16.273 E129.06905
G1 X1.063 Y-15.944 Z16.284 E129.93726
G1 X2.818 Y-16.619 Z16.294 E130.82153
G1 X3.583 Y-17.623 Z16.302 E131.41513
G1 X4.115 Y-18.427 Z16.307 E131.8685
G1 X4.524 Y-18.969 Z16.311 E132.18782
G1 X4.617 Y-18.916 Z16.312 E132.23816
G1 X5.463 Y-18.693 Z16.317 E132.6496
G1 X5.568 Y-18.693 Z16.318 E132.69898
G1 X5.652 Y-18.019 Z16.322 E133.01839
G1 X5.71 Y-17.055 Z16.327 E133.47255
G1 X5.862 Y-15.801 Z16.335 E134.06659
G1 X7.048 Y-14.323 Z16.346 E134.95776
G1 X8.766 Y-14.893 Z16.356 E135.809
G1 X10.38 Y-16.069 Z16.368 E136.74813
G1 X10.773 Y-16.307 Z16.37 E136.96419
G1 X11.05 Y-16.025 Z16.373 E137.15009
G1 X11.641 Y-15.709 Z16.376 E137.46525
G1 X11.608 Y-15.485 Z16.378 E137.57173
G1 X11.093 Y-13.707 Z16.389 E138.44224
G1 X10.878 Y-12.199 Z16.397 E139.15858
G1 X12.199 Y-10.877 Z16.408 E140.03747
G1 X13.707 Y-11.092 Z16.417 E140.75381
G1 X15.499 Y-11.622 Z16.428 E141.63262
G1 X15.736 Y-11.658 Z16.429 E141.74535
G1 X16.051 Y-11.074 Z16.433 E142.05739
G1 X16.339 Y-10.798 Z16.435 E142.24498
G1 X16.089 Y-10.384 Z16.438 E142.47242
G1 X14.902 Y-8.804 Z16.45 E143.40177
G1 X14.292 Y-7.039 Z16.461 E144.27998
G1 X15.798 Y-5.848 Z16.472 E145.18291
G1 X17.056 Y-5.715 Z16.479 E145.77781
G1 X18.026 Y-5.68 Z16.485 E146.23427
G1 X18.795 Y-5.591 Z16.489 E146.59833
G1 X18.795 Y-5.472 Z16.49 E146.65429
G1 X19.014 Y-4.662 Z16.495 E147.04889
G1 X19.075 Y-4.557 E147.10599
G1 X18.451 Y-4.091 Z16.5 E147.47224
;TIME_ELAPSED:179.989009
;LAYER:16
;TYPE:WALL-OUTER
;MESH:ceramic_two_component_reference_like_v3.stl
G1 F2400 X17.715 Y-3.633 Z16.504 E147.8799
G1 X16.603 Y-2.835 Z16.511 E148.52356
G1 X15.876 Y-1.047 Z16.521 E149.43126
G1 X17.29 Y0.16 Z16.53 E150.30553
G1 X19.452 Y1.106 Z16.542 E151.41533
G1 X19.613 Y1.191 Z16.543 E151.50094
G1 X19.537 Y1.449 Z16.544 E151.62743
G1 X19.526 Y2.231 Z16.548 E151.99521
G1 X19.51 Y2.237 E152.00325
G1 X18.66 Y2.468 Z16.553 E152.41748
G1 X17.484 Y2.733 Z16.559 E152.98438
G1 X15.979 Y3.293 Z16.567 E153.73955
G1 X15.485 Y5.139 Z16.576 E154.63821
G1 X16.507 Y6.375 Z16.584 E155.39243
G1 X17.418 Y7.192 Z16.59 E155.96789
G1 X18.025 Y7.818 Z16.595 E156.37795
G1 X18.05 Y7.844 E156.39492
G1 X17.673 Y8.519 Z16.599 E156.7585
G1 X17.611 Y8.789 Z16.6 E156.88878
G1 X17.398 Y8.779 Z16.601 E156.98906
G1 X15.075 Y8.491 Z16.613 E158.08986
G1 X13.195 Y8.818 Z16.622 E158.98724
G1 X12.942 Y10.761 Z16.632 E159.90869
G1 X13.524 Y12.004 Z16.639 E160.55414
G1 X14.069 Y13.041 Z16.645 E161.10505
G1 X14.3 Y13.543 Z16.648 E161.36492
G1 X13.545 Y14.302 Z16.653 E161.86838
G1 X13.041 Y14.071 Z16.656 E162.1291
G1 X12.005 Y13.525 Z16.661 E162.67982
G1 X10.762 Y12.938 Z16.668 E163.32627
G1 X8.803 Y13.178 Z16.678 E164.25442
G1 X8.492 Y15.056 Z16.688 E165.14961
G1 X8.794 Y17.397 Z16.7 E166.25964
G1 X8.812 Y17.663 Z16.701 E166.38502
G1 X8.533 Y17.725 Z16.702 E166.51942
G1 X7.873 Y18.107 Z16.706 E166.87804
G1 X7.817 Y18.055 E166.91398
G1 X7.196 Y17.415 Z16.711 E167.33335
G1 X6.38 Y16.503 Z16.717 E167.90884
G1 X5.144 Y15.446 Z16.725 E168.67366
G1 X3.266 Y15.946 Z16.735 E169.58759
G1 X2.725 Y17.482 Z16.743 E170.35342
G1 X2.495 Y18.665 Z16.749 E170.92017
G1 X2.265 Y19.554 Z16.754 E171.352
G1 X2.238 Y19.645 E171.39664
G1 X1.481 Y19.643 Z16.758 E171.75264
G1 X1.204 Y19.734 Z16.759 E171.88975
G1 X1.076 Y19.47 Z16.761 E172.02772
G1 X0.193 Y17.295 Z16.772 E173.13164
G1 X-1.027 Y15.768 Z16.782 E174.05079
G1 X-2.862 Y16.575 Z16.792 E174.9935
G1 X-3.634 Y17.713 Z16.799 E175.64019
G1 X-4.24 Y18.707 Z16.805 E176.18766
G1 X-4.601 Y19.237 Z16.808 E176.48922
G1 X-5.635 Y18.963 Z16.813 E176.99226
G1 X-5.683 Y18.337 Z16.817 E177.28752
G1 X-5.709 Y17.159 Z16.822 E177.84163
G1 X-5.802 Y15.785 Z16.829 E178.48926
G1 X-6.988 Y14.147 Z16.839 E179.44028
G1 X-8.8 Y14.873 Z16.849 E180.35826
G1 X-10.66 Y16.337 Z16.861 E181.47141
G1 X-10.943 Y16.534 Z16.863 E181.63357
G1 X-11.144 Y16.309 Z16.864 E181.77545
G1 X-11.796 Y15.948 Z16.868 E182.12593
G1 X-11.765 Y15.816 Z16.869 E182.18969
G1 X-11.493 Y14.924 Z16.873 E182.62824
G1 X-11.096 Y13.778 Z16.879 E183.19859
G1 X-10.768 Y12.162 Z16.888 E183.97405
G1 X-12.161 Y10.766 Z16.897 E184.90147
G1 X-13.777 Y11.094 Z16.906 E185.67693
G1 X-14.923 Y11.495 Z16.912 E186.2479
G1 X-15.822 Y11.775 Z16.916 E186.6907
G1 X-15.971 Y11.811 Z16.917 E186.76279
G1 X-16.327 Y11.165 Z16.921 E187.10966
G1 X-16.56 Y10.963 Z16.922 E187.25467
G1 X-16.346 Y10.655 Z16.924 E187.43105
G1 X-14.87 Y8.816 Z16.936 E188.53998
G1 X-14.106 Y6.973 Z16.946 E189.4782
G1 X-15.78 Y5.786 Z16.956 E190.44326
G1 X-17.158 Y5.708 Z16.963 E191.09233
G1 X-18.338 Y5.699 Z16.969 E191.64726
G1 X-19.043 Y5.656 Z16.973 E191.97942
G1 X-19.322 Y4.624 Z16.978 E192.48216
G1 X-18.719 Y4.226 Z16.982 E192.82193
G1 X-17.712 Y3.636 Z16.987 E193.37079
G1 X-16.556 Y2.881 Z16.994 E194.0201
G1 X-15.679 Y1.011 Z17.005 E194.99141
G1 X-17.275 Y-.197 Z17.015 E195.93271
G1 X-19.489 Y-1.04 Z17.026 E197.04681
G1 X-19.88 Y-1.221 Z17.029 E197.24943
G1 X-19.777 Y-1.519 Z17.03 E197.3977
G1 X-19.8 Y-2.247 Z17.034 E197.74023
G1 X-19.613 Y-2.303 Z17.035 E197.83203
G1 X-18.668 Y-2.505 Z17.04 E198.28648
G1 X-17.479 Y-2.712 Z17.046 E198.85404
G1 X-15.885 Y-3.217 Z17.054 E199.64037
G1 X-15.362 Y-5.155 Z17.064 E200.58435
G1 X-16.493 Y-6.39 Z17.072 E201.37188
G1 X-17.438 Y-7.17 Z17.078 E201.94811
G1 X-18.15 Y-7.814 Z17.083 E202.39959
G1 X-18.295 Y-7.968 Z17.084 E202.49906
G1 X-17.915 Y-8.579 Z17.088 E202.83744
G1 X-17.857 Y-8.896 Z17.09 E202.98899
G1 X-17.396 Y-8.854 Z17.092 E203.20668
G1 X-15.069 Y-8.457 Z17.104 E204.31681
G1 X-13.042 Y-8.686 Z17.114 E205.27611
G1 X-12.879 Y-10.777 Z17.124 E206.26243
G1 X-13.52 Y-12.006 Z17.131 E206.91428
G1 X-14.118 Y-13.02 Z17.137 E207.46788
G1 X-14.48 Y-13.724 Z17.141 E207.84015
G1 X-13.726 Y-14.482 Z17.146 E208.34294
G1 X-13.019 Y-14.12 Z17.15 E208.71647
G1 X-12.007 Y-13.521 Z17.156 E209.2695
G1 X-10.778 Y-12.875 Z17.163 E209.92244
G1 X-8.671 Y-13.024 Z17.174 E210.91578
G1 X-8.455 Y-15.061 Z17.184 E211.87908
G1 X-8.869 Y-17.396 Z17.196 E212.99429
G1 X-8.919 Y-17.91 Z17.198 E213.23715
G1 X-8.592 Y-17.968 Z17.2 E213.39333
G1 X-7.997 Y-18.353 Z17.204 E213.72661
G1 X-7.813 Y-18.179 Z17.205 E213.8457
G1 X-7.168 Y-17.44 Z17.21 E214.30698
G1 X-6.395 Y-16.489 Z17.216 E214.88331
G1 X-5.16 Y-15.324 Z17.224 E215.68173
G1 X-3.19 Y-15.852 Z17.235 E216.64086
G1 X-2.704 Y-17.477 Z17.243 E217.43849
G1 X-2.523 Y-18.672 Z17.249 E218.00687
G1 X-2.331 Y-19.658 Z17.254 E218.47927
G1 X-2.253 Y-19.919 Z17.255 E218.60737
G1 X-1.55 Y-19.883 Z17.259 E218.93841
G1 X-1.234 Y-20.002 Z17.261 E219.0972
G1 X-1.01 Y-19.506 Z17.263 E219.35314
G1 X-.22 Y-17.271 Z17.275 E220.46792
G1 X0.991 Y-15.57 Z17.286 E221.44986
G1 X2.908 Y-16.528 Z17.296 E222.45767
G1 X3.638 Y-17.711 Z17.303 E223.11139
G1 X4.198 Y-18.739 Z17.309 E223.66191
G1 X4.668 Y-19.484 Z17.313 E224.07615
G1 X5.7 Y-19.21 Z17.319 E224.57829
G1 X5.736 Y-18.347 Z17.323 E224.98448
G1 X5.704 Y-17.158 Z17.329 E225.54383
G1 X5.74 Y-15.767 Z17.336 E226.1982
G1 X6.92 Y-13.957 Z17.347 E227.2143
G1 X8.824 Y-14.842 Z17.357 E228.20169
G1 X10.621 Y-16.402 Z17.369 E229.32077
G1 X11.103 Y-16.751 Z17.372 E229.60062
G1 X11.324 Y-16.48 Z17.374 E229.76507
G1 X11.945 Y-16.178 Z17.377 E230.08981
G1 X11.873 Y-15.874 Z17.379 E230.23673
G1 X11.528 Y-14.913 Z17.384 E230.7169
G1 X11.075 Y-13.784 Z17.39 E231.28898
G1 X10.654 Y-12.117 Z17.399 E232.09753
G1 X12.116 Y-10.652 Z17.409 E233.07085
G1 X13.784 Y-11.074 Z17.418 E233.87998
G1 X14.913 Y-11.531 Z17.424 E234.45276
G1 X15.879 Y-11.883 Z17.429 E234.93626
G1 X16.201 Y-11.96 Z17.43 E235.09195
G1 X16.5 Y-11.345 Z17.434 E235.41354
G1 X16.777 Y-11.122 Z17.436 E235.58077
G1 X16.411 Y-10.616 Z17.439 E235.87445
G1 X14.837 Y-8.829 Z17.451 E236.99433
G1 X13.916 Y-6.905 Z17.461 E237.99745
G1 X15.762 Y-5.724 Z17.472 E239.02803
G1 X17.158 Y-5.703 Z17.479 E239.6846
G1 X18.345 Y-5.753 Z17.485 E240.2433
G1 X19.29 Y-5.721 Z17.49 E240.68796
G1 X19.569 Y-4.691 Z17.495 E241.1898
G1 X18.75 Y-4.183 Z17.5 E241.64302
;TIME_ELAPSED:185.203529
;LAYER:17
;TYPE:WALL-OUTER
;MESH:ceramic_two_component_reference_like_v3.stl
G1 X17.641 Y-3.598 Z17.505 E242.23266
G1 X16.472 Y-2.857 Z17.512 E242.88355
G1 X15.478 Y-.975 Z17.521 E243.88445
G1 X17.149 Y0.161 Z17.53 E244.83467
G1 X19.693 Y1.053 Z17.542 E246.10244
G1 X20.139 Y1.25 Z17.544 E246.33173
G1 X20.051 Y1.472 Z17.545 E246.44403
G1 X20.064 Y2.261 Z17.548 E246.81512
G1 X19.942 Y2.295 Z17.549 E246.87468
G1 X18.726 Y2.527 Z17.554 E247.45684
G1 X17.358 Y2.718 Z17.56 E248.10641
G1 X15.781 Y3.14 Z17.567 E248.87412
G1 X15.229 Y5.166 Z17.577 E249.86161
G1 X16.389 Y6.324 Z17.584 E250.63242
G1 X17.476 Y7.173 Z17.59 E251.28104
G1 X18.419 Y7.979 Z17.595 E251.86442
G1 X18.523 Y8.084 Z17.596 E251.93392
G1 X18.118 Y8.753 Z17.599 E252.30168
G1 X18.084 Y8.995 Z17.6 E252.41661
G1 X17.578 Y8.937 Z17.603 E252.65612
G1 X14.932 Y8.422 Z17.614 E253.9238
G1 X12.87 Y8.544 Z17.623 E254.89519
G1 X12.804 Y10.71 Z17.633 E255.91427
G1 X13.469 Y11.942 Z17.639 E256.57265
G1 X14.205 Y13.1 Z17.645 E257.2179
G1 X14.635 Y13.894 Z17.649 E257.64254
G1 X13.895 Y14.636 Z17.654 E258.13535
G1 X13.101 Y14.206 Z17.658 E258.55998
G1 X11.944 Y13.469 Z17.664 E259.20509
G1 X10.71 Y12.794 Z17.67 E259.86655
G1 X8.523 Y12.843 Z17.679 E260.89528
G1 X8.41 Y14.93 Z17.689 E261.87817
G1 X8.941 Y17.577 Z17.7 E263.14777
G1 X9.009 Y18.117 Z17.703 E263.40372
G1 X8.759 Y18.15 Z17.704 E263.52231
G1 X8.103 Y18.56 Z17.707 E263.8861
G1 X7.973 Y18.428 Z17.708 E263.97323
G1 X7.175 Y17.476 Z17.713 E264.5574
G1 X6.335 Y16.379 Z17.72 E265.20716
G1 X5.163 Y15.169 Z17.727 E265.99935
G1 X3.11 Y15.72 Z17.736 E266.99898
G1 X2.699 Y17.352 Z17.744 E267.79042
G1 X2.525 Y18.724 Z17.75 E268.44079
G1 X2.314 Y19.947 Z17.755 E269.02443
G1 X2.264 Y20.142 Z17.756 E269.1191
G1 X1.497 Y20.112 Z17.759 E269.48007
G1 X1.259 Y20.214 Z17.76 E269.60184
G1 X1.043 Y19.699 Z17.763 E269.86447
G1 X0.196 Y17.127 Z17.775 E271.1379
G1 X-.954 Y15.321 Z17.784 E272.14477
G1 X-2.89 Y16.407 Z17.794 E273.18867
G1 X-3.616 Y17.629 Z17.8 E273.8571
G1 X-4.233 Y18.843 Z17.806 E274.49751
G1 X-4.731 Y19.679 Z17.81 E274.95513
G1 X-5.743 Y19.41 Z17.815 E275.44756
G1 X-5.756 Y18.452 Z17.819 E275.89812
G1 X-5.68 Y17.077 Z17.825 E276.54573
G1 X-5.691 Y15.65 Z17.831 E277.21682
G1 X-6.823 Y13.713 Z17.841 E278.27188
G1 X-8.739 Y14.724 Z17.851 E279.29066
G1 X-10.741 Y16.535 Z17.863 E280.56018
G1 X-11.218 Y16.906 Z17.865 E280.84436
G1 X-11.378 Y16.689 Z17.866 E280.97115
G1 X-12.054 Y16.347 Z17.87 E281.32742
G1 X-11.989 Y16.119 Z17.871 E281.43892
G1 X-11.538 Y14.93 Z17.876 E282.03694
G1 X-10.999 Y13.681 Z17.882 E282.67666
G1 X-10.504 Y12.022 Z17.89 E283.49082
G1 X-12.02 Y10.501 Z17.899 E284.50072
G1 X-13.681 Y10.996 Z17.907 E285.31578
G1 X-14.94 Y11.541 Z17.913 E285.96094
G1 X-16.117 Y11.993 Z17.918 E286.55386
G1 X-16.362 Y12.063 Z17.92 E286.67369
G1 X-16.699 Y11.392 Z17.923 E287.0268
G1 X-16.921 Y11.23 Z17.924 E287.15604
G1 X-16.539 Y10.74 Z17.927 E287.44822
G1 X-14.711 Y8.746 Z17.939 E288.72035
G1 X-13.655 Y6.799 Z17.948 E289.76197
G1 X-15.633 Y5.665 Z17.958 E290.83418
G1 X-17.076 Y5.671 Z17.965 E291.51279
G1 X-18.451 Y5.759 Z17.971 E292.16073
G1 X-19.464 Y5.763 Z17.975 E292.63711
G1 X-19.739 Y4.742 Z17.98 E293.13437
G1 X-18.852 Y4.236 Z17.984 E293.6146
G1 X-17.623 Y3.628 Z17.99 E294.25941
G1 X-16.363 Y2.914 Z17.997 E294.94048
G1 X-15.194 Y0.936 Z18.007 E296.02097
G1 X-17.104 Y-.229 Z18.016 E297.07308
G1 X-19.703 Y-1.03 Z18.028 E298.35204
G1 X-20.306 Y-1.269 Z18.031 E298.65707
G1 X-20.19 Y-1.526 Z18.032 E298.78967
G1 X-20.243 Y-2.268 Z18.036 E299.1395
G1 X-19.955 Y-2.337 Z18.037 E299.27877
G1 X-18.724 Y-2.521 Z18.042 E299.8641
G1 X-17.344 Y-2.667 Z18.049 E300.5167
G1 X-15.608 Y-3.055 Z18.056 E301.35323
G1 X-15.039 Y-5.155 Z18.066 E302.3764
G1 X-16.351 Y-6.362 Z18.074 E303.21477
G1 X-17.473 Y-7.177 Z18.08 E303.86692
G1 X-18.451 Y-7.949 Z18.085 E304.45286
G1 X-18.681 Y-8.166 Z18.087 E304.60157
G1 X-18.265 Y-8.776 Z18.09 E304.94879
G1 X-18.238 Y-9.062 Z18.091 E305.08388
G1 X-17.575 Y-8.962 Z18.094 E305.3992
G1 X-14.926 Y-8.341 Z18.106 E306.67871
G1 X-12.643 Y-8.368 Z18.116 E307.75241
G1 X-12.681 Y-10.705 Z18.126 E308.85157
G1 X-13.439 Y-11.959 Z18.133 E309.54066
G1 X-14.213 Y-13.096 Z18.139 E310.18748
G1 X-14.759 Y-14.02 Z18.143 E310.6922
G1 X-14.02 Y-14.761 Z18.148 E311.18435
G1 X-13.096 Y-14.214 Z18.153 E311.68931
G1 X-11.96 Y-13.438 Z18.159 E312.33628
G1 X-10.705 Y-12.671 Z18.165 E313.02796
G1 X-8.348 Y-12.616 Z18.175 E314.13668
G1 X-8.328 Y-14.924 Z18.186 E315.2221
G1 X-8.966 Y-17.574 Z18.197 E316.50392
G1 X-9.076 Y-18.271 Z18.201 E316.83576
G1 X-8.781 Y-18.297 Z18.202 E316.97503
G1 X-8.185 Y-18.718 Z18.205 E317.31818
G1 X-7.942 Y-18.459 Z18.207 E317.48519
G1 X-7.179 Y-17.473 Z18.212 E318.0715
G1 X-6.374 Y-16.341 Z18.218 E318.72472
G1 X-5.151 Y-14.979 Z18.226 E319.58555
G1 X-3.026 Y-15.548 Z18.236 E320.62008
G1 X-2.647 Y-17.338 Z18.244 E321.48052
G1 X-2.518 Y-18.723 Z18.25 E322.13466
G1 X-2.356 Y-19.96 Z18.255 E322.72135
G1 X-2.272 Y-20.32 Z18.257 E322.89519
G1 X-1.55 Y-20.251 Z18.26 E323.23627
G1 X-1.278 Y-20.382 Z18.262 E323.37825
G1 X-1.02 Y-19.709 Z18.265 E323.7172
G1 X-.263 Y-17.081 Z18.277 E325.00332
G1 X0.915 Y-15.037 Z18.287 E326.11275
G1 X2.947 Y-16.299 Z18.297 E327.23764
G1 X3.646 Y-17.612 Z18.304 E327.93715
G1 X4.233 Y-18.862 Z18.31 E328.58657
G1 X4.777 Y-19.85 Z18.315 E329.11697
G1 X5.789 Y-19.58 Z18.32 E329.60953
G1 X5.765 Y-18.452 Z18.325 E330.14011
G1 X5.645 Y-17.076 Z18.331 E330.78966
G1 X5.588 Y-15.584 Z18.337 E331.49181
G1 X6.714 Y-13.447 Z18.348 E332.62775
G1 X8.774 Y-14.651 Z18.358 E333.74983
G1 X10.727 Y-16.556 Z18.37 E335.03283
G1 X11.32 Y-17.041 Z18.373 E335.39309
G1 X11.495 Y-16.782 Z18.375 E335.54009
G1 X12.15 Y-16.498 Z18.378 E335.87582
G1 X12.032 Y-16.108 Z18.38 E336.06744
G1 X11.535 Y-14.943 Z18.385 E336.66307
G1 X10.947 Y-13.694 Z18.391 E337.31227
G1 X10.345 Y-11.915 Z18.4 E338.19548
G1 X11.913 Y-10.342 Z18.409 E339.23996
G1 X13.695 Y-10.944 Z18.418 E340.1245
G1 X14.943 Y-11.535 Z18.424 E340.77388
G1 X16.107 Y-12.036 Z18.429 E341.36982
G1 X16.513 Y-12.159 Z18.431 E341.56932
G1 X16.792 Y-11.508 Z18.434 E341.9024
G1 X17.057 Y-11.332 Z18.435 E342.052
G1 X16.559 Y-10.725 Z18.439 E342.42123
G1 X14.638 Y-8.781 Z18.451 E343.70648
G1 X13.389 Y-6.691 Z18.462 E344.85147
G1 X15.567 Y-5.561 Z18.472 E346.00536
G1 X17.076 Y-5.635 Z18.479 E346.71585
G1 X18.452 Y-5.768 Z18.485 E347.36596
G1 X19.636 Y-5.804 Z18.49 E347.92301
G1 X19.908 Y-4.793 Z18.495 E348.41536
G1 X18.857 Y-4.227 Z18.5 E348.97673
;TIME_ELAPSED:191.138232
;LAYER:18
;TYPE:WALL-OUTER
;MESH:ceramic_two_component_reference_like_v3.stl
G1 X17.336 Y-3.521 Z18.507 E349.7653
G1 X16.122 Y-2.769 Z18.512 E350.43686
G1 X14.905 Y-.897 Z18.521 E351.48689
G1 X16.768 Y0.138 Z18.529 E352.48912
G1 X17.739 Y0.479 Z18.533 E352.97309
G1 X19.658 Y0.995 Z18.541 E353.90759
G1 X20.462 Y1.288 Z18.544 E354.31
G1 X20.344 Y1.523 Z18.545 E354.43367
G1 X20.409 Y2.274 Z18.548 E354.78816
G1 X19.979 Y2.371 Z18.55 E354.99546
G1 X18.544 Y2.524 Z18.556 E355.67411
G1 X16.997 Y2.675 Z18.562 E356.40508
G1 X15.423 Y2.969 Z18.568 E357.15808
G1 X14.833 Y5.137 Z18.577 E358.2147
G1 X16.054 Y6.184 Z18.583 E358.97109
G1 X17.32 Y7.086 Z18.589 E359.7021
G1 X18.491 Y7.94 Z18.595 E360.38368
G1 X18.817 Y8.24 Z18.597 E360.59202
G1 X18.385 Y8.852 Z18.6 E360.9443
G1 X18.369 Y9.116 Z18.601 E361.06868
G1 X17.525 Y8.964 Z18.604 E361.47197
G1 X14.585 Y8.243 Z18.616 E362.89553
G1 X12.392 Y8.178 Z18.625 E363.92728
G1 X12.527 Y10.463 Z18.633 E365.00371
G1 X13.237 Y11.727 Z18.639 E365.68549
G1 X14.146 Y13.005 Z18.645 E366.42301
G1 X14.841 Y14.138 Z18.651 E367.04808
G1 X14.138 Y14.841 Z18.654 E367.51561
G1 X13.006 Y14.146 Z18.66 E368.14028
G1 X11.73 Y13.235 Z18.666 E368.87758
G1 X10.464 Y12.514 Z18.671 E369.56272
G1 X8.151 Y12.355 Z18.681 E370.65302
G1 X8.222 Y14.585 Z18.689 E371.70224
G1 X8.96 Y17.524 Z18.701 E373.12727
G1 X9.118 Y18.379 Z18.705 E373.53616
G1 X8.853 Y18.391 Z18.706 E373.6609
G1 X8.248 Y18.828 Z18.709 E374.01187
G1 X7.942 Y18.49 Z18.71 E374.22629
G1 X7.091 Y17.31 Z18.716 E374.91046
G1 X6.204 Y16.038 Z18.722 E375.63971
G1 X5.123 Y14.744 Z18.729 E376.43264
G1 X2.933 Y15.33 Z18.738 E377.49876
G1 X2.642 Y16.99 Z18.744 E378.29131
G1 X2.51 Y18.542 Z18.75 E379.0238
G1 X2.368 Y19.974 Z18.756 E379.70052
G1 X2.271 Y20.435 Z18.758 E379.92206
G1 X1.531 Y20.356 Z18.761 E380.27204
G1 X1.294 Y20.481 Z18.762 E380.39805
G1 X1.005 Y19.66 Z18.765 E380.80736
G1 X0.193 Y16.732 Z18.777 E382.23627
G1 X-.872 Y14.691 Z18.786 E383.3189
G1 X-2.829 Y16.026 Z18.795 E384.43295
G1 X-3.555 Y17.317 Z18.801 E385.12948
G1 X-4.195 Y18.746 Z18.807 E385.86581
G1 X-4.827 Y19.942 Z18.813 E386.50195
G1 X-5.788 Y19.686 Z18.816 E386.96964
G1 X-5.738 Y18.328 Z18.822 E387.60869
G1 X-5.575 Y16.777 Z18.828 E388.3421
G1 X-5.548 Y15.289 Z18.834 E389.04197
G1 X-6.57 Y13.114 Z18.843 E390.17209
G1 X-8.542 Y14.377 Z18.852 E391.27335
G1 X-10.696 Y16.516 Z18.864 E392.70091
G1 X-11.369 Y17.096 Z18.868 E393.11872
G1 X-11.509 Y16.87 Z18.869 E393.24374
G1 X-12.188 Y16.577 Z18.872 E393.59151
G1 X-12.039 Y16.121 Z18.873 E393.81711
G1 X-11.422 Y14.776 Z18.879 E394.513
G1 X-10.76 Y13.402 Z18.885 E395.23023
G1 X-10.136 Y11.749 Z18.892 E396.06113
G1 X-11.746 Y10.132 Z18.901 E397.1342
G1 X-13.403 Y10.755 Z18.908 E397.96669
G1 X-14.777 Y11.419 Z18.914 E398.68433
G1 X-16.121 Y12.038 Z18.92 E399.38019
G1 X-16.582 Y12.192 Z18.922 E399.60876
G1 X-16.871 Y11.513 Z18.925 E399.95579
G1 X-17.1 Y11.373 Z18.926 E400.08201
G1 X-16.515 Y10.699 Z18.929 E400.50171
G1 X-14.359 Y8.554 Z18.941 E401.93192
G1 X-13.036 Y6.536 Z18.95 E403.06669
G1 X-15.266 Y5.504 Z18.96 E404.22224
G1 X-16.777 Y5.556 Z18.966 E404.93323
G1 X-18.328 Y5.729 Z18.972 E405.66714
G1 X-19.705 Y5.794 Z18.978 E406.31542
G1 X-19.962 Y4.833 Z18.981 E406.78323
G1 X-18.742 Y4.204 Z18.987 E407.42872
G1 X-17.306 Y3.578 Z18.993 E408.1654
G1 X-15.96 Y2.873 Z18.999 E408.87995
G1 X-14.516 Y0.851 Z19.009 E410.04841
G1 X-16.707 Y-.249 Z19.018 E411.20133
G1 X-17.724 Y-.533 Z19.022 E411.69789
G1 X-19.653 Y-1.012 Z19.03 E412.63259
G1 X-20.505 Y-1.302 Z19.034 E413.05583
G1 X-20.373 Y-1.538 Z19.035 E413.183
G1 X-20.47 Y-2.266 Z19.038 E413.52838
G1 X-19.977 Y-2.363 Z19.04 E413.76466
G1 X-18.541 Y-2.488 Z19.045 E414.44252
G1 X-16.98 Y-2.587 Z19.051 E415.17808
G1 X-15.157 Y-2.869 Z19.059 E416.04558
G1 X-14.551 Y-5.091 Z19.068 E417.12868
G1 X-15.996 Y-6.251 Z19.075 E418.00008
G1 X-17.3 Y-7.117 Z19.081 E418.73623
G1 X-18.485 Y-7.946 Z19.087 E419.41632
G1 X-18.865 Y-8.277 Z19.089 E419.65331
G1 X-18.417 Y-8.854 Z19.091 E419.99684
G1 X-18.413 Y-9.126 Z19.093 E420.12477
G1 X-17.529 Y-8.948 Z19.096 E420.54883
G1 X-14.587 Y-8.115 Z19.108 E421.98675
G1 X-12.074 Y-7.946 Z19.118 E423.1712
G1 X-12.336 Y-10.472 Z19.128 E424.36547
G1 X-13.183 Y-11.763 Z19.134 E425.09158
G1 X-14.125 Y-13.02 Z19.14 E425.83028
G1 X-14.885 Y-14.182 Z19.146 E426.48323
G1 X-14.182 Y-14.885 Z19.149 E426.95077
G1 X-13.021 Y-14.124 Z19.155 E427.60358
G1 X-11.765 Y-13.18 Z19.161 E428.34247
G1 X-10.473 Y-12.322 Z19.167 E429.07183
G1 X-7.919 Y-12.037 Z19.177 E430.28034
G1 X-8.095 Y-14.587 Z19.187 E431.48238
G1 X-8.944 Y-17.529 Z19.199 E432.92236
G1 X-9.128 Y-18.423 Z19.203 E433.35159
G1 X-8.855 Y-18.424 Z19.204 E433.47998
G1 X-8.285 Y-18.877 Z19.207 E433.82237
G1 X-7.948 Y-18.484 Z19.209 E434.06583
G1 X-7.125 Y-17.295 Z19.214 E434.74586
G1 X-6.27 Y-15.98 Z19.22 E435.48348
G1 X-5.076 Y-14.462 Z19.228 E436.39172
G1 X-2.834 Y-15.064 Z19.237 E437.4834
G1 X-2.554 Y-16.973 Z19.245 E438.39075
G1 X-2.474 Y-18.539 Z19.251 E439.12815
G1 X-2.36 Y-19.976 Z19.256 E439.80605
G1 X-2.263 Y-20.496 Z19.259 E440.0548
G1 X-1.545 Y-20.386 Z19.261 E440.3964
G1 X-1.308 Y-20.524 Z19.262 E440.52537
G1 X-1.022 Y-19.655 Z19.266 E440.95559
G1 X-.304 Y-16.67 Z19.278 E442.39938
G1 X0.826 Y-14.302 Z19.288 E443.63327
G1 X2.934 Y-15.864 Z19.299 E444.86708
G1 X3.613 Y-17.288 Z19.305 E445.60897
G1 X4.219 Y-18.735 Z19.311 E446.34672
G1 X4.843 Y-20.001 Z19.316 E447.01047
G1 X5.804 Y-19.746 Z19.32 E447.47803
G1 X5.711 Y-18.33 Z19.326 E448.14537
G1 X5.509 Y-16.78 Z19.332 E448.88044
G1 X5.377 Y-15.201 Z19.338 E449.62559
G1 X6.412 Y-12.755 Z19.349 E450.8746
G1 X8.608 Y-14.268 Z19.359 E452.12869
G1 X10.709 Y-16.504 Z19.371 E453.57157
G1 X11.402 Y-17.127 Z19.375 E454.0098
G1 X11.537 Y-16.888 Z19.376 E454.13888
G1 X12.212 Y-16.633 Z19.379 E454.47821
G1 X12.03 Y-16.123 Z19.381 E454.73286
G1 X11.388 Y-14.792 Z19.387 E455.42779
G1 X10.675 Y-13.431 Z19.393 E456.15034
G1 X9.915 Y-11.57 Z19.4 E457.09567
G1 X11.567 Y-9.911 Z19.41 E458.19668
G1 X13.432 Y-10.671 Z19.418 E459.14375
G1 X14.793 Y-11.386 Z19.424 E459.86673
G1 X16.124 Y-12.029 Z19.429 E460.56187
G1 X16.639 Y-12.215 Z19.431 E460.81937
G1 X16.89 Y-11.541 Z19.434 E461.1576
G1 X17.13 Y-11.406 Z19.435 E461.28709
G1 X16.502 Y-10.711 Z19.439 E461.72759
G1 X14.249 Y-8.62 Z19.451 E463.1731
G1 X12.677 Y-6.378 Z19.462 E464.46079
G1 X15.179 Y-5.333 Z19.472 E465.7359
G1 X16.781 Y-5.491 Z19.479 E466.49293
G1 X18.331 Y-5.703 Z19.485 E467.22863
G1 X19.765 Y-5.81 Z19.49 E467.90487
G1 X20.021 Y-4.849 Z19.494 E468.37255
G1 X18.731 Y-4.228 Z19.5 E469.04583
;TIME_ELAPSED:197.770115
;LAYER:19
;TYPE:WALL-OUTER
;MESH:ceramic_two_component_reference_like_v3.stl
G1 X16.65 Y-3.356 Z19.508 E470.1069
G1 X15.544 Y-2.648 Z19.513 E470.72446
G1 X14.121 Y-.806 Z19.521 E471.81907
G1 X16.154 Y0.135 Z19.529 E472.87257
G1 X17.929 Y0.639 Z19.536 E473.74029
G1 X19.376 Y0.969 Z19.541 E474.43824
G1 X20.405 Y1.273 Z19.545 E474.94282
G1 X20.393 Y1.55 Z19.546 E475.0732
G1 X20.425 Y2.272 Z19.548 E475.41307
G1 X19.756 Y2.367 Z19.551 E475.73083
G1 X18.119 Y2.464 Z19.557 E476.50201
G1 X16.423 Y2.568 Z19.563 E477.30108
G1 X14.878 Y2.766 Z19.568 E478.03359
G1 X14.256 Y5.04 Z19.577 E479.14226
G1 X15.503 Y5.989 Z19.583 E479.87918
G1 X16.91 Y6.921 Z19.589 E480.67285
G1 X18.29 Y7.83 Z19.594 E481.44995
G1 X18.82 Y8.246 Z19.597 E481.7668
G1 X18.428 Y8.852 Z19.599 E482.10621
G1 X18.308 Y9.096 Z19.6 E482.23408
G1 X17.255 Y8.839 Z19.604 E482.7438
G1 X15.636 Y8.328 Z19.61 E483.54219
G1 X14.06 Y7.933 Z19.616 E484.30625
G1 X11.734 Y7.699 Z19.625 E485.40562
G1 X12.074 Y10.072 Z19.633 E486.53296
G1 X12.821 Y11.383 Z19.639 E487.24253
G1 X13.88 Y12.759 Z19.645 E488.05907
G1 X14.855 Y14.141 Z19.651 E488.85444
G1 X14.142 Y14.856 Z19.654 E489.3293
G1 X12.761 Y13.88 Z19.661 E490.12455
G1 X11.386 Y12.818 Z19.667 E490.94158
G1 X10.076 Y12.056 Z19.672 E491.65427
G1 X7.665 Y11.688 Z19.681 E492.80122
G1 X7.907 Y14.061 Z19.689 E493.92295
G1 X8.381 Y15.842 Z19.696 E494.78965
G1 X8.833 Y17.263 Z19.701 E495.49089
G1 X9.088 Y18.309 Z19.705 E495.9972
G1 X8.848 Y18.413 Z19.706 E496.1202
G1 X8.253 Y18.816 Z19.709 E496.45815
G1 X7.838 Y18.286 Z19.711 E496.77471
G1 X6.934 Y16.901 Z19.717 E497.55249
G1 X6.015 Y15.484 Z19.723 E498.34673
G1 X5.016 Y14.14 Z19.729 E499.13425
G1 X2.724 Y14.753 Z19.738 E500.24999
G1 X2.527 Y16.417 Z19.744 E501.03798
G1 X2.442 Y18.117 Z19.75 E501.83843
G1 X2.352 Y19.754 Z19.756 E502.60942
G1 X2.258 Y20.422 Z19.758 E502.92665
G1 X1.542 Y20.362 Z19.761 E503.26454
G1 X1.288 Y20.401 Z19.762 E503.38539
G1 X0.99 Y19.37 Z19.765 E503.89008
G1 X0.209 Y16.121 Z19.777 E505.4615
G1 X-.779 Y13.851 Z19.786 E506.62574
G1 X-2.737 Y15.428 Z19.795 E507.80804
G1 X-3.473 Y16.783 Z19.801 E508.53318
G1 X-4.126 Y18.398 Z19.807 E509.3524
G1 X-4.828 Y19.932 Z19.813 E510.14573
G1 X-5.784 Y19.676 Z19.817 E510.61115
G1 X-5.623 Y17.993 Z19.823 E511.40622
G1 X-5.378 Y16.273 Z19.829 E512.22325
G1 X-5.325 Y14.723 Z19.834 E512.95259
G1 X-6.222 Y12.33 Z19.844 E514.1544
G1 X-8.255 Y13.836 Z19.853 E515.34419
G1 X-9.544 Y15.165 Z19.859 E516.21486
G1 X-10.545 Y16.272 Z19.865 E516.91671
G1 X-11.321 Y17.018 Z19.868 E517.42292
G1 X-11.505 Y16.852 Z19.869 E517.53946
G1 X-12.159 Y16.56 Z19.872 E517.87628
G1 X-11.904 Y15.935 Z19.874 E518.19371
G1 X-11.165 Y14.484 Z19.88 E518.95947
G1 X-10.367 Y12.966 Z19.886 E519.76597
G1 X-9.646 Y11.334 Z19.893 E520.60501
G1 X-11.33 Y9.641 Z19.901 E521.72796
G1 X-12.967 Y10.361 Z19.908 E522.56896
G1 X-14.486 Y11.16 Z19.914 E523.37609
G1 X-15.936 Y11.9 Z19.92 E524.14164
G1 X-16.56 Y12.155 Z19.922 E524.45864
G1 X-16.846 Y11.499 Z19.925 E524.79518
G1 X-17.016 Y11.324 Z19.926 E524.90992
G1 X-16.27 Y10.55 Z19.929 E525.41545
G1 X-14.998 Y9.408 Z19.935 E526.21934
G1 X-13.814 Y8.272 Z19.941 E526.99097
G1 X-12.233 Y6.178 Z19.951 E528.22486
G1 X-14.698 Y5.267 Z19.96 E529.4607
G1 X-16.275 Y5.354 Z19.966 E530.20344
G1 X-17.995 Y5.607 Z19.972 E531.021
G1 X-19.676 Y5.774 Z19.978 E531.81541
G1 X-19.928 Y4.837 Z19.982 E532.27171
G1 X-18.387 Y4.141 Z19.988 E533.06688
G1 X-16.613 Y3.439 Z19.994 E533.96408
G1 X-15.347 Y2.798 Z20 E534.6314
G1 X-13.629 Y0.757 Z20.009 E535.88598
G1 X-16.087 Y-.279 Z20.019 E537.14037
G1 X-17.914 Y-.705 Z20.025 E538.0226
G1 X-19.367 Y-1.011 Z20.031 E538.72088
G1 X-20.395 Y-1.306 Z20.035 E539.22383
G1 X-20.323 Y-1.531 E539.33493
G1 X-20.419 Y-2.238 Z20.038 E539.67046
G1 X-19.753 Y-2.329 Z20.04 E539.98656
G1 X-18.117 Y-2.407 Z20.046 E540.75679
G1 X-16.408 Y-2.458 Z20.052 E541.56084
G1 X-14.521 Y-2.647 Z20.059 E542.45267
G1 X-13.891 Y-4.965 Z20.068 E543.58229
G1 X-15.434 Y-6.078 Z20.075 E544.47699
G1 X-16.888 Y-6.975 Z20.081 E545.28041
G1 X-18.269 Y-7.861 Z20.087 E546.05201
G1 X-18.799 Y-8.272 Z20.089 E546.36741
G1 X-18.358 Y-8.834 Z20.092 E546.70336
G1 X-18.315 Y-9.062 E546.81247
G1 X-17.267 Y-8.799 Z20.096 E547.32059
G1 X-15.656 Y-8.264 Z20.102 E548.11888
G1 X-14.074 Y-7.774 Z20.108 E548.89771
G1 X-11.336 Y-7.409 Z20.118 E550.19669
G1 X-11.828 Y-10.105 Z20.128 E551.48547
G1 X-12.751 Y-11.433 Z20.134 E552.24601
G1 X-13.842 Y-12.79 Z20.14 E553.06483
G1 X-14.831 Y-14.158 Z20.146 E553.85867
G1 X-14.158 Y-14.832 Z20.149 E554.30659
G1 X-12.791 Y-13.841 Z20.155 E555.1006
G1 X-11.436 Y-12.748 Z20.162 E555.91928
G1 X-10.108 Y-11.81 Z20.168 E556.68387
G1 X-7.375 Y-11.29 Z20.177 E557.99216
G1 X-7.748 Y-14.075 Z20.188 E559.31355
G1 X-8.32 Y-15.862 Z20.194 E560.19592
G1 X-8.791 Y-17.276 Z20.2 E560.8968
G1 X-9.055 Y-18.317 Z20.203 E561.40184
G1 X-8.83 Y-18.342 Z20.204 E561.5083
G1 X-8.279 Y-18.794 Z20.207 E561.84345
G1 X-7.869 Y-18.265 Z20.209 E562.15819
G1 X-6.988 Y-16.881 Z20.215 E562.92972
G1 X-6.104 Y-15.415 Z20.221 E563.73477
G1 X-4.941 Y-13.776 Z20.228 E564.67986
G1 X-2.605 Y-14.396 Z20.237 E565.81644
G1 X-2.416 Y-16.402 Z20.244 E566.76397
G1 X-2.384 Y-18.116 Z20.25 E567.57015
G1 X-2.314 Y-19.751 Z20.256 E568.33974
G1 X-2.223 Y-20.416 Z20.259 E568.65539
G1 X-1.523 Y-20.292 Z20.261 E568.9897
G1 X-1.32 Y-20.391 Z20.262 E569.09591
G1 X-1.031 Y-19.36 Z20.266 E569.59944
G1 X-.353 Y-16.054 Z20.278 E571.1865
G1 X0.731 Y-13.359 Z20.288 E572.55255
G1 X2.888 Y-15.232 Z20.299 E573.89597
G1 X3.551 Y-16.748 Z20.305 E574.67409
G1 X4.173 Y-18.384 Z20.311 E575.49717
G1 X4.855 Y-19.919 Z20.317 E576.28707
G1 X5.754 Y-19.678 Z20.32 E576.72477
G1 X5.574 Y-18 Z20.326 E577.51841
G1 X5.293 Y-16.281 Z20.332 E578.33752
G1 X5.097 Y-14.628 Z20.338 E579.12032
G1 X6.02 Y-11.88 Z20.349 E580.48356
G1 X8.346 Y-13.706 Z20.359 E581.8742
G1 X9.591 Y-15.122 Z20.366 E582.76088
G1 X10.576 Y-16.244 Z20.372 E583.463
G1 X11.344 Y-16.994 Z20.375 E583.96782
G1 X11.454 Y-16.8 Z20.376 E584.07269
G1 X12.126 Y-16.571 Z20.379 E584.40656
G1 X11.871 Y-15.951 Z20.381 E584.72182
G1 X11.113 Y-14.511 Z20.387 E585.4871
G1 X10.262 Y-13.008 Z20.393 E586.29934
G1 X9.366 Y-11.085 Z20.401 E587.29701
G1 X11.081 Y-9.361 Z20.409 E588.44058
G1 X13.01 Y-10.257 Z20.417 E589.44081
G1 X14.513 Y-11.109 Z20.423 E590.25328
G1 X15.953 Y-11.867 Z20.429 E591.01856
G1 X16.572 Y-12.122 Z20.431 E591.33338
G1 X16.795 Y-11.448 Z20.434 E591.66724
G1 X16.991 Y-11.346 Z20.435 E591.77115
G1 X16.241 Y-10.581 Z20.439 E592.27496
G1 X14.952 Y-9.458 Z20.445 E593.07891
G1 X13.683 Y-8.362 Z20.451 E593.86744
G1 X11.783 Y-5.976 Z20.462 E595.3018
G1 X14.604 Y-5.038 Z20.472 E596.69983
G1 X16.284 Y-5.269 Z20.478 E597.49731
G1 X18.002 Y-5.559 Z20.485 E598.31666
G1 X19.679 Y-5.745 Z20.491 E599.11014
G1 X19.915 Y-4.864 Z20.494 E599.53905
G1 X18.369 Y-4.186 Z20.5 E600.33292
;TIME_ELAPSED:205.000417
;LAYER:20
;TYPE:WALL-OUTER
;MESH:ceramic_two_component_reference_like_v3.stl
G1 X16.105 Y-3.331 Z20.508 E601.471
G1 X14.776 Y-2.531 Z20.513 E602.20048
G1 X13.133 Y-.708 Z20.521 E603.35458
G1 X15.38 Y0.173 Z20.529 E604.48958
G1 X16.404 Y0.491 Z20.533 E604.99382
G1 X18.907 Y0.967 Z20.541 E606.192
G1 X20.07 Y1.252 Z20.545 E606.7551
G1 X20.013 Y1.244 Z20.546 E606.78217
G1 X20.141 Y2.237 Z20.549 E607.25301
G1 X19.349 Y2.304 Z20.552 E607.62679
G1 X17.543 Y2.349 Z20.558 E608.47635
G1 X15.694 Y2.404 Z20.564 E609.34626
G1 X14.154 Y2.526 Z20.569 E610.07274
G1 X13.515 Y4.886 Z20.577 E611.22253
G1 X14.789 Y5.768 Z20.582 E611.95122
G1 X16.333 Y6.72 Z20.588 E612.80423
G1 X17.909 Y7.683 Z20.594 E613.67278
G1 X18.556 Y8.135 Z20.597 E614.04394
G1 X17.955 Y8.916 Z20.6 E614.50738
G1 X18.008 Y8.944 E614.53556
G1 X16.845 Y8.605 Z20.604 E615.10525
G1 X15.079 Y7.986 Z20.611 E615.98528
G1 X13.408 Y7.51 Z20.616 E616.80235
G1 X10.921 Y7.109 Z20.625 E617.98701
G1 X11.46 Y9.594 Z20.633 E619.1828
G1 X12.262 Y10.952 Z20.638 E619.92447
G1 X13.474 Y12.429 Z20.645 E620.82297
G1 X14.493 Y13.76 Z20.65 E621.61127
G1 X14.65 Y13.977 Z20.651 E621.73723
G1 X13.978 Y14.65 Z20.654 E622.18448
G1 X13.761 Y14.494 Z20.655 E622.31016
G1 X12.431 Y13.473 Z20.661 E623.09866
G1 X10.956 Y12.259 Z20.667 E623.99703
G1 X9.599 Y11.441 Z20.673 E624.74216
G1 X7.071 Y10.868 Z20.681 E625.96115
G1 X7.482 Y13.413 Z20.69 E627.17348
G1 X7.743 Y14.446 Z20.693 E627.67453
G1 X8.593 Y16.847 Z20.702 E628.87231
G1 X8.931 Y18.01 Z20.706 E629.44186
G1 X8.888 Y17.961 E629.47252
G1 X8.147 Y18.548 Z20.709 E629.91707
G1 X7.695 Y17.903 Z20.712 E630.28746
G1 X6.737 Y16.325 Z20.718 E631.15559
G1 X5.797 Y14.77 Z20.724 E632.01008
G1 X4.855 Y13.379 Z20.729 E632.80011
G1 X2.481 Y14.008 Z20.738 E633.95504
G1 X2.359 Y15.689 Z20.743 E634.74764
G1 X2.323 Y17.556 Z20.749 E635.62579
G1 X2.283 Y19.342 Z20.755 E636.4659
G1 X2.213 Y20.137 Z20.758 E636.84121
G1 X1.296 Y19.999 Z20.761 E637.2773
G1 X1.277 Y20.064 E637.30914
G1 X0.991 Y18.893 Z20.765 E637.87601
G1 X0.653 Y17.047 Z20.772 E638.75856
G1 X0.253 Y15.346 Z20.777 E639.5803
G1 X-.678 Y12.825 Z20.786 E640.8441
G1 X-2.638 Y14.653 Z20.795 E642.10448
G1 X-3.383 Y16.083 Z20.801 E642.86275
G1 X-4.035 Y17.85 Z20.807 E643.74848
G1 X-4.69 Y19.437 Z20.813 E644.55586
G1 X-4.798 Y19.667 E644.67535
G1 X-5.678 Y19.432 Z20.816 E645.10369
G1 X-5.655 Y19.172 Z20.817 E645.22643
G1 X-5.431 Y17.494 Z20.823 E646.02254
G1 X-5.107 Y15.623 Z20.829 E646.9155
G1 X-5.02 Y14.005 Z20.835 E647.6775
G1 X-5.795 Y11.383 Z20.844 E648.96327
G1 X-7.91 Y13.143 Z20.853 E650.25721
G1 X-8.66 Y13.91 Z20.856 E650.76169
G1 X-10.314 Y15.862 Z20.865 E651.96488
G1 X-11.144 Y16.728 Z20.869 E652.52897
G1 X-11.139 Y16.65 E652.56573
G1 X-11.973 Y16.337 Z20.872 E652.98464
G1 X-11.642 Y15.624 Z20.875 E653.35431
G1 X-10.765 Y14.036 Z20.881 E654.20741
G1 X-9.856 Y12.423 Z20.887 E655.07811
G1 X-9.052 Y10.796 Z20.893 E655.93155
G1 X-10.791 Y9.047 Z20.901 E657.09142
G1 X-12.424 Y9.85 Z20.907 E657.94719
G1 X-14.038 Y10.76 Z20.913 E658.81853
G1 X-15.626 Y11.637 Z20.919 E659.67163
G1 X-16.338 Y11.967 Z20.922 E660.04067
G1 X-16.641 Y11.149 Z20.925 E660.45089
G1 X-16.724 Y11.149 E660.48992
G1 X-15.849 Y10.312 Z20.929 E661.05935
G1 X-14.422 Y9.104 Z20.935 E661.93859
G1 X-13.119 Y7.927 Z20.941 E662.76432
G1 X-11.272 Y5.745 Z20.951 E664.1087
G1 X-13.983 Y4.954 Z20.96 E665.43675
G1 X-15.626 Y5.081 Z20.966 E666.21171
G1 X-17.498 Y5.412 Z20.972 E667.1057
G1 X-19.173 Y5.638 Z20.978 E667.90054
G1 X-19.434 Y5.657 E668.0236
G1 X-19.66 Y4.817 Z20.981 E668.43267
G1 X-19.431 Y4.707 Z20.982 E668.55214
G1 X-17.843 Y4.056 Z20.988 E669.35924
G1 X-16.071 Y3.417 Z20.994 E670.24508
G1 X-14.57 Y2.714 Z21 E671.02453
G1 X-12.573 Y0.654 Z21.009 E672.37376
G1 X-15.317 Y-.332 Z21.019 E673.74496
G1 X-16.388 Y-.575 Z21.023 E674.26141
G1 X-18.897 Y-1.021 Z21.031 E675.45981
G1 X-20.055 Y-1.305 Z21.035 E676.02051
G1 X-19.98 Y-1.361 E676.06453
G1 X-20.133 Y-2.18 Z21.038 E676.45634
G1 X-19.347 Y-2.252 Z21.041 E676.82752
G1 X-17.542 Y-2.282 Z21.047 E677.67647
G1 X-15.683 Y-2.284 Z21.053 E678.55069
G1 X-13.737 Y-2.396 Z21.059 E679.46735
G1 X-13.087 Y-4.788 Z21.068 E680.63302
G1 X-14.72 Y-5.867 Z21.074 E681.55346
G1 X-16.299 Y-6.779 Z21.08 E682.41097
G1 X-17.881 Y-7.728 Z21.086 E683.27852
G1 X-18.521 Y-8.181 Z21.089 E683.64726
G1 X-17.986 Y-8.797 Z21.092 E684.03094
G1 X-18.021 Y-8.891 E684.07811
G1 X-16.863 Y-8.553 Z21.096 E684.6454
G1 X-15.104 Y-7.913 Z21.102 E685.52565
G1 X-13.433 Y-7.341 Z21.108 E686.35623
G1 X-10.463 Y-6.783 Z21.118 E687.77736
G1 X-11.191 Y-9.65 Z21.128 E689.1684
G1 X-12.188 Y-11.011 Z21.134 E689.96179
G1 X-13.428 Y-12.467 Z21.14 E690.86116
G1 X-14.453 Y-13.789 Z21.145 E691.64783
G1 X-14.601 Y-14.013 Z21.146 E691.77409
G1 X-14.014 Y-14.601 Z21.149 E692.16481
G1 X-13.79 Y-14.453 Z21.15 E692.29107
G1 X-12.469 Y-13.427 Z21.156 E693.07765
G1 X-11.014 Y-12.185 Z21.162 E693.97727
G1 X-9.655 Y-11.171 Z21.168 E694.77466
G1 X-6.744 Y-10.409 Z21.178 E696.18973
G1 X-7.313 Y-13.439 Z21.188 E697.63954
G1 X-7.669 Y-14.49 Z21.191 E698.16138
G1 X-8.54 Y-16.865 Z21.2 E699.351
G1 X-8.879 Y-18.024 Z21.204 E699.91888
G1 X-8.77 Y-17.992 E699.9723
G1 X-8.192 Y-18.513 Z21.207 E700.33824
G1 X-7.739 Y-17.875 Z21.209 E700.70621
G1 X-6.795 Y-16.291 Z21.216 E701.57336
G1 X-5.896 Y-14.7 Z21.222 E702.43274
G1 X-4.757 Y-12.952 Z21.229 E703.41387
G1 X-2.351 Y-13.592 Z21.237 E704.58468
G1 X-2.238 Y-15.679 Z21.244 E705.56756
G1 X-2.255 Y-17.556 Z21.25 E706.45029
G1 X-2.231 Y-19.346 Z21.256 E707.29214
G1 X-2.156 Y-20.129 Z21.259 E707.66205
G1 X-1.413 Y-19.966 Z21.261 E708.01976
G1 X-1.329 Y-20.049 Z21.262 E708.0753
G1 X-1.045 Y-18.883 Z21.266 E708.63966
G1 X-.727 Y-17.032 Z21.272 E709.52288
G1 X-.412 Y-15.284 Z21.278 E710.35814
G1 X0.623 Y-12.266 Z21.288 E711.85855
G1 X2.822 Y-14.448 Z21.299 E713.31537
G1 X3.469 Y-16.049 Z21.304 E714.12742
G1 X4.092 Y-17.829 Z21.311 E715.01428
G1 X4.738 Y-19.419 Z21.316 E715.82136
G1 X4.854 Y-19.643 Z21.317 E715.93999
G1 X5.618 Y-19.439 Z21.32 E716.31186
G1 X5.605 Y-19.177 Z21.321 E716.43522
G1 X5.371 Y-17.506 Z21.326 E717.22871
G1 X5.014 Y-15.636 Z21.333 E718.12399
G1 X4.76 Y-13.92 Z21.338 E718.93976
G1 X5.562 Y-10.87 Z21.349 E720.42283
G1 X8.016 Y-13.01 Z21.36 E721.95403
G1 X8.725 Y-13.854 Z21.363 E722.47239
G1 X10.357 Y-15.826 Z21.372 E723.67615
G1 X11.183 Y-16.689 Z21.376 E724.23792
G1 X11.226 Y-16.562 E724.30098
G1 X11.919 Y-16.358 Z21.379 E724.6407
G1 X11.596 Y-15.648 Z21.381 E725.00751
G1 X10.707 Y-14.069 Z21.387 E725.85967
G1 X9.746 Y-12.474 Z21.393 E726.73537
G1 X8.731 Y-10.498 Z21.401 E727.78004
G1 X10.494 Y-8.726 Z21.409 E728.95553
G1 X12.476 Y-9.741 Z21.417 E730.00271
G1 X14.071 Y-10.703 Z21.423 E730.87865
G1 X15.651 Y-11.591 Z21.429 E731.73098
G1 X16.36 Y-11.914 Z21.431 E732.09737
G1 X16.552 Y-11.235 Z21.434 E732.4292
G1 X16.685 Y-11.187 E732.4957
G1 X15.812 Y-10.353 Z21.438 E733.06347
G1 X14.371 Y-9.163 Z21.444 E733.94232
G1 X12.986 Y-8.033 Z21.45 E734.78292
G1 X10.759 Y-5.512 Z21.462 E736.36479
G1 X13.898 Y-4.693 Z21.472 E737.89038
G1 X15.639 Y-4.988 Z21.478 E738.72078
G1 X17.509 Y-5.353 Z21.484 E739.61677
G1 X19.179 Y-5.589 Z21.49 E740.40992
G1 X19.441 Y-5.598 Z21.491 E740.5332
G1 X19.635 Y-4.872 Z21.493 E740.8866
G1 X19.41 Y-4.753 Z21.494 E741.00629
G1 X17.822 Y-4.112 Z21.5 E741.81162
;TIME_ELAPSED:212.807416
;LAYER:21
;TYPE:WALL-OUTER
;MESH:ceramic_two_component_reference_like_v3.stl
G1 X15.248 Y-3.216 Z21.509 E743.09333
G1 X13.915 Y-2.457 Z21.514 E743.81469
G1 X12.705 Y-1.275 Z21.519 E744.61015
G1 X12.773 Y-.344 Z21.523 E745.04914
G1 X14.542 Y0.25 Z21.529 E745.92668
G1 X16.479 Y0.675 Z21.535 E746.85926
G1 X18.341 Y0.985 Z21.541 E747.74695
G1 X19.642 Y1.26 Z21.546 E748.37228
G1 X19.609 Y1.255 E748.38798
G1 X19.773 Y2.157 Z21.549 E748.81911
G1 X18.868 Y2.204 Z21.552 E749.24528
G1 X16.862 Y2.199 Z21.558 E750.18863
G1 X14.917 Y2.198 Z21.565 E751.1033
G1 X13.318 Y2.266 Z21.57 E751.85594
G1 X12.657 Y4.689 Z21.578 E753.03703
G1 X14.014 Y5.556 Z21.583 E753.79431
G1 X15.738 Y6.55 Z21.59 E754.73016
G1 X17.432 Y7.524 Z21.596 E755.64908
G1 X18.199 Y8.023 Z21.599 E756.07939
G1 X17.613 Y8.707 Z21.602 E756.50296
G1 X17.642 Y8.722 E756.51831
G1 X16.377 Y8.312 Z21.607 E757.14367
G1 X14.465 Y7.584 Z21.613 E758.10579
G1 X12.726 Y7.026 Z21.619 E758.96465
G1 X10.901 Y6.646 Z21.626 E759.84129
G1 X10.294 Y7.473 Z21.629 E760.32372
G1 X10.757 Y9.103 Z21.634 E761.12057
G1 X11.643 Y10.503 Z21.64 E761.89971
G1 X12.979 Y12.044 Z21.647 E762.85882
G1 X14.15 Y13.485 Z21.653 E763.73202
G1 X14.372 Y13.776 Z21.654 E763.90414
G1 X13.777 Y14.372 Z21.657 E764.30018
G1 X13.486 Y14.15 Z21.658 E764.47231
G1 X12.046 Y12.978 Z21.664 E765.34543
G1 X10.508 Y11.64 Z21.671 E766.30409
G1 X9.109 Y10.737 Z21.676 E767.08714
G1 X7.482 Y10.264 Z21.682 E767.88394
G1 X6.62 Y10.905 Z21.685 E768.3891
G1 X7.001 Y12.729 Z21.691 E769.26538
G1 X7.629 Y14.615 Z21.698 E770.20018
G1 X8.305 Y16.393 Z21.704 E771.09471
G1 X8.71 Y17.645 Z21.708 E771.71352
G1 X8.688 Y17.618 E771.7299
G1 X8.035 Y18.192 Z21.711 E772.13876
G1 X7.536 Y17.426 Z21.714 E772.56868
G1 X6.563 Y15.728 Z21.721 E773.489
G1 X5.584 Y13.998 Z21.727 E774.42379
G1 X4.657 Y12.518 Z21.733 E775.24504
G1 X2.221 Y13.167 Z21.741 E776.43057
G1 X2.157 Y14.914 Z21.747 E777.25268
G1 X2.173 Y16.857 Z21.753 E778.16643
G1 X2.182 Y18.867 Z21.76 E779.11168
G1 X2.131 Y19.77 Z21.763 E779.53701
G1 X1.294 Y19.601 Z21.766 E779.93856
G1 X1.286 Y19.636 E779.95545
G1 X1.009 Y18.336 Z21.77 E780.58052
G1 X0.692 Y16.331 Z21.777 E781.53511
G1 X0.33 Y14.517 Z21.783 E782.405
G1 X-.242 Y12.74 Z21.789 E783.28289
G1 X-1.401 Y12.579 Z21.793 E783.83316
G1 X-2.568 Y13.806 Z21.798 E784.62948
G1 X-3.301 Y15.326 Z21.804 E785.42306
G1 X-3.956 Y17.25 Z21.81 E786.37885
G1 X-4.619 Y18.989 Z21.816 E787.25406
G1 X-4.765 Y19.326 Z21.818 E787.42678
G1 X-5.536 Y19.121 Z21.82 E787.80195
G1 X-5.494 Y18.759 Z21.822 E787.97333
G1 X-5.196 Y16.917 Z21.828 E788.85082
G1 X-4.799 Y14.926 Z21.834 E789.80555
G1 X-4.657 Y13.234 Z21.84 E790.60404
G1 X-5.045 Y11.582 Z21.845 E791.40206
G1 X-6.179 Y11.136 Z21.849 E791.9751
G1 X-7.558 Y12.389 Z21.855 E792.85132
G1 X-8.772 Y13.79 Z21.862 E793.72311
G1 X-10.045 Y15.361 Z21.868 E794.67399
G1 X-10.94 Y16.353 Z21.873 E795.30231
G1 X-10.934 Y16.313 E795.32133
G1 X-11.718 Y16.061 Z21.875 E795.70859
G1 X-11.306 Y15.243 Z21.878 E796.13931
G1 X-10.305 Y13.534 Z21.885 E797.07071
G1 X-9.296 Y11.851 Z21.891 E797.9935
G1 X-8.404 Y10.191 Z21.897 E798.87971
G1 X-10.186 Y8.399 Z21.906 E800.06817
G1 X-11.853 Y9.291 Z21.912 E800.95728
G1 X-13.536 Y10.3 Z21.918 E801.88008
G1 X-15.245 Y11.301 Z21.925 E802.81148
G1 X-16.063 Y11.712 Z21.928 E803.24198
G1 X-16.306 Y10.942 Z21.93 E803.62169
G1 X-16.349 Y10.945 Z21.931 E803.64197
G1 X-15.358 Y10.05 Z21.935 E804.26993
G1 X-13.783 Y8.783 Z21.942 E805.22051
G1 X-12.368 Y7.578 Z21.948 E806.09453
G1 X-11.106 Y6.206 Z21.954 E806.97117
G1 X-11.563 Y4.975 Z21.958 E807.58867
G1 X-13.217 Y4.593 Z21.964 E808.38697
G1 X-14.93 Y4.774 Z21.969 E809.19702
G1 X-16.92 Y5.178 Z21.976 E810.15194
G1 X-18.76 Y5.476 Z21.982 E811.02851
G1 X-19.123 Y5.514 Z21.983 E811.20015
G1 X-19.319 Y4.786 Z21.986 E811.55469
G1 X-18.983 Y4.637 Z21.987 E811.72754
G1 X-17.248 Y3.978 Z21.993 E812.60032
G1 X-15.218 Y3.3 Z22 E813.6068
G1 X-13.729 Y2.645 Z22.005 E814.37178
G1 X-12.483 Y1.5 Z22.011 E815.16757
G1 X-12.71 Y0.156 Z22.015 E815.80856
G1 X-14.491 Y-.402 Z22.021 E816.68625
G1 X-16.468 Y-.747 Z22.028 E817.63002
G1 X-18.333 Y-1.039 Z22.034 E818.51775
G1 X-19.628 Y-1.316 Z22.039 E819.14052
G1 X-19.589 Y-1.341 E819.1623
G1 X-19.767 Y-2.097 Z22.041 E819.52755
G1 X-18.867 Y-2.151 Z22.044 E819.95155
G1 X-16.864 Y-2.136 Z22.051 E820.89352
G1 X-14.912 Y-2.087 Z22.057 E821.81177
G1 X-12.887 Y-2.137 Z22.064 E822.76435
G1 X-12.219 Y-4.586 Z22.072 E823.9581
G1 X-13.954 Y-5.651 Z22.079 E824.91547
G1 X-15.708 Y-6.606 Z22.085 E825.85465
G1 X-17.405 Y-7.57 Z22.092 E826.77247
G1 X-18.164 Y-8.073 Z22.095 E827.20067
G1 X-17.638 Y-8.623 Z22.097 E827.55856
G1 X-17.658 Y-8.667 E827.58129
G1 X-16.396 Y-8.26 Z22.102 E828.20486
G1 X-14.506 Y-7.522 Z22.108 E829.15902
G1 X-12.757 Y-6.869 Z22.114 E830.03697
G1 X-10.94 Y-6.451 Z22.121 E830.91377
G1 X-9.991 Y-7.557 Z22.125 E831.5991
G1 X-10.501 Y-9.174 Z22.131 E832.39645
G1 X-11.577 Y-10.56 Z22.137 E833.2216
G1 X-12.935 Y-12.082 Z22.143 E834.18083
G1 X-14.108 Y-13.518 Z22.149 E835.0528
G1 X-14.32 Y-13.817 Z22.151 E835.22517
G1 X-13.817 Y-14.32 Z22.153 E835.55969
G1 X-13.518 Y-14.108 Z22.154 E835.73206
G1 X-12.084 Y-12.934 Z22.16 E836.60359
G1 X-10.563 Y-11.573 Z22.167 E837.56341
G1 X-9.18 Y-10.481 Z22.173 E838.39209
G1 X-7.566 Y-9.96 Z22.178 E839.18967
G1 X-6.426 Y-10.945 Z22.183 E839.89817
G1 X-6.846 Y-12.761 Z22.189 E840.77471
G1 X-7.562 Y-14.644 Z22.196 E841.72208
G1 X-8.254 Y-16.413 Z22.202 E842.61537
G1 X-8.655 Y-17.662 Z22.206 E843.23226
G1 X-8.605 Y-17.643 Z22.207 E843.25742
G1 X-8.084 Y-18.156 Z22.209 E843.60126
G1 X-7.581 Y-17.399 Z22.212 E844.02868
G1 X-6.621 Y-15.7 Z22.218 E844.94638
G1 X-5.678 Y-13.937 Z22.225 E845.88661
G1 X-4.554 Y-12.08 Z22.232 E846.90741
G1 X-2.092 Y-12.736 Z22.24 E848.1056
G1 X-2.045 Y-14.909 Z22.247 E849.12772
G1 X-2.109 Y-16.864 Z22.254 E850.04759
G1 X-2.129 Y-18.866 Z22.26 E850.98911
G1 X-2.07 Y-19.765 Z22.263 E851.41279
G1 X-1.379 Y-19.58 Z22.266 E851.74919
G1 X-1.342 Y-19.622 E851.77551
G1 X-1.063 Y-18.326 Z22.27 E852.39894
G1 X-.764 Y-16.32 Z22.277 E853.35271
G1 X-.481 Y-14.466 Z22.283 E854.23469
G1 X0.055 Y-12.677 Z22.289 E855.11294
G1 X1.627 Y-12.358 Z22.294 E855.86727
G1 X2.756 Y-13.621 Z22.3 E856.66392
G1 X3.384 Y-15.296 Z22.306 E857.50516
G1 X4.012 Y-17.231 Z22.312 E858.46185
G1 X4.668 Y-18.97 Z22.319 E859.3359
G1 X4.826 Y-19.302 Z22.32 E859.50881
G1 X5.471 Y-19.13 Z22.322 E859.82273
G1 X5.442 Y-18.766 Z22.323 E859.99445
G1 X5.138 Y-16.928 Z22.329 E860.87054
G1 X4.712 Y-14.941 Z22.336 E861.82619
G1 X4.4 Y-13.167 Z22.342 E862.67325
G1 X4.741 Y-11.503 Z22.347 E863.47203
G1 X6.31 Y-10.988 Z22.353 E864.24861
G1 X7.664 Y-12.27 Z22.359 E865.12549
G1 X8.83 Y-13.744 Z22.365 E866.00931
G1 X10.087 Y-15.327 Z22.372 E866.9599
G1 X10.981 Y-16.314 Z22.376 E867.58615
G1 X10.998 Y-16.252 E867.61638
G1 X11.662 Y-16.086 Z22.378 E867.93825
G1 X11.26 Y-15.268 Z22.381 E868.36687
G1 X10.25 Y-13.567 Z22.388 E869.29718
G1 X9.197 Y-11.902 Z22.394 E870.22362
G1 X8.076 Y-9.883 Z22.402 E871.30962
G1 X9.878 Y-8.071 Z22.41 E872.51138
G1 X11.905 Y-9.192 Z22.418 E873.60067
G1 X13.569 Y-10.246 Z22.424 E874.52697
G1 X15.271 Y-11.255 Z22.431 E875.45744
G1 X16.089 Y-11.656 Z22.434 E875.88585
G1 X16.245 Y-11.005 Z22.436 E876.20066
G1 X16.309 Y-10.986 E876.23206
G1 X15.323 Y-10.092 Z22.441 E876.85796
G1 X13.737 Y-8.839 Z22.447 E877.80848
G1 X12.248 Y-7.683 Z22.453 E878.69496
G1 X10.958 Y-6.337 Z22.459 E879.5717
G1 X11.485 Y-4.672 Z22.465 E880.39298
G1 X13.151 Y-4.336 Z22.471 E881.19222
G1 X14.945 Y-4.688 Z22.477 E882.05197
G1 X16.932 Y-5.121 Z22.483 E883.00832
G1 X18.768 Y-5.425 Z22.489 E883.88348
G1 X19.133 Y-5.449 Z22.491 E884.0555
G1 X19.294 Y-4.846 Z22.493 E884.349
G1 X18.963 Y-4.684 Z22.494 E884.52231
G1 X17.229 Y-4.033 Z22.5 E885.39332
;TIME_ELAPSED:220.723506
;LAYER:22
;TYPE:WALL-OUTER
;MESH:ceramic_two_component_reference_like_v3.stl
G1 X14.653 Y-3.203 Z22.509 E886.66606
G1 X13.093 Y-2.442 Z22.514 E887.48231
G1 X12.253 Y-1.717 Z22.517 E888.00412
G1 X12.614 Y-0.049 Z22.523 E888.80668
G1 X13.782 Y0.36 Z22.527 E889.38866
G1 X15.67 Y0.713 Z22.533 E890.2919
G1 X17.836 Y1.02 Z22.54 E891.32068
G1 X19.254 Y1.293 Z22.544 E891.99976
G1 X19.451 Y2.058 Z22.547 E892.37126
G1 X18.426 Y2.095 Z22.55 E892.85359
G1 X16.304 Y2.048 Z22.557 E893.85174
G1 X14.215 Y1.988 Z22.563 E894.83453
G1 X12.461 Y2.01 Z22.569 E895.65944
G1 X11.787 Y4.485 Z22.577 E896.86574
G1 X13.304 Y5.388 Z22.582 E897.69595
G1 X15.136 Y6.378 Z22.589 E898.67523
G1 X17 Y7.4 Z22.596 E899.67492
G1 X17.87 Y7.945 Z22.599 E900.1577
G1 X17.322 Y8.503 Z22.601 E900.52549
G1 X15.965 Y8.032 Z22.606 E901.20099
G1 X13.948 Y7.217 Z22.613 E902.22402
G1 X12.12 Y6.556 Z22.619 E903.13814
G1 X10.841 Y6.292 Z22.623 E903.75229
G1 X9.674 Y7.563 Z22.628 E904.56373
G1 X10.065 Y8.678 Z22.632 E905.11938
G1 X11.073 Y10.113 Z22.638 E905.94407
G1 X12.526 Y11.715 Z22.645 E906.96115
G1 X13.832 Y13.258 Z22.651 E907.9118
G1 X14.118 Y13.628 Z22.652 E908.13171
G1 X13.628 Y14.119 Z22.655 E908.45793
G1 X13.259 Y13.833 Z22.656 E908.67747
G1 X11.716 Y12.525 Z22.662 E909.62873
G1 X10.117 Y11.071 Z22.669 E910.64508
G1 X8.685 Y10.048 Z22.675 E911.47269
G1 X7.541 Y9.638 Z22.679 E912.04418
G1 X6.258 Y10.802 Z22.684 E912.85884
G1 X6.538 Y12.124 Z22.688 E913.49432
G1 X7.199 Y13.934 Z22.694 E914.40049
G1 X8.022 Y15.967 Z22.701 E915.43191
G1 X8.493 Y17.324 Z22.706 E916.10741
G1 X7.955 Y17.865 Z22.708 E916.46621
G1 X7.41 Y16.996 Z22.711 E916.94859
G1 X6.394 Y15.136 Z22.718 E917.94527
G1 X5.411 Y13.291 Z22.725 E918.92838
G1 X4.455 Y11.662 Z22.731 E919.81662
G1 X1.97 Y12.326 Z22.739 E921.02623
G1 X1.955 Y14.213 Z22.745 E921.91365
G1 X2.027 Y16.304 Z22.751 E922.89756
G1 X2.076 Y18.426 Z22.758 E923.89573
G1 X2.038 Y19.448 Z22.761 E924.37667
G1 X1.314 Y19.252 Z22.764 E924.7294
G1 X1.041 Y17.834 Z22.768 E925.40848
G1 X0.742 Y15.667 Z22.775 E926.4372
G1 X0.424 Y13.764 Z22.781 E927.34453
G1 X-0.001 Y12.4 Z22.786 E928.01639
G1 X-1.713 Y12.024 Z22.791 E928.84067
G1 X-2.538 Y13.008 Z22.795 E929.44454
G1 X-3.243 Y14.637 Z22.801 E930.27927
G1 X-3.901 Y16.717 Z22.808 E931.3052
G1 X-4.576 Y18.597 Z22.814 E932.24456
G1 X-4.758 Y19.034 Z22.815 E932.46717
G1 X-5.396 Y18.864 Z22.817 E932.77767
G1 X-5.335 Y18.398 Z22.819 E932.99868
G1 X-4.976 Y16.419 Z22.825 E933.94453
G1 X-4.505 Y14.301 Z22.832 E934.96488
G1 X-4.287 Y12.53 Z22.838 E935.80401
G1 X-4.511 Y11.229 Z22.842 E936.42483
G1 X-6.184 Y10.692 Z22.847 E937.25112
G1 X-7.261 Y11.693 Z22.852 E937.94258
G1 X-8.482 Y13.19 Z22.858 E938.85104
G1 X-9.832 Y14.93 Z22.865 E939.8867
G1 X-10.766 Y16.006 Z22.87 E940.55675
G1 X-11.479 Y15.827 Z22.872 E940.90246
G1 X-11.001 Y14.92 Z22.875 E941.3846
G1 X-9.889 Y13.103 Z22.882 E942.38639
G1 X-8.778 Y11.346 Z22.888 E943.36397
G1 X-7.776 Y9.599 Z22.895 E944.31107
G1 X-9.595 Y7.771 Z22.903 E945.5238
G1 X-11.347 Y8.774 Z22.909 E946.47317
G1 X-13.116 Y9.894 Z22.916 E947.45779
G1 X-14.922 Y10.997 Z22.923 E948.45296
G1 X-15.829 Y11.473 Z22.926 E948.93466
G1 X-16.003 Y10.771 Z22.928 E949.27478
G1 X-14.927 Y9.837 Z22.933 E949.94483
G1 X-13.201 Y8.502 Z22.939 E950.97097
G1 X-11.676 Y7.278 Z22.946 E951.89055
G1 X-10.611 Y6.159 Z22.95 E952.61701
G1 X-11.147 Y4.466 Z22.956 E953.45212
G1 X-12.519 Y4.233 Z22.96 E954.10657
G1 X-14.304 Y4.486 Z22.966 E954.95438
G1 X-16.422 Y4.961 Z22.973 E955.97515
G1 X-18.4 Y5.322 Z22.979 E956.9207
G1 X-18.864 Y5.378 Z22.981 E957.14049
G1 X-19.027 Y4.775 Z22.983 E957.43423
G1 X-18.593 Y4.589 Z22.984 E957.65628
G1 X-16.712 Y3.918 Z22.99 E958.59545
G1 X-14.63 Y3.269 Z22.997 E959.62101
G1 X-12.949 Y2.607 Z23.003 E960.47062
G1 X-11.846 Y1.71 Z23.008 E961.1392
G1 X-12.217 Y-0.039 Z23.013 E961.97999
G1 X-13.746 Y-.483 Z23.018 E962.72873
G1 X-15.663 Y-.771 Z23.024 E963.64035
G1 X-17.83 Y-1.063 Z23.031 E964.66863
G1 X-19.245 Y-1.337 Z23.036 E965.34641
G1 X-19.447 Y-2.011 Z23.038 E965.6773
G1 X-18.427 Y-2.053 Z23.041 E966.15738
G1 X-16.306 Y-1.997 Z23.048 E967.15516
G1 X-14.213 Y-1.898 Z23.054 E968.14053
G1 X-12.075 Y-1.896 Z23.061 E969.14596
G1 X-11.394 Y-4.39 Z23.069 E970.36174
G1 X-13.258 Y-5.465 Z23.076 E971.37365
G1 X-15.119 Y-6.426 Z23.083 E972.35861
G1 X-16.98 Y-7.437 Z23.089 E973.35458
G1 X-17.844 Y-7.985 Z23.093 E973.83573
G1 X-17.335 Y-8.46 Z23.095 E974.16313
G1 X-15.98 Y-7.991 Z23.099 E974.83743
G1 X-13.97 Y-7.162 Z23.106 E975.8599
G1 X-12.151 Y-6.432 Z23.112 E976.78163
G1 X-10.54 Y-6.017 Z23.118 E977.56397
G1 X-9.325 Y-7.352 Z23.123 E978.41285
G1 X-9.856 Y-8.749 Z23.128 E979.11567
G1 X-11.021 Y-10.16 Z23.134 E979.97616
G1 X-12.492 Y-11.746 Z23.141 E980.99342
G1 X-13.801 Y-13.284 Z23.147 E981.94319
G1 X-14.075 Y-13.657 Z23.148 E982.16083
G1 X-13.658 Y-14.075 Z23.15 E982.4385
G1 X-13.285 Y-13.801 Z23.152 E982.65615
G1 X-11.754 Y-12.497 Z23.158 E983.60188
G1 X-10.163 Y-11.018 Z23.165 E984.62342
G1 X-8.755 Y-9.839 Z23.171 E985.48704
G1 X-7.331 Y-9.289 Z23.175 E986.20491
G1 X-5.983 Y-10.502 Z23.181 E987.0577
G1 X-6.414 Y-12.155 Z23.187 E987.86104
G1 X-7.153 Y-13.974 Z23.193 E988.78435
G1 X-7.982 Y-15.983 Z23.2 E989.80639
G1 X-8.45 Y-17.338 Z23.204 E990.48054
G1 X-7.994 Y-17.838 Z23.206 E990.79877
G1 X-7.446 Y-16.976 Z23.209 E991.27912
G1 X-6.438 Y-15.113 Z23.216 E992.27525
G1 X-5.488 Y-13.245 Z23.223 E993.26078
G1 X-4.36 Y-11.269 Z23.23 E994.33078
G1 X-1.857 Y-11.94 Z23.238 E995.54941
G1 X-1.865 Y-14.212 Z23.245 E996.61786
G1 X-1.976 Y-16.307 Z23.252 E997.60446
G1 X-2.035 Y-18.427 Z23.259 E998.60181
G1 X-1.991 Y-19.445 Z23.262 E999.08098
G1 X-1.357 Y-19.242 Z23.264 E999.39404
G1 X-1.084 Y-17.828 Z23.268 E1000.07128
G1 X-.801 Y-15.678 Z23.275 E1001.09107
G1 X-.548 Y-13.727 Z23.281 E1002.01624
G1 X-0.086 Y-12.002 Z23.287 E1002.85604
G1 X1.707 Y-11.616 Z23.293 E1003.71855
G1 X2.704 Y-12.864 Z23.298 E1004.46973
G1 X3.31 Y-14.615 Z23.304 E1005.34108
G1 X3.946 Y-16.703 Z23.311 E1006.36754
G1 X4.614 Y-18.583 Z23.317 E1007.30579
G1 X4.806 Y-19.011 Z23.318 E1007.52639
G1 X5.343 Y-18.867 Z23.32 E1007.78785
G1 X5.295 Y-18.405 Z23.322 E1008.00628
G1 X4.93 Y-16.429 Z23.328 E1008.95124
G1 X4.437 Y-14.315 Z23.335 E1009.97206
G1 X4.071 Y-12.487 Z23.341 E1010.84877
G1 X4.313 Y-10.873 Z23.346 E1011.61627
G1 X6.062 Y-10.304 Z23.352 E1012.48119
G1 X7.35 Y-11.6 Z23.357 E1013.34045
G1 X8.528 Y-13.155 Z23.363 E1014.25786
G1 X9.867 Y-14.905 Z23.37 E1015.29409
G1 X10.8 Y-15.976 Z23.375 E1015.96205
G1 X11.435 Y-15.848 Z23.377 E1016.26668
G1 X10.965 Y-14.941 Z23.38 E1016.74708
G1 X9.854 Y-13.142 Z23.387 E1017.74141
G1 X8.699 Y-11.389 Z23.393 E1018.72864
G1 X7.482 Y-9.322 Z23.401 E1019.85665
G1 X9.318 Y-7.477 Z23.409 E1021.08069
G1 X11.391 Y-8.696 Z23.417 E1022.21161
G1 X13.144 Y-9.851 Z23.423 E1023.19883
G1 X14.943 Y-10.962 Z23.43 E1024.19317
G1 X15.85 Y-11.431 Z23.433 E1024.67335
G1 X15.973 Y-10.804 Z23.435 E1024.97383
G1 X14.9 Y-9.871 Z23.44 E1025.6425
G1 X13.166 Y-8.547 Z23.447 E1026.66847
G1 X11.583 Y-7.367 Z23.453 E1027.59697
G1 X10.224 Y-6.037 Z23.459 E1028.49119
G1 X10.791 Y-4.267 Z23.465 E1029.36523
G1 X12.476 Y-4.016 Z23.47 E1030.16637
G1 X14.318 Y-4.418 Z23.476 E1031.05299
G1 X16.432 Y-4.916 Z23.483 E1032.07434
G1 X18.407 Y-5.282 Z23.489 E1033.01893
G1 X18.868 Y-5.325 Z23.491 E1033.23667
G1 X19.003 Y-4.822 Z23.492 E1033.48158
G1 X18.578 Y-4.627 Z23.494 E1033.70148
G1 X16.698 Y-3.962 Z23.5 E1034.63926
;TIME_ELAPSED:228.906170
;LAYER:23
;TYPE:WALL-OUTER
;MESH:ceramic_two_component_reference_like_v3.stl
G1 X14.14 Y-3.189 Z23.508 E1035.89593
G1 X12.446 Y-2.489 Z23.513 E1036.75789
G1 X11.442 Y-1.704 Z23.517 E1037.35722
G1 X11.813 Y0.077 Z23.523 E1038.21275
G1 X13.215 Y0.478 Z23.527 E1038.8985
G1 X15.238 Y0.778 Z23.533 E1039.86025
G1 X17.548 Y1.069 Z23.54 E1040.95515
G1 X19.081 Y1.348 Z23.545 E1041.68791
G1 X19.289 Y1.974 Z23.547 E1041.99812
G1 X18.171 Y2.007 Z23.55 E1042.52411
G1 X15.88 Y1.921 Z23.557 E1043.60225
G1 X13.699 Y1.808 Z23.563 E1044.62927
G1 X11.702 Y1.786 Z23.569 E1045.56845
G1 X11.015 Y4.3 Z23.577 E1046.79405
G1 X12.793 Y5.3 Z23.583 E1047.75335
G1 X14.74 Y6.29 Z23.59 E1048.78053
G1 X16.748 Y7.355 Z23.596 E1049.84942
G1 X17.69 Y7.936 Z23.6 E1050.36989
G1 X17.198 Y8.371 Z23.602 E1050.67873
G1 X15.731 Y7.844 Z23.606 E1051.41177
G1 X13.553 Y6.924 Z23.613 E1052.52364
G1 X11.689 Y6.18 Z23.619 E1053.46746
G1 X10.223 Y5.799 Z23.624 E1054.17977
G1 X8.997 Y7.157 Z23.629 E1055.04015
G1 X9.498 Y8.394 Z23.633 E1055.66776
G1 X10.666 Y9.866 Z23.639 E1056.55144
G1 X12.226 Y11.523 Z23.646 E1057.62167
G1 X13.638 Y13.147 Z23.652 E1058.63368
G1 X13.97 Y13.585 Z23.654 E1058.89215
G1 X13.586 Y13.971 Z23.655 E1059.14819
G1 X13.148 Y13.639 Z23.657 E1059.40666
G1 X11.524 Y12.226 Z23.663 E1060.41898
G1 X9.841 Y10.639 Z23.67 E1061.50681
G1 X8.399 Y9.487 Z23.676 E1062.37477
G1 X7.141 Y8.97 Z23.68 E1063.01437
G1 X5.774 Y10.193 Z23.685 E1063.87695
G1 X6.166 Y11.69 Z23.69 E1064.60467
G1 X6.933 Y13.59 Z23.696 E1065.56824
G1 X7.838 Y15.73 Z23.703 E1066.6609
G1 X8.364 Y17.197 Z23.707 E1067.39378
G1 X7.94 Y17.687 Z23.709 E1067.6985
G1 X7.36 Y16.746 Z23.713 E1068.21833
G1 X6.278 Y14.694 Z23.72 E1069.30925
G1 X5.299 Y12.757 Z23.726 E1070.32989
G1 X4.278 Y10.925 Z23.732 E1071.31618
G1 X1.756 Y11.599 Z23.74 E1072.54381
G1 X1.786 Y13.71 Z23.746 E1073.53664
G1 X1.911 Y15.922 Z23.753 E1074.57853
G1 X1.997 Y18.202 Z23.76 E1075.6515
G1 X1.965 Y19.288 Z23.763 E1076.16243
G1 X1.358 Y19.08 Z23.765 E1076.46418
G1 X1.076 Y17.509 Z23.77 E1077.21477
G1 X0.792 Y15.198 Z23.777 E1078.30973
G1 X0.522 Y13.204 Z23.783 E1079.256
G1 X0.112 Y11.651 Z23.787 E1080.01135
G1 X-1.703 Y11.269 Z23.793 E1080.88358
G1 X-2.559 Y12.391 Z23.797 E1081.54724
G1 X-3.224 Y14.164 Z23.803 E1082.43774
G1 X-3.875 Y16.35 Z23.809 E1083.51036
G1 X-4.573 Y18.386 Z23.816 E1084.52253
G1 X-4.787 Y18.887 Z23.818 E1084.77872
G1 X-5.297 Y18.751 Z23.819 E1085.02694
G1 X-5.229 Y18.196 Z23.821 E1085.28989
G1 X-4.809 Y16.063 Z23.827 E1086.31223
G1 X-4.279 Y13.846 Z23.834 E1087.38418
G1 X-3.966 Y12.009 Z23.84 E1088.26051
G1 X-4.146 Y10.581 Z23.844 E1088.93737
G1 X-5.909 Y10 Z23.849 E1089.81031
G1 X-7.063 Y11.166 Z23.854 E1090.58178
G1 X-8.324 Y12.81 Z23.86 E1091.55614
G1 X-9.695 Y14.631 Z23.867 E1092.62806
G1 X-10.716 Y15.837 Z23.872 E1093.37115
G1 X-11.34 Y15.723 Z23.874 E1093.66946
G1 X-10.809 Y14.738 Z23.877 E1094.19569
G1 X-9.587 Y12.802 Z23.884 E1095.27232
G1 X-8.382 Y10.978 Z23.89 E1096.30036
G1 X-7.249 Y9.101 Z23.897 E1097.3314
G1 X-9.097 Y7.245 Z23.905 E1098.56308
G1 X-10.989 Y8.384 Z23.911 E1099.60161
G1 X-12.836 Y9.606 Z23.918 E1100.64309
G1 X-14.749 Y10.813 Z23.925 E1101.70681
G1 X-15.726 Y11.339 Z23.928 E1102.22862
G1 X-15.84 Y10.721 Z23.93 E1102.52414
G1 X-14.63 Y9.699 Z23.935 E1103.26898
G1 X-12.789 Y8.316 Z23.941 E1104.35181
G1 X-11.149 Y7.069 Z23.948 E1105.32067
G1 X-9.939 Y5.888 Z23.953 E1106.11581
G1 X-10.52 Y4.111 Z23.958 E1106.995
G1 X-12.003 Y3.929 Z23.963 E1107.69764
G1 X-13.883 Y4.274 Z23.968 E1108.5965
G1 X-16.107 Y4.811 Z23.975 E1109.67243
G1 X-18.229 Y5.228 Z23.982 E1110.68942
G1 X-18.751 Y5.289 Z23.983 E1110.93657
G1 X-18.885 Y4.795 Z23.985 E1111.17728
G1 X-18.384 Y4.58 Z23.986 E1111.43366
G1 X-16.343 Y3.884 Z23.993 E1112.44774
G1 X-14.126 Y3.232 Z24 E1113.53447
G1 X-12.352 Y2.608 Z24.005 E1114.41883
G1 X-11.136 Y1.701 Z24.01 E1115.13223
G1 X-11.513 Y-.14 Z24.015 E1116.01595
G1 X-13.194 Y-.561 Z24.021 E1116.83089
G1 X-15.234 Y-.814 Z24.027 E1117.79758
G1 X-17.545 Y-1.093 Z24.034 E1118.89225
G1 X-19.077 Y-1.369 Z24.038 E1119.6243
G1 X-19.288 Y-1.952 Z24.04 E1119.91587
G1 X-18.172 Y-1.984 Z24.043 E1120.4409
G1 X-15.882 Y-1.891 Z24.05 E1121.5187
G1 X-13.699 Y-1.751 Z24.057 E1122.5474
G1 X-11.411 Y-1.698 Z24.064 E1123.62365
G1 X-10.723 Y-4.231 Z24.071 E1124.85799
G1 X-12.765 Y-5.35 Z24.078 E1125.95301
G1 X-14.726 Y-6.319 Z24.085 E1126.98165
G1 X-16.738 Y-7.374 Z24.092 E1128.05001
G1 X-17.678 Y-7.955 Z24.095 E1128.56968
G1 X-17.205 Y-8.35 Z24.097 E1128.85948
G1 X-15.74 Y-7.822 Z24.101 E1129.59179
G1 X-13.567 Y-6.891 Z24.108 E1130.70352
G1 X-11.712 Y-6.097 Z24.114 E1131.65242
G1 X-9.995 Y-5.594 Z24.12 E1132.4938
G1 X-8.733 Y-7.003 Z24.125 E1133.38333
G1 X-9.358 Y-8.449 Z24.13 E1134.12413
G1 X-10.633 Y-9.896 Z24.136 E1135.03108
G1 X-12.207 Y-11.542 Z24.143 E1136.10209
G1 X-13.626 Y-13.164 Z24.149 E1137.11556
G1 X-13.95 Y-13.599 Z24.151 E1137.37063
G1 X-13.6 Y-13.951 Z24.152 E1137.60407
G1 X-13.162 Y-13.625 Z24.154 E1137.86084
G1 X-11.543 Y-12.206 Z24.16 E1138.87324
G1 X-9.871 Y-10.606 Z24.167 E1139.96154
G1 X-8.454 Y-9.346 Z24.173 E1140.85325
G1 X-6.987 Y-8.706 Z24.177 E1141.60592
G1 X-5.568 Y-9.966 Z24.183 E1142.49833
G1 X-6.084 Y-11.714 Z24.188 E1143.35542
G1 X-6.9 Y-13.605 Z24.195 E1144.32396
G1 X-7.816 Y-15.741 Z24.202 E1145.41692
G1 X-8.344 Y-17.204 Z24.206 E1146.14835
G1 X-7.958 Y-17.675 Z24.208 E1146.43473
G1 X-7.379 Y-16.736 Z24.211 E1146.9535
G1 X-6.306 Y-14.68 Z24.218 E1148.04412
G1 X-5.35 Y-12.728 Z24.225 E1149.06626
G1 X-4.21 Y-10.637 Z24.232 E1150.18623
G1 X-1.669 Y-11.303 Z24.24 E1151.42154
G1 X-1.728 Y-13.711 Z24.247 E1152.55428
G1 X-1.881 Y-15.924 Z24.253 E1153.59746
G1 X-1.975 Y-18.208 Z24.26 E1154.67246
G1 X-1.944 Y-19.287 Z24.263 E1155.18009
G1 X-1.379 Y-19.075 Z24.265 E1155.46388
G1 X-1.1 Y-17.506 Z24.27 E1156.2133
G1 X-.83 Y-15.215 Z24.277 E1157.29813
G1 X-.605 Y-13.182 Z24.283 E1158.26002
G1 X-.175 Y-11.351 Z24.288 E1159.1445
G1 X1.7 Y-10.963 Z24.294 E1160.04493
G1 X2.677 Y-12.298 Z24.299 E1160.8229
G1 X3.267 Y-14.151 Z24.305 E1161.73741
G1 X3.901 Y-16.343 Z24.312 E1162.81049
G1 X4.592 Y-18.379 Z24.318 E1163.82159
G1 X4.809 Y-18.877 Z24.32 E1164.07705
G1 X5.273 Y-18.753 Z24.321 E1164.30291
G1 X5.21 Y-18.202 Z24.323 E1164.56371
G1 X4.783 Y-16.069 Z24.329 E1165.58669
G1 X4.235 Y-13.856 Z24.336 E1166.65882
G1 X3.817 Y-11.987 Z24.342 E1167.55946
G1 X3.993 Y-10.317 Z24.347 E1168.34916
G1 X5.814 Y-9.707 Z24.352 E1169.25228
G1 X7.124 Y-11.106 Z24.358 E1170.15359
G1 X8.353 Y-12.789 Z24.364 E1171.13361
G1 X9.714 Y-14.617 Z24.371 E1172.20535
G1 X10.732 Y-15.823 Z24.376 E1172.94753
G1 X11.321 Y-15.733 Z24.378 E1173.22773
G1 X10.79 Y-14.749 Z24.381 E1173.75355
G1 X9.561 Y-12.819 Z24.388 E1174.82956
G1 X8.331 Y-11.008 Z24.394 E1175.85907
G1 X7.03 Y-8.893 Z24.402 E1177.02679
G1 X8.89 Y-7.027 Z24.41 E1178.26579
G1 X11.019 Y-8.334 Z24.417 E1179.4406
G1 X12.853 Y-9.581 Z24.424 E1180.48355
G1 X14.76 Y-10.795 Z24.43 E1181.54665
G1 X15.736 Y-11.32 Z24.434 E1182.06782
G1 X15.826 Y-10.737 Z24.435 E1182.34523
G1 X14.615 Y-9.718 Z24.44 E1183.08951
G1 X12.767 Y-8.345 Z24.447 E1184.17217
G1 X11.089 Y-7.129 Z24.453 E1185.14669
G1 X9.646 Y-5.794 Z24.459 E1186.07115
G1 X10.256 Y-3.958 Z24.465 E1186.98097
G1 X11.981 Y-3.78 Z24.47 E1187.79648
G1 X13.893 Y-4.232 Z24.476 E1188.72041
G1 X16.114 Y-4.785 Z24.483 E1189.79676
G1 X18.233 Y-5.208 Z24.489 E1190.81292
G1 X18.754 Y-5.266 Z24.491 E1191.05944
G1 X18.874 Y-4.817 Z24.492 E1191.278
G1 X18.377 Y-4.599 Z24.494 E1191.53322
G1 X16.335 Y-3.909 Z24.5 E1192.54684
;TIME_ELAPSED:237.553366
;LAYER:24
;TYPE:WALL-OUTER
;MESH:ceramic_two_component_reference_like_v3.stl
G1 X13.944 Y-3.224 Z24.507 E1193.71648
G1 X12.078 Y-2.593 Z24.513 E1194.64281
G1 X10.834 Y-1.699 Z24.517 E1195.36322
G1 X11.215 Y0.181 Z24.522 E1196.26529
G1 X12.938 Y0.588 Z24.527 E1197.09786
G1 X15.06 Y0.83 Z24.533 E1198.10223
G1 X17.534 Y1.114 Z24.54 E1199.27331
G1 X19.08 Y1.401 Z24.545 E1200.01276
G1 X19.291 Y1.934 Z24.547 E1200.28234
G1 X18.221 Y1.962 Z24.55 E1200.7857
G1 X15.817 Y1.859 Z24.556 E1201.91725
G1 X13.49 Y1.691 Z24.563 E1203.01441
G1 X11.14 Y1.616 Z24.57 E1204.1201
G1 X10.452 Y4.168 Z24.577 E1205.36306
G1 X12.526 Y5.281 Z24.584 E1206.46996
G1 X14.637 Y6.306 Z24.59 E1207.57353
G1 X16.756 Y7.406 Z24.597 E1208.69629
G1 X17.677 Y7.973 Z24.6 E1209.2049
G1 X17.229 Y8.327 Z24.602 E1209.47341
G1 X15.732 Y7.798 Z24.606 E1210.22006
G1 X13.46 Y6.809 Z24.613 E1211.38535
G1 X11.502 Y5.954 Z24.619 E1212.39009
G1 X9.783 Y5.427 Z24.624 E1213.23561
G1 X8.502 Y6.869 Z24.63 E1214.14266
G1 X9.144 Y8.29 Z24.634 E1214.87595
G1 X10.461 Y9.766 Z24.64 E1215.8062
G1 X12.155 Y11.518 Z24.647 E1216.95226
G1 X13.67 Y13.242 Z24.653 E1218.03156
G1 X13.951 Y13.621 Z24.655 E1218.25343
G1 X13.622 Y13.951 Z24.656 E1218.47257
G1 X13.243 Y13.671 Z24.657 E1218.69416
G1 X11.519 Y12.156 Z24.664 E1219.77346
G1 X9.769 Y10.46 Z24.671 E1220.91949
G1 X8.293 Y9.14 Z24.676 E1221.85069
G1 X6.861 Y8.487 Z24.681 E1222.59082
G1 X5.414 Y9.767 Z24.686 E1223.49932
G1 X5.948 Y11.502 Z24.691 E1224.353
G1 X6.806 Y13.46 Z24.697 E1225.35831
G1 X7.797 Y15.731 Z24.704 E1226.52354
G1 X8.331 Y17.231 Z24.709 E1227.2723
G1 X7.976 Y17.687 Z24.71 E1227.54407
G1 X7.406 Y16.758 Z24.713 E1228.05662
G1 X6.308 Y14.637 Z24.72 E1229.17978
G1 X5.288 Y12.523 Z24.727 E1230.2836
G1 X4.158 Y10.411 Z24.734 E1231.41002
G1 X1.601 Y11.081 Z24.741 E1232.65309
G1 X1.68 Y13.49 Z24.748 E1233.78657
G1 X1.854 Y15.831 Z24.755 E1234.8905
G1 X1.967 Y18.22 Z24.761 E1236.01522
G1 X1.938 Y19.312 Z24.764 E1236.52893
G1 X1.398 Y19.092 Z24.766 E1236.80314
G1 X1.117 Y17.534 Z24.771 E1237.54763
G1 X0.837 Y15.06 Z24.778 E1238.7185
G1 X0.609 Y12.934 Z24.784 E1239.72402
G1 X0.2 Y11.129 Z24.789 E1240.59436
G1 X-1.703 Y10.744 Z24.794 E1241.50741
G1 X-2.626 Y12.052 Z24.799 E1242.26025
G1 X-3.232 Y13.94 Z24.804 E1243.19272
G1 X-3.899 Y16.287 Z24.811 E1244.34014
G1 X-4.632 Y18.468 Z24.818 E1245.42217
G1 X-4.824 Y18.911 Z24.819 E1245.64922
G1 X-5.278 Y18.791 Z24.821 E1245.87005
G1 X-5.222 Y18.306 Z24.822 E1246.09965
G1 X-4.767 Y16.055 Z24.828 E1247.17962
G1 X-4.169 Y13.691 Z24.835 E1248.32635
G1 X-3.745 Y11.75 Z24.841 E1249.26066
G1 X-3.889 Y10.141 Z24.846 E1250.02034
G1 X-5.745 Y9.516 Z24.851 E1250.94132
G1 X-6.997 Y10.894 Z24.856 E1251.81687
G1 X-8.256 Y12.623 Z24.862 E1252.82268
G1 X-9.734 Y14.629 Z24.869 E1253.99443
G1 X-10.756 Y15.838 Z24.874 E1254.73891
G1 X-11.34 Y15.763 Z24.876 E1255.0158
G1 X-10.819 Y14.805 Z24.879 E1255.52863
G1 X-9.495 Y12.746 Z24.886 E1256.67981
G1 X-8.194 Y10.845 Z24.892 E1257.7631
G1 X-6.894 Y8.767 Z24.899 E1258.91579
G1 X-8.765 Y6.892 Z24.906 E1260.16144
G1 X-10.845 Y8.192 Z24.913 E1261.31492
G1 X-12.756 Y9.5 Z24.92 E1262.40395
G1 X-14.808 Y10.82 Z24.927 E1263.55135
G1 X-15.768 Y11.345 Z24.93 E1264.0659
G1 X-15.843 Y10.757 Z24.932 E1264.34466
G1 X-14.629 Y9.734 Z24.936 E1265.09123
G1 X-12.622 Y8.259 Z24.943 E1266.26253
G1 X-10.89 Y7.002 Z24.949 E1267.26893
G1 X-9.487 Y5.725 Z24.955 E1268.16109
G1 X-10.109 Y3.87 Z24.96 E1269.08117
G1 X-11.747 Y3.728 Z24.965 E1269.85435
G1 X-13.691 Y4.164 Z24.97 E1270.79126
G1 X-16.054 Y4.764 Z24.977 E1271.93776
G1 X-18.305 Y5.225 Z24.984 E1273.0183
G1 X-18.81 Y5.285 Z24.985 E1273.25745
G1 X-18.932 Y4.828 Z24.987 E1273.47989
G1 X-18.469 Y4.63 Z24.988 E1273.7167
G1 X-16.287 Y3.901 Z24.994 E1274.79857
G1 X-13.939 Y3.24 Z25.001 E1275.94568
G1 X-12.036 Y2.65 Z25.007 E1276.88262
G1 X-10.673 Y1.705 Z25.012 E1277.66258
G1 X-11.056 Y-.214 Z25.017 E1278.58281
G1 X-12.93 Y-.625 Z25.023 E1279.48504
G1 X-15.059 Y-.842 Z25.029 E1280.49142
G1 X-17.534 Y-1.115 Z25.036 E1281.66239
G1 X-19.105 Y-1.392 Z25.04 E1282.41257
G1 X-19.338 Y-1.942 Z25.042 E1282.69347
G1 X-18.221 Y-1.967 Z25.045 E1283.21889
G1 X-15.818 Y-1.851 Z25.052 E1284.35025
G1 X-13.491 Y-1.666 Z25.059 E1285.44802
G1 X-10.989 Y-1.569 Z25.066 E1286.62551
G1 X-10.3 Y-4.134 Z25.073 E1287.8745
G1 X-12.515 Y-5.303 Z25.08 E1289.0523
G1 X-14.634 Y-6.314 Z25.087 E1290.1564
G1 X-16.758 Y-7.403 Z25.094 E1291.27888
G1 X-17.723 Y-7.99 Z25.097 E1291.81005
G1 X-17.246 Y-8.349 Z25.098 E1292.0908
G1 X-15.733 Y-7.796 Z25.103 E1292.84835
G1 X-13.465 Y-6.798 Z25.11 E1294.01361
G1 X-11.513 Y-5.918 Z25.116 E1295.02053
G1 X-9.662 Y-5.319 Z25.122 E1295.93544
G1 X-8.36 Y-6.792 Z25.127 E1296.85996
G1 X-9.08 Y-8.319 Z25.132 E1297.65387
G1 X-10.449 Y-9.778 Z25.138 E1298.59474
G1 X-12.152 Y-11.522 Z25.144 E1299.74105
G1 X-13.678 Y-13.237 Z25.151 E1300.8206
G1 X-13.997 Y-13.661 Z25.152 E1301.07012
G1 X-13.661 Y-13.997 Z25.154 E1301.29358
G1 X-13.237 Y-13.679 Z25.155 E1301.54282
G1 X-11.522 Y-12.152 Z25.162 E1302.62269
G1 X-9.78 Y-10.448 Z25.169 E1303.76865
G1 X-8.322 Y-9.075 Z25.174 E1304.71046
G1 X-6.784 Y-8.345 Z25.179 E1305.51107
G1 X-5.306 Y-9.646 Z25.185 E1306.43704
G1 X-5.913 Y-11.514 Z25.19 E1307.36071
G1 X-6.795 Y-13.465 Z25.196 E1308.3676
G1 X-7.795 Y-15.733 Z25.203 E1309.53323
G1 X-8.354 Y-17.249 Z25.208 E1310.29308
G1 X-7.993 Y-17.733 Z25.21 E1310.57703
G1 X-7.403 Y-16.759 Z25.213 E1311.11255
G1 X-6.316 Y-14.633 Z25.22 E1312.23543
G1 X-5.309 Y-12.511 Z25.226 E1313.34
G1 X-4.124 Y-10.254 Z25.233 E1314.53879
G1 X-1.553 Y-10.935 Z25.241 E1315.78954
G1 X-1.656 Y-13.491 Z25.248 E1316.99251
G1 X-1.847 Y-15.832 Z25.255 E1318.09706
G1 X-1.97 Y-18.221 Z25.262 E1319.22201
G1 X-1.946 Y-19.358 Z25.265 E1319.75682
G1 X-1.388 Y-19.117 Z25.266 E1320.04266
G1 X-1.116 Y-17.534 Z25.271 E1320.798
G1 X-.851 Y-15.082 Z25.278 E1321.95781
G1 X-.645 Y-12.926 Z25.284 E1322.97632
G1 X-.232 Y-10.97 Z25.29 E1323.91644
G1 X1.709 Y-10.583 Z25.295 E1324.84719
G1 X2.683 Y-12.012 Z25.3 E1325.66045
G1 X3.249 Y-13.936 Z25.306 E1326.60358
G1 X3.904 Y-16.286 Z25.313 E1327.75083
G1 X4.624 Y-18.472 Z25.319 E1328.83316
G1 X4.836 Y-18.97 Z25.321 E1329.08769
G1 X5.297 Y-18.848 Z25.322 E1329.31194
G1 X5.232 Y-18.306 Z25.324 E1329.56866
G1 X4.762 Y-16.056 Z25.33 E1330.64959
G1 X4.152 Y-13.695 Z25.337 E1331.79635
G1 X3.675 Y-11.742 Z25.343 E1332.74177
G1 X3.806 Y-10.002 Z25.348 E1333.56235
G1 X5.686 Y-9.365 Z25.353 E1334.49582
G1 X7.024 Y-10.869 Z25.359 E1335.44248
G1 X8.266 Y-12.616 Z25.365 E1336.45049
G1 X9.735 Y-14.628 Z25.372 E1337.62202
G1 X10.76 Y-15.865 Z25.377 E1338.3775
G1 X11.371 Y-15.799 Z25.378 E1338.6665
G1 X10.824 Y-14.807 Z25.382 E1339.19923
G1 X9.495 Y-12.76 Z25.389 E1340.34695
G1 X8.172 Y-10.857 Z25.395 E1341.43688
G1 X6.777 Y-8.66 Z25.402 E1342.66073
G1 X8.659 Y-6.776 Z25.41 E1343.91304
G1 X10.858 Y-8.171 Z25.417 E1345.13768
G1 X12.76 Y-9.494 Z25.424 E1346.22723
G1 X14.806 Y-10.824 Z25.431 E1347.37482
G1 X15.803 Y-11.375 Z25.434 E1347.91051
G1 X15.869 Y-10.761 Z25.436 E1348.20091
G1 X14.628 Y-9.735 Z25.44 E1348.95814
G1 X12.615 Y-8.268 Z25.447 E1350.12949
G1 X10.864 Y-7.029 Z25.453 E1351.13822
G1 X9.334 Y-5.673 Z25.459 E1352.09964
G1 X9.971 Y-3.787 Z25.465 E1353.03579
G1 X11.74 Y-3.658 Z25.47 E1353.8699
G1 X13.696 Y-4.148 Z25.476 E1354.81816
G1 X16.056 Y-4.76 Z25.482 E1355.96469
G1 X18.304 Y-5.235 Z25.489 E1357.0452
G1 X18.867 Y-5.304 Z25.491 E1357.31194
G1 X18.99 Y-4.84 Z25.492 E1357.53768
G1 X18.473 Y-4.621 Z25.493 E1357.80172
G1 X16.286 Y-3.906 Z25.5 E1358.88376
;TIME_ELAPSED:246.650921
;LAYER:25
;TYPE:WALL-OUTER
;MESH:ceramic_two_component_reference_like_v3.stl
G1 X12.039 Y-2.717 Z25.512 E1360.95777
G1 X10.524 Y-1.715 Z25.517 E1361.81195
G1 X10.904 Y0.245 Z25.522 E1362.75083
G1 X12.984 Y0.665 Z25.528 E1363.74873
G1 X15.232 Y0.871 Z25.534 E1364.81031
G1 X17.852 Y1.167 Z25.541 E1366.05025
G1 X19.181 Y1.471 Z25.545 E1366.69137
G1 X19.398 Y1.954 Z25.546 E1366.94038
G1 X18.586 Y1.968 Z25.549 E1367.32229
G1 X16.052 Y1.858 Z25.556 E1368.51507
G1 X13.584 Y1.653 Z25.562 E1369.67968
G1 X10.865 Y1.529 Z25.57 E1370.95966
G1 X10.175 Y4.108 Z25.577 E1372.21514
G1 X12.59 Y5.359 Z25.584 E1373.49416
G1 X14.82 Y6.412 Z25.591 E1374.65388
G1 X17.085 Y7.588 Z25.598 E1375.85405
G1 X17.796 Y8.015 Z25.6 E1376.24407
G1 X17.36 Y8.33 Z25.602 E1376.49702
G1 X16.023 Y7.911 Z25.605 E1377.15592
G1 X13.65 Y6.873 Z25.612 E1378.37395
G1 X11.576 Y5.918 Z25.619 E1379.44771
G1 X9.571 Y5.237 Z25.624 E1380.4435
G1 X8.257 Y6.746 Z25.63 E1381.38446
G1 X9.065 Y8.372 Z25.635 E1382.23832
G1 X12.345 Y11.732 Z25.647 E1384.44646
G1 X13.948 Y13.557 Z25.654 E1385.58876
G1 X14.076 Y13.726 Z25.655 E1385.68846
G1 X13.726 Y14.077 Z25.656 E1385.92156
G1 X13.558 Y13.949 E1386.02088
G1 X11.732 Y12.346 Z25.663 E1387.16353
G1 X8.373 Y9.066 Z25.676 E1389.37134
G1 X6.747 Y8.256 Z25.681 E1390.22562
G1 X5.236 Y9.571 Z25.686 E1391.1676
G1 X5.917 Y11.575 Z25.692 E1392.16294
G1 X6.874 Y13.648 Z25.698 E1393.23667
G1 X7.916 Y16.02 Z25.705 E1394.45502
G1 X8.356 Y17.377 Z25.709 E1395.12588
G1 X8.029 Y17.837 Z25.71 E1395.39129
G1 X7.581 Y17.09 Z25.713 E1395.80091
G1 X6.408 Y14.821 Z25.72 E1397.0021
G1 X5.358 Y12.591 Z25.726 E1398.16122
G1 X4.111 Y10.175 Z25.734 E1399.4398
G1 X1.526 Y10.864 Z25.741 E1400.69787
G1 X1.654 Y13.583 Z25.748 E1401.97794
G1 X1.864 Y16.056 Z25.755 E1403.14509
G1 X1.985 Y18.586 Z25.762 E1404.33623
G1 X1.971 Y19.481 Z25.764 E1404.75716
G1 X1.446 Y19.239 Z25.766 E1405.02902
G1 X1.154 Y17.855 Z25.77 E1405.6942
G1 X0.866 Y15.234 Z25.777 E1406.93418
G1 X0.664 Y12.985 Z25.783 E1407.99607
G1 X0.25 Y10.902 Z25.789 E1408.99479
G1 X-1.72 Y10.519 Z25.794 E1409.93856
G1 X-2.716 Y12.038 Z25.799 E1410.79276
G1 X-3.973 Y16.535 Z25.812 E1412.98861
G1 X-4.752 Y18.862 Z25.819 E1414.1426
G1 X-4.858 Y19.116 E1414.27204
G1 X-5.351 Y18.986 Z25.821 E1414.5118
G1 X-5.317 Y18.712 E1414.64164
G1 X-4.83 Y16.313 Z25.828 E1415.79282
G1 X-3.666 Y11.786 Z25.841 E1417.99096
G1 X-3.771 Y9.971 Z25.846 E1418.84592
G1 X-5.671 Y9.316 Z25.851 E1419.79103
G1 X-7.066 Y10.913 Z25.857 E1420.78822
G1 X-8.365 Y12.762 Z25.863 E1421.85087
G1 X-9.921 Y14.889 Z25.87 E1423.0902
G1 X-10.875 Y15.968 Z25.874 E1423.76751
G1 X-11.475 Y15.918 Z25.876 E1424.05065
G1 X-11.022 Y15.104 Z25.878 E1424.48873
G1 X-9.619 Y12.931 Z25.885 E1425.7051
G1 X-8.226 Y10.934 Z25.892 E1426.85013
G1 X-6.755 Y8.648 Z25.899 E1428.12849
G1 X-8.647 Y6.754 Z25.906 E1429.38744
G1 X-10.933 Y8.225 Z25.914 E1430.66581
G1 X-12.929 Y9.62 Z25.92 E1431.81098
G1 X-15.101 Y11.024 Z25.927 E1433.02722
G1 X-15.933 Y11.489 Z25.93 E1433.47544
G1 X-15.984 Y10.878 Z25.932 E1433.76377
G1 X-14.892 Y9.919 Z25.936 E1434.44722
G1 X-12.763 Y8.364 Z25.943 E1435.68703
G1 X-10.914 Y7.066 Z25.949 E1436.74942
G1 X-9.315 Y5.672 Z25.955 E1437.74701
G1 X-9.971 Y3.768 Z25.96 E1438.69405
G1 X-11.785 Y3.666 Z25.965 E1439.54845
G1 X-16.311 Y4.836 Z25.978 E1441.74684
G1 X-18.71 Y5.332 Z25.984 E1442.89887
G1 X-19.045 Y5.375 Z25.985 E1443.0577
G1 X-19.182 Y4.868 Z25.987 E1443.30468
G1 X-18.869 Y4.738 Z25.988 E1443.46406
G1 X-16.538 Y3.966 Z25.994 E1444.61881
G1 X-12.038 Y2.717 Z26.007 E1446.815
G1 X-10.517 Y1.725 Z26.012 E1447.66896
G1 X-10.901 Y-.254 Z26.017 E1448.61697
G1 X-12.985 Y-.661 Z26.023 E1449.61552
G1 X-15.232 Y-.859 Z26.029 E1450.6763
G1 X-17.857 Y-1.138 Z26.036 E1451.9177
G1 X-19.309 Y-1.414 Z26.04 E1452.61275
G1 X-19.586 Y-1.992 Z26.042 E1452.91417
G1 X-18.587 Y-2.006 Z26.045 E1453.38401
G1 X-16.051 Y-1.875 Z26.052 E1454.5782
G1 X-13.583 Y-1.659 Z26.058 E1455.74325
G1 X-10.865 Y-1.523 Z26.066 E1457.02303
G1 X-10.172 Y-4.114 Z26.073 E1458.28432
G1 X-12.593 Y-5.354 Z26.08 E1459.56348
G1 X-14.828 Y-6.398 Z26.087 E1460.72353
G1 X-17.104 Y-7.556 Z26.094 E1461.92443
G1 X-17.978 Y-8.076 Z26.097 E1462.40269
G1 X-17.442 Y-8.443 Z26.099 E1462.70817
G1 X-16.012 Y-7.938 Z26.103 E1463.42136
G1 X-13.644 Y-6.884 Z26.11 E1464.64027
G1 X-11.574 Y-5.92 Z26.116 E1465.71411
G1 X-9.57 Y-5.229 Z26.122 E1466.71097
G1 X-8.245 Y-6.752 Z26.127 E1467.66029
G1 X-9.066 Y-8.372 Z26.132 E1468.51437
G1 X-12.362 Y-11.717 Z26.145 E1470.72275
G1 X-13.986 Y-13.529 Z26.151 E1471.86703
G1 X-14.23 Y-13.846 Z26.152 E1472.05515
G1 X-13.847 Y-14.23 Z26.154 E1472.3102
G1 X-13.529 Y-13.987 Z26.155 E1472.4984
G1 X-11.716 Y-12.363 Z26.162 E1473.64303
G1 X-8.372 Y-9.066 Z26.174 E1475.8514
G1 X-6.753 Y-8.244 Z26.179 E1476.70528
G1 X-5.228 Y-9.57 Z26.185 E1477.65562
G1 X-5.92 Y-11.574 Z26.19 E1478.65264
G1 X-6.886 Y-13.643 Z26.197 E1479.72644
G1 X-7.945 Y-16.013 Z26.204 E1480.94718
G1 X-8.468 Y-17.459 Z26.208 E1481.67029
G1 X-8.089 Y-18.019 Z26.21 E1481.98828
G1 X-7.548 Y-17.109 Z26.213 E1482.48614
G1 X-6.394 Y-14.83 Z26.219 E1483.68744
G1 X-5.353 Y-12.594 Z26.226 E1484.84733
G1 X-4.116 Y-10.172 Z26.234 E1486.12626
G1 X-1.521 Y-10.865 Z26.241 E1487.38937
G1 X-1.661 Y-13.582 Z26.248 E1488.66878
G1 X-1.882 Y-16.055 Z26.255 E1489.83638
G1 X-2.022 Y-18.587 Z26.262 E1491.02891
G1 X-2.009 Y-19.669 Z26.265 E1491.53777
G1 X-1.389 Y-19.367 Z26.267 E1491.86209
G1 X-1.124 Y-17.86 Z26.271 E1492.58165
G1 X-.855 Y-15.259 Z26.278 E1493.81134
G1 X-.66 Y-12.985 Z26.284 E1494.88464
G1 X-.258 Y-10.899 Z26.29 E1495.88367
G1 X1.73 Y-10.513 Z26.295 E1496.83602
G1 X2.717 Y-12.038 Z26.3 E1497.69027
G1 X3.952 Y-16.542 Z26.313 E1499.88653
G1 X4.708 Y-18.88 Z26.32 E1501.04206
G1 X4.887 Y-19.311 Z26.321 E1501.26153
G1 X5.424 Y-19.167 Z26.322 E1501.52298
G1 X5.365 Y-18.706 Z26.324 E1501.74155
G1 X4.852 Y-16.308 Z26.33 E1502.89476
G1 X3.667 Y-11.785 Z26.343 E1505.09356
G1 X3.757 Y-9.97 Z26.348 E1505.94814
G1 X5.674 Y-9.308 Z26.353 E1506.90188
G1 X7.064 Y-10.915 Z26.359 E1507.90107
G1 X8.355 Y-12.769 Z26.365 E1508.9635
G1 X9.899 Y-14.908 Z26.372 E1510.20408
G1 X10.89 Y-16.109 Z26.377 E1510.93632
G1 X11.602 Y-16.062 Z26.378 E1511.27188
G1 X11.054 Y-15.085 Z26.382 E1511.79867
G1 X9.638 Y-12.927 Z26.389 E1513.01246
G1 X8.23 Y-10.931 Z26.395 E1514.16115
G1 X6.75 Y-8.651 Z26.403 E1515.43944
G1 X8.65 Y-6.75 Z26.41 E1516.70338
G1 X10.93 Y-8.23 Z26.417 E1517.98167
G1 X12.92 Y-9.635 Z26.424 E1519.12725
G1 X15.083 Y-11.058 Z26.431 E1520.34482
G1 X16.077 Y-11.616 Z26.434 E1520.88088
G1 X16.125 Y-10.892 Z26.436 E1521.2221
G1 X14.911 Y-9.896 Z26.44 E1521.96055
G1 X12.774 Y-8.356 Z26.447 E1523.19927
G1 X10.916 Y-7.063 Z26.453 E1524.26377
G1 X9.307 Y-5.675 Z26.459 E1525.26307
G1 X9.97 Y-3.754 Z26.465 E1526.21874
G1 X11.785 Y-3.667 Z26.47 E1527.07325
G1 X16.306 Y-4.859 Z26.482 E1529.27198
G1 X18.704 Y-5.38 Z26.489 E1530.42598
G1 X19.227 Y-5.448 Z26.49 E1530.674
G1 X19.376 Y-4.897 Z26.492 E1530.94242
G1 X18.887 Y-4.694 Z26.493 E1531.19141
G1 X16.545 Y-3.944 Z26.5 E1532.34787
;TIME_ELAPSED:256.127891
;LAYER:26
;TYPE:WALL-OUTER
;MESH:ceramic_two_component_reference_like_v3.stl
G1 X12.351 Y-2.801 Z26.511 E1534.3921
G1 X10.729 Y-1.873 Z26.516 E1535.27089
G1 X11.158 Y0.31 Z26.522 E1536.31711
G1 X13.331 Y0.686 Z26.528 E1537.35418
G1 X15.714 Y0.893 Z26.534 E1538.47905
G1 X18.475 Y1.204 Z26.542 E1539.78566
G1 X19.53 Y1.526 Z26.544 E1540.30438
G1 X19.786 Y2.033 Z26.546 E1540.57148
G1 X19.272 Y2.039 Z26.547 E1540.81321
G1 X16.559 Y1.925 Z26.554 E1542.09017
G1 X13.966 Y1.703 Z26.561 E1543.31403
G1 X11.148 Y1.537 Z26.569 E1544.64153
G1 X10.428 Y4.246 Z26.576 E1545.95971
G1 X12.946 Y5.507 Z26.583 E1547.28403
G1 X15.307 Y6.614 Z26.59 E1548.51031
G1 X17.708 Y7.862 Z26.597 E1549.78284
G1 X18.185 Y8.145 Z26.599 E1550.04366
G1 X17.696 Y8.466 Z26.6 E1550.31874
G1 X16.604 Y8.202 Z26.603 E1550.84706
G1 X14.075 Y7.098 Z26.611 E1552.14475
G1 X11.888 Y6.076 Z26.617 E1553.27997
G1 X9.818 Y5.319 Z26.623 E1554.31648
G1 X8.366 Y6.977 Z26.629 E1555.3529
G1 X9.299 Y8.597 Z26.633 E1556.23205
G1 X12.77 Y12.121 Z26.646 E1558.55815
G1 X14.372 Y13.936 Z26.653 E1559.6966
G1 X14.414 Y13.99 E1559.72877
G1 X13.991 Y14.415 Z26.655 E1560.01076
G1 X13.936 Y14.373 E1560.0433
G1 X12.12 Y12.772 Z26.661 E1561.18179
G1 X8.597 Y9.301 Z26.674 E1563.50756
G1 X6.975 Y8.372 Z26.679 E1564.38658
G1 X5.322 Y9.816 Z26.685 E1565.41876
G1 X6.079 Y11.886 Z26.691 E1566.45526
G1 X7.094 Y14.051 Z26.697 E1567.57972
G92 E0
G1 X8.21 Y16.594 Z26.704 E1.30598
G1 X8.51 Y17.724 Z26.707 E1.85578
G1 X8.168 Y18.255 Z26.709 E2.15281
G1 X7.849 Y17.717 Z26.711 E2.44694
G1 X6.606 Y15.313 Z26.718 E3.71964
G1 X5.501 Y12.95 Z26.725 E4.94637
G1 X4.239 Y10.432 Z26.732 E6.2709
G1 X1.545 Y11.147 Z26.739 E7.58166
G1 X1.712 Y13.964 Z26.747 E8.90872
G1 X1.94 Y16.557 Z26.754 E10.13282
G1 X2.069 Y19.272 Z26.761 E11.41104
G1 X2.062 Y19.927 Z26.762 E11.71908
G1 X1.479 Y19.627 Z26.764 E12.02741
G1 X1.179 Y18.479 Z26.767 E12.5854
G1 X0.877 Y15.717 Z26.775 E13.89202
G1 X0.673 Y13.333 Z26.781 E15.01723
G1 X0.292 Y11.163 Z26.787 E16.05332
G1 X-1.846 Y10.745 Z26.792 E17.07778
G1 X-2.787 Y12.354 Z26.797 E17.95434
G1 X-4.098 Y17.127 Z26.81 E20.28204
G1 X-4.871 Y19.453 Z26.817 E21.4347
G1 X-4.925 Y19.584 E21.50134
G1 X-5.528 Y19.423 Z26.819 E21.79484
G1 X-5.51 Y19.282 E21.86169
G1 X-5.016 Y16.872 Z26.826 E23.01859
G1 X-3.766 Y12.092 Z26.839 E25.34205
G1 X-3.78 Y10.227 Z26.843 E26.21912
G1 X-5.833 Y9.524 Z26.849 E27.23961
G1 X-7.247 Y11.212 Z26.855 E28.27513
G1 X-8.612 Y13.176 Z26.861 E29.39989
G1 X-10.257 Y15.428 Z26.869 E30.71138
G1 X-11.099 Y16.31 Z26.872 E31.28481
G1 X-11.798 Y16.282 Z26.874 E31.61379
G1 X-11.441 Y15.647 Z26.876 E31.95637
G1 X-9.974 Y13.373 Z26.883 E33.22897
G1 X-8.472 Y11.235 Z26.89 E34.45771
G1 X-6.921 Y8.88 Z26.897 E35.78379
G1 X-8.879 Y6.921 Z26.904 E37.0863
G1 X-11.233 Y8.472 Z26.912 E38.412
G1 X-13.371 Y9.975 Z26.918 E39.641
G1 X-15.643 Y11.446 Z26.926 E40.91384
G1 X-16.308 Y11.821 Z26.928 E41.27286
G1 X-16.337 Y11.101 Z26.93 E41.61173
G1 X-15.434 Y10.251 Z26.933 E42.19491
G1 X-13.179 Y8.608 Z26.94 E43.50699
G1 X-11.216 Y7.244 Z26.946 E44.63109
G1 X-9.529 Y5.828 Z26.952 E45.66686
G1 X-10.227 Y3.794 Z26.958 E46.67813
G1 X-12.089 Y3.771 Z26.963 E47.55383
G1 X-16.879 Y5.032 Z26.976 E49.88315
G1 X-19.308 Y5.54 Z26.982 E51.05014
G1 X-19.521 Y5.568 Z26.983 E51.15117
G1 X-19.691 Y4.939 Z26.985 E51.45758
G1 X-19.492 Y4.857 E51.5588
G1 X-17.133 Y4.082 Z26.992 E52.72649
G1 X-12.357 Y2.778 Z27.005 E55.05469
G1 X-10.758 Y1.826 Z27.01 E55.92982
G1 X-11.165 Y-.277 Z27.015 E56.93714
G1 X-13.334 Y-.661 Z27.021 E57.97301
G1 X-15.718 Y-.859 Z27.027 E59.09798
G1 X-18.484 Y-1.148 Z27.035 E60.40582
G1 X-19.743 Y-1.42 Z27.038 E61.01154
G1 X-20.106 Y-2.099 Z27.04 E61.37362
G1 X-19.273 Y-2.108 Z27.042 E61.76537
G1 X-16.556 Y-1.964 Z27.049 E63.04488
G1 X-13.963 Y-1.729 Z27.056 E64.26927
G1 X-11.146 Y-1.562 Z27.064 E65.59634
G1 X-10.439 Y-4.224 Z27.071 E66.89158
G1 X-12.957 Y-5.484 Z27.078 E68.21569
G1 X-15.326 Y-6.578 Z27.085 E69.4428
G1 X-17.743 Y-7.803 Z27.092 E70.71708
G1 X-18.496 Y-8.248 Z27.094 E71.12841
G1 X-17.828 Y-8.665 Z27.097 E71.49873
G1 X-16.582 Y-8.256 Z27.1 E72.11544
G1 X-14.064 Y-7.131 Z27.107 E73.41238
G1 X-11.877 Y-6.099 Z27.114 E74.54961
G1 X-9.807 Y-5.349 Z27.119 E75.58498
G1 X-8.416 Y-6.952 Z27.125 E76.58306
G1 X-9.317 Y-8.58 Z27.13 E77.45808
G1 X-12.806 Y-12.088 Z27.143 E79.78479
G1 X-14.491 Y-13.957 Z27.149 E80.96818
G1 X-14.668 Y-14.187 Z27.15 E81.10466
G1 X-14.188 Y-14.669 Z27.152 E81.42455
G1 X-13.957 Y-14.492 Z27.153 E81.56141
G1 X-12.088 Y-12.807 Z27.159 E82.74479
G1 X-8.579 Y-9.319 Z27.172 E85.0715
G1 X-6.949 Y-8.422 Z27.177 E85.94644
G1 X-5.353 Y-9.806 Z27.183 E86.93987
G1 X-6.102 Y-11.875 Z27.189 E87.97465
G1 X-7.136 Y-14.061 Z27.195 E89.11185
G1 X-8.266 Y-16.578 Z27.202 E90.40932
G1 X-8.708 Y-17.856 Z27.206 E91.04525
G1 X-8.272 Y-18.566 Z27.208 E91.43707
G1 X-7.79 Y-17.751 Z27.21 E91.88234
G1 X-6.569 Y-15.331 Z27.218 E93.15704
G1 X-5.477 Y-12.961 Z27.224 E94.38418
G1 X-4.217 Y-10.443 Z27.232 E95.70829
G1 X-1.57 Y-11.146 Z27.239 E96.99623
G1 X-1.739 Y-13.962 Z27.246 E98.32288
G1 X-1.981 Y-16.562 Z27.253 E99.55086
G1 X-2.138 Y-19.273 Z27.26 E100.82789
G1 X-2.128 Y-20.248 Z27.263 E101.28642
G1 X-1.373 Y-19.839 Z27.265 E101.69022
G1 X-1.122 Y-18.489 Z27.269 E102.33596
G1 X-.842 Y-15.72 Z27.276 E103.64476
G1 X-.648 Y-13.335 Z27.283 E104.77005
G1 X-.259 Y-11.169 Z27.288 E105.80494
G1 X1.8 Y-10.775 Z27.294 E106.79079
G1 X2.764 Y-12.36 Z27.299 E107.66319
G1 X4.052 Y-17.142 Z27.312 E109.99215
G1 X4.83 Y-19.568 Z27.318 E111.19024
G1 X4.968 Y-19.901 Z27.319 E111.35975
G1 X5.65 Y-19.72 Z27.321 E111.69158
G1 X5.604 Y-19.362 Z27.322 E111.86132
G1 X5.065 Y-16.873 Z27.329 E113.05894
G1 X3.79 Y-12.085 Z27.342 E115.38904
G1 X3.838 Y-10.229 Z27.347 E116.26214
G1 X5.809 Y-9.546 Z27.352 E117.24311
G1 X7.227 Y-11.227 Z27.358 E118.27731
G1 X8.585 Y-13.196 Z27.364 E119.40214
G1 X10.212 Y-15.465 Z27.372 E120.71514
G1 X11.114 Y-16.547 Z27.375 E121.37758
G1 X12.016 Y-16.527 Z27.378 E121.80187
G1 X11.502 Y-15.616 Z27.38 E122.29376
G1 X10.007 Y-13.351 Z27.388 E123.57002
G1 X8.494 Y-11.219 Z27.394 E124.79943
G1 X6.941 Y-8.867 Z27.402 E126.12486
G1 X8.866 Y-6.941 Z27.409 E127.40543
G1 X11.218 Y-8.494 Z27.416 E128.73085
G1 X13.349 Y-10.009 Z27.423 E129.96043
G1 X15.61 Y-11.506 Z27.43 E131.23563
G1 X16.553 Y-12.04 Z27.433 E131.74526
G1 X16.575 Y-11.116 Z27.436 E132.17991
G1 X15.47 Y-10.206 Z27.439 E132.85308
G1 X13.199 Y-8.581 Z27.447 E134.1663
G1 X11.23 Y-7.223 Z27.453 E135.29112
G1 X9.55 Y-5.804 Z27.459 E136.32527
G1 X10.23 Y-3.851 Z27.464 E137.29778
G1 X12.083 Y-3.796 Z27.469 E138.16957
G1 X16.869 Y-5.079 Z27.482 E140.49972
G1 X19.388 Y-5.634 Z27.489 E141.71274
G1 X19.818 Y-5.691 Z27.49 E141.91672
G1 X20.008 Y-4.982 Z27.492 E142.2619
G1 X19.607 Y-4.817 Z27.493 E142.46582
G1 X17.148 Y-4.035 Z27.5 E143.67927
;TIME_ELAPSED:265.907596
;LAYER:27
;TYPE:WALL-OUTER
;MESH:ceramic_two_component_reference_like_v3.stl
G1 X12.862 Y-2.888 Z27.511 E145.76575
G1 X11.157 Y-2.006 Z27.516 E146.66848
G1 X11.622 Y0.324 Z27.522 E147.78581
G1 X13.88 Y0.678 Z27.528 E148.86064
G1 X16.434 Y0.893 Z27.534 E150.06595
G1 X19.325 Y1.221 Z27.542 E151.43421
G1 X20.17 Y1.679 Z27.544 E151.8862
G1 X20.169 Y1.693 E151.8928
G1 X20.434 Y2.167 Z27.546 E152.14817
G1 X20.16 Y2.17 E152.27703
G1 X17.307 Y2.053 Z27.554 E153.61983
G1 X14.547 Y1.813 Z27.561 E154.92266
G1 X11.631 Y1.619 Z27.568 E156.29698
G1 X10.875 Y4.41 Z27.575 E157.65679
G1 X13.505 Y5.702 Z27.583 E159.03477
G1 X16.027 Y6.878 Z27.59 E160.34338
G1 X18.553 Y8.197 Z27.597 E161.68347
G1 X18.823 Y8.357 Z27.598 E161.83106
G1 X18.332 Y8.65 Z27.599 E162.09995
G1 X18.333 Y8.674 E162.11124
G1 X17.348 Y8.616 Z27.602 E162.57526
G1 X14.677 Y7.451 Z27.609 E163.94562
G1 X12.359 Y6.359 Z27.616 E165.1506
G1 X10.225 Y5.541 Z27.622 E166.22535
G1 X8.68 Y7.3 Z27.627 E167.32632
G1 X9.702 Y8.923 Z27.632 E168.22827
G1 X13.393 Y12.653 Z27.646 E170.696
G1 X14.912 Y14.36 Z27.651 E171.77055
G1 X14.94 Y14.397 Z27.652 E171.79238
G1 X14.395 Y14.945 Z27.654 E172.15583
G1 X12.652 Y13.396 Z27.659 E173.25241
G1 X8.921 Y9.705 Z27.673 E175.72047
G1 X7.296 Y8.69 Z27.678 E176.62147
G1 X5.547 Y10.222 Z27.684 E177.71488
G1 X6.364 Y12.356 Z27.689 E178.78946
G1 X7.458 Y14.673 Z27.696 E179.99442
G1 X8.629 Y17.342 Z27.703 E181.36505
G1 X8.748 Y18.376 Z27.706 E181.85451
G1 X8.706 Y18.364 E181.87505
G1 X8.386 Y18.912 Z27.708 E182.17348
G1 X8.18 Y18.564 Z27.709 E182.36365
G1 X6.866 Y16.035 Z27.716 E183.7039
G1 X5.692 Y13.51 Z27.723 E185.0134
G1 X4.399 Y10.882 Z27.73 E186.39074
G1 X1.633 Y11.629 Z27.738 E187.73809
G1 X1.827 Y14.545 Z27.745 E189.11242
G1 X2.075 Y17.304 Z27.752 E190.41511
G1 X2.209 Y20.16 Z27.759 E191.75967
G1 X2.204 Y20.613 Z27.76 E191.97271
G1 X1.629 Y20.286 Z27.762 E192.28378
G1 X1.593 Y20.329 E192.31015
G1 X1.187 Y19.329 Z27.765 E192.8177
G1 X0.87 Y16.438 Z27.772 E194.18539
G1 X0.659 Y13.883 Z27.779 E195.39101
G1 X0.293 Y11.629 Z27.785 E196.46487
G1 X-1.957 Y11.186 Z27.79 E197.54328
G1 X-2.865 Y12.867 Z27.795 E198.44175
G1 X-4.239 Y17.924 Z27.809 E200.9061
G1 X-4.979 Y20.182 Z27.815 E202.02352
G1 X-5.016 Y20.269 E202.06798
G1 X-5.801 Y20.061 Z27.817 E202.44988
G1 X-5.292 Y17.632 Z27.823 E203.61697
G1 X-3.957 Y12.574 Z27.836 E206.07702
G1 X-3.913 Y10.662 Z27.841 E206.97641
G1 X-6.066 Y9.93 Z27.847 E208.04581
G1 X-7.507 Y11.696 Z27.853 E209.11769
G1 X-8.949 Y13.782 Z27.859 E210.31023
G1 X-10.692 Y16.17 Z27.867 E211.70055
G1 X-11.544 Y16.896 Z27.87 E212.22695
G1 X-11.555 Y16.819 E212.26353
G1 X-12.279 Y16.821 Z27.872 E212.604
G1 X-12.015 Y16.353 Z27.873 E212.85669
G1 X-10.459 Y13.939 Z27.88 E214.2073
G1 X-8.864 Y11.676 Z27.887 E215.50928
G1 X-7.239 Y9.244 Z27.895 E216.88478
G1 X-9.243 Y7.239 Z27.902 E218.21788
G1 X-11.675 Y8.865 Z27.909 E219.59364
G1 X-13.936 Y10.462 Z27.916 E220.89539
G1 X-16.348 Y12.022 Z27.924 E222.24624
G1 X-16.854 Y12.309 Z27.925 E222.5198
G1 X-16.853 Y11.556 Z27.927 E222.87391
G1 X-16.943 Y11.546 E222.9165
G1 X-16.177 Y10.685 Z27.93 E223.45844
G1 X-13.787 Y8.944 Z27.938 E224.84896
G1 X-11.701 Y7.502 Z27.944 E226.04151
G1 X-9.938 Y6.058 Z27.95 E227.11319
G1 X-10.662 Y3.937 Z27.956 E228.16713
G1 X-12.571 Y3.966 Z27.96 E229.06497
G1 X-17.627 Y5.31 Z27.974 E231.5252
G1 X-20.046 Y5.826 Z27.98 E232.68837
G1 X-20.184 Y5.844 E232.75381
G1 X-20.403 Y5.033 Z27.982 E233.14886
G1 X-20.271 Y4.978 Z27.983 E233.21611
G1 X-17.932 Y4.217 Z27.989 E234.37281
G1 X-12.872 Y2.849 Z28.002 E236.83779
G1 X-11.21 Y1.919 Z28.007 E237.73341
G1 X-11.633 Y-.266 Z28.013 E238.78002
G1 X-13.884 Y-.64 Z28.019 E239.8531
G1 X-16.439 Y-.845 Z28.025 E241.05849
G1 X-19.337 Y-1.146 Z28.032 E242.42865
G1 X-20.519 Y-1.487 Z28.036 E243.00717
G1 X-20.428 Y-1.55 E243.05922
G1 X-20.841 Y-2.251 Z28.038 E243.44183
G1 X-20.161 Y-2.258 Z28.04 E243.76163
G1 X-17.303 Y-2.108 Z28.047 E245.1075
G1 X-14.543 Y-1.853 Z28.054 E246.41096
G1 X-11.628 Y-1.662 Z28.061 E247.78472
G1 X-10.895 Y-4.372 Z28.068 E249.10494
G1 X-13.521 Y-5.667 Z28.076 E250.48185
G1 X-16.052 Y-6.83 Z28.083 E251.79174
G1 X-18.598 Y-8.12 Z28.09 E253.13395
G1 X-19.217 Y-8.486 Z28.092 E253.47212
G1 X-18.484 Y-8.902 Z28.094 E253.86847
G1 X-18.537 Y-9.013 E253.92631
G1 X-17.321 Y-8.687 Z28.098 E254.51835
G1 X-14.657 Y-7.494 Z28.105 E255.89102
G1 X-12.342 Y-6.394 Z28.111 E257.09633
G1 X-10.205 Y-5.597 Z28.117 E258.16891
G1 X-8.77 Y-7.252 Z28.123 E259.19902
G1 X-9.73 Y-8.895 Z28.128 E260.09389
G1 X-13.441 Y-12.61 Z28.141 E262.56324
G1 X-15.14 Y-14.485 Z28.147 E263.75314
G1 X-15.258 Y-14.639 Z28.148 E263.84437
G1 X-14.628 Y-15.271 Z28.15 E264.26403
G1 X-12.608 Y-13.443 Z28.157 E265.54518
G1 X-8.893 Y-9.732 Z28.17 E268.01454
G1 X-7.248 Y-8.779 Z28.175 E268.90856
G1 X-5.603 Y-10.202 Z28.181 E269.93143
G1 X-6.399 Y-12.339 Z28.186 E271.00384
G1 X-7.502 Y-14.654 Z28.193 E272.20976
G1 X-8.7 Y-17.315 Z28.2 E273.5821
G1 X-9.085 Y-18.581 Z28.204 E274.20438
G1 X-8.957 Y-18.516 E274.27189
G1 X-8.515 Y-19.307 Z28.206 E274.69801
G1 X-8.103 Y-18.61 Z28.208 E275.07876
G1 X-6.82 Y-16.066 Z28.216 E276.41865
G1 X-5.656 Y-13.526 Z28.223 E277.73258
G1 X-4.359 Y-10.901 Z28.23 E279.10949
G1 X-1.677 Y-11.626 Z28.237 E280.41601
G1 X-1.867 Y-14.542 Z28.245 E281.79021
G1 X-2.13 Y-17.301 Z28.252 E283.09355
G1 X-2.297 Y-20.161 Z28.259 E284.4408
G1 X-2.289 Y-21.021 Z28.261 E284.84525
G1 X-1.486 Y-20.545 Z28.263 E285.28423
G1 X-1.401 Y-20.677 Z28.264 E285.35807
G1 X-1.112 Y-19.343 Z28.267 E285.99995
G1 X-.822 Y-16.442 Z28.275 E287.37099
G1 X-.62 Y-13.886 Z28.281 E288.57674
G1 X-.235 Y-11.639 Z28.287 E289.64882
G1 X1.87 Y-11.24 Z28.292 E290.65636
G1 X2.826 Y-12.878 Z28.297 E291.54825
G1 X4.177 Y-17.944 Z28.311 E294.01387
G1 X4.974 Y-20.444 Z28.317 E295.24783
G1 X5.066 Y-20.666 Z28.318 E295.36084
G1 X5.968 Y-20.427 Z28.32 E295.79966
G1 X5.357 Y-17.629 Z28.327 E297.14647
G1 X3.994 Y-12.563 Z28.341 E299.61356
G1 X4.016 Y-10.665 Z28.346 E300.50618
G1 X6.022 Y-9.968 Z28.351 E301.50485
G1 X7.476 Y-11.718 Z28.357 E302.57481
G1 X8.91 Y-13.81 Z28.363 E303.76754
G1 X10.633 Y-16.218 Z28.371 E305.15997
G1 X11.553 Y-17.293 Z28.374 E305.82537
G1 X11.561 Y-17.114 Z28.375 E305.90963
G1 X12.557 Y-17.132 Z28.377 E306.37809
G1 X12.093 Y-16.309 Z28.38 E306.82239
G1 X10.505 Y-13.908 Z28.387 E308.17611
G1 X8.896 Y-11.653 Z28.394 E309.47883
G1 X7.276 Y-9.22 Z28.401 E310.85342
G1 X9.219 Y-7.276 Z28.408 E312.14595
G1 X11.652 Y-8.898 Z28.416 E313.52106
G1 X13.906 Y-10.508 Z28.423 E314.82367
G1 X16.305 Y-12.1 Z28.43 E316.17765
G1 X17.166 Y-12.587 Z28.433 E316.64283
G1 X17.149 Y-11.562 Z28.435 E317.12491
G1 X17.341 Y-11.554 Z28.436 E317.21528
G1 X16.224 Y-10.625 Z28.439 E317.8985
G1 X13.824 Y-8.911 Z28.447 E319.28541
G1 X11.722 Y-7.47 Z28.453 E320.48388
G1 X9.976 Y-6.013 Z28.459 E321.5533
G1 X10.666 Y-4.04 Z28.464 E322.53623
G1 X12.561 Y-4.004 Z28.469 E323.42755
G1 X17.613 Y-5.373 Z28.482 E325.88901
G1 X20.273 Y-5.962 Z28.489 E327.17022
G1 X20.553 Y-5.999 Z28.49 E327.30304
G1 X20.8 Y-5.083 Z28.492 E327.74919
G1 X20.534 Y-4.972 Z28.493 E327.88473
G1 X17.951 Y-4.155 Z28.5 E329.15874
;TIME_ELAPSED:276.090909
;LAYER:28
;TYPE:WALL-OUTER
;MESH:ceramic_two_component_reference_like_v3.stl
G1 X13.45 Y-2.961 Z28.511 E331.34861
G1 X11.689 Y-2.088 Z28.516 E332.27293
G1 X12.17 Y0.3 Z28.522 E333.41848
G1 X14.507 Y0.649 Z28.528 E334.52967
G1 X17.205 Y0.87 Z28.534 E335.8027
G1 X20.26 Y1.215 Z28.542 E337.24849
G1 X20.874 Y1.312 Z28.543 E337.54081
G1 X20.86 Y1.32 E337.5484
G1 X21.25 Y2.336 Z28.546 E338.06018
G1 X21.116 Y2.337 E338.1232
G1 X18.117 Y2.216 Z28.554 E339.53467
G1 X15.2 Y1.958 Z28.561 E340.91179
G1 X12.179 Y1.742 Z28.568 E342.33609
G1 X11.412 Y4.578 Z28.575 E343.71767
G1 X14.141 Y5.904 Z28.583 E345.1445
G1 X16.799 Y7.137 Z28.59 E346.52241
G1 X19.457 Y8.523 Z28.597 E347.9321
G1 X19.615 Y8.616 Z28.598 E348.01832
G1 X18.757 Y9.295 Z28.6 E348.53287
G1 X18.777 Y9.328 E348.55102
G1 X18.16 Y9.091 Z28.602 E348.86184
G1 X15.329 Y7.856 Z28.61 E350.31433
G1 X12.884 Y6.698 Z28.616 E351.58656
G1 X10.686 Y5.838 Z28.622 E352.69651
G1 X9.104 Y7.639 Z28.628 E353.82381
G1 X10.176 Y9.281 Z28.632 E354.74598
G1 X14.066 Y13.195 Z28.646 E357.34104
G1 X15.581 Y14.882 Z28.651 E358.40732
G1 X14.868 Y15.598 Z28.654 E358.88251
G1 X13.194 Y14.069 Z28.659 E359.94869
G1 X9.279 Y10.179 Z28.673 E362.54408
G1 X7.634 Y9.116 Z28.678 E363.46513
G1 X5.845 Y10.682 Z28.683 E364.58322
G1 X6.703 Y12.881 Z28.689 E365.69326
G1 X7.864 Y15.328 Z28.696 E366.96695
G1 X9.106 Y18.153 Z28.703 E368.41818
G1 X9.377 Y18.856 Z28.705 E368.77249
G1 X9.31 Y18.818 E368.80871
G1 X8.648 Y19.711 Z28.708 E369.33146
G1 X8.504 Y19.469 Z28.709 E369.46389
G1 X7.124 Y16.807 Z28.716 E370.87395
G1 X5.893 Y14.147 Z28.723 E372.25232
G1 X4.565 Y11.42 Z28.73 E373.67871
G1 X1.759 Y12.177 Z28.738 E375.04545
G1 X1.973 Y15.198 Z28.745 E376.46968
G1 X2.239 Y18.114 Z28.752 E377.84667
G1 X2.38 Y21.116 Z28.759 E379.25996
G1 X2.376 Y21.44 Z28.76 E379.41234
G1 X1.355 Y20.986 Z28.763 E379.93781
G1 X1.306 Y21.073 E379.98477
G1 X1.177 Y20.267 Z28.765 E380.36862
G1 X0.844 Y17.209 Z28.773 E381.8152
G1 X0.627 Y14.51 Z28.779 E383.08854
G1 X0.265 Y12.178 Z28.785 E384.19833
G1 X-2.029 Y11.723 Z28.791 E385.29814
G1 X-2.935 Y13.456 Z28.795 E386.21776
G1 X-4.377 Y18.802 Z28.809 E388.82165
G1 X-5.113 Y21.073 Z28.815 E389.9443
G1 X-6.128 Y20.804 Z28.817 E390.4381
G1 X-5.608 Y18.449 Z28.823 E391.57225
G1 X-4.19 Y13.12 Z28.837 E394.1655
G1 X-4.119 Y11.168 Z28.841 E395.08406
G1 X-6.312 Y10.418 Z28.847 E396.174
G1 X-7.792 Y12.254 Z28.853 E397.283
G1 X-9.312 Y14.462 Z28.859 E398.5436
G1 X-11.143 Y16.976 Z28.867 E400.00617
G1 X-11.711 Y17.68 Z28.869 E400.43156
G1 X-11.712 Y17.541 E400.49692
G1 X-12.846 Y17.455 Z28.872 E401.03174
G1 X-12.636 Y17.08 Z28.873 E401.23386
G1 X-11.009 Y14.558 Z28.88 E402.64525
G1 X-9.318 Y12.168 Z28.888 E404.02206
G1 X-7.625 Y9.654 Z28.895 E405.44739
G1 X-9.653 Y7.624 Z28.902 E406.79679
G1 X-12.167 Y9.319 Z28.909 E408.22265
G1 X-14.555 Y11.011 Z28.916 E409.59896
G1 X-17.075 Y12.644 Z28.924 E411.0111
G1 X-17.49 Y12.877 Z28.925 E411.23491
G1 X-17.565 Y11.736 Z28.928 E411.77264
G1 X-17.726 Y11.737 E411.84836
G1 X-16.984 Y11.135 Z28.93 E412.29769
G1 X-14.468 Y9.305 Z28.938 E413.76075
G1 X-12.259 Y7.786 Z28.945 E415.02147
G1 X-10.428 Y6.302 Z28.95 E416.12982
G1 X-11.168 Y4.147 Z28.956 E417.20133
G1 X-13.116 Y4.2 Z28.961 E418.11774
G1 X-18.444 Y5.628 Z28.974 E420.71175
G1 X-20.933 Y6.167 Z28.98 E421.90937
G1 X-21.214 Y5.128 Z28.983 E422.41553
G1 X-18.81 Y4.353 Z28.989 E423.60334
G1 X-13.461 Y2.917 Z29.002 E426.20786
G1 X-11.751 Y1.985 Z29.007 E427.1237
G1 X-12.183 Y-.235 Z29.013 E428.18727
G1 X-14.511 Y-.606 Z29.018 E429.29586
G1 X-17.21 Y-.818 Z29.025 E430.56902
G1 X-20.273 Y-1.133 Z29.032 E432.01704
G1 X-21.313 Y-1.298 Z29.035 E432.51223
G1 X-21.14 Y-1.399 Z29.036 E432.60644
G1 X-21.683 Y-2.427 Z29.038 E433.15316
G1 X-21.117 Y-2.434 Z29.04 E433.41936
G1 X-18.113 Y-2.275 Z29.047 E434.83401
G1 X-15.196 Y-2.002 Z29.054 E436.21177
G1 X-12.175 Y-1.792 Z29.062 E437.63587
G1 X-11.435 Y-4.534 Z29.068 E438.97147
G1 X-14.16 Y-5.864 Z29.076 E440.39743
G1 X-16.826 Y-7.084 Z29.083 E441.77619
G1 X-19.506 Y-8.44 Z29.09 E443.18864
G1 X-20.035 Y-8.754 Z29.092 E443.47794
G1 X-19.04 Y-9.366 Z29.095 E444.02728
G1 X-19.152 Y-9.56 E444.13262
G1 X-18.13 Y-9.169 Z29.098 E444.64721
G1 X-15.311 Y-7.905 Z29.105 E446.10005
G1 X-12.865 Y-6.737 Z29.112 E447.37473
G1 X-10.663 Y-5.902 Z29.118 E448.48221
G1 X-9.208 Y-7.582 Z29.123 E449.52736
G1 X-10.208 Y-9.249 Z29.128 E450.44153
G1 X-14.119 Y-13.148 Z29.141 E453.03857
G1 X-15.919 Y-15.129 Z29.148 E454.2973
G1 X-15.124 Y-15.927 Z29.151 E454.82702
G1 X-13.147 Y-14.121 Z29.157 E456.08626
G1 X-9.247 Y-10.211 Z29.171 E458.6833
G1 X-7.576 Y-9.219 Z29.175 E459.59715
G1 X-5.909 Y-10.659 Z29.181 E460.63307
G1 X-6.743 Y-12.862 Z29.186 E461.74082
G1 X-7.913 Y-15.307 Z29.193 E463.01548
G1 X-9.184 Y-18.123 Z29.2 E464.46839
G1 X-9.61 Y-19.232 Z29.203 E465.02707
G1 X-9.381 Y-19.101 Z29.204 E465.15113
G1 X-8.786 Y-20.131 Z29.207 E465.71052
G1 X-8.421 Y-19.518 Z29.209 E466.04602
G1 X-7.07 Y-16.833 Z29.216 E467.45952
G1 X-5.852 Y-14.165 Z29.223 E468.83874
G1 X-4.52 Y-11.442 Z29.23 E470.26427
G1 X-1.809 Y-12.174 Z29.237 E471.58482
G1 X-2.018 Y-15.194 Z29.245 E473.00842
G1 X-2.299 Y-18.111 Z29.252 E474.38653
G1 X-2.475 Y-21.117 Z29.259 E475.80257
G1 X-2.467 Y-21.873 Z29.261 E476.15811
G1 X-1.434 Y-21.266 Z29.264 E476.72155
G1 X-1.292 Y-21.513 Z29.265 E476.85554
G1 X-1.095 Y-20.279 Z29.268 E477.44319
G1 X-.792 Y-17.213 Z29.275 E478.89205
G1 X-.584 Y-14.513 Z29.282 E480.16553
G1 X-.199 Y-12.189 Z29.287 E481.27332
G1 X1.926 Y-11.786 Z29.293 E482.29044
G1 X2.892 Y-13.467 Z29.297 E483.20219
G1 X4.31 Y-18.823 Z29.311 E485.80771
G1 X5.157 Y-21.489 Z29.318 E487.12319
G1 X6.285 Y-21.188 Z29.321 E487.67221
G1 X5.676 Y-18.433 Z29.327 E488.99907
G1 X4.234 Y-13.108 Z29.341 E491.59342
G1 X4.238 Y-11.17 Z29.346 E492.5048
G1 X6.261 Y-10.461 Z29.351 E493.51288
G1 X7.757 Y-12.278 Z29.357 E494.6197
G1 X9.269 Y-14.493 Z29.363 E495.88089
G1 X11.079 Y-17.028 Z29.371 E497.3457
G1 X11.919 Y-18.065 Z29.374 E497.97328
G1 X11.92 Y-17.742 Z29.375 E498.12518
G1 X13.14 Y-17.784 Z29.378 E498.69924
G1 X12.719 Y-17.033 Z29.38 E499.10412
G1 X11.063 Y-14.532 Z29.387 E500.5147
G1 X9.354 Y-12.142 Z29.394 E501.89642
G1 X7.666 Y-9.626 Z29.402 E503.32122
G1 X9.626 Y-7.667 Z29.408 E504.6244
G1 X12.141 Y-9.355 Z29.416 E506.04881
G1 X14.522 Y-11.062 Z29.423 E507.42654
G1 X17.028 Y-12.727 Z29.43 E508.84142
G1 X17.818 Y-13.171 Z29.432 E509.26759
G1 X17.766 Y-11.944 Z29.435 E509.84512
G1 X18.112 Y-11.944 Z29.436 E510.00783
G1 X17.035 Y-11.07 Z29.44 E510.6601
G1 X14.498 Y-9.262 Z29.447 E512.12512
G1 X12.283 Y-7.75 Z29.454 E513.38631
G1 X10.471 Y-6.25 Z29.459 E514.49252
G1 X11.171 Y-4.265 Z29.465 E515.48234
G1 X13.105 Y-4.244 Z29.469 E516.39188
G1 X18.429 Y-5.697 Z29.483 E518.98714
G1 X21.315 Y-6.336 Z29.49 E520.3772
G1 X21.63 Y-5.172 Z29.493 E520.94428
G1 X18.831 Y-4.286 Z29.5 E522.32492
;TIME_ELAPSED:286.700001
;LAYER:29
;TYPE:WALL-OUTER
;MESH:ceramic_two_component_reference_like_v3.stl
G1 X13.977 Y-3.007 Z29.512 E524.6855
G1 X12.195 Y-2.11 Z29.516 E525.62369
G1 X12.663 Y0.249 Z29.522 E526.75467
G1 X15.065 Y0.605 Z29.528 E527.89658
G1 X17.896 Y0.83 Z29.534 E529.2321
G1 X21.087 Y1.18 Z29.542 E530.74172
G1 X21.747 Y1.285 Z29.544 E531.056
G1 X21.727 Y1.296 E531.06673
G1 X22.109 Y2.517 Z29.547 E531.66837
G1 X21.966 Y2.518 E531.73562
G1 X18.846 Y2.382 Z29.554 E533.20424
G1 X15.779 Y2.104 Z29.561 E534.65246
G1 X12.664 Y1.875 Z29.569 E536.12129
G1 X11.902 Y4.708 Z29.576 E537.5009
G1 X14.716 Y6.067 Z29.583 E538.97046
G1 X17.485 Y7.344 Z29.59 E540.40443
G1 X20.291 Y8.798 Z29.598 E541.89063
G1 X20.444 Y8.888 E541.97411
G1 X19.489 Y9.74 Z29.601 E542.57596
G1 X19.518 Y9.787 E542.60193
G1 X18.852 Y9.533 Z29.603 E542.93713
G1 X15.893 Y8.228 Z29.61 E544.45797
G1 X13.347 Y7.016 Z29.617 E545.784
G1 X11.088 Y6.13 Z29.623 E546.92512
G1 X9.526 Y7.913 Z29.628 E548.03985
G1 X10.608 Y9.585 Z29.633 E548.97641
G1 X14.693 Y13.675 Z29.646 E551.69482
G1 X16.241 Y15.367 Z29.652 E552.77328
G1 X15.368 Y16.242 Z29.655 E553.35454
G1 X13.675 Y14.695 Z29.66 E554.43302
G1 X9.583 Y10.611 Z29.674 E557.15177
G1 X7.909 Y9.536 Z29.678 E558.08734
G1 X6.136 Y11.084 Z29.684 E559.19419
G1 X7.02 Y13.344 Z29.69 E560.3354
G1 X8.243 Y15.907 Z29.696 E561.67088
G1 X9.545 Y18.846 Z29.704 E563.18254
G1 X9.83 Y19.588 Z29.706 E563.55633
G1 X9.736 Y19.531 E563.60803
G1 X8.916 Y20.53 Z29.709 E564.21582
G1 X8.781 Y20.302 Z29.71 E564.34043
G1 X7.329 Y17.485 Z29.717 E565.83079
G1 X6.058 Y14.721 Z29.724 E567.26144
G1 X4.696 Y11.909 Z29.731 E568.73078
G1 X1.89 Y12.662 Z29.738 E570.09703
G1 X2.117 Y15.777 Z29.746 E571.56579
G1 X2.403 Y18.843 Z29.753 E573.01388
G1 X2.556 Y21.966 Z29.76 E574.48428
G1 X2.552 Y22.277 Z29.761 E574.63055
G1 X1.348 Y21.798 Z29.764 E575.23991
G1 X1.28 Y21.926 E575.30807
G1 X1.147 Y21.093 Z29.766 E575.70476
G1 X0.808 Y17.899 Z29.774 E577.21522
G1 X0.586 Y15.067 Z29.78 E578.5511
G1 X0.218 Y12.67 Z29.786 E579.69153
G1 X-2.059 Y12.224 Z29.791 E580.78267
G1 X-2.984 Y13.982 Z29.796 E581.71686
G1 X-4.479 Y19.572 Z29.81 E584.43803
G1 X-5.205 Y21.869 Z29.815 E585.5709
G1 X-6.429 Y21.542 Z29.818 E586.16669
G1 X-5.909 Y19.186 Z29.824 E587.3013
G1 X-4.412 Y13.602 Z29.838 E590.01999
G1 X-4.34 Y11.617 Z29.842 E590.95408
G1 X-6.517 Y10.867 Z29.848 E592.0369
G1 X-8.036 Y12.758 Z29.853 E593.17754
G1 X-9.641 Y15.099 Z29.86 E594.51233
G1 X-11.529 Y17.703 Z29.867 E596.0249
G1 X-12.11 Y18.42 Z29.87 E596.45888
G1 X-12.105 Y18.221 E596.5525
G1 X-13.409 Y18.083 Z29.873 E597.16915
G1 X-13.212 Y17.732 Z29.874 E597.35843
G1 X-11.514 Y15.111 Z29.881 E598.82705
G1 X-9.731 Y12.6 Z29.889 E600.2753
G1 X-7.979 Y10.011 Z29.896 E601.74539
G1 X-10.01 Y7.978 Z29.903 E603.09678
G1 X-12.598 Y9.732 Z29.91 E604.56701
G1 X-15.108 Y11.517 Z29.917 E606.01542
G1 X-17.728 Y13.219 Z29.925 E607.48467
G1 X-18.114 Y13.436 Z29.926 E607.69291
G1 X-18.23 Y12.126 Z29.929 E608.31136
G1 X-18.462 Y12.133 E608.42051
G1 X-17.71 Y11.522 Z29.932 E608.87617
G1 X-15.105 Y9.636 Z29.939 E610.38857
G1 X-12.763 Y8.031 Z29.946 E611.72374
G1 X-10.876 Y6.508 Z29.951 E612.8641
G1 X-11.616 Y4.364 Z29.957 E613.93072
G1 X-13.599 Y4.421 Z29.961 E614.86364
G1 X-19.181 Y5.927 Z29.975 E617.58252
G1 X-21.652 Y6.474 Z29.981 E618.77267
G1 X-21.992 Y5.221 Z29.984 E619.38322
G1 X-19.579 Y4.458 Z29.99 E620.57335
G1 X-13.987 Y2.969 Z30.003 E623.2947
G1 X-12.248 Y2.02 Z30.008 E624.22634
G1 X-12.673 Y-.191 Z30.013 E625.28513
G1 X-15.068 Y-.567 Z30.019 E626.42521
G1 X-17.901 Y-.783 Z30.026 E627.76134
G1 X-21.099 Y-1.108 Z30.033 E629.273
G1 X-22.14 Y-1.273 Z30.036 E629.76865
G1 X-21.885 Y-1.412 E629.90523
G1 X-22.492 Y-2.598 Z30.04 E630.53177
G1 X-21.967 Y-2.605 Z30.041 E630.77868
G1 X-18.842 Y-2.435 Z30.048 E632.25043
G1 X-15.775 Y-2.142 Z30.055 E633.6993
G1 X-12.66 Y-1.919 Z30.063 E635.16793
G1 X-11.922 Y-4.667 Z30.069 E636.50601
G1 X-14.732 Y-6.032 Z30.077 E637.97511
G1 X-17.509 Y-7.297 Z30.084 E639.41015
G1 X-20.335 Y-8.723 Z30.091 E640.89872
G1 X-20.818 Y-9.01 Z30.093 E641.16294
G1 X-19.684 Y-9.722 Z30.096 E641.79262
G1 X-19.851 Y-9.993 E641.94231
G1 X-18.826 Y-9.601 Z30.099 E642.45838
G1 X-15.892 Y-8.279 Z30.107 E643.97174
G1 X-13.33 Y-7.05 Z30.113 E645.30801
G1 X-11.067 Y-6.184 Z30.119 E646.44748
G1 X-9.618 Y-7.862 Z30.124 E647.49008
G1 X-10.636 Y-9.557 Z30.129 E648.41989
G1 X-14.739 Y-13.633 Z30.142 E651.13965
G1 X-16.529 Y-15.589 Z30.149 E652.38652
G1 X-15.591 Y-16.531 Z30.152 E653.01167
G1 X-13.632 Y-14.741 Z30.158 E654.25959
G1 X-9.555 Y-10.638 Z30.171 E656.97968
G1 X-7.857 Y-9.628 Z30.176 E657.90877
G1 X-6.191 Y-11.064 Z30.181 E658.9431
G1 X-7.055 Y-13.328 Z30.187 E660.08268
G1 X-8.286 Y-15.888 Z30.194 E661.41851
G1 X-9.616 Y-18.823 Z30.201 E662.93384
G1 X-10.036 Y-19.921 Z30.204 E663.48668
G1 X-9.718 Y-19.726 Z30.205 E663.6621
G1 X-9.038 Y-20.903 Z30.208 E664.30133
G1 X-8.706 Y-20.346 Z30.209 E664.60627
G1 X-7.28 Y-17.508 Z30.217 E666.09989
G1 X-6.022 Y-14.737 Z30.224 E667.531
G1 X-4.654 Y-11.929 Z30.231 E668.99987
G1 X-1.934 Y-12.659 Z30.238 E670.32426
G1 X-2.156 Y-15.774 Z30.245 E671.79285
G1 X-2.456 Y-18.84 Z30.253 E673.24157
G1 X-2.642 Y-21.967 Z30.26 E674.71469
G1 X-2.633 Y-22.659 Z30.261 E675.04014
G1 X-1.464 Y-21.957 Z30.265 E675.68139
G1 X-1.268 Y-22.32 Z30.266 E675.87539
G1 X-1.074 Y-21.105 Z30.269 E676.454
G1 X-.76 Y-17.903 Z30.276 E677.96701
G1 X-.547 Y-15.07 Z30.283 E679.30303
G1 X-.159 Y-12.679 Z30.288 E680.44214
G1 X1.969 Y-12.278 Z30.294 E681.46048
G1 X2.946 Y-13.993 Z30.298 E682.38867
G1 X4.42 Y-19.591 Z30.312 E685.11095
G1 X5.254 Y-22.231 Z30.318 E686.41292
G1 X6.567 Y-21.88 Z30.321 E687.05207
G1 X5.971 Y-19.175 Z30.328 E688.35464
G1 X4.45 Y-13.591 Z30.341 E691.07628
G1 X4.444 Y-11.618 Z30.346 E692.00411
G1 X6.472 Y-10.905 Z30.351 E693.01504
G1 X8.005 Y-12.78 Z30.357 E694.15398
G1 X9.604 Y-15.128 Z30.363 E695.48989
G1 X11.472 Y-17.749 Z30.371 E697.00347
G1 X12.297 Y-18.766 Z30.374 E697.6193
G1 X12.285 Y-18.302 Z30.375 E697.83758
G1 X13.671 Y-18.375 Z30.378 E698.49027
G1 X13.288 Y-17.69 Z30.38 E698.85933
G1 X11.558 Y-15.081 Z30.388 E700.33148
G1 X9.763 Y-12.577 Z30.395 E701.78033
G1 X8.015 Y-9.986 Z30.402 E703.25014
G1 X9.985 Y-8.015 Z30.409 E704.56064
G1 X12.576 Y-9.764 Z30.416 E706.03071
G1 X15.078 Y-11.561 Z30.423 E707.47935
G1 X17.686 Y-13.295 Z30.431 E708.95214
G1 X18.406 Y-13.699 Z30.433 E709.34039
G1 X18.312 Y-12.306 Z30.436 E709.99696
G1 X18.809 Y-12.319 Z30.437 E710.23076
G1 X17.756 Y-11.465 Z30.44 E710.86834
G1 X15.132 Y-9.598 Z30.448 E712.38279
G1 X12.784 Y-7.999 Z30.454 E713.71869
G1 X10.913 Y-6.463 Z30.46 E714.85708
G1 X11.618 Y-4.468 Z30.465 E715.85212
G1 X13.589 Y-4.46 Z30.47 E716.77902
G1 X19.168 Y-5.988 Z30.483 E719.49925
G1 X21.99 Y-6.612 Z30.49 E720.85839
G1 X22.354 Y-5.27 Z30.493 E721.51229
G1 X19.598 Y-4.398 Z30.5 E722.87167
;TIME_ELAPSED:297.705862
;LAYER:30
;TYPE:WALL-OUTER
;MESH:ceramic_two_component_reference_like_v3.stl
G1 X14.327 Y-3.017 Z30.512 E725.4341
G1 X12.548 Y-2.077 Z30.517 E726.38031
G1 X12.978 Y0.182 Z30.522 E727.46171
G1 X15.43 Y0.556 Z30.528 E728.62814
G1 X18.335 Y0.778 Z30.534 E729.99824
G1 X21.688 Y1.129 Z30.542 E731.58366
G1 X22.523 Y1.262 Z30.544 E731.98128
G1 X22.358 Y1.351 E732.06944
G1 X22.863 Y2.677 Z30.547 E732.7367
G1 X22.565 Y2.68 Z30.548 E732.87685
G1 X19.314 Y2.517 Z30.555 E734.4076
G1 X16.162 Y2.217 Z30.563 E735.89658
G1 X12.967 Y1.983 Z30.57 E737.4031
G1 X12.227 Y4.768 Z30.576 E738.75823
G1 X15.104 Y6.159 Z30.584 E740.26102
G1 X17.994 Y7.48 Z30.591 E741.75534
G1 X20.884 Y8.956 Z30.598 E743.28139
G1 X21.167 Y9.124 Z30.599 E743.43616
G1 X20.048 Y10.003 Z30.602 E744.10533
G1 X20.162 Y10.185 Z30.603 E744.20632
G1 X19.328 Y9.866 Z30.605 E744.62623
G1 X16.296 Y8.511 Z30.612 E746.18798
G1 X13.64 Y7.238 Z30.619 E747.57306
G1 X11.33 Y6.34 Z30.624 E748.73857
G1 X9.841 Y8.065 Z30.63 E749.81019
G1 X10.903 Y9.771 Z30.634 E750.75521
G1 X15.133 Y13.98 Z30.648 E753.56142
G1 X16.789 Y15.79 Z30.653 E754.7151
G1 X15.791 Y16.791 Z30.656 E755.37982
G1 X13.98 Y15.134 Z30.662 E756.53416
G1 X9.77 Y10.905 Z30.675 E759.34037
G1 X8.063 Y9.848 Z30.68 E760.28455
G1 X6.343 Y11.327 Z30.685 E761.35132
G1 X7.241 Y13.638 Z30.691 E762.51727
G1 X8.515 Y16.293 Z30.697 E763.90213
G1 X9.873 Y19.318 Z30.705 E765.46145
G1 X10.216 Y20.211 Z30.707 E765.91131
G1 X9.991 Y20.07 Z30.708 E766.03618
G1 X9.143 Y21.227 Z30.711 E766.71077
G1 X8.944 Y20.892 Z30.712 E766.89401
G1 X7.472 Y17.999 Z30.719 E768.42047
G1 X6.153 Y15.108 Z30.726 E769.91482
G1 X4.762 Y12.231 Z30.734 E771.41761
G1 X1.992 Y12.965 Z30.74 E772.7652
G1 X2.226 Y16.16 Z30.747 E774.27172
G1 X2.53 Y19.298 Z30.754 E775.75432
G1 X2.707 Y22.565 Z30.762 E777.29293
G1 X2.702 Y22.98 Z30.763 E777.4881
G1 X1.398 Y22.382 Z30.766 E778.16274
G1 X1.258 Y22.648 Z30.767 E778.3041
G1 X1.106 Y21.692 Z30.769 E778.75932
G1 X0.763 Y18.337 Z30.776 E780.34528
G1 X0.544 Y15.432 Z30.783 E781.71528
G1 X0.163 Y12.983 Z30.789 E782.88081
G1 X-2.046 Y12.565 Z30.794 E783.93806
G1 X-3.002 Y14.33 Z30.798 E784.88201
G1 X-4.536 Y20.127 Z30.812 E787.70197
G1 X-5.292 Y22.52 Z30.818 E788.88214
G1 X-6.678 Y22.149 Z30.821 E789.55687
G1 X-6.132 Y19.675 Z30.827 E790.7483
G1 X-4.569 Y13.911 Z30.84 E793.5568
G1 X-4.517 Y11.905 Z30.845 E794.50047
G1 X-6.629 Y11.164 Z30.85 E795.55303
G1 X-8.185 Y13.094 Z30.855 E796.71887
G1 X-9.825 Y15.501 Z30.862 E798.08857
G1 X-11.787 Y18.228 Z30.869 E799.6684
G1 X-12.44 Y19.033 Z30.872 E800.15586
G1 X-12.426 Y18.685 Z30.873 E800.31964
G1 X-13.873 Y18.598 Z30.876 E801.00134
G1 X-13.636 Y18.174 Z30.877 E801.22977
G1 X-11.87 Y15.475 Z30.884 E802.74657
G1 X-10.014 Y12.878 Z30.891 E804.24768
G1 X-8.218 Y10.231 Z30.899 E805.75196
G1 X-10.23 Y8.217 Z30.905 E807.09071
G1 X-12.877 Y10.014 Z30.912 E808.59526
G1 X-15.471 Y11.87 Z30.92 E810.09522
G1 X-18.17 Y13.64 Z30.927 E811.61305
G1 X-18.619 Y13.892 Z30.928 E811.85518
G1 X-18.684 Y12.439 Z30.931 E812.53916
G1 X-19.063 Y12.456 Z30.932 E812.71757
G1 X-18.233 Y11.783 Z30.935 E813.22008
G1 X-15.516 Y9.83 Z30.942 E814.79363
G1 X-13.097 Y8.181 Z30.949 E816.17037
G1 X-11.17 Y6.623 Z30.954 E817.3357
G1 X-11.904 Y4.533 Z30.959 E818.37741
G1 X-13.909 Y4.574 Z30.964 E819.32049
G1 X-19.671 Y6.144 Z30.978 E822.12894
G1 X-22.226 Y6.709 Z30.983 E823.3595
G1 X-22.605 Y5.304 Z30.987 E824.04384
G1 X-20.132 Y4.521 Z30.993 E825.2637
G1 X-14.333 Y2.993 Z31.006 E828.08385
G1 X-12.58 Y2.023 Z31.011 E829.02601
G1 X-12.985 Y-.146 Z31.016 E830.06365
G1 X-15.432 Y-.531 Z31.021 E831.22854
G1 X-18.338 Y-.747 Z31.028 E832.5989
G1 X-21.696 Y-1.078 Z31.036 E834.18571
G1 X-22.797 Y-1.254 Z31.038 E834.71004
G1 X-22.413 Y-1.454 Z31.039 E834.91365
G1 X-23.131 Y-2.734 Z31.042 E835.60382
G1 X-22.566 Y-2.742 Z31.044 E835.86955
G1 X-19.311 Y-2.553 Z31.051 E837.40284
G1 X-16.159 Y-2.242 Z31.058 E838.89231
G1 X-12.965 Y-2.011 Z31.065 E840.39826
G1 X-12.239 Y-4.745 Z31.072 E841.72853
G1 X-15.114 Y-6.136 Z31.079 E843.23047
G1 X-18.011 Y-7.448 Z31.086 E844.72603
G1 X-20.916 Y-8.903 Z31.094 E846.25392
G1 X-21.427 Y-9.207 Z31.095 E846.53354
G1 X-20.148 Y-9.942 Z31.098 E847.22725
G1 X-20.396 Y-10.329 Z31.099 E847.4434
G1 X-19.309 Y-9.914 Z31.102 E847.99057
G1 X-16.282 Y-8.54 Z31.109 E849.55384
G1 X-13.629 Y-7.26 Z31.116 E850.93908
G1 X-11.316 Y-6.374 Z31.122 E852.10387
G1 X-9.896 Y-8.034 Z31.127 E853.13116
G1 X-10.922 Y-9.753 Z31.131 E854.07259
G1 X-15.165 Y-13.952 Z31.145 E856.87983
G1 X-16.989 Y-15.944 Z31.151 E858.14998
G1 X-15.945 Y-16.99 Z31.154 E858.84496
G1 X-13.951 Y-15.166 Z31.16 E860.11581
G1 X-9.752 Y-10.923 Z31.174 E862.92305
G1 X-8.032 Y-9.902 Z31.178 E863.86368
G1 X-6.378 Y-11.314 Z31.183 E864.88638
G1 X-7.263 Y-13.627 Z31.189 E866.051
G1 X-8.544 Y-16.28 Z31.195 E867.43644
G1 X-9.923 Y-19.306 Z31.203 E869.00026
G1 X-10.36 Y-20.445 Z31.206 E869.57396
G1 X-9.929 Y-20.17 Z31.207 E869.81439
G1 X-9.227 Y-21.486 Z31.21 E870.51581
G1 X-8.891 Y-20.923 Z31.212 E870.82413
G1 X-7.442 Y-18.022 Z31.219 E872.34908
G1 X-6.13 Y-15.118 Z31.226 E873.84764
G1 X-4.738 Y-12.243 Z31.234 E875.34979
G1 X-2.02 Y-12.964 Z31.24 E876.67217
G1 X-2.251 Y-16.157 Z31.247 E878.17765
G1 X-2.567 Y-19.313 Z31.254 E879.66923
G1 X-2.768 Y-22.566 Z31.262 E881.20192
G1 X-2.759 Y-23.248 Z31.263 E881.52267
G1 X-1.5 Y-22.438 Z31.267 E882.22669
G1 X-1.25 Y-22.922 Z31.268 E882.48286
G1 X-1.055 Y-21.7 Z31.271 E883.0648
G1 X-.732 Y-18.34 Z31.278 E884.65217
G1 X-.519 Y-15.433 Z31.285 E886.0229
G1 X-.126 Y-12.989 Z31.29 E887.18699
G1 X1.992 Y-12.597 Z31.295 E888.19993
G1 X2.978 Y-14.336 Z31.3 E889.14003
G1 X4.494 Y-20.14 Z31.313 E891.96102
G1 X5.325 Y-22.769 Z31.32 E893.25764
G1 X6.774 Y-22.383 Z31.323 E893.96281
G1 X6.173 Y-19.665 Z31.329 E895.27187
G1 X4.593 Y-13.904 Z31.343 E898.08111
G1 X4.581 Y-11.905 Z31.347 E899.02118
G1 X6.6 Y-11.188 Z31.352 E900.02874
G1 X8.165 Y-13.108 Z31.358 E901.1936
G1 X9.8 Y-15.519 Z31.364 E902.56353
G1 X11.748 Y-18.261 Z31.372 E904.14527
G1 X12.57 Y-19.274 Z31.375 E904.75876
G1 X12.542 Y-18.682 Z31.376 E905.03747
G1 X14.056 Y-18.801 Z31.38 E905.75164
G1 X13.689 Y-18.144 Z31.382 E906.10554
G1 X11.9 Y-15.454 Z31.389 E907.62477
G1 X10.034 Y-12.863 Z31.396 E909.12633
G1 X8.241 Y-10.215 Z31.403 E910.6302
G1 X10.215 Y-8.241 Z31.41 E911.94302
G1 X12.862 Y-10.035 Z31.417 E913.44677
G1 X15.453 Y-11.902 Z31.424 E914.9486
G1 X18.141 Y-13.694 Z31.431 E916.46783
G1 X18.822 Y-14.075 Z31.433 E916.83479
G1 X18.681 Y-12.556 Z31.437 E917.5522
G1 X19.304 Y-12.586 Z31.438 E917.84551
G1 X18.265 Y-11.743 Z31.441 E918.47471
G1 X15.534 Y-9.805 Z31.449 E920.04952
G1 X13.111 Y-8.161 Z31.455 E921.42649
G1 X11.193 Y-6.594 Z31.461 E922.59121
G1 X11.905 Y-4.596 Z31.466 E923.58868
G1 X13.902 Y-4.599 Z31.47 E924.5278
G1 X19.662 Y-6.186 Z31.484 E927.33746
G1 X22.46 Y-6.805 Z31.49 E928.68508
G1 X22.854 Y-5.337 Z31.494 E929.39986
G1 X20.145 Y-4.479 Z31.5 E930.73618
;TIME_ELAPSED:309.111074
;LAYER:31
;TYPE:WALL-OUTER
;MESH:ceramic_two_component_reference_like_v3.stl
G1 X14.413 Y-2.989 Z31.513 E933.52132
G1 X12.656 Y-1.997 Z31.517 E934.47017
G1 X13.045 Y0.119 Z31.522 E935.48193
G1 X15.523 Y0.514 Z31.528 E936.66196
G1 X18.491 Y0.731 Z31.534 E938.06143
G1 X21.912 Y1.063 Z31.542 E939.67776
G1 X23.056 Y1.246 Z31.544 E940.22259
G1 X22.588 Y1.486 Z31.545 E940.46992
G1 X23.383 Y2.788 Z31.549 E941.18732
G1 X22.813 Y2.796 Z31.55 E941.4554
G1 X19.488 Y2.598 Z31.557 E943.0218
G1 X16.262 Y2.276 Z31.564 E944.54641
G1 X13.028 Y2.04 Z31.571 E946.0713
G1 X12.3 Y4.749 Z31.578 E947.39044
G1 X15.221 Y6.159 Z31.585 E948.91575
G1 X18.173 Y7.492 Z31.592 E950.43895
G1 X21.153 Y8.982 Z31.599 E952.00575
G1 X21.655 Y9.281 Z31.6 E952.28052
G1 X20.306 Y10.003 Z31.604 E953.00006
G1 X20.599 Y10.455 Z31.605 E953.25337
G1 X19.515 Y10.04 Z31.607 E953.79922
G1 X16.38 Y8.613 Z31.615 E955.41904
G1 X13.7 Y7.316 Z31.622 E956.81919
G1 X11.358 Y6.421 Z31.627 E957.99823
G1 X9.963 Y8.055 Z31.632 E959.00859
G1 X10.988 Y9.79 Z31.636 E959.95624
G1 X15.328 Y14.079 Z31.65 E962.82567
G1 X17.152 Y16.07 Z31.655 E964.09548
G1 X16.07 Y17.152 Z31.659 E964.81507
G1 X14.08 Y15.33 Z31.665 E966.0839
G1 X9.791 Y10.989 Z31.678 E968.95366
G1 X8.055 Y9.965 Z31.682 E969.90148
G1 X6.421 Y11.357 Z31.687 E970.91093
G1 X7.316 Y13.699 Z31.693 E972.08997
G1 X8.614 Y16.378 Z31.699 E973.48989
G1 X10.042 Y19.51 Z31.707 E975.10863
G1 X10.467 Y20.618 Z31.709 E975.6667
G1 X9.999 Y20.314 Z31.711 E975.92914
G1 X9.288 Y21.679 Z31.714 E976.65291
G1 X8.978 Y21.157 Z31.715 E976.93842
G1 X7.49 Y18.175 Z31.723 E978.50564
G1 X6.158 Y15.222 Z31.73 E980.02907
G1 X4.749 Y12.302 Z31.737 E981.55375
G1 X2.04 Y13.027 Z31.743 E982.87253
G1 X2.278 Y16.261 Z31.75 E984.39748
G1 X2.602 Y19.487 Z31.757 E985.92219
G1 X2.807 Y22.812 Z31.764 E987.48879
G1 X2.799 Y23.43 Z31.766 E987.77944
G1 X1.503 Y22.595 Z31.769 E988.50444
G1 X1.244 Y23.105 Z31.77 E988.77343
G1 X1.055 Y21.915 Z31.773 E989.34006
G1 X0.727 Y18.492 Z31.781 E990.95715
G1 X0.512 Y15.524 Z31.787 E992.35656
G1 X0.118 Y13.046 Z31.793 E993.53651
G1 X-1.991 Y12.658 Z31.797 E994.54495
G1 X-2.985 Y14.413 Z31.802 E995.49344
G1 X-4.524 Y20.319 Z31.815 E998.36358
G1 X-5.346 Y22.923 Z31.821 E999.64771
G1 X-6.833 Y22.526 Z31.824 E1000.37149
G1 X-6.245 Y19.868 Z31.83 E1001.65167
G1 X-4.623 Y13.974 Z31.844 E1004.52646
G1 X-4.607 Y11.956 Z31.848 E1005.47548
G1 X-6.625 Y11.24 Z31.853 E1006.48244
G1 X-8.204 Y13.187 Z31.858 E1007.6613
G1 X-9.892 Y15.676 Z31.865 E1009.07557
G1 X-11.868 Y18.454 Z31.872 E1010.67875
G1 X-12.639 Y19.404 Z31.875 E1011.25412
G1 X-12.606 Y18.814 Z31.876 E1011.53201
G1 X-14.156 Y18.91 Z31.88 E1012.26231
G1 X-13.838 Y18.343 Z31.881 E1012.56803
G1 X-12.002 Y15.575 Z31.889 E1014.13004
G1 X-10.105 Y12.942 Z31.896 E1015.65614
G1 X-8.281 Y10.26 Z31.903 E1017.18143
G1 X-10.26 Y8.28 Z31.909 E1018.49791
G1 X-12.942 Y10.104 Z31.916 E1020.0232
G1 X-15.573 Y12.002 Z31.923 E1021.54881
G1 X-18.341 Y13.84 Z31.93 E1023.11134
G1 X-18.919 Y14.164 Z31.932 E1023.42295
G1 X-18.814 Y12.61 Z31.935 E1024.15541
G1 X-19.416 Y12.645 Z31.937 E1024.43898
G1 X-18.456 Y11.867 Z31.939 E1025.02008
G1 X-15.678 Y9.891 Z31.947 E1026.62325
G1 X-13.188 Y8.204 Z31.953 E1028.03765
G1 X-11.241 Y6.625 Z31.959 E1029.21651
G1 X-11.956 Y4.609 Z31.964 E1030.22243
G1 X-13.973 Y4.623 Z31.968 E1031.17097
G1 X-19.867 Y6.249 Z31.981 E1034.04626
G1 X-22.557 Y6.846 Z31.987 E1035.34205
G1 X-22.958 Y5.35 Z31.991 E1036.0704
G1 X-20.321 Y4.519 Z31.997 E1037.37061
G1 X-14.414 Y2.983 Z32.01 E1040.24084
G1 X-12.661 Y1.988 Z32.015 E1041.18875
G1 X-13.046 Y-.115 Z32.019 E1042.19416
G1 X-15.524 Y-.509 Z32.025 E1043.37411
G1 X-18.492 Y-.722 Z32.031 E1044.77345
G1 X-21.916 Y-1.044 Z32.039 E1046.39074
G1 X-23.162 Y-1.242 Z32.042 E1046.98404
G1 X-22.606 Y-1.522 Z32.043 E1047.27679
G1 X-23.491 Y-2.812 Z32.046 E1048.01247
G1 X-22.813 Y-2.821 Z32.048 E1048.33134
G1 X-19.487 Y-2.61 Z32.055 E1049.89859
G1 X-16.261 Y-2.282 Z32.062 E1051.42348
G1 X-13.027 Y-2.043 Z32.069 E1052.94847
G1 X-12.303 Y-4.745 Z32.076 E1054.26395
G1 X-15.224 Y-6.154 Z32.083 E1055.78905
G1 X-18.179 Y-7.481 Z32.09 E1057.31237
G1 X-21.166 Y-8.961 Z32.097 E1058.88003
G1 X-21.76 Y-9.314 Z32.099 E1059.20497
G1 X-20.339 Y-9.982 Z32.102 E1059.94337
G1 X-20.688 Y-10.512 Z32.103 E1060.24179
G1 X-19.508 Y-10.059 Z32.106 E1060.83619
G1 X-16.375 Y-8.622 Z32.114 E1062.45712
G1 X-13.698 Y-7.321 Z32.12 E1063.85681
G1 X-11.356 Y-6.424 Z32.126 E1065.03619
G1 X-9.972 Y-8.05 Z32.13 E1066.04033
G1 X-10.991 Y-9.787 Z32.135 E1066.98736
G1 X-15.34 Y-14.069 Z32.148 E1069.85749
G1 X-17.234 Y-16.133 Z32.154 E1071.17485
G1 X-16.133 Y-17.235 Z32.158 E1071.90741
G1 X-14.069 Y-15.341 Z32.164 E1073.22477
G1 X-9.787 Y-10.992 Z32.177 E1076.0949
G1 X-8.049 Y-9.974 Z32.182 E1077.04211
G1 X-6.425 Y-11.356 Z32.186 E1078.04492
G1 X-7.322 Y-13.697 Z32.192 E1079.22386
G1 X-8.623 Y-16.374 Z32.198 E1080.62355
G1 X-10.063 Y-19.506 Z32.206 E1082.24464
G1 X-10.524 Y-20.707 Z32.209 E1082.8496
G1 X-9.977 Y-20.346 Z32.21 E1083.15781
G1 X-9.322 Y-21.784 Z32.214 E1083.9009
G1 X-8.957 Y-21.169 Z32.215 E1084.23721
G1 X-7.478 Y-18.181 Z32.223 E1085.80508
G1 X-6.152 Y-15.225 Z32.23 E1087.32864
G1 X-4.744 Y-12.304 Z32.237 E1088.85353
G1 X-2.043 Y-13.027 Z32.243 E1090.16844
G1 X-2.285 Y-16.26 Z32.25 E1091.69306
G1 X-2.616 Y-19.499 Z32.257 E1093.22418
G1 X-2.832 Y-22.813 Z32.264 E1094.78595
G1 X-2.823 Y-23.539 Z32.266 E1095.12738
G1 X-1.538 Y-22.614 Z32.269 E1095.87196
G1 X-1.24 Y-23.21 Z32.271 E1096.18532
G1 X-1.035 Y-21.918 Z32.274 E1096.8005
G1 X-.717 Y-18.493 Z32.281 E1098.41809
G1 X-.507 Y-15.524 Z32.288 E1099.81779
G1 X-.114 Y-13.047 Z32.293 E1100.99721
G1 X1.982 Y-12.663 Z32.298 E1101.99929
G1 X2.979 Y-14.414 Z32.302 E1102.94685
G1 X4.509 Y-20.324 Z32.316 E1105.81774
G1 X5.359 Y-23.026 Z32.322 E1107.14978
G1 X6.872 Y-22.62 Z32.325 E1107.88647
G1 X6.261 Y-19.864 Z32.332 E1109.21399
G1 X4.627 Y-13.972 Z32.345 E1112.08936
G1 X4.617 Y-11.956 Z32.349 E1113.03743
G1 X6.623 Y-11.242 Z32.354 E1114.03876
G1 X8.199 Y-13.191 Z32.36 E1115.21746
G1 X9.884 Y-15.682 Z32.366 E1116.63172
G1 X11.853 Y-18.467 Z32.374 E1118.23568
G1 X12.687 Y-19.498 Z32.377 E1118.85929
G1 X12.645 Y-18.812 Z32.378 E1119.1825
G1 X14.231 Y-18.992 Z32.382 E1119.93313
G1 X13.859 Y-18.331 Z32.383 E1120.28982
G1 X12.012 Y-15.568 Z32.39 E1121.85274
G1 X10.111 Y-12.938 Z32.398 E1123.3788
G1 X8.284 Y-10.258 Z32.405 E1124.9041
G1 X10.258 Y-8.283 Z32.411 E1126.21726
G1 X12.938 Y-10.111 Z32.418 E1127.74283
G1 X15.567 Y-12.012 Z32.425 E1129.26851
G1 X18.33 Y-13.861 Z32.432 E1130.83195
G1 X19 Y-14.238 Z32.434 E1131.19348
G1 X18.812 Y-12.649 Z32.438 E1131.94594
G1 X19.51 Y-12.693 Z32.439 E1132.27484
G1 X18.469 Y-11.851 Z32.442 E1132.90448
G1 X15.683 Y-9.883 Z32.449 E1134.50854
G1 X13.192 Y-8.198 Z32.456 E1135.92281
G1 X11.243 Y-6.622 Z32.462 E1137.10151
G1 X11.956 Y-4.619 Z32.466 E1138.10135
G1 X13.972 Y-4.628 Z32.471 E1139.04941
G1 X19.863 Y-6.265 Z32.484 E1141.92472
G1 X22.651 Y-6.885 Z32.49 E1143.26784
G1 X23.061 Y-5.364 Z32.494 E1144.00865
G1 X20.326 Y-4.504 Z32.5 E1145.35691
;TIME_ELAPSED:320.880882
;LAYER:32
;TYPE:WALL-OUTER
;MESH:ceramic_two_component_reference_like_v3.stl
G1 X14.254 Y-2.887 Z32.514 E1148.31188
G1 X12.661 Y-1.979 Z32.518 E1149.17416
G1 X13.039 Y0.097 Z32.522 E1150.16648
G1 X15.331 Y0.475 Z32.527 E1151.25889
G1 X18.342 Y0.703 Z32.534 E1152.67891
G1 X21.778 Y1.014 Z32.541 E1154.30134
G1 X23.107 Y1.215 Z32.544 E1154.93343
G1 X22.616 Y1.553 Z32.546 E1155.21375
G1 X23.464 Y2.834 Z32.549 E1155.9362
G1 X22.667 Y2.833 Z32.551 E1156.311
G1 X19.344 Y2.606 Z32.558 E1157.87733
G1 X16.067 Y2.272 Z32.565 E1159.42638
G1 X13.012 Y2.041 Z32.572 E1160.86714
G1 X12.289 Y4.737 Z32.578 E1162.17977
G1 X15.05 Y6.066 Z32.584 E1163.62076
G1 X18.011 Y7.397 Z32.592 E1165.14743
G1 X21.062 Y8.891 Z32.599 E1166.74499
G1 X21.734 Y9.279 Z32.601 E1167.1099
G1 X20.352 Y9.959 Z32.604 E1167.83422
G1 X20.623 Y10.503 Z32.605 E1168.12003
G1 X19.368 Y10.01 Z32.608 E1168.75411
G1 X16.209 Y8.547 Z32.616 E1170.39126
G1 X13.515 Y7.25 Z32.622 E1171.79733
G1 X11.323 Y6.422 Z32.627 E1172.89924
G1 X9.955 Y8.031 Z32.632 E1173.89242
G1 X10.892 Y9.633 Z32.636 E1174.76518
G1 X15.242 Y13.962 Z32.649 E1177.6512
G1 X17.214 Y16.096 Z32.656 E1179.01762
G1 X16.097 Y17.215 Z32.659 E1179.76115
G1 X13.963 Y15.243 Z32.665 E1181.12757
G1 X9.635 Y10.89 Z32.679 E1184.01426
G1 X8.026 Y9.946 Z32.683 E1184.89153
G1 X6.415 Y11.312 Z32.688 E1185.88481
G1 X7.246 Y13.515 Z32.693 E1186.99206
G1 X8.544 Y16.209 Z32.699 E1188.39833
G1 X10.008 Y19.368 Z32.707 E1190.03568
G1 X10.499 Y20.623 Z32.71 E1190.66942
G1 X9.953 Y20.339 Z32.711 E1190.95884
G1 X9.282 Y21.733 Z32.714 E1191.68638
G1 X8.893 Y21.062 Z32.716 E1192.05112
G1 X7.4 Y18.011 Z32.723 E1193.64848
G1 X6.071 Y15.049 Z32.73 E1195.17519
G1 X4.728 Y12.256 Z32.737 E1196.63259
G1 X2.031 Y12.977 Z32.743 E1197.94543
G1 X2.265 Y16.067 Z32.75 E1199.40271
G1 X2.602 Y19.352 Z32.757 E1200.95564
G1 X2.829 Y22.667 Z32.764 E1202.51822
G1 X2.829 Y23.463 Z32.766 E1202.89255
G1 X1.55 Y22.585 Z32.77 E1203.62211
G1 X1.221 Y23.107 Z32.771 E1203.91227
G1 X1.019 Y21.778 Z32.774 E1204.54443
G1 X0.709 Y18.342 Z32.781 E1206.16683
G1 X0.487 Y15.33 Z32.788 E1207.58711
G1 X0.119 Y12.984 Z32.793 E1208.70384
G1 X-1.977 Y12.602 Z32.798 E1209.70575
G1 X-2.907 Y14.242 Z32.802 E1210.59236
G1 X-4.471 Y20.177 Z32.815 E1213.47866
G1 X-5.336 Y22.955 Z32.822 E1214.84693
G1 X-6.856 Y22.546 Z32.825 E1215.58715
G1 X-6.217 Y19.709 Z32.831 E1216.95472
G1 X-4.599 Y13.788 Z32.845 E1219.84125
G1 X-4.585 Y11.891 Z32.849 E1220.73337
G1 X-6.579 Y11.178 Z32.853 E1221.72922
G1 X-8.088 Y13.03 Z32.859 E1222.85265
G1 X-9.78 Y15.52 Z32.865 E1224.26837
G1 X-11.768 Y18.344 Z32.873 E1225.89246
G1 X-12.614 Y19.402 Z32.876 E1226.52951
G1 X-12.625 Y18.77 Z32.877 E1226.82676
G1 X-14.178 Y18.906 Z32.88 E1227.55988
G1 X-13.783 Y18.219 Z32.882 E1227.93254
G1 X-11.905 Y15.428 Z32.889 E1229.51452
G1 X-9.993 Y12.784 Z32.896 E1231.04894
G1 X-8.224 Y10.198 Z32.903 E1232.52236
G1 X-10.197 Y8.223 Z32.909 E1233.83518
G1 X-12.784 Y9.992 Z32.916 E1235.30899
G1 X-15.428 Y11.904 Z32.923 E1236.84342
G1 X-18.219 Y13.782 Z32.931 E1238.42539
G1 X-18.906 Y14.176 Z32.932 E1238.79783
G1 X-18.764 Y12.62 Z32.936 E1239.5326
G1 X-19.401 Y12.615 Z32.937 E1239.83217
G1 X-18.344 Y11.769 Z32.94 E1240.46885
G1 X-15.529 Y9.788 Z32.948 E1242.08758
G1 X-13.028 Y8.092 Z32.954 E1243.50864
G1 X-11.157 Y6.572 Z32.959 E1244.64226
G1 X-11.87 Y4.573 Z32.964 E1245.64033
G1 X-13.787 Y4.588 Z32.968 E1246.54186
G1 X-19.709 Y6.213 Z32.982 E1249.42971
G1 X-22.547 Y6.853 Z32.988 E1250.79784
G1 X-22.955 Y5.339 Z32.991 E1251.53522
G1 X-20.176 Y4.475 Z32.998 E1252.90379
G1 X-14.234 Y2.922 Z33.011 E1255.79197
G1 X-12.556 Y1.975 Z33.015 E1256.69807
G1 X-12.934 Y-.116 Z33.02 E1257.69733
G1 X-15.328 Y-.497 Z33.025 E1258.83731
G1 X-18.341 Y-.714 Z33.032 E1260.25789
G1 X-21.777 Y-1.023 Z33.039 E1261.88024
G1 X-23.105 Y-1.227 Z33.042 E1262.51208
G1 X-22.547 Y-1.545 Z33.043 E1262.81411
G1 X-23.463 Y-2.821 Z33.047 E1263.55277
G1 X-22.668 Y-2.825 Z33.049 E1263.92664
G1 X-19.345 Y-2.596 Z33.056 E1265.49303
G1 X-16.068 Y-2.256 Z33.063 E1267.04237
G1 X-12.91 Y-2.012 Z33.07 E1268.53189
G1 X-12.186 Y-4.71 Z33.076 E1269.84555
G1 X-15.043 Y-6.08 Z33.083 E1271.33558
G1 X-18.012 Y-7.407 Z33.09 E1272.86491
G1 X-21.059 Y-8.898 Z33.097 E1274.46016
G1 X-21.728 Y-9.289 Z33.099 E1274.82456
G1 X-20.291 Y-9.93 Z33.102 E1275.56452
G1 X-20.627 Y-10.491 Z33.104 E1275.87204
G1 X-19.375 Y-10.003 Z33.107 E1276.50395
G1 X-16.214 Y-8.537 Z33.114 E1278.14255
G1 X-13.523 Y-7.229 Z33.121 E1279.5496
G1 X-11.241 Y-6.353 Z33.126 E1280.6991
G1 X-9.865 Y-7.976 Z33.131 E1281.69973
G1 X-10.857 Y-9.654 Z33.135 E1282.61641
G1 X-15.237 Y-13.968 Z33.148 E1285.50749
G1 X-17.207 Y-16.103 Z33.155 E1286.87362
G1 X-16.103 Y-17.208 Z33.158 E1287.60817
G1 X-13.968 Y-15.237 Z33.164 E1288.97462
G1 X-9.656 Y-10.855 Z33.178 E1291.86571
G1 X-7.971 Y-9.856 Z33.182 E1292.7869
G1 X-6.345 Y-11.231 Z33.187 E1293.7883
G1 X-7.226 Y-13.524 Z33.192 E1294.94347
G1 X-8.539 Y-16.222 Z33.199 E1296.35451
G1 X-10 Y-19.372 Z33.206 E1297.98742
G1 X-10.488 Y-20.627 Z33.209 E1298.62066
G1 X-9.924 Y-20.277 Z33.211 E1298.93281
G1 X-9.292 Y-21.727 Z33.214 E1299.67665
G1 X-8.9 Y-21.058 Z33.216 E1300.04128
G1 X-7.408 Y-18.007 Z33.223 E1301.63843
G1 X-6.085 Y-15.042 Z33.23 E1303.16528
G1 X-4.702 Y-12.153 Z33.237 E1304.67152
G1 X-2.003 Y-12.875 Z33.243 E1305.98539
G1 X-2.25 Y-16.068 Z33.25 E1307.49144
G1 X-2.592 Y-19.353 Z33.257 E1309.04461
G1 X-2.821 Y-22.668 Z33.265 E1310.60725
G1 X-2.815 Y-23.463 Z33.266 E1310.98112
G1 X-1.542 Y-22.516 Z33.27 E1311.72725
G1 X-1.232 Y-23.105 Z33.271 E1312.04026
G1 X-1.027 Y-21.777 Z33.274 E1312.67217
G1 X-.719 Y-18.341 Z33.282 E1314.29448
G1 X-.509 Y-15.326 Z33.288 E1315.71576
G1 X-.13 Y-12.878 Z33.294 E1316.88069
G1 X1.973 Y-12.496 Z33.298 E1317.88584
G1 X2.943 Y-14.222 Z33.303 E1318.81691
G1 X4.48 Y-20.175 Z33.316 E1321.7082
G1 X5.344 Y-22.953 Z33.322 E1323.07632
G1 X6.847 Y-22.548 Z33.326 E1323.80834
G1 X6.207 Y-19.711 Z33.332 E1325.17601
G1 X4.557 Y-13.788 Z33.345 E1328.06745
G1 X4.535 Y-11.799 Z33.35 E1329.00287
G1 X6.543 Y-11.078 Z33.354 E1330.00618
G1 X8.105 Y-13.016 Z33.36 E1331.17673
G1 X9.795 Y-15.523 Z33.366 E1332.59854
G1 X11.777 Y-18.342 Z33.374 E1334.21909
G1 X12.623 Y-19.395 Z33.377 E1334.8543
G1 X12.586 Y-18.715 Z33.378 E1335.17455
G1 X14.166 Y-18.912 Z33.382 E1335.92332
G1 X13.775 Y-18.224 Z33.383 E1336.29546
G1 X11.901 Y-15.438 Z33.391 E1337.87444
G1 X9.98 Y-12.792 Z33.398 E1339.41211
G1 X8.149 Y-10.124 Z33.405 E1340.93382
G1 X10.123 Y-8.148 Z33.411 E1342.24731
G1 X12.793 Y-9.979 Z33.418 E1343.76979
G1 X15.433 Y-11.897 Z33.425 E1345.30435
G1 X18.224 Y-13.774 Z33.432 E1346.88606
G1 X18.913 Y-14.165 Z33.434 E1347.25861
G1 X18.709 Y-12.582 Z33.438 E1348.0092
G1 X19.394 Y-12.624 Z33.439 E1348.33194
G1 X18.339 Y-11.776 Z33.442 E1348.96847
G1 X15.523 Y-9.796 Z33.45 E1350.58732
G1 X13.013 Y-8.109 Z33.456 E1352.00952
G1 X11.057 Y-6.536 Z33.462 E1353.1899
G1 X11.777 Y-4.523 Z33.466 E1354.19527
G1 X13.788 Y-4.546 Z33.471 E1355.14104
G1 X19.712 Y-6.204 Z33.484 E1358.03394
G1 X22.549 Y-6.844 Z33.49 E1359.40161
G1 X22.952 Y-5.347 Z33.494 E1360.13066
G1 X20.174 Y-4.483 Z33.5 E1361.49878
;TIME_ELAPSED:332.730823
;LAYER:33
;TYPE:WALL-OUTER
;MESH:ceramic_two_component_reference_like_v3.stl
G1 X13.866 Y-2.765 Z33.514 E1364.57326
G1 X12.446 Y-1.971 Z33.518 E1365.33834
G1 X12.817 Y0.099 Z33.523 E1366.3273
G1 X14.895 Y0.455 Z33.527 E1367.31875
G1 X17.881 Y0.694 Z33.534 E1368.72745
G1 X21.305 Y0.99 Z33.542 E1370.34365
G1 X22.66 Y1.171 Z33.545 E1370.98652
G1 X22.467 Y1.537 E1371.1811
G1 X23.051 Y2.809 Z33.549 E1371.83931
G1 X22.213 Y2.783 Z33.55 E1372.23358
G1 X18.859 Y2.533 Z33.558 E1373.81522
G1 X15.625 Y2.204 Z33.565 E1375.34391
G1 X12.792 Y1.98 Z33.571 E1376.68033
G1 X12.066 Y4.679 Z33.577 E1377.99469
G1 X14.632 Y5.904 Z33.584 E1379.33185
G1 X17.619 Y7.245 Z33.591 E1380.87159
G1 X20.619 Y8.696 Z33.598 E1382.43874
G1 X21.362 Y9.095 Z33.6 E1382.83534
G1 X20.206 Y9.89 Z33.603 E1383.49512
G1 X20.216 Y10.313 Z33.604 E1383.69409
G1 X18.953 Y9.794 Z33.607 E1384.33623
G1 X15.835 Y8.335 Z33.615 E1385.9551
G1 X13.131 Y7.046 Z33.621 E1387.36379
G1 X11.115 Y6.292 Z33.626 E1388.37598
G1 X9.751 Y7.903 Z33.631 E1389.36866
G1 X10.606 Y9.337 Z33.635 E1390.15379
G1 X14.888 Y13.644 Z33.648 E1393.00988
G1 X16.943 Y15.84 Z33.655 E1394.42423
G1 X15.841 Y16.943 Z33.658 E1395.15745
G1 X13.646 Y14.888 Z33.665 E1396.57146
G1 X9.342 Y10.601 Z33.678 E1399.42821
G1 X7.891 Y9.732 Z33.682 E1400.22358
G1 X6.276 Y11.094 Z33.686 E1401.21708
G1 X7.039 Y13.133 Z33.691 E1402.24089
G1 X8.331 Y15.836 Z33.698 E1403.64976
G1 X9.788 Y18.955 Z33.705 E1405.26866
G1 X10.305 Y20.218 Z33.708 E1405.91044
G1 X9.872 Y20.169 Z33.709 E1406.11537
G1 X9.104 Y21.358 Z33.713 E1406.78101
G1 X8.703 Y20.617 Z33.714 E1407.17723
G1 X7.252 Y17.617 Z33.722 E1408.74438
G1 X5.914 Y14.629 Z33.729 E1410.28398
G1 X4.661 Y11.999 Z33.735 E1411.65397
G1 X1.962 Y12.718 Z33.742 E1412.96748
G1 X2.191 Y15.626 Z33.748 E1414.33924
G1 X2.523 Y18.852 Z33.755 E1415.86433
G1 X2.77 Y22.213 Z33.763 E1417.44915
G1 X2.79 Y23.05 Z33.765 E1417.84288
G1 X1.53 Y22.382 Z33.768 E1418.51353
G1 X1.19 Y22.659 Z33.769 E1418.71977
G1 X1.003 Y21.305 Z33.772 E1419.36255
G1 X0.707 Y17.881 Z33.779 E1420.97875
G1 X0.481 Y14.892 Z33.786 E1422.38838
G1 X0.12 Y12.702 Z33.791 E1423.43216
G1 X-1.963 Y12.324 Z33.795 E1424.42772
G1 X-2.808 Y13.84 Z33.799 E1425.24391
G1 X-4.38 Y19.709 Z33.813 E1428.10118
G1 X-5.256 Y22.59 Z33.819 E1429.51726
G1 X-6.743 Y22.193 Z33.823 E1430.24104
G1 X-6.062 Y19.265 Z33.829 E1431.65473
G1 X-4.48 Y13.392 Z33.843 E1434.51504
G1 X-4.452 Y11.635 Z33.847 E1435.3414
G1 X-6.445 Y10.916 Z33.851 E1436.33776
G1 X-7.865 Y12.652 Z33.856 E1437.39247
G1 X-9.555 Y15.128 Z33.863 E1438.80222
G1 X-11.519 Y17.937 Z33.87 E1440.41405
G1 X-12.368 Y19.027 Z33.874 E1441.06379
G1 X-12.495 Y18.584 Z33.875 E1441.28051
G1 X-13.932 Y18.573 Z33.878 E1441.9563
G1 X-13.5 Y17.857 Z33.88 E1442.34955
G1 X-11.614 Y15.079 Z33.887 E1443.92856
G1 X-9.702 Y12.444 Z33.894 E1445.45956
G1 X-8.009 Y9.984 Z33.901 E1446.8639
G1 X-9.983 Y8.007 Z33.907 E1448.17772
G1 X-12.444 Y9.701 Z33.914 E1449.58272
G1 X-15.08 Y11.612 Z33.921 E1451.11382
G1 X-17.858 Y13.497 Z33.928 E1452.69257
G1 X-18.575 Y13.927 Z33.93 E1453.08574
G1 X-18.566 Y12.483 Z33.933 E1453.76482
G1 X-19.025 Y12.372 Z33.934 E1453.98689
G1 X-17.936 Y11.522 Z33.937 E1454.63654
G1 X-15.126 Y9.559 Z33.945 E1456.24849
G1 X-12.647 Y7.873 Z33.951 E1457.65835
G1 X-10.872 Y6.43 Z33.956 E1458.7341
G1 X-11.59 Y4.43 Z33.961 E1459.7334
G1 X-13.391 Y4.458 Z33.965 E1460.58045
G1 X-19.267 Y6.055 Z33.979 E1463.44397
G1 X-22.195 Y6.732 Z33.985 E1464.85723
G1 X-22.588 Y5.267 Z33.989 E1465.57053
G1 X-19.707 Y4.39 Z33.995 E1466.98675
G1 X-13.823 Y2.841 Z34.009 E1469.84806
G1 X-12.23 Y1.957 Z34.013 E1470.70481
G1 X-12.604 Y-.137 Z34.017 E1471.70513
G1 X-14.888 Y-.503 Z34.022 E1472.79292
G1 X-17.879 Y-.72 Z34.029 E1474.20318
G1 X-21.303 Y-1.017 Z34.037 E1475.81941
G1 X-22.655 Y-1.209 Z34.04 E1476.46159
G1 X-22.279 Y-1.521 Z34.041 E1476.69136
G1 X-23.05 Y-2.764 Z34.044 E1477.37921
G1 X-22.215 Y-2.754 Z34.046 E1477.77191
G1 X-18.862 Y-2.509 Z34.053 E1479.35291
G1 X-15.628 Y-2.169 Z34.06 E1480.88213
G1 X-12.579 Y-1.923 Z34.067 E1482.32063
G1 X-11.857 Y-4.624 Z34.073 E1483.63541
G1 X-14.618 Y-5.936 Z34.08 E1485.07295
G1 X-17.609 Y-7.268 Z34.087 E1486.61269
G1 X-20.607 Y-8.721 Z34.095 E1488.1794
G1 X-21.341 Y-9.133 Z34.097 E1488.57523
G1 X-20.034 Y-9.808 Z34.1 E1489.267
G1 X-20.229 Y-10.277 Z34.101 E1489.50586
G1 X-18.964 Y-9.769 Z34.104 E1490.14692
G1 X-15.846 Y-8.312 Z34.112 E1491.76539
G1 X-13.148 Y-7.002 Z34.118 E1493.17582
G1 X-10.95 Y-6.153 Z34.123 E1494.28389
G1 X-9.571 Y-7.782 Z34.128 E1495.28758
G1 X-10.532 Y-9.382 Z34.132 E1496.16529
G1 X-14.871 Y-13.662 Z34.146 E1499.03142
G1 X-16.92 Y-15.862 Z34.152 E1500.44522
G1 X-15.862 Y-16.92 Z34.156 E1501.14885
G1 X-13.663 Y-14.871 Z34.162 E1502.56231
G1 X-9.386 Y-10.526 Z34.176 E1505.42945
G1 X-7.77 Y-9.553 Z34.18 E1506.31652
G1 X-6.136 Y-10.93 Z34.185 E1507.3214
G1 X-6.995 Y-13.15 Z34.19 E1508.44081
G1 X-8.308 Y-15.847 Z34.196 E1509.85143
G1 X-9.765 Y-18.966 Z34.204 E1511.47034
G1 X-10.269 Y-20.232 Z34.207 E1512.11114
G1 X-9.791 Y-19.997 Z34.208 E1512.36162
G1 X-9.142 Y-21.336 Z34.212 E1513.06137
G1 X-8.727 Y-20.604 Z34.213 E1513.45708
G1 X-7.278 Y-17.614 Z34.221 E1515.01958
G1 X-5.945 Y-14.614 Z34.228 E1516.56338
G1 X-4.606 Y-11.79 Z34.235 E1518.03313
G1 X-1.904 Y-12.505 Z34.241 E1519.34752
G1 X-2.156 Y-15.629 Z34.248 E1520.8214
G1 X-2.5 Y-18.863 Z34.255 E1522.35081
G1 X-2.741 Y-22.215 Z34.263 E1523.93121
G1 X-2.745 Y-23.05 Z34.264 E1524.32389
G1 X-1.514 Y-22.194 Z34.268 E1525.02899
G1 X-1.227 Y-22.653 Z34.269 E1525.28356
G1 X-1.029 Y-21.302 Z34.272 E1525.92568
G1 X-.733 Y-17.879 Z34.28 E1527.5414
G1 X-.528 Y-14.884 Z34.286 E1528.95314
G1 X-.158 Y-12.488 Z34.291 E1530.09325
G1 X1.949 Y-12.108 Z34.296 E1531.10008
G1 X2.884 Y-13.798 Z34.3 E1532.00836
G1 X4.404 Y-19.703 Z34.314 E1534.87579
G1 X5.286 Y-22.581 Z34.321 E1536.29135
G1 X6.712 Y-22.2 Z34.324 E1536.98547
G1 X6.039 Y-19.272 Z34.33 E1538.39831
G1 X4.394 Y-13.393 Z34.344 E1541.26919
G1 X4.356 Y-11.441 Z34.348 E1542.18732
G1 X6.372 Y-10.712 Z34.353 E1543.19545
G1 X7.903 Y-12.622 Z34.358 E1544.3466
G1 X9.576 Y-15.114 Z34.365 E1545.7581
G1 X11.544 Y-17.928 Z34.373 E1547.37294
G1 X12.398 Y-19.004 Z34.376 E1548.01895
G1 X12.388 Y-18.429 Z34.377 E1548.28939
G1 X13.894 Y-18.594 Z34.38 E1549.00185
G1 X13.478 Y-17.875 Z34.382 E1549.39249
G1 X11.602 Y-15.107 Z34.389 E1550.96497
G1 X9.673 Y-12.463 Z34.397 E1552.5041
G1 X7.854 Y-9.83 Z34.404 E1554.00905
G1 X9.828 Y-7.852 Z34.41 E1555.3232
G1 X12.464 Y-9.672 Z34.417 E1556.82958
G1 X15.095 Y-11.592 Z34.424 E1558.36127
G1 X17.874 Y-13.474 Z34.432 E1559.93963
G1 X18.596 Y-13.89 Z34.433 E1560.33148
G1 X18.41 Y-12.375 Z34.437 E1561.04928
G1 X19.001 Y-12.401 Z34.438 E1561.32748
G1 X17.921 Y-11.543 Z34.441 E1561.97613
G1 X15.111 Y-9.58 Z34.449 E1563.58808
G1 X12.617 Y-7.91 Z34.455 E1564.99958
G1 X10.669 Y-6.357 Z34.461 E1566.17114
G1 X11.396 Y-4.333 Z34.466 E1567.1825
G1 X13.393 Y-4.372 Z34.47 E1568.1218
G92 E0
G1 X19.274 Y-6.032 Z34.484 E2.87369
G1 X22.202 Y-6.702 Z34.49 E4.28622
G1 X22.578 Y-5.297 Z34.493 E4.97019
G1 X19.701 Y-4.413 Z34.5 E6.38557
;TIME_ELAPSED:344.415246
;LAYER:34
;TYPE:WALL-OUTER
;MESH:ceramic_two_component_reference_like_v3.stl
G1 X13.328 Y-2.668 Z34.515 E9.49288
G1 X12.012 Y-1.942 Z34.518 E10.19968
G1 X12.38 Y0.131 Z34.523 E11.18978
G1 X14.326 Y0.467 Z34.527 E12.11846
G1 X17.23 Y0.703 Z34.534 E13.48861
G1 X20.656 Y0.988 Z34.541 E15.1053
G1 X22.03 Y1.155 Z34.544 E15.7562
G1 X21.645 Y1.11 Z34.545 E15.93849
G1 X22.469 Y2.72 Z34.549 E16.78901
G1 X21.565 Y2.678 Z34.551 E17.21459
G1 X18.23 Y2.416 Z34.559 E18.78776
G1 X15.047 Y2.086 Z34.566 E20.29264
G1 X12.358 Y1.865 Z34.572 E21.56144
G1 X11.638 Y4.565 Z34.578 E22.87553
G1 X14.074 Y5.718 Z34.584 E24.14293
G1 X16.998 Y7.027 Z34.591 E25.64949
G1 X20.002 Y8.46 Z34.598 E27.21467
G1 X20.813 Y8.881 Z34.6 E27.64438
G1 X19.308 Y9.84 Z34.604 E28.4836
G1 X19.665 Y10.011 Z34.605 E28.66975
G1 X18.375 Y9.464 Z34.608 E29.32868
G1 X15.3 Y8.013 Z34.616 E30.92765
G1 X12.644 Y6.749 Z34.622 E32.3109
G1 X10.742 Y6.039 Z34.627 E33.26564
G1 X9.378 Y7.652 Z34.632 E34.25903
G1 X10.185 Y8.989 Z34.635 E34.99343
G1 X14.39 Y13.233 Z34.648 E37.80298
G1 X16.534 Y15.498 Z34.655 E39.26965
G1 X15.5 Y16.535 Z34.659 E39.95832
G1 X13.235 Y14.39 Z34.666 E41.4253
G1 X8.994 Y10.178 Z34.679 E44.23618
G1 X7.636 Y9.354 Z34.682 E44.98316
G1 X6.018 Y10.716 Z34.687 E45.97775
G1 X6.74 Y12.647 Z34.692 E46.94723
G1 X8.007 Y15.302 Z34.698 E48.33066
G1 X9.457 Y18.377 Z34.706 E49.92944
G1 X10 Y19.668 Z34.709 E50.58806
G1 X9.801 Y19.322 Z34.71 E50.77577
G1 X8.894 Y20.806 Z34.714 E51.59367
G1 X8.469 Y19.998 Z34.716 E52.023
G1 X7.035 Y16.995 Z34.723 E53.58795
G1 X5.731 Y14.069 Z34.73 E55.09441
G1 X4.539 Y11.553 Z34.736 E56.40366
G1 X1.842 Y12.264 Z34.742 E57.7153
G1 X2.069 Y15.048 Z34.749 E59.02887
G1 X2.402 Y18.231 Z34.756 E60.53389
G1 X2.659 Y21.562 Z34.763 E62.105
G1 X2.694 Y22.468 Z34.765 E62.53137
G1 X1.194 Y21.634 Z34.769 E63.33847
G1 X1.18 Y22.028 Z34.77 E63.52387
G1 X1.006 Y20.655 Z34.773 E64.17471
G1 X0.721 Y17.226 Z34.781 E65.79281
G1 X0.499 Y14.322 Z34.787 E67.16245
G1 X0.159 Y12.234 Z34.792 E68.15729
G1 X-1.931 Y11.856 Z34.797 E69.15609
G1 X-2.722 Y13.297 Z34.8 E69.92913
G1 X-4.278 Y19.082 Z34.813 E72.7463
G1 X-5.169 Y22.064 Z34.82 E74.20989
G1 X-6.555 Y21.693 Z34.824 E74.88462
G1 X-5.83 Y18.647 Z34.831 E76.35707
G1 X-4.281 Y12.877 Z34.844 E79.16657
G1 X-4.242 Y11.208 Z34.848 E79.95166
G1 X-6.24 Y10.484 Z34.852 E80.95103
G1 X-7.597 Y12.147 Z34.857 E81.96041
G1 X-9.24 Y14.554 Z34.864 E83.3309
G1 X-11.197 Y17.374 Z34.871 E84.9451
G1 X-12.045 Y18.481 Z34.874 E85.60087
G1 X-11.881 Y18.111 Z34.875 E85.79119
G1 X-13.555 Y18.117 Z34.879 E86.57842
G1 X-13.075 Y17.345 Z34.881 E87.00592
G1 X-11.189 Y14.593 Z34.888 E88.57484
G1 X-9.306 Y12.006 Z34.895 E90.07956
G1 X-7.666 Y9.64 Z34.902 E91.43336
G1 X-9.637 Y7.665 Z34.908 E92.74552
G1 X-12.006 Y9.304 Z34.914 E94.10021
G1 X-14.594 Y11.187 Z34.921 E95.60531
G1 X-17.346 Y13.071 Z34.929 E97.1737
G1 X-18.12 Y13.549 Z34.931 E97.6015
G1 X-18.098 Y11.899 Z34.935 E98.37751
G1 X-18.478 Y12.05 E98.5698
G1 X-17.373 Y11.203 Z34.939 E99.22454
G1 X-14.564 Y9.254 Z34.946 E100.83234
G1 X-12.14 Y7.607 Z34.953 E102.2105
G1 X-10.428 Y6.221 Z34.958 E103.24636
G1 X-11.151 Y4.214 Z34.962 E104.24955
G1 X-12.877 Y4.253 Z34.966 E105.06144
G1 X-18.649 Y5.82 Z34.979 E107.87406
G1 X-21.696 Y6.54 Z34.986 E109.34642
G1 X-22.06 Y5.183 Z34.99 E110.00713
G1 X-19.079 Y4.29 Z34.996 E111.47054
G1 X-13.276 Y2.763 Z35.01 E114.29238
G1 X-11.736 Y1.923 Z35.014 E115.11732
G1 X-12.11 Y-.18 Z35.018 E116.1218
G1 X-14.317 Y-.527 Z35.023 E117.17243
G1 X-17.228 Y-.737 Z35.03 E118.54493
G1 X-20.653 Y-1.024 Z35.037 E120.16123
G1 X-22.023 Y-1.208 Z35.041 E120.81128
G1 X-21.618 Y-1.295 E121.00608
G1 X-22.468 Y-2.658 Z35.045 E121.76148
G1 X-21.568 Y-2.638 Z35.047 E122.18482
G1 X-18.234 Y-2.383 Z35.054 E123.75726
G1 X-15.051 Y-2.042 Z35.062 E125.26268
G1 X-12.089 Y-1.794 Z35.068 E126.66048
G1 X-11.37 Y-4.492 Z35.074 E127.97354
G1 X-14.055 Y-5.758 Z35.081 E129.36952
G1 X-16.985 Y-7.056 Z35.088 E130.87655
G1 X-19.985 Y-8.496 Z35.096 E132.44145
G1 X-20.782 Y-8.934 Z35.098 E132.86912
G1 X-19.376 Y-9.663 Z35.101 E133.61391
G1 X-19.684 Y-9.961 Z35.102 E133.81545
G1 X-18.39 Y-9.431 Z35.105 E134.47303
G1 X-15.315 Y-7.982 Z35.113 E136.0716
G1 X-12.666 Y-6.691 Z35.119 E137.4574
G1 X-10.531 Y-5.861 Z35.124 E138.53462
G1 X-9.148 Y-7.499 Z35.129 E139.54276
G1 X-10.092 Y-9.045 Z35.133 E140.39461
G1 X-14.367 Y-13.257 Z35.146 E143.21684
G1 X-16.502 Y-15.528 Z35.153 E144.68266
G1 X-15.529 Y-16.502 Z35.156 E145.33009
G1 X-13.258 Y-14.367 Z35.163 E146.79591
G1 X-9.05 Y-10.085 Z35.177 E149.61917
G1 X-7.483 Y-9.125 Z35.181 E150.48337
G1 X-5.84 Y-10.505 Z35.186 E151.4924
G1 X-6.683 Y-12.669 Z35.191 E152.58454
G1 X-7.977 Y-15.317 Z35.197 E153.97054
G1 X-9.425 Y-18.393 Z35.205 E155.56933
G1 X-9.951 Y-19.688 Z35.208 E156.22665
G1 X-9.624 Y-19.391 Z35.209 E156.43438
G1 X-8.947 Y-20.775 Z35.212 E157.15892
G1 X-8.504 Y-19.981 Z35.214 E157.5865
G1 X-7.064 Y-16.981 Z35.222 E159.1514
G1 X-5.771 Y-14.049 Z35.229 E160.65834
G1 X-4.467 Y-11.284 Z35.236 E162.09597
G1 X-1.77 Y-11.996 Z35.242 E163.40773
G1 X-2.025 Y-15.052 Z35.249 E164.84985
G1 X-2.369 Y-18.241 Z35.256 E166.35823
G1 X-2.62 Y-21.569 Z35.263 E167.92772
G1 X-2.632 Y-22.468 Z35.265 E168.35052
G1 X-1.379 Y-21.606 Z35.269 E169.06574
G1 X-1.232 Y-22.02 Z35.27 E169.27233
G1 X-1.041 Y-20.652 Z35.273 E169.9219
G1 X-.754 Y-17.223 Z35.28 E171.54007
G1 X-.558 Y-14.313 Z35.287 E172.91165
G1 X-.207 Y-11.962 Z35.292 E174.02949
G1 X1.912 Y-11.581 Z35.297 E175.04196
G1 X2.818 Y-13.245 Z35.301 E175.93296
G1 X4.31 Y-19.074 Z35.314 E178.7625
G1 X5.211 Y-22.051 Z35.321 E180.22519
G1 X6.512 Y-21.703 Z35.324 E180.85852
G1 X5.798 Y-18.656 Z35.331 E182.33023
G1 X4.172 Y-12.879 Z35.345 E185.15251
G1 X4.121 Y-10.96 Z35.349 E186.05527
G1 X6.147 Y-10.224 Z35.354 E187.06895
G1 X7.645 Y-12.109 Z35.359 E188.20122
G1 X9.268 Y-14.536 Z35.365 E189.57424
G1 X11.229 Y-17.355 Z35.373 E191.18913
G1 X12.087 Y-18.448 Z35.376 E191.84258
G1 X12.028 Y-17.994 Z35.377 E192.05787
G1 X13.502 Y-18.148 Z35.38 E192.75482
G1 X13.043 Y-17.366 Z35.382 E193.18123
G1 X11.163 Y-14.612 Z35.39 E194.74933
G1 X9.269 Y-12.03 Z35.397 E196.25521
G1 X7.47 Y-9.443 Z35.404 E197.73702
G1 X9.441 Y-7.468 Z35.41 E199.04918
G1 X12.031 Y-9.268 Z35.417 E200.53242
G1 X14.613 Y-11.161 Z35.424 E202.03802
G1 X17.368 Y-13.039 Z35.432 E203.60598
G1 X18.151 Y-13.496 Z35.434 E204.03232
G1 X17.981 Y-12.046 Z35.437 E204.71888
G1 X18.444 Y-12.092 Z35.438 E204.93768
G1 X17.352 Y-11.233 Z35.441 E205.59106
G1 X14.545 Y-9.282 Z35.449 E207.19862
G1 X12.102 Y-7.654 Z35.455 E208.5792
G1 X10.169 Y-6.127 Z35.461 E209.73764
G1 X10.903 Y-4.093 Z35.465 E210.75454
G1 X12.88 Y-4.144 Z35.47 E211.68456
G1 X18.659 Y-5.788 Z35.483 E214.51005
G1 X21.706 Y-6.498 Z35.49 E215.98134
G1 X22.047 Y-5.225 Z35.493 E216.60109
G1 X19.071 Y-4.322 Z35.5 E218.0636
;TIME_ELAPSED:356.036405
;LAYER:35
;TYPE:WALL-OUTER
;MESH:ceramic_two_component_reference_like_v3.stl
G1 X12.781 Y-2.619 Z35.515 E221.12807
G1 X11.46 Y-1.903 Z35.518 E221.83467
G1 X11.83 Y0.183 Z35.523 E222.83096
G1 X13.76 Y0.506 Z35.527 E223.75119
G1 X16.607 Y0.731 Z35.534 E225.09421
G1 X19.968 Y1.002 Z35.541 E226.6799
G1 X21.391 Y1.17 Z35.544 E227.35374
G1 X21.109 Y1.138 Z35.545 E227.4872
G1 X21.865 Y2.597 Z35.549 E228.25996
G1 X20.891 Y2.548 Z35.551 E228.71858
G1 X17.596 Y2.279 Z35.558 E230.27325
G1 X14.478 Y1.949 Z35.566 E231.74773
G1 X11.821 Y1.724 Z35.572 E233.0017
G1 X11.102 Y4.419 Z35.578 E234.31339
G1 X13.512 Y5.552 Z35.584 E235.56573
G1 X16.406 Y6.837 Z35.591 E237.0548
G1 X19.356 Y8.236 Z35.598 E238.59018
G1 X20.232 Y8.689 Z35.601 E239.05395
G1 X18.858 Y9.553 Z35.604 E239.81723
G1 X19.111 Y9.676 Z35.605 E239.94952
G1 X17.792 Y9.111 Z35.608 E240.62431
G1 X14.769 Y7.675 Z35.616 E242.19816
G1 X12.175 Y6.431 Z35.622 E243.55106
G1 X10.292 Y5.719 Z35.627 E244.49775
G1 X8.921 Y7.346 Z35.631 E245.4983
G1 X9.735 Y8.669 Z35.635 E246.22879
G1 X13.87 Y12.822 Z35.648 E248.98479
G1 X16.093 Y15.157 Z35.655 E250.5009
G1 X15.158 Y16.094 Z35.658 E251.1234
G1 X12.824 Y13.87 Z35.666 E252.6395
G1 X8.675 Y9.728 Z35.679 E255.39649
G1 X7.33 Y8.898 Z35.682 E256.13973
G1 X5.699 Y10.267 Z35.687 E257.14111
G1 X6.422 Y12.177 Z35.692 E258.10152
G1 X7.669 Y14.771 Z35.698 E259.45502
G1 X9.104 Y17.794 Z35.706 E261.02867
G1 X9.665 Y19.115 Z35.709 E261.70359
G1 X9.522 Y18.869 Z35.71 E261.8374
G1 X8.702 Y20.226 Z35.713 E262.58301
G1 X8.245 Y19.352 Z35.715 E263.04682
G1 X6.846 Y16.403 Z35.723 E264.58177
G1 X5.564 Y13.507 Z35.73 E266.07113
G1 X4.392 Y11.019 Z35.736 E267.36447
G1 X1.7 Y11.73 Z35.742 E268.67383
G1 X1.933 Y14.479 Z35.749 E269.97122
G1 X2.265 Y17.597 Z35.756 E271.4458
G1 X2.53 Y20.892 Z35.763 E273.00033
G1 X2.569 Y21.864 Z35.765 E273.45779
G1 X1.207 Y21.1 Z35.769 E274.19218
G1 X1.195 Y21.389 E274.3282
G1 X1.019 Y19.967 Z35.773 E275.00202
G1 X0.748 Y16.599 Z35.78 E276.59099
G1 X0.538 Y13.756 Z35.787 E277.9316
G1 X0.21 Y11.688 Z35.791 E278.91627
G1 X-1.893 Y11.31 Z35.796 E279.92108
G1 X-2.671 Y12.751 Z35.8 E280.69119
G1 X-4.18 Y18.418 Z35.813 E283.44905
G1 X-5.094 Y21.512 Z35.82 E284.96621
G1 X-6.345 Y21.177 Z35.823 E285.57524
G1 X-5.587 Y18.04 Z35.831 E287.09291
G1 X-4.052 Y12.379 Z35.844 E289.85121
G1 X-4.002 Y10.717 Z35.848 E290.63315
G1 X-6.011 Y9.986 Z35.852 E291.63851
G1 X-7.348 Y11.639 Z35.857 E292.6383
G1 X-8.95 Y13.997 Z35.864 E293.9789
G1 X-10.872 Y16.78 Z35.871 E295.56942
G1 X-11.736 Y17.918 Z35.874 E296.24135
G1 X-11.618 Y17.648 Z35.875 E296.37991
G1 X-13.145 Y17.658 Z35.879 E297.09802
G1 X-12.627 Y16.828 Z35.881 E297.55812
G1 X-10.743 Y14.095 Z35.888 E299.11914
G1 X-8.904 Y11.58 Z35.895 E300.58431
G1 X-7.279 Y9.248 Z35.902 E301.92096
G1 X-9.246 Y7.277 Z35.908 E303.23046
G1 X-11.58 Y8.902 Z35.914 E304.56788
G1 X-14.096 Y10.741 Z35.921 E306.03343
G1 X-16.83 Y12.623 Z35.929 E307.59431
G1 X-17.66 Y13.139 Z35.931 E308.05391
G1 X-17.637 Y11.633 Z35.934 E308.76221
G1 X-17.915 Y11.741 Z35.935 E308.90246
G1 X-16.778 Y10.877 Z35.938 E309.57401
G1 X-13.994 Y8.955 Z35.946 E311.16492
G1 X-11.633 Y7.358 Z35.952 E312.50536
G1 X-9.933 Y5.993 Z35.957 E313.53063
G1 X-10.662 Y3.975 Z35.962 E314.53965
G1 X-12.379 Y4.026 Z35.966 E315.34745
G1 X-18.042 Y5.577 Z35.979 E318.10864
G1 X-21.179 Y6.33 Z35.986 E319.62576
G1 X-21.508 Y5.108 Z35.989 E320.22089
G1 X-18.415 Y4.192 Z35.997 E321.73787
G1 X-12.73 Y2.711 Z36.01 E324.50055
G1 X-11.194 Y1.884 Z36.014 E325.32092
G1 X-11.567 Y-.231 Z36.019 E326.33088
G1 X-13.752 Y-.565 Z36.023 E327.37035
G1 X-16.605 Y-.765 Z36.03 E328.71531
G1 X-19.965 Y-1.037 Z36.038 E330.30057
G1 X-21.384 Y-1.223 Z36.041 E330.97358
G1 X-21.088 Y-1.289 E331.1162
G1 X-21.865 Y-2.534 Z36.045 E331.80634
G1 X-20.894 Y-2.508 Z36.047 E332.26313
G1 X-17.6 Y-2.247 Z36.054 E333.81704
G1 X-14.482 Y-1.906 Z36.061 E335.29207
G1 X-11.56 Y-1.654 Z36.068 E336.67129
G1 X-10.841 Y-4.347 Z36.074 E337.98207
G1 X-13.494 Y-5.591 Z36.081 E339.36003
G1 X-16.393 Y-6.867 Z36.088 E340.84955
G1 X-19.339 Y-8.272 Z36.095 E342.38444
G1 X-20.201 Y-8.743 Z36.098 E342.84637
G1 X-18.913 Y-9.412 Z36.101 E343.5289
G1 X-19.131 Y-9.626 Z36.102 E343.67256
G1 X-17.807 Y-9.078 Z36.105 E344.34642
G1 X-14.784 Y-7.645 Z36.112 E345.91967
G1 X-12.196 Y-6.377 Z36.119 E347.27494
G1 X-10.089 Y-5.548 Z36.124 E348.33972
G1 X-8.7 Y-7.196 Z36.129 E349.35328
G1 X-9.646 Y-8.725 Z36.133 E350.19881
G1 X-13.847 Y-12.847 Z36.146 E352.96656
G1 X-16.061 Y-15.187 Z36.153 E354.48147
G1 X-15.188 Y-16.061 Z36.156 E355.0624
G1 X-12.854 Y-13.853 Z36.163 E356.57332
G1 X-8.73 Y-9.639 Z36.177 E359.34609
G1 X-7.181 Y-8.677 Z36.181 E360.20358
G1 X-5.528 Y-10.063 Z36.186 E361.21803
G1 X-6.369 Y-12.199 Z36.191 E362.29757
G1 X-7.64 Y-14.786 Z36.197 E363.65304
G1 X-9.072 Y-17.81 Z36.205 E365.22651
G1 X-9.615 Y-19.134 Z36.208 E365.89947
G1 X-9.382 Y-18.925 Z36.209 E366.04667
G1 X-8.756 Y-20.195 Z36.212 E366.71252
G1 X-8.28 Y-19.335 Z36.214 E367.17476
G1 X-6.875 Y-16.389 Z36.221 E368.70965
G1 X-5.602 Y-13.489 Z36.229 E370.19903
G1 X-4.322 Y-10.758 Z36.235 E371.61739
G1 X-1.63 Y-11.469 Z36.242 E372.92675
G1 X-1.89 Y-14.483 Z36.248 E374.34939
G1 X-2.233 Y-17.601 Z36.256 E375.82453
G1 X-2.49 Y-20.895 Z36.263 E377.37829
G1 X-2.507 Y-21.865 Z36.265 E377.83451
G1 X-1.357 Y-21.078 Z36.268 E378.48983
G1 X-1.248 Y-21.381 Z36.269 E378.64126
G1 X-1.054 Y-19.964 Z36.272 E379.31384
G1 X-.783 Y-16.626 Z36.28 E380.88875
G1 X-.596 Y-13.748 Z36.286 E382.24503
G1 X-.257 Y-11.425 Z36.292 E383.34903
G1 X1.874 Y-11.044 Z36.296 E384.36705
G1 X2.764 Y-12.701 Z36.301 E385.25157
G1 X4.212 Y-18.41 Z36.314 E388.02132
G1 X5.136 Y-21.499 Z36.321 E389.53757
G1 X6.301 Y-21.187 Z36.324 E390.10473
G1 X5.555 Y-18.049 Z36.331 E391.62155
G1 X3.947 Y-12.381 Z36.344 E394.3922
G1 X3.885 Y-10.478 Z36.349 E395.28759
G1 X5.921 Y-9.735 Z36.354 E396.30682
G1 X7.394 Y-11.603 Z36.359 E397.42553
G1 X8.978 Y-13.979 Z36.365 E398.76842
G1 X10.902 Y-16.76 Z36.373 E400.3587
G1 X11.778 Y-17.885 Z36.376 E401.02922
G1 X11.738 Y-17.554 Z36.377 E401.18601
G1 X13.091 Y-17.689 Z36.38 E401.82544
G1 X12.594 Y-16.851 Z36.382 E402.28362
G1 X10.717 Y-14.114 Z36.39 E403.84432
G1 X8.868 Y-11.604 Z36.397 E405.31038
G1 X7.088 Y-9.057 Z36.404 E406.77166
G1 X9.055 Y-7.086 Z36.41 E408.08115
G1 X11.605 Y-8.867 Z36.417 E409.54386
G1 X14.115 Y-10.715 Z36.424 E411.00964
G1 X16.853 Y-12.59 Z36.432 E412.5702
G1 X17.692 Y-13.085 Z36.434 E413.0283
G1 X17.543 Y-11.752 Z36.437 E413.65907
G1 X17.881 Y-11.783 E413.81869
G1 X16.757 Y-10.906 Z36.441 E414.48912
G1 X13.976 Y-8.982 Z36.448 E416.07941
G1 X11.596 Y-7.403 Z36.455 E417.42256
G1 X9.683 Y-5.902 Z36.46 E418.56605
G1 X10.422 Y-3.858 Z36.465 E419.58816
G1 X12.382 Y-3.921 Z36.47 E420.51036
G1 X18.052 Y-5.545 Z36.483 E423.28398
G1 X21.19 Y-6.287 Z36.49 E424.80036
G1 X21.495 Y-5.15 Z36.493 E425.35396
G1 X18.407 Y-4.224 Z36.5 E426.87002
;TIME_ELAPSED:367.504498
;LAYER:36
;TYPE:WALL-OUTER
;MESH:ceramic_two_component_reference_like_v3.stl
G1 X12.361 Y-2.631 Z36.514 E429.81028
G1 X10.93 Y-1.865 Z36.518 E430.57358
G1 X11.301 Y0.243 Z36.523 E431.58013
G1 X13.35 Y0.566 Z36.527 E432.5556
G1 X16.144 Y0.769 Z36.534 E433.87299
G1 X19.433 Y1.028 Z36.541 E435.42448
G1 X20.897 Y1.207 Z36.545 E436.11807
G1 X20.698 Y1.185 E436.21223
G1 X21.4 Y2.471 Z36.548 E436.90122
G1 X20.356 Y2.428 Z36.551 E437.3926
G1 X17.152 Y2.165 Z36.558 E438.90439
G1 X14.066 Y1.829 Z36.565 E440.36421
G1 X11.31 Y1.588 Z36.571 E441.66521
G1 X10.591 Y4.278 Z36.578 E442.97463
G1 X13.095 Y5.449 Z36.584 E444.27457
G1 X15.925 Y6.697 Z36.591 E445.72908
G1 X18.836 Y8.073 Z36.598 E447.24326
G1 X19.766 Y8.562 Z36.601 E447.73738
G1 X18.525 Y9.311 Z36.604 E448.41903
G1 X18.707 Y9.401 Z36.605 E448.51451
G1 X17.35 Y8.825 Z36.608 E449.20777
G1 X14.376 Y7.407 Z36.615 E450.75718
G1 X11.847 Y6.178 Z36.622 E452.07948
G1 X9.879 Y5.415 Z36.627 E453.07208
G1 X8.497 Y7.058 Z36.631 E454.08171
G1 X9.372 Y8.467 Z36.635 E454.86169
G1 X13.465 Y12.521 Z36.648 E457.57082
G1 X15.736 Y14.901 Z36.656 E459.11783
G1 X14.902 Y15.737 Z36.659 E459.67315
G1 X12.523 Y13.465 Z36.666 E461.22015
G1 X8.471 Y9.367 Z36.679 E463.93029
G1 X7.046 Y8.481 Z36.683 E464.71939
G1 X5.401 Y9.861 Z36.688 E465.72914
G1 X6.172 Y11.848 Z36.693 E466.73143
G1 X7.393 Y14.357 Z36.699 E468.04363
G1 X8.819 Y17.351 Z36.706 E469.60314
G1 X9.392 Y18.71 Z36.71 E470.29672
G1 X9.288 Y18.533 E470.39326
G1 X8.573 Y19.762 Z36.714 E471.06191
G1 X8.08 Y18.834 Z36.716 E471.55607
G1 X6.704 Y15.923 Z36.723 E473.07025
G1 X5.458 Y13.092 Z36.73 E474.52481
G1 X4.258 Y10.532 Z36.737 E475.85439
G1 X1.574 Y11.246 Z36.743 E477.16048
G1 X1.817 Y14.067 Z36.749 E478.49201
G1 X2.155 Y17.154 Z36.757 E479.95239
G1 X2.415 Y20.356 Z36.764 E481.46314
G1 X2.45 Y21.399 Z36.766 E481.9539
G1 X1.236 Y20.691 Z36.769 E482.6148
G1 X1.226 Y20.896 Z36.77 E482.71132
G1 X1.042 Y19.433 Z36.773 E483.40473
G1 X0.781 Y16.132 Z36.781 E484.96192
G1 X0.588 Y13.348 Z36.787 E486.27428
G1 X0.261 Y11.202 Z36.792 E487.29512
G1 X-1.858 Y10.825 Z36.797 E488.30726
G1 X-2.668 Y12.34 Z36.801 E489.11515
G1 X-4.115 Y17.908 Z36.814 E491.82056
G1 X-5.047 Y21.075 Z36.821 E493.37304
G1 X-6.166 Y20.777 Z36.824 E493.91761
G1 X-5.39 Y17.575 Z36.831 E495.46699
G1 X-3.852 Y12.024 Z36.845 E498.17577
G1 X-3.793 Y10.287 Z36.849 E498.9931
G1 X-5.816 Y9.549 Z36.853 E500.00577
G1 X-7.185 Y11.262 Z36.858 E501.03698
G1 X-8.744 Y13.578 Z36.865 E502.34989
G1 X-10.636 Y16.324 Z36.872 E503.91807
G1 X-11.515 Y17.478 Z36.876 E504.60026
G1 X-11.433 Y17.287 E504.69801
G1 X-12.813 Y17.314 Z36.879 E505.3471
G1 X-12.266 Y16.427 Z36.882 E505.83716
G1 X-10.427 Y13.765 Z36.889 E507.35869
G1 X-8.601 Y11.28 Z36.896 E508.80886
G1 X-6.943 Y8.91 Z36.903 E510.16905
G1 X-8.908 Y6.942 Z36.909 E511.47688
G1 X-11.28 Y8.599 Z36.915 E512.83757
G1 X-13.765 Y10.425 Z36.922 E514.28775
G1 X-16.428 Y12.263 Z36.93 E515.80939
G1 X-17.316 Y12.808 Z36.932 E516.29936
G1 X-17.28 Y11.444 Z36.935 E516.94103
G1 X-17.476 Y11.519 Z36.936 E517.03972
G1 X-16.323 Y10.639 Z36.939 E517.72181
G1 X-13.576 Y8.748 Z36.947 E519.29012
G1 X-11.257 Y7.192 Z36.953 E520.60341
G1 X-9.511 Y5.804 Z36.958 E521.65233
G1 X-10.248 Y3.774 Z36.963 E522.66793
G1 X-12.024 Y3.833 Z36.967 E523.50359
G1 X-17.577 Y5.383 Z36.98 E526.21479
G1 X-20.779 Y6.155 Z36.988 E527.76373
G1 X-21.072 Y5.059 Z36.99 E528.29724
G1 X-17.906 Y4.125 Z36.998 E529.84953
G1 X-12.326 Y2.696 Z37.011 E532.55829
G1 X-10.743 Y1.851 Z37.015 E533.40214
G1 X-11.117 Y-.276 Z37.02 E534.41774
G1 X-13.344 Y-.607 Z37.025 E535.47653
G1 X-16.143 Y-.793 Z37.031 E536.7957
G1 X-19.431 Y-1.056 Z37.039 E538.34687
G1 X-20.892 Y-1.247 Z37.042 E539.03978
G1 X-20.682 Y-1.296 Z37.043 E539.14119
G1 X-21.4 Y-2.424 Z37.046 E539.76999
G1 X-20.358 Y-2.398 Z37.048 E540.26016
G1 X-17.155 Y-2.141 Z37.055 E541.77126
G1 X-14.069 Y-1.799 Z37.062 E543.23138
G1 X-11.128 Y-1.541 Z37.069 E544.61974
G1 X-10.404 Y-4.226 Z37.075 E545.9275
G1 X-13.082 Y-5.477 Z37.082 E547.31751
G1 X-15.922 Y-6.722 Z37.089 E548.77576
G1 X-18.824 Y-8.1 Z37.096 E550.28651
G1 X-19.743 Y-8.604 Z37.099 E550.77941
G1 X-18.566 Y-9.207 Z37.102 E551.40132
G1 X-18.722 Y-9.363 E551.50507
G1 X-17.361 Y-8.8 Z37.106 E552.1977
G1 X-14.394 Y-7.389 Z37.113 E553.74272
G1 X-11.862 Y-6.139 Z37.119 E555.07063
G1 X-9.735 Y-5.295 Z37.125 E556.14675
G1 X-8.342 Y-6.951 Z37.13 E557.16439
G1 X-9.309 Y-8.506 Z37.134 E558.02552
G1 X-13.449 Y-12.539 Z37.147 E560.7435
G1 X-15.712 Y-14.925 Z37.154 E562.28996
G1 X-14.925 Y-15.712 Z37.157 E562.81336
G1 X-12.54 Y-13.448 Z37.164 E564.3598
G1 X-8.51 Y-9.304 Z37.178 E567.07815
G1 X-6.94 Y-8.326 Z37.182 E567.948
G1 X-5.28 Y-9.717 Z37.187 E568.96648
G1 X-6.134 Y-11.864 Z37.192 E570.05308
G1 X-7.385 Y-14.395 Z37.198 E571.38077
G1 X-8.795 Y-17.363 Z37.206 E572.92601
G1 X-9.355 Y-18.725 Z37.209 E573.61854
G1 X-9.185 Y-18.575 Z37.21 E573.72516
G1 X-8.614 Y-19.738 Z37.213 E574.33444
G1 X-8.107 Y-18.821 Z37.215 E574.82719
G1 X-6.73 Y-15.925 Z37.222 E576.3352
G1 X-5.485 Y-13.079 Z37.229 E577.79603
G1 X-4.208 Y-10.344 Z37.236 E579.21549
G1 X-1.526 Y-11.065 Z37.242 E580.52152
G1 X-1.787 Y-14.07 Z37.249 E581.93999
G1 X-2.131 Y-17.157 Z37.256 E583.40069
G1 X-2.386 Y-20.359 Z37.264 E584.91124
G1 X-2.403 Y-21.4 Z37.266 E585.40085
G1 X-1.346 Y-20.675 Z37.269 E586.00361
G1 X-1.266 Y-20.89 E586.11149
G1 X-1.069 Y-19.43 Z37.273 E586.8043
G1 X-.807 Y-16.16 Z37.28 E588.347
G1 X-.629 Y-13.342 Z37.287 E589.67485
G1 X-.294 Y-11.016 Z37.292 E590.77997
G1 X1.844 Y-10.637 Z37.297 E591.80107
G1 X2.733 Y-12.306 Z37.301 E592.69034
G1 X4.139 Y-17.902 Z37.314 E595.40374
G1 X5.08 Y-21.065 Z37.322 E596.95562
G1 X6.133 Y-20.784 Z37.324 E597.46813
G1 X5.367 Y-17.582 Z37.332 E599.01641
G1 X3.778 Y-12.026 Z37.345 E601.73396
G1 X3.711 Y-10.118 Z37.349 E602.63178
G1 X5.752 Y-9.372 Z37.354 E603.65369
G1 X7.218 Y-11.236 Z37.36 E604.76889
G1 X8.765 Y-13.565 Z37.366 E606.08374
G1 X10.658 Y-16.309 Z37.374 E607.65142
G1 X11.547 Y-17.453 Z37.377 E608.33275
G1 X11.521 Y-17.219 E608.44347
G1 X12.773 Y-17.337 Z37.38 E609.03485
G1 X12.242 Y-16.443 Z37.383 E609.52383
G1 X10.407 Y-13.779 Z37.39 E611.04506
G1 X8.576 Y-11.297 Z37.397 E612.4955
G1 X6.809 Y-8.775 Z37.404 E613.94364
G1 X8.773 Y-6.807 Z37.41 E615.25114
G1 X11.297 Y-8.575 Z37.417 E616.70032
G1 X13.78 Y-10.406 Z37.424 E618.15113
G1 X16.445 Y-12.239 Z37.432 E619.67221
G1 X17.34 Y-12.768 Z37.434 E620.16112
G1 X17.211 Y-11.531 Z37.437 E620.746
G1 X17.45 Y-11.551 E620.85878
G1 X16.307 Y-10.661 Z37.441 E621.54003
G1 X13.566 Y-8.771 Z37.448 E623.10575
G1 X11.231 Y-7.224 Z37.455 E624.42295
G1 X9.335 Y-5.739 Z37.46 E625.5555
G1 X10.079 Y-3.693 Z37.465 E626.5793
G1 X12.027 Y-3.759 Z37.469 E627.4959
G1 X17.584 Y-5.36 Z37.483 E630.21546
G1 X20.787 Y-6.122 Z37.49 E631.76376
G1 X21.062 Y-5.091 Z37.493 E632.26555
G1 X17.9 Y-4.148 Z37.5 E633.81725
;TIME_ELAPSED:378.869642
;LAYER:37
;TYPE:WALL-OUTER
;MESH:ceramic_two_component_reference_like_v3.stl
G1 X12.203 Y-2.712 Z37.513 E636.58015
G1 X10.56 Y-1.838 Z37.518 E637.45531
G1 X10.936 Y0.296 Z37.523 E638.47432
G1 X13.224 Y0.63 Z37.528 E639.56169
G1 X15.982 Y0.807 Z37.534 E640.86135
G1 X19.235 Y1.066 Z37.542 E642.39596
G1 X20.698 Y1.259 Z37.545 E643.08992
G1 X20.532 Y1.241 E643.16844
G1 X21.203 Y2.378 Z37.548 E643.7893
G1 X20.134 Y2.354 Z37.551 E644.29214
G1 X16.976 Y2.098 Z37.558 E645.78211
G1 X13.943 Y1.76 Z37.565 E647.21725
G1 X10.964 Y1.503 Z37.572 E648.62337
G1 X10.239 Y4.18 Z37.578 E649.92762
G1 X12.954 Y5.447 Z37.585 E651.33658
G1 X15.716 Y6.655 Z37.592 E652.75425
G1 X18.624 Y8.034 Z37.599 E654.26775
G1 X19.55 Y8.543 Z37.601 E654.76466
G1 X18.407 Y9.183 Z37.604 E655.3807
G1 X18.557 Y9.258 Z37.605 E655.45957
G1 X17.18 Y8.688 Z37.608 E656.16041
G1 X14.259 Y7.298 Z37.616 E657.68166
G1 X11.767 Y6.064 Z37.622 E658.98937
G1 X9.611 Y5.206 Z37.627 E660.08059
G1 X8.218 Y6.865 Z37.632 E661.09932
G1 X9.206 Y8.453 Z37.636 E661.97883
G1 X13.28 Y12.405 Z37.649 E664.64801
G1 X15.561 Y14.806 Z37.657 E666.20542
G1 X14.807 Y15.561 Z37.659 E666.7072
G1 X12.406 Y13.281 Z37.667 E668.26428
G1 X8.455 Y9.206 Z37.68 E670.93347
G1 X6.862 Y8.213 Z37.684 E671.81623
G1 X5.203 Y9.606 Z37.689 E672.83495
G1 X6.062 Y11.767 Z37.694 E673.92854
G1 X7.297 Y14.259 Z37.701 E675.23646
G1 X8.685 Y17.18 Z37.708 E676.75729
G1 X9.253 Y18.558 Z37.711 E677.45821
G1 X9.167 Y18.412 Z37.712 E677.5379
G1 X8.548 Y19.549 Z37.715 E678.14669
G1 X8.038 Y18.624 Z37.717 E678.64342
G1 X6.654 Y15.707 Z37.725 E680.16176
G1 X5.45 Y12.954 Z37.731 E681.57479
G1 X4.176 Y10.224 Z37.738 E682.99153
G1 X1.499 Y10.946 Z37.745 E684.29541
G1 X1.756 Y13.943 Z37.751 E685.70997
G1 X2.094 Y16.979 Z37.758 E687.14652
G1 X2.347 Y20.134 Z37.766 E688.63497
G1 X2.368 Y21.202 Z37.768 E689.13731
G1 X1.276 Y20.528 Z37.771 E689.74078
G1 X1.267 Y20.698 E689.82083
G1 X1.071 Y19.235 Z37.775 E690.51498
G1 X0.81 Y15.969 Z37.782 E692.05576
G1 X0.636 Y13.224 Z37.788 E693.34923
G1 X0.309 Y10.912 Z37.794 E694.4473
G1 X-1.835 Y10.533 Z37.799 E695.47118
G1 X-2.723 Y12.196 Z37.803 E696.35774
G1 X-4.108 Y17.715 Z37.816 E699.03361
G1 X-5.046 Y20.879 Z37.823 E700.58554
G1 X-6.069 Y20.605 Z37.826 E701.08358
G1 X-5.303 Y17.411 Z37.833 E702.6282
G1 X-3.738 Y11.923 Z37.846 E705.3119
G1 X-3.674 Y10.035 Z37.851 E706.20027
G1 X-5.713 Y9.293 Z37.856 E707.22066
G1 X-7.162 Y11.132 Z37.861 E708.32167
G1 X-8.686 Y13.423 Z37.867 E709.61565
G1 X-10.546 Y16.121 Z37.875 E711.15671
G1 X-11.45 Y17.291 Z37.878 E711.85203
G1 X-11.511 Y17.153 E711.92298
G1 X-12.65 Y17.182 Z37.881 E712.45879
G1 X-12.095 Y16.259 Z37.883 E712.96527
G1 X-10.289 Y13.638 Z37.891 E714.4621
G1 X-8.491 Y11.198 Z37.898 E715.88744
G1 X-6.757 Y8.719 Z37.905 E717.31011
G1 X-8.718 Y6.756 Z37.911 E718.61495
G1 X-11.198 Y8.49 Z37.918 E720.03801
G1 X-13.642 Y10.29 Z37.925 E721.46541
G1 X-16.259 Y12.094 Z37.932 E722.96017
G1 X-17.182 Y12.648 Z37.934 E723.4664
G1 X-17.146 Y11.506 Z37.937 E724.00371
G1 X-17.291 Y11.452 E724.07648
G1 X-16.121 Y10.548 Z37.941 E724.77179
G1 X-13.448 Y8.704 Z37.948 E726.2989
G1 X-11.131 Y7.165 Z37.954 E727.60697
G1 X-9.283 Y5.71 Z37.96 E728.71306
G1 X-10.025 Y3.67 Z37.965 E729.73388
G1 X-11.923 Y3.733 Z37.969 E730.62694
G1 X-17.411 Y5.299 Z37.982 E733.31077
G1 X-20.605 Y6.063 Z37.99 E734.85517
G1 X-20.879 Y5.052 Z37.992 E735.34776
G1 X-17.714 Y4.112 Z37.999 E736.9004
G1 X-12.192 Y2.731 Z38.012 E739.57718
G1 X-10.512 Y1.832 Z38.017 E740.47323
G1 X-10.889 Y-.305 Z38.022 E741.49371
G1 X-13.222 Y-.641 Z38.027 E742.60216
G1 X-15.982 Y-.815 Z38.033 E743.90267
G1 X-19.234 Y-1.076 Z38.041 E745.43689
G1 X-20.696 Y-1.276 Z38.044 E746.13082
G1 X-20.522 Y-1.317 Z38.045 E746.21489
G1 X-21.203 Y-2.357 Z38.047 E746.79948
G1 X-20.135 Y-2.341 Z38.05 E747.30178
G1 X-16.977 Y-2.09 Z38.057 E748.79156
G1 X-13.944 Y-1.751 Z38.064 E750.22676
G1 X-10.914 Y-1.49 Z38.071 E751.65694
G1 X-10.192 Y-4.168 Z38.077 E752.96128
G1 X-12.951 Y-5.456 Z38.084 E754.39316
G1 X-15.712 Y-6.663 Z38.091 E755.81021
G1 X-18.619 Y-8.046 Z38.098 E757.32409
G1 X-19.541 Y-8.561 Z38.101 E757.82073
G1 X-18.435 Y-9.112 Z38.104 E758.40181
G1 X-18.563 Y-9.242 E758.48761
G1 X-17.184 Y-8.678 Z38.107 E759.18824
G1 X-14.262 Y-7.291 Z38.115 E760.70931
G1 X-11.771 Y-6.053 Z38.121 E762.01743
G1 X-9.574 Y-5.175 Z38.127 E763.13006
G1 X-8.178 Y-6.838 Z38.131 E764.15112
G1 X-9.189 Y-8.464 Z38.136 E765.05153
G1 X-13.274 Y-12.412 Z38.149 E767.72311
G1 X-15.55 Y-14.817 Z38.156 E769.28027
G1 X-14.817 Y-15.55 Z38.159 E769.76775
G1 X-12.413 Y-13.274 Z38.166 E771.32456
G1 X-8.465 Y-9.188 Z38.179 E773.99649
G1 X-6.835 Y-8.174 Z38.184 E774.89924
G1 X-5.172 Y-9.569 Z38.188 E775.92
G1 X-6.051 Y-11.771 Z38.194 E777.03498
G1 X-7.289 Y-14.263 Z38.2 E778.34353
G1 X-8.676 Y-17.184 Z38.208 E779.86417
G1 X-9.238 Y-18.564 Z38.211 E780.56488
G1 X-9.096 Y-18.441 E780.65323
G1 X-8.565 Y-19.539 Z38.214 E781.22679
G1 X-8.049 Y-18.618 Z38.217 E781.72325
G1 X-6.662 Y-15.704 Z38.224 E783.24092
G1 X-5.458 Y-12.95 Z38.231 E784.65438
G1 X-4.164 Y-10.177 Z38.238 E786.09342
G1 X-1.486 Y-10.896 Z38.244 E787.39739
G1 X-1.747 Y-13.944 Z38.251 E788.83601
G1 X-2.087 Y-16.98 Z38.258 E790.27266
G1 X-2.335 Y-20.135 Z38.265 E791.76092
G1 X-2.348 Y-21.203 Z38.268 E792.2632
G1 X-1.351 Y-20.517 Z38.27 E792.83232
G1 X-1.283 Y-20.695 Z38.271 E792.92193
G1 X-1.081 Y-19.234 Z38.274 E793.61552
G1 X-.82 Y-15.996 Z38.282 E795.14318
G1 X-.647 Y-13.222 Z38.288 E796.45023
G1 X-.312 Y-10.865 Z38.293 E797.56978
G1 X1.829 Y-10.485 Z38.298 E798.59235
G1 X2.742 Y-12.186 Z38.303 E799.50022
G1 X4.118 Y-17.713 Z38.316 E802.17871
G1 X5.061 Y-20.875 Z38.323 E803.73041
G1 X6.054 Y-20.608 Z38.326 E804.21397
G1 X5.293 Y-17.413 Z38.333 E805.7585
G1 X3.718 Y-11.924 Z38.346 E808.44394
G1 X3.656 Y-9.99 Z38.35 E809.3539
G1 X5.697 Y-9.248 Z38.355 E810.37517
G1 X7.172 Y-11.124 Z38.361 E811.49743
G1 X8.692 Y-13.419 Z38.367 E812.79193
G1 X10.555 Y-16.115 Z38.375 E814.33302
G1 X11.464 Y-17.281 Z38.378 E815.02829
G1 X11.469 Y-17.089 E815.11861
G1 X12.632 Y-17.192 Z38.381 E815.66767
G1 X12.085 Y-16.265 Z38.384 E816.17384
G1 X10.285 Y-13.647 Z38.391 E817.66792
G1 X8.483 Y-11.203 Z38.398 E819.09588
G1 X6.722 Y-8.684 Z38.405 E820.54124
G1 X8.683 Y-6.721 Z38.411 E821.84608
G1 X11.203 Y-8.482 Z38.418 E823.29183
G1 X13.647 Y-10.284 Z38.425 E824.71979
G1 X16.266 Y-12.084 Z38.432 E826.21426
G1 X17.193 Y-12.63 Z38.435 E826.72019
G1 X17.081 Y-11.464 Z38.437 E827.27104
G1 X17.28 Y-11.465 Z38.438 E827.36463
G1 X16.115 Y-10.556 Z38.441 E828.05953
G1 X13.443 Y-8.71 Z38.448 E829.58679
G1 X11.123 Y-7.174 Z38.455 E830.89525
G1 X9.239 Y-5.693 Z38.46 E832.0222
G1 X9.98 Y-3.652 Z38.465 E833.04331
G1 X11.924 Y-3.713 Z38.47 E833.95796
G1 X17.414 Y-5.29 Z38.483 E836.64411
G1 X20.609 Y-6.049 Z38.49 E838.18842
G1 X20.874 Y-5.066 Z38.492 E838.6672
G1 X17.712 Y-4.121 Z38.5 E840.21916
;TIME_ELAPSED:390.197428
;LAYER:38
;TYPE:WALL-OUTER
;MESH:ceramic_two_component_reference_like_v3.stl
G1 X12.407 Y-2.805 Z38.513 E842.78954
G1 X10.661 Y-1.93 Z38.517 E843.70796
G1 X11.083 Y0.345 Z38.522 E844.79606
G1 X13.451 Y0.664 Z38.528 E845.91971
G1 X16.183 Y0.837 Z38.534 E847.20704
G1 X19.395 Y1.107 Z38.542 E848.72286
G1 X20.702 Y1.291 Z38.545 E849.34356
G1 X20.626 Y1.33 E849.38373
G1 X21.21 Y2.339 Z38.548 E849.93198
G1 X20.304 Y2.333 Z38.55 E850.35805
G1 X17.145 Y2.098 Z38.557 E851.84772
G1 X14.169 Y1.771 Z38.564 E853.25565
G1 X11.11 Y1.503 Z38.571 E854.6997
G1 X10.374 Y4.257 Z38.577 E856.04026
G1 X13.156 Y5.551 Z38.584 E857.48314
G1 X15.902 Y6.759 Z38.591 E858.89392
G1 X18.742 Y8.124 Z38.599 E860.37573
G1 X19.547 Y8.58 Z38.601 E860.81081
G1 X18.532 Y9.156 Z38.603 E861.35963
G1 X18.584 Y9.238 Z38.604 E861.40529
G1 X17.358 Y8.744 Z38.607 E862.02688
G1 X14.429 Y7.367 Z38.614 E863.54891
G1 X11.98 Y6.152 Z38.62 E864.83453
G1 X9.767 Y5.249 Z38.626 E865.95854
G1 X8.277 Y6.997 Z38.631 E867.03867
G1 X9.346 Y8.629 Z38.636 E867.95613
G1 X13.409 Y12.558 Z38.649 E870.61407
G1 X15.558 Y14.836 Z38.656 E872.08679
G1 X14.836 Y15.558 Z38.658 E872.56696
G1 X12.559 Y13.41 Z38.666 E874.03902
G1 X8.629 Y9.348 Z38.679 E876.69695
G1 X6.995 Y8.283 Z38.683 E877.61417
G1 X5.252 Y9.765 Z38.688 E878.69007
G1 X6.153 Y11.978 Z38.694 E879.81372
G1 X7.368 Y14.427 Z38.7 E881.09935
G1 X8.746 Y17.356 Z38.708 E882.62158
G1 X9.247 Y18.6 Z38.711 E883.25225
G1 X9.152 Y18.541 E883.30484
G1 X8.586 Y19.562 Z38.714 E883.85382
G1 X8.122 Y18.745 Z38.716 E884.29566
G1 X6.756 Y15.904 Z38.723 E885.7781
G1 X5.548 Y13.158 Z38.73 E887.18888
G1 X4.251 Y10.378 Z38.737 E888.6315
G1 X1.51 Y11.108 Z38.743 E889.96542
G1 X1.775 Y14.167 Z38.751 E891.40935
G1 X2.101 Y17.129 Z38.757 E892.81069
G1 X2.338 Y20.303 Z38.765 E894.30747
G1 X2.345 Y21.241 Z38.767 E894.74859
G1 X1.348 Y20.634 Z38.77 E895.2975
G1 X1.291 Y20.741 E895.35451
G1 X1.101 Y19.397 Z38.773 E895.99284
G1 X0.83 Y16.178 Z38.78 E897.51197
G1 X0.657 Y13.452 Z38.787 E898.7965
G1 X0.329 Y11.086 Z38.792 E899.91978
G1 X-1.903 Y10.675 Z38.797 E900.98706
G1 X-2.794 Y12.409 Z38.802 E901.90386
G1 X-4.165 Y17.891 Z38.815 E904.56125
G1 X-5.072 Y20.912 Z38.822 E906.04457
G1 X-6.064 Y20.645 Z38.825 E906.52767
G1 X-5.342 Y17.591 Z38.832 E908.00345
G1 X-3.788 Y12.145 Z38.845 E910.66674
G1 X-3.695 Y10.197 Z38.849 E911.58386
G1 X-5.824 Y9.438 Z38.855 E912.64678
G1 X-7.294 Y11.322 Z38.86 E913.77054
G1 X-8.806 Y13.598 Z38.866 E915.05552
G1 X-10.655 Y16.256 Z38.874 E916.57817
G1 X-11.499 Y17.334 Z38.877 E917.22201
G1 X-11.494 Y17.195 E917.28742
G1 X-12.664 Y17.235 Z38.88 E917.83795
G1 X-12.181 Y16.411 Z38.882 E918.28711
G1 X-10.402 Y13.803 Z38.889 E919.77173
G1 X-8.626 Y11.381 Z38.896 E921.18411
G1 X-6.868 Y8.864 Z38.903 E922.6279
G1 X-8.863 Y6.868 Z38.91 E923.95502
G1 X-11.38 Y8.626 Z38.917 E925.3988
G1 X-13.802 Y10.402 Z38.924 E926.81119
G1 X-16.41 Y12.182 Z38.931 E928.29607
G1 X-17.241 Y12.669 Z38.933 E928.74902
G1 X-17.195 Y11.498 Z38.936 E929.30013
G1 X-17.342 Y11.504 E929.36931
G1 X-16.257 Y10.654 Z38.94 E930.01748
G1 X-13.599 Y8.805 Z38.947 E931.54014
G1 X-11.324 Y7.292 Z38.953 E932.82498
G1 X-9.442 Y5.82 Z38.959 E933.94858
G1 X-10.196 Y3.707 Z38.964 E935.00362
G1 X-12.143 Y3.791 Z38.968 E935.92008
G1 X-17.589 Y5.345 Z38.981 E938.58337
G1 X-20.664 Y6.072 Z38.989 E940.0693
G1 X-20.933 Y5.075 Z38.991 E940.55492
G1 X-17.902 Y4.165 Z38.998 E942.04315
G1 X-12.411 Y2.788 Z39.011 E944.70533
G1 X-10.686 Y1.882 Z39.016 E945.62162
G1 X-11.088 Y-.315 Z39.021 E946.67195
G1 X-13.452 Y-.65 Z39.027 E947.79476
G1 X-16.185 Y-.824 Z39.033 E949.0826
G1 X-19.398 Y-1.093 Z39.04 E950.59884
G1 X-20.788 Y-1.292 Z39.043 E951.25918
G1 X-20.645 Y-1.367 Z39.044 E951.33511
G1 X-21.281 Y-2.353 Z39.047 E951.88689
G1 X-20.303 Y-2.348 Z39.049 E952.34681
G1 X-17.143 Y-2.111 Z39.056 E953.83703
G1 X-14.167 Y-1.785 Z39.063 E955.24491
G1 X-11.108 Y-1.525 Z39.07 E956.68863
G1 X-10.384 Y-4.236 Z39.077 E958.0082
G1 X-13.161 Y-5.539 Z39.084 E959.45074
G1 X-15.908 Y-6.747 Z39.09 E960.86195
G1 X-18.749 Y-8.112 Z39.098 E962.34418
G1 X-19.614 Y-8.604 Z39.1 E962.81216
G1 X-18.567 Y-9.134 Z39.103 E963.36401
G1 X-18.659 Y-9.282 E963.44596
G1 X-17.352 Y-8.757 Z39.106 E964.10833
G1 X-14.423 Y-7.379 Z39.114 E965.63056
G1 X-11.973 Y-6.165 Z39.12 E966.9164
G1 X-9.756 Y-5.277 Z39.126 E968.0395
G1 X-8.323 Y-6.969 Z39.131 E969.08221
G1 X-9.358 Y-8.617 Z39.135 E969.99738
G1 X-13.42 Y-12.549 Z39.148 E972.65595
G1 X-15.606 Y-14.873 Z39.156 E974.15636
G1 X-14.873 Y-15.606 Z39.158 E974.64384
G1 X-12.549 Y-13.42 Z39.165 E976.14424
G1 X-8.616 Y-9.36 Z39.178 E978.80247
G1 X-6.966 Y-8.328 Z39.183 E979.71768
G1 X-5.28 Y-9.754 Z39.188 E980.75611
G1 X-6.167 Y-11.972 Z39.193 E981.87947
G1 X-7.381 Y-14.421 Z39.2 E983.16489
G1 X-8.759 Y-17.351 Z39.207 E984.68755
G1 X-9.291 Y-18.675 Z39.21 E985.35856
G1 X-9.13 Y-18.575 Z39.211 E985.44769
G1 X-8.61 Y-19.629 Z39.214 E986.00039
G1 X-8.11 Y-18.751 Z39.216 E986.47554
G1 X-6.744 Y-15.91 Z39.223 E987.95798
G1 X-5.536 Y-13.163 Z39.23 E989.36918
G1 X-4.23 Y-10.387 Z39.237 E990.8119
G1 X-1.533 Y-11.107 Z39.244 E992.12462
G1 X-1.79 Y-14.166 Z39.251 E993.56823
G1 X-2.116 Y-17.154 Z39.257 E994.98172
G1 X-2.354 Y-20.303 Z39.265 E996.46681
G1 X-2.36 Y-21.312 Z39.267 E996.94131
G1 X-1.384 Y-20.653 Z39.27 E997.49512
G1 X-1.292 Y-20.827 E997.58768
G1 X-1.087 Y-19.399 Z39.274 E998.2661
G1 X-.819 Y-16.208 Z39.281 E999.772
G1 X-.642 Y-13.453 Z39.287 E1001.07025
G1 X-.299 Y-11.09 Z39.293 E1002.19314
G1 X1.855 Y-10.701 Z39.298 E1003.22247
G1 X2.778 Y-12.413 Z39.302 E1004.13712
G1 X4.156 Y-17.905 Z39.315 E1006.79987
G1 X5.081 Y-20.972 Z39.323 E1008.30635
G1 X6.087 Y-20.701 Z39.325 E1008.7963
G1 X5.355 Y-17.587 Z39.332 E1010.30062
G1 X3.804 Y-12.14 Z39.346 E1012.96397
G1 X3.749 Y-10.195 Z39.35 E1013.87901
G1 X5.801 Y-9.457 Z39.355 E1014.9045
G1 X7.281 Y-11.331 Z39.361 E1016.02747
G1 X8.796 Y-13.605 Z39.367 E1017.31245
G1 X10.644 Y-16.265 Z39.374 E1018.8356
G1 X11.541 Y-17.406 Z39.378 E1019.51814
G1 X11.534 Y-17.193 E1019.61836
G1 X12.711 Y-17.289 Z39.381 E1020.1737
G1 X12.193 Y-16.404 Z39.383 E1020.65593
G1 X10.413 Y-13.796 Z39.39 E1022.14081
G1 X8.637 Y-11.373 Z39.397 E1023.55357
G1 X6.886 Y-8.851 Z39.404 E1024.99741
G1 X8.85 Y-6.887 Z39.411 E1026.30358
G1 X11.372 Y-8.637 Z39.418 E1027.74715
G1 X13.795 Y-10.413 Z39.425 E1029.15991
G1 X16.403 Y-12.194 Z39.432 E1030.64505
G1 X17.295 Y-12.716 Z39.434 E1031.13108
G1 X17.193 Y-11.539 Z39.437 E1031.68665
G1 X17.415 Y-11.546 Z39.438 E1031.79111
G1 X16.266 Y-10.642 Z39.441 E1032.47863
G1 X13.606 Y-8.794 Z39.448 E1034.00179
G1 X11.332 Y-7.279 Z39.455 E1035.28677
G1 X9.461 Y-5.796 Z39.46 E1036.4095
G1 X10.194 Y-3.761 Z39.465 E1037.42668
G1 X12.138 Y-3.808 Z39.47 E1038.34114
G1 X17.586 Y-5.359 Z39.483 E1041.00495
G1 X20.72 Y-6.095 Z39.49 E1042.51885
G1 X20.992 Y-5.084 Z39.493 E1043.0112
G1 X17.906 Y-4.152 Z39.5 E1044.52718
;TIME_ELAPSED:401.408150
;LAYER:39
;TYPE:WALL-OUTER
;MESH:ceramic_two_component_reference_like_v3.stl
G1 X12.983 Y-2.914 Z39.512 E1046.91437
G1 X11.188 Y-2.093 Z39.517 E1047.8426
G1 X11.671 Y0.368 Z39.522 E1049.022
G1 X14.045 Y0.672 Z39.528 E1050.14753
G1 X16.772 Y0.858 Z39.534 E1051.43292
G1 X19.96 Y1.156 Z39.542 E1052.93866
G1 X20.89 Y1.292 Z39.544 E1053.38066
G1 X20.877 Y1.299 E1053.38761
G1 X21.368 Y2.371 Z39.547 E1053.94209
G1 X20.841 Y2.369 Z39.548 E1054.18992
G1 X17.752 Y2.174 Z39.555 E1055.64547
G1 X14.758 Y1.867 Z39.562 E1057.06082
G1 X11.701 Y1.602 Z39.57 E1058.50381
G1 X10.93 Y4.463 Z39.577 E1059.89724
G1 X13.715 Y5.763 Z39.584 E1061.34259
G1 X16.438 Y6.982 Z39.591 E1062.74558
G1 X19.24 Y8.368 Z39.598 E1064.21565
G1 X19.715 Y8.64 Z39.599 E1064.47306
G1 X18.749 Y9.316 Z39.602 E1065.02752
G1 X18.766 Y9.345 E1065.04333
G1 X17.862 Y8.984 Z39.604 E1065.50109
G1 X14.952 Y7.649 Z39.612 E1067.0067
G1 X12.497 Y6.447 Z39.618 E1068.29215
G1 X10.287 Y5.531 Z39.624 E1069.41717
G1 X8.667 Y7.393 Z39.63 E1070.57783
G1 X9.795 Y9.007 Z39.634 E1071.50383
G1 X13.825 Y12.948 Z39.648 E1074.15457
G1 X15.693 Y14.941 Z39.654 E1075.43914
G1 X14.942 Y15.694 Z39.656 E1075.93926
G1 X12.948 Y13.827 Z39.663 E1077.22384
G1 X9.005 Y9.799 Z39.676 E1079.87457
G1 X7.387 Y8.68 Z39.681 E1080.7997
G1 X5.539 Y10.283 Z39.686 E1081.95014
G1 X6.452 Y12.493 Z39.692 E1083.07462
G1 X7.654 Y14.949 Z39.698 E1084.3605
G1 X8.992 Y17.858 Z39.706 E1085.86627
G1 X9.374 Y18.816 Z39.708 E1086.35128
G1 X9.316 Y18.781 E1086.38313
G1 X8.658 Y19.769 Z39.711 E1086.94137
G1 X8.359 Y19.247 Z39.713 E1087.22426
G1 X6.967 Y16.432 Z39.72 E1088.70107
G1 X5.754 Y13.72 Z39.727 E1090.09818
G1 X4.448 Y10.938 Z39.734 E1091.54345
G1 X1.62 Y11.699 Z39.741 E1092.92067
G1 X1.88 Y14.756 Z39.748 E1094.36346
G1 X2.19 Y17.763 Z39.755 E1095.78504
G1 X2.391 Y20.84 Z39.763 E1097.23513
G1 X2.392 Y21.475 Z39.764 E1097.53375
G1 X1.333 Y20.936 Z39.767 E1098.09256
G1 X1.29 Y21.014 E1098.13444
G1 X1.135 Y19.964 Z39.769 E1098.63357
G1 X0.839 Y16.775 Z39.777 E1100.13969
G1 X0.653 Y14.047 Z39.783 E1101.42555
G1 X0.329 Y11.678 Z39.789 E1102.54998
G1 X-2.028 Y11.223 Z39.795 E1103.67886
G1 X-2.889 Y12.989 Z39.799 E1104.6028
G1 X-4.288 Y18.452 Z39.812 E1107.25476
G1 X-5.104 Y21.134 Z39.819 E1108.57309
G1 X-6.149 Y20.854 Z39.822 E1109.08186
G1 X-5.52 Y18.143 Z39.828 E1110.39061
G1 X-3.997 Y12.692 Z39.841 E1113.0522
G1 X-3.87 Y10.733 Z39.846 E1113.97538
G1 X-6.118 Y9.955 Z39.851 E1115.09406
G1 X-7.583 Y11.841 Z39.857 E1116.21712
G1 X-9.109 Y14.11 Z39.863 E1117.50302
G1 X-10.961 Y16.731 Z39.871 E1119.01224
G1 X-11.652 Y17.604 Z39.874 E1119.53582
G1 X-11.649 Y17.481 E1119.59368
G1 X-12.847 Y17.444 Z39.877 E1120.15733
G1 X-12.508 Y16.856 Z39.878 E1120.47651
G1 X-10.76 Y14.244 Z39.886 E1121.95452
G1 X-9.016 Y11.835 Z39.893 E1123.3531
G1 X-7.265 Y9.312 Z39.9 E1124.79732
G1 X-9.311 Y7.265 Z39.907 E1126.15836
G1 X-11.834 Y9.016 Z39.914 E1127.60258
G1 X-14.255 Y10.77 Z39.921 E1129.00849
G1 X-16.853 Y12.511 Z39.928 E1130.4792
G1 X-17.464 Y12.864 Z39.93 E1130.81104
G1 X-17.49 Y11.665 Z39.933 E1131.37502
G1 X-17.632 Y11.668 E1131.44181
G1 X-16.735 Y10.956 Z39.936 E1131.98038
G1 X-14.114 Y9.104 Z39.943 E1133.48959
G1 X-11.846 Y7.578 Z39.95 E1134.7751
G1 X-9.965 Y6.107 Z39.955 E1135.89804
G1 X-10.732 Y3.899 Z39.961 E1136.99725
G1 X-12.688 Y4.007 Z39.965 E1137.91849
G1 X-18.14 Y5.532 Z39.978 E1140.58079
G1 X-20.921 Y6.176 Z39.985 E1141.9232
G1 X-21.208 Y5.115 Z39.988 E1142.44009
G1 X-18.459 Y4.274 Z39.994 E1143.79199
G1 X-12.994 Y2.871 Z40.008 E1146.44533
G1 X-11.251 Y1.979 Z40.012 E1147.3661
G1 X-11.682 Y-.295 Z40.018 E1148.45452
G1 X-14.048 Y-.633 Z40.023 E1149.57847
G1 X-16.777 Y-.819 Z40.03 E1150.8648
G1 X-19.967 Y-1.11 Z40.037 E1152.37117
G1 X-21.164 Y-1.288 Z40.04 E1152.94027
G1 X-21.007 Y-1.375 E1153.02468
G1 X-21.611 Y-2.42 Z40.043 E1153.59229
G1 X-20.84 Y-2.421 Z40.045 E1153.95486
G1 X-17.748 Y-2.214 Z40.052 E1155.41218
G1 X-14.754 Y-1.903 Z40.059 E1156.82773
G1 X-11.697 Y-1.656 Z40.067 E1158.27002
G1 X-10.953 Y-4.414 Z40.073 E1159.61337
G1 X-13.73 Y-5.729 Z40.08 E1161.05831
G1 X-16.456 Y-6.946 Z40.087 E1162.46221
G1 X-19.266 Y-8.324 Z40.095 E1163.93399
G1 X-19.95 Y-8.72 Z40.097 E1164.30567
G1 X-18.897 Y-9.315 Z40.099 E1164.87445
G1 X-19 Y-9.483 Z40.1 E1164.96712
G1 X-17.844 Y-9.028 Z40.103 E1165.55134
G1 X-14.936 Y-7.683 Z40.11 E1167.05806
G1 X-12.479 Y-6.482 Z40.117 E1168.34415
G1 X-10.26 Y-5.6 Z40.122 E1169.46708
G1 X-8.779 Y-7.326 Z40.128 E1170.5366
G1 X-9.826 Y-8.976 Z40.132 E1171.45557
G1 X-13.857 Y-12.919 Z40.145 E1174.10731
G1 X-15.867 Y-15.077 Z40.152 E1175.49416
G1 X-15.078 Y-15.868 Z40.155 E1176.01955
G1 X-12.919 Y-13.858 Z40.162 E1177.40675
G1 X-8.974 Y-9.829 Z40.175 E1180.05847
G1 X-7.319 Y-8.791 Z40.18 E1180.97717
G1 X-5.608 Y-10.256 Z40.185 E1182.03644
G1 X-6.487 Y-12.476 Z40.191 E1183.15929
G1 X-7.702 Y-14.96 Z40.197 E1184.45968
G1 X-9.036 Y-17.84 Z40.204 E1185.95227
G1 X-9.513 Y-19.049 Z40.207 E1186.56348
G1 X-9.315 Y-18.929 Z40.208 E1186.67236
G1 X-8.738 Y-20.004 Z40.211 E1187.24611
G1 X-8.313 Y-19.273 Z40.213 E1187.64375
G1 X-6.931 Y-16.449 Z40.22 E1189.12228
G1 X-5.72 Y-13.735 Z40.227 E1190.51987
G1 X-4.398 Y-10.961 Z40.234 E1191.96495
G1 X-1.674 Y-11.695 Z40.241 E1193.29164
G1 X-1.917 Y-14.753 Z40.248 E1194.73424
G1 X-2.23 Y-17.76 Z40.255 E1196.15597
G1 X-2.443 Y-20.84 Z40.262 E1197.60785
G1 X-2.441 Y-21.717 Z40.265 E1198.02027
G1 X-1.409 Y-21.065 Z40.267 E1198.59433
G1 X-1.287 Y-21.289 Z40.268 E1198.71428
G1 X-1.088 Y-19.97 Z40.271 E1199.34158
G1 X-.801 Y-16.778 Z40.279 E1200.84872
G1 X-.614 Y-14.049 Z40.285 E1202.13508
G1 X-.256 Y-11.689 Z40.291 E1203.25761
G1 X1.914 Y-11.286 Z40.296 E1204.29553
G1 X2.847 Y-13 Z40.3 E1205.21325
G1 X4.247 Y-18.467 Z40.314 E1207.86715
G1 X5.135 Y-21.353 Z40.321 E1209.28712
G1 X6.232 Y-21.059 Z40.323 E1209.82121
G1 X5.561 Y-18.133 Z40.33 E1211.23292
G1 X4.038 Y-12.68 Z40.344 E1213.89542
G1 X4.001 Y-10.73 Z40.348 E1214.8126
G1 X6.061 Y-10.001 Z40.353 E1215.84022
G1 X7.552 Y-11.863 Z40.359 E1216.96199
G1 X9.078 Y-14.132 Z40.365 E1218.24789
G1 X10.926 Y-16.763 Z40.373 E1219.75987
G1 X11.785 Y-17.842 Z40.376 E1220.40845
G1 X11.779 Y-17.557 Z40.377 E1220.5425
G1 X13.011 Y-17.631 Z40.38 E1221.12291
G1 X12.552 Y-16.83 Z40.382 E1221.55706
G1 X10.802 Y-14.234 Z40.389 E1223.02935
G1 X9.046 Y-11.813 Z40.396 E1224.43581
G1 X7.31 Y-9.281 Z40.403 E1225.87951
G1 X9.28 Y-7.31 Z40.41 E1227.19
G1 X11.812 Y-9.047 Z40.417 E1228.63397
G1 X14.232 Y-10.804 Z40.424 E1230.04033
G1 X16.827 Y-12.556 Z40.431 E1231.51275
G1 X17.651 Y-13.029 Z40.434 E1231.95956
G1 X17.566 Y-11.795 Z40.436 E1232.54124
G1 X17.871 Y-11.802 Z40.437 E1232.68471
G1 X16.764 Y-10.919 Z40.44 E1233.35062
G1 X14.136 Y-9.073 Z40.448 E1234.8609
G1 X11.867 Y-7.546 Z40.454 E1236.14706
G1 X10.01 Y-6.049 Z40.46 E1237.26877
G1 X10.729 Y-4.031 Z40.465 E1238.2762
G1 X12.677 Y-4.049 Z40.47 E1239.19232
G1 X18.13 Y-5.574 Z40.483 E1241.85506
G1 X21.126 Y-6.258 Z40.49 E1243.30023
G1 X21.427 Y-5.146 Z40.493 E1243.84198
G1 X18.472 Y-4.232 Z40.5 E1245.29657
;TIME_ELAPSED:412.424681
;LAYER:40
;TYPE:WALL-OUTER
;MESH:ceramic_two_component_reference_like_v3.stl
G1 X13.854 Y-3.047 Z40.511 E1247.53862
G1 X12.015 Y-2.261 Z40.516 E1248.47911
G1 X12.556 Y0.356 Z40.522 E1249.73582
G1 X14.936 Y0.654 Z40.528 E1250.86379
G1 X17.708 Y0.862 Z40.535 E1252.17103
G1 X20.833 Y1.19 Z40.542 E1253.64868
G1 X21.45 Y1.284 Z40.544 E1253.94218
G1 X21.433 Y1.295 E1253.95171
G1 X21.866 Y2.471 Z40.547 E1254.54103
G1 X21.693 Y2.472 E1254.62239
G1 X18.637 Y2.319 Z40.554 E1256.06132
G1 X15.613 Y2.033 Z40.561 E1257.48975
G1 X12.575 Y1.782 Z40.569 E1258.92328
G1 X11.777 Y4.744 Z40.576 E1260.36587
G1 X14.568 Y6.058 Z40.583 E1261.81657
G1 X17.276 Y7.297 Z40.59 E1263.21701
G1 X20.032 Y8.703 Z40.598 E1264.67198
G1 X20.212 Y8.808 E1264.76998
G1 X19.234 Y9.596 Z40.601 E1265.36061
G1 X19.26 Y9.638 E1265.38384
G1 X18.629 Y9.393 Z40.603 E1265.70216
G1 X15.715 Y8.093 Z40.61 E1267.20269
G1 X13.259 Y6.912 Z40.617 E1268.48426
G1 X11.044 Y5.992 Z40.623 E1269.61217
G1 X9.313 Y7.943 Z40.629 E1270.83872
G1 X10.486 Y9.553 Z40.633 E1271.77549
G1 X14.499 Y13.537 Z40.647 E1274.43473
G1 X16.072 Y15.237 Z40.652 E1275.52391
G1 X15.238 Y16.074 Z40.655 E1276.07957
G1 X13.536 Y14.502 Z40.661 E1277.16912
G1 X9.55 Y10.491 Z40.674 E1279.82836
G1 X7.933 Y9.331 Z40.679 E1280.76421
G1 X6.004 Y11.038 Z40.685 E1281.97553
G1 X6.919 Y13.254 Z40.691 E1283.10298
G1 X8.125 Y15.759 Z40.697 E1284.41041
G1 X9.403 Y18.616 Z40.705 E1285.88225
G1 X9.684 Y19.337 Z40.706 E1286.24615
G1 X9.599 Y19.287 Z40.707 E1286.29253
G1 X8.836 Y20.296 Z40.71 E1286.88742
G1 X8.686 Y20.043 E1287.02573
G1 X7.279 Y17.278 Z40.718 E1288.48469
G1 X6.043 Y14.576 Z40.725 E1289.88197
G1 X4.72 Y11.789 Z40.732 E1291.33278
G1 X1.81 Y12.572 Z40.739 E1292.74992
G1 X2.063 Y15.696 Z40.747 E1294.22384
G1 X2.345 Y18.637 Z40.754 E1295.61324
G1 X2.509 Y21.692 Z40.761 E1297.05196
G1 X2.505 Y22.034 Z40.762 E1297.21281
G1 X1.344 Y21.529 Z40.765 E1297.8082
G1 X1.281 Y21.643 E1297.86945
G1 X1.156 Y20.839 Z40.767 E1298.25208
G1 X0.834 Y17.712 Z40.774 E1299.73038
G1 X0.623 Y14.939 Z40.781 E1301.0382
G1 X0.296 Y12.566 Z40.787 E1302.16468
G1 X-2.162 Y12.07 Z40.793 E1303.34389
G1 X-3.008 Y13.863 Z40.797 E1304.27622
G1 X-4.453 Y19.337 Z40.811 E1306.93863
G1 X-5.176 Y21.654 Z40.816 E1308.08005
G1 X-6.346 Y21.341 Z40.819 E1308.64961
G1 X-5.814 Y18.966 Z40.825 E1309.79417
G1 X-4.332 Y13.508 Z40.839 E1312.45381
G1 X-4.184 Y11.533 Z40.843 E1313.38519
G1 X-6.531 Y10.744 Z40.849 E1314.5496
G1 X-8.004 Y12.632 Z40.855 E1315.67572
G1 X-9.6 Y14.97 Z40.861 E1317.00694
G1 X-11.406 Y17.473 Z40.869 E1318.45843
G1 X-11.974 Y18.179 Z40.871 E1318.88455
G1 X-11.973 Y18 E1318.96873
G1 X-13.246 Y17.897 Z40.874 E1319.56933
G1 X-13.042 Y17.533 Z40.875 E1319.76556
G1 X-11.353 Y14.946 Z40.883 E1321.21846
G1 X-9.598 Y12.482 Z40.89 E1322.64107
G1 X-7.874 Y9.967 Z40.897 E1324.07499
G1 X-9.966 Y7.875 Z40.904 E1325.46628
G1 X-12.55 Y9.65 Z40.912 E1326.94052
G1 X-14.938 Y11.353 Z40.919 E1328.31983
G1 X-17.529 Y13.048 Z40.926 E1329.77586
G1 X-17.928 Y13.273 Z40.927 E1329.99127
G1 X-18.015 Y11.996 Z40.93 E1330.59319
G1 X-18.223 Y11.999 E1330.69102
G1 X-17.481 Y11.399 Z40.933 E1331.13976
G1 X-14.892 Y9.534 Z40.94 E1332.64028
G1 X-12.639 Y7.996 Z40.947 E1333.92312
G1 X-10.759 Y6.513 Z40.952 E1335.04917
G1 X-11.532 Y4.23 Z40.958 E1336.18266
G1 X-13.503 Y4.347 Z40.963 E1337.11118
G1 X-18.961 Y5.834 Z40.976 E1339.77144
G1 X-21.448 Y6.39 Z40.982 E1340.96986
G1 X-21.772 Y5.192 Z40.985 E1341.55348
G1 X-19.345 Y4.43 Z40.991 E1342.74975
G1 X-13.87 Y2.982 Z41.005 E1345.41298
G1 X-12.113 Y2.087 Z41.009 E1346.34025
G1 X-12.574 Y-.244 Z41.015 E1347.45767
G1 X-14.941 Y-.594 Z41.021 E1348.58289
G1 X-17.714 Y-.803 Z41.027 E1349.89064
G1 X-20.844 Y-1.115 Z41.035 E1351.36986
G1 X-21.875 Y-1.278 Z41.037 E1351.86073
G1 X-21.648 Y-1.407 Z41.038 E1351.98351
G1 X-22.249 Y-2.549 Z41.041 E1352.59039
G1 X-21.693 Y-2.556 Z41.042 E1352.85187
G1 X-18.633 Y-2.383 Z41.049 E1354.29318
G1 X-15.607 Y-2.091 Z41.057 E1355.72282
G1 X-12.569 Y-1.865 Z41.064 E1357.15543
G1 X-11.813 Y-4.668 Z41.071 E1358.52068
G1 X-14.591 Y-6.006 Z41.078 E1359.97071
G1 X-17.305 Y-7.239 Z41.085 E1361.37255
G1 X-20.075 Y-8.63 Z41.092 E1362.83021
G1 X-20.582 Y-8.932 Z41.094 E1363.10772
G1 X-19.478 Y-9.61 Z41.097 E1363.71699
G1 X-19.624 Y-9.855 Z41.098 E1363.85111
G1 X-18.601 Y-9.464 Z41.1 E1364.36613
G1 X-15.695 Y-8.15 Z41.108 E1365.86593
G1 X-13.232 Y-6.966 Z41.114 E1367.15107
G1 X-11.003 Y-6.097 Z41.12 E1368.27614
G1 X-9.485 Y-7.842 Z41.125 E1369.3638
G1 X-10.533 Y-9.505 Z41.13 E1370.28819
G1 X-14.551 Y-13.49 Z41.143 E1372.94943
G1 X-16.35 Y-15.452 Z41.15 E1374.20124
G1 X-15.453 Y-16.351 Z41.153 E1374.79846
G1 X-13.489 Y-14.553 Z41.159 E1376.05065
G1 X-9.501 Y-10.538 Z41.173 E1378.71188
G1 X-7.832 Y-9.503 Z41.177 E1379.63542
G1 X-6.109 Y-10.997 Z41.183 E1380.70787
G1 X-6.974 Y-13.228 Z41.188 E1381.83313
G1 X-8.179 Y-15.734 Z41.195 E1383.14078
G1 X-9.475 Y-18.591 Z41.202 E1384.6161
G1 X-9.901 Y-19.701 Z41.205 E1385.17521
G1 X-9.613 Y-19.531 Z41.206 E1385.33249
G1 X-8.96 Y-20.667 Z41.209 E1385.94868
G1 X-8.613 Y-20.085 Z41.211 E1386.26733
G1 X-7.221 Y-17.307 Z41.218 E1387.72855
G1 X-5.99 Y-14.599 Z41.225 E1389.12743
G1 X-4.645 Y-11.825 Z41.232 E1390.5772
G1 X-1.893 Y-12.566 Z41.239 E1391.91747
G1 X-2.12 Y-15.691 Z41.247 E1393.39092
G1 X-2.408 Y-18.634 Z41.254 E1394.78152
G1 X-2.593 Y-21.693 Z41.261 E1396.22269
G1 X-2.583 Y-22.417 Z41.263 E1396.56319
G1 X-1.455 Y-21.744 Z41.266 E1397.18089
G1 X-1.275 Y-22.065 Z41.267 E1397.35396
G1 X-1.08 Y-20.85 Z41.269 E1397.93264
G1 X-.774 Y-17.717 Z41.277 E1399.413
G1 X-.563 Y-14.943 Z41.283 E1400.72128
G1 X-.183 Y-12.584 Z41.289 E1401.84494
G1 X1.989 Y-12.168 Z41.294 E1402.88492
G1 X2.944 Y-13.88 Z41.299 E1403.8068
G1 X4.392 Y-19.375 Z41.313 E1406.47912
G1 X5.223 Y-22.002 Z41.319 E1407.77485
G1 X6.479 Y-21.666 Z41.322 E1408.38627
G1 X5.881 Y-18.95 Z41.329 E1409.6941
G1 X4.396 Y-13.49 Z41.342 E1412.35502
G1 X4.384 Y-11.531 Z41.347 E1413.27629
G1 X6.442 Y-10.815 Z41.352 E1414.301
G1 X7.955 Y-12.666 Z41.358 E1415.42525
G1 X9.553 Y-15.008 Z41.364 E1416.75856
G1 X11.347 Y-17.521 Z41.372 E1418.21058
G1 X12.182 Y-18.55 Z41.375 E1418.83376
G1 X12.178 Y-18.132 Z41.376 E1419.03034
G1 X13.503 Y-18.189 Z41.379 E1419.65402
G1 X13.113 Y-17.492 Z41.381 E1420.02961
G1 X11.406 Y-14.91 Z41.388 E1421.4852
G1 X9.645 Y-12.447 Z41.395 E1422.90907
G1 X7.944 Y-9.919 Z41.403 E1424.34196
G1 X9.919 Y-7.945 Z41.409 E1425.65511
G1 X12.516 Y-9.696 Z41.417 E1427.12806
G1 X14.902 Y-11.406 Z41.424 E1428.50852
G1 X17.488 Y-13.12 Z41.431 E1429.96749
G1 X18.22 Y-13.53 Z41.433 E1430.36204
G1 X18.148 Y-12.2 Z41.436 E1430.98841
G1 X18.592 Y-12.206 Z41.437 E1431.19723
G1 X17.528 Y-11.34 Z41.44 E1431.84238
G1 X14.927 Y-9.485 Z41.448 E1433.34474
G1 X12.672 Y-7.945 Z41.454 E1434.62889
G1 X10.83 Y-6.424 Z41.46 E1435.75226
G1 X11.531 Y-4.43 Z41.465 E1436.74623
G1 X13.485 Y-4.412 Z41.47 E1437.66517
G1 X18.946 Y-5.902 Z41.483 E1440.32716
G1 X21.773 Y-6.522 Z41.49 E1441.68819
G1 X22.12 Y-5.239 Z41.493 E1442.31322
G1 X19.365 Y-4.363 Z41.5 E1443.67272
;TIME_ELAPSED:423.315968
;LAYER:41
;TYPE:WALL-OUTER
;MESH:ceramic_two_component_reference_like_v3.stl
G1 X14.759 Y-3.147 Z41.511 E1445.91297
G1 X12.919 Y-2.336 Z41.516 E1446.85858
G1 X13.481 Y0.283 Z41.523 E1448.11825
G1 X15.856 Y0.603 Z41.528 E1449.24522
G1 X18.622 Y0.829 Z41.535 E1450.55031
G1 X21.712 Y1.178 Z41.542 E1452.01267
G1 X22.298 Y1.272 Z41.544 E1452.29176
G1 X22.275 Y1.286 E1452.30443
G1 X22.631 Y2.626 Z41.547 E1452.95644
G1 X22.538 Y2.628 E1453.00019
G1 X19.518 Y2.503 Z41.554 E1454.4216
G1 X16.547 Y2.243 Z41.562 E1455.8241
G1 X13.476 Y2.012 Z41.569 E1457.27237
G1 X12.672 Y4.995 Z41.576 E1458.72523
G1 X15.449 Y6.33 Z41.584 E1460.17422
G1 X18.163 Y7.592 Z41.591 E1461.58176
G1 X20.83 Y8.982 Z41.598 E1462.99607
G1 X20.95 Y9.055 E1463.06213
G1 X19.955 Y10.017 Z41.602 E1463.71298
G1 X19.987 Y10.072 E1463.7429
G1 X19.391 Y9.847 Z41.603 E1464.04249
G1 X16.527 Y8.597 Z41.611 E1465.51202
G1 X14.028 Y7.417 Z41.617 E1466.81163
G1 X11.808 Y6.519 Z41.623 E1467.9378
G1 X10.065 Y8.459 Z41.629 E1469.16425
G1 X11.221 Y10.09 Z41.634 E1470.10437
G1 X15.188 Y14.085 Z41.647 E1472.75197
G1 X16.625 Y15.665 Z41.652 E1473.75633
G1 X15.666 Y16.627 Z41.656 E1474.39512
G1 X14.084 Y15.191 Z41.661 E1475.39986
G1 X10.087 Y11.226 Z41.674 E1478.04747
G1 X8.449 Y10.085 Z41.679 E1478.98623
G1 X6.533 Y11.802 Z41.685 E1480.19611
G1 X7.425 Y14.023 Z41.691 E1481.32166
G1 X8.601 Y16.511 Z41.697 E1482.61579
G1 X9.861 Y19.384 Z41.705 E1484.09109
G1 X10.117 Y20.062 Z41.706 E1484.4319
G1 X10.005 Y19.999 Z41.707 E1484.49233
G1 X9.083 Y21.034 Z41.71 E1485.14417
G1 X8.966 Y20.841 Z41.711 E1485.25031
G1 X7.577 Y18.172 Z41.718 E1486.66524
G1 X6.314 Y15.458 Z41.725 E1488.07298
G1 X4.97 Y12.686 Z41.732 E1489.52169
G1 X2.042 Y13.473 Z41.74 E1490.9475
G1 X2.263 Y16.544 Z41.747 E1492.39542
G1 X2.528 Y19.516 Z41.754 E1493.79859
G1 X2.666 Y22.538 Z41.761 E1495.22122
G1 X2.66 Y22.795 Z41.762 E1495.34211
G1 X1.353 Y22.341 Z41.765 E1495.99277
G1 X1.269 Y22.485 E1496.07117
G1 X1.142 Y21.719 Z41.767 E1496.43631
G1 X0.799 Y18.626 Z41.775 E1497.89975
G1 X0.57 Y15.86 Z41.781 E1499.20496
G1 X0.217 Y13.493 Z41.787 E1500.33039
G1 X-2.23 Y12.981 Z41.793 E1501.50604
G1 X-3.106 Y14.769 Z41.798 E1502.44237
G1 X-4.582 Y20.209 Z41.811 E1505.09311
G1 X-5.27 Y22.346 Z41.817 E1506.14886
G1 X-6.611 Y21.988 Z41.82 E1506.80157
G1 X-6.14 Y19.798 Z41.825 E1507.855
G1 X-4.702 Y14.342 Z41.839 E1510.50839
G1 X-4.583 Y12.358 Z41.843 E1511.44307
G1 X-6.925 Y11.586 Z41.849 E1512.60273
G1 X-8.416 Y13.455 Z41.855 E1513.72707
G1 X-9.981 Y15.716 Z41.861 E1515.0202
G1 X-11.833 Y18.244 Z41.869 E1516.49392
G1 X-12.386 Y18.914 Z41.871 E1516.90245
G1 X-12.386 Y18.684 Z41.872 E1517.01062
G1 X-13.758 Y18.478 Z41.875 E1517.66305
G1 X-13.589 Y18.165 Z41.876 E1517.83033
G1 X-11.958 Y15.621 Z41.883 E1519.25144
G1 X-10.248 Y13.184 Z41.89 E1520.65146
G1 X-8.53 Y10.629 Z41.897 E1522.09936
G1 X-10.629 Y8.53 Z41.904 E1523.49531
G1 X-13.183 Y10.249 Z41.912 E1524.94307
G1 X-15.618 Y11.961 Z41.919 E1526.34287
G1 X-18.161 Y13.596 Z41.926 E1527.7646
G1 X-18.508 Y13.785 Z41.927 E1527.95042
G1 X-18.689 Y12.409 Z41.93 E1528.60308
G1 X-18.957 Y12.409 Z41.931 E1528.72911
G1 X-18.251 Y11.826 Z41.933 E1529.15968
G1 X-15.746 Y9.991 Z41.94 E1530.61995
G1 X-13.462 Y8.407 Z41.947 E1531.92706
G1 X-11.603 Y6.905 Z41.953 E1533.05097
G1 X-12.358 Y4.634 Z41.959 E1534.17642
G1 X-14.336 Y4.719 Z41.963 E1535.10746
G1 X-19.793 Y6.161 Z41.977 E1537.76178
G1 X-22.093 Y6.654 Z41.982 E1538.86796
G1 X-22.463 Y5.285 Z41.986 E1539.53485
G1 X-20.218 Y4.558 Z41.991 E1540.64457
G1 X-14.777 Y3.077 Z42.005 E1543.29638
G1 X-13.03 Y2.15 Z42.009 E1544.22643
G1 X-13.502 Y-.161 Z42.015 E1545.33565
G1 X-15.861 Y-.539 Z42.021 E1546.45915
G1 X-18.628 Y-.766 Z42.027 E1547.76475
G1 X-21.725 Y-1.099 Z42.035 E1549.22956
G1 X-22.715 Y-1.266 Z42.037 E1549.7017
G1 X-22.427 Y-1.435 Z42.038 E1549.85873
G1 X-23.007 Y-2.703 Z42.041 E1550.51444
G1 X-22.539 Y-2.715 Z42.042 E1550.7346
G1 X-19.514 Y-2.569 Z42.05 E1552.15881
G1 X-16.541 Y-2.304 Z42.057 E1553.56245
G1 X-13.47 Y-2.103 Z42.064 E1555.00973
G1 X-12.713 Y-4.913 Z42.071 E1556.37828
G1 X-15.475 Y-6.274 Z42.078 E1557.82628
G1 X-18.194 Y-7.532 Z42.085 E1559.23516
G1 X-20.875 Y-8.908 Z42.093 E1560.6523
G1 X-21.315 Y-9.177 Z42.094 E1560.89482
G1 X-20.161 Y-9.965 Z42.097 E1561.55196
G1 X-20.346 Y-10.286 Z42.098 E1561.72619
G1 X-19.362 Y-9.921 Z42.101 E1562.21974
G1 X-16.507 Y-8.657 Z42.108 E1563.68805
G1 X-14 Y-7.475 Z42.115 E1564.99147
G1 X-11.764 Y-6.636 Z42.12 E1566.11457
G1 X-10.253 Y-8.354 Z42.126 E1567.19051
G1 X-11.272 Y-10.04 Z42.13 E1568.11693
G92 E0
G1 X-15.242 Y-14.036 Z42.144 E2.64893
G1 X-16.9 Y-15.877 Z42.15 E3.81404
G1 X-15.879 Y-16.902 Z42.153 E4.49439
G1 X-14.035 Y-15.244 Z42.159 E5.66054
G1 X-10.036 Y-11.277 Z42.173 E8.30948
G1 X-8.343 Y-10.273 Z42.177 E9.23511
G1 X-6.649 Y-11.759 Z42.183 E10.29481
G1 X-7.483 Y-13.996 Z42.188 E11.41752
G1 X-8.671 Y-16.511 Z42.195 E12.72555
G1 X-9.935 Y-19.356 Z42.202 E14.18956
G1 X-10.331 Y-20.422 Z42.205 E14.72433
G1 X-9.954 Y-20.206 Z42.206 E14.92866
G1 X-9.205 Y-21.398 Z42.209 E15.59069
G1 X-8.89 Y-20.886 Z42.211 E15.87339
G1 X-7.516 Y-18.202 Z42.218 E17.29136
G1 X-6.257 Y-15.483 Z42.225 E18.70043
G1 X-4.886 Y-12.727 Z42.233 E20.14799
G1 X-2.134 Y-13.467 Z42.239 E21.48813
G1 X-2.326 Y-16.538 Z42.247 E22.93514
G1 X-2.597 Y-19.535 Z42.254 E24.35027
G1 X-2.752 Y-22.539 Z42.261 E25.76483
G1 X-2.736 Y-23.171 Z42.262 E26.06213
G1 X-1.503 Y-22.494 Z42.266 E26.72362
G1 X-1.264 Y-22.905 Z42.267 E26.9472
G1 X-1.062 Y-21.731 Z42.27 E27.50741
G1 X-.736 Y-18.636 Z42.277 E28.97093
G1 X-.505 Y-15.864 Z42.284 E30.27902
G1 X-0.095 Y-13.514 Z42.29 E31.40084
G1 X2.044 Y-13.092 Z42.295 E32.42613
G1 X3.036 Y-14.788 Z42.299 E33.35011
G1 X4.516 Y-20.24 Z42.313 E36.00678
G1 X5.316 Y-22.689 Z42.319 E37.21835
G1 X6.742 Y-22.31 Z42.323 E37.91223
G1 X6.211 Y-19.782 Z42.329 E39.12701
G1 X4.772 Y-14.322 Z42.342 E41.78233
G1 X4.8 Y-12.361 Z42.347 E42.70462
G1 X6.829 Y-11.665 Z42.352 E43.71336
G1 X8.363 Y-13.492 Z42.358 E44.83523
G1 X9.93 Y-15.753 Z42.364 E46.12889
G1 X11.771 Y-18.294 Z42.372 E47.6045
G1 X12.588 Y-19.279 Z42.375 E48.20632
G1 X12.59 Y-18.742 Z42.376 E48.45885
G1 X14.013 Y-18.766 Z42.379 E49.12813
G1 X13.665 Y-18.123 Z42.381 E49.47196
G1 X12.014 Y-15.583 Z42.388 E50.89659
G1 X10.298 Y-13.148 Z42.395 E52.29747
G1 X8.607 Y-10.578 Z42.403 E53.7442
G1 X10.577 Y-8.607 Z42.409 E55.05469
G1 X13.147 Y-10.3 Z42.417 E56.50195
G1 X15.58 Y-12.018 Z42.424 E57.9026
G1 X18.119 Y-13.672 Z42.431 E59.3276
G1 X18.796 Y-14.04 Z42.433 E59.68997
G1 X18.749 Y-12.614 Z42.436 E60.36093
G1 X19.324 Y-12.613 Z42.438 E60.63133
G1 X18.301 Y-11.763 Z42.441 E61.25681
G1 X15.783 Y-9.938 Z42.448 E62.71925
G1 X13.499 Y-8.353 Z42.455 E64.02663
G1 X11.682 Y-6.809 Z42.461 E65.14793
G1 X12.362 Y-4.85 Z42.465 E66.1231
G1 X14.317 Y-4.789 Z42.47 E67.04292
G1 X19.777 Y-6.232 Z42.484 E69.69873
G1 X22.415 Y-6.785 Z42.49 E70.96625
G1 X22.806 Y-5.331 Z42.494 E71.67431
G1 X20.24 Y-4.488 Z42.5 E72.94446
;TIME_ELAPSED:434.166067
;LAYER:42
;TYPE:WALL-OUTER
;MESH:ceramic_two_component_reference_like_v3.stl
G1 X15.515 Y-3.204 Z42.512 E75.24704
G1 X13.72 Y-2.328 Z42.516 E76.18633
G1 X14.268 Y0.178 Z42.523 E77.39266
G1 X16.611 Y0.536 Z42.528 E78.50728
G1 X19.341 Y0.777 Z42.535 E79.7961
G1 X22.352 Y1.127 Z42.542 E81.2216
G1 X23.122 Y1.261 Z42.544 E81.58915
G1 X22.957 Y1.358 E81.67915
G1 X23.372 Y2.777 Z42.548 E82.37441
G1 X23.124 Y2.784 Z42.549 E82.49109
G1 X20.219 Y2.672 Z42.555 E83.85822
G1 X17.273 Y2.432 Z42.563 E85.24821
G1 X14.228 Y2.237 Z42.57 E86.6831
G1 X13.44 Y5.177 Z42.577 E88.11448
G1 X16.175 Y6.53 Z42.584 E89.54944
G1 X18.828 Y7.781 Z42.591 E90.9288
G1 X21.426 Y9.149 Z42.598 E92.30957
G1 X21.657 Y9.292 Z42.599 E92.43733
G1 X20.575 Y10.295 Z42.603 E93.13115
G1 X20.685 Y10.488 E93.23562
G1 X19.927 Y10.211 Z42.605 E93.61514
G1 X17.135 Y9.005 Z42.612 E95.04537
G1 X14.651 Y7.851 Z42.619 E96.33341
G1 X12.439 Y7.002 Z42.625 E97.44763
G1 X10.756 Y8.854 Z42.631 E98.62446
G1 X11.846 Y10.52 Z42.635 E99.5607
G1 X15.743 Y14.493 Z42.649 E102.17782
G1 X17.151 Y16.07 Z42.654 E103.172
G1 X16.072 Y17.152 Z42.657 E103.8906
G1 X14.493 Y15.745 Z42.662 E104.88517
G1 X10.517 Y11.851 Z42.676 E107.50231
G1 X8.846 Y10.775 Z42.68 E108.43694
G1 X7.014 Y12.433 Z42.686 E109.59891
G1 X7.858 Y14.647 Z42.692 E110.71316
G1 X9.003 Y17.11 Z42.699 E111.99046
G1 X10.221 Y19.922 Z42.706 E113.43157
G1 X10.52 Y20.74 Z42.708 E113.84114
G1 X10.278 Y20.605 Z42.709 E113.97145
G1 X9.312 Y21.718 Z42.712 E114.66451
G1 X9.136 Y21.435 Z42.713 E114.82123
G1 X7.769 Y18.835 Z42.72 E116.20261
G1 X6.517 Y16.182 Z42.727 E117.58218
G1 X5.154 Y13.452 Z42.734 E119.01712
G1 X2.264 Y14.226 Z42.741 E120.42408
G1 X2.451 Y17.271 Z42.749 E121.85874
G1 X2.695 Y20.228 Z42.756 E123.25404
G1 X2.814 Y23.124 Z42.763 E124.61707
G1 X2.801 Y23.491 Z42.764 E124.78977
G1 X1.421 Y22.992 Z42.767 E125.47986
G1 X1.26 Y23.262 Z42.768 E125.62769
G1 X1.1 Y22.358 Z42.77 E126.05942
G1 X0.752 Y19.345 Z42.777 E127.48575
G1 X0.507 Y16.615 Z42.784 E128.77473
G1 X0.119 Y14.28 Z42.79 E129.88786
G1 X-2.235 Y13.777 Z42.795 E131.01985
G1 X-3.167 Y15.524 Z42.8 E131.951
G1 X-4.66 Y20.882 Z42.813 E134.56668
G1 X-5.354 Y22.97 Z42.819 E135.60141
G1 X-6.85 Y22.572 Z42.822 E136.3294
G1 X-6.408 Y20.418 Z42.828 E137.36345
G1 X-5.026 Y15.027 Z42.841 E139.98063
G1 X-4.974 Y13.049 Z42.846 E140.91114
G1 X-7.232 Y12.314 Z42.851 E142.02783
G1 X-8.741 Y14.139 Z42.857 E143.14145
G1 X-10.302 Y16.363 Z42.863 E144.41923
G1 X-12.12 Y18.818 Z42.871 E145.85582
G1 X-12.752 Y19.569 Z42.873 E146.31741
G1 X-12.758 Y19.203 Z42.874 E146.48955
G1 X-14.214 Y18.993 Z42.878 E147.18134
G1 X-14.015 Y18.62 Z42.879 E147.38015
G1 X-12.448 Y16.143 Z42.886 E148.75852
G1 X-10.771 Y13.724 Z42.893 E150.14272
G1 X-9.097 Y11.174 Z42.9 E151.57721
G1 X-11.172 Y9.097 Z42.907 E152.95786
G1 X-13.722 Y10.772 Z42.914 E154.3926
G1 X-16.143 Y12.453 Z42.921 E155.77865
G1 X-18.616 Y14.02 Z42.928 E157.15543
G1 X-19.014 Y14.233 Z42.929 E157.36771
G1 X-19.202 Y12.778 Z42.933 E158.05764
G1 X-19.602 Y12.771 Z42.934 E158.24577
G1 X-18.824 Y12.114 Z42.936 E158.72464
G1 X-16.381 Y10.304 Z42.943 E160.15446
G1 X-14.146 Y8.733 Z42.95 E161.43918
G1 X-12.33 Y7.215 Z42.956 E162.55225
G1 X-13.05 Y5.019 Z42.961 E163.63904
G1 X-15.022 Y5.041 Z42.966 E164.56646
G1 X-20.413 Y6.425 Z42.979 E167.18387
G1 X-22.647 Y6.881 Z42.985 E168.25611
G1 X-23.055 Y5.365 Z42.988 E168.9944
G1 X-20.889 Y4.641 Z42.994 E170.06839
G1 X-15.532 Y3.142 Z43.007 E172.68437
G1 X-13.822 Y2.164 Z43.012 E173.61075
G1 X-14.288 Y-0.069 Z43.017 E174.68348
G1 X-16.616 Y-.48 Z43.023 E175.79518
G1 X-19.347 Y-.725 Z43.03 E177.08464
G1 X-22.362 Y-1.067 Z43.037 E178.51158
G1 X-23.429 Y-1.258 Z43.039 E179.02133
G1 X-23.037 Y-1.496 Z43.041 E179.23699
G1 X-23.645 Y-2.832 Z43.044 E179.92726
G1 X-23.126 Y-2.851 Z43.045 E180.17149
G1 X-20.215 Y-2.727 Z43.052 E181.54168
G1 X-17.268 Y-2.484 Z43.059 E182.93225
G1 X-14.223 Y-2.319 Z43.067 E184.36631
G1 X-13.477 Y-5.104 Z43.074 E185.72217
G1 X-16.197 Y-6.482 Z43.081 E187.15608
G1 X-18.853 Y-7.733 Z43.088 E188.53672
G1 X-21.461 Y-9.092 Z43.095 E189.91969
G1 X-21.92 Y-9.38 Z43.096 E190.17452
G1 X-20.713 Y-10.216 Z43.1 E190.86498
G1 X-20.95 Y-10.644 Z43.101 E191.09505
G1 X-19.905 Y-10.269 Z43.103 E191.61716
G1 X-17.12 Y-9.056 Z43.111 E193.04569
G1 X-14.626 Y-7.903 Z43.117 E194.3378
G1 X-12.402 Y-7.107 Z43.123 E195.44864
G1 X-10.928 Y-8.763 Z43.128 E196.49121
G1 X-11.891 Y-10.475 Z43.133 E197.41493
G1 X-15.787 Y-14.455 Z43.146 E200.03407
G1 X-17.35 Y-16.223 Z43.152 E201.14382
G1 X-16.224 Y-17.351 Z43.156 E201.89333
G1 X-14.454 Y-15.788 Z43.161 E203.00378
G1 X-10.472 Y-11.895 Z43.175 E205.62261
G1 X-8.755 Y-10.946 Z43.179 E206.54518
G1 X-7.119 Y-12.397 Z43.185 E207.57353
G1 X-7.909 Y-14.623 Z43.19 E208.68431
G1 X-9.064 Y-17.116 Z43.197 E209.97639
G1 X-10.28 Y-19.901 Z43.204 E211.40548
G1 X-10.677 Y-21.005 Z43.207 E211.9572
G1 X-10.199 Y-20.743 Z43.208 E212.21354
G1 X-9.401 Y-21.981 Z43.212 E212.90619
G1 X-9.079 Y-21.47 Z43.213 E213.19023
G1 X-7.72 Y-18.86 Z43.22 E214.57404
G1 X-6.468 Y-16.204 Z43.227 E215.95488
G1 X-5.08 Y-13.489 Z43.235 E217.38882
G1 X-2.347 Y-14.221 Z43.241 E218.71936
G1 X-2.504 Y-17.266 Z43.249 E220.15322
G1 X-2.75 Y-20.225 Z43.256 E221.54953
G1 X-2.881 Y-23.127 Z43.263 E222.91563
G1 X-2.856 Y-23.764 Z43.264 E223.21542
G1 X-1.558 Y-23.072 Z43.268 E223.90716
G1 X-1.257 Y-23.569 Z43.269 E224.1804
G1 X-1.039 Y-22.368 Z43.272 E224.75442
G1 X-.7 Y-19.355 Z43.279 E226.18027
G1 X-.451 Y-16.619 Z43.286 E227.47223
G1 X-0.01 Y-14.3 Z43.291 E228.58232
G1 X2.071 Y-13.88 Z43.297 E229.58067
G1 X3.106 Y-15.541 Z43.301 E230.50102
G1 X4.606 Y-20.9 Z43.315 E233.11803
G1 X5.387 Y-23.219 Z43.32 E234.26876
G1 X6.946 Y-22.803 Z43.324 E235.02756
G1 X6.466 Y-20.405 Z43.33 E236.17762
G1 X5.087 Y-15.01 Z43.343 E238.79627
G1 X5.167 Y-13.056 Z43.348 E239.71594
G1 X7.148 Y-12.386 Z43.353 E240.69938
G1 X8.695 Y-14.172 Z43.359 E241.81054
G1 X10.259 Y-16.395 Z43.365 E243.08874
G1 X12.072 Y-18.858 Z43.373 E244.52697
G1 X12.903 Y-19.837 Z43.376 E245.13085
G1 X12.918 Y-19.203 Z43.377 E245.42908
G1 X14.398 Y-19.201 Z43.381 E246.12508
G1 X14.074 Y-18.588 Z43.382 E246.45114
G1 X12.496 Y-16.116 Z43.389 E247.83029
G1 X10.814 Y-13.693 Z43.396 E249.21738
G1 X9.165 Y-11.129 Z43.404 E250.65098
G1 X11.128 Y-9.166 Z43.41 E251.95649
G1 X13.692 Y-10.816 Z43.418 E253.39034
G1 X16.113 Y-12.499 Z43.425 E254.77692
G1 X18.584 Y-14.08 Z43.432 E256.15645
G1 X19.223 Y-14.417 Z43.433 E256.49617
G1 X19.203 Y-12.936 Z43.437 E257.1927
G1 X19.87 Y-12.922 Z43.439 E257.50644
G1 X18.863 Y-12.066 Z43.442 E258.12797
G1 X16.412 Y-10.261 Z43.449 E259.55942
G1 X14.178 Y-8.686 Z43.456 E260.84483
G1 X12.402 Y-7.13 Z43.461 E261.95522
G1 X13.058 Y-5.211 Z43.466 E262.90894
G1 X15.006 Y-5.102 Z43.471 E263.82645
G1 X20.401 Y-6.483 Z43.484 E266.44533
G1 X22.878 Y-6.977 Z43.49 E267.63312
G1 X23.304 Y-5.399 Z43.494 E268.40176
G1 X20.907 Y-4.586 Z43.5 E269.59206
;TIME_ELAPSED:444.966311
;LAYER:43
;TYPE:WALL-OUTER
;MESH:ceramic_two_component_reference_like_v3.stl
G1 X16.179 Y-3.259 Z43.512 E271.90139
G1 X14.427 Y-2.334 Z43.517 E272.83307
G1 X14.97 Y0.093 Z43.523 E274.00262
G1 X17.269 Y0.483 Z43.528 E275.09921
G1 X19.946 Y0.739 Z43.535 E276.36385
G1 X22.85 Y1.095 Z43.542 E277.73973
G1 X23.728 Y1.256 Z43.544 E278.1595
G1 X23.408 Y1.452 Z43.545 E278.33597
G1 X23.911 Y2.885 Z43.549 E279.05017
G1 X23.578 Y2.898 Z43.55 E279.20689
G1 X20.762 Y2.807 Z43.556 E280.53185
G1 X17.901 Y2.59 Z43.563 E281.88114
G1 X14.901 Y2.432 Z43.571 E283.29389
G1 X14.118 Y5.343 Z43.578 E284.71149
G1 X16.798 Y6.707 Z43.585 E286.12565
G1 X19.383 Y7.946 Z43.592 E287.47371
G1 X21.875 Y9.277 Z43.599 E288.80229
G1 X22.169 Y9.464 Z43.6 E288.96614
G1 X21.01 Y10.44 Z43.603 E289.67869
G1 X21.201 Y10.792 Z43.604 E289.86703
G1 X20.334 Y10.485 Z43.607 E290.29955
G1 X17.615 Y9.329 Z43.614 E291.68897
G1 X15.195 Y8.226 Z43.62 E292.93965
G1 X13.004 Y7.427 Z43.626 E294.03637
G1 X11.366 Y9.215 Z43.632 E295.1767
G1 X12.394 Y10.9 Z43.637 E296.10493
G1 X16.171 Y14.809 Z43.65 E298.66111
G1 X17.532 Y16.363 Z43.655 E299.63255
G1 X16.364 Y17.533 Z43.659 E300.41
G1 X14.809 Y16.173 Z43.664 E301.38149
G1 X10.897 Y12.398 Z43.677 E303.93804
G1 X9.207 Y11.383 Z43.682 E304.86511
G1 X7.438 Y12.999 Z43.687 E305.99186
G1 X8.232 Y15.191 Z43.693 E307.08822
G1 X9.335 Y17.611 Z43.7 E308.3389
G1 X10.494 Y20.33 Z43.707 E309.72887
G1 X10.816 Y21.243 Z43.709 E310.18414
G1 X10.427 Y21.036 Z43.71 E310.39136
G1 X9.479 Y22.214 Z43.714 E311.10244
G1 X9.267 Y21.882 Z43.715 E311.28769
G1 X7.936 Y19.389 Z43.722 E312.61669
G1 X6.694 Y16.804 Z43.729 E313.96535
G1 X5.322 Y14.13 Z43.736 E315.37871
G1 X2.458 Y14.899 Z43.743 E316.77325
G1 X2.607 Y17.899 Z43.75 E318.18579
G1 X2.825 Y20.76 Z43.757 E319.53512
G1 X2.922 Y23.578 Z43.764 E320.86111
G1 X2.903 Y23.999 Z43.765 E321.05929
G1 X1.503 Y23.438 Z43.769 E321.76855
G1 X1.255 Y23.836 Z43.77 E321.98908
G1 X1.072 Y22.855 Z43.772 E322.45837
G1 X0.717 Y19.95 Z43.779 E323.83465
G1 X0.456 Y17.273 Z43.786 E325.09952
G1 X0.036 Y14.982 Z43.792 E326.19486
G1 X-2.248 Y14.483 Z43.797 E327.29428
G1 X-3.224 Y16.188 Z43.802 E328.21815
G1 X-4.727 Y21.42 Z43.815 E330.77809
G1 X-5.414 Y23.426 Z43.82 E331.77523
G1 X-7.026 Y22.995 Z43.824 E332.55993
G1 X-6.62 Y20.916 Z43.829 E333.55608
G1 X-5.308 Y15.63 Z43.843 E336.11733
G1 X-5.314 Y13.668 Z43.847 E337.03999
G1 X-7.514 Y12.965 Z43.853 E338.12611
G1 X-9.026 Y14.735 Z43.859 E339.22083
G1 X-10.572 Y16.9 Z43.865 E340.47189
G1 X-12.354 Y19.272 Z43.872 E341.86708
G1 X-13.027 Y20.055 Z43.875 E342.35262
G1 X-13.047 Y19.546 Z43.876 E342.59217
G1 X-14.545 Y19.368 Z43.88 E343.30158
G1 X-14.33 Y18.952 Z43.881 E343.52179
G1 X-12.835 Y16.556 Z43.888 E344.8499
G1 X-11.22 Y14.191 Z43.895 E346.19665
G1 X-9.599 Y11.66 Z43.902 E347.61008
G1 X-11.658 Y9.6 Z43.909 E348.97976
G1 X-14.189 Y11.221 Z43.916 E350.39319
G1 X-16.554 Y12.838 Z43.923 E351.74047
G1 X-18.949 Y14.334 Z43.93 E353.06842
G1 X-19.384 Y14.559 Z43.931 E353.29873
G1 X-19.546 Y13.063 Z43.935 E354.00636
G1 X-20.081 Y13.041 Z43.936 E354.25817
G1 X-19.277 Y12.349 Z43.939 E354.75702
G1 X-16.928 Y10.583 Z43.946 E356.13904
G1 X-14.741 Y9.018 Z43.952 E357.40371
G1 X-12.98 Y7.497 Z43.958 E358.49798
G1 X-13.67 Y5.357 Z43.963 E359.55536
G1 X-15.625 Y5.322 Z43.968 E360.47488
G1 X-20.912 Y6.634 Z43.981 E363.03658
G1 X-23.051 Y7.049 Z43.987 E364.06124
G1 X-23.49 Y5.423 Z43.991 E364.85327
G1 X-21.426 Y4.711 Z43.996 E365.88003
G1 X-16.195 Y3.201 Z44.009 E368.44042
G1 X-14.527 Y2.182 Z44.014 E369.35962
G1 X-14.991 Y0.012 Z44.019 E370.40316
G1 X-17.274 Y-.431 Z44.025 E371.4968
G1 X-19.952 Y-.692 Z44.031 E372.76214
G1 X-22.859 Y-1.044 Z44.038 E374.13919
G1 X-23.963 Y-1.254 Z44.041 E374.66767
G1 X-23.476 Y-1.564 Z44.043 E374.93915
G1 X-24.112 Y-2.925 Z44.046 E375.64562
G1 X-23.58 Y-2.952 Z44.048 E375.89612
G1 X-20.759 Y-2.854 Z44.054 E377.22354
G1 X-17.897 Y-2.638 Z44.061 E378.57326
G1 X-14.897 Y-2.51 Z44.069 E379.98535
G1 X-14.154 Y-5.274 Z44.076 E381.3313
G1 X-16.819 Y-6.662 Z44.083 E382.74435
G1 X-19.404 Y-7.905 Z44.09 E384.09322
G1 X-21.903 Y-9.233 Z44.097 E385.42405
G1 X-22.364 Y-9.53 Z44.098 E385.68194
G1 X-21.126 Y-10.377 Z44.102 E386.38734
G1 X-21.404 Y-10.909 Z44.103 E386.66962
G1 X-20.317 Y-10.533 Z44.106 E387.21052
G1 X-17.596 Y-9.371 Z44.113 E388.60191
G1 X-15.173 Y-8.273 Z44.119 E389.85289
G1 X-12.97 Y-7.527 Z44.125 E390.94668
G1 X-11.529 Y-9.134 Z44.13 E391.96172
G1 X-12.436 Y-10.859 Z44.135 E392.87823
G1 X-16.208 Y-14.777 Z44.148 E395.43583
G1 X-17.68 Y-16.476 Z44.154 E396.49297
G1 X-16.477 Y-17.682 Z44.158 E397.29403
G1 X-14.777 Y-16.21 Z44.163 E398.35153
G1 X-10.856 Y-12.44 Z44.176 E400.9095
G1 X-9.126 Y-11.546 Z44.181 E401.82526
G1 X-7.538 Y-12.965 Z44.186 E402.82675
G1 X-8.279 Y-15.169 Z44.192 E403.92023
G1 X-9.39 Y-17.619 Z44.198 E405.1853
G1 X-10.543 Y-20.317 Z44.206 E406.56508
G1 X-10.934 Y-21.446 Z44.208 E407.12695
G1 X-10.364 Y-21.151 Z44.21 E407.42877
G1 X-9.546 Y-22.409 Z44.214 E408.13444
G1 X-9.222 Y-21.91 Z44.215 E408.41423
G1 X-7.895 Y-19.41 Z44.222 E409.74525
G1 X-6.65 Y-16.825 Z44.229 E411.09453
G1 X-5.252 Y-14.166 Z44.236 E412.50726
G1 X-2.537 Y-14.896 Z44.243 E413.82937
G1 X-2.656 Y-17.895 Z44.25 E415.24081
G1 X-2.872 Y-20.758 Z44.257 E416.591
G1 X-2.975 Y-23.581 Z44.264 E417.91945
G1 X-2.943 Y-24.2 Z44.266 E418.21093
G1 X-1.615 Y-23.506 Z44.269 E418.91558
G1 X-1.254 Y-24.07 Z44.271 E419.23049
G1 X-1.02 Y-22.864 Z44.274 E419.8082
G1 X-.67 Y-19.955 Z44.281 E421.18607
G1 X-.403 Y-17.277 Z44.287 E422.45168
G1 X0.068 Y-15.003 Z44.293 E423.54377
G1 X2.096 Y-14.584 Z44.298 E424.51761
G1 X3.167 Y-16.205 Z44.303 E425.43126
G1 X4.682 Y-21.436 Z44.316 E427.99231
G1 X5.439 Y-23.612 Z44.321 E429.07576
G1 X7.097 Y-23.168 Z44.326 E429.88294
G1 X6.667 Y-20.906 Z44.331 E430.96573
G1 X5.365 Y-15.615 Z44.344 E433.52813
G1 X5.496 Y-13.679 Z44.349 E434.44064
G1 X7.434 Y-13.035 Z44.354 E435.40102
G1 X8.983 Y-14.766 Z44.36 E436.49339
G1 X10.535 Y-16.928 Z44.366 E437.74494
G1 X12.315 Y-19.306 Z44.373 E439.14182
G1 X13.143 Y-20.259 Z44.376 E439.73551
G1 X13.178 Y-19.548 Z44.378 E440.07027
G1 X14.68 Y-19.522 Z44.382 E440.77672
G1 X14.377 Y-18.929 Z44.383 E441.08988
G1 X12.875 Y-16.531 Z44.39 E442.42052
G1 X11.26 Y-14.163 Z44.397 E443.76844
G1 X9.666 Y-11.617 Z44.404 E445.18104
G1 X11.616 Y-9.666 Z44.411 E446.47823
G1 X14.161 Y-11.262 Z44.418 E447.89092
G1 X16.529 Y-12.877 Z44.425 E449.23884
G1 X18.925 Y-14.381 Z44.432 E450.56919
G1 X19.538 Y-14.694 Z44.434 E450.89286
G1 X19.549 Y-13.193 Z44.437 E451.59875
G1 X20.285 Y-13.157 Z44.439 E451.94528
G1 X19.31 Y-12.309 Z44.442 E452.55295
G1 X16.955 Y-10.546 Z44.45 E453.93638
G1 X14.771 Y-8.975 Z44.456 E455.20155
G1 X13.05 Y-7.417 Z44.462 E456.29325
G1 X13.681 Y-5.538 Z44.466 E457.22537
G1 X15.611 Y-5.38 Z44.471 E458.13602
G1 X20.903 Y-6.682 Z44.484 E460.69888
G1 X23.224 Y-7.121 Z44.49 E461.80972
G1 X23.675 Y-5.447 Z44.494 E462.62501
G1 X21.442 Y-4.665 Z44.5 E463.73765
;TIME_ELAPSED:455.631506
;LAYER:44
;TYPE:WALL-OUTER
;MESH:ceramic_two_component_reference_like_v3.stl
G1 X18.979 Y-3.95 Z44.506 E464.94373
G1 X16.654 Y-3.273 Z44.512 E466.0825
G1 X14.982 Y-2.28 Z44.517 E466.997
G1 X15.495 Y-0.011 Z44.523 E468.09096
G1 X17.728 Y0.423 Z44.528 E469.16072
G1 X20.284 Y0.686 Z44.535 E470.36906
G1 X23.092 Y1.038 Z44.542 E471.6999
G1 X24.185 Y1.253 Z44.544 E472.22375
G1 X23.677 Y1.582 Z44.546 E472.50837
G1 X24.302 Y2.963 Z44.55 E473.22122
G1 X23.754 Y2.992 Z44.551 E473.47929
G1 X21.085 Y2.911 Z44.558 E474.735
G1 X18.321 Y2.717 Z44.564 E476.03801
G1 X15.388 Y2.603 Z44.572 E477.41834
G1 X14.632 Y5.441 Z44.579 E478.7995
G1 X17.225 Y6.807 Z44.586 E480.17775
G1 X19.7 Y8.012 Z44.593 E481.47228
G1 X22.077 Y9.289 Z44.6 E482.7412
G1 X22.535 Y9.588 Z44.601 E482.99841
G1 X21.303 Y10.463 Z44.605 E483.70903
G1 X21.582 Y11.013 Z44.606 E483.99906
G1 X20.514 Y10.648 Z44.609 E484.52982
G1 X17.936 Y9.564 Z44.616 E485.84498
G1 X15.564 Y8.503 Z44.622 E487.06695
G1 X13.409 Y7.773 Z44.628 E488.13694
G1 X11.865 Y9.45 Z44.634 E489.20893
G1 X12.794 Y11.151 Z44.638 E490.12037
G1 X14.468 Y12.902 Z44.644 E491.25957
G1 X16.429 Y14.97 Z44.651 E492.5998
G1 X17.8 Y16.567 Z44.656 E493.5896
G1 X16.567 Y17.8 Z44.661 E494.40961
G1 X14.97 Y16.431 Z44.666 E495.3988
G1 X12.902 Y14.47 Z44.673 E496.73902
G1 X11.15 Y12.798 Z44.679 E497.87791
G1 X9.444 Y11.879 Z44.684 E498.78918
G1 X7.782 Y13.405 Z44.689 E499.85024
G1 X8.507 Y15.561 Z44.695 E500.91993
G1 X9.567 Y17.933 Z44.701 E502.14171
G1 X10.652 Y20.512 Z44.708 E503.45748
G1 X11.023 Y21.6 Z44.711 E503.99806
G1 X10.457 Y21.317 Z44.713 E504.29565
G1 X9.594 Y22.552 Z44.716 E505.00417
G1 X9.285 Y22.081 Z44.718 E505.26908
G1 X8.008 Y19.707 Z44.724 E506.53676
G1 X6.798 Y17.23 Z44.731 E507.83316
G1 X5.424 Y14.642 Z44.738 E509.21109
G1 X2.624 Y15.386 Z44.746 E510.57353
G1 X2.73 Y18.319 Z44.753 E511.95372
G1 X2.922 Y21.094 Z44.76 E513.26182
G1 X3.003 Y23.754 Z44.766 E514.51331
G1 X2.97 Y24.335 Z44.768 E514.78697
G1 X1.609 Y23.693 Z44.771 E515.49464
G1 X1.254 Y24.23 Z44.773 E515.79736
G1 X1.027 Y23.095 Z44.776 E516.34169
G1 X0.673 Y20.287 Z44.783 E517.67264
G1 X0.404 Y17.731 Z44.789 E518.88128
G1 X-0.055 Y15.505 Z44.795 E519.95011
G1 X-2.212 Y15.028 Z44.8 E520.98898
G1 X-3.246 Y16.661 Z44.805 E521.89793
G1 X-3.931 Y18.983 Z44.811 E523.03641
G1 X-4.735 Y21.697 Z44.818 E524.36753
G1 X-5.452 Y23.723 Z44.823 E525.37819
G1 X-7.14 Y23.27 Z44.827 E526.20009
G1 X-6.75 Y21.159 Z44.833 E527.20962
G1 X-6.091 Y18.406 Z44.84 E528.54084
G1 X-5.524 Y16.049 Z44.846 E529.68087
G1 X-5.614 Y14.122 Z44.85 E530.58806
G1 X-7.7 Y13.463 Z44.856 E531.61682
G1 X-9.211 Y15.157 Z44.861 E532.68431
G1 X-10.722 Y17.236 Z44.868 E533.89293
G1 X-12.437 Y19.494 Z44.875 E535.22635
G1 X-13.21 Y20.374 Z44.878 E535.77717
G1 X-13.253 Y19.716 Z44.879 E536.08726
G1 X-14.752 Y19.604 Z44.883 E536.79415
G1 X-14.488 Y19.078 Z44.884 E537.07092
G1 X-13.074 Y16.786 Z44.891 E538.33738
G1 X-11.533 Y14.495 Z44.898 E539.63581
G1 X-9.985 Y12.005 Z44.905 E541.01461
G1 X-12.004 Y9.985 Z44.912 E542.35769
G1 X-14.494 Y11.534 Z44.919 E543.73673
G1 X-16.785 Y13.075 Z44.926 E545.03516
G1 X-19.076 Y14.489 Z44.933 E546.30122
G1 X-19.61 Y14.757 Z44.934 E546.58219
G1 X-19.716 Y13.262 Z44.938 E547.287
G1 X-20.385 Y13.217 Z44.94 E547.60232
G1 X-19.497 Y12.435 Z44.943 E548.15876
G1 X-17.239 Y10.719 Z44.95 E549.49246
G1 X-15.162 Y9.206 Z44.956 E550.70088
G1 X-13.475 Y7.687 Z44.961 E551.76842
G1 X-14.124 Y5.648 Z44.967 E552.7747
G1 X-16.046 Y5.534 Z44.971 E553.68013
G1 X-18.193 Y6.048 Z44.977 E554.71832
G1 X-21.157 Y6.758 Z44.984 E556.15162
G1 X-23.291 Y7.149 Z44.99 E557.17188
G1 X-23.747 Y5.455 Z44.994 E557.99686
G1 X-21.708 Y4.729 Z44.999 E559.0147
G1 X-18.987 Y3.92 Z45.006 E560.34965
G1 X-16.667 Y3.228 Z45.012 E561.48817
G1 X-15.064 Y2.161 Z45.017 E562.39373
G1 X-15.513 Y0.093 Z45.022 E563.3889
G1 X-17.732 Y-.385 Z45.028 E564.45635
G1 X-20.288 Y-.656 Z45.034 E565.66509
G1 X-23.097 Y-1.014 Z45.041 E566.99675
G1 X-24.284 Y-1.255 Z45.044 E567.56634
G1 X-23.714 Y-1.64 Z45.046 E567.88981
G1 X-24.379 Y-2.978 Z45.05 E568.59245
G1 X-23.755 Y-3.016 Z45.051 E568.88644
G1 X-21.083 Y-2.94 Z45.058 E570.1435
G1 X-18.318 Y-2.752 Z45.065 E571.44679
G1 X-15.385 Y-2.666 Z45.072 E572.82667
G1 X-14.662 Y-5.386 Z45.079 E574.15021
G1 X-17.24 Y-6.776 Z45.086 E575.52754
G1 X-19.717 Y-7.988 Z45.093 E576.82436
G1 X-22.09 Y-9.269 Z45.099 E578.09251
G1 X-22.61 Y-9.613 Z45.101 E578.38572
G1 X-21.364 Y-10.432 Z45.105 E579.08691
G1 X-21.669 Y-11.062 Z45.106 E579.41607
G1 X-20.508 Y-10.673 Z45.109 E579.99188
G1 X-17.924 Y-9.592 Z45.116 E581.3091
G1 X-15.547 Y-8.539 Z45.123 E582.53169
G1 X-13.383 Y-7.854 Z45.128 E583.59911
G1 X-11.996 Y-9.389 Z45.133 E584.57201
G1 X-12.828 Y-11.12 Z45.138 E585.47518
G1 X-14.49 Y-12.882 Z45.144 E586.61424
G1 X-16.45 Y-14.952 Z45.151 E587.95483
G1 X-17.857 Y-16.609 Z45.157 E588.97708
G1 X-16.61 Y-17.857 Z45.161 E589.80674
G1 X-14.952 Y-16.451 Z45.166 E590.82904
G1 X-12.881 Y-14.491 Z45.173 E592.16997
G1 X-11.118 Y-12.831 Z45.179 E593.30873
G1 X-9.383 Y-12.01 Z45.184 E594.21138
G1 X-7.863 Y-13.38 Z45.189 E595.17368
G1 X-8.544 Y-15.545 Z45.195 E596.24098
G1 X-9.596 Y-17.921 Z45.201 E597.46295
G1 X-10.677 Y-20.504 Z45.208 E598.77973
G1 X-11.072 Y-21.687 Z45.211 E599.36625
G1 X-10.425 Y-21.378 Z45.213 E599.70343
G1 X-9.619 Y-22.627 Z45.216 E600.40247
G1 X-9.265 Y-22.094 Z45.218 E600.70337
G1 X-7.982 Y-19.721 Z45.225 E601.97197
G1 X-6.767 Y-17.244 Z45.231 E603.26941
G1 X-5.368 Y-14.672 Z45.239 E604.64628
G1 X-2.687 Y-15.384 Z45.245 E605.95077
G1 X-2.765 Y-18.316 Z45.253 E607.33007
G1 X-2.952 Y-21.093 Z45.26 E608.63896
G1 X-3.027 Y-23.755 Z45.266 E609.8913
G1 X-2.985 Y-24.413 Z45.268 E610.20136
G1 X-1.666 Y-23.73 Z45.271 E610.89987
G1 X-1.255 Y-24.329 Z45.273 E611.24149
G1 X-1.003 Y-23.1 Z45.276 E611.83147
G1 X-.642 Y-20.29 Z45.283 E613.16378
G1 X-.365 Y-17.735 Z45.29 E614.37235
G1 X0.138 Y-15.523 Z45.295 E615.43913
G1 X2.094 Y-15.111 Z45.3 E616.37915
G1 X3.202 Y-16.674 Z45.305 E617.28013
G1 X3.902 Y-18.992 Z45.311 E618.41882
G1 X4.712 Y-21.714 Z45.318 E619.75436
G1 X5.46 Y-23.793 Z45.323 E620.7934
G1 X7.168 Y-23.335 Z45.328 E621.62499
G1 X6.777 Y-21.154 Z45.333 E622.66699
G1 X6.12 Y-18.398 Z45.34 E623.99935
G1 X5.568 Y-16.038 Z45.346 E625.13914
G1 X5.759 Y-14.134 Z45.351 E626.03901
G1 X7.637 Y-13.52 Z45.356 E626.96818
G1 X9.18 Y-15.18 Z45.361 E628.03397
G1 X10.698 Y-17.254 Z45.368 E629.24264
G1 X12.418 Y-19.511 Z45.375 E630.5771
G1 X13.262 Y-20.461 Z45.378 E631.1747
G1 X13.323 Y-19.719 Z45.38 E631.52481
G1 X14.804 Y-19.663 Z45.383 E632.22177
G1 X14.509 Y-19.067 Z45.385 E632.5345
G1 X13.101 Y-16.774 Z45.391 E633.79989
G1 X11.562 Y-14.475 Z45.398 E635.10091
G1 X10.038 Y-11.971 Z45.406 E636.4794
G1 X11.971 Y-10.039 Z45.412 E637.76462
G1 X14.474 Y-11.563 Z45.419 E639.14272
G1 X16.769 Y-13.1 Z45.426 E640.44165
G1 X19.065 Y-14.511 Z45.433 E641.70898
G1 X19.669 Y-14.809 Z45.435 E642.02571
G1 X19.72 Y-13.331 Z45.438 E642.72117
G1 X20.472 Y-13.269 Z45.44 E643.07601
G1 X19.513 Y-12.415 Z45.443 E643.67989
G1 X17.261 Y-10.697 Z45.45 E645.01192
G1 X15.184 Y-9.174 Z45.457 E646.22311
G1 X13.532 Y-7.624 Z45.462 E647.2884
G1 X14.137 Y-5.792 Z45.467 E648.19569
G1 X16.036 Y-5.579 Z45.472 E649.09433
G1 X18.186 Y-6.078 Z45.477 E650.13227
G1 X21.152 Y-6.785 Z45.485 E651.56616
G1 X23.356 Y-7.177 Z45.49 E652.61889
G1 X23.817 Y-5.463 Z45.494 E653.45357
G1 X21.717 Y-4.703 Z45.5 E654.50381
;TIME_ELAPSED:466.113694
;LAYER:45
;TYPE:WALL-OUTER
;MESH:ceramic_two_component_reference_like_v3.stl
G1 X19.107 Y-3.925 Z45.507 E655.78457
G1 X16.879 Y-3.245 Z45.513 E656.88004
G1 X15.32 Y-2.173 Z45.518 E657.76978
G1 X15.787 Y-.114 Z45.523 E658.76265
G1 X17.926 Y0.368 Z45.529 E659.79377
G1 X20.359 Y0.637 Z45.535 E660.9449
G1 X23.014 Y0.98 Z45.542 E662.20383
G1 X24.255 Y1.232 Z45.545 E662.79934
G1 X23.744 Y1.692 Z45.547 E663.12267
G1 X24.296 Y3 Z45.55 E663.79031
G1 X23.626 Y3.034 Z45.552 E664.10579
G1 X21.081 Y2.965 Z45.559 E665.30305
G1 X18.475 Y2.795 Z45.565 E666.53117
G1 X15.644 Y2.731 Z45.573 E667.86283
G1 X14.913 Y5.456 Z45.58 E669.18961
G1 X17.396 Y6.818 Z45.587 E670.52141
G1 X19.746 Y7.977 Z45.594 E671.75363
G1 X21.965 Y9.181 Z45.6 E672.94086
G1 X22.539 Y9.551 Z45.602 E673.26202
G1 X21.407 Y10.403 Z45.605 E673.92829
G1 X21.624 Y11.06 Z45.607 E674.25367
G1 X20.417 Y10.656 Z45.61 E674.85223
G1 X17.961 Y9.634 Z45.617 E676.10321
G1 X15.709 Y8.648 Z45.624 E677.25931
G1 X13.613 Y8.003 Z45.629 E678.2906
G1 X12.2 Y9.534 Z45.634 E679.27035
G1 X13 Y11.245 Z45.639 E680.15858
G1 X14.586 Y12.949 Z45.645 E681.2533
G1 X16.416 Y14.888 Z45.652 E682.50712
G1 X17.797 Y16.527 Z45.658 E683.51501
G1 X16.528 Y17.797 Z45.662 E684.3593
G1 X14.889 Y16.417 Z45.668 E685.36689
G1 X12.949 Y14.588 Z45.674 E686.62073
G1 X11.245 Y13.003 Z45.68 E687.71513
G1 X9.531 Y12.209 Z45.685 E688.60345
G1 X8.008 Y13.61 Z45.69 E689.57661
G1 X8.65 Y15.707 Z45.696 E690.60794
G1 X9.629 Y17.948 Z45.702 E691.75798
G1 X10.654 Y20.417 Z45.709 E693.01514
G1 X11.055 Y21.624 Z45.712 E693.61326
G1 X10.398 Y21.401 Z45.714 E693.93953
G1 X9.556 Y22.537 Z45.718 E694.6045
G1 X9.184 Y21.965 Z45.719 E694.92537
G1 X7.977 Y19.747 Z45.726 E696.11286
G1 X6.815 Y17.399 Z45.733 E697.34487
G1 X5.446 Y14.92 Z45.74 E698.67661
G1 X2.744 Y15.643 Z45.747 E699.99197
G1 X2.8 Y18.474 Z45.754 E701.32355
G1 X2.965 Y21.066 Z45.761 E702.54494
G1 X3.028 Y23.625 Z45.767 E703.74872
G1 X2.991 Y24.294 Z45.769 E704.0638
G1 X1.694 Y23.728 Z45.773 E704.72929
G1 X1.24 Y24.254 Z45.775 E705.05604
G1 X0.984 Y23.014 Z45.778 E705.65147
G1 X0.634 Y20.36 Z45.785 E706.91036
G1 X0.359 Y17.928 Z45.791 E708.06133
G1 X-.141 Y15.794 Z45.796 E709.09206
G1 X-2.132 Y15.349 Z45.802 E710.05146
G1 X-3.231 Y16.883 Z45.806 E710.93887
G1 X-3.917 Y19.108 Z45.812 E712.03382
G1 X-4.692 Y21.682 Z45.819 E713.29796
G1 X-5.42 Y23.675 Z45.825 E714.29577
G1 X-7.143 Y23.214 Z45.829 E715.13453
G1 X-6.774 Y21.106 Z45.835 E716.14093
G1 X-6.163 Y18.506 Z45.842 E717.39692
G1 X-5.647 Y16.238 Z45.847 E718.49074
G1 X-5.837 Y14.362 Z45.852 E719.37747
G1 X-7.77 Y13.751 Z45.857 E720.33083
G1 X-9.273 Y15.349 Z45.863 E721.36248
G1 X-10.728 Y17.315 Z45.869 E722.51268
G1 X-12.356 Y19.435 Z45.876 E723.76968
G1 X-13.201 Y20.381 Z45.879 E724.36619
G1 X-13.328 Y19.694 Z45.881 E724.69473
G1 X-14.734 Y19.547 Z45.885 E725.35953
G1 X-14.427 Y18.938 Z45.886 E725.68025
G1 X-13.112 Y16.777 Z45.893 E726.86986
G1 X-11.667 Y14.598 Z45.9 E728.09941
G1 X-10.209 Y12.169 Z45.907 E729.43167
G1 X-12.169 Y10.209 Z45.914 E730.73518
G1 X-14.597 Y11.667 Z45.921 E732.06703
G1 X-16.776 Y13.112 Z45.928 E733.29658
G1 X-18.938 Y14.426 Z45.934 E734.48635
G1 X-19.547 Y14.731 Z45.936 E734.80665
G1 X-19.69 Y13.326 Z45.94 E735.47078
G1 X-20.38 Y13.204 Z45.941 E735.8003
G1 X-19.435 Y12.358 Z45.945 E736.39677
G1 X-17.338 Y10.744 Z45.951 E737.64118
G1 X-15.352 Y9.271 Z45.958 E738.80398
G1 X-13.759 Y7.762 Z45.963 E739.83586
G1 X-14.364 Y5.858 Z45.968 E740.77536
G1 X-16.236 Y5.653 Z45.973 E741.66096
G1 X-18.505 Y6.165 Z45.979 E742.75482
G1 X-21.105 Y6.773 Z45.986 E744.0105
G1 X-23.214 Y7.138 Z45.992 E745.01703
G1 X-23.674 Y5.425 Z45.996 E745.85113
G1 X-21.682 Y4.694 Z46.001 E746.84899
G1 X-19.11 Y3.914 Z46.008 E748.11291
G1 X-16.886 Y3.221 Z46.014 E749.20837
G1 X-15.373 Y2.101 Z46.019 E750.09362
G1 X-15.799 Y0.165 Z46.024 E751.02583
G1 X-17.929 Y-.349 Z46.03 E752.05625
G1 X-20.36 Y-.63 Z46.036 E753.20708
G1 X-23.013 Y-.986 Z46.043 E754.46588
G1 X-24.252 Y-1.248 Z46.046 E755.06142
G1 X-23.708 Y-1.696 Z46.048 E755.39283
G1 X-24.294 Y-2.979 Z46.051 E756.05613
G1 X-23.626 Y-3.022 Z46.053 E756.37092
G1 X-21.08 Y-2.967 Z46.06 E757.5685
G1 X-18.474 Y-2.809 Z46.066 E758.79626
G1 X-15.643 Y-2.771 Z46.074 E760.1277
G1 X-14.932 Y-5.422 Z46.081 E761.41843
G1 X-17.403 Y-6.805 Z46.088 E762.75008
G1 X-19.748 Y-7.975 Z46.094 E763.98249
G1 X-21.961 Y-9.19 Z46.101 E765.16973
G1 X-22.527 Y-9.569 Z46.103 E765.49006
G1 X-21.378 Y-10.382 Z46.106 E766.15198
G1 X-21.629 Y-11.044 Z46.108 E766.48492
G1 X-20.419 Y-10.65 Z46.111 E767.08335
G1 X-17.959 Y-9.64 Z46.118 E768.33391
G1 X-15.701 Y-8.666 Z46.124 E769.49034
G1 X-13.598 Y-8.053 Z46.13 E770.52047
G1 X-12.282 Y-9.499 Z46.135 E771.43993
G1 X-13.019 Y-11.228 Z46.14 E772.3238
G1 X-14.595 Y-12.941 Z46.146 E773.41844
G1 X-16.415 Y-14.889 Z46.153 E774.67212
G1 X-17.786 Y-16.537 Z46.158 E775.68024
G1 X-16.538 Y-17.786 Z46.163 E776.51056
G1 X-14.89 Y-16.416 Z46.168 E777.51838
G1 X-12.941 Y-14.596 Z46.175 E778.77241
G1 X-11.227 Y-13.021 Z46.181 E779.86707
G1 X-9.495 Y-12.291 Z46.186 E780.75096
G1 X-8.059 Y-13.595 Z46.19 E781.66315
G1 X-8.668 Y-15.7 Z46.196 E782.69365
G1 X-9.645 Y-17.97 Z46.202 E783.85583
G1 X-10.648 Y-20.42 Z46.209 E785.10079
G1 X-11.04 Y-21.63 Z46.212 E785.69893
G1 X-10.378 Y-21.372 Z46.214 E786.03305
G1 X-9.573 Y-22.525 Z46.218 E786.69434
G1 X-9.192 Y-21.96 Z46.22 E787.01481
G1 X-7.974 Y-19.748 Z46.226 E788.20231
G1 X-6.801 Y-17.406 Z46.233 E789.43409
G1 X-5.412 Y-14.938 Z46.24 E790.76589
G1 X-2.784 Y-15.642 Z46.247 E792.04532
G1 X-2.815 Y-18.473 Z46.254 E793.37672
G1 X-2.968 Y-21.08 Z46.261 E794.60482
G1 X-3.017 Y-23.626 Z46.267 E795.80233
G1 X-2.97 Y-24.293 Z46.269 E796.11678
G1 X-1.697 Y-23.692 Z46.273 E796.77879
G1 X-1.256 Y-24.251 Z46.274 E797.11362
G1 X-.99 Y-23.013 Z46.278 E797.7091
G1 X-.627 Y-20.361 Z46.284 E798.96787
G1 X-.339 Y-17.93 Z46.291 E800.11908
G1 X0.193 Y-15.806 Z46.296 E801.14878
G1 X2.061 Y-15.403 Z46.301 E802.04745
G1 X3.207 Y-16.89 Z46.306 E802.93031
G1 X3.907 Y-19.112 Z46.312 E804.02586
G1 X4.694 Y-21.682 Z46.319 E805.28984
G1 X5.433 Y-23.671 Z46.324 E806.28767
G1 X7.129 Y-23.216 Z46.329 E807.11345
G1 X6.772 Y-21.106 Z46.334 E808.11981
G1 X6.173 Y-18.504 Z46.341 E809.37545
G1 X5.671 Y-16.232 Z46.347 E810.46966
G1 X5.924 Y-14.372 Z46.352 E811.35241
G1 X7.731 Y-13.787 Z46.357 E812.2456
G1 X9.258 Y-15.361 Z46.362 E813.27689
G1 X10.722 Y-17.32 Z46.368 E814.42697
G1 X12.361 Y-19.432 Z46.375 E815.68416
G1 X13.214 Y-20.371 Z46.378 E816.28073
G1 X13.312 Y-19.659 Z46.38 E816.61872
G1 X14.715 Y-19.556 Z46.384 E817.28028
G1 X14.419 Y-18.943 Z46.386 E817.6004
G1 X13.123 Y-16.789 Z46.392 E818.78257
G1 X11.679 Y-14.59 Z46.399 E820.01971
G1 X10.243 Y-12.149 Z46.406 E821.35153
G1 X12.149 Y-10.243 Z46.413 E822.61912
G1 X14.589 Y-11.679 Z46.42 E823.95054
G1 X16.775 Y-13.114 Z46.427 E825.18025
G1 X18.943 Y-14.418 Z46.433 E826.36999
G1 X19.557 Y-14.712 Z46.435 E826.69013
G1 X19.655 Y-13.31 Z46.439 E827.35105
G1 X20.369 Y-13.216 Z46.44 E827.68972
G1 X19.431 Y-12.362 Z46.444 E828.28626
G1 X17.342 Y-10.738 Z46.45 E829.53058
G1 X15.363 Y-9.255 Z46.457 E830.69355
G1 X13.795 Y-7.723 Z46.462 E831.72446
G1 X14.374 Y-5.944 Z46.467 E832.60425
G1 X16.23 Y-5.678 Z46.472 E833.48599
G1 X18.503 Y-6.176 Z46.478 E834.58025
G1 X21.106 Y-6.771 Z46.485 E835.83593
G1 X23.217 Y-7.124 Z46.49 E836.84244
G1 X23.669 Y-5.438 Z46.495 E837.66331
G1 X21.682 Y-4.695 Z46.5 E838.66091
;TIME_ELAPSED:476.233766
;LAYER:46
;TYPE:WALL-OUTER
;MESH:ceramic_two_component_reference_like_v3.stl
G1 X18.972 Y-3.859 Z46.508 E839.9946
G1 X16.87 Y-3.18 Z46.514 E841.03339
G1 X15.433 Y-1.991 Z46.519 E841.91049
G1 X15.847 Y-.206 Z46.524 E842.7722
G1 X17.88 Y0.317 Z46.529 E843.75938
G1 X20.157 Y0.6 Z46.536 E844.83841
G1 X22.625 Y0.941 Z46.542 E846.01005
G1 X23.84 Y1.178 Z46.546 E846.59219
G1 X23.66 Y1.699 Z46.547 E846.85141
G1 X23.855 Y2.988 Z46.551 E847.46448
G1 X23.168 Y3.001 Z46.552 E847.78761
G1 X20.798 Y2.952 Z46.559 E848.90238
G1 X18.377 Y2.821 Z46.565 E850.04256
G1 X15.668 Y2.808 Z46.573 E851.31652
G1 X14.97 Y5.404 Z46.58 E852.58069
G1 X17.323 Y6.746 Z46.587 E853.85454
G1 X19.479 Y7.841 Z46.594 E854.99171
G1 X21.567 Y8.99 Z46.6 E856.11248
G1 X22.149 Y9.345 Z46.602 E856.43307
G1 X21.323 Y10.349 Z46.606 E857.04447
G1 X21.239 Y10.894 Z46.607 E857.30379
G1 X20.047 Y10.487 Z46.611 E857.89612
G1 X17.782 Y9.566 Z46.617 E859.04596
G1 X15.644 Y8.664 Z46.624 E860.13721
G1 X13.621 Y8.104 Z46.629 E861.12433
G1 X12.374 Y9.445 Z46.634 E861.98548
G1 X13.021 Y11.188 Z46.639 E862.8598
G1 X14.499 Y12.828 Z46.645 E863.89802
G1 X16.196 Y14.665 Z46.652 E865.0741
G1 X17.498 Y16.227 Z46.657 E866.03037
G1 X16.228 Y17.499 Z46.662 E866.87566
G1 X14.666 Y16.196 Z46.668 E867.83224
G1 X12.83 Y14.499 Z46.675 E869.00797
G1 X11.189 Y13.022 Z46.68 E870.04622
G1 X9.448 Y12.374 Z46.686 E870.91983
G1 X8.105 Y13.619 Z46.69 E871.78103
G1 X8.662 Y15.644 Z46.696 E872.76868
G1 X9.563 Y17.782 Z46.702 E873.85975
G1 X10.481 Y20.049 Z46.709 E875.00993
G1 X10.883 Y21.242 Z46.712 E875.60195
G1 X10.331 Y21.29 Z46.714 E875.86252
G1 X9.357 Y22.142 Z46.717 E876.47107
G1 X8.998 Y21.564 Z46.719 E876.79104
G1 X7.846 Y19.478 Z46.726 E877.91167
G1 X6.749 Y17.323 Z46.732 E879.04884
G1 X5.401 Y14.973 Z46.74 E880.32287
G1 X2.811 Y15.667 Z46.747 E881.58382
G1 X2.817 Y18.376 Z46.754 E882.85778
G1 X2.942 Y20.792 Z46.761 E883.99546
G1 X2.985 Y23.168 Z46.767 E885.11299
G1 X2.961 Y23.853 Z46.769 E885.43532
G1 X1.696 Y23.582 Z46.773 E886.04371
G1 X1.202 Y23.836 Z46.774 E886.30493
G1 X0.955 Y22.624 Z46.777 E886.8866
G1 X0.609 Y20.157 Z46.784 E888.0581
G1 X0.321 Y17.88 Z46.79 E889.13743
G1 X-.214 Y15.85 Z46.796 E890.12467
G1 X-1.993 Y15.444 Z46.801 E890.98278
G1 X-3.18 Y16.868 Z46.806 E891.85458
G1 X-3.865 Y18.969 Z46.812 E892.89379
G1 X-4.607 Y21.348 Z46.819 E894.06571
G1 X-5.318 Y23.263 Z46.824 E895.02633
G1 X-7.026 Y22.808 Z46.829 E895.85756
G1 X-6.686 Y20.804 Z46.834 E896.81344
G1 X-6.137 Y18.363 Z46.841 E897.99003
G1 X-5.681 Y16.201 Z46.847 E899.02912
G1 X-5.995 Y14.375 Z46.852 E899.90042
G1 X-7.737 Y13.834 Z46.857 E900.75822
G1 X-9.217 Y15.32 Z46.863 E901.7445
G1 X-10.62 Y17.168 Z46.869 E902.83563
G1 X-12.133 Y19.1 Z46.876 E903.98963
G1 X-12.966 Y20.033 Z46.879 E904.57782
G1 X-13.24 Y19.541 Z46.881 E904.84265
G1 X-14.479 Y19.183 Z46.884 E905.44914
G1 X-14.165 Y18.58 Z46.886 E905.76886
G1 X-12.946 Y16.546 Z46.892 E906.884
G1 X-11.626 Y14.508 Z46.899 E908.02587
G1 X-10.271 Y12.161 Z46.906 E909.30032
G1 X-12.161 Y10.271 Z46.913 E910.55728
G1 X-14.507 Y11.625 Z46.921 E911.83108
G1 X-16.546 Y12.944 Z46.927 E912.97309
G1 X-18.581 Y14.161 Z46.934 E914.08816
G1 X-19.186 Y14.472 Z46.936 E914.40806
G1 X-19.524 Y13.229 Z46.939 E915.01382
G1 X-20.029 Y12.971 Z46.941 E915.28051
G1 X-19.099 Y12.137 Z46.944 E915.86795
G1 X-17.167 Y10.624 Z46.951 E917.02196
G1 X-15.32 Y9.218 Z46.957 E918.11356
G1 X-13.838 Y7.735 Z46.963 E919.09951
G1 X-14.379 Y5.997 Z46.968 E919.95551
G1 X-16.201 Y5.68 Z46.973 E920.82521
G1 X-18.363 Y6.133 Z46.979 E921.864
G1 X-20.805 Y6.678 Z46.985 E923.04064
G1 X-22.809 Y7.011 Z46.991 E923.99598
G1 X-23.258 Y5.333 Z46.995 E924.81284
G1 X-21.346 Y4.616 Z47.001 E925.77313
G1 X-18.968 Y3.87 Z47.008 E926.94516
G1 X-16.868 Y3.182 Z47.014 E927.98437
G1 X-15.452 Y1.995 Z47.019 E928.85328
G1 X-15.852 Y0.222 Z47.024 E929.70802
G1 X-17.878 Y-.324 Z47.029 E930.69477
G1 X-20.155 Y-.616 Z47.036 E931.77433
G1 X-22.621 Y-.971 Z47.042 E932.94596
G1 X-23.829 Y-1.229 Z47.046 E933.52686
G1 X-23.488 Y-1.694 Z47.047 E933.79803
G1 X-23.85 Y-2.925 Z47.051 E934.40144
G1 X-23.169 Y-2.964 Z47.052 E934.72221
G1 X-20.799 Y-2.932 Z47.059 E935.83684
G1 X-18.377 Y-2.812 Z47.065 E936.97722
G1 X-15.667 Y-2.82 Z47.073 E938.25165
G1 X-14.977 Y-5.392 Z47.08 E939.50394
G1 X-17.319 Y-6.754 Z47.087 E940.778
G1 X-19.472 Y-7.858 Z47.094 E941.91584
G1 X-21.549 Y-9.023 Z47.1 E943.03574
G1 X-22.114 Y-9.396 Z47.102 E943.35411
G1 X-21.172 Y-10.267 Z47.106 E943.95745
G1 X-21.255 Y-10.844 Z47.107 E944.23159
G1 X-20.058 Y-10.459 Z47.111 E944.8229
G1 X-17.788 Y-9.552 Z47.117 E945.97246
G1 X-15.646 Y-8.658 Z47.123 E947.06398
G1 X-13.616 Y-8.121 Z47.129 E948.05145
G1 X-12.388 Y-9.458 Z47.134 E948.90516
G1 X-13.019 Y-11.19 Z47.139 E949.77203
G1 X-14.49 Y-12.836 Z47.145 E950.81015
G1 X-16.178 Y-14.681 Z47.152 E951.98613
G1 X-17.464 Y-16.256 Z47.157 E952.94234
G1 X-16.257 Y-17.464 Z47.162 E953.74539
G1 X-14.682 Y-16.178 Z47.167 E954.70159
G1 X-12.837 Y-14.49 Z47.174 E955.87758
G1 X-11.19 Y-13.019 Z47.18 E956.91605
G1 X-9.46 Y-12.389 Z47.185 E957.78187
G1 X-8.122 Y-13.615 Z47.19 E958.63529
G1 X-8.656 Y-15.646 Z47.196 E959.62286
G1 X-9.549 Y-17.788 Z47.202 E960.7142
G1 X-10.454 Y-20.06 Z47.209 E961.86429
G1 X-10.834 Y-21.258 Z47.212 E962.45533
G1 X-10.25 Y-21.14 Z47.214 E962.73551
G1 X-9.408 Y-22.106 Z47.217 E963.33814
G1 X-9.031 Y-21.545 Z47.219 E963.65599
G1 X-7.863 Y-19.47 Z47.225 E964.77576
G1 X-6.756 Y-17.318 Z47.232 E965.91382
G1 X-5.389 Y-14.98 Z47.239 E967.18745
G1 X-2.824 Y-15.667 Z47.246 E968.43619
G1 X-2.808 Y-18.377 Z47.254 E969.71064
G1 X-2.924 Y-20.799 Z47.26 E970.85092
G1 X-2.948 Y-23.169 Z47.267 E971.96551
G1 X-2.898 Y-23.848 Z47.268 E972.28569
G1 X-1.691 Y-23.411 Z47.272 E972.88935
G1 X-1.253 Y-23.824 Z47.274 E973.17246
G1 X-.985 Y-22.619 Z47.277 E973.75297
G1 X-.624 Y-20.155 Z47.284 E974.92408
G1 X-.327 Y-17.878 Z47.29 E976.00394
G1 X0.231 Y-15.854 Z47.296 E976.99127
G1 X1.997 Y-15.463 Z47.3 E977.84187
G1 X3.182 Y-16.867 Z47.305 E978.70586
G1 X3.876 Y-18.966 Z47.311 E979.7455
G1 X4.63 Y-21.341 Z47.318 E980.91732
G1 X5.36 Y-23.247 Z47.324 E981.87714
G1 X6.981 Y-22.815 Z47.328 E982.66604
G1 X6.662 Y-20.809 Z47.334 E983.62125
G1 X6.125 Y-18.365 Z47.34 E984.79799
G1 X5.677 Y-16.2 Z47.346 E985.83769
G1 X6.001 Y-14.393 Z47.351 E986.70101
G1 X7.724 Y-13.847 Z47.356 E987.55099
G1 X9.221 Y-15.317 Z47.362 E988.53764
G1 X10.633 Y-17.159 Z47.368 E989.62909
G1 X12.157 Y-19.083 Z47.375 E990.78334
G1 X13.004 Y-19.998 Z47.378 E991.36969
G1 X13.15 Y-19.397 Z47.38 E991.66054
G1 X14.422 Y-19.21 Z47.383 E992.26515
G1 X14.132 Y-18.599 Z47.385 E992.5832
G1 X12.93 Y-16.557 Z47.392 E993.6975
G1 X11.618 Y-14.512 Z47.398 E994.8401
G1 X10.283 Y-12.154 Z47.406 E996.11437
G1 X12.154 Y-10.283 Z47.413 E997.35869
G1 X14.512 Y-11.617 Z47.42 E998.63273
G1 X16.557 Y-12.928 Z47.427 E999.77507
G1 X18.6 Y-14.129 Z47.433 E1000.88954
G1 X19.212 Y-14.416 Z47.435 E1001.20741
G1 X19.38 Y-13.139 Z47.438 E1001.81312
G1 X19.993 Y-13.009 Z47.44 E1002.1078
G1 X19.08 Y-12.16 Z47.443 E1002.6941
G1 X17.158 Y-10.636 Z47.45 E1003.84761
G1 X15.316 Y-9.222 Z47.456 E1004.93964
G1 X13.85 Y-7.721 Z47.462 E1005.92632
G1 X14.398 Y-6.003 Z47.467 E1006.77434
G1 X16.2 Y-5.676 Z47.472 E1007.6356
G1 X18.366 Y-6.122 Z47.478 E1008.67556
G1 X20.811 Y-6.655 Z47.485 E1009.85236
G1 X22.817 Y-6.967 Z47.49 E1010.80706
G1 X23.242 Y-5.375 Z47.494 E1011.58194
G1 X21.339 Y-4.638 Z47.5 E1012.54163
;TIME_ELAPSED:485.773285
;LAYER:47
;TYPE:WALL-OUTER
;MESH:ceramic_two_component_reference_like_v3.stl
G1 X18.639 Y-3.772 Z47.508 E1013.87506
G1 X16.728 Y-3.067 Z47.514 E1014.83294
G1 X15.472 Y-1.977 Z47.519 E1015.615
G1 X15.844 Y-.277 Z47.524 E1016.43337
G1 X17.652 Y0.269 Z47.529 E1017.32153
G1 X19.746 Y0.578 Z47.536 E1018.31694
G1 X21.998 Y0.909 Z47.542 E1019.38735
G1 X23.187 Y1.137 Z47.546 E1019.95669
G1 X23.305 Y1.688 Z47.547 E1020.22168
G1 X23.188 Y2.919 Z47.551 E1020.80318
G1 X22.495 Y2.921 Z47.553 E1021.12908
G1 X20.328 Y2.889 Z47.559 E1022.14826
G1 X18.093 Y2.802 Z47.566 E1023.2001
G1 X15.652 Y2.847 Z47.573 E1024.34821
G1 X14.978 Y5.354 Z47.58 E1025.56903
G1 X17.068 Y6.62 Z47.587 E1026.71814
G1 X19.06 Y7.671 Z47.594 E1027.7773
G1 X20.933 Y8.72 Z47.6 E1028.78684
G1 X21.52 Y9.063 Z47.602 E1029.10656
G1 X20.999 Y10.176 Z47.606 E1029.68448
G1 X20.653 Y10.599 Z47.607 E1029.94147
G1 X19.513 Y10.207 Z47.611 E1030.50838
G1 X17.393 Y9.368 Z47.617 E1031.58058
G1 X15.423 Y8.587 Z47.624 E1032.57715
G1 X13.573 Y8.152 Z47.629 E1033.47087
G1 X12.401 Y9.438 Z47.634 E1034.2891
G1 X12.94 Y11.023 Z47.639 E1035.07639
G1 X14.248 Y12.591 Z47.645 E1036.03664
G1 X15.788 Y14.298 Z47.652 E1037.11779
G1 X17.022 Y15.793 Z47.657 E1038.0294
G1 X15.794 Y17.023 Z47.662 E1038.84675
G1 X14.3 Y15.788 Z47.668 E1039.7583
G1 X12.593 Y14.248 Z47.675 E1040.83945
G1 X11.026 Y12.937 Z47.681 E1041.80024
G1 X9.434 Y12.395 Z47.685 E1042.5911
G1 X8.148 Y13.567 Z47.69 E1043.40934
G1 X8.581 Y15.424 Z47.696 E1044.30605
G1 X9.361 Y17.393 Z47.702 E1045.30201
G1 X10.197 Y19.516 Z47.709 E1046.375
G1 X10.582 Y20.657 Z47.712 E1046.9413
G1 X10.148 Y20.945 Z47.714 E1047.18624
G1 X9.084 Y21.51 Z47.717 E1047.75277
G1 X8.734 Y20.927 Z47.719 E1048.07255
G1 X7.68 Y19.056 Z47.725 E1049.08242
G1 X6.629 Y17.064 Z47.732 E1050.14159
G1 X5.349 Y14.955 Z47.739 E1051.30175
G1 X2.842 Y15.627 Z47.747 E1052.52233
G1 X2.79 Y18.092 Z47.754 E1053.68179
G1 X2.873 Y20.319 Z47.76 E1054.7298
G1 X2.894 Y22.494 Z47.767 E1055.75267
G1 X2.878 Y23.183 Z47.769 E1056.07678
G1 X1.681 Y23.179 Z47.772 E1056.63969
G1 X1.175 Y23.18 Z47.774 E1056.87764
G1 X0.934 Y21.996 Z47.777 E1057.44585
G1 X0.596 Y19.744 Z47.784 E1058.51675
G1 X0.289 Y17.648 Z47.79 E1059.51295
G1 X-.269 Y15.812 Z47.795 E1060.41535
G1 X-1.969 Y15.437 Z47.8 E1061.23402
G1 X-3.09 Y16.707 Z47.805 E1062.03064
G1 X-3.79 Y18.632 Z47.811 E1062.9939
G1 X-4.497 Y20.808 Z47.818 E1064.06985
G1 X-5.187 Y22.63 Z47.824 E1064.98606
G1 X-6.821 Y22.193 Z47.829 E1065.78148
G1 X-6.506 Y20.265 Z47.834 E1066.70018
G1 X-6.031 Y18.032 Z47.841 E1067.77378
G1 X-5.672 Y16.014 Z47.847 E1068.73767
G1 X-6.011 Y14.347 Z47.852 E1069.53765
G1 X-7.671 Y13.82 Z47.857 E1070.35669
G1 X-9.076 Y15.136 Z47.862 E1071.26198
G1 X-10.392 Y16.798 Z47.868 E1072.25891
G1 X-11.808 Y18.571 Z47.875 E1073.32597
G1 X-12.619 Y19.475 Z47.879 E1073.89709
G1 X-13.012 Y19.18 Z47.88 E1074.12818
G1 X-14.064 Y18.648 Z47.883 E1074.68256
G1 X-13.744 Y18.044 Z47.885 E1075.004
G1 X-12.644 Y16.174 Z47.892 E1076.02426
G1 X-11.454 Y14.279 Z47.898 E1077.07656
G1 X-10.26 Y12.094 Z47.905 E1078.2475
G1 X-12.093 Y10.259 Z47.913 E1079.46721
G1 X-14.279 Y11.452 Z47.92 E1080.63834
G1 X-16.175 Y12.641 Z47.927 E1081.69078
G1 X-18.046 Y13.738 Z47.933 E1082.71073
G1 X-18.652 Y14.055 Z47.935 E1083.03235
G1 X-19.153 Y12.994 Z47.938 E1083.58413
G1 X-19.468 Y12.627 Z47.94 E1083.81157
G1 X-18.567 Y11.815 Z47.943 E1084.38196
G1 X-16.795 Y10.397 Z47.95 E1085.44924
G1 X-15.132 Y9.081 Z47.956 E1086.44654
G1 X-13.807 Y7.667 Z47.962 E1087.35781
G1 X-14.331 Y6.006 Z47.967 E1088.17687
G1 X-16.011 Y5.659 Z47.972 E1088.9836
G1 X-18.033 Y6.021 Z47.978 E1089.94959
G1 X-20.267 Y6.492 Z47.984 E1091.02326
G1 X-22.196 Y6.798 Z47.99 E1091.94175
G1 X-22.622 Y5.211 Z47.995 E1092.71448
G1 X-20.803 Y4.513 Z48 E1093.63071
G1 X-18.628 Y3.803 Z48.007 E1094.70666
G1 X-16.693 Y3.108 Z48.013 E1095.67354
G1 X-15.408 Y1.963 Z48.018 E1096.48292
G1 X-15.783 Y0.264 Z48.023 E1097.30113
G1 X-17.642 Y-.305 Z48.029 E1098.21539
G1 X-19.742 Y-.612 Z48.035 E1099.21344
G1 X-21.991 Y-.96 Z48.041 E1100.28366
G1 X-23.169 Y-1.218 Z48.045 E1100.85076
G1 X-23.024 Y-1.673 Z48.046 E1101.07534
G1 X-23.179 Y-2.823 Z48.05 E1101.62103
G1 X-22.495 Y-2.86 Z48.052 E1101.94317
G1 X-20.33 Y-2.851 Z48.058 E1102.9613
G1 X-18.092 Y-2.769 Z48.064 E1104.01446
G1 X-15.583 Y-2.829 Z48.072 E1105.1947
G1 X-14.907 Y-5.335 Z48.079 E1106.41531
G1 X-17.052 Y-6.648 Z48.087 E1107.598
G1 X-19.042 Y-7.705 Z48.093 E1108.65765
G1 X-20.904 Y-8.772 Z48.099 E1109.66687
G1 X-21.473 Y-9.148 Z48.101 E1109.98759
G1 X-20.747 Y-10.046 Z48.105 E1110.53064
G1 X-20.677 Y-10.52 Z48.106 E1110.75596
G1 X-19.532 Y-10.16 Z48.11 E1111.3204
G1 X-17.405 Y-9.336 Z48.116 E1112.39309
G1 X-15.432 Y-8.551 Z48.122 E1113.39167
G1 X-13.527 Y-8.111 Z48.128 E1114.31111
G1 X-12.351 Y-9.394 Z48.133 E1115.12957
G1 X-12.889 Y-11.042 Z48.138 E1115.94482
G1 X-14.225 Y-12.613 Z48.144 E1116.91464
G1 X-15.756 Y-14.327 Z48.151 E1117.99541
G1 X-16.967 Y-15.838 Z48.156 E1118.90603
G1 X-15.839 Y-16.967 Z48.161 E1119.65654
G1 X-14.329 Y-15.756 Z48.167 E1120.5668
G1 X-12.614 Y-14.224 Z48.173 E1121.64823
G1 X-11.043 Y-12.886 Z48.179 E1122.61865
G1 X-9.389 Y-12.346 Z48.184 E1123.43688
G1 X-8.106 Y-13.521 Z48.189 E1124.25502
G1 X-8.545 Y-15.433 Z48.195 E1125.17757
G1 X-9.33 Y-17.407 Z48.201 E1126.17658
G1 X-10.15 Y-19.535 Z48.208 E1127.24903
G1 X-10.503 Y-20.682 Z48.211 E1127.81339
G1 X-10.018 Y-20.693 Z48.213 E1128.04153
G1 X-9.167 Y-21.462 Z48.216 E1128.58092
G1 X-8.785 Y-20.897 Z48.218 E1128.90165
G1 X-7.714 Y-19.038 Z48.224 E1129.91058
G1 X-6.656 Y-17.048 Z48.231 E1130.97045
G1 X-5.329 Y-14.884 Z48.238 E1132.1642
G1 X-2.823 Y-15.559 Z48.246 E1133.38469
G1 X-2.757 Y-18.092 Z48.253 E1134.57628
G1 X-2.835 Y-20.33 Z48.26 E1135.62937
G1 X-2.833 Y-22.495 Z48.266 E1136.6475
G1 X-2.781 Y-23.175 Z48.268 E1136.96821
G1 X-1.667 Y-22.897 Z48.271 E1137.50815
G1 X-1.255 Y-23.161 Z48.273 E1137.73827
G1 X-.984 Y-21.988 Z48.276 E1138.30442
G1 X-.629 Y-19.74 Z48.283 E1139.37468
G1 X-.324 Y-17.637 Z48.289 E1140.37399
G1 X0.256 Y-15.75 Z48.295 E1141.30236
G1 X1.955 Y-15.371 Z48.3 E1142.12098
G1 X3.132 Y-16.672 Z48.305 E1142.94601
G1 X3.821 Y-18.622 Z48.311 E1143.91859
G1 X4.539 Y-20.795 Z48.317 E1144.99482
G1 X5.254 Y-22.605 Z48.323 E1145.91
G1 X6.75 Y-22.204 Z48.327 E1146.63836
G1 X6.463 Y-20.274 Z48.333 E1147.55595
G1 X5.999 Y-18.038 Z48.34 E1148.62987
G1 X5.619 Y-16.004 Z48.346 E1149.60294
G1 X5.99 Y-14.282 Z48.351 E1150.43132
G1 X7.652 Y-13.761 Z48.356 E1151.2504
G1 X9.102 Y-15.11 Z48.362 E1152.18175
G1 X10.419 Y-16.777 Z48.368 E1153.18082
G1 X11.848 Y-18.54 Z48.374 E1154.24804
G1 X12.679 Y-19.419 Z48.378 E1154.81689
G1 X12.86 Y-18.942 Z48.379 E1155.05681
G1 X13.977 Y-18.689 Z48.383 E1155.59541
G1 X13.692 Y-18.074 Z48.385 E1155.91417
G1 X12.612 Y-16.194 Z48.391 E1156.93377
G1 X11.426 Y-14.295 Z48.397 E1157.98666
G1 X10.209 Y-12.043 Z48.405 E1159.19044
G1 X12.042 Y-10.208 Z48.412 E1160.41016
G1 X14.295 Y-11.424 Z48.42 E1161.61414
G1 X16.195 Y-12.61 Z48.426 E1162.66743
G1 X18.077 Y-13.687 Z48.433 E1163.68714
G1 X18.693 Y-13.967 Z48.435 E1164.00535
G1 X18.914 Y-12.842 Z48.438 E1164.54451
G1 X19.412 Y-12.687 Z48.439 E1164.78978
G1 X18.536 Y-11.854 Z48.443 E1165.35825
G1 X16.774 Y-10.423 Z48.45 E1166.4257
G1 X15.105 Y-9.107 Z48.456 E1167.42522
G1 X13.749 Y-7.648 Z48.461 E1168.36191
G1 X14.267 Y-5.985 Z48.467 E1169.18102
G1 X16.002 Y-5.606 Z48.472 E1170.01617
G1 X18.04 Y-5.99 Z48.478 E1170.99144
G1 X20.277 Y-6.45 Z48.484 E1172.06544
G1 X22.208 Y-6.727 Z48.49 E1172.98281
G1 X22.596 Y-5.277 Z48.494 E1173.68869
G1 X20.79 Y-4.554 Z48.5 E1174.60352
;TIME_ELAPSED:494.655549
;LAYER:48
;TYPE:WALL-OUTER
;MESH:ceramic_two_component_reference_like_v3.stl
G1 X18.212 Y-3.692 Z48.508 E1175.88184
G1 X16.476 Y-2.984 Z48.514 E1176.76351
G1 X15.498 Y-1.101 Z48.521 E1177.76133
G1 X17.335 Y0.25 Z48.528 E1178.83368
G1 X19.242 Y0.576 Z48.534 E1179.74349
G1 X21.279 Y0.898 Z48.54 E1180.71332
G1 X22.396 Y1.116 Z48.543 E1181.24851
G1 X22.191 Y1.085 Z48.544 E1181.34601
G1 X22.382 Y2.793 Z48.549 E1182.15423
G1 X21.714 Y2.801 Z48.551 E1182.46839
G1 X19.759 Y2.792 Z48.557 E1183.38777
G1 X17.725 Y2.745 Z48.564 E1184.34455
G1 X15.5 Y2.84 Z48.57 E1185.39185
G1 X14.837 Y5.29 Z48.578 E1186.58544
G1 X16.723 Y6.485 Z48.585 E1187.63541
G1 X18.502 Y7.462 Z48.591 E1188.58987
G1 X20.207 Y8.438 Z48.597 E1189.51375
G1 X20.774 Y8.778 Z48.599 E1189.82466
G1 X19.77 Y10.128 Z48.604 E1190.61584
G1 X19.957 Y10.221 Z48.605 E1190.71406
G1 X18.881 Y9.855 Z48.609 E1191.24853
G1 X16.956 Y9.117 Z48.615 E1192.21804
G1 X15.141 Y8.442 Z48.621 E1193.12869
G1 X12.746 Y8.591 Z48.628 E1194.25716
G1 X12.756 Y10.827 Z48.635 E1195.30868
G1 X13.916 Y12.309 Z48.641 E1196.19372
G1 X15.276 Y13.857 Z48.647 E1197.16273
G1 X16.441 Y15.293 Z48.653 E1198.03232
G1 X15.295 Y16.441 Z48.658 E1198.79514
G1 X13.859 Y15.275 Z48.663 E1199.66503
G1 X12.311 Y13.915 Z48.67 E1200.63404
G1 X10.83 Y12.751 Z48.676 E1201.51987
G1 X8.531 Y12.679 Z48.683 E1202.60154
G1 X8.433 Y15.142 Z48.69 E1203.76072
G1 X9.109 Y16.958 Z48.696 E1204.67198
G1 X9.842 Y18.885 Z48.702 E1205.64153
G1 X10.199 Y19.962 Z48.706 E1206.1751
G1 X10.069 Y19.786 Z48.707 E1206.278
G1 X8.801 Y20.761 Z48.712 E1207.0302
G1 X8.454 Y20.199 Z48.714 E1207.34081
G1 X7.472 Y18.494 Z48.72 E1208.26609
G1 X6.497 Y16.717 Z48.726 E1209.21928
G1 X5.282 Y14.803 Z48.733 E1210.2854
G1 X2.83 Y15.462 Z48.741 E1211.47942
G1 X2.729 Y17.723 Z48.748 E1212.54375
G1 X2.771 Y19.759 Z48.754 E1213.50141
G1 X2.771 Y21.713 Z48.76 E1214.42031
G1 X2.746 Y22.381 Z48.762 E1214.73467
G1 X1.204 Y22.163 Z48.767 E1215.46703
G1 X1.16 Y22.386 E1215.57392
G1 X0.925 Y21.265 Z48.771 E1216.11255
G1 X0.666 Y19.688 Z48.776 E1216.8641
G1 X0.277 Y17.327 Z48.783 E1217.98936
G1 X-1.008 Y15.085 Z48.791 E1219.2046
G1 X-3.018 Y16.443 Z48.798 E1220.34534
G1 X-3.716 Y18.202 Z48.804 E1221.23529
G1 X-4.386 Y20.173 Z48.811 E1222.21427
G1 X-5.051 Y21.875 Z48.816 E1223.07359
G1 X-6.562 Y21.471 Z48.821 E1223.80912
G1 X-6.285 Y19.66 Z48.827 E1224.67068
G1 X-5.88 Y17.621 Z48.833 E1225.64828
G1 X-5.601 Y15.749 Z48.839 E1226.53835
G1 X-6.64 Y13.482 Z48.846 E1227.71107
G1 X-8.908 Y14.862 Z48.855 E1228.95956
G1 X-10.142 Y16.359 Z48.861 E1229.8719
G1 X-11.446 Y17.951 Z48.867 E1230.83965
G1 X-12.212 Y18.792 Z48.87 E1231.3746
G1 X-12.167 Y18.549 Z48.871 E1231.49082
G1 X-13.547 Y18.02 Z48.876 E1232.18584
G1 X-13.241 Y17.426 Z48.878 E1232.50006
G1 X-12.273 Y15.738 Z48.884 E1233.41513
G1 X-11.214 Y13.992 Z48.89 E1234.37544
G1 X-10.155 Y11.951 Z48.897 E1235.45677
G1 X-11.949 Y10.155 Z48.905 E1236.65054
G1 X-13.992 Y11.212 Z48.912 E1237.73227
G1 X-15.739 Y12.27 Z48.918 E1238.69274
G1 X-17.429 Y13.235 Z48.924 E1239.60792
G1 X-18.025 Y13.537 Z48.926 E1239.92213
G1 X-18.528 Y12.189 Z48.931 E1240.59874
G1 X-18.784 Y12.221 E1240.72007
G1 X-17.947 Y11.453 Z48.935 E1241.25427
G1 X-16.355 Y10.148 Z48.941 E1242.22232
G1 X-14.856 Y8.915 Z48.947 E1243.13508
G1 X-13.321 Y6.591 Z48.956 E1244.44486
G1 X-15.744 Y5.582 Z48.964 E1245.67916
G1 X-17.623 Y5.868 Z48.969 E1246.57297
G1 X-19.663 Y6.267 Z48.976 E1247.55049
G1 X-21.475 Y6.532 Z48.981 E1248.41167
G1 X-21.864 Y5.08 Z48.986 E1249.11858
G1 X-20.167 Y4.406 Z48.992 E1249.97726
G1 X-18.197 Y3.733 Z48.998 E1250.95626
G1 X-16.421 Y3.043 Z49.004 E1251.85227
G1 X-14.747 Y0.933 Z49.012 E1253.11888
G1 X-17.319 Y-.301 Z49.021 E1254.46041
G1 X-19.236 Y-.62 Z49.027 E1255.37431
G1 X-21.269 Y-.96 Z49.033 E1256.34364
G1 X-22.372 Y-1.213 Z49.037 E1256.87581
G1 X-22.127 Y-1.352 Z49.038 E1257.00828
G1 X-22.381 Y-2.683 Z49.042 E1257.6455
G1 X-21.713 Y-2.728 Z49.044 E1257.96035
G1 X-19.761 Y-2.743 Z49.05 E1258.87833
G1 X-17.723 Y-2.7 Z49.056 E1259.83695
G1 X-15.392 Y-2.811 Z49.063 E1260.93438
G1 X-14.732 Y-5.262 Z49.071 E1262.12806
G1 X-16.699 Y-6.524 Z49.078 E1263.22709
G1 X-18.479 Y-7.504 Z49.084 E1264.18264
G1 X-20.17 Y-8.501 Z49.09 E1265.10579
G1 X-20.718 Y-8.873 Z49.092 E1265.41726
G1 X-19.846 Y-9.865 Z49.096 E1266.03838
G1 X-19.984 Y-10.125 Z49.097 E1266.17681
G1 X-18.903 Y-9.796 Z49.101 E1266.70819
G1 X-16.972 Y-9.075 Z49.107 E1267.6775
G1 X-15.152 Y-8.39 Z49.113 E1268.592
G1 X-12.177 Y-8.068 Z49.122 E1269.99922
G1 X-12.681 Y-10.851 Z49.131 E1271.32926
G1 X-13.883 Y-12.337 Z49.137 E1272.22807
G1 X-15.236 Y-13.893 Z49.143 E1273.19774
G1 X-16.372 Y-15.348 Z49.149 E1274.06583
G1 X-15.349 Y-16.372 Z49.153 E1274.74652
G1 X-13.894 Y-15.235 Z49.159 E1275.61489
G1 X-12.339 Y-13.882 Z49.165 E1276.58421
G1 X-10.854 Y-12.675 Z49.171 E1277.48414
G1 X-8.008 Y-12.111 Z49.18 E1278.84855
G1 X-8.381 Y-15.154 Z49.189 E1280.29028
G1 X-9.074 Y-16.993 Z49.195 E1281.21446
G1 X-9.785 Y-18.911 Z49.202 E1282.17641
G1 X-10.104 Y-19.99 Z49.205 E1282.70554
G1 X-9.806 Y-19.863 Z49.206 E1282.85788
G1 X-8.896 Y-20.706 Z49.21 E1283.44122
G1 X-8.517 Y-20.162 Z49.212 E1283.75301
G1 X-7.516 Y-18.474 Z49.218 E1284.6759
G1 X-6.535 Y-16.693 Z49.224 E1285.6321
G1 X-5.254 Y-14.698 Z49.232 E1286.74703
G1 X-2.801 Y-15.354 Z49.239 E1287.94113
G1 X-2.683 Y-17.722 Z49.247 E1289.05611
G1 X-2.723 Y-19.761 Z49.253 E1290.01516
G1 X-2.697 Y-21.713 Z49.259 E1290.9332
G1 X-2.636 Y-22.38 Z49.261 E1291.24818
G1 X-1.471 Y-22.098 Z49.265 E1291.81186
G1 X-1.257 Y-22.362 Z49.266 E1291.97168
G1 X-.987 Y-21.255 Z49.269 E1292.50752
G1 X-.718 Y-19.699 Z49.274 E1293.25011
G1 X-.328 Y-17.311 Z49.281 E1294.38798
G1 X0.84 Y-14.333 Z49.291 E1295.8923
G1 X3.077 Y-16.389 Z49.301 E1297.32111
G1 X3.757 Y-18.188 Z49.306 E1298.22554
G1 X4.438 Y-20.156 Z49.313 E1299.20487
G1 X5.134 Y-21.842 Z49.318 E1300.06264
G1 X6.473 Y-21.484 Z49.323 E1300.71444
G1 X6.23 Y-19.671 Z49.328 E1301.57466
G1 X5.838 Y-17.629 Z49.335 E1302.55248
G1 X5.523 Y-15.731 Z49.341 E1303.45725
G1 X6.411 Y-12.746 Z49.35 E1304.92179
G1 X8.944 Y-14.823 Z49.36 E1306.46223
G1 X10.178 Y-16.331 Z49.366 E1307.37856
G1 X11.495 Y-17.912 Z49.372 E1308.34622
G1 X12.284 Y-18.723 Z49.376 E1308.87832
G1 X12.366 Y-18.358 Z49.377 E1309.05424
G1 X13.45 Y-18.075 Z49.381 E1309.5811
G1 X13.177 Y-17.463 Z49.383 E1309.89624
G1 X12.232 Y-15.764 Z49.389 E1310.81049
G1 X11.175 Y-14.013 Z49.395 E1311.77233
G1 X10.079 Y-11.874 Z49.402 E1312.90259
G1 X11.872 Y-10.077 Z49.41 E1314.09636
G1 X14.014 Y-11.173 Z49.417 E1315.22788
G1 X15.765 Y-12.229 Z49.424 E1316.18947
G1 X17.466 Y-13.171 Z49.43 E1317.10386
G1 X18.081 Y-13.441 Z49.432 E1317.41972
G1 X18.337 Y-12.388 Z49.435 E1317.92934
G1 X18.716 Y-12.292 Z49.436 E1318.11319
G1 X17.907 Y-11.501 Z49.44 E1318.64527
G1 X16.327 Y-10.183 Z49.446 E1319.61287
G1 X14.817 Y-8.951 Z49.452 E1320.52934
G1 X12.585 Y-6.361 Z49.462 E1322.1372
G1 X15.727 Y-5.503 Z49.472 E1323.66888
G1 X17.632 Y-5.826 Z49.478 E1324.57752
G1 X19.675 Y-6.214 Z49.485 E1325.55545
G1 X21.488 Y-6.445 Z49.49 E1326.41493
G1 X21.83 Y-5.162 Z49.494 E1327.03935
G1 X20.15 Y-4.457 Z49.5 E1327.89615
;TIME_ELAPSED:503.114967
;LAYER:49
;TYPE:WALL-OUTER
;MESH:ceramic_two_component_reference_like_v3.stl
G1 X17.81 Y-3.636 Z49.508 E1329.06233
G1 X16.213 Y-2.948 Z49.514 E1329.88008
G1 X14.045 Y-.789 Z49.523 E1331.31893
G1 X17.039 Y0.261 Z49.533 E1332.81098
G1 X18.77 Y0.591 Z49.539 E1333.63968
G1 X20.587 Y0.905 Z49.545 E1334.50681
G1 X21.634 Y1.124 Z49.548 E1335.00984
G1 X21.495 Y1.104 Z49.549 E1335.07588
G1 X21.597 Y2.652 Z49.554 E1335.80543
G1 X20.966 Y2.668 Z49.556 E1336.10226
G1 X19.221 Y2.683 Z49.561 E1336.92291
G1 X17.392 Y2.672 Z49.567 E1337.78304
G1 X15.279 Y2.814 Z49.574 E1338.77896
G1 X14.64 Y5.199 Z49.582 E1339.9401
G1 X16.395 Y6.381 Z49.589 E1340.93515
G1 X17.988 Y7.288 Z49.595 E1341.7972
G1 X19.487 Y8.175 Z49.6 E1342.6163
G1 X20.024 Y8.508 Z49.602 E1342.91344
G1 X19.177 Y9.765 Z49.607 E1343.62624
G1 X19.302 Y9.833 Z49.608 E1343.69316
G1 X18.267 Y9.497 Z49.611 E1344.20489
G1 X16.178 Y8.727 Z49.618 E1345.25189
G1 X14.891 Y8.285 Z49.623 E1345.89182
G1 X11.765 Y7.705 Z49.633 E1347.38696
G1 X12.548 Y10.663 Z49.643 E1348.82592
G1 X13.596 Y12.06 Z49.648 E1349.64719
G1 X14.804 Y13.477 Z49.654 E1350.52284
G1 X15.846 Y14.802 Z49.659 E1351.31554
G1 X14.803 Y15.846 Z49.664 E1352.00953
G1 X13.479 Y14.804 Z49.67 E1352.80186
G1 X12.062 Y13.595 Z49.676 E1353.67782
G1 X10.665 Y12.543 Z49.681 E1354.50022
G1 X7.705 Y11.767 Z49.691 E1355.93925
G1 X8.276 Y14.891 Z49.701 E1357.4327
G1 X8.86 Y16.557 Z49.707 E1358.2629
G1 X9.486 Y18.276 Z49.713 E1359.12323
G1 X9.811 Y19.307 Z49.716 E1359.63159
G1 X9.71 Y19.191 Z49.717 E1359.70392
G1 X8.531 Y20.011 Z49.721 E1360.37928
G1 X8.192 Y19.479 Z49.723 E1360.67594
G1 X7.301 Y17.982 Z49.729 E1361.49519
G1 X6.392 Y16.389 Z49.735 E1362.3577
G1 X5.193 Y14.612 Z49.741 E1363.3658
G1 X2.807 Y15.249 Z49.749 E1364.52715
G1 X2.657 Y17.39 Z49.756 E1365.53646
G1 X2.663 Y19.221 Z49.762 E1366.39752
G1 X2.637 Y20.964 Z49.768 E1367.21729
G1 X2.604 Y21.595 Z49.77 E1367.51443
G1 X1.215 Y21.467 Z49.774 E1368.1704
G1 X1.169 Y21.622 Z49.775 E1368.24643
G1 X0.933 Y20.581 Z49.778 E1368.7484
G1 X0.544 Y18.356 Z49.785 E1369.81062
G1 X0.288 Y17.033 Z49.79 E1370.44432
G1 X-.787 Y14.045 Z49.8 E1371.93765
G1 X-2.978 Y16.182 Z49.81 E1373.37694
G1 X-3.659 Y17.8 Z49.815 E1374.20248
G1 X-4.287 Y19.552 Z49.821 E1375.07772
G1 X-4.923 Y21.112 Z49.827 E1375.86996
G1 X-6.29 Y20.748 Z49.831 E1376.53522
G1 X-6.06 Y19.072 Z49.837 E1377.33077
G1 X-5.729 Y17.247 Z49.843 E1378.20301
G1 X-5.506 Y15.501 Z49.848 E1379.03076
G1 X-6.341 Y12.556 Z49.858 E1380.47029
G1 X-8.769 Y14.602 Z49.868 E1381.96343
G1 X-9.918 Y15.942 Z49.874 E1382.79353
G1 X-11.103 Y17.344 Z49.88 E1383.6568
G1 X-11.838 Y18.126 Z49.883 E1384.16149
G1 X-11.825 Y17.944 Z49.884 E1384.2473
G1 X-13.031 Y17.413 Z49.888 E1384.86698
G1 X-12.751 Y16.846 Z49.89 E1385.16436
G1 X-11.903 Y15.313 Z49.896 E1385.98823
G1 X-10.984 Y13.737 Z49.901 E1386.84617
G1 X-10.037 Y11.783 Z49.908 E1387.8673
G1 X-11.782 Y10.036 Z49.916 E1389.02849
G1 X-13.737 Y10.982 Z49.923 E1390.04984
G1 X-15.314 Y11.899 Z49.929 E1390.90771
G1 X-16.849 Y12.744 Z49.935 E1391.73172
G1 X-17.417 Y13.021 Z49.937 E1392.0289
G1 X-17.925 Y11.846 Z49.941 E1392.63089
G1 X-18.119 Y11.847 E1392.72213
G1 X-17.34 Y11.11 Z49.945 E1393.22643
G1 X-15.95 Y9.934 Z49.951 E1394.08266
G1 X-14.596 Y8.775 Z49.956 E1394.92082
G1 X-12.555 Y6.343 Z49.967 E1396.41389
G1 X-15.495 Y5.488 Z49.976 E1397.85375
G1 X-17.248 Y5.716 Z49.982 E1398.68507
G1 X-19.074 Y6.043 Z49.988 E1399.55744
G1 X-20.751 Y6.261 Z49.993 E1400.35271
G1 X-21.101 Y4.952 Z49.998 E1400.98992
G1 X-19.546 Y4.306 Z50.003 E1401.78177
G1 X-17.795 Y3.675 Z50.009 E1402.65704
G1 X-16.161 Y3 Z50.015 E1403.48844
G1 X-14.047 Y0.786 Z50.024 E1404.92801
G1 X-17.023 Y-.31 Z50.035 E1406.41941
G1 X-18.763 Y-.635 Z50.04 E1407.25183
G1 X-20.576 Y-.968 Z50.046 E1408.11868
G1 X-21.608 Y-1.222 Z50.05 E1408.61848
G1 X-21.431 Y-1.351 E1408.72148
G1 X-21.594 Y-2.54 Z50.054 E1409.28586
G1 X-20.964 Y-2.593 Z50.056 E1409.58317
G1 X-19.222 Y-2.635 Z50.062 E1410.40261
G1 X-17.389 Y-2.629 Z50.068 E1411.26462
G1 X-15.193 Y-2.791 Z50.075 E1412.30013
G1 X-14.554 Y-5.176 Z50.083 E1413.46127
G1 X-16.371 Y-6.417 Z50.09 E1414.49602
G1 X-17.964 Y-7.332 Z50.095 E1415.35994
G1 X-19.449 Y-8.24 Z50.101 E1416.17849
G1 X-19.966 Y-8.605 Z50.103 E1416.4761
G1 X-19.245 Y-9.519 Z50.107 E1417.02356
G1 X-19.329 Y-9.734 Z50.108 E1417.13211
G1 X-18.288 Y-9.437 Z50.111 E1417.64119
G1 X-16.192 Y-8.69 Z50.118 E1418.6876
G1 X-14.901 Y-8.235 Z50.123 E1419.33132
G1 X-11.772 Y-7.703 Z50.133 E1420.8239
G1 X-12.477 Y-10.682 Z50.142 E1422.26351
G1 X-13.564 Y-12.088 Z50.148 E1423.09927
G1 X-14.763 Y-13.515 Z50.154 E1423.97577
G1 X-15.775 Y-14.856 Z50.16 E1424.76582
G1 X-14.857 Y-15.775 Z50.164 E1425.37668
G1 X-13.516 Y-14.761 Z50.169 E1426.1673
G1 X-12.089 Y-13.563 Z50.175 E1427.0435
G1 X-10.684 Y-12.472 Z50.181 E1427.88003
G1 X-7.703 Y-11.774 Z50.191 E1429.31981
G1 X-8.227 Y-14.901 Z50.201 E1430.81084
G1 X-8.824 Y-16.587 Z50.206 E1431.65194
G1 X-9.426 Y-18.298 Z50.212 E1432.50492
G1 X-9.712 Y-19.334 Z50.216 E1433.01034
G1 X-9.464 Y-19.259 E1433.13218
G1 X-8.628 Y-19.953 Z50.22 E1433.64314
G1 X-8.256 Y-19.44 Z50.222 E1433.94114
G1 X-7.343 Y-17.958 Z50.228 E1434.75971
G1 X-6.428 Y-16.365 Z50.233 E1435.62363
G1 X-5.169 Y-14.526 Z50.241 E1436.6717
G1 X-2.784 Y-15.163 Z50.249 E1437.8326
G1 X-2.613 Y-17.388 Z50.256 E1438.88203
G1 X-2.615 Y-19.222 Z50.262 E1439.7445
G1 X-2.562 Y-20.963 Z50.267 E1440.56361
G1 X-2.492 Y-21.593 Z50.269 E1440.8617
G1 X-1.462 Y-21.403 Z50.272 E1441.35425
G1 X-1.267 Y-21.597 Z50.273 E1441.4836
G1 X-.996 Y-20.569 Z50.277 E1441.98355
G1 X-.584 Y-18.367 Z50.284 E1443.03705
G1 X-.336 Y-17.016 Z50.288 E1443.683
G1 X0.785 Y-14.048 Z50.298 E1445.17498
G1 X3.03 Y-16.131 Z50.308 E1446.61517
G1 X3.699 Y-17.785 Z50.314 E1447.45421
G1 X4.339 Y-19.535 Z50.32 E1448.33049
G1 X5.005 Y-21.078 Z50.325 E1449.12081
G1 X6.202 Y-20.759 Z50.329 E1449.70337
G1 X6.005 Y-19.082 Z50.335 E1450.49743
G1 X5.686 Y-17.254 Z50.341 E1451.37007
G1 X5.435 Y-15.482 Z50.346 E1452.2117
G1 X6.346 Y-12.557 Z50.356 E1453.6524
G1 X8.803 Y-14.563 Z50.366 E1455.14403
G1 X9.953 Y-15.914 Z50.372 E1455.97837
G1 X11.153 Y-17.304 Z50.378 E1456.84193
G1 X11.911 Y-18.055 Z50.381 E1457.34372
G1 X12.008 Y-17.765 Z50.382 E1457.48752
G1 X12.933 Y-17.467 Z50.385 E1457.94454
G1 X12.685 Y-16.882 Z50.387 E1458.24334
G1 X11.86 Y-15.338 Z50.393 E1459.06658
G1 X10.945 Y-13.756 Z50.399 E1459.92602
G1 X9.974 Y-11.72 Z50.406 E1460.9868
G1 X11.719 Y-9.973 Z50.414 E1462.14799
G1 X13.757 Y-10.943 Z50.421 E1463.20941
G1 X15.339 Y-11.857 Z50.427 E1464.06861
G1 X16.885 Y-12.679 Z50.433 E1464.89202
G1 X17.472 Y-12.923 Z50.435 E1465.19096
G1 X17.745 Y-12.028 Z50.438 E1465.631
G1 X18.047 Y-11.919 Z50.439 E1465.78198
G1 X17.299 Y-11.159 Z50.442 E1466.28345
G1 X15.922 Y-9.968 Z50.448 E1467.13962
G1 X14.557 Y-8.809 Z50.454 E1467.98172
G1 X12.557 Y-6.347 Z50.464 E1469.47339
G1 X15.477 Y-5.417 Z50.474 E1470.91453
G1 X17.256 Y-5.674 Z50.479 E1471.75982
G1 X19.085 Y-5.989 Z50.485 E1472.6326
G1 X20.763 Y-6.174 Z50.491 E1473.42649
G1 X21.066 Y-5.033 Z50.495 E1473.98166
G1 X19.528 Y-4.358 Z50.5 E1474.77152
;TIME_ELAPSED:511.222147
;LAYER:50
;TYPE:WALL-OUTER
;MESH:ceramic_two_component_reference_like_v3.stl
G1 X17.54 Y-3.619 Z50.507 E1475.76892
G1 X16.033 Y-2.967 Z50.513 E1476.54109
G1 X14.192 Y-.732 Z50.523 E1477.9028
G1 X16.859 Y0.3 Z50.534 E1479.24762
G1 X20.016 Y0.924 Z50.545 E1480.76098
G1 X20.977 Y1.149 Z50.548 E1481.22512
G1 X20.886 Y1.139 Z50.549 E1481.26818
G1 X20.925 Y2.517 Z50.553 E1481.91646
G1 X20.35 Y2.542 Z50.556 E1482.18713
G1 X18.841 Y2.587 Z50.561 E1482.89707
G1 X17.185 Y2.604 Z50.567 E1483.67588
G1 X15.107 Y2.814 Z50.574 E1484.65807
G1 X14.489 Y5.118 Z50.582 E1485.77986
G1 X16.184 Y6.337 Z50.59 E1486.7617
G1 X17.607 Y7.18 Z50.596 E1487.5395
G1 X18.891 Y7.976 Z50.601 E1488.24994
G1 X19.374 Y8.289 Z50.603 E1488.5206
G1 X18.665 Y9.431 Z50.608 E1489.15273
G1 X18.747 Y9.484 E1489.19864
G1 X17.796 Y9.201 Z50.611 E1489.66525
G1 X16.712 Y8.829 Z50.616 E1490.2042
G1 X14.756 Y8.167 Z50.623 E1491.1753
G1 X11.926 Y7.738 Z50.633 E1492.52136
G1 X12.393 Y10.587 Z50.643 E1493.87903
G1 X13.372 Y11.907 Z50.649 E1494.65187
G1 X14.416 Y13.181 Z50.655 E1495.42646
G1 X15.321 Y14.382 Z50.66 E1496.13365
G1 X14.383 Y15.321 Z50.665 E1496.75781
G1 X13.183 Y14.416 Z50.67 E1497.46462
G1 X11.909 Y13.372 Z50.676 E1498.23921
G1 X10.588 Y12.392 Z50.681 E1499.01271
G1 X7.742 Y11.924 Z50.692 E1500.36907
G1 X8.162 Y14.753 Z50.702 E1501.71403
G1 X9.193 Y17.808 Z50.713 E1503.23031
G1 X9.463 Y18.75 Z50.716 E1503.69113
G1 X9.381 Y18.677 Z50.717 E1503.74276
G1 X8.309 Y19.362 Z50.721 E1504.34102
G1 X7.99 Y18.884 Z50.723 E1504.61127
G1 X7.19 Y17.603 Z50.729 E1505.32151
G1 X6.344 Y16.181 Z50.735 E1506.09963
G1 X5.118 Y14.484 Z50.742 E1507.08414
G1 X2.814 Y15.101 Z50.75 E1508.20582
G1 X2.595 Y17.183 Z50.758 E1509.19031
G1 X2.571 Y18.84 Z50.763 E1509.96963
G1 X2.516 Y20.348 Z50.769 E1510.67926
G1 X2.475 Y20.922 Z50.771 E1510.94988
G1 X1.239 Y20.859 Z50.775 E1511.53189
G1 X1.189 Y20.968 Z50.776 E1511.58828
G1 X0.949 Y20.016 Z50.779 E1512.04998
G1 X0.723 Y18.885 Z50.783 E1512.59237
G1 X0.313 Y16.858 Z50.79 E1513.56491
G1 X-.755 Y14.201 Z50.8 E1514.91157
G1 X-2.978 Y16.019 Z50.811 E1516.26205
G1 X-3.635 Y17.532 Z50.816 E1517.03775
G1 X-4.221 Y19.075 Z50.822 E1517.81394
G1 X-4.818 Y20.449 Z50.827 E1518.51844
G1 X-6.049 Y20.119 Z50.832 E1519.11778
G1 X-5.878 Y18.623 Z50.837 E1519.82588
G1 X-5.616 Y17 Z50.843 E1520.599
G1 X-5.428 Y15.36 Z50.849 E1521.37529
G1 X-6.446 Y12.678 Z50.859 E1522.72435
G1 X-8.7 Y14.439 Z50.869 E1524.06948
G1 X-10.839 Y16.857 Z50.88 E1525.58765
G1 X-11.524 Y17.55 Z50.884 E1526.04588
G1 X-11.535 Y17.407 E1526.11333
G1 X-12.583 Y16.892 Z50.888 E1526.66246
G1 X-12.343 Y16.378 Z50.89 E1526.92923
G1 X-11.617 Y14.997 Z50.896 E1527.66294
G1 X-10.832 Y13.586 Z50.902 E1528.42227
G1 X-9.982 Y11.67 Z50.909 E1529.40798
G1 X-11.669 Y9.981 Z50.917 E1530.5306
G1 X-13.586 Y10.831 Z50.925 E1531.51675
G1 X-14.997 Y11.615 Z50.93 E1532.27584
G1 X-16.38 Y12.337 Z50.936 E1533.00952
G1 X-16.896 Y12.574 Z50.938 E1533.27655
G1 X-17.389 Y11.554 Z50.942 E1533.80931
G1 X-17.543 Y11.531 Z50.943 E1533.88253
G1 X-16.854 Y10.845 Z50.946 E1534.33976
G1 X-14.437 Y8.705 Z50.957 E1535.85789
G1 X-12.687 Y6.44 Z50.967 E1537.20393
G1 X-15.357 Y5.421 Z50.977 E1538.54788
G1 X-17 Y5.607 Z50.983 E1539.32547
G1 X-18.625 Y5.864 Z50.989 E1540.09915
G1 X-20.121 Y6.023 Z50.994 E1540.80663
G1 X-20.438 Y4.843 Z50.999 E1541.38122
G1 X-19.07 Y4.237 Z51.004 E1542.08484
G1 X-17.529 Y3.645 Z51.01 E1542.86116
G1 X-16.01 Y2.988 Z51.016 E1543.63945
G1 X-14.208 Y0.774 Z51.026 E1544.98189
G1 X-16.851 Y-.323 Z51.036 E1546.32762
G1 X-20.007 Y-.976 Z51.047 E1547.84321
G1 X-20.953 Y-1.235 Z51.05 E1548.30446
G1 X-20.824 Y-1.361 Z51.051 E1548.38926
G1 X-20.921 Y-2.417 Z51.055 E1548.88795
G1 X-20.347 Y-2.479 Z51.057 E1549.15946
G1 X-18.841 Y-2.548 Z51.062 E1549.86842
G1 X-17.182 Y-2.578 Z51.068 E1550.64872
G1 X-15.091 Y-2.81 Z51.075 E1551.63808
G1 X-14.474 Y-5.114 Z51.084 E1552.75976
G1 X-16.17 Y-6.358 Z51.091 E1553.74888
G1 X-17.588 Y-7.213 Z51.097 E1554.52756
G1 X-18.858 Y-8.03 Z51.102 E1555.2377
G1 X-19.321 Y-8.374 Z51.104 E1555.50896
G1 X-18.722 Y-9.206 Z51.108 E1555.99107
G1 X-18.768 Y-9.397 Z51.109 E1556.08346
G1 X-17.813 Y-9.15 Z51.112 E1556.54734
G1 X-16.724 Y-8.793 Z51.116 E1557.08628
G1 X-14.759 Y-8.142 Z51.123 E1558.05975
G1 X-11.919 Y-7.783 Z51.134 E1559.40593
G1 X-12.364 Y-10.594 Z51.144 E1560.74432
G1 X-13.351 Y-11.925 Z51.149 E1561.52356
G1 X-14.382 Y-13.21 Z51.155 E1562.29831
G1 X-15.257 Y-14.429 Z51.161 E1563.00396
G1 X-14.43 Y-15.257 Z51.165 E1563.5543
G1 X-13.211 Y-14.381 Z51.17 E1564.26022
G1 X-11.927 Y-13.35 Z51.176 E1565.03461
G1 X-10.595 Y-12.362 Z51.182 E1565.81451
G1 X-7.788 Y-11.917 Z51.192 E1567.15103
G1 X-8.138 Y-14.757 Z51.202 E1568.4967
G92 E0
G1 X-9.142 Y-17.826 Z51.213 E1.51852
G1 X-9.378 Y-18.772 Z51.216 E1.97702
G1 X-9.156 Y-18.734 Z51.217 E2.08294
G1 X-8.394 Y-19.308 Z51.221 E2.53158
G1 X-8.044 Y-18.85 Z51.223 E2.80265
G1 X-7.228 Y-17.593 Z51.228 E3.50741
G1 X-6.365 Y-16.166 Z51.234 E4.29165
G1 X-5.113 Y-14.469 Z51.241 E5.28338
G1 X-2.809 Y-15.086 Z51.25 E6.40506
G1 X-2.569 Y-17.181 Z51.257 E7.39671
G1 X-2.532 Y-18.851 Z51.263 E8.18225
G1 X-2.451 Y-20.355 Z51.268 E8.89055
G1 X-2.374 Y-20.919 Z51.27 E9.15824
G1 X-1.46 Y-20.797 Z51.273 E9.59188
G1 X-1.274 Y-20.943 Z51.274 E9.70308
G1 X-1.003 Y-20.012 Z51.278 E10.15907
G1 X-.759 Y-18.877 Z51.282 E10.70502
G1 X-.336 Y-16.849 Z51.289 E11.67924
G1 X0.798 Y-14.217 Z51.299 E13.02698
G1 X3 Y-15.996 Z51.309 E14.35823
G1 X3.661 Y-17.522 Z51.315 E15.14029
G1 X4.264 Y-19.06 Z51.321 E15.91716
G1 X4.89 Y-20.417 Z51.326 E16.61994
G1 X5.971 Y-20.127 Z51.33 E17.14627
G1 X5.834 Y-18.631 Z51.335 E17.85274
G1 X5.587 Y-17.004 Z51.341 E18.62663
G1 X5.399 Y-15.351 Z51.347 E19.40899
G1 X6.417 Y-12.714 Z51.357 E20.73828
G1 X8.716 Y-14.42 Z51.367 E22.08458
G1 X10.88 Y-16.822 Z51.378 E23.60497
G1 X11.586 Y-17.486 Z51.382 E24.06075
G1 X11.698 Y-17.24 Z51.383 E24.18786
G1 X12.495 Y-16.939 Z51.386 E24.5885
G1 X12.286 Y-16.407 Z51.388 E24.85729
G1 X11.587 Y-15.018 Z51.393 E25.58854
G1 X10.809 Y-13.597 Z51.399 E26.35039
G1 X9.97 Y-11.658 Z51.406 E27.34394
G1 X11.658 Y-9.97 Z51.415 E28.46656
G1 X13.597 Y-10.808 Z51.422 E29.45992
G1 X15.016 Y-11.583 Z51.428 E30.22027
G1 X16.41 Y-12.281 Z51.433 E30.95341
G1 X16.944 Y-12.486 Z51.435 E31.2224
G1 X17.222 Y-11.716 Z51.438 E31.60738
G1 X17.479 Y-11.593 Z51.439 E31.74137
G1 X16.818 Y-10.885 Z51.443 E32.19687
G1 X14.418 Y-8.721 Z51.454 E33.71656
G1 X12.721 Y-6.411 Z51.464 E35.06451
G1 X15.348 Y-5.392 Z51.474 E36.38958
G1 X17.005 Y-5.579 Z51.48 E37.17376
G1 X18.633 Y-5.82 Z51.486 E37.9477
G1 X20.13 Y-5.945 Z51.491 E38.65414
G1 X20.406 Y-4.914 Z51.495 E39.15606
G1 X19.054 Y-4.279 Z51.5 E39.85849
;TIME_ELAPSED:518.618091
;LAYER:51
;TYPE:WALL-OUTER
;MESH:ceramic_two_component_reference_like_v3.stl
G1 X17.462 Y-3.647 Z51.508 E40.664
G1 X16.041 Y-3.031 Z51.515 E41.39233
G1 X15.056 Y-1.843 Z51.522 E42.11807
G1 X16.006 Y-0.029 Z51.531 E43.08104
G1 X18.649 Y0.695 Z51.543 E44.36975
G1 X18.814 Y0.766 Z51.544 E44.45422
G1 X20.495 Y1.184 Z51.552 E45.26882
G1 X20.436 Y1.183 E45.29657
G1 X20.443 Y2.397 Z51.558 E45.86749
G1 X19.948 Y2.441 Z51.56 E46.10119
G1 X18.83 Y2.511 Z51.565 E46.62798
G1 X17.56 Y7.237 Z51.587 E48.92931
G1 X18.493 Y7.859 Z51.592 E49.45664
G1 X18.898 Y8.147 Z51.594 E49.69034
G1 X18.295 Y9.175 Z51.6 E50.25081
G1 X18.344 Y9.216 E50.28086
G1 X16.675 Y8.751 Z51.608 E51.09563
G1 X16.481 Y8.784 Z51.609 E51.18817
G1 X13.848 Y8.037 Z51.621 E52.47526
G1 X12.139 Y9.117 Z51.63 E53.42598
G1 X12.382 Y10.638 Z51.637 E54.15033
G1 X13.297 Y11.887 Z51.644 E54.87844
G1 X14.189 Y13.029 Z51.651 E55.5599
G1 X14.924 Y14.074 Z51.656 E56.16071
G1 X14.075 Y14.924 Z51.662 E56.72568
G1 X13.03 Y14.189 Z51.668 E57.32649
G1 X11.888 Y13.298 Z51.674 E58.00766
G1 X10.637 Y12.385 Z51.681 E58.73598
G1 X9.116 Y12.151 Z51.688 E59.45967
G1 X8.045 Y13.846 Z51.697 E60.40257
G1 X8.858 Y16.454 Z51.71 E61.68724
G1 X8.75 Y16.674 Z51.711 E61.80249
G1 X9.2 Y18.346 Z51.718 E62.61676
G1 X9.124 Y18.305 Z51.719 E62.65737
G1 X8.162 Y18.887 Z51.724 E63.18612
G1 X7.869 Y18.487 Z51.726 E63.41929
G1 X7.243 Y17.557 Z51.731 E63.94649
G1 X2.503 Y18.829 Z51.753 E66.25443
G1 X2.425 Y19.946 Z51.758 E66.781
G1 X2.368 Y20.437 Z51.761 E67.01346
G1 X1.268 Y20.412 Z51.766 E67.53089
G1 X1.211 Y20.488 E67.57556
G1 X0.752 Y18.818 Z51.774 E68.39003
G1 X0.493 Y18.695 Z51.775 E68.52487
G1 X-0.052 Y16.018 Z51.787 E69.8096
G1 X-1.809 Y15.097 Z51.796 E70.7425
G1 X-3.013 Y16.048 Z51.803 E71.46403
G1 X-3.647 Y17.461 Z51.81 E72.19234
G1 X-4.192 Y18.792 Z51.817 E72.86871
G1 X-4.742 Y19.954 Z51.823 E73.47328
G1 X-5.868 Y19.651 Z51.828 E74.02164
G1 X-5.765 Y18.374 Z51.834 E74.62413
G1 X-5.572 Y16.944 Z51.84 E75.30271
G1 X-5.419 Y15.406 Z51.847 E76.02955
G1 X-5.992 Y13.984 Z51.854 E76.75052
G1 X-7.958 Y13.902 Z51.863 E77.67587
G1 X-9.712 Y15.996 Z51.875 E78.96043
G1 X-10.058 Y15.92 Z51.877 E79.12703
G1 X-11.302 Y17.127 Z51.885 E79.94215
G1 X-11.338 Y17.003 E80.00287
G1 X-12.252 Y16.521 Z51.89 E80.4888
G1 X-12.06 Y16.061 Z51.892 E80.72321
G1 X-11.577 Y15.056 Z51.897 E81.24758
G1 X-15.055 Y11.576 Z51.919 E83.56133
G1 X-16.061 Y12.057 Z51.924 E84.08571
G1 X-16.522 Y12.246 Z51.927 E84.32002
G1 X-16.991 Y11.351 Z51.931 E84.7952
G1 X-17.123 Y11.306 Z51.932 E84.86078
G1 X-15.923 Y10.056 Z51.94 E85.67565
G1 X-16.037 Y9.669 Z51.942 E85.86538
G1 X-13.91 Y7.954 Z51.954 E87.15028
G1 X-13.992 Y6.012 Z51.963 E88.06436
G1 X-15.405 Y5.426 Z51.97 E88.78373
G1 X-16.943 Y5.571 Z51.977 E89.51021
G1 X-18.383 Y5.758 Z51.983 E90.19308
G1 X-19.652 Y5.85 Z51.989 E90.79142
G1 X-19.946 Y4.76 Z51.994 E91.32233
G1 X-18.789 Y4.201 Z52 E91.92661
G1 X-17.461 Y3.648 Z52.006 E92.6031
G1 X-16.054 Y3.001 Z52.013 E93.33138
G1 X-15.131 Y1.782 Z52.02 E94.05043
G1 X-16.027 Y0.074 Z52.029 E94.95746
G1 X-18.74 Y-.272 Z52.041 E96.24363
G1 X-18.819 Y-.744 Z52.043 E96.46868
G1 X-20.477 Y-1.245 Z52.051 E97.28321
G1 X-20.374 Y-1.384 Z52.052 E97.36457
G1 X-20.43 Y-2.325 Z52.056 E97.80787
G1 X-19.945 Y-2.398 Z52.058 E98.03852
G1 X-18.829 Y-2.487 Z52.063 E98.56501
G1 X-17.548 Y-7.256 Z52.086 E100.88722
G1 X-18.469 Y-7.895 Z52.091 E101.41437
G1 X-18.852 Y-8.204 Z52.093 E101.6458
G1 X-18.342 Y-8.969 Z52.097 E102.07817
G1 X-18.357 Y-9.155 Z52.098 E102.16592
G1 X-16.668 Y-8.771 Z52.106 E102.98048
G1 X-16.347 Y-9.193 Z52.108 E103.22982
G1 X-13.842 Y-8.087 Z52.121 E104.51755
G1 X-12.235 Y-9.103 Z52.129 E105.41164
G1 X-12.408 Y-10.619 Z52.136 E106.1292
G1 X-13.296 Y-11.888 Z52.143 E106.85757
G1 X-14.17 Y-13.044 Z52.15 E107.53909
G1 X-14.879 Y-14.105 Z52.155 E108.13919
G1 X-14.106 Y-14.879 Z52.16 E108.65362
G1 X-13.045 Y-14.17 Z52.166 E109.25372
G1 X-11.889 Y-13.297 Z52.173 E109.93496
G1 X-10.618 Y-12.41 Z52.18 E110.66383
G1 X-9.101 Y-12.246 Z52.186 E111.38138
G1 X-8.095 Y-13.841 Z52.195 E112.26819
G1 X-9.271 Y-16.321 Z52.207 E113.55894
G1 X-8.773 Y-16.667 Z52.21 E113.84411
G1 X-9.14 Y-18.36 Z52.218 E114.65877
G1 X-8.917 Y-18.352 Z52.219 E114.76371
G1 X-8.219 Y-18.84 Z52.223 E115.16422
G1 X-7.905 Y-18.462 Z52.225 E115.39531
G1 X-7.263 Y-17.545 Z52.23 E115.92173
G1 X-2.478 Y-18.828 Z52.252 E118.25145
G1 X-2.381 Y-19.946 Z52.257 E118.77919
G1 X-2.296 Y-20.425 Z52.26 E119.00797
G1 X-1.469 Y-20.349 Z52.263 E119.39852
G1 X-1.271 Y-20.469 Z52.264 E119.5074
G1 X-.733 Y-18.822 Z52.272 E120.3222
G1 X-0.071 Y-18.784 Z52.275 E120.63403
G1 X0.098 Y-16.038 Z52.288 E121.92784
G1 X1.749 Y-15.172 Z52.296 E122.80458
G1 X2.984 Y-16.061 Z52.303 E123.52018
G1 X3.648 Y-17.46 Z52.31 E124.24843
G1 X4.215 Y-18.783 Z52.316 E124.92532
G1 X4.793 Y-19.93 Z52.322 E125.52934
G1 X5.813 Y-19.655 Z52.327 E126.02614
G1 X5.741 Y-18.387 Z52.333 E126.6234
G1 X5.571 Y-16.944 Z52.339 E127.30669
G1 X5.45 Y-15.402 Z52.346 E128.03408
G1 X6.081 Y-14.019 Z52.353 E128.74895
G1 X7.929 Y-13.943 Z52.362 E129.61875
G1 X9.392 Y-16.287 Z52.374 E130.91814
G1 X10.04 Y-15.937 Z52.377 E131.26449
G1 X11.345 Y-17.081 Z52.385 E132.08061
G1 X11.482 Y-16.848 Z52.386 E132.20772
G1 X12.183 Y-16.546 Z52.39 E132.56667
G1 X12.021 Y-16.079 Z52.392 E132.79913
G1 X11.558 Y-15.065 Z52.397 E133.32334
G1 X15.065 Y-11.557 Z52.419 E135.65603
G1 X16.08 Y-12.019 Z52.424 E136.18048
G1 X16.548 Y-12.178 Z52.427 E136.41292
G1 X16.835 Y-11.495 Z52.43 E136.76132
G1 X17.076 Y-11.349 Z52.431 E136.89383
G1 X15.939 Y-10.038 Z52.439 E137.70992
G1 X16.327 Y-9.348 Z52.443 E138.08218
G1 X13.95 Y-7.924 Z52.455 E139.38525
G1 X14.026 Y-6.101 Z52.463 E140.2433
G1 X15.401 Y-5.458 Z52.47 E140.95713
G1 X16.944 Y-5.571 Z52.477 E141.68469
G1 X18.387 Y-5.734 Z52.484 E142.36761
G1 X19.657 Y-5.795 Z52.49 E142.96554
G1 X19.922 Y-4.81 Z52.494 E143.44522
G1 X18.78 Y-4.223 Z52.5 E144.04906
;TIME_ELAPSED:524.480453
;LAYER:52
;TYPE:WALL-OUTER
;MESH:ceramic_two_component_reference_like_v3.stl
G1 X17.591 Y-3.706 Z52.506 E144.65878
G1 X16.298 Y-3.082 Z52.513 E145.33395
G1 X15.74 Y-.635 Z52.525 E146.51424
G1 X18.824 Y-.117 Z52.539 E147.98486
G1 X18.824 Y0.699 Z52.543 E148.3686
G1 X20.205 Y1.212 Z52.55 E149.0614
G1 X20.304 Y1.565 Z52.552 E149.23381
G1 X20.133 Y2.316 Z52.555 E149.59603
G1 X19.746 Y2.377 Z52.557 E149.78027
G1 X18.821 Y2.493 Z52.561 E150.21867
G1 X17.547 Y7.244 Z52.584 E152.53185
G1 X18.287 Y7.812 Z52.589 E152.97055
G1 X18.592 Y8.061 Z52.591 E153.15571
G1 X18.357 Y8.788 Z52.594 E153.51501
G1 X18.105 Y9.051 Z52.596 E153.68631
G1 X16.651 Y8.808 Z52.603 E154.37956
G1 X16.243 Y9.513 Z52.607 E154.76262
G1 X13.258 Y8.321 Z52.622 E156.27416
G1 X12.588 Y10.804 Z52.634 E157.4836
G1 X13.389 Y11.998 Z52.64 E158.15975
G1 X14.118 Y12.999 Z52.646 E158.74209
G1 X14.681 Y13.883 Z52.651 E159.23496
G1 X13.884 Y14.682 Z52.656 E159.76568
G1 X13 Y14.119 Z52.661 E160.25855
G1 X11.998 Y13.391 Z52.667 E160.841
G1 X10.802 Y12.594 Z52.674 E161.51688
G1 X8.257 Y13.217 Z52.686 E162.74905
G1 X9.513 Y16.243 Z52.701 E164.2898
G1 X8.809 Y16.65 Z52.705 E164.67221
G1 X9.043 Y18.106 Z52.712 E165.36571
G1 X8.771 Y18.329 Z52.714 E165.53112
G1 X8.069 Y18.586 Z52.717 E165.88268
G1 X7.816 Y18.285 Z52.719 E166.06759
G1 X7.245 Y17.546 Z52.723 E166.50677
G1 X2.494 Y18.82 Z52.746 E168.81995
G1 X2.373 Y19.744 Z52.751 E169.25819
G1 X2.303 Y20.129 Z52.752 E169.44221
G1 X1.567 Y20.25 Z52.756 E169.79298
G1 X1.225 Y20.202 Z52.758 E169.95539
G1 X0.699 Y18.824 Z52.764 E170.64902
G1 X-.117 Y18.824 Z52.768 E171.03276
G1 X-.492 Y15.471 Z52.784 E172.61941
G1 X-3.039 Y16.318 Z52.797 E173.88168
G1 X-3.686 Y17.599 Z52.803 E174.55657
G1 X-4.2 Y18.733 Z52.809 E175.14208
G1 X-4.692 Y19.652 Z52.814 E175.63229
G1 X-5.762 Y19.366 Z52.819 E176.15314
G1 X-5.729 Y18.323 Z52.824 E176.64388
G1 X-5.61 Y17.083 Z52.83 E177.22969
G1 X-5.534 Y15.651 Z52.837 E177.90407
G1 X-7.308 Y13.568 Z52.849 E179.19074
G1 X-9.311 Y16.36 Z52.865 E180.80667
G1 X-10.016 Y15.953 Z52.869 E181.18949
G1 X-11.164 Y16.877 Z52.876 E181.88251
G1 X-11.467 Y16.722 Z52.878 E182.04256
G1 X-12.05 Y16.285 Z52.881 E182.3852
G1 X-11.927 Y15.921 Z52.883 E182.56589
G1 X-11.563 Y15.058 Z52.887 E183.00635
G1 X-15.058 Y11.563 Z52.91 E185.33074
G1 X-15.921 Y11.926 Z52.915 E185.77102
G1 X-16.285 Y12.047 Z52.917 E185.95141
G1 X-16.712 Y11.462 Z52.92 E186.29201
G1 X-16.876 Y11.166 Z52.922 E186.45115
G1 X-15.952 Y10.017 Z52.929 E187.14453
G1 X-16.36 Y9.311 Z52.932 E187.52799
G1 X-13.454 Y7.304 Z52.949 E189.18884
G1 X-15.649 Y5.553 Z52.962 E190.50929
G1 X-17.082 Y5.62 Z52.969 E191.18392
G1 X-18.323 Y5.73 Z52.975 E191.76981
G1 X-19.365 Y5.752 Z52.979 E192.25994
G1 X-19.649 Y4.7 Z52.984 E192.77237
G1 X-18.735 Y4.199 Z52.989 E193.26254
G1 X-17.605 Y3.674 Z52.995 E193.8485
G1 X-16.332 Y3.011 Z53.002 E194.52348
G1 X-15.234 Y0.369 Z53.015 E195.86895
G1 X-18.824 Y0.117 Z53.032 E197.56137
G1 X-18.824 Y-.699 Z53.036 E197.94511
G1 X-20.195 Y-1.241 Z53.043 E198.6384
G1 X-20.172 Y-1.571 Z53.044 E198.79397
G1 X-20.126 Y-2.282 Z53.048 E199.12903
G1 X-19.744 Y-2.364 Z53.05 E199.31277
G1 X-18.82 Y-2.493 Z53.054 E199.75151
G1 X-17.547 Y-7.245 Z53.077 E202.06502
G1 X-18.279 Y-7.823 Z53.081 E202.50364
G1 X-18.568 Y-8.087 Z53.083 E202.68771
G1 X-18.246 Y-8.718 Z53.086 E203.02086
G1 X-18.111 Y-9.021 Z53.088 E203.17685
G1 X-16.65 Y-8.808 Z53.095 E203.87118
G1 X-16.243 Y-9.513 Z53.099 E204.254
G1 X-12.955 Y-7.841 Z53.116 E205.98868
G1 X-12.654 Y-10.759 Z53.13 E207.36821
G1 X-13.417 Y-11.977 Z53.136 E208.0441
G1 X-14.123 Y-12.996 Z53.142 E208.62709
G1 X-14.658 Y-13.898 Z53.147 E209.12027
G1 X-13.898 Y-14.659 Z53.152 E209.62605
G1 X-12.996 Y-14.123 Z53.157 E210.11947
G1 X-11.977 Y-13.419 Z53.163 E210.70192
G1 X-10.756 Y-12.66 Z53.169 E211.37801
G1 X-7.777 Y-12.914 Z53.183 E212.78403
G1 X-9.513 Y-16.243 Z53.201 E214.54963
G1 X-8.808 Y-16.65 Z53.205 E214.93246
G1 X-9.013 Y-18.112 Z53.212 E215.62672
G1 X-8.7 Y-18.218 Z53.213 E215.78212
G1 X-8.095 Y-18.562 Z53.217 E216.10941
G1 X-7.829 Y-18.281 Z53.218 E216.29137
G1 X-7.245 Y-17.547 Z53.223 E216.73248
G1 X-2.493 Y-18.82 Z53.246 E219.04599
G1 X-2.359 Y-19.743 Z53.25 E219.4846
G1 X-2.269 Y-20.122 Z53.252 E219.66779
G1 X-1.573 Y-20.118 Z53.255 E219.9951
G1 X-1.253 Y-20.192 Z53.257 E220.14956
G1 X-.699 Y-18.824 Z53.264 E220.84364
G1 X0.117 Y-18.824 Z53.267 E221.22738
G1 X0.227 Y-14.964 Z53.285 E223.04335
G1 X2.968 Y-16.353 Z53.3 E224.48842
G1 X3.655 Y-17.613 Z53.307 E225.16331
G1 X4.196 Y-18.736 Z53.312 E225.74951
G1 X4.716 Y-19.64 Z53.317 E226.23995
G1 X5.734 Y-19.367 Z53.322 E226.7356
G1 X5.734 Y-18.331 Z53.327 E227.2228
G1 X5.645 Y-17.079 Z53.333 E227.81306
G1 X5.613 Y-15.645 Z53.34 E228.4876
G1 X7.285 Y-12.998 Z53.354 E229.95994
G1 X9.311 Y-16.36 Z53.373 E231.80587
G1 X10.017 Y-15.953 Z53.376 E232.1891
G1 X11.184 Y-16.855 Z53.383 E232.88272
G1 X11.406 Y-16.605 Z53.385 E233.03995
G1 X12.016 Y-16.296 Z53.388 E233.36152
G1 X11.914 Y-15.927 Z53.39 E233.54156
G1 X11.563 Y-15.058 Z53.394 E233.9823
G1 X15.058 Y-11.563 Z53.417 E236.30669
G1 X15.927 Y-11.913 Z53.422 E236.74725
G1 X16.296 Y-12.014 Z53.424 E236.92717
G1 X16.595 Y-11.401 Z53.427 E237.2479
G1 X16.853 Y-11.185 Z53.428 E237.40614
G1 X15.953 Y-10.017 Z53.435 E238.09956
G1 X16.36 Y-9.311 Z53.439 E238.48279
G1 X12.884 Y-7.28 Z53.458 E240.37603
G1 X15.643 Y-5.633 Z53.473 E241.8871
G1 X17.078 Y-5.655 Z53.48 E242.56202
G1 X18.322 Y-5.736 Z53.485 E243.14827
G1 X19.367 Y-5.726 Z53.49 E243.63972
G1 X19.636 Y-4.724 Z53.495 E244.12762
G1 X18.736 Y-4.195 Z53.5 E244.61856
;TIME_ELAPSED:530.144489
;LAYER:53
;TYPE:WALL-OUTER
;MESH:ceramic_two_component_reference_like_v3.stl
G1 X17.883 Y-3.773 Z53.505 E245.06611
G1 X16.721 Y-3.136 Z53.511 E245.68928
G1 X15.626 Y-.117 Z53.527 E247.19953
G1 X18.824 Y-.117 Z53.543 E248.70345
G1 X18.824 Y0.56 Z53.546 E249.02182
G1 X20.073 Y1.217 Z53.553 E249.68549
G1 X20.049 Y1.586 Z53.555 E249.85939
G1 X19.984 Y2.289 Z53.559 E250.1914
G1 X19.711 Y2.359 Z53.56 E250.32394
G1 X18.793 Y2.596 Z53.565 E250.7698
G1 X17.574 Y7.146 Z53.588 E252.98499
G1 X18.251 Y7.811 Z53.593 E253.43126
G1 X18.451 Y8.009 Z53.594 E253.56361
G1 X18.153 Y8.648 Z53.598 E253.89518
G1 X17.995 Y8.983 Z53.599 E254.06937
G1 X16.582 Y8.925 Z53.606 E254.73442
G1 X16.243 Y9.513 Z53.61 E255.0536
G1 X13.474 Y7.913 Z53.625 E256.55753
G1 X12.943 Y11.057 Z53.641 E258.057
G1 X13.618 Y12.196 Z53.648 E258.67963
G1 X14.187 Y13.076 Z53.653 E259.17244
G1 X14.594 Y13.816 Z53.657 E259.56961
G1 X14.576 Y13.821 E259.57839
G1 X13.822 Y14.577 Z53.663 E260.08051
G1 X13.817 Y14.595 E260.0893
G1 X13.076 Y14.189 Z53.667 E260.48665
G1 X12.195 Y13.622 Z53.672 E260.97934
G1 X11.053 Y12.953 Z53.679 E261.60176
G1 X7.912 Y13.473 Z53.694 E263.09898
G1 X9.513 Y16.243 Z53.71 E264.60356
G1 X8.926 Y16.581 Z53.713 E264.9221
G1 X8.984 Y17.994 Z53.72 E265.58715
G1 X8.641 Y18.141 Z53.722 E265.76264
G1 X8.009 Y18.452 Z53.726 E266.09389
G1 X7.808 Y18.255 Z53.727 E266.22624
G1 X7.147 Y17.573 Z53.732 E266.67288
G1 X2.597 Y18.792 Z53.755 E268.88807
G1 X2.368 Y19.712 Z53.76 E269.33392
G1 X2.291 Y19.984 Z53.761 E269.46686
G1 X1.589 Y20.028 Z53.765 E269.79764
G1 X1.216 Y20.075 Z53.767 E269.97444
G1 X0.56 Y18.824 Z53.774 E270.63872
G1 X-.117 Y18.824 Z53.777 E270.95709
G1 X-.117 Y15.626 Z53.793 E272.46102
G1 X-3.065 Y16.759 Z53.808 E273.94623
G1 X-3.731 Y17.903 Z53.815 E274.56875
G1 X-4.22 Y18.831 Z53.82 E275.06204
G1 X-4.667 Y19.549 Z53.824 E275.45978
G1 X-4.696 Y19.527 E275.4769
G1 X-5.695 Y19.26 Z53.829 E275.96319
G1 X-5.732 Y19.264 Z53.83 E275.9807
G1 X-5.762 Y18.419 Z53.834 E276.37833
G1 X-5.725 Y17.37 Z53.839 E276.87194
G1 X-5.738 Y16.047 Z53.846 E277.49414
G1 X-7.714 Y13.593 Z53.861 E278.9758
G1 X-9.311 Y16.36 Z53.877 E280.47822
G1 X-9.899 Y16.022 Z53.88 E280.79717
G1 X-11.088 Y16.78 Z53.887 E281.46028
G1 X-11.384 Y16.537 Z53.889 E281.64038
G1 X-11.977 Y16.162 Z53.893 E281.97033
G1 X-11.907 Y15.875 Z53.894 E282.10925
G1 X-11.652 Y14.969 Z53.899 E282.55187
G1 X-14.969 Y11.652 Z53.922 E284.75788
G1 X-15.874 Y11.908 Z53.927 E285.20017
G1 X-16.161 Y11.976 Z53.928 E285.33888
G1 X-16.532 Y11.383 Z53.931 E285.66783
G1 X-16.781 Y11.089 Z53.933 E285.84901
G1 X-16.021 Y9.9 Z53.94 E286.51263
G1 X-16.36 Y9.311 Z53.944 E286.83222
G1 X-13.594 Y7.714 Z53.96 E288.33423
G1 X-16.046 Y5.773 Z53.975 E289.80488
G1 X-17.368 Y5.746 Z53.982 E290.42671
G1 X-18.418 Y5.775 Z53.987 E290.92068
G1 X-19.263 Y5.735 Z53.991 E291.3185
G1 X-19.26 Y5.68 E291.34441
G1 X-19.52 Y4.711 Z53.996 E291.81622
G1 X-19.55 Y4.665 E291.84204
G1 X-18.839 Y4.208 Z54.001 E292.23952
G1 X-17.916 Y3.706 Z54.006 E292.73362
G1 X-16.788 Y3.016 Z54.012 E293.35546
G1 X-15.626 Y0.117 Z54.028 E294.82421
G1 X-18.824 Y0.117 Z54.044 E296.32814
G1 X-18.824 Y-.56 Z54.047 E296.64651
G1 X-20.076 Y-1.211 Z54.054 E297.31012
G1 X-19.996 Y-1.591 Z54.056 E297.49274
G1 X-19.985 Y-2.293 Z54.059 E297.82291
G1 X-19.714 Y-2.378 Z54.061 E297.95648
G1 X-18.793 Y-2.597 Z54.065 E298.40167
G1 X-17.573 Y-7.146 Z54.089 E300.61653
G1 X-18.263 Y-7.797 Z54.093 E301.06264
G1 X-18.454 Y-8.006 Z54.095 E301.19579
G1 X-18.11 Y-8.618 Z54.098 E301.52594
G1 X-17.994 Y-8.99 Z54.1 E301.70919
G1 X-16.582 Y-8.926 Z54.107 E302.37389
G1 X-16.243 Y-9.513 Z54.11 E302.69267
G1 X-13.473 Y-7.914 Z54.126 E304.19677
G1 X-13.061 Y-10.987 Z54.142 E305.65484
G1 X-13.68 Y-12.155 Z54.148 E306.27649
G1 X-14.222 Y-13.057 Z54.153 E306.77136
G1 X-14.601 Y-13.812 Z54.157 E307.16863
G1 X-14.535 Y-13.845 Z54.158 E307.20334
G1 X-13.845 Y-14.535 Z54.163 E307.66223
G1 X-13.813 Y-14.602 E307.69715
G1 X-13.056 Y-14.224 Z54.167 E308.09506
G1 X-12.153 Y-13.684 Z54.172 E308.58985
G1 X-10.982 Y-13.07 Z54.179 E309.21164
G1 X-7.913 Y-13.473 Z54.194 E310.66729
G1 X-9.513 Y-16.243 Z54.21 E312.17163
G1 X-8.926 Y-16.582 Z54.213 E312.49041
G1 X-8.991 Y-17.993 Z54.22 E313.15466
G1 X-8.61 Y-18.099 Z54.222 E313.34064
G1 X-8.006 Y-18.455 Z54.226 E313.67035
G1 X-7.794 Y-18.266 Z54.227 E313.80391
G1 X-7.146 Y-17.573 Z54.232 E314.25009
G1 X-2.597 Y-18.793 Z54.255 E316.46494
G1 X-2.386 Y-19.715 Z54.26 E316.90974
G1 X-2.295 Y-19.985 Z54.261 E317.04373
G1 X-1.594 Y-19.974 Z54.265 E317.37343
G1 X-1.209 Y-20.078 Z54.267 E317.56098
G1 X-.56 Y-18.824 Z54.274 E318.22499
G1 X0.117 Y-18.824 Z54.277 E318.54336
G1 X0.117 Y-15.626 Z54.293 E320.04729
G1 X2.945 Y-16.827 Z54.308 E321.49217
G1 X3.664 Y-17.937 Z54.315 E322.11411
G1 X4.185 Y-18.852 Z54.32 E322.60927
G1 X4.66 Y-19.553 Z54.324 E323.00749
G1 X4.737 Y-19.503 E323.05066
G1 X5.647 Y-19.259 Z54.329 E323.49372
G1 X5.741 Y-19.264 Z54.33 E323.53799
G1 X5.803 Y-18.419 Z54.334 E323.93644
G1 X5.799 Y-17.365 Z54.339 E324.43211
G1 X5.875 Y-16.045 Z54.345 E325.05389
G1 X7.713 Y-13.594 Z54.361 E326.49461
G1 X9.311 Y-16.36 Z54.376 E327.99685
G1 X9.899 Y-16.021 Z54.38 E328.31603
G1 X11.085 Y-16.785 Z54.387 E328.97948
G1 X11.362 Y-16.488 Z54.389 E329.17047
G1 X11.98 Y-16.16 Z54.392 E329.49949
G1 X11.925 Y-15.868 Z54.394 E329.63922
G1 X11.652 Y-14.969 Z54.398 E330.08106
G1 X14.969 Y-11.652 Z54.422 E332.28707
G1 X15.867 Y-11.926 Z54.426 E332.72859
G1 X16.16 Y-11.98 Z54.428 E332.8687
G1 X16.484 Y-11.36 Z54.431 E333.19768
G1 X16.785 Y-11.085 Z54.433 E333.38941
G1 X16.021 Y-9.899 Z54.44 E334.05286
G1 X16.36 Y-9.311 Z54.443 E334.37204
G1 X13.594 Y-7.713 Z54.459 E335.87428
G1 X16.044 Y-5.911 Z54.474 E337.30453
G1 X17.363 Y-5.82 Z54.481 E337.92629
G1 X18.419 Y-5.816 Z54.486 E338.4229
G1 X19.264 Y-5.744 Z54.49 E338.82172
G1 X19.259 Y-5.632 Z54.491 E338.87444
G1 X19.495 Y-4.752 Z54.495 E339.3029
G1 X19.554 Y-4.658 Z54.496 E339.35509
G1 X18.86 Y-4.172 Z54.5 E339.75353
;TIME_ELAPSED:535.522097
;LAYER:54
;note -- min layer time used
;TYPE:WALL-OUTER
;MESH:ceramic_two_component_reference_like_v3.stl
G1 F2175.6 X18.25 Y-3.814 Z54.504 E340.08615
G1 X17.247 Y-3.16 Z54.511 E340.64924
G1 X16.622 Y-.117 Z54.528 E342.11015
G1 X18.824 Y-.117 Z54.54 E343.14569
G1 X18.824 Y0.438 Z54.543 E343.40669
G1 X19.653 Y0.98 Z54.548 E343.87247
G1 X20.036 Y1.18 Z54.551 E344.07566
G1 X19.95 Y1.62 Z54.553 E344.2865
G1 X19.929 Y2.322 Z54.557 E344.61678
G1 X19.63 Y2.421 Z54.559 E344.7649
G1 X18.733 Y2.822 Z54.564 E345.22696
G1 X17.632 Y6.928 Z54.588 E347.22611
G1 X18.283 Y7.785 Z54.594 E347.73222
G1 X18.42 Y7.951 Z54.595 E347.83344
G1 X18.086 Y8.574 Z54.599 E348.16587
G1 X17.942 Y9.001 Z54.601 E348.37778
G1 X17.5 Y8.985 Z54.604 E348.58578
G1 X16.506 Y9.059 Z54.609 E349.05452
G1 X16.243 Y9.513 Z54.612 E349.30126
G1 X14.335 Y8.412 Z54.624 E350.33721
G1 X13.404 Y11.336 Z54.641 E351.7803
G1 X13.926 Y12.411 Z54.648 E352.3423
G1 X14.329 Y13.161 Z54.652 E352.74269
G1 X14.604 Y13.777 Z54.656 E353.05993
G1 X14.457 Y13.905 Z54.657 E353.1516
G1 X13.905 Y14.457 Z54.661 E353.51871
G1 X13.778 Y14.605 Z54.663 E353.61043
G1 X13.161 Y14.331 Z54.666 E353.92791
G1 X12.409 Y13.932 Z54.671 E354.32825
G1 X11.33 Y13.418 Z54.678 E354.89031
G1 X8.411 Y14.334 Z54.694 E356.32903
G1 X9.513 Y16.243 Z54.707 E357.36562
G1 X9.031 Y16.521 Z54.71 E357.62729
G1 X8.999 Y17.513 Z54.715 E358.09404
G1 X9.009 Y17.94 Z54.717 E358.2949
G1 X8.574 Y18.084 Z54.72 E358.51039
G1 X7.946 Y18.429 Z54.724 E358.84735
G1 X7.7 Y18.222 Z54.726 E358.99854
G1 X6.922 Y17.633 Z54.731 E359.45744
G1 X2.817 Y18.733 Z54.755 E361.45601
G1 X2.418 Y19.732 Z54.76 E361.96189
G1 X2.337 Y19.934 Z54.762 E362.06424
G1 X1.621 Y19.948 Z54.766 E362.40102
G1 X1.165 Y20.044 Z54.768 E362.62017
G1 X0.945 Y19.65 Z54.771 E362.83238
G1 X0.404 Y18.824 Z54.776 E363.29673
G1 X-.117 Y18.824 Z54.779 E363.54174
G1 X-.117 Y16.622 Z54.791 E364.57727
G1 X-3.06 Y17.314 Z54.808 E365.99903
G1 X-3.75 Y18.287 Z54.814 E366.55998
G1 X-4.207 Y18.997 Z54.819 E366.95706
G1 X-4.621 Y19.543 Z54.823 E367.27929
G1 X-4.813 Y19.47 Z54.824 E367.37589
G1 X-5.565 Y19.268 Z54.828 E367.74207
G1 X-5.77 Y19.235 Z54.829 E367.83972
G1 X-5.857 Y18.566 Z54.833 E368.15698
G1 X-5.902 Y17.712 Z54.838 E368.55915
G1 X-6.024 Y16.524 Z54.844 E369.12076
G1 X-8.21 Y14.455 Z54.861 E370.53622
G1 X-9.311 Y16.36 Z54.873 E371.57095
G1 X-9.79 Y16.084 Z54.876 E371.83093
G1 X-10.651 Y16.565 Z54.882 E372.29473
G1 X-11.025 Y16.783 Z54.884 E372.49831
G1 X-11.375 Y16.465 Z54.887 E372.7207
G1 X-12 Y16.094 Z54.891 E373.0625
G1 X-11.952 Y15.77 Z54.892 E373.21653
G1 X-11.812 Y14.809 Z54.898 E373.67323
G1 X-14.814 Y11.807 Z54.921 E375.66975
G1 X-15.875 Y11.975 Z54.927 E376.17493
G1 X-16.092 Y12.002 Z54.928 E376.27776
G1 X-16.464 Y11.375 Z54.932 E376.62061
G1 X-16.787 Y11.024 Z54.935 E376.84493
G1 X-16.564 Y10.634 Z54.938 E377.05621
G1 X-16.098 Y9.765 Z54.943 E377.51992
G1 X-16.36 Y9.311 Z54.946 E377.76643
G1 X-14.456 Y8.211 Z54.958 E378.80051
G1 X-16.527 Y6.077 Z54.974 E380.19896
G1 X-17.712 Y5.936 Z54.981 E380.76017
G1 X-18.568 Y5.881 Z54.986 E381.16355
G1 X-19.235 Y5.783 Z54.989 E381.48059
G1 X-19.263 Y5.565 Z54.991 E381.58395
G1 X-19.465 Y4.813 Z54.995 E381.95013
G1 X-19.551 Y4.611 Z54.996 E382.05337
G1 X-19.014 Y4.184 Z55 E382.37602
G1 X-18.31 Y3.712 Z55.005 E382.77461
G1 X-17.361 Y2.991 Z55.011 E383.33509
G1 X-16.622 Y0.117 Z55.028 E384.73062
G1 X-18.824 Y0.117 Z55.04 E385.76615
G1 X-18.824 Y-.438 Z55.043 E386.02715
G1 X-19.682 Y-.923 Z55.048 E386.49065
G1 X-20.054 Y-1.146 Z55.051 E386.69461
G1 X-19.945 Y-1.621 Z55.053 E386.9238
G1 X-19.942 Y-2.358 Z55.057 E387.27039
G1 X-19.643 Y-2.485 Z55.059 E387.42316
G1 X-18.733 Y-2.823 Z55.064 E387.87967
G1 X-17.631 Y-6.928 Z55.088 E389.87849
G1 X-18.323 Y-7.752 Z55.094 E390.38451
G1 X-18.449 Y-7.927 Z55.095 E390.48592
G1 X-18.082 Y-8.571 Z55.099 E390.8345
G1 X-17.94 Y-9.039 Z55.102 E391.0645
G1 X-17.497 Y-9.05 Z55.104 E391.27289
G1 X-16.505 Y-9.059 Z55.11 E391.73942
G1 X-16.243 Y-9.513 Z55.113 E391.98593
G1 X-14.335 Y-8.411 Z55.125 E393.02211
G1 X-13.588 Y-11.247 Z55.141 E394.40129
G1 X-14.03 Y-12.352 Z55.148 E394.96097
G1 X-14.4 Y-13.128 Z55.152 E395.36526
G1 X-14.638 Y-13.762 Z55.156 E395.68372
G1 X-14.448 Y-13.896 Z55.157 E395.79306
G1 X-13.896 Y-14.448 Z55.162 E396.16018
G1 X-13.762 Y-14.638 Z55.163 E396.26952
G1 X-13.127 Y-14.402 Z55.167 E396.5881
G1 X-12.35 Y-14.035 Z55.171 E396.9922
G1 X-11.241 Y-13.602 Z55.178 E397.55208
G1 X-8.411 Y-14.335 Z55.194 E398.92686
G1 X-9.513 Y-16.243 Z55.206 E399.96305
G1 X-9.031 Y-16.522 Z55.209 E400.22495
G1 X-9.064 Y-17.51 Z55.215 E400.68984
G1 X-9.048 Y-17.939 Z55.217 E400.89173
G1 X-8.571 Y-18.08 Z55.22 E401.12564
G1 X-7.922 Y-18.457 Z55.224 E401.4786
G1 X-7.652 Y-18.265 Z55.226 E401.63441
G1 X-6.922 Y-17.634 Z55.231 E402.08818
G1 X-2.817 Y-18.734 Z55.255 E404.08675
G1 X-2.465 Y-19.75 Z55.26 E404.59241
G1 X-2.372 Y-19.947 Z55.262 E404.69486
G1 X-1.621 Y-19.943 Z55.266 E405.04804
G1 X-1.131 Y-20.062 Z55.269 E405.28517
G1 X-.887 Y-19.679 Z55.271 E405.49873
G1 X-.404 Y-18.824 Z55.277 E405.96053
G1 X0.117 Y-18.824 Z55.279 E406.20554
G1 X0.117 Y-16.622 Z55.292 E407.24108
G1 X2.891 Y-17.428 Z55.307 E408.59956
G1 X3.648 Y-18.347 Z55.314 E409.15948
G1 X4.142 Y-19.042 Z55.319 E409.56047
G1 X4.591 Y-19.564 Z55.323 E409.88427
G1 X4.81 Y-19.457 Z55.324 E409.9989
G1 X5.562 Y-19.255 Z55.328 E410.36508
G1 X5.807 Y-19.238 Z55.33 E410.48057
G1 X5.936 Y-18.573 Z55.333 E410.79913
G1 X6.021 Y-17.713 Z55.338 E411.20553
G1 X6.227 Y-16.538 Z55.345 E411.76653
G1 X8.211 Y-14.455 Z55.36 E413.11934
G1 X9.311 Y-16.36 Z55.373 E414.15383
G1 X9.79 Y-16.083 Z55.376 E414.41404
G1 X10.616 Y-16.62 Z55.381 E414.87736
G1 X11.005 Y-16.815 Z55.384 E415.082
G1 X11.373 Y-16.461 Z55.386 E415.32213
G1 X12.037 Y-16.087 Z55.391 E415.68051
G1 X12.014 Y-15.751 Z55.392 E415.83889
G1 X11.812 Y-14.809 Z55.398 E416.29196
G1 X14.814 Y-11.806 Z55.421 E418.28881
G1 X15.866 Y-12.026 Z55.427 E418.79424
G1 X16.086 Y-12.04 Z55.428 E418.89791
G1 X16.46 Y-11.373 Z55.432 E419.25753
G1 X16.819 Y-11.003 Z55.435 E419.49997
G1 X16.619 Y-10.597 Z55.438 E419.71281
G1 X16.098 Y-9.764 Z55.443 E420.17486
G1 X16.36 Y-9.311 Z55.446 E420.42095
G1 X14.455 Y-8.211 Z55.458 E421.45545
G1 X16.542 Y-6.279 Z55.474 E422.79289
G1 X17.713 Y-6.055 Z55.481 E423.35356
G1 X18.575 Y-5.96 Z55.485 E423.76139
G1 X19.239 Y-5.819 Z55.489 E424.08061
G1 X19.251 Y-5.561 Z55.49 E424.20207
G1 X19.453 Y-4.809 Z55.495 E424.56825
G1 X19.572 Y-4.58 Z55.496 E424.68961
G1 X19.059 Y-4.119 Z55.5 E425.01396
;TIME_ELAPSED:540.749354
;LAYER:55
;TYPE:WALL-OUTER
;MESH:ceramic_two_component_reference_like_v3.stl
G1 F1797 X18.583 Y-3.766 Z55.502 E425.29265
G1 X17.79 Y-3.096 Z55.506 E425.78085
G1 X17.094 Y-1.56 Z55.512 E426.57388
G1 X18.677 Y-.117 Z55.52 E427.58119
G1 X18.824 Y-.117 E427.65032
G1 X18.824 Y-0.046 Z55.521 E427.68371
G1 X19.698 Y0.857 Z55.525 E428.27469
G1 X20.009 Y1.067 Z55.527 E428.45117
G1 X19.941 Y1.667 Z55.529 E428.73513
G1 X19.902 Y2.421 Z55.532 E429.09019
G1 X19.689 Y2.532 Z55.533 E429.20314
G1 X18.617 Y3.255 Z55.537 E429.81121
G1 X17.749 Y6.491 Z55.549 E431.38678
G1 X18.325 Y7.671 Z55.554 E432.00428
G1 X18.448 Y7.853 Z55.555 E432.10758
G1 X18.104 Y8.525 Z55.558 E432.4626
G1 X17.863 Y9.087 Z55.56 E432.75017
G1 X17.482 Y9.122 Z55.561 E432.93009
G1 X16.279 Y9.45 Z55.566 E433.51648
G1 X16.243 Y9.513 E433.5506
G1 X16.095 Y9.427 Z55.567 E433.6311
G1 X14.107 Y9.939 Z55.574 E434.59649
G1 X13.924 Y11.554 Z55.58 E435.36084
G1 X14.272 Y12.584 Z55.584 E435.87211
G1 X14.499 Y13.154 Z55.586 E436.16064
G1 X14.656 Y13.69 Z55.589 E436.42329
G1 X14.401 Y13.929 Z55.59 E436.58765
G1 X13.932 Y14.398 Z55.592 E436.89956
G1 X13.691 Y14.658 Z55.594 E437.06628
G1 X13.103 Y14.488 Z55.596 E437.35412
G1 X12.53 Y14.261 Z55.598 E437.64396
G1 X11.547 Y13.945 Z55.602 E438.12953
G1 X9.951 Y14.155 Z55.608 E438.88654
G1 X9.426 Y16.094 Z55.615 E439.83122
G1 X9.513 Y16.243 Z55.616 E439.91236
G1 X9.451 Y16.278 E439.94585
G1 X9.138 Y17.484 Z55.62 E440.53178
G1 X9.099 Y17.863 Z55.622 E440.71095
G1 X8.526 Y18.103 Z55.624 E441.00309
G1 X7.847 Y18.46 Z55.627 E441.36385
G1 X7.638 Y18.336 Z55.628 E441.47813
G1 X6.492 Y17.749 Z55.632 E442.08364
G1 X3.256 Y18.616 Z55.645 E443.6591
G1 X2.545 Y19.715 Z55.649 E444.27465
G1 X2.44 Y19.911 Z55.65 E444.37922
G1 X1.668 Y19.941 Z55.653 E444.74254
G1 X1.047 Y20.023 Z55.655 E445.03711
G1 X0.814 Y19.717 Z55.657 E445.21798
G1 X-0.046 Y18.824 Z55.661 E445.801
G1 X-.117 Y18.824 Z55.662 E445.8344
G1 X-.117 Y18.677 E445.90353
G1 X-1.49 Y17.313 Z55.669 E446.81366
G1 X-2.978 Y17.894 Z55.675 E447.56487
G1 X-3.72 Y18.684 Z55.679 E448.07455
G1 X-4.114 Y19.156 Z55.681 E448.36369
G1 X-4.516 Y19.549 Z55.683 E448.62807
G1 X-4.866 Y19.434 Z55.685 E448.80132
G1 X-5.501 Y19.264 Z55.687 E449.11045
G1 X-5.865 Y19.189 Z55.688 E449.28523
G1 X-6.021 Y18.646 Z55.69 E449.55091
G1 X-6.141 Y17.984 Z55.693 E449.8673
G1 X-6.392 Y16.99 Z55.697 E450.34942
G1 X-7.39 Y15.786 Z55.702 E451.08485
G1 X-9.228 Y16.216 Z55.709 E451.97254
G1 X-9.311 Y16.36 Z55.71 E452.0507
G1 X-9.371 Y16.325 E452.08336
G1 X-10.56 Y16.685 Z55.715 E452.66758
G1 X-10.911 Y16.825 Z55.716 E452.84529
G1 X-11.414 Y16.435 Z55.718 E453.1446
G1 X-12.081 Y16.024 Z55.721 E453.51304
G1 X-12.086 Y15.781 Z55.722 E453.62734
G1 X-12.125 Y14.495 Z55.727 E454.23238
G1 X-14.494 Y12.126 Z55.739 E455.8079
G1 X-15.795 Y12.086 Z55.744 E456.42001
G1 X-16.023 Y12.085 Z55.745 E456.52723
G1 X-16.434 Y11.415 Z55.747 E456.89687
G1 X-16.832 Y10.909 Z55.75 E457.19961
G1 X-16.695 Y10.55 Z55.751 E457.38031
G1 X-16.324 Y9.372 Z55.756 E457.96111
G1 X-16.359 Y9.312 E457.99378
G1 X-16.217 Y9.229 E458.07113
G1 X-15.847 Y7.457 Z55.763 E458.92241
G1 X-17.005 Y6.457 Z55.769 E459.64193
G1 X-18.047 Y6.174 Z55.773 E460.1497
G1 X-18.657 Y6.051 Z55.775 E460.44234
G1 X-19.192 Y5.881 Z55.777 E460.70633
G1 X-19.262 Y5.502 Z55.778 E460.88757
G1 X-19.432 Y4.867 Z55.781 E461.19671
G1 X-19.561 Y4.503 Z55.782 E461.37832
G1 X-19.144 Y4.044 Z55.784 E461.66995
G1 X-18.68 Y3.633 Z55.787 E461.96145
G1 X-17.967 Y2.893 Z55.79 E462.44469
G1 X-17.496 Y1.433 Z55.796 E463.16613
G1 X-18.677 Y0.117 Z55.802 E463.99766
G1 X-18.824 Y0.117 Z55.803 E464.06679
G1 X-18.824 Y0.046 E464.10018
G1 X-19.74 Y-.772 Z55.808 E464.67771
G1 X-20.039 Y-1.023 Z55.809 E464.86129
G1 X-19.939 Y-1.668 Z55.812 E465.16824
G1 X-19.925 Y-2.466 Z55.814 E465.54357
G1 X-19.722 Y-2.598 Z55.815 E465.65744
G1 X-18.616 Y-3.255 Z55.82 E466.26241
G1 X-17.748 Y-6.491 Z55.832 E467.83798
G1 X-18.384 Y-7.618 Z55.837 E468.44654
G1 X-18.491 Y-7.825 Z55.838 E468.55613
G1 X-18.102 Y-8.524 Z55.841 E468.93232
G1 X-17.866 Y-9.141 Z55.843 E469.24297
G1 X-17.478 Y-9.216 Z55.845 E469.42881
G1 X-16.279 Y-9.451 Z55.849 E470.00339
G1 X-16.243 Y-9.513 E470.03711
G1 X-16.094 Y-9.427 Z55.85 E470.11801
G1 X-14.516 Y-10.03 Z55.856 E470.91243
G1 X-14.178 Y-11.468 Z55.862 E471.6071
G1 X-14.417 Y-12.521 Z55.865 E472.11489
G1 X-14.602 Y-13.121 Z55.868 E472.41016
G1 X-14.704 Y-13.675 Z55.87 E472.67506
G1 X-14.397 Y-13.925 Z55.871 E472.86125
G1 X-13.928 Y-14.394 Z55.874 E473.17316
G1 X-13.675 Y-14.705 Z55.875 E473.3617
G1 X-13.068 Y-14.594 Z55.877 E473.65188
G1 X-12.464 Y-14.412 Z55.88 E473.94854
G1 X-11.46 Y-14.2 Z55.883 E474.4311
G1 X-10.041 Y-14.564 Z55.889 E475.12001
G1 X-9.427 Y-16.094 Z55.895 E475.8953
G1 X-9.513 Y-16.243 E475.9762
G1 X-9.451 Y-16.279 Z55.896 E476.00992
G1 X-9.233 Y-17.478 Z55.9 E476.58301
G1 X-9.153 Y-17.867 Z55.902 E476.76977
G1 X-8.525 Y-18.102 Z55.904 E477.0851
G1 X-7.819 Y-18.502 Z55.907 E477.4667
G1 X-7.598 Y-18.398 Z55.908 E477.58156
G1 X-6.491 Y-17.748 Z55.913 E478.18525
G1 X-3.255 Y-18.616 Z55.925 E479.76083
G1 X-2.62 Y-19.739 Z55.929 E480.36752
G1 X-2.485 Y-19.935 Z55.93 E480.47944
G1 X-1.668 Y-19.939 Z55.933 E480.86365
G1 X-1.002 Y-20.053 Z55.936 E481.18141
G1 X-.731 Y-19.76 Z55.937 E481.3691
G1 X0.046 Y-18.824 Z55.942 E481.94117
G1 X0.117 Y-18.824 E481.97456
G1 X0.117 Y-18.677 E482.04368
G1 X1.364 Y-17.715 Z55.948 E482.78433
G1 X2.776 Y-18.071 Z55.954 E483.46913
G1 X3.593 Y-18.778 Z55.957 E483.97722
G1 X4.034 Y-19.228 Z55.96 E484.27352
G1 X4.479 Y-19.583 Z55.962 E484.54122
G1 X4.865 Y-19.428 Z55.963 E484.73683
G1 X5.5 Y-19.259 Z55.966 E485.04585
G1 X5.914 Y-19.199 Z55.967 E485.24257
G1 X6.126 Y-18.669 Z55.969 E485.51101
G1 X6.305 Y-18.003 Z55.972 E485.83533
G1 X6.657 Y-17.042 Z55.976 E486.31661
G1 X7.699 Y-16.071 Z55.981 E486.98641
G1 X9.229 Y-16.216 Z55.986 E487.70914
G1 X9.312 Y-16.36 Z55.987 E487.78731
G1 X9.372 Y-16.325 E487.81997
G1 X10.508 Y-16.762 Z55.992 E488.39236
G1 X10.888 Y-16.875 Z55.993 E488.57879
G1 X11.413 Y-16.433 Z55.996 E488.90153
G1 X12.131 Y-16.021 Z55.999 E489.29082
G1 X12.159 Y-15.777 Z56 E489.40632
G1 X12.126 Y-14.495 Z56.004 E490.0094
G1 X14.495 Y-12.126 Z56.017 E491.58493
G1 X15.778 Y-12.164 Z56.021 E492.18854
G1 X16.02 Y-12.136 Z56.022 E492.30311
G1 X16.432 Y-11.413 Z56.025 E492.69444
G1 X16.881 Y-10.885 Z56.028 E493.02038
G1 X16.773 Y-10.501 Z56.029 E493.20797
G1 X16.325 Y-9.372 Z56.034 E493.77918
G1 X16.36 Y-9.312 E493.81184
G1 X16.216 Y-9.229 E493.89
G1 X16.132 Y-7.766 Z56.04 E494.57914
G1 X17.057 Y-6.721 Z56.045 E495.23543
G1 X18.065 Y-6.331 Z56.049 E495.74371
G1 X18.68 Y-6.156 Z56.051 E496.0444
G1 X19.203 Y-5.93 Z56.053 E496.31233
G1 X19.257 Y-5.5 Z56.055 E496.51614
G1 X19.426 Y-4.865 Z56.057 E496.82515
G1 X19.595 Y-4.465 Z56.059 E497.02936
G1 X19.218 Y-3.961 Z56.061 E497.32534
G1 X18.777 Y-3.502 Z56.5 E497.67078
G1 X18.141 Y-2.694 E498.13017
G1 X17.881 Y-1.312 E498.75841
G1 X18.677 Y-.117 E499.39987
G1 X18.824 Y-.117 E499.46555
G1 X18.824 Y-0.046 E499.49726
G1 X19.779 Y0.694 E500.03701
G1 X20.067 Y0.982 E500.21896
G1 X19.938 Y1.668 E500.53081
G1 X19.946 Y2.507 E500.88592
G1 X19.751 Y2.656 E500.98979
G1 X18.616 Y3.255 E501.53295
G1 X17.748 Y6.491 E502.95097
G1 X18.432 Y7.575 E503.49346
G1 X18.526 Y7.803 E503.59783
G1 X18.101 Y8.524 E503.93238
G1 X17.869 Y9.184 E504.21202
G1 X17.474 Y9.289 E504.37539
G1 X16.279 Y9.451 E504.85743
G1 X16.243 Y9.513 E504.88609
G1 X16.094 Y9.427 E504.95486
G1 X14.821 Y10.098 E505.53007
G1 X14.363 Y11.406 E506.08403
G1 X14.521 Y12.476 E506.51638
G1 X14.674 Y13.097 E506.77203
G1 X14.737 Y13.665 E506.98703
G1 X14.395 Y13.923 E507.1482
G1 X13.926 Y14.392 E507.39773
G1 X13.665 Y14.737 E507.56048
G1 X13.045 Y14.664 E507.79534
G1 X12.42 Y14.511 E508.03741
G1 X11.404 Y14.364 E508.42362
G1 X10.098 Y14.821 E508.94417
G1 X9.427 Y16.094 E509.48554
G1 X9.513 Y16.243 E509.55026
G1 X9.451 Y16.279 E509.57724
G1 X9.289 Y17.474 E510.00257
G1 X9.184 Y17.869 E510.14672
G1 X8.524 Y18.101 E510.39346
G1 X7.803 Y18.526 E510.68865
G1 X7.575 Y18.432 E510.77563
G1 X6.491 Y17.748 E511.2277
G1 X3.255 Y18.616 E512.3306
G1 X2.656 Y19.751 E512.75307
G1 X2.507 Y19.946 E512.83385
G1 X1.668 Y19.938 E513.11005
G1 X0.982 Y20.067 E513.33983
G1 X0.694 Y19.779 E513.4739
G1 X-0.046 Y18.824 E513.87161
G1 X-.117 Y18.824 E513.89498
G1 X-.117 Y18.677 E513.94337
G1 X-1.312 Y17.881 E514.41603
G1 X-2.696 Y18.141 E514.84648
G1 X-3.545 Y18.814 E515.17764
G1 X-4.004 Y19.255 E515.37221
G1 X-4.465 Y19.595 E515.5473
G1 X-4.865 Y19.426 E515.68003
G1 X-5.5 Y19.257 E515.88089
G1 X-5.931 Y19.203 E516.01367
G1 X-6.162 Y18.676 E516.18955
G1 X-6.358 Y18.009 E516.40205
G1 X-6.739 Y17.058 E516.71521
G1 X-7.79 Y16.154 E517.10636
G1 X-9.229 Y16.216 E517.51277
G1 X-9.312 Y16.36 E517.55966
G1 X-9.372 Y16.325 E517.57926
G1 X-10.495 Y16.782 E517.92136
G1 X-10.882 Y16.887 E518.0345
G1 X-11.413 Y16.432 E518.23181
G1 X-12.143 Y16.02 E518.46832
G1 X-12.175 Y15.776 E518.53776
G1 X-12.126 Y14.495 E518.89947
G1 X-14.495 Y12.126 E519.766
G1 X-15.776 Y12.175 E520.09757
G1 X-16.02 Y12.143 E520.16122
G1 X-16.432 Y11.413 E520.37802
G1 X-16.887 Y10.882 E520.55889
G1 X-16.782 Y10.495 E520.6626
G1 X-16.325 Y9.372 E520.97619
G1 X-16.36 Y9.312 E520.99252
G1 X-16.216 Y9.229 E521.0316
G1 X-16.154 Y7.79 E521.37027
G1 X-17.06 Y6.737 E521.6969
G1 X-18.066 Y6.338 E521.95137
G1 X-18.681 Y6.16 E522.10191
G1 X-19.203 Y5.931 E522.23594
G1 X-19.257 Y5.5 E522.33807
G1 X-19.426 Y4.865 E522.49258
G1 X-19.595 Y4.465 E522.59468
G1 X-19.218 Y3.961 E522.74267
G1 X-18.777 Y3.502 E522.87737
G1 X-18.141 Y2.694 E523.09498
G1 X-17.881 Y1.312 E523.39257
G1 X-18.677 Y0.117 E523.69642
G1 X-18.824 Y0.117 E523.72752
G1 X-18.824 Y0.046 E523.74255
G1 X-19.779 Y-.694 E523.99822
G1 X-20.067 Y-.982 E524.08441
G1 X-19.938 Y-1.668 E524.23212
G1 X-19.946 Y-2.507 E524.38995
G1 X-19.751 Y-2.656 E524.43611
G1 X-18.616 Y-3.255 E524.67752
G1 X-17.748 Y-6.491 E525.30775
G1 X-18.432 Y-7.575 E525.54886
G1 X-18.526 Y-7.803 E525.59525
G1 X-18.101 Y-8.524 E525.733
G1 X-17.869 Y-9.184 E525.84815
G1 X-17.474 Y-9.289 E525.91542
G1 X-16.279 Y-9.451 E526.1139
G1 X-16.243 Y-9.513 E526.1257
G1 X-16.094 Y-9.427 E526.15402
G1 X-14.821 Y-10.098 E526.39087
G1 X-14.363 Y-11.406 E526.61898
G1 X-14.521 Y-12.476 E526.797
G1 X-14.674 Y-13.097 E526.90227
G1 X-14.737 Y-13.665 E526.98289
G1 X-14.395 Y-13.923 E527.04333
G1 X-13.926 Y-14.392 E527.1369
G1 X-13.665 Y-14.737 E527.19793
G1 X-13.045 Y-14.664 E527.28601
G1 X-12.42 Y-14.511 E527.37679
G1 X-11.404 Y-14.364 E527.52161
G1 X-10.098 Y-14.821 E527.71682
G1 X-9.427 Y-16.094 E527.91983
G1 X-9.513 Y-16.243 E527.94411
G1 X-9.451 Y-16.279 E527.95422
G1 X-9.289 Y-17.474 E528.096
G1 X-9.184 Y-17.869 E528.14405
G1 X-8.524 Y-18.101 E528.2263
G1 X-7.803 Y-18.526 E528.32469
G1 X-7.575 Y-18.432 E528.35368
G1 X-6.491 Y-17.748 E528.50438
G1 X-3.255 Y-18.616
G1 X-2.656 Y-19.751
G1 X-2.507 Y-19.946
G1 X-1.668 Y-19.938
G1 X-.982 Y-20.067
G1 X-.694 Y-19.779
G1 X0.046 Y-18.824
G1 X0.117 Y-18.824
G1 X0.117 Y-18.677
G1 X1.312 Y-17.881
G1 X2.696 Y-18.141
;TIME_ELAPSED:550.175058
G1 F1500 E522.00438
M140 S0
M107
M104 S0
M140 S0
;Retract the filament
G92 E1
G1 E-1 F300
G28 X0 Y0
M84
M82 ;absolute extrusion mode
M104 S0
;End of Gcode
;SETTING_3 {"global_quality": "[general]\\nversion = 4\\nname = CuraProfile_3mm_
;SETTING_3 2laybase_40sec\\ndefinition = custom\\n\\n[metadata]\\ntype = quality
;SETTING_3 _changes\\nquality_type = extra coarse\\nsetting_version = 25\\n\\n[v
;SETTING_3 alues]\\nadhesion_type = none\\njerk_enabled = False\\nlayer_height =
;SETTING_3  1\\nlayer_height_0 = 0.5\\nmagic_spiralize = True\\n\\n", "extruder_
;SETTING_3 quality": ["[general]\\nversion = 4\\nname = CuraProfile_3mm_2laybase
;SETTING_3 _40sec\\ndefinition = custom\\n\\n[metadata]\\ntype = quality_changes
;SETTING_3 \\nquality_type = extra coarse\\nintent_category = default\\nposition
;SETTING_3  = 0\\nsetting_version = 25\\n\\n[values]\\nbottom_layers = 2\\nbotto
;SETTING_3 m_thickness = 1.3\\ninfill_sparse_density = 0\\nline_width = 3\\nmesh
;SETTING_3 fix_maximum_resolution = 1\\nretraction_hop = 1.0\\nretraction_hop_en
;SETTING_3 abled = True\\nspeed_layer_0 = 15.0\\nspeed_print = 40.0\\nspeed_trav
;SETTING_3 el = 30.0\\nspeed_wall = 40.0\\nspeed_wall_x = 30\\ntop_bottom_thickn
;SETTING_3 ess = 0\\ntop_layers = 0\\ntravel_avoid_other_parts = False\\nwall_li
;SETTING_3 ne_count = 3\\nwall_thickness = 3.0\\n\\n"]}
