;FLAVOR:Marlin
;TIME:507
;Filament used: 7.56353m
;Layer height: 1
;MINX:-27.358
;MINY:-27.358
;MINZ:0.5
;MAXX:27.358
;MAXY:27.358
;MAXZ:56.5
;TARGET_MACHINE.NAME:Unknown
;Generated with Cura_SteamEngine 5.11.0
M140 S60
M105
M190 S60
M104 S200
M105
M109 S200
G28 ;Home
M302 S0 ;Set cold extrusion
M92 E400 ;E Steps at 400 steps/mm M92 E-400 reverse
G1 Z15.0 F6000 ;Move the platform down 15mm
;Prime the extruder
G92 E0
G1 F200 E3
G92 E0
M82 ;absolute extrusion mode
G92 E0
G92 E0
G1 F1500 E-6.5
;LAYER_COUNT:56
;LAYER:0
M107
G1 F600 Z1.5
;MESH:ceramic_two_component_3mm_nozzle_v4.stl
G0 F675 X0.00 Y0.000 Z1.5
G0 X1.794 Y21.268
;TYPE:WALL-INNER
G1 F600 Z0.5
G1 F1500 E0
G1 F900 X3.022 Y21.128 E0.29061
G1 X4.523 Y20.868 E0.6488
G1 X6.278 Y20.409 E1.07534
G1 X7.745 Y19.887 E1.44146
G1 X8.866 Y19.417 E1.72728
G1 X9.944 Y18.885 E2.00993
G1 X11.015 Y18.281 E2.29905
G1 X12.056 Y17.612 E2.59001
G1 X13.016 Y16.916 E2.86882
G1 X13.96 Y16.144 E3.15555
G1 X15.094 Y15.104 E3.51735
G1 X16.127 Y13.98 E3.8763
G1 X16.887 Y13.052 E4.15834
G1 X17.785 Y11.819 E4.51699
G1 X18.588 Y10.487 E4.8827
G1 X19.287 Y9.166 E5.23411
G1 X19.996 Y7.491 E5.66179
G1 X20.482 Y5.998 E6.03097
G1 X20.784 Y4.855 E6.30895
G1 X21.089 Y3.35 E6.67002
G1 X21.3 Y1.527 E7.10153
G1 X21.353 Y-.295 E7.53012
G1 X21.268 Y-1.794 E7.88315
G1 X21.128 Y-3.022 E8.17376
G1 X20.868 Y-4.523 E8.53195
G1 X20.408 Y-6.281 E8.95923
G1 X19.887 Y-7.749 E9.32549
G1 X19.412 Y-8.868 E9.61133
G1 X18.881 Y-9.951 E9.89494
G1 X18.281 Y-11.014 E10.18195
G1 X17.612 Y-12.056 E10.47311
G1 X16.916 Y-13.016 E10.75192
G1 X16.144 Y-13.96 E11.03866
G1 X15.104 Y-15.094 E11.40045
G1 X13.976 Y-16.131 E11.76073
G1 X13.054 Y-16.888 E12.04123
G1 X11.823 Y-17.782 E12.39895
G1 X10.498 Y-18.581 E12.76277
G1 X9.164 Y-19.288 E13.11776
G1 X7.489 Y-19.997 E13.54544
G1 X6.012 Y-20.479 E13.91075
G1 X4.856 Y-20.784 E14.19187
G1 X3.35 Y-21.089 E14.55316
G1 X1.527 Y-21.3 E14.98467
G1 X-.295 Y-21.353 E15.41326
G1 X-1.794 Y-21.268 E15.76629
G1 X-3.022 Y-21.128 E16.0569
G1 X-4.523 Y-20.868 E16.41509
G1 X-6.278 Y-20.409 E16.84163
G1 X-7.745 Y-19.887 E17.20775
G1 X-8.866 Y-19.416 E17.49366
G1 X-9.944 Y-18.885 E17.77621
G1 X-11.015 Y-18.281 E18.06532
G1 X-12.056 Y-17.612 E18.35628
G1 X-13.016 Y-16.916 E18.63509
G1 X-13.96 Y-16.144 E18.92183
G1 X-15.095 Y-15.104 E19.2838
G1 X-16.131 Y-13.976 E19.64392
G1 X-16.888 Y-13.054 E19.92442
G1 X-17.783 Y-11.822 E20.28247
G1 X-18.588 Y-10.487 E20.64903
G1 X-19.287 Y-9.166 E21.00044
G1 X-19.996 Y-7.491 E21.42811
G1 X-20.481 Y-6.002 E21.79633
G1 X-20.781 Y-4.864 E22.07305
G1 X-21.09 Y-3.346 E22.4373
G1 X-21.3 Y-1.527 E22.86785
G1 X-21.353 Y0.292 E23.29573
G1 X-21.268 Y1.795 E23.6497
G1 X-21.128 Y3.022 E23.94008
G1 X-20.868 Y4.523 E24.29827
G1 X-20.409 Y6.278 E24.72481
G1 X-19.887 Y7.745 E25.09093
G1 X-19.417 Y8.866 E25.37674
G1 X-18.885 Y9.944 E25.6594
G1 X-18.278 Y11.019 E25.94968
G1 X-17.619 Y12.049 E26.23719
G1 X-16.918 Y13.013 E26.51746
G1 X-16.144 Y13.96 E26.80504
G1 X-15.104 Y15.094 E27.16683
G1 X-13.975 Y16.131 E27.52728
G1 X-13.054 Y16.887 E27.80745
G1 X-11.823 Y17.782 E28.16532
G1 X-10.498 Y18.581 E28.52913
G1 X-9.164 Y19.288 E28.88412
G1 X-7.489 Y19.997 E29.3118
G1 X-6.012 Y20.479 E29.67711
G1 X-4.856 Y20.784 E29.95823
G1 X-3.35 Y21.09 E30.31957
G1 X-1.527 Y21.3 E30.75105
G1 X0.295 Y21.353 E31.17964
G1 X1.794 Y21.268 E31.53267
G0 F675 X1.923 Y22.655
G0 X2.049 Y24.258
G1 F900 X3.448 Y24.099 E31.86374
G1 X5.16 Y23.802 E32.2723
G1 X7.162 Y23.279 E32.75883
G1 X8.829 Y22.686 E33.17486
G1 X10.111 Y22.147 E33.50185
G1 X11.346 Y21.539 E33.82553
G1 X12.564 Y20.852 E34.15433
G1 X13.748 Y20.09 E34.4854
G1 X14.848 Y19.293 E34.8048
G1 X15.924 Y18.412 E35.13179
G1 X17.216 Y17.229 E35.54369
G1 X18.394 Y15.946 E35.95324
G1 X19.261 Y14.887 E36.27505
G1 X20.287 Y13.48 E36.68449
G1 X21.2 Y11.964 E37.10061
G1 X21.999 Y10.455 E37.50209
G1 X22.809 Y8.542 E37.99056
G1 X23.361 Y6.847 E38.40971
G1 X23.707 Y5.537 E38.72829
G1 X24.055 Y3.821 E39.13999
G1 X24.295 Y1.743 E39.63185
G1 X24.356 Y-.337 E40.12113
G1 X24.258 Y-2.049 E40.52434
G1 X24.099 Y-3.448 E40.8554
G1 X23.802 Y-5.16 E41.26396
G1 X23.278 Y-7.164 E41.75101
G1 X22.684 Y-8.838 E42.16866
G1 X22.141 Y-10.116 E42.49516
G1 X21.536 Y-11.35 E42.81831
G1 X20.852 Y-12.564 E43.14595
G1 X20.09 Y-13.748 E43.47702
G1 X19.293 Y-14.848 E43.79642
G1 X18.412 Y-15.924 E44.12341
G1 X17.229 Y-17.216 E44.53531
G1 X15.944 Y-18.397 E44.94568
G1 X14.89 Y-19.262 E45.26628
G1 X13.483 Y-20.285 E45.67532
G1 X11.975 Y-21.193 E46.08921
G1 X10.453 Y-22 E46.49427
G1 X8.541 Y-22.809 E46.98243
G1 X6.862 Y-23.358 E47.39779
G1 X5.537 Y-23.707 E47.71996
G1 X3.821 Y-24.055 E48.13166
G1 X1.743 Y-24.295 E48.62352
G1 X-.337 Y-24.356 E49.1128
G1 X-2.049 Y-24.258 E49.51601
G1 X-3.448 Y-24.099 E49.84707
G1 X-5.16 Y-23.802 E50.25563
G1 X-7.162 Y-23.279 E50.74216
G1 X-8.829 Y-22.686 E51.15819
G1 X-10.111 Y-22.147 E51.48519
G1 X-11.346 Y-21.539 E51.80886
G1 X-12.564 Y-20.852 E52.13767
G1 X-13.748 Y-20.09 E52.46873
G1 X-14.848 Y-19.293 E52.78813
G1 X-15.924 Y-18.412 E53.11512
G1 X-17.217 Y-17.229 E53.5272
G1 X-18.397 Y-15.944 E53.93741
G1 X-19.262 Y-14.89 E54.25801
G1 X-20.286 Y-13.482 E54.66737
G1 X-21.2 Y-11.964 E55.08401
G1 X-21.999 Y-10.455 E55.48549
G1 X-22.808 Y-8.542 E55.97387
G1 X-23.361 Y-6.849 E56.39264
G1 X-23.703 Y-5.545 E56.70963
G1 X-24.055 Y-3.819 E57.12382
G1 X-24.295 Y-1.743 E57.6152
G1 X-24.356 Y0.333 E58.10355
G1 X-24.258 Y2.049 E58.50769
G1 X-24.099 Y3.448 E58.83876
G1 X-23.802 Y5.16 E59.24732
G1 X-23.279 Y7.162 E59.73385
G1 X-22.686 Y8.829 E60.14988
G1 X-22.147 Y10.111 E60.47687
G1 X-21.539 Y11.346 E60.80054
G1 X-20.85 Y12.567 E61.1302
G1 X-20.098 Y13.741 E61.45802
G1 X-19.295 Y14.846 E61.7792
G1 X-18.412 Y15.924 E62.10685
G1 X-17.229 Y17.216 E62.51875
G1 X-15.943 Y18.397 E62.92929
G1 X-14.89 Y19.262 E63.24971
G1 X-13.483 Y20.285 E63.65874
G1 X-11.975 Y21.193 E64.07264
G1 X-10.453 Y22 E64.4777
G1 X-8.541 Y22.809 E64.96586
G1 X-6.862 Y23.358 E65.38122
G1 X-5.537 Y23.707 E65.70339
G1 X-3.821 Y24.055 E66.11509
G1 X-1.743 Y24.295 E66.60695
G1 X0.337 Y24.356 E67.09623
G1 X2.049 Y24.258 E67.49944
G0 F675 X1.924 Y22.654
G0 X2.304 Y27.248
;TYPE:WALL-OUTER
G1 F900 X3.874 Y27.07 E67.87096
G1 X5.797 Y26.736 E68.32989
G1 X8.046 Y26.149 E68.87641
G1 X9.913 Y25.484 E69.34242
G1 X11.357 Y24.878 E69.71064
G1 X12.747 Y24.193 E70.075
G1 X14.113 Y23.422 E70.44382
G1 X15.441 Y22.568 E70.81507
G1 X16.68 Y21.671 E71.17473
G1 X17.889 Y20.681 E71.54216
G1 X19.338 Y19.353 E72.00431
G1 X20.662 Y17.912 E72.46444
G1 X21.636 Y16.722 E72.82602
G1 X22.789 Y15.141 E73.28612
G1 X23.813 Y13.441 E73.75276
G1 X24.711 Y11.743 E74.20441
G1 X25.621 Y9.594 E74.75314
G1 X26.24 Y7.695 E75.22278
G1 X26.63 Y6.219 E75.58175
G1 X27.021 Y4.292 E76.04408
G1 X27.29 Y1.959 E76.59628
G1 X27.358 Y-.379 E77.14625
G1 X27.248 Y-2.304 E77.59961
G1 X27.07 Y-3.874 E77.97114
G1 X26.736 Y-5.797 E78.43006
G1 X26.148 Y-8.046 E78.97665
G1 X25.481 Y-9.927 E79.44592
G1 X24.871 Y-11.364 E79.81299
G1 X24.192 Y-12.748 E80.17546
G1 X23.422 Y-14.113 E80.54396
G1 X22.568 Y-15.441 E80.91521
G1 X21.671 Y-16.68 E81.27487
G1 X20.681 Y-17.889 E81.64229
G1 X19.353 Y-19.338 E82.10444
G1 X17.912 Y-20.663 E82.56473
G1 X16.726 Y-21.636 E82.92544
G1 X15.142 Y-22.788 E83.38597
G1 X13.453 Y-23.805 E83.84955
G1 X11.743 Y-24.712 E84.30468
G1 X9.593 Y-25.621 E84.85354
G1 X7.711 Y-26.236 E85.31909
G1 X6.219 Y-26.63 E85.68193
G1 X4.292 Y-27.021 E86.14426
G1 X1.959 Y-27.29 E86.69646
G1 X-.379 Y-27.358 E87.24643
G1 X-2.304 Y-27.248 E87.6998
G1 X-3.874 Y-27.07 E88.07132
G1 X-5.797 Y-26.736 E88.53025
G1 X-8.046 Y-26.149 E89.07677
G1 X-9.913 Y-25.484 E89.54278
G1 X-11.357 Y-24.878 E89.911
G1 X-12.747 Y-24.193 E90.27536
G1 X-14.113 Y-23.422 E90.64418
G1 X-15.441 Y-22.568 E91.01543
G1 X-16.68 Y-21.671 E91.37509
G1 X-17.889 Y-20.681 E91.74252
G1 X-19.339 Y-19.353 E92.20484
G1 X-20.663 Y-17.912 E92.66497
G1 X-21.636 Y-16.726 E93.02568
G1 X-22.788 Y-15.142 E93.48621
G1 X-23.813 Y-13.441 E93.95317
G1 X-24.711 Y-11.743 E94.40482
G1 X-25.621 Y-9.594 E94.95356
G1 X-26.24 Y-7.696 E95.42297
G1 X-26.626 Y-6.227 E95.7801
G1 X-27.021 Y-4.291 E96.2447
G1 X-27.29 Y-1.959 E96.79666
G1 X-27.358 Y0.375 E97.34569
G1 X-27.248 Y2.304 E97.8
G1 X-27.07 Y3.874 E98.17152
G1 X-26.736 Y5.797 E98.63045
G1 X-26.149 Y8.046 E99.17698
G1 X-25.484 Y9.913 E99.64298
G1 X-24.878 Y11.357 E100.0112
G1 X-24.193 Y12.747 E100.37557
G1 X-23.422 Y14.114 E100.74459
G1 X-22.576 Y15.433 E101.11304
G1 X-21.671 Y16.679 E101.47514
G1 X-20.681 Y17.889 E101.84274
G1 X-19.353 Y19.338 E102.3049
G1 X-17.911 Y20.663 E102.76536
G1 X-16.726 Y21.636 E103.12588
G1 X-15.142 Y22.788 E103.58641
G1 X-13.453 Y23.805 E104.04999
G1 X-11.743 Y24.712 E104.50512
G1 X-9.593 Y25.621 E105.05398
G1 X-7.711 Y26.236 E105.51953
G1 X-6.219 Y26.63 E105.88237
G1 X-4.292 Y27.021 E106.3447
G1 X-1.959 Y27.29 E106.8969
G1 X0.379 Y27.358 E107.44687
G1 X2.304 Y27.248 E107.90024
G0 F675 X3.794 Y27.08
G0 X3.24 Y22.506
G0 X2.613 Y18.302
;TYPE:SKIN
G1 F900 X1.527 Y18.428 E108.15731
G1 X0.267 Y18.498 E108.45403
G1 X-1.312 Y18.454 E108.82545
G1 X-2.903 Y18.269 E109.20206
G1 X-4.215 Y18.002 E109.51688
G1 X-5.196 Y17.744 E109.75539
G1 X-6.493 Y17.321 E110.07616
G1 X-7.938 Y16.708 E110.44524
G1 X-9.084 Y16.101 E110.75016
G1 X-10.246 Y15.4 E111.06925
G1 X-11.307 Y14.632 E111.37723
G1 X-12.111 Y13.971 E111.62196
G1 X-13.08 Y13.08 E111.93148
G1 X-13.986 Y12.089 E112.2472
G1 X-14.672 Y11.254 E112.5013
G1 X-15.256 Y10.449 E112.73514
G1 X-15.835 Y9.548 E112.98697
G1 X-16.36 Y8.619 E113.23787
G1 X-16.826 Y7.67 E113.48646
G1 X-17.22 Y6.734 E113.72525
G1 X-17.68 Y5.431 E114.05016
G1 X-18.076 Y3.921 E114.41722
G1 X-18.302 Y2.613 E114.72932
G1 X-18.428 Y1.528 E114.98616
G1 X-18.498 Y0.259 E115.28499
G1 X-18.454 Y-1.311 E115.6543
G1 X-18.269 Y-2.895 E116.02928
G1 X-17.998 Y-4.237 E116.35119
G1 X-17.752 Y-5.176 E116.57943
G1 X-17.322 Y-6.492 E116.90497
G1 X-16.703 Y-7.943 E117.27589
G1 X-16.108 Y-9.075 E117.57659
G1 X-15.401 Y-10.249 E117.89882
G1 X-14.636 Y-11.298 E118.2041
G1 X-13.97 Y-12.112 E118.4514
G1 X-13.08 Y-13.08 E118.76059
G1 X-12.088 Y-13.986 E119.07648
G1 X-11.274 Y-14.656 E119.32437
G1 X-10.43 Y-15.268 E119.56951
G1 X-9.544 Y-15.835 E119.81684
G1 X-8.611 Y-16.365 E120.06914
G1 X-7.677 Y-16.822 E120.31364
G1 X-6.734 Y-17.22 E120.5543
G1 X-5.431 Y-17.68 E120.87921
G1 X-3.921 Y-18.076 E121.24627
G1 X-2.613 Y-18.302 E121.55838
G1 X-1.527 Y-18.428 E121.81544
G1 X-.267 Y-18.498 E122.11217
G1 X1.312 Y-18.454 E122.48359
G1 X2.903 Y-18.269 E122.8602
G1 X4.216 Y-18.002 E123.17525
G1 X5.2 Y-17.744 E123.41444
G1 X6.493 Y-17.322 E123.73425
G1 X7.938 Y-16.708 E124.10341
G1 X9.084 Y-16.102 E124.40823
G1 X10.259 Y-15.392 E124.73103
G1 X11.294 Y-14.644 E125.03129
G1 X12.119 Y-13.963 E125.28283
G1 X13.073 Y-13.091 E125.58673
G1 X13.985 Y-12.089 E125.90531
G1 X14.656 Y-11.274 E126.15354
G1 X15.268 Y-10.43 E126.39867
G1 X15.834 Y-9.546 E126.64548
G1 X16.356 Y-8.619 E126.89563
G1 X16.827 Y-7.664 E127.14601
G1 X17.221 Y-6.732 E127.38393
G1 X17.68 Y-5.434 E127.70765
G1 X18.076 Y-3.921 E128.07539
G1 X18.302 Y-2.613 E128.3875
G1 X18.428 Y-1.527 E128.64456
G1 X18.498 Y-.267 E128.94129
G1 X18.454 Y1.31 E129.31223
G1 X18.265 Y2.908 E129.69059
G1 X18.005 Y4.209 E130.00255
G1 X17.744 Y5.199 E130.24328
G1 X17.326 Y6.481 E130.56034
G1 X16.703 Y7.947 E130.93488
G1 X16.109 Y9.073 E131.23422
G1 X15.404 Y10.241 E131.555
G1 X14.625 Y11.313 E131.86659
G1 X13.971 Y12.107 E132.10846
G1 X13.082 Y13.077 E132.41784
G1 X12.092 Y13.982 E132.73322
G1 X11.274 Y14.656 E132.98244
G1 X10.434 Y15.264 E133.22626
G1 X9.544 Y15.835 E133.47489
G1 X8.611 Y16.365 E133.7272
G1 X7.677 Y16.822 E133.97169
G1 X6.734 Y17.22 E134.21236
G1 X5.431 Y17.68 E134.53727
G1 X3.921 Y18.076 E134.90432
G1 X2.613 Y18.302 E135.21643
G0 F675 X-4.974 Y16.239
G1 F900 X-16.252 Y4.961 E138.96667
G0 F675 X-16.99 Y-0.02
G1 F900 X0.02 Y16.99 E144.62295
G0 F675 X3.823 Y16.551
G1 F900 X-16.551 Y-3.823 E151.39785
G0 F675 X-15.478 Y-6.993
G1 F900 X6.978 Y15.463 E158.86507
G0 F675 X9.7 Y13.943
G1 F900 X-13.944 Y-9.702 E166.7275
G0 F675 X-12.018 Y-12.018
G1 F900 X12.017 Y12.017 E174.71979
G0 F675 X13.943 Y9.7
G1 F900 X-9.701 Y-13.943 E182.58188
G0 F675 X-6.978 Y-15.463
G1 F900 X15.479 Y6.993 E190.04927
G0 F675 X16.553 Y3.825
G1 F900 X-3.823 Y-16.551 E196.82484
G0 F675 X-0.02 Y-16.99
G1 F900 X16.99 Y0.02 E202.48112
G0 F675 X16.254 Y-4.959
G1 F900 X4.973 Y-16.24 E206.23235
G1 X4.443 Y-16.77
;MESH:NONMESH
G0 F600 X4.443 Y-16.77 Z1.5
G0 F675 X1.359 Y6.193
;TIME_ELAPSED:71.375611
;LAYER:1
M106 S255
;TYPE:WALL-INNER
;MESH:ceramic_two_component_3mm_nozzle_v4.stl
G1 F1350 X2.299 Y5.906 E206.69455
G1 X3.263 Y5.433 E207.19951
G1 X3.889 Y5.006 E207.55586
G1 X4.484 Y4.484 E207.92808
G1 X5.232 Y3.576 E208.48131
G1 X5.61 Y2.95 E208.8252
G1 X5.941 Y2.218 E209.203
G1 X6.107 Y1.706 E209.45611
G1 X6.286 Y0.819 E209.88164
G1 X6.327 Y0.342 E210.10678
G1 X6.325 Y-.432 E210.47077
G1 X6.193 Y-1.359 E210.9111
G1 X5.903 Y-2.312 E211.37955
G1 X5.616 Y-2.94 E211.70426
G1 X5.222 Y-3.593 E212.06291
G1 X4.484 Y-4.484 E212.60698
G1 X3.889 Y-5.006 E212.9792
G1 X3.261 Y-5.433 E213.33633
G1 X2.638 Y-5.762 E213.66765
G1 X1.706 Y-6.106 E214.13484
G1 X0.814 Y-6.288 E214.56295
G1 X-.432 Y-6.325 E215.14916
G1 X-1.359 Y-6.193 E215.58949
G1 X-2.299 Y-5.906 E216.05169
G1 X-2.95 Y-5.609 E216.38818
G1 X-3.595 Y-5.219 E216.74264
G1 X-4.129 Y-4.81 E217.05895
G1 X-4.81 Y-4.129 E217.51186
G1 X-5.221 Y-3.592 E217.82986
G1 X-5.615 Y-2.94 E218.18811
G1 X-5.939 Y-2.223 E218.55812
G1 X-6.106 Y-1.706 E218.81361
G1 X-6.287 Y-.819 E219.23933
G1 X-6.325 Y0.432 E219.82791
G1 X-6.193 Y1.359 E220.26824
G1 X-5.906 Y2.299 E220.73043
G1 X-5.609 Y2.95 E221.06693
G1 X-5.233 Y3.577 E221.41074
G1 X-4.484 Y4.484 E221.9639
G1 X-3.889 Y5.006 E222.33613
G1 X-3.261 Y5.433 E222.69325
G1 X-2.638 Y5.763 E223.02479
G1 X-1.706 Y6.107 E223.49198
G1 X-.814 Y6.288 E223.92
G1 X0.433 Y6.325 E224.50668
G1 X1.359 Y6.193 E224.94654
G0 F1237.5 X0.648 Y9.32
G1 F1350 X1.995 Y9.128 E225.58639
G1 X2.75 Y8.93 E225.95345
G1 X3.388 Y8.703 E226.2719
G1 X4.351 Y8.263 E226.7698
G1 X5.287 Y7.697 E227.28418
G1 X6.095 Y7.077 E227.76313
G1 X6.607 Y6.607 E228.08997
G1 X7.067 Y6.106 E228.40982
G1 X7.71 Y5.27 E228.9058
G1 X8.264 Y4.351 E229.41042
G1 X8.754 Y3.269 E229.96899
G1 X8.999 Y2.511 E230.34361
G1 X9.265 Y1.204 E230.97084
G1 X9.339 Y-0.003 E231.53952
G1 X9.32 Y-.648 E231.84297
G1 X9.128 Y-1.995 E232.48282
G1 X8.928 Y-2.758 E232.85375
G1 X8.699 Y-3.402 E233.17518
G1 X8.269 Y-4.342 E233.66128
G1 X7.7 Y-5.285 E234.17922
G1 X7.077 Y-6.095 E234.65977
G1 X6.607 Y-6.607 E234.98661
G1 X6.095 Y-7.077 E235.31345
G1 X5.287 Y-7.697 E235.79239
G1 X4.351 Y-8.264 E236.30702
G1 X3.268 Y-8.753 E236.86583
G1 X2.511 Y-8.999 E237.24014
G1 X1.199 Y-9.266 E237.86977
G1 X-0.001 Y-9.339 E238.43513
G1 X-.648 Y-9.32 E238.73953
G1 X-1.995 Y-9.128 E239.37937
G1 X-2.75 Y-8.93 E239.74643
G1 X-3.389 Y-8.703 E240.06533
G1 X-4.351 Y-8.263 E240.56279
G1 X-5.288 Y-7.698 E241.07734
G1 X-6.095 Y-7.078 E241.55591
G1 X-6.607 Y-6.607 E241.88307
G1 X-7.077 Y-6.095 E242.20991
G1 X-7.7 Y-5.284 E242.69084
G1 X-7.998 Y-4.82 E242.95016
G1 X-8.49 Y-3.893 E243.44369
G1 X-8.752 Y-3.273 E243.76022
G1 X-8.999 Y-2.511 E244.13692
G1 X-9.265 Y-1.204 E244.76415
G1 X-9.339 Y0.003 E245.33283
G1 X-9.32 Y0.648 E245.63628
G1 X-9.128 Y1.995 E246.27613
G1 X-8.93 Y2.75 E246.64318
G1 X-8.703 Y3.388 E246.96164
G1 X-8.263 Y4.351 E247.45953
G1 X-7.71 Y5.271 E247.96432
G1 X-7.067 Y6.106 E248.45992
G1 X-6.607 Y6.607 E248.77977
G1 X-6.095 Y7.077 E249.10661
G1 X-5.287 Y7.697 E249.58556
G1 X-4.351 Y8.264 E250.10019
G1 X-3.269 Y8.754 E250.65876
G1 X-2.511 Y8.999 E251.03337
G1 X-1.199 Y9.266 E251.66301
G1 X0.001 Y9.339 E252.22837
G1 X0.648 Y9.32 E252.53276
G0 F1237.5 X0.863 Y12.315
G1 F1350 X2.63 Y12.063 E253.37212
G1 X3.636 Y11.799 E253.86123
G1 X4.478 Y11.499 E254.28157
G1 X5.753 Y10.918 E254.94048
G1 X6.98 Y10.176 E255.61479
G1 X8.061 Y9.345 E256.25599
G1 X8.73 Y8.73 E256.68334
G1 X9.336 Y8.07 E257.1047
G1 X10.188 Y6.964 E257.76124
G1 X10.918 Y5.752 E258.4266
G1 X11.567 Y4.319 E259.16638
G1 X11.892 Y3.315 E259.66264
G1 X12.243 Y1.588 E260.49139
G1 X12.34 Y-0.003 E261.24097
G1 X12.315 Y-.863 E261.64557
G1 X12.213 Y-1.763 E262.07152
G1 X12.063 Y-2.631 E262.48576
G1 X11.798 Y-3.642 E262.97726
G1 X11.495 Y-4.492 E263.40162
G1 X10.922 Y-5.745 E264.04955
G1 X10.179 Y-6.977 E264.72612
G1 X9.345 Y-8.061 E265.3693
G1 X8.73 Y-8.73 E265.79664
G1 X8.061 Y-9.345 E266.22398
G1 X6.98 Y-10.176 E266.86519
G1 X5.752 Y-10.918 E267.53991
G1 X4.319 Y-11.566 E268.27949
G1 X3.315 Y-11.892 E268.7759
G1 X1.584 Y-12.244 E269.60659
G1 X-0.001 Y-12.34 E270.35332
G1 X-.863 Y-12.315 E270.75886
G1 X-2.63 Y-12.063 E271.59822
G1 X-3.636 Y-11.799 E272.08733
G1 X-4.478 Y-11.499 E272.50767
G1 X-5.753 Y-10.918 E273.16658
G1 X-6.98 Y-10.176 E273.84089
G1 X-8.061 Y-9.345 E274.4821
G1 X-8.73 Y-8.73 E274.90944
G1 X-9.345 Y-8.061 E275.33678
G1 X-10.178 Y-6.976 E275.98005
G1 X-10.922 Y-5.745 E276.65646
G1 X-11.566 Y-4.322 E277.39098
G1 X-11.892 Y-3.315 E277.88874
G1 X-12.244 Y-1.588 E278.71758
G1 X-12.341 Y0.003 E279.46716
G1 X-12.315 Y0.863 E279.87177
G1 X-12.063 Y2.63 E280.71114
G1 X-11.799 Y3.636 E281.20024
G1 X-11.499 Y4.478 E281.62058
G1 X-10.918 Y5.753 E282.27949
G1 X-10.188 Y6.964 E282.94445
G1 X-9.336 Y8.07 E283.60099
G1 X-8.73 Y8.73 E284.02235
G1 X-8.061 Y9.345 E284.44969
G1 X-6.98 Y10.176 E285.0909
G1 X-5.752 Y10.918 E285.76561
G1 X-4.319 Y11.567 E286.50539
G1 X-3.315 Y11.892 E287.00166
G1 X-1.584 Y12.244 E287.83235
G1 X0.001 Y12.341 E288.57911
G1 X0.863 Y12.315 E288.98466
G0 F1237.5 X2.189 Y15.183
G1 F1350 X3.266 Y14.997 E289.49863
G1 X4.522 Y14.668 E290.10921
G1 X5.568 Y14.296 E290.63129
G1 X7.154 Y13.572 E291.45116
G1 X7.917 Y13.14 E291.8635
G1 X9.383 Y12.139 E292.69828
G1 X10.027 Y11.612 E293.08961
G1 X10.853 Y10.853 E293.61714
G1 X11.605 Y10.035 E294.13967
G1 X12.665 Y8.658 E294.95686
G1 X13.572 Y7.154 E295.7828
G1 X13.952 Y6.38 E296.18828
G1 X14.38 Y5.369 E296.70457
G1 X14.785 Y4.12 E297.32203
G1 X15.033 Y3.056 E297.83581
G1 X15.221 Y1.973 E298.35272
G1 X15.316 Y0.855 E298.88037
G1 X15.341 Y-0.002 E299.28356
G1 X15.31 Y-1.078 E299.78977
G1 X15.183 Y-2.189 E300.31564
G1 X14.997 Y-3.266 E300.82961
G1 X14.667 Y-4.527 E301.44258
G1 X14.292 Y-5.582 E301.96912
G1 X13.576 Y-7.148 E302.77887
G1 X12.658 Y-8.669 E303.61433
G1 X11.612 Y-10.027 E304.42043
G1 X10.853 Y-10.853 E304.94795
G1 X10.027 Y-11.612 E305.47548
G1 X9.383 Y-12.139 E305.8668
G1 X7.917 Y-13.139 E306.70133
G1 X7.153 Y-13.572 E307.1143
G1 X6.379 Y-13.951 E307.51958
G1 X5.369 Y-14.38 E308.03562
G1 X4.119 Y-14.785 E308.65353
G1 X3.056 Y-15.033 E309.16684
G1 X1.97 Y-15.222 E309.68523
G1 X0.865 Y-15.316 E310.20675
G1 X-0.001 Y-15.341 E310.61416
G1 X-1.078 Y-15.31 E311.12085
G1 X-2.188 Y-15.183 E311.64625
G1 X-3.266 Y-14.997 E312.16068
G1 X-4.522 Y-14.668 E312.77126
G1 X-5.568 Y-14.296 E313.29334
G1 X-7.154 Y-13.572 E314.11321
G1 X-8.672 Y-12.654 E314.94746
G1 X-10.028 Y-11.612 E315.75166
G1 X-10.853 Y-10.853 E316.27884
G1 X-11.612 Y-10.027 E316.80637
G1 X-12.142 Y-9.38 E317.19968
G1 X-13.137 Y-7.921 E318.03016
G1 X-13.949 Y-6.388 E318.84596
G1 X-14.379 Y-5.372 E319.36478
G1 X-14.785 Y-4.12 E319.98373
G1 X-15.033 Y-3.056 E320.49751
G1 X-15.222 Y-1.973 E321.0145
G1 X-15.317 Y-.855 E321.54215
G1 X-15.342 Y0.002 E321.94534
G1 X-15.31 Y1.078 E322.45156
G1 X-15.183 Y2.189 E322.97743
G1 X-14.997 Y3.266 E323.4914
G1 X-14.668 Y4.522 E324.10198
G1 X-14.296 Y5.568 E324.62406
G1 X-13.572 Y7.154 E325.44393
G1 X-12.666 Y8.658 E326.26963
G1 X-11.605 Y10.035 E327.08711
G1 X-10.853 Y10.853 E327.60964
G1 X-10.027 Y11.612 E328.13716
G1 X-9.383 Y12.139 E328.52849
G1 X-7.917 Y13.139 E329.36301
G1 X-6.38 Y13.952 E330.1807
G1 X-5.369 Y14.38 E330.69698
G1 X-4.12 Y14.785 E331.31445
G1 X-3.056 Y15.033 E331.82822
G1 X-1.97 Y15.222 E332.3466
G1 X-.865 Y15.316 E332.86812
G1 X0.001 Y15.342 E333.27555
G1 X1.079 Y15.31 E333.78272
G1 X2.189 Y15.183 E334.30812
G0 F1237.5 X2.614 Y18.154
G1 F1350 X3.902 Y17.932 E334.92275
G1 X5.408 Y17.537 E335.65492
G1 X6.658 Y17.092 E336.27889
G1 X7.628 Y16.68 E336.77449
G1 X8.555 Y16.226 E337.2599
G1 X9.469 Y15.709 E337.75372
G1 X10.364 Y15.133 E338.25423
G1 X11.214 Y14.517 E338.74789
G1 X11.993 Y13.879 E339.22141
G1 X12.976 Y12.976 E339.84912
G1 X13.874 Y11.999 E340.47316
G1 X14.52 Y11.206 E340.95415
G1 X15.143 Y10.351 E341.45165
G1 X15.704 Y9.475 E341.94083
G1 X16.226 Y8.555 E342.43827
G1 X16.682 Y7.627 E342.92451
G1 X17.193 Y6.419 E343.54132
G1 X17.678 Y4.924 E344.28044
G1 X17.974 Y3.654 E344.89368
G1 X18.2 Y2.357 E345.5128
G1 X18.312 Y1.025 E346.14141
G1 X18.343 Y-0.002 E346.62459
G1 X18.305 Y-1.294 E347.23243
G1 X18.154 Y-2.614 E347.85723
G1 X17.932 Y-3.902 E348.47186
G1 X17.536 Y-5.411 E349.20552
G1 X17.088 Y-6.672 E349.83483
G1 X16.681 Y-7.631 E350.32475
G1 X16.229 Y-8.55 E350.80636
G1 X15.707 Y-9.472 E351.30462
G1 X15.136 Y-10.361 E351.80149
G1 X14.519 Y-11.212 E352.2958
G1 X13.88 Y-11.994 E352.77071
G1 X12.976 Y-12.976 E353.39839
G1 X11.993 Y-13.879 E354.0261
G1 X11.214 Y-14.517 E354.49961
G1 X10.364 Y-15.133 E354.99327
G1 X9.468 Y-15.708 E355.49393
G1 X8.555 Y-16.226 E355.98757
G1 X7.627 Y-16.681 E356.47361
G1 X6.419 Y-17.193 E357.0906
G1 X4.924 Y-17.678 E357.82972
G1 X3.654 Y-17.974 E358.44296
G1 X2.355 Y-18.2 E359.06301
G1 X1.036 Y-18.312 E359.68552
G1 X-0.001 Y-18.343 E360.1734
G1 X-1.294 Y-18.305 E360.78172
G1 X-2.614 Y-18.154 E361.40651
G1 X-3.902 Y-17.932 E362.02114
G1 X-5.408 Y-17.537 E362.75332
G1 X-6.658 Y-17.092 E363.37729
G1 X-7.628 Y-16.68 E363.87288
G1 X-8.555 Y-16.226 E364.35829
G1 X-9.469 Y-15.708 E364.85234
G1 X-10.364 Y-15.133 E365.3526
G1 X-11.214 Y-14.517 E365.84626
G1 X-11.994 Y-13.88 E366.31984
G1 X-12.976 Y-12.976 E366.94752
G1 X-13.88 Y-11.994 E367.57521
G1 X-14.519 Y-11.212 E368.05011
G1 X-15.136 Y-10.361 E368.54443
G1 X-15.706 Y-9.472 E369.04104
G1 X-16.229 Y-8.55 E369.53953
G1 X-16.678 Y-7.636 E370.01841
G1 X-17.193 Y-6.422 E370.63856
G1 X-17.678 Y-4.924 E371.37901
G1 X-17.974 Y-3.654 E371.99225
G1 X-18.2 Y-2.357 E372.61138
G1 X-18.313 Y-1.025 E373.24002
G1 X-18.343 Y0.002 E373.72319
G1 X-18.305 Y1.294 E374.33103
G1 X-18.154 Y2.614 E374.95583
G1 X-17.932 Y3.902 E375.57046
G1 X-17.537 Y5.408 E376.30263
G1 X-17.092 Y6.658 E376.9266
G1 X-16.68 Y7.628 E377.4222
G1 X-16.226 Y8.555 E377.9076
G1 X-15.705 Y9.476 E378.40521
G1 X-15.143 Y10.352 E378.89466
G1 X-14.52 Y11.206 E379.39177
G1 X-13.874 Y11.999 E379.87276
G1 X-12.976 Y12.976 E380.4968
G1 X-11.993 Y13.879 E381.12451
G1 X-11.214 Y14.517 E381.59803
G1 X-10.364 Y15.133 E382.09169
G1 X-9.468 Y15.708 E382.59235
G1 X-8.555 Y16.226 E383.08599
G1 X-7.627 Y16.682 E383.57223
G1 X-6.419 Y17.193 E384.18905
G1 X-4.924 Y17.678 E384.92816
G1 X-3.654 Y17.974 E385.5414
G1 X-2.355 Y18.2 E386.16145
G1 X-1.036 Y18.313 E386.784
G1 X0.001 Y18.343 E387.27187
G1 X1.294 Y18.305 E387.88018
G1 X2.614 Y18.154 E388.50498
G0 F1237.5 X1.509 Y21.3
G1 F1350 X3.04 Y21.125 E389.22964
G1 X4.538 Y20.867 E389.94447
G1 X6.293 Y20.407 E390.79766
G1 X7.747 Y19.888 E391.52368
G1 X8.875 Y19.41 E392.0998
G1 X9.956 Y18.88 E392.66597
G1 X11.021 Y18.277 E393.2415
G1 X12.057 Y17.611 E393.82068
G1 X13.045 Y16.895 E394.39448
G1 X13.96 Y16.147 E394.95026
G1 X15.1 Y15.1 E395.67815
G1 X16.143 Y13.964 E396.40338
G1 X16.897 Y13.039 E396.96459
G1 X17.621 Y12.045 E397.54288
G1 X18.274 Y11.025 E398.11242
G1 X18.88 Y9.956 E398.69029
G1 X19.411 Y8.874 E399.25709
G1 X20.007 Y7.47 E399.97437
G1 X20.571 Y5.728 E400.83543
G1 X20.915 Y4.252 E401.54814
G1 X21.178 Y2.742 E402.26893
G1 X21.309 Y1.196 E402.99857
G1 X21.344 Y-0.002 E403.56218
G1 X21.3 Y-1.509 E404.27117
G1 X21.125 Y-3.04 E404.99584
G1 X20.867 Y-4.538 E405.71066
G1 X20.406 Y-6.296 E406.56534
G1 X19.885 Y-7.762 E407.29699
G1 X19.41 Y-8.88 E407.86823
G1 X18.882 Y-9.953 E408.4306
G1 X18.276 Y-11.023 E409.00888
G1 X17.615 Y-12.053 E409.58442
G1 X16.896 Y-13.044 E410.16019
G1 X16.147 Y-13.96 E410.71662
G1 X15.1 Y-15.1 E411.44451
G1 X13.96 Y-16.147 E412.17241
G1 X13.045 Y-16.895 E412.72818
G1 X12.057 Y-17.611 E413.30198
G1 X11.02 Y-18.277 E413.88156
G1 X9.956 Y-18.88 E414.45668
G1 X8.874 Y-19.411 E415.02348
G1 X7.47 Y-20.006 E415.74057
G1 X5.728 Y-20.571 E416.60178
G1 X4.252 Y-20.915 E417.3145
G1 X2.74 Y-21.178 E418.03621
G1 X1.207 Y-21.309 E418.75975
G1 X-0.001 Y-21.344 E419.32807
G1 X-1.509 Y-21.3 E420.03753
G1 X-3.04 Y-21.125 E420.76219
G1 X-4.538 Y-20.867 E421.47702
G1 X-6.293 Y-20.407 E422.33021
G1 X-7.747 Y-19.888 E423.05623
G1 X-8.875 Y-19.41 E423.63235
G1 X-9.956 Y-18.88 E424.19852
G1 X-11.02 Y-18.277 E424.77365
G1 X-12.057 Y-17.611 E425.35322
G1 X-13.045 Y-16.895 E425.92702
G1 X-13.96 Y-16.147 E426.48279
G1 X-15.1 Y-15.1 E427.21069
G1 X-16.147 Y-13.96 E427.93858
G1 X-16.896 Y-13.044 E428.49501
G1 X-17.615 Y-12.053 E429.07078
G1 X-18.276 Y-11.023 E429.64632
G1 X-18.882 Y-9.953 E430.2246
G1 X-19.408 Y-8.884 E430.78487
G1 X-20.006 Y-7.471 E431.50641
G1 X-20.571 Y-5.728 E432.36807
G1 X-20.915 Y-4.252 E433.08078
G1 X-21.178 Y-2.742 E433.80157
G1 X-21.309 Y-1.196 E434.5312
G1 X-21.344 Y0.002 E435.09482
G1 X-21.3 Y1.509 E435.80381
G1 X-21.125 Y3.04 E436.52847
G1 X-20.867 Y4.538 E437.2433
G1 X-20.407 Y6.293 E438.09649
G1 X-19.888 Y7.747 E438.82251
G1 X-19.41 Y8.875 E439.39863
G1 X-18.88 Y9.956 E439.9648
G1 X-18.275 Y11.025 E440.54243
G1 X-17.621 Y12.045 E441.11223
G1 X-16.897 Y13.039 E441.69053
G1 X-16.143 Y13.964 E442.25173
G1 X-15.1 Y15.1 E442.97696
G1 X-13.96 Y16.147 E443.70486
G1 X-13.045 Y16.895 E444.26063
G1 X-12.057 Y17.611 E444.83443
G1 X-11.02 Y18.277 E445.414
G1 X-9.956 Y18.88 E445.98913
G1 X-8.874 Y19.411 E446.55593
G1 X-7.47 Y20.007 E447.2732
G1 X-5.728 Y20.571 E448.13427
G1 X-4.252 Y20.915 E448.84698
G1 X-2.74 Y21.178 E449.5687
G1 X-1.207 Y21.309 E450.29224
G1 X0.001 Y21.344 E450.86056
G1 X1.509 Y21.3 E451.57002
G0 F1237.5 X1.629 Y22.69
G0 X1.725 Y24.295
G1 F1350 X3.465 Y24.095 E452.39366
G1 X5.174 Y23.801 E453.20915
G1 X7.179 Y23.276 E454.18382
G1 X8.837 Y22.685 E455.01157
G1 X10.122 Y22.14 E455.66796
G1 X11.358 Y21.534 E456.31531
G1 X12.572 Y20.846 E456.97152
G1 X13.749 Y20.09 E457.62936
G1 X14.877 Y19.273 E458.28434
G1 X15.926 Y18.414 E458.92194
G1 X17.223 Y17.223 E459.75002
G1 X18.412 Y15.929 E460.57642
G1 X19.274 Y14.871 E461.21819
G1 X20.099 Y13.739 E461.8769
G1 X20.844 Y12.575 E462.5268
G1 X21.534 Y11.358 E463.1847
G1 X22.141 Y10.121 E463.83268
G1 X22.82 Y8.52 E464.65049
G1 X23.464 Y6.533 E465.63275
G1 X23.856 Y4.85 E466.44539
G1 X24.156 Y3.127 E467.26785
G1 X24.305 Y1.367 E468.09847
G1 X24.345 Y-0.001 E468.74207
G1 X24.295 Y-1.724 E469.55267
G1 X24.095 Y-3.465 E470.37679
G1 X23.801 Y-5.174 E471.19227
G1 X23.275 Y-7.181 E472.16797
G1 X22.681 Y-8.852 E473.00195
G1 X22.138 Y-10.13 E473.65495
G1 X21.536 Y-11.356 E474.29725
G1 X20.845 Y-12.574 E474.95578
G1 X20.094 Y-13.745 E475.60998
G1 X19.274 Y-14.876 E476.26693
G1 X18.414 Y-15.926 E476.90519
G1 X17.223 Y-17.223 E477.73327
G1 X15.926 Y-18.414 E478.56135
G1 X14.877 Y-19.273 E479.19895
G1 X13.749 Y-20.09 E479.85393
G1 X12.572 Y-20.846 E480.51177
G1 X11.357 Y-21.534 E481.16839
G1 X10.121 Y-22.141 E481.81594
G1 X8.52 Y-22.82 E482.63375
G1 X6.533 Y-23.464 E483.61601
G1 X4.85 Y-23.856 E484.42865
G1 X3.126 Y-24.156 E485.25157
G1 X1.379 Y-24.305 E486.07611
G1 X-0.001 Y-24.345 E486.72534
G1 X-1.724 Y-24.295 E487.53595
G1 X-3.465 Y-24.095 E488.36006
G1 X-5.174 Y-23.801 E489.17555
G1 X-7.179 Y-23.276 E490.15022
G1 X-8.837 Y-22.685 E490.97797
G1 X-10.122 Y-22.14 E491.63436
G1 X-11.358 Y-21.534 E492.28171
G1 X-12.572 Y-20.846 E492.93791
G1 X-13.749 Y-20.09 E493.59576
G1 X-14.877 Y-19.273 E494.25074
G1 X-15.926 Y-18.414 E494.88834
G1 X-17.223 Y-17.223 E495.71641
G1 X-18.414 Y-15.926 E496.54449
G1 X-19.274 Y-14.876 E497.18275
G1 X-20.093 Y-13.745 E497.83943
G1 X-20.845 Y-12.573 E498.49427
G1 X-21.535 Y-11.356 E499.15217
G1 X-22.137 Y-10.132 E499.79363
G1 X-22.819 Y-8.521 E500.61631
G1 X-23.464 Y-6.533 E501.59917
G1 X-23.856 Y-4.85 E502.41181
G1 X-24.156 Y-3.127 E503.23427
G1 X-24.305 Y-1.367 E504.06489
G1 X-24.346 Y0.001 E504.7085
G1 X-24.295 Y1.724 E505.51912
G1 X-24.095 Y3.465 E506.34323
G1 X-23.801 Y5.174 E507.15872
G1 X-23.276 Y7.179 E508.13339
G1 X-22.685 Y8.837 E508.96114
G1 X-22.14 Y10.122 E509.61753
G1 X-21.534 Y11.358 E510.26488
G1 X-20.845 Y12.575 E510.92255
G1 X-20.099 Y13.739 E511.5727
G1 X-19.274 Y14.871 E512.23142
G1 X-18.412 Y15.929 E512.87319
G1 X-17.223 Y17.223 E513.69959
G1 X-15.926 Y18.414 E514.52767
G1 X-14.877 Y19.273 E515.16526
G1 X-13.749 Y20.09 E515.82024
G1 X-12.572 Y20.846 E516.47809
G1 X-11.358 Y21.534 E517.13429
G1 X-10.121 Y22.141 E517.78227
G1 X-8.52 Y22.82 E518.60008
G1 X-6.533 Y23.464 E519.58234
G1 X-4.85 Y23.856 E520.39498
G1 X-3.126 Y24.156 E521.2179
G1 X-1.379 Y24.305 E522.04244
G1 X0.001 Y24.346 E522.69169
G1 X1.725 Y24.295 E523.50278
G0 F1237.5 X1.63 Y22.689
G0 X1.94 Y27.29
;TYPE:WALL-OUTER
G1 F1650 X3.891 Y27.066 E524.42629
G1 X5.81 Y26.736 E525.34197
G1 X8.065 Y26.145 E526.43823
G1 X9.927 Y25.481 E527.36787
G1 X11.368 Y24.87 E528.10392
G1 X12.759 Y24.188 E528.83245
G1 X14.124 Y23.415 E529.57015
G1 X15.441 Y22.568 E530.30651
G1 X16.708 Y21.651 E531.04202
G1 X17.892 Y20.682 E531.76151
G1 X19.346 Y19.346 E532.69009
G1 X20.681 Y17.893 E533.618
G1 X21.651 Y16.703 E534.33997
G1 X22.577 Y15.433 E535.07911
G1 X23.414 Y14.125 E535.80937
G1 X24.188 Y12.759 E536.5477
G1 X24.871 Y11.368 E537.27644
G1 X25.633 Y9.57 E538.19478
G1 X26.357 Y7.337 E539.29869
G1 X26.797 Y5.448 E540.2108
G1 X27.134 Y3.511 E541.13538
G1 X27.301 Y1.538 E542.06653
G1 X27.347 Y-0.001 E542.79059
G1 X27.29 Y-1.94 E543.70283
G1 X27.066 Y-3.891 E544.62634
G1 X26.736 Y-5.81 E545.54202
G1 X26.145 Y-8.065 E546.63828
G1 X25.477 Y-9.942 E547.5752
G1 X24.867 Y-11.379 E548.30934
G1 X24.189 Y-12.758 E549.03197
G1 X23.415 Y-14.124 E549.77031
G1 X22.572 Y-15.437 E550.50407
G1 X21.651 Y-16.708 E551.2422
G1 X20.682 Y-17.892 E551.96169
G1 X19.346 Y-19.346 E552.89027
G1 X17.892 Y-20.682 E553.81885
G1 X16.708 Y-21.651 E554.53834
G1 X15.441 Y-22.568 E555.27385
G1 X14.124 Y-23.415 E556.01021
G1 X12.759 Y-24.188 E556.74791
G1 X11.368 Y-24.871 E557.47664
G1 X9.57 Y-25.633 E558.39498
G1 X7.337 Y-26.357 E559.49889
G1 X5.448 Y-26.797 E560.411
G1 X3.511 Y-27.134 E561.33559
G1 X1.55 Y-27.301 E562.26111
G1 X-0.001 Y-27.347 E562.99081
G1 X-1.94 Y-27.29 E563.90305
G1 X-3.891 Y-27.066 E564.82656
G1 X-5.81 Y-26.736 E565.74224
G1 X-8.065 Y-26.145 E566.8385
G1 X-9.927 Y-25.481 E567.76814
G1 X-11.368 Y-24.87 E568.50419
G1 X-12.759 Y-24.188 E569.23272
G1 X-14.124 Y-23.415 E569.97042
G1 X-15.441 Y-22.568 E570.70678
G1 X-16.708 Y-21.651 E571.44229
G1 X-17.892 Y-20.682 E572.16178
G1 X-19.346 Y-19.346 E573.09036
G1 X-20.682 Y-17.892 E574.01894
G1 X-21.651 Y-16.708 E574.73843
G1 X-22.572 Y-15.437 E575.47656
G1 X-23.415 Y-14.124 E576.21032
G1 X-24.189 Y-12.758 E576.94866
G1 X-24.867 Y-11.38 E577.67087
G1 X-25.633 Y-9.571 E578.5947
G1 X-26.357 Y-7.337 E579.69907
G1 X-26.797 Y-5.448 E580.61117
G1 X-27.134 Y-3.511 E581.53576
G1 X-27.301 Y-1.538 E582.46691
G1 X-27.347 Y0.001 E583.19097
G1 X-27.29 Y1.94 E584.1032
G1 X-27.066 Y3.891 E585.02671
G1 X-26.736 Y5.81 E585.9424
G1 X-26.145 Y8.065 E587.03866
G1 X-25.481 Y9.927 E587.9683
G1 X-24.87 Y11.368 E588.70435
G1 X-24.188 Y12.759 E589.43288
G1 X-23.415 Y14.125 E590.17098
G1 X-22.577 Y15.433 E590.9015
G1 X-21.651 Y16.703 E591.64063
G1 X-20.681 Y17.893 E592.36261
G1 X-19.346 Y19.346 E593.29052
G1 X-17.892 Y20.682 E594.2191
G1 X-16.708 Y21.651 E594.93859
G1 X-15.441 Y22.568 E595.6741
G1 X-14.124 Y23.415 E596.41046
G1 X-12.759 Y24.188 E597.14815
G1 X-11.368 Y24.871 E597.87689
G1 X-9.57 Y25.633 E598.79522
G1 X-7.337 Y26.357 E599.89914
G1 X-5.448 Y26.797 E600.81125
G1 X-3.511 Y27.134 E601.73583
G1 X-1.55 Y27.301 E602.66136
G1 X0.001 Y27.347 E603.39106
G1 X1.94 Y27.29 E604.30329
G0 F1237.5 X3.43 Y27.119
G0 X2.909 Y22.543
G0 X0.737 Y3.403
;TYPE:SKIN
G1 F1050 X0.25 Y3.473 E604.53467
G1 X-.47 Y3.452 E604.8734
G1 X-.94 Y3.356 E605.09899
G1 X-1.602 Y3.09 E605.43449
G1 X-2.156 Y2.733 E605.74443
G1 X-2.449 Y2.477 E605.9274
G1 X-2.889 Y1.945 E606.25206
G1 X-3.242 Y1.273 E606.60903
G1 X-3.403 Y0.743 E606.86951
G1 X-3.473 Y0.251 E607.10321
G1 X-3.452 Y-.471 E607.44288
G1 X-3.352 Y-.948 E607.67208
G1 X-3.096 Y-1.593 E607.99841
G1 X-2.737 Y-2.152 E608.31084
G1 X-2.478 Y-2.449 E608.49615
G1 X-1.966 Y-2.872 E608.80847
G1 X-1.263 Y-3.244 E609.1825
G1 X-.737 Y-3.406 E609.44132
G1 X-.258 Y-3.472 E609.66871
G1 X0.468 Y-3.452 E610.01025
G1 X0.919 Y-3.358 E610.22689
G1 X1.467 Y-3.155 E610.50171
G1 X2.133 Y-2.752 E610.86778
G1 X2.758 Y-2.128 E611.28311
G1 X2.97 Y-1.816 E611.4605
G1 X3.246 Y-1.262 E611.75157
G1 X3.406 Y-.739 E612.00877
G1 X3.472 Y-.261 E612.23568
G1 X3.449 Y0.464 E612.5768
G1 X3.347 Y0.964 E612.81677
G1 X3.086 Y1.614 E613.14616
G1 X2.886 Y1.948 E613.32924
G1 X2.45 Y2.477 E613.65161
G1 X2.141 Y2.749 E613.8452
G1 X1.806 Y2.974 E614.03498
G1 X1.258 Y3.244 E614.32226
G1 X0.737 Y3.403 E614.57843
G0 F1237.5 X-1.396 Y1.396
G1 F1050 X1.399 Y-1.399 E616.43725
;MESH:NONMESH
G0 F600 X1.399 Y-1.399 Z2.5
G0 F1237.5 X19.467 Y-11.749
G0 X23.425 Y-14.115
;TIME_ELAPSED:113.122906
;LAYER:2
;TYPE:WALL-OUTER
;MESH:ceramic_two_component_3mm_nozzle_v4.stl
G1 F2400 X24.185 Y-12.769 E617.16416
G1 X24.879 Y-11.357 E617.90404
G1 X25.485 Y-9.924 E618.63571
G1 X26.143 Y-8.076 E619.5582
G1 X26.74 Y-5.803 E620.66337
G1 X27.072 Y-3.887 E621.57782
G1 X27.293 Y-1.947 E622.49603
G1 X27.349 Y0.00 E623.41201
G1 X27.304 Y1.564 E624.14781
G1 X27.137 Y3.508 E625.06537
G1 X26.804 Y5.43 E625.98268
G1 X26.356 Y7.352 E626.91076
G1 X25.634 Y9.574 E628.00946
G1 X24.879 Y11.357 E628.92002
G1 X24.185 Y12.769 E629.6599
G1 X23.425 Y14.115 E630.38681
G1 X22.574 Y15.439 E631.12696
G1 X21.659 Y16.698 E631.85887
G1 X20.664 Y17.915 E632.59811
G1 X19.349 Y19.349 E633.51308
G1 X17.915 Y20.664 E634.42805
G1 X16.698 Y21.659 E635.1673
G1 X15.439 Y22.574 E635.89921
G1 X14.115 Y23.425 E636.63936
G1 X12.769 Y24.185 E637.36626
G1 X11.357 Y24.879 E638.10615
G1 X9.924 Y25.485 E638.83781
G1 X8.076 Y26.143 E639.76031
G1 X5.803 Y26.74 E640.86547
G1 X3.887 Y27.072 E641.77992
G1 X1.947 Y27.293 E642.69814
G1 X0.00 Y27.349 E643.61412
G1 X-1.564 Y27.304 E644.34992
G1 X-3.508 Y27.137 E645.26748
G1 X-5.43 Y26.804 E646.18479
G1 X-7.352 Y26.356 E647.11286
G1 X-9.574 Y25.634 E648.21157
G1 X-11.357 Y24.879 E649.12212
G1 X-12.769 Y24.185 E649.86201
G1 X-14.115 Y23.425 E650.58891
G1 X-15.439 Y22.574 E651.32906
G1 X-16.698 Y21.659 E652.06097
G1 X-17.915 Y20.664 E652.80021
G1 X-19.349 Y19.349 E653.71519
G1 X-20.664 Y17.915 E654.63016
G1 X-21.659 Y16.698 E655.3694
G1 X-22.574 Y15.439 E656.10131
G1 X-23.425 Y14.115 E656.84146
G1 X-24.185 Y12.769 E657.56837
G1 X-24.879 Y11.357 E658.30825
G1 X-25.485 Y9.924 E659.03992
G1 X-26.143 Y8.076 E659.96241
G1 X-26.74 Y5.803 E661.06758
G1 X-27.072 Y3.887 E661.98203
G1 X-27.293 Y1.947 E662.90024
G1 X-27.349 Y0.00 E663.81622
G1 X-27.304 Y-1.564 E664.55202
G1 X-27.137 Y-3.508 E665.46958
G1 X-26.804 Y-5.43 E666.38689
G1 X-26.356 Y-7.352 E667.31497
G1 X-25.634 Y-9.574 E668.41367
G1 X-24.879 Y-11.357 E669.32423
G1 X-24.185 Y-12.769 E670.06411
G1 X-23.425 Y-14.115 E670.79102
G1 X-22.574 Y-15.439 E671.53117
G1 X-21.659 Y-16.698 E672.26307
G1 X-20.664 Y-17.915 E673.00232
G1 X-19.349 Y-19.349 E673.91729
G1 X-17.915 Y-20.664 E674.83226
G1 X-16.698 Y-21.659 E675.57151
G1 X-15.439 Y-22.574 E676.30342
G1 X-14.115 Y-23.425 E677.04357
G1 X-12.769 Y-24.185 E677.77047
G1 X-11.357 Y-24.879 E678.51035
G1 X-9.924 Y-25.485 E679.24202
G1 X-8.076 Y-26.143 E680.16452
G1 X-5.803 Y-26.74 E681.26968
G1 X-3.887 Y-27.072 E682.18413
G1 X-1.947 Y-27.293 E683.10235
G1 X0.00 Y-27.349 E684.01833
G1 X1.564 Y-27.304 E684.75412
G1 X3.508 Y-27.137 E685.67168
G1 X5.43 Y-26.804 E686.589
G1 X7.352 Y-26.356 E687.51707
G1 X9.574 Y-25.634 E688.61578
G1 X11.357 Y-24.879 E689.52633
G1 X12.769 Y-24.185 E690.26622
G1 X14.115 Y-23.425 E690.99312
G1 X15.439 Y-22.574 E691.73327
G1 X16.698 Y-21.659 E692.46518
G1 X17.915 Y-20.664 E693.20442
G1 X19.349 Y-19.349 E694.1194
G1 X20.664 Y-17.915 E695.03437
G1 X21.659 Y-16.698 E695.77361
G1 X22.574 Y-15.439 E696.50552
G1 X23.425 Y-14.115 E697.24567
G1 X24.185 Y-12.769 Z2.509 E697.97259
G1 X24.879 Y-11.357 Z2.518 E698.71248
G1 X25.485 Y-9.924 Z2.527 E699.44417
G1 X26.143 Y-8.076 Z2.539 E700.36668
G1 X26.74 Y-5.803 Z2.552 E701.47186
G1 X27.072 Y-3.887 Z2.564 E702.38633
G1 X27.293 Y-1.947 Z2.575 E703.30455
G1 X27.349 Y0.00 Z2.586 E704.22055
G1 X27.304 Y1.564 Z2.595 E704.95636
G1 X27.137 Y3.508 Z2.607 E705.87394
G1 X26.804 Y5.43 Z2.618 E706.79126
G1 X26.356 Y7.352 Z2.63 E707.71936
G1 X25.634 Y9.574 Z2.643 E708.81808
G1 X24.879 Y11.357 Z2.654 E709.72865
G1 X24.185 Y12.769 Z2.664 E710.46855
G1 X23.425 Y14.115 Z2.673 E711.19546
G1 X22.574 Y15.439 Z2.682 E711.93563
G1 X21.659 Y16.698 Z2.691 E712.66755
G1 X20.664 Y17.915 Z2.7 E713.4068
G1 X19.349 Y19.349 Z2.711 E714.32179
G1 X17.915 Y20.664 Z2.723 E715.23678
G1 X16.698 Y21.659 Z2.732 E715.97604
G1 X15.439 Y22.574 Z2.741 E716.70796
G1 X14.115 Y23.425 Z2.75 E717.44812
G1 X12.769 Y24.185 Z2.759 E718.17504
G1 X11.357 Y24.879 Z2.768 E718.91493
G1 X9.924 Y25.485 Z2.777 E719.64661
G1 X8.076 Y26.143 Z2.789 E720.56912
G1 X5.803 Y26.74 Z2.802 E721.6743
G1 X3.887 Y27.072 Z2.814 E722.58877
G1 X1.947 Y27.293 Z2.825 E723.507
G1 X0.00 Y27.349 Z2.836 E724.423
G1 X-1.564 Y27.304 Z2.845 E725.15881
G1 X-3.508 Y27.137 Z2.857 E726.07638
G1 X-5.43 Y26.804 Z2.868 E726.99371
G1 X-7.352 Y26.356 Z2.88 E727.9218
G1 X-9.574 Y25.634 Z2.893 E729.02053
G1 X-11.357 Y24.879 Z2.904 E729.9311
G1 X-12.769 Y24.185 Z2.914 E730.67099
G1 X-14.115 Y23.425 Z2.923 E731.39791
G1 X-15.439 Y22.574 Z2.932 E732.13807
G1 X-16.698 Y21.659 Z2.941 E732.86999
G1 X-17.915 Y20.664 Z2.95 E733.60925
G1 X-19.349 Y19.349 Z2.961 E734.52424
G1 X-20.664 Y17.915 Z2.973 E735.43923
G1 X-21.659 Y16.698 Z2.982 E736.17848
G1 X-22.574 Y15.439 Z2.991 E736.9104
G1 X-23.425 Y14.115 Z3 E737.65057
G1 X-24.185 Y12.769 Z3.009 E738.37749
G1 X-24.879 Y11.357 Z3.018 E739.11738
G1 X-25.485 Y9.924 Z3.027 E739.84906
G1 X-26.143 Y8.076 Z3.039 E740.77157
G1 X-26.74 Y5.803 Z3.052 E741.87675
G1 X-27.072 Y3.887 Z3.064 E742.79122
G1 X-27.293 Y1.947 Z3.075 E743.70945
G1 X-27.349 Y0.00 Z3.086 E744.62545
G1 X-27.304 Y-1.564 Z3.095 E745.36125
G1 X-27.137 Y-3.508 Z3.107 E746.27883
G1 X-26.804 Y-5.43 Z3.118 E747.19616
G1 X-26.356 Y-7.352 Z3.13 E748.12425
G1 X-25.634 Y-9.574 Z3.143 E749.22297
G1 X-24.879 Y-11.357 Z3.154 E750.13354
G1 X-24.185 Y-12.769 Z3.164 E750.87344
G1 X-23.425 Y-14.115 Z3.173 E751.60036
G1 X-22.574 Y-15.439 Z3.182 E752.34052
G1 X-21.659 Y-16.698 Z3.191 E753.07244
G1 X-20.664 Y-17.915 Z3.2 E753.8117
G1 X-19.349 Y-19.349 Z3.211 E754.72669
G1 X-17.915 Y-20.664 Z3.223 E755.64167
G1 X-16.698 Y-21.659 Z3.232 E756.38093
G1 X-15.439 Y-22.574 Z3.241 E757.11285
G1 X-14.115 Y-23.425 Z3.25 E757.85301
G1 X-12.769 Y-24.185 Z3.259 E758.57993
G1 X-11.357 Y-24.879 Z3.268 E759.31983
G1 X-9.924 Y-25.485 Z3.277 E760.05151
G1 X-8.076 Y-26.143 Z3.289 E760.97402
G1 X-5.803 Y-26.74 Z3.302 E762.0792
G1 X-3.887 Y-27.072 Z3.314 E762.99367
G1 X-1.947 Y-27.293 Z3.325 E763.9119
G1 X0.00 Y-27.349 Z3.336 E764.82789
G1 X1.564 Y-27.304 Z3.345 E765.5637
G1 X3.508 Y-27.137 Z3.357 E766.48128
G1 X5.43 Y-26.804 Z3.368 E767.39861
G1 X7.352 Y-26.356 Z3.38 E768.3267
G1 X9.574 Y-25.634 Z3.393 E769.42542
G1 X11.357 Y-24.879 Z3.404 E770.33599
G1 X12.769 Y-24.185 Z3.414 E771.07589
G1 X14.115 Y-23.425 Z3.423 E771.80281
G1 X15.439 Y-22.574 Z3.432 E772.54297
G1 X16.698 Y-21.659 Z3.441 E773.27489
G1 X17.915 Y-20.664 Z3.45 E774.01415
G1 X19.349 Y-19.349 Z3.461 E774.92913
G1 X20.664 Y-17.915 Z3.473 E775.84412
G1 X21.659 Y-16.698 Z3.482 E776.58338
G1 X22.574 Y-15.439 Z3.491 E777.3153
G1 X23.425 Y-14.115 Z3.5 E778.05546
;TIME_ELAPSED:121.724176
;LAYER:3
;note -- min layer time used
;TYPE:WALL-OUTER
;MESH:ceramic_two_component_3mm_nozzle_v4.stl
G1 F2062 X24.185 Y-12.769 Z3.509 E778.78238
G1 X24.879 Y-11.357 Z3.518 E779.52227
G1 X25.485 Y-9.924 Z3.527 E780.25396
G1 X26.143 Y-8.076 Z3.539 E781.17647
G1 X26.74 Y-5.803 Z3.552 E782.28165
G1 X27.072 Y-3.887 Z3.564 E783.19612
G1 X27.293 Y-1.947 Z3.575 E784.11434
G1 X27.349 Y0.00 Z3.586 E785.03034
G1 X27.304 Y1.564 Z3.595 E785.76615
G1 X27.137 Y3.508 Z3.607 E786.68373
G1 X26.804 Y5.43 Z3.618 E787.60105
G1 X26.356 Y7.352 Z3.63 E788.52915
G1 X25.634 Y9.574 Z3.643 E789.62787
G1 X24.879 Y11.357 Z3.654 E790.53844
G1 X24.185 Y12.769 Z3.664 E791.27834
G1 X23.425 Y14.115 Z3.673 E792.00525
G1 X22.574 Y15.439 Z3.682 E792.74542
G1 X21.659 Y16.698 Z3.691 E793.47734
G1 X20.664 Y17.915 Z3.7 E794.21659
G1 X19.349 Y19.349 Z3.711 E795.13158
G1 X17.915 Y20.664 Z3.723 E796.04657
G1 X16.698 Y21.659 Z3.732 E796.78583
G1 X15.439 Y22.574 Z3.741 E797.51775
G1 X14.115 Y23.425 Z3.75 E798.25791
G1 X12.769 Y24.185 Z3.759 E798.98483
G1 X11.357 Y24.879 Z3.768 E799.72472
G1 X9.924 Y25.485 Z3.777 E800.4564
G1 X8.076 Y26.143 Z3.789 E801.37891
G1 X5.803 Y26.74 Z3.802 E802.48409
G1 X3.887 Y27.072 Z3.814 E803.39856
G1 X1.947 Y27.293 Z3.825 E804.31679
G1 X0.00 Y27.349 Z3.836 E805.23279
G1 X-1.564 Y27.304 Z3.845 E805.9686
G1 X-3.508 Y27.137 Z3.857 E806.88617
G1 X-5.43 Y26.804 Z3.868 E807.8035
G1 X-7.352 Y26.356 Z3.88 E808.7316
G1 X-9.574 Y25.634 Z3.893 E809.83032
G1 X-11.357 Y24.879 Z3.904 E810.74089
G1 X-12.769 Y24.185 Z3.914 E811.48078
G1 X-14.115 Y23.425 Z3.923 E812.2077
G1 X-15.439 Y22.574 Z3.932 E812.94786
G1 X-16.698 Y21.659 Z3.941 E813.67978
G1 X-17.915 Y20.664 Z3.95 E814.41904
G1 X-19.349 Y19.349 Z3.961 E815.33403
G1 X-20.664 Y17.915 Z3.973 E816.24902
G1 X-21.659 Y16.698 Z3.982 E816.98827
G1 X-22.574 Y15.439 Z3.991 E817.72019
G1 X-23.425 Y14.115 Z4 E818.46036
G1 X-24.185 Y12.769 Z4.009 E819.18728
G1 X-24.879 Y11.357 Z4.018 E819.92717
G1 X-25.485 Y9.924 Z4.027 E820.65885
G1 X-26.143 Y8.076 Z4.039 E821.58136
G1 X-26.74 Y5.803 Z4.052 E822.68654
G1 X-27.072 Y3.887 Z4.064 E823.60101
G1 X-27.293 Y1.947 Z4.075 E824.51924
G1 X-27.349 Y0.00 Z4.086 E825.43524
G1 X-27.304 Y-1.564 Z4.095 E826.17104
G1 X-27.137 Y-3.508 Z4.107 E827.08862
G1 X-26.804 Y-5.43 Z4.118 E828.00595
G1 X-26.356 Y-7.352 Z4.13 E828.93404
G1 X-25.634 Y-9.574 Z4.143 E830.03276
G1 X-24.879 Y-11.357 Z4.154 E830.94333
G1 X-24.185 Y-12.769 Z4.164 E831.68323
G1 X-23.425 Y-14.115 Z4.173 E832.41015
G1 X-22.574 Y-15.439 Z4.182 E833.15031
G1 X-21.659 Y-16.698 Z4.191 E833.88223
G1 X-20.664 Y-17.915 Z4.2 E834.62149
G1 X-19.349 Y-19.349 Z4.211 E835.53648
G1 X-17.915 Y-20.664 Z4.223 E836.45147
G1 X-16.698 Y-21.659 Z4.232 E837.19072
G1 X-15.439 Y-22.574 Z4.241 E837.92264
G1 X-14.115 Y-23.425 Z4.25 E838.6628
G1 X-12.769 Y-24.185 Z4.259 E839.38972
G1 X-11.357 Y-24.879 Z4.268 E840.12962
G1 X-9.924 Y-25.485 Z4.277 E840.8613
G1 X-8.076 Y-26.143 Z4.289 E841.78381
G1 X-5.803 Y-26.74 Z4.302 E842.88899
G1 X-3.887 Y-27.072 Z4.314 E843.80346
G1 X-1.947 Y-27.293 Z4.325 E844.72169
G1 X0.00 Y-27.349 Z4.336 E845.63768
G1 X1.564 Y-27.304 Z4.345 E846.37349
G1 X3.508 Y-27.137 Z4.357 E847.29107
G1 X5.43 Y-26.804 Z4.368 E848.2084
G1 X7.352 Y-26.356 Z4.38 E849.13649
G1 X9.574 Y-25.634 Z4.393 E850.23521
G1 X11.357 Y-24.879 Z4.404 E851.14578
G1 X12.769 Y-24.185 Z4.414 E851.88568
G1 X14.115 Y-23.425 Z4.423 E852.6126
G1 X15.439 Y-22.574 Z4.432 E853.35276
G1 X16.698 Y-21.659 Z4.441 E854.08468
G1 X17.915 Y-20.664 Z4.45 E854.82394
G1 X19.349 Y-19.349 Z4.461 E855.73892
G1 X20.664 Y-17.915 Z4.473 E856.65391
G1 X21.659 Y-16.698 Z4.482 E857.39317
G1 X22.574 Y-15.439 Z4.491 E858.12509
G1 X23.425 Y-14.115 Z4.5 E858.86525
;TIME_ELAPSED:126.732791
;LAYER:4
;note -- min layer time used
;TYPE:WALL-OUTER
;MESH:ceramic_two_component_3mm_nozzle_v4.stl
G1 X24.185 Y-12.769 Z4.509 E859.59217
G1 X24.879 Y-11.357 Z4.518 E860.33206
G1 X25.485 Y-9.924 Z4.527 E861.06375
G1 X26.143 Y-8.076 Z4.539 E861.98626
G1 X26.74 Y-5.803 Z4.552 E863.09144
G1 X27.072 Y-3.887 Z4.564 E864.00591
G1 X27.293 Y-1.947 Z4.575 E864.92413
G1 X27.349 Y0.00 Z4.586 E865.84013
G1 X27.304 Y1.564 Z4.595 E866.57594
G1 X27.137 Y3.508 Z4.607 E867.49352
G1 X26.804 Y5.43 Z4.618 E868.41084
G1 X26.356 Y7.352 Z4.63 E869.33894
G1 X25.634 Y9.574 Z4.643 E870.43766
G1 X24.879 Y11.357 Z4.654 E871.34823
G1 X24.185 Y12.769 Z4.664 E872.08813
G1 X23.425 Y14.115 Z4.673 E872.81504
G1 X22.574 Y15.439 Z4.682 E873.55521
G1 X21.659 Y16.698 Z4.691 E874.28713
G1 X20.664 Y17.915 Z4.7 E875.02638
G1 X19.349 Y19.349 Z4.711 E875.94137
G1 X17.915 Y20.664 Z4.723 E876.85636
G1 X16.698 Y21.659 Z4.732 E877.59562
G1 X15.439 Y22.574 Z4.741 E878.32754
G1 X14.115 Y23.425 Z4.75 E879.0677
G1 X12.769 Y24.185 Z4.759 E879.79462
G1 X11.357 Y24.879 Z4.768 E880.53451
G1 X9.924 Y25.485 Z4.777 E881.26619
G1 X8.076 Y26.143 Z4.789 E882.1887
G1 X5.803 Y26.74 Z4.802 E883.29388
G1 X3.887 Y27.072 Z4.814 E884.20835
G1 X1.947 Y27.293 Z4.825 E885.12658
G1 X0.00 Y27.349 Z4.836 E886.04258
G1 X-1.564 Y27.304 Z4.845 E886.77839
G1 X-3.508 Y27.137 Z4.857 E887.69596
G1 X-5.43 Y26.804 Z4.868 E888.61329
G1 X-7.352 Y26.356 Z4.88 E889.54139
G1 X-9.574 Y25.634 Z4.893 E890.64011
G1 X-11.357 Y24.879 Z4.904 E891.55068
G1 X-12.769 Y24.185 Z4.914 E892.29057
G1 X-14.115 Y23.425 Z4.923 E893.01749
G1 X-15.439 Y22.574 Z4.932 E893.75765
G1 X-16.698 Y21.659 Z4.941 E894.48957
G1 X-17.915 Y20.664 Z4.95 E895.22883
G1 X-19.349 Y19.349 Z4.961 E896.14382
G1 X-20.664 Y17.915 Z4.973 E897.05881
G1 X-21.659 Y16.698 Z4.982 E897.79806
G1 X-22.574 Y15.439 Z4.991 E898.52998
G1 X-23.425 Y14.115 Z5 E899.27015
G1 X-24.185 Y12.769 Z5.009 E899.99707
G1 X-24.879 Y11.357 Z5.018 E900.73696
G1 X-25.485 Y9.924 Z5.027 E901.46864
G1 X-26.143 Y8.076 Z5.039 E902.39115
G1 X-26.74 Y5.803 Z5.052 E903.49633
G1 X-27.072 Y3.887 Z5.064 E904.4108
G1 X-27.293 Y1.947 Z5.075 E905.32903
G1 X-27.349 Y0.00 Z5.086 E906.24503
G1 X-27.304 Y-1.564 Z5.095 E906.98083
G1 X-27.137 Y-3.508 Z5.107 E907.89841
G1 X-26.804 Y-5.43 Z5.118 E908.81574
G1 X-26.356 Y-7.352 Z5.13 E909.74383
G1 X-25.634 Y-9.574 Z5.143 E910.84255
G1 X-24.879 Y-11.357 Z5.154 E911.75312
G1 X-24.185 Y-12.769 Z5.164 E912.49302
G1 X-23.425 Y-14.115 Z5.173 E913.21994
G1 X-22.574 Y-15.439 Z5.182 E913.9601
G1 X-21.659 Y-16.698 Z5.191 E914.69202
G1 X-20.664 Y-17.915 Z5.2 E915.43128
G1 X-19.349 Y-19.349 Z5.211 E916.34627
G1 X-17.915 Y-20.664 Z5.223 E917.26126
G1 X-16.698 Y-21.659 Z5.232 E918.00051
G1 X-15.439 Y-22.574 Z5.241 E918.73243
G1 X-14.115 Y-23.425 Z5.25 E919.47259
G1 X-12.769 Y-24.185 Z5.259 E920.19951
G1 X-11.357 Y-24.879 Z5.268 E920.93941
G1 X-9.924 Y-25.485 Z5.277 E921.67109
G1 X-8.076 Y-26.143 Z5.289 E922.5936
G1 X-5.803 Y-26.74 Z5.302 E923.69878
G1 X-3.887 Y-27.072 Z5.314 E924.61325
G1 X-1.947 Y-27.293 Z5.325 E925.53148
G1 X0.00 Y-27.349 Z5.336 E926.44747
G1 X1.564 Y-27.304 Z5.345 E927.18328
G1 X3.508 Y-27.137 Z5.357 E928.10086
G1 X5.43 Y-26.804 Z5.368 E929.01819
G1 X7.352 Y-26.356 Z5.38 E929.94628
G1 X9.574 Y-25.634 Z5.393 E931.045
G1 X11.357 Y-24.879 Z5.404 E931.95557
G1 X12.769 Y-24.185 Z5.414 E932.69547
G1 X14.115 Y-23.425 Z5.423 E933.42239
G1 X15.439 Y-22.574 Z5.432 E934.16255
G1 X16.698 Y-21.659 Z5.441 E934.89447
G1 X17.915 Y-20.664 Z5.45 E935.63373
G1 X19.349 Y-19.349 Z5.461 E936.54871
G1 X20.664 Y-17.915 Z5.473 E937.4637
G1 X21.659 Y-16.698 Z5.482 E938.20296
G1 X22.574 Y-15.439 Z5.491 E938.93488
G1 X23.425 Y-14.115 Z5.5 E939.67504
;TIME_ELAPSED:131.741405
;LAYER:5
;note -- min layer time used
;TYPE:WALL-OUTER
;MESH:ceramic_two_component_3mm_nozzle_v4.stl
G1 X24.185 Y-12.769 Z5.509 E940.40196
G1 X24.879 Y-11.357 Z5.518 E941.14185
G1 X25.485 Y-9.924 Z5.527 E941.87354
G1 X26.143 Y-8.076 Z5.539 E942.79605
G1 X26.74 Y-5.803 Z5.552 E943.90123
G1 X27.072 Y-3.887 Z5.564 E944.8157
G1 X27.293 Y-1.947 Z5.575 E945.73392
G1 X27.349 Y0.00 Z5.586 E946.64992
G1 X27.304 Y1.564 Z5.595 E947.38573
G1 X27.137 Y3.508 Z5.607 E948.30331
G1 X26.804 Y5.43 Z5.618 E949.22063
G1 X26.356 Y7.352 Z5.63 E950.14873
G1 X25.634 Y9.574 Z5.643 E951.24745
G1 X24.879 Y11.357 Z5.654 E952.15802
G1 X24.185 Y12.769 Z5.664 E952.89792
G1 X23.425 Y14.115 Z5.673 E953.62483
G1 X22.574 Y15.439 Z5.682 E954.365
G1 X21.659 Y16.698 Z5.691 E955.09692
G1 X20.664 Y17.915 Z5.7 E955.83617
G1 X19.349 Y19.349 Z5.711 E956.75116
G1 X17.915 Y20.664 Z5.723 E957.66615
G1 X16.698 Y21.659 Z5.732 E958.40541
G1 X15.439 Y22.574 Z5.741 E959.13733
G1 X14.115 Y23.425 Z5.75 E959.87749
G1 X12.769 Y24.185 Z5.759 E960.60441
G1 X11.357 Y24.879 Z5.768 E961.3443
G1 X9.924 Y25.485 Z5.777 E962.07598
G1 X8.076 Y26.143 Z5.789 E962.99849
G1 X5.803 Y26.74 Z5.802 E964.10367
G1 X3.887 Y27.072 Z5.814 E965.01814
G1 X1.947 Y27.293 Z5.825 E965.93637
G1 X0.00 Y27.349 Z5.836 E966.85237
G1 X-1.564 Y27.304 Z5.845 E967.58818
G1 X-3.508 Y27.137 Z5.857 E968.50575
G1 X-5.43 Y26.804 Z5.868 E969.42308
G1 X-7.352 Y26.356 Z5.88 E970.35118
G1 X-9.574 Y25.634 Z5.893 E971.4499
G1 X-11.357 Y24.879 Z5.904 E972.36047
G1 X-12.769 Y24.185 Z5.914 E973.10036
G1 X-14.115 Y23.425 Z5.923 E973.82728
G1 X-15.439 Y22.574 Z5.932 E974.56744
G1 X-16.698 Y21.659 Z5.941 E975.29936
G1 X-17.915 Y20.664 Z5.95 E976.03862
G1 X-19.349 Y19.349 Z5.961 E976.95361
G1 X-20.664 Y17.915 Z5.973 E977.8686
G1 X-21.659 Y16.698 Z5.982 E978.60785
G1 X-22.574 Y15.439 Z5.991 E979.33977
G1 X-23.425 Y14.115 Z6 E980.07994
G1 X-24.185 Y12.769 Z6.009 E980.80686
G1 X-24.879 Y11.357 Z6.018 E981.54675
G1 X-25.485 Y9.924 Z6.027 E982.27843
G1 X-26.143 Y8.076 Z6.039 E983.20094
G1 X-26.74 Y5.803 Z6.052 E984.30612
G1 X-27.072 Y3.887 Z6.064 E985.22059
G1 X-27.293 Y1.947 Z6.075 E986.13882
G1 X-27.349 Y0.00 Z6.086 E987.05482
G1 X-27.304 Y-1.564 Z6.095 E987.79062
G1 X-27.137 Y-3.508 Z6.107 E988.7082
G1 X-26.804 Y-5.43 Z6.118 E989.62553
G1 X-26.356 Y-7.352 Z6.13 E990.55362
G1 X-25.634 Y-9.574 Z6.143 E991.65234
G1 X-24.879 Y-11.357 Z6.154 E992.56291
G1 X-24.185 Y-12.769 Z6.164 E993.30281
G1 X-23.425 Y-14.115 Z6.173 E994.02973
G1 X-22.574 Y-15.439 Z6.182 E994.76989
G1 X-21.659 Y-16.698 Z6.191 E995.50181
G1 X-20.664 Y-17.915 Z6.2 E996.24107
G1 X-19.349 Y-19.349 Z6.211 E997.15606
G1 X-17.915 Y-20.664 Z6.223 E998.07105
G1 X-16.698 Y-21.659 Z6.232 E998.8103
G1 X-15.439 Y-22.574 Z6.241 E999.54222
G1 X-14.115 Y-23.425 Z6.25 E1000.28238
G1 X-12.769 Y-24.185 Z6.259 E1001.0093
G1 X-11.357 Y-24.879 Z6.268 E1001.7492
G1 X-9.924 Y-25.485 Z6.277 E1002.48088
G1 X-8.076 Y-26.143 Z6.289 E1003.40339
G1 X-5.803 Y-26.74 Z6.302 E1004.50857
G1 X-3.887 Y-27.072 Z6.314 E1005.42304
G1 X-1.947 Y-27.293 Z6.325 E1006.34127
G1 X0.00 Y-27.349 Z6.336 E1007.25726
G1 X1.564 Y-27.304 Z6.345 E1007.99307
G1 X3.508 Y-27.137 Z6.357 E1008.91065
G1 X5.43 Y-26.804 Z6.368 E1009.82798
G1 X7.352 Y-26.356 Z6.38 E1010.75607
G1 X9.574 Y-25.634 Z6.393 E1011.85479
G1 X11.357 Y-24.879 Z6.404 E1012.76536
G1 X12.769 Y-24.185 Z6.414 E1013.50526
G1 X14.115 Y-23.425 Z6.423 E1014.23218
G1 X15.439 Y-22.574 Z6.432 E1014.97234
G1 X16.698 Y-21.659 Z6.441 E1015.70426
G1 X17.915 Y-20.664 Z6.45 E1016.44352
G1 X19.349 Y-19.349 Z6.461 E1017.3585
G1 X20.664 Y-17.915 Z6.473 E1018.27349
G1 X21.659 Y-16.698 Z6.482 E1019.01275
G1 X22.574 Y-15.439 Z6.491 E1019.74467
G1 X23.425 Y-14.115 Z6.5 E1020.48483
;TIME_ELAPSED:136.750019
;LAYER:6
;note -- min layer time used
;TYPE:WALL-OUTER
;MESH:ceramic_two_component_3mm_nozzle_v4.stl
G1 X24.185 Y-12.769 Z6.509 E1021.21175
G1 X24.879 Y-11.357 Z6.518 E1021.95164
G1 X25.485 Y-9.924 Z6.527 E1022.68333
G1 X26.143 Y-8.076 Z6.539 E1023.60584
G1 X26.74 Y-5.803 Z6.552 E1024.71102
G1 X27.072 Y-3.887 Z6.564 E1025.62549
G1 X27.293 Y-1.947 Z6.575 E1026.54371
G1 X27.349 Y0.00 Z6.586 E1027.45971
G1 X27.304 Y1.564 Z6.595 E1028.19552
G1 X27.137 Y3.508 Z6.607 E1029.1131
G1 X26.804 Y5.43 Z6.618 E1030.03042
G1 X26.356 Y7.352 Z6.63 E1030.95852
G1 X25.634 Y9.574 Z6.643 E1032.05724
G1 X24.879 Y11.357 Z6.654 E1032.96781
G1 X24.185 Y12.769 Z6.664 E1033.70771
G1 X23.425 Y14.115 Z6.673 E1034.43462
G1 X22.574 Y15.439 Z6.682 E1035.17479
G1 X21.659 Y16.698 Z6.691 E1035.90671
G1 X20.664 Y17.915 Z6.7 E1036.64596
G1 X19.349 Y19.349 Z6.711 E1037.56095
G1 X17.915 Y20.664 Z6.723 E1038.47594
G1 X16.698 Y21.659 Z6.732 E1039.2152
G1 X15.439 Y22.574 Z6.741 E1039.94712
G1 X14.115 Y23.425 Z6.75 E1040.68728
G1 X12.769 Y24.185 Z6.759 E1041.4142
G1 X11.357 Y24.879 Z6.768 E1042.15409
G1 X9.924 Y25.485 Z6.777 E1042.88577
G1 X8.076 Y26.143 Z6.789 E1043.80828
G1 X5.803 Y26.74 Z6.802 E1044.91346
G1 X3.887 Y27.072 Z6.814 E1045.82793
G1 X1.947 Y27.293 Z6.825 E1046.74616
G1 X0.00 Y27.349 Z6.836 E1047.66216
G1 X-1.564 Y27.304 Z6.845 E1048.39797
G1 X-3.508 Y27.137 Z6.857 E1049.31554
G1 X-5.43 Y26.804 Z6.868 E1050.23287
G1 X-7.352 Y26.356 Z6.88 E1051.16097
G1 X-9.574 Y25.634 Z6.893 E1052.25969
G1 X-11.357 Y24.879 Z6.904 E1053.17026
G1 X-12.769 Y24.185 Z6.914 E1053.91015
G1 X-14.115 Y23.425 Z6.923 E1054.63707
G1 X-15.439 Y22.574 Z6.932 E1055.37724
G1 X-16.698 Y21.659 Z6.941 E1056.10915
G1 X-17.915 Y20.664 Z6.95 E1056.84841
G1 X-19.349 Y19.349 Z6.961 E1057.7634
G1 X-20.664 Y17.915 Z6.973 E1058.67839
G1 X-21.659 Y16.698 Z6.982 E1059.41764
G1 X-22.574 Y15.439 Z6.991 E1060.14956
G1 X-23.425 Y14.115 Z7 E1060.88973
G1 X-24.185 Y12.769 Z7.009 E1061.61665
G1 X-24.879 Y11.357 Z7.018 E1062.35654
G1 X-25.485 Y9.924 Z7.027 E1063.08822
G1 X-26.143 Y8.076 Z7.039 E1064.01073
G1 X-26.74 Y5.803 Z7.052 E1065.11591
G1 X-27.072 Y3.887 Z7.064 E1066.03038
G1 X-27.293 Y1.947 Z7.075 E1066.94861
G1 X-27.349 Y0.00 Z7.086 E1067.86461
G1 X-27.304 Y-1.564 Z7.095 E1068.60041
G1 X-27.137 Y-3.508 Z7.107 E1069.51799
G1 X-26.804 Y-5.43 Z7.118 E1070.43532
G1 X-26.356 Y-7.352 Z7.13 E1071.36341
G1 X-25.634 Y-9.574 Z7.143 E1072.46213
G1 X-24.879 Y-11.357 Z7.154 E1073.3727
G1 X-24.185 Y-12.769 Z7.164 E1074.1126
G1 X-23.425 Y-14.115 Z7.173 E1074.83952
G1 X-22.574 Y-15.439 Z7.182 E1075.57968
G1 X-21.659 Y-16.698 Z7.191 E1076.3116
G1 X-20.664 Y-17.915 Z7.2 E1077.05086
G1 X-19.349 Y-19.349 Z7.211 E1077.96585
G1 X-17.915 Y-20.664 Z7.223 E1078.88084
G1 X-16.698 Y-21.659 Z7.232 E1079.62009
G1 X-15.439 Y-22.574 Z7.241 E1080.35201
G1 X-14.115 Y-23.425 Z7.25 E1081.09217
G1 X-12.769 Y-24.185 Z7.259 E1081.81909
G1 X-11.357 Y-24.879 Z7.268 E1082.55899
G1 X-9.924 Y-25.485 Z7.277 E1083.29067
G1 X-8.076 Y-26.143 Z7.289 E1084.21318
G1 X-5.803 Y-26.74 Z7.302 E1085.31836
G1 X-3.887 Y-27.072 Z7.314 E1086.23283
G1 X-1.947 Y-27.293 Z7.325 E1087.15106
G1 X0.00 Y-27.349 Z7.336 E1088.06705
G1 X1.564 Y-27.304 Z7.345 E1088.80286
G1 X3.508 Y-27.137 Z7.357 E1089.72044
G1 X5.43 Y-26.804 Z7.368 E1090.63777
G1 X7.352 Y-26.356 Z7.38 E1091.56586
G1 X9.574 Y-25.634 Z7.393 E1092.66458
G1 X11.357 Y-24.879 Z7.404 E1093.57515
G1 X12.769 Y-24.185 Z7.414 E1094.31505
G1 X14.115 Y-23.425 Z7.423 E1095.04197
G1 X15.439 Y-22.574 Z7.432 E1095.78213
G1 X16.698 Y-21.659 Z7.441 E1096.51405
G1 X17.915 Y-20.664 Z7.45 E1097.25331
G1 X19.349 Y-19.349 Z7.461 E1098.16829
G1 X20.664 Y-17.915 Z7.473 E1099.08328
G1 X21.659 Y-16.698 Z7.482 E1099.82254
G1 X22.574 Y-15.439 Z7.491 E1100.55446
G1 X23.425 Y-14.115 Z7.5 E1101.29462
;TIME_ELAPSED:141.758633
;LAYER:7
;note -- min layer time used
;TYPE:WALL-OUTER
;MESH:ceramic_two_component_3mm_nozzle_v4.stl
G1 X24.185 Y-12.769 Z7.509 E1102.02154
G1 X24.879 Y-11.357 Z7.518 E1102.76143
G1 X25.485 Y-9.924 Z7.527 E1103.49312
G1 X26.143 Y-8.076 Z7.539 E1104.41563
G1 X26.74 Y-5.803 Z7.552 E1105.52081
G1 X27.072 Y-3.887 Z7.564 E1106.43528
G1 X27.293 Y-1.947 Z7.575 E1107.3535
G1 X27.349 Y0.00 Z7.586 E1108.2695
G1 X27.304 Y1.564 Z7.595 E1109.00531
G1 X27.137 Y3.508 Z7.607 E1109.92289
G1 X26.804 Y5.43 Z7.618 E1110.84021
G1 X26.356 Y7.352 Z7.63 E1111.76831
G1 X25.634 Y9.574 Z7.643 E1112.86703
G1 X24.879 Y11.357 Z7.654 E1113.7776
G1 X24.185 Y12.769 Z7.664 E1114.5175
G1 X23.425 Y14.115 Z7.673 E1115.24441
G1 X22.574 Y15.439 Z7.682 E1115.98458
G1 X21.659 Y16.698 Z7.691 E1116.7165
G1 X20.664 Y17.915 Z7.7 E1117.45575
G1 X19.349 Y19.349 Z7.711 E1118.37074
G1 X17.915 Y20.664 Z7.723 E1119.28573
G1 X16.698 Y21.659 Z7.732 E1120.02499
G1 X15.439 Y22.574 Z7.741 E1120.75691
G1 X14.115 Y23.425 Z7.75 E1121.49707
G1 X12.769 Y24.185 Z7.759 E1122.22399
G1 X11.357 Y24.879 Z7.768 E1122.96388
G1 X9.924 Y25.485 Z7.777 E1123.69556
G1 X8.076 Y26.143 Z7.789 E1124.61807
G1 X5.803 Y26.74 Z7.802 E1125.72325
G1 X3.887 Y27.072 Z7.814 E1126.63772
G1 X1.947 Y27.293 Z7.825 E1127.55595
G1 X0.00 Y27.349 Z7.836 E1128.47195
G1 X-1.564 Y27.304 Z7.845 E1129.20776
G1 X-3.508 Y27.137 Z7.857 E1130.12533
G1 X-5.43 Y26.804 Z7.868 E1131.04266
G1 X-7.352 Y26.356 Z7.88 E1131.97076
G1 X-9.574 Y25.634 Z7.893 E1133.06948
G1 X-11.357 Y24.879 Z7.904 E1133.98005
G1 X-12.769 Y24.185 Z7.914 E1134.71994
G1 X-14.115 Y23.425 Z7.923 E1135.44686
G1 X-15.439 Y22.574 Z7.932 E1136.18703
G1 X-16.698 Y21.659 Z7.941 E1136.91894
G1 X-17.915 Y20.664 Z7.95 E1137.6582
G1 X-19.349 Y19.349 Z7.961 E1138.57319
G1 X-20.664 Y17.915 Z7.973 E1139.48818
G1 X-21.659 Y16.698 Z7.982 E1140.22743
G1 X-22.574 Y15.439 Z7.991 E1140.95935
G1 X-23.425 Y14.115 Z8 E1141.69952
G1 X-24.185 Y12.769 Z8.009 E1142.42644
G1 X-24.879 Y11.357 Z8.018 E1143.16633
G1 X-25.485 Y9.924 Z8.027 E1143.89801
G1 X-26.143 Y8.076 Z8.039 E1144.82052
G1 X-26.74 Y5.803 Z8.052 E1145.9257
G1 X-27.072 Y3.887 Z8.064 E1146.84017
G1 X-27.293 Y1.947 Z8.075 E1147.7584
G1 X-27.349 Y0.00 Z8.086 E1148.6744
G1 X-27.304 Y-1.564 Z8.095 E1149.41021
G1 X-27.137 Y-3.508 Z8.107 E1150.32778
G1 X-26.804 Y-5.43 Z8.118 E1151.24511
G1 X-26.356 Y-7.352 Z8.13 E1152.1732
G1 X-25.634 Y-9.574 Z8.143 E1153.27192
G1 X-24.879 Y-11.357 Z8.154 E1154.18249
G1 X-24.185 Y-12.769 Z8.164 E1154.92239
G1 X-23.425 Y-14.115 Z8.173 E1155.64931
G1 X-22.574 Y-15.439 Z8.182 E1156.38947
G1 X-21.659 Y-16.698 Z8.191 E1157.12139
G1 X-20.664 Y-17.915 Z8.2 E1157.86065
G1 X-19.349 Y-19.349 Z8.211 E1158.77564
G1 X-17.915 Y-20.664 Z8.223 E1159.69063
G1 X-16.698 Y-21.659 Z8.232 E1160.42988
G1 X-15.439 Y-22.574 Z8.241 E1161.1618
G1 X-14.115 Y-23.425 Z8.25 E1161.90196
G1 X-12.769 Y-24.185 Z8.259 E1162.62888
G1 X-11.357 Y-24.879 Z8.268 E1163.36878
G1 X-9.924 Y-25.485 Z8.277 E1164.10046
G1 X-8.076 Y-26.143 Z8.289 E1165.02297
G1 X-5.803 Y-26.74 Z8.302 E1166.12815
G1 X-3.887 Y-27.072 Z8.314 E1167.04262
G1 X-1.947 Y-27.293 Z8.325 E1167.96085
G1 X0.00 Y-27.349 Z8.336 E1168.87684
G1 X1.564 Y-27.304 Z8.345 E1169.61265
G1 X3.508 Y-27.137 Z8.357 E1170.53023
G1 X5.43 Y-26.804 Z8.368 E1171.44756
G1 X7.352 Y-26.356 Z8.38 E1172.37565
G1 X9.574 Y-25.634 Z8.393 E1173.47437
G1 X11.357 Y-24.879 Z8.404 E1174.38494
G1 X12.769 Y-24.185 Z8.414 E1175.12484
G1 X14.115 Y-23.425 Z8.423 E1175.85176
G1 X15.439 Y-22.574 Z8.432 E1176.59192
G1 X16.698 Y-21.659 Z8.441 E1177.32384
G1 X17.915 Y-20.664 Z8.45 E1178.0631
G1 X19.349 Y-19.349 Z8.461 E1178.97808
G1 X20.664 Y-17.915 Z8.473 E1179.89307
G1 X21.659 Y-16.698 Z8.482 E1180.63233
G1 X22.574 Y-15.439 Z8.491 E1181.36425
G1 X23.425 Y-14.115 Z8.5 E1182.10441
;TIME_ELAPSED:146.767247
;LAYER:8
;note -- min layer time used
;TYPE:WALL-OUTER
;MESH:ceramic_two_component_3mm_nozzle_v4.stl
G1 X24.185 Y-12.769 Z8.509 E1182.83133
G1 X24.879 Y-11.357 Z8.518 E1183.57122
G1 X25.485 Y-9.924 Z8.527 E1184.30291
G1 X26.143 Y-8.076 Z8.539 E1185.22542
G1 X26.74 Y-5.803 Z8.552 E1186.3306
G1 X27.072 Y-3.887 Z8.564 E1187.24507
G1 X27.293 Y-1.947 Z8.575 E1188.16329
G1 X27.349 Y0.00 Z8.586 E1189.07929
G1 X27.304 Y1.564 Z8.595 E1189.8151
G1 X27.137 Y3.508 Z8.607 E1190.73268
G1 X26.804 Y5.43 Z8.618 E1191.65
G1 X26.356 Y7.352 Z8.63 E1192.5781
G1 X25.634 Y9.574 Z8.643 E1193.67682
G1 X24.879 Y11.357 Z8.654 E1194.58739
G1 X24.185 Y12.769 Z8.664 E1195.32729
G1 X23.425 Y14.115 Z8.673 E1196.0542
G1 X22.574 Y15.439 Z8.682 E1196.79437
G1 X21.659 Y16.698 Z8.691 E1197.52629
G1 X20.664 Y17.915 Z8.7 E1198.26554
G1 X19.349 Y19.349 Z8.711 E1199.18053
G1 X17.915 Y20.664 Z8.723 E1200.09552
G1 X16.698 Y21.659 Z8.732 E1200.83478
G1 X15.439 Y22.574 Z8.741 E1201.5667
G1 X14.115 Y23.425 Z8.75 E1202.30686
G1 X12.769 Y24.185 Z8.759 E1203.03378
G1 X11.357 Y24.879 Z8.768 E1203.77367
G1 X9.924 Y25.485 Z8.777 E1204.50535
G1 X8.076 Y26.143 Z8.789 E1205.42786
G1 X5.803 Y26.74 Z8.802 E1206.53304
G1 X3.887 Y27.072 Z8.814 E1207.44751
G1 X1.947 Y27.293 Z8.825 E1208.36574
G1 X0.00 Y27.349 Z8.836 E1209.28174
G1 X-1.564 Y27.304 Z8.845 E1210.01755
G1 X-3.508 Y27.137 Z8.857 E1210.93513
G1 X-5.43 Y26.804 Z8.868 E1211.85245
G1 X-7.352 Y26.356 Z8.88 E1212.78055
G1 X-9.574 Y25.634 Z8.893 E1213.87927
G1 X-11.357 Y24.879 Z8.904 E1214.78984
G1 X-12.769 Y24.185 Z8.914 E1215.52973
G1 X-14.115 Y23.425 Z8.923 E1216.25665
G1 X-15.439 Y22.574 Z8.932 E1216.99682
G1 X-16.698 Y21.659 Z8.941 E1217.72873
G1 X-17.915 Y20.664 Z8.95 E1218.46799
G1 X-19.349 Y19.349 Z8.961 E1219.38298
G1 X-20.664 Y17.915 Z8.973 E1220.29797
G1 X-21.659 Y16.698 Z8.982 E1221.03722
G1 X-22.574 Y15.439 Z8.991 E1221.76914
G1 X-23.425 Y14.115 Z9 E1222.50931
G1 X-24.185 Y12.769 Z9.009 E1223.23623
G1 X-24.879 Y11.357 Z9.018 E1223.97612
G1 X-25.485 Y9.924 Z9.027 E1224.7078
G1 X-26.143 Y8.076 Z9.039 E1225.63031
G1 X-26.74 Y5.803 Z9.052 E1226.73549
G1 X-27.072 Y3.887 Z9.064 E1227.64996
G1 X-27.293 Y1.947 Z9.075 E1228.56819
G1 X-27.349 Y0.00 Z9.086 E1229.48419
G1 X-27.304 Y-1.564 Z9.095 E1230.22
G1 X-27.137 Y-3.508 Z9.107 E1231.13757
G1 X-26.804 Y-5.43 Z9.118 E1232.0549
G1 X-26.356 Y-7.352 Z9.13 E1232.98299
G1 X-25.634 Y-9.574 Z9.143 E1234.08171
G1 X-24.879 Y-11.357 Z9.154 E1234.99228
G1 X-24.185 Y-12.769 Z9.164 E1235.73218
G1 X-23.425 Y-14.115 Z9.173 E1236.4591
G1 X-22.574 Y-15.439 Z9.182 E1237.19926
G1 X-21.659 Y-16.698 Z9.191 E1237.93118
G1 X-20.664 Y-17.915 Z9.2 E1238.67044
G1 X-19.349 Y-19.349 Z9.211 E1239.58543
G1 X-17.915 Y-20.664 Z9.223 E1240.50042
G1 X-16.698 Y-21.659 Z9.232 E1241.23967
G1 X-15.439 Y-22.574 Z9.241 E1241.97159
G1 X-14.115 Y-23.425 Z9.25 E1242.71175
G1 X-12.769 Y-24.185 Z9.259 E1243.43867
G1 X-11.357 Y-24.879 Z9.268 E1244.17857
G1 X-9.924 Y-25.485 Z9.277 E1244.91025
G1 X-8.076 Y-26.143 Z9.289 E1245.83276
G1 X-5.803 Y-26.74 Z9.302 E1246.93794
G1 X-3.887 Y-27.072 Z9.314 E1247.85241
G1 X-1.947 Y-27.293 Z9.325 E1248.77064
G1 X0.00 Y-27.349 Z9.336 E1249.68663
G1 X1.564 Y-27.304 Z9.345 E1250.42244
G1 X3.508 Y-27.137 Z9.357 E1251.34002
G1 X5.43 Y-26.804 Z9.368 E1252.25735
G1 X7.352 Y-26.356 Z9.38 E1253.18544
G1 X9.574 Y-25.634 Z9.393 E1254.28416
G1 X11.357 Y-24.879 Z9.404 E1255.19473
G1 X12.769 Y-24.185 Z9.414 E1255.93463
G1 X14.115 Y-23.425 Z9.423 E1256.66155
G1 X15.439 Y-22.574 Z9.432 E1257.40171
G1 X16.698 Y-21.659 Z9.441 E1258.13363
G1 X17.915 Y-20.664 Z9.45 E1258.87289
G1 X19.349 Y-19.349 Z9.461 E1259.78787
G1 X20.664 Y-17.915 Z9.473 E1260.70286
G1 X21.659 Y-16.698 Z9.482 E1261.44212
G1 X22.574 Y-15.439 Z9.491 E1262.17404
G1 X23.425 Y-14.115 Z9.5 E1262.9142
;TIME_ELAPSED:151.775862
;LAYER:9
;note -- min layer time used
;TYPE:WALL-OUTER
;MESH:ceramic_two_component_3mm_nozzle_v4.stl
G1 X24.185 Y-12.769 Z9.509 E1263.64112
G1 X24.879 Y-11.357 Z9.518 E1264.38102
G1 X25.485 Y-9.924 Z9.527 E1265.1127
G1 X26.143 Y-8.076 Z9.539 E1266.03521
G1 X26.74 Y-5.803 Z9.552 E1267.14039
G1 X27.072 Y-3.887 Z9.564 E1268.05486
G1 X27.293 Y-1.947 Z9.575 E1268.97308
G1 X27.349 Y0.00 Z9.586 E1269.88908
G1 X27.304 Y1.564 Z9.595 E1270.62489
G1 X27.137 Y3.508 Z9.607 E1271.54247
G1 X26.804 Y5.43 Z9.618 E1272.45979
G1 X26.356 Y7.352 Z9.63 E1273.38789
G1 X25.634 Y9.574 Z9.643 E1274.48661
G1 X24.879 Y11.357 Z9.654 E1275.39718
G1 X24.185 Y12.769 Z9.664 E1276.13708
G1 X23.425 Y14.115 Z9.673 E1276.864
G1 X22.574 Y15.439 Z9.682 E1277.60416
G1 X21.659 Y16.698 Z9.691 E1278.33608
G1 X20.664 Y17.915 Z9.7 E1279.07533
G1 X19.349 Y19.349 Z9.711 E1279.99032
G1 X17.915 Y20.664 Z9.723 E1280.90531
G1 X16.698 Y21.659 Z9.732 E1281.64457
G1 X15.439 Y22.574 Z9.741 E1282.37649
G1 X14.115 Y23.425 Z9.75 E1283.11665
G1 X12.769 Y24.185 Z9.759 E1283.84357
G1 X11.357 Y24.879 Z9.768 E1284.58346
G1 X9.924 Y25.485 Z9.777 E1285.31514
G1 X8.076 Y26.143 Z9.789 E1286.23765
G1 X5.803 Y26.74 Z9.802 E1287.34283
G1 X3.887 Y27.072 Z9.814 E1288.2573
G1 X1.947 Y27.293 Z9.825 E1289.17553
G1 X0.00 Y27.349 Z9.836 E1290.09153
G1 X-1.564 Y27.304 Z9.845 E1290.82734
G1 X-3.508 Y27.137 Z9.857 E1291.74492
G1 X-5.43 Y26.804 Z9.868 E1292.66224
G1 X-7.352 Y26.356 Z9.88 E1293.59034
G1 X-9.574 Y25.634 Z9.893 E1294.68906
G1 X-11.357 Y24.879 Z9.904 E1295.59963
G1 X-12.769 Y24.185 Z9.914 E1296.33952
G1 X-14.115 Y23.425 Z9.923 E1297.06644
G1 X-15.439 Y22.574 Z9.932 E1297.80661
G1 X-16.698 Y21.659 Z9.941 E1298.53853
G1 X-17.915 Y20.664 Z9.95 E1299.27778
G1 X-19.349 Y19.349 Z9.961 E1300.19277
G1 X-20.664 Y17.915 Z9.973 E1301.10776
G1 X-21.659 Y16.698 Z9.982 E1301.84701
G1 X-22.574 Y15.439 Z9.991 E1302.57893
G1 X-23.425 Y14.115 Z10 E1303.3191
G1 X-24.185 Y12.769 Z10.009 E1304.04602
G1 X-24.879 Y11.357 Z10.018 E1304.78591
G1 X-25.485 Y9.924 Z10.027 E1305.51759
G1 X-26.143 Y8.076 Z10.039 E1306.4401
G1 X-26.74 Y5.803 Z10.052 E1307.54528
G1 X-27.072 Y3.887 Z10.064 E1308.45975
G1 X-27.293 Y1.947 Z10.075 E1309.37798
G1 X-27.349 Y0.00 Z10.086 E1310.29398
G1 X-27.304 Y-1.564 Z10.095 E1311.02979
G1 X-27.137 Y-3.508 Z10.107 E1311.94736
G1 X-26.804 Y-5.43 Z10.118 E1312.86469
G1 X-26.356 Y-7.352 Z10.13 E1313.79278
G1 X-25.634 Y-9.574 Z10.143 E1314.89151
G1 X-24.879 Y-11.357 Z10.154 E1315.80207
G1 X-24.185 Y-12.769 Z10.164 E1316.54197
G1 X-23.425 Y-14.115 Z10.173 E1317.26889
G1 X-22.574 Y-15.439 Z10.182 E1318.00905
G1 X-21.659 Y-16.698 Z10.191 E1318.74097
G1 X-20.664 Y-17.915 Z10.2 E1319.48023
G1 X-19.349 Y-19.349 Z10.211 E1320.39522
G1 X-17.915 Y-20.664 Z10.223 E1321.31021
G1 X-16.698 Y-21.659 Z10.232 E1322.04946
G1 X-15.439 Y-22.574 Z10.241 E1322.78138
G1 X-14.115 Y-23.425 Z10.25 E1323.52154
G1 X-12.769 Y-24.185 Z10.259 E1324.24846
G1 X-11.357 Y-24.879 Z10.268 E1324.98836
G1 X-9.924 Y-25.485 Z10.277 E1325.72004
G1 X-8.076 Y-26.143 Z10.289 E1326.64255
G1 X-5.803 Y-26.74 Z10.302 E1327.74773
G1 X-3.887 Y-27.072 Z10.314 E1328.6622
G1 X-1.947 Y-27.293 Z10.325 E1329.58043
G1 X0.00 Y-27.349 Z10.336 E1330.49642
G1 X1.564 Y-27.304 Z10.345 E1331.23223
G1 X3.508 Y-27.137 Z10.357 E1332.14981
G1 X5.43 Y-26.804 Z10.368 E1333.06714
G1 X7.352 Y-26.356 Z10.38 E1333.99523
G1 X9.574 Y-25.634 Z10.393 E1335.09395
G1 X11.357 Y-24.879 Z10.404 E1336.00452
G1 X12.769 Y-24.185 Z10.414 E1336.74442
G1 X14.115 Y-23.425 Z10.423 E1337.47134
G1 X15.439 Y-22.574 Z10.432 E1338.2115
G1 X16.698 Y-21.659 Z10.441 E1338.94342
G1 X17.915 Y-20.664 Z10.45 E1339.68268
G1 X19.349 Y-19.349 Z10.461 E1340.59766
G1 X20.664 Y-17.915 Z10.473 E1341.51265
G1 X21.659 Y-16.698 Z10.482 E1342.25191
G1 X22.574 Y-15.439 Z10.491 E1342.98383
G1 X23.425 Y-14.115 Z10.5 E1343.72399
;TIME_ELAPSED:156.784476
;LAYER:10
;note -- min layer time used
;TYPE:WALL-OUTER
;MESH:ceramic_two_component_3mm_nozzle_v4.stl
G1 X24.185 Y-12.769 Z10.509 E1344.45091
G1 X24.879 Y-11.357 Z10.518 E1345.19081
G1 X25.485 Y-9.924 Z10.527 E1345.92249
G1 X26.143 Y-8.076 Z10.539 E1346.845
G1 X26.74 Y-5.803 Z10.552 E1347.95018
G1 X27.072 Y-3.887 Z10.564 E1348.86465
G1 X27.293 Y-1.947 Z10.575 E1349.78287
G1 X27.349 Y0.00 Z10.586 E1350.69887
G1 X27.304 Y1.564 Z10.595 E1351.43468
G1 X27.137 Y3.508 Z10.607 E1352.35226
G1 X26.804 Y5.43 Z10.618 E1353.26959
G1 X26.356 Y7.352 Z10.63 E1354.19768
G1 X25.634 Y9.574 Z10.643 E1355.2964
G1 X24.879 Y11.357 Z10.654 E1356.20697
G1 X24.185 Y12.769 Z10.664 E1356.94687
G1 X23.425 Y14.115 Z10.673 E1357.67379
G1 X22.574 Y15.439 Z10.682 E1358.41395
G1 X21.659 Y16.698 Z10.691 E1359.14587
G1 X20.664 Y17.915 Z10.7 E1359.88512
G1 X19.349 Y19.349 Z10.711 E1360.80011
G1 X17.915 Y20.664 Z10.723 E1361.7151
G1 X16.698 Y21.659 Z10.732 E1362.45436
G1 X15.439 Y22.574 Z10.741 E1363.18628
G1 X14.115 Y23.425 Z10.75 E1363.92644
G1 X12.769 Y24.185 Z10.759 E1364.65336
G1 X11.357 Y24.879 Z10.768 E1365.39325
G1 X9.924 Y25.485 Z10.777 E1366.12493
G1 X8.076 Y26.143 Z10.789 E1367.04744
G1 X5.803 Y26.74 Z10.802 E1368.15262
G1 X3.887 Y27.072 Z10.814 E1369.06709
G1 X1.947 Y27.293 Z10.825 E1369.98532
G1 X0.00 Y27.349 Z10.836 E1370.90132
G1 X-1.564 Y27.304 Z10.845 E1371.63713
G1 X-3.508 Y27.137 Z10.857 E1372.55471
G1 X-5.43 Y26.804 Z10.868 E1373.47203
G1 X-7.352 Y26.356 Z10.88 E1374.40013
G1 X-9.574 Y25.634 Z10.893 E1375.49885
G1 X-11.357 Y24.879 Z10.904 E1376.40942
G1 X-12.769 Y24.185 Z10.914 E1377.14931
G1 X-14.115 Y23.425 Z10.923 E1377.87623
G1 X-15.439 Y22.574 Z10.932 E1378.6164
G1 X-16.698 Y21.659 Z10.941 E1379.34832
G1 X-17.915 Y20.664 Z10.95 E1380.08757
G1 X-19.349 Y19.349 Z10.961 E1381.00256
G1 X-20.664 Y17.915 Z10.973 E1381.91755
G1 X-21.659 Y16.698 Z10.982 E1382.6568
G1 X-22.574 Y15.439 Z10.991 E1383.38872
G1 X-23.425 Y14.115 Z11 E1384.12889
G1 X-24.185 Y12.769 Z11.009 E1384.85581
G1 X-24.879 Y11.357 Z11.018 E1385.5957
G1 X-25.485 Y9.924 Z11.027 E1386.32738
G1 X-26.143 Y8.076 Z11.039 E1387.24989
G1 X-26.74 Y5.803 Z11.052 E1388.35507
G1 X-27.072 Y3.887 Z11.064 E1389.26954
G1 X-27.293 Y1.947 Z11.075 E1390.18777
G1 X-27.349 Y0.00 Z11.086 E1391.10377
G1 X-27.304 Y-1.564 Z11.095 E1391.83958
G1 X-27.137 Y-3.508 Z11.107 E1392.75715
G1 X-26.804 Y-5.43 Z11.118 E1393.67448
G1 X-26.356 Y-7.352 Z11.13 E1394.60257
G1 X-25.634 Y-9.574 Z11.143 E1395.7013
G1 X-24.879 Y-11.357 Z11.154 E1396.61186
G1 X-24.185 Y-12.769 Z11.164 E1397.35176
G1 X-23.425 Y-14.115 Z11.173 E1398.07868
G1 X-22.574 Y-15.439 Z11.182 E1398.81884
G1 X-21.659 Y-16.698 Z11.191 E1399.55076
G1 X-20.664 Y-17.915 Z11.2 E1400.29002
G1 X-19.349 Y-19.349 Z11.211 E1401.20501
G1 X-17.915 Y-20.664 Z11.223 E1402.12
G1 X-16.698 Y-21.659 Z11.232 E1402.85925
G1 X-15.439 Y-22.574 Z11.241 E1403.59117
G1 X-14.115 Y-23.425 Z11.25 E1404.33133
G1 X-12.769 Y-24.185 Z11.259 E1405.05825
G1 X-11.357 Y-24.879 Z11.268 E1405.79815
G1 X-9.924 Y-25.485 Z11.277 E1406.52983
G1 X-8.076 Y-26.143 Z11.289 E1407.45234
G1 X-5.803 Y-26.74 Z11.302 E1408.55752
G1 X-3.887 Y-27.072 Z11.314 E1409.47199
G1 X-1.947 Y-27.293 Z11.325 E1410.39022
G1 X0.00 Y-27.349 Z11.336 E1411.30621
G1 X1.564 Y-27.304 Z11.345 E1412.04202
G1 X3.508 Y-27.137 Z11.357 E1412.9596
G1 X5.43 Y-26.804 Z11.368 E1413.87693
G1 X7.352 Y-26.356 Z11.38 E1414.80502
G1 X9.574 Y-25.634 Z11.393 E1415.90374
G1 X11.357 Y-24.879 Z11.404 E1416.81431
G1 X12.769 Y-24.185 Z11.414 E1417.55421
G1 X14.115 Y-23.425 Z11.423 E1418.28113
G1 X15.439 Y-22.574 Z11.432 E1419.02129
G1 X16.698 Y-21.659 Z11.441 E1419.75321
G1 X17.915 Y-20.664 Z11.45 E1420.49247
G1 X19.349 Y-19.349 Z11.461 E1421.40745
G1 X20.664 Y-17.915 Z11.473 E1422.32244
G1 X21.659 Y-16.698 Z11.482 E1423.0617
G1 X22.574 Y-15.439 Z11.491 E1423.79362
G1 X23.425 Y-14.115 Z11.5 E1424.53378
;TIME_ELAPSED:161.793090
;LAYER:11
;note -- min layer time used
;TYPE:WALL-OUTER
;MESH:ceramic_two_component_3mm_nozzle_v4.stl
G1 X24.185 Y-12.769 Z11.509 E1425.2607
G1 X24.879 Y-11.357 Z11.518 E1426.0006
G1 X25.485 Y-9.924 Z11.527 E1426.73228
G1 X26.143 Y-8.076 Z11.539 E1427.65479
G1 X26.74 Y-5.803 Z11.552 E1428.75997
G1 X27.072 Y-3.887 Z11.564 E1429.67444
G1 X27.293 Y-1.947 Z11.575 E1430.59266
G1 X27.349 Y0.00 Z11.586 E1431.50866
G1 X27.304 Y1.564 Z11.595 E1432.24447
G1 X27.137 Y3.508 Z11.607 E1433.16205
G1 X26.804 Y5.43 Z11.618 E1434.07938
G1 X26.356 Y7.352 Z11.63 E1435.00747
G1 X25.634 Y9.574 Z11.643 E1436.10619
G1 X24.879 Y11.357 Z11.654 E1437.01676
G1 X24.185 Y12.769 Z11.664 E1437.75666
G1 X23.425 Y14.115 Z11.673 E1438.48358
G1 X22.574 Y15.439 Z11.682 E1439.22374
G1 X21.659 Y16.698 Z11.691 E1439.95566
G1 X20.664 Y17.915 Z11.7 E1440.69491
G1 X19.349 Y19.349 Z11.711 E1441.6099
G1 X17.915 Y20.664 Z11.723 E1442.52489
G1 X16.698 Y21.659 Z11.732 E1443.26415
G1 X15.439 Y22.574 Z11.741 E1443.99607
G1 X14.115 Y23.425 Z11.75 E1444.73623
G1 X12.769 Y24.185 Z11.759 E1445.46315
G1 X11.357 Y24.879 Z11.768 E1446.20304
G1 X9.924 Y25.485 Z11.777 E1446.93472
G1 X8.076 Y26.143 Z11.789 E1447.85723
G1 X5.803 Y26.74 Z11.802 E1448.96241
G1 X3.887 Y27.072 Z11.814 E1449.87688
G1 X1.947 Y27.293 Z11.825 E1450.79511
G1 X0.00 Y27.349 Z11.836 E1451.71111
G1 X-1.564 Y27.304 Z11.845 E1452.44692
G1 X-3.508 Y27.137 Z11.857 E1453.3645
G1 X-5.43 Y26.804 Z11.868 E1454.28182
G1 X-7.352 Y26.356 Z11.88 E1455.20992
G1 X-9.574 Y25.634 Z11.893 E1456.30864
G1 X-11.357 Y24.879 Z11.904 E1457.21921
G1 X-12.769 Y24.185 Z11.914 E1457.9591
G1 X-14.115 Y23.425 Z11.923 E1458.68602
G1 X-15.439 Y22.574 Z11.932 E1459.42619
G1 X-16.698 Y21.659 Z11.941 E1460.15811
G1 X-17.915 Y20.664 Z11.95 E1460.89736
G1 X-19.349 Y19.349 Z11.961 E1461.81235
G1 X-20.664 Y17.915 Z11.973 E1462.72734
G1 X-21.659 Y16.698 Z11.982 E1463.46659
G1 X-22.574 Y15.439 Z11.991 E1464.19851
G1 X-23.425 Y14.115 Z12 E1464.93868
G1 X-24.185 Y12.769 Z12.009 E1465.6656
G1 X-24.879 Y11.357 Z12.018 E1466.40549
G1 X-25.485 Y9.924 Z12.027 E1467.13717
G1 X-26.143 Y8.076 Z12.039 E1468.05968
G1 X-26.74 Y5.803 Z12.052 E1469.16486
G1 X-27.072 Y3.887 Z12.064 E1470.07933
G1 X-27.293 Y1.947 Z12.075 E1470.99756
G1 X-27.349 Y0.00 Z12.086 E1471.91356
G1 X-27.304 Y-1.564 Z12.095 E1472.64937
G1 X-27.137 Y-3.508 Z12.107 E1473.56694
G1 X-26.804 Y-5.43 Z12.118 E1474.48427
G1 X-26.356 Y-7.352 Z12.13 E1475.41236
G1 X-25.634 Y-9.574 Z12.143 E1476.51109
G1 X-24.879 Y-11.357 Z12.154 E1477.42165
G1 X-24.185 Y-12.769 Z12.164 E1478.16155
G1 X-23.425 Y-14.115 Z12.173 E1478.88847
G1 X-22.574 Y-15.439 Z12.182 E1479.62863
G1 X-21.659 Y-16.698 Z12.191 E1480.36055
G1 X-20.664 Y-17.915 Z12.2 E1481.09981
G1 X-19.349 Y-19.349 Z12.211 E1482.0148
G1 X-17.915 Y-20.664 Z12.223 E1482.92979
G1 X-16.698 Y-21.659 Z12.232 E1483.66904
G1 X-15.439 Y-22.574 Z12.241 E1484.40096
G1 X-14.115 Y-23.425 Z12.25 E1485.14112
G1 X-12.769 Y-24.185 Z12.259 E1485.86804
G1 X-11.357 Y-24.879 Z12.268 E1486.60794
G1 X-9.924 Y-25.485 Z12.277 E1487.33962
G1 X-8.076 Y-26.143 Z12.289 E1488.26213
G1 X-5.803 Y-26.74 Z12.302 E1489.36731
G1 X-3.887 Y-27.072 Z12.314 E1490.28178
G1 X-1.947 Y-27.293 Z12.325 E1491.20001
G1 X0.00 Y-27.349 Z12.336 E1492.116
G1 X1.564 Y-27.304 Z12.345 E1492.85181
G1 X3.508 Y-27.137 Z12.357 E1493.76939
G1 X5.43 Y-26.804 Z12.368 E1494.68672
G1 X7.352 Y-26.356 Z12.38 E1495.61481
G1 X9.574 Y-25.634 Z12.393 E1496.71353
G1 X11.357 Y-24.879 Z12.404 E1497.6241
G1 X12.769 Y-24.185 Z12.414 E1498.364
G1 X14.115 Y-23.425 Z12.423 E1499.09092
G1 X15.439 Y-22.574 Z12.432 E1499.83108
G1 X16.698 Y-21.659 Z12.441 E1500.563
G1 X17.915 Y-20.664 Z12.45 E1501.30226
G1 X19.349 Y-19.349 Z12.461 E1502.21724
G1 X20.664 Y-17.915 Z12.473 E1503.13223
G1 X21.659 Y-16.698 Z12.482 E1503.87149
G1 X22.574 Y-15.439 Z12.491 E1504.60341
G1 X23.425 Y-14.115 Z12.5 E1505.34357
;TIME_ELAPSED:166.801704
;LAYER:12
;note -- min layer time used
;TYPE:WALL-OUTER
;MESH:ceramic_two_component_3mm_nozzle_v4.stl
G1 X24.185 Y-12.769 Z12.509 E1506.07049
G1 X24.879 Y-11.357 Z12.518 E1506.81039
G1 X25.485 Y-9.924 Z12.527 E1507.54207
G1 X26.143 Y-8.076 Z12.539 E1508.46458
G1 X26.74 Y-5.803 Z12.552 E1509.56976
G1 X27.072 Y-3.887 Z12.564 E1510.48423
G1 X27.293 Y-1.947 Z12.575 E1511.40245
G1 X27.349 Y0.00 Z12.586 E1512.31845
G1 X27.304 Y1.564 Z12.595 E1513.05426
G1 X27.137 Y3.508 Z12.607 E1513.97184
G1 X26.804 Y5.43 Z12.618 E1514.88917
G1 X26.356 Y7.352 Z12.63 E1515.81726
G1 X25.634 Y9.574 Z12.643 E1516.91598
G1 X24.879 Y11.357 Z12.654 E1517.82655
G1 X24.185 Y12.769 Z12.664 E1518.56645
G1 X23.425 Y14.115 Z12.673 E1519.29337
G1 X22.574 Y15.439 Z12.682 E1520.03353
G1 X21.659 Y16.698 Z12.691 E1520.76545
G1 X20.664 Y17.915 Z12.7 E1521.5047
G1 X19.349 Y19.349 Z12.711 E1522.41969
G1 X17.915 Y20.664 Z12.723 E1523.33468
G1 X16.698 Y21.659 Z12.732 E1524.07394
G1 X15.439 Y22.574 Z12.741 E1524.80586
G1 X14.115 Y23.425 Z12.75 E1525.54602
G1 X12.769 Y24.185 Z12.759 E1526.27294
G1 X11.357 Y24.879 Z12.768 E1527.01283
G1 X9.924 Y25.485 Z12.777 E1527.74451
G1 X8.076 Y26.143 Z12.789 E1528.66702
G1 X5.803 Y26.74 Z12.802 E1529.7722
G1 X3.887 Y27.072 Z12.814 E1530.68667
G1 X1.947 Y27.293 Z12.825 E1531.6049
G1 X0.00 Y27.349 Z12.836 E1532.5209
G1 X-1.564 Y27.304 Z12.845 E1533.25671
G1 X-3.508 Y27.137 Z12.857 E1534.17429
G1 X-5.43 Y26.804 Z12.868 E1535.09161
G1 X-7.352 Y26.356 Z12.88 E1536.01971
G1 X-9.574 Y25.634 Z12.893 E1537.11843
G1 X-11.357 Y24.879 Z12.904 E1538.029
G1 X-12.769 Y24.185 Z12.914 E1538.76889
G1 X-14.115 Y23.425 Z12.923 E1539.49581
G1 X-15.439 Y22.574 Z12.932 E1540.23598
G1 X-16.698 Y21.659 Z12.941 E1540.9679
G1 X-17.915 Y20.664 Z12.95 E1541.70715
G1 X-19.349 Y19.349 Z12.961 E1542.62214
G1 X-20.664 Y17.915 Z12.973 E1543.53713
G1 X-21.659 Y16.698 Z12.982 E1544.27638
G1 X-22.574 Y15.439 Z12.991 E1545.0083
G1 X-23.425 Y14.115 Z13 E1545.74847
G1 X-24.185 Y12.769 Z13.009 E1546.47539
G1 X-24.879 Y11.357 Z13.018 E1547.21528
G1 X-25.485 Y9.924 Z13.027 E1547.94696
G1 X-26.143 Y8.076 Z13.039 E1548.86947
G1 X-26.74 Y5.803 Z13.052 E1549.97465
G1 X-27.072 Y3.887 Z13.064 E1550.88912
G1 X-27.293 Y1.947 Z13.075 E1551.80735
G1 X-27.349 Y0.00 Z13.086 E1552.72335
G1 X-27.304 Y-1.564 Z13.095 E1553.45916
G1 X-27.137 Y-3.508 Z13.107 E1554.37673
G1 X-26.804 Y-5.43 Z13.118 E1555.29406
G1 X-26.356 Y-7.352 Z13.13 E1556.22215
G1 X-25.634 Y-9.574 Z13.143 E1557.32088
G1 X-24.879 Y-11.357 Z13.154 E1558.23144
G1 X-24.185 Y-12.769 Z13.164 E1558.97134
G1 X-23.425 Y-14.115 Z13.173 E1559.69826
G1 X-22.574 Y-15.439 Z13.182 E1560.43842
G1 X-21.659 Y-16.698 Z13.191 E1561.17034
G1 X-20.664 Y-17.915 Z13.2 E1561.9096
G1 X-19.349 Y-19.349 Z13.211 E1562.82459
G1 X-17.915 Y-20.664 Z13.223 E1563.73958
G1 X-16.698 Y-21.659 Z13.232 E1564.47883
G1 X-15.439 Y-22.574 Z13.241 E1565.21075
G1 X-14.115 Y-23.425 Z13.25 E1565.95092
G1 X-12.769 Y-24.185 Z13.259 E1566.67783
G1 X-11.357 Y-24.879 Z13.268 E1567.41773
G1 X-9.924 Y-25.485 Z13.277 E1568.14941
G92 E0
G1 X-8.076 Y-26.143 Z13.289 E0.92251
G1 X-5.803 Y-26.74 Z13.302 E2.02769
G1 X-3.887 Y-27.072 Z13.314 E2.94216
G1 X-1.947 Y-27.293 Z13.325 E3.86039
G1 X0.00 Y-27.349 Z13.336 E4.77639
G1 X1.564 Y-27.304 Z13.345 E5.51219
G1 X3.508 Y-27.137 Z13.357 E6.42977
G1 X5.43 Y-26.804 Z13.368 E7.3471
G1 X7.352 Y-26.356 Z13.38 E8.27519
G1 X9.574 Y-25.634 Z13.393 E9.37391
G1 X11.357 Y-24.879 Z13.404 E10.28448
G1 X12.769 Y-24.185 Z13.414 E11.02438
G1 X14.115 Y-23.425 Z13.423 E11.7513
G1 X15.439 Y-22.574 Z13.432 E12.49146
G1 X16.698 Y-21.659 Z13.441 E13.22338
G1 X17.915 Y-20.664 Z13.45 E13.96264
G1 X19.349 Y-19.349 Z13.461 E14.87763
G1 X20.664 Y-17.915 Z13.473 E15.79261
G1 X21.659 Y-16.698 Z13.482 E16.53187
G1 X22.574 Y-15.439 Z13.491 E17.26379
G1 X23.425 Y-14.115 Z13.5 E18.00395
;TIME_ELAPSED:171.822343
;LAYER:13
;note -- min layer time used
;TYPE:WALL-OUTER
;MESH:ceramic_two_component_3mm_nozzle_v4.stl
G1 X24.185 Y-12.769 Z13.509 E18.73087
G1 X24.879 Y-11.357 Z13.518 E19.47077
G1 X25.485 Y-9.924 Z13.527 E20.20245
G1 X26.143 Y-8.076 Z13.539 E21.12496
G1 X26.74 Y-5.803 Z13.552 E22.23014
G1 X27.072 Y-3.887 Z13.564 E23.14461
G1 X27.293 Y-1.947 Z13.575 E24.06284
G1 X27.349 Y0.00 Z13.586 E24.97883
G1 X27.304 Y1.564 Z13.595 E25.71464
G1 X27.137 Y3.508 Z13.607 E26.63222
G1 X26.804 Y5.43 Z13.618 E27.54955
G1 X26.356 Y7.352 Z13.63 E28.47764
G1 X25.634 Y9.574 Z13.643 E29.57636
G1 X24.879 Y11.357 Z13.654 E30.48693
G1 X24.185 Y12.769 Z13.664 E31.22683
G1 X23.425 Y14.115 Z13.673 E31.95375
G1 X22.574 Y15.439 Z13.682 E32.69391
G1 X21.659 Y16.698 Z13.691 E33.42583
G1 X20.664 Y17.915 Z13.7 E34.16509
G1 X19.349 Y19.349 Z13.711 E35.08007
G1 X17.915 Y20.664 Z13.723 E35.99506
G1 X16.698 Y21.659 Z13.732 E36.73432
G1 X15.439 Y22.574 Z13.741 E37.46624
G1 X14.115 Y23.425 Z13.75 E38.2064
G1 X12.769 Y24.185 Z13.759 E38.93332
G1 X11.357 Y24.879 Z13.768 E39.67321
G1 X9.924 Y25.485 Z13.777 E40.4049
G1 X8.076 Y26.143 Z13.789 E41.32741
G1 X5.803 Y26.74 Z13.802 E42.43259
G1 X3.887 Y27.072 Z13.814 E43.34706
G1 X1.947 Y27.293 Z13.825 E44.26528
G1 X0.00 Y27.349 Z13.836 E45.18128
G1 X-1.564 Y27.304 Z13.845 E45.91709
G1 X-3.508 Y27.137 Z13.857 E46.83467
G1 X-5.43 Y26.804 Z13.868 E47.75199
G1 X-7.352 Y26.356 Z13.88 E48.68009
G1 X-9.574 Y25.634 Z13.893 E49.77881
G1 X-11.357 Y24.879 Z13.904 E50.68938
G1 X-12.769 Y24.185 Z13.914 E51.42928
G1 X-14.115 Y23.425 Z13.923 E52.15619
G1 X-15.439 Y22.574 Z13.932 E52.89636
G1 X-16.698 Y21.659 Z13.941 E53.62828
G1 X-17.915 Y20.664 Z13.95 E54.36753
G1 X-19.349 Y19.349 Z13.961 E55.28252
G1 X-20.664 Y17.915 Z13.973 E56.19751
G1 X-21.659 Y16.698 Z13.982 E56.93677
G1 X-22.574 Y15.439 Z13.991 E57.66869
G1 X-23.425 Y14.115 Z14 E58.40885
G1 X-24.185 Y12.769 Z14.009 E59.13577
G1 X-24.879 Y11.357 Z14.018 E59.87566
G1 X-25.485 Y9.924 Z14.027 E60.60734
G1 X-26.143 Y8.076 Z14.039 E61.52985
G1 X-26.74 Y5.803 Z14.052 E62.63503
G1 X-27.072 Y3.887 Z14.064 E63.5495
G1 X-27.293 Y1.947 Z14.075 E64.46773
G1 X-27.349 Y0.00 Z14.086 E65.38373
G1 X-27.304 Y-1.564 Z14.095 E66.11954
G1 X-27.137 Y-3.508 Z14.107 E67.03711
G1 X-26.804 Y-5.43 Z14.118 E67.95444
G1 X-26.356 Y-7.352 Z14.13 E68.88253
G1 X-25.634 Y-9.574 Z14.143 E69.98126
G1 X-24.879 Y-11.357 Z14.154 E70.89183
G1 X-24.185 Y-12.769 Z14.164 E71.63172
G1 X-23.425 Y-14.115 Z14.173 E72.35864
G1 X-22.574 Y-15.439 Z14.182 E73.0988
G1 X-21.659 Y-16.698 Z14.191 E73.83072
G1 X-20.664 Y-17.915 Z14.2 E74.56998
G1 X-19.349 Y-19.349 Z14.211 E75.48497
G1 X-17.915 Y-20.664 Z14.223 E76.39996
G1 X-16.698 Y-21.659 Z14.232 E77.13921
G1 X-15.439 Y-22.574 Z14.241 E77.87113
G1 X-14.115 Y-23.425 Z14.25 E78.6113
G1 X-12.769 Y-24.185 Z14.259 E79.33822
G1 X-11.357 Y-24.879 Z14.268 E80.07811
G1 X-9.924 Y-25.485 Z14.277 E80.80979
G1 X-8.076 Y-26.143 Z14.289 E81.7323
G1 X-5.803 Y-26.74 Z14.302 E82.83748
G1 X-3.887 Y-27.072 Z14.314 E83.75195
G1 X-1.947 Y-27.293 Z14.325 E84.67018
G1 X0.00 Y-27.349 Z14.336 E85.58618
G1 X1.564 Y-27.304 Z14.345 E86.32198
G1 X3.508 Y-27.137 Z14.357 E87.23956
G1 X5.43 Y-26.804 Z14.368 E88.15689
G1 X7.352 Y-26.356 Z14.38 E89.08498
G1 X9.574 Y-25.634 Z14.393 E90.1837
G1 X11.357 Y-24.879 Z14.404 E91.09427
G1 X12.769 Y-24.185 Z14.414 E91.83417
G1 X14.115 Y-23.425 Z14.423 E92.56109
G1 X15.439 Y-22.574 Z14.432 E93.30125
G1 X16.698 Y-21.659 Z14.441 E94.03317
G1 X17.915 Y-20.664 Z14.45 E94.77243
G1 X19.349 Y-19.349 Z14.461 E95.68742
G1 X20.664 Y-17.915 Z14.473 E96.6024
G1 X21.659 Y-16.698 Z14.482 E97.34166
G1 X22.574 Y-15.439 Z14.491 E98.07358
G1 X23.425 Y-14.115 Z14.5 E98.81374
;TIME_ELAPSED:176.830957
;LAYER:14
;note -- min layer time used
;TYPE:WALL-OUTER
;MESH:ceramic_two_component_3mm_nozzle_v4.stl
G1 F1714.9 X15.525 Y-11.172 Z14.559 E102.77834
G1 X15.296 Y-9.766 Z14.569 E103.44826
G1 X15.386 Y-8.596 Z14.577 E104.00011
G1 X16.15 Y-7.578 Z14.586 E104.59868
G1 X17.045 Y-7.09 Z14.593 E105.07807
G1 X17.686 Y-6.818 Z14.598 E105.40554
G1 X18.067 Y-6.608 Z14.601 E105.61013
G1 X18.249 Y-6.449 Z14.603 E105.72378
G1 X18.749 Y-4.824 Z14.615 E106.52333
G1 X18.732 Y-4.66 Z14.616 E106.60087
G1 X18.619 Y-4.383 Z14.618 E106.74156
G1 X17.869 Y-3.169 Z14.628 E107.41264
G1 X17.505 Y-2.054 Z14.636 E107.96423
G1 X17.819 Y-.823 Z14.645 E108.56168
G1 X18.459 Y-0.029 Z14.652 E109.04127
G1 X18.946 Y0.468 Z14.657 E109.3685
G1 X19.221 Y0.811 Z14.66 E109.57525
G1 X19.32 Y1.103 Z14.662 E109.72025
G1 X19.167 Y2.721 Z14.674 E110.48455
G1 X19.089 Y2.866 Z14.675 E110.56198
G1 X18.879 Y3.078 Z14.677 E110.70231
G1 X17.724 Y3.909 Z14.687 E111.37146
G1 X16.957 Y4.798 Z14.695 E111.92363
G1 X16.78 Y6.059 Z14.704 E112.52246
G1 X17.065 Y7.037 Z14.711 E113.00152
G1 X17.325 Y7.684 Z14.716 E113.32943
G1 X17.448 Y8.107 Z14.719 E113.5366
G1 X17.429 Y8.412 Z14.721 E113.68031
G1 X16.667 Y9.847 Z14.733 E114.4444
G1 X16.542 Y9.951 Z14.734 E114.52087
G1 X16.261 Y10.069 Z14.736 E114.6642
G1 X14.876 Y10.394 Z14.746 E115.33322
G1 X13.831 Y10.924 Z14.754 E115.88425
G1 X13.183 Y12.018 Z14.763 E116.48221
G1 X13.073 Y13.032 Z14.77 E116.96187
G1 X13.066 Y13.736 Z14.775 E117.29296
G1 X13.019 Y14.167 Z14.778 E117.49685
G1 X12.881 Y14.443 Z14.78 E117.64196
G1 X11.632 Y15.476 Z14.792 E118.4042
G1 X11.472 Y15.523 Z14.793 E118.48262
G1 X11.172 Y15.525 Z14.795 E118.62371
G1 X9.766 Y15.296 Z14.805 E119.29363
G1 X8.596 Y15.386 Z14.813 E119.84548
G1 X7.578 Y16.15 Z14.822 E120.44404
G1 X7.09 Y17.045 Z14.829 E120.92344
G1 X6.818 Y17.686 Z14.834 E121.2509
G1 X6.608 Y18.067 Z14.837 E121.45549
G1 X6.449 Y18.249 Z14.839 E121.56915
G1 X4.824 Y18.749 Z14.85 E122.3687
G1 X4.66 Y18.732 Z14.852 E122.44624
G1 X4.383 Y18.619 Z14.854 E122.58693
G1 X3.169 Y17.869 Z14.864 E123.25801
G1 X2.054 Y17.505 Z14.872 E123.8096
G1 X0.823 Y17.819 Z14.881 E124.40704
G1 X0.029 Y18.459 Z14.888 E124.88664
G1 X-.468 Y18.946 Z14.893 E125.21387
G1 X-.811 Y19.221 Z14.896 E125.42062
G1 X-1.103 Y19.32 Z14.898 E125.56562
G1 X-2.721 Y19.167 Z14.909 E126.32992
G1 X-2.866 Y19.089 Z14.911 E126.40735
G1 X-3.078 Y18.879 Z14.913 E126.54768
G1 X-3.909 Y17.724 Z14.923 E127.21683
G1 X-4.798 Y16.957 Z14.931 E127.76899
G1 X-6.059 Y16.78 Z14.94 E128.36783
G1 X-7.037 Y17.065 Z14.947 E128.84689
G1 X-7.684 Y17.325 Z14.952 E129.1748
G1 X-8.107 Y17.448 Z14.955 E129.38197
G1 X-8.412 Y17.429 Z14.957 E129.52568
G1 X-9.847 Y16.667 Z14.968 E130.28977
G1 X-9.951 Y16.542 Z14.969 E130.36624
G1 X-10.069 Y16.261 Z14.972 E130.50957
G1 X-10.394 Y14.876 Z14.982 E131.17859
G1 X-10.924 Y13.831 Z14.99 E131.72962
G1 X-12.018 Y13.183 Z14.999 E132.32758
G1 X-13.032 Y13.073 Z15.006 E132.80724
G1 X-13.736 Y13.066 Z15.011 E133.13833
G1 X-14.167 Y13.019 Z15.014 E133.34222
G1 X-14.443 Y12.881 Z15.016 E133.48733
G1 X-15.476 Y11.632 Z15.027 E134.24957
G1 X-15.523 Y11.472 Z15.028 E134.32799
G1 X-15.525 Y11.172 Z15.031 E134.46908
G1 X-15.296 Y9.766 Z15.041 E135.139
G1 X-15.386 Y8.596 Z15.049 E135.69085
G1 X-16.15 Y7.578 Z15.058 E136.28942
G1 X-17.045 Y7.09 Z15.065 E136.76881
G1 X-17.686 Y6.818 Z15.07 E137.09628
G1 X-18.067 Y6.608 Z15.073 E137.30086
G1 X-18.249 Y6.449 Z15.074 E137.41451
G1 X-18.749 Y4.824 Z15.086 E138.21407
G1 X-18.732 Y4.66 Z15.087 E138.29161
G1 X-18.619 Y4.383 Z15.09 E138.4323
G1 X-17.869 Y3.169 Z15.1 E139.10338
G1 X-17.505 Y2.054 Z15.108 E139.65497
G1 X-17.819 Y0.823 Z15.117 E140.25241
G1 X-18.459 Y0.029 Z15.124 E140.73201
G1 X-18.946 Y-.468 Z15.129 E141.05924
G1 X-19.221 Y-.811 Z15.132 E141.26599
G1 X-19.32 Y-1.103 Z15.134 E141.41099
G1 X-19.167 Y-2.721 Z15.145 E142.17529
G1 X-19.089 Y-2.866 Z15.146 E142.25272
G1 X-18.879 Y-3.078 Z15.148 E142.39305
G1 X-17.724 Y-3.909 Z15.158 E143.06219
G1 X-16.957 Y-4.798 Z15.167 E143.61436
G1 X-16.78 Y-6.059 Z15.176 E144.2132
G1 X-17.065 Y-7.037 Z15.183 E144.69226
G1 X-17.325 Y-7.684 Z15.188 E145.02017
G1 X-17.448 Y-8.107 Z15.191 E145.22734
G1 X-17.429 Y-8.412 Z15.193 E145.37105
G1 X-16.667 Y-9.847 Z15.204 E146.13514
G1 X-16.542 Y-9.951 Z15.205 E146.21161
G1 X-16.261 Y-10.069 Z15.207 E146.35493
G1 X-14.876 Y-10.394 Z15.217 E147.02396
G1 X-13.831 Y-10.924 Z15.226 E147.57499
G1 X-13.183 Y-12.018 Z15.234 E148.17295
G1 X-13.073 Y-13.032 Z15.242 E148.65261
G1 X-13.066 Y-13.736 Z15.247 E148.9837
G1 X-13.019 Y-14.167 Z15.25 E149.18759
G1 X-12.881 Y-14.443 Z15.252 E149.3327
G1 X-11.632 Y-15.476 Z15.263 E150.09494
G1 X-11.472 Y-15.523 Z15.264 E150.17336
G1 X-11.172 Y-15.525 Z15.266 E150.31445
G1 X-9.766 Y-15.296 Z15.276 E150.98437
G1 X-8.596 Y-15.386 Z15.285 E151.53622
G1 X-7.578 Y-16.15 Z15.293 E152.13478
G1 X-7.09 Y-17.045 Z15.301 E152.61418
G1 X-6.818 Y-17.686 Z15.305 E152.94164
G1 X-6.608 Y-18.067 Z15.308 E153.14623
G1 X-6.449 Y-18.249 Z15.31 E153.25988
G1 X-4.824 Y-18.749 Z15.322 E154.05944
G1 X-4.66 Y-18.732 Z15.323 E154.13698
G1 X-4.383 Y-18.619 Z15.325 E154.27767
G1 X-3.169 Y-17.869 Z15.335 E154.94874
G1 X-2.054 Y-17.505 Z15.343 E155.50033
G1 X-.823 Y-17.819 Z15.352 E156.09778
G1 X-0.029 Y-18.459 Z15.36 E156.57738
G1 X0.468 Y-18.946 Z15.364 E156.90461
G1 X0.811 Y-19.221 Z15.367 E157.11136
G1 X1.103 Y-19.32 Z15.37 E157.25636
G1 X2.721 Y-19.167 Z15.381 E158.02066
G1 X2.866 Y-19.089 Z15.382 E158.09808
G1 X3.078 Y-18.879 Z15.384 E158.23842
G1 X3.909 Y-17.724 Z15.394 E158.90756
G1 X4.798 Y-16.957 Z15.402 E159.45973
G1 X6.059 Y-16.78 Z15.411 E160.05856
G1 X7.037 Y-17.065 Z15.418 E160.53762
G1 X7.684 Y-17.325 Z15.423 E160.86554
G1 X8.107 Y-17.448 Z15.426 E161.0727
G1 X8.412 Y-17.429 Z15.429 E161.21642
G1 X9.847 Y-16.667 Z15.44 E161.98051
G1 X9.951 Y-16.542 Z15.441 E162.05698
G1 X10.069 Y-16.261 Z15.443 E162.2003
G1 X10.394 Y-14.876 Z15.453 E162.86933
G1 X10.924 Y-13.831 Z15.461 E163.42036
G1 X12.018 Y-13.183 Z15.47 E164.01832
G1 X13.032 Y-13.073 Z15.477 E164.49797
G1 X13.736 Y-13.066 Z15.482 E164.82906
G1 X14.167 Y-13.019 Z15.485 E165.03295
G1 X14.443 Y-12.881 Z15.487 E165.17807
G1 X15.476 Y-11.632 Z15.499 E165.94031
G1 X15.523 Y-11.472 Z15.5 E166.01873
;TIME_ELAPSED:181.838821
;LAYER:15
;note -- min layer time used
;TYPE:WALL-OUTER
;MESH:ceramic_two_component_3mm_nozzle_v4.stl
G1 F1709.6 X15.338 Y-10.024 Z15.51 E166.70522
G1 X15.382 Y-8.619 Z15.52 E167.36629
G1 X16.288 Y-7.5 Z15.53 E168.04338
G1 X17.352 Y-6.963 Z15.539 E168.60388
G1 X18.073 Y-6.619 Z15.544 E168.97956
G1 X18.271 Y-6.46 Z15.546 E169.09898
G1 X18.29 Y-6.415 E169.12195
G1 X18.585 Y-5.465 Z15.553 E169.58976
G1 X18.784 Y-4.834 Z15.558 E169.90091
G1 X18.764 Y-4.712 Z15.559 E169.95905
G1 X18.007 Y-3.39 Z15.57 E170.67547
G1 X17.502 Y-2.077 Z15.579 E171.33703
G1 X17.915 Y-.693 Z15.59 E172.01626
G1 X18.7 Y0.203 Z15.598 E172.57646
G1 X19.245 Y0.792 Z15.604 E172.95384
G1 X19.378 Y1.091 Z15.606 E173.10774
G1 X19.389 Y1.106 E173.11649
G1 X19.239 Y2.733 Z15.617 E173.88487
G1 X19.16 Y2.845 Z15.618 E173.94932
G1 X17.935 Y3.76 Z15.629 E174.66838
G1 X16.958 Y4.769 Z15.639 E175.32888
G1 X16.814 Y6.214 Z15.649 E176.01179
G1 X17.205 Y7.343 Z15.658 E176.57367
G1 X17.495 Y8.094 Z15.663 E176.95226
G1 X17.52 Y8.43 Z15.666 E177.11072
G1 X17.527 Y8.458 E177.12429
G1 X16.762 Y9.905 Z15.677 E177.89402
G1 X16.627 Y9.982 Z15.678 E177.96711
G1 X15.134 Y10.337 Z15.689 E178.68881
G1 X13.839 Y10.89 Z15.699 E179.35102
G1 X13.151 Y12.176 Z15.709 E180.0369
G1 X13.092 Y13.367 Z15.718 E180.59769
G1 X13.085 Y14.176 Z15.723 E180.97815
G1 X12.987 Y14.514 Z15.726 E181.14365
G1 X12.981 Y14.551 E181.16128
G1 X11.726 Y15.595 Z15.737 E181.92899
G1 X11.552 Y15.608 Z15.739 E182.01105
G1 X10.023 Y15.342 Z15.75 E182.7409
G1 X8.616 Y15.35 Z15.759 E183.40259
G1 X7.485 Y16.28 Z15.77 E184.0912
G1 X6.987 Y17.363 Z15.778 E184.65177
G1 X6.681 Y18.11 Z15.784 E185.0314
G1 X6.517 Y18.389 Z15.786 E185.18359
G1 X6.461 Y18.44 Z15.787 E185.21922
G1 X5.509 Y18.727 Z15.794 E185.68682
G1 X4.875 Y18.932 Z15.798 E186.00017
G1 X4.701 Y18.869 Z15.8 E186.0872
G1 X3.388 Y18.01 Z15.811 E186.82508
G1 X2.087 Y17.472 Z15.82 E187.48715
G1 X0.682 Y17.902 Z15.831 E188.17814
G1 X-.185 Y18.719 Z15.839 E188.73838
G1 X-.748 Y19.303 Z15.845 E189.11986
G1 X-1.064 Y19.511 Z15.847 E189.29777
G1 X-1.112 Y19.545 Z15.848 E189.32543
G1 X-2.756 Y19.389 Z15.859 E190.10204
G1 X-2.895 Y19.253 Z15.861 E190.19349
G1 X-3.763 Y17.937 Z15.872 E190.93487
G1 X-4.749 Y16.935 Z15.882 E191.59597
G1 X-6.219 Y16.797 Z15.892 E192.29032
G1 X-7.334 Y17.229 Z15.901 E192.85266
G1 X-8.074 Y17.565 Z15.906 E193.23485
G1 X-8.456 Y17.653 Z15.909 E193.4192
G1 X-8.525 Y17.668 E193.45241
G1 X-9.984 Y16.891 Z15.921 E194.22978
G1 X-10.063 Y16.694 Z15.923 E194.32959
G1 X-10.341 Y15.135 Z15.934 E195.07432
G1 X-10.861 Y13.824 Z15.944 E195.73758
G1 X-12.175 Y13.134 Z15.954 E196.43553
G1 X-13.367 Y13.118 Z15.962 E196.99615
G1 X-14.185 Y13.157 Z15.968 E197.38128
G1 X-14.589 Y13.101 Z15.971 E197.57308
G1 X-14.665 Y13.087 Z15.972 E197.60943
G1 X-15.716 Y11.821 Z15.983 E198.38322
G1 X-15.71 Y11.582 Z15.985 E198.49565
G1 X-15.346 Y10.022 Z15.996 E199.24899
G1 X-15.318 Y8.614 Z16.006 E199.91127
G1 X-16.272 Y7.47 Z16.016 E200.61178
G1 X-17.373 Y7.01 Z16.025 E201.17293
G1 X-18.147 Y6.743 Z16.03 E201.55797
G1 X-18.508 Y6.575 Z16.033 E201.74522
G1 X-18.59 Y6.506 Z16.034 E201.79562
G1 X-18.869 Y5.553 Z16.041 E202.26261
G1 X-19.08 Y4.917 Z16.046 E202.57773
G1 X-18.974 Y4.69 Z16.047 E202.69555
G1 X-18.013 Y3.386 Z16.059 E203.45733
G1 X-17.442 Y2.097 Z16.069 E204.12033
G1 X-17.889 Y0.672 Z16.079 E204.82267
G1 X-18.737 Y-.168 Z16.088 E205.38399
G1 X-19.361 Y-.704 Z16.093 E205.77084
G1 X-19.644 Y-1.037 Z16.096 E205.97635
G1 X-19.701 Y-1.119 Z16.097 E206.02332
G1 X-19.538 Y-2.78 Z16.109 E206.8082
G1 X-19.346 Y-2.945 Z16.111 E206.92726
G1 X-17.94 Y-3.766 Z16.122 E207.69293
G1 X-16.911 Y-4.729 Z16.132 E208.35571
G1 X-16.781 Y-6.224 Z16.142 E209.06142
G1 X-17.252 Y-7.324 Z16.151 E209.62415
G1 X-17.635 Y-8.054 Z16.157 E210.01184
G1 X-17.787 Y-8.482 Z16.16 E210.22543
G1 X-17.81 Y-8.591 Z16.161 E210.27782
G1 X-17.02 Y-10.063 Z16.172 E211.06346
G1 X-16.761 Y-10.144 Z16.174 E211.19107
G1 X-15.136 Y-10.346 Z16.186 E211.96116
G1 X-13.809 Y-10.833 Z16.196 E212.62591
G1 X-13.117 Y-12.173 Z16.206 E213.33515
G1 X-13.143 Y-13.368 Z16.215 E213.89726
G1 X-13.228 Y-14.195 Z16.22 E214.28822
G1 X-13.215 Y-14.665 Z16.224 E214.50934
G1 X-13.193 Y-14.78 Z16.225 E214.5644
G1 X-11.916 Y-15.837 Z16.236 E215.34398
G1 X-11.611 Y-15.811 Z16.238 E215.48793
G1 X-10.022 Y-15.35 Z16.25 E216.26601
G1 X-8.611 Y-15.287 Z16.26 E216.93023
G1 X-7.455 Y-16.264 Z16.271 E217.64203
G1 X-7.033 Y-17.383 Z16.279 E218.20444
G1 X-6.806 Y-18.185 Z16.285 E218.59642
G1 X-6.632 Y-18.626 Z16.288 E218.81937
G1 X-6.552 Y-18.74 Z16.289 E218.88486
G1 X-5.596 Y-19.011 Z16.296 E219.35216
G1 X-4.958 Y-19.228 Z16.301 E219.66908
G1 X-4.679 Y-19.079 Z16.303 E219.81782
G1 X-3.384 Y-18.017 Z16.315 E220.60543
G1 X-2.106 Y-17.411 Z16.325 E221.27059
G1 X-.661 Y-17.876 Z16.335 E221.98445
G1 X0.15 Y-18.755 Z16.344 E222.54689
G1 X0.66 Y-19.419 Z16.35 E222.94063
G1 X1.009 Y-19.778 Z16.353 E223.17609
G1 X1.125 Y-19.857 Z16.354 E223.24209
G1 X2.804 Y-19.687 Z16.366 E224.03572
G1 X2.995 Y-19.439 Z16.368 E224.18293
G1 X3.77 Y-17.942 Z16.38 E224.97568
G1 X4.708 Y-16.887 Z16.39 E225.63956
G1 X6.229 Y-16.764 Z16.401 E226.35719
G1 X7.315 Y-17.276 Z16.409 E226.92182
G1 X8.034 Y-17.704 Z16.415 E227.31532
G1 X8.508 Y-17.92 Z16.419 E227.56029
G1 X8.658 Y-17.952 Z16.42 E227.63241
G1 X10.142 Y-17.15 Z16.431 E228.4257
G1 X10.225 Y-16.828 Z16.434 E228.58208
G1 X10.35 Y-15.137 Z16.446 E229.37948
G1 X10.804 Y-13.794 Z16.456 E230.04617
G1 X12.171 Y-13.1 Z16.466 E230.76714
G1 X13.368 Y-13.168 Z16.475 E231.33097
G1 X14.204 Y-13.3 Z16.481 E231.72899
G1 X14.741 Y-13.328 Z16.485 E231.98187
G1 X14.895 Y-13.299 Z16.486 E232.05557
G1 X15.958 Y-12.011 Z16.497 E232.84093
G1 X15.912 Y-11.641 Z16.5 E233.01627
;TIME_ELAPSED:186.846061
;LAYER:16
;note -- min layer time used
;TYPE:WALL-OUTER
;MESH:ceramic_two_component_3mm_nozzle_v4.stl
G1 F1919.9 X15.426 Y-10.229 Z16.509 E233.71853
G1 X15.255 Y-8.609 Z16.52 E234.4846
G1 X16.372 Y-7.401 Z16.53 E235.25834
G1 X17.661 Y-6.992 Z16.538 E235.8943
G1 X18.602 Y-6.732 Z16.544 E236.35341
G1 X18.882 Y-6.599 Z16.546 E236.49918
G1 X18.893 Y-6.582 E236.50871
G1 X19.16 Y-5.61 Z16.553 E236.98275
G1 X19.374 Y-5.002 Z16.557 E237.28587
G1 X19.345 Y-4.956 E237.31144
G1 X18.165 Y-3.546 Z16.569 E238.17609
G1 X17.381 Y-2.117 Z16.579 E238.94261
G1 X17.956 Y-.569 Z16.589 E239.71919
G1 X18.995 Y0.295 Z16.598 E240.35467
G1 X19.774 Y0.89 Z16.604 E240.81565
G1 X20.001 Y1.128 Z16.606 E240.97032
G1 X20.009 Y1.164 E240.98766
G1 X19.903 Y2.132 Z16.612 E241.44561
G1 X19.845 Y2.762 Z16.616 E241.74313
G1 X19.786 Y2.848 Z16.617 E241.79218
G1 X18.141 Y3.676 Z16.628 E242.65825
G1 X16.863 Y4.686 Z16.638 E243.42429
G1 X16.801 Y6.343 Z16.649 E244.20407
G1 X17.44 Y7.539 Z16.657 E244.84176
G1 X17.938 Y8.377 Z16.663 E245.30019
G1 X18.079 Y8.711 Z16.666 E245.47069
G1 X18.077 Y8.752 E245.48999
G1 X17.605 Y9.603 Z16.672 E245.94763
G1 X17.313 Y10.166 Z16.676 E246.24588
G1 X17.199 Y10.221 Z16.677 E246.30541
G1 X15.353 Y10.339 Z16.688 E247.1753
G1 X13.781 Y10.774 Z16.698 E247.94235
G1 X13.091 Y12.294 Z16.709 E248.72737
G1 X13.232 Y13.64 Z16.717 E249.36382
G1 X13.383 Y14.608 Z16.723 E249.82455
G1 X13.394 Y14.986 Z16.726 E250.00239
G1 X13.373 Y15.035 E250.02746
G1 X12.612 Y15.642 Z16.732 E250.48524
G1 X12.132 Y16.057 Z16.736 E250.78364
G1 X11.977 Y16.038 Z16.737 E250.85708
G1 X10.228 Y15.428 Z16.749 E251.72818
G1 X8.608 Y15.221 Z16.759 E252.49621
G1 X7.386 Y16.367 Z16.769 E253.28406
G1 X7.011 Y17.665 Z16.778 E253.91944
G1 X6.788 Y18.622 Z16.784 E254.38155
G1 X6.652 Y19.002 Z16.786 E254.57135
G1 X6.623 Y19.043 Z16.787 E254.59497
G1 X5.657 Y19.299 Z16.793 E255.06493
G1 X5.054 Y19.521 Z16.797 E255.36712
G1 X4.914 Y19.418 Z16.798 E255.44885
G1 X3.544 Y18.167 Z16.81 E256.32132
G1 X2.13 Y17.349 Z16.82 E257.08954
G1 X0.556 Y17.945 Z16.83 E257.88104
G1 X-.279 Y19.006 Z16.839 E258.51599
G1 X-.845 Y19.814 Z16.845 E258.97992
G1 X-1.124 Y20.132 Z16.848 E259.17887
G1 X-1.181 Y20.164 E259.20961
G1 X-2.147 Y20.044 Z16.854 E259.66738
G1 X-2.779 Y20.003 Z16.858 E259.96522
G1 X-2.913 Y19.835 Z16.86 E260.06628
G1 X-3.679 Y18.142 Z16.871 E260.94015
G1 X-4.663 Y16.839 Z16.881 E261.70802
G1 X-6.351 Y16.787 Z16.892 E262.50222
G1 X-7.529 Y17.457 Z16.9 E263.13953
G1 X-8.351 Y17.992 Z16.906 E263.60076
G1 X-8.758 Y18.202 Z16.909 E263.81614
G1 X-8.826 Y18.213 Z16.91 E263.84854
G1 X-9.671 Y17.729 Z16.916 E264.30649
G1 X-10.243 Y17.452 Z16.92 E264.60537
G1 X-10.3 Y17.221 Z16.921 E264.71726
G1 X-10.342 Y15.353 Z16.933 E265.59595
G1 X-10.743 Y13.768 Z16.943 E266.36482
G1 X-12.295 Y13.074 Z16.954 E267.16433
G1 X-13.637 Y13.252 Z16.962 E267.80096
G1 X-14.605 Y13.443 Z16.968 E268.26496
G1 X-15.078 Y13.489 Z16.971 E268.48845
G1 X-15.155 Y13.471 Z16.972 E268.52564
G1 X-15.751 Y12.701 Z16.978 E268.98355
G1 X-16.177 Y12.23 Z16.982 E269.28221
G1 X-16.121 Y11.962 Z16.984 E269.41096
G1 X-15.431 Y10.227 Z16.995 E270.28904
G1 X-15.187 Y8.606 Z17.006 E271.05994
G1 X-16.362 Y7.371 Z17.016 E271.8616
G1 X-17.67 Y7.03 Z17.025 E272.49728
G1 X-18.643 Y6.845 Z17.031 E272.96305
G1 X-19.122 Y6.705 Z17.034 E273.19773
G1 X-19.193 Y6.663 Z17.035 E273.23653
G1 X-19.437 Y5.705 Z17.041 E273.70143
G1 X-19.668 Y5.106 Z17.045 E274.00335
G1 X-19.49 Y4.873 Z17.047 E274.14124
G1 X-18.169 Y3.542 Z17.058 E275.02312
G1 X-17.318 Y2.142 Z17.069 E275.7936
G1 X-17.935 Y0.544 Z17.079 E276.59916
G1 X-19.018 Y-.263 Z17.088 E277.23432
G1 X-19.855 Y-.8 Z17.094 E277.70198
G1 X-20.263 Y-1.121 Z17.097 E277.94612
G1 X-20.319 Y-1.198 Z17.098 E277.99089
G1 X-20.185 Y-2.163 Z17.104 E278.44906
G1 X-20.161 Y-2.796 Z17.108 E278.74696
G1 X-19.882 Y-2.978 Z17.11 E278.90361
G1 X-18.143 Y-3.681 Z17.122 E279.78571
G1 X-16.814 Y-4.639 Z17.132 E280.55616
G1 X-16.773 Y-6.358 Z17.143 E281.36479
G1 X-17.474 Y-7.519 Z17.151 E282.00258
G1 X-18.047 Y-8.325 Z17.157 E282.46764
G1 X-18.324 Y-8.806 Z17.161 E282.72867
G1 X-18.349 Y-8.901 E282.77487
G1 X-17.853 Y-9.739 Z17.167 E283.23281
G1 X-17.591 Y-10.319 Z17.171 E283.53211
G1 X-17.243 Y-10.379 Z17.174 E283.69818
G1 X-15.353 Y-10.345 Z17.185 E284.58714
G1 X-13.755 Y-10.712 Z17.196 E285.3582
G1 X-13.058 Y-12.296 Z17.206 E286.17204
G1 X-13.272 Y-13.634 Z17.215 E286.80927
G1 X-13.503 Y-14.601 Z17.221 E287.27681
G1 X-13.584 Y-15.169 Z17.225 E287.54663
G1 X-13.57 Y-15.276 E287.59738
G1 X-12.79 Y-15.859 Z17.232 E288.05534
G1 X-12.329 Y-16.298 Z17.235 E288.3547
G1 X-11.952 Y-16.203 Z17.238 E288.53754
G1 X-10.226 Y-15.433 Z17.25 E289.42634
G1 X-8.605 Y-15.152 Z17.26 E290.20002
G1 X-7.355 Y-16.357 Z17.271 E291.01653
G1 X-7.05 Y-17.675 Z17.279 E291.65273
G1 X-6.902 Y-18.663 Z17.286 E292.12254
G1 X-6.758 Y-19.242 Z17.289 E292.40312
G1 X-6.704 Y-19.343 Z17.29 E292.45698
G1 X-5.752 Y-19.576 Z17.296 E292.9179
G1 X-5.158 Y-19.814 Z17.3 E293.21883
G1 X-4.831 Y-19.562 Z17.303 E293.41298
G1 X-3.54 Y-18.171 Z17.315 E294.30545
G1 X-2.155 Y-17.286 Z17.325 E295.07839
G1 X-.532 Y-17.924 Z17.336 E295.8985
G1 X0.247 Y-19.03 Z17.344 E296.53469
G1 X0.756 Y-19.895 Z17.35 E297.00667
G1 X1.118 Y-20.394 Z17.354 E297.29659
G1 X1.215 Y-20.474 Z17.355 E297.35572
G1 X2.178 Y-20.326 Z17.361 E297.81391
G1 X2.813 Y-20.318 Z17.365 E298.11256
G1 X3.042 Y-19.932 Z17.368 E298.32362
G1 X3.684 Y-18.144 Z17.38 E299.21703
G1 X4.615 Y-16.79 Z17.39 E299.98978
G1 X6.365 Y-16.758 Z17.401 E300.81289
G1 X7.509 Y-17.491 Z17.41 E301.45185
G1 X8.299 Y-18.101 Z17.416 E301.92123
G1 X8.854 Y-18.447 Z17.42 E302.22879
G1 X8.976 Y-18.485 Z17.421 E302.28889
G1 X9.807 Y-17.978 Z17.427 E302.74668
G1 X10.395 Y-17.73 Z17.431 E303.04679
G1 X10.457 Y-17.265 Z17.434 E303.2674
G1 X10.347 Y-15.353 Z17.446 E304.16805
G1 X10.681 Y-13.742 Z17.456 E304.94177
G1 X12.297 Y-13.041 Z17.467 E305.77015
G1 X13.631 Y-13.292 Z17.475 E306.4085
G1 X14.598 Y-13.564 Z17.482 E306.8809
G1 X15.26 Y-13.679 Z17.486 E307.19689
G1 X15.397 Y-13.668 Z17.487 E307.26152
G1 X15.968 Y-12.879 Z17.493 E307.71954
G1 X16.419 Y-12.427 Z17.497 E308.01982
G1 X16.286 Y-11.941 Z17.5 E308.25677
;TIME_ELAPSED:191.879110
;LAYER:17
;note -- min layer time used
;TYPE:WALL-OUTER
;MESH:ceramic_two_component_3mm_nozzle_v4.stl
G1 F2160.8 X15.484 Y-10.324 Z17.51 E309.1056
G1 X15.117 Y-8.603 Z17.52 E309.93313
G1 X16.39 Y-7.331 Z17.53 E310.77943
G1 X17.852 Y-7.047 Z17.538 E311.47981
G1 X18.991 Y-6.886 Z17.544 E312.02078
G1 X19.482 Y-6.746 Z17.547 E312.26088
G1 X19.488 Y-6.744 E312.26386
G1 X19.729 Y-5.745 Z17.553 E312.74714
G1 X19.954 Y-5.208 Z17.556 E313.02094
G1 X19.919 Y-5.166 Z17.557 E313.04666
G1 X19.241 Y-4.466 Z17.562 E313.50494
G1 X18.254 Y-3.614 Z17.569 E314.11811
G1 X17.248 Y-2.166 Z17.579 E314.94728
G1 X17.943 Y-.495 Z17.589 E315.79836
G1 X19.19 Y0.32 Z17.597 E316.49893
G1 X20.191 Y0.901 Z17.604 E317.04322
G1 X20.606 Y1.222 Z17.607 E317.28995
G1 X20.617 Y1.231 E317.29663
G1 X20.456 Y2.246 Z17.612 E317.77992
G1 X20.461 Y2.826 Z17.616 E318.05269
G1 X20.387 Y2.863 E318.0916
G1 X19.477 Y3.247 Z17.622 E318.55609
G1 X18.249 Y3.645 Z17.629 E319.16316
G1 X16.754 Y4.59 Z17.639 E319.99489
G1 X16.762 Y6.411 Z17.649 E320.85126
G1 X17.607 Y7.638 Z17.657 E321.55188
G1 X18.318 Y8.556 Z17.663 E322.09793
G1 X18.596 Y9.023 Z17.666 E322.35352
G1 X18.605 Y9.043 Z17.667 E322.36384
G1 X18.07 Y9.913 Z17.672 E322.84414
G1 X17.851 Y10.456 Z17.676 E323.11949
G1 X17.741 Y10.462 E323.17129
G1 X16.758 Y10.459 Z17.682 E323.63357
G1 X15.463 Y10.35 Z17.689 E324.24473
G1 X13.714 Y10.642 Z17.699 E325.07862
G1 X13.025 Y12.338 Z17.709 E325.9395
G1 X13.345 Y13.794 Z17.717 E326.64056
G1 X13.66 Y14.917 Z17.724 E327.18905
G1 X13.748 Y15.471 Z17.727 E327.45285
G1 X13.748 Y15.501 E327.46696
G1 X12.922 Y16.094 Z17.733 E327.94514
G1 X12.513 Y16.515 Z17.736 E328.22117
G1 X12.387 Y16.471 Z17.737 E328.28394
G1 X11.451 Y16.065 Z17.742 E328.76373
G1 X10.327 Y15.477 Z17.749 E329.36028
G1 X8.591 Y15.066 Z17.759 E330.19924
G1 X7.306 Y16.385 Z17.769 E331.06522
G1 X7.053 Y17.853 Z17.778 E331.76576
G1 X6.924 Y18.999 Z17.784 E332.30809
G1 X6.792 Y19.579 Z17.787 E332.58782
G1 X6.778 Y19.614 Z17.788 E332.60556
G1 X5.791 Y19.842 Z17.793 E333.08194
G1 X5.251 Y20.077 Z17.796 E333.35889
G1 X5.129 Y19.967 Z17.797 E333.43614
G1 X4.451 Y19.255 Z17.803 E333.8985
G1 X3.619 Y18.249 Z17.81 E334.51242
G1 X2.174 Y17.197 Z17.82 E335.35298
G1 X0.474 Y17.929 Z17.83 E336.2234
G1 X-.315 Y19.193 Z17.839 E336.92412
G1 X-.869 Y20.213 Z17.845 E337.46999
G1 X-1.216 Y20.713 Z17.848 E337.7562
G1 X-1.248 Y20.746 Z17.849 E337.77782
G1 X-2.246 Y20.578 Z17.854 E338.25375
G1 X-2.833 Y20.591 Z17.858 E338.52987
G1 X-2.916 Y20.417 Z17.859 E338.62053
G1 X-3.266 Y19.483 Z17.864 E339.08959
G1 X-3.637 Y18.246 Z17.871 E339.69692
G1 X-4.563 Y16.709 Z17.881 E340.54077
G1 X-6.425 Y16.741 Z17.892 E341.41654
G1 X-7.634 Y17.612 Z17.9 E342.11728
G1 X-8.535 Y18.351 Z17.906 E342.66529
G1 X-9.059 Y18.697 Z17.91 E342.96058
G1 X-9.109 Y18.718 E342.98609
G1 X-9.96 Y18.181 Z17.916 E343.4593
G1 X-10.512 Y17.969 Z17.919 E343.73738
G1 X-10.522 Y17.749 Z17.92 E343.84095
G1 X-10.479 Y16.762 Z17.926 E344.30555
G1 X-10.341 Y15.464 Z17.933 E344.9194
G1 X-10.6 Y13.683 Z17.943 E345.76576
G1 X-12.343 Y13.001 Z17.953 E346.64595
G1 X-13.792 Y13.351 Z17.962 E347.34698
G1 X-14.91 Y13.699 Z17.968 E347.89762
G1 X-15.543 Y13.827 Z17.972 E348.20133
G1 X-15.604 Y13.828 E348.23002
G1 X-16.181 Y13.008 Z17.978 E348.70154
G1 X-16.612 Y12.599 Z17.981 E348.98096
G1 X-16.529 Y12.371 Z17.982 E349.09507
G1 X-16.084 Y11.442 Z17.988 E349.57949
G1 X-15.47 Y10.331 Z17.995 E350.17644
G1 X-15.016 Y8.579 Z18.005 E351.02757
G1 X-16.38 Y7.282 Z18.016 E351.91271
G1 X-17.854 Y7.059 Z18.024 E352.61378
G1 X-19.008 Y6.963 Z18.03 E353.15835
G1 X-19.676 Y6.838 Z18.034 E353.47794
G1 X-19.739 Y6.812 E353.50999
G1 X-19.954 Y5.837 Z18.04 E353.97952
G1 X-20.2 Y5.294 Z18.043 E354.25986
G1 X-20.014 Y5.092 Z18.045 E354.389
G1 X-19.268 Y4.435 Z18.05 E354.85648
G1 X-18.244 Y3.625 Z18.058 E355.47048
G1 X-17.145 Y2.182 Z18.068 E356.32348
G1 X-17.915 Y0.453 Z18.078 E357.21356
G1 X-19.196 Y-.309 Z18.086 E357.91451
G1 X-20.236 Y-.837 Z18.093 E358.46301
G1 X-20.82 Y-1.211 Z18.097 E358.78914
G1 X-20.875 Y-1.265 E358.82539
G1 X-20.699 Y-2.247 Z18.103 E359.29455
G1 X-20.72 Y-2.841 Z18.106 E359.57407
G1 X-20.446 Y-2.969 Z18.108 E359.71629
G1 X-19.49 Y-3.285 Z18.113 E360.18979
G1 X-18.243 Y-3.629 Z18.12 E360.79812
G1 X-16.664 Y-4.537 Z18.131 E361.6547
G1 X-16.721 Y-6.439 Z18.141 E362.54956
G1 X-17.617 Y-7.63 Z18.149 E363.25045
G1 X-18.384 Y-8.514 Z18.156 E363.80084
G1 X-18.797 Y-9.095 Z18.16 E364.13607
G1 X-18.831 Y-9.174 E364.17651
G1 X-18.293 Y-10.007 Z18.166 E364.64285
G1 X-18.086 Y-10.569 Z18.169 E364.9245
G1 X-17.756 Y-10.582 Z18.171 E365.07981
G1 X-16.755 Y-10.499 Z18.177 E365.55217
G1 X-15.464 Y-10.333 Z18.184 E366.16428
G1 X-13.652 Y-10.558 Z18.194 E367.02296
G1 X-12.977 Y-12.348 Z18.205 E367.92261
G1 X-13.357 Y-13.791 Z18.213 E368.62434
G1 X-13.739 Y-14.903 Z18.219 E369.17728
G1 X-13.906 Y-15.614 Z18.223 E369.52074
G1 X-13.907 Y-15.707 Z18.224 E369.56448
G1 X-13.093 Y-16.267 Z18.229 E370.02912
G1 X-12.686 Y-16.71 Z18.233 E370.31203
G1 X-12.355 Y-16.587 Z18.235 E370.47809
G1 X-11.433 Y-16.101 Z18.241 E370.96823
G1 X-10.334 Y-15.463 Z18.248 E371.56583
G1 X-8.566 Y-14.965 Z18.258 E372.42962
G1 X-7.257 Y-16.375 Z18.269 E373.3344
G1 X-7.065 Y-17.854 Z18.277 E374.03577
G1 X-7.001 Y-19.017 Z18.283 E374.58352
G1 X-6.883 Y-19.773 Z18.288 E374.94335
G1 X-6.846 Y-19.865 E374.98998
G1 X-5.883 Y-20.067 Z18.294 E375.45271
G1 X-5.337 Y-20.323 Z18.297 E375.7363
G1 X-5.055 Y-20.061 Z18.299 E375.91732
G1 X-4.42 Y-19.281 Z18.305 E376.39032
G1 X-3.631 Y-18.239 Z18.312 E377.00497
G1 X-2.19 Y-17.094 Z18.322 E377.87051
G1 X-.432 Y-17.901 Z18.333 E378.78019
G1 X0.304 Y-19.199 Z18.341 E379.48191
G1 X0.805 Y-20.259 Z18.348 E380.03327
G1 X1.205 Y-20.927 Z18.352 E380.39942
G1 X1.282 Y-21.005 Z18.353 E380.45097
G1 X2.247 Y-20.82 Z18.358 E380.91304
G1 X2.849 Y-20.85 Z18.361 E381.1965
G1 X3.021 Y-20.476 Z18.364 E381.39009
G1 X3.301 Y-19.509 Z18.369 E381.86352
G1 X3.622 Y-18.24 Z18.377 E382.47909
G1 X4.51 Y-16.619 Z18.387 E383.34829
G1 X6.453 Y-16.7 Z18.398 E384.26282
G1 X7.626 Y-17.622 Z18.406 E384.96446
G1 X8.493 Y-18.418 Z18.412 E385.51796
G1 X9.131 Y-18.898 Z18.417 E385.89343
G1 X9.239 Y-18.944 E385.94863
G1 X10.053 Y-18.404 Z18.423 E386.40801
G1 X10.625 Y-18.203 Z18.426 E386.69313
G1 X10.642 Y-17.763 Z18.429 E386.9002
G1 X10.521 Y-16.759 Z18.434 E387.37577
G1 X10.325 Y-15.465 Z18.442 E387.99124
G1 X10.517 Y-13.621 Z18.452 E388.86311
G1 X12.352 Y-12.952 Z18.463 E389.78162
G1 X13.789 Y-13.362 Z18.471 E390.48437
G1 X14.897 Y-13.778 Z18.478 E391.04094
G1 X15.686 Y-13.986 Z18.482 E391.42466
G1 X15.81 Y-13.987 Z18.483 E391.48298
G1 X16.353 Y-13.178 Z18.488 E391.94118
G1 X16.807 Y-12.772 Z18.492 E392.2276
G1 X16.646 Y-12.338 Z18.494 E392.44529
G1 X16.124 Y-11.433 Z18.5 E392.93661
;TIME_ELAPSED:196.983587
;LAYER:18
;note -- min layer time used
;TYPE:WALL-OUTER
;MESH:ceramic_two_component_3mm_nozzle_v4.stl
G1 F2379.3 X15.451 Y-10.323 Z18.507 E393.54706
G1 X14.913 Y-8.553 Z18.516 E394.41704
G1 X16.368 Y-7.231 Z18.526 E395.34154
G1 X17.875 Y-7.069 Z18.533 E396.05432
G1 X19.204 Y-7.011 Z18.54 E396.6799
G1 X19.983 Y-6.878 Z18.544 E397.05154
G1 X20.215 Y-5.835 Z18.55 E397.55402
G1 X20.437 Y-5.377 Z18.552 E397.79337
G1 X20.275 Y-5.206 Z18.553 E397.90415
G1 X19.351 Y-4.454 Z18.559 E398.46439
G1 X18.222 Y-3.63 Z18.566 E399.1217
G1 X17.032 Y-2.196 Z18.576 E399.99803
G1 X17.878 Y-.411 Z18.586 E400.92697
G1 X19.218 Y0.313 Z18.593 E401.64322
G1 X20.433 Y0.873 Z18.6 E402.27237
G1 X21.115 Y1.295 Z18.604 E402.64953
G1 X20.928 Y2.345 Z18.61 E403.15108
G1 X20.96 Y2.855 Z18.612 E403.39139
G1 X20.731 Y2.956 Z18.613 E403.50909
G1 X19.599 Y3.287 Z18.619 E404.06373
G1 X18.219 Y3.614 Z18.626 E404.73067
G1 X16.555 Y4.479 Z18.636 E405.61262
G1 X16.664 Y6.462 Z18.646 E406.54657
G1 X17.633 Y7.646 Z18.654 E407.26607
G1 X18.546 Y8.623 Z18.66 E407.89491
G1 X19.031 Y9.287 Z18.665 E408.2816
G1 X18.458 Y10.182 Z18.67 E408.78136
G1 X18.293 Y10.668 Z18.673 E409.02273
G1 X18.024 Y10.671 Z18.674 E409.14924
G1 X16.838 Y10.538 Z18.68 E409.71047
G1 X15.449 Y10.305 Z18.687 E410.3728
G1 X13.566 Y10.458 Z18.697 E411.26124
G1 X12.911 Y12.344 Z18.707 E412.20014
G1 X13.362 Y13.811 Z18.714 E412.92189
G1 X13.838 Y15.063 Z18.721 E413.55178
G1 X14.042 Y15.878 Z18.725 E413.94688
G1 X13.173 Y16.484 Z18.731 E414.4451
G1 X12.833 Y16.873 Z18.733 E414.68806
G1 X12.563 Y16.764 Z18.735 E414.82499
G1 X11.52 Y16.176 Z18.741 E415.38805
G1 X10.33 Y15.428 Z18.748 E416.04905
G1 X8.522 Y14.833 Z18.757 E416.94415
G1 X7.194 Y16.34 Z18.768 E417.88876
G1 X7.058 Y17.875 Z18.775 E418.61345
G1 X7.026 Y19.207 Z18.782 E419.24003
G1 X6.903 Y20.065 Z18.786 E419.64764
G1 X5.87 Y20.289 Z18.792 E420.14473
G1 X5.407 Y20.52 Z18.794 E420.38805
G1 X5.185 Y20.298 Z18.796 E420.5357
G1 X4.443 Y19.34 Z18.802 E421.10555
G1 X3.645 Y18.203 Z18.809 E421.75879
G1 X2.198 Y16.946 Z18.819 E422.66018
G1 X0.387 Y17.838 Z18.829 E423.60954
G1 X-.323 Y19.214 Z18.837 E424.33769
G1 X-.86 Y20.441 Z18.844 E424.96756
G1 X-1.304 Y21.2 Z18.848 E425.38108
G1 X-2.341 Y21.01 Z18.853 E425.87686
G1 X-2.86 Y21.049 Z18.856 E426.12162
G1 X-2.984 Y20.744 Z18.858 E426.27646
G1 X-3.288 Y19.599 Z18.864 E426.83357
G1 X-3.593 Y18.207 Z18.871 E427.50372
G1 X-4.444 Y16.476 Z18.88 E428.41081
G1 X-6.469 Y16.617 Z18.891 E429.36541
G1 X-7.653 Y17.626 Z18.899 E430.09697
G1 X-8.614 Y18.559 Z18.905 E430.72685
G1 X-9.327 Y19.106 Z18.91 E431.14946
G1 X-10.209 Y18.536 Z18.915 E431.64332
G1 X-10.706 Y18.373 Z18.918 E431.88929
G1 X-10.702 Y18.025 Z18.92 E432.05296
G1 X-10.538 Y16.838 Z18.926 E432.61647
G1 X-10.281 Y15.447 Z18.933 E433.28169
G1 X-10.396 Y13.506 Z18.943 E434.19608
G1 X-12.333 Y12.866 Z18.953 E435.15543
G1 X-13.815 Y13.352 Z18.961 E435.88889
G1 X-15.059 Y13.853 Z18.967 E436.51956
G1 X-15.944 Y14.096 Z18.972 E436.95115
G1 X-16.539 Y13.234 Z18.977 E437.44372
G1 X-16.939 Y12.892 Z18.98 E437.69121
G1 X-16.793 Y12.552 Z18.982 E437.86522
G1 X-16.177 Y11.52 Z18.988 E438.43042
G1 X-15.404 Y10.337 Z18.995 E439.09499
G1 X-14.753 Y8.49 Z19.005 E440.01595
G1 X-16.311 Y7.156 Z19.015 E440.98051
G1 X-17.874 Y7.047 Z19.023 E441.71733
G1 X-19.209 Y7.041 Z19.03 E442.34514
G1 X-20.146 Y6.927 Z19.035 E442.78904
G1 X-20.363 Y5.906 Z19.04 E443.27991
G1 X-20.604 Y5.437 Z19.043 E443.52788
G1 X-20.321 Y5.163 Z19.045 E443.71312
G1 X-19.353 Y4.451 Z19.051 E444.27822
G1 X-18.184 Y3.661 Z19.058 E444.94173
G1 X-16.859 Y2.199 Z19.068 E445.86961
G1 X-17.798 Y0.364 Z19.078 E446.83898
G1 X-19.21 Y-.333 Z19.086 E447.57949
G1 X-20.449 Y-.847 Z19.093 E448.21031
G1 X-21.284 Y-1.312 Z19.098 E448.65977
G1 X-21.092 Y-2.337 Z19.103 E449.15018
G1 X-21.138 Y-2.864 Z19.106 E449.39895
G1 X-20.757 Y-3.013 Z19.108 E449.59134
G1 X-19.599 Y-3.289 Z19.114 E450.15117
G1 X-18.196 Y-3.571 Z19.121 E450.82415
G1 X-16.398 Y-4.409 Z19.131 E451.75702
G1 X-16.571 Y-6.476 Z19.141 E452.73247
G1 X-17.618 Y-7.66 Z19.149 E453.47574
G1 X-18.571 Y-8.604 Z19.156 E454.10656
G1 X-19.181 Y-9.367 Z19.161 E454.56595
G1 X-18.613 Y-10.237 Z19.166 E455.05456
G1 X-18.453 Y-10.744 Z19.169 E455.30458
G1 X-18.026 Y-10.734 Z19.171 E455.50544
G1 X-16.837 Y-10.539 Z19.177 E456.07206
G1 X-15.444 Y-10.257 Z19.184 E456.74044
G1 X-13.445 Y-10.334 Z19.194 E457.6812
G1 X-12.821 Y-12.322 Z19.205 E458.66107
G1 X-13.343 Y-13.819 Z19.213 E459.40664
G1 X-13.868 Y-15.055 Z19.22 E460.03815
G1 X-14.151 Y-16.01 Z19.225 E460.50657
G1 X-13.295 Y-16.594 Z19.23 E460.99388
G1 X-12.952 Y-17.004 Z19.233 E461.24526
G1 X-12.541 Y-16.822 Z19.235 E461.45665
G1 X-11.519 Y-16.178 Z19.241 E462.02472
G1 X-10.344 Y-15.381 Z19.248 E462.69241
G1 X-8.459 Y-14.673 Z19.258 E463.63934
G1 X-7.119 Y-16.283 Z19.269 E464.6244
G1 X-7.036 Y-17.874 Z19.277 E465.37362
G1 X-7.056 Y-19.211 Z19.284 E466.00244
G1 X-6.951 Y-20.228 Z19.289 E466.48325
G1 X-5.941 Y-20.437 Z19.294 E466.96828
G1 X-5.467 Y-20.688 Z19.297 E467.22052
G1 X-5.142 Y-20.344 Z19.299 E467.44307
G1 X-4.441 Y-19.341 Z19.305 E468.01853
G1 X-3.676 Y-18.165 Z19.312 E468.67829
G1 X-2.201 Y-16.773 Z19.323 E469.63205
G1 X-.34 Y-17.758 Z19.333 E470.62225
G1 X0.343 Y-19.206 Z19.341 E471.37515
G1 X0.835 Y-20.458 Z19.348 E472.00776
G1 X1.321 Y-21.369 Z19.353 E472.49333
G1 X2.332 Y-21.174 Z19.358 E472.97753
G1 X2.869 Y-21.227 Z19.361 E473.2313
G1 X3.041 Y-20.77 Z19.364 E473.46093
G1 X3.289 Y-19.607 Z19.37 E474.02015
G1 X3.55 Y-18.184 Z19.377 E474.7005
G1 X4.374 Y-16.32 Z19.387 E475.65892
G1 X6.482 Y-16.524 Z19.398 E476.65488
G1 X7.667 Y-17.611 Z19.406 E477.41109
G1 X8.595 Y-18.584 Z19.413 E478.04341
G1 X9.407 Y-19.256 Z19.418 E478.53908
G1 X10.264 Y-18.69 Z19.423 E479.02206
G1 X10.782 Y-18.533 Z19.426 E479.2766
G1 X10.765 Y-18.027 Z19.429 E479.5147
G1 X10.54 Y-16.837 Z19.435 E480.08423
G1 X10.232 Y-15.442 Z19.442 E480.75606
G1 X10.272 Y-13.385 Z19.452 E481.72359
G1 X12.311 Y-12.776 Z19.463 E482.72432
G1 X13.823 Y-13.333 Z19.471 E483.48208
G1 X15.051 Y-13.883 Z19.478 E484.11485
G1 X16.076 Y-14.205 Z19.483 E484.6201
G1 X16.649 Y-13.355 Z19.488 E485.10218
G1 X17.07 Y-13.012 Z19.491 E485.35755
G1 X16.851 Y-12.53 Z19.494 E485.60652
G1 X16.179 Y-11.518 Z19.5 E486.1778
;TIME_ELAPSED:202.150749
;LAYER:19
;TYPE:WALL-OUTER
;MESH:ceramic_two_component_3mm_nozzle_v4.stl
G1 F2400 X15.293 Y-10.189 Z19.507 E486.92894
G1 X14.59 Y-8.426 Z19.516 E487.82151
G1 X16.195 Y-7.125 Z19.526 E488.79312
G1 X17.718 Y-7.029 Z19.533 E489.51076
G1 X19.207 Y-7.066 Z19.54 E490.21121
G1 X20.301 Y-6.973 Z19.545 E490.72754
G1 X20.524 Y-5.93 Z19.55 E491.22911
G1 X20.761 Y-5.494 Z19.552 E491.46248
G1 X20.421 Y-5.18 Z19.554 E491.68013
G1 X19.302 Y-4.42 Z19.56 E492.31626
G1 X18.019 Y-3.57 Z19.567 E493.04001
G1 X16.672 Y-2.201 Z19.576 E493.94319
G1 X17.67 Y-.377 Z19.586 E494.92097
G1 X19.054 Y0.294 Z19.593 E495.64428
G1 X20.46 Y0.829 Z19.6 E496.35173
G1 X21.434 Y1.328 Z19.605 E496.86638
G1 X21.24 Y2.378 Z19.61 E497.36852
G1 X21.292 Y2.87 Z19.612 E497.60118
G1 X20.849 Y3.03 Z19.614 E497.82268
G1 X19.516 Y3.297 Z19.621 E498.462
G1 X18.009 Y3.585 Z19.628 E499.18352
G1 X16.217 Y4.333 Z19.637 E500.09671
G1 X16.448 Y6.417 Z19.646 E501.08275
G1 X17.487 Y7.568 Z19.654 E501.81195
G1 X18.577 Y8.589 Z19.66 E502.51429
G1 X19.303 Y9.433 Z19.666 E503.03784
G1 X18.722 Y10.325 Z19.67 E503.53846
G1 X18.583 Y10.802 Z19.673 E503.77211
G1 X18.112 Y10.78 Z19.675 E503.99384
G1 X16.74 Y10.505 Z19.681 E504.65188
G1 X15.264 Y10.191 Z19.688 E505.36153
G1 X13.297 Y10.188 Z19.697 E506.28655
G1 X12.723 Y12.216 Z19.707 E507.27773
G1 X13.252 Y13.686 Z19.714 E508.01242
G1 X13.878 Y15.059 Z19.721 E508.72204
G1 X14.231 Y16.109 Z19.727 E509.24299
G1 X13.352 Y16.71 Z19.731 E509.74374
G1 X13.043 Y17.097 Z19.734 E509.97663
G1 X12.603 Y16.888 Z19.736 E510.2057
G1 X11.463 Y16.119 Z19.742 E510.85238
G1 X10.207 Y15.247 Z19.749 E511.57143
G1 X8.372 Y14.471 Z19.759 E512.50837
G1 X7.061 Y16.144 Z19.768 E513.50791
G1 X6.999 Y17.717 Z19.776 E514.24822
G1 X7.057 Y19.208 Z19.783 E514.94992
G1 X6.984 Y20.339 Z19.788 E515.4829
G1 X5.946 Y20.554 Z19.793 E515.9814
G1 X5.512 Y20.796 Z19.795 E516.21508
G1 X5.178 Y20.423 Z19.797 E516.45054
G1 X4.43 Y19.285 Z19.804 E517.09096
G1 X3.604 Y17.984 Z19.811 E517.81568
G1 X2.196 Y16.543 Z19.82 E518.76312
G1 X0.337 Y17.597 Z19.83 E519.76809
G1 X-.321 Y19.042 Z19.837 E520.51476
G1 X-.837 Y20.457 Z19.844 E521.22305
G1 X-1.332 Y21.473 Z19.849 E521.75454
G1 X-2.374 Y21.274 Z19.854 E522.25341
G1 X-2.867 Y21.332 Z19.857 E522.48686
G1 X-3.032 Y20.85 Z19.859 E522.72644
G1 X-3.284 Y19.489 Z19.865 E523.37735
G1 X-3.54 Y17.989 Z19.872 E524.09296
G1 X-4.288 Y16.095 Z19.882 E525.05059
G1 X-6.426 Y16.366 Z19.892 E526.06407
G1 X-7.588 Y17.466 Z19.899 E526.81654
G1 X-8.596 Y18.571 Z19.906 E527.51991
G1 X-9.453 Y19.338 Z19.911 E528.06077
G1 X-10.335 Y18.755 Z19.916 E528.55797
G1 X-10.814 Y18.621 Z19.918 E528.79188
G1 X-10.782 Y18.112 Z19.921 E529.03172
G1 X-10.486 Y16.738 Z19.927 E529.69269
G1 X-10.141 Y15.263 Z19.934 E530.40506
G1 X-10.1 Y13.203 Z19.944 E531.37401
G1 X-12.192 Y12.643 Z19.954 E532.39245
G1 X-13.697 Y13.225 Z19.961 E533.15128
G1 X-15.061 Y13.87 Z19.968 E533.86083
G1 X-16.14 Y14.255 Z19.974 E534.39958
G1 X-16.731 Y13.378 Z19.978 E534.89691
G1 X-17.124 Y13.072 Z19.981 E535.13115
G1 X-16.89 Y12.602 Z19.983 E535.37805
G1 X-16.102 Y11.469 Z19.99 E536.02706
G1 X-15.201 Y10.225 Z19.997 E536.7494
G1 X-14.353 Y8.318 Z20.006 E537.73087
G1 X-16.092 Y6.996 Z20.016 E538.75815
G1 X-17.716 Y6.969 Z20.024 E539.52197
G1 X-19.208 Y7.048 Z20.031 E540.2246
G1 X-20.377 Y6.995 Z20.036 E540.77491
G1 X-20.584 Y5.962 Z20.041 E541.27035
G1 X-20.832 Y5.529 Z20.043 E541.50501
G1 X-20.424 Y5.176 Z20.046 E541.75873
G1 X-19.283 Y4.449 Z20.052 E542.39497
G1 X-17.948 Y3.638 Z20.059 E543.12954
G1 X-16.413 Y2.192 Z20.069 E544.12126
G1 X-17.525 Y0.298 Z20.079 E545.15411
G1 X-19.03 Y-.348 Z20.087 E545.92431
G1 X-20.454 Y-.845 Z20.094 E546.63359
G1 X-21.513 Y-1.336 Z20.099 E547.18253
G1 X-21.308 Y-2.371 Z20.104 E547.67872
G1 X-21.371 Y-2.864 Z20.106 E547.91244
G1 X-20.85 Y-3.034 Z20.109 E548.17017
G1 X-19.51 Y-3.264 Z20.115 E548.80954
G1 X-17.969 Y-3.495 Z20.122 E549.54232
G1 X-15.973 Y-4.243 Z20.132 E550.54473
G1 X-16.284 Y-6.434 Z20.142 E551.58541
G1 X-17.444 Y-7.608 Z20.15 E552.36155
G1 X-18.565 Y-8.602 Z20.157 E553.06612
G1 X-19.373 Y-9.472 Z20.162 E553.62449
G1 X-18.788 Y-10.345 Z20.167 E554.11869
G1 X-18.659 Y-10.827 Z20.17 E554.35333
G1 X-18.111 Y-10.784 Z20.172 E554.61183
G1 X-16.747 Y-10.47 Z20.179 E555.27006
G1 X-15.262 Y-10.092 Z20.186 E555.99068
G1 X-13.109 Y-10.011 Z20.196 E557.00388
G1 X-12.563 Y-12.169 Z20.206 E558.0507
G1 X-13.197 Y-13.707 Z20.213 E558.83302
G1 X-13.862 Y-15.064 Z20.22 E559.54368
G1 X-14.28 Y-16.17 Z20.226 E560.0997
G1 X-13.404 Y-16.753 Z20.231 E560.59455
G1 X-13.102 Y-17.15 Z20.233 E560.82913
G1 X-12.6 Y-16.892 Z20.236 E561.09456
G1 X-11.483 Y-16.09 Z20.242 E561.74122
G1 X-10.243 Y-15.155 Z20.249 E562.47155
G1 X-8.264 Y-14.234 Z20.259 E563.49806
G1 X-6.932 Y-16.04 Z20.27 E564.55338
G1 X-6.94 Y-17.715 Z20.277 E565.34109
G1 X-7.039 Y-19.21 Z20.284 E566.04568
G1 X-7.006 Y-20.414 Z20.29 E566.6121
G1 X-5.978 Y-20.614 Z20.295 E567.1046
G1 X-5.547 Y-20.868 Z20.297 E567.33986
G1 X-5.174 Y-20.426 Z20.3 E567.61184
G1 X-4.463 Y-19.273 Z20.306 E568.24887
G1 X-3.672 Y-17.913 Z20.313 E568.98874
G1 X-2.187 Y-16.283 Z20.323 E570.0257
G1 X-.258 Y-17.452 Z20.334 E571.08642
G1 X0.375 Y-19.017 Z20.342 E571.88032
G1 X0.853 Y-20.451 Z20.349 E572.59116
G1 X1.34 Y-21.552 Z20.354 E573.15731
G1 X2.368 Y-21.342 Z20.359 E573.65074
G1 X2.861 Y-21.411 Z20.361 E573.88484
G1 X3.036 Y-20.851 Z20.364 E574.16075
G1 X3.246 Y-19.513 Z20.37 E574.79767
G1 X3.449 Y-17.949 Z20.378 E575.53934
G1 X4.198 Y-15.851 Z20.388 E576.58695
G1 X6.443 Y-16.202 Z20.398 E577.65553
G1 X7.629 Y-17.423 Z20.406 E578.45602
G1 X8.609 Y-18.559 Z20.413 E579.16156
G1 X9.491 Y-19.408 Z20.419 E579.73728
G1 X10.355 Y-18.82 Z20.424 E580.22876
G1 X10.839 Y-18.696 Z20.426 E580.46372
G1 X10.786 Y-18.111 Z20.429 E580.73995
G1 X10.452 Y-16.751 Z20.435 E581.39852
G1 X10.043 Y-15.261 Z20.442 E582.12514
G1 X9.922 Y-13.015 Z20.453 E583.1829
G1 X12.145 Y-12.483 Z20.463 E584.25783
G1 X13.718 Y-13.169 Z20.471 E585.06484
G1 X15.067 Y-13.854 Z20.478 E585.77634
G1 X16.201 Y-14.304 Z20.484 E586.35008
G1 X16.774 Y-13.43 Z20.489 E586.84155
G1 X17.176 Y-13.132 Z20.491 E587.07688
G1 X16.894 Y-12.599 Z20.494 E587.36045
G1 X16.076 Y-11.493 Z20.5 E588.00737
;TIME_ELAPSED:207.751212
;LAYER:20
;TYPE:WALL-OUTER
;MESH:ceramic_two_component_3mm_nozzle_v4.stl
G1 X14.96 Y-9.954 Z20.508 E588.90137
G1 X14.113 Y-8.209 Z20.516 E589.81355
G1 X15.837 Y-6.971 Z20.526 E590.81167
G1 X17.38 Y-6.9 Z20.532 E591.53806
G1 X19.024 Y-7.013 Z20.539 E592.31301
G1 X20.451 Y-6.977 Z20.545 E592.98429
G1 X20.639 Y-5.984 Z20.55 E593.45957
G1 X20.871 Y-5.599 Z20.552 E593.67095
G1 X20.34 Y-5.124 Z20.555 E594.00599
G1 X18.992 Y-4.329 Z20.561 E594.74195
G1 X17.618 Y-3.482 Z20.568 E595.501
G1 X16.139 Y-2.181 Z20.577 E596.42733
G1 X17.276 Y-.362 Z20.586 E597.43611
G1 X18.694 Y0.287 Z20.593 E598.16948
G1 X20.268 Y0.809 Z20.6 E598.94932
G1 X21.563 Y1.38 Z20.606 E599.61489
G1 X21.355 Y2.372 Z20.61 E600.09154
G1 X21.422 Y2.812 Z20.612 E600.30085
G1 X20.746 Y3.044 Z20.615 E600.63695
G1 X19.215 Y3.258 Z20.622 E601.36393
G1 X17.606 Y3.506 Z20.629 E602.12953
G1 X15.706 Y4.146 Z20.637 E603.07236
G1 X16.071 Y6.282 Z20.647 E604.09142
G1 X17.154 Y7.425 Z20.653 E604.8319
G1 X18.409 Y8.505 Z20.661 E605.61053
G1 X19.392 Y9.527 Z20.667 E606.27738
G1 X18.821 Y10.357 Z20.671 E606.75115
G1 X18.714 Y10.796 Z20.673 E606.96364
G1 X18 Y10.747 Z20.676 E607.3002
G1 X16.534 Y10.364 Z20.682 E608.01275
G1 X14.924 Y9.96 Z20.69 E608.79336
G1 X12.893 Y9.813 Z20.698 E609.75097
G1 X12.416 Y11.946 Z20.708 E610.77883
G1 X12.996 Y13.431 Z20.714 E611.52855
G1 X13.743 Y14.897 Z20.722 E612.30231
G1 X14.268 Y16.219 Z20.728 E612.97123
G1 X13.417 Y16.776 Z20.732 E613.44953
G1 X13.155 Y17.136 Z20.734 E613.65892
G1 X12.524 Y16.819 Z20.737 E613.991
G1 X11.303 Y15.888 Z20.744 E614.71307
G1 X9.983 Y14.899 Z20.751 E615.48873
G1 X8.135 Y13.961 Z20.759 E616.46333
G1 X6.877 Y15.77 Z20.769 E617.49952
G1 X6.856 Y17.381 Z20.776 E618.25719
G1 X6.991 Y19.026 Z20.783 E619.03338
G1 X6.975 Y20.444 Z20.789 E619.70027
G1 X5.978 Y20.629 Z20.793 E620.17713
G1 X5.595 Y20.865 Z20.795 E620.38869
G1 X5.139 Y20.331 Z20.798 E620.71891
G1 X4.354 Y18.974 Z20.805 E621.45615
G1 X3.533 Y17.572 Z20.812 E622.22019
G1 X2.17 Y15.97 Z20.821 E623.20934
G1 X0.301 Y17.178 Z20.831 E624.25588
G1 X-.328 Y18.678 Z20.837 E625.02079
G1 X-.831 Y20.261 Z20.845 E625.8019
G1 X-1.379 Y21.555 Z20.851 E626.46275
G1 X-2.374 Y21.344 Z20.855 E626.94107
G1 X-2.813 Y21.415 Z20.857 E627.1502
G1 X-3.027 Y20.743 Z20.86 E627.48186
G1 X-3.227 Y19.211 Z20.867 E628.20843
G1 X-3.442 Y17.583 Z20.874 E628.98067
G1 X-4.091 Y15.545 Z20.883 E629.9865
G1 X-6.301 Y15.957 Z20.892 E631.0437
G1 X-7.457 Y17.124 Z20.899 E631.81617
G1 X-8.522 Y18.394 Z20.907 E632.59562
G1 X-9.523 Y19.386 Z20.913 E633.25836
G1 X-10.356 Y18.809 Z20.917 E633.73489
G1 X-10.794 Y18.707 Z20.919 E633.94638
G1 X-10.73 Y18.003 Z20.922 E634.27881
G1 X-10.334 Y16.54 Z20.928 E634.99157
G1 X-9.892 Y14.928 Z20.936 E635.77763
G1 X-9.7 Y12.765 Z20.945 E636.79881
G1 X-11.92 Y12.303 Z20.955 E637.86518
G1 X-13.449 Y12.956 Z20.962 E638.64705
G1 X-14.908 Y13.723 Z20.969 E639.4222
G1 X-16.213 Y14.264 Z20.975 E640.08655
G1 X-16.769 Y13.408 Z20.979 E640.56656
G1 X-17.132 Y13.15 Z20.981 E640.77599
G1 X-16.805 Y12.534 Z20.984 E641.10396
G1 X-15.871 Y11.332 Z20.991 E641.81982
G1 X-14.837 Y10.013 Z20.998 E642.60798
G1 X-13.808 Y8.062 Z21.007 E643.64526
G1 X-15.702 Y6.782 Z21.017 E644.72028
G1 X-17.383 Y6.812 Z21.024 E645.51092
G1 X-19.028 Y6.968 Z21.031 E646.28799
G1 X-20.437 Y6.974 Z21.037 E646.9506
G1 X-20.619 Y5.972 Z21.042 E647.42952
G1 X-20.859 Y5.592 Z21.044 E647.64088
G1 X-20.322 Y5.154 Z21.047 E647.96676
G1 X-18.958 Y4.381 Z21.053 E648.70405
G1 X-17.527 Y3.584 Z21.06 E649.47434
G1 X-15.801 Y2.16 Z21.07 E650.52661
G1 X-17.079 Y0.239 Z21.08 E651.61165
G1 X-18.662 Y-.369 Z21.087 E652.40911
G1 X-20.254 Y-.853 Z21.094 E653.19161
G1 X-21.548 Y-1.377 Z21.1 E653.84814
G1 X-21.333 Y-2.375 Z21.105 E654.32823
G1 X-21.409 Y-2.814 Z21.107 E654.53775
G1 X-20.74 Y-3.011 Z21.11 E654.86572
G1 X-19.208 Y-3.197 Z21.116 E655.59146
G1 X-17.56 Y-3.377 Z21.123 E656.37107
G1 X-15.385 Y-4.035 Z21.133 E657.43968
G1 X-15.843 Y-6.32 Z21.143 E658.53562
G1 X-17.094 Y-7.489 Z21.15 E659.3408
G1 X-18.38 Y-8.54 Z21.158 E660.12185
G1 X-19.38 Y-9.519 Z21.164 E660.77996
G1 X-18.798 Y-10.355 Z21.168 E661.25899
G1 X-18.7 Y-10.793 Z21.17 E661.47006
G1 X-18.008 Y-10.714 Z21.173 E661.7976
G1 X-16.549 Y-10.304 Z21.179 E662.5103
G1 X-14.931 Y-9.824 Z21.187 E663.30397
G1 X-12.637 Y-9.587 Z21.196 E664.38851
G1 X-12.19 Y-11.894 Z21.207 E665.49359
G1 X-12.916 Y-13.466 Z21.214 E666.30789
G1 X-13.703 Y-14.918 Z21.221 E667.08457
G1 X-14.26 Y-16.207 Z21.227 E667.74491
G1 X-13.399 Y-16.762 Z21.231 E668.22665
G1 X-13.144 Y-17.128 Z21.233 E668.43642
G1 X-12.544 Y-16.791 Z21.236 E668.76004
G1 X-11.341 Y-15.839 Z21.243 E669.48149
G1 X-10.042 Y-14.776 Z21.25 E670.27083
G1 X-7.989 Y-13.656 Z21.26 E671.37062
G1 X-6.687 Y-15.635 Z21.27 E672.48463
G1 X-6.768 Y-17.384 Z21.278 E673.30802
G1 X-6.946 Y-19.03 Z21.285 E674.08659
G1 X-6.972 Y-20.43 Z21.291 E674.74508
G1 X-5.966 Y-20.61 Z21.295 E675.22568
G1 X-5.588 Y-20.853 Z21.297 E675.43701
G1 X-5.169 Y-20.313 Z21.3 E675.75843
G1 X-4.409 Y-18.943 Z21.307 E676.49519
G1 X-3.635 Y-17.481 Z21.314 E677.27313
G1 X-2.149 Y-15.632 Z21.324 E678.38867
G1 X-.178 Y-16.981 Z21.334 E679.51187
G1 X0.41 Y-18.647 Z21.342 E680.34271
G1 X0.874 Y-20.247 Z21.349 E681.12614
G1 X1.376 Y-21.54 Z21.355 E681.77841
G1 X2.377 Y-21.322 Z21.359 E682.26018
G1 X2.815 Y-21.402 Z21.361 E682.46957
G1 X2.994 Y-20.737 Z21.364 E682.79343
G1 X3.166 Y-19.204 Z21.371 E683.51888
G1 X3.313 Y-17.538 Z21.378 E684.30539
G1 X3.98 Y-15.224 Z21.388 E685.43789
G1 X6.339 Y-15.729 Z21.399 E686.57239
G1 X7.521 Y-17.064 Z21.406 E687.41091
G1 X8.557 Y-18.365 Z21.414 E688.19302
G1 X9.514 Y-19.373 Z21.419 E688.84665
G1 X10.353 Y-18.786 Z21.424 E689.32819
G1 X10.791 Y-18.693 Z21.426 E689.53876
G1 X10.698 Y-18.012 Z21.429 E689.86199
G1 X10.274 Y-16.557 Z21.435 E690.57469
G1 X9.755 Y-14.935 Z21.443 E691.37556
G1 X9.474 Y-12.509 Z21.453 E692.52406
G1 X11.868 Y-12.078 Z21.463 E693.66798
G1 X13.484 Y-12.875 Z21.471 E694.51533
G1 X14.928 Y-13.684 Z21.478 E695.29371
G1 X16.201 Y-14.255 Z21.484 E695.94982
G1 X16.755 Y-13.389 Z21.489 E696.43328
G1 X17.124 Y-13.138 Z21.491 E696.64315
G1 X16.777 Y-12.554 Z21.493 E696.96261
G1 X15.823 Y-11.369 Z21.5 E697.67803
;TIME_ELAPSED:213.779081
;LAYER:21
;TYPE:WALL-OUTER
;MESH:ceramic_two_component_3mm_nozzle_v4.stl
G1 X14.486 Y-9.664 Z21.509 E698.69696
G1 X13.501 Y-7.914 Z21.517 E699.64133
G1 X15.343 Y-6.734 Z21.526 E700.67007
G1 X16.922 Y-6.69 Z21.532 E701.41291
G1 X18.71 Y-6.883 Z21.539 E702.25863
G1 X20.156 Y-6.957 Z21.545 E702.93953
G1 X20.282 Y-6.96 Z21.546 E702.9988
G1 X20.593 Y-5.957 Z21.55 E703.49263
G1 X20.723 Y-5.499 Z21.552 E703.71652
G1 X20.082 Y-5.064 Z21.555 E704.08082
G1 X18.57 Y-4.256 Z21.562 E704.88703
G1 X17.07 Y-3.4 Z21.569 E705.69921
G1 X15.453 Y-2.138 Z21.577 E706.66381
G1 X16.722 Y-.332 Z21.586 E707.70181
G1 X18.19 Y0.307 Z21.592 E708.45473
G1 X19.909 Y0.806 Z21.6 E709.29649
G1 X21.397 Y1.333 Z21.606 E710.03884
G1 X21.295 Y2.378 Z21.61 E710.53261
G1 X21.247 Y2.841 Z21.612 E710.75151
G1 X20.492 Y2.999 Z21.615 E711.11425
G1 X18.778 Y3.165 Z21.622 E711.92406
G1 X17.067 Y3.371 Z21.629 E712.7345
G1 X15.047 Y3.92 Z21.638 E713.7189
G1 X15.543 Y6.1 Z21.647 E714.77029
G1 X16.681 Y7.253 Z21.653 E715.53213
G1 X18.085 Y8.371 Z21.66 E716.37614
G1 X19.253 Y9.424 Z21.667 E717.11568
G1 X18.753 Y10.341 Z21.671 E717.60685
G1 X18.544 Y10.751 Z21.673 E717.82327
G1 X17.782 Y10.606 Z21.676 E718.18804
G1 X16.176 Y10.113 Z21.683 E718.97808
G1 X14.48 Y9.626 Z21.69 E719.80788
G1 X12.363 Y9.346 Z21.698 E720.81211
G1 X11.993 Y11.578 Z21.708 E721.87607
G1 X12.623 Y13.09 Z21.714 E722.64637
G1 X13.495 Y14.652 Z21.721 E723.48764
G1 X14.176 Y16.078 Z21.728 E724.23079
G1 X13.359 Y16.724 Z21.732 E724.72059
G1 X13.019 Y17.024 Z21.734 E724.93382
G1 X12.373 Y16.599 Z21.737 E725.29746
G1 X11.072 Y15.521 Z21.744 E726.09202
G1 X9.702 Y14.419 Z21.751 E726.91885
G1 X7.825 Y13.324 Z21.76 E727.94077
G1 X6.619 Y15.27 Z21.769 E729.0174
G1 X6.64 Y16.925 Z21.775 E729.79575
G1 X6.853 Y18.713 Z21.783 E730.64254
G1 X6.934 Y20.157 Z21.789 E731.32267
G1 X6.931 Y20.283 E731.38194
G1 X5.94 Y20.552 Z21.793 E731.86484
G1 X5.52 Y20.707 Z21.795 E732.07537
G1 X5.087 Y20.07 Z21.798 E732.43759
G1 X4.286 Y18.547 Z21.805 E733.24682
G1 X3.46 Y17.022 Z21.812 E734.06242
G1 X2.124 Y15.255 Z21.821 E735.10417
G1 X0.254 Y16.611 Z21.83 E736.19044
G1 X-.354 Y18.174 Z21.837 E736.97912
G1 X-.835 Y19.901 Z21.844 E737.82218
G1 X-1.355 Y21.389 Z21.851 E738.56344
G1 X-2.378 Y21.251 Z21.855 E739.04888
G1 X-2.816 Y21.24 Z21.857 E739.25493
G1 X-2.973 Y20.489 Z21.86 E739.61573
G1 X-3.128 Y18.773 Z21.867 E740.426
G1 X-3.297 Y17.046 Z21.874 E741.24203
G1 X-3.857 Y14.86 Z21.883 E742.30323
G1 X-6.13 Y15.411 Z21.892 E743.40311
G1 X-7.291 Y16.648 Z21.899 E744.20091
G1 X-8.395 Y18.066 Z21.906 E745.04603
G1 X-9.441 Y19.238 Z21.913 E745.78477
G1 X-10.324 Y18.712 Z21.917 E746.26811
G1 X-10.725 Y18.547 Z21.919 E746.47202
G1 X-10.581 Y17.789 Z21.922 E746.83486
G1 X-10.08 Y16.192 Z21.928 E747.62197
G1 X-9.55 Y14.489 Z21.936 E748.46072
G1 X-9.217 Y12.214 Z21.945 E749.54198
G1 X-11.554 Y11.859 Z21.954 E750.6536
G1 X-13.113 Y12.578 Z21.961 E751.46097
G1 X-14.667 Y13.469 Z21.969 E752.30336
G1 X-16.087 Y14.156 Z21.975 E753.04519
G1 X-16.692 Y13.328 Z21.979 E753.52744
G1 X-17.001 Y13.033 Z21.981 E753.72834
G1 X-16.578 Y12.389 Z21.984 E754.09068
G1 X-15.492 Y11.096 Z21.991 E754.88476
G1 X-14.351 Y9.739 Z21.998 E755.71852
G1 X-13.147 Y7.735 Z22.007 E756.81794
G1 X-15.197 Y6.505 Z22.017 E757.9422
G1 X-16.929 Y6.59 Z22.024 E758.75769
G1 X-18.717 Y6.823 Z22.031 E759.60564
G1 X-20.158 Y6.91 Z22.037 E760.28453
G1 X-20.284 Y6.902 E760.3439
G1 X-20.511 Y5.923 Z22.042 E760.81651
G1 X-20.691 Y5.541 Z22.043 E761.01509
G1 X-20.057 Y5.109 Z22.046 E761.37588
G1 X-18.53 Y4.319 Z22.053 E762.18439
G1 X-16.975 Y3.52 Z22.06 E763.00654
G1 X-15.057 Y2.111 Z22.07 E764.12574
G1 X-16.5 Y0.176 Z22.08 E765.26087
G1 X-18.158 Y-.402 Z22.087 E766.0866
G1 X-19.893 Y-.864 Z22.094 E766.93094
G1 X-21.381 Y-1.376 Z22.1 E767.67097
G1 X-21.206 Y-2.377 Z22.104 E768.14884
G1 X-21.234 Y-2.791 Z22.106 E768.34398
G1 X-20.486 Y-2.947 Z22.109 E768.70331
G1 X-18.772 Y-3.091 Z22.116 E769.51219
G1 X-17.025 Y-3.223 Z22.123 E770.33609
G1 X-14.673 Y-3.794 Z22.133 E771.47429
G1 X-15.278 Y-6.159 Z22.143 E772.62228
G1 X-16.615 Y-7.329 Z22.15 E773.45778
G1 X-18.048 Y-8.418 Z22.157 E774.30419
G1 X-19.223 Y-9.457 Z22.164 E775.0418
G1 X-18.672 Y-10.306 Z22.168 E775.51777
G1 X-18.55 Y-10.699 Z22.169 E775.71128
G1 X-17.796 Y-10.557 Z22.172 E776.0721
G1 X-16.203 Y-10.045 Z22.179 E776.85898
G1 X-14.497 Y-9.474 Z22.186 E777.705
G1 X-12.065 Y-9.087 Z22.196 E778.86308
G1 X-11.726 Y-11.531 Z22.206 E780.02342
G1 X-12.533 Y-13.136 Z22.214 E780.86824
G1 X-13.442 Y-14.682 Z22.221 E781.71163
G1 X-14.135 Y-16.096 Z22.227 E782.45215
G1 X-13.297 Y-16.66 Z22.231 E782.92718
G1 X-13.046 Y-16.978 Z22.233 E783.1177
G1 X-12.405 Y-16.558 Z22.236 E783.47808
G1 X-11.12 Y-15.464 Z22.243 E784.27172
G1 X-9.777 Y-14.284 Z22.25 E785.11244
G1 X-7.645 Y-12.97 Z22.26 E786.29018
G1 X-6.391 Y-15.124 Z22.27 E787.46229
G1 X-6.54 Y-16.933 Z22.277 E788.31588
G1 X-6.794 Y-18.721 Z22.285 E789.16516
G1 X-6.887 Y-20.158 Z22.29 E789.84235
G1 X-6.873 Y-20.285 Z22.291 E789.90244
G1 X-5.906 Y-20.471 Z22.295 E790.36552
G1 X-5.561 Y-20.675 Z22.297 E790.55401
G1 X-5.132 Y-20.045 Z22.3 E790.91244
G1 X-4.352 Y-18.513 Z22.307 E791.7209
G1 X-3.581 Y-16.927 Z22.314 E792.5502
G1 X-2.097 Y-14.86 Z22.324 E793.74682
G1 X-0.098 Y-16.389 Z22.334 E794.93035
G1 X0.45 Y-18.143 Z22.342 E795.79452
G1 X0.893 Y-19.885 Z22.349 E796.6398
G1 X1.397 Y-21.373 Z22.355 E797.37861
G1 X2.377 Y-21.161 Z22.359 E797.85013
G1 X2.766 Y-21.227 Z22.361 E798.03568
G1 X2.922 Y-20.483 Z22.364 E798.39317
G1 X3.054 Y-18.767 Z22.371 E799.20253
G1 X3.15 Y-17.004 Z22.378 E800.03284
G1 X3.731 Y-14.486 Z22.388 E801.24809
G1 X6.188 Y-15.146 Z22.399 E802.4445
G1 X7.367 Y-16.582 Z22.406 E803.31825
G1 X8.442 Y-18.029 Z22.413 E804.16596
G1 X9.474 Y-19.208 Z22.42 E804.90281
G1 X10.289 Y-18.631 Z22.424 E805.37241
G1 X10.673 Y-18.554 Z22.425 E805.55659
G1 X10.532 Y-17.803 Z22.428 E805.91593
G1 X10.01 Y-16.214 Z22.435 E806.70247
G1 X9.398 Y-14.506 Z22.442 E807.55569
G1 X8.957 Y-11.916 Z22.453 E808.79122
G1 X11.507 Y-11.592 Z22.463 E810.00004
G1 X13.158 Y-12.488 Z22.471 E810.88342
G1 X14.697 Y-13.416 Z22.478 E811.72856
G1 X16.105 Y-14.115 Z22.485 E812.4678
G1 X16.628 Y-13.266 Z22.489 E812.93673
G1 X16.955 Y-13.059 Z22.49 E813.11873
G1 X16.538 Y-12.422 Z22.493 E813.47677
G1 X15.436 Y-11.144 Z22.5 E814.27035
;TIME_ELAPSED:220.174750
;LAYER:22
;TYPE:WALL-OUTER
;MESH:ceramic_two_component_3mm_nozzle_v4.stl
G1 X13.944 Y-9.379 Z22.509 E815.3572
G1 X12.791 Y-7.555 Z22.517 E816.37197
G1 X14.775 Y-6.431 Z22.526 E817.44431
G1 X16.428 Y-6.433 Z22.532 E818.22166
G1 X18.326 Y-6.703 Z22.539 E819.12322
G1 X19.93 Y-6.847 Z22.545 E819.88056
G1 X20.084 Y-6.856 Z22.546 E819.9531
G1 X20.427 Y-5.888 Z22.55 E820.43606
G1 X20.484 Y-5.464 Z22.552 E820.63724
G1 X19.752 Y-5.014 Z22.555 E821.04132
G1 X18.1 Y-4.2 Z22.562 E821.90739
G1 X16.46 Y-3.343 Z22.569 E822.77759
G1 X14.658 Y-2.082 Z22.577 E823.81189
G1 X16.085 Y-.266 Z22.586 E824.89801
G1 X17.637 Y0.354 Z22.593 E825.68395
G1 X19.505 Y0.83 Z22.6 E826.59048
G1 X21.032 Y1.308 Z22.606 E827.34294
G1 X21.177 Y1.359 Z22.607 E827.41522
G1 X21.111 Y2.376 Z22.61 E827.89449
G1 X21.014 Y2.782 Z22.612 E828.09079
G1 X20.168 Y2.918 Z22.615 E828.49375
G1 X18.351 Y3.035 Z22.622 E829.34999
G1 X16.483 Y3.191 Z22.629 E830.23151
G1 X14.292 Y3.668 Z22.638 E831.286
G1 X14.93 Y5.918 Z22.647 E832.38582
G1 X16.151 Y7.085 Z22.653 E833.1801
G1 X17.695 Y8.233 Z22.661 E834.0849
G1 X18.926 Y9.26 Z22.667 E834.83881
G1 X19.039 Y9.365 E834.91135
G1 X18.582 Y10.267 Z22.671 E835.38687
G1 X18.352 Y10.607 Z22.673 E835.57991
G1 X17.526 Y10.412 Z22.676 E835.97903
G1 X15.755 Y9.804 Z22.683 E836.85958
G1 X14.009 Y9.238 Z22.69 E837.72274
G1 X11.76 Y8.825 Z22.699 E838.79805
G1 X11.495 Y11.177 Z22.708 E839.91112
G1 X12.199 Y12.733 Z22.714 E840.71426
G1 X13.191 Y14.384 Z22.722 E841.62005
G1 X13.937 Y15.805 Z22.728 E842.37479
G1 X13.998 Y15.942 E842.44531
G1 X13.227 Y16.587 Z22.732 E842.91803
G1 X12.899 Y16.815 Z22.734 E843.10589
G1 X12.204 Y16.314 Z22.737 E843.50879
G1 X10.824 Y15.095 Z22.744 E844.37469
G1 X9.418 Y13.881 Z22.751 E845.24825
G1 X7.462 Y12.609 Z22.76 E846.34549
G1 X6.313 Y14.709 Z22.769 E847.47121
G1 X6.386 Y16.433 Z22.776 E848.28268
G1 X6.674 Y18.33 Z22.783 E849.185
G1 X6.822 Y19.932 Z22.789 E849.94157
G1 X6.824 Y20.087 Z22.79 E850.01447
G1 X5.868 Y20.374 Z22.794 E850.48387
G1 X5.488 Y20.468 Z22.795 E850.66796
G1 X5.038 Y19.74 Z22.798 E851.07043
G1 X4.233 Y18.085 Z22.805 E851.93591
G1 X3.403 Y16.417 Z22.812 E852.81206
G1 X2.065 Y14.455 Z22.822 E853.92886
G1 X0.183 Y15.978 Z22.831 E855.0674
G1 X-.4 Y17.624 Z22.837 E855.88857
G1 X-.859 Y19.498 Z22.845 E856.79591
G1 X-1.331 Y21.024 Z22.851 E857.54708
G1 X-1.389 Y21.167 E857.61965
G1 X-2.374 Y21.054 Z22.855 E858.0859
G1 X-2.754 Y21.008 Z22.857 E858.26591
G1 X-2.892 Y20.166 Z22.86 E858.66715
G1 X-2.999 Y18.349 Z22.867 E859.52311
G1 X-3.119 Y16.467 Z22.874 E860.40995
G1 X-3.605 Y14.097 Z22.883 E861.54767
G1 X-5.954 Y14.799 Z22.893 E862.70061
G1 X-7.122 Y16.121 Z22.899 E863.53019
G1 X-8.257 Y17.677 Z22.907 E864.43591
G1 X-9.279 Y18.909 Z22.913 E865.18868
G1 X-9.389 Y19.018 E865.2615
G1 X-10.243 Y18.53 Z22.917 E865.72405
G1 X-10.579 Y18.357 Z22.919 E865.90178
G1 X-10.387 Y17.534 Z22.922 E866.2992
G1 X-9.771 Y15.767 Z22.929 E867.17921
G1 X-9.166 Y14.021 Z22.936 E868.04819
G1 X-8.692 Y11.604 Z22.945 E869.20648
G1 X-11.16 Y11.361 Z22.955 E870.37271
G1 X-12.756 Y12.157 Z22.962 E871.21143
G1 X-14.399 Y13.166 Z22.969 E872.11814
G1 X-15.816 Y13.915 Z22.975 E872.87188
G1 X-15.956 Y13.97 Z22.976 E872.94261
G1 X-16.546 Y13.188 Z22.979 E873.40329
G1 X-16.791 Y12.915 Z22.981 E873.57579
G1 X-16.294 Y12.221 Z22.984 E873.97722
G1 X-15.068 Y10.849 Z22.991 E874.84249
G1 X-13.819 Y9.457 Z22.998 E875.72198
G1 X-12.426 Y7.369 Z23.008 E876.90237
G1 X-14.642 Y6.196 Z23.017 E878.08147
G1 X-16.439 Y6.338 Z23.024 E878.92917
G1 X-18.335 Y6.645 Z23.031 E879.83241
G1 X-19.934 Y6.796 Z23.038 E880.58772
G1 X-20.089 Y6.792 E880.66063
G1 X-20.32 Y5.848 Z23.042 E881.11766
G1 X-20.451 Y5.512 Z23.043 E881.28726
G1 X-19.728 Y5.061 Z23.047 E881.68799
G1 X-18.066 Y4.263 Z23.054 E882.555
G1 X-16.374 Y3.463 Z23.061 E883.43515
G1 X-14.251 Y2.049 Z23.07 E884.6347
G1 X-15.872 Y0.1 Z23.08 E885.82683
G1 X-17.61 Y-.447 Z23.087 E886.68368
G1 X-19.491 Y-.888 Z23.094 E887.59224
G1 X-21.016 Y-1.355 Z23.1 E888.34227
G1 X-21.157 Y-1.419 Z23.101 E888.41509
G1 X-20.997 Y-2.372 Z23.105 E888.86952
G1 X-21.002 Y-2.726 Z23.106 E889.03601
G1 X-20.164 Y-2.866 Z23.109 E889.43556
G1 X-18.348 Y-2.964 Z23.116 E890.29081
G1 X-16.45 Y-3.048 Z23.124 E891.18425
G1 X-13.902 Y-3.543 Z23.133 E892.40489
G1 X-14.669 Y-5.991 Z23.143 E893.61129
G1 X-16.091 Y-7.159 Z23.15 E894.47667
G1 X-17.66 Y-8.282 Z23.158 E895.38404
G1 X-18.893 Y-9.298 Z23.164 E896.13538
G1 X-18.997 Y-9.413 E896.20829
G1 X-18.478 Y-10.22 Z23.168 E896.65951
G1 X-18.362 Y-10.55 Z23.169 E896.824
G1 X-17.542 Y-10.362 Z23.172 E897.21963
G1 X-15.78 Y-9.737 Z23.18 E898.09882
G1 X-14.033 Y-9.093 Z23.187 E898.97442
G1 X-11.448 Y-8.56 Z23.197 E900.21563
G1 X-11.226 Y-11.144 Z23.207 E901.43528
G1 X-12.115 Y-12.779 Z23.214 E902.31048
G1 X-13.14 Y-14.415 Z23.221 E903.21836
G1 X-13.892 Y-15.828 Z23.227 E903.9711
G1 X-13.942 Y-15.97 Z23.228 E904.04189
G1 X-13.149 Y-16.505 Z23.231 E904.49175
G1 X-12.931 Y-16.766 Z23.233 E904.65167
G1 X-12.238 Y-16.274 Z23.236 E905.05135
G1 X-10.873 Y-15.042 Z23.243 E905.91606
G1 X-9.496 Y-13.757 Z23.25 E906.80178
G1 X-7.276 Y-12.244 Z23.26 E908.06518
G1 X-6.078 Y-14.576 Z23.27 E909.29809
G1 X-6.291 Y-16.444 Z23.278 E910.18224
G1 X-6.615 Y-18.341 Z23.285 E911.08725
G1 X-6.771 Y-19.936 Z23.291 E911.84091
G1 X-6.761 Y-20.091 Z23.292 E911.91395
G1 X-5.828 Y-20.267 Z23.295 E912.36045
G1 X-5.536 Y-20.435 Z23.296 E912.51887
G1 X-5.085 Y-19.716 Z23.3 E912.91801
G1 X-4.298 Y-18.054 Z23.307 E913.78279
G1 X-3.523 Y-16.332 Z23.314 E914.67083
G1 X-2.032 Y-14.047 Z23.324 E915.95392
G1 X-0.016 Y-15.765 Z23.334 E917.19953
G1 X0.493 Y-17.597 Z23.342 E918.09369
G1 X0.917 Y-19.484 Z23.349 E919.00321
G1 X1.379 Y-21.008 Z23.355 E919.75211
G1 X1.449 Y-21.147 Z23.356 E919.8253
G1 X2.37 Y-20.94 Z23.359 E920.26922
G1 X2.698 Y-20.996 Z23.361 E920.4257
G1 X2.84 Y-20.162 Z23.364 E920.82354
G1 X2.928 Y-18.346 Z23.371 E921.67855
G1 X2.977 Y-16.434 Z23.378 E922.578
G1 X3.48 Y-13.706 Z23.389 E923.88251
G1 X6.027 Y-14.539 Z23.399 E925.14272
G1 X7.197 Y-16.062 Z23.406 E926.04588
G1 X8.306 Y-17.643 Z23.413 E926.95404
G1 X9.317 Y-18.876 Z23.42 E927.70388
G1 X9.438 Y-18.976 E927.7777
G1 X10.196 Y-18.426 Z23.424 E928.21812
G1 X10.521 Y-18.367 Z23.425 E928.37345
G1 X10.336 Y-17.551 Z23.428 E928.76693
G1 X9.703 Y-15.792 Z23.435 E929.64606
G1 X9.021 Y-14.045 Z23.442 E930.528
G1 X8.428 Y-11.292 Z23.453 E931.85234
G1 X11.127 Y-11.092 Z23.464 E933.12507
G1 X12.802 Y-12.074 Z23.471 E934.03816
G1 X14.431 Y-13.114 Z23.478 E934.94704
G1 X15.839 Y-13.869 Z23.484 E935.69836
G1 X15.984 Y-13.914 Z23.485 E935.76976
G1 X16.464 Y-13.11 Z23.489 E936.21011
G1 X16.742 Y-12.947 Z23.49 E936.36166
G1 X16.254 Y-12.256 Z23.493 E936.75948
G1 X15.015 Y-10.897 Z23.5 E937.62431
;TIME_ELAPSED:226.927674
;LAYER:23
;TYPE:WALL-OUTER
;MESH:ceramic_two_component_3mm_nozzle_v4.stl
G1 X13.429 Y-9.152 Z23.508 E938.73322
G1 X12.062 Y-7.183 Z23.517 E939.86046
G1 X14.237 Y-6.098 Z23.526 E941.00349
G1 X16.001 Y-6.18 Z23.532 E941.83394
G1 X18.027 Y-6.53 Z23.54 E942.80081
G1 X19.745 Y-6.726 Z23.546 E943.61397
G1 X19.954 Y-6.744 Z23.547 E943.71262
G1 X20.216 Y-5.809 Z23.55 E944.16926
G1 X20.276 Y-5.468 Z23.551 E944.33208
G1 X19.474 Y-4.999 Z23.555 E944.76899
G1 X17.672 Y-4.17 Z23.562 E945.70179
G1 X15.901 Y-3.327 Z23.569 E946.62417
G1 X13.849 Y-2.015 Z23.578 E947.76954
G1 X15.466 Y-.164 Z23.587 E948.92538
G1 X17.146 Y0.423 Z23.593 E949.76226
G1 X19.147 Y0.87 Z23.6 E950.72646
G1 X20.82 Y1.345 Z23.607 E951.54431
G1 X21.014 Y1.41 E951.64053
G1 X20.888 Y2.369 Z23.611 E952.09539
G1 X20.823 Y2.701 Z23.612 E952.25448
G1 X19.906 Y2.827 Z23.615 E952.68977
G1 X17.908 Y2.903 Z23.623 E953.63004
G1 X15.962 Y2.995 Z23.63 E954.5462
G1 X13.522 Y3.42 Z23.639 E955.71093
G1 X14.324 Y5.775 Z23.648 E956.88087
G1 X15.675 Y6.958 Z23.654 E957.72535
G1 X17.365 Y8.144 Z23.661 E958.69627
G1 X18.716 Y9.213 Z23.668 E959.50644
G1 X18.868 Y9.348 E959.60204
G1 X18.382 Y10.177 Z23.672 E960.05395
G1 X18.205 Y10.461 Z23.673 E960.21132
G1 X17.307 Y10.225 Z23.676 E960.64796
G1 X15.465 Y9.541 Z23.683 E961.57199
G1 X13.605 Y8.863 Z23.691 E962.50298
G1 X11.15 Y8.306 Z23.7 E963.68683
G1 X10.995 Y10.813 Z23.709 E964.86804
G1 X11.809 Y12.433 Z23.715 E965.72064
G1 X12.915 Y14.162 Z23.723 E966.68585
G1 X13.762 Y15.679 Z23.729 E967.50291
G1 X13.848 Y15.859 Z23.73 E967.59673
G1 X13.078 Y16.431 Z23.733 E968.04781
G1 X12.821 Y16.626 Z23.734 E968.19952
G1 X12.074 Y16.062 Z23.738 E968.63969
G1 X10.637 Y14.725 Z23.745 E969.56273
G1 X9.186 Y13.381 Z23.752 E970.49283
G1 X7.1 Y11.899 Z23.761 E971.69617
G1 X5.995 Y14.186 Z23.77 E972.89063
G1 X6.142 Y16.006 Z23.777 E973.7493
G1 X6.508 Y18.031 Z23.784 E974.71702
G1 X6.708 Y19.747 Z23.79 E975.52946
G1 X6.718 Y19.951 Z23.791 E975.62551
G1 X5.792 Y20.174 Z23.795 E976.07343
G1 X5.486 Y20.264 Z23.796 E976.22343
G1 X5.017 Y19.465 Z23.799 E976.65912
G1 X4.195 Y17.661 Z23.806 E977.5914
G1 X3.376 Y15.869 Z23.813 E978.51796
G1 X2 Y13.666 Z23.823 E979.73944
G1 X0.089 Y15.38 Z23.832 E980.94664
G1 X-.459 Y17.137 Z23.839 E981.81215
G1 X-.893 Y19.142 Z23.846 E982.77687
G1 X-1.363 Y20.814 Z23.852 E983.59363
G1 X-1.434 Y21.001 Z23.853 E983.6877
G1 X-2.368 Y20.844 Z23.856 E984.13309
G1 X-2.68 Y20.82 Z23.857 E984.28025
G1 X-2.807 Y19.905 Z23.861 E984.71467
G1 X-2.875 Y17.899 Z23.868 E985.65856
G1 X-2.937 Y15.952 Z23.875 E986.57464
G1 X-3.364 Y13.348 Z23.884 E987.81557
G1 X-5.811 Y14.215 Z23.894 E989.03641
G1 X-6.989 Y15.652 Z23.901 E989.91022
G1 X-8.162 Y17.352 Z23.908 E990.88152
G1 X-9.227 Y18.705 Z23.914 E991.69126
G1 X-9.364 Y18.848 Z23.915 E991.78439
G1 X-10.16 Y18.34 Z23.918 E992.22845
G1 X-10.44 Y18.21 Z23.919 E992.37363
G1 X-10.206 Y17.314 Z23.923 E992.80912
G1 X-9.517 Y15.48 Z23.93 E993.73045
G1 X-8.805 Y13.617 Z23.937 E994.66836
G1 X-8.187 Y11.011 Z23.947 E995.92786
G1 X-10.805 Y10.88 Z23.956 E997.16056
G1 X-12.452 Y11.777 Z23.963 E998.04251
G1 X-14.175 Y12.896 Z23.97 E999.00866
G1 X-15.688 Y13.746 Z23.976 E999.82477
G1 X-15.867 Y13.823 Z23.977 E999.91641
G1 X-16.398 Y13.048 Z23.981 E1000.35821
G1 X-16.609 Y12.833 Z23.982 E1000.49987
G1 X-16.047 Y12.087 Z23.985 E1000.9391
G1 X-14.712 Y10.665 Z23.992 E1001.85634
G1 X-13.332 Y9.219 Z23.999 E1002.79632
G1 X-11.737 Y7.016 Z24.009 E1004.07535
G1 X-14.135 Y5.891 Z24.019 E1005.32098
G1 X-16.012 Y6.105 Z24.025 E1006.20939
G1 X-18.035 Y6.485 Z24.033 E1007.17738
G1 X-19.749 Y6.691 Z24.039 E1007.98922
G1 X-19.949 Y6.692 Z24.04 E1008.08327
G1 X-20.133 Y5.776 Z24.043 E1008.52264
G1 X-20.253 Y5.503 Z24.044 E1008.66288
G1 X-19.457 Y5.035 Z24.048 E1009.09712
G1 X-17.65 Y4.221 Z24.055 E1010.02913
G1 X-15.836 Y3.426 Z24.062 E1010.96052
G1 X-13.484 Y1.986 Z24.072 E1012.25743
G1 X-15.293 Y0.013 Z24.081 E1013.51623
G1 X-17.128 Y-.496 Z24.088 E1014.41176
G1 X-19.138 Y-.915 Z24.096 E1015.37731
G1 X-20.809 Y-1.381 Z24.102 E1016.19311
G1 X-20.989 Y-1.457 Z24.103 E1016.285
G1 X-20.799 Y-2.367 Z24.106 E1016.72217
G1 X-20.816 Y-2.659 Z24.107 E1016.85972
G1 X-19.904 Y-2.788 Z24.11 E1017.29287
G1 X-17.907 Y-2.847 Z24.118 E1018.2324
G1 X-15.941 Y-2.879 Z24.125 E1019.15707
G1 X-13.174 Y-3.307 Z24.135 E1020.47378
G1 X-14.106 Y-5.848 Z24.144 E1021.74657
G1 X-15.63 Y-7.019 Z24.151 E1022.65039
G1 X-17.339 Y-8.181 Z24.159 E1023.62225
G1 X-18.693 Y-9.241 Z24.165 E1024.43091
G1 X-18.828 Y-9.38 Z24.166 E1024.52203
G1 X-18.299 Y-10.143 Z24.169 E1024.95865
G1 X-18.214 Y-10.418 Z24.17 E1025.09401
G1 X-17.32 Y-10.187 Z24.173 E1025.52823
G1 X-15.49 Y-9.491 Z24.18 E1026.44896
G1 X-13.629 Y-8.747 Z24.188 E1027.39148
G1 X-10.872 Y-8.069 Z24.198 E1028.72663
G1 X-10.764 Y-10.797 Z24.208 E1030.01052
G1 X-11.745 Y-12.472 Z24.215 E1030.92337
G1 X-12.877 Y-14.187 Z24.222 E1031.88973
G1 X-13.73 Y-15.697 Z24.228 E1032.7053
G1 X-13.799 Y-15.875 Z24.229 E1032.79508
G1 X-13.017 Y-16.365 Z24.232 E1033.22906
G1 X-12.845 Y-16.591 Z24.233 E1033.36262
G1 X-12.1 Y-16.032 Z24.237 E1033.80062
G1 X-10.676 Y-14.684 Z24.244 E1034.72274
G1 X-9.252 Y-13.283 Z24.251 E1035.66216
G1 X-6.933 Y-11.575 Z24.261 E1037.01658
G1 X-5.788 Y-14.084 Z24.271 E1038.31354
G1 X-6.068 Y-16.017 Z24.278 E1039.23205
G1 X-6.463 Y-18.039 Z24.286 E1040.20091
G1 X-6.673 Y-19.751 Z24.292 E1041.01204
G1 X-6.667 Y-19.947 Z24.293 E1041.10426
G1 X-5.76 Y-20.091 Z24.296 E1041.53613
G1 X-5.521 Y-20.242 Z24.297 E1041.66908
G1 X-5.053 Y-19.448 Z24.3 E1042.1025
G1 X-4.247 Y-17.638 Z24.308 E1043.03427
G1 X-3.475 Y-15.804 Z24.315 E1043.97003
G1 X-1.971 Y-13.301 Z24.325 E1045.34326
G1 X0.063 Y-15.206 Z24.335 E1046.65379
G1 X0.533 Y-17.119 Z24.342 E1047.58017
G1 X0.938 Y-19.133 Z24.35 E1048.54625
G1 X1.399 Y-20.804 Z24.356 E1049.36142
G1 X1.48 Y-20.977 Z24.357 E1049.45125
G1 X2.366 Y-20.754 Z24.36 E1049.8809
G1 X2.638 Y-20.812 Z24.361 E1050.01169
G1 X2.768 Y-19.903 Z24.364 E1050.44351
G1 X2.819 Y-17.898 Z24.371 E1051.3867
G1 X2.821 Y-15.93 Z24.379 E1052.31219
G1 X3.25 Y-13 Z24.389 E1053.70476
G1 X5.885 Y-13.997 Z24.399 E1055.02965
G1 X7.049 Y-15.607 Z24.407 E1055.96393
G1 X8.2 Y-17.326 Z24.414 E1056.9368
G1 X9.256 Y-18.682 Z24.42 E1057.74504
G1 X9.397 Y-18.808 Z24.421 E1057.83397
G1 X10.126 Y-18.257 Z24.424 E1058.2637
G1 X10.397 Y-18.219 Z24.425 E1058.39239
G1 X10.168 Y-17.327 Z24.428 E1058.82547
G1 X9.465 Y-15.5 Z24.436 E1059.74606
G1 X8.689 Y-13.641 Z24.443 E1060.69339
G1 X7.95 Y-10.734 Z24.454 E1062.10394
G1 X10.789 Y-10.649 Z24.464 E1063.43963
G1 X12.491 Y-11.713 Z24.471 E1064.38355
G1 X14.199 Y-12.858 Z24.478 E1065.35055
G1 X15.705 Y-13.714 Z24.485 E1066.16518
G1 X15.883 Y-13.774 E1066.25352
G1 X16.332 Y-12.986 Z24.489 E1066.68003
G1 X16.574 Y-12.857 Z24.49 E1066.80899
G1 X16.017 Y-12.114 Z24.493 E1067.24568
G1 X14.672 Y-10.703 Z24.5 E1068.16239
;TIME_ELAPSED:234.071241
;LAYER:24
;TYPE:WALL-OUTER
;MESH:ceramic_two_component_3mm_nozzle_v4.stl
G1 X13.045 Y-9.031 Z24.508 E1069.25951
G1 X11.415 Y-6.851 Z24.517 E1070.53957
G1 X13.833 Y-5.778 Z24.526 E1071.78361
G1 X15.734 Y-5.983 Z24.533 E1072.68277
G1 X17.876 Y-6.408 Z24.54 E1073.70972
G1 X19.714 Y-6.652 Z24.546 E1074.58165
G1 X19.946 Y-6.626 Z24.547 E1074.69143
G1 X20.057 Y-5.746 Z24.55 E1075.10855
G1 X20.205 Y-5.52 Z24.551 E1075.23559
G1 X19.343 Y-5.026 Z24.555 E1075.70281
G1 X17.419 Y-4.185 Z24.562 E1076.69026
G1 X15.504 Y-3.358 Z24.569 E1077.67121
G1 X13.133 Y-1.958 Z24.578 E1078.96608
G1 X14.977 Y-0.032 Z24.587 E1080.22001
G1 X16.823 Y0.499 Z24.594 E1081.12332
G1 X18.964 Y0.923 Z24.601 E1082.14972
G1 X20.761 Y1.4 Z24.608 E1083.02405
G1 X20.963 Y1.513 E1083.1329
G1 X20.727 Y2.37 Z24.611 E1083.55092
G1 X20.779 Y2.629 Z24.612 E1083.67515
G1 X19.798 Y2.755 Z24.616 E1084.14027
G1 X17.694 Y2.796 Z24.623 E1085.1299
G1 X15.607 Y2.82 Z24.63 E1086.11141
G1 X12.85 Y3.202 Z24.639 E1087.42032
G1 X13.831 Y5.708 Z24.648 E1088.68589
G1 X15.35 Y6.902 Z24.655 E1089.59449
G1 X17.168 Y8.112 Z24.663 E1090.62149
G1 X18.643 Y9.237 Z24.669 E1091.49386
G1 X18.787 Y9.419 Z24.67 E1091.603
G1 X18.239 Y10.121 Z24.673 E1092.0218
G1 X18.191 Y10.38 Z24.674 E1092.14567
G1 X17.241 Y10.122 Z24.677 E1092.60861
G1 X15.247 Y9.338 Z24.684 E1093.6162
G1 X13.342 Y8.57 Z24.691 E1094.58212
G1 X10.623 Y7.856 Z24.701 E1095.90412
G1 X10.573 Y10.566 Z24.71 E1097.17876
G1 X11.534 Y12.254 Z24.717 E1098.0922
G1 X12.751 Y14.064 Z24.724 E1099.1179
G1 X13.688 Y15.672 Z24.73 E1099.99311
G1 X13.752 Y15.89 Z24.731 E1100.09995
G1 X12.975 Y16.331 Z24.734 E1100.5201
G1 X12.836 Y16.55 Z24.735 E1100.64208
G1 X12.048 Y15.943 Z24.738 E1101.10985
G1 X10.54 Y14.485 Z24.746 E1102.09627
G1 X9.053 Y13.015 Z24.753 E1103.07957
G1 X6.788 Y11.293 Z24.762 E1104.4176
G1 X5.708 Y13.803 Z24.772 E1105.7026
G1 X5.961 Y15.738 Z24.778 E1106.62031
G1 X6.397 Y17.879 Z24.786 E1107.64782
G1 X6.647 Y19.715 Z24.792 E1108.51919
G1 X6.625 Y19.943 Z24.793 E1108.62691
G1 X5.739 Y20.05 Z24.796 E1109.0466
G1 X5.525 Y20.202 Z24.797 E1109.17004
G1 X5.033 Y19.34 Z24.8 E1109.63679
G1 X4.199 Y17.413 Z24.807 E1110.62422
G1 X3.39 Y15.485 Z24.814 E1111.60748
G1 X1.947 Y12.995 Z24.824 E1112.96087
G1 X-0.022 Y14.921 Z24.834 E1114.25614
G1 X-.521 Y16.818 Z24.84 E1115.17859
G1 X-.934 Y18.962 Z24.848 E1116.20538
G1 X-1.406 Y20.76 Z24.854 E1117.07956
G1 X-1.512 Y20.96 Z24.855 E1117.18601
G1 X-2.373 Y20.718 Z24.858 E1117.6066
G1 X-2.623 Y20.778 Z24.859 E1117.72751
G1 X-2.748 Y19.798 Z24.862 E1118.1921
G1 X-2.781 Y17.704 Z24.869 E1119.17696
G1 X-2.783 Y15.602 Z24.876 E1120.16546
G1 X-3.161 Y12.72 Z24.886 E1121.53238
G1 X-5.736 Y13.759 Z24.896 E1122.83817
G1 X-6.921 Y15.337 Z24.902 E1123.7662
G1 X-8.122 Y17.162 Z24.91 E1124.7936
G1 X-9.242 Y18.639 Z24.916 E1125.6653
G1 X-9.417 Y18.785 Z24.917 E1125.77248
G1 X-10.121 Y18.23 Z24.92 E1126.19405
G1 X-10.375 Y18.192 Z24.921 E1126.31483
G1 X-10.115 Y17.244 Z24.924 E1126.7771
G1 X-9.323 Y15.253 Z24.931 E1127.78476
G1 X-8.534 Y13.351 Z24.938 E1128.75312
G1 X-7.766 Y10.518 Z24.948 E1130.13347
G1 X-10.564 Y10.497 Z24.958 E1131.44931
G1 X-12.266 Y11.515 Z24.965 E1132.38195
G1 X-14.07 Y12.742 Z24.972 E1133.40795
G1 X-15.675 Y13.683 Z24.978 E1134.28288
G1 X-15.888 Y13.751 Z24.979 E1134.38803
G1 X-16.327 Y12.967 Z24.982 E1134.81058
G1 X-16.546 Y12.839 Z24.983 E1134.92987
G1 X-15.937 Y12.053 Z24.986 E1135.39747
G1 X-14.48 Y10.558 Z24.994 E1136.37918
G1 X-12.986 Y9.075 Z25.001 E1137.36912
G1 X-11.17 Y6.725 Z25.011 E1138.76577
G1 X-13.772 Y5.638 Z25.02 E1140.09189
G1 X-15.742 Y5.939 Z25.027 E1141.02906
G1 X-17.881 Y6.386 Z25.035 E1142.05669
G1 X-19.716 Y6.641 Z25.041 E1142.92792
G1 X-19.94 Y6.625 Z25.042 E1143.03353
G1 X-20.043 Y5.733 Z25.045 E1143.4558
G1 X-20.199 Y5.531 Z25.046 E1143.57582
G1 X-19.336 Y5.041 Z25.049 E1144.04252
G1 X-17.407 Y4.213 Z25.056 E1145.0297
G1 X-15.466 Y3.421 Z25.063 E1146.01555
G1 X-12.858 Y1.936 Z25.074 E1147.42689
G1 X-14.866 Y-0.075 Z25.083 E1148.76332
G1 X-16.814 Y-.543 Z25.09 E1149.70547
G1 X-18.96 Y-.945 Z25.097 E1150.73221
G1 X-20.759 Y-1.411 Z25.104 E1151.60615
G1 X-20.956 Y-1.511 Z25.105 E1151.71004
G1 X-20.709 Y-2.376 Z25.108 E1152.13308
G1 X-20.777 Y-2.618 E1152.25129
G1 X-19.797 Y-2.74 Z25.112 E1152.71571
G1 X-17.694 Y-2.765 Z25.119 E1153.70475
G1 X-15.596 Y-2.747 Z25.126 E1154.69141
G1 X-12.589 Y-3.119 Z25.136 E1156.11628
G1 X-13.688 Y-5.763 Z25.146 E1157.4628
G1 X-15.324 Y-6.939 Z25.153 E1158.4103
G1 X-17.156 Y-8.131 Z25.16 E1159.43814
G1 X-18.636 Y-9.247 Z25.167 E1160.30983
G1 X-18.782 Y-9.415 E1160.4145
G1 X-18.221 Y-10.12 Z25.171 E1160.8382
G1 X-18.193 Y-10.369 E1160.95603
G1 X-17.246 Y-10.107 Z25.175 E1161.4181
G1 X-15.259 Y-9.308 Z25.182 E1162.42524
G1 X-13.36 Y-8.498 Z25.189 E1163.39612
G1 X-10.413 Y-7.677 Z25.199 E1164.83477
G1 X-10.421 Y-10.562 Z25.209 E1166.1915
G1 X-11.496 Y-12.278 Z25.216 E1167.14375
G1 X-12.733 Y-14.077 Z25.224 E1168.17045
G1 X-13.678 Y-15.678 Z25.23 E1169.04472
G1 X-13.749 Y-15.885 Z25.231 E1169.14764
G1 X-12.959 Y-16.323 Z25.234 E1169.57243
G1 X-12.843 Y-16.541 Z25.235 E1169.68855
G1 X-12.059 Y-15.93 Z25.238 E1170.15599
G1 X-10.569 Y-14.469 Z25.245 E1171.13732
G1 X-9.097 Y-12.956 Z25.252 E1172.13002
G1 X-6.663 Y-11.048 Z25.263 E1173.58441
G1 X-5.567 Y-13.741 Z25.273 E1174.95171
G1 X-5.917 Y-15.746 Z25.28 E1175.90885
G1 X-6.375 Y-17.883 Z25.287 E1176.93663
G1 X-6.636 Y-19.716 Z25.293 E1177.80732
G1 X-6.624 Y-19.937 Z25.294 E1177.9114
G1 X-5.727 Y-20.036 Z25.297 E1178.33579
G1 X-5.536 Y-20.196 Z25.298 E1178.45297
G1 X-5.048 Y-19.333 Z25.301 E1178.9192
G1 X-4.231 Y-17.41 Z25.308 E1179.90175
G1 X-3.453 Y-15.447 Z25.316 E1180.89475
G1 X-1.925 Y-12.721 Z25.326 E1182.36435
G1 X0.128 Y-14.81 Z25.336 E1183.74173
G1 X0.565 Y-16.809 Z25.343 E1184.704
G1 X0.956 Y-18.958 Z25.351 E1185.73119
G1 X1.417 Y-20.758 Z25.357 E1186.60499
G1 X1.51 Y-20.953 Z25.358 E1186.70659
G1 X2.379 Y-20.7 Z25.361 E1187.13222
G1 X2.613 Y-20.776 Z25.362 E1187.24792
G1 X2.732 Y-19.797 Z25.365 E1187.7117
G1 X2.75 Y-17.704 Z25.372 E1188.696
G1 X2.71 Y-15.591 Z25.379 E1189.68985
G1 X3.078 Y-12.459 Z25.39 E1191.17286
G1 X5.791 Y-13.616 Z25.4 E1192.55987
G1 X6.958 Y-15.311 Z25.407 E1193.52763
G1 X8.141 Y-17.15 Z25.415 E1194.55593
G1 X9.252 Y-18.632 Z25.421 E1195.42696
G1 X9.414 Y-18.78 Z25.422 E1195.53015
G1 X10.12 Y-18.212 Z25.425 E1195.95627
G1 X10.364 Y-18.195 E1196.07129
G1 X10.099 Y-17.249 Z25.429 E1196.53329
G1 X9.294 Y-15.265 Z25.436 E1197.54018
G1 X8.462 Y-13.369 Z25.443 E1198.51387
G1 X7.588 Y-10.308 Z25.454 E1200.01089
G1 X10.56 Y-10.345 Z25.464 E1201.40863
G1 X12.291 Y-11.477 Z25.471 E1202.38127
G1 X14.083 Y-12.724 Z25.479 E1203.40795
G1 X15.681 Y-13.673 Z25.485 E1204.28196
G1 X15.882 Y-13.747 Z25.486 E1204.38269
G1 X16.319 Y-12.951 Z25.489 E1204.80972
G1 X16.536 Y-12.846 Z25.49 E1204.92309
G1 X15.924 Y-12.065 Z25.493 E1205.3897
G1 X14.458 Y-10.58 Z25.5 E1206.37101
;TIME_ELAPSED:241.635383
;LAYER:25
;TYPE:WALL-OUTER
;MESH:ceramic_two_component_3mm_nozzle_v4.stl
G1 X12.866 Y-9.041 Z25.507 E1207.4123
G1 X10.929 Y-6.602 Z25.517 E1208.87699
G1 X13.638 Y-5.531 Z25.527 E1210.24689
G1 X15.692 Y-5.886 Z25.533 E1211.22714
G1 X17.939 Y-6.374 Z25.541 E1212.30846
G1 X19.898 Y-6.629 Z25.547 E1213.23748
G1 X19.943 Y-6.627 E1213.25867
G1 X20.099 Y-5.658 Z25.551 E1213.72022
G1 X20.202 Y-5.542 E1213.79318
G1 X19.448 Y-5.118 Z25.554 E1214.19997
G1 X17.394 Y-4.237 Z25.561 E1215.251
G1 X15.345 Y-3.431 Z25.568 E1216.28645
G1 X12.605 Y-1.916 Z25.578 E1217.75883
G1 X14.711 Y0.114 Z25.588 E1219.1344
G1 X16.749 Y0.568 Z25.595 E1220.11629
G1 X19.018 Y0.977 Z25.602 E1221.20052
G1 X20.923 Y1.488 Z25.608 E1222.12805
G1 X20.973 Y1.511 Z25.609 E1222.15394
G1 X20.741 Y2.462 Z25.612 E1222.61428
G1 X20.796 Y2.614 E1222.69029
G1 X19.92 Y2.718 Z25.615 E1223.10514
G1 X17.685 Y2.742 Z25.622 E1224.15624
G1 X15.491 Y2.698 Z25.629 E1225.18822
G1 X12.364 Y3.047 Z25.64 E1226.66787
G1 X13.541 Y5.737 Z25.649 E1228.04868
G1 X15.257 Y6.936 Z25.656 E1229.03313
G1 X17.2 Y8.18 Z25.663 E1230.11809
G1 X18.762 Y9.375 Z25.67 E1231.04295
G1 X18.811 Y9.427 E1231.07655
G1 X18.23 Y10.214 Z25.673 E1231.53658
G1 X18.222 Y10.38 Z25.674 E1231.61474
G1 X17.374 Y10.14 Z25.677 E1232.02919
G1 X15.268 Y9.29 Z25.684 E1233.09719
G1 X13.28 Y8.419 Z25.691 E1234.11787
G1 X10.244 Y7.533 Z25.701 E1235.60516
G1 X10.307 Y10.483 Z25.711 E1236.99276
G1 X11.439 Y12.247 Z25.717 E1237.97843
G1 X12.756 Y14.133 Z25.725 E1239.06019
G1 X13.751 Y15.842 Z25.731 E1239.99017
G1 X13.779 Y15.916 Z25.732 E1240.02738
G1 X12.943 Y16.417 Z25.735 E1240.48571
G1 X12.871 Y16.572 E1240.56608
G1 X12.16 Y16.01 Z25.738 E1240.99228
G1 X10.573 Y14.449 Z25.745 E1242.03912
G1 X9.048 Y12.856 Z25.753 E1243.07619
G1 X6.569 Y10.865 Z25.763 E1244.57142
G1 X5.505 Y13.628 Z25.772 E1245.96378
G1 X5.882 Y15.693 Z25.779 E1246.95093
G1 X6.377 Y17.938 Z25.787 E1248.03204
G1 X6.647 Y19.899 Z25.793 E1248.96293
G1 X6.645 Y19.99 E1249.00574
G1 X5.683 Y20.126 Z25.796 E1249.46263
G1 X5.552 Y20.247 Z25.797 E1249.54649
G1 X5.11 Y19.452 Z25.8 E1249.97425
G1 X4.238 Y17.393 Z25.807 E1251.02579
G1 X3.441 Y15.339 Z25.814 E1252.06188
G1 X1.911 Y12.534 Z25.825 E1253.56445
G1 X-.135 Y14.691 Z25.834 E1254.96255
G1 X-.573 Y16.748 Z25.841 E1255.95158
G1 X-.973 Y19.019 Z25.849 E1257.03599
G1 X-1.471 Y20.931 Z25.855 E1257.96514
G1 X-1.512 Y21.023 E1258.01251
G1 X-2.45 Y20.777 Z25.858 E1258.46853
G1 X-2.622 Y20.841 Z25.859 E1258.55484
G1 X-2.727 Y19.921 Z25.862 E1258.99029
G1 X-2.741 Y17.685 Z25.869 E1260.04183
G1 X-2.686 Y15.49 Z25.876 E1261.07439
G1 X-3.023 Y12.296 Z25.887 E1262.58475
G1 X-5.749 Y13.515 Z25.896 E1263.98903
G1 X-6.94 Y15.254 Z25.903 E1264.98024
G1 X-8.178 Y17.203 Z25.911 E1266.06606
G1 X-9.363 Y18.775 Z25.917 E1266.99183
G1 X-9.448 Y18.856 E1267.04704
G1 X-10.216 Y18.268 Z25.921 E1267.50191
G1 X-10.404 Y18.261 E1267.59038
G1 X-10.148 Y17.37 Z25.924 E1268.02634
G1 X-9.29 Y15.268 Z25.932 E1269.09402
G1 X-8.408 Y13.283 Z25.939 E1270.1155
G1 X-7.486 Y10.189 Z25.949 E1271.63373
G1 X-10.484 Y10.279 Z25.959 E1273.04423
G1 X-12.25 Y11.435 Z25.966 E1274.03682
G1 X-14.132 Y12.759 Z25.973 E1275.11893
G1 X-15.836 Y13.768 Z25.979 E1276.05021
G1 X-15.953 Y13.814 Z25.98 E1276.10934
G1 X-16.433 Y12.977 Z25.983 E1276.56308
G1 X-16.61 Y12.897 Z25.984 E1276.65443
G1 X-16.017 Y12.154 Z25.987 E1277.10148
G1 X-14.448 Y10.573 Z25.994 E1278.14895
G1 X-12.847 Y9.056 Z26.001 E1279.18615
G1 X-10.8 Y6.537 Z26.011 E1280.71256
G1 X-13.617 Y5.478 Z26.021 E1282.12782
G1 X-15.694 Y5.877 Z26.028 E1283.12242
G1 X-17.938 Y6.381 Z26.035 E1284.20399
G1 X-19.9 Y6.665 Z26.042 E1285.13627
G1 X-20.037 Y6.662 E1285.20071
G1 X-20.154 Y5.707 Z26.045 E1285.65317
G1 X-20.291 Y5.562 Z26.046 E1285.74699
G1 X-19.457 Y5.101 Z26.049 E1286.19512
G1 X-17.393 Y4.239 Z26.056 E1287.24699
G1 X-15.333 Y3.452 Z26.064 E1288.28403
G1 X-12.462 Y1.905 Z26.074 E1289.8177
G1 X-14.672 Y-.155 Z26.084 E1291.23847
G1 X-16.747 Y-.578 Z26.091 E1292.23434
G1 X-19.02 Y-.97 Z26.098 E1293.31904
G1 X-20.939 Y-1.454 Z26.105 E1294.24974
G1 X-21.073 Y-1.514 E1294.31878
G1 X-20.812 Y-2.438 Z26.108 E1294.77031
G1 X-20.886 Y-2.63 Z26.109 E1294.86708
G1 X-19.922 Y-2.737 Z26.112 E1295.3232
G1 X-17.685 Y-2.74 Z26.119 E1296.37518
G1 X-15.488 Y-2.674 Z26.126 E1297.40882
G1 X-12.228 Y-3 Z26.137 E1298.94954
G1 X-13.488 Y-5.76 Z26.147 E1300.37633
G1 X-15.252 Y-6.944 Z26.154 E1301.37542
G1 X-17.205 Y-8.175 Z26.161 E1302.46107
G1 X-18.789 Y-9.35 Z26.167 E1303.38854
G1 X-18.902 Y-9.468 Z26.168 E1303.46537
G1 X-18.305 Y-10.218 Z26.171 E1303.91617
G1 X-18.299 Y-10.429 Z26.172 E1304.01544
G1 X-17.369 Y-10.158 Z26.175 E1304.47097
G1 X-15.269 Y-9.289 Z26.182 E1305.53975
G1 X-13.286 Y-8.396 Z26.189 E1306.56248
G1 X-10.134 Y-7.439 Z26.2 E1308.11157
G1 X-10.25 Y-10.484 Z26.21 E1309.54457
G1 X-11.431 Y-12.253 Z26.217 E1310.54483
G1 X-12.762 Y-14.13 Z26.224 E1311.62692
G1 X-13.786 Y-15.83 Z26.231 E1312.56021
G1 X-13.848 Y-15.989 E1312.64046
G1 X-13.011 Y-16.45 Z26.234 E1313.08983
G1 X-12.924 Y-16.648 Z26.235 E1313.19153
G1 X-12.148 Y-16.025 Z26.238 E1313.65951
G1 X-10.574 Y-14.448 Z26.245 E1314.70731
G1 X-9.063 Y-12.838 Z26.253 E1315.74566
G1 X-6.505 Y-10.735 Z26.263 E1317.30294
G1 X-5.452 Y-13.607 Z26.273 E1318.74146
G1 X-5.872 Y-15.695 Z26.28 E1319.74305
G1 X-6.385 Y-17.937 Z26.287 E1320.82463
G1 X-6.683 Y-19.9 Z26.294 E1321.75834
G1 X-6.679 Y-20.084 E1321.84489
G1 X-5.732 Y-20.182 Z26.298 E1322.29261
G1 X-5.571 Y-20.336 E1322.39738
G1 X-5.093 Y-19.461 Z26.302 E1322.86626
G1 X-4.239 Y-17.392 Z26.309 E1323.91887
G1 X-3.462 Y-15.327 Z26.316 E1324.95644
G1 X-1.9 Y-12.391 Z26.327 E1326.52038
G1 X0.175 Y-14.652 Z26.337 E1327.96355
G1 X0.583 Y-16.746 Z26.343 E1328.96681
G1 X0.967 Y-19.021 Z26.351 E1330.0518
G1 X1.437 Y-20.947 Z26.357 E1330.98411
G1 X1.515 Y-21.123 Z26.358 E1331.07464
G1 X2.426 Y-20.848 Z26.361 E1331.52214
G1 X2.638 Y-20.932 Z26.362 E1331.62938
G1 X2.747 Y-19.923 Z26.365 E1332.10664
G1 X2.739 Y-17.685 Z26.372 E1333.1591
G1 X2.663 Y-15.487 Z26.379 E1334.19337
G1 X2.977 Y-12.16 Z26.39 E1335.7649
G1 X5.772 Y-13.462 Z26.4 E1337.21491
G1 X6.948 Y-15.249 Z26.407 E1338.22092
G1 X8.173 Y-17.207 Z26.415 E1339.30706
G1 X9.338 Y-18.803 Z26.421 E1340.23629
G1 X9.489 Y-18.947 Z26.422 E1340.33441
G1 X10.22 Y-18.342 Z26.425 E1340.78064
G1 X10.454 Y-18.338 Z26.426 E1340.8907
G1 X10.167 Y-17.366 Z26.429 E1341.36731
G1 X9.291 Y-15.275 Z26.436 E1342.43344
G1 X8.385 Y-13.289 Z26.443 E1343.45998
G1 X7.391 Y-10.079 Z26.454 E1345.04026
G1 X10.485 Y-10.222 Z26.464 E1346.49681
G1 X12.256 Y-11.427 Z26.471 E1347.50416
G1 X14.128 Y-12.766 Z26.478 E1348.58652
G1 X15.823 Y-13.804 Z26.485 E1349.52121
G1 X16.026 Y-13.882 Z26.486 E1349.62348
G1 X16.466 Y-13.045 Z26.489 E1350.06816
G1 X16.685 Y-12.95 E1350.18042
G1 X16.032 Y-12.142 Z26.493 E1350.66898
G1 X14.447 Y-10.574 Z26.5 E1351.71745
;TIME_ELAPSED:249.589872
;LAYER:26
;TYPE:WALL-OUTER
;MESH:ceramic_two_component_3mm_nozzle_v4.stl
G1 X12.943 Y-9.176 Z26.506 E1352.68309
G1 X10.68 Y-6.48 Z26.517 E1354.33838
G1 X13.718 Y-5.454 Z26.527 E1355.84632
G1 X15.894 Y-5.915 Z26.534 E1356.89233
G1 X18.259 Y-6.442 Z26.541 E1358.03179
G1 X20.132 Y-6.701 Z26.547 E1358.92098
G1 X20.141 Y-6.701 E1358.92521
G1 X20.361 Y-5.615 Z26.551 E1359.44629
G1 X20.393 Y-5.583 E1359.46758
G1 X19.808 Y-5.265 Z26.553 E1359.7807
G1 X17.611 Y-4.326 Z26.56 E1360.90428
G1 X15.47 Y-3.523 Z26.567 E1361.97961
G1 X12.343 Y-1.898 Z26.578 E1363.63684
G1 X14.762 Y0.209 Z26.588 E1365.14544
G1 X16.948 Y0.615 Z26.595 E1366.19102
G1 X19.356 Y1.035 Z26.603 E1367.34052
G1 X21.179 Y1.507 Z26.608 E1368.22608
G1 X21.2 Y1.516 Z26.609 E1368.23683
G1 X20.98 Y2.597 Z26.612 E1368.75561
G1 X21.004 Y2.652 E1368.78383
G1 X20.314 Y2.724 Z26.614 E1369.11008
G1 X17.932 Y2.748 Z26.622 E1370.23031
G1 X15.642 Y2.667 Z26.629 E1371.30789
G1 X12.134 Y2.966 Z26.64 E1372.96357
G1 X13.558 Y5.841 Z26.65 E1374.47234
G1 X15.424 Y7.052 Z26.656 E1375.51845
G1 X17.479 Y8.352 Z26.664 E1376.66198
G1 X19.007 Y9.498 Z26.67 E1377.56019
G1 X19.032 Y9.524 E1377.57715
G1 X18.411 Y10.426 Z26.673 E1378.09214
G1 X18.412 Y10.504 Z26.674 E1378.12883
G1 X17.718 Y10.298 Z26.676 E1378.46927
G1 X15.529 Y9.409 Z26.683 E1379.58033
G1 X13.428 Y8.452 Z26.69 E1380.66603
G1 X10.074 Y7.384 Z26.701 E1382.32134
G1 X10.291 Y10.584 Z26.711 E1383.82965
G1 X11.553 Y12.417 Z26.718 E1384.87619
G1 X12.957 Y14.403 Z26.725 E1386.01995
G1 X13.941 Y16.057 Z26.731 E1386.92501
G1 X13.959 Y16.101 E1386.94737
G1 X13.041 Y16.689 Z26.735 E1387.46004
G1 X13.007 Y16.773 E1387.50266
G1 X12.429 Y16.303 Z26.737 E1387.85299
G1 X10.745 Y14.641 Z26.745 E1388.96566
G1 X9.17 Y12.948 Z26.752 E1390.05307
G1 X6.481 Y10.678 Z26.763 E1391.70795
G1 X5.459 Y13.717 Z26.773 E1393.21574
G1 X5.925 Y15.891 Z26.78 E1394.26132
G1 X6.463 Y18.256 Z26.787 E1395.40191
G1 X6.746 Y20.183 Z26.793 E1396.31784
G1 X6.745 Y20.243 E1396.34606
G1 X5.675 Y20.423 Z26.797 E1396.85631
G1 X5.603 Y20.499 E1396.90555
G1 X5.238 Y19.823 Z26.799 E1397.26683
G1 X4.312 Y17.617 Z26.807 E1398.39192
G1 X3.516 Y15.472 Z26.814 E1399.46786
G1 X1.899 Y12.341 Z26.825 E1401.12503
G1 X-.204 Y14.764 Z26.835 E1402.63381
G1 X-.604 Y16.95 Z26.841 E1403.67888
G1 X-1.014 Y19.361 Z26.849 E1404.82897
G1 X-1.485 Y21.243 Z26.855 E1405.74131
G1 X-1.515 Y21.311 E1405.77626
G1 X-2.564 Y21.061 Z26.859 E1406.28338
G1 X-2.674 Y21.11 E1406.34001
G1 X-2.755 Y20.317 Z26.861 E1406.71487
G1 X-2.763 Y17.927 Z26.869 E1407.83882
G1 X-2.675 Y15.641 Z26.876 E1408.91464
G1 X-2.965 Y12.134 Z26.887 E1410.5695
G1 X-5.837 Y13.561 Z26.897 E1412.07763
G1 X-7.043 Y15.43 Z26.903 E1413.12365
G1 X-8.335 Y17.492 Z26.911 E1414.26796
G1 X-9.503 Y19.075 Z26.917 E1415.1931
G1 X-9.566 Y19.135 E1415.23401
G1 X-10.428 Y18.498 Z26.921 E1415.73806
G1 X-10.564 Y18.501 E1415.80203
G1 X-10.327 Y17.709 Z26.924 E1416.1908
G1 X-9.423 Y15.523 Z26.931 E1417.30324
G1 X-8.459 Y13.425 Z26.938 E1418.38902
G1 X-7.382 Y10.074 Z26.949 E1420.04427
G1 X-10.581 Y10.296 Z26.959 E1421.55227
G1 X-12.411 Y11.561 Z26.966 E1422.59846
G1 X-14.392 Y12.975 Z26.973 E1423.74303
G1 X-16.088 Y14.001 Z26.979 E1424.67518
G1 X-16.179 Y14.038 Z26.98 E1424.72138
G1 X-16.723 Y13.12 Z26.983 E1425.22319
G1 X-16.863 Y13.066 E1425.29376
G1 X-16.327 Y12.41 Z26.986 E1425.69214
G1 X-14.651 Y10.735 Z26.993 E1426.80644
G1 X-12.953 Y9.165 Z27.001 E1427.89398
G1 X-10.677 Y6.482 Z27.011 E1429.54853
G1 X-13.716 Y5.465 Z27.021 E1431.05557
G1 X-15.889 Y5.935 Z27.028 E1432.10109
G1 X-18.253 Y6.484 Z27.036 E1433.24238
G1 X-20.235 Y6.79 Z27.042 E1434.18549
G1 X-20.345 Y6.789 E1434.23722
G1 X-20.485 Y5.736 Z27.045 E1434.73677
G1 X-20.604 Y5.623 Z27.046 E1434.81394
G1 X-19.837 Y5.212 Z27.049 E1435.22316
G1 X-17.622 Y4.299 Z27.056 E1436.34982
G1 X-15.475 Y3.508 Z27.063 E1437.42582
G1 X-12.34 Y1.901 Z27.074 E1439.08251
G1 X-14.765 Y-.199 Z27.084 E1440.59108
G1 X-16.952 Y-.594 Z27.091 E1441.63619
G1 X-19.367 Y-.993 Z27.098 E1442.78728
G1 X-21.307 Y-1.464 Z27.105 E1443.7261
G1 X-21.423 Y-1.514 E1443.7855
G1 X-21.142 Y-2.532 Z27.108 E1444.28214
G1 X-21.215 Y-2.696 Z27.109 E1444.36656
G1 X-20.32 Y-2.786 Z27.112 E1444.78957
G1 X-17.931 Y-2.777 Z27.119 E1445.91304
G1 X-15.641 Y-2.683 Z27.126 E1446.99086
G1 X-12.133 Y-2.964 Z27.137 E1448.64583
G1 X-13.564 Y-5.833 Z27.147 E1450.15354
G1 X-15.435 Y-7.035 Z27.154 E1451.19934
G1 X-17.505 Y-8.318 Z27.161 E1452.34461
G1 X-19.142 Y-9.508 Z27.167 E1453.29634
G1 X-19.238 Y-9.607 Z27.168 E1453.36119
G1 X-18.585 Y-10.429 Z27.171 E1453.85488
G1 X-18.591 Y-10.625 Z27.172 E1453.9471
G1 X-17.7 Y-10.356 Z27.175 E1454.38479
G1 X-15.517 Y-9.437 Z27.182 E1455.49864
G1 X-13.422 Y-8.466 Z27.189 E1456.58452
G1 X-10.075 Y-7.381 Z27.2 E1458.23914
G1 X-10.301 Y-10.578 Z27.21 E1459.74633
G1 X-11.57 Y-12.405 Z27.217 E1460.79243
G1 X-12.993 Y-14.381 Z27.224 E1461.93755
G1 X-14.062 Y-16.118 Z27.231 E1462.8967
G1 X-14.118 Y-16.257 E1462.96717
G1 X-13.199 Y-16.758 Z27.234 E1463.4594
G1 X-13.125 Y-16.953 Z27.235 E1463.55748
G1 X-12.39 Y-16.351 Z27.238 E1464.00427
G1 X-10.724 Y-14.662 Z27.245 E1465.11992
G1 X-9.159 Y-12.958 Z27.252 E1466.20794
G1 X-6.483 Y-10.675 Z27.263 E1467.86212
G1 X-5.47 Y-13.715 Z27.273 E1469.36901
G1 X-5.945 Y-15.887 Z27.28 E1470.41457
G1 X-6.505 Y-18.25 Z27.287 E1471.55659
G1 X-6.834 Y-20.286 Z27.294 E1472.52647
G1 X-6.833 Y-20.447 E1472.60218
G1 X-5.796 Y-20.547 Z27.298 E1473.09211
G1 X-5.643 Y-20.71 E1473.19724
G1 X-5.185 Y-19.852 Z27.301 E1473.65462
G1 X-4.285 Y-17.628 Z27.309 E1474.78288
G1 X-3.501 Y-15.477 Z27.316 E1475.85952
G1 X-1.903 Y-12.339 Z27.327 E1477.51554
G1 X0.193 Y-14.766 Z27.336 E1479.02359
G1 X0.583 Y-16.954 Z27.343 E1480.06875
G1 X0.972 Y-19.372 Z27.351 E1481.22048
G1 X1.442 Y-21.37 Z27.357 E1482.18571
G1 X1.513 Y-21.534 Z27.358 E1482.26975
G1 X2.5 Y-21.223 Z27.361 E1482.7564
G1 X2.718 Y-21.321 Z27.362 E1482.8688
G1 X2.817 Y-20.323 Z27.365 E1483.34043
G1 X2.792 Y-17.931 Z27.372 E1484.46537
G1 X2.69 Y-15.64 Z27.379 E1485.54382
G1 X2.963 Y-12.133 Z27.39 E1487.19803
G1 X5.829 Y-13.567 Z27.4 E1488.70511
G1 X7.026 Y-15.441 Z27.407 E1489.75082
G1 X8.301 Y-17.518 Z27.414 E1490.89692
G1 X9.513 Y-19.209 Z27.421 E1491.8753
G1 X9.649 Y-19.341 Z27.422 E1491.96443
G1 X10.431 Y-18.671 Z27.425 E1492.44869
G1 X10.685 Y-18.68 E1492.56822
G1 X10.385 Y-17.691 Z27.429 E1493.05424
G1 X9.451 Y-15.511 Z27.436 E1494.16955
G1 X8.472 Y-13.419 Z27.443 E1495.25574
G1 X7.379 Y-10.075 Z27.454 E1496.91018
G1 X10.575 Y-10.305 Z27.464 E1498.41704
G1 X12.399 Y-11.579 Z27.471 E1499.46332
G1 X14.37 Y-13.011 Z27.478 E1500.60902
G1 X16.149 Y-14.122 Z27.485 E1501.59537
G1 X16.336 Y-14.197 E1501.69011
G1 X16.792 Y-13.278 Z27.489 E1502.17257
G1 X17.043 Y-13.184 E1502.29861
G1 X16.374 Y-12.371 Z27.493 E1502.79374
G1 X14.672 Y-10.713 Z27.5 E1503.91113
;TIME_ELAPSED:257.916277
;LAYER:27
;TYPE:WALL-OUTER
;MESH:ceramic_two_component_3mm_nozzle_v4.stl
G1 X13.247 Y-9.413 Z27.506 E1504.81822
G1 X10.831 Y-6.665 Z27.517 E1506.53894
G1 X14.049 Y-5.551 Z27.527 E1508.14037
G1 X16.311 Y-6.059 Z27.534 E1509.23061
G1 X18.816 Y-6.624 Z27.541 E1510.43822
G1 X20.549 Y-6.88 Z27.547 E1511.26203
G1 X20.557 Y-6.88 E1511.26579
G1 X20.813 Y-5.676 Z27.55 E1511.84465
G1 X20.827 Y-5.665 E1511.85302
G1 X20.405 Y-5.441 Z27.552 E1512.0777
G1 X18.147 Y-4.473 Z27.559 E1513.23302
G1 X15.842 Y-3.622 Z27.566 E1514.3885
G1 X12.556 Y-2.007 Z27.577 E1516.11035
G1 X15.107 Y0.242 Z27.587 E1517.70964
G1 X17.388 Y0.637 Z27.594 E1518.79828
G1 X19.918 Y1.071 Z27.602 E1520.00543
G1 X21.651 Y1.503 Z27.607 E1520.84534
G1 X21.668 Y1.51 E1520.85399
G1 X21.432 Y2.712 Z27.611 E1521.43004
G1 X21.45 Y2.746 E1521.44813
G1 X20.939 Y2.795 Z27.613 E1521.68954
G1 X18.445 Y2.821 Z27.62 E1522.86245
G1 X16.021 Y2.722 Z27.627 E1524.00332
G1 X12.37 Y2.956 Z27.638 E1525.72379
G1 X13.865 Y6.002 Z27.648 E1527.31945
G1 X15.824 Y7.239 Z27.655 E1528.40899
G1 X17.99 Y8.6 Z27.663 E1529.61198
G1 X19.459 Y9.683 Z27.668 E1530.47024
G1 X19.478 Y9.703 E1530.48321
G1 X18.795 Y10.709 Z27.672 E1531.05503
G1 X18.8 Y10.768 E1531.08288
G1 X18.278 Y10.609 Z27.674 E1531.33949
G1 X15.968 Y9.674 Z27.681 E1532.51142
G1 X13.759 Y8.651 Z27.688 E1533.65622
G1 X10.295 Y7.47 Z27.699 E1535.3773
G1 X10.518 Y10.848 Z27.709 E1536.96932
G1 X11.853 Y12.74 Z27.716 E1538.05825
G1 X13.34 Y14.831 Z27.724 E1539.26487
G1 X14.299 Y16.411 Z27.73 E1540.13405
G1 X14.313 Y16.446 E1540.15178
G1 X13.294 Y17.101 Z27.733 E1540.72143
G1 X13.27 Y17.177 E1540.75891
G1 X12.816 Y16.803 Z27.735 E1541.03553
G1 X11.05 Y15.058 Z27.743 E1542.20306
G1 X9.397 Y13.261 Z27.75 E1543.35128
G1 X6.651 Y10.847 Z27.761 E1545.07067
G1 X5.571 Y14.044 Z27.771 E1546.65758
G1 X6.081 Y16.306 Z27.778 E1547.74803
G1 X6.66 Y18.81 Z27.785 E1548.95664
G1 X6.947 Y20.658 Z27.791 E1549.83611
G1 X6.946 Y20.708 E1549.85963
G1 X5.76 Y20.91 Z27.795 E1550.4254
G1 X5.694 Y20.987 E1550.47309
G1 X5.398 Y20.427 Z27.797 E1550.77096
G1 X4.443 Y18.149 Z27.804 E1551.93256
G1 X3.603 Y15.849 Z27.812 E1553.08405
G1 X1.988 Y12.566 Z27.822 E1554.80463
G1 X-.223 Y15.111 Z27.833 E1556.39003
G1 X-.614 Y17.392 Z27.839 E1557.47835
G1 X-1.036 Y19.927 Z27.847 E1558.68688
G1 X-1.484 Y21.777 Z27.853 E1559.58202
G1 X-1.507 Y21.832 E1559.61005
G1 X-2.672 Y21.554 Z27.856 E1560.17329
G1 X-2.78 Y21.609 Z27.857 E1560.23029
G1 X-2.843 Y20.944 Z27.859 E1560.54442
G1 X-2.849 Y18.444 Z27.866 E1561.72009
G1 X-2.742 Y16.02 Z27.874 E1562.86112
G1 X-2.978 Y12.371 Z27.884 E1564.58071
G1 X-5.984 Y13.876 Z27.894 E1566.1616
G1 X-7.22 Y15.836 Z27.901 E1567.25129
G1 X-8.57 Y18.011 Z27.909 E1568.45513
G92 E0
G1 X-9.713 Y19.584 Z27.915 E0.9144
G1 X-9.762 Y19.631 E0.94633
G1 X-10.718 Y18.923 Z27.919 E1.50576
G1 X-10.861 Y18.934 E1.57321
G1 X-10.655 Y18.264 Z27.921 E1.90285
G1 X-9.7 Y15.956 Z27.928 E3.07746
G1 X-8.67 Y13.75 Z27.936 E4.22238
G1 X-7.49 Y10.289 Z27.947 E5.94197
G1 X-10.837 Y10.535 Z27.957 E7.52019
G1 X-12.727 Y11.872 Z27.964 E8.60891
G1 X-14.812 Y13.371 Z27.971 E9.81651
G1 X-16.486 Y14.402 Z27.977 E10.74106
G1 X-16.56 Y14.432 E10.77861
G1 X-17.158 Y13.408 Z27.981 E11.33627
G1 X-17.313 Y13.358 E11.41286
G1 X-16.84 Y12.785 Z27.983 E11.76227
G1 X-15.077 Y11.03 Z27.991 E12.93211
G1 X-13.274 Y9.382 Z27.998 E14.08082
G1 X-10.864 Y6.637 Z28.009 E15.79862
G1 X-14.04 Y5.591 Z28.019 E17.3711
G1 X-16.301 Y6.104 Z28.026 E18.4614
G1 X-18.805 Y6.696 Z28.034 E19.6714
G1 X-20.767 Y7.013 Z28.04 E20.60603
G1 X-20.858 Y7.012 E20.64883
G1 X-21.006 Y5.843 Z28.043 E21.20296
G1 X-21.147 Y5.724 Z28.044 E21.28972
G1 X-20.45 Y5.355 Z28.046 E21.6606
G1 X-18.167 Y4.42 Z28.054 E22.82077
G1 X-15.855 Y3.584 Z28.061 E23.97692
G1 X-12.576 Y1.968 Z28.072 E25.69602
G1 X-15.114 Y-.203 Z28.082 E27.26664
G1 X-17.396 Y-.592 Z28.089 E28.35527
G1 X-19.935 Y-1.001 Z28.096 E29.56466
G1 X-21.903 Y-1.464 Z28.102 E30.51541
G1 X-21.996 Y-1.503 Z28.103 E30.56284
G1 X-21.675 Y-2.632 Z28.106 E31.11481
G1 X-21.768 Y-2.814 Z28.107 E31.21093
G1 X-20.948 Y-2.891 Z28.109 E31.59824
G1 X-18.444 Y-2.876 Z28.117 E32.77581
G1 X-16.019 Y-2.763 Z28.124 E33.91744
G1 X-12.373 Y-3 Z28.135 E35.63565
G1 X-13.887 Y-5.967 Z28.145 E37.20209
G1 X-15.848 Y-7.2 Z28.152 E38.29142
G1 X-18.032 Y-8.541 Z28.159 E39.49664
G1 X-19.709 Y-9.743 Z28.165 E40.46693
G1 X-19.785 Y-9.821 Z28.166 E40.51815
G1 X-19.05 Y-10.727 Z28.169 E41.06678
G1 X-19.068 Y-10.953 Z28.17 E41.1734
G1 X-18.249 Y-10.702 Z28.172 E41.57622
G1 X-15.945 Y-9.725 Z28.18 E42.75311
G1 X-13.742 Y-8.688 Z28.187 E43.89814
G1 X-10.282 Y-7.51 Z28.198 E45.61698
G1 X-10.552 Y-10.825 Z28.208 E47.18107
G1 X-11.89 Y-12.714 Z28.215 E48.26967
G1 X-13.402 Y-14.793 Z28.222 E49.47858
G1 X-14.506 Y-16.562 Z28.229 E50.45919
G1 X-14.55 Y-16.673 E50.51534
G1 X-13.522 Y-17.215 Z28.233 E51.06185
G1 X-13.446 Y-17.45 E51.178
G1 X-12.755 Y-16.878 Z28.236 E51.59984
G1 X-11.014 Y-15.101 Z28.243 E52.76974
G1 X-9.367 Y-13.288 Z28.251 E53.92161
G1 X-6.622 Y-10.88 Z28.262 E55.63879
G1 X-5.61 Y-14.036 Z28.271 E57.19738
G1 X-6.127 Y-16.296 Z28.278 E58.28764
G1 X-6.732 Y-18.799 Z28.286 E59.49861
G1 X-7.08 Y-20.876 Z28.292 E60.48897
G1 X-7.079 Y-21.009 Z28.293 E60.55152
G1 X-5.927 Y-21.102 Z28.296 E61.09502
G1 X-5.753 Y-21.307 Z28.297 E61.22147
G1 X-5.312 Y-20.472 Z28.3 E61.66555
G1 X-4.394 Y-18.177 Z28.307 E62.82795
G1 X-3.565 Y-15.862 Z28.314 E63.98431
G1 X-1.949 Y-12.585 Z28.325 E65.70256
G1 X0.184 Y-15.118 Z28.335 E67.25983
G1 X0.57 Y-17.4 Z28.342 E68.34822
G1 X0.966 Y-19.943 Z28.35 E69.55852
G1 X1.444 Y-22.029 Z28.356 E70.56492
G1 X1.499 Y-22.16 Z28.357 E70.63174
G1 X2.592 Y-21.796 Z28.36 E71.17349
G1 X2.848 Y-21.927 Z28.361 E71.30873
G1 X2.939 Y-20.953 Z28.364 E71.76876
G1 X2.904 Y-18.443 Z28.371 E72.94924
G1 X2.783 Y-16.018 Z28.378 E74.09106
G1 X3.022 Y-12.374 Z28.389 E75.80839
G1 X5.95 Y-13.899 Z28.399 E77.36089
G1 X7.181 Y-15.86 Z28.406 E78.44973
G1 X8.512 Y-18.053 Z28.414 E79.6561
G1 X9.774 Y-19.834 Z28.42 E80.6826
G1 X9.88 Y-19.938 Z28.421 E80.75243
G1 X10.736 Y-19.177 Z28.424 E81.29106
G1 X11.046 Y-19.202 Z28.425 E81.43732
G1 X10.748 Y-18.235 Z28.428 E81.91317
G1 X9.751 Y-15.934 Z28.435 E83.09246
G1 X8.707 Y-13.733 Z28.443 E84.23805
G1 X7.53 Y-10.275 Z28.454 E85.95585
G1 X10.814 Y-10.569 Z28.463 E87.50637
G1 X12.701 Y-11.909 Z28.47 E88.59475
G1 X14.774 Y-13.433 Z28.478 E89.80471
G1 X16.637 Y-14.61 Z28.485 E90.84101
G1 X16.786 Y-14.669 E90.91637
G1 X17.271 Y-13.636 Z28.488 E91.45304
G1 X17.586 Y-13.534 Z28.489 E91.60874
G1 X16.915 Y-12.724 Z28.493 E92.10338
G1 X15.115 Y-10.99 Z28.5 E93.27874
;TIME_ELAPSED:266.555956
;LAYER:28
;TYPE:WALL-OUTER
;MESH:ceramic_two_component_3mm_nozzle_v4.stl
G1 X13.699 Y-9.711 Z28.505 E94.17606
G1 X11.161 Y-6.909 Z28.516 E95.95393
G1 X14.51 Y-5.74 Z28.526 E97.62204
G1 X16.863 Y-6.291 Z28.533 E98.75851
G1 X19.489 Y-6.888 Z28.541 E100.02494
G1 X21.164 Y-7.148 Z28.546 E100.82207
G1 X21.456 Y-5.796 Z28.55 E101.47253
G1 X21.473 Y-5.783 E101.48259
G1 X21.174 Y-5.625 Z28.551 E101.64163
G1 X18.758 Y-4.59 Z28.559 E102.87765
G1 X16.375 Y-3.724 Z28.566 E104.07
G1 X12.958 Y-2.104 Z28.577 E105.84835
G1 X15.604 Y0.242 Z28.587 E107.51132
G1 X17.988 Y0.634 Z28.594 E108.64749
G1 X20.651 Y1.085 Z28.602 E109.91764
G1 X22.338 Y1.492 Z28.606 E110.73374
G1 X22.076 Y2.845 Z28.61 E111.38183
G1 X22.1 Y2.886 Z28.611 E111.40418
G1 X21.717 Y2.921 Z28.612 E111.58504
G1 X19.105 Y2.948 Z28.619 E112.81344
G1 X16.55 Y2.835 Z28.627 E114.01614
G1 X12.777 Y3.024 Z28.637 E115.79268
G1 X14.327 Y6.188 Z28.647 E117.44955
G1 X16.38 Y7.464 Z28.654 E118.58629
G1 X18.668 Y8.895 Z28.662 E119.85537
G1 X20.113 Y9.943 Z28.667 E120.69481
G1 X19.345 Y11.078 Z28.671 E121.33927
G1 X19.354 Y11.152 E121.37433
G1 X18.94 Y11.024 Z28.673 E121.57811
G1 X16.524 Y10.045 Z28.68 E122.80401
G1 X14.204 Y8.959 Z28.687 E124.00864
G1 X10.642 Y7.691 Z28.698 E125.7867
G1 X10.875 Y11.197 Z28.708 E127.43909
G1 X12.283 Y13.159 Z28.715 E128.57475
G1 X13.856 Y15.36 Z28.723 E129.84697
G1 X14.814 Y16.917 Z28.728 E130.70667
G1 X13.666 Y17.652 Z28.732 E131.3477
G1 X13.64 Y17.75 Z28.733 E131.39538
G1 X13.274 Y17.447 Z28.734 E131.61883
G1 X11.411 Y15.604 Z28.741 E132.8512
G1 X9.69 Y13.718 Z28.749 E134.05188
G1 X6.885 Y11.187 Z28.76 E135.82859
G1 X5.769 Y14.504 Z28.77 E137.47438
G1 X6.32 Y16.856 Z28.777 E138.61039
G1 X6.933 Y19.481 Z28.784 E139.87805
G1 X7.233 Y21.343 Z28.79 E140.76498
G1 X5.895 Y21.566 Z28.794 E141.40287
G1 X5.818 Y21.666 E141.46223
G1 X5.572 Y21.201 Z28.795 E141.70962
G1 X4.555 Y18.769 Z28.803 E142.94927
G1 X3.697 Y16.384 Z28.81 E144.14123
G1 X2.072 Y12.974 Z28.821 E145.91761
G1 X-.213 Y15.609 Z28.831 E147.55778
G1 X-.604 Y17.993 Z28.838 E148.69387
G1 X-1.041 Y20.661 Z28.846 E149.96526
G1 X-1.482 Y22.536 Z28.851 E150.87107
G1 X-2.794 Y22.216 Z28.855 E151.50615
G1 X-2.927 Y22.292 Z28.856 E151.57818
G1 X-2.981 Y21.723 Z28.857 E151.84697
G1 X-2.984 Y19.104 Z28.865 E153.07859
G1 X-2.863 Y16.549 Z28.872 E154.28147
G1 X-3.06 Y12.78 Z28.883 E156.05632
G1 X-6.163 Y14.343 Z28.893 E157.69022
G1 X-7.438 Y16.396 Z28.9 E158.82671
G1 X-8.858 Y18.695 Z28.908 E160.09746
G1 X-10.01 Y20.3 Z28.913 E161.02653
G1 X-11.085 Y19.493 Z28.917 E161.65866
G1 X-11.264 Y19.516 Z28.918 E161.74353
G1 X-11.081 Y18.923 Z28.919 E162.03538
G1 X-10.078 Y16.51 Z28.927 E163.26425
G1 X-8.984 Y14.192 Z28.934 E164.46964
G1 X-7.725 Y10.631 Z28.945 E166.24584
G1 X-11.179 Y10.899 Z28.955 E167.87502
G1 X-13.142 Y12.307 Z28.962 E169.01106
G1 X-15.341 Y13.897 Z28.97 E170.28718
G1 X-17.051 Y14.962 Z28.976 E171.23454
G1 X-17.715 Y13.801 Z28.979 E171.86351
G1 X-17.916 Y13.746 Z28.98 E171.96151
G1 X-17.493 Y13.236 Z28.982 E172.2731
G1 X-15.629 Y11.385 Z28.989 E173.50845
G1 X-13.736 Y9.669 Z28.997 E174.70999
G1 X-11.214 Y6.861 Z29.008 E176.48491
G1 X-14.497 Y5.797 Z29.017 E178.10785
G1 X-16.849 Y6.349 Z29.024 E179.24397
G1 X-19.474 Y6.977 Z29.032 E180.51325
G1 X-21.522 Y7.319 Z29.038 E181.4897
G1 X-21.676 Y5.995 Z29.042 E182.11653
G1 X-21.86 Y5.853 Z29.043 E182.22583
G1 X-21.229 Y5.52 Z29.045 E182.56135
G1 X-18.784 Y4.523 Z29.052 E183.80307
G1 X-16.393 Y3.67 Z29.06 E184.99689
G1 X-12.989 Y2.039 Z29.07 E186.77194
G1 X-15.614 Y-.184 Z29.08 E188.38957
G1 X-17.997 Y-.574 Z29.087 E189.52512
G1 X-20.672 Y-.997 Z29.095 E190.79871
G1 X-22.735 Y-1.471 Z29.101 E191.79415
G1 X-22.356 Y-2.744 Z29.105 E192.41876
G1 X-22.484 Y-2.969 Z29.106 E192.5405
G1 X-21.728 Y-3.04 Z29.108 E192.89758
G1 X-19.103 Y-3.019 Z29.115 E194.13207
G1 X-16.547 Y-2.891 Z29.123 E195.33558
G1 X-12.782 Y-3.096 Z29.133 E197.10875
G1 X-14.359 Y-6.139 Z29.143 E198.72052
G1 X-16.411 Y-7.412 Z29.15 E199.85611
G1 X-18.721 Y-8.821 Z29.158 E201.12856
G1 X-20.488 Y-10.076 Z29.164 E202.14778
G1 X-19.642 Y-11.093 Z29.168 E202.76989
G1 X-19.677 Y-11.375 Z29.169 E202.90352
G1 X-18.905 Y-11.138 Z29.171 E203.28329
G1 X-16.495 Y-10.111 Z29.179 E204.51524
G1 X-14.18 Y-9.009 Z29.186 E205.72096
G1 X-10.619 Y-7.76 Z29.197 E207.4956
G1 X-10.923 Y-11.162 Z29.207 E209.10182
G1 X-12.332 Y-13.124 Z29.213 E210.23775
G1 X-13.935 Y-15.317 Z29.221 E211.51518
G1 X-15.109 Y-17.184 Z29.228 E212.55233
G1 X-13.936 Y-17.779 Z29.231 E213.17086
G1 X-13.853 Y-18.081 Z29.232 E213.31814
G1 X-13.198 Y-17.538 Z29.235 E213.71825
G1 X-11.358 Y-15.654 Z29.242 E214.95667
G1 X-9.648 Y-13.755 Z29.25 E216.15841
G1 X-6.838 Y-11.24 Z29.26 E217.93184
G1 X-5.826 Y-14.491 Z29.27 E219.53303
G1 X-6.379 Y-16.842 Z29.277 E220.6688
G1 X-7.022 Y-19.466 Z29.285 E221.93929
G1 X-7.405 Y-21.702 Z29.291 E223.00612
G1 X-6.095 Y-21.786 Z29.295 E223.62343
G1 X-5.887 Y-22.053 Z29.296 E223.78259
G1 X-5.467 Y-21.257 Z29.299 E224.20584
G1 X-4.487 Y-18.792 Z29.306 E225.45329
G1 X-3.643 Y-16.402 Z29.314 E226.64525
G1 X-2.007 Y-13.005 Z29.324 E228.41835
G1 X0.155 Y-15.619 Z29.334 E230.01361
G1 X0.544 Y-18.002 Z29.341 E231.14908
G1 X0.953 Y-20.682 Z29.349 E232.42399
G1 X1.461 Y-22.933 Z29.355 E233.50918
G1 X2.694 Y-22.497 Z29.359 E234.1242
G1 X3.011 Y-22.676 Z29.36 E234.2954
G1 X3.099 Y-21.733 Z29.363 E234.74078
G1 X3.054 Y-19.102 Z29.371 E235.97824
G1 X2.919 Y-16.546 Z29.378 E237.18191
G1 X3.132 Y-12.784 Z29.389 E238.95388
G1 X6.114 Y-14.375 Z29.398 E240.54333
G1 X7.386 Y-16.427 Z29.405 E241.67867
G1 X8.784 Y-18.747 Z29.413 E242.95246
G1 X10.142 Y-20.675 Z29.42 E244.06147
G1 X11.1 Y-19.79 Z29.424 E244.6748
G1 X11.487 Y-19.839 Z29.425 E244.85824
G1 X11.194 Y-18.888 Z29.428 E245.32621
G1 X10.144 Y-16.481 Z29.435 E246.56115
G1 X9.034 Y-14.168 Z29.442 E247.76764
G1 X7.794 Y-10.607 Z29.453 E249.54089
G1 X11.145 Y-10.948 Z29.463 E251.12489
G1 X13.106 Y-12.356 Z29.47 E252.26016
G1 X15.293 Y-13.974 Z29.478 E253.5395
G1 X17.317 Y-15.257 Z29.485 E254.66644
G1 X17.842 Y-14.071 Z29.488 E255.27638
G1 X18.247 Y-13.96 Z29.489 E255.47386
G1 X17.584 Y-13.16 Z29.492 E255.96248
G1 X15.679 Y-11.332 Z29.5 E257.20407
;TIME_ELAPSED:275.522087
;LAYER:29
;TYPE:WALL-OUTER
;MESH:ceramic_two_component_3mm_nozzle_v4.stl
G1 X14.201 Y-10.011 Z29.505 E258.13628
G1 X11.566 Y-7.149 Z29.516 E259.96574
G1 X15.004 Y-5.977 Z29.526 E261.67388
G1 X17.445 Y-6.56 Z29.533 E262.85408
G1 X20.195 Y-7.194 Z29.541 E264.18124
G1 X21.88 Y-7.489 Z29.546 E264.98569
G1 X22.224 Y-5.937 Z29.55 E265.73325
G1 X22.246 Y-5.922 E265.74577
G1 X21.987 Y-5.785 Z29.551 E265.88356
G1 X19.465 Y-4.711 Z29.559 E267.17264
G1 X16.954 Y-3.806 Z29.566 E268.42783
G1 X13.431 Y-2.172 Z29.577 E270.2541
G1 X16.149 Y0.211 Z29.587 E271.95398
G1 X18.63 Y0.607 Z29.594 E273.13548
G1 X21.416 Y1.07 Z29.601 E274.4636
G1 X23.13 Y1.453 Z29.606 E275.28952
G1 X22.837 Y3.003 Z29.611 E276.03134
G1 X22.869 Y3.053 E276.05926
G1 X22.532 Y3.085 Z29.612 E276.21845
G1 X19.769 Y3.106 Z29.619 E277.51783
G1 X17.119 Y2.98 Z29.627 E278.76544
G1 X13.233 Y3.145 Z29.637 E280.59454
G1 X14.845 Y6.369 Z29.647 E282.28963
G1 X16.983 Y7.683 Z29.654 E283.46977
G1 X19.387 Y9.178 Z29.662 E284.80107
G1 X20.859 Y10.213 Z29.667 E285.64728
G1 X19.987 Y11.51 Z29.671 E286.38225
G1 X20.002 Y11.601 Z29.672 E286.42563
G1 X19.625 Y11.486 Z29.673 E286.61098
G1 X17.101 Y10.456 Z29.68 E287.89296
G1 X14.673 Y9.31 Z29.688 E289.15556
G1 X11.021 Y7.98 Z29.698 E290.98331
G1 X11.283 Y11.56 Z29.708 E292.67137
G1 X12.756 Y13.593 Z29.715 E293.85199
G1 X14.406 Y15.888 Z29.723 E295.18123
G1 X15.4 Y17.454 Z29.728 E296.05349
G1 X14.095 Y18.294 Z29.732 E296.78333
G1 X14.068 Y18.416 Z29.733 E296.8421
G1 X13.727 Y18.133 Z29.734 E297.05049
G1 X11.788 Y16.208 Z29.741 E298.33538
G1 X9.988 Y14.221 Z29.749 E299.5962
G1 X7.122 Y11.597 Z29.76 E301.42356
G1 X6.008 Y14.997 Z29.77 E303.10609
G1 X6.591 Y17.438 Z29.776 E304.2863
G1 X7.241 Y20.187 Z29.784 E305.61471
G1 X7.568 Y22.063 Z29.789 E306.51023
G1 X6.049 Y22.317 Z29.794 E307.23448
G1 X5.958 Y22.445 E307.30833
G1 X5.731 Y22.015 Z29.796 E307.537
G1 X4.676 Y19.478 Z29.803 E308.82911
G1 X3.779 Y16.963 Z29.81 E310.0848
G1 X2.135 Y13.449 Z29.821 E311.90922
G1 X-.18 Y16.154 Z29.831 E313.58354
G1 X-.576 Y18.635 Z29.838 E314.76504
G1 X-1.024 Y21.427 Z29.846 E316.09481
G1 X-1.45 Y23.329 Z29.851 E317.01142
G1 X-2.935 Y22.965 Z29.855 E317.73044
G1 X-3.096 Y23.066 Z29.856 E317.81982
G1 X-3.146 Y22.537 Z29.857 E318.06969
G1 X-3.143 Y19.768 Z29.865 E319.37186
G1 X-3.009 Y17.117 Z29.872 E320.62013
G1 X-3.185 Y13.236 Z29.883 E322.4471
G1 X-6.342 Y14.862 Z29.893 E324.11708
G1 X-7.656 Y16.999 Z29.9 E325.29682
G1 X-9.14 Y19.414 Z29.908 E326.62979
G1 X-10.286 Y21.045 Z29.913 E327.5672
G1 X-11.496 Y20.131 Z29.917 E328.28031
G1 X-11.717 Y20.168 Z29.918 E328.38569
G1 X-11.544 Y19.607 Z29.92 E328.66177
G1 X-10.485 Y17.072 Z29.927 E329.95373
G1 X-9.336 Y14.66 Z29.935 E331.21014
G1 X-8.018 Y11.007 Z29.945 E333.03641
G1 X-11.542 Y11.309 Z29.955 E334.6997
G1 X-13.574 Y12.782 Z29.962 E335.87994
G1 X-15.863 Y14.446 Z29.97 E337.21076
G1 X-17.592 Y15.543 Z29.975 E338.17369
G1 X-18.336 Y14.234 Z29.98 E338.88176
G1 X-18.586 Y14.177 E339.00234
G1 X-18.18 Y13.688 Z29.982 E339.30123
G1 X-16.234 Y11.761 Z29.99 E340.58913
G1 X-14.24 Y9.966 Z29.997 E341.85081
G1 X-11.628 Y7.094 Z30.008 E343.67644
G1 X-14.99 Y6.04 Z30.017 E345.33335
G1 X-17.43 Y6.622 Z30.024 E346.51299
G1 X-20.179 Y7.287 Z30.032 E347.84304
G1 X-22.245 Y7.648 Z30.038 E348.82933
G1 X-22.41 Y6.161 Z30.042 E349.5329
G1 X-22.643 Y5.994 Z30.043 E349.66771
G1 X-22.044 Y5.677 Z30.045 E349.98642
G1 X-19.492 Y4.641 Z30.052 E351.28165
G1 X-16.973 Y3.751 Z30.06 E352.53802
G1 X-13.467 Y2.098 Z30.07 E354.36083
G1 X-16.159 Y-.148 Z30.08 E356.00954
G1 X-18.639 Y-.544 Z30.087 E357.19057
G1 X-21.437 Y-.978 Z30.095 E358.52211
G1 X-23.529 Y-1.446 Z30.101 E359.53022
G1 X-23.093 Y-2.868 Z30.105 E360.22967
G1 X-23.263 Y-3.14 Z30.106 E360.38051
G1 X-22.543 Y-3.208 Z30.108 E360.72061
G1 X-19.767 Y-3.181 Z30.115 E362.02613
G1 X-17.116 Y-3.039 Z30.123 E363.27459
G1 X-13.238 Y-3.225 Z30.133 E365.10038
G1 X-14.879 Y-6.315 Z30.143 E366.7457
G1 X-17.016 Y-7.63 Z30.15 E367.92568
G1 X-19.441 Y-9.101 Z30.158 E369.25949
G1 X-21.231 Y-10.358 Z30.164 E370.28808
G1 X-20.275 Y-11.481 Z30.168 E370.98164
G1 X-20.333 Y-11.832 Z30.169 E371.14894
G1 X-19.588 Y-11.602 Z30.171 E371.5156
G1 X-17.07 Y-10.525 Z30.179 E372.8035
G1 X-14.647 Y-9.363 Z30.186 E374.06721
G1 X-10.994 Y-8.056 Z30.197 E375.89173
G1 X-11.335 Y-11.523 Z30.206 E377.53001
G1 X-12.808 Y-13.555 Z30.213 E378.71025
G1 X-14.486 Y-15.838 Z30.221 E380.04267
G1 X-15.687 Y-17.73 Z30.227 E381.09654
G1 X-14.373 Y-18.378 Z30.231 E381.78552
G1 X-14.286 Y-18.755 Z30.233 E381.96747
G1 X-13.648 Y-18.228 Z30.235 E382.35662
G1 X-11.734 Y-16.259 Z30.242 E383.64795
G1 X-9.944 Y-14.26 Z30.25 E384.90982
G1 X-7.067 Y-11.658 Z30.261 E386.73403
G1 X-6.071 Y-14.982 Z30.27 E388.36586
G1 X-6.653 Y-17.423 Z30.277 E389.54596
G1 X-7.334 Y-20.171 Z30.285 E390.87734
G1 X-7.728 Y-22.428 Z30.291 E391.95478
G1 X-6.273 Y-22.502 Z30.295 E392.6399
G1 X-6.03 Y-22.842 Z30.296 E392.83643
G1 X-5.622 Y-22.072 Z30.299 E393.24623
G1 X-4.61 Y-19.516 Z30.306 E394.53901
G1 X-3.723 Y-16.982 Z30.314 E395.80156
G1 X-2.062 Y-13.484 Z30.324 E397.62258
G1 X0.117 Y-16.165 Z30.334 E399.24727
G1 X0.512 Y-18.644 Z30.341 E400.42776
G1 X0.932 Y-21.448 Z30.349 E401.7611
G1 X1.442 Y-23.728 Z30.355 E402.8598
G1 X2.8 Y-23.22 Z30.359 E403.54164
G1 X3.183 Y-23.46 Z30.36 E403.75419
G1 X3.269 Y-22.548 Z30.363 E404.18498
G1 X3.218 Y-19.769 Z30.371 E405.49207
G1 X3.069 Y-17.114 Z30.378 E406.74259
G1 X3.266 Y-13.24 Z30.389 E408.56675
G1 X6.289 Y-14.895 Z30.398 E410.18747
G1 X7.603 Y-17.032 Z30.405 E411.3672
G1 X9.066 Y-19.473 Z30.413 E412.70551
G1 X10.431 Y-21.416 Z30.42 E413.82218
G1 X11.467 Y-20.419 Z30.424 E414.49833
G1 X11.947 Y-20.499 Z30.425 E414.72717
G1 X11.661 Y-19.57 Z30.428 E415.18428
G1 X10.559 Y-17.055 Z30.435 E416.47555
G1 X9.39 Y-14.634 Z30.443 E417.73984
G1 X8.094 Y-10.98 Z30.453 E419.56308
G1 X11.505 Y-11.361 Z30.463 E421.17713
G1 X13.536 Y-12.834 Z30.47 E422.35699
G1 X15.813 Y-14.526 Z30.477 E423.69105
G1 X17.868 Y-15.83 Z30.484 E424.83559
G1 X18.42 Y-14.512 Z30.488 E425.50756
G1 X18.925 Y-14.395 Z30.49 E425.75134
G1 X18.275 Y-13.609 Z30.492 E426.23099
G1 X16.285 Y-11.707 Z30.5 E427.52552
;TIME_ELAPSED:284.834012
;LAYER:30
;TYPE:WALL-OUTER
;MESH:ceramic_two_component_3mm_nozzle_v4.stl
G1 X14.648 Y-10.251 Z30.506 E428.55579
G1 X11.949 Y-7.329 Z30.516 E430.42639
G1 X15.417 Y-6.207 Z30.526 E432.14051
G1 X17.94 Y-6.815 Z30.533 E433.36095
G1 X20.799 Y-7.489 Z30.541 E434.7423
G1 X22.604 Y-7.806 Z30.546 E435.60412
G1 X22.905 Y-6.155 Z30.55 E436.39332
G1 X23.034 Y-6.064 Z30.551 E436.46756
G1 X22.697 Y-5.886 Z30.552 E436.64679
G1 X20.091 Y-4.795 Z30.559 E437.97536
G1 X17.456 Y-3.858 Z30.567 E439.29053
G1 X13.846 Y-2.193 Z30.577 E441.16005
G1 X16.619 Y0.159 Z30.587 E442.87
G1 X19.184 Y0.561 Z30.594 E444.09095
G1 X22.082 Y1.029 Z30.601 E445.47144
G1 X23.914 Y1.438 Z30.606 E446.35418
G1 X23.543 Y3.068 Z30.611 E447.14031
G1 X23.643 Y3.224 E447.22745
G1 X23.228 Y3.263 Z30.613 E447.42348
G1 X20.366 Y3.268 Z30.62 E448.76938
G1 X17.604 Y3.125 Z30.627 E450.06999
G1 X13.627 Y3.282 Z30.638 E451.94169
G1 X15.298 Y6.502 Z30.648 E453.6477
G1 X17.512 Y7.856 Z30.655 E454.86814
G1 X20.023 Y9.401 Z30.662 E456.2546
G1 X21.583 Y10.496 Z30.668 E457.1509
G1 X20.607 Y11.838 Z30.672 E457.93125
G1 X20.647 Y12.051 Z30.673 E458.03317
G1 X20.198 Y11.913 Z30.674 E458.25406
G1 X17.598 Y10.836 Z30.681 E459.5775
G1 X15.067 Y9.629 Z30.689 E460.89616
G1 X11.333 Y8.256 Z30.699 E462.76708
G1 X11.651 Y11.858 Z30.709 E464.46756
G1 X13.178 Y13.954 Z30.716 E465.68708
G1 X14.908 Y16.34 Z30.724 E467.07304
G1 X15.954 Y17.986 Z30.729 E467.99017
G1 X14.54 Y18.828 Z30.733 E468.76409
G1 X14.488 Y19.071 Z30.734 E468.88095
G1 X14.097 Y18.748 Z30.735 E469.11945
G1 X12.098 Y16.74 Z30.743 E470.45189
G1 X10.232 Y14.665 Z30.75 E471.76423
G1 X7.307 Y11.973 Z30.761 E473.63364
G1 X6.233 Y15.411 Z30.77 E475.32747
G1 X6.842 Y17.934 Z30.777 E476.54802
G1 X7.529 Y20.792 Z30.785 E477.93033
G1 X7.874 Y22.761 Z30.79 E478.87039
G1 X6.252 Y22.974 Z30.795 E479.63971
G1 X6.094 Y23.205 E479.77132
G1 X5.839 Y22.722 Z30.797 E480.02817
G1 X4.765 Y20.102 Z30.804 E481.35977
G1 X3.834 Y17.465 Z30.812 E482.67487
G1 X2.162 Y13.861 Z30.822 E484.54322
G1 X-.132 Y16.623 Z30.832 E486.23167
G1 X-.534 Y19.188 Z30.839 E487.45262
G1 X-.99 Y22.091 Z30.847 E488.83454
G1 X-1.435 Y24.084 Z30.852 E489.79486
G1 X-3.004 Y23.645 Z30.856 E490.56105
G1 X-3.261 Y23.813 Z30.857 E490.70544
G1 X-3.315 Y23.233 Z30.859 E490.97937
G1 X-3.299 Y20.358 Z30.867 E492.3314
G1 X-3.15 Y17.603 Z30.874 E493.62888
G1 X-3.316 Y13.628 Z30.884 E495.49981
G1 X-6.48 Y15.312 Z30.894 E497.18536
G1 X-7.833 Y17.526 Z30.901 E498.40555
G1 X-9.368 Y20.047 Z30.909 E499.79356
G1 X-10.558 Y21.742 Z30.914 E500.76749
G1 X-11.818 Y20.725 Z30.919 E501.52896
G1 X-12.15 Y20.79 E501.68805
G1 X-11.963 Y20.182 Z30.921 E501.98719
G1 X-10.868 Y17.592 Z30.929 E503.30956
G1 X-9.652 Y15.056 Z30.936 E504.63216
G1 X-8.287 Y11.322 Z30.947 E506.50179
G1 X-11.842 Y11.672 Z30.956 E508.18166
G1 X-13.938 Y13.2 Z30.963 E509.40146
G1 X-16.319 Y14.942 Z30.971 E510.78884
G1 X-18.104 Y16.077 Z30.977 E511.78359
G1 X-18.855 Y14.655 Z30.981 E512.53983
G1 X-19.217 Y14.581 Z30.982 E512.71359
G1 X-18.789 Y14.063 Z30.984 E513.02958
G1 X-16.762 Y12.074 Z30.991 E514.36508
G1 X-14.682 Y10.213 Z30.999 E515.67759
G1 X-11.997 Y7.285 Z31.009 E517.54582
G1 X-15.405 Y6.259 Z31.019 E519.21954
G1 X-17.927 Y6.868 Z31.025 E520.43963
G1 X-20.785 Y7.569 Z31.033 E521.82349
G1 X-22.917 Y7.943 Z31.039 E522.84141
G1 X-23.044 Y6.348 Z31.043 E523.59385
G1 X-23.376 Y6.125 Z31.044 E523.78193
G1 X-22.747 Y5.791 Z31.046 E524.11685
G1 X-20.114 Y4.735 Z31.054 E525.45093
G1 X-17.473 Y3.81 Z31.061 E526.76687
G1 X-13.875 Y2.132 Z31.072 E528.63385
G1 X-16.628 Y-.106 Z31.081 E530.30231
G1 X-19.192 Y-.508 Z31.088 E531.5228
G1 X-22.1 Y-.95 Z31.096 E532.90604
G1 X-24.255 Y-1.431 Z31.102 E533.9444
G1 X-23.746 Y-2.941 Z31.106 E534.69376
G1 X-23.983 Y-3.298 Z31.107 E534.89527
G1 X-23.238 Y-3.368 Z31.109 E535.24716
G1 X-20.364 Y-3.331 Z31.117 E536.59882
G1 X-17.601 Y-3.175 Z31.124 E537.90023
G1 X-13.63 Y-3.35 Z31.135 E539.76947
G1 X-15.326 Y-6.457 Z31.144 E541.43409
G1 X-17.54 Y-7.81 Z31.151 E542.65428
G1 X-20.071 Y-9.335 Z31.159 E544.04388
G1 X-21.901 Y-10.621 Z31.165 E545.09571
G1 X-20.843 Y-11.799 Z31.169 E545.84032
G1 X-20.932 Y-12.248 Z31.17 E546.05557
G1 X-20.166 Y-12.014 Z31.172 E546.43223
G1 X-17.572 Y-10.894 Z31.18 E547.76095
G1 X-15.045 Y-9.674 Z31.187 E549.08055
G1 X-11.311 Y-8.318 Z31.198 E550.94873
G1 X-11.694 Y-11.827 Z31.207 E552.60869
G1 X-13.222 Y-13.922 Z31.214 E553.8281
G1 X-14.977 Y-16.297 Z31.222 E555.21683
G1 X-16.201 Y-18.222 Z31.228 E556.28959
G1 X-14.771 Y-18.882 Z31.232 E557.03024
G1 X-14.675 Y-19.363 Z31.234 E557.2609
G1 X-14.029 Y-18.829 Z31.236 E557.65505
G1 X-12.051 Y-16.785 Z31.244 E558.99266
G1 X-10.193 Y-14.699 Z31.251 E560.30634
G1 X-7.262 Y-12.021 Z31.261 E562.17338
G1 X-6.285 Y-15.399 Z31.271 E563.82705
G1 X-6.894 Y-17.921 Z31.278 E565.04715
G1 X-7.609 Y-20.779 Z31.286 E566.43259
G1 X-8.012 Y-23.074 Z31.292 E567.52836
G1 X-6.445 Y-23.114 Z31.296 E568.26551
G1 X-6.155 Y-23.547 Z31.297 E568.51058
G1 X-5.744 Y-22.772 Z31.3 E568.92312
G1 X-4.705 Y-20.125 Z31.307 E570.26037
G1 X-3.786 Y-17.481 Z31.315 E571.57672
G1 X-2.102 Y-13.889 Z31.325 E573.44233
G1 X0.079 Y-16.632 Z31.335 E575.09033
G1 X0.481 Y-19.196 Z31.341 E576.31082
G1 X0.911 Y-22.109 Z31.349 E577.69555
G1 X1.427 Y-24.425 Z31.356 E578.81139
G1 X2.878 Y-23.848 Z31.36 E579.54572
G1 X3.335 Y-24.153 Z31.361 E579.8041
G1 X3.421 Y-23.242 Z31.364 E580.23441
G1 X3.363 Y-20.363 Z31.371 E581.58858
G1 X3.2 Y-17.6 Z31.379 E582.89019
G1 X3.383 Y-13.631 Z31.389 E584.75865
G1 X6.435 Y-15.34 Z31.399 E586.4036
G1 X7.787 Y-17.554 Z31.405 E587.62355
G1 X9.302 Y-20.094 Z31.413 E589.01436
G1 X10.683 Y-22.06 Z31.42 E590.1442
G1 X11.78 Y-20.961 Z31.424 E590.87443
G1 X12.347 Y-21.075 Z31.425 E591.14641
G1 X12.064 Y-20.15 Z31.428 E591.60131
G1 X10.927 Y-17.566 Z31.435 E592.92891
G1 X9.697 Y-15.034 Z31.443 E594.25268
G1 X8.348 Y-11.3 Z31.453 E596.11973
G1 X11.811 Y-11.716 Z31.463 E597.75997
G1 X13.906 Y-13.243 Z31.47 E598.97911
G1 X16.276 Y-15.011 Z31.478 E600.3696
G1 X18.341 Y-16.324 Z31.484 E601.52037
G1 X18.91 Y-14.887 Z31.488 E602.24719
G1 X19.509 Y-14.768 Z31.49 E602.53439
G1 X18.87 Y-13.995 Z31.492 E603.00602
G1 X16.807 Y-12.027 Z31.5 E604.34682
;TIME_ELAPSED:294.500658
;LAYER:31
;TYPE:WALL-OUTER
;MESH:ceramic_two_component_3mm_nozzle_v4.stl
G1 X14.947 Y-10.38 Z31.506 E605.51514
G1 X12.195 Y-7.407 Z31.517 E607.42028
G1 X15.67 Y-6.376 Z31.526 E609.12486
G1 X18.25 Y-7.004 Z31.533 E610.37357
G1 X21.201 Y-7.722 Z31.541 E611.80181
G1 X23.22 Y-8.076 Z31.546 E612.76576
G1 X23.405 Y-6.383 Z31.55 E613.56666
G1 X23.706 Y-6.183 Z31.551 E613.73661
G1 X23.194 Y-5.912 Z31.553 E614.00903
G1 X20.493 Y-4.815 Z31.56 E615.37998
G1 X17.782 Y-3.867 Z31.568 E616.73057
G1 X14.11 Y-2.173 Z31.578 E618.63229
G1 X16.915 Y0.1 Z31.587 E620.3301
G1 X19.542 Y0.508 Z31.594 E621.5803
G1 X22.543 Y0.972 Z31.602 E623.00834
G1 X24.571 Y1.424 Z31.607 E623.98544
G1 X24.084 Y3.051 Z31.612 E624.7841
G1 X24.297 Y3.367 Z31.613 E624.96331
G1 X23.695 Y3.423 Z31.614 E625.24763
G1 X20.785 Y3.4 Z31.622 E626.61615
G1 X17.908 Y3.239 Z31.629 E627.97122
G1 X13.861 Y3.398 Z31.64 E629.87585
G1 X15.592 Y6.565 Z31.649 E631.57313
G1 X17.861 Y7.945 Z31.656 E632.82201
G1 X20.458 Y9.52 Z31.663 E634.25034
G1 X22.183 Y10.731 Z31.669 E635.24149
G1 X21.102 Y12.03 Z31.673 E636.03622
G1 X21.184 Y12.424 Z31.674 E636.22547
G1 X20.587 Y12.241 Z31.676 E636.51912
G1 X17.874 Y11.089 Z31.683 E637.9052
G1 X15.305 Y9.848 Z31.691 E639.24689
G1 X11.502 Y8.446 Z31.701 E641.15297
G1 X11.897 Y12.03 Z31.71 E642.8486
G1 X13.465 Y14.173 Z31.717 E644.09734
G1 X15.263 Y16.621 Z31.725 E645.5257
G1 X16.41 Y18.422 Z31.731 E646.52983
G1 X14.911 Y19.192 Z31.735 E647.32232
G1 X14.833 Y19.609 Z31.736 E647.52182
G1 X14.327 Y19.191 Z31.738 E647.83047
G1 X12.27 Y17.092 Z31.745 E649.21252
G1 X10.368 Y14.958 Z31.753 E650.55682
G1 X7.394 Y12.209 Z31.763 E652.46135
G1 X6.391 Y15.666 Z31.772 E654.1541
G1 X7.021 Y18.246 Z31.779 E655.40303
G1 X7.748 Y21.197 Z31.787 E656.83228
G1 X8.123 Y23.326 Z31.792 E657.84888
G1 X6.447 Y23.448 Z31.797 E658.63913
G1 X6.204 Y23.821 Z31.798 E658.84848
G1 X5.881 Y23.21 Z31.8 E659.17349
G1 X4.796 Y20.5 Z31.807 E660.54626
G1 X3.852 Y17.787 Z31.814 E661.89712
G1 X2.156 Y14.118 Z31.825 E663.79794
G1 X-0.084 Y16.917 Z31.834 E665.48383
G1 X-.491 Y19.544 Z31.841 E666.73396
G1 X-.946 Y22.549 Z31.849 E668.16321
G1 X-1.421 Y24.686 Z31.854 E669.1927
G1 X-3.008 Y24.148 Z31.859 E669.98073
G1 X-3.392 Y24.412 Z31.86 E670.19987
G1 X-3.459 Y23.698 Z31.862 E670.53711
G1 X-3.421 Y20.784 Z31.869 E671.90758
G1 X-3.254 Y17.907 Z31.877 E673.26281
G1 X-3.417 Y13.862 Z31.887 E675.16658
G1 X-6.551 Y15.601 Z31.896 E676.85208
G1 X-7.93 Y17.87 Z31.903 E678.10072
G1 X-9.498 Y20.473 Z31.911 E679.52976
G1 X-10.772 Y22.29 Z31.917 E680.57334
G1 X-12.015 Y21.177 Z31.921 E681.35797
G1 X-12.491 Y21.28 Z31.922 E681.587
G1 X-12.275 Y20.577 Z31.924 E681.93285
G1 X-11.107 Y17.865 Z31.932 E683.32146
G1 X-9.862 Y15.298 Z31.939 E684.66312
G1 X-8.465 Y11.495 Z31.949 E686.56838
G1 X-12.02 Y11.911 Z31.959 E688.25158
G1 X-14.163 Y13.479 Z31.965 E689.50032
G1 X-16.607 Y15.285 Z31.973 E690.9294
G1 X-18.502 Y16.493 Z31.979 E691.98622
G1 X-19.208 Y14.987 Z31.983 E692.7684
G1 X-19.708 Y14.896 Z31.984 E693.00739
G1 X-19.219 Y14.304 Z31.986 E693.36848
G1 X-17.106 Y12.255 Z31.994 E694.75263
G1 X-14.968 Y10.356 Z32.001 E696.09739
G1 X-12.223 Y7.381 Z32.012 E698.00099
G1 X-15.662 Y6.407 Z32.021 E699.68185
G1 X-18.242 Y7.038 Z32.028 E700.93089
G1 X-21.192 Y7.775 Z32.036 E702.36081
G1 X-23.431 Y8.169 Z32.041 E703.42992
G1 X-23.491 Y6.511 Z32.046 E704.21013
G1 X-23.937 Y6.225 Z32.047 E704.45928
G1 X-23.227 Y5.849 Z32.049 E704.8371
G1 X-20.507 Y4.776 Z32.057 E706.21215
G1 X-17.792 Y3.837 Z32.064 E707.56313
G1 X-14.126 Y2.138 Z32.074 E709.46327
G1 X-16.92 Y-0.069 Z32.084 E711.13766
G1 X-19.547 Y-.474 Z32.09 E712.38764
G1 X-22.555 Y-.92 Z32.098 E713.81766
G1 X-24.802 Y-1.419 Z32.104 E714.90009
G1 X-24.213 Y-2.965 Z32.108 E715.6781
G1 X-24.527 Y-3.417 Z32.11 E715.93692
G1 X-23.701 Y-3.495 Z32.112 E716.32708
G1 X-20.783 Y-3.442 Z32.119 E717.69954
G1 X-17.906 Y-3.27 Z32.127 E719.05491
G1 X-13.863 Y-3.436 Z32.137 E720.9578
G1 X-15.609 Y-6.537 Z32.146 E722.63136
G1 X-17.879 Y-7.916 Z32.153 E723.8804
G1 X-20.489 Y-9.477 Z32.161 E725.31057
G1 X-22.397 Y-10.814 Z32.167 E726.4062
G1 X-21.253 Y-12 Z32.171 E727.18111
G1 X-21.375 Y-12.558 Z32.173 E727.44972
G1 X-20.566 Y-12.309 Z32.175 E727.84778
G1 X-17.857 Y-11.126 Z32.182 E729.2379
G1 X-15.291 Y-9.875 Z32.19 E730.58037
G1 X-11.488 Y-8.484 Z32.2 E732.48467
G1 X-11.924 Y-12.011 Z32.209 E734.15592
G1 X-13.493 Y-14.153 Z32.216 E735.40455
G1 X-15.308 Y-16.593 Z32.224 E736.83464
G1 X-16.576 Y-18.581 Z32.23 E737.94351
G1 X-15.063 Y-19.223 Z32.234 E738.71642
G1 X-14.959 Y-19.806 Z32.236 E738.99492
G1 X-14.281 Y-19.246 Z32.238 E739.40845
G1 X-12.24 Y-17.12 Z32.246 E740.79438
G1 X-10.344 Y-14.978 Z32.253 E742.13962
G1 X-7.367 Y-12.238 Z32.263 E744.04231
G1 X-6.423 Y-15.658 Z32.273 E745.71077
G1 X-7.054 Y-18.238 Z32.279 E746.95981
G1 X-7.801 Y-21.188 Z32.287 E748.39088
G1 X-8.215 Y-23.536 Z32.293 E749.5121
G1 X-6.576 Y-23.535 Z32.297 E750.28286
G1 X-6.246 Y-24.052 Z32.299 E750.57129
G1 X-5.818 Y-23.243 Z32.301 E751.0017
G1 X-4.757 Y-20.515 Z32.309 E752.3782
G1 X-3.823 Y-17.797 Z32.316 E753.72974
G1 X-2.121 Y-14.134 Z32.327 E755.62919
G1 X0.054 Y-16.922 Z32.336 E757.29207
G1 X0.457 Y-19.549 Z32.343 E758.54191
G1 X0.893 Y-22.561 Z32.35 E759.97311
G1 X1.416 Y-24.917 Z32.357 E761.10803
G1 X2.922 Y-24.277 Z32.361 E761.87755
G1 X3.442 Y-24.641 Z32.362 E762.17604
G1 X3.531 Y-23.704 Z32.365 E762.61867
G1 X3.463 Y-20.782 Z32.372 E763.99315
G1 X3.285 Y-17.905 Z32.38 E765.34869
G1 X3.455 Y-13.864 Z32.39 E767.25072
G1 X6.523 Y-15.618 Z32.399 E768.91263
G1 X7.901 Y-17.888 Z32.406 E770.16143
G1 X9.455 Y-20.504 Z32.414 E771.59234
G1 X10.856 Y-22.504 Z32.42 E772.74067
G1 X11.985 Y-21.329 Z32.424 E773.50697
G1 X12.625 Y-21.471 Z32.426 E773.81526
G1 X12.345 Y-20.561 Z32.429 E774.263
G1 X11.144 Y-17.848 Z32.436 E775.65825
G1 X9.889 Y-15.284 Z32.443 E777.0007
G1 X8.503 Y-11.481 Z32.454 E778.90419
G1 X12.001 Y-11.937 Z32.463 E780.5631
G1 X14.143 Y-13.506 Z32.47 E781.81173
G1 X16.578 Y-15.331 Z32.478 E783.24275
G1 X18.661 Y-16.659 Z32.484 E784.40446
G1 X19.238 Y-15.138 Z32.488 E785.16947
G1 X19.905 Y-15.022 Z32.49 E785.48784
G1 X19.273 Y-14.258 Z32.492 E785.95412
G1 X17.134 Y-12.225 Z32.5 E787.34188
;TIME_ELAPSED:304.503624
;LAYER:32
;TYPE:WALL-OUTER
;MESH:ceramic_two_component_3mm_nozzle_v4.stl
G1 X15.038 Y-10.378 Z32.507 E788.65565
G1 X12.253 Y-7.357 Z32.517 E790.5879
G1 X15.706 Y-6.449 Z32.526 E792.26693
G1 X18.321 Y-7.092 Z32.533 E793.5333
G1 X21.314 Y-7.846 Z32.541 E794.98478
G1 X23.63 Y-8.256 Z32.546 E796.09085
G1 X23.659 Y-6.577 Z32.551 E796.88055
G1 X24.152 Y-6.265 Z32.552 E797.15491
G1 X23.412 Y-5.872 Z32.554 E797.54894
G1 X20.609 Y-4.775 Z32.562 E798.96445
G1 X17.866 Y-3.834 Z32.569 E800.32818
G1 X14.144 Y-2.111 Z32.579 E802.25696
G1 X16.976 Y0.051 Z32.588 E803.93248
G1 X19.639 Y0.458 Z32.595 E805.19934
G1 X22.703 Y0.905 Z32.603 E806.65548
G1 X25.001 Y1.415 Z32.608 E807.76245
G1 X24.38 Y2.975 Z32.613 E808.55205
G1 X24.723 Y3.46 Z32.614 E808.8314
G1 X23.87 Y3.54 Z32.616 E809.2343
G1 X20.904 Y3.48 Z32.624 E810.62939
G1 X17.972 Y3.298 Z32.631 E812.01087
G1 X13.874 Y3.462 Z32.641 E813.93956
G1 X15.665 Y6.543 Z32.65 E815.61546
G1 X17.969 Y7.939 Z32.657 E816.88232
G1 X20.623 Y9.521 Z32.665 E818.33531
G1 X22.566 Y10.88 Z32.671 E819.45036
G1 X21.392 Y12.077 Z32.675 E820.23882
G1 X21.525 Y12.663 Z32.676 E820.5214
G1 X20.703 Y12.41 Z32.678 E820.92586
G1 X17.965 Y11.207 Z32.686 E822.33225
G1 X15.342 Y9.924 Z32.693 E823.70541
G1 X11.49 Y8.51 Z32.703 E825.63506
G1 X11.97 Y12.04 Z32.712 E827.31037
G1 X13.564 Y14.211 Z32.719 E828.57696
G1 X15.412 Y16.687 Z32.727 E830.02989
G1 X16.694 Y18.695 Z32.733 E831.15023
G1 X15.15 Y19.347 Z32.737 E831.9384
G1 X15.048 Y19.945 Z32.738 E832.22368
G1 X14.376 Y19.389 Z32.741 E832.63385
G1 X12.317 Y17.24 Z32.748 E834.03344
G1 X10.375 Y15.04 Z32.755 E835.41344
G1 X7.357 Y12.253 Z32.766 E837.3453
G1 X6.451 Y15.705 Z32.775 E839.02363
G1 X7.096 Y18.32 Z32.781 E840.29023
G1 X7.855 Y21.312 Z32.789 E841.74183
G1 X8.274 Y23.67 Z32.795 E842.86809
G1 X6.599 Y23.674 Z32.799 E843.65578
G1 X6.272 Y24.196 Z32.801 E843.94545
G1 X5.861 Y23.418 Z32.803 E844.35923
G1 X4.766 Y20.603 Z32.81 E845.77966
G1 X3.831 Y17.867 Z32.818 E847.13936
G1 X2.111 Y14.144 Z32.828 E849.06797
G1 X-0.049 Y16.977 Z32.837 E850.7433
G1 X-.454 Y19.64 Z32.844 E852.01001
G1 X-.896 Y22.705 Z32.851 E853.46629
G1 X-1.414 Y25.046 Z32.857 E854.59381
G1 X-2.959 Y24.402 Z32.861 E855.38096
G1 X-3.469 Y24.765 Z32.863 E855.67534
G1 X-3.552 Y23.871 Z32.865 E856.09757
G1 X-3.486 Y20.915 Z32.873 E857.48802
G1 X-3.301 Y17.972 Z32.88 E858.87474
G1 X-3.463 Y13.874 Z32.89 E860.80339
G1 X-6.541 Y15.666 Z32.899 E862.47832
G1 X-7.935 Y17.972 Z32.906 E863.74549
G1 X-9.514 Y20.629 Z32.914 E865.19898
G1 X-10.896 Y22.608 Z32.92 E866.3341
G1 X-12.071 Y21.419 Z32.924 E867.12021
G1 X-12.688 Y21.561 Z32.925 E867.41795
G1 X-12.422 Y20.699 Z32.928 E867.84218
G1 X-11.213 Y17.963 Z32.935 E869.24884
G1 X-9.926 Y15.34 Z32.942 E870.62283
G1 X-8.509 Y11.49 Z32.953 E872.55209
G1 X-12.039 Y11.972 Z32.962 E874.22753
G1 X-14.208 Y13.568 Z32.968 E875.49391
G1 X-16.685 Y15.422 Z32.976 E876.94891
G1 X-18.726 Y16.726 Z32.982 E878.0879
G1 X-19.351 Y15.177 Z32.986 E878.8734
G1 X-19.982 Y15.072 Z32.988 E879.17422
G1 X-19.399 Y14.367 Z32.99 E879.60443
G1 X-17.244 Y12.312 Z32.998 E881.00477
G1 X-15.042 Y10.373 Z33.005 E882.38454
G1 X-12.253 Y7.356 Z33.015 E884.31668
G1 X-15.705 Y6.454 Z33.024 E885.99454
G1 X-18.319 Y7.1 Z33.031 E887.2608
G1 X-21.311 Y7.864 Z33.038 E888.71298
G1 X-23.711 Y8.291 Z33.045 E889.85934
G1 X-23.688 Y6.622 Z33.049 E890.64429
G1 X-24.24 Y6.28 Z33.05 E890.94966
G1 X-23.424 Y5.849 Z33.053 E891.38363
G1 X-20.613 Y4.763 Z33.06 E892.80077
G1 X-17.868 Y3.827 Z33.067 E894.16463
G1 X-14.143 Y2.111 Z33.078 E896.09331
G1 X-16.977 Y-0.047 Z33.087 E897.76844
G1 X-19.641 Y-.45 Z33.093 E899.03548
G1 X-22.707 Y-.888 Z33.101 E900.49195
G1 X-25.09 Y-1.413 Z33.107 E901.63947
G1 X-24.425 Y-2.944 Z33.111 E902.42443
G1 X-24.808 Y-3.478 Z33.113 E902.73347
G1 X-23.872 Y-3.564 Z33.115 E903.17549
G1 X-20.903 Y-3.491 Z33.123 E904.57213
G1 X-17.971 Y-3.303 Z33.13 E905.95378
G1 X-13.874 Y-3.463 Z33.14 E907.88192
G1 X-15.667 Y-6.539 Z33.149 E909.55627
G1 X-17.974 Y-7.932 Z33.156 E910.82361
G1 X-20.634 Y-9.507 Z33.164 E912.27734
G1 X-22.649 Y-10.912 Z33.17 E913.43254
G1 X-21.445 Y-12.065 Z33.174 E914.21649
G1 X-21.598 Y-12.713 Z33.176 E914.5296
G1 X-20.695 Y-12.434 Z33.178 E914.97406
G1 X-17.96 Y-11.218 Z33.185 E916.38163
G1 X-15.339 Y-9.929 Z33.193 E917.75518
G1 X-11.49 Y-8.509 Z33.203 E919.68449
G1 X-11.973 Y-12.038 Z33.212 E921.35953
G1 X-13.572 Y-14.206 Z33.219 E922.62637
G1 X-15.43 Y-16.68 Z33.226 E924.08137
G1 X-16.758 Y-18.756 Z33.233 E925.2403
G1 X-15.204 Y-19.356 Z33.237 E926.02367
G1 X-15.095 Y-20.02 Z33.238 E926.34011
G1 X-14.359 Y-19.409 Z33.241 E926.78995
G1 X-12.308 Y-17.248 Z33.248 E928.19103
G1 X-10.37 Y-15.044 Z33.256 E929.5712
G1 X-7.356 Y-12.253 Z33.266 E931.50295
G1 X-6.456 Y-15.704 Z33.275 E933.18012
G1 X-7.104 Y-18.318 Z33.281 E934.4466
G1 X-7.873 Y-21.309 Z33.289 E935.89891
G1 X-8.309 Y-23.752 Z33.295 E937.06592
G1 X-6.645 Y-23.703 Z33.3 E937.84878
G1 X-6.287 Y-24.283 Z33.301 E938.16931
G1 X-5.837 Y-23.43 Z33.304 E938.62284
G1 X-4.754 Y-20.608 Z33.311 E940.0443
G1 X-3.824 Y-17.869 Z33.318 E941.40458
G1 X-2.111 Y-14.143 Z33.329 E943.3331
G1 X0.044 Y-16.978 Z33.338 E945.00775
G1 X0.446 Y-19.642 Z33.344 E946.27472
G1 X0.88 Y-22.709 Z33.352 E947.73139
G1 X1.412 Y-25.135 Z33.358 E948.89936
G1 X2.928 Y-24.447 Z33.362 E949.68226
G1 X3.487 Y-24.851 Z33.364 E950.00661
G1 X3.577 Y-23.873 Z33.367 E950.46847
G1 X3.497 Y-20.914 Z33.374 E951.8605
G1 X3.306 Y-17.971 Z33.381 E953.2474
G1 X3.464 Y-13.874 Z33.392 E955.17551
G1 X6.537 Y-15.669 Z33.4 E956.84911
G1 X7.928 Y-17.976 Z33.407 E958.11596
G1 X9.499 Y-20.639 Z33.415 E959.56996
G1 X10.928 Y-22.69 Z33.421 E960.74549
G1 X12.06 Y-21.472 Z33.425 E961.52745
G1 X12.739 Y-21.634 Z33.427 E961.85573
G1 X12.448 Y-20.697 Z33.429 E962.31713
G1 X11.224 Y-17.958 Z33.437 E963.72795
G1 X9.931 Y-15.337 Z33.444 E965.10234
G1 X8.508 Y-11.49 Z33.455 E967.03125
G1 X12.037 Y-11.975 Z33.463 E968.70641
G1 X14.203 Y-13.576 Z33.47 E969.97306
G1 X16.675 Y-15.437 Z33.478 E971.42815
G1 X18.787 Y-16.79 Z33.484 E972.60768
G1 X19.361 Y-15.231 Z33.488 E973.38894
G1 X20.058 Y-15.119 Z33.49 E973.72092
G1 X19.419 Y-14.35 Z33.493 E974.19111
G1 X17.252 Y-12.303 Z33.5 E975.59295
;TIME_ELAPSED:314.793463
;LAYER:33
;TYPE:WALL-OUTER
;MESH:ceramic_two_component_3mm_nozzle_v4.stl
G1 X14.931 Y-10.244 Z33.508 E977.05202
G1 X12.25 Y-7.354 Z33.517 E978.90584
G1 X15.571 Y-6.49 Z33.526 E980.51958
G1 X18.154 Y-7.065 Z33.533 E981.76401
G1 X21.17 Y-7.843 Z33.54 E983.22876
G1 X23.68 Y-8.303 Z33.547 E984.42878
G1 X23.71 Y-6.661 Z33.551 E985.20109
G1 X24.215 Y-6.241 Z33.552 E985.50997
G1 X23.306 Y-5.78 Z33.555 E985.98927
G1 X20.496 Y-4.715 Z33.562 E987.40244
G1 X17.712 Y-3.753 Z33.57 E988.78762
G1 X14.124 Y-2.109 Z33.579 E990.64362
G1 X16.866 Y-0.028 Z33.588 E992.26239
G1 X19.476 Y0.422 Z33.595 E993.5079
G1 X22.573 Y0.858 Z33.602 E994.97867
G1 X25.053 Y1.391 Z33.609 E996.17156
G1 X24.446 Y2.919 Z33.613 E996.94475
G1 X24.761 Y3.498 Z33.614 E997.25472
G1 X23.752 Y3.577 Z33.617 E997.73067
G1 X20.75 Y3.485 Z33.624 E999.14307
G1 X17.801 Y3.306 Z33.632 E1000.53243
G1 X13.843 Y3.455 Z33.641 E1002.39506
G1 X15.586 Y6.431 Z33.65 E1004.01694
G1 X17.83 Y7.845 Z33.657 E1005.26424
G1 X20.515 Y9.427 Z33.664 E1006.72978
G1 X22.613 Y10.876 Z33.671 E1007.92884
G1 X21.463 Y12.049 Z33.675 E1008.70134
G1 X21.538 Y12.706 Z33.676 E1009.01231
G1 X20.575 Y12.393 Z33.679 E1009.48849
G1 X17.812 Y11.148 Z33.686 E1010.91365
G1 X15.182 Y9.863 Z33.694 E1012.29018
G1 X11.454 Y8.478 Z33.704 E1014.16041
G1 X11.93 Y11.907 Z33.712 E1015.78841
G1 X13.469 Y14.072 Z33.719 E1017.03756
G1 X15.348 Y16.566 Z33.726 E1018.50602
G1 X16.729 Y18.703 Z33.733 E1019.70256
G1 X15.214 Y19.34 Z33.737 E1020.47542
G1 X15.036 Y19.978 Z33.739 E1020.78691
G1 X14.266 Y19.322 Z33.741 E1021.26261
G1 X12.194 Y17.117 Z33.749 E1022.68552
G1 X10.253 Y14.921 Z33.756 E1024.0638
G1 X7.329 Y12.201 Z33.766 E1025.94181
G1 X6.46 Y15.563 Z33.774 E1027.5748
G1 X7.056 Y18.157 Z33.781 E1028.82645
G1 X7.837 Y21.172 Z33.789 E1030.2911
G1 X8.296 Y23.681 Z33.795 E1031.49058
G1 X6.652 Y23.683 Z33.799 E1032.2637
G1 X6.248 Y24.211 Z33.801 E1032.57634
G1 X5.786 Y23.303 Z33.803 E1033.05544
G1 X4.721 Y20.494 Z33.811 E1034.46817
G1 X3.765 Y17.707 Z33.818 E1035.85376
G1 X2.102 Y14.067 Z33.828 E1037.73572
G1 X0.004 Y16.848 Z33.837 E1039.37394
G1 X-.431 Y19.474 Z33.843 E1040.62568
G1 X-.865 Y22.572 Z33.851 E1042.09679
G1 X-1.398 Y25.052 Z33.857 E1043.28968
G1 X-2.916 Y24.418 Z33.861 E1044.0633
G1 X-3.49 Y24.76 Z33.863 E1044.37752
G1 X-3.571 Y23.752 Z33.866 E1044.85307
G1 X-3.479 Y20.757 Z33.873 E1046.26218
G1 X-3.292 Y17.8 Z33.88 E1047.65553
G1 X-3.438 Y13.788 Z33.89 E1049.54349
G1 X-6.446 Y15.559 Z33.899 E1051.18501
G1 X-7.852 Y17.826 Z33.906 E1052.43949
G1 X-9.429 Y20.505 Z33.913 E1053.9014
G1 X-10.882 Y22.61 Z33.92 E1055.10424
G1 X-12.036 Y21.438 Z33.924 E1055.87772
G1 X-12.697 Y21.54 Z33.925 E1056.19225
G1 X-12.387 Y20.577 Z33.928 E1056.668
G1 X-11.139 Y17.809 Z33.935 E1058.09588
G1 X-9.851 Y15.186 Z33.943 E1059.47008
G1 X-8.442 Y11.411 Z33.953 E1061.36496
G1 X-11.911 Y11.899 Z33.961 E1063.01237
G1 X-14.077 Y13.462 Z33.968 E1064.26847
G1 X-16.57 Y15.343 Z33.976 E1065.73712
G1 X-18.707 Y16.723 Z33.982 E1066.9334
G1 X-19.319 Y15.196 Z33.986 E1067.70702
G1 X-19.971 Y15.042 Z33.988 E1068.02207
G1 X-19.317 Y14.271 Z33.99 E1068.49752
G1 X-17.113 Y12.199 Z33.998 E1069.92009
G1 X-14.911 Y10.262 Z34.005 E1071.29924
G1 X-12.152 Y7.305 Z34.015 E1073.20111
G1 X-15.556 Y6.429 Z34.024 E1074.85405
G1 X-18.159 Y7.048 Z34.03 E1076.11228
G1 X-21.174 Y7.831 Z34.038 E1077.57717
G1 X-23.683 Y8.289 Z34.045 E1078.77656
G1 X-23.656 Y6.644 Z34.049 E1079.55025
G1 X-24.207 Y6.256 Z34.05 E1079.86716
G1 X-23.301 Y5.791 Z34.053 E1080.34606
G1 X-20.491 Y4.728 Z34.06 E1081.7589
G1 X-17.701 Y3.777 Z34.068 E1083.14507
G1 X-14.009 Y2.095 Z34.078 E1085.05298
G1 X-16.829 Y-0.021 Z34.086 E1086.71094
G1 X-19.473 Y-.44 Z34.093 E1087.96984
G1 X-22.571 Y-.871 Z34.101 E1089.44076
G1 X-25.051 Y-1.405 Z34.107 E1090.63374
G1 X-24.39 Y-2.913 Z34.111 E1091.40804
G1 X-24.759 Y-3.481 Z34.113 E1091.72657
G1 X-23.752 Y-3.565 Z34.115 E1092.20177
G1 X-20.751 Y-3.471 Z34.123 E1093.61373
G1 X-17.799 Y-3.279 Z34.13 E1095.00488
G1 X-13.733 Y-3.422 Z34.14 E1096.91816
G1 X-15.533 Y-6.462 Z34.149 E1098.57958
G1 X-17.822 Y-7.86 Z34.156 E1099.8409
G1 X-20.509 Y-9.438 Z34.163 E1101.30629
G1 X-22.606 Y-10.887 Z34.17 E1102.50496
G1 X-21.413 Y-12.024 Z34.174 E1103.27998
G1 X-21.543 Y-12.689 Z34.176 E1103.59862
G1 X-20.58 Y-12.381 Z34.178 E1104.07409
G1 X-17.818 Y-11.135 Z34.186 E1105.49901
G1 X-15.191 Y-9.838 Z34.193 E1106.87676
G1 X-11.368 Y-8.406 Z34.203 E1108.79657
G1 X-11.869 Y-11.915 Z34.212 E1110.46347
G1 X-13.455 Y-14.083 Z34.218 E1111.72669
G1 X-15.338 Y-16.574 Z34.226 E1113.19515
G1 X-16.717 Y-18.711 Z34.233 E1114.39118
G1 X-15.177 Y-19.297 Z34.237 E1115.16605
G1 X-15.047 Y-19.964 Z34.238 E1115.48562
G1 X-14.275 Y-19.313 Z34.241 E1115.96051
G1 X-12.204 Y-17.108 Z34.248 E1117.3831
G1 X-10.271 Y-14.901 Z34.256 E1118.76278
G1 X-7.28 Y-12.103 Z34.266 E1120.68885
G1 X-6.399 Y-15.548 Z34.275 E1122.36105
G1 X-7.039 Y-18.161 Z34.281 E1123.62618
G1 X-7.825 Y-21.176 Z34.289 E1125.09141
G1 X-8.282 Y-23.684 Z34.295 E1126.29026
G1 X-6.635 Y-23.629 Z34.299 E1127.06522
G1 X-6.264 Y-24.202 Z34.301 E1127.38623
G1 X-5.797 Y-23.299 Z34.304 E1127.86431
G1 X-4.735 Y-20.489 Z34.311 E1129.27698
G1 X-3.789 Y-17.695 Z34.318 E1130.66417
G1 X-2.089 Y-13.951 Z34.329 E1132.59785
G1 X0.045 Y-16.811 Z34.337 E1134.27594
G1 X0.449 Y-19.472 Z34.344 E1135.54166
G1 X0.878 Y-22.57 Z34.352 E1137.01245
G1 X1.412 Y-25.05 Z34.358 E1138.20543
G1 X2.911 Y-24.362 Z34.362 E1138.98106
G1 X3.473 Y-24.758 Z34.364 E1139.30437
G1 X3.558 Y-23.752 Z34.366 E1139.77915
G1 X3.465 Y-20.758 Z34.374 E1141.1878
G1 X3.265 Y-17.798 Z34.381 E1142.58296
G1 X3.405 Y-13.678 Z34.392 E1144.52157
G1 X6.478 Y-15.506 Z34.4 E1146.20305
G1 X7.867 Y-17.818 Z34.407 E1147.47143
G1 X9.443 Y-20.506 Z34.415 E1148.93675
G1 X10.893 Y-22.602 Z34.421 E1150.1353
G1 X12.011 Y-21.388 Z34.425 E1150.91142
G1 X12.68 Y-21.545 Z34.427 E1151.23457
G1 X12.376 Y-20.582 Z34.429 E1151.70946
G1 X11.129 Y-17.821 Z34.437 E1153.13415
G1 X9.826 Y-15.195 Z34.444 E1154.51274
G1 X8.37 Y-11.325 Z34.455 E1156.45721
G1 X11.919 Y-11.838 Z34.463 E1158.14352
G1 X14.088 Y-13.448 Z34.47 E1159.41382
G1 X16.578 Y-15.333 Z34.478 E1160.88247
G1 X18.715 Y-16.711 Z34.484 E1162.07825
G1 X19.276 Y-15.159 Z34.488 E1162.85432
G1 X19.957 Y-15.053 Z34.49 E1163.17842
G1 X19.308 Y-14.28 Z34.492 E1163.65307
G1 X17.104 Y-12.209 Z34.5 E1165.07532
;TIME_ELAPSED:325.143676
;LAYER:34
;TYPE:WALL-OUTER
;MESH:ceramic_two_component_3mm_nozzle_v4.stl
G1 X14.648 Y-10.023 Z34.508 E1166.62152
G1 X12.051 Y-7.253 Z34.518 E1168.40712
G1 X15.278 Y-6.433 Z34.526 E1169.9729
G1 X17.806 Y-6.94 Z34.532 E1171.1854
G1 X20.818 Y-7.723 Z34.54 E1172.64892
G1 X23.365 Y-8.214 Z34.547 E1173.86874
G1 X23.592 Y-6.623 Z34.551 E1174.62451
G1 X23.895 Y-6.119 Z34.552 E1174.90106
G1 X22.957 Y-5.677 Z34.555 E1175.38868
G1 X20.111 Y-4.618 Z34.562 E1176.81671
G1 X17.367 Y-3.66 Z34.57 E1178.1835
G1 X13.88 Y-2.081 Z34.579 E1179.98361
G1 X16.567 Y-0.085 Z34.588 E1181.5577
G1 X19.105 Y0.407 Z34.594 E1182.77345
G1 X22.181 Y0.834 Z34.602 E1184.23386
G1 X24.727 Y1.356 Z34.608 E1185.45606
G1 X24.311 Y2.905 Z34.612 E1186.21031
G1 X24.419 Y3.485 Z34.614 E1186.48775
G1 X23.382 Y3.536 Z34.616 E1186.97601
G1 X20.356 Y3.426 Z34.624 E1188.39997
G1 X17.444 Y3.256 Z34.631 E1189.77171
G1 X13.6 Y3.381 Z34.641 E1191.58037
G1 X15.326 Y6.27 Z34.649 E1193.16296
G1 X17.492 Y7.69 Z34.656 E1194.38094
G1 X20.188 Y9.271 Z34.664 E1195.8507
G1 X22.325 Y10.72 Z34.67 E1197.06489
G1 X21.332 Y11.98 Z34.674 E1197.81932
G1 X21.229 Y12.558 Z34.676 E1198.09541
G1 X20.252 Y12.211 Z34.678 E1198.58298
G1 X17.507 Y10.957 Z34.686 E1200.00218
G1 X14.871 Y9.679 Z34.693 E1201.37981
G1 X11.252 Y8.311 Z34.703 E1203.19923
G1 X11.744 Y11.66 Z34.711 E1204.79105
G1 X13.214 Y13.803 Z34.718 E1206.01314
G1 X15.097 Y16.29 Z34.726 E1207.4801
G1 X16.518 Y18.45 Z34.732 E1208.69598
G1 X15.11 Y19.216 Z34.736 E1209.44975
G1 X14.811 Y19.721 Z34.737 E1209.72574
G1 X14.042 Y19.03 Z34.74 E1210.21192
G1 X11.96 Y16.793 Z34.748 E1211.64904
G1 X10.041 Y14.628 Z34.755 E1213.00954
G1 X7.205 Y11.963 Z34.765 E1214.83966
G1 X6.374 Y15.264 Z34.773 E1216.44044
G1 X6.921 Y17.81 Z34.78 E1217.66506
G1 X7.708 Y20.822 Z34.787 E1219.12905
G1 X8.195 Y23.368 Z34.794 E1220.34805
G1 X6.601 Y23.516 Z34.798 E1221.10088
G1 X6.142 Y23.883 Z34.799 E1221.37725
G1 X5.693 Y22.95 Z34.802 E1221.86417
G1 X4.628 Y20.094 Z34.81 E1223.29759
G1 X3.685 Y17.355 Z34.817 E1224.65985
G1 X2.071 Y13.781 Z34.827 E1226.50401
G1 X0.036 Y16.531 Z34.835 E1228.11282
G1 X-.426 Y19.103 Z34.842 E1229.3417
G1 X-.85 Y22.179 Z34.85 E1230.80192
G1 X-1.375 Y24.723 Z34.856 E1232.02348
G1 X-2.898 Y24.233 Z34.86 E1232.77585
G1 X-3.459 Y24.416 Z34.862 E1233.05335
G1 X-3.519 Y23.383 Z34.864 E1233.53995
G1 X-3.41 Y20.357 Z34.872 E1234.9639
G1 X-3.229 Y17.443 Z34.879 E1236.33689
G1 X-3.352 Y13.505 Z34.889 E1238.1897
G1 X-6.301 Y15.274 Z34.897 E1239.80689
G1 X-7.707 Y17.482 Z34.904 E1241.03788
G1 X-9.285 Y20.18 Z34.912 E1242.50774
G1 X-10.737 Y22.314 Z34.918 E1243.72156
G1 X-11.943 Y21.262 Z34.922 E1244.47415
G1 X-12.533 Y21.236 Z34.924 E1244.75188
G1 X-12.195 Y20.259 Z34.926 E1245.23804
G1 X-10.943 Y17.514 Z34.934 E1246.65685
G1 X-9.654 Y14.881 Z34.941 E1248.03548
G1 X-8.247 Y11.174 Z34.951 E1249.9001
G1 X-11.668 Y11.685 Z34.96 E1251.52672
G1 X-13.814 Y13.199 Z34.966 E1252.76179
G1 X-16.299 Y15.084 Z34.974 E1254.22856
G1 X-18.461 Y16.501 Z34.981 E1255.44419
G1 X-19.154 Y15.061 Z34.985 E1256.19571
G1 X-19.7 Y14.828 Z34.986 E1256.47488
G1 X-19.018 Y14.054 Z34.989 E1256.96001
G1 X-16.79 Y11.978 Z34.996 E1258.3921
G1 X-14.608 Y10.06 Z35.004 E1259.75829
G1 X-11.874 Y7.157 Z35.014 E1261.63359
G1 X-15.249 Y6.316 Z35.022 E1263.26927
G1 X-17.815 Y6.903 Z35.029 E1264.50714
G1 X-20.826 Y7.693 Z35.037 E1265.97103
G1 X-23.372 Y8.175 Z35.043 E1267.1896
G1 X-23.44 Y6.578 Z35.047 E1267.94129
G1 X-23.871 Y6.165 Z35.049 E1268.22201
G1 X-22.944 Y5.709 Z35.051 E1268.70783
G1 X-20.101 Y4.647 Z35.059 E1270.13503
G1 X-17.344 Y3.709 Z35.066 E1271.50454
G1 X-13.682 Y2.062 Z35.076 E1273.39281
G1 X-16.496 Y-0.012 Z35.085 E1275.03672
G1 X-19.1 Y-.445 Z35.091 E1276.27811
G1 X-22.177 Y-.865 Z35.099 E1277.73853
G1 X-24.719 Y-1.395 Z35.106 E1278.95965
G1 X-24.154 Y-2.89 Z35.11 E1279.71123
G1 X-24.414 Y-3.432 Z35.111 E1279.99393
G1 X-23.383 Y-3.501 Z35.114 E1280.47986
G1 X-20.358 Y-3.395 Z35.121 E1281.90328
G1 X-17.442 Y-3.202 Z35.129 E1283.27758
G1 X-13.41 Y-3.323 Z35.139 E1285.17454
G1 X-15.222 Y-6.332 Z35.148 E1286.82633
G1 X-17.473 Y-7.723 Z35.154 E1288.0707
G1 X-20.172 Y-9.299 Z35.162 E1289.54049
G1 X-22.303 Y-10.753 Z35.168 E1290.75367
G1 X-21.193 Y-11.905 Z35.172 E1291.50598
G1 X-21.244 Y-12.508 Z35.174 E1291.79056
G1 X-20.265 Y-12.18 Z35.177 E1292.2761
G1 X-17.521 Y-10.928 Z35.184 E1293.69449
G1 X-14.89 Y-9.628 Z35.191 E1295.07455
G1 X-11.095 Y-8.183 Z35.202 E1296.9842
G1 X-11.626 Y-11.677 Z35.21 E1298.64617
G1 X-13.184 Y-13.825 Z35.217 E1299.89404
G1 X-15.072 Y-16.309 Z35.225 E1301.3613
G1 X-16.485 Y-18.472 Z35.231 E1302.57629
G1 X-15.011 Y-19.092 Z35.235 E1303.32828
G1 X-14.845 Y-19.68 Z35.237 E1303.61561
G1 X-14.066 Y-19.006 Z35.239 E1304.10003
G1 X-11.983 Y-16.772 Z35.247 E1305.53643
G1 X-10.078 Y-14.588 Z35.254 E1306.8993
G1 X-7.109 Y-11.785 Z35.265 E1308.81945
G1 X-6.257 Y-15.234 Z35.273 E1310.49015
G1 X-6.885 Y-17.82 Z35.28 E1311.7416
G1 X-7.679 Y-20.834 Z35.288 E1313.20734
G1 X-8.156 Y-23.376 Z35.294 E1314.42361
G1 X-6.555 Y-23.364 Z35.298 E1315.17653
G1 X-6.189 Y-23.859 Z35.3 E1315.46603
G1 X-5.725 Y-22.938 Z35.302 E1315.95101
G1 X-4.662 Y-20.096 Z35.31 E1317.37793
G1 X-3.734 Y-17.332 Z35.317 E1318.74905
G1 X-2.052 Y-13.582 Z35.328 E1320.68181
G1 X0.061 Y-16.46 Z35.337 E1322.36084
G1 X0.463 Y-19.098 Z35.343 E1323.61572
G1 X0.881 Y-22.175 Z35.351 E1325.07602
G1 X1.415 Y-24.715 Z35.357 E1326.29661
G1 X2.882 Y-24.076 Z35.361 E1327.04909
G1 X3.406 Y-24.411 Z35.363 E1327.34156
G1 X3.484 Y-23.384 Z35.366 E1327.82592
G1 X3.379 Y-20.359 Z35.373 E1329.24933
G1 X3.175 Y-17.441 Z35.381 E1330.62491
G1 X3.294 Y-13.315 Z35.391 E1332.56603
G1 X6.363 Y-15.17 Z35.4 E1334.25243
G1 X7.739 Y-17.463 Z35.406 E1335.51
G1 X9.312 Y-20.164 Z35.414 E1336.97989
G1 X10.77 Y-22.292 Z35.421 E1338.19297
G1 X11.867 Y-21.124 Z35.425 E1338.94652
G1 X12.482 Y-21.252 Z35.426 E1339.24193
G1 X12.164 Y-20.272 Z35.429 E1339.72644
G1 X10.914 Y-17.528 Z35.436 E1341.14443
G1 X9.603 Y-14.9 Z35.444 E1342.52554
G1 X8.119 Y-11.016 Z35.454 E1344.48083
G1 X11.686 Y-11.567 Z35.463 E1346.17816
G1 X13.837 Y-13.169 Z35.47 E1347.43942
G1 X16.318 Y-15.059 Z35.478 E1348.90612
G1 X18.482 Y-16.469 Z35.484 E1350.12074
G1 X19.03 Y-14.961 Z35.488 E1350.87527
G1 X19.66 Y-14.861 Z35.49 E1351.17525
G1 X18.994 Y-14.079 Z35.492 E1351.65829
G1 X16.769 Y-12.002 Z35.5 E1353.08967
;TIME_ELAPSED:335.393812
;LAYER:35
;TYPE:WALL-OUTER
;MESH:ceramic_two_component_3mm_nozzle_v4.stl
G1 X14.267 Y-9.779 Z35.509 E1354.6636
G1 X12.593 Y-8.009 Z35.516 E1355.80927
G1 X13.056 Y-6.728 Z35.519 E1356.44982
G1 X14.893 Y-6.278 Z35.524 E1357.33924
G1 X17.375 Y-6.751 Z35.531 E1358.52745
G1 X20.365 Y-7.538 Z35.539 E1359.98144
G1 X22.944 Y-8.053 Z35.546 E1361.2182
G1 X23.283 Y-6.531 Z35.551 E1361.95148
G1 X23.442 Y-6.007 Z35.552 E1362.20899
G1 X22.465 Y-5.568 Z35.555 E1362.71269
G1 X19.646 Y-4.531 Z35.563 E1364.12522
G1 X16.921 Y-3.581 Z35.571 E1365.48234
G1 X14.696 Y-2.588 Z35.577 E1366.62815
G1 X14.625 Y-1.203 Z35.581 E1367.28033
G1 X16.152 Y-0.085 Z35.586 E1368.17032
G1 X18.636 Y0.417 Z35.593 E1369.36207
G1 X21.696 Y0.833 Z35.601 E1370.81432
G1 X24.278 Y1.345 Z35.608 E1372.05219
G1 X23.985 Y2.872 Z35.613 E1372.78339
G1 X23.956 Y3.412 Z35.614 E1373.0377
G1 X22.889 Y3.448 Z35.617 E1373.53976
G1 X19.883 Y3.327 Z35.625 E1374.95452
G1 X17.003 Y3.157 Z35.633 E1376.31124
G1 X14.567 Y3.224 Z35.639 E1377.45724
G1 X13.957 Y4.494 Z35.643 E1378.1198
G1 X14.94 Y6.112 Z35.648 E1379.01011
G1 X17.054 Y7.521 Z35.655 E1380.20483
G1 X19.737 Y9.086 Z35.663 E1381.66551
G1 X21.911 Y10.538 Z35.67 E1382.89493
G1 X21.038 Y11.82 Z35.675 E1383.62432
G1 X20.829 Y12.313 Z35.676 E1383.87613
G1 X19.828 Y11.939 Z35.679 E1384.37865
G1 X17.111 Y10.684 Z35.687 E1385.78608
G1 X14.503 Y9.418 Z35.695 E1387.1494
G1 X12.229 Y8.546 Z35.701 E1388.29471
G1 X11.155 Y9.496 Z35.705 E1388.96901
G1 X11.445 Y11.367 Z35.71 E1389.85938
G1 X12.873 Y13.479 Z35.717 E1391.05831
G1 X14.746 Y15.939 Z35.725 E1392.51231
G1 X16.205 Y18.125 Z35.733 E1393.74825
G1 X14.896 Y18.948 Z35.737 E1394.47539
G1 X14.537 Y19.34 Z35.738 E1394.72535
G1 X13.759 Y18.619 Z35.741 E1395.22417
G1 X11.718 Y16.41 Z35.749 E1396.63852
G1 X9.801 Y14.243 Z35.757 E1397.99911
G1 X8.033 Y12.568 Z35.763 E1399.14442
G1 X6.655 Y13.038 Z35.767 E1399.8291
G1 X6.207 Y14.876 Z35.772 E1400.71876
G1 X6.729 Y17.38 Z35.779 E1401.92162
G1 X7.518 Y20.37 Z35.788 E1403.37584
G1 X8.028 Y22.949 Z35.795 E1404.61214
G1 X6.502 Y23.181 Z35.799 E1405.33801
G1 X6.037 Y23.426 Z35.8 E1405.58518
G1 X5.588 Y22.458 Z35.803 E1406.08699
G1 X4.55 Y19.64 Z35.811 E1407.49924
G1 X3.611 Y16.908 Z35.819 E1408.85777
G1 X2.62 Y14.682 Z35.826 E1410.00364
G1 X1.142 Y14.581 Z35.829 E1410.70031
G1 X0.027 Y16.109 Z35.835 E1411.58985
G1 X-.44 Y18.633 Z35.841 E1412.79694
G1 X-.854 Y21.693 Z35.85 E1414.24907
G1 X-1.371 Y24.272 Z35.857 E1415.48601
G1 X-2.86 Y23.88 Z35.861 E1416.21009
G1 X-3.378 Y23.953 Z35.862 E1416.4561
G1 X-3.426 Y22.89 Z35.865 E1416.9565
G1 X-3.307 Y19.884 Z35.873 E1418.37123
G1 X-3.124 Y17.002 Z35.881 E1419.72926
G1 X-3.189 Y14.566 Z35.888 E1420.87524
G1 X-4.534 Y13.892 Z35.892 E1421.58272
G1 X-6.15 Y14.878 Z35.897 E1422.47295
G1 X-7.541 Y17.042 Z35.904 E1423.68271
G1 X-9.103 Y19.727 Z35.912 E1425.1435
G1 X-10.56 Y21.896 Z35.919 E1426.37227
G1 X-11.768 Y20.945 Z35.923 E1427.09527
G1 X-12.28 Y20.84 Z35.925 E1427.34105
G1 X-11.919 Y19.837 Z35.928 E1427.84235
G1 X-10.666 Y17.119 Z35.936 E1429.24982
G1 X-9.387 Y14.515 Z35.943 E1430.61413
G1 X-8.513 Y12.242 Z35.95 E1431.75934
G1 X-9.507 Y11.081 Z35.954 E1432.47808
G1 X-11.378 Y11.373 Z35.959 E1433.3686
G1 X-13.493 Y12.855 Z35.966 E1434.58308
G1 X-15.95 Y14.729 Z35.974 E1436.03625
G1 X-18.14 Y16.183 Z35.981 E1437.27245
G1 X-18.865 Y14.831 Z35.986 E1437.9939
G1 X-19.313 Y14.56 Z35.987 E1438.24012
G1 X-18.604 Y13.775 Z35.99 E1438.73756
G1 X-16.396 Y11.733 Z35.998 E1440.15188
G1 X-14.219 Y9.824 Z36.006 E1441.51351
G1 X-12.542 Y8.057 Z36.012 E1442.65913
G1 X-13.02 Y6.581 Z36.016 E1443.38873
G1 X-14.859 Y6.137 Z36.022 E1444.2784
G1 X-17.386 Y6.707 Z36.029 E1445.49662
G1 X-20.375 Y7.499 Z36.037 E1446.95075
G1 X-22.954 Y8.002 Z36.044 E1448.18642
G1 X-23.079 Y6.473 Z36.048 E1448.90785
G1 X-23.41 Y6.068 Z36.049 E1449.15383
G1 X-22.45 Y5.609 Z36.052 E1449.65423
G1 X-19.633 Y4.569 Z36.06 E1451.06636
G1 X-16.894 Y3.641 Z36.068 E1452.42634
G1 X-14.668 Y2.652 Z36.075 E1453.57183
G1 X-14.536 Y1.08 Z36.079 E1454.31368
G1 X-16.067 Y-0.032 Z36.084 E1455.20353
G1 X-18.629 Y-.463 Z36.091 E1456.42528
G1 X-21.691 Y-.874 Z36.099 E1457.87815
G1 X-24.267 Y-1.397 Z36.106 E1459.11427
G1 X-23.775 Y-2.848 Z36.111 E1459.83478
G1 X-23.95 Y-3.343 Z36.112 E1460.08168
G1 X-22.891 Y-3.404 Z36.115 E1460.58052
G1 X-19.885 Y-3.286 Z36.123 E1461.99523
G1 X-17.001 Y-3.092 Z36.131 E1463.35454
G1 X-14.565 Y-3.153 Z36.137 E1464.50046
G1 X-13.827 Y-4.573 Z36.141 E1465.25304
G1 X-14.817 Y-6.187 Z36.147 E1466.14346
G1 X-17.03 Y-7.561 Z36.154 E1467.36843
G1 X-19.717 Y-9.121 Z36.162 E1468.82956
G1 X-21.881 Y-10.582 Z36.169 E1470.05743
G1 X-20.852 Y-11.716 Z36.173 E1470.77753
G1 X-20.85 Y-12.247 Z36.175 E1471.02725
G1 X-19.846 Y-11.899 Z36.177 E1471.52695
G1 X-17.128 Y-10.648 Z36.185 E1472.93402
G1 X-14.527 Y-9.356 Z36.193 E1474.29977
G1 X-12.254 Y-8.48 Z36.2 E1475.44532
G1 X-11.007 Y-9.519 Z36.204 E1476.20862
G1 X-11.302 Y-11.389 Z36.209 E1477.09889
G1 X-12.837 Y-13.507 Z36.216 E1478.32899
G1 X-14.714 Y-15.964 Z36.225 E1479.78302
G1 X-16.161 Y-18.154 Z36.232 E1481.0174
G1 X-14.765 Y-18.783 Z36.236 E1481.73745
G1 X-14.582 Y-19.287 Z36.237 E1481.98961
G1 X-13.791 Y-18.589 Z36.24 E1482.4857
G1 X-11.749 Y-16.383 Z36.248 E1483.89934
G1 X-9.846 Y-14.195 Z36.256 E1485.26301
G1 X-8.081 Y-12.517 Z36.262 E1486.40826
G1 X-6.508 Y-13.002 Z36.267 E1487.18236
G1 X-6.066 Y-14.842 Z36.272 E1488.07226
G1 X-6.684 Y-17.392 Z36.279 E1489.30615
G1 X-7.479 Y-20.381 Z36.287 E1490.76064
G1 X-7.977 Y-22.959 Z36.294 E1491.9954
G1 X-6.444 Y-22.977 Z36.299 E1492.71637
G1 X-6.099 Y-23.394 Z36.3 E1492.97088
G1 X-5.629 Y-22.442 Z36.303 E1493.47016
G1 X-4.588 Y-19.627 Z36.311 E1494.88158
G1 X-3.671 Y-16.881 Z36.319 E1496.24303
G1 X-2.684 Y-14.653 Z36.325 E1497.38899
G1 X-1.019 Y-14.492 Z36.33 E1498.17563
G1 X0.091 Y-16.024 Z36.335 E1499.06531
G1 X0.486 Y-18.626 Z36.342 E1500.30296
G1 X0.894 Y-21.688 Z36.35 E1501.75564
G1 X1.423 Y-24.262 Z36.357 E1502.9914
G1 X2.836 Y-23.67 Z36.361 E1503.71185
G1 X3.309 Y-23.947 Z36.363 E1503.96962
G1 X3.382 Y-22.892 Z36.366 E1504.46694
G1 X3.266 Y-19.886 Z36.374 E1505.88161
G1 X3.059 Y-17 Z36.382 E1507.24228
G1 X3.118 Y-14.564 Z36.388 E1508.38818
G1 X4.613 Y-13.763 Z36.393 E1509.18578
G1 X6.225 Y-14.755 Z36.398 E1510.07589
G1 X7.58 Y-17.018 Z36.405 E1511.31629
G1 X9.138 Y-19.707 Z36.413 E1512.77775
G1 X10.604 Y-21.867 Z36.42 E1514.00539
G1 X11.664 Y-20.76 Z36.424 E1514.72614
G1 X12.214 Y-20.861 Z36.426 E1514.98912
G1 X11.881 Y-19.859 Z36.429 E1515.48566
G1 X10.63 Y-17.137 Z36.437 E1516.89444
G1 X9.325 Y-14.538 Z36.445 E1518.26209
G1 X8.446 Y-12.267 Z36.451 E1519.40726
G1 X9.53 Y-10.933 Z36.456 E1520.2156
G1 X11.4 Y-11.23 Z36.461 E1521.10602
G1 X13.52 Y-12.818 Z36.468 E1522.35166
G1 X15.976 Y-14.698 Z36.476 E1523.80617
G1 X18.169 Y-16.138 Z36.483 E1525.03992
G1 X18.7 Y-14.699 Z36.488 E1525.76124
G1 X19.26 Y-14.604 Z36.489 E1526.02835
G1 X18.573 Y-13.806 Z36.492 E1526.52353
G1 X16.369 Y-11.764 Z36.5 E1527.93647
;TIME_ELAPSED:344.932677
;LAYER:36
;TYPE:WALL-OUTER
;MESH:ceramic_two_component_3mm_nozzle_v4.stl
G1 X13.898 Y-9.582 Z36.509 E1529.4867
G1 X12.51 Y-8.025 Z36.515 E1530.46761
G1 X12.979 Y-6.436 Z36.519 E1531.24673
G1 X14.532 Y-6.066 Z36.524 E1531.9975
G1 X16.986 Y-6.555 Z36.531 E1533.17422
G1 X19.926 Y-7.337 Z36.539 E1534.60487
G1 X22.539 Y-7.869 Z36.546 E1535.85888
G1 X22.876 Y-6.415 Z36.55 E1536.56077
G1 X22.988 Y-5.932 Z36.552 E1536.79394
G1 X21.994 Y-5.486 Z36.555 E1537.30628
G1 X19.184 Y-4.462 Z36.563 E1538.71274
G1 X16.505 Y-3.54 Z36.571 E1540.0451
G1 X14.605 Y-2.628 Z36.576 E1541.03621
G1 X14.43 Y-.974 Z36.581 E1541.81837
G1 X15.739 Y-0.029 Z36.585 E1542.5776
G1 X18.201 Y0.448 Z36.592 E1543.75692
G1 X21.221 Y0.852 Z36.6 E1545.18977
G1 X23.834 Y1.361 Z36.608 E1546.44168
G1 X23.566 Y2.824 Z36.612 E1547.14112
G1 X23.508 Y3.308 Z36.613 E1547.37036
G1 X22.424 Y3.343 Z36.616 E1547.88039
G1 X19.445 Y3.215 Z36.624 E1549.28261
G1 X16.604 Y3.037 Z36.632 E1550.62125
G1 X14.478 Y3.146 Z36.638 E1551.62235
G1 X13.68 Y4.614 Z36.643 E1552.40811
G1 X14.537 Y6.002 Z36.647 E1553.17523
G1 X16.642 Y7.383 Z36.654 E1554.35916
G1 X19.291 Y8.919 Z36.662 E1555.79916
G1 X21.496 Y10.384 Z36.67 E1557.0441
G1 X20.669 Y11.614 Z36.674 E1557.74112
G1 X20.454 Y12.045 Z36.675 E1557.96762
G1 X19.44 Y11.665 Z36.678 E1558.47685
G1 X16.727 Y10.403 Z36.686 E1559.88396
G1 X14.179 Y9.153 Z36.694 E1561.21862
G1 X12.157 Y8.43 Z36.7 E1562.22846
G1 X10.856 Y9.482 Z36.704 E1563.01527
G1 X11.117 Y11.113 Z36.709 E1563.79203
G1 X12.546 Y13.193 Z36.716 E1564.97878
G1 X14.401 Y15.617 Z36.724 E1566.41419
G1 X15.879 Y17.823 Z36.731 E1567.66291
G92 E0
G1 X14.636 Y18.619 Z36.735 E0.69413
G1 X14.293 Y18.949 Z36.737 E0.91796
G1 X13.5 Y18.212 Z36.74 E1.42707
G1 X11.474 Y16.005 Z36.748 E2.83595
G1 X9.602 Y13.877 Z36.756 E4.16878
G1 X7.998 Y12.418 Z36.762 E5.18845
G1 X6.388 Y12.894 Z36.766 E5.97798
G1 X6.003 Y14.517 Z36.771 E6.7624
G1 X6.535 Y16.991 Z36.778 E7.95243
G1 X7.319 Y19.931 Z36.786 E9.38333
G1 X7.843 Y22.544 Z36.793 E10.6366
G1 X6.388 Y22.778 Z36.797 E11.32962
G1 X5.961 Y22.973 Z36.799 E11.55038
G1 X5.506 Y21.987 Z36.802 E12.06105
G1 X4.48 Y19.178 Z36.81 E13.46738
G1 X3.566 Y16.493 Z36.818 E14.8012
G1 X2.638 Y14.509 Z36.824 E15.83123
G1 X0.962 Y14.333 Z36.828 E16.62372
G1 X-0.024 Y15.701 Z36.833 E17.41673
G1 X-.469 Y18.198 Z36.84 E18.60949
G1 X-.87 Y21.219 Z36.848 E20.04262
G1 X-1.387 Y23.828 Z36.855 E21.2934
G1 X-2.812 Y23.465 Z36.859 E21.98493
G1 X-3.275 Y23.505 Z36.861 E22.20348
G1 X-3.322 Y22.425 Z36.864 E22.71185
G1 X-3.196 Y19.446 Z36.872 E24.11402
G1 X-3.008 Y16.603 Z36.88 E25.4539
G1 X-3.101 Y14.393 Z36.886 E26.49411
G1 X-4.587 Y13.586 Z36.89 E27.28932
G1 X-6.036 Y14.482 Z36.895 E28.09049
G1 X-7.401 Y16.631 Z36.902 E29.28773
G1 X-8.935 Y19.282 Z36.91 E30.72807
G1 X-10.406 Y21.481 Z36.918 E31.97223
G1 X-11.564 Y20.58 Z36.922 E32.66222
G1 X-12.014 Y20.465 Z36.923 E32.88064
G1 X-11.646 Y19.449 Z36.926 E33.3888
G1 X-10.387 Y16.735 Z36.934 E34.79574
G1 X-9.126 Y14.19 Z36.942 E36.13143
G1 X-8.355 Y12.096 Z36.948 E37.18079
G1 X-9.421 Y10.778 Z36.953 E37.97795
G1 X-11.123 Y11.053 Z36.957 E38.78873
G1 X-13.205 Y12.529 Z36.964 E39.9889
G1 X-15.629 Y14.385 Z36.973 E41.4246
G1 X-17.838 Y15.857 Z36.98 E42.67293
G1 X-18.539 Y14.572 Z36.984 E43.36129
G1 X-18.924 Y14.315 Z36.985 E43.57897
G1 X-18.198 Y13.515 Z36.988 E44.08701
G1 X-15.993 Y11.488 Z36.996 E45.49551
G1 X-13.856 Y9.622 Z37.004 E46.82967
G1 X-12.326 Y7.97 Z37.01 E47.88855
G1 X-12.808 Y6.34 Z37.015 E48.68789
G1 X-14.502 Y5.94 Z37.02 E49.50643
G1 X-16.996 Y6.515 Z37.027 E50.71004
G1 X-19.936 Y7.302 Z37.035 E52.1413
G1 X-22.549 Y7.817 Z37.042 E53.39374
G1 X-22.681 Y6.36 Z37.046 E54.08173
G1 X-22.958 Y5.99 Z37.048 E54.29908
G1 X-21.979 Y5.525 Z37.051 E54.80877
G1 X-19.172 Y4.497 Z37.059 E56.21454
G1 X-16.481 Y3.593 Z37.067 E57.54952
G1 X-14.413 Y2.648 Z37.073 E58.61876
G1 X-14.236 Y0.951 Z37.077 E59.42113
G1 X-15.663 Y-0.076 Z37.082 E60.24792
G1 X-18.195 Y-.49 Z37.089 E61.45445
G1 X-21.217 Y-.889 Z37.098 E62.88793
G1 X-23.823 Y-1.413 Z37.105 E64.13797
G1 X-23.364 Y-2.8 Z37.109 E64.82501
G1 X-23.503 Y-3.242 Z37.11 E65.04291
G1 X-22.426 Y-3.301 Z37.113 E65.55014
G1 X-19.447 Y-3.178 Z37.121 E66.95226
G1 X-16.602 Y-2.979 Z37.129 E68.29343
G1 X-14.309 Y-3.056 Z37.135 E69.37236
G1 X-13.492 Y-4.56 Z37.14 E70.17726
G1 X-14.427 Y-6.07 Z37.145 E71.01247
G1 X-16.621 Y-7.419 Z37.152 E72.22366
G1 X-19.272 Y-8.951 Z37.16 E73.66353
G1 X-21.466 Y-10.427 Z37.168 E74.90705
G1 X-20.491 Y-11.515 Z37.172 E75.59408
G1 X-20.475 Y-11.982 Z37.173 E75.81382
G1 X-19.459 Y-11.628 Z37.176 E76.31979
G1 X-16.744 Y-10.37 Z37.184 E77.72696
G1 X-14.2 Y-9.098 Z37.192 E79.06452
G1 X-12.035 Y-8.28 Z37.198 E80.15289
G1 X-10.701 Y-9.36 Z37.203 E80.96005
G1 X-10.99 Y-11.133 Z37.208 E81.80483
G1 X-12.513 Y-13.218 Z37.215 E83.01906
G1 X-14.371 Y-15.64 Z37.223 E84.45459
G1 X-15.835 Y-17.852 Z37.23 E85.70201
G1 X-14.509 Y-18.459 Z37.234 E86.38781
G1 X-14.336 Y-18.899 Z37.236 E86.61015
G1 X-13.53 Y-18.184 Z37.239 E87.11683
G1 X-11.501 Y-15.981 Z37.247 E88.52528
G1 X-9.642 Y-13.835 Z37.255 E89.86047
G1 X-7.943 Y-12.234 Z37.261 E90.95829
G1 X-6.292 Y-12.723 Z37.266 E91.76804
G1 X-5.877 Y-14.487 Z37.271 E92.62024
G1 X-6.496 Y-17.001 Z37.278 E93.83779
G1 X-7.284 Y-19.941 Z37.286 E95.26917
G1 X-7.791 Y-22.555 Z37.293 E96.52136
G1 X-6.333 Y-22.583 Z37.297 E97.20713
G1 X-6.019 Y-22.943 Z37.299 E97.43178
G1 X-5.545 Y-21.972 Z37.302 E97.93991
G1 X-4.514 Y-19.166 Z37.31 E99.34573
G1 X-3.62 Y-16.469 Z37.318 E100.6819
G1 X-2.658 Y-14.317 Z37.324 E101.79042
G1 X-.939 Y-14.139 Z37.329 E102.60313
G1 X0.129 Y-15.626 Z37.334 E103.46409
G1 X0.511 Y-18.193 Z37.341 E104.68455
G1 X0.907 Y-21.214 Z37.349 E106.11738
G1 X1.438 Y-23.818 Z37.357 E107.36715
G1 X2.788 Y-23.263 Z37.361 E108.05357
G1 X3.21 Y-23.5 Z37.362 E108.28117
G1 X3.28 Y-22.427 Z37.365 E108.78684
G1 X3.159 Y-19.448 Z37.373 E110.18892
G1 X2.95 Y-16.601 Z37.381 E111.53137
G1 X3.01 Y-14.224 Z37.387 E112.64955
G1 X4.533 Y-13.398 Z37.392 E113.46431
G1 X6.104 Y-14.372 Z37.397 E114.33357
G1 X7.436 Y-16.611 Z37.404 E115.55873
G1 X8.967 Y-19.263 Z37.413 E116.99878
G1 X10.449 Y-21.452 Z37.42 E118.24192
G1 X11.465 Y-20.403 Z37.424 E118.92868
G1 X11.951 Y-20.485 Z37.425 E119.16046
G1 X11.607 Y-19.466 Z37.428 E119.66623
G1 X10.353 Y-16.752 Z37.436 E121.07218
G1 X9.071 Y-14.211 Z37.444 E122.4106
G1 X8.205 Y-11.975 Z37.451 E123.53822
G1 X9.3 Y-10.624 Z37.456 E124.35603
G1 X11.143 Y-10.926 Z37.461 E125.23429
G1 X13.23 Y-12.496 Z37.468 E126.46244
G1 X15.652 Y-14.356 Z37.476 E127.89853
G1 X17.867 Y-15.813 Z37.483 E129.14532
G1 X18.379 Y-14.446 Z37.487 E129.83178
G1 X18.874 Y-14.357 Z37.489 E130.0683
G1 X18.169 Y-13.545 Z37.492 E130.574
G1 X15.969 Y-11.515 Z37.5 E131.98173
;TIME_ELAPSED:354.311205
;LAYER:37
;TYPE:WALL-OUTER
;MESH:ceramic_two_component_3mm_nozzle_v4.stl
G1 X13.653 Y-9.492 Z37.508 E133.42785
G1 X12.156 Y-7.873 Z37.515 E134.4648
G1 X12.64 Y-6.245 Z37.519 E135.26351
G1 X14.301 Y-5.856 Z37.524 E136.06576
G1 X16.758 Y-6.411 Z37.531 E137.25031
G1 X19.665 Y-7.191 Z37.539 E138.66573
G1 X22.275 Y-7.712 Z37.546 E139.91734
G1 X22.492 Y-6.307 Z37.55 E140.5859
G1 X22.668 Y-5.916 Z37.551 E140.78754
G1 X21.672 Y-5.455 Z37.555 E141.30366
G1 X18.905 Y-4.446 Z37.563 E142.6887
G1 X16.245 Y-3.549 Z37.57 E144.00882
G1 X14.23 Y-2.625 Z37.576 E145.05128
G1 X14.055 Y-.93 Z37.581 E145.85262
G1 X15.449 Y0.07 Z37.586 E146.6594
G1 X17.934 Y0.493 Z37.593 E147.84482
G1 X20.914 Y0.884 Z37.601 E149.25822
G1 X23.53 Y1.401 Z37.608 E150.51223
G1 X23.177 Y2.777 Z37.612 E151.18027
G1 X23.206 Y3.203 Z37.613 E151.38107
G1 X22.116 Y3.251 Z37.616 E151.89416
G1 X19.169 Y3.123 Z37.625 E153.28134
G1 X16.367 Y2.932 Z37.632 E154.60208
G1 X14.139 Y3.015 Z37.638 E155.65056
G1 X13.328 Y4.512 Z37.643 E156.45122
G1 X14.238 Y5.98 Z37.648 E157.26345
G1 X16.381 Y7.32 Z37.655 E158.45202
G1 X18.996 Y8.83 Z37.663 E159.87206
G1 X21.201 Y10.302 Z37.67 E161.11883
G1 X20.334 Y11.426 Z37.674 E161.78638
G1 X20.214 Y11.834 Z37.675 E161.98638
G1 X19.188 Y11.462 Z37.678 E162.49961
G1 X16.509 Y10.216 Z37.687 E163.88905
G1 X14.001 Y8.968 Z37.694 E165.20642
G1 X11.901 Y8.185 Z37.7 E166.2604
G1 X10.575 Y9.26 Z37.705 E167.06315
G1 X10.856 Y10.974 Z37.71 E167.87994
G1 X12.329 Y13.033 Z37.717 E169.07049
G1 X14.164 Y15.423 Z37.725 E170.48749
G1 X15.64 Y17.633 Z37.732 E171.73725
G1 X14.403 Y18.324 Z37.736 E172.40358
G1 X14.151 Y18.666 Z37.738 E172.60335
G1 X13.339 Y17.926 Z37.741 E173.11999
G1 X11.341 Y15.75 Z37.749 E174.50923
G1 X9.504 Y13.64 Z37.756 E175.82485
G1 X7.858 Y12.104 Z37.763 E176.88359
G1 X6.219 Y12.591 Z37.767 E177.68766
G1 X5.82 Y14.293 Z37.772 E178.50975
G1 X6.399 Y16.762 Z37.779 E179.70233
G1 X7.18 Y19.668 Z37.787 E181.11742
G1 X7.697 Y22.278 Z37.795 E182.36866
G1 X6.29 Y22.426 Z37.798 E183.03398
G1 X5.935 Y22.658 Z37.8 E183.23341
G1 X5.467 Y21.667 Z37.803 E183.7488
G1 X4.456 Y18.901 Z37.811 E185.13372
G1 X3.565 Y16.238 Z37.818 E186.45427
G1 X2.63 Y14.177 Z37.825 E187.51856
G1 X0.925 Y13.999 Z37.829 E188.32472
G1 X-.1 Y15.427 Z37.834 E189.15135
G1 X-.505 Y17.933 Z37.841 E190.34513
G1 X-.895 Y20.913 Z37.85 E191.75847
G1 X-1.416 Y23.527 Z37.857 E193.01192
G1 X-2.769 Y23.11 Z37.861 E193.67773
G1 X-3.182 Y23.204 Z37.862 E193.87691
G1 X-3.237 Y22.117 Z37.865 E194.38875
G1 X-3.112 Y19.17 Z37.873 E195.77587
G1 X-2.915 Y16.366 Z37.881 E197.09774
G1 X-2.989 Y14.092 Z37.887 E198.16769
G1 X-4.496 Y13.275 Z37.892 E198.97383
G1 X-6 Y14.207 Z37.897 E199.8059
G1 X-7.331 Y16.375 Z37.904 E201.00224
G1 X-8.84 Y18.99 Z37.912 E202.42205
G1 X-10.315 Y21.192 Z37.919 E203.66842
G1 X-11.393 Y20.275 Z37.923 E204.33397
G1 X-11.814 Y20.221 Z37.924 E204.53358
G1 X-11.446 Y19.185 Z37.927 E205.05059
G1 X-10.206 Y16.514 Z37.935 E206.43543
G1 X-8.952 Y14.007 Z37.943 E207.75365
G1 X-8.144 Y11.868 Z37.949 E208.82892
G1 X-9.225 Y10.533 Z37.954 E209.63674
G1 X-10.981 Y10.82 Z37.959 E210.47348
G1 X-13.041 Y12.319 Z37.966 E211.67156
G1 X-15.43 Y14.155 Z37.974 E213.08848
G1 X-17.641 Y15.627 Z37.982 E214.33759
G1 X-18.272 Y14.362 Z37.985 E215.00237
G1 X-18.649 Y14.165 Z37.987 E215.20241
G1 X-17.916 Y13.349 Z37.99 E215.71824
G1 X-15.742 Y11.35 Z37.998 E217.1071
G1 X-13.628 Y9.516 Z38.005 E218.42321
G1 X-12.053 Y7.842 Z38.012 E219.5041
G1 X-12.543 Y6.194 Z38.016 E220.31263
G1 X-14.285 Y5.785 Z38.021 E221.15411
G1 X-16.765 Y6.387 Z38.028 E222.35423
G1 X-19.671 Y7.169 Z38.037 E223.76944
G1 X-22.281 Y7.683 Z38.044 E225.02041
G1 X-22.361 Y6.272 Z38.048 E225.68502
G1 X-22.648 Y5.954 Z38.049 E225.88647
G1 X-21.662 Y5.48 Z38.052 E226.40094
G1 X-18.898 Y4.467 Z38.06 E227.7853
G1 X-16.231 Y3.58 Z38.068 E229.10705
G1 X-14.124 Y2.635 Z38.074 E230.19299
G1 X-13.944 Y0.921 Z38.079 E231.00346
G1 X-15.406 Y-.13 Z38.084 E231.85021
G1 X-17.931 Y-.518 Z38.091 E233.05156
G1 X-20.912 Y-.907 Z38.099 E234.46531
G1 X-23.524 Y-1.431 Z38.107 E235.71812
G1 X-23.042 Y-2.76 Z38.11 E236.38294
G1 X-23.203 Y-3.16 Z38.112 E236.58571
G1 X-22.117 Y-3.223 Z38.115 E237.09728
G1 X-19.171 Y-3.1 Z38.123 E238.48389
G1 X-16.366 Y-2.898 Z38.13 E239.8064
G1 X-14.045 Y-2.964 Z38.137 E240.89833
G1 X-13.222 Y-4.479 Z38.142 E241.70912
G1 X-14.175 Y-6.019 Z38.147 E242.56078
G1 X-16.369 Y-7.342 Z38.154 E243.76561
G1 X-18.985 Y-8.85 Z38.162 E245.18559
G1 X-21.183 Y-10.328 Z38.169 E246.43119
G1 X-20.216 Y-11.359 Z38.173 E247.09592
G1 X-20.227 Y-11.793 Z38.174 E247.30008
G1 X-19.199 Y-11.437 Z38.177 E247.81168
G1 X-16.519 Y-10.196 Z38.185 E249.20056
G1 X-14.013 Y-8.936 Z38.193 E250.51962
G1 X-11.834 Y-8.102 Z38.199 E251.61682
G1 X-10.491 Y-9.189 Z38.204 E252.42933
G1 X-10.783 Y-10.987 Z38.209 E253.28595
G1 X-12.309 Y-13.048 Z38.216 E254.49192
G1 X-14.145 Y-15.438 Z38.225 E255.90921
G1 X-15.615 Y-17.65 Z38.232 E257.15819
G1 X-14.321 Y-18.219 Z38.236 E257.82295
G1 X-14.179 Y-18.632 Z38.237 E258.02833
G1 X-13.359 Y-17.907 Z38.24 E258.54305
G1 X-11.358 Y-15.735 Z38.248 E259.93186
G1 X-9.528 Y-13.615 Z38.256 E261.24888
G1 X-7.827 Y-12.002 Z38.262 E262.35126
G1 X-6.168 Y-12.494 Z38.267 E263.16502
G1 X-5.749 Y-14.276 Z38.272 E264.02589
G1 X-6.376 Y-16.768 Z38.279 E265.23431
G1 X-7.158 Y-19.674 Z38.287 E266.64952
G1 X-7.668 Y-22.284 Z38.295 E267.90013
G1 X-6.254 Y-22.295 Z38.299 E268.5651
G1 X-5.974 Y-22.639 Z38.3 E268.77369
G1 X-5.492 Y-21.658 Z38.303 E269.2877
G1 X-4.478 Y-18.894 Z38.311 E270.67222
G1 X-3.596 Y-16.224 Z38.319 E271.99456
G1 X-2.64 Y-14.07 Z38.325 E273.1028
G1 X-.916 Y-13.888 Z38.33 E273.91804
G1 X0.16 Y-15.384 Z38.335 E274.78464
G1 X0.53 Y-17.93 Z38.342 E275.99451
G1 X0.918 Y-20.911 Z38.35 E277.40819
G1 X1.446 Y-23.521 Z38.358 E278.66045
G1 X2.752 Y-22.975 Z38.362 E279.32613
G1 X3.139 Y-23.201 Z38.363 E279.53689
G1 X3.209 Y-22.118 Z38.366 E280.04725
G1 X3.089 Y-19.172 Z38.374 E281.4338
G1 X2.881 Y-16.365 Z38.382 E282.75745
G1 X2.938 Y-13.997 Z38.388 E283.87136
G1 X4.463 Y-13.169 Z38.393 E284.68741
G1 X6.039 Y-14.144 Z38.398 E285.55891
G1 X7.353 Y-16.362 Z38.405 E286.77126
G1 X8.86 Y-18.979 Z38.413 E288.19141
G1 X10.341 Y-21.175 Z38.421 E289.43702
G1 X11.326 Y-20.157 Z38.425 E290.10316
G1 X11.772 Y-20.234 Z38.426 E290.316
G1 X11.425 Y-19.204 Z38.429 E290.82713
G1 X10.186 Y-16.524 Z38.437 E292.21561
G1 X8.921 Y-14.019 Z38.445 E293.53531
G1 X8.061 Y-11.8 Z38.451 E294.65446
G1 X9.154 Y-10.448 Z38.456 E295.47204
G1 X10.993 Y-10.747 Z38.461 E296.34821
G1 X13.056 Y-12.299 Z38.468 E297.56225
G1 X15.445 Y-14.136 Z38.476 E298.97945
G1 X17.658 Y-15.602 Z38.484 E300.22779
G1 X18.166 Y-14.279 Z38.488 E300.89424
G1 X18.616 Y-14.193 Z38.489 E301.10969
G1 X17.897 Y-13.369 Z38.492 E301.62396
G1 X15.728 Y-11.366 Z38.5 E303.01237
;TIME_ELAPSED:363.651566
;LAYER:38
;TYPE:WALL-OUTER
;MESH:ceramic_two_component_3mm_nozzle_v4.stl
G1 X13.623 Y-9.556 Z38.507 E304.3179
G1 X12.172 Y-6.986 Z38.515 E305.70581
G1 X14.299 Y-5.723 Z38.522 E306.86912
G1 X16.779 Y-6.367 Z38.529 E308.07406
G1 X19.649 Y-7.141 Z38.537 E309.47194
G1 X22.232 Y-7.644 Z38.544 E310.70945
G1 X22.241 Y-6.24 Z38.548 E311.36972
G1 X22.589 Y-5.969 Z38.549 E311.57714
G1 X21.616 Y-5.488 Z38.552 E312.08756
G1 X18.882 Y-4.483 Z38.56 E313.45738
G1 X16.243 Y-3.615 Z38.567 E314.76382
G1 X13.828 Y-1.805 Z38.575 E316.18308
G1 X15.4 Y0.183 Z38.582 E317.37494
G1 X17.938 Y0.539 Z38.589 E318.58016
G1 X20.894 Y0.923 Z38.597 E319.98194
G1 X23.466 Y1.445 Z38.604 E321.21612
G1 X22.933 Y2.746 Z38.608 E321.87729
G1 X23.152 Y3.128 Z38.609 E322.08436
G1 X22.068 Y3.199 Z38.612 E322.59522
G1 X19.162 Y3.083 Z38.62 E323.9629
G1 X16.39 Y2.876 Z38.627 E325.27011
G1 X13.387 Y3.581 Z38.635 E326.72071
G1 X14.159 Y6.062 Z38.642 E327.94262
G1 X16.368 Y7.361 Z38.649 E329.14773
G1 X18.941 Y8.844 Z38.657 E330.54432
G1 X21.125 Y10.316 Z38.664 E331.78288
G1 X20.133 Y11.312 Z38.668 E332.44395
G1 X20.193 Y11.75 Z38.669 E332.65185
G1 X19.166 Y11.402 Z38.672 E333.16179
G1 X16.517 Y10.179 Z38.68 E334.53388
G1 X14.04 Y8.929 Z38.688 E335.83865
G1 X10.938 Y8.363 Z38.696 E337.32149
G1 X10.762 Y11.019 Z38.703 E338.57326
G1 X12.305 Y13.065 Z38.71 E339.77837
G1 X14.116 Y15.422 Z38.718 E341.17618
G1 X15.569 Y17.616 Z38.725 E342.41369
G1 X14.272 Y18.154 Z38.729 E343.07402
G1 X14.161 Y18.582 Z38.73 E343.28195
G1 X13.342 Y17.866 Z38.733 E343.79353
G1 X11.372 Y15.735 Z38.741 E345.15828
G1 X9.555 Y13.624 Z38.748 E346.4681
G1 X6.882 Y11.823 Z38.757 E347.98383
G1 X5.726 Y14.298 Z38.764 E349.26843
G1 X6.368 Y16.779 Z38.771 E350.47359
G1 X7.14 Y19.65 Z38.779 E351.87168
G1 X7.642 Y22.233 Z38.786 E353.1091
G1 X6.238 Y22.23 Z38.79 E353.76936
G1 X5.972 Y22.587 Z38.791 E353.97872
G1 X5.491 Y21.615 Z38.794 E354.48873
G1 X4.483 Y18.882 Z38.802 E355.85859
G1 X3.614 Y16.243 Z38.809 E357.16518
G1 X1.843 Y13.467 Z38.818 E358.71367
G1 X-.18 Y15.401 Z38.826 E360.02982
G1 X-.537 Y17.938 Z38.833 E361.23464
G1 X-.924 Y20.894 Z38.841 E362.63661
G1 X-1.448 Y23.465 Z38.848 E363.87051
G1 X-2.744 Y22.923 Z38.852 E364.53113
G1 X-3.125 Y23.152 Z38.853 E364.74017
G1 X-3.198 Y22.068 Z38.856 E365.2511
G1 X-3.083 Y19.162 Z38.863 E366.61876
G1 X-2.877 Y16.39 Z38.871 E367.92593
G1 X-3.408 Y13.069 Z38.88 E369.50752
G1 X-6.06 Y14.16 Z38.888 E370.85607
G1 X-7.361 Y16.368 Z38.895 E372.06126
G1 X-8.845 Y18.941 Z38.903 E373.45808
G1 X-10.318 Y21.123 Z38.91 E374.69613
G1 X-11.306 Y20.125 Z38.913 E375.35654
G1 X-11.746 Y20.194 Z38.915 E375.56599
G1 X-11.4 Y19.167 Z38.917 E376.07562
G1 X-10.179 Y16.517 Z38.925 E377.44774
G1 X-8.93 Y14.04 Z38.933 E378.7523
G1 X-8.081 Y10.709 Z38.942 E380.36883
G1 X-11.018 Y10.764 Z38.95 E381.75025
G1 X-13.065 Y12.305 Z38.957 E382.95516
G1 X-15.423 Y14.116 Z38.965 E384.35335
G1 X-17.617 Y15.567 Z38.972 E385.59034
G1 X-18.145 Y14.266 Z38.976 E386.25063
G1 X-18.579 Y14.163 Z38.977 E386.46039
G1 X-17.865 Y13.343 Z38.98 E386.9717
G1 X-15.73 Y11.37 Z38.988 E388.33879
G1 X-13.625 Y9.554 Z38.995 E389.64617
G1 X-11.475 Y6.778 Z39.004 E391.29738
G1 X-14.298 Y5.729 Z39.013 E392.71363
G1 X-16.779 Y6.369 Z39.019 E393.91855
G1 X-19.65 Y7.139 Z39.027 E395.3164
G1 X-22.234 Y7.639 Z39.034 E396.5541
G1 X-22.219 Y6.237 Z39.038 E397.21345
G1 X-22.585 Y5.976 Z39.039 E397.42485
G1 X-21.614 Y5.493 Z39.042 E397.93485
G1 X-18.881 Y4.484 Z39.05 E399.30488
G1 X-16.244 Y3.613 Z39.058 E400.61087
G1 X-13.106 Y1.881 Z39.067 E402.29642
G1 X-15.401 Y-.178 Z39.076 E403.74637
G1 X-17.939 Y-.536 Z39.082 E404.95172
G1 X-20.894 Y-.925 Z39.09 E406.35334
G1 X-23.465 Y-1.451 Z39.098 E407.58744
G1 X-22.912 Y-2.742 Z39.101 E408.24791
G1 X-23.151 Y-3.121 Z39.103 E408.45862
G1 X-22.068 Y-3.196 Z39.105 E408.96914
G1 X-19.161 Y-3.083 Z39.113 E410.33723
G1 X-16.389 Y-2.879 Z39.121 E411.64433
G1 X-12.75 Y-3.236 Z39.131 E413.36384
G1 X-14.161 Y-6.058 Z39.139 E414.84758
G1 X-16.369 Y-7.36 Z39.146 E416.053
G1 X-18.94 Y-8.846 Z39.154 E417.44948
G1 X-21.122 Y-10.321 Z39.161 E418.68805
G1 X-20.116 Y-11.3 Z39.165 E419.34818
G1 X-20.195 Y-11.743 Z39.166 E419.5598
G1 X-19.167 Y-11.399 Z39.169 E420.06958
G1 X-16.516 Y-10.179 Z39.177 E421.44193
G1 X-14.039 Y-8.931 Z39.184 E422.74628
G1 X-10.481 Y-7.799 Z39.194 E424.50212
G1 X-10.766 Y-11.016 Z39.203 E426.02089
G1 X-12.306 Y-13.064 Z39.21 E427.2259
G1 X-14.115 Y-15.423 Z39.218 E428.6239
G1 X-15.564 Y-17.619 Z39.225 E429.86115
G1 X-14.261 Y-18.136 Z39.229 E430.52038
G1 X-14.166 Y-18.576 Z39.23 E430.73206
G1 X-13.345 Y-17.863 Z39.233 E431.24342
G1 X-11.373 Y-15.734 Z39.241 E432.60812
G1 X-9.553 Y-13.625 Z39.248 E433.91815
G1 X-6.674 Y-11.127 Z39.258 E435.71064
G1 X-5.732 Y-14.297 Z39.267 E437.26581
G1 X-6.37 Y-16.779 Z39.274 E438.47095
G1 X-7.139 Y-19.651 Z39.282 E439.86913
G1 X-7.636 Y-22.234 Z39.289 E441.10611
G1 X-6.235 Y-22.209 Z39.293 E441.76506
G1 X-5.979 Y-22.583 Z39.294 E441.97819
G1 X-5.495 Y-21.613 Z39.297 E442.48798
G1 X-4.491 Y-18.9 Z39.305 E443.84837
G1 X-3.612 Y-16.244 Z39.312 E445.16402
G1 X-1.918 Y-12.745 Z39.323 E446.99218
G1 X0.175 Y-15.402 Z39.332 E448.58278
G1 X0.535 Y-17.939 Z39.339 E449.7878
G1 X0.926 Y-20.894 Z39.347 E451.18955
G1 X1.453 Y-23.464 Z39.354 E452.42328
G1 X2.74 Y-22.902 Z39.357 E453.0837
G1 X3.118 Y-23.151 Z39.359 E453.29656
G1 X3.195 Y-22.068 Z39.362 E453.80714
G1 X3.083 Y-19.161 Z39.369 E455.17522
G1 X2.88 Y-16.389 Z39.377 E456.48229
G1 X3.063 Y-12.432 Z39.388 E458.34512
G1 X6.056 Y-14.163 Z39.397 E459.97107
G1 X7.36 Y-16.369 Z39.404 E461.17616
G1 X8.848 Y-18.942 Z39.412 E462.57393
G1 X10.323 Y-21.12 Z39.419 E463.81094
G1 X11.294 Y-20.108 Z39.423 E464.47048
G1 X11.74 Y-20.196 Z39.424 E464.68427
G1 X11.397 Y-19.168 Z39.427 E465.1939
G1 X10.179 Y-16.516 Z39.435 E466.56629
G1 X8.933 Y-14.038 Z39.442 E467.87063
G1 X7.518 Y-10.252 Z39.453 E469.77134
G1 X11.015 Y-10.768 Z39.462 E471.43366
G1 X13.064 Y-12.307 Z39.469 E472.63877
G1 X15.424 Y-14.115 Z39.477 E474.03685
G1 X17.621 Y-15.562 Z39.484 E475.27398
G1 X18.127 Y-14.255 Z39.488 E475.93307
G1 X18.573 Y-14.168 Z39.489 E476.14676
G1 X17.862 Y-13.346 Z39.492 E476.65786
G1 X15.733 Y-11.373 Z39.5 E478.02288
;TIME_ELAPSED:373.233350
;LAYER:39
;TYPE:WALL-OUTER
;MESH:ceramic_two_component_3mm_nozzle_v4.stl
G1 X13.874 Y-9.766 Z39.506 E479.17846
G1 X11.071 Y-6.856 Z39.517 E481.07852
G1 X14.613 Y-5.817 Z39.527 E482.81439
G1 X17.087 Y-6.455 Z39.533 E484.01589
G1 X19.929 Y-7.194 Z39.541 E485.39683
G1 X22.245 Y-7.638 Z39.547 E486.5058
G1 X22.325 Y-6.162 Z39.551 E487.20093
G1 X22.594 Y-5.984 Z39.552 E487.35262
G1 X21.844 Y-5.609 Z39.554 E487.74695
G1 X19.179 Y-4.59 Z39.561 E489.08869
G1 X16.555 Y-3.71 Z39.568 E490.39022
G1 X12.855 Y-2.091 Z39.579 E492.28948
G1 X15.725 Y0.211 Z39.588 E494.01965
G1 X18.256 Y0.57 Z39.595 E495.22181
G1 X21.174 Y0.977 Z39.603 E496.60733
G1 X23.489 Y1.454 Z39.609 E497.71886
G1 X22.991 Y2.846 Z39.613 E498.4141
G1 X23.179 Y3.122 Z39.614 E498.57115
G1 X22.329 Y3.184 Z39.616 E498.97194
G1 X19.489 Y3.104 Z39.623 E500.30802
G1 X16.714 Y2.913 Z39.631 E501.61609
G1 X12.677 Y2.997 Z39.641 E503.51497
G1 X14.449 Y6.211 Z39.651 E505.2409
G1 X16.651 Y7.512 Z39.657 E506.44366
G1 X19.19 Y9.003 Z39.665 E507.82832
G1 X21.157 Y10.338 Z39.671 E508.94625
G1 X20.163 Y11.423 Z39.675 E509.63824
G1 X20.232 Y11.764 Z39.676 E509.80185
G1 X19.408 Y11.491 Z39.678 E510.21006
G1 X16.783 Y10.314 Z39.686 E511.56292
G1 X14.325 Y9.092 Z39.693 E512.8538
G1 X10.563 Y7.631 Z39.703 E514.75167
G1 X10.976 Y11.265 Z39.713 E516.47162
G1 X12.512 Y13.309 Z39.719 E517.67399
G1 X14.285 Y15.655 Z39.727 E519.05686
G1 X15.601 Y17.658 Z39.733 E520.18392
G1 X14.269 Y18.273 Z39.737 E520.87386
G1 X14.2 Y18.623 Z39.738 E521.04162
G1 X13.528 Y18.044 Z39.74 E521.45876
G1 X11.579 Y15.978 Z39.748 E522.79442
G1 X9.753 Y13.885 Z39.755 E524.10062
G1 X6.834 Y11.094 Z39.765 E525.99983
G1 X5.836 Y14.608 Z39.775 E527.7177
G1 X6.47 Y17.083 Z39.782 E528.91919
G1 X7.21 Y19.926 Z39.789 E530.3007
G1 X7.662 Y22.296 Z39.795 E531.43532
G1 X6.199 Y22.349 Z39.799 E532.12377
G1 X5.995 Y22.655 Z39.8 E532.29671
G1 X5.591 Y21.853 Z39.803 E532.71902
G1 X4.576 Y19.183 Z39.81 E534.06229
G1 X3.694 Y16.56 Z39.817 E535.36367
G1 X2.061 Y12.868 Z39.828 E537.26214
G1 X-.192 Y15.728 Z39.837 E538.97429
G1 X-.555 Y18.258 Z39.844 E540.17625
G1 X-.96 Y21.178 Z39.851 E541.56257
G1 X-1.452 Y23.546 Z39.858 E542.69994
G1 X-2.821 Y23.028 Z39.862 E543.38828
G1 X-3.135 Y23.239 Z39.863 E543.56618
G1 X-3.204 Y22.33 Z39.865 E543.99489
G1 X-3.12 Y19.496 Z39.872 E545.3282
G1 X-2.929 Y16.713 Z39.88 E546.64003
G1 X-3.03 Y12.678 Z39.89 E548.53815
G1 X-6.195 Y14.459 Z39.9 E550.24601
G1 X-7.499 Y16.659 Z39.906 E551.44867
G1 X-8.987 Y19.197 Z39.914 E552.83221
G1 X-10.358 Y21.211 Z39.92 E553.97795
G1 X-11.414 Y20.206 Z39.924 E554.6635
G1 X-11.799 Y20.284 Z39.925 E554.84823
G1 X-11.509 Y19.401 Z39.927 E555.28529
G1 X-10.325 Y16.769 Z39.935 E556.6425
G1 X-9.106 Y14.318 Z39.942 E557.92981
G1 X-7.661 Y10.552 Z39.953 E559.82672
G1 X-11.253 Y10.992 Z39.962 E561.52854
G1 X-13.3 Y12.524 Z39.969 E562.73092
G1 X-15.645 Y14.299 Z39.976 E564.11398
G1 X-17.697 Y15.643 Z39.983 E565.26753
G1 X-18.282 Y14.311 Z39.986 E565.95167
G1 X-18.675 Y14.233 Z39.987 E566.14009
G1 X-18.059 Y13.515 Z39.99 E566.58498
G1 X-15.988 Y11.568 Z39.997 E567.92171
G1 X-13.895 Y9.741 Z40.005 E569.22822
G1 X-11.118 Y6.811 Z40.015 E571.12664
G1 X-14.603 Y5.855 Z40.024 E572.82605
G1 X-17.079 Y6.485 Z40.031 E574.02753
G1 X-19.923 Y7.227 Z40.039 E575.40974
G1 X-22.348 Y7.685 Z40.045 E576.57029
G1 X-22.373 Y6.235 Z40.049 E577.25228
G1 X-22.716 Y6.006 Z40.05 E577.44623
G1 X-21.861 Y5.574 Z40.052 E577.89671
G1 X-19.19 Y4.561 Z40.06 E579.24009
G1 X-16.565 Y3.679 Z40.067 E580.54236
G1 X-12.882 Y2.031 Z40.078 E582.43983
G1 X-15.73 Y-.173 Z40.087 E584.13336
G1 X-18.26 Y-.54 Z40.094 E585.33558
G1 X-21.181 Y-.944 Z40.101 E586.7223
G1 X-23.603 Y-1.451 Z40.108 E587.88597
G1 X-23.065 Y-2.797 Z40.112 E588.56764
G1 X-23.299 Y-3.149 Z40.113 E588.76641
G1 X-22.331 Y-3.223 Z40.115 E589.22296
G1 X-19.487 Y-3.135 Z40.123 E590.56103
G1 X-16.712 Y-2.945 Z40.13 E591.86908
G1 X-12.679 Y-3.063 Z40.14 E593.76647
G1 X-14.469 Y-6.178 Z40.15 E595.45598
G1 X-16.666 Y-7.486 Z40.156 E596.6584
G1 X-19.209 Y-8.975 Z40.164 E598.0442
G1 X-21.265 Y-10.378 Z40.17 E599.21473
G1 X-20.25 Y-11.405 Z40.174 E599.89377
G1 X-20.335 Y-11.834 Z40.175 E600.09943
G1 X-19.395 Y-11.528 Z40.178 E600.56431
G1 X-16.77 Y-10.342 Z40.185 E601.91891
G1 X-14.311 Y-9.12 Z40.193 E603.21021
G1 X-10.54 Y-7.691 Z40.203 E605.10664
G1 X-11.008 Y-11.241 Z40.212 E606.79053
G1 X-12.536 Y-13.29 Z40.219 E607.99253
G1 X-14.314 Y-15.636 Z40.227 E609.37682
G1 X-15.685 Y-17.736 Z40.233 E610.55621
G1 X-14.354 Y-18.29 Z40.237 E611.23419
G1 X-14.266 Y-18.727 Z40.238 E611.44382
G1 X-13.502 Y-18.074 Z40.241 E611.91645
G1 X-11.563 Y-16.007 Z40.248 E613.24924
G1 X-9.729 Y-13.905 Z40.255 E614.5611
G1 X-6.788 Y-11.141 Z40.266 E616.45908
G1 X-5.874 Y-14.598 Z40.275 E618.14065
G1 X-6.5 Y-17.075 Z40.282 E619.34213
G1 X-7.244 Y-19.92 Z40.289 E620.72502
G1 X-7.709 Y-22.4 Z40.296 E621.9116
G1 X-6.272 Y-22.398 Z40.3 E622.58738
G1 X-6.017 Y-22.777 Z40.301 E622.80219
G1 X-5.556 Y-21.87 Z40.304 E623.28066
G1 X-4.546 Y-19.195 Z40.311 E624.6253
G1 X-3.663 Y-16.57 Z40.318 E625.92771
G1 X-2.001 Y-12.895 Z40.329 E627.82446
G1 X0.154 Y-15.733 Z40.338 E629.50023
G1 X0.525 Y-18.263 Z40.345 E630.70273
G1 X0.927 Y-21.185 Z40.352 E632.08978
G1 X1.449 Y-23.66 Z40.359 E633.2793
G1 X2.772 Y-23.101 Z40.363 E633.95472
G1 X3.162 Y-23.359 Z40.364 E634.17462
G1 X3.243 Y-22.332 Z40.366 E634.65908
G1 X3.151 Y-19.494 Z40.374 E635.9944
G1 X2.961 Y-16.711 Z40.381 E637.30619
G1 X3.096 Y-12.68 Z40.392 E639.2029
G1 X6.161 Y-14.479 Z40.401 E640.8742
G1 X7.473 Y-16.674 Z40.408 E642.07677
G1 X8.964 Y-19.222 Z40.415 E643.46508
G1 X10.398 Y-21.318 Z40.422 E644.65937
G1 X11.397 Y-20.294 Z40.426 E645.33212
G1 X11.869 Y-20.386 Z40.427 E645.55827
G1 X11.546 Y-19.389 Z40.43 E646.05111
G1 X10.357 Y-16.764 Z40.437 E647.40629
G1 X9.134 Y-14.304 Z40.444 E648.69822
G1 X7.722 Y-10.528 Z40.455 E650.59403
G1 X11.23 Y-11.024 Z40.464 E652.26013
G1 X13.281 Y-12.549 Z40.471 E653.46205
G1 X15.627 Y-14.328 Z40.478 E654.84662
G1 X17.775 Y-15.726 Z40.485 E656.05185
G1 X18.299 Y-14.397 Z40.489 E656.72366
G1 X18.779 Y-14.3 Z40.49 E656.95395
G1 X18.089 Y-13.489 Z40.493 E657.4547
G1 X16.01 Y-11.544 Z40.5 E658.79353
;TIME_ELAPSED:383.120349
;LAYER:40
;TYPE:WALL-OUTER
;MESH:ceramic_two_component_3mm_nozzle_v4.stl
G1 X14.381 Y-10.122 Z40.506 E659.8104
G1 X11.635 Y-7.267 Z40.516 E661.67325
G1 X15.179 Y-6.042 Z40.526 E663.43662
G1 X17.665 Y-6.672 Z40.533 E664.64266
G1 X20.497 Y-7.371 Z40.541 E666.01442
G1 X22.463 Y-7.737 Z40.546 E666.95484
G1 X22.678 Y-6.147 Z40.55 E667.70937
G1 X22.852 Y-6.031 Z40.551 E667.80771
G1 X22.368 Y-5.783 Z40.552 E668.06346
G1 X19.747 Y-4.733 Z40.56 E669.39126
G1 X17.163 Y-3.841 Z40.567 E670.67679
G1 X13.538 Y-2.249 Z40.578 E672.53865
G1 X16.336 Y0.217 Z40.588 E674.29256
G1 X18.875 Y0.588 Z40.594 E675.49924
G1 X21.761 Y1.024 Z40.602 E676.87183
G1 X23.746 Y1.446 Z40.608 E677.82617
G1 X23.323 Y2.988 Z40.612 E678.57811
G1 X23.451 Y3.182 E678.6874
G1 X22.883 Y3.228 Z40.614 E678.95539
G1 X20.049 Y3.192 Z40.621 E680.28823
G1 X17.325 Y3.027 Z40.629 E681.57158
G1 X13.367 Y3.117 Z40.639 E683.43337
G1 X15.013 Y6.446 Z40.649 E685.1798
G1 X17.216 Y7.761 Z40.656 E686.38632
G1 X19.704 Y9.259 Z40.664 E687.75205
G1 X21.415 Y10.435 Z40.669 E688.7284
G1 X20.429 Y11.681 Z40.673 E689.47562
G1 X20.478 Y11.933 Z40.674 E689.59635
G1 X19.906 Y11.75 Z40.676 E689.87878
G1 X17.313 Y10.636 Z40.683 E691.20594
G1 X14.844 Y9.433 Z40.69 E692.49752
G1 X11.154 Y8.012 Z40.701 E694.35702
G1 X11.412 Y11.695 Z40.711 E696.09326
G1 X12.942 Y13.753 Z40.717 E697.29922
G1 X14.67 Y16.092 Z40.725 E698.66678
G1 X15.814 Y17.857 Z40.731 E699.6559
G1 X14.426 Y18.615 Z40.735 E700.39962
G1 X14.37 Y18.888 Z40.736 E700.53068
G1 X13.887 Y18.481 Z40.737 E700.82771
G1 X11.905 Y16.441 Z40.745 E702.16527
G1 X10.099 Y14.402 Z40.752 E703.44619
G1 X7.227 Y11.678 Z40.763 E705.30767
G1 X6.077 Y15.17 Z40.772 E707.03659
G1 X6.701 Y17.658 Z40.779 E708.24285
G1 X7.407 Y20.491 Z40.787 E709.61586
G1 X7.788 Y22.577 Z40.793 E710.61306
G1 X6.224 Y22.731 Z40.797 E711.35211
G1 X6.054 Y22.982 Z40.798 E711.49467
G1 X5.746 Y22.387 Z40.799 E711.80975
G1 X4.7 Y19.747 Z40.807 E713.14515
G1 X3.812 Y17.172 Z40.814 E714.42606
G1 X2.197 Y13.562 Z40.825 E716.28586
G1 X-.181 Y16.341 Z40.834 E718.00589
G1 X-.558 Y18.879 Z40.841 E719.21252
G1 X-.989 Y21.769 Z40.849 E720.58661
G1 X-1.443 Y23.871 Z40.855 E721.59791
G1 X-2.936 Y23.401 Z40.859 E722.33398
G1 X-3.21 Y23.581 Z40.86 E722.48815
G1 X-3.27 Y22.886 Z40.862 E722.8162
G1 X-3.224 Y20.042 Z40.869 E724.15381
G1 X-3.059 Y17.323 Z40.876 E725.43481
G1 X-3.175 Y13.369 Z40.887 E727.29504
G1 X-6.415 Y15.032 Z40.897 E729.00769
G1 X-7.735 Y17.231 Z40.903 E730.21381
G1 X-9.23 Y19.724 Z40.911 E731.58082
G1 X-10.479 Y21.531 Z40.917 E732.61383
G1 X-11.663 Y20.521 Z40.921 E733.34569
G1 X-12.009 Y20.587 Z40.922 E733.51133
G1 X-11.79 Y19.893 Z40.924 E733.85356
G1 X-10.665 Y17.301 Z40.931 E735.18235
G1 X-9.461 Y14.83 Z40.939 E736.47498
G1 X-8.066 Y11.133 Z40.949 E738.3332
G1 X-11.674 Y11.442 Z40.959 E740.03613
G1 X-13.736 Y12.966 Z40.966 E741.24192
G1 X-16.072 Y14.7 Z40.973 E742.61003
G1 X-17.943 Y15.905 Z40.979 E743.65659
G1 X-18.634 Y14.517 Z40.983 E744.38573
G1 X-19 Y14.441 Z40.984 E744.56152
G1 X-18.512 Y13.859 Z40.986 E744.9187
G1 X-16.47 Y11.889 Z40.994 E746.25301
G1 X-14.422 Y10.075 Z41.001 E747.53959
G1 X-11.72 Y7.187 Z41.012 E749.39945
G1 X-15.162 Y6.113 Z41.021 E751.09507
G1 X-17.65 Y6.73 Z41.028 E752.30054
G1 X-20.485 Y7.442 Z41.036 E753.67514
G1 X-22.691 Y7.839 Z41.042 E754.72921
G1 X-22.783 Y6.301 Z41.046 E755.45377
G1 X-23.112 Y6.078 Z41.047 E755.64068
G1 X-22.406 Y5.709 Z41.049 E756.0153
G1 X-19.769 Y4.674 Z41.057 E757.34749
G1 X-17.182 Y3.782 Z41.064 E758.63436
G1 X-13.586 Y2.144 Z41.074 E760.4926
G1 X-16.347 Y-.145 Z41.084 E762.17919
G1 X-18.883 Y-.529 Z41.091 E763.38538
G1 X-21.776 Y-.955 Z41.099 E764.76053
G1 X-23.997 Y-1.439 Z41.105 E765.8295
G1 X-23.48 Y-2.885 Z41.109 E766.55166
G1 X-23.711 Y-3.238 Z41.11 E766.75005
G1 X-22.889 Y-3.311 Z41.112 E767.13813
G1 X-20.047 Y-3.255 Z41.12 E768.47488
G1 X-17.32 Y-3.09 Z41.127 E769.75964
G1 X-13.371 Y-3.233 Z41.137 E771.61794
G1 X-15.051 Y-6.383 Z41.147 E773.29679
G1 X-17.246 Y-7.709 Z41.154 E774.50275
G1 X-19.744 Y-9.201 Z41.161 E775.87106
G1 X-21.648 Y-10.524 Z41.167 E776.96138
G1 X-20.612 Y-11.646 Z41.172 E777.67955
G1 X-20.695 Y-12.085 Z41.173 E777.88965
G1 X-19.88 Y-11.83 Z41.175 E778.29124
G1 X-17.287 Y-10.693 Z41.182 E779.62271
G1 X-14.816 Y-9.489 Z41.19 E780.91534
G1 X-11.113 Y-8.12 Z41.2 E782.77193
G1 X-11.471 Y-11.652 Z41.21 E784.44142
G1 X-12.989 Y-13.718 Z41.217 E785.64705
G1 X-14.733 Y-16.058 Z41.224 E787.01948
G1 X-15.996 Y-18.029 Z41.23 E788.12034
G1 X-14.609 Y-18.652 Z41.235 E788.83538
G1 X-14.513 Y-19.112 Z41.236 E789.05636
G1 X-13.832 Y-18.544 Z41.238 E789.47339
G1 X-11.859 Y-16.484 Z41.246 E790.81478
G1 X-10.052 Y-14.442 Z41.253 E792.09707
G1 X-7.147 Y-11.763 Z41.263 E793.95542
G1 X-6.148 Y-15.153 Z41.273 E795.6174
G1 X-6.759 Y-17.643 Z41.28 E796.8231
G1 X-7.477 Y-20.478 Z41.287 E798.1984
G1 X-7.891 Y-22.805 Z41.294 E799.30989
G1 X-6.379 Y-22.835 Z41.298 E800.02107
G1 X-6.101 Y-23.243 Z41.299 E800.25325
G1 X-5.672 Y-22.424 Z41.301 E800.68803
G1 X-4.64 Y-19.769 Z41.309 E802.02759
G1 X-3.752 Y-17.192 Z41.316 E803.3094
G1 X-2.091 Y-13.61 Z41.327 E805.16618
G1 X0.109 Y-16.352 Z41.336 E806.81939
G1 X0.499 Y-18.887 Z41.343 E808.02554
G1 X0.92 Y-21.784 Z41.351 E809.40221
G1 X1.436 Y-24.122 Z41.357 E810.52815
G1 X2.833 Y-23.558 Z41.361 E811.23663
G1 X3.266 Y-23.842 Z41.362 E811.48014
G1 X3.353 Y-22.892 Z41.365 E811.92877
G1 X3.286 Y-20.046 Z41.373 E813.26751
G1 X3.121 Y-17.318 Z41.38 E814.55274
G1 X3.29 Y-13.373 Z41.39 E816.40964
G1 X6.351 Y-15.07 Z41.4 E818.05554
G1 X7.683 Y-17.261 Z41.406 E819.26135
G1 X9.175 Y-19.77 Z41.414 E820.63411
G1 X10.569 Y-21.765 Z41.421 E821.77863
G1 X11.628 Y-20.704 Z41.425 E822.48359
G1 X12.161 Y-20.804 Z41.426 E822.73861
G1 X11.87 Y-19.867 Z41.429 E823.20001
G1 X10.722 Y-17.274 Z41.436 E824.53357
G1 X9.517 Y-14.802 Z41.443 E825.82683
G1 X8.174 Y-11.093 Z41.454 E827.68187
G1 X11.63 Y-11.501 Z41.463 E829.31839
G1 X13.7 Y-13.013 Z41.47 E830.52387
G1 X16.034 Y-14.759 Z41.478 E831.8946
G1 X18.115 Y-16.086 Z41.484 E833.05526
G1 X18.671 Y-14.701 Z41.488 E833.7571
G1 X19.224 Y-14.585 Z41.49 E834.02282
G1 X18.576 Y-13.805 Z41.492 E834.4997
G1 X16.513 Y-11.843 Z41.5 E835.83854
;TIME_ELAPSED:392.802852
;LAYER:41
;TYPE:WALL-OUTER
;MESH:ceramic_two_component_3mm_nozzle_v4.stl
G1 X15.088 Y-10.581 Z41.505 E836.73369
G1 X12.418 Y-7.778 Z41.516 E838.55415
G1 X15.941 Y-6.378 Z41.526 E840.33692
G1 X18.443 Y-6.994 Z41.533 E841.54866
G1 X21.249 Y-7.65 Z41.541 E842.90381
G1 X22.926 Y-7.945 Z41.545 E843.70455
G1 X23.239 Y-6.224 Z41.55 E844.52715
G1 X23.383 Y-6.127 E844.6088
G1 X23.111 Y-5.983 Z41.551 E844.75353
G1 X20.593 Y-4.921 Z41.559 E846.03867
G1 X17.992 Y-3.992 Z41.566 E847.33751
G1 X14.455 Y-2.416 Z41.577 E849.15849
G1 X17.171 Y0.194 Z41.587 E850.92988
G1 X19.716 Y0.584 Z41.594 E852.14068
G1 X22.554 Y1.049 Z41.601 E853.49309
G1 X24.267 Y1.432 Z41.606 E854.31854
G1 X23.88 Y3.126 Z41.611 E855.1357
G1 X23.994 Y3.299 E855.23313
G1 X23.648 Y3.333 Z41.612 E855.39663
G1 X20.882 Y3.346 Z41.62 E856.6974
G1 X18.149 Y3.21 Z41.627 E857.98422
G1 X14.275 Y3.32 Z41.638 E859.80677
G1 X15.797 Y6.741 Z41.648 E861.56758
G1 X17.997 Y8.077 Z41.655 E862.77799
G1 X20.439 Y9.589 Z41.663 E864.12868
G1 X21.912 Y10.625 Z41.667 E864.97556
G1 X20.898 Y12.022 Z41.672 E865.78733
G1 X20.943 Y12.257 Z41.673 E865.89985
G1 X20.563 Y12.143 Z41.674 E866.08642
G1 X18.004 Y11.091 Z41.681 E867.38755
G1 X15.535 Y9.92 Z41.689 E868.67261
G1 X11.914 Y8.552 Z41.699 E870.49291
G1 X12.024 Y12.264 Z41.709 E872.23931
G1 X13.545 Y14.343 Z41.716 E873.4507
G1 X15.227 Y16.677 Z41.724 E874.80362
G1 X16.21 Y18.231 Z41.729 E875.66835
G1 X14.74 Y19.111 Z41.733 E876.47404
G1 X14.683 Y19.377 Z41.734 E876.60197
G1 X14.343 Y19.1 Z41.735 E876.80821
G1 X12.383 Y17.145 Z41.743 E878.11005
G1 X10.549 Y15.116 Z41.75 E879.39625
G1 X7.723 Y12.477 Z41.761 E881.21458
G1 X6.428 Y15.929 Z41.771 E882.9484
G1 X7.035 Y18.432 Z41.778 E884.1596
G1 X7.7 Y21.24 Z41.785 E885.51663
G1 X8.017 Y23.086 Z41.79 E886.39744
G1 X6.332 Y23.313 Z41.795 E887.197
G1 X6.159 Y23.565 Z41.796 E887.34075
G1 X5.93 Y23.139 Z41.797 E887.56819
G1 X4.879 Y20.608 Z41.805 E888.85697
G1 X3.95 Y18.006 Z41.812 E890.15625
G1 X2.343 Y14.489 Z41.823 E891.97465
G1 X-.143 Y17.179 Z41.832 E893.69715
G1 X-.543 Y19.723 Z41.839 E894.90821
G1 X-1 Y22.565 Z41.847 E896.26187
G1 X-1.426 Y24.442 Z41.852 E897.16701
G1 X-3.055 Y23.99 Z41.857 E897.96201
G1 X-3.338 Y24.174 Z41.858 E898.12076
G1 X-3.393 Y23.653 Z41.859 E898.36712
G1 X-3.391 Y20.881 Z41.867 E899.6707
G1 X-3.253 Y18.146 Z41.874 E900.95851
G1 X-3.401 Y14.278 Z41.885 E902.77883
G1 X-6.697 Y15.824 Z41.894 E904.49087
G1 X-8.04 Y18.018 Z41.901 E905.70058
G1 X-9.548 Y20.468 Z41.909 E907.05349
G1 X-10.687 Y22.076 Z41.914 E907.98016
G1 X-11.998 Y21.027 Z41.919 E908.76975
G1 X-12.362 Y21.094 Z41.92 E908.9438
G1 X-12.2 Y20.546 Z41.922 E909.21253
G1 X-11.132 Y17.986 Z41.929 E910.51698
G1 X-9.959 Y15.516 Z41.936 E911.80286
G1 X-8.627 Y11.886 Z41.947 E913.62122
G1 X-12.234 Y12.066 Z41.957 E915.31958
G1 X-14.318 Y13.578 Z41.964 E916.53039
G1 X-16.649 Y15.27 Z41.971 E917.88492
G1 X-18.351 Y16.338 Z41.977 E918.82984
G1 X-19.138 Y14.868 Z41.981 E919.61396
G1 X-19.533 Y14.784 Z41.982 E919.80387
G1 X-19.145 Y14.305 Z41.984 E920.09376
G1 X-17.176 Y12.35 Z41.992 E921.39861
G1 X-15.145 Y10.516 Z41.999 E922.6855
G1 X-12.536 Y7.669 Z42.009 E924.50149
G1 X-15.917 Y6.479 Z42.019 E926.18707
G1 X-18.422 Y7.077 Z42.026 E927.39819
G1 X-21.231 Y7.75 Z42.034 E928.75655
G1 X-23.246 Y8.089 Z42.039 E929.71745
G1 X-23.387 Y6.44 Z42.044 E930.49575
G1 X-23.747 Y6.192 Z42.045 E930.70133
G1 X-23.167 Y5.877 Z42.047 E931.01171
G1 X-20.624 Y4.837 Z42.054 E932.30374
G1 X-18.02 Y3.909 Z42.062 E933.60375
G1 X-14.523 Y2.271 Z42.072 E935.41973
G1 X-17.187 Y-0.092 Z42.082 E937.09435
G1 X-19.729 Y-.501 Z42.089 E938.30514
G1 X-22.576 Y-.95 Z42.096 E939.66053
G1 X-24.617 Y-1.421 Z42.102 E940.64557
G1 X-24.099 Y-2.983 Z42.107 E941.41946
G1 X-24.355 Y-3.378 Z42.108 E941.64082
G1 X-23.659 Y-3.452 Z42.11 E941.96997
G1 X-20.88 Y-3.435 Z42.117 E943.27686
G1 X-18.143 Y-3.297 Z42.125 E944.56561
G1 X-14.282 Y-3.483 Z42.135 E946.38341
G1 X-15.851 Y-6.653 Z42.145 E948.04676
G1 X-18.04 Y-8.004 Z42.152 E949.25644
G1 X-20.497 Y-9.506 Z42.159 E950.61068
G1 X-22.239 Y-10.749 Z42.165 E951.61705
G1 X-21.155 Y-11.974 Z42.17 E952.38629
G1 X-21.246 Y-12.467 Z42.171 E952.62205
G1 X-20.528 Y-12.257 Z42.173 E952.97384
G1 X-17.968 Y-11.173 Z42.18 E954.2812
G1 X-15.497 Y-9.998 Z42.188 E955.56792
G1 X-11.859 Y-8.703 Z42.198 E957.3839
G1 X-12.108 Y-12.204 Z42.208 E959.03446
G1 X-13.612 Y-14.293 Z42.215 E960.24497
G1 X-15.312 Y-16.622 Z42.223 E961.60095
G1 X-16.465 Y-18.471 Z42.228 E962.62568
G1 X-14.996 Y-19.165 Z42.233 E963.38971
G1 X-14.884 Y-19.688 Z42.234 E963.64123
G1 X-14.266 Y-19.191 Z42.236 E964.01418
G1 X-12.318 Y-17.206 Z42.244 E965.32207
G1 X-10.483 Y-15.174 Z42.251 E966.60962
G1 X-7.615 Y-12.596 Z42.262 E968.42314
G1 X-6.529 Y-15.905 Z42.271 E970.06091
G1 X-7.118 Y-18.412 Z42.278 E971.27197
G1 X-7.8 Y-21.222 Z42.286 E972.63178
G1 X-8.161 Y-23.405 Z42.292 E973.67231
G1 X-6.548 Y-23.461 Z42.296 E974.4313
G1 X-6.225 Y-23.929 Z42.298 E974.69872
G1 X-5.825 Y-23.199 Z42.3 E975.09017
G1 X-4.797 Y-20.646 Z42.307 E976.38443
G1 X-3.868 Y-18.034 Z42.315 E977.68815
G1 X-2.198 Y-14.557 Z42.325 E979.50208
G1 X0.041 Y-17.195 Z42.335 E981.12924
G1 X0.459 Y-19.735 Z42.342 E982.33978
G1 X0.901 Y-22.588 Z42.349 E983.69745
G1 X1.415 Y-24.792 Z42.356 E984.76173
G1 X2.912 Y-24.209 Z42.36 E985.51722
G1 X3.418 Y-24.536 Z42.362 E985.80054
G1 X3.512 Y-23.664 Z42.364 E986.21299
G1 X3.48 Y-20.879 Z42.371 E987.52276
G1 X3.34 Y-18.14 Z42.379 E988.8125
G1 X3.565 Y-14.285 Z42.389 E990.62846
G1 X6.608 Y-15.878 Z42.399 E992.24371
G1 X7.968 Y-18.062 Z42.406 E993.45362
G1 X9.465 Y-20.526 Z42.413 E994.80945
G1 X10.812 Y-22.403 Z42.42 E995.89591
G1 X11.95 Y-21.284 Z42.424 E996.64645
G1 X12.573 Y-21.398 Z42.426 E996.94429
G1 X12.313 Y-20.51 Z42.428 E997.37942
G1 X11.214 Y-17.95 Z42.436 E998.68954
G1 X10.037 Y-15.477 Z42.443 E999.97751
G1 X8.779 Y-11.831 Z42.453 E1001.79129
G1 X12.173 Y-12.15 Z42.463 E1003.39441
G1 X14.268 Y-13.646 Z42.47 E1004.60501
G1 X16.595 Y-15.355 Z42.477 E1005.96274
G1 X18.59 Y-16.593 Z42.484 E1007.06688
G1 X19.192 Y-15.124 Z42.488 E1007.81345
G1 X19.844 Y-14.984 Z42.49 E1008.12706
G1 X19.237 Y-14.228 Z42.492 E1008.58299
G1 X17.237 Y-12.285 Z42.5 E1009.89429
;TIME_ELAPSED:402.322216
;LAYER:42
;TYPE:WALL-OUTER
;MESH:ceramic_two_component_3mm_nozzle_v4.stl
G1 X15.662 Y-10.864 Z42.506 E1010.89186
G1 X13.118 Y-8.087 Z42.516 E1012.66293
G1 X16.493 Y-6.716 Z42.526 E1014.37604
G1 X18.985 Y-7.3 Z42.533 E1015.57969
G1 X21.738 Y-7.933 Z42.54 E1016.90811
G1 X23.553 Y-8.228 Z42.545 E1017.77284
G1 X23.751 Y-6.495 Z42.55 E1018.59312
G1 X24.097 Y-6.255 Z42.551 E1018.79114
G1 X23.652 Y-6.011 Z42.553 E1019.0298
G1 X21.166 Y-4.959 Z42.56 E1020.29925
G1 X18.63 Y-4.036 Z42.567 E1021.56838
G1 X15.223 Y-2.439 Z42.578 E1023.33785
G1 X17.808 Y0.095 Z42.587 E1025.04015
G1 X20.335 Y0.512 Z42.594 E1026.24458
G1 X23.116 Y0.98 Z42.602 E1027.57078
G1 X24.938 Y1.41 Z42.607 E1028.45114
G1 X24.447 Y3.078 Z42.612 E1029.26882
G1 X24.686 Y3.45 Z42.613 E1029.47676
G1 X24.146 Y3.511 Z42.614 E1029.73231
G1 X21.462 Y3.527 Z42.622 E1030.99453
G1 X18.756 Y3.411 Z42.629 E1032.26824
G1 X14.996 Y3.593 Z42.639 E1034.03851
G1 X16.422 Y6.895 Z42.649 E1035.72994
G1 X18.594 Y8.25 Z42.656 E1036.93382
G1 X20.993 Y9.75 Z42.664 E1038.26437
G1 X22.525 Y10.857 Z42.669 E1039.15321
G1 X21.43 Y12.196 Z42.674 E1039.96664
G1 X21.511 Y12.651 Z42.675 E1040.18398
G1 X20.966 Y12.494 Z42.676 E1040.4507
G1 X18.458 Y11.472 Z42.684 E1041.72429
G1 X16.019 Y10.336 Z42.691 E1042.98957
G1 X12.478 Y9.074 Z42.701 E1044.75738
G1 X12.542 Y12.65 Z42.711 E1046.43932
G1 X14.03 Y14.734 Z42.718 E1047.64353
G1 X15.672 Y17.036 Z42.726 E1048.97326
G1 X16.676 Y18.668 Z42.731 E1049.87433
G1 X15.154 Y19.472 Z42.735 E1050.6838
G1 X15.049 Y19.945 Z42.737 E1050.91166
G1 X14.586 Y19.578 Z42.738 E1051.18949
G1 X12.664 Y17.675 Z42.746 E1052.46143
G1 X10.839 Y15.684 Z42.753 E1053.73156
G1 X8.043 Y13.168 Z42.763 E1055.5004
G1 X6.757 Y16.484 Z42.773 E1057.17296
G1 X7.331 Y18.978 Z42.78 E1058.37647
G1 X7.967 Y21.727 Z42.787 E1059.70337
G1 X8.274 Y23.654 Z42.793 E1060.621
G1 X6.566 Y23.8 Z42.797 E1061.42715
G1 X6.276 Y24.214 Z42.799 E1061.66485
G1 X5.975 Y23.672 Z42.8 E1061.9564
G1 X4.929 Y21.178 Z42.808 E1063.22822
G1 X4.004 Y18.641 Z42.815 E1064.49811
G1 X2.38 Y15.252 Z42.825 E1066.26538
G1 X-0.054 Y17.815 Z42.835 E1067.92757
G1 X-.481 Y20.34 Z42.842 E1069.13185
G1 X-.945 Y23.125 Z42.85 E1070.4596
G1 X-1.407 Y25.048 Z42.855 E1071.38965
G1 X-3.031 Y24.52 Z42.86 E1072.19271
G1 X-3.475 Y24.802 Z42.861 E1072.44006
G1 X-3.552 Y24.15 Z42.863 E1072.74881
G1 X-3.56 Y21.461 Z42.87 E1074.01336
G1 X-3.445 Y18.754 Z42.877 E1075.28751
G1 X-3.659 Y15 Z42.888 E1077.05576
G1 X-6.86 Y16.444 Z42.897 E1078.70716
G1 X-8.223 Y18.611 Z42.904 E1079.91104
G1 X-9.721 Y21.014 Z42.912 E1081.24268
G1 X-10.895 Y22.629 Z42.917 E1082.18163
G1 X-12.181 Y21.515 Z42.922 E1082.98174
G1 X-12.719 Y21.608 Z42.923 E1083.2385
G1 X-12.534 Y20.954 Z42.925 E1083.55812
G1 X-11.502 Y18.445 Z42.932 E1084.83393
G1 X-10.367 Y16.004 Z42.94 E1086.09987
G1 X-9.136 Y12.456 Z42.95 E1087.86594
G1 X-12.626 Y12.575 Z42.959 E1089.50812
G1 X-14.715 Y14.056 Z42.966 E1090.71234
G1 X-17.017 Y15.703 Z42.974 E1092.04344
G1 X-18.743 Y16.757 Z42.98 E1092.99449
G1 X-19.491 Y15.238 Z42.984 E1093.79073
G1 X-20.045 Y15.112 Z42.986 E1094.05791
G1 X-19.61 Y14.56 Z42.988 E1094.38842
G1 X-17.697 Y12.641 Z42.995 E1095.66267
G1 X-15.707 Y10.813 Z43.002 E1096.9334
G1 X-13.217 Y7.999 Z43.013 E1098.70042
G1 X-16.475 Y6.797 Z43.022 E1100.33349
G1 X-18.97 Y7.363 Z43.029 E1101.53661
G1 X-21.727 Y8.004 Z43.037 E1102.86772
G1 X-23.755 Y8.32 Z43.042 E1103.83292
G1 X-23.849 Y6.637 Z43.047 E1104.62562
G1 X-24.33 Y6.297 Z43.048 E1104.90262
G1 X-23.692 Y5.938 Z43.05 E1105.24688
G1 X-21.19 Y4.898 Z43.058 E1106.52109
G1 X-18.653 Y3.972 Z43.065 E1107.79114
G1 X-15.281 Y2.32 Z43.075 E1109.55695
G1 X-17.822 Y-0.014 Z43.085 E1111.17949
G1 X-20.345 Y-.449 Z43.091 E1112.38347
G1 X-23.133 Y-.91 Z43.099 E1113.71238
G1 X-25.159 Y-1.403 Z43.105 E1114.69294
G1 X-24.594 Y-2.984 Z43.109 E1115.48248
G1 X-24.918 Y-3.5 Z43.111 E1115.76901
G1 X-24.154 Y-3.593 Z43.113 E1116.13094
G1 X-21.461 Y-3.593 Z43.12 E1117.39737
G1 X-18.752 Y-3.479 Z43.128 E1118.67244
G1 X-15.004 Y-3.724 Z43.138 E1120.43876
G1 X-16.466 Y-6.826 Z43.147 E1122.05143
G1 X-18.628 Y-8.195 Z43.154 E1123.25483
G1 X-21.035 Y-9.692 Z43.162 E1124.58782
G1 X-22.732 Y-10.934 Z43.168 E1125.57676
G1 X-21.6 Y-12.166 Z43.172 E1126.36356
G1 X-21.705 Y-12.787 Z43.174 E1126.65974
G1 X-20.942 Y-12.574 Z43.176 E1127.03227
G1 X-18.432 Y-11.532 Z43.183 E1128.31031
G1 X-15.989 Y-10.397 Z43.191 E1129.57711
G1 X-12.434 Y-9.198 Z43.201 E1131.34142
G1 X-12.609 Y-12.602 Z43.21 E1132.94432
G1 X-14.082 Y-14.696 Z43.217 E1134.14829
G1 X-15.733 Y-16.998 Z43.225 E1135.48048
G1 X-16.838 Y-18.819 Z43.231 E1136.48216
G1 X-15.322 Y-19.509 Z43.235 E1137.26546
G1 X-15.176 Y-20.144 Z43.237 E1137.57187
G1 X-14.534 Y-19.642 Z43.239 E1137.95512
G1 X-12.617 Y-17.72 Z43.246 E1139.23169
G1 X-10.788 Y-15.73 Z43.254 E1140.50275
G1 X-7.955 Y-13.267 Z43.264 E1142.26811
G1 X-6.838 Y-16.465 Z43.273 E1143.86111
G1 X-7.394 Y-18.963 Z43.28 E1145.06458
G1 X-8.039 Y-21.721 Z43.288 E1146.39657
G1 X-8.366 Y-23.856 Z43.294 E1147.4123
G1 X-6.708 Y-23.899 Z43.298 E1148.19226
G1 X-6.318 Y-24.447 Z43.3 E1148.50857
G1 X-5.901 Y-23.712 Z43.302 E1148.90597
G1 X-4.867 Y-21.202 Z43.31 E1150.18257
G1 X-3.939 Y-18.664 Z43.317 E1151.45338
G1 X-2.261 Y-15.309 Z43.327 E1153.21746
G1 X-0.027 Y-17.829 Z43.336 E1154.80115
G1 X0.418 Y-20.35 Z43.343 E1156.00502
G1 X0.875 Y-23.141 Z43.351 E1157.33501
G1 X1.399 Y-25.27 Z43.357 E1158.36609
G1 X2.938 Y-24.667 Z43.361 E1159.14339
G1 X3.526 Y-25.034 Z43.363 E1159.46935
G1 X3.634 Y-24.159 Z43.366 E1159.88396
G1 X3.626 Y-21.46 Z43.373 E1161.15321
G1 X3.513 Y-18.75 Z43.38 E1162.42874
G1 X3.79 Y-15.008 Z43.39 E1164.19328
G1 X6.791 Y-16.488 Z43.4 E1165.76684
G1 X8.168 Y-18.645 Z43.406 E1166.97028
G1 X9.663 Y-21.056 Z43.414 E1168.30437
G1 X10.972 Y-22.836 Z43.42 E1169.34342
G1 X12.151 Y-21.686 Z43.425 E1170.11794
G1 X12.854 Y-21.803 Z43.427 E1170.45308
G1 X12.614 Y-20.93 Z43.429 E1170.87886
G1 X11.562 Y-18.418 Z43.436 E1172.15957
G1 X10.428 Y-15.974 Z43.444 E1173.4266
G1 X9.261 Y-12.413 Z43.454 E1175.18884
G1 X12.578 Y-12.643 Z43.463 E1176.75246
G1 X14.677 Y-14.108 Z43.47 E1177.9562
G1 X16.979 Y-15.764 Z43.478 E1179.28976
G1 X18.894 Y-16.919 Z43.484 E1180.34144
G1 X19.527 Y-15.406 Z43.488 E1181.11271
G1 X20.244 Y-15.24 Z43.49 E1181.45881
G1 X19.674 Y-14.508 Z43.493 E1181.8951
G1 X17.743 Y-12.593 Z43.5 E1183.17401
;TIME_ELAPSED:411.801877
;LAYER:43
;TYPE:WALL-OUTER
;MESH:ceramic_two_component_3mm_nozzle_v4.stl
G1 X16.142 Y-11.12 Z43.506 E1184.19709
G1 X13.73 Y-8.394 Z43.516 E1185.9088
G1 X16.977 Y-6.992 Z43.526 E1187.57202
G1 X19.445 Y-7.54 Z43.533 E1188.7609
G1 X22.126 Y-8.136 Z43.54 E1190.05246
G1 X23.951 Y-8.41 Z43.545 E1190.92031
G1 X24.104 Y-6.662 Z43.55 E1191.74548
G1 X24.557 Y-6.337 Z43.552 E1192.00767
G1 X24.046 Y-6.046 Z43.553 E1192.28421
G1 X21.653 Y-5.018 Z43.561 E1193.509
G1 X19.172 Y-4.09 Z43.568 E1194.75467
G1 X15.901 Y-2.488 Z43.578 E1196.46749
G1 X18.362 Y0.028 Z43.588 E1198.12258
G1 X20.852 Y0.468 Z43.595 E1199.31168
G1 X23.562 Y0.944 Z43.602 E1200.60561
G1 X25.366 Y1.395 Z43.607 E1201.48008
G1 X24.833 Y3.059 Z43.612 E1202.30177
G1 X25.135 Y3.548 Z43.614 E1202.57205
G1 X24.529 Y3.625 Z43.616 E1202.85932
G1 X21.91 Y3.659 Z43.623 E1204.09105
G1 X19.277 Y3.568 Z43.63 E1205.33
G1 X15.643 Y3.804 Z43.64 E1207.04254
G1 X16.959 Y7.046 Z43.65 E1208.68797
G1 X19.089 Y8.408 Z43.657 E1209.87691
G1 X21.411 Y9.885 Z43.664 E1211.17105
G1 X22.92 Y11.003 Z43.669 E1212.05423
G1 X21.788 Y12.328 Z43.674 E1212.87376
G1 X21.881 Y12.909 Z43.676 E1213.15047
G1 X21.276 Y12.745 Z43.678 E1213.44525
G1 X18.832 Y11.768 Z43.685 E1214.68301
G1 X16.441 Y10.68 Z43.692 E1215.91835
G1 X12.995 Y9.517 Z43.702 E1217.62869
G1 X12.98 Y12.994 Z43.712 E1219.26382
G1 X14.424 Y15.069 Z43.719 E1220.45265
G1 X16.001 Y17.313 Z43.726 E1221.74245
G1 X16.979 Y18.95 Z43.732 E1222.6392
G1 X15.427 Y19.731 Z43.736 E1223.45625
G1 X15.287 Y20.318 Z43.738 E1223.74004
G1 X14.766 Y19.917 Z43.74 E1224.04922
G1 X12.915 Y18.108 Z43.747 E1225.26635
G1 X11.098 Y16.163 Z43.754 E1226.51804
G1 X8.354 Y13.777 Z43.764 E1228.22806
G1 X7.029 Y16.969 Z43.774 E1229.85334
G1 X7.567 Y19.439 Z43.781 E1231.04213
G1 X8.164 Y22.122 Z43.788 E1232.33471
G1 X8.444 Y24.024 Z43.794 E1233.23879
G1 X6.716 Y24.143 Z43.799 E1234.05334
G1 X6.352 Y24.643 Z43.8 E1234.34418
G1 X6.017 Y24.062 Z43.802 E1234.65957
G1 X4.991 Y21.663 Z43.809 E1235.88658
G1 X4.061 Y19.182 Z43.817 E1237.13259
G1 X2.432 Y15.929 Z43.827 E1238.84345
G1 X0.01 Y18.369 Z43.836 E1240.46021
G1 X-.44 Y20.857 Z43.843 E1241.64922
G1 X-.916 Y23.569 Z43.851 E1242.94408
G1 X-1.392 Y25.447 Z43.856 E1243.85516
G1 X-3.025 Y24.89 Z43.861 E1244.66655
G1 X-3.567 Y25.22 Z43.863 E1244.96496
G1 X-3.658 Y24.533 Z43.864 E1245.29085
G1 X-3.687 Y21.899 Z43.872 E1246.52961
G1 X-3.599 Y19.276 Z43.879 E1247.76381
G1 X-3.866 Y15.647 Z43.889 E1249.47502
G1 X-7.013 Y16.98 Z43.898 E1251.08223
G1 X-8.384 Y19.104 Z43.905 E1252.27109
G1 X-9.862 Y21.428 Z43.913 E1253.56628
G1 X-11.031 Y22.996 Z43.918 E1254.48603
G1 X-12.317 Y21.853 Z43.923 E1255.29514
G1 X-12.959 Y21.952 Z43.925 E1255.60062
G1 X-12.777 Y21.267 Z43.927 E1255.93392
G1 X-11.789 Y18.81 Z43.934 E1257.17928
G1 X-10.708 Y16.427 Z43.941 E1258.40984
G1 X-9.576 Y12.976 Z43.952 E1260.11781
G1 X-12.972 Y13.011 Z43.961 E1261.71491
G1 X-15.052 Y14.448 Z43.968 E1262.9038
G1 X-17.298 Y16.026 Z43.975 E1264.19464
G1 X-19.004 Y17.038 Z43.981 E1265.12745
G1 X-19.747 Y15.492 Z43.986 E1265.93409
G1 X-20.391 Y15.334 Z43.987 E1266.24592
G1 X-19.943 Y14.746 Z43.99 E1266.59355
G1 X-18.128 Y12.895 Z43.997 E1267.81266
G1 X-16.184 Y11.075 Z44.004 E1269.06497
G1 X-13.825 Y8.313 Z44.014 E1270.77311
G1 X-16.961 Y7.066 Z44.023 E1272.36018
G1 X-19.433 Y7.595 Z44.03 E1273.549
G1 X-22.118 Y8.194 Z44.038 E1274.8427
G1 X-24.096 Y8.478 Z44.043 E1275.78242
G1 X-24.182 Y6.771 Z44.048 E1276.58619
G1 X-24.729 Y6.368 Z44.05 E1276.9057
G1 X-24.079 Y5.989 Z44.052 E1277.25954
G1 X-21.674 Y4.965 Z44.059 E1278.48877
G1 X-19.193 Y4.031 Z44.067 E1279.73544
G1 X-15.957 Y2.376 Z44.077 E1281.4447
G1 X-18.376 Y0.048 Z44.086 E1283.0235
G1 X-20.861 Y-.412 Z44.093 E1284.21196
G1 X-23.576 Y-.887 Z44.1 E1285.50812
G1 X-25.527 Y-1.388 Z44.106 E1286.45538
G1 X-24.946 Y-2.99 Z44.111 E1287.25676
G1 X-25.304 Y-3.586 Z44.113 E1287.58372
G1 X-24.537 Y-3.691 Z44.115 E1287.94777
G1 X-21.909 Y-3.716 Z44.122 E1289.18369
G1 X-19.274 Y-3.63 Z44.129 E1290.4235
G1 X-15.652 Y-3.927 Z44.139 E1292.13252
G1 X-17.001 Y-6.981 Z44.149 E1293.70258
G1 X-19.119 Y-8.359 Z44.156 E1294.89086
G1 X-21.446 Y-9.838 Z44.163 E1296.18749
G1 X-23.071 Y-11.058 Z44.169 E1297.14307
G1 X-21.918 Y-12.307 Z44.173 E1297.94244
G1 X-22.023 Y-13.009 Z44.175 E1298.27624
G1 X-21.258 Y-12.808 Z44.178 E1298.6482
G1 X-18.81 Y-11.82 Z44.185 E1299.88964
G1 X-16.414 Y-10.736 Z44.192 E1301.12634
G1 X-12.957 Y-9.635 Z44.202 E1302.83251
G1 X-13.042 Y-12.95 Z44.211 E1304.39195
G1 X-14.471 Y-15.035 Z44.218 E1305.58065
G1 X-16.051 Y-17.283 Z44.226 E1306.8728
G1 X-17.098 Y-19.059 Z44.232 E1307.84232
G1 X-15.556 Y-19.762 Z44.236 E1308.63927
G1 X-15.381 Y-20.464 Z44.238 E1308.9795
G1 X-14.726 Y-19.968 Z44.24 E1309.36588
G1 X-12.874 Y-18.148 Z44.248 E1310.58697
G1 X-11.052 Y-16.205 Z44.255 E1311.83958
G1 X-8.272 Y-13.872 Z44.265 E1313.54628
G1 X-7.104 Y-16.953 Z44.274 E1315.09579
G1 X-7.623 Y-19.426 Z44.281 E1316.28409
G1 X-8.223 Y-22.114 Z44.289 E1317.57928
G1 X-8.512 Y-24.169 Z44.294 E1318.55518
G1 X-6.826 Y-24.222 Z44.299 E1319.34844
G1 X-6.383 Y-24.815 Z44.301 E1319.69653
G1 X-5.96 Y-24.095 Z44.303 E1320.08923
G1 X-4.939 Y-21.684 Z44.311 E1321.32052
G1 X-4.002 Y-19.203 Z44.318 E1322.56768
G1 X-2.319 Y-15.986 Z44.328 E1324.27505
G1 X-0.086 Y-18.383 Z44.337 E1325.81562
G1 X0.383 Y-20.866 Z44.344 E1327.00394
G1 X0.859 Y-23.584 Z44.352 E1328.30157
G1 X1.385 Y-25.607 Z44.357 E1329.28455
G1 X2.955 Y-25.003 Z44.362 E1330.07562
G1 X3.605 Y-25.389 Z44.364 E1330.43113
G1 X3.724 Y-24.541 Z44.366 E1330.83382
G1 X3.744 Y-21.909 Z44.374 E1332.0716
G1 X3.66 Y-19.273 Z44.381 E1333.31185
G1 X3.989 Y-15.657 Z44.391 E1335.01935
G1 X6.949 Y-17.022 Z44.4 E1336.55222
G1 X8.335 Y-19.134 Z44.407 E1337.74019
G1 X9.814 Y-21.464 Z44.415 E1339.03802
G1 X11.086 Y-23.146 Z44.42 E1340.02972
G1 X12.296 Y-21.984 Z44.425 E1340.81864
G1 X13.059 Y-22.095 Z44.427 E1341.18123
G1 X12.839 Y-21.249 Z44.43 E1341.59231
G1 X11.846 Y-18.799 Z44.437 E1342.8355
G1 X10.764 Y-16.401 Z44.444 E1344.07267
G1 X9.693 Y-12.937 Z44.454 E1345.77776
G1 X12.928 Y-13.073 Z44.463 E1347.30041
G1 X15.019 Y-14.494 Z44.47 E1348.48931
G1 X17.268 Y-16.077 Z44.478 E1349.78266
G1 X19.113 Y-17.157 Z44.484 E1350.78802
G1 X19.777 Y-15.621 Z44.488 E1351.57495
G1 X20.537 Y-15.428 Z44.49 E1351.9437
G1 X19.994 Y-14.706 Z44.493 E1352.36854
G1 X18.168 Y-12.854 Z44.5 E1353.5916
;TIME_ELAPSED:421.127343
;LAYER:44
;TYPE:WALL-OUTER
;MESH:ceramic_two_component_3mm_nozzle_v4.stl
G1 X16.518 Y-11.305 Z44.506 E1354.65589
G1 X14.252 Y-8.635 Z44.516 E1356.30274
G1 X17.352 Y-7.223 Z44.526 E1357.90467
G1 X19.67 Y-7.706 Z44.533 E1359.01815
G1 X22.368 Y-8.286 Z44.54 E1360.31592
G1 X24.234 Y-8.543 Z44.546 E1361.20172
G1 X24.336 Y-6.816 Z44.551 E1362.01528
G1 X24.892 Y-6.397 Z44.552 E1362.34268
G1 X24.279 Y-6.034 Z44.554 E1362.67771
G1 X21.982 Y-5.036 Z44.562 E1363.85546
G1 X19.589 Y-4.116 Z44.569 E1365.06111
G1 X16.476 Y-2.512 Z44.579 E1366.70795
G1 X18.797 Y-0.043 Z44.588 E1368.30152
G1 X21.124 Y0.402 Z44.595 E1369.41566
G1 X23.834 Y0.898 Z44.603 E1370.71125
G1 X25.669 Y1.382 Z44.608 E1371.6037
G1 X25.099 Y3.011 Z44.613 E1372.4153
G1 X25.455 Y3.619 Z44.615 E1372.74663
G1 X24.738 Y3.722 Z44.617 E1373.08727
G1 X22.235 Y3.765 Z44.624 E1374.26452
G1 X19.673 Y3.701 Z44.631 E1375.46972
G1 X16.187 Y3.997 Z44.641 E1377.11497
G1 X17.386 Y7.147 Z44.651 E1378.69998
G1 X19.457 Y8.51 Z44.658 E1379.8659
G1 X21.68 Y9.948 Z44.665 E1381.11096
G1 X23.196 Y11.103 Z44.67 E1382.00722
G1 X22.043 Y12.385 Z44.675 E1382.81806
G1 X22.141 Y13.091 Z44.677 E1383.15325
G1 X21.425 Y12.91 Z44.679 E1383.50055
G1 X19.099 Y11.992 Z44.686 E1384.6765
G1 X16.757 Y10.954 Z44.694 E1385.88119
G1 X13.42 Y9.901 Z44.704 E1387.52674
G1 X13.334 Y13.253 Z44.713 E1389.10359
G1 X14.724 Y15.306 Z44.72 E1390.26952
G1 X16.228 Y17.486 Z44.727 E1391.51501
G1 X17.189 Y19.141 Z44.733 E1392.41499
G1 X15.637 Y19.88 Z44.738 E1393.22336
G1 X15.453 Y20.577 Z44.74 E1393.56236
G1 X14.858 Y20.134 Z44.742 E1393.91121
G1 X13.053 Y18.392 Z44.749 E1395.09087
G1 X11.286 Y16.536 Z44.756 E1396.29598
G1 X8.6 Y14.294 Z44.766 E1397.94132
G1 X7.255 Y17.346 Z44.775 E1399.50976
G1 X7.728 Y19.666 Z44.782 E1400.62322
G1 X8.306 Y22.365 Z44.79 E1401.92125
G1 X8.561 Y24.27 Z44.795 E1402.8251
G1 X6.846 Y24.359 Z44.8 E1403.63269
G1 X6.404 Y24.936 Z44.802 E1403.97449
G1 X6.017 Y24.289 Z44.804 E1404.32903
G1 X5.017 Y21.99 Z44.811 E1405.50802
G1 X4.093 Y19.598 Z44.819 E1406.71391
G1 X2.464 Y16.502 Z44.828 E1408.35909
G1 X0.075 Y18.803 Z44.838 E1409.91892
G1 X-.38 Y21.128 Z44.845 E1411.03303
G1 X-.879 Y23.839 Z44.852 E1412.32933
G1 X-1.379 Y25.709 Z44.858 E1413.23962
G1 X-2.992 Y25.132 Z44.863 E1414.04523
G1 X-3.629 Y25.499 Z44.865 E1414.39095
G1 X-3.742 Y24.741 Z44.867 E1414.75135
G1 X-3.786 Y22.234 Z44.874 E1415.93049
G1 X-3.726 Y19.672 Z44.881 E1417.13564
G1 X-4.053 Y16.192 Z44.891 E1418.77938
G1 X-7.12 Y17.404 Z44.9 E1420.33022
G1 X-8.491 Y19.469 Z44.907 E1421.49586
G1 X-9.932 Y21.692 Z44.915 E1422.74168
G1 X-11.116 Y23.234 Z44.92 E1423.65593
G1 X-12.38 Y22.081 Z44.925 E1424.4605
G1 X-13.117 Y22.178 Z44.927 E1424.81008
G1 X-12.929 Y21.42 Z44.929 E1425.17734
G1 X-12.012 Y19.091 Z44.936 E1426.35442
G1 X-10.977 Y16.746 Z44.944 E1427.55983
G1 X-9.953 Y13.403 Z44.953 E1429.20403
G1 X-13.235 Y13.361 Z44.963 E1430.74757
G1 X-15.293 Y14.742 Z44.97 E1431.91308
G1 X-17.476 Y16.246 Z44.977 E1433.15973
G1 X-19.168 Y17.22 Z44.983 E1434.07784
G1 X-19.89 Y15.674 Z44.988 E1434.88025
G1 X-20.615 Y15.477 Z44.99 E1435.23355
G1 X-20.15 Y14.846 Z44.992 E1435.60216
G1 X-18.407 Y13.038 Z44.999 E1436.78316
G1 X-16.553 Y11.267 Z45.006 E1437.98889
G1 X-14.336 Y8.565 Z45.016 E1439.63253
G1 X-17.339 Y7.287 Z45.025 E1441.1673
G1 X-19.661 Y7.75 Z45.032 E1442.28076
G1 X-22.363 Y8.326 Z45.04 E1443.57997
G1 X-24.306 Y8.579 Z45.045 E1444.50141
G1 X-24.382 Y6.877 Z45.05 E1445.3026
G1 X-24.98 Y6.412 Z45.052 E1445.65883
G1 X-24.299 Y6 Z45.054 E1446.03313
G1 X-21.998 Y4.998 Z45.061 E1447.21336
G1 X-19.607 Y4.069 Z45.069 E1448.41965
G1 X-16.527 Y2.415 Z45.079 E1450.06371
G1 X-18.81 Y0.106 Z45.088 E1451.5907
G1 X-21.132 Y-.358 Z45.094 E1452.70425
G1 X-23.845 Y-.86 Z45.102 E1454.00174
G1 X-25.749 Y-1.376 Z45.108 E1454.92942
G1 X-25.165 Y-2.973 Z45.113 E1455.72907
G1 X-25.543 Y-3.639 Z45.115 E1456.0892
G1 X-24.743 Y-3.761 Z45.117 E1456.46976
G1 X-22.235 Y-3.807 Z45.124 E1457.64939
G1 X-19.671 Y-3.751 Z45.131 E1458.85544
G1 X-16.197 Y-4.108 Z45.141 E1460.49774
G1 X-17.422 Y-7.093 Z45.15 E1462.0151
G1 X-19.481 Y-8.473 Z45.157 E1463.18074
G1 X-21.705 Y-9.916 Z45.165 E1464.42747
G1 X-23.272 Y-11.128 Z45.17 E1465.35907
G1 X-22.12 Y-12.374 Z45.175 E1466.15709
G1 X-22.215 Y-13.143 Z45.177 E1466.52147
G1 X-21.415 Y-12.948 Z45.18 E1466.9087
G1 X-19.083 Y-12.031 Z45.187 E1468.0871
G1 X-16.736 Y-11 Z45.194 E1469.29261
G1 X-13.387 Y-10.005 Z45.204 E1470.93557
G1 X-13.388 Y-13.217 Z45.213 E1472.44606
G1 X-14.761 Y-15.28 Z45.22 E1473.61144
G1 X-16.264 Y-17.466 Z45.227 E1474.85898
G1 X-17.25 Y-19.194 Z45.233 E1475.79459
G1 X-15.712 Y-19.9 Z45.238 E1476.59042
G1 X-15.5 Y-20.653 Z45.24 E1476.95829
G1 X-14.834 Y-20.166 Z45.242 E1477.34629
G1 X-13.024 Y-18.421 Z45.249 E1478.52863
G1 X-11.248 Y-16.571 Z45.257 E1479.73463
G1 X-8.53 Y-14.378 Z45.266 E1481.37697
G1 X-7.319 Y-17.333 Z45.275 E1482.87878
G1 X-7.772 Y-19.656 Z45.282 E1483.99178
G1 X-8.346 Y-22.36 Z45.29 E1485.29171
G1 X-8.597 Y-24.342 Z45.296 E1486.23123
G1 X-6.907 Y-24.405 Z45.3 E1487.02653
G1 X-6.419 Y-25.024 Z45.303 E1487.39721
G1 X-5.983 Y-24.308 Z45.305 E1487.79143
G1 X-4.978 Y-22.006 Z45.312 E1488.97265
G1 X-4.045 Y-19.616 Z45.319 E1490.17919
G1 X-2.367 Y-16.553 Z45.329 E1491.8216
G1 X-.138 Y-18.816 Z45.338 E1493.31536
G1 X0.336 Y-21.136 Z45.345 E1494.42892
G1 X0.84 Y-23.85 Z45.352 E1495.72704
G1 X1.373 Y-25.788 Z45.358 E1496.67225
G1 X2.954 Y-25.198 Z45.363 E1497.46583
G1 X3.649 Y-25.586 Z45.365 E1497.84014
G1 X3.781 Y-24.746 Z45.368 E1498.24002
G1 X3.828 Y-22.235 Z45.375 E1499.42106
G1 X3.776 Y-19.67 Z45.382 E1500.62754
G1 X4.163 Y-16.202 Z45.392 E1502.26854
G1 X7.067 Y-17.44 Z45.401 E1503.75311
G1 X8.454 Y-19.493 Z45.408 E1504.91825
G1 X9.9 Y-21.717 Z45.415 E1506.16575
G1 X11.14 Y-23.31 Z45.421 E1507.11509
G1 X12.369 Y-22.159 Z45.426 E1507.90693
G1 X13.17 Y-22.251 Z45.428 E1508.28609
G1 X12.967 Y-21.41 Z45.43 E1508.69294
G1 X12.05 Y-19.075 Z45.437 E1509.87265
G1 X11.023 Y-16.725 Z45.445 E1511.0787
G1 X10.057 Y-13.371 Z45.454 E1512.72009
G1 X13.199 Y-13.415 Z45.463 E1514.19781
G1 X15.268 Y-14.779 Z45.47 E1515.3632
G1 X17.456 Y-16.281 Z45.478 E1516.61125
G1 X19.22 Y-17.281 Z45.483 E1517.56483
G1 X19.91 Y-15.749 Z45.488 E1518.35497
G1 X20.692 Y-15.524 Z45.49 E1518.73764
G1 X20.182 Y-14.822 Z45.493 E1519.14569
G1 X18.439 Y-13.012 Z45.5 E1520.32737
;TIME_ELAPSED:430.254019
;LAYER:45
;TYPE:WALL-OUTER
;MESH:ceramic_two_component_3mm_nozzle_v4.stl
G1 X16.733 Y-11.37 Z45.507 E1521.44088
G1 X14.633 Y-8.764 Z45.517 E1523.01478
G1 X17.549 Y-7.392 Z45.526 E1524.53028
G1 X19.929 Y-7.85 Z45.533 E1525.67005
G1 X22.401 Y-8.369 Z45.54 E1526.85789
G1 X24.293 Y-8.6 Z45.546 E1527.75424
G1 X24.42 Y-6.936 Z45.551 E1528.53904
G1 X25.002 Y-6.392 Z45.553 E1528.91368
G1 X24.284 Y-5.957 Z45.556 E1529.30846
G1 X22.104 Y-5.002 Z45.563 E1530.4277
G1 X19.811 Y-4.098 Z45.57 E1531.58679
G1 X16.878 Y-2.491 Z45.579 E1533.15955
G1 X19.042 Y-.12 Z45.589 E1534.66913
G1 X21.418 Y0.37 Z45.596 E1535.81
G1 X23.897 Y0.84 Z45.603 E1536.99655
G1 X25.736 Y1.352 Z45.609 E1537.89426
G1 X25.215 Y2.932 Z45.614 E1538.67664
G1 X25.548 Y3.661 Z45.616 E1539.05353
G1 X24.715 Y3.791 Z45.618 E1539.45001
G1 X22.318 Y3.84 Z45.625 E1540.57747
G1 X19.861 Y3.8 Z45.632 E1541.73307
G1 X16.545 Y4.17 Z45.642 E1543.30215
G1 X17.643 Y7.174 Z45.651 E1544.80623
G1 X19.647 Y8.536 Z45.659 E1545.9457
G1 X21.745 Y9.91 Z45.666 E1547.12507
G1 X23.259 Y11.098 Z45.671 E1548.03008
G1 X22.169 Y12.357 Z45.676 E1548.81321
G1 X22.2 Y13.158 Z45.679 E1549.19017
G1 X21.381 Y12.96 Z45.681 E1549.58642
G1 X19.137 Y12.086 Z45.688 E1550.71891
G1 X16.904 Y11.119 Z45.695 E1551.86325
G1 X13.688 Y10.192 Z45.705 E1553.4372
G1 X13.558 Y13.375 Z45.714 E1554.9353
G1 X14.886 Y15.404 Z45.721 E1556.07568
G1 X16.299 Y17.477 Z45.729 E1557.25547
G1 X17.24 Y19.154 Z45.734 E1558.15977
G1 X15.75 Y19.898 Z45.739 E1558.94296
G1 X15.476 Y20.651 Z45.741 E1559.31979
G1 X14.795 Y20.156 Z45.744 E1559.7157
G1 X13.059 Y18.494 Z45.751 E1560.8459
G1 X11.359 Y16.743 Z45.758 E1561.99358
G1 X8.74 Y14.663 Z45.768 E1563.56638
G1 X7.413 Y17.545 Z45.777 E1565.05845
G1 X7.861 Y19.927 Z45.784 E1566.19827
G1 X8.372 Y22.401 Z45.791 E1567.38626
G1 X8.597 Y24.294 Z45.797 E1568.28274
G92 E0
G1 X6.935 Y24.408 Z45.802 E0.78342
G1 X6.396 Y25 Z45.804 E1.15992
G1 X5.957 Y24.284 Z45.806 E1.55488
G1 X4.995 Y22.106 Z45.813 E2.67458
G1 X4.085 Y19.817 Z45.82 E3.83296
G1 X2.457 Y16.897 Z45.83 E5.40514
G1 X0.14 Y19.047 Z45.839 E6.89158
G1 X-.36 Y21.42 Z45.846 E8.03203
G1 X-.836 Y23.897 Z45.854 E9.21819
G1 X-1.355 Y25.735 Z45.859 E10.11634
G1 X-2.928 Y25.204 Z45.864 E10.89708
G1 X-3.656 Y25.547 Z45.867 E11.27553
G1 X-3.79 Y24.715 Z45.869 E11.67183
G1 X-3.847 Y22.318 Z45.876 E12.79938
G1 X-3.814 Y19.86 Z45.883 E13.95539
G1 X-4.21 Y16.549 Z45.893 E15.52354
G1 X-7.157 Y17.655 Z45.902 E17.0038
G1 X-8.528 Y19.653 Z45.909 E18.14332
G1 X-9.907 Y21.747 Z45.916 E19.32241
G1 X-11.101 Y23.257 Z45.922 E20.22769
G1 X-12.349 Y22.161 Z45.927 E21.00877
G1 X-13.153 Y22.201 Z45.929 E21.38733
G1 X-12.96 Y21.381 Z45.932 E21.78349
G1 X-12.092 Y19.134 Z45.939 E22.91628
G1 X-11.132 Y16.898 Z45.946 E24.06061
G1 X-10.23 Y13.677 Z45.955 E25.63361
G1 X-13.364 Y13.575 Z45.965 E27.1082
G1 X-15.398 Y14.895 Z45.972 E28.24849
G1 X-17.475 Y16.301 Z45.979 E29.42798
G1 X-19.156 Y17.237 Z45.984 E30.33279
G1 X-19.888 Y15.746 Z45.989 E31.1139
G1 X-20.647 Y15.479 Z45.992 E31.49227
G1 X-20.156 Y14.795 Z45.994 E31.88822
G1 X-18.499 Y13.054 Z46.001 E33.0185
G1 X-16.753 Y11.349 Z46.008 E34.16614
G1 X-14.694 Y8.716 Z46.018 E35.73799
G1 X-17.541 Y7.433 Z46.027 E37.20651
G1 X-19.925 Y7.871 Z46.034 E38.34639
G1 X-22.4 Y8.376 Z46.041 E39.53428
G1 X-24.294 Y8.593 Z46.047 E40.43079
G1 X-24.397 Y6.935 Z46.052 E41.21199
G1 X-24.997 Y6.4 Z46.054 E41.59003
G1 X-24.284 Y5.956 Z46.057 E41.98503
G1 X-22.109 Y4.988 Z46.063 E43.10458
G1 X-19.822 Y4.071 Z46.071 E44.26331
G1 X-16.915 Y2.423 Z46.08 E45.83477
G1 X-19.051 Y0.161 Z46.089 E47.29783
G1 X-21.422 Y-.35 Z46.097 E48.43843
G1 X-23.899 Y-.833 Z46.104 E49.62522
G1 X-25.734 Y-1.359 Z46.109 E50.52291
G1 X-25.192 Y-2.924 Z46.114 E51.30176
G1 X-25.546 Y-3.651 Z46.117 E51.68202
G1 X-24.714 Y-3.79 Z46.119 E52.07871
G1 X-22.318 Y-3.854 Z46.126 E53.20587
G1 X-19.86 Y-3.829 Z46.133 E54.36184
G1 X-16.554 Y-4.249 Z46.143 E55.92903
G1 X-17.667 Y-7.14 Z46.152 E57.38585
G1 X-19.659 Y-8.519 Z46.159 E58.52518
G1 X-21.75 Y-9.905 Z46.166 E59.70491
G1 X-23.255 Y-11.103 Z46.172 E60.60951
G1 X-22.152 Y-12.341 Z46.177 E61.38925
G1 X-22.202 Y-13.148 Z46.179 E61.76949
G1 X-21.382 Y-12.959 Z46.181 E62.16521
G1 X-19.131 Y-12.099 Z46.188 E63.29841
G1 X-16.892 Y-11.145 Z46.196 E64.44293
G1 X-13.667 Y-10.267 Z46.205 E66.01474
G1 X-13.593 Y-13.353 Z46.214 E67.46639
G1 X-14.903 Y-15.392 Z46.221 E68.60611
G1 X-16.308 Y-17.48 Z46.229 E69.78963
G1 X-17.234 Y-19.158 Z46.234 E70.69091
G1 X-15.741 Y-19.877 Z46.239 E71.4702
G1 X-15.482 Y-20.642 Z46.241 E71.85001
G1 X-14.795 Y-20.155 Z46.244 E72.24602
G1 X-13.048 Y-18.504 Z46.251 E73.3764
G1 X-11.338 Y-16.763 Z46.258 E74.524
G1 X-8.692 Y-14.724 Z46.268 E76.09492
G1 X-7.454 Y-17.537 Z46.277 E77.54022
G1 X-7.881 Y-19.923 Z46.284 E78.6801
G1 X-8.379 Y-22.4 Z46.291 E79.86826
G1 X-8.59 Y-24.295 Z46.297 E80.76492
G1 X-6.934 Y-24.386 Z46.301 E81.54486
G1 X-6.404 Y-24.995 Z46.304 E81.92452
G1 X-5.956 Y-24.284 Z46.306 E82.31971
G1 X-4.981 Y-22.112 Z46.313 E83.43932
G1 X-4.058 Y-19.827 Z46.32 E84.59824
G1 X-2.388 Y-16.934 Z46.33 E86.16912
G1 X-.181 Y-19.055 Z46.339 E87.60858
G1 X0.34 Y-21.424 Z46.346 E88.74927
G1 X0.83 Y-23.9 Z46.353 E89.93623
G1 X1.362 Y-25.733 Z46.359 E90.8338
G1 X2.92 Y-25.181 Z46.364 E91.6111
G1 X3.647 Y-25.545 Z46.366 E91.99344
G1 X3.789 Y-24.714 Z46.368 E92.3899
G1 X3.861 Y-22.329 Z46.375 E93.51199
G1 X3.843 Y-19.859 Z46.383 E94.67358
G1 X4.288 Y-16.558 Z46.392 E96.23997
G1 X7.124 Y-17.678 Z46.401 E97.67388
G1 X8.51 Y-19.665 Z46.408 E98.81316
G1 X9.902 Y-21.752 Z46.416 E99.99289
G1 X11.106 Y-23.253 Z46.421 E100.89778
G1 X12.333 Y-22.144 Z46.426 E101.67556
G1 X13.143 Y-22.204 Z46.428 E102.05751
G1 X12.958 Y-21.382 Z46.431 E102.45374
G1 X12.105 Y-19.129 Z46.438 E103.58665
G1 X11.158 Y-16.886 Z46.445 E104.73161
G1 X10.304 Y-13.656 Z46.455 E106.30277
G1 X13.342 Y-13.61 Z46.463 E107.7316
G1 X15.387 Y-14.912 Z46.47 E108.87166
G1 X17.472 Y-16.307 Z46.478 E110.05139
G1 X19.16 Y-17.231 Z46.483 E110.95634
G1 X19.866 Y-15.736 Z46.488 E111.73384
G1 X20.638 Y-15.485 Z46.491 E112.1156
G1 X20.155 Y-14.795 Z46.493 E112.51168
G1 X18.509 Y-13.043 Z46.5 E113.64216
;TIME_ELAPSED:439.104576
;LAYER:46
;TYPE:WALL-OUTER
;MESH:ceramic_two_component_3mm_nozzle_v4.stl
G1 X16.759 Y-11.31 Z46.508 E114.80037
G1 X14.837 Y-8.778 Z46.517 E116.29528
G1 X17.548 Y-7.475 Z46.526 E117.70978
G1 X19.824 Y-7.872 Z46.533 E118.79626
G1 X22.164 Y-8.333 Z46.541 E119.91784
G1 X23.974 Y-8.548 Z46.546 E120.775
G1 X24.362 Y-6.931 Z46.551 E121.55701
G1 X24.725 Y-6.244 Z46.554 E121.92241
G1 X24.006 Y-5.834 Z46.556 E122.31164
G1 X21.974 Y-4.922 Z46.563 E123.35905
G1 X19.811 Y-4.036 Z46.57 E124.45827
G1 X17.07 Y-2.43 Z46.58 E125.95223
G1 X19.072 Y-.193 Z46.589 E127.36398
G1 X21.328 Y0.314 Z46.596 E128.45136
G1 X23.665 Y0.786 Z46.604 E129.57257
G1 X25.417 Y1.282 Z46.609 E130.42885
G1 X25.143 Y2.912 Z46.614 E131.20614
G1 X25.231 Y3.684 Z46.617 E131.57154
G1 X24.411 Y3.79 Z46.619 E131.96036
G1 X22.192 Y3.861 Z46.626 E133.00442
G1 X19.847 Y3.851 Z46.633 E134.1072
G1 X16.703 Y4.295 Z46.643 E135.60039
G1 X17.693 Y7.12 Z46.652 E137.00811
G1 X19.584 Y8.451 Z46.659 E138.09558
G1 X21.553 Y9.776 Z46.666 E139.21166
G1 X22.989 Y10.915 Z46.672 E140.0736
G1 X22.098 Y12.304 Z46.677 E140.84964
G1 X21.904 Y13.053 Z46.679 E141.21349
G1 X21.111 Y12.844 Z46.682 E141.59915
G1 X18.998 Y12.047 Z46.689 E142.66115
G1 X16.863 Y11.156 Z46.696 E143.7491
G1 X13.787 Y10.362 Z46.705 E145.24305
G1 X13.623 Y13.347 Z46.715 E146.64891
G1 X14.857 Y15.304 Z46.722 E147.7369
G1 X16.17 Y17.285 Z46.729 E148.85455
G1 X17.056 Y18.887 Z46.734 E149.71546
G1 X15.697 Y19.81 Z46.739 E150.48801
G1 X15.246 Y20.435 Z46.742 E150.85046
G1 X14.588 Y19.939 Z46.744 E151.23796
G1 X12.969 Y18.422 Z46.751 E152.28132
G1 X11.31 Y16.759 Z46.758 E153.38598
G1 X8.767 Y14.852 Z46.768 E154.88077
G1 X7.481 Y17.547 Z46.777 E156.28503
G1 X7.868 Y19.825 Z46.784 E157.37165
G1 X8.322 Y22.167 Z46.791 E158.49351
G1 X8.525 Y23.977 Z46.797 E159.35003
G1 X6.916 Y24.291 Z46.802 E160.12097
G1 X6.27 Y24.709 Z46.804 E160.48281
G1 X5.849 Y23.999 Z46.807 E160.87098
G1 X4.927 Y21.969 Z46.814 E161.91947
G1 X4.036 Y19.811 Z46.821 E163.01741
G1 X2.413 Y17.08 Z46.831 E164.51138
G1 X0.198 Y19.074 Z46.84 E165.91292
G1 X-.318 Y21.327 Z46.847 E166.99986
G1 X-.797 Y23.663 Z46.854 E168.12126
G1 X-1.304 Y25.411 Z46.86 E168.97716
G1 X-2.9 Y25.071 Z46.865 E169.74455
G1 X-3.654 Y25.226 Z46.867 E170.10654
G1 X-3.774 Y24.41 Z46.869 E170.49441
G1 X-3.853 Y22.192 Z46.876 E171.53812
G1 X-3.852 Y19.847 Z46.883 E172.64089
G1 X-4.313 Y16.706 Z46.893 E174.13383
G1 X-7.115 Y17.697 Z46.902 E175.5315
G1 X-8.455 Y19.581 Z46.909 E176.61872
G1 X-9.786 Y21.547 Z46.917 E177.73522
G1 X-10.934 Y22.975 Z46.922 E178.59686
G1 X-12.265 Y22.037 Z46.927 E179.3626
G1 X-13.023 Y21.91 Z46.929 E179.72403
G1 X-12.828 Y21.117 Z46.932 E180.10806
G1 X-12.035 Y18.99 Z46.939 E181.17557
G1 X-11.156 Y16.863 Z46.946 E182.25787
G1 X-10.381 Y13.782 Z46.956 E183.7519
G1 X-13.344 Y13.629 Z46.965 E185.14715
G1 X-15.306 Y14.854 Z46.972 E186.23489
G1 X-17.291 Y16.16 Z46.979 E187.35229
G1 X-18.898 Y17.036 Z46.985 E188.21299
G1 X-19.751 Y15.656 Z46.99 E188.97593
G1 X-20.41 Y15.263 Z46.992 E189.33676
G1 X-19.927 Y14.599 Z46.994 E189.72289
G1 X-18.423 Y12.98 Z47.001 E190.76208
G1 X-16.759 Y11.309 Z47.008 E191.87106
G1 X-14.867 Y8.755 Z47.018 E193.36578
G1 X-17.546 Y7.487 Z47.027 E194.75962
G1 X-19.826 Y7.864 Z47.034 E195.84638
G1 X-22.169 Y8.311 Z47.042 E196.96809
G1 X-23.979 Y8.502 Z47.047 E197.824
G1 X-24.221 Y6.9 Z47.052 E198.58591
G1 X-24.692 Y6.295 Z47.054 E198.94647
G1 X-23.992 Y5.864 Z47.057 E199.33306
G1 X-21.968 Y4.935 Z47.064 E200.38035
G1 X-19.811 Y4.035 Z47.071 E201.47947
G1 X-17.089 Y2.396 Z47.081 E202.97367
G1 X-19.075 Y0.203 Z47.09 E204.36501
G1 X-21.326 Y-.322 Z47.097 E205.45199
G1 X-23.661 Y-.808 Z47.104 E206.57359
G1 X-25.405 Y-1.326 Z47.11 E207.42915
G1 X-25 Y-2.887 Z47.114 E208.18754
G1 X-25.22 Y-3.624 Z47.117 E208.54924
G1 X-24.409 Y-3.758 Z47.119 E208.9358
G1 X-22.192 Y-3.845 Z47.126 E209.97918
G1 X-19.847 Y-3.852 Z47.133 E211.08196
G1 X-16.708 Y-4.331 Z47.143 E212.57521
G1 X-17.701 Y-7.11 Z47.152 E213.963
G1 X-19.579 Y-8.458 Z47.159 E215.05012
G1 X-21.54 Y-9.795 Z47.166 E216.16626
G1 X-22.96 Y-10.952 Z47.172 E217.02763
G1 X-21.977 Y-12.226 Z47.177 E217.78436
G1 X-21.917 Y-12.993 Z47.179 E218.14616
G1 X-21.123 Y-12.812 Z47.182 E218.52913
G1 X-19.004 Y-12.033 Z47.189 E219.59083
G1 X-16.863 Y-11.155 Z47.196 E220.67904
G1 X-13.777 Y-10.399 Z47.205 E222.17319
G1 X-13.634 Y-13.341 Z47.214 E223.55835
G1 X-14.851 Y-15.308 Z47.221 E224.6461
G1 X-16.151 Y-17.297 Z47.229 E225.76352
G1 X-17.017 Y-18.909 Z47.234 E226.62406
G1 X-15.615 Y-19.692 Z47.239 E227.37923
G1 X-15.28 Y-20.386 Z47.242 E227.74163
G1 X-14.61 Y-19.915 Z47.244 E228.12677
G1 X-12.986 Y-18.417 Z47.251 E229.16577
G1 X-11.309 Y-16.759 Z47.258 E230.27477
G1 X-8.744 Y-14.881 Z47.268 E231.76975
G1 X-7.493 Y-17.545 Z47.277 E233.15379
G1 X-7.86 Y-19.826 Z47.284 E234.24027
G1 X-8.301 Y-22.18 Z47.291 E235.36653
G1 X-8.479 Y-23.982 Z47.297 E236.21807
G1 X-6.885 Y-24.15 Z47.302 E236.97183
G1 X-6.321 Y-24.676 Z47.304 E237.33451
G1 X-5.879 Y-23.985 Z47.306 E237.72025
G1 X-4.942 Y-21.965 Z47.313 E238.76741
G1 X-4.035 Y-19.811 Z47.32 E239.8665
G1 X-2.379 Y-17.099 Z47.33 E241.36083
G1 X-.209 Y-19.076 Z47.339 E242.74132
G1 X0.326 Y-21.325 Z47.346 E243.82846
G1 X0.819 Y-23.659 Z47.353 E244.95028
G1 X1.348 Y-25.399 Z47.359 E245.80552
G1 X2.875 Y-24.928 Z47.364 E246.557
G1 X3.594 Y-25.215 Z47.366 E246.92107
G1 X3.742 Y-24.408 Z47.369 E247.3069
G1 X3.837 Y-22.205 Z47.375 E248.34386
G1 X3.853 Y-19.847 Z47.383 E249.45277
G1 X4.348 Y-16.71 Z47.392 E250.94625
G1 X7.105 Y-17.705 Z47.401 E252.32463
G1 X8.462 Y-19.577 Z47.408 E253.41193
G1 X9.805 Y-21.534 Z47.416 E254.52811
G1 X10.97 Y-22.946 Z47.421 E255.38896
G1 X12.187 Y-21.916 Z47.426 E256.13873
G1 X12.964 Y-21.923 Z47.428 E256.50415
G1 X12.796 Y-21.128 Z47.431 E256.88626
G1 X12.026 Y-19.006 Z47.438 E257.94784
G1 X11.155 Y-16.863 Z47.445 E259.03568
G1 X10.418 Y-13.772 Z47.455 E260.53002
G1 X13.338 Y-13.639 Z47.464 E261.90462
G1 X15.311 Y-14.847 Z47.471 E262.99255
G1 X17.303 Y-16.142 Z47.478 E264.10987
G1 X18.92 Y-16.996 Z47.484 E264.96983
G1 X19.633 Y-15.574 Z47.488 E265.7179
G1 X20.361 Y-15.297 Z47.491 E266.0842
G1 X19.902 Y-14.622 Z47.493 E266.46807
G1 X18.412 Y-12.991 Z47.5 E267.50695
;TIME_ELAPSED:447.509754
;LAYER:47
;TYPE:WALL-OUTER
;MESH:ceramic_two_component_3mm_nozzle_v4.stl
G1 X16.64 Y-11.145 Z47.508 E268.71029
G1 X14.895 Y-8.733 Z47.518 E270.11029
G1 X17.433 Y-7.547 Z47.527 E271.42771
G1 X19.553 Y-7.81 Z47.534 E272.43232
G1 X21.727 Y-8.204 Z47.541 E273.47133
G1 X23.442 Y-8.401 Z47.547 E274.28314
G1 X24.067 Y-6.867 Z47.552 E275.06211
G1 X24.217 Y-6.061 Z47.555 E275.44765
G1 X23.506 Y-5.678 Z47.557 E275.82743
G1 X21.641 Y-4.817 Z47.564 E276.79343
G1 X19.636 Y-3.934 Z47.571 E277.8237
G1 X17.103 Y-2.367 Z47.581 E279.2244
G1 X18.988 Y-.294 Z47.59 E280.54203
G1 X21.053 Y0.271 Z47.597 E281.54883
G1 X23.214 Y0.742 Z47.604 E282.58893
G1 X24.869 Y1.218 Z47.61 E283.39877
G1 X24.832 Y2.859 Z47.615 E284.17068
G1 X24.69 Y3.652 Z47.617 E284.54953
G1 X23.89 Y3.741 Z47.62 E284.92806
G1 X21.839 Y3.825 Z47.627 E285.89339
G1 X19.645 Y3.874 Z47.634 E286.92541
G1 X16.706 Y4.357 Z47.643 E288.32606
G1 X17.647 Y6.995 Z47.653 E289.64319
G1 X19.346 Y8.311 Z47.66 E290.65382
G1 X21.158 Y9.571 Z47.667 E291.69171
G1 X22.504 Y10.65 Z47.672 E292.50296
G1 X21.821 Y12.129 Z47.678 E293.26907
G1 X21.415 Y12.811 Z47.68 E293.64232
G1 X20.645 Y12.592 Z47.683 E294.01878
G1 X18.694 Y11.88 Z47.689 E294.99546
G1 X16.668 Y11.093 Z47.696 E296.01758
G1 X13.765 Y10.42 Z47.706 E297.41897
G1 X13.62 Y13.216 Z47.715 E298.7356
G1 X14.688 Y15.083 Z47.722 E299.74709
G1 X15.883 Y16.949 Z47.729 E300.78913
G1 X16.706 Y18.457 Z47.735 E301.59703
G1 X15.499 Y19.531 Z47.74 E302.35681
G1 X14.889 Y20.02 Z47.743 E302.72447
G1 X14.261 Y19.53 Z47.745 E303.09906
G1 X12.726 Y18.122 Z47.752 E304.0786
G1 X11.157 Y16.624 Z47.759 E305.09874
G1 X8.727 Y14.891 Z47.769 E306.50232
G1 X7.519 Y17.42 Z47.778 E307.82034
G1 X7.792 Y19.556 Z47.785 E308.833
G1 X8.179 Y21.732 Z47.792 E309.87236
G1 X8.359 Y23.446 Z47.798 E310.68283
G1 X6.836 Y23.944 Z47.803 E311.43636
G1 X6.105 Y24.187 Z47.805 E311.79862
G1 X5.706 Y23.492 Z47.808 E312.17548
G1 X4.835 Y21.633 Z47.815 E313.14091
G1 X3.95 Y19.626 Z47.822 E314.17242
G1 X2.363 Y17.097 Z47.831 E315.57649
G1 X0.274 Y18.966 Z47.84 E316.89467
G1 X-.289 Y21.049 Z47.847 E317.90939
G1 X-.767 Y23.209 Z47.855 E318.94974
G1 X-1.258 Y24.856 Z47.86 E319.75795
G1 X-2.84 Y24.706 Z47.865 E320.50525
G1 X-3.6 Y24.68 Z47.868 E320.86286
G1 X-3.709 Y23.889 Z47.87 E321.23836
G1 X-3.805 Y21.816 Z47.877 E322.21427
G1 X-3.855 Y19.642 Z47.884 E323.2369
G1 X-4.358 Y16.698 Z47.894 E324.64142
G1 X-7.005 Y17.619 Z47.903 E325.95941
G1 X-8.326 Y19.335 Z47.91 E326.97781
G1 X-9.592 Y21.144 Z47.917 E328.01615
G1 X-10.682 Y22.477 Z47.923 E328.82591
G1 X-12.063 Y21.712 Z47.928 E329.56834
G1 X-12.758 Y21.425 Z47.93 E329.92194
G1 X-12.562 Y20.656 Z47.933 E330.29514
G1 X-11.855 Y18.686 Z47.94 E331.27942
G1 X-11.073 Y16.672 Z47.947 E332.29542
G1 X-10.419 Y13.758 Z47.956 E333.69987
G1 X-13.215 Y13.59 Z47.965 E335.0171
G1 X-15.093 Y14.672 Z47.972 E336.03636
G1 X-16.963 Y15.862 Z47.979 E337.07872
G1 X-18.477 Y16.669 Z47.985 E337.88553
G1 X-19.429 Y15.424 Z47.99 E338.62256
G1 X-19.976 Y14.919 Z47.993 E338.97266
G1 X-19.506 Y14.282 Z47.995 E339.34494
G1 X-18.107 Y12.741 Z48.002 E340.32371
G1 X-16.607 Y11.169 Z48.009 E341.34552
G1 X-14.888 Y8.721 Z48.019 E342.75221
G1 X-17.407 Y7.492 Z48.028 E344.07028
G1 X-19.559 Y7.774 Z48.035 E345.09095
G1 X-21.736 Y8.155 Z48.042 E346.13028
G1 X-23.45 Y8.318 Z48.047 E346.93995
G1 X-23.82 Y6.806 Z48.052 E347.67197
G1 X-24.157 Y6.15 Z48.055 E348.01879
G1 X-23.478 Y5.735 Z48.057 E348.39302
G1 X-21.624 Y4.854 Z48.064 E349.35833
G1 X-19.615 Y3.967 Z48.071 E350.39108
G1 X-17.091 Y2.359 Z48.081 E351.79844
G1 X-18.944 Y0.253 Z48.09 E353.11761
G1 X-21.045 Y-.307 Z48.097 E354.14013
G1 X-23.204 Y-.791 Z48.104 E355.18064
G1 X-24.844 Y-1.298 Z48.11 E355.98789
G1 X-24.581 Y-2.821 Z48.115 E356.7147
G1 X-24.67 Y-3.548 Z48.117 E357.05914
G1 X-23.887 Y-3.677 Z48.12 E357.43232
G1 X-21.838 Y-3.783 Z48.126 E358.39719
G1 X-19.639 Y-3.835 Z48.134 E359.43159
G1 X-16.69 Y-4.36 Z48.143 E360.84021
G1 X-17.592 Y-7.016 Z48.152 E362.1593
G1 X-19.324 Y-8.341 Z48.159 E363.18481
G1 X-21.13 Y-9.612 Z48.167 E364.22335
G1 X-22.451 Y-10.715 Z48.172 E365.03266
G1 X-21.603 Y-11.997 Z48.177 E365.75549
G1 X-21.436 Y-12.706 Z48.179 E366.09804
G1 X-20.666 Y-12.532 Z48.182 E366.46927
G1 X-18.709 Y-11.841 Z48.189 E367.44527
G1 X-16.677 Y-11.054 Z48.196 E368.47002
G1 X-13.751 Y-10.417 Z48.206 E369.87825
G1 X-13.56 Y-13.213 Z48.215 E371.19618
G1 X-14.656 Y-15.103 Z48.222 E372.22361
G1 X-15.841 Y-16.977 Z48.229 E373.2663
G1 X-16.632 Y-18.496 Z48.234 E374.07168
G1 X-15.348 Y-19.326 Z48.239 E374.79068
G1 X-14.949 Y-19.931 Z48.242 E375.13149
G1 X-14.303 Y-19.482 Z48.244 E375.50145
G1 X-12.755 Y-18.093 Z48.251 E376.47952
G1 X-11.181 Y-16.591 Z48.258 E377.50266
G1 X-8.715 Y-14.884 Z48.268 E378.91307
G1 X-7.464 Y-17.394 Z48.277 E380.23192
G1 X-7.756 Y-19.562 Z48.284 E381.26066
G1 X-8.13 Y-21.741 Z48.291 E382.30036
G1 X-8.276 Y-23.454 Z48.297 E383.10884
G1 X-6.776 Y-23.696 Z48.302 E383.82337
G1 X-6.195 Y-24.127 Z48.304 E384.16356
G1 X-5.764 Y-23.465 Z48.307 E384.53504
G1 X-4.877 Y-21.624 Z48.313 E385.49605
G1 X-3.984 Y-19.605 Z48.32 E386.53424
G1 X-2.355 Y-17.084 Z48.33 E387.94575
G1 X-.233 Y-18.922 Z48.339 E389.26595
G1 X0.325 Y-21.041 Z48.346 E390.29641
G1 X0.816 Y-23.199 Z48.353 E391.33719
G1 X1.338 Y-24.832 Z48.359 E392.14341
G1 X2.802 Y-24.456 Z48.364 E392.85423
G1 X3.495 Y-24.66 Z48.366 E393.19395
G1 X3.646 Y-23.886 Z48.369 E393.5648
G1 X3.762 Y-21.843 Z48.375 E394.5271
G1 X3.815 Y-19.636 Z48.383 E395.56528
G1 X4.361 Y-16.682 Z48.392 E396.97797
G1 X7.026 Y-17.564 Z48.401 E398.29808
G1 X8.356 Y-19.313 Z48.409 E399.33138
G1 X9.633 Y-21.116 Z48.416 E400.37039
G1 X10.747 Y-22.424 Z48.421 E401.17836
G1 X11.932 Y-21.494 Z48.426 E401.88675
G1 X12.653 Y-21.447 Z48.428 E402.22653
G1 X12.502 Y-20.677 Z48.431 E402.59553
G1 X11.822 Y-18.717 Z48.438 E403.57115
G1 X11.034 Y-16.681 Z48.445 E404.59782
G1 X10.416 Y-13.744 Z48.455 E406.00924
G1 X13.212 Y-13.529 Z48.464 E407.32799
G1 X15.113 Y-14.64 Z48.471 E408.36344
G1 X16.991 Y-15.82 Z48.478 E409.40647
G1 X18.516 Y-16.595 Z48.484 E410.21092
G1 X19.223 Y-15.273 Z48.488 E410.91593
G1 X19.887 Y-14.979 Z48.491 E411.25743
G1 X19.459 Y-14.324 Z48.493 E411.62538
G1 X18.078 Y-12.769 Z48.5 E412.6034
;TIME_ELAPSED:455.432103
;LAYER:48
;TYPE:WALL-OUTER
;MESH:ceramic_two_component_3mm_nozzle_v4.stl
G1 X16.397 Y-10.933 Z48.509 E413.77404
G1 X14.879 Y-8.709 Z48.518 E415.04031
G1 X17.211 Y-7.52 Z48.527 E416.27129
G1 X19.169 Y-7.681 Z48.534 E417.19518
G1 X21.178 Y-8.007 Z48.541 E418.15231
G1 X22.778 Y-8.178 Z48.547 E418.90902
G1 X23.565 Y-6.744 Z48.552 E419.67826
G1 X23.546 Y-5.868 Z48.555 E420.09031
G1 X22.855 Y-5.505 Z48.558 E420.45738
G1 X21.165 Y-4.699 Z48.564 E421.33789
G1 X19.328 Y-3.831 Z48.572 E422.29335
G1 X17.069 Y-2.35 Z48.581 E423.56363
G1 X18.769 Y-.351 Z48.59 E424.79767
G1 X20.648 Y0.246 Z48.597 E425.72483
G1 X22.625 Y0.714 Z48.604 E426.68024
G1 X24.167 Y1.173 Z48.609 E427.43683
G1 X24.312 Y2.78 Z48.615 E428.19562
G1 X23.996 Y3.572 Z48.618 E428.59663
G1 X23.22 Y3.647 Z48.621 E428.96325
G1 X21.351 Y3.748 Z48.627 E429.84346
G1 X19.322 Y3.846 Z48.634 E430.79875
G1 X16.66 Y4.358 Z48.644 E432.07354
G1 X17.461 Y6.859 Z48.653 E433.30853
G1 X18.978 Y8.134 Z48.66 E434.24043
G1 X20.625 Y9.324 Z48.667 E435.19598
G1 X21.872 Y10.343 Z48.672 E435.95329
G1 X21.362 Y11.852 Z48.678 E436.70236
G1 X20.806 Y12.466 Z48.681 E437.09189
G1 X20.065 Y12.249 Z48.683 E437.45499
G1 X18.284 Y11.624 Z48.69 E438.34261
G1 X16.38 Y10.94 Z48.697 E439.29403
G1 X13.719 Y10.4 Z48.706 E440.57091
G1 X13.494 Y13.02 Z48.716 E441.80755
G1 X14.414 Y14.781 Z48.722 E442.74189
G1 X15.473 Y16.504 Z48.729 E443.69297
G1 X16.236 Y17.931 Z48.735 E444.45395
G1 X15.175 Y19.092 Z48.741 E445.19357
G1 X14.461 Y19.465 Z48.743 E445.5724
G1 X13.858 Y18.987 Z48.746 E445.93426
G1 X12.445 Y17.727 Z48.753 E446.82457
G1 X10.952 Y16.369 Z48.76 E447.77367
G1 X8.689 Y14.849 Z48.769 E449.05566
G1 X7.471 Y17.187 Z48.778 E450.29539
G1 X7.652 Y19.173 Z48.785 E451.23321
G1 X7.972 Y21.184 Z48.792 E452.19082
G1 X8.122 Y22.782 Z48.798 E452.94561
G1 X6.703 Y23.406 Z48.803 E453.67459
G1 X5.926 Y23.507 Z48.806 E454.04306
G1 X5.544 Y22.836 Z48.809 E454.40616
G1 X4.727 Y21.152 Z48.815 E455.28637
G1 X3.86 Y19.309 Z48.822 E456.24418
G1 X2.342 Y17.035 Z48.832 E457.52995
G1 X0.316 Y18.728 Z48.841 E458.77157
G1 X-.275 Y20.641 Z48.848 E459.71314
G1 X-.748 Y22.617 Z48.855 E460.66864
G1 X-1.226 Y24.15 Z48.86 E461.42379
G1 X-2.757 Y24.149 Z48.866 E462.14377
G1 X-3.503 Y23.981 Z48.868 E462.50338
G1 X-3.605 Y23.217 Z48.871 E462.86585
G1 X-3.718 Y21.35 Z48.877 E463.74544
G1 X-3.813 Y19.315 Z48.885 E464.70348
G1 X-4.352 Y16.626 Z48.894 E465.99318
G1 X-6.876 Y17.41 Z48.903 E467.23607
G1 X-8.158 Y18.96 Z48.91 E468.182
G1 X-9.353 Y20.605 Z48.917 E469.13817
G1 X-10.386 Y21.835 Z48.923 E469.89353
G1 X-11.767 Y21.22 Z48.928 E470.60445
G1 X-12.397 Y20.819 Z48.931 E470.95564
G1 X-12.207 Y20.079 Z48.933 E471.31493
G1 X-11.599 Y18.304 Z48.94 E472.19726
G1 X-10.906 Y16.387 Z48.947 E473.15586
G1 X-10.38 Y13.689 Z48.956 E474.44853
G1 X-13.016 Y13.44 Z48.966 E475.69367
G1 X-14.796 Y14.388 Z48.973 E476.64206
G1 X-16.523 Y15.443 Z48.98 E477.59376
G1 X-17.957 Y16.185 Z48.985 E478.35305
G1 X-18.961 Y15.077 Z48.99 E479.05621
G1 X-19.406 Y14.5 Z48.993 E479.39887
G1 X-18.954 Y13.887 Z48.996 E479.75704
G1 X-17.705 Y12.467 Z49.002 E480.64638
G1 X-16.341 Y10.971 Z49.009 E481.59842
G1 X-14.82 Y8.669 Z49.019 E482.89594
G1 X-17.162 Y7.423 Z49.028 E484.14347
G1 X-19.177 Y7.623 Z49.035 E485.09572
G1 X-21.19 Y7.938 Z49.042 E486.05388
G1 X-22.787 Y8.066 Z49.048 E486.80731
G1 X-23.247 Y6.663 Z49.053 E487.50165
G1 X-23.467 Y5.984 Z49.055 E487.8373
G1 X-22.817 Y5.582 Z49.058 E488.19671
G1 X-21.139 Y4.756 Z49.064 E489.07625
G1 X-19.29 Y3.889 Z49.072 E490.03661
G1 X-17.001 Y2.335 Z49.081 E491.33768
G1 X-18.687 Y0.28 Z49.09 E492.58771
G1 X-20.634 Y-.304 Z49.097 E493.54362
G1 X-22.609 Y-.782 Z49.104 E494.49921
G1 X-24.133 Y-1.28 Z49.11 E495.25319
G1 X-23.987 Y-2.733 Z49.115 E495.93993
G1 X-23.967 Y-3.434 Z49.118 E496.26973
G1 X-23.214 Y-3.562 Z49.12 E496.62891
G1 X-21.349 Y-3.687 Z49.127 E497.50793
G1 X-19.309 Y-3.779 Z49.134 E498.46825
G1 X-16.592 Y-4.346 Z49.143 E499.77349
G1 X-17.358 Y-6.893 Z49.153 E501.02426
G1 X-18.942 Y-8.182 Z49.16 E501.98463
G1 X-20.584 Y-9.382 Z49.167 E502.94104
G1 X-21.798 Y-10.429 Z49.172 E503.69494
G1 X-21.079 Y-11.682 Z49.177 E504.3743
G1 X-20.832 Y-12.327 Z49.18 E504.6991
G1 X-20.093 Y-12.167 Z49.182 E505.05468
G1 X-18.306 Y-11.566 Z49.189 E505.9413
G1 X-16.394 Y-10.873 Z49.196 E506.89769
G1 X-13.659 Y-10.36 Z49.206 E508.2063
G1 X-13.386 Y-13.012 Z49.215 E509.46004
G1 X-14.363 Y-14.811 Z49.222 E510.42276
G1 X-15.414 Y-16.542 Z49.229 E511.37509
G1 X-16.135 Y-17.983 Z49.235 E512.13283
G1 X-14.979 Y-18.829 Z49.24 E512.80649
G1 X-14.538 Y-19.347 Z49.242 E513.12641
G1 X-13.916 Y-18.922 Z49.245 E513.48068
G1 X-12.488 Y-17.682 Z49.251 E514.37006
G1 X-10.99 Y-16.312 Z49.258 E515.32471
G1 X-8.649 Y-14.79 Z49.268 E516.63782
G1 X-7.374 Y-17.138 Z49.277 E517.89429
G1 X-7.594 Y-19.181 Z49.284 E518.8606
G1 X-7.903 Y-21.196 Z49.291 E519.81927
G1 X-8.01 Y-22.791 Z49.297 E520.57103
G1 X-6.623 Y-23.088 Z49.302 E521.23808
G1 X-6.041 Y-23.427 Z49.304 E521.55482
G1 X-5.621 Y-22.798 Z49.307 E521.91049
G1 X-4.784 Y-21.127 Z49.313 E522.78938
G1 X-3.917 Y-19.271 Z49.32 E523.75273
G1 X-2.328 Y-16.966 Z49.33 E525.0693
G1 X-.245 Y-18.646 Z49.339 E526.32776
G1 X0.332 Y-20.626 Z49.347 E527.29762
G1 X0.816 Y-22.602 Z49.354 E528.25434
G1 X1.334 Y-24.116 Z49.359 E529.00684
G1 X2.71 Y-23.824 Z49.364 E529.66834
G1 X3.365 Y-23.952 Z49.366 E529.98219
G1 X3.52 Y-23.211 Z49.369 E530.3382
G1 X3.657 Y-21.349 Z49.375 E531.2162
G1 X3.746 Y-19.302 Z49.383 E532.17975
G1 X4.34 Y-16.558 Z49.392 E533.50005
G1 X6.91 Y-17.306 Z49.402 E534.75879
G1 X8.205 Y-18.924 Z49.409 E535.73338
G1 X9.411 Y-20.564 Z49.416 E536.6907
G1 X10.472 Y-21.762 Z49.421 E537.44326
G1 X11.597 Y-20.938 Z49.426 E538.09904
G1 X12.258 Y-20.844 Z49.429 E538.41302
G1 X12.125 Y-20.107 Z49.431 E538.7652
G1 X11.54 Y-18.326 Z49.438 E539.64677
G1 X10.839 Y-16.401 Z49.445 E540.61019
G1 X10.34 Y-13.629 Z49.455 E541.93472
G1 X13.008 Y-13.332 Z49.464 E543.19714
G1 X14.826 Y-14.338 Z49.471 E544.17425
G1 X16.56 Y-15.385 Z49.478 E545.12681
G1 X18.008 Y-16.084 Z49.484 E545.88295
G1 X18.698 Y-14.881 Z49.489 E546.53513
G1 X19.287 Y-14.577 Z49.491 E546.84684
G1 X18.889 Y-13.945 Z49.493 E547.19807
G1 X17.66 Y-12.509 Z49.5 E548.08693
;TIME_ELAPSED:462.829211
;LAYER:49
;TYPE:WALL-OUTER
;MESH:ceramic_two_component_3mm_nozzle_v4.stl
G1 X16.103 Y-10.726 Z49.509 E549.20011
G1 X14.761 Y-8.629 Z49.518 E550.37092
G1 X16.938 Y-7.422 Z49.527 E551.54151
G1 X18.763 Y-7.515 Z49.534 E552.40086
G1 X20.595 Y-7.775 Z49.541 E553.27103
G1 X22.072 Y-7.911 Z49.547 E553.96855
G1 X22.924 Y-6.582 Z49.553 E554.71094
G1 X22.812 Y-5.693 Z49.556 E555.13231
G1 X22.157 Y-5.346 Z49.559 E555.48089
G1 X20.628 Y-4.587 Z49.565 E556.28365
G1 X18.975 Y-3.755 Z49.572 E557.15391
G1 X16.931 Y-2.32 Z49.581 E558.32837
G1 X18.476 Y-.366 Z49.591 E559.49981
G1 X20.208 Y0.246 Z49.597 E560.36367
G1 X21.998 Y0.705 Z49.604 E561.23268
G1 X23.413 Y1.15 Z49.61 E561.93024
G1 X23.654 Y2.685 Z49.616 E562.66094
G1 X23.251 Y3.449 Z49.619 E563.06715
G1 X22.52 Y3.527 Z49.622 E563.41286
G1 X20.8 Y3.648 Z49.628 E564.22372
G1 X18.965 Y3.782 Z49.635 E565.08896
G1 X16.521 Y4.333 Z49.644 E566.26714
G1 X17.196 Y6.737 Z49.654 E567.44138
G1 X18.572 Y7.966 Z49.66 E568.309
G1 X20.045 Y9.077 Z49.667 E569.17664
G1 X21.18 Y10.034 Z49.673 E569.87481
G1 X20.787 Y11.508 Z49.679 E570.5922
G1 X20.162 Y12.066 Z49.682 E570.98621
G1 X19.458 Y11.864 Z49.684 E571.33064
G1 X17.827 Y11.323 Z49.691 E572.13874
G1 X16.076 Y10.743 Z49.698 E573.00617
G1 X13.597 Y10.319 Z49.707 E574.18889
G1 X13.295 Y12.802 Z49.716 E575.36517
G1 X14.102 Y14.47 Z49.723 E576.23656
G1 X15.039 Y16.065 Z49.73 E577.10649
G1 X15.715 Y17.383 Z49.736 E577.80307
G1 X14.774 Y18.555 Z49.741 E578.50989
G1 X14.022 Y18.847 Z49.744 E578.88926
G1 X13.448 Y18.401 Z49.747 E579.2311
G1 X12.123 Y17.26 Z49.754 E580.05339
G1 X10.747 Y16.07 Z49.76 E580.9089
G1 X8.607 Y14.729 Z49.77 E582.09654
G1 X7.369 Y16.909 Z49.779 E583.2755
G1 X7.482 Y18.767 Z49.786 E584.15087
G1 X7.736 Y20.601 Z49.793 E585.02157
G1 X7.85 Y22.075 Z49.799 E585.71681
G1 X6.538 Y22.752 Z49.804 E586.4111
G1 X5.756 Y22.767 Z49.807 E586.77892
G1 X5.389 Y22.135 Z49.81 E587.12261
G1 X4.618 Y20.614 Z49.816 E587.92453
G1 X3.787 Y18.952 Z49.823 E588.79837
G1 X2.312 Y16.894 Z49.832 E589.98908
G1 X0.329 Y18.429 Z49.842 E591.16836
G1 X-.277 Y20.199 Z49.849 E592.04817
G1 X-.744 Y21.989 Z49.856 E592.91813
G1 X-1.207 Y23.393 Z49.861 E593.61336
G1 X-2.659 Y23.479 Z49.867 E594.29738
G1 X-3.374 Y23.233 Z49.869 E594.65297
G1 X-3.479 Y22.516 Z49.872 E594.99374
G1 X-3.613 Y20.799 Z49.879 E595.80365
G1 X-3.744 Y18.957 Z49.885 E596.67207
G1 X-4.327 Y16.482 Z49.895 E597.86783
G1 X-6.754 Y17.138 Z49.904 E599.05013
G1 X-7.992 Y18.551 Z49.911 E599.93358
G1 X-9.109 Y20.022 Z49.918 E600.80218
G1 X-10.079 Y21.14 Z49.924 E601.49825
G1 X-11.417 Y20.635 Z49.929 E602.17079
G1 X-11.99 Y20.175 Z49.932 E602.51634
G1 X-11.818 Y19.472 Z49.935 E602.85669
G1 X-11.291 Y17.839 Z49.941 E603.66363
G1 X-10.704 Y16.083 Z49.948 E604.53434
G1 X-10.299 Y13.563 Z49.957 E605.73462
G1 X-12.796 Y13.235 Z49.967 E606.91897
G1 X-14.486 Y14.073 Z49.974 E607.80606
G1 X-16.086 Y15.005 Z49.981 E608.67683
G1 X-17.409 Y15.66 Z49.986 E609.37107
G1 X-18.412 Y14.668 Z49.992 E610.03448
G1 X-18.782 Y14.062 Z49.994 E610.36838
G1 X-18.364 Y13.479 Z49.997 E610.70573
G1 X-17.234 Y12.146 Z50.003 E611.52753
G1 X-16.037 Y10.768 Z50.01 E612.3859
G1 X-14.697 Y8.584 Z50.02 E613.59087
G1 X-16.88 Y7.317 Z50.029 E614.77785
G1 X-18.771 Y7.449 Z50.036 E615.66929
G1 X-20.607 Y7.697 Z50.043 E616.54054
G1 X-22.079 Y7.789 Z50.049 E617.23412
G1 X-22.58 Y6.494 Z50.054 E617.8871
G1 X-22.722 Y5.819 Z50.056 E618.21148
G1 X-22.113 Y5.431 Z50.059 E618.55106
G1 X-20.599 Y4.649 Z50.065 E619.35241
G1 X-18.93 Y3.819 Z50.072 E620.22898
G1 X-16.857 Y2.304 Z50.082 E621.43644
G1 X-18.382 Y0.291 Z50.091 E622.62407
G1 X-20.191 Y-.309 Z50.099 E623.52035
G1 X-21.98 Y-.783 Z50.105 E624.39069
G1 X-23.373 Y-1.265 Z50.111 E625.08388
G1 X-23.303 Y-2.634 Z50.116 E625.72852
G1 X-23.216 Y-3.299 Z50.119 E626.04391
G1 X-22.512 Y-3.43 Z50.121 E626.38066
G1 X-20.797 Y-3.579 Z50.128 E627.19021
G1 X-18.948 Y-3.706 Z50.135 E628.06178
G1 X-16.444 Y-4.32 Z50.144 E629.27421
G1 X-17.081 Y-6.771 Z50.154 E630.46513
G1 X-18.531 Y-8.018 Z50.161 E631.3645
G1 X-20 Y-9.141 Z50.168 E632.23406
G1 X-21.099 Y-10.125 Z50.173 E632.92777
G1 X-20.482 Y-11.327 Z50.178 E633.56315
G1 X-20.188 Y-11.913 Z50.181 E633.87147
G1 X-19.487 Y-11.773 Z50.183 E634.20763
G1 X-17.85 Y-11.259 Z50.19 E635.01452
G1 X-16.09 Y-10.666 Z50.197 E635.88791
G1 X-13.53 Y-10.278 Z50.206 E637.10554
G1 X-13.176 Y-12.789 Z50.216 E638.29806
G1 X-14.044 Y-14.503 Z50.223 E639.20156
G1 X-14.972 Y-16.106 Z50.23 E640.07261
G1 X-15.606 Y-17.436 Z50.235 E640.76549
G1 X-14.562 Y-18.269 Z50.24 E641.39358
G1 X-14.103 Y-18.717 Z50.243 E641.69521
G1 X-13.51 Y-18.328 Z50.245 E642.02872
G1 X-12.168 Y-17.209 Z50.252 E642.85043
G1 X-10.789 Y-16.004 Z50.259 E643.71163
G1 X-8.562 Y-14.666 Z50.268 E644.9334
G1 X-7.264 Y-16.851 Z50.278 E646.12856
G1 X-7.416 Y-18.775 Z50.285 E647.03618
G1 X-7.659 Y-20.616 Z50.292 E647.90945
G1 X-7.729 Y-22.082 Z50.297 E648.59965
G1 X-6.45 Y-22.408 Z50.302 E649.22035
G1 X-5.882 Y-22.677 Z50.305 E649.5159
G1 X-5.474 Y-22.091 Z50.307 E649.85169
G1 X-4.68 Y-20.585 Z50.314 E650.65232
G1 X-3.851 Y-18.907 Z50.321 E651.53248
G1 X-2.296 Y-16.819 Z50.33 E652.75678
G1 X-.253 Y-18.335 Z50.34 E653.95315
G1 X0.341 Y-20.182 Z50.347 E654.86555
G1 X0.821 Y-21.97 Z50.354 E655.73616
G1 X1.322 Y-23.353 Z50.36 E656.4279
G1 X2.608 Y-23.128 Z50.364 E657.04185
G1 X3.223 Y-23.198 Z50.367 E657.33293
G1 X3.382 Y-22.508 Z50.369 E657.66592
G1 X3.544 Y-20.796 Z50.376 E658.47461
G1 X3.669 Y-18.94 Z50.383 E659.3494
G1 X4.314 Y-16.406 Z50.393 E660.57906
G1 X6.787 Y-17.024 Z50.402 E661.77779
G1 X8.044 Y-18.51 Z50.409 E662.69309
G1 X9.172 Y-19.976 Z50.416 E663.56297
G1 X10.171 Y-21.059 Z50.422 E664.25586
G1 X11.237 Y-20.329 Z50.427 E664.86344
G1 X11.837 Y-20.2 Z50.429 E665.15205
G1 X11.727 Y-19.502 Z50.431 E665.48434
G1 X11.226 Y-17.862 Z50.438 E666.29077
G1 X10.628 Y-16.097 Z50.445 E667.16714
G1 X10.258 Y-13.497 Z50.455 E668.40215
G1 X12.783 Y-13.116 Z50.464 E669.60301
G1 X14.519 Y-14.014 Z50.471 E670.52215
G1 X16.127 Y-14.938 Z50.478 E671.3943
G1 X17.462 Y-15.552 Z50.484 E672.08532
G1 X18.127 Y-14.456 Z50.489 E672.68819
G1 X18.651 Y-14.144 Z50.491 E672.97499
G1 X18.291 Y-13.541 Z50.494 E673.30525
G1 X17.188 Y-12.196 Z50.5 E674.12325
;TIME_ELAPSED:469.713648
;LAYER:50
;TYPE:WALL-OUTER
;MESH:ceramic_two_component_3mm_nozzle_v4.stl
G1 X15.832 Y-10.573 Z50.509 E675.11782
G1 X14.635 Y-8.54 Z50.518 E676.22729
G1 X16.685 Y-7.296 Z50.528 E677.35495
G1 X18.419 Y-7.351 Z50.535 E678.17081
G1 X20.068 Y-7.548 Z50.541 E678.95179
G1 X21.414 Y-7.643 Z50.547 E679.58635
G1 X22.237 Y-6.406 Z50.553 E680.28506
G1 X22.11 Y-5.555 Z50.556 E680.68968
G1 X21.518 Y-5.221 Z50.559 E681.00934
G1 X20.165 Y-4.511 Z50.565 E681.72789
G1 X18.667 Y-3.716 Z50.572 E682.52541
G1 X16.788 Y-2.287 Z50.581 E683.63555
G1 X18.197 Y-.348 Z50.591 E684.76272
G1 X19.829 Y0.263 Z50.598 E685.58223
G1 X21.434 Y0.716 Z50.605 E686.36649
G1 X22.702 Y1.145 Z50.61 E686.996
G1 X22.956 Y2.583 Z50.616 E687.68271
G1 X22.549 Y3.309 Z50.619 E688.07411
G1 X21.877 Y3.397 Z50.622 E688.39283
G1 X20.345 Y3.54 Z50.628 E689.11641
G1 X18.668 Y3.702 Z50.635 E689.90872
G1 X16.378 Y4.311 Z50.645 E691.02307
G1 X16.935 Y6.644 Z50.654 E692.15104
G1 X18.215 Y7.836 Z50.661 E692.97357
G1 X19.524 Y8.872 Z50.668 E693.75862
G1 X20.526 Y9.757 Z50.674 E694.38731
G1 X20.182 Y11.149 Z50.679 E695.06161
G1 X19.567 Y11.67 Z50.683 E695.44066
G1 X18.916 Y11.501 Z50.685 E695.75695
G1 X17.444 Y11.05 Z50.692 E696.48095
G1 X15.829 Y10.556 Z50.698 E697.27516
G1 X13.477 Y10.248 Z50.708 E698.39068
G1 X13.093 Y12.617 Z50.718 E699.51928
G1 X13.822 Y14.214 Z50.725 E700.34485
G1 X14.633 Y15.672 Z50.731 E701.12943
G1 X15.217 Y16.875 Z50.737 E701.7583
G1 X14.355 Y17.991 Z50.742 E702.42145
G1 X13.623 Y18.254 Z50.746 E702.78723
G1 X13.077 Y17.852 Z50.748 E703.10608
G1 X11.906 Y16.892 Z50.754 E703.81817
G1 X10.589 Y15.804 Z50.761 E704.62152
G1 X8.527 Y14.622 Z50.771 E705.73923
G1 X7.257 Y16.662 Z50.78 E706.86929
G1 X7.322 Y18.422 Z50.788 E707.69753
G1 X7.512 Y20.073 Z50.794 E708.47906
G1 X7.584 Y21.417 Z50.8 E709.11201
G1 X6.366 Y22.074 Z50.805 E709.76281
G1 X5.614 Y22.066 Z50.808 E710.11647
G1 X5.262 Y21.496 Z50.811 E710.43152
G1 X4.539 Y20.151 Z50.817 E711.14962
G1 X3.742 Y18.648 Z50.824 E711.94966
G1 X2.279 Y16.77 Z50.834 E713.06918
G1 X0.322 Y18.161 Z50.843 E714.19828
G1 X-.291 Y19.82 Z50.85 E715.03001
G1 X-.752 Y21.425 Z50.857 E715.81531
G1 X-1.2 Y22.681 Z50.862 E716.44242
G1 X-2.558 Y22.79 Z50.868 E717.08309
G1 X-3.238 Y22.531 Z50.871 E717.42529
G1 X-3.352 Y21.872 Z50.874 E717.7398
G1 X-3.509 Y20.343 Z50.88 E718.46262
G1 X-3.671 Y18.659 Z50.887 E719.2582
G1 X-4.31 Y16.36 Z50.896 E720.38033
G1 X-6.655 Y16.891 Z50.906 E721.51103
G1 X-7.859 Y18.196 Z50.913 E722.34602
G1 X-8.901 Y19.501 Z50.92 E723.13135
G1 X-9.8 Y20.486 Z50.925 E723.75849
G1 X-11.063 Y20.039 Z50.931 E724.38854
G1 X-11.597 Y19.577 Z50.933 E724.7206
G1 X-11.457 Y18.928 Z50.936 E725.03283
G1 X-11.02 Y17.454 Z50.942 E725.75583
G1 X-10.524 Y15.834 Z50.949 E726.55257
G1 X-10.242 Y13.459 Z50.959 E727.6773
G1 X-12.61 Y13.048 Z50.968 E728.80754
G1 X-14.228 Y13.796 Z50.976 E729.64581
G1 X-15.69 Y14.601 Z50.982 E730.43067
G1 X-16.9 Y15.163 Z50.988 E731.05808
G1 X-17.857 Y14.256 Z50.993 E731.67814
G1 X-18.191 Y13.66 Z50.996 E731.99943
G1 X-17.816 Y13.106 Z50.998 E732.31403
G1 X-16.869 Y11.93 Z51.005 E733.02409
G1 X-15.776 Y10.605 Z51.011 E733.83183
G1 X-14.609 Y8.513 Z51.021 E734.95835
G1 X-16.638 Y7.218 Z51.031 E736.09031
G1 X-18.425 Y7.293 Z51.038 E736.93142
G1 X-20.077 Y7.475 Z51.045 E737.713
G1 X-21.419 Y7.525 Z51.05 E738.34454
G1 X-21.912 Y6.326 Z51.055 E738.95419
G1 X-22.022 Y5.673 Z51.058 E739.2656
G1 X-21.474 Y5.302 Z51.061 E739.57682
G1 X-20.137 Y4.568 Z51.067 E740.29408
G1 X-18.629 Y3.767 Z51.074 E741.09708
G1 X-16.752 Y2.271 Z51.083 E742.22583
G1 X-18.124 Y0.295 Z51.093 E743.35711
G1 X-19.811 Y-.32 Z51.1 E744.20153
G1 X-21.415 Y-.789 Z51.107 E744.98742
G1 X-22.661 Y-1.256 Z51.112 E745.61318
G1 X-22.625 Y-2.534 Z51.117 E746.21442
G1 X-22.513 Y-3.167 Z51.12 E746.51672
G1 X-21.867 Y-3.307 Z51.123 E746.82757
G1 X-20.34 Y-3.478 Z51.129 E747.55016
G1 X-18.651 Y-3.64 Z51.136 E748.34808
G1 X-16.341 Y-4.31 Z51.145 E749.47917
G1 X-16.847 Y-6.666 Z51.155 E750.61239
G1 X-18.178 Y-7.881 Z51.162 E751.45989
G1 X-19.479 Y-8.931 Z51.169 E752.24611
G1 X-20.446 Y-9.843 Z51.175 E752.8712
G1 X-19.895 Y-10.977 Z51.18 E753.4641
G1 X-19.588 Y-11.524 Z51.182 E753.75908
G1 X-18.941 Y-11.413 Z51.185 E754.06779
G1 X-17.464 Y-10.99 Z51.191 E754.7903
G1 X-15.838 Y-10.492 Z51.198 E755.59001
G1 X-13.442 Y-10.235 Z51.207 E756.72324
G1 X-13.003 Y-12.604 Z51.217 E757.85627
G1 X-13.771 Y-14.241 Z51.224 E758.70661
G1 X-14.569 Y-15.709 Z51.231 E759.49237
G1 X-15.11 Y-16.925 Z51.237 E760.11825
G1 X-14.157 Y-17.723 Z51.242 E760.70279
G1 X-13.698 Y-18.127 Z51.244 E760.99035
G1 X-13.135 Y-17.781 Z51.247 E761.30111
G1 X-11.951 Y-16.845 Z51.253 E762.01088
G1 X-10.621 Y-15.748 Z51.26 E762.82164
G1 X-8.5 Y-14.596 Z51.269 E763.9567
G1 X-7.179 Y-16.615 Z51.279 E765.09135
G1 X-7.265 Y-18.428 Z51.286 E765.9449
G1 X-7.439 Y-20.082 Z51.293 E766.72701
G1 X-7.467 Y-21.421 Z51.299 E767.35684
G1 X-6.285 Y-21.75 Z51.304 E767.93383
G1 X-5.732 Y-21.978 Z51.306 E768.21512
G1 X-5.343 Y-21.452 Z51.309 E768.52278
G1 X-4.602 Y-20.134 Z51.315 E769.23383
G1 X-3.793 Y-18.609 Z51.322 E770.04566
G1 X-2.263 Y-16.733 Z51.331 E771.18408
G1 X-.268 Y-18.088 Z51.341 E772.3182
G1 X0.348 Y-19.802 Z51.348 E773.17471
G1 X0.825 Y-21.406 Z51.355 E773.96167
G1 X1.312 Y-22.641 Z51.36 E774.58598
G1 X2.509 Y-22.46 Z51.365 E775.15528
G1 X3.096 Y-22.495 Z51.368 E775.43182
G1 X3.262 Y-21.862 Z51.37 E775.73957
G1 X3.446 Y-20.348 Z51.377 E776.45679
G1 X3.609 Y-18.643 Z51.383 E777.26225
G1 X4.309 Y-16.322 Z51.393 E778.40231
G1 X6.677 Y-16.802 Z51.403 E779.53855
G1 X7.904 Y-18.159 Z51.41 E780.39889
G1 X8.96 Y-19.457 Z51.417 E781.18579
G1 X9.886 Y-20.407 Z51.422 E781.80967
G1 X10.891 Y-19.752 Z51.427 E782.3738
G1 X11.452 Y-19.598 Z51.43 E782.64738
G1 X11.369 Y-18.954 Z51.432 E782.95274
G1 X10.96 Y-17.474 Z51.438 E783.67482
G1 X10.46 Y-15.842 Z51.445 E784.47751
G1 X10.228 Y-13.424 Z51.455 E785.61984
G1 X12.597 Y-12.957 Z51.465 E786.75535
G1 X14.254 Y-13.745 Z51.472 E787.61821
G1 X15.727 Y-14.538 Z51.479 E788.40492
G1 X16.949 Y-15.056 Z51.484 E789.02908
G1 X17.589 Y-14.057 Z51.489 E789.58702
G1 X18.063 Y-13.736 Z51.491 E789.85623
G1 X17.745 Y-13.164 Z51.494 E790.164
G1 X16.821 Y-11.972 Z51.5 E790.87325
;TIME_ELAPSED:476.096614
;LAYER:51
;TYPE:WALL-OUTER
;MESH:ceramic_two_component_3mm_nozzle_v4.stl
G1 X16.259 Y-11.29 Z51.504 E791.28884
G1 X15.651 Y-10.504 Z51.509 E791.75615
G1 X14.637 Y-8.454 Z51.519 E792.83169
G1 X16.517 Y-7.194 Z51.529 E793.89599
G1 X18.205 Y-7.225 Z51.537 E794.68994
G1 X19.69 Y-7.363 Z51.544 E795.3913
G1 X20.889 Y-7.405 Z51.55 E795.9555
G1 X21.592 Y-6.246 Z51.556 E796.59297
G1 X21.522 Y-5.461 Z51.559 E796.96359
G1 X21.006 Y-5.138 Z51.562 E797.24987
G1 X19.831 Y-4.475 Z51.568 E797.88433
G1 X18.477 Y-3.719 Z51.575 E798.61361
G1 X16.758 Y-2.211 Z51.586 E799.68897
G1 X17.968 Y-.386 Z51.596 E800.71871
G1 X21.011 Y0.602 Z51.611 E802.22328
G1 X21.282 Y0.803 Z51.612 E802.38195
G1 X22.132 Y1.169 Z51.616 E802.81716
G1 X22.304 Y2.486 Z51.622 E803.44176
G1 X21.97 Y3.175 Z51.626 E803.80184
G1 X21.371 Y3.281 Z51.629 E804.08791
G1 X19.325 Y3.523 Z51.638 E805.05679
G1 X17.887 Y7.237 Z51.656 E806.92971
G1 X18.924 Y8.009 Z51.662 E807.53768
G1 X19.293 Y8.651 Z51.666 E807.88591
G1 X19.216 Y8.75 E807.94489
G1 X19.991 Y9.555 Z51.671 E808.47038
G1 X19.628 Y10.817 Z51.678 E809.08793
G1 X19.083 Y11.328 Z51.681 E809.43926
G1 X18.266 Y11.149 Z51.685 E809.83258
G1 X17.429 Y11.32 Z51.689 E810.23433
G1 X14.786 Y10.517 Z51.701 E811.53335
G1 X12.954 Y12.565 Z51.714 E812.82556
G1 X13.631 Y14.06 Z51.721 E813.59734
G1 X14.317 Y15.377 Z51.728 E814.29567
G1 X14.803 Y16.478 Z51.734 E814.86164
G1 X13.976 Y17.477 Z51.74 E815.47152
G1 X13.303 Y17.754 Z51.743 E815.81377
G1 X12.544 Y17.238 Z51.747 E816.24538
G1 X12.383 Y17.245 Z51.748 E816.32117
G1 X11.3 Y16.246 Z51.755 E817.01406
G1 X10.511 Y15.638 Z51.759 E817.48249
G1 X8.467 Y14.645 Z51.77 E818.55114
G1 X7.182 Y16.51 Z51.78 E819.61622
G1 X7.208 Y18.206 Z51.788 E820.41389
G1 X7.335 Y19.693 Z51.795 E821.11573
G1 X7.356 Y20.89 Z51.8 E821.67873
G1 X6.213 Y21.459 Z51.806 E822.27916
G1 X5.508 Y21.484 Z51.809 E822.61091
G1 X5.17 Y20.987 Z51.812 E822.89356
G1 X4.494 Y19.821 Z51.818 E823.52739
G1 X3.73 Y18.468 Z51.825 E824.25809
G1 X2.219 Y16.771 Z51.836 E825.32664
G1 X0.379 Y17.958 Z51.846 E826.35637
G1 X-.331 Y21.092 Z51.861 E827.86754
G1 X-.787 Y21.287 Z51.863 E828.10076
G1 X-1.219 Y22.111 Z51.867 E828.53829
G1 X-2.465 Y22.168 Z51.873 E829.12486
G1 X-3.116 Y21.952 Z51.876 E829.44741
G1 X-3.244 Y21.366 Z51.879 E829.72949
G1 X-3.513 Y19.324 Z51.888 E830.69807
G1 X-6.827 Y18.257 Z51.904 E832.33533
G1 X-7.485 Y19.352 Z51.91 E832.9361
G1 X-8.473 Y19.438 Z51.914 E833.40248
G1 X-8.722 Y19.239 Z51.916 E833.55238
G1 X-9.594 Y19.953 Z51.921 E834.08238
G1 X-10.746 Y19.511 Z51.927 E834.66264
G1 X-11.267 Y19.09 Z51.93 E834.97764
G1 X-11.125 Y18.272 Z51.934 E835.36808
G1 X-11.783 Y17.302 Z51.939 E835.91929
G1 X-10.715 Y14.767 Z51.952 E837.2129
G1 X-12.564 Y12.95 Z51.964 E838.432
G1 X-14.067 Y13.616 Z51.971 E839.2051
G1 X-15.391 Y14.292 Z51.978 E839.9042
G1 X-16.497 Y14.758 Z51.983 E840.46859
G1 X-17.366 Y13.894 Z51.989 E841.04487
G1 X-17.701 Y13.333 Z51.992 E841.35215
G1 X-17.221 Y12.556 Z51.996 E841.78165
G1 X-17.311 Y12.331 Z51.997 E841.89561
G1 X-16.234 Y11.31 Z52.004 E842.59351
G1 X-15.625 Y10.517 Z52.009 E843.06372
G1 X-14.654 Y8.48 Z52.019 E844.12492
G1 X-16.503 Y7.171 Z52.029 E845.19029
G1 X-18.207 Y7.191 Z52.037 E845.99169
G1 X-19.696 Y7.308 Z52.044 E846.69408
G1 X-20.89 Y7.307 Z52.049 E847.25558
G1 X-21.326 Y6.181 Z52.055 E847.82341
G1 X-21.446 Y5.556 Z52.058 E848.1227
G1 X-20.969 Y5.202 Z52.061 E848.40204
G1 X-19.811 Y4.513 Z52.067 E849.03571
G1 X-18.459 Y3.741 Z52.074 E849.76787
G1 X-16.784 Y2.228 Z52.084 E850.82934
G1 X-17.948 Y0.372 Z52.094 E851.85961
G1 X-21.173 Y-0.061 Z52.109 E853.38984
G1 X-21.292 Y-.771 Z52.113 E853.72839
G1 X-22.091 Y-1.269 Z52.117 E854.17114
G1 X-22.032 Y-2.444 Z52.122 E854.7244
G1 X-21.935 Y-3.058 Z52.125 E855.01673
G1 X-21.361 Y-3.208 Z52.128 E855.29573
G1 X-19.323 Y-3.504 Z52.137 E856.26419
G1 X-18.627 Y-6.416 Z52.151 E857.67218
G1 X-19.779 Y-6.961 Z52.157 E858.2715
G1 X-19.584 Y-8.295 Z52.163 E858.90551
G1 X-19.262 Y-8.694 Z52.165 E859.14662
G1 X-19.915 Y-9.633 Z52.171 E859.68449
G1 X-19.393 Y-10.675 Z52.176 E860.23256
G1 X-19.096 Y-11.207 Z52.179 E860.51909
G1 X-18.279 Y-11.101 Z52.183 E860.90652
G1 X-17.176 Y-12.245 Z52.19 E861.65384
G1 X-14.749 Y-10.913 Z52.203 E862.95577
G1 X-12.946 Y-12.564 Z52.214 E864.10544
G1 X-13.601 Y-14.075 Z52.221 E864.87991
G1 X-14.267 Y-15.404 Z52.228 E865.57898
G1 X-14.713 Y-16.517 Z52.234 E866.14285
G1 X-13.813 Y-17.256 Z52.239 E866.69049
G1 X-13.362 Y-17.647 Z52.242 E866.97119
G1 X-12.569 Y-17.204 Z52.246 E867.39836
G1 X-12.28 Y-17.378 Z52.247 E867.557
G1 X-11.32 Y-16.221 Z52.254 E868.26401
G1 X-10.524 Y-15.613 Z52.259 E868.73505
G1 X-8.492 Y-14.663 Z52.269 E869.78991
G1 X-7.16 Y-16.495 Z52.279 E870.85509
G1 X-7.174 Y-18.208 Z52.287 E871.66069
G1 X-7.28 Y-19.699 Z52.294 E872.36363
G1 X-7.258 Y-20.891 Z52.3 E872.92429
G1 X-6.148 Y-21.193 Z52.305 E873.46526
G1 X-5.604 Y-21.408 Z52.308 E873.74034
G1 X-5.233 Y-20.951 Z52.31 E874.01716
G1 X-4.538 Y-19.811 Z52.316 E874.64504
G1 X-3.751 Y-18.45 Z52.324 E875.38438
G1 X-2.236 Y-16.797 Z52.334 E876.43883
G1 X-.365 Y-17.937 Z52.344 E877.46917
G1 X-.21 Y-21.255 Z52.359 E879.03122
G1 X0.755 Y-21.297 Z52.364 E879.48546
G1 X1.32 Y-22.071 Z52.368 E879.93611
G1 X2.423 Y-21.896 Z52.373 E880.4613
G1 X2.999 Y-21.918 Z52.376 E880.73238
G1 X3.172 Y-21.356 Z52.378 E881.0089
G1 X3.494 Y-19.322 Z52.388 E881.97734
G1 X6.006 Y-18.996 Z52.399 E883.16856
G1 X6.436 Y-20.207 Z52.405 E883.7729
G1 X8.117 Y-19.729 Z52.413 E884.59476
G1 X8.666 Y-19.284 Z52.417 E884.9271
G1 X9.672 Y-19.877 Z52.422 E885.47626
G1 X10.604 Y-19.276 Z52.427 E885.99778
G1 X11.146 Y-19.103 Z52.43 E886.26533
G1 X11.076 Y-18.285 Z52.433 E886.65142
G1 X12.708 Y-17.049 Z52.443 E887.61417
G1 X11.112 Y-14.73 Z52.456 E888.93803
G1 X12.563 Y-12.942 Z52.466 E890.02091
G1 X14.082 Y-13.586 Z52.474 E890.7968
G1 X15.418 Y-14.243 Z52.481 E891.49694
G1 X16.536 Y-14.667 Z52.486 E892.05924
G1 X17.145 Y-13.732 Z52.491 E892.58399
G1 X17.594 Y-13.391 Z52.494 E892.84913
G1 X17.187 Y-12.582 Z52.498 E893.27501
G1 X17.444 Y-12.228 Z52.5 E893.48073
;TIME_ELAPSED:481.810470
;LAYER:52
;TYPE:WALL-OUTER
;MESH:ceramic_two_component_3mm_nozzle_v4.stl
G1 X16.213 Y-11.333 Z52.507 E894.19646
G1 X15.599 Y-10.523 Z52.512 E894.67445
G1 X14.758 Y-8.681 Z52.522 E895.6267
G1 X16.545 Y-7.153 Z52.533 E896.7324
G1 X18.144 Y-7.158 Z52.541 E897.48437
G1 X19.457 Y-7.238 Z52.547 E898.10298
G1 X20.512 Y-7.224 Z52.552 E898.59915
G1 X21.069 Y-6.118 Z52.558 E899.18151
G1 X21.091 Y-5.402 Z52.561 E899.51838
G1 X20.617 Y-5.064 Z52.564 E899.79215
G1 X19.229 Y-4.217 Z52.572 E900.55682
G1 X18.44 Y-3.75 Z52.576 E900.98799
G1 X16.961 Y-2.363 Z52.586 E901.94151
G1 X18.069 Y-.361 Z52.597 E903.01756
G1 X21.3 Y-.361 Z52.612 E904.537
G1 X21.408 Y0.86 Z52.618 E905.11344
G1 X21.776 Y1.155 Z52.62 E905.33524
G1 X21.781 Y2.405 Z52.626 E905.92308
G1 X21.549 Y3.067 Z52.629 E906.25296
G1 X21.03 Y3.196 Z52.632 E906.50446
G1 X19.3 Y3.533 Z52.64 E907.33332
G1 X19.135 Y5.82 Z52.651 E908.41162
G1 X20.369 Y6.238 Z52.658 E909.02432
G1 X20.021 Y7.311 Z52.663 E909.5548
G1 X19.244 Y8.626 Z52.67 E910.27309
G1 X19.664 Y9.405 Z52.674 E910.68928
G1 X19.183 Y10.547 Z52.68 E911.27202
G1 X18.733 Y11.073 Z52.684 E911.59755
G1 X18.372 Y11.051 Z52.685 E911.76763
G1 X17.021 Y12.812 Z52.696 E912.81141
G1 X14.809 Y11.206 Z52.709 E914.09691
G1 X13.024 Y12.506 Z52.719 E915.13536
G1 X13.56 Y14.022 Z52.727 E915.89154
G1 X14.128 Y15.218 Z52.733 E916.51419
G1 X14.495 Y16.194 Z52.738 E917.00455
G1 X13.674 Y17.065 Z52.744 E917.56743
G1 X13.077 Y17.389 Z52.747 E917.88687
G1 X12.664 Y17.189 Z52.75 E918.10266
G1 X12.228 Y17.444 Z52.752 E918.34019
G1 X11.333 Y16.213 Z52.759 E919.05593
G1 X10.518 Y15.609 Z52.764 E919.53298
G1 X8.661 Y14.802 Z52.774 E920.48517
G1 X7.179 Y16.545 Z52.785 E921.56108
G1 X7.161 Y18.144 Z52.792 E922.31309
G1 X7.224 Y19.458 Z52.798 E922.93173
G1 X7.184 Y20.51 Z52.803 E923.42681
G1 X6.096 Y20.975 Z52.809 E923.98324
G1 X5.434 Y21.063 Z52.812 E924.29729
G1 X5.08 Y20.607 Z52.815 E924.56877
G1 X4.215 Y19.23 Z52.823 E925.3335
G1 X3.742 Y18.448 Z52.827 E925.76329
G1 X2.327 Y16.994 Z52.837 E926.71741
G1 X0.361 Y18.069 Z52.847 E927.77114
G1 X0.361 Y21.3 Z52.863 E929.29058
G1 X-.899 Y21.377 Z52.869 E929.88423
G1 X-1.199 Y21.741 Z52.871 E930.10605
G1 X-2.39 Y21.686 Z52.877 E930.66674
G1 X-3.028 Y21.536 Z52.88 E930.97495
G1 X-3.175 Y21.026 Z52.882 E931.22455
G1 X-3.53 Y19.266 Z52.891 E932.0689
G1 X-5.819 Y19.116 Z52.902 E933.14765
G1 X-6.238 Y20.369 Z52.908 E933.76897
G1 X-7.311 Y20.021 Z52.914 E934.29945
G1 X-8.58 Y19.173 Z52.921 E935.0172
G1 X-9.433 Y19.615 Z52.925 E935.46899
G1 X-10.496 Y19.101 Z52.931 E936.02426
G1 X-11.033 Y18.736 Z52.934 E936.32961
G1 X-11.018 Y18.374 Z52.936 E936.49999
G1 X-12.812 Y17.021 Z52.947 E937.55669
G1 X-11.206 Y14.809 Z52.96 E938.84219
G1 X-12.513 Y13.029 Z52.97 E939.88069
G1 X-14.022 Y13.562 Z52.978 E940.63329
G1 X-15.224 Y14.115 Z52.984 E941.25551
G1 X-16.208 Y14.459 Z52.989 E941.74572
G1 X-16.986 Y13.617 Z52.995 E942.28484
G1 X-17.352 Y13.096 Z52.998 E942.58426
G1 X-17.157 Y12.68 Z53 E942.80032
G1 X-17.444 Y12.228 Z53.002 E943.05211
G1 X-16.212 Y11.333 Z53.01 E943.76823
G1 X-15.62 Y10.513 Z53.014 E944.24384
G1 X-14.845 Y8.641 Z53.024 E945.19664
G1 X-16.545 Y7.205 Z53.035 E946.24315
G1 X-18.144 Y7.163 Z53.042 E946.99537
G1 X-19.459 Y7.211 Z53.049 E947.61418
G1 X-20.509 Y7.144 Z53.054 E948.10897
G1 X-20.881 Y6.075 Z53.059 E948.64126
G1 X-21.036 Y5.465 Z53.062 E948.93724
G1 X-20.597 Y5.096 Z53.065 E949.20693
G1 X-19.231 Y4.213 Z53.072 E949.97184
G1 X-18.456 Y3.733 Z53.077 E950.40054
G1 X-17.028 Y2.29 Z53.086 E951.35525
G1 X-18.069 Y0.361 Z53.097 E952.38607
G1 X-21.3 Y0.361 Z53.112 E953.90551
G1 X-21.347 Y-.938 Z53.119 E954.51679
G1 X-21.706 Y-1.243 Z53.121 E954.73832
G1 X-21.591 Y-2.374 Z53.126 E955.27293
G1 X-21.523 Y-2.988 Z53.129 E955.56344
G1 X-21.023 Y-3.154 Z53.132 E955.8112
G1 X-19.231 Y-3.528 Z53.14 E956.67208
G1 X-19.096 Y-5.818 Z53.151 E957.75086
G1 X-20.369 Y-6.238 Z53.158 E958.38126
G1 X-20.02 Y-7.311 Z53.163 E958.91188
G1 X-19.102 Y-8.534 Z53.17 E959.63101
G1 X-19.566 Y-9.46 Z53.175 E960.11809
G1 X-19.019 Y-10.444 Z53.181 E960.64753
G1 X-18.738 Y-10.993 Z53.184 E960.93756
G1 X-18.376 Y-10.984 Z53.185 E961.10785
G1 X-17.02 Y-12.812 Z53.196 E962.1782
G1 X-14.809 Y-11.205 Z53.209 E963.46359
G1 X-13.034 Y-12.519 Z53.22 E964.50215
G1 X-13.564 Y-14.021 Z53.227 E965.25118
G1 X-14.103 Y-15.23 Z53.234 E965.87368
G1 X-14.422 Y-16.222 Z53.239 E966.36372
G1 X-13.561 Y-16.908 Z53.244 E966.88142
G1 X-13.114 Y-17.314 Z53.247 E967.1654
G1 X-12.696 Y-17.125 Z53.249 E967.38113
G1 X-12.228 Y-17.444 Z53.252 E967.64748
G1 X-11.333 Y-16.212 Z53.259 E968.3636
G1 X-10.508 Y-15.631 Z53.264 E968.83812
G1 X-8.62 Y-14.889 Z53.273 E969.7921
G1 X-7.231 Y-16.545 Z53.284 E970.80854
G1 X-7.166 Y-18.144 Z53.291 E971.56112
G1 X-7.197 Y-19.46 Z53.297 E972.18017
G1 X-7.105 Y-20.508 Z53.303 E972.67491
G1 X-6.053 Y-20.787 Z53.308 E973.18673
G1 X-5.497 Y-21.008 Z53.311 E973.4681
G1 X-5.112 Y-20.587 Z53.313 E973.73638
G1 X-4.218 Y-19.241 Z53.321 E974.49627
G1 X-3.725 Y-18.464 Z53.325 E974.92901
G1 X-2.254 Y-17.061 Z53.335 E975.88497
G1 X-.361 Y-18.069 Z53.345 E976.89353
G1 X-.361 Y-21.3 Z53.361 E978.41297
G1 X0.977 Y-21.316 Z53.367 E979.04224
G1 X1.288 Y-21.671 Z53.369 E979.26419
G1 X2.359 Y-21.495 Z53.374 E979.7746
G1 X2.949 Y-21.51 Z53.377 E980.05215
G1 X3.132 Y-21.019 Z53.38 E980.29857
G1 X3.525 Y-19.197 Z53.389 E981.1751
G1 X5.817 Y-19.076 Z53.4 E982.25446
G1 X6.238 Y-20.369 Z53.406 E982.89394
G1 X7.311 Y-20.02 Z53.411 E983.42456
G1 X8.488 Y-19.03 Z53.419 E984.14783
G1 X9.488 Y-19.517 Z53.424 E984.6709
G1 X10.393 Y-18.937 Z53.429 E985.1764
G1 X10.953 Y-18.741 Z53.432 E985.45541
G1 X10.951 Y-18.378 Z53.434 E985.62612
G1 X12.812 Y-17.02 Z53.445 E986.70953
G1 X11.205 Y-14.809 Z53.458 E987.99492
G1 X12.525 Y-13.038 Z53.468 E989.03365
G1 X14.02 Y-13.566 Z53.476 E989.77927
G1 X15.237 Y-14.091 Z53.482 E990.40257
G1 X16.236 Y-14.386 Z53.487 E990.89242
G1 X16.829 Y-13.504 Z53.492 E991.39223
G1 X17.277 Y-13.133 Z53.495 E991.66577
G1 X17.092 Y-12.712 Z53.497 E991.88203
G1 X17.444 Y-12.228 Z53.5 E992.16347
;TIME_ELAPSED:487.339542
;LAYER:53
;note -- min layer time used
;TYPE:WALL-OUTER
;MESH:ceramic_two_component_3mm_nozzle_v4.stl
G1 F2362.8 X16.378 Y-11.453 Z53.507 E992.78326
G1 X15.721 Y-10.617 Z53.512 E993.28328
G1 X15.046 Y-8.891 Z53.522 E994.15483
G1 X16.743 Y-7.251 Z53.533 E995.26465
G1 X18.221 Y-7.173 Z53.541 E995.96068
G1 X19.371 Y-7.185 Z53.547 E996.50152
G1 X20.145 Y-7.111 Z53.551 E996.86717
G1 X20.289 Y-7.093 Z53.552 E996.93541
G1 X20.695 Y-6.06 Z53.557 E997.45737
G1 X20.817 Y-5.362 Z53.561 E997.7906
G1 X20.432 Y-5.025 Z53.563 E998.03122
G1 X19.215 Y-4.192 Z53.571 E998.72476
G1 X18.593 Y-3.788 Z53.575 E999.07356
G1 X17.32 Y-2.444 Z53.584 E999.94411
G1 X18.385 Y-.361 Z53.596 E1001.04429
G1 X21.3 Y-.361 Z53.611 E1002.41513
G1 X21.365 Y1.074 Z53.618 E1003.09066
G1 X21.496 Y1.192 Z53.619 E1003.17357
G1 X21.425 Y2.316 Z53.625 E1003.70321
G1 X21.282 Y3.005 Z53.628 E1004.03413
G1 X20.795 Y3.169 Z53.631 E1004.27579
G1 X19.179 Y3.612 Z53.639 E1005.06378
G1 X19.144 Y5.84 Z53.651 E1006.11167
G1 X20.369 Y6.238 Z53.657 E1006.71739
G1 X20.109 Y7.04 Z53.661 E1007.11387
G1 X19.012 Y8.421 Z53.67 E1007.94328
G1 X19.398 Y9.33 Z53.675 E1008.4077
G1 X18.895 Y10.331 Z53.681 E1008.93453
G1 X18.499 Y10.931 Z53.685 E1009.27261
G1 X18.379 Y10.942 E1009.32928
G1 X17.021 Y12.811 Z53.697 E1010.41573
G1 X15.034 Y11.368 Z53.71 E1011.57057
G1 X13.203 Y12.452 Z53.72 E1012.57121
G1 X13.615 Y14.082 Z53.729 E1013.36186
G1 X14.053 Y15.142 Z53.735 E1013.90123
G1 X14.278 Y15.906 Z53.739 E1014.27577
G1 X14.303 Y16.03 E1014.33526
G1 X13.493 Y16.764 Z53.745 E1014.84931
G1 X12.91 Y17.166 Z53.749 E1015.18234
G1 X12.624 Y17.156 Z53.75 E1015.31692
G1 X12.228 Y17.444 Z53.753 E1015.54719
G1 X11.453 Y16.378 Z53.759 E1016.16697
G1 X10.597 Y15.75 Z53.765 E1016.66624
G1 X8.862 Y15.125 Z53.774 E1017.53349
G1 X7.305 Y16.746 Z53.785 E1018.59048
G1 X7.196 Y18.221 Z53.793 E1019.28602
G1 X7.189 Y19.371 Z53.799 E1019.82684
G1 X7.103 Y20.144 Z53.803 E1020.19261
G1 X7.073 Y20.287 E1020.26132
G1 X6.049 Y20.638 Z53.809 E1020.77038
G1 X5.377 Y20.802 Z53.812 E1021.09567
G1 X5.027 Y20.43 Z53.815 E1021.33587
G1 X4.173 Y19.227 Z53.823 E1022.02967
G1 X3.758 Y18.612 Z53.826 E1022.37857
G1 X2.387 Y17.381 Z53.836 E1023.24507
G1 X0.361 Y18.385 Z53.847 E1024.30841
G1 X0.361 Y21.3 Z53.862 E1025.67925
G1 X-1.095 Y21.347 Z53.869 E1026.36431
G1 X-1.216 Y21.476 Z53.87 E1026.44749
G1 X-2.304 Y21.367 Z53.876 E1026.96171
G1 X-2.986 Y21.274 Z53.879 E1027.2854
G1 X-3.168 Y20.794 Z53.882 E1027.52681
G1 X-3.612 Y19.182 Z53.89 E1028.31311
G1 X-5.84 Y19.144 Z53.902 E1029.36103
G1 X-6.238 Y20.369 Z53.908 E1029.96675
G1 X-7.04 Y20.109 Z53.913 E1030.36323
G1 X-8.391 Y18.977 Z53.921 E1031.19211
G1 X-9.343 Y19.37 Z53.927 E1031.67646
G1 X-10.299 Y18.846 Z53.932 E1032.18914
G1 X-10.916 Y18.499 Z53.936 E1032.52204
G1 X-10.942 Y18.379 E1032.57978
G1 X-12.811 Y17.021 Z53.948 E1033.66623
G1 X-11.368 Y15.034 Z53.961 E1034.82107
G1 X-12.488 Y13.23 Z53.971 E1035.81963
G1 X-14.073 Y13.637 Z53.98 E1036.5892
G1 X-15.14 Y14.057 Z53.986 E1037.12845
G1 X-15.908 Y14.269 Z53.99 E1037.50312
G1 X-16.036 Y14.285 E1037.56378
G1 X-16.715 Y13.461 Z53.996 E1038.0659
G1 X-17.155 Y12.914 Z53.999 E1038.39603
G1 X-17.156 Y12.624 Z54.001 E1038.53241
G1 X-17.444 Y12.228 Z54.003 E1038.76268
G1 X-16.377 Y11.453 Z54.01 E1039.38285
G1 X-15.778 Y10.578 Z54.015 E1039.88152
G1 X-15.203 Y8.832 Z54.025 E1040.74599
G1 X-16.749 Y7.358 Z54.036 E1041.75052
G1 X-18.22 Y7.219 Z54.043 E1042.44537
G1 X-19.371 Y7.193 Z54.049 E1042.98679
G1 X-20.143 Y7.094 Z54.053 E1043.35281
G1 X-20.285 Y7.054 Z54.054 E1043.42219
G1 X-20.58 Y6.037 Z54.059 E1043.92017
G1 X-20.787 Y5.392 Z54.062 E1044.23873
G1 X-20.428 Y5.03 Z54.065 E1044.47848
G1 X-19.239 Y4.154 Z54.072 E1045.173
G1 X-18.631 Y3.729 Z54.076 E1045.52186
G1 X-17.442 Y2.33 Z54.086 E1046.38528
G1 X-18.385 Y0.361 Z54.097 E1047.41195
G1 X-21.3 Y0.361 Z54.111 E1048.78279
G1 X-21.328 Y-1.116 Z54.119 E1049.4775
G1 X-21.455 Y-1.24 Z54.12 E1049.56098
G1 X-21.309 Y-2.293 Z54.125 E1050.06091
G1 X-21.267 Y-2.967 Z54.129 E1050.37849
G1 X-20.794 Y-3.167 Z54.131 E1050.61999
G1 X-19.186 Y-3.613 Z54.14 E1051.40473
G1 X-19.144 Y-5.841 Z54.151 E1052.45268
G1 X-20.369 Y-6.239 Z54.158 E1053.0584
G1 X-20.108 Y-7.04 Z54.162 E1053.45458
G1 X-18.943 Y-8.361 Z54.171 E1054.28288
G1 X-19.342 Y-9.357 Z54.176 E1054.78745
G1 X-18.798 Y-10.266 Z54.182 E1055.28564
G1 X-18.499 Y-10.9 Z54.185 E1055.61528
G1 X-18.379 Y-10.942 Z54.186 E1055.67507
G1 X-17.021 Y-12.812 Z54.198 E1056.7619
G1 X-15.033 Y-11.368 Z54.21 E1057.91739
G1 X-13.257 Y-12.524 Z54.221 E1058.91393
G1 X-13.658 Y-14.064 Z54.229 E1059.6623
G1 X-14.061 Y-15.139 Z54.235 E1060.2022
G1 X-14.26 Y-15.911 Z54.239 E1060.57711
G1 X-14.266 Y-16.042 Z54.24 E1060.63878
G1 X-13.428 Y-16.666 Z54.245 E1061.13012
G1 X-12.919 Y-17.143 Z54.248 E1061.45817
G1 X-12.624 Y-17.156 Z54.25 E1061.59704
G1 X-12.228 Y-17.444 Z54.252 E1061.8273
G1 X-11.453 Y-16.377 Z54.259 E1062.44747
G1 X-10.558 Y-15.807 Z54.264 E1062.94648
G1 X-8.802 Y-15.282 Z54.274 E1063.80839
G1 X-7.412 Y-16.752 Z54.284 E1064.7598
G1 X-7.242 Y-18.22 Z54.292 E1065.45477
G1 X-7.198 Y-19.371 Z54.297 E1065.99644
G1 X-7.085 Y-20.143 Z54.301 E1066.36336
G1 X-7.034 Y-20.283 Z54.302 E1066.43343
G1 X-6.025 Y-20.522 Z54.307 E1066.92106
G1 X-5.407 Y-20.772 Z54.311 E1067.23457
G1 X-5.033 Y-20.426 Z54.313 E1067.47417
G1 X-4.136 Y-19.25 Z54.321 E1068.16973
G1 X-3.7 Y-18.65 Z54.325 E1068.51852
G1 X-2.273 Y-17.503 Z54.334 E1069.3795
G1 X-.361 Y-18.385 Z54.345 E1070.36972
G1 X-.361 Y-21.3 Z54.359 E1071.74055
G1 X1.137 Y-21.31 Z54.367 E1072.44503
G1 X1.263 Y-21.434 Z54.368 E1072.52817
G1 X2.282 Y-21.251 Z54.373 E1073.01504
G1 X2.948 Y-21.259 Z54.377 E1073.32826
G1 X3.166 Y-20.793 Z54.379 E1073.5702
G1 X3.613 Y-19.189 Z54.388 E1074.35326
G1 X5.841 Y-19.144 Z54.399 E1075.40123
G1 X6.239 Y-20.369 Z54.405 E1076.00696
G1 X7.04 Y-20.108 Z54.41 E1076.40314
G1 X8.331 Y-18.908 Z54.419 E1077.23203
G1 X9.371 Y-19.314 Z54.424 E1077.75705
G1 X10.234 Y-18.749 Z54.43 E1078.24214
G1 X10.885 Y-18.499 Z54.433 E1078.57008
G1 X10.942 Y-18.379 Z54.434 E1078.63256
G1 X12.812 Y-17.021 Z54.446 E1079.71939
G1 X11.368 Y-15.033 Z54.458 E1080.87488
G1 X12.56 Y-13.284 Z54.469 E1081.87024
G1 X14.055 Y-13.68 Z54.477 E1082.59754
G1 X15.137 Y-14.065 Z54.482 E1083.13762
G1 X15.914 Y-14.251 Z54.487 E1083.51335
G1 X16.048 Y-14.248 E1083.57638
G1 X16.617 Y-13.395 Z54.492 E1084.05857
G1 X17.132 Y-12.924 Z54.496 E1084.38678
G1 X17.156 Y-12.624 Z54.498 E1084.52831
G1 X17.444 Y-12.228 Z54.5 E1084.75858
;TIME_ELAPSED:492.573323
;LAYER:54
;note -- min layer time used
;TYPE:WALL-OUTER
;MESH:ceramic_two_component_3mm_nozzle_v4.stl
G1 F2207.8 X16.617 Y-11.627 Z54.506 E1085.23935
G1 X15.945 Y-10.721 Z54.512 E1085.76982
G1 X15.46 Y-9.127 Z54.521 E1086.55336
G1 X17.032 Y-7.432 Z54.533 E1087.64051
G1 X18.372 Y-7.261 Z54.541 E1088.27579
G1 X19.364 Y-7.206 Z54.546 E1088.74301
G1 X20.088 Y-7.087 Z54.55 E1089.08805
G1 X20.678 Y-5.325 Z54.56 E1089.96189
G1 X20.393 Y-5.008 Z54.562 E1090.16236
G1 X19.341 Y-4.171 Z54.57 E1090.79457
G1 X18.852 Y-3.799 Z54.573 E1091.08351
G1 X17.796 Y-2.5 Z54.582 E1091.87078
G1 X18.842 Y-.361 Z54.595 E1092.99052
G1 X21.3 Y-.361 Z54.609 E1094.14645
G1 X21.313 Y1.166 Z54.617 E1094.86457
G1 X21.208 Y2.274 Z54.623 E1095.38797
G1 X21.114 Y3.006 Z54.627 E1095.73503
G1 X20.756 Y3.18 Z54.629 E1095.92222
G1 X19.201 Y3.796 Z54.638 E1096.70878
G1 X19.35 Y5.908 Z54.65 E1097.70446
G1 X20.368 Y6.238 Z54.655 E1098.20772
G1 X20.097 Y7.054 Z54.66 E1098.61207
G1 X18.969 Y8.226 Z54.669 E1099.37704
G1 X19.246 Y9.245 Z54.675 E1099.87363
G1 X18.719 Y10.215 Z54.681 E1100.39277
G1 X18.506 Y10.792 Z54.684 E1100.68202
G1 X18.025 Y11.429 Z54.688 E1101.05739
G1 X17.021 Y12.812 Z54.698 E1101.86109
G1 X15.38 Y11.621 Z54.709 E1102.81463
G1 X13.541 Y12.47 Z54.72 E1103.76717
G1 X13.771 Y14.185 Z54.729 E1104.58091
G1 X14.083 Y15.129 Z54.735 E1105.04846
G1 X14.216 Y15.752 Z54.738 E1105.34804
G1 X14.238 Y15.9 Z54.739 E1105.41841
G1 X12.767 Y17.095 Z54.749 E1106.30967
G1 X12.828 Y17.113 E1106.33958
G1 X12.228 Y17.444 Z54.753 E1106.66183
G1 X11.627 Y16.617 Z54.759 E1107.1426
G1 X10.69 Y15.997 Z54.765 E1107.67097
G1 X9.097 Y15.571 Z54.774 E1108.44644
G1 X7.515 Y17.044 Z54.786 E1109.46297
G1 X7.305 Y18.375 Z54.793 E1110.09664
G1 X7.227 Y19.365 Z54.798 E1110.56365
G1 X7.089 Y20.089 Z54.802 E1110.91026
G1 X5.329 Y20.673 Z54.812 E1111.78231
G1 X5 Y20.399 Z54.815 E1111.98366
G1 X4.136 Y19.369 Z54.822 E1112.61589
G1 X3.751 Y18.887 Z54.825 E1112.906
G1 X2.429 Y17.888 Z54.834 E1113.68524
G1 X0.361 Y18.842 Z54.847 E1114.75626
G1 X0.361 Y21.3 Z54.86 E1115.91218
G1 X-1.17 Y21.31 Z54.868 E1116.63218
G1 X-2.269 Y21.182 Z54.874 E1117.1525
G1 X-3.004 Y21.113 Z54.878 E1117.49967
G1 X-3.19 Y20.759 Z54.881 E1117.68773
G1 X-3.797 Y19.225 Z54.89 E1118.46355
G1 X-5.908 Y19.35 Z54.901 E1119.45803
G1 X-6.238 Y20.368 Z54.907 E1119.96129
G1 X-7.055 Y20.098 Z54.912 E1120.36594
G1 X-8.213 Y18.955 Z54.92 E1121.13111
G1 X-9.249 Y19.237 Z54.926 E1121.63604
G1 X-10.2 Y18.696 Z54.932 E1122.15056
G1 X-10.781 Y18.476 Z54.936 E1122.44273
G1 X-11.429 Y18.025 Z54.94 E1122.814
G1 X-12.812 Y17.021 Z54.949 E1123.6177
G1 X-11.621 Y15.38 Z54.96 E1124.57124
G1 X-12.531 Y13.583 Z54.971 E1125.5185
G1 X-14.17 Y13.813 Z54.98 E1126.29682
G1 X-15.12 Y14.102 Z54.985 E1126.7638
G1 X-15.751 Y14.221 Z54.989 E1127.06577
G1 X-15.902 Y14.229 Z54.99 E1127.13688
G1 X-17.044 Y12.763 Z55 E1128.01079
G1 X-17.087 Y12.826 E1128.04666
G1 X-17.444 Y12.228 Z55.004 E1128.37418
G1 X-16.617 Y11.626 Z55.01 E1128.85523
G1 X-16.049 Y10.659 Z55.016 E1129.38262
G1 X-15.682 Y9.067 Z55.025 E1130.15093
G1 X-17.055 Y7.597 Z55.036 E1131.09687
G1 X-18.377 Y7.35 Z55.043 E1131.72932
G1 X-19.367 Y7.248 Z55.048 E1132.19736
G1 X-20.089 Y7.091 Z55.052 E1132.54483
G1 X-20.669 Y5.332 Z55.062 E1133.41584
G1 X-20.405 Y4.993 Z55.065 E1133.61791
G1 X-19.396 Y4.1 Z55.072 E1134.25155
G1 X-18.922 Y3.704 Z55.075 E1134.54202
G1 X-17.979 Y2.358 Z55.084 E1135.31489
G1 X-18.842 Y0.361 Z55.096 E1136.33796
G1 X-21.3 Y0.361 Z55.11 E1137.49389
G1 X-21.306 Y-1.174 Z55.118 E1138.21576
G1 X-21.156 Y-2.264 Z55.124 E1138.73319
G1 X-21.112 Y-3.001 Z55.128 E1139.08039
G1 X-20.761 Y-3.2 Z55.13 E1139.27014
G1 X-19.25 Y-3.798 Z55.139 E1140.03435
G1 X-19.351 Y-5.908 Z55.15 E1141.02775
G1 X-20.369 Y-6.238 Z55.156 E1141.53101
G1 X-20.1 Y-7.057 Z55.161 E1141.93641
G1 X-18.941 Y-8.2 Z55.17 E1142.70192
G1 X-19.227 Y-9.253 Z55.176 E1143.21505
G1 X-18.673 Y-10.186 Z55.182 E1143.72533
G1 X-18.446 Y-10.771 Z55.185 E1144.02043
G1 X-18.025 Y-11.43 Z55.189 E1144.38818
G1 X-17.021 Y-12.812 Z55.198 E1145.19149
G1 X-15.38 Y-11.62 Z55.209 E1146.14531
G1 X-13.625 Y-12.593 Z55.22 E1147.089
G1 X-13.855 Y-14.155 Z55.229 E1147.83148
G1 X-14.121 Y-15.111 Z55.234 E1148.29814
G1 X-14.225 Y-15.75 Z55.238 E1148.6026
G1 X-14.22 Y-15.905 Z55.239 E1148.67553
G1 X-12.758 Y-16.994 Z55.249 E1149.53283
G1 X-12.823 Y-17.061 E1149.57673
G1 X-12.228 Y-17.445 Z55.253 E1149.90976
G1 X-11.626 Y-16.617 Z55.259 E1150.39118
G1 X-10.628 Y-16.101 Z55.265 E1150.91953
G1 X-9.037 Y-15.793 Z55.273 E1151.68162
G1 X-7.68 Y-17.066 Z55.284 E1152.55663
G1 X-7.394 Y-18.38 Z55.291 E1153.18903
G1 X-7.269 Y-19.368 Z55.296 E1153.65736
G1 X-7.093 Y-20.09 Z55.3 E1154.00684
G1 X-5.336 Y-20.664 Z55.31 E1154.87608
G1 X-4.985 Y-20.411 Z55.313 E1155.07956
G1 X-4.065 Y-19.424 Z55.32 E1155.71409
G1 X-3.656 Y-18.957 Z55.323 E1156.00602
G1 X-2.287 Y-18.071 Z55.332 E1156.77289
G1 X-.361 Y-18.842 Z55.344 E1157.74851
G1 X-.361 Y-21.3 Z55.357 E1158.90443
G1 X1.178 Y-21.302 Z55.365 E1159.62818
G1 X2.259 Y-21.13 Z55.371 E1160.14294
G1 X2.999 Y-21.111 Z55.375 E1160.49105
G1 X3.209 Y-20.766 Z55.377 E1160.68099
G1 X3.799 Y-19.274 Z55.386 E1161.4355
G1 X5.908 Y-19.351 Z55.398 E1162.42797
G1 X6.238 Y-20.369 Z55.404 E1162.93123
G1 X7.058 Y-20.101 Z55.408 E1163.33692
G1 X8.187 Y-18.927 Z55.417 E1164.10289
G1 X9.257 Y-19.218 Z55.423 E1164.62435
G1 X10.171 Y-18.651 Z55.429 E1165.13017
G1 X10.76 Y-18.415 Z55.432 E1165.42857
G1 X11.43 Y-18.025 Z55.437 E1165.79314
G1 X12.812 Y-17.021 Z55.446 E1166.59646
G1 X11.62 Y-15.38 Z55.457 E1167.55028
G1 X12.655 Y-13.667 Z55.468 E1168.49148
G1 X14.14 Y-13.897 Z55.476 E1169.19816
G1 X15.103 Y-14.141 Z55.481 E1169.66534
G1 X15.749 Y-14.23 Z55.485 E1169.972
G1 X15.907 Y-14.211 Z55.486 E1170.04684
G1 X16.944 Y-12.754 Z55.495 E1170.88785
G1 X17.035 Y-12.821 Z55.496 E1170.941
G1 X17.445 Y-12.228 Z55.5 E1171.28003
;TIME_ELAPSED:497.762325
;LAYER:55
;TYPE:WALL-OUTER
;MESH:ceramic_two_component_3mm_nozzle_v4.stl
G1 F2074.3 X16.89 Y-11.824 Z55.502 E1171.60285
G1 X16.239 Y-10.785 Z55.506 E1172.17945
G1 X15.96 Y-9.344 Z55.511 E1172.86969
G1 X17.35 Y-7.698 Z55.517 E1173.88283
G1 X18.518 Y-7.421 Z55.521 E1174.44733
G1 X19.354 Y-7.294 Z55.524 E1174.84499
G1 X20.069 Y-7.102 Z55.526 E1175.19314
G1 X20.619 Y-5.468 Z55.532 E1176.00392
G1 X20.546 Y-5.165 Z55.533 E1176.15048
G1 X20.348 Y-4.905 Z55.534 E1176.30417
G1 X19.539 Y-4.108 Z55.537 E1176.83822
G1 X19.157 Y-3.751 Z55.539 E1177.0841
G1 X18.349 Y-2.51 Z55.544 E1177.7805
G1 X19.36 Y-.361 Z55.551 E1178.89736
G1 X21.3 Y-.361 Z55.557 E1179.80967
G1 X21.3 Y0.57 Z55.56 E1180.24749
G1 X21.11 Y2.256 Z55.566 E1181.04538
G1 X21.017 Y3.057 Z55.568 E1181.42459
G1 X20.673 Y3.264 Z55.569 E1181.61339
G1 X19.314 Y4.057 Z55.574 E1182.35333
G1 X19.647 Y6.003 Z55.581 E1183.28177
G1 X20.369 Y6.238 Z55.583 E1183.63884
G1 X20.146 Y6.924 Z55.585 E1183.97806
G1 X19.265 Y6 Z55.589 E1184.57844
G1 X19.184 Y9.148 Z55.599 E1186.05933
G1 X18.636 Y10.161 Z55.603 E1186.60095
G1 X18.414 Y10.702 Z55.605 E1186.87595
G1 X17.459 Y12.21 Z55.61 E1187.71535
G1 X17.021 Y12.812 Z55.613 E1188.06546
G1 X15.809 Y11.931 Z55.617 E1188.77009
G1 X14.019 Y12.542 Z55.623 E1189.65955
G1 X13.99 Y14.258 Z55.629 E1190.46665
G1 X14.17 Y15.08 Z55.632 E1190.86237
G1 X14.223 Y15.587 Z55.633 E1191.10209
G1 X14.224 Y15.793 Z55.634 E1191.19897
G1 X12.748 Y16.935 Z55.64 E1192.07658
G1 X12.811 Y17.021 E1192.12672
G1 X12.228 Y17.445 Z55.642 E1192.46572
G1 X11.824 Y16.89 Z55.644 E1192.78854
G1 X10.751 Y16.314 Z55.648 E1193.36125
G1 X9.322 Y16.097 Z55.653 E1194.04096
G1 X7.803 Y17.376 Z55.659 E1194.97479
G1 X7.484 Y18.528 Z55.663 E1195.53693
G1 X7.329 Y19.359 Z55.666 E1195.93446
G1 X7.11 Y20.072 Z55.668 E1196.28522
G1 X5.468 Y20.619 Z55.673 E1197.09911
G1 X5.159 Y20.553 Z55.674 E1197.2477
G1 X4.887 Y20.366 Z55.675 E1197.40293
G1 X4.061 Y19.583 Z55.679 E1197.93816
G1 X3.691 Y19.211 Z55.681 E1198.1849
G1 X2.437 Y18.467 Z55.685 E1198.87059
G1 X0.361 Y19.36 Z55.692 E1199.93335
G1 X0.361 Y21.3 Z55.699 E1200.84567
G1 X-.57 Y21.3 Z55.702 E1201.28349
G1 X-2.252 Y21.096 Z55.707 E1202.08027
G1 X-3.057 Y21.017 Z55.709 E1202.46065
G1 X-3.288 Y20.683 Z55.711 E1202.65163
G1 X-4.056 Y19.353 Z55.716 E1203.37387
G1 X-6.003 Y19.647 Z55.722 E1204.29986
G1 X-6.238 Y20.369 Z55.724 E1204.65692
G1 X-6.924 Y20.146 Z55.726 E1204.99614
G1 X-6.145 Y19.129 Z55.731 E1205.59859
G1 X-9.149 Y19.183 Z55.74 E1207.01149
G1 X-10.152 Y18.624 Z55.744 E1207.55148
G1 X-10.695 Y18.396 Z55.745 E1207.82843
G1 X-12.21 Y17.459 Z55.751 E1208.66614
G1 X-12.812 Y17.021 Z55.753 E1209.01624
G1 X-11.931 Y15.809 Z55.758 E1209.72087
G1 X-12.618 Y14.065 Z55.764 E1210.60236
G1 X-14.243 Y14.051 Z55.769 E1211.36657
G1 X-15.072 Y14.204 Z55.772 E1211.763
G1 X-15.585 Y14.24 Z55.774 E1212.00484
G1 X-15.793 Y14.223 E1212.10299
G1 X-16.928 Y12.742 Z55.78 E1212.98046
G1 X-17.021 Y12.811 E1213.03491
G1 X-17.445 Y12.228 Z55.783 E1213.37392
G1 X-16.889 Y11.824 Z55.785 E1213.69712
G1 X-16.389 Y10.717 Z55.789 E1214.26835
G1 X-16.235 Y9.3 Z55.793 E1214.93864
G1 X-17.402 Y7.908 Z55.799 E1215.79286
G1 X-18.537 Y7.547 Z55.803 E1216.35296
G1 X-19.364 Y7.363 Z55.805 E1216.75138
G1 X-20.074 Y7.118 Z55.808 E1217.10459
G1 X-20.619 Y5.467 Z55.813 E1217.92221
G1 X-20.561 Y5.154 Z55.814 E1218.07191
G1 X-20.383 Y4.868 Z55.815 E1218.23032
G1 X-19.628 Y4.015 Z55.819 E1218.76602
G1 X-19.265 Y3.631 Z55.821 E1219.01452
G1 X-18.586 Y2.364 Z55.825 E1219.69051
G1 X-19.36 Y0.361 Z55.832 E1220.70034
G1 X-21.3 Y0.361 Z55.838 E1221.61265
G1 X-21.3 Y-.57 Z55.841 E1222.05047
G1 X-21.082 Y-2.249 Z55.846 E1222.84668
G1 X-21.016 Y-3.057 Z55.849 E1223.22792
G1 X-20.692 Y-3.312 Z55.85 E1223.42181
G1 X-19.393 Y-4.055 Z55.855 E1224.12556
G1 X-19.647 Y-6.004 Z55.861 E1225.04986
G1 X-20.369 Y-6.238 Z55.864 E1225.40678
G1 X-20.146 Y-6.925 Z55.866 E1225.74644
G1 X-18.992 Y-6.291 Z55.87 E1226.36564
G1 X-19.182 Y-9.149 Z55.879 E1227.71263
G1 X-18.612 Y-10.144 Z55.883 E1228.25188
G1 X-18.378 Y-10.688 Z55.885 E1228.53037
G1 X-17.458 Y-12.21 Z55.89 E1229.36671
G1 X-17.02 Y-12.812 Z55.893 E1229.71682
G1 X-15.808 Y-11.931 Z55.897 E1230.42145
G1 X-14.112 Y-12.694 Z55.903 E1231.29602
G1 X-14.113 Y-14.228 Z55.908 E1232.0174
G1 X-14.238 Y-15.063 Z55.911 E1232.41445
G1 X-14.256 Y-15.583 Z55.912 E1232.65914
G1 X-14.221 Y-15.793 Z55.913 E1232.75926
G1 X-12.736 Y-16.92 Z55.919 E1233.63594
G1 X-12.81 Y-17.022 E1233.6952
G1 X-12.228 Y-17.445 Z55.922 E1234.03355
G1 X-11.824 Y-16.889 Z55.924 E1234.35675
G1 X-10.683 Y-16.464 Z55.928 E1234.92934
G1 X-9.278 Y-16.372 Z55.932 E1235.59148
G1 X-8.013 Y-17.428 Z55.937 E1236.3664
G1 X-7.61 Y-18.547 Z55.941 E1236.92572
G1 X-7.398 Y-19.37 Z55.944 E1237.32538
G1 X-7.126 Y-20.076 Z55.946 E1237.68118
G1 X-5.467 Y-20.619 Z55.952 E1238.50207
G1 X-5.148 Y-20.569 Z55.953 E1238.65392
G1 X-4.85 Y-20.401 Z55.954 E1238.8148
G1 X-3.968 Y-19.673 Z55.957 E1239.35261
G1 X-3.571 Y-19.319 Z55.959 E1239.60275
G1 X-2.291 Y-18.704 Z55.963 E1240.27056
G1 X-.361 Y-19.36 Z55.97 E1241.22917
G1 X-.361 Y-21.3 Z55.976 E1242.14149
G1 X0.57 Y-21.3 Z55.979 E1242.57931
G1 X2.246 Y-21.068 Z55.984 E1243.37499
G1 X3.057 Y-21.016 Z55.987 E1243.75716
G1 X3.336 Y-20.701 Z55.988 E1243.95504
G1 X4.054 Y-19.433 Z55.993 E1244.6403
G1 X6.004 Y-19.647 Z55.999 E1245.56283
G1 X6.238 Y-20.369 Z56.001 E1245.91974
G1 X6.925 Y-20.146 Z56.004 E1246.25941
G1 X6.436 Y-18.856 Z56.008 E1246.90818
G1 X9.15 Y-19.18 Z56.017 E1248.19354
G1 X10.135 Y-18.6 Z56.02 E1248.73109
G1 X10.681 Y-18.36 Z56.022 E1249.01157
G1 X12.21 Y-17.458 Z56.028 E1249.8464
G1 X12.812 Y-17.02 Z56.03 E1250.1965
G1 X11.931 Y-15.808 Z56.035 E1250.90114
G1 X12.77 Y-14.158 Z56.041 E1251.77163
G1 X14.213 Y-14.175 Z56.045 E1252.45027
G1 X15.055 Y-14.272 Z56.048 E1252.84885
G1 X15.581 Y-14.273 Z56.05 E1253.09621
G1 X15.793 Y-14.22 E1253.19898
G1 X16.912 Y-12.73 Z56.056 E1254.07527
G1 X17.022 Y-12.81 Z56.057 E1254.13924
G1 X17.445 Y-12.228 Z56.059 E1254.47758
G1 X16.889 Y-11.824 Z56.5 E1254.8424
G1 X16.535 Y-10.65 E1255.39021
G1 X16.499 Y-9.257 E1256.01274
G1 X17.451 Y-8.107 E1256.6797
G1 X18.555 Y-7.664 E1257.21114
G1 X19.374 Y-7.427 E1257.59204
G1 X20.078 Y-7.133 E1257.93288
G1 X20.619 Y-5.467 E1258.67424
G1 X20.575 Y-5.144 E1258.81221
G1 X20.414 Y-4.836 E1258.9593
G1 X19.706 Y-3.934 E1259.44462
G1 X19.358 Y-3.527 E1259.67126
G1 X18.787 Y-2.24 E1260.26717
G1 X19.36 Y-.361 E1261.09859
G1 X21.3 Y-.361 E1261.91967
G1 X21.3 Y0.57 E1262.29181
G1 X21.06 Y2.244 E1262.96779
G1 X21.016 Y3.057 E1263.29324
G1 X20.706 Y3.348 E1263.4632
G1 X19.452 Y4.054 E1264.03843
G1 X19.647 Y6.004 E1264.82178
G1 X20.369 Y6.238 E1265.12516
G1 X20.146 Y6.925 E1265.41388
G1 X18.805 Y6.49 E1265.94426
G1 X19.18 Y9.15 E1266.95488
G1 X18.597 Y10.133 E1267.38484
G1 X18.355 Y10.679 E1267.60952
G1 X17.458 Y12.21 E1268.27708
G1 X17.02 Y12.812 E1268.55716
G1 X15.808 Y11.931 E1269.08563
G1 X14.164 Y12.78 E1269.73822
G1 X14.181 Y14.211 E1270.24297
G1 X14.275 Y15.054 E1270.54214
G1 X14.274 Y15.581 E1270.72801
G1 X14.22 Y15.793 E1270.80517
G1 X12.73 Y16.912 E1271.46238
G1 X12.81 Y17.022 E1271.51036
G1 X12.228 Y17.445 E1271.76412
G1 X11.824 Y16.889 E1271.99036
G1 X10.65 Y16.535 E1272.39401
G1 X9.257 Y16.499 E1272.85272
G1 X8.107 Y17.451 E1273.34416
G1 X7.664 Y18.555 E1273.73575
G1 X7.427 Y19.374 E1274.01641
G1 X7.133 Y20.078 E1274.26755
G1 X5.467 Y20.619 E1274.80298
G1 X5.144 Y20.575 E1274.90262
G1 X4.836 Y20.414 E1275.00886
G1 X3.934 Y19.706 E1275.35936
G1 X3.527 Y19.358 E1275.52305
G1 X2.24 Y18.787 E1275.95343
G1 X0.361 Y19.36 E1276.5539
G1 X0.361 Y21.3 E1277.1469
G1 X-.57 Y21.3 E1277.40959
G1 X-2.244 Y21.06 E1277.88675
G1 X-3.057 Y21.016 E1278.11648
G1 X-3.348 Y20.706 E1278.23645
G1 X-4.054 Y19.452 E1278.6425
G1 X-6.004 Y19.647 E1279.19545
G1 X-6.238 Y20.369 E1279.4096
G1 X-6.925 Y20.146 E1279.6134
G1 X-6.49 Y18.805 E1279.97804
G1 X-9.15 Y19.18 E1280.67284
G1 X-10.133 Y18.597 E1280.96844
G1 X-10.679 Y18.355 E1281.12291
G1 X-12.21 Y17.458 E1281.58185
G1 X-12.812 Y17.02 E1281.77441
G1 X-11.931 Y15.808 E1282.12672
G1 X-12.78 Y14.164 E1282.56178
G1 X-14.211 Y14.181 E1282.89828
G1 X-15.054 Y14.275 E1283.09773
G1 X-15.581 Y14.274 E1283.22164
G1 X-15.793 Y14.22 E1283.27308
G1 X-16.912 Y12.73 E1283.71123
G1 X-17.022 Y12.81 E1283.74321
G1 X-17.445 Y12.228 E1283.91238
G1 X-16.889 Y11.824 E1284.05782
G1 X-16.535 Y10.65 E1284.31731
G1 X-16.499 Y9.257 E1284.61219
G1 X-17.451 Y8.107 E1284.92812
G1 X-18.555 Y7.664 E1285.17986
G1 X-19.374 Y7.427 E1285.36028
G1 X-20.078 Y7.133 E1285.52173
G1 X-20.619 Y5.467 E1285.85123
G1 X-20.575 Y5.144 E1285.91254
G1 X-20.414 Y4.836 E1285.97792
G1 X-19.706 Y3.934 E1286.19362
G1 X-19.358 Y3.527 E1286.29434
G1 X-18.787 Y2.24 E1286.55919
G1 X-19.36 Y0.361 E1286.92871
G1 X-21.3 Y0.361 E1287.29364
G1 X-21.3 Y-.57 E1287.44687
G1 X-21.06 Y-2.244 E1287.72522
G1 X-21.016 Y-3.057 E1287.85923
G1 X-20.706 Y-3.348 E1287.92921
G1 X-19.452 Y-4.054 E1288.16607
G1 X-19.647 Y-6.004 E1288.48863
G1 X-20.369 Y-6.238 E1288.61355
G1 X-20.146 Y-6.925 E1288.73243
G1 X-18.805 Y-6.49 E1288.93132
G1 X-19.18 Y-9.15 E1289.3103
G1 X-18.597 Y-10.133 E1289.47154
G1 X-18.355 Y-10.679 E1289.5558
G1 X-17.458 Y-12.21 E1289.80613
G1 X-17.02 Y-12.812 E1289.91116
G1 X-15.808 Y-11.931 E1290.08732
G1 X-14.164 Y-12.78 E1290.30485
G1 X-14.181 Y-14.211 E1290.4731
G1 X-14.275 Y-15.054 E1290.57282
G1 X-14.274 Y-15.581 E1290.63478
G1 X-14.22 Y-15.793 E1290.6605
G1 X-12.73 Y-16.912 E1290.87957
G1 X-12.81 Y-17.022 E1290.89556
G1 X-12.228 Y-17.445 E1290.98015
G1 X-11.824 Y-16.889
G1 X-10.65 Y-16.535
G1 X-9.257 Y-16.499
G1 X-8.107 Y-17.451
G1 X-7.664 Y-18.555
G1 X-7.427 Y-19.374
G1 X-7.133 Y-20.078
G1 X-5.467 Y-20.619
G1 X-5.144 Y-20.575
G1 X-4.836 Y-20.414
;TIME_ELAPSED:507.342700
G1 F1500 E1284.48015
M140 S0
M107
M104 S0
M140 S0
;Retract the filament
G92 E1
G1 E-1 F300
G28 X0 Y0
M84
M82 ;absolute extrusion mode
M104 S0
;End of Gcode
;SETTING_3 {"global_quality": "[general]\\nversion = 4\\nname = CuraProfile_3mm_
;SETTING_3 2laybase_40sec\\ndefinition = custom\\n\\n[metadata]\\ntype = quality
;SETTING_3 _changes\\nquality_type = extra coarse\\nsetting_version = 25\\n\\n[v
;SETTING_3 alues]\\nadhesion_type = none\\njerk_enabled = False\\nlayer_height =
;SETTING_3  1\\nlayer_height_0 = 0.5\\nmagic_spiralize = True\\n\\n", "extruder_
;SETTING_3 quality": ["[general]\\nversion = 4\\nname = CuraProfile_3mm_2laybase
;SETTING_3 _40sec\\ndefinition = custom\\n\\n[metadata]\\ntype = quality_changes
;SETTING_3 \\nquality_type = extra coarse\\nintent_category = default\\nposition
;SETTING_3  = 0\\nsetting_version = 25\\n\\n[values]\\nbottom_layers = 2\\nbotto
;SETTING_3 m_thickness = 1.3\\ninfill_sparse_density = 0\\nline_width = 3\\nmesh
;SETTING_3 fix_maximum_resolution = 1\\nretraction_hop = 1.0\\nretraction_hop_en
;SETTING_3 abled = True\\nspeed_layer_0 = 15.0\\nspeed_print = 40.0\\nspeed_trav
;SETTING_3 el = 30.0\\nspeed_wall = 40.0\\nspeed_wall_x = 30\\ntop_bottom_thickn
;SETTING_3 ess = 0\\ntop_layers = 0\\ntravel_avoid_other_parts = False\\nwall_li
;SETTING_3 ne_count = 3\\nwall_thickness = 3.0\\n\\n"]}
