;FLAVOR:Marlin
;TIME:937
;Filament used: 15.0855m
;Layer height: 1
;MINX:-34.348
;MINY:-34.392
;MINZ:0.5
;MAXX:34.371
;MAXY:34.371
;MAXZ:163.5
;TARGET_MACHINE.NAME:Unknown
;Generated with Cura_SteamEngine 5.11.0
M140 S60
M105
M190 S60
M104 S200
M105
M109 S200
G28 ;Home
M302 S0 ;Set cold extrusion
M92 E400 ;E Steps at 400 steps/mm M92 E-400 reverse
G1 Z15.0 F6000 ;Move the platform down 15mm
;Prime the extruder
G92 E0
G1 F200 E3
G92 E0
M82 ;absolute extrusion mode
G92 E0
G92 E0
G1 F1500 E-6.5
;LAYER_COUNT:163
;LAYER:0
M107
G1 F600 Z1.5
;MESH:rouleau_cylindrical_vase_3mm_large_v1.stl
G0 F675 X0.00 Y0.000 Z1.5
G0 X1.547 Y21.816
;TYPE:WALL-INNER
G1 F600 Z0.5
G1 F1500 E0
G1 F900 X3.112 Y21.636 E0.37041
G1 X4.364 Y21.421 E0.6691
G1 X5.842 Y21.077 E1.02592
G1 X7.349 Y20.585 E1.39867
G1 X8.498 Y20.139 E1.68847
G1 X9.67 Y19.604 E1.9914
G1 X10.74 Y19.041 E2.27569
G1 X11.836 Y18.379 E2.57676
G1 X12.842 Y17.693 E2.86306
G1 X13.836 Y16.925 E3.15842
G1 X15.019 Y15.9 E3.52647
G1 X16.1 Y14.786 E3.89146
G1 X16.925 Y13.836 E4.18731
G1 X17.684 Y12.851 E4.47969
G1 X18.392 Y11.815 E4.77474
G1 X19.041 Y10.74 E5.07
G1 X19.606 Y9.666 E5.35534
G1 X20.273 Y8.21 E5.73191
G1 X20.786 Y6.769 E6.09157
G1 X21.147 Y5.535 E6.39388
G1 X21.421 Y4.362 E6.67711
G1 X21.636 Y3.112 E6.97535
G1 X21.816 Y1.547 E7.34575
G1 X21.86 Y0.00 E7.70965
G1 X21.816 Y-1.547 E8.07355
G1 X21.636 Y-3.112 E8.44395
G1 X21.421 Y-4.364 E8.74265
G1 X21.077 Y-5.842 E9.09946
G1 X20.58 Y-7.364 E9.47593
G1 X20.143 Y-8.493 E9.76058
G1 X19.606 Y-9.666 E10.06392
G1 X19.041 Y-10.74 E10.34927
G1 X18.38 Y-11.834 E10.64981
G1 X17.697 Y-12.834 E10.93455
G1 X16.923 Y-13.839 E11.23282
G1 X15.9 Y-15.019 E11.60002
G1 X14.786 Y-16.1 E11.96501
G1 X13.833 Y-16.927 E12.2617
G1 X12.842 Y-17.693 E12.55621
G1 X11.836 Y-18.379 E12.84252
G1 X10.74 Y-19.041 E13.14358
G1 X9.659 Y-19.609 E13.43071
G1 X8.217 Y-20.269 E13.8036
G1 X6.778 Y-20.783 E14.16289
G1 X5.545 Y-21.144 E14.46498
G1 X4.359 Y-21.422 E14.75141
G1 X3.112 Y-21.636 E15.0489
G1 X1.547 Y-21.816 E15.41931
G1 X0.00 Y-21.86 E15.78321
G1 X-1.547 Y-21.816 E16.1471
G1 X-3.112 Y-21.636 E16.51751
G1 X-4.364 Y-21.421 E16.8162
G1 X-5.842 Y-21.077 E17.17302
G1 X-7.349 Y-20.585 E17.54577
G1 X-8.498 Y-20.139 E17.83557
G1 X-9.67 Y-19.604 E18.1385
G1 X-10.74 Y-19.041 E18.42279
G1 X-11.836 Y-18.379 E18.72386
G1 X-12.842 Y-17.693 E19.01017
G1 X-13.835 Y-16.925 E19.30534
G1 X-15.019 Y-15.9 E19.67356
G1 X-16.1 Y-14.786 E20.03855
G1 X-16.925 Y-13.836 E20.3344
G1 X-17.697 Y-12.834 E20.63182
G1 X-18.38 Y-11.834 E20.91656
G1 X-19.041 Y-10.74 E21.2171
G1 X-19.603 Y-9.671 E21.50108
G1 X-20.273 Y-8.203 E21.8805
G1 X-20.784 Y-6.775 E22.23712
G1 X-21.147 Y-5.534 E22.54115
G1 X-21.421 Y-4.362 E22.82415
G1 X-21.636 Y-3.112 E23.12238
G1 X-21.816 Y-1.547 E23.49279
G1 X-21.861 Y0.00 E23.85669
G1 X-21.816 Y1.547 E24.2206
G1 X-21.636 Y3.112 E24.59101
G1 X-21.421 Y4.364 E24.8897
G1 X-21.077 Y5.842 E25.24651
G1 X-20.584 Y7.354 E25.62045
G1 X-20.143 Y8.495 E25.90808
G1 X-19.606 Y9.666 E26.21099
G1 X-19.041 Y10.74 E26.49634
G1 X-18.392 Y11.815 E26.7916
G1 X-17.684 Y12.851 E27.08664
G1 X-16.926 Y13.834 E27.37851
G1 X-15.896 Y15.019 E27.74769
G1 X-14.782 Y16.104 E28.11333
G1 X-13.833 Y16.927 E28.4087
G1 X-12.841 Y17.693 E28.70339
G1 X-11.836 Y18.379 E28.9895
G1 X-10.74 Y19.041 E29.29057
G1 X-9.659 Y19.609 E29.5777
G1 X-8.217 Y20.269 E29.95059
G1 X-6.778 Y20.783 E30.30988
G1 X-5.545 Y21.144 E30.61197
G1 X-4.359 Y21.422 E30.89839
G1 X-3.112 Y21.636 E31.19589
G1 X-1.547 Y21.816 E31.56629
G1 X0.00 Y21.861 E31.9302
G1 X1.547 Y21.816 E32.2941
G0 F675 X1.662 Y23.206
G0 X1.762 Y24.811
G1 F900 X3.538 Y24.607 E32.71444
G1 X4.959 Y24.363 E33.05345
G1 X6.649 Y23.969 E33.46148
G1 X8.358 Y23.412 E33.88413
G1 X9.665 Y22.904 E34.21384
G1 X10.992 Y22.298 E34.55686
G1 X12.215 Y21.655 E34.88175
G1 X13.458 Y20.904 E35.22322
G1 X14.606 Y20.121 E35.54996
G1 X15.736 Y19.248 E35.88571
G1 X17.082 Y18.082 E36.30444
G1 X18.311 Y16.815 E36.71948
G1 X19.247 Y15.736 E37.05534
G1 X20.113 Y14.614 E37.3886
G1 X20.917 Y13.438 E37.72356
G1 X21.655 Y12.215 E38.05943
G1 X22.299 Y10.99 E38.38485
G1 X23.055 Y9.34 E38.8116
G1 X23.641 Y7.695 E39.2222
G1 X24.05 Y6.299 E39.56424
G1 X24.363 Y4.958 E39.88803
G1 X24.607 Y3.538 E40.22681
G1 X24.811 Y1.762 E40.64715
G1 X24.861 Y0.00 E41.06162
G1 X24.811 Y-1.762 E41.47609
G1 X24.607 Y-3.537 E41.89619
G1 X24.363 Y-4.959 E42.23544
G1 X23.969 Y-6.649 E42.64347
G1 X23.407 Y-8.372 E43.06961
G1 X22.908 Y-9.66 E43.39439
G1 X22.299 Y-10.99 E43.73834
G1 X21.655 Y-12.215 E44.06376
G1 X20.905 Y-13.457 E44.40491
G1 X20.125 Y-14.598 E44.72989
G1 X19.246 Y-15.738 E45.06837
G1 X18.082 Y-17.082 E45.48643
G1 X16.815 Y-18.311 E45.90147
G1 X15.735 Y-19.249 E46.23782
G1 X14.606 Y-20.121 E46.57324
G1 X13.458 Y-20.904 E46.89998
G1 X12.215 Y-21.655 E47.24146
G1 X10.983 Y-22.303 E47.56877
G1 X9.347 Y-23.051 E47.99174
G1 X7.705 Y-23.638 E48.40176
G1 X6.309 Y-24.046 E48.74373
G1 X4.956 Y-24.363 E49.07048
G1 X3.537 Y-24.607 E49.40903
G1 X1.762 Y-24.811 E49.82914
G1 X0.00 Y-24.861 E50.24361
G1 X-1.762 Y-24.811 E50.65808
G1 X-3.538 Y-24.607 E51.07842
G1 X-4.959 Y-24.363 E51.41743
G1 X-6.649 Y-23.969 E51.82546
G1 X-8.358 Y-23.412 E52.2481
G1 X-9.665 Y-22.904 E52.57782
G1 X-10.992 Y-22.298 E52.92083
G1 X-12.215 Y-21.655 E53.24572
G1 X-13.458 Y-20.904 E53.58719
G1 X-14.606 Y-20.121 E53.91393
G1 X-15.736 Y-19.248 E54.24969
G1 X-17.082 Y-18.082 E54.66841
G1 X-18.311 Y-16.815 E55.08346
G1 X-19.247 Y-15.737 E55.41914
G1 X-20.125 Y-14.598 E55.75729
G1 X-20.905 Y-13.457 E56.08227
G1 X-21.655 Y-12.215 E56.42342
G1 X-22.298 Y-10.993 E56.7481
G1 X-23.055 Y-9.333 E57.17709
G1 X-23.638 Y-7.703 E57.58413
G1 X-24.05 Y-6.298 E57.92841
G1 X-24.363 Y-4.958 E58.25196
G1 X-24.607 Y-3.538 E58.59074
G1 X-24.811 Y-1.762 E59.01108
G1 X-24.862 Y0.00 E59.42556
G1 X-24.811 Y1.762 E59.84004
G1 X-24.607 Y3.538 E60.26038
G1 X-24.363 Y4.959 E60.59939
G1 X-23.969 Y6.649 E61.00742
G1 X-23.411 Y8.361 E61.43081
G1 X-22.908 Y9.661 E61.75856
G1 X-22.299 Y10.99 E62.1023
G1 X-21.655 Y12.215 E62.42771
G1 X-20.916 Y13.438 E62.7637
G1 X-20.113 Y14.614 E63.09853
G1 X-19.248 Y15.735 E63.43146
G1 X-18.078 Y17.082 E63.85098
G1 X-16.813 Y18.313 E64.26601
G1 X-15.735 Y19.249 E64.6017
G1 X-14.605 Y20.121 E64.93731
G1 X-13.458 Y20.904 E65.26385
G1 X-12.215 Y21.655 E65.60533
G1 X-10.983 Y22.303 E65.93264
G1 X-9.348 Y23.051 E66.3554
G1 X-7.705 Y23.638 E66.76564
G1 X-6.309 Y24.046 E67.10761
G1 X-4.956 Y24.363 E67.43436
G1 X-3.537 Y24.607 E67.77291
G1 X-1.762 Y24.811 E68.19302
G1 X0.00 Y24.862 E68.60749
G1 X1.762 Y24.811 E69.02197
G0 F675 X1.663 Y23.205
G0 X1.976 Y27.806
;TYPE:WALL-OUTER
G1 F900 X3.963 Y27.578 E69.49224
G1 X5.554 Y27.305 E69.8718
G1 X7.456 Y26.861 E70.33105
G1 X9.367 Y26.238 E70.80366
G1 X10.832 Y25.669 E71.1732
G1 X12.314 Y24.992 E71.5563
G1 X13.69 Y24.269 E71.92179
G1 X15.08 Y23.429 E72.30366
G1 X16.37 Y22.549 E72.67084
G1 X17.637 Y21.57 E73.04732
G1 X19.144 Y20.264 E73.51621
G1 X20.522 Y18.845 E73.9813
G1 X21.57 Y17.637 E74.35734
G1 X22.541 Y16.378 E74.73118
G1 X23.441 Y15.06 E75.10645
G1 X24.269 Y13.69 E75.48284
G1 X24.993 Y12.314 E75.84843
G1 X25.837 Y10.47 E76.32528
G1 X26.496 Y8.621 E76.78682
G1 X26.952 Y7.062 E77.16875
G1 X27.305 Y5.554 E77.53292
G1 X27.578 Y3.963 E77.91248
G1 X27.806 Y1.976 E78.38275
G1 X27.863 Y0.00 E78.84757
G1 X27.806 Y-1.976 E79.31238
G1 X27.578 Y-3.963 E79.78265
G1 X27.305 Y-5.554 E80.16221
G1 X26.861 Y-7.456 E80.62146
G1 X26.234 Y-9.38 E81.09727
G1 X25.673 Y-10.828 E81.4624
G1 X24.993 Y-12.314 E81.84665
G1 X24.269 Y-13.69 E82.21225
G1 X23.429 Y-15.08 E82.59412
G1 X22.553 Y-16.362 E82.95921
G1 X21.57 Y-17.638 E83.33795
G1 X20.264 Y-19.144 E83.80666
G1 X18.845 Y-20.522 E84.27175
G1 X17.637 Y-21.571 E84.64794
G1 X16.37 Y-22.549 E85.02428
G1 X15.08 Y-23.429 E85.39146
G1 X13.69 Y-24.269 E85.77333
G1 X12.306 Y-24.997 E86.14103
G1 X10.478 Y-25.833 E86.61367
G1 X8.632 Y-26.492 E87.07455
G1 X7.073 Y-26.948 E87.45648
G1 X5.553 Y-27.305 E87.82361
G1 X3.963 Y-27.578 E88.20294
G1 X1.976 Y-27.806 E88.67321
G1 X0.00 Y-27.863 E89.13802
G1 X-1.976 Y-27.806 E89.60284
G1 X-3.963 Y-27.578 E90.07311
G1 X-5.554 Y-27.305 E90.45267
G1 X-7.456 Y-26.861 E90.91192
G1 X-9.367 Y-26.238 E91.38453
G1 X-10.832 Y-25.669 E91.75407
G1 X-12.314 Y-24.992 E92.13717
G1 X-13.69 Y-24.269 E92.50265
G1 X-15.08 Y-23.429 E92.88453
G1 X-16.37 Y-22.549 E93.25171
G1 X-17.637 Y-21.57 E93.62819
G1 X-19.144 Y-20.264 E94.09708
G1 X-20.522 Y-18.845 E94.56217
G1 X-21.57 Y-17.637 E94.93821
G1 X-22.553 Y-16.362 E95.31675
G1 X-23.429 Y-15.08 E95.68185
G1 X-24.269 Y-13.69 E96.06372
G1 X-24.992 Y-12.315 E96.429
G1 X-25.837 Y-10.463 E96.90765
G1 X-26.492 Y-8.631 E97.36512
G1 X-26.952 Y-7.062 E97.74957
G1 X-27.305 Y-5.554 E98.11373
G1 X-27.578 Y-3.963 E98.49329
G1 X-27.806 Y-1.976 E98.96357
G1 X-27.863 Y0.00 E99.42838
G1 X-27.806 Y1.976 E99.89319
G1 X-27.578 Y3.963 E100.36347
G1 X-27.305 Y5.554 E100.74303
G1 X-26.861 Y7.456 E101.20227
G1 X-26.238 Y9.368 E101.67511
G1 X-25.673 Y10.828 E102.04321
G1 X-24.993 Y12.314 E102.42746
G1 X-24.269 Y13.69 E102.79306
G1 X-23.441 Y15.06 E103.16945
G1 X-22.541 Y16.378 E103.54471
G1 X-21.57 Y17.637 E103.91856
G1 X-20.26 Y19.144 E104.38807
G1 X-18.844 Y20.523 E104.85282
G1 X-17.637 Y21.571 E105.22867
G1 X-16.369 Y22.549 E105.6052
G1 X-15.08 Y23.429 E105.97218
G1 X-13.69 Y24.269 E106.35406
G1 X-12.306 Y24.997 E106.72175
G1 X-10.478 Y25.833 E107.19439
G1 X-8.632 Y26.492 E107.65527
G1 X-7.073 Y26.948 E108.0372
G1 X-5.553 Y27.305 E108.40433
G1 X-3.963 Y27.578 E108.78366
G1 X-1.976 Y27.806 E109.25393
G1 X0.00 Y27.863 E109.71875
G1 X1.976 Y27.806 E110.18356
G0 F675 X3.466 Y27.635
G0 X2.945 Y23.059
G0 X2.706 Y18.81
;TYPE:SKIN
G1 F900 X1.336 Y18.97 E110.50788
G1 X0.00 Y19.007 E110.82214
G1 X-1.335 Y18.97 E111.13616
G1 X-2.702 Y18.81 E111.45978
G1 X-3.814 Y18.621 E111.725
G1 X-4.805 Y18.389 E111.96431
G1 X-5.908 Y18.064 E112.23469
G1 X-7.142 Y17.624 E112.54273
G1 X-8.381 Y17.057 E112.86312
G1 X-9.354 Y16.545 E113.12164
G1 X-10.28 Y15.985 E113.37609
G1 X-11.17 Y15.377 E113.62953
G1 X-12.041 Y14.706 E113.88806
G1 X-12.836 Y14.014 E114.13588
G1 X-13.82 Y13.06 E114.45814
G1 X-14.723 Y12.016 E114.7827
G1 X-15.365 Y11.189 E115.02887
G1 X-16.001 Y10.253 E115.29495
G1 X-16.561 Y9.33 E115.5488
G1 X-17.049 Y8.398 E115.79617
G1 X-17.513 Y7.387 E116.05773
G1 X-17.89 Y6.413 E116.3033
G1 X-18.33 Y5.06 E116.63784
G1 X-18.621 Y3.816 E116.93824
G1 X-18.814 Y2.698 E117.205
G1 X-18.97 Y1.337 E117.52711
G1 X-19.007 Y0.00 E117.8416
G1 X-18.97 Y-1.336 E118.15586
G1 X-18.81 Y-2.714 E118.48205
G1 X-18.621 Y-3.812 E118.74402
G1 X-18.392 Y-4.786 E118.97928
G1 X-18.068 Y-5.895 E119.25095
G1 X-17.628 Y-7.119 E119.55678
G1 X-17.031 Y-8.437 E119.89699
G1 X-16.569 Y-9.318 E120.1309
G1 X-15.969 Y-10.308 E120.40309
G1 X-15.401 Y-11.141 E120.64016
G1 X-14.702 Y-12.045 E120.90885
G1 X-14.013 Y-12.842 E121.15657
G1 X-13.065 Y-13.82 E121.47683
G1 X-12.026 Y-14.718 E121.79974
G1 X-11.181 Y-15.37 E122.05069
G1 X-10.275 Y-15.99 E122.30883
G1 X-9.319 Y-16.568 E122.5715
G1 X-8.432 Y-17.032 E122.80688
G1 X-7.388 Y-17.509 E123.07677
G1 X-6.395 Y-17.894 E123.32719
G1 X-5.059 Y-18.33 E123.65763
G1 X-3.818 Y-18.621 E123.95734
G1 X-2.706 Y-18.81 E124.22256
G1 X-1.336 Y-18.97 E124.54688
G1 X0.00 Y-19.007 E124.86113
G1 X1.335 Y-18.97 E125.17516
G1 X2.702 Y-18.81 E125.49878
G1 X3.814 Y-18.621 E125.76399
G1 X4.806 Y-18.388 E126.00359
G1 X5.899 Y-18.069 E126.27131
G1 X7.123 Y-17.628 E126.57722
G1 X8.413 Y-17.043 E126.91028
G1 X9.334 Y-16.561 E127.1547
G1 X10.274 Y-15.99 E127.4133
G1 X11.18 Y-15.371 E127.67131
G1 X12.017 Y-14.723 E127.9202
G1 X12.85 Y-14.001 E128.1794
G1 X13.833 Y-13.048 E128.50132
G1 X14.703 Y-12.044 E128.81369
G1 X15.401 Y-11.141 E129.08205
G1 X15.969 Y-10.308 E129.31912
G1 X16.569 Y-9.318 E129.59132
G1 X17.036 Y-8.428 E129.82764
G1 X17.521 Y-7.36 E130.10344
G1 X17.886 Y-6.423 E130.33989
G1 X18.33 Y-5.06 E130.67695
G1 X18.621 Y-3.818 E130.97689
G1 X18.81 Y-2.706 E131.24211
G1 X18.97 Y-1.336 E131.56643
G1 X19.007 Y0.00 E131.88068
G1 X18.97 Y1.336 E132.19494
G1 X18.81 Y2.706 E132.51926
G1 X18.621 Y3.814 E132.78355
G1 X18.392 Y4.792 E133.01973
G1 X18.08 Y5.869 E133.28338
G1 X17.621 Y7.15 E133.60333
G1 X17.049 Y8.402 E133.92699
G1 X16.561 Y9.329 E134.17331
G1 X15.985 Y10.281 E134.43494
G1 X15.389 Y11.158 E134.68426
G1 X14.715 Y12.028 E134.94304
G1 X14.002 Y12.849 E135.19871
G1 X13.055 Y13.826 E135.51864
G1 X12.033 Y14.714 E135.83699
G1 X11.181 Y15.37 E136.08982
G1 X10.279 Y15.99 E136.34718
G1 X9.32 Y16.567 E136.61034
G1 X8.432 Y17.032 E136.84603
G1 X7.388 Y17.509 E137.11592
G1 X6.395 Y17.894 E137.36634
G1 X5.059 Y18.33 E137.69678
G1 X3.818 Y18.621 E137.9965
G1 X2.706 Y18.81 E138.26171
G0 F675 X-16.984 Y4.229
G1 F900 X-4.231 Y16.983 E142.50259
G0 F675 X0.521 Y17.492
G1 F900 X-17.492 Y-.522 E148.49256
G0 F675 X-16.978 Y-4.25
G1 F900 X4.25 Y16.978 E155.55144
G0 F675 X7.379 Y15.864
G1 F900 X-15.864 Y-7.379 E163.28036
G0 F675 X-14.315 Y-10.073
G1 F900 X10.07 Y14.313 E171.3892
G0 F675 X12.374 Y12.374
G1 F900 X-12.376 Y-12.376 E179.61923
G0 F675 X-10.07 Y-14.313
G1 F900 X14.314 Y10.071 E187.72757
G0 F675 X15.867 Y7.381
G1 F900 X-7.379 Y-15.864 E195.45732
G0 F675 X-4.25 Y-16.978
G1 F900 X16.978 Y4.25 E202.5162
G0 F675 X17.492 Y0.522
G1 F900 X-.521 Y-17.492 E208.50617
G0 F675 X4.231 Y-16.983
G1 F900 X16.985 Y-4.228 E212.74738
G1 X17.515 Y-3.698
;MESH:NONMESH
G0 F600 X17.515 Y-3.698 Z1.5
G0 F675 X1.411 Y6.734
;TIME_ELAPSED:74.331961
;LAYER:1
M106 S255
;TYPE:WALL-INNER
;MESH:rouleau_cylindrical_vase_3mm_large_v1.stl
G1 F1350 X2.205 Y6.521 E213.13398
G1 X3.384 Y5.99 E213.74205
G1 X4.035 Y5.572 E214.10587
G1 X4.737 Y4.995 E214.5332
G1 X5.383 Y4.291 E214.98252
G1 X5.678 Y3.884 E215.21891
G1 X6.135 Y3.116 E215.63918
G1 X6.52 Y2.206 E216.10384
G1 X6.657 Y1.741 E216.33181
G1 X6.857 Y0.559 E216.89556
G1 X6.876 Y-.226 E217.26483
G1 X6.77 Y-1.205 E217.72791
G1 X6.521 Y-2.208 E218.2139
G1 X6.269 Y-2.826 E218.52775
G1 X5.778 Y-3.733 E219.01277
G1 X4.995 Y-4.736 E219.61115
G1 X4.299 Y-5.377 E220.05612
G1 X3.887 Y-5.675 E220.29524
G1 X3.109 Y-6.14 E220.72147
G1 X2.216 Y-6.518 E221.17749
G1 X1.195 Y-6.771 E221.67215
G1 X0.562 Y-6.856 E221.9725
G1 X-.221 Y-6.876 E222.34083
G1 X-1.411 Y-6.734 E222.90442
G1 X-2.205 Y-6.521 E223.29101
G1 X-3.384 Y-5.99 E223.89909
G1 X-4.035 Y-5.572 E224.26291
G1 X-4.737 Y-4.995 E224.69023
G1 X-5.383 Y-4.291 E225.13956
G1 X-5.88 Y-3.569 E225.55176
G1 X-6.135 Y-3.116 E225.79622
G1 X-6.52 Y-2.206 E226.26088
G1 X-6.657 Y-1.741 E226.48885
G1 X-6.809 Y-.974 E226.85656
G1 X-6.876 Y-.226 E227.20972
G1 X-6.858 Y0.559 E227.57898
G1 X-6.658 Y1.741 E228.14273
G1 X-6.348 Y2.652 E228.59526
G1 X-5.994 Y3.375 E228.97383
G1 X-5.57 Y4.037 E229.34353
G1 X-4.995 Y4.737 E229.76953
G1 X-4.299 Y5.377 E230.21418
G1 X-3.556 Y5.888 E230.63824
G1 X-3.108 Y6.139 E230.87973
G1 X-2.215 Y6.517 E231.33575
G1 X-1.748 Y6.655 E231.56475
G1 X-.974 Y6.809 E231.93587
G1 X-.221 Y6.876 E232.29138
G1 X0.562 Y6.857 E232.6597
G1 X1.411 Y6.734 E233.06313
G0 F1237.5 X2.004 Y9.676
G1 F1350 X3.174 Y9.363 E233.63268
G1 X3.827 Y9.109 E233.96218
G1 X4.859 Y8.603 E234.50269
G1 X5.799 Y8 E235.02787
G1 X6.798 Y7.178 E235.63626
G1 X7.735 Y6.158 E236.2876
G1 X8.451 Y5.117 E236.88176
G1 X8.81 Y4.481 E237.2252
G1 X9.362 Y3.175 E237.89197
G1 X9.56 Y2.502 E238.22187
G1 X9.779 Y1.402 E238.74932
G1 X9.876 Y0.31 E239.26487
G1 X9.847 Y-.817 E239.79503
G1 X9.675 Y-2.011 E240.36232
G1 X9.363 Y-3.177 E240.92994
G1 X8.861 Y-4.37 E241.53861
G1 X8.303 Y-5.356 E242.07139
G1 X7.64 Y-6.265 E242.60049
G1 X7.178 Y-6.797 E242.93184
G1 X6.165 Y-7.73 E243.57948
G1 X5.105 Y-8.458 E244.1842
G1 X4.475 Y-8.814 E244.5245
G1 X3.184 Y-9.36 E245.18367
G1 X2.51 Y-9.558 E245.51402
G1 X1.402 Y-9.779 E246.04534
G1 X0.82 Y-9.847 E246.32089
G1 X-.305 Y-9.876 E246.85012
G1 X-.82 Y-9.847 E247.09269
G1 X-2.004 Y-9.676 E247.65525
G1 X-3.174 Y-9.363 E248.22481
G1 X-3.827 Y-9.109 E248.55431
G1 X-4.859 Y-8.603 E249.09482
G1 X-5.799 Y-8 E249.62
G1 X-6.798 Y-7.178 E250.22838
G1 X-7.735 Y-6.158 E250.87972
G1 X-8.451 Y-5.117 E251.47389
G1 X-8.81 Y-4.481 E251.81733
G1 X-9.362 Y-3.175 E252.4841
G1 X-9.56 Y-2.502 E252.814
G1 X-9.779 Y-1.402 E253.34145
G1 X-9.876 Y-.31 E253.857
G1 X-9.848 Y0.817 E254.38715
G1 X-9.675 Y2.011 E254.95451
G1 X-9.362 Y3.177 E255.52225
G1 X-9.112 Y3.821 E255.84711
G1 X-8.607 Y4.85 E256.38615
G1 X-7.999 Y5.799 E256.91617
G1 X-7.179 Y6.798 E257.52395
G1 X-6.165 Y7.73 E258.17162
G1 X-5.106 Y8.458 E258.77596
G1 X-4.474 Y8.814 E259.11707
G1 X-3.183 Y9.36 E259.77625
G1 X-2.51 Y9.558 E260.10615
G1 X-1.402 Y9.779 E260.63746
G1 X-.82 Y9.847 E260.91302
G1 X0.305 Y9.876 E261.44224
G1 X0.82 Y9.847 E261.68481
G1 X2.004 Y9.676 E262.24738
G0 F1237.5 X1.077 Y12.838
G1 F1350 X2.596 Y12.618 E262.96916
G1 X4.144 Y12.205 E263.7226
G1 X4.996 Y11.873 E264.15261
G1 X6.334 Y11.217 E264.85337
G1 X6.982 Y10.826 E265.20928
G1 X8.157 Y9.971 E265.89265
G1 X8.859 Y9.362 E266.32969
G1 X9.49 Y8.713 E266.75536
G1 X10.087 Y8.024 E267.18408
G1 X10.636 Y7.267 E267.62384
G1 X11.485 Y5.846 E268.40227
G1 X11.869 Y5.006 E268.83661
G1 X12.204 Y4.145 E269.27107
G1 X12.464 Y3.264 E269.70304
G1 X12.75 Y1.829 E270.39114
G1 X12.876 Y0.395 E271.0681
G1 X12.837 Y-1.075 E271.75963
G1 X12.75 Y-1.829 E272.11656
G1 X12.464 Y-3.264 E272.80466
G1 X12.205 Y-4.146 E273.23695
G1 X11.877 Y-4.99 E273.66277
G1 X11.219 Y-6.328 E274.36395
G1 X10.827 Y-6.98 E274.72172
G1 X9.965 Y-8.164 E275.41044
G1 X9.362 Y-8.859 E275.84314
G1 X8.714 Y-9.49 E276.26848
G1 X8.03 Y-10.082 E276.69389
G1 X6.655 Y-11.028 E277.47876
G1 X5.84 Y-11.488 E277.91885
G1 X5.01 Y-11.869 E278.34833
G1 X4.152 Y-12.203 E278.78131
G1 X3.272 Y-12.461 E279.21256
G1 X1.829 Y-12.75 E279.90463
G1 X1.077 Y-12.837 E280.26063
G1 X-.389 Y-12.876 E280.95028
G1 X-1.829 Y-12.75 E281.63005
G1 X-3.272 Y-12.462 E282.32202
G1 X-4.144 Y-12.205 E282.74953
G1 X-4.996 Y-11.873 E283.17954
G1 X-6.334 Y-11.217 E283.88031
G1 X-6.982 Y-10.826 E284.23622
G1 X-8.157 Y-9.971 E284.91958
G1 X-8.859 Y-9.362 E285.35662
G1 X-9.49 Y-8.714 E285.78196
G1 X-10.087 Y-8.025 E286.21068
G1 X-11.022 Y-6.665 E286.9868
G1 X-11.485 Y-5.846 E287.42923
G1 X-11.869 Y-5.006 E287.86358
G1 X-12.204 Y-4.145 E288.29804
G1 X-12.464 Y-3.264 E288.73001
G1 X-12.75 Y-1.829 E289.41811
G1 X-12.876 Y-.395 E290.09507
G1 X-12.838 Y1.075 E290.78658
G1 X-12.617 Y2.602 E291.51216
G1 X-12.204 Y4.146 E292.26377
G1 X-11.876 Y4.99 E292.6896
G1 X-11.221 Y6.325 E293.38889
G1 X-10.83 Y6.974 E293.7452
G1 X-9.965 Y8.164 E294.43704
G1 X-9.362 Y8.859 E294.86974
G1 X-8.714 Y9.49 E295.29508
G1 X-8.03 Y10.082 E295.72048
G1 X-6.656 Y11.028 E296.50496
G1 X-5.84 Y11.488 E296.94547
G1 X-5.01 Y11.869 E297.37495
G1 X-4.151 Y12.202 E297.8082
G1 X-3.272 Y12.461 E298.23913
G1 X-1.829 Y12.75 E298.9312
G1 X-1.077 Y12.837 E299.28719
G1 X0.389 Y12.876 E299.97685
G1 X1.077 Y12.838 E300.30088
G0 F1237.5 X1.334 Y15.828
G1 F1350 X3.189 Y15.56 E301.18228
G1 X4.034 Y15.364 E301.5902
G1 X5.113 Y15.047 E302.11906
G1 X6.165 Y14.637 E302.65002
G1 X7.022 Y14.246 E303.093
G1 X7.809 Y13.831 E303.5114
G1 X8.605 Y13.35 E303.94877
G1 X10.057 Y12.295 E304.7928
G1 X10.92 Y11.545 E305.33048
G1 X11.7 Y10.743 E305.85659
G1 X12.439 Y9.891 E306.38697
G1 X13.115 Y8.959 E306.92841
G1 X13.593 Y8.213 E307.34506
G1 X14.159 Y7.21 E307.88666
G1 X14.633 Y6.176 E308.42157
G1 X15.046 Y5.114 E308.95742
G1 X15.367 Y4.025 E309.49132
G1 X15.72 Y2.256 E310.33962
G1 X15.876 Y0.479 E311.1785
G1 X15.827 Y-1.332 E312.03046
G1 X15.559 Y-3.194 E312.91511
G1 X15.367 Y-4.025 E313.31619
G1 X15.047 Y-5.115 E313.85042
G1 X14.641 Y-6.159 E314.37719
G1 X13.833 Y-7.803 E315.23863
G1 X13.351 Y-8.603 E315.67785
G1 X12.29 Y-10.062 E316.5262
G1 X11.545 Y-10.92 E317.06057
G1 X10.744 Y-11.7 E317.58634
G1 X9.896 Y-12.435 E318.11407
G1 X8.964 Y-13.11 E318.65523
G1 X8.205 Y-13.598 E319.07957
G1 X7.206 Y-14.162 E319.61906
G1 X6.18 Y-14.633 E320.14996
G1 X5.12 Y-15.045 E320.68477
G1 X4.034 Y-15.364 E321.21706
G1 X3.189 Y-15.56 E321.62498
G1 X1.334 Y-15.827 E322.50631
G1 X-.473 Y-15.876 E323.35639
G1 X-1.334 Y-15.827 E323.76194
G1 X-3.189 Y-15.56 E324.64327
G1 X-4.034 Y-15.364 E325.05119
G1 X-5.113 Y-15.047 E325.58005
G1 X-6.165 Y-14.637 E326.11101
G1 X-7.022 Y-14.246 E326.55399
G1 X-7.809 Y-13.831 E326.9724
G1 X-8.605 Y-13.35 E327.40976
G1 X-10.056 Y-12.294 E328.25369
G1 X-10.92 Y-11.545 E328.79142
G1 X-11.701 Y-10.744 E329.31752
G1 X-12.439 Y-9.891 E329.84795
G1 X-13.115 Y-8.959 E330.38938
G1 X-13.593 Y-8.213 E330.80604
G1 X-14.159 Y-7.21 E331.34763
G1 X-14.633 Y-6.176 E331.88254
G1 X-15.046 Y-5.114 E332.4184
G1 X-15.367 Y-4.025 E332.9523
G1 X-15.72 Y-2.256 E333.8006
G1 X-15.876 Y-.479 E334.63947
G1 X-15.828 Y1.332 E335.49142
G1 X-15.559 Y3.194 E336.37614
G1 X-15.367 Y4.025 E336.77722
G1 X-15.046 Y5.115 E337.31158
G1 X-14.64 Y6.159 E337.83835
G1 X-13.834 Y7.801 E338.69854
G1 X-13.355 Y8.597 E339.13541
G1 X-12.29 Y10.062 E339.98716
G1 X-11.546 Y10.92 E340.52121
G1 X-10.744 Y11.7 E341.04732
G1 X-9.896 Y12.435 E341.57505
G1 X-8.964 Y13.11 E342.11621
G1 X-8.205 Y13.598 E342.54055
G1 X-7.206 Y14.162 E343.08004
G1 X-6.18 Y14.633 E343.61095
G1 X-5.119 Y15.044 E344.14602
G1 X-4.034 Y15.364 E344.67799
G1 X-3.189 Y15.56 E345.08591
G1 X-1.334 Y15.827 E345.96724
G1 X0.473 Y15.876 E346.81732
G1 X1.334 Y15.828 E347.22285
G0 F1237.5 X2.684 Y18.691
G1 F1350 X3.782 Y18.502 E347.74679
G1 X4.796 Y18.267 E348.23627
G1 X6.083 Y17.889 E348.86707
G1 X7.335 Y17.401 E349.49898
G1 X8.347 Y16.939 E350.02214
G1 X9.284 Y16.444 E350.52048
G1 X10.228 Y15.875 E351.03882
G1 X11.09 Y15.285 E351.53005
G1 X11.956 Y14.618 E352.04409
G1 X12.981 Y13.729 E352.68215
G1 X13.911 Y12.774 E353.30902
G1 X14.791 Y11.758 E353.94111
G1 X15.595 Y10.651 E354.5845
G1 X16.164 Y9.761 E355.08126
G1 X16.834 Y8.575 E355.72184
G1 X17.397 Y7.346 E356.35755
G1 X17.888 Y6.083 E356.9948
G1 X18.27 Y4.787 E357.63018
G1 X18.501 Y3.785 E358.11375
G1 X18.691 Y2.684 E358.63916
G1 X18.818 Y1.59 E359.15709
G1 X18.876 Y0.564 E359.64035
G1 X18.876 Y-.564 E360.1708
G1 X18.818 Y-1.59 E360.65407
G1 X18.691 Y-2.684 E361.17199
G1 X18.501 Y-3.785 E361.6974
G1 X18.271 Y-4.787 E362.18086
G1 X17.889 Y-6.084 E362.8167
G1 X17.405 Y-7.328 E363.44442
G1 X16.939 Y-8.345 E363.9705
G1 X16.447 Y-9.278 E364.46652
G1 X15.876 Y-10.226 E364.98696
G1 X15.288 Y-11.084 E365.4761
G1 X14.615 Y-11.96 E365.99559
G1 X13.729 Y-12.981 E366.6313
G1 X12.774 Y-13.911 E367.25817
G1 X11.762 Y-14.788 E367.88792
G1 X10.656 Y-15.589 E368.5301
G1 X9.755 Y-16.168 E369.03376
G1 X8.572 Y-16.836 E369.67264
G1 X7.349 Y-17.397 E370.3054
G1 X6.088 Y-17.887 E370.9416
G1 X4.796 Y-18.267 E371.57491
G1 X3.781 Y-18.502 E372.06486
G1 X2.684 Y-18.691 E372.58834
G1 X1.591 Y-18.818 E373.10579
G1 X0.557 Y-18.876 E373.59281
G1 X-.557 Y-18.876 E374.11668
G1 X-1.591 Y-18.818 E374.6037
G1 X-2.684 Y-18.691 E375.12116
G1 X-3.782 Y-18.502 E375.6451
G1 X-4.796 Y-18.267 E376.13459
G1 X-6.083 Y-17.889 E376.76538
G1 X-7.335 Y-17.401 E377.3973
G1 X-8.347 Y-16.939 E377.92045
G1 X-9.284 Y-16.444 E378.4188
G1 X-10.228 Y-15.875 E378.93713
G1 X-11.09 Y-15.285 E379.42836
G1 X-11.956 Y-14.618 E379.9424
G1 X-12.981 Y-13.729 E380.58046
G1 X-13.911 Y-12.774 E381.20733
G1 X-14.791 Y-11.758 E381.83942
G1 X-15.595 Y-10.651 E382.48282
G1 X-16.164 Y-9.761 E382.97958
G1 X-16.834 Y-8.575 E383.62015
G1 X-17.397 Y-7.346 E384.25587
G1 X-17.888 Y-6.083 E384.89311
G1 X-18.27 Y-4.787 E385.5285
G1 X-18.501 Y-3.785 E386.01206
G1 X-18.691 Y-2.684 E386.53748
G1 X-18.818 Y-1.59 E387.0554
G1 X-18.876 Y-.564 E387.53866
G1 X-18.876 Y0.564 E388.06912
G1 X-18.818 Y1.59 E388.55238
G1 X-18.691 Y2.684 E389.0703
G1 X-18.501 Y3.785 E389.59572
G1 X-18.271 Y4.787 E390.07918
G1 X-17.888 Y6.084 E390.71514
G1 X-17.405 Y7.328 E391.3427
G1 X-16.939 Y8.345 E391.86878
G1 X-16.448 Y9.276 E392.36375
G1 X-15.879 Y10.22 E392.88208
G1 X-15.286 Y11.087 E393.37605
G1 X-14.615 Y11.96 E393.89384
G1 X-13.729 Y12.981 E394.52956
G1 X-12.774 Y13.911 E395.15643
G1 X-11.762 Y14.788 E395.78617
G1 X-10.656 Y15.589 E396.42836
G1 X-9.755 Y16.168 E396.93201
G1 X-8.571 Y16.836 E397.57131
G1 X-7.349 Y17.397 E398.20364
G1 X-6.087 Y17.887 E398.84027
G1 X-4.796 Y18.267 E399.47314
G1 X-3.781 Y18.502 E399.96308
G1 X-2.684 Y18.691 E400.48656
G1 X-1.591 Y18.818 E401.00402
G1 X-.557 Y18.876 E401.49104
G1 X0.557 Y18.876 E402.01491
G1 X1.591 Y18.818 E402.50193
G1 X2.684 Y18.691 E403.01939
G0 F1237.5 X1.848 Y21.808
G1 F1350 X3.111 Y21.661 E403.61734
G1 X4.374 Y21.444 E404.21998
G1 X5.558 Y21.17 E404.79149
G1 X7.052 Y20.731 E405.52377
G1 X8.504 Y20.165 E406.25664
G1 X9.672 Y19.631 E406.86059
G1 X10.76 Y19.058 E407.43885
G1 X11.85 Y18.4 E408.0376
G1 X12.854 Y17.713 E408.6097
G1 X13.855 Y16.942 E409.20388
G1 X15.043 Y15.913 E409.94298
G1 X16.121 Y14.804 E410.67029
G1 X17.143 Y13.625 E411.40404
G1 X18.074 Y12.342 E412.1495
G1 X18.736 Y11.309 E412.72648
G1 X19.509 Y9.94 E413.46581
G1 X20.161 Y8.515 E414.20275
G1 X20.73 Y7.052 E414.94095
G1 X21.173 Y5.548 E415.67827
G1 X21.443 Y4.377 E416.2434
G1 X21.661 Y3.111 E416.84751
G1 X21.808 Y1.847 E417.44593
G1 X21.876 Y0.648 E418.01068
G1 X21.876 Y-.648 E418.62015
G1 X21.808 Y-1.847 E419.1849
G1 X21.661 Y-3.111 E419.78332
G1 X21.444 Y-4.377 E420.38736
G1 X21.174 Y-5.548 E420.95248
G1 X20.731 Y-7.053 E421.69025
G1 X20.169 Y-8.497 E422.41893
G1 X19.632 Y-9.67 E423.02561
G1 X19.061 Y-10.753 E423.60136
G1 X18.4 Y-11.849 E424.20325
G1 X17.717 Y-12.847 E424.77195
G1 X16.94 Y-13.858 E425.37158
G1 X15.913 Y-15.042 E426.10865
G1 X14.804 Y-16.121 E426.83629
G1 X13.627 Y-17.141 E427.56871
G1 X12.349 Y-18.067 E428.31089
G1 X11.305 Y-18.738 E428.8945
G1 X9.937 Y-19.51 E429.63319
G1 X8.519 Y-20.161 E430.36694
G1 X7.056 Y-20.73 E431.10514
G1 X5.558 Y-21.17 E431.83936
G1 X4.374 Y-21.444 E432.41087
G1 X3.111 Y-21.661 E433.01351
G1 X1.848 Y-21.808 E433.61146
G1 X0.641 Y-21.876 E434.17997
G1 X-.641 Y-21.876 E434.78285
G1 X-1.848 Y-21.808 E435.35136
G1 X-3.111 Y-21.661 E435.94931
G1 X-4.374 Y-21.444 E436.55196
G1 X-5.558 Y-21.17 E437.12347
G1 X-7.052 Y-20.731 E437.85574
G1 X-8.504 Y-20.165 E438.58861
G1 X-9.672 Y-19.631 E439.19256
G1 X-10.76 Y-19.058 E439.77083
G1 X-11.85 Y-18.4 E440.36957
G1 X-12.854 Y-17.713 E440.94167
G1 X-13.855 Y-16.942 E441.53585
G1 X-15.043 Y-15.913 E442.27496
G1 X-16.122 Y-14.804 E443.00259
G1 X-17.143 Y-13.625 E443.73604
G1 X-18.074 Y-12.342 E444.4815
G1 X-18.736 Y-11.309 E445.05847
G1 X-19.509 Y-9.94 E445.79781
G1 X-20.161 Y-8.515 E446.53475
G1 X-20.73 Y-7.052 E447.27294
G1 X-21.173 Y-5.548 E448.01026
G1 X-21.443 Y-4.377 E448.57539
G1 X-21.661 Y-3.111 E449.17951
G1 X-21.808 Y-1.847 E449.77793
G1 X-21.876 Y-.648 E450.34268
G1 X-21.876 Y0.648 E450.95214
G1 X-21.808 Y1.847 E451.51689
G1 X-21.661 Y3.111 E452.11531
G1 X-21.444 Y4.377 E452.71935
G1 X-21.174 Y5.548 E453.28448
G1 X-20.73 Y7.053 E454.02238
G1 X-20.169 Y8.497 E454.75089
G1 X-19.632 Y9.67 E455.35757
G1 X-19.062 Y10.751 E455.93226
G1 X-18.404 Y11.842 E456.53141
G1 X-17.715 Y12.849 E457.1052
G1 X-16.94 Y13.858 E457.70351
G1 X-15.913 Y15.043 E458.44094
G1 X-14.804 Y16.121 E459.16825
G1 X-13.627 Y17.141 E459.90067
G1 X-12.349 Y18.067 E460.64285
G1 X-11.305 Y18.738 E461.22646
G1 X-9.937 Y19.51 E461.96515
G1 X-8.519 Y20.161 E462.6989
G1 X-7.055 Y20.729 E463.43737
G1 X-5.558 Y21.17 E464.17127
G1 X-4.374 Y21.444 E464.74278
G1 X-3.111 Y21.661 E465.34542
G1 X-1.848 Y21.808 E465.94337
G1 X-.641 Y21.876 E466.51188
G1 X0.641 Y21.876 E467.11476
G1 X1.848 Y21.808 E467.68327
G0 F1237.5 X1.99 Y23.194
G0 X2.106 Y24.798
G1 F1350 X3.538 Y24.632 E468.3612
G1 X4.967 Y24.386 E469.04309
G1 X6.32 Y24.073 E469.69616
G1 X8.021 Y23.573 E470.52992
G1 X9.673 Y22.929 E471.36374
G1 X10.996 Y22.324 E472.04787
G1 X12.235 Y21.671 E472.70649
G1 X13.473 Y20.924 E473.38645
G1 X14.618 Y20.141 E474.03877
G1 X15.755 Y19.266 E474.71346
G1 X17.104 Y18.096 E475.5532
G1 X18.332 Y16.834 E476.38127
G1 X19.495 Y15.491 E477.21673
G1 X20.553 Y14.034 E478.0635
G1 X21.307 Y12.857 E478.72083
G1 X22.183 Y11.304 E479.55933
G1 X22.925 Y9.685 E480.39683
G1 X23.572 Y8.022 E481.23599
G1 X24.077 Y6.309 E482.07582
G1 X24.386 Y4.968 E482.72297
G1 X24.632 Y3.538 E483.40533
G1 X24.798 Y2.105 E484.08372
G1 X24.876 Y0.733 E484.72997
G1 X24.876 Y-.733 E485.41937
G1 X24.798 Y-2.105 E486.06562
G1 X24.632 Y-3.538 E486.74401
G1 X24.386 Y-4.968 E487.42637
G1 X24.077 Y-6.309 E488.07352
G1 X23.573 Y-8.022 E488.91322
G1 X22.933 Y-9.666 E489.74285
G1 X22.324 Y-10.996 E490.43075
G1 X21.675 Y-12.227 E491.08518
G1 X20.925 Y-13.473 E491.76909
G1 X20.145 Y-14.61 E492.4175
G1 X19.264 Y-15.756 E493.09727
G1 X18.096 Y-17.104 E493.93604
G1 X16.834 Y-18.332 E494.76411
G1 X15.493 Y-19.494 E495.59855
G1 X14.041 Y-20.546 E496.44176
G1 X12.855 Y-21.308 E497.10468
G1 X11.303 Y-22.184 E497.94277
G1 X9.689 Y-22.925 E498.77794
G1 X8.024 Y-23.572 E499.61797
G1 X6.32 Y-24.073 E500.45322
G1 X4.967 Y-24.386 E501.10629
G1 X3.538 Y-24.632 E501.78818
G1 X2.106 Y-24.798 E502.46611
G1 X0.725 Y-24.876 E503.11658
G1 X-.725 Y-24.876 E503.79846
G1 X-2.106 Y-24.798 E504.44893
G1 X-3.538 Y-24.632 E505.12686
G1 X-4.967 Y-24.386 E505.80875
G1 X-6.32 Y-24.073 E506.46182
G1 X-8.021 Y-23.573 E507.29558
G1 X-9.673 Y-22.929 E508.1294
G1 X-10.996 Y-22.324 E508.81353
G1 X-12.235 Y-21.671 E509.47215
G1 X-13.473 Y-20.924 E510.15211
G1 X-14.618 Y-20.141 E510.80443
G1 X-15.754 Y-19.266 E511.47875
G1 X-17.104 Y-18.096 E512.31885
G1 X-18.332 Y-16.834 E513.14692
G1 X-19.495 Y-15.491 E513.98238
G1 X-20.553 Y-14.034 E514.82914
G1 X-21.307 Y-12.857 E515.48648
G1 X-22.183 Y-11.304 E516.32497
G1 X-22.925 Y-9.685 E517.16248
G1 X-23.572 Y-8.022 E518.00163
G1 X-24.077 Y-6.309 E518.84147
G1 X-24.386 Y-4.968 E519.48862
G1 X-24.632 Y-3.538 E520.17097
G1 X-24.798 Y-2.105 E520.84937
G1 X-24.876 Y-.733 E521.49561
G1 X-24.876 Y0.733 E522.18502
G1 X-24.798 Y2.105 E522.83126
G1 X-24.632 Y3.538 E523.50966
G1 X-24.386 Y4.968 E524.19201
G1 X-24.077 Y6.309 E524.83916
G1 X-23.572 Y8.022 E525.679
G1 X-22.933 Y9.666 E526.50846
G1 X-22.324 Y10.996 E527.19636
G1 X-21.675 Y12.227 E527.85078
G1 X-20.929 Y13.465 E528.5305
G1 X-20.144 Y14.612 E529.18412
G1 X-19.264 Y15.756 E529.86285
G1 X-18.096 Y17.104 E530.70163
G1 X-16.834 Y18.332 E531.5297
G1 X-15.493 Y19.494 E532.36414
G1 X-14.041 Y20.546 E533.20734
G1 X-12.855 Y21.308 E533.87027
G1 X-11.303 Y22.184 E534.70836
G1 X-9.689 Y22.925 E535.54353
G1 X-8.023 Y23.572 E536.384
G1 X-6.32 Y24.073 E537.21879
G1 X-4.967 Y24.386 E537.87186
G1 X-3.538 Y24.632 E538.55376
G1 X-2.106 Y24.798 E539.23168
G1 X-.725 Y24.876 E539.88215
G1 X0.725 Y24.876 E540.56404
G1 X2.106 Y24.798 E541.21451
G0 F1237.5 X1.991 Y23.193
G0 X2.363 Y27.788
;TYPE:WALL-OUTER
G1 F1650 X3.966 Y27.602 E541.9734
G1 X5.559 Y27.328 E542.73353
G1 X7.082 Y26.976 E543.46862
G1 X8.991 Y26.415 E544.40432
G1 X10.843 Y25.693 E545.33909
G1 X12.321 Y25.017 E546.10339
G1 X13.71 Y24.285 E546.84174
G1 X15.096 Y23.449 E547.60291
G1 X16.382 Y22.569 E548.33571
G1 X17.654 Y21.59 E549.09054
G1 X19.165 Y20.28 E550.03098
G1 X20.542 Y18.864 E550.95981
G1 X21.847 Y17.358 E551.89693
G1 X23.032 Y15.726 E552.84538
G1 X23.878 Y14.405 E553.58307
G1 X24.858 Y12.669 E554.52055
G1 X25.689 Y10.855 E555.45886
G1 X26.414 Y8.991 E556.3994
G1 X26.98 Y7.071 E557.34073
G1 X27.328 Y5.56 E558.0699
G1 X27.602 Y3.966 E558.83049
G1 X27.788 Y2.363 E559.58938
G1 X27.876 Y0.817 E560.31759
G1 X27.876 Y-.817 E561.086
G1 X27.788 Y-2.363 E561.8142
G1 X27.602 Y-3.966 E562.57309
G1 X27.328 Y-5.56 E563.33369
G1 X26.98 Y-7.071 E564.06286
G1 X26.415 Y-8.991 E565.00405
G1 X25.697 Y-10.835 E565.93463
G1 X25.017 Y-12.321 E566.70313
G1 X24.289 Y-13.702 E567.43728
G1 X23.449 Y-15.096 E568.20265
G1 X22.573 Y-16.374 E568.93128
G1 X21.589 Y-17.654 E569.69052
G1 X20.28 Y-19.165 E570.63065
G1 X18.864 Y-20.542 E571.55949
G1 X17.359 Y-21.847 E572.49625
G1 X15.733 Y-23.024 E573.44021
G1 X14.405 Y-23.878 E574.1827
G1 X12.669 Y-24.858 E575.12018
G1 X10.859 Y-25.689 E576.05678
G1 X8.992 Y-26.414 E576.99864
G1 X7.082 Y-26.976 E577.93492
G1 X5.559 Y-27.328 E578.67001
G1 X3.966 Y-27.602 E579.43014
G1 X2.363 Y-27.788 E580.18903
G1 X0.809 Y-27.876 E580.92099
G1 X-.809 Y-27.876 E581.68188
G1 X-2.363 Y-27.788 E582.41384
G1 X-3.966 Y-27.602 E583.17273
G1 X-5.559 Y-27.328 E583.93286
G1 X-7.082 Y-26.976 E584.66796
G1 X-8.991 Y-26.415 E585.60365
G1 X-10.843 Y-25.693 E586.53842
G1 X-12.321 Y-25.017 E587.30272
G1 X-13.71 Y-24.285 E588.04107
G1 X-15.096 Y-23.449 E588.80225
G1 X-16.382 Y-22.569 E589.53504
G1 X-17.654 Y-21.59 E590.28987
G1 X-19.165 Y-20.28 E591.23031
G1 X-20.542 Y-18.864 E592.15915
G1 X-21.847 Y-17.358 E593.09627
G1 X-23.032 Y-15.726 E594.04472
G1 X-23.878 Y-14.405 E594.78241
G1 X-24.858 Y-12.669 E595.71989
G1 X-25.689 Y-10.855 E596.6582
G1 X-26.414 Y-8.991 E597.59874
G1 X-26.98 Y-7.071 E598.54006
G1 X-27.328 Y-5.56 E599.26923
G1 X-27.602 Y-3.966 E600.02983
G1 X-27.788 Y-2.363 E600.78872
G1 X-27.876 Y-.817 E601.51692
G1 X-27.876 Y0.817 E602.28533
G1 X-27.788 Y2.363 E603.01354
G1 X-27.602 Y3.966 E603.77243
G1 X-27.328 Y5.56 E604.53302
G1 X-26.98 Y7.071 E605.26219
G1 X-26.414 Y8.991 E606.20352
G1 X-25.697 Y10.835 E607.13393
G1 X-25.017 Y12.321 E607.90243
G1 X-24.289 Y13.702 E608.63658
G1 X-23.453 Y15.088 E609.39775
G1 X-22.573 Y16.374 E610.13055
G1 X-21.589 Y17.654 E610.88979
G1 X-20.28 Y19.165 E611.82992
G1 X-18.864 Y20.542 E612.75876
G1 X-17.359 Y21.847 E613.69553
G1 X-15.733 Y23.024 E614.63948
G1 X-14.405 Y23.878 E615.38198
G1 X-12.669 Y24.858 E616.31945
G1 X-10.859 Y25.689 E617.25605
G1 X-8.991 Y26.414 E618.19835
G1 X-7.082 Y26.976 E619.13418
G1 X-5.559 Y27.328 E619.86927
G1 X-3.966 Y27.602 E620.6294
G1 X-2.363 Y27.788 E621.38829
G1 X-.809 Y27.876 E622.12025
G1 X0.809 Y27.876 E622.88114
G1 X2.363 Y27.788 E623.6131
G0 F1237.5 X3.852 Y27.616
G0 X3.32 Y23.042
G0 X1.261 Y3.823
;TYPE:SKIN
G1 F1050 X0.844 Y3.936 E623.81627
G1 X0.322 Y4.01 E624.0642
G1 X-.139 Y4.022 E624.28107
G1 X-.543 Y3.983 E624.47194
G1 X-1.304 Y3.808 E624.83915
G1 X-1.789 Y3.6 E625.08732
G1 X-2.542 Y3.121 E625.507
G1 X-2.905 Y2.787 E625.73897
G1 X-3.379 Y2.182 E626.1004
G1 X-3.722 Y1.529 E626.44727
G1 X-3.893 Y1.027 E626.69667
G1 X-4.014 Y0.304 E627.04139
G1 X-3.984 Y-.544 E627.44043
G1 X-3.811 Y-1.295 E627.80285
G1 X-3.596 Y-1.802 E628.06182
G1 X-3.13 Y-2.533 E628.46949
G1 X-2.764 Y-2.93 E628.72342
G1 X-1.978 Y-3.502 E629.18056
G1 X-1.262 Y-3.823 E629.54956
G1 X-.844 Y-3.936 E629.75319
G1 X-.341 Y-4.008 E629.99214
G1 X0.336 Y-4.007 E630.31051
G1 X1.295 Y-3.812 E630.77072
G1 X1.799 Y-3.597 E631.0284
G1 X2.535 Y-3.124 E631.43983
G1 X2.902 Y-2.787 E631.67414
G1 X3.386 Y-2.169 E632.04328
G1 X3.813 Y-1.3 E632.49861
G1 X3.956 Y-.717 E632.7809
G1 X4.022 Y-.119 E633.06383
G1 X4.014 Y0.3 E633.26091
G1 X3.887 Y1.054 E633.62048
G1 X3.597 Y1.8 E633.99687
G1 X3.129 Y2.53 E634.40465
G1 X2.59 Y3.082 E634.76747
G1 X1.975 Y3.502 E635.11769
G1 X1.261 Y3.823 E635.48583
G0 F1237.5 X-1.783 Y1.783
G1 F1050 X1.781 Y-1.781 E637.85608
;MESH:NONMESH
G0 F600 X1.781 Y-1.781 Z2.5
G0 F1237.5 X7.316 Y-22.105
G0 X8.638 Y-26.601
;TIME_ELAPSED:117.570589
;LAYER:2
;TYPE:WALL-OUTER
;MESH:rouleau_cylindrical_vase_3mm_large_v1.stl
G1 F2400 X10.524 Y-25.929 E638.79762
G1 X12.716 Y-24.926 E639.93122
G1 X14.805 Y-23.746 E641.05949
G1 X16.447 Y-22.622 E641.99525
G1 X17.698 Y-21.658 E642.73796
G1 X18.914 Y-20.605 E643.49441
G1 X20.356 Y-19.2 E644.44119
G1 X21.913 Y-17.403 E645.55934
G1 X23.33 Y-15.453 E646.69289
G1 X24.566 Y-13.4 E647.81981
G1 X25.44 Y-11.623 E648.75108
G1 X26.061 Y-10.154 E649.50109
G1 X26.601 Y-8.638 E650.25788
G1 X27.048 Y-7.118 E651.00295
G1 X27.502 Y-5.169 E651.94404
G1 X27.785 Y-3.194 E652.88229
G1 X27.924 Y-1.582 E653.64317
G1 X27.969 Y0.00 E654.38743
G1 X27.924 Y1.582 E655.13169
G1 X27.785 Y3.194 E655.89257
G1 X27.558 Y4.775 E656.64368
G1 X27.164 Y6.723 E657.5783
G1 X26.601 Y8.638 E658.51697
G1 X25.929 Y10.524 E659.45851
G1 X24.926 Y12.716 E660.59211
G1 X23.746 Y14.805 E661.72039
G1 X22.622 Y16.447 E662.65614
G1 X21.658 Y17.698 E663.39885
G1 X20.605 Y18.914 E664.1553
G1 X19.2 Y20.356 E665.10208
G1 X17.403 Y21.913 E666.22023
G1 X15.453 Y23.33 E667.35379
G1 X13.398 Y24.567 E668.48175
G1 X11.623 Y25.44 E669.41197
G1 X10.154 Y26.061 E670.16198
G1 X8.638 Y26.601 E670.91877
G1 X7.118 Y27.048 E671.66384
G1 X5.169 Y27.502 E672.60492
G1 X3.194 Y27.785 E673.54318
G1 X1.582 Y27.924 E674.30406
G1 X0.00 Y27.969 E675.04832
G1 X-1.582 Y27.924 E675.79258
G1 X-3.194 Y27.785 E676.55346
G1 X-4.775 Y27.558 E677.30457
G1 X-6.723 Y27.164 E678.23919
G1 X-8.638 Y26.601 E679.17786
G1 X-10.524 Y25.929 E680.11939
G1 X-12.716 Y24.926 E681.253
G1 X-14.805 Y23.746 E682.38127
G1 X-16.447 Y22.622 E683.31703
G1 X-17.698 Y21.658 E684.05974
G1 X-18.914 Y20.605 E684.81618
G1 X-20.356 Y19.2 E685.76297
G1 X-21.913 Y17.403 E686.88112
G1 X-23.33 Y15.453 E688.01467
G1 X-24.567 Y13.398 E689.14264
G1 X-25.44 Y11.623 E690.07285
G1 X-26.061 Y10.154 E690.82286
G1 X-26.601 Y8.638 E691.57966
G1 X-27.048 Y7.118 E692.32473
G1 X-27.502 Y5.169 E693.26581
G1 X-27.785 Y3.194 E694.20407
G1 X-27.924 Y1.582 E694.96495
G1 X-27.969 Y0.00 E695.70921
G1 X-27.924 Y-1.582 E696.45347
G1 X-27.785 Y-3.194 E697.21434
G1 X-27.558 Y-4.775 E697.96546
G1 X-27.164 Y-6.723 E698.90008
G1 X-26.601 Y-8.638 E699.83875
G1 X-25.929 Y-10.524 E700.78028
G1 X-24.926 Y-12.716 E701.91389
G1 X-23.746 Y-14.805 E703.04216
G1 X-22.622 Y-16.447 E703.97792
G1 X-21.658 Y-17.698 E704.72063
G1 X-20.605 Y-18.914 E705.47707
G1 X-19.2 Y-20.356 E706.42386
G1 X-17.403 Y-21.913 E707.542
G1 X-15.453 Y-23.33 E708.67556
G1 X-13.398 Y-24.567 E709.80353
G1 X-11.623 Y-25.44 E710.73374
G1 X-10.154 Y-26.061 E711.48375
G1 X-8.638 Y-26.601 E712.24055
G1 X-7.118 Y-27.048 E712.98562
G1 X-5.169 Y-27.502 E713.9267
G1 X-3.194 Y-27.785 E714.86496
G1 X-1.582 Y-27.924 E715.62584
G1 X0.00 Y-27.969 E716.37009
G1 X1.582 Y-27.924 E717.11435
G1 X3.194 Y-27.785 E717.87523
G1 X4.775 Y-27.558 E718.62634
G1 X6.723 Y-27.164 E719.56097
G1 X8.638 Y-26.601 E720.49964
G0 F1800 X8.994 Y-26.416
G1 F2400 X10.487 Y-25.836 Z2.509 E721.25287
G1 X12.679 Y-24.861 Z2.523 E722.38108
G1 X14.752 Y-23.665 Z2.537 E723.50657
G1 X16.397 Y-22.553 Z2.548 E724.44033
G1 X17.649 Y-21.602 Z2.557 E725.17971
G1 X18.865 Y-20.55 Z2.566 E725.93586
G1 X20.302 Y-19.153 Z2.577 E726.87835
G1 X21.84 Y-17.348 Z2.591 E727.99355
G1 X23.255 Y-15.402 Z2.605 E729.12505
G1 X24.487 Y-13.359 Z2.618 E730.24699
G1 X25.369 Y-11.591 Z2.63 E731.17615
G1 X25.989 Y-10.126 Z2.639 E731.92425
G1 X26.537 Y-8.62 Z2.648 E732.67791
G1 X26.986 Y-7.098 Z2.657 E733.42416
G1 X27.419 Y-5.155 Z2.668 E734.36031
G1 X27.713 Y-3.186 Z2.68 E735.29654
G1 X27.851 Y-1.578 Z2.689 E736.05552
G1 X27.897 Y0.00 Z2.698 E736.79792
G1 X27.853 Y1.577 Z2.707 E737.53983
G1 X27.717 Y3.185 Z2.716 E738.29872
G1 X27.491 Y4.763 Z2.725 E739.04838
G1 X27.089 Y6.705 Z2.737 E739.98102
G1 X26.545 Y8.621 Z2.748 E740.91767
G1 X25.859 Y10.497 Z2.759 E741.85703
G1 X24.877 Y12.688 Z2.773 E742.98615
G1 X23.686 Y14.766 Z2.787 E744.11251
G1 X22.571 Y16.41 Z2.798 E745.04668
G1 X21.617 Y17.662 Z2.807 E745.78691
G1 X20.565 Y18.878 Z2.816 E746.54306
G1 X19.166 Y20.316 Z2.828 E747.48654
G1 X17.363 Y21.86 Z2.841 E748.60285
G1 X15.416 Y23.276 Z2.855 E749.73501
G1 X13.368 Y24.511 Z2.869 E750.85969
G1 X11.6 Y25.389 Z2.88 E751.78801
G1 X10.134 Y26.01 Z2.889 E752.53673
G1 X8.625 Y26.556 Z2.898 E753.2914
G1 X7.104 Y27.004 Z2.907 E754.03706
G1 X5.159 Y27.444 Z2.919 E754.97486
G1 X3.188 Y27.735 Z2.93 E755.91181
G1 X1.579 Y27.874 Z2.939 E756.67129
G1 X0.00 Y27.919 Z2.948 E757.41415
G1 X-1.579 Y27.876 Z2.957 E758.15699
G1 X-3.188 Y27.739 Z2.967 E758.91639
G1 X-4.767 Y27.512 Z2.976 E759.66659
G1 X-6.711 Y27.114 Z2.987 E760.59976
G1 X-8.627 Y26.564 Z2.998 E761.53719
G1 X-10.506 Y25.883 Z3.01 E762.47707
G1 X-12.698 Y24.894 Z3.024 E763.60797
G1 X-14.78 Y23.707 Z3.037 E764.73503
G1 X-16.423 Y22.59 Z3.049 E765.66933
G1 X-17.675 Y21.632 Z3.058 E766.41071
G1 X-18.891 Y20.579 Z3.067 E767.16716
G1 X-20.331 Y19.179 Z3.078 E768.11165
G1 X-21.88 Y17.378 Z3.092 E769.22878
G1 X-23.297 Y15.431 Z3.106 E770.36122
G1 X-24.533 Y13.38 Z3.119 E771.48735
G1 X-25.41 Y11.609 Z3.131 E772.41672
G1 X-26.031 Y10.142 Z3.14 E773.16588
G1 X-26.575 Y8.631 Z3.149 E773.92111
G1 X-27.023 Y7.11 Z3.158 E774.66677
G1 X-27.469 Y5.163 Z3.169 E775.60611
G1 X-27.757 Y3.191 Z3.181 E776.54332
G1 X-27.896 Y1.58 Z3.19 E777.30374
G1 X-27.942 Y0.00 Z3.199 E778.04709
G1 X-27.898 Y-1.58 Z3.208 E778.7904
G1 X-27.76 Y-3.191 Z3.217 E779.55079
G1 X-27.534 Y-4.771 Z3.226 E780.30138
G1 X-27.138 Y-6.717 Z3.238 E781.23528
G1 X-26.582 Y-8.632 Z3.249 E782.17304
G1 X-25.907 Y-10.515 Z3.261 E783.11374
G1 X-24.911 Y-12.707 Z3.274 E784.246
G1 X-23.728 Y-14.793 Z3.288 E785.37376
G1 X-22.608 Y-16.436 Z3.299 E786.30886
G1 X-21.647 Y-17.688 Z3.308 E787.05109
G1 X-20.594 Y-18.904 Z3.318 E787.80755
G1 X-19.191 Y-20.346 Z3.329 E788.75369
G1 X-17.393 Y-21.9 Z3.343 E789.87129
G1 X-15.445 Y-23.318 Z3.356 E791.00438
G1 X-13.392 Y-24.555 Z3.37 E792.13156
G1 X-11.619 Y-25.43 Z3.381 E793.06136
G1 X-10.151 Y-26.052 Z3.391 E793.81114
G1 X-8.636 Y-26.593 Z3.4 E794.56766
G1 X-7.116 Y-27.041 Z3.409 E795.31287
G1 X-5.168 Y-27.494 Z3.42 E796.2534
G1 X-3.193 Y-27.779 Z3.432 E797.19181
G1 X-1.582 Y-27.919 Z3.441 E797.95228
G1 X0.00 Y-27.964 Z3.45 E798.69655
G1 X1.582 Y-27.92 Z3.459 E799.4408
G1 X3.194 Y-27.782 Z3.468 E800.20165
G1 X4.775 Y-27.556 Z3.477 E800.95271
G1 X6.723 Y-27.163 Z3.489 E801.88726
G1 X8.638 Y-26.601 Z3.5 E802.82581
;TIME_ELAPSED:126.372890
;LAYER:3
;note -- min layer time used
;TYPE:WALL-OUTER
;MESH:rouleau_cylindrical_vase_3mm_large_v1.stl
G1 F2122.7 X10.879 Y-25.768 Z3.514 E803.95014
G1 X12.709 Y-24.933 Z3.525 E804.89609
G1 X14.455 Y-23.949 Z3.536 E805.8386
G1 X15.781 Y-23.085 Z3.545 E806.58287
G1 X17.08 Y-22.144 Z3.554 E807.3372
G1 X18.311 Y-21.139 Z3.563 E808.08453
G1 X19.779 Y-19.778 Z3.575 E809.02594
G1 X21.401 Y-18.013 Z3.588 E810.15322
G1 X22.629 Y-16.44 Z3.599 E811.09168
G1 X23.537 Y-15.133 Z3.608 E811.8401
G1 X24.369 Y-13.755 Z3.617 E812.59709
G1 X25.285 Y-11.981 Z3.629 E813.536
G1 X26.217 Y-9.776 Z3.642 E814.66177
G1 X26.961 Y-7.491 Z3.656 E815.79187
G1 X27.433 Y-5.554 Z3.667 E816.72944
G1 X27.755 Y-3.587 Z3.678 E817.66678
G1 X27.947 Y-1.586 Z3.69 E818.61211
G1 X27.993 Y0.00 Z3.699 E819.35828
G1 X27.948 Y1.596 Z3.708 E820.10913
G1 X27.813 Y3.183 Z3.717 E820.85814
G1 X27.513 Y5.167 Z3.728 E821.80177
G1 X26.975 Y7.49 Z3.742 E822.92313
G1 X26.36 Y9.413 Z3.753 E823.87258
G1 X25.796 Y10.891 Z3.762 E824.61653
G1 X24.96 Y12.722 Z3.773 E825.5631
G1 X23.975 Y14.47 Z3.785 E826.50666
G1 X23.112 Y15.8 Z3.794 E827.25226
G1 X22.169 Y17.1 Z3.803 E828.00752
G1 X21.164 Y18.332 Z3.812 E828.75521
G1 X19.803 Y19.804 Z3.823 E829.698
G1 X18.037 Y21.428 Z3.837 E830.82627
G1 X16.459 Y22.655 Z3.848 E831.7663
G1 X15.148 Y23.563 Z3.857 E832.51625
G1 X13.77 Y24.394 Z3.866 E833.273
G1 X11.997 Y25.317 Z3.877 E834.21301
G1 X9.787 Y26.251 Z3.891 E835.34132
G1 X7.501 Y26.995 Z3.904 E836.47186
G1 X5.56 Y27.462 Z3.916 E837.41071
G1 X3.592 Y27.79 Z3.927 E838.34897
G1 X1.592 Y27.977 Z3.938 E839.29361
G1 X0.00 Y28.023 Z3.947 E840.04259
G1 X-1.599 Y27.978 Z3.956 E840.79486
G1 X-3.186 Y27.843 Z3.965 E841.54387
G1 X-5.174 Y27.548 Z3.977 E842.48901
G1 X-7.5 Y27.009 Z3.99 E843.61184
G1 X-9.425 Y26.391 Z4.002 E844.56263
G1 X-10.904 Y25.823 Z4.011 E845.30769
G1 X-12.735 Y24.987 Z4.022 E846.25426
G1 X-14.485 Y24.001 Z4.033 E847.19887
G1 X-15.819 Y23.139 Z4.042 E847.94579
G1 X-17.12 Y22.195 Z4.051 E848.7017
G1 X-18.354 Y21.189 Z4.06 E849.45042
G1 X-19.829 Y19.829 Z4.072 E850.39393
G1 X-21.455 Y18.06 Z4.085 E851.52388
G1 X-22.682 Y16.478 Z4.097 E852.46539
G1 X-23.589 Y15.164 Z4.106 E853.21624
G1 X-24.42 Y13.785 Z4.115 E853.97339
G1 X-25.349 Y12.012 Z4.126 E854.91471
G1 X-26.284 Y9.799 Z4.14 E856.0445
G1 X-27.03 Y7.511 Z4.153 E857.17622
G1 X-27.491 Y5.567 Z4.165 E858.11579
G1 X-27.826 Y3.597 Z4.176 E859.05552
G1 X-28.007 Y1.598 Z4.187 E859.99944
G1 X-28.053 Y0.00 Z4.196 E860.75124
G1 X-28.008 Y-1.602 Z4.205 E861.50491
G1 X-27.873 Y-3.189 Z4.214 E862.25393
G1 X-27.583 Y-5.181 Z4.226 E863.20059
G1 X-27.043 Y-7.51 Z4.239 E864.3249
G1 X-26.422 Y-9.436 Z4.251 E865.27656
G1 X-25.85 Y-10.916 Z4.26 E866.02274
G1 X-25.015 Y-12.747 Z4.271 E866.96912
G1 X-24.026 Y-14.5 Z4.282 E867.91565
G1 X-23.166 Y-15.837 Z4.291 E868.66324
G1 X-22.22 Y-17.14 Z4.301 E869.42048
G1 X-21.213 Y-18.375 Z4.31 E870.16986
G1 X-19.855 Y-19.855 Z4.321 E871.11445
G1 X-18.083 Y-21.482 Z4.334 E872.24576
G1 X-16.497 Y-22.709 Z4.346 E873.18876
G1 X-15.179 Y-23.615 Z4.355 E873.94089
G1 X-13.801 Y-24.446 Z4.364 E874.69764
G1 X-12.028 Y-25.381 Z4.375 E875.64027
G1 X-9.811 Y-26.318 Z4.389 E876.77216
G1 X-7.521 Y-27.064 Z4.403 E877.90478
G1 X-5.574 Y-27.521 Z4.414 E878.84528
G1 X-3.602 Y-27.861 Z4.425 E879.78634
G1 X-1.604 Y-28.036 Z4.436 E880.72954
G1 X0.00 Y-28.083 Z4.446 E881.48418
G1 X1.605 Y-28.039 Z4.455 E882.23925
G1 X3.192 Y-27.904 Z4.464 E882.98827
G1 X5.188 Y-27.618 Z4.475 E883.93651
G1 X7.521 Y-27.077 Z4.489 E885.06277
G1 X9.447 Y-26.453 Z4.5 E886.01486
;TIME_ELAPSED:131.381753
;LAYER:4
;note -- min layer time used
;TYPE:WALL-OUTER
;MESH:rouleau_cylindrical_vase_3mm_large_v1.stl
G1 F2118.7 X10.939 Y-25.873 Z4.509 E886.76766
G1 X12.4 Y-25.207 Z4.518 E887.52274
G1 X13.798 Y-24.458 Z4.527 E888.2686
G1 X15.184 Y-23.626 Z4.536 E889.02881
G1 X16.831 Y-22.488 Z4.548 E889.97026
G1 X18.399 Y-21.239 Z4.559 E890.91298
G1 X19.881 Y-19.881 Z4.57 E891.85827
G1 X21.244 Y-18.398 Z4.582 E892.8055
G1 X22.235 Y-17.17 Z4.591 E893.54759
G1 X23.424 Y-15.522 Z4.602 E894.50325
G1 X24.476 Y-13.817 Z4.614 E895.44541
G1 X25.226 Y-12.401 Z4.623 E896.19895
G1 X25.88 Y-10.949 Z4.632 E896.94785
G1 X26.604 Y-9.067 Z4.643 E897.89613
G1 X27.188 Y-7.155 Z4.654 E898.8363
G1 X27.557 Y-5.582 Z4.664 E899.59612
G1 X27.9 Y-3.607 Z4.675 E900.53881
G1 X28.074 Y-1.595 Z4.686 E901.48852
G1 X28.121 Y0.00 Z4.695 E902.23893
G1 X28.078 Y1.594 Z4.704 E902.98882
G1 X27.941 Y3.208 Z4.714 E903.75057
G1 X27.657 Y5.196 Z4.725 E904.69496
G1 X27.203 Y7.157 Z4.736 E905.64155
G1 X26.623 Y9.072 Z4.748 E906.58252
G1 X25.91 Y10.956 Z4.759 E907.52984
G1 X25.244 Y12.417 Z4.768 E908.28492
G1 X24.496 Y13.82 Z4.777 E909.03263
G1 X23.662 Y15.208 Z4.786 E909.79413
G1 X22.525 Y16.859 Z4.798 E910.73686
G1 X21.266 Y18.428 Z4.809 E911.68289
G1 X19.91 Y19.91 Z4.821 E912.62755
G1 X18.425 Y21.274 Z4.832 E913.57579
G1 X17.196 Y22.27 Z4.841 E914.31972
G1 X15.547 Y23.462 Z4.852 E915.27658
G1 X13.835 Y24.512 Z4.864 E916.22105
G1 X12.42 Y25.261 Z4.873 E916.97396
G1 X10.965 Y25.92 Z4.882 E917.72511
G1 X9.081 Y26.648 Z4.893 E918.67495
G1 X7.164 Y27.228 Z4.905 E919.61682
G1 X5.59 Y27.596 Z4.914 E920.37699
G1 X3.614 Y27.94 Z4.925 E921.32022
G1 X1.596 Y28.114 Z4.937 E922.27275
G1 X0.00 Y28.161 Z4.946 E923.02363
G1 X-1.595 Y28.118 Z4.955 E923.77399
G1 X-3.214 Y27.98 Z4.964 E924.53812
G1 X-5.203 Y27.696 Z4.975 E925.48297
G1 X-7.166 Y27.242 Z4.987 E926.43048
G1 X-9.086 Y26.667 Z4.998 E927.37302
G1 X-10.973 Y25.947 Z5.01 E928.32283
G1 X-12.434 Y25.28 Z5.019 E929.07811
G1 X-13.841 Y24.533 Z5.028 E929.82726
G1 X-15.231 Y23.698 Z5.037 E930.58981
G1 X-16.886 Y22.562 Z5.048 E931.53382
G1 X-18.457 Y21.294 Z5.06 E932.48324
G1 X-19.938 Y19.938 Z5.071 E933.42755
G1 X-21.303 Y18.453 Z5.082 E934.3761
G1 X-22.304 Y17.222 Z5.091 E935.12224
G1 X-23.5 Y15.573 Z5.103 E936.08022
G1 X-24.549 Y13.853 Z5.114 E937.02765
G1 X-25.297 Y12.439 Z5.123 E937.77992
G1 X-25.96 Y10.982 Z5.132 E938.53271
G1 X-26.692 Y9.095 Z5.144 E939.48454
G1 X-27.267 Y7.173 Z5.155 E940.42798
G1 X-27.635 Y5.599 Z5.164 E941.18815
G1 X-27.98 Y3.62 Z5.176 E942.13286
G1 X-28.155 Y1.597 Z5.187 E943.08777
G1 X-28.202 Y0.00 Z5.196 E943.83912
G1 X-28.158 Y-1.597 Z5.205 E944.59042
G1 X-28.02 Y-3.219 Z5.215 E945.35596
G1 X-27.736 Y-5.211 Z5.226 E946.30222
G1 X-27.28 Y-7.175 Z5.237 E947.2504
G1 X-26.71 Y-9.101 Z5.249 E948.19497
G1 X-25.983 Y-10.99 Z5.26 E949.14683
G1 X-25.317 Y-12.451 Z5.269 E949.90192
G1 X-24.571 Y-13.862 Z5.278 E950.6525
G1 X-23.734 Y-15.254 Z5.288 E951.41635
G1 X-22.599 Y-16.913 Z5.299 E952.36164
G1 X-21.322 Y-18.486 Z5.311 E953.31446
G1 X-19.967 Y-19.967 Z5.322 E954.25845
G1 X-18.48 Y-21.333 Z5.333 E955.20802
G1 X-17.248 Y-22.338 Z5.342 E955.95571
G1 X-15.599 Y-23.538 Z5.354 E956.91479
G1 X-13.871 Y-24.585 Z5.365 E957.86494
G1 X-12.458 Y-25.333 Z5.374 E958.6168
G1 X-10.998 Y-26 Z5.383 E959.37165
G1 X-9.109 Y-26.736 Z5.395 E960.32505
G1 X-7.182 Y-27.306 Z5.406 E961.27007
G1 X-5.607 Y-27.674 Z5.415 E962.0307
G1 X-3.626 Y-28.019 Z5.427 E962.97633
G1 X-1.598 Y-28.195 Z5.438 E963.93362
G1 X0.00 Y-28.242 Z5.447 E964.68544
G1 X1.598 Y-28.198 Z5.457 E965.43722
G1 X3.225 Y-28.06 Z5.466 E966.2051
G1 X5.218 Y-27.775 Z5.477 E967.15189
G1 X7.185 Y-27.319 Z5.489 E968.10144
G1 X9.115 Y-26.754 Z5.5 E969.04716
;TIME_ELAPSED:136.390046
;LAYER:5
;note -- min layer time used
;TYPE:WALL-OUTER
;MESH:rouleau_cylindrical_vase_3mm_large_v1.stl
G1 F2136.8 X11.007 Y-26.02 Z5.511 E970.00152
G1 X12.46 Y-25.358 Z5.52 E970.7524
G1 X13.892 Y-24.605 Z5.529 E971.51326
G1 X15.278 Y-23.771 Z5.539 E972.27396
G1 X16.612 Y-22.861 Z5.548 E973.03337
G1 X18.199 Y-21.612 Z5.559 E973.9831
G1 X19.997 Y-19.997 Z5.573 E975.11966
G1 X21.364 Y-18.509 Z5.584 E976.06989
G1 X22.385 Y-17.26 Z5.593 E976.82854
G1 X23.334 Y-15.958 Z5.602 E977.58622
G1 X24.411 Y-14.247 Z5.613 E978.53699
G1 X25.547 Y-12.1 Z5.627 E979.67928
G1 X26.336 Y-10.265 Z5.638 E980.61862
G1 X26.895 Y-8.733 Z5.647 E981.38554
G1 X27.35 Y-7.192 Z5.656 E982.14115
G1 X27.717 Y-5.617 Z5.665 E982.90167
G1 X27.996 Y-4.017 Z5.675 E983.66546
G1 X28.17 Y-2.433 Z5.684 E984.41485
G1 X28.279 Y-.397 Z5.695 E985.3737
G1 X28.244 Y1.6 Z5.706 E986.31297
G1 X28.105 Y3.23 Z5.715 E987.08229
G1 X27.821 Y5.227 Z5.727 E988.03088
G1 X27.365 Y7.196 Z5.738 E988.98135
G1 X26.799 Y9.13 Z5.749 E989.929
G1 X26.062 Y11.027 Z5.761 E990.88607
G1 X25.401 Y12.479 Z5.77 E991.63633
G1 X24.645 Y13.916 Z5.779 E992.39992
G1 X23.811 Y15.303 Z5.788 E993.16102
G1 X22.9 Y16.639 Z5.797 E993.92147
G1 X21.652 Y18.232 Z5.808 E994.87313
G1 X20.03 Y20.03 Z5.822 E996.0119
G1 X18.541 Y21.398 Z5.833 E996.9628
G1 X17.288 Y22.424 Z5.842 E997.72439
G1 X15.986 Y23.372 Z5.852 E998.48179
G1 X14.275 Y24.456 Z5.863 E999.43431
G1 X12.122 Y25.595 Z5.877 E1000.57976
G1 X10.283 Y26.382 Z5.888 E1001.52046
G1 X8.746 Y26.94 Z5.897 E1002.28942
G1 X7.203 Y27.395 Z5.906 E1003.04594
G1 X5.627 Y27.763 Z5.915 E1003.80703
G1 X4.025 Y28.042 Z5.924 E1004.57174
G1 X2.437 Y28.219 Z5.933 E1005.32316
G1 X0.802 Y28.315 Z5.942 E1006.09337
G1 X-.802 Y28.318 Z5.951 E1006.84769
G1 X-2.436 Y28.225 Z5.961 E1007.61736
G1 X-4.028 Y28.044 Z5.97 E1008.37086
G1 X-5.63 Y27.776 Z5.979 E1009.1347
G1 X-7.207 Y27.41 Z5.988 E1009.89603
G1 X-9.145 Y26.843 Z5.999 E1010.84562
G1 X-11.047 Y26.104 Z6.011 E1011.80522
G1 X-12.499 Y25.443 Z6.02 E1012.55548
G1 X-13.94 Y24.685 Z6.029 E1013.32117
G1 X-15.329 Y23.85 Z6.038 E1014.08333
G1 X-16.665 Y22.938 Z6.047 E1014.84404
G1 X-18.266 Y21.693 Z6.058 E1015.7978
G1 X-20.063 Y20.063 Z6.072 E1016.93874
G1 X-21.431 Y18.574 Z6.083 E1017.88963
G1 X-22.462 Y17.315 Z6.092 E1018.6549
G1 X-23.41 Y16.013 Z6.101 E1019.4123
G1 X-24.502 Y14.302 Z6.113 E1020.36684
G1 X-25.643 Y12.144 Z6.127 E1021.51481
G1 X-26.429 Y10.301 Z6.138 E1022.45705
G1 X-26.985 Y8.759 Z6.147 E1023.22791
G1 X-27.441 Y7.214 Z6.156 E1023.98546
G1 X-27.809 Y5.638 Z6.165 E1024.74655
G1 X-28.088 Y4.033 Z6.174 E1025.51265
G1 X-28.269 Y2.441 Z6.183 E1026.26615
G1 X-28.365 Y0.803 Z6.193 E1027.03777
G1 X-28.367 Y-.803 Z6.202 E1027.79303
G1 X-28.275 Y-2.441 Z6.211 E1028.56455
G1 X-28.093 Y-4.035 Z6.22 E1029.31903
G1 X-27.821 Y-5.64 Z6.229 E1030.08458
G1 X-27.456 Y-7.218 Z6.238 E1030.84626
G1 X-26.888 Y-9.16 Z6.249 E1031.79779
G1 X-26.147 Y-11.067 Z6.261 E1032.75992
G1 X-25.486 Y-12.518 Z6.27 E1033.50975
G1 X-24.725 Y-13.965 Z6.279 E1034.2786
G1 X-23.89 Y-15.354 Z6.288 E1035.04075
G1 X-22.977 Y-16.692 Z6.297 E1035.80251
G1 X-21.734 Y-18.299 Z6.309 E1036.75792
G1 X-20.096 Y-20.096 Z6.322 E1037.90139
G1 X-18.606 Y-21.465 Z6.334 E1038.85295
G1 X-17.343 Y-22.5 Z6.343 E1039.62086
G1 X-16.041 Y-23.448 Z6.352 E1040.37826
G1 X-14.329 Y-24.547 Z6.363 E1041.33498
G1 X-12.165 Y-25.691 Z6.377 E1042.4861
G1 X-10.319 Y-26.475 Z6.388 E1043.42927
G1 X-8.772 Y-27.031 Z6.397 E1044.20234
G1 X-7.225 Y-27.487 Z6.407 E1044.9608
G1 X-5.648 Y-27.855 Z6.416 E1045.72234
G1 X-4.041 Y-28.134 Z6.425 E1046.48937
G1 X-2.445 Y-28.319 Z6.434 E1047.24495
G1 X-.805 Y-28.415 Z6.443 E1048.01751
G1 X0.805 Y-28.417 Z6.452 E1048.77465
G1 X2.445 Y-28.324 Z6.461 E1049.54713
G1 X4.042 Y-28.142 Z6.47 E1050.30302
G1 X5.651 Y-27.866 Z6.48 E1051.07074
G1 X7.229 Y-27.502 Z6.489 E1051.83231
G1 X9.175 Y-26.932 Z6.5 E1052.78591
;TIME_ELAPSED:141.398412
;LAYER:6
;note -- min layer time used
;TYPE:WALL-OUTER
;MESH:rouleau_cylindrical_vase_3mm_large_v1.stl
G1 F2156.6 X11.076 Y-26.194 Z6.511 E1053.7449
G1 X12.546 Y-25.525 Z6.52 E1054.50442
G1 X13.989 Y-24.765 Z6.529 E1055.27139
G1 X15.38 Y-23.93 Z6.538 E1056.03435
G1 X16.719 Y-23.016 Z6.547 E1056.79675
G1 X18.014 Y-22.02 Z6.557 E1057.56505
G1 X19.233 Y-20.953 Z6.566 E1058.32689
G1 X20.69 Y-19.523 Z6.577 E1059.28696
G1 X22.019 Y-18.008 Z6.588 E1060.2347
G1 X23.015 Y-16.721 Z6.597 E1061.00001
G1 X23.935 Y-15.379 Z6.606 E1061.76517
G1 X24.776 Y-14.008 Z6.615 E1062.52155
G1 X25.543 Y-12.557 Z6.624 E1063.29338
G1 X26.21 Y-11.078 Z6.633 E1064.05637
G1 X26.803 Y-9.56 Z6.642 E1064.82278
G1 X27.304 Y-8.027 Z6.651 E1065.58123
G1 X27.818 Y-6.041 Z6.663 E1066.54596
G1 X28.184 Y-4.049 Z6.674 E1067.49842
G1 X28.4 Y-2.023 Z6.685 E1068.45659
G1 X28.479 Y-0.005 Z6.697 E1069.40633
G1 X28.435 Y1.623 Z6.706 E1070.17221
G1 X28.245 Y3.646 Z6.717 E1071.12775
G1 X27.919 Y5.657 Z6.728 E1072.08581
G1 X27.449 Y7.619 Z6.74 E1073.03459
G1 X26.835 Y9.57 Z6.751 E1073.99645
G1 X26.243 Y11.095 Z6.76 E1074.76576
G1 X25.571 Y12.571 Z6.769 E1075.52843
G1 X24.81 Y14.016 Z6.778 E1076.29645
G1 X23.975 Y15.407 Z6.787 E1077.05941
G1 X23.058 Y16.75 Z6.796 E1077.82417
G1 X22.062 Y18.046 Z6.805 E1078.59283
G1 X20.993 Y19.27 Z6.814 E1079.35707
G1 X19.562 Y20.733 Z6.826 E1080.31947
G1 X18.043 Y22.062 Z6.837 E1081.26863
G1 X16.753 Y23.06 Z6.846 E1082.03563
G1 X15.408 Y23.982 Z6.855 E1082.80249
G1 X14.033 Y24.822 Z6.864 E1083.56023
G1 X12.582 Y25.59 Z6.873 E1084.33228
G1 X11.1 Y26.261 Z6.882 E1085.09733
G1 X9.578 Y26.855 Z6.891 E1085.86566
G1 X8.038 Y27.358 Z6.9 E1086.62753
G1 X6.054 Y27.875 Z6.912 E1087.59171
G1 X4.057 Y28.236 Z6.923 E1088.54606
G1 X2.027 Y28.458 Z6.934 E1089.5064
G1 X0.00 Y28.525 Z6.946 E1090.46017
G1 X-1.63 Y28.481 Z6.955 E1091.22699
G1 X-3.659 Y28.302 Z6.966 E1092.18487
G1 X-5.672 Y27.969 Z6.978 E1093.1444
G1 X-7.635 Y27.504 Z6.989 E1094.09308
G1 X-9.59 Y26.884 Z7 E1095.05759
G1 X-11.114 Y26.291 Z7.009 E1095.82663
G1 X-12.595 Y25.618 Z7.018 E1096.59164
G1 X-14.044 Y24.856 Z7.027 E1097.36154
G1 X-15.435 Y24.019 Z7.036 E1098.12498
G1 X-16.781 Y23.1 Z7.046 E1098.89143
G1 X-18.079 Y22.103 Z7.055 E1099.66113
G1 X-19.308 Y21.034 Z7.064 E1100.42714
G1 X-20.776 Y19.601 Z7.075 E1101.39188
G1 X-22.106 Y18.078 Z7.086 E1102.34276
G1 X-23.105 Y16.785 Z7.095 E1103.11117
G1 X-24.028 Y15.438 Z7.105 E1103.87908
G1 X-24.869 Y14.057 Z7.114 E1104.63947
G1 X-25.637 Y12.606 Z7.123 E1105.41152
G1 X-26.312 Y11.121 Z7.132 E1106.17863
G1 X-26.908 Y9.596 Z7.141 E1106.94862
G1 X-27.412 Y8.053 Z7.15 E1107.71198
G1 X-27.932 Y6.067 Z7.161 E1108.67742
G1 X-28.288 Y4.066 Z7.173 E1109.63321
G1 X-28.516 Y2.03 Z7.184 E1110.59666
G1 X-28.581 Y0.00 Z7.195 E1111.5518
G1 X-28.536 Y-1.633 Z7.204 E1112.32005
G1 X-28.36 Y-3.665 Z7.216 E1113.27922
G1 X-28.021 Y-5.683 Z7.227 E1114.24152
G1 X-27.56 Y-7.652 Z7.238 E1115.19253
G1 X-26.932 Y-9.609 Z7.25 E1116.15907
G1 X-26.34 Y-11.133 Z7.259 E1116.92794
G1 X-25.664 Y-12.62 Z7.268 E1117.6961
G1 X-24.901 Y-14.071 Z7.277 E1118.46705
G1 X-24.064 Y-15.462 Z7.286 E1119.2305
G1 X-23.143 Y-16.812 Z7.295 E1119.99903
G1 X-22.145 Y-18.111 Z7.304 E1120.76939
G1 X-21.075 Y-19.345 Z7.313 E1121.53748
G1 X-19.641 Y-20.819 Z7.325 E1122.50458
G1 X-18.113 Y-22.149 Z7.336 E1123.45723
G1 X-16.817 Y-23.149 Z7.345 E1124.22704
G1 X-15.468 Y-24.075 Z7.354 E1124.99652
G1 X-14.082 Y-24.916 Z7.363 E1125.75892
G1 X-12.631 Y-25.683 Z7.373 E1126.53075
G1 X-11.142 Y-26.363 Z7.382 E1127.30055
G1 X-9.615 Y-26.96 Z7.391 E1128.07158
G1 X-8.069 Y-27.465 Z7.4 E1128.83643
G1 X-6.08 Y-27.989 Z7.411 E1129.80371
G1 X-4.074 Y-28.34 Z7.423 E1130.76141
G1 X-2.033 Y-28.575 Z7.434 E1131.72757
G1 X0.00 Y-28.636 Z7.445 E1132.68406
G1 X1.636 Y-28.591 Z7.454 E1133.45372
G1 X3.672 Y-28.418 Z7.466 E1134.41464
G1 X5.693 Y-28.072 Z7.477 E1135.37889
G1 X7.668 Y-27.615 Z7.489 E1136.33222
G1 X9.628 Y-26.981 Z7.5 E1137.30097
;TIME_ELAPSED:146.406860
;LAYER:7
;note -- min layer time used
;TYPE:WALL-OUTER
;MESH:rouleau_cylindrical_vase_3mm_large_v1.stl
G1 F2172.9 X11.903 Y-26.048 Z7.514 E1138.45731
G1 X13.372 Y-25.329 Z7.523 E1139.22645
G1 X14.784 Y-24.534 Z7.532 E1139.98849
G1 X16.162 Y-23.651 Z7.541 E1140.75815
G1 X17.509 Y-22.674 Z7.55 E1141.54068
G1 X18.758 Y-21.657 Z7.559 E1142.29814
G1 X20.265 Y-20.262 Z7.57 E1143.26387
G1 X21.66 Y-18.763 Z7.581 E1144.22683
G1 X22.681 Y-17.516 Z7.59 E1144.98475
G1 X23.662 Y-16.17 Z7.599 E1145.76801
G1 X24.549 Y-14.794 Z7.608 E1146.5379
G1 X25.348 Y-13.383 Z7.617 E1147.30045
G1 X26.072 Y-11.915 Z7.626 E1148.07021
G1 X26.865 Y-10.018 Z7.638 E1149.03712
G1 X27.519 Y-8.081 Z7.649 E1149.99856
G1 X27.941 Y-6.484 Z7.658 E1150.77536
G1 X28.253 Y-4.902 Z7.667 E1151.53366
G1 X28.492 Y-3.256 Z7.676 E1152.31584
G1 X28.643 Y-1.645 Z7.685 E1153.07677
G1 X28.692 Y0.00 Z7.694 E1153.85071
G1 X28.647 Y1.64 Z7.703 E1154.62224
G1 X28.51 Y3.262 Z7.712 E1155.38774
G1 X28.268 Y4.903 Z7.722 E1156.1678
G1 X27.948 Y6.49 Z7.731 E1156.92914
G1 X27.543 Y8.076 Z7.74 E1157.69893
G1 X26.892 Y10.028 Z7.751 E1158.6666
G1 X26.102 Y11.928 Z7.762 E1159.63427
G1 X25.381 Y13.399 Z7.771 E1160.40467
G1 X24.585 Y14.815 Z7.78 E1161.16857
G1 X23.7 Y16.195 Z7.789 E1161.93954
G1 X22.721 Y17.546 Z7.799 E1162.72415
G1 X21.701 Y18.797 Z7.807 E1163.48322
G1 X20.306 Y20.309 Z7.819 E1164.45068
G1 X18.801 Y21.705 Z7.83 E1165.41603
G1 X17.552 Y22.728 Z7.839 E1166.17527
G1 X16.204 Y23.711 Z7.848 E1166.95985
G1 X14.825 Y24.6 Z7.857 E1167.73143
G1 X13.411 Y25.401 Z7.866 E1168.49568
G1 X11.94 Y26.126 Z7.875 E1169.2669
G1 X10.041 Y26.923 Z7.887 E1170.23541
G1 X8.097 Y27.574 Z7.898 E1171.19952
G1 X6.498 Y27.995 Z7.907 E1171.97711
G1 X4.912 Y28.312 Z7.916 E1172.73771
G1 X3.263 Y28.551 Z7.925 E1173.52129
G1 X1.647 Y28.699 Z7.934 E1174.28443
G1 X0.00 Y28.748 Z7.943 E1175.05931
G1 X-1.643 Y28.703 Z7.952 E1175.83225
G1 X-3.267 Y28.566 Z7.961 E1176.59869
G1 X-4.913 Y28.325 Z7.971 E1177.38101
G1 X-6.504 Y28.006 Z7.98 E1178.1441
G1 X-8.093 Y27.597 Z7.989 E1178.91572
G1 X-10.051 Y26.95 Z8 E1179.88548
G1 X-11.953 Y26.156 Z8.011 E1180.85474
G1 X-13.427 Y25.434 Z8.021 E1181.62661
G1 X-14.845 Y24.636 Z8.03 E1182.3918
G1 X-16.229 Y23.749 Z8.039 E1183.16485
G1 X-17.582 Y22.768 Z8.048 E1183.95078
G1 X-18.836 Y21.746 Z8.057 E1184.71154
G1 X-20.353 Y20.351 Z8.068 E1185.68072
G1 X-21.749 Y18.84 Z8.08 E1186.64815
G1 X-22.775 Y17.588 Z8.088 E1187.40938
G1 X-23.76 Y16.237 Z8.098 E1188.19565
G1 X-24.651 Y14.855 Z8.107 E1188.96893
G1 X-25.453 Y13.438 Z8.116 E1189.73463
G1 X-26.18 Y11.964 Z8.125 E1190.50754
G1 X-26.981 Y10.063 Z8.136 E1191.47764
G1 X-27.629 Y8.11 Z8.148 E1192.44532
G1 X-28.05 Y6.512 Z8.157 E1193.22245
G1 X-28.37 Y4.922 Z8.166 E1193.98518
G1 X-28.61 Y3.269 Z8.175 E1194.77069
G1 X-28.756 Y1.648 Z8.184 E1195.53608
G1 X-28.805 Y0.00 Z8.193 E1196.31143
G1 X-28.76 Y-1.646 Z8.202 E1197.08578
G1 X-28.622 Y-3.272 Z8.211 E1197.85319
G1 X-28.383 Y-4.924 Z8.22 E1198.63817
G1 X-28.063 Y-6.517 Z8.229 E1199.40228
G1 X-27.65 Y-8.111 Z8.238 E1200.17664
G1 X-27.008 Y-10.073 Z8.25 E1201.14745
G1 X-26.21 Y-11.977 Z8.261 E1202.11831
G1 X-25.486 Y-13.455 Z8.27 E1202.89228
G1 X-24.686 Y-14.876 Z8.279 E1203.65916
G1 X-23.798 Y-16.263 Z8.288 E1204.43366
G1 X-22.815 Y-17.619 Z8.298 E1205.22128
G1 X-21.79 Y-18.875 Z8.307 E1205.98367
G1 X-20.396 Y-20.396 Z8.318 E1206.95391
G1 X-18.879 Y-21.794 Z8.329 E1207.92405
G1 X-17.625 Y-22.823 Z8.338 E1208.6869
G1 X-16.271 Y-23.809 Z8.348 E1209.47459
G1 X-14.886 Y-24.702 Z8.357 E1210.24956
G1 X-13.466 Y-25.506 Z8.366 E1211.01696
G1 X-11.989 Y-26.234 Z8.375 E1211.79134
G1 X-10.086 Y-27.04 Z8.386 E1212.76322
G1 X-8.123 Y-27.684 Z8.398 E1213.73478
G1 X-6.527 Y-28.105 Z8.407 E1214.511
G1 X-4.932 Y-28.428 Z8.416 E1215.27631
G1 X-3.276 Y-28.669 Z8.425 E1216.06328
G1 X-1.65 Y-28.812 Z8.434 E1216.83089
G1 X0.00 Y-28.861 Z8.443 E1217.60718
G1 X1.649 Y-28.816 Z8.452 E1218.38295
G1 X3.277 Y-28.678 Z8.461 E1219.1513
G1 X4.934 Y-28.441 Z8.47 E1219.93846
G1 X6.531 Y-28.12 Z8.479 E1220.70451
G1 X8.128 Y-27.704 Z8.489 E1221.4806
G1 X10.096 Y-27.066 Z8.5 E1222.45351
;TIME_ELAPSED:151.415927
;LAYER:8
;note -- min layer time used
;TYPE:WALL-OUTER
;MESH:rouleau_cylindrical_vase_3mm_large_v1.stl
G1 F2180.5 X11.245 Y-26.583 Z8.507 E1223.03965
G1 X12.724 Y-25.911 Z8.516 E1223.80361
G1 X14.203 Y-25.133 Z8.525 E1224.5895
G1 X15.613 Y-24.285 Z8.534 E1225.36326
G1 X17.311 Y-23.113 Z8.545 E1226.33352
G1 X18.917 Y-21.833 Z8.557 E1227.29932
G1 X20.136 Y-20.716 Z8.566 E1228.07685
G1 X21.276 Y-19.531 Z8.575 E1228.85013
G1 X22.63 Y-17.955 Z8.586 E1229.82724
G1 X23.856 Y-16.307 Z8.598 E1230.79319
G1 X24.957 Y-14.561 Z8.609 E1231.7639
G1 X25.926 Y-12.75 Z8.62 E1232.72981
G1 X26.61 Y-11.257 Z8.629 E1233.5021
G1 X27.22 Y-9.727 Z8.638 E1234.27669
G1 X27.739 Y-8.139 Z8.648 E1235.06235
G1 X28.161 Y-6.54 Z8.657 E1235.84006
G1 X28.551 Y-4.523 Z8.668 E1236.80617
G1 X28.799 Y-2.486 Z8.679 E1237.77118
G1 X28.911 Y-.393 Z8.691 E1238.75687
G1 X28.845 Y2.065 Z8.704 E1239.91321
G1 X28.621 Y4.111 Z8.716 E1240.88114
G1 X28.261 Y6.156 Z8.727 E1241.85763
G1 X27.759 Y8.146 Z8.738 E1242.82278
G1 X27.245 Y9.734 Z8.748 E1243.60772
G1 X26.639 Y11.269 Z8.757 E1244.38381
G1 X25.966 Y12.751 Z8.766 E1245.14924
G1 X25.187 Y14.233 Z8.775 E1245.9366
G1 X24.337 Y15.646 Z8.784 E1246.71206
G1 X23.165 Y17.349 Z8.795 E1247.68426
G1 X21.876 Y18.957 Z8.807 E1248.65343
G1 X20.759 Y20.176 Z8.816 E1249.43096
G1 X19.572 Y21.321 Z8.825 E1250.20655
G1 X17.996 Y22.68 Z8.836 E1251.18519
G1 X16.342 Y23.903 Z8.848 E1252.15257
G1 X14.592 Y25.013 Z8.859 E1253.12713
G1 X12.777 Y25.981 Z8.87 E1254.09447
G1 X11.281 Y26.667 Z8.879 E1254.86844
G1 X9.745 Y27.276 Z8.888 E1255.64548
G1 X8.157 Y27.795 Z8.898 E1256.43114
G1 X6.552 Y28.218 Z8.907 E1257.2117
G1 X4.532 Y28.615 Z8.918 E1258.17982
G1 X2.491 Y28.86 Z8.929 E1259.14653
G1 X0.395 Y28.976 Z8.941 E1260.13373
G1 X-2.069 Y28.909 Z8.955 E1261.29291
G1 X-4.12 Y28.681 Z8.966 E1262.26338
G1 X-6.169 Y28.325 Z8.977 E1263.2414
G1 X-8.163 Y27.815 Z8.989 E1264.2093
G1 X-9.752 Y27.301 Z8.998 E1264.99469
G1 X-11.293 Y26.696 Z9.007 E1265.77322
G1 X-12.778 Y26.021 Z9.016 E1266.54033
G1 X-14.264 Y25.24 Z9.025 E1267.32979
G1 X-15.679 Y24.388 Z9.034 E1268.10654
G1 X-17.387 Y23.217 Z9.046 E1269.08042
G1 X-18.996 Y21.918 Z9.057 E1270.0529
G1 X-20.216 Y20.802 Z9.066 E1270.83046
G1 X-21.366 Y19.614 Z9.075 E1271.60802
G1 X-22.73 Y18.036 Z9.087 E1272.58892
G1 X-23.95 Y16.376 Z9.098 E1273.55772
G1 X-25.069 Y14.624 Z9.109 E1274.53535
G1 X-26.037 Y12.804 Z9.121 E1275.50477
G1 X-26.724 Y11.305 Z9.13 E1276.28022
G1 X-27.332 Y9.763 Z9.139 E1277.05971
G1 X-27.85 Y8.174 Z9.148 E1277.84567
G1 X-28.276 Y6.564 Z9.157 E1278.62886
G1 X-28.679 Y4.541 Z9.169 E1279.59892
G1 X-28.922 Y2.496 Z9.18 E1280.56738
G1 X-29.04 Y0.397 Z9.192 E1281.55604
G1 X-28.973 Y-2.075 Z9.205 E1282.71898
G1 X-28.742 Y-4.129 Z9.217 E1283.69101
G1 X-28.388 Y-6.182 Z9.228 E1284.67072
G1 X-27.87 Y-8.181 Z9.239 E1285.64184
G1 X-27.356 Y-9.771 Z9.249 E1286.42767
G1 X-26.753 Y-11.317 Z9.258 E1287.20806
G1 X-26.076 Y-12.806 Z9.267 E1287.97727
G1 X-25.293 Y-14.294 Z9.276 E1288.768
G1 X-24.44 Y-15.713 Z9.285 E1289.5466
G1 X-23.27 Y-17.425 Z9.297 E1290.52176
G1 X-21.961 Y-19.036 Z9.308 E1291.49793
G1 X-20.845 Y-20.255 Z9.317 E1292.27515
G1 X-19.655 Y-21.411 Z9.326 E1293.05535
G1 X-18.077 Y-22.78 Z9.338 E1294.03778
G1 X-16.41 Y-23.998 Z9.349 E1295.00869
G1 X-14.655 Y-25.125 Z9.361 E1295.98953
G1 X-12.831 Y-26.093 Z9.372 E1296.96062
G1 X-11.329 Y-26.781 Z9.381 E1297.73754
G1 X-9.781 Y-27.388 Z9.39 E1298.51948
G1 X-8.192 Y-27.906 Z9.399 E1299.30545
G1 X-6.577 Y-28.333 Z9.409 E1300.09104
G1 X-4.55 Y-28.744 Z9.42 E1301.06367
G1 X-2.502 Y-28.983 Z9.431 E1302.03332
G1 X-.399 Y-29.104 Z9.443 E1303.02394
G1 X2.081 Y-29.037 Z9.457 E1304.19064
G1 X4.138 Y-28.803 Z9.468 E1305.16422
G1 X6.195 Y-28.451 Z9.479 E1306.14563
G1 X8.198 Y-27.926 Z9.491 E1307.1194
G1 X9.789 Y-27.412 Z9.5 E1307.90568
;TIME_ELAPSED:156.425026
;LAYER:9
;note -- min layer time used
;TYPE:WALL-OUTER
;MESH:rouleau_cylindrical_vase_3mm_large_v1.stl
G1 F2198.1 X11.33 Y-26.815 Z9.509 E1308.68285
G1 X12.849 Y-26.123 Z9.518 E1309.46783
G1 X14.303 Y-25.358 Z9.527 E1310.24047
G1 X15.746 Y-24.491 Z9.536 E1311.03213
G1 X17.119 Y-23.556 Z9.545 E1311.81332
G1 X18.428 Y-22.534 Z9.554 E1312.5943
G1 X19.687 Y-21.446 Z9.564 E1313.37682
G1 X20.88 Y-20.288 Z9.573 E1314.15869
G1 X22.005 Y-19.064 Z9.582 E1314.9405
G1 X23.058 Y-17.8 Z9.591 E1315.71417
G1 X24.045 Y-16.444 Z9.6 E1316.50289
G1 X24.952 Y-15.039 Z9.609 E1317.28934
G1 X25.76 Y-13.592 Z9.618 E1318.06872
G1 X26.669 Y-11.725 Z9.629 E1319.04525
G1 X27.443 Y-9.801 Z9.641 E1320.02052
G1 X27.962 Y-8.209 Z9.65 E1320.80797
G1 X28.39 Y-6.59 Z9.659 E1321.5955
G1 X28.718 Y-4.977 Z9.668 E1322.36957
G1 X29.001 Y-2.893 Z9.679 E1323.35861
G1 X29.165 Y-.4 Z9.693 E1324.53353
G1 X29.097 Y2.088 Z9.707 E1325.704
G1 X28.862 Y4.147 Z9.718 E1326.67857
G1 X28.579 Y5.796 Z9.727 E1327.46539
G1 X28.194 Y7.419 Z9.736 E1328.24982
G1 X27.601 Y9.414 Z9.748 E1329.22858
G1 X26.869 Y11.351 Z9.759 E1330.20237
G1 X26.175 Y12.877 Z9.768 E1330.99073
G1 X25.41 Y14.331 Z9.777 E1331.76337
G1 X24.54 Y15.779 Z9.786 E1332.55778
G1 X23.604 Y17.152 Z9.795 E1333.33922
G1 X22.582 Y18.467 Z9.804 E1334.12243
G1 X21.491 Y19.728 Z9.813 E1334.90659
G1 X20.331 Y20.925 Z9.823 E1335.69047
G1 X19.105 Y22.053 Z9.832 E1336.47392
G1 X17.835 Y23.106 Z9.841 E1337.24976
G1 X16.478 Y24.094 Z9.85 E1338.03914
G1 X15.07 Y25.001 Z9.859 E1338.82677
G1 X13.62 Y25.814 Z9.868 E1339.60853
G1 X11.751 Y26.728 Z9.879 E1340.58694
G1 X9.822 Y27.498 Z9.891 E1341.5637
G1 X8.226 Y28.018 Z9.9 E1342.35308
G1 X6.604 Y28.447 Z9.909 E1343.14209
G1 X4.988 Y28.775 Z9.918 E1343.91754
G1 X2.9 Y29.066 Z9.93 E1344.90896
G1 X0.401 Y29.224 Z9.943 E1346.08651
G1 X-2.093 Y29.155 Z9.957 E1347.25982
G1 X-4.155 Y28.92 Z9.968 E1348.23579
G1 X-5.806 Y28.637 Z9.977 E1349.02353
G1 X-7.435 Y28.254 Z9.986 E1349.81049
G1 X-9.434 Y27.663 Z9.998 E1350.79079
G1 X-11.372 Y26.924 Z10.009 E1351.76619
G1 X-12.904 Y26.227 Z10.018 E1352.5577
G1 X-14.358 Y25.462 Z10.027 E1353.33034
G1 X-15.811 Y24.588 Z10.037 E1354.12774
G1 X-17.185 Y23.652 Z10.046 E1354.90957
G1 X-18.506 Y22.63 Z10.055 E1355.69501
G1 X-19.77 Y21.536 Z10.064 E1356.48116
G1 X-20.969 Y20.374 Z10.073 E1357.26636
G1 X-22.1 Y19.145 Z10.082 E1358.05181
G1 X-23.154 Y17.869 Z10.091 E1358.83012
G1 X-24.142 Y16.511 Z10.1 E1359.61988
G1 X-25.05 Y15.102 Z10.109 E1360.40816
G1 X-25.869 Y13.649 Z10.119 E1361.19254
G1 X-26.787 Y11.778 Z10.13 E1362.17262
G1 X-27.553 Y9.842 Z10.141 E1363.15174
G1 X-28.075 Y8.243 Z10.151 E1363.94276
G1 X-28.504 Y6.619 Z10.16 E1364.73267
G1 X-28.833 Y5 Z10.169 E1365.5096
G1 X-29.13 Y2.908 Z10.18 E1366.50327
G1 X-29.283 Y0.402 Z10.194 E1367.68397
G1 X-29.214 Y-2.099 Z10.208 E1368.86056
G1 X-28.978 Y-4.164 Z10.219 E1369.83799
G1 X-28.695 Y-5.816 Z10.228 E1370.6262
G1 X-28.314 Y-7.45 Z10.237 E1371.41523
G1 X-27.725 Y-9.455 Z10.249 E1372.39797
G1 X-26.978 Y-11.394 Z10.26 E1373.37515
G1 X-26.279 Y-12.932 Z10.269 E1374.16962
G1 X-25.514 Y-14.386 Z10.278 E1374.94226
G1 X-24.637 Y-15.844 Z10.287 E1375.7424
G1 X-23.7 Y-17.218 Z10.297 E1376.5245
G1 X-22.677 Y-18.545 Z10.306 E1377.31246
G1 X-21.582 Y-19.812 Z10.315 E1378.09998
G1 X-20.417 Y-21.014 Z10.324 E1378.88718
G1 X-19.186 Y-22.147 Z10.333 E1379.67396
G1 X-17.903 Y-23.201 Z10.342 E1380.45481
G1 X-16.544 Y-24.19 Z10.351 E1381.24523
G1 X-15.133 Y-25.1 Z10.361 E1382.03481
G1 X-13.677 Y-25.924 Z10.37 E1382.82157
G1 X-11.804 Y-26.845 Z10.381 E1383.80312
G1 X-9.863 Y-27.608 Z10.392 E1384.78391
G1 X-8.259 Y-28.131 Z10.402 E1385.57731
G1 X-6.633 Y-28.561 Z10.411 E1386.36825
G1 X-5.011 Y-28.891 Z10.42 E1387.14666
G1 X-2.915 Y-29.194 Z10.431 E1388.14259
G1 X-.404 Y-29.342 Z10.445 E1389.32549
G1 X2.105 Y-29.272 Z10.459 E1390.50586
G1 X4.173 Y-29.036 Z10.47 E1391.48469
G1 X5.826 Y-28.752 Z10.479 E1392.27344
G1 X7.466 Y-28.373 Z10.489 E1393.06501
G1 X9.475 Y-27.787 Z10.5 E1394.04916
;TIME_ELAPSED:161.433644
;LAYER:10
;note -- min layer time used
;TYPE:WALL-OUTER
;MESH:rouleau_cylindrical_vase_3mm_large_v1.stl
G1 F2225.5 X11.431 Y-27.025 Z10.511 E1395.03634
G1 X12.942 Y-26.339 Z10.52 E1395.81673
G1 X14.434 Y-25.554 Z10.529 E1396.60956
G1 X15.877 Y-24.686 Z10.538 E1397.40147
G1 X17.251 Y-23.748 Z10.547 E1398.18383
G1 X18.583 Y-22.724 Z10.556 E1398.97394
G1 X19.853 Y-21.626 Z10.566 E1399.76346
G1 X21.057 Y-20.459 Z10.575 E1400.55198
G1 X22.192 Y-19.226 Z10.584 E1401.34009
G1 X23.502 Y-17.592 Z10.595 E1402.32498
G1 X24.7 Y-15.863 Z10.606 E1403.31418
G1 X25.558 Y-14.445 Z10.615 E1404.0936
G1 X26.353 Y-12.943 Z10.624 E1404.89278
G1 X27.046 Y-11.455 Z10.633 E1405.66472
G1 X27.663 Y-9.881 Z10.642 E1406.45976
G1 X28.186 Y-8.276 Z10.651 E1407.25361
G1 X28.617 Y-6.647 Z10.66 E1408.04604
G1 X28.947 Y-5.021 Z10.669 E1408.82629
G1 X29.193 Y-3.331 Z10.679 E1409.62942
G1 X29.354 Y-1.263 Z10.69 E1410.60488
G1 X29.368 Y0.832 Z10.701 E1411.59012
G1 X29.283 Y2.518 Z10.71 E1412.38401
G1 X29.093 Y4.181 Z10.719 E1413.17115
G1 X28.719 Y6.25 Z10.731 E1414.15991
G1 X28.199 Y8.279 Z10.742 E1415.14493
G1 X27.694 Y9.872 Z10.751 E1415.93081
G1 X27.077 Y11.455 Z10.76 E1416.7298
G1 X26.391 Y12.966 Z10.769 E1417.51018
G1 X25.603 Y14.463 Z10.778 E1418.30575
G1 X24.734 Y15.906 Z10.787 E1419.09791
G1 X23.796 Y17.283 Z10.796 E1419.88144
G1 X22.768 Y18.619 Z10.805 E1420.67419
G1 X21.668 Y19.891 Z10.814 E1421.46502
G1 X20.499 Y21.098 Z10.823 E1422.25522
G1 X19.265 Y22.233 Z10.832 E1423.04367
G1 X17.629 Y23.553 Z10.844 E1424.03224
G1 X15.895 Y24.75 Z10.855 E1425.02311
G1 X14.474 Y25.611 Z10.864 E1425.80446
G1 X12.969 Y26.407 Z10.873 E1426.60512
G1 X11.475 Y27.1 Z10.882 E1427.37961
G1 X9.896 Y27.718 Z10.891 E1428.17701
G1 X8.292 Y28.241 Z10.9 E1428.97041
G1 X6.661 Y28.672 Z10.909 E1429.76375
G1 X5.03 Y29.004 Z10.918 E1430.54649
G1 X3.339 Y29.25 Z10.928 E1431.35009
G1 X1.266 Y29.417 Z10.939 E1432.32812
G1 X-.834 Y29.427 Z10.95 E1433.3157
G1 X-2.524 Y29.339 Z10.959 E1434.11153
G1 X-4.189 Y29.149 Z10.968 E1434.89962
G1 X-6.265 Y28.78 Z10.98 E1435.8912
G1 X-8.296 Y28.256 Z10.991 E1436.8776
G1 X-9.893 Y27.747 Z11 E1437.66584
G1 X-11.479 Y27.129 Z11.009 E1438.46632
G1 X-12.989 Y26.442 Z11.018 E1439.24647
G1 X-14.493 Y25.652 Z11.027 E1440.04539
G1 X-15.936 Y24.783 Z11.036 E1440.83754
G1 X-17.314 Y23.843 Z11.045 E1441.62199
G1 X-18.654 Y22.812 Z11.055 E1442.41709
G1 X-19.929 Y21.71 Z11.064 E1443.20961
G1 X-21.139 Y20.538 Z11.073 E1444.0018
G1 X-22.274 Y19.304 Z11.082 E1444.79026
G1 X-23.604 Y17.666 Z11.093 E1445.78251
G1 X-24.801 Y15.928 Z11.105 E1446.77493
G1 X-25.663 Y14.504 Z11.114 E1447.55773
G1 X-26.461 Y12.995 Z11.123 E1448.36049
G1 X-27.153 Y11.496 Z11.132 E1449.13692
G1 X-27.773 Y9.912 Z11.141 E1449.93685
G1 X-28.296 Y8.308 Z11.15 E1450.73025
G1 X-28.727 Y6.674 Z11.159 E1451.52496
G1 X-29.06 Y5.039 Z11.168 E1452.30964
G1 X-29.306 Y3.347 Z11.177 E1453.1137
G1 X-29.48 Y1.27 Z11.188 E1454.09387
G1 X-29.487 Y-.836 Z11.2 E1455.08427
G1 X-29.395 Y-2.531 Z11.209 E1455.88255
G1 X-29.205 Y-4.197 Z11.218 E1456.6711
G1 X-28.841 Y-6.279 Z11.229 E1457.66505
G1 X-28.313 Y-8.313 Z11.241 E1458.65329
G1 X-27.799 Y-9.913 Z11.25 E1459.4436
G1 X-27.181 Y-11.503 Z11.259 E1460.24582
G1 X-26.494 Y-13.013 Z11.268 E1461.02597
G1 X-25.7 Y-14.523 Z11.277 E1461.82827
G1 X-24.831 Y-15.966 Z11.286 E1462.62042
G1 X-23.891 Y-17.346 Z11.295 E1463.40564
G1 X-22.856 Y-18.69 Z11.304 E1464.20338
G1 X-21.753 Y-19.968 Z11.313 E1464.99727
G1 X-20.578 Y-21.179 Z11.323 E1465.79079
G1 X-19.344 Y-22.314 Z11.332 E1466.57924
G1 X-17.703 Y-23.655 Z11.343 E1467.57586
G1 X-15.96 Y-24.852 Z11.354 E1468.57021
G1 X-14.533 Y-25.715 Z11.363 E1469.35447
G1 X-13.022 Y-26.515 Z11.373 E1470.1585
G1 X-11.516 Y-27.206 Z11.382 E1470.93772
G1 X-9.927 Y-27.828 Z11.391 E1471.74019
G1 X-8.325 Y-28.35 Z11.4 E1472.53255
G1 X-6.688 Y-28.782 Z11.409 E1473.32873
G1 X-5.048 Y-29.117 Z11.418 E1474.1159
G1 X-3.355 Y-29.363 Z11.427 E1474.92043
G1 X-1.273 Y-29.543 Z11.439 E1475.90319
G1 X0.838 Y-29.546 Z11.45 E1476.89593
G1 X2.538 Y-29.452 Z11.459 E1477.69661
G1 X4.205 Y-29.262 Z11.468 E1478.48563
G1 X6.294 Y-28.902 Z11.48 E1479.48251
G1 X8.33 Y-28.37 Z11.491 E1480.47213
G1 X9.934 Y-27.852 Z11.5 E1481.2648
;TIME_ELAPSED:166.442373
;LAYER:11
;note -- min layer time used
;TYPE:WALL-OUTER
;MESH:rouleau_cylindrical_vase_3mm_large_v1.stl
G1 F2226.9 X11.129 Y-27.389 Z11.507 E1481.86748
G1 X13.037 Y-26.546 Z11.518 E1482.84843
G1 X14.552 Y-25.749 Z11.527 E1483.65346
G1 X15.992 Y-24.882 Z11.536 E1484.44392
G1 X17.723 Y-23.674 Z11.548 E1485.43659
G1 X19.698 Y-22.062 Z11.562 E1486.63547
G1 X21.514 Y-20.298 Z11.575 E1487.82606
G1 X23.17 Y-18.392 Z11.589 E1489.01345
G1 X24.664 Y-16.339 Z11.602 E1490.2075
G1 X25.765 Y-14.561 Z11.614 E1491.19097
G1 X26.566 Y-13.047 Z11.623 E1491.99647
G1 X27.416 Y-11.141 Z11.634 E1492.97789
G1 X28.146 Y-9.136 Z11.646 E1493.98134
G1 X28.618 Y-7.532 Z11.655 E1494.76763
G1 X29.005 Y-5.877 Z11.664 E1495.56693
G1 X29.296 Y-4.208 Z11.673 E1496.36365
G1 X29.489 Y-2.548 Z11.682 E1497.14956
G1 X29.599 Y-.843 Z11.691 E1497.95304
G1 X29.601 Y0.839 Z11.7 E1498.74403
G1 X29.506 Y2.544 Z11.709 E1499.54709
G1 X29.316 Y4.212 Z11.719 E1500.33657
G1 X29.028 Y5.886 Z11.728 E1501.13537
G1 X28.637 Y7.536 Z11.737 E1501.93281
G1 X28.168 Y9.143 Z11.746 E1502.72006
G1 X27.445 Y11.151 Z11.757 E1503.72371
G1 X26.594 Y13.061 Z11.769 E1504.70705
G1 X25.796 Y14.579 Z11.778 E1505.51355
G1 X24.928 Y16.02 Z11.787 E1506.30465
G1 X23.722 Y17.76 Z11.798 E1507.30025
G1 X22.107 Y19.737 Z11.812 E1508.50076
G1 X20.339 Y21.559 Z11.826 E1509.69468
G1 X18.43 Y23.216 Z11.839 E1510.88345
G1 X16.373 Y24.714 Z11.853 E1512.08012
G1 X14.588 Y25.813 Z11.864 E1513.0659
G1 X13.071 Y26.614 Z11.874 E1513.87264
G1 X11.163 Y27.472 Z11.885 E1514.85647
G1 X9.154 Y28.2 Z11.896 E1515.86136
G1 X7.546 Y28.674 Z11.905 E1516.64972
G1 X5.889 Y29.061 Z11.915 E1517.44993
G1 X4.216 Y29.353 Z11.924 E1518.24859
G1 X2.553 Y29.546 Z11.933 E1519.0359
G1 X0.843 Y29.653 Z11.942 E1519.84164
G1 X-.84 Y29.655 Z11.951 E1520.6331
G1 X-2.551 Y29.56 Z11.96 E1521.43897
G1 X-4.219 Y29.37 Z11.969 E1522.22846
G1 X-5.896 Y29.082 Z11.979 E1523.02865
G1 X-7.55 Y28.693 Z11.988 E1523.8277
G1 X-9.16 Y28.223 Z11.997 E1524.61644
G1 X-11.173 Y27.501 Z12.008 E1525.62214
G1 X-13.085 Y26.642 Z12.02 E1526.60787
G1 X-14.605 Y25.844 Z12.029 E1527.41521
G1 X-16.048 Y24.975 Z12.038 E1528.20736
G1 X-17.797 Y23.769 Z12.049 E1529.20644
G1 X-19.777 Y22.153 Z12.063 E1530.40834
G1 X-21.604 Y20.38 Z12.077 E1531.60559
G1 X-23.263 Y18.468 Z12.09 E1532.79603
G1 X-24.764 Y16.407 Z12.104 E1533.99506
G1 X-25.86 Y14.614 Z12.116 E1534.98331
G1 X-26.663 Y13.095 Z12.125 E1535.79132
G1 X-27.529 Y11.184 Z12.136 E1536.77798
G1 X-28.255 Y9.171 Z12.148 E1537.78432
G1 X-28.729 Y7.56 Z12.157 E1538.57404
G1 X-29.117 Y5.9 Z12.166 E1539.37573
G1 X-29.41 Y4.224 Z12.175 E1540.17586
G1 X-29.603 Y2.558 Z12.184 E1540.96457
G1 X-29.707 Y0.843 Z12.193 E1541.77256
G1 X-29.709 Y-.842 Z12.202 E1542.56497
G1 X-29.613 Y-2.557 Z12.212 E1543.37275
G1 X-29.424 Y-4.226 Z12.221 E1544.16264
G1 X-29.135 Y-5.905 Z12.23 E1544.96384
G1 X-28.748 Y-7.565 Z12.239 E1545.76542
G1 X-28.277 Y-9.178 Z12.248 E1546.55565
G1 X-27.557 Y-11.195 Z12.26 E1547.56281
G1 X-26.691 Y-13.109 Z12.271 E1548.55075
G1 X-25.891 Y-14.632 Z12.28 E1549.35977
G1 X-25.021 Y-16.076 Z12.289 E1550.15257
G1 X-23.816 Y-17.834 Z12.301 E1551.15487
G1 X-22.198 Y-19.816 Z12.315 E1552.35809
G1 X-20.42 Y-21.649 Z12.328 E1553.559
G1 X-18.506 Y-23.31 Z12.342 E1554.75077
G1 X-16.441 Y-24.814 Z12.356 E1555.95215
G1 X-14.641 Y-25.907 Z12.367 E1556.94248
G1 X-13.119 Y-26.711 Z12.376 E1557.75196
G1 X-11.206 Y-27.585 Z12.388 E1558.74103
G1 X-9.189 Y-28.309 Z12.399 E1559.74882
G1 X-7.575 Y-28.785 Z12.408 E1560.54016
G1 X-5.911 Y-29.174 Z12.418 E1561.34379
G1 X-4.232 Y-29.467 Z12.427 E1562.14531
G1 X-2.563 Y-29.66 Z12.436 E1562.93542
G1 X-.843 Y-29.761 Z12.445 E1563.74568
G1 X0.843 Y-29.763 Z12.454 E1564.53855
G1 X2.563 Y-29.667 Z12.463 E1565.34868
G1 X4.233 Y-29.478 Z12.473 E1566.13905
G1 X5.914 Y-29.188 Z12.482 E1566.94125
G1 X7.579 Y-28.803 Z12.491 E1567.74491
G92 E0
G1 X9.196 Y-28.331 Z12.5 E0.79216
;TIME_ELAPSED:171.455379
;LAYER:12
;note -- min layer time used
;TYPE:WALL-OUTER
;MESH:rouleau_cylindrical_vase_3mm_large_v1.stl
G1 F2262.9 X11.599 Y-27.438 Z12.514 E1.99773
G1 X13.133 Y-26.739 Z12.523 E2.79049
G1 X15.013 Y-25.724 Z12.534 E3.79522
G1 X17.167 Y-24.343 Z12.547 E4.99849
G1 X18.855 Y-23.058 Z12.559 E5.99615
G1 X20.147 Y-21.956 Z12.568 E6.79474
G1 X21.69 Y-20.459 Z12.579 E7.80575
G1 X23.074 Y-18.862 Z12.59 E8.79955
G1 X24.355 Y-17.169 Z12.602 E9.79795
G1 X25.517 Y-15.388 Z12.613 E10.798
G1 X26.359 Y-13.899 Z12.622 E11.60243
G1 X27.102 Y-12.392 Z12.631 E12.39259
G1 X27.781 Y-10.819 Z12.64 E13.1983
G1 X28.482 Y-8.799 Z12.651 E14.20382
G1 X29.031 Y-6.754 Z12.662 E15.19957
G1 X29.372 Y-5.085 Z12.671 E16.00067
G1 X29.618 Y-3.387 Z12.681 E16.80753
G1 X29.79 Y-1.276 Z12.692 E17.80356
G1 X29.813 Y0.844 Z12.703 E18.80059
G1 X29.716 Y2.567 Z12.712 E19.61215
G1 X29.526 Y4.241 Z12.721 E20.40444
G1 X29.236 Y5.923 Z12.73 E21.2071
G1 X28.734 Y8.009 Z12.742 E22.21609
G1 X28.095 Y10.014 Z12.753 E23.20571
G1 X27.482 Y11.619 Z12.762 E24.01367
G1 X26.782 Y13.154 Z12.771 E24.80706
G1 X25.771 Y15.041 Z12.782 E25.8138
G1 X24.387 Y17.198 Z12.796 E27.01902
G1 X23.098 Y18.887 Z12.807 E28.01819
G1 X21.991 Y20.181 Z12.816 E28.81902
G1 X20.493 Y21.724 Z12.827 E29.83036
G1 X18.894 Y23.111 Z12.839 E30.8258
G1 X17.201 Y24.399 Z12.85 E31.82618
G1 X15.414 Y25.561 Z12.861 E32.8286
G1 X13.922 Y26.405 Z12.87 E33.63472
G1 X12.413 Y27.148 Z12.879 E34.42572
G1 X10.835 Y27.826 Z12.888 E35.2334
G1 X8.814 Y28.534 Z12.9 E36.24045
G1 X6.766 Y29.081 Z12.911 E37.23733
G1 X5.094 Y29.422 Z12.92 E38.03981
G1 X3.393 Y29.669 Z12.929 E38.84813
G1 X1.279 Y29.845 Z12.94 E39.84572
G1 X-.846 Y29.861 Z12.952 E40.84507
G1 X-2.57 Y29.764 Z12.961 E41.6571
G1 X-4.249 Y29.573 Z12.97 E42.45178
G1 X-5.932 Y29.284 Z12.979 E43.25483
G1 X-8.024 Y28.786 Z12.99 E44.26612
G1 X-10.031 Y28.143 Z13.001 E45.25721
G1 X-11.639 Y27.525 Z13.011 E46.06733
G1 X-13.175 Y26.826 Z13.019 E46.86094
G1 X-15.069 Y25.817 Z13.031 E47.87015
G1 X-17.229 Y24.432 Z13.044 E49.07681
G1 X-18.92 Y23.138 Z13.056 E50.07816
G1 X-20.214 Y22.025 Z13.065 E50.88082
G1 X-21.757 Y20.528 Z13.076 E51.89183
G1 X-23.147 Y18.926 Z13.087 E52.88926
G1 X-24.444 Y17.233 Z13.099 E53.89221
G1 X-25.605 Y15.44 Z13.11 E54.89674
G1 X-26.45 Y13.946 Z13.119 E55.70392
G1 X-27.195 Y12.434 Z13.128 E56.4966
G1 X-27.871 Y10.851 Z13.137 E57.30607
G1 X-28.586 Y8.83 Z13.149 E58.31421
G1 X-29.131 Y6.777 Z13.16 E59.31312
G1 X-29.473 Y5.102 Z13.169 E60.11707
G1 X-29.719 Y3.399 Z13.178 E60.92626
G1 X-29.899 Y1.282 Z13.189 E61.92541
G1 X-29.909 Y-.847 Z13.201 E62.92663
G1 X-29.812 Y-2.573 Z13.21 E63.7396
G1 X-29.621 Y-4.257 Z13.219 E64.53661
G1 X-29.331 Y-5.941 Z13.228 E65.3402
G1 X-28.838 Y-8.04 Z13.239 E66.35416
G1 X-28.191 Y-10.049 Z13.25 E67.34672
G1 X-27.569 Y-11.66 Z13.26 E68.15883
G1 X-26.869 Y-13.196 Z13.269 E68.95264
G1 X-25.863 Y-15.097 Z13.28 E69.96409
G1 X-24.477 Y-17.259 Z13.294 E71.1718
G1 X-23.177 Y-18.953 Z13.305 E72.17598
G1 X-22.059 Y-20.248 Z13.314 E72.98054
G1 X-20.562 Y-21.791 Z13.325 E73.99155
G1 X-18.957 Y-23.184 Z13.337 E74.99097
G1 X-17.265 Y-24.488 Z13.348 E75.99555
G1 X-15.466 Y-25.648 Z13.359 E77.0022
G1 X-13.97 Y-26.495 Z13.368 E77.81065
G1 X-12.456 Y-27.241 Z13.377 E78.60438
G1 X-10.867 Y-27.916 Z13.387 E79.41627
G1 X-8.845 Y-28.638 Z13.398 E80.42596
G1 X-6.789 Y-29.181 Z13.409 E81.42599
G1 X-5.111 Y-29.523 Z13.418 E82.23132
G1 X-3.404 Y-29.77 Z13.427 E83.04244
G1 X-1.285 Y-29.954 Z13.439 E84.04269
G1 X0.849 Y-29.957 Z13.45 E85.04625
G1 X2.576 Y-29.86 Z13.459 E85.85968
G1 X4.265 Y-29.668 Z13.468 E86.65909
G1 X5.95 Y-29.379 Z13.477 E87.46306
G1 X8.055 Y-28.89 Z13.489 E88.47934
G1 X10.066 Y-28.239 Z13.5 E89.47338
;TIME_ELAPSED:176.464816
;LAYER:13
;note -- min layer time used
;TYPE:WALL-OUTER
;MESH:rouleau_cylindrical_vase_3mm_large_v1.stl
G1 F2255.8 X10.885 Y-27.922 Z13.505 E89.88637
G1 X12.447 Y-27.263 Z13.514 E90.68363
G1 X14.365 Y-26.309 Z13.525 E91.69103
G1 X16.202 Y-25.218 Z13.536 E92.69578
G1 X17.621 Y-24.265 Z13.546 E93.49963
G1 X19.312 Y-22.932 Z13.557 E94.51222
G1 X21.203 Y-21.2 Z13.571 E95.71814
G1 X22.652 Y-19.642 Z13.582 E96.71872
G1 X23.747 Y-18.306 Z13.591 E97.53107
G1 X24.996 Y-16.57 Z13.603 E98.5368
G1 X26.323 Y-14.374 Z13.616 E99.74342
G1 X27.288 Y-12.464 Z13.628 E100.74977
G1 X27.953 Y-10.894 Z13.637 E101.5516
G1 X28.539 Y-9.26 Z13.646 E102.36794
G1 X29.007 Y-7.633 Z13.655 E103.16409
G1 X29.399 Y-5.955 Z13.664 E103.97445
G1 X29.692 Y-4.271 Z13.673 E104.77829
G1 X29.889 Y-2.578 Z13.682 E105.57983
G1 X29.999 Y-.854 Z13.691 E106.39222
G1 X30 Y0.85 Z13.7 E107.19356
G1 X29.903 Y2.58 Z13.71 E108.00841
G1 X29.71 Y4.272 Z13.719 E108.80927
G1 X29.42 Y5.959 Z13.728 E109.61425
G1 X29.029 Y7.642 Z13.737 E110.42679
G1 X28.546 Y9.265 Z13.746 E111.22312
G1 X27.963 Y10.902 Z13.755 E112.04032
G1 X27.304 Y12.466 Z13.764 E112.83845
G1 X26.352 Y14.388 Z13.776 E113.84711
G1 X25.256 Y16.226 Z13.787 E114.85347
G1 X24.298 Y17.646 Z13.796 E115.65902
G1 X22.968 Y19.344 Z13.808 E116.67333
G1 X21.234 Y21.236 Z13.821 E117.88024
G1 X19.671 Y22.686 Z13.833 E118.88286
G1 X18.333 Y23.782 Z13.842 E119.69623
G1 X16.596 Y25.037 Z13.853 E120.70399
G1 X14.398 Y26.365 Z13.867 E121.91166
G1 X12.481 Y27.326 Z13.878 E122.92011
G1 X10.91 Y27.992 Z13.887 E123.72255
G1 X9.274 Y28.578 Z13.897 E124.53978
G1 X7.644 Y29.05 Z13.906 E125.33781
G1 X5.964 Y29.443 Z13.915 E126.14919
G1 X4.278 Y29.736 Z13.924 E126.95395
G1 X2.582 Y29.933 Z13.933 E127.75689
G1 X0.854 Y30.041 Z13.942 E128.57111
G1 X-.851 Y30.042 Z13.951 E129.37292
G1 X-2.583 Y29.945 Z13.961 E130.1887
G1 X-4.278 Y29.751 Z13.97 E130.99102
G1 X-5.967 Y29.461 Z13.979 E131.79693
G1 X-7.652 Y29.07 Z13.988 E132.61039
G1 X-9.279 Y28.588 Z13.997 E133.40839
G1 X-10.918 Y28.005 Z14.006 E134.22647
G1 X-12.485 Y27.345 Z14.015 E135.02608
G1 X-14.41 Y26.394 Z14.027 E136.0358
G1 X-16.25 Y25.293 Z14.038 E137.04417
G1 X-17.671 Y24.33 Z14.047 E137.85142
G1 X-19.375 Y23.005 Z14.059 E138.86652
G1 X-21.27 Y21.269 Z14.072 E140.07509
G1 X-22.72 Y19.7 Z14.084 E141.07979
G1 X-23.818 Y18.36 Z14.093 E141.89448
G1 X-25.077 Y16.622 Z14.104 E142.90373
G1 X-26.407 Y14.421 Z14.118 E144.11309
G1 X-27.365 Y12.497 Z14.13 E145.12385
G1 X-28.031 Y10.927 Z14.139 E145.92586
G1 X-28.618 Y9.288 Z14.148 E146.74458
G1 X-29.094 Y7.656 Z14.157 E147.54403
G1 X-29.487 Y5.972 Z14.166 E148.35725
G1 X-29.781 Y4.284 Z14.175 E149.16302
G1 X-29.978 Y2.585 Z14.184 E149.96736
G1 X-30.082 Y0.854 Z14.194 E150.78287
G1 X-30.084 Y-.853 Z14.203 E151.58562
G1 X-29.986 Y-2.586 Z14.212 E152.4019
G1 X-29.792 Y-4.285 Z14.221 E153.20608
G1 X-29.502 Y-5.975 Z14.23 E154.01245
G1 X-29.111 Y-7.661 Z14.239 E154.82637
G1 X-28.631 Y-9.293 Z14.248 E155.62636
G1 X-28.047 Y-10.934 Z14.258 E156.44549
G1 X-27.385 Y-12.504 Z14.267 E157.24677
G1 X-26.437 Y-14.433 Z14.278 E158.25754
G1 X-25.331 Y-16.275 Z14.289 E159.26794
G1 X-24.363 Y-17.697 Z14.299 E160.0769
G1 X-23.041 Y-19.407 Z14.31 E161.09336
G1 X-21.304 Y-21.304 Z14.324 E162.30295
G1 X-19.73 Y-22.755 Z14.335 E163.30969
G1 X-18.387 Y-23.853 Z14.344 E164.12547
G1 X-16.647 Y-25.117 Z14.356 E165.13686
G1 X-14.445 Y-26.449 Z14.37 E166.34711
G1 X-12.513 Y-27.404 Z14.381 E167.36061
G1 X-10.943 Y-28.07 Z14.39 E168.16262
G1 X-9.301 Y-28.657 Z14.399 E168.98267
G1 X-7.667 Y-29.137 Z14.408 E169.78356
G1 X-5.981 Y-29.532 Z14.418 E170.5979
G1 X-4.29 Y-29.825 Z14.427 E171.40498
G1 X-2.589 Y-30.023 Z14.436 E172.21031
G1 X-.854 Y-30.124 Z14.445 E173.02761
G1 X0.854 Y-30.125 Z14.454 E173.83083
G1 X2.59 Y-30.028 Z14.463 E174.6485
G1 X4.291 Y-29.834 Z14.473 E175.45362
G1 X5.983 Y-29.543 Z14.482 E176.26099
G1 X7.671 Y-29.152 Z14.491 E177.07583
G1 X9.307 Y-28.673 Z14.5 E177.87749
;TIME_ELAPSED:181.474224
;LAYER:14
;note -- min layer time used
;TYPE:WALL-OUTER
;MESH:rouleau_cylindrical_vase_3mm_large_v1.stl
G1 F2287.8 X12.139 Y-27.587 Z14.516 E179.30386
G1 X14.073 Y-26.665 Z14.527 E180.31143
G1 X14.822 Y-26.257 Z14.532 E180.71253
G1 X16.662 Y-25.12 Z14.543 E181.7297
G1 X18.748 Y-23.606 Z14.556 E182.94183
G1 X20.384 Y-22.207 Z14.568 E183.95414
G1 X21.914 Y-20.707 Z14.579 E184.96176
G1 X23.337 Y-19.084 Z14.59 E185.97683
G1 X24.653 Y-17.359 Z14.602 E186.99716
G1 X25.813 Y-15.578 Z14.613 E187.9967
G1 X26.676 Y-14.078 Z14.622 E188.81052
G1 X27.438 Y-12.528 Z14.631 E189.62276
G1 X28.261 Y-10.528 Z14.642 E190.63982
G1 X29.056 Y-8.09 Z14.656 E191.84576
G1 X29.568 Y-5.989 Z14.667 E192.86271
G1 X29.915 Y-3.865 Z14.678 E193.87481
G1 X30.112 Y-1.707 Z14.69 E194.89387
G1 X30.165 Y0.426 Z14.701 E195.89727
G1 X30.019 Y3.019 Z14.715 E197.11861
G1 X29.651 Y5.587 Z14.728 E198.3386
G1 X29.07 Y8.093 Z14.742 E199.54836
G1 X28.421 Y10.124 Z14.753 E200.55106
G1 X27.623 Y12.154 Z14.764 E201.57682
G1 X26.695 Y14.087 Z14.776 E202.58518
G1 X26.285 Y14.839 Z14.78 E202.98797
G1 X25.152 Y16.684 Z14.791 E204.00616
G1 X23.637 Y18.773 Z14.805 E205.21971
G1 X22.234 Y20.408 Z14.816 E206.23288
G1 X20.734 Y21.943 Z14.828 E207.24218
G1 X19.107 Y23.366 Z14.839 E208.25867
G1 X17.383 Y24.686 Z14.85 E209.27977
G1 X15.597 Y25.844 Z14.861 E210.28076
G1 X14.093 Y26.706 Z14.871 E211.09599
G1 X12.543 Y27.468 Z14.88 E211.90823
G1 X10.541 Y28.299 Z14.891 E212.92759
G1 X8.101 Y29.094 Z14.904 E214.13442
G1 X5.995 Y29.601 Z14.916 E215.15311
G1 X3.87 Y29.955 Z14.927 E216.1662
G1 X1.709 Y30.149 Z14.938 E217.18654
G1 X-.426 Y30.205 Z14.95 E218.19092
G1 X-3.024 Y30.058 Z14.963 E219.41463
G1 X-5.594 Y29.69 Z14.977 E220.63556
G1 X-8.104 Y29.108 Z14.99 E221.84725
G1 X-10.136 Y28.455 Z15.002 E222.85097
G1 X-12.17 Y27.659 Z15.013 E223.87814
G1 X-14.102 Y26.724 Z15.024 E224.88751
G1 X-14.857 Y26.313 Z15.029 E225.29176
G1 X-16.707 Y25.185 Z15.04 E226.31073
G1 X-18.797 Y23.668 Z15.054 E227.52521
G1 X-20.433 Y22.261 Z15.065 E228.53996
G1 X-21.972 Y20.76 Z15.076 E229.55094
G1 X-23.394 Y19.13 Z15.088 E230.56818
G1 X-24.718 Y17.406 Z15.099 E231.59042
G1 X-25.875 Y15.616 Z15.11 E232.59274
G1 X-26.735 Y14.107 Z15.119 E233.40954
G1 X-27.498 Y12.557 Z15.128 E234.22199
G1 X-28.336 Y10.554 Z15.14 E235.24305
G1 X-29.132 Y8.112 Z15.153 E236.45092
G1 X-29.633 Y6.002 Z15.165 E237.47078
G1 X-29.994 Y3.874 Z15.176 E238.48581
G1 X-30.185 Y1.711 Z15.187 E239.50697
G1 X-30.244 Y-.427 Z15.199 E240.51279
G1 X-30.097 Y-3.029 Z15.212 E241.73838
G1 X-29.729 Y-5.601 Z15.226 E242.96024
G1 X-29.145 Y-8.115 Z15.239 E244.17397
G1 X-28.49 Y-10.149 Z15.251 E245.17888
G1 X-27.695 Y-12.185 Z15.262 E246.20675
G1 X-26.753 Y-14.117 Z15.273 E247.21756
G1 X-26.341 Y-14.874 Z15.278 E247.62286
G1 X-25.217 Y-16.729 Z15.289 E248.64286
G1 X-23.699 Y-18.821 Z15.303 E249.85838
G1 X-22.287 Y-20.458 Z15.314 E250.87503
G1 X-20.787 Y-22.001 Z15.325 E251.88702
G1 X-19.153 Y-23.422 Z15.337 E252.90537
G1 X-17.429 Y-24.75 Z15.348 E253.92876
G1 X-15.634 Y-25.906 Z15.359 E254.9328
G1 X-14.121 Y-26.765 Z15.369 E255.751
G1 X-12.571 Y-27.528 Z15.378 E256.56345
G1 X-10.567 Y-28.373 Z15.389 E257.58623
G1 X-8.123 Y-29.17 Z15.403 E258.79514
G1 X-6.009 Y-29.666 Z15.414 E259.81628
G1 X-3.879 Y-30.033 Z15.425 E260.83272
G1 X-1.712 Y-30.222 Z15.437 E261.85567
G1 X0.426 Y-30.284 Z15.448 E262.86153
G1 X3.033 Y-30.136 Z15.462 E264.0895
G1 X5.607 Y-29.767 Z15.475 E265.31234
G1 X8.126 Y-29.183 Z15.489 E266.52838
G1 X10.161 Y-28.524 Z15.5 E267.5343
;TIME_ELAPSED:186.483763
;LAYER:15
;note -- min layer time used
;TYPE:WALL-OUTER
;MESH:rouleau_cylindrical_vase_3mm_large_v1.stl
G1 F2275.7 X10.989 Y-28.202 Z15.505 E267.9521
G1 X12.567 Y-27.55 Z15.514 E268.75503
G1 X14.131 Y-26.782 Z15.523 E269.57443
G1 X15.632 Y-25.923 Z15.532 E270.38772
G1 X17.448 Y-24.742 Z15.543 E271.40644
G1 X19.501 Y-23.16 Z15.557 E272.6253
G1 X21.411 Y-21.41 Z15.571 E273.84353
G1 X23.163 Y-19.502 Z15.584 E275.06169
G1 X24.51 Y-17.795 Z15.596 E276.08428
G1 X25.468 Y-16.375 Z15.605 E276.88982
G1 X26.36 Y-14.898 Z15.614 E277.70125
G1 X27.366 Y-12.97 Z15.625 E278.72394
G1 X28.23 Y-10.982 Z15.637 E279.74331
G1 X28.8 Y-9.359 Z15.646 E280.55226
G1 X29.296 Y-7.707 Z15.655 E281.36341
G1 X29.768 Y-5.592 Z15.666 E282.3825
G1 X30.098 Y-3.445 Z15.678 E283.40403
G1 X30.246 Y-1.729 Z15.687 E284.21401
G1 X30.296 Y0.002 Z15.696 E285.02839
G1 X30.239 Y1.73 Z15.705 E285.84146
G1 X30.103 Y3.441 Z15.714 E286.64863
G1 X29.793 Y5.598 Z15.726 E287.67342
G1 X29.304 Y7.708 Z15.737 E288.69199
G1 X28.81 Y9.362 Z15.746 E289.50377
G1 X28.226 Y10.998 Z15.756 E290.32068
G1 X27.57 Y12.577 Z15.765 E291.12477
G1 X26.802 Y14.141 Z15.774 E291.94417
G1 X25.944 Y15.645 Z15.783 E292.75845
G1 X24.765 Y17.465 Z15.794 E293.77824
G1 X23.181 Y19.52 Z15.808 E294.99841
G1 X21.43 Y21.43 Z15.822 E296.21696
G1 X19.521 Y23.185 Z15.835 E297.43643
G1 X17.808 Y24.527 Z15.847 E298.45978
G1 X16.388 Y25.489 Z15.856 E299.26638
G1 X14.91 Y26.382 Z15.865 E300.07845
G1 X12.982 Y27.391 Z15.876 E301.10179
G1 X10.99 Y28.251 Z15.888 E302.12215
G1 X9.367 Y28.824 Z15.897 E302.93157
G1 X7.712 Y29.318 Z15.906 E303.74379
G1 X5.597 Y29.796 Z15.917 E304.7635
G1 X3.447 Y30.12 Z15.929 E305.786
G1 X1.731 Y30.268 Z15.938 E306.59598
G1 X-0.001 Y30.319 Z15.947 E307.41084
G1 X-1.732 Y30.264 Z15.956 E308.22529
G1 X-3.444 Y30.125 Z15.965 E309.03304
G1 X-5.601 Y29.815 Z15.977 E310.05784
G1 X-7.713 Y29.326 Z15.988 E311.07732
G1 X-9.369 Y28.834 Z15.997 E311.88973
G1 X-11.008 Y28.25 Z16.007 E312.70798
G1 X-12.587 Y27.59 Z16.016 E313.51279
G1 X-14.151 Y26.821 Z16.025 E314.33239
G1 X-15.658 Y25.965 Z16.034 E315.14744
G1 X-17.482 Y24.788 Z16.045 E316.16829
G1 X-19.538 Y23.203 Z16.059 E317.38913
G1 X-21.45 Y21.45 Z16.073 E318.609
G1 X-23.206 Y19.539 Z16.086 E319.82948
G1 X-24.545 Y17.822 Z16.098 E320.85344
G1 X-25.511 Y16.402 Z16.107 E321.6611
G1 X-26.404 Y14.922 Z16.116 E322.47398
G1 X-27.417 Y12.995 Z16.128 E323.49778
G1 X-28.271 Y10.999 Z16.139 E324.51875
G1 X-28.848 Y9.374 Z16.148 E325.32968
G1 X-29.34 Y7.716 Z16.157 E326.14299
G1 X-29.824 Y5.602 Z16.169 E327.16287
G1 X-30.143 Y3.449 Z16.18 E328.18641
G1 X-30.29 Y1.733 Z16.189 E328.99635
G1 X-30.341 Y-0.001 Z16.198 E329.81215
G1 X-30.289 Y-1.733 Z16.207 E330.62703
G1 X-30.146 Y-3.447 Z16.217 E331.43587
G1 X-29.837 Y-5.604 Z16.228 E332.4606
G1 X-29.347 Y-7.718 Z16.239 E333.48111
G1 X-28.857 Y-9.377 Z16.249 E334.29461
G1 X-28.273 Y-11.017 Z16.258 E335.11329
G1 X-27.61 Y-12.597 Z16.267 E335.91909
G1 X-26.841 Y-14.161 Z16.276 E336.73869
G1 X-25.987 Y-15.671 Z16.285 E337.5545
G1 X-24.811 Y-17.498 Z16.297 E338.57628
G1 X-23.224 Y-19.557 Z16.31 E339.79881
G1 X-21.47 Y-21.47 Z16.324 E341.01935
G1 X-19.557 Y-23.227 Z16.338 E342.24084
G1 X-17.835 Y-24.562 Z16.349 E343.2655
G1 X-16.415 Y-25.532 Z16.358 E344.07422
G1 X-14.935 Y-26.426 Z16.367 E344.88734
G1 X-13.007 Y-27.443 Z16.379 E345.91243
G1 X-11.007 Y-28.292 Z16.39 E346.93421
G1 X-9.382 Y-28.871 Z16.399 E347.74545
G1 X-7.721 Y-29.361 Z16.409 E348.55986
G1 X-5.606 Y-29.852 Z16.42 E349.58093
G1 X-3.451 Y-30.165 Z16.431 E350.60499
G1 X-1.735 Y-30.313 Z16.441 E351.41498
G1 X0.00 Y-30.364 Z16.45 E352.23125
G1 X1.735 Y-30.314 Z16.459 E353.0475
G1 X3.451 Y-30.168 Z16.468 E353.8574
G1 X5.608 Y-29.859 Z16.479 E354.88213
G1 X7.723 Y-29.368 Z16.491 E355.90321
G1 X9.385 Y-28.881 Z16.5 E356.71766
;TIME_ELAPSED:191.493252
;LAYER:16
;note -- min layer time used
;TYPE:WALL-OUTER
;MESH:rouleau_cylindrical_vase_3mm_large_v1.stl
G1 F2301.3 X12.228 Y-27.789 Z16.516 E358.14987
G1 X14.572 Y-26.635 Z16.53 E359.37853
G1 X16.413 Y-25.538 Z16.541 E360.38635
G1 X17.848 Y-24.572 Z16.55 E361.19984
G1 X19.571 Y-23.244 Z16.561 E362.22286
G1 X21.481 Y-21.491 Z16.575 E363.44205
G1 X23.245 Y-19.57 Z16.588 E364.66853
G1 X24.572 Y-17.85 Z16.599 E365.69015
G1 X25.548 Y-16.425 Z16.608 E366.5024
G1 X26.444 Y-14.939 Z16.618 E367.31843
G1 X27.464 Y-13.006 Z16.629 E368.34625
G1 X28.457 Y-10.6 Z16.643 E369.5703
G1 X29.133 Y-8.554 Z16.654 E370.58363
G1 X29.575 Y-6.874 Z16.663 E371.40057
G1 X29.928 Y-5.187 Z16.672 E372.2111
G1 X30.178 Y-3.452 Z16.681 E373.03544
G1 X30.326 Y-1.736 Z16.69 E373.84542
G1 X30.376 Y0.00 Z16.699 E374.66215
G1 X30.326 Y1.736 Z16.708 E375.47888
G1 X30.18 Y3.451 Z16.717 E376.28831
G1 X29.869 Y5.616 Z16.728 E377.3169
G1 X29.263 Y8.14 Z16.742 E378.53759
G1 X28.604 Y10.201 Z16.753 E379.55516
G1 X27.803 Y12.235 Z16.765 E380.58319
G1 X26.648 Y14.58 Z16.778 E381.81248
G1 X25.549 Y16.42 Z16.789 E382.82037
G1 X24.579 Y17.854 Z16.798 E383.63453
G1 X23.252 Y19.577 Z16.81 E384.65727
G1 X21.498 Y21.488 Z16.823 E385.87711
G1 X19.576 Y23.253 Z16.837 E387.10426
G1 X17.856 Y24.58 Z16.848 E388.12588
G1 X16.429 Y25.557 Z16.857 E388.93917
G1 X14.944 Y26.453 Z16.866 E389.75479
G1 X13.01 Y27.473 Z16.878 E390.78304
G1 X10.605 Y28.472 Z16.891 E392.00773
G1 X8.558 Y29.146 Z16.903 E393.02121
G1 X6.877 Y29.588 Z16.912 E393.83861
G1 X5.188 Y29.938 Z16.921 E394.64977
G1 X3.452 Y30.188 Z16.93 E395.47458
G1 X1.737 Y30.336 Z16.939 E396.28409
G1 X0.00 Y30.386 Z16.948 E397.10129
G1 X-1.737 Y30.336 Z16.957 E397.91849
G1 X-3.452 Y30.19 Z16.966 E398.72792
G1 X-5.619 Y29.879 Z16.977 E399.75743
G1 X-8.144 Y29.278 Z16.991 E400.97804
G1 X-10.205 Y28.617 Z17.002 E401.99589
G1 X-12.241 Y27.818 Z17.013 E403.02445
G1 X-14.588 Y26.662 Z17.027 E404.2548
G1 X-16.428 Y25.56 Z17.038 E405.26341
G1 X-17.861 Y24.587 Z17.047 E406.07798
G1 X-19.583 Y23.259 Z17.059 E407.10063
G1 X-21.494 Y21.506 Z17.072 E408.32015
G1 X-23.261 Y19.582 Z17.086 E409.54864
G1 X-24.588 Y17.862 Z17.097 E410.57025
G1 X-25.566 Y16.434 Z17.106 E411.38419
G1 X-26.462 Y14.948 Z17.115 E412.20022
G1 X-27.483 Y13.013 Z17.127 E413.2291
G1 X-28.488 Y10.61 Z17.14 E414.45401
G1 X-29.158 Y8.561 Z17.151 E415.4678
G1 X-29.601 Y6.879 Z17.161 E416.28577
G1 X-29.948 Y5.189 Z17.169 E417.0971
G1 X-30.198 Y3.453 Z17.179 E417.92192
G1 X-30.346 Y1.738 Z17.188 E418.73143
G1 X-30.396 Y0.00 Z17.197 E419.5491
G1 X-30.346 Y-1.738 Z17.206 E420.36676
G1 X-30.2 Y-3.453 Z17.215 E421.1762
G1 X-29.888 Y-5.621 Z17.226 E422.20624
G1 X-29.294 Y-8.149 Z17.24 E423.42747
G1 X-28.629 Y-10.21 Z17.251 E424.4459
G1 X-27.832 Y-12.247 Z17.262 E425.47455
G1 X-26.676 Y-14.596 Z17.276 E426.70574
G1 X-25.571 Y-16.435 Z17.287 E427.71468
G1 X-24.595 Y-17.867 Z17.296 E428.52964
G1 X-23.267 Y-19.589 Z17.308 E429.55229
G1 X-21.513 Y-21.501 Z17.321 E430.77248
G1 X-19.588 Y-23.269 Z17.335 E432.00163
G1 X-17.868 Y-24.596 Z17.346 E433.02325
G1 X-16.438 Y-25.575 Z17.355 E433.83823
G1 X-14.953 Y-26.47 Z17.364 E434.65361
G1 X-13.017 Y-27.492 Z17.376 E435.68313
G1 X-10.616 Y-28.503 Z17.389 E436.90826
G1 X-8.565 Y-29.171 Z17.4 E437.92265
G1 X-6.882 Y-29.613 Z17.409 E438.74096
G1 X-5.191 Y-29.958 Z17.418 E439.55257
G1 X-3.454 Y-30.208 Z17.428 E440.37784
G1 X-1.739 Y-30.355 Z17.437 E441.18732
G1 X0.00 Y-30.406 Z17.446 E442.00547
G1 X1.739 Y-30.356 Z17.455 E442.8236
G1 X3.454 Y-30.21 Z17.464 E443.63304
G1 X5.624 Y-29.898 Z17.475 E444.66402
G1 X8.154 Y-29.309 Z17.489 E445.88562
G1 X10.214 Y-28.641 Z17.5 E446.90403
;TIME_ELAPSED:196.502847
;LAYER:17
;note -- min layer time used
;TYPE:WALL-OUTER
;MESH:rouleau_cylindrical_vase_3mm_large_v1.stl
G1 F2292.8 X11.846 Y-28.005 Z17.509 E447.72773
G1 X13.42 Y-27.271 Z17.518 E448.54447
G1 X15.332 Y-26.25 Z17.53 E449.56379
G1 X17.532 Y-24.835 Z17.543 E450.79391
G1 X19.606 Y-23.262 Z17.557 E452.01804
G1 X21.527 Y-21.495 Z17.571 E453.24549
G1 X23.281 Y-19.583 Z17.584 E454.46568
G1 X24.602 Y-17.87 Z17.595 E455.48296
G1 X25.591 Y-16.423 Z17.605 E456.3072
G1 X26.487 Y-14.933 Z17.614 E457.12484
G1 X27.293 Y-13.405 Z17.623 E457.93725
G1 X28.005 Y-11.819 Z17.632 E458.75481
G1 X28.647 Y-10.199 Z17.641 E459.57429
G1 X29.181 Y-8.55 Z17.65 E460.38942
G1 X29.622 Y-6.867 Z17.659 E461.2076
G1 X29.964 Y-5.175 Z17.668 E462.01939
G1 X30.211 Y-3.457 Z17.677 E462.83562
G1 X30.359 Y-1.711 Z17.686 E463.65966
G1 X30.409 Y0.015 Z17.696 E464.47169
G1 X30.358 Y1.754 Z17.705 E465.28984
G1 X30.21 Y3.47 Z17.714 E466.09982
G1 X29.96 Y5.207 Z17.723 E466.9251
G1 X29.607 Y6.896 Z17.732 E467.73654
G1 X29.169 Y8.591 Z17.741 E468.55984
G1 X28.634 Y10.235 Z17.75 E469.37287
G1 X28.006 Y11.847 Z17.759 E470.18644
G1 X27.275 Y13.422 Z17.768 E471.003
G1 X26.256 Y15.336 Z17.78 E472.02272
G1 X24.841 Y17.536 Z17.793 E473.25283
G1 X23.263 Y19.607 Z17.807 E474.47726
G1 X21.496 Y21.528 Z17.821 E475.70471
G1 X19.584 Y23.283 Z17.834 E476.92522
G1 X17.871 Y24.603 Z17.845 E477.94222
G1 X16.424 Y25.592 Z17.855 E478.76646
G1 X14.934 Y26.488 Z17.864 E479.58409
G1 X13.405 Y27.294 Z17.873 E480.39692
G1 X11.82 Y28.009 Z17.882 E481.21463
G1 X10.199 Y28.648 Z17.891 E482.03403
G1 X8.55 Y29.182 Z17.9 E482.84916
G1 X6.867 Y29.623 Z17.909 E483.66734
G1 X5.175 Y29.965 Z17.918 E484.47913
G1 X3.457 Y30.212 Z17.927 E485.29536
G1 X1.704 Y30.361 Z17.936 E486.12272
G1 X-0.015 Y30.41 Z17.945 E486.93144
G1 X-1.754 Y30.359 Z17.955 E487.74959
G1 X-3.47 Y30.211 Z17.964 E488.55957
G1 X-5.207 Y29.961 Z17.973 E489.38485
G1 X-6.897 Y29.611 Z17.982 E490.19647
G1 X-8.598 Y29.169 Z17.991 E491.02297
G1 X-10.236 Y28.636 Z18 E491.83302
G1 X-11.847 Y28.007 Z18.009 E492.64633
G1 X-13.424 Y27.279 Z18.018 E493.46315
G1 X-15.34 Y26.262 Z18.03 E494.48326
G1 X-17.54 Y24.847 Z18.043 E495.71337
G1 X-19.608 Y23.264 Z18.057 E496.93811
G1 X-21.529 Y21.497 Z18.07 E498.16555
G1 X-23.284 Y19.585 Z18.084 E499.38606
G1 X-24.604 Y17.871 Z18.095 E500.40343
G1 X-25.593 Y16.424 Z18.105 E501.22768
G1 X-26.49 Y14.934 Z18.114 E502.04555
G1 X-27.295 Y13.406 Z18.123 E502.85775
G1 X-28.016 Y11.814 Z18.132 E503.67962
G1 X-28.65 Y10.196 Z18.141 E504.49685
G1 X-29.185 Y8.544 Z18.15 E505.31346
G1 X-29.625 Y6.864 Z18.159 E506.13016
G1 X-29.966 Y5.175 Z18.168 E506.94047
G1 X-30.213 Y3.457 Z18.177 E507.7567
G1 X-30.362 Y1.704 Z18.186 E508.58406
G1 X-30.411 Y-0.018 Z18.195 E509.39419
G1 X-30.36 Y-1.762 Z18.205 E510.2147
G1 X-30.212 Y-3.471 Z18.214 E511.0214
G1 X-29.961 Y-5.212 Z18.223 E511.8486
G1 X-29.615 Y-6.898 Z18.232 E512.658
G1 X-29.17 Y-8.598 Z18.241 E513.4844
G1 X-28.634 Y-10.244 Z18.25 E514.29847
G1 X-28.008 Y-11.848 Z18.259 E515.10819
G1 X-27.283 Y-13.426 Z18.268 E515.92485
G1 X-26.268 Y-15.344 Z18.28 E516.94535
G1 X-24.853 Y-17.544 Z18.293 E518.17546
G1 X-23.264 Y-19.609 Z18.307 E519.4008
G1 X-21.497 Y-21.53 Z18.32 E520.62824
G1 X-19.586 Y-23.285 Z18.334 E521.84841
G1 X-17.872 Y-24.605 Z18.345 E522.86578
G1 X-16.425 Y-25.594 Z18.355 E523.69002
G1 X-14.935 Y-26.491 Z18.364 E524.5079
G1 X-13.406 Y-27.296 Z18.373 E525.32051
G1 X-11.823 Y-28.017 Z18.382 E526.13853
G1 X-10.2 Y-28.65 Z18.391 E526.95777
G1 X-8.551 Y-29.185 Z18.4 E527.77304
G1 X-6.867 Y-29.626 Z18.409 E528.59168
G1 X-5.175 Y-29.968 Z18.418 E529.40347
G1 X-3.457 Y-30.214 Z18.427 E530.21963
G1 X-1.704 Y-30.364 Z18.436 E531.04703
G1 X0.016 Y-30.412 Z18.445 E531.85621
G1 X1.755 Y-30.361 Z18.455 E532.67436
G1 X3.471 Y-30.213 Z18.464 E533.48434
G1 X5.208 Y-29.963 Z18.473 E534.30962
G1 X6.899 Y-29.619 Z18.482 E535.12114
G1 X8.599 Y-29.171 Z18.491 E535.94789
G1 X10.237 Y-28.638 Z18.5 E536.75795
;TIME_ELAPSED:201.511852
;LAYER:18
;note -- min layer time used
;TYPE:WALL-OUTER
;MESH:rouleau_cylindrical_vase_3mm_large_v1.stl
G1 F2292.5 X12.242 Y-27.829 Z18.511 E537.7747
G1 X14.199 Y-26.879 Z18.523 E538.79772
G1 X15.697 Y-26.048 Z18.532 E539.60332
G1 X17.532 Y-24.868 Z18.543 E540.62929
G1 X19.59 Y-23.281 Z18.557 E541.85145
G1 X21.514 Y-21.514 Z18.57 E543.07993
G1 X23.276 Y-19.596 Z18.584 E544.30474
G1 X24.849 Y-17.52 Z18.598 E545.52963
G1 X26.262 Y-15.321 Z18.611 E546.75884
G1 X27.477 Y-13.019 Z18.625 E547.98294
G1 X28.489 Y-10.621 Z18.639 E549.20695
G1 X29.179 Y-8.568 Z18.65 E550.22549
G1 X29.713 Y-6.458 Z18.661 E551.24904
G1 X30.092 Y-4.322 Z18.673 E552.26923
G1 X30.329 Y-2.167 Z18.684 E553.28877
G1 X30.411 Y0.00 Z18.695 E554.30858
G1 X30.331 Y2.167 Z18.707 E555.32835
G1 X30.094 Y4.321 Z18.718 E556.34742
G1 X29.797 Y6.037 Z18.727 E557.16641
G1 X29.296 Y8.15 Z18.739 E558.18764
G1 X28.646 Y10.215 Z18.75 E559.20572
G1 X27.835 Y12.245 Z18.761 E560.23373
G1 X26.882 Y14.201 Z18.773 E561.25695
G1 X26.052 Y15.692 Z18.782 E562.05944
G1 X24.868 Y17.532 Z18.793 E563.08841
G1 X23.281 Y19.59 Z18.807 E564.31056
G1 X21.514 Y21.514 Z18.82 E565.53904
G1 X19.596 Y23.276 Z18.834 E566.76386
G1 X17.524 Y24.854 Z18.848 E567.98867
G1 X15.324 Y26.268 Z18.861 E569.21853
G1 X13.022 Y27.483 Z18.875 E570.44262
G1 X10.623 Y28.496 Z18.889 E571.66726
G1 X8.568 Y29.179 Z18.9 E572.68564
G1 X6.459 Y29.719 Z18.911 E573.70944
G1 X4.322 Y30.096 Z18.923 E574.72992
G1 X2.168 Y30.335 Z18.934 E575.7491
G1 X0.00 Y30.411 Z18.945 E576.76927
G1 X-2.167 Y30.337 Z18.957 E577.78895
G1 X-4.322 Y30.097 Z18.968 E578.80864
G1 X-6.037 Y29.8 Z18.977 E579.62716
G1 X-8.151 Y29.302 Z18.989 E580.64853
G1 X-10.215 Y28.646 Z19 E581.66701
G1 X-12.248 Y27.84 Z19.011 E582.69546
G1 X-14.202 Y26.885 Z19.023 E583.71825
G1 X-15.698 Y26.048 Z19.032 E584.5244
G1 X-17.533 Y24.868 Z19.043 E585.55037
G1 X-19.591 Y23.281 Z19.057 E586.77252
G1 X-21.515 Y21.514 Z19.07 E588.00101
G1 X-23.277 Y19.596 Z19.084 E589.22582
G1 X-24.86 Y17.527 Z19.098 E590.45093
G1 X-26.273 Y15.327 Z19.111 E591.68054
G1 X-27.488 Y13.024 Z19.125 E592.90505
G1 X-28.502 Y10.626 Z19.139 E594.12944
G1 X-29.18 Y8.568 Z19.15 E595.14842
G1 X-29.725 Y6.46 Z19.161 E596.17235
G1 X-30.099 Y4.323 Z19.173 E597.19259
G1 X-30.342 Y2.168 Z19.184 E598.21244
G1 X-30.412 Y0.00 Z19.195 E599.23252
G1 X-30.343 Y-2.168 Z19.207 E600.25259
G1 X-30.1 Y-4.322 Z19.218 E601.27197
G1 X-29.803 Y-6.038 Z19.227 E602.09095
G1 X-29.308 Y-8.153 Z19.239 E603.11245
G1 X-28.645 Y-10.215 Z19.25 E604.13104
G1 X-27.846 Y-12.25 Z19.261 E605.15916
G1 X-26.888 Y-14.204 Z19.273 E606.18257
G1 X-26.048 Y-15.698 Z19.282 E606.98859
G1 X-24.868 Y-17.533 Z19.293 E608.01456
G1 X-23.281 Y-19.591 Z19.307 E609.23672
G1 X-21.514 Y-21.515 Z19.32 E610.4652
G1 X-19.596 Y-23.277 Z19.334 E611.69001
G1 X-17.531 Y-24.865 Z19.348 E612.91506
G1 X-15.33 Y-26.279 Z19.361 E614.14532
G1 X-13.027 Y-27.494 Z19.375 E615.36983
G1 X-10.628 Y-28.508 Z19.389 E616.59465
G1 X-8.568 Y-29.18 Z19.4 E617.61365
G1 X-6.461 Y-29.731 Z19.411 E618.63783
G1 X-4.323 Y-30.103 Z19.423 E619.65837
G1 X-2.169 Y-30.348 Z19.434 E620.67787
G1 X0.00 Y-30.412 Z19.445 E621.69833
G1 X2.169 Y-30.349 Z19.457 E622.71878
G1 X4.323 Y-30.104 Z19.468 E623.73827
G1 X6.039 Y-29.806 Z19.477 E624.55733
G1 X8.155 Y-29.314 Z19.489 E625.57897
G1 X10.215 Y-28.645 Z19.5 E626.59753
;TIME_ELAPSED:206.520855
;LAYER:19
;note -- min layer time used
;TYPE:WALL-OUTER
;MESH:rouleau_cylindrical_vase_3mm_large_v1.stl
G1 F2293.2 X12.253 Y-27.851 Z19.511 E627.62611
G1 X14.205 Y-26.89 Z19.523 E628.64929
G1 X15.698 Y-26.048 Z19.532 E629.45537
G1 X17.533 Y-24.868 Z19.543 E630.48133
G1 X19.591 Y-23.281 Z19.557 E631.70349
G1 X21.515 Y-21.514 Z19.57 E632.93197
G1 X23.277 Y-19.596 Z19.584 E634.15679
G1 X24.868 Y-17.533 Z19.598 E635.38195
G1 X26.282 Y-15.332 Z19.611 E636.61221
G1 X27.497 Y-13.028 Z19.625 E637.83714
G1 X28.511 Y-10.629 Z19.639 E639.06196
G1 X29.18 Y-8.568 Z19.65 E640.08097
G1 X29.733 Y-6.461 Z19.661 E641.10538
G1 X30.104 Y-4.323 Z19.673 E642.12585
G1 X30.35 Y-2.169 Z19.684 E643.14539
G1 X30.412 Y0.00 Z19.695 E644.16583
G1 X30.35 Y2.169 Z19.707 E645.18626
G1 X30.104 Y4.323 Z19.718 E646.20581
G1 X29.806 Y6.039 Z19.727 E647.02487
G1 X29.314 Y8.155 Z19.739 E648.04651
G1 X28.645 Y10.215 Z19.75 E649.06507
G1 X27.851 Y12.253 Z19.761 E650.09365
G1 X26.89 Y14.205 Z19.773 E651.11683
G1 X26.051 Y15.692 Z19.782 E651.91976
G1 X24.868 Y17.533 Z19.793 E652.94886
G1 X23.281 Y19.591 Z19.807 E654.17101
G1 X21.514 Y21.515 Z19.82 E655.3995
G1 X19.596 Y23.277 Z19.834 E656.62431
G1 X17.533 Y24.868 Z19.848 E657.84948
G1 X15.332 Y26.282 Z19.861 E659.07973
G1 X13.028 Y27.497 Z19.875 E660.30466
G1 X10.629 Y28.511 Z19.889 E661.52948
G1 X8.568 Y29.18 Z19.9 E662.54849
G1 X6.461 Y29.733 Z19.911 E663.57291
G1 X4.323 Y30.104 Z19.923 E664.59337
G1 X2.169 Y30.35 Z19.934 E665.61292
G1 X0.00 Y30.412 Z19.945 E666.63335
G1 X-2.169 Y30.35 Z19.957 E667.65379
G1 X-4.323 Y30.104 Z19.968 E668.67333
G1 X-6.039 Y29.806 Z19.977 E669.49239
G1 X-8.155 Y29.314 Z19.989 E670.51403
G1 X-10.215 Y28.645 Z20 E671.53259
G1 X-12.253 Y27.851 Z20.011 E672.56117
G1 X-14.205 Y26.89 Z20.023 E673.58436
G1 X-15.698 Y26.048 Z20.032 E674.39043
G1 X-17.533 Y24.868 Z20.043 E675.4164
G1 X-19.591 Y23.281 Z20.057 E676.63855
G1 X-21.515 Y21.514 Z20.07 E677.86704
G1 X-23.277 Y19.596 Z20.084 E679.09185
G1 X-24.868 Y17.533 Z20.098 E680.31702
G1 X-26.282 Y15.332 Z20.111 E681.54727
G1 X-27.497 Y13.028 Z20.125 E682.7722
G1 X-28.511 Y10.629 Z20.139 E683.99702
G1 X-29.18 Y8.568 Z20.15 E685.01603
G1 X-29.733 Y6.461 Z20.161 E686.04045
G1 X-30.104 Y4.323 Z20.173 E687.06091
G1 X-30.35 Y2.169 Z20.184 E688.08046
G1 X-30.412 Y0.00 Z20.195 E689.10089
G1 X-30.35 Y-2.169 Z20.207 E690.12133
G1 X-30.104 Y-4.323 Z20.218 E691.14087
G1 X-29.806 Y-6.039 Z20.227 E691.95993
G1 X-29.314 Y-8.155 Z20.239 E692.98157
G1 X-28.645 Y-10.215 Z20.25 E694.00013
G1 X-27.851 Y-12.253 Z20.261 E695.02871
G1 X-26.89 Y-14.205 Z20.273 E696.0519
G1 X-26.048 Y-15.698 Z20.282 E696.85797
G1 X-24.868 Y-17.533 Z20.293 E697.88394
G1 X-23.281 Y-19.591 Z20.307 E699.10609
G1 X-21.514 Y-21.515 Z20.32 E700.33457
G1 X-19.596 Y-23.277 Z20.334 E701.55939
G1 X-17.533 Y-24.868 Z20.348 E702.78456
G1 X-15.332 Y-26.282 Z20.361 E704.01481
G1 X-13.028 Y-27.497 Z20.375 E705.23974
G1 X-10.629 Y-28.511 Z20.389 E706.46456
G1 X-8.568 Y-29.18 Z20.4 E707.48357
G1 X-6.461 Y-29.733 Z20.411 E708.50799
G1 X-4.323 Y-30.104 Z20.423 E709.52845
G1 X-2.169 Y-30.35 Z20.434 E710.548
G1 X0.00 Y-30.412 Z20.445 E711.56843
G1 X2.169 Y-30.35 Z20.457 E712.58886
G1 X4.323 Y-30.104 Z20.468 E713.60841
G1 X6.039 Y-29.806 Z20.477 E714.42747
G1 X8.155 Y-29.314 Z20.489 E715.44911
G1 X10.215 Y-28.645 Z20.5 E716.46767
;TIME_ELAPSED:211.529862
;LAYER:20
;note -- min layer time used
;TYPE:WALL-OUTER
;MESH:rouleau_cylindrical_vase_3mm_large_v1.stl
G1 X12.253 Y-27.851 Z20.511 E717.49625
G1 X14.205 Y-26.89 Z20.523 E718.51944
G1 X15.698 Y-26.048 Z20.532 E719.32551
G1 X17.533 Y-24.868 Z20.543 E720.35148
G1 X19.591 Y-23.281 Z20.557 E721.57363
G1 X21.515 Y-21.514 Z20.57 E722.80211
G1 X23.277 Y-19.596 Z20.584 E724.02693
G1 X24.868 Y-17.533 Z20.598 E725.25209
G1 X26.282 Y-15.332 Z20.611 E726.48235
G1 X27.497 Y-13.028 Z20.625 E727.70728
G1 X28.511 Y-10.629 Z20.639 E728.9321
G1 X29.18 Y-8.568 Z20.65 E729.95111
G1 X29.733 Y-6.461 Z20.661 E730.97553
G1 X30.104 Y-4.323 Z20.673 E731.99599
G1 X30.35 Y-2.169 Z20.684 E733.01554
G1 X30.412 Y0.00 Z20.695 E734.03597
G1 X30.35 Y2.169 Z20.707 E735.0564
G1 X30.104 Y4.323 Z20.718 E736.07595
G1 X29.806 Y6.039 Z20.727 E736.89501
G1 X29.314 Y8.155 Z20.739 E737.91665
G1 X28.645 Y10.215 Z20.75 E738.93521
G1 X27.851 Y12.253 Z20.761 E739.96379
G1 X26.89 Y14.205 Z20.773 E740.98698
G1 X26.051 Y15.692 Z20.782 E741.7899
G1 X24.868 Y17.533 Z20.793 E742.819
G1 X23.281 Y19.591 Z20.807 E744.04116
G1 X21.514 Y21.515 Z20.82 E745.26964
G1 X19.596 Y23.277 Z20.834 E746.49445
G1 X17.533 Y24.868 Z20.848 E747.71962
G1 X15.332 Y26.282 Z20.861 E748.94988
G1 X13.028 Y27.497 Z20.875 E750.17481
G1 X10.629 Y28.511 Z20.889 E751.39962
G1 X8.568 Y29.18 Z20.9 E752.41863
G1 X6.461 Y29.733 Z20.911 E753.44305
G1 X4.323 Y30.104 Z20.923 E754.46352
G1 X2.169 Y30.35 Z20.934 E755.48306
G1 X0.00 Y30.412 Z20.945 E756.50349
G1 X-2.169 Y30.35 Z20.957 E757.52393
G1 X-4.323 Y30.104 Z20.968 E758.54348
G1 X-6.039 Y29.806 Z20.977 E759.36254
G1 X-8.155 Y29.314 Z20.989 E760.38418
G1 X-10.215 Y28.645 Z21 E761.40274
G1 X-12.253 Y27.851 Z21.011 E762.43132
G1 X-14.205 Y26.89 Z21.023 E763.4545
G1 X-15.698 Y26.048 Z21.032 E764.26057
G1 X-17.533 Y24.868 Z21.043 E765.28654
G1 X-19.591 Y23.281 Z21.057 E766.5087
G1 X-21.515 Y21.514 Z21.07 E767.73718
G1 X-23.277 Y19.596 Z21.084 E768.96199
G1 X-24.868 Y17.533 Z21.098 E770.18716
G1 X-26.282 Y15.332 Z21.111 E771.41742
G1 X-27.497 Y13.028 Z21.125 E772.64235
G1 X-28.511 Y10.629 Z21.139 E773.86716
G1 X-29.18 Y8.568 Z21.15 E774.88617
G1 X-29.733 Y6.461 Z21.161 E775.91059
G1 X-30.104 Y4.323 Z21.173 E776.93106
G1 X-30.35 Y2.169 Z21.184 E777.9506
G1 X-30.412 Y0.00 Z21.195 E778.97103
G1 X-30.35 Y-2.169 Z21.207 E779.99147
G1 X-30.104 Y-4.323 Z21.218 E781.01101
G1 X-29.806 Y-6.039 Z21.227 E781.83008
G1 X-29.314 Y-8.155 Z21.239 E782.85171
G1 X-28.645 Y-10.215 Z21.25 E783.87028
G1 X-27.851 Y-12.253 Z21.261 E784.89885
G1 X-26.89 Y-14.205 Z21.273 E785.92204
G1 X-26.048 Y-15.698 Z21.282 E786.72811
G1 X-24.868 Y-17.533 Z21.293 E787.75408
G1 X-23.281 Y-19.591 Z21.307 E788.97624
G1 X-21.514 Y-21.515 Z21.32 E790.20472
G1 X-19.596 Y-23.277 Z21.334 E791.42953
G1 X-17.533 Y-24.868 Z21.348 E792.6547
G1 X-15.332 Y-26.282 Z21.361 E793.88495
G1 X-13.028 Y-27.497 Z21.375 E795.10988
G1 X-10.629 Y-28.511 Z21.389 E796.3347
G1 X-8.568 Y-29.18 Z21.4 E797.35371
G1 X-6.461 Y-29.733 Z21.411 E798.37813
G1 X-4.323 Y-30.104 Z21.423 E799.39859
G1 X-2.169 Y-30.35 Z21.434 E800.41814
G1 X0.00 Y-30.412 Z21.445 E801.43857
G1 X2.169 Y-30.35 Z21.457 E802.45901
G1 X4.323 Y-30.104 Z21.468 E803.47855
G1 X6.039 Y-29.806 Z21.477 E804.29762
G1 X8.155 Y-29.314 Z21.489 E805.31925
G1 X10.215 Y-28.645 Z21.5 E806.33782
;TIME_ELAPSED:216.538869
;LAYER:21
;note -- min layer time used
;TYPE:WALL-OUTER
;MESH:rouleau_cylindrical_vase_3mm_large_v1.stl
G1 X12.253 Y-27.851 Z21.511 E807.36639
G1 X14.205 Y-26.89 Z21.523 E808.38958
G1 X15.698 Y-26.048 Z21.532 E809.19565
G1 X17.533 Y-24.868 Z21.543 E810.22162
G1 X19.591 Y-23.281 Z21.557 E811.44377
G1 X21.515 Y-21.514 Z21.57 E812.67226
G1 X23.277 Y-19.596 Z21.584 E813.89707
G1 X24.868 Y-17.533 Z21.598 E815.12224
G1 X26.282 Y-15.332 Z21.611 E816.35249
G1 X27.497 Y-13.028 Z21.625 E817.57742
G1 X28.511 Y-10.629 Z21.639 E818.80224
G1 X29.18 Y-8.568 Z21.65 E819.82125
G1 X29.733 Y-6.461 Z21.661 E820.84567
G1 X30.104 Y-4.323 Z21.673 E821.86613
G1 X30.35 Y-2.169 Z21.684 E822.88568
G1 X30.412 Y0.00 Z21.695 E823.90611
G1 X30.35 Y2.169 Z21.707 E824.92655
G1 X30.104 Y4.323 Z21.718 E825.94609
G1 X29.806 Y6.039 Z21.727 E826.76515
G1 X29.314 Y8.155 Z21.739 E827.78679
G1 X28.645 Y10.215 Z21.75 E828.80535
G1 X27.851 Y12.253 Z21.761 E829.83393
G1 X26.89 Y14.205 Z21.773 E830.85712
G1 X26.051 Y15.692 Z21.782 E831.66004
G1 X24.868 Y17.533 Z21.793 E832.68914
G1 X23.281 Y19.591 Z21.807 E833.9113
G1 X21.514 Y21.515 Z21.82 E835.13978
G1 X19.596 Y23.277 Z21.834 E836.3646
G1 X17.533 Y24.868 Z21.848 E837.58976
G1 X15.332 Y26.282 Z21.861 E838.82002
G1 X13.028 Y27.497 Z21.875 E840.04495
G1 X10.629 Y28.511 Z21.889 E841.26977
G1 X8.568 Y29.18 Z21.9 E842.28878
G1 X6.461 Y29.733 Z21.911 E843.31319
G1 X4.323 Y30.104 Z21.923 E844.33366
G1 X2.169 Y30.35 Z21.934 E845.35321
G1 X0.00 Y30.412 Z21.945 E846.37364
G1 X-2.169 Y30.35 Z21.957 E847.39407
G1 X-4.323 Y30.104 Z21.968 E848.41362
G1 X-6.039 Y29.806 Z21.977 E849.23268
G1 X-8.155 Y29.314 Z21.989 E850.25432
G1 X-10.215 Y28.645 Z22 E851.27288
G1 X-12.253 Y27.851 Z22.011 E852.30146
G1 X-14.205 Y26.89 Z22.023 E853.32464
G1 X-15.698 Y26.048 Z22.032 E854.13072
G1 X-17.533 Y24.868 Z22.043 E855.15668
G1 X-19.591 Y23.281 Z22.057 E856.37884
G1 X-21.515 Y21.514 Z22.07 E857.60732
G1 X-23.277 Y19.596 Z22.084 E858.83214
G1 X-24.868 Y17.533 Z22.098 E860.0573
G1 X-26.282 Y15.332 Z22.111 E861.28756
G1 X-27.497 Y13.028 Z22.125 E862.51249
G1 X-28.511 Y10.629 Z22.139 E863.73731
G1 X-29.18 Y8.568 Z22.15 E864.75632
G1 X-29.733 Y6.461 Z22.161 E865.78073
G1 X-30.104 Y4.323 Z22.173 E866.8012
G1 X-30.35 Y2.169 Z22.184 E867.82074
G1 X-30.412 Y0.00 Z22.195 E868.84118
G1 X-30.35 Y-2.169 Z22.207 E869.86161
G1 X-30.104 Y-4.323 Z22.218 E870.88116
G1 X-29.806 Y-6.039 Z22.227 E871.70022
G1 X-29.314 Y-8.155 Z22.239 E872.72186
G1 X-28.645 Y-10.215 Z22.25 E873.74042
G1 X-27.851 Y-12.253 Z22.261 E874.769
G1 X-26.89 Y-14.205 Z22.273 E875.79218
G1 X-26.048 Y-15.698 Z22.282 E876.59826
G1 X-24.868 Y-17.533 Z22.293 E877.62422
G1 X-23.281 Y-19.591 Z22.307 E878.84638
G1 X-21.514 Y-21.515 Z22.32 E880.07486
G1 X-19.596 Y-23.277 Z22.334 E881.29968
G1 X-17.533 Y-24.868 Z22.348 E882.52484
G1 X-15.332 Y-26.282 Z22.361 E883.7551
G1 X-13.028 Y-27.497 Z22.375 E884.98003
G1 X-10.629 Y-28.511 Z22.389 E886.20485
G1 X-8.568 Y-29.18 Z22.4 E887.22385
G1 X-6.461 Y-29.733 Z22.411 E888.24827
G1 X-4.323 Y-30.104 Z22.423 E889.26874
G1 X-2.169 Y-30.35 Z22.434 E890.28828
G1 X0.00 Y-30.412 Z22.445 E891.30872
G1 X2.169 Y-30.35 Z22.457 E892.32915
G1 X4.323 Y-30.104 Z22.468 E893.3487
G1 X6.039 Y-29.806 Z22.477 E894.16776
G1 X8.155 Y-29.314 Z22.489 E895.1894
G1 X10.215 Y-28.645 Z22.5 E896.20796
;TIME_ELAPSED:221.547875
;LAYER:22
;note -- min layer time used
;TYPE:WALL-OUTER
;MESH:rouleau_cylindrical_vase_3mm_large_v1.stl
G1 X12.253 Y-27.851 Z22.511 E897.23654
G1 X14.205 Y-26.89 Z22.523 E898.25972
G1 X15.698 Y-26.048 Z22.532 E899.0658
G1 X17.533 Y-24.868 Z22.543 E900.09176
G1 X19.591 Y-23.281 Z22.557 E901.31392
G1 X21.515 Y-21.514 Z22.57 E902.5424
G1 X23.277 Y-19.596 Z22.584 E903.76721
G1 X24.868 Y-17.533 Z22.598 E904.99238
G1 X26.282 Y-15.332 Z22.611 E906.22264
G1 X27.497 Y-13.028 Z22.625 E907.44757
G1 X28.511 Y-10.629 Z22.639 E908.67238
G1 X29.18 Y-8.568 Z22.65 E909.69139
G1 X29.733 Y-6.461 Z22.661 E910.71581
G1 X30.104 Y-4.323 Z22.673 E911.73628
G1 X30.35 Y-2.169 Z22.684 E912.75582
G1 X30.412 Y0.00 Z22.695 E913.77625
G1 X30.35 Y2.169 Z22.707 E914.79669
G1 X30.104 Y4.323 Z22.718 E915.81624
G1 X29.806 Y6.039 Z22.727 E916.6353
G1 X29.314 Y8.155 Z22.739 E917.65694
G1 X28.645 Y10.215 Z22.75 E918.6755
G1 X27.851 Y12.253 Z22.761 E919.70408
G1 X26.89 Y14.205 Z22.773 E920.72726
G1 X26.051 Y15.692 Z22.782 E921.53018
G1 X24.868 Y17.533 Z22.793 E922.55929
G1 X23.281 Y19.591 Z22.807 E923.78144
G1 X21.514 Y21.515 Z22.82 E925.00992
G1 X19.596 Y23.277 Z22.834 E926.23474
G1 X17.533 Y24.868 Z22.848 E927.45991
G1 X15.332 Y26.282 Z22.861 E928.69016
G1 X13.028 Y27.497 Z22.875 E929.91509
G1 X10.629 Y28.511 Z22.889 E931.13991
G1 X8.568 Y29.18 Z22.9 E932.15892
G1 X6.461 Y29.733 Z22.911 E933.18334
G1 X4.323 Y30.104 Z22.923 E934.2038
G1 X2.169 Y30.35 Z22.934 E935.22335
G1 X0.00 Y30.412 Z22.945 E936.24378
G1 X-2.169 Y30.35 Z22.957 E937.26421
G1 X-4.323 Y30.104 Z22.968 E938.28376
G1 X-6.039 Y29.806 Z22.977 E939.10282
G1 X-8.155 Y29.314 Z22.989 E940.12446
G1 X-10.215 Y28.645 Z23 E941.14302
G1 X-12.253 Y27.851 Z23.011 E942.1716
G1 X-14.205 Y26.89 Z23.023 E943.19479
G1 X-15.698 Y26.048 Z23.032 E944.00086
G1 X-17.533 Y24.868 Z23.043 E945.02683
G1 X-19.591 Y23.281 Z23.057 E946.24898
G1 X-21.515 Y21.514 Z23.07 E947.47746
G1 X-23.277 Y19.596 Z23.084 E948.70228
G1 X-24.868 Y17.533 Z23.098 E949.92744
G1 X-26.282 Y15.332 Z23.111 E951.1577
G1 X-27.497 Y13.028 Z23.125 E952.38263
G1 X-28.511 Y10.629 Z23.139 E953.60745
G1 X-29.18 Y8.568 Z23.15 E954.62646
G1 X-29.733 Y6.461 Z23.161 E955.65088
G1 X-30.104 Y4.323 Z23.173 E956.67134
G1 X-30.35 Y2.169 Z23.184 E957.69089
G1 X-30.412 Y0.00 Z23.195 E958.71132
G1 X-30.35 Y-2.169 Z23.207 E959.73175
G1 X-30.104 Y-4.323 Z23.218 E960.7513
G1 X-29.806 Y-6.039 Z23.227 E961.57036
G1 X-29.314 Y-8.155 Z23.239 E962.592
G1 X-28.645 Y-10.215 Z23.25 E963.61056
G1 X-27.851 Y-12.253 Z23.261 E964.63914
G1 X-26.89 Y-14.205 Z23.273 E965.66233
G1 X-26.048 Y-15.698 Z23.282 E966.4684
G1 X-24.868 Y-17.533 Z23.293 E967.49437
G1 X-23.281 Y-19.591 Z23.307 E968.71652
G1 X-21.514 Y-21.515 Z23.32 E969.945
G1 X-19.596 Y-23.277 Z23.334 E971.16982
G1 X-17.533 Y-24.868 Z23.348 E972.39498
G1 X-15.332 Y-26.282 Z23.361 E973.62524
G1 X-13.028 Y-27.497 Z23.375 E974.85017
G1 X-10.629 Y-28.511 Z23.389 E976.07499
G1 X-8.568 Y-29.18 Z23.4 E977.094
G1 X-6.461 Y-29.733 Z23.411 E978.11842
G1 X-4.323 Y-30.104 Z23.423 E979.13888
G1 X-2.169 Y-30.35 Z23.434 E980.15843
G1 X0.00 Y-30.412 Z23.445 E981.17886
G1 X2.169 Y-30.35 Z23.457 E982.19929
G1 X4.323 Y-30.104 Z23.468 E983.21884
G1 X6.039 Y-29.806 Z23.477 E984.0379
G1 X8.155 Y-29.314 Z23.489 E985.05954
G1 X10.215 Y-28.645 Z23.5 E986.0781
;TIME_ELAPSED:226.556882
;LAYER:23
;note -- min layer time used
;TYPE:WALL-OUTER
;MESH:rouleau_cylindrical_vase_3mm_large_v1.stl
G1 X12.253 Y-27.851 Z23.511 E987.10668
G1 X14.205 Y-26.89 Z23.523 E988.12986
G1 X15.698 Y-26.048 Z23.532 E988.93594
G1 X17.533 Y-24.868 Z23.543 E989.96191
G1 X19.591 Y-23.281 Z23.557 E991.18406
G1 X21.515 Y-21.514 Z23.57 E992.41254
G1 X23.277 Y-19.596 Z23.584 E993.63736
G1 X24.868 Y-17.533 Z23.598 E994.86252
G1 X26.282 Y-15.332 Z23.611 E996.09278
G1 X27.497 Y-13.028 Z23.625 E997.31771
G1 X28.511 Y-10.629 Z23.639 E998.54253
G1 X29.18 Y-8.568 Z23.65 E999.56154
G1 X29.733 Y-6.461 Z23.661 E1000.58595
G1 X30.104 Y-4.323 Z23.673 E1001.60642
G1 X30.35 Y-2.169 Z23.684 E1002.62597
G1 X30.412 Y0.00 Z23.695 E1003.6464
G1 X30.35 Y2.169 Z23.707 E1004.66683
G1 X30.104 Y4.323 Z23.718 E1005.68638
G1 X29.806 Y6.039 Z23.727 E1006.50544
G1 X29.314 Y8.155 Z23.739 E1007.52708
G1 X28.645 Y10.215 Z23.75 E1008.54564
G1 X27.851 Y12.253 Z23.761 E1009.57422
G1 X26.89 Y14.205 Z23.773 E1010.5974
G1 X26.051 Y15.692 Z23.782 E1011.40033
G1 X24.868 Y17.533 Z23.793 E1012.42943
G1 X23.281 Y19.591 Z23.807 E1013.65159
G1 X21.514 Y21.515 Z23.82 E1014.88007
G1 X19.596 Y23.277 Z23.834 E1016.10488
G1 X17.533 Y24.868 Z23.848 E1017.33005
G1 X15.332 Y26.282 Z23.861 E1018.5603
G1 X13.028 Y27.497 Z23.875 E1019.78523
G1 X10.629 Y28.511 Z23.889 E1021.01005
G1 X8.568 Y29.18 Z23.9 E1022.02906
G1 X6.461 Y29.733 Z23.911 E1023.05348
G1 X4.323 Y30.104 Z23.923 E1024.07394
G1 X2.169 Y30.35 Z23.934 E1025.09349
G1 X0.00 Y30.412 Z23.945 E1026.11392
G1 X-2.169 Y30.35 Z23.957 E1027.13436
G1 X-4.323 Y30.104 Z23.968 E1028.1539
G1 X-6.039 Y29.806 Z23.977 E1028.97296
G1 X-8.155 Y29.314 Z23.989 E1029.9946
G1 X-10.215 Y28.645 Z24 E1031.01317
G1 X-12.253 Y27.851 Z24.011 E1032.04174
G1 X-14.205 Y26.89 Z24.023 E1033.06493
G1 X-15.698 Y26.048 Z24.032 E1033.871
G1 X-17.533 Y24.868 Z24.043 E1034.89697
G1 X-19.591 Y23.281 Z24.057 E1036.11912
G1 X-21.515 Y21.514 Z24.07 E1037.34761
G1 X-23.277 Y19.596 Z24.084 E1038.57242
G1 X-24.868 Y17.533 Z24.098 E1039.79759
G1 X-26.282 Y15.332 Z24.111 E1041.02784
G1 X-27.497 Y13.028 Z24.125 E1042.25277
G1 X-28.511 Y10.629 Z24.139 E1043.47759
G1 X-29.18 Y8.568 Z24.15 E1044.4966
G1 X-29.733 Y6.461 Z24.161 E1045.52102
G1 X-30.104 Y4.323 Z24.173 E1046.54148
G1 X-30.35 Y2.169 Z24.184 E1047.56103
G1 X-30.412 Y0.00 Z24.195 E1048.58146
G1 X-30.35 Y-2.169 Z24.207 E1049.6019
G1 X-30.104 Y-4.323 Z24.218 E1050.62144
G1 X-29.806 Y-6.039 Z24.227 E1051.4405
G1 X-29.314 Y-8.155 Z24.239 E1052.46214
G1 X-28.645 Y-10.215 Z24.25 E1053.4807
G1 X-27.851 Y-12.253 Z24.261 E1054.50928
G1 X-26.89 Y-14.205 Z24.273 E1055.53247
G1 X-26.048 Y-15.698 Z24.282 E1056.33854
G1 X-24.868 Y-17.533 Z24.293 E1057.36451
G1 X-23.281 Y-19.591 Z24.307 E1058.58666
G1 X-21.514 Y-21.515 Z24.32 E1059.81515
G1 X-19.596 Y-23.277 Z24.334 E1061.03996
G1 X-17.533 Y-24.868 Z24.348 E1062.26513
G1 X-15.332 Y-26.282 Z24.361 E1063.49538
G1 X-13.028 Y-27.497 Z24.375 E1064.72031
G1 X-10.629 Y-28.511 Z24.389 E1065.94513
G1 X-8.568 Y-29.18 Z24.4 E1066.96414
G1 X-6.461 Y-29.733 Z24.411 E1067.98856
G1 X-4.323 Y-30.104 Z24.423 E1069.00902
G1 X-2.169 Y-30.35 Z24.434 E1070.02857
G1 X0.00 Y-30.412 Z24.445 E1071.049
G1 X2.169 Y-30.35 Z24.457 E1072.06944
G1 X4.323 Y-30.104 Z24.468 E1073.08898
G1 X6.039 Y-29.806 Z24.477 E1073.90804
G1 X8.155 Y-29.314 Z24.489 E1074.92968
G1 X10.215 Y-28.645 Z24.5 E1075.94824
;TIME_ELAPSED:231.565889
;LAYER:24
;note -- min layer time used
;TYPE:WALL-OUTER
;MESH:rouleau_cylindrical_vase_3mm_large_v1.stl
G1 X12.253 Y-27.851 Z24.511 E1076.97682
G1 X14.205 Y-26.89 Z24.523 E1078.00001
G1 X15.698 Y-26.048 Z24.532 E1078.80608
G1 X17.533 Y-24.868 Z24.543 E1079.83205
G1 X19.591 Y-23.281 Z24.557 E1081.0542
G1 X21.515 Y-21.514 Z24.57 E1082.28268
G1 X23.277 Y-19.596 Z24.584 E1083.5075
G1 X24.868 Y-17.533 Z24.598 E1084.73267
G1 X26.282 Y-15.332 Z24.611 E1085.96292
G1 X27.497 Y-13.028 Z24.625 E1087.18785
G1 X28.511 Y-10.629 Z24.639 E1088.41267
G1 X29.18 Y-8.568 Z24.65 E1089.43168
G1 X29.733 Y-6.461 Z24.661 E1090.4561
G1 X30.104 Y-4.323 Z24.673 E1091.47656
G1 X30.35 Y-2.169 Z24.684 E1092.49611
G1 X30.412 Y0.00 Z24.695 E1093.51654
G1 X30.35 Y2.169 Z24.707 E1094.53697
G1 X30.104 Y4.323 Z24.718 E1095.55652
G1 X29.806 Y6.039 Z24.727 E1096.37558
G1 X29.314 Y8.155 Z24.739 E1097.39722
G1 X28.645 Y10.215 Z24.75 E1098.41578
G1 X27.851 Y12.253 Z24.761 E1099.44436
G1 X26.89 Y14.205 Z24.773 E1100.46755
G1 X26.051 Y15.692 Z24.782 E1101.27047
G1 X24.868 Y17.533 Z24.793 E1102.29957
G1 X23.281 Y19.591 Z24.807 E1103.52173
G1 X21.514 Y21.515 Z24.82 E1104.75021
G1 X19.596 Y23.277 Z24.834 E1105.97502
G1 X17.533 Y24.868 Z24.848 E1107.20019
G1 X15.332 Y26.282 Z24.861 E1108.43045
G1 X13.028 Y27.497 Z24.875 E1109.65538
G1 X10.629 Y28.511 Z24.889 E1110.88019
G1 X8.568 Y29.18 Z24.9 E1111.8992
G1 X6.461 Y29.733 Z24.911 E1112.92362
G1 X4.323 Y30.104 Z24.923 E1113.94409
G1 X2.169 Y30.35 Z24.934 E1114.96363
G1 X0.00 Y30.412 Z24.945 E1115.98407
G1 X-2.169 Y30.35 Z24.957 E1117.0045
G1 X-4.323 Y30.104 Z24.968 E1118.02405
G1 X-6.039 Y29.806 Z24.977 E1118.84311
G1 X-8.155 Y29.314 Z24.989 E1119.86475
G1 X-10.215 Y28.645 Z25 E1120.88331
G1 X-12.253 Y27.851 Z25.011 E1121.91189
G1 X-14.205 Y26.89 Z25.023 E1122.93507
G1 X-15.698 Y26.048 Z25.032 E1123.74114
G1 X-17.533 Y24.868 Z25.043 E1124.76711
G1 X-19.591 Y23.281 Z25.057 E1125.98927
G1 X-21.515 Y21.514 Z25.07 E1127.21775
G1 X-23.277 Y19.596 Z25.084 E1128.44256
G1 X-24.868 Y17.533 Z25.098 E1129.66773
G1 X-26.282 Y15.332 Z25.111 E1130.89799
G1 X-27.497 Y13.028 Z25.125 E1132.12292
G1 X-28.511 Y10.629 Z25.139 E1133.34773
G1 X-29.18 Y8.568 Z25.15 E1134.36674
G1 X-29.733 Y6.461 Z25.161 E1135.39116
G1 X-30.104 Y4.323 Z25.173 E1136.41163
G1 X-30.35 Y2.169 Z25.184 E1137.43117
G1 X-30.412 Y0.00 Z25.195 E1138.4516
G1 X-30.35 Y-2.169 Z25.207 E1139.47204
G1 X-30.104 Y-4.323 Z25.218 E1140.49159
G1 X-29.806 Y-6.039 Z25.227 E1141.31065
G1 X-29.314 Y-8.155 Z25.239 E1142.33229
G1 X-28.645 Y-10.215 Z25.25 E1143.35085
G1 X-27.851 Y-12.253 Z25.261 E1144.37943
G1 X-26.89 Y-14.205 Z25.273 E1145.40261
G1 X-26.048 Y-15.698 Z25.282 E1146.20868
G1 X-24.868 Y-17.533 Z25.293 E1147.23465
G1 X-23.281 Y-19.591 Z25.307 E1148.45681
G1 X-21.514 Y-21.515 Z25.32 E1149.68529
G1 X-19.596 Y-23.277 Z25.334 E1150.9101
G1 X-17.533 Y-24.868 Z25.348 E1152.13527
G1 X-15.332 Y-26.282 Z25.361 E1153.36553
G1 X-13.028 Y-27.497 Z25.375 E1154.59046
G1 X-10.629 Y-28.511 Z25.389 E1155.81527
G1 X-8.568 Y-29.18 Z25.4 E1156.83428
G1 X-6.461 Y-29.733 Z25.411 E1157.8587
G1 X-4.323 Y-30.104 Z25.423 E1158.87917
G1 X-2.169 Y-30.35 Z25.434 E1159.89871
G1 X0.00 Y-30.412 Z25.445 E1160.91914
G1 X2.169 Y-30.35 Z25.457 E1161.93958
G1 X4.323 Y-30.104 Z25.468 E1162.95912
G1 X6.039 Y-29.806 Z25.477 E1163.77819
G1 X8.155 Y-29.314 Z25.489 E1164.79982
G1 X10.215 Y-28.645 Z25.5 E1165.81839
;TIME_ELAPSED:236.574895
;LAYER:25
;note -- min layer time used
;TYPE:WALL-OUTER
;MESH:rouleau_cylindrical_vase_3mm_large_v1.stl
G1 X12.253 Y-27.851 Z25.511 E1166.84696
G1 X14.205 Y-26.89 Z25.523 E1167.87015
G1 X15.698 Y-26.048 Z25.532 E1168.67622
G1 X17.533 Y-24.868 Z25.543 E1169.70219
G1 X19.591 Y-23.281 Z25.557 E1170.92435
G1 X21.515 Y-21.514 Z25.57 E1172.15283
G1 X23.277 Y-19.596 Z25.584 E1173.37764
G1 X24.868 Y-17.533 Z25.598 E1174.60281
G1 X26.282 Y-15.332 Z25.611 E1175.83306
G1 X27.497 Y-13.028 Z25.625 E1177.05799
G1 X28.511 Y-10.629 Z25.639 E1178.28281
G1 X29.18 Y-8.568 Z25.65 E1179.30182
G1 X29.733 Y-6.461 Z25.661 E1180.32624
G1 X30.104 Y-4.323 Z25.673 E1181.3467
G1 X30.35 Y-2.169 Z25.684 E1182.36625
G1 X30.412 Y0.00 Z25.695 E1183.38668
G1 X30.35 Y2.169 Z25.707 E1184.40712
G1 X30.104 Y4.323 Z25.718 E1185.42666
G1 X29.806 Y6.039 Z25.727 E1186.24573
G1 X29.314 Y8.155 Z25.739 E1187.26736
G1 X28.645 Y10.215 Z25.75 E1188.28593
G1 X27.851 Y12.253 Z25.761 E1189.3145
G1 X26.89 Y14.205 Z25.773 E1190.33769
G1 X26.051 Y15.692 Z25.782 E1191.14061
G1 X24.868 Y17.533 Z25.793 E1192.16972
G1 X23.281 Y19.591 Z25.807 E1193.39187
G1 X21.514 Y21.515 Z25.82 E1194.62035
G1 X19.596 Y23.277 Z25.834 E1195.84517
G1 X17.533 Y24.868 Z25.848 E1197.07033
G1 X15.332 Y26.282 Z25.861 E1198.30059
G1 X13.028 Y27.497 Z25.875 E1199.52552
G1 X10.629 Y28.511 Z25.889 E1200.75034
G1 X8.568 Y29.18 Z25.9 E1201.76935
G1 X6.461 Y29.733 Z25.911 E1202.79376
G1 X4.323 Y30.104 Z25.923 E1203.81423
G1 X2.169 Y30.35 Z25.934 E1204.83378
G1 X0.00 Y30.412 Z25.945 E1205.85421
G1 X-2.169 Y30.35 Z25.957 E1206.87464
G1 X-4.323 Y30.104 Z25.968 E1207.89419
G1 X-6.039 Y29.806 Z25.977 E1208.71325
G1 X-8.155 Y29.314 Z25.989 E1209.73489
G1 X-10.215 Y28.645 Z26 E1210.75345
G1 X-12.253 Y27.851 Z26.011 E1211.78203
G1 X-14.205 Y26.89 Z26.023 E1212.80521
G1 X-15.698 Y26.048 Z26.032 E1213.61129
G1 X-17.533 Y24.868 Z26.043 E1214.63725
G1 X-19.591 Y23.281 Z26.057 E1215.85941
G1 X-21.515 Y21.514 Z26.07 E1217.08789
G1 X-23.277 Y19.596 Z26.084 E1218.31271
G1 X-24.868 Y17.533 Z26.098 E1219.53787
G1 X-26.282 Y15.332 Z26.111 E1220.76813
G1 X-27.497 Y13.028 Z26.125 E1221.99306
G1 X-28.511 Y10.629 Z26.139 E1223.21788
G1 X-29.18 Y8.568 Z26.15 E1224.23689
G1 X-29.733 Y6.461 Z26.161 E1225.2613
G1 X-30.104 Y4.323 Z26.173 E1226.28177
G1 X-30.35 Y2.169 Z26.184 E1227.30131
G1 X-30.412 Y0.00 Z26.195 E1228.32175
G1 X-30.35 Y-2.169 Z26.207 E1229.34218
G1 X-30.104 Y-4.323 Z26.218 E1230.36173
G1 X-29.806 Y-6.039 Z26.227 E1231.18079
G1 X-29.314 Y-8.155 Z26.239 E1232.20243
G1 X-28.645 Y-10.215 Z26.25 E1233.22099
G1 X-27.851 Y-12.253 Z26.261 E1234.24957
G1 X-26.89 Y-14.205 Z26.273 E1235.27275
G1 X-26.048 Y-15.698 Z26.282 E1236.07883
G1 X-24.868 Y-17.533 Z26.293 E1237.10479
G1 X-23.281 Y-19.591 Z26.307 E1238.32695
G1 X-21.514 Y-21.515 Z26.32 E1239.55543
G1 X-19.596 Y-23.277 Z26.334 E1240.78025
G1 X-17.533 Y-24.868 Z26.348 E1242.00541
G1 X-15.332 Y-26.282 Z26.361 E1243.23567
G1 X-13.028 Y-27.497 Z26.375 E1244.4606
G1 X-10.629 Y-28.511 Z26.389 E1245.68542
G1 X-8.568 Y-29.18 Z26.4 E1246.70443
G1 X-6.461 Y-29.733 Z26.411 E1247.72884
G1 X-4.323 Y-30.104 Z26.423 E1248.74931
G1 X-2.169 Y-30.35 Z26.434 E1249.76885
G1 X0.00 Y-30.412 Z26.445 E1250.78929
G1 X2.169 Y-30.35 Z26.457 E1251.80972
G1 X4.323 Y-30.104 Z26.468 E1252.82927
G1 X6.039 Y-29.806 Z26.477 E1253.64833
G1 X8.155 Y-29.314 Z26.489 E1254.66997
G1 X10.215 Y-28.645 Z26.5 E1255.68853
;TIME_ELAPSED:241.583902
;LAYER:26
;note -- min layer time used
;TYPE:WALL-OUTER
;MESH:rouleau_cylindrical_vase_3mm_large_v1.stl
G1 X12.253 Y-27.851 Z26.511 E1256.71711
G1 X14.205 Y-26.89 Z26.523 E1257.74029
G1 X15.698 Y-26.048 Z26.532 E1258.54637
G1 X17.533 Y-24.868 Z26.543 E1259.57233
G1 X19.591 Y-23.281 Z26.557 E1260.79449
G1 X21.515 Y-21.514 Z26.57 E1262.02297
G1 X23.277 Y-19.596 Z26.584 E1263.24779
G1 X24.868 Y-17.533 Z26.598 E1264.47295
G1 X26.282 Y-15.332 Z26.611 E1265.70321
G1 X27.497 Y-13.028 Z26.625 E1266.92814
G1 X28.511 Y-10.629 Z26.639 E1268.15296
G1 X29.18 Y-8.568 Z26.65 E1269.17196
G1 X29.733 Y-6.461 Z26.661 E1270.19638
G1 X30.104 Y-4.323 Z26.673 E1271.21685
G1 X30.35 Y-2.169 Z26.684 E1272.23639
G1 X30.412 Y0.00 Z26.695 E1273.25683
G1 X30.35 Y2.169 Z26.707 E1274.27726
G1 X30.104 Y4.323 Z26.718 E1275.29681
G1 X29.806 Y6.039 Z26.727 E1276.11587
G1 X29.314 Y8.155 Z26.739 E1277.13751
G1 X28.645 Y10.215 Z26.75 E1278.15607
G1 X27.851 Y12.253 Z26.761 E1279.18465
G1 X26.89 Y14.205 Z26.773 E1280.20783
G1 X26.051 Y15.692 Z26.782 E1281.01075
G1 X24.868 Y17.533 Z26.793 E1282.03986
G1 X23.281 Y19.591 Z26.807 E1283.26201
G1 X21.514 Y21.515 Z26.82 E1284.49049
G1 X19.596 Y23.277 Z26.834 E1285.71531
G1 X17.533 Y24.868 Z26.848 E1286.94048
G1 X15.332 Y26.282 Z26.861 E1288.17073
G1 X13.028 Y27.497 Z26.875 E1289.39566
G1 X10.629 Y28.511 Z26.889 E1290.62048
G1 X8.568 Y29.18 Z26.9 E1291.63949
G1 X6.461 Y29.733 Z26.911 E1292.66391
G1 X4.323 Y30.104 Z26.923 E1293.68437
G1 X2.169 Y30.35 Z26.934 E1294.70392
G1 X0.00 Y30.412 Z26.945 E1295.72435
G1 X-2.169 Y30.35 Z26.957 E1296.74479
G1 X-4.323 Y30.104 Z26.968 E1297.76433
G1 X-6.039 Y29.806 Z26.977 E1298.58339
G1 X-8.155 Y29.314 Z26.989 E1299.60503
G1 X-10.215 Y28.645 Z27 E1300.62359
G1 X-12.253 Y27.851 Z27.011 E1301.65217
G1 X-14.205 Y26.89 Z27.023 E1302.67536
G1 X-15.698 Y26.048 Z27.032 E1303.48143
G1 X-17.533 Y24.868 Z27.043 E1304.5074
G1 X-19.591 Y23.281 Z27.057 E1305.72955
G1 X-21.515 Y21.514 Z27.07 E1306.95803
G1 X-23.277 Y19.596 Z27.084 E1308.18285
G1 X-24.868 Y17.533 Z27.098 E1309.40802
G1 X-26.282 Y15.332 Z27.111 E1310.63827
G1 X-27.497 Y13.028 Z27.125 E1311.8632
G1 X-28.511 Y10.629 Z27.139 E1313.08802
G1 X-29.18 Y8.568 Z27.15 E1314.10703
G1 X-29.733 Y6.461 Z27.161 E1315.13145
G1 X-30.104 Y4.323 Z27.173 E1316.15191
G1 X-30.35 Y2.169 Z27.184 E1317.17146
G1 X-30.412 Y0.00 Z27.195 E1318.19189
G1 X-30.35 Y-2.169 Z27.207 E1319.21232
G1 X-30.104 Y-4.323 Z27.218 E1320.23187
G1 X-29.806 Y-6.039 Z27.227 E1321.05093
G1 X-29.314 Y-8.155 Z27.239 E1322.07257
G1 X-28.645 Y-10.215 Z27.25 E1323.09113
G1 X-27.851 Y-12.253 Z27.261 E1324.11971
G1 X-26.89 Y-14.205 Z27.273 E1325.1429
G1 X-26.048 Y-15.698 Z27.282 E1325.94897
G1 X-24.868 Y-17.533 Z27.293 E1326.97494
G1 X-23.281 Y-19.591 Z27.307 E1328.19709
G1 X-21.514 Y-21.515 Z27.32 E1329.42557
G1 X-19.596 Y-23.277 Z27.334 E1330.65039
G1 X-17.533 Y-24.868 Z27.348 E1331.87555
G1 X-15.332 Y-26.282 Z27.361 E1333.10581
G1 X-13.028 Y-27.497 Z27.375 E1334.33074
G1 X-10.629 Y-28.511 Z27.389 E1335.55556
G1 X-8.568 Y-29.18 Z27.4 E1336.57457
G1 X-6.461 Y-29.733 Z27.411 E1337.59899
G1 X-4.323 Y-30.104 Z27.423 E1338.61945
G1 X-2.169 Y-30.35 Z27.434 E1339.639
G1 X0.00 Y-30.412 Z27.445 E1340.65943
G1 X2.169 Y-30.35 Z27.457 E1341.67986
G1 X4.323 Y-30.104 Z27.468 E1342.69941
G1 X6.039 Y-29.806 Z27.477 E1343.51847
G1 X8.155 Y-29.314 Z27.489 E1344.54011
G1 X10.215 Y-28.645 Z27.5 E1345.55867
;TIME_ELAPSED:246.592909
;LAYER:27
;note -- min layer time used
;TYPE:WALL-OUTER
;MESH:rouleau_cylindrical_vase_3mm_large_v1.stl
G1 X12.253 Y-27.851 Z27.511 E1346.58725
G1 X14.205 Y-26.89 Z27.523 E1347.61044
G1 X15.698 Y-26.048 Z27.532 E1348.41651
G1 X17.533 Y-24.868 Z27.543 E1349.44248
G1 X19.591 Y-23.281 Z27.557 E1350.66463
G1 X21.515 Y-21.514 Z27.57 E1351.89311
G1 X23.277 Y-19.596 Z27.584 E1353.11793
G1 X24.868 Y-17.533 Z27.598 E1354.34309
G1 X26.282 Y-15.332 Z27.611 E1355.57335
G1 X27.497 Y-13.028 Z27.625 E1356.79828
G1 X28.511 Y-10.629 Z27.639 E1358.0231
G1 X29.18 Y-8.568 Z27.65 E1359.04211
G1 X29.733 Y-6.461 Z27.661 E1360.06652
G1 X30.104 Y-4.323 Z27.673 E1361.08699
G1 X30.35 Y-2.169 Z27.684 E1362.10654
G1 X30.412 Y0.00 Z27.695 E1363.12697
G1 X30.35 Y2.169 Z27.707 E1364.1474
G1 X30.104 Y4.323 Z27.718 E1365.16695
G1 X29.806 Y6.039 Z27.727 E1365.98601
G1 X29.314 Y8.155 Z27.739 E1367.00765
G1 X28.645 Y10.215 Z27.75 E1368.02621
G1 X27.851 Y12.253 Z27.761 E1369.05479
G1 X26.89 Y14.205 Z27.773 E1370.07797
G1 X26.051 Y15.692 Z27.782 E1370.8809
G1 X24.868 Y17.533 Z27.793 E1371.91
G1 X23.281 Y19.591 Z27.807 E1373.13216
G1 X21.514 Y21.515 Z27.82 E1374.36064
G1 X19.596 Y23.277 Z27.834 E1375.58545
G1 X17.533 Y24.868 Z27.848 E1376.81062
G1 X15.332 Y26.282 Z27.861 E1378.04087
G1 X13.028 Y27.497 Z27.875 E1379.26581
G1 X10.629 Y28.511 Z27.889 E1380.49062
G1 X8.568 Y29.18 Z27.9 E1381.50963
G1 X6.461 Y29.733 Z27.911 E1382.53405
G1 X4.323 Y30.104 Z27.923 E1383.55451
G1 X2.169 Y30.35 Z27.934 E1384.57406
G1 X0.00 Y30.412 Z27.945 E1385.59449
G1 X-2.169 Y30.35 Z27.957 E1386.61493
G1 X-4.323 Y30.104 Z27.968 E1387.63447
G1 X-6.039 Y29.806 Z27.977 E1388.45354
G1 X-8.155 Y29.314 Z27.989 E1389.47517
G1 X-10.215 Y28.645 Z28 E1390.49374
G1 X-12.253 Y27.851 Z28.011 E1391.52231
G1 X-14.205 Y26.89 Z28.023 E1392.5455
G1 X-15.698 Y26.048 Z28.032 E1393.35157
G1 X-17.533 Y24.868 Z28.043 E1394.37754
G1 X-19.591 Y23.281 Z28.057 E1395.5997
G1 X-21.515 Y21.514 Z28.07 E1396.82818
G1 X-23.277 Y19.596 Z28.084 E1398.05299
G1 X-24.868 Y17.533 Z28.098 E1399.27816
G1 X-26.282 Y15.332 Z28.111 E1400.50841
G1 X-27.497 Y13.028 Z28.125 E1401.73334
G1 X-28.511 Y10.629 Z28.139 E1402.95816
G1 X-29.18 Y8.568 Z28.15 E1403.97717
G1 X-29.733 Y6.461 Z28.161 E1405.00159
G1 X-30.104 Y4.323 Z28.173 E1406.02205
G1 X-30.35 Y2.169 Z28.184 E1407.0416
G1 X-30.412 Y0.00 Z28.195 E1408.06203
G1 X-30.35 Y-2.169 Z28.207 E1409.08247
G1 X-30.104 Y-4.323 Z28.218 E1410.10201
G1 X-29.806 Y-6.039 Z28.227 E1410.92107
G1 X-29.314 Y-8.155 Z28.239 E1411.94271
G1 X-28.645 Y-10.215 Z28.25 E1412.96128
G1 X-27.851 Y-12.253 Z28.261 E1413.98985
G1 X-26.89 Y-14.205 Z28.273 E1415.01304
G1 X-26.048 Y-15.698 Z28.282 E1415.81911
G1 X-24.868 Y-17.533 Z28.293 E1416.84508
G1 X-23.281 Y-19.591 Z28.307 E1418.06723
G1 X-21.514 Y-21.515 Z28.32 E1419.29572
G1 X-19.596 Y-23.277 Z28.334 E1420.52053
G1 X-17.533 Y-24.868 Z28.348 E1421.7457
G1 X-15.332 Y-26.282 Z28.361 E1422.97595
G1 X-13.028 Y-27.497 Z28.375 E1424.20088
G1 X-10.629 Y-28.511 Z28.389 E1425.4257
G1 X-8.568 Y-29.18 Z28.4 E1426.44471
G1 X-6.461 Y-29.733 Z28.411 E1427.46913
G1 X-4.323 Y-30.104 Z28.423 E1428.48959
G1 X-2.169 Y-30.35 Z28.434 E1429.50914
G1 X0.00 Y-30.412 Z28.445 E1430.52957
G1 X2.169 Y-30.35 Z28.457 E1431.55001
G1 X4.323 Y-30.104 Z28.468 E1432.56955
G1 X6.039 Y-29.806 Z28.477 E1433.38861
G1 X8.155 Y-29.314 Z28.489 E1434.41025
G1 X10.215 Y-28.645 Z28.5 E1435.42881
;TIME_ELAPSED:251.601915
;LAYER:28
;note -- min layer time used
;TYPE:WALL-OUTER
;MESH:rouleau_cylindrical_vase_3mm_large_v1.stl
G1 X12.253 Y-27.851 Z28.511 E1436.45739
G1 X14.205 Y-26.89 Z28.523 E1437.48058
G1 X15.698 Y-26.048 Z28.532 E1438.28665
G1 X17.533 Y-24.868 Z28.543 E1439.31262
G1 X19.591 Y-23.281 Z28.557 E1440.53477
G1 X21.515 Y-21.514 Z28.57 E1441.76326
G1 X23.277 Y-19.596 Z28.584 E1442.98807
G1 X24.868 Y-17.533 Z28.598 E1444.21324
G1 X26.282 Y-15.332 Z28.611 E1445.44349
G1 X27.497 Y-13.028 Z28.625 E1446.66842
G1 X28.511 Y-10.629 Z28.639 E1447.89324
G1 X29.18 Y-8.568 Z28.65 E1448.91225
G1 X29.733 Y-6.461 Z28.661 E1449.93667
G1 X30.104 Y-4.323 Z28.673 E1450.95713
G1 X30.35 Y-2.169 Z28.684 E1451.97668
G1 X30.412 Y0.00 Z28.695 E1452.99711
G1 X30.35 Y2.169 Z28.707 E1454.01755
G1 X30.104 Y4.323 Z28.718 E1455.03709
G1 X29.806 Y6.039 Z28.727 E1455.85615
G1 X29.314 Y8.155 Z28.739 E1456.87779
G1 X28.645 Y10.215 Z28.75 E1457.89635
G1 X27.851 Y12.253 Z28.761 E1458.92493
G1 X26.89 Y14.205 Z28.773 E1459.94812
G1 X26.051 Y15.692 Z28.782 E1460.75104
G1 X24.868 Y17.533 Z28.793 E1461.78014
G1 X23.281 Y19.591 Z28.807 E1463.0023
G1 X21.514 Y21.515 Z28.82 E1464.23078
G1 X19.596 Y23.277 Z28.834 E1465.4556
G1 X17.533 Y24.868 Z28.848 E1466.68076
G1 X15.332 Y26.282 Z28.861 E1467.91102
G1 X13.028 Y27.497 Z28.875 E1469.13595
G1 X10.629 Y28.511 Z28.889 E1470.36077
G1 X8.568 Y29.18 Z28.9 E1471.37977
G1 X6.461 Y29.733 Z28.911 E1472.40419
G1 X4.323 Y30.104 Z28.923 E1473.42466
G1 X2.169 Y30.35 Z28.934 E1474.4442
G1 X0.00 Y30.412 Z28.945 E1475.46464
G1 X-2.169 Y30.35 Z28.957 E1476.48507
G1 X-4.323 Y30.104 Z28.968 E1477.50462
G1 X-6.039 Y29.806 Z28.977 E1478.32368
G1 X-8.155 Y29.314 Z28.989 E1479.34532
G1 X-10.215 Y28.645 Z29 E1480.36388
G1 X-12.253 Y27.851 Z29.011 E1481.39246
G1 X-14.205 Y26.89 Z29.023 E1482.41564
G1 X-15.698 Y26.048 Z29.032 E1483.22172
G1 X-17.533 Y24.868 Z29.043 E1484.24768
G1 X-19.591 Y23.281 Z29.057 E1485.46984
G1 X-21.515 Y21.514 Z29.07 E1486.69832
G1 X-23.277 Y19.596 Z29.084 E1487.92313
G1 X-24.868 Y17.533 Z29.098 E1489.1483
G1 X-26.282 Y15.332 Z29.111 E1490.37856
G1 X-27.497 Y13.028 Z29.125 E1491.60349
G1 X-28.511 Y10.629 Z29.139 E1492.8283
G1 X-29.18 Y8.568 Z29.15 E1493.84731
G1 X-29.733 Y6.461 Z29.161 E1494.87173
G1 X-30.104 Y4.323 Z29.173 E1495.8922
G1 X-30.35 Y2.169 Z29.184 E1496.91174
G1 X-30.412 Y0.00 Z29.195 E1497.93218
G1 X-30.35 Y-2.169 Z29.207 E1498.95261
G1 X-30.104 Y-4.323 Z29.218 E1499.97216
G1 X-29.806 Y-6.039 Z29.227 E1500.79122
G1 X-29.314 Y-8.155 Z29.239 E1501.81286
G1 X-28.645 Y-10.215 Z29.25 E1502.83142
G1 X-27.851 Y-12.253 Z29.261 E1503.86
G1 X-26.89 Y-14.205 Z29.273 E1504.88318
G1 X-26.048 Y-15.698 Z29.282 E1505.68925
G1 X-24.868 Y-17.533 Z29.293 E1506.71522
G1 X-23.281 Y-19.591 Z29.307 E1507.93738
G1 X-21.514 Y-21.515 Z29.32 E1509.16586
G1 X-19.596 Y-23.277 Z29.334 E1510.39067
G1 X-17.533 Y-24.868 Z29.348 E1511.61584
G1 X-15.332 Y-26.282 Z29.361 E1512.8461
G1 X-13.028 Y-27.497 Z29.375 E1514.07103
G1 X-10.629 Y-28.511 Z29.389 E1515.29584
G1 X-8.568 Y-29.18 Z29.4 E1516.31485
G1 X-6.461 Y-29.733 Z29.411 E1517.33927
G1 X-4.323 Y-30.104 Z29.423 E1518.35974
G1 X-2.169 Y-30.35 Z29.434 E1519.37928
G1 X0.00 Y-30.412 Z29.445 E1520.39971
G1 X2.169 Y-30.35 Z29.457 E1521.42015
G1 X4.323 Y-30.104 Z29.468 E1522.4397
G1 X6.039 Y-29.806 Z29.477 E1523.25876
G1 X8.155 Y-29.314 Z29.489 E1524.2804
G1 X10.215 Y-28.645 Z29.5 E1525.29896
;TIME_ELAPSED:256.610922
;LAYER:29
;note -- min layer time used
;TYPE:WALL-OUTER
;MESH:rouleau_cylindrical_vase_3mm_large_v1.stl
G1 X12.253 Y-27.851 Z29.511 E1526.32754
G1 X14.205 Y-26.89 Z29.523 E1527.35072
G1 X15.698 Y-26.048 Z29.532 E1528.15679
G1 X17.533 Y-24.868 Z29.543 E1529.18276
G1 X19.591 Y-23.281 Z29.557 E1530.40492
G1 X21.515 Y-21.514 Z29.57 E1531.6334
G1 X23.277 Y-19.596 Z29.584 E1532.85821
G1 X24.868 Y-17.533 Z29.598 E1534.08338
G1 X26.282 Y-15.332 Z29.611 E1535.31364
G1 X27.497 Y-13.028 Z29.625 E1536.53857
G1 X28.511 Y-10.629 Z29.639 E1537.76338
G1 X29.18 Y-8.568 Z29.65 E1538.78239
G1 X29.733 Y-6.461 Z29.661 E1539.80681
G1 X30.104 Y-4.323 Z29.673 E1540.82728
G1 X30.35 Y-2.169 Z29.684 E1541.84682
G1 X30.412 Y0.00 Z29.695 E1542.86725
G1 X30.35 Y2.169 Z29.707 E1543.88769
G1 X30.104 Y4.323 Z29.718 E1544.90723
G1 X29.806 Y6.039 Z29.727 E1545.7263
G1 X29.314 Y8.155 Z29.739 E1546.74793
G1 X28.645 Y10.215 Z29.75 E1547.7665
G1 X27.851 Y12.253 Z29.761 E1548.79507
G1 X26.89 Y14.205 Z29.773 E1549.81826
G1 X26.051 Y15.692 Z29.782 E1550.62118
G1 X24.868 Y17.533 Z29.793 E1551.65029
G1 X23.281 Y19.591 Z29.807 E1552.87244
G1 X21.514 Y21.515 Z29.82 E1554.10092
G1 X19.596 Y23.277 Z29.834 E1555.32574
G1 X17.533 Y24.868 Z29.848 E1556.5509
G1 X15.332 Y26.282 Z29.861 E1557.78116
G1 X13.028 Y27.497 Z29.875 E1559.00609
G1 X10.629 Y28.511 Z29.889 E1560.23091
G1 X8.568 Y29.18 Z29.9 E1561.24992
G1 X6.461 Y29.733 Z29.911 E1562.27434
G1 X4.323 Y30.104 Z29.923 E1563.2948
G1 X2.169 Y30.35 Z29.934 E1564.31435
G1 X0.00 Y30.412 Z29.945 E1565.33478
G1 X-2.169 Y30.35 Z29.957 E1566.35521
G1 X-4.323 Y30.104 Z29.968 E1567.37476
G1 X-6.039 Y29.806 Z29.977 E1568.19382
G92 E0
G1 X-8.155 Y29.314 Z29.989 E1.02164
G1 X-10.215 Y28.645 Z30 E2.0402
G1 X-12.253 Y27.851 Z30.011 E3.06878
G1 X-14.205 Y26.89 Z30.023 E4.09196
G1 X-15.698 Y26.048 Z30.032 E4.89804
G1 X-17.533 Y24.868 Z30.043 E5.924
G1 X-19.591 Y23.281 Z30.057 E7.14616
G1 X-21.515 Y21.514 Z30.07 E8.37464
G1 X-23.277 Y19.596 Z30.084 E9.59946
G1 X-24.868 Y17.533 Z30.098 E10.82462
G1 X-26.282 Y15.332 Z30.111 E12.05488
G1 X-27.497 Y13.028 Z30.125 E13.27981
G1 X-28.511 Y10.629 Z30.139 E14.50463
G1 X-29.18 Y8.568 Z30.15 E15.52364
G1 X-29.733 Y6.461 Z30.161 E16.54805
G1 X-30.104 Y4.323 Z30.173 E17.56852
G1 X-30.35 Y2.169 Z30.184 E18.58806
G1 X-30.412 Y0.00 Z30.195 E19.6085
G1 X-30.35 Y-2.169 Z30.207 E20.62893
G1 X-30.104 Y-4.323 Z30.218 E21.64848
G1 X-29.806 Y-6.039 Z30.227 E22.46754
G1 X-29.314 Y-8.155 Z30.239 E23.48918
G1 X-28.645 Y-10.215 Z30.25 E24.50774
G1 X-27.851 Y-12.253 Z30.261 E25.53632
G1 X-26.89 Y-14.205 Z30.273 E26.5595
G1 X-26.048 Y-15.698 Z30.282 E27.36558
G1 X-24.868 Y-17.533 Z30.293 E28.39154
G1 X-23.281 Y-19.591 Z30.307 E29.6137
G1 X-21.514 Y-21.515 Z30.32 E30.84218
G1 X-19.596 Y-23.277 Z30.334 E32.067
G1 X-17.533 Y-24.868 Z30.348 E33.29216
G1 X-15.332 Y-26.282 Z30.361 E34.52242
G1 X-13.028 Y-27.497 Z30.375 E35.74735
G1 X-10.629 Y-28.511 Z30.389 E36.97217
G1 X-8.568 Y-29.18 Z30.4 E37.99117
G1 X-6.461 Y-29.733 Z30.411 E39.01559
G1 X-4.323 Y-30.104 Z30.423 E40.03606
G1 X-2.169 Y-30.35 Z30.434 E41.0556
G1 X0.00 Y-30.412 Z30.445 E42.07604
G1 X2.169 Y-30.35 Z30.457 E43.09647
G1 X4.323 Y-30.104 Z30.468 E44.11602
G1 X6.039 Y-29.806 Z30.477 E44.93508
G1 X8.155 Y-29.314 Z30.489 E45.95672
G1 X10.215 Y-28.645 Z30.5 E46.97528
;TIME_ELAPSED:261.633301
;LAYER:30
;note -- min layer time used
;TYPE:WALL-OUTER
;MESH:rouleau_cylindrical_vase_3mm_large_v1.stl
G1 X12.253 Y-27.851 Z30.511 E48.00386
G1 X14.205 Y-26.89 Z30.523 E49.02704
G1 X15.698 Y-26.048 Z30.532 E49.83312
G1 X17.533 Y-24.868 Z30.543 E50.85908
G1 X19.591 Y-23.281 Z30.557 E52.08124
G1 X21.515 Y-21.514 Z30.57 E53.30972
G1 X23.277 Y-19.596 Z30.584 E54.53453
G1 X24.868 Y-17.533 Z30.598 E55.7597
G1 X26.282 Y-15.332 Z30.611 E56.98996
G1 X27.497 Y-13.028 Z30.625 E58.21489
G1 X28.511 Y-10.629 Z30.639 E59.43971
G1 X29.18 Y-8.568 Z30.65 E60.45871
G1 X29.733 Y-6.461 Z30.661 E61.48313
G1 X30.104 Y-4.323 Z30.673 E62.5036
G1 X30.35 Y-2.169 Z30.684 E63.52314
G1 X30.412 Y0.00 Z30.695 E64.54358
G1 X30.35 Y2.169 Z30.707 E65.56401
G1 X30.104 Y4.323 Z30.718 E66.58356
G1 X29.806 Y6.039 Z30.727 E67.40262
G1 X29.314 Y8.155 Z30.739 E68.42426
G1 X28.645 Y10.215 Z30.75 E69.44282
G1 X27.851 Y12.253 Z30.761 E70.4714
G1 X26.89 Y14.205 Z30.773 E71.49458
G1 X26.051 Y15.692 Z30.782 E72.2975
G1 X24.868 Y17.533 Z30.793 E73.32661
G1 X23.281 Y19.591 Z30.807 E74.54876
G1 X21.514 Y21.515 Z30.82 E75.77724
G1 X19.596 Y23.277 Z30.834 E77.00206
G1 X17.533 Y24.868 Z30.848 E78.22723
G1 X15.332 Y26.282 Z30.861 E79.45748
G1 X13.028 Y27.497 Z30.875 E80.68241
G1 X10.629 Y28.511 Z30.889 E81.90723
G1 X8.568 Y29.18 Z30.9 E82.92624
G1 X6.461 Y29.733 Z30.911 E83.95066
G1 X4.323 Y30.104 Z30.923 E84.97112
G1 X2.169 Y30.35 Z30.934 E85.99067
G1 X0.00 Y30.412 Z30.945 E87.0111
G1 X-2.169 Y30.35 Z30.957 E88.03153
G1 X-4.323 Y30.104 Z30.968 E89.05108
G1 X-6.039 Y29.806 Z30.977 E89.87014
G1 X-8.155 Y29.314 Z30.989 E90.89178
G1 X-10.215 Y28.645 Z31 E91.91034
G1 X-12.253 Y27.851 Z31.011 E92.93892
G1 X-14.205 Y26.89 Z31.023 E93.96211
G1 X-15.698 Y26.048 Z31.032 E94.76818
G1 X-17.533 Y24.868 Z31.043 E95.79415
G1 X-19.591 Y23.281 Z31.057 E97.0163
G1 X-21.515 Y21.514 Z31.07 E98.24478
G1 X-23.277 Y19.596 Z31.084 E99.4696
G1 X-24.868 Y17.533 Z31.098 E100.69476
G1 X-26.282 Y15.332 Z31.111 E101.92502
G1 X-27.497 Y13.028 Z31.125 E103.14995
G1 X-28.511 Y10.629 Z31.139 E104.37477
G1 X-29.18 Y8.568 Z31.15 E105.39378
G1 X-29.733 Y6.461 Z31.161 E106.4182
G1 X-30.104 Y4.323 Z31.173 E107.43866
G1 X-30.35 Y2.169 Z31.184 E108.45821
G1 X-30.412 Y0.00 Z31.195 E109.47864
G1 X-30.35 Y-2.169 Z31.207 E110.49907
G1 X-30.104 Y-4.323 Z31.218 E111.51862
G1 X-29.806 Y-6.039 Z31.227 E112.33768
G1 X-29.314 Y-8.155 Z31.239 E113.35932
G1 X-28.645 Y-10.215 Z31.25 E114.37788
G1 X-27.851 Y-12.253 Z31.261 E115.40646
G1 X-26.89 Y-14.205 Z31.273 E116.42965
G1 X-26.048 Y-15.698 Z31.282 E117.23572
G1 X-24.868 Y-17.533 Z31.293 E118.26169
G1 X-23.281 Y-19.591 Z31.307 E119.48384
G1 X-21.514 Y-21.515 Z31.32 E120.71232
G1 X-19.596 Y-23.277 Z31.334 E121.93714
G1 X-17.533 Y-24.868 Z31.348 E123.1623
G1 X-15.332 Y-26.282 Z31.361 E124.39256
G1 X-13.028 Y-27.497 Z31.375 E125.61749
G1 X-10.629 Y-28.511 Z31.389 E126.84231
G1 X-8.568 Y-29.18 Z31.4 E127.86132
G1 X-6.461 Y-29.733 Z31.411 E128.88574
G1 X-4.323 Y-30.104 Z31.423 E129.9062
G1 X-2.169 Y-30.35 Z31.434 E130.92575
G1 X0.00 Y-30.412 Z31.445 E131.94618
G1 X2.169 Y-30.35 Z31.457 E132.96661
G1 X4.323 Y-30.104 Z31.468 E133.98616
G1 X6.039 Y-29.806 Z31.477 E134.80522
G1 X8.155 Y-29.314 Z31.489 E135.82686
G1 X10.215 Y-28.645 Z31.5 E136.84542
;TIME_ELAPSED:266.642308
;LAYER:31
;note -- min layer time used
;TYPE:WALL-OUTER
;MESH:rouleau_cylindrical_vase_3mm_large_v1.stl
G1 F2293.2 X12.253 Y-27.851 Z31.511 E137.874
G1 X14.205 Y-26.89 Z31.523 E138.89719
G1 X15.698 Y-26.048 Z31.532 E139.70326
G1 X17.533 Y-24.868 Z31.543 E140.72923
G1 X19.591 Y-23.281 Z31.557 E141.95138
G1 X21.515 Y-21.514 Z31.57 E143.17986
G1 X23.277 Y-19.596 Z31.584 E144.40468
G1 X24.868 Y-17.533 Z31.598 E145.62984
G1 X26.282 Y-15.332 Z31.611 E146.8601
G1 X27.497 Y-13.028 Z31.625 E148.08503
G1 X28.511 Y-10.629 Z31.639 E149.30985
G1 X29.18 Y-8.568 Z31.65 E150.32886
G1 X29.733 Y-6.461 Z31.661 E151.35327
G1 X30.104 Y-4.323 Z31.673 E152.37374
G1 X30.298 Y-2.617 Z31.682 E153.18119
G1 X30.389 Y-.86 Z31.691 E154.00856
G1 X30.39 Y0.841 Z31.7 E154.80849
G1 X30.299 Y2.615 Z31.709 E155.64385
G1 X30.104 Y4.323 Z31.718 E156.45229
G1 X29.806 Y6.039 Z31.727 E157.27135
G1 X29.314 Y8.155 Z31.739 E158.29299
G1 X28.645 Y10.215 Z31.75 E159.31155
G1 X27.851 Y12.253 Z31.761 E160.34013
G1 X26.89 Y14.205 Z31.773 E161.36331
G1 X26.051 Y15.692 Z31.782 E162.16624
G1 X24.868 Y17.533 Z31.793 E163.19534
G1 X23.281 Y19.591 Z31.807 E164.4175
G1 X21.514 Y21.515 Z31.82 E165.64598
G1 X19.596 Y23.277 Z31.834 E166.87079
G1 X17.533 Y24.868 Z31.848 E168.09596
G1 X15.332 Y26.282 Z31.861 E169.32621
G1 X13.028 Y27.497 Z31.875 E170.55115
G1 X10.629 Y28.511 Z31.889 E171.77596
G1 X8.568 Y29.18 Z31.9 E172.79497
G1 X6.461 Y29.733 Z31.911 E173.81939
G1 X4.323 Y30.104 Z31.923 E174.83985
G1 X2.617 Y30.298 Z31.932 E175.64731
G1 X0.426 Y30.41 Z31.943 E176.67901
G1 X-2.169 Y30.35 Z31.957 E177.89969
G1 X-4.323 Y30.104 Z31.968 E178.91924
G1 X-6.039 Y29.806 Z31.977 E179.7383
G1 X-8.155 Y29.314 Z31.989 E180.75994
G1 X-10.215 Y28.645 Z32 E181.7785
G1 X-12.253 Y27.851 Z32.011 E182.80708
G1 X-14.205 Y26.89 Z32.023 E183.83026
G1 X-15.698 Y26.048 Z32.032 E184.63634
G1 X-17.533 Y24.868 Z32.043 E185.6623
G1 X-19.591 Y23.281 Z32.057 E186.88446
G1 X-21.515 Y21.514 Z32.07 E188.11294
G1 X-23.277 Y19.596 Z32.084 E189.33776
G1 X-24.868 Y17.533 Z32.098 E190.56292
G1 X-26.282 Y15.332 Z32.111 E191.79318
G1 X-27.497 Y13.028 Z32.125 E193.01811
G1 X-28.511 Y10.629 Z32.139 E194.24293
G1 X-29.18 Y8.568 Z32.15 E195.26194
G1 X-29.733 Y6.461 Z32.161 E196.28635
G1 X-30.104 Y4.323 Z32.173 E197.30682
G1 X-30.299 Y2.617 Z32.182 E198.11432
G1 X-30.416 Y0.426 Z32.193 E199.14615
G1 X-30.35 Y-2.169 Z32.207 E200.3669
G1 X-30.104 Y-4.323 Z32.218 E201.38645
G1 X-29.806 Y-6.039 Z32.227 E202.20551
G1 X-29.314 Y-8.155 Z32.239 E203.22715
G1 X-28.645 Y-10.215 Z32.25 E204.24571
G1 X-27.851 Y-12.253 Z32.261 E205.27429
G1 X-26.89 Y-14.205 Z32.273 E206.29747
G1 X-26.048 Y-15.698 Z32.282 E207.10354
G1 X-24.868 Y-17.533 Z32.293 E208.12951
G1 X-23.281 Y-19.591 Z32.307 E209.35167
G1 X-21.514 Y-21.515 Z32.32 E210.58015
G1 X-19.596 Y-23.277 Z32.334 E211.80496
G1 X-17.533 Y-24.868 Z32.348 E213.03013
G1 X-15.332 Y-26.282 Z32.361 E214.26039
G1 X-13.028 Y-27.497 Z32.375 E215.48532
G1 X-10.629 Y-28.511 Z32.389 E216.71013
G1 X-8.568 Y-29.18 Z32.4 E217.72914
G1 X-6.461 Y-29.733 Z32.411 E218.75356
G1 X-4.323 Y-30.104 Z32.423 E219.77403
G1 X-2.617 Y-30.299 Z32.432 E220.58153
G1 X-.426 Y-30.423 Z32.443 E221.61354
G1 X2.169 Y-30.35 Z32.457 E222.83438
G1 X4.323 Y-30.104 Z32.468 E223.85392
G1 X6.039 Y-29.806 Z32.477 E224.67298
G1 X8.155 Y-29.314 Z32.489 E225.69462
G1 X10.215 Y-28.645 Z32.5 E226.71318
;TIME_ELAPSED:271.651314
;LAYER:32
;note -- min layer time used
;TYPE:WALL-OUTER
;MESH:rouleau_cylindrical_vase_3mm_large_v1.stl
G1 F2293.2 X12.253 Y-27.851 Z32.511 E227.74176
G1 X14.205 Y-26.89 Z32.523 E228.76495
G1 X15.698 Y-26.048 Z32.532 E229.57102
G1 X17.533 Y-24.868 Z32.543 E230.59699
G1 X19.591 Y-23.281 Z32.557 E231.81914
G1 X21.515 Y-21.514 Z32.57 E233.04763
G1 X23.277 Y-19.596 Z32.584 E234.27244
G1 X24.868 Y-17.533 Z32.598 E235.49761
G1 X26.282 Y-15.332 Z32.611 E236.72786
G1 X27.497 Y-13.028 Z32.625 E237.95279
G1 X28.511 Y-10.629 Z32.639 E239.17761
G1 X29.18 Y-8.568 Z32.65 E240.19662
G1 X29.733 Y-6.461 Z32.661 E241.22104
G1 X30.104 Y-4.323 Z32.673 E242.2415
G1 X30.329 Y-2.168 Z32.684 E243.26044
G1 X30.402 Y0.00 Z32.695 E244.28057
G1 X30.33 Y2.167 Z32.707 E245.30021
G1 X30.104 Y4.323 Z32.718 E246.31966
G1 X29.806 Y6.039 Z32.727 E247.13873
G1 X29.314 Y8.155 Z32.739 E248.16036
G1 X28.645 Y10.215 Z32.75 E249.17893
G1 X27.851 Y12.253 Z32.761 E250.2075
G1 X26.89 Y14.205 Z32.773 E251.23069
G1 X26.051 Y15.692 Z32.782 E252.03361
G1 X24.868 Y17.533 Z32.793 E253.06272
G1 X23.281 Y19.591 Z32.807 E254.28487
G1 X21.514 Y21.515 Z32.82 E255.51335
G1 X19.596 Y23.277 Z32.834 E256.73817
G1 X17.533 Y24.868 Z32.848 E257.96333
G1 X15.332 Y26.282 Z32.861 E259.19359
G1 X13.028 Y27.497 Z32.875 E260.41852
G1 X10.629 Y28.511 Z32.889 E261.64334
G1 X8.568 Y29.18 Z32.9 E262.66235
G1 X6.461 Y29.733 Z32.911 E263.68676
G1 X4.323 Y30.104 Z32.923 E264.70723
G1 X2.168 Y30.335 Z32.934 E265.72647
G1 X0.001 Y30.412 Z32.945 E266.74619
G1 X-2.169 Y30.35 Z32.957 E267.76709
G1 X-4.323 Y30.104 Z32.968 E268.78664
G1 X-6.039 Y29.806 Z32.977 E269.6057
G1 X-8.155 Y29.314 Z32.989 E270.62734
G1 X-10.215 Y28.645 Z33 E271.6459
G1 X-12.253 Y27.851 Z33.011 E272.67448
G1 X-14.205 Y26.89 Z33.023 E273.69766
G1 X-15.698 Y26.048 Z33.032 E274.50373
G1 X-17.533 Y24.868 Z33.043 E275.5297
G1 X-19.591 Y23.281 Z33.057 E276.75186
G1 X-21.515 Y21.514 Z33.07 E277.98034
G1 X-23.277 Y19.596 Z33.084 E279.20515
G1 X-24.868 Y17.533 Z33.098 E280.43032
G1 X-26.282 Y15.332 Z33.111 E281.66058
G1 X-27.497 Y13.028 Z33.125 E282.88551
G1 X-28.511 Y10.629 Z33.139 E284.11032
G1 X-29.18 Y8.568 Z33.15 E285.12933
G1 X-29.733 Y6.461 Z33.161 E286.15375
G1 X-30.104 Y4.323 Z33.173 E287.17422
G1 X-30.342 Y2.169 Z33.184 E288.19334
G1 X-30.412 Y0.00 Z33.195 E289.21389
G1 X-30.35 Y-2.169 Z33.207 E290.23432
G1 X-30.104 Y-4.323 Z33.218 E291.25387
G1 X-29.806 Y-6.039 Z33.227 E292.07293
G1 X-29.314 Y-8.155 Z33.239 E293.09457
G1 X-28.645 Y-10.215 Z33.25 E294.11313
G1 X-27.851 Y-12.253 Z33.261 E295.14171
G1 X-26.89 Y-14.205 Z33.273 E296.1649
G1 X-26.048 Y-15.698 Z33.282 E296.97097
G1 X-24.868 Y-17.533 Z33.293 E297.99694
G1 X-23.281 Y-19.591 Z33.307 E299.21909
G1 X-21.514 Y-21.515 Z33.32 E300.44757
G1 X-19.596 Y-23.277 Z33.334 E301.67239
G1 X-17.533 Y-24.868 Z33.348 E302.89755
G1 X-15.332 Y-26.282 Z33.361 E304.12781
G1 X-13.028 Y-27.497 Z33.375 E305.35274
G1 X-10.629 Y-28.511 Z33.389 E306.57756
G1 X-8.568 Y-29.18 Z33.4 E307.59657
G1 X-6.461 Y-29.733 Z33.411 E308.62098
G1 X-4.323 Y-30.104 Z33.423 E309.64145
G1 X-2.169 Y-30.348 Z33.434 E310.66089
G1 X0.00 Y-30.412 Z33.445 E311.68135
G1 X2.169 Y-30.35 Z33.457 E312.70178
G1 X4.323 Y-30.104 Z33.468 E313.72133
G1 X6.039 Y-29.806 Z33.477 E314.54039
G1 X8.155 Y-29.314 Z33.489 E315.56203
G1 X10.215 Y-28.645 Z33.5 E316.58059
;TIME_ELAPSED:276.660320
;LAYER:33
;note -- min layer time used
;TYPE:WALL-OUTER
;MESH:rouleau_cylindrical_vase_3mm_large_v1.stl
G1 F2293.2 X12.253 Y-27.851 Z33.511 E317.60917
G1 X14.205 Y-26.89 Z33.523 E318.63236
G1 X15.698 Y-26.048 Z33.532 E319.43843
G1 X17.533 Y-24.868 Z33.543 E320.4644
G1 X19.591 Y-23.281 Z33.557 E321.68655
G1 X21.515 Y-21.514 Z33.57 E322.91503
G1 X23.277 Y-19.596 Z33.584 E324.13985
G1 X24.868 Y-17.533 Z33.598 E325.36501
G1 X26.282 Y-15.332 Z33.611 E326.59527
G1 X27.497 Y-13.028 Z33.625 E327.8202
G1 X28.511 Y-10.629 Z33.639 E329.04502
G1 X29.18 Y-8.568 Z33.65 E330.06403
G1 X29.733 Y-6.461 Z33.661 E331.08845
G1 X30.104 Y-4.323 Z33.673 E332.10891
G1 X30.35 Y-2.169 Z33.684 E333.12846
G1 X30.412 Y0.00 Z33.695 E334.14889
G1 X30.35 Y2.169 Z33.707 E335.16932
G1 X30.104 Y4.323 Z33.718 E336.18887
G1 X29.806 Y6.039 Z33.727 E337.00793
G1 X29.314 Y8.155 Z33.739 E338.02957
G1 X28.645 Y10.215 Z33.75 E339.04813
G1 X27.851 Y12.253 Z33.761 E340.07671
G1 X26.89 Y14.205 Z33.773 E341.09989
G1 X26.051 Y15.692 Z33.782 E341.90282
G1 X24.868 Y17.533 Z33.793 E342.93192
G1 X23.281 Y19.591 Z33.807 E344.15408
G1 X21.514 Y21.515 Z33.82 E345.38256
G1 X19.596 Y23.277 Z33.834 E346.60737
G1 X17.533 Y24.868 Z33.848 E347.83254
G1 X15.332 Y26.282 Z33.861 E349.06279
G1 X13.028 Y27.497 Z33.875 E350.28773
G1 X10.629 Y28.511 Z33.889 E351.51254
G1 X8.568 Y29.18 Z33.9 E352.53155
G1 X6.461 Y29.733 Z33.911 E353.55597
G1 X4.323 Y30.104 Z33.923 E354.57644
G1 X2.169 Y30.35 Z33.934 E355.59598
G1 X0.00 Y30.412 Z33.945 E356.61641
G1 X-2.169 Y30.35 Z33.957 E357.63685
G1 X-4.323 Y30.104 Z33.968 E358.65639
G1 X-6.039 Y29.806 Z33.977 E359.47546
G1 X-8.155 Y29.314 Z33.989 E360.49709
G1 X-10.215 Y28.645 Z34 E361.51566
G1 X-12.253 Y27.851 Z34.011 E362.54423
G1 X-14.205 Y26.89 Z34.023 E363.56742
G1 X-15.698 Y26.048 Z34.032 E364.37349
G1 X-17.533 Y24.868 Z34.043 E365.39946
G1 X-19.591 Y23.281 Z34.057 E366.62162
G1 X-21.515 Y21.514 Z34.07 E367.8501
G1 X-23.277 Y19.596 Z34.084 E369.07491
G1 X-24.868 Y17.533 Z34.098 E370.30008
G1 X-26.282 Y15.332 Z34.111 E371.53033
G1 X-27.497 Y13.028 Z34.125 E372.75526
G1 X-28.511 Y10.629 Z34.139 E373.98008
G1 X-29.18 Y8.568 Z34.15 E374.99909
G1 X-29.733 Y6.461 Z34.161 E376.02351
G1 X-30.104 Y4.323 Z34.173 E377.04397
G1 X-30.35 Y2.169 Z34.184 E378.06352
G1 X-30.412 Y0.00 Z34.195 E379.08395
G1 X-30.35 Y-2.169 Z34.207 E380.10439
G1 X-30.104 Y-4.323 Z34.218 E381.12393
G1 X-29.806 Y-6.039 Z34.227 E381.943
G1 X-29.314 Y-8.155 Z34.239 E382.96463
G1 X-28.645 Y-10.215 Z34.25 E383.9832
G1 X-27.851 Y-12.253 Z34.261 E385.01177
G1 X-26.89 Y-14.205 Z34.273 E386.03496
G1 X-26.048 Y-15.698 Z34.282 E386.84103
G1 X-24.868 Y-17.533 Z34.293 E387.867
G1 X-23.281 Y-19.591 Z34.307 E389.08915
G1 X-21.514 Y-21.515 Z34.32 E390.31764
G1 X-19.596 Y-23.277 Z34.334 E391.54245
G1 X-17.533 Y-24.868 Z34.348 E392.76762
G1 X-15.332 Y-26.282 Z34.361 E393.99787
G1 X-13.028 Y-27.497 Z34.375 E395.2228
G1 X-10.629 Y-28.511 Z34.389 E396.44762
G1 X-8.568 Y-29.18 Z34.4 E397.46663
G1 X-6.461 Y-29.733 Z34.411 E398.49105
G1 X-4.323 Y-30.104 Z34.423 E399.51151
G1 X-2.169 Y-30.35 Z34.434 E400.53106
G1 X0.00 Y-30.412 Z34.445 E401.55149
G1 X2.169 Y-30.35 Z34.457 E402.57193
G1 X4.323 Y-30.104 Z34.468 E403.59147
G1 X6.039 Y-29.806 Z34.477 E404.41053
G1 X8.155 Y-29.314 Z34.489 E405.43217
G1 X10.215 Y-28.645 Z34.5 E406.45073
;TIME_ELAPSED:281.669327
;LAYER:34
;note -- min layer time used
;TYPE:WALL-OUTER
;MESH:rouleau_cylindrical_vase_3mm_large_v1.stl
G1 F2292.9 X11.854 Y-28.007 Z34.509 E407.27784
G1 X13.414 Y-27.28 Z34.518 E408.08722
G1 X15.343 Y-26.249 Z34.53 E409.11581
G1 X17.547 Y-24.857 Z34.543 E410.3417
G1 X19.252 Y-23.543 Z34.555 E411.354
G1 X20.583 Y-22.372 Z34.564 E412.18769
G1 X22.101 Y-20.878 Z34.575 E413.18931
G1 X23.541 Y-19.253 Z34.586 E414.21037
G1 X24.868 Y-17.533 Z34.598 E415.23199
G1 X26.286 Y-15.324 Z34.611 E416.46643
G1 X27.307 Y-13.387 Z34.623 E417.49614
G1 X27.68 Y-12.595 Z34.628 E417.90783
G1 X28.519 Y-10.602 Z34.639 E418.92474
G1 X29.189 Y-8.531 Z34.65 E419.94837
G1 X29.737 Y-6.433 Z34.662 E420.9681
G1 X30.103 Y-4.327 Z34.673 E421.97333
G1 X30.298 Y-2.617 Z34.682 E422.78271
G1 X30.405 Y-.41 Z34.693 E423.82181
G1 X30.347 Y2.198 Z34.707 E425.04858
G1 X30.104 Y4.326 Z34.718 E426.05582
G1 X29.806 Y6.039 Z34.727 E426.87349
G1 X29.314 Y8.155 Z34.739 E427.89513
G1 X28.645 Y10.215 Z34.75 E428.91369
G1 X28.007 Y11.854 Z34.759 E429.7408
G1 X27.283 Y13.416 Z34.768 E430.55043
G1 X26.254 Y15.347 Z34.78 E431.57942
G1 X24.857 Y17.547 Z34.793 E432.80497
G1 X23.543 Y19.252 Z34.805 E433.81727
G1 X22.374 Y20.585 Z34.814 E434.65105
G1 X20.883 Y22.106 Z34.825 E435.65268
G1 X19.253 Y23.541 Z34.836 E436.67395
G1 X17.533 Y24.868 Z34.848 E437.69557
G1 X15.324 Y26.286 Z34.861 E438.93001
G1 X13.387 Y27.307 Z34.873 E439.95972
G1 X12.595 Y27.68 Z34.877 E440.37141
G1 X10.602 Y28.519 Z34.889 E441.38832
G1 X8.531 Y29.19 Z34.9 E442.4121
G1 X6.433 Y29.738 Z34.912 E443.43183
G1 X4.327 Y30.103 Z34.923 E444.43698
G1 X2.617 Y30.298 Z34.932 E445.24635
G1 X0.41 Y30.411 Z34.943 E446.2856
G1 X-2.198 Y30.347 Z34.957 E447.51243
G1 X-4.326 Y30.104 Z34.968 E448.51967
G1 X-6.039 Y29.806 Z34.977 E449.33734
G1 X-8.155 Y29.314 Z34.989 E450.35898
G1 X-10.215 Y28.645 Z35 E451.37755
G1 X-11.854 Y28.006 Z35.009 E452.20483
G1 X-13.417 Y27.286 Z35.018 E453.0141
G1 X-15.349 Y26.26 Z35.03 E454.04283
G1 X-17.548 Y24.857 Z35.043 E455.2695
G1 X-19.252 Y23.542 Z35.055 E456.28172
G1 X-20.587 Y22.376 Z35.064 E457.11527
G1 X-22.111 Y20.887 Z35.075 E458.11726
G1 X-23.542 Y19.253 Z35.086 E459.1387
G1 X-24.868 Y17.533 Z35.098 E460.16003
G1 X-26.283 Y15.331 Z35.111 E461.39094
G1 X-27.31 Y13.38 Z35.123 E462.42779
G1 X-27.681 Y12.595 Z35.127 E462.8361
G1 X-28.52 Y10.602 Z35.139 E463.85301
G1 X-29.19 Y8.531 Z35.15 E464.87664
G1 X-29.739 Y6.433 Z35.162 E465.89649
G1 X-30.103 Y4.326 Z35.173 E466.90203
G1 X-30.299 Y2.617 Z35.182 E467.71099
G1 X-30.417 Y0.41 Z35.193 E468.75036
G1 X-30.348 Y-2.199 Z35.207 E469.97772
G1 X-30.103 Y-4.326 Z35.218 E470.9846
G1 X-29.806 Y-6.039 Z35.227 E471.80219
G1 X-29.314 Y-8.155 Z35.239 E472.82383
G1 X-28.645 Y-10.215 Z35.25 E473.84239
G1 X-28.006 Y-11.854 Z35.259 E474.66967
G1 X-27.288 Y-13.419 Z35.268 E475.4794
G1 X-26.26 Y-15.36 Z35.28 E476.51232
G1 X-24.857 Y-17.548 Z35.293 E477.73463
G1 X-23.542 Y-19.252 Z35.305 E478.74685
G1 X-22.378 Y-20.589 Z35.314 E479.5805
G1 X-20.891 Y-22.116 Z35.325 E480.58283
G1 X-19.253 Y-23.542 Z35.336 E481.60414
G1 X-17.533 Y-24.868 Z35.348 E482.62547
G1 X-15.326 Y-26.286 Z35.361 E483.85912
G1 X-13.382 Y-27.309 Z35.373 E484.89218
G1 X-12.595 Y-27.681 Z35.378 E485.30155
G1 X-10.602 Y-28.52 Z35.389 E486.31846
G1 X-8.531 Y-29.191 Z35.4 E487.34223
G1 X-6.433 Y-29.74 Z35.412 E488.36208
G1 X-4.326 Y-30.103 Z35.423 E489.36754
G1 X-2.617 Y-30.299 Z35.432 E490.1765
G1 X-.41 Y-30.424 Z35.443 E491.21605
G1 X2.199 Y-30.348 Z35.457 E492.44351
G1 X4.326 Y-30.103 Z35.468 E493.45038
G1 X6.039 Y-29.806 Z35.477 E494.26798
G1 X8.155 Y-29.314 Z35.489 E495.28961
G1 X10.215 Y-28.645 Z35.5 E496.30818
;TIME_ELAPSED:286.678332
;LAYER:35
;note -- min layer time used
;TYPE:WALL-OUTER
;MESH:rouleau_cylindrical_vase_3mm_large_v1.stl
G1 F2292.9 X12.242 Y-27.829 Z35.511 E497.33575
G1 X14.199 Y-26.88 Z35.523 E498.35858
G1 X15.698 Y-26.049 Z35.532 E499.16459
G1 X17.532 Y-24.868 Z35.543 E500.19041
G1 X19.575 Y-23.264 Z35.557 E501.41191
G1 X21.499 Y-21.499 Z35.57 E502.63976
G1 X23.26 Y-19.581 Z35.584 E503.86425
G1 X24.868 Y-17.533 Z35.598 E505.08876
G1 X26.281 Y-15.332 Z35.611 E506.31876
G1 X27.482 Y-13.021 Z35.625 E507.54356
G1 X28.508 Y-10.629 Z35.639 E508.76756
G1 X29.179 Y-8.568 Z35.65 E509.78686
G1 X29.732 Y-6.461 Z35.661 E510.81127
G1 X30.103 Y-4.323 Z35.673 E511.83174
G1 X30.329 Y-2.168 Z35.684 E512.85073
G1 X30.413 Y0.00 Z35.695 E513.87104
G1 X30.349 Y2.168 Z35.707 E514.89103
G1 X30.104 Y4.322 Z35.718 E515.91052
G1 X29.806 Y6.039 Z35.727 E516.73005
G1 X29.314 Y8.155 Z35.739 E517.75169
G1 X28.645 Y10.215 Z35.75 E518.77025
G1 X27.835 Y12.245 Z35.761 E519.79809
G1 X26.883 Y14.201 Z35.773 E520.8211
G1 X26.052 Y15.692 Z35.782 E521.62382
G1 X24.868 Y17.532 Z35.793 E522.65279
G1 X23.269 Y19.579 Z35.807 E523.87432
G1 X21.503 Y21.503 Z35.82 E525.10248
G1 X19.585 Y23.264 Z35.834 E526.32698
G1 X17.533 Y24.868 Z35.848 E527.55181
G1 X15.332 Y26.281 Z35.861 E528.78181
G1 X13.023 Y27.486 Z35.875 E530.00664
G1 X10.629 Y28.509 Z35.889 E531.23095
G1 X8.568 Y29.179 Z35.9 E532.2501
G1 X6.461 Y29.732 Z35.911 E533.27452
G1 X4.323 Y30.103 Z35.923 E534.29498
G1 X2.168 Y30.335 Z35.934 E535.31427
G1 X0.00 Y30.413 Z35.945 E536.33447
G1 X-2.168 Y30.349 Z35.957 E537.35447
G1 X-4.322 Y30.104 Z35.968 E538.37396
G1 X-6.039 Y29.806 Z35.977 E539.19348
G1 X-8.155 Y29.314 Z35.989 E540.21512
G1 X-10.215 Y28.645 Z36 E541.23368
G1 X-12.248 Y27.84 Z36.011 E542.26197
G1 X-14.202 Y26.885 Z36.023 E543.28475
G1 X-15.698 Y26.048 Z36.032 E544.0909
G1 X-17.533 Y24.868 Z36.043 E545.11687
G1 X-19.583 Y23.273 Z36.057 E546.33836
G1 X-21.508 Y21.507 Z36.07 E547.56687
G1 X-23.269 Y19.589 Z36.084 E548.79136
G1 X-24.868 Y17.533 Z36.098 E550.01623
G1 X-26.282 Y15.332 Z36.111 E551.24649
G1 X-27.491 Y13.025 Z36.125 E552.47135
G1 X-28.51 Y10.629 Z36.139 E553.69579
G1 X-29.18 Y8.568 Z36.15 E554.71494
G1 X-29.733 Y6.461 Z36.161 E555.73936
G1 X-30.104 Y4.323 Z36.173 E556.75983
G1 X-30.342 Y2.169 Z36.184 E557.77895
G1 X-30.412 Y0.00 Z36.195 E558.7995
G1 X-30.35 Y-2.169 Z36.207 E559.81993
G1 X-30.104 Y-4.323 Z36.218 E560.83948
G1 X-29.806 Y-6.039 Z36.227 E561.65854
G1 X-29.314 Y-8.155 Z36.239 E562.68018
G1 X-28.645 Y-10.215 Z36.25 E563.69874
G1 X-27.846 Y-12.25 Z36.261 E564.72686
G1 X-26.888 Y-14.204 Z36.273 E565.75027
G1 X-26.048 Y-15.698 Z36.282 E566.55629
G1 X-24.868 Y-17.533 Z36.293 E567.58226
G1 X-23.278 Y-19.588 Z36.307 E568.80416
G1 X-21.511 Y-21.512 Z36.32 E570.03264
G1 X-19.593 Y-23.274 Z36.334 E571.25746
G1 X-17.533 Y-24.868 Z36.348 E572.48237
G1 X-15.332 Y-26.282 Z36.361 E573.71263
G1 X-13.027 Y-27.495 Z36.375 E574.93753
G1 X-10.629 Y-28.511 Z36.389 E576.16228
G1 X-8.568 Y-29.18 Z36.4 E577.18129
G1 X-6.461 Y-29.733 Z36.411 E578.20571
G1 X-4.323 Y-30.104 Z36.423 E579.22618
G1 X-2.169 Y-30.348 Z36.434 E580.24562
G1 X0.00 Y-30.412 Z36.445 E581.26608
G1 X2.169 Y-30.35 Z36.457 E582.28651
G1 X4.323 Y-30.104 Z36.468 E583.30606
G1 X6.039 Y-29.806 Z36.477 E584.12512
G1 X8.155 Y-29.314 Z36.489 E585.14676
G1 X10.215 Y-28.645 Z36.5 E586.16532
;TIME_ELAPSED:291.687338
;LAYER:36
;note -- min layer time used
;TYPE:WALL-OUTER
;MESH:rouleau_cylindrical_vase_3mm_large_v1.stl
G1 F2293.2 X12.253 Y-27.851 Z36.511 E587.1939
G1 X14.205 Y-26.89 Z36.523 E588.21708
G1 X15.698 Y-26.048 Z36.532 E589.02316
G1 X17.533 Y-24.868 Z36.543 E590.04912
G1 X19.591 Y-23.281 Z36.557 E591.27128
G1 X21.515 Y-21.514 Z36.57 E592.49976
G1 X23.277 Y-19.596 Z36.584 E593.72457
G1 X24.868 Y-17.533 Z36.598 E594.94974
G1 X26.282 Y-15.332 Z36.611 E596.18
G1 X27.497 Y-13.028 Z36.625 E597.40493
G1 X28.511 Y-10.629 Z36.639 E598.62974
G1 X29.18 Y-8.568 Z36.65 E599.64875
G1 X29.733 Y-6.461 Z36.661 E600.67317
G1 X30.104 Y-4.323 Z36.673 E601.69364
G1 X30.35 Y-2.169 Z36.684 E602.71318
G1 X30.412 Y0.00 Z36.695 E603.73362
G1 X30.35 Y2.169 Z36.707 E604.75405
G1 X30.104 Y4.323 Z36.718 E605.7736
G1 X29.806 Y6.039 Z36.727 E606.59266
G1 X29.314 Y8.155 Z36.739 E607.6143
G1 X28.645 Y10.215 Z36.75 E608.63286
G1 X27.851 Y12.253 Z36.761 E609.66144
G1 X26.89 Y14.205 Z36.773 E610.68462
G1 X26.051 Y15.692 Z36.782 E611.48754
G1 X24.868 Y17.533 Z36.793 E612.51665
G1 X23.281 Y19.591 Z36.807 E613.7388
G1 X21.514 Y21.515 Z36.82 E614.96728
G1 X19.596 Y23.277 Z36.834 E616.1921
G1 X17.533 Y24.868 Z36.848 E617.41727
G1 X15.332 Y26.282 Z36.861 E618.64752
G1 X13.028 Y27.497 Z36.875 E619.87245
G1 X10.629 Y28.511 Z36.889 E621.09727
G1 X8.568 Y29.18 Z36.9 E622.11628
G1 X6.461 Y29.733 Z36.911 E623.1407
G1 X4.323 Y30.104 Z36.923 E624.16116
G1 X2.169 Y30.35 Z36.934 E625.18071
G1 X0.00 Y30.412 Z36.945 E626.20114
G1 X-2.169 Y30.35 Z36.957 E627.22157
G1 X-4.323 Y30.104 Z36.968 E628.24112
G1 X-6.039 Y29.806 Z36.977 E629.06018
G1 X-8.155 Y29.314 Z36.989 E630.08182
G1 X-10.215 Y28.645 Z37 E631.10038
G1 X-12.253 Y27.851 Z37.011 E632.12896
G1 X-14.205 Y26.89 Z37.023 E633.15215
G1 X-15.698 Y26.048 Z37.032 E633.95822
G1 X-17.533 Y24.868 Z37.043 E634.98419
G1 X-19.591 Y23.281 Z37.057 E636.20634
G1 X-21.515 Y21.514 Z37.07 E637.43482
G1 X-23.277 Y19.596 Z37.084 E638.65964
G1 X-24.868 Y17.533 Z37.098 E639.8848
G1 X-26.282 Y15.332 Z37.111 E641.11506
G1 X-27.497 Y13.028 Z37.125 E642.33999
G1 X-28.511 Y10.629 Z37.139 E643.56481
G1 X-29.18 Y8.568 Z37.15 E644.58382
G1 X-29.733 Y6.461 Z37.161 E645.60824
G1 X-30.104 Y4.323 Z37.173 E646.6287
G1 X-30.35 Y2.169 Z37.184 E647.64825
G1 X-30.412 Y0.00 Z37.195 E648.66868
G1 X-30.35 Y-2.169 Z37.207 E649.68911
G1 X-30.104 Y-4.323 Z37.218 E650.70866
G1 X-29.806 Y-6.039 Z37.227 E651.52772
G1 X-29.314 Y-8.155 Z37.239 E652.54936
G1 X-28.645 Y-10.215 Z37.25 E653.56792
G1 X-27.851 Y-12.253 Z37.261 E654.5965
G1 X-26.89 Y-14.205 Z37.273 E655.61969
G1 X-26.048 Y-15.698 Z37.282 E656.42576
G1 X-24.868 Y-17.533 Z37.293 E657.45173
G1 X-23.281 Y-19.591 Z37.307 E658.67388
G1 X-21.514 Y-21.515 Z37.32 E659.90236
G1 X-19.596 Y-23.277 Z37.334 E661.12718
G1 X-17.533 Y-24.868 Z37.348 E662.35234
G1 X-15.332 Y-26.282 Z37.361 E663.5826
G1 X-13.028 Y-27.497 Z37.375 E664.80753
G1 X-10.629 Y-28.511 Z37.389 E666.03235
G1 X-8.568 Y-29.18 Z37.4 E667.05136
G1 X-6.461 Y-29.733 Z37.411 E668.07578
G1 X-4.323 Y-30.104 Z37.423 E669.09624
G1 X-2.169 Y-30.35 Z37.434 E670.11579
G1 X0.00 Y-30.412 Z37.445 E671.13622
G1 X2.169 Y-30.35 Z37.457 E672.15665
G1 X4.323 Y-30.104 Z37.468 E673.1762
G1 X6.039 Y-29.806 Z37.477 E673.99526
G1 X8.155 Y-29.314 Z37.489 E675.0169
G1 X10.215 Y-28.645 Z37.5 E676.03546
;TIME_ELAPSED:296.696344
;LAYER:37
;note -- min layer time used
;TYPE:WALL-OUTER
;MESH:rouleau_cylindrical_vase_3mm_large_v1.stl
G1 X12.253 Y-27.851 Z37.511 E677.06404
G1 X14.205 Y-26.89 Z37.523 E678.08722
G1 X15.698 Y-26.048 Z37.532 E678.8933
G1 X17.533 Y-24.868 Z37.543 E679.91927
G1 X19.591 Y-23.281 Z37.557 E681.14142
G1 X21.515 Y-21.514 Z37.57 E682.3699
G1 X23.277 Y-19.596 Z37.584 E683.59472
G1 X24.868 Y-17.533 Z37.598 E684.81988
G1 X26.282 Y-15.332 Z37.611 E686.05014
G1 X27.497 Y-13.028 Z37.625 E687.27507
G1 X28.511 Y-10.629 Z37.639 E688.49989
G1 X29.18 Y-8.568 Z37.65 E689.5189
G1 X29.733 Y-6.461 Z37.661 E690.54331
G1 X30.104 Y-4.323 Z37.673 E691.56378
G1 X30.35 Y-2.169 Z37.684 E692.58333
G1 X30.412 Y0.00 Z37.695 E693.60376
G1 X30.35 Y2.169 Z37.707 E694.62419
G1 X30.104 Y4.323 Z37.718 E695.64374
G1 X29.806 Y6.039 Z37.727 E696.4628
G1 X29.314 Y8.155 Z37.739 E697.48444
G1 X28.645 Y10.215 Z37.75 E698.503
G1 X27.851 Y12.253 Z37.761 E699.53158
G1 X26.89 Y14.205 Z37.773 E700.55476
G1 X26.051 Y15.692 Z37.782 E701.35769
G1 X24.868 Y17.533 Z37.793 E702.38679
G1 X23.281 Y19.591 Z37.807 E703.60895
G1 X21.514 Y21.515 Z37.82 E704.83743
G1 X19.596 Y23.277 Z37.834 E706.06224
G1 X17.533 Y24.868 Z37.848 E707.28741
G1 X15.332 Y26.282 Z37.861 E708.51766
G1 X13.028 Y27.497 Z37.875 E709.74259
G1 X10.629 Y28.511 Z37.889 E710.96741
G1 X8.568 Y29.18 Z37.9 E711.98642
G1 X6.461 Y29.733 Z37.911 E713.01084
G1 X4.323 Y30.104 Z37.923 E714.0313
G1 X2.169 Y30.35 Z37.934 E715.05085
G1 X0.00 Y30.412 Z37.945 E716.07128
G1 X-2.169 Y30.35 Z37.957 E717.09172
G1 X-4.323 Y30.104 Z37.968 E718.11126
G1 X-6.039 Y29.806 Z37.977 E718.93033
G1 X-8.155 Y29.314 Z37.989 E719.95196
G1 X-10.215 Y28.645 Z38 E720.97053
G1 X-12.253 Y27.851 Z38.011 E721.9991
G1 X-14.205 Y26.89 Z38.023 E723.02229
G1 X-15.698 Y26.048 Z38.032 E723.82836
G1 X-17.533 Y24.868 Z38.043 E724.85433
G1 X-19.591 Y23.281 Z38.057 E726.07648
G1 X-21.515 Y21.514 Z38.07 E727.30497
G1 X-23.277 Y19.596 Z38.084 E728.52978
G1 X-24.868 Y17.533 Z38.098 E729.75495
G1 X-26.282 Y15.332 Z38.111 E730.9852
G1 X-27.497 Y13.028 Z38.125 E732.21013
G1 X-28.511 Y10.629 Z38.139 E733.43495
G1 X-29.18 Y8.568 Z38.15 E734.45396
G1 X-29.733 Y6.461 Z38.161 E735.47838
G1 X-30.104 Y4.323 Z38.173 E736.49884
G1 X-30.35 Y2.169 Z38.184 E737.51839
G1 X-30.412 Y0.00 Z38.195 E738.53882
G1 X-30.35 Y-2.169 Z38.207 E739.55926
G1 X-30.104 Y-4.323 Z38.218 E740.5788
G1 X-29.806 Y-6.039 Z38.227 E741.39786
G1 X-29.314 Y-8.155 Z38.239 E742.4195
G1 X-28.645 Y-10.215 Z38.25 E743.43806
G1 X-27.851 Y-12.253 Z38.261 E744.46664
G1 X-26.89 Y-14.205 Z38.273 E745.48983
G1 X-26.048 Y-15.698 Z38.282 E746.2959
G1 X-24.868 Y-17.533 Z38.293 E747.32187
G1 X-23.281 Y-19.591 Z38.307 E748.54402
G1 X-21.514 Y-21.515 Z38.32 E749.77251
G1 X-19.596 Y-23.277 Z38.334 E750.99732
G1 X-17.533 Y-24.868 Z38.348 E752.22249
G1 X-15.332 Y-26.282 Z38.361 E753.45274
G1 X-13.028 Y-27.497 Z38.375 E754.67767
G1 X-10.629 Y-28.511 Z38.389 E755.90249
G1 X-8.568 Y-29.18 Z38.4 E756.9215
G1 X-6.461 Y-29.733 Z38.411 E757.94592
G1 X-4.323 Y-30.104 Z38.423 E758.96638
G1 X-2.169 Y-30.35 Z38.434 E759.98593
G1 X0.00 Y-30.412 Z38.445 E761.00636
G1 X2.169 Y-30.35 Z38.457 E762.0268
G1 X4.323 Y-30.104 Z38.468 E763.04634
G1 X6.039 Y-29.806 Z38.477 E763.8654
G1 X8.155 Y-29.314 Z38.489 E764.88704
G1 X10.215 Y-28.645 Z38.5 E765.9056
;TIME_ELAPSED:301.705351
;LAYER:38
;note -- min layer time used
;TYPE:WALL-OUTER
;MESH:rouleau_cylindrical_vase_3mm_large_v1.stl
G1 X12.253 Y-27.851 Z38.511 E766.93418
G1 X14.205 Y-26.89 Z38.523 E767.95737
G1 X15.698 Y-26.048 Z38.532 E768.76344
G1 X17.533 Y-24.868 Z38.543 E769.78941
G1 X19.591 Y-23.281 Z38.557 E771.01156
G1 X21.515 Y-21.514 Z38.57 E772.24004
G1 X23.277 Y-19.596 Z38.584 E773.46486
G1 X24.868 Y-17.533 Z38.598 E774.69003
G1 X26.282 Y-15.332 Z38.611 E775.92028
G1 X27.497 Y-13.028 Z38.625 E777.14521
G1 X28.511 Y-10.629 Z38.639 E778.37003
G1 X29.18 Y-8.568 Z38.65 E779.38904
G1 X29.733 Y-6.461 Z38.661 E780.41346
G1 X30.104 Y-4.323 Z38.673 E781.43392
G1 X30.35 Y-2.169 Z38.684 E782.45347
G1 X30.412 Y0.00 Z38.695 E783.4739
G1 X30.35 Y2.169 Z38.707 E784.49434
G1 X30.104 Y4.323 Z38.718 E785.51388
G1 X29.806 Y6.039 Z38.727 E786.33294
G1 X29.314 Y8.155 Z38.739 E787.35458
G1 X28.645 Y10.215 Z38.75 E788.37314
G1 X27.851 Y12.253 Z38.761 E789.40172
G1 X26.89 Y14.205 Z38.773 E790.42491
G1 X26.051 Y15.692 Z38.782 E791.22783
G1 X24.868 Y17.533 Z38.793 E792.25693
G1 X23.281 Y19.591 Z38.807 E793.47909
G1 X21.514 Y21.515 Z38.82 E794.70757
G1 X19.596 Y23.277 Z38.834 E795.93238
G1 X17.533 Y24.868 Z38.848 E797.15755
G1 X15.332 Y26.282 Z38.861 E798.38781
G1 X13.028 Y27.497 Z38.875 E799.61274
G1 X10.629 Y28.511 Z38.889 E800.83756
G1 X8.568 Y29.18 Z38.9 E801.85656
G1 X6.461 Y29.733 Z38.911 E802.88098
G1 X4.323 Y30.104 Z38.923 E803.90145
G1 X2.169 Y30.35 Z38.934 E804.92099
G1 X0.00 Y30.412 Z38.945 E805.94143
G1 X-2.169 Y30.35 Z38.957 E806.96186
G1 X-4.323 Y30.104 Z38.968 E807.98141
G1 X-6.039 Y29.806 Z38.977 E808.80047
G1 X-8.155 Y29.314 Z38.989 E809.82211
G1 X-10.215 Y28.645 Z39 E810.84067
G1 X-12.253 Y27.851 Z39.011 E811.86925
G1 X-14.205 Y26.89 Z39.023 E812.89243
G1 X-15.698 Y26.048 Z39.032 E813.6985
G1 X-17.533 Y24.868 Z39.043 E814.72447
G1 X-19.591 Y23.281 Z39.057 E815.94663
G1 X-21.515 Y21.514 Z39.07 E817.17511
G1 X-23.277 Y19.596 Z39.084 E818.39992
G1 X-24.868 Y17.533 Z39.098 E819.62509
G1 X-26.282 Y15.332 Z39.111 E820.85535
G1 X-27.497 Y13.028 Z39.125 E822.08028
G1 X-28.511 Y10.629 Z39.139 E823.30509
G1 X-29.18 Y8.568 Z39.15 E824.3241
G1 X-29.733 Y6.461 Z39.161 E825.34852
G1 X-30.104 Y4.323 Z39.173 E826.36899
G1 X-30.35 Y2.169 Z39.184 E827.38853
G1 X-30.412 Y0.00 Z39.195 E828.40896
G1 X-30.35 Y-2.169 Z39.207 E829.4294
G1 X-30.104 Y-4.323 Z39.218 E830.44895
G1 X-29.806 Y-6.039 Z39.227 E831.26801
G1 X-29.314 Y-8.155 Z39.239 E832.28965
G1 X-28.645 Y-10.215 Z39.25 E833.30821
G1 X-27.851 Y-12.253 Z39.261 E834.33679
G1 X-26.89 Y-14.205 Z39.273 E835.35997
G1 X-26.048 Y-15.698 Z39.282 E836.16604
G1 X-24.868 Y-17.533 Z39.293 E837.19201
G1 X-23.281 Y-19.591 Z39.307 E838.41417
G1 X-21.514 Y-21.515 Z39.32 E839.64265
G1 X-19.596 Y-23.277 Z39.334 E840.86746
G1 X-17.533 Y-24.868 Z39.348 E842.09263
G1 X-15.332 Y-26.282 Z39.361 E843.32289
G1 X-13.028 Y-27.497 Z39.375 E844.54782
G1 X-10.629 Y-28.511 Z39.389 E845.77263
G1 X-8.568 Y-29.18 Z39.4 E846.79164
G1 X-6.461 Y-29.733 Z39.411 E847.81606
G1 X-4.323 Y-30.104 Z39.423 E848.83653
G1 X-2.169 Y-30.35 Z39.434 E849.85607
G1 X0.00 Y-30.412 Z39.445 E850.8765
G1 X2.169 Y-30.35 Z39.457 E851.89694
G1 X4.323 Y-30.104 Z39.468 E852.91648
G1 X6.039 Y-29.806 Z39.477 E853.73555
G1 X8.155 Y-29.314 Z39.489 E854.75718
G1 X10.215 Y-28.645 Z39.5 E855.77575
;TIME_ELAPSED:306.714358
;LAYER:39
;note -- min layer time used
;TYPE:WALL-OUTER
;MESH:rouleau_cylindrical_vase_3mm_large_v1.stl
G1 X12.253 Y-27.851 Z39.511 E856.80432
G1 X14.205 Y-26.89 Z39.523 E857.82751
G1 X15.698 Y-26.048 Z39.532 E858.63358
G1 X17.533 Y-24.868 Z39.543 E859.65955
G1 X19.591 Y-23.281 Z39.557 E860.88171
G1 X21.515 Y-21.514 Z39.57 E862.11019
G1 X23.277 Y-19.596 Z39.584 E863.335
G1 X24.868 Y-17.533 Z39.598 E864.56017
G1 X26.282 Y-15.332 Z39.611 E865.79042
G1 X27.497 Y-13.028 Z39.625 E867.01535
G1 X28.511 Y-10.629 Z39.639 E868.24017
G1 X29.18 Y-8.568 Z39.65 E869.25918
G1 X29.733 Y-6.461 Z39.661 E870.2836
G1 X30.104 Y-4.323 Z39.673 E871.30406
G1 X30.35 Y-2.169 Z39.684 E872.32361
G1 X30.412 Y0.00 Z39.695 E873.34404
G1 X30.35 Y2.169 Z39.707 E874.36448
G1 X30.104 Y4.323 Z39.718 E875.38402
G1 X29.806 Y6.039 Z39.727 E876.20309
G1 X29.314 Y8.155 Z39.739 E877.22472
G1 X28.645 Y10.215 Z39.75 E878.24329
G1 X27.851 Y12.253 Z39.761 E879.27186
G1 X26.89 Y14.205 Z39.773 E880.29505
G1 X26.051 Y15.692 Z39.782 E881.09797
G1 X24.868 Y17.533 Z39.793 E882.12708
G1 X23.281 Y19.591 Z39.807 E883.34923
G1 X21.514 Y21.515 Z39.82 E884.57771
G1 X19.596 Y23.277 Z39.834 E885.80253
G1 X17.533 Y24.868 Z39.848 E887.02769
G1 X15.332 Y26.282 Z39.861 E888.25795
G1 X13.028 Y27.497 Z39.875 E889.48288
G1 X10.629 Y28.511 Z39.889 E890.7077
G1 X8.568 Y29.18 Z39.9 E891.72671
G1 X6.461 Y29.733 Z39.911 E892.75112
G1 X4.323 Y30.104 Z39.923 E893.77159
G1 X2.169 Y30.35 Z39.934 E894.79114
G1 X0.00 Y30.412 Z39.945 E895.81157
G1 X-2.169 Y30.35 Z39.957 E896.832
G1 X-4.323 Y30.104 Z39.968 E897.85155
G1 X-6.039 Y29.806 Z39.977 E898.67061
G1 X-8.155 Y29.314 Z39.989 E899.69225
G1 X-10.215 Y28.645 Z40 E900.71081
G1 X-12.253 Y27.851 Z40.011 E901.73939
G1 X-14.205 Y26.89 Z40.023 E902.76257
G1 X-15.698 Y26.048 Z40.032 E903.56865
G1 X-17.533 Y24.868 Z40.043 E904.59461
G1 X-19.591 Y23.281 Z40.057 E905.81677
G1 X-21.515 Y21.514 Z40.07 E907.04525
G1 X-23.277 Y19.596 Z40.084 E908.27007
G1 X-24.868 Y17.533 Z40.098 E909.49523
G1 X-26.282 Y15.332 Z40.111 E910.72549
G1 X-27.497 Y13.028 Z40.125 E911.95042
G1 X-28.511 Y10.629 Z40.139 E913.17524
G1 X-29.18 Y8.568 Z40.15 E914.19425
G1 X-29.733 Y6.461 Z40.161 E915.21866
G1 X-30.104 Y4.323 Z40.173 E916.23913
G1 X-30.35 Y2.169 Z40.184 E917.25868
G1 X-30.412 Y0.00 Z40.195 E918.27911
G1 X-30.35 Y-2.169 Z40.207 E919.29954
G1 X-30.104 Y-4.323 Z40.218 E920.31909
G1 X-29.806 Y-6.039 Z40.227 E921.13815
G1 X-29.314 Y-8.155 Z40.239 E922.15979
G1 X-28.645 Y-10.215 Z40.25 E923.17835
G1 X-27.851 Y-12.253 Z40.261 E924.20693
G1 X-26.89 Y-14.205 Z40.273 E925.23011
G1 X-26.048 Y-15.698 Z40.282 E926.03619
G1 X-24.868 Y-17.533 Z40.293 E927.06215
G1 X-23.281 Y-19.591 Z40.307 E928.28431
G1 X-21.514 Y-21.515 Z40.32 E929.51279
G1 X-19.596 Y-23.277 Z40.334 E930.73761
G1 X-17.533 Y-24.868 Z40.348 E931.96277
G1 X-15.332 Y-26.282 Z40.361 E933.19303
G1 X-13.028 Y-27.497 Z40.375 E934.41796
G1 X-10.629 Y-28.511 Z40.389 E935.64278
G1 X-8.568 Y-29.18 Z40.4 E936.66179
G1 X-6.461 Y-29.733 Z40.411 E937.6862
G1 X-4.323 Y-30.104 Z40.423 E938.70667
G1 X-2.169 Y-30.35 Z40.434 E939.72621
G1 X0.00 Y-30.412 Z40.445 E940.74665
G1 X2.169 Y-30.35 Z40.457 E941.76708
G1 X4.323 Y-30.104 Z40.468 E942.78663
G1 X6.039 Y-29.806 Z40.477 E943.60569
G1 X8.155 Y-29.314 Z40.489 E944.62733
G1 X10.215 Y-28.645 Z40.5 E945.64589
;TIME_ELAPSED:311.723364
;LAYER:40
;note -- min layer time used
;TYPE:WALL-OUTER
;MESH:rouleau_cylindrical_vase_3mm_large_v1.stl
G1 X12.253 Y-27.851 Z40.511 E946.67447
G1 X14.205 Y-26.89 Z40.523 E947.69765
G1 X15.698 Y-26.048 Z40.532 E948.50373
G1 X17.533 Y-24.868 Z40.543 E949.52969
G1 X19.591 Y-23.281 Z40.557 E950.75185
G1 X21.515 Y-21.514 Z40.57 E951.98033
G1 X23.277 Y-19.596 Z40.584 E953.20515
G1 X24.868 Y-17.533 Z40.598 E954.43031
G1 X26.282 Y-15.332 Z40.611 E955.66057
G1 X27.497 Y-13.028 Z40.625 E956.8855
G1 X28.511 Y-10.629 Z40.639 E958.11032
G1 X29.18 Y-8.568 Z40.65 E959.12932
G1 X29.733 Y-6.461 Z40.661 E960.15374
G1 X30.104 Y-4.323 Z40.673 E961.17421
G1 X30.35 Y-2.169 Z40.684 E962.19375
G1 X30.412 Y0.00 Z40.695 E963.21419
G1 X30.35 Y2.169 Z40.707 E964.23462
G1 X30.104 Y4.323 Z40.718 E965.25417
G1 X29.806 Y6.039 Z40.727 E966.07323
G1 X29.314 Y8.155 Z40.739 E967.09487
G1 X28.645 Y10.215 Z40.75 E968.11343
G1 X27.851 Y12.253 Z40.761 E969.14201
G1 X26.89 Y14.205 Z40.773 E970.16519
G1 X26.051 Y15.692 Z40.782 E970.96811
G1 X24.868 Y17.533 Z40.793 E971.99722
G1 X23.281 Y19.591 Z40.807 E973.21937
G1 X21.514 Y21.515 Z40.82 E974.44785
G1 X19.596 Y23.277 Z40.834 E975.67267
G1 X17.533 Y24.868 Z40.848 E976.89784
G1 X15.332 Y26.282 Z40.861 E978.12809
G1 X13.028 Y27.497 Z40.875 E979.35302
G1 X10.629 Y28.511 Z40.889 E980.57784
G1 X8.568 Y29.18 Z40.9 E981.59685
G1 X6.461 Y29.733 Z40.911 E982.62127
G1 X4.323 Y30.104 Z40.923 E983.64173
G1 X2.169 Y30.35 Z40.934 E984.66128
G1 X0.00 Y30.412 Z40.945 E985.68171
G1 X-2.169 Y30.35 Z40.957 E986.70215
G1 X-4.323 Y30.104 Z40.968 E987.72169
G1 X-6.039 Y29.806 Z40.977 E988.54075
G1 X-8.155 Y29.314 Z40.989 E989.56239
G1 X-10.215 Y28.645 Z41 E990.58095
G1 X-12.253 Y27.851 Z41.011 E991.60953
G1 X-14.205 Y26.89 Z41.023 E992.63272
G1 X-15.698 Y26.048 Z41.032 E993.43879
G1 X-17.533 Y24.868 Z41.043 E994.46476
G1 X-19.591 Y23.281 Z41.057 E995.68691
G1 X-21.515 Y21.514 Z41.07 E996.91539
G1 X-23.277 Y19.596 Z41.084 E998.14021
G1 X-24.868 Y17.533 Z41.098 E999.36538
G1 X-26.282 Y15.332 Z41.111 E1000.59563
G1 X-27.497 Y13.028 Z41.125 E1001.82056
G1 X-28.511 Y10.629 Z41.139 E1003.04538
G1 X-29.18 Y8.568 Z41.15 E1004.06439
G1 X-29.733 Y6.461 Z41.161 E1005.08881
G1 X-30.104 Y4.323 Z41.173 E1006.10927
G1 X-30.35 Y2.169 Z41.184 E1007.12882
G1 X-30.412 Y0.00 Z41.195 E1008.14925
G1 X-30.35 Y-2.169 Z41.207 E1009.16968
G1 X-30.104 Y-4.323 Z41.218 E1010.18923
G1 X-29.806 Y-6.039 Z41.227 E1011.00829
G1 X-29.314 Y-8.155 Z41.239 E1012.02993
G1 X-28.645 Y-10.215 Z41.25 E1013.04849
G1 X-27.851 Y-12.253 Z41.261 E1014.07707
G1 X-26.89 Y-14.205 Z41.273 E1015.10026
G1 X-26.048 Y-15.698 Z41.282 E1015.90633
G1 X-24.868 Y-17.533 Z41.293 E1016.9323
G1 X-23.281 Y-19.591 Z41.307 E1018.15445
G1 X-21.514 Y-21.515 Z41.32 E1019.38293
G1 X-19.596 Y-23.277 Z41.334 E1020.60775
G1 X-17.533 Y-24.868 Z41.348 E1021.83291
G1 X-15.332 Y-26.282 Z41.361 E1023.06317
G1 X-13.028 Y-27.497 Z41.375 E1024.2881
G1 X-10.629 Y-28.511 Z41.389 E1025.51292
G1 X-8.568 Y-29.18 Z41.4 E1026.53193
G1 X-6.461 Y-29.733 Z41.411 E1027.55635
G1 X-4.323 Y-30.104 Z41.423 E1028.57681
G1 X-2.169 Y-30.35 Z41.434 E1029.59636
G1 X0.00 Y-30.412 Z41.445 E1030.61679
G1 X2.169 Y-30.35 Z41.457 E1031.63722
G1 X4.323 Y-30.104 Z41.468 E1032.65677
G1 X6.039 Y-29.806 Z41.477 E1033.47583
G1 X8.155 Y-29.314 Z41.489 E1034.49747
G1 X10.215 Y-28.645 Z41.5 E1035.51603
;TIME_ELAPSED:316.732371
;LAYER:41
;note -- min layer time used
;TYPE:WALL-OUTER
;MESH:rouleau_cylindrical_vase_3mm_large_v1.stl
G1 X12.253 Y-27.851 Z41.511 E1036.54461
G1 X14.205 Y-26.89 Z41.523 E1037.5678
G1 X15.698 Y-26.048 Z41.532 E1038.37387
G1 X17.533 Y-24.868 Z41.543 E1039.39984
G1 X19.591 Y-23.281 Z41.557 E1040.62199
G1 X21.515 Y-21.514 Z41.57 E1041.85047
G1 X23.277 Y-19.596 Z41.584 E1043.07529
G1 X24.868 Y-17.533 Z41.598 E1044.30045
G1 X26.282 Y-15.332 Z41.611 E1045.53071
G1 X27.497 Y-13.028 Z41.625 E1046.75564
G1 X28.511 Y-10.629 Z41.639 E1047.98046
G1 X29.18 Y-8.568 Z41.65 E1048.99947
G1 X29.733 Y-6.461 Z41.661 E1050.02389
G1 X30.104 Y-4.323 Z41.673 E1051.04435
G1 X30.35 Y-2.169 Z41.684 E1052.0639
G1 X30.412 Y0.00 Z41.695 E1053.08433
G1 X30.35 Y2.169 Z41.707 E1054.10476
G1 X30.104 Y4.323 Z41.718 E1055.12431
G1 X29.806 Y6.039 Z41.727 E1055.94337
G1 X29.314 Y8.155 Z41.739 E1056.96501
G1 X28.645 Y10.215 Z41.75 E1057.98357
G1 X27.851 Y12.253 Z41.761 E1059.01215
G1 X26.89 Y14.205 Z41.773 E1060.03533
G1 X26.051 Y15.692 Z41.782 E1060.83826
G1 X24.868 Y17.533 Z41.793 E1061.86736
G1 X23.281 Y19.591 Z41.807 E1063.08952
G1 X21.514 Y21.515 Z41.82 E1064.318
G1 X19.596 Y23.277 Z41.834 E1065.54281
G1 X17.533 Y24.868 Z41.848 E1066.76798
G1 X15.332 Y26.282 Z41.861 E1067.99823
G1 X13.028 Y27.497 Z41.875 E1069.22317
G1 X10.629 Y28.511 Z41.889 E1070.44798
G1 X8.568 Y29.18 Z41.9 E1071.46699
G1 X6.461 Y29.733 Z41.911 E1072.49141
G1 X4.323 Y30.104 Z41.923 E1073.51188
G1 X2.169 Y30.35 Z41.934 E1074.53142
G1 X0.00 Y30.412 Z41.945 E1075.55185
G1 X-2.169 Y30.35 Z41.957 E1076.57229
G1 X-4.323 Y30.104 Z41.968 E1077.59183
G1 X-6.039 Y29.806 Z41.977 E1078.4109
G1 X-8.155 Y29.314 Z41.989 E1079.43253
G1 X-10.215 Y28.645 Z42 E1080.4511
G1 X-12.253 Y27.851 Z42.011 E1081.47967
G1 X-14.205 Y26.89 Z42.023 E1082.50286
G1 X-15.698 Y26.048 Z42.032 E1083.30893
G1 X-17.533 Y24.868 Z42.043 E1084.3349
G1 X-19.591 Y23.281 Z42.057 E1085.55706
G1 X-21.515 Y21.514 Z42.07 E1086.78554
G1 X-23.277 Y19.596 Z42.084 E1088.01035
G1 X-24.868 Y17.533 Z42.098 E1089.23552
G1 X-26.282 Y15.332 Z42.111 E1090.46577
G1 X-27.497 Y13.028 Z42.125 E1091.6907
G1 X-28.511 Y10.629 Z42.139 E1092.91552
G1 X-29.18 Y8.568 Z42.15 E1093.93453
G1 X-29.733 Y6.461 Z42.161 E1094.95895
G1 X-30.104 Y4.323 Z42.173 E1095.97941
G1 X-30.35 Y2.169 Z42.184 E1096.99896
G1 X-30.412 Y0.00 Z42.195 E1098.01939
G1 X-30.35 Y-2.169 Z42.207 E1099.03983
G1 X-30.104 Y-4.323 Z42.218 E1100.05937
G1 X-29.806 Y-6.039 Z42.227 E1100.87844
G1 X-29.314 Y-8.155 Z42.239 E1101.90007
G1 X-28.645 Y-10.215 Z42.25 E1102.91864
G1 X-27.851 Y-12.253 Z42.261 E1103.94721
G1 X-26.89 Y-14.205 Z42.273 E1104.9704
G1 X-26.048 Y-15.698 Z42.282 E1105.77647
G1 X-24.868 Y-17.533 Z42.293 E1106.80244
G1 X-23.281 Y-19.591 Z42.307 E1108.02459
G1 X-21.514 Y-21.515 Z42.32 E1109.25308
G1 X-19.596 Y-23.277 Z42.334 E1110.47789
G1 X-17.533 Y-24.868 Z42.348 E1111.70306
G1 X-15.332 Y-26.282 Z42.361 E1112.93331
G1 X-13.028 Y-27.497 Z42.375 E1114.15824
G1 X-10.629 Y-28.511 Z42.389 E1115.38306
G1 X-8.568 Y-29.18 Z42.4 E1116.40207
G1 X-6.461 Y-29.733 Z42.411 E1117.42649
G1 X-4.323 Y-30.104 Z42.423 E1118.44695
G1 X-2.169 Y-30.35 Z42.434 E1119.4665
G1 X0.00 Y-30.412 Z42.445 E1120.48693
G1 X2.169 Y-30.35 Z42.457 E1121.50737
G1 X4.323 Y-30.104 Z42.468 E1122.52691
G1 X6.039 Y-29.806 Z42.477 E1123.34597
G1 X8.155 Y-29.314 Z42.489 E1124.36761
G1 X10.215 Y-28.645 Z42.5 E1125.38617
;TIME_ELAPSED:321.741378
;LAYER:42
;note -- min layer time used
;TYPE:WALL-OUTER
;MESH:rouleau_cylindrical_vase_3mm_large_v1.stl
G1 X12.253 Y-27.851 Z42.511 E1126.41475
G1 X14.205 Y-26.89 Z42.523 E1127.43794
G1 X15.698 Y-26.048 Z42.532 E1128.24401
G1 X17.533 Y-24.868 Z42.543 E1129.26998
G1 X19.591 Y-23.281 Z42.557 E1130.49213
G1 X21.515 Y-21.514 Z42.57 E1131.72062
G1 X23.277 Y-19.596 Z42.584 E1132.94543
G1 X24.868 Y-17.533 Z42.598 E1134.1706
G1 X26.282 Y-15.332 Z42.611 E1135.40085
G1 X27.497 Y-13.028 Z42.625 E1136.62578
G1 X28.511 Y-10.629 Z42.639 E1137.8506
G1 X29.18 Y-8.568 Z42.65 E1138.86961
G1 X29.733 Y-6.461 Z42.661 E1139.89403
G1 X30.104 Y-4.323 Z42.673 E1140.91449
G1 X30.35 Y-2.169 Z42.684 E1141.93404
G1 X30.412 Y0.00 Z42.695 E1142.95447
G1 X30.35 Y2.169 Z42.707 E1143.97491
G1 X30.104 Y4.323 Z42.718 E1144.99445
G1 X29.806 Y6.039 Z42.727 E1145.81351
G1 X29.314 Y8.155 Z42.739 E1146.83515
G1 X28.645 Y10.215 Z42.75 E1147.85371
G1 X27.851 Y12.253 Z42.761 E1148.88229
G1 X26.89 Y14.205 Z42.773 E1149.90548
G1 X26.051 Y15.692 Z42.782 E1150.7084
G1 X24.868 Y17.533 Z42.793 E1151.7375
G1 X23.281 Y19.591 Z42.807 E1152.95966
G1 X21.514 Y21.515 Z42.82 E1154.18814
G1 X19.596 Y23.277 Z42.834 E1155.41296
G1 X17.533 Y24.868 Z42.848 E1156.63812
G1 X15.332 Y26.282 Z42.861 E1157.86838
G1 X13.028 Y27.497 Z42.875 E1159.09331
G1 X10.629 Y28.511 Z42.889 E1160.31813
G1 X8.568 Y29.18 Z42.9 E1161.33714
G1 X6.461 Y29.733 Z42.911 E1162.36155
G1 X4.323 Y30.104 Z42.923 E1163.38202
G1 X2.169 Y30.35 Z42.934 E1164.40156
G1 X0.00 Y30.412 Z42.945 E1165.422
G1 X-2.169 Y30.35 Z42.957 E1166.44243
G1 X-4.323 Y30.104 Z42.968 E1167.46198
G1 X-6.039 Y29.806 Z42.977 E1168.28104
G1 X-8.155 Y29.314 Z42.989 E1169.30268
G1 X-10.215 Y28.645 Z43 E1170.32124
G1 X-12.253 Y27.851 Z43.011 E1171.34982
G1 X-14.205 Y26.89 Z43.023 E1172.373
G1 X-15.698 Y26.048 Z43.032 E1173.17908
G1 X-17.533 Y24.868 Z43.043 E1174.20504
G1 X-19.591 Y23.281 Z43.057 E1175.4272
G1 X-21.515 Y21.514 Z43.07 E1176.65568
G1 X-23.277 Y19.596 Z43.084 E1177.88049
G1 X-24.868 Y17.533 Z43.098 E1179.10566
G1 X-26.282 Y15.332 Z43.111 E1180.33592
G1 X-27.497 Y13.028 Z43.125 E1181.56085
G1 X-28.511 Y10.629 Z43.139 E1182.78567
G1 X-29.18 Y8.568 Z43.15 E1183.80467
G1 X-29.733 Y6.461 Z43.161 E1184.82909
G1 X-30.104 Y4.323 Z43.173 E1185.84956
G1 X-30.35 Y2.169 Z43.184 E1186.8691
G1 X-30.412 Y0.00 Z43.195 E1187.88954
G1 X-30.35 Y-2.169 Z43.207 E1188.90997
G1 X-30.104 Y-4.323 Z43.218 E1189.92952
G1 X-29.806 Y-6.039 Z43.227 E1190.74858
G1 X-29.314 Y-8.155 Z43.239 E1191.77022
G1 X-28.645 Y-10.215 Z43.25 E1192.78878
G1 X-27.851 Y-12.253 Z43.261 E1193.81736
G1 X-26.89 Y-14.205 Z43.273 E1194.84054
G1 X-26.048 Y-15.698 Z43.282 E1195.64661
G1 X-24.868 Y-17.533 Z43.293 E1196.67258
G1 X-23.281 Y-19.591 Z43.307 E1197.89474
G1 X-21.514 Y-21.515 Z43.32 E1199.12322
G1 X-19.596 Y-23.277 Z43.334 E1200.34803
G1 X-17.533 Y-24.868 Z43.348 E1201.5732
G1 X-15.332 Y-26.282 Z43.361 E1202.80346
G1 X-13.028 Y-27.497 Z43.375 E1204.02839
G1 X-10.629 Y-28.511 Z43.389 E1205.2532
G1 X-8.568 Y-29.18 Z43.4 E1206.27221
G1 X-6.461 Y-29.733 Z43.411 E1207.29663
G1 X-4.323 Y-30.104 Z43.423 E1208.3171
G1 X-2.169 Y-30.35 Z43.434 E1209.33664
G1 X0.00 Y-30.412 Z43.445 E1210.35707
G1 X2.169 Y-30.35 Z43.457 E1211.37751
G1 X4.323 Y-30.104 Z43.468 E1212.39706
G1 X6.039 Y-29.806 Z43.477 E1213.21612
G1 X8.155 Y-29.314 Z43.489 E1214.23776
G1 X10.215 Y-28.645 Z43.5 E1215.25632
;TIME_ELAPSED:326.750384
;LAYER:43
;note -- min layer time used
;TYPE:WALL-OUTER
;MESH:rouleau_cylindrical_vase_3mm_large_v1.stl
G1 X12.253 Y-27.851 Z43.511 E1216.2849
G1 X14.205 Y-26.89 Z43.523 E1217.30808
G1 X15.698 Y-26.048 Z43.532 E1218.11415
G1 X17.533 Y-24.868 Z43.543 E1219.14012
G1 X19.591 Y-23.281 Z43.557 E1220.36228
G1 X21.515 Y-21.514 Z43.57 E1221.59076
G1 X23.277 Y-19.596 Z43.584 E1222.81557
G1 X24.868 Y-17.533 Z43.598 E1224.04074
G1 X26.282 Y-15.332 Z43.611 E1225.271
G1 X27.497 Y-13.028 Z43.625 E1226.49593
G1 X28.511 Y-10.629 Z43.639 E1227.72074
G1 X29.18 Y-8.568 Z43.65 E1228.73975
G1 X29.733 Y-6.461 Z43.661 E1229.76417
G1 X30.104 Y-4.323 Z43.673 E1230.78464
G1 X30.35 Y-2.169 Z43.684 E1231.80418
G1 X30.412 Y0.00 Z43.695 E1232.82461
G1 X30.35 Y2.169 Z43.707 E1233.84505
G1 X30.104 Y4.323 Z43.718 E1234.86459
G1 X29.806 Y6.039 Z43.727 E1235.68366
G1 X29.314 Y8.155 Z43.739 E1236.70529
G1 X28.645 Y10.215 Z43.75 E1237.72386
G1 X27.851 Y12.253 Z43.761 E1238.75243
G1 X26.89 Y14.205 Z43.773 E1239.77562
G1 X26.051 Y15.692 Z43.782 E1240.57854
G1 X24.868 Y17.533 Z43.793 E1241.60765
G1 X23.281 Y19.591 Z43.807 E1242.8298
G1 X21.514 Y21.515 Z43.82 E1244.05828
G1 X19.596 Y23.277 Z43.834 E1245.2831
G1 X17.533 Y24.868 Z43.848 E1246.50826
G1 X15.332 Y26.282 Z43.861 E1247.73852
G1 X13.028 Y27.497 Z43.875 E1248.96345
G1 X10.629 Y28.511 Z43.889 E1250.18827
G1 X8.568 Y29.18 Z43.9 E1251.20728
G1 X6.461 Y29.733 Z43.911 E1252.2317
G1 X4.323 Y30.104 Z43.923 E1253.25216
G1 X2.169 Y30.35 Z43.934 E1254.27171
G1 X0.00 Y30.412 Z43.945 E1255.29214
G1 X-2.169 Y30.35 Z43.957 E1256.31257
G1 X-4.323 Y30.104 Z43.968 E1257.33212
G1 X-6.039 Y29.806 Z43.977 E1258.15118
G1 X-8.155 Y29.314 Z43.989 E1259.17282
G1 X-10.215 Y28.645 Z44 E1260.19138
G1 X-12.253 Y27.851 Z44.011 E1261.21996
G1 X-14.205 Y26.89 Z44.023 E1262.24315
G1 X-15.698 Y26.048 Z44.032 E1263.04922
G1 X-17.533 Y24.868 Z44.043 E1264.07519
G1 X-19.591 Y23.281 Z44.057 E1265.29734
G1 X-21.515 Y21.514 Z44.07 E1266.52582
G1 X-23.277 Y19.596 Z44.084 E1267.75064
G1 X-24.868 Y17.533 Z44.098 E1268.9758
G1 X-26.282 Y15.332 Z44.111 E1270.20606
G1 X-27.497 Y13.028 Z44.125 E1271.43099
G1 X-28.511 Y10.629 Z44.139 E1272.65581
G1 X-29.18 Y8.568 Z44.15 E1273.67482
G1 X-29.733 Y6.461 Z44.161 E1274.69923
G1 X-30.104 Y4.323 Z44.173 E1275.7197
G1 X-30.35 Y2.169 Z44.184 E1276.73925
G1 X-30.412 Y0.00 Z44.195 E1277.75968
G1 X-30.35 Y-2.169 Z44.207 E1278.78011
G1 X-30.104 Y-4.323 Z44.218 E1279.79966
G1 X-29.806 Y-6.039 Z44.227 E1280.61872
G1 X-29.314 Y-8.155 Z44.239 E1281.64036
G1 X-28.645 Y-10.215 Z44.25 E1282.65892
G1 X-27.851 Y-12.253 Z44.261 E1283.6875
G1 X-26.89 Y-14.205 Z44.273 E1284.71068
G1 X-26.048 Y-15.698 Z44.282 E1285.51676
G1 X-24.868 Y-17.533 Z44.293 E1286.54272
G1 X-23.281 Y-19.591 Z44.307 E1287.76488
G1 X-21.514 Y-21.515 Z44.32 E1288.99336
G1 X-19.596 Y-23.277 Z44.334 E1290.21818
G1 X-17.533 Y-24.868 Z44.348 E1291.44334
G1 X-15.332 Y-26.282 Z44.361 E1292.6736
G1 X-13.028 Y-27.497 Z44.375 E1293.89853
G1 X-10.629 Y-28.511 Z44.389 E1295.12335
G1 X-8.568 Y-29.18 Z44.4 E1296.14236
G1 X-6.461 Y-29.733 Z44.411 E1297.16677
G1 X-4.323 Y-30.104 Z44.423 E1298.18724
G1 X-2.169 Y-30.35 Z44.434 E1299.20679
G1 X0.00 Y-30.412 Z44.445 E1300.22722
G1 X2.169 Y-30.35 Z44.457 E1301.24765
G1 X4.323 Y-30.104 Z44.468 E1302.2672
G1 X6.039 Y-29.806 Z44.477 E1303.08626
G1 X8.155 Y-29.314 Z44.489 E1304.1079
G1 X10.215 Y-28.645 Z44.5 E1305.12646
;TIME_ELAPSED:331.759391
;LAYER:44
;note -- min layer time used
;TYPE:WALL-OUTER
;MESH:rouleau_cylindrical_vase_3mm_large_v1.stl
G1 X12.253 Y-27.851 Z44.511 E1306.15504
G1 X14.205 Y-26.89 Z44.523 E1307.17822
G1 X15.698 Y-26.048 Z44.532 E1307.9843
G1 X17.533 Y-24.868 Z44.543 E1309.01026
G1 X19.591 Y-23.281 Z44.557 E1310.23242
G1 X21.515 Y-21.514 Z44.57 E1311.4609
G1 X23.277 Y-19.596 Z44.584 E1312.68572
G1 X24.868 Y-17.533 Z44.598 E1313.91088
G1 X26.282 Y-15.332 Z44.611 E1315.14114
G1 X27.497 Y-13.028 Z44.625 E1316.36607
G1 X28.511 Y-10.629 Z44.639 E1317.59089
G1 X29.18 Y-8.568 Z44.65 E1318.6099
G1 X29.733 Y-6.461 Z44.661 E1319.63431
G1 X30.104 Y-4.323 Z44.673 E1320.65478
G1 X30.35 Y-2.169 Z44.684 E1321.67432
G1 X30.412 Y0.00 Z44.695 E1322.69476
G1 X30.35 Y2.169 Z44.707 E1323.71519
G1 X30.104 Y4.323 Z44.718 E1324.73474
G1 X29.806 Y6.039 Z44.727 E1325.5538
G1 X29.314 Y8.155 Z44.739 E1326.57544
G1 X28.645 Y10.215 Z44.75 E1327.594
G1 X27.851 Y12.253 Z44.761 E1328.62258
G1 X26.89 Y14.205 Z44.773 E1329.64576
G1 X26.051 Y15.692 Z44.782 E1330.44869
G1 X24.868 Y17.533 Z44.793 E1331.47779
G1 X23.281 Y19.591 Z44.807 E1332.69994
G1 X21.514 Y21.515 Z44.82 E1333.92843
G1 X19.596 Y23.277 Z44.834 E1335.15324
G1 X17.533 Y24.868 Z44.848 E1336.37841
G1 X15.332 Y26.282 Z44.861 E1337.60866
G1 X13.028 Y27.497 Z44.875 E1338.83359
G1 X10.629 Y28.511 Z44.889 E1340.05841
G1 X8.568 Y29.18 Z44.9 E1341.07742
G1 X6.461 Y29.733 Z44.911 E1342.10184
G1 X4.323 Y30.104 Z44.923 E1343.1223
G1 X2.169 Y30.35 Z44.934 E1344.14185
G1 X0.00 Y30.412 Z44.945 E1345.16228
G1 X-2.169 Y30.35 Z44.957 E1346.18272
G1 X-4.323 Y30.104 Z44.968 E1347.20226
G1 X-6.039 Y29.806 Z44.977 E1348.02132
G1 X-8.155 Y29.314 Z44.989 E1349.04296
G1 X-10.215 Y28.645 Z45 E1350.06152
G1 X-12.253 Y27.851 Z45.011 E1351.0901
G1 X-14.205 Y26.89 Z45.023 E1352.11329
G1 X-15.698 Y26.048 Z45.032 E1352.91936
G1 X-17.533 Y24.868 Z45.043 E1353.94533
G1 X-19.591 Y23.281 Z45.057 E1355.16748
G1 X-21.515 Y21.514 Z45.07 E1356.39596
G1 X-23.277 Y19.596 Z45.084 E1357.62078
G1 X-24.868 Y17.533 Z45.098 E1358.84595
G1 X-26.282 Y15.332 Z45.111 E1360.0762
G1 X-27.497 Y13.028 Z45.125 E1361.30113
G1 X-28.511 Y10.629 Z45.139 E1362.52595
G1 X-29.18 Y8.568 Z45.15 E1363.54496
G1 X-29.733 Y6.461 Z45.161 E1364.56938
G1 X-30.104 Y4.323 Z45.173 E1365.58984
G1 X-30.35 Y2.169 Z45.184 E1366.60939
G1 X-30.412 Y0.00 Z45.195 E1367.62982
G1 X-30.35 Y-2.169 Z45.207 E1368.65026
G1 X-30.104 Y-4.323 Z45.218 E1369.6698
G1 X-29.806 Y-6.039 Z45.227 E1370.48886
G1 X-29.314 Y-8.155 Z45.239 E1371.5105
G1 X-28.645 Y-10.215 Z45.25 E1372.52906
G1 X-27.851 Y-12.253 Z45.261 E1373.55764
G1 X-26.89 Y-14.205 Z45.273 E1374.58083
G1 X-26.048 Y-15.698 Z45.282 E1375.3869
G1 X-24.868 Y-17.533 Z45.293 E1376.41287
G1 X-23.281 Y-19.591 Z45.307 E1377.63502
G1 X-21.514 Y-21.515 Z45.32 E1378.8635
G1 X-19.596 Y-23.277 Z45.334 E1380.08832
G1 X-17.533 Y-24.868 Z45.348 E1381.31349
G1 X-15.332 Y-26.282 Z45.361 E1382.54374
G1 X-13.028 Y-27.497 Z45.375 E1383.76867
G1 X-10.629 Y-28.511 Z45.389 E1384.99349
G1 X-8.568 Y-29.18 Z45.4 E1386.0125
G1 X-6.461 Y-29.733 Z45.411 E1387.03692
G1 X-4.323 Y-30.104 Z45.423 E1388.05738
G1 X-2.169 Y-30.35 Z45.434 E1389.07693
G1 X0.00 Y-30.412 Z45.445 E1390.09736
G1 X2.169 Y-30.35 Z45.457 E1391.11779
G1 X4.323 Y-30.104 Z45.468 E1392.13734
G1 X6.039 Y-29.806 Z45.477 E1392.9564
G1 X8.155 Y-29.314 Z45.489 E1393.97804
G1 X10.215 Y-28.645 Z45.5 E1394.9966
;TIME_ELAPSED:336.768398
;LAYER:45
;note -- min layer time used
;TYPE:WALL-OUTER
;MESH:rouleau_cylindrical_vase_3mm_large_v1.stl
G1 X12.253 Y-27.851 Z45.511 E1396.02518
G1 X14.205 Y-26.89 Z45.523 E1397.04837
G1 X15.698 Y-26.048 Z45.532 E1397.85444
G1 X17.533 Y-24.868 Z45.543 E1398.88041
G1 X19.591 Y-23.281 Z45.557 E1400.10256
G1 X21.515 Y-21.514 Z45.57 E1401.33104
G1 X23.277 Y-19.596 Z45.584 E1402.55586
G1 X24.868 Y-17.533 Z45.598 E1403.78102
G1 X26.282 Y-15.332 Z45.611 E1405.01128
G1 X27.497 Y-13.028 Z45.625 E1406.23621
G1 X28.511 Y-10.629 Z45.639 E1407.46103
G1 X29.18 Y-8.568 Z45.65 E1408.48004
G1 X29.733 Y-6.461 Z45.661 E1409.50446
G1 X30.104 Y-4.323 Z45.673 E1410.52492
G1 X30.35 Y-2.169 Z45.684 E1411.54447
G1 X30.412 Y0.00 Z45.695 E1412.5649
G1 X30.35 Y2.169 Z45.707 E1413.58533
G1 X30.104 Y4.323 Z45.718 E1414.60488
G1 X29.806 Y6.039 Z45.727 E1415.42394
G1 X29.314 Y8.155 Z45.739 E1416.44558
G1 X28.645 Y10.215 Z45.75 E1417.46414
G1 X27.851 Y12.253 Z45.761 E1418.49272
G1 X26.89 Y14.205 Z45.773 E1419.51591
G1 X26.051 Y15.692 Z45.782 E1420.31883
G1 X24.868 Y17.533 Z45.793 E1421.34793
G1 X23.281 Y19.591 Z45.807 E1422.57009
G1 X21.514 Y21.515 Z45.82 E1423.79857
G1 X19.596 Y23.277 Z45.834 E1425.02338
G1 X17.533 Y24.868 Z45.848 E1426.24855
G1 X15.332 Y26.282 Z45.861 E1427.47881
G1 X13.028 Y27.497 Z45.875 E1428.70374
G1 X10.629 Y28.511 Z45.889 E1429.92855
G1 X8.568 Y29.18 Z45.9 E1430.94756
G1 X6.461 Y29.733 Z45.911 E1431.97198
G1 X4.323 Y30.104 Z45.923 E1432.99245
G1 X2.169 Y30.35 Z45.934 E1434.01199
G1 X0.00 Y30.412 Z45.945 E1435.03242
G1 X-2.169 Y30.35 Z45.957 E1436.05286
G1 X-4.323 Y30.104 Z45.968 E1437.0724
G1 X-6.039 Y29.806 Z45.977 E1437.89147
G1 X-8.155 Y29.314 Z45.989 E1438.9131
G1 X-10.215 Y28.645 Z46 E1439.93167
G1 X-12.253 Y27.851 Z46.011 E1440.96024
G1 X-14.205 Y26.89 Z46.023 E1441.98343
G1 X-15.698 Y26.048 Z46.032 E1442.7895
G1 X-17.533 Y24.868 Z46.043 E1443.81547
G1 X-19.591 Y23.281 Z46.057 E1445.03763
G1 X-21.515 Y21.514 Z46.07 E1446.26611
G1 X-23.277 Y19.596 Z46.084 E1447.49092
G1 X-24.868 Y17.533 Z46.098 E1448.71609
G1 X-26.282 Y15.332 Z46.111 E1449.94634
G1 X-27.497 Y13.028 Z46.125 E1451.17128
G1 X-28.511 Y10.629 Z46.139 E1452.39609
G1 X-29.18 Y8.568 Z46.15 E1453.4151
G1 X-29.733 Y6.461 Z46.161 E1454.43952
G1 X-30.104 Y4.323 Z46.173 E1455.45999
G1 X-30.35 Y2.169 Z46.184 E1456.47953
G1 X-30.412 Y0.00 Z46.195 E1457.49996
G1 X-30.35 Y-2.169 Z46.207 E1458.5204
G1 X-30.104 Y-4.323 Z46.218 E1459.53994
G1 X-29.806 Y-6.039 Z46.227 E1460.35901
G1 X-29.314 Y-8.155 Z46.239 E1461.38064
G1 X-28.645 Y-10.215 Z46.25 E1462.39921
G1 X-27.851 Y-12.253 Z46.261 E1463.42778
G1 X-26.89 Y-14.205 Z46.273 E1464.45097
G1 X-26.048 Y-15.698 Z46.282 E1465.25704
G1 X-24.868 Y-17.533 Z46.293 E1466.28301
G1 X-23.281 Y-19.591 Z46.307 E1467.50517
G1 X-21.514 Y-21.515 Z46.32 E1468.73365
G1 X-19.596 Y-23.277 Z46.334 E1469.95846
G1 X-17.533 Y-24.868 Z46.348 E1471.18363
G1 X-15.332 Y-26.282 Z46.361 E1472.41388
G1 X-13.028 Y-27.497 Z46.375 E1473.63881
G1 X-10.629 Y-28.511 Z46.389 E1474.86363
G1 X-8.568 Y-29.18 Z46.4 E1475.88264
G1 X-6.461 Y-29.733 Z46.411 E1476.90706
G1 X-4.323 Y-30.104 Z46.423 E1477.92752
G1 X-2.169 Y-30.35 Z46.434 E1478.94707
G1 X0.00 Y-30.412 Z46.445 E1479.9675
G1 X2.169 Y-30.35 Z46.457 E1480.98794
G1 X4.323 Y-30.104 Z46.468 E1482.00748
G1 X6.039 Y-29.806 Z46.477 E1482.82655
G1 X8.155 Y-29.314 Z46.489 E1483.84818
G1 X10.215 Y-28.645 Z46.5 E1484.86675
;TIME_ELAPSED:341.777404
;LAYER:46
;note -- min layer time used
;TYPE:WALL-OUTER
;MESH:rouleau_cylindrical_vase_3mm_large_v1.stl
G1 X12.253 Y-27.851 Z46.511 E1485.89532
G1 X14.205 Y-26.89 Z46.523 E1486.91851
G1 X15.698 Y-26.048 Z46.532 E1487.72458
G1 X17.533 Y-24.868 Z46.543 E1488.75055
G1 X19.591 Y-23.281 Z46.557 E1489.9727
G1 X21.515 Y-21.514 Z46.57 E1491.20119
G1 X23.277 Y-19.596 Z46.584 E1492.426
G1 X24.868 Y-17.533 Z46.598 E1493.65117
G1 X26.282 Y-15.332 Z46.611 E1494.88142
G1 X27.497 Y-13.028 Z46.625 E1496.10635
G1 X28.511 Y-10.629 Z46.639 E1497.33117
G1 X29.18 Y-8.568 Z46.65 E1498.35018
G1 X29.733 Y-6.461 Z46.661 E1499.3746
G1 X30.104 Y-4.323 Z46.673 E1500.39506
G1 X30.35 Y-2.169 Z46.684 E1501.41461
G1 X30.412 Y0.00 Z46.695 E1502.43504
G1 X30.35 Y2.169 Z46.707 E1503.45548
G1 X30.104 Y4.323 Z46.718 E1504.47502
G1 X29.806 Y6.039 Z46.727 E1505.29408
G1 X29.314 Y8.155 Z46.739 E1506.31572
G1 X28.645 Y10.215 Z46.75 E1507.33428
G1 X27.851 Y12.253 Z46.761 E1508.36286
G1 X26.89 Y14.205 Z46.773 E1509.38605
G1 X26.051 Y15.692 Z46.782 E1510.18897
G1 X24.868 Y17.533 Z46.793 E1511.21807
G1 X23.281 Y19.591 Z46.807 E1512.44023
G1 X21.514 Y21.515 Z46.82 E1513.66871
G1 X19.596 Y23.277 Z46.834 E1514.89353
G1 X17.533 Y24.868 Z46.848 E1516.11869
G1 X15.332 Y26.282 Z46.861 E1517.34895
G1 X13.028 Y27.497 Z46.875 E1518.57388
G1 X10.629 Y28.511 Z46.889 E1519.7987
G1 X8.568 Y29.18 Z46.9 E1520.81771
G1 X6.461 Y29.733 Z46.911 E1521.84212
G1 X4.323 Y30.104 Z46.923 E1522.86259
G1 X2.169 Y30.35 Z46.934 E1523.88213
G1 X0.00 Y30.412 Z46.945 E1524.90257
G1 X-2.169 Y30.35 Z46.957 E1525.923
G1 X-4.323 Y30.104 Z46.968 E1526.94255
G1 X-6.039 Y29.806 Z46.977 E1527.76161
G1 X-8.155 Y29.314 Z46.989 E1528.78325
G1 X-10.215 Y28.645 Z47 E1529.80181
G1 X-12.253 Y27.851 Z47.011 E1530.83039
G1 X-14.205 Y26.89 Z47.023 E1531.85357
G1 X-15.698 Y26.048 Z47.032 E1532.65965
G1 X-17.533 Y24.868 Z47.043 E1533.68561
G1 X-19.591 Y23.281 Z47.057 E1534.90777
G1 X-21.515 Y21.514 Z47.07 E1536.13625
G1 X-23.277 Y19.596 Z47.084 E1537.36107
G1 X-24.868 Y17.533 Z47.098 E1538.58623
G1 X-26.282 Y15.332 Z47.111 E1539.81649
G1 X-27.497 Y13.028 Z47.125 E1541.04142
G1 X-28.511 Y10.629 Z47.139 E1542.26624
G1 X-29.18 Y8.568 Z47.15 E1543.28524
G1 X-29.733 Y6.461 Z47.161 E1544.30966
G1 X-30.104 Y4.323 Z47.173 E1545.33013
G1 X-30.35 Y2.169 Z47.184 E1546.34967
G1 X-30.412 Y0.00 Z47.195 E1547.37011
G1 X-30.35 Y-2.169 Z47.207 E1548.39054
G1 X-30.104 Y-4.323 Z47.218 E1549.41009
G1 X-29.806 Y-6.039 Z47.227 E1550.22915
G1 X-29.314 Y-8.155 Z47.239 E1551.25079
G1 X-28.645 Y-10.215 Z47.25 E1552.26935
G1 X-27.851 Y-12.253 Z47.261 E1553.29793
G1 X-26.89 Y-14.205 Z47.273 E1554.32111
G1 X-26.048 Y-15.698 Z47.282 E1555.12719
G1 X-24.868 Y-17.533 Z47.293 E1556.15315
G1 X-23.281 Y-19.591 Z47.307 E1557.37531
G1 X-21.514 Y-21.515 Z47.32 E1558.60379
G1 X-19.596 Y-23.277 Z47.334 E1559.8286
G1 X-17.533 Y-24.868 Z47.348 E1561.05377
G1 X-15.332 Y-26.282 Z47.361 E1562.28403
G1 X-13.028 Y-27.497 Z47.375 E1563.50896
G1 X-10.629 Y-28.511 Z47.389 E1564.73378
G1 X-8.568 Y-29.18 Z47.4 E1565.75278
G1 X-6.461 Y-29.733 Z47.411 E1566.7772
G1 X-4.323 Y-30.104 Z47.423 E1567.79767
G92 E0
G1 X-2.169 Y-30.35 Z47.434 E1.01955
G1 X0.00 Y-30.412 Z47.445 E2.03998
G1 X2.169 Y-30.35 Z47.457 E3.06041
G1 X4.323 Y-30.104 Z47.468 E4.07996
G1 X6.039 Y-29.806 Z47.477 E4.89902
G1 X8.155 Y-29.314 Z47.489 E5.92066
G1 X10.215 Y-28.645 Z47.5 E6.93922
;TIME_ELAPSED:346.799783
;LAYER:47
;note -- min layer time used
;TYPE:WALL-OUTER
;MESH:rouleau_cylindrical_vase_3mm_large_v1.stl
G1 X12.253 Y-27.851 Z47.511 E7.9678
G1 X14.205 Y-26.89 Z47.523 E8.99098
G1 X15.698 Y-26.048 Z47.532 E9.79706
G1 X17.533 Y-24.868 Z47.543 E10.82303
G1 X19.591 Y-23.281 Z47.557 E12.04518
G1 X21.515 Y-21.514 Z47.57 E13.27366
G1 X23.277 Y-19.596 Z47.584 E14.49848
G1 X24.868 Y-17.533 Z47.598 E15.72364
G1 X26.282 Y-15.332 Z47.611 E16.9539
G1 X27.497 Y-13.028 Z47.625 E18.17883
G1 X28.511 Y-10.629 Z47.639 E19.40365
G1 X29.18 Y-8.568 Z47.65 E20.42266
G1 X29.733 Y-6.461 Z47.661 E21.44707
G1 X30.104 Y-4.323 Z47.673 E22.46754
G1 X30.35 Y-2.169 Z47.684 E23.48709
G1 X30.412 Y0.00 Z47.695 E24.50752
G1 X30.35 Y2.169 Z47.707 E25.52795
G1 X30.104 Y4.323 Z47.718 E26.5475
G1 X29.806 Y6.039 Z47.727 E27.36656
G1 X29.314 Y8.155 Z47.739 E28.3882
G1 X28.645 Y10.215 Z47.75 E29.40676
G1 X27.851 Y12.253 Z47.761 E30.43534
G1 X26.89 Y14.205 Z47.773 E31.45852
G1 X26.051 Y15.692 Z47.782 E32.26145
G1 X24.868 Y17.533 Z47.793 E33.29055
G1 X23.281 Y19.591 Z47.807 E34.51271
G1 X21.514 Y21.515 Z47.82 E35.74119
G1 X19.596 Y23.277 Z47.834 E36.966
G1 X17.533 Y24.868 Z47.848 E38.19117
G1 X15.332 Y26.282 Z47.861 E39.42142
G1 X13.028 Y27.497 Z47.875 E40.64635
G1 X10.629 Y28.511 Z47.889 E41.87117
G1 X8.568 Y29.18 Z47.9 E42.89018
G1 X6.461 Y29.733 Z47.911 E43.9146
G1 X4.323 Y30.104 Z47.923 E44.93506
G1 X2.169 Y30.35 Z47.934 E45.95461
G1 X0.00 Y30.412 Z47.945 E46.97504
G1 X-2.169 Y30.35 Z47.957 E47.99548
G1 X-4.323 Y30.104 Z47.968 E49.01502
G1 X-6.039 Y29.806 Z47.977 E49.83408
G1 X-8.155 Y29.314 Z47.989 E50.85572
G1 X-10.215 Y28.645 Z48 E51.87429
G1 X-12.253 Y27.851 Z48.011 E52.90286
G1 X-14.205 Y26.89 Z48.023 E53.92605
G1 X-15.698 Y26.048 Z48.032 E54.73212
G1 X-17.533 Y24.868 Z48.043 E55.75809
G1 X-19.591 Y23.281 Z48.057 E56.98024
G1 X-21.515 Y21.514 Z48.07 E58.20873
G1 X-23.277 Y19.596 Z48.084 E59.43354
G1 X-24.868 Y17.533 Z48.098 E60.65871
G1 X-26.282 Y15.332 Z48.111 E61.88896
G1 X-27.497 Y13.028 Z48.125 E63.11389
G1 X-28.511 Y10.629 Z48.139 E64.33871
G1 X-29.18 Y8.568 Z48.15 E65.35772
G1 X-29.733 Y6.461 Z48.161 E66.38214
G1 X-30.104 Y4.323 Z48.173 E67.4026
G1 X-30.35 Y2.169 Z48.184 E68.42215
G1 X-30.412 Y0.00 Z48.195 E69.44258
G1 X-30.35 Y-2.169 Z48.207 E70.46302
G1 X-30.104 Y-4.323 Z48.218 E71.48256
G1 X-29.806 Y-6.039 Z48.227 E72.30162
G1 X-29.314 Y-8.155 Z48.239 E73.32326
G1 X-28.645 Y-10.215 Z48.25 E74.34182
G1 X-27.851 Y-12.253 Z48.261 E75.3704
G1 X-26.89 Y-14.205 Z48.273 E76.39359
G1 X-26.048 Y-15.698 Z48.282 E77.19966
G1 X-24.868 Y-17.533 Z48.293 E78.22563
G1 X-23.281 Y-19.591 Z48.307 E79.44778
G1 X-21.514 Y-21.515 Z48.32 E80.67627
G1 X-19.596 Y-23.277 Z48.334 E81.90108
G1 X-17.533 Y-24.868 Z48.348 E83.12625
G1 X-15.332 Y-26.282 Z48.361 E84.3565
G1 X-13.028 Y-27.497 Z48.375 E85.58143
G1 X-10.629 Y-28.511 Z48.389 E86.80625
G1 X-8.568 Y-29.18 Z48.4 E87.82526
G1 X-6.461 Y-29.733 Z48.411 E88.84968
G1 X-4.323 Y-30.104 Z48.423 E89.87014
G1 X-2.169 Y-30.35 Z48.434 E90.88969
G1 X0.00 Y-30.412 Z48.445 E91.91012
G1 X2.169 Y-30.35 Z48.457 E92.93056
G1 X4.323 Y-30.104 Z48.468 E93.9501
G1 X6.039 Y-29.806 Z48.477 E94.76916
G1 X8.155 Y-29.314 Z48.489 E95.7908
G1 X10.215 Y-28.645 Z48.5 E96.80936
;TIME_ELAPSED:351.808790
;LAYER:48
;note -- min layer time used
;TYPE:WALL-OUTER
;MESH:rouleau_cylindrical_vase_3mm_large_v1.stl
G1 F2293.1 X12.253 Y-27.851 Z48.511 E97.83794
G1 X14.205 Y-26.89 Z48.523 E98.86113
G1 X15.698 Y-26.048 Z48.532 E99.6672
G1 X17.533 Y-24.868 Z48.543 E100.69317
G1 X19.591 Y-23.281 Z48.557 E101.91532
G1 X21.515 Y-21.514 Z48.57 E103.1438
G1 X23.277 Y-19.596 Z48.584 E104.36862
G1 X24.868 Y-17.533 Z48.598 E105.59379
G1 X26.277 Y-15.339 Z48.611 E106.82
G1 X27.297 Y-13.407 Z48.623 E107.84741
G1 X27.996 Y-11.851 Z48.632 E108.6496
G1 X28.645 Y-10.216 Z48.641 E109.47685
G1 X29.18 Y-8.568 Z48.65 E110.29167
G1 X29.733 Y-6.461 Z48.661 E111.31609
G1 X30.104 Y-4.323 Z48.673 E112.33655
G1 X30.35 Y-2.169 Z48.684 E113.3561
G1 X30.412 Y0.00 Z48.695 E114.37653
G1 X30.35 Y2.169 Z48.707 E115.39697
G1 X30.104 Y4.323 Z48.718 E116.41651
G1 X29.806 Y6.039 Z48.727 E117.23557
G1 X29.314 Y8.155 Z48.739 E118.25721
G1 X28.645 Y10.215 Z48.75 E119.27578
G1 X27.851 Y12.253 Z48.761 E120.30435
G1 X26.89 Y14.205 Z48.773 E121.32754
G1 X26.051 Y15.692 Z48.782 E122.13046
G1 X24.868 Y17.533 Z48.793 E123.15957
G1 X23.281 Y19.591 Z48.807 E124.38172
G1 X21.514 Y21.515 Z48.82 E125.6102
G1 X19.596 Y23.277 Z48.834 E126.83502
G1 X17.533 Y24.868 Z48.848 E128.06018
G1 X15.339 Y26.277 Z48.861 E129.2864
G1 X13.407 Y27.297 Z48.873 E130.31381
G1 X11.852 Y27.999 Z48.882 E131.11615
G1 X10.216 Y28.645 Z48.891 E131.94332
G1 X8.568 Y29.18 Z48.9 E132.75814
G1 X6.461 Y29.733 Z48.911 E133.78255
G1 X4.323 Y30.104 Z48.923 E134.80302
G1 X2.169 Y30.35 Z48.934 E135.82257
G1 X0.00 Y30.412 Z48.945 E136.843
G1 X-2.169 Y30.35 Z48.957 E137.86343
G1 X-4.323 Y30.104 Z48.968 E138.88298
G1 X-6.039 Y29.806 Z48.977 E139.70204
G1 X-8.155 Y29.314 Z48.989 E140.72368
G1 X-10.215 Y28.645 Z49 E141.74224
G1 X-12.253 Y27.851 Z49.011 E142.77082
G1 X-14.205 Y26.89 Z49.023 E143.794
G1 X-15.698 Y26.048 Z49.032 E144.60008
G1 X-17.533 Y24.868 Z49.043 E145.62605
G1 X-19.591 Y23.281 Z49.057 E146.8482
G1 X-21.515 Y21.514 Z49.07 E148.07668
G1 X-23.277 Y19.596 Z49.084 E149.3015
G1 X-24.868 Y17.533 Z49.098 E150.52666
G1 X-26.278 Y15.339 Z49.111 E151.75313
G1 X-27.297 Y13.406 Z49.123 E152.78074
G1 X-28.002 Y11.853 Z49.132 E153.5828
G1 X-28.645 Y10.215 Z49.141 E154.41033
G1 X-29.18 Y8.568 Z49.15 E155.2247
G1 X-29.733 Y6.461 Z49.161 E156.24912
G1 X-30.104 Y4.323 Z49.173 E157.26959
G1 X-30.35 Y2.169 Z49.184 E158.28913
G1 X-30.412 Y0.00 Z49.195 E159.30956
G1 X-30.35 Y-2.169 Z49.207 E160.33
G1 X-30.104 Y-4.323 Z49.218 E161.34955
G1 X-29.806 Y-6.039 Z49.227 E162.16861
G1 X-29.314 Y-8.155 Z49.239 E163.19025
G1 X-28.645 Y-10.215 Z49.25 E164.20881
G1 X-27.851 Y-12.253 Z49.261 E165.23739
G1 X-26.89 Y-14.205 Z49.273 E166.26057
G1 X-26.048 Y-15.698 Z49.282 E167.06664
G1 X-24.868 Y-17.533 Z49.293 E168.09261
G1 X-23.281 Y-19.591 Z49.307 E169.31477
G1 X-21.514 Y-21.515 Z49.32 E170.54325
G1 X-19.596 Y-23.277 Z49.334 E171.76806
G1 X-17.533 Y-24.868 Z49.348 E172.99323
G1 X-15.339 Y-26.278 Z49.361 E174.2197
G1 X-13.406 Y-27.297 Z49.373 E175.24731
G1 X-11.854 Y-28.005 Z49.382 E176.04953
G1 X-10.215 Y-28.645 Z49.391 E176.87698
G1 X-8.568 Y-29.18 Z49.4 E177.69135
G1 X-6.461 Y-29.733 Z49.411 E178.71577
G1 X-4.323 Y-30.104 Z49.423 E179.73623
G1 X-2.169 Y-30.35 Z49.434 E180.75578
G1 X0.00 Y-30.412 Z49.445 E181.77621
G1 X2.169 Y-30.35 Z49.457 E182.79665
G1 X4.323 Y-30.104 Z49.468 E183.81619
G1 X6.039 Y-29.806 Z49.477 E184.63525
G1 X8.155 Y-29.314 Z49.489 E185.65689
G1 X10.215 Y-28.645 Z49.5 E186.67545
;TIME_ELAPSED:356.817796
;LAYER:49
;note -- min layer time used
;TYPE:WALL-OUTER
;MESH:rouleau_cylindrical_vase_3mm_large_v1.stl
G1 F2293.1 X12.253 Y-27.851 Z49.511 E187.70403
G1 X14.205 Y-26.89 Z49.523 E188.72722
G1 X15.698 Y-26.048 Z49.532 E189.53329
G1 X17.533 Y-24.868 Z49.543 E190.55926
G1 X19.591 Y-23.281 Z49.557 E191.78141
G1 X21.515 Y-21.514 Z49.57 E193.00989
G1 X23.277 Y-19.596 Z49.584 E194.23471
G1 X24.868 Y-17.533 Z49.598 E195.45988
G1 X26.281 Y-15.332 Z49.611 E196.68988
G1 X27.477 Y-13.019 Z49.625 E197.91442
G1 X28.49 Y-10.621 Z49.639 E199.13863
G1 X29.18 Y-8.568 Z49.65 E200.15716
G1 X29.733 Y-6.461 Z49.661 E201.18158
G1 X30.104 Y-4.323 Z49.673 E202.20204
G1 X30.35 Y-2.169 Z49.684 E203.22159
G1 X30.412 Y0.00 Z49.695 E204.24202
G1 X30.35 Y2.169 Z49.707 E205.26246
G1 X30.104 Y4.323 Z49.718 E206.282
G1 X29.806 Y6.039 Z49.727 E207.10106
G1 X29.314 Y8.155 Z49.739 E208.1227
G1 X28.645 Y10.215 Z49.75 E209.14126
G1 X27.851 Y12.253 Z49.761 E210.16984
G1 X26.89 Y14.205 Z49.773 E211.19303
G1 X26.051 Y15.692 Z49.782 E211.99595
G1 X24.868 Y17.533 Z49.793 E213.02505
G1 X23.281 Y19.591 Z49.807 E214.24721
G1 X21.514 Y21.515 Z49.82 E215.47569
G1 X19.596 Y23.277 Z49.834 E216.70051
G1 X17.533 Y24.868 Z49.848 E217.92567
G1 X15.332 Y26.281 Z49.861 E219.15567
G1 X13.022 Y27.483 Z49.875 E220.38027
G1 X10.623 Y28.496 Z49.889 E221.6049
G1 X8.568 Y29.18 Z49.9 E222.62343
G1 X6.461 Y29.733 Z49.911 E223.64785
G1 X4.323 Y30.104 Z49.923 E224.66832
G1 X2.169 Y30.35 Z49.934 E225.68786
G1 X0.00 Y30.412 Z49.945 E226.70829
G1 X-2.169 Y30.35 Z49.957 E227.72873
G1 X-4.323 Y30.104 Z49.968 E228.74828
G1 X-6.039 Y29.806 Z49.977 E229.56734
G1 X-8.155 Y29.314 Z49.989 E230.58898
G1 X-10.215 Y28.645 Z50 E231.60754
G1 X-12.253 Y27.851 Z50.011 E232.63612
G1 X-14.205 Y26.89 Z50.023 E233.6593
G1 X-15.698 Y26.048 Z50.032 E234.46537
G1 X-17.533 Y24.868 Z50.043 E235.49134
G1 X-19.591 Y23.281 Z50.057 E236.7135
G1 X-21.515 Y21.514 Z50.07 E237.94198
G1 X-23.277 Y19.596 Z50.084 E239.16679
G1 X-24.868 Y17.533 Z50.098 E240.39196
G1 X-26.282 Y15.332 Z50.111 E241.62222
G1 X-27.488 Y13.024 Z50.125 E242.84684
G1 X-28.502 Y10.626 Z50.139 E244.07123
G1 X-29.18 Y8.568 Z50.15 E245.09021
G1 X-29.733 Y6.461 Z50.161 E246.11463
G1 X-30.104 Y4.323 Z50.173 E247.1351
G1 X-30.35 Y2.169 Z50.184 E248.15464
G1 X-30.412 Y0.00 Z50.195 E249.17507
G1 X-30.35 Y-2.169 Z50.207 E250.19551
G1 X-30.104 Y-4.323 Z50.218 E251.21505
G1 X-29.806 Y-6.039 Z50.227 E252.03412
G1 X-29.314 Y-8.155 Z50.239 E253.05575
G1 X-28.645 Y-10.215 Z50.25 E254.07432
G1 X-27.851 Y-12.253 Z50.261 E255.10289
G1 X-26.89 Y-14.205 Z50.273 E256.12608
G1 X-26.048 Y-15.698 Z50.282 E256.93215
G1 X-24.868 Y-17.533 Z50.293 E257.95812
G1 X-23.281 Y-19.591 Z50.307 E259.18028
G1 X-21.514 Y-21.515 Z50.32 E260.40876
G1 X-19.596 Y-23.277 Z50.334 E261.63357
G1 X-17.533 Y-24.868 Z50.348 E262.85874
G1 X-15.332 Y-26.282 Z50.361 E264.08899
G1 X-13.027 Y-27.494 Z50.375 E265.31368
G1 X-10.628 Y-28.508 Z50.389 E266.5385
G1 X-8.568 Y-29.18 Z50.4 E267.5575
G1 X-6.461 Y-29.733 Z50.411 E268.58192
G1 X-4.323 Y-30.104 Z50.423 E269.60238
G1 X-2.169 Y-30.35 Z50.434 E270.62193
G1 X0.00 Y-30.412 Z50.445 E271.64236
G1 X2.169 Y-30.35 Z50.457 E272.6628
G1 X4.323 Y-30.104 Z50.468 E273.68234
G1 X6.039 Y-29.806 Z50.477 E274.5014
G1 X8.155 Y-29.314 Z50.489 E275.52304
G1 X10.215 Y-28.645 Z50.5 E276.5416
;TIME_ELAPSED:361.826802
;LAYER:50
;note -- min layer time used
;TYPE:WALL-OUTER
;MESH:rouleau_cylindrical_vase_3mm_large_v1.stl
G1 F2293.2 X12.253 Y-27.851 Z50.511 E277.57018
G1 X14.205 Y-26.89 Z50.523 E278.59337
G1 X15.698 Y-26.048 Z50.532 E279.39944
G1 X17.533 Y-24.868 Z50.543 E280.42541
G1 X19.591 Y-23.281 Z50.557 E281.64756
G1 X21.515 Y-21.514 Z50.57 E282.87604
G1 X23.277 Y-19.596 Z50.584 E284.10086
G1 X24.868 Y-17.533 Z50.598 E285.32603
G1 X26.282 Y-15.332 Z50.611 E286.55628
G1 X27.497 Y-13.028 Z50.625 E287.78121
G1 X28.511 Y-10.629 Z50.639 E289.00603
G1 X29.18 Y-8.568 Z50.65 E290.02504
G1 X29.733 Y-6.461 Z50.661 E291.04946
G1 X30.104 Y-4.323 Z50.673 E292.06992
G1 X30.35 Y-2.169 Z50.684 E293.08947
G1 X30.412 Y0.00 Z50.695 E294.1099
G1 X30.35 Y2.169 Z50.707 E295.13033
G1 X30.104 Y4.323 Z50.718 E296.14988
G1 X29.806 Y6.039 Z50.727 E296.96894
G1 X29.314 Y8.155 Z50.739 E297.99058
G1 X28.645 Y10.215 Z50.75 E299.00914
G1 X27.851 Y12.253 Z50.761 E300.03772
G1 X26.89 Y14.205 Z50.773 E301.06091
G1 X26.051 Y15.692 Z50.782 E301.86383
G1 X24.868 Y17.533 Z50.793 E302.89293
G1 X23.281 Y19.591 Z50.807 E304.11509
G1 X21.514 Y21.515 Z50.82 E305.34357
G1 X19.596 Y23.277 Z50.834 E306.56838
G1 X17.533 Y24.868 Z50.848 E307.79355
G1 X15.332 Y26.282 Z50.861 E309.02381
G1 X13.028 Y27.497 Z50.875 E310.24874
G1 X10.629 Y28.511 Z50.889 E311.47355
G1 X8.568 Y29.18 Z50.9 E312.49256
G1 X6.461 Y29.733 Z50.911 E313.51698
G1 X4.323 Y30.104 Z50.923 E314.53745
G1 X2.169 Y30.35 Z50.934 E315.55699
G1 X0.00 Y30.412 Z50.945 E316.57742
G1 X-2.169 Y30.35 Z50.957 E317.59786
G1 X-4.323 Y30.104 Z50.968 E318.61741
G1 X-6.039 Y29.806 Z50.977 E319.43647
G1 X-8.155 Y29.314 Z50.989 E320.45811
G1 X-10.215 Y28.645 Z51 E321.47667
G1 X-12.253 Y27.851 Z51.011 E322.50525
G1 X-14.205 Y26.89 Z51.023 E323.52843
G1 X-15.698 Y26.048 Z51.032 E324.3345
G1 X-17.533 Y24.868 Z51.043 E325.36047
G1 X-19.591 Y23.281 Z51.057 E326.58263
G1 X-21.515 Y21.514 Z51.07 E327.81111
G1 X-23.277 Y19.596 Z51.084 E329.03592
G1 X-24.868 Y17.533 Z51.098 E330.26109
G1 X-26.282 Y15.332 Z51.111 E331.49135
G1 X-27.497 Y13.028 Z51.125 E332.71628
G1 X-28.511 Y10.629 Z51.139 E333.94109
G1 X-29.18 Y8.568 Z51.15 E334.9601
G1 X-29.733 Y6.461 Z51.161 E335.98452
G1 X-30.104 Y4.323 Z51.173 E337.00499
G1 X-30.35 Y2.169 Z51.184 E338.02453
G1 X-30.412 Y0.00 Z51.195 E339.04496
G1 X-30.35 Y-2.169 Z51.207 E340.0654
G1 X-30.104 Y-4.323 Z51.218 E341.08494
G1 X-29.806 Y-6.039 Z51.227 E341.90401
G1 X-29.314 Y-8.155 Z51.239 E342.92565
G1 X-28.645 Y-10.215 Z51.25 E343.94421
G1 X-27.851 Y-12.253 Z51.261 E344.97279
G1 X-26.89 Y-14.205 Z51.273 E345.99597
G1 X-26.048 Y-15.698 Z51.282 E346.80204
G1 X-24.868 Y-17.533 Z51.293 E347.82801
G1 X-23.281 Y-19.591 Z51.307 E349.05017
G1 X-21.514 Y-21.515 Z51.32 E350.27865
G1 X-19.596 Y-23.277 Z51.334 E351.50346
G1 X-17.533 Y-24.868 Z51.348 E352.72863
G1 X-15.332 Y-26.282 Z51.361 E353.95888
G1 X-13.028 Y-27.497 Z51.375 E355.18382
G1 X-10.629 Y-28.511 Z51.389 E356.40863
G1 X-8.568 Y-29.18 Z51.4 E357.42764
G1 X-6.461 Y-29.733 Z51.411 E358.45206
G1 X-4.323 Y-30.104 Z51.423 E359.47253
G1 X-2.169 Y-30.35 Z51.434 E360.49207
G1 X0.00 Y-30.412 Z51.445 E361.5125
G1 X2.169 Y-30.35 Z51.457 E362.53294
G1 X4.323 Y-30.104 Z51.468 E363.55248
G1 X6.039 Y-29.806 Z51.477 E364.37155
G1 X8.155 Y-29.314 Z51.489 E365.39318
G1 X10.215 Y-28.645 Z51.5 E366.41175
;TIME_ELAPSED:366.835809
;LAYER:51
;note -- min layer time used
;TYPE:WALL-OUTER
;MESH:rouleau_cylindrical_vase_3mm_large_v1.stl
G1 F2287.9 X12.253 Y-27.851 Z51.511 E367.44032
G1 X14.205 Y-26.89 Z51.523 E368.46351
G1 X15.698 Y-26.048 Z51.532 E369.26958
G1 X17.533 Y-24.868 Z51.543 E370.29555
G1 X19.591 Y-23.281 Z51.557 E371.51771
G1 X21.515 Y-21.514 Z51.571 E372.74619
G1 X23.277 Y-19.596 Z51.584 E373.971
G1 X24.868 Y-17.533 Z51.598 E375.19617
G1 X26.282 Y-15.332 Z51.612 E376.42643
G1 X27.497 Y-13.028 Z51.625 E377.65135
G1 X28.511 Y-10.629 Z51.639 E378.87617
G1 X29.18 Y-8.568 Z51.65 E379.89518
G1 X29.733 Y-6.461 Z51.662 E380.9196
G1 X30.104 Y-4.323 Z51.673 E381.94006
G1 X30.35 Y-2.169 Z51.685 E382.95961
G1 X30.412 Y0.00 Z51.696 E383.98005
G1 X30.348 Y2.187 Z51.707 E385.00897
G1 X30.104 Y4.326 Z51.719 E386.0214
G1 X29.806 Y6.039 Z51.728 E386.83907
G1 X29.411 Y7.738 Z51.737 E387.65937
G1 X28.787 Y9.801 Z51.748 E388.67295
G1 X27.851 Y12.253 Z51.762 E389.90721
G1 X26.89 Y14.205 Z51.773 E390.93039
G1 X26.051 Y15.692 Z51.782 E391.73331
G1 X24.868 Y17.533 Z51.794 E392.76242
G1 X23.281 Y19.591 Z51.808 E393.98457
G1 X21.514 Y21.515 Z51.821 E395.21305
G1 X19.596 Y23.277 Z51.835 E396.43787
G1 X17.533 Y24.868 Z51.849 E397.66304
G1 X15.332 Y26.282 Z51.862 E398.89329
G1 X13.028 Y27.497 Z51.876 E400.11822
G1 X10.634 Y28.509 Z51.89 E401.34051
G1 X8.568 Y29.18 Z51.901 E402.36204
G1 X6.461 Y29.733 Z51.912 E403.38646
G1 X4.323 Y30.104 Z51.924 E404.40693
G1 X2.169 Y30.35 Z51.935 E405.42647
G1 X0.00 Y30.412 Z51.947 E406.44691
G1 X-2.187 Y30.348 Z51.958 E407.47583
G1 X-4.326 Y30.104 Z51.969 E408.48826
G1 X-6.039 Y29.806 Z51.978 E409.30593
G1 X-7.738 Y29.411 Z51.988 E410.12623
G1 X-9.802 Y28.792 Z51.999 E411.13958
G1 X-12.253 Y27.851 Z52.013 E412.37424
G1 X-14.205 Y26.89 Z52.024 E413.39743
G1 X-15.698 Y26.048 Z52.033 E414.2035
G1 X-17.533 Y24.868 Z52.044 E415.22947
G1 X-19.591 Y23.281 Z52.058 E416.45162
G1 X-21.515 Y21.514 Z52.072 E417.6801
G1 X-23.277 Y19.596 Z52.085 E418.90492
G1 X-24.868 Y17.533 Z52.099 E420.13008
G1 X-26.282 Y15.332 Z52.113 E421.36034
G1 X-27.497 Y13.028 Z52.127 E422.58527
G1 X-28.511 Y10.629 Z52.14 E423.81009
G1 X-29.18 Y8.568 Z52.152 E424.8291
G1 X-29.733 Y6.461 Z52.163 E425.85352
G1 X-30.104 Y4.323 Z52.174 E426.87398
G1 X-30.35 Y2.169 Z52.186 E427.89353
G1 X-30.412 Y0.00 Z52.197 E428.91396
G1 X-30.349 Y-2.188 Z52.209 E429.94334
G1 X-30.103 Y-4.326 Z52.22 E430.95541
G1 X-29.806 Y-6.039 Z52.229 E431.773
G1 X-29.411 Y-7.739 Z52.238 E432.59376
G1 X-28.798 Y-9.804 Z52.249 E433.60675
G1 X-27.851 Y-12.253 Z52.263 E434.84155
G1 X-26.89 Y-14.205 Z52.275 E435.86474
G1 X-26.048 Y-15.698 Z52.284 E436.67081
G1 X-24.868 Y-17.533 Z52.295 E437.69678
G1 X-23.281 Y-19.591 Z52.309 E438.91893
G1 X-21.514 Y-21.515 Z52.322 E440.14741
G1 X-19.596 Y-23.277 Z52.336 E441.37223
G1 X-17.533 Y-24.868 Z52.35 E442.59739
G1 X-15.332 Y-26.282 Z52.363 E443.82765
G1 X-13.028 Y-27.497 Z52.377 E445.05258
G1 X-10.629 Y-28.511 Z52.391 E446.2774
G1 X-8.568 Y-29.18 Z52.402 E447.29641
G1 X-6.461 Y-29.733 Z52.414 E448.32083
G1 X-4.323 Y-30.104 Z52.425 E449.34129
G1 X-2.169 Y-30.35 Z52.436 E450.36084
G1 X0.00 Y-30.412 Z52.448 E451.38127
G1 X2.188 Y-30.349 Z52.459 E452.41065
G1 X4.326 Y-30.103 Z52.47 E453.42272
G1 X6.039 Y-29.806 Z52.48 E454.24031
G1 X7.739 Y-29.411 Z52.489 E455.06107
G1 X9.806 Y-28.804 Z52.5 E456.07416
;TIME_ELAPSED:371.844794
;LAYER:52
;note -- min layer time used
;TYPE:WALL-OUTER
;MESH:rouleau_cylindrical_vase_3mm_large_v1.stl
G1 F2298.5 X12.253 Y-27.851 Z52.514 E457.30911
G1 X14.205 Y-26.89 Z52.525 E458.33229
G1 X15.698 Y-26.048 Z52.534 E459.13836
G1 X17.533 Y-24.868 Z52.545 E460.16433
G1 X19.591 Y-23.281 Z52.559 E461.38649
G1 X21.515 Y-21.514 Z52.573 E462.61497
G1 X23.277 Y-19.596 Z52.586 E463.83978
G1 X24.868 Y-17.533 Z52.6 E465.06495
G1 X26.282 Y-15.332 Z52.613 E466.2952
G1 X27.497 Y-13.028 Z52.627 E467.52013
G1 X28.511 Y-10.629 Z52.641 E468.74495
G1 X29.18 Y-8.568 Z52.652 E469.76396
G1 X29.733 Y-6.461 Z52.663 E470.78838
G1 X30.104 Y-4.323 Z52.675 E471.80884
G1 X30.35 Y-2.169 Z52.686 E472.82839
G1 X30.412 Y0.00 Z52.697 E473.84882
G1 X30.35 Y2.168 Z52.709 E474.86879
G1 X30.104 Y4.322 Z52.72 E475.88833
G1 X29.806 Y6.039 Z52.729 E476.70786
G1 X29.297 Y8.15 Z52.74 E477.72905
G1 X28.646 Y10.215 Z52.752 E478.74727
G1 X27.851 Y12.253 Z52.763 E479.77602
G1 X26.89 Y14.205 Z52.774 E480.7992
G1 X26.051 Y15.692 Z52.783 E481.60213
G1 X24.868 Y17.533 Z52.795 E482.63123
G1 X23.281 Y19.591 Z52.808 E483.85339
G1 X21.514 Y21.515 Z52.822 E485.08187
G1 X19.596 Y23.277 Z52.836 E486.30668
G1 X17.533 Y24.868 Z52.849 E487.53185
G1 X15.332 Y26.282 Z52.863 E488.76211
G1 X13.028 Y27.497 Z52.876 E489.98703
G1 X10.629 Y28.51 Z52.89 E491.21167
G1 X8.568 Y29.18 Z52.901 E492.23082
G1 X6.461 Y29.733 Z52.913 E493.25524
G1 X4.323 Y30.104 Z52.924 E494.27571
G1 X2.169 Y30.35 Z52.935 E495.29525
G1 X0.00 Y30.412 Z52.947 E496.31569
G1 X-2.168 Y30.35 Z52.958 E497.33565
G1 X-4.322 Y30.104 Z52.969 E498.3552
G1 X-6.039 Y29.806 Z52.978 E499.17472
G1 X-8.151 Y29.302 Z52.99 E500.19582
G1 X-10.215 Y28.645 Z53.001 E501.21445
G1 X-12.253 Y27.851 Z53.013 E502.24303
G1 X-14.205 Y26.89 Z53.024 E503.26621
G1 X-15.698 Y26.048 Z53.033 E504.07228
G1 X-17.533 Y24.868 Z53.044 E505.09825
G1 X-19.591 Y23.281 Z53.058 E506.32041
G1 X-21.515 Y21.514 Z53.071 E507.54889
G1 X-23.277 Y19.596 Z53.085 E508.7737
G1 X-24.868 Y17.533 Z53.099 E509.99887
G1 X-26.282 Y15.332 Z53.112 E511.22913
G1 X-27.497 Y13.028 Z53.126 E512.45406
G1 X-28.511 Y10.629 Z53.14 E513.67887
G1 X-29.18 Y8.568 Z53.151 E514.69788
G1 X-29.733 Y6.461 Z53.162 E515.7223
G1 X-30.104 Y4.323 Z53.174 E516.74277
G1 X-30.35 Y2.169 Z53.185 E517.76231
G1 X-30.412 Y0.00 Z53.196 E518.78274
G1 X-30.35 Y-2.169 Z53.208 E519.80318
G1 X-30.104 Y-4.323 Z53.219 E520.82272
G1 X-29.806 Y-6.039 Z53.228 E521.64179
G1 X-29.308 Y-8.153 Z53.239 E522.66315
G1 X-28.645 Y-10.215 Z53.251 E523.68174
G1 X-27.851 Y-12.253 Z53.262 E524.71032
G1 X-26.89 Y-14.205 Z53.273 E525.7335
G1 X-26.048 Y-15.698 Z53.282 E526.53958
G1 X-24.868 Y-17.533 Z53.294 E527.56555
G1 X-23.281 Y-19.591 Z53.307 E528.7877
G1 X-21.514 Y-21.515 Z53.321 E530.01618
G1 X-19.596 Y-23.277 Z53.334 E531.241
G1 X-17.533 Y-24.868 Z53.348 E532.46616
G1 X-15.332 Y-26.282 Z53.362 E533.69642
G1 X-13.028 Y-27.497 Z53.375 E534.92135
G1 X-10.629 Y-28.511 Z53.389 E536.14617
G1 X-8.568 Y-29.18 Z53.4 E537.16517
G1 X-6.461 Y-29.733 Z53.412 E538.18959
G1 X-4.323 Y-30.104 Z53.423 E539.21006
G1 X-2.169 Y-30.35 Z53.434 E540.2296
G1 X0.00 Y-30.412 Z53.446 E541.25004
G1 X2.169 Y-30.35 Z53.457 E542.27047
G1 X4.323 Y-30.104 Z53.468 E543.29002
G1 X6.039 Y-29.806 Z53.477 E544.10908
G1 X8.155 Y-29.314 Z53.489 E545.13072
G1 X10.215 Y-28.645 Z53.5 E546.14928
;TIME_ELAPSED:376.854377
;LAYER:53
;note -- min layer time used
;TYPE:WALL-OUTER
;MESH:rouleau_cylindrical_vase_3mm_large_v1.stl
G1 F2293.2 X12.253 Y-27.851 Z53.511 E547.17786
G1 X14.205 Y-26.89 Z53.523 E548.20104
G1 X15.698 Y-26.048 Z53.532 E549.00712
G1 X17.533 Y-24.868 Z53.543 E550.03308
G1 X19.591 Y-23.281 Z53.557 E551.25524
G1 X21.515 Y-21.514 Z53.57 E552.48372
G1 X23.277 Y-19.596 Z53.584 E553.70853
G1 X24.868 Y-17.533 Z53.598 E554.9337
G1 X26.282 Y-15.332 Z53.611 E556.16396
G1 X27.497 Y-13.028 Z53.625 E557.38889
G1 X28.511 Y-10.629 Z53.639 E558.6137
G1 X29.18 Y-8.568 Z53.65 E559.63271
G1 X29.733 Y-6.461 Z53.661 E560.65713
G1 X30.104 Y-4.323 Z53.673 E561.6776
G1 X30.35 Y-2.169 Z53.684 E562.69714
G1 X30.412 Y0.00 Z53.695 E563.71757
G1 X30.35 Y2.169 Z53.707 E564.73801
G1 X30.104 Y4.323 Z53.718 E565.75756
G1 X29.806 Y6.039 Z53.727 E566.57662
G1 X29.314 Y8.155 Z53.739 E567.59826
G1 X28.645 Y10.215 Z53.75 E568.61682
G1 X27.851 Y12.253 Z53.761 E569.6454
G1 X26.89 Y14.205 Z53.773 E570.66858
G1 X26.051 Y15.692 Z53.782 E571.4715
G1 X24.868 Y17.533 Z53.793 E572.50061
G1 X23.281 Y19.591 Z53.807 E573.72276
G1 X21.514 Y21.515 Z53.82 E574.95124
G1 X19.596 Y23.277 Z53.834 E576.17606
G1 X17.533 Y24.868 Z53.848 E577.40122
G1 X15.332 Y26.282 Z53.861 E578.63148
G1 X13.028 Y27.497 Z53.875 E579.85641
G1 X10.629 Y28.511 Z53.889 E581.08123
G1 X8.568 Y29.18 Z53.9 E582.10024
G1 X6.461 Y29.733 Z53.911 E583.12466
G1 X4.323 Y30.104 Z53.923 E584.14512
G1 X2.169 Y30.35 Z53.934 E585.16467
G1 X0.00 Y30.412 Z53.945 E586.1851
G1 X-2.169 Y30.35 Z53.957 E587.20553
G1 X-4.323 Y30.104 Z53.968 E588.22508
G1 X-6.039 Y29.806 Z53.977 E589.04414
G1 X-8.155 Y29.314 Z53.989 E590.06578
G1 X-10.215 Y28.645 Z54 E591.08434
G1 X-12.253 Y27.851 Z54.011 E592.11292
G1 X-14.205 Y26.89 Z54.023 E593.13611
G1 X-15.698 Y26.048 Z54.032 E593.94218
G1 X-17.533 Y24.868 Z54.043 E594.96815
G1 X-19.591 Y23.281 Z54.057 E596.1903
G1 X-21.515 Y21.514 Z54.07 E597.41878
G1 X-23.277 Y19.596 Z54.084 E598.6436
G1 X-24.868 Y17.533 Z54.098 E599.86876
G1 X-26.282 Y15.332 Z54.111 E601.09902
G1 X-27.497 Y13.028 Z54.125 E602.32395
G1 X-28.511 Y10.629 Z54.139 E603.54877
G1 X-29.18 Y8.568 Z54.15 E604.56778
G1 X-29.733 Y6.461 Z54.161 E605.5922
G1 X-30.104 Y4.323 Z54.173 E606.61266
G1 X-30.35 Y2.169 Z54.184 E607.63221
G1 X-30.412 Y0.00 Z54.195 E608.65264
G1 X-30.35 Y-2.169 Z54.207 E609.67307
G1 X-30.104 Y-4.323 Z54.218 E610.69262
G1 X-29.806 Y-6.039 Z54.227 E611.51168
G1 X-29.314 Y-8.155 Z54.239 E612.53332
G1 X-28.645 Y-10.215 Z54.25 E613.55188
G1 X-27.851 Y-12.253 Z54.261 E614.58046
G1 X-26.89 Y-14.205 Z54.273 E615.60365
G1 X-26.048 Y-15.698 Z54.282 E616.40972
G1 X-24.868 Y-17.533 Z54.293 E617.43569
G1 X-23.281 Y-19.591 Z54.307 E618.65784
G1 X-21.514 Y-21.515 Z54.32 E619.88632
G1 X-19.596 Y-23.277 Z54.334 E621.11114
G1 X-17.533 Y-24.868 Z54.348 E622.3363
G1 X-15.332 Y-26.282 Z54.361 E623.56656
G1 X-13.028 Y-27.497 Z54.375 E624.79149
G1 X-10.629 Y-28.511 Z54.389 E626.01631
G1 X-8.568 Y-29.18 Z54.4 E627.03532
G1 X-6.461 Y-29.733 Z54.411 E628.05973
G1 X-4.323 Y-30.104 Z54.423 E629.0802
G1 X-2.169 Y-30.35 Z54.434 E630.09975
G1 X0.00 Y-30.412 Z54.445 E631.12018
G1 X2.169 Y-30.35 Z54.457 E632.14061
G1 X4.323 Y-30.104 Z54.468 E633.16016
G1 X6.039 Y-29.806 Z54.477 E633.97922
G1 X8.155 Y-29.314 Z54.489 E635.00086
G1 X10.215 Y-28.645 Z54.5 E636.01942
;TIME_ELAPSED:381.863383
;LAYER:54
;note -- min layer time used
;TYPE:WALL-OUTER
;MESH:rouleau_cylindrical_vase_3mm_large_v1.stl
G1 F2287.4 X11.841 Y-28.012 Z54.509 E636.83998
G1 X13.407 Y-27.283 Z54.518 E637.65231
G1 X14.957 Y-26.466 Z54.527 E638.47629
G1 X16.431 Y-25.577 Z54.536 E639.28578
G1 X17.874 Y-24.605 Z54.546 E640.10398
G1 X19.251 Y-23.543 Z54.555 E640.92176
G1 X20.557 Y-22.395 Z54.564 E641.73948
G1 X22.101 Y-20.879 Z54.575 E642.75707
G1 X23.542 Y-19.252 Z54.587 E643.77915
G1 X24.604 Y-17.875 Z54.596 E644.59693
G1 X25.576 Y-16.433 Z54.605 E645.41473
G1 X26.683 Y-14.578 Z54.616 E646.43061
G1 X27.837 Y-12.231 Z54.63 E647.66054
G1 X28.782 Y-9.807 Z54.644 E648.88404
G1 X29.4 Y-7.737 Z54.655 E649.89995
G1 X29.806 Y-6.039 Z54.664 E650.72098
G1 X30.103 Y-4.324 Z54.673 E651.5395
G1 X30.35 Y-2.169 Z54.685 E652.55957
G1 X30.412 Y0.00 Z54.696 E653.58
G1 X30.363 Y1.738 Z54.705 E654.39766
G1 X30.159 Y3.89 Z54.716 E655.41421
G1 X29.807 Y6.038 Z54.728 E656.43783
G1 X29.411 Y7.739 Z54.737 E657.25915
G1 X28.787 Y9.798 Z54.748 E658.27093
G1 X28.013 Y11.841 Z54.76 E659.29833
G1 X27.286 Y13.409 Z54.769 E660.11111
G1 X26.469 Y14.959 Z54.778 E660.93509
G1 X25.579 Y16.433 Z54.787 E661.74483
G1 X24.605 Y17.874 Z54.796 E662.56277
G1 X23.543 Y19.252 Z54.805 E663.38092
G1 X22.397 Y20.559 Z54.814 E664.19837
G1 X20.884 Y22.106 Z54.826 E665.21599
G1 X19.252 Y23.543 Z54.837 E666.23858
G1 X17.875 Y24.605 Z54.846 E667.05636
G1 X16.434 Y25.58 Z54.855 E667.87456
G1 X14.581 Y26.689 Z54.867 E668.89012
G1 X12.234 Y27.844 Z54.88 E670.12025
G1 X9.809 Y28.788 Z54.894 E671.34402
G1 X7.738 Y29.404 Z54.905 E672.36012
G1 X6.039 Y29.806 Z54.915 E673.18117
G1 X4.324 Y30.103 Z54.924 E673.99969
G1 X2.169 Y30.351 Z54.935 E675.01981
G1 X0.00 Y30.413 Z54.946 E676.04024
G1 X-1.738 Y30.363 Z54.956 E676.85791
G1 X-3.89 Y30.166 Z54.967 E677.87417
G1 X-6.038 Y29.807 Z54.978 E678.89832
G1 X-7.739 Y29.411 Z54.988 E679.71964
G1 X-9.8 Y28.793 Z54.999 E680.7315
G1 X-11.842 Y28.013 Z55.01 E681.75946
G1 X-13.411 Y27.289 Z55.019 E682.57209
G1 X-14.961 Y26.472 Z55.029 E683.39607
G1 X-16.435 Y25.583 Z55.038 E684.20556
G1 X-17.875 Y24.606 Z55.047 E685.0239
G1 X-19.252 Y23.544 Z55.056 E685.84168
G1 X-20.562 Y22.4 Z55.065 E686.65958
G1 X-22.111 Y20.888 Z55.076 E687.67753
G1 X-23.543 Y19.252 Z55.088 E688.69999
G1 X-24.605 Y17.875 Z55.097 E689.51777
G1 X-25.583 Y16.436 Z55.106 E690.33599
G1 X-26.695 Y14.584 Z55.117 E691.35186
G1 X-27.85 Y12.236 Z55.131 E692.58242
G1 X-28.794 Y9.811 Z55.145 E693.80619
G1 X-29.407 Y7.739 Z55.156 E694.82234
G1 X-29.807 Y6.039 Z55.165 E695.64363
G1 X-30.104 Y4.324 Z55.174 E696.46215
G1 X-30.351 Y2.169 Z55.186 E697.48221
G1 X-30.413 Y0.00 Z55.197 E698.50265
G1 X-30.364 Y-1.739 Z55.206 E699.32077
G1 X-30.172 Y-3.891 Z55.218 E700.33681
G1 X-29.807 Y-6.039 Z55.229 E701.36143
G1 X-29.412 Y-7.74 Z55.238 E702.18265
G1 X-28.8 Y-9.803 Z55.249 E703.19461
G1 X-28.014 Y-11.842 Z55.261 E704.22226
G1 X-27.292 Y-13.412 Z55.27 E705.03492
G1 X-26.475 Y-14.962 Z55.279 E705.8589
G1 X-25.586 Y-16.437 Z55.288 E706.66879
G1 X-24.606 Y-17.875 Z55.297 E707.48715
G1 X-23.544 Y-19.253 Z55.306 E708.3053
G1 X-22.403 Y-20.565 Z55.316 E709.12298
G1 X-20.893 Y-22.116 Z55.327 E710.14095
G1 X-19.252 Y-23.544 Z55.338 E711.16395
G1 X-17.875 Y-24.606 Z55.347 E711.98173
G1 X-16.438 Y-25.586 Z55.357 E712.7997
G1 X-14.587 Y-26.701 Z55.368 E713.8159
G1 X-12.239 Y-27.856 Z55.382 E715.04645
G1 X-9.813 Y-28.8 Z55.395 E716.27066
G1 X-7.74 Y-29.411 Z55.407 E717.28699
G1 X-6.039 Y-29.807 Z55.416 E718.10831
G1 X-4.324 Y-30.104 Z55.425 E718.92683
G1 X-2.169 Y-30.352 Z55.436 E719.94695
G1 X0.00 Y-30.414 Z55.448 E720.96739
G1 X1.739 Y-30.364 Z55.457 E721.78552
G1 X3.892 Y-30.178 Z55.468 E722.80179
G1 X6.039 Y-29.807 Z55.48 E723.82642
G1 X7.74 Y-29.412 Z55.489 E724.64764
G1 X9.805 Y-28.806 Z55.5 E725.6597
;TIME_ELAPSED:386.872366
;LAYER:55
;note -- min layer time used
;TYPE:WALL-OUTER
;MESH:rouleau_cylindrical_vase_3mm_large_v1.stl
G1 F2293 X12.247 Y-27.829 Z55.514 E726.8966
G1 X14.193 Y-26.885 Z55.525 E727.91373
G1 X16.066 Y-25.815 Z55.536 E728.92815
G1 X17.877 Y-24.605 Z55.548 E729.95241
G1 X19.25 Y-23.546 Z55.557 E730.76784
G1 X20.567 Y-22.405 Z55.566 E731.5873
G1 X22.126 Y-20.888 Z55.577 E732.61026
G1 X23.545 Y-19.251 Z55.589 E733.62906
G1 X24.605 Y-17.878 Z55.598 E734.44477
G1 X25.816 Y-16.068 Z55.609 E735.46891
G1 X26.896 Y-14.2 Z55.62 E736.48363
G1 X27.663 Y-12.64 Z55.63 E737.30113
G1 X28.33 Y-11.035 Z55.639 E738.11849
G1 X29.052 Y-8.984 Z55.65 E739.14103
G1 X29.714 Y-6.459 Z55.664 E740.3686
G1 X30.105 Y-4.324 Z55.675 E741.38932
G1 X30.301 Y-2.615 Z55.684 E742.19828
G1 X30.392 Y-.861 Z55.693 E743.02425
G1 X30.393 Y0.86 Z55.702 E743.83358
G1 X30.293 Y2.613 Z55.711 E744.65931
G1 X30.106 Y4.323 Z55.72 E745.46826
G1 X29.809 Y6.038 Z55.73 E746.28678
G1 X29.414 Y7.739 Z55.739 E747.108
G1 X28.808 Y9.803 Z55.75 E748.11961
G1 X27.836 Y12.25 Z55.764 E749.35782
G1 X26.889 Y14.195 Z55.775 E750.37515
G1 X25.821 Y16.07 Z55.786 E751.38992
G1 X24.606 Y17.878 Z55.798 E752.41432
G1 X23.547 Y19.251 Z55.807 E753.22975
G1 X22.406 Y20.569 Z55.816 E754.04956
G1 X20.889 Y22.128 Z55.827 E755.07252
G1 X19.252 Y23.547 Z55.839 E756.09132
G1 X17.879 Y24.606 Z55.848 E756.90675
G1 X16.072 Y25.823 Z55.859 E757.93128
G1 X14.201 Y26.897 Z55.87 E758.94581
G1 X12.641 Y27.664 Z55.88 E759.76331
G1 X11.036 Y28.335 Z55.889 E760.5814
G1 X8.982 Y29.06 Z55.9 E761.60574
G1 X6.46 Y29.722 Z55.914 E762.83195
G1 X4.324 Y30.107 Z55.925 E763.85263
G1 X2.615 Y30.303 Z55.934 E764.66159
G1 X0.861 Y30.397 Z55.943 E765.48763
G1 X-.86 Y30.398 Z55.952 E766.29696
G1 X-2.614 Y30.297 Z55.961 E767.12318
G1 X-4.324 Y30.107 Z55.97 E767.93229
G1 X-6.039 Y29.81 Z55.98 E768.75081
G1 X-7.74 Y29.415 Z55.989 E769.57203
G1 X-9.804 Y28.81 Z56 E770.5835
G1 X-12.254 Y27.843 Z56.014 E771.82216
G1 X-14.198 Y26.893 Z56.025 E772.83969
G1 X-16.074 Y25.828 Z56.036 E773.85417
G1 X-17.88 Y24.608 Z56.048 E774.8791
G1 X-19.252 Y23.548 Z56.057 E775.69445
G1 X-20.57 Y22.407 Z56.066 E776.51426
G1 X-22.129 Y20.89 Z56.077 E777.53722
G1 X-23.548 Y19.253 Z56.089 E778.55602
G1 X-24.608 Y17.88 Z56.098 E779.37173
G1 X-25.829 Y16.076 Z56.109 E780.39615
G1 X-26.899 Y14.201 Z56.12 E781.41138
G1 X-27.666 Y12.641 Z56.13 E782.22888
G1 X-28.339 Y11.038 Z56.139 E783.04647
G1 X-29.067 Y8.988 Z56.15 E784.06951
G1 X-29.73 Y6.462 Z56.164 E785.29765
G1 X-30.108 Y4.325 Z56.175 E786.31821
G1 X-30.305 Y2.615 Z56.184 E787.1277
G1 X-30.401 Y0.861 Z56.193 E787.95378
G1 X-30.402 Y-.861 Z56.202 E788.76359
G1 X-30.302 Y-2.614 Z56.211 E789.58931
G1 X-30.109 Y-4.324 Z56.22 E790.39858
G1 X-29.812 Y-6.039 Z56.23 E791.2171
G1 X-29.417 Y-7.74 Z56.239 E792.03832
G1 X-28.811 Y-9.804 Z56.25 E793.04992
G1 X-27.85 Y-12.257 Z56.264 E794.28887
G1 X-26.897 Y-14.2 Z56.275 E795.30659
G1 X-25.834 Y-16.078 Z56.286 E796.32142
G1 X-24.609 Y-17.881 Z56.298 E797.34651
G1 X-23.549 Y-19.253 Z56.307 E798.16185
G1 X-22.408 Y-20.571 Z56.316 E798.98166
G1 X-20.891 Y-22.131 Z56.327 E800.00496
G1 X-19.254 Y-23.549 Z56.339 E801.02345
G1 X-17.881 Y-24.609 Z56.348 E801.83917
G1 X-16.08 Y-25.836 Z56.359 E802.864
G1 X-14.202 Y-26.9 Z56.37 E803.87907
G1 X-12.642 Y-27.667 Z56.38 E804.69657
G1 X-11.039 Y-28.343 Z56.389 E805.5147
G1 X-8.99 Y-29.074 Z56.4 E806.53777
G1 X-6.463 Y-29.737 Z56.414 E807.76636
G1 X-4.325 Y-30.11 Z56.425 E808.78699
G1 X-2.615 Y-30.307 Z56.434 E809.59647
G1 X-.861 Y-30.406 Z56.443 E810.42263
G1 X0.861 Y-30.406 Z56.452 E811.23244
G1 X2.615 Y-30.306 Z56.461 E812.05863
G1 X4.325 Y-30.11 Z56.47 E812.86806
G1 X6.04 Y-29.813 Z56.48 E813.68658
G1 X7.741 Y-29.418 Z56.489 E814.50779
G1 X9.805 Y-28.813 Z56.5 E815.51927
;TIME_ELAPSED:391.881926
;LAYER:56
;note -- min layer time used
;TYPE:WALL-OUTER
;MESH:rouleau_cylindrical_vase_3mm_large_v1.stl
G1 F2283.6 X11.029 Y-28.336 Z56.507 E816.13705
G1 X12.642 Y-27.669 Z56.516 E816.95789
G1 X14.194 Y-26.905 Z56.525 E817.77139
G1 X16.087 Y-25.837 Z56.537 E818.79352
G1 X17.879 Y-24.612 Z56.548 E819.81433
G1 X19.257 Y-23.549 Z56.557 E820.63277
G1 X20.573 Y-22.41 Z56.566 E821.45125
G1 X22.127 Y-20.899 Z56.578 E822.47056
G1 X23.548 Y-19.258 Z56.589 E823.4914
G1 X24.612 Y-17.88 Z56.598 E824.31012
G1 X25.837 Y-16.089 Z56.61 E825.33055
G1 X26.905 Y-14.196 Z56.621 E826.35268
G1 X27.669 Y-12.643 Z56.63 E827.1666
G1 X28.349 Y-11.035 Z56.639 E827.98763
G1 X28.936 Y-9.392 Z56.648 E828.80811
G1 X29.526 Y-7.303 Z56.66 E829.82894
G1 X29.964 Y-5.192 Z56.671 E830.84282
G1 X30.212 Y-3.472 Z56.68 E831.66005
G1 X30.362 Y-1.721 Z56.69 E832.48651
G1 X30.412 Y0.00 Z56.699 E833.29619
G1 X30.363 Y1.72 Z56.708 E834.10538
G1 X30.214 Y3.472 Z56.717 E834.93227
G1 X29.966 Y5.191 Z56.726 E835.74904
G1 X29.624 Y6.879 Z56.735 E836.55898
G1 X29.059 Y8.998 Z56.747 E837.5903
G1 X28.342 Y11.031 Z56.758 E838.60408
G1 X27.671 Y12.643 Z56.767 E839.4252
G1 X26.908 Y14.196 Z56.776 E840.23892
G1 X25.839 Y16.089 Z56.788 E841.26128
G1 X24.614 Y17.881 Z56.799 E842.28209
G1 X23.551 Y19.259 Z56.808 E843.10053
G1 X22.412 Y20.575 Z56.817 E843.91901
G1 X20.901 Y22.129 Z56.829 E844.93832
G1 X19.26 Y23.55 Z56.84 E845.95916
G1 X17.882 Y24.614 Z56.849 E846.77789
G1 X16.09 Y25.839 Z56.861 E847.7987
G1 X14.197 Y26.908 Z56.872 E848.82106
G1 X12.644 Y27.672 Z56.881 E849.63498
G1 X11.036 Y28.351 Z56.89 E850.45583
G1 X9.393 Y28.938 Z56.9 E851.27631
G1 X7.306 Y29.535 Z56.911 E852.29713
G1 X5.193 Y29.97 Z56.922 E853.31165
G1 X3.473 Y30.218 Z56.931 E854.12888
G1 X1.721 Y30.368 Z56.941 E854.95581
G1 X0.00 Y30.418 Z56.95 E855.76549
G1 X-1.721 Y30.369 Z56.959 E856.57515
G1 X-3.472 Y30.219 Z56.968 E857.40161
G1 X-5.192 Y29.972 Z56.977 E858.21877
G1 X-6.881 Y29.63 Z56.986 E859.02918
G1 X-9.001 Y29.067 Z56.998 E860.06071
G1 X-11.034 Y28.347 Z57.009 E861.07496
G1 X-12.645 Y27.674 Z57.018 E861.89601
G1 X-14.197 Y26.91 Z57.027 E862.70951
G1 X-16.091 Y25.841 Z57.039 E863.73228
G1 X-17.882 Y24.616 Z57.05 E864.75271
G1 X-19.261 Y23.553 Z57.059 E865.57152
G1 X-20.577 Y22.414 Z57.068 E866.39
G1 X-22.131 Y20.903 Z57.08 E867.40931
G1 X-23.553 Y19.262 Z57.091 E868.43045
G1 X-24.616 Y17.883 Z57.1 E869.24927
G1 X-25.842 Y16.092 Z57.112 E870.26996
G1 X-26.911 Y14.198 Z57.123 E871.29272
G1 X-27.674 Y12.645 Z57.132 E872.10644
G1 X-28.354 Y11.037 Z57.141 E872.92747
G1 X-28.941 Y9.394 Z57.151 E873.74796
G1 X-29.544 Y7.308 Z57.162 E874.76911
G1 X-29.976 Y5.194 Z57.173 E875.7838
G1 X-30.224 Y3.473 Z57.183 E876.6015
G1 X-30.374 Y1.722 Z57.192 E877.42796
G1 X-30.424 Y0.00 Z57.201 E878.2381
G1 X-30.375 Y-1.721 Z57.21 E879.04777
G1 X-30.225 Y-3.473 Z57.219 E879.8747
G1 X-29.978 Y-5.194 Z57.228 E880.69232
G1 X-29.636 Y-6.882 Z57.237 E881.50227
G1 X-29.076 Y-9.003 Z57.249 E882.53389
G1 X-28.353 Y-11.036 Z57.26 E883.54861
G1 X-27.676 Y-12.646 Z57.269 E884.36996
G1 X-26.913 Y-14.199 Z57.278 E885.18367
G1 X-25.843 Y-16.093 Z57.29 E886.20668
G1 X-24.618 Y-17.884 Z57.301 E887.2271
G1 X-23.555 Y-19.263 Z57.31 E888.04591
G1 X-22.416 Y-20.579 Z57.32 E888.8644
G1 X-20.905 Y-22.133 Z57.331 E889.8837
G1 X-19.264 Y-23.555 Z57.342 E890.90485
G1 X-17.884 Y-24.619 Z57.352 E891.72432
G1 X-16.093 Y-25.844 Z57.363 E892.74474
G1 X-14.199 Y-26.914 Z57.374 E893.76774
G1 X-12.646 Y-27.677 Z57.383 E894.58146
G1 X-11.038 Y-28.357 Z57.393 E895.40249
G1 X-9.395 Y-28.944 Z57.402 E896.22298
G1 X-7.31 Y-29.553 Z57.413 E897.24446
G1 X-5.195 Y-29.982 Z57.425 E898.25934
G1 X-3.474 Y-30.229 Z57.434 E899.07697
G1 X-1.722 Y-30.381 Z57.443 E899.90397
G1 X0.00 Y-30.43 Z57.452 E900.71411
G1 X1.722 Y-30.381 Z57.461 E901.52424
G1 X3.474 Y-30.23 Z57.47 E902.35121
G1 X5.195 Y-29.984 Z57.479 E903.16877
G1 X6.884 Y-29.642 Z57.488 E903.97918
G1 X9.006 Y-29.084 Z57.5 E905.01102
;TIME_ELAPSED:396.891448
;LAYER:57
;note -- min layer time used
;TYPE:WALL-OUTER
;MESH:rouleau_cylindrical_vase_3mm_large_v1.stl
G1 F2289.2 X10.229 Y-28.647 Z57.507 E905.62177
G1 X12.24 Y-27.851 Z57.518 E906.63887
G1 X14.587 Y-26.698 Z57.532 E907.86859
G1 X16.803 Y-25.363 Z57.545 E909.08521
G1 X18.926 Y-23.822 Z57.559 E910.31888
G1 X20.58 Y-22.42 Z57.571 E911.33855
G1 X22.135 Y-20.909 Z57.582 E912.35819
G1 X23.561 Y-19.262 Z57.593 E913.3827
G1 X24.08 Y-18.591 Z57.598 E913.78163
G1 X25.364 Y-16.806 Z57.609 E914.81568
G1 X26.485 Y-14.968 Z57.621 E915.82811
G1 X27.307 Y-13.412 Z57.63 E916.65568
G1 X28.018 Y-11.853 Z57.639 E917.46148
G1 X28.65 Y-10.231 Z57.648 E918.28012
G1 X29.193 Y-8.566 Z57.657 E919.1037
G1 X29.736 Y-6.455 Z57.669 E920.12876
G1 X30.114 Y-4.327 Z57.68 E921.14516
G1 X30.311 Y-2.616 Z57.689 E921.95511
G1 X30.427 Y-.427 Z57.7 E922.98598
G1 X30.385 Y1.74 Z57.712 E924.00524
G1 X30.182 Y3.892 Z57.723 E925.02176
G1 X29.74 Y6.456 Z57.737 E926.24532
G1 X29.204 Y8.569 Z57.748 E927.27047
G1 X28.654 Y10.232 Z57.757 E928.09419
G1 X27.861 Y12.245 Z57.769 E929.11165
G1 X26.708 Y14.592 Z57.782 E930.34137
G1 X25.371 Y16.809 Z57.796 E931.55888
G1 X23.83 Y18.932 Z57.81 E932.79255
G1 X22.423 Y20.583 Z57.821 E933.81266
G1 X20.912 Y22.138 Z57.832 E934.83231
G1 X19.265 Y23.565 Z57.844 E935.85712
G1 X18.595 Y24.087 Z57.848 E936.25654
G1 X16.812 Y25.373 Z57.86 E937.29038
G1 X14.972 Y26.492 Z57.871 E938.30313
G1 X13.415 Y27.314 Z57.88 E939.13111
G1 X11.856 Y28.026 Z57.889 E939.93711
G1 X10.234 Y28.658 Z57.898 E940.75574
G1 X8.568 Y29.2 Z57.908 E941.57963
G1 X6.457 Y29.747 Z57.919 E942.60516
G1 X4.328 Y30.122 Z57.93 E943.62178
G1 X2.617 Y30.319 Z57.939 E944.43173
G1 X0.863 Y30.42 Z57.949 E945.25795
G1 X-.862 Y30.421 Z57.958 E946.06916
G1 X-2.616 Y30.32 Z57.967 E946.89538
G1 X-4.327 Y30.124 Z57.976 E947.70528
G1 X-6.457 Y29.75 Z57.987 E948.72228
G1 X-8.57 Y29.209 Z57.999 E949.74801
G1 X-10.235 Y28.662 Z58.008 E950.57219
G1 X-12.249 Y27.871 Z58.019 E951.58974
G1 X-14.598 Y26.717 Z58.033 E952.82051
G1 X-16.816 Y25.38 Z58.047 E954.03842
G1 X-18.939 Y23.838 Z58.06 E955.27237
G1 X-20.586 Y22.426 Z58.072 E956.29258
G1 X-22.141 Y20.915 Z58.083 E957.31222
G1 X-23.569 Y19.268 Z58.094 E958.33735
G1 X-24.093 Y18.6 Z58.099 E958.73661
G1 X-25.382 Y16.818 Z58.11 E959.77089
G1 X-26.499 Y14.975 Z58.122 E960.78435
G1 X-27.321 Y13.418 Z58.131 E961.61234
G1 X-28.033 Y11.859 Z58.14 E962.41833
G1 X-28.665 Y10.236 Z58.149 E963.23741
G1 X-29.208 Y8.57 Z58.158 E964.06144
G1 X-29.758 Y6.459 Z58.17 E965.08732
G1 X-30.13 Y4.329 Z58.181 E966.10416
G1 X-30.327 Y2.617 Z58.19 E966.91458
G1 X-30.428 Y0.863 Z58.199 E967.7408
G1 X-30.428 Y-.863 Z58.208 E968.55248
G1 X-30.328 Y-2.617 Z58.217 E969.37868
G1 X-30.132 Y-4.329 Z58.227 E970.18904
G1 X-29.761 Y-6.46 Z58.238 E971.20626
G1 X-29.213 Y-8.572 Z58.249 E972.23236
G1 X-28.669 Y-10.237 Z58.258 E973.05609
G1 X-27.882 Y-12.254 Z58.27 E974.07428
G1 X-26.727 Y-14.603 Z58.284 E975.30526
G1 X-25.389 Y-16.822 Z58.297 E976.52381
G1 X-23.847 Y-18.946 Z58.311 E977.75814
G1 X-22.43 Y-20.589 Z58.322 E978.77845
G1 X-20.918 Y-22.144 Z58.334 E979.79843
G1 X-19.27 Y-23.573 Z58.345 E980.82422
G1 X-18.604 Y-24.099 Z58.35 E981.22332
G1 X-16.824 Y-25.391 Z58.361 E982.25766
G1 X-14.979 Y-26.506 Z58.372 E983.27145
G1 X-13.421 Y-27.328 Z58.382 E984.09985
G1 X-11.862 Y-28.041 Z58.391 E984.90604
G1 X-10.239 Y-28.673 Z58.4 E985.72511
G1 X-8.572 Y-29.215 Z58.409 E986.54945
G1 X-6.461 Y-29.769 Z58.42 E987.57581
G1 X-4.33 Y-30.138 Z58.432 E988.59287
G1 X-2.618 Y-30.335 Z58.441 E989.40328
G1 X-.863 Y-30.435 Z58.45 E990.22995
G1 X0.863 Y-30.436 Z58.459 E991.04163
G1 X2.618 Y-30.336 Z58.468 E991.8683
G1 X4.33 Y-30.139 Z58.477 E992.67871
G1 X6.462 Y-29.772 Z58.489 E993.69608
G1 X8.573 Y-29.218 Z58.5 E994.72243
;TIME_ELAPSED:401.900993
;LAYER:58
;note -- min layer time used
;TYPE:WALL-OUTER
;MESH:rouleau_cylindrical_vase_3mm_large_v1.stl
G1 F2296.7 X10.225 Y-28.681 Z58.509 E995.53933
G1 X11.863 Y-28.045 Z58.518 E996.36566
G1 X13.418 Y-27.322 Z58.527 E997.17211
G1 X14.975 Y-26.514 Z58.536 E997.99705
G1 X16.465 Y-25.616 Z58.545 E998.81517
G1 X17.889 Y-24.628 Z58.555 E999.63023
G1 X19.276 Y-23.573 Z58.564 E1000.44975
G1 X20.592 Y-22.433 Z58.573 E1001.26854
G1 X22.158 Y-20.91 Z58.584 E1002.29582
G1 X23.56 Y-19.294 Z58.595 E1003.30192
G1 X24.113 Y-18.598 Z58.6 E1003.71997
G1 X25.399 Y-16.828 Z58.611 E1004.74885
G1 X26.515 Y-14.978 Z58.623 E1005.76489
G1 X27.334 Y-13.425 Z58.632 E1006.59056
G1 X28.047 Y-11.864 Z58.641 E1007.3976
G1 X28.684 Y-10.227 Z58.65 E1008.22366
G1 X29.335 Y-8.159 Z58.661 E1009.24323
G1 X29.846 Y-6.053 Z58.673 E1010.26236
G1 X30.145 Y-4.331 Z58.682 E1011.08428
G1 X30.372 Y-2.172 Z58.693 E1012.10519
G1 X30.455 Y-0.001 Z58.704 E1013.12689
G1 X30.406 Y1.718 Z58.713 E1013.93561
G1 X30.257 Y3.475 Z58.723 E1014.76485
G1 X29.999 Y5.199 Z58.732 E1015.58462
G1 X29.666 Y6.893 Z58.741 E1016.39651
G1 X29.22 Y8.59 Z58.75 E1017.22166
G1 X28.687 Y10.227 Z58.759 E1018.03127
G1 X28.051 Y11.865 Z58.768 E1018.8576
G1 X27.33 Y13.423 Z58.777 E1019.66493
G1 X26.519 Y14.979 Z58.786 E1020.4901
G1 X25.621 Y16.468 Z58.795 E1021.30782
G1 X24.635 Y17.895 Z58.804 E1022.1235
G1 X23.578 Y19.28 Z58.814 E1022.94284
G1 X22.438 Y20.596 Z58.823 E1023.76163
G1 X20.914 Y22.163 Z58.834 E1024.78958
G1 X19.291 Y23.571 Z58.845 E1025.80002
G1 X18.601 Y24.118 Z58.85 E1026.2141
G1 X16.831 Y25.404 Z58.861 E1027.24298
G1 X14.981 Y26.52 Z58.873 E1028.25902
G1 X13.428 Y27.339 Z58.882 E1029.08469
G1 X11.867 Y28.053 Z58.891 E1029.89193
G1 X10.229 Y28.69 Z58.9 E1030.71843
G1 X8.162 Y29.347 Z58.911 E1031.7384
G1 X6.054 Y29.853 Z58.923 E1032.75789
G1 X4.331 Y30.151 Z58.932 E1033.58019
G1 X2.173 Y30.385 Z58.943 E1034.60099
G1 X0.00 Y30.454 Z58.954 E1035.6234
G1 X-1.724 Y30.406 Z58.963 E1036.43446
G1 X-3.474 Y30.256 Z58.973 E1037.26045
G1 X-5.2 Y30.008 Z58.982 E1038.08047
G1 X-6.894 Y29.671 Z58.991 E1038.89272
G1 X-8.592 Y29.226 Z59 E1039.71821
G1 X-10.229 Y28.693 Z59.009 E1040.52782
G1 X-11.868 Y28.056 Z59.018 E1041.35476
G1 X-13.427 Y27.338 Z59.027 E1042.16192
G1 X-14.982 Y26.524 Z59.036 E1042.98733
G1 X-16.472 Y25.626 Z59.045 E1043.80545
G1 X-17.9 Y24.642 Z59.054 E1044.62099
G1 X-19.285 Y23.583 Z59.064 E1045.4409
G1 X-20.601 Y22.442 Z59.073 E1046.26
G1 X-22.168 Y20.918 Z59.084 E1047.28795
G1 X-23.575 Y19.295 Z59.095 E1048.29808
G1 X-24.124 Y18.605 Z59.1 E1048.71274
G1 X-25.41 Y16.834 Z59.111 E1049.74201
G1 X-26.525 Y14.984 Z59.123 E1050.7578
G1 X-27.345 Y13.431 Z59.132 E1051.58369
G1 X-28.059 Y11.869 Z59.141 E1052.39136
G1 X-28.696 Y10.231 Z59.15 E1053.21786
G1 X-29.359 Y8.165 Z59.161 E1054.23824
G1 X-29.859 Y6.055 Z59.173 E1055.25799
G1 X-30.157 Y4.332 Z59.182 E1056.08029
G1 X-30.397 Y2.173 Z59.193 E1057.10186
G1 X-30.464 Y0.00 Z59.204 E1058.12424
G1 X-30.415 Y-1.725 Z59.213 E1058.93578
G1 X-30.265 Y-3.476 Z59.223 E1059.76225
G1 X-30.017 Y-5.202 Z59.232 E1060.58227
G1 X-29.677 Y-6.896 Z59.241 E1061.39479
G1 X-29.231 Y-8.594 Z59.25 E1062.2204
G1 X-28.699 Y-10.231 Z59.259 E1063.02986
G1 X-28.062 Y-11.87 Z59.268 E1063.8568
G1 X-27.346 Y-13.431 Z59.277 E1064.66443
G1 X-26.529 Y-14.985 Z59.286 E1065.49008
G1 X-25.632 Y-16.475 Z59.295 E1066.30796
G1 X-24.649 Y-17.906 Z59.304 E1067.12439
G1 X-23.587 Y-19.289 Z59.314 E1067.94441
G1 X-22.447 Y-20.605 Z59.323 E1068.7632
G1 X-20.922 Y-22.173 Z59.334 E1069.79182
G1 X-19.299 Y-23.58 Z59.345 E1070.80195
G1 X-18.609 Y-24.129 Z59.35 E1071.21661
G1 X-16.837 Y-25.416 Z59.361 E1072.24653
G1 X-14.987 Y-26.53 Z59.373 E1073.26209
G1 X-13.434 Y-27.35 Z59.382 E1074.08797
G1 X-11.871 Y-28.064 Z59.391 E1074.89607
G1 X-10.232 Y-28.702 Z59.4 E1075.72318
G1 X-8.168 Y-29.372 Z59.411 E1076.74367
G1 X-6.056 Y-29.865 Z59.423 E1077.76359
G1 X-4.333 Y-30.163 Z59.432 E1078.58589
G1 X-2.174 Y-30.41 Z59.443 E1079.60783
G1 X0.00 Y-30.473 Z59.454 E1080.63062
G1 X1.726 Y-30.425 Z59.463 E1081.44262
G1 X3.477 Y-30.274 Z59.473 E1082.26912
G1 X5.204 Y-30.026 Z59.482 E1083.08961
G1 X6.898 Y-29.683 Z59.491 E1083.90242
G1 X8.596 Y-29.237 Z59.5 E1084.72802
;TIME_ELAPSED:406.910014
;LAYER:59
;note -- min layer time used
;TYPE:WALL-OUTER
;MESH:rouleau_cylindrical_vase_3mm_large_v1.stl
G1 F2303.5 X11.459 Y-28.229 Z59.516 E1086.15542
G1 X13.843 Y-27.139 Z59.529 E1087.38816
G1 X15.728 Y-26.091 Z59.541 E1088.40242
G1 X17.191 Y-25.15 Z59.55 E1089.22045
G1 X18.609 Y-24.12 Z59.559 E1090.04465
G1 X19.947 Y-23.027 Z59.568 E1090.85713
G1 X21.229 Y-21.85 Z59.577 E1091.67557
G1 X22.745 Y-20.276 Z59.588 E1092.70327
G1 X24.134 Y-18.613 Z59.6 E1093.72224
G1 X24.645 Y-17.913 Z59.604 E1094.12981
G1 X25.874 Y-16.095 Z59.616 E1095.16179
G1 X27.15 Y-13.834 Z59.629 E1096.38271
G1 X28.073 Y-11.868 Z59.64 E1097.40408
G1 X28.387 Y-11.068 Z59.645 E1097.80824
G1 X29.113 Y-9.005 Z59.656 E1098.83673
G1 X29.679 Y-6.894 Z59.668 E1099.86453
G1 X30.022 Y-5.201 Z59.677 E1100.67688
G1 X30.271 Y-3.48 Z59.686 E1101.49464
G1 X30.431 Y-1.727 Z59.695 E1102.32245
G1 X30.481 Y0.00 Z59.704 E1103.13494
G1 X30.432 Y1.725 Z59.713 E1103.94649
G1 X30.282 Y3.479 Z59.722 E1104.77435
G1 X30.035 Y5.203 Z59.731 E1105.59338
G1 X29.691 Y6.896 Z59.74 E1106.40581
G1 X29.118 Y9.009 Z59.752 E1107.43538
G1 X28.242 Y11.465 Z59.765 E1108.66164
G1 X27.158 Y13.84 Z59.779 E1109.88937
G1 X26.1 Y15.734 Z59.79 E1110.9096
G1 X25.158 Y17.197 Z59.799 E1111.72789
G1 X24.129 Y18.616 Z59.808 E1112.55219
G1 X23.035 Y19.954 Z59.817 E1113.36497
G1 X21.858 Y21.237 Z59.826 E1114.18375
G1 X20.286 Y22.756 Z59.838 E1115.21176
G1 X18.618 Y24.14 Z59.849 E1116.23103
G1 X17.919 Y24.653 Z59.853 E1116.63878
G1 X16.103 Y25.886 Z59.865 E1117.67103
G1 X13.841 Y27.163 Z59.878 E1118.89259
G1 X11.87 Y28.081 Z59.89 E1119.9151
G1 X11.072 Y28.397 Z59.894 E1120.31873
G1 X9.008 Y29.126 Z59.906 E1121.34813
G1 X6.896 Y29.69 Z59.917 E1122.37615
G1 X5.203 Y30.033 Z59.926 E1123.18849
G1 X3.481 Y30.281 Z59.935 E1124.00665
G1 X1.727 Y30.439 Z59.944 E1124.83484
G1 X0.00 Y30.489 Z59.953 E1125.64734
G1 X-1.726 Y30.44 Z59.962 E1126.45935
G1 X-3.48 Y30.289 Z59.971 E1127.28726
G1 X-5.204 Y30.042 Z59.981 E1128.10629
G1 X-6.897 Y29.699 Z59.99 E1128.91863
G1 X-9.014 Y29.131 Z60.001 E1129.9494
G1 X-11.47 Y28.255 Z60.015 E1131.17565
G1 X-13.856 Y27.164 Z60.028 E1132.40945
G1 X-15.739 Y26.109 Z60.039 E1133.42449
G1 X-17.204 Y25.167 Z60.049 E1134.24357
G1 X-18.623 Y24.138 Z60.058 E1135.06787
G1 X-19.961 Y23.044 Z60.067 E1135.88065
G1 X-21.245 Y21.866 Z60.076 E1136.7001
G1 X-22.766 Y20.295 Z60.087 E1137.72842
G1 X-24.146 Y18.624 Z60.098 E1138.74757
G1 X-24.662 Y17.925 Z60.103 E1139.15616
G1 X-25.898 Y16.11 Z60.114 E1140.18882
G1 X-27.175 Y13.847 Z60.128 E1141.41079
G1 X-28.088 Y11.873 Z60.139 E1142.43358
G1 X-28.407 Y11.076 Z60.144 E1142.8373
G1 X-29.139 Y9.012 Z60.155 E1143.86717
G1 X-29.7 Y6.898 Z60.167 E1144.89573
G1 X-30.043 Y5.205 Z60.176 E1145.70808
G1 X-30.292 Y3.482 Z60.185 E1146.52677
G1 X-30.447 Y1.727 Z60.194 E1147.35531
G1 X-30.496 Y0.00 Z60.203 E1148.16779
G1 X-30.447 Y-1.727 Z60.212 E1148.98027
G1 X-30.297 Y-3.482 Z60.221 E1149.80861
G1 X-30.049 Y-5.206 Z60.23 E1150.6277
G1 X-29.706 Y-6.899 Z60.239 E1151.44004
G1 X-29.143 Y-9.018 Z60.25 E1152.47112
G1 X-28.268 Y-11.475 Z60.264 E1153.69765
G1 X-27.183 Y-13.853 Z60.278 E1154.92686
G1 X-26.118 Y-15.745 Z60.289 E1155.94789
G1 X-25.176 Y-17.21 Z60.298 E1156.76697
G1 X-24.146 Y-18.63 Z60.307 E1157.59193
G1 X-23.052 Y-19.969 Z60.316 E1158.40507
G1 X-21.874 Y-21.253 Z60.325 E1159.22452
G1 X-20.304 Y-22.777 Z60.337 E1160.25348
G1 X-18.629 Y-24.152 Z60.348 E1161.2726
G1 X-17.931 Y-24.671 Z60.352 E1161.68164
G1 X-16.117 Y-25.91 Z60.364 E1162.71471
G1 X-13.854 Y-27.188 Z60.377 E1163.93691
G1 X-11.876 Y-28.096 Z60.389 E1164.96043
G1 X-11.079 Y-28.418 Z60.393 E1165.36467
G1 X-9.016 Y-29.152 Z60.405 E1166.39442
G1 X-6.9 Y-29.71 Z60.416 E1167.42353
G1 X-5.206 Y-30.054 Z60.425 E1168.23642
G1 X-3.483 Y-30.302 Z60.434 E1169.05505
G1 X-1.727 Y-30.454 Z60.443 E1169.88393
G1 X0.00 Y-30.504 Z60.452 E1170.69643
G1 X1.727 Y-30.455 Z60.461 E1171.50891
G1 X3.483 Y-30.304 Z60.47 E1172.33775
G1 X5.207 Y-30.056 Z60.48 E1173.15685
G1 X6.901 Y-29.714 Z60.489 E1173.96956
G1 X9.022 Y-29.156 Z60.5 E1175.00094
;TIME_ELAPSED:411.919617
;LAYER:60
;note -- min layer time used
;TYPE:WALL-OUTER
;MESH:rouleau_cylindrical_vase_3mm_large_v1.stl
G1 F2311.3 X12.278 Y-27.917 Z60.518 E1176.63925
G1 X14.242 Y-26.979 Z60.529 E1177.6628
G1 X15.751 Y-26.127 Z60.538 E1178.47773
G1 X17.575 Y-24.926 Z60.55 E1179.50475
G1 X19.648 Y-23.33 Z60.563 E1180.73508
G1 X21.566 Y-21.568 Z60.577 E1181.95989
G1 X23.332 Y-19.647 Z60.59 E1183.18702
G1 X24.927 Y-17.58 Z60.604 E1184.41482
G1 X26.131 Y-15.749 Z60.615 E1185.44536
G1 X26.981 Y-14.244 Z60.624 E1186.2582
G1 X27.923 Y-12.283 Z60.636 E1187.28128
G1 X28.877 Y-9.83 Z60.649 E1188.51903
G1 X29.495 Y-7.763 Z60.66 E1189.53359
G1 X29.893 Y-6.058 Z60.67 E1190.35696
G1 X30.254 Y-3.91 Z60.681 E1191.38127
G1 X30.461 Y-1.743 Z60.692 E1192.40498
G1 X30.513 Y0.00 Z60.701 E1193.22502
G1 X30.463 Y1.742 Z60.71 E1194.04457
G1 X30.315 Y3.468 Z60.719 E1194.85924
G1 X29.985 Y5.636 Z60.731 E1195.89053
G1 X29.5 Y7.763 Z60.742 E1196.91647
G1 X28.885 Y9.831 Z60.753 E1197.93108
G1 X27.932 Y12.285 Z60.767 E1199.16909
G1 X26.987 Y14.246 Z60.778 E1200.19278
G1 X26.136 Y15.754 Z60.787 E1201.00708
G1 X24.938 Y17.584 Z60.798 E1202.03568
G1 X23.342 Y19.657 Z60.812 E1203.26601
G1 X21.579 Y21.577 Z60.826 E1204.49183
G1 X19.657 Y23.344 Z60.839 E1205.71962
G1 X17.588 Y24.94 Z60.853 E1206.94846
G1 X15.754 Y26.139 Z60.864 E1207.97889
G1 X14.249 Y26.989 Z60.873 E1208.79173
G1 X12.29 Y27.937 Z60.884 E1209.81519
G1 X9.835 Y28.892 Z60.898 E1211.05398
G1 X7.766 Y29.507 Z60.909 E1212.06904
G1 X6.06 Y29.906 Z60.918 E1212.89297
G1 X3.912 Y30.27 Z60.93 E1213.91752
G1 X1.743 Y30.471 Z60.941 E1214.9419
G1 X0.00 Y30.522 Z60.95 E1215.76193
G1 X-1.743 Y30.472 Z60.959 E1216.58195
G1 X-3.469 Y30.325 Z60.968 E1217.39658
G1 X-5.639 Y30 Z60.979 E1218.42844
G1 X-7.766 Y29.512 Z60.991 E1219.4547
G1 X-9.837 Y28.899 Z61.002 E1220.4704
G1 X-12.291 Y27.945 Z61.016 E1221.70858
G1 X-14.251 Y26.995 Z61.027 E1222.73287
G1 X-15.758 Y26.144 Z61.036 E1223.54676
G1 X-17.594 Y24.951 Z61.047 E1224.57644
G1 X-19.667 Y23.353 Z61.061 E1225.80734
G1 X-21.588 Y21.589 Z61.074 E1227.03383
G1 X-23.356 Y19.666 Z61.088 E1228.26228
G1 X-24.953 Y17.597 Z61.102 E1229.49141
G1 X-26.147 Y15.758 Z61.113 E1230.52253
G1 X-26.998 Y14.253 Z61.122 E1231.33559
G1 X-27.951 Y12.296 Z61.133 E1232.35923
G1 X-28.907 Y9.841 Z61.147 E1233.5982
G1 X-29.52 Y7.769 Z61.158 E1234.61434
G1 X-29.918 Y6.062 Z61.167 E1235.43863
G1 X-30.286 Y3.914 Z61.179 E1236.46349
G1 X-30.481 Y1.744 Z61.19 E1237.48808
G1 X-30.532 Y0.00 Z61.199 E1238.30858
G1 X-30.482 Y-1.744 Z61.208 E1239.12907
G1 X-30.334 Y-3.47 Z61.217 E1239.94374
G1 X-30.015 Y-5.642 Z61.228 E1240.97612
G1 X-29.524 Y-7.77 Z61.24 E1242.00315
G1 X-28.914 Y-9.842 Z61.251 E1243.0189
G1 X-27.959 Y-12.298 Z61.265 E1244.25813
G1 X-27.003 Y-14.256 Z61.276 E1245.28281
G1 X-26.153 Y-15.762 Z61.285 E1246.09606
G1 X-24.964 Y-17.603 Z61.296 E1247.12669
G1 X-23.365 Y-19.677 Z61.31 E1248.35825
G1 X-21.6 Y-21.599 Z61.323 E1249.5854
G1 X-19.676 Y-23.368 Z61.337 E1250.81452
G1 X-17.606 Y-24.966 Z61.351 E1252.0443
G1 X-15.763 Y-26.155 Z61.362 E1253.07573
G1 X-14.258 Y-27.006 Z61.371 E1253.88879
G1 X-12.302 Y-27.965 Z61.382 E1254.91325
G1 X-9.846 Y-28.922 Z61.396 E1256.15282
G1 X-7.772 Y-29.532 Z61.407 E1257.16947
G1 X-6.064 Y-29.93 Z61.416 E1257.99421
G1 X-3.916 Y-30.301 Z61.428 E1259.01931
G1 X-1.745 Y-30.491 Z61.439 E1260.04417
G1 X0.00 Y-30.541 Z61.448 E1260.86513
G1 X1.745 Y-30.491 Z61.457 E1261.68608
G1 X3.471 Y-30.344 Z61.466 E1262.50071
G1 X5.646 Y-30.031 Z61.477 E1263.53408
G1 X7.773 Y-29.536 Z61.489 E1264.56108
G1 X9.847 Y-28.928 Z61.5 E1265.57747
;TIME_ELAPSED:416.928698
;LAYER:61
;note -- min layer time used
;TYPE:WALL-OUTER
;MESH:rouleau_cylindrical_vase_3mm_large_v1.stl
G1 F2299 X11.074 Y-28.451 Z61.507 E1266.19656
G1 X13.085 Y-27.589 Z61.518 E1267.22549
G1 X15.029 Y-26.578 Z61.53 E1268.25593
G1 X15.763 Y-26.163 Z61.534 E1268.65246
G1 X17.605 Y-24.981 Z61.546 E1269.68171
G1 X19.338 Y-23.646 Z61.557 E1270.71047
G1 X20.648 Y-22.495 Z61.566 E1271.53053
G1 X21.906 Y-21.287 Z61.575 E1272.35072
G1 X23.376 Y-19.688 Z61.587 E1273.37216
G1 X24.981 Y-17.608 Z61.6 E1274.60768
G1 X26.375 Y-15.4 Z61.614 E1275.83566
G1 X27.403 Y-13.477 Z61.625 E1276.8611
G1 X28.301 Y-11.484 Z61.637 E1277.8891
G1 X29.181 Y-9.023 Z61.65 E1279.11819
G1 X29.746 Y-6.915 Z61.662 E1280.14452
G1 X30.091 Y-5.217 Z61.671 E1280.95935
G1 X30.352 Y-3.471 Z61.68 E1281.78956
G1 X30.501 Y-1.746 Z61.689 E1282.6038
G1 X30.552 Y0.00 Z61.698 E1283.42524
G1 X30.502 Y1.746 Z61.707 E1284.24667
G1 X30.355 Y3.47 Z61.716 E1285.06036
G1 X30.042 Y5.648 Z61.728 E1286.09513
G1 X29.547 Y7.776 Z61.739 E1287.12258
G1 X29.061 Y9.432 Z61.748 E1287.9342
G1 X28.464 Y11.079 Z61.757 E1288.75804
G1 X27.604 Y13.092 Z61.769 E1289.78747
G1 X26.387 Y15.403 Z61.782 E1291.01575
G1 X24.99 Y17.61 Z61.796 E1292.24409
G1 X23.654 Y19.344 Z61.807 E1293.2735
G1 X22.505 Y20.657 Z61.817 E1294.09401
G1 X21.295 Y21.914 Z61.826 E1294.91452
G1 X19.695 Y23.384 Z61.837 E1295.9363
G1 X17.614 Y24.99 Z61.851 E1297.17248
G1 X15.408 Y26.39 Z61.864 E1298.40117
G1 X13.483 Y27.416 Z61.876 E1299.427
G1 X11.49 Y28.317 Z61.887 E1300.45557
G1 X9.028 Y29.197 Z61.901 E1301.68512
G1 X6.918 Y29.76 Z61.912 E1302.7121
G1 X5.219 Y30.105 Z61.921 E1303.5274
G1 X3.471 Y30.363 Z61.93 E1304.35834
G1 X1.746 Y30.512 Z61.939 E1305.17257
G1 X0.00 Y30.563 Z61.949 E1305.99402
G1 X-1.746 Y30.513 Z61.958 E1306.81545
G1 X-3.471 Y30.366 Z61.967 E1307.6296
G1 X-5.65 Y30.053 Z61.978 E1308.66484
G1 X-7.778 Y29.558 Z61.99 E1309.69229
G1 X-9.435 Y29.072 Z61.999 E1310.50436
G1 X-11.085 Y28.477 Z62.008 E1311.32921
G1 X-13.1 Y27.62 Z62.019 E1312.35895
G1 X-15.043 Y26.602 Z62.031 E1313.3905
G1 X-15.774 Y26.182 Z62.035 E1313.78697
G1 X-17.617 Y24.999 Z62.047 E1314.81687
G1 X-19.351 Y23.663 Z62.058 E1315.84628
G1 X-20.667 Y22.515 Z62.067 E1316.66754
G1 X-21.923 Y21.302 Z62.076 E1317.48868
G1 X-23.392 Y19.703 Z62.088 E1318.50981
G1 X-24.999 Y17.62 Z62.101 E1319.74701
G1 X-26.406 Y15.414 Z62.115 E1320.97748
G1 X-27.428 Y13.489 Z62.126 E1322.00242
G1 X-28.333 Y11.496 Z62.138 E1323.03177
G1 X-29.214 Y9.032 Z62.151 E1324.26236
G1 X-29.773 Y6.921 Z62.163 E1325.28932
G1 X-30.119 Y5.221 Z62.172 E1326.10517
G1 X-30.375 Y3.472 Z62.181 E1326.93643
G1 X-30.523 Y1.747 Z62.19 E1327.75063
G1 X-30.574 Y0.00 Z62.199 E1328.57254
G1 X-30.524 Y-1.747 Z62.208 E1329.39444
G1 X-30.377 Y-3.472 Z62.217 E1330.20859
G1 X-30.063 Y-5.653 Z62.229 E1331.24483
G1 X-29.569 Y-7.781 Z62.24 E1332.27218
G1 X-29.082 Y-9.439 Z62.249 E1333.08482
G1 X-28.49 Y-11.09 Z62.258 E1333.90964
G1 X-27.635 Y-13.108 Z62.27 E1334.94032
G1 X-26.615 Y-15.05 Z62.281 E1335.97189
G1 X-26.192 Y-15.779 Z62.286 E1336.36825
G1 X-25.008 Y-17.623 Z62.297 E1337.39879
G1 X-23.671 Y-19.358 Z62.309 E1338.42887
G1 X-22.526 Y-20.677 Z62.318 E1339.25027
G1 X-21.31 Y-21.931 Z62.327 E1340.07171
G1 X-19.71 Y-23.401 Z62.338 E1341.0935
G1 X-17.626 Y-25.009 Z62.352 E1342.33137
G1 X-15.425 Y-26.42 Z62.366 E1343.56086
G1 X-13.495 Y-27.441 Z62.377 E1344.58766
G1 X-11.502 Y-28.349 Z62.388 E1345.6176
G1 X-9.037 Y-29.231 Z62.402 E1346.84879
G1 X-6.924 Y-29.787 Z62.413 E1347.87629
G1 X-5.223 Y-30.133 Z62.423 E1348.69261
G1 X-3.473 Y-30.386 Z62.432 E1349.52413
G1 X-1.748 Y-30.534 Z62.441 E1350.33833
G1 X0.00 Y-30.585 Z62.45 E1351.16071
G1 X1.748 Y-30.535 Z62.459 E1351.98308
G1 X3.473 Y-30.388 Z62.468 E1352.79724
G1 X5.655 Y-30.074 Z62.48 E1353.83394
G1 X7.784 Y-29.58 Z62.491 E1354.86174
G1 X9.442 Y-29.093 Z62.5 E1355.67439
;TIME_ELAPSED:421.938283
;LAYER:62
;note -- min layer time used
;TYPE:WALL-OUTER
;MESH:rouleau_cylindrical_vase_3mm_large_v1.stl
G1 F2297.1 X10.276 Y-28.795 Z62.505 E1356.09088
G1 X12.313 Y-27.989 Z62.516 E1357.12108
G1 X14.267 Y-27.044 Z62.527 E1358.14181
G1 X15.795 Y-26.196 Z62.537 E1358.96363
G1 X17.272 Y-25.247 Z62.546 E1359.78924
G1 X18.665 Y-24.22 Z62.555 E1360.60311
G1 X20.032 Y-23.104 Z62.564 E1361.433
G1 X21.309 Y-21.932 Z62.573 E1362.24811
G1 X22.527 Y-20.68 Z62.582 E1363.06954
G1 X23.946 Y-19.026 Z62.594 E1364.0944
G1 X25.248 Y-17.275 Z62.605 E1365.12054
G1 X26.198 Y-15.798 Z62.614 E1365.9464
G1 X27.048 Y-14.271 Z62.623 E1366.76826
G1 X27.818 Y-12.704 Z62.632 E1367.58933
G1 X28.506 Y-11.106 Z62.641 E1368.40751
G1 X29.098 Y-9.448 Z62.651 E1369.23543
G1 X29.578 Y-7.778 Z62.66 E1370.05258
G1 X29.975 Y-6.073 Z62.669 E1370.87584
G1 X30.274 Y-4.35 Z62.678 E1371.69823
G1 X30.473 Y-2.63 Z62.687 E1372.51249
G1 X30.589 Y-.43 Z62.699 E1373.54852
G1 X30.516 Y2.185 Z62.712 E1374.77876
G1 X30.278 Y4.349 Z62.724 E1375.80256
G1 X29.9 Y6.488 Z62.735 E1376.82405
G1 X29.35 Y8.621 Z62.746 E1377.85995
G1 X28.81 Y10.282 Z62.756 E1378.68131
G1 X28.006 Y12.321 Z62.767 E1379.71204
G1 X27.057 Y14.274 Z62.778 E1380.73317
G1 X26.206 Y15.802 Z62.787 E1381.55567
G1 X25.256 Y17.278 Z62.797 E1382.38114
G1 X24.232 Y18.675 Z62.806 E1383.19569
G1 X23.116 Y20.042 Z62.815 E1384.02558
G1 X21.943 Y21.32 Z62.824 E1384.84136
G1 X20.691 Y22.538 Z62.833 E1385.66279
G1 X19.038 Y23.961 Z62.845 E1386.68851
G1 X17.281 Y25.259 Z62.856 E1387.7158
G1 X15.804 Y26.208 Z62.865 E1388.5414
G1 X14.278 Y27.062 Z62.874 E1389.36377
G1 X12.711 Y27.832 Z62.883 E1390.18484
G1 X11.11 Y28.518 Z62.892 E1391.00395
G1 X9.452 Y29.11 Z62.902 E1391.83187
G1 X7.782 Y29.593 Z62.911 E1392.64941
G1 X6.076 Y29.991 Z62.92 E1393.47324
G1 X4.352 Y30.29 Z62.929 E1394.29608
G1 X2.631 Y30.488 Z62.938 E1395.11076
G1 X0.866 Y30.59 Z62.947 E1395.94217
G1 X-.866 Y30.591 Z62.956 E1396.75668
G1 X-2.631 Y30.49 Z62.966 E1397.58806
G1 X-4.352 Y30.293 Z62.975 E1398.40269
G1 X-6.492 Y29.918 Z62.986 E1399.4244
G1 X-8.626 Y29.365 Z62.998 E1400.4611
G1 X-10.287 Y28.825 Z63.007 E1401.28247
G1 X-12.329 Y28.024 Z63.018 E1402.31399
G1 X-14.282 Y27.071 Z63.029 E1403.33594
G1 X-15.809 Y26.216 Z63.039 E1404.15895
G1 X-17.286 Y25.267 Z63.048 E1404.98456
G1 X-18.685 Y24.244 Z63.057 E1405.7996
G1 X-20.053 Y23.128 Z63.066 E1406.62984
G1 X-21.331 Y21.954 Z63.075 E1407.44594
G1 X-22.55 Y20.701 Z63.084 E1408.26804
G1 X-23.976 Y19.049 Z63.096 E1409.29433
G1 X-25.27 Y17.288 Z63.107 E1410.32201
G1 X-26.219 Y15.811 Z63.116 E1411.14762
G1 X-27.076 Y14.285 Z63.125 E1411.97067
G1 X-27.847 Y12.718 Z63.134 E1412.79195
G1 X-28.53 Y11.114 Z63.144 E1413.61181
G1 X-29.122 Y9.456 Z63.153 E1414.43973
G1 X-29.608 Y7.786 Z63.162 E1415.25766
G1 X-30.006 Y6.079 Z63.171 E1416.08194
G1 X-30.305 Y4.354 Z63.18 E1416.90525
G1 X-30.504 Y2.632 Z63.189 E1417.72045
G1 X-30.605 Y0.867 Z63.198 E1418.55183
G1 X-30.606 Y-.866 Z63.208 E1419.36681
G1 X-30.506 Y-2.632 Z63.217 E1420.19864
G1 X-30.308 Y-4.355 Z63.226 E1421.01425
G1 X-29.936 Y-6.497 Z63.237 E1422.03664
G1 X-29.379 Y-8.63 Z63.249 E1423.07337
G1 X-28.84 Y-10.293 Z63.258 E1423.89548
G1 X-28.041 Y-12.336 Z63.269 E1424.9271
G1 X-27.085 Y-14.289 Z63.281 E1425.94968
G1 X-26.226 Y-15.815 Z63.29 E1426.77319
G1 X-25.278 Y-17.293 Z63.299 E1427.59894
G1 X-24.257 Y-18.695 Z63.308 E1428.41456
G1 X-23.139 Y-20.063 Z63.317 E1429.24541
G1 X-21.965 Y-21.342 Z63.326 E1430.06185
G1 X-20.711 Y-22.561 Z63.335 E1430.88428
G1 X-19.06 Y-23.991 Z63.347 E1431.91145
G1 X-17.294 Y-25.28 Z63.358 E1432.93964
G1 X-15.818 Y-26.229 Z63.367 E1433.76485
G1 X-14.292 Y-27.09 Z63.377 E1434.58883
G1 X-12.724 Y-27.861 Z63.386 E1435.41053
G1 X-11.118 Y-28.542 Z63.395 E1436.23088
G1 X-9.46 Y-29.133 Z63.404 E1437.05864
G1 X-7.79 Y-29.624 Z63.413 E1437.87724
G1 X-6.082 Y-30.021 Z63.422 E1438.70187
G1 X-4.356 Y-30.321 Z63.431 E1439.52572
G1 X-2.634 Y-30.519 Z63.441 E1440.34087
G1 X-.867 Y-30.621 Z63.45 E1441.17322
G1 X0.867 Y-30.621 Z63.459 E1441.98867
G1 X2.634 Y-30.521 Z63.468 E1442.82096
G1 X4.357 Y-30.324 Z63.477 E1443.63652
G1 X6.501 Y-29.954 Z63.488 E1444.65968
G1 X8.635 Y-29.394 Z63.5 E1445.69722
;TIME_ELAPSED:426.947860
;LAYER:63
;note -- min layer time used
;TYPE:WALL-OUTER
;MESH:rouleau_cylindrical_vase_3mm_large_v1.stl
G1 F2311.6 X10.298 Y-28.854 Z63.509 E1446.51947
G1 X11.936 Y-28.217 Z63.518 E1447.34598
G1 X13.501 Y-27.491 Z63.527 E1448.15728
G1 X15.439 Y-26.455 Z63.539 E1449.19072
G1 X17.298 Y-25.29 Z63.55 E1450.22243
G1 X19.045 Y-23.993 Z63.561 E1451.24566
G1 X20.713 Y-22.565 Z63.573 E1452.27827
G1 X22.277 Y-21.029 Z63.584 E1453.30915
G1 X24.012 Y-19.061 Z63.598 E1454.54295
G1 X25.292 Y-17.3 Z63.609 E1455.56675
G1 X26.46 Y-15.443 Z63.62 E1456.59842
G1 X27.495 Y-13.505 Z63.632 E1457.63163
G1 X28.213 Y-11.934 Z63.641 E1458.44393
G1 X28.851 Y-10.297 Z63.65 E1459.27016
G1 X29.394 Y-8.631 Z63.659 E1460.0942
G1 X29.839 Y-6.935 Z63.668 E1460.91877
G1 X30.265 Y-4.789 Z63.679 E1461.94767
G1 X30.534 Y-2.635 Z63.691 E1462.9685
G1 X30.635 Y-.867 Z63.7 E1463.80129
G1 X30.626 Y0.867 Z63.709 E1464.61675
G1 X30.536 Y2.634 Z63.718 E1465.44879
G1 X30.27 Y4.788 Z63.729 E1466.46945
G1 X29.855 Y6.936 Z63.741 E1467.49827
G1 X29.409 Y8.636 Z63.75 E1468.32479
G1 X28.868 Y10.303 Z63.759 E1469.14898
G1 X28.23 Y11.942 Z63.768 E1469.97609
G1 X27.506 Y13.509 Z63.777 E1470.78785
G1 X26.472 Y15.449 Z63.788 E1471.82167
G1 X25.302 Y17.305 Z63.8 E1472.85345
G1 X24.009 Y19.058 Z63.811 E1473.87782
G1 X22.577 Y20.725 Z63.822 E1474.91129
G1 X21.043 Y22.292 Z63.834 E1475.94253
G1 X19.069 Y24.023 Z63.848 E1477.17721
G1 X17.308 Y25.304 Z63.859 E1478.20128
G1 X15.453 Y26.478 Z63.87 E1479.23366
G1 X13.512 Y27.511 Z63.882 E1480.26768
G1 X11.941 Y28.229 Z63.891 E1481.07998
G1 X10.303 Y28.868 Z63.9 E1481.90682
G1 X8.636 Y29.41 Z63.909 E1482.73115
G1 X6.938 Y29.856 Z63.918 E1483.55676
G1 X4.792 Y30.285 Z63.929 E1484.58593
G1 X2.636 Y30.548 Z63.941 E1485.60735
G1 X0.868 Y30.65 Z63.95 E1486.44017
G1 X-.868 Y30.65 Z63.959 E1487.25656
G1 X-2.636 Y30.55 Z63.968 E1488.08932
G1 X-4.793 Y30.29 Z63.979 E1489.11104
G1 X-6.939 Y29.869 Z63.991 E1490.13947
G1 X-8.639 Y29.422 Z64 E1490.96611
G1 X-10.308 Y28.881 Z64.009 E1491.79119
G1 X-11.947 Y28.243 Z64.018 E1492.6183
G1 X-13.516 Y27.521 Z64.027 E1493.43053
G1 X-15.459 Y26.49 Z64.038 E1494.46493
G1 X-17.313 Y25.314 Z64.05 E1495.49742
G1 X-19.071 Y24.024 Z64.061 E1496.52285
G1 X-20.736 Y22.59 Z64.072 E1497.55622
G1 X-22.306 Y21.057 Z64.084 E1498.58814
G1 X-24.035 Y19.078 Z64.097 E1499.82397
G1 X-25.316 Y17.315 Z64.109 E1500.84881
G1 X-26.496 Y15.463 Z64.12 E1501.88151
G1 X-27.527 Y13.52 Z64.132 E1502.91591
G1 X-28.246 Y11.947 Z64.141 E1503.72926
G1 X-28.885 Y10.309 Z64.15 E1504.5561
G1 X-29.427 Y8.641 Z64.159 E1505.38088
G1 X-29.873 Y6.942 Z64.168 E1506.20694
G1 X-30.306 Y4.796 Z64.179 E1507.23648
G1 X-30.562 Y2.637 Z64.191 E1508.25891
G1 X-30.664 Y0.868 Z64.2 E1509.0922
G1 X-30.664 Y-.868 Z64.209 E1509.90859
G1 X-30.564 Y-2.638 Z64.218 E1510.74229
G1 X-30.31 Y-4.796 Z64.229 E1511.76414
G1 X-29.882 Y-6.943 Z64.241 E1512.79368
G1 X-29.436 Y-8.643 Z64.25 E1513.62019
G1 X-28.895 Y-10.312 Z64.259 E1514.44528
G1 X-28.257 Y-11.952 Z64.268 E1515.27283
G1 X-27.536 Y-13.524 Z64.277 E1516.08614
G1 X-26.508 Y-15.469 Z64.288 E1517.12071
G1 X-25.326 Y-17.321 Z64.3 E1518.15392
G1 X-24.04 Y-19.084 Z64.311 E1519.18014
G1 X-22.602 Y-20.748 Z64.323 E1520.21439
G1 X-21.072 Y-22.321 Z64.334 E1521.24633
G1 X-19.086 Y-24.047 Z64.348 E1522.48371
G1 X-17.323 Y-25.328 Z64.359 E1523.50855
G1 X-15.473 Y-26.514 Z64.37 E1524.54197
G1 X-13.527 Y-27.543 Z64.382 E1525.57719
G1 X-11.954 Y-28.262 Z64.391 E1526.39053
G1 X-10.315 Y-28.901 Z64.4 E1527.21781
G1 X-8.645 Y-29.444 Z64.409 E1528.04364
G1 X-6.946 Y-29.89 Z64.418 E1528.8697
G1 X-4.799 Y-30.326 Z64.429 E1529.89997
G1 X-2.639 Y-30.577 Z64.441 E1530.9226
G1 X-.869 Y-30.678 Z64.45 E1531.75633
G1 X0.869 Y-30.679 Z64.459 E1532.57366
G1 X2.639 Y-30.578 Z64.468 E1533.40739
G1 X4.8 Y-30.33 Z64.48 E1534.43032
G1 X6.947 Y-29.896 Z64.491 E1535.46041
G1 X8.647 Y-29.45 Z64.5 E1536.28692
;TIME_ELAPSED:431.956942
;LAYER:64
;note -- min layer time used
;TYPE:WALL-OUTER
;MESH:rouleau_cylindrical_vase_3mm_large_v1.stl
G1 F2326.6 X11.129 Y-28.593 Z64.514 E1537.52175
G1 X13.137 Y-27.733 Z64.525 E1538.54902
G1 X15.103 Y-26.724 Z64.536 E1539.58822
G1 X16.594 Y-25.811 Z64.545 E1540.41041
G1 X18.377 Y-24.579 Z64.556 E1541.42959
G1 X20.426 Y-22.906 Z64.57 E1542.67357
G1 X22.009 Y-21.402 Z64.581 E1543.70043
G1 X23.195 Y-20.093 Z64.59 E1544.53111
G1 X24.58 Y-18.381 Z64.602 E1545.56668
G1 X25.814 Y-16.598 Z64.613 E1546.5864
G1 X26.728 Y-15.107 Z64.622 E1547.40884
G1 X27.741 Y-13.142 Z64.633 E1548.44848
G1 X28.601 Y-11.134 Z64.645 E1549.47575
G1 X29.191 Y-9.481 Z64.654 E1550.30114
G1 X29.684 Y-7.803 Z64.663 E1551.1236
G1 X30.171 Y-5.669 Z64.674 E1552.15296
G1 X30.547 Y-3.068 Z64.688 E1553.38885
G1 X30.694 Y-.869 Z64.699 E1554.42528
G1 X30.694 Y0.869 Z64.708 E1555.24261
G1 X30.551 Y3.067 Z64.719 E1556.27845
G1 X30.177 Y5.669 Z64.733 E1557.51467
G1 X29.691 Y7.804 Z64.744 E1558.54438
G1 X29.199 Y9.482 Z64.753 E1559.36671
G1 X28.61 Y11.136 Z64.762 E1560.19239
G1 X27.752 Y13.146 Z64.773 E1561.22015
G1 X26.738 Y15.111 Z64.785 E1562.26001
G1 X25.827 Y16.604 Z64.794 E1563.08251
G1 X24.597 Y18.39 Z64.805 E1564.10232
G1 X22.921 Y20.442 Z64.819 E1565.34829
G1 X21.413 Y22.02 Z64.83 E1566.37474
G1 X20.105 Y23.209 Z64.839 E1567.20602
G1 X18.394 Y24.598 Z64.85 E1568.24241
G92 E0
G1 X16.607 Y25.83 Z64.862 E1.02074
G1 X15.114 Y26.742 Z64.871 E1.84348
G1 X13.151 Y27.76 Z64.882 E2.88337
G1 X11.141 Y28.619 Z64.893 E3.91131
G1 X9.486 Y29.209 Z64.902 E4.73759
G1 X7.808 Y29.702 Z64.911 E5.56006
G1 X5.673 Y30.192 Z64.923 E6.59019
G1 X3.07 Y30.569 Z64.936 E7.82707
G1 X0.87 Y30.709 Z64.948 E8.86376
G1 X-.87 Y30.71 Z64.957 E9.68203
G1 X-3.07 Y30.572 Z64.968 E10.71866
G1 X-5.674 Y30.198 Z64.982 E11.95581
G1 X-7.809 Y29.709 Z64.993 E12.98583
G1 X-9.488 Y29.217 Z65.002 E13.80862
G1 X-11.143 Y28.627 Z65.011 E14.63489
G1 X-13.155 Y27.772 Z65.022 E15.66297
G1 X-15.118 Y26.751 Z65.034 E16.70351
G1 X-16.614 Y25.842 Z65.043 E17.52672
G1 X-18.403 Y24.614 Z65.054 E18.54717
G1 X-20.456 Y22.937 Z65.068 E19.79379
G1 X-22.03 Y21.423 Z65.079 E20.82084
G1 X-23.224 Y20.117 Z65.088 E21.65301
G1 X-24.616 Y18.407 Z65.099 E22.68992
G1 X-25.846 Y16.617 Z65.111 E23.71129
G1 X-26.756 Y15.121 Z65.12 E24.53475
G1 X-27.78 Y13.16 Z65.131 E25.57511
G1 X-28.636 Y11.147 Z65.142 E26.60379
G1 X-29.227 Y9.492 Z65.151 E27.43023
G1 X-29.721 Y7.813 Z65.16 E28.25328
G1 X-30.214 Y5.677 Z65.172 E29.28418
G1 X-30.591 Y3.072 Z65.185 E30.522
G1 X-30.725 Y0.87 Z65.197 E31.55945
G1 X-30.725 Y-.87 Z65.206 E32.37772
G1 X-30.594 Y-3.072 Z65.217 E33.41509
G1 X-30.219 Y-5.678 Z65.231 E34.65323
G1 X-29.727 Y-7.814 Z65.242 E35.68403
G1 X-29.234 Y-9.494 Z65.251 E36.5074
G1 X-28.644 Y-11.15 Z65.26 E37.33412
G1 X-27.791 Y-13.165 Z65.271 E38.36312
G1 X-26.765 Y-15.125 Z65.283 E39.4035
G1 X-25.858 Y-16.624 Z65.292 E40.22744
G1 X-24.632 Y-18.417 Z65.303 E41.2489
G1 X-22.954 Y-20.47 Z65.317 E42.49583
G1 X-21.434 Y-22.041 Z65.328 E43.52382
G1 X-20.129 Y-23.238 Z65.337 E44.35659
G1 X-18.419 Y-24.634 Z65.348 E45.39469
G1 X-16.627 Y-25.862 Z65.36 E46.4163
G1 X-15.128 Y-26.77 Z65.369 E47.24048
G1 X-13.169 Y-27.8 Z65.38 E48.28131
G1 X-11.154 Y-28.653 Z65.391 E49.31032
G1 X-9.498 Y-29.245 Z65.4 E50.13735
G1 X-7.817 Y-29.739 Z65.409 E50.9613
G1 X-5.682 Y-30.235 Z65.421 E51.99207
G1 X-3.074 Y-30.612 Z65.434 E53.23128
G1 X-.871 Y-30.741 Z65.446 E54.26906
G1 X0.871 Y-30.741 Z65.455 E55.08827
G1 X3.075 Y-30.615 Z65.466 E56.12644
G1 X5.683 Y-30.24 Z65.48 E57.36552
G1 X7.819 Y-29.745 Z65.491 E58.39664
G1 X9.5 Y-29.252 Z65.5 E59.22046
;TIME_ELAPSED:436.980207
;LAYER:65
;note -- min layer time used
;TYPE:WALL-OUTER
;MESH:rouleau_cylindrical_vase_3mm_large_v1.stl
G1 F2310.7 X10.333 Y-28.955 Z65.505 E59.63635
G1 X11.977 Y-28.316 Z65.514 E60.46582
G1 X13.563 Y-27.605 Z65.523 E61.28318
G1 X15.14 Y-26.775 Z65.532 E62.12124
G1 X16.983 Y-25.636 Z65.543 E63.14011
G1 X18.782 Y-24.36 Z65.555 E64.17733
G1 X19.46 Y-23.807 Z65.559 E64.58878
G1 X21.109 Y-22.366 Z65.571 E65.61863
G1 X22.964 Y-20.457 Z65.584 E66.8704
G1 X24.363 Y-18.783 Z65.596 E67.89636
G1 X25.646 Y-16.98 Z65.607 E68.93701
G1 X26.793 Y-15.118 Z65.619 E69.96546
G1 X27.81 Y-13.19 Z65.63 E70.99055
G1 X28.67 Y-11.161 Z65.641 E72.0269
G1 X29.264 Y-9.495 Z65.651 E72.85868
G1 X29.755 Y-7.828 Z65.66 E73.67592
G1 X30.155 Y-6.105 Z65.669 E74.50774
G1 X30.514 Y-3.911 Z65.68 E75.55324
G1 X30.709 Y-1.76 Z65.692 E76.56894
G1 X30.76 Y0.018 Z65.701 E77.40542
G1 X30.712 Y1.742 Z65.71 E78.21648
G1 X30.571 Y3.509 Z65.719 E79.05009
G1 X30.319 Y5.26 Z65.728 E79.88202
G1 X29.967 Y6.956 Z65.737 E80.69659
G1 X29.517 Y8.672 Z65.746 E81.53086
G1 X28.975 Y10.34 Z65.755 E82.35565
G1 X28.335 Y11.985 Z65.765 E83.18573
G1 X27.621 Y13.571 Z65.774 E84.00367
G1 X26.789 Y15.149 Z65.783 E84.84259
G1 X25.655 Y16.997 Z65.794 E85.86222
G1 X24.373 Y18.794 Z65.806 E86.90031
G1 X23.823 Y19.473 Z65.81 E87.31124
G1 X22.383 Y21.125 Z65.822 E88.34184
G1 X20.473 Y22.981 Z65.835 E89.59428
G1 X18.794 Y24.377 Z65.847 E90.62114
G1 X16.993 Y25.665 Z65.858 E91.66239
G1 X15.125 Y26.809 Z65.87 E92.69251
G1 X13.198 Y27.826 Z65.881 E93.71718
G1 X11.168 Y28.685 Z65.892 E94.75378
G1 X9.5 Y29.281 Z65.902 E95.58676
G1 X7.833 Y29.772 Z65.911 E96.404
G1 X6.108 Y30.173 Z65.92 E97.23685
G1 X3.915 Y30.537 Z65.931 E98.28226
G1 X1.761 Y30.729 Z65.943 E99.29924
G1 X0.00 Y30.781 Z65.952 E100.12774
G1 X-1.742 Y30.732 Z65.961 E100.94728
G1 X-3.512 Y30.588 Z65.97 E101.78241
G1 X-5.263 Y30.336 Z65.979 E102.61433
G1 X-6.96 Y29.987 Z65.988 E103.42908
G1 X-8.677 Y29.536 Z65.997 E104.26393
G1 X-10.347 Y28.994 Z66.007 E105.08961
G1 X-11.994 Y28.354 Z66.016 E105.92056
G1 X-13.579 Y27.637 Z66.025 E106.73866
G1 X-15.158 Y26.804 Z66.034 E107.57821
G1 X-17.01 Y25.674 Z66.045 E108.59847
G1 X-18.805 Y24.386 Z66.057 E109.63744
G1 X-19.486 Y23.839 Z66.061 E110.04821
G1 X-21.142 Y22.399 Z66.073 E111.08023
G1 X-22.999 Y20.49 Z66.087 E112.33266
G1 X-24.39 Y18.805 Z66.098 E113.36019
G1 X-25.684 Y17.006 Z66.109 E114.40232
G1 X-26.829 Y15.124 Z66.121 E115.4383
G1 X-27.841 Y13.206 Z66.132 E116.45814
G1 X-28.701 Y11.176 Z66.144 E117.49492
G1 X-29.298 Y9.504 Z66.153 E118.32983
G1 X-29.788 Y7.838 Z66.162 E119.14649
G1 X-30.19 Y6.112 Z66.171 E119.9799
G1 X-30.561 Y3.918 Z66.183 E121.02632
G1 X-30.75 Y1.762 Z66.194 E122.04411
G1 X-30.802 Y0.00 Z66.203 E122.87308
G1 X-30.753 Y-1.744 Z66.212 E123.69356
G1 X-30.605 Y-3.514 Z66.221 E124.52884
G1 X-30.353 Y-5.265 Z66.23 E125.36077
G1 X-30.006 Y-6.965 Z66.239 E126.17671
G1 X-29.556 Y-8.683 Z66.249 E127.01189
G1 X-29.013 Y-10.354 Z66.258 E127.83816
G1 X-28.373 Y-12.002 Z66.267 E128.66956
G1 X-27.652 Y-13.588 Z66.276 E129.48886
G1 X-26.816 Y-15.171 Z66.285 E130.33073
G1 X-25.694 Y-17.023 Z66.297 E131.34904
G1 X-24.399 Y-18.816 Z66.308 E132.38916
G1 X-23.854 Y-19.499 Z66.313 E132.80008
G1 X-22.416 Y-21.158 Z66.324 E133.83255
G1 X-20.506 Y-23.017 Z66.338 E135.08598
G1 X-18.815 Y-24.404 Z66.349 E136.11449
G1 X-17.019 Y-25.703 Z66.361 E137.15686
G1 X-15.141 Y-26.839 Z66.372 E138.18903
G1 X-13.214 Y-27.857 Z66.383 E139.21392
G1 X-11.183 Y-28.716 Z66.395 E140.25096
G1 X-9.509 Y-29.315 Z66.404 E141.08707
G1 X-7.842 Y-29.805 Z66.413 E141.90417
G1 X-6.116 Y-30.207 Z66.422 E142.73759
G1 X-3.921 Y-30.584 Z66.434 E143.78494
G1 X-1.763 Y-30.771 Z66.445 E144.80359
G1 X0.00 Y-30.822 Z66.454 E145.63302
G1 X1.745 Y-30.773 Z66.463 E146.45397
G1 X3.517 Y-30.622 Z66.473 E147.29031
G1 X5.268 Y-30.37 Z66.482 E148.12224
G1 X6.97 Y-30.026 Z66.491 E148.93882
G1 X8.689 Y-29.575 Z66.5 E149.77457
;TIME_ELAPSED:441.989840
;LAYER:66
;note -- min layer time used
;TYPE:WALL-OUTER
;MESH:rouleau_cylindrical_vase_3mm_large_v1.stl
G1 F2331.8 X11.177 Y-28.716 Z66.514 E151.01238
G1 X12.8 Y-28.032 Z66.523 E151.84064
G1 X14.79 Y-27.039 Z66.534 E152.88652
G1 X17.046 Y-25.705 Z66.548 E154.11905
G1 X18.82 Y-24.418 Z66.559 E155.14973
G1 X20.18 Y-23.293 Z66.568 E155.97975
G1 X21.483 Y-22.114 Z66.577 E156.80613
G1 X22.732 Y-20.83 Z66.586 E157.64851
G1 X24.132 Y-19.18 Z66.597 E158.66613
G1 X25.707 Y-17.05 Z66.611 E159.9119
G1 X26.847 Y-15.162 Z66.622 E160.94907
G1 X27.881 Y-13.205 Z66.634 E161.98996
G1 X28.733 Y-11.19 Z66.645 E163.01878
G1 X29.333 Y-9.515 Z66.654 E163.85549
G1 X29.823 Y-7.847 Z66.663 E164.67305
G1 X30.301 Y-5.698 Z66.674 E165.70836
G1 X30.68 Y-3.088 Z66.688 E166.94863
G1 X30.817 Y-.873 Z66.699 E167.99227
G1 X30.819 Y0.873 Z66.708 E168.81336
G1 X30.684 Y3.087 Z66.72 E169.85648
G1 X30.389 Y5.266 Z66.731 E170.89054
G1 X30.043 Y6.98 Z66.74 E171.71285
G1 X29.468 Y9.101 Z66.751 E172.74629
G1 X28.736 Y11.185 Z66.763 E173.78503
G1 X28.051 Y12.809 Z66.772 E174.61391
G1 X27.061 Y14.802 Z66.783 E175.66042
G1 X25.72 Y17.058 Z66.797 E176.89463
G1 X24.433 Y18.831 Z66.808 E177.92493
G1 X23.31 Y20.194 Z66.817 E178.75545
G1 X22.127 Y21.497 Z66.826 E179.58308
G1 X20.843 Y22.745 Z66.835 E180.42513
G1 X19.196 Y24.151 Z66.847 E181.44351
G1 X17.062 Y25.723 Z66.86 E182.68996
G1 X15.172 Y26.864 Z66.872 E183.72818
G1 X13.212 Y27.899 Z66.883 E184.77053
G1 X11.198 Y28.751 Z66.894 E185.79892
G1 X9.523 Y29.35 Z66.903 E186.63547
G1 X7.852 Y29.841 Z66.912 E187.45452
G1 X5.702 Y30.326 Z66.924 E188.491
G1 X3.09 Y30.705 Z66.937 E189.73221
G1 X0.874 Y30.84 Z66.949 E190.77626
G1 X-.873 Y30.841 Z66.958 E191.59783
G1 X-3.089 Y30.708 Z66.969 E192.64182
G1 X-5.268 Y30.408 Z66.98 E193.6762
G1 X-6.985 Y30.061 Z66.989 E194.49998
G1 X-9.109 Y29.492 Z67.001 E195.53406
G1 X-11.193 Y28.757 Z67.012 E196.57327
G1 X-12.818 Y28.071 Z67.021 E197.40276
G1 X-14.814 Y27.083 Z67.033 E198.45012
G1 X-17.069 Y25.736 Z67.046 E199.68537
G1 X-18.843 Y24.449 Z67.057 E200.71605
G1 X-20.209 Y23.326 Z67.067 E201.54765
G1 X-21.51 Y22.14 Z67.076 E202.37554
G1 X-22.759 Y20.856 Z67.085 E203.21792
G1 X-24.171 Y19.212 Z67.096 E204.23706
G1 X-25.739 Y17.073 Z67.11 E205.48429
G1 X-26.881 Y15.182 Z67.121 E206.52316
G1 X-27.917 Y13.22 Z67.132 E207.56656
G1 X-28.769 Y11.205 Z67.144 E208.59538
G1 X-29.368 Y9.53 Z67.153 E209.43194
G1 X-29.859 Y7.857 Z67.162 E210.25188
G1 X-30.351 Y5.706 Z67.173 E211.28955
G1 X-30.73 Y3.091 Z67.187 E212.53216
G1 X-30.861 Y0.874 Z67.198 E213.57657
G1 X-30.863 Y-.874 Z67.207 E214.3986
G1 X-30.733 Y-3.091 Z67.219 E215.44298
G1 X-30.427 Y-5.271 Z67.23 E216.47822
G1 X-30.079 Y-6.99 Z67.239 E217.30301
G1 X-29.516 Y-9.117 Z67.25 E218.33772
G1 X-28.777 Y-11.201 Z67.262 E219.37756
G1 X-28.091 Y-12.828 Z67.271 E220.20792
G1 X-27.105 Y-14.826 Z67.282 E221.25571
G1 X-25.751 Y-17.081 Z67.296 E222.49265
G1 X-24.464 Y-18.854 Z67.307 E223.52294
G1 X-23.343 Y-20.223 Z67.316 E224.35504
G1 X-22.153 Y-21.524 Z67.325 E225.1842
G1 X-20.869 Y-22.773 Z67.334 E226.02658
G1 X-19.228 Y-24.191 Z67.346 E227.0465
G1 X-17.085 Y-25.755 Z67.359 E228.29413
G1 X-15.192 Y-26.898 Z67.371 E229.33405
G1 X-13.227 Y-27.935 Z67.382 E230.37891
G1 X-11.213 Y-28.786 Z67.393 E231.40712
G1 X-9.537 Y-29.385 Z67.402 E232.24412
G1 X-7.861 Y-29.878 Z67.411 E233.06568
G1 X-5.711 Y-30.376 Z67.423 E234.10353
G1 X-3.093 Y-30.755 Z67.436 E235.34753
G1 X-.875 Y-30.883 Z67.448 E236.39233
G1 X0.875 Y-30.884 Z67.457 E237.2153
G1 X3.094 Y-30.758 Z67.468 E238.26051
G1 X5.274 Y-30.445 Z67.48 E239.29621
G1 X6.995 Y-30.097 Z67.489 E240.12193
G1 X9.125 Y-29.54 Z67.5 E241.15729
;TIME_ELAPSED:446.999560
;LAYER:67
;note -- min layer time used
;TYPE:WALL-OUTER
;MESH:rouleau_cylindrical_vase_3mm_large_v1.stl
G1 F2337.8 X11.213 Y-28.796 Z67.511 E242.19968
G1 X12.841 Y-28.108 Z67.52 E243.03084
G1 X14.82 Y-27.136 Z67.532 E244.0677
G1 X16.712 Y-25.997 Z67.543 E245.10624
G1 X18.157 Y-24.995 Z67.552 E245.93317
G1 X19.906 Y-23.631 Z67.564 E246.97623
G1 X21.537 Y-22.167 Z67.575 E248.00691
G1 X22.16 Y-21.527 Z67.579 E248.42693
G1 X23.635 Y-19.908 Z67.591 E249.4569
G1 X24.998 Y-18.161 Z67.602 E250.49893
G1 X26.001 Y-16.716 Z67.611 E251.32612
G1 X27.125 Y-14.813 Z67.622 E252.36549
G1 X28.116 Y-12.85 Z67.634 E253.3996
G1 X28.805 Y-11.22 Z67.643 E254.23181
G1 X29.404 Y-9.543 Z67.652 E255.06925
G1 X29.897 Y-7.866 Z67.661 E255.89127
G1 X30.299 Y-6.137 Z67.67 E256.72605
G1 X30.655 Y-3.966 Z67.681 E257.76064
G1 X30.856 Y-1.751 Z67.693 E258.80657
G1 X30.907 Y0.00 Z67.702 E259.63037
G1 X30.858 Y1.75 Z67.711 E260.45366
G1 X30.66 Y3.966 Z67.722 E261.49993
G1 X30.294 Y6.137 Z67.733 E262.53529
G1 X29.894 Y7.866 Z67.742 E263.36986
G1 X29.414 Y9.539 Z67.751 E264.18837
G1 X28.815 Y11.221 Z67.761 E265.02803
G1 X28.127 Y12.85 Z67.77 E265.85962
G1 X27.155 Y14.829 Z67.781 E266.89648
G1 X26.014 Y16.723 Z67.792 E267.93631
G1 X25.014 Y18.171 Z67.801 E268.76386
G1 X23.652 Y19.924 Z67.813 E269.80783
G1 X22.182 Y21.551 Z67.824 E270.839
G1 X21.544 Y22.178 Z67.829 E271.25967
G1 X19.925 Y23.656 Z67.84 E272.29058
G1 X18.174 Y25.017 Z67.851 E273.33351
G1 X16.726 Y26.019 Z67.86 E274.1616
G1 X14.825 Y27.148 Z67.872 E275.20136
G1 X12.858 Y28.134 Z67.883 E276.23609
G1 X11.227 Y28.824 Z67.892 E277.06892
G1 X9.548 Y29.424 Z67.901 E277.9074
G1 X7.872 Y29.916 Z67.91 E278.72884
G1 X6.142 Y30.319 Z67.919 E279.56419
G1 X3.969 Y30.682 Z67.931 E280.60024
G1 X1.752 Y30.879 Z67.942 E281.64694
G1 X0.00 Y30.931 Z67.951 E282.47122
G1 X-1.752 Y30.882 Z67.96 E283.29545
G1 X-3.97 Y30.686 Z67.971 E284.34257
G1 X-6.142 Y30.317 Z67.983 E285.37864
G1 X-7.872 Y29.917 Z67.992 E286.21367
G1 X-9.546 Y29.434 Z68.001 E287.03301
G1 X-11.229 Y28.833 Z68.01 E287.87343
G1 X-12.859 Y28.145 Z68.019 E288.70545
G1 X-14.839 Y27.173 Z68.03 E289.74274
G1 X-16.733 Y26.032 Z68.042 E290.78257
G1 X-18.185 Y25.033 Z68.051 E291.61141
G1 X-19.941 Y23.673 Z68.062 E292.65591
G1 X-21.565 Y22.198 Z68.073 E293.68761
G1 X-22.195 Y21.56 Z68.078 E294.10927
G1 X-23.676 Y19.943 Z68.089 E295.14044
G1 X-25.036 Y18.188 Z68.101 E296.18457
G1 X-26.036 Y16.737 Z68.11 E297.01329
G1 X-27.171 Y14.837 Z68.121 E298.05409
G1 X-28.153 Y12.866 Z68.132 E299.08966
G1 X-28.843 Y11.235 Z68.141 E299.92248
G1 X-29.444 Y9.553 Z68.151 E300.76246
G1 X-29.936 Y7.877 Z68.16 E301.58389
G1 X-30.339 Y6.146 Z68.169 E302.4197
G1 X-30.708 Y3.973 Z68.18 E303.45622
G1 X-30.903 Y1.753 Z68.191 E304.50424
G1 X-30.955 Y0.00 Z68.2 E305.32899
G1 X-30.905 Y-1.753 Z68.209 E306.15371
G1 X-30.713 Y-3.974 Z68.221 E307.20207
G1 X-30.34 Y-6.147 Z68.232 E308.23891
G1 X-29.939 Y-7.878 Z68.241 E309.07451
G1 X-29.453 Y-9.553 Z68.25 E309.8947
G1 X-28.852 Y-11.237 Z68.259 E310.73556
G1 X-28.163 Y-12.868 Z68.269 E311.5682
G1 X-27.191 Y-14.848 Z68.28 E312.60548
G1 X-26.049 Y-16.744 Z68.291 E313.64636
G1 X-25.052 Y-18.199 Z68.3 E314.47583
G1 X-23.693 Y-19.958 Z68.312 E315.52116
G1 X-22.213 Y-21.578 Z68.323 E316.55305
G1 X-21.577 Y-22.212 Z68.328 E316.97537
G1 X-19.96 Y-23.696 Z68.339 E318.0075
G1 X-18.202 Y-25.055 Z68.35 E319.05245
G1 X-16.747 Y-26.054 Z68.359 E319.88245
G1 X-14.85 Y-27.195 Z68.371 E320.92349
G1 X-12.873 Y-28.171 Z68.382 E321.96034
G1 X-11.242 Y-28.862 Z68.391 E322.79335
G1 X-9.558 Y-29.464 Z68.4 E323.63436
G1 X-7.882 Y-29.956 Z68.409 E324.4558
G1 X-6.151 Y-30.358 Z68.418 E325.2915
G1 X-3.977 Y-30.735 Z68.43 E326.32912
G1 X-1.755 Y-30.927 Z68.441 E327.37796
G1 X0.00 Y-30.978 Z68.45 E328.20363
G1 X1.755 Y-30.929 Z68.459 E329.02927
G1 X3.978 Y-30.74 Z68.471 E330.07846
G1 X6.152 Y-30.363 Z68.482 E331.11608
G1 X7.884 Y-29.962 Z68.491 E331.95214
G1 X9.56 Y-29.472 Z68.5 E332.7733
;TIME_ELAPSED:452.008749
;LAYER:68
;note -- min layer time used
;TYPE:WALL-OUTER
;MESH:rouleau_cylindrical_vase_3mm_large_v1.stl
G1 F2328.3 X10.415 Y-29.167 Z68.505 E333.2002
G1 X12.051 Y-28.531 Z68.514 E334.02566
G1 X13.667 Y-27.794 Z68.523 E334.86091
G1 X15.242 Y-26.977 Z68.532 E335.69531
G1 X16.755 Y-26.067 Z68.541 E336.52561
G1 X18.213 Y-25.071 Z68.55 E337.35598
G1 X19.618 Y-23.988 Z68.559 E338.19021
G1 X20.949 Y-22.82 Z68.568 E339.02297
G1 X22.226 Y-21.596 Z68.578 E339.85482
G1 X23.426 Y-20.291 Z68.587 E340.68855
G1 X24.806 Y-18.567 Z68.598 E341.72704
G1 X26.072 Y-16.758 Z68.61 E342.7654
G1 X26.983 Y-15.247 Z68.619 E343.59513
G1 X27.803 Y-13.673 Z68.628 E344.42976
G1 X28.542 Y-12.056 Z68.637 E345.26584
G1 X29.18 Y-10.421 Z68.646 E346.0912
G1 X29.733 Y-8.724 Z68.655 E346.93055
G1 X30.181 Y-7.015 Z68.664 E347.7614
G1 X30.531 Y-5.293 Z68.673 E348.58776
G1 X30.796 Y-3.538 Z68.682 E349.42244
G1 X30.95 Y-1.756 Z68.692 E350.26358
G1 X31.001 Y0.00 Z68.701 E351.08973
G1 X30.951 Y1.756 Z68.71 E351.91586
G1 X30.8 Y3.538 Z68.719 E352.75688
G1 X30.538 Y5.293 Z68.728 E353.59135
G1 X30.189 Y7.015 Z68.737 E354.41762
G1 X29.742 Y8.726 Z68.746 E355.24926
G1 X29.191 Y10.424 Z68.756 E356.08877
G1 X28.554 Y12.061 Z68.765 E356.91483
G1 X27.817 Y13.678 Z68.774 E357.75052
G1 X26.997 Y15.254 Z68.783 E358.58598
G1 X26.087 Y16.765 Z68.792 E359.41547
G1 X25.088 Y18.225 Z68.801 E360.24741
G1 X24.005 Y19.632 Z68.81 E361.0824
G1 X22.839 Y20.966 Z68.819 E361.9156
G1 X21.611 Y22.242 Z68.829 E362.74841
G1 X20.306 Y23.442 Z68.838 E363.58213
G1 X18.584 Y24.828 Z68.849 E364.62166
G1 X16.768 Y26.092 Z68.86 E365.66218
G1 X15.259 Y27.002 Z68.87 E366.49087
G1 X13.684 Y27.825 Z68.879 E367.32657
G1 X12.066 Y28.565 Z68.888 E368.16327
G1 X10.429 Y29.204 Z68.897 E368.98967
G1 X8.731 Y29.757 Z68.906 E369.82947
G1 X7.02 Y30.206 Z68.915 E370.66134
G1 X5.297 Y30.556 Z68.924 E371.48817
G1 X3.54 Y30.818 Z68.933 E372.32357
G1 X1.757 Y30.972 Z68.943 E373.16518
G1 X0.00 Y31.023 Z68.952 E373.9918
G1 X-1.757 Y30.974 Z68.961 E374.81838
G1 X-3.54 Y30.822 Z68.97 E375.65991
G1 X-5.298 Y30.562 Z68.979 E376.49564
G1 X-7.021 Y30.214 Z68.988 E377.32228
G1 X-8.733 Y29.766 Z68.997 E378.15449
G1 X-10.432 Y29.215 Z69.007 E378.99445
G1 X-12.071 Y28.577 Z69.016 E379.82156
G1 X-13.69 Y27.839 Z69.025 E380.6583
G1 X-15.266 Y27.016 Z69.034 E381.49441
G1 X-16.776 Y26.106 Z69.043 E382.3235
G1 X-18.238 Y25.106 Z69.052 E383.15648
G1 X-19.645 Y24.023 Z69.061 E383.99147
G1 X-20.983 Y22.857 Z69.07 E384.82609
G1 X-22.258 Y21.627 Z69.08 E385.65921
G1 X-23.458 Y20.321 Z69.089 E386.49328
G1 X-24.851 Y18.601 Z69.1 E387.53414
G1 X-26.111 Y16.779 Z69.112 E388.57591
G1 X-27.022 Y15.27 Z69.121 E389.40484
G1 X-27.848 Y13.695 Z69.13 E390.24119
G1 X-28.588 Y12.076 Z69.139 E391.07832
G1 X-29.228 Y10.437 Z69.148 E391.90577
G1 X-29.781 Y8.738 Z69.157 E392.74602
G1 X-30.231 Y7.026 Z69.166 E393.57847
G1 X-30.582 Y5.301 Z69.175 E394.40631
G1 X-30.84 Y3.542 Z69.185 E395.24236
G1 X-30.994 Y1.758 Z69.194 E396.08445
G1 X-31.045 Y0.00 Z69.203 E396.91153
G1 X-30.996 Y-1.759 Z69.212 E397.73905
G1 X-30.844 Y-3.542 Z69.221 E398.58059
G1 X-30.587 Y-5.302 Z69.23 E399.41704
G1 X-30.238 Y-7.027 Z69.239 E400.24469
G1 X-29.79 Y-8.741 Z69.249 E401.07781
G1 X-29.238 Y-10.441 Z69.258 E401.91836
G1 X-28.601 Y-12.081 Z69.267 E402.74574
G1 X-27.862 Y-13.701 Z69.276 E403.5831
G1 X-27.035 Y-15.277 Z69.285 E404.42009
G1 X-26.125 Y-16.786 Z69.294 E405.24878
G1 X-25.124 Y-18.251 Z69.303 E406.08319
G1 X-24.04 Y-19.659 Z69.313 E406.91883
G1 X-22.876 Y-21.001 Z69.322 E407.75425
G1 X-21.643 Y-22.273 Z69.331 E408.58735
G1 X-20.336 Y-23.475 Z69.34 E409.4224
G1 X-18.619 Y-24.874 Z69.351 E410.46395
G1 X-16.789 Y-26.13 Z69.363 E411.50774
G1 X-15.281 Y-27.041 Z69.372 E412.33627
G1 X-13.706 Y-27.871 Z69.381 E413.1735
G1 X-12.086 Y-28.612 Z69.39 E414.01125
G1 X-10.446 Y-29.251 Z69.399 E414.83896
G1 X-8.745 Y-29.805 Z69.409 E415.68025
G1 X-7.031 Y-30.256 Z69.418 E416.51373
G1 X-5.306 Y-30.607 Z69.427 E417.34157
G1 X-3.544 Y-30.862 Z69.436 E418.17882
G1 X-1.76 Y-31.016 Z69.445 E419.0209
G1 X0.00 Y-31.067 Z69.454 E419.84892
G1 X1.76 Y-31.018 Z69.463 E420.67692
G1 X3.544 Y-30.866 Z69.473 E421.51892
G1 X5.307 Y-30.612 Z69.482 E422.35657
G1 X7.033 Y-30.263 Z69.491 E423.18468
G1 X8.748 Y-29.814 Z69.5 E424.01838
;TIME_ELAPSED:457.018455
;LAYER:69
;note -- min layer time used
;TYPE:WALL-OUTER
;MESH:rouleau_cylindrical_vase_3mm_large_v1.stl
G1 F2335.1 X9.597 Y-29.538 Z69.505 E424.43821
G1 X11.264 Y-28.946 Z69.514 E425.27011
G1 X12.902 Y-28.254 Z69.523 E426.10634
G1 X14.494 Y-27.473 Z69.532 E426.94024
G1 X16.039 Y-26.602 Z69.541 E427.77431
G1 X17.536 Y-25.641 Z69.55 E428.61088
G1 X18.96 Y-24.608 Z69.559 E429.43819
G1 X20.349 Y-23.474 Z69.568 E430.28144
G1 X21.65 Y-22.282 Z69.578 E431.11124
G1 X22.887 Y-21.01 Z69.587 E431.94564
G1 X24.338 Y-19.318 Z69.598 E432.99385
G1 X25.646 Y-17.541 Z69.609 E434.0315
G1 X26.608 Y-16.045 Z69.619 E434.86793
G1 X27.481 Y-14.499 Z69.628 E435.70287
G1 X28.447 Y-12.512 Z69.639 E436.74187
G1 X29.424 Y-10.008 Z69.653 E438.00589
G1 X30.052 Y-7.908 Z69.664 E439.03667
G1 X30.457 Y-6.172 Z69.673 E439.87498
G1 X30.762 Y-4.419 Z69.682 E440.71175
G1 X30.963 Y-2.675 Z69.691 E441.53733
G1 X31.083 Y-.441 Z69.703 E442.58943
G1 X31.04 Y1.773 Z69.714 E443.6308
G1 X30.89 Y3.535 Z69.723 E444.46241
G1 X30.554 Y5.748 Z69.735 E445.51505
G1 X30.062 Y7.91 Z69.746 E446.55777
G1 X29.564 Y9.606 Z69.755 E447.38902
G1 X28.971 Y11.273 Z69.764 E448.22108
G1 X28.279 Y12.914 Z69.774 E449.05861
G1 X27.497 Y14.506 Z69.783 E449.89272
G1 X26.625 Y16.053 Z69.792 E450.72784
G1 X25.664 Y17.551 Z69.801 E451.56481
G1 X24.623 Y18.984 Z69.81 E452.39775
G1 X23.494 Y20.367 Z69.819 E453.23733
G1 X22.301 Y21.669 Z69.828 E454.06779
G1 X21.028 Y22.907 Z69.838 E454.90286
G1 X19.338 Y24.362 Z69.849 E455.95158
G1 X17.556 Y25.668 Z69.86 E456.99056
G1 X16.058 Y26.631 Z69.869 E457.82804
G1 X14.512 Y27.506 Z69.879 E458.66345
G1 X12.525 Y28.475 Z69.89 E459.70306
G1 X10.017 Y29.453 Z69.904 E460.969
G1 X7.915 Y30.079 Z69.915 E462.00042
G1 X6.177 Y30.484 Z69.924 E462.83964
G1 X4.423 Y30.789 Z69.933 E463.67687
G1 X2.677 Y30.99 Z69.942 E464.50339
G1 X0.881 Y31.094 Z69.952 E465.34941
G1 X-.881 Y31.096 Z69.961 E466.17803
G1 X-2.677 Y30.993 Z69.97 E467.02402
G1 X-4.423 Y30.794 Z69.979 E467.85043
G1 X-6.178 Y30.491 Z69.988 E468.68796
G1 X-7.917 Y30.088 Z69.997 E469.52743
G1 X-9.614 Y29.59 Z70.006 E470.35913
G1 X-11.283 Y28.996 Z70.016 E471.19225
G1 X-12.925 Y28.303 Z70.025 E472.03038
G1 X-14.519 Y27.521 Z70.034 E472.86534
G1 X-16.067 Y26.647 Z70.043 E473.70134
G1 X-17.567 Y25.686 Z70.052 E474.53909
G1 X-19.001 Y24.645 Z70.061 E475.37242
G1 X-20.385 Y23.514 Z70.07 E476.21295
G1 X-21.687 Y22.32 Z70.079 E477.04373
G1 X-22.927 Y21.046 Z70.089 E477.87979
G1 X-24.385 Y19.357 Z70.1 E478.92908
G1 X-25.69 Y17.571 Z70.111 E479.9693
G1 X-26.654 Y16.072 Z70.121 E480.80743
G1 X-27.53 Y14.525 Z70.13 E481.64348
G1 X-28.503 Y12.537 Z70.141 E482.68434
G1 X-29.482 Y10.026 Z70.155 E483.95177
G1 X-30.105 Y7.922 Z70.166 E484.98368
G1 X-30.511 Y6.182 Z70.175 E485.82393
G1 X-30.816 Y4.426 Z70.185 E486.66209
G1 X-31.017 Y2.679 Z70.194 E487.48907
G1 X-31.121 Y0.882 Z70.203 E488.33556
G1 X-31.123 Y-.882 Z70.212 E489.16512
G1 X-31.02 Y-2.679 Z70.221 E490.01158
G1 X-30.821 Y-4.427 Z70.23 E490.83892
G1 X-30.518 Y-6.183 Z70.239 E491.67692
G1 X-30.114 Y-7.924 Z70.249 E492.51742
G1 X-29.616 Y-9.623 Z70.258 E493.35002
G1 X-29.021 Y-11.293 Z70.267 E494.18373
G1 X-28.328 Y-12.937 Z70.276 E495.02273
G1 X-27.545 Y-14.532 Z70.285 E495.85832
G1 X-26.67 Y-16.081 Z70.294 E496.69496
G1 X-25.708 Y-17.582 Z70.303 E497.53336
G1 X-24.666 Y-19.017 Z70.312 E498.36735
G1 X-23.535 Y-20.402 Z70.322 E499.20825
G1 X-22.339 Y-21.706 Z70.331 E500.04035
G1 X-21.064 Y-22.946 Z70.34 E500.87675
G1 X-19.376 Y-24.409 Z70.351 E501.92722
G1 X-17.586 Y-25.713 Z70.363 E502.96869
G1 X-16.086 Y-26.677 Z70.372 E503.80721
G1 X-14.537 Y-27.554 Z70.381 E504.64431
G1 X-12.55 Y-28.531 Z70.392 E505.68558
G1 X-10.036 Y-29.511 Z70.406 E506.95449
G1 X-7.929 Y-30.131 Z70.418 E507.98736
G1 X-6.187 Y-30.537 Z70.427 E508.82852
G1 X-4.43 Y-30.843 Z70.436 E509.66723
G1 X-2.682 Y-31.044 Z70.445 E510.49467
G1 X-.883 Y-31.148 Z70.454 E511.3421
G1 X0.883 Y-31.149 Z70.463 E512.1726
G1 X2.682 Y-31.047 Z70.473 E513.01998
G1 X4.431 Y-30.848 Z70.482 E513.84778
G1 X6.189 Y-30.544 Z70.491 E514.68679
G1 X7.931 Y-30.14 Z70.5 E515.52774
;TIME_ELAPSED:462.028188
;LAYER:70
;note -- min layer time used
;TYPE:WALL-OUTER
;MESH:rouleau_cylindrical_vase_3mm_large_v1.stl
G1 F2363.7 X10.472 Y-29.342 Z70.514 E516.78024
G1 X12.13 Y-28.697 Z70.523 E517.61687
G1 X13.742 Y-27.964 Z70.532 E518.44964
G1 X15.706 Y-26.915 Z70.543 E519.49673
G1 X17.597 Y-25.729 Z70.554 E520.54645
G1 X19.028 Y-24.692 Z70.563 E521.37752
G1 X20.42 Y-23.555 Z70.572 E522.22276
G1 X21.725 Y-22.358 Z70.581 E523.05553
G1 X22.966 Y-21.081 Z70.59 E523.89293
G1 X24.135 Y-19.735 Z70.599 E524.73131
G1 X25.479 Y-17.955 Z70.611 E525.78021
G1 X26.7 Y-16.1 Z70.622 E526.82457
G1 X27.77 Y-14.164 Z70.633 E527.86482
G1 X28.719 Y-12.143 Z70.645 E528.9148
G1 X29.368 Y-10.48 Z70.654 E529.7543
G1 X29.909 Y-8.783 Z70.663 E530.59192
G1 X30.363 Y-7.056 Z70.672 E531.43167
G1 X30.715 Y-5.323 Z70.681 E532.26329
G1 X30.971 Y-3.557 Z70.69 E533.10247
G1 X31.125 Y-1.766 Z70.699 E533.94783
G1 X31.188 Y-0.002 Z70.708 E534.77792
G1 X31.138 Y1.769 Z70.717 E535.6111
G1 X30.986 Y3.555 Z70.726 E536.45403
G1 X30.731 Y5.328 Z70.735 E537.2964
G1 X30.372 Y7.057 Z70.744 E538.12684
G1 X29.919 Y8.785 Z70.753 E538.96693
G1 X29.369 Y10.481 Z70.762 E539.8054
G1 X28.724 Y12.141 Z70.771 E540.6429
G1 X27.995 Y13.742 Z70.78 E541.47018
G1 X26.942 Y15.72 Z70.791 E542.52397
G1 X25.75 Y17.612 Z70.803 E543.57559
G1 X24.708 Y19.048 Z70.812 E544.40995
G1 X23.573 Y20.436 Z70.821 E545.25313
G1 X22.376 Y21.742 Z70.83 E546.08625
G1 X21.099 Y22.984 Z70.839 E546.92397
G1 X19.751 Y24.154 Z70.848 E547.76338
G1 X17.974 Y25.505 Z70.859 E548.81313
G1 X16.113 Y26.721 Z70.871 E549.85857
G1 X14.178 Y27.798 Z70.882 E550.9
G1 X12.152 Y28.742 Z70.893 E551.95111
G1 X10.488 Y29.391 Z70.902 E552.79106
G1 X8.791 Y29.936 Z70.911 E553.62925
G1 X7.063 Y30.39 Z70.92 E554.46945
G1 X5.328 Y30.743 Z70.929 E555.30209
G1 X3.56 Y31 Z70.938 E556.14226
G1 X1.768 Y31.154 Z70.948 E556.9881
G1 X0.00 Y31.205 Z70.957 E557.81988
G1 X-1.767 Y31.156 Z70.966 E558.65117
G1 X-3.56 Y31.004 Z70.975 E559.49738
G1 X-5.329 Y30.75 Z70.984 E560.33782
G1 X-7.064 Y30.399 Z70.993 E561.17027
G1 X-8.793 Y29.946 Z71.002 E562.01081
G1 X-10.491 Y29.396 Z71.011 E562.85018
G1 X-12.152 Y28.75 Z71.02 E563.68829
G1 X-13.768 Y28.013 Z71.029 E564.52355
G1 X-15.737 Y26.969 Z71.04 E565.57162
G1 X-17.627 Y25.77 Z71.052 E566.62419
G1 X-19.063 Y24.728 Z71.061 E567.45856
G1 X-20.453 Y23.592 Z71.07 E568.30277
G1 X-21.76 Y22.394 Z71.079 E569.13654
G1 X-23.003 Y21.116 Z71.088 E569.97494
G1 X-24.173 Y19.767 Z71.097 E570.81469
G1 X-25.531 Y17.992 Z71.108 E571.8657
G1 X-26.742 Y16.126 Z71.119 E572.91182
G1 X-27.826 Y14.192 Z71.131 E573.95445
G1 X-28.766 Y12.161 Z71.142 E575.0069
G1 X-29.415 Y10.497 Z71.151 E575.84684
G1 X-29.963 Y8.798 Z71.16 E576.68637
G1 X-30.418 Y7.069 Z71.169 E577.52715
G1 X-30.771 Y5.333 Z71.178 E578.36024
G1 X-31.028 Y3.563 Z71.187 E579.20135
G1 X-31.182 Y1.769 Z71.197 E580.04812
G1 X-31.233 Y0.00 Z71.206 E580.88037
G1 X-31.184 Y-1.769 Z71.214 E581.71259
G1 X-31.032 Y-3.563 Z71.224 E582.55928
G1 X-30.777 Y-5.334 Z71.233 E583.40072
G1 X-30.426 Y-7.07 Z71.242 E584.23363
G1 X-29.973 Y-8.801 Z71.251 E585.07508
G1 X-29.422 Y-10.501 Z71.26 E585.91548
G1 X-28.776 Y-12.164 Z71.269 E586.75447
G1 X-28.039 Y-13.779 Z71.278 E587.58931
G1 X-26.996 Y-15.753 Z71.289 E588.63923
G1 X-25.791 Y-17.642 Z71.301 E589.69293
G1 X-24.748 Y-19.077 Z71.31 E590.52718
G1 X-23.611 Y-20.469 Z71.319 E591.37242
G1 X-22.412 Y-21.777 Z71.328 E592.20686
G1 X-21.134 Y-23.021 Z71.337 E593.04558
G1 X-19.784 Y-24.192 Z71.346 E593.886
G1 X-18.01 Y-25.556 Z71.357 E594.93835
G1 X-16.14 Y-26.764 Z71.369 E595.98529
G1 X-14.205 Y-27.854 Z71.38 E597.02971
G1 X-12.17 Y-28.79 Z71.391 E598.08308
G1 X-10.506 Y-29.439 Z71.4 E598.92302
G1 X-8.806 Y-29.99 Z71.409 E599.76343
G1 X-7.075 Y-30.445 Z71.418 E600.60511
G1 X-5.338 Y-30.799 Z71.427 E601.43876
G1 X-3.566 Y-31.056 Z71.437 E602.2808
G1 X-1.771 Y-31.211 Z71.446 E603.12808
G1 X0.00 Y-31.262 Z71.455 E603.96127
G1 X1.771 Y-31.213 Z71.464 E604.79444
G1 X3.567 Y-31.06 Z71.473 E605.6421
G1 X5.339 Y-30.805 Z71.482 E606.48401
G1 X7.077 Y-30.453 Z71.491 E607.31793
G1 X8.809 Y-30 Z71.5 E608.15984
;TIME_ELAPSED:467.038039
;LAYER:71
;note -- min layer time used
;TYPE:WALL-OUTER
;MESH:rouleau_cylindrical_vase_3mm_large_v1.stl
G1 F2361.2 X10.51 Y-29.449 Z71.509 E609.00069
G1 X12.178 Y-28.801 Z71.518 E609.84221
G1 X13.795 Y-28.062 Z71.527 E610.67829
G1 X15.77 Y-27.021 Z71.539 E611.72819
G1 X18.007 Y-25.56 Z71.552 E612.98467
G1 X19.789 Y-24.201 Z71.564 E614.03858
G1 X21.141 Y-23.031 Z71.573 E614.87941
G1 X22.414 Y-21.796 Z71.582 E615.71349
G1 X23.926 Y-20.133 Z71.593 E616.77047
G1 X25.58 Y-18.028 Z71.607 E618.02942
G1 X26.786 Y-16.153 Z71.618 E619.07782
G1 X27.663 Y-14.603 Z71.627 E619.91533
G1 X28.442 Y-12.996 Z71.636 E620.75516
G1 X29.307 Y-10.924 Z71.648 E621.81107
G1 X30.016 Y-8.814 Z71.659 E622.85786
G1 X30.472 Y-7.081 Z71.668 E623.70057
G1 X30.826 Y-5.342 Z71.677 E624.53515
G1 X31.083 Y-3.569 Z71.686 E625.37765
G1 X31.238 Y-1.772 Z71.695 E626.22586
G1 X31.289 Y0.00 Z71.704 E627.05952
G1 X31.24 Y1.772 Z71.713 E627.89316
G1 X31.087 Y3.57 Z71.722 E628.74176
G1 X30.832 Y5.343 Z71.732 E629.58413
G1 X30.479 Y7.083 Z71.741 E630.41907
G1 X30.026 Y8.816 Z71.75 E631.26143
G1 X29.474 Y10.519 Z71.759 E632.10332
G1 X28.825 Y12.189 Z71.768 E632.94589
G1 X28.086 Y13.808 Z71.777 E633.78283
G1 X27.047 Y15.781 Z71.788 E634.83146
G1 X25.586 Y18.027 Z71.802 E636.09149
G1 X24.224 Y19.808 Z71.813 E637.14588
G1 X23.053 Y21.161 Z71.822 E637.98737
G1 X21.817 Y22.436 Z71.831 E638.82245
G1 X20.155 Y23.952 Z71.843 E639.88035
G1 X18.043 Y25.602 Z71.856 E641.14073
G1 X16.165 Y26.811 Z71.868 E642.19109
G1 X14.616 Y27.686 Z71.877 E643.02772
G1 X13.008 Y28.469 Z71.886 E643.8688
G1 X10.936 Y29.338 Z71.897 E644.92543
G1 X8.821 Y30.042 Z71.909 E645.9737
G1 X7.087 Y30.498 Z71.918 E646.81688
G1 X5.347 Y30.852 Z71.927 E647.65191
G1 X3.572 Y31.109 Z71.936 E648.49534
G1 X1.773 Y31.265 Z71.945 E649.34453
G1 X0.00 Y31.316 Z71.954 E650.17866
G1 X-1.773 Y31.267 Z71.963 E651.01277
G1 X-3.573 Y31.113 Z71.972 E651.86235
G1 X-5.348 Y30.858 Z71.981 E652.70565
G1 X-7.089 Y30.506 Z71.99 E653.54096
G1 X-8.824 Y30.051 Z72 E654.38447
G1 X-10.528 Y29.499 Z72.009 E655.2268
G1 X-12.2 Y28.849 Z72.018 E656.07042
G1 X-13.821 Y28.11 Z72.027 E656.90821
G1 X-15.8 Y27.066 Z72.038 E657.96043
G1 X-18.046 Y25.613 Z72.052 E659.21842
G1 X-19.827 Y24.247 Z72.063 E660.27395
G1 X-21.182 Y23.075 Z72.072 E661.11646
G1 X-22.457 Y21.837 Z72.081 E661.9522
G1 X-23.977 Y20.176 Z72.093 E663.01102
G1 X-25.624 Y18.058 Z72.106 E664.27276
G1 X-26.835 Y16.177 Z72.118 E665.32481
G1 X-27.71 Y14.629 Z72.127 E666.16103
G1 X-28.497 Y13.021 Z72.136 E667.00294
G1 X-29.369 Y10.948 Z72.147 E668.06054
G1 X-30.068 Y8.829 Z72.159 E669.10986
G1 X-30.524 Y7.093 Z72.168 E669.95395
G1 X-30.879 Y5.352 Z72.177 E670.78953
G1 X-31.136 Y3.575 Z72.186 E671.6339
G1 X-31.291 Y1.774 Z72.195 E672.48399
G1 X-31.343 Y0.00 Z72.204 E673.3186
G1 X-31.293 Y-1.775 Z72.213 E674.15366
G1 X-31.14 Y-3.576 Z72.222 E675.00367
G1 X-30.885 Y-5.353 Z72.232 E675.8479
G1 X-30.532 Y-7.095 Z72.241 E676.68376
G1 X-30.077 Y-8.831 Z72.25 E677.52773
G1 X-29.525 Y-10.537 Z72.259 E678.37096
G1 X-28.874 Y-12.212 Z72.268 E679.21606
G1 X-28.134 Y-13.834 Z72.277 E680.05447
G1 X-27.093 Y-15.808 Z72.288 E681.10396
G1 X-25.639 Y-18.066 Z72.302 E682.36694
G1 X-24.271 Y-19.847 Z72.313 E683.42305
G1 X-23.097 Y-21.202 Z72.322 E684.26617
G1 X-21.858 Y-22.479 Z72.332 E685.10291
G1 X-20.198 Y-24.002 Z72.343 E686.16234
G1 X-18.073 Y-25.646 Z72.357 E687.42581
G1 X-16.189 Y-26.859 Z72.368 E688.47956
G1 X-14.642 Y-27.733 Z72.377 E689.31514
G1 X-13.033 Y-28.524 Z72.386 E690.1583
G1 X-10.96 Y-29.4 Z72.398 E691.21664
G1 X-8.836 Y-30.094 Z72.409 E692.26746
G1 X-7.099 Y-30.55 Z72.418 E693.11199
G1 X-5.357 Y-30.905 Z72.427 E693.94804
G1 X-3.578 Y-31.162 Z72.436 E694.79334
G1 X-1.776 Y-31.318 Z72.445 E695.64393
G1 X0.00 Y-31.37 Z72.454 E696.47949
G1 X1.776 Y-31.32 Z72.464 E697.31502
G1 X3.579 Y-31.166 Z72.473 E698.16601
G1 X5.358 Y-30.911 Z72.482 E699.01117
G1 X7.101 Y-30.558 Z72.491 E699.84749
G1 X8.839 Y-30.103 Z72.5 E700.69236
;TIME_ELAPSED:472.047324
;LAYER:72
;note -- min layer time used
;TYPE:WALL-OUTER
;MESH:rouleau_cylindrical_vase_3mm_large_v1.stl
G1 F2380 X11.383 Y-29.225 Z72.514 E701.95798
G1 X13.432 Y-28.348 Z72.525 E703.00611
G1 X15.44 Y-27.318 Z72.536 E704.0674
G1 X16.954 Y-26.391 Z72.545 E704.90224
G1 X18.44 Y-25.391 Z72.554 E705.74457
G1 X19.865 Y-24.294 Z72.563 E706.59027
G1 X21.223 Y-23.119 Z72.572 E707.43477
G1 X22.506 Y-21.872 Z72.581 E708.27616
G1 X23.715 Y-20.556 Z72.59 E709.11655
G1 X25.114 Y-18.812 Z72.602 E710.16798
G1 X26.397 Y-16.96 Z72.613 E711.22749
G1 X27.317 Y-15.438 Z72.622 E712.06384
G1 X28.164 Y-13.834 Z72.631 E712.91686
G1 X28.9 Y-12.225 Z72.64 E713.74893
G1 X29.562 Y-10.56 Z72.649 E714.59155
G1 X30.12 Y-8.844 Z72.658 E715.44013
G1 X30.671 Y-6.672 Z72.669 E716.49391
G1 X31.065 Y-4.464 Z72.681 E717.54867
G1 X31.268 Y-2.699 Z72.69 E718.38417
G1 X31.39 Y-.434 Z72.701 E719.45087
G1 X31.348 Y1.777 Z72.712 E720.49082
G1 X31.137 Y4.027 Z72.724 E721.55358
G1 X30.766 Y6.233 Z72.735 E722.60556
G1 X30.36 Y7.983 Z72.744 E723.45039
G1 X29.859 Y9.695 Z72.753 E724.28926
G1 X29.254 Y11.394 Z72.762 E725.13739
G1 X28.379 Y13.447 Z72.773 E726.18688
G1 X27.343 Y15.453 Z72.785 E727.24863
G1 X26.417 Y16.971 Z72.794 E728.08484
G1 X25.413 Y18.457 Z72.803 E728.92821
G1 X24.315 Y19.883 Z72.812 E729.77457
G1 X23.14 Y21.242 Z72.821 E730.61943
G1 X21.891 Y22.527 Z72.83 E731.46214
G1 X20.575 Y23.736 Z72.839 E732.30254
G1 X18.833 Y25.142 Z72.85 E733.35529
G1 X16.977 Y26.424 Z72.862 E734.41609
G1 X15.453 Y27.344 Z72.871 E735.25325
G1 X13.848 Y28.192 Z72.88 E736.1069
G1 X12.237 Y28.929 Z72.889 E736.94002
G1 X10.569 Y29.589 Z72.898 E737.78361
G1 X8.852 Y30.147 Z72.907 E738.63263
G1 X6.679 Y30.705 Z72.918 E739.68768
G1 X4.469 Y31.096 Z72.929 E740.74312
G1 X2.701 Y31.3 Z72.938 E741.58007
G1 X0.433 Y31.425 Z72.95 E742.64826
G1 X-1.779 Y31.377 Z72.961 E743.68874
G1 X-4.032 Y31.171 Z72.972 E744.75268
G1 X-6.24 Y30.797 Z72.984 E745.80583
G1 X-7.991 Y30.391 Z72.993 E746.65111
G1 X-9.705 Y29.889 Z73.002 E747.49102
G1 X-11.406 Y29.283 Z73.011 E748.34019
G1 X-13.461 Y28.411 Z73.022 E749.39
G1 X-15.467 Y27.367 Z73.034 E750.45348
G1 X-16.988 Y26.444 Z73.042 E751.29016
G1 X-18.475 Y25.436 Z73.052 E752.13497
G1 X-19.901 Y24.337 Z73.061 E752.98163
G1 X-21.261 Y23.16 Z73.07 E753.82745
G1 X-22.548 Y21.911 Z73.079 E754.67084
G1 X-23.757 Y20.594 Z73.088 E755.51158
G1 X-25.17 Y18.854 Z73.099 E756.56568
G1 X-26.45 Y16.994 Z73.11 E757.62749
G1 X-27.372 Y15.468 Z73.119 E758.46593
G1 X-28.221 Y13.862 Z73.129 E759.32023
G1 X-28.958 Y12.249 Z73.138 E760.1542
G1 X-29.616 Y10.577 Z73.147 E760.99919
G1 X-30.175 Y8.859 Z73.156 E761.84881
G1 X-30.74 Y6.686 Z73.167 E762.90468
G1 X-31.128 Y4.473 Z73.178 E763.96126
G1 X-31.332 Y2.704 Z73.187 E764.79868
G1 X-31.46 Y0.434 Z73.199 E765.86789
G1 X-31.405 Y-1.781 Z73.21 E766.90986
G1 X-31.206 Y-4.037 Z73.221 E767.97491
G1 X-30.828 Y-6.246 Z73.233 E769.02884
G1 X-30.421 Y-7.999 Z73.242 E769.87515
G1 X-29.919 Y-9.715 Z73.251 E770.71595
G1 X-29.313 Y-11.418 Z73.26 E771.56601
G1 X-28.442 Y-13.476 Z73.271 E772.61694
G1 X-27.392 Y-15.48 Z73.283 E773.68089
G1 X-26.47 Y-17.006 Z73.292 E774.51933
G1 X-25.458 Y-18.492 Z73.301 E775.36482
G1 X-24.359 Y-19.919 Z73.31 E776.21184
G1 X-23.181 Y-21.28 Z73.319 E777.05833
G1 X-21.93 Y-22.569 Z73.328 E777.90305
G1 X-20.613 Y-23.778 Z73.337 E778.74379
G1 X-18.875 Y-25.198 Z73.348 E779.79924
G1 X-17.01 Y-26.477 Z73.36 E780.86272
G1 X-15.484 Y-27.399 Z73.369 E781.70117
G1 X-13.875 Y-28.249 Z73.378 E782.55693
G1 X-12.261 Y-28.988 Z73.387 E783.39172
G1 X-10.585 Y-29.643 Z73.396 E784.23795
G1 X-8.867 Y-30.202 Z73.405 E785.08756
G1 X-6.693 Y-30.774 Z73.416 E786.14472
G1 X-4.478 Y-31.159 Z73.428 E787.20199
G1 X-2.706 Y-31.364 Z73.436 E788.04086
G1 X-.435 Y-31.495 Z73.448 E789.11062
G1 X1.783 Y-31.433 Z73.459 E790.15409
G1 X4.042 Y-31.24 Z73.471 E791.2203
G1 X6.253 Y-30.859 Z73.482 E792.27539
G1 X8.008 Y-30.452 Z73.491 E793.12262
G1 X9.725 Y-29.949 Z73.5 E793.96401
;TIME_ELAPSED:477.057242
;LAYER:73
;note -- min layer time used
;TYPE:WALL-OUTER
;MESH:rouleau_cylindrical_vase_3mm_large_v1.stl
G1 F2378.3 X11.429 Y-29.342 Z73.509 E794.81467
G1 X13.491 Y-28.473 Z73.52 E795.86696
G1 X15.478 Y-27.426 Z73.532 E796.92317
G1 X17.025 Y-26.495 Z73.541 E797.77226
G1 X18.51 Y-25.481 Z73.55 E798.61789
G1 X19.937 Y-24.381 Z73.559 E799.4652
G1 X21.299 Y-23.202 Z73.568 E800.31235
G1 X22.591 Y-21.949 Z73.577 E801.15874
G1 X23.8 Y-20.633 Z73.586 E801.99914
G1 X24.952 Y-19.227 Z73.595 E802.85393
G1 X25.989 Y-17.78 Z73.604 E803.69112
G1 X27.208 Y-15.867 Z73.616 E804.75787
G1 X28.264 Y-13.914 Z73.627 E805.80197
G1 X29.02 Y-12.263 Z73.636 E806.65591
G1 X29.815 Y-10.162 Z73.648 E807.71232
G1 X30.462 Y-8.006 Z73.659 E808.77089
G1 X30.881 Y-6.263 Z73.668 E809.61392
G1 X31.189 Y-4.482 Z73.677 E810.4639
G1 X31.394 Y-2.709 Z73.686 E811.30324
G1 X31.498 Y-.89 Z73.695 E812.16006
G1 X31.491 Y0.892 Z73.704 E812.99809
G1 X31.387 Y2.709 Z73.713 E813.85397
G1 X31.196 Y4.48 Z73.722 E814.69164
G1 X30.888 Y6.259 Z73.731 E815.5407
G1 X30.482 Y8.013 Z73.741 E816.38737
G1 X29.978 Y9.735 Z73.75 E817.23114
G1 X29.37 Y11.44 Z73.759 E818.08241
G1 X28.499 Y13.506 Z73.77 E819.1368
G1 X27.457 Y15.484 Z73.781 E820.18817
G1 X26.52 Y17.042 Z73.791 E821.04315
G1 X25.505 Y18.527 Z73.8 E821.88904
G1 X24.405 Y19.956 Z73.809 E822.7371
G1 X23.225 Y21.319 Z73.818 E823.58491
G1 X21.97 Y22.612 Z73.827 E824.43229
G1 X20.653 Y23.822 Z73.836 E825.27335
G1 X19.246 Y24.975 Z73.845 E826.12881
G1 X17.798 Y26.017 Z73.854 E826.96775
G1 X15.884 Y27.239 Z73.866 E828.03565
G1 X13.931 Y28.289 Z73.877 E829.07841
G1 X12.274 Y29.048 Z73.886 E829.93551
G1 X10.173 Y29.85 Z73.897 E830.99308
G1 X8.015 Y30.494 Z73.909 E832.05215
G1 X6.268 Y30.91 Z73.918 E832.89668
G1 X4.486 Y31.219 Z73.927 E833.74721
G1 X2.712 Y31.424 Z73.936 E834.58702
G1 X0.892 Y31.529 Z73.945 E835.44433
G1 X-.893 Y31.524 Z73.954 E836.28377
G1 X-2.712 Y31.42 Z73.963 E837.14059
G1 X-4.485 Y31.225 Z73.972 E837.9794
G1 X-6.266 Y30.917 Z73.981 E838.82938
G1 X-8.02 Y30.511 Z73.99 E839.67605
G1 X-9.744 Y30.006 Z74 E840.52086
G1 X-11.451 Y29.398 Z74.009 E841.37301
G1 X-13.519 Y28.526 Z74.02 E842.42845
G1 X-15.506 Y27.479 Z74.031 E843.48466
G1 X-17.059 Y26.545 Z74.04 E844.3369
G1 X-18.545 Y25.529 Z74.05 E845.18344
G1 X-19.975 Y24.428 Z74.059 E846.03216
G1 X-21.339 Y23.247 Z74.068 E846.88064
G1 X-22.633 Y21.991 Z74.077 E847.72869
G1 X-23.845 Y20.673 Z74.086 E848.57073
G1 X-24.998 Y19.265 Z74.095 E849.42655
G1 X-26.044 Y17.817 Z74.104 E850.26659
G1 X-27.27 Y15.904 Z74.116 E851.33511
G1 X-28.318 Y13.942 Z74.127 E852.38116
G1 X-29.076 Y12.284 Z74.136 E853.23848
G1 X-29.885 Y10.184 Z74.147 E854.2968
G1 X-30.526 Y8.023 Z74.159 E855.35682
G1 X-30.939 Y6.273 Z74.168 E856.2024
G1 X-31.249 Y4.491 Z74.177 E857.053
G1 X-31.454 Y2.715 Z74.186 E857.89375
G1 X-31.559 Y0.893 Z74.195 E858.752
G1 X-31.556 Y-.894 Z74.204 E859.59237
G1 X-31.453 Y-2.715 Z74.213 E860.4501
G1 X-31.255 Y-4.49 Z74.222 E861.29001
G1 X-30.947 Y-6.273 Z74.231 E862.14092
G1 X-30.54 Y-8.027 Z74.241 E862.98769
G1 X-30.035 Y-9.754 Z74.25 E863.83386
G1 X-29.425 Y-11.462 Z74.259 E864.68676
G1 X-28.552 Y-13.533 Z74.27 E865.74369
G1 X-27.506 Y-15.521 Z74.281 E866.80009
G1 X-26.569 Y-17.076 Z74.291 E867.65387
G1 X-25.553 Y-18.563 Z74.3 E868.5008
G1 X-24.451 Y-19.994 Z74.309 E869.35017
G1 X-23.27 Y-21.359 Z74.318 E870.19901
G1 X-22.012 Y-22.654 Z74.327 E871.04805
G1 X-20.694 Y-23.867 Z74.336 E871.89041
G1 X-19.283 Y-25.021 Z74.345 E872.74762
G1 X-17.835 Y-26.072 Z74.354 E873.58904
G1 X-15.922 Y-27.301 Z74.366 E874.65832
G1 X-13.956 Y-28.345 Z74.377 E875.70514
G1 X-12.295 Y-29.104 Z74.386 E876.56395
G1 X-10.195 Y-29.92 Z74.398 E877.62345
G1 X-8.031 Y-30.558 Z74.409 E878.68442
G1 X-6.278 Y-30.968 Z74.418 E879.53105
G1 X-4.495 Y-31.278 Z74.427 E880.38212
G1 X-2.717 Y-31.483 Z74.436 E881.2238
G1 X-.895 Y-31.589 Z74.445 E882.08208
G1 X0.895 Y-31.589 Z74.454 E882.92386
G1 X2.718 Y-31.486 Z74.464 E883.78254
G1 X4.495 Y-31.284 Z74.473 E884.62359
G1 X6.28 Y-30.976 Z74.482 E885.47542
G1 X8.034 Y-30.569 Z74.491 E886.32219
G1 X9.763 Y-30.063 Z74.5 E887.16939
;TIME_ELAPSED:482.066598
;LAYER:74
;note -- min layer time used
;TYPE:WALL-OUTER
;MESH:rouleau_cylindrical_vase_3mm_large_v1.stl
G1 F2376.5 X10.628 Y-29.755 Z74.505 E887.60119
G1 X12.723 Y-28.926 Z74.516 E888.66074
G1 X14.753 Y-27.944 Z74.527 E889.72122
G1 X16.703 Y-26.831 Z74.539 E890.7771
G1 X18.932 Y-25.308 Z74.552 E892.04665
G1 X20.694 Y-23.887 Z74.564 E893.11116
G1 X22.353 Y-22.35 Z74.575 E894.1747
G1 X23.896 Y-20.708 Z74.587 E895.23433
G1 X25.31 Y-18.942 Z74.598 E896.29823
G1 X26.588 Y-17.096 Z74.609 E897.35409
G1 X27.532 Y-15.558 Z74.618 E898.20274
G1 X28.378 Y-13.959 Z74.628 E899.05346
G1 X29.133 Y-12.305 Z74.637 E899.90849
G1 X29.784 Y-10.637 Z74.646 E900.75053
G1 X30.336 Y-8.908 Z74.655 E901.60406
G1 X30.797 Y-7.157 Z74.664 E902.45556
G1 X31.155 Y-5.4 Z74.673 E903.2988
G1 X31.414 Y-3.608 Z74.682 E904.15028
G1 X31.57 Y-1.792 Z74.692 E905.00744
G1 X31.623 Y0.00 Z74.701 E905.85053
G1 X31.573 Y1.792 Z74.71 E906.69358
G1 X31.42 Y3.608 Z74.719 E907.55062
G1 X31.163 Y5.4 Z74.728 E908.40196
G1 X30.808 Y7.159 Z74.737 E909.24585
G1 X30.349 Y8.911 Z74.746 E910.09757
G1 X29.788 Y10.64 Z74.755 E910.95239
G1 X28.962 Y12.738 Z74.767 E912.01273
G1 X27.976 Y14.769 Z74.778 E913.07445
G1 X26.863 Y16.723 Z74.79 E914.13198
G1 X25.339 Y18.956 Z74.803 E915.40335
G1 X23.913 Y20.717 Z74.815 E916.46896
G1 X22.378 Y22.38 Z74.826 E917.53325
G1 X20.728 Y23.92 Z74.837 E918.59465
G1 X18.964 Y25.341 Z74.849 E919.65989
G1 X17.11 Y26.621 Z74.86 E920.71937
G1 X15.572 Y27.56 Z74.869 E921.56679
G1 X13.972 Y28.406 Z74.878 E922.41793
G1 X12.315 Y29.164 Z74.888 E923.27484
G1 X10.648 Y29.814 Z74.897 E924.11626
G1 X8.918 Y30.369 Z74.906 E924.97067
G1 X7.165 Y30.831 Z74.915 E925.8232
G1 X5.406 Y31.189 Z74.924 E926.66736
G1 X3.612 Y31.449 Z74.933 E927.51984
G1 X1.794 Y31.605 Z74.942 E928.37793
G1 X0.00 Y31.658 Z74.952 E929.22197
G1 X-1.794 Y31.609 Z74.961 E930.06595
G1 X-3.612 Y31.455 Z74.97 E930.92396
G1 X-5.407 Y31.197 Z74.979 E931.77677
G1 X-7.167 Y30.841 Z74.988 E932.62121
G1 X-8.921 Y30.382 Z74.997 E933.47383
G1 X-10.652 Y29.821 Z75.006 E934.32955
G1 X-12.753 Y28.997 Z75.018 E935.39086
G1 X-14.785 Y28.006 Z75.029 E936.45404
G1 X-16.743 Y26.896 Z75.041 E937.5125
G1 X-18.979 Y25.369 Z75.054 E938.78583
G1 X-20.74 Y23.939 Z75.066 E939.85263
G1 X-22.406 Y22.405 Z75.077 E940.91763
G1 X-23.945 Y20.748 Z75.089 E941.98113
G1 X-25.372 Y18.987 Z75.1 E943.04704
G1 X-26.651 Y17.13 Z75.111 E944.10742
G1 X-27.588 Y15.587 Z75.12 E944.95636
G1 X-28.435 Y13.985 Z75.13 E945.80855
G1 X-29.194 Y12.323 Z75.139 E946.66778
G1 X-29.844 Y10.66 Z75.148 E947.50746
G1 X-30.403 Y8.928 Z75.157 E948.36334
G1 X-30.865 Y7.173 Z75.166 E949.21678
G1 X-31.224 Y5.412 Z75.175 E950.06196
G1 X-31.484 Y3.615 Z75.184 E950.91583
G1 X-31.641 Y1.796 Z75.194 E951.77444
G1 X-31.693 Y0.00 Z75.203 E952.61939
G1 X-31.644 Y-1.796 Z75.212 E953.46431
G1 X-31.49 Y-3.616 Z75.221 E954.32326
G1 X-31.231 Y-5.413 Z75.23 E955.17707
G1 X-30.875 Y-7.175 Z75.239 E956.02243
G1 X-30.416 Y-8.931 Z75.248 E956.87597
G1 X-29.854 Y-10.664 Z75.258 E957.73273
G1 X-29.032 Y-12.768 Z75.269 E958.79501
G1 X-28.037 Y-14.802 Z75.28 E959.85985
G1 X-26.929 Y-16.763 Z75.292 E960.91908
G1 X-25.4 Y-19.003 Z75.306 E962.19449
G1 X-23.966 Y-20.763 Z75.317 E963.26211
G1 X-22.432 Y-22.433 Z75.328 E964.3285
G1 X-20.767 Y-23.969 Z75.34 E965.3938
G1 X-19.01 Y-25.404 Z75.351 E966.46062
G1 X-17.149 Y-26.681 Z75.363 E967.52202
G1 X-15.602 Y-27.616 Z75.372 E968.37209
G1 X-13.998 Y-28.463 Z75.381 E969.22511
G1 X-12.335 Y-29.224 Z75.39 E970.08516
G1 X-10.671 Y-29.874 Z75.399 E970.92527
G1 X-8.937 Y-30.437 Z75.409 E971.78263
G1 X-7.18 Y-30.899 Z75.418 E972.63698
G1 X-5.417 Y-31.258 Z75.427 E973.48308
G1 X-3.619 Y-31.519 Z75.436 E974.33748
G1 X-1.798 Y-31.676 Z75.445 E975.19702
G1 X0.00 Y-31.729 Z75.454 E976.04294
G1 X1.798 Y-31.679 Z75.463 E976.88881
G1 X3.62 Y-31.524 Z75.473 E977.74874
G1 X5.419 Y-31.266 Z75.482 E978.60341
G1 X7.183 Y-30.909 Z75.491 E979.44978
G1 X8.941 Y-30.449 Z75.5 E980.30435
;TIME_ELAPSED:487.076502
;LAYER:75
;TYPE:WALL-OUTER
;MESH:rouleau_cylindrical_vase_3mm_large_v1.stl
G1 F2400 X10.664 Y-29.891 Z75.509 E981.15605
G1 X12.783 Y-29.066 Z75.52 E982.22542
G1 X14.813 Y-28.071 Z75.532 E983.28857
G1 X16.394 Y-27.18 Z75.541 E984.14201
G1 X18.289 Y-25.934 Z75.552 E985.20855
G1 X20.088 Y-24.563 Z75.564 E986.27224
G1 X21.447 Y-23.387 Z75.573 E987.1174
G1 X22.765 Y-22.124 Z75.582 E987.97586
G1 X24.278 Y-20.444 Z75.593 E989.03908
G1 X25.684 Y-18.665 Z75.604 E990.10543
G1 X26.706 Y-17.171 Z75.613 E990.95667
G1 X27.865 Y-15.207 Z75.625 E992.02911
G1 X28.869 Y-13.192 Z75.636 E993.08782
G1 X29.581 Y-11.516 Z75.645 E993.94417
G1 X30.191 Y-9.806 Z75.654 E994.79796
G1 X30.818 Y-7.64 Z75.666 E995.85839
G1 X31.291 Y-5.423 Z75.677 E996.92444
G1 X31.553 Y-3.62 Z75.686 E997.78124
G1 X31.709 Y-1.812 Z75.695 E998.63465
G1 X31.762 Y0.00 Z75.704 E999.48714
G1 X31.68 Y2.256 Z75.715 E1000.54877
G1 X31.432 Y4.518 Z75.727 E1001.61889
G1 X31.037 Y6.751 Z75.738 E1002.68531
G1 X30.481 Y8.95 Z75.75 E1003.75198
G1 X29.923 Y10.675 Z75.759 E1004.60458
G1 X29.096 Y12.798 Z75.77 E1005.67604
G1 X28.101 Y14.828 Z75.781 E1006.73919
G1 X27.208 Y16.41 Z75.79 E1007.5935
G1 X25.966 Y18.311 Z75.802 E1008.66137
G1 X24.591 Y20.111 Z75.813 E1009.72657
G1 X23.413 Y21.472 Z75.822 E1010.57306
G1 X22.147 Y22.79 Z75.831 E1011.43249
G1 X20.469 Y24.309 Z75.843 E1012.49691
G1 X18.683 Y25.711 Z75.854 E1013.56468
G1 X17.187 Y26.736 Z75.863 E1014.4175
G1 X15.228 Y27.898 Z75.875 E1015.48863
G1 X13.207 Y28.903 Z75.886 E1016.55008
G1 X11.529 Y29.615 Z75.895 E1017.40729
G1 X9.817 Y30.226 Z75.904 E1018.26213
G1 X7.65 Y30.857 Z75.915 E1019.32352
G1 X5.429 Y31.324 Z75.927 E1020.39083
G1 X3.62 Y31.586 Z75.936 E1021.25043
G1 X1.815 Y31.742 Z75.945 E1022.10243
G1 X0.00 Y31.795 Z75.954 E1022.95633
G1 X-2.26 Y31.719 Z75.965 E1024.01974
G1 X-4.523 Y31.468 Z75.977 E1025.09049
G1 X-6.759 Y31.076 Z75.988 E1026.15805
G1 X-8.96 Y30.513 Z75.999 E1027.22644
G1 X-10.685 Y29.954 Z76.009 E1028.07919
G1 X-12.813 Y29.126 Z76.02 E1029.15301
G1 X-14.842 Y28.13 Z76.031 E1030.21595
G1 X-16.426 Y27.237 Z76.04 E1031.07107
G1 X-18.334 Y25.999 Z76.052 E1032.14068
G1 X-20.134 Y24.62 Z76.063 E1033.20702
G1 X-21.497 Y23.44 Z76.072 E1034.05484
G1 X-22.814 Y22.169 Z76.081 E1034.91556
G1 X-24.34 Y20.494 Z76.093 E1035.98115
G1 X-25.739 Y18.702 Z76.104 E1037.05027
G1 X-26.764 Y17.203 Z76.113 E1037.90425
G1 X-27.935 Y15.243 Z76.125 E1038.97796
G1 X-28.936 Y13.222 Z76.136 E1040.03856
G1 X-29.649 Y11.542 Z76.145 E1040.89682
G1 X-30.261 Y9.828 Z76.154 E1041.7527
G1 X-30.896 Y7.66 Z76.165 E1042.81508
G1 X-31.357 Y5.435 Z76.177 E1043.88366
G1 X-31.619 Y3.621 Z76.186 E1044.74558
G1 X-31.775 Y1.818 Z76.195 E1045.59664
G1 X-31.829 Y0.00 Z76.204 E1046.45197
G1 X-31.758 Y-2.263 Z76.215 E1047.51671
G1 X-31.504 Y-4.528 Z76.227 E1048.58855
G1 X-31.114 Y-6.767 Z76.238 E1049.65734
G1 X-30.545 Y-8.969 Z76.25 E1050.72689
G1 X-29.986 Y-10.695 Z76.259 E1051.58008
G1 X-29.156 Y-12.829 Z76.27 E1052.65687
G1 X-28.16 Y-14.857 Z76.281 E1053.71939
G1 X-27.266 Y-16.442 Z76.291 E1054.57516
G1 X-26.031 Y-18.356 Z76.302 E1055.64637
G1 X-24.648 Y-20.158 Z76.313 E1056.7146
G1 X-23.466 Y-21.521 Z76.322 E1057.56303
G1 X-22.191 Y-22.839 Z76.332 E1058.4254
G1 X-20.519 Y-24.371 Z76.343 E1059.49185
G1 X-18.72 Y-25.766 Z76.354 E1060.56241
G1 X-17.226 Y-26.789 Z76.363 E1061.41392
G1 X-15.265 Y-27.968 Z76.375 E1062.48996
G1 X-13.237 Y-28.97 Z76.386 E1063.55373
G1 X-11.555 Y-29.683 Z76.395 E1064.41286
G1 X-9.839 Y-30.296 Z76.404 E1065.26978
G1 X-7.67 Y-30.935 Z76.416 E1066.33314
G1 X-5.441 Y-31.389 Z76.427 E1067.4029
G1 X-3.621 Y-31.653 Z76.436 E1068.26774
G1 X-1.82 Y-31.809 Z76.445 E1069.11787
G1 X0.00 Y-31.862 Z76.454 E1069.97412
G1 X2.267 Y-31.798 Z76.466 E1071.04065
G1 X4.534 Y-31.54 Z76.477 E1072.11363
G1 X6.775 Y-31.153 Z76.489 E1073.18311
G1 X8.978 Y-30.577 Z76.5 E1074.25394
;TIME_ELAPSED:492.080398
;LAYER:76
;TYPE:WALL-OUTER
;MESH:rouleau_cylindrical_vase_3mm_large_v1.stl
G1 X10.287 Y-30.153 Z76.507 E1074.90101
G1 X12.837 Y-29.19 Z76.521 E1076.18286
G1 X14.872 Y-28.19 Z76.532 E1077.24916
G1 X16.464 Y-27.292 Z76.541 E1078.10873
G1 X17.992 Y-26.312 Z76.55 E1078.96239
G1 X19.45 Y-25.239 Z76.559 E1079.81371
G1 X20.874 Y-24.076 Z76.568 E1080.67833
G1 X22.205 Y-22.854 Z76.577 E1081.52806
G1 X23.793 Y-21.207 Z76.589 E1082.60397
G1 X25.243 Y-19.454 Z76.6 E1083.67382
G1 X26.31 Y-17.987 Z76.609 E1084.52689
G1 X27.288 Y-16.467 Z76.618 E1085.37688
G1 X28.199 Y-14.882 Z76.628 E1086.23661
G1 X29.002 Y-13.252 Z76.637 E1087.09112
G1 X29.716 Y-11.567 Z76.646 E1087.95173
G1 X30.329 Y-9.85 Z76.655 E1088.8091
G1 X30.844 Y-8.105 Z76.664 E1089.66471
G1 X31.245 Y-6.335 Z76.673 E1090.51818
G1 X31.558 Y-4.534 Z76.682 E1091.37783
G1 X31.765 Y-2.751 Z76.691 E1092.22195
G1 X31.889 Y-.443 Z76.703 E1093.3089
G1 X31.833 Y2.274 Z76.716 E1094.5869
G1 X31.575 Y4.538 Z76.728 E1095.65848
G1 X31.264 Y6.342 Z76.737 E1096.51936
G1 X30.844 Y8.108 Z76.746 E1097.37302
G1 X30.193 Y10.3 Z76.758 E1098.44835
G1 X29.222 Y12.85 Z76.771 E1099.73154
G1 X28.221 Y14.888 Z76.783 E1100.79932
G1 X27.321 Y16.483 Z76.792 E1101.66057
G1 X26.341 Y18.011 Z76.801 E1102.51423
G1 X25.269 Y19.473 Z76.81 E1103.36679
G1 X24.105 Y20.899 Z76.819 E1104.23244
G1 X22.881 Y22.233 Z76.828 E1105.08384
G1 X21.235 Y23.824 Z76.84 E1106.1604
G1 X19.477 Y25.273 Z76.851 E1107.23176
G1 X18.009 Y26.342 Z76.86 E1108.08576
G1 X16.487 Y27.32 Z76.869 E1108.93654
G1 X14.897 Y28.231 Z76.878 E1109.79831
G1 X13.267 Y29.034 Z76.888 E1110.65282
G1 X11.58 Y29.748 Z76.897 E1111.51429
G1 X9.86 Y30.363 Z76.906 E1112.37331
G1 X8.115 Y30.877 Z76.915 E1113.22879
G1 X6.343 Y31.282 Z76.924 E1114.08359
G1 X4.539 Y31.596 Z76.933 E1114.94471
G1 X2.744 Y31.804 Z76.942 E1115.7945
G1 X0.442 Y31.93 Z76.954 E1116.87868
G1 X-2.278 Y31.868 Z76.967 E1118.15814
G1 X-4.542 Y31.609 Z76.979 E1119.22978
G1 X-6.348 Y31.298 Z76.988 E1120.09159
G1 X-8.117 Y30.881 Z76.997 E1120.9463
G1 X-10.313 Y30.232 Z77.009 E1122.02317
G1 X-12.863 Y29.254 Z77.022 E1123.30752
G1 X-14.905 Y28.252 Z77.034 E1124.3772
G1 X-16.502 Y27.35 Z77.043 E1125.23973
G1 X-18.03 Y26.371 Z77.052 E1126.09314
G1 X-19.496 Y25.299 Z77.061 E1126.94721
G1 X-20.925 Y24.134 Z77.07 E1127.81425
G1 X-22.26 Y22.909 Z77.079 E1128.66632
G1 X-23.855 Y21.263 Z77.091 E1129.74419
G1 X-25.303 Y19.5 Z77.102 E1130.81707
G1 X-26.374 Y18.031 Z77.111 E1131.672
G1 X-27.353 Y16.506 Z77.12 E1132.52422
G1 X-28.262 Y14.912 Z77.13 E1133.38716
G1 X-29.066 Y13.281 Z77.139 E1134.2423
G1 X-29.781 Y11.592 Z77.148 E1135.10482
G1 X-30.396 Y9.871 Z77.157 E1135.96428
G1 X-30.911 Y8.124 Z77.166 E1136.82079
G1 X-31.32 Y6.35 Z77.175 E1137.67694
G1 X-31.633 Y4.544 Z77.184 E1138.5389
G1 X-31.842 Y2.747 Z77.194 E1139.38968
G1 X-31.971 Y0.443 Z77.205 E1140.47488
G1 X-31.902 Y-2.283 Z77.219 E1141.75724
G1 X-31.644 Y-4.546 Z77.23 E1142.82836
G1 X-31.332 Y-6.354 Z77.239 E1143.69117
G1 X-30.918 Y-8.127 Z77.248 E1144.54739
G1 X-30.271 Y-10.327 Z77.26 E1145.62579
G1 X-29.287 Y-12.875 Z77.274 E1146.91029
G1 X-28.283 Y-14.921 Z77.285 E1147.98207
G1 X-27.379 Y-16.521 Z77.294 E1148.84629
G1 X-26.4 Y-18.049 Z77.303 E1149.6997
G1 X-25.329 Y-19.52 Z77.312 E1150.55539
G1 X-24.163 Y-20.95 Z77.322 E1151.4231
G1 X-22.936 Y-22.287 Z77.331 E1152.27649
G1 X-21.291 Y-23.886 Z77.342 E1153.35533
G1 X-19.524 Y-25.333 Z77.354 E1154.42937
G1 X-18.052 Y-26.406 Z77.363 E1155.286
G1 X-16.526 Y-27.386 Z77.372 E1156.13887
G1 X-14.928 Y-28.294 Z77.381 E1157.0032
G1 X-13.296 Y-29.097 Z77.39 E1157.85856
G1 X-11.605 Y-29.813 Z77.399 E1158.72213
G1 X-9.882 Y-30.429 Z77.409 E1159.58263
G1 X-8.134 Y-30.944 Z77.418 E1160.4396
G1 X-6.358 Y-31.357 Z77.427 E1161.29708
G1 X-4.55 Y-31.671 Z77.436 E1162.16006
G1 X-2.75 Y-31.88 Z77.445 E1163.01223
G1 X-.444 Y-32.013 Z77.457 E1164.09848
G1 X2.287 Y-31.937 Z77.47 E1165.38328
G1 X4.551 Y-31.678 Z77.482 E1166.45492
G1 X6.36 Y-31.367 Z77.491 E1167.31811
G1 X8.137 Y-30.955 Z77.5 E1168.17595
;TIME_ELAPSED:497.083383
;LAYER:77
;TYPE:WALL-OUTER
;MESH:rouleau_cylindrical_vase_3mm_large_v1.stl
G1 X11.173 Y-29.988 Z77.516 E1169.67436
G1 X13.314 Y-29.111 Z77.527 E1170.7624
G1 X14.117 Y-28.717 Z77.532 E1171.18304
G1 X15.724 Y-27.87 Z77.541 E1172.03731
G1 X17.302 Y-26.922 Z77.55 E1172.90301
G1 X18.808 Y-25.893 Z77.559 E1173.76077
G1 X20.26 Y-24.775 Z77.568 E1174.62256
G1 X21.643 Y-23.579 Z77.577 E1175.48241
G1 X23.285 Y-21.969 Z77.588 E1176.56385
G1 X24.778 Y-20.264 Z77.599 E1177.62962
G1 X25.899 Y-18.813 Z77.608 E1178.4919
G1 X26.93 Y-17.309 Z77.617 E1179.34941
G1 X27.881 Y-15.732 Z77.626 E1180.21544
G1 X28.926 Y-13.733 Z77.638 E1181.27621
G1 X29.851 Y-11.604 Z77.649 E1182.36783
G1 X30.148 Y-10.779 Z77.653 E1182.78018
G1 X30.721 Y-9.025 Z77.663 E1183.64793
G1 X31.19 Y-7.244 Z77.672 E1184.51404
G1 X31.551 Y-5.466 Z77.681 E1185.36724
G1 X31.816 Y-3.64 Z77.69 E1186.23494
G1 X31.972 Y-1.83 Z77.699 E1187.08929
G1 X32.038 Y-0.004 Z77.708 E1187.94856
G1 X31.986 Y1.833 Z77.717 E1188.81279
G1 X31.822 Y3.64 Z77.726 E1189.66606
G1 X31.561 Y5.467 Z77.735 E1190.53397
G1 X31.202 Y7.246 Z77.744 E1191.38744
G1 X30.735 Y9.028 Z77.753 E1192.25376
G1 X30.027 Y11.189 Z77.764 E1193.32317
G1 X29.143 Y13.33 Z77.776 E1194.41246
G1 X28.752 Y14.135 Z77.78 E1194.83332
G1 X27.904 Y15.744 Z77.789 E1195.68864
G1 X26.955 Y17.324 Z77.798 E1196.55539
G1 X25.925 Y18.831 Z77.807 E1197.41381
G1 X24.806 Y20.285 Z77.816 E1198.27663
G1 X23.608 Y21.67 Z77.825 E1199.1378
G1 X21.998 Y23.315 Z77.837 E1200.22026
G1 X20.289 Y24.809 Z77.848 E1201.28775
G1 X18.836 Y25.931 Z77.857 E1202.15106
G1 X17.33 Y26.963 Z77.866 E1203.00962
G1 X15.751 Y27.915 Z77.875 E1203.87669
G1 X13.752 Y28.964 Z77.886 E1204.93834
G1 X11.617 Y29.886 Z77.898 E1206.03199
G1 X10.792 Y30.186 Z77.902 E1206.44481
G1 X9.036 Y30.759 Z77.911 E1207.31346
G1 X7.253 Y31.229 Z77.92 E1208.18059
G1 X5.473 Y31.59 Z77.929 E1209.03471
G1 X3.645 Y31.855 Z77.938 E1209.90335
G1 X1.832 Y32.012 Z77.947 E1210.75914
G1 X0.003 Y32.074 Z77.956 E1211.61976
G1 X-1.834 Y32.023 Z77.965 E1212.48398
G1 X-3.645 Y31.861 Z77.974 E1213.33903
G1 X-5.474 Y31.6 Z77.984 E1214.20787
G1 X-7.255 Y31.24 Z77.993 E1215.06236
G1 X-9.04 Y30.773 Z78.002 E1215.93005
G1 X-11.204 Y30.067 Z78.013 E1217.0005
G1 X-13.346 Y29.176 Z78.024 E1218.09149
G1 X-14.153 Y28.788 Z78.029 E1218.51258
G1 X-15.764 Y27.938 Z78.038 E1219.36917
G1 X-17.345 Y26.988 Z78.047 E1220.23657
G1 X-18.854 Y25.957 Z78.056 E1221.09602
G1 X-20.31 Y24.837 Z78.065 E1221.95988
G1 X-21.696 Y23.637 Z78.074 E1222.82203
G1 X-23.346 Y22.028 Z78.085 E1223.90583
G1 X-24.84 Y20.314 Z78.097 E1224.9751
G1 X-25.963 Y18.859 Z78.106 E1225.83944
G1 X-26.996 Y17.351 Z78.115 E1226.69904
G1 X-27.95 Y15.771 Z78.124 E1227.567
G1 X-29.003 Y13.771 Z78.135 E1228.62994
G1 X-29.921 Y11.629 Z78.147 E1229.72587
G1 X-30.224 Y10.806 Z78.151 E1230.13829
G1 X-30.796 Y9.047 Z78.16 E1231.00814
G1 X-31.267 Y7.261 Z78.169 E1231.87675
G1 X-31.63 Y5.479 Z78.178 E1232.73198
G1 X-31.895 Y3.649 Z78.187 E1233.60155
G1 X-32.051 Y1.834 Z78.196 E1234.45824
G1 X-32.11 Y0.001 Z78.205 E1235.32069
G1 X-32.059 Y-1.836 Z78.214 E1236.18491
G1 X-31.9 Y-3.65 Z78.223 E1237.04125
G1 X-31.638 Y-5.481 Z78.233 E1237.91108
G1 X-31.279 Y-7.264 Z78.242 E1238.7664
G1 X-30.81 Y-9.051 Z78.251 E1239.63524
G1 X-30.106 Y-11.22 Z78.262 E1240.70763
G1 X-29.208 Y-13.362 Z78.273 E1241.79989
G1 X-28.823 Y-14.17 Z78.278 E1242.2208
G1 X-27.973 Y-15.783 Z78.287 E1243.07822
G1 X-27.021 Y-17.366 Z78.296 E1243.94691
G1 X-25.988 Y-18.878 Z78.305 E1244.80806
G1 X-24.867 Y-20.335 Z78.314 E1245.67257
G1 X-23.666 Y-21.723 Z78.323 E1246.53574
G1 X-22.057 Y-23.377 Z78.335 E1247.62089
G1 X-20.339 Y-24.871 Z78.346 E1248.69157
G1 X-18.883 Y-25.994 Z78.355 E1249.55629
G1 X-17.372 Y-27.03 Z78.364 E1250.41785
G1 X-15.79 Y-27.984 Z78.373 E1251.28662
G1 X-13.79 Y-29.042 Z78.384 E1252.35065
G1 X-11.641 Y-29.955 Z78.396 E1253.44869
G1 X-10.819 Y-30.262 Z78.4 E1253.86133
G1 X-9.058 Y-30.834 Z78.409 E1254.73206
G1 X-7.27 Y-31.305 Z78.418 E1255.60159
G1 X-5.486 Y-31.669 Z78.427 E1256.45784
G1 X-3.654 Y-31.934 Z78.437 E1257.32834
G1 X-1.837 Y-32.091 Z78.446 E1258.186
G1 X0.00 Y-32.146 Z78.455 E1259.05028
G1 X1.837 Y-32.095 Z78.464 E1259.91449
G1 X3.654 Y-31.94 Z78.473 E1260.77208
G1 X5.487 Y-31.677 Z78.482 E1261.64291
G1 X7.273 Y-31.317 Z78.491 E1262.4997
G1 X9.062 Y-30.848 Z78.5 E1263.36944
;TIME_ELAPSED:502.153963
;LAYER:78
;TYPE:WALL-OUTER
;MESH:rouleau_cylindrical_vase_3mm_large_v1.stl
G1 X11.66 Y-29.967 Z78.513 E1264.65954
G1 X13.367 Y-29.246 Z78.523 E1265.53096
G1 X15.006 Y-28.428 Z78.532 E1266.3924
G1 X16.992 Y-27.293 Z78.543 E1267.46811
G1 X18.901 Y-26.02 Z78.554 E1268.54715
G1 X20.704 Y-24.603 Z78.565 E1269.62557
G1 X22.413 Y-23.051 Z78.577 E1270.71121
G1 X24.015 Y-21.388 Z78.588 E1271.79711
G1 X25.74 Y-19.28 Z78.602 E1273.07805
G1 X27.066 Y-17.388 Z78.613 E1274.16456
G1 X27.535 Y-16.613 Z78.617 E1274.59056
G1 X28.44 Y-15.015 Z78.626 E1275.45419
G1 X29.261 Y-13.375 Z78.635 E1276.31668
G1 X29.984 Y-11.668 Z78.644 E1277.18847
G1 X30.591 Y-9.936 Z78.654 E1278.05155
G1 X31.107 Y-8.18 Z78.663 E1278.91226
G1 X31.527 Y-6.386 Z78.672 E1279.77873
G1 X31.909 Y-4.121 Z78.683 E1280.85893
G1 X32.13 Y-1.827 Z78.694 E1281.94273
G1 X32.184 Y0.00 Z78.703 E1282.80228
G1 X32.162 Y0.901 Z78.708 E1283.22612
G1 X32.021 Y3.218 Z78.719 E1284.31775
G1 X31.714 Y5.495 Z78.73 E1285.39825
G1 X31.537 Y6.388 Z78.735 E1285.82637
G1 X31.121 Y8.183 Z78.744 E1286.69287
G1 X30.608 Y9.94 Z78.753 E1287.55364
G1 X30.001 Y11.674 Z78.762 E1288.4176
G1 X29.281 Y13.382 Z78.771 E1289.28927
G1 X28.464 Y15.026 Z78.78 E1290.1526
G1 X27.331 Y17.015 Z78.791 E1291.22908
G1 X26.05 Y18.923 Z78.803 E1292.30982
G1 X24.636 Y20.732 Z78.814 E1293.38959
G1 X23.08 Y22.442 Z78.825 E1294.47684
G1 X21.417 Y24.049 Z78.837 E1295.56438
G1 X19.665 Y25.493 Z78.848 E1296.63207
G1 X18.933 Y26.053 Z78.852 E1297.06549
G1 X17.024 Y27.341 Z78.864 E1298.14846
G1 X15.034 Y28.477 Z78.875 E1299.22604
G1 X13.389 Y29.296 Z78.884 E1300.09021
G1 X11.683 Y30.019 Z78.893 E1300.96157
G1 X9.948 Y30.631 Z78.902 E1301.82676
G1 X8.19 Y31.147 Z78.911 E1302.68837
G1 X6.394 Y31.568 Z78.92 E1303.55586
G1 X4.127 Y31.953 Z78.932 E1304.63723
G1 X1.828 Y32.167 Z78.943 E1305.72305
G1 X0.00 Y32.222 Z78.952 E1306.5831
G1 X-.902 Y32.203 Z78.956 E1307.00737
G1 X-3.221 Y32.064 Z78.968 E1308.09989
G1 X-5.503 Y31.751 Z78.979 E1309.18309
G1 X-6.396 Y31.578 Z78.984 E1309.61085
G1 X-8.193 Y31.161 Z78.993 E1310.47838
G1 X-9.953 Y30.647 Z79.002 E1311.34063
G1 X-11.689 Y30.036 Z79.011 E1312.2061
G1 X-13.397 Y29.315 Z79.02 E1313.07796
G1 X-15.045 Y28.5 Z79.029 E1313.94255
G1 X-17.038 Y27.369 Z79.04 E1315.0202
G1 X-18.946 Y26.081 Z79.051 E1316.10278
G1 X-20.765 Y24.666 Z79.063 E1317.18654
G1 X-22.471 Y23.11 Z79.074 E1318.27241
G1 X-24.082 Y21.446 Z79.085 E1319.36159
G1 X-25.526 Y19.69 Z79.097 E1320.43073
G1 X-26.083 Y18.956 Z79.101 E1320.86404
G1 X-27.379 Y17.046 Z79.113 E1321.94952
G1 X-28.513 Y15.053 Z79.124 E1323.02786
G1 X-29.331 Y13.404 Z79.133 E1323.8935
G1 X-30.053 Y11.697 Z79.142 E1324.76511
G1 X-30.67 Y9.961 Z79.151 E1325.63152
G1 X-31.187 Y8.201 Z79.16 E1326.49417
G1 X-31.608 Y6.402 Z79.169 E1327.36304
G1 X-31.998 Y4.133 Z79.18 E1328.44573
G1 X-32.205 Y1.829 Z79.192 E1329.5336
G1 X-32.26 Y0.00 Z79.201 E1330.39411
G1 X-32.244 Y-.904 Z79.205 E1330.8193
G1 X-32.108 Y-3.225 Z79.217 E1331.91267
G1 X-31.789 Y-5.511 Z79.228 E1332.99812
G1 X-31.618 Y-6.405 Z79.233 E1333.42616
G1 X-31.201 Y-8.204 Z79.242 E1334.29461
G1 X-30.686 Y-9.965 Z79.251 E1335.15744
G1 X-30.07 Y-11.704 Z79.26 E1336.02503
G1 X-29.35 Y-13.411 Z79.269 E1336.89627
G1 X-28.536 Y-15.065 Z79.278 E1337.76319
G1 X-27.631 Y-16.67 Z79.287 E1338.62969
G1 X-27.155 Y-17.441 Z79.291 E1339.0558
G1 X-26.112 Y-18.968 Z79.3 E1339.92543
G1 X-24.7 Y-20.794 Z79.312 E1341.01093
G1 X-23.139 Y-22.5 Z79.323 E1342.09837
G1 X-21.475 Y-24.116 Z79.335 E1343.18919
G1 X-19.715 Y-25.559 Z79.346 E1344.25949
G1 X-18.979 Y-26.113 Z79.35 E1344.6927
G1 X-17.069 Y-27.418 Z79.362 E1345.78056
G1 X-15.072 Y-28.55 Z79.373 E1346.86007
G1 X-13.418 Y-29.366 Z79.382 E1347.72741
G1 X-11.712 Y-30.088 Z79.391 E1348.59858
G1 X-9.973 Y-30.709 Z79.4 E1349.46695
G1 X-8.211 Y-31.227 Z79.409 E1350.33063
G1 X-6.41 Y-31.649 Z79.418 E1351.20053
G1 X-4.139 Y-32.042 Z79.43 E1352.28439
G1 X-1.83 Y-32.243 Z79.441 E1353.37434
G1 X-0.001 Y-32.297 Z79.45 E1354.23484
G1 X0.905 Y-32.285 Z79.455 E1354.66094
G1 X3.229 Y-32.152 Z79.466 E1355.75564
G1 X5.518 Y-31.826 Z79.477 E1356.84295
G1 X6.413 Y-31.659 Z79.482 E1357.2711
G1 X8.215 Y-31.241 Z79.491 E1358.14103
G1 X9.978 Y-30.725 Z79.5 E1359.0049
;TIME_ELAPSED:507.247483
;LAYER:79
;TYPE:WALL-OUTER
;MESH:rouleau_cylindrical_vase_3mm_large_v1.stl
G1 X10.848 Y-30.415 Z79.505 E1359.43923
G1 X13.01 Y-29.561 Z79.516 E1360.5324
G1 X15.084 Y-28.572 Z79.527 E1361.61295
G1 X16.68 Y-27.672 Z79.536 E1362.47461
G1 X18.622 Y-26.396 Z79.548 E1363.56738
G1 X20.459 Y-25.012 Z79.559 E1364.649
G1 X22.179 Y-23.491 Z79.571 E1365.72876
G1 X23.809 Y-21.851 Z79.582 E1366.81614
G1 X25.01 Y-20.453 Z79.591 E1367.68287
G1 X26.403 Y-18.629 Z79.602 E1368.76218
G1 X27.684 Y-16.684 Z79.614 E1369.85741
G1 X28.132 Y-15.896 Z79.618 E1370.28368
G1 X28.999 Y-14.255 Z79.628 E1371.15649
G1 X29.758 Y-12.595 Z79.637 E1372.01486
G1 X30.442 Y-10.845 Z79.646 E1372.89846
G1 X30.747 Y-9.986 Z79.65 E1373.32713
G1 X31.266 Y-8.222 Z79.659 E1374.19185
G1 X31.768 Y-5.978 Z79.671 E1375.27322
G1 X32.122 Y-3.677 Z79.682 E1376.36804
G1 X32.282 Y-1.835 Z79.691 E1377.23754
G1 X32.337 Y-0.001 Z79.701 E1378.1004
G1 X32.274 Y1.848 Z79.71 E1378.97043
G1 X32.13 Y3.67 Z79.719 E1379.82994
G1 X31.865 Y5.523 Z79.728 E1380.71021
G1 X31.494 Y7.314 Z79.737 E1381.57035
G1 X31.022 Y9.114 Z79.746 E1382.44545
G1 X30.455 Y10.863 Z79.755 E1383.31009
G1 X29.603 Y13.028 Z79.767 E1384.40423
G1 X28.607 Y15.103 Z79.778 E1385.48663
G1 X27.706 Y16.699 Z79.787 E1386.34852
G1 X26.434 Y18.648 Z79.799 E1387.44301
G1 X25.044 Y20.483 Z79.81 E1388.52558
G1 X23.525 Y22.211 Z79.821 E1389.60754
G1 X21.879 Y23.838 Z79.833 E1390.69593
G1 X20.479 Y25.043 Z79.842 E1391.5646
G1 X18.655 Y26.441 Z79.853 E1392.64534
G1 X16.703 Y27.718 Z79.865 E1393.74229
G1 X15.917 Y28.169 Z79.869 E1394.16845
G1 X14.273 Y29.037 Z79.878 E1395.04271
G1 X12.612 Y29.797 Z79.887 E1395.90172
G1 X10.86 Y30.482 Z79.897 E1396.78637
G1 X9.998 Y30.785 Z79.901 E1397.21605
G1 X8.233 Y31.304 Z79.91 E1398.08122
G1 X5.986 Y31.814 Z79.922 E1399.16479
G1 X3.681 Y32.162 Z79.933 E1400.26105
G1 X1.842 Y32.322 Z79.942 E1401.12914
G1 X0.001 Y32.376 Z79.951 E1401.99528
G1 X-1.851 Y32.317 Z79.961 E1402.86666
G1 X-3.676 Y32.169 Z79.97 E1403.72772
G1 X-5.529 Y31.904 Z79.979 E1404.60799
G1 X-7.324 Y31.536 Z79.988 E1405.46969
G1 X-9.126 Y31.063 Z79.997 E1406.34582
G1 X-10.877 Y30.496 Z80.006 E1407.21136
G1 X-13.046 Y29.646 Z80.018 E1408.3069
G1 X-15.121 Y28.642 Z80.029 E1409.39093
G1 X-16.719 Y27.741 Z80.038 E1410.25364
G1 X-18.674 Y26.472 Z80.05 E1411.34973
G1 X-20.507 Y25.075 Z80.061 E1412.43354
G1 X-22.242 Y23.559 Z80.072 E1413.51705
G1 X-23.867 Y21.906 Z80.084 E1414.60713
G1 X-25.076 Y20.506 Z80.093 E1415.47702
G1 X-26.48 Y18.681 Z80.104 E1416.55985
G1 X-27.753 Y16.722 Z80.116 E1417.65853
G1 X-28.207 Y15.938 Z80.12 E1418.08458
G1 X-29.076 Y14.292 Z80.13 E1418.9599
G1 X-29.837 Y12.628 Z80.139 E1419.82038
G1 X-30.522 Y10.874 Z80.148 E1420.7059
G1 X-30.822 Y10.011 Z80.152 E1421.13557
G1 X-31.342 Y8.245 Z80.161 E1422.00132
G1 X-31.86 Y5.994 Z80.173 E1423.08756
G1 X-32.202 Y3.684 Z80.184 E1424.18572
G1 X-32.361 Y1.848 Z80.194 E1425.05237
G1 X-32.415 Y0.00 Z80.203 E1425.9218
G1 X-32.36 Y-1.853 Z80.212 E1426.7936
G1 X-32.209 Y-3.682 Z80.221 E1427.65664
G1 X-31.943 Y-5.535 Z80.23 E1428.53699
G1 X-31.577 Y-7.334 Z80.239 E1429.40033
G1 X-31.104 Y-9.138 Z80.248 E1430.27737
G1 X-30.536 Y-10.892 Z80.257 E1431.1444
G1 X-29.687 Y-13.066 Z80.269 E1432.24196
G1 X-28.677 Y-15.14 Z80.28 E1433.3268
G1 X-27.775 Y-16.739 Z80.289 E1434.19016
G1 X-26.51 Y-18.7 Z80.301 E1435.28758
G1 X-25.107 Y-20.532 Z80.312 E1436.37274
G1 X-23.593 Y-22.274 Z80.324 E1437.45811
G1 X-21.934 Y-23.896 Z80.335 E1438.54921
G1 X-20.533 Y-25.109 Z80.344 E1439.42069
G1 X-18.707 Y-26.518 Z80.356 E1440.50533
G1 X-16.742 Y-27.788 Z80.367 E1441.60561
G1 X-15.958 Y-28.244 Z80.372 E1442.03214
G1 X-14.311 Y-29.115 Z80.381 E1442.90831
G1 X-12.645 Y-29.877 Z80.39 E1443.76984
G1 X-10.888 Y-30.563 Z80.399 E1444.65685
G1 X-10.024 Y-30.86 Z80.404 E1445.0865
G1 X-8.256 Y-31.38 Z80.413 E1445.95315
G1 X-6.002 Y-31.905 Z80.424 E1447.04151
G1 X-3.687 Y-32.242 Z80.436 E1448.14166
G1 X-1.855 Y-32.4 Z80.445 E1449.00639
G1 X0.00 Y-32.455 Z80.454 E1449.87913
G1 X1.856 Y-32.403 Z80.463 E1450.75229
G1 X3.687 Y-32.248 Z80.472 E1451.61643
G1 X5.541 Y-31.982 Z80.482 E1452.49724
G1 X7.344 Y-31.618 Z80.491 E1453.36224
G1 X9.15 Y-31.145 Z80.5 E1454.2402
;TIME_ELAPSED:512.320285
;LAYER:80
;TYPE:WALL-OUTER
;MESH:rouleau_cylindrical_vase_3mm_large_v1.stl
G1 X10.907 Y-30.576 Z80.509 E1455.10871
G1 X12.65 Y-29.899 Z80.518 E1455.98805
G1 X14.307 Y-29.13 Z80.527 E1456.84711
G1 X15.967 Y-28.257 Z80.536 E1457.72913
G1 X17.543 Y-27.307 Z80.545 E1458.59451
G1 X19.081 Y-26.274 Z80.554 E1459.46578
G1 X20.557 Y-25.138 Z80.563 E1460.34168
G1 X21.955 Y-23.929 Z80.573 E1461.21087
G1 X23.621 Y-22.278 Z80.584 E1462.31388
G1 X25.142 Y-20.56 Z80.595 E1463.39294
G1 X26.281 Y-19.086 Z80.604 E1464.26895
G1 X27.316 Y-17.551 Z80.613 E1465.13958
G1 X28.281 Y-15.979 Z80.622 E1466.00702
G1 X29.155 Y-14.325 Z80.632 E1466.88677
G1 X29.916 Y-12.66 Z80.64 E1467.74767
G1 X30.597 Y-10.916 Z80.65 E1468.62813
G1 X31.161 Y-9.15 Z80.659 E1469.49995
G1 X31.634 Y-7.355 Z80.668 E1470.3729
G1 X32.014 Y-5.547 Z80.677 E1471.24173
G1 X32.283 Y-3.692 Z80.686 E1472.1232
G1 X32.441 Y-1.858 Z80.695 E1472.98887
G1 X32.496 Y0.00 Z80.704 E1473.86301
G1 X32.444 Y1.858 Z80.713 E1474.73712
G1 X32.289 Y3.693 Z80.722 E1475.60313
G1 X32.023 Y5.547 Z80.731 E1476.48394
G1 X31.658 Y7.356 Z80.74 E1477.3518
G1 X31.186 Y9.16 Z80.75 E1478.22873
G1 X30.615 Y10.922 Z80.759 E1479.09977
G1 X29.937 Y12.665 Z80.768 E1479.97927
G1 X29.17 Y14.327 Z80.777 E1480.84008
G1 X28.295 Y15.989 Z80.786 E1481.72337
G1 X27.344 Y17.568 Z80.795 E1482.5902
G1 X26.307 Y19.106 Z80.804 E1483.46252
G1 X25.17 Y20.583 Z80.813 E1484.33908
G1 X23.967 Y21.973 Z80.822 E1485.20357
G1 X22.312 Y23.654 Z80.834 E1486.31293
G1 X20.586 Y25.174 Z80.845 E1487.39449
G1 X19.111 Y26.313 Z80.854 E1488.27088
G1 X17.575 Y27.354 Z80.863 E1489.14348
G1 X16 Y28.316 Z80.872 E1490.01139
G1 X14.342 Y29.192 Z80.881 E1490.89323
G1 X12.675 Y29.955 Z80.89 E1491.75539
G1 X10.931 Y30.636 Z80.899 E1492.63584
G1 X9.162 Y31.204 Z80.908 E1493.50958
G1 X7.365 Y31.678 Z80.918 E1494.38356
G1 X5.553 Y32.055 Z80.927 E1495.25394
G1 X3.697 Y32.324 Z80.936 E1496.13588
G1 X1.86 Y32.482 Z80.945 E1497.00295
G1 X0.00 Y32.537 Z80.954 E1497.87804
G1 X-1.86 Y32.486 Z80.963 E1498.75307
G1 X-3.698 Y32.33 Z80.972 E1499.62053
G1 X-5.553 Y32.064 Z80.981 E1500.5018
G1 X-7.367 Y31.698 Z80.99 E1501.37206
G1 X-9.17 Y31.225 Z80.999 E1502.24865
G1 X-10.937 Y30.653 Z81.008 E1503.12207
G1 X-12.681 Y29.976 Z81.018 E1504.00185
G1 X-14.347 Y29.21 Z81.027 E1504.86416
G1 X-16.011 Y28.334 Z81.036 E1505.7485
G1 X-17.592 Y27.382 Z81.045 E1506.61638
G1 X-19.131 Y26.339 Z81.054 E1507.49068
G1 X-20.609 Y25.202 Z81.063 E1508.36761
G1 X-22.009 Y23.991 Z81.072 E1509.23812
G1 X-23.689 Y22.344 Z81.084 E1510.3445
G1 X-25.206 Y20.612 Z81.095 E1511.42726
G1 X-26.346 Y19.136 Z81.104 E1512.3043
G1 X-27.392 Y17.599 Z81.113 E1513.17861
G1 X-28.352 Y16.021 Z81.122 E1514.04723
G1 X-29.23 Y14.359 Z81.131 E1514.93118
G1 X-29.994 Y12.689 Z81.14 E1515.79481
G1 X-30.675 Y10.946 Z81.149 E1516.67483
G1 X-31.247 Y9.175 Z81.158 E1517.55004
G1 X-31.721 Y7.375 Z81.168 E1518.42539
G1 X-32.096 Y5.559 Z81.177 E1519.29742
G1 X-32.365 Y3.702 Z81.186 E1520.17982
G1 X-32.524 Y1.862 Z81.195 E1521.04834
G1 X-32.578 Y0.00 Z81.204 E1521.92435
G1 X-32.527 Y-1.862 Z81.213 E1522.80032
G1 X-32.371 Y-3.703 Z81.222 E1523.66919
G1 X-32.105 Y-5.559 Z81.231 E1524.55093
G1 X-31.738 Y-7.377 Z81.24 E1525.42312
G1 X-31.265 Y-9.181 Z81.25 E1526.30017
G1 X-30.692 Y-10.952 Z81.259 E1527.17552
G1 X-30.014 Y-12.696 Z81.268 E1528.05547
G1 X-29.25 Y-14.366 Z81.277 E1528.9191
G1 X-28.373 Y-16.033 Z81.286 E1529.80491
G1 X-27.419 Y-17.616 Z81.295 E1530.67408
G1 X-26.372 Y-19.156 Z81.304 E1531.54982
G1 X-25.234 Y-20.635 Z81.313 E1532.42741
G1 X-24.022 Y-22.036 Z81.322 E1533.29858
G1 X-22.377 Y-23.723 Z81.334 E1534.40667
G1 X-20.638 Y-25.238 Z81.345 E1535.49128
G1 X-19.161 Y-26.378 Z81.354 E1536.3687
G1 X-17.623 Y-27.429 Z81.363 E1537.24472
G1 X-16.041 Y-28.388 Z81.372 E1538.11471
G1 X-14.376 Y-29.267 Z81.382 E1539.00012
G1 X-12.704 Y-30.033 Z81.391 E1539.865
G1 X-10.961 Y-30.713 Z81.4 E1540.74485
G1 X-9.187 Y-31.289 Z81.409 E1541.62198
G1 X-7.385 Y-31.765 Z81.418 E1542.49848
G1 X-5.564 Y-32.137 Z81.427 E1543.37252
G1 X-3.708 Y-32.406 Z81.436 E1544.25446
G1 X-1.864 Y-32.565 Z81.445 E1545.12486
G1 X0.00 Y-32.62 Z81.454 E1546.00182
G1 X1.864 Y-32.568 Z81.464 E1546.87875
G1 X3.708 Y-32.412 Z81.473 E1547.74902
G1 X5.566 Y-32.146 Z81.482 E1548.63169
G1 X7.388 Y-31.778 Z81.491 E1549.50582
G1 X9.192 Y-31.305 Z81.5 E1550.38286
;TIME_ELAPSED:517.440769
;LAYER:81
;TYPE:WALL-OUTER
;MESH:rouleau_cylindrical_vase_3mm_large_v1.stl
G1 X10.955 Y-30.734 Z81.509 E1551.25435
G1 X12.701 Y-30.057 Z81.518 E1552.135
G1 X14.408 Y-29.278 Z81.527 E1553.01739
G1 X16.041 Y-28.419 Z81.536 E1553.88511
G1 X17.64 Y-27.456 Z81.545 E1554.76291
G1 X19.181 Y-26.404 Z81.554 E1555.64036
G1 X20.661 Y-25.266 Z81.563 E1556.51832
G1 X21.368 Y-24.655 Z81.568 E1556.95776
G1 X22.734 Y-23.403 Z81.577 E1557.82915
G1 X23.415 Y-22.741 Z81.581 E1558.27578
G1 X24.663 Y-21.367 Z81.59 E1559.14869
G1 X25.838 Y-19.931 Z81.599 E1560.02125
G1 X26.411 Y-19.187 Z81.604 E1560.46287
G1 X27.466 Y-17.647 Z81.613 E1561.34073
G1 X28.431 Y-16.049 Z81.622 E1562.21862
G1 X29.293 Y-14.417 Z81.631 E1563.08657
G1 X30.073 Y-12.717 Z81.64 E1563.96617
G1 X30.753 Y-10.976 Z81.649 E1564.84514
G1 X31.333 Y-9.192 Z81.658 E1565.72732
G1 X31.569 Y-8.302 Z81.663 E1566.16033
G1 X32.091 Y-6.026 Z81.674 E1567.25845
G1 X32.448 Y-3.712 Z81.685 E1568.35953
G92 E0
G1 X32.607 Y-1.866 Z81.694 E0.87133
G1 X32.662 Y0.00 Z81.703 E1.74924
G1 X32.61 Y1.866 Z81.712 E2.6271
G1 X32.454 Y3.713 Z81.721 E3.49878
G1 X32.188 Y5.575 Z81.73 E4.38331
G1 X31.705 Y7.859 Z81.742 E5.48116
G1 X31.059 Y10.102 Z81.753 E6.57885
G1 X30.775 Y10.969 Z81.757 E7.00789
G1 X30.096 Y12.717 Z81.766 E7.88976
G1 X29.316 Y14.428 Z81.776 E8.77406
G1 X28.457 Y16.061 Z81.784 E9.64177
G1 X27.491 Y17.665 Z81.794 E10.52232
G1 X26.439 Y19.206 Z81.803 E11.39977
G1 X25.298 Y20.689 Z81.812 E12.27971
G1 X24.69 Y21.398 Z81.816 E12.71894
G1 X23.436 Y22.766 Z81.825 E13.59166
G1 X22.772 Y23.445 Z81.83 E14.03828
G1 X21.397 Y24.698 Z81.839 E14.91311
G1 X19.959 Y25.874 Z81.848 E15.7867
G1 X19.214 Y26.444 Z81.852 E16.22783
G1 X17.671 Y27.501 Z81.861 E17.10738
G1 X16.068 Y28.469 Z81.87 E17.98801
G1 X14.437 Y29.331 Z81.879 E18.85555
G1 X12.73 Y30.113 Z81.888 E19.73853
G1 X10.99 Y30.793 Z81.898 E20.61707
G1 X9.203 Y31.375 Z81.907 E21.50089
G1 X8.313 Y31.614 Z81.911 E21.93425
G1 X6.035 Y32.139 Z81.922 E23.03361
G1 X3.716 Y32.49 Z81.934 E24.13659
G1 X1.868 Y32.65 Z81.943 E25.0089
G1 X0.00 Y32.705 Z81.952 E25.88774
G1 X-1.869 Y32.653 Z81.961 E26.76701
G1 X-3.717 Y32.496 Z81.97 E27.6392
G1 X-5.583 Y32.229 Z81.979 E28.52566
G1 X-7.871 Y31.753 Z81.99 E29.62468
G1 X-10.117 Y31.102 Z82.002 E30.72438
G1 X-10.982 Y30.816 Z82.006 E31.15282
G1 X-12.732 Y30.136 Z82.015 E32.03573
G1 X-14.449 Y29.354 Z82.024 E32.92299
G1 X-16.081 Y28.494 Z82.033 E33.79051
G1 X-17.689 Y27.527 Z82.042 E34.6729
G1 X-19.231 Y26.473 Z82.051 E35.55127
G1 X-20.717 Y25.33 Z82.06 E36.43291
G1 X-21.428 Y24.725 Z82.065 E36.87194
G1 X-22.799 Y23.469 Z82.074 E37.74633
G1 X-23.475 Y22.802 Z82.079 E38.19293
G1 X-24.732 Y21.427 Z82.088 E39.06903
G1 X-25.91 Y19.987 Z82.097 E39.94394
G1 X-26.477 Y19.24 Z82.101 E40.38497
G1 X-27.536 Y17.695 Z82.11 E41.26583
G1 X-28.507 Y16.088 Z82.119 E42.1488
G1 X-29.369 Y14.457 Z82.128 E43.01634
G1 X-30.154 Y12.743 Z82.137 E43.9029
G1 X-30.833 Y11.004 Z82.146 E44.78082
G1 X-31.416 Y9.213 Z82.156 E45.66658
G1 X-31.659 Y8.325 Z82.16 E46.09953
G1 X-32.187 Y6.045 Z82.171 E47.20012
G1 X-32.532 Y3.72 Z82.183 E48.30547
G1 X-32.692 Y1.871 Z82.192 E49.17824
G1 X-32.748 Y0.00 Z82.201 E50.05851
G1 X-32.695 Y-1.871 Z82.21 E50.93874
G1 X-32.538 Y-3.721 Z82.219 E51.81187
G1 X-32.271 Y-5.592 Z82.228 E52.70065
G1 X-31.801 Y-7.884 Z82.239 E53.80094
G1 X-31.146 Y-10.131 Z82.251 E54.90162
G1 X-30.856 Y-10.995 Z82.255 E55.3302
G1 X-30.176 Y-12.747 Z82.264 E56.214
G1 X-29.392 Y-14.469 Z82.273 E57.10378
G1 X-28.531 Y-16.101 Z82.282 E57.97152
G1 X-27.562 Y-17.713 Z82.291 E58.85602
G1 X-26.508 Y-19.256 Z82.3 E59.73477
G1 X-25.362 Y-20.745 Z82.31 E60.61839
G1 X-24.759 Y-21.459 Z82.314 E61.05788
G1 X-23.502 Y-22.831 Z82.323 E61.93294
G1 X-22.833 Y-23.504 Z82.328 E62.3792
G1 X-21.456 Y-24.767 Z82.337 E63.2579
G1 X-20.015 Y-25.947 Z82.346 E64.13377
G1 X-19.267 Y-26.51 Z82.35 E64.57404
G1 X-17.719 Y-27.571 Z82.359 E65.45659
G1 X-16.108 Y-28.544 Z82.368 E66.34166
G1 X-14.477 Y-29.407 Z82.377 E67.20942
G1 X-12.756 Y-30.195 Z82.387 E68.09956
G1 X-11.018 Y-30.873 Z82.396 E68.97688
G1 X-9.224 Y-31.457 Z82.405 E69.86412
G1 X-8.337 Y-31.704 Z82.409 E70.29711
G1 X-6.055 Y-32.235 Z82.421 E71.39894
G1 X-3.724 Y-32.574 Z82.432 E72.50667
G1 X-1.873 Y-32.735 Z82.441 E73.38042
G1 X0.00 Y-32.79 Z82.45 E74.26162
G1 X1.874 Y-32.738 Z82.459 E75.14324
G1 X3.724 Y-32.581 Z82.468 E76.01637
G1 X5.6 Y-32.312 Z82.477 E76.90762
G1 X7.896 Y-31.849 Z82.489 E78.00909
G1 X10.145 Y-31.189 Z82.5 E79.11133
;TIME_ELAPSED:522.625503
;LAYER:82
;TYPE:WALL-OUTER
;MESH:rouleau_cylindrical_vase_3mm_large_v1.stl
G1 X12.784 Y-30.206 Z82.514 E80.43567
G1 X13.62 Y-29.825 Z82.518 E80.86772
G1 X15.293 Y-29.006 Z82.527 E81.74369
G1 X16.933 Y-28.081 Z82.536 E82.62915
G1 X18.524 Y-27.06 Z82.545 E83.51816
G1 X19.27 Y-26.55 Z82.55 E83.94313
G1 X20.772 Y-25.395 Z82.559 E84.83417
G1 X22.179 Y-24.162 Z82.568 E85.71396
G1 X23.525 Y-22.874 Z82.577 E86.59005
G1 X25.103 Y-21.121 Z82.588 E87.69924
G1 X26.555 Y-19.278 Z82.6 E88.80262
G1 X27.068 Y-18.531 Z82.604 E89.22877
G1 X28.093 Y-16.941 Z82.613 E90.1184
G1 X29.021 Y-15.303 Z82.622 E91.00374
G1 X29.844 Y-13.63 Z82.631 E91.88054
G1 X30.225 Y-12.794 Z82.636 E92.31259
G1 X30.915 Y-11.032 Z82.645 E93.20248
G1 X31.624 Y-8.8 Z82.656 E94.3038
G1 X32.175 Y-6.513 Z82.667 E95.41008
G1 X32.483 Y-4.671 Z82.676 E96.28834
G1 X32.699 Y-2.82 Z82.685 E97.16472
G1 X32.809 Y-.922 Z82.695 E98.05879
G1 X32.833 Y0.035 Z82.699 E98.50898
G1 X32.782 Y1.877 Z82.708 E99.37554
G1 X32.706 Y2.8 Z82.713 E99.81107
G1 X32.493 Y4.671 Z82.722 E100.69663
G1 X32.175 Y6.517 Z82.731 E101.57753
G1 X31.763 Y8.348 Z82.74 E102.46013
G1 X31.089 Y10.595 Z82.751 E103.56333
G1 X30.246 Y12.802 Z82.763 E104.67436
G1 X29.868 Y13.64 Z82.767 E105.10668
G1 X29.047 Y15.316 Z82.776 E105.98433
G1 X28.122 Y16.957 Z82.785 E106.8702
G1 X26.852 Y18.921 Z82.796 E107.97009
G1 X25.43 Y20.799 Z82.808 E109.07787
G1 X24.197 Y22.211 Z82.817 E109.95942
G1 X22.905 Y23.556 Z82.826 E110.83648
G1 X21.153 Y25.142 Z82.837 E111.94784
G1 X19.303 Y26.591 Z82.849 E113.05294
G1 X18.558 Y27.108 Z82.853 E113.47938
G1 X16.966 Y28.133 Z82.862 E114.36981
G1 X15.325 Y29.063 Z82.871 E115.25683
G1 X13.65 Y29.887 Z82.88 E116.13469
G1 X12.812 Y30.265 Z82.885 E116.56701
G1 X11.045 Y30.957 Z82.894 E117.45943
G1 X8.813 Y31.671 Z82.905 E118.56147
G1 X6.523 Y32.218 Z82.917 E119.66868
G1 X4.678 Y32.531 Z82.926 E120.54873
G1 X2.824 Y32.746 Z82.935 E121.42645
G1 X0.932 Y32.856 Z82.944 E122.3177
G1 X-.932 Y32.858 Z82.953 E123.19428
G1 X-2.824 Y32.752 Z82.962 E124.08543
G1 X-4.678 Y32.54 Z82.971 E124.96299
G1 X-6.526 Y32.222 Z82.98 E125.84482
G1 X-8.36 Y31.805 Z82.989 E126.72931
G1 X-10.611 Y31.135 Z83 E127.83378
G1 X-12.821 Y30.287 Z83.012 E128.94696
G1 X-13.66 Y29.911 Z83.016 E129.37932
G1 X-15.338 Y29.089 Z83.025 E130.25803
G1 X-16.982 Y28.162 Z83.034 E131.14559
G1 X-18.95 Y26.893 Z83.046 E132.2468
G1 X-20.826 Y25.465 Z83.057 E133.35554
G1 X-22.243 Y24.232 Z83.066 E134.23887
G1 X-23.588 Y22.936 Z83.075 E135.11723
G1 X-25.182 Y21.185 Z83.087 E136.23077
G1 X-26.628 Y19.328 Z83.098 E137.33759
G1 X-27.147 Y18.585 Z83.102 E137.7638
G1 X-28.174 Y16.99 Z83.112 E138.65592
G1 X-29.105 Y15.347 Z83.121 E139.544
G1 X-29.931 Y13.67 Z83.13 E140.42311
G1 X-30.306 Y12.83 Z83.134 E140.85572
G1 X-30.999 Y11.059 Z83.143 E141.75006
G1 X-31.719 Y8.826 Z83.155 E142.85341
G1 X-32.261 Y6.533 Z83.166 E143.96145
G1 X-32.578 Y4.684 Z83.175 E144.84366
G1 X-32.793 Y2.828 Z83.184 E145.72232
G1 X-32.903 Y0.933 Z83.193 E146.61498
G1 X-32.905 Y-.933 Z83.202 E147.4925
G1 X-32.799 Y-2.828 Z83.211 E148.38506
G1 X-32.587 Y-4.685 Z83.22 E149.26402
G1 X-32.269 Y-6.536 Z83.23 E150.14724
G1 X-31.847 Y-8.373 Z83.239 E151.03363
G1 X-31.182 Y-10.627 Z83.25 E152.13878
G1 X-30.327 Y-12.839 Z83.261 E153.25402
G1 X-29.955 Y-13.68 Z83.266 E153.68648
G1 X-29.131 Y-15.36 Z83.275 E154.56645
G1 X-28.203 Y-17.007 Z83.284 E155.45547
G1 X-26.935 Y-18.979 Z83.295 E156.55801
G1 X-25.5 Y-20.853 Z83.307 E157.668
G1 X-24.266 Y-22.275 Z83.316 E158.55341
G1 X-22.967 Y-23.619 Z83.325 E159.43241
G1 X-21.217 Y-25.22 Z83.336 E160.54782
G1 X-19.351 Y-26.667 Z83.348 E161.65827
G1 X-18.611 Y-27.187 Z83.352 E162.0836
G1 X-17.014 Y-28.215 Z83.361 E162.97676
G1 X-15.369 Y-29.147 Z83.37 E163.86589
G1 X-13.69 Y-29.974 Z83.38 E164.74606
G1 X-12.849 Y-30.346 Z83.384 E165.17852
G1 X-11.072 Y-31.041 Z83.393 E166.07583
G1 X-8.839 Y-31.766 Z83.404 E167.1799
G1 X-6.543 Y-32.304 Z83.416 E168.28889
G1 X-4.691 Y-32.625 Z83.425 E169.17281
G1 X-2.832 Y-32.841 Z83.434 E170.05292
G1 X-.935 Y-32.95 Z83.443 E170.9465
G1 X0.935 Y-32.952 Z83.452 E171.8259
G1 X2.832 Y-32.846 Z83.461 E172.71939
G1 X4.692 Y-32.633 Z83.47 E173.59981
G1 X6.545 Y-32.315 Z83.48 E174.48396
G1 X8.385 Y-31.889 Z83.489 E175.37214
G1 X10.643 Y-31.228 Z83.5 E176.47857
;TIME_ELAPSED:527.811088
;LAYER:83
;TYPE:WALL-OUTER
;MESH:rouleau_cylindrical_vase_3mm_large_v1.stl
G1 X12.835 Y-30.376 Z83.511 E177.58453
G1 X14.966 Y-29.378 Z83.523 E178.69113
G1 X17.031 Y-28.243 Z83.534 E179.79926
G1 X18.625 Y-27.221 Z83.543 E180.68971
G1 X20.128 Y-26.115 Z83.552 E181.56727
G1 X21.589 Y-24.924 Z83.561 E182.4537
G1 X22.99 Y-23.641 Z83.57 E183.34707
G1 X23.651 Y-22.999 Z83.575 E183.78041
G1 X24.938 Y-21.597 Z83.584 E184.6754
G1 X26.121 Y-20.134 Z83.593 E185.56019
G1 X27.226 Y-18.637 Z83.602 E186.4352
G1 X28.256 Y-17.039 Z83.611 E187.32927
G1 X29.396 Y-14.976 Z83.622 E188.4377
G1 X30.396 Y-12.844 Z83.633 E189.54513
G1 X31.084 Y-11.085 Z83.643 E190.43336
G1 X31.373 Y-10.206 Z83.647 E190.86849
G1 X31.918 Y-8.394 Z83.656 E191.75833
G1 X32.349 Y-6.553 Z83.665 E192.6475
G1 X32.671 Y-4.697 Z83.674 E193.53336
G1 X32.887 Y-2.836 Z83.683 E194.41441
G1 X32.997 Y-.927 Z83.692 E195.31364
G1 X33.01 Y0.002 Z83.697 E195.75056
G1 X32.96 Y1.889 Z83.706 E196.63827
G1 X32.789 Y3.759 Z83.715 E197.52135
G1 X32.68 Y4.697 Z83.719 E197.96543
G1 X32.36 Y6.556 Z83.729 E198.85252
G1 X31.934 Y8.396 Z83.738 E199.7407
G1 X31.401 Y10.218 Z83.747 E200.63344
G1 X31.108 Y11.079 Z83.751 E201.06114
G1 X30.419 Y12.852 Z83.76 E201.95568
G1 X29.425 Y14.989 Z83.772 E203.06404
G1 X28.283 Y17.055 Z83.783 E204.17416
G1 X27.259 Y18.651 Z83.792 E205.06592
G1 X26.154 Y20.158 Z83.801 E205.94471
G1 X24.961 Y21.621 Z83.81 E206.83247
G1 X23.676 Y23.024 Z83.819 E207.72717
G1 X23.031 Y23.683 Z83.824 E208.16082
G1 X21.628 Y24.972 Z83.833 E209.05679
G1 X20.164 Y26.16 Z83.842 E209.94342
G1 X18.66 Y27.266 Z83.851 E210.82136
G1 X17.062 Y28.295 Z83.86 E211.71518
G1 X14.999 Y29.443 Z83.871 E212.82544
G1 X12.861 Y30.439 Z83.883 E213.93462
G1 X11.098 Y31.128 Z83.892 E214.82477
G1 X10.221 Y31.42 Z83.896 E215.25946
G1 X8.405 Y31.963 Z83.905 E216.15083
G1 X6.563 Y32.393 Z83.914 E217.04035
G1 X4.702 Y32.717 Z83.923 E217.92869
G1 X2.841 Y32.932 Z83.932 E218.80968
G1 X0.937 Y33.042 Z83.942 E219.70657
G1 X-.944 Y33.044 Z83.951 E220.59114
G1 X-1.894 Y32.997 Z83.955 E221.03844
G1 X-4.252 Y32.79 Z83.967 E222.15161
G1 X-6.566 Y32.405 Z83.978 E223.25477
G1 X-8.407 Y31.978 Z83.987 E224.14352
G1 X-10.231 Y31.444 Z83.996 E225.03729
G1 X-11.096 Y31.151 Z84 E225.46678
G1 X-12.869 Y30.462 Z84.01 E226.36131
G1 X-15.013 Y29.472 Z84.021 E227.47187
G1 X-17.079 Y28.322 Z84.032 E228.58382
G1 X-18.676 Y27.298 Z84.041 E229.47596
G1 X-20.189 Y26.193 Z84.05 E230.35704
G1 X-21.653 Y24.998 Z84.059 E231.24575
G1 X-23.059 Y23.711 Z84.069 E232.14213
G1 X-23.716 Y23.063 Z84.073 E232.57609
G1 X-25.006 Y21.659 Z84.082 E233.47273
G1 X-26.199 Y20.194 Z84.091 E234.36121
G1 X-27.306 Y18.684 Z84.1 E235.2417
G1 X-28.334 Y17.086 Z84.109 E236.13526
G1 X-29.49 Y15.022 Z84.121 E237.24777
G1 X-30.482 Y12.877 Z84.132 E238.35915
G1 X-31.173 Y11.111 Z84.141 E239.25095
G1 X-31.466 Y10.236 Z84.146 E239.6849
G1 X-32.008 Y8.415 Z84.155 E240.57839
G1 X-32.438 Y6.574 Z84.164 E241.46745
G1 X-32.763 Y4.707 Z84.173 E242.35865
G1 X-32.978 Y2.846 Z84.182 E243.23964
G1 X-33.088 Y0.938 Z84.191 E244.1384
G1 X-33.09 Y-.947 Z84.2 E245.02486
G1 X-33.047 Y-1.897 Z84.205 E245.47208
G1 X-32.842 Y-4.258 Z84.216 E246.58656
G1 X-32.449 Y-6.577 Z84.227 E247.69266
G1 X-32.023 Y-8.418 Z84.236 E248.5813
G1 X-31.488 Y-10.244 Z84.246 E249.47612
G1 X-31.193 Y-11.112 Z84.25 E249.90724
G1 X-30.505 Y-12.886 Z84.259 E250.80204
G1 X-29.519 Y-15.036 Z84.271 E251.91438
G1 X-28.362 Y-17.102 Z84.282 E253.02793
G1 X-27.337 Y-18.701 Z84.291 E253.92112
G1 X-26.232 Y-20.219 Z84.3 E254.8041
G1 X-25.035 Y-21.685 Z84.309 E255.69413
G1 X-23.746 Y-23.093 Z84.318 E256.59184
G1 X-23.095 Y-23.749 Z84.323 E257.02646
G1 X-21.689 Y-25.04 Z84.332 E257.92411
G1 X-20.224 Y-26.238 Z84.341 E258.81408
G1 X-18.708 Y-27.345 Z84.35 E259.69685
G1 X-17.11 Y-28.374 Z84.359 E260.59066
G1 X-15.045 Y-29.538 Z84.371 E261.70542
G1 X-12.894 Y-30.526 Z84.382 E262.81857
G1 X-11.123 Y-31.217 Z84.391 E263.71257
G1 X-10.251 Y-31.513 Z84.395 E264.14563
G1 X-8.425 Y-32.053 Z84.405 E265.0411
G1 X-6.584 Y-32.483 Z84.414 E265.93017
G1 X-4.712 Y-32.809 Z84.423 E266.82376
G1 X-2.851 Y-33.024 Z84.432 E267.70476
G1 X-.939 Y-33.134 Z84.441 E268.6054
G1 X0.949 Y-33.136 Z84.45 E269.49327
G1 X1.9 Y-33.096 Z84.455 E269.94089
G1 X4.264 Y-32.894 Z84.466 E271.05666
G1 X6.587 Y-32.494 Z84.477 E272.16517
G1 X8.428 Y-32.068 Z84.486 E273.05381
G1 X10.257 Y-31.532 Z84.496 E273.95011
G1 X11.129 Y-31.236 Z84.5 E274.38316
;TIME_ELAPSED:533.025238
;LAYER:84
;TYPE:WALL-OUTER
;MESH:rouleau_cylindrical_vase_3mm_large_v1.stl
G1 X12.038 Y-30.884 Z84.505 E274.84157
G1 X12.903 Y-30.548 Z84.509 E275.27796
G1 X14.624 Y-29.763 Z84.518 E276.16751
G1 X16.309 Y-28.862 Z84.527 E277.06609
G1 X17.928 Y-27.888 Z84.537 E277.95462
G1 X19.495 Y-26.82 Z84.546 E278.84641
G1 X20.24 Y-26.278 Z84.55 E279.27967
G1 X21.723 Y-25.067 Z84.559 E280.18006
G1 X23.126 Y-23.782 Z84.568 E281.07476
G1 X24.435 Y-22.419 Z84.578 E281.96347
G1 X25.074 Y-21.721 Z84.582 E282.40849
G1 X26.277 Y-20.254 Z84.591 E283.30068
G1 X27.391 Y-18.722 Z84.6 E284.19146
G1 X27.898 Y-17.938 Z84.605 E284.63053
G1 X28.876 Y-16.318 Z84.614 E285.52043
G1 X29.78 Y-14.634 Z84.623 E286.41926
G1 X30.569 Y-12.913 Z84.632 E287.30959
G1 X30.908 Y-12.049 Z84.637 E287.74606
G1 X31.566 Y-10.245 Z84.646 E288.6491
G1 X31.827 Y-9.365 Z84.65 E289.08075
G1 X32.317 Y-7.511 Z84.66 E289.98257
G1 X32.693 Y-5.664 Z84.669 E290.86898
G1 X32.965 Y-3.789 Z84.678 E291.75996
G1 X33.129 Y-1.88 Z84.687 E292.66101
G1 X33.196 Y0.00 Z84.696 E293.54568
G1 X33.145 Y1.884 Z84.705 E294.43199
G1 X32.983 Y3.787 Z84.714 E295.33015
G1 X32.705 Y5.665 Z84.723 E296.22294
G1 X32.332 Y7.514 Z84.732 E297.10998
G1 X31.845 Y9.369 Z84.742 E298.0119
G1 X31.585 Y10.249 Z84.746 E298.44342
G1 X30.931 Y12.057 Z84.755 E299.34758
G1 X30.591 Y12.923 Z84.76 E299.7851
G1 X29.807 Y14.645 Z84.769 E300.67488
G1 X28.906 Y16.334 Z84.778 E301.57511
G1 X27.931 Y17.956 Z84.787 E302.46509
G1 X26.861 Y19.525 Z84.796 E303.35819
G1 X26.316 Y20.268 Z84.801 E303.79152
G1 X25.102 Y21.755 Z84.81 E304.69426
G1 X23.819 Y23.157 Z84.819 E305.58798
G1 X22.453 Y24.473 Z84.828 E306.47999
G1 X21.756 Y25.108 Z84.833 E306.9234
G1 X20.284 Y26.314 Z84.842 E307.8183
G1 X18.748 Y27.431 Z84.851 E308.71144
G1 X17.966 Y27.941 Z84.856 E309.15048
G1 X16.344 Y28.921 Z84.865 E310.04168
G1 X14.654 Y29.824 Z84.874 E310.94277
G1 X12.933 Y30.612 Z84.883 E311.8329
G1 X12.067 Y30.956 Z84.887 E312.27111
G1 X10.258 Y31.612 Z84.897 E313.17604
G1 X9.379 Y31.876 Z84.901 E313.60764
G1 X7.522 Y32.366 Z84.91 E314.51082
G1 X5.672 Y32.743 Z84.919 E315.3987
G1 X3.794 Y33.015 Z84.929 E316.29109
G1 X1.883 Y33.18 Z84.938 E317.19311
G1 X0.00 Y33.236 Z84.947 E318.07902
G1 X-1.885 Y33.192 Z84.956 E318.96572
G1 X-3.798 Y33.03 Z84.965 E319.86857
G1 X-5.674 Y32.755 Z84.974 E320.76022
G1 X-7.525 Y32.381 Z84.983 E321.64828
G1 X-9.384 Y31.895 Z84.993 E322.55189
G1 X-10.263 Y31.631 Z84.997 E322.9835
G1 X-12.076 Y30.979 Z85.006 E323.88956
G1 X-12.944 Y30.634 Z85.011 E324.32881
G1 X-14.665 Y29.85 Z85.02 E325.21817
G1 X-16.36 Y28.951 Z85.029 E326.12045
G1 X-17.983 Y27.974 Z85.038 E327.01132
G1 X-19.555 Y26.902 Z85.047 E327.90611
G1 X-20.296 Y26.355 Z85.052 E328.33924
G1 X-21.787 Y25.138 Z85.061 E329.24433
G1 X-23.188 Y23.855 Z85.07 E330.13771
G1 X-24.511 Y22.488 Z85.079 E331.03233
G1 X-25.141 Y21.79 Z85.084 E331.47451
G1 X-26.351 Y20.314 Z85.093 E332.37206
G1 X-27.471 Y18.773 Z85.102 E333.26793
G1 X-27.984 Y17.993 Z85.107 E333.70696
G1 X-28.966 Y16.369 Z85.116 E334.59945
G1 X-29.868 Y14.673 Z85.125 E335.50281
G1 X-30.655 Y12.954 Z85.134 E336.39189
G1 X-31.003 Y12.086 Z85.139 E336.83167
G1 X-31.658 Y10.271 Z85.148 E337.73909
G1 X-31.926 Y9.393 Z85.152 E338.17079
G1 X-32.416 Y7.534 Z85.162 E339.07489
G1 X-32.793 Y5.681 Z85.171 E339.96415
G1 X-33.066 Y3.8 Z85.18 E340.85799
G1 X-33.232 Y1.886 Z85.189 E341.76146
G1 X-33.288 Y0.00 Z85.198 E342.64878
G1 X-33.24 Y-1.887 Z85.207 E343.53647
G1 X-33.077 Y-3.802 Z85.216 E344.44029
G1 X-32.805 Y-5.682 Z85.226 E345.3336
G1 X-32.431 Y-7.537 Z85.235 E346.22351
G1 X-31.944 Y-9.398 Z85.244 E347.12815
G1 X-31.676 Y-10.276 Z85.248 E347.55985
G1 X-31.026 Y-12.094 Z85.258 E348.4678
G1 X-30.677 Y-12.965 Z85.262 E348.90906
G1 X-29.894 Y-14.685 Z85.271 E349.7978
G1 X-28.995 Y-16.385 Z85.28 E350.70216
G1 X-28.016 Y-18.011 Z85.29 E351.59472
G1 X-26.943 Y-19.585 Z85.299 E352.49056
G1 X-26.394 Y-20.325 Z85.303 E352.92387
G1 X-25.173 Y-21.82 Z85.312 E353.8316
G1 X-23.892 Y-23.218 Z85.322 E354.72331
G1 X-22.523 Y-24.549 Z85.331 E355.62123
G1 X-21.824 Y-25.175 Z85.335 E356.0625
G1 X-20.344 Y-26.388 Z85.344 E356.96239
G1 X-18.799 Y-27.512 Z85.354 E357.86089
G1 X-18.021 Y-28.027 Z85.358 E358.29966
G1 X-16.394 Y-29.01 Z85.367 E359.19359
G1 X-14.693 Y-29.912 Z85.377 E360.09903
G1 X-12.975 Y-30.698 Z85.386 E360.98749
G1 X-12.104 Y-31.051 Z85.39 E361.42946
G1 X-10.285 Y-31.704 Z85.399 E362.33833
G1 X-9.408 Y-31.975 Z85.404 E362.77
G1 X-7.545 Y-32.466 Z85.413 E363.67602
G1 X-5.689 Y-32.843 Z85.422 E364.56667
G1 X-3.805 Y-33.116 Z85.431 E365.46191
G1 X-1.888 Y-33.283 Z85.441 E366.36683
G1 X0.00 Y-33.339 Z85.45 E367.25509
G1 X1.889 Y-33.287 Z85.459 E368.14376
G1 X3.806 Y-33.124 Z85.468 E369.04852
G1 X5.691 Y-32.854 Z85.477 E369.94403
G1 X7.548 Y-32.48 Z85.486 E370.83485
G1 X9.413 Y-31.993 Z85.496 E371.74132
G1 X10.29 Y-31.722 Z85.5 E372.17298
;TIME_ELAPSED:538.233843
;LAYER:85
;TYPE:WALL-OUTER
;MESH:rouleau_cylindrical_vase_3mm_large_v1.stl
G1 X11.667 Y-31.233 Z85.507 E372.86016
G1 X12.967 Y-30.728 Z85.514 E373.51602
G1 X13.87 Y-30.318 Z85.518 E373.9824
G1 X15.917 Y-29.3 Z85.529 E375.05751
G1 X17.641 Y-28.299 Z85.539 E375.99501
G1 X19.225 Y-27.252 Z85.548 E376.88793
G1 X20.73 Y-26.127 Z85.557 E377.77157
G1 X21.858 Y-25.203 Z85.564 E378.45729
G1 X23.24 Y-23.938 Z85.573 E379.33835
G1 X24.265 Y-22.888 Z85.579 E380.0284
G1 X25.209 Y-21.859 Z85.586 E380.68509
G1 X26.132 Y-20.736 Z85.593 E381.36869
G1 X26.972 Y-19.625 Z85.6 E382.02369
G1 X27.553 Y-18.825 Z85.604 E382.48865
G1 X28.312 Y-17.65 Z85.611 E383.14648
G1 X29.05 Y-16.426 Z85.618 E383.81862
G1 X30.113 Y-14.377 Z85.629 E384.90416
G1 X30.75 Y-12.977 Z85.636 E385.62748
G1 X31.26 Y-11.677 Z85.643 E386.28419
G1 X31.746 Y-10.311 Z85.65 E386.96603
G1 X32.266 Y-8.504 Z85.659 E387.85029
G1 X32.613 Y-7.09 Z85.666 E388.53498
G1 X32.968 Y-5.203 Z85.675 E389.43794
G1 X33.212 Y-3.315 Z85.684 E390.3332
G1 X33.33 Y-1.925 Z85.69 E390.98922
G1 X33.363 Y-.933 Z85.695 E391.45599
G1 X33.366 Y0.932 Z85.704 E392.33304
G1 X33.297 Y2.406 Z85.711 E393.02698
G1 X33.175 Y3.79 Z85.718 E393.68035
G1 X32.979 Y5.204 Z85.724 E394.35167
G1 X32.628 Y7.092 Z85.734 E395.25475
G1 X32.288 Y8.495 Z85.74 E395.93364
G1 X31.765 Y10.317 Z85.749 E396.82507
G1 X31.284 Y11.685 Z85.756 E397.50701
G1 X30.774 Y12.986 Z85.763 E398.16416
G1 X30.177 Y14.31 Z85.77 E398.84716
G1 X29.299 Y16.035 Z85.779 E399.75741
G1 X28.346 Y17.67 Z85.788 E400.64738
G1 X27.3 Y19.249 Z85.797 E401.53808
G1 X26.169 Y20.764 Z85.806 E402.42718
G1 X25.239 Y21.892 Z85.813 E403.11469
G1 X23.974 Y23.273 Z85.822 E403.99541
G1 X22.925 Y24.304 Z85.829 E404.6871
G1 X21.893 Y25.244 Z85.836 E405.34356
G1 X20.77 Y26.174 Z85.843 E406.02926
G1 X19.259 Y27.307 Z85.852 E406.91741
G1 X17.678 Y28.359 Z85.861 E407.81046
G1 X16.451 Y29.092 Z85.867 E408.4826
G1 X14.738 Y29.999 Z85.877 E409.39412
G1 X13 Y30.793 Z85.886 E410.2927
G1 X11.695 Y31.311 Z85.892 E410.95298
G1 X10.327 Y31.792 Z85.899 E411.63492
G1 X8.505 Y32.321 Z85.908 E412.52713
G1 X7.101 Y32.666 Z85.915 E413.20703
G1 X5.211 Y33.021 Z85.924 E414.11138
G1 X3.794 Y33.217 Z85.931 E414.7841
G1 X1.929 Y33.379 Z85.94 E415.66446
G1 X0.00 Y33.437 Z85.949 E416.57202
G1 X-1.929 Y33.383 Z85.958 E417.47952
G1 X-3.794 Y33.224 Z85.967 E418.35975
G1 X-5.212 Y33.033 Z85.974 E419.03262
G1 X-7.103 Y32.681 Z85.983 E419.93717
G1 X-8.509 Y32.338 Z85.99 E420.61776
G1 X-10.333 Y31.811 Z85.999 E421.51062
G1 X-11.703 Y31.335 Z86.006 E422.19267
G1 X-13.562 Y30.58 Z86.016 E423.13625
G1 X-15.969 Y29.397 Z86.028 E424.39751
G1 X-17.698 Y28.392 Z86.038 E425.33799
G1 X-19.286 Y27.341 Z86.047 E426.23352
G1 X-20.799 Y26.211 Z86.056 E427.12158
G1 X-21.925 Y25.275 Z86.063 E427.81016
G1 X-23.306 Y24.01 Z86.072 E428.69088
G1 X-24.343 Y22.963 Z86.079 E429.38388
G1 X-25.28 Y21.927 Z86.086 E430.04079
G1 X-26.216 Y20.804 Z86.093 E430.72829
G1 X-27.356 Y19.284 Z86.102 E431.6218
G1 X-28.405 Y17.706 Z86.111 E432.51289
G1 X-29.137 Y16.471 Z86.117 E433.18803
G1 X-30.212 Y14.421 Z86.128 E434.27659
G1 X-30.841 Y13.013 Z86.136 E435.0018
G1 X-31.362 Y11.713 Z86.142 E435.66041
G1 X-31.838 Y10.343 Z86.149 E436.34246
G1 X-32.372 Y8.518 Z86.158 E437.23669
G1 X-32.72 Y7.112 Z86.165 E437.91784
G1 X-33.075 Y5.218 Z86.174 E438.82404
G1 X-33.321 Y3.324 Z86.184 E439.72221
G1 X-33.428 Y1.933 Z86.19 E440.37829
G1 X-33.468 Y0.935 Z86.195 E440.848
G1 X-33.47 Y-.935 Z86.204 E441.7274
G1 X-33.405 Y-2.427 Z86.211 E442.42971
G1 X-33.273 Y-3.798 Z86.217 E443.07743
G1 X-33.086 Y-5.219 Z86.224 E443.75144
G1 X-32.734 Y-7.114 Z86.233 E444.65784
G1 X-32.385 Y-8.535 Z86.24 E445.34596
G1 X-31.857 Y-10.35 Z86.249 E446.23488
G1 X-31.386 Y-11.721 Z86.256 E446.9166
G1 X-30.864 Y-13.023 Z86.263 E447.57627
G1 X-30.276 Y-14.355 Z86.27 E448.26099
G1 X-29.395 Y-16.085 Z86.279 E449.17397
G1 X-28.439 Y-17.726 Z86.288 E450.06709
G1 X-27.668 Y-18.893 Z86.295 E450.72485
G1 X-27.095 Y-19.712 Z86.3 E451.19491
G1 X-26.253 Y-20.833 Z86.306 E451.85422
G1 X-25.311 Y-21.958 Z86.313 E452.54425
G1 X-24.046 Y-23.339 Z86.322 E453.42497
G1 X-23 Y-24.382 Z86.329 E454.11963
G1 X-21.961 Y-25.315 Z86.336 E454.77633
G1 X-20.839 Y-26.259 Z86.343 E455.46588
G1 X-19.322 Y-27.395 Z86.352 E456.35714
G1 X-17.734 Y-28.452 Z86.361 E457.25423
G1 X-16.502 Y-29.177 Z86.368 E457.92648
G1 X-14.449 Y-30.26 Z86.379 E459.01804
G1 X-13.032 Y-30.886 Z86.386 E459.74654
G1 X-11.731 Y-31.413 Z86.393 E460.40665
G1 X-10.36 Y-31.885 Z86.4 E461.08853
G1 X-8.531 Y-32.423 Z86.409 E461.98509
G1 X-7.122 Y-32.773 Z86.416 E462.66783
G1 X-5.226 Y-33.129 Z86.425 E463.57505
G1 X-3.329 Y-33.376 Z86.434 E464.47468
G1 X-1.937 Y-33.477 Z86.441 E465.13101
G1 X0.00 Y-33.535 Z86.45 E466.04233
G1 X1.937 Y-33.481 Z86.459 E466.9536
G1 X3.802 Y-33.323 Z86.468 E467.83379
G1 X5.227 Y-33.14 Z86.475 E468.50943
G1 X7.125 Y-32.788 Z86.484 E469.41722
G1 X8.536 Y-32.439 Z86.491 E470.10077
G1 X10.366 Y-31.903 Z86.5 E470.99751
;TIME_ELAPSED:543.496898
;LAYER:86
;TYPE:WALL-OUTER
;MESH:rouleau_cylindrical_vase_3mm_large_v1.stl
G1 X11.709 Y-31.446 Z86.507 E471.66465
G1 X13.076 Y-30.895 Z86.514 E472.35776
G1 X14.778 Y-30.105 Z86.523 E473.24018
G1 X15.672 Y-29.666 Z86.527 E473.70855
G1 X17.332 Y-28.73 Z86.536 E474.60475
G1 X19.266 Y-27.482 Z86.547 E475.68717
G1 X20.868 Y-26.294 Z86.557 E476.62509
G1 X21.979 Y-25.358 Z86.563 E477.30826
G1 X23.026 Y-24.403 Z86.57 E477.97469
G1 X24.472 Y-22.979 Z86.58 E478.92908
G1 X26.241 Y-20.942 Z86.593 E480.19783
G1 X27.166 Y-19.715 Z86.6 E480.92044
G1 X28.243 Y-18.143 Z86.609 E481.81656
G1 X28.743 Y-17.341 Z86.613 E482.26101
G1 X29.67 Y-15.68 Z86.622 E483.15554
G1 X30.138 Y-14.79 Z86.627 E483.62842
G1 X30.916 Y-13.087 Z86.636 E484.50891
G1 X31.472 Y-11.721 Z86.643 E485.20247
G1 X32.067 Y-9.929 Z86.652 E486.09043
G1 X32.479 Y-8.519 Z86.659 E486.78124
G1 X32.91 Y-6.673 Z86.668 E487.6727
G1 X33.236 Y-4.804 Z86.677 E488.5649
G1 X33.363 Y-3.83 Z86.681 E489.02682
G1 X33.528 Y-1.94 Z86.69 E489.91901
G1 X33.572 Y-.938 Z86.695 E490.39068
G1 X33.574 Y0.938 Z86.704 E491.2729
G1 X33.513 Y2.395 Z86.711 E491.95868
G1 X33.371 Y3.83 Z86.718 E492.63682
G1 X33.103 Y5.707 Z86.727 E493.52846
G1 X32.923 Y6.675 Z86.731 E493.99149
G1 X32.495 Y8.521 Z86.74 E494.88263
G1 X32.086 Y9.94 Z86.747 E495.57711
G1 X31.494 Y11.729 Z86.756 E496.46329
G1 X30.941 Y13.097 Z86.763 E497.15719
G1 X30.164 Y14.805 Z86.772 E498.03962
G1 X29.712 Y15.693 Z86.777 E498.5082
G1 X28.775 Y17.358 Z86.786 E499.40668
G1 X27.526 Y19.296 Z86.797 E500.49093
G1 X26.332 Y20.901 Z86.806 E501.43167
G1 X25.397 Y22.012 Z86.813 E502.11454
G1 X24.119 Y23.409 Z86.822 E503.00494
G1 X23.072 Y24.457 Z86.829 E503.70159
G1 X22.016 Y25.399 Z86.836 E504.36706
G1 X20.547 Y26.606 Z86.845 E505.26117
G1 X19.749 Y27.204 Z86.849 E505.73012
G1 X18.171 Y28.285 Z86.858 E506.62963
G1 X17.366 Y28.787 Z86.863 E507.07578
G1 X15.697 Y29.723 Z86.872 E507.97566
G1 X13.623 Y30.737 Z86.883 E509.06133
G1 X11.653 Y31.551 Z86.893 E510.06373
G1 X9.492 Y32.251 Z86.904 E511.13197
G1 X8.542 Y32.525 Z86.908 E511.59693
G1 X6.682 Y32.96 Z86.917 E512.49524
G1 X4.81 Y33.286 Z86.926 E513.38883
G1 X3.836 Y33.413 Z86.931 E513.85075
G1 X1.942 Y33.578 Z86.94 E514.74481
G1 X0.00 Y33.636 Z86.949 E515.65848
G1 X-1.942 Y33.582 Z86.958 E516.5721
G1 X-3.837 Y33.421 Z86.967 E517.46647
G1 X-5.733 Y33.15 Z86.977 E518.36716
G1 X-6.684 Y32.973 Z86.981 E518.82207
G1 X-8.546 Y32.542 Z86.99 E519.72086
G1 X-10.392 Y32.002 Z86.999 E520.62536
G1 X-11.739 Y31.545 Z87.006 E521.29427
G1 X-13.12 Y30.987 Z87.013 E521.99473
G1 X-14.826 Y30.202 Z87.022 E522.87786
G1 X-15.717 Y29.757 Z87.027 E523.34623
G1 X-17.383 Y28.818 Z87.036 E524.24557
G1 X-19 Y27.781 Z87.045 E525.14893
G1 X-19.773 Y27.237 Z87.049 E525.59345
G1 X-21.288 Y26.073 Z87.058 E526.49191
G1 X-23.041 Y24.543 Z87.069 E527.58612
G1 X-24.156 Y23.445 Z87.077 E528.32204
G1 X-25.438 Y22.049 Z87.086 E529.21336
G1 X-26.647 Y20.577 Z87.095 E530.10915
G1 X-27.251 Y19.772 Z87.099 E530.58243
G1 X-28.327 Y18.199 Z87.108 E531.47867
G1 X-28.831 Y17.392 Z87.113 E531.92611
G1 X-29.77 Y15.722 Z87.122 E532.8271
G1 X-30.79 Y13.652 Z87.133 E533.91232
G1 X-31.568 Y11.755 Z87.143 E534.87653
G1 X-32.172 Y9.965 Z87.152 E535.76494
G1 X-32.578 Y8.542 Z87.159 E536.46084
G1 X-33.01 Y6.692 Z87.168 E537.35424
G1 X-33.337 Y4.817 Z87.177 E538.24931
G1 X-33.464 Y3.843 Z87.181 E538.71123
G1 X-33.629 Y1.944 Z87.19 E539.60763
G1 X-33.673 Y0.942 Z87.195 E540.0793
G1 X-33.675 Y-.942 Z87.204 E540.96528
G1 X-33.614 Y-2.396 Z87.211 E541.64966
G1 X-33.471 Y-3.843 Z87.218 E542.33345
G1 X-33.203 Y-5.726 Z87.227 E543.22789
G1 X-33.023 Y-6.694 Z87.231 E543.69092
G1 X-32.594 Y-8.546 Z87.24 E544.58491
G1 X-32.195 Y-9.965 Z87.247 E545.27811
G1 X-31.591 Y-11.763 Z87.256 E546.17008
G1 X-31.034 Y-13.138 Z87.263 E546.86774
G1 X-30.254 Y-14.851 Z87.272 E547.7529
G1 X-29.798 Y-15.748 Z87.277 E548.22611
G1 X-28.862 Y-17.409 Z87.286 E549.12271
G1 X-27.611 Y-19.351 Z87.297 E550.20906
G1 X-26.408 Y-20.968 Z87.306 E551.15684
G1 X-25.474 Y-22.078 Z87.313 E551.83905
G1 X-24.526 Y-23.14 Z87.32 E552.50851
G1 X-23.083 Y-24.589 Z87.33 E553.47019
G1 X-21.043 Y-26.36 Z87.342 E554.74062
G1 X-19.802 Y-27.292 Z87.35 E555.47048
G1 X-18.226 Y-28.369 Z87.359 E556.36815
G1 X-17.417 Y-28.875 Z87.363 E556.81689
G1 X-15.747 Y-29.819 Z87.372 E557.71902
G1 X-13.672 Y-30.842 Z87.383 E558.80698
G1 X-11.688 Y-31.651 Z87.393 E559.81458
G1 X-9.522 Y-32.355 Z87.404 E560.88563
G1 X-8.567 Y-32.624 Z87.409 E561.35222
G1 X-6.701 Y-33.061 Z87.418 E562.25348
G1 X-4.823 Y-33.387 Z87.427 E563.14985
G1 X-3.849 Y-33.514 Z87.432 E563.61177
G1 X-1.946 Y-33.68 Z87.441 E564.51009
G1 X0.00 Y-33.738 Z87.45 E565.42564
G1 X1.946 Y-33.684 Z87.459 E566.34114
G1 X3.85 Y-33.522 Z87.468 E567.23977
G1 X5.752 Y-33.25 Z87.477 E568.14332
G1 X6.703 Y-33.073 Z87.482 E568.59823
G1 X8.571 Y-32.64 Z87.491 E569.49998
G1 X10.421 Y-32.099 Z87.5 E570.40641
;TIME_ELAPSED:548.791021
;LAYER:87
;TYPE:WALL-OUTER
;MESH:rouleau_cylindrical_vase_3mm_large_v1.stl
G1 X11.799 Y-31.631 Z87.507 E571.0908
G1 X13.132 Y-31.092 Z87.514 E571.76698
G1 X14.885 Y-30.294 Z87.523 E572.67276
G1 X15.752 Y-29.854 Z87.527 E573.12998
G1 X17.435 Y-28.906 Z87.536 E574.03836
G1 X19.06 Y-27.862 Z87.546 E574.94667
G1 X19.831 Y-27.32 Z87.55 E575.38988
G1 X21.354 Y-26.151 Z87.559 E576.29276
G1 X22.124 Y-25.503 Z87.564 E576.76603
G1 X23.527 Y-24.217 Z87.573 E577.66105
G1 X24.217 Y-23.527 Z87.577 E578.11994
G1 X25.495 Y-22.122 Z87.586 E579.01312
G1 X26.46 Y-20.997 Z87.593 E579.71014
G1 X27.333 Y-19.832 Z87.6 E580.39476
G1 X28.401 Y-18.271 Z87.609 E581.28422
G1 X28.92 Y-17.443 Z87.614 E581.74377
G1 X29.871 Y-15.761 Z87.623 E582.65244
G1 X30.704 Y-14.046 Z87.632 E583.54906
G1 X31.12 Y-13.131 Z87.637 E584.02174
G1 X31.807 Y-11.375 Z87.645 E584.90848
G1 X32.311 Y-9.881 Z87.653 E585.64996
G1 X32.889 Y-7.67 Z87.664 E586.72467
G1 X33.112 Y-6.707 Z87.668 E587.18952
G1 X33.492 Y-4.44 Z87.679 E588.27049
G1 X33.695 Y-2.407 Z87.689 E589.23131
G1 X33.776 Y-.945 Z87.696 E589.91989
G1 X33.778 Y0.945 Z87.705 E590.8087
G1 X33.716 Y2.412 Z87.711 E591.4992
G1 X33.573 Y3.857 Z87.718 E592.18206
G1 X33.305 Y5.744 Z87.727 E593.07836
G1 X32.909 Y7.659 Z87.737 E593.99798
G1 X32.333 Y9.881 Z87.747 E595.07746
G1 X31.679 Y11.822 Z87.757 E596.04067
G1 X31.145 Y13.14 Z87.764 E596.70943
G1 X30.346 Y14.897 Z87.773 E597.61712
G1 X29.901 Y15.775 Z87.777 E598.08002
G1 X28.951 Y17.461 Z87.787 E598.99009
G1 X27.906 Y19.089 Z87.796 E599.89984
G1 X27.368 Y19.855 Z87.8 E600.34004
G1 X26.191 Y21.388 Z87.809 E601.24894
G1 X25.549 Y22.151 Z87.814 E601.71788
G1 X24.254 Y23.564 Z87.823 E602.61922
G1 X23.565 Y24.255 Z87.828 E603.07812
G1 X22.163 Y25.545 Z87.837 E603.97406
G1 X21.027 Y26.487 Z87.844 E604.66807
G1 X19.871 Y27.369 Z87.85 E605.35186
G1 X18.3 Y28.445 Z87.859 E606.24733
G1 X17.469 Y28.965 Z87.864 E606.70832
G1 X15.786 Y29.917 Z87.873 E607.61764
G1 X14.054 Y30.77 Z87.882 E608.52556
G1 X13.162 Y31.164 Z87.887 E608.98414
G1 X11.393 Y31.856 Z87.896 E609.87743
G1 X10.433 Y32.175 Z87.901 E610.35317
G1 X8.62 Y32.717 Z87.909 E611.24305
G1 X7.669 Y32.947 Z87.914 E611.70317
G1 X5.766 Y33.335 Z87.923 E612.6165
G1 X4.838 Y33.491 Z87.928 E613.05903
G1 X2.874 Y33.71 Z87.937 E613.98837
G1 X0.96 Y33.82 Z87.946 E614.88995
G1 X0.00 Y33.842 Z87.951 E615.34152
G1 X-1.952 Y33.788 Z87.96 E616.25984
G1 X-2.874 Y33.716 Z87.964 E616.69475
G1 X-4.838 Y33.493 Z87.973 E617.62429
G1 X-6.707 Y33.179 Z87.982 E618.51554
G1 X-7.672 Y32.963 Z87.987 E618.98058
G1 X-9.902 Y32.373 Z87.998 E620.06537
G1 X-11.84 Y31.728 Z88.008 E621.0259
G1 X-13.171 Y31.189 Z88.014 E621.7012
G1 X-14.933 Y30.387 Z88.023 E622.61161
G1 X-15.799 Y29.947 Z88.028 E623.06842
G1 X-17.486 Y28.997 Z88.037 E623.9789
G1 X-19.116 Y27.952 Z88.046 E624.88944
G1 X-19.896 Y27.403 Z88.051 E625.338
G1 X-21.428 Y26.225 Z88.06 E626.24682
G1 X-22.191 Y25.576 Z88.065 E626.71788
G1 X-23.601 Y24.291 Z88.074 E627.61501
G1 X-24.292 Y23.602 Z88.078 E628.0739
G1 X-25.591 Y22.19 Z88.087 E628.97618
G1 X-26.54 Y21.051 Z88.094 E629.67337
G1 X-27.418 Y19.894 Z88.101 E630.3564
G1 X-28.492 Y18.324 Z88.11 E631.25095
G1 X-29.011 Y17.494 Z88.115 E631.7113
G1 X-29.964 Y15.809 Z88.124 E632.62166
G1 X-30.408 Y14.929 Z88.128 E633.08518
G1 X-31.217 Y13.17 Z88.138 E633.99568
G1 X-31.905 Y11.408 Z88.146 E634.88522
G1 X-32.233 Y10.45 Z88.151 E635.36142
G1 X-32.768 Y8.63 Z88.16 E636.25352
G1 X-33.001 Y7.681 Z88.165 E636.71306
G1 X-33.393 Y5.758 Z88.174 E637.63598
G1 X-33.67 Y3.869 Z88.183 E638.53382
G1 X-33.81 Y2.423 Z88.19 E639.21701
G1 X-33.881 Y0.947 Z88.197 E639.91193
G1 X-33.883 Y-.948 Z88.206 E640.80309
G1 X-33.821 Y-2.416 Z88.213 E641.49406
G1 X-33.676 Y-3.884 Z88.22 E642.18778
G1 X-33.35 Y-6.142 Z88.23 E643.26065
G1 X-33.014 Y-7.699 Z88.238 E644.00972
G1 X-32.436 Y-9.911 Z88.249 E645.08488
G1 X-31.775 Y-11.862 Z88.258 E646.0536
G1 X-31.243 Y-13.18 Z88.265 E646.72201
G1 X-30.649 Y-14.523 Z88.272 E647.4126
G1 X-29.994 Y-15.823 Z88.279 E648.09716
G1 X-29.043 Y-17.512 Z88.288 E649.0087
G1 X-28.517 Y-18.351 Z88.293 E649.47438
G1 X-27.452 Y-19.918 Z88.302 E650.36538
G1 X-26.27 Y-21.455 Z88.311 E651.2772
G1 X-25.62 Y-22.229 Z88.316 E651.75252
G1 X-24.328 Y-23.638 Z88.325 E652.65153
G1 X-23.639 Y-24.329 Z88.329 E653.11042
G1 X-22.231 Y-25.622 Z88.338 E654.0094
G1 X-21.09 Y-26.585 Z88.345 E654.71154
G1 X-19.932 Y-27.455 Z88.352 E655.39268
G1 X-18.36 Y-28.532 Z88.361 E656.2888
G1 X-17.52 Y-29.057 Z88.366 E656.75463
G1 X-15.833 Y-30.012 Z88.375 E657.66627
G1 X-14.1 Y-30.864 Z88.384 E658.57442
G1 X-13.201 Y-31.261 Z88.389 E659.03658
G1 X-11.425 Y-31.955 Z88.398 E659.93328
G1 X-10.466 Y-32.281 Z88.402 E660.40961
G1 X-8.648 Y-32.818 Z88.411 E661.30108
G1 X-7.694 Y-33.055 Z88.416 E661.76335
G1 X-5.784 Y-33.445 Z88.425 E662.6801
G1 X-4.853 Y-33.594 Z88.43 E663.12349
G1 X-2.884 Y-33.821 Z88.439 E664.05558
G1 X-.963 Y-33.931 Z88.448 E664.96045
G1 X0.00 Y-33.947 Z88.453 E665.41338
G1 X1.959 Y-33.893 Z88.462 E666.33499
G1 X2.884 Y-33.828 Z88.466 E666.77106
G1 X4.854 Y-33.604 Z88.475 E667.70346
G1 X6.726 Y-33.281 Z88.484 E668.59681
G1 X7.697 Y-33.071 Z88.489 E669.064
G1 X9.928 Y-32.488 Z88.5 E670.1484
;TIME_ELAPSED:554.102850
;LAYER:88
;TYPE:WALL-OUTER
;MESH:rouleau_cylindrical_vase_3mm_large_v1.stl
G1 X11.42 Y-31.982 Z88.507 E670.8893
G1 X13.211 Y-31.286 Z88.516 E671.79291
G1 X14.552 Y-30.676 Z88.523 E672.48572
G1 X15.862 Y-30.033 Z88.53 E673.17198
G1 X17.525 Y-29.095 Z88.539 E674.06987
G1 X18.792 Y-28.285 Z88.546 E674.77705
G1 X20.446 Y-27.114 Z88.555 E675.73008
G1 X22.232 Y-25.687 Z88.566 E676.80515
G1 X23.317 Y-24.697 Z88.573 E677.49587
G1 X24.697 Y-23.319 Z88.582 E678.41299
G1 X25.69 Y-22.236 Z88.589 E679.10398
G1 X27.124 Y-20.464 Z88.599 E680.17598
G1 X28.297 Y-18.799 Z88.609 E681.13377
G1 X29.104 Y-17.545 Z88.616 E681.83505
G1 X30.05 Y-15.873 Z88.625 E682.73847
G1 X30.701 Y-14.56 Z88.632 E683.42766
G1 X31.316 Y-13.211 Z88.638 E684.12487
G1 X32.009 Y-11.43 Z88.647 E685.02359
G1 X32.484 Y-10.043 Z88.654 E685.71304
G1 X33.015 Y-8.076 Z88.664 E686.67118
G1 X33.482 Y-5.818 Z88.674 E687.75552
G1 X33.728 Y-4.345 Z88.681 E688.45782
G1 X33.918 Y-2.472 Z88.69 E689.34315
G1 X33.987 Y-.95 Z88.697 E690.05963
G1 X33.989 Y0.95 Z88.706 E690.95315
G1 X33.925 Y2.46 Z88.713 E691.66389
G1 X33.723 Y4.334 Z88.722 E692.55028
G1 X33.506 Y5.814 Z88.729 E693.25372
G1 X33.124 Y7.708 Z88.738 E694.16234
G1 X32.884 Y8.641 Z88.742 E694.61539
G1 X32.355 Y10.488 Z88.751 E695.5189
G1 X32.032 Y11.437 Z88.756 E695.99033
G1 X31.341 Y13.221 Z88.765 E696.89002
G1 X30.729 Y14.578 Z88.772 E697.59007
G1 X30.079 Y15.889 Z88.779 E698.27821
G1 X29.142 Y17.552 Z88.788 E699.17587
G1 X28.332 Y18.828 Z88.795 E699.88662
G1 X27.159 Y20.486 Z88.804 E700.84173
G1 X25.728 Y22.267 Z88.815 E701.91614
G1 X24.747 Y23.35 Z88.822 E702.60332
G1 X23.356 Y24.744 Z88.831 E703.52942
G1 X21.914 Y26.038 Z88.84 E704.44055
G1 X20.43 Y27.221 Z88.849 E705.33304
G1 X19.2 Y28.091 Z88.856 E706.04154
G1 X17.567 Y29.153 Z88.865 E706.95761
G1 X15.9 Y30.096 Z88.874 E707.85828
G1 X14.584 Y30.754 Z88.881 E708.55021
G1 X13.242 Y31.36 Z88.887 E709.24267
G1 X11.447 Y32.06 Z88.896 E710.14872
G1 X9.597 Y32.655 Z88.905 E711.0626
G1 X7.716 Y33.161 Z88.914 E711.97862
G1 X5.825 Y33.547 Z88.923 E712.88624
G1 X4.343 Y33.77 Z88.93 E713.59103
G1 X2.465 Y33.962 Z88.939 E714.4788
G1 X0.965 Y34.04 Z88.946 E715.18515
G1 X-.475 Y34.051 Z88.953 E715.86236
G1 X-2.556 Y33.967 Z88.963 E716.84179
G1 X-4.831 Y33.715 Z88.973 E717.91819
G1 X-6.296 Y33.474 Z88.98 E718.6164
G1 X-8.274 Y33.044 Z88.99 E719.56831
G1 X-10.515 Y32.402 Z89.001 E720.66458
G1 X-11.454 Y32.083 Z89.005 E721.13095
G1 X-13.253 Y31.385 Z89.014 E722.03841
G1 X-14.601 Y30.783 Z89.021 E722.73268
G1 X-15.916 Y30.126 Z89.028 E723.42397
G1 X-17.585 Y29.186 Z89.037 E724.32477
G1 X-19.229 Y28.131 Z89.046 E725.24339
G1 X-20.452 Y27.259 Z89.053 E725.94975
G1 X-21.946 Y26.077 Z89.062 E726.84563
G1 X-23.396 Y24.783 Z89.071 E727.75957
G1 X-24.791 Y23.391 Z89.08 E728.68633
G1 X-25.773 Y22.305 Z89.087 E729.37487
G1 X-27.216 Y20.534 Z89.097 E730.44918
G1 X-28.395 Y18.865 Z89.107 E731.41014
G1 X-29.201 Y17.592 Z89.114 E732.1187
G1 X-30.143 Y15.926 Z89.123 E733.01873
G1 X-30.806 Y14.613 Z89.13 E733.71045
G1 X-31.415 Y13.252 Z89.137 E734.41164
G1 X-32.112 Y11.465 Z89.146 E735.31367
G1 X-32.435 Y10.517 Z89.15 E735.78465
G1 X-32.978 Y8.673 Z89.159 E736.68865
G1 X-33.214 Y7.727 Z89.164 E737.14716
G1 X-33.599 Y5.833 Z89.173 E738.05606
G1 X-33.829 Y4.35 Z89.18 E738.76181
G1 X-34.027 Y2.467 Z89.189 E739.65221
G1 X-34.094 Y0.953 Z89.196 E740.36489
G1 X-34.096 Y-.953 Z89.205 E741.26122
G1 X-34.032 Y-2.481 Z89.212 E741.98042
G1 X-33.838 Y-4.355 Z89.221 E742.86642
G1 X-33.611 Y-5.841 Z89.228 E743.57335
G1 X-33.23 Y-7.73 Z89.237 E744.47957
G1 X-32.994 Y-8.671 Z89.241 E744.9358
G1 X-32.456 Y-10.523 Z89.25 E745.84274
G1 X-32.134 Y-11.472 Z89.255 E746.31402
G1 X-31.44 Y-13.262 Z89.264 E747.21685
G1 X-30.841 Y-14.627 Z89.271 E747.91786
G1 X-30.172 Y-15.942 Z89.277 E748.61169
G1 X-29.236 Y-17.605 Z89.286 E749.50911
G1 X-28.431 Y-18.89 Z89.293 E750.22219
G1 X-27.254 Y-20.56 Z89.303 E751.183
G1 X-25.81 Y-22.336 Z89.314 E752.25942
G1 X-24.826 Y-23.436 Z89.32 E752.95349
G1 X-23.438 Y-24.827 Z89.33 E753.87759
G1 X-22.34 Y-25.814 Z89.337 E754.5719
G1 X-20.565 Y-27.266 Z89.347 E755.65033
G1 X-18.894 Y-28.445 Z89.357 E756.61206
G1 X-17.615 Y-29.25 Z89.364 E757.32276
G1 X-15.953 Y-30.19 Z89.373 E758.22069
G1 X-14.636 Y-30.86 Z89.38 E758.91558
G1 X-13.284 Y-31.459 Z89.386 E759.61099
G1 X-11.482 Y-32.163 Z89.395 E760.52079
G1 X-9.629 Y-32.765 Z89.405 E761.43703
G1 X-7.738 Y-33.267 Z89.414 E762.35711
G1 X-5.846 Y-33.652 Z89.423 E763.26509
G1 X-4.356 Y-33.888 Z89.43 E763.97453
G1 X-2.471 Y-34.08 Z89.439 E764.86557
G1 X-.968 Y-34.147 Z89.446 E765.57309
G1 X0.479 Y-34.169 Z89.452 E766.25365
G1 X2.564 Y-34.082 Z89.462 E767.23501
G1 X4.843 Y-33.821 Z89.473 E768.31376
G1 X6.316 Y-33.589 Z89.48 E769.01501
G1 X8.305 Y-33.16 Z89.489 E769.97188
G1 X10.55 Y-32.503 Z89.5 E771.07191
;TIME_ELAPSED:559.477491
;LAYER:89
;TYPE:WALL-OUTER
;MESH:rouleau_cylindrical_vase_3mm_large_v1.stl
G1 X11.487 Y-32.186 Z89.505 E771.53709
G1 X13.294 Y-31.485 Z89.514 E772.44857
G1 X15.058 Y-30.683 Z89.523 E773.35984
G1 X16.386 Y-29.985 Z89.53 E774.06536
G1 X17.645 Y-29.275 Z89.536 E774.74509
G1 X19.285 Y-28.223 Z89.546 E775.66137
G1 X20.113 Y-27.641 Z89.55 E776.13732
G1 X21.616 Y-26.47 Z89.559 E777.03333
G1 X22.39 Y-25.835 Z89.564 E777.50414
G1 X24.105 Y-24.243 Z89.575 E778.60458
G1 X25.514 Y-22.759 Z89.584 E779.56691
G1 X26.475 Y-21.622 Z89.591 E780.26701
G1 X27.649 Y-20.12 Z89.6 E781.16352
G1 X28.524 Y-18.879 Z89.607 E781.87761
G1 X29.289 Y-17.655 Z89.614 E782.55639
G1 X30.238 Y-15.979 Z89.623 E783.46214
G1 X30.912 Y-14.66 Z89.63 E784.15872
G1 X31.675 Y-12.89 Z89.639 E785.06514
G1 X32.215 Y-11.499 Z89.646 E785.76685
G1 X32.814 Y-9.66 Z89.655 E786.67639
G1 X33.213 Y-8.24 Z89.662 E787.37003
G1 X33.616 Y-6.316 Z89.671 E788.29447
G1 X33.943 Y-4.368 Z89.68 E789.22337
G1 X34.137 Y-2.446 Z89.689 E790.13182
G1 X34.203 Y-.956 Z89.696 E790.83321
G1 X34.205 Y0.956 Z89.705 E791.73236
G1 X34.143 Y2.449 Z89.712 E792.43508
G1 X33.953 Y4.369 Z89.721 E793.3424
G1 X33.63 Y6.319 Z89.73 E794.27192
G1 X33.219 Y8.246 Z89.739 E795.19851
G1 X32.83 Y9.648 Z89.746 E795.88274
G1 X32.239 Y11.505 Z89.755 E796.79919
G1 X31.541 Y13.305 Z89.764 E797.70709
G1 X30.942 Y14.669 Z89.771 E798.40766
G1 X30.269 Y15.994 Z89.778 E799.10654
G1 X29.322 Y17.675 Z89.787 E800.01388
G1 X28.56 Y18.9 Z89.794 E800.69231
G1 X27.687 Y20.145 Z89.801 E801.40739
G1 X26.515 Y21.653 Z89.81 E802.30555
G1 X25.556 Y22.795 Z89.817 E803.00684
G1 X24.148 Y24.285 Z89.826 E803.9709
G1 X22.432 Y25.879 Z89.837 E805.07233
G1 X21.666 Y26.525 Z89.842 E805.54355
G1 X20.153 Y27.695 Z89.851 E806.44299
G1 X19.327 Y28.278 Z89.855 E806.91844
G1 X17.68 Y29.339 Z89.865 E807.83978
G1 X16.005 Y30.287 Z89.874 E808.74489
G1 X15.095 Y30.752 Z89.878 E809.22547
G1 X13.327 Y31.561 Z89.887 E810.13981
G1 X11.517 Y32.268 Z89.896 E811.05363
G1 X9.661 Y32.873 Z89.906 E811.97165
G1 X8.258 Y33.253 Z89.912 E812.65521
G1 X6.318 Y33.678 Z89.922 E813.58917
G1 X4.374 Y33.999 Z89.931 E814.51575
G1 X2.448 Y34.193 Z89.94 E815.42607
G1 X0.972 Y34.258 Z89.947 E816.12086
G1 X-.47 Y34.281 Z89.953 E816.79907
G1 X-2.448 Y34.199 Z89.963 E817.73007
G1 X-4.379 Y33.996 Z89.972 E818.64316
G1 X-6.326 Y33.702 Z89.981 E819.56915
G1 X-8.347 Y33.265 Z89.991 E820.54153
G1 X-10.594 Y32.606 Z90.001 E821.64273
G1 X-11.523 Y32.291 Z90.006 E822.10404
G1 X-13.338 Y31.587 Z90.015 E823.01954
G1 X-15.109 Y30.781 Z90.024 E823.93458
G1 X-16.446 Y30.091 Z90.031 E824.64213
G1 X-17.701 Y29.371 Z90.038 E825.32254
G1 X-19.351 Y28.313 Z90.047 E826.2443
G1 X-20.177 Y27.732 Z90.052 E826.71921
G1 X-21.696 Y26.564 Z90.061 E827.62031
G1 X-22.831 Y25.601 Z90.068 E828.3203
G1 X-24.255 Y24.26 Z90.077 E829.24016
G1 X-25.602 Y22.838 Z90.086 E830.16128
G1 X-26.566 Y21.696 Z90.093 E830.86408
G1 X-27.741 Y20.184 Z90.102 E831.76459
G1 X-28.619 Y18.938 Z90.109 E832.48141
G1 X-29.384 Y17.714 Z90.116 E833.1602
G1 X-30.338 Y16.028 Z90.125 E834.0712
G1 X-31.015 Y14.703 Z90.132 E834.77093
G1 X-31.617 Y13.338 Z90.139 E835.4725
G1 X-32.321 Y11.534 Z90.148 E836.38318
G1 X-32.922 Y9.675 Z90.157 E837.30196
G1 X-33.315 Y8.27 Z90.164 E837.98805
G1 X-33.735 Y6.34 Z90.173 E838.91691
G1 X-34.054 Y4.385 Z90.182 E839.84844
G1 X-34.249 Y2.454 Z90.191 E840.76115
G1 X-34.314 Y0.96 Z90.198 E841.4644
G1 X-34.316 Y-.96 Z90.207 E842.36731
G1 X-34.254 Y-2.45 Z90.214 E843.06862
G1 X-34.062 Y-4.386 Z90.223 E843.98353
G1 X-33.75 Y-6.343 Z90.232 E844.91547
G1 X-33.333 Y-8.274 Z90.241 E845.84449
G1 X-32.939 Y-9.693 Z90.248 E846.53705
G1 X-32.344 Y-11.542 Z90.257 E847.45049
G1 X-31.817 Y-12.942 Z90.264 E848.15396
G1 X-31.045 Y-14.713 Z90.273 E849.0625
G1 X-30.102 Y-16.559 Z90.283 E850.03733
G1 X-28.709 Y-18.881 Z90.296 E851.31072
G1 X-27.777 Y-20.21 Z90.303 E852.07407
G1 X-26.606 Y-21.728 Z90.312 E852.97566
G1 X-25.643 Y-22.874 Z90.319 E853.6796
G1 X-24.233 Y-24.37 Z90.329 E854.64636
G1 X-22.506 Y-25.962 Z90.34 E855.75094
G1 X-21.733 Y-26.612 Z90.344 E856.22589
G1 X-20.216 Y-27.786 Z90.353 E857.12797
G1 X-19.39 Y-28.37 Z90.358 E857.6037
G1 X-17.744 Y-29.431 Z90.367 E858.52464
G1 X-16.057 Y-30.386 Z90.376 E859.43628
G1 X-15.145 Y-30.852 Z90.381 E859.91791
G1 X-13.371 Y-31.664 Z90.39 E860.8354
G1 X-11.552 Y-32.374 Z90.399 E861.75368
G1 X-9.692 Y-32.98 Z90.408 E862.67363
G1 X-8.292 Y-33.37 Z90.415 E863.35708
G1 X-6.353 Y-33.795 Z90.424 E864.29058
G1 X-4.391 Y-34.109 Z90.434 E865.22499
G1 X-2.452 Y-34.304 Z90.443 E866.14144
G1 X-.976 Y-34.369 Z90.45 E866.83623
G1 X0.46 Y-34.392 Z90.456 E867.51162
G1 X2.453 Y-34.309 Z90.466 E868.44968
G1 X4.393 Y-34.117 Z90.475 E869.36646
G1 X6.356 Y-33.809 Z90.484 E870.30089
G1 X8.297 Y-33.389 Z90.493 E871.23481
G1 X9.698 Y-32.999 Z90.5 E871.9187
;TIME_ELAPSED:564.848610
;LAYER:90
;TYPE:WALL-OUTER
;MESH:rouleau_cylindrical_vase_3mm_large_v1.stl
G1 X11.556 Y-32.395 Z90.509 E872.83747
G1 X13.365 Y-31.692 Z90.518 E873.75017
G1 X14.734 Y-31.067 Z90.525 E874.45789
G1 X16.568 Y-30.149 Z90.535 E875.42237
G1 X18.912 Y-28.712 Z90.547 E876.71534
G1 X20.601 Y-27.527 Z90.557 E877.68561
G1 X21.77 Y-26.623 Z90.564 E878.38056
G1 X23.538 Y-25.059 Z90.575 E879.49063
G1 X24.676 Y-23.952 Z90.582 E880.23723
G1 X25.975 Y-22.536 Z90.591 E881.14089
G1 X26.62 Y-21.77 Z90.595 E881.61181
G1 X27.806 Y-20.232 Z90.604 E882.52515
G1 X28.725 Y-18.921 Z90.612 E883.27806
G1 X30.128 Y-16.558 Z90.625 E884.57042
G1 X31.076 Y-14.742 Z90.634 E885.53379
G1 X31.864 Y-12.951 Z90.643 E886.45396
G1 X32.386 Y-11.554 Z90.65 E887.15529
G1 X32.985 Y-9.709 Z90.659 E888.06752
G1 X33.382 Y-8.283 Z90.666 E888.76363
G1 X33.799 Y-6.367 Z90.675 E889.68575
G1 X34.11 Y-4.393 Z90.684 E890.62551
G1 X34.304 Y-2.441 Z90.693 E891.548
G1 X34.367 Y-.962 Z90.7 E892.24416
G1 X34.371 Y0.468 Z90.707 E892.91665
G1 X34.304 Y2.447 Z90.716 E893.84784
G1 X34.109 Y4.387 Z90.725 E894.76476
G1 X33.796 Y6.364 Z90.734 E895.70606
G1 X33.375 Y8.289 Z90.743 E896.63273
G1 X32.983 Y9.693 Z90.75 E897.31824
G1 X32.379 Y11.551 Z90.759 E898.23701
G1 X31.676 Y13.359 Z90.768 E899.14926
G1 X31.068 Y14.737 Z90.775 E899.85757
G1 X30.123 Y16.552 Z90.785 E900.81987
G1 X28.716 Y18.914 Z90.797 E902.11278
G1 X27.517 Y20.594 Z90.807 E903.08341
G1 X26.61 Y21.76 Z90.814 E903.7781
G1 X25.054 Y23.537 Z90.825 E904.88886
G1 X23.94 Y24.665 Z90.832 E905.63441
G1 X22.517 Y25.968 Z90.841 E906.54176
G1 X21.759 Y26.607 Z90.846 E907.00799
G1 X20.21 Y27.802 Z90.855 E907.92802
G1 X18.908 Y28.699 Z90.862 E908.67155
G1 X16.547 Y30.122 Z90.875 E909.96793
G1 X14.727 Y31.05 Z90.884 E910.92866
G1 X13.356 Y31.668 Z90.891 E911.63587
G1 X11.549 Y32.37 Z90.9 E912.54752
G1 X9.69 Y32.972 Z90.909 E913.46645
G1 X8.284 Y33.365 Z90.916 E914.15299
G1 X6.359 Y33.783 Z90.925 E915.07935
G1 X4.39 Y34.094 Z90.934 E916.01679
G1 X2.443 Y34.288 Z90.943 E916.93694
G1 X0.977 Y34.349 Z90.95 E917.62695
G1 X-.45 Y34.371 Z90.957 E918.2981
G1 X-2.442 Y34.287 Z90.966 E919.23571
G1 X-4.39 Y34.092 Z90.975 E920.15637
G1 X-6.358 Y33.78 Z90.984 E921.09342
G1 X-8.282 Y33.36 Z90.993 E922.01953
G1 X-9.685 Y32.96 Z91 E922.7056
G1 X-11.546 Y32.363 Z91.009 E923.6247
G1 X-13.353 Y31.66 Z91.018 E924.53652
G1 X-14.724 Y31.045 Z91.025 E925.24316
G1 X-16.052 Y30.379 Z91.032 E925.94181
G1 X-17.741 Y29.424 Z91.041 E926.85427
G1 X-19.377 Y28.373 Z91.05 E927.76871
G1 X-20.588 Y27.507 Z91.057 E928.46884
G1 X-21.749 Y26.597 Z91.064 E929.16255
G1 X-23.526 Y25.045 Z91.075 E930.27207
G1 X-24.652 Y23.929 Z91.082 E931.01761
G1 X-25.957 Y22.505 Z91.091 E931.92595
G1 X-26.595 Y21.748 Z91.096 E932.39151
G1 X-27.788 Y20.2 Z91.105 E933.31059
G1 X-28.698 Y18.905 Z91.112 E934.05491
G1 X-30.11 Y16.547 Z91.125 E935.34742
G1 X-31.046 Y14.726 Z91.134 E936.31028
G1 X-31.652 Y13.35 Z91.141 E937.01735
G1 X-32.354 Y11.543 Z91.15 E937.92899
G1 X-32.956 Y9.685 Z91.159 E938.84747
G1 X-33.347 Y8.281 Z91.166 E939.53286
G1 X-33.766 Y6.36 Z91.175 E940.45748
G1 X-34.078 Y4.383 Z91.184 E941.39871
G1 X-34.271 Y2.445 Z91.193 E942.3146
G1 X-34.334 Y0.961 Z91.2 E943.01311
G1 X-34.348 Y-.466 Z91.207 E943.68421
G1 X-34.271 Y-2.441 Z91.216 E944.6137
G1 X-34.075 Y-4.387 Z91.225 E945.53347
G1 X-33.762 Y-6.36 Z91.234 E946.47292
G1 X-33.344 Y-8.275 Z91.243 E947.39469
G1 X-32.947 Y-9.695 Z91.25 E948.08808
G1 X-32.347 Y-11.541 Z91.259 E949.0009
G1 X-31.827 Y-12.933 Z91.266 E949.6997
G1 X-31.038 Y-14.722 Z91.275 E950.61919
G1 X-30.11 Y-16.544 Z91.285 E951.58076
G1 X-28.689 Y-18.9 Z91.297 E952.87464
G1 X-27.77 Y-20.202 Z91.305 E953.62409
G1 X-26.584 Y-21.738 Z91.314 E954.53669
G1 X-25.938 Y-22.504 Z91.318 E955.00791
G1 X-24.64 Y-23.917 Z91.327 E955.91022
G1 X-23.917 Y-24.64 Z91.332 E956.39105
G1 X-22.494 Y-25.944 Z91.341 E957.29873
G1 X-21.737 Y-26.582 Z91.346 E957.76429
G1 X-20.19 Y-27.774 Z91.355 E958.68271
G1 X-18.895 Y-28.683 Z91.362 E959.42676
G1 X-16.542 Y-30.101 Z91.375 E960.71871
G1 X-14.717 Y-31.029 Z91.384 E961.68153
G1 X-13.344 Y-31.637 Z91.391 E962.38768
G1 X-11.538 Y-32.338 Z91.4 E963.29873
G1 X-9.68 Y-32.94 Z91.409 E964.2172
G1 X-8.277 Y-33.331 Z91.416 E964.90213
G1 X-6.355 Y-33.75 Z91.425 E965.82722
G1 X-4.387 Y-34.061 Z91.434 E966.76419
G1 X-2.441 Y-34.256 Z91.443 E967.68392
G1 X-.975 Y-34.316 Z91.45 E968.37391
G1 X0.451 Y-34.338 Z91.457 E969.0446
G1 X2.441 Y-34.254 Z91.466 E969.98126
G1 X4.385 Y-34.059 Z91.475 E970.90005
G1 X6.355 Y-33.746 Z91.484 E971.8381
G1 X8.276 Y-33.326 Z91.493 E972.76283
G1 X9.678 Y-32.934 Z91.5 E973.44743
;TIME_ELAPSED:570.255425
;LAYER:91
;TYPE:WALL-OUTER
;MESH:rouleau_cylindrical_vase_3mm_large_v1.stl
G1 X11.542 Y-32.327 Z91.509 E974.36932
G1 X13.342 Y-31.625 Z91.518 E975.2779
G1 X15.164 Y-30.79 Z91.527 E976.22043
G1 X16.869 Y-29.888 Z91.536 E977.12753
G1 X18.538 Y-28.879 Z91.545 E978.04469
G1 X19.792 Y-28.029 Z91.553 E978.75712
G1 X20.954 Y-27.173 Z91.559 E979.43583
G1 X22.466 Y-25.917 Z91.568 E980.3602
G1 X23.547 Y-24.97 Z91.575 E981.03605
G1 X25.023 Y-23.459 Z91.585 E982.02938
G1 X26.796 Y-21.411 Z91.597 E983.30327
G1 X28.019 Y-19.786 Z91.607 E984.2597
G1 X29.108 Y-18.132 Z91.616 E985.19098
G1 X29.875 Y-16.853 Z91.623 E985.89232
G1 X30.767 Y-15.155 Z91.632 E986.79431
G1 X31.6 Y-13.332 Z91.641 E987.73687
G1 X32.302 Y-11.522 Z91.65 E988.64984
G1 X32.895 Y-9.686 Z91.659 E989.55717
G1 X33.395 Y-7.785 Z91.668 E990.48155
G1 X33.711 Y-6.324 Z91.675 E991.18451
G1 X33.941 Y-4.861 Z91.682 E991.88096
G1 X34.196 Y-2.584 Z91.693 E992.95846
G1 X34.269 Y-.959 Z91.701 E993.72342
G1 X34.269 Y0.958 Z91.709 E994.62492
G1 X34.192 Y2.57 Z91.717 E995.38386
G1 X33.932 Y4.858 Z91.728 E996.46676
G1 X33.698 Y6.321 Z91.735 E997.16351
G1 X33.383 Y7.767 Z91.741 E997.85946
G1 X32.88 Y9.668 Z91.751 E998.78421
G1 X32.276 Y11.523 Z91.76 E999.70164
G1 X31.575 Y13.32 Z91.769 E1000.60874
G1 X30.741 Y15.14 Z91.778 E1001.55021
G1 X29.845 Y16.834 Z91.787 E1002.45141
G1 X29.081 Y18.11 Z91.794 E1003.15082
G1 X28.281 Y19.339 Z91.801 E1003.84044
G1 X27.13 Y20.92 Z91.81 E1004.76009
G1 X25.879 Y22.432 Z91.819 E1005.68296
G1 X24.579 Y23.86 Z91.828 E1006.59111
G1 X23.494 Y24.923 Z91.835 E1007.30542
G1 X22.434 Y25.883 Z91.842 E1007.97795
G1 X20.909 Y27.116 Z91.851 E1008.9002
G1 X19.757 Y27.977 Z91.857 E1009.57654
G1 X18.503 Y28.819 Z91.864 E1010.28686
G1 X16.831 Y29.824 Z91.873 E1011.20426
G1 X15.13 Y30.72 Z91.882 E1012.10838
G1 X13.31 Y31.549 Z91.892 E1013.04887
G1 X11.512 Y32.246 Z91.901 E1013.95573
G1 X9.658 Y32.846 Z91.91 E1014.87213
G1 X7.759 Y33.345 Z91.919 E1015.79548
G1 X5.856 Y33.729 Z91.928 E1016.70844
G1 X4.868 Y33.885 Z91.933 E1017.17882
G1 X2.563 Y34.144 Z91.943 E1018.26961
G1 X0.966 Y34.214 Z91.951 E1019.02136
G1 X-.481 Y34.234 Z91.958 E1019.7019
G1 X-2.563 Y34.14 Z91.967 E1020.682
G1 X-4.866 Y33.875 Z91.978 E1021.77217
G1 X-6.314 Y33.644 Z91.985 E1022.46173
G1 X-7.755 Y33.329 Z91.992 E1023.15539
G1 X-9.651 Y32.828 Z92.001 E1024.07763
G1 X-11.503 Y32.225 Z92.01 E1024.99357
G1 X-13.298 Y31.524 Z92.019 E1025.89979
G1 X-15.115 Y30.691 Z92.028 E1026.83978
G1 X-16.807 Y29.789 Z92.037 E1027.74148
G1 X-18.48 Y28.779 Z92.046 E1028.6605
G1 X-19.733 Y27.946 Z92.053 E1029.36807
G1 X-20.887 Y27.087 Z92.06 E1030.04461
G1 X-22.399 Y25.84 Z92.069 E1030.96628
G1 X-23.47 Y24.892 Z92.076 E1031.63891
G1 X-24.951 Y23.393 Z92.085 E1032.62986
G1 X-26.46 Y21.663 Z92.096 E1033.70943
G1 X-27.666 Y20.096 Z92.105 E1034.63932
G1 X-28.982 Y18.152 Z92.116 E1035.7433
G1 X-29.781 Y16.796 Z92.124 E1036.48346
G1 X-30.67 Y15.105 Z92.132 E1037.38188
G1 X-31.499 Y13.288 Z92.142 E1038.32109
G1 X-32.195 Y11.492 Z92.151 E1039.2269
G1 X-32.795 Y9.641 Z92.16 E1040.14195
G1 X-33.291 Y7.748 Z92.169 E1041.06222
G1 X-33.603 Y6.306 Z92.176 E1041.75604
G1 X-33.833 Y4.843 Z92.183 E1042.4525
G1 X-34.091 Y2.561 Z92.193 E1043.53249
G1 X-34.16 Y0.954 Z92.201 E1044.28891
G1 X-34.159 Y-.954 Z92.21 E1045.18618
G1 X-34.085 Y-2.572 Z92.217 E1045.94787
G1 X-33.823 Y-4.841 Z92.228 E1047.022
G1 X-33.59 Y-6.304 Z92.235 E1047.71868
G1 X-33.273 Y-7.758 Z92.242 E1048.41851
G1 X-32.773 Y-9.646 Z92.251 E1049.33699
G1 X-32.175 Y-11.48 Z92.26 E1050.24415
G1 X-31.474 Y-13.276 Z92.269 E1051.15081
G1 X-30.643 Y-15.09 Z92.278 E1052.08913
G1 X-29.75 Y-16.777 Z92.287 E1052.98676
G1 X-28.993 Y-18.062 Z92.294 E1053.68812
G1 X-28.179 Y-19.294 Z92.301 E1054.38253
G1 X-27.042 Y-20.851 Z92.31 E1055.28919
G1 X-25.804 Y-22.367 Z92.319 E1056.20964
G1 X-24.502 Y-23.782 Z92.328 E1057.1139
G1 X-23.426 Y-24.85 Z92.335 E1057.82685
G1 X-22.363 Y-25.8 Z92.341 E1058.49729
G1 X-20.846 Y-27.035 Z92.35 E1059.4172
G1 X-19.697 Y-27.894 Z92.357 E1060.09185
G1 X-18.446 Y-28.726 Z92.364 E1060.79839
G1 X-16.775 Y-29.73 Z92.373 E1061.71514
G1 X-15.08 Y-30.622 Z92.382 E1062.61589
G1 X-13.266 Y-31.449 Z92.391 E1063.55342
G1 X-11.472 Y-32.144 Z92.4 E1064.45818
G1 X-9.624 Y-32.743 Z92.409 E1065.37175
G1 X-7.736 Y-33.238 Z92.418 E1066.28963
G1 X-5.839 Y-33.621 Z92.427 E1067.19973
G1 X-4.85 Y-33.777 Z92.432 E1067.67058
G1 X-2.552 Y-34.038 Z92.443 E1068.7582
G1 X-.964 Y-34.105 Z92.45 E1069.50566
G1 X0.476 Y-34.124 Z92.457 E1070.1829
G1 X2.553 Y-34.033 Z92.467 E1071.16059
G1 X4.849 Y-33.767 Z92.477 E1072.24755
G1 X6.297 Y-33.535 Z92.484 E1072.93718
G1 X7.732 Y-33.222 Z92.491 E1073.62788
G1 X9.618 Y-32.724 Z92.5 E1074.54521
;TIME_ELAPSED:575.639331
;LAYER:92
;TYPE:WALL-OUTER
;MESH:rouleau_cylindrical_vase_3mm_large_v1.stl
G1 X11.463 Y-32.122 Z92.509 E1075.45787
G1 X13.616 Y-31.259 Z92.52 E1076.54867
G1 X15.061 Y-30.596 Z92.527 E1077.29633
G1 X16.743 Y-29.706 Z92.536 E1078.19123
G1 X17.62 Y-29.178 Z92.541 E1078.67263
G1 X19.244 Y-28.147 Z92.55 E1079.57725
G1 X20.819 Y-27.001 Z92.559 E1080.49324
G1 X22.304 Y-25.785 Z92.568 E1081.39585
G1 X23.427 Y-24.781 Z92.575 E1082.10425
G1 X24.778 Y-23.426 Z92.584 E1083.00408
G1 X25.768 Y-22.298 Z92.591 E1083.70987
G1 X26.998 Y-20.808 Z92.6 E1084.61848
G1 X27.587 Y-20.02 Z92.605 E1085.08113
G1 X28.885 Y-18.108 Z92.616 E1086.1679
G1 X29.689 Y-16.736 Z92.623 E1086.91573
G1 X30.575 Y-15.052 Z92.632 E1087.81059
G1 X31.196 Y-13.698 Z92.639 E1088.51111
G1 X31.736 Y-12.379 Z92.646 E1089.18136
G1 X32.103 Y-11.427 Z92.65 E1089.66117
G1 X32.7 Y-9.574 Z92.66 E1090.57669
G1 X33.182 Y-7.735 Z92.669 E1091.47073
G1 X33.493 Y-6.299 Z92.675 E1092.16169
G1 X33.718 Y-4.872 Z92.682 E1092.84105
G1 X33.894 Y-3.387 Z92.689 E1093.54429
G1 X34.009 Y-1.964 Z92.696 E1094.21567
G1 X34.051 Y-.954 Z92.701 E1094.69105
G1 X34.05 Y0.946 Z92.709 E1095.58456
G1 X33.985 Y2.449 Z92.717 E1096.29204
G1 X33.831 Y3.859 Z92.723 E1096.95906
G1 X33.709 Y4.869 Z92.728 E1097.43748
G1 X33.384 Y6.743 Z92.737 E1098.33192
G1 X33.046 Y8.211 Z92.744 E1099.04034
G1 X32.683 Y9.569 Z92.75 E1099.70139
G1 X32.081 Y11.419 Z92.76 E1100.61629
G1 X31.718 Y12.363 Z92.764 E1101.09191
G1 X30.972 Y14.121 Z92.773 E1101.99
G1 X30.337 Y15.45 Z92.78 E1102.68266
G1 X29.659 Y16.719 Z92.787 E1103.35927
G1 X29.146 Y17.597 Z92.792 E1103.83748
G1 X28.099 Y19.22 Z92.801 E1104.74576
G1 X26.965 Y20.778 Z92.81 E1105.65197
G1 X25.744 Y22.27 Z92.819 E1106.55861
G1 X24.733 Y23.381 Z92.826 E1107.26503
G1 X23.39 Y24.74 Z92.835 E1108.16354
G1 X22.276 Y25.732 Z92.842 E1108.86502
G1 X20.78 Y26.952 Z92.851 E1109.77283
G1 X19.209 Y28.091 Z92.86 E1110.68536
G1 X17.587 Y29.121 Z92.869 E1111.58894
G1 X16.718 Y29.638 Z92.874 E1112.06446
G1 X15.03 Y30.526 Z92.882 E1112.96141
G1 X13.674 Y31.154 Z92.889 E1113.66416
G1 X11.801 Y31.911 Z92.899 E1114.6142
G1 X9.57 Y32.646 Z92.91 E1115.71884
G1 X8.202 Y33.014 Z92.917 E1116.38504
G1 X6.73 Y33.337 Z92.924 E1117.09374
G1 X4.863 Y33.666 Z92.932 E1117.98526
G1 X3.374 Y33.846 Z92.939 E1118.69059
G1 X1.96 Y33.956 Z92.946 E1119.35756
G1 X0.002 Y34.011 Z92.955 E1120.27871
G1 X-1.959 Y33.953 Z92.964 E1121.20131
G1 X-3.854 Y33.781 Z92.973 E1122.09614
G1 X-4.861 Y33.657 Z92.978 E1122.57327
G1 X-6.73 Y33.331 Z92.987 E1123.46548
G1 X-8.197 Y33 Z92.994 E1124.1727
G1 X-9.565 Y32.628 Z93.001 E1124.83939
G1 X-11.422 Y32.023 Z93.01 E1125.75786
G1 X-13.577 Y31.171 Z93.021 E1126.84762
G1 X-15.017 Y30.499 Z93.028 E1127.59492
G1 X-16.701 Y29.608 Z93.037 E1128.49087
G1 X-17.971 Y28.854 Z93.044 E1129.18544
G1 X-19.186 Y28.058 Z93.051 E1129.86852
G1 X-20.752 Y26.918 Z93.06 E1130.77943
G1 X-22.245 Y25.695 Z93.069 E1131.68703
G1 X-23.353 Y24.704 Z93.076 E1132.3861
G1 X-24.698 Y23.356 Z93.085 E1133.2816
G1 X-25.693 Y22.233 Z93.092 E1133.98719
G1 X-26.908 Y20.741 Z93.101 E1134.89205
G1 X-28.042 Y19.177 Z93.11 E1135.80054
G1 X-29.085 Y17.562 Z93.119 E1136.70464
G1 X-29.595 Y16.686 Z93.124 E1137.18132
G1 X-30.478 Y15.008 Z93.132 E1138.07302
G1 X-31.108 Y13.658 Z93.139 E1138.77361
G1 X-31.646 Y12.336 Z93.146 E1139.44482
G1 X-32.155 Y10.959 Z93.153 E1140.1352
G1 X-32.598 Y9.547 Z93.16 E1140.83114
G1 X-32.967 Y8.191 Z93.166 E1141.49201
G1 X-33.292 Y6.724 Z93.174 E1142.19862
G1 X-33.614 Y4.855 Z93.182 E1143.0905
G1 X-33.798 Y3.368 Z93.189 E1143.79513
G1 X-33.903 Y1.957 Z93.196 E1144.46051
G1 X-33.945 Y0.949 Z93.201 E1144.93495
G1 X-33.943 Y-.946 Z93.21 E1145.82612
G1 X-33.899 Y-1.959 Z93.214 E1146.30295
G1 X-33.731 Y-3.848 Z93.223 E1147.19479
G1 X-33.604 Y-4.853 Z93.228 E1147.67117
G1 X-33.279 Y-6.721 Z93.237 E1148.56283
G1 X-32.954 Y-8.184 Z93.244 E1149.2676
G1 X-32.58 Y-9.542 Z93.25 E1149.93001
G1 X-31.979 Y-11.386 Z93.26 E1150.84208
G1 X-31.452 Y-12.781 Z93.267 E1151.54336
G1 X-30.881 Y-14.08 Z93.273 E1152.21065
G1 X-30.251 Y-15.405 Z93.28 E1152.9006
G1 X-29.564 Y-16.669 Z93.287 E1153.57715
G1 X-29.053 Y-17.544 Z93.292 E1154.05366
G1 X-28.012 Y-19.158 Z93.301 E1154.95686
G1 X-26.878 Y-20.716 Z93.31 E1155.86307
G1 X-25.661 Y-22.203 Z93.319 E1156.7667
G1 X-24.666 Y-23.311 Z93.326 E1157.46702
G1 X-23.313 Y-24.666 Z93.334 E1158.36751
G1 X-22.2 Y-25.657 Z93.341 E1159.06833
G1 X-20.712 Y-26.87 Z93.35 E1159.97114
G1 X-19.15 Y-28.003 Z93.359 E1160.87859
G1 X-17.536 Y-29.036 Z93.368 E1161.77975
G1 X-16.661 Y-29.548 Z93.373 E1162.25651
G1 X-14.986 Y-30.43 Z93.382 E1163.14674
G1 X-13.633 Y-31.066 Z93.389 E1163.84981
G1 X-11.766 Y-31.822 Z93.399 E1164.79705
G1 X-9.543 Y-32.544 Z93.409 E1165.89621
G1 X-8.18 Y-32.921 Z93.416 E1166.56126
G1 X-6.712 Y-33.239 Z93.423 E1167.26762
G1 X-4.846 Y-33.561 Z93.432 E1168.15811
G1 X-3.362 Y-33.75 Z93.439 E1168.86163
G1 X-1.955 Y-33.85 Z93.446 E1169.52497
G1 X0.00 Y-33.904 Z93.455 E1170.4447
G1 X1.954 Y-33.846 Z93.464 E1171.36401
G1 X3.843 Y-33.681 Z93.473 E1172.25573
G1 X4.845 Y-33.552 Z93.477 E1172.73082
G1 X6.71 Y-33.227 Z93.486 E1173.62109
G1 X8.176 Y-32.906 Z93.493 E1174.32684
G1 X9.538 Y-32.525 Z93.5 E1174.99194
;TIME_ELAPSED:580.988625
;LAYER:93
;TYPE:WALL-OUTER
;MESH:rouleau_cylindrical_vase_3mm_large_v1.stl
G1 X10.391 Y-32.247 Z93.504 E1175.41384
G1 X12.242 Y-31.59 Z93.514 E1176.33752
G1 X13.632 Y-31.038 Z93.521 E1177.04085
G1 X14.959 Y-30.409 Z93.528 E1177.73145
G1 X16.654 Y-29.511 Z93.537 E1178.63352
G1 X17.868 Y-28.782 Z93.543 E1179.29945
G1 X19.45 Y-27.735 Z93.552 E1180.19159
G1 X21.044 Y-26.543 Z93.562 E1181.12761
G1 X22.18 Y-25.611 Z93.569 E1181.81862
G1 X23.256 Y-24.649 Z93.575 E1182.49738
G1 X24.614 Y-23.291 Z93.584 E1183.40053
G1 X25.883 Y-21.842 Z93.594 E1184.30633
G1 X26.839 Y-20.665 Z93.601 E1185.01942
G1 X27.664 Y-19.533 Z93.607 E1185.67814
G1 X28.459 Y-18.364 Z93.614 E1186.34296
G1 X29.221 Y-17.121 Z93.621 E1187.0286
G1 X30.147 Y-15.416 Z93.63 E1187.94103
G1 X30.995 Y-13.667 Z93.639 E1188.85511
G1 X31.533 Y-12.345 Z93.646 E1189.52632
G1 X32.175 Y-10.518 Z93.655 E1190.437
G1 X32.488 Y-9.544 Z93.66 E1190.91811
G1 X32.973 Y-7.694 Z93.669 E1191.81751
G1 X33.283 Y-6.264 Z93.676 E1192.50562
G1 X33.575 Y-4.345 Z93.685 E1193.41845
G1 X33.768 Y-2.406 Z93.694 E1194.33481
G1 X33.839 Y-.948 Z93.701 E1195.02127
G1 X33.842 Y0.46 Z93.708 E1195.68342
G1 X33.777 Y2.354 Z93.717 E1196.57463
G1 X33.628 Y3.858 Z93.724 E1197.28538
G1 X33.428 Y5.276 Z93.731 E1197.95882
G1 X33.188 Y6.632 Z93.737 E1198.60641
G1 X32.964 Y7.669 Z93.742 E1199.10533
G1 X32.607 Y9.065 Z93.749 E1199.78295
G1 X32.201 Y10.376 Z93.755 E1200.42836
G1 X31.554 Y12.225 Z93.765 E1201.34959
G1 X30.98 Y13.6 Z93.772 E1202.05029
G1 X30.362 Y14.937 Z93.779 E1202.74296
G1 X29.471 Y16.62 Z93.788 E1203.63849
G1 X28.742 Y17.842 Z93.794 E1204.30765
G1 X27.697 Y19.423 Z93.803 E1205.19888
G1 X26.507 Y21.014 Z93.813 E1206.13321
G1 X25.58 Y22.137 Z93.819 E1206.81801
G1 X24.615 Y23.216 Z93.826 E1207.49876
G1 X23.254 Y24.577 Z93.835 E1208.40391
G1 X21.812 Y25.847 Z93.844 E1209.30754
G1 X20.634 Y26.798 Z93.852 E1210.01951
G1 X19.508 Y27.623 Z93.858 E1210.67595
G1 X18.327 Y28.412 Z93.865 E1211.34388
G1 X17.097 Y29.179 Z93.872 E1212.02556
G1 X15.394 Y30.106 Z93.881 E1212.93739
G1 X13.639 Y30.95 Z93.89 E1213.85319
G1 X12.326 Y31.485 Z93.897 E1214.51995
G1 X10.503 Y32.128 Z93.906 E1215.42901
G1 X9.528 Y32.439 Z93.911 E1215.91028
G1 X7.662 Y32.927 Z93.92 E1216.81732
G1 X5.785 Y33.299 Z93.929 E1217.71718
G1 X4.339 Y33.526 Z93.936 E1218.40552
G1 X2.867 Y33.68 Z93.943 E1219.10153
G1 X0.958 Y33.779 Z93.952 E1220.00048
G1 X-.463 Y33.795 Z93.959 E1220.66878
G1 X-2.357 Y33.716 Z93.967 E1221.56024
G1 X-3.852 Y33.576 Z93.975 E1222.26637
G1 X-5.268 Y33.381 Z93.981 E1222.93856
G1 X-6.638 Y33.135 Z93.988 E1223.59313
G1 X-7.658 Y32.913 Z93.993 E1224.08403
G1 X-9.052 Y32.56 Z94 E1224.76028
G1 X-10.853 Y31.998 Z94.009 E1225.64752
G1 X-12.207 Y31.499 Z94.015 E1226.32612
G1 X-13.59 Y30.943 Z94.022 E1227.0271
G1 X-14.914 Y30.315 Z94.029 E1227.71622
G1 X-16.602 Y29.421 Z94.038 E1228.6145
G1 X-17.817 Y28.711 Z94.045 E1229.27628
G1 X-19.395 Y27.659 Z94.054 E1230.16815
G1 X-20.985 Y26.47 Z94.063 E1231.10183
G1 X-22.111 Y25.534 Z94.07 E1231.79041
G1 X-23.186 Y24.572 Z94.077 E1232.46882
G1 X-24.541 Y23.217 Z94.086 E1233.36997
G1 X-25.81 Y21.782 Z94.095 E1234.27083
G1 X-26.757 Y20.602 Z94.102 E1234.98235
G1 X-27.585 Y19.48 Z94.109 E1235.63812
G1 X-28.372 Y18.3 Z94.116 E1236.30513
G1 X-29.137 Y17.072 Z94.122 E1236.98551
G1 X-30.065 Y15.373 Z94.131 E1237.89591
G1 X-30.904 Y13.616 Z94.141 E1238.81155
G1 X-31.437 Y12.306 Z94.147 E1239.47664
G1 X-32.087 Y10.488 Z94.156 E1240.38459
G1 X-32.39 Y9.511 Z94.161 E1240.86563
G1 X-32.877 Y7.651 Z94.17 E1241.76982
G1 X-33.251 Y5.777 Z94.179 E1242.66848
G1 X-33.478 Y4.333 Z94.186 E1243.35589
G1 X-33.629 Y2.865 Z94.193 E1244.04989
G1 X-33.735 Y0.944 Z94.202 E1244.95465
G1 X-33.748 Y-.46 Z94.209 E1245.61494
G1 X-33.669 Y-2.353 Z94.218 E1246.50593
G1 X-33.524 Y-3.845 Z94.225 E1247.21088
G1 X-33.334 Y-5.26 Z94.232 E1247.88228
G1 X-33.087 Y-6.615 Z94.238 E1248.53
G1 X-32.859 Y-7.661 Z94.243 E1249.03345
G1 X-32.512 Y-9.039 Z94.25 E1249.70171
G1 X-31.959 Y-10.824 Z94.259 E1250.5805
G1 X-31.452 Y-12.202 Z94.266 E1251.271
G1 X-30.894 Y-13.565 Z94.273 E1251.96361
G1 X-30.263 Y-14.902 Z94.28 E1252.65887
G1 X-29.381 Y-16.568 Z94.289 E1253.54536
G1 X-28.662 Y-17.791 Z94.295 E1254.21252
G1 X-27.614 Y-19.378 Z94.304 E1255.10689
G1 X-26.434 Y-20.955 Z94.314 E1256.03313
G1 X-25.502 Y-22.069 Z94.32 E1256.71617
G1 X-24.533 Y-23.152 Z94.327 E1257.39958
G1 X-23.179 Y-24.505 Z94.336 E1258.29974
G1 X-21.752 Y-25.774 Z94.345 E1259.19778
G1 X-20.571 Y-26.716 Z94.352 E1259.9082
G1 X-19.453 Y-27.547 Z94.359 E1260.56329
G1 X-18.274 Y-28.331 Z94.366 E1261.22913
G1 X-17.048 Y-29.095 Z94.373 E1261.90847
G1 X-15.351 Y-30.023 Z94.382 E1262.81805
G1 X-13.594 Y-30.857 Z94.391 E1263.73267
G1 X-12.286 Y-31.389 Z94.398 E1264.39671
G1 X-10.473 Y-32.036 Z94.407 E1265.30198
G1 X-9.496 Y-32.34 Z94.411 E1265.78316
G1 X-7.64 Y-32.826 Z94.42 E1266.6854
G1 X-5.768 Y-33.204 Z94.43 E1267.58352
G1 X-4.327 Y-33.43 Z94.436 E1268.26946
G1 X-2.861 Y-33.577 Z94.443 E1268.96233
G1 X-.955 Y-33.682 Z94.452 E1269.86002
G1 X0.46 Y-33.701 Z94.459 E1270.52551
G1 X2.349 Y-33.622 Z94.468 E1271.41463
G1 X3.839 Y-33.472 Z94.475 E1272.11887
G1 X5.252 Y-33.287 Z94.482 E1272.78903
G1 X6.621 Y-33.033 Z94.488 E1273.44382
G1 X7.636 Y-32.811 Z94.493 E1273.93242
G1 X9.026 Y-32.465 Z94.5 E1274.60604
;TIME_ELAPSED:586.293656
;LAYER:94
;TYPE:WALL-OUTER
;MESH:rouleau_cylindrical_vase_3mm_large_v1.stl
G1 X11.321 Y-31.711 Z94.511 E1275.74207
G1 X13.102 Y-31.03 Z94.52 E1276.63876
G1 X14.881 Y-30.215 Z94.53 E1277.55898
G1 X16.545 Y-29.334 Z94.539 E1278.44442
G1 X18.209 Y-28.329 Z94.548 E1279.35859
G1 X19.793 Y-27.244 Z94.557 E1280.2615
G1 X21.319 Y-26.066 Z94.566 E1281.16808
G1 X22.759 Y-24.816 Z94.575 E1282.06481
G1 X24.155 Y-23.457 Z94.584 E1282.98101
G1 X25.437 Y-22.056 Z94.593 E1283.87407
G1 X26.66 Y-20.559 Z94.602 E1284.78313
G1 X28.064 Y-18.591 Z94.614 E1285.92
G1 X29.316 Y-16.541 Z94.625 E1287.04963
G1 X30.199 Y-14.865 Z94.634 E1287.94049
G1 X31.005 Y-13.094 Z94.643 E1288.85554
G1 X31.684 Y-11.314 Z94.652 E1289.75145
G1 X32.301 Y-9.446 Z94.662 E1290.67659
G1 X32.532 Y-8.573 Z94.666 E1291.10127
G1 X32.986 Y-6.665 Z94.675 E1292.02359
G1 X33.233 Y-5.277 Z94.682 E1292.68658
G1 X33.431 Y-3.824 Z94.689 E1293.3762
G1 X33.592 Y-1.921 Z94.698 E1294.27432
G1 X33.645 Y-0.002 Z94.707 E1295.17711
G1 X33.59 Y1.92 Z94.716 E1296.08133
G1 X33.424 Y3.818 Z94.725 E1296.97731
G1 X33.143 Y5.762 Z94.734 E1297.90102
G1 X32.973 Y6.662 Z94.739 E1298.33174
G1 X32.528 Y8.569 Z94.748 E1299.25264
G1 X32.283 Y9.447 Z94.752 E1299.68131
G1 X31.667 Y11.306 Z94.761 E1300.60228
G1 X30.983 Y13.084 Z94.77 E1301.49816
G1 X30.171 Y14.858 Z94.78 E1302.41566
G1 X29.287 Y16.528 Z94.789 E1303.30425
G1 X28.287 Y18.182 Z94.798 E1304.21319
G1 X27.203 Y19.763 Z94.807 E1305.11466
G1 X26.027 Y21.286 Z94.816 E1306.01955
G1 X24.778 Y22.726 Z94.825 E1306.91597
G1 X23.421 Y24.12 Z94.834 E1307.83085
G1 X22.022 Y25.4 Z94.843 E1308.72258
G1 X20.528 Y26.621 Z94.852 E1309.62995
G1 X18.565 Y28.027 Z94.864 E1310.76545
G1 X16.517 Y29.272 Z94.875 E1311.89256
G1 X14.844 Y30.155 Z94.884 E1312.78218
G1 X13.075 Y30.959 Z94.893 E1313.69598
G1 X11.298 Y31.641 Z94.902 E1314.59108
G1 X9.433 Y32.253 Z94.911 E1315.51415
G1 X8.561 Y32.486 Z94.916 E1315.93861
G1 X6.652 Y32.929 Z94.925 E1316.86021
G1 X5.269 Y33.187 Z94.932 E1317.52181
G1 X3.818 Y33.38 Z94.939 E1318.21018
G1 X1.92 Y33.534 Z94.948 E1319.10568
G1 X0.002 Y33.595 Z94.957 E1320.00812
G1 X-1.918 Y33.54 Z94.966 E1320.9114
G1 X-3.813 Y33.374 Z94.975 E1321.80598
G1 X-5.753 Y33.094 Z94.984 E1322.72775
G1 X-6.652 Y32.924 Z94.988 E1323.15802
G1 X-8.557 Y32.479 Z94.998 E1324.078
G1 X-9.432 Y32.235 Z95.002 E1324.50518
G1 X-11.294 Y31.628 Z95.011 E1325.42618
G1 X-13.065 Y30.936 Z95.02 E1326.32034
G1 X-14.835 Y30.126 Z95.029 E1327.23574
G1 X-16.499 Y29.245 Z95.038 E1328.12118
G1 X-18.154 Y28.246 Z95.047 E1329.03027
G1 X-19.733 Y27.163 Z95.056 E1329.9307
G1 X-21.254 Y25.989 Z95.065 E1330.83427
G1 X-22.692 Y24.74 Z95.074 E1331.72999
G1 X-24.084 Y23.386 Z95.084 E1332.64321
G1 X-25.363 Y21.989 Z95.093 E1333.53392
G1 X-26.582 Y20.496 Z95.102 E1334.44034
G1 X-27.989 Y18.54 Z95.113 E1335.57344
G1 X-29.229 Y16.492 Z95.124 E1336.69933
G1 X-30.109 Y14.823 Z95.133 E1337.58663
G1 X-30.913 Y13.056 Z95.143 E1338.49957
G1 X-31.597 Y11.282 Z95.152 E1339.39369
G1 X-32.205 Y9.42 Z95.161 E1340.31483
G1 X-32.441 Y8.549 Z95.165 E1340.7392
G1 X-32.883 Y6.642 Z95.174 E1341.65978
G1 X-33.141 Y5.262 Z95.181 E1342.32
G1 X-33.331 Y3.813 Z95.188 E1343.00725
G1 X-33.488 Y1.917 Z95.197 E1343.90193
G1 X-33.545 Y0.001 Z95.206 E1344.80336
G1 X-33.489 Y-1.916 Z95.215 E1345.70526
G1 X-33.324 Y-3.808 Z95.224 E1346.59838
G1 X-33.045 Y-5.744 Z95.233 E1347.51823
G1 X-32.876 Y-6.641 Z95.238 E1347.94748
G1 X-32.43 Y-8.545 Z95.247 E1348.86711
G1 X-32.187 Y-9.418 Z95.251 E1349.29326
G1 X-31.581 Y-11.277 Z95.26 E1350.21277
G1 X-30.89 Y-13.046 Z95.269 E1351.10589
G1 X-30.083 Y-14.812 Z95.279 E1352.01899
G1 X-29.2 Y-16.478 Z95.287 E1352.9057
G1 X-28.204 Y-18.127 Z95.297 E1353.81165
G1 X-27.123 Y-19.703 Z95.306 E1354.71039
G1 X-25.951 Y-21.222 Z95.315 E1355.61264
G1 X-24.703 Y-22.659 Z95.324 E1356.50769
G1 X-23.35 Y-24.049 Z95.333 E1357.4199
G1 X-21.955 Y-25.326 Z95.342 E1358.30929
G1 X-20.465 Y-26.542 Z95.351 E1359.21372
G1 X-18.515 Y-27.952 Z95.362 E1360.34536
G1 X-16.468 Y-29.185 Z95.374 E1361.46915
G1 X-14.801 Y-30.064 Z95.382 E1362.35539
G1 X-13.037 Y-30.867 Z95.392 E1363.26685
G1 X-11.266 Y-31.553 Z95.401 E1364.16
G1 X-9.408 Y-32.156 Z95.41 E1365.07862
G1 X-8.537 Y-32.397 Z95.414 E1365.50362
G1 X-6.633 Y-32.838 Z95.423 E1366.42271
G1 X-5.254 Y-33.095 Z95.43 E1367.08238
G1 X-3.808 Y-33.282 Z95.437 E1367.76805
G1 X-1.915 Y-33.441 Z95.446 E1368.66141
G1 X0.00 Y-33.495 Z95.455 E1369.56233
G1 X1.914 Y-33.438 Z95.464 E1370.46282
G1 X3.804 Y-33.274 Z95.473 E1371.35497
G1 X5.735 Y-32.996 Z95.482 E1372.27242
G1 X6.631 Y-32.827 Z95.486 E1372.70121
G1 X8.533 Y-32.382 Z95.496 E1373.61982
G1 X9.403 Y-32.139 Z95.5 E1374.04462
;TIME_ELAPSED:591.589356
;LAYER:95
;TYPE:WALL-OUTER
;MESH:rouleau_cylindrical_vase_3mm_large_v1.stl
G1 X11.247 Y-31.538 Z95.509 E1374.95669
G1 X13.047 Y-30.836 Z95.518 E1375.86527
G1 X14.755 Y-30.054 Z95.527 E1376.74867
G1 X16.469 Y-29.147 Z95.537 E1377.66061
G1 X18.116 Y-28.152 Z95.546 E1378.56552
G1 X18.881 Y-27.628 Z95.55 E1379.00158
G1 X20.426 Y-26.503 Z95.559 E1379.90035
G1 X21.916 Y-25.283 Z95.569 E1380.80597
G1 X23.314 Y-23.997 Z95.578 E1381.69926
G1 X24.652 Y-22.618 Z95.587 E1382.60285
G1 X25.283 Y-21.929 Z95.591 E1383.04221
G1 X26.509 Y-20.426 Z95.6 E1383.95435
G1 X27.625 Y-18.887 Z95.61 E1384.84835
G1 X28.146 Y-18.102 Z95.614 E1385.29142
G1 X29.132 Y-16.462 Z95.623 E1386.19132
G1 X30.035 Y-14.747 Z95.632 E1387.1028
G1 X30.813 Y-13.038 Z95.641 E1387.98585
G1 X31.511 Y-11.24 Z95.651 E1388.89287
G1 X32.098 Y-9.428 Z95.66 E1389.7886
G1 X32.574 Y-7.568 Z95.669 E1390.69149
G1 X32.784 Y-6.652 Z95.673 E1391.13343
G1 X33.11 Y-4.754 Z95.682 E1392.03907
G1 X33.314 Y-2.874 Z95.691 E1392.92837
G1 X33.422 Y-.947 Z95.701 E1393.836
G1 X33.421 Y0.946 Z95.71 E1394.72622
G1 X33.309 Y2.873 Z95.719 E1395.63396
G1 X33.091 Y4.753 Z95.728 E1396.52399
G1 X32.773 Y6.649 Z95.737 E1397.42807
G1 X32.562 Y7.564 Z95.742 E1397.86966
G1 X32.082 Y9.422 Z95.751 E1398.77211
G1 X31.492 Y11.233 Z95.76 E1399.66782
G1 X30.791 Y13.027 Z95.769 E1400.5736
G1 X30.01 Y14.735 Z95.778 E1401.45681
G1 X29.105 Y16.444 Z95.787 E1402.36623
G1 X28.112 Y18.089 Z95.796 E1403.26985
G1 X27.59 Y18.856 Z95.801 E1403.70615
G1 X26.467 Y20.399 Z95.81 E1404.60361
G1 X25.248 Y21.886 Z95.819 E1405.50784
G1 X23.964 Y23.283 Z95.828 E1406.40015
G1 X22.588 Y24.619 Z95.837 E1407.30207
G1 X21.896 Y25.247 Z95.842 E1407.74153
G1 X20.398 Y26.47 Z95.851 E1408.65095
G1 X18.858 Y27.586 Z95.86 E1409.54534
G1 X18.076 Y28.105 Z95.864 E1409.98671
G1 X16.436 Y29.09 Z95.873 E1410.88636
G1 X14.727 Y29.99 Z95.883 E1411.79469
G1 X13.017 Y30.769 Z95.892 E1412.67836
G1 X11.225 Y31.465 Z95.901 E1413.58242
G1 X9.413 Y32.052 Z95.91 E1414.47814
G1 X7.557 Y32.53 Z95.919 E1415.37944
G1 X6.641 Y32.737 Z95.923 E1415.82107
G1 X4.748 Y33.062 Z95.933 E1416.72432
G1 X2.87 Y33.269 Z95.942 E1417.61283
G1 X0.945 Y33.377 Z95.951 E1418.51952
G1 X-.945 Y33.376 Z95.96 E1419.40833
G1 X-2.869 Y33.264 Z95.969 E1420.31466
G1 X-4.747 Y33.047 Z95.978 E1421.2037
G1 X-6.638 Y32.726 Z95.987 E1422.1057
G1 X-7.554 Y32.518 Z95.992 E1422.54744
G1 X-9.407 Y32.035 Z96.001 E1423.44796
G1 X-11.218 Y31.446 Z96.01 E1424.34353
G1 X-13.007 Y30.747 Z96.019 E1425.24678
G1 X-14.715 Y29.965 Z96.028 E1426.13018
G1 X-16.419 Y29.063 Z96.037 E1427.03687
G1 X-18.062 Y28.072 Z96.046 E1427.93919
G1 X-18.83 Y27.553 Z96.051 E1428.37509
G1 X-20.371 Y26.431 Z96.06 E1429.27152
G1 X-21.857 Y25.214 Z96.069 E1430.17479
G1 X-23.252 Y23.932 Z96.078 E1431.06576
G1 X-24.586 Y22.557 Z96.087 E1431.96669
G1 X-25.211 Y21.863 Z96.092 E1432.4059
G1 X-26.431 Y20.369 Z96.101 E1433.31297
G1 X-27.547 Y18.83 Z96.11 E1434.20698
G1 X-28.063 Y18.051 Z96.114 E1434.64639
G1 X-29.049 Y16.411 Z96.123 E1435.54629
G1 X-29.946 Y14.707 Z96.133 E1436.45188
G1 X-30.725 Y12.997 Z96.142 E1437.33555
G1 X-31.419 Y11.21 Z96.151 E1438.23707
G1 X-32.006 Y9.398 Z96.16 E1439.1328
G1 X-32.486 Y7.547 Z96.169 E1440.03206
G1 X-32.69 Y6.63 Z96.173 E1440.47384
G1 X-33.014 Y4.742 Z96.183 E1441.37469
G1 X-33.224 Y2.866 Z96.192 E1442.26242
G1 X-33.332 Y0.944 Z96.201 E1443.16771
G1 X-33.331 Y-.943 Z96.21 E1444.0551
G1 X-33.219 Y-2.865 Z96.219 E1444.96049
G1 X-33.002 Y-4.741 Z96.228 E1445.8486
G1 X-32.678 Y-6.627 Z96.237 E1446.74852
G1 X-32.474 Y-7.544 Z96.241 E1447.1903
G1 X-31.989 Y-9.392 Z96.251 E1448.08879
G1 X-31.4 Y-11.203 Z96.26 E1448.98436
G1 X-30.703 Y-12.987 Z96.269 E1449.88508
G1 X-29.921 Y-14.695 Z96.278 E1450.76848
G1 X-29.022 Y-16.394 Z96.287 E1451.67243
G1 X-28.032 Y-18.034 Z96.296 E1452.5733
G1 X-27.516 Y-18.805 Z96.3 E1453.00958
G1 X-26.395 Y-20.344 Z96.31 E1453.90497
G1 X-25.18 Y-21.827 Z96.319 E1454.80655
G1 X-23.899 Y-23.221 Z96.328 E1455.69686
G1 X-22.526 Y-24.553 Z96.337 E1456.59646
G1 X-21.83 Y-25.176 Z96.341 E1457.03574
G1 X-20.34 Y-26.392 Z96.35 E1457.94017
G1 X-18.801 Y-27.508 Z96.359 E1458.83417
G1 X-18.026 Y-28.022 Z96.364 E1459.2715
G1 X-16.386 Y-29.007 Z96.373 E1460.17116
G1 X-14.687 Y-29.902 Z96.382 E1461.07423
G1 X-12.977 Y-30.681 Z96.391 E1461.9579
G1 X-11.195 Y-31.373 Z96.4 E1462.85689
G1 X-9.383 Y-31.96 Z96.409 E1463.75261
G1 X-7.536 Y-32.442 Z96.418 E1464.65029
G1 X-6.618 Y-32.643 Z96.423 E1465.09223
G1 X-4.736 Y-32.966 Z96.432 E1465.99021
G1 X-2.862 Y-33.179 Z96.441 E1466.87717
G1 X-.942 Y-33.287 Z96.45 E1467.78152
G1 X0.942 Y-33.285 Z96.459 E1468.6675
G1 X2.861 Y-33.174 Z96.468 E1469.57146
G1 X4.735 Y-32.957 Z96.477 E1470.45863
G1 X6.616 Y-32.631 Z96.486 E1471.35639
G1 X7.533 Y-32.43 Z96.491 E1471.79787
G1 X9.377 Y-31.943 Z96.5 E1472.69478
;TIME_ELAPSED:596.843142
;LAYER:96
;TYPE:WALL-OUTER
;MESH:rouleau_cylindrical_vase_3mm_large_v1.stl
G1 X11.194 Y-31.351 Z96.509 E1473.59347
G1 X12.962 Y-30.661 Z96.518 E1474.48598
G1 X14.7 Y-29.863 Z96.527 E1475.38534
G1 X15.505 Y-29.438 Z96.532 E1475.81343
G1 X17.18 Y-28.492 Z96.541 E1476.71808
G1 X18.794 Y-27.467 Z96.55 E1477.61722
G1 X20.329 Y-26.348 Z96.559 E1478.51053
G1 X21.785 Y-25.155 Z96.568 E1479.39573
G1 X23.183 Y-23.871 Z96.577 E1480.28839
G1 X23.858 Y-23.178 Z96.582 E1480.74333
G1 X25.152 Y-21.783 Z96.591 E1481.63813
G1 X26.342 Y-20.325 Z96.6 E1482.52317
G1 X27.466 Y-18.778 Z96.609 E1483.42243
G1 X27.979 Y-18.002 Z96.614 E1483.8599
G1 X28.975 Y-16.345 Z96.623 E1484.76907
G1 X29.849 Y-14.684 Z96.632 E1485.65172
G1 X30.638 Y-12.954 Z96.641 E1486.5459
G1 X31.326 Y-11.186 Z96.65 E1487.43807
G1 X31.911 Y-9.379 Z96.659 E1488.33127
G1 X32.398 Y-7.517 Z96.669 E1489.23637
G1 X32.596 Y-6.604 Z96.673 E1489.67571
G1 X32.918 Y-4.734 Z96.682 E1490.56805
G1 X33.131 Y-2.863 Z96.691 E1491.45361
G1 X33.241 Y-.927 Z96.701 E1492.36552
G1 X33.242 Y0.00 Z96.705 E1492.80146
G1 X33.186 Y1.901 Z96.714 E1493.69583
G1 X33.129 Y2.832 Z96.719 E1494.13447
G1 X32.91 Y4.732 Z96.728 E1495.0339
G1 X32.585 Y6.602 Z96.737 E1495.92648
G1 X32.386 Y7.514 Z96.741 E1496.36546
G1 X31.895 Y9.373 Z96.751 E1497.26967
G1 X31.308 Y11.177 Z96.76 E1498.16182
G1 X30.617 Y12.945 Z96.769 E1499.0545
G1 X29.822 Y14.678 Z96.778 E1499.95114
G1 X29.4 Y15.485 Z96.782 E1500.3794
G1 X28.454 Y17.158 Z96.791 E1501.28323
G1 X27.429 Y18.767 Z96.801 E1502.18039
G1 X26.312 Y20.3 Z96.81 E1503.07239
G1 X25.119 Y21.756 Z96.819 E1503.95759
G1 X23.837 Y23.152 Z96.828 E1504.84891
G1 X23.148 Y23.827 Z96.832 E1505.30251
G1 X21.754 Y25.116 Z96.842 E1506.19537
G1 X20.295 Y26.306 Z96.851 E1507.08078
G1 X18.75 Y27.428 Z96.86 E1507.97872
G1 X17.976 Y27.94 Z96.864 E1508.41514
G1 X16.323 Y28.933 Z96.873 E1509.32197
G1 X14.662 Y29.808 Z96.882 E1510.20485
G1 X12.937 Y30.595 Z96.892 E1511.0965
G1 X11.168 Y31.282 Z96.901 E1511.98894
G1 X9.364 Y31.866 Z96.91 E1512.88065
G1 X7.507 Y32.353 Z96.919 E1513.78347
G1 X6.596 Y32.55 Z96.923 E1514.22179
G1 X4.726 Y32.872 Z96.933 E1515.11414
G1 X2.857 Y33.085 Z96.942 E1515.99876
G1 X0.943 Y33.193 Z96.951 E1516.90029
G1 X-.937 Y33.192 Z96.96 E1517.78439
G1 X-2.856 Y33.08 Z96.969 E1518.68837
G1 X-4.724 Y32.864 Z96.978 E1519.57269
G1 X-6.594 Y32.539 Z96.987 E1520.46528
G1 X-7.504 Y32.34 Z96.992 E1520.90334
G1 X-9.358 Y31.85 Z97.001 E1521.80515
G1 X-11.16 Y31.264 Z97.01 E1522.69626
G1 X-12.928 Y30.573 Z97.019 E1523.58894
G1 X-14.657 Y29.781 Z97.028 E1524.48328
G1 X-15.465 Y29.361 Z97.032 E1524.91153
G1 X-17.135 Y28.417 Z97.042 E1525.81367
G1 X-18.739 Y27.391 Z97.051 E1526.70909
G1 X-20.27 Y26.276 Z97.06 E1527.59978
G1 X-21.727 Y25.083 Z97.069 E1528.48534
G1 X-23.12 Y23.802 Z97.078 E1529.37531
G1 X-23.796 Y23.118 Z97.083 E1529.82756
G1 X-25.08 Y21.724 Z97.092 E1530.71883
G1 X-26.27 Y20.266 Z97.101 E1531.60387
G1 X-27.39 Y18.722 Z97.11 E1532.50088
G1 X-27.901 Y17.95 Z97.114 E1532.93625
G1 X-28.892 Y16.301 Z97.123 E1533.84099
G1 X-29.767 Y14.64 Z97.132 E1534.72386
G1 X-30.551 Y12.92 Z97.142 E1535.61279
G1 X-31.239 Y11.151 Z97.151 E1536.5054
G1 X-31.822 Y9.35 Z97.16 E1537.39563
G1 X-32.307 Y7.497 Z97.169 E1538.29639
G1 X-32.504 Y6.588 Z97.173 E1538.73379
G1 X-32.826 Y4.718 Z97.182 E1539.62613
G1 X-33.038 Y2.852 Z97.191 E1540.5093
G1 X-33.146 Y0.94 Z97.201 E1541.40989
G1 X-33.145 Y-.937 Z97.21 E1542.29259
G1 X-33.034 Y-2.851 Z97.219 E1543.19419
G1 X-32.817 Y-4.716 Z97.228 E1544.07716
G1 X-32.493 Y-6.586 Z97.237 E1544.96967
G1 X-32.294 Y-7.494 Z97.241 E1545.40681
G1 X-31.806 Y-9.344 Z97.251 E1546.30657
G1 X-31.22 Y-11.143 Z97.26 E1547.19633
G1 X-30.53 Y-12.911 Z97.269 E1548.08884
G1 X-29.74 Y-14.635 Z97.278 E1548.98065
G1 X-29.323 Y-15.445 Z97.282 E1549.40909
G1 X-28.379 Y-17.113 Z97.291 E1550.31041
G1 X-27.353 Y-18.712 Z97.3 E1551.20385
G1 X-26.24 Y-20.241 Z97.31 E1552.09322
G1 X-25.047 Y-21.697 Z97.319 E1552.97843
G1 X-23.768 Y-23.089 Z97.328 E1553.86741
G1 X-23.087 Y-23.765 Z97.332 E1554.31866
G1 X-21.695 Y-25.044 Z97.341 E1555.20764
G1 X-20.236 Y-26.234 Z97.35 E1556.09305
G1 X-18.695 Y-27.352 Z97.359 E1556.98836
G1 X-17.924 Y-27.862 Z97.364 E1557.42309
G1 X-16.279 Y-28.851 Z97.373 E1558.32573
G1 X-14.618 Y-29.726 Z97.382 E1559.2086
G1 X-12.903 Y-30.508 Z97.391 E1560.095
G1 X-11.134 Y-31.195 Z97.4 E1560.98744
G1 X-9.335 Y-31.777 Z97.409 E1561.87662
G1 X-7.487 Y-32.262 Z97.418 E1562.77511
G1 X-6.58 Y-32.458 Z97.423 E1563.21149
G1 X-4.71 Y-32.78 Z97.432 E1564.10384
G1 X-2.846 Y-32.992 Z97.441 E1564.98607
G1 X-.938 Y-33.099 Z97.45 E1565.88475
G1 X0.937 Y-33.098 Z97.459 E1566.76651
G1 X2.846 Y-32.987 Z97.468 E1567.66577
G92 E0
G1 X4.709 Y-32.771 Z97.477 E0.88198
G1 X6.578 Y-32.447 Z97.486 E1.77402
G1 X7.484 Y-32.249 Z97.491 E2.21014
G1 X9.33 Y-31.761 Z97.5 E3.10808
;TIME_ELAPSED:602.080564
;LAYER:97
;TYPE:WALL-OUTER
;MESH:rouleau_cylindrical_vase_3mm_large_v1.stl
G1 X10.68 Y-31.322 Z97.507 E3.77567
G1 X12.894 Y-30.486 Z97.518 E4.8886
G1 X14.586 Y-29.711 Z97.527 E5.76379
G1 X16.282 Y-28.8 Z97.537 E6.66915
G1 X17.074 Y-28.351 Z97.541 E7.09729
G1 X18.669 Y-27.326 Z97.55 E7.9889
G1 X20.209 Y-26.205 Z97.56 E8.88467
G1 X21.679 Y-25.002 Z97.569 E9.77795
G1 X23.061 Y-23.73 Z97.578 E10.66124
G1 X24.365 Y-22.368 Z97.587 E11.54798
G1 X25.603 Y-20.938 Z97.596 E12.43746
G1 X27.035 Y-19.057 Z97.608 E13.54921
G1 X28.319 Y-17.078 Z97.619 E14.65859
G1 X29.248 Y-15.43 Z97.628 E15.54825
G1 X30.27 Y-13.32 Z97.639 E16.65079
G1 X31.155 Y-11.107 Z97.651 E17.77163
G1 X31.862 Y-8.849 Z97.663 E18.88434
G1 X32.418 Y-6.543 Z97.674 E19.99985
G1 X32.572 Y-5.662 Z97.678 E20.42044
G1 X32.844 Y-3.757 Z97.688 E21.32539
G1 X33.002 Y-1.887 Z97.697 E22.20793
G1 X33.066 Y-0.002 Z97.706 E23.0949
G1 X33.011 Y1.894 Z97.715 E23.9869
G1 X32.943 Y2.82 Z97.72 E24.42355
G1 X32.725 Y4.709 Z97.729 E25.31778
G1 X32.402 Y6.568 Z97.738 E26.20511
G1 X31.963 Y8.403 Z97.747 E27.0924
G1 X31.285 Y10.668 Z97.759 E28.20426
G1 X30.443 Y12.877 Z97.77 E29.31599
G1 X29.669 Y14.567 Z97.779 E30.19014
G1 X28.763 Y16.261 Z97.788 E31.09355
G1 X28.311 Y17.052 Z97.793 E31.52198
G1 X27.287 Y18.644 Z97.802 E32.41215
G1 X26.168 Y20.182 Z97.811 E33.30661
G1 X24.968 Y21.648 Z97.82 E34.19753
G1 X23.698 Y23.029 Z97.829 E35.07984
G1 X22.339 Y24.334 Z97.838 E35.96589
G1 X20.911 Y25.571 Z97.848 E36.85436
G1 X19.034 Y27.004 Z97.859 E37.96489
G1 X17.055 Y28.283 Z97.87 E39.073
G1 X15.41 Y29.211 Z97.88 E39.9612
G1 X13.304 Y30.235 Z97.891 E41.06246
G1 X11.093 Y31.112 Z97.902 E42.18103
G1 X8.838 Y31.824 Z97.914 E43.29309
G1 X6.535 Y32.373 Z97.925 E44.40647
G1 X5.655 Y32.53 Z97.93 E44.82684
G1 X3.752 Y32.802 Z97.939 E45.73086
G1 X1.885 Y32.96 Z97.948 E46.61199
G1 X0.00 Y33.013 Z97.957 E47.4988
G1 X-1.889 Y32.958 Z97.966 E48.38752
G1 X-2.809 Y32.898 Z97.971 E48.82108
G1 X-4.702 Y32.68 Z97.98 E49.71719
G1 X-6.557 Y32.358 Z97.989 E50.60258
G1 X-8.392 Y31.922 Z97.998 E51.48955
G1 X-10.656 Y31.248 Z98.01 E52.60042
G1 X-12.861 Y30.4 Z98.021 E53.7114
G1 X-14.548 Y29.628 Z98.03 E54.58387
G1 X-16.241 Y28.726 Z98.04 E55.48599
G1 X-17.03 Y28.271 Z98.044 E55.9143
G1 X-18.619 Y27.248 Z98.053 E56.80303
G1 X-20.155 Y26.131 Z98.062 E57.69617
G1 X-21.617 Y24.933 Z98.071 E58.58505
G1 X-22.996 Y23.665 Z98.081 E59.46603
G1 X-24.303 Y22.31 Z98.09 E60.35137
G1 X-25.538 Y20.883 Z98.099 E61.23887
G1 X-26.972 Y19.01 Z98.11 E62.34819
G1 X-28.247 Y17.033 Z98.122 E63.45449
G1 X-29.173 Y15.39 Z98.131 E64.34141
G1 X-30.2 Y13.287 Z98.142 E65.44202
G1 X-31.069 Y11.079 Z98.154 E66.5579
G1 X-31.787 Y8.828 Z98.165 E67.66902
G1 X-32.329 Y6.527 Z98.176 E68.78072
G1 X-32.489 Y5.647 Z98.181 E69.20135
G1 X-32.76 Y3.747 Z98.19 E70.1039
G1 X-32.918 Y1.882 Z98.199 E70.98409
G1 X-32.971 Y0.00 Z98.208 E71.86949
G1 X-32.916 Y-1.887 Z98.217 E72.75727
G1 X-32.852 Y-2.807 Z98.222 E73.19096
G1 X-32.634 Y-4.694 Z98.231 E74.08426
G1 X-32.313 Y-6.545 Z98.24 E74.96772
G1 X-31.881 Y-8.382 Z98.249 E75.85517
G1 X-31.21 Y-10.644 Z98.261 E76.96474
G1 X-30.358 Y-12.845 Z98.272 E78.07465
G1 X-29.586 Y-14.529 Z98.281 E78.94583
G1 X-28.689 Y-16.22 Z98.29 E79.84601
G1 X-28.231 Y-17.007 Z98.295 E80.27422
G1 X-27.209 Y-18.594 Z98.304 E81.16191
G1 X-26.094 Y-20.128 Z98.313 E82.05373
G1 X-24.899 Y-21.586 Z98.322 E82.94026
G1 X-23.633 Y-22.964 Z98.331 E83.82026
G1 X-22.281 Y-24.272 Z98.341 E84.70491
G1 X-20.856 Y-25.505 Z98.35 E85.59108
G1 X-18.993 Y-26.937 Z98.361 E86.6961
G1 X-17.011 Y-28.21 Z98.372 E87.80387
G1 X-15.37 Y-29.136 Z98.382 E88.68997
G1 X-13.271 Y-30.164 Z98.393 E89.78909
G1 X-11.064 Y-31.025 Z98.404 E90.90316
G1 X-8.818 Y-31.75 Z98.416 E92.01305
G1 X-6.519 Y-32.284 Z98.427 E93.12298
G1 X-5.64 Y-32.447 Z98.432 E93.5434
G1 X-3.742 Y-32.718 Z98.441 E94.44502
G1 X-1.88 Y-32.876 Z98.45 E95.32381
G1 X0.00 Y-32.929 Z98.459 E96.20827
G1 X1.884 Y-32.873 Z98.468 E97.09465
G1 X2.804 Y-32.807 Z98.473 E97.52841
G1 X4.687 Y-32.589 Z98.482 E98.41984
G1 X6.534 Y-32.269 Z98.491 E99.30137
G1 X8.371 Y-31.84 Z98.5 E100.1885
;TIME_ELAPSED:607.250900
;LAYER:98
;TYPE:WALL-OUTER
;MESH:rouleau_cylindrical_vase_3mm_large_v1.stl
G1 X10.162 Y-31.312 Z98.509 E101.06659
G1 X11.937 Y-30.664 Z98.518 E101.9552
G1 X14.094 Y-29.736 Z98.53 E103.05947
G1 X16.175 Y-28.665 Z98.541 E104.1601
G1 X17.795 Y-27.671 Z98.55 E105.05391
G1 X19.716 Y-26.34 Z98.561 E106.15295
G1 X21.563 Y-24.859 Z98.573 E107.26629
G1 X22.238 Y-24.24 Z98.577 E107.69699
G1 X23.582 Y-22.932 Z98.587 E108.57894
G1 X24.859 Y-21.539 Z98.596 E109.46763
G1 X26.33 Y-19.716 Z98.607 E110.56923
G1 X27.662 Y-17.79 Z98.618 E111.67047
G1 X28.639 Y-16.167 Z98.628 E112.56134
G1 X29.72 Y-14.089 Z98.639 E113.66288
G1 X30.811 Y-11.504 Z98.653 E114.98236
G1 X31.558 Y-9.275 Z98.664 E116.08789
G1 X32.028 Y-7.438 Z98.673 E116.9796
G1 X32.407 Y-5.611 Z98.682 E117.85707
G1 X32.672 Y-3.754 Z98.691 E118.73921
G1 X32.833 Y-1.858 Z98.7 E119.63405
G1 X32.885 Y-0.005 Z98.709 E120.5058
G1 X32.831 Y1.857 Z98.719 E121.38181
G1 X32.657 Y3.748 Z98.728 E122.27485
G1 X32.388 Y5.612 Z98.737 E123.16051
G1 X32.012 Y7.455 Z98.746 E124.04507
G1 X31.802 Y8.342 Z98.75 E124.47373
G1 X31.27 Y10.149 Z98.76 E125.35957
G1 X30.626 Y11.922 Z98.769 E126.24666
G1 X29.702 Y14.079 Z98.78 E127.35018
G1 X28.626 Y16.154 Z98.791 E128.44938
G1 X27.637 Y17.773 Z98.801 E129.34157
G1 X26.31 Y19.694 Z98.812 E130.43954
G1 X24.826 Y21.534 Z98.823 E131.5512
G1 X24.21 Y22.211 Z98.828 E131.98164
G1 X22.904 Y23.553 Z98.837 E132.86226
G1 X21.512 Y24.829 Z98.846 E133.75029
G1 X19.694 Y26.301 Z98.857 E134.85035
G1 X17.768 Y27.628 Z98.869 E135.95026
G1 X16.147 Y28.604 Z98.878 E136.84008
G1 X14.075 Y29.685 Z98.889 E137.93911
G1 X11.489 Y30.777 Z98.903 E139.25921
G1 X9.261 Y31.516 Z98.914 E140.3631
G1 X7.428 Y31.988 Z98.923 E141.25323
G1 X5.605 Y32.364 Z98.932 E142.12857
G1 X3.748 Y32.629 Z98.942 E143.01071
G1 X1.856 Y32.79 Z98.951 E143.90368
G1 X0.003 Y32.841 Z98.96 E144.77542
G1 X-1.856 Y32.787 Z98.969 E145.65002
G1 X-3.743 Y32.617 Z98.978 E146.54101
G1 X-5.605 Y32.348 Z98.987 E147.42574
G1 X-7.446 Y31.973 Z98.996 E148.30928
G1 X-8.333 Y31.76 Z99.001 E148.73827
G1 X-10.137 Y31.228 Z99.01 E149.62276
G1 X-11.907 Y30.588 Z99.019 E150.50788
G1 X-14.063 Y29.668 Z99.03 E151.61023
G1 X-16.134 Y28.587 Z99.042 E152.70885
G1 X-17.751 Y27.603 Z99.051 E153.59901
G1 X-19.672 Y26.28 Z99.062 E154.69591
G1 X-21.505 Y24.794 Z99.073 E155.8056
G1 X-22.184 Y24.18 Z99.078 E156.2361
G1 X-23.524 Y22.875 Z99.087 E157.11572
G1 X-24.798 Y21.485 Z99.096 E158.00242
G1 X-26.272 Y19.671 Z99.107 E159.10161
G1 X-27.594 Y17.746 Z99.119 E160.1998
G1 X-28.569 Y16.127 Z99.128 E161.08857
G1 X-29.652 Y14.059 Z99.139 E162.18638
G1 X-30.742 Y11.475 Z99.153 E163.50525
G1 X-31.474 Y9.247 Z99.164 E164.6081
G1 X-31.952 Y7.408 Z99.173 E165.50167
G1 X-32.32 Y5.599 Z99.182 E166.36981
G1 X-32.586 Y3.742 Z99.191 E167.25201
G1 X-32.746 Y1.855 Z99.201 E168.1426
G1 X-32.798 Y0.002 Z99.21 E169.01435
G1 X-32.743 Y-1.854 Z99.219 E169.88755
G1 X-32.577 Y-3.739 Z99.228 E170.77744
G1 X-32.307 Y-5.598 Z99.237 E171.66084
G1 X-31.933 Y-7.437 Z99.246 E172.54337
G1 X-31.717 Y-8.323 Z99.25 E172.97223
G1 X-31.186 Y-10.125 Z99.26 E173.85569
G1 X-30.55 Y-11.893 Z99.269 E174.73928
G1 X-29.636 Y-14.044 Z99.28 E175.83836
G1 X-28.548 Y-16.114 Z99.291 E176.9381
G1 X-27.569 Y-17.729 Z99.3 E177.82623
G1 X-26.25 Y-19.65 Z99.312 E178.92207
G1 X-24.762 Y-21.476 Z99.323 E180.02979
G1 X-24.151 Y-22.157 Z99.328 E180.46005
G1 X-22.847 Y-23.495 Z99.337 E181.33867
G1 X-21.459 Y-24.768 Z99.346 E182.22436
G1 X-19.648 Y-26.243 Z99.357 E183.32275
G1 X-17.724 Y-27.56 Z99.368 E184.41922
G1 X-16.107 Y-28.533 Z99.378 E185.3067
G1 X-14.042 Y-29.619 Z99.389 E186.40392
G1 X-11.461 Y-30.708 Z99.403 E187.7213
G1 X-9.234 Y-31.432 Z99.414 E188.82254
G1 X-7.41 Y-31.909 Z99.423 E189.70916
G1 X-5.593 Y-32.277 Z99.432 E190.58099
G1 X-3.735 Y-32.543 Z99.441 E191.46366
G1 X-1.853 Y-32.703 Z99.45 E192.3519
G1 X0.00 Y-32.754 Z99.459 E193.22364
G1 X1.853 Y-32.7 Z99.468 E194.09542
G1 X3.734 Y-32.537 Z99.477 E194.98331
G1 X5.591 Y-32.267 Z99.486 E195.86578
G1 X7.428 Y-31.894 Z99.496 E196.7473
G1 X8.313 Y-31.674 Z99.5 E197.17615
;TIME_ELAPSED:612.416305
;LAYER:99
;TYPE:WALL-OUTER
;MESH:rouleau_cylindrical_vase_3mm_large_v1.stl
G1 X9.267 Y-31.393 Z99.505 E197.64385
G1 X11.056 Y-30.807 Z99.514 E198.52914
G1 X13.116 Y-29.989 Z99.525 E199.57148
G1 X14.874 Y-29.155 Z99.534 E200.48653
G1 X16.621 Y-28.193 Z99.544 E201.42441
G1 X18.518 Y-26.98 Z99.555 E202.4833
G1 X19.284 Y-26.454 Z99.56 E202.92028
G1 X20.716 Y-25.329 Z99.569 E203.77667
G1 X21.898 Y-24.328 Z99.576 E204.50507
G1 X23.511 Y-22.767 Z99.587 E205.56066
G1 X24.14 Y-22.084 Z99.592 E205.99732
G1 X25.336 Y-20.699 Z99.601 E206.85788
G1 X26.31 Y-19.48 Z99.608 E207.59165
G1 X27.565 Y-17.636 Z99.619 E208.64061
G1 X28.517 Y-16.048 Z99.628 E209.51132
G1 X29.367 Y-14.433 Z99.637 E210.36957
G1 X29.782 Y-13.552 Z99.642 E210.82754
G1 X30.692 Y-11.38 Z99.654 E211.935
G1 X31.387 Y-9.235 Z99.665 E212.99535
G1 X31.646 Y-8.258 Z99.67 E213.47068
G1 X32.056 Y-6.48 Z99.679 E214.32876
G1 X32.242 Y-5.536 Z99.683 E214.78123
G1 X32.505 Y-3.677 Z99.692 E215.66416
G1 X32.675 Y-1.44 Z99.703 E216.71919
G1 X32.702 Y0.488 Z99.713 E217.62596
G1 X32.651 Y1.929 Z99.72 E218.30404
G1 X32.487 Y3.791 Z99.729 E219.18307
G1 X32.219 Y5.621 Z99.738 E220.05284
G1 X31.838 Y7.476 Z99.747 E220.9434
G1 X31.356 Y9.256 Z99.756 E221.81063
G1 X30.77 Y11.043 Z99.766 E222.69504
G1 X29.955 Y13.102 Z99.776 E223.73641
G1 X29.122 Y14.856 Z99.786 E224.64956
G1 X28.162 Y16.602 Z99.796 E225.58658
G1 X26.947 Y18.496 Z99.807 E226.64479
G1 X26.418 Y19.26 Z99.811 E227.08179
G1 X25.298 Y20.692 Z99.82 E227.93673
G1 X24.299 Y21.873 Z99.828 E228.66417
G1 X22.739 Y23.481 Z99.839 E229.71775
G1 X22.058 Y24.111 Z99.843 E230.15403
G1 X20.674 Y25.306 Z99.852 E231.01392
G1 X19.456 Y26.276 Z99.86 E231.74616
G1 X17.614 Y27.529 Z99.871 E232.79381
G1 X16.028 Y28.48 Z99.88 E233.66347
G1 X14.414 Y29.33 Z99.889 E234.52131
G1 X13.535 Y29.743 Z99.893 E234.97803
G1 X11.366 Y30.652 Z99.905 E236.084
G1 X9.208 Y31.351 Z99.916 E237.15075
G1 X8.248 Y31.608 Z99.921 E237.6181
G1 X6.473 Y32.018 Z99.93 E238.47481
G1 X5.53 Y32.2 Z99.934 E238.92646
G1 X3.673 Y32.463 Z99.944 E239.80846
G1 X1.857 Y32.617 Z99.953 E240.66554
G1 X0.879 Y32.65 Z99.957 E241.12572
G1 X-.932 Y32.647 Z99.966 E241.97738
G1 X-1.925 Y32.609 Z99.971 E242.4447
G1 X-3.784 Y32.444 Z99.98 E243.32237
G1 X-5.613 Y32.177 Z99.989 E244.19161
G1 X-7.466 Y31.797 Z99.999 E245.08116
G1 X-9.245 Y31.318 Z100.008 E245.94756
G1 X-11.03 Y30.733 Z100.017 E246.83092
G1 X-13.087 Y29.921 Z100.028 E247.87091
G1 X-14.839 Y29.089 Z100.037 E248.783
G1 X-16.584 Y28.131 Z100.047 E249.71916
G1 X-18.475 Y26.915 Z100.058 E250.77643
G1 X-19.237 Y26.383 Z100.062 E251.21347
G1 X-20.667 Y25.268 Z100.071 E252.06622
G1 X-21.847 Y24.27 Z100.079 E252.793
G1 X-23.45 Y22.71 Z100.09 E253.84489
G1 X-24.082 Y22.032 Z100.094 E254.28077
G1 X-25.276 Y20.649 Z100.103 E255.14001
G1 X-26.242 Y19.433 Z100.111 E255.87034
G1 X-27.493 Y17.592 Z100.122 E256.91707
G1 X-28.443 Y16.009 Z100.131 E257.78527
G1 X-29.292 Y14.394 Z100.14 E258.64331
G1 X-29.705 Y13.519 Z100.144 E259.09833
G1 X-30.612 Y11.353 Z100.156 E260.20263
G1 X-31.31 Y9.195 Z100.167 E261.26924
G1 X-31.57 Y8.238 Z100.172 E261.7356
G1 X-31.98 Y6.465 Z100.181 E262.59139
G1 X-32.159 Y5.524 Z100.185 E263.04185
G1 X-32.421 Y3.67 Z100.195 E263.92239
G1 X-32.574 Y1.853 Z100.204 E264.7799
G1 X-32.611 Y0.877 Z100.208 E265.23921
G1 X-32.608 Y-.931 Z100.217 E266.08946
G1 X-32.568 Y-1.922 Z100.222 E266.55588
G1 X-32.402 Y-3.778 Z100.231 E267.43218
G1 X-32.135 Y-5.605 Z100.24 E268.30049
G1 X-31.755 Y-7.456 Z100.249 E269.18911
G1 X-31.28 Y-9.234 Z100.258 E270.05457
G1 X-30.696 Y-11.017 Z100.268 E270.9369
G1 X-29.887 Y-13.073 Z100.278 E271.97593
G1 X-29.055 Y-14.822 Z100.288 E272.88675
G1 X-28.1 Y-16.566 Z100.298 E273.82181
G1 X-26.883 Y-18.453 Z100.309 E274.87776
G1 X-26.348 Y-19.213 Z100.313 E275.31484
G1 X-25.238 Y-20.642 Z100.322 E276.16577
G1 X-24.241 Y-21.821 Z100.33 E276.89189
G1 X-22.682 Y-23.419 Z100.341 E277.94177
G1 X-22.005 Y-24.054 Z100.345 E278.37827
G1 X-20.624 Y-25.246 Z100.354 E279.23618
G1 X-19.409 Y-26.208 Z100.362 E279.96497
G1 X-17.57 Y-27.457 Z100.372 E281.0104
G1 X-15.989 Y-28.406 Z100.381 E281.87755
G1 X-14.374 Y-29.254 Z100.39 E282.73537
G1 X-13.502 Y-29.666 Z100.395 E283.18891
G1 X-11.34 Y-30.573 Z100.407 E284.29148
G1 X-9.181 Y-31.27 Z100.418 E285.35839
G1 X-8.228 Y-31.533 Z100.423 E285.82331
G1 X-6.457 Y-31.941 Z100.431 E286.67797
G1 X-5.518 Y-32.118 Z100.436 E287.12733
G1 X-3.666 Y-32.379 Z100.445 E288.00688
G1 X-1.85 Y-32.532 Z100.454 E288.86391
G1 X-.876 Y-32.571 Z100.459 E289.32232
G1 X0.93 Y-32.568 Z100.468 E290.17163
G1 X1.918 Y-32.526 Z100.473 E290.63668
G1 X3.772 Y-32.36 Z100.482 E291.51205
G1 X5.596 Y-32.094 Z100.491 E292.37889
G1 X7.446 Y-31.714 Z100.5 E293.26705
;TIME_ELAPSED:617.534592
;LAYER:100
;TYPE:WALL-OUTER
;MESH:rouleau_cylindrical_vase_3mm_large_v1.stl
G1 X9.609 Y-31.117 Z100.511 E294.32228
G1 X11.81 Y-30.344 Z100.522 E295.41932
G1 X13.953 Y-29.428 Z100.534 E296.51531
G1 X16.021 Y-28.357 Z100.545 E297.61051
G1 X17.593 Y-27.393 Z100.554 E298.47771
G1 X19.144 Y-26.346 Z100.563 E299.35773
G1 X20.983 Y-24.9 Z100.575 E300.45788
G1 X22.683 Y-23.346 Z100.586 E301.54103
G1 X24.295 Y-21.668 Z100.598 E302.63527
G1 X25.781 Y-19.883 Z100.609 E303.72752
G1 X26.335 Y-19.148 Z100.614 E304.16035
G1 X27.39 Y-17.596 Z100.623 E305.04287
G1 X28.34 Y-16.02 Z100.632 E305.90826
G1 X29.414 Y-13.947 Z100.643 E307.00619
G1 X30.331 Y-11.81 Z100.655 E308.09978
G1 X31.095 Y-9.603 Z100.666 E309.19809
G1 X31.693 Y-7.365 Z100.677 E310.28747
G1 X32.068 Y-5.558 Z100.686 E311.15536
G1 X32.331 Y-3.715 Z100.696 E312.03085
G1 X32.491 Y-1.845 Z100.705 E312.91346
G1 X32.542 Y-0.004 Z100.714 E313.77956
G1 X32.529 Y0.912 Z100.718 E314.21037
G1 X32.372 Y3.25 Z100.73 E315.31234
G1 X32.059 Y5.551 Z100.741 E316.40439
G1 X31.691 Y7.36 Z100.75 E317.27253
G1 X31.084 Y9.598 Z100.762 E318.36302
G1 X30.309 Y11.796 Z100.773 E319.45905
G1 X29.395 Y13.938 Z100.784 E320.55423
G1 X28.321 Y16.001 Z100.796 E321.648
G1 X27.361 Y17.572 Z100.805 E322.51381
G1 X26.312 Y19.121 Z100.814 E323.39358
G1 X24.872 Y20.96 Z100.825 E324.49199
G1 X23.319 Y22.657 Z100.837 E325.57378
G1 X21.646 Y24.269 Z100.848 E326.66633
G1 X19.858 Y25.75 Z100.859 E327.75815
G1 X19.125 Y26.301 Z100.864 E328.18939
G1 X17.573 Y27.356 Z100.873 E329.07191
G1 X15.999 Y28.305 Z100.882 E329.93625
G1 X13.932 Y29.381 Z100.894 E331.03211
G1 X11.795 Y30.294 Z100.905 E332.12495
G1 X9.592 Y31.063 Z100.916 E333.22226
G1 X7.356 Y31.656 Z100.928 E334.31014
G1 X5.551 Y32.028 Z100.937 E335.17681
G1 X3.709 Y32.291 Z100.946 E336.05183
G1 X1.838 Y32.45 Z100.955 E336.93488
G1 X0.002 Y32.495 Z100.964 E337.79855
G1 X-.907 Y32.488 Z100.968 E338.22604
G1 X-3.248 Y32.338 Z100.98 E339.3292
G1 X-5.546 Y32.019 Z100.991 E340.42024
G1 X-7.352 Y31.651 Z101 E341.287
G1 X-9.588 Y31.051 Z101.012 E342.37572
G1 X-11.783 Y30.273 Z101.023 E343.47089
G1 X-13.922 Y29.363 Z101.035 E344.56404
G1 X-15.982 Y28.285 Z101.046 E345.65742
G1 X-17.552 Y27.33 Z101.055 E346.52161
G1 X-19.098 Y26.279 Z101.064 E347.40074
G1 X-20.94 Y24.843 Z101.076 E348.49911
G1 X-22.631 Y23.292 Z101.087 E349.57817
G1 X-24.243 Y21.623 Z101.098 E350.66937
G1 X-25.718 Y19.832 Z101.11 E351.76049
G1 X-26.267 Y19.102 Z101.114 E352.19003
G1 X-27.323 Y17.55 Z101.123 E353.07282
G1 X-28.271 Y15.978 Z101.132 E353.9361
G1 X-29.349 Y13.916 Z101.144 E355.03032
G1 X-30.257 Y11.779 Z101.155 E356.12224
G1 X-31.03 Y9.581 Z101.166 E357.21795
G1 X-31.619 Y7.347 Z101.178 E358.30444
G1 X-31.988 Y5.543 Z101.187 E359.17037
G1 X-32.251 Y3.703 Z101.196 E360.04446
G1 X-32.41 Y1.836 Z101.205 E360.92563
G1 X-32.458 Y0.00 Z101.214 E361.78934
G1 X-32.448 Y-.907 Z101.218 E362.2159
G1 X-32.305 Y-3.245 Z101.23 E363.31745
G1 X-31.979 Y-5.54 Z101.241 E364.40755
G1 X-31.612 Y-7.344 Z101.25 E365.27329
G1 X-31.018 Y-9.577 Z101.262 E366.35992
G1 X-30.238 Y-11.769 Z101.273 E367.45407
G1 X-29.331 Y-13.907 Z101.284 E368.54624
G1 X-28.249 Y-15.963 Z101.296 E369.63883
G1 X-27.298 Y-17.532 Z101.305 E370.50164
G1 X-26.246 Y-19.074 Z101.314 E371.37948
G1 X-24.815 Y-20.917 Z101.325 E372.47677
G1 X-23.265 Y-22.605 Z101.337 E373.55448
G1 X-21.601 Y-24.218 Z101.348 E374.64432
G1 X-19.807 Y-25.687 Z101.359 E375.73474
G1 X-19.079 Y-26.233 Z101.364 E376.16268
G1 X-17.528 Y-27.29 Z101.373 E377.04534
G1 X-15.957 Y-28.236 Z101.382 E377.90774
G1 X-13.901 Y-29.317 Z101.393 E379.00011
G1 X-11.763 Y-30.22 Z101.405 E380.09155
G1 X-9.571 Y-30.998 Z101.416 E381.18538
G1 X-7.339 Y-31.583 Z101.427 E382.27048
G1 X-5.536 Y-31.948 Z101.436 E383.13557
G1 X-3.697 Y-32.211 Z101.446 E384.0092
G1 X-1.834 Y-32.369 Z101.455 E384.88846
G1 X-0.002 Y-32.42 Z101.464 E385.75032
G1 X0.907 Y-32.407 Z101.468 E386.17784
G1 X3.242 Y-32.271 Z101.48 E387.27778
G1 X5.534 Y-31.939 Z101.491 E388.36689
G1 X7.336 Y-31.572 Z101.5 E389.23171
;TIME_ELAPSED:622.645613
;LAYER:101
;TYPE:WALL-OUTER
;MESH:rouleau_cylindrical_vase_3mm_large_v1.stl
G1 X8.701 Y-31.213 Z101.507 E389.89546
G1 X10.871 Y-30.52 Z101.518 E390.96672
G1 X12.617 Y-29.838 Z101.528 E391.84823
G1 X14.703 Y-28.872 Z101.539 E392.92929
G1 X16.732 Y-27.738 Z101.55 E394.02238
G1 X17.502 Y-27.272 Z101.555 E394.44564
G1 X19.04 Y-26.22 Z101.564 E395.32192
G1 X20.508 Y-25.085 Z101.573 E396.19456
G1 X21.9 Y-23.862 Z101.583 E397.06594
G1 X23.228 Y-22.57 Z101.592 E397.93725
G1 X24.486 Y-21.214 Z101.601 E398.8071
G1 X25.065 Y-20.506 Z101.605 E399.23721
G1 X26.213 Y-19.037 Z101.615 E400.11397
G1 X27.254 Y-17.509 Z101.624 E400.98345
G1 X27.727 Y-16.728 Z101.628 E401.41284
G1 X28.859 Y-14.697 Z101.64 E402.50629
G1 X29.821 Y-12.611 Z101.651 E403.58657
G1 X30.5 Y-10.865 Z101.661 E404.46756
G1 X31.07 Y-9.143 Z101.67 E405.32058
G1 X31.642 Y-6.872 Z101.681 E406.42192
G1 X32.042 Y-4.612 Z101.693 E407.50124
G1 X32.174 Y-3.665 Z101.697 E407.95089
G1 X32.327 Y-1.855 Z101.706 E408.80512
G1 X32.381 Y-0.004 Z101.715 E409.67596
G1 X32.316 Y1.85 Z101.725 E410.54837
G1 X32.17 Y3.671 Z101.734 E411.40748
G1 X31.813 Y5.993 Z101.745 E412.51228
G1 X31.182 Y8.693 Z101.759 E413.81622
G1 X30.486 Y10.859 Z101.77 E414.88612
G1 X29.805 Y12.603 Z101.78 E415.76658
G1 X28.843 Y14.688 Z101.791 E416.84643
G1 X27.707 Y16.714 Z101.803 E417.93875
G1 X27.238 Y17.481 Z101.807 E418.36153
G1 X26.187 Y19.018 Z101.816 E419.23716
G1 X25.054 Y20.484 Z101.825 E420.10848
G1 X23.836 Y21.876 Z101.835 E420.97831
G1 X22.545 Y23.202 Z101.844 E421.84862
G1 X21.189 Y24.456 Z101.853 E422.71719
G1 X20.484 Y25.038 Z101.857 E423.14711
G1 X19.014 Y26.18 Z101.867 E424.0225
G1 X17.099 Y27.467 Z101.878 E425.10755
G1 X15.093 Y28.608 Z101.89 E426.19284
G1 X14.287 Y29.026 Z101.894 E426.61981
G1 X12.597 Y29.788 Z101.903 E427.49162
G1 X10.853 Y30.466 Z101.913 E428.37157
G1 X9.121 Y31.035 Z101.922 E429.2289
G1 X6.866 Y31.61 Z101.933 E430.32329
G1 X4.607 Y32.006 Z101.944 E431.40183
G1 X3.671 Y32.134 Z101.949 E431.8461
G1 X1.852 Y32.289 Z101.958 E432.70462
G1 X0.003 Y32.342 Z101.967 E433.57451
G1 X-1.848 Y32.28 Z101.977 E434.44546
G1 X-3.672 Y32.129 Z101.986 E435.30617
G1 X-5.987 Y31.78 Z101.997 E436.40715
G1 X-8.685 Y31.15 Z102.011 E437.71007
G1 X-10.847 Y30.452 Z102.022 E438.77846
G1 X-12.589 Y29.771 Z102.031 E439.65804
G1 X-14.672 Y28.814 Z102.043 E440.73606
G1 X-16.696 Y27.676 Z102.054 E441.82801
G1 X-17.461 Y27.205 Z102.059 E442.25049
G1 X-18.996 Y26.154 Z102.068 E443.12535
G1 X-20.461 Y25.023 Z102.077 E443.99571
G1 X-21.852 Y23.809 Z102.086 E444.86395
G1 X-23.176 Y22.52 Z102.095 E445.73293
G1 X-24.426 Y21.164 Z102.105 E446.60023
G1 X-25.01 Y20.461 Z102.109 E447.03002
G1 X-26.148 Y18.992 Z102.118 E447.90389
G1 X-27.44 Y17.082 Z102.13 E448.9883
G1 X-28.576 Y15.076 Z102.141 E450.07243
G1 X-28.992 Y14.269 Z102.146 E450.49939
G1 X-29.755 Y12.583 Z102.155 E451.36968
G1 X-30.432 Y10.841 Z102.164 E452.24858
G1 X-30.997 Y9.111 Z102.173 E453.10443
G1 X-31.578 Y6.859 Z102.185 E454.19816
G1 X-31.971 Y4.601 Z102.196 E455.27599
G1 X-32.096 Y3.658 Z102.201 E455.72333
G1 X-32.25 Y1.848 Z102.21 E456.5776
G1 X-32.303 Y0.001 Z102.219 E457.44654
G1 X-32.244 Y-1.846 Z102.228 E458.31557
G1 X-32.09 Y-3.667 Z102.237 E459.17499
G1 X-31.748 Y-5.98 Z102.249 E460.27455
G1 X-31.119 Y-8.677 Z102.262 E461.5769
G1 X-30.418 Y-10.836 Z102.274 E462.6444
G1 X-29.738 Y-12.575 Z102.283 E463.52249
G1 X-28.785 Y-14.657 Z102.294 E464.59929
G1 X-27.645 Y-16.677 Z102.306 E465.69007
G1 X-27.167 Y-17.449 Z102.31 E466.11708
G1 X-26.122 Y-18.974 Z102.319 E466.98646
G1 X-24.992 Y-20.437 Z102.329 E467.8558
G1 X-23.782 Y-21.828 Z102.338 E468.7228
G1 X-22.494 Y-23.151 Z102.347 E469.59112
G1 X-21.139 Y-24.395 Z102.356 E470.45615
G1 X-20.438 Y-24.982 Z102.361 E470.88613
G1 X-18.97 Y-26.115 Z102.37 E471.75818
G1 X-17.065 Y-27.412 Z102.381 E472.84197
G1 X-15.059 Y-28.545 Z102.393 E473.9254
G1 X-14.251 Y-28.958 Z102.397 E474.35214
G1 X-12.568 Y-29.721 Z102.406 E475.22114
G1 X-10.829 Y-30.398 Z102.416 E476.09873
G1 X-9.101 Y-30.959 Z102.425 E476.95311
G1 X-6.853 Y-31.546 Z102.436 E478.04572
G1 X-4.596 Y-31.935 Z102.447 E479.12277
G1 X-3.664 Y-32.056 Z102.452 E479.56474
G1 X-1.845 Y-32.211 Z102.461 E480.42326
G1 X0.00 Y-32.264 Z102.47 E481.29126
G1 X1.844 Y-32.208 Z102.479 E482.15884
G1 X3.661 Y-32.051 Z102.488 E483.0165
G1 X5.974 Y-31.716 Z102.5 E484.11559
;TIME_ELAPSED:627.699177
;LAYER:102
;TYPE:WALL-OUTER
;MESH:rouleau_cylindrical_vase_3mm_large_v1.stl
G1 X8.592 Y-31.105 Z102.513 E485.37984
G1 X10.484 Y-30.495 Z102.523 E486.31469
G1 X11.791 Y-30.006 Z102.53 E486.97094
G1 X13.496 Y-29.278 Z102.539 E487.84278
G1 X15.401 Y-28.327 Z102.55 E488.84408
G1 X16.746 Y-27.56 Z102.557 E489.57221
G1 X18.283 Y-26.548 Z102.566 E490.43762
G1 X19.691 Y-25.521 Z102.575 E491.25718
G1 X20.496 Y-24.89 Z102.58 E491.73819
G1 X21.803 Y-23.755 Z102.588 E492.55224
G1 X23.113 Y-22.479 Z102.598 E493.41224
G1 X24.38 Y-21.099 Z102.607 E494.29325
G1 X25.016 Y-20.334 Z102.612 E494.7611
G1 X26.31 Y-18.62 Z102.622 E495.77105
G1 X27.178 Y-17.339 Z102.63 E496.49874
G1 X28.291 Y-15.441 Z102.641 E497.53346
G1 X29.313 Y-13.382 Z102.652 E498.61446
G1 X29.734 Y-12.438 Z102.657 E499.10054
G1 X30.352 Y-10.845 Z102.666 E499.90408
G1 X31.029 Y-8.7 Z102.677 E500.96186
G1 X31.419 Y-7.193 Z102.684 E501.6939
G1 X31.813 Y-5.113 Z102.695 E502.68946
G1 X32.026 Y-3.575 Z102.702 E503.41964
G1 X32.173 Y-1.827 Z102.711 E504.24457
G1 X32.205 Y-.811 Z102.716 E504.7226
G1 X32.202 Y0.916 Z102.725 E505.53476
G1 X32.13 Y2.376 Z102.732 E506.22219
G1 X31.924 Y4.322 Z102.742 E507.14244
G1 X31.554 Y6.504 Z102.752 E508.18322
G1 X31.068 Y8.583 Z102.763 E509.18727
G1 X30.463 Y10.474 Z102.773 E510.12095
G1 X29.975 Y11.778 Z102.78 E510.77572
G1 X29.247 Y13.482 Z102.789 E511.64713
G1 X28.299 Y15.385 Z102.799 E512.64695
G1 X27.526 Y16.73 Z102.807 E513.37648
G1 X26.52 Y18.264 Z102.816 E514.23916
G1 X25.494 Y19.67 Z102.825 E515.05769
G1 X24.862 Y20.472 Z102.83 E515.53788
G1 X23.729 Y21.777 Z102.838 E516.35061
G1 X22.453 Y23.087 Z102.847 E517.2106
G1 X21.074 Y24.351 Z102.856 E518.09031
G1 X20.312 Y24.987 Z102.861 E518.55708
G1 X18.602 Y26.284 Z102.872 E519.56639
G1 X17.324 Y27.146 Z102.879 E520.29132
G1 X15.426 Y28.264 Z102.89 E521.32723
G1 X13.368 Y29.282 Z102.902 E522.40698
G1 X12.424 Y29.7 Z102.907 E522.89249
G1 X10.831 Y30.318 Z102.915 E523.69603
G1 X8.692 Y30.999 Z102.926 E524.75168
G1 X7.183 Y31.382 Z102.934 E525.48382
G1 X5.107 Y31.782 Z102.944 E526.47806
G1 X3.572 Y31.99 Z102.952 E527.20652
G1 X1.826 Y32.136 Z102.961 E528.03048
G1 X0.81 Y32.171 Z102.966 E528.50855
G1 X-.915 Y32.167 Z102.974 E529.31977
G1 X-2.374 Y32.097 Z102.981 E530.00668
G1 X-4.318 Y31.893 Z102.991 E530.92591
G1 X-6.495 Y31.518 Z103.002 E531.96476
G1 X-8.575 Y31.031 Z103.012 E532.96937
G1 X-10.464 Y30.432 Z103.022 E533.90131
G1 X-11.766 Y29.943 Z103.029 E534.55536
G1 X-13.468 Y29.216 Z103.038 E535.42572
G1 X-15.369 Y28.271 Z103.049 E536.42407
G1 X-16.71 Y27.494 Z103.056 E537.15291
G1 X-18.245 Y26.492 Z103.065 E538.01496
G1 X-19.649 Y25.466 Z103.074 E538.83272
G1 X-20.448 Y24.834 Z103.079 E539.31181
G1 X-21.751 Y23.702 Z103.087 E540.12351
G1 X-23.061 Y22.426 Z103.097 E540.98351
G1 X-24.323 Y21.05 Z103.106 E541.86155
G1 X-24.958 Y20.289 Z103.111 E542.32765
G1 X-26.257 Y18.584 Z103.121 E543.33565
G1 X-27.114 Y17.302 Z103.129 E544.06084
G1 X-28.236 Y15.41 Z103.14 E545.09528
G1 X-29.251 Y13.354 Z103.151 E546.17356
G1 X-29.666 Y12.411 Z103.156 E546.65806
G1 X-30.283 Y10.817 Z103.164 E547.46187
G1 X-30.968 Y8.684 Z103.176 E548.51541
G1 X-31.345 Y7.173 Z103.183 E549.24777
G1 X-31.752 Y5.102 Z103.194 E550.24033
G1 X-31.953 Y3.569 Z103.201 E550.96742
G1 X-32.099 Y1.824 Z103.21 E551.79091
G1 X-32.136 Y0.808 Z103.215 E552.26902
G1 X-32.133 Y-.914 Z103.223 E553.07883
G1 X-32.064 Y-2.371 Z103.231 E553.76478
G1 X-31.862 Y-4.313 Z103.24 E554.68297
G1 X-31.481 Y-6.487 Z103.251 E555.72092
G1 X-30.994 Y-8.566 Z103.262 E556.72508
G1 X-30.4 Y-10.453 Z103.271 E557.6554
G1 X-29.911 Y-11.754 Z103.278 E558.30901
G1 X-29.185 Y-13.454 Z103.287 E559.17832
G1 X-28.243 Y-15.354 Z103.298 E560.17562
G1 X-27.462 Y-16.69 Z103.305 E560.90338
G1 X-26.463 Y-18.225 Z103.314 E561.76466
G1 X-25.439 Y-19.629 Z103.323 E562.58187
G1 X-24.806 Y-20.425 Z103.328 E563.06014
G1 X-23.675 Y-21.725 Z103.337 E563.87047
G1 X-22.399 Y-23.035 Z103.346 E564.73047
G1 X-21.026 Y-24.295 Z103.355 E565.60683
G1 X-20.267 Y-24.929 Z103.36 E566.07191
G1 X-18.565 Y-26.231 Z103.37 E567.07965
G1 X-17.28 Y-27.083 Z103.378 E567.80471
G1 X-15.395 Y-28.209 Z103.389 E568.83728
G1 X-13.34 Y-29.22 Z103.4 E569.9143
G1 X-12.397 Y-29.632 Z103.405 E570.39824
G1 X-10.804 Y-30.249 Z103.413 E571.20161
G1 X-8.675 Y-30.937 Z103.425 E572.2538
G1 X-7.164 Y-31.308 Z103.432 E572.98548
G1 X-5.096 Y-31.721 Z103.443 E573.9772
G1 X-3.566 Y-31.916 Z103.45 E574.70253
G1 X-1.823 Y-32.061 Z103.459 E575.52505
G1 X-.807 Y-32.102 Z103.464 E576.00323
G1 X0.913 Y-32.098 Z103.472 E576.81209
G1 X2.368 Y-32.032 Z103.48 E577.49704
G1 X4.309 Y-31.831 Z103.489 E578.41472
G1 X6.479 Y-31.445 Z103.5 E579.45122
;TIME_ELAPSED:632.776757
;LAYER:103
;TYPE:WALL-OUTER
;MESH:rouleau_cylindrical_vase_3mm_large_v1.stl
G1 X9.044 Y-30.806 Z103.513 E580.69433
G1 X10.798 Y-30.235 Z103.522 E581.56179
G1 X12.5 Y-29.556 Z103.531 E582.42353
G1 X14.147 Y-28.804 Z103.54 E583.27498
G1 X15.781 Y-27.954 Z103.549 E584.14115
G1 X17.743 Y-26.737 Z103.561 E585.22691
G1 X19.589 Y-25.426 Z103.572 E586.29168
G1 X21.019 Y-24.242 Z103.581 E587.16475
G1 X22.356 Y-23.011 Z103.59 E588.01942
G1 X23.954 Y-21.347 Z103.602 E589.10436
G1 X25.409 Y-19.583 Z103.613 E590.17969
G1 X26.491 Y-18.109 Z103.622 E591.03958
G1 X27.465 Y-16.573 Z103.631 E591.8949
G1 X28.592 Y-14.547 Z103.642 E592.98515
G1 X29.548 Y-12.499 Z103.654 E594.04803
G1 X30.216 Y-10.787 Z103.663 E594.91225
G1 X30.782 Y-9.039 Z103.672 E595.7763
G1 X31.247 Y-7.258 Z103.681 E596.64193
G1 X31.608 Y-5.479 Z103.69 E597.49559
G1 X31.916 Y-3.185 Z103.701 E598.58407
G1 X32.063 Y-.899 Z103.713 E599.66132
G1 X32.068 Y0.00 Z103.717 E600.0841
G1 X32.002 Y2.286 Z103.728 E601.15959
G1 X31.749 Y4.565 Z103.74 E602.23792
G1 X31.593 Y5.467 Z103.744 E602.66839
G1 X31.231 Y7.252 Z103.753 E603.52491
G1 X30.772 Y9.034 Z103.762 E604.39029
G1 X30.201 Y10.785 Z103.772 E605.25641
G1 X29.526 Y12.488 Z103.781 E606.11789
G1 X28.775 Y14.132 Z103.79 E606.96786
G1 X27.923 Y15.763 Z103.799 E607.83322
G1 X26.711 Y17.73 Z103.81 E608.91974
G1 X25.396 Y19.568 Z103.821 E609.98253
G1 X24.217 Y20.998 Z103.831 E610.85411
G1 X22.987 Y22.333 Z103.839 E611.70777
G1 X21.327 Y23.933 Z103.851 E612.792
G1 X19.563 Y25.383 Z103.862 E613.86585
G1 X18.09 Y26.461 Z103.871 E614.72424
G1 X16.556 Y27.437 Z103.88 E615.57927
G1 X14.534 Y28.566 Z103.892 E616.66834
G1 X12.485 Y29.516 Z103.903 E617.73045
G1 X10.775 Y30.182 Z103.912 E618.59345
G1 X9.028 Y30.748 Z103.921 E619.45706
G1 X7.249 Y31.213 Z103.93 E620.32177
G1 X5.471 Y31.574 Z103.939 E621.17497
G1 X3.182 Y31.886 Z103.951 E622.26137
G1 X0.897 Y32.028 Z103.962 E623.33801
G1 X-0.002 Y32.035 Z103.966 E623.7608
G1 X-2.285 Y31.969 Z103.978 E624.83487
G1 X-4.559 Y31.713 Z103.989 E625.91102
G1 X-5.461 Y31.561 Z103.993 E626.34118
G1 X-7.244 Y31.199 Z104.002 E627.19678
G1 X-9.023 Y30.737 Z104.012 E628.06114
G1 X-10.773 Y30.167 Z104.021 E628.92667
G1 X-12.475 Y29.496 Z104.03 E629.78703
G1 X-14.118 Y28.745 Z104.039 E630.63657
G1 X-15.745 Y27.892 Z104.048 E631.50048
G1 X-17.712 Y26.688 Z104.059 E632.58503
G1 X-19.547 Y25.367 Z104.07 E633.64832
G1 X-20.976 Y24.192 Z104.08 E634.51834
G1 X-22.31 Y22.964 Z104.089 E635.37101
G1 X-23.911 Y21.307 Z104.1 E636.45456
G1 X-25.357 Y19.543 Z104.111 E637.52721
G1 X-26.432 Y18.07 Z104.12 E638.38477
G1 X-27.409 Y16.539 Z104.129 E639.23886
G1 X-28.54 Y14.521 Z104.141 E640.32675
G1 X-29.484 Y12.471 Z104.152 E641.38811
G1 X-30.148 Y10.764 Z104.161 E642.24945
G1 X-30.714 Y9.017 Z104.17 E643.11305
G1 X-31.179 Y7.241 Z104.179 E643.97641
G1 X-31.539 Y5.464 Z104.188 E644.82905
G1 X-31.857 Y3.179 Z104.199 E645.91397
G1 X-31.993 Y0.896 Z104.211 E646.9895
G1 X-32.002 Y-0.002 Z104.215 E647.41183
G1 X-31.936 Y-2.283 Z104.227 E648.48496
G1 X-31.677 Y-4.553 Z104.238 E649.5594
G1 X-31.529 Y-5.456 Z104.242 E649.98972
G1 X-31.167 Y-7.237 Z104.251 E650.84439
G1 X-30.702 Y-9.012 Z104.26 E651.70729
G1 X-30.133 Y-10.761 Z104.27 E652.57223
G1 X-29.466 Y-12.462 Z104.279 E653.43145
G1 X-28.715 Y-14.103 Z104.288 E654.28014
G1 X-27.86 Y-15.727 Z104.297 E655.14324
G1 X-26.664 Y-17.697 Z104.308 E656.22703
G1 X-25.338 Y-19.526 Z104.319 E657.28942
G1 X-24.167 Y-20.955 Z104.328 E658.15824
G1 X-22.94 Y-22.288 Z104.337 E659.01025
G1 X-21.287 Y-23.89 Z104.349 E660.09278
G1 X-19.522 Y-25.332 Z104.36 E661.1646
G1 X-18.05 Y-26.402 Z104.369 E662.02039
G1 X-16.521 Y-27.381 Z104.378 E662.8742
G1 X-14.508 Y-28.515 Z104.389 E663.96073
G1 X-12.457 Y-29.452 Z104.401 E665.02114
G1 X-10.753 Y-30.114 Z104.41 E665.88083
G1 X-9.006 Y-30.68 Z104.419 E666.74443
G1 X-7.232 Y-31.145 Z104.428 E667.60687
G1 X-5.457 Y-31.504 Z104.437 E668.4585
G1 X-3.177 Y-31.827 Z104.448 E669.54142
G1 X-.894 Y-31.958 Z104.459 E670.61682
G1 X0.002 Y-31.97 Z104.464 E671.03822
G1 X2.282 Y-31.902 Z104.475 E672.11091
G1 X4.546 Y-31.641 Z104.486 E673.18265
G1 X5.45 Y-31.497 Z104.491 E673.61313
G1 X7.23 Y-31.135 Z104.5 E674.46735
;TIME_ELAPSED:637.837352
;LAYER:104
;TYPE:WALL-OUTER
;MESH:rouleau_cylindrical_vase_3mm_large_v1.stl
G1 X8.999 Y-30.669 Z104.509 E675.32764
G1 X10.748 Y-30.1 Z104.518 E676.19257
G1 X12.873 Y-29.243 Z104.53 E677.2701
G1 X14.907 Y-28.254 Z104.541 E678.33371
G1 X16.505 Y-27.35 Z104.55 E679.19711
G1 X18.038 Y-26.378 Z104.559 E680.05074
G1 X19.506 Y-25.309 Z104.568 E680.90474
G1 X20.926 Y-24.148 Z104.577 E681.76731
G1 X22.254 Y-22.926 Z104.586 E682.616
G1 X23.854 Y-21.279 Z104.598 E683.69584
G1 X25.299 Y-19.511 Z104.609 E684.76965
G1 X26.371 Y-18.034 Z104.618 E685.6279
G1 X27.352 Y-16.503 Z104.628 E686.48301
G1 X28.251 Y-14.91 Z104.637 E687.34321
G1 X29.051 Y-13.257 Z104.646 E688.20682
G1 X29.752 Y-11.595 Z104.655 E689.05508
G1 X30.372 Y-9.852 Z104.664 E689.92507
G1 X30.877 Y-8.124 Z104.673 E690.77169
G1 X31.292 Y-6.339 Z104.682 E691.63351
G1 X31.602 Y-4.54 Z104.691 E692.492
G1 X31.85 Y-2.273 Z104.703 E693.56446
G1 X31.935 Y-0.002 Z104.714 E694.63319
G1 X31.882 Y1.821 Z104.723 E695.49085
G1 X31.716 Y3.623 Z104.732 E696.34187
G1 X31.461 Y5.454 Z104.741 E697.21124
G1 X31.1 Y7.228 Z104.75 E698.0626
G1 X30.636 Y8.99 Z104.76 E698.91946
G1 X30.068 Y10.735 Z104.769 E699.78246
G1 X29.217 Y12.861 Z104.78 E700.85938
G1 X28.227 Y14.892 Z104.791 E701.92192
G1 X27.323 Y16.489 Z104.801 E702.78492
G1 X26.35 Y18.018 Z104.81 E703.63721
G1 X25.281 Y19.486 Z104.819 E704.49121
G1 X24.121 Y20.905 Z104.828 E705.35312
G1 X22.901 Y22.231 Z104.837 E706.20048
G1 X21.255 Y23.83 Z104.848 E707.27965
G1 X19.489 Y25.272 Z104.86 E708.35184
G1 X18.014 Y26.343 Z104.869 E709.20906
G1 X16.487 Y27.322 Z104.878 E710.06207
G1 X14.893 Y28.221 Z104.887 E710.92268
G1 X13.244 Y29.022 Z104.896 E711.7848
G1 X11.583 Y29.723 Z104.905 E712.63263
G1 X9.842 Y30.343 Z104.914 E713.50174
G1 X8.116 Y30.848 Z104.923 E714.34746
G1 X6.333 Y31.261 Z104.932 E715.20815
G1 X4.535 Y31.571 Z104.941 E716.06617
G1 X2.271 Y31.822 Z104.953 E717.13738
G1 X0.002 Y31.9 Z104.964 E718.20505
G1 X-1.821 Y31.848 Z104.973 E719.0627
G1 X-3.619 Y31.685 Z104.982 E719.91172
G1 X-5.448 Y31.428 Z104.992 E720.78029
G1 X-7.22 Y31.066 Z105.001 E721.63082
G1 X-8.982 Y30.602 Z105.01 E722.48768
G1 X-10.722 Y30.036 Z105.019 E723.34816
G1 X-12.85 Y29.192 Z105.03 E724.42473
G1 X-14.878 Y28.199 Z105.041 E725.48662
G1 X-16.473 Y27.297 Z105.051 E726.34834
G1 X-17.998 Y26.322 Z105.06 E727.19955
G1 X-19.467 Y25.253 Z105.069 E728.05393
G1 X-20.883 Y24.094 Z105.078 E728.91445
G1 X-22.208 Y22.876 Z105.087 E729.76082
G1 X-23.805 Y21.231 Z105.098 E730.83901
G1 X-25.246 Y19.467 Z105.11 E731.91017
G1 X-26.315 Y17.993 Z105.119 E732.76645
G1 X-27.293 Y16.47 Z105.128 E733.61763
G1 X-28.191 Y14.876 Z105.137 E734.47801
G1 X-28.994 Y13.231 Z105.146 E735.33885
G1 X-29.694 Y11.572 Z105.155 E736.18563
G1 X-30.313 Y9.832 Z105.164 E737.05414
G1 X-30.818 Y8.108 Z105.173 E737.89895
G1 X-31.231 Y6.327 Z105.182 E738.75873
G1 X-31.541 Y4.531 Z105.191 E739.61582
G1 X-31.795 Y2.269 Z105.203 E740.68626
G1 X-31.866 Y0.001 Z105.214 E741.75335
G1 X-31.813 Y-1.82 Z105.223 E742.61007
G1 X-31.654 Y-3.616 Z105.232 E743.45798
G1 X-31.394 Y-5.441 Z105.241 E744.32489
G1 X-31.033 Y-7.211 Z105.25 E745.1744
G1 X-30.569 Y-8.973 Z105.259 E746.03127
G1 X-30.004 Y-10.709 Z105.269 E746.88981
G1 X-29.166 Y-12.838 Z105.28 E747.96578
G1 X-28.171 Y-14.863 Z105.291 E749.02682
G1 X-27.27 Y-16.458 Z105.3 E749.8883
G1 X-26.294 Y-17.977 Z105.309 E750.73739
G1 X-25.225 Y-19.447 Z105.319 E751.59215
G1 X-24.067 Y-20.861 Z105.328 E752.45165
G1 X-22.851 Y-22.185 Z105.337 E753.29704
G1 X-21.207 Y-23.781 Z105.348 E754.37456
G1 X-19.445 Y-25.22 Z105.359 E755.44439
G1 X-17.973 Y-26.288 Z105.368 E756.29964
G1 X-16.453 Y-27.263 Z105.377 E757.14887
G1 X-14.859 Y-28.162 Z105.387 E758.00948
G1 X-13.218 Y-28.966 Z105.396 E758.86884
G1 X-11.56 Y-29.665 Z105.405 E759.71501
G1 X-9.822 Y-30.284 Z105.414 E760.58263
G1 X-8.1 Y-30.788 Z105.423 E761.4264
G1 X-6.321 Y-31.2 Z105.432 E762.28516
G1 X-4.526 Y-31.51 Z105.441 E763.14179
G1 X-2.267 Y-31.767 Z105.452 E764.21098
G1 X0.00 Y-31.832 Z105.464 E765.27752
G1 X1.819 Y-31.779 Z105.473 E766.1333
G1 X3.612 Y-31.623 Z105.482 E766.97968
G1 X5.434 Y-31.36 Z105.491 E767.84539
G1 X7.203 Y-31 Z105.5 E768.69435
;TIME_ELAPSED:642.855996
;LAYER:105
;TYPE:WALL-OUTER
;MESH:rouleau_cylindrical_vase_3mm_large_v1.stl
G1 X9.834 Y-30.253 Z105.514 E769.98054
G1 X11.527 Y-29.649 Z105.523 E770.82585
G1 X13.228 Y-28.943 Z105.532 E771.69195
G1 X14.844 Y-28.146 Z105.541 E772.5393
G1 X16.831 Y-26.994 Z105.552 E773.61941
G1 X19.067 Y-25.462 Z105.566 E774.89407
G1 X20.815 Y-24.062 Z105.577 E775.94726
G1 X22.172 Y-22.816 Z105.586 E776.81362
G1 X23.774 Y-21.161 Z105.598 E777.89682
G1 X25.458 Y-19.065 Z105.611 E779.16123
G1 X26.75 Y-17.193 Z105.622 E780.23089
G1 X27.693 Y-15.626 Z105.632 E781.09095
G1 X28.525 Y-14.046 Z105.64 E781.93069
G1 X29.288 Y-12.378 Z105.65 E782.79328
G1 X29.945 Y-10.685 Z105.659 E783.64729
G1 X30.638 Y-8.514 Z105.67 E784.719
G1 X31.167 Y-6.323 Z105.681 E785.77897
G1 X31.534 Y-4.074 Z105.693 E786.8506
G1 X31.749 Y-1.797 Z105.704 E787.92616
G1 X31.798 Y-0.003 Z105.713 E788.77014
G1 X31.747 Y1.796 Z105.722 E789.6165
G1 X31.589 Y3.628 Z105.731 E790.48123
G1 X31.244 Y5.873 Z105.742 E791.54938
G1 X30.739 Y8.079 Z105.754 E792.61363
G1 X30.226 Y9.825 Z105.763 E793.46943
G1 X29.621 Y11.517 Z105.772 E794.31446
G1 X28.914 Y13.214 Z105.781 E795.179
G1 X28.117 Y14.829 Z105.79 E796.02593
G1 X26.972 Y16.817 Z105.801 E797.1048
G1 X25.441 Y19.051 Z105.815 E798.37842
G1 X24.036 Y20.795 Z105.826 E799.43161
G1 X22.793 Y22.149 Z105.835 E800.29598
G1 X21.141 Y23.75 Z105.847 E801.37784
G1 X19.049 Y25.436 Z105.86 E802.64137
G1 X17.177 Y26.726 Z105.871 E803.7105
G1 X15.612 Y27.667 Z105.881 E804.56927
G1 X14.033 Y28.5 Z105.89 E805.40882
G1 X12.366 Y29.26 Z105.899 E806.27039
G1 X10.675 Y29.917 Z105.908 E807.12353
G1 X8.506 Y30.613 Z105.919 E808.19477
G1 X6.315 Y31.136 Z105.93 E809.25408
G1 X4.071 Y31.508 Z105.942 E810.32377
G1 X1.796 Y31.716 Z105.953 E811.39809
G1 X0.002 Y31.766 Z105.962 E812.24208
G1 X-1.796 Y31.714 Z105.971 E813.08798
G1 X-3.623 Y31.557 Z105.98 E813.95033
G1 X-5.868 Y31.218 Z105.991 E815.01805
G1 X-8.071 Y30.711 Z106.003 E816.08114
G1 X-9.816 Y30.198 Z106.012 E816.93649
G1 X-11.506 Y29.594 Z106.021 E817.78048
G1 X-13.199 Y28.884 Z106.03 E818.64382
G1 X-14.815 Y28.088 Z106.039 E819.49097
G1 X-16.803 Y26.95 Z106.05 E820.56821
G1 X-19.038 Y25.419 Z106.064 E821.84221
G1 X-20.779 Y24.007 Z106.075 E822.89637
G1 X-22.125 Y22.77 Z106.084 E823.75606
G1 X-23.725 Y21.12 Z106.096 E824.83692
G1 X-25.415 Y19.034 Z106.109 E826.09944
G1 X-26.701 Y17.161 Z106.12 E827.16789
G1 X-27.642 Y15.597 Z106.129 E828.02625
G1 X-28.474 Y14.02 Z106.138 E828.86475
G1 X-29.233 Y12.355 Z106.147 E829.72527
G1 X-29.89 Y10.665 Z106.157 E830.57797
G1 X-30.588 Y8.499 Z106.168 E831.64816
G1 X-31.104 Y6.308 Z106.179 E832.70671
G1 X-31.482 Y4.068 Z106.19 E833.775
G1 X-31.684 Y1.795 Z106.202 E834.84814
G1 X-31.734 Y0.001 Z106.211 E835.69213
G1 X-31.682 Y-1.795 Z106.22 E836.53709
G1 X-31.524 Y-3.619 Z106.229 E837.39808
G1 X-31.193 Y-5.863 Z106.24 E838.46478
G1 X-30.683 Y-8.064 Z106.251 E839.52727
G1 X-30.171 Y-9.807 Z106.261 E840.38158
G1 X-29.566 Y-11.496 Z106.27 E841.22528
G1 X-28.854 Y-13.185 Z106.279 E842.08726
G1 X-28.059 Y-14.801 Z106.288 E842.9342
G1 X-26.928 Y-16.789 Z106.299 E844.0098
G1 X-25.397 Y-19.022 Z106.313 E845.28303
G1 X-23.982 Y-20.758 Z106.324 E846.33626
G1 X-22.747 Y-22.102 Z106.333 E847.19462
G1 X-21.1 Y-23.7 Z106.344 E848.27381
G1 X-19.018 Y-25.394 Z106.358 E849.53606
G1 X-17.145 Y-26.677 Z106.369 E850.60371
G1 X-15.582 Y-27.616 Z106.378 E851.46118
G1 X-14.007 Y-28.448 Z106.387 E852.29885
G1 X-12.343 Y-29.205 Z106.396 E853.15855
G1 X-10.655 Y-29.862 Z106.405 E854.01037
G1 X-8.492 Y-30.563 Z106.416 E855.07965
G1 X-6.3 Y-31.073 Z106.428 E856.13802
G1 X-4.065 Y-31.456 Z106.439 E857.20439
G1 X-1.794 Y-31.651 Z106.45 E858.2763
G1 X0.00 Y-31.701 Z106.459 E859.12029
G1 X1.794 Y-31.649 Z106.468 E859.96431
G1 X3.614 Y-31.492 Z106.477 E860.82338
G1 X5.858 Y-31.167 Z106.489 E861.88968
G1 X8.057 Y-30.655 Z106.5 E862.95146
;TIME_ELAPSED:647.876796
;LAYER:106
;note -- min layer time used
;TYPE:WALL-OUTER
;MESH:rouleau_cylindrical_vase_3mm_large_v1.stl
G1 F2373.6 X8.935 Y-30.397 Z106.505 E863.38182
G1 X10.636 Y-29.844 Z106.514 E864.22296
G1 X12.333 Y-29.181 Z106.523 E865.07975
G1 X13.978 Y-28.428 Z106.532 E865.93054
G1 X15.968 Y-27.363 Z106.543 E866.99197
G1 X17.873 Y-26.153 Z106.555 E868.05327
G1 X19.367 Y-25.08 Z106.564 E868.91828
G1 X20.749 Y-23.947 Z106.573 E869.75869
G1 X22.082 Y-22.722 Z106.582 E870.61006
G1 X23.337 Y-21.429 Z106.591 E871.45744
G1 X24.517 Y-20.05 Z106.601 E872.31096
G1 X25.89 Y-18.247 Z106.612 E873.37671
G1 X27.119 Y-16.353 Z106.623 E874.43849
G1 X28.227 Y-14.368 Z106.635 E875.50755
G1 X29.177 Y-12.329 Z106.646 E876.5654
G1 X29.838 Y-10.633 Z106.656 E877.42142
G1 X30.388 Y-8.937 Z106.665 E878.25988
G1 X30.842 Y-7.166 Z106.674 E879.11966
G1 X31.197 Y-5.407 Z106.683 E879.96354
G1 X31.466 Y-3.593 Z106.692 E880.82594
G1 X31.618 Y-1.812 Z106.701 E881.66654
G1 X31.669 Y-0.003 Z106.71 E882.51759
G1 X31.617 Y1.811 Z106.72 E883.37102
G1 X31.463 Y3.592 Z106.729 E884.21169
G1 X31.202 Y5.404 Z106.738 E885.07261
G1 X30.834 Y7.164 Z106.747 E885.91819
G1 X30.37 Y8.927 Z106.756 E886.77551
G1 X29.817 Y10.627 Z106.765 E887.6162
G1 X29.155 Y12.322 Z106.774 E888.47195
G1 X28.403 Y13.966 Z106.783 E889.32211
G1 X27.342 Y15.956 Z106.795 E890.38266
G1 X26.13 Y17.857 Z106.806 E891.44288
G1 X25.055 Y19.347 Z106.816 E892.30691
G1 X23.924 Y20.728 Z106.825 E893.14636
G1 X22.7 Y22.06 Z106.834 E893.99706
G1 X21.407 Y23.315 Z106.843 E894.84445
G1 X20.032 Y24.496 Z106.852 E895.69684
G1 X18.233 Y25.87 Z106.863 E896.76138
G1 X16.338 Y27.095 Z106.875 E897.82253
G1 X14.356 Y28.205 Z106.886 E898.89082
G1 X12.318 Y29.149 Z106.898 E899.94706
G1 X10.623 Y29.808 Z106.907 E900.80229
G1 X8.927 Y30.358 Z106.916 E901.64076
G1 X7.16 Y30.814 Z106.925 E902.49895
G1 X5.402 Y31.169 Z106.934 E903.34237
G1 X3.59 Y31.436 Z106.943 E904.2037
G1 X1.809 Y31.587 Z106.953 E905.04426
G1 X0.002 Y31.638 Z106.962 E905.89437
G1 X-1.808 Y31.586 Z106.971 E906.74591
G1 X-3.589 Y31.432 Z106.98 E907.58659
G1 X-5.4 Y31.17 Z106.989 E908.44711
G1 X-7.158 Y30.806 Z106.998 E909.29138
G1 X-8.919 Y30.343 Z107.007 E910.14767
G1 X-10.618 Y29.79 Z107.016 E910.98792
G1 X-12.311 Y29.129 Z107.026 E911.84262
G1 X-13.954 Y28.378 Z107.035 E912.69216
G1 X-15.944 Y27.32 Z107.046 E913.75204
G1 X-17.841 Y26.106 Z107.058 E914.81119
G1 X-19.328 Y25.031 Z107.067 E915.67407
G1 X-20.707 Y23.902 Z107.076 E916.5122
G1 X-22.038 Y22.679 Z107.085 E917.36224
G1 X-23.293 Y21.385 Z107.094 E918.20996
G1 X-24.474 Y20.014 Z107.103 E919.06093
G1 X-25.849 Y18.219 Z107.115 E920.12426
G1 X-27.072 Y16.324 Z107.126 E921.1849
G1 X-28.183 Y14.344 Z107.138 E922.2526
G1 X-29.12 Y12.307 Z107.149 E923.30703
G1 X-29.778 Y10.613 Z107.158 E924.16165
G1 X-30.328 Y8.917 Z107.167 E925.00012
G1 X-30.787 Y7.153 Z107.176 E925.8573
G1 X-31.142 Y5.397 Z107.185 E926.6998
G1 X-31.405 Y3.587 Z107.195 E927.55993
G1 X-31.557 Y1.806 Z107.204 E928.40053
G1 X-31.607 Y0.001 Z107.213 E929.24969
G1 X-31.555 Y-1.806 Z107.222 E930.09982
G1 X-31.4 Y-3.587 Z107.231 E930.94053
G1 X-31.139 Y-5.395 Z107.24 E931.79959
G1 X-30.779 Y-7.151 Z107.249 E932.64256
G1 X-30.315 Y-8.911 Z107.258 E933.49852
G1 X-29.763 Y-10.609 Z107.267 E934.33817
G1 X-29.103 Y-12.301 Z107.277 E935.19226
G1 X-28.352 Y-13.942 Z107.286 E936.04095
G1 X-27.298 Y-15.932 Z107.297 E937.09995
G1 X-26.083 Y-17.825 Z107.308 E938.15776
G1 X-25.007 Y-19.308 Z107.318 E939.0194
G1 X-23.879 Y-20.686 Z107.327 E939.85686
G1 X-22.657 Y-22.015 Z107.336 E940.70589
G1 X-21.364 Y-23.271 Z107.345 E941.5536
G1 X-19.996 Y-24.453 Z107.354 E942.40381
G1 X-18.205 Y-25.829 Z107.366 E943.46594
G1 X-16.309 Y-27.048 Z107.377 E944.52596
G1 X-14.332 Y-28.161 Z107.388 E945.59289
G1 X-12.296 Y-29.091 Z107.4 E946.64552
G1 X-10.604 Y-29.749 Z107.409 E947.49926
G1 X-8.907 Y-30.299 Z107.418 E948.33818
G1 X-7.147 Y-30.759 Z107.427 E949.19366
G1 X-5.392 Y-31.114 Z107.436 E950.0357
G1 X-3.585 Y-31.374 Z107.445 E950.89422
G1 X-1.804 Y-31.526 Z107.454 E951.73482
G1 X0.00 Y-31.576 Z107.464 E952.58351
G1 X1.803 Y-31.523 Z107.473 E953.43178
G1 X3.584 Y-31.369 Z107.482 E954.27245
G1 X5.391 Y-31.108 Z107.491 E955.13105
G1 X7.145 Y-30.751 Z107.5 E955.97281
;TIME_ELAPSED:652.886688
;LAYER:107
;note -- min layer time used
;TYPE:WALL-OUTER
;MESH:rouleau_cylindrical_vase_3mm_large_v1.stl
G1 F2375.3 X8.904 Y-30.288 Z107.509 E956.82819
G1 X11.023 Y-29.571 Z107.52 E957.8802
G1 X13.378 Y-28.581 Z107.533 E959.08156
G1 X14.724 Y-27.908 Z107.541 E959.78926
G1 X16.295 Y-27.035 Z107.55 E960.63446
G1 X18.193 Y-25.782 Z107.562 E961.70399
G1 X19.961 Y-24.434 Z107.573 E962.74953
G1 X21.335 Y-23.243 Z107.582 E963.60464
G1 X22.626 Y-21.985 Z107.591 E964.45233
G1 X23.837 Y-20.665 Z107.6 E965.29475
G1 X25.267 Y-18.896 Z107.612 E966.36447
G1 X26.528 Y-17.068 Z107.623 E967.40882
G1 X27.468 Y-15.509 Z107.632 E968.26493
G1 X28.277 Y-14.01 Z107.641 E969.06597
G1 X28.687 Y-13.114 Z107.646 E969.52936
G1 X29.557 Y-11.026 Z107.657 E970.5931
G1 X30.272 Y-8.891 Z107.668 E971.65194
G1 X30.733 Y-7.131 Z107.678 E972.50754
G1 X31.085 Y-5.386 Z107.687 E973.34469
G1 X31.343 Y-3.585 Z107.696 E974.20029
G1 X31.495 Y-1.807 Z107.705 E975.03948
G1 X31.546 Y-0.003 Z107.714 E975.88818
G1 X31.497 Y1.708 Z107.723 E976.69315
G1 X31.377 Y3.208 Z107.73 E977.4008
G1 X31.025 Y5.679 Z107.743 E978.57457
G1 X30.726 Y7.122 Z107.75 E979.26759
G1 X30.26 Y8.894 Z107.76 E980.12924
G1 X29.55 Y11.015 Z107.771 E981.18108
G1 X28.559 Y13.368 Z107.784 E982.38176
G1 X27.885 Y14.712 Z107.791 E983.08883
G1 X27.01 Y16.279 Z107.8 E983.93284
G1 X25.764 Y18.179 Z107.812 E985.00135
G1 X24.413 Y19.944 Z107.823 E986.04662
G1 X23.223 Y21.317 Z107.832 E986.90107
G1 X21.967 Y22.607 Z107.841 E987.74777
G1 X20.647 Y23.817 Z107.85 E988.58987
G1 X18.881 Y25.249 Z107.862 E989.65909
G1 X17.05 Y26.508 Z107.873 E990.70406
G1 X15.496 Y27.445 Z107.882 E991.55743
G1 X13.993 Y28.251 Z107.891 E992.35947
G1 X13.103 Y28.663 Z107.896 E992.82068
G1 X11.017 Y29.535 Z107.907 E993.88392
G1 X8.883 Y30.243 Z107.919 E994.94127
G1 X7.125 Y30.704 Z107.928 E995.79595
G1 X5.382 Y31.056 Z107.937 E996.63218
G1 X3.58 Y31.314 Z107.946 E997.48825
G1 X1.804 Y31.465 Z107.955 E998.32646
G1 X-0.001 Y31.516 Z107.964 E999.17564
G1 X-1.708 Y31.468 Z107.973 E999.97871
G1 X-3.206 Y31.353 Z107.98 E1000.68524
G1 X-5.675 Y31.001 Z107.993 E1001.85808
G1 X-7.117 Y30.698 Z108 E1002.55102
G1 X-8.884 Y30.232 Z108.01 E1003.4104
G1 X-11.007 Y29.528 Z108.021 E1004.46224
G1 X-13.358 Y28.538 Z108.034 E1005.66187
G1 X-14.699 Y27.861 Z108.041 E1006.36831
G1 X-16.263 Y26.984 Z108.05 E1007.21156
G1 X-18.166 Y25.745 Z108.062 E1008.27945
G1 X-19.928 Y24.392 Z108.073 E1009.32417
G1 X-21.299 Y23.203 Z108.082 E1010.1776
G1 X-22.589 Y21.948 Z108.091 E1011.02397
G1 X-23.797 Y20.63 Z108.1 E1011.86474
G1 X-25.23 Y18.867 Z108.112 E1012.93316
G1 X-26.486 Y17.036 Z108.123 E1013.97734
G1 X-27.422 Y15.483 Z108.132 E1014.83006
G1 X-28.224 Y13.98 Z108.141 E1015.6312
G1 X-28.639 Y13.092 Z108.146 E1016.09216
G1 X-29.514 Y11.009 Z108.157 E1017.15465
G1 X-30.215 Y8.875 Z108.169 E1018.21096
G1 X-30.675 Y7.119 Z108.178 E1019.06462
G1 X-31.027 Y5.377 Z108.187 E1019.90039
G1 X-31.285 Y3.576 Z108.196 E1020.75599
G1 X-31.436 Y1.801 Z108.205 E1021.59373
G1 X-31.487 Y-0.002 Z108.214 E1022.44197
G1 X-31.439 Y-1.707 Z108.223 E1023.2441
G1 X-31.328 Y-3.204 Z108.23 E1023.95002
G1 X-30.977 Y-5.67 Z108.243 E1025.1214
G1 X-30.669 Y-7.111 Z108.25 E1025.81436
G1 X-30.204 Y-8.874 Z108.26 E1026.6718
G1 X-29.507 Y-10.999 Z108.271 E1027.72351
G1 X-28.516 Y-13.348 Z108.284 E1028.92246
G1 X-27.838 Y-14.687 Z108.291 E1029.62827
G1 X-26.959 Y-16.247 Z108.3 E1030.47033
G1 X-25.726 Y-18.153 Z108.312 E1031.53787
G1 X-24.372 Y-19.911 Z108.323 E1032.58139
G1 X-23.183 Y-21.281 Z108.332 E1033.43446
G1 X-21.93 Y-22.57 Z108.341 E1034.27984
G1 X-20.612 Y-23.777 Z108.35 E1035.12029
G1 X-18.853 Y-25.212 Z108.362 E1036.18785
G1 X-17.021 Y-26.464 Z108.373 E1037.23135
G1 X-15.469 Y-27.399 Z108.382 E1038.08343
G1 X-13.968 Y-28.196 Z108.391 E1038.88264
G1 X-13.081 Y-28.615 Z108.396 E1039.34397
G1 X-11 Y-29.493 Z108.407 E1040.40613
G1 X-8.868 Y-30.186 Z108.418 E1041.46039
G1 X-7.113 Y-30.646 Z108.428 E1042.31359
G1 X-5.373 Y-30.997 Z108.437 E1043.14834
G1 X-3.572 Y-31.255 Z108.446 E1044.00395
G1 X-1.798 Y-31.406 Z108.455 E1044.84122
G1 X0.003 Y-31.457 Z108.464 E1045.68852
G1 X1.706 Y-31.41 Z108.472 E1046.48969
G1 X3.202 Y-31.304 Z108.48 E1047.19498
G1 X5.665 Y-30.953 Z108.493 E1048.36496
G1 X7.105 Y-30.64 Z108.5 E1049.05796
;TIME_ELAPSED:657.896031
;LAYER:108
;note -- min layer time used
;TYPE:WALL-OUTER
;MESH:rouleau_cylindrical_vase_3mm_large_v1.stl
G1 F2367 X8.857 Y-30.178 Z108.509 E1049.91003
G1 X10.561 Y-29.625 Z108.518 E1050.75252
G1 X12.253 Y-28.952 Z108.527 E1051.60885
G1 X13.877 Y-28.219 Z108.537 E1052.44676
G1 X15.447 Y-27.378 Z108.546 E1053.28434
G1 X16.995 Y-26.443 Z108.555 E1054.1348
G1 X18.484 Y-25.44 Z108.564 E1054.97908
G1 X19.907 Y-24.34 Z108.573 E1055.8249
G1 X21.259 Y-23.166 Z108.582 E1056.66696
G1 X22.859 Y-21.577 Z108.593 E1057.7274
G1 X24.329 Y-19.896 Z108.605 E1058.77756
G1 X25.438 Y-18.477 Z108.614 E1059.62449
G1 X26.447 Y-16.996 Z108.623 E1060.46724
G1 X27.38 Y-15.447 Z108.632 E1061.31762
G1 X28.21 Y-13.871 Z108.641 E1062.15527
G1 X28.939 Y-12.248 Z108.65 E1062.99197
G1 X29.609 Y-10.557 Z108.659 E1063.84734
G1 X30.161 Y-8.853 Z108.669 E1064.68968
G1 X30.616 Y-7.117 Z108.678 E1065.53365
G1 X30.97 Y-5.362 Z108.687 E1066.37559
G1 X31.224 Y-3.59 Z108.696 E1067.21743
G1 X31.378 Y-1.776 Z108.705 E1068.07357
G1 X31.428 Y-0.003 Z108.714 E1068.90769
G1 X31.377 Y1.778 Z108.723 E1069.74558
G1 X31.221 Y3.589 Z108.732 E1070.60039
G1 X30.968 Y5.361 Z108.741 E1071.44216
G1 X30.609 Y7.114 Z108.75 E1072.28365
G1 X30.151 Y8.85 Z108.759 E1073.12798
G1 X29.598 Y10.553 Z108.769 E1073.97001
G1 X28.929 Y12.243 Z108.778 E1074.82478
G1 X28.195 Y13.865 Z108.787 E1075.66202
G1 X27.356 Y15.435 Z108.796 E1076.49916
G1 X26.423 Y16.982 Z108.805 E1077.34873
G1 X25.418 Y18.467 Z108.814 E1078.19198
G1 X24.319 Y19.889 Z108.823 E1079.03714
G1 X23.145 Y21.241 Z108.832 E1079.8792
G1 X21.563 Y22.843 Z108.844 E1080.938
G1 X19.88 Y24.31 Z108.855 E1081.98793
G1 X18.461 Y25.415 Z108.864 E1082.83371
G1 X16.981 Y26.425 Z108.873 E1083.67633
G1 X15.434 Y27.356 Z108.882 E1084.52542
G1 X13.859 Y28.185 Z108.891 E1085.36243
G1 X12.238 Y28.917 Z108.9 E1086.19886
G1 X10.549 Y29.583 Z108.91 E1087.05267
G1 X8.846 Y30.134 Z108.919 E1087.89441
G1 X7.11 Y30.589 Z108.928 E1088.73838
G1 X5.358 Y30.943 Z108.937 E1089.57894
G1 X3.586 Y31.196 Z108.946 E1090.42071
G1 X1.775 Y31.351 Z108.955 E1091.27548
G1 X0.002 Y31.401 Z108.964 E1092.1096
G1 X-1.777 Y31.35 Z108.973 E1092.94656
G1 X-3.585 Y31.194 Z108.982 E1093.79996
G1 X-5.357 Y30.939 Z108.991 E1094.64186
G1 X-7.107 Y30.582 Z109 E1095.48179
G1 X-8.843 Y30.124 Z109.01 E1096.32611
G1 X-10.544 Y29.572 Z109.019 E1097.16711
G1 X-12.233 Y28.906 Z109.028 E1098.02091
G1 X-13.853 Y28.17 Z109.037 E1098.85769
G1 X-15.423 Y27.335 Z109.046 E1099.69394
G1 X-16.969 Y26.402 Z109.055 E1100.54311
G1 X-18.45 Y25.395 Z109.064 E1101.38533
G1 X-19.871 Y24.298 Z109.073 E1102.22955
G1 X-21.223 Y23.124 Z109.082 E1103.0716
G1 X-22.828 Y21.548 Z109.094 E1104.12943
G1 X-24.292 Y19.865 Z109.105 E1105.17843
G1 X-25.392 Y18.445 Z109.114 E1106.02314
G1 X-26.401 Y16.967 Z109.123 E1106.86472
G1 X-27.331 Y15.421 Z109.132 E1107.71317
G1 X-28.161 Y13.847 Z109.141 E1108.54998
G1 X-28.894 Y12.229 Z109.15 E1109.38532
G1 X-29.556 Y10.54 Z109.16 E1110.23844
G1 X-30.107 Y8.839 Z109.169 E1111.07929
G1 X-30.563 Y7.102 Z109.178 E1111.92382
G1 X-30.915 Y5.354 Z109.187 E1112.76236
G1 X-31.169 Y3.582 Z109.196 E1113.60419
G1 X-31.323 Y1.774 Z109.205 E1114.45752
G1 X-31.373 Y0.001 Z109.214 E1115.29164
G1 X-31.322 Y-1.775 Z109.223 E1116.12718
G1 X-31.166 Y-3.581 Z109.232 E1116.97965
G1 X-30.911 Y-5.353 Z109.241 E1117.82156
G1 X-30.555 Y-7.1 Z109.25 E1118.66
G1 X-30.097 Y-8.836 Z109.259 E1119.50432
G1 X-29.545 Y-10.536 Z109.269 E1120.34487
G1 X-28.883 Y-12.224 Z109.278 E1121.19755
G1 X-28.146 Y-13.84 Z109.287 E1122.03281
G1 X-27.313 Y-15.411 Z109.296 E1122.86904
G1 X-26.381 Y-16.955 Z109.305 E1123.71716
G1 X-25.373 Y-18.433 Z109.314 E1124.55848
G1 X-24.277 Y-19.853 Z109.323 E1125.40204
G1 X-23.103 Y-21.205 Z109.332 E1126.24409
G1 X-21.533 Y-22.812 Z109.343 E1127.30061
G1 X-19.849 Y-24.273 Z109.355 E1128.34905
G1 X-18.429 Y-25.369 Z109.364 E1129.19261
G1 X-16.952 Y-26.377 Z109.373 E1130.03354
G1 X-15.407 Y-27.307 Z109.382 E1130.88158
G1 X-13.835 Y-28.136 Z109.391 E1131.71734
G1 X-12.219 Y-28.871 Z109.4 E1132.55221
G1 X-10.531 Y-29.53 Z109.409 E1133.40437
G1 X-8.831 Y-30.08 Z109.418 E1134.24463
G1 X-7.095 Y-30.536 Z109.427 E1135.08871
G1 X-5.35 Y-30.888 Z109.436 E1135.92586
G1 X-3.578 Y-31.142 Z109.446 E1136.7677
G1 X-1.773 Y-31.296 Z109.455 E1137.61962
G1 X0.00 Y-31.345 Z109.464 E1138.45373
G1 X1.773 Y-31.294 Z109.473 E1139.28786
G1 X3.577 Y-31.138 Z109.482 E1140.1394
G1 X5.349 Y-30.882 Z109.491 E1140.98137
G1 X7.093 Y-30.528 Z109.5 E1141.81824
;TIME_ELAPSED:662.905340
;LAYER:109
;note -- min layer time used
;TYPE:WALL-OUTER
;MESH:rouleau_cylindrical_vase_3mm_large_v1.stl
G1 F2347.9 X7.971 Y-30.297 Z109.505 E1142.24519
G1 X10.105 Y-29.656 Z109.516 E1143.29304
G1 X12.616 Y-28.677 Z109.53 E1144.56047
G1 X14.615 Y-27.707 Z109.541 E1145.60537
G1 X16.562 Y-26.591 Z109.553 E1146.66073
G1 X18.417 Y-25.35 Z109.564 E1147.7103
G1 X19.832 Y-24.258 Z109.573 E1148.55084
G1 X21.19 Y-23.08 Z109.582 E1149.39626
G1 X22.468 Y-21.835 Z109.591 E1150.23531
G1 X23.672 Y-20.507 Z109.601 E1151.07829
G1 X25.067 Y-18.781 Z109.612 E1152.12194
G1 X26.358 Y-16.931 Z109.624 E1153.18283
G1 X27.488 Y-15.012 Z109.635 E1154.23012
G1 X28.667 Y-12.613 Z109.649 E1155.48718
G1 X29.493 Y-10.55 Z109.66 E1156.53222
G1 X30.056 Y-8.815 Z109.669 E1157.39002
G1 X30.604 Y-6.644 Z109.681 E1158.443
G1 X30.993 Y-4.45 Z109.692 E1159.49086
G1 X31.193 Y-2.693 Z109.701 E1160.32246
G1 X31.311 Y-.445 Z109.713 E1161.38108
G1 X31.266 Y1.792 Z109.724 E1162.43329
G1 X31.052 Y4.026 Z109.736 E1163.48868
G1 X30.682 Y6.215 Z109.747 E1164.53271
G1 X30.274 Y7.965 Z109.756 E1165.37775
G1 X29.637 Y10.099 Z109.767 E1166.42506
G1 X28.658 Y12.608 Z109.781 E1167.69161
G1 X27.686 Y14.604 Z109.793 E1168.73565
G1 X26.574 Y16.552 Z109.804 E1169.79049
G1 X25.329 Y18.401 Z109.815 E1170.83876
G1 X24.237 Y19.816 Z109.825 E1171.67931
G1 X23.061 Y21.172 Z109.834 E1172.5234
G1 X21.816 Y22.45 Z109.843 E1173.36245
G1 X20.491 Y23.654 Z109.852 E1174.20438
G1 X18.768 Y25.051 Z109.863 E1175.24753
G1 X16.917 Y26.335 Z109.875 E1176.30693
G1 X15.002 Y27.471 Z109.886 E1177.35403
G1 X12.604 Y28.649 Z109.9 E1178.61046
G1 X10.527 Y29.474 Z109.911 E1179.66144
G1 X8.809 Y30.031 Z109.921 E1180.51077
G1 X6.64 Y30.584 Z109.932 E1181.56341
G1 X4.447 Y30.97 Z109.943 E1182.61057
G1 X2.691 Y31.169 Z109.952 E1183.44165
G1 X0.885 Y31.273 Z109.962 E1184.29236
G1 X-.884 Y31.272 Z109.971 E1185.12427
G1 X-2.691 Y31.167 Z109.98 E1185.97548
G1 X-4.446 Y30.966 Z109.989 E1186.8062
G1 X-6.21 Y30.659 Z109.998 E1187.64823
G1 X-7.959 Y30.251 Z110.007 E1188.49281
G1 X-10.093 Y29.618 Z110.019 E1189.53959
G1 X-12.599 Y28.64 Z110.032 E1190.80465
G1 X-14.594 Y27.665 Z110.044 E1191.84889
G1 X-16.541 Y26.556 Z110.055 E1192.90262
G1 X-18.385 Y25.307 Z110.067 E1193.94999
G1 X-19.8 Y24.216 Z110.076 E1194.79025
G1 X-21.153 Y23.042 Z110.085 E1195.63266
G1 X-22.432 Y21.797 Z110.094 E1196.47205
G1 X-23.637 Y20.476 Z110.103 E1197.31291
G1 X-25.035 Y18.756 Z110.114 E1198.35525
G1 X-26.313 Y16.904 Z110.126 E1199.41343
G1 X-27.453 Y14.993 Z110.137 E1200.45988
G1 X-28.631 Y12.596 Z110.151 E1201.71589
G1 X-29.449 Y10.517 Z110.162 E1202.76653
G1 X-30.005 Y8.802 Z110.172 E1203.61437
G1 X-30.564 Y6.635 Z110.183 E1204.66681
G1 X-30.947 Y4.443 Z110.194 E1205.71326
G1 X-31.146 Y2.689 Z110.203 E1206.5434
G1 X-31.249 Y0.884 Z110.213 E1207.39362
G1 X-31.248 Y-.884 Z110.222 E1208.22506
G1 X-31.144 Y-2.689 Z110.231 E1209.0753
G1 X-30.943 Y-4.442 Z110.24 E1209.90509
G1 X-30.636 Y-6.206 Z110.249 E1210.74712
G1 X-30.229 Y-7.954 Z110.258 E1211.59114
G1 X-29.599 Y-10.087 Z110.27 E1212.63706
G1 X-28.622 Y-12.591 Z110.283 E1213.90108
G1 X-27.644 Y-14.583 Z110.295 E1214.94467
G1 X-26.539 Y-16.531 Z110.306 E1215.99788
G1 X-25.286 Y-18.369 Z110.318 E1217.04398
G1 X-24.195 Y-19.784 Z110.327 E1217.88424
G1 X-23.022 Y-21.135 Z110.336 E1218.72563
G1 X-21.778 Y-22.413 Z110.345 E1219.56435
G1 X-20.46 Y-23.619 Z110.354 E1220.40448
G1 X-18.744 Y-25.019 Z110.365 E1221.44596
G1 X-16.89 Y-26.29 Z110.377 E1222.50305
G1 X-14.983 Y-27.435 Z110.388 E1223.54909
G1 X-12.587 Y-28.613 Z110.402 E1224.80468
G1 X-10.507 Y-29.425 Z110.413 E1225.85473
G1 X-8.795 Y-29.98 Z110.423 E1226.70109
G1 X-6.631 Y-30.544 Z110.434 E1227.75275
G1 X-4.44 Y-30.924 Z110.445 E1228.79849
G1 X-2.687 Y-31.123 Z110.454 E1229.62817
G1 X-.883 Y-31.225 Z110.464 E1230.47789
G1 X0.883 Y-31.225 Z110.473 E1231.30839
G1 X2.687 Y-31.121 Z110.482 E1232.15816
G1 X4.439 Y-30.92 Z110.491 E1232.98748
G1 X6.201 Y-30.613 Z110.5 E1233.82858
;TIME_ELAPSED:667.915126
;LAYER:110
;note -- min layer time used
;TYPE:WALL-OUTER
;MESH:rouleau_cylindrical_vase_3mm_large_v1.stl
G1 F2350.5 X7.887 Y-30.221 Z110.509 E1234.6426
G1 X9.618 Y-29.715 Z110.518 E1235.49071
G1 X11.289 Y-29.108 Z110.527 E1236.32677
G1 X12.976 Y-28.41 Z110.536 E1237.18534
G1 X14.574 Y-27.622 Z110.546 E1238.02323
G1 X16.122 Y-26.745 Z110.555 E1238.85992
G1 X17.983 Y-25.521 Z110.566 E1239.90742
G1 X19.735 Y-24.199 Z110.577 E1240.93957
G1 X21.086 Y-23.031 Z110.586 E1241.77943
G1 X22.395 Y-21.76 Z110.596 E1242.63745
G1 X23.865 Y-20.126 Z110.607 E1243.67107
G1 X25.237 Y-18.385 Z110.618 E1244.71348
G1 X26.269 Y-16.874 Z110.628 E1245.57398
G1 X27.18 Y-15.363 Z110.637 E1246.40372
G1 X28.007 Y-13.773 Z110.646 E1247.24654
G1 X28.762 Y-12.141 Z110.655 E1248.09217
G1 X29.388 Y-10.53 Z110.664 E1248.90496
G1 X30.062 Y-8.399 Z110.675 E1249.95604
G1 X30.673 Y-5.771 Z110.689 E1251.22487
G1 X31.051 Y-3.142 Z110.702 E1252.47392
G1 X31.199 Y-.939 Z110.714 E1253.51226
G1 X31.192 Y0.845 Z110.723 E1254.35123
G1 X31.092 Y2.63 Z110.732 E1255.19198
G1 X30.898 Y4.419 Z110.741 E1256.03823
G1 X30.596 Y6.159 Z110.75 E1256.86873
G1 X30.197 Y7.881 Z110.759 E1257.69999
G1 X29.692 Y9.611 Z110.768 E1258.54751
G1 X29.088 Y11.281 Z110.777 E1259.38265
G1 X28.387 Y12.965 Z110.787 E1260.24046
G1 X27.6 Y14.562 Z110.796 E1261.07772
G1 X26.723 Y16.11 Z110.805 E1261.91441
G1 X25.505 Y17.973 Z110.816 E1262.96115
G1 X24.179 Y19.721 Z110.827 E1263.99293
G1 X23.012 Y21.07 Z110.837 E1264.83177
G1 X21.742 Y22.378 Z110.846 E1265.68913
G1 X20.11 Y23.854 Z110.857 E1266.72393
G1 X18.371 Y25.217 Z110.868 E1267.763
G1 X16.861 Y26.248 Z110.878 E1268.62284
G1 X15.35 Y27.159 Z110.887 E1269.45258
G1 X13.764 Y27.987 Z110.896 E1270.29395
G1 X12.132 Y28.739 Z110.905 E1271.13899
G1 X10.521 Y29.365 Z110.914 E1271.95178
G1 X8.394 Y30.044 Z110.925 E1273.00177
G1 X5.767 Y30.655 Z110.939 E1274.27015
G1 X3.14 Y31.033 Z110.953 E1275.51827
G1 X0.937 Y31.174 Z110.964 E1276.5564
G1 X-.843 Y31.176 Z110.973 E1277.39348
G1 X-2.628 Y31.075 Z110.982 E1278.23425
G1 X-4.412 Y30.873 Z110.991 E1279.07857
G1 X-6.155 Y30.572 Z111 E1279.91039
G1 X-7.876 Y30.173 Z111.009 E1280.74119
G1 X-9.604 Y29.668 Z111.018 E1281.58781
G1 X-11.274 Y29.067 Z111.028 E1282.42247
G1 X-12.954 Y28.364 Z111.037 E1283.2789
G1 X-14.55 Y27.579 Z111.046 E1284.11533
G1 X-16.098 Y26.702 Z111.055 E1284.95202
G1 X-17.962 Y25.49 Z111.066 E1285.99761
G1 X-19.706 Y24.16 Z111.078 E1287.02904
G1 X-21.054 Y22.994 Z111.087 E1287.86721
G1 X-22.36 Y21.725 Z111.096 E1288.72356
G1 X-23.841 Y20.096 Z111.107 E1289.75891
G1 X-25.196 Y18.357 Z111.118 E1290.79565
G1 X-26.227 Y16.848 Z111.128 E1291.65511
G1 X-27.138 Y15.337 Z111.137 E1292.48484
G1 X-27.968 Y13.754 Z111.146 E1293.3254
G1 X-28.716 Y12.123 Z111.155 E1294.16923
G1 X-29.343 Y10.512 Z111.164 E1294.98219
G1 X-30.026 Y8.389 Z111.175 E1296.03097
G1 X-30.636 Y5.764 Z111.189 E1297.29832
G1 X-31.015 Y3.138 Z111.203 E1298.54605
G1 X-31.15 Y0.936 Z111.214 E1299.58352
G1 X-31.152 Y-.843 Z111.223 E1300.42013
G1 X-31.051 Y-2.626 Z111.232 E1301.25997
G1 X-30.849 Y-4.409 Z111.241 E1302.10382
G1 X-30.548 Y-6.151 Z111.25 E1302.93517
G1 X-30.149 Y-7.87 Z111.259 E1303.76506
G1 X-29.644 Y-9.597 Z111.268 E1304.61123
G1 X-29.047 Y-11.266 Z111.277 E1305.44481
G1 X-28.341 Y-12.943 Z111.287 E1306.30049
G1 X-27.557 Y-14.538 Z111.296 E1307.13628
G1 X-26.68 Y-16.086 Z111.305 E1307.97297
G1 X-25.474 Y-17.952 Z111.316 E1309.01782
G1 X-24.14 Y-19.691 Z111.327 E1310.04852
G1 X-22.975 Y-21.038 Z111.337 E1310.88603
G1 X-21.707 Y-22.343 Z111.346 E1311.74172
G1 X-20.085 Y-23.827 Z111.357 E1312.77558
G1 X-18.343 Y-25.176 Z111.368 E1313.81171
G1 X-16.835 Y-26.205 Z111.378 E1314.67025
G1 X-15.324 Y-27.117 Z111.387 E1315.50023
G1 X-13.744 Y-27.948 Z111.396 E1316.33976
G1 X-12.114 Y-28.693 Z111.405 E1317.18257
G1 X-10.503 Y-29.32 Z111.414 E1317.99553
G1 X-8.384 Y-30.008 Z111.425 E1319.04324
G1 X-5.761 Y-30.618 Z111.439 E1320.30968
G1 X-3.135 Y-30.996 Z111.452 E1321.55733
G1 X-.934 Y-31.126 Z111.464 E1322.5942
G1 X0.843 Y-31.128 Z111.473 E1323.42987
G1 X2.625 Y-31.026 Z111.482 E1324.26926
G1 X4.406 Y-30.824 Z111.491 E1325.11218
G1 X6.147 Y-30.524 Z111.5 E1325.94299
;TIME_ELAPSED:672.924923
;LAYER:111
;note -- min layer time used
;TYPE:WALL-OUTER
;MESH:rouleau_cylindrical_vase_3mm_large_v1.stl
G1 F2333.4 X7.044 Y-30.317 Z111.505 E1326.37591
G1 X9.189 Y-29.739 Z111.516 E1327.42062
G1 X11.295 Y-29.012 Z111.528 E1328.46836
G1 X12.94 Y-28.316 Z111.537 E1329.30835
G1 X14.528 Y-27.534 Z111.546 E1330.14077
G1 X16.442 Y-26.424 Z111.557 E1331.18128
G1 X18.644 Y-24.918 Z111.571 E1332.43584
G1 X20.365 Y-23.527 Z111.582 E1333.47648
G1 X22.005 Y-22.006 Z111.594 E1334.52836
G1 X23.533 Y-20.375 Z111.605 E1335.57938
G1 X24.915 Y-18.645 Z111.617 E1336.62067
G1 X26.188 Y-16.817 Z111.628 E1337.66823
G1 X27.306 Y-14.921 Z111.64 E1338.70333
G1 X28.296 Y-12.93 Z111.651 E1339.749
G1 X28.991 Y-11.285 Z111.66 E1340.58881
G1 X29.588 Y-9.608 Z111.669 E1341.42593
G1 X30.199 Y-7.484 Z111.681 E1342.46529
G1 X30.66 Y-5.312 Z111.692 E1343.50947
G1 X30.914 Y-3.551 Z111.701 E1344.34619
G1 X31.057 Y-1.76 Z111.71 E1345.19112
G1 X31.106 Y-0.001 Z111.72 E1346.01865
G1 X31.055 Y1.759 Z111.729 E1346.84667
G1 X30.901 Y3.546 Z111.738 E1347.69016
G1 X30.647 Y5.311 Z111.747 E1348.52874
G1 X30.3 Y7.024 Z111.756 E1349.35067
G1 X29.722 Y9.185 Z111.767 E1350.40265
G1 X28.99 Y11.286 Z111.779 E1351.44894
G1 X28.295 Y12.929 Z111.788 E1352.28787
G1 X27.514 Y14.517 Z111.797 E1353.12009
G1 X26.409 Y16.433 Z111.809 E1354.16024
G1 X24.905 Y18.634 Z111.822 E1355.41388
G1 X23.512 Y20.352 Z111.834 E1356.45401
G1 X21.994 Y21.993 Z111.845 E1357.50528
G1 X20.358 Y23.515 Z111.857 E1358.55609
G1 X18.635 Y24.902 Z111.868 E1359.59628
G1 X16.805 Y26.168 Z111.879 E1360.64274
G1 X14.913 Y27.291 Z111.891 E1361.67742
G1 X12.921 Y28.278 Z111.902 E1362.72289
G1 X11.278 Y28.972 Z111.911 E1363.56164
G1 X9.601 Y29.569 Z111.921 E1364.39877
G1 X7.481 Y30.183 Z111.932 E1365.43671
G1 X5.309 Y30.637 Z111.943 E1366.48021
G1 X3.548 Y30.891 Z111.952 E1367.31693
G1 X1.759 Y31.037 Z111.962 E1368.16104
G1 X0.001 Y31.086 Z111.971 E1368.9881
G1 X-1.758 Y31.035 Z111.98 E1369.81565
G1 X-3.544 Y30.881 Z111.989 E1370.65867
G1 X-5.308 Y30.627 Z111.998 E1371.49678
G1 X-7.035 Y30.276 Z112.007 E1372.32554
G1 X-9.179 Y29.706 Z112.019 E1373.36882
G1 X-11.277 Y28.968 Z112.03 E1374.41471
G1 X-12.919 Y28.274 Z112.039 E1375.25303
G1 X-14.505 Y27.494 Z112.048 E1376.0842
G1 X-16.424 Y26.395 Z112.06 E1377.12416
G1 X-18.624 Y24.892 Z112.073 E1378.37715
G1 X-20.339 Y23.496 Z112.085 E1379.41708
G1 X-21.981 Y21.982 Z112.096 E1380.46741
G1 X-23.498 Y20.343 Z112.108 E1381.51766
G1 X-24.888 Y18.624 Z112.119 E1382.55727
G1 X-26.149 Y16.793 Z112.131 E1383.60279
G1 X-27.277 Y14.904 Z112.142 E1384.63746
G1 X-28.26 Y12.913 Z112.153 E1385.68166
G1 X-28.953 Y11.27 Z112.162 E1386.52023
G1 X-29.551 Y9.595 Z112.172 E1387.35663
G1 X-30.167 Y7.477 Z112.183 E1388.39394
G1 X-30.615 Y5.305 Z112.194 E1389.43686
G1 X-30.868 Y3.544 Z112.203 E1390.27351
G1 X-31.017 Y1.757 Z112.213 E1391.1168
G1 X-31.066 Y0.00 Z112.222 E1391.94339
G1 X-31.015 Y-1.757 Z112.231 E1392.77
G1 X-30.862 Y-3.542 Z112.24 E1393.61251
G1 X-30.607 Y-5.304 Z112.249 E1394.44976
G1 X-30.256 Y-7.03 Z112.258 E1395.27806
G1 X-29.689 Y-9.174 Z112.27 E1396.32098
G1 X-28.947 Y-11.268 Z112.281 E1397.36572
G1 X-28.253 Y-12.909 Z112.29 E1398.20361
G1 X-27.473 Y-14.494 Z112.299 E1399.03436
G1 X-26.381 Y-16.415 Z112.311 E1400.07351
G1 X-24.878 Y-18.614 Z112.324 E1401.3261
G1 X-23.481 Y-20.326 Z112.336 E1402.36524
G1 X-21.969 Y-21.969 Z112.347 E1403.41527
G1 X-20.326 Y-23.481 Z112.359 E1404.46532
G1 X-18.613 Y-24.875 Z112.37 E1405.50392
G1 X-16.781 Y-26.129 Z112.381 E1406.54796
G1 X-14.896 Y-27.262 Z112.393 E1407.58222
G1 X-12.904 Y-28.242 Z112.404 E1408.62623
G1 X-11.263 Y-28.935 Z112.413 E1409.46393
G1 X-9.589 Y-29.532 Z112.422 E1410.29973
G1 X-7.473 Y-30.151 Z112.434 E1411.33653
G1 X-5.302 Y-30.592 Z112.445 E1412.37833
G1 X-3.541 Y-30.845 Z112.454 E1413.21498
G1 X-1.756 Y-30.997 Z112.464 E1414.05745
G1 X0.00 Y-31.046 Z112.473 E1414.88357
G1 X1.756 Y-30.995 Z112.482 E1415.70971
G1 X3.54 Y-30.842 Z112.491 E1416.55175
G1 X5.301 Y-30.587 Z112.5 E1417.38853
;TIME_ELAPSED:677.934649
;LAYER:112
;note -- min layer time used
;TYPE:WALL-OUTER
;MESH:rouleau_cylindrical_vase_3mm_large_v1.stl
G1 F2347.6 X7.895 Y-30.008 Z112.514 E1418.63843
G1 X9.584 Y-29.524 Z112.523 E1419.46469
G1 X11.256 Y-28.926 Z112.532 E1420.29976
G1 X12.908 Y-28.228 Z112.541 E1421.14314
G1 X14.474 Y-27.458 Z112.55 E1421.9638
G1 X16.417 Y-26.358 Z112.561 E1423.0138
G1 X18.62 Y-24.85 Z112.575 E1424.26928
G1 X20.322 Y-23.457 Z112.586 E1425.30358
G1 X21.958 Y-21.954 Z112.597 E1426.34833
G1 X23.454 Y-20.322 Z112.609 E1427.38947
G1 X24.846 Y-18.618 Z112.62 E1428.4242
G1 X26.336 Y-16.401 Z112.634 E1429.68038
G1 X27.45 Y-14.47 Z112.645 E1430.72875
G1 X28.218 Y-12.905 Z112.654 E1431.54856
G1 X28.915 Y-11.253 Z112.663 E1432.39176
G1 X29.513 Y-9.578 Z112.672 E1433.22816
G1 X30.005 Y-7.897 Z112.681 E1434.05185
G1 X30.398 Y-6.158 Z112.69 E1434.89027
G1 X30.7 Y-4.41 Z112.699 E1435.72448
G1 X30.9 Y-2.667 Z112.708 E1436.54954
G1 X31.017 Y-.44 Z112.72 E1437.59828
G1 X30.974 Y1.757 Z112.731 E1438.63166
G1 X30.82 Y3.54 Z112.74 E1439.47327
G1 X30.566 Y5.299 Z112.749 E1440.30906
G1 X30.107 Y7.461 Z112.76 E1441.34844
G1 X29.504 Y9.577 Z112.772 E1442.38315
G1 X28.906 Y11.249 Z112.781 E1443.21822
G1 X28.208 Y12.899 Z112.79 E1444.06074
G1 X27.439 Y14.465 Z112.799 E1444.88118
G1 X26.34 Y16.405 Z112.81 E1445.92973
G1 X24.833 Y18.607 Z112.824 E1447.18455
G1 X23.441 Y20.308 Z112.835 E1448.21819
G1 X21.94 Y21.942 Z112.846 E1449.26161
G1 X20.307 Y23.439 Z112.858 E1450.30342
G1 X18.605 Y24.83 Z112.869 E1451.33712
G1 X16.393 Y26.323 Z112.883 E1452.59213
G1 X14.461 Y27.431 Z112.894 E1453.63951
G1 X12.895 Y28.199 Z112.903 E1454.45974
G1 X11.246 Y28.895 Z112.912 E1455.30146
G1 X9.571 Y29.492 Z112.921 E1456.1377
G1 X7.891 Y29.985 Z112.93 E1456.96107
G1 X6.154 Y30.38 Z112.939 E1457.79878
G1 X4.407 Y30.682 Z112.948 E1458.63253
G1 X2.665 Y30.882 Z112.957 E1459.45712
G1 X0.877 Y30.984 Z112.966 E1460.29933
G1 X-.876 Y30.984 Z112.975 E1461.12372
G1 X-2.664 Y30.88 Z112.985 E1461.96598
G1 X-4.406 Y30.68 Z112.994 E1462.79057
G1 X-6.153 Y30.376 Z113.003 E1463.62448
G1 X-7.886 Y29.973 Z113.012 E1464.46121
G1 X-9.57 Y29.484 Z113.021 E1465.28585
G1 X-11.242 Y28.886 Z113.03 E1466.12092
G1 X-12.89 Y28.189 Z113.039 E1466.96239
G1 X-14.455 Y27.419 Z113.048 E1467.78262
G1 X-16.394 Y26.323 Z113.059 E1468.83006
G1 X-18.593 Y24.817 Z113.073 E1470.08346
G1 X-20.294 Y23.425 Z113.084 E1471.11709
G1 X-21.927 Y21.925 Z113.095 E1472.15985
G1 X-23.423 Y20.293 Z113.107 E1473.20099
G1 X-24.813 Y18.591 Z113.118 E1474.2344
G1 X-26.311 Y16.385 Z113.132 E1475.4884
G1 X-27.412 Y14.452 Z113.143 E1476.53454
G1 X-28.18 Y12.886 Z113.152 E1477.35478
G1 X-28.875 Y11.239 Z113.161 E1478.19545
G1 X-29.472 Y9.565 Z113.17 E1479.03125
G1 X-29.964 Y7.885 Z113.179 E1479.85448
G1 X-30.362 Y6.151 Z113.188 E1480.69113
G1 X-30.664 Y4.404 Z113.197 E1481.52488
G1 X-30.863 Y2.663 Z113.206 E1482.34895
G1 X-30.965 Y0.876 Z113.215 E1483.19069
G1 X-30.965 Y-.876 Z113.224 E1484.01461
G1 X-30.862 Y-2.663 Z113.233 E1484.85637
G1 X-30.661 Y-4.404 Z113.242 E1485.68055
G1 X-30.358 Y-6.149 Z113.251 E1486.51345
G1 X-29.955 Y-7.881 Z113.26 E1487.34972
G1 X-29.464 Y-9.563 Z113.269 E1488.17372
G1 X-28.866 Y-11.235 Z113.278 E1489.00879
G1 X-28.17 Y-12.88 Z113.288 E1489.84878
G1 X-27.4 Y-14.446 Z113.297 E1490.66944
G1 X-26.305 Y-16.382 Z113.308 E1491.71542
G1 X-24.8 Y-18.58 Z113.322 E1492.96816
G1 X-23.41 Y-20.28 Z113.333 E1494.00084
G1 X-21.91 Y-21.911 Z113.344 E1495.0429
G1 X-20.278 Y-23.408 Z113.355 E1496.08436
G1 X-18.577 Y-24.797 Z113.367 E1497.11711
G1 X-16.377 Y-26.298 Z113.38 E1498.36956
G1 X-14.442 Y-27.392 Z113.392 E1499.4149
G1 X-12.876 Y-28.161 Z113.401 E1500.23535
G1 X-11.232 Y-28.855 Z113.41 E1501.07453
G1 X-9.559 Y-29.452 Z113.419 E1501.90989
G1 X-7.879 Y-29.944 Z113.428 E1502.73312
G1 X-6.147 Y-30.345 Z113.437 E1503.56918
G1 X-4.402 Y-30.646 Z113.446 E1504.40192
G1 X-2.661 Y-30.845 Z113.455 E1505.22599
G1 X-.875 Y-30.947 Z113.464 E1506.06726
G1 X0.875 Y-30.946 Z113.473 E1506.89023
G1 X2.661 Y-30.843 Z113.482 E1507.73153
G1 X4.401 Y-30.643 Z113.491 E1508.55519
G1 X6.146 Y-30.34 Z113.5 E1509.38809
;TIME_ELAPSED:682.944434
;LAYER:113
;note -- min layer time used
;TYPE:WALL-OUTER
;MESH:rouleau_cylindrical_vase_3mm_large_v1.stl
G1 F2320.5 X7.462 Y-30.035 Z113.507 E1510.02337
G1 X9.573 Y-29.439 Z113.518 E1511.05491
G1 X11.259 Y-28.833 Z113.528 E1511.89745
G1 X12.871 Y-28.151 Z113.537 E1512.72058
G1 X14.465 Y-27.365 Z113.546 E1513.55637
G1 X16.389 Y-26.275 Z113.557 E1514.59628
G1 X18.582 Y-24.772 Z113.571 E1515.84655
G1 X20.601 Y-23.089 Z113.585 E1517.08264
G1 X22.503 Y-21.237 Z113.598 E1518.33107
G1 X23.957 Y-19.574 Z113.61 E1519.3699
G1 X25.047 Y-18.175 Z113.619 E1520.20393
G1 X26.044 Y-16.717 Z113.628 E1521.03456
G1 X26.946 Y-15.194 Z113.637 E1521.86697
G1 X27.967 Y-13.232 Z113.649 E1522.90709
G1 X28.842 Y-11.208 Z113.66 E1523.94406
G1 X29.435 Y-9.541 Z113.669 E1524.77612
G1 X29.929 Y-7.852 Z113.678 E1525.60368
G1 X30.328 Y-6.127 Z113.687 E1526.43632
G1 X30.628 Y-4.383 Z113.697 E1527.26852
G1 X30.826 Y-2.643 Z113.706 E1528.09207
G1 X30.952 Y-.413 Z113.717 E1529.14244
G1 X30.887 Y1.785 Z113.729 E1530.17655
G1 X30.735 Y3.531 Z113.738 E1531.00075
G1 X30.481 Y5.296 Z113.747 E1531.83932
G1 X30.037 Y7.466 Z113.758 E1532.88095
G1 X29.42 Y9.566 Z113.77 E1533.91026
G1 X28.816 Y11.249 Z113.779 E1534.75115
G1 X28.133 Y12.86 Z113.788 E1535.57403
G1 X27.347 Y14.456 Z113.797 E1536.41067
G1 X26.259 Y16.378 Z113.809 E1537.4493
G1 X25.01 Y18.202 Z113.82 E1538.4889
G1 X24.479 Y18.908 Z113.825 E1538.90434
G1 X23.079 Y20.591 Z113.836 E1539.93384
G1 X21.228 Y22.493 Z113.85 E1541.18195
G1 X19.563 Y23.944 Z113.861 E1542.22055
G1 X18.163 Y25.031 Z113.87 E1543.05408
G1 X16.706 Y26.027 Z113.879 E1543.88406
G1 X15.186 Y26.931 Z113.888 E1544.71574
G1 X13.226 Y27.955 Z113.9 E1545.75568
G1 X11.201 Y28.824 Z113.911 E1546.79196
G1 X9.535 Y29.416 Z113.92 E1547.62342
G1 X7.847 Y29.91 Z113.93 E1548.45054
G1 X6.124 Y30.308 Z113.939 E1549.28215
G1 X4.381 Y30.608 Z113.948 E1550.11388
G1 X2.642 Y30.806 Z113.957 E1550.93697
G1 X0.859 Y30.907 Z113.966 E1551.7768
G1 X-1.353 Y30.892 Z113.978 E1552.81706
G1 X-3.527 Y30.71 Z113.989 E1553.84301
G1 X-5.291 Y30.455 Z113.998 E1554.68119
G1 X-7.456 Y30.008 Z114.01 E1555.7208
G1 X-9.559 Y29.4 Z114.021 E1556.75028
G1 X-11.244 Y28.797 Z114.03 E1557.59189
G1 X-12.85 Y28.116 Z114.039 E1558.41224
G1 X-14.446 Y27.33 Z114.048 E1559.24887
G1 X-16.367 Y26.242 Z114.06 E1560.2871
G1 X-18.557 Y24.741 Z114.073 E1561.53567
G1 X-20.582 Y23.068 Z114.087 E1562.77093
G1 X-22.483 Y21.219 Z114.101 E1564.01804
G1 X-23.931 Y19.553 Z114.112 E1565.05608
G1 X-25.015 Y18.152 Z114.121 E1565.88911
G1 X-26.01 Y16.694 Z114.13 E1566.71921
G1 X-26.917 Y15.177 Z114.14 E1567.5504
G92 E0
G1 X-27.943 Y13.22 Z114.151 E1.03913
G1 X-28.805 Y11.194 Z114.162 E2.07455
G1 X-29.399 Y9.525 Z114.172 E2.90766
G1 X-29.891 Y7.843 Z114.181 E3.7318
G1 X-30.289 Y6.12 Z114.19 E4.56341
G1 X-30.589 Y4.378 Z114.199 E5.39468
G1 X-30.787 Y2.64 Z114.208 E6.21729
G1 X-30.887 Y0.859 Z114.217 E7.05616
G1 X-30.878 Y-1.352 Z114.229 E8.09594
G1 X-30.693 Y-3.525 Z114.24 E9.12153
G1 X-30.439 Y-5.288 Z114.249 E9.95918
G1 X-29.994 Y-7.453 Z114.261 E10.9986
G1 X-29.381 Y-9.553 Z114.272 E12.02738
G1 X-28.779 Y-11.237 Z114.281 E12.8684
G1 X-28.099 Y-12.84 Z114.29 E13.68726
G1 X-27.312 Y-14.437 Z114.299 E14.52453
G1 X-26.226 Y-16.356 Z114.311 E15.56147
G1 X-24.726 Y-18.545 Z114.324 E16.80939
G1 X-23.058 Y-20.573 Z114.338 E18.04424
G1 X-21.209 Y-22.473 Z114.352 E19.29101
G1 X-19.542 Y-23.918 Z114.363 E20.32848
G1 X-18.141 Y-24.998 Z114.372 E21.16037
G1 X-16.682 Y-25.994 Z114.381 E21.99112
G1 X-15.169 Y-26.902 Z114.391 E22.82094
G1 X-13.214 Y-27.931 Z114.402 E23.85989
G1 X-11.187 Y-28.786 Z114.413 E24.89446
G1 X-9.524 Y-29.378 Z114.422 E25.72459
G1 X-7.838 Y-29.871 Z114.432 E26.55067
G1 X-6.117 Y-30.27 Z114.441 E27.38147
G1 X-4.376 Y-30.569 Z114.45 E28.2122
G1 X-2.639 Y-30.767 Z114.459 E29.03435
G1 X-.859 Y-30.868 Z114.468 E29.87277
G1 X1.351 Y-30.865 Z114.48 E30.91207
G1 X3.523 Y-30.677 Z114.491 E31.93732
G1 X5.285 Y-30.422 Z114.5 E32.77457
;TIME_ELAPSED:687.967638
;LAYER:114
;note -- min layer time used
;TYPE:WALL-OUTER
;MESH:rouleau_cylindrical_vase_3mm_large_v1.stl
G1 F2335.2 X7.849 Y-29.863 Z114.513 E34.00866
G1 X9.955 Y-29.218 Z114.525 E35.04446
G1 X12.008 Y-28.432 Z114.536 E36.07826
G1 X13.619 Y-27.694 Z114.545 E36.91158
G1 X15.558 Y-26.657 Z114.557 E37.94565
G1 X17.423 Y-25.472 Z114.568 E38.98477
G1 X18.857 Y-24.444 Z114.577 E39.81452
G1 X20.196 Y-23.347 Z114.586 E40.62855
G1 X21.504 Y-22.132 Z114.595 E41.4681
G1 X23.05 Y-20.522 Z114.606 E42.51778
G1 X24.432 Y-18.848 Z114.618 E43.53863
G1 X25.468 Y-17.422 Z114.627 E44.36753
G1 X26.651 Y-15.558 Z114.638 E45.40575
G1 X27.909 Y-13.219 Z114.652 E46.65471
G1 X28.756 Y-11.209 Z114.663 E47.68045
G1 X29.356 Y-9.528 Z114.672 E48.51982
G1 X29.849 Y-7.846 Z114.681 E49.34409
G1 X30.247 Y-6.134 Z114.69 E50.17066
G1 X30.548 Y-4.39 Z114.699 E51.00294
G1 X30.779 Y-2.196 Z114.711 E52.04042
G1 X30.862 Y0.002 Z114.722 E53.07481
G1 X30.81 Y1.762 Z114.731 E53.90284
G1 X30.602 Y3.955 Z114.742 E54.93877
G1 X30.235 Y6.129 Z114.754 E55.97561
G1 X29.845 Y7.844 Z114.763 E56.80271
G1 X29.206 Y9.951 Z114.774 E57.83814
G1 X28.416 Y12.002 Z114.785 E58.87174
G1 X27.681 Y13.612 Z114.794 E59.70404
G1 X26.649 Y15.548 Z114.806 E60.73576
G1 X25.459 Y17.414 Z114.817 E61.77654
G1 X24.43 Y18.844 Z114.826 E62.60503
G1 X23.332 Y20.186 Z114.835 E63.42045
G1 X22.121 Y21.493 Z114.844 E64.25838
G1 X20.514 Y23.041 Z114.855 E65.30769
G1 X18.838 Y24.42 Z114.867 E66.32837
G1 X17.413 Y25.455 Z114.876 E67.15661
G1 X15.552 Y26.641 Z114.887 E68.1944
G1 X13.21 Y27.893 Z114.901 E69.44327
G1 X11.202 Y28.739 Z114.912 E70.46796
G1 X9.521 Y29.339 Z114.921 E71.30733
G1 X7.841 Y29.832 Z114.93 E72.1307
G1 X6.13 Y30.229 Z114.939 E72.95671
G1 X4.387 Y30.53 Z114.948 E73.78852
G1 X2.196 Y30.767 Z114.959 E74.82489
G1 X0.00 Y30.836 Z114.971 E75.85812
G1 X-1.763 Y30.793 Z114.98 E76.68745
G1 X-3.954 Y30.589 Z114.991 E77.72227
G1 X-6.126 Y30.219 Z115.002 E78.75841
G1 X-7.839 Y29.827 Z115.012 E79.58481
G1 X-9.947 Y29.194 Z115.023 E80.61987
G1 X-11.996 Y28.403 Z115.034 E81.65276
G1 X-13.605 Y27.667 Z115.043 E82.48483
G1 X-15.546 Y26.635 Z115.054 E83.51862
G1 X-17.406 Y25.446 Z115.066 E84.55677
G1 X-18.834 Y24.415 Z115.075 E85.38505
G1 X-20.178 Y23.314 Z115.084 E86.2021
G1 X-21.483 Y22.109 Z115.093 E87.03741
G1 X-23.032 Y20.506 Z115.104 E88.0857
G1 X-24.408 Y18.829 Z115.116 E89.10584
G1 X-25.443 Y17.404 Z115.125 E89.93409
G1 X-26.633 Y15.54 Z115.136 E90.97407
G1 X-27.877 Y13.201 Z115.15 E92.21993
G1 X-28.723 Y11.195 Z115.161 E93.24375
G1 X-29.322 Y9.515 Z115.17 E94.08252
G1 X-29.814 Y7.836 Z115.179 E94.90531
G1 X-30.211 Y6.125 Z115.188 E95.73132
G1 X-30.512 Y4.384 Z115.197 E96.5622
G1 X-30.755 Y2.195 Z115.208 E97.59795
G1 X-30.821 Y0.00 Z115.22 E98.63066
G1 X-30.774 Y-1.762 Z115.229 E99.45957
G1 X-30.577 Y-3.952 Z115.24 E100.49362
G1 X-30.204 Y-6.123 Z115.251 E101.52953
G1 X-29.809 Y-7.834 Z115.26 E102.35533
G1 X-29.183 Y-9.943 Z115.272 E103.3899
G1 X-28.388 Y-11.99 Z115.283 E104.42259
G1 X-27.653 Y-13.599 Z115.292 E105.25447
G1 X-26.624 Y-15.541 Z115.303 E106.28801
G1 X-25.433 Y-17.397 Z115.315 E107.32509
G1 X-24.4 Y-18.822 Z115.324 E108.15278
G1 X-23.3 Y-20.167 Z115.333 E108.96989
G1 X-22.098 Y-21.472 Z115.342 E109.80425
G1 X-20.498 Y-23.023 Z115.353 E110.85218
G1 X-18.819 Y-24.397 Z115.364 E111.87245
G1 X-17.395 Y-25.43 Z115.373 E112.69976
G1 X-15.539 Y-26.621 Z115.385 E113.73683
G1 X-13.193 Y-27.861 Z115.398 E114.98472
G1 X-11.188 Y-28.706 Z115.41 E116.00793
G1 X-9.509 Y-29.305 Z115.419 E116.84625
G1 X-7.831 Y-29.797 Z115.428 E117.66859
G1 X-6.121 Y-30.194 Z115.437 E118.49414
G1 X-4.381 Y-30.494 Z115.446 E119.32448
G1 X-2.194 Y-30.743 Z115.457 E120.3596
G1 X0.00 Y-30.806 Z115.468 E121.3918
G1 X1.76 Y-30.755 Z115.477 E122.21982
G1 X3.95 Y-30.565 Z115.489 E123.25359
G1 X6.12 Y-30.189 Z115.5 E124.28928
;TIME_ELAPSED:692.976817
;LAYER:115
;note -- min layer time used
;TYPE:WALL-OUTER
;MESH:rouleau_cylindrical_vase_3mm_large_v1.stl
G1 F2319.5 X7.84 Y-29.788 Z115.509 E125.11983
G1 X9.506 Y-29.298 Z115.518 E125.93649
G1 X11.166 Y-28.693 Z115.527 E126.76737
G1 X13.193 Y-27.822 Z115.539 E127.80488
G1 X15.15 Y-26.816 Z115.55 E128.83968
G1 X16.636 Y-25.905 Z115.559 E129.65937
G1 X18.098 Y-24.906 Z115.568 E130.49208
G1 X19.488 Y-23.834 Z115.577 E131.31758
G1 X20.818 Y-22.679 Z115.586 E132.14596
G1 X22.376 Y-21.147 Z115.598 E133.17352
G1 X23.831 Y-19.488 Z115.609 E134.21124
G1 X25.159 Y-17.747 Z115.62 E135.24098
G1 X26.611 Y-15.525 Z115.634 E136.48924
G1 X27.834 Y-13.204 Z115.648 E137.723
G1 X28.695 Y-11.167 Z115.659 E138.763
G1 X29.287 Y-9.507 Z115.668 E139.5918
G1 X29.777 Y-7.837 Z115.677 E140.41026
G1 X30.178 Y-6.112 Z115.687 E141.24311
G1 X30.476 Y-4.379 Z115.696 E142.07005
G1 X30.675 Y-2.648 Z115.705 E142.88945
G1 X30.767 Y-.871 Z115.714 E143.72624
G1 X30.767 Y0.87 Z115.723 E144.54498
G1 X30.664 Y2.645 Z115.732 E145.38111
G1 X30.474 Y4.377 Z115.741 E146.20051
G1 X30.173 Y6.116 Z115.75 E147.03047
G1 X29.772 Y7.835 Z115.759 E147.86056
G1 X29.282 Y9.501 Z115.768 E148.67722
G1 X28.68 Y11.162 Z115.777 E149.50806
G1 X27.812 Y13.189 Z115.789 E150.54502
G1 X26.8 Y15.143 Z115.8 E151.57985
G1 X25.893 Y16.629 Z115.809 E152.39856
G1 X24.895 Y18.09 Z115.818 E153.23062
G1 X23.823 Y19.48 Z115.827 E154.05612
G1 X22.669 Y20.809 Z115.837 E154.88384
G1 X21.14 Y22.369 Z115.848 E155.91108
G1 X19.479 Y23.821 Z115.859 E156.94858
G1 X17.741 Y25.15 Z115.871 E157.97749
G1 X15.517 Y26.596 Z115.884 E159.22499
G1 X13.196 Y27.82 Z115.898 E160.45897
G1 X11.162 Y28.679 Z115.909 E161.4973
G1 X9.501 Y29.271 Z115.918 E162.32655
G1 X7.832 Y29.761 Z115.927 E163.14456
G1 X6.109 Y30.161 Z115.937 E163.97638
G1 X4.376 Y30.46 Z115.946 E164.8034
G1 X2.646 Y30.658 Z115.955 E165.62228
G1 X0.87 Y30.753 Z115.964 E166.45867
G1 X-.87 Y30.753 Z115.973 E167.27695
G1 X-2.644 Y30.65 Z115.982 E168.11261
G1 X-4.375 Y30.457 Z115.991 E168.93169
G1 X-6.111 Y30.156 Z116 E169.76026
G1 X-7.83 Y29.756 Z116.009 E170.59025
G1 X-9.497 Y29.266 Z116.018 E171.40736
G1 X-11.157 Y28.667 Z116.027 E172.23727
G1 X-13.185 Y27.803 Z116.039 E173.27393
G1 X-15.135 Y26.786 Z116.05 E174.30818
G1 X-16.622 Y25.882 Z116.059 E175.12656
G1 X-18.082 Y24.883 Z116.068 E175.95849
G1 X-19.471 Y23.812 Z116.078 E176.78333
G1 X-20.8 Y22.659 Z116.087 E177.61075
G1 X-22.362 Y21.133 Z116.098 E178.63767
G1 X-23.81 Y19.47 Z116.109 E179.67464
G1 X-25.142 Y17.734 Z116.121 E180.70366
G1 X-26.58 Y15.511 Z116.134 E181.94872
G1 X-27.805 Y13.188 Z116.148 E183.18375
G1 X-28.663 Y11.156 Z116.159 E184.22103
G1 X-29.256 Y9.496 Z116.168 E185.05
G1 X-29.745 Y7.827 Z116.177 E185.86787
G1 X-30.144 Y6.106 Z116.187 E186.69868
G1 X-30.443 Y4.373 Z116.196 E187.52569
G1 X-30.642 Y2.644 Z116.205 E188.34416
G1 X-30.739 Y0.87 Z116.214 E189.17966
G1 X-30.739 Y-.869 Z116.223 E189.99746
G1 X-30.637 Y-2.643 Z116.232 E190.8331
G1 X-30.44 Y-4.372 Z116.241 E191.65146
G1 X-30.14 Y-6.107 Z116.25 E192.47949
G1 X-29.74 Y-7.826 Z116.259 E193.30948
G1 X-29.25 Y-9.492 Z116.268 E194.12613
G1 X-28.654 Y-11.152 Z116.277 E194.95557
G1 X-27.793 Y-13.181 Z116.289 E195.99211
G1 X-26.771 Y-15.127 Z116.3 E197.02578
G1 X-25.87 Y-16.615 Z116.309 E197.84383
G1 X-24.872 Y-18.074 Z116.318 E198.67511
G1 X-23.801 Y-19.462 Z116.327 E199.49957
G1 X-22.649 Y-20.791 Z116.337 E200.32668
G1 X-21.125 Y-22.354 Z116.348 E201.35329
G1 X-19.461 Y-23.799 Z116.359 E202.38969
G1 X-17.728 Y-25.133 Z116.371 E203.41816
G1 X-15.501 Y-26.567 Z116.384 E204.66378
G1 X-13.18 Y-27.791 Z116.398 E205.89776
G1 X-11.15 Y-28.648 Z116.409 E206.93399
G1 X-9.49 Y-29.24 Z116.418 E207.7628
G1 X-7.822 Y-29.729 Z116.427 E208.58022
G1 X-6.103 Y-30.127 Z116.436 E209.41
G1 X-4.37 Y-30.427 Z116.446 E210.2371
G1 X-2.642 Y-30.625 Z116.455 E211.05505
G1 X-.869 Y-30.725 Z116.464 E211.89016
G1 X0.869 Y-30.725 Z116.473 E212.70749
G1 X2.642 Y-30.623 Z116.482 E213.54266
G1 X4.369 Y-30.424 Z116.491 E214.36019
G1 X6.102 Y-30.123 Z116.5 E215.18737
;TIME_ELAPSED:697.985931
;LAYER:116
;note -- min layer time used
;TYPE:WALL-OUTER
;MESH:rouleau_cylindrical_vase_3mm_large_v1.stl
G1 F2304.1 X6.959 Y-29.924 Z116.505 E215.60111
G1 X8.711 Y-29.462 Z116.514 E216.45319
G1 X10.405 Y-28.907 Z116.523 E217.29149
G1 X12.425 Y-28.102 Z116.535 E218.3141
G1 X14.413 Y-27.13 Z116.546 E219.35476
G1 X15.158 Y-26.732 Z116.551 E219.75197
G1 X17.031 Y-25.57 Z116.562 E220.78852
G1 X18.768 Y-24.32 Z116.573 E221.79491
G1 X19.494 Y-23.753 Z116.578 E222.22811
G1 X20.839 Y-22.582 Z116.587 E223.06676
G1 X22.087 Y-21.369 Z116.596 E223.8852
G1 X23.531 Y-19.752 Z116.608 E224.90471
G1 X24.858 Y-18.063 Z116.619 E225.91482
G1 X25.397 Y-17.294 Z116.624 E226.35644
G1 X26.348 Y-15.811 Z116.633 E227.18493
G1 X27.198 Y-14.274 Z116.642 E228.0109
G1 X28.151 Y-12.297 Z116.653 E229.04301
G1 X28.953 Y-10.254 Z116.665 E230.07515
G1 X29.469 Y-8.659 Z116.674 E230.86351
G1 X29.916 Y-6.952 Z116.683 E231.69332
G1 X30.341 Y-4.797 Z116.694 E232.72628
G1 X30.609 Y-2.643 Z116.706 E233.74705
G1 X30.71 Y-.858 Z116.715 E234.58782
G1 X30.712 Y0.071 Z116.72 E235.02471
G1 X30.658 Y1.824 Z116.729 E235.84948
G1 X30.513 Y3.49 Z116.738 E236.63591
G1 X30.26 Y5.241 Z116.747 E237.46791
G1 X29.912 Y6.956 Z116.756 E238.29086
G1 X29.451 Y8.708 Z116.765 E239.14281
G1 X28.895 Y10.401 Z116.775 E239.98082
G1 X28.093 Y12.421 Z116.786 E241.0029
G1 X27.119 Y14.407 Z116.797 E242.04313
G1 X26.72 Y15.151 Z116.802 E242.44015
G1 X25.563 Y17.026 Z116.813 E243.47627
G1 X24.31 Y18.761 Z116.824 E244.48271
G1 X23.742 Y19.484 Z116.829 E244.9151
G1 X22.572 Y20.828 Z116.839 E245.75308
G1 X21.357 Y22.076 Z116.848 E246.57218
G1 X19.746 Y23.525 Z116.859 E247.59115
G1 X18.054 Y24.846 Z116.87 E248.60063
G1 X17.286 Y25.385 Z116.875 E249.04187
G1 X15.803 Y26.335 Z116.884 E249.87011
G1 X14.268 Y27.187 Z116.893 E250.69571
G1 X12.293 Y28.143 Z116.905 E251.72759
G1 X10.25 Y28.941 Z116.916 E252.75904
G1 X8.655 Y29.457 Z116.925 E253.54739
G1 X6.949 Y29.905 Z116.934 E254.37688
G1 X4.795 Y30.333 Z116.945 E255.40964
G1 X2.641 Y30.594 Z116.957 E256.43001
G1 X0.858 Y30.695 Z116.966 E257.26985
G1 X-0.071 Y30.7 Z116.971 E257.70674
G1 X-1.823 Y30.646 Z116.98 E258.53104
G1 X-3.489 Y30.501 Z116.989 E259.31747
G1 X-5.239 Y30.248 Z116.998 E260.149
G1 X-6.954 Y29.9 Z117.007 E260.97195
G1 X-8.704 Y29.439 Z117.016 E261.823
G1 X-10.397 Y28.884 Z117.026 E262.66086
G1 X-12.417 Y28.084 Z117.037 E263.68259
G1 X-14.402 Y27.108 Z117.049 E264.72281
G1 X-15.143 Y26.707 Z117.053 E265.11904
G1 X-17.021 Y25.555 Z117.064 E266.15513
G1 X-18.753 Y24.301 Z117.076 E267.16071
G1 X-19.475 Y23.731 Z117.08 E267.5933
G1 X-20.818 Y22.561 Z117.09 E268.43093
G1 X-22.065 Y21.345 Z117.099 E269.25002
G1 X-23.518 Y19.74 Z117.11 E270.26816
G1 X-24.834 Y18.044 Z117.121 E271.27768
G1 X-25.372 Y17.277 Z117.126 E271.71826
G1 X-26.321 Y15.794 Z117.135 E272.54624
G1 X-27.176 Y14.262 Z117.144 E273.3713
G1 X-28.135 Y12.29 Z117.156 E274.40252
G1 X-28.93 Y10.246 Z117.167 E275.4339
G1 X-29.446 Y8.652 Z117.176 E276.22181
G1 X-29.893 Y6.946 Z117.185 E277.05117
G1 X-30.324 Y4.793 Z117.197 E278.08376
G1 X-30.579 Y2.639 Z117.208 E279.10379
G1 X-30.68 Y0.858 Z117.217 E279.94269
G1 X-30.688 Y-0.074 Z117.222 E280.381
G1 X-30.634 Y-1.823 Z117.231 E281.20389
G1 X-30.488 Y-3.487 Z117.24 E281.98943
G1 X-30.236 Y-5.237 Z117.249 E282.82089
G1 X-29.888 Y-6.951 Z117.258 E283.64338
G1 X-29.427 Y-8.701 Z117.268 E284.49443
G1 X-28.872 Y-10.393 Z117.277 E285.33184
G1 X-28.075 Y-12.414 Z117.288 E286.35349
G1 X-27.098 Y-14.396 Z117.3 E287.39265
G1 X-26.694 Y-15.136 Z117.304 E287.78914
G1 X-25.548 Y-17.016 Z117.316 E288.82456
G1 X-24.291 Y-18.746 Z117.327 E289.8302
G1 X-23.72 Y-19.465 Z117.331 E290.26198
G1 X-22.551 Y-20.808 Z117.341 E291.0993
G1 X-21.334 Y-22.054 Z117.35 E291.91838
G1 X-19.734 Y-23.512 Z117.361 E292.93636
G1 X-18.035 Y-24.822 Z117.372 E293.94527
G1 X-17.269 Y-25.36 Z117.377 E294.38547
G1 X-15.785 Y-26.308 Z117.386 E295.2136
G1 X-14.256 Y-27.166 Z117.395 E296.03811
G1 X-12.286 Y-28.127 Z117.407 E297.0689
G1 X-10.241 Y-28.919 Z117.418 E298.10021
G1 X-8.648 Y-29.434 Z117.427 E298.88752
G1 X-6.943 Y-29.881 Z117.436 E299.71643
G1 X-4.791 Y-30.316 Z117.448 E300.74892
G1 X-2.637 Y-30.563 Z117.459 E301.76852
G1 X-.858 Y-30.665 Z117.468 E302.60651
G1 X0.071 Y-30.676 Z117.473 E303.04342
G1 X1.822 Y-30.622 Z117.482 E303.86725
G1 X3.486 Y-30.475 Z117.491 E304.65283
G1 X5.235 Y-30.224 Z117.5 E305.48376
;TIME_ELAPSED:702.995537
;LAYER:117
;note -- min layer time used
;TYPE:WALL-OUTER
;MESH:rouleau_cylindrical_vase_3mm_large_v1.stl
G1 F2299.8 X6.507 Y-29.967 Z117.507 E306.09403
G1 X8.633 Y-29.433 Z117.518 E307.12488
G1 X10.306 Y-28.889 Z117.527 E307.95219
G1 X12.355 Y-28.088 Z117.539 E308.98679
G1 X14.317 Y-27.124 Z117.55 E310.01481
G1 X15.833 Y-26.255 Z117.559 E310.83656
G1 X17.658 Y-25.069 Z117.571 E311.86012
G1 X19.415 Y-23.742 Z117.582 E312.89556
G1 X20.736 Y-22.595 Z117.591 E313.71829
G1 X22.292 Y-21.057 Z117.603 E314.74716
G1 X23.742 Y-19.416 Z117.614 E315.77697
G1 X25.07 Y-17.66 Z117.626 E316.81233
G1 X26.483 Y-15.452 Z117.639 E318.0451
G1 X27.707 Y-13.127 Z117.653 E319.28074
G1 X28.726 Y-10.714 Z117.667 E320.51254
G1 X29.425 Y-8.632 Z117.678 E321.54535
G1 X29.961 Y-6.507 Z117.69 E322.57597
G1 X30.352 Y-4.36 Z117.701 E323.60225
G1 X30.549 Y-2.638 Z117.71 E324.41734
G1 X30.65 Y-.869 Z117.719 E325.2506
G1 X30.641 Y0.867 Z117.728 E326.067
G1 X30.54 Y2.634 Z117.738 E326.89933
G1 X30.34 Y4.358 Z117.747 E327.71551
G1 X29.96 Y6.506 Z117.758 E328.74133
G1 X29.42 Y8.629 Z117.769 E329.77151
G1 X28.876 Y10.302 Z117.779 E330.59882
G1 X28.076 Y12.35 Z117.79 E331.6328
G1 X27.112 Y14.311 Z117.802 E332.66041
G1 X26.246 Y15.827 Z117.811 E333.48146
G1 X25.063 Y17.654 Z117.822 E334.50503
G1 X23.731 Y19.407 Z117.833 E335.5404
G1 X22.585 Y20.727 Z117.843 E336.36246
G1 X21.051 Y22.286 Z117.854 E337.39101
G1 X19.407 Y23.731 Z117.865 E338.42033
G1 X17.655 Y25.063 Z117.877 E339.45533
G1 X15.448 Y26.476 Z117.891 E340.68771
G1 X13.124 Y27.7 Z117.904 E341.92293
G1 X10.711 Y28.72 Z117.918 E343.15491
G1 X8.628 Y29.412 Z117.929 E344.18712
G1 X6.505 Y29.954 Z117.941 E345.21753
G1 X4.358 Y30.339 Z117.952 E346.2433
G1 X2.636 Y30.536 Z117.961 E347.05839
G1 X0.868 Y30.637 Z117.971 E347.89119
G1 X-.867 Y30.63 Z117.98 E348.70711
G1 X-2.634 Y30.529 Z117.989 E349.53943
G1 X-4.357 Y30.33 Z117.998 E350.3551
G1 X-6.504 Y29.952 Z118.009 E351.3803
G1 X-8.626 Y29.407 Z118.021 E352.4106
G1 X-10.298 Y28.863 Z118.03 E353.23746
G1 X-12.346 Y28.063 Z118.041 E354.27144
G1 X-14.305 Y27.099 Z118.053 E355.29821
G1 X-15.822 Y26.237 Z118.062 E356.11873
G1 X-17.649 Y25.057 Z118.073 E357.14154
G1 X-19.399 Y23.72 Z118.085 E358.17721
G1 X-20.719 Y22.575 Z118.094 E358.99896
G1 X-22.279 Y21.045 Z118.105 E360.02653
G1 X-23.72 Y19.398 Z118.117 E361.05567
G1 X-25.056 Y17.65 Z118.128 E362.09031
G1 X-26.471 Y15.443 Z118.142 E363.3232
G1 X-27.694 Y13.12 Z118.155 E364.55778
G1 X-28.713 Y10.709 Z118.169 E365.78871
G1 X-29.399 Y8.624 Z118.181 E366.82094
G1 X-29.947 Y6.504 Z118.192 E367.85068
G1 X-30.325 Y4.356 Z118.203 E368.87634
G1 X-30.522 Y2.634 Z118.212 E369.69143
G1 X-30.623 Y0.867 Z118.222 E370.52375
G1 X-30.62 Y-.866 Z118.231 E371.33873
G1 X-30.518 Y-2.633 Z118.24 E372.17108
G1 X-30.319 Y-4.355 Z118.249 E372.98628
G1 X-29.945 Y-6.503 Z118.26 E374.01162
G1 X-29.394 Y-8.623 Z118.272 E375.04171
G1 X-28.85 Y-10.294 Z118.281 E375.86813
G1 X-28.051 Y-12.341 Z118.292 E376.9015
G1 X-27.087 Y-14.3 Z118.304 E377.92827
G1 X-26.228 Y-15.817 Z118.313 E378.7481
G1 X-25.05 Y-17.645 Z118.324 E379.77079
G1 X-23.71 Y-19.39 Z118.336 E380.80545
G1 X-22.564 Y-20.71 Z118.345 E381.62751
G1 X-21.039 Y-22.273 Z118.356 E382.65445
G1 X-19.39 Y-23.709 Z118.368 E383.68275
G1 X-17.645 Y-25.049 Z118.379 E384.71741
G1 X-15.441 Y-26.464 Z118.393 E385.94911
G1 X-13.117 Y-27.687 Z118.407 E387.18411
G1 X-10.706 Y-28.706 Z118.42 E388.41504
G1 X-8.621 Y-29.386 Z118.432 E389.44639
G1 X-6.502 Y-29.94 Z118.443 E390.47638
G1 X-4.354 Y-30.311 Z118.454 E391.50148
G1 X-2.632 Y-30.509 Z118.463 E392.31662
G1 X-.866 Y-30.609 Z118.473 E393.14845
G1 X0.866 Y-30.609 Z118.482 E393.96296
G1 X2.632 Y-30.507 Z118.491 E394.79484
G1 X4.354 Y-30.309 Z118.5 E395.60998
;TIME_ELAPSED:708.005125
;LAYER:118
;note -- min layer time used
;TYPE:WALL-OUTER
;MESH:rouleau_cylindrical_vase_3mm_large_v1.stl
G1 F2295.7 X5.652 Y-30.085 Z118.507 E396.22941
G1 X8.204 Y-29.491 Z118.521 E397.46162
G1 X10.704 Y-28.677 Z118.534 E398.69805
G1 X12.725 Y-27.848 Z118.546 E399.72532
G1 X14.284 Y-27.081 Z118.555 E400.54239
G1 X15.814 Y-26.216 Z118.564 E401.36894
G1 X17.277 Y-25.276 Z118.573 E402.18672
G1 X18.695 Y-24.231 Z118.582 E403.01508
G1 X20.029 Y-23.14 Z118.591 E403.82551
G1 X21.642 Y-21.643 Z118.603 E404.8604
G1 X23.138 Y-20.029 Z118.614 E405.89531
G1 X24.49 Y-18.359 Z118.626 E406.90577
G1 X25.749 Y-16.537 Z118.637 E407.94727
G1 X26.858 Y-14.677 Z118.648 E408.96565
G1 X27.843 Y-12.721 Z118.66 E409.99555
G1 X28.692 Y-10.713 Z118.671 E411.02078
G1 X29.371 Y-8.625 Z118.683 E412.05332
G1 X29.816 Y-6.93 Z118.692 E412.87745
G1 X30.151 Y-5.226 Z118.701 E413.69412
G1 X30.402 Y-3.474 Z118.71 E414.52645
G1 X30.549 Y-1.748 Z118.719 E415.34107
G1 X30.6 Y0.00 Z118.728 E416.16346
G1 X30.549 Y1.748 Z118.738 E416.98584
G1 X30.402 Y3.473 Z118.747 E417.8
G1 X30.079 Y5.651 Z118.758 E418.83545
G1 X29.485 Y8.202 Z118.772 E420.0672
G1 X28.672 Y10.702 Z118.786 E421.30348
G1 X27.837 Y12.72 Z118.797 E422.33052
G1 X27.07 Y14.279 Z118.806 E423.14759
G1 X26.206 Y15.808 Z118.815 E423.9735
G1 X25.265 Y17.271 Z118.824 E424.79153
G1 X24.223 Y18.69 Z118.834 E425.61944
G1 X23.133 Y20.023 Z118.843 E426.4292
G1 X21.639 Y21.638 Z118.854 E427.46382
G1 X20.023 Y23.131 Z118.866 E428.49847
G1 X18.355 Y24.485 Z118.877 E429.50879
G1 X16.532 Y25.741 Z118.888 E430.54987
G1 X14.675 Y26.853 Z118.9 E431.56777
G1 X12.716 Y27.832 Z118.911 E432.59766
G1 X10.708 Y28.681 Z118.923 E433.6229
G1 X8.621 Y29.359 Z118.934 E434.65485
G1 X6.926 Y29.804 Z118.943 E435.47897
G1 X5.224 Y30.142 Z118.952 E436.295
G1 X3.473 Y30.393 Z118.961 E437.12686
G1 X1.748 Y30.541 Z118.971 E437.94106
G1 X0.00 Y30.591 Z118.98 E438.76342
G1 X-1.747 Y30.54 Z118.989 E439.58534
G1 X-3.472 Y30.393 Z118.998 E440.39949
G1 X-5.65 Y30.073 Z119.009 E441.43474
G1 X-8.201 Y29.479 Z119.023 E442.66649
G1 X-10.7 Y28.666 Z119.037 E443.90232
G1 X-12.714 Y27.826 Z119.048 E444.92853
G1 X-14.274 Y27.059 Z119.057 E445.74602
G1 X-15.802 Y26.196 Z119.066 E446.57128
G1 X-17.264 Y25.255 Z119.076 E447.38893
G1 X-18.685 Y24.216 Z119.085 E448.21676
G1 X-20.017 Y23.126 Z119.094 E449.02616
G1 X-21.634 Y21.635 Z119.105 E450.06051
G1 X-23.125 Y20.017 Z119.117 E451.09522
G1 X-24.481 Y18.352 Z119.128 E452.10503
G1 X-25.734 Y16.527 Z119.14 E453.14609
G1 X-26.849 Y14.672 Z119.151 E454.1639
G1 X-27.821 Y12.711 Z119.162 E455.19317
G1 X-28.67 Y10.703 Z119.174 E456.21841
G1 X-29.347 Y8.617 Z119.185 E457.24976
G1 X-29.792 Y6.923 Z119.194 E458.07343
G1 X-30.133 Y5.222 Z119.203 E458.88927
G1 X-30.384 Y3.471 Z119.213 E459.72114
G1 X-30.532 Y1.747 Z119.222 E460.53486
G1 X-30.582 Y0.00 Z119.231 E461.35676
G1 X-30.531 Y-1.747 Z119.24 E462.17868
G1 X-30.383 Y-3.471 Z119.249 E462.9924
G1 X-30.067 Y-5.649 Z119.26 E464.02737
G1 X-29.473 Y-8.199 Z119.274 E465.25867
G1 X-28.661 Y-10.698 Z119.288 E466.49436
G1 X-27.815 Y-12.709 Z119.299 E467.52035
G1 X-27.048 Y-14.269 Z119.308 E468.33785
G1 X-26.185 Y-15.796 Z119.318 E469.1627
G1 X-25.244 Y-17.258 Z119.327 E469.98034
G1 X-24.209 Y-18.679 Z119.336 E470.80706
G1 X-23.119 Y-20.012 Z119.345 E471.61683
G1 X-21.63 Y-21.63 Z119.356 E472.65089
G1 X-20.011 Y-23.118 Z119.368 E473.68498
G1 X-18.348 Y-24.476 Z119.379 E474.69467
G1 X-16.522 Y-25.726 Z119.391 E475.73531
G1 X-14.669 Y-26.844 Z119.402 E476.75305
G1 X-12.707 Y-27.81 Z119.413 E477.78149
G1 X-10.698 Y-28.659 Z119.425 E478.80716
G1 X-8.613 Y-29.336 Z119.436 E479.83807
G1 X-6.92 Y-29.78 Z119.445 E480.66116
G1 X-5.22 Y-30.124 Z119.454 E481.47682
G1 X-3.47 Y-30.375 Z119.464 E482.30822
G1 X-1.746 Y-30.523 Z119.473 E483.12195
G1 X0.00 Y-30.573 Z119.482 E483.94338
G1 X1.746 Y-30.522 Z119.491 E484.76482
G1 X3.47 Y-30.374 Z119.5 E485.57854
;TIME_ELAPSED:713.014697
;LAYER:119
;note -- min layer time used
;TYPE:WALL-OUTER
;MESH:rouleau_cylindrical_vase_3mm_large_v1.stl
G1 F2304.8 X5.335 Y-30.106 Z119.51 E486.46461
G1 X6.921 Y-29.764 Z119.518 E487.2276
G1 X8.612 Y-29.332 Z119.527 E488.04837
G1 X10.273 Y-28.793 Z119.536 E488.86958
G1 X12.302 Y-27.976 Z119.548 E489.89821
G1 X14.262 Y-27.039 Z119.559 E490.91985
G1 X15.784 Y-26.179 Z119.568 E491.74196
G1 X17.566 Y-25.008 Z119.579 E492.74473
G1 X18.752 Y-24.137 Z119.587 E493.43672
G1 X20.008 Y-23.109 Z119.595 E494.19999
G1 X21.626 Y-21.624 Z119.607 E495.23279
G1 X23.102 Y-20.014 Z119.618 E496.25995
G1 X24.209 Y-18.661 Z119.627 E497.08205
G1 X25.218 Y-17.252 Z119.636 E497.89704
G1 X26.165 Y-15.779 Z119.646 E498.72056
G1 X27.034 Y-14.261 Z119.655 E499.54313
G1 X27.974 Y-12.302 Z119.666 E500.56495
G1 X28.923 Y-9.864 Z119.68 E501.79527
G1 X29.663 Y-7.341 Z119.693 E503.03174
G1 X30.113 Y-5.222 Z119.705 E504.05047
G1 X30.364 Y-3.474 Z119.714 E504.88093
G1 X30.512 Y-1.746 Z119.723 E505.69653
G1 X30.561 Y-0.006 Z119.732 E506.51513
G1 X30.524 Y1.5 Z119.74 E507.22357
G1 X30.345 Y3.604 Z119.751 E508.21659
G1 X30.094 Y5.333 Z119.76 E509.03821
G1 X29.757 Y6.919 Z119.768 E509.80071
G1 X29.322 Y8.609 Z119.777 E510.62137
G1 X28.783 Y10.27 Z119.786 E511.44259
G1 X27.972 Y12.3 Z119.798 E512.47061
G1 X27.029 Y14.257 Z119.809 E513.4922
G1 X26.17 Y15.778 Z119.818 E514.31366
G1 X25.003 Y17.563 Z119.829 E515.31658
G1 X24.13 Y18.746 Z119.837 E516.00799
G1 X23.101 Y20.001 Z119.845 E516.7712
G1 X21.617 Y21.618 Z119.857 E517.80333
G1 X20.007 Y23.095 Z119.868 E518.8308
G1 X18.654 Y24.201 Z119.877 E519.65261
G1 X17.247 Y25.212 Z119.886 E520.46739
G1 X15.775 Y26.159 Z119.895 E521.29051
G1 X14.256 Y27.025 Z119.904 E522.11278
G1 X12.3 Y27.97 Z119.916 E523.13436
G1 X9.862 Y28.92 Z119.929 E524.36484
G1 X7.34 Y29.659 Z119.943 E525.60074
G1 X5.22 Y30.103 Z119.954 E526.61934
G1 X3.472 Y30.354 Z119.964 E527.4498
G1 X1.745 Y30.502 Z119.973 E528.26494
G1 X0.005 Y30.551 Z119.982 E529.08353
G1 X-1.5 Y30.518 Z119.99 E529.79146
G1 X-3.602 Y30.335 Z120 E530.7837
G1 X-5.332 Y30.083 Z120.01 E531.60586
G1 X-6.918 Y29.75 Z120.018 E532.36797
G1 X-8.606 Y29.312 Z120.027 E533.18807
G1 X-10.267 Y28.773 Z120.036 E534.00929
G1 X-12.299 Y27.968 Z120.048 E535.03714
G1 X-14.253 Y27.02 Z120.059 E536.05848
G1 X-15.773 Y26.16 Z120.068 E536.87977
G1 X-17.561 Y24.999 Z120.079 E537.88233
G1 X-18.74 Y24.122 Z120.087 E538.57335
G1 X-19.994 Y23.093 Z120.095 E539.33619
G1 X-21.611 Y21.609 Z120.107 E540.36832
G1 X-23.087 Y19.999 Z120.118 E541.39548
G1 X-24.192 Y18.647 Z120.127 E542.21663
G1 X-25.206 Y17.243 Z120.136 E543.03108
G1 X-26.153 Y15.771 Z120.145 E543.8542
G1 X-27.016 Y14.252 Z120.154 E544.67578
G1 X-27.966 Y12.298 Z120.166 E545.69753
G1 X-28.916 Y9.861 Z120.179 E546.92758
G1 X-29.656 Y7.339 Z120.193 E548.16361
G1 X-30.093 Y5.218 Z120.204 E549.182
G1 X-30.344 Y3.471 Z120.213 E550.012
G1 X-30.491 Y1.744 Z120.222 E550.82709
G1 X-30.541 Y0.001 Z120.231 E551.64711
G1 X-30.512 Y-1.5 Z120.239 E552.35312
G1 X-30.326 Y-3.601 Z120.25 E553.34502
G1 X-30.071 Y-5.33 Z120.259 E554.16691
G1 X-29.743 Y-6.916 Z120.268 E554.92854
G1 X-29.302 Y-8.603 Z120.277 E555.74855
G1 X-28.763 Y-10.264 Z120.286 E556.56977
G1 X-27.964 Y-12.297 Z120.297 E557.59701
G1 X-27.01 Y-14.248 Z120.309 E558.61832
G1 X-26.151 Y-15.768 Z120.318 E559.43938
G1 X-24.995 Y-17.558 Z120.329 E560.44145
G1 X-24.114 Y-18.734 Z120.336 E561.13246
G1 X-23.085 Y-19.987 Z120.345 E561.89495
G1 X-21.602 Y-21.603 Z120.356 E562.92641
G1 X-19.992 Y-23.079 Z120.368 E563.95357
G1 X-18.64 Y-24.184 Z120.377 E564.77472
G1 X-17.239 Y-25.201 Z120.386 E565.58885
G1 X-15.767 Y-26.147 Z120.395 E566.41172
G1 X-14.247 Y-27.007 Z120.404 E567.23301
G1 X-12.297 Y-27.962 Z120.415 E568.25411
G1 X-9.859 Y-28.912 Z120.429 E569.48459
G1 X-7.338 Y-29.652 Z120.443 E570.72017
G1 X-5.215 Y-30.083 Z120.454 E571.73892
G1 X-3.469 Y-30.334 Z120.463 E572.56845
G1 X-1.743 Y-30.481 Z120.472 E573.38307
G1 X-0.004 Y-30.531 Z120.481 E574.20121
G1 X1.5 Y-30.505 Z120.489 E574.9086
G1 X3.6 Y-30.316 Z120.5 E575.90016
;TIME_ELAPSED:718.024306
;LAYER:120
;note -- min layer time used
;TYPE:WALL-OUTER
;MESH:rouleau_cylindrical_vase_3mm_large_v1.stl
G1 F2298.7 X5.211 Y-30.078 Z120.509 E576.66599
G1 X6.908 Y-29.737 Z120.518 E577.47999
G1 X8.611 Y-29.289 Z120.527 E578.30811
G1 X10.248 Y-28.757 Z120.536 E579.11758
G1 X11.891 Y-28.117 Z120.545 E579.94678
G1 X13.856 Y-27.193 Z120.556 E580.96793
G1 X15.759 Y-26.144 Z120.568 E581.98981
G1 X17.227 Y-25.201 Z120.577 E582.81033
G1 X18.637 Y-24.176 Z120.586 E583.63011
G1 X20.316 Y-22.773 Z120.597 E584.65907
G1 X21.885 Y-21.28 Z120.609 E585.67759
G1 X23.079 Y-19.976 Z120.618 E586.50906
G1 X24.166 Y-18.647 Z120.627 E587.31648
G1 X25.198 Y-17.227 Z120.636 E588.14199
G1 X26.142 Y-15.759 Z120.645 E588.96276
G1 X27.192 Y-13.856 Z120.656 E589.98487
G1 X28.108 Y-11.901 Z120.668 E591.00017
G1 X28.432 Y-11.075 Z120.672 E591.41742
G1 X29.031 Y-9.426 Z120.681 E592.24248
G1 X29.52 Y-7.759 Z120.69 E593.05945
G1 X29.904 Y-6.063 Z120.7 E593.87722
G1 X30.264 Y-3.922 Z120.711 E594.8982
G1 X30.472 Y-1.728 Z120.722 E595.9346
G1 X30.522 Y0.00 Z120.731 E596.74757
G1 X30.475 Y1.728 Z120.74 E597.56049
G1 X30.319 Y3.48 Z120.75 E598.38767
G1 X30.07 Y5.21 Z120.759 E599.20962
G1 X29.728 Y6.906 Z120.768 E600.02325
G1 X29.281 Y8.608 Z120.777 E600.8508
G1 X28.748 Y10.245 Z120.786 E601.66041
G1 X28.109 Y11.888 Z120.795 E602.48944
G1 X27.191 Y13.855 Z120.806 E603.51024
G1 X26.136 Y15.755 Z120.818 E604.53226
G1 X25.193 Y17.222 Z120.827 E605.35238
G1 X24.169 Y18.632 Z120.836 E606.17188
G1 X22.771 Y20.315 Z120.847 E607.20078
G1 X21.274 Y21.879 Z120.859 E608.2189
G1 X19.971 Y23.072 Z120.868 E609.04971
G1 X18.642 Y24.16 Z120.877 E609.85742
G1 X17.222 Y25.191 Z120.886 E610.68266
G1 X15.755 Y26.134 Z120.895 E611.50278
G1 X13.855 Y27.189 Z120.907 E612.5248
G1 X11.471 Y28.277 Z120.92 E613.75716
G1 X9.423 Y29.022 Z120.932 E614.78202
G1 X7.757 Y29.511 Z120.941 E615.59854
G1 X6.062 Y29.899 Z120.95 E616.41626
G1 X3.921 Y30.261 Z120.961 E617.4374
G1 X1.727 Y30.463 Z120.973 E618.47354
G1 X0.00 Y30.513 Z120.982 E619.28604
G1 X-1.728 Y30.465 Z120.991 E620.09898
G1 X-3.479 Y30.311 Z121 E620.9256
G1 X-5.209 Y30.062 Z121.009 E621.74755
G1 X-6.904 Y29.719 Z121.018 E622.56082
G1 X-8.606 Y29.272 Z121.027 E623.38836
G1 X-10.243 Y28.74 Z121.036 E624.19782
G1 X-11.885 Y28.1 Z121.045 E625.02659
G1 X-13.854 Y27.188 Z121.057 E626.04706
G1 X-15.751 Y26.129 Z121.068 E627.06875
G1 X-17.218 Y25.186 Z121.077 E627.88888
G1 X-18.627 Y24.162 Z121.086 E628.70799
G1 X-20.313 Y22.769 Z121.098 E629.73649
G1 X-21.872 Y21.268 Z121.109 E630.75421
G1 X-23.066 Y19.965 Z121.118 E631.58533
G1 X-24.153 Y18.636 Z121.127 E632.39275
G1 X-25.184 Y17.217 Z121.136 E633.2176
G1 X-26.127 Y15.75 Z121.145 E634.03773
G1 X-27.187 Y13.854 Z121.157 E635.05925
G1 X-28.275 Y11.47 Z121.17 E636.29161
G1 X-29.014 Y9.421 Z121.182 E637.31595
G1 X-29.503 Y7.754 Z121.191 E638.13292
G1 X-29.893 Y6.061 Z121.2 E638.94994
G1 X-30.259 Y3.921 Z121.211 E639.97093
G1 X-30.455 Y1.727 Z121.223 E641.00681
G1 X-30.503 Y0.001 Z121.232 E641.81881
G1 X-30.455 Y-1.727 Z121.241 E642.63175
G1 X-30.302 Y-3.479 Z121.25 E643.4588
G1 X-30.054 Y-5.208 Z121.259 E644.28022
G1 X-29.71 Y-6.903 Z121.268 E645.09358
G1 X-29.264 Y-8.603 Z121.277 E645.92009
G1 X-28.731 Y-10.24 Z121.286 E646.7297
G1 X-28.088 Y-11.892 Z121.295 E647.56336
G1 X-27.186 Y-13.853 Z121.307 E648.57844
G1 X-26.121 Y-15.747 Z121.318 E649.60029
G1 X-25.178 Y-17.213 Z121.327 E650.42002
G1 X-24.155 Y-18.622 Z121.336 E651.23886
G1 X-22.767 Y-20.312 Z121.348 E652.26731
G1 X-21.262 Y-21.866 Z121.359 E653.28465
G1 X-19.96 Y-23.059 Z121.368 E654.11511
G1 X-18.631 Y-24.147 Z121.377 E654.92282
G1 X-17.212 Y-25.176 Z121.386 E655.74712
G1 X-15.746 Y-26.119 Z121.395 E656.56685
G1 X-13.852 Y-27.185 Z121.407 E657.58893
G1 X-11.469 Y-28.273 Z121.42 E658.82086
G1 X-9.418 Y-29.005 Z121.432 E659.84497
G1 X-7.752 Y-29.495 Z121.441 E660.66163
G1 X-6.059 Y-29.887 Z121.45 E661.47886
G1 X-3.92 Y-30.256 Z121.461 E662.49962
G1 X-1.726 Y-30.446 Z121.473 E663.53526
G1 X0.00 Y-30.495 Z121.482 E664.34727
G1 X1.726 Y-30.445 Z121.491 E665.1593
G1 X3.478 Y-30.294 Z121.5 E665.98627
;TIME_ELAPSED:723.033890
;LAYER:121
;note -- min layer time used
;TYPE:WALL-OUTER
;MESH:rouleau_cylindrical_vase_3mm_large_v1.stl
G1 F2297.7 X5.207 Y-30.046 Z121.509 E666.80769
G1 X7.336 Y-29.588 Z121.52 E667.8318
G1 X9.403 Y-28.995 Z121.532 E668.84306
G1 X11.067 Y-28.401 Z121.541 E669.67395
G1 X13.058 Y-27.547 Z121.552 E670.69276
G1 X14.99 Y-26.54 Z121.564 E671.71733
G1 X16.84 Y-25.411 Z121.575 E672.73654
G1 X18.961 Y-23.87 Z121.589 E673.96945
G1 X20.619 Y-22.463 Z121.6 E674.99207
G1 X22.171 Y-20.921 Z121.611 E676.02093
G1 X23.582 Y-19.311 Z121.623 E677.02768
G1 X24.136 Y-18.632 Z121.627 E677.43979
G1 X25.41 Y-16.841 Z121.639 E678.4734
G1 X26.538 Y-14.991 Z121.65 E679.49237
G1 X27.363 Y-13.449 Z121.659 E680.31479
G1 X28.083 Y-11.87 Z121.668 E681.1309
G1 X28.857 Y-9.823 Z121.68 E682.16006
G1 X29.487 Y-7.75 Z121.691 E683.17896
G1 X29.879 Y-6.059 Z121.7 E683.99527
G1 X30.251 Y-3.904 Z121.711 E685.02369
G1 X30.438 Y-1.727 Z121.723 E686.05124
G1 X30.487 Y-0.001 Z121.732 E686.86325
G1 X30.438 Y1.727 Z121.741 E687.67621
G1 X30.287 Y3.477 Z121.75 E688.50224
G1 X30.038 Y5.205 Z121.759 E689.32326
G1 X29.587 Y7.336 Z121.771 E690.3476
G1 X28.991 Y9.402 Z121.782 E691.3588
G1 X28.397 Y11.065 Z121.791 E692.18925
G1 X27.545 Y13.058 Z121.802 E693.20855
G1 X26.536 Y14.988 Z121.814 E694.23272
G1 X25.41 Y16.839 Z121.825 E695.2516
G1 X23.869 Y18.96 Z121.839 E696.48451
G1 X22.457 Y20.614 Z121.85 E697.50722
G1 X20.92 Y22.17 Z121.861 E698.53576
G1 X18.963 Y23.868 Z121.875 E699.75421
G1 X16.84 Y25.409 Z121.889 E700.98788
G1 X14.988 Y26.534 Z121.9 E702.00692
G1 X13.446 Y27.356 Z121.909 E702.82867
G1 X11.868 Y28.076 Z121.918 E703.64436
G1 X9.822 Y28.856 Z121.93 E704.67408
G1 X7.748 Y29.48 Z121.941 E705.69261
G1 X6.057 Y29.872 Z121.95 E706.50892
G1 X3.904 Y30.244 Z121.961 E707.53642
G1 X1.727 Y30.431 Z121.973 E708.56397
G1 X0.001 Y30.48 Z121.982 E709.37598
G1 X-1.726 Y30.431 Z121.991 E710.18846
G1 X-3.476 Y30.28 Z122 E711.01449
G1 X-5.204 Y30.031 Z122.009 E711.83551
G1 X-7.335 Y29.586 Z122.021 E712.85928
G1 X-9.4 Y28.987 Z122.032 E713.87042
G1 X-11.064 Y28.393 Z122.041 E714.70131
G1 X-13.057 Y27.544 Z122.052 E715.72006
G1 X-14.986 Y26.532 Z122.064 E716.74447
G1 X-16.839 Y25.409 Z122.075 E717.76342
G1 X-18.96 Y23.868 Z122.089 E718.99633
G1 X-20.609 Y22.452 Z122.1 E720.01848
G1 X-22.17 Y20.919 Z122.111 E721.04737
G1 X-23.867 Y18.962 Z122.125 E722.26551
G1 X-25.408 Y16.839 Z122.139 E723.49918
G1 X-26.53 Y14.986 Z122.15 E724.51789
G1 X-27.35 Y13.442 Z122.159 E725.34003
G1 X-28.07 Y11.864 Z122.168 E726.15572
G1 X-28.855 Y9.822 Z122.18 E727.18452
G1 X-29.473 Y7.746 Z122.191 E728.20314
G1 X-29.865 Y6.055 Z122.2 E729.01946
G1 X-30.237 Y3.903 Z122.211 E730.04649
G1 X-30.424 Y1.726 Z122.223 E731.07404
G1 X-30.473 Y0.00 Z122.232 E731.88605
G1 X-30.424 Y-1.726 Z122.241 E732.69806
G1 X-30.273 Y-3.476 Z122.25 E733.5241
G1 X-30.024 Y-5.202 Z122.259 E734.34418
G1 X-29.585 Y-7.335 Z122.271 E735.3683
G1 X-28.983 Y-9.399 Z122.282 E736.37938
G1 X-28.389 Y-11.062 Z122.291 E737.20983
G1 X-27.543 Y-13.057 Z122.302 E738.22889
G1 X-26.528 Y-14.984 Z122.314 E739.25312
G1 X-25.408 Y-16.838 Z122.325 E740.27175
G1 X-23.867 Y-18.959 Z122.339 E741.50465
G1 X-22.446 Y-20.604 Z122.35 E742.52691
G1 X-20.918 Y-22.169 Z122.361 E743.5555
G1 X-18.961 Y-23.866 Z122.375 E744.77365
G1 X-16.838 Y-25.407 Z122.389 E746.00732
G1 X-14.984 Y-26.527 Z122.4 E747.02594
G1 X-13.439 Y-27.343 Z122.409 E747.84762
G1 X-11.861 Y-28.063 Z122.418 E748.6633
G1 X-9.821 Y-28.854 Z122.43 E749.69225
G1 X-7.744 Y-29.466 Z122.441 E750.71052
G1 X-6.053 Y-29.858 Z122.45 E751.52683
G1 X-3.902 Y-30.23 Z122.461 E752.5534
G1 X-1.725 Y-30.417 Z122.473 E753.58095
G1 X0.00 Y-30.466 Z122.482 E754.39249
G1 X1.725 Y-30.416 Z122.491 E755.20405
G1 X3.475 Y-30.266 Z122.5 E756.03004
;TIME_ELAPSED:728.042914
;LAYER:122
;note -- min layer time used
;TYPE:WALL-OUTER
;MESH:rouleau_cylindrical_vase_3mm_large_v1.stl
G1 F2295.8 X5.201 Y-30.017 Z122.509 E756.85013
G1 X6.89 Y-29.675 Z122.518 E757.66054
G1 X8.576 Y-29.22 Z122.527 E758.48178
G1 X10.239 Y-28.679 Z122.536 E759.30418
G1 X12.252 Y-27.882 Z122.548 E760.32233
G1 X14.216 Y-26.929 Z122.559 E761.34893
G1 X15.717 Y-26.082 Z122.568 E762.15944
G1 X17.199 Y-25.143 Z122.577 E762.9845
G1 X18.954 Y-23.867 Z122.589 E764.00491
G1 X20.599 Y-22.441 Z122.6 E765.0287
G1 X22.153 Y-20.93 Z122.611 E766.04801
G1 X23.853 Y-18.946 Z122.625 E767.27669
G1 X25.146 Y-17.192 Z122.636 E768.30145
G1 X26.299 Y-15.358 Z122.648 E769.32021
G1 X27.342 Y-13.427 Z122.659 E770.3523
G1 X28.054 Y-11.867 Z122.668 E771.15872
G1 X28.685 Y-10.243 Z122.677 E771.97806
G1 X29.217 Y-8.576 Z122.686 E772.80095
G1 X29.66 Y-6.888 Z122.696 E773.62165
G1 X30.002 Y-5.199 Z122.705 E774.43206
G1 X30.26 Y-3.477 Z122.714 E775.2509
G1 X30.411 Y-1.724 Z122.723 E776.07834
G1 X30.459 Y-0.001 Z122.732 E776.88893
G1 X30.41 Y1.725 Z122.741 E777.70094
G1 X30.26 Y3.475 Z122.75 E778.52693
G1 X30.011 Y5.2 Z122.759 E779.34656
G1 X29.669 Y6.889 Z122.768 E780.15696
G1 X29.217 Y8.575 Z122.777 E780.97784
G1 X28.676 Y10.238 Z122.786 E781.80024
G1 X27.883 Y12.253 Z122.798 E782.81858
G1 X26.927 Y14.215 Z122.809 E783.84495
G1 X26.08 Y15.716 Z122.818 E784.65546
G1 X25.138 Y17.196 Z122.827 E785.48048
G1 X23.863 Y18.951 Z122.839 E786.50061
G1 X22.437 Y20.595 Z122.85 E787.52405
G1 X20.926 Y22.149 Z122.861 E788.54336
G1 X18.951 Y23.861 Z122.875 E789.77252
G1 X17.189 Y25.141 Z122.886 E790.7967
G1 X15.358 Y26.3 Z122.898 E791.81577
G1 X13.425 Y27.336 Z122.909 E792.84713
G1 X11.865 Y28.049 Z122.918 E793.65375
G1 X10.241 Y28.68 Z122.927 E794.47309
G1 X8.575 Y29.215 Z122.936 E795.29596
G1 X6.888 Y29.658 Z122.946 E796.11621
G1 X5.198 Y30 Z122.955 E796.92708
G1 X3.477 Y30.254 Z122.964 E797.74518
G1 X1.724 Y30.405 Z122.973 E798.57262
G1 X0.001 Y30.453 Z122.982 E799.38321
G1 X-1.724 Y30.405 Z122.991 E800.19474
G1 X-3.475 Y30.254 Z123 E801.02124
G1 X-5.199 Y30.006 Z123.009 E801.84033
G1 X-6.888 Y29.664 Z123.018 E802.65073
G1 X-8.574 Y29.214 Z123.027 E803.47136
G1 X-10.237 Y28.674 Z123.036 E804.29362
G1 X-12.253 Y27.883 Z123.048 E805.31205
G1 X-14.214 Y26.925 Z123.059 E806.33841
G1 X-15.715 Y26.078 Z123.068 E807.14892
G1 X-17.193 Y25.134 Z123.077 E807.97365
G1 X-18.947 Y23.858 Z123.089 E808.99368
G1 X-20.591 Y22.433 Z123.1 E810.01682
G1 X-22.145 Y20.922 Z123.111 E811.03613
G1 X-23.857 Y18.947 Z123.125 E812.26528
G1 X-25.137 Y17.186 Z123.136 E813.28908
G1 X-26.3 Y15.359 Z123.148 E814.30758
G1 X-27.331 Y13.422 Z123.159 E815.33949
G1 X-28.044 Y11.862 Z123.168 E816.1461
G1 X-28.675 Y10.239 Z123.177 E816.96501
G1 X-29.212 Y8.574 Z123.186 E817.78772
G1 X-29.656 Y6.887 Z123.196 E818.60809
G1 X-29.998 Y5.198 Z123.205 E819.41849
G1 X-30.249 Y3.476 Z123.214 E820.23686
G1 X-30.399 Y1.723 Z123.223 E821.06425
G1 X-30.448 Y0.00 Z123.232 E821.87486
G1 X-30.399 Y-1.724 Z123.241 E822.68593
G1 X-30.248 Y-3.475 Z123.25 E823.51243
G1 X-30 Y-5.198 Z123.259 E824.33105
G1 X-29.658 Y-6.887 Z123.268 E825.14146
G1 X-29.211 Y-8.574 Z123.277 E825.96218
G1 X-28.671 Y-10.237 Z123.286 E826.78444
G1 X-27.884 Y-12.254 Z123.298 E827.80262
G1 X-26.923 Y-14.213 Z123.309 E828.82876
G1 X-26.076 Y-15.714 Z123.318 E829.63927
G1 X-25.129 Y-17.19 Z123.327 E830.46397
G1 X-23.854 Y-18.944 Z123.339 E831.48372
G1 X-22.429 Y-20.587 Z123.35 E832.5065
G1 X-20.917 Y-22.141 Z123.361 E833.52614
G1 X-18.944 Y-23.852 Z123.375 E834.75428
G1 X-17.182 Y-25.133 Z123.386 E835.77873
G1 X-15.359 Y-26.301 Z123.398 E836.79691
G1 X-13.42 Y-27.326 Z123.409 E837.82832
G1 X-11.86 Y-28.039 Z123.418 E838.63494
G1 X-10.237 Y-28.67 Z123.427 E839.45384
G1 X-8.573 Y-29.21 Z123.436 E840.27655
G1 X-6.886 Y-29.653 Z123.445 E841.09679
G1 X-5.197 Y-29.995 Z123.455 E841.9072
G1 X-3.475 Y-30.243 Z123.464 E842.72536
G1 X-1.723 Y-30.394 Z123.473 E843.55233
G1 X0.00 Y-30.442 Z123.482 E844.36292
G1 X1.723 Y-30.393 Z123.491 E845.17352
G1 X3.475 Y-30.242 Z123.5 E846.00049
;TIME_ELAPSED:733.051931
;LAYER:123
;note -- min layer time used
;TYPE:WALL-OUTER
;MESH:rouleau_cylindrical_vase_3mm_large_v1.stl
G1 F2288.9 X5.197 Y-29.995 Z123.509 E846.81858
G1 X6.886 Y-29.653 Z123.518 E847.62899
G1 X9.001 Y-29.07 Z123.53 E848.66071
G1 X11.037 Y-28.358 Z123.541 E849.67503
G1 X12.651 Y-27.688 Z123.55 E850.49685
G1 X14.212 Y-26.92 Z123.559 E851.31498
G1 X16.079 Y-25.839 Z123.571 E852.32953
G1 X17.883 Y-24.621 Z123.582 E853.35315
G1 X19.601 Y-23.281 Z123.593 E854.37777
G1 X21.519 Y-21.52 Z123.607 E855.60227
G1 X22.997 Y-19.925 Z123.618 E856.62488
G1 X24.369 Y-18.231 Z123.63 E857.65003
G1 X25.838 Y-16.082 Z123.644 E858.87419
G1 X26.909 Y-14.206 Z123.655 E859.89007
G1 X27.677 Y-12.646 Z123.664 E860.70777
G1 X28.355 Y-11.038 Z123.673 E861.52844
G1 X28.942 Y-9.394 Z123.682 E862.34937
G1 X29.544 Y-7.307 Z123.694 E863.37084
G1 X29.992 Y-5.195 Z123.705 E864.38615
G1 X30.281 Y-3.039 Z123.716 E865.40912
G1 X30.416 Y-.862 Z123.728 E866.43486
G1 X30.417 Y0.861 Z123.737 E867.24514
G1 X30.282 Y3.038 Z123.748 E868.27088
G1 X29.991 Y5.196 Z123.76 E869.29491
G1 X29.649 Y6.885 Z123.769 E870.10532
G1 X29.073 Y9.002 Z123.78 E871.13707
G1 X28.357 Y11.037 Z123.792 E872.15158
G1 X27.684 Y12.649 Z123.801 E872.97307
G1 X26.916 Y14.21 Z123.81 E873.7912
G1 X25.841 Y16.081 Z123.821 E874.80597
G1 X24.619 Y17.882 Z123.833 E875.82948
G1 X23.282 Y19.602 Z123.844 E876.85398
G1 X21.521 Y21.52 Z123.858 E878.07847
G1 X19.924 Y22.996 Z123.869 E879.10113
G1 X18.232 Y24.371 Z123.88 E880.12644
G1 X16.083 Y25.84 Z123.894 E881.3506
G1 X14.205 Y26.908 Z123.905 E882.3666
G1 X12.645 Y27.676 Z123.915 E883.1843
G1 X11.037 Y28.355 Z123.924 E884.00515
G1 X9.394 Y28.941 Z123.933 E884.82548
G1 X7.308 Y29.546 Z123.944 E885.84689
G1 X5.195 Y29.988 Z123.956 E886.86208
G1 X3.039 Y30.283 Z123.967 E887.88543
G1 X0.862 Y30.415 Z123.978 E888.91108
G1 X-.861 Y30.416 Z123.987 E889.72136
G1 X-3.038 Y30.284 Z123.999 E890.74702
G1 X-5.194 Y29.987 Z124.01 E891.7705
G1 X-6.884 Y29.645 Z124.019 E892.58136
G1 X-9.003 Y29.075 Z124.031 E893.61329
G1 X-11.036 Y28.355 Z124.042 E894.62754
G1 X-12.647 Y27.681 Z124.051 E895.44878
G1 X-14.208 Y26.913 Z124.06 E896.2669
G1 X-16.082 Y25.842 Z124.072 E897.28196
G1 X-17.882 Y24.618 Z124.083 E898.30561
G1 X-19.604 Y23.284 Z124.095 E899.32999
G1 X-21.522 Y21.522 Z124.108 E900.5548
G1 X-22.996 Y19.923 Z124.12 E901.57752
G1 X-24.372 Y18.233 Z124.131 E902.60239
G1 X-25.842 Y16.084 Z124.145 E903.82682
G1 X-26.907 Y14.205 Z124.156 E904.84252
G1 X-27.675 Y12.645 Z124.165 E905.66023
G1 X-28.354 Y11.037 Z124.174 E906.48108
G1 X-28.941 Y9.393 Z124.183 E907.30201
G1 X-29.548 Y7.308 Z124.195 E908.32323
G1 X-29.984 Y5.194 Z124.206 E909.3383
G1 X-30.285 Y3.039 Z124.218 E910.36157
G1 X-30.414 Y0.861 Z124.229 E911.38762
G1 X-30.414 Y-.861 Z124.238 E912.19742
G1 X-30.286 Y-3.039 Z124.249 E913.22344
G1 X-29.983 Y-5.193 Z124.261 E914.24637
G1 X-29.641 Y-6.883 Z124.27 E915.05724
G1 X-29.077 Y-9.003 Z124.281 E916.08889
G1 X-28.354 Y-11.036 Z124.293 E917.10361
G1 X-27.677 Y-12.645 Z124.302 E917.92453
G1 X-26.909 Y-14.206 Z124.311 E918.74266
G1 X-25.844 Y-16.083 Z124.322 E919.75754
G1 X-24.617 Y-17.881 Z124.334 E920.78121
G1 X-23.285 Y-19.605 Z124.345 E921.80575
G1 X-21.523 Y-21.523 Z124.359 E923.03057
G1 X-19.922 Y-22.995 Z124.37 E924.05334
G1 X-18.234 Y-24.374 Z124.382 E925.07838
G1 X-16.085 Y-25.843 Z124.395 E926.30254
G1 X-14.204 Y-26.906 Z124.407 E927.3186
G1 X-12.644 Y-27.674 Z124.416 E928.1363
G1 X-11.036 Y-28.353 Z124.425 E928.95715
G1 X-9.393 Y-28.94 Z124.434 E929.77764
G1 X-7.309 Y-29.551 Z124.445 E930.79893
G1 X-5.193 Y-29.98 Z124.457 E931.81427
G1 X-3.039 Y-30.288 Z124.468 E932.83754
G1 X-.861 Y-30.413 Z124.48 E933.86347
G1 X0.861 Y-30.413 Z124.489 E934.67328
G1 X3.039 Y-30.288 Z124.5 E935.69921
;TIME_ELAPSED:738.060920
;LAYER:124
;note -- min layer time used
;TYPE:WALL-OUTER
;MESH:rouleau_cylindrical_vase_3mm_large_v1.stl
G1 F2303.1 X6.047 Y-29.806 Z124.516 E937.13183
G1 X7.646 Y-29.436 Z124.524 E937.90366
G1 X9.795 Y-28.797 Z124.536 E938.958
G1 X12.252 Y-27.841 Z124.55 E940.19784
G1 X14.59 Y-26.69 Z124.563 E941.42335
G1 X16.819 Y-25.344 Z124.577 E942.64787
G1 X18.913 Y-23.822 Z124.59 E943.86525
G1 X20.566 Y-22.404 Z124.602 E944.88945
G1 X21.82 Y-21.199 Z124.611 E945.7073
G1 X23.246 Y-19.619 Z124.622 E946.7082
G1 X24.866 Y-17.519 Z124.636 E947.95547
G1 X26.27 Y-15.334 Z124.649 E949.17686
G1 X27.489 Y-13.024 Z124.663 E950.40516
G1 X28.348 Y-11.041 Z124.674 E951.42144
G1 X28.939 Y-9.386 Z124.683 E952.24788
G1 X29.421 Y-7.742 Z124.692 E953.05354
G1 X29.807 Y-6.039 Z124.701 E953.87473
G1 X30.104 Y-4.324 Z124.71 E954.69325
G1 X30.341 Y-2.169 Z124.722 E955.71279
G1 X30.414 Y0.00 Z124.733 E956.73338
G1 X30.365 Y1.714 Z124.742 E957.53976
G1 X30.233 Y3.405 Z124.751 E958.3374
G1 X30.105 Y4.322 Z124.756 E958.77282
G1 X29.807 Y6.047 Z124.765 E959.59605
G1 X29.437 Y7.646 Z124.773 E960.36788
G1 X28.801 Y9.796 Z124.785 E961.42228
G1 X27.844 Y12.254 Z124.799 E962.66272
G1 X26.693 Y14.591 Z124.812 E963.88781
G1 X25.347 Y16.821 Z124.826 E965.11273
G1 X23.825 Y18.915 Z124.839 E966.33012
G1 X22.405 Y20.567 Z124.851 E967.35456
G1 X21.198 Y21.819 Z124.86 E968.17239
G1 X19.622 Y23.249 Z124.871 E969.17316
G1 X17.521 Y24.869 Z124.885 E970.42081
G1 X15.331 Y26.276 Z124.898 E971.64493
G1 X13.025 Y27.492 Z124.912 E972.87091
G1 X11.04 Y28.346 Z124.923 E973.88712
G1 X9.386 Y28.937 Z124.932 E974.71311
G1 X7.742 Y29.419 Z124.941 E975.51878
G1 X6.039 Y29.808 Z124.95 E976.34028
G1 X4.324 Y30.104 Z124.959 E977.15872
G1 X2.169 Y30.345 Z124.971 E978.17847
G1 X0.00 Y30.414 Z124.982 E979.199
G1 X-1.724 Y30.365 Z124.991 E980.01008
G1 X-3.868 Y30.178 Z125.002 E981.02216
G1 X-6.048 Y29.807 Z125.014 E982.06209
G1 X-7.647 Y29.437 Z125.022 E982.83392
G1 X-9.798 Y28.804 Z125.034 E983.88837
G1 X-12.255 Y27.847 Z125.048 E985.12837
G1 X-14.593 Y26.696 Z125.061 E986.35388
G1 X-16.823 Y25.35 Z125.075 E987.57881
G1 X-18.918 Y23.827 Z125.088 E988.79685
G1 X-20.568 Y22.405 Z125.1 E989.8212
G1 X-21.817 Y21.196 Z125.109 E990.63867
G1 X-23.252 Y19.624 Z125.12 E991.63962
G1 X-24.872 Y17.523 Z125.134 E992.88727
G1 X-26.276 Y15.338 Z125.147 E994.10865
G1 X-27.496 Y13.027 Z125.161 E995.33759
G1 X-28.344 Y11.039 Z125.172 E996.35399
G1 X-28.936 Y9.38 Z125.181 E997.18235
G1 X-29.417 Y7.741 Z125.19 E997.98563
G1 X-29.808 Y6.039 Z125.199 E998.80688
G1 X-30.105 Y4.324 Z125.208 E999.6254
G1 X-30.349 Y2.169 Z125.22 E1000.64531
G1 X-30.415 Y0.00 Z125.231 E1001.6658
G1 X-30.366 Y-1.725 Z125.24 E1002.47734
G1 X-30.182 Y-3.868 Z125.251 E1003.48884
G1 X-29.808 Y-6.048 Z125.263 E1004.529
G1 X-29.438 Y-7.647 Z125.271 E1005.30083
G1 X-28.807 Y-9.799 Z125.283 E1006.35546
G1 X-27.85 Y-12.257 Z125.297 E1007.59591
G1 X-26.699 Y-14.595 Z125.31 E1008.82142
G1 X-25.354 Y-16.825 Z125.324 E1010.0461
G1 X-23.83 Y-18.92 Z125.337 E1011.26442
G1 X-22.406 Y-20.569 Z125.349 E1012.28902
G1 X-21.195 Y-21.816 Z125.358 E1013.10647
G1 X-19.627 Y-23.255 Z125.369 E1014.10731
G1 X-17.525 Y-24.875 Z125.383 E1015.35533
G1 X-15.335 Y-26.282 Z125.396 E1016.57946
G1 X-13.028 Y-27.499 Z125.41 E1017.80607
G1 X-11.038 Y-28.342 Z125.421 E1018.82242
G1 X-9.384 Y-28.933 Z125.43 E1019.64841
G1 X-7.74 Y-29.415 Z125.439 E1020.45407
G1 X-6.039 Y-29.809 Z125.448 E1021.27518
G1 X-4.324 Y-30.106 Z125.457 E1022.0937
G1 X-2.169 Y-30.353 Z125.468 E1023.11377
G1 X0.00 Y-30.416 Z125.48 E1024.13421
G1 X1.725 Y-30.367 Z125.489 E1024.94576
G1 X3.869 Y-30.186 Z125.5 E1025.9576
;TIME_ELAPSED:743.070522
;LAYER:125
;note -- min layer time used
;TYPE:WALL-OUTER
;MESH:rouleau_cylindrical_vase_3mm_large_v1.stl
G1 F2298.5 X6.039 Y-29.81 Z125.511 E1026.9933
G1 X8.148 Y-29.293 Z125.523 E1028.01446
G1 X10.216 Y-28.648 Z125.534 E1029.03319
G1 X12.253 Y-27.854 Z125.546 E1030.06133
G1 X14.206 Y-26.894 Z125.557 E1031.08473
G1 X15.693 Y-26.041 Z125.566 E1031.8909
G1 X17.521 Y-24.853 Z125.577 E1032.91615
G1 X19.578 Y-23.266 Z125.591 E1034.13793
G1 X21.502 Y-21.501 Z125.604 E1035.36578
G1 X23.279 Y-19.599 Z125.618 E1036.58987
G1 X24.87 Y-17.535 Z125.632 E1037.81541
G1 X26.284 Y-15.334 Z125.645 E1039.04566
G1 X27.499 Y-13.03 Z125.659 E1040.27059
G1 X28.493 Y-10.623 Z125.672 E1041.49525
G1 X29.173 Y-8.566 Z125.684 E1042.51409
G1 X29.716 Y-6.458 Z125.695 E1043.53778
G1 X30.106 Y-4.324 Z125.706 E1044.55795
G1 X30.352 Y-2.17 Z125.718 E1045.5775
G1 X30.414 Y-0.001 Z125.729 E1046.59794
G1 X30.334 Y2.167 Z125.74 E1047.61817
G1 X30.106 Y4.323 Z125.752 E1048.63773
G1 X29.809 Y6.039 Z125.761 E1049.45671
G1 X29.298 Y8.15 Z125.772 E1050.47812
G1 X28.647 Y10.216 Z125.784 E1051.4968
G1 X27.853 Y12.253 Z125.795 E1052.52494
G1 X26.893 Y14.206 Z125.806 E1053.54833
G1 X26.046 Y15.689 Z125.815 E1054.35148
G1 X24.857 Y17.524 Z125.827 E1055.37974
G1 X23.27 Y19.582 Z125.84 E1056.6019
G1 X21.505 Y21.505 Z125.854 E1057.8294
G1 X19.598 Y23.278 Z125.867 E1059.05392
G1 X17.534 Y24.869 Z125.881 E1060.27946
G1 X15.333 Y26.283 Z125.895 E1061.50972
G1 X13.029 Y27.498 Z125.908 E1062.73465
G1 X10.625 Y28.498 Z125.922 E1063.95909
G1 X8.567 Y29.175 Z125.933 E1064.97792
G1 X6.459 Y29.721 Z125.945 E1066.00197
G1 X4.324 Y30.105 Z125.956 E1067.02211
G1 X2.17 Y30.352 Z125.967 E1068.04171
G1 X0.001 Y30.414 Z125.979 E1069.06214
G1 X-2.168 Y30.34 Z125.99 E1070.08275
G1 X-4.323 Y30.106 Z126.001 E1071.10214
G1 X-6.039 Y29.808 Z126.01 E1071.9212
G1 X-8.152 Y29.303 Z126.022 E1072.94287
G1 X-10.215 Y28.646 Z126.033 E1073.96105
G1 X-12.253 Y27.852 Z126.044 E1074.98962
G1 X-14.205 Y26.892 Z126.056 E1076.0126
G1 X-15.696 Y26.045 Z126.065 E1076.81901
G1 X-17.527 Y24.861 Z126.076 E1077.84442
G1 X-19.585 Y23.274 Z126.09 E1079.06658
G1 X-21.509 Y21.508 Z126.103 E1080.29474
G1 X-23.278 Y19.597 Z126.117 E1081.51937
G1 X-24.869 Y17.534 Z126.13 E1082.74453
G1 X-26.283 Y15.333 Z126.144 E1083.97479
G1 X-27.498 Y13.029 Z126.158 E1085.19972
G1 X-28.504 Y10.627 Z126.171 E1086.42437
G1 X-29.177 Y8.567 Z126.183 E1087.44352
G1 X-29.727 Y6.46 Z126.194 E1088.46758
G1 X-30.105 Y4.323 Z126.205 E1089.48815
G1 X-30.351 Y2.169 Z126.217 E1090.5077
G1 X-30.413 Y0.00 Z126.228 E1091.52813
G1 X-30.345 Y-2.168 Z126.239 E1092.54818
G1 X-30.105 Y-4.323 Z126.251 E1093.56788
G1 X-29.807 Y-6.039 Z126.26 E1094.38694
G1 X-29.309 Y-8.153 Z126.271 E1095.4083
G1 X-28.646 Y-10.215 Z126.282 E1096.42689
G1 X-27.852 Y-12.253 Z126.294 E1097.45547
G1 X-26.891 Y-14.205 Z126.305 E1098.47865
G1 X-26.047 Y-15.697 Z126.314 E1099.28478
G1 X-24.865 Y-17.531 Z126.325 E1100.31086
G1 X-23.278 Y-19.589 Z126.339 E1101.53302
G1 X-21.512 Y-21.513 Z126.353 E1102.76118
G1 X-19.596 Y-23.277 Z126.366 E1103.98594
G1 X-17.533 Y-24.868 Z126.38 E1105.21111
G1 X-15.332 Y-26.282 Z126.393 E1106.44136
G1 X-13.028 Y-27.497 Z126.407 E1107.66629
G1 X-10.628 Y-28.509 Z126.421 E1108.89118
G1 X-8.568 Y-29.179 Z126.432 E1109.90988
G1 X-6.461 Y-29.732 Z126.443 E1110.9343
G1 X-4.323 Y-30.104 Z126.455 E1111.95485
G1 X-2.169 Y-30.35 Z126.466 E1112.97439
G1 X0.00 Y-30.412 Z126.477 E1113.99483
G1 X2.169 Y-30.35 Z126.489 E1115.01526
G1 X4.323 Y-30.104 Z126.5 E1116.03481
;TIME_ELAPSED:748.079551
;LAYER:126
;note -- min layer time used
;TYPE:WALL-OUTER
;MESH:rouleau_cylindrical_vase_3mm_large_v1.stl
G1 F2293.2 X6.039 Y-29.806 Z126.509 E1116.85387
G1 X8.155 Y-29.314 Z126.52 E1117.8755
G1 X10.215 Y-28.645 Z126.532 E1118.89407
G1 X12.253 Y-27.851 Z126.543 E1119.92265
G1 X14.205 Y-26.89 Z126.555 E1120.94583
G1 X15.698 Y-26.048 Z126.564 E1121.75191
G1 X17.533 Y-24.868 Z126.575 E1122.77787
G1 X19.591 Y-23.281 Z126.589 E1124.00003
G1 X21.515 Y-21.514 Z126.602 E1125.22851
G1 X23.277 Y-19.596 Z126.616 E1126.45333
G1 X24.868 Y-17.533 Z126.63 E1127.67849
G1 X26.282 Y-15.332 Z126.643 E1128.90875
G1 X27.497 Y-13.028 Z126.657 E1130.13368
G1 X28.511 Y-10.629 Z126.671 E1131.3585
G1 X29.18 Y-8.568 Z126.682 E1132.3775
G1 X29.733 Y-6.461 Z126.693 E1133.40192
G1 X30.104 Y-4.323 Z126.705 E1134.42239
G1 X30.35 Y-2.169 Z126.716 E1135.44193
G1 X30.412 Y0.00 Z126.727 E1136.46237
G1 X30.35 Y2.169 Z126.739 E1137.4828
G1 X30.104 Y4.323 Z126.75 E1138.50235
G1 X29.806 Y6.039 Z126.759 E1139.32141
G1 X29.314 Y8.155 Z126.77 E1140.34304
G1 X28.645 Y10.215 Z126.782 E1141.36161
G1 X27.851 Y12.253 Z126.793 E1142.39019
G1 X26.89 Y14.205 Z126.805 E1143.41337
G1 X26.051 Y15.692 Z126.814 E1144.21629
G1 X24.868 Y17.533 Z126.825 E1145.2454
G1 X23.281 Y19.591 Z126.839 E1146.46755
G1 X21.514 Y21.515 Z126.852 E1147.69603
G1 X19.596 Y23.277 Z126.866 E1148.92085
G1 X17.533 Y24.868 Z126.88 E1150.14602
G1 X15.332 Y26.282 Z126.893 E1151.37627
G1 X13.028 Y27.497 Z126.907 E1152.6012
G1 X10.629 Y28.511 Z126.921 E1153.82602
G1 X8.568 Y29.18 Z126.932 E1154.84503
G1 X6.461 Y29.733 Z126.943 E1155.86945
G1 X4.323 Y30.104 Z126.955 E1156.88991
G1 X2.169 Y30.35 Z126.966 E1157.90946
G1 X0.00 Y30.412 Z126.977 E1158.92989
G1 X-2.169 Y30.35 Z126.989 E1159.95033
G1 X-4.323 Y30.104 Z127 E1160.96987
G1 X-6.039 Y29.806 Z127.009 E1161.78893
G1 X-8.155 Y29.314 Z127.02 E1162.81057
G1 X-10.215 Y28.645 Z127.032 E1163.82913
G1 X-12.253 Y27.851 Z127.043 E1164.85771
G1 X-14.205 Y26.89 Z127.055 E1165.8809
G1 X-15.698 Y26.048 Z127.064 E1166.68697
G1 X-17.533 Y24.868 Z127.075 E1167.71294
G1 X-19.591 Y23.281 Z127.089 E1168.93509
G1 X-21.515 Y21.514 Z127.102 E1170.16357
G1 X-23.277 Y19.596 Z127.116 E1171.38839
G1 X-24.868 Y17.533 Z127.13 E1172.61356
G1 X-26.282 Y15.332 Z127.143 E1173.84381
G1 X-27.497 Y13.028 Z127.157 E1175.06874
G1 X-28.511 Y10.629 Z127.171 E1176.29356
G1 X-29.18 Y8.568 Z127.182 E1177.31257
G1 X-29.733 Y6.461 Z127.193 E1178.33699
G1 X-30.104 Y4.323 Z127.205 E1179.35745
G1 X-30.35 Y2.169 Z127.216 E1180.377
G1 X-30.412 Y0.00 Z127.227 E1181.39743
G1 X-30.35 Y-2.169 Z127.239 E1182.41786
G1 X-30.104 Y-4.323 Z127.25 E1183.43741
G1 X-29.806 Y-6.039 Z127.259 E1184.25647
G1 X-29.314 Y-8.155 Z127.27 E1185.27811
G1 X-28.645 Y-10.215 Z127.282 E1186.29667
G1 X-27.851 Y-12.253 Z127.293 E1187.32525
G1 X-26.89 Y-14.205 Z127.305 E1188.34844
G1 X-26.048 Y-15.698 Z127.314 E1189.15451
G1 X-24.868 Y-17.533 Z127.325 E1190.18048
G1 X-23.281 Y-19.591 Z127.339 E1191.40263
G1 X-21.514 Y-21.515 Z127.352 E1192.63111
G1 X-19.596 Y-23.277 Z127.366 E1193.85593
G1 X-17.533 Y-24.868 Z127.38 E1195.08109
G1 X-15.332 Y-26.282 Z127.393 E1196.31135
G1 X-13.028 Y-27.497 Z127.407 E1197.53628
G1 X-10.629 Y-28.511 Z127.421 E1198.7611
G1 X-8.568 Y-29.18 Z127.432 E1199.78011
G1 X-6.461 Y-29.733 Z127.443 E1200.80453
G1 X-4.323 Y-30.104 Z127.455 E1201.82499
G1 X-2.169 Y-30.35 Z127.466 E1202.84454
G1 X0.00 Y-30.412 Z127.477 E1203.86497
G1 X2.169 Y-30.35 Z127.489 E1204.8854
G1 X4.323 Y-30.104 Z127.5 E1205.90495
;TIME_ELAPSED:753.088557
;LAYER:127
;note -- min layer time used
;TYPE:WALL-OUTER
;MESH:rouleau_cylindrical_vase_3mm_large_v1.stl
G1 F2293.2 X6.039 Y-29.806 Z127.509 E1206.72401
G1 X8.155 Y-29.314 Z127.52 E1207.74565
G1 X10.215 Y-28.645 Z127.532 E1208.76421
G1 X12.253 Y-27.851 Z127.543 E1209.79279
G1 X14.205 Y-26.89 Z127.555 E1210.81598
G1 X15.698 Y-26.048 Z127.564 E1211.62205
G1 X17.533 Y-24.868 Z127.575 E1212.64802
G1 X19.591 Y-23.281 Z127.589 E1213.87017
G1 X21.515 Y-21.514 Z127.602 E1215.09865
G1 X23.277 Y-19.596 Z127.616 E1216.32347
G1 X24.868 Y-17.533 Z127.63 E1217.54863
G1 X26.282 Y-15.332 Z127.643 E1218.77889
G1 X27.497 Y-13.028 Z127.657 E1220.00382
G1 X28.511 Y-10.629 Z127.671 E1221.22864
G1 X29.18 Y-8.568 Z127.682 E1222.24765
G1 X29.733 Y-6.461 Z127.693 E1223.27207
G1 X30.104 Y-4.323 Z127.705 E1224.29253
G1 X30.298 Y-2.617 Z127.714 E1225.09998
G1 X30.39 Y-.86 Z127.723 E1225.92738
G1 X30.391 Y0.84 Z127.732 E1226.72684
G1 X30.299 Y2.615 Z127.741 E1227.56269
G1 X30.104 Y4.323 Z127.75 E1228.37113
G1 X29.806 Y6.039 Z127.759 E1229.19019
G1 X29.314 Y8.155 Z127.77 E1230.21183
G1 X28.645 Y10.215 Z127.782 E1231.23039
G1 X27.851 Y12.253 Z127.793 E1232.25897
G1 X26.89 Y14.205 Z127.805 E1233.28215
G1 X26.051 Y15.692 Z127.814 E1234.08508
G1 X24.868 Y17.533 Z127.825 E1235.11418
G1 X23.281 Y19.591 Z127.839 E1236.33633
G1 X21.514 Y21.515 Z127.852 E1237.56482
G1 X19.596 Y23.277 Z127.866 E1238.78963
G1 X17.533 Y24.868 Z127.88 E1240.0148
G1 X15.332 Y26.282 Z127.893 E1241.24505
G1 X13.028 Y27.497 Z127.907 E1242.46998
G1 X10.629 Y28.511 Z127.921 E1243.6948
G1 X8.568 Y29.18 Z127.932 E1244.71381
G1 X6.461 Y29.733 Z127.943 E1245.73823
G1 X4.323 Y30.104 Z127.955 E1246.75869
G1 X2.617 Y30.298 Z127.964 E1247.56615
G1 X0.426 Y30.411 Z127.975 E1248.59788
G1 X-2.169 Y30.35 Z127.989 E1249.81857
G1 X-4.323 Y30.104 Z128 E1250.83811
G1 X-6.039 Y29.806 Z128.009 E1251.65717
G1 X-8.155 Y29.314 Z128.02 E1252.67881
G1 X-10.215 Y28.645 Z128.032 E1253.69737
G1 X-12.253 Y27.851 Z128.043 E1254.72595
G1 X-14.205 Y26.89 Z128.055 E1255.74914
G1 X-15.698 Y26.048 Z128.064 E1256.55521
G1 X-17.533 Y24.868 Z128.075 E1257.58118
G1 X-19.591 Y23.281 Z128.089 E1258.80333
G1 X-21.515 Y21.514 Z128.102 E1260.03181
G1 X-23.277 Y19.596 Z128.116 E1261.25663
G1 X-24.868 Y17.533 Z128.13 E1262.4818
G1 X-26.282 Y15.332 Z128.143 E1263.71205
G1 X-27.497 Y13.028 Z128.157 E1264.93698
G1 X-28.511 Y10.629 Z128.171 E1266.1618
G1 X-29.18 Y8.568 Z128.182 E1267.18081
G1 X-29.733 Y6.461 Z128.193 E1268.20523
G1 X-30.104 Y4.323 Z128.205 E1269.22569
G1 X-30.299 Y2.617 Z128.214 E1270.0332
G1 X-30.417 Y0.426 Z128.225 E1271.06505
G1 X-30.35 Y-2.169 Z128.239 E1272.28581
G1 X-30.104 Y-4.323 Z128.25 E1273.30536
G1 X-29.806 Y-6.039 Z128.259 E1274.12442
G1 X-29.314 Y-8.155 Z128.27 E1275.14605
G1 X-28.645 Y-10.215 Z128.282 E1276.16462
G1 X-27.851 Y-12.253 Z128.293 E1277.1932
G1 X-26.89 Y-14.205 Z128.305 E1278.21638
G1 X-26.048 Y-15.698 Z128.314 E1279.02246
G1 X-24.868 Y-17.533 Z128.325 E1280.04842
G1 X-23.281 Y-19.591 Z128.339 E1281.27058
G1 X-21.514 Y-21.515 Z128.352 E1282.49906
G1 X-19.596 Y-23.277 Z128.366 E1283.72387
G1 X-17.533 Y-24.868 Z128.38 E1284.94904
G1 X-15.332 Y-26.282 Z128.393 E1286.1793
G1 X-13.028 Y-27.497 Z128.407 E1287.40423
G1 X-10.629 Y-28.511 Z128.421 E1288.62905
G1 X-8.568 Y-29.18 Z128.432 E1289.64805
G1 X-6.461 Y-29.733 Z128.443 E1290.67247
G1 X-4.323 Y-30.104 Z128.455 E1291.69294
G1 X-2.617 Y-30.299 Z128.464 E1292.50044
G1 X-.426 Y-30.423 Z128.475 E1293.53245
G1 X2.169 Y-30.35 Z128.489 E1294.75329
G1 X4.323 Y-30.104 Z128.5 E1295.77283
;TIME_ELAPSED:758.097564
;LAYER:128
;note -- min layer time used
;TYPE:WALL-OUTER
;MESH:rouleau_cylindrical_vase_3mm_large_v1.stl
G1 F2293.2 X6.039 Y-29.806 Z128.509 E1296.5919
G1 X8.155 Y-29.314 Z128.52 E1297.61353
G1 X10.215 Y-28.645 Z128.532 E1298.6321
G1 X12.253 Y-27.851 Z128.543 E1299.66067
G1 X14.205 Y-26.89 Z128.555 E1300.68386
G1 X15.698 Y-26.048 Z128.564 E1301.48993
G1 X17.533 Y-24.868 Z128.575 E1302.5159
G1 X19.591 Y-23.281 Z128.589 E1303.73805
G1 X21.515 Y-21.514 Z128.602 E1304.96654
G1 X23.277 Y-19.596 Z128.616 E1306.19135
G1 X24.868 Y-17.533 Z128.63 E1307.41652
G1 X26.282 Y-15.332 Z128.643 E1308.64677
G1 X27.497 Y-13.028 Z128.657 E1309.8717
G1 X28.511 Y-10.629 Z128.671 E1311.09652
G1 X29.18 Y-8.568 Z128.682 E1312.11553
G1 X29.733 Y-6.461 Z128.693 E1313.13995
G1 X30.104 Y-4.323 Z128.705 E1314.16041
G1 X30.33 Y-2.168 Z128.716 E1315.1794
G1 X30.402 Y0.00 Z128.727 E1316.19951
G1 X30.331 Y2.167 Z128.739 E1317.21914
G1 X30.104 Y4.323 Z128.75 E1318.23864
G1 X29.806 Y6.039 Z128.759 E1319.0577
G1 X29.314 Y8.155 Z128.77 E1320.07934
G1 X28.645 Y10.215 Z128.782 E1321.0979
G1 X27.851 Y12.253 Z128.793 E1322.12648
G1 X26.89 Y14.205 Z128.805 E1323.14967
G1 X26.051 Y15.692 Z128.814 E1323.95259
G1 X24.868 Y17.533 Z128.825 E1324.98169
G1 X23.281 Y19.591 Z128.839 E1326.20385
G1 X21.514 Y21.515 Z128.852 E1327.43233
G1 X19.596 Y23.277 Z128.866 E1328.65715
G1 X17.533 Y24.868 Z128.88 E1329.88231
G1 X15.332 Y26.282 Z128.893 E1331.11257
G1 X13.028 Y27.497 Z128.907 E1332.3375
G1 X10.629 Y28.511 Z128.921 E1333.56232
G1 X8.568 Y29.18 Z128.932 E1334.58132
G1 X6.461 Y29.733 Z128.943 E1335.60574
G1 X4.323 Y30.104 Z128.955 E1336.62621
G1 X2.168 Y30.336 Z128.966 E1337.64549
G1 X0.001 Y30.412 Z128.977 E1338.6652
G1 X-2.169 Y30.35 Z128.989 E1339.6861
G1 X-4.323 Y30.104 Z129 E1340.70565
G1 X-6.039 Y29.806 Z129.009 E1341.52471
G1 X-8.155 Y29.314 Z129.02 E1342.54634
G1 X-10.215 Y28.645 Z129.032 E1343.56491
G1 X-12.253 Y27.851 Z129.043 E1344.59349
G1 X-14.205 Y26.89 Z129.055 E1345.61667
G1 X-15.698 Y26.048 Z129.064 E1346.42275
G1 X-17.533 Y24.868 Z129.075 E1347.44871
G1 X-19.591 Y23.281 Z129.089 E1348.67087
G1 X-21.515 Y21.514 Z129.102 E1349.89935
G1 X-23.277 Y19.596 Z129.116 E1351.12417
G1 X-24.868 Y17.533 Z129.13 E1352.34933
G1 X-26.282 Y15.332 Z129.143 E1353.57959
G1 X-27.497 Y13.028 Z129.157 E1354.80452
G1 X-28.511 Y10.629 Z129.171 E1356.02934
G1 X-29.18 Y8.568 Z129.182 E1357.04834
G1 X-29.733 Y6.461 Z129.193 E1358.07276
G1 X-30.104 Y4.323 Z129.205 E1359.09323
G1 X-30.343 Y2.169 Z129.216 E1360.11241
G1 X-30.412 Y0.00 Z129.227 E1361.13294
G1 X-30.35 Y-2.169 Z129.239 E1362.15337
G1 X-30.104 Y-4.323 Z129.25 E1363.17292
G1 X-29.806 Y-6.039 Z129.259 E1363.99198
G1 X-29.314 Y-8.155 Z129.27 E1365.01362
G1 X-28.645 Y-10.215 Z129.282 E1366.03218
G1 X-27.851 Y-12.253 Z129.293 E1367.06076
G1 X-26.89 Y-14.205 Z129.305 E1368.08394
G1 X-26.048 Y-15.698 Z129.314 E1368.89002
G1 X-24.868 Y-17.533 Z129.325 E1369.91598
G1 X-23.281 Y-19.591 Z129.339 E1371.13814
G1 X-21.514 Y-21.515 Z129.352 E1372.36662
G1 X-19.596 Y-23.277 Z129.366 E1373.59144
G1 X-17.533 Y-24.868 Z129.38 E1374.8166
G1 X-15.332 Y-26.282 Z129.393 E1376.04686
G1 X-13.028 Y-27.497 Z129.407 E1377.27179
G1 X-10.629 Y-28.511 Z129.421 E1378.49661
G1 X-8.568 Y-29.18 Z129.432 E1379.51562
G1 X-6.461 Y-29.733 Z129.443 E1380.54003
G1 X-4.323 Y-30.104 Z129.455 E1381.5605
G1 X-2.169 Y-30.349 Z129.466 E1382.57999
G1 X0.00 Y-30.412 Z129.477 E1383.60044
G1 X2.169 Y-30.35 Z129.489 E1384.62087
G1 X4.323 Y-30.104 Z129.5 E1385.64042
;TIME_ELAPSED:763.106570
;LAYER:129
;note -- min layer time used
;TYPE:WALL-OUTER
;MESH:rouleau_cylindrical_vase_3mm_large_v1.stl
G1 F2293.2 X6.039 Y-29.806 Z129.509 E1386.45948
G1 X8.155 Y-29.314 Z129.52 E1387.48111
G1 X10.215 Y-28.645 Z129.532 E1388.49968
G1 X12.253 Y-27.851 Z129.543 E1389.52826
G1 X14.205 Y-26.89 Z129.555 E1390.55144
G1 X15.698 Y-26.048 Z129.564 E1391.35752
G1 X17.533 Y-24.868 Z129.575 E1392.38348
G1 X19.591 Y-23.281 Z129.589 E1393.60564
G1 X21.515 Y-21.514 Z129.602 E1394.83412
G1 X23.277 Y-19.596 Z129.616 E1396.05894
G1 X24.868 Y-17.533 Z129.63 E1397.2841
G1 X26.282 Y-15.332 Z129.643 E1398.51436
G1 X27.497 Y-13.028 Z129.657 E1399.73929
G1 X28.511 Y-10.629 Z129.671 E1400.96411
G1 X29.18 Y-8.568 Z129.682 E1401.98311
G1 X29.733 Y-6.461 Z129.693 E1403.00753
G1 X30.104 Y-4.323 Z129.705 E1404.028
G1 X30.35 Y-2.169 Z129.716 E1405.04754
G1 X30.412 Y0.00 Z129.727 E1406.06798
G1 X30.35 Y2.169 Z129.739 E1407.08841
G1 X30.104 Y4.323 Z129.75 E1408.10796
G1 X29.806 Y6.039 Z129.759 E1408.92702
G1 X29.314 Y8.155 Z129.77 E1409.94865
G1 X28.645 Y10.215 Z129.782 E1410.96722
G1 X27.851 Y12.253 Z129.793 E1411.9958
G1 X26.89 Y14.205 Z129.805 E1413.01898
G1 X26.051 Y15.692 Z129.814 E1413.8219
G1 X24.868 Y17.533 Z129.825 E1414.85101
G1 X23.281 Y19.591 Z129.839 E1416.07316
G1 X21.514 Y21.515 Z129.852 E1417.30164
G1 X19.596 Y23.277 Z129.866 E1418.52646
G1 X17.533 Y24.868 Z129.88 E1419.75163
G1 X15.332 Y26.282 Z129.893 E1420.98188
G1 X13.028 Y27.497 Z129.907 E1422.20681
G1 X10.629 Y28.511 Z129.921 E1423.43163
G1 X8.568 Y29.18 Z129.932 E1424.45064
G1 X6.461 Y29.733 Z129.943 E1425.47506
G1 X4.323 Y30.104 Z129.955 E1426.49552
G1 X2.169 Y30.35 Z129.966 E1427.51507
G1 X0.00 Y30.412 Z129.977 E1428.5355
G1 X-2.169 Y30.35 Z129.989 E1429.55594
G1 X-4.323 Y30.104 Z130 E1430.57548
G1 X-6.039 Y29.806 Z130.009 E1431.39454
G1 X-8.155 Y29.314 Z130.02 E1432.41618
G1 X-10.215 Y28.645 Z130.032 E1433.43474
G1 X-12.253 Y27.851 Z130.043 E1434.46332
G1 X-14.205 Y26.89 Z130.055 E1435.48651
G1 X-15.698 Y26.048 Z130.064 E1436.29258
G1 X-17.533 Y24.868 Z130.075 E1437.31855
G1 X-19.591 Y23.281 Z130.089 E1438.5407
G1 X-21.515 Y21.514 Z130.102 E1439.76918
G1 X-23.277 Y19.596 Z130.116 E1440.994
G1 X-24.868 Y17.533 Z130.13 E1442.21917
G1 X-26.282 Y15.332 Z130.143 E1443.44942
G1 X-27.497 Y13.028 Z130.157 E1444.67435
G1 X-28.511 Y10.629 Z130.171 E1445.89917
G1 X-29.18 Y8.568 Z130.182 E1446.91818
G1 X-29.733 Y6.461 Z130.193 E1447.9426
G1 X-30.104 Y4.323 Z130.205 E1448.96306
G1 X-30.35 Y2.169 Z130.216 E1449.98261
G1 X-30.412 Y0.00 Z130.227 E1451.00304
G1 X-30.35 Y-2.169 Z130.239 E1452.02347
G1 X-30.104 Y-4.323 Z130.25 E1453.04302
G1 X-29.806 Y-6.039 Z130.259 E1453.86208
G1 X-29.314 Y-8.155 Z130.27 E1454.88372
G1 X-28.645 Y-10.215 Z130.282 E1455.90228
G1 X-27.851 Y-12.253 Z130.293 E1456.93086
G1 X-26.89 Y-14.205 Z130.305 E1457.95405
G1 X-26.048 Y-15.698 Z130.314 E1458.76012
G1 X-24.868 Y-17.533 Z130.325 E1459.78609
G1 X-23.281 Y-19.591 Z130.339 E1461.00824
G1 X-21.514 Y-21.515 Z130.352 E1462.23672
G1 X-19.596 Y-23.277 Z130.366 E1463.46154
G1 X-17.533 Y-24.868 Z130.38 E1464.6867
G1 X-15.332 Y-26.282 Z130.393 E1465.91696
G1 X-13.028 Y-27.497 Z130.407 E1467.14189
G1 X-10.629 Y-28.511 Z130.421 E1468.36671
G1 X-8.568 Y-29.18 Z130.432 E1469.38572
G1 X-6.461 Y-29.733 Z130.443 E1470.41014
G1 X-4.323 Y-30.104 Z130.455 E1471.4306
G1 X-2.169 Y-30.35 Z130.466 E1472.45015
G1 X0.00 Y-30.412 Z130.477 E1473.47058
G1 X2.169 Y-30.35 Z130.489 E1474.49101
G1 X4.323 Y-30.104 Z130.5 E1475.51056
;TIME_ELAPSED:768.115577
;LAYER:130
;note -- min layer time used
;TYPE:WALL-OUTER
;MESH:rouleau_cylindrical_vase_3mm_large_v1.stl
G1 F2293.2 X6.07 Y-29.799 Z130.509 E1476.34455
G1 X7.769 Y-29.404 Z130.518 E1477.16485
G1 X9.83 Y-28.771 Z130.53 E1478.17876
G1 X12.271 Y-27.842 Z130.543 E1479.40701
G1 X14.204 Y-26.891 Z130.555 E1480.4201
G1 X15.702 Y-26.046 Z130.564 E1481.22892
G1 X17.198 Y-25.084 Z130.573 E1482.06535
G1 X18.582 Y-24.061 Z130.582 E1482.8747
G1 X20.246 Y-22.683 Z130.593 E1483.89072
G1 X22.105 Y-20.876 Z130.607 E1485.10991
G1 X23.542 Y-19.252 Z130.618 E1486.12968
G1 X24.882 Y-17.511 Z130.63 E1487.16285
G1 X26.042 Y-15.706 Z130.641 E1488.17187
G1 X26.881 Y-14.201 Z130.65 E1488.98217
G1 X27.666 Y-12.626 Z130.659 E1489.80975
G1 X28.509 Y-10.634 Z130.67 E1490.82696
G1 X29.181 Y-8.562 Z130.682 E1491.85132
G1 X29.733 Y-6.461 Z130.693 E1492.87289
G1 X30.104 Y-4.323 Z130.705 E1493.89336
G1 X30.298 Y-2.617 Z130.714 E1494.70081
G1 X30.406 Y-.403 Z130.725 E1495.74323
G1 X30.347 Y2.199 Z130.739 E1496.96718
G1 X30.099 Y4.353 Z130.75 E1497.98684
G1 X29.799 Y6.07 Z130.759 E1498.80652
G1 X29.403 Y7.769 Z130.768 E1499.62693
G1 X28.777 Y9.832 Z130.78 E1500.64078
G1 X27.842 Y12.271 Z130.793 E1501.86916
G1 X26.891 Y14.204 Z130.805 E1502.88225
G1 X26.045 Y15.701 Z130.814 E1503.69089
G1 X25.084 Y17.198 Z130.823 E1504.52746
G1 X24.063 Y18.584 Z130.832 E1505.33701
G1 X22.687 Y20.251 Z130.843 E1506.35352
G1 X20.879 Y22.111 Z130.857 E1507.57337
G1 X19.252 Y23.542 Z130.868 E1508.59233
G1 X17.511 Y24.883 Z130.88 E1509.62579
G1 X15.706 Y26.042 Z130.891 E1510.63455
G1 X14.202 Y26.883 Z130.9 E1511.44491
G1 X12.626 Y27.666 Z130.909 E1512.27248
G1 X10.634 Y28.509 Z130.92 E1513.28969
G1 X8.562 Y29.181 Z130.932 E1514.31406
G1 X6.461 Y29.733 Z130.943 E1515.33563
G1 X4.323 Y30.104 Z130.955 E1516.3561
G1 X2.617 Y30.298 Z130.963 E1517.16354
G1 X0.86 Y30.393 Z130.973 E1517.99102
G1 X-.91 Y30.392 Z130.982 E1518.8234
G1 X-2.629 Y30.298 Z130.991 E1519.633
G1 X-4.354 Y30.099 Z131 E1520.4496
G1 X-6.071 Y29.8 Z131.009 E1521.2692
G1 X-7.769 Y29.403 Z131.018 E1522.08925
G1 X-9.834 Y28.783 Z131.03 E1523.10319
G1 X-12.272 Y27.843 Z131.043 E1524.33198
G1 X-14.204 Y26.89 Z131.055 E1525.34506
G1 X-15.702 Y26.045 Z131.064 E1526.15388
G1 X-17.198 Y25.083 Z131.073 E1526.9903
G1 X-18.586 Y24.065 Z131.082 E1527.79978
G1 X-20.256 Y22.691 Z131.093 E1528.81678
G1 X-22.12 Y20.879 Z131.107 E1530.03929
G1 X-23.543 Y19.252 Z131.118 E1531.05577
G1 X-24.883 Y17.511 Z131.13 E1532.08895
G1 X-26.043 Y15.706 Z131.141 E1533.09796
G1 X-26.886 Y14.203 Z131.15 E1533.90836
G1 X-27.667 Y12.626 Z131.159 E1534.73594
G1 X-28.509 Y10.633 Z131.17 E1535.7534
G1 X-29.182 Y8.562 Z131.182 E1536.77747
G1 X-29.733 Y6.461 Z131.193 E1537.79892
G1 X-30.104 Y4.319 Z131.204 E1538.82123
G1 X-30.299 Y2.617 Z131.213 E1539.62687
G1 X-30.396 Y0.86 Z131.223 E1540.45439
G1 X-30.395 Y-.911 Z131.232 E1541.28724
G1 X-30.298 Y-2.63 Z131.241 E1542.09692
G1 X-30.099 Y-4.354 Z131.25 E1542.91305
G1 X-29.8 Y-6.071 Z131.259 E1543.73266
G1 X-29.402 Y-7.769 Z131.268 E1544.55282
G1 X-28.789 Y-9.836 Z131.28 E1545.56672
G1 X-27.843 Y-12.272 Z131.293 E1546.79564
G1 X-26.89 Y-14.204 Z131.305 E1547.80873
G1 X-26.045 Y-15.702 Z131.314 E1548.61754
G1 X-25.083 Y-17.198 Z131.323 E1549.45397
G1 X-24.067 Y-18.588 Z131.332 E1550.26365
G1 X-22.696 Y-20.26 Z131.343 E1551.28048
G1 X-20.884 Y-22.125 Z131.357 E1552.50333
G1 X-19.252 Y-23.543 Z131.368 E1553.52004
G1 X-17.511 Y-24.884 Z131.38 E1554.5535
G1 X-15.706 Y-26.043 Z131.391 E1555.56226
G1 X-14.204 Y-26.889 Z131.4 E1556.37294
G1 X-12.626 Y-27.667 Z131.409 E1557.20032
G1 X-10.633 Y-28.509 Z131.42 E1558.21778
G1 X-8.562 Y-29.182 Z131.432 E1559.24184
G1 X-6.461 Y-29.733 Z131.443 E1560.26329
G1 X-4.323 Y-30.104 Z131.454 E1561.28376
G1 X-2.617 Y-30.299 Z131.463 E1562.09126
G1 X-.86 Y-30.399 Z131.473 E1562.91886
G1 X0.911 Y-30.398 Z131.482 E1563.75171
G1 X2.63 Y-30.298 Z131.491 E1564.56147
G1 X4.354 Y-30.099 Z131.5 E1565.3776
;TIME_ELAPSED:773.124583
;LAYER:131
;note -- min layer time used
;TYPE:WALL-OUTER
;MESH:rouleau_cylindrical_vase_3mm_large_v1.stl
G1 F2292.4 X6.038 Y-29.806 Z131.509 E1566.18144
G1 X8.148 Y-29.291 Z131.52 E1567.20283
G1 X10.215 Y-28.647 Z131.532 E1568.22097
G92 E0
G1 X12.252 Y-27.851 Z131.543 E1.02848
G1 X14.204 Y-26.89 Z131.554 E2.05166
G1 X15.697 Y-26.048 Z131.563 E2.85774
G1 X17.52 Y-24.85 Z131.575 E3.88359
G1 X19.576 Y-23.264 Z131.588 E5.10471
G1 X21.501 Y-21.5 Z131.602 E6.33259
G1 X23.26 Y-19.583 Z131.616 E7.5561
G1 X24.867 Y-17.533 Z131.629 E8.78106
G1 X26.263 Y-15.323 Z131.643 E10.01034
G1 X27.478 Y-13.019 Z131.657 E11.23527
G1 X28.51 Y-10.629 Z131.67 E12.45952
G1 X29.18 Y-8.569 Z131.682 E13.47823
G1 X29.733 Y-6.461 Z131.693 E14.5031
G1 X30.104 Y-4.323 Z131.704 E15.52356
G1 X30.33 Y-2.168 Z131.716 E16.54255
G1 X30.414 Y0.00 Z131.727 E17.56286
G1 X30.349 Y2.168 Z131.738 E18.58287
G1 X30.103 Y4.322 Z131.75 E19.60242
G1 X29.806 Y6.038 Z131.759 E20.4214
G1 X29.297 Y8.15 Z131.77 E21.44305
G1 X28.646 Y10.215 Z131.782 E22.46127
G1 X27.851 Y12.252 Z131.793 E23.48958
G1 X26.89 Y14.204 Z131.805 E24.51277
G1 X26.051 Y15.691 Z131.813 E25.31569
G1 X24.855 Y17.524 Z131.825 E26.34496
G1 X23.268 Y19.58 Z131.838 E27.56637
G1 X21.504 Y21.504 Z131.852 E28.7939
G1 X19.586 Y23.265 Z131.866 E30.01839
G1 X17.533 Y24.867 Z131.879 E31.24301
G1 X15.325 Y26.269 Z131.893 E32.47301
G1 X13.021 Y27.483 Z131.907 E33.69772
G1 X10.629 Y28.51 Z131.92 E34.9219
G1 X8.569 Y29.18 Z131.932 E35.94061
G1 X6.461 Y29.733 Z131.943 E36.96548
G1 X4.323 Y30.104 Z131.954 E37.98595
G1 X2.168 Y30.336 Z131.966 E39.00524
G1 X0.001 Y30.405 Z131.977 E40.02483
G1 X-2.168 Y30.337 Z131.989 E41.04535
G1 X-4.322 Y30.103 Z132 E42.06427
G1 X-6.039 Y29.806 Z132.009 E42.88371
G1 X-8.152 Y29.303 Z132.02 E43.90516
G1 X-10.215 Y28.646 Z132.032 E44.92334
G1 X-12.253 Y27.851 Z132.043 E45.95209
G1 X-14.205 Y26.89 Z132.055 E46.97527
G1 X-15.698 Y26.048 Z132.064 E47.78135
G1 X-17.527 Y24.86 Z132.075 E48.80699
G1 X-19.584 Y23.273 Z132.089 E50.02877
G1 X-21.508 Y21.508 Z132.102 E51.25661
G1 X-23.27 Y19.59 Z132.116 E52.48143
G1 X-24.868 Y17.533 Z132.129 E53.70638
G1 X-26.274 Y15.328 Z132.143 E54.93619
G1 X-27.489 Y13.024 Z132.157 E56.16112
G1 X-28.511 Y10.629 Z132.17 E57.38568
G1 X-29.18 Y8.568 Z132.182 E58.40469
G1 X-29.733 Y6.461 Z132.193 E59.42911
G1 X-30.104 Y4.323 Z132.205 E60.44957
G1 X-30.343 Y2.169 Z132.216 E61.46875
G1 X-30.408 Y0.00 Z132.227 E62.48922
G1 X-30.343 Y-2.168 Z132.239 E63.50923
G1 X-30.104 Y-4.323 Z132.25 E64.52887
G1 X-29.806 Y-6.039 Z132.259 E65.34794
G1 X-29.309 Y-8.153 Z132.27 E66.36919
G1 X-28.645 Y-10.215 Z132.282 E67.38793
G1 X-27.851 Y-12.253 Z132.293 E68.4165
G1 X-26.89 Y-14.205 Z132.305 E69.43969
G1 X-26.048 Y-15.698 Z132.314 E70.24576
G1 X-24.865 Y-17.531 Z132.325 E71.2717
G1 X-23.278 Y-19.588 Z132.339 E72.49349
G1 X-21.512 Y-21.512 Z132.352 E73.72165
G1 X-19.594 Y-23.274 Z132.366 E74.94647
G1 X-17.533 Y-24.868 Z132.38 E76.17175
G1 X-15.331 Y-26.28 Z132.393 E77.40189
G1 X-13.027 Y-27.495 Z132.407 E78.62682
G1 X-10.629 Y-28.511 Z132.42 E79.85157
G1 X-8.568 Y-29.18 Z132.432 E80.87058
G1 X-6.461 Y-29.733 Z132.443 E81.895
G1 X-4.323 Y-30.104 Z132.455 E82.91547
G1 X-2.169 Y-30.349 Z132.466 E83.93496
G1 X0.00 Y-30.412 Z132.477 E84.95541
G1 X2.169 Y-30.35 Z132.489 E85.97584
G1 X4.323 Y-30.104 Z132.5 E86.99539
;TIME_ELAPSED:778.147509
;LAYER:132
;note -- min layer time used
;TYPE:WALL-OUTER
;MESH:rouleau_cylindrical_vase_3mm_large_v1.stl
G1 F2293.2 X6.039 Y-29.806 Z132.509 E87.81445
G1 X8.155 Y-29.314 Z132.52 E88.83608
G1 X10.215 Y-28.645 Z132.532 E89.85465
G1 X12.253 Y-27.851 Z132.543 E90.88323
G1 X14.205 Y-26.89 Z132.555 E91.90641
G1 X15.698 Y-26.048 Z132.564 E92.71248
G1 X17.533 Y-24.868 Z132.575 E93.73845
G1 X19.591 Y-23.281 Z132.589 E94.96061
G1 X21.515 Y-21.514 Z132.602 E96.18909
G1 X23.277 Y-19.596 Z132.616 E97.4139
G1 X24.868 Y-17.533 Z132.63 E98.63907
G1 X26.282 Y-15.332 Z132.643 E99.86933
G1 X27.497 Y-13.028 Z132.657 E101.09426
G1 X28.511 Y-10.629 Z132.671 E102.31907
G1 X29.18 Y-8.568 Z132.682 E103.33808
G1 X29.733 Y-6.461 Z132.693 E104.3625
G1 X30.104 Y-4.323 Z132.705 E105.38297
G1 X30.35 Y-2.169 Z132.716 E106.40251
G1 X30.412 Y0.00 Z132.727 E107.42294
G1 X30.35 Y2.169 Z132.739 E108.44338
G1 X30.104 Y4.323 Z132.75 E109.46293
G1 X29.806 Y6.039 Z132.759 E110.28199
G1 X29.314 Y8.155 Z132.77 E111.30362
G1 X28.645 Y10.215 Z132.782 E112.32219
G1 X27.851 Y12.253 Z132.793 E113.35077
G1 X26.89 Y14.205 Z132.805 E114.37395
G1 X26.051 Y15.692 Z132.814 E115.17687
G1 X24.868 Y17.533 Z132.825 E116.20598
G1 X23.281 Y19.591 Z132.839 E117.42813
G1 X21.514 Y21.515 Z132.852 E118.65661
G1 X19.596 Y23.277 Z132.866 E119.88143
G1 X17.533 Y24.868 Z132.88 E121.10659
G1 X15.332 Y26.282 Z132.893 E122.33685
G1 X13.028 Y27.497 Z132.907 E123.56178
G1 X10.629 Y28.511 Z132.921 E124.7866
G1 X8.568 Y29.18 Z132.932 E125.80561
G1 X6.461 Y29.733 Z132.943 E126.83003
G1 X4.323 Y30.104 Z132.955 E127.85049
G1 X2.169 Y30.35 Z132.966 E128.87004
G1 X0.00 Y30.412 Z132.977 E129.89047
G1 X-2.169 Y30.35 Z132.989 E130.9109
G1 X-4.323 Y30.104 Z133 E131.93045
G1 X-6.039 Y29.806 Z133.009 E132.74951
G1 X-8.155 Y29.314 Z133.02 E133.77115
G1 X-10.215 Y28.645 Z133.032 E134.78971
G1 X-12.253 Y27.851 Z133.043 E135.81829
G1 X-14.205 Y26.89 Z133.055 E136.84148
G1 X-15.698 Y26.048 Z133.064 E137.64755
G1 X-17.533 Y24.868 Z133.075 E138.67352
G1 X-19.591 Y23.281 Z133.089 E139.89567
G1 X-21.515 Y21.514 Z133.102 E141.12415
G1 X-23.277 Y19.596 Z133.116 E142.34897
G1 X-24.868 Y17.533 Z133.13 E143.57413
G1 X-26.282 Y15.332 Z133.143 E144.80439
G1 X-27.497 Y13.028 Z133.157 E146.02932
G1 X-28.511 Y10.629 Z133.171 E147.25414
G1 X-29.18 Y8.568 Z133.182 E148.27315
G1 X-29.733 Y6.461 Z133.193 E149.29757
G1 X-30.104 Y4.323 Z133.205 E150.31803
G1 X-30.35 Y2.169 Z133.216 E151.33758
G1 X-30.412 Y0.00 Z133.227 E152.35801
G1 X-30.35 Y-2.169 Z133.239 E153.37844
G1 X-30.104 Y-4.323 Z133.25 E154.39799
G1 X-29.806 Y-6.039 Z133.259 E155.21705
G1 X-29.314 Y-8.155 Z133.27 E156.23869
G1 X-28.645 Y-10.215 Z133.282 E157.25725
G1 X-27.851 Y-12.253 Z133.293 E158.28583
G1 X-26.89 Y-14.205 Z133.305 E159.30902
G1 X-26.048 Y-15.698 Z133.314 E160.11509
G1 X-24.868 Y-17.533 Z133.325 E161.14106
G1 X-23.281 Y-19.591 Z133.339 E162.36321
G1 X-21.514 Y-21.515 Z133.352 E163.59169
G1 X-19.596 Y-23.277 Z133.366 E164.81651
G1 X-17.533 Y-24.868 Z133.38 E166.04167
G1 X-15.332 Y-26.282 Z133.393 E167.27193
G1 X-13.028 Y-27.497 Z133.407 E168.49686
G1 X-10.629 Y-28.511 Z133.421 E169.72168
G1 X-8.568 Y-29.18 Z133.432 E170.74069
G1 X-6.461 Y-29.733 Z133.443 E171.7651
G1 X-4.323 Y-30.104 Z133.455 E172.78557
G1 X-2.169 Y-30.35 Z133.466 E173.80512
G1 X0.00 Y-30.412 Z133.477 E174.82555
G1 X2.169 Y-30.35 Z133.489 E175.84598
G1 X4.323 Y-30.104 Z133.5 E176.86553
;TIME_ELAPSED:783.156516
;LAYER:133
;note -- min layer time used
;TYPE:WALL-OUTER
;MESH:rouleau_cylindrical_vase_3mm_large_v1.stl
G1 X6.039 Y-29.806 Z133.509 E177.68459
G1 X8.155 Y-29.314 Z133.52 E178.70623
G1 X10.215 Y-28.645 Z133.532 E179.72479
G1 X12.253 Y-27.851 Z133.543 E180.75337
G1 X14.205 Y-26.89 Z133.555 E181.77655
G1 X15.698 Y-26.048 Z133.564 E182.58263
G1 X17.533 Y-24.868 Z133.575 E183.60859
G1 X19.591 Y-23.281 Z133.589 E184.83075
G1 X21.515 Y-21.514 Z133.602 E186.05923
G1 X23.277 Y-19.596 Z133.616 E187.28405
G1 X24.868 Y-17.533 Z133.63 E188.50921
G1 X26.282 Y-15.332 Z133.643 E189.73947
G1 X27.497 Y-13.028 Z133.657 E190.9644
G1 X28.511 Y-10.629 Z133.671 E192.18922
G1 X29.18 Y-8.568 Z133.682 E193.20823
G1 X29.733 Y-6.461 Z133.693 E194.23264
G1 X30.104 Y-4.323 Z133.705 E195.25311
G1 X30.35 Y-2.169 Z133.716 E196.27266
G1 X30.412 Y0.00 Z133.727 E197.29309
G1 X30.35 Y2.169 Z133.739 E198.31352
G1 X30.104 Y4.323 Z133.75 E199.33307
G1 X29.806 Y6.039 Z133.759 E200.15213
G1 X29.314 Y8.155 Z133.77 E201.17377
G1 X28.645 Y10.215 Z133.782 E202.19233
G1 X27.851 Y12.253 Z133.793 E203.22091
G1 X26.89 Y14.205 Z133.805 E204.24409
G1 X26.051 Y15.692 Z133.814 E205.04702
G1 X24.868 Y17.533 Z133.825 E206.07612
G1 X23.281 Y19.591 Z133.839 E207.29828
G1 X21.514 Y21.515 Z133.852 E208.52676
G1 X19.596 Y23.277 Z133.866 E209.75157
G1 X17.533 Y24.868 Z133.88 E210.97674
G1 X15.332 Y26.282 Z133.893 E212.20699
G1 X13.028 Y27.497 Z133.907 E213.43192
G1 X10.629 Y28.511 Z133.921 E214.65674
G1 X8.568 Y29.18 Z133.932 E215.67575
G1 X6.461 Y29.733 Z133.943 E216.70017
G1 X4.323 Y30.104 Z133.955 E217.72063
G1 X2.169 Y30.35 Z133.966 E218.74018
G1 X0.00 Y30.412 Z133.977 E219.76061
G1 X-2.169 Y30.35 Z133.989 E220.78105
G1 X-4.323 Y30.104 Z134 E221.80059
G1 X-6.039 Y29.806 Z134.009 E222.61965
G1 X-8.155 Y29.314 Z134.02 E223.64129
G1 X-10.215 Y28.645 Z134.032 E224.65986
G1 X-12.253 Y27.851 Z134.043 E225.68843
G1 X-14.205 Y26.89 Z134.055 E226.71162
G1 X-15.698 Y26.048 Z134.064 E227.51769
G1 X-17.533 Y24.868 Z134.075 E228.54366
G1 X-19.591 Y23.281 Z134.089 E229.76581
G1 X-21.515 Y21.514 Z134.102 E230.9943
G1 X-23.277 Y19.596 Z134.116 E232.21911
G1 X-24.868 Y17.533 Z134.13 E233.44428
G1 X-26.282 Y15.332 Z134.143 E234.67453
G1 X-27.497 Y13.028 Z134.157 E235.89946
G1 X-28.511 Y10.629 Z134.171 E237.12428
G1 X-29.18 Y8.568 Z134.182 E238.14329
G1 X-29.733 Y6.461 Z134.193 E239.16771
G1 X-30.104 Y4.323 Z134.205 E240.18817
G1 X-30.35 Y2.169 Z134.216 E241.20772
G1 X-30.412 Y0.00 Z134.227 E242.22815
G1 X-30.35 Y-2.169 Z134.239 E243.24859
G1 X-30.104 Y-4.323 Z134.25 E244.26813
G1 X-29.806 Y-6.039 Z134.259 E245.08719
G1 X-29.314 Y-8.155 Z134.27 E246.10883
G1 X-28.645 Y-10.215 Z134.282 E247.12739
G1 X-27.851 Y-12.253 Z134.293 E248.15597
G1 X-26.89 Y-14.205 Z134.305 E249.17916
G1 X-26.048 Y-15.698 Z134.314 E249.98523
G1 X-24.868 Y-17.533 Z134.325 E251.0112
G1 X-23.281 Y-19.591 Z134.339 E252.23335
G1 X-21.514 Y-21.515 Z134.352 E253.46184
G1 X-19.596 Y-23.277 Z134.366 E254.68665
G1 X-17.533 Y-24.868 Z134.38 E255.91182
G1 X-15.332 Y-26.282 Z134.393 E257.14207
G1 X-13.028 Y-27.497 Z134.407 E258.367
G1 X-10.629 Y-28.511 Z134.421 E259.59182
G1 X-8.568 Y-29.18 Z134.432 E260.61083
G1 X-6.461 Y-29.733 Z134.443 E261.63525
G1 X-4.323 Y-30.104 Z134.455 E262.65571
G1 X-2.169 Y-30.35 Z134.466 E263.67526
G1 X0.00 Y-30.412 Z134.477 E264.69569
G1 X2.169 Y-30.35 Z134.489 E265.71613
G1 X4.323 Y-30.104 Z134.5 E266.73567
;TIME_ELAPSED:788.165522
;LAYER:134
;note -- min layer time used
;TYPE:WALL-OUTER
;MESH:rouleau_cylindrical_vase_3mm_large_v1.stl
G1 X6.039 Y-29.806 Z134.509 E267.55473
G1 X8.155 Y-29.314 Z134.52 E268.57637
G1 X10.215 Y-28.645 Z134.532 E269.59493
G1 X12.253 Y-27.851 Z134.543 E270.62351
G1 X14.205 Y-26.89 Z134.555 E271.6467
G1 X15.698 Y-26.048 Z134.564 E272.45277
G1 X17.533 Y-24.868 Z134.575 E273.47874
G1 X19.591 Y-23.281 Z134.589 E274.70089
G1 X21.515 Y-21.514 Z134.602 E275.92937
G1 X23.277 Y-19.596 Z134.616 E277.15419
G1 X24.868 Y-17.533 Z134.63 E278.37936
G1 X26.282 Y-15.332 Z134.643 E279.60961
G1 X27.497 Y-13.028 Z134.657 E280.83454
G1 X28.511 Y-10.629 Z134.671 E282.05936
G1 X29.18 Y-8.568 Z134.682 E283.07837
G1 X29.733 Y-6.461 Z134.693 E284.10279
G1 X30.104 Y-4.323 Z134.705 E285.12325
G1 X30.35 Y-2.169 Z134.716 E286.1428
G1 X30.412 Y0.00 Z134.727 E287.16323
G1 X30.35 Y2.169 Z134.739 E288.18366
G1 X30.104 Y4.323 Z134.75 E289.20321
G1 X29.806 Y6.039 Z134.759 E290.02227
G1 X29.314 Y8.155 Z134.77 E291.04391
G1 X28.645 Y10.215 Z134.782 E292.06247
G1 X27.851 Y12.253 Z134.793 E293.09105
G1 X26.89 Y14.205 Z134.805 E294.11424
G1 X26.051 Y15.692 Z134.814 E294.91716
G1 X24.868 Y17.533 Z134.825 E295.94626
G1 X23.281 Y19.591 Z134.839 E297.16842
G1 X21.514 Y21.515 Z134.852 E298.3969
G1 X19.596 Y23.277 Z134.866 E299.62171
G1 X17.533 Y24.868 Z134.88 E300.84688
G1 X15.332 Y26.282 Z134.893 E302.07714
G1 X13.028 Y27.497 Z134.907 E303.30207
G1 X10.629 Y28.511 Z134.921 E304.52688
G1 X8.568 Y29.18 Z134.932 E305.54589
G1 X6.461 Y29.733 Z134.943 E306.57031
G1 X4.323 Y30.104 Z134.955 E307.59078
G1 X2.169 Y30.35 Z134.966 E308.61032
G1 X0.00 Y30.412 Z134.977 E309.63076
G1 X-2.169 Y30.35 Z134.989 E310.65119
G1 X-4.323 Y30.104 Z135 E311.67074
G1 X-6.039 Y29.806 Z135.009 E312.4898
G1 X-8.155 Y29.314 Z135.02 E313.51143
G1 X-10.215 Y28.645 Z135.032 E314.53
G1 X-12.253 Y27.851 Z135.043 E315.55858
G1 X-14.205 Y26.89 Z135.055 E316.58176
G1 X-15.698 Y26.048 Z135.064 E317.38783
G1 X-17.533 Y24.868 Z135.075 E318.4138
G1 X-19.591 Y23.281 Z135.089 E319.63596
G1 X-21.515 Y21.514 Z135.102 E320.86444
G1 X-23.277 Y19.596 Z135.116 E322.08925
G1 X-24.868 Y17.533 Z135.13 E323.31442
G1 X-26.282 Y15.332 Z135.143 E324.54468
G1 X-27.497 Y13.028 Z135.157 E325.76961
G1 X-28.511 Y10.629 Z135.171 E326.99442
G1 X-29.18 Y8.568 Z135.182 E328.01343
G1 X-29.733 Y6.461 Z135.193 E329.03785
G1 X-30.104 Y4.323 Z135.205 E330.05832
G1 X-30.35 Y2.169 Z135.216 E331.07786
G1 X-30.412 Y0.00 Z135.227 E332.09829
G1 X-30.35 Y-2.169 Z135.239 E333.11873
G1 X-30.104 Y-4.323 Z135.25 E334.13828
G1 X-29.806 Y-6.039 Z135.259 E334.95734
G1 X-29.314 Y-8.155 Z135.27 E335.97897
G1 X-28.645 Y-10.215 Z135.282 E336.99754
G1 X-27.851 Y-12.253 Z135.293 E338.02612
G1 X-26.89 Y-14.205 Z135.305 E339.0493
G1 X-26.048 Y-15.698 Z135.314 E339.85537
G1 X-24.868 Y-17.533 Z135.325 E340.88134
G1 X-23.281 Y-19.591 Z135.339 E342.1035
G1 X-21.514 Y-21.515 Z135.352 E343.33198
G1 X-19.596 Y-23.277 Z135.366 E344.55679
G1 X-17.533 Y-24.868 Z135.38 E345.78196
G1 X-15.332 Y-26.282 Z135.393 E347.01222
G1 X-13.028 Y-27.497 Z135.407 E348.23715
G1 X-10.629 Y-28.511 Z135.421 E349.46196
G1 X-8.568 Y-29.18 Z135.432 E350.48097
G1 X-6.461 Y-29.733 Z135.443 E351.50539
G1 X-4.323 Y-30.104 Z135.455 E352.52586
G1 X-2.169 Y-30.35 Z135.466 E353.5454
G1 X0.00 Y-30.412 Z135.477 E354.56583
G1 X2.169 Y-30.35 Z135.489 E355.58627
G1 X4.323 Y-30.104 Z135.5 E356.60581
;TIME_ELAPSED:793.174529
;LAYER:135
;note -- min layer time used
;TYPE:WALL-OUTER
;MESH:rouleau_cylindrical_vase_3mm_large_v1.stl
G1 X6.039 Y-29.806 Z135.509 E357.42488
G1 X8.155 Y-29.314 Z135.52 E358.44651
G1 X10.215 Y-28.645 Z135.532 E359.46508
G1 X12.253 Y-27.851 Z135.543 E360.49365
G1 X14.205 Y-26.89 Z135.555 E361.51684
G1 X15.698 Y-26.048 Z135.564 E362.32291
G1 X17.533 Y-24.868 Z135.575 E363.34888
G1 X19.591 Y-23.281 Z135.589 E364.57104
G1 X21.515 Y-21.514 Z135.602 E365.79952
G1 X23.277 Y-19.596 Z135.616 E367.02433
G1 X24.868 Y-17.533 Z135.63 E368.2495
G1 X26.282 Y-15.332 Z135.643 E369.47975
G1 X27.497 Y-13.028 Z135.657 E370.70468
G1 X28.511 Y-10.629 Z135.671 E371.9295
G1 X29.18 Y-8.568 Z135.682 E372.94851
G1 X29.733 Y-6.461 Z135.693 E373.97293
G1 X30.104 Y-4.323 Z135.705 E374.99339
G1 X30.35 Y-2.169 Z135.716 E376.01294
G1 X30.412 Y0.00 Z135.727 E377.03337
G1 X30.35 Y2.169 Z135.739 E378.05381
G1 X30.104 Y4.323 Z135.75 E379.07335
G1 X29.806 Y6.039 Z135.759 E379.89242
G1 X29.314 Y8.155 Z135.77 E380.91405
G1 X28.645 Y10.215 Z135.782 E381.93262
G1 X27.851 Y12.253 Z135.793 E382.96119
G1 X26.89 Y14.205 Z135.805 E383.98438
G1 X26.051 Y15.692 Z135.814 E384.7873
G1 X24.868 Y17.533 Z135.825 E385.81641
G1 X23.281 Y19.591 Z135.839 E387.03856
G1 X21.514 Y21.515 Z135.852 E388.26704
G1 X19.596 Y23.277 Z135.866 E389.49186
G1 X17.533 Y24.868 Z135.88 E390.71702
G1 X15.332 Y26.282 Z135.893 E391.94728
G1 X13.028 Y27.497 Z135.907 E393.17221
G1 X10.629 Y28.511 Z135.921 E394.39703
G1 X8.568 Y29.18 Z135.932 E395.41604
G1 X6.461 Y29.733 Z135.943 E396.44045
G1 X4.323 Y30.104 Z135.955 E397.46092
G1 X2.169 Y30.35 Z135.966 E398.48047
G1 X0.00 Y30.412 Z135.977 E399.5009
G1 X-2.169 Y30.35 Z135.989 E400.52133
G1 X-4.323 Y30.104 Z136 E401.54088
G1 X-6.039 Y29.806 Z136.009 E402.35994
G1 X-8.155 Y29.314 Z136.02 E403.38158
G1 X-10.215 Y28.645 Z136.032 E404.40014
G1 X-12.253 Y27.851 Z136.043 E405.42872
G1 X-14.205 Y26.89 Z136.055 E406.4519
G1 X-15.698 Y26.048 Z136.064 E407.25798
G1 X-17.533 Y24.868 Z136.075 E408.28394
G1 X-19.591 Y23.281 Z136.089 E409.5061
G1 X-21.515 Y21.514 Z136.102 E410.73458
G1 X-23.277 Y19.596 Z136.116 E411.9594
G1 X-24.868 Y17.533 Z136.13 E413.18456
G1 X-26.282 Y15.332 Z136.143 E414.41482
G1 X-27.497 Y13.028 Z136.157 E415.63975
G1 X-28.511 Y10.629 Z136.171 E416.86457
G1 X-29.18 Y8.568 Z136.182 E417.88358
G1 X-29.733 Y6.461 Z136.193 E418.90799
G1 X-30.104 Y4.323 Z136.205 E419.92846
G1 X-30.35 Y2.169 Z136.216 E420.948
G1 X-30.412 Y0.00 Z136.227 E421.96844
G1 X-30.35 Y-2.169 Z136.239 E422.98887
G1 X-30.104 Y-4.323 Z136.25 E424.00842
G1 X-29.806 Y-6.039 Z136.259 E424.82748
G1 X-29.314 Y-8.155 Z136.27 E425.84912
G1 X-28.645 Y-10.215 Z136.282 E426.86768
G1 X-27.851 Y-12.253 Z136.293 E427.89626
G1 X-26.89 Y-14.205 Z136.305 E428.91944
G1 X-26.048 Y-15.698 Z136.314 E429.72552
G1 X-24.868 Y-17.533 Z136.325 E430.75148
G1 X-23.281 Y-19.591 Z136.339 E431.97364
G1 X-21.514 Y-21.515 Z136.352 E433.20212
G1 X-19.596 Y-23.277 Z136.366 E434.42694
G1 X-17.533 Y-24.868 Z136.38 E435.6521
G1 X-15.332 Y-26.282 Z136.393 E436.88236
G1 X-13.028 Y-27.497 Z136.407 E438.10729
G1 X-10.629 Y-28.511 Z136.421 E439.33211
G1 X-8.568 Y-29.18 Z136.432 E440.35112
G1 X-6.461 Y-29.733 Z136.443 E441.37553
G1 X-4.323 Y-30.104 Z136.455 E442.396
G1 X-2.169 Y-30.35 Z136.466 E443.41554
G1 X0.00 Y-30.412 Z136.477 E444.43598
G1 X2.169 Y-30.35 Z136.489 E445.45641
G1 X4.323 Y-30.104 Z136.5 E446.47596
;TIME_ELAPSED:798.183536
;LAYER:136
;note -- min layer time used
;TYPE:WALL-OUTER
;MESH:rouleau_cylindrical_vase_3mm_large_v1.stl
G1 F2293 X6.039 Y-29.806 Z136.509 E447.29502
G1 X7.738 Y-29.411 Z136.518 E448.11532
G1 X9.793 Y-28.783 Z136.529 E449.12584
G1 X12.253 Y-27.851 Z136.543 E450.36295
G1 X14.205 Y-26.89 Z136.555 E451.38613
G1 X15.698 Y-26.048 Z136.564 E452.19221
G1 X17.533 Y-24.868 Z136.575 E453.21818
G1 X19.591 Y-23.281 Z136.589 E454.44033
G1 X21.515 Y-21.514 Z136.602 E455.66881
G1 X23.277 Y-19.596 Z136.616 E456.89363
G1 X24.868 Y-17.533 Z136.63 E458.11879
G1 X26.282 Y-15.332 Z136.643 E459.34905
G1 X27.497 Y-13.028 Z136.657 E460.57398
G1 X28.338 Y-11.037 Z136.668 E461.59039
G1 X28.918 Y-9.38 Z136.677 E462.41598
G1 X29.4 Y-7.736 Z136.686 E463.22165
G1 X29.806 Y-6.039 Z136.695 E464.04222
G1 X30.104 Y-4.323 Z136.705 E464.86129
G1 X30.349 Y-2.17 Z136.716 E465.88031
G1 X30.411 Y-0.001 Z136.727 E466.90075
G1 X30.35 Y2.169 Z136.739 E467.92164
G1 X30.104 Y4.323 Z136.75 E468.94118
G1 X29.806 Y6.039 Z136.759 E469.76024
G1 X29.411 Y7.738 Z136.768 E470.58054
G1 X28.788 Y9.795 Z136.779 E471.59128
G1 X27.851 Y12.253 Z136.793 E472.82835
G1 X26.89 Y14.205 Z136.805 E473.85153
G1 X26.051 Y15.692 Z136.814 E474.65445
G1 X24.868 Y17.533 Z136.825 E475.68356
G1 X23.281 Y19.591 Z136.839 E476.90571
G1 X21.514 Y21.515 Z136.852 E478.13419
G1 X19.596 Y23.277 Z136.866 E479.35901
G1 X17.533 Y24.868 Z136.88 E480.58418
G1 X15.332 Y26.282 Z136.893 E481.81443
G1 X13.028 Y27.497 Z136.907 E483.03936
G1 X11.037 Y28.338 Z136.918 E484.05577
G1 X9.38 Y28.921 Z136.927 E484.88183
G1 X7.737 Y29.403 Z136.936 E485.68705
G1 X6.039 Y29.806 Z136.945 E486.50775
G1 X4.323 Y30.104 Z136.955 E487.32682
G1 X2.17 Y30.349 Z136.966 E488.34584
G1 X0.001 Y30.411 Z136.977 E489.36627
G1 X-2.169 Y30.35 Z136.989 E490.38717
G1 X-4.323 Y30.104 Z137 E491.40671
G1 X-6.038 Y29.805 Z137.009 E492.22539
G1 X-7.738 Y29.41 Z137.018 E493.04615
G1 X-9.797 Y28.794 Z137.029 E494.05684
G1 X-12.252 Y27.85 Z137.043 E495.29376
G1 X-14.204 Y26.889 Z137.055 E496.31695
G1 X-15.697 Y26.047 Z137.064 E497.12302
G1 X-17.532 Y24.867 Z137.075 E498.14899
G1 X-19.59 Y23.28 Z137.089 E499.37114
G1 X-21.514 Y21.513 Z137.102 E500.59963
G1 X-23.276 Y19.595 Z137.116 E501.82444
G1 X-24.867 Y17.532 Z137.13 E503.04961
G1 X-26.281 Y15.331 Z137.143 E504.27986
G1 X-27.496 Y13.027 Z137.157 E505.50479
G1 X-28.337 Y11.036 Z137.168 E506.5212
G1 X-28.925 Y9.376 Z137.177 E507.34938
G1 X-29.406 Y7.737 Z137.186 E508.15266
G1 X-29.805 Y6.038 Z137.195 E508.97338
G1 X-30.103 Y4.322 Z137.205 E509.79245
G1 X-30.349 Y2.169 Z137.216 E510.81153
G1 X-30.411 Y0.00 Z137.227 E511.83196
G1 X-30.349 Y-2.169 Z137.239 E512.85239
G1 X-30.103 Y-4.322 Z137.25 E513.87147
G1 X-29.805 Y-6.038 Z137.259 E514.69053
G1 X-29.41 Y-7.738 Z137.268 E515.51129
G1 X-28.8 Y-9.799 Z137.279 E516.52208
G1 X-27.85 Y-12.252 Z137.293 E517.75914
G1 X-26.889 Y-14.204 Z137.305 E518.78233
G1 X-26.047 Y-15.697 Z137.314 E519.5884
G1 X-24.867 Y-17.532 Z137.325 E520.61437
G1 X-23.28 Y-19.59 Z137.339 E521.83652
G1 X-21.513 Y-21.514 Z137.352 E523.065
G1 X-19.595 Y-23.276 Z137.366 E524.28982
G1 X-17.532 Y-24.867 Z137.38 E525.51498
G1 X-15.331 Y-26.281 Z137.393 E526.74524
G1 X-13.027 Y-27.496 Z137.407 E527.97017
G1 X-11.036 Y-28.337 Z137.418 E528.98658
G1 X-9.382 Y-28.927 Z137.427 E529.81241
G1 X-7.738 Y-29.409 Z137.436 E530.61808
G1 X-6.038 Y-29.805 Z137.445 E531.43894
G1 X-4.322 Y-30.103 Z137.455 E532.25801
G1 X-2.169 Y-30.349 Z137.466 E533.27709
G1 X0.00 Y-30.411 Z137.477 E534.29752
G1 X2.169 Y-30.349 Z137.489 E535.31795
G1 X4.322 Y-30.103 Z137.5 E536.33703
;TIME_ELAPSED:803.192541
;LAYER:137
;note -- min layer time used
;TYPE:WALL-OUTER
;MESH:rouleau_cylindrical_vase_3mm_large_v1.stl
G1 F2291.8 X6.467 Y-29.706 Z137.511 E537.36289
G1 X8.558 Y-29.17 Z137.523 E538.37802
G1 X10.235 Y-28.635 Z137.532 E539.20583
G1 X12.243 Y-27.853 Z137.543 E540.21921
G1 X14.196 Y-26.892 Z137.555 E541.24282
G1 X15.694 Y-26.047 Z137.564 E542.05163
G1 X17.168 Y-25.1 Z137.573 E542.87554
G1 X18.554 Y-24.078 Z137.582 E543.68537
G1 X19.92 Y-22.975 Z137.591 E544.51104
G1 X21.512 Y-21.512 Z137.602 E545.52783
G1 X22.973 Y-19.92 Z137.614 E546.54398
G1 X24.077 Y-18.554 Z137.623 E547.36994
G1 X25.097 Y-17.168 Z137.632 E548.17922
G1 X26.043 Y-15.694 Z137.641 E549.00287
G1 X26.88 Y-14.191 Z137.65 E549.8119
G1 X27.66 Y-12.63 Z137.659 E550.63253
G1 X28.336 Y-11.026 Z137.668 E551.4511
G1 X29.046 Y-8.978 Z137.68 E552.47045
G1 X29.608 Y-6.876 Z137.691 E553.49368
G1 X30.029 Y-4.747 Z137.702 E554.51427
G1 X30.344 Y-2.165 Z137.716 E555.73751
G1 X30.405 Y-0.001 Z137.727 E556.75558
G1 X30.344 Y2.168 Z137.739 E557.776
G1 X30.097 Y4.321 Z137.75 E558.79513
G1 X29.706 Y6.467 Z137.761 E559.82095
G1 X29.167 Y8.557 Z137.773 E560.83597
G1 X28.63 Y10.233 Z137.782 E561.66361
G1 X27.848 Y12.241 Z137.793 E562.677
G1 X26.887 Y14.193 Z137.805 E563.70018
G1 X26.041 Y15.692 Z137.814 E564.50964
G1 X25.095 Y17.165 Z137.823 E565.3329
G1 X24.076 Y18.553 Z137.832 E566.14265
G1 X22.971 Y19.916 Z137.841 E566.96781
G1 X21.508 Y21.509 Z137.852 E567.98495
G1 X19.917 Y22.97 Z137.864 E569.00075
G1 X18.552 Y24.075 Z137.873 E569.82664
G1 X17.165 Y25.093 Z137.882 E570.63574
G1 X15.691 Y26.039 Z137.891 E571.4594
G1 X14.19 Y26.878 Z137.9 E572.26806
G1 X12.627 Y27.654 Z137.909 E573.0887
G1 X11.024 Y28.331 Z137.918 E573.90701
G1 X8.978 Y29.047 Z137.93 E574.9264
G1 X6.876 Y29.606 Z137.941 E575.94927
G1 X4.747 Y30.029 Z137.952 E576.97004
G1 X2.165 Y30.338 Z137.966 E578.19295
G1 X0.001 Y30.399 Z137.977 E579.21102
G1 X-2.168 Y30.338 Z137.989 E580.23144
G1 X-4.32 Y30.091 Z138 E581.2501
G1 X-6.468 Y29.707 Z138.011 E582.27626
G1 X-8.556 Y29.164 Z138.023 E583.29084
G1 X-10.231 Y28.625 Z138.032 E584.11832
G1 X-12.239 Y27.842 Z138.043 E585.13188
G1 X-14.191 Y26.882 Z138.055 E586.15486
G1 X-15.689 Y26.037 Z138.064 E586.96367
G1 X-17.162 Y25.09 Z138.073 E587.78719
G1 X-18.551 Y24.073 Z138.082 E588.59676
G1 X-19.913 Y22.967 Z138.091 E589.42185
G1 X-21.505 Y21.505 Z138.102 E590.43832
G1 X-22.966 Y19.913 Z138.114 E591.45448
G1 X-24.072 Y18.551 Z138.123 E592.27957
G1 X-25.088 Y17.162 Z138.132 E593.08887
G1 X-26.034 Y15.688 Z138.141 E593.91252
G1 X-26.876 Y14.189 Z138.15 E594.72106
G1 X-27.649 Y12.625 Z138.159 E595.54149
G1 X-28.326 Y11.022 Z138.168 E596.3598
G1 X-29.047 Y8.978 Z138.18 E597.37909
G1 X-29.603 Y6.875 Z138.191 E598.40205
G1 X-30.03 Y4.747 Z138.202 E599.42273
G1 X-30.333 Y2.164 Z138.216 E600.64577
G1 X-30.394 Y0.00 Z138.227 E601.66383
G1 X-30.332 Y-2.167 Z138.239 E602.68333
G1 X-30.086 Y-4.32 Z138.25 E603.70241
G1 X-29.707 Y-6.468 Z138.261 E604.72815
G1 X-29.162 Y-8.556 Z138.273 E605.74297
G1 X-28.62 Y-10.229 Z138.282 E606.56999
G1 X-27.837 Y-12.237 Z138.293 E607.58355
G1 X-26.877 Y-14.189 Z138.305 E608.60653
G1 X-26.032 Y-15.686 Z138.314 E609.41493
G1 X-25.085 Y-17.159 Z138.323 E610.23845
G1 X-24.071 Y-18.549 Z138.332 E611.04757
G1 X-22.963 Y-19.909 Z138.341 E611.87253
G1 X-21.501 Y-21.501 Z138.352 E612.88899
G1 X-19.909 Y-22.962 Z138.364 E613.90515
G1 X-18.549 Y-24.07 Z138.373 E614.7301
G1 X-17.159 Y-25.083 Z138.382 E615.53895
G1 X-15.685 Y-26.03 Z138.391 E616.36286
G1 X-14.188 Y-26.874 Z138.4 E617.17103
G1 X-12.623 Y-27.644 Z138.409 E617.99126
G1 X-11.02 Y-28.321 Z138.418 E618.80958
G1 X-8.978 Y-29.048 Z138.43 E619.82892
G1 X-6.874 Y-29.601 Z138.441 E620.85197
G1 X-4.747 Y-30.03 Z138.452 E621.87238
G1 X-2.164 Y-30.327 Z138.466 E623.09509
G1 X0.00 Y-30.388 Z138.477 E624.11316
G1 X2.166 Y-30.326 Z138.489 E625.13218
G1 X4.319 Y-30.08 Z138.5 E626.15126
;TIME_ELAPSED:808.201542
;LAYER:138
;note -- min layer time used
;TYPE:WALL-OUTER
;MESH:rouleau_cylindrical_vase_3mm_large_v1.stl
G1 F2277 X5.189 Y-29.929 Z138.505 E626.56652
G1 X7.28 Y-29.493 Z138.516 E627.571
G1 X9.275 Y-28.923 Z138.527 E628.54673
G1 X10.208 Y-28.618 Z138.532 E629.00834
G1 X11.827 Y-27.988 Z138.541 E629.82532
G1 X13.401 Y-27.254 Z138.55 E630.64206
G1 X15.314 Y-26.232 Z138.562 E631.66202
G1 X17.143 Y-25.082 Z138.573 E632.67804
G1 X18.544 Y-24.063 Z138.582 E633.49273
G1 X20.225 Y-22.66 Z138.594 E634.52241
G1 X22.084 Y-20.851 Z138.607 E635.74225
G1 X23.791 Y-18.876 Z138.621 E636.96987
G1 X25.074 Y-17.145 Z138.633 E637.98313
G1 X26.015 Y-15.68 Z138.642 E638.80196
G1 X26.859 Y-14.183 Z138.651 E639.61013
G1 X27.802 Y-12.215 Z138.662 E640.63638
G1 X28.744 Y-9.793 Z138.676 E641.85849
G1 X29.362 Y-7.721 Z138.687 E642.87531
G1 X29.755 Y-6.026 Z138.697 E643.69357
G1 X30.114 Y-3.889 Z138.708 E644.71262
G1 X30.318 Y-1.716 Z138.72 E645.73901
G1 X30.366 Y-0.002 Z138.729 E646.54537
G1 X30.317 Y1.716 Z138.738 E647.35362
G1 X30.159 Y3.461 Z138.747 E648.1776
G1 X29.909 Y5.186 Z138.756 E648.99729
G1 X29.476 Y7.275 Z138.767 E650.00057
G1 X28.904 Y9.269 Z138.778 E650.97611
G1 X28.596 Y10.201 Z138.783 E651.43771
G1 X27.966 Y11.818 Z138.793 E652.25382
G1 X27.237 Y13.393 Z138.802 E653.06998
G1 X26.218 Y15.306 Z138.813 E654.08928
G1 X25.063 Y17.131 Z138.824 E655.10496
G1 X24.044 Y18.531 Z138.834 E655.91927
G1 X22.647 Y20.213 Z138.845 E656.94751
G1 X20.839 Y22.071 Z138.859 E658.16669
G1 X18.865 Y23.778 Z138.873 E659.39395
G1 X17.133 Y25.054 Z138.884 E660.40563
G1 X15.667 Y25.996 Z138.893 E661.22511
G1 X14.172 Y26.839 Z138.902 E662.03223
G1 X12.208 Y27.787 Z138.914 E663.05781
G1 X9.787 Y28.728 Z138.927 E664.27931
G1 X7.716 Y29.343 Z138.939 E665.29528
G1 X6.022 Y29.736 Z138.948 E666.11307
G1 X3.887 Y30.098 Z138.959 E667.13143
G1 X1.716 Y30.296 Z138.971 E668.15663
G1 X0.002 Y30.344 Z138.98 E668.96298
G1 X-1.715 Y30.295 Z138.989 E669.77077
G1 X-3.459 Y30.139 Z138.998 E670.59419
G1 X-5.182 Y29.889 Z139.007 E671.41295
G1 X-7.271 Y29.46 Z139.018 E672.41585
G1 X-9.263 Y28.884 Z139.029 E673.39101
G1 X-10.194 Y28.575 Z139.035 E673.85231
G1 X-11.81 Y27.945 Z139.044 E674.66798
G1 X-13.384 Y27.219 Z139.053 E675.48313
G1 X-15.297 Y26.203 Z139.064 E676.50176
G1 X-17.119 Y25.043 Z139.076 E677.51751
G1 X-18.519 Y24.025 Z139.085 E678.33155
G1 X-20.202 Y22.635 Z139.096 E679.35805
G1 X-22.059 Y20.827 Z139.11 E680.57689
G1 X-23.766 Y18.855 Z139.124 E681.80344
G1 X-25.035 Y17.12 Z139.135 E682.81431
G1 X-25.976 Y15.655 Z139.144 E683.63314
G1 X-26.819 Y14.16 Z139.153 E684.44026
G1 X-27.771 Y12.202 Z139.165 E685.46412
G1 X-28.712 Y9.781 Z139.178 E686.68562
G1 X-29.324 Y7.711 Z139.19 E687.70074
G1 X-29.717 Y6.018 Z139.199 E688.51807
G1 X-30.081 Y3.885 Z139.21 E689.53566
G1 X-30.273 Y1.715 Z139.222 E690.56013
G1 X-30.321 Y0.001 Z139.231 E691.36649
G1 X-30.272 Y-1.715 Z139.24 E692.17381
G1 X-30.119 Y-3.457 Z139.249 E692.99617
G1 X-29.869 Y-5.179 Z139.258 E693.81447
G1 X-29.443 Y-7.267 Z139.27 E694.81662
G1 X-28.865 Y-9.257 Z139.28 E695.79113
G1 X-28.553 Y-10.187 Z139.286 E696.25244
G1 X-27.923 Y-11.802 Z139.295 E697.06767
G1 X-27.201 Y-13.376 Z139.304 E697.88203
G1 X-26.188 Y-15.289 Z139.315 E698.90001
G1 X-25.024 Y-17.107 Z139.327 E699.91518
G1 X-24.005 Y-18.506 Z139.336 E700.72911
G1 X-22.622 Y-20.19 Z139.347 E701.75389
G1 X-20.816 Y-22.046 Z139.361 E702.97173
G1 X-18.844 Y-23.753 Z139.375 E704.19828
G1 X-17.108 Y-25.016 Z139.386 E705.20787
G1 X-15.642 Y-25.957 Z139.395 E706.02709
G1 X-14.148 Y-26.8 Z139.404 E706.83381
G1 X-12.195 Y-27.756 Z139.416 E707.85638
G1 X-9.776 Y-28.696 Z139.429 E709.07683
G1 X-7.705 Y-29.305 Z139.441 E710.092
G1 X-6.014 Y-29.698 Z139.45 E710.90842
G1 X-3.883 Y-30.065 Z139.461 E711.92532
G1 X-1.714 Y-30.25 Z139.473 E712.94904
G1 X0.00 Y-30.299 Z139.482 E713.75541
G1 X1.714 Y-30.249 Z139.491 E714.5618
G1 X3.455 Y-30.099 Z139.5 E715.38357
;TIME_ELAPSED:813.211037
;LAYER:139
;note -- min layer time used
;TYPE:WALL-OUTER
;MESH:rouleau_cylindrical_vase_3mm_large_v1.stl
G1 F2277.4 X5.176 Y-29.848 Z139.509 E716.20147
G1 X6.85 Y-29.509 Z139.518 E717.00468
G1 X8.94 Y-28.935 Z139.53 E718.02394
G1 X10.982 Y-28.216 Z139.541 E719.04202
G1 X12.582 Y-27.538 Z139.55 E719.85922
G1 X14.508 Y-26.576 Z139.561 E720.87166
G1 X16.743 Y-25.226 Z139.575 E722.09957
G1 X18.481 Y-23.987 Z139.586 E723.10333
G1 X19.821 Y-22.89 Z139.596 E723.91773
G1 X21.402 Y-21.406 Z139.607 E724.93745
G1 X22.876 Y-19.816 Z139.618 E725.95705
G1 X23.973 Y-18.49 Z139.628 E726.76637
G1 X24.995 Y-17.076 Z139.637 E727.58684
G1 X26.14 Y-15.253 Z139.648 E728.59921
G1 X27.349 Y-12.958 Z139.662 E729.81908
G1 X28.192 Y-10.981 Z139.673 E730.8298
G1 X28.786 Y-9.343 Z139.682 E731.64919
G1 X29.267 Y-7.7 Z139.691 E732.45427
G1 X29.738 Y-5.583 Z139.703 E733.47418
G1 X30.061 Y-3.45 Z139.714 E734.4887
G1 X30.209 Y-1.716 Z139.723 E735.30711
G1 X30.256 Y-0.004 Z139.732 E736.11252
G1 X30.207 Y1.715 Z139.741 E736.92124
G1 X30.055 Y3.456 Z139.751 E737.7431
G1 X29.806 Y5.167 Z139.76 E738.55621
G1 X29.466 Y6.842 Z139.769 E739.35998
G1 X28.899 Y8.93 Z139.78 E740.37746
G1 X28.178 Y10.967 Z139.791 E741.39364
G1 X27.501 Y12.565 Z139.801 E742.20979
G1 X26.543 Y14.491 Z139.812 E743.22139
G1 X25.195 Y16.723 Z139.826 E744.44761
G1 X23.952 Y18.456 Z139.837 E745.45054
G1 X22.857 Y19.794 Z139.846 E746.26362
G1 X21.38 Y21.377 Z139.857 E747.28177
G1 X19.789 Y22.846 Z139.869 E748.30013
G1 X18.465 Y23.938 Z139.878 E749.10722
G1 X17.053 Y24.959 Z139.887 E749.92665
G1 X15.235 Y26.108 Z139.898 E750.93804
G1 X12.941 Y27.316 Z139.912 E752.15728
G1 X10.966 Y28.155 Z139.923 E753.16639
G1 X9.331 Y28.745 Z139.933 E753.98382
G1 X7.687 Y29.226 Z139.942 E754.78935
G1 X5.576 Y29.701 Z139.953 E755.80691
G1 X3.446 Y30.019 Z139.964 E756.81969
G1 X1.712 Y30.166 Z139.973 E757.63806
G1 X0.003 Y30.214 Z139.982 E758.44207
G1 X-1.711 Y30.164 Z139.991 E759.24846
G1 X-3.45 Y30.012 Z140.001 E760.06938
G1 X-5.158 Y29.764 Z140.01 E760.88102
G1 X-6.833 Y29.424 Z140.019 E761.68479
G1 X-8.919 Y28.863 Z140.03 E762.70063
G1 X-10.953 Y28.141 Z140.042 E763.71564
G1 X-12.549 Y27.465 Z140.051 E764.53074
G1 X-14.473 Y26.51 Z140.062 E765.54087
G1 X-16.704 Y25.164 Z140.076 E766.7662
G1 X-18.431 Y23.917 Z140.087 E767.76794
G1 X-19.767 Y22.824 Z140.096 E768.57969
G1 X-21.352 Y21.353 Z140.107 E769.59661
G1 X-22.816 Y19.763 Z140.119 E770.61303
G1 X-23.903 Y18.439 Z140.128 E771.41863
G1 X-24.923 Y17.03 Z140.137 E772.23664
G1 X-26.076 Y15.217 Z140.148 E773.24705
G1 X-27.283 Y12.925 Z140.162 E774.46523
G1 X-28.118 Y10.952 Z140.173 E775.47275
G1 X-28.704 Y9.319 Z140.182 E776.28865
G1 X-29.185 Y7.675 Z140.191 E777.09418
G1 X-29.665 Y5.57 Z140.203 E778.10952
G1 X-29.976 Y3.442 Z140.214 E779.12088
G1 X-30.123 Y1.708 Z140.223 E779.93925
G1 X-30.171 Y0.001 Z140.232 E780.74232
G1 X-30.121 Y-1.708 Z140.241 E781.54636
G1 X-29.97 Y-3.444 Z140.251 E782.36583
G1 X-29.722 Y-5.149 Z140.26 E783.17608
G1 X-29.381 Y-6.825 Z140.269 E783.9804
G1 X-28.827 Y-8.909 Z140.28 E784.99448
G1 X-28.103 Y-10.938 Z140.291 E786.00759
G1 X-27.428 Y-12.532 Z140.3 E786.82164
G1 X-26.478 Y-14.456 Z140.312 E787.83073
G1 X-25.133 Y-16.684 Z140.325 E789.0546
G1 X-23.883 Y-18.406 Z140.337 E790.05528
G1 X-22.791 Y-19.74 Z140.346 E790.866
G1 X-21.327 Y-21.326 Z140.357 E791.88103
G1 X-19.737 Y-22.786 Z140.368 E792.89617
G1 X-18.414 Y-23.868 Z140.378 E793.69992
G1 X-17.007 Y-24.887 Z140.387 E794.51689
G1 X-15.198 Y-26.044 Z140.398 E795.52673
G1 X-12.909 Y-27.25 Z140.412 E796.74344
G1 X-10.937 Y-28.081 Z140.423 E797.74979
G1 X-9.306 Y-28.663 Z140.432 E798.56418
G1 X-7.663 Y-29.144 Z140.441 E799.36926
G1 X-5.563 Y-29.629 Z140.452 E800.38282
G1 X-3.439 Y-29.933 Z140.464 E801.39186
G1 X-1.704 Y-30.081 Z140.473 E802.21074
G1 X0.00 Y-30.128 Z140.482 E803.01239
G1 X1.704 Y-30.078 Z140.491 E803.81407
G1 X3.438 Y-29.927 Z140.5 E804.63261
;TIME_ELAPSED:818.219978
;LAYER:140
;note -- min layer time used
;TYPE:WALL-OUTER
;MESH:rouleau_cylindrical_vase_3mm_large_v1.stl
G1 F2261.8 X5.571 Y-29.593 Z140.511 E805.64792
G1 X8.065 Y-29.009 Z140.525 E806.8525
G1 X10.523 Y-28.207 Z140.539 E808.0684
G1 X12.52 Y-27.385 Z140.55 E809.08397
G1 X14.043 Y-26.634 Z140.559 E809.88254
G1 X15.917 Y-25.547 Z140.571 E810.90135
G1 X17.687 Y-24.349 Z140.582 E811.90646
G1 X19.381 Y-23.023 Z140.593 E812.91814
G1 X20.969 Y-21.592 Z140.605 E813.92341
G1 X22.465 Y-20.018 Z140.616 E814.94461
G1 X24.084 Y-18.031 Z140.63 E816.14994
G1 X25.303 Y-16.264 Z140.641 E817.15946
G1 X26.408 Y-14.405 Z140.653 E818.17648
G1 X27.366 Y-12.498 Z140.664 E819.18009
G1 X28.035 Y-10.906 Z140.673 E819.99217
G1 X28.736 Y-8.877 Z140.685 E821.0017
G1 X29.385 Y-6.387 Z140.698 E822.21179
G1 X29.822 Y-3.847 Z140.712 E823.42383
G1 X30.022 Y-1.707 Z140.723 E824.43459
G1 X30.068 Y-0.005 Z140.732 E825.23528
G1 X30.018 Y1.706 Z140.742 E826.04026
G1 X29.868 Y3.423 Z140.751 E826.85079
G1 X29.54 Y5.56 Z140.762 E827.86753
G1 X28.957 Y8.051 Z140.776 E829.07063
G1 X28.156 Y10.505 Z140.789 E830.28459
G1 X27.331 Y12.493 Z140.801 E831.2968
G1 X26.58 Y14.017 Z140.81 E832.09578
G1 X25.5 Y15.889 Z140.821 E833.11213
G1 X24.302 Y17.653 Z140.833 E834.11491
G1 X22.981 Y19.347 Z140.844 E835.12514
G1 X21.548 Y20.928 Z140.855 E836.12859
G1 X19.981 Y22.425 Z140.867 E837.14774
G1 X17.999 Y24.041 Z140.88 E838.35036
G1 X16.234 Y25.255 Z140.892 E839.35777
G1 X14.379 Y26.361 Z140.903 E840.37341
G1 X12.475 Y27.31 Z140.915 E841.37387
G1 X10.886 Y27.978 Z140.924 E842.18447
G1 X8.861 Y28.684 Z140.935 E843.19298
G1 X6.375 Y29.333 Z140.949 E844.40126
G1 X3.84 Y29.768 Z140.962 E845.61082
G1 X1.702 Y29.962 Z140.974 E846.62039
G1 X0.004 Y30.008 Z140.983 E847.4192
G1 X-1.701 Y29.958 Z140.992 E848.22136
G1 X-3.418 Y29.808 Z141.001 E849.03189
G1 X-5.55 Y29.487 Z141.012 E850.0458
G1 X-8.038 Y28.904 Z141.026 E851.24753
G1 X-10.487 Y28.105 Z141.04 E852.45897
G1 X-12.467 Y27.277 Z141.051 E853.46824
G1 X-13.99 Y26.526 Z141.06 E854.26681
G1 X-15.861 Y25.454 Z141.071 E855.28087
G1 X-17.619 Y24.255 Z141.083 E856.28158
G1 X-19.313 Y22.939 Z141.094 E857.29036
G1 X-20.887 Y21.503 Z141.105 E858.29234
G1 X-22.385 Y19.944 Z141.117 E859.30909
G1 X-23.997 Y17.967 Z141.13 E860.5087
G1 X-25.208 Y16.202 Z141.142 E861.51531
G1 X-26.313 Y14.354 Z141.153 E862.52788
G1 X-27.255 Y12.451 Z141.164 E863.52645
G1 X-27.922 Y10.866 Z141.174 E864.33514
G1 X-28.632 Y8.846 Z141.185 E865.34206
G1 X-29.28 Y6.362 Z141.199 E866.54931
G1 X-29.715 Y3.832 Z141.212 E867.75655
G1 X-29.902 Y1.697 Z141.224 E868.76442
G1 X-29.948 Y0.002 Z141.233 E869.56182
G1 X-29.898 Y-1.696 Z141.242 E870.36069
G1 X-29.749 Y-3.413 Z141.251 E871.17118
G1 X-29.434 Y-5.539 Z141.262 E872.18188
G1 X-28.852 Y-8.024 Z141.276 E873.38213
G1 X-28.054 Y-10.469 Z141.289 E874.59163
G1 X-27.223 Y-12.44 Z141.301 E875.59755
G1 X-26.472 Y-13.964 Z141.31 E876.39654
G1 X-25.407 Y-15.833 Z141.321 E877.40815
G1 X-24.208 Y-17.586 Z141.332 E878.40692
G1 X-22.897 Y-19.278 Z141.344 E879.41352
G1 X-21.458 Y-20.847 Z141.355 E880.41471
G1 X-19.908 Y-22.345 Z141.366 E881.42841
G1 X-17.935 Y-23.954 Z141.38 E882.62567
G1 X-16.171 Y-25.16 Z141.391 E883.63057
G1 X-14.329 Y-26.266 Z141.403 E884.64097
G1 X-12.427 Y-27.199 Z141.414 E885.63724
G1 X-10.845 Y-27.865 Z141.423 E886.44444
G1 X-8.83 Y-28.58 Z141.434 E887.44993
G1 X-6.35 Y-29.228 Z141.448 E888.65535
G1 X-3.824 Y-29.661 Z141.462 E889.86058
G1 X-1.692 Y-29.842 Z141.473 E890.86681
G1 X0.00 Y-29.888 Z141.482 E891.6628
G1 X1.691 Y-29.838 Z141.491 E892.45837
G1 X3.408 Y-29.689 Z141.5 E893.26886
;TIME_ELAPSED:823.228856
;LAYER:141
;note -- min layer time used
;TYPE:WALL-OUTER
;MESH:rouleau_cylindrical_vase_3mm_large_v1.stl
G1 F2251 X5.89 Y-29.295 Z141.513 E894.45069
G1 X7.965 Y-28.809 Z141.525 E895.45291
G1 X9.976 Y-28.156 Z141.536 E896.44723
G1 X11.569 Y-27.526 Z141.545 E897.25283
G1 X13.126 Y-26.816 Z141.554 E898.05758
G1 X14.671 Y-25.999 Z141.564 E898.87948
G1 X16.112 Y-25.144 Z141.573 E899.66744
G1 X17.501 Y-24.19 Z141.582 E900.45988
G1 X19.211 Y-22.872 Z141.593 E901.47519
G1 X20.755 Y-21.452 Z141.604 E902.46167
G1 X22.259 Y-19.907 Z141.616 E903.47565
G1 X23.59 Y-18.279 Z141.627 E904.46456
G1 X24.854 Y-16.507 Z141.639 E905.48816
G1 X26.176 Y-14.35 Z141.652 E906.67789
G1 X27.296 Y-12.027 Z141.666 E907.89067
G1 X28.067 Y-10.075 Z141.677 E908.87765
G1 X28.623 Y-8.392 Z141.686 E909.71119
G1 X29.143 Y-6.4 Z141.697 E910.67936
G1 X29.507 Y-4.301 Z141.709 E911.68119
G1 X29.7 Y-2.541 Z141.718 E912.51383
G1 X29.808 Y-.458 Z141.729 E913.49472
G1 X29.735 Y2.095 Z141.743 E914.69581
G1 X29.506 Y4.168 Z141.754 E915.67661
G1 X29.222 Y5.873 Z141.763 E916.48947
G1 X28.737 Y7.949 Z141.775 E917.49204
G1 X28.085 Y9.953 Z141.786 E918.48309
G1 X27.46 Y11.541 Z141.795 E919.28563
G1 X26.752 Y13.095 Z141.804 E920.08871
G1 X25.937 Y14.636 Z141.813 E920.9085
G1 X25.082 Y16.07 Z141.822 E921.69364
G1 X24.129 Y17.46 Z141.831 E922.4862
G1 X22.813 Y19.166 Z141.843 E923.49944
G1 X21.398 Y20.706 Z141.854 E924.48295
G1 X19.849 Y22.212 Z141.865 E925.49894
G1 X18.232 Y23.533 Z141.876 E926.48086
G1 X16.469 Y24.797 Z141.888 E927.50102
G1 X14.312 Y26.113 Z141.902 E928.68928
G1 X12.001 Y27.234 Z141.915 E929.89718
G1 X10.051 Y28 Z141.926 E930.88243
G1 X8.373 Y28.551 Z141.936 E931.713
G1 X6.381 Y29.072 Z141.947 E932.68129
G1 X4.289 Y29.435 Z141.958 E933.67979
G1 X2.535 Y29.629 Z141.968 E934.50968
G1 X0.462 Y29.74 Z141.979 E935.48595
G1 X-2.09 Y29.667 Z141.992 E936.68657
G1 X-4.158 Y29.435 Z142.003 E937.66519
G1 X-5.856 Y29.149 Z142.012 E938.47495
G1 X-7.932 Y28.665 Z142.024 E939.47742
G1 X-9.93 Y28.015 Z142.035 E940.46549
G1 X-11.514 Y27.395 Z142.044 E941.26543
G1 X-13.063 Y26.688 Z142.053 E942.06617
G1 X-14.601 Y25.875 Z142.062 E942.88428
G1 X-16.028 Y25.021 Z142.071 E943.66635
G1 X-17.418 Y24.068 Z142.08 E944.4589
G1 X-19.121 Y22.755 Z142.092 E945.47017
G1 X-20.656 Y21.344 Z142.103 E946.45068
G1 X-22.16 Y19.797 Z142.114 E947.46533
G1 X-23.476 Y18.186 Z142.125 E948.44358
G1 X-24.741 Y16.43 Z142.137 E949.46134
G1 X-26.05 Y14.274 Z142.15 E950.64749
G1 X-27.171 Y11.974 Z142.164 E951.85074
G1 X-27.933 Y10.027 Z142.175 E952.83398
G1 X-28.479 Y8.354 Z142.185 E953.66159
G1 X-29 Y6.362 Z142.196 E954.62988
G1 X-29.362 Y4.276 Z142.207 E955.62552
G1 X-29.558 Y2.529 Z142.216 E956.45224
G1 X-29.672 Y0.46 Z142.227 E957.4267
G1 X-29.599 Y-2.084 Z142.241 E958.62356
G1 X-29.365 Y-4.148 Z142.252 E959.60042
G1 X-29.076 Y-5.839 Z142.261 E960.40718
G1 X-28.593 Y-7.915 Z142.272 E961.40953
G1 X-27.944 Y-9.908 Z142.284 E962.39523
G1 X-27.329 Y-11.486 Z142.293 E963.19168
G1 X-26.623 Y-13.032 Z142.302 E963.99094
G1 X-25.812 Y-14.566 Z142.311 E964.80695
G1 X-24.959 Y-15.986 Z142.32 E965.58595
G1 X-24.007 Y-17.377 Z142.329 E966.37863
G1 X-22.696 Y-19.076 Z142.34 E967.38783
G1 X-21.29 Y-20.607 Z142.351 E968.36536
G1 X-19.746 Y-22.107 Z142.363 E969.3777
G1 X-18.139 Y-23.419 Z142.374 E970.3533
G1 X-16.391 Y-24.684 Z142.385 E971.36801
G1 X-14.236 Y-25.987 Z142.399 E972.55229
G1 X-11.947 Y-27.108 Z142.412 E973.7509
G1 X-10.002 Y-27.866 Z142.423 E974.73258
G1 X-8.335 Y-28.407 Z142.433 E975.55677
G1 X-6.343 Y-28.929 Z142.444 E976.52518
G1 X-4.263 Y-29.289 Z142.455 E977.51788
G1 X-2.523 Y-29.487 Z142.464 E978.34144
G1 X-.458 Y-29.604 Z142.475 E979.3141
G1 X2.078 Y-29.531 Z142.489 E980.5072
G1 X4.138 Y-29.294 Z142.5 E981.48235
;TIME_ELAPSED:828.237690
;LAYER:142
;note -- min layer time used
;TYPE:WALL-OUTER
;MESH:rouleau_cylindrical_vase_3mm_large_v1.stl
G1 F2207.1 X5.046 Y-29.137 Z142.505 E981.91569
G1 X6.69 Y-28.801 Z142.514 E982.7048
G1 X8.735 Y-28.248 Z142.526 E983.70105
G1 X10.721 Y-27.547 Z142.537 E984.69148
G1 X12.282 Y-26.884 Z142.546 E985.48904
G1 X13.797 Y-26.134 Z142.556 E986.28402
G1 X15.251 Y-25.311 Z142.565 E987.06973
G1 X16.67 Y-24.396 Z142.574 E987.86375
G1 X18.054 Y-23.385 Z142.583 E988.66976
G1 X19.355 Y-22.331 Z142.592 E989.45717
G1 X20.587 Y-21.195 Z142.601 E990.24525
G1 X21.766 Y-19.979 Z142.611 E991.04176
G1 X22.861 Y-18.694 Z142.62 E991.83571
G1 X23.888 Y-17.355 Z142.629 E992.62929
G1 X24.849 Y-15.962 Z142.638 E993.42514
G1 X25.708 Y-14.533 Z142.647 E994.20923
G1 X26.495 Y-13.013 Z142.656 E995.01417
G1 X27.351 Y-11.104 Z142.668 E995.99804
G1 X28.068 Y-9.109 Z142.679 E996.99498
G1 X28.644 Y-7.105 Z142.691 E997.97556
G1 X29.07 Y-5.033 Z142.702 E998.97034
G1 X29.307 Y-3.352 Z142.711 E999.76868
G1 X29.449 Y-1.684 Z142.721 E1000.55594
G1 X29.503 Y0.007 Z142.73 E1001.35157
G1 X29.453 Y1.675 Z142.739 E1002.13633
G1 X29.297 Y3.349 Z142.748 E1002.92698
G1 X29.051 Y5.031 Z142.757 E1003.72639
G1 X28.716 Y6.67 Z142.766 E1004.5131
G1 X28.167 Y8.709 Z142.778 E1005.50613
G1 X27.465 Y10.69 Z142.789 E1006.4945
G1 X26.804 Y12.246 Z142.798 E1007.28953
G1 X26.057 Y13.756 Z142.808 E1008.08178
G1 X25.236 Y15.207 Z142.817 E1008.8658
G1 X24.323 Y16.62 Z142.826 E1009.65694
G1 X23.315 Y18.001 Z142.835 E1010.46098
G1 X22.264 Y19.294 Z142.844 E1011.24458
G1 X21.131 Y20.523 Z142.853 E1012.03066
G1 X19.915 Y21.701 Z142.862 E1012.82685
G1 X18.639 Y22.793 Z142.872 E1013.61666
G1 X17.303 Y23.817 Z142.881 E1014.40826
G1 X15.915 Y24.772 Z142.89 E1015.20057
G1 X14.486 Y25.631 Z142.899 E1015.98466
G1 X12.974 Y26.417 Z142.908 E1016.78605
G1 X11.074 Y27.272 Z142.919 E1017.76586
G1 X9.082 Y27.985 Z142.931 E1018.76084
G1 X7.084 Y28.562 Z142.942 E1019.73884
G1 X5.018 Y28.984 Z142.954 E1020.73048
G1 X3.342 Y29.221 Z142.963 E1021.5265
G1 X1.679 Y29.361 Z142.972 E1022.31132
G1 X-0.005 Y29.412 Z142.981 E1023.10362
G1 X-1.673 Y29.362 Z142.99 E1023.88838
G1 X-3.34 Y29.21 Z142.999 E1024.67558
G1 X-5.017 Y28.964 Z143.009 E1025.47266
G1 X-6.651 Y28.63 Z143.018 E1026.25698
G1 X-8.683 Y28.086 Z143.029 E1027.24622
G1 X-10.658 Y27.383 Z143.04 E1028.23208
G1 X-12.21 Y26.724 Z143.05 E1029.02502
G1 X-13.716 Y25.979 Z143.059 E1029.81517
G1 X-15.162 Y25.161 Z143.068 E1030.59644
G1 X-16.571 Y24.251 Z143.077 E1031.38523
G1 X-17.948 Y23.246 Z143.086 E1032.18693
G1 X-19.233 Y22.197 Z143.095 E1032.96701
G1 X-20.458 Y21.068 Z143.104 E1033.75044
G1 X-21.636 Y19.851 Z143.114 E1034.54696
G1 X-22.725 Y18.583 Z143.123 E1035.333
G1 X-23.747 Y17.251 Z143.132 E1036.12254
G1 X-24.695 Y15.868 Z143.141 E1036.91105
G1 X-25.553 Y14.439 Z143.15 E1037.69489
G1 X-26.338 Y12.935 Z143.159 E1038.49272
G1 X-27.194 Y11.043 Z143.17 E1039.4693
G1 X-27.902 Y9.054 Z143.182 E1040.46217
G1 X-28.48 Y7.062 Z143.193 E1041.43758
G1 X-28.898 Y5.003 Z143.205 E1042.42562
G1 X-29.134 Y3.331 Z143.214 E1043.21971
G1 X-29.274 Y1.674 Z143.223 E1044.00173
G1 X-29.322 Y-0.002 Z143.232 E1044.79022
G1 X-29.271 Y-1.67 Z143.241 E1045.575
G1 X-29.122 Y-3.33 Z143.25 E1046.35879
G1 X-28.878 Y-5.002 Z143.259 E1047.15341
G1 X-28.545 Y-6.631 Z143.268 E1047.93532
G1 X-28.005 Y-8.657 Z143.28 E1048.92135
G1 X-27.301 Y-10.626 Z143.291 E1049.90472
G1 X-26.644 Y-12.174 Z143.3 E1050.69556
G1 X-25.902 Y-13.675 Z143.309 E1051.48297
G1 X-25.086 Y-15.117 Z143.318 E1052.26215
G1 X-24.178 Y-16.522 Z143.327 E1053.04885
G1 X-23.176 Y-17.895 Z143.337 E1053.84819
G1 X-22.13 Y-19.172 Z143.346 E1054.62447
G1 X-21.005 Y-20.394 Z143.355 E1055.40559
G1 X-19.788 Y-21.571 Z143.364 E1056.20178
G1 X-18.527 Y-22.657 Z143.373 E1056.9844
G1 X-17.199 Y-23.676 Z143.382 E1057.77159
G1 X-15.821 Y-24.618 Z143.391 E1058.55657
G1 X-14.392 Y-25.475 Z143.4 E1059.34017
G1 X-12.896 Y-26.26 Z143.409 E1060.13467
G1 X-11.012 Y-27.115 Z143.421 E1061.10763
G1 X-9.027 Y-27.82 Z143.432 E1062.09824
G1 X-7.04 Y-28.398 Z143.443 E1063.0714
G1 X-4.988 Y-28.812 Z143.455 E1064.05584
G1 X-3.321 Y-29.048 Z143.464 E1064.8476
G1 X-1.669 Y-29.187 Z143.473 E1065.62723
G1 X0.00 Y-29.232 Z143.482 E1066.4124
G1 X1.668 Y-29.18 Z143.491 E1067.19719
G1 X3.32 Y-29.035 Z143.5 E1067.97707
;TIME_ELAPSED:833.246344
;LAYER:143
;note -- min layer time used
;TYPE:WALL-OUTER
;MESH:rouleau_cylindrical_vase_3mm_large_v1.stl
G1 F2197.6 X5.799 Y-28.626 Z143.514 E1069.15863
G1 X7.426 Y-28.243 Z143.523 E1069.94467
G1 X9.031 Y-27.779 Z143.532 E1070.73037
G1 X10.582 Y-27.221 Z143.541 E1071.50553
G1 X12.146 Y-26.557 Z143.55 E1072.30457
G1 X13.614 Y-25.831 Z143.559 E1073.07474
G1 X15.066 Y-25.009 Z143.568 E1073.8594
G1 X16.49 Y-24.088 Z143.578 E1074.65692
G1 X17.808 Y-23.125 Z143.586 E1075.42456
G1 X19.115 Y-22.053 Z143.596 E1076.2195
G1 X20.35 Y-20.913 Z143.605 E1077.0099
G1 X21.487 Y-19.738 Z143.614 E1077.77881
G1 X22.842 Y-18.136 Z143.625 E1078.76553
G1 X24.073 Y-16.452 Z143.637 E1079.7465
G1 X24.966 Y-15.055 Z143.646 E1080.52622
G1 X25.782 Y-13.602 Z143.655 E1081.30991
G1 X26.51 Y-12.114 Z143.664 E1082.08893
G1 X27.171 Y-10.566 Z143.673 E1082.8805
G1 X27.727 Y-8.993 Z143.682 E1083.66508
G1 X28.185 Y-7.421 Z143.691 E1084.43509
G1 X28.553 Y-5.785 Z143.7 E1085.22367
G1 X28.833 Y-4.141 Z143.709 E1086.00793
G1 X29.055 Y-2.092 Z143.721 E1086.97716
G1 X29.13 Y-0.009 Z143.732 E1087.95737
G1 X29.047 Y2.09 Z143.743 E1088.94524
G1 X28.816 Y4.138 Z143.755 E1089.91446
G1 X28.529 Y5.78 Z143.764 E1090.69835
G1 X28.148 Y7.401 Z143.773 E1091.48143
G1 X27.683 Y8.997 Z143.782 E1092.26319
G1 X27.126 Y10.549 Z143.791 E1093.03863
G1 X26.466 Y12.101 Z143.8 E1093.83175
G1 X25.74 Y13.57 Z143.809 E1094.60234
G1 X24.92 Y15.017 Z143.818 E1095.38449
G1 X24.006 Y16.43 Z143.827 E1096.17588
G1 X23.043 Y17.749 Z143.836 E1096.9439
G1 X21.978 Y19.046 Z143.846 E1097.73312
G1 X20.843 Y20.277 Z143.855 E1098.52054
G1 X19.667 Y21.415 Z143.864 E1099.29012
G1 X18.077 Y22.767 Z143.875 E1100.27162
G1 X16.396 Y23.992 Z143.886 E1101.24978
G1 X15.004 Y24.882 Z143.895 E1102.02677
G1 X13.556 Y25.695 Z143.904 E1102.80771
G1 X12.073 Y26.421 Z143.913 E1103.58421
G1 X10.532 Y27.075 Z143.923 E1104.37146
G1 X8.965 Y27.63 Z143.932 E1105.15323
G1 X7.393 Y28.088 Z143.941 E1105.92323
G1 X5.766 Y28.456 Z143.95 E1106.70769
G1 X4.127 Y28.736 Z143.959 E1107.48963
G1 X2.084 Y28.96 Z143.97 E1108.45615
G1 X0.006 Y29.029 Z143.981 E1109.43391
G1 X-2.082 Y28.952 Z143.993 E1110.41651
G1 X-4.124 Y28.719 Z144.004 E1111.38303
G1 X-5.76 Y28.432 Z144.013 E1112.16414
G1 X-7.376 Y28.053 Z144.022 E1112.94472
G1 X-8.963 Y27.588 Z144.031 E1113.72242
G1 X-10.515 Y27.03 Z144.04 E1114.49802
G1 X-12.057 Y26.375 Z144.049 E1115.28588
G1 X-13.525 Y25.649 Z144.058 E1116.05605
G1 X-14.967 Y24.832 Z144.067 E1116.83546
G1 X-16.371 Y23.924 Z144.076 E1117.62177
G1 X-17.69 Y22.961 Z144.085 E1118.38978
G1 X-18.978 Y21.904 Z144.094 E1119.17335
G1 X-20.204 Y20.772 Z144.104 E1119.95808
G1 X-21.342 Y19.596 Z144.113 E1120.72766
G1 X-22.691 Y18.019 Z144.124 E1121.7036
G1 X-23.91 Y16.34 Z144.135 E1122.67934
G1 X-24.798 Y14.953 Z144.144 E1123.45383
G1 X-25.609 Y13.51 Z144.153 E1124.23227
G1 X-26.331 Y12.032 Z144.162 E1125.00583
G1 X-26.98 Y10.498 Z144.171 E1125.78913
G1 X-27.533 Y8.936 Z144.18 E1126.56837
G1 X-27.991 Y7.364 Z144.189 E1127.33837
G1 X-28.36 Y5.746 Z144.198 E1128.1188
G1 X-28.638 Y4.113 Z144.207 E1128.89781
G1 X-28.865 Y2.075 Z144.219 E1129.86215
G1 X-28.927 Y0.003 Z144.23 E1130.83698
G1 X-28.857 Y-2.074 Z144.241 E1131.81429
G1 X-28.621 Y-4.11 Z144.252 E1132.77817
G1 X-28.335 Y-5.741 Z144.261 E1133.55689
G1 X-27.957 Y-7.351 Z144.27 E1134.33461
G1 X-27.493 Y-8.929 Z144.279 E1135.10811
G1 X-26.935 Y-10.481 Z144.288 E1135.88371
G1 X-26.283 Y-12.012 Z144.298 E1136.66627
G1 X-25.558 Y-13.481 Z144.307 E1137.43665
G1 X-24.743 Y-14.917 Z144.316 E1138.21314
G1 X-23.842 Y-16.312 Z144.325 E1138.99411
G1 X-22.879 Y-17.631 Z144.334 E1139.76213
G1 X-21.829 Y-18.91 Z144.343 E1140.54033
G1 X-20.701 Y-20.132 Z144.352 E1141.3224
G1 X-19.526 Y-21.27 Z144.361 E1142.09165
G1 X-17.96 Y-22.616 Z144.372 E1143.06274
G1 X-16.284 Y-23.829 Z144.383 E1144.03568
G1 X-14.902 Y-24.714 Z144.392 E1144.80743
G1 X-13.464 Y-25.522 Z144.401 E1145.58312
G1 X-11.991 Y-26.242 Z144.41 E1146.35416
G1 X-10.463 Y-26.884 Z144.419 E1147.13358
G1 X-8.907 Y-27.436 Z144.428 E1147.91
G1 X-7.335 Y-27.894 Z144.437 E1148.68001
G1 X-5.726 Y-28.263 Z144.446 E1149.45632
G1 X-4.099 Y-28.541 Z144.455 E1150.23254
G1 X-2.067 Y-28.77 Z144.466 E1151.19417
G1 X0.00 Y-28.826 Z144.478 E1152.16658
G1 X2.066 Y-28.761 Z144.489 E1153.13864
G1 X4.096 Y-28.523 Z144.5 E1154.09983
;TIME_ELAPSED:838.255513
;LAYER:144
;note -- min layer time used
;TYPE:WALL-OUTER
;MESH:rouleau_cylindrical_vase_3mm_large_v1.stl
G1 F2160.2 X6.512 Y-28.053 Z144.514 E1155.25731
G1 X8.11 Y-27.629 Z144.523 E1156.0348
G1 X10.06 Y-26.977 Z144.534 E1157.00173
G1 X12.329 Y-26.014 Z144.548 E1158.1609
G1 X14.148 Y-25.06 Z144.559 E1159.12684
G1 X15.566 Y-24.201 Z144.569 E1159.9065
G1 X16.901 Y-23.284 Z144.578 E1160.66815
G1 X18.209 Y-22.27 Z144.587 E1161.44645
G1 X19.441 Y-21.197 Z144.596 E1162.21476
G1 X20.634 Y-20.032 Z144.605 E1162.99892
G1 X21.728 Y-18.835 Z144.614 E1163.76152
G1 X23.016 Y-17.235 Z144.626 E1164.72747
G1 X24.183 Y-15.538 Z144.637 E1165.69601
G1 X25.031 Y-14.124 Z144.646 E1166.47138
G1 X25.964 Y-12.324 Z144.657 E1167.42483
G1 X26.927 Y-10.031 Z144.671 E1168.5944
G1 X27.559 Y-8.103 Z144.682 E1169.54855
G1 X27.977 Y-6.495 Z144.692 E1170.32988
G1 X28.366 Y-4.501 Z144.703 E1171.28528
G1 X28.613 Y-2.48 Z144.714 E1172.24277
G1 X28.696 Y-.813 Z144.724 E1173.02768
G1 X28.693 Y0.808 Z144.733 E1173.78999
G1 X28.602 Y2.478 Z144.742 E1174.57651
G1 X28.346 Y4.497 Z144.753 E1175.53359
G1 X27.947 Y6.487 Z144.764 E1176.48805
G1 X27.525 Y8.08 Z144.774 E1177.26304
G1 X26.878 Y10.025 Z144.785 E1178.22699
G1 X25.919 Y12.283 Z144.799 E1179.38067
G1 X24.966 Y14.095 Z144.81 E1180.34347
G1 X24.109 Y15.507 Z144.819 E1181.12022
G1 X23.196 Y16.838 Z144.828 E1181.87926
G1 X22.185 Y18.141 Z144.837 E1182.65484
G1 X21.117 Y19.368 Z144.846 E1183.41983
G1 X19.956 Y20.557 Z144.856 E1184.20134
G1 X18.764 Y21.646 Z144.865 E1184.96062
G1 X17.173 Y22.931 Z144.876 E1185.92238
G1 X15.479 Y24.092 Z144.887 E1186.88816
G1 X14.07 Y24.936 Z144.896 E1187.66055
G1 X12.277 Y25.87 Z144.908 E1188.61129
G1 X9.995 Y26.828 Z144.921 E1189.77518
G1 X8.072 Y27.454 Z144.933 E1190.72622
G1 X6.47 Y27.871 Z144.942 E1191.5047
G1 X4.483 Y28.262 Z144.953 E1192.45705
G1 X2.467 Y28.503 Z144.964 E1193.41187
G1 X0.81 Y28.587 Z144.974 E1194.19211
G1 X-.809 Y28.584 Z144.983 E1194.95348
G1 X-2.465 Y28.491 Z144.992 E1195.73347
G1 X-4.479 Y28.242 Z145.003 E1196.68781
G1 X-6.463 Y27.841 Z145.014 E1197.63969
G1 X-8.049 Y27.42 Z145.023 E1198.41137
G1 X-9.989 Y26.778 Z145.035 E1199.37236
G1 X-12.236 Y25.824 Z145.048 E1200.52035
G1 X-14.042 Y24.871 Z145.06 E1201.48066
G1 X-15.449 Y24.018 Z145.069 E1202.25443
G1 X-16.774 Y23.108 Z145.078 E1203.01034
G1 X-18.072 Y22.101 Z145.087 E1203.78291
G1 X-19.294 Y21.037 Z145.096 E1204.54489
G1 X-20.479 Y19.881 Z145.105 E1205.32341
G1 X-21.564 Y18.693 Z145.114 E1206.08003
G1 X-22.846 Y17.111 Z145.125 E1207.03761
G1 X-24.001 Y15.42 Z145.137 E1208.00064
G1 X-24.842 Y14.017 Z145.146 E1208.76988
G1 X-25.775 Y12.23 Z145.157 E1209.7179
G1 X-26.729 Y9.959 Z145.171 E1210.8763
G1 X-27.35 Y8.041 Z145.182 E1211.82438
G1 X-27.765 Y6.446 Z145.191 E1212.59943
G1 X-28.158 Y4.466 Z145.202 E1213.54873
G1 X-28.392 Y2.454 Z145.213 E1214.50129
G1 X-28.479 Y0.807 Z145.223 E1215.27691
G1 X-28.475 Y-.806 Z145.232 E1216.03546
G1 X-28.38 Y-2.452 Z145.241 E1216.81082
G1 X-28.138 Y-4.462 Z145.252 E1217.76289
G1 X-27.734 Y-6.438 Z145.263 E1218.71137
G1 X-27.315 Y-8.018 Z145.272 E1219.48008
G1 X-26.678 Y-9.954 Z145.284 E1220.43854
G1 X-25.73 Y-12.19 Z145.297 E1221.58067
G1 X-24.776 Y-13.988 Z145.308 E1222.53787
G1 X-23.926 Y-15.39 Z145.318 E1223.3089
G1 X-23.02 Y-16.711 Z145.326 E1224.06219
G1 X-22.017 Y-18.004 Z145.336 E1224.83176
G1 X-20.957 Y-19.221 Z145.344 E1225.59073
G1 X-19.805 Y-20.401 Z145.354 E1226.36625
G1 X-18.622 Y-21.482 Z145.363 E1227.11987
G1 X-17.049 Y-22.76 Z145.374 E1228.07297
G1 X-15.361 Y-23.909 Z145.385 E1229.03324
G1 X-13.963 Y-24.747 Z145.394 E1229.79975
G1 X-12.184 Y-25.68 Z145.405 E1230.74443
G1 X-9.924 Y-26.629 Z145.419 E1231.89715
G1 X-8.011 Y-27.245 Z145.43 E1232.84227
G1 X-6.421 Y-27.659 Z145.439 E1233.61493
G1 X-4.448 Y-28.055 Z145.45 E1234.56128
G1 X-2.441 Y-28.281 Z145.462 E1235.51108
G1 X-.803 Y-28.37 Z145.471 E1236.28252
G1 X0.803 Y-28.366 Z145.48 E1237.03778
G1 X2.44 Y-28.269 Z145.489 E1237.80896
G1 X4.444 Y-28.034 Z145.5 E1238.75784
;TIME_ELAPSED:843.264528
;LAYER:145
;note -- min layer time used
;TYPE:WALL-OUTER
;MESH:rouleau_cylindrical_vase_3mm_large_v1.stl
G1 F2124.9 X6.818 Y-27.521 Z145.514 E1239.90003
G1 X8.752 Y-26.959 Z145.525 E1240.84716
G1 X10.295 Y-26.417 Z145.534 E1241.61625
G1 X11.769 Y-25.79 Z145.543 E1242.36954
G1 X13.214 Y-25.063 Z145.553 E1243.13024
G1 X14.637 Y-24.253 Z145.562 E1243.90026
G1 X16.32 Y-23.154 Z145.573 E1244.84552
G1 X17.941 Y-21.921 Z145.585 E1245.8033
G1 X19.162 Y-20.855 Z145.594 E1246.56555
G1 X20.3 Y-19.743 Z145.603 E1247.31379
G1 X21.654 Y-18.232 Z145.614 E1248.26793
G1 X22.91 Y-16.626 Z145.626 E1249.22672
G1 X24.03 Y-14.94 Z145.637 E1250.1786
G1 X25.014 Y-13.207 Z145.648 E1251.11579
G1 X25.9 Y-11.369 Z145.66 E1252.07534
G1 X26.771 Y-9.113 Z145.674 E1253.2126
G1 X27.443 Y-6.799 Z145.687 E1254.34576
G1 X27.855 Y-4.841 Z145.698 E1255.28671
G1 X28.074 Y-3.223 Z145.708 E1256.05455
G1 X28.208 Y-1.599 Z145.717 E1256.82087
G1 X28.25 Y-0.001 Z145.726 E1257.57262
G1 X28.201 Y1.598 Z145.735 E1258.32494
G1 X28.058 Y3.22 Z145.744 E1259.09068
G1 X27.829 Y4.835 Z145.753 E1259.85776
G1 X27.409 Y6.789 Z145.765 E1260.79766
G1 X26.846 Y8.716 Z145.776 E1261.74176
G1 X26.304 Y10.247 Z145.785 E1262.50553
G1 X25.678 Y11.721 Z145.794 E1263.25863
G1 X24.957 Y13.159 Z145.803 E1264.01513
G1 X24.151 Y14.576 Z145.813 E1264.78176
G1 X23.058 Y16.254 Z145.824 E1265.72352
G1 X21.829 Y17.862 Z145.835 E1266.67529
G1 X20.768 Y19.078 Z145.844 E1267.43422
G1 X19.656 Y20.216 Z145.853 E1268.18246
G1 X18.159 Y21.564 Z145.865 E1269.12982
G1 X16.558 Y22.809 Z145.876 E1270.08358
G1 X14.88 Y23.931 Z145.888 E1271.03285
G1 X13.151 Y24.909 Z145.899 E1271.96701
G1 X11.324 Y25.794 Z145.91 E1272.92169
G1 X9.077 Y26.66 Z145.924 E1274.05415
G1 X6.77 Y27.331 Z145.937 E1275.18403
G1 X4.816 Y27.735 Z145.949 E1276.12237
G1 X3.209 Y27.956 Z145.958 E1276.88521
G1 X1.592 Y28.09 Z145.967 E1277.64825
G1 X0.00 Y28.131 Z145.976 E1278.39717
G1 X-1.591 Y28.082 Z145.985 E1279.14573
G1 X-3.206 Y27.939 Z145.994 E1279.90818
G1 X-4.81 Y27.71 Z146.003 E1280.67015
G1 X-6.76 Y27.297 Z146.015 E1281.60752
G1 X-8.68 Y26.733 Z146.026 E1282.54859
G1 X-10.2 Y26.192 Z146.035 E1283.30733
G1 X-11.674 Y25.565 Z146.044 E1284.06062
G1 X-13.103 Y24.852 Z146.053 E1284.81164
G1 X-14.515 Y24.049 Z146.062 E1285.57553
G1 X-16.189 Y22.961 Z146.073 E1286.51443
G1 X-17.782 Y21.737 Z146.085 E1287.45918
G1 X-18.993 Y20.681 Z146.094 E1288.21479
G1 X-20.131 Y19.569 Z146.103 E1288.96303
G1 X-21.474 Y18.085 Z146.114 E1289.90427
G1 X-22.709 Y16.489 Z146.126 E1290.85329
G1 X-23.832 Y14.821 Z146.137 E1291.79892
G1 X-24.804 Y13.096 Z146.148 E1292.73006
G1 X-25.687 Y11.279 Z146.16 E1293.6801
G1 X-26.55 Y9.041 Z146.173 E1294.8081
G1 X-27.219 Y6.74 Z146.187 E1295.935
G1 X-27.616 Y4.792 Z146.198 E1296.86992
G1 X-27.838 Y3.195 Z146.207 E1297.62817
G1 X-27.972 Y1.585 Z146.216 E1298.38792
G1 X-28.013 Y0.00 Z146.225 E1299.13355
G1 X-27.963 Y-1.584 Z146.234 E1299.87883
G1 X-27.821 Y-3.193 Z146.243 E1300.63844
G1 X-27.59 Y-4.786 Z146.252 E1301.39542
G1 X-27.185 Y-6.731 Z146.263 E1302.32971
G1 X-26.62 Y-8.643 Z146.275 E1303.26731
G1 X-26.079 Y-10.153 Z146.284 E1304.02162
G1 X-25.452 Y-11.627 Z146.293 E1304.77491
G1 X-24.746 Y-13.048 Z146.302 E1305.5211
G1 X-23.948 Y-14.454 Z146.311 E1306.28137
G1 X-22.865 Y-16.123 Z146.322 E1307.21702
G1 X-21.645 Y-17.703 Z146.333 E1308.15577
G1 X-20.594 Y-18.909 Z146.342 E1308.90806
G1 X-19.481 Y-20.047 Z146.351 E1309.65664
G1 X-18.011 Y-21.384 Z146.363 E1310.59111
G1 X-16.42 Y-22.608 Z146.374 E1311.53511
G1 X-14.761 Y-23.733 Z146.385 E1312.47775
G1 X-13.04 Y-24.699 Z146.396 E1313.40587
G1 X-11.234 Y-25.581 Z146.408 E1314.35105
G1 X-9.005 Y-26.439 Z146.421 E1315.47426
G1 X-6.711 Y-27.107 Z146.435 E1316.59787
G1 X-4.767 Y-27.497 Z146.446 E1317.53029
G1 X-3.181 Y-27.72 Z146.455 E1318.28348
G1 X-1.578 Y-27.853 Z146.464 E1319.03992
G1 X0.00 Y-27.894 Z146.473 E1319.78225
G1 X1.577 Y-27.845 Z146.482 E1320.52423
G1 X3.179 Y-27.702 Z146.491 E1321.2806
G1 X4.762 Y-27.471 Z146.5 E1322.03292
;TIME_ELAPSED:848.273400
;LAYER:146
;note -- min layer time used
;TYPE:WALL-OUTER
;MESH:rouleau_cylindrical_vase_3mm_large_v1.stl
G1 F2091.7 X7.098 Y-26.955 Z146.514 E1323.15796
G1 X8.62 Y-26.502 Z146.523 E1323.90475
G1 X10.126 Y-25.958 Z146.532 E1324.65776
G1 X11.558 Y-25.348 Z146.541 E1325.38975
G1 X13.015 Y-24.626 Z146.55 E1326.15444
G1 X14.361 Y-23.862 Z146.559 E1326.88229
G1 X15.698 Y-22.997 Z146.568 E1327.63116
G1 X16.999 Y-22.035 Z146.578 E1328.39208
G1 X18.217 Y-21.033 Z146.587 E1329.13378
G1 X19.67 Y-19.679 Z146.598 E1330.06778
G1 X21.023 Y-18.226 Z146.609 E1331.00146
G1 X22.017 Y-16.988 Z146.619 E1331.74809
G1 X22.956 Y-15.688 Z146.628 E1332.50225
G1 X23.826 Y-14.343 Z146.637 E1333.25555
G1 X24.594 Y-12.971 Z146.646 E1333.99497
G1 X25.284 Y-11.56 Z146.655 E1334.73362
G1 X25.892 Y-10.085 Z146.664 E1335.48389
G1 X26.436 Y-8.572 Z146.673 E1336.24
G1 X26.871 Y-7.075 Z146.682 E1336.97312
G1 X27.219 Y-5.519 Z146.691 E1337.72294
G1 X27.486 Y-3.948 Z146.701 E1338.47233
G1 X27.697 Y-1.984 Z146.712 E1339.40126
G1 X27.766 Y-0.012 Z146.723 E1340.3292
G1 X27.686 Y1.982 Z146.735 E1341.26768
G1 X27.464 Y3.944 Z146.746 E1342.19624
G1 X27.189 Y5.512 Z146.755 E1342.94488
G1 X26.832 Y7.062 Z146.764 E1343.69288
G1 X26.381 Y8.577 Z146.773 E1344.43624
G1 X25.84 Y10.076 Z146.782 E1345.18569
G1 X25.23 Y11.508 Z146.791 E1345.91767
G1 X24.514 Y12.953 Z146.801 E1346.67606
G1 X23.75 Y14.298 Z146.81 E1347.4035
G1 X22.89 Y15.629 Z146.819 E1348.14872
G1 X21.936 Y16.923 Z146.828 E1348.90475
G1 X20.938 Y18.135 Z146.837 E1349.64309
G1 X19.591 Y19.584 Z146.848 E1350.57346
G1 X18.14 Y20.928 Z146.86 E1351.50357
G1 X16.911 Y21.918 Z146.869 E1352.24573
G1 X15.617 Y22.853 Z146.878 E1352.9965
G1 X14.28 Y23.715 Z146.887 E1353.7446
G1 X12.914 Y24.479 Z146.896 E1354.48064
G1 X11.503 Y25.169 Z146.905 E1355.21928
G1 X10.04 Y25.775 Z146.914 E1355.96398
G1 X8.536 Y26.313 Z146.923 E1356.71516
G1 X7.038 Y26.749 Z146.932 E1357.44886
G1 X5.494 Y27.097 Z146.941 E1358.19317
G1 X3.93 Y27.362 Z146.95 E1358.93916
G1 X1.973 Y27.575 Z146.962 E1359.86492
G1 X0.008 Y27.638 Z146.973 E1360.78947
G1 X-1.972 Y27.564 Z146.984 E1361.72126
G1 X-3.926 Y27.34 Z146.995 E1362.64619
G1 X-5.487 Y27.066 Z147.005 E1363.39151
G1 X-7.026 Y26.709 Z147.014 E1364.13447
G1 X-8.534 Y26.261 Z147.023 E1364.87428
G1 X-10.026 Y25.722 Z147.032 E1365.6203
G1 X-11.459 Y25.112 Z147.041 E1366.35272
G1 X-12.89 Y24.403 Z147.05 E1367.10375
G1 X-14.236 Y23.639 Z147.059 E1367.83159
G1 X-15.56 Y22.782 Z147.068 E1368.57328
G1 X-16.847 Y21.836 Z147.077 E1369.32444
G1 X-18.053 Y20.844 Z147.086 E1370.0588
G1 X-19.499 Y19.503 Z147.097 E1370.98622
G1 X-20.834 Y18.053 Z147.108 E1371.91311
G1 X-21.819 Y16.834 Z147.117 E1372.65013
G1 X-22.75 Y15.546 Z147.127 E1373.39751
G1 X-23.604 Y14.217 Z147.136 E1374.14042
G1 X-24.365 Y12.857 Z147.145 E1374.87331
G1 X-25.054 Y11.446 Z147.154 E1375.61174
G1 X-25.658 Y9.994 Z147.163 E1376.3513
G1 X-26.191 Y8.499 Z147.172 E1377.0977
G1 X-26.626 Y7.002 Z147.181 E1377.83082
G1 X-26.974 Y5.469 Z147.19 E1378.57009
G1 X-27.238 Y3.912 Z147.199 E1379.31275
G1 X-27.453 Y1.963 Z147.21 E1380.23487
G1 X-27.51 Y0.004 Z147.221 E1381.15652
G1 X-27.442 Y-1.961 Z147.233 E1382.08116
G1 X-27.216 Y-3.908 Z147.244 E1383.00293
G1 X-26.943 Y-5.463 Z147.253 E1383.74538
G1 X-26.586 Y-6.99 Z147.262 E1384.48285
G1 X-26.14 Y-8.491 Z147.271 E1385.21923
G1 X-25.604 Y-9.976 Z147.28 E1385.96168
G1 X-24.994 Y-11.409 Z147.289 E1386.6941
G1 X-24.291 Y-12.827 Z147.298 E1387.4384
G1 X-23.527 Y-14.173 Z147.307 E1388.16624
G1 X-22.674 Y-15.491 Z147.316 E1388.90454
G1 X-21.737 Y-16.77 Z147.325 E1389.65016
G1 X-20.749 Y-17.971 Z147.334 E1390.38151
G1 X-19.415 Y-19.414 Z147.345 E1391.30566
G1 X-17.966 Y-20.74 Z147.356 E1392.22934
G1 X-16.758 Y-21.72 Z147.365 E1392.96086
G1 X-15.475 Y-22.647 Z147.374 E1393.70523
G1 X-14.154 Y-23.493 Z147.383 E1394.44294
G1 X-12.801 Y-24.25 Z147.392 E1395.17204
G1 X-11.39 Y-24.939 Z147.401 E1395.91047
G1 X-9.949 Y-25.542 Z147.41 E1396.64508
G1 X-8.463 Y-26.068 Z147.419 E1397.38639
G1 X-6.966 Y-26.503 Z147.428 E1398.1195
G1 X-5.444 Y-26.851 Z147.437 E1398.85373
G1 X-3.894 Y-27.114 Z147.446 E1399.59307
G1 X-1.952 Y-27.331 Z147.457 E1400.51202
G1 X0.00 Y-27.382 Z147.469 E1401.4303
G1 X1.951 Y-27.32 Z147.48 E1402.34827
G1 X3.891 Y-27.092 Z147.491 E1403.26687
G1 X5.438 Y-26.82 Z147.5 E1404.00554
;TIME_ELAPSED:853.282135
;LAYER:147
;note -- min layer time used
;TYPE:WALL-OUTER
;MESH:rouleau_cylindrical_vase_3mm_large_v1.stl
G1 F2033.8 X6.234 Y-26.632 Z147.505 E1404.39018
G1 X7.739 Y-26.229 Z147.514 E1405.12287
G1 X9.234 Y-25.735 Z147.523 E1405.86332
G1 X11.032 Y-25.015 Z147.535 E1406.77414
G1 X12.813 Y-24.151 Z147.546 E1407.70505
G1 X14.176 Y-23.371 Z147.556 E1408.44357
G1 X15.788 Y-22.298 Z147.567 E1409.35423
G1 X17.322 Y-21.117 Z147.579 E1410.26466
G1 X18.497 Y-20.089 Z147.588 E1410.99885
G1 X19.627 Y-18.993 Z147.597 E1411.73916
G1 X20.676 Y-17.837 Z147.606 E1412.47325
G1 X21.889 Y-16.306 Z147.618 E1413.39183
G1 X23.189 Y-14.389 Z147.631 E1414.48108
G1 X24.16 Y-12.684 Z147.643 E1415.40381
G1 X24.993 Y-10.926 Z147.654 E1416.31866
G1 X25.696 Y-9.12 Z147.666 E1417.23005
G1 X26.168 Y-7.645 Z147.675 E1417.95835
G1 X26.559 Y-6.132 Z147.684 E1418.69325
G1 X26.863 Y-4.592 Z147.694 E1419.43144
G1 X27.074 Y-3.071 Z147.703 E1420.15358
G1 X27.225 Y-1.105 Z147.714 E1421.08085
G1 X27.215 Y1.212 Z147.728 E1422.17048
G1 X27.046 Y3.154 Z147.739 E1423.0872
G1 X26.819 Y4.685 Z147.749 E1423.81506
G1 X26.503 Y6.204 Z147.758 E1424.5447
G1 X26.103 Y7.702 Z147.767 E1425.27385
G1 X25.611 Y9.19 Z147.776 E1426.01087
G1 X24.896 Y10.982 Z147.787 E1426.9182
G1 X24.034 Y12.747 Z147.799 E1427.84194
G1 X23.258 Y14.103 Z147.808 E1428.57666
G1 X22.194 Y15.712 Z147.82 E1429.48381
G1 X21.015 Y17.239 Z147.831 E1430.39105
G1 X19.992 Y18.408 Z147.84 E1431.12158
G1 X18.902 Y19.528 Z147.849 E1431.85654
G1 X17.752 Y20.572 Z147.859 E1432.58697
G1 X16.231 Y21.785 Z147.87 E1433.50187
G1 X14.319 Y23.08 Z147.884 E1434.58786
G1 X12.625 Y24.04 Z147.895 E1435.50353
G1 X10.876 Y24.875 Z147.907 E1436.41496
G1 X9.075 Y25.572 Z147.918 E1437.32314
G1 X7.608 Y26.042 Z147.927 E1438.04757
G1 X6.102 Y26.431 Z147.936 E1438.77904
G1 X4.569 Y26.734 Z147.946 E1439.51392
G1 X3.056 Y26.943 Z147.955 E1440.23219
G1 X1.101 Y27.096 Z147.966 E1441.15439
G1 X-1.208 Y27.085 Z147.98 E1442.24026
G1 X-3.139 Y26.915 Z147.991 E1443.15186
G1 X-4.663 Y26.689 Z148 E1443.8764
G1 X-6.175 Y26.375 Z148.009 E1444.60262
G1 X-7.665 Y25.976 Z148.018 E1445.32801
G1 X-9.145 Y25.487 Z148.028 E1446.06102
G1 X-10.932 Y24.777 Z148.039 E1446.9653
G1 X-12.681 Y23.916 Z148.051 E1447.88207
G1 X-14.031 Y23.144 Z148.06 E1448.61341
G1 X-15.636 Y22.089 Z148.071 E1449.51666
G1 X-17.155 Y20.913 Z148.082 E1450.42006
G1 X-18.319 Y19.895 Z148.091 E1451.14727
G1 X-19.43 Y18.811 Z148.101 E1451.87724
G1 X-20.468 Y17.667 Z148.11 E1452.60368
G1 X-21.682 Y16.155 Z148.121 E1453.51556
G1 X-22.971 Y14.249 Z148.135 E1454.59763
G1 X-23.919 Y12.565 Z148.146 E1455.50643
G1 X-24.757 Y10.826 Z148.158 E1456.41424
G1 X-25.448 Y9.031 Z148.169 E1457.31876
G1 X-25.916 Y7.571 Z148.178 E1458.03977
G1 X-26.302 Y6.072 Z148.187 E1458.76771
G1 X-26.604 Y4.546 Z148.196 E1459.49926
G1 X-26.812 Y3.041 Z148.205 E1460.21375
G1 X-26.967 Y1.097 Z148.217 E1461.13086
G1 X-26.956 Y-1.205 Z148.23 E1462.21344
G1 X-26.784 Y-3.124 Z148.242 E1463.11951
G1 X-26.559 Y-4.64 Z148.251 E1463.84025
G1 X-26.246 Y-6.145 Z148.26 E1464.56315
G1 X-25.849 Y-7.627 Z148.269 E1465.28467
G1 X-25.363 Y-9.101 Z148.278 E1466.01456
G1 X-24.658 Y-10.881 Z148.289 E1466.91491
G1 X-23.799 Y-12.615 Z148.301 E1467.82493
G1 X-23.031 Y-13.958 Z148.31 E1468.55248
G1 X-21.985 Y-15.56 Z148.321 E1469.45223
G1 X-20.811 Y-17.072 Z148.332 E1470.35246
G1 X-19.798 Y-18.231 Z148.342 E1471.07635
G1 X-18.72 Y-19.331 Z148.351 E1471.80064
G1 X-17.582 Y-20.365 Z148.36 E1472.52373
G1 X-16.079 Y-21.578 Z148.371 E1473.43202
G1 X-14.179 Y-22.862 Z148.385 E1474.51044
G1 X-12.506 Y-23.799 Z148.396 E1475.4122
G1 X-10.776 Y-24.638 Z148.407 E1476.31639
G1 X-8.987 Y-25.325 Z148.419 E1477.21761
G1 X-7.534 Y-25.79 Z148.428 E1477.93506
G1 X-6.042 Y-26.174 Z148.437 E1478.65957
G1 X-4.524 Y-26.474 Z148.446 E1479.38725
G1 X-3.026 Y-26.682 Z148.455 E1480.09848
G1 X-1.094 Y-26.839 Z148.466 E1481.01003
G1 X1.201 Y-26.827 Z148.48 E1482.08933
G1 X3.109 Y-26.653 Z148.491 E1482.99033
G1 X4.618 Y-26.429 Z148.5 E1483.70774
;TIME_ELAPSED:858.290634
;LAYER:148
;note -- min layer time used
;TYPE:WALL-OUTER
;MESH:rouleau_cylindrical_vase_3mm_large_v1.stl
G1 F2001.1 X6.055 Y-26.13 Z148.509 E1484.398
G1 X7.539 Y-25.736 Z148.518 E1485.12006
G1 X9.384 Y-25.109 Z148.53 E1486.03645
G1 X11.14 Y-24.382 Z148.541 E1486.93022
G1 X12.492 Y-23.709 Z148.55 E1487.64045
G1 X13.824 Y-22.952 Z148.559 E1488.36094
G1 X15.102 Y-22.125 Z148.568 E1489.07681
G1 X16.356 Y-21.199 Z148.578 E1489.80989
G1 X17.817 Y-19.984 Z148.589 E1490.7035
G1 X19.183 Y-18.674 Z148.601 E1491.59355
G1 X20.23 Y-17.527 Z148.61 E1492.32389
G1 X21.172 Y-16.367 Z148.619 E1493.02662
G1 X22.084 Y-15.092 Z148.628 E1493.76382
G1 X22.918 Y-13.804 Z148.637 E1494.48542
G1 X23.65 Y-12.491 Z148.646 E1495.19236
G1 X24.325 Y-11.111 Z148.656 E1495.91481
G1 X24.903 Y-9.709 Z148.665 E1496.62797
G1 X25.531 Y-7.903 Z148.676 E1497.52716
G1 X26.027 Y-6.059 Z148.688 E1498.42517
G1 X26.324 Y-4.575 Z148.697 E1499.13689
G1 X26.54 Y-3.042 Z148.706 E1499.86494
G1 X26.664 Y-1.537 Z148.715 E1500.5751
G1 X26.697 Y0.001 Z148.724 E1501.29854
G1 X26.657 Y1.537 Z148.734 E1502.02113
G1 X26.523 Y3.016 Z148.742 E1502.71951
G1 X26.299 Y4.546 Z148.752 E1503.4467
G1 X25.994 Y6.027 Z148.761 E1504.15779
G1 X25.602 Y7.504 Z148.77 E1504.87643
G1 X24.985 Y9.336 Z148.782 E1505.78551
G1 X24.258 Y11.078 Z148.793 E1506.67321
G1 X23.585 Y12.43 Z148.802 E1507.38343
G1 X22.832 Y13.756 Z148.811 E1508.10054
G1 X22.009 Y15.027 Z148.82 E1508.81263
G1 X21.091 Y16.273 Z148.829 E1509.54045
G1 X19.883 Y17.729 Z148.841 E1510.43014
G1 X18.575 Y19.086 Z148.852 E1511.31649
G1 X17.433 Y20.128 Z148.861 E1512.04351
G1 X16.28 Y21.065 Z148.87 E1512.7422
G1 X15.015 Y21.972 Z148.88 E1513.47421
G1 X13.735 Y22.796 Z148.889 E1514.1901
G1 X12.423 Y23.529 Z148.898 E1514.89686
G1 X11.05 Y24.2 Z148.907 E1515.61553
G1 X9.659 Y24.776 Z148.916 E1516.32354
G1 X7.862 Y25.404 Z148.927 E1517.21874
G1 X6.024 Y25.893 Z148.939 E1518.11317
G1 X4.548 Y26.188 Z148.948 E1518.82102
G1 X3.023 Y26.403 Z148.957 E1519.54528
G1 X1.525 Y26.526 Z148.966 E1520.25212
G1 X-0.001 Y26.561 Z148.975 E1520.96994
G1 X-1.525 Y26.518 Z148.984 E1521.68692
G1 X-3.004 Y26.385 Z148.993 E1522.38526
G1 X-4.526 Y26.162 Z149.002 E1523.10865
G1 X-5.999 Y25.858 Z149.011 E1523.81596
G1 X-7.469 Y25.468 Z149.021 E1524.53118
G1 X-9.287 Y24.86 Z149.032 E1525.43268
G1 X-11.017 Y24.133 Z149.043 E1526.31517
G1 X-12.369 Y23.461 Z149.052 E1527.02518
G1 X-13.687 Y22.711 Z149.061 E1527.73833
G1 X-14.953 Y21.892 Z149.071 E1528.44742
G1 X-16.19 Y20.984 Z149.08 E1529.16904
G1 X-17.642 Y19.782 Z149.091 E1530.05549
G1 X-18.99 Y18.475 Z149.102 E1530.93847
G1 X-20.026 Y17.339 Z149.111 E1531.66149
G1 X-20.958 Y16.192 Z149.12 E1532.35652
G1 X-21.859 Y14.938 Z149.13 E1533.08268
G1 X-22.675 Y13.667 Z149.139 E1533.79298
G1 X-23.409 Y12.355 Z149.148 E1534.49997
G1 X-24.076 Y10.989 Z149.157 E1535.21485
G1 X-24.65 Y9.61 Z149.166 E1535.91729
G1 X-25.277 Y7.821 Z149.177 E1536.80878
G1 X-25.759 Y5.989 Z149.188 E1537.69964
G1 X-26.052 Y4.52 Z149.197 E1538.40408
G1 X-26.266 Y3.003 Z149.207 E1539.12455
G1 X-26.389 Y1.513 Z149.216 E1539.82763
G1 X-26.425 Y0.00 Z149.225 E1540.53936
G1 X-26.38 Y-1.513 Z149.234 E1541.25119
G1 X-26.247 Y-2.992 Z149.243 E1541.94953
G1 X-26.024 Y-4.507 Z149.252 E1542.66967
G1 X-25.722 Y-5.972 Z149.261 E1543.37311
G1 X-25.333 Y-7.434 Z149.27 E1544.08457
G1 X-24.736 Y-9.239 Z149.281 E1544.97863
G1 X-24.008 Y-10.955 Z149.292 E1545.85524
G1 X-23.337 Y-12.308 Z149.302 E1546.56547
G1 X-22.591 Y-13.619 Z149.311 E1547.27482
G1 X-21.776 Y-14.878 Z149.32 E1547.98012
G1 X-20.876 Y-16.106 Z149.329 E1548.69611
G1 X-19.681 Y-17.554 Z149.34 E1549.57901
G1 X-18.376 Y-18.893 Z149.351 E1550.4583
G1 X-17.246 Y-19.924 Z149.36 E1551.17765
G1 X-16.104 Y-20.851 Z149.369 E1551.86937
G1 X-14.861 Y-21.746 Z149.378 E1552.58968
G1 X-13.598 Y-22.554 Z149.387 E1553.29478
G1 X-12.287 Y-23.288 Z149.396 E1554.00136
G1 X-10.927 Y-23.951 Z149.405 E1554.71288
G1 X-9.561 Y-24.523 Z149.414 E1555.40932
G1 X-7.779 Y-25.15 Z149.426 E1556.29771
G1 X-5.954 Y-25.625 Z149.437 E1557.18455
G1 X-4.493 Y-25.917 Z149.446 E1557.8852
G1 X-2.984 Y-26.129 Z149.455 E1558.60181
G1 X-1.502 Y-26.251 Z149.464 E1559.30112
G1 X0.00 Y-26.289 Z149.473 E1560.00769
G1 X1.501 Y-26.241 Z149.482 E1560.71393
G1 X2.98 Y-26.109 Z149.491 E1561.41223
G1 X4.487 Y-25.887 Z149.5 E1562.12858
;TIME_ELAPSED:863.299000
;LAYER:149
;note -- min layer time used
;TYPE:WALL-OUTER
;MESH:rouleau_cylindrical_vase_3mm_large_v1.stl
G1 F1968.2 X7.037 Y-25.295 Z149.516 E1563.35966
G1 X9.168 Y-24.618 Z149.53 E1564.41117
G1 X10.88 Y-23.89 Z149.541 E1565.28605
G1 X12.258 Y-23.206 Z149.55 E1566.00952
G1 X13.536 Y-22.478 Z149.559 E1566.7012
G1 X14.824 Y-21.643 Z149.569 E1567.42307
G1 X16.308 Y-20.534 Z149.58 E1568.29429
G92 E0
G1 X17.733 Y-19.315 Z149.591 E0.88188
G1 X19.065 Y-17.983 Z149.603 E1.76775
G1 X20.282 Y-16.585 Z149.614 E2.6394
G1 X21.409 Y-15.096 Z149.626 E3.5176
G1 X22.439 Y-13.515 Z149.637 E4.40497
G1 X23.159 Y-12.233 Z149.646 E5.09643
G1 X23.811 Y-10.896 Z149.655 E5.79596
G1 X24.402 Y-9.484 Z149.664 E6.51581
G1 X24.892 Y-8.095 Z149.673 E7.20847
G1 X25.301 Y-6.653 Z149.683 E7.91335
G1 X25.636 Y-5.193 Z149.692 E8.61779
G1 X25.886 Y-3.718 Z149.701 E9.32134
G1 X26.085 Y-1.862 Z149.712 E10.19917
G1 X26.148 Y-0.013 Z149.723 E11.0692
G1 X26.074 Y1.86 Z149.735 E11.95071
G1 X25.862 Y3.714 Z149.746 E12.82828
G1 X25.602 Y5.19 Z149.755 E13.53309
G1 X25.165 Y7.003 Z149.767 E14.41011
G1 X24.485 Y9.125 Z149.78 E15.45802
G1 X23.761 Y10.826 Z149.792 E16.3274
G1 X23.084 Y12.189 Z149.801 E17.04309
G1 X22.356 Y13.467 Z149.81 E17.73477
G1 X21.53 Y14.742 Z149.819 E18.4492
G1 X20.429 Y16.223 Z149.83 E19.31705
G1 X19.215 Y17.636 Z149.842 E20.19311
G1 X17.892 Y18.966 Z149.853 E21.07533
G1 X16.498 Y20.176 Z149.864 E21.9434
G1 X15.017 Y21.301 Z149.876 E22.81803
G1 X13.446 Y22.318 Z149.887 E23.69812
G1 X12.164 Y23.037 Z149.896 E24.38936
G1 X10.834 Y23.686 Z149.905 E25.08531
G1 X9.437 Y24.271 Z149.914 E25.79756
G1 X8.048 Y24.76 Z149.923 E26.49007
G1 X6.618 Y25.169 Z149.932 E27.18952
G1 X5.166 Y25.501 Z149.942 E27.88998
G1 X3.699 Y25.75 Z149.951 E28.58974
G1 X1.85 Y25.951 Z149.962 E29.4644
G1 X0.009 Y26.008 Z149.973 E30.33058
G1 X-1.849 Y25.939 Z149.984 E31.20495
G1 X-3.695 Y25.726 Z149.996 E32.07883
G1 X-5.163 Y25.467 Z150.005 E32.77986
G1 X-6.969 Y25.035 Z150.016 E33.65313
G1 X-9.082 Y24.351 Z150.03 E34.69758
G1 X-10.771 Y23.631 Z150.041 E35.56103
G1 X-12.121 Y22.962 Z150.05 E36.26958
G1 X-13.398 Y22.234 Z150.059 E36.96085
G1 X-14.66 Y21.417 Z150.068 E37.66784
G1 X-16.138 Y20.325 Z150.079 E38.53204
G1 X-17.538 Y19.114 Z150.091 E39.40256
G1 X-18.867 Y17.801 Z150.102 E40.28112
G1 X-20.069 Y16.411 Z150.113 E41.14531
G1 X-21.192 Y14.938 Z150.125 E42.01638
G1 X-22.196 Y13.377 Z150.136 E42.88921
G1 X-22.915 Y12.095 Z150.145 E43.58044
G1 X-23.56 Y10.772 Z150.154 E44.27261
G1 X-24.139 Y9.389 Z150.163 E44.9777
G1 X-24.628 Y8.001 Z150.172 E45.66976
G1 X-25.036 Y6.583 Z150.181 E46.36366
G1 X-25.367 Y5.138 Z150.19 E47.0608
G1 X-25.614 Y3.679 Z150.199 E47.7567
G1 X-25.817 Y1.839 Z150.21 E48.62725
G1 X-25.869 Y0.005 Z150.222 E49.49008
G1 X-25.805 Y-1.837 Z150.233 E50.35684
G1 X-25.59 Y-3.675 Z150.244 E51.22709
G1 X-25.333 Y-5.136 Z150.253 E51.92471
G1 X-24.905 Y-6.935 Z150.264 E52.79434
G1 X-24.218 Y-9.039 Z150.278 E53.83521
G1 X-23.502 Y-10.717 Z150.289 E54.69316
G1 X-22.84 Y-12.052 Z150.298 E55.39393
G1 X-22.112 Y-13.33 Z150.307 E56.08561
G1 X-21.304 Y-14.578 Z150.316 E56.78477
G1 X-20.22 Y-16.053 Z150.327 E57.6456
G1 X-19.014 Y-17.441 Z150.338 E58.51031
G1 X-17.71 Y-18.767 Z150.35 E59.38491
G1 X-16.323 Y-19.963 Z150.361 E60.24618
G1 X-14.859 Y-21.083 Z150.372 E61.11303
G1 X-13.309 Y-22.075 Z150.383 E61.97845
G1 X-12.026 Y-22.793 Z150.392 E62.66987
G1 X-10.71 Y-23.434 Z150.401 E63.35826
G1 X-9.342 Y-24.007 Z150.41 E64.05575
G1 X-7.954 Y-24.496 Z150.419 E64.74781
G1 X-6.548 Y-24.904 Z150.428 E65.43629
G1 X-5.111 Y-25.232 Z150.437 E66.12945
G1 X-3.659 Y-25.479 Z150.446 E66.8221
G1 X-1.827 Y-25.682 Z150.457 E67.68891
G1 X-0.001 Y-25.729 Z150.469 E68.54791
G1 X1.826 Y-25.67 Z150.48 E69.40755
G1 X3.656 Y-25.454 Z150.491 E70.27412
G1 X5.109 Y-25.198 Z150.5 E70.96795
;TIME_ELAPSED:868.318709
;LAYER:150
;note -- min layer time used
;TYPE:WALL-OUTER
;MESH:rouleau_cylindrical_vase_3mm_large_v1.stl
G1 F1916.7 X6.607 Y-24.844 Z150.51 E71.69183
G1 X8.033 Y-24.402 Z150.519 E72.39391
G1 X9.418 Y-23.904 Z150.528 E73.08606
G1 X11.008 Y-23.203 Z150.539 E73.90324
G1 X12.631 Y-22.349 Z150.551 E74.76571
G1 X14.201 Y-21.383 Z150.562 E75.6326
G1 X15.993 Y-20.091 Z150.576 E76.67153
G1 X17.355 Y-18.901 Z150.587 E77.52208
G1 X18.704 Y-17.573 Z150.599 E78.41229
G1 X19.868 Y-16.218 Z150.61 E79.25235
G1 X20.787 Y-15.017 Z150.62 E79.96353
G1 X21.554 Y-13.866 Z150.628 E80.61399
G1 X22.356 Y-12.52 Z150.638 E81.35082
G1 X23.028 Y-11.224 Z150.647 E82.03735
G1 X23.767 Y-9.558 Z150.659 E82.89445
G1 X24.389 Y-7.819 Z150.67 E83.76299
G1 X24.873 Y-6.065 Z150.682 E84.61868
G1 X25.216 Y-4.373 Z150.693 E85.43057
G1 X25.471 Y-2.492 Z150.704 E86.32324
G1 X25.583 Y-.317 Z150.718 E87.34744
G1 X25.522 Y1.888 Z150.732 E88.38479
G1 X25.311 Y3.651 Z150.743 E89.2198
G1 X25.064 Y5.055 Z150.752 E89.8902
G1 X24.706 Y6.575 Z150.762 E90.62458
G1 X24.27 Y7.99 Z150.771 E91.32088
G1 X23.774 Y9.363 Z150.78 E92.00741
G1 X23.08 Y10.947 Z150.791 E92.82068
G1 X22.229 Y12.563 Z150.802 E93.67958
G1 X21.268 Y14.128 Z150.814 E94.54324
G1 X19.984 Y15.901 Z150.828 E95.57272
G1 X18.799 Y17.256 Z150.839 E96.41924
G1 X17.481 Y18.598 Z150.851 E97.30381
G1 X16.132 Y19.756 Z150.862 E98.13989
G1 X14.931 Y20.675 Z150.871 E98.85107
G1 X13.79 Y21.438 Z150.88 E99.49657
G1 X12.452 Y22.235 Z150.89 E100.22897
G1 X11.163 Y22.904 Z150.899 E100.91193
G1 X9.505 Y23.641 Z150.91 E101.76521
G1 X7.779 Y24.254 Z150.921 E102.62657
G1 X6.034 Y24.741 Z150.933 E103.47856
G1 X4.349 Y25.08 Z150.944 E104.28684
G1 X2.476 Y25.335 Z150.955 E105.17579
G1 X0.313 Y25.447 Z150.969 E106.19435
G1 X-1.872 Y25.382 Z150.983 E107.22236
G1 X-3.627 Y25.172 Z150.994 E108.05357
G1 X-5.031 Y24.924 Z151.003 E108.72406
G1 X-6.543 Y24.567 Z151.012 E109.45466
G1 X-7.947 Y24.137 Z151.022 E110.1452
G1 X-9.308 Y23.644 Z151.031 E110.82594
G1 X-10.887 Y22.957 Z151.041 E111.63573
G1 X-12.495 Y22.108 Z151.053 E112.49087
G1 X-14.054 Y21.154 Z151.064 E113.3504
G1 X-15.808 Y19.877 Z151.078 E114.37071
G1 X-17.158 Y18.698 Z151.089 E115.21361
G1 X-18.492 Y17.389 Z151.101 E116.09253
G1 X-19.645 Y16.045 Z151.112 E116.9253
G1 X-20.563 Y14.844 Z151.121 E117.63619
G1 X-21.321 Y13.715 Z151.13 E118.27569
G1 X-22.114 Y12.383 Z151.14 E119.0047
G1 X-22.779 Y11.102 Z151.149 E119.68346
G1 X-23.516 Y9.452 Z151.16 E120.5333
G1 X-24.119 Y7.74 Z151.171 E121.38689
G1 X-24.608 Y6.003 Z151.183 E122.2355
G1 X-24.944 Y4.325 Z151.193 E123.04029
G1 X-25.199 Y2.461 Z151.205 E123.92504
G1 X-25.311 Y0.309 Z151.219 E124.93844
G1 X-25.242 Y-1.856 Z151.232 E125.9571
G1 X-25.033 Y-3.603 Z151.243 E126.78452
G1 X-24.785 Y-5.007 Z151.252 E127.45501
G1 X-24.428 Y-6.511 Z151.262 E128.18195
G1 X-24.005 Y-7.904 Z151.271 E128.86658
G1 X-23.514 Y-9.254 Z151.28 E129.54213
G1 X-22.835 Y-10.827 Z151.291 E130.34785
G1 X-21.987 Y-12.427 Z151.302 E131.19943
G1 X-21.039 Y-13.981 Z151.313 E132.05549
G1 X-19.77 Y-15.716 Z151.327 E133.06637
G1 X-18.596 Y-17.059 Z151.338 E133.90524
G1 X-17.297 Y-18.386 Z151.35 E134.77852
G1 X-15.959 Y-19.533 Z151.361 E135.6073
G1 X-14.757 Y-20.451 Z151.37 E136.31857
G1 X-13.64 Y-21.204 Z151.378 E136.95208
G1 X-12.315 Y-21.994 Z151.388 E137.67754
G1 X-11.04 Y-22.655 Z151.397 E138.35292
G1 X-9.399 Y-23.39 Z151.408 E139.19851
G1 X-7.7 Y-23.984 Z151.42 E140.04493
G1 X-5.972 Y-24.476 Z151.431 E140.88986
G1 X-4.302 Y-24.807 Z151.442 E141.6905
G1 X-2.445 Y-25.064 Z151.453 E142.57211
G1 X-.305 Y-25.175 Z151.467 E143.57985
G1 X1.84 Y-25.102 Z151.48 E144.58917
G1 X3.579 Y-24.894 Z151.491 E145.41281
G1 X4.983 Y-24.645 Z151.5 E146.08337
;TIME_ELAPSED:873.326731
;LAYER:151
;note -- min layer time used
;TYPE:WALL-OUTER
;MESH:rouleau_cylindrical_vase_3mm_large_v1.stl
G1 F1874.4 X6.377 Y-24.314 Z151.509 E146.75716
G1 X7.747 Y-23.907 Z151.518 E147.42927
G1 X9.101 Y-23.42 Z151.528 E148.10595
G1 X10.428 Y-22.857 Z151.537 E148.78385
G1 X11.714 Y-22.208 Z151.546 E149.46127
G1 X12.962 Y-21.499 Z151.555 E150.13627
G1 X14.191 Y-20.716 Z151.565 E150.82157
G1 X15.641 Y-19.647 Z151.576 E151.66875
G1 X16.978 Y-18.478 Z151.587 E152.50395
G1 X17.974 Y-17.503 Z151.596 E153.15941
G1 X19.192 Y-16.143 Z151.608 E154.01798
G1 X20.502 Y-14.434 Z151.622 E155.03063
G1 X21.46 Y-12.94 Z151.633 E155.86525
G1 X22.162 Y-11.69 Z151.642 E156.53945
G1 X22.785 Y-10.411 Z151.651 E157.20849
G1 X23.355 Y-9.075 Z151.661 E157.89157
G1 X23.819 Y-7.746 Z151.67 E158.55356
G1 X24.215 Y-6.379 Z151.679 E159.22286
G1 X24.534 Y-4.969 Z151.688 E159.9027
G1 X24.771 Y-3.555 Z151.697 E160.57694
G1 X24.939 Y-2.143 Z151.706 E161.24565
G1 X25.032 Y-.36 Z151.718 E162.08529
G1 X24.977 Y1.401 Z151.729 E162.91385
G1 X24.802 Y3.207 Z151.741 E163.76714
G1 X24.503 Y4.975 Z151.752 E164.61039
G1 X24.177 Y6.345 Z151.761 E165.27265
G1 X23.773 Y7.707 Z151.77 E165.94075
G1 X23.289 Y9.053 Z151.779 E166.61342
G1 X22.727 Y10.373 Z151.789 E167.2881
G1 X22.087 Y11.65 Z151.798 E167.95984
G1 X21.38 Y12.891 Z151.807 E168.63151
G1 X20.602 Y14.108 Z151.816 E169.31079
G1 X19.541 Y15.549 Z151.828 E170.15233
G1 X18.377 Y16.881 Z151.839 E170.98421
G1 X17.403 Y17.877 Z151.848 E171.63934
G1 X16.054 Y19.089 Z151.86 E172.49218
G1 X14.357 Y20.389 Z151.873 E173.49749
G1 X12.869 Y21.342 Z151.885 E174.32847
G1 X11.626 Y22.04 Z151.894 E174.99888
G1 X10.354 Y22.66 Z151.903 E175.66434
G1 X9.028 Y23.222 Z151.912 E176.34162
G1 X7.7 Y23.687 Z151.921 E177.00332
G1 X6.34 Y24.081 Z151.93 E177.66919
G1 X4.942 Y24.398 Z151.939 E178.34332
G1 X3.535 Y24.635 Z151.948 E179.01432
G1 X2.135 Y24.798 Z151.957 E179.67715
G1 X0.352 Y24.892 Z151.969 E180.51681
G1 X-1.397 Y24.837 Z151.98 E181.33973
G1 X-3.192 Y24.667 Z151.991 E182.18765
G1 X-4.943 Y24.366 Z152.003 E183.02317
G1 X-6.313 Y24.041 Z152.012 E183.68533
G1 X-7.668 Y23.639 Z152.021 E184.35
G1 X-9.006 Y23.157 Z152.03 E185.01881
G1 X-10.318 Y22.598 Z152.039 E185.68948
G1 X-11.586 Y21.965 Z152.048 E186.35596
G1 X-12.82 Y21.262 Z152.057 E187.02384
G1 X-14.025 Y20.488 Z152.066 E187.69735
G1 X-15.458 Y19.435 Z152.078 E188.53363
G1 X-16.783 Y18.277 Z152.089 E189.36118
G1 X-17.78 Y17.302 Z152.098 E190.01698
G1 X-18.986 Y15.965 Z152.11 E190.86373
G1 X-20.277 Y14.28 Z152.123 E191.86199
G1 X-21.224 Y12.798 Z152.134 E192.68907
G1 X-21.918 Y11.562 Z152.144 E193.35569
G1 X-22.534 Y10.297 Z152.153 E194.01737
G1 X-23.089 Y8.981 Z152.162 E194.68903
G1 X-23.555 Y7.653 Z152.171 E195.35089
G1 X-23.947 Y6.301 Z152.18 E196.01289
G1 X-24.263 Y4.914 Z152.189 E196.68187
G1 X-24.5 Y3.516 Z152.198 E197.34869
G1 X-24.657 Y2.127 Z152.207 E198.00606
G1 X-24.752 Y0.344 Z152.218 E198.84575
G1 X-24.696 Y-1.393 Z152.229 E199.66304
G1 X-24.532 Y-3.176 Z152.241 E200.50508
G1 X-24.23 Y-4.912 Z152.252 E201.33373
G1 X-23.905 Y-6.282 Z152.261 E201.99589
G1 X-23.504 Y-7.628 Z152.27 E202.65637
G1 X-23.025 Y-8.959 Z152.279 E203.3216
G1 X-22.469 Y-10.264 Z152.288 E203.98869
G1 X-21.843 Y-11.522 Z152.297 E204.64949
G1 X-21.144 Y-12.749 Z152.306 E205.31358
G1 X-20.374 Y-13.942 Z152.315 E205.98133
G1 X-19.329 Y-15.366 Z152.327 E206.81197
G1 X-18.176 Y-16.686 Z152.338 E207.6362
G1 X-17.201 Y-17.682 Z152.347 E208.29166
G1 X-15.877 Y-18.884 Z152.358 E209.13262
G1 X-14.204 Y-20.165 Z152.372 E210.12354
G1 X-12.728 Y-21.107 Z152.383 E210.94698
G1 X-11.498 Y-21.796 Z152.392 E211.60998
G1 X-10.24 Y-22.408 Z152.401 E212.26788
G1 X-8.934 Y-22.956 Z152.41 E212.93393
G1 X-7.606 Y-23.423 Z152.419 E213.59595
G1 X-6.262 Y-23.813 Z152.428 E214.25407
G1 X-4.887 Y-24.127 Z152.437 E214.91734
G1 X-3.496 Y-24.364 Z152.446 E215.58092
G1 X-2.119 Y-24.517 Z152.455 E216.23247
G1 X-.336 Y-24.612 Z152.466 E217.07216
G1 X1.388 Y-24.556 Z152.477 E217.88333
G1 X3.161 Y-24.397 Z152.489 E218.72048
G1 X4.88 Y-24.093 Z152.5 E219.54142
;TIME_ELAPSED:878.334031
;LAYER:152
;note -- min layer time used
;TYPE:WALL-OUTER
;MESH:rouleau_cylindrical_vase_3mm_large_v1.stl
G1 F1824 X5.555 Y-23.933 Z152.505 E219.86765
G1 X6.92 Y-23.569 Z152.514 E220.53201
G1 X8.263 Y-23.128 Z152.523 E221.19676
G1 X9.543 Y-22.624 Z152.532 E221.8437
G1 X11.143 Y-21.878 Z152.544 E222.6739
G1 X12.656 Y-21.036 Z152.555 E223.48819
G1 X13.872 Y-20.251 Z152.565 E224.16885
G1 X14.977 Y-19.441 Z152.574 E224.81317
G1 X16.057 Y-18.54 Z152.583 E225.4746
G1 X17.087 Y-17.588 Z152.592 E226.13419
G1 X18.06 Y-16.58 Z152.601 E226.79304
G1 X18.99 Y-15.512 Z152.611 E227.45903
G1 X19.826 Y-14.42 Z152.62 E228.10578
G1 X20.804 Y-12.949 Z152.631 E228.93649
G1 X21.662 Y-11.453 Z152.643 E229.74752
G1 X22.423 Y-9.853 Z152.654 E230.58073
G1 X23.055 Y-8.238 Z152.666 E231.39631
G1 X23.485 Y-6.896 Z152.675 E232.05902
G1 X23.838 Y-5.534 Z152.684 E232.7207
G1 X24.108 Y-4.181 Z152.693 E233.36952
G1 X24.305 Y-2.778 Z152.703 E234.03579
G1 X24.418 Y-1.394 Z152.712 E234.68882
G1 X24.461 Y0.012 Z152.721 E235.35033
G1 X24.415 Y1.406 Z152.73 E236.00625
G1 X24.293 Y2.765 Z152.739 E236.64792
G1 X24.08 Y4.175 Z152.749 E237.31853
G1 X23.8 Y5.525 Z152.758 E237.96691
G1 X23.439 Y6.882 Z152.767 E238.62727
G1 X23 Y8.217 Z152.776 E239.28816
G1 X22.499 Y9.49 Z152.785 E239.93151
G1 X21.757 Y11.084 Z152.797 E240.75837
G1 X20.916 Y12.588 Z152.808 E241.56873
G1 X20.139 Y13.791 Z152.818 E242.24221
G1 X19.329 Y14.896 Z152.827 E242.88653
G1 X18.437 Y15.969 Z152.836 E243.54272
G1 X17.49 Y16.993 Z152.845 E244.19865
G1 X16.488 Y17.96 Z152.854 E244.85351
G1 X15.427 Y18.88 Z152.863 E245.51392
G1 X14.335 Y19.716 Z152.872 E246.16068
G1 X12.877 Y20.692 Z152.884 E246.98578
G1 X11.385 Y21.542 Z152.895 E247.79331
G1 X9.801 Y22.3 Z152.907 E248.61912
G1 X8.192 Y22.927 Z152.918 E249.43121
G1 X6.858 Y23.355 Z152.927 E250.09006
G1 X5.504 Y23.706 Z152.937 E250.74786
G1 X4.158 Y23.974 Z152.946 E251.39327
G1 X2.763 Y24.169 Z152.955 E252.05568
G1 X1.387 Y24.283 Z152.964 E252.705
G1 X-0.008 Y24.323 Z152.973 E253.3613
G1 X-1.394 Y24.277 Z152.982 E254.01346
G1 X-2.753 Y24.155 Z152.991 E254.65513
G1 X-4.152 Y23.945 Z153.001 E255.32041
G1 X-5.494 Y23.668 Z153.01 E255.96483
G1 X-6.843 Y23.308 Z153.019 E256.62143
G1 X-8.172 Y22.872 Z153.028 E257.27919
G1 X-9.437 Y22.374 Z153.037 E257.91853
G1 X-11.025 Y21.637 Z153.048 E258.74183
G1 X-12.52 Y20.796 Z153.06 E259.5485
G1 X-13.709 Y20.027 Z153.069 E260.21441
G1 X-14.814 Y19.217 Z153.078 E260.85873
G1 X-15.88 Y18.334 Z153.087 E261.50969
G1 X-16.898 Y17.393 Z153.096 E262.16162
G1 X-17.86 Y16.396 Z153.105 E262.81316
G1 X-18.771 Y15.343 Z153.115 E263.46797
G1 X-19.607 Y14.251 Z153.124 E264.11472
G1 X-20.58 Y12.805 Z153.135 E264.93435
G1 X-21.421 Y11.317 Z153.146 E265.73815
G1 X-22.177 Y9.749 Z153.158 E266.55677
G1 X-22.799 Y8.147 Z153.169 E267.36495
G1 X-23.225 Y6.82 Z153.178 E268.02037
G1 X-23.574 Y5.473 Z153.187 E268.67474
G1 X-23.84 Y4.134 Z153.196 E269.31674
G1 X-24.034 Y2.747 Z153.206 E269.97537
G1 X-24.147 Y1.379 Z153.215 E270.62089
G1 X-24.185 Y-0.004 Z153.224 E271.27153
G1 X-24.14 Y-1.383 Z153.233 E271.92038
G1 X-24.017 Y-2.741 Z153.242 E272.56163
G1 X-23.811 Y-4.129 Z153.251 E273.22152
G1 X-23.536 Y-5.463 Z153.26 E273.86205
G1 X-23.178 Y-6.805 Z153.269 E274.51523
G1 X-22.744 Y-8.126 Z153.278 E275.16913
G1 X-22.248 Y-9.384 Z153.287 E275.80506
G1 X-21.517 Y-10.966 Z153.299 E276.62462
G1 X-20.676 Y-12.453 Z153.31 E277.42801
G1 X-19.915 Y-13.628 Z153.319 E278.08635
G1 X-19.104 Y-14.733 Z153.328 E278.73094
G1 X-18.231 Y-15.791 Z153.337 E279.37601
G1 X-17.295 Y-16.803 Z153.346 E280.02427
G1 X-16.304 Y-17.76 Z153.355 E280.67215
G1 X-15.258 Y-18.662 Z153.364 E281.32169
G1 X-14.166 Y-19.498 Z153.373 E281.96844
G1 X-12.732 Y-20.468 Z153.385 E282.78261
G1 X-11.249 Y-21.301 Z153.396 E283.58252
G1 X-9.696 Y-22.055 Z153.407 E284.39438
G1 X-8.101 Y-22.672 Z153.419 E285.19863
G1 X-6.781 Y-23.095 Z153.428 E285.85049
G1 X-5.442 Y-23.442 Z153.437 E286.50099
G1 X-4.111 Y-23.706 Z153.446 E287.13912
G1 X-2.732 Y-23.899 Z153.455 E287.79395
G1 X-1.371 Y-24.012 Z153.464 E288.43619
G1 X0.00 Y-24.046 Z153.473 E289.08114
G1 X1.371 Y-24.002 Z153.482 E289.72621
G1 X2.729 Y-23.879 Z153.491 E290.36746
G1 X4.106 Y-23.677 Z153.5 E291.02196
;TIME_ELAPSED:883.341677
;LAYER:153
;note -- min layer time used
;TYPE:WALL-OUTER
;MESH:rouleau_cylindrical_vase_3mm_large_v1.stl
G1 F1779.7 X5.162 Y-23.459 Z153.507 E291.52904
G1 X6.904 Y-23.003 Z153.519 E292.37586
G1 X8.202 Y-22.569 Z153.529 E293.01949
G1 X9.345 Y-22.117 Z153.537 E293.59752
G1 X10.58 Y-21.547 Z153.546 E294.23718
G1 X11.8 Y-20.889 Z153.555 E294.88905
G1 X12.969 Y-20.178 Z153.565 E295.5325
G1 X14.404 Y-19.177 Z153.576 E296.3553
G1 X15.974 Y-17.881 Z153.59 E297.31269
G1 X17.284 Y-16.604 Z153.603 E298.17303
G1 X18.362 Y-15.4 Z153.613 E298.93303
G1 X19.374 Y-14.103 Z153.625 E299.70668
G1 X20.147 Y-12.966 Z153.634 E300.35325
G1 X20.853 Y-11.773 Z153.643 E301.00517
G1 X21.54 Y-10.449 Z153.653 E301.70664
G1 X22.055 Y-9.323 Z153.662 E302.28893
G1 X22.688 Y-7.62 Z153.674 E303.14334
G1 X23.239 Y-5.703 Z153.687 E304.08136
G1 X23.595 Y-3.935 Z153.699 E304.92949
G1 X23.76 Y-2.748 Z153.707 E305.49307
G1 X23.88 Y-1.235 Z153.718 E306.20684
G1 X23.907 Y0.142 Z153.727 E306.85453
G1 X23.856 Y1.502 Z153.736 E307.49455
G1 X23.692 Y3.121 Z153.747 E308.25982
G1 X23.332 Y5.137 Z153.761 E309.22289
G1 X22.876 Y6.863 Z153.773 E310.06244
G1 X22.444 Y8.154 Z153.782 E310.70265
G1 X21.995 Y9.289 Z153.79 E311.27666
G1 X21.425 Y10.524 Z153.8 E311.91633
G1 X20.774 Y11.735 Z153.809 E312.5629
G1 X20.068 Y12.898 Z153.818 E313.20272
G1 X19.073 Y14.328 Z153.83 E314.02198
G1 X17.785 Y15.886 Z153.843 E314.97262
G1 X16.512 Y17.189 Z153.856 E315.82929
G1 X15.315 Y18.265 Z153.867 E316.58621
G1 X14.021 Y19.268 Z153.878 E317.35615
G1 X12.89 Y20.037 Z153.887 E317.99933
G1 X11.708 Y20.738 Z153.896 E318.6456
G1 X10.39 Y21.422 Z153.906 E319.34392
G1 X9.274 Y21.93 Z153.914 E319.92056
G1 X7.58 Y22.565 Z153.927 E320.77134
G1 X5.67 Y23.114 Z153.94 E321.70593
G1 X3.916 Y23.463 Z153.952 E322.54696
G1 X2.729 Y23.628 Z153.96 E323.11054
G1 X1.231 Y23.747 Z153.97 E323.81723
G1 X-.14 Y23.773 Z153.979 E324.4621
G1 X-1.491 Y23.722 Z153.989 E325.09789
G1 X-3.103 Y23.564 Z154 E325.85961
G1 X-5.111 Y23.205 Z154.013 E326.81889
G1 X-6.822 Y22.748 Z154.025 E327.65174
G1 X-8.105 Y22.319 Z154.034 E328.28793
G1 X-9.234 Y21.872 Z154.043 E328.85898
G1 X-10.469 Y21.303 Z154.052 E329.49844
G1 X-11.67 Y20.659 Z154.061 E330.13932
G1 X-12.826 Y19.957 Z154.07 E330.77534
G1 X-14.253 Y18.968 Z154.082 E331.59184
G1 X-15.799 Y17.69 Z154.095 E332.53514
G1 X-17.094 Y16.42 Z154.107 E333.38813
G1 X-18.167 Y15.23 Z154.118 E334.14166
G1 X-19.162 Y13.939 Z154.129 E334.90818
G1 X-19.926 Y12.814 Z154.138 E335.54771
G1 X-20.623 Y11.643 Z154.148 E336.18857
G1 X-21.304 Y10.332 Z154.158 E336.88332
G1 X-21.805 Y9.225 Z154.166 E337.45474
G1 X-22.442 Y7.54 Z154.178 E338.30189
G1 X-22.989 Y5.637 Z154.191 E339.23306
G1 X-23.331 Y3.897 Z154.203 E340.06699
G1 X-23.495 Y2.71 Z154.211 E340.63051
G1 X-23.613 Y1.226 Z154.221 E341.3306
G1 X-23.639 Y-.136 Z154.231 E341.97123
G1 X-23.589 Y-1.48 Z154.24 E342.60372
G1 X-23.437 Y-3.085 Z154.25 E343.36188
G1 X-23.079 Y-5.085 Z154.264 E344.31738
G1 X-22.621 Y-6.781 Z154.276 E345.14354
G1 X-22.194 Y-8.057 Z154.285 E345.77632
G1 X-21.75 Y-9.178 Z154.293 E346.34334
G1 X-21.181 Y-10.413 Z154.302 E346.98281
G1 X-20.544 Y-11.605 Z154.311 E347.6184
G1 X-19.846 Y-12.755 Z154.321 E348.25104
G1 X-18.863 Y-14.177 Z154.332 E349.064
G1 X-17.594 Y-15.711 Z154.346 E350.00025
G1 X-16.328 Y-17 Z154.358 E350.84991
G1 X-15.146 Y-18.069 Z154.369 E351.59938
G1 X-13.857 Y-19.056 Z154.38 E352.36287
G1 X-12.738 Y-19.815 Z154.389 E352.99874
G1 X-11.578 Y-20.508 Z154.398 E353.63419
G1 X-10.274 Y-21.186 Z154.408 E354.32537
G1 X-9.176 Y-21.679 Z154.416 E354.89139
G1 X-7.5 Y-22.32 Z154.428 E355.73525
G1 X-5.604 Y-22.864 Z154.441 E356.66286
G1 X-3.878 Y-23.199 Z154.453 E357.4897
G1 X-2.691 Y-23.363 Z154.461 E358.05322
G1 X-1.222 Y-23.48 Z154.471 E358.74624
G1 X0.132 Y-23.506 Z154.48 E359.38311
G1 X1.468 Y-23.456 Z154.489 E360.01184
G1 X3.067 Y-23.31 Z154.5 E360.76694
;TIME_ELAPSED:888.348595
;LAYER:154
;note -- min layer time used
;TYPE:WALL-OUTER
;MESH:rouleau_cylindrical_vase_3mm_large_v1.stl
G1 F1759.5 X5.661 Y-22.789 Z154.518 E362.01119
G1 X7.255 Y-22.323 Z154.529 E362.79219
G1 X8.822 Y-21.749 Z154.541 E363.57699
G1 X10.329 Y-21.073 Z154.552 E364.35373
G1 X11.533 Y-20.433 Z154.561 E364.99496
G1 X12.667 Y-19.746 Z154.57 E365.61849
G1 X13.774 Y-18.986 Z154.58 E366.24996
G1 X14.842 Y-18.147 Z154.589 E366.88866
G1 X15.865 Y-17.262 Z154.598 E367.52479
G1 X17.052 Y-16.079 Z154.609 E368.3129
G1 X18.15 Y-14.827 Z154.621 E369.09604
G1 X18.964 Y-13.761 Z154.63 E369.72679
G1 X19.716 Y-12.651 Z154.639 E370.35731
G1 X20.383 Y-11.535 Z154.648 E370.96873
G1 X21.012 Y-10.328 Z154.657 E371.6088
G1 X21.689 Y-8.797 Z154.669 E372.39605
G1 X22.266 Y-7.221 Z154.68 E373.18531
G1 X22.718 Y-5.652 Z154.691 E373.95318
G1 X23.103 Y-3.658 Z154.705 E374.90823
G1 X23.32 Y-1.669 Z154.719 E375.84915
G1 X23.376 Y-0.009 Z154.73 E376.63025
G1 X23.314 Y1.669 Z154.742 E377.41992
G1 X23.078 Y3.665 Z154.755 E378.36512
G1 X22.671 Y5.629 Z154.769 E379.30836
G1 X22.204 Y7.216 Z154.78 E380.08633
G1 X21.635 Y8.777 Z154.792 E380.86768
G1 X20.958 Y10.277 Z154.803 E381.64161
G1 X20.321 Y11.474 Z154.812 E382.27928
G1 X19.638 Y12.601 Z154.821 E382.89901
G1 X18.881 Y13.702 Z154.83 E383.52736
G1 X18.05 Y14.763 Z154.839 E384.16114
G1 X17.171 Y15.777 Z154.848 E384.79223
G1 X15.996 Y16.962 Z154.86 E385.57702
G1 X14.75 Y18.049 Z154.871 E386.35462
G1 X13.689 Y18.859 Z154.88 E386.98237
G1 X12.585 Y19.607 Z154.889 E387.6095
G1 X11.47 Y20.274 Z154.898 E388.22051
G1 X10.27 Y20.901 Z154.907 E388.85723
G1 X8.753 Y21.576 Z154.919 E389.63808
G1 X7.185 Y22.143 Z154.93 E390.4222
G1 X5.616 Y22.596 Z154.941 E391.1902
G1 X3.64 Y22.982 Z154.955 E392.13702
G1 X1.659 Y23.199 Z154.969 E393.07421
G1 X0.006 Y23.25 Z154.98 E393.85195
G1 X-1.658 Y23.192 Z154.991 E394.63496
G1 X-3.644 Y22.957 Z155.005 E395.57544
G1 X-5.597 Y22.552 Z155.018 E396.51343
G1 X-7.177 Y22.086 Z155.03 E397.28811
G1 X-8.733 Y21.521 Z155.041 E398.0666
G1 X-10.225 Y20.843 Z155.052 E398.8373
G1 X-11.416 Y20.209 Z155.061 E399.47181
G1 X-12.536 Y19.529 Z155.07 E400.08799
G1 X-13.631 Y18.776 Z155.079 E400.71295
G1 X-14.684 Y17.954 Z155.088 E401.34117
G1 X-15.689 Y17.08 Z155.098 E401.96752
G1 X-16.871 Y15.913 Z155.109 E402.74866
G1 X-17.948 Y14.672 Z155.12 E403.5214
G1 X-18.754 Y13.617 Z155.129 E404.14576
G1 X-19.499 Y12.519 Z155.138 E404.76976
G1 X-20.166 Y11.404 Z155.147 E405.38078
G1 X-20.79 Y10.211 Z155.156 E406.01393
G1 X-21.462 Y8.709 Z155.167 E406.78775
G1 X-22.02 Y7.15 Z155.179 E407.56646
G1 X-22.475 Y5.581 Z155.19 E408.33472
G1 X-22.86 Y3.623 Z155.203 E409.27315
G1 X-23.079 Y1.649 Z155.217 E410.20717
G1 X-23.125 Y0.003 Z155.228 E410.98154
G1 X-23.069 Y-1.647 Z155.24 E411.75794
G1 X-22.836 Y-3.623 Z155.253 E412.69364
G1 X-22.434 Y-5.566 Z155.267 E413.62674
G1 X-21.968 Y-7.138 Z155.278 E414.39781
G1 X-21.407 Y-8.688 Z155.289 E415.17301
G1 X-20.728 Y-10.172 Z155.3 E415.94048
G1 X-20.098 Y-11.357 Z155.309 E416.57162
G1 X-19.42 Y-12.471 Z155.318 E417.1849
G1 X-18.671 Y-13.559 Z155.327 E417.80608
G1 X-17.857 Y-14.605 Z155.336 E418.42939
G1 X-16.99 Y-15.6 Z155.345 E419.05003
G1 X-15.83 Y-16.781 Z155.357 E419.82853
G1 X-14.594 Y-17.847 Z155.368 E420.59611
G1 X-13.545 Y-18.649 Z155.377 E421.21708
G1 X-12.453 Y-19.39 Z155.386 E421.8377
G1 X-11.339 Y-20.057 Z155.395 E422.44831
G1 X-10.153 Y-20.678 Z155.404 E423.07789
G1 X-8.665 Y-21.349 Z155.415 E423.84551
G1 X-7.114 Y-21.898 Z155.426 E424.61925
G1 X-5.545 Y-22.353 Z155.437 E425.38751
G1 X-3.605 Y-22.739 Z155.451 E426.31773
G1 X-1.638 Y-22.958 Z155.464 E427.24848
G1 X0.00 Y-23 Z155.475 E428.01904
G1 X1.637 Y-22.947 Z155.487 E428.78929
G1 X3.602 Y-22.715 Z155.5 E429.71979
;TIME_ELAPSED:893.355432
;LAYER:155
;note -- min layer time used
;TYPE:WALL-OUTER
;MESH:rouleau_cylindrical_vase_3mm_large_v1.stl
G1 F1717.5 X5.207 Y-22.383 Z155.511 E430.49056
G1 X6.72 Y-21.963 Z155.522 E431.22899
G1 X8.593 Y-21.312 Z155.536 E432.16151
G1 X10.051 Y-20.646 Z155.547 E432.91532
G1 X11.277 Y-19.998 Z155.557 E433.56746
G1 X12.341 Y-19.353 Z155.566 E434.15259
G1 X13.72 Y-18.389 Z155.578 E434.94385
G1 X15.017 Y-17.335 Z155.589 E435.7298
G1 X16.167 Y-16.264 Z155.6 E436.46883
G1 X17.493 Y-14.818 Z155.614 E437.39148
G1 X18.694 Y-13.263 Z155.628 E438.31548
G1 X19.765 Y-11.592 Z155.642 E439.24886
G1 X20.529 Y-10.176 Z155.653 E440.00551
G1 X21.069 Y-8.991 Z155.662 E440.61792
G1 X21.542 Y-7.759 Z155.671 E441.23854
G1 X21.944 Y-6.521 Z155.68 E441.85066
G1 X22.36 Y-4.905 Z155.692 E442.6354
G1 X22.649 Y-3.313 Z155.703 E443.39632
G1 X22.799 Y-1.974 Z155.713 E444.02996
G1 X22.864 Y-.642 Z155.722 E444.65711
G1 X22.854 Y0.928 Z155.733 E445.39546
G1 X22.721 Y2.546 Z155.744 E446.15893
G1 X22.545 Y3.825 Z155.753 E446.76608
G1 X22.266 Y5.183 Z155.763 E447.41805
G1 X21.852 Y6.688 Z155.774 E448.15211
G1 X21.2 Y8.553 Z155.788 E449.08122
G1 X20.537 Y10.001 Z155.799 E449.83017
G1 X19.892 Y11.221 Z155.808 E450.47915
G1 X19.25 Y12.279 Z155.817 E451.06114
G1 X18.297 Y13.65 Z155.829 E451.84635
G1 X17.246 Y14.94 Z155.84 E452.62886
G1 X16.181 Y16.087 Z155.851 E453.36494
G1 X14.742 Y17.407 Z155.865 E454.28325
G1 X13.197 Y18.599 Z155.879 E455.20094
G1 X11.533 Y19.667 Z155.892 E456.13079
G1 X10.12 Y20.423 Z155.904 E456.88442
G1 X8.941 Y20.96 Z155.913 E457.49368
G1 X7.719 Y21.432 Z155.922 E458.10974
G1 X6.488 Y21.831 Z155.931 E458.7183
G1 X4.883 Y22.247 Z155.942 E459.49803
G1 X3.299 Y22.53 Z155.954 E460.25474
G1 X1.961 Y22.68 Z155.963 E460.88791
G1 X0.638 Y22.747 Z155.972 E461.51088
G1 X-.925 Y22.739 Z155.983 E462.24593
G1 X-2.533 Y22.604 Z155.995 E463.0048
G1 X-3.801 Y22.427 Z156.003 E463.60688
G1 X-5.159 Y22.148 Z156.013 E464.25886
G1 X-6.655 Y21.742 Z156.024 E464.98784
G1 X-8.513 Y21.087 Z156.038 E465.91432
G1 X-9.951 Y20.428 Z156.049 E466.6582
G1 X-11.165 Y19.786 Z156.058 E467.30403
G1 X-12.218 Y19.148 Z156.067 E467.88304
G1 X-13.58 Y18.206 Z156.079 E468.66182
G1 X-14.863 Y17.157 Z156.09 E469.44119
G1 X-16.006 Y16.098 Z156.101 E470.17396
G1 X-17.32 Y14.667 Z156.115 E471.0876
G1 X-18.504 Y13.132 Z156.128 E471.99926
G1 X-19.569 Y11.474 Z156.142 E472.92598
G1 X-20.317 Y10.064 Z156.153 E473.6766
G1 X-20.852 Y8.892 Z156.162 E474.28247
G1 X-21.321 Y7.68 Z156.171 E474.89363
G1 X-21.719 Y6.454 Z156.18 E475.49981
G1 X-22.134 Y4.86 Z156.192 E476.27442
G1 X-22.41 Y3.285 Z156.203 E477.02639
G1 X-22.56 Y1.947 Z156.212 E477.65956
G1 X-22.629 Y0.635 Z156.221 E478.27741
G1 X-22.624 Y-.922 Z156.232 E479.00963
G1 X-22.487 Y-2.52 Z156.244 E479.76389
G1 X-22.308 Y-3.777 Z156.252 E480.36099
G1 X-22.03 Y-5.136 Z156.262 E481.01333
G1 X-21.631 Y-6.623 Z156.273 E481.73737
G1 X-20.975 Y-8.473 Z156.287 E482.66045
G1 X-20.319 Y-9.902 Z156.298 E483.3999
G1 X-19.68 Y-11.11 Z156.307 E484.04258
G1 X-19.045 Y-12.156 Z156.316 E484.61804
G1 X-18.115 Y-13.51 Z156.327 E485.39052
G1 X-17.068 Y-14.786 Z156.339 E486.16675
G1 X-16.015 Y-15.926 Z156.349 E486.89657
G1 X-14.592 Y-17.233 Z156.363 E487.80521
G1 X-13.067 Y-18.409 Z156.376 E488.71085
G1 X-11.414 Y-19.471 Z156.39 E489.63483
G1 X-10.007 Y-20.211 Z156.401 E490.38244
G1 X-8.842 Y-20.743 Z156.41 E490.98473
G1 X-7.64 Y-21.21 Z156.419 E491.59116
G1 X-6.421 Y-21.606 Z156.428 E492.19392
G1 X-4.837 Y-22.022 Z156.44 E492.9641
G1 X-3.272 Y-22.291 Z156.451 E493.71087
G1 X-1.933 Y-22.441 Z156.46 E494.34451
G1 X-.631 Y-22.512 Z156.469 E494.95772
G1 X0.918 Y-22.509 Z156.48 E495.68618
G1 X2.506 Y-22.37 Z156.491 E496.43583
G1 X3.753 Y-22.19 Z156.5 E497.02834
;TIME_ELAPSED:898.362100
;LAYER:156
;note -- min layer time used
;TYPE:WALL-OUTER
;MESH:rouleau_cylindrical_vase_3mm_large_v1.stl
G1 F1673.2 X4.461 Y-22.045 Z156.505 E497.36821
G1 X5.718 Y-21.753 Z156.514 E497.97508
G1 X6.954 Y-21.391 Z156.524 E498.58076
G1 X8.153 Y-20.963 Z156.533 E499.17947
G1 X9.341 Y-20.446 Z156.542 E499.78877
G1 X10.478 Y-19.881 Z156.551 E500.38585
G1 X11.602 Y-19.243 Z156.56 E500.99366
G1 X12.945 Y-18.365 Z156.572 E501.74824
G1 X14.214 Y-17.389 Z156.583 E502.50111
G1 X15.177 Y-16.552 Z156.593 E503.10114
G1 X16.121 Y-15.635 Z156.602 E503.72005
G1 X17.196 Y-14.454 Z156.614 E504.47108
G1 X18.161 Y-13.201 Z156.625 E505.21483
G1 X18.869 Y-12.142 Z156.634 E505.8139
G1 X19.544 Y-11.03 Z156.643 E506.42565
G1 X20.143 Y-9.88 Z156.653 E507.03544
G1 X20.784 Y-8.431 Z156.664 E507.78057
G1 X21.325 Y-6.924 Z156.675 E508.53355
G1 X21.679 Y-5.702 Z156.685 E509.13186
G1 X21.975 Y-4.44 Z156.694 E509.74146
G1 X22.188 Y-3.181 Z156.703 E510.34195
G1 X22.329 Y-1.918 Z156.712 E510.93959
G1 X22.403 Y-.315 Z156.724 E511.69425
G1 X22.342 Y1.6 Z156.737 E512.59528
G1 X22.162 Y3.184 Z156.749 E513.345
G1 X21.939 Y4.44 Z156.758 E513.9449
G1 X21.647 Y5.691 Z156.767 E514.54903
G1 X21.287 Y6.918 Z156.776 E515.15038
G1 X20.858 Y8.116 Z156.785 E515.74881
G1 X20.347 Y9.296 Z156.795 E516.35353
G1 X19.785 Y10.428 Z156.804 E516.94788
G1 X19.15 Y11.547 Z156.813 E517.55295
G1 X18.277 Y12.885 Z156.824 E518.30427
G1 X17.305 Y14.146 Z156.836 E519.05301
G1 X16.472 Y15.103 Z156.845 E519.64968
G1 X15.56 Y16.04 Z156.854 E520.26459
G1 X14.387 Y17.109 Z156.866 E521.01094
G1 X13.132 Y18.074 Z156.877 E521.75544
G1 X12.083 Y18.778 Z156.886 E522.34955
G1 X10.978 Y19.446 Z156.895 E522.95678
G1 X9.833 Y20.043 Z156.905 E523.56405
G1 X8.392 Y20.685 Z156.916 E524.30593
G1 X6.89 Y21.222 Z156.927 E525.05607
G1 X5.674 Y21.574 Z156.937 E525.6514
G1 X4.421 Y21.866 Z156.946 E526.25645
G1 X3.168 Y22.078 Z156.955 E526.85408
G1 X1.911 Y22.219 Z156.964 E527.44892
G1 X0.635 Y22.288 Z156.973 E528.04987
G1 X-.62 Y22.286 Z156.982 E528.64007
G1 X-1.915 Y22.203 Z156.991 E529.25032
G1 X-3.17 Y22.054 Z157 E529.84466
G1 X-4.419 Y21.833 Z157.01 E530.44117
G1 X-5.664 Y21.541 Z157.019 E531.04255
G1 X-6.881 Y21.182 Z157.028 E531.63926
G1 X-8.079 Y20.753 Z157.037 E532.23768
G1 X-9.252 Y20.248 Z157.046 E532.83826
G1 X-10.377 Y19.689 Z157.055 E533.42904
G1 X-11.491 Y19.057 Z157.064 E534.03136
G1 X-12.825 Y18.189 Z157.076 E534.77982
G1 X-14.077 Y17.221 Z157.087 E535.52407
G1 X-15.03 Y16.391 Z157.096 E536.11838
G1 X-15.96 Y15.485 Z157.105 E536.72897
G1 X-17.022 Y14.319 Z157.117 E537.47067
G1 X-17.986 Y13.064 Z157.128 E538.21488
G1 X-18.687 Y12.024 Z157.137 E538.8047
G1 X-19.348 Y10.926 Z157.146 E539.40741
G1 X-19.943 Y9.787 Z157.156 E540.01174
G1 X-20.587 Y8.353 Z157.167 E540.751
G1 X-21.118 Y6.856 Z157.178 E541.49798
G1 X-21.469 Y5.646 Z157.187 E542.09047
G1 X-21.758 Y4.402 Z157.196 E542.69107
G1 X-21.968 Y3.155 Z157.205 E543.28576
G1 X-22.108 Y1.904 Z157.214 E543.87775
G1 X-22.178 Y0.628 Z157.224 E544.47873
G1 X-22.174 Y-.621 Z157.233 E545.0661
G1 X-22.094 Y-1.906 Z157.242 E545.67158
G1 X-21.947 Y-3.155 Z157.251 E546.26301
G1 X-21.727 Y-4.398 Z157.26 E546.85665
G1 X-21.436 Y-5.636 Z157.269 E547.45471
G1 X-21.078 Y-6.845 Z157.278 E548.04768
G1 X-20.648 Y-8.042 Z157.287 E548.64582
G1 X-20.149 Y-9.207 Z157.296 E549.24183
G1 X-19.593 Y-10.327 Z157.305 E549.82987
G1 X-18.964 Y-11.435 Z157.314 E550.42905
G1 X-18.101 Y-12.766 Z157.326 E551.17505
G1 X-17.137 Y-14.009 Z157.337 E551.91479
G1 X-16.307 Y-14.961 Z157.346 E552.50876
G1 X-15.41 Y-15.879 Z157.355 E553.11235
G1 X-14.251 Y-16.935 Z157.367 E553.84971
G1 X-12.996 Y-17.898 Z157.378 E554.59364
G1 X-11.965 Y-18.596 Z157.387 E555.17916
G1 X-10.874 Y-19.25 Z157.396 E555.77735
G1 X-9.741 Y-19.843 Z157.405 E556.37874
G1 X-8.314 Y-20.488 Z157.416 E557.11519
G1 X-6.822 Y-21.015 Z157.428 E557.85933
G1 X-5.618 Y-21.365 Z157.437 E558.44898
G1 X-4.382 Y-21.649 Z157.446 E559.04539
G1 X-3.142 Y-21.859 Z157.455 E559.63683
G1 X-1.898 Y-21.998 Z157.464 E560.2255
G1 X-.622 Y-22.067 Z157.473 E560.82645
G1 X0.621 Y-22.063 Z157.482 E561.411
G1 X1.897 Y-21.986 Z157.491 E562.01217
G1 X3.14 Y-21.839 Z157.5 E562.60079
;TIME_ELAPSED:903.368591
;LAYER:157
;note -- min layer time used
;TYPE:WALL-OUTER
;MESH:rouleau_cylindrical_vase_3mm_large_v1.stl
G1 F1641.5 X3.766 Y-21.729 Z157.505 E562.8997
G1 X4.984 Y-21.479 Z157.514 E563.48444
G1 X6.214 Y-21.153 Z157.523 E564.08285
G1 X7.403 Y-20.762 Z157.532 E564.67146
G1 X8.594 Y-20.295 Z157.542 E565.27308
G1 X9.71 Y-19.781 Z157.551 E565.8509
G1 X10.841 Y-19.181 Z157.56 E566.45299
G1 X11.904 Y-18.536 Z157.569 E567.03773
G1 X12.966 Y-17.815 Z157.578 E567.64138
G1 X13.931 Y-17.066 Z157.587 E568.21586
G1 X14.901 Y-16.221 Z157.597 E568.82084
G1 X16.013 Y-15.112 Z157.608 E569.5594
G1 X17.056 Y-13.925 Z157.62 E570.3025
G1 X17.799 Y-12.956 Z157.629 E570.87674
G1 X18.525 Y-11.888 Z157.638 E571.48405
G1 X19.153 Y-10.838 Z157.647 E572.05942
G1 X19.756 Y-9.689 Z157.657 E572.66966
G1 X20.255 Y-8.588 Z157.665 E573.23813
G1 X20.713 Y-7.387 Z157.675 E573.84261
G1 X21.096 Y-6.198 Z157.684 E574.43006
G1 X21.414 Y-4.97 Z157.693 E575.02661
G1 X21.657 Y-3.754 Z157.702 E575.60977
G1 X21.833 Y-2.509 Z157.711 E576.20109
G1 X21.939 Y-1.239 Z157.721 E576.80042
G1 X21.978 Y0.008 Z157.73 E577.38714
G1 X21.94 Y1.23 Z157.739 E577.9621
G1 X21.821 Y2.507 Z157.748 E578.56524
G1 X21.638 Y3.75 Z157.757 E579.15609
G1 X21.389 Y4.963 Z157.766 E579.73843
G1 X21.064 Y6.188 Z157.776 E580.33446
G1 X20.675 Y7.372 Z157.785 E580.92054
G1 X20.21 Y8.558 Z157.794 E581.51963
G1 X19.699 Y9.669 Z157.803 E582.09472
G1 X19.101 Y10.796 Z157.812 E582.69471
G1 X18.458 Y11.855 Z157.821 E583.27735
G1 X17.74 Y12.909 Z157.831 E583.8771
G1 X16.992 Y13.874 Z157.84 E584.45129
G1 X16.154 Y14.836 Z157.849 E585.05127
G1 X15.051 Y15.947 Z157.86 E585.78751
G1 X13.867 Y16.981 Z157.872 E586.52676
G1 X12.898 Y17.725 Z157.881 E587.10129
G1 X11.84 Y18.444 Z157.89 E587.70286
G1 X10.789 Y19.073 Z157.899 E588.27887
G1 X9.65 Y19.671 Z157.909 E588.88386
G1 X8.549 Y20.17 Z157.917 E589.45232
G1 X7.356 Y20.627 Z157.927 E590.05312
G1 X6.172 Y21.008 Z157.936 E590.63805
G1 X4.949 Y21.325 Z157.945 E591.2322
G1 X3.738 Y21.567 Z157.954 E591.81297
G1 X2.499 Y21.742 Z157.963 E592.40142
G1 X1.233 Y21.847 Z157.973 E592.99884
G1 X0.00 Y21.879 Z157.982 E593.57888
G1 X-1.232 Y21.841 Z157.991 E594.15854
G1 X-2.497 Y21.729 Z158 E594.75577
G1 X-3.735 Y21.548 Z158.009 E595.34416
G1 X-4.943 Y21.3 Z158.018 E595.9241
G1 X-6.162 Y20.976 Z158.027 E596.51727
G1 X-7.342 Y20.589 Z158.036 E597.10128
G1 X-8.523 Y20.125 Z158.046 E597.69801
G1 X-9.629 Y19.616 Z158.054 E598.27057
G1 X-10.751 Y19.021 Z158.064 E598.86782
G1 X-11.806 Y18.381 Z158.073 E599.44812
G1 X-12.852 Y17.666 Z158.082 E600.04397
G1 X-13.817 Y16.918 Z158.091 E600.61815
G1 X-14.77 Y16.086 Z158.1 E601.21309
G1 X-15.881 Y14.99 Z158.112 E601.94702
G1 X-16.907 Y13.81 Z158.123 E602.68237
G1 X-17.65 Y12.841 Z158.132 E603.25661
G1 X-18.364 Y11.791 Z158.141 E603.85375
G1 X-18.993 Y10.741 Z158.15 E604.42936
G1 X-19.585 Y9.61 Z158.16 E605.02971
G1 X-20.084 Y8.51 Z158.168 E605.59775
G1 X-20.54 Y7.325 Z158.178 E606.19486
G1 X-20.92 Y6.146 Z158.187 E606.77741
G1 X-21.236 Y4.928 Z158.196 E607.36917
G1 X-21.477 Y3.723 Z158.205 E607.94707
G1 X-21.651 Y2.488 Z158.214 E608.5336
G1 X-21.756 Y1.228 Z158.223 E609.1282
G1 X-21.788 Y0.00 Z158.232 E609.7059
G1 X-21.749 Y-1.227 Z158.241 E610.28322
G1 X-21.638 Y-2.486 Z158.25 E610.87759
G1 X-21.457 Y-3.719 Z158.26 E611.46366
G1 X-21.21 Y-4.922 Z158.269 E612.0412
G1 X-20.888 Y-6.136 Z158.278 E612.63186
G1 X-20.503 Y-7.311 Z158.287 E613.21334
G1 X-20.04 Y-8.487 Z158.296 E613.8077
G1 X-19.534 Y-9.589 Z158.305 E614.37797
G1 X-18.941 Y-10.706 Z158.314 E614.9727
G1 X-18.303 Y-11.756 Z158.323 E615.5505
G1 X-17.591 Y-12.794 Z158.332 E616.14245
G1 X-16.843 Y-13.759 Z158.341 E616.71664
G1 X-16.019 Y-14.705 Z158.35 E617.30662
G1 X-14.93 Y-15.815 Z158.362 E618.0379
G1 X-13.752 Y-16.833 Z158.373 E618.77008
G1 X-12.783 Y-17.576 Z158.382 E619.34433
G1 X-11.742 Y-18.283 Z158.391 E619.93611
G1 X-10.692 Y-18.913 Z158.4 E620.51197
G1 X-9.571 Y-19.5 Z158.409 E621.10705
G1 X-8.471 Y-19.999 Z158.418 E621.67509
G1 X-7.294 Y-20.454 Z158.428 E622.26853
G1 X-6.12 Y-20.831 Z158.437 E622.8484
G1 X-4.908 Y-21.146 Z158.446 E623.43731
G1 X-3.707 Y-21.386 Z158.455 E624.01328
G1 X-2.478 Y-21.559 Z158.464 E624.59695
G1 X-1.223 Y-21.664 Z158.473 E625.18921
G1 X0.00 Y-21.696 Z158.482 E625.76455
G1 X1.222 Y-21.657 Z158.491 E626.33952
G1 X2.476 Y-21.546 Z158.5 E626.93156
;TIME_ELAPSED:908.375502
;LAYER:158
;note -- min layer time used
;TYPE:WALL-OUTER
;MESH:rouleau_cylindrical_vase_3mm_large_v1.stl
G1 F1630.4 X4.292 Y-21.248 Z158.514 E627.797
G1 X5.795 Y-20.888 Z158.525 E628.52382
G1 X7.267 Y-20.427 Z158.536 E629.24922
G1 X8.405 Y-19.982 Z158.545 E629.82386
G1 X9.816 Y-19.32 Z158.557 E630.55682
G1 X11.44 Y-18.402 Z158.57 E631.43412
G1 X12.73 Y-17.537 Z158.582 E632.16454
G1 X13.72 Y-16.772 Z158.591 E632.75292
G1 X14.628 Y-15.983 Z158.6 E633.31862
G1 X15.744 Y-14.897 Z158.611 E634.05093
G1 X16.764 Y-13.718 Z158.623 E634.78408
G1 X17.522 Y-12.734 Z158.632 E635.36822
G1 X18.371 Y-11.462 Z158.643 E636.08741
G1 X19.276 Y-9.858 Z158.657 E636.95352
G1 X19.929 Y-8.463 Z158.668 E637.67787
G1 X20.396 Y-7.261 Z158.678 E638.28431
G1 X20.852 Y-5.8 Z158.689 E639.00407
G1 X21.207 Y-4.298 Z158.7 E639.72989
G1 X21.415 Y-3.082 Z158.709 E640.31005
G1 X21.553 Y-1.872 Z158.718 E640.88277
G1 X21.634 Y-.342 Z158.73 E641.60331
G1 X21.602 Y1.225 Z158.741 E642.34038
G1 X21.455 Y2.762 Z158.753 E643.0665
G1 X21.197 Y4.282 Z158.764 E643.79154
G1 X20.841 Y5.782 Z158.775 E644.51655
G1 X20.375 Y7.25 Z158.787 E645.24087
G1 X19.932 Y8.385 Z158.796 E645.81385
G1 X19.278 Y9.789 Z158.807 E646.54223
G1 X18.36 Y11.414 Z158.821 E647.41995
G1 X17.493 Y12.7 Z158.832 E648.14933
G1 X16.731 Y13.685 Z158.841 E648.73498
G1 X15.942 Y14.593 Z158.85 E649.30068
G1 X14.858 Y15.707 Z158.862 E650.03166
G1 X13.683 Y16.724 Z158.873 E650.76247
G1 X12.703 Y17.477 Z158.882 E651.34368
G1 X11.437 Y18.329 Z158.893 E652.06132
G1 X9.835 Y19.232 Z158.907 E652.92614
G1 X8.44 Y19.881 Z158.918 E653.6497
G1 X7.244 Y20.345 Z158.928 E654.253
G1 X5.788 Y20.805 Z158.939 E654.97108
G1 X4.287 Y21.157 Z158.95 E655.69611
G1 X3.074 Y21.364 Z158.959 E656.27481
G1 X1.868 Y21.502 Z158.968 E656.84566
G1 X0.652 Y21.572 Z158.977 E657.41846
G1 X-.916 Y21.566 Z158.989 E658.15587
G1 X-2.755 Y21.406 Z159.002 E659.02397
G1 X-4.272 Y21.146 Z159.014 E659.74778
G1 X-5.77 Y20.793 Z159.025 E660.47155
G1 X-7.234 Y20.324 Z159.036 E661.1945
G1 X-8.366 Y19.882 Z159.045 E661.766
G1 X-9.77 Y19.233 Z159.057 E662.4934
G1 X-11.389 Y18.317 Z159.07 E663.36819
G1 X-12.67 Y17.448 Z159.082 E664.09615
G1 X-13.65 Y16.69 Z159.091 E664.67879
G1 X-14.558 Y15.902 Z159.1 E665.24418
G1 X-15.669 Y14.819 Z159.111 E665.97383
G1 X-16.683 Y13.647 Z159.122 E666.70264
G1 X-17.433 Y12.672 Z159.132 E667.28113
G1 X-18.287 Y11.411 Z159.143 E667.99735
G1 X-19.189 Y9.812 Z159.156 E668.86071
G1 X-19.832 Y8.418 Z159.168 E669.58266
G1 X-20.293 Y7.228 Z159.177 E670.18281
G1 X-20.757 Y5.775 Z159.188 E670.90012
G1 X-21.106 Y4.277 Z159.199 E671.62346
G1 X-21.313 Y3.067 Z159.209 E672.20076
G1 X-21.451 Y1.863 Z159.217 E672.77068
G1 X-21.521 Y0.651 Z159.226 E673.34161
G1 X-21.516 Y-.914 Z159.238 E674.07759
G1 X-21.357 Y-2.748 Z159.251 E674.94331
G1 X-21.096 Y-4.262 Z159.263 E675.66582
G1 X-20.745 Y-5.757 Z159.274 E676.388
G1 X-20.272 Y-7.217 Z159.285 E677.10973
G1 X-19.832 Y-8.347 Z159.294 E677.68001
G1 X-19.189 Y-9.748 Z159.306 E678.40495
G1 X-18.275 Y-11.364 Z159.319 E679.27805
G1 X-17.403 Y-12.64 Z159.331 E680.00486
G1 X-16.649 Y-13.615 Z159.34 E680.58449
G1 X-15.862 Y-14.523 Z159.349 E681.14958
G1 X-14.781 Y-15.632 Z159.36 E681.87789
G1 X-13.612 Y-16.643 Z159.371 E682.60472
G1 X-12.642 Y-17.388 Z159.38 E683.1799
G1 X-11.385 Y-18.244 Z159.392 E683.8951
G1 X-9.789 Y-19.146 Z159.405 E684.75723
G1 X-8.396 Y-19.783 Z159.416 E685.47757
G1 X-7.211 Y-20.242 Z159.426 E686.07519
G1 X-5.762 Y-20.71 Z159.437 E686.79129
G1 X-4.266 Y-21.056 Z159.448 E687.51339
G1 X-3.059 Y-21.262 Z159.457 E688.08922
G1 X-1.859 Y-21.4 Z159.466 E688.65727
G1 X-.649 Y-21.469 Z159.475 E689.22723
G1 X0.913 Y-21.467 Z159.486 E689.9618
G1 X2.741 Y-21.308 Z159.5 E690.82472
;TIME_ELAPSED:913.382369
;LAYER:159
;note -- min layer time used
;TYPE:WALL-OUTER
;MESH:rouleau_cylindrical_vase_3mm_large_v1.stl
G1 F1621.4 X4.262 Y-21.045 Z159.511 E691.55062
G1 X5.46 Y-20.767 Z159.521 E692.12899
G1 X6.628 Y-20.414 Z159.53 E692.70281
G1 X7.784 Y-20.002 Z159.539 E693.27994
G1 X8.922 Y-19.522 Z159.548 E693.86078
G1 X10.285 Y-18.841 Z159.559 E694.57731
G1 X11.866 Y-17.887 Z159.573 E695.4457
G1 X13.098 Y-17.002 Z159.584 E696.15907
G1 X14.062 Y-16.215 Z159.593 E696.74431
G1 X14.955 Y-15.394 Z159.602 E697.31477
G1 X15.816 Y-14.519 Z159.611 E697.89208
G1 X16.616 Y-13.595 Z159.62 E698.46685
G1 X17.371 Y-12.615 Z159.629 E699.04863
G1 X18.059 Y-11.611 Z159.638 E699.62101
G1 X18.685 Y-10.556 Z159.648 E700.19792
G1 X19.394 Y-9.196 Z159.659 E700.91919
G1 X19.998 Y-7.784 Z159.67 E701.64142
G1 X20.411 Y-6.628 Z159.679 E702.21871
G1 X20.762 Y-5.46 Z159.688 E702.79226
G1 X21.039 Y-4.26 Z159.697 E703.37144
G1 X21.247 Y-3.055 Z159.707 E703.9465
G1 X21.387 Y-1.849 Z159.715 E704.51746
G1 X21.475 Y-.303 Z159.727 E705.24569
G1 X21.432 Y1.212 Z159.738 E705.95844
G1 X21.298 Y2.759 Z159.75 E706.68869
G1 X21.038 Y4.26 Z159.761 E707.40508
G1 X20.76 Y5.458 Z159.77 E707.98345
G1 X20.409 Y6.626 Z159.779 E708.557
G1 X19.997 Y7.782 Z159.788 E709.13413
G1 X19.517 Y8.919 Z159.797 E709.71453
G1 X18.839 Y10.283 Z159.809 E710.43086
G1 X17.885 Y11.864 Z159.822 E711.29924
G1 X16.997 Y13.095 Z159.833 E712.01306
G1 X16.211 Y14.059 Z159.843 E712.598
G1 X15.39 Y14.951 Z159.852 E713.16812
G1 X14.514 Y15.81 Z159.861 E713.7451
G1 X13.59 Y16.611 Z159.87 E714.32018
G1 X12.611 Y17.365 Z159.879 E714.9013
G1 X11.606 Y18.053 Z159.888 E715.47407
G1 X10.554 Y18.68 Z159.897 E716.05001
G1 X9.195 Y19.392 Z159.908 E716.77151
G1 X7.782 Y19.993 Z159.92 E717.49363
G1 X6.626 Y20.406 Z159.929 E718.07092
G1 X5.458 Y20.754 Z159.938 E718.64407
G1 X4.259 Y21.032 Z159.947 E719.22288
G1 X3.054 Y21.24 Z159.956 E719.79795
G1 X1.849 Y21.379 Z159.965 E720.36839
G1 X0.605 Y21.45 Z159.974 E720.95437
G1 X-.605 Y21.45 Z159.983 E721.5234
G1 X-1.849 Y21.374 Z159.992 E722.10951
G1 X-3.054 Y21.239 Z160.001 E722.67974
G1 X-4.259 Y21.031 Z160.01 E723.25481
G1 X-5.457 Y20.752 Z160.019 E723.83328
G1 X-6.625 Y20.404 Z160.029 E724.40642
G1 X-7.78 Y19.992 Z160.038 E724.98312
G1 X-8.917 Y19.512 Z160.047 E725.56352
G1 X-10.282 Y18.836 Z160.058 E726.27985
G1 X-11.863 Y17.882 Z160.072 E727.14823
G1 X-13.091 Y16.993 Z160.083 E727.86118
G1 X-14.055 Y16.207 Z160.092 E728.44612
G1 X-14.948 Y15.386 Z160.101 E729.01659
G1 X-15.805 Y14.509 Z160.11 E729.59324
G1 X-16.605 Y13.585 Z160.119 E730.16802
G1 X-17.359 Y12.606 Z160.128 E730.74914
G1 X-18.047 Y11.602 Z160.137 E731.32152
G1 X-18.676 Y10.551 Z160.146 E731.89753
G1 X-19.389 Y9.193 Z160.158 E732.61884
G1 X-19.988 Y7.78 Z160.169 E733.34059
G1 X-20.401 Y6.624 Z160.178 E733.91788
G1 X-20.747 Y5.456 Z160.187 E734.49076
G1 X-21.026 Y4.258 Z160.196 E735.06922
G1 X-21.233 Y3.053 Z160.205 E735.64421
G1 X-21.372 Y1.849 Z160.214 E736.21418
G1 X-21.442 Y0.605 Z160.224 E736.80013
G1 X-21.442 Y-.605 Z160.233 E737.36917
G1 X-21.369 Y-1.848 Z160.242 E737.95473
G1 X-21.232 Y-3.053 Z160.251 E738.52506
G1 X-21.024 Y-4.257 Z160.26 E739.09966
G1 X-20.745 Y-5.455 Z160.269 E739.67813
G1 X-20.399 Y-6.623 Z160.278 E740.25101
G1 X-19.986 Y-7.778 Z160.287 E740.82786
G1 X-19.506 Y-8.915 Z160.296 E741.40826
G1 X-18.833 Y-10.28 Z160.307 E742.12397
G1 X-17.88 Y-11.861 Z160.321 E742.99211
G1 X-16.989 Y-13.088 Z160.332 E743.70523
G1 X-16.203 Y-14.052 Z160.341 E744.29017
G1 X-15.382 Y-14.944 Z160.35 E744.86029
G1 X-14.504 Y-15.799 Z160.359 E745.43662
G1 X-13.58 Y-16.6 Z160.369 E746.01171
G1 X-12.602 Y-17.353 Z160.378 E746.59217
G1 X-11.597 Y-18.041 Z160.387 E747.16494
G1 X-10.548 Y-18.671 Z160.396 E747.74039
G1 X-9.192 Y-19.386 Z160.407 E748.4613
G1 X-7.778 Y-19.984 Z160.418 E749.18329
G1 X-6.623 Y-20.396 Z160.428 E749.75999
G1 X-5.454 Y-20.74 Z160.437 E750.33305
G1 X-4.256 Y-21.019 Z160.446 E750.91152
G1 X-3.052 Y-21.226 Z160.455 E751.48604
G1 X-1.848 Y-21.364 Z160.464 E752.05596
G1 X-.605 Y-21.435 Z160.473 E752.64147
G1 X0.605 Y-21.435 Z160.482 E753.2105
G1 X1.848 Y-21.363 Z160.491 E753.79603
G1 X3.052 Y-21.225 Z160.5 E754.36595
;TIME_ELAPSED:918.388653
;LAYER:160
;note -- min layer time used
;TYPE:WALL-OUTER
;MESH:rouleau_cylindrical_vase_3mm_large_v1.stl
G1 F1611.6 X3.971 Y-21.068 Z160.507 E754.8044
G1 X5.451 Y-20.74 Z160.518 E755.5173
G1 X6.623 Y-20.397 Z160.527 E756.09158
G1 X8.074 Y-19.86 Z160.539 E756.81919
G1 X9.447 Y-19.244 Z160.55 E757.52688
G1 X10.552 Y-18.671 Z160.559 E758.11225
G1 X11.861 Y-17.883 Z160.571 E758.83078
G1 X13.093 Y-16.988 Z160.582 E759.54691
G1 X14.054 Y-16.205 Z160.591 E760.12986
G1 X15.162 Y-15.165 Z160.603 E760.84451
G1 X16.2 Y-14.049 Z160.614 E761.56126
G1 X16.982 Y-13.093 Z160.623 E762.1421
G1 X17.699 Y-12.107 Z160.632 E762.71543
G1 X18.525 Y-10.81 Z160.644 E763.43857
G1 X19.258 Y-9.454 Z160.655 E764.16347
G1 X19.752 Y-8.353 Z160.664 E764.73097
G1 X20.2 Y-7.205 Z160.673 E765.3105
G1 X20.666 Y-5.753 Z160.685 E766.02765
G1 X21.029 Y-4.26 Z160.696 E766.75023
G1 X21.238 Y-3.053 Z160.705 E767.3263
G1 X21.377 Y-1.848 Z160.714 E767.89674
G1 X21.466 Y-.293 Z160.726 E768.62922
G1 X21.425 Y1.211 Z160.737 E769.33678
G1 X21.319 Y2.446 Z160.746 E769.9197
G1 X21.088 Y3.975 Z160.758 E770.64692
G1 X20.756 Y5.455 Z160.769 E771.36023
G1 X20.413 Y6.628 Z160.778 E771.93496
G1 X19.88 Y8.083 Z160.79 E772.66368
G1 X19.261 Y9.455 Z160.801 E773.37153
G1 X18.686 Y10.561 Z160.81 E773.95775
G1 X17.897 Y11.87 Z160.822 E774.67652
G1 X17.001 Y13.103 Z160.833 E775.3933
G1 X16.217 Y14.064 Z160.842 E775.97655
G1 X15.18 Y15.178 Z160.853 E776.6923
G1 X14.061 Y16.214 Z160.865 E777.40944
G1 X13.104 Y16.997 Z160.874 E777.99094
G1 X12.117 Y17.715 Z160.883 E778.56493
G1 X10.821 Y18.543 Z160.895 E779.28818
G1 X9.461 Y19.273 Z160.906 E780.01407
G1 X8.36 Y19.77 Z160.915 E780.58215
G1 X7.212 Y20.218 Z160.924 E781.16168
G1 X5.759 Y20.686 Z160.936 E781.87957
G1 X4.265 Y21.045 Z160.947 E782.60216
G1 X3.054 Y21.255 Z160.956 E783.18016
G1 X1.85 Y21.394 Z160.965 E783.75014
G1 X0.291 Y21.474 Z160.977 E784.48426
G1 X-1.21 Y21.437 Z160.988 E785.19036
G1 X-2.446 Y21.332 Z160.997 E785.77372
G1 X-3.978 Y21.108 Z161.009 E786.50184
G1 X-5.459 Y20.772 Z161.02 E787.21602
G1 X-6.633 Y20.428 Z161.029 E787.79134
G1 X-8.091 Y19.899 Z161.041 E788.52074
G1 X-9.464 Y19.278 Z161.052 E789.22941
G1 X-10.57 Y18.7 Z161.061 E789.81628
G1 X-11.878 Y17.911 Z161.073 E790.53465
G1 X-13.114 Y17.014 Z161.084 E791.25285
G1 X-14.075 Y16.23 Z161.093 E791.8361
G1 X-15.194 Y15.195 Z161.105 E792.55293
G1 X-16.228 Y14.073 Z161.116 E793.27047
G1 X-17.013 Y13.115 Z161.125 E793.85293
G1 X-17.731 Y12.128 Z161.134 E794.42692
G1 X-18.561 Y10.832 Z161.146 E795.15067
G1 X-19.288 Y9.469 Z161.157 E795.87714
G1 X-19.788 Y8.368 Z161.166 E796.4458
G1 X-20.236 Y7.218 Z161.175 E797.02621
G1 X-20.707 Y5.765 Z161.187 E797.74453
G1 X-21.061 Y4.27 Z161.198 E798.46703
G1 X-21.271 Y3.056 Z161.207 E799.04643
G1 X-21.41 Y1.851 Z161.216 E799.61687
G1 X-21.495 Y0.291 Z161.228 E800.35159
G1 X-21.455 Y-1.212 Z161.239 E801.05867
G1 X-21.35 Y-2.449 Z161.249 E801.64249
G1 X-21.128 Y-3.982 Z161.26 E802.37095
G1 X-20.788 Y-5.463 Z161.271 E803.08554
G1 X-20.444 Y-6.638 Z161.281 E803.66132
G1 X-19.919 Y-8.1 Z161.292 E804.39185
G1 X-19.295 Y-9.472 Z161.303 E805.10066
G1 X-18.714 Y-10.578 Z161.313 E805.68819
G1 X-17.925 Y-11.887 Z161.324 E806.40696
G1 X-17.027 Y-13.125 Z161.335 E807.1262
G1 X-16.242 Y-14.085 Z161.345 E807.70939
G1 X-15.21 Y-15.209 Z161.356 E808.42699
G1 X-14.086 Y-16.242 Z161.367 E809.1449
G1 X-13.126 Y-17.028 Z161.377 E809.72839
G1 X-12.138 Y-17.747 Z161.386 E810.30303
G1 X-10.843 Y-18.58 Z161.397 E811.02715
G1 X-9.476 Y-19.303 Z161.409 E811.7544
G1 X-8.376 Y-19.806 Z161.418 E812.32323
G1 X-7.224 Y-20.254 Z161.427 E812.90451
G1 X-5.771 Y-20.727 Z161.438 E813.62311
G1 X-4.275 Y-21.077 Z161.45 E814.34565
G1 X-3.057 Y-21.287 Z161.459 E814.9269
G1 X-1.852 Y-21.427 Z161.468 E815.49739
G1 X-.291 Y-21.516 Z161.48 E816.23269
G1 X1.213 Y-21.474 Z161.491 E816.94026
G1 X2.451 Y-21.369 Z161.5 E817.52455
;TIME_ELAPSED:923.395444
;LAYER:161
;note -- min layer time used
;TYPE:WALL-OUTER
;MESH:rouleau_cylindrical_vase_3mm_large_v1.stl
G1 F1618.1 X3.063 Y-21.282 Z161.505 E817.81526
G1 X4.286 Y-21.079 Z161.514 E818.39827
G1 X5.75 Y-20.724 Z161.525 E819.10671
G1 X7.511 Y-20.153 Z161.539 E819.97731
G1 X8.944 Y-19.558 Z161.55 E820.707
G1 X10.032 Y-19.024 Z161.559 E821.27697
G1 X11.112 Y-18.416 Z161.568 E821.85982
G1 X12.386 Y-17.589 Z161.58 E822.57412
G1 X13.622 Y-16.648 Z161.591 E823.30466
G1 X14.553 Y-15.842 Z161.6 E823.88377
G1 X15.427 Y-15.007 Z161.609 E824.45222
G1 X16.26 Y-14.099 Z161.618 E825.03171
G1 X17.047 Y-13.139 Z161.628 E825.61549
G1 X17.932 Y-11.897 Z161.639 E826.33269
G1 X18.893 Y-10.307 Z161.653 E827.20639
G1 X19.717 Y-8.632 Z161.667 E828.08426
G1 X20.379 Y-6.928 Z161.68 E828.94396
G1 X20.826 Y-5.457 Z161.691 E829.66697
G1 X21.102 Y-4.272 Z161.7 E830.23917
G1 X21.312 Y-3.059 Z161.71 E830.8181
G1 X21.473 Y-1.541 Z161.721 E831.53598
G1 X21.53 Y0.301 Z161.735 E832.40265
G1 X21.449 Y1.854 Z161.746 E833.13398
G1 X21.31 Y3.067 Z161.755 E833.70816
G1 X21.105 Y4.292 Z161.764 E834.29226
G1 X20.753 Y5.759 Z161.776 E835.00174
G1 X20.182 Y7.521 Z161.789 E835.87279
G1 X19.584 Y8.956 Z161.801 E836.60389
G1 X19.049 Y10.045 Z161.81 E837.17449
G1 X18.44 Y11.127 Z161.819 E837.75839
G1 X17.614 Y12.404 Z161.83 E838.47361
G1 X16.67 Y13.64 Z161.842 E839.20502
G1 X15.863 Y14.572 Z161.851 E839.78479
G1 X15.024 Y15.447 Z161.86 E840.35488
G1 X14.115 Y16.282 Z161.869 E840.93534
G1 X13.153 Y17.069 Z161.878 E841.51985
G1 X11.913 Y17.958 Z161.89 E842.23738
G1 X10.321 Y18.92 Z161.903 E843.11213
G1 X8.644 Y19.745 Z161.917 E843.99105
G1 X6.937 Y20.409 Z161.931 E844.85241
G1 X5.463 Y20.851 Z161.942 E845.57609
G1 X4.277 Y21.128 Z161.951 E846.14885
G1 X3.063 Y21.339 Z161.961 E846.72833
G1 X1.544 Y21.505 Z161.972 E847.44693
G1 X-.284 Y21.561 Z161.985 E848.307
G1 X-1.857 Y21.477 Z161.997 E849.0478
G1 X-3.072 Y21.338 Z162.006 E849.62292
G1 X-4.298 Y21.131 Z162.015 E850.20763
G1 X-5.767 Y20.783 Z162.027 E850.91759
G1 X-7.532 Y20.211 Z162.04 E851.79013
G1 X-8.969 Y19.61 Z162.052 E852.52264
G1 X-10.059 Y19.074 Z162.061 E853.09387
G1 X-11.142 Y18.464 Z162.07 E853.67841
G1 X-12.422 Y17.639 Z162.081 E854.39456
G1 X-13.658 Y16.693 Z162.093 E855.12654
G1 X-14.591 Y15.884 Z162.102 E855.70728
G1 X-15.466 Y15.042 Z162.111 E856.27835
G1 X-16.304 Y14.13 Z162.12 E856.86081
G1 X-17.092 Y13.167 Z162.13 E857.44598
G1 X-17.984 Y11.93 Z162.141 E858.16319
G1 X-18.948 Y10.335 Z162.155 E859.03963
G1 X-19.773 Y8.657 Z162.169 E859.91898
G1 X-20.438 Y6.946 Z162.182 E860.78226
G1 X-20.877 Y5.469 Z162.194 E861.50689
G1 X-21.153 Y4.281 Z162.203 E862.08046
G1 X-21.366 Y3.066 Z162.212 E862.66056
G1 X-21.536 Y1.546 Z162.223 E863.37983
G1 X-21.591 Y-.285 Z162.237 E864.2413
G1 X-21.506 Y-1.859 Z162.248 E864.98259
G1 X-21.367 Y-3.076 Z162.257 E865.55864
G1 X-21.154 Y-4.315 Z162.267 E866.14986
G1 X-20.812 Y-5.776 Z162.278 E866.85551
G1 X-20.24 Y-7.542 Z162.292 E867.7285
G1 X-19.636 Y-8.981 Z162.303 E868.46242
G1 X-19.099 Y-10.072 Z162.312 E869.03428
G1 X-18.489 Y-11.156 Z162.321 E869.61923
G1 X-17.663 Y-12.441 Z162.333 E870.33762
G1 X-16.715 Y-13.677 Z162.344 E871.07016
G1 X-15.905 Y-14.611 Z162.354 E871.65157
G1 X-15.059 Y-15.485 Z162.363 E872.22361
G1 X-14.145 Y-16.326 Z162.372 E872.80771
G1 X-13.181 Y-17.114 Z162.381 E873.39325
G1 X-11.946 Y-18.01 Z162.392 E874.11079
G1 X-10.35 Y-18.976 Z162.406 E874.98813
G1 X-8.669 Y-19.8 Z162.42 E875.86853
G1 X-6.956 Y-20.467 Z162.434 E876.73303
G1 X-5.475 Y-20.902 Z162.445 E877.45893
G1 X-4.285 Y-21.179 Z162.454 E878.03352
G1 X-3.069 Y-21.392 Z162.463 E878.61408
G1 X-1.548 Y-21.567 Z162.475 E879.3341
G1 X0.286 Y-21.622 Z162.488 E880.19697
G1 X1.862 Y-21.534 Z162.5 E880.93928
;TIME_ELAPSED:928.402262
;LAYER:162
;TYPE:WALL-OUTER
;MESH:rouleau_cylindrical_vase_3mm_large_v1.stl
G1 F1635.5 X3.074 Y-21.396 Z162.505 E881.51293
G1 X4.293 Y-21.184 Z162.51 E882.09479
G1 X5.809 Y-20.833 Z162.516 E882.82657
G1 X7.258 Y-20.363 Z162.522 E883.54294
G1 X8.706 Y-19.782 Z162.529 E884.27666
G1 X10.083 Y-19.123 Z162.535 E884.99456
G1 X11.431 Y-18.345 Z162.541 E885.72648
G1 X12.705 Y-17.495 Z162.547 E886.44671
G1 X13.689 Y-16.738 Z162.552 E887.03054
G1 X14.623 Y-15.927 Z162.557 E887.61225
G1 X15.508 Y-15.069 Z162.562 E888.19192
G1 X16.336 Y-14.167 Z162.567 E888.76772
G1 X17.311 Y-12.953 Z162.573 E889.49995
G1 X18.349 Y-11.436 Z162.581 E890.36437
G1 X19.13 Y-10.087 Z162.587 E891.0974
G1 X19.666 Y-8.996 Z162.592 E891.66904
G1 X20.148 Y-7.841 Z162.597 E892.2576
G1 X20.662 Y-6.38 Z162.603 E892.98594
G1 X21.06 Y-4.898 Z162.609 E893.70757
G1 X21.305 Y-3.696 Z162.614 E894.28446
G1 X21.52 Y-2.162 Z162.62 E895.0129
G1 X21.616 Y-.61 Z162.627 E895.74415
G1 X21.624 Y0.608 Z162.632 E896.31695
G1 X21.553 Y1.863 Z162.637 E896.90808
G1 X21.415 Y3.076 Z162.642 E897.48219
G1 X21.203 Y4.297 Z162.647 E898.06498
G1 X20.851 Y5.815 Z162.653 E898.79779
G1 X20.381 Y7.264 Z162.659 E899.51415
G1 X19.803 Y8.715 Z162.665 E900.24866
G1 X19.141 Y10.092 Z162.671 E900.96716
G1 X18.365 Y11.444 Z162.678 E901.70025
G1 X17.51 Y12.717 Z162.684 E902.4214
G1 X16.753 Y13.701 Z162.689 E903.00523
G1 X15.942 Y14.636 Z162.694 E903.58729
G1 X15.082 Y15.523 Z162.699 E904.16829
G1 X14.18 Y16.351 Z162.704 E904.74409
G1 X12.967 Y17.331 Z162.71 E905.47743
G1 X11.448 Y18.37 Z162.717 E906.34289
G1 X10.095 Y19.148 Z162.724 E907.07685
G1 X9.004 Y19.684 Z162.729 E907.64849
G1 X7.849 Y20.168 Z162.734 E908.23741
G1 X6.386 Y20.685 Z162.74 E908.96711
G1 X4.903 Y21.081 Z162.746 E909.68895
G1 X3.699 Y21.326 Z162.751 E910.26675
G1 X2.165 Y21.544 Z162.757 E910.99539
G1 X0.611 Y21.638 Z162.763 E911.72752
G1 X-.609 Y21.643 Z162.768 E912.30126
G1 X-1.865 Y21.572 Z162.773 E912.89285
G1 X-3.079 Y21.434 Z162.778 E913.46744
G1 X-4.3 Y21.222 Z162.783 E914.05022
G1 X-5.821 Y20.87 Z162.79 E914.78441
G1 X-7.27 Y20.399 Z162.796 E915.50092
G1 X-8.725 Y19.825 Z162.802 E916.23648
G1 X-10.101 Y19.158 Z162.808 E916.95558
G1 X-11.457 Y18.385 Z162.815 E917.6896
G1 X-12.729 Y17.525 Z162.821 E918.41167
G1 X-13.713 Y16.768 Z162.826 E918.99551
G1 X-14.649 Y15.956 Z162.831 E919.57823
G1 X-15.537 Y15.094 Z162.836 E920.16022
G1 X-16.365 Y14.193 Z162.841 E920.73568
G1 X-17.35 Y12.981 Z162.847 E921.47013
G1 X-18.39 Y11.461 Z162.854 E922.33624
G1 X-19.165 Y10.104 Z162.861 E923.07114
G1 X-19.701 Y9.013 Z162.865 E923.64277
G1 X-20.188 Y7.857 Z162.871 E924.23267
G1 X-20.708 Y6.393 Z162.877 E924.96329
G1 X-21.102 Y4.907 Z162.883 E925.68625
G1 X-21.347 Y3.703 Z162.888 E926.26406
G1 X-21.568 Y2.167 Z162.894 E926.99382
G1 X-21.66 Y0.611 Z162.9 E927.72684
G1 X-21.663 Y-.611 Z162.905 E928.30151
G1 X-21.592 Y-1.866 Z162.91 E928.89264
G1 X-21.453 Y-3.081 Z162.915 E929.46774
G1 X-21.241 Y-4.304 Z162.92 E930.05145
G1 X-20.888 Y-5.827 Z162.927 E930.78666
G1 X-20.418 Y-7.276 Z162.933 E931.50303
G1 X-19.847 Y-8.734 Z162.939 E932.23938
G1 X-19.176 Y-10.109 Z162.945 E932.95889
G1 X-18.405 Y-11.47 Z162.951 E933.69449
G1 X-17.54 Y-12.74 Z162.958 E934.4171
G1 X-16.783 Y-13.725 Z162.963 E935.00131
G1 X-15.971 Y-14.662 Z162.968 E935.58438
G1 X-15.107 Y-15.551 Z162.973 E936.16737
G1 X-14.206 Y-16.38 Z162.978 E936.74314
G1 X-12.995 Y-17.369 Z162.984 E937.47842
G1 X-11.473 Y-18.411 Z162.991 E938.34584
G1 X-10.112 Y-19.183 Z162.998 E939.08167
G1 X-9.021 Y-19.719 Z163.002 E939.6533
G1 X-7.865 Y-20.208 Z163.008 E940.24357
G1 X-6.399 Y-20.731 Z163.014 E940.97554
G1 X-4.912 Y-21.124 Z163.02 E941.69884
G1 X-3.706 Y-21.369 Z163.025 E942.27757
G1 X-2.17 Y-21.591 Z163.031 E943.00741
G1 X-.612 Y-21.681 Z163.037 E943.7413
G1 X0.612 Y-21.682 Z163.042 E944.31691
G1 X1.868 Y-21.611 Z163.047 E944.90851
G1 X3.083 Y-21.471 Z163.5 E945.49118
G1 X4.307 Y-21.259 E946.04614
G1 X5.832 Y-20.904 E946.74565
G1 X7.281 Y-20.433 E947.42634
G1 X8.742 Y-19.864 E948.08993
G1 X10.116 Y-19.189 E948.73784
G1 X11.479 Y-18.419 E949.4004
G1 X12.748 Y-17.55 E950.05135
G1 X13.732 Y-16.792 E950.57706
G1 X14.669 Y-15.979 E951.07293
G1 X15.559 Y-15.114 E951.56903
G1 X16.387 Y-14.213 E952.05816
G1 X17.378 Y-13.001 E952.68396
G1 X18.419 Y-11.478 E953.42136
G1 X19.189 Y-10.115 E954.01031
G1 X19.725 Y-9.024 E954.46761
G1 X20.214 Y-7.867 E954.94017
G1 X20.737 Y-6.401 E955.52574
G1 X21.128 Y-4.913 E956.10455
G1 X21.372 Y-3.707 E956.53852
G1 X21.594 Y-2.17 E957.08624
G1 X21.683 Y-.612 E957.63664
G1 X21.683 Y0.612 E958.06834
G1 X21.611 Y1.868 E958.48248
G1 X21.471 Y3.083 E958.88508
G1 X21.259 Y4.307 E959.294
G1 X20.904 Y5.832 E959.80943
G1 X20.433 Y7.281 E960.31099
G1 X19.864 Y8.742 E960.79025
G1 X19.189 Y10.116 E961.25818
G1 X18.419 Y11.479 E961.7367
G1 X17.55 Y12.748 E962.20683
G1 X16.792 Y13.732 E962.58651
G1 X15.979 Y14.669 E962.93654
G1 X15.114 Y15.559 E963.28672
G1 X14.213 Y16.387 E963.63199
G1 X13.001 Y17.378 E964.07373
G1 X11.478 Y18.419 E964.59425
G1 X10.115 Y19.189 E964.99915
G1 X9.024 Y19.725 E965.31355
G1 X7.867 Y20.214 E965.63843
G1 X6.401 Y20.737 E966.04101
G1 X4.913 Y21.128 E966.43894
G1 X3.707 Y21.372 E966.72826
G1 X2.17 Y21.594 E967.0934
G1 X0.612 Y21.683 E967.46034
G1 X-.612 Y21.683 E967.74814
G1 X-1.868 Y21.611 E968.01437
G1 X-3.083 Y21.471 E968.27319
G1 X-4.307 Y21.259 E968.53606
G1 X-5.832 Y20.904 E968.86741
G1 X-7.281 Y20.433 E969.18984
G1 X-8.742 Y19.864 E969.48477
G1 X-10.116 Y19.189 E969.77273
G1 X-11.479 Y18.419 E970.0672
G1 X-12.748 Y17.55 E970.35651
G1 X-13.732 Y16.792 E970.59016
G1 X-14.669 Y15.979 E970.79434
G1 X-15.559 Y15.114 E970.99862
G1 X-16.387 Y14.213 E971.20003
G1 X-17.378 Y13.001 E971.45771
G1 X-18.419 Y11.478 E971.76134
G1 X-19.189 Y10.115 E971.9822
G1 X-19.725 Y9.024 E972.15369
G1 X-20.214 Y7.867 E972.3309
G1 X-20.737 Y6.401 E972.55049
G1 X-21.128 Y4.913 E972.76754
G1 X-21.372 Y3.707 E972.9122
G1 X-21.594 Y2.17 E973.09477
G1 X-21.683 Y0.612 E973.27824
G1 X-21.683 Y-.612 E973.42214
G1 X-21.611 Y-1.868
G1 X-21.471 Y-3.083
G1 X-21.259 Y-4.307
G1 X-20.904 Y-5.832
G1 X-20.433 Y-7.281
G1 X-19.864 Y-8.742
G1 X-19.189 Y-10.116
G1 X-18.419 Y-11.479
;TIME_ELAPSED:937.691539
G1 F1500 E966.92214
M140 S0
M107
M104 S0
M140 S0
;Retract the filament
G92 E1
G1 E-1 F300
G28 X0 Y0
M84
M82 ;absolute extrusion mode
M104 S0
;End of Gcode
;SETTING_3 {"global_quality": "[general]\\nversion = 4\\nname = CuraProfile_3mm_
;SETTING_3 2laybase_40sec\\ndefinition = custom\\n\\n[metadata]\\ntype = quality
;SETTING_3 _changes\\nquality_type = extra coarse\\nsetting_version = 25\\n\\n[v
;SETTING_3 alues]\\nadhesion_type = none\\njerk_enabled = False\\nlayer_height =
;SETTING_3  1\\nlayer_height_0 = 0.5\\nmagic_spiralize = True\\n\\n", "extruder_
;SETTING_3 quality": ["[general]\\nversion = 4\\nname = CuraProfile_3mm_2laybase
;SETTING_3 _40sec\\ndefinition = custom\\n\\n[metadata]\\ntype = quality_changes
;SETTING_3 \\nquality_type = extra coarse\\nintent_category = default\\nposition
;SETTING_3  = 0\\nsetting_version = 25\\n\\n[values]\\nbottom_layers = 2\\nbotto
;SETTING_3 m_thickness = 1.3\\ninfill_sparse_density = 0\\nline_width = 3\\nmesh
;SETTING_3 fix_maximum_resolution = 1\\nretraction_hop = 1.0\\nretraction_hop_en
;SETTING_3 abled = True\\nspeed_layer_0 = 15.0\\nspeed_print = 40.0\\nspeed_trav
;SETTING_3 el = 30.0\\nspeed_wall = 40.0\\nspeed_wall_x = 30\\ntop_bottom_thickn
;SETTING_3 ess = 0\\ntop_layers = 0\\ntravel_avoid_other_parts = False\\nwall_li
;SETTING_3 ne_count = 3\\nwall_thickness = 3.0\\n\\n"]}
