;FLAVOR:Marlin
;TIME:404
;Filament used: 5.304m
;Layer height: 1
;MINX:-28.286
;MINY:-28.288
;MINZ:0.5
;MAXX:28.289
;MAXY:28.286
;MAXZ:60.5
;TARGET_MACHINE.NAME:Unknown
;Generated with Cura_SteamEngine 5.11.0
M140 S60
M105
M190 S60
M104 S200
M105
M109 S200
G28 ;Home
M302 S0 ;Set cold extrusion
M92 E400 ;E Steps at 400 steps/mm M92 E-400 reverse
G1 Z15.0 F6000 ;Move the platform down 15mm
;Prime the extruder
G92 E0
G1 F200 E3
G92 E0
M82 ;absolute extrusion mode
G92 E0
G92 E0
G1 F1500 E-6.5
;LAYER_COUNT:60
;LAYER:0
M107
G1 F600 Z1.5
;MESH:step-vase.stl
G0 F675 X0.00 Y0.000 Z1.5
G0 X2.015 Y20.245
;TYPE:WALL-INNER
G1 F600 Z0.5
G1 F1500 E0
G1 F900 X3.486 Y20.026 E0.34969
G1 X4.483 Y19.824 E0.58888
G1 X5.985 Y19.444 E0.95318
G1 X7.876 Y18.756 E1.42633
G1 X9.192 Y18.128 E1.76919
G1 X10.076 Y17.651 E2.00537
G1 X10.958 Y17.117 E2.24781
G1 X12.222 Y16.262 E2.60662
G1 X13.355 Y15.323 E2.95263
G1 X14.095 Y14.643 E3.18893
G1 X14.8 Y13.927 E3.4252
G1 X15.478 Y13.169 E3.66432
G1 X16.124 Y12.374 E3.90519
G1 X17.249 Y10.751 E4.36952
G1 X17.75 Y9.896 E4.60253
G1 X18.241 Y8.957 E4.85168
G1 X18.663 Y8.05 E5.0869
G1 X19.022 Y7.157 E5.3132
G1 X19.511 Y5.748 E5.66389
G1 X19.874 Y4.248 E6.02677
G1 X20.058 Y3.258 E6.26353
G1 X20.199 Y2.244 E6.50425
G1 X20.283 Y1.246 E6.73974
G1 X20.322 Y0.24 E6.97646
G1 X20.299 Y-1.29 E7.33626
G1 X20.131 Y-2.769 E7.68625
G1 X19.769 Y-4.704 E8.14913
G1 X19.367 Y-6.21 E8.51563
G1 X18.853 Y-7.584 E8.86057
G1 X18.44 Y-8.539 E9.10522
G1 X17.531 Y-10.274 E9.56577
G1 X16.693 Y-11.618 E9.93819
G1 X15.813 Y-12.763 E10.27774
G1 X15.142 Y-13.551 E10.5211
G1 X14.452 Y-14.282 E10.75746
G1 X12.99 Y-15.624 E11.22409
G1 X11.779 Y-16.578 E11.58657
G1 X10.523 Y-17.379 E11.93685
G1 X9.663 Y-17.872 E12.16993
G1 X8.739 Y-18.339 E12.41336
G1 X7.821 Y-18.753 E12.65015
G1 X6.901 Y-19.111 E12.88227
G1 X5.43 Y-19.597 E13.24654
G1 X3.982 Y-19.923 E13.59553
G1 X2.012 Y-20.221 E14.06401
G1 X1.02 Y-20.29 E14.29783
G1 X0.00 Y-20.317 E14.53774
G1 X-1.593 Y-20.275 E14.91244
G1 X-3.001 Y-20.094 E15.24623
G1 X-3.982 Y-19.923 E15.48037
G1 X-5.425 Y-19.598 E15.82817
G1 X-6.901 Y-19.112 E16.19355
G1 X-7.821 Y-18.754 E16.42567
G1 X-8.739 Y-18.339 E16.66256
G1 X-10.077 Y-17.663 E17.01504
G1 X-11.773 Y-16.584 E17.48768
G1 X-12.99 Y-15.624 E17.85215
G1 X-14.452 Y-14.281 E18.31894
G1 X-15.142 Y-13.551 E18.55513
G1 X-15.812 Y-12.763 E18.79833
G1 X-16.691 Y-11.621 E19.13719
G1 X-17.531 Y-10.274 E19.51045
G1 X-18.44 Y-8.539 E19.971
G1 X-19.048 Y-7.132 E20.3314
G1 X-19.505 Y-5.704 E20.68394
G1 X-19.766 Y-4.713 E20.9249
G1 X-20.073 Y-3.28 E21.26949
G1 X-20.299 Y-1.29 E21.74041
G1 X-20.322 Y0.24 E22.10021
G1 X-20.283 Y1.246 E22.33693
G1 X-20.199 Y2.244 E22.57242
G1 X-20.058 Y3.258 E22.81314
G1 X-19.874 Y4.248 E23.0499
G1 X-19.511 Y5.748 E23.41278
G1 X-19.022 Y7.157 E23.76347
G1 X-18.663 Y8.05 E23.98977
G1 X-18.241 Y8.957 E24.22499
G1 X-17.75 Y9.896 E24.47414
G1 X-17.249 Y10.751 E24.70715
G1 X-16.124 Y12.374 E25.17148
G1 X-15.478 Y13.169 E25.41235
G1 X-14.8 Y13.927 E25.65147
G1 X-14.095 Y14.643 E25.88774
G1 X-13.355 Y15.323 E26.12404
G1 X-12.222 Y16.262 E26.47005
G1 X-10.958 Y17.117 E26.82886
G1 X-10.076 Y17.651 E27.0713
G1 X-9.192 Y18.127 E27.30737
G1 X-7.875 Y18.757 E27.65065
G1 X-6.42 Y19.285 E28.01459
G1 X-5.464 Y19.576 E28.24956
G1 X-4.483 Y19.824 E28.48748
G1 X-3.486 Y20.026 E28.72667
G1 X-2.015 Y20.245 E29.07637
G1 X-0.001 Y20.344 E29.55049
G1 X2.015 Y20.245 E30.02509
G0 F675 X2.677 Y21.554
G0 X2.862 Y23.152
G1 F900 X4.005 Y22.982 E30.2968
G1 X5.149 Y22.75 E30.57127
G1 X6.269 Y22.467 E30.84289
G1 X7.369 Y22.133 E31.1132
G1 X8.471 Y21.733 E31.38886
G1 X9.508 Y21.301 E31.653
G1 X10.552 Y20.803 E31.92498
G1 X11.565 Y20.256 E32.19567
G1 X12.576 Y19.645 E32.47343
G1 X13.535 Y18.995 E32.74584
G1 X14.447 Y18.314 E33.01346
G1 X15.328 Y17.584 E33.28249
G1 X16.18 Y16.802 E33.55441
G1 X16.989 Y15.98 E33.8256
G1 X17.762 Y15.116 E34.09819
G1 X18.501 Y14.205 E34.37401
G1 X19.18 Y13.275 E34.64476
G1 X19.799 Y12.334 E34.9096
G1 X20.374 Y11.35 E35.17758
G1 X20.932 Y10.286 E35.46008
G1 X21.417 Y9.243 E35.73054
G1 X21.832 Y8.209 E35.99251
G1 X22.222 Y7.086 E36.27204
G1 X22.537 Y5.999 E36.53814
G1 X22.809 Y4.875 E36.81006
G1 X23.02 Y3.739 E37.08174
G1 X23.182 Y2.576 E37.35783
G1 X23.279 Y1.429 E37.62849
G1 X23.322 Y0.275 E37.90002
G1 X23.305 Y-.876 E38.17069
G1 X23.239 Y-1.991 E38.43332
G1 X23.104 Y-3.176 E38.71376
G1 X22.927 Y-4.28 E38.97666
G1 X22.687 Y-5.405 E39.24713
G1 X22.379 Y-6.557 E39.52752
G1 X22.033 Y-7.644 E39.79574
G1 X21.636 Y-8.705 E40.06211
G1 X21.165 Y-9.797 E40.34174
G1 X20.657 Y-10.828 E40.61199
G1 X20.115 Y-11.799 E40.87346
G1 X19.48 Y-12.819 E41.15598
G1 X18.833 Y-13.757 E41.42391
G1 X18.145 Y-14.651 E41.68916
G1 X17.376 Y-15.554 E41.96804
G1 X16.585 Y-16.393 E42.23917
G1 X15.763 Y-17.184 E42.5074
G1 X14.908 Y-17.933 E42.77467
G1 X13.972 Y-18.67 E43.05479
G1 X13.055 Y-19.323 E43.31949
G1 X12.075 Y-19.947 E43.59266
G1 X11.087 Y-20.513 E43.86039
G1 X10.034 Y-21.047 E44.13801
G1 X8.982 Y-21.521 E44.40931
G1 X7.916 Y-21.935 E44.6782
G1 X6.818 Y-22.298 E44.95012
G1 X5.717 Y-22.607 E45.219
G1 X4.57 Y-22.865 E45.49544
G1 X3.45 Y-23.061 E45.76279
G1 X2.308 Y-23.207 E46.03349
G1 X1.164 Y-23.287 E46.30314
G1 X0.00 Y-23.318 E46.57693
G1 X-1.164 Y-23.288 E46.85072
G1 X-2.308 Y-23.208 E47.12037
G1 X-3.45 Y-23.061 E47.3911
G1 X-4.57 Y-22.865 E47.65845
G1 X-5.717 Y-22.607 E47.93489
G1 X-6.818 Y-22.298 E48.20377
G1 X-7.916 Y-21.936 E48.47561
G1 X-8.982 Y-21.521 E48.74459
G1 X-10.034 Y-21.047 E49.0159
G1 X-11.087 Y-20.513 E49.29351
G1 X-12.075 Y-19.947 E49.56124
G1 X-13.055 Y-19.323 E49.83441
G1 X-13.972 Y-18.67 E50.09911
G1 X-14.908 Y-17.932 E50.37938
G1 X-15.763 Y-17.184 E50.64649
G1 X-16.585 Y-16.393 E50.91472
G1 X-17.376 Y-15.554 E51.18585
G1 X-18.145 Y-14.651 E51.46473
G1 X-18.833 Y-13.757 E51.72998
G1 X-19.48 Y-12.819 E51.99792
G1 X-20.115 Y-11.799 E52.28043
G1 X-20.657 Y-10.828 E52.5419
G1 X-21.165 Y-9.797 E52.81215
G1 X-21.638 Y-8.703 E53.0924
G1 X-22.031 Y-7.655 E53.35558
G1 X-22.386 Y-6.544 E53.62982
G1 X-22.685 Y-5.41 E53.90557
G1 X-22.927 Y-4.28 E54.1773
G1 X-23.104 Y-3.176 E54.4402
G1 X-23.239 Y-1.991 E54.72063
G1 X-23.305 Y-.876 E54.98326
G1 X-23.322 Y0.275 E55.25393
G1 X-23.279 Y1.429 E55.52546
G1 X-23.182 Y2.576 E55.79612
G1 X-23.02 Y3.739 E56.07222
G1 X-22.809 Y4.875 E56.34389
G1 X-22.537 Y5.999 E56.61581
G1 X-22.222 Y7.086 E56.88191
G1 X-21.832 Y8.209 E57.16144
G1 X-21.417 Y9.243 E57.42342
G1 X-20.932 Y10.286 E57.69388
G1 X-20.374 Y11.35 E57.97637
G1 X-19.799 Y12.334 E58.24435
G1 X-19.18 Y13.275 E58.50919
G1 X-18.501 Y14.205 E58.77994
G1 X-17.762 Y15.116 E59.05576
G1 X-16.989 Y15.98 E59.32836
G1 X-16.18 Y16.802 E59.59954
G1 X-15.328 Y17.584 E59.87146
G1 X-14.447 Y18.314 E60.14049
G1 X-13.535 Y18.995 E60.40812
G1 X-12.576 Y19.645 E60.68052
G1 X-11.565 Y20.256 E60.95828
G1 X-10.552 Y20.803 E61.22898
G1 X-9.508 Y21.301 E61.50095
G1 X-8.471 Y21.733 E61.7651
G1 X-7.369 Y22.133 E62.04075
G1 X-6.269 Y22.467 E62.31106
G1 X-5.149 Y22.75 E62.58268
G1 X-4.005 Y22.982 E62.85715
G1 X-2.862 Y23.152 E63.12886
G1 X-1.75 Y23.262 E63.3916
G1 X-.559 Y23.32 E63.67198
G1 X0.559 Y23.32 E63.93486
G1 X1.75 Y23.262 E64.21523
G1 X2.862 Y23.152 E64.47797
G0 F675 X2.678 Y21.554
G0 X3.231 Y26.13
;TYPE:WALL-OUTER
G1 F900 X4.524 Y25.938 E64.78533
G1 X5.815 Y25.676 E65.09507
G1 X7.073 Y25.358 E65.40018
G1 X8.317 Y24.98 E65.70588
G1 X9.559 Y24.529 E66.01658
G1 X10.732 Y24.041 E66.3153
G1 X11.912 Y23.478 E66.62272
G1 X13.055 Y22.861 E66.92813
G1 X14.194 Y22.172 E67.24114
G1 X15.274 Y21.441 E67.54778
G1 X16.303 Y20.672 E67.84983
G1 X17.301 Y19.845 E68.15459
G1 X18.265 Y18.96 E68.46229
G1 X19.177 Y18.033 E68.76806
G1 X20.046 Y17.062 E69.07445
G1 X20.879 Y16.036 E69.3852
G1 X21.646 Y14.985 E69.69113
G1 X22.349 Y13.916 E69.99197
G1 X22.999 Y12.804 E70.29483
G1 X23.622 Y11.615 E70.61045
G1 X24.171 Y10.435 E70.91647
G1 X24.642 Y9.261 E71.2139
G1 X25.082 Y7.996 E71.52882
G1 X25.437 Y6.77 E71.82894
G1 X25.744 Y5.502 E72.1357
G1 X25.982 Y4.219 E72.44252
G1 X26.164 Y2.909 E72.7535
G1 X26.274 Y1.612 E73.05956
G1 X26.323 Y0.31 E73.36592
G1 X26.304 Y-.988 E73.67115
G1 X26.229 Y-2.25 E73.96841
G1 X26.077 Y-3.584 E74.28411
G1 X25.877 Y-4.832 E74.5813
G1 X25.605 Y-6.105 E74.88738
G1 X25.259 Y-7.399 E75.20233
G1 X24.869 Y-8.625 E75.50483
G1 X24.42 Y-9.827 E75.80654
G1 X23.889 Y-11.055 E76.12112
G1 X23.315 Y-12.222 E76.42691
G1 X22.699 Y-13.325 E76.72397
G1 X21.989 Y-14.465 E77.03975
G1 X21.259 Y-15.524 E77.34219
G1 X20.477 Y-16.539 E77.64346
G1 X19.61 Y-17.558 E77.95805
G1 X18.717 Y-18.504 E78.26394
G1 X17.793 Y-19.394 E78.56559
G1 X16.825 Y-20.241 E78.86803
G1 X15.772 Y-21.071 E79.18329
G1 X14.733 Y-21.811 E79.48322
G1 X13.627 Y-22.515 E79.79149
G1 X12.511 Y-23.155 E80.09399
G1 X11.328 Y-23.754 E80.40577
G1 X10.143 Y-24.288 E80.71139
G1 X8.932 Y-24.759 E81.01691
G1 X7.694 Y-25.168 E81.32348
G1 X6.452 Y-25.517 E81.62682
G1 X5.158 Y-25.808 E81.93868
G1 X3.899 Y-26.028 E82.2392
G1 X2.604 Y-26.194 E82.54619
G1 X1.308 Y-26.285 E82.85167
G1 X0.00 Y-26.319 E83.15933
G1 X-1.308 Y-26.285 E83.46698
G1 X-2.604 Y-26.194 E83.77246
G1 X-3.899 Y-26.028 E84.07945
G1 X-5.158 Y-25.808 E84.37997
G1 X-6.452 Y-25.517 E84.69183
G1 X-7.694 Y-25.168 E84.99517
G1 X-8.932 Y-24.76 E85.30167
G1 X-10.143 Y-24.288 E85.60727
G1 X-11.328 Y-23.754 E85.91289
G1 X-12.511 Y-23.155 E86.22468
G1 X-13.627 Y-22.515 E86.52717
G1 X-14.733 Y-21.811 E86.83544
G1 X-15.772 Y-21.071 E87.13537
G1 X-16.825 Y-20.241 E87.45063
G1 X-17.793 Y-19.394 E87.75307
G1 X-18.717 Y-18.504 E88.05473
G1 X-19.61 Y-17.558 E88.36061
G1 X-20.477 Y-16.539 E88.6752
G1 X-21.259 Y-15.524 E88.97648
G1 X-21.989 Y-14.465 E89.27891
G1 X-22.699 Y-13.325 E89.5947
G1 X-23.315 Y-12.222 E89.89175
G1 X-23.889 Y-11.055 E90.19755
G1 X-24.42 Y-9.826 E90.51234
G1 X-24.866 Y-8.639 E90.8105
G1 X-25.267 Y-7.384 E91.12028
G1 X-25.604 Y-6.107 E91.43083
G1 X-25.877 Y-4.832 E91.73742
G1 X-26.077 Y-3.584 E92.03461
G1 X-26.229 Y-2.25 E92.3503
G1 X-26.304 Y-.988 E92.64756
G1 X-26.323 Y0.31 E92.95279
G1 X-26.274 Y1.612 E93.25915
G1 X-26.164 Y2.909 E93.56521
G1 X-25.982 Y4.219 E93.8762
G1 X-25.744 Y5.502 E94.18302
G1 X-25.437 Y6.77 E94.48978
G1 X-25.082 Y7.996 E94.78989
G1 X-24.642 Y9.261 E95.10481
G1 X-24.171 Y10.435 E95.40224
G1 X-23.622 Y11.615 E95.70826
G1 X-22.999 Y12.804 E96.02388
G1 X-22.349 Y13.916 E96.32674
G1 X-21.646 Y14.985 E96.62758
G1 X-20.879 Y16.036 E96.93351
G1 X-20.046 Y17.062 E97.24426
G1 X-19.177 Y18.033 E97.55065
G1 X-18.265 Y18.96 E97.85642
G1 X-17.301 Y19.845 E98.16412
G1 X-16.303 Y20.672 E98.46888
G1 X-15.274 Y21.441 E98.77093
G1 X-14.194 Y22.172 E99.07758
G1 X-13.055 Y22.861 E99.39058
G1 X-11.912 Y23.478 E99.69599
G1 X-10.732 Y24.041 E100.00341
G1 X-9.559 Y24.529 E100.30214
G1 X-8.317 Y24.98 E100.61283
G1 X-7.073 Y25.358 E100.91854
G1 X-5.815 Y25.676 E101.22364
G1 X-4.524 Y25.938 E101.53338
G1 X-3.231 Y26.13 E101.84074
G1 X-1.97 Y26.255 E102.1387
G1 X-.631 Y26.32 E102.45391
G1 X0.631 Y26.32 E102.75064
G1 X1.97 Y26.255 E103.06586
G1 X3.231 Y26.13 E103.36381
G0 F675 X4.524 Y25.938
G0 X4.713 Y25.9
G0 X3.803 Y21.383
G0 X1.319 Y17.424
;TYPE:SKIN
G1 F900 X0.427 Y17.467 E103.57379
G1 X-1.323 Y17.422 E103.98541
G1 X-2.992 Y17.214 E104.38088
G1 X-3.825 Y17.044 E104.58078
G1 X-5.526 Y16.574 E104.99573
G1 X-7.128 Y15.95 E105.39998
G1 X-7.892 Y15.585 E105.59907
G1 X-9.419 Y14.714 E106.01242
G1 X-10.825 Y13.713 E106.41824
G1 X-12.125 Y12.576 E106.82433
G1 X-12.697 Y11.993 E107.01637
G1 X-13.87 Y10.622 E107.44062
G1 X-14.832 Y9.235 E107.83752
G1 X-15.242 Y8.528 E108.02968
G1 X-16.045 Y6.914 E108.45356
G1 X-16.64 Y5.313 E108.85516
G1 X-17.087 Y3.634 E109.2637
G1 X-17.363 Y1.925 E109.67075
G1 X-17.47 Y0.212 E110.07432
G1 X-17.407 Y-1.482 E110.4729
G1 X-17.171 Y-3.206 E110.88205
G1 X-16.757 Y-4.929 E111.29872
G1 X-16.511 Y-5.707 E111.49058
G1 X-15.853 Y-7.336 E111.90367
G1 X-15.073 Y-8.818 E112.29746
G1 X-14.087 Y-10.326 E112.7211
G1 X-13.009 Y-11.653 E113.1231
G1 X-12.432 Y-12.268 E113.32139
G1 X-11.172 Y-13.424 E113.72345
G1 X-9.787 Y-14.463 E114.13056
G1 X-8.306 Y-15.358 E114.53744
G1 X-6.694 Y-16.13 E114.9577
G1 X-5.947 Y-16.422 E115.14628
G1 X-4.264 Y-16.936 E115.56005
G1 X-3.439 Y-17.12 E115.7588
G1 X-1.735 Y-17.381 E116.16414
G1 X-0.002 Y-17.462 E116.57207
G1 X1.735 Y-17.377 E116.98098
G1 X3.444 Y-17.12 E117.38734
G1 X4.264 Y-16.936 E117.58494
G1 X5.947 Y-16.421 E117.99878
G1 X6.695 Y-16.13 E118.1875
G1 X8.301 Y-15.362 E118.60608
G1 X9.792 Y-14.459 E119.01595
G1 X11.176 Y-13.424 E119.4223
G1 X12.423 Y-12.277 E119.82068
G1 X13.009 Y-11.652 E120.02213
G1 X14.102 Y-10.307 E120.42964
G1 X14.591 Y-9.599 E120.63196
G1 X15.475 Y-8.102 E121.04075
G1 X15.842 Y-7.358 E121.23581
G1 X16.501 Y-5.727 E121.64943
G1 X16.996 Y-4.03 E122.06508
G1 X17.165 Y-3.226 E122.25826
G1 X17.407 Y-1.48 E122.67272
G1 X17.47 Y0.212 E123.07084
G1 X17.363 Y1.925 E123.47441
G1 X17.087 Y3.634 E123.88145
G1 X16.641 Y5.311 E124.28948
G1 X16.039 Y6.924 E124.6943
G1 X15.685 Y7.684 E124.89143
G1 X14.823 Y9.248 E125.31134
G1 X13.848 Y10.653 E125.71345
G1 X13.321 Y11.3 E125.90966
G1 X12.113 Y12.591 E126.32538
G1 X10.826 Y13.712 E126.72669
G1 X9.408 Y14.72 E127.13577
G1 X8.668 Y15.167 E127.33905
G1 X7.118 Y15.953 E127.74768
G1 X5.499 Y16.585 E128.15634
G1 X4.715 Y16.825 E128.34912
G1 X2.985 Y17.216 E128.76616
G1 X1.319 Y17.424 E129.16093
G0 F675 X-6.742 Y14.472
G1 F900 X-14.44 Y6.773 E131.72089
G0 F675 X-15.915 Y1.056
G1 F900 X-1.042 Y15.928 E136.6664
G0 F675 X2.956 Y15.684
G1 F900 X-15.688 Y-2.96 E142.86603
G0 F675 X-14.692 Y-6.206
G1 F900 X6.211 Y14.696 E149.81667
G0 F675 X8.958 Y13.2
G1 F900 X-13.194 Y-8.951 E157.18264
G0 F675 X-11.284 Y-11.284
G1 F900 X11.283 Y11.283 E164.68677
G0 F675 X13.2 Y8.957
G1 F900 X-8.963 Y-13.205 E172.05639
G0 F675 X-6.212 Y-14.697
G1 F900 X14.702 Y6.217 E179.01086
G0 F675 X15.678 Y2.95
G1 F900 X-2.949 Y-15.677 E185.20484
G0 F675 X1.063 Y-15.907
G1 F900 X15.923 Y-1.048 E190.14602
G0 F675 X14.476 Y-6.737
G1 F900 X6.794 Y-14.419 E192.70049
G1 X6.264 Y-14.949
;MESH:NONMESH
G0 F600 X6.264 Y-14.949 Z1.5
G0 F675 X1.402 Y5.008
;TIME_ELAPSED:67.521677
;LAYER:1
M106 S255
;TYPE:WALL-INNER
;MESH:step-vase.stl
G1 F1350 X1.915 Y4.838 E192.95463
G1 X2.564 Y4.527 E193.29307
G1 X3.021 Y4.233 E193.54861
G1 X3.428 Y3.909 E193.79325
G1 X3.955 Y3.375 E194.14607
G1 X4.294 Y2.933 E194.40802
G1 X4.671 Y2.285 E194.76057
G1 X4.859 Y1.851 E194.98299
G1 X5.086 Y1.07 E195.36547
G1 X5.164 Y0.593 E195.59276
G1 X5.199 Y0.03 E195.85803
G1 X5.114 Y-.937 E196.31453
G1 X4.989 Y-1.456 E196.56558
G1 X4.61 Y-2.4 E197.04395
G1 X4.207 Y-3.052 E197.4044
G1 X3.502 Y-3.835 E197.89988
G1 X2.908 Y-4.304 E198.25579
G1 X2.207 Y-4.699 E198.63418
G1 X1.287 Y-5.032 E199.09429
G1 X0.514 Y-5.17 E199.46355
G1 X-.288 Y-5.187 E199.84079
G1 X-1.007 Y-5.096 E200.18161
G1 X-1.987 Y-4.799 E200.66317
G1 X-2.482 Y-4.56 E200.92166
G1 X-3.112 Y-4.159 E201.27285
G1 X-3.853 Y-3.483 E201.74454
G1 X-4.338 Y-2.86 E202.11582
G1 X-4.61 Y-2.4 E202.36713
G1 X-4.99 Y-1.446 E202.85004
G1 X-5.146 Y-.732 E203.19373
G1 X-5.195 Y-.196 E203.44684
G1 X-5.165 Y0.593 E203.81815
G1 X-4.954 Y1.578 E204.29187
G1 X-4.671 Y2.285 E204.64999
G1 X-4.406 Y2.762 E204.9066
G1 X-3.955 Y3.375 E205.26449
G1 X-3.61 Y3.743 E205.5017
G1 X-3.021 Y4.233 E205.86201
G1 X-2.564 Y4.527 E206.11755
G1 X-2.113 Y4.755 E206.3552
G1 X-1.142 Y5.073 E206.83569
G1 X-.418 Y5.185 E207.18021
G1 X0.418 Y5.186 E207.57335
G1 X1.402 Y5.008 E208.0436
G0 F1237.5 X0.994 Y8.143
G1 F1350 X2.208 Y7.898 E208.62601
G1 X3.001 Y7.635 E209.0189
G1 X3.714 Y7.315 E209.38642
G1 X4.761 Y6.677 E209.963
G1 X5.694 Y5.903 E210.53308
G1 X6.241 Y5.319 E210.90937
G1 X6.955 Y4.347 E211.47654
G1 X7.363 Y3.611 E211.87227
G1 X7.669 Y2.904 E212.23456
G1 X7.921 Y2.116 E212.62361
G1 X8.147 Y0.922 E213.19508
G1 X8.2 Y0.069 E213.59699
G1 X8.172 Y-.676 E213.94758
G1 X8.064 Y-1.49 E214.33373
G1 X7.869 Y-2.3 E214.72553
G1 X7.433 Y-3.459 E215.30785
G1 X6.848 Y-4.507 E215.87227
G1 X6.397 Y-5.123 E216.23129
G1 X5.849 Y-5.74 E216.61937
G1 X5.232 Y-6.307 E217.01343
G1 X4.262 Y-6.999 E217.57377
G1 X3.503 Y-7.406 E217.97878
G1 X2.779 Y-7.709 E218.34786
G1 X2.022 Y-7.942 E218.72033
G1 X1.202 Y-8.106 E219.11359
G1 X0.432 Y-8.184 E219.47754
G1 X-.432 Y-8.184 E219.88385
G1 X-1.202 Y-8.107 E220.24776
G1 X-2.022 Y-7.942 E220.64111
G1 X-2.779 Y-7.71 E221.01344
G1 X-3.504 Y-7.407 E221.38296
G1 X-4.262 Y-6.999 E221.78777
G1 X-5.232 Y-6.307 E222.34811
G1 X-5.849 Y-5.74 E222.74217
G1 X-6.397 Y-5.123 E223.13025
G1 X-7.069 Y-4.151 E223.68595
G1 X-7.433 Y-3.459 E224.05365
G1 X-7.871 Y-2.289 E224.64115
G1 X-8.063 Y-1.49 E225.02758
G1 X-8.194 Y-.308 E225.58684
G1 X-8.148 Y0.922 E226.16567
G1 X-7.922 Y2.116 E226.73713
G1 X-7.669 Y2.904 E227.12633
G1 X-7.363 Y3.611 E227.48861
G1 X-6.758 Y4.645 E228.05198
G1 X-6.241 Y5.319 E228.45145
G1 X-5.694 Y5.903 E228.82774
G1 X-4.761 Y6.677 E229.39782
G1 X-4.056 Y7.131 E229.79215
G1 X-3.001 Y7.635 E230.34199
G1 X-2.208 Y7.898 E230.73488
G1 X-1.392 Y8.083 E231.12835
G1 X-.639 Y8.178 E231.48527
G1 X0.193 Y8.2 E231.87667
G1 X0.994 Y8.143 E232.2543
G0 F1237.5 X1.365 Y11.121
G1 F1350 X2.468 Y10.927 E232.78096
G1 X3.553 Y10.624 E233.31072
G1 X4.087 Y10.433 E233.57742
G1 X5.071 Y9.991 E234.0847
G1 X6.016 Y9.45 E234.59677
G1 X6.502 Y9.122 E234.8725
G1 X7.369 Y8.436 E235.39241
G1 X7.777 Y8.063 E235.65238
G1 X8.527 Y7.264 E236.16772
G1 X9.383 Y6.148 E236.82914
G1 X10.055 Y4.936 E237.48084
G1 X10.479 Y3.957 E237.98255
G1 X10.821 Y2.888 E238.51037
G1 X11.055 Y1.799 E239.03417
G1 X11.13 Y1.252 E239.29381
G1 X11.2 Y0.108 E239.8328
G1 X11.162 Y-.937 E240.32455
G1 X11.013 Y-2.044 E240.84983
G1 X10.749 Y-3.144 E241.38181
G1 X10.582 Y-3.663 E241.6382
G1 X10.158 Y-4.717 E242.17246
G1 X9.655 Y-5.673 E242.68046
G1 X8.916 Y-6.802 E243.31502
G1 X7.984 Y-7.849 E243.9742
G1 X7.149 Y-8.616 E244.50739
G1 X6.266 Y-9.279 E245.02665
G1 X5.332 Y-9.842 E245.5395
G1 X4.304 Y-10.335 E246.07565
G1 X3.266 Y-10.709 E246.5945
G1 X2.186 Y-10.98 E247.11813
G1 X1.107 Y-11.143 E247.63131
G1 X0.577 Y-11.182 E247.88122
G1 X-.577 Y-11.182 E248.4239
G1 X-1.649 Y-11.075 E248.93053
G1 X-2.756 Y-10.852 E249.46157
G1 X-3.797 Y-10.533 E249.97359
G1 X-4.8 Y-10.113 E250.48494
G1 X-5.812 Y-9.568 E251.02548
G1 X-6.266 Y-9.279 E251.27856
G1 X-7.149 Y-8.616 E251.79783
G1 X-7.984 Y-7.849 E252.33102
G1 X-8.728 Y-7.013 E252.8573
G1 X-9.356 Y-6.153 E253.35808
G1 X-9.655 Y-5.673 E253.62401
G1 X-10.158 Y-4.717 E254.13202
G1 X-10.579 Y-3.669 E254.66313
G1 X-10.751 Y-3.133 E254.92786
G1 X-11.013 Y-2.044 E255.45459
G1 X-11.161 Y-.937 E255.9798
G1 X-11.2 Y0.108 E256.47157
G1 X-11.13 Y1.252 E257.01056
G1 X-10.957 Y2.326 E257.52213
G1 X-10.822 Y2.888 E257.79394
G1 X-10.479 Y3.957 E258.32189
G1 X-10.055 Y4.936 E258.8236
G1 X-9.503 Y5.931 E259.3587
G1 X-8.712 Y7.067 E260.00967
G1 X-7.777 Y8.063 E260.6521
G1 X-7.369 Y8.436 E260.91206
G1 X-6.502 Y9.122 E261.43197
G1 X-5.548 Y9.734 E261.96498
G1 X-4.325 Y10.354 E262.6098
G1 X-3.014 Y10.788 E263.25922
G1 X-1.91 Y11.038 E263.79153
G1 X-.859 Y11.171 E264.28972
G1 X0.265 Y11.2 E264.81847
G1 X1.365 Y11.121 E265.3371
G0 F1237.5 X1.08 Y14.164
G1 F1350 X2.429 Y13.995 E265.97644
G1 X3.82 Y13.68 E266.64714
G1 X5.173 Y13.23 E267.31768
G1 X6.428 Y12.668 E267.96433
G1 X7.041 Y12.338 E268.29172
G1 X8.243 Y11.567 E268.96327
G1 X9.34 Y10.699 E269.62111
G1 X9.86 Y10.223 E269.95263
G1 X10.813 Y9.209 E270.60702
G1 X11.688 Y8.069 E271.28283
G1 X12.052 Y7.516 E271.59417
G1 X12.748 Y6.262 E272.26862
G1 X13.29 Y5.01 E272.91019
G1 X13.721 Y3.659 E273.57707
G1 X14.017 Y2.28 E274.24033
G1 X14.113 Y1.581 E274.57213
G1 X14.201 Y0.147 E275.24776
G1 X14.151 Y-1.198 E275.8807
G1 X13.963 Y-2.597 E276.54451
G1 X13.629 Y-3.988 E277.21724
G1 X13.416 Y-4.65 E277.54428
G1 X12.882 Y-5.975 E278.21608
G1 X12.241 Y-7.195 E278.86417
G1 X11.474 Y-8.365 E279.52206
G1 X10.566 Y-9.482 E280.19901
G1 X10.118 Y-9.959 E280.50675
G1 X9.066 Y-10.925 E281.1784
G1 X7.945 Y-11.766 E281.83742
G1 X6.756 Y-12.483 E282.49036
G1 X5.464 Y-13.103 E283.16428
G1 X4.815 Y-13.355 E283.49168
G1 X3.491 Y-13.762 E284.14307
G1 X2.096 Y-14.042 E284.81217
G1 X0.721 Y-14.179 E285.46198
G1 X-.721 Y-14.179 E286.1401
G1 X-1.404 Y-14.129 E286.46215
G1 X-2.775 Y-13.923 E287.11412
G1 X-3.491 Y-13.762 E287.45924
G1 X-4.815 Y-13.356 E288.11048
G1 X-6.096 Y-12.82 E288.7635
G1 X-7.363 Y-12.137 E289.44038
G1 X-8.514 Y-11.361 E290.09318
G1 X-9.066 Y-10.925 E290.42398
G1 X-10.118 Y-9.959 E291.09562
G1 X-11.059 Y-8.903 E291.76078
G1 X-11.474 Y-8.365 E292.08031
G1 X-12.241 Y-7.195 E292.7382
G1 X-12.882 Y-5.975 E293.38629
G1 X-13.413 Y-4.655 E294.05539
G1 X-13.631 Y-3.976 E294.39075
G1 X-13.962 Y-2.597 E295.05766
G1 X-14.067 Y-1.946 E295.36776
G1 X-14.192 Y-.532 E296.03531
G1 X-14.2 Y0.147 E296.35464
G1 X-14.113 Y1.581 E297.03024
G1 X-13.891 Y2.954 E297.6843
G1 X-13.722 Y3.659 E298.02522
G1 X-13.29 Y5.01 E298.69224
G1 X-12.748 Y6.262 E299.33381
G1 X-12.051 Y7.516 E300.00849
G1 X-11.688 Y8.068 E300.31918
G1 X-10.813 Y9.209 E300.99536
G1 X-9.86 Y10.223 E301.64976
G1 X-9.34 Y10.699 E301.98128
G1 X-8.243 Y11.567 E302.63912
G1 X-7.041 Y12.338 E303.31066
G1 X-5.789 Y12.973 E303.97083
G1 X-4.499 Y13.472 E304.62128
G1 X-3.131 Y13.853 E305.28908
G1 X-1.736 Y14.098 E305.95514
G1 X-.338 Y14.2 E306.61432
G1 X1.08 Y14.164 E307.28137
G0 F1237.5 X2.106 Y17.077
G1 F1350 X3.794 Y16.78 E308.08737
G1 X4.626 Y16.57 E308.4909
G1 X6.259 Y16.028 E309.30003
G1 X7.785 Y15.344 E310.08644
G1 X8.533 Y14.942 E310.48578
G1 X9.983 Y14.011 E311.29612
G1 X11.31 Y12.962 E312.09159
G1 X11.944 Y12.383 E312.49536
G1 X13.099 Y11.153 E313.28883
G1 X14.153 Y9.78 E314.10282
G1 X14.6 Y9.101 E314.48511
G1 X15.44 Y7.588 E315.29892
G1 X16.1 Y6.063 E316.08035
G1 X16.621 Y4.431 E316.88598
G1 X16.979 Y2.761 E317.68917
G1 X17.095 Y1.91 E318.09306
G1 X17.202 Y0.186 E318.90536
G1 X17.141 Y-1.458 E319.679
G1 X16.912 Y-3.151 E320.48241
G1 X16.508 Y-4.833 E321.29589
G1 X15.954 Y-6.424 E322.08814
G1 X15.607 Y-7.233 E322.5021
G1 X14.828 Y-8.717 E323.29028
G1 X13.897 Y-10.136 E324.08839
G1 X12.803 Y-11.481 E324.90371
G1 X12.253 Y-12.068 E325.28199
G1 X10.983 Y-13.234 E326.09276
G1 X9.624 Y-14.253 E326.89155
G1 X8.913 Y-14.707 E327.28826
G1 X7.391 Y-15.526 E328.10105
G1 X5.833 Y-16.179 E328.89547
G1 X4.225 Y-16.671 E329.68626
G1 X2.543 Y-17.009 E330.49306
G1 X0.866 Y-17.176 E331.28559
G1 X-.866 Y-17.176 E332.10009
G1 X-1.701 Y-17.115 E332.4938
G1 X-3.365 Y-16.865 E333.28511
G1 X-4.225 Y-16.671 E333.69969
G1 X-5.833 Y-16.179 E334.49048
G1 X-7.392 Y-15.526 E335.28534
G1 X-8.913 Y-14.707 E336.09771
G1 X-9.624 Y-14.253 E336.49442
G1 X-10.983 Y-13.234 E337.29321
G1 X-12.253 Y-12.068 E338.10398
G1 X-13.389 Y-10.793 E338.90704
G1 X-13.896 Y-10.136 E339.2973
G1 X-14.828 Y-8.717 E340.09567
G1 X-15.607 Y-7.233 E340.88385
G1 X-15.954 Y-6.424 E341.29781
G1 X-16.511 Y-4.82 E342.0963
G1 X-16.912 Y-3.15 E342.90396
G1 X-17.14 Y-1.458 E343.70684
G1 X-17.201 Y0.186 E344.48049
G1 X-17.096 Y1.911 E345.29319
G1 X-16.98 Y2.761 E345.69662
G1 X-16.622 Y4.431 E346.49981
G1 X-16.1 Y6.063 E347.30558
G1 X-15.44 Y7.588 E348.08701
G1 X-14.6 Y9.101 E348.90082
G1 X-14.153 Y9.78 E349.28311
G1 X-13.099 Y11.153 E350.0971
G1 X-11.944 Y12.383 E350.89057
G1 X-10.646 Y13.513 E351.69987
G1 X-9.983 Y14.011 E352.08981
G1 X-8.533 Y14.942 E352.90015
G1 X-7.015 Y15.712 E353.7006
G1 X-6.259 Y16.028 E354.08593
G1 X-4.626 Y16.57 E354.89506
G1 X-2.948 Y16.95 E355.70414
G1 X-1.3 Y17.156 E356.48517
G1 X-.41 Y17.2 E356.90422
G1 X1.3 Y17.157 E357.70862
G1 X2.106 Y17.077 E358.08952
G0 F1237.5 X2.001 Y20.127
G1 F1350 X3.467 Y19.906 E358.78671
G1 X4.458 Y19.707 E359.26205
G1 X5.432 Y19.461 E359.73447
G1 X6.391 Y19.168 E360.20603
G1 X7.345 Y18.826 E360.68262
G1 X9.142 Y18.02 E361.6088
G1 X10.424 Y17.332 E362.293
G1 X12.114 Y16.193 E363.2514
G1 X13.281 Y15.225 E363.96442
G1 X14.356 Y14.242 E364.64944
G1 X15.385 Y13.098 E365.37304
G1 X16.02 Y12.308 E365.84968
G1 X16.905 Y11.1 E366.5539
G1 X17.654 Y9.823 E367.2501
G1 X18.133 Y8.913 E367.73371
G1 X18.91 Y7.115 E368.65481
G1 X19.408 Y5.672 E369.37268
G1 X19.759 Y4.21 E370.07974
G1 X19.942 Y3.242 E370.54302
G1 X20.078 Y2.24 E371.01855
G1 X20.163 Y1.236 E371.49238
G1 X20.221 Y-.276 E372.20394
G1 X20.13 Y-1.719 E372.88388
G1 X19.958 Y-3.26 E373.61306
G1 X19.652 Y-4.679 E374.2957
G1 X19.388 Y-5.677 E374.78117
G1 X18.936 Y-7.081 E375.47479
G1 X18.332 Y-8.491 E376.19614
G1 X17.414 Y-10.239 E377.12463
G1 X16.607 Y-11.535 E377.84259
G1 X15.72 Y-12.683 E378.52482
G1 X14.722 Y-13.856 E379.24908
G1 X13.639 Y-14.897 E379.9555
G1 X12.114 Y-16.162 E380.88727
G1 X11.302 Y-16.741 E381.35626
G1 X10.054 Y-17.537 E382.05237
G1 X8.687 Y-18.233 E382.77374
G1 X6.851 Y-19.002 E383.70982
G1 X5.422 Y-19.477 E384.41798
G1 X3.954 Y-19.807 E385.12556
G1 X1.998 Y-20.102 E386.0558
G1 X1.01 Y-20.174 E386.52165
G1 X0.00 Y-20.197 E386.99674
G1 X-1.01 Y-20.174 E387.47183
G1 X-1.998 Y-20.102 E387.93768
G1 X-3.954 Y-19.808 E388.86785
G1 X-5.426 Y-19.476 E389.57747
G1 X-6.851 Y-19.002 E390.28369
G1 X-8.688 Y-18.233 E391.22021
G1 X-10.056 Y-17.536 E391.94222
G1 X-11.302 Y-16.741 E392.63728
G1 X-12.899 Y-15.543 E393.57611
G1 X-13.639 Y-14.897 E394.03805
G1 X-14.722 Y-13.856 E394.74448
G1 X-15.72 Y-12.683 E395.46873
G1 X-16.883 Y-11.092 E396.39551
G1 X-17.414 Y-10.239 E396.86801
G1 X-18.332 Y-8.491 E397.7965
G1 X-18.938 Y-7.075 E398.52081
G1 X-19.391 Y-5.663 E399.21816
G1 X-19.652 Y-4.678 E399.69736
G1 X-20.014 Y-2.756 E400.6171
G1 X-20.184 Y-1.22 E401.34383
G1 X-20.202 Y0.226 E402.02389
G1 X-20.163 Y1.236 E402.49921
G1 X-20.079 Y2.24 E402.973
G1 X-19.876 Y3.727 E403.67877
G1 X-19.413 Y5.659 E404.61304
G1 X-18.91 Y7.115 E405.33746
G1 X-18.133 Y8.913 E406.25857
G1 X-17.654 Y9.823 E406.74217
G1 X-16.911 Y11.09 E407.43289
G1 X-16.02 Y12.308 E408.14257
G1 X-15.385 Y13.098 E408.61921
G1 X-14.356 Y14.242 E409.3428
G1 X-13.281 Y15.225 E410.02783
G1 X-12.114 Y16.193 E410.74085
G1 X-10.875 Y17.028 E411.44347
G1 X-10.025 Y17.546 E411.91157
G1 X-9.142 Y18.02 E412.38286
G1 X-7.345 Y18.826 E413.30904
G1 X-6.391 Y19.168 E413.78563
G1 X-5.432 Y19.461 E414.25719
G1 X-4.458 Y19.707 E414.72961
G1 X-3.467 Y19.906 E415.20494
G1 X-1.999 Y20.125 E415.90293
G1 X-0.006 Y20.224 E416.84132
G1 X2.001 Y20.127 E417.78624
G0 F1237.5 X2.665 Y21.435
G0 X2.848 Y23.033
G1 F1350 X3.985 Y22.862 E418.32695
G1 X5.121 Y22.634 E418.87182
G1 X6.238 Y22.352 E419.41359
G1 X7.337 Y22.016 E419.95402
G1 X8.431 Y21.623 E420.50068
G1 X9.465 Y21.191 E421.02766
G1 X10.5 Y20.697 E421.56699
G1 X11.517 Y20.15 E422.11003
G1 X12.494 Y19.554 E422.64822
G1 X13.465 Y18.901 E423.1985
G1 X14.366 Y18.223 E423.72877
G1 X15.252 Y17.489 E424.26983
G1 X16.11 Y16.703 E424.81703
G1 X16.892 Y15.908 E425.34144
G1 X17.671 Y15.043 E425.88886
G1 X18.401 Y14.135 E426.43675
G1 X19.082 Y13.204 E426.97919
G1 X19.697 Y12.27 E427.50508
G1 X20.277 Y11.281 E428.04425
G1 X20.825 Y10.239 E428.5979
G1 X21.303 Y9.199 E429.13616
G1 X21.72 Y8.168 E429.65916
G1 X22.107 Y7.048 E430.21641
G1 X22.421 Y5.974 E430.74262
G1 X22.694 Y4.838 E431.29205
G1 X22.904 Y3.722 E431.82607
G1 X23.061 Y2.569 E432.37329
G1 X23.159 Y1.42 E432.91558
G1 X23.203 Y0.265 E433.45913
G1 X23.189 Y-.868 E433.99198
G1 X23.119 Y-1.98 E434.51595
G1 X22.987 Y-3.161 E435.07479
G1 X22.811 Y-4.257 E435.5968
G1 X22.57 Y-5.378 E436.13601
G1 X22.268 Y-6.521 E436.69197
G1 X21.917 Y-7.611 E437.23048
G1 X21.523 Y-8.661 E437.75788
G1 X21.056 Y-9.749 E438.31466
G1 X20.55 Y-10.771 E438.85095
G1 X20 Y-11.761 E439.38354
G1 X19.392 Y-12.738 E439.92469
G1 X18.742 Y-13.679 E440.46251
G1 X18.051 Y-14.573 E440.99387
G1 X17.279 Y-15.48 E441.55399
G1 X16.522 Y-16.287 E442.07433
G1 X15.666 Y-17.109 E442.63242
G1 X14.816 Y-17.852 E443.16333
G1 X13.915 Y-18.563 E443.70307
G1 X12.981 Y-19.228 E444.24225
G1 X12.014 Y-19.845 E444.78168
G1 X11.03 Y-20.406 E445.31434
G1 X9.983 Y-20.939 E445.86684
G1 X8.941 Y-21.407 E446.40401
G1 X7.869 Y-21.825 E446.9451
G1 X6.778 Y-22.187 E447.48566
G1 X5.694 Y-22.491 E448.01509
G1 X4.543 Y-22.75 E448.5699
G1 X3.437 Y-22.944 E449.09796
G1 X2.294 Y-23.088 E449.63972
G1 X1.155 Y-23.171 E450.17677
G1 X0.00 Y-23.198 E450.72007
G1 X-1.155 Y-23.171 E451.26337
G1 X-2.294 Y-23.088 E451.80042
G1 X-3.437 Y-22.944 E452.34218
G1 X-4.543 Y-22.75 E452.87024
G1 X-5.694 Y-22.491 E453.42505
G1 X-6.778 Y-22.187 E453.95448
G1 X-7.869 Y-21.825 E454.49504
G1 X-8.941 Y-21.407 E455.03613
G1 X-9.984 Y-20.94 E455.57354
G1 X-11.03 Y-20.406 E456.12583
G1 X-12.014 Y-19.845 E456.65849
G1 X-12.981 Y-19.228 E457.19792
G1 X-13.915 Y-18.563 E457.7371
G1 X-14.816 Y-17.852 E458.27684
G1 X-15.666 Y-17.109 E458.80775
G1 X-16.522 Y-16.287 E459.36585
G1 X-17.279 Y-15.48 E459.88618
G1 X-18.051 Y-14.573 E460.4463
G1 X-18.742 Y-13.679 E460.97766
G1 X-19.392 Y-12.738 E461.51548
G1 X-20 Y-11.761 E462.05663
G1 X-20.55 Y-10.771 E462.58922
G1 X-21.056 Y-9.749 E463.12551
G1 X-21.523 Y-8.661 E463.6823
G1 X-21.916 Y-7.613 E464.20865
G1 X-22.271 Y-6.506 E464.75534
G1 X-22.57 Y-5.378 E465.30412
G1 X-22.811 Y-4.257 E465.84333
G1 X-22.987 Y-3.16 E466.36581
G1 X-23.119 Y-1.98 E466.92418
G1 X-23.189 Y-.868 E467.44815
G1 X-23.202 Y0.265 E467.98099
G1 X-23.159 Y1.42 E468.52452
G1 X-23.061 Y2.569 E469.06682
G1 X-22.904 Y3.722 E469.61404
G1 X-22.694 Y4.838 E470.14806
G1 X-22.422 Y5.974 E470.69738
G1 X-22.107 Y7.048 E471.22372
G1 X-21.72 Y8.168 E471.78097
G1 X-21.303 Y9.199 E472.30397
G1 X-20.825 Y10.239 E472.84223
G1 X-20.277 Y11.281 E473.39588
G1 X-19.697 Y12.27 E473.93505
G1 X-19.082 Y13.204 E474.46094
G1 X-18.401 Y14.135 E475.00338
G1 X-17.671 Y15.043 E475.55127
G1 X-16.892 Y15.908 E476.09869
G1 X-16.11 Y16.703 E476.6231
G1 X-15.252 Y17.489 E477.1703
G1 X-14.366 Y18.223 E477.71136
G1 X-13.465 Y18.901 E478.24163
G1 X-12.494 Y19.554 E478.79191
G1 X-11.517 Y20.15 E479.3301
G1 X-10.5 Y20.697 E479.87314
G1 X-9.465 Y21.191 E480.41246
G1 X-8.431 Y21.623 E480.93945
G1 X-7.337 Y22.016 E481.48611
G1 X-6.238 Y22.351 E482.0264
G1 X-5.121 Y22.633 E482.56817
G1 X-3.985 Y22.862 E483.11314
G1 X-2.848 Y23.032 E483.65377
G1 X-1.741 Y23.142 E484.17692
G1 X-.555 Y23.2 E484.73532
G1 X0.555 Y23.2 E485.25731
G1 X1.741 Y23.142 E485.81571
G1 X2.848 Y23.033 E486.33881
G0 F1237.5 X2.666 Y21.435
G0 X3.218 Y26.011
;TYPE:WALL-OUTER
G1 F1650 X4.504 Y25.818 E486.95034
G1 X5.784 Y25.56 E487.56438
G1 X7.044 Y25.242 E488.1755
G1 X8.283 Y24.864 E488.78467
G1 X9.517 Y24.421 E489.40123
G1 X10.691 Y23.93 E489.99966
G1 X11.857 Y23.373 E490.60734
G1 X13.009 Y22.754 E491.22234
G1 X14.114 Y22.08 E491.83102
G1 X15.205 Y21.345 E492.44964
G1 X16.226 Y20.578 E493.05017
G1 X17.222 Y19.752 E493.65867
G1 X18.194 Y18.863 E494.27811
G1 X19.078 Y17.964 E494.87103
G1 X19.957 Y16.987 E495.48906
G1 X20.781 Y15.962 E496.10752
G1 X21.547 Y14.916 E496.71721
G1 X22.245 Y13.855 E497.31445
G1 X22.9 Y12.739 E497.92298
G1 X23.517 Y11.565 E498.54668
G1 X24.058 Y10.389 E499.15542
G1 X24.53 Y9.221 E499.74784
G1 X24.966 Y7.96 E500.37529
G1 X25.321 Y6.746 E500.9701
G1 X25.628 Y5.466 E501.58911
G1 X25.866 Y4.203 E502.1935
G1 X26.044 Y2.899 E502.81241
G1 X26.154 Y1.604 E503.4236
G1 X26.203 Y0.304 E504.03538
G1 X26.188 Y-.98 E504.63924
G1 X26.109 Y-2.241 E505.2334
G1 X25.961 Y-3.565 E505.85991
G1 X25.761 Y-4.811 E506.45336
G1 X25.488 Y-6.078 E507.06286
G1 X25.148 Y-7.365 E507.68885
G1 X24.751 Y-8.598 E508.298
G1 X24.307 Y-9.78 E508.89177
G1 X23.781 Y-11.007 E509.51957
G1 X23.207 Y-12.166 E510.12779
G1 X22.586 Y-13.283 E510.7288
G1 X21.901 Y-14.384 E511.33859
G1 X21.164 Y-15.45 E511.94803
G1 X20.382 Y-16.463 E512.54984
G1 X19.517 Y-17.48 E513.17769
G1 X18.656 Y-18.397 E513.76922
G1 X17.694 Y-19.321 E514.39649
G1 X16.733 Y-20.161 E514.99672
G1 X15.715 Y-20.963 E515.60617
G1 X14.66 Y-21.716 E516.21571
G1 X13.564 Y-22.415 E516.82702
G1 X12.455 Y-23.047 E517.42728
G1 X11.279 Y-23.646 E518.04792
G1 X10.1 Y-24.175 E518.65561
G1 X8.887 Y-24.648 E519.26788
G1 X7.656 Y-25.057 E519.87789
G1 X6.428 Y-25.401 E520.4776
G1 X5.133 Y-25.692 E521.10178
G1 X3.884 Y-25.912 E521.69818
G1 X2.591 Y-26.074 E522.31099
G1 X1.299 Y-26.169 E522.92021
G1 X0.00 Y-26.199 E523.53124
G1 X-1.299 Y-26.169 E524.14228
G1 X-2.591 Y-26.074 E524.7515
G1 X-3.884 Y-25.912 E525.36431
G1 X-5.133 Y-25.692 E525.96071
G1 X-6.428 Y-25.401 E526.58488
G1 X-7.656 Y-25.057 E527.1846
G1 X-8.887 Y-24.648 E527.79461
G1 X-10.1 Y-24.175 E528.40687
G1 X-11.28 Y-23.646 E529.015
G1 X-12.455 Y-23.047 E529.63522
G1 X-13.564 Y-22.415 E530.23548
G1 X-14.66 Y-21.716 E530.84679
G1 X-15.715 Y-20.963 E531.45633
G1 X-16.733 Y-20.161 E532.06577
G1 X-17.694 Y-19.321 E532.66601
G1 X-18.656 Y-18.397 E533.29328
G1 X-19.517 Y-17.48 E533.8848
G1 X-20.382 Y-16.463 E534.51266
G1 X-21.164 Y-15.45 E535.11446
G1 X-21.901 Y-14.384 E535.72391
G1 X-22.586 Y-13.283 E536.3337
G1 X-23.207 Y-12.166 E536.93471
G1 X-23.781 Y-11.007 E537.54292
G1 X-24.307 Y-9.78 E538.17072
G1 X-24.75 Y-8.599 E538.76389
G1 X-25.151 Y-7.35 E539.38078
G1 X-25.488 Y-6.078 E539.99959
G1 X-25.761 Y-4.811 E540.60909
G1 X-25.961 Y-3.565 E541.20254
G1 X-26.109 Y-2.241 E541.82905
G1 X-26.188 Y-.98 E542.42321
G1 X-26.203 Y0.304 E543.02707
G1 X-26.154 Y1.604 E543.63885
G1 X-26.044 Y2.899 E544.25004
G1 X-25.866 Y4.203 E544.86895
G1 X-25.628 Y5.466 E545.47334
G1 X-25.322 Y6.746 E546.09224
G1 X-24.966 Y7.96 E546.68718
G1 X-24.53 Y9.221 E547.31463
G1 X-24.058 Y10.389 E547.90705
G1 X-23.517 Y11.565 E548.5158
G1 X-22.9 Y12.739 E549.13949
G1 X-22.245 Y13.855 E549.74802
G1 X-21.547 Y14.916 E550.34526
G1 X-20.781 Y15.962 E550.95495
G1 X-19.957 Y16.987 E551.57341
G1 X-19.078 Y17.964 E552.19144
G1 X-18.194 Y18.863 E552.78436
G1 X-17.222 Y19.752 E553.40381
G1 X-16.226 Y20.578 E554.0123
G1 X-15.205 Y21.345 E554.61283
G1 X-14.114 Y22.08 E555.23145
G1 X-13.009 Y22.754 E555.84013
G1 X-11.857 Y23.373 E556.45513
G1 X-10.691 Y23.93 E557.06281
G1 X-9.517 Y24.421 E557.66124
G1 X-8.283 Y24.864 E558.27781
G1 X-7.044 Y25.242 E558.88698
G1 X-5.784 Y25.56 E559.49809
G1 X-4.504 Y25.818 E560.11213
G1 X-3.218 Y26.01 E560.72359
G1 X-1.961 Y26.135 E561.31763
G1 X-.627 Y26.2 E561.94571
G1 X0.627 Y26.2 E562.53542
G1 X1.961 Y26.135 E563.1635
G1 X3.218 Y26.011 E563.75749
G0 F1237.5 X4.504 Y25.818
G0 X4.7 Y25.779
G0 X3.719 Y21.279
G0 X0.572 Y1.846
;TYPE:SKIN
G1 F824 X0.119 Y1.93 E564.03358
G1 X-.306 Y1.907 E564.28865
G1 X-.615 Y1.83 E564.47949
G1 X-.963 Y1.675 E564.70778
G1 X-1.305 Y1.425 E564.96166
G1 X-1.587 Y1.089 E565.22453
G1 X-1.812 Y0.659 E565.51536
G1 X-1.885 Y0.412 E565.66971
G1 X-1.929 Y-0.016 E565.92755
G1 X-1.911 Y-.251 E566.0688
G1 X-1.757 Y-.795 E566.40761
G1 X-1.55 Y-1.145 E566.65129
G1 X-1.38 Y-1.344 E566.80814
G1 X-1.001 Y-1.648 E567.0993
G1 X-.584 Y-1.833 E567.37269
G1 X-.186 Y-1.913 E567.61597
G1 X0.209 Y-1.913 E567.85268
G1 X0.818 Y-1.74 E568.23208
G1 X1.067 Y-1.599 E568.40356
G1 X1.384 Y-1.335 E568.65078
G1 X1.631 Y-1.031 E568.88551
G1 X1.861 Y-.505 E569.22955
G1 X1.929 Y-0.025 E569.52007
G1 X1.881 Y0.419 E569.7877
G1 X1.807 Y0.677 E569.94855
G1 X1.64 Y1.009 E570.17126
G1 X1.306 Y1.423 E570.49003
G1 X0.937 Y1.692 E570.76368
G1 X0.572 Y1.846 E571.00109
;MESH:NONMESH
G0 F600 X0.572 Y1.846 Z2.5
G0 F1237.5 X-4.25 Y-21.169
G0 X-5.151 Y-25.529
;TIME_ELAPSED:106.166012
;LAYER:2
;TYPE:WALL-OUTER
;MESH:step-vase.stl
G1 F2400 X-3.865 Y-25.755 E571.61512
G1 X-2.567 Y-25.916 E572.2302
G1 X-1.338 Y-26.009 E572.8098
G1 X0.001 Y-26.043 E573.43969
G1 X1.299 Y-26.011 E574.05028
G1 X2.524 Y-25.921 E574.6279
G1 X3.812 Y-25.763 E575.23814
G1 X5.082 Y-25.543 E575.84427
G1 X6.371 Y-25.252 E576.4657
G1 X7.63 Y-24.901 E577.08034
G1 X8.838 Y-24.499 E577.67905
G1 X9.987 Y-24.053 E578.25866
G1 X11.229 Y-23.498 E578.89839
G1 X12.328 Y-22.941 E579.4778
G1 X13.483 Y-22.282 E580.10314
G1 X14.538 Y-21.607 E580.69213
G1 X15.591 Y-20.862 E581.29872
G1 X16.631 Y-20.043 E581.92124
G1 X17.567 Y-19.228 E582.50489
G1 X18.535 Y-18.296 E583.1368
G1 X19.409 Y-17.366 E583.73697
G1 X20.222 Y-16.413 E584.32605
G1 X21.042 Y-15.349 E584.95776
G1 X21.737 Y-14.348 E585.53084
G1 X22.458 Y-13.192 E586.17153
G1 X23.068 Y-12.093 E586.76262
G1 X23.65 Y-10.912 E587.38178
G1 X24.14 Y-9.783 E587.96056
G1 X24.611 Y-8.529 E588.59049
G1 X24.996 Y-7.321 E589.18673
G1 X25.333 Y-6.054 E589.80327
G1 X25.601 Y-4.798 E590.40722
G1 X25.8 Y-3.583 E590.9862
G1 X25.951 Y-2.237 E591.62315
G1 X26.029 Y-.971 E592.21963
G1 X26.047 Y0.286 E592.81081
G1 X26.001 Y1.56 E593.41032
G1 X25.886 Y2.905 E594.04513
G1 X25.711 Y4.18 E594.65034
G1 X25.477 Y5.431 E595.24884
G1 X25.183 Y6.659 E595.84265
G1 X24.812 Y7.934 E596.4671
G1 X24.393 Y9.145 E597.06971
G1 X23.929 Y10.294 E597.65244
G1 X23.367 Y11.513 E598.28368
G1 X22.765 Y12.662 E598.89369
G1 X22.115 Y13.768 E599.49697
G1 X21.412 Y14.838 E600.09904
G1 X20.646 Y15.885 E600.70911
G1 X19.871 Y16.845 E601.28931
G1 X18.975 Y17.85 E601.92248
G1 X18.073 Y18.763 E602.52603
G1 X17.127 Y19.63 E603.12947
G1 X16.133 Y20.454 E603.73665
G1 X15.095 Y21.232 E604.34667
G1 X14.037 Y21.946 E604.94691
G1 X12.936 Y22.614 E605.55252
G1 X11.837 Y23.208 E606.13999
G1 X10.625 Y23.786 E606.77145
G1 X9.487 Y24.263 E607.35172
G1 X8.244 Y24.714 E607.97355
G1 X6.99 Y25.096 E608.59001
G1 X5.759 Y25.408 E609.18721
G1 X4.489 Y25.662 E609.79627
G1 X3.194 Y25.855 E610.41199
G1 X1.984 Y25.977 E610.9839
G1 X0.69 Y26.043 E611.59321
G1 X-.648 Y26.044 E612.22242
G1 X-1.924 Y25.981 E612.82321
G1 X-3.172 Y25.858 E613.41294
G1 X-4.444 Y25.671 E614.01755
G1 X-5.756 Y25.408 E614.64681
G1 X-6.99 Y25.096 E615.24537
G1 X-8.247 Y24.713 E615.86333
G1 X-9.396 Y24.299 E616.43766
G1 X-10.599 Y23.798 E617.05049
G1 X-11.751 Y23.251 E617.6502
G1 X-12.936 Y22.614 E618.28288
G1 X-14.037 Y21.946 E618.88848
G1 X-15.095 Y21.232 E619.48872
G1 X-16.131 Y20.455 E620.09771
G1 X-17.095 Y19.659 E620.68562
G1 X-18.074 Y18.761 E621.31035
G1 X-18.976 Y17.848 E621.9139
G1 X-19.842 Y16.879 E622.52505
G1 X-20.626 Y15.912 E623.11047
G1 X-21.385 Y14.877 E623.71405
G1 X-22.121 Y13.759 E624.3435
G1 X-22.765 Y12.662 E624.94171
G1 X-23.368 Y11.511 E625.55276
G1 X-23.894 Y10.375 E626.14147
G1 X-24.392 Y9.147 E626.76463
G1 X-24.811 Y7.939 E627.36592
G1 X-25.172 Y6.701 E627.97235
G1 X-25.476 Y5.432 E628.586
G1 X-25.704 Y4.222 E629.16503
G1 X-25.883 Y2.932 E629.77748
G1 X-25.998 Y1.607 E630.40293
G1 X-26.046 Y0.37 E630.98508
G1 X-26.031 Y-.926 E631.59458
G1 X-25.955 Y-2.196 E632.19289
G1 X-25.806 Y-3.541 E632.82926
G1 X-25.601 Y-4.798 E633.42819
G1 X-25.341 Y-6.024 E634.01756
G1 X-25.011 Y-7.271 E634.62416
G1 X-24.62 Y-8.503 E635.23201
G1 X-24.178 Y-9.689 E635.82721
G1 X-23.648 Y-10.916 E636.45576
G1 X-23.068 Y-12.093 E637.07281
G1 X-22.45 Y-13.206 E637.67149
G1 X-21.798 Y-14.257 E638.25312
G1 X-21.04 Y-15.351 E638.87901
G1 X-20.249 Y-16.379 E639.48899
G1 X-19.407 Y-17.368 E640.0998
G1 X-18.565 Y-18.266 E640.6787
G1 X-17.64 Y-19.16 E641.28365
G1 X-16.632 Y-20.042 E641.91352
G1 X-15.618 Y-20.841 E642.52062
G1 X-14.6 Y-21.566 E643.10835
G1 X-13.493 Y-22.276 E643.7268
G1 X-12.413 Y-22.894 E644.31196
G1 X-11.21 Y-23.507 E644.9469
G1 X-10.05 Y-24.026 E645.54451
G1 X-8.823 Y-24.504 E646.16377
G1 X-7.63 Y-24.901 E646.75504
G1 X-6.382 Y-25.249 E647.36432
G1 X-5.151 Y-25.529 E647.958
G0 F1800 X-5.164 Y-25.688
G1 F2400 X-3.893 Y-25.909 Z2.508 E648.56468
G1 X-2.579 Y-26.072 Z2.516 E649.18736
G1 X-1.35 Y-26.162 Z2.523 E649.76687
G1 X-0.003 Y-26.196 Z2.532 E650.40053
G1 X1.303 Y-26.164 Z2.54 E651.01489
G1 X2.534 Y-26.072 Z2.547 E651.59541
G1 X3.83 Y-25.911 Z2.555 E652.20957
G1 X5.107 Y-25.688 Z2.563 E652.8192
G1 X6.402 Y-25.397 Z2.571 E653.44339
G1 X7.669 Y-25.042 Z2.579 E654.06217
G1 X8.89 Y-24.633 Z2.587 E654.66773
G1 X10.038 Y-24.186 Z2.594 E655.24708
G1 X11.293 Y-23.625 Z2.603 E655.89356
G1 X12.391 Y-23.066 Z2.61 E656.47298
G1 X13.558 Y-22.401 Z2.619 E657.10464
G1 X14.612 Y-21.724 Z2.626 E657.69375
G1 X15.67 Y-20.974 Z2.634 E658.30363
G1 X16.72 Y-20.146 Z2.642 E658.93248
G1 X17.655 Y-19.329 Z2.65 E659.51639
G1 X18.633 Y-18.388 Z2.658 E660.15464
G1 X19.505 Y-17.457 Z2.666 E660.75452
G1 X20.321 Y-16.498 Z2.673 E661.34668
G1 X21.148 Y-15.423 Z2.682 E661.98451
G1 X21.842 Y-14.421 Z2.689 E662.55771
G1 X22.569 Y-13.254 Z2.698 E663.2043
G1 X23.179 Y-12.155 Z2.705 E663.79541
G1 X23.765 Y-10.962 Z2.713 E664.42047
G1 X24.252 Y-9.832 Z2.721 E664.99913
G1 X24.725 Y-8.572 Z2.729 E665.63205
G1 X25.111 Y-7.358 Z2.737 E666.23112
G1 X25.449 Y-6.086 Z2.745 E666.85007
G1 X25.718 Y-4.817 Z2.753 E667.46011
G1 X25.915 Y-3.602 Z2.76 E668.03895
G1 X26.067 Y-2.25 Z2.768 E668.67876
G1 X26.143 Y-.978 Z2.776 E669.27801
G1 X26.16 Y0.284 Z2.784 E669.87155
G1 X26.113 Y1.564 Z2.792 E670.47391
G1 X25.997 Y2.92 Z2.8 E671.11393
G1 X25.82 Y4.195 Z2.808 E671.71928
G1 X25.583 Y5.456 Z2.816 E672.32267
G1 X25.287 Y6.683 Z2.823 E672.91625
G1 X24.914 Y7.963 Z2.831 E673.54323
G1 X24.49 Y9.184 Z2.839 E674.15107
G1 X24.025 Y10.333 Z2.847 E674.73399
G1 X23.458 Y11.56 Z2.855 E675.36964
G1 X22.852 Y12.713 Z2.863 E675.9822
G1 X22.198 Y13.822 Z2.871 E676.58766
G1 X21.495 Y14.891 Z2.879 E677.18935
G1 X20.723 Y15.946 Z2.887 E677.80413
G1 X19.946 Y16.905 Z2.894 E678.38457
G1 X19.043 Y17.916 Z2.902 E679.02205
G1 X18.137 Y18.831 Z2.91 E679.6276
G1 X17.186 Y19.7 Z2.918 E680.23343
G1 X16.192 Y20.524 Z2.926 E680.84061
G1 X15.146 Y21.307 Z2.934 E681.45507
G1 X14.087 Y22.019 Z2.942 E682.05518
G1 X12.977 Y22.69 Z2.95 E682.66515
G1 X11.878 Y23.283 Z2.957 E683.25242
G1 X10.658 Y23.865 Z2.966 E683.88809
G1 X9.519 Y24.34 Z2.973 E684.46844
G1 X8.272 Y24.791 Z2.981 E685.09205
G1 X7.01 Y25.175 Z2.989 E685.7124
G1 X5.779 Y25.485 Z2.997 E686.30938
G1 X4.501 Y25.74 Z3.005 E686.92223
G1 X3.202 Y25.932 Z3.013 E687.53976
G1 X1.992 Y26.052 Z3.02 E688.11158
G1 X0.694 Y26.117 Z3.028 E688.72275
G1 X-.648 Y26.118 Z3.036 E689.35386
G1 X-1.927 Y26.054 Z3.044 E689.95609
G1 X-3.179 Y25.929 Z3.052 E690.5478
G1 X-4.454 Y25.74 Z3.06 E691.15395
G1 X-5.772 Y25.475 Z3.068 E691.78617
G1 X-7.006 Y25.162 Z3.076 E692.38487
G1 X-8.269 Y24.775 Z3.084 E693.00608
G1 X-9.418 Y24.36 Z3.091 E693.58059
G1 X-10.623 Y23.857 Z3.099 E694.19466
G1 X-11.777 Y23.307 Z3.107 E694.79584
G1 X-12.967 Y22.666 Z3.115 E695.43148
G1 X-14.071 Y21.996 Z3.123 E696.03879
G1 X-15.128 Y21.281 Z3.131 E696.63892
G1 X-16.168 Y20.5 Z3.139 E697.25055
G1 X-17.13 Y19.702 Z3.146 E697.83835
G1 X-18.111 Y18.802 Z3.154 E698.46442
G1 X-19.014 Y17.886 Z3.162 E699.06931
G1 X-19.881 Y16.914 Z3.17 E699.68184
G1 X-20.666 Y15.944 Z3.178 E700.26867
G1 X-21.425 Y14.906 Z3.186 E700.87339
G1 X-22.162 Y13.784 Z3.194 E701.50469
G1 X-22.806 Y12.686 Z3.202 E702.10331
G1 X-23.409 Y11.533 Z3.209 E702.71521
G1 X-23.935 Y10.394 Z3.217 E703.30521
G1 X-24.433 Y9.161 Z3.225 E703.93056
G1 X-24.851 Y7.951 Z3.233 E704.53259
G1 X-25.211 Y6.713 Z3.241 E705.1389
G1 X-25.515 Y5.442 Z3.249 E705.75348
G1 X-25.742 Y4.229 Z3.256 E706.33382
G1 X-25.92 Y2.937 Z3.264 E706.94715
G1 X-26.034 Y1.608 Z3.272 E707.57444
G1 X-26.081 Y0.371 Z3.28 E708.15659
G1 X-26.065 Y-.926 Z3.288 E708.76658
G1 X-25.987 Y-2.198 Z3.296 E709.36589
G1 X-25.837 Y-3.546 Z3.304 E710.00373
G1 X-25.631 Y-4.803 Z3.312 E710.60275
G1 X-25.369 Y-6.03 Z3.319 E711.19278
G1 X-25.038 Y-7.278 Z3.327 E711.79997
G1 X-24.645 Y-8.511 Z3.335 E712.40856
G1 X-24.201 Y-9.698 Z3.343 E713.00455
G1 X-23.67 Y-10.925 Z3.351 E713.63329
G1 X-23.088 Y-12.104 Z3.359 E714.25161
G1 X-22.469 Y-13.216 Z3.367 E714.85012
G1 X-21.815 Y-14.267 Z3.374 E715.43225
G1 X-21.055 Y-15.362 Z3.382 E716.05908
G1 X-20.262 Y-16.39 Z3.39 E716.66964
G1 X-19.419 Y-17.379 Z3.398 E717.28077
G1 X-18.576 Y-18.276 Z3.406 E717.85966
G1 X-17.65 Y-19.17 Z3.413 E718.46496
G1 X-16.64 Y-20.052 Z3.422 E719.09556
G1 X-15.625 Y-20.85 Z3.43 E719.70274
G1 X-14.606 Y-21.574 Z3.437 E720.29059
G1 X-13.498 Y-22.283 Z3.445 E720.9092
G1 X-12.417 Y-22.901 Z3.453 E721.49477
G1 X-11.213 Y-23.513 Z3.461 E722.12993
G1 X-10.052 Y-24.031 Z3.469 E722.7278
G1 X-8.824 Y-24.507 Z3.477 E723.34716
G1 X-7.631 Y-24.903 Z3.484 E723.93829
G1 X-6.382 Y-25.25 Z3.492 E724.54791
G1 X-5.151 Y-25.529 Z3.5 E725.1415
;TIME_ELAPSED:114.384476
;LAYER:3
;note -- min layer time used
;TYPE:WALL-OUTER
;MESH:step-vase.stl
G1 F1952 X-3.878 Y-25.749 Z3.508 E725.74903
G1 X-2.559 Y-25.911 Z3.516 E726.37398
G1 X-1.288 Y-26.002 Z3.524 E726.97323
G1 X-0.009 Y-26.032 Z3.532 E727.57487
G1 X1.298 Y-25.998 Z3.54 E728.18973
G1 X2.571 Y-25.9 Z3.548 E728.79016
G1 X3.873 Y-25.734 Z3.556 E729.40741
G1 X5.114 Y-25.515 Z3.564 E730.00004
G1 X6.36 Y-25.231 Z3.571 E730.60102
G1 X7.629 Y-24.875 Z3.579 E731.22084
G1 X8.807 Y-24.48 Z3.587 E731.80513
G1 X10.052 Y-23.991 Z3.595 E732.43416
G1 X11.189 Y-23.48 Z3.603 E733.02038
G1 X12.346 Y-22.889 Z3.611 E733.63136
G1 X13.481 Y-22.238 Z3.619 E734.24669
G1 X14.559 Y-21.543 Z3.627 E734.84987
G1 X15.587 Y-20.81 Z3.635 E735.44362
G1 X16.596 Y-20.012 Z3.643 E736.04859
G1 X17.579 Y-19.149 Z3.651 E736.66374
G1 X18.493 Y-18.265 Z3.658 E737.26172
G1 X19.38 Y-17.317 Z3.666 E737.87225
G1 X20.2 Y-16.35 Z3.674 E738.4685
G1 X20.989 Y-15.321 Z3.682 E739.07829
G1 X21.717 Y-14.263 Z3.69 E739.68225
G1 X22.403 Y-13.159 Z3.698 E740.29349
G1 X23.005 Y-12.069 Z3.706 E740.87907
G1 X23.579 Y-10.898 Z3.714 E741.49236
G1 X24.098 Y-9.691 Z3.722 E742.11023
G1 X24.534 Y-8.522 Z3.729 E742.69697
G1 X24.925 Y-7.288 Z3.737 E743.30572
G1 X25.254 Y-6.038 Z3.745 E743.91359
G1 X25.516 Y-4.8 Z3.753 E744.50868
G1 X25.723 Y-3.508 Z3.761 E745.12402
G1 X25.864 Y-2.224 Z3.769 E745.73148
G1 X25.939 Y-.969 Z3.777 E746.32273
G1 X25.954 Y0.332 Z3.785 E746.93459
G1 X25.902 Y1.62 Z3.793 E747.5408
G1 X25.791 Y2.877 Z3.801 E748.13423
G1 X25.614 Y4.152 Z3.808 E748.73958
G1 X25.378 Y5.401 Z3.816 E749.33734
G1 X25.07 Y6.673 Z3.824 E749.95281
G1 X24.708 Y7.904 Z3.832 E750.55623
G1 X24.288 Y9.111 Z3.84 E751.15724
G1 X23.805 Y10.296 Z3.848 E751.75902
G1 X23.258 Y11.474 Z3.856 E752.36981
G1 X22.664 Y12.602 Z3.864 E752.96934
G1 X22.024 Y13.685 Z3.872 E753.56093
G1 X21.299 Y14.785 Z3.88 E754.18048
G1 X20.542 Y15.814 Z3.887 E754.78123
G1 X19.743 Y16.797 Z3.895 E755.37695
G1 X18.894 Y17.745 Z3.903 E755.97542
G1 X17.983 Y18.664 Z3.911 E756.58396
G1 X17.025 Y19.539 Z3.919 E757.19412
G1 X16.044 Y20.348 Z3.927 E757.7921
G1 X15.01 Y21.12 Z3.935 E758.39894
G1 X13.956 Y21.827 Z3.943 E758.99579
G1 X12.851 Y22.494 Z3.95 E759.60277
G1 X11.733 Y23.093 Z3.958 E760.19925
G1 X10.576 Y23.642 Z3.966 E760.8015
G1 X9.374 Y24.142 Z3.974 E761.41372
G1 X8.18 Y24.57 Z3.982 E762.01021
G1 X6.96 Y24.94 Z3.99 E762.60975
G1 X5.732 Y25.248 Z3.998 E763.20513
G1 X4.468 Y25.499 Z4.006 E763.81117
G1 X3.193 Y25.687 Z4.013 E764.41724
G1 X1.903 Y25.813 Z4.021 E765.02678
G1 X0.64 Y25.873 Z4.029 E765.62141
G1 X-.64 Y25.87 Z4.037 E766.22336
G1 X-1.902 Y25.806 Z4.045 E766.81761
G1 X-3.191 Y25.675 Z4.053 E767.42691
G1 X-4.464 Y25.482 Z4.061 E768.03241
G1 X-5.726 Y25.226 Z4.069 E768.63798
G1 X-6.945 Y24.915 Z4.076 E769.2296
G1 X-8.17 Y24.538 Z4.084 E769.83235
G1 X-9.367 Y24.104 Z4.092 E770.43113
G1 X-10.556 Y23.604 Z4.1 E771.03771
G1 X-11.717 Y23.047 Z4.108 E771.64328
G1 X-12.825 Y22.447 Z4.116 E772.23584
G1 X-13.925 Y21.777 Z4.124 E772.84154
G1 X-14.974 Y21.068 Z4.131 E773.43697
G1 X-16.007 Y20.29 Z4.139 E774.04512
G1 X-16.982 Y19.479 Z4.147 E774.64153
G1 X-17.922 Y18.612 Z4.155 E775.24291
G1 X-18.831 Y17.689 Z4.163 E775.85212
G1 X-19.679 Y16.735 Z4.171 E776.45238
G1 X-20.471 Y15.751 Z4.179 E777.04641
G1 X-21.22 Y14.722 Z4.186 E777.64493
G1 X-21.931 Y13.637 Z4.194 E778.25497
G1 X-22.572 Y12.541 Z4.202 E778.85207
G1 X-23.156 Y11.421 Z4.21 E779.44608
G1 X-23.698 Y10.243 Z4.218 E780.05589
G1 X-24.173 Y9.06 Z4.226 E780.65539
G1 X-24.581 Y7.873 Z4.233 E781.24566
G1 X-24.941 Y6.632 Z4.241 E781.85333
G1 X-25.238 Y5.38 Z4.249 E782.45845
G1 X-25.47 Y4.133 Z4.257 E783.05494
G1 X-25.64 Y2.865 Z4.265 E783.65658
G1 X-25.748 Y1.607 Z4.273 E784.25036
G1 X-25.793 Y0.323 Z4.281 E784.85457
G1 X-25.774 Y-.959 Z4.288 E785.45752
G1 X-25.694 Y-2.216 Z4.296 E786.04985
G1 X-25.549 Y-3.488 Z4.304 E786.65191
G1 X-25.34 Y-4.758 Z4.312 E787.25719
G1 X-25.075 Y-5.99 Z4.32 E787.84982
G1 X-24.739 Y-7.241 Z4.328 E788.45898
G1 X-24.35 Y-8.452 Z4.336 E789.05714
G1 X-23.909 Y-9.622 Z4.343 E789.64515
G1 X-23.394 Y-10.806 Z4.351 E790.25234
G1 X-22.82 Y-11.965 Z4.359 E790.86057
G1 X-22.213 Y-13.052 Z4.367 E791.44606
G1 X-21.529 Y-14.147 Z4.375 E792.05322
G1 X-20.809 Y-15.182 Z4.382 E792.64614
G1 X-20.015 Y-16.209 Z4.39 E793.25662
G1 X-19.2 Y-17.163 Z4.398 E793.84668
G1 X-18.325 Y-18.09 Z4.406 E794.44616
G1 X-17.407 Y-18.971 Z4.414 E795.04451
G1 X-16.44 Y-19.813 Z4.422 E795.6475
G1 X-15.427 Y-20.607 Z4.43 E796.25278
G1 X-14.408 Y-21.329 Z4.437 E796.84008
G1 X-13.338 Y-22.011 Z4.445 E797.4368
G1 X-12.211 Y-22.652 Z4.453 E798.04652
G1 X-11.076 Y-23.226 Z4.461 E798.64466
G1 X-9.937 Y-23.731 Z4.469 E799.23059
G1 X-8.717 Y-24.205 Z4.477 E799.8461
G1 X-7.537 Y-24.595 Z4.484 E800.43055
G1 X-6.295 Y-24.938 Z4.492 E801.03649
G1 X-5.048 Y-25.218 Z4.5 E801.63752
;TIME_ELAPSED:119.392641
;LAYER:4
;note -- min layer time used
;TYPE:WALL-OUTER
;MESH:step-vase.stl
G1 F1926.4 X-3.779 Y-25.435 Z4.508 E802.24296
G1 X-2.558 Y-25.584 Z4.516 E802.82142
G1 X-1.289 Y-25.678 Z4.524 E803.41984
G1 X-0.009 Y-25.706 Z4.532 E804.02193
G1 X1.278 Y-25.674 Z4.54 E804.62736
G1 X2.556 Y-25.574 Z4.548 E805.2302
G1 X3.776 Y-25.421 Z4.555 E805.80843
G1 X5.066 Y-25.192 Z4.563 E806.42457
G1 X6.281 Y-24.915 Z4.571 E807.01061
G1 X7.514 Y-24.568 Z4.579 E807.61298
G1 X8.716 Y-24.166 Z4.587 E808.20902
G1 X9.926 Y-23.69 Z4.595 E808.8205
G1 X11.04 Y-23.19 Z4.603 E809.39474
G1 X12.216 Y-22.589 Z4.611 E810.01581
G1 X13.284 Y-21.975 Z4.619 E810.59515
G1 X14.377 Y-21.273 Z4.627 E811.20604
G1 X15.392 Y-20.547 Z4.635 E811.79291
G1 X16.409 Y-19.743 Z4.643 E812.40258
G1 X17.339 Y-18.926 Z4.65 E812.98473
G1 X18.261 Y-18.036 Z4.658 E813.58737
G1 X19.126 Y-17.113 Z4.666 E814.18225
G1 X19.958 Y-16.129 Z4.674 E814.78824
G1 X20.715 Y-15.142 Z4.682 E815.3732
G1 X21.444 Y-14.084 Z4.69 E815.97743
G1 X22.12 Y-12.992 Z4.698 E816.5814
G1 X22.729 Y-11.888 Z4.706 E817.17434
G1 X23.273 Y-10.778 Z4.714 E817.75566
G1 X23.785 Y-9.592 Z4.722 E818.36316
G1 X24.232 Y-8.391 Z4.73 E818.96581
G1 X24.612 Y-7.19 Z4.737 E819.5582
G1 X24.934 Y-5.971 Z4.745 E820.15113
G1 X25.198 Y-4.72 Z4.753 E820.7524
G1 X25.398 Y-3.466 Z4.761 E821.34957
G1 X25.536 Y-2.209 Z4.769 E821.94426
G1 X25.611 Y-.956 Z4.777 E822.53456
G1 X25.626 Y0.317 Z4.785 E823.13326
G1 X25.577 Y1.586 Z4.793 E823.73048
G1 X25.463 Y2.854 Z4.801 E824.3292
G1 X25.288 Y4.116 Z4.809 E824.92836
G1 X25.055 Y5.341 Z4.816 E825.51477
G1 X24.755 Y6.579 Z4.824 E826.11382
G1 X24.392 Y7.814 Z4.832 E826.71917
G1 X23.982 Y8.988 Z4.84 E827.30398
G1 X23.501 Y10.172 Z4.848 E827.90497
G1 X22.971 Y11.312 Z4.856 E828.49619
G1 X22.372 Y12.449 Z4.864 E829.10055
G1 X21.731 Y13.534 Z4.872 E829.69319
G1 X21.043 Y14.575 Z4.879 E830.28
G1 X20.295 Y15.596 Z4.887 E830.87522
G1 X19.483 Y16.594 Z4.895 E831.48027
G1 X18.638 Y17.536 Z4.903 E832.07538
G1 X17.749 Y18.431 Z4.911 E832.66863
G1 X16.832 Y19.268 Z4.919 E833.2525
G1 X15.834 Y20.094 Z4.927 E833.86173
G1 X14.837 Y20.837 Z4.935 E834.44647
G1 X13.781 Y21.547 Z4.943 E835.04489
G1 X12.677 Y22.212 Z4.951 E835.65098
G1 X11.583 Y22.799 Z4.958 E836.23484
G1 X10.427 Y23.347 Z4.966 E836.83647
G1 X9.27 Y23.828 Z4.974 E837.42572
G1 X8.08 Y24.253 Z4.982 E838.01996
G1 X6.87 Y24.622 Z4.99 E838.61487
G1 X5.652 Y24.927 Z4.998 E839.20535
G1 X4.405 Y25.175 Z5.006 E839.80326
G1 X3.13 Y25.361 Z5.014 E840.40921
G1 X1.902 Y25.482 Z5.021 E840.9895
G1 X0.64 Y25.542 Z5.029 E841.58365
G1 X-.632 Y25.54 Z5.037 E842.18184
G1 X-1.901 Y25.474 Z5.045 E842.77942
G1 X-3.128 Y25.349 Z5.053 E843.35943
G1 X-4.409 Y25.155 Z5.061 E843.96872
G1 X-5.645 Y24.905 Z5.069 E844.56175
G1 X-6.861 Y24.595 Z5.076 E845.15189
G1 X-8.07 Y24.221 Z5.084 E845.74704
G1 X-9.254 Y23.792 Z5.092 E846.33926
G1 X-10.409 Y23.306 Z5.1 E846.92855
G1 X-11.561 Y22.754 Z5.108 E847.52929
G1 X-12.65 Y22.164 Z5.116 E848.11175
G1 X-13.746 Y21.497 Z5.124 E848.71512
G1 X-14.797 Y20.784 Z5.132 E849.31238
G1 X-15.791 Y20.037 Z5.139 E849.89711
G1 X-16.78 Y19.212 Z5.147 E850.50279
G1 X-17.693 Y18.372 Z5.155 E851.08622
G1 X-18.575 Y17.475 Z5.163 E851.67782
G1 X-19.414 Y16.533 Z5.171 E852.27105
G1 X-20.215 Y15.538 Z5.179 E852.87176
G1 X-20.956 Y14.519 Z5.187 E853.46427
G1 X-21.64 Y13.475 Z5.194 E854.05123
G1 X-22.273 Y12.392 Z5.202 E854.64115
G1 X-22.863 Y11.262 Z5.21 E855.24063
G1 X-23.387 Y10.12 Z5.218 E855.83152
G1 X-23.863 Y8.936 Z5.226 E856.43163
G1 X-24.264 Y7.77 Z5.234 E857.0115
G1 X-24.619 Y6.547 Z5.241 E857.61038
G1 X-24.913 Y5.308 Z5.249 E858.20922
G1 X-25.14 Y4.088 Z5.257 E858.79281
G1 X-25.308 Y2.833 Z5.265 E859.38826
G1 X-25.415 Y1.58 Z5.273 E859.97966
G1 X-25.459 Y0.324 Z5.281 E860.57069
G1 X-25.44 Y-.945 Z5.289 E861.16753
G1 X-25.361 Y-2.189 Z5.296 E861.75373
G1 X-25.217 Y-3.445 Z5.304 E862.34826
G1 X-25.012 Y-4.693 Z5.312 E862.94302
G1 X-24.747 Y-5.921 Z5.32 E863.53381
G1 X-24.42 Y-7.139 Z5.328 E864.12689
G1 X-24.038 Y-8.329 Z5.336 E864.71464
G1 X-23.593 Y-9.509 Z5.343 E865.30771
G1 X-23.081 Y-10.683 Z5.351 E865.91003
G1 X-22.533 Y-11.791 Z5.359 E866.49134
G1 X-21.923 Y-12.882 Z5.367 E867.07916
G1 X-21.249 Y-13.962 Z5.375 E867.67785
G1 X-20.529 Y-14.998 Z5.383 E868.27115
G1 X-19.767 Y-15.982 Z5.39 E868.85643
G1 X-18.947 Y-16.944 Z5.398 E869.45088
G1 X-18.087 Y-17.854 Z5.406 E870.0397
G1 X-17.171 Y-18.733 Z5.414 E870.63673
G1 X-16.237 Y-19.544 Z5.422 E871.21844
G1 X-15.227 Y-20.337 Z5.43 E871.82232
G1 X-14.219 Y-21.05 Z5.437 E872.40296
G1 X-13.147 Y-21.734 Z5.445 E873.00097
G1 X-12.076 Y-22.343 Z5.453 E873.58037
G1 X-10.922 Y-22.925 Z5.461 E874.18817
G1 X-9.807 Y-23.422 Z5.469 E874.76226
G1 X-8.608 Y-23.886 Z5.477 E875.36687
G1 X-7.432 Y-24.274 Z5.484 E875.94923
G1 X-6.213 Y-24.612 Z5.492 E876.54412
G1 X-4.997 Y-24.884 Z5.5 E877.13011
;TIME_ELAPSED:124.400152
;LAYER:5
;note -- min layer time used
;TYPE:WALL-OUTER
;MESH:step-vase.stl
G1 F1936.5 X-3.738 Y-25.11 Z5.508 E877.73164
G1 X-2.518 Y-25.267 Z5.516 E878.31011
G1 X-1.265 Y-25.365 Z5.523 E878.90116
G1 X0.00 Y-25.4 Z5.531 E879.49628
G1 X1.265 Y-25.374 Z5.539 E880.0913
G1 X2.518 Y-25.287 Z5.547 E880.68197
G1 X3.747 Y-25.138 Z5.554 E881.26417
G1 X5.004 Y-24.921 Z5.562 E881.86405
G1 X6.223 Y-24.65 Z5.57 E882.45131
G1 X7.445 Y-24.314 Z5.578 E883.04731
G1 X8.622 Y-23.928 Z5.586 E883.62982
G1 X9.824 Y-23.465 Z5.594 E884.23558
G1 X10.95 Y-22.966 Z5.601 E884.81477
G1 X12.099 Y-22.388 Z5.609 E885.41963
G1 X13.175 Y-21.779 Z5.617 E886.00107
G1 X14.25 Y-21.096 Z5.625 E886.60002
G1 X15.26 Y-20.382 Z5.632 E887.1817
G1 X16.272 Y-19.591 Z5.64 E887.78574
G1 X17.214 Y-18.776 Z5.648 E888.37153
G1 X18.132 Y-17.898 Z5.656 E888.96891
G1 X18.996 Y-16.986 Z5.664 E889.5597
G1 X19.818 Y-16.025 Z5.672 E890.15441
G1 X20.585 Y-15.039 Z5.679 E890.74187
G1 X21.309 Y-14 Z5.687 E891.33741
G1 X21.985 Y-12.922 Z5.695 E891.9358
G1 X22.6 Y-11.825 Z5.703 E892.52723
G1 X23.153 Y-10.713 Z5.711 E893.11127
G1 X23.667 Y-9.537 Z5.719 E893.71482
G1 X24.114 Y-8.36 Z5.726 E894.30691
G1 X24.501 Y-7.161 Z5.734 E894.89941
G1 X24.83 Y-5.941 Z5.742 E895.49364
G1 X25.098 Y-4.711 Z5.75 E896.08564
G1 X25.305 Y-3.459 Z5.758 E896.68242
G1 X25.452 Y-2.195 Z5.766 E897.28085
G1 X25.533 Y-.947 Z5.773 E897.86898
G1 X25.555 Y0.324 Z5.781 E898.46679
G1 X25.512 Y1.589 Z5.789 E899.06203
G1 X25.407 Y2.842 Z5.797 E899.65335
G1 X25.241 Y4.102 Z5.805 E900.25101
G1 X25.015 Y5.329 Z5.812 E900.83774
G1 X24.721 Y6.578 Z5.82 E901.44117
G1 X24.369 Y7.798 Z5.828 E902.0383
G1 X23.964 Y8.979 Z5.836 E902.62545
G1 X23.491 Y10.163 Z5.844 E903.22504
G1 X22.965 Y11.315 Z5.852 E903.82059
G1 X22.377 Y12.447 Z5.86 E904.42048
G1 X21.742 Y13.535 Z5.867 E905.0129
G1 X21.054 Y14.59 Z5.875 E905.60521
G1 X20.308 Y15.619 Z5.883 E906.20292
G1 X19.514 Y16.608 Z5.891 E906.79936
G1 X18.669 Y17.559 Z5.899 E907.39763
G1 X17.785 Y18.463 Z5.907 E907.99224
G1 X16.86 Y19.316 Z5.914 E908.58396
G1 X15.881 Y20.136 Z5.922 E909.18452
G1 X14.867 Y20.9 Z5.93 E909.78158
G1 X13.82 Y21.613 Z5.938 E910.37729
G1 X12.727 Y22.28 Z5.946 E910.97944
G1 X11.628 Y22.878 Z5.954 E911.56783
G1 X10.471 Y23.436 Z5.962 E912.17191
G1 X9.31 Y23.926 Z5.97 E912.76453
G1 X8.117 Y24.36 Z5.977 E913.36154
G1 X6.893 Y24.741 Z5.985 E913.96439
G1 X5.68 Y25.052 Z5.993 E914.55329
G1 X4.432 Y25.307 Z6.001 E915.15231
G1 X3.16 Y25.501 Z6.009 E915.75742
G1 X1.902 Y25.632 Z6.017 E916.35222
G1 X0.64 Y25.699 Z6.025 E916.94654
G1 X-.641 Y25.703 Z6.033 E917.54896
G1 X-1.902 Y25.646 Z6.04 E918.14258
G1 X-3.165 Y25.525 Z6.048 E918.73926
G1 X-4.438 Y25.34 Z6.056 E919.3442
G1 X-5.69 Y25.093 Z6.064 E919.94433
G1 X-6.906 Y24.791 Z6.072 E920.53356
G1 X-8.136 Y24.419 Z6.08 E921.13787
G1 X-9.337 Y23.991 Z6.088 E921.73746
G1 X-10.504 Y23.509 Z6.096 E922.33124
G1 X-11.669 Y22.957 Z6.104 E922.93749
G1 X-12.778 Y22.365 Z6.111 E923.52868
G1 X-13.88 Y21.703 Z6.119 E924.13324
G1 X-14.932 Y20.998 Z6.127 E924.72879
G1 X-15.962 Y20.234 Z6.135 E925.33188
G1 X-16.948 Y19.421 Z6.143 E925.93286
G1 X-17.886 Y18.568 Z6.151 E926.5291
G1 X-18.782 Y17.666 Z6.159 E927.127
G1 X-19.642 Y16.713 Z6.167 E927.73067
G1 X-20.444 Y15.729 Z6.175 E928.32765
G1 X-21.205 Y14.695 Z6.183 E928.93142
G1 X-21.906 Y13.638 Z6.19 E929.52787
G1 X-22.554 Y12.545 Z6.198 E930.12543
G1 X-23.155 Y11.409 Z6.206 E930.72981
G1 X-23.694 Y10.251 Z6.214 E931.33049
G1 X-24.179 Y9.062 Z6.222 E931.93437
G1 X-24.599 Y7.867 Z6.23 E932.53005
G1 X-24.961 Y6.644 Z6.238 E933.12986
G1 X-25.268 Y5.385 Z6.246 E933.73928
G1 X-25.506 Y4.143 Z6.254 E934.33399
G1 X-25.684 Y2.872 Z6.262 E934.93754
G1 X-25.799 Y1.609 Z6.27 E935.53395
G1 X-25.851 Y0.328 Z6.278 E936.13687
G1 X-25.839 Y-.959 Z6.286 E936.74213
G1 X-25.766 Y-2.224 Z6.293 E937.33802
G1 X-25.627 Y-3.501 Z6.301 E937.9421
G1 X-25.425 Y-4.78 Z6.309 E938.55104
G1 X-25.165 Y-6.025 Z6.317 E939.14916
G1 X-24.843 Y-7.253 Z6.325 E939.74618
G1 X-24.454 Y-8.486 Z6.333 E940.3542
G1 X-24.013 Y-9.674 Z6.341 E940.95013
G1 X-23.502 Y-10.869 Z6.349 E941.56133
G1 X-22.949 Y-12.001 Z6.357 E942.15381
G1 X-22.327 Y-13.13 Z6.365 E942.75999
G1 X-21.656 Y-14.219 Z6.373 E943.36153
G1 X-20.92 Y-15.291 Z6.381 E943.97304
G1 X-20.149 Y-16.299 Z6.389 E944.56985
G1 X-19.324 Y-17.276 Z6.397 E945.1712
G1 X-18.451 Y-18.212 Z6.405 E945.77312
G1 X-17.531 Y-19.106 Z6.412 E946.37639
G1 X-16.563 Y-19.957 Z6.42 E946.98252
G1 X-15.547 Y-20.763 Z6.428 E947.59241
G1 X-14.522 Y-21.498 Z6.436 E948.18556
G1 X-13.432 Y-22.202 Z6.444 E948.79577
G1 X-12.332 Y-22.836 Z6.452 E949.39285
G1 X-11.183 Y-23.425 Z6.46 E950.00005
G1 X-10.019 Y-23.95 Z6.468 E950.60055
G1 X-8.798 Y-24.431 Z6.476 E951.2177
G1 X-7.61 Y-24.831 Z6.484 E951.8072
G1 X-6.362 Y-25.183 Z6.492 E952.417
G1 X-5.112 Y-25.472 Z6.5 E953.02035
;TIME_ELAPSED:129.408254
;LAYER:6
;note -- min layer time used
;TYPE:WALL-OUTER
;MESH:step-vase.stl
G1 F1987.2 X-3.846 Y-25.7 Z6.508 E953.62529
G1 X-2.563 Y-25.865 Z6.516 E954.23362
G1 X-1.293 Y-25.966 Z6.523 E954.83275
G1 X0.00 Y-26.003 Z6.531 E955.44106
G1 X1.294 Y-25.978 Z6.539 E956.04971
G1 X2.565 Y-25.889 Z6.547 E956.64889
G1 X3.85 Y-25.735 Z6.554 E957.25751
G1 X5.121 Y-25.519 Z6.562 E957.8638
G1 X6.376 Y-25.24 Z6.57 E958.4684
G1 X7.629 Y-24.897 Z6.578 E959.07933
G1 X8.827 Y-24.505 Z6.585 E959.67211
G1 X10.052 Y-24.033 Z6.593 E960.28948
G1 X11.226 Y-23.516 Z6.601 E960.89274
G1 X12.385 Y-22.934 Z6.609 E961.50265
G1 X13.495 Y-22.306 Z6.617 E962.10241
G1 X14.595 Y-21.608 Z6.624 E962.71506
G1 X15.638 Y-20.873 Z6.632 E963.31511
G1 X16.66 Y-20.076 Z6.64 E963.9246
G1 X17.641 Y-19.227 Z6.648 E964.53471
G1 X18.575 Y-18.335 Z6.656 E965.14208
G1 X19.463 Y-17.4 Z6.663 E965.74849
G1 X20.301 Y-16.423 Z6.671 E966.3538
G1 X21.087 Y-15.412 Z6.679 E966.95603
G1 X21.837 Y-14.339 Z6.687 E967.57168
G1 X22.522 Y-13.247 Z6.695 E968.17789
G1 X23.159 Y-12.114 Z6.702 E968.78915
G1 X23.73 Y-10.969 Z6.71 E969.39085
G1 X24.254 Y-9.771 Z6.718 E970.00577
G1 X24.709 Y-8.576 Z6.726 E970.60711
G1 X25.111 Y-7.334 Z6.734 E971.22102
G1 X25.448 Y-6.091 Z6.741 E971.82667
G1 X25.721 Y-4.836 Z6.749 E972.43066
G1 X25.937 Y-3.543 Z6.757 E973.04715
G1 X26.088 Y-2.252 Z6.765 E973.65841
G1 X26.172 Y-.972 Z6.773 E974.26166
G1 X26.195 Y0.333 Z6.781 E974.87546
G1 X26.153 Y1.631 Z6.788 E975.48619
G1 X26.046 Y2.913 Z6.796 E976.09118
G1 X25.877 Y4.204 Z6.804 E976.70348
G1 X25.646 Y5.465 Z6.812 E977.30636
G1 X25.344 Y6.748 Z6.82 E977.92621
G1 X24.988 Y7.988 Z6.828 E978.5329
G1 X24.57 Y9.211 Z6.835 E979.14071
G1 X24.087 Y10.421 Z6.843 E979.7534
G1 X23.547 Y11.606 Z6.851 E980.36581
G1 X22.951 Y12.758 Z6.859 E980.97577
G1 X22.296 Y13.883 Z6.867 E981.58797
G1 X21.591 Y14.965 Z6.875 E982.19528
G1 X20.827 Y16.022 Z6.883 E982.80861
G1 X20.016 Y17.032 Z6.89 E983.41776
G1 X19.149 Y18.011 Z6.898 E984.03274
G1 X18.241 Y18.938 Z6.906 E984.64298
G1 X17.29 Y19.818 Z6.914 E985.2523
G1 X16.294 Y20.652 Z6.922 E985.86322
G1 X15.245 Y21.446 Z6.93 E986.48191
G1 X14.178 Y22.173 Z6.937 E987.08909
G1 X13.067 Y22.852 Z6.945 E987.70142
G1 X11.927 Y23.474 Z6.953 E988.31214
G1 X10.748 Y24.044 Z6.961 E988.92799
G1 X9.556 Y24.548 Z6.969 E989.5366
G1 X8.33 Y24.996 Z6.977 E990.15044
G1 X7.068 Y25.388 Z6.985 E990.7719
G1 X5.833 Y25.706 Z6.992 E991.37163
G1 X4.546 Y25.97 Z7 E991.98947
G1 X3.253 Y26.17 Z7.008 E992.60476
G1 X1.944 Y26.306 Z7.016 E993.22366
G1 X0.658 Y26.375 Z7.024 E993.8293
G1 X-.658 Y26.381 Z7.032 E994.44819
G1 X-1.945 Y26.323 Z7.04 E995.05405
G1 X-3.257 Y26.199 Z7.048 E995.67379
G1 X-4.553 Y26.011 Z7.056 E996.28964
G1 X-5.845 Y25.758 Z7.064 E996.90878
G1 X-7.085 Y25.451 Z7.071 E997.50952
G1 X-8.355 Y25.069 Z7.079 E998.1332
G1 X-9.588 Y24.63 Z7.087 E998.7487
G1 X-10.789 Y24.135 Z7.095 E999.35959
G1 X-11.976 Y23.574 Z7.103 E999.97701
G1 X-13.13 Y22.958 Z7.111 E1000.59218
G1 X-14.249 Y22.288 Z7.119 E1001.20553
G1 X-15.33 Y21.566 Z7.127 E1001.81686
G1 X-16.391 Y20.777 Z7.135 E1002.43866
G1 X-17.403 Y19.946 Z7.142 E1003.05446
G1 X-18.368 Y19.069 Z7.15 E1003.66769
G1 X-19.29 Y18.143 Z7.158 E1004.28221
G1 X-20.17 Y17.168 Z7.166 E1004.89987
G1 X-21.002 Y16.152 Z7.174 E1005.51742
G1 X-21.778 Y15.097 Z7.182 E1006.13332
G1 X-22.499 Y14.011 Z7.19 E1006.74634
G1 X-23.175 Y12.875 Z7.198 E1007.36801
G1 X-23.782 Y11.726 Z7.206 E1007.97912
G1 X-24.341 Y10.53 Z7.214 E1008.59996
G1 X-24.84 Y9.312 Z7.222 E1009.21896
G1 X-25.273 Y8.079 Z7.23 E1009.83352
G1 X-25.645 Y6.828 Z7.237 E1010.44729
G1 X-25.962 Y5.532 Z7.245 E1011.07473
G1 X-26.207 Y4.259 Z7.253 E1011.68438
G1 X-26.39 Y2.953 Z7.261 E1012.30455
G1 X-26.51 Y1.652 Z7.269 E1012.91897
G1 X-26.565 Y0.337 Z7.277 E1013.53792
G1 X-26.554 Y-.987 Z7.285 E1014.16059
G1 X-26.48 Y-2.287 Z7.293 E1014.77293
G1 X-26.339 Y-3.597 Z7.301 E1015.39255
G1 X-26.131 Y-4.91 Z7.309 E1016.01771
G1 X-25.866 Y-6.182 Z7.317 E1016.62874
G1 X-25.53 Y-7.469 Z7.325 E1017.25427
G1 X-25.136 Y-8.724 Z7.333 E1017.87286
G1 X-24.684 Y-9.944 Z7.341 E1018.48471
G1 X-24.166 Y-11.159 Z7.349 E1019.10585
G1 X-23.585 Y-12.351 Z7.357 E1019.72946
G1 X-22.953 Y-13.499 Z7.365 E1020.34574
G1 X-22.26 Y-14.626 Z7.373 E1020.96791
G1 X-21.513 Y-15.714 Z7.38 E1021.58856
G1 X-20.717 Y-16.759 Z7.388 E1022.20632
G1 X-19.87 Y-17.764 Z7.396 E1022.82441
G1 X-18.973 Y-18.727 Z7.404 E1023.44331
G1 X-18.018 Y-19.655 Z7.412 E1024.06954
G1 X-17.031 Y-20.523 Z7.42 E1024.68765
G1 X-16.006 Y-21.339 Z7.428 E1025.30378
G1 X-14.924 Y-22.116 Z7.436 E1025.93022
G1 X-13.814 Y-22.834 Z7.444 E1026.55191
G1 X-12.69 Y-23.482 Z7.452 E1027.16205
G1 X-11.492 Y-24.097 Z7.46 E1027.79534
G1 X-10.294 Y-24.639 Z7.468 E1028.4137
G1 X-9.075 Y-25.12 Z7.476 E1029.02997
G1 X-7.816 Y-25.546 Z7.484 E1029.65502
G1 X-6.546 Y-25.906 Z7.492 E1030.2758
G1 X-5.259 Y-26.204 Z7.5 E1030.89705
;TIME_ELAPSED:134.416563
;LAYER:7
;note -- min layer time used
;TYPE:WALL-OUTER
;MESH:step-vase.stl
G1 F2028.8 X-3.939 Y-26.437 Z7.508 E1031.52741
G1 X-2.652 Y-26.601 Z7.516 E1032.13754
G1 X-1.33 Y-26.702 Z7.523 E1032.76105
G1 X0.00 Y-26.737 Z7.531 E1033.38673
G1 X1.331 Y-26.707 Z7.539 E1034.01282
G1 X2.647 Y-26.613 Z7.547 E1034.63328
G1 X3.944 Y-26.454 Z7.555 E1035.24779
G1 X5.264 Y-26.226 Z7.563 E1035.87774
G1 X6.554 Y-25.937 Z7.57 E1036.49943
G1 X7.827 Y-25.584 Z7.578 E1037.12067
G1 X9.087 Y-25.168 Z7.586 E1037.74468
G1 X10.322 Y-24.69 Z7.594 E1038.36745
G1 X11.52 Y-24.157 Z7.602 E1038.98408
G1 X12.724 Y-23.549 Z7.61 E1039.61839
G1 X13.856 Y-22.906 Z7.617 E1040.23062
G1 X14.978 Y-22.191 Z7.625 E1040.85629
G1 X16.067 Y-21.419 Z7.633 E1041.48405
G1 X17.093 Y-20.615 Z7.641 E1042.09705
G1 X18.099 Y-19.741 Z7.649 E1042.72375
G1 X19.063 Y-18.816 Z7.657 E1043.35204
G1 X19.971 Y-17.855 Z7.664 E1043.97379
G1 X20.83 Y-16.85 Z7.672 E1044.59553
G1 X21.638 Y-15.803 Z7.68 E1045.21748
G1 X22.396 Y-14.715 Z7.688 E1045.84106
G1 X23.099 Y-13.588 Z7.696 E1046.46572
G1 X23.742 Y-12.436 Z7.704 E1047.08615
G1 X24.337 Y-11.236 Z7.712 E1047.71604
G1 X24.866 Y-10.019 Z7.719 E1048.34009
G1 X25.33 Y-8.79 Z7.727 E1048.95787
G1 X25.736 Y-7.529 Z7.735 E1049.58086
G1 X26.084 Y-6.233 Z7.743 E1050.21193
G1 X26.359 Y-4.952 Z7.751 E1050.82807
G1 X26.578 Y-3.629 Z7.759 E1051.45871
G1 X26.728 Y-2.308 Z7.766 E1052.08393
G1 X26.811 Y-.997 Z7.774 E1052.70169
G1 X26.831 Y0.34 Z7.782 E1053.33051
G1 X26.785 Y1.669 Z7.79 E1053.95588
G1 X26.672 Y2.985 Z7.798 E1054.57703
G1 X26.496 Y4.305 Z7.806 E1055.20329
G1 X26.256 Y5.596 Z7.813 E1055.82081
G1 X25.946 Y6.903 Z7.821 E1056.45251
G1 X25.575 Y8.182 Z7.829 E1057.07878
G1 X25.147 Y9.425 Z7.837 E1057.69701
G1 X24.65 Y10.664 Z7.845 E1058.32481
G1 X24.09 Y11.881 Z7.853 E1058.95481
G1 X23.485 Y13.045 Z7.861 E1059.57173
G1 X22.807 Y14.202 Z7.869 E1060.20238
G1 X22.083 Y15.309 Z7.876 E1060.82442
G1 X21.305 Y16.38 Z7.884 E1061.44695
G1 X20.463 Y17.423 Z7.892 E1062.07732
G1 X19.58 Y18.415 Z7.9 E1062.70188
G1 X18.649 Y19.362 Z7.908 E1063.32639
G1 X17.676 Y20.258 Z7.916 E1063.94843
G1 X16.651 Y21.11 Z7.924 E1064.57524
G1 X15.582 Y21.917 Z7.932 E1065.20512
G1 X14.484 Y22.662 Z7.939 E1065.82912
G1 X13.357 Y23.346 Z7.947 E1066.44909
G1 X12.18 Y23.985 Z7.955 E1067.07891
G1 X10.983 Y24.56 Z7.963 E1067.70341
G1 X9.76 Y25.073 Z7.971 E1068.3271
G1 X8.508 Y25.528 Z7.979 E1068.95356
G1 X7.22 Y25.924 Z7.987 E1069.58725
G1 X5.953 Y26.248 Z7.994 E1070.20225
G1 X4.641 Y26.514 Z8.002 E1070.8318
G1 X3.321 Y26.714 Z8.01 E1071.45965
G1 X1.985 Y26.85 Z8.018 E1072.09118
G1 X0.671 Y26.917 Z8.026 E1072.70992
G1 X-.671 Y26.92 Z8.034 E1073.34103
G1 X-1.985 Y26.858 Z8.042 E1073.95965
G1 X-3.323 Y26.728 Z8.05 E1074.59184
G1 X-4.644 Y26.534 Z8.057 E1075.21973
G1 X-5.958 Y26.273 Z8.065 E1075.84974
G1 X-7.229 Y25.954 Z8.073 E1076.466
G1 X-8.519 Y25.563 Z8.081 E1077.0999
G1 X-9.776 Y25.113 Z8.089 E1077.72777
G1 X-11.003 Y24.604 Z8.097 E1078.35248
G1 X-12.204 Y24.033 Z8.105 E1078.97786
G1 X-13.387 Y23.398 Z8.113 E1079.60927
G1 X-14.519 Y22.717 Z8.12 E1080.23052
G1 X-15.623 Y21.975 Z8.128 E1080.85607
G1 X-16.699 Y21.171 Z8.136 E1081.48774
G1 X-17.73 Y20.32 Z8.144 E1082.11642
G1 X-18.71 Y19.425 Z8.152 E1082.74056
G1 X-19.648 Y18.479 Z8.16 E1083.36706
G1 X-20.539 Y17.488 Z8.168 E1083.99377
G1 X-21.389 Y16.443 Z8.176 E1084.62725
G1 X-22.176 Y15.37 Z8.184 E1085.25303
G1 X-22.907 Y14.263 Z8.191 E1085.87688
G1 X-23.59 Y13.108 Z8.199 E1086.5079
G1 X-24.204 Y11.938 Z8.207 E1087.12929
G1 X-24.772 Y10.716 Z8.215 E1087.763
G1 X-25.278 Y9.471 Z8.223 E1088.395
G1 X-25.712 Y8.229 Z8.231 E1089.01371
G1 X-26.092 Y6.939 Z8.239 E1089.64614
G1 X-26.408 Y5.632 Z8.247 E1090.27849
G1 X-26.656 Y4.328 Z8.255 E1090.90272
G1 X-26.838 Y3.004 Z8.263 E1091.53122
G1 X-26.957 Y1.681 Z8.27 E1092.15589
G1 X-27.01 Y0.341 Z8.278 E1092.78655
G1 X-26.996 Y-1.003 Z8.286 E1093.41863
G1 X-26.918 Y-2.325 Z8.294 E1094.04141
G1 X-26.772 Y-3.655 Z8.302 E1094.67063
G1 X-26.557 Y-4.989 Z8.31 E1095.30607
G1 X-26.285 Y-6.285 Z8.318 E1095.92882
G1 X-25.943 Y-7.582 Z8.326 E1096.55962
G1 X-25.537 Y-8.857 Z8.334 E1097.18888
G1 X-25.074 Y-10.105 Z8.342 E1097.81487
G1 X-24.544 Y-11.337 Z8.35 E1098.44558
G1 X-23.951 Y-12.545 Z8.358 E1099.07842
G1 X-23.303 Y-13.717 Z8.365 E1099.70822
G1 X-22.606 Y-14.844 Z8.373 E1100.33138
G1 X-21.843 Y-15.952 Z8.381 E1100.96404
G1 X-21.03 Y-17.012 Z8.389 E1101.59227
G1 X-20.168 Y-18.03 Z8.397 E1102.21958
G1 X-19.254 Y-19.007 Z8.405 E1102.84874
G1 X-18.294 Y-19.936 Z8.413 E1103.47698
G1 X-17.267 Y-20.835 Z8.421 E1104.11885
G1 X-16.234 Y-21.653 Z8.429 E1104.73851
G1 X-15.154 Y-22.425 Z8.437 E1105.36282
G1 X-14.006 Y-23.163 Z8.445 E1106.00462
G1 X-12.862 Y-23.82 Z8.452 E1106.62502
G1 X-11.655 Y-24.437 Z8.46 E1107.2625
G1 X-10.451 Y-24.978 Z8.468 E1107.88325
G1 X-9.189 Y-25.472 Z8.476 E1108.52058
G1 X-7.924 Y-25.897 Z8.484 E1109.14815
G1 X-6.639 Y-26.257 Z8.492 E1109.77572
G1 X-5.333 Y-26.556 Z8.5 E1110.40578
;TIME_ELAPSED:139.425042
;LAYER:8
;note -- min layer time used
;TYPE:WALL-OUTER
;MESH:step-vase.stl
G1 F2052.2 X-4.003 Y-26.791 Z8.508 E1111.04093
G1 X-2.673 Y-26.958 Z8.516 E1111.67131
G1 X-1.348 Y-27.059 Z8.524 E1112.29622
G1 X0.00 Y-27.095 Z8.531 E1112.93037
G1 X1.349 Y-27.063 Z8.539 E1113.56495
G1 X2.674 Y-26.966 Z8.547 E1114.18973
G1 X4.005 Y-26.803 Z8.555 E1114.82034
G1 X5.336 Y-26.572 Z8.563 E1115.45563
G1 X6.645 Y-26.278 Z8.571 E1116.08655
G1 X7.932 Y-25.922 Z8.578 E1116.71451
G1 X9.2 Y-25.501 Z8.586 E1117.34283
G1 X10.456 Y-25.015 Z8.594 E1117.97617
G1 X11.677 Y-24.472 Z8.602 E1118.60459
G1 X12.871 Y-23.867 Z8.61 E1119.23406
G1 X14.033 Y-23.206 Z8.618 E1119.86275
G1 X15.185 Y-22.471 Z8.626 E1120.50537
G1 X16.269 Y-21.702 Z8.633 E1121.13039
G1 X17.326 Y-20.869 Z8.641 E1121.76328
G1 X18.335 Y-19.993 Z8.649 E1122.39166
G1 X19.307 Y-19.06 Z8.657 E1123.02527
G1 X20.225 Y-18.085 Z8.665 E1123.65504
G1 X21.096 Y-17.065 Z8.673 E1124.28581
G1 X21.919 Y-16 Z8.68 E1124.91876
G1 X22.685 Y-14.897 Z8.688 E1125.55029
G1 X23.391 Y-13.765 Z8.696 E1126.17769
G1 X24.043 Y-12.594 Z8.704 E1126.80798
G1 X24.643 Y-11.382 Z8.712 E1127.44397
G1 X25.179 Y-10.148 Z8.72 E1128.07667
G1 X25.649 Y-8.898 Z8.728 E1128.70469
G1 X26.062 Y-7.615 Z8.735 E1129.33853
G1 X26.41 Y-6.316 Z8.743 E1129.97096
G1 X26.688 Y-5.014 Z8.751 E1130.59706
G1 X26.909 Y-3.674 Z8.759 E1131.23573
G1 X27.06 Y-2.337 Z8.767 E1131.86848
G1 X27.143 Y-1.009 Z8.775 E1132.49422
G1 X27.163 Y0.343 Z8.783 E1133.1301
G1 X27.115 Y1.692 Z8.79 E1133.7649
G1 X27.002 Y3.02 Z8.798 E1134.39168
G1 X26.821 Y4.357 Z8.806 E1135.02617
G1 X26.576 Y5.669 Z8.814 E1135.65383
G1 X26.264 Y6.982 Z8.822 E1136.28849
G1 X25.885 Y8.288 Z8.83 E1136.928
G1 X25.453 Y9.541 Z8.838 E1137.55129
G1 X24.952 Y10.785 Z8.845 E1138.18197
G1 X24.381 Y12.024 Z8.853 E1138.82354
G1 X23.767 Y13.204 Z8.861 E1139.44909
G1 X23.085 Y14.368 Z8.869 E1140.08352
G1 X22.343 Y15.5 Z8.877 E1140.72004
G1 X21.555 Y16.582 Z8.885 E1141.34951
G1 X20.714 Y17.624 Z8.893 E1141.97923
G1 X19.813 Y18.635 Z8.9 E1142.61608
G1 X18.871 Y19.592 Z8.908 E1143.24758
G1 X17.885 Y20.498 Z8.916 E1143.8773
G1 X16.848 Y21.36 Z8.924 E1144.51145
G1 X15.769 Y22.171 Z8.932 E1145.14622
G1 X14.653 Y22.928 Z8.94 E1145.7804
G1 X13.513 Y23.619 Z8.948 E1146.4073
G1 X12.319 Y24.266 Z8.956 E1147.04595
G1 X11.115 Y24.844 Z8.963 E1147.67402
G1 X9.871 Y25.366 Z8.971 E1148.30845
G1 X8.602 Y25.826 Z8.979 E1148.94323
G1 X7.307 Y26.224 Z8.987 E1149.58034
G1 X6.02 Y26.551 Z8.995 E1150.20481
G1 X4.685 Y26.821 Z9.003 E1150.84534
G1 X3.367 Y27.02 Z9.011 E1151.47218
G1 X2.01 Y27.156 Z9.019 E1152.11354
G1 X0.677 Y27.225 Z9.026 E1152.74125
G1 X-.677 Y27.227 Z9.034 E1153.378
G1 X-2.011 Y27.162 Z9.042 E1154.00608
G1 X-3.369 Y27.031 Z9.05 E1154.64768
G1 X-4.687 Y26.835 Z9.058 E1155.27431
G1 X-6.024 Y26.569 Z9.066 E1155.91539
G1 X-7.313 Y26.245 Z9.074 E1156.54043
G1 X-8.611 Y25.851 Z9.082 E1157.17834
G1 X-9.878 Y25.396 Z9.089 E1157.81143
G1 X-11.13 Y24.875 Z9.097 E1158.44915
G1 X-12.335 Y24.302 Z9.105 E1159.07664
G1 X-13.534 Y23.657 Z9.113 E1159.7169
G1 X-14.678 Y22.967 Z9.121 E1160.34518
G1 X-15.802 Y22.21 Z9.129 E1160.98247
G1 X-16.883 Y21.403 Z9.137 E1161.61686
G1 X-17.924 Y20.543 Z9.145 E1162.25187
G1 X-18.915 Y19.637 Z9.152 E1162.88331
G1 X-19.862 Y18.681 Z9.16 E1163.51613
G1 X-20.769 Y17.669 Z9.168 E1164.15521
G1 X-21.614 Y16.628 Z9.176 E1164.78575
G1 X-22.407 Y15.547 Z9.184 E1165.41623
G1 X-23.157 Y14.411 Z9.192 E1166.05639
G1 X-23.846 Y13.244 Z9.2 E1166.69371
G1 X-24.463 Y12.065 Z9.208 E1167.31949
G1 X-25.041 Y10.822 Z9.216 E1167.96415
G1 X-25.545 Y9.579 Z9.224 E1168.59492
G1 X-25.984 Y8.32 Z9.231 E1169.22195
G1 X-26.369 Y7.01 Z9.239 E1169.86406
G1 X-26.687 Y5.69 Z9.247 E1170.50258
G1 X-26.935 Y4.378 Z9.255 E1171.13051
G1 X-27.122 Y3.031 Z9.263 E1171.77004
G1 X-27.239 Y1.701 Z9.271 E1172.39791
G1 X-27.292 Y0.344 Z9.279 E1173.03656
G1 X-27.276 Y-1.014 Z9.287 E1173.67523
G1 X-27.196 Y-2.349 Z9.294 E1174.30417
G1 X-27.048 Y-3.693 Z9.302 E1174.94004
G1 X-26.831 Y-5.041 Z9.31 E1175.58213
G1 X-26.554 Y-6.35 Z9.318 E1176.21134
G1 X-26.209 Y-7.659 Z9.326 E1176.84795
G1 X-25.796 Y-8.957 Z9.334 E1177.48852
G1 X-25.33 Y-10.205 Z9.342 E1178.115
G1 X-24.795 Y-11.447 Z9.35 E1178.75096
G1 X-24.193 Y-12.673 Z9.358 E1179.39327
G1 X-23.543 Y-13.848 Z9.366 E1180.02475
G1 X-22.829 Y-15 Z9.374 E1180.66213
G1 X-22.068 Y-16.103 Z9.381 E1181.29231
G1 X-21.24 Y-17.182 Z9.389 E1181.93192
G1 X-20.36 Y-18.218 Z9.397 E1182.57116
G1 X-19.446 Y-19.196 Z9.405 E1183.20067
G1 X-18.466 Y-20.143 Z9.413 E1183.84156
G1 X-17.461 Y-21.021 Z9.421 E1184.46914
G1 X-16.39 Y-21.868 Z9.429 E1185.11127
G1 X-15.295 Y-22.651 Z9.437 E1185.74433
G1 X-14.151 Y-23.384 Z9.445 E1186.38328
G1 X-12.972 Y-24.062 Z9.453 E1187.02287
G1 X-11.778 Y-24.67 Z9.46 E1187.65298
G1 X-10.539 Y-25.226 Z9.468 E1188.29162
G1 X-9.284 Y-25.716 Z9.476 E1188.92521
G1 X-8 Y-26.146 Z9.484 E1189.562
G1 X-6.703 Y-26.51 Z9.492 E1190.1955
G1 X-5.384 Y-26.811 Z9.5 E1190.83174
;TIME_ELAPSED:144.433616
;LAYER:9
;note -- min layer time used
;TYPE:WALL-OUTER
;MESH:step-vase.stl
G1 F2066.3 X-4.044 Y-27.047 Z9.508 E1191.4716
G1 X-2.695 Y-27.215 Z9.516 E1192.1109
G1 X-1.362 Y-27.315 Z9.524 E1192.73953
G1 X0.00 Y-27.35 Z9.531 E1193.38025
G1 X1.361 Y-27.317 Z9.539 E1194.02048
G1 X2.697 Y-27.218 Z9.547 E1194.65049
G1 X4.045 Y-27.052 Z9.555 E1195.2892
G1 X5.385 Y-26.818 Z9.563 E1195.9289
G1 X6.706 Y-26.52 Z9.571 E1196.56575
G1 X8.004 Y-26.159 Z9.579 E1197.19933
G1 X9.284 Y-25.733 Z9.586 E1197.83373
G1 X10.557 Y-25.239 Z9.594 E1198.47589
G1 X11.772 Y-24.697 Z9.602 E1199.10154
G1 X12.996 Y-24.077 Z9.61 E1199.74679
G1 X14.166 Y-23.408 Z9.618 E1200.3806
G1 X15.312 Y-22.677 Z9.626 E1201.01984
G1 X16.41 Y-21.895 Z9.634 E1201.65377
G1 X17.484 Y-21.049 Z9.642 E1202.29672
G1 X18.492 Y-20.173 Z9.649 E1202.92474
G1 X19.476 Y-19.226 Z9.657 E1203.56698
G1 X20.395 Y-18.248 Z9.665 E1204.1981
G1 X21.277 Y-17.213 Z9.673 E1204.83759
G1 X22.096 Y-16.149 Z9.681 E1205.46903
G1 X22.878 Y-15.023 Z9.689 E1206.11373
G1 X23.592 Y-13.876 Z9.697 E1206.74911
G1 X24.248 Y-12.699 Z9.704 E1207.38278
G1 X24.846 Y-11.487 Z9.712 E1208.01835
G1 X25.391 Y-10.23 Z9.72 E1208.66265
G1 X25.862 Y-8.978 Z9.728 E1209.29172
G1 X26.278 Y-7.678 Z9.736 E1209.93361
G1 X26.625 Y-6.375 Z9.744 E1210.56773
G1 X26.908 Y-5.054 Z9.752 E1211.20306
G1 X27.128 Y-3.705 Z9.76 E1211.84584
G1 X27.28 Y-2.357 Z9.767 E1212.48378
G1 X27.363 Y-1.017 Z9.775 E1213.11515
G1 X27.382 Y0.345 Z9.783 E1213.75572
G1 X27.331 Y1.707 Z9.791 E1214.39668
G1 X27.217 Y3.042 Z9.799 E1215.02678
G1 X27.032 Y4.395 Z9.807 E1215.66898
G1 X26.787 Y5.708 Z9.814 E1216.2971
G1 X26.469 Y7.04 Z9.822 E1216.94111
G1 X26.086 Y8.353 Z9.83 E1217.58431
G1 X25.651 Y9.611 Z9.838 E1218.21028
G1 X25.141 Y10.874 Z9.846 E1218.85083
G1 X24.568 Y12.116 Z9.854 E1219.49407
G1 X23.951 Y13.299 Z9.862 E1220.12152
G1 X23.261 Y14.473 Z9.87 E1220.76192
G1 X22.509 Y15.62 Z9.878 E1221.40691
G1 X21.713 Y16.709 Z9.885 E1222.04126
G1 X20.87 Y17.753 Z9.893 E1222.6723
G1 X19.96 Y18.772 Z9.901 E1223.31478
G1 X19.009 Y19.736 Z9.909 E1223.95159
G1 X18.016 Y20.648 Z9.917 E1224.58564
G1 X16.971 Y21.515 Z9.925 E1225.22419
G1 X15.885 Y22.331 Z9.933 E1225.86301
G1 X14.772 Y23.083 Z9.94 E1226.49469
G1 X13.606 Y23.79 Z9.948 E1227.13596
G1 X12.406 Y24.439 Z9.956 E1227.77753
G1 X11.193 Y25.019 Z9.964 E1228.40983
G1 X9.931 Y25.548 Z9.972 E1229.05334
G1 X8.665 Y26.004 Z9.98 E1229.68615
G1 X7.359 Y26.406 Z9.988 E1230.32876
G1 X6.062 Y26.734 Z9.996 E1230.9579
G1 X4.713 Y27.005 Z10.004 E1231.60498
G1 X3.396 Y27.203 Z10.011 E1232.23128
G1 X2.025 Y27.339 Z10.019 E1232.87919
G1 X0.681 Y27.407 Z10.027 E1233.51204
G1 X-.681 Y27.408 Z10.035 E1234.15255
G1 X-2.024 Y27.342 Z10.043 E1234.78489
G1 X-3.397 Y27.208 Z10.051 E1235.43364
G1 X-4.714 Y27.011 Z10.059 E1236.05988
G1 X-6.064 Y26.742 Z10.067 E1236.70723
G1 X-7.361 Y26.415 Z10.074 E1237.33626
G1 X-8.671 Y26.015 Z10.082 E1237.98039
G1 X-9.933 Y25.562 Z10.09 E1238.61095
G1 X-11.195 Y25.034 Z10.098 E1239.25429
G1 X-12.416 Y24.453 Z10.106 E1239.89018
G1 X-13.614 Y23.807 Z10.114 E1240.53025
G1 X-14.783 Y23.101 Z10.122 E1241.17248
G1 X-15.897 Y22.351 Z10.129 E1241.80403
G1 X-16.986 Y21.534 Z10.137 E1242.44426
G1 X-18.033 Y20.668 Z10.145 E1243.08323
G1 X-19.029 Y19.756 Z10.153 E1243.71832
G1 X-19.982 Y18.793 Z10.161 E1244.35546
G1 X-20.894 Y17.773 Z10.169 E1244.99892
G1 X-21.74 Y16.73 Z10.177 E1245.63048
G1 X-22.537 Y15.64 Z10.185 E1246.26548
G1 X-23.292 Y14.493 Z10.193 E1246.91125
G1 X-23.985 Y13.317 Z10.2 E1247.55317
G1 X-24.605 Y12.134 Z10.208 E1248.18128
G1 X-25.181 Y10.89 Z10.216 E1248.82597
G1 X-25.692 Y9.628 Z10.224 E1249.46626
G1 X-26.13 Y8.367 Z10.232 E1250.09402
G1 X-26.515 Y7.053 Z10.24 E1250.73794
G1 X-26.836 Y5.718 Z10.248 E1251.38365
G1 X-27.083 Y4.403 Z10.256 E1252.01287
G1 X-27.269 Y3.049 Z10.263 E1252.65559
G1 X-27.386 Y1.71 Z10.271 E1253.28769
G1 X-27.439 Y0.346 Z10.279 E1253.92962
G1 X-27.422 Y-1.018 Z10.287 E1254.57112
G1 X-27.34 Y-2.363 Z10.295 E1255.20481
G1 X-27.189 Y-3.716 Z10.303 E1255.84504
G1 X-26.972 Y-5.06 Z10.311 E1256.48527
G1 X-26.688 Y-6.392 Z10.319 E1257.12576
G1 X-26.344 Y-7.694 Z10.326 E1257.75906
G1 X-25.93 Y-8.993 Z10.334 E1258.40022
G1 X-25.456 Y-10.259 Z10.342 E1259.03594
G1 X-24.913 Y-11.518 Z10.35 E1259.68073
G1 X-24.317 Y-12.729 Z10.358 E1260.31547
G1 X-23.659 Y-13.915 Z10.366 E1260.9533
G1 X-22.945 Y-15.064 Z10.374 E1261.58947
G1 X-22.16 Y-16.198 Z10.382 E1262.23807
G1 X-21.341 Y-17.265 Z10.39 E1262.87063
G1 X-20.464 Y-18.297 Z10.397 E1263.50752
G1 X-19.536 Y-19.286 Z10.405 E1264.1453
G1 X-18.551 Y-20.237 Z10.413 E1264.78919
G1 X-17.542 Y-21.118 Z10.421 E1265.41911
G1 X-16.464 Y-21.968 Z10.429 E1266.0647
G1 X-15.364 Y-22.754 Z10.437 E1266.70049
G1 X-14.215 Y-23.489 Z10.445 E1267.34193
G1 X-13.044 Y-24.16 Z10.453 E1267.97662
G1 X-11.812 Y-24.786 Z10.461 E1268.6265
G1 X-10.599 Y-25.33 Z10.468 E1269.25168
G1 X-9.317 Y-25.829 Z10.476 E1269.89862
G1 X-8.034 Y-26.258 Z10.484 E1270.53482
G1 X-6.732 Y-26.622 Z10.492 E1271.17059
G1 X-5.406 Y-26.923 Z10.5 E1271.81004
;TIME_ELAPSED:149.442248
;LAYER:10
;note -- min layer time used
;TYPE:WALL-OUTER
;MESH:step-vase.stl
G1 F2073.1 X-4.077 Y-27.155 Z10.508 E1272.44448
G1 X-2.711 Y-27.327 Z10.516 E1273.09194
G1 X-1.364 Y-27.428 Z10.524 E1273.72718
G1 X0.00 Y-27.462 Z10.531 E1274.36883
G1 X1.364 Y-27.429 Z10.539 E1275.01047
G1 X2.711 Y-27.329 Z10.547 E1275.64566
G1 X4.077 Y-27.159 Z10.555 E1276.29301
G1 X5.393 Y-26.93 Z10.563 E1276.92119
G1 X6.724 Y-26.629 Z10.571 E1277.56293
G1 X8.046 Y-26.261 Z10.579 E1278.20827
G1 X9.315 Y-25.839 Z10.586 E1278.83717
G1 X10.595 Y-25.341 Z10.594 E1279.48307
G1 X11.831 Y-24.788 Z10.602 E1280.11985
G1 X13.05 Y-24.171 Z10.61 E1280.76236
G1 X14.216 Y-23.504 Z10.618 E1281.39408
G1 X15.379 Y-22.761 Z10.626 E1282.04309
G1 X16.465 Y-21.988 Z10.634 E1282.66997
G1 X17.542 Y-21.141 Z10.642 E1283.31432
G1 X18.573 Y-20.241 Z10.65 E1283.95792
G1 X19.539 Y-19.311 Z10.657 E1284.58851
G1 X20.481 Y-18.31 Z10.665 E1285.23492
G1 X21.359 Y-17.28 Z10.673 E1285.8714
G1 X22.187 Y-16.201 Z10.681 E1286.51101
G1 X22.966 Y-15.078 Z10.689 E1287.15375
G1 X23.682 Y-13.929 Z10.697 E1287.79041
G1 X24.343 Y-12.742 Z10.705 E1288.42934
G1 X24.942 Y-11.526 Z10.712 E1289.06681
G1 X25.486 Y-10.27 Z10.72 E1289.71049
G1 X25.961 Y-9.004 Z10.728 E1290.34638
G1 X26.371 Y-7.718 Z10.736 E1290.98114
G1 X26.724 Y-6.391 Z10.744 E1291.6269
G1 X27.008 Y-5.068 Z10.752 E1292.26324
G1 X27.226 Y-3.722 Z10.76 E1292.90448
G1 X27.379 Y-2.366 Z10.768 E1293.54621
G1 X27.462 Y-1.02 Z10.775 E1294.1804
G1 X27.481 Y0.346 Z10.783 E1294.82285
G1 X27.429 Y1.712 Z10.791 E1295.46571
G1 X27.313 Y3.055 Z10.799 E1296.09963
G1 X27.13 Y4.406 Z10.807 E1296.74077
G1 X26.881 Y5.733 Z10.815 E1297.37572
G1 X26.56 Y7.073 Z10.823 E1298.02371
G1 X26.182 Y8.369 Z10.83 E1298.65857
G1 X25.739 Y9.65 Z10.838 E1299.296
G1 X25.228 Y10.915 Z10.846 E1299.9376
G1 X24.658 Y12.15 Z10.854 E1300.57726
G1 X24.034 Y13.344 Z10.862 E1301.21082
G1 X23.341 Y14.523 Z10.87 E1301.85396
G1 X22.586 Y15.672 Z10.878 E1302.50051
G1 X21.794 Y16.757 Z10.886 E1303.13223
G1 X20.934 Y17.821 Z10.893 E1303.77561
G1 X20.027 Y18.836 Z10.901 E1304.41575
G1 X19.075 Y19.8 Z10.909 E1305.05289
G1 X18.075 Y20.718 Z10.917 E1305.69127
G1 X17.02 Y21.593 Z10.925 E1306.33584
G1 X15.952 Y22.395 Z10.933 E1306.96394
G1 X14.808 Y23.168 Z10.941 E1307.61323
G1 X13.647 Y23.87 Z10.949 E1308.25127
G1 X12.451 Y24.516 Z10.956 E1308.89051
G1 X11.228 Y25.1 Z10.964 E1309.52786
G1 X9.959 Y25.632 Z10.972 E1310.17496
G1 X8.696 Y26.086 Z10.98 E1310.80612
G1 X7.384 Y26.489 Z10.988 E1311.45157
G1 X6.08 Y26.819 Z10.996 E1312.08413
G1 X4.739 Y27.088 Z11.004 E1312.72733
G1 X3.392 Y27.29 Z11.012 E1313.36787
G1 X2.03 Y27.425 Z11.019 E1314.01152
G1 X0.684 Y27.492 Z11.027 E1314.64529
G1 X-.684 Y27.493 Z11.035 E1315.28862
G1 X-2.03 Y27.426 Z11.043 E1315.92239
G1 X-3.391 Y27.293 Z11.051 E1316.56548
G1 X-4.739 Y27.091 Z11.059 E1317.20648
G1 X-6.081 Y26.824 Z11.067 E1317.84996
G1 X-7.386 Y26.494 Z11.074 E1318.48298
G1 X-8.698 Y26.092 Z11.082 E1319.12829
G1 X-9.962 Y25.638 Z11.09 E1319.75989
G1 X-11.235 Y25.106 Z11.098 E1320.40872
G1 X-12.456 Y24.524 Z11.106 E1321.04482
G1 X-13.652 Y23.879 Z11.114 E1321.68384
G1 X-14.813 Y23.178 Z11.122 E1322.32163
G1 X-15.959 Y22.405 Z11.13 E1322.97171
G1 X-17.028 Y21.604 Z11.137 E1323.59989
G1 X-18.083 Y20.728 Z11.145 E1324.24477
G1 X-19.084 Y19.811 Z11.153 E1324.88318
G1 X-20.038 Y18.847 Z11.161 E1325.52098
G1 X-20.946 Y17.832 Z11.169 E1326.16143
G1 X-21.808 Y16.767 Z11.177 E1326.80577
G1 X-22.601 Y15.683 Z11.185 E1327.43739
G1 X-23.357 Y14.533 Z11.193 E1328.08459
G1 X-24.051 Y13.354 Z11.201 E1328.72797
G1 X-24.676 Y12.159 Z11.208 E1329.36216
G1 X-25.248 Y10.925 Z11.216 E1330.00179
G1 X-25.76 Y9.659 Z11.224 E1330.644
G1 X-26.204 Y8.376 Z11.232 E1331.28247
G1 X-26.584 Y7.081 Z11.24 E1331.91715
G1 X-26.905 Y5.74 Z11.248 E1332.5656
G1 X-27.156 Y4.411 Z11.256 E1333.20164
G1 X-27.34 Y3.058 Z11.264 E1333.84377
G1 X-27.458 Y1.713 Z11.271 E1334.47872
G1 X-27.51 Y0.347 Z11.279 E1335.12157
G1 X-27.492 Y-1.021 Z11.287 E1335.76496
G1 X-27.41 Y-2.369 Z11.295 E1336.40006
G1 X-27.258 Y-3.726 Z11.303 E1337.04221
G1 X-27.04 Y-5.077 Z11.311 E1337.68577
G1 X-26.758 Y-6.398 Z11.319 E1338.32099
G1 X-26.405 Y-7.729 Z11.327 E1338.96856
G1 X-25.995 Y-9.016 Z11.334 E1339.60377
G1 X-25.521 Y-10.282 Z11.342 E1340.2395
G1 X-24.977 Y-11.54 Z11.35 E1340.88405
G1 X-24.377 Y-12.759 Z11.358 E1341.52299
G1 X-23.716 Y-13.949 Z11.366 E1342.16315
G1 X-23.001 Y-15.1 Z11.374 E1342.80037
G1 X-22.222 Y-16.225 Z11.382 E1343.44388
G1 X-21.391 Y-17.308 Z11.39 E1344.08584
G1 X-20.513 Y-18.338 Z11.397 E1344.72232
G1 X-19.57 Y-19.342 Z11.405 E1345.37008
G1 X-18.605 Y-20.273 Z11.413 E1346.00066
G1 X-17.571 Y-21.176 Z11.421 E1346.64625
G1 X-16.494 Y-22.026 Z11.429 E1347.29147
G1 X-15.408 Y-22.799 Z11.437 E1347.91835
G1 X-14.24 Y-23.546 Z11.445 E1348.57035
G1 X-13.073 Y-24.215 Z11.453 E1349.20294
G1 X-11.855 Y-24.834 Z11.461 E1349.84546
G1 X-10.614 Y-25.39 Z11.468 E1350.48496
G1 X-9.333 Y-25.89 Z11.476 E1351.13164
G1 X-8.064 Y-26.312 Z11.484 E1351.76055
G1 X-6.737 Y-26.683 Z11.492 E1352.40853
G1 X-5.403 Y-26.985 Z11.5 E1353.05175
;TIME_ELAPSED:154.450907
;LAYER:11
;note -- min layer time used
;TYPE:WALL-OUTER
;MESH:step-vase.stl
G1 F2061 X-4.063 Y-27.216 Z11.508 E1353.69121
G1 X-2.72 Y-27.378 Z11.516 E1354.32736
G1 X-1.376 Y-27.476 Z11.524 E1354.96109
G1 X-0.009 Y-27.506 Z11.532 E1355.6041
G1 X1.366 Y-27.471 Z11.54 E1356.25094
G1 X2.718 Y-27.368 Z11.548 E1356.88859
G1 X4.083 Y-27.196 Z11.556 E1357.53558
G1 X5.421 Y-26.957 Z11.563 E1358.17476
G1 X6.72 Y-26.66 Z11.571 E1358.80141
G1 X8.04 Y-26.29 Z11.579 E1359.4461
G1 X9.335 Y-25.856 Z11.587 E1360.08839
G1 X10.593 Y-25.363 Z11.595 E1360.7238
G1 X11.853 Y-24.795 Z11.603 E1361.37376
G1 X13.032 Y-24.194 Z11.611 E1361.9961
G1 X14.247 Y-23.494 Z11.619 E1362.65552
G1 X15.352 Y-22.784 Z11.627 E1363.2732
G1 X16.48 Y-21.979 Z11.635 E1363.92489
G1 X17.534 Y-21.145 Z11.642 E1364.55696
G1 X18.577 Y-20.231 Z11.651 E1365.20914
G1 X19.549 Y-19.287 Z11.658 E1365.84634
G1 X20.466 Y-18.308 Z11.666 E1366.47716
G1 X21.352 Y-17.263 Z11.674 E1367.12145
G1 X22.159 Y-16.208 Z11.682 E1367.7461
G1 X22.952 Y-15.06 Z11.69 E1368.40225
G1 X23.656 Y-13.923 Z11.698 E1369.03115
G1 X24.321 Y-12.72 Z11.706 E1369.67757
G1 X24.919 Y-11.497 Z11.714 E1370.31778
G1 X25.443 Y-10.28 Z11.721 E1370.9409
G1 X25.922 Y-8.997 Z11.729 E1371.58493
G1 X26.336 Y-7.689 Z11.737 E1372.23013
G1 X26.679 Y-6.385 Z11.745 E1372.86422
G1 X26.96 Y-5.054 Z11.753 E1373.50395
G1 X27.174 Y-3.721 Z11.761 E1374.13885
G1 X27.324 Y-2.354 Z11.769 E1374.78557
G1 X27.403 Y-1.024 Z11.777 E1375.41213
G1 X27.418 Y0.338 Z11.785 E1376.05268
G1 X27.365 Y1.699 Z11.793 E1376.69321
G1 X27.245 Y3.039 Z11.801 E1377.3259
G1 X27.06 Y4.386 Z11.808 E1377.9653
G1 X26.804 Y5.728 Z11.816 E1378.60778
G1 X26.484 Y7.055 Z11.824 E1379.24972
G1 X26.105 Y8.335 Z11.832 E1379.8775
G1 X25.661 Y9.613 Z11.84 E1380.51375
G1 X25.152 Y10.866 Z11.848 E1381.14976
G1 X24.569 Y12.121 Z11.856 E1381.80052
G1 X23.94 Y13.316 Z11.864 E1382.4356
G1 X23.263 Y14.459 Z11.872 E1383.06033
G1 X22.511 Y15.6 Z11.879 E1383.70296
G1 X21.707 Y16.695 Z11.887 E1384.34181
G1 X20.846 Y17.755 Z11.895 E1384.98403
G1 X19.95 Y18.754 Z11.903 E1385.61511
G1 X18.996 Y19.713 Z11.911 E1386.25124
G1 X17.999 Y20.624 Z11.919 E1386.88636
G1 X16.958 Y21.486 Z11.927 E1387.52196
G1 X15.863 Y22.302 Z11.935 E1388.16417
G1 X14.733 Y23.062 Z11.943 E1388.80459
G1 X13.584 Y23.754 Z11.95 E1389.43536
G1 X12.393 Y24.393 Z11.958 E1390.07097
G1 X11.156 Y24.979 Z11.966 E1390.71467
G1 X9.925 Y25.491 Z11.974 E1391.34165
G1 X8.633 Y25.953 Z11.982 E1391.98692
G1 X7.343 Y26.345 Z11.99 E1392.62096
G1 X6.046 Y26.67 Z11.998 E1393.24977
G1 X4.706 Y26.935 Z12.006 E1393.89213
G1 X3.366 Y27.132 Z12.014 E1394.52907
G1 X2.012 Y27.262 Z12.021 E1395.16875
G1 X0.683 Y27.325 Z12.029 E1395.79444
G1 X-.674 Y27.323 Z12.037 E1396.4326
G1 X-2.011 Y27.254 Z12.045 E1397.06219
G1 X-3.364 Y27.118 Z12.053 E1397.70168
G1 X-4.703 Y26.915 Z12.061 E1398.33857
G1 X-6.04 Y26.645 Z12.069 E1398.98001
G1 X-7.334 Y26.315 Z12.076 E1399.60802
G1 X-8.622 Y25.917 Z12.084 E1400.24199
G1 X-9.908 Y25.451 Z12.092 E1400.88524
G1 X-11.136 Y24.935 Z12.1 E1401.51164
G1 X-12.369 Y24.343 Z12.108 E1402.15486
G1 X-13.552 Y23.702 Z12.116 E1402.78761
G1 X-14.698 Y23.005 Z12.124 E1403.4184
G1 X-15.822 Y22.243 Z12.131 E1404.057
G1 X-16.907 Y21.426 Z12.139 E1404.69572
G1 X-17.942 Y20.562 Z12.147 E1405.32976
G1 X-18.932 Y19.65 Z12.155 E1405.96277
G1 X-19.878 Y18.69 Z12.163 E1406.59659
G1 X-20.77 Y17.688 Z12.171 E1407.22747
G1 X-21.623 Y16.628 Z12.179 E1407.86732
G1 X-22.416 Y15.538 Z12.187 E1408.50122
G1 X-23.16 Y14.399 Z12.194 E1409.141
G1 X-23.832 Y13.253 Z12.202 E1409.76576
G1 X-24.453 Y12.061 Z12.21 E1410.39783
G1 X-25.026 Y10.815 Z12.218 E1411.04278
G1 X-25.526 Y9.567 Z12.226 E1411.67503
G1 X-25.962 Y8.294 Z12.234 E1412.30783
G1 X-26.336 Y7.012 Z12.241 E1412.93584
G1 X-26.648 Y5.692 Z12.249 E1413.57371
G1 X-26.895 Y4.364 Z12.257 E1414.20894
G1 X-27.074 Y3.025 Z12.265 E1414.84424
G1 X-27.188 Y1.693 Z12.273 E1415.47293
G1 X-27.236 Y0.345 Z12.281 E1416.10726
G1 X-27.215 Y-1.012 Z12.289 E1416.74549
G1 X-27.13 Y-2.342 Z12.296 E1417.37223
G1 X-26.977 Y-3.688 Z12.304 E1418.00929
G1 X-26.758 Y-5.021 Z12.312 E1418.64457
G1 X-26.475 Y-6.33 Z12.32 E1419.27438
G1 X-26.127 Y-7.632 Z12.328 E1419.90816
G1 X-25.712 Y-8.918 Z12.336 E1420.54364
G1 X-25.233 Y-10.188 Z12.344 E1421.18196
G1 X-24.705 Y-11.404 Z12.351 E1421.80539
G1 X-24.106 Y-12.613 Z12.359 E1422.4399
G1 X-23.447 Y-13.792 Z12.367 E1423.07509
G1 X-22.738 Y-14.926 Z12.375 E1423.70403
G1 X-21.955 Y-16.05 Z12.383 E1424.34823
G1 X-21.143 Y-17.102 Z12.39 E1424.97318
G1 X-20.27 Y-18.124 Z12.398 E1425.60528
G1 X-19.349 Y-19.099 Z12.406 E1426.23602
G1 X-18.381 Y-20.028 Z12.414 E1426.86696
G1 X-17.356 Y-20.919 Z12.422 E1427.50565
G1 X-16.299 Y-21.748 Z12.43 E1428.13738
G1 X-15.192 Y-22.532 Z12.438 E1428.7753
G1 X-14.084 Y-23.238 Z12.445 E1429.39315
G1 X-12.892 Y-23.916 Z12.453 E1430.03805
G1 X-11.711 Y-24.513 Z12.461 E1430.66037
G1 X-10.476 Y-25.062 Z12.469 E1431.29595
G1 X-9.216 Y-25.549 Z12.477 E1431.93121
G1 X-7.951 Y-25.968 Z12.484 E1432.55789
G1 X-6.646 Y-26.329 Z12.492 E1433.19464
G1 X-5.345 Y-26.62 Z12.5 E1433.82159
;TIME_ELAPSED:159.459517
;LAYER:12
;note -- min layer time used
;TYPE:WALL-OUTER
;MESH:step-vase.stl
G1 F2025 X-3.983 Y-26.851 Z12.508 E1434.47124
G1 X-2.705 Y-27.005 Z12.516 E1435.0766
G1 X-1.363 Y-27.102 Z12.524 E1435.70935
G1 X-0.015 Y-27.131 Z12.532 E1436.34343
G1 X1.361 Y-27.093 Z12.54 E1436.99077
G1 X2.702 Y-26.988 Z12.548 E1437.62333
G1 X3.979 Y-26.824 Z12.556 E1438.2288
G1 X5.352 Y-26.58 Z12.564 E1438.8846
G1 X6.616 Y-26.29 Z12.571 E1439.49447
G1 X7.958 Y-25.909 Z12.58 E1440.15052
G1 X9.176 Y-25.499 Z12.587 E1440.75489
G1 X10.469 Y-24.991 Z12.596 E1441.4082
G1 X11.642 Y-24.461 Z12.603 E1442.01352
G1 X12.886 Y-23.825 Z12.612 E1442.67057
G1 X14.002 Y-23.181 Z12.619 E1443.2765
G1 X15.162 Y-22.434 Z12.627 E1443.92534
G1 X16.222 Y-21.673 Z12.635 E1444.53899
G1 X17.307 Y-20.812 Z12.643 E1445.19037
G1 X18.278 Y-19.958 Z12.651 E1445.79849
G1 X19.237 Y-19.029 Z12.659 E1446.42639
G1 X20.176 Y-18.024 Z12.667 E1447.07321
G1 X21.047 Y-16.991 Z12.675 E1447.70864
G1 X21.826 Y-15.97 Z12.683 E1448.31258
G1 X22.597 Y-14.851 Z12.691 E1448.95164
G1 X23.309 Y-13.697 Z12.699 E1449.58931
G1 X23.951 Y-12.532 Z12.707 E1450.21486
G1 X24.545 Y-11.317 Z12.715 E1450.85087
G1 X25.07 Y-10.087 Z12.723 E1451.47979
G1 X25.521 Y-8.869 Z12.73 E1452.09059
G1 X25.925 Y-7.594 Z12.738 E1452.71957
G1 X26.267 Y-6.29 Z12.746 E1453.35354
G1 X26.544 Y-4.971 Z12.754 E1453.98736
G1 X26.75 Y-3.666 Z12.762 E1454.60866
G1 X26.897 Y-2.312 Z12.77 E1455.24915
G1 X26.974 Y-.991 Z12.778 E1455.87144
G1 X26.986 Y0.329 Z12.786 E1456.49222
G1 X26.931 Y1.689 Z12.794 E1457.13232
G1 X26.814 Y2.984 Z12.801 E1457.7438
G1 X26.624 Y4.334 Z12.81 E1458.38493
G1 X26.379 Y5.616 Z12.817 E1458.99872
G1 X26.064 Y6.917 Z12.825 E1459.62823
G1 X25.676 Y8.222 Z12.833 E1460.26848
G1 X25.243 Y9.46 Z12.841 E1460.88526
G1 X24.737 Y10.703 Z12.849 E1461.51639
G1 X24.17 Y11.918 Z12.857 E1462.14692
G1 X23.552 Y13.088 Z12.865 E1462.76918
G1 X22.874 Y14.231 Z12.873 E1463.39416
G1 X22.126 Y15.358 Z12.881 E1464.03026
G1 X21.334 Y16.434 Z12.889 E1464.65857
G1 X20.516 Y17.439 Z12.896 E1465.26796
G1 X19.618 Y18.438 Z12.904 E1465.89967
G1 X18.689 Y19.369 Z12.912 E1466.51818
G1 X17.674 Y20.295 Z12.92 E1467.1643
G1 X16.676 Y21.117 Z12.928 E1467.77234
G1 X15.601 Y21.917 Z12.936 E1468.40251
G1 X14.478 Y22.67 Z12.944 E1469.03835
G1 X13.354 Y23.345 Z12.952 E1469.65493
G1 X12.176 Y23.974 Z12.959 E1470.28294
G1 X10.974 Y24.543 Z12.967 E1470.90834
G1 X9.756 Y25.048 Z12.975 E1471.52841
G1 X8.48 Y25.503 Z12.983 E1472.16549
G1 X7.211 Y25.886 Z12.991 E1472.78885
G1 X5.951 Y26.2 Z12.999 E1473.39952
G1 X4.637 Y26.458 Z13.007 E1474.02926
G1 X3.301 Y26.653 Z13.015 E1474.6642
G1 X1.974 Y26.779 Z13.023 E1475.29105
G1 X0.672 Y26.839 Z13.03 E1475.904
G1 X-.658 Y26.835 Z13.038 E1476.52946
G1 X-1.973 Y26.766 Z13.046 E1477.14872
G1 X-3.298 Y26.63 Z13.054 E1477.77511
G1 X-4.631 Y26.427 Z13.062 E1478.40921
G1 X-5.928 Y26.162 Z13.07 E1479.03175
G1 X-7.198 Y25.837 Z13.077 E1479.64824
G1 X-8.473 Y25.442 Z13.085 E1480.27595
G1 X-9.728 Y24.984 Z13.093 E1480.90422
G1 X-10.94 Y24.472 Z13.101 E1481.52296
G1 X-12.138 Y23.895 Z13.109 E1482.14829
G1 X-13.303 Y23.262 Z13.117 E1482.7718
G1 X-14.432 Y22.573 Z13.125 E1483.3938
G1 X-15.531 Y21.824 Z13.133 E1484.01925
G1 X-16.595 Y21.021 Z13.14 E1484.64612
G1 X-17.587 Y20.192 Z13.148 E1485.25408
G1 X-18.587 Y19.269 Z13.156 E1485.89406
G1 X-19.503 Y18.336 Z13.164 E1486.50894
G1 X-20.389 Y17.337 Z13.172 E1487.13689
G1 X-21.2 Y16.327 Z13.18 E1487.74603
G1 X-21.979 Y15.252 Z13.187 E1488.37035
G1 X-22.714 Y14.127 Z13.195 E1489.00232
G1 X-23.374 Y12.995 Z13.203 E1489.61854
G1 X-23.984 Y11.821 Z13.211 E1490.24072
G1 X-24.538 Y10.612 Z13.219 E1490.86613
G1 X-25.027 Y9.385 Z13.227 E1491.48729
G1 X-25.452 Y8.146 Z13.234 E1492.10328
G1 X-25.823 Y6.86 Z13.242 E1492.73271
G1 X-26.127 Y5.569 Z13.25 E1493.35644
G1 X-26.363 Y4.286 Z13.258 E1493.96992
G1 X-26.54 Y2.96 Z13.266 E1494.59903
G1 X-26.648 Y1.665 Z13.274 E1495.21015
G1 X-26.693 Y0.34 Z13.281 E1495.83362
G1 X-26.672 Y-.986 Z13.289 E1496.45728
G1 X-26.587 Y-2.292 Z13.297 E1497.07275
G1 X-26.434 Y-3.614 Z13.305 E1497.6986
G1 X-26.218 Y-4.918 Z13.313 E1498.32019
G1 X-25.94 Y-6.202 Z13.321 E1498.93802
G1 X-25.593 Y-7.487 Z13.328 E1499.56396
G1 X-25.186 Y-8.743 Z13.336 E1500.18486
G1 X-24.726 Y-9.958 Z13.344 E1500.79582
G1 X-24.199 Y-11.167 Z13.352 E1501.41605
G1 X-23.605 Y-12.361 Z13.36 E1502.0432
G1 X-22.964 Y-13.504 Z13.367 E1502.65947
G1 X-22.265 Y-14.62 Z13.375 E1503.27875
G1 X-21.499 Y-15.717 Z13.383 E1503.90796
G1 X-20.712 Y-16.733 Z13.391 E1504.51233
G1 X-19.846 Y-17.743 Z13.399 E1505.138
G1 X-18.931 Y-18.71 Z13.407 E1505.76406
G1 X-17.983 Y-19.618 Z13.414 E1506.38138
G1 X-17.006 Y-20.465 Z13.422 E1506.98946
G1 X-15.95 Y-21.29 Z13.43 E1507.61966
G1 X-14.885 Y-22.043 Z13.438 E1508.23304
G1 X-13.76 Y-22.756 Z13.446 E1508.8594
G1 X-12.64 Y-23.393 Z13.453 E1509.46533
G1 X-11.435 Y-23.998 Z13.461 E1510.09943
G1 X-10.26 Y-24.52 Z13.469 E1510.70407
G1 X-9.01 Y-25.001 Z13.477 E1511.33393
G1 X-7.79 Y-25.402 Z13.484 E1511.93786
G1 X-6.496 Y-25.758 Z13.492 E1512.569
G1 X-5.23 Y-26.04 Z13.5 E1513.17896
;TIME_ELAPSED:164.467428
;LAYER:13
;note -- min layer time used
;TYPE:WALL-OUTER
;MESH:step-vase.stl
G1 F1986.6 X-3.937 Y-26.261 Z13.508 E1513.79584
G1 X-2.623 Y-26.423 Z13.516 E1514.41845
G1 X-1.31 Y-26.518 Z13.524 E1515.03754
G1 X-0.011 Y-26.545 Z13.532 E1515.64855
G1 X1.319 Y-26.511 Z13.54 E1516.27422
G1 X2.621 Y-26.41 Z13.548 E1516.88835
G1 X3.933 Y-26.242 Z13.556 E1517.51039
G1 X5.197 Y-26.018 Z13.563 E1518.11407
G1 X6.502 Y-25.72 Z13.571 E1518.74358
G1 X7.776 Y-25.361 Z13.579 E1519.36604
G1 X8.983 Y-24.956 Z13.587 E1519.96476
G1 X10.235 Y-24.465 Z13.595 E1520.5972
G1 X11.439 Y-23.92 Z13.603 E1521.21871
G1 X12.579 Y-23.339 Z13.611 E1521.82043
G1 X13.732 Y-22.675 Z13.619 E1522.44614
G1 X14.839 Y-21.962 Z13.627 E1523.06537
G1 X15.9 Y-21.202 Z13.635 E1523.67913
G1 X16.913 Y-20.401 Z13.643 E1524.28645
G1 X17.923 Y-19.515 Z13.651 E1524.91828
G1 X18.837 Y-18.629 Z13.658 E1525.51691
G1 X19.763 Y-17.638 Z13.667 E1526.15475
G1 X20.578 Y-16.674 Z13.674 E1526.74839
G1 X21.399 Y-15.602 Z13.682 E1527.38339
G1 X22.125 Y-14.549 Z13.69 E1527.98487
G1 X22.826 Y-13.415 Z13.698 E1528.61183
G1 X23.455 Y-12.276 Z13.706 E1529.22372
G1 X24.033 Y-11.093 Z13.714 E1529.8429
G1 X24.552 Y-9.885 Z13.722 E1530.46121
G1 X25 Y-8.68 Z13.73 E1531.06578
G1 X25.404 Y-7.4 Z13.738 E1531.697
G1 X25.727 Y-6.173 Z13.746 E1532.29368
G1 X25.999 Y-4.889 Z13.753 E1532.91091
G1 X26.208 Y-3.575 Z13.761 E1533.53662
G1 X26.351 Y-2.264 Z13.769 E1534.1568
G1 X26.426 Y-.991 Z13.777 E1534.7565
G1 X26.44 Y0.325 Z13.785 E1535.37541
G1 X26.387 Y1.655 Z13.793 E1536.00137
G1 X26.274 Y2.926 Z13.801 E1536.60144
G1 X26.089 Y4.245 Z13.809 E1537.22781
G1 X25.849 Y5.505 Z13.817 E1537.831
G1 X25.536 Y6.801 Z13.825 E1538.458
G1 X25.169 Y8.043 Z13.833 E1539.06704
G1 X24.744 Y9.26 Z13.84 E1539.67326
G1 X24.239 Y10.503 Z13.848 E1540.30421
G1 X23.69 Y11.679 Z13.856 E1540.91454
G1 X23.086 Y12.828 Z13.864 E1541.525
G1 X22.434 Y13.929 Z13.872 E1542.12674
G1 X21.69 Y15.055 Z13.88 E1542.76142
G1 X20.924 Y16.099 Z13.888 E1543.37037
G1 X20.112 Y17.098 Z13.896 E1543.97579
G1 X19.241 Y18.067 Z13.903 E1544.58851
G1 X18.294 Y19.021 Z13.912 E1545.22066
G1 X17.351 Y19.881 Z13.919 E1545.82085
G1 X16.336 Y20.718 Z13.927 E1546.43954
G1 X15.305 Y21.487 Z13.935 E1547.04441
G1 X14.205 Y22.226 Z13.943 E1547.66761
G1 X13.093 Y22.895 Z13.951 E1548.2779
G1 X11.936 Y23.515 Z13.959 E1548.8952
G1 X10.77 Y24.068 Z13.967 E1549.50208
G1 X9.556 Y24.572 Z13.974 E1550.12023
G1 X8.329 Y25.01 Z13.982 E1550.73292
G1 X7.091 Y25.386 Z13.99 E1551.34138
G1 X5.831 Y25.702 Z13.998 E1551.95227
G1 X4.535 Y25.957 Z14.006 E1552.57343
G1 X3.255 Y26.145 Z14.014 E1553.18184
G1 X1.936 Y26.272 Z14.022 E1553.805
G1 X0.66 Y26.333 Z14.03 E1554.40575
G1 X-.65 Y26.33 Z14.037 E1555.02181
G1 X-1.935 Y26.263 Z14.045 E1555.62693
G1 X-3.252 Y26.129 Z14.053 E1556.24948
G1 X-4.531 Y25.934 Z14.061 E1556.8579
G1 X-5.823 Y25.672 Z14.069 E1557.47786
G1 X-7.08 Y25.351 Z14.077 E1558.08797
G1 X-8.314 Y24.969 Z14.085 E1558.69545
G1 X-9.538 Y24.524 Z14.093 E1559.30793
G1 X-10.744 Y24.017 Z14.1 E1559.92315
G1 X-11.907 Y23.457 Z14.108 E1560.53018
G1 X-13.055 Y22.834 Z14.116 E1561.14443
G1 X-14.16 Y22.162 Z14.124 E1561.75263
G1 X-15.253 Y21.419 Z14.132 E1562.37416
G1 X-16.28 Y20.645 Z14.14 E1562.97893
G1 X-17.284 Y19.809 Z14.148 E1563.59334
G1 X-18.222 Y18.944 Z14.155 E1564.19338
G1 X-19.157 Y17.993 Z14.163 E1564.82056
G1 X-20.019 Y17.024 Z14.171 E1565.43047
G1 X-20.822 Y16.025 Z14.179 E1566.03323
G1 X-21.583 Y14.977 Z14.187 E1566.6423
G1 X-22.313 Y13.859 Z14.195 E1567.27022
G1 X-22.956 Y12.761 Z14.202 E1567.8686
G92 E0
G1 X-23.554 Y11.609 Z14.21 E0.6104
G1 X-24.093 Y10.437 Z14.218 E1.21705
G1 X-24.586 Y9.206 Z14.226 E1.84065
G1 X-25.003 Y7.995 Z14.234 E2.44297
G1 X-25.363 Y6.751 Z14.242 E3.052
G1 X-25.665 Y5.471 Z14.25 E3.67047
G1 X-25.898 Y4.21 Z14.257 E4.27352
G1 X-26.074 Y2.909 Z14.265 E4.89092
G1 X-26.18 Y1.638 Z14.273 E5.49071
G1 X-26.226 Y0.333 Z14.281 E6.1048
G1 X-26.206 Y-.977 Z14.289 E6.72093
G1 X-26.124 Y-2.249 Z14.296 E7.32036
G1 X-25.975 Y-3.548 Z14.304 E7.93525
G1 X-25.763 Y-4.838 Z14.312 E8.55003
G1 X-25.488 Y-6.109 Z14.32 E9.16158
G1 X-25.158 Y-7.334 Z14.328 E9.7582
G1 X-24.755 Y-8.588 Z14.336 E10.37763
G1 X-24.301 Y-9.791 Z14.344 E10.98232
G1 X-23.781 Y-10.984 Z14.351 E11.59433
G1 X-23.201 Y-12.153 Z14.359 E12.20802
G1 X-22.574 Y-13.274 Z14.367 E12.81206
G1 X-21.882 Y-14.38 Z14.375 E13.4256
G1 X-21.151 Y-15.43 Z14.383 E14.02726
G1 X-20.343 Y-16.474 Z14.391 E14.64809
G1 X-19.523 Y-17.433 Z14.398 E15.24147
G1 X-18.613 Y-18.396 Z14.406 E15.86455
G1 X-17.694 Y-19.277 Z14.414 E16.46325
G1 X-16.705 Y-20.136 Z14.422 E17.07929
G1 X-15.688 Y-20.932 Z14.43 E17.68663
G1 X-14.637 Y-21.677 Z14.437 E18.29247
G1 X-13.54 Y-22.373 Z14.445 E18.90343
G1 X-12.415 Y-23.013 Z14.453 E19.5121
G1 X-11.273 Y-23.59 Z14.461 E20.11381
G1 X-10.079 Y-24.12 Z14.469 E20.72815
G1 X-8.862 Y-24.591 Z14.477 E21.34184
G1 X-7.651 Y-24.99 Z14.484 E21.94145
G1 X-6.395 Y-25.336 Z14.492 E22.55412
G1 X-5.128 Y-25.62 Z14.5 E23.16474
;TIME_ELAPSED:169.487321
;LAYER:14
;note -- min layer time used
;TYPE:WALL-OUTER
;MESH:step-vase.stl
G1 F1957.9 X-3.872 Y-25.836 Z14.508 E23.76407
G1 X-2.57 Y-25.996 Z14.516 E24.38097
G1 X-1.304 Y-26.087 Z14.524 E24.97788
G1 X-0.008 Y-26.117 Z14.532 E25.58751
G1 X1.298 Y-26.083 Z14.54 E26.2019
G1 X2.568 Y-25.987 Z14.547 E26.80085
G1 X3.868 Y-25.823 Z14.555 E27.41705
G1 X5.143 Y-25.596 Z14.563 E28.02607
G1 X6.399 Y-25.308 Z14.571 E28.63206
G1 X7.634 Y-24.961 Z14.579 E29.23534
G1 X8.87 Y-24.547 Z14.587 E29.84834
G1 X10.065 Y-24.078 Z14.595 E30.45205
G1 X11.242 Y-23.55 Z14.603 E31.0587
G1 X12.375 Y-22.972 Z14.611 E31.65685
G1 X13.513 Y-22.317 Z14.619 E32.27433
G1 X14.605 Y-21.617 Z14.627 E32.88432
G1 X15.648 Y-20.87 Z14.635 E33.48764
G1 X16.671 Y-20.06 Z14.643 E34.10128
G1 X17.619 Y-19.23 Z14.65 E34.69382
G1 X18.563 Y-18.316 Z14.658 E35.31175
G1 X19.435 Y-17.385 Z14.666 E35.91163
G1 X20.26 Y-16.413 Z14.674 E36.51118
G1 X21.065 Y-15.361 Z14.682 E37.13414
G1 X21.789 Y-14.312 Z14.69 E37.73354
G1 X22.465 Y-13.22 Z14.698 E38.33751
G1 X23.091 Y-12.088 Z14.706 E38.94584
G1 X23.665 Y-10.917 Z14.714 E39.55913
G1 X24.165 Y-9.755 Z14.721 E40.15403
G1 X24.623 Y-8.528 Z14.729 E40.76994
G1 X25.009 Y-7.305 Z14.737 E41.37305
G1 X25.338 Y-6.065 Z14.745 E41.97637
G1 X25.602 Y-4.812 Z14.753 E42.57855
G1 X25.809 Y-3.523 Z14.761 E43.1925
G1 X25.949 Y-2.244 Z14.769 E43.79757
G1 X26.025 Y-.971 Z14.777 E44.3973
G1 X26.04 Y0.319 Z14.785 E45.00399
G1 X25.989 Y1.629 Z14.793 E45.62052
G1 X25.876 Y2.894 Z14.8 E46.21778
G1 X25.698 Y4.179 Z14.808 E46.82785
G1 X25.461 Y5.424 Z14.816 E47.42385
G1 X25.156 Y6.691 Z14.824 E48.03671
G1 X24.793 Y7.925 Z14.832 E48.64161
G1 X24.365 Y9.147 Z14.84 E49.25052
G1 X23.889 Y10.321 Z14.848 E49.84627
G1 X23.34 Y11.504 Z14.856 E50.45959
G1 X22.747 Y12.632 Z14.864 E51.0589
G1 X22.08 Y13.758 Z14.872 E51.67435
G1 X21.381 Y14.817 Z14.879 E52.27108
G1 X20.626 Y15.849 Z14.887 E52.87241
G1 X19.801 Y16.864 Z14.895 E53.48752
G1 X18.941 Y17.82 Z14.903 E54.09225
G1 X18.043 Y18.726 Z14.911 E54.69214
G1 X17.09 Y19.598 Z14.919 E55.29961
G1 X16.09 Y20.423 Z14.927 E55.90927
G1 X15.078 Y21.178 Z14.934 E56.50304
G1 X14.017 Y21.892 Z14.942 E57.10446
G1 X12.89 Y22.571 Z14.95 E57.72321
G1 X11.78 Y23.167 Z14.958 E58.3157
G1 X10.597 Y23.729 Z14.966 E58.93162
G1 X9.427 Y24.215 Z14.974 E59.52742
G1 X8.201 Y24.655 Z14.982 E60.13999
G1 X6.975 Y25.027 Z14.99 E60.7425
G1 X5.749 Y25.334 Z14.997 E61.33685
G1 X4.459 Y25.59 Z15.006 E61.95534
G1 X3.224 Y25.772 Z15.013 E62.54239
G1 X1.91 Y25.9 Z15.021 E63.16326
G1 X0.649 Y25.96 Z15.029 E63.75694
G1 X-.641 Y25.958 Z15.037 E64.3636
G1 X-1.909 Y25.893 Z15.045 E64.96068
G1 X-3.222 Y25.76 Z15.053 E65.58131
G1 X-4.465 Y25.571 Z15.061 E66.17258
G1 X-5.743 Y25.313 Z15.068 E66.78571
G1 X-6.968 Y25.001 Z15.076 E67.38019
G1 X-8.197 Y24.623 Z15.084 E67.98487
G1 X-9.412 Y24.181 Z15.092 E68.59289
G1 X-10.58 Y23.69 Z15.1 E69.18873
G1 X-11.757 Y23.125 Z15.108 E69.80271
G1 X-12.87 Y22.522 Z15.116 E70.398
G1 X-13.984 Y21.844 Z15.124 E71.01129
G1 X-15.04 Y21.128 Z15.131 E71.61128
G1 X-16.049 Y20.369 Z15.139 E72.20505
G1 X-17.043 Y19.542 Z15.147 E72.81313
G1 X-17.987 Y18.672 Z15.155 E73.41685
G1 X-18.882 Y17.762 Z15.163 E74.0171
G1 X-19.735 Y16.806 Z15.171 E74.61962
G1 X-20.55 Y15.795 Z15.179 E75.23032
G1 X-21.299 Y14.764 Z15.186 E75.8296
G1 X-21.994 Y13.702 Z15.194 E76.42648
G1 X-22.65 Y12.583 Z15.202 E77.03647
G1 X-23.239 Y11.452 Z15.21 E77.63615
G1 X-23.78 Y10.277 Z15.218 E78.24448
G1 X-24.251 Y9.101 Z15.226 E78.84023
G1 X-24.669 Y7.889 Z15.233 E79.44314
G1 X-25.028 Y6.65 Z15.241 E80.04978
G1 X-25.325 Y5.399 Z15.249 E80.65444
G1 X-25.556 Y4.153 Z15.257 E81.25039
G1 X-25.729 Y2.874 Z15.265 E81.85734
G1 X-25.836 Y1.616 Z15.273 E82.45108
G1 X-25.882 Y0.326 Z15.281 E83.05812
G1 X-25.863 Y-.961 Z15.288 E83.66343
G1 X-25.782 Y-2.225 Z15.296 E84.25907
G1 X-25.637 Y-3.503 Z15.304 E84.86394
G1 X-25.428 Y-4.774 Z15.312 E85.46968
G1 X-25.159 Y-6.026 Z15.32 E86.0719
G1 X-24.831 Y-7.248 Z15.328 E86.66691
G1 X-24.438 Y-8.468 Z15.335 E87.26968
G1 X-23.984 Y-9.673 Z15.343 E87.87524
G1 X-23.478 Y-10.838 Z15.351 E88.47256
G1 X-22.905 Y-11.995 Z15.359 E89.07973
G1 X-22.283 Y-13.106 Z15.367 E89.67852
G1 X-21.603 Y-14.195 Z15.375 E90.28228
G1 X-20.882 Y-15.233 Z15.382 E90.87663
G1 X-20.085 Y-16.264 Z15.39 E91.48946
G1 X-19.265 Y-17.224 Z15.398 E92.0832
G1 X-18.389 Y-18.153 Z15.406 E92.68368
G1 X-17.459 Y-19.046 Z15.414 E93.29001
G1 X-16.508 Y-19.872 Z15.422 E93.88239
G1 X-15.49 Y-20.671 Z15.43 E94.49097
G1 X-14.455 Y-21.406 Z15.437 E95.08795
G1 X-13.371 Y-22.095 Z15.445 E95.69198
G1 X-12.254 Y-22.732 Z15.453 E96.29669
G1 X-11.131 Y-23.299 Z15.461 E96.88831
G1 X-9.952 Y-23.824 Z15.469 E97.49524
G1 X-8.767 Y-24.282 Z15.477 E98.09269
G1 X-7.557 Y-24.682 Z15.484 E98.69201
G1 X-6.321 Y-25.024 Z15.492 E99.2951
G1 X-5.077 Y-25.304 Z15.5 E99.89476
;TIME_ELAPSED:174.495510
;LAYER:15
;note -- min layer time used
;TYPE:WALL-OUTER
;MESH:step-vase.stl
G1 F1946.5 X-3.83 Y-25.522 Z15.508 E100.49008
G1 X-2.546 Y-25.682 Z15.516 E101.09859
G1 X-1.281 Y-25.777 Z15.524 E101.69516
G1 X0.00 Y-25.808 Z15.532 E102.29775
G1 X1.284 Y-25.777 Z15.539 E102.90176
G1 X2.546 Y-25.682 Z15.547 E103.49692
G1 X3.829 Y-25.523 Z15.555 E104.1049
G1 X5.069 Y-25.307 Z15.563 E104.69682
G1 X6.317 Y-25.024 Z15.571 E105.29862
G1 X7.556 Y-24.678 Z15.579 E105.90358
G1 X8.758 Y-24.278 Z15.587 E106.49932
G1 X9.954 Y-23.814 Z15.594 E107.10261
G1 X11.126 Y-23.289 Z15.602 E107.70655
G1 X12.247 Y-22.721 Z15.61 E108.29753
G1 X13.363 Y-22.081 Z15.618 E108.90253
G1 X14.443 Y-21.392 Z15.626 E109.50498
G1 X15.478 Y-20.654 Z15.634 E110.10278
G1 X16.492 Y-19.854 Z15.642 E110.71018
G1 X17.441 Y-19.027 Z15.65 E111.30215
G1 X18.369 Y-18.132 Z15.657 E111.90845
G1 X19.242 Y-17.203 Z15.665 E112.50797
G1 X20.067 Y-16.233 Z15.673 E113.10681
G1 X20.843 Y-15.224 Z15.681 E113.70542
G1 X21.574 Y-14.17 Z15.689 E114.30863
G1 X22.245 Y-13.091 Z15.697 E114.90617
G1 X22.866 Y-11.976 Z15.705 E115.50636
G1 X23.433 Y-10.827 Z15.713 E116.10892
G1 X23.941 Y-9.65 Z15.72 E116.71178
G1 X24.39 Y-8.453 Z15.728 E117.313
G1 X24.775 Y-7.246 Z15.736 E117.90879
G1 X25.105 Y-6.006 Z15.744 E118.51223
G1 X25.372 Y-4.762 Z15.752 E119.11057
G1 X25.576 Y-3.497 Z15.76 E119.71315
G1 X25.719 Y-2.219 Z15.768 E120.31791
G1 X25.797 Y-.958 Z15.776 E120.91206
G1 X25.814 Y0.326 Z15.783 E121.51594
G1 X25.766 Y1.608 Z15.791 E122.11925
G1 X25.657 Y2.87 Z15.799 E122.71495
G1 X25.483 Y4.142 Z15.807 E123.31871
G1 X25.25 Y5.382 Z15.815 E123.91205
G1 X24.949 Y6.638 Z15.823 E124.51944
G1 X24.594 Y7.855 Z15.831 E125.11561
G1 X24.167 Y9.082 Z15.839 E125.72658
G1 X23.698 Y10.247 Z15.846 E126.31718
G1 X23.164 Y11.401 Z15.854 E126.91516
G1 X22.568 Y12.54 Z15.862 E127.5197
G1 X21.915 Y13.65 Z15.87 E128.12533
G1 X21.225 Y14.701 Z15.878 E128.71659
G1 X20.454 Y15.756 Z15.886 E129.33109
G1 X19.666 Y16.729 Z15.894 E129.91991
G1 X18.818 Y17.678 Z15.901 E130.51841
G1 X17.902 Y18.605 Z15.909 E131.13128
G1 X16.974 Y19.458 Z15.917 E131.72405
G1 X15.992 Y20.272 Z15.925 E132.32388
G1 X14.961 Y21.044 Z15.933 E132.92959
G1 X13.919 Y21.748 Z15.941 E133.52098
G1 X12.808 Y22.42 Z15.949 E134.13159
G1 X11.699 Y23.018 Z15.957 E134.72411
G1 X10.533 Y23.575 Z15.965 E135.3318
G1 X9.364 Y24.064 Z15.972 E135.92771
G1 X8.153 Y24.501 Z15.98 E136.53316
G1 X6.936 Y24.873 Z15.988 E137.13162
G1 X5.71 Y25.182 Z15.996 E137.72621
G1 X4.437 Y25.438 Z16.004 E138.33685
G1 X3.203 Y25.623 Z16.012 E138.92365
G1 X1.903 Y25.752 Z16.02 E139.53801
G1 X0.643 Y25.814 Z16.027 E140.13127
G1 X-.645 Y25.814 Z16.035 E140.73698
G1 X-1.903 Y25.752 Z16.043 E141.3293
G1 X-3.203 Y25.623 Z16.051 E141.94366
G1 X-4.437 Y25.438 Z16.059 E142.53046
G1 X-5.711 Y25.183 Z16.067 E143.14147
G1 X-6.937 Y24.874 Z16.075 E143.73606
G1 X-8.154 Y24.502 Z16.083 E144.33452
G1 X-9.364 Y24.065 Z16.091 E144.93952
G1 X-10.534 Y23.576 Z16.098 E145.53586
G1 X-11.7 Y23.019 Z16.106 E146.14355
G1 X-12.809 Y22.421 Z16.114 E146.73608
G1 X-13.92 Y21.749 Z16.122 E147.34669
G1 X-14.962 Y21.046 Z16.13 E147.93781
G1 X-15.993 Y20.274 Z16.138 E148.54352
G1 X-16.975 Y19.46 Z16.146 E149.14336
G1 X-17.904 Y18.607 Z16.153 E149.73647
G1 X-18.819 Y17.68 Z16.161 E150.34901
G1 X-19.668 Y16.731 Z16.169 E150.94783
G1 X-20.455 Y15.758 Z16.177 E151.53635
G1 X-21.227 Y14.703 Z16.185 E152.15113
G1 X-21.918 Y13.651 Z16.193 E152.74304
G1 X-22.571 Y12.542 Z16.201 E153.34826
G1 X-23.167 Y11.403 Z16.209 E153.9528
G1 X-23.7 Y10.249 Z16.217 E154.55059
G1 X-24.17 Y9.084 Z16.224 E155.14136
G1 X-24.597 Y7.856 Z16.232 E155.75277
G1 X-24.952 Y6.639 Z16.24 E156.34895
G1 X-25.253 Y5.383 Z16.248 E156.95633
G1 X-25.487 Y4.142 Z16.256 E157.55023
G1 X-25.66 Y2.871 Z16.264 E158.15346
G1 X-25.77 Y1.609 Z16.272 E158.74919
G1 X-25.818 Y0.326 Z16.279 E159.35297
G1 X-25.801 Y-.961 Z16.287 E159.95826
G1 X-25.724 Y-2.22 Z16.295 E160.55144
G1 X-25.581 Y-3.499 Z16.303 E161.15667
G1 X-25.377 Y-4.761 Z16.311 E161.75786
G1 X-25.111 Y-6.007 Z16.319 E162.35702
G1 X-24.781 Y-7.247 Z16.327 E162.96046
G1 X-24.396 Y-8.455 Z16.335 E163.5567
G1 X-23.948 Y-9.651 Z16.342 E164.15731
G1 X-23.438 Y-10.828 Z16.35 E164.76055
G1 X-22.871 Y-11.979 Z16.358 E165.36395
G1 X-22.251 Y-13.094 Z16.366 E165.96392
G1 X-21.58 Y-14.173 Z16.374 E166.56146
G1 X-20.849 Y-15.227 Z16.382 E167.16467
G1 X-20.073 Y-16.237 Z16.39 E167.76365
G1 X-19.247 Y-17.207 Z16.398 E168.36279
G1 X-18.374 Y-18.136 Z16.405 E168.96231
G1 X-17.446 Y-19.031 Z16.413 E169.56861
G1 X-16.497 Y-19.859 Z16.421 E170.16089
G1 X-15.483 Y-20.66 Z16.429 E170.76858
G1 X-14.448 Y-21.397 Z16.437 E171.36611
G1 X-13.367 Y-22.088 Z16.445 E171.96946
G1 X-12.251 Y-22.727 Z16.453 E172.57423
G1 X-11.13 Y-23.296 Z16.461 E173.16543
G1 X-9.958 Y-23.82 Z16.468 E173.76916
G1 X-8.761 Y-24.286 Z16.476 E174.37323
G1 X-7.559 Y-24.686 Z16.484 E174.96898
G1 X-6.32 Y-25.032 Z16.492 E175.57394
G1 X-5.071 Y-25.314 Z16.5 E176.1761
;TIME_ELAPSED:179.503654
;LAYER:16
;note -- min layer time used
;TYPE:WALL-OUTER
;MESH:step-vase.stl
G1 F1958.6 X-3.831 Y-25.534 Z16.508 E176.76834
G1 X-2.549 Y-25.696 Z16.516 E177.37603
G1 X-1.285 Y-25.792 Z16.523 E177.97216
G1 X0.00 Y-25.827 Z16.531 E178.57669
G1 X1.286 Y-25.797 Z16.539 E179.18162
G1 X2.556 Y-25.706 Z16.547 E179.7804
G1 X3.829 Y-25.55 Z16.555 E180.38354
G1 X5.075 Y-25.333 Z16.563 E180.97832
G1 X6.325 Y-25.054 Z16.57 E181.58062
G1 X7.566 Y-24.71 Z16.578 E182.18624
G1 X8.77 Y-24.311 Z16.586 E182.78273
G1 X9.971 Y-23.847 Z16.594 E183.38821
G1 X11.143 Y-23.325 Z16.602 E183.99157
G1 X12.27 Y-22.756 Z16.61 E184.58528
G1 X13.383 Y-22.122 Z16.617 E185.18766
G1 X14.47 Y-21.431 Z16.625 E185.79339
G1 X15.519 Y-20.686 Z16.633 E186.39846
G1 X16.518 Y-19.901 Z16.641 E186.99595
G1 X17.479 Y-19.067 Z16.649 E187.59434
G1 X18.41 Y-18.172 Z16.657 E188.20166
G1 X19.287 Y-17.243 Z16.665 E188.80247
G1 X20.115 Y-16.274 Z16.672 E189.40186
G1 X20.897 Y-15.26 Z16.68 E190.00406
G1 X21.63 Y-14.207 Z16.688 E190.60742
G1 X22.306 Y-13.125 Z16.696 E191.2074
G1 X22.929 Y-12.01 Z16.704 E191.80805
G1 X23.499 Y-10.857 Z16.712 E192.41292
G1 X24.013 Y-9.678 Z16.719 E193.01777
G1 X24.463 Y-8.482 Z16.727 E193.61871
G1 X24.854 Y-7.266 Z16.735 E194.21939
G1 X25.187 Y-6.024 Z16.743 E194.8241
G1 X25.456 Y-4.777 Z16.751 E195.42402
G1 X25.664 Y-3.51 Z16.759 E196.02783
G1 X25.81 Y-2.227 Z16.767 E196.63509
G1 X25.889 Y-.964 Z16.774 E197.2302
G1 X25.909 Y0.328 Z16.782 E197.83787
G1 X25.863 Y1.615 Z16.79 E198.4435
G1 X25.755 Y2.881 Z16.798 E199.04102
G1 X25.584 Y4.158 Z16.806 E199.64692
G1 X25.352 Y5.404 Z16.814 E200.24295
G1 X25.053 Y6.664 Z16.821 E200.85195
G1 X24.697 Y7.895 Z16.829 E201.45458
G1 X24.278 Y9.105 Z16.837 E202.05676
G1 X23.801 Y10.295 Z16.845 E202.65967
G1 X23.267 Y11.458 Z16.853 E203.26149
G1 X22.672 Y12.598 Z16.861 E203.86623
G1 X22.018 Y13.714 Z16.869 E204.47454
G1 X21.317 Y14.787 Z16.877 E205.07728
G1 X20.574 Y15.807 Z16.884 E205.67073
G1 X19.762 Y16.816 Z16.892 E206.2798
G1 X18.914 Y17.768 Z16.9 E206.87936
G1 X18.002 Y18.695 Z16.908 E207.49091
G1 X17.058 Y19.564 Z16.916 E208.09431
G1 X16.077 Y20.381 Z16.924 E208.69469
G1 X15.049 Y21.155 Z16.932 E209.29983
G1 X13.988 Y21.874 Z16.939 E209.90257
G1 X12.883 Y22.545 Z16.947 E210.51052
G1 X11.764 Y23.152 Z16.955 E211.1092
G1 X10.599 Y23.71 Z16.963 E211.71667
G1 X9.42 Y24.206 Z16.971 E212.31819
G1 X8.203 Y24.648 Z16.979 E212.92709
G1 X6.982 Y25.024 Z16.987 E213.5279
G1 X5.746 Y25.339 Z16.994 E214.12773
G1 X4.472 Y25.596 Z17.002 E214.73893
G1 X3.215 Y25.787 Z17.01 E215.33685
G1 X1.915 Y25.919 Z17.018 E215.95135
G1 X0.649 Y25.983 Z17.026 E216.54747
G1 X-.649 Y25.986 Z17.034 E217.15789
G1 X-1.915 Y25.926 Z17.042 E217.75392
G1 X-3.212 Y25.799 Z17.05 E218.36678
G1 X-4.478 Y25.613 Z17.058 E218.96854
G1 X-5.751 Y25.361 Z17.065 E219.57881
G1 X-6.99 Y25.05 Z17.073 E220.17956
G1 X-8.213 Y24.678 Z17.081 E220.78072
G1 X-9.433 Y24.24 Z17.089 E221.3903
G1 X-10.617 Y23.748 Z17.097 E221.99327
G1 X-11.783 Y23.195 Z17.105 E222.60015
G1 X-12.909 Y22.59 Z17.113 E223.20127
G1 X-14.015 Y21.924 Z17.121 E223.80841
G1 X-15.09 Y21.201 Z17.129 E224.41766
G1 X-16.119 Y20.433 Z17.136 E225.02149
G1 X-17.103 Y19.62 Z17.144 E225.62175
G1 X-18.056 Y18.749 Z17.152 E226.2289
G1 X-18.973 Y17.824 Z17.16 E226.84144
G1 X-19.825 Y16.875 Z17.168 E227.4412
G1 X-20.648 Y15.862 Z17.176 E228.05499
G1 X-21.397 Y14.841 Z17.184 E228.65048
G1 X-22.104 Y13.768 Z17.192 E229.25477
G1 X-22.765 Y12.65 Z17.199 E229.86555
G1 X-23.365 Y11.509 Z17.207 E230.4718
G1 X-23.906 Y10.342 Z17.215 E231.07671
G1 X-24.392 Y9.146 Z17.223 E231.68382
G1 X-24.815 Y7.935 Z17.231 E232.28707
G1 X-25.18 Y6.695 Z17.239 E232.89494
G1 X-25.485 Y5.432 Z17.247 E233.50597
G1 X-25.723 Y4.181 Z17.255 E234.10484
G1 X-25.9 Y2.897 Z17.263 E234.71438
G1 X-26.013 Y1.625 Z17.27 E235.31492
G1 X-26.064 Y0.329 Z17.278 E235.92486
G1 X-26.049 Y-.97 Z17.286 E236.53579
G1 X-25.974 Y-2.241 Z17.294 E237.13454
G1 X-25.832 Y-3.532 Z17.302 E237.74533
G1 X-25.627 Y-4.811 Z17.31 E238.35448
G1 X-25.363 Y-6.064 Z17.318 E238.95667
G1 X-25.034 Y-7.31 Z17.326 E239.56272
G1 X-24.64 Y-8.551 Z17.334 E240.17503
G1 X-24.193 Y-9.751 Z17.342 E240.77724
G1 X-23.681 Y-10.94 Z17.35 E241.38603
G1 X-23.11 Y-12.104 Z17.358 E241.99575
G1 X-22.488 Y-13.228 Z17.365 E242.59987
G1 X-21.806 Y-14.329 Z17.373 E243.20893
G1 X-21.08 Y-15.382 Z17.381 E243.81041
G1 X-20.283 Y-16.422 Z17.389 E244.4266
G1 X-19.458 Y-17.396 Z17.397 E245.02687
G1 X-18.577 Y-18.336 Z17.405 E245.63273
G1 X-17.64 Y-19.243 Z17.413 E246.24601
G1 X-16.67 Y-20.093 Z17.421 E246.85253
G1 X-15.674 Y-20.881 Z17.429 E247.44979
G1 X-14.608 Y-21.643 Z17.437 E248.06601
G1 X-13.513 Y-22.347 Z17.445 E248.6782
G1 X-12.402 Y-22.984 Z17.452 E249.28046
G1 X-11.253 Y-23.571 Z17.46 E249.88723
G1 X-10.083 Y-24.096 Z17.468 E250.49031
G1 X-8.864 Y-24.573 Z17.476 E251.10589
G1 X-7.65 Y-24.98 Z17.484 E251.70804
G1 X-6.395 Y-25.333 Z17.492 E252.32113
G1 X-5.13 Y-25.622 Z17.5 E252.93135
;TIME_ELAPSED:184.511846
;LAYER:17
;note -- min layer time used
;TYPE:WALL-OUTER
;MESH:step-vase.stl
G1 F1984.1 X-3.866 Y-25.846 Z17.508 E253.53504
G1 X-2.593 Y-26.008 Z17.516 E254.13853
G1 X-1.3 Y-26.107 Z17.523 E254.74837
G1 X0.00 Y-26.142 Z17.531 E255.35994
G1 X1.301 Y-26.113 Z17.539 E255.97192
G1 X2.585 Y-26.02 Z17.547 E256.57733
G1 X3.869 Y-25.863 Z17.555 E257.18566
G1 X5.143 Y-25.644 Z17.563 E257.79357
G1 X6.402 Y-25.361 Z17.57 E258.40042
G1 X7.659 Y-25.013 Z17.578 E259.01379
G1 X8.878 Y-24.61 Z17.586 E259.61756
G1 X10.1 Y-24.138 Z17.594 E260.23362
G1 X11.271 Y-23.617 Z17.602 E260.83635
G1 X12.428 Y-23.033 Z17.61 E261.44584
G1 X13.557 Y-22.391 Z17.617 E262.05662
G1 X14.646 Y-21.697 Z17.625 E262.6639
G1 X15.716 Y-20.94 Z17.633 E263.28029
G1 X16.712 Y-20.157 Z17.641 E263.87609
G1 X17.697 Y-19.302 Z17.649 E264.48947
G1 X18.639 Y-18.398 Z17.657 E265.10346
G1 X19.524 Y-17.463 Z17.664 E265.7089
G1 X20.37 Y-16.471 Z17.672 E266.32202
G1 X21.162 Y-15.447 Z17.68 E266.93081
G1 X21.897 Y-14.39 Z17.688 E267.53625
G1 X22.588 Y-13.285 Z17.696 E268.14914
G1 X23.216 Y-12.16 Z17.704 E268.75505
G1 X23.795 Y-10.991 Z17.711 E269.36853
G1 X24.315 Y-9.799 Z17.719 E269.98011
G1 X24.767 Y-8.598 Z17.727 E270.58359
G1 X25.171 Y-7.349 Z17.735 E271.20092
G1 X25.505 Y-6.099 Z17.743 E271.80938
G1 X25.777 Y-4.84 Z17.751 E272.41512
G1 X25.988 Y-3.553 Z17.758 E273.02843
G1 X26.137 Y-2.255 Z17.766 E273.64286
G1 X26.218 Y-.976 Z17.774 E274.24554
G1 X26.238 Y0.331 Z17.782 E274.86026
G1 X26.192 Y1.636 Z17.79 E275.47435
G1 X26.084 Y2.918 Z17.798 E276.07937
G1 X25.91 Y4.21 Z17.806 E276.69245
G1 X25.675 Y5.475 Z17.813 E277.29752
G1 X25.374 Y6.745 Z17.821 E277.91131
G1 X25.01 Y8.001 Z17.829 E278.52628
G1 X24.591 Y9.218 Z17.837 E279.13157
G1 X24.105 Y10.43 Z17.845 E279.74566
G1 X23.563 Y11.61 Z17.853 E280.35632
G1 X22.964 Y12.76 Z17.861 E280.9661
G1 X22.301 Y13.893 Z17.868 E281.58344
G1 X21.598 Y14.968 Z17.876 E282.18748
G1 X20.836 Y16.017 Z17.884 E282.79722
G1 X20.016 Y17.035 Z17.892 E283.41195
G1 X19.156 Y17.999 Z17.9 E284.01947
G1 X18.239 Y18.934 Z17.908 E284.63535
G1 X17.273 Y19.823 Z17.916 E285.25273
G1 X16.283 Y20.649 Z17.923 E285.85907
G1 X15.251 Y21.425 Z17.931 E286.46629
G1 X14.174 Y22.155 Z17.939 E287.07815
G1 X13.055 Y22.837 Z17.947 E287.69442
G1 X11.91 Y23.458 Z17.955 E288.30698
G1 X10.741 Y24.019 Z17.963 E288.91676
G1 X9.543 Y24.523 Z17.971 E289.52797
G1 X8.314 Y24.969 Z17.979 E290.14282
G1 X7.073 Y25.352 Z17.986 E290.75358
G1 X5.82 Y25.672 Z17.994 E291.36175
G1 X4.538 Y25.931 Z18.002 E291.97682
G1 X3.249 Y26.127 Z18.01 E292.58997
G1 X1.942 Y26.26 Z18.018 E293.20779
G1 X0.656 Y26.326 Z18.026 E293.81336
G1 X-.656 Y26.329 Z18.034 E294.43035
G1 X-1.942 Y26.268 Z18.042 E295.03581
G1 X-3.25 Y26.141 Z18.049 E295.65381
G1 X-4.541 Y25.952 Z18.057 E296.26741
G1 X-5.826 Y25.698 Z18.065 E296.8834
G1 X-7.081 Y25.383 Z18.073 E297.4919
G1 X-8.326 Y25.005 Z18.081 E298.10378
G1 X-9.559 Y24.563 Z18.089 E298.71976
G1 X-10.761 Y24.064 Z18.097 E299.3318
G1 X-11.933 Y23.508 Z18.105 E299.94183
G1 X-13.085 Y22.89 Z18.113 E300.55662
G1 X-14.211 Y22.211 Z18.12 E301.17497
G1 X-15.293 Y21.485 Z18.128 E301.78774
G1 X-16.329 Y20.712 Z18.136 E302.39561
G1 X-17.328 Y19.887 Z18.144 E303.00491
G1 X-18.301 Y18.999 Z18.152 E303.6244
G1 X-19.225 Y18.066 Z18.16 E304.24192
G1 X-20.096 Y17.098 Z18.168 E304.85429
G1 X-20.921 Y16.083 Z18.176 E305.46941
G1 X-21.692 Y15.03 Z18.184 E306.08316
G1 X-22.402 Y13.957 Z18.191 E306.68822
G1 X-23.073 Y12.82 Z18.199 E307.30909
G1 X-23.681 Y11.668 Z18.207 E307.92167
G1 X-24.231 Y10.484 Z18.215 E308.53561
G1 X-24.725 Y9.268 Z18.223 E309.15285
G1 X-25.152 Y8.047 Z18.231 E309.76116
G1 X-25.523 Y6.785 Z18.239 E310.37975
G1 X-25.831 Y5.51 Z18.247 E310.9966
G1 X-26.074 Y4.235 Z18.255 E311.60699
G1 X-26.254 Y2.937 Z18.263 E312.22324
G1 X-26.369 Y1.646 Z18.27 E312.83277
G1 X-26.421 Y0.333 Z18.278 E313.45072
G1 X-26.407 Y-.982 Z18.286 E314.06916
G1 X-26.331 Y-2.272 Z18.294 E314.67687
G1 X-26.187 Y-3.58 Z18.302 E315.2957
G1 X-25.979 Y-4.878 Z18.31 E315.9139
G1 X-25.711 Y-6.152 Z18.318 E316.52614
G1 X-25.38 Y-7.411 Z18.326 E317.13834
G1 X-24.979 Y-8.674 Z18.334 E317.76151
G1 X-24.529 Y-9.882 Z18.342 E318.36773
G1 X-24.011 Y-11.086 Z18.35 E318.98412
G1 X-23.43 Y-12.274 Z18.358 E319.60604
G1 X-22.8 Y-13.411 Z18.365 E320.21733
G1 X-22.109 Y-14.529 Z18.373 E320.83541
G1 X-21.368 Y-15.604 Z18.381 E321.44942
G1 X-20.581 Y-16.633 Z18.389 E322.05864
G1 X-19.721 Y-17.647 Z18.397 E322.68391
G1 X-18.836 Y-18.593 Z18.405 E323.29311
G1 X-17.896 Y-19.502 Z18.413 E323.90805
G1 X-16.891 Y-20.382 Z18.421 E324.53626
G1 X-15.882 Y-21.182 Z18.429 E325.14181
G1 X-14.82 Y-21.941 Z18.437 E325.75568
G1 X-13.721 Y-22.648 Z18.445 E326.37022
G1 X-12.577 Y-23.306 Z18.452 E326.99085
G1 X-11.401 Y-23.906 Z18.46 E327.61171
G1 X-10.218 Y-24.439 Z18.468 E328.2219
G1 X-8.989 Y-24.92 Z18.476 E328.84256
G1 X-7.756 Y-25.334 Z18.484 E329.45422
G1 X-6.486 Y-25.691 Z18.492 E330.07461
G1 X-5.22 Y-25.981 Z18.5 E330.6854
;TIME_ELAPSED:189.520142
;LAYER:18
;note -- min layer time used
;TYPE:WALL-OUTER
;MESH:step-vase.stl
G1 F2015 X-3.923 Y-26.211 Z18.508 E331.30486
G1 X-2.613 Y-26.377 Z18.516 E331.92584
G1 X-1.318 Y-26.478 Z18.523 E332.53669
G1 X0.00 Y-26.513 Z18.531 E333.15673
G1 X1.319 Y-26.484 Z18.539 E333.77717
G1 X2.614 Y-26.391 Z18.547 E334.38774
G1 X3.929 Y-26.231 Z18.555 E335.01071
G1 X5.213 Y-26.01 Z18.563 E335.62342
G1 X6.495 Y-25.724 Z18.57 E336.24112
G1 X7.768 Y-25.373 Z18.578 E336.86212
G1 X9.006 Y-24.964 Z18.586 E337.47527
G1 X10.238 Y-24.488 Z18.594 E338.09638
G1 X11.427 Y-23.959 Z18.602 E338.70838
G1 X12.608 Y-23.364 Z18.609 E339.33027
G1 X13.752 Y-22.714 Z18.617 E339.94904
G1 X14.858 Y-22.011 Z18.625 E340.56534
G1 X15.932 Y-21.251 Z18.633 E341.18408
G1 X16.955 Y-20.448 Z18.641 E341.79568
G1 X17.963 Y-19.574 Z18.649 E342.42309
G1 X18.907 Y-18.67 Z18.656 E343.03775
G1 X19.814 Y-17.708 Z18.664 E343.65952
G1 X20.671 Y-16.708 Z18.672 E344.27887
G1 X21.465 Y-15.68 Z18.68 E344.88972
G1 X22.219 Y-14.599 Z18.688 E345.50953
G1 X22.919 Y-13.478 Z18.696 E346.13104
G1 X23.557 Y-12.338 Z18.703 E346.7454
G1 X24.145 Y-11.152 Z18.711 E347.36793
G1 X24.673 Y-9.94 Z18.719 E347.98963
G1 X25.132 Y-8.725 Z18.727 E348.60043
G1 X25.54 Y-7.459 Z18.735 E349.22595
G1 X25.881 Y-6.192 Z18.743 E349.84299
G1 X26.157 Y-4.911 Z18.75 E350.45923
G1 X26.372 Y-3.605 Z18.758 E351.08167
G1 X26.523 Y-2.29 Z18.766 E351.70414
G1 X26.606 Y-.989 Z18.774 E352.31721
G1 X26.628 Y0.336 Z18.782 E352.94041
G1 X26.581 Y1.659 Z18.79 E353.56297
G1 X26.471 Y2.96 Z18.797 E354.17697
G1 X26.296 Y4.27 Z18.805 E354.7985
G1 X26.057 Y5.56 Z18.813 E355.41548
G1 X25.753 Y6.845 Z18.821 E356.03646
G1 X25.384 Y8.121 Z18.829 E356.66112
G1 X24.959 Y9.356 Z18.837 E357.27533
G1 X24.467 Y10.585 Z18.845 E357.89789
G1 X23.917 Y11.784 Z18.852 E358.51824
G1 X23.307 Y12.955 Z18.86 E359.13916
G1 X22.645 Y14.087 Z18.868 E359.75586
G1 X21.921 Y15.195 Z18.876 E360.3783
G1 X21.148 Y16.262 Z18.884 E360.99792
G1 X20.32 Y17.29 Z18.892 E361.61868
G1 X19.445 Y18.272 Z18.9 E362.23721
G1 X18.515 Y19.22 Z18.907 E362.86174
G1 X17.535 Y20.123 Z18.915 E363.48842
G1 X16.529 Y20.963 Z18.923 E364.10475
G1 X15.477 Y21.756 Z18.931 E364.72429
G1 X14.395 Y22.49 Z18.939 E365.33916
G1 X13.255 Y23.184 Z18.947 E365.9668
G1 X12.09 Y23.817 Z18.955 E366.59031
G1 X10.901 Y24.387 Z18.963 E367.2104
G1 X9.689 Y24.897 Z18.97 E367.82877
G1 X8.441 Y25.351 Z18.978 E368.4533
G1 X7.182 Y25.741 Z18.986 E369.07313
G1 X5.908 Y26.066 Z18.994 E369.69145
G1 X4.611 Y26.329 Z19.002 E370.3138
G1 X3.296 Y26.529 Z19.01 E370.93932
G1 X1.974 Y26.664 Z19.018 E371.56426
G1 X0.664 Y26.733 Z19.025 E372.18116
G1 X-.664 Y26.736 Z19.033 E372.80569
G1 X-1.974 Y26.674 Z19.041 E373.42244
G1 X-3.298 Y26.546 Z19.049 E374.04798
G1 X-4.616 Y26.353 Z19.057 E374.67441
G1 X-5.914 Y26.097 Z19.065 E375.29658
G1 X-7.192 Y25.777 Z19.073 E375.91614
G1 X-8.455 Y25.394 Z19.081 E376.53681
G1 X-9.708 Y24.946 Z19.089 E377.16259
G1 X-10.924 Y24.441 Z19.096 E377.78179
G1 X-12.12 Y23.875 Z19.104 E378.40404
G1 X-13.291 Y23.246 Z19.112 E379.02915
G1 X-14.438 Y22.557 Z19.12 E379.65838
G1 X-15.525 Y21.828 Z19.128 E380.27389
G1 X-16.588 Y21.035 Z19.136 E380.89756
G1 X-17.601 Y20.199 Z19.144 E381.51523
G1 X-18.589 Y19.298 Z19.152 E382.14405
G1 X-19.529 Y18.349 Z19.16 E382.77221
G1 X-20.41 Y17.371 Z19.167 E383.39123
G1 X-21.25 Y16.338 Z19.175 E384.01736
G1 X-22.029 Y15.278 Z19.183 E384.63599
G1 X-22.765 Y14.164 Z19.191 E385.26388
G1 X-23.435 Y13.03 Z19.199 E385.8833
G1 X-24.056 Y11.853 Z19.207 E386.50912
G1 X-24.616 Y10.65 Z19.215 E387.13315
G1 X-25.118 Y9.416 Z19.223 E387.75965
G1 X-25.552 Y8.174 Z19.231 E388.37836
G1 X-25.931 Y6.891 Z19.239 E389.0075
G1 X-26.242 Y5.602 Z19.246 E389.63107
G1 X-26.49 Y4.303 Z19.254 E390.25299
G1 X-26.675 Y2.981 Z19.262 E390.88075
G1 X-26.792 Y1.671 Z19.27 E391.49925
G1 X-26.845 Y0.339 Z19.278 E392.12615
G1 X-26.831 Y-.998 Z19.286 E392.75494
G1 X-26.754 Y-2.312 Z19.294 E393.37394
G1 X-26.608 Y-3.637 Z19.302 E394.00082
G1 X-26.398 Y-4.957 Z19.31 E394.62939
G1 X-26.126 Y-6.248 Z19.318 E395.24984
G1 X-25.788 Y-7.535 Z19.326 E395.8756
G1 X-25.385 Y-8.806 Z19.333 E396.50264
G1 X-24.925 Y-10.045 Z19.341 E397.12417
G1 X-24.391 Y-11.286 Z19.349 E397.75952
G1 X-23.814 Y-12.465 Z19.357 E398.37681
G1 X-23.176 Y-13.621 Z19.365 E398.99774
G1 X-22.474 Y-14.757 Z19.373 E399.62574
G1 X-21.708 Y-15.867 Z19.381 E400.25998
G1 X-20.909 Y-16.912 Z19.389 E400.8786
G1 X-20.06 Y-17.917 Z19.397 E401.49729
G1 X-19.135 Y-18.905 Z19.405 E402.13377
G1 X-18.188 Y-19.822 Z19.413 E402.75369
G1 X-17.18 Y-20.706 Z19.421 E403.3842
G1 X-16.141 Y-21.53 Z19.429 E404.00782
G1 X-15.05 Y-22.31 Z19.437 E404.63852
G1 X-13.933 Y-23.03 Z19.444 E405.26348
G1 X-12.782 Y-23.691 Z19.452 E405.88768
G1 X-11.598 Y-24.297 Z19.46 E406.51317
G1 X-10.387 Y-24.841 Z19.468 E407.1375
G1 X-9.144 Y-25.328 Z19.476 E407.76531
G1 X-7.884 Y-25.752 Z19.484 E408.3905
G1 X-6.597 Y-26.115 Z19.492 E409.01935
G1 X-5.284 Y-26.416 Z19.5 E409.65284
;TIME_ELAPSED:194.528565
;LAYER:19
;note -- min layer time used
;TYPE:WALL-OUTER
;MESH:step-vase.stl
G1 F2047.4 X-4.001 Y-26.644 Z19.508 E410.26565
G1 X-2.661 Y-26.814 Z19.516 E410.90087
G1 X-1.339 Y-26.916 Z19.523 E411.52441
G1 X0.00 Y-26.952 Z19.531 E412.15434
G1 X1.339 Y-26.923 Z19.539 E412.78418
G1 X2.662 Y-26.827 Z19.547 E413.40798
G1 X4 Y-26.666 Z19.555 E414.04175
G1 X5.296 Y-26.442 Z19.562 E414.66025
G1 X6.606 Y-26.148 Z19.57 E415.29164
G1 X7.897 Y-25.791 Z19.578 E415.92154
G1 X9.157 Y-25.375 Z19.586 E416.54555
G1 X10.408 Y-24.892 Z19.594 E417.17618
G1 X11.624 Y-24.352 Z19.602 E417.80188
G1 X12.815 Y-23.751 Z19.609 E418.42925
G1 X13.973 Y-23.094 Z19.617 E419.05537
G1 X15.096 Y-22.378 Z19.625 E419.68169
G1 X16.196 Y-21.601 Z19.633 E420.31503
G1 X17.242 Y-20.779 Z19.641 E420.94065
G1 X18.254 Y-19.901 Z19.649 E421.57071
G1 X19.212 Y-18.983 Z19.656 E422.19469
G1 X20.147 Y-17.994 Z19.664 E422.83473
G1 X21.003 Y-16.993 Z19.672 E423.45412
G1 X21.815 Y-15.942 Z19.68 E424.07871
G1 X22.588 Y-14.833 Z19.688 E424.71443
G1 X23.299 Y-13.695 Z19.696 E425.34547
G1 X23.948 Y-12.534 Z19.703 E425.97097
G1 X24.535 Y-11.35 Z19.711 E426.59244
G1 X25.077 Y-10.109 Z19.719 E427.22928
G1 X25.548 Y-8.857 Z19.727 E427.85835
G1 X25.958 Y-7.588 Z19.735 E428.4855
G1 X26.307 Y-6.29 Z19.743 E429.11759
G1 X26.587 Y-4.991 Z19.75 E429.7425
G1 X26.805 Y-3.665 Z19.758 E430.37445
G1 X26.958 Y-2.329 Z19.766 E431.00685
G1 X27.043 Y-1.005 Z19.774 E431.63077
G1 X27.065 Y0.342 Z19.782 E432.26431
G1 X27.018 Y1.685 Z19.79 E432.89627
G1 X26.906 Y3.006 Z19.797 E433.51973
G1 X26.727 Y4.342 Z19.805 E434.15363
G1 X26.483 Y5.654 Z19.813 E434.7812
G1 X26.176 Y6.955 Z19.821 E435.40983
G1 X25.799 Y8.256 Z19.829 E436.04682
G1 X25.368 Y9.51 Z19.837 E436.6704
G1 X24.867 Y10.759 Z19.845 E437.30327
G1 X24.31 Y11.974 Z19.852 E437.93183
G1 X23.685 Y13.173 Z19.86 E438.56769
G1 X23.02 Y14.312 Z19.868 E439.18794
G1 X22.273 Y15.455 Z19.876 E439.83007
G1 X21.496 Y16.525 Z19.884 E440.45194
G1 X20.647 Y17.578 Z19.892 E441.08805
G1 X19.762 Y18.573 Z19.9 E441.71428
G1 X18.817 Y19.535 Z19.907 E442.34844
G1 X17.826 Y20.448 Z19.915 E442.98211
G1 X16.805 Y21.3 Z19.923 E443.60748
G1 X15.726 Y22.113 Z19.931 E444.24282
G1 X14.625 Y22.861 Z19.939 E444.86877
G1 X13.471 Y23.562 Z19.947 E445.50375
G1 X12.291 Y24.204 Z19.955 E446.13549
G1 X11.072 Y24.789 Z19.963 E446.77134
G1 X9.85 Y25.302 Z19.97 E447.3946
G1 X8.576 Y25.766 Z19.978 E448.03222
G1 X7.302 Y26.159 Z19.986 E448.65921
G1 X6.004 Y26.491 Z19.994 E449.28927
G1 X4.687 Y26.758 Z20.002 E449.92122
G1 X3.348 Y26.962 Z20.01 E450.55818
G1 X2.006 Y27.098 Z20.018 E451.19252
G1 X0.675 Y27.168 Z20.026 E451.81932
G1 X-.675 Y27.171 Z20.033 E452.45418
G1 X-2.007 Y27.108 Z20.041 E453.08129
G1 X-3.35 Y26.979 Z20.049 E453.71577
G1 X-4.691 Y26.782 Z20.057 E454.35317
G1 X-6.011 Y26.521 Z20.065 E454.98595
G1 X-7.312 Y26.195 Z20.073 E455.61669
G1 X-8.59 Y25.808 Z20.081 E456.24465
G1 X-9.87 Y25.349 Z20.089 E456.88413
G1 X-11.095 Y24.842 Z20.096 E457.5076
G1 X-12.32 Y24.261 Z20.104 E458.1452
G1 X-13.506 Y23.624 Z20.112 E458.77829
G1 X-14.665 Y22.928 Z20.12 E459.41407
G1 X-15.776 Y22.181 Z20.128 E460.04366
G1 X-16.863 Y21.371 Z20.136 E460.68116
G1 X-17.894 Y20.52 Z20.144 E461.30984
G1 X-18.89 Y19.611 Z20.152 E461.94398
G1 X-19.841 Y18.653 Z20.16 E462.57879
G1 X-20.737 Y17.655 Z20.167 E463.20952
G1 X-21.596 Y16.602 Z20.175 E463.84858
G1 X-22.382 Y15.531 Z20.183 E464.47333
G1 X-23.138 Y14.386 Z20.191 E465.11857
G1 X-23.813 Y13.244 Z20.199 E465.74242
G1 X-24.448 Y12.038 Z20.207 E466.38338
G1 X-25.014 Y10.824 Z20.215 E467.01329
G1 X-25.524 Y9.57 Z20.223 E467.64992
G1 X-25.964 Y8.311 Z20.231 E468.27711
G1 X-26.35 Y7.001 Z20.239 E468.91935
G1 X-26.666 Y5.693 Z20.247 E469.55216
G1 X-26.918 Y4.373 Z20.254 E470.18413
G1 X-27.106 Y3.029 Z20.262 E470.82233
G1 X-27.225 Y1.699 Z20.27 E471.45029
G1 X-27.279 Y0.345 Z20.278 E472.08755
G1 X-27.264 Y-1.012 Z20.286 E472.72574
G1 X-27.185 Y-2.348 Z20.294 E473.35513
G1 X-27.037 Y-3.7 Z20.302 E473.99473
G1 X-26.825 Y-5.034 Z20.31 E474.62995
G1 X-26.548 Y-6.349 Z20.318 E475.26193
G1 X-26.202 Y-7.667 Z20.326 E475.90275
G1 X-25.799 Y-8.935 Z20.333 E476.52844
G1 X-25.324 Y-10.214 Z20.341 E477.17006
G1 X-24.79 Y-11.455 Z20.349 E477.8054
G1 X-24.198 Y-12.666 Z20.357 E478.43931
G1 X-23.545 Y-13.847 Z20.365 E479.07395
G1 X-22.831 Y-15.002 Z20.373 E479.71252
G1 X-22.07 Y-16.107 Z20.381 E480.34348
G1 X-21.237 Y-17.194 Z20.389 E480.9875
G1 X-20.382 Y-18.205 Z20.397 E481.61017
G1 X-19.441 Y-19.21 Z20.405 E482.25763
G1 X-18.471 Y-20.149 Z20.413 E482.89252
G1 X-17.455 Y-21.04 Z20.421 E483.52802
G1 X-16.409 Y-21.871 Z20.429 E484.15627
G1 X-15.293 Y-22.669 Z20.437 E484.80146
G1 X-14.168 Y-23.392 Z20.444 E485.43035
G1 X-12.994 Y-24.067 Z20.452 E486.0672
G1 X-11.775 Y-24.69 Z20.46 E486.71099
G1 X-10.552 Y-25.241 Z20.468 E487.34181
G1 X-9.279 Y-25.739 Z20.476 E487.98464
G1 X-8.017 Y-26.164 Z20.484 E488.61088
G1 X-6.703 Y-26.534 Z20.492 E489.25284
G1 X-5.386 Y-26.836 Z20.5 E489.88827
;TIME_ELAPSED:199.537119
;LAYER:20
;note -- min layer time used
;TYPE:WALL-OUTER
;MESH:step-vase.stl
G1 F2079.7 X-4.051 Y-27.072 Z20.508 E490.52581
G1 X-2.7 Y-27.244 Z20.516 E491.16628
G1 X-1.362 Y-27.347 Z20.523 E491.79736
G1 X0.00 Y-27.383 Z20.531 E492.4381
G1 X1.363 Y-27.354 Z20.539 E493.07922
G1 X2.701 Y-27.257 Z20.547 E493.7101
G1 X4.053 Y-27.092 Z20.555 E494.35062
G1 X5.391 Y-26.862 Z20.563 E494.98908
G1 X6.711 Y-26.566 Z20.57 E495.62525
G1 X8.028 Y-26.202 Z20.578 E496.26782
G1 X9.295 Y-25.783 Z20.586 E496.89539
G1 X10.572 Y-25.291 Z20.594 E497.53896
G1 X11.802 Y-24.743 Z20.602 E498.1722
G1 X13.025 Y-24.126 Z20.61 E498.81639
G1 X14.205 Y-23.456 Z20.617 E499.45452
G1 X15.339 Y-22.735 Z20.625 E500.08648
G1 X16.457 Y-21.944 Z20.633 E500.73053
G1 X17.52 Y-21.108 Z20.641 E501.3665
G1 X18.539 Y-20.223 Z20.649 E502.00121
G1 X19.518 Y-19.284 Z20.656 E502.63914
G1 X20.453 Y-18.296 Z20.664 E503.27885
G1 X21.341 Y-17.256 Z20.672 E503.92196
G1 X22.165 Y-16.192 Z20.68 E504.55483
G1 X22.944 Y-15.075 Z20.688 E505.19525
G1 X23.665 Y-13.919 Z20.696 E505.83596
G1 X24.329 Y-12.732 Z20.704 E506.47558
G1 X24.93 Y-11.519 Z20.711 E507.11219
G1 X25.472 Y-10.274 Z20.719 E507.75076
G1 X25.956 Y-8.994 Z20.727 E508.3943
G1 X26.369 Y-7.714 Z20.735 E509.02681
G1 X26.723 Y-6.393 Z20.743 E509.66995
G1 X27.009 Y-5.068 Z20.751 E510.30742
G1 X27.229 Y-3.726 Z20.758 E510.94694
G1 X27.385 Y-2.365 Z20.766 E511.59117
G1 X27.472 Y-1.02 Z20.774 E512.22501
G1 X27.493 Y0.347 Z20.782 E512.86795
G1 X27.445 Y1.713 Z20.79 E513.51074
G1 X27.332 Y3.055 Z20.798 E514.14408
G1 X27.15 Y4.41 Z20.806 E514.78702
G1 X26.902 Y5.742 Z20.813 E515.42418
G1 X26.589 Y7.066 Z20.821 E516.06398
G1 X26.206 Y8.388 Z20.829 E516.71125
G1 X25.767 Y9.664 Z20.837 E517.34584
G1 X25.261 Y10.928 Z20.845 E517.98612
G1 X24.694 Y12.16 Z20.853 E518.62391
G1 X24.059 Y13.381 Z20.861 E519.27112
G1 X23.381 Y14.543 Z20.868 E519.90379
G1 X22.634 Y15.685 Z20.876 E520.54553
G1 X21.823 Y16.8 Z20.884 E521.19392
G1 X20.976 Y17.85 Z20.892 E521.82833
G1 X20.067 Y18.872 Z20.9 E522.47155
G1 X19.114 Y19.843 Z20.908 E523.11137
G1 X18.113 Y20.764 Z20.915 E523.75105
G1 X17.07 Y21.634 Z20.923 E524.38978
G1 X15.974 Y22.46 Z20.931 E525.03519
G1 X14.855 Y23.22 Z20.939 E525.67132
G1 X13.683 Y23.932 Z20.947 E526.31621
G1 X12.484 Y24.584 Z20.955 E526.95804
G1 X11.249 Y25.176 Z20.963 E527.60211
G1 X9.999 Y25.702 Z20.971 E528.23987
G1 X8.711 Y26.171 Z20.978 E528.88449
G1 X7.421 Y26.568 Z20.986 E529.51922
G1 X6.095 Y26.906 Z20.994 E530.16274
G1 X4.758 Y27.178 Z21.002 E530.80437
G1 X3.402 Y27.384 Z21.01 E531.44938
G1 X2.036 Y27.523 Z21.018 E532.09508
G1 X0.686 Y27.593 Z21.026 E532.7308
G1 X-.686 Y27.596 Z21.034 E533.37602
G1 X-2.036 Y27.533 Z21.041 E534.01157
G1 X-3.404 Y27.4 Z21.049 E534.65794
G1 X-4.762 Y27.201 Z21.057 E535.30339
G1 X-6.101 Y26.936 Z21.065 E535.9453
G1 X-7.431 Y26.603 Z21.073 E536.59007
G1 X-8.725 Y26.212 Z21.081 E537.22577
G1 X-10.015 Y25.749 Z21.089 E537.87031
G1 X-11.274 Y25.227 Z21.097 E538.51126
G1 X-12.512 Y24.64 Z21.104 E539.15558
G1 X-13.718 Y23.992 Z21.112 E539.79942
G1 X-14.897 Y23.284 Z21.12 E540.44616
G1 X-16.021 Y22.528 Z21.128 E541.08318
G1 X-17.124 Y21.705 Z21.136 E541.73037
G1 X-18.176 Y20.837 Z21.144 E542.37176
G1 X-19.186 Y19.916 Z21.152 E543.01456
G1 X-20.146 Y18.947 Z21.16 E543.65602
G1 X-21.066 Y17.924 Z21.168 E544.30304
G1 X-21.917 Y16.878 Z21.175 E544.93718
G1 X-22.741 Y15.757 Z21.183 E545.59145
G1 X-23.493 Y14.617 Z21.191 E546.23369
G1 X-24.183 Y13.45 Z21.199 E546.87125
G1 X-24.826 Y12.229 Z21.207 E547.52021
G1 X-25.405 Y10.986 Z21.215 E548.16506
G1 X-25.918 Y9.723 Z21.223 E548.80614
G1 X-26.367 Y8.437 Z21.231 E549.44671
G1 X-26.758 Y7.112 Z21.239 E550.09639
G1 X-27.08 Y5.778 Z21.247 E550.74175
G1 X-27.336 Y4.439 Z21.255 E551.38285
G1 X-27.525 Y3.078 Z21.262 E552.02903
G1 X-27.646 Y1.725 Z21.27 E552.66784
G1 X-27.701 Y0.35 Z21.278 E553.31499
G1 X-27.686 Y-1.03 Z21.286 E553.964
G1 X-27.606 Y-2.384 Z21.294 E554.60186
G1 X-27.456 Y-3.755 Z21.302 E555.25045
G1 X-27.24 Y-5.111 Z21.31 E555.89618
G1 X-26.956 Y-6.454 Z21.318 E556.54172
G1 X-26.61 Y-7.772 Z21.326 E557.18254
G1 X-26.19 Y-9.095 Z21.334 E557.83531
G1 X-25.715 Y-10.37 Z21.342 E558.47516
G1 X-25.174 Y-11.632 Z21.349 E559.12088
G1 X-24.576 Y-12.853 Z21.357 E559.76025
G1 X-23.908 Y-14.062 Z21.365 E560.40982
G1 X-23.188 Y-15.226 Z21.373 E561.05347
G1 X-22.398 Y-16.371 Z21.381 E561.70766
G1 X-21.58 Y-17.44 Z21.389 E562.34068
G1 X-20.678 Y-18.506 Z21.397 E562.99737
G1 X-19.747 Y-19.5 Z21.405 E563.63784
G1 X-18.756 Y-20.46 Z21.413 E564.28669
G1 X-17.736 Y-21.354 Z21.421 E564.92454
G1 X-16.65 Y-22.215 Z21.429 E565.57628
G1 X-15.537 Y-23.012 Z21.437 E566.22006
G1 X-14.378 Y-23.756 Z21.445 E566.86774
G1 X-13.187 Y-24.441 Z21.452 E567.51386
G1 X-11.965 Y-25.065 Z21.46 E568.15912
G1 X-10.714 Y-25.629 Z21.468 E568.80445
G1 X-9.427 Y-26.133 Z21.476 E569.45445
G1 X-8.135 Y-26.567 Z21.484 E570.0954
G1 X-6.806 Y-26.941 Z21.492 E570.74467
G1 X-5.469 Y-27.248 Z21.5 E571.38979
;TIME_ELAPSED:204.545805
;LAYER:21
;note -- min layer time used
;TYPE:WALL-OUTER
;MESH:step-vase.stl
G1 F2099.5 X-4.113 Y-27.485 Z21.508 E572.03714
G1 X-2.74 Y-27.657 Z21.516 E572.68787
G1 X-1.382 Y-27.759 Z21.524 E573.3283
G1 X0.00 Y-27.793 Z21.531 E573.97841
G1 X1.382 Y-27.76 Z21.539 E574.62851
G1 X2.74 Y-27.66 Z21.547 E575.26887
G1 X4.111 Y-27.491 Z21.555 E575.91849
G1 X5.47 Y-27.254 Z21.563 E576.56724
G1 X6.811 Y-26.951 Z21.571 E577.21377
G1 X8.128 Y-26.584 Z21.579 E577.85672
G1 X9.442 Y-26.147 Z21.587 E578.50793
G1 X10.723 Y-25.65 Z21.594 E579.1541
G1 X11.97 Y-25.093 Z21.602 E579.79637
G1 X13.207 Y-24.466 Z21.61 E580.44856
G1 X14.388 Y-23.791 Z21.618 E581.08826
G1 X15.559 Y-23.045 Z21.626 E581.7412
G1 X16.684 Y-22.244 Z21.634 E582.39066
G1 X17.759 Y-21.397 Z21.642 E583.03427
G1 X18.792 Y-20.499 Z21.649 E583.67795
G1 X19.78 Y-19.546 Z21.657 E584.3235
G1 X20.729 Y-18.538 Z21.665 E584.97457
G1 X21.625 Y-17.487 Z21.673 E585.62406
G1 X22.459 Y-16.403 Z21.681 E586.26725
G1 X23.25 Y-15.265 Z21.689 E586.919
G1 X23.975 Y-14.099 Z21.697 E587.56469
G1 X24.635 Y-12.912 Z21.704 E588.20339
G1 X25.252 Y-11.665 Z21.712 E588.85767
G1 X25.799 Y-10.401 Z21.72 E589.50537
G1 X26.278 Y-9.127 Z21.728 E590.14544
G1 X26.704 Y-7.799 Z21.736 E590.80131
G1 X27.055 Y-6.477 Z21.744 E591.44455
G1 X27.344 Y-5.129 Z21.752 E592.09288
G1 X27.565 Y-3.77 Z21.759 E592.74037
G1 X27.72 Y-2.393 Z21.767 E593.39203
G1 X27.804 Y-1.034 Z21.775 E594.03235
G1 X27.823 Y0.351 Z21.783 E594.68373
G1 X27.773 Y1.732 Z21.791 E595.33361
G1 X27.654 Y3.093 Z21.799 E595.97609
G1 X27.469 Y4.461 Z21.807 E596.62528
G1 X27.218 Y5.802 Z21.815 E597.26686
G1 X26.894 Y7.16 Z21.822 E597.92341
G1 X26.51 Y8.473 Z21.83 E598.56675
G1 X26.061 Y9.772 Z21.838 E599.21309
G1 X25.547 Y11.048 Z21.846 E599.86001
G1 X24.968 Y12.302 Z21.854 E600.50956
G1 X24.335 Y13.513 Z21.862 E601.15217
G1 X23.63 Y14.714 Z21.87 E601.80708
G1 X22.879 Y15.859 Z21.878 E602.45103
G1 X22.069 Y16.968 Z21.885 E603.09686
G1 X21.202 Y18.041 Z21.893 E603.7456
G1 X20.281 Y19.073 Z21.901 E604.39608
G1 X19.32 Y20.048 Z21.909 E605.03988
G1 X18.303 Y20.982 Z21.917 E605.68924
G1 X17.225 Y21.876 Z21.925 E606.34784
G1 X16.154 Y22.68 Z21.933 E606.97763
G1 X14.997 Y23.463 Z21.941 E607.63462
G1 X13.825 Y24.172 Z21.948 E608.27878
G1 X12.609 Y24.829 Z21.956 E608.92877
G1 X11.365 Y25.424 Z21.964 E609.57726
G1 X10.104 Y25.951 Z21.972 E610.21997
G1 X8.799 Y26.425 Z21.98 E610.87291
G1 X7.47 Y26.83 Z21.988 E611.52627
G1 X6.16 Y27.162 Z21.996 E612.16181
G1 X4.803 Y27.435 Z22.003 E612.81275
G1 X3.433 Y27.641 Z22.011 E613.46426
G1 X2.054 Y27.779 Z22.019 E614.11601
G1 X0.693 Y27.847 Z22.027 E614.75685
G1 X-.693 Y27.848 Z22.035 E615.40864
G1 X-2.054 Y27.781 Z22.043 E616.04946
G1 X-3.433 Y27.645 Z22.051 E616.70111
G1 X-4.804 Y27.441 Z22.059 E617.35295
G1 X-6.161 Y27.169 Z22.067 E618.0038
G1 X-7.472 Y26.84 Z22.074 E618.63944
G1 X-8.804 Y26.434 Z22.082 E619.2943
G1 X-10.108 Y25.963 Z22.09 E619.94631
G1 X-11.368 Y25.438 Z22.098 E620.58823
G1 X-12.617 Y24.843 Z22.106 E621.23884
G1 X-13.835 Y24.186 Z22.114 E621.88965
G1 X-15.006 Y23.479 Z22.122 E622.53293
G1 X-16.166 Y22.697 Z22.13 E623.19082
G1 X-17.238 Y21.894 Z22.137 E623.8207
G1 X-18.319 Y20.999 Z22.145 E624.48069
G1 X-19.34 Y20.064 Z22.153 E625.13175
G1 X-20.3 Y19.092 Z22.161 E625.77422
G1 X-21.222 Y18.063 Z22.169 E626.42396
G1 X-22.094 Y16.987 Z22.177 E627.07528
G1 X-22.904 Y15.879 Z22.185 E627.72073
G1 X-23.658 Y14.733 Z22.192 E628.36585
G1 X-24.367 Y13.53 Z22.2 E629.02253
G1 X-25.002 Y12.318 Z22.208 E629.66599
G1 X-25.582 Y11.066 Z22.216 E630.31488
G1 X-26.099 Y9.787 Z22.224 E630.96363
G1 X-26.55 Y8.487 Z22.232 E631.61073
G1 X-26.935 Y7.172 Z22.24 E632.2551
G1 X-27.263 Y5.812 Z22.248 E632.91301
G1 X-27.516 Y4.47 Z22.256 E633.55523
G1 X-27.703 Y3.098 Z22.263 E634.2064
G1 X-27.823 Y1.735 Z22.271 E634.84987
G1 X-27.876 Y0.35 Z22.279 E635.50167
G1 X-27.859 Y-1.035 Z22.287 E636.15304
G1 X-27.776 Y-2.397 Z22.295 E636.79474
G1 X-27.622 Y-3.78 Z22.303 E637.44915
G1 X-27.403 Y-5.138 Z22.311 E638.09603
G1 X-27.115 Y-6.487 Z22.319 E638.74472
G1 X-26.763 Y-7.818 Z22.327 E639.39217
G1 X-26.338 Y-9.147 Z22.334 E640.04834
G1 X-25.863 Y-10.419 Z22.342 E640.68687
G1 X-25.316 Y-11.687 Z22.35 E641.3363
G1 X-24.696 Y-12.946 Z22.358 E641.99627
G1 X-24.04 Y-14.128 Z22.366 E642.632
G1 X-23.31 Y-15.304 Z22.374 E643.28293
G1 X-22.52 Y-16.445 Z22.382 E643.93557
G1 X-21.682 Y-17.535 Z22.39 E644.58214
G1 X-20.788 Y-18.587 Z22.397 E645.23138
G1 X-19.835 Y-19.602 Z22.405 E645.88613
G1 X-18.846 Y-20.558 Z22.413 E646.533
G1 X-17.811 Y-21.461 Z22.421 E647.17894
G1 X-16.736 Y-22.31 Z22.429 E647.82313
G1 X-15.606 Y-23.116 Z22.437 E648.47586
G1 X-14.432 Y-23.867 Z22.445 E649.13126
G1 X-13.251 Y-24.543 Z22.453 E649.7712
G1 X-12.008 Y-25.176 Z22.461 E650.42718
G1 X-10.759 Y-25.735 Z22.468 E651.07069
G1 X-9.477 Y-26.235 Z22.476 E651.71781
G1 X-8.155 Y-26.676 Z22.484 E652.37319
G1 X-6.838 Y-27.044 Z22.492 E653.01626
G1 X-5.491 Y-27.35 Z22.5 E653.66586
;TIME_ELAPSED:209.554573
;LAYER:22
;note -- min layer time used
;TYPE:WALL-OUTER
;MESH:step-vase.stl
G1 F2081.2 X-4.141 Y-27.581 Z22.508 E654.30995
G1 X-2.735 Y-27.75 Z22.516 E654.97591
G1 X-1.37 Y-27.848 Z22.524 E655.61949
G1 X-0.015 Y-27.876 Z22.532 E656.25684
G1 X1.385 Y-27.838 Z22.54 E656.91546
G1 X2.733 Y-27.733 Z22.548 E657.55131
G1 X4.135 Y-27.555 Z22.556 E658.21592
G1 X5.493 Y-27.311 Z22.564 E658.86478
G1 X6.815 Y-27.008 Z22.572 E659.5026
G1 X8.153 Y-26.63 Z22.58 E660.15645
G1 X9.441 Y-26.195 Z22.587 E660.79577
G1 X10.725 Y-25.692 Z22.595 E661.44428
G1 X11.994 Y-25.12 Z22.603 E662.09888
G1 X13.243 Y-24.478 Z22.611 E662.7593
G1 X14.386 Y-23.819 Z22.619 E663.37976
G1 X15.578 Y-23.052 Z22.627 E664.04634
G1 X16.671 Y-22.268 Z22.635 E664.67891
G1 X17.781 Y-21.388 Z22.643 E665.34505
G1 X18.802 Y-20.49 Z22.651 E665.98449
G1 X19.759 Y-19.56 Z22.659 E666.61205
G1 X20.733 Y-18.518 Z22.667 E667.28281
G1 X21.599 Y-17.492 Z22.675 E667.91421
G1 X22.461 Y-16.363 Z22.683 E668.58221
G1 X23.218 Y-15.264 Z22.691 E669.20978
G1 X23.934 Y-14.104 Z22.698 E669.85084
G1 X24.611 Y-12.878 Z22.707 E670.50946
G1 X25.206 Y-11.658 Z22.714 E671.14779
G1 X25.751 Y-10.391 Z22.722 E671.79641
G1 X26.234 Y-9.087 Z22.73 E672.45035
G1 X26.648 Y-7.775 Z22.738 E673.09734
G1 X26.991 Y-6.468 Z22.746 E673.7328
G1 X27.277 Y-5.106 Z22.754 E674.38728
G1 X27.492 Y-3.748 Z22.762 E675.03386
G1 X27.64 Y-2.374 Z22.77 E675.68375
G1 X27.717 Y-1.042 Z22.778 E676.3112
G1 X27.731 Y0.337 Z22.786 E676.95974
G1 X27.675 Y1.736 Z22.794 E677.61818
G1 X27.553 Y3.074 Z22.801 E678.25001
G1 X27.364 Y4.43 Z22.809 E678.89386
G1 X27.108 Y5.771 Z22.817 E679.53588
G1 X26.784 Y7.109 Z22.825 E680.18329
G1 X26.392 Y8.431 Z22.833 E680.83175
G1 X25.944 Y9.713 Z22.841 E681.47039
G1 X25.417 Y11.005 Z22.849 E682.12658
G1 X24.846 Y12.23 Z22.857 E682.76217
G1 X24.194 Y13.466 Z22.865 E683.41934
G1 X23.516 Y14.609 Z22.872 E684.04431
G1 X22.736 Y15.787 Z22.881 E684.70873
G1 X21.927 Y16.885 Z22.888 E685.35011
G1 X21.082 Y17.923 Z22.896 E685.97955
G1 X20.161 Y18.946 Z22.904 E686.62688
G1 X19.186 Y19.927 Z22.912 E687.27732
G1 X18.174 Y20.847 Z22.92 E687.9205
G1 X17.13 Y21.708 Z22.928 E688.55689
G1 X16.045 Y22.517 Z22.936 E689.19336
G1 X14.874 Y23.301 Z22.944 E689.85607
G1 X13.731 Y23.987 Z22.951 E690.48297
G1 X12.506 Y24.643 Z22.959 E691.13645
G1 X11.264 Y25.23 Z22.967 E691.78248
G1 X10.018 Y25.746 Z22.975 E692.4167
G1 X8.708 Y26.213 Z22.983 E693.07073
G1 X7.44 Y26.595 Z22.991 E693.69351
G1 X6.092 Y26.931 Z22.999 E694.34683
G1 X4.728 Y27.199 Z23.007 E695.00054
G1 X3.425 Y27.389 Z23.014 E695.61979
G1 X2.031 Y27.523 Z23.022 E696.27837
G1 X0.691 Y27.586 Z23.03 E696.90923
G1 X-.677 Y27.581 Z23.038 E697.55256
G1 X-2.03 Y27.51 Z23.046 E698.18972
G1 X-3.422 Y27.367 Z23.054 E698.84778
G1 X-4.723 Y27.167 Z23.062 E699.46679
G1 X-6.083 Y26.891 Z23.07 E700.1194
G1 X-7.425 Y26.547 Z23.078 E700.77091
G1 X-8.69 Y26.156 Z23.085 E701.39357
G1 X-9.994 Y25.681 Z23.093 E702.04622
G1 X-11.234 Y25.158 Z23.101 E702.67911
G1 X-12.468 Y24.564 Z23.109 E703.32315
G1 X-13.68 Y23.904 Z23.117 E703.97215
G1 X-14.828 Y23.205 Z23.125 E704.60423
G1 X-15.975 Y22.425 Z23.133 E705.25654
G1 X-17.05 Y21.612 Z23.14 E705.89037
G1 X-18.088 Y20.744 Z23.148 E706.5267
G1 X-19.088 Y19.822 Z23.156 E707.16635
G1 X-20.047 Y18.845 Z23.164 E707.81016
G1 X-20.956 Y17.821 Z23.172 E708.45408
G1 X-21.794 Y16.778 Z23.179 E709.08328
G1 X-22.59 Y15.681 Z23.187 E709.72067
G1 X-23.352 Y14.513 Z23.195 E710.3765
G1 X-24.022 Y13.365 Z23.203 E711.00159
G1 X-24.656 Y12.143 Z23.211 E711.64901
G1 X-25.219 Y10.914 Z23.219 E712.28473
G1 X-25.729 Y9.639 Z23.227 E712.93051
G1 X-26.166 Y8.365 Z23.234 E713.56391
G1 X-26.544 Y7.052 Z23.242 E714.20645
G1 X-26.857 Y5.724 Z23.25 E714.84808
G1 X-27.102 Y4.395 Z23.258 E715.48361
G1 X-27.28 Y3.05 Z23.266 E716.12164
G1 X-27.393 Y1.712 Z23.273 E716.7531
G1 X-27.44 Y0.348 Z23.281 E717.39493
G1 X-27.417 Y-1.023 Z23.289 E718.03977
G1 X-27.331 Y-2.354 Z23.297 E718.667
G1 X-27.173 Y-3.717 Z23.305 E719.31228
G1 X-26.953 Y-5.053 Z23.313 E719.94902
G1 X-26.664 Y-6.38 Z23.32 E720.5877
G1 X-26.313 Y-7.685 Z23.328 E721.22321
G1 X-25.895 Y-8.978 Z23.336 E721.86226
G1 X-25.415 Y-10.246 Z23.344 E722.49986
G1 X-24.87 Y-11.492 Z23.352 E723.13942
G1 X-24.266 Y-12.708 Z23.36 E723.77793
G1 X-23.601 Y-13.895 Z23.367 E724.41777
G1 X-22.888 Y-15.035 Z23.375 E725.0501
G1 X-22.123 Y-16.128 Z23.383 E725.6775
G1 X-21.279 Y-17.219 Z23.391 E726.32617
G1 X-20.405 Y-18.238 Z23.399 E726.9575
G1 X-19.454 Y-19.243 Z23.407 E727.60818
G1 X-18.489 Y-20.167 Z23.414 E728.23648
G1 X-17.48 Y-21.041 Z23.422 E728.86425
G1 X-16.4 Y-21.887 Z23.43 E729.50942
G1 X-15.302 Y-22.663 Z23.438 E730.14172
G1 X-14.146 Y-23.397 Z23.446 E730.78568
G1 X-12.997 Y-24.048 Z23.453 E731.40672
G1 X-11.766 Y-24.669 Z23.461 E732.05512
G1 X-10.539 Y-25.211 Z23.469 E732.68593
G1 X-9.275 Y-25.698 Z23.477 E733.32295
G1 X-7.985 Y-26.124 Z23.484 E733.96182
G1 X-6.695 Y-26.479 Z23.492 E734.59102
G1 X-5.372 Y-26.774 Z23.5 E735.22847
;TIME_ELAPSED:214.563265
;LAYER:23
;note -- min layer time used
;TYPE:WALL-OUTER
;MESH:step-vase.stl
G1 F2040.2 X-4.051 Y-26.999 Z23.508 E735.85865
G1 X-2.702 Y-27.164 Z23.516 E736.49777
G1 X-1.369 Y-27.26 Z23.524 E737.12627
G1 X-0.012 Y-27.289 Z23.532 E737.76457
G1 X1.368 Y-27.253 Z23.54 E738.41377
G1 X2.699 Y-27.149 Z23.548 E739.04161
G1 X4.046 Y-26.977 Z23.556 E739.68021
G1 X5.377 Y-26.741 Z23.564 E740.3159
G1 X6.667 Y-26.444 Z23.571 E740.93842
G1 X7.992 Y-26.07 Z23.58 E741.58588
G1 X9.24 Y-25.65 Z23.587 E742.20513
G1 X10.522 Y-25.147 Z23.595 E742.85276
G1 X11.752 Y-24.592 Z23.603 E743.48735
G1 X12.957 Y-23.975 Z23.611 E744.124
G1 X14.118 Y-23.306 Z23.619 E744.75414
G1 X15.227 Y-22.592 Z23.627 E745.37441
G1 X16.344 Y-21.792 Z23.635 E746.02054
G1 X17.41 Y-20.945 Z23.643 E746.66083
G1 X18.41 Y-20.068 Z23.651 E747.28633
G1 X19.375 Y-19.131 Z23.659 E747.91887
G1 X20.312 Y-18.127 Z23.667 E748.5647
G1 X21.17 Y-17.113 Z23.675 E749.18936
G1 X21.966 Y-16.069 Z23.682 E749.80675
G1 X22.759 Y-14.922 Z23.691 E750.46252
G1 X23.461 Y-13.783 Z23.698 E751.09172
G1 X24.091 Y-12.64 Z23.706 E751.70549
G1 X24.69 Y-11.417 Z23.714 E752.34591
G1 X25.235 Y-10.147 Z23.722 E752.99582
G1 X25.695 Y-8.907 Z23.73 E753.61779
G1 X26.097 Y-7.636 Z23.738 E754.2447
G1 X26.438 Y-6.339 Z23.746 E754.87537
G1 X26.72 Y-5.003 Z23.754 E755.51749
G1 X26.931 Y-3.672 Z23.762 E756.15124
G1 X27.077 Y-2.326 Z23.77 E756.78794
G1 X27.154 Y-1.017 Z23.777 E757.40459
G1 X27.168 Y0.332 Z23.785 E758.03902
G1 X27.114 Y1.68 Z23.793 E758.67346
G1 X26.994 Y3.014 Z23.801 E759.30333
G1 X26.807 Y4.357 Z23.809 E759.941
G1 X26.555 Y5.677 Z23.817 E760.57297
G1 X26.235 Y6.991 Z23.825 E761.20897
G1 X25.864 Y8.249 Z23.833 E761.82576
G1 X25.411 Y9.542 Z23.841 E762.47006
G1 X24.905 Y10.786 Z23.849 E763.10163
G1 X24.343 Y11.99 Z23.856 E763.72648
G1 X23.715 Y13.181 Z23.864 E764.35966
G1 X23.033 Y14.335 Z23.872 E764.99005
G1 X22.285 Y15.465 Z23.88 E765.62733
G1 X21.499 Y16.534 Z23.888 E766.25132
G1 X20.661 Y17.564 Z23.896 E766.87576
G1 X19.766 Y18.559 Z23.904 E767.50513
G1 X18.802 Y19.53 Z23.912 E768.14858
G1 X17.825 Y20.42 Z23.92 E768.77009
G1 X16.769 Y21.291 Z23.928 E769.41383
G1 X15.711 Y22.081 Z23.935 E770.03478
G1 X14.58 Y22.838 Z23.943 E770.6748
G1 X13.438 Y23.523 Z23.951 E771.30105
G1 X12.26 Y24.154 Z23.959 E771.9295
G1 X11.063 Y24.721 Z23.967 E772.55238
G1 X9.832 Y25.231 Z23.975 E773.179
G1 X8.538 Y25.695 Z23.983 E773.82547
G1 X7.293 Y26.071 Z23.99 E774.43708
G1 X5.969 Y26.4 Z23.998 E775.07865
G1 X4.652 Y26.661 Z24.006 E775.71005
G1 X3.348 Y26.852 Z24.014 E776.32982
G1 X1.99 Y26.982 Z24.022 E776.97137
G1 X0.677 Y27.044 Z24.03 E777.58953
G1 X-.665 Y27.041 Z24.038 E778.22064
G1 X-1.989 Y26.971 Z24.046 E778.84415
G1 X-3.357 Y26.832 Z24.054 E779.49079
G1 X-4.646 Y26.635 Z24.061 E780.10401
G1 X-5.961 Y26.366 Z24.069 E780.73522
G1 X-7.28 Y26.03 Z24.077 E781.37532
G1 X-8.532 Y25.643 Z24.085 E781.99159
G1 X-9.809 Y25.177 Z24.093 E782.63086
G1 X-11.033 Y24.661 Z24.101 E783.25553
G1 X-12.227 Y24.087 Z24.108 E783.87855
G1 X-13.398 Y23.451 Z24.116 E784.50522
G1 X-14.532 Y22.761 Z24.124 E785.12947
G1 X-15.663 Y21.994 Z24.132 E785.77212
G1 X-16.711 Y21.201 Z24.14 E786.39016
G1 X-17.747 Y20.337 Z24.148 E787.02455
G1 X-18.72 Y19.441 Z24.156 E787.64659
G1 X-19.669 Y18.473 Z24.164 E788.28408
G1 X-20.553 Y17.478 Z24.171 E788.91
G1 X-21.381 Y16.449 Z24.179 E789.53112
G1 X-22.161 Y15.375 Z24.187 E790.15534
G1 X-22.898 Y14.247 Z24.195 E790.78899
G1 X-23.565 Y13.103 Z24.203 E791.41175
G1 X-24.186 Y11.909 Z24.211 E792.04466
G1 X-24.737 Y10.708 Z24.218 E792.66606
G1 X-25.232 Y9.471 Z24.226 E793.29263
G1 X-25.671 Y8.193 Z24.234 E793.92811
G1 X-26.036 Y6.933 Z24.242 E794.54501
G1 X-26.344 Y5.627 Z24.25 E795.17604
G1 X-26.587 Y4.316 Z24.258 E795.80307
G1 X-26.763 Y2.994 Z24.265 E796.43025
G1 X-26.875 Y1.671 Z24.273 E797.05465
G1 X-26.921 Y0.341 Z24.281 E797.68048
G1 X-26.899 Y-1.001 Z24.289 E798.31167
G1 X-26.815 Y-2.309 Z24.297 E798.92806
G1 X-26.662 Y-3.642 Z24.305 E799.55904
G1 X-26.445 Y-4.958 Z24.312 E800.18628
G1 X-26.161 Y-6.265 Z24.32 E800.81527
G1 X-25.817 Y-7.546 Z24.328 E801.43903
G1 X-25.406 Y-8.819 Z24.336 E802.06811
G1 X-24.946 Y-10.038 Z24.344 E802.68083
G1 X-24.405 Y-11.276 Z24.352 E803.31619
G1 X-23.807 Y-12.482 Z24.36 E803.94924
G1 X-23.169 Y-13.62 Z24.367 E804.56277
G1 X-22.469 Y-14.74 Z24.375 E805.18389
G1 X-21.69 Y-15.856 Z24.383 E805.82392
G1 X-20.887 Y-16.894 Z24.391 E806.44108
G1 X-20.035 Y-17.89 Z24.398 E807.05746
G1 X-19.103 Y-18.875 Z24.406 E807.69517
G1 X-18.146 Y-19.793 Z24.414 E808.31881
G1 X-17.156 Y-20.652 Z24.422 E808.9352
G1 X-16.098 Y-21.482 Z24.43 E809.56758
G1 X-15.01 Y-22.251 Z24.438 E810.19414
G1 X-13.896 Y-22.958 Z24.445 E810.81462
G1 X-12.749 Y-23.609 Z24.453 E811.43485
G1 X-11.558 Y-24.21 Z24.461 E812.06222
G1 X-10.344 Y-24.748 Z24.469 E812.68668
G1 X-9.1 Y-25.228 Z24.477 E813.31373
G1 X-7.849 Y-25.641 Z24.484 E813.93327
G1 X-6.566 Y-25.995 Z24.492 E814.55918
G1 X-5.274 Y-26.284 Z24.5 E815.18179
;TIME_ELAPSED:219.571791
;LAYER:24
;note -- min layer time used
;TYPE:WALL-OUTER
;MESH:step-vase.stl
G1 F2013.1 X-3.943 Y-26.512 Z24.508 E815.81683
G1 X-2.664 Y-26.671 Z24.516 E816.42294
G1 X-1.339 Y-26.769 Z24.524 E817.04776
G1 X-0.006 Y-26.799 Z24.532 E817.67479
G1 X1.332 Y-26.766 Z24.54 E818.3042
G1 X2.662 Y-26.665 Z24.548 E818.93147
G1 X3.941 Y-26.503 Z24.555 E819.53775
G1 X5.281 Y-26.269 Z24.563 E820.17745
G1 X6.561 Y-25.976 Z24.571 E820.79497
G1 X7.842 Y-25.617 Z24.579 E821.4206
G1 X9.084 Y-25.201 Z24.587 E822.03657
G1 X10.329 Y-24.715 Z24.595 E822.66509
G1 X11.54 Y-24.172 Z24.603 E823.28921
G1 X12.712 Y-23.575 Z24.611 E823.90776
G1 X13.869 Y-22.912 Z24.619 E824.53487
G1 X14.977 Y-22.203 Z24.626 E825.15347
G1 X16.069 Y-21.422 Z24.634 E825.78484
G1 X17.097 Y-20.609 Z24.642 E826.40119
G1 X18.09 Y-19.741 Z24.65 E827.02143
G1 X19.04 Y-18.823 Z24.658 E827.64269
G1 X19.955 Y-17.848 Z24.666 E828.27149
G1 X20.825 Y-16.823 Z24.674 E828.90375
G1 X21.609 Y-15.8 Z24.682 E829.50987
G1 X22.374 Y-14.695 Z24.69 E830.1419
G1 X23.07 Y-13.572 Z24.698 E830.76322
G1 X23.711 Y-12.414 Z24.705 E831.38566
G1 X24.301 Y-11.213 Z24.713 E832.01493
G1 X24.822 Y-10.004 Z24.721 E832.63403
G1 X25.28 Y-8.778 Z24.729 E833.2495
G1 X25.682 Y-7.515 Z24.737 E833.87282
G1 X26.024 Y-6.218 Z24.745 E834.50361
G1 X26.295 Y-4.943 Z24.753 E835.1166
G1 X26.508 Y-3.618 Z24.761 E835.74771
G1 X26.654 Y-2.303 Z24.769 E836.36992
G1 X26.732 Y-.998 Z24.776 E836.98472
G1 X26.748 Y0.333 Z24.784 E837.6107
G1 X26.698 Y1.666 Z24.792 E838.23801
G1 X26.582 Y2.97 Z24.8 E838.85367
G1 X26.401 Y4.29 Z24.808 E839.48023
G1 X26.157 Y5.575 Z24.816 E840.09533
G1 X25.845 Y6.876 Z24.824 E840.7245
G1 X25.467 Y8.157 Z24.832 E841.3526
G1 X25.037 Y9.391 Z24.84 E841.96714
G1 X24.545 Y10.606 Z24.847 E842.58359
G1 X23.987 Y11.81 Z24.855 E843.20765
G1 X23.36 Y13.002 Z24.863 E843.84104
G1 X22.699 Y14.125 Z24.871 E844.45384
G1 X21.976 Y15.22 Z24.879 E845.07092
G1 X21.191 Y16.294 Z24.887 E845.69652
G1 X20.35 Y17.33 Z24.895 E846.32404
G1 X19.479 Y18.301 Z24.903 E846.93747
G1 X18.544 Y19.245 Z24.91 E847.5623
G1 X17.554 Y20.15 Z24.918 E848.19309
G1 X16.544 Y20.986 Z24.926 E848.80966
G1 X15.51 Y21.76 Z24.934 E849.41707
G1 X14.381 Y22.519 Z24.942 E850.05683
G1 X13.256 Y23.198 Z24.95 E850.67478
G1 X12.096 Y23.822 Z24.958 E851.29422
G1 X10.908 Y24.386 Z24.966 E851.91267
G1 X9.684 Y24.896 Z24.973 E852.53625
G1 X8.442 Y25.343 Z24.981 E853.157
G1 X7.167 Y25.731 Z24.989 E853.78375
G1 X5.913 Y26.045 Z24.997 E854.39168
G1 X4.587 Y26.31 Z25.005 E855.02759
G1 X3.308 Y26.5 Z25.013 E855.63567
G1 X1.972 Y26.63 Z25.021 E856.26692
G1 X0.667 Y26.694 Z25.029 E856.88136
G1 X-.662 Y26.692 Z25.036 E857.50635
G1 X-1.971 Y26.626 Z25.044 E858.12272
G1 X-3.306 Y26.492 Z25.052 E858.75369
G1 X-4.585 Y26.299 Z25.06 E859.36198
G1 X-5.909 Y26.031 Z25.068 E859.99724
G1 X-7.162 Y25.713 Z25.076 E860.60518
G1 X-8.434 Y25.323 Z25.084 E861.23085
G1 X-9.68 Y24.87 Z25.092 E861.85433
G1 X-10.895 Y24.361 Z25.099 E862.47382
G1 X-12.082 Y23.794 Z25.107 E863.09245
G1 X-13.239 Y23.167 Z25.115 E863.71132
G1 X-14.36 Y22.486 Z25.123 E864.32815
G1 X-15.484 Y21.726 Z25.131 E864.96622
G1 X-16.515 Y20.951 Z25.139 E865.57278
G1 X-17.522 Y20.112 Z25.147 E866.18918
G1 X-18.506 Y19.208 Z25.155 E866.81756
G1 X-19.438 Y18.262 Z25.162 E867.44207
G1 X-20.305 Y17.291 Z25.17 E868.05425
G1 X-21.139 Y16.257 Z25.178 E868.67897
G1 X-21.92 Y15.184 Z25.186 E869.30308
G1 X-22.64 Y14.087 Z25.194 E869.92016
G1 X-23.297 Y12.966 Z25.202 E870.53121
G1 X-23.915 Y11.783 Z25.21 E871.15888
G1 X-24.471 Y10.577 Z25.217 E871.7834
G1 X-24.961 Y9.356 Z25.225 E872.40211
G1 X-25.385 Y8.129 Z25.233 E873.01262
G1 X-25.758 Y6.846 Z25.241 E873.64096
G1 X-26.064 Y5.558 Z25.249 E874.26353
G1 X-26.304 Y4.272 Z25.257 E874.87874
G1 X-26.481 Y2.961 Z25.265 E875.50086
G1 X-26.593 Y1.657 Z25.272 E876.11635
G1 X-26.641 Y0.337 Z25.28 E876.73752
G1 X-26.622 Y-.991 Z25.288 E877.36211
G1 X-26.541 Y-2.29 Z25.296 E877.97418
G1 X-26.392 Y-3.604 Z25.304 E878.59608
G1 X-26.177 Y-4.915 Z25.312 E879.22084
G1 X-25.903 Y-6.191 Z25.32 E879.83459
G1 X-25.56 Y-7.475 Z25.327 E880.45959
G1 X-25.157 Y-8.732 Z25.335 E881.08036
G1 X-24.698 Y-9.95 Z25.343 E881.69247
G1 X-24.175 Y-11.158 Z25.351 E882.31152
G1 X-23.585 Y-12.351 Z25.359 E882.93741
G1 X-22.947 Y-13.495 Z25.367 E883.55341
G1 X-22.252 Y-14.609 Z25.374 E884.17089
G1 X-21.489 Y-15.707 Z25.382 E884.79968
G1 X-20.702 Y-16.728 Z25.39 E885.40591
G1 X-19.839 Y-17.739 Z25.398 E886.03102
G1 X-18.928 Y-18.706 Z25.406 E886.65579
G1 X-17.981 Y-19.616 Z25.414 E887.27343
G1 X-16.993 Y-20.476 Z25.422 E887.88942
G1 X-15.963 Y-21.286 Z25.429 E888.50564
G1 X-14.882 Y-22.054 Z25.437 E889.12924
G1 X-13.783 Y-22.754 Z25.445 E889.742
G1 X-12.63 Y-23.411 Z25.453 E890.36608
G1 X-11.466 Y-24.001 Z25.461 E890.97978
G1 X-10.248 Y-24.543 Z25.469 E891.60672
G1 X-9.024 Y-25.018 Z25.477 E892.22416
G1 X-7.791 Y-25.427 Z25.484 E892.83507
G1 X-6.503 Y-25.785 Z25.492 E893.46375
G1 X-5.236 Y-26.07 Z25.5 E894.07447
;TIME_ELAPSED:224.579653
;LAYER:25
;note -- min layer time used
;TYPE:WALL-OUTER
;MESH:step-vase.stl
G1 F1995.9 X-3.954 Y-26.291 Z25.508 E894.68625
G1 X-2.619 Y-26.457 Z25.516 E895.3189
G1 X-1.327 Y-26.551 Z25.524 E895.9281
G1 X-0.006 Y-26.581 Z25.532 E896.54949
G1 X1.321 Y-26.548 Z25.54 E897.17373
G1 X2.617 Y-26.45 Z25.547 E897.78494
G1 X3.951 Y-26.281 Z25.556 E898.4173
G1 X5.21 Y-26.059 Z25.563 E899.01851
G1 X6.509 Y-25.763 Z25.571 E899.64505
G1 X7.767 Y-25.41 Z25.579 E900.2595
G1 X9.032 Y-24.986 Z25.587 E900.88693
G1 X10.252 Y-24.509 Z25.595 E901.50295
G1 X11.429 Y-23.981 Z25.603 E902.10961
G1 X12.6 Y-23.385 Z25.611 E902.72752
G1 X13.762 Y-22.718 Z25.619 E903.3576
G1 X14.87 Y-22.008 Z25.627 E903.97647
G1 X15.918 Y-21.259 Z25.634 E904.58224
G1 X16.952 Y-20.441 Z25.642 E905.20227
G1 X17.958 Y-19.56 Z25.65 E905.83113
G1 X18.882 Y-18.668 Z25.658 E906.43511
G1 X19.805 Y-17.681 Z25.666 E907.0706
G1 X20.629 Y-16.71 Z25.674 E907.66949
G1 X21.448 Y-15.643 Z25.682 E908.30205
G1 X22.179 Y-14.585 Z25.69 E908.90681
G1 X22.937 Y-13.354 Z25.698 E909.58666
G1 X23.516 Y-12.306 Z25.706 E910.14972
G1 X24.087 Y-11.143 Z25.713 E910.75901
G1 X24.621 Y-9.904 Z25.721 E911.39349
G1 X25.067 Y-8.705 Z25.729 E911.99509
G1 X25.465 Y-7.457 Z25.737 E912.61112
G1 X25.809 Y-6.156 Z25.745 E913.24397
G1 X26.073 Y-4.908 Z25.753 E913.84386
G1 X26.286 Y-3.584 Z25.761 E914.4745
G1 X26.431 Y-2.278 Z25.769 E915.09245
G1 X26.507 Y-.989 Z25.776 E915.69968
G1 X26.522 Y0.328 Z25.784 E916.31907
G1 X26.472 Y1.653 Z25.792 E916.94263
G1 X26.357 Y2.945 Z25.8 E917.55262
G1 X26.176 Y4.254 Z25.808 E918.17407
G1 X25.933 Y5.535 Z25.816 E918.78723
G1 X25.627 Y6.807 Z25.824 E919.40248
G1 X25.251 Y8.089 Z25.832 E920.03077
G1 X24.828 Y9.304 Z25.84 E920.63578
G1 X24.337 Y10.516 Z25.847 E921.25075
G1 X23.778 Y11.72 Z25.855 E921.87501
G1 X23.173 Y12.871 Z25.863 E922.48651
G1 X22.494 Y14.02 Z25.871 E923.11415
G1 X21.789 Y15.089 Z25.879 E923.71636
G1 X21.01 Y16.153 Z25.887 E924.3365
G1 X20.18 Y17.177 Z25.895 E924.95638
G1 X19.302 Y18.155 Z25.903 E925.57446
G1 X18.385 Y19.079 Z25.911 E926.18665
G1 X17.428 Y19.954 Z25.918 E926.79646
G1 X16.405 Y20.803 Z25.926 E927.42165
G1 X15.353 Y21.588 Z25.934 E928.03893
G1 X14.273 Y22.315 Z25.942 E928.65117
G1 X13.135 Y23.001 Z25.95 E929.27606
G1 X11.989 Y23.617 Z25.958 E929.88792
G1 X10.815 Y24.176 Z25.966 E930.49941
G1 X9.601 Y24.68 Z25.974 E931.11756
G1 X8.365 Y25.125 Z25.981 E931.73534
G1 X7.12 Y25.503 Z25.989 E932.34722
G1 X5.847 Y25.823 Z25.997 E932.9645
G1 X4.555 Y26.08 Z26.005 E933.584
G1 X3.272 Y26.271 Z26.013 E934.19401
G1 X1.957 Y26.398 Z26.021 E934.8153
G1 X0.66 Y26.46 Z26.029 E935.42594
G1 X-.654 Y26.459 Z26.037 E936.04387
G1 X-1.956 Y26.393 Z26.044 E936.65695
G1 X-3.277 Y26.26 Z26.052 E937.28132
G1 X-4.546 Y26.068 Z26.06 E937.88489
G1 X-5.85 Y25.804 Z26.068 E938.51057
G1 X-7.107 Y25.485 Z26.076 E939.12044
G1 X-8.356 Y25.101 Z26.084 E939.73494
G1 X-9.59 Y24.653 Z26.092 E940.35232
G1 X-10.8 Y24.147 Z26.1 E940.9691
G1 X-11.973 Y23.584 Z26.107 E941.58098
G1 X-13.12 Y22.963 Z26.115 E942.19436
G1 X-14.247 Y22.278 Z26.123 E942.81458
G1 X-15.325 Y21.548 Z26.131 E943.42684
G1 X-16.371 Y20.763 Z26.139 E944.04186
G1 X-17.39 Y19.913 Z26.147 E944.6659
G1 X-18.342 Y19.037 Z26.155 E945.27429
G1 X-19.256 Y18.11 Z26.162 E945.8865
G1 X-20.126 Y17.135 Z26.17 E946.50102
G1 X-20.951 Y16.111 Z26.178 E947.11942
G1 X-21.725 Y15.047 Z26.186 E947.73818
G1 X-22.427 Y13.976 Z26.194 E948.34039
G1 X-23.098 Y12.832 Z26.202 E948.9641
G1 X-23.701 Y11.68 Z26.21 E949.57558
G1 X-24.251 Y10.482 Z26.218 E950.1955
G1 X-24.737 Y9.273 Z26.225 E950.80828
G1 X-25.156 Y8.057 Z26.233 E951.41313
G1 X-25.526 Y6.783 Z26.241 E952.03701
G1 X-25.829 Y5.511 Z26.249 E952.65193
G1 X-26.067 Y4.234 Z26.257 E953.26281
G1 X-26.242 Y2.935 Z26.265 E953.87922
G1 X-26.353 Y1.643 Z26.272 E954.48904
G1 X-26.4 Y0.333 Z26.28 E955.1055
G1 X-26.382 Y-.98 Z26.288 E955.72302
G1 X-26.301 Y-2.269 Z26.296 E956.3304
G1 X-26.153 Y-3.568 Z26.304 E956.94524
G1 X-25.939 Y-4.879 Z26.312 E957.56992
G1 X-25.67 Y-6.129 Z26.319 E958.17122
G1 X-25.327 Y-7.412 Z26.327 E958.79577
G1 X-24.928 Y-8.652 Z26.335 E959.40835
G1 X-24.477 Y-9.852 Z26.343 E960.01122
G1 X-23.946 Y-11.072 Z26.351 E960.63694
G1 X-23.372 Y-12.233 Z26.359 E961.24601
G1 X-22.736 Y-13.372 Z26.367 E961.8595
G1 X-22.043 Y-14.486 Z26.375 E962.47648
G1 X-21.307 Y-15.545 Z26.382 E963.08296
G1 X-20.495 Y-16.596 Z26.39 E963.70755
G1 X-19.668 Y-17.564 Z26.398 E964.30628
G1 X-18.754 Y-18.534 Z26.406 E964.93305
G1 X-17.828 Y-19.424 Z26.414 E965.53705
G1 X-16.833 Y-20.289 Z26.422 E966.15707
G1 X-15.804 Y-21.098 Z26.429 E966.77263
G1 X-14.754 Y-21.845 Z26.437 E967.37862
G1 X-13.653 Y-22.546 Z26.445 E967.99243
G1 X-12.506 Y-23.198 Z26.453 E968.61289
G1 X-11.343 Y-23.788 Z26.461 E969.22617
G1 X-10.164 Y-24.312 Z26.469 E969.83292
G1 X-8.953 Y-24.781 Z26.476 E970.44364
G1 X-7.707 Y-25.195 Z26.484 E971.06109
G1 X-6.449 Y-25.544 Z26.492 E971.67504
G1 X-5.171 Y-25.831 Z26.5 E972.29102
;TIME_ELAPSED:229.587998
;LAYER:26
;note -- min layer time used
;TYPE:WALL-OUTER
;MESH:step-vase.stl
G1 F1971.4 X-3.87 Y-26.054 Z26.508 E972.91177
G1 X-2.623 Y-26.205 Z26.516 E973.50248
G1 X-1.299 Y-26.302 Z26.524 E974.12679
G1 X-0.01 Y-26.33 Z26.532 E974.73311
G1 X1.307 Y-26.295 Z26.54 E975.35268
G1 X2.599 Y-26.195 Z26.548 E975.96209
G1 X3.866 Y-26.036 Z26.555 E976.5626
G1 X5.191 Y-25.802 Z26.563 E977.19535
G1 X6.45 Y-25.513 Z26.571 E977.80282
G1 X7.71 Y-25.158 Z26.579 E978.41844
G1 X8.925 Y-24.749 Z26.587 E979.02132
G1 X10.131 Y-24.277 Z26.595 E979.63036
G1 X11.337 Y-23.735 Z26.603 E980.25215
G1 X12.495 Y-23.142 Z26.611 E980.86398
G1 X13.616 Y-22.498 Z26.619 E981.47196
G1 X14.697 Y-21.804 Z26.627 E982.07607
G1 X15.76 Y-21.044 Z26.635 E982.6906
G1 X16.778 Y-20.237 Z26.643 E983.30151
G1 X17.767 Y-19.372 Z26.651 E983.9194
G1 X18.709 Y-18.458 Z26.659 E984.53666
G1 X19.585 Y-17.522 Z26.666 E985.13953
G1 X20.424 Y-16.533 Z26.674 E985.74945
G1 X21.216 Y-15.499 Z26.682 E986.36196
G1 X21.969 Y-14.405 Z26.69 E986.98653
G1 X22.637 Y-13.319 Z26.698 E987.58613
G1 X23.263 Y-12.195 Z26.706 E988.19116
G1 X23.848 Y-10.998 Z26.714 E988.81771
G1 X24.35 Y-9.828 Z26.722 E989.41644
G1 X24.807 Y-8.602 Z26.73 E990.03174
G1 X25.2 Y-7.362 Z26.738 E990.64347
G1 X25.53 Y-6.11 Z26.745 E991.25236
G1 X25.798 Y-4.839 Z26.753 E991.86322
G1 X26.004 Y-3.545 Z26.761 E992.47941
G1 X26.146 Y-2.248 Z26.769 E993.093
G1 X26.221 Y-.979 Z26.777 E993.69082
G1 X26.235 Y0.323 Z26.785 E994.30315
G1 X26.183 Y1.64 Z26.793 E994.92298
G1 X26.068 Y2.92 Z26.801 E995.52736
G1 X25.89 Y4.2 Z26.809 E996.1351
G1 X25.651 Y5.461 Z26.816 E996.73867
G1 X25.346 Y6.724 Z26.824 E997.34969
G1 X24.974 Y7.987 Z26.832 E997.96888
G1 X24.544 Y9.216 Z26.84 E998.5812
G1 X24.056 Y10.414 Z26.848 E999.18953
G1 X23.51 Y11.59 Z26.856 E999.79927
G1 X22.906 Y12.736 Z26.864 E1000.40848
G1 X22.251 Y13.843 Z26.872 E1001.01337
G1 X21.533 Y14.928 Z26.88 E1001.62522
G1 X20.759 Y15.983 Z26.888 E1002.24056
G1 X19.958 Y16.968 Z26.895 E1002.83761
G1 X19.095 Y17.93 Z26.903 E1003.44537
G1 X18.156 Y18.875 Z26.911 E1004.07187
G1 X17.21 Y19.738 Z26.919 E1004.67405
G1 X16.222 Y20.554 Z26.927 E1005.27666
G1 X15.171 Y21.337 Z26.935 E1005.89301
G1 X14.106 Y22.053 Z26.943 E1006.49651
G1 X12.993 Y22.722 Z26.951 E1007.1072
G1 X11.864 Y23.329 Z26.958 E1007.71001
G1 X10.671 Y23.896 Z26.966 E1008.33119
G1 X9.493 Y24.384 Z26.974 E1008.93082
G1 X8.28 Y24.819 Z26.982 E1009.53684
G1 X7.015 Y25.202 Z26.99 E1010.1584
G1 X5.775 Y25.512 Z26.998 E1010.75948
G1 X4.493 Y25.766 Z27.006 E1011.37409
G1 X3.233 Y25.952 Z27.014 E1011.97306
G1 X1.924 Y26.078 Z27.022 E1012.59149
G1 X0.654 Y26.138 Z27.029 E1013.1894
G1 X-.645 Y26.135 Z27.037 E1013.80029
G1 X-1.923 Y26.069 Z27.045 E1014.4021
G1 X-3.231 Y25.937 Z27.053 E1015.02034
G1 X-4.49 Y25.746 Z27.061 E1015.61919
G1 X-5.769 Y25.486 Z27.069 E1016.23297
G1 X-7.006 Y25.17 Z27.077 E1016.83338
G1 X-8.266 Y24.782 Z27.085 E1017.45338
G1 X-9.475 Y24.342 Z27.092 E1018.05842
G1 X-10.65 Y23.848 Z27.1 E1018.65784
G1 X-11.836 Y23.278 Z27.108 E1019.27665
G1 X-12.96 Y22.668 Z27.116 E1019.87807
G1 X-14.066 Y21.994 Z27.124 E1020.48716
G1 X-15.128 Y21.274 Z27.132 E1021.09055
G1 X-16.168 Y20.491 Z27.14 E1021.70275
G1 X-17.152 Y19.67 Z27.147 E1022.30541
G1 X-18.091 Y18.806 Z27.155 E1022.90549
G1 X-19.019 Y17.862 Z27.163 E1023.52801
G1 X-19.874 Y16.901 Z27.171 E1024.13292
G1 X-20.67 Y15.912 Z27.179 E1024.72995
G1 X-21.436 Y14.858 Z27.187 E1025.34269
G1 X-22.142 Y13.78 Z27.195 E1025.94869
G1 X-22.791 Y12.669 Z27.202 E1026.55377
G1 X-23.387 Y11.526 Z27.21 E1027.15998
G1 X-23.924 Y10.354 Z27.218 E1027.76624
G1 X-24.404 Y9.159 Z27.226 E1028.37186
G1 X-24.822 Y7.943 Z27.234 E1028.97655
G1 X-25.187 Y6.687 Z27.242 E1029.59165
G1 X-25.484 Y5.43 Z27.25 E1030.19906
G1 X-25.716 Y4.177 Z27.257 E1030.79833
G1 X-25.888 Y2.892 Z27.265 E1031.40802
G1 X-25.996 Y1.624 Z27.273 E1032.00648
G1 X-26.042 Y0.33 Z27.281 E1032.6154
G1 X-26.022 Y-.967 Z27.289 E1033.22542
G1 X-25.941 Y-2.235 Z27.296 E1033.82294
G1 X-25.794 Y-3.52 Z27.304 E1034.43118
G1 X-25.582 Y-4.804 Z27.312 E1035.04318
G1 X-25.313 Y-6.052 Z27.32 E1035.64356
G1 X-24.977 Y-7.302 Z27.328 E1036.25227
G1 X-24.582 Y-8.529 Z27.336 E1036.85846
G1 X-24.128 Y-9.731 Z27.344 E1037.4627
G1 X-23.62 Y-10.898 Z27.351 E1038.06125
G1 X-23.04 Y-12.071 Z27.359 E1038.67663
G1 X-22.419 Y-13.18 Z27.367 E1039.27436
G1 X-21.742 Y-14.264 Z27.375 E1039.87539
G1 X-20.999 Y-15.331 Z27.383 E1040.48684
G1 X-20.203 Y-16.362 Z27.391 E1041.09939
G1 X-19.378 Y-17.326 Z27.398 E1041.69608
G1 X-18.498 Y-18.258 Z27.406 E1042.29888
G1 X-17.571 Y-19.146 Z27.414 E1042.90257
G1 X-16.59 Y-19.998 Z27.422 E1043.51361
G1 X-15.58 Y-20.791 Z27.43 E1044.11749
G1 X-14.527 Y-21.537 Z27.438 E1044.72437
G1 X-13.457 Y-22.217 Z27.445 E1045.32057
G1 X-12.332 Y-22.856 Z27.453 E1045.92902
G1 X-11.185 Y-23.436 Z27.461 E1046.53346
G1 X-10.007 Y-23.959 Z27.469 E1047.13959
G1 X-8.816 Y-24.42 Z27.477 E1047.74018
G1 X-7.599 Y-24.822 Z27.484 E1048.34291
G1 X-6.353 Y-25.166 Z27.492 E1048.95079
G1 X-5.11 Y-25.444 Z27.5 E1049.54978
;TIME_ELAPSED:234.595691
;LAYER:27
;note -- min layer time used
;TYPE:WALL-OUTER
;MESH:step-vase.stl
G1 F1946.9 X-3.845 Y-25.663 Z27.508 E1050.15353
G1 X-2.553 Y-25.822 Z27.516 E1050.7657
G1 X-1.297 Y-25.914 Z27.524 E1051.35795
G1 X-0.007 Y-25.944 Z27.532 E1051.96476
G1 X1.289 Y-25.911 Z27.54 E1052.57444
G1 X2.551 Y-25.815 Z27.547 E1053.16963
G1 X3.842 Y-25.652 Z27.555 E1053.78158
G1 X5.117 Y-25.426 Z27.563 E1054.39052
G1 X6.354 Y-25.143 Z27.571 E1054.98728
G1 X7.598 Y-24.794 Z27.579 E1055.59488
G1 X8.805 Y-24.39 Z27.587 E1056.19346
G1 X9.994 Y-23.925 Z27.595 E1056.79385
G1 X11.154 Y-23.403 Z27.603 E1057.39206
G1 X12.322 Y-22.808 Z27.611 E1058.0085
G1 X13.426 Y-22.174 Z27.619 E1058.6072
G1 X14.501 Y-21.485 Z27.627 E1059.20767
G1 X15.556 Y-20.73 Z27.635 E1059.81777
G1 X16.554 Y-19.94 Z27.642 E1060.41634
G1 X17.506 Y-19.106 Z27.65 E1061.01154
G1 X18.438 Y-18.207 Z27.658 E1061.62051
G1 X19.312 Y-17.274 Z27.666 E1062.22172
G1 X20.146 Y-16.291 Z27.674 E1062.82796
G1 X20.909 Y-15.293 Z27.682 E1063.41874
G1 X21.661 Y-14.207 Z27.69 E1064.03995
G1 X22.326 Y-13.134 Z27.698 E1064.6336
G1 X22.946 Y-12.015 Z27.706 E1065.23521
G1 X23.512 Y-10.857 Z27.714 E1065.84136
G1 X24.008 Y-9.708 Z27.721 E1066.42989
G1 X24.471 Y-8.469 Z27.729 E1067.05192
G1 X24.85 Y-7.273 Z27.737 E1067.64193
G1 X25.18 Y-6.025 Z27.745 E1068.249
G1 X25.444 Y-4.777 Z27.753 E1068.84889
G1 X25.65 Y-3.497 Z27.761 E1069.45858
G1 X25.789 Y-2.233 Z27.769 E1070.05659
G1 X25.866 Y-.966 Z27.777 E1070.65353
G1 X25.881 Y0.322 Z27.785 E1071.25928
G1 X25.831 Y1.617 Z27.793 E1071.86874
G1 X25.719 Y2.871 Z27.8 E1072.46081
G1 X25.543 Y4.147 Z27.808 E1073.06655
G1 X25.306 Y5.4 Z27.816 E1073.66626
G1 X25.006 Y6.643 Z27.824 E1074.26759
G1 X24.64 Y7.887 Z27.832 E1074.8774
G1 X24.222 Y9.084 Z27.84 E1075.47366
G1 X23.746 Y10.26 Z27.848 E1076.07028
G1 X23.2 Y11.438 Z27.856 E1076.68088
G1 X22.598 Y12.581 Z27.864 E1077.28839
G1 X21.962 Y13.658 Z27.871 E1077.8766
G1 X21.253 Y14.733 Z27.879 E1078.48219
G1 X20.495 Y15.768 Z27.887 E1079.0855
G1 X19.693 Y16.755 Z27.895 E1079.68357
G1 X18.846 Y17.699 Z27.903 E1080.28001
G1 X17.927 Y18.627 Z27.911 E1080.89421
G1 X16.996 Y19.477 Z27.919 E1081.48706
G1 X16.013 Y20.292 Z27.926 E1082.08756
G1 X14.986 Y21.059 Z27.934 E1082.69035
G1 X13.919 Y21.776 Z27.942 E1083.2949
G1 X12.821 Y22.438 Z27.95 E1083.89785
G1 X11.698 Y23.041 Z27.958 E1084.49729
G1 X10.552 Y23.586 Z27.966 E1085.09406
G1 X9.374 Y24.077 Z27.974 E1085.69424
G1 X8.156 Y24.514 Z27.982 E1086.30278
G1 X6.948 Y24.881 Z27.989 E1086.89651
G1 X5.712 Y25.192 Z27.997 E1087.49588
G1 X4.439 Y25.444 Z28.005 E1088.10616
G1 X3.201 Y25.627 Z28.013 E1088.69468
G1 X1.908 Y25.754 Z28.021 E1089.30567
G1 X0.648 Y25.815 Z28.029 E1089.89891
G1 X-.641 Y25.813 Z28.037 E1090.50509
G1 X-1.907 Y25.749 Z28.045 E1091.10122
G1 X-3.199 Y25.618 Z28.053 E1091.71193
G1 X-4.437 Y25.431 Z28.06 E1092.30073
G1 X-5.707 Y25.174 Z28.068 E1092.91008
G1 X-6.941 Y24.86 Z28.076 E1093.50889
G1 X-8.148 Y24.489 Z28.084 E1094.10272
G1 X-9.361 Y24.049 Z28.092 E1094.70953
G1 X-10.537 Y23.555 Z28.1 E1095.30938
G1 X-11.681 Y23.006 Z28.108 E1095.90612
G1 X-12.8 Y22.4 Z28.115 E1096.50456
G1 X-13.898 Y21.733 Z28.123 E1097.10873
G1 X-14.954 Y21.019 Z28.131 E1097.7082
G1 X-15.976 Y20.249 Z28.139 E1098.30996
G1 X-16.955 Y19.433 Z28.147 E1098.90932
G1 X-17.881 Y18.582 Z28.155 E1099.50075
G1 X-18.795 Y17.654 Z28.163 E1100.1133
G1 X-19.638 Y16.708 Z28.171 E1100.70919
G1 X-20.433 Y15.723 Z28.178 E1101.30445
G1 X-21.187 Y14.686 Z28.186 E1101.90741
G1 X-21.889 Y13.616 Z28.194 E1102.50923
G1 X-22.521 Y12.537 Z28.202 E1103.09729
G1 X-23.118 Y11.395 Z28.21 E1103.7033
G1 X-23.656 Y10.225 Z28.218 E1104.3089
G1 X-24.126 Y9.052 Z28.225 E1104.90317
G1 X-24.54 Y7.853 Z28.233 E1105.49969
G1 X-24.898 Y6.621 Z28.241 E1106.10303
G1 X-25.195 Y5.374 Z28.249 E1106.70587
G1 X-25.426 Y4.132 Z28.257 E1107.29996
G1 X-25.597 Y2.861 Z28.265 E1107.90306
G1 X-25.705 Y1.606 Z28.273 E1108.49544
G1 X-25.751 Y0.327 Z28.28 E1109.0973
G1 X-25.732 Y-.957 Z28.288 E1109.7012
G1 X-25.652 Y-2.217 Z28.296 E1110.29494
G1 X-25.509 Y-3.481 Z28.304 E1110.89316
G1 X-25.3 Y-4.753 Z28.312 E1111.49936
G1 X-25.035 Y-5.986 Z28.32 E1112.09245
G1 X-24.703 Y-7.226 Z28.328 E1112.69613
G1 X-24.32 Y-8.42 Z28.335 E1113.28581
G1 X-23.86 Y-9.643 Z28.343 E1113.9003
G1 X-23.363 Y-10.783 Z28.351 E1114.48514
G1 X-22.792 Y-11.939 Z28.359 E1115.09148
G1 X-22.178 Y-13.04 Z28.367 E1115.68432
G1 X-21.509 Y-14.111 Z28.375 E1116.27817
G1 X-20.765 Y-15.181 Z28.383 E1116.89105
G1 X-19.998 Y-16.177 Z28.39 E1117.48223
G1 X-19.173 Y-17.142 Z28.398 E1118.07928
G1 X-18.302 Y-18.065 Z28.406 E1118.6761
G1 X-17.376 Y-18.955 Z28.414 E1119.28009
G1 X-16.421 Y-19.785 Z28.422 E1119.87512
G1 X-15.428 Y-20.566 Z28.429 E1120.46923
G1 X-14.378 Y-21.311 Z28.437 E1121.07468
G1 X-13.318 Y-21.986 Z28.445 E1121.66566
G1 X-12.213 Y-22.616 Z28.453 E1122.26384
G1 X-11.062 Y-23.197 Z28.461 E1122.87017
G1 X-9.912 Y-23.711 Z28.469 E1123.46255
G1 X-8.719 Y-24.172 Z28.477 E1124.06402
G1 X-7.523 Y-24.568 Z28.484 E1124.65649
G1 X-6.29 Y-24.91 Z28.492 E1125.25823
G1 X-5.064 Y-25.185 Z28.5 E1125.84911
;TIME_ELAPSED:239.603836
;LAYER:28
;note -- min layer time used
;TYPE:WALL-OUTER
;MESH:step-vase.stl
G1 F1968.7 X-3.8 Y-25.415 Z28.508 E1126.45329
G1 X-2.535 Y-25.578 Z28.516 E1127.05311
G1 X-1.278 Y-25.679 Z28.523 E1127.64614
G1 X0.00 Y-25.717 Z28.531 E1128.24742
G1 X1.279 Y-25.692 Z28.539 E1128.84901
G1 X2.538 Y-25.604 Z28.547 E1129.44253
G1 X3.805 Y-25.454 Z28.554 E1130.04253
G1 X5.074 Y-25.238 Z28.562 E1130.64789
G1 X6.304 Y-24.966 Z28.57 E1131.2403
G1 X7.542 Y-24.628 Z28.578 E1131.8438
G1 X8.742 Y-24.235 Z28.585 E1132.43762
G1 X9.94 Y-23.777 Z28.593 E1133.04078
G1 X11.095 Y-23.266 Z28.601 E1133.63473
G1 X12.251 Y-22.687 Z28.609 E1134.24274
G1 X13.361 Y-22.059 Z28.617 E1134.8425
G1 X14.429 Y-21.385 Z28.624 E1135.4364
G1 X15.482 Y-20.642 Z28.632 E1136.04246
G1 X16.485 Y-19.861 Z28.64 E1136.64028
G1 X17.446 Y-19.031 Z28.648 E1137.23743
G1 X18.377 Y-18.142 Z28.655 E1137.8428
G1 X19.256 Y-17.217 Z28.663 E1138.44289
G1 X20.089 Y-16.25 Z28.671 E1139.04311
G1 X20.866 Y-15.248 Z28.679 E1139.63939
G1 X21.613 Y-14.183 Z28.687 E1140.25115
G1 X22.289 Y-13.109 Z28.694 E1140.84794
G1 X22.913 Y-11.999 Z28.702 E1141.44678
G1 X23.49 Y-10.841 Z28.71 E1142.05521
G1 X23.993 Y-9.696 Z28.718 E1142.64334
G1 X24.46 Y-8.47 Z28.726 E1143.26031
G1 X24.85 Y-7.268 Z28.733 E1143.85458
G1 X25.188 Y-6.022 Z28.741 E1144.46172
G1 X25.459 Y-4.783 Z28.749 E1145.05816
G1 X25.673 Y-3.506 Z28.757 E1145.66708
G1 X25.823 Y-2.23 Z28.765 E1146.27128
G1 X25.907 Y-.963 Z28.772 E1146.86842
G1 X25.931 Y0.328 Z28.78 E1147.47564
G1 X25.889 Y1.617 Z28.788 E1148.08215
G1 X25.785 Y2.883 Z28.796 E1148.67952
G1 X25.617 Y4.165 Z28.804 E1149.28756
G1 X25.389 Y5.412 Z28.812 E1149.88372
G1 X25.094 Y6.673 Z28.819 E1150.49274
G1 X24.738 Y7.914 Z28.827 E1151.09989
G1 X24.325 Y9.125 Z28.835 E1151.7016
G1 X23.851 Y10.317 Z28.843 E1152.30485
G1 X23.317 Y11.487 Z28.851 E1152.90967
G1 X22.722 Y12.639 Z28.859 E1153.51942
G1 X22.079 Y13.744 Z28.866 E1154.12065
G1 X21.381 Y14.817 Z28.874 E1154.72262
G1 X20.621 Y15.87 Z28.882 E1155.33333
G1 X19.822 Y16.868 Z28.89 E1155.93454
G1 X18.978 Y17.821 Z28.898 E1156.5332
G1 X18.059 Y18.76 Z28.906 E1157.15108
G1 X17.118 Y19.632 Z28.914 E1157.7544
G1 X16.132 Y20.459 Z28.921 E1158.3596
G1 X15.109 Y21.235 Z28.929 E1158.96344
G1 X14.044 Y21.961 Z28.937 E1159.56958
G1 X12.939 Y22.637 Z28.945 E1160.17876
G1 X11.814 Y23.251 Z28.953 E1160.78148
G1 X10.647 Y23.816 Z28.961 E1161.39123
G1 X9.466 Y24.317 Z28.968 E1161.99453
G1 X8.246 Y24.764 Z28.976 E1162.60556
G1 X7.013 Y25.148 Z28.984 E1163.21287
G1 X5.77 Y25.468 Z28.992 E1163.81648
G1 X4.501 Y25.729 Z29 E1164.42575
G1 X3.227 Y25.926 Z29.008 E1165.032
G1 X1.929 Y26.062 Z29.016 E1165.64575
G1 X0.651 Y26.132 Z29.024 E1166.24766
G1 X-.651 Y26.139 Z29.032 E1166.85997
G1 X-1.93 Y26.082 Z29.039 E1167.46204
G1 X-3.231 Y25.959 Z29.047 E1168.07659
G1 X-4.51 Y25.774 Z29.055 E1168.68433
G1 X-5.783 Y25.526 Z29.063 E1169.29425
G1 X-7.031 Y25.217 Z29.071 E1169.89887
G1 X-8.273 Y24.845 Z29.079 E1170.50858
G1 X-9.503 Y24.408 Z29.087 E1171.12244
G1 X-10.691 Y23.918 Z29.095 E1171.72678
G1 X-11.871 Y23.362 Z29.103 E1172.34022
G1 X-13.007 Y22.757 Z29.11 E1172.94549
G1 X-14.126 Y22.087 Z29.118 E1173.55884
G1 X-15.205 Y21.368 Z29.126 E1174.1686
G1 X-16.24 Y20.6 Z29.134 E1174.7747
G1 X-17.24 Y19.778 Z29.142 E1175.38345
G1 X-18.203 Y18.904 Z29.15 E1175.99503
G1 X-19.138 Y17.968 Z29.158 E1176.6172
G1 X-19.995 Y17.02 Z29.166 E1177.21819
G1 X-20.814 Y16.018 Z29.174 E1177.82678
G1 X-21.592 Y14.963 Z29.182 E1178.44324
G1 X-22.305 Y13.89 Z29.19 E1179.04908
G1 X-22.972 Y12.77 Z29.197 E1179.66211
G1 X-23.584 Y11.615 Z29.205 E1180.27682
G1 X-24.131 Y10.445 Z29.213 E1180.8842
G1 X-24.627 Y9.235 Z29.221 E1181.49918
G1 X-25.057 Y8.016 Z29.229 E1182.10707
G1 X-25.43 Y6.764 Z29.237 E1182.72142
G1 X-25.743 Y5.485 Z29.245 E1183.34065
G1 X-25.985 Y4.226 Z29.253 E1183.94356
G1 X-26.171 Y2.924 Z29.261 E1184.56207
G1 X-26.288 Y1.643 Z29.269 E1185.167
G1 X-26.344 Y0.333 Z29.277 E1185.78362
G1 X-26.333 Y-.979 Z29.285 E1186.40064
G1 X-26.261 Y-2.267 Z29.293 E1187.0073
G1 X-26.122 Y-3.571 Z29.301 E1187.62401
G1 X-25.918 Y-4.868 Z29.309 E1188.24145
G1 X-25.655 Y-6.134 Z29.317 E1188.84953
G1 X-25.323 Y-7.406 Z29.325 E1189.46775
G1 X-24.938 Y-8.635 Z29.332 E1190.07341
G1 X-24.474 Y-9.891 Z29.341 E1190.70309
G1 X-23.973 Y-11.064 Z29.348 E1191.30293
G1 X-23.4 Y-12.241 Z29.356 E1191.91855
G1 X-22.764 Y-13.402 Z29.364 E1192.54109
G1 X-22.086 Y-14.504 Z29.372 E1193.14956
G1 X-21.349 Y-15.58 Z29.38 E1193.76289
G1 X-20.554 Y-16.623 Z29.388 E1194.37962
G1 X-19.711 Y-17.624 Z29.396 E1194.99506
G1 X-18.813 Y-18.589 Z29.404 E1195.61497
G1 X-17.876 Y-19.501 Z29.412 E1196.22988
G1 X-16.906 Y-20.355 Z29.42 E1196.83765
G1 X-15.873 Y-21.178 Z29.428 E1197.45877
G1 X-14.814 Y-21.941 Z29.436 E1198.07258
G1 X-13.711 Y-22.653 Z29.444 E1198.68998
G1 X-12.584 Y-23.306 Z29.452 E1199.30251
G1 X-11.404 Y-23.912 Z29.46 E1199.92634
G1 X-10.22 Y-24.45 Z29.468 E1200.53793
G1 X-8.989 Y-24.936 Z29.476 E1201.16031
G1 X-7.769 Y-25.348 Z29.484 E1201.76588
G1 X-6.491 Y-25.712 Z29.492 E1202.39079
G1 X-5.227 Y-26.004 Z29.5 E1203.00087
;TIME_ELAPSED:244.612070
;LAYER:29
;note -- min layer time used
;TYPE:WALL-OUTER
;MESH:step-vase.stl
G1 F2030.7 X-3.905 Y-26.243 Z29.508 E1203.63265
G1 X-2.632 Y-26.409 Z29.516 E1204.23637
G1 X-1.323 Y-26.512 Z29.523 E1204.85386
G1 X0.00 Y-26.552 Z29.531 E1205.47632
G1 X1.324 Y-26.525 Z29.539 E1206.09909
G1 X2.634 Y-26.434 Z29.547 E1206.71663
G1 X3.912 Y-26.281 Z29.554 E1207.32193
G1 X5.237 Y-26.055 Z29.562 E1207.95404
G1 X6.507 Y-25.775 Z29.57 E1208.56563
G1 X7.792 Y-25.423 Z29.578 E1209.19219
G1 X9.019 Y-25.021 Z29.585 E1209.79939
G1 X10.26 Y-24.545 Z29.593 E1210.42446
G1 X11.456 Y-24.017 Z29.601 E1211.03927
G1 X12.646 Y-23.42 Z29.609 E1211.66537
G1 X13.783 Y-22.776 Z29.617 E1212.27989
G1 X14.902 Y-22.069 Z29.624 E1212.90235
G1 X15.974 Y-21.314 Z29.632 E1213.51897
G1 X17.023 Y-20.494 Z29.64 E1214.14512
G1 X18.008 Y-19.644 Z29.648 E1214.75697
G1 X18.959 Y-18.735 Z29.655 E1215.37563
G1 X19.875 Y-17.771 Z29.663 E1216.001
G1 X20.736 Y-16.769 Z29.671 E1216.62228
G1 X21.549 Y-15.723 Z29.679 E1217.24529
G1 X22.301 Y-14.648 Z29.687 E1217.86225
G1 X22.999 Y-13.54 Z29.694 E1218.47809
G1 X23.653 Y-12.373 Z29.702 E1219.1072
G1 X24.242 Y-11.191 Z29.71 E1219.72825
G1 X24.767 Y-9.995 Z29.718 E1220.3425
G1 X25.242 Y-8.745 Z29.726 E1220.97135
G1 X25.648 Y-7.497 Z29.734 E1221.58853
G1 X25.995 Y-6.218 Z29.741 E1222.21175
G1 X26.274 Y-4.936 Z29.749 E1222.82875
G1 X26.494 Y-3.622 Z29.757 E1223.45529
G1 X26.648 Y-2.301 Z29.765 E1224.08073
G1 X26.734 Y-.994 Z29.773 E1224.6967
G1 X26.758 Y0.338 Z29.78 E1225.3232
G1 X26.714 Y1.67 Z29.788 E1225.94995
G1 X26.609 Y2.972 Z29.796 E1226.56423
G1 X26.433 Y4.297 Z29.804 E1227.19281
G1 X26.198 Y5.584 Z29.812 E1227.80806
G1 X25.892 Y6.889 Z29.82 E1228.43841
G1 X25.527 Y8.164 Z29.827 E1229.06209
G1 X25.1 Y9.412 Z29.835 E1229.6824
G1 X24.607 Y10.65 Z29.843 E1230.30906
G1 X24.06 Y11.849 Z29.851 E1230.92882
G1 X23.447 Y13.033 Z29.859 E1231.55582
G1 X22.776 Y14.186 Z29.867 E1232.18318
G1 X22.06 Y15.287 Z29.874 E1232.80081
G1 X21.275 Y16.373 Z29.882 E1233.43098
G1 X20.449 Y17.405 Z29.89 E1234.05261
G1 X19.577 Y18.389 Z29.898 E1234.67091
G1 X18.638 Y19.348 Z29.906 E1235.30209
G1 X17.658 Y20.255 Z29.914 E1235.93005
G1 X16.638 Y21.111 Z29.922 E1236.55626
G1 X15.594 Y21.901 Z29.929 E1237.17195
G1 X14.487 Y22.656 Z29.937 E1237.80209
G1 X13.348 Y23.352 Z29.945 E1238.42982
G1 X12.188 Y23.986 Z29.953 E1239.0515
G1 X10.982 Y24.568 Z29.961 E1239.68123
G1 X9.765 Y25.084 Z29.969 E1240.30287
G1 X8.509 Y25.544 Z29.977 E1240.9319
G1 X7.229 Y25.942 Z29.985 E1241.56228
G1 X5.954 Y26.27 Z29.992 E1242.1814
G1 X4.64 Y26.54 Z30 E1242.81224
G1 X3.331 Y26.742 Z30.008 E1243.43512
G1 X1.99 Y26.881 Z30.016 E1244.06913
G1 X0.67 Y26.954 Z30.024 E1244.69084
G1 X-.67 Y26.96 Z30.032 E1245.32101
G1 X-1.992 Y26.9 Z30.04 E1245.94335
G1 X-3.336 Y26.774 Z30.048 E1246.57817
G1 X-4.646 Y26.584 Z30.055 E1247.20067
G1 X-5.967 Y26.326 Z30.063 E1247.83364
G1 X-7.248 Y26.009 Z30.071 E1248.45423
G1 X-8.535 Y25.623 Z30.079 E1249.0861
G1 X-9.799 Y25.173 Z30.087 E1249.71707
G1 X-11.027 Y24.666 Z30.095 E1250.34185
G1 X-12.241 Y24.094 Z30.103 E1250.97296
G1 X-13.414 Y23.469 Z30.111 E1251.59801
G1 X-14.564 Y22.781 Z30.119 E1252.22821
G1 X-15.688 Y22.03 Z30.127 E1252.86393
G1 X-16.744 Y21.246 Z30.134 E1253.48244
G1 X-17.782 Y20.392 Z30.142 E1254.11456
G1 X-18.775 Y19.491 Z30.15 E1254.74512
G1 X-19.725 Y18.539 Z30.158 E1255.37759
G1 X-20.621 Y17.546 Z30.166 E1256.00658
G1 X-21.462 Y16.516 Z30.174 E1256.63191
G1 X-22.265 Y15.429 Z30.182 E1257.26745
G1 X-23 Y14.322 Z30.19 E1257.89235
G1 X-23.685 Y13.17 Z30.198 E1258.52264
G1 X-24.316 Y11.978 Z30.206 E1259.1569
G1 X-24.884 Y10.763 Z30.214 E1259.78764
G1 X-25.391 Y9.524 Z30.221 E1260.4172
G1 X-25.837 Y8.261 Z30.229 E1261.04709
G1 X-26.219 Y6.976 Z30.237 E1261.67753
G1 X-26.54 Y5.66 Z30.245 E1262.31455
G1 X-26.792 Y4.354 Z30.253 E1262.94006
G1 X-26.982 Y3.014 Z30.261 E1263.57653
G1 X-27.102 Y1.694 Z30.269 E1264.19985
G1 X-27.16 Y0.343 Z30.277 E1264.83577
G1 X-27.148 Y-1.009 Z30.285 E1265.4716
G1 X-27.073 Y-2.339 Z30.293 E1266.09806
G1 X-26.93 Y-3.679 Z30.301 E1266.7318
G1 X-26.718 Y-5.023 Z30.309 E1267.37166
G1 X-26.446 Y-6.332 Z30.317 E1268.0004
G1 X-26.109 Y-7.623 Z30.325 E1268.62786
G1 X-25.702 Y-8.917 Z30.333 E1269.26579
G1 X-25.239 Y-10.171 Z30.341 E1269.89442
G1 X-24.708 Y-11.414 Z30.349 E1270.53007
G1 X-24.12 Y-12.623 Z30.356 E1271.16231
G1 X-23.47 Y-13.806 Z30.364 E1271.79708
G1 X-22.761 Y-14.956 Z30.372 E1272.43242
G1 X-22.007 Y-16.057 Z30.38 E1273.05997
G1 X-21.186 Y-17.134 Z30.388 E1273.69683
G1 X-20.316 Y-18.167 Z30.396 E1274.33195
G1 X-19.391 Y-19.16 Z30.404 E1274.97015
G1 X-18.426 Y-20.099 Z30.412 E1275.60335
G1 X-17.426 Y-20.979 Z30.42 E1276.22979
G1 X-16.36 Y-21.829 Z30.428 E1276.87096
G1 X-15.269 Y-22.614 Z30.436 E1277.50303
G1 X-14.122 Y-23.355 Z30.444 E1278.14521
G1 X-12.97 Y-24.02 Z30.452 E1278.77074
G1 X-11.771 Y-24.637 Z30.46 E1279.40488
G1 X-10.53 Y-25.198 Z30.468 E1280.04535
G1 X-9.257 Y-25.701 Z30.476 E1280.68904
G1 X-8.011 Y-26.122 Z30.484 E1281.30755
G1 X-6.685 Y-26.499 Z30.492 E1281.95584
G1 X-5.386 Y-26.799 Z30.5 E1282.5828
;TIME_ELAPSED:249.620556
;LAYER:30
;note -- min layer time used
;TYPE:WALL-OUTER
;MESH:step-vase.stl
G1 F2064.9 X-4.027 Y-27.037 Z30.508 E1283.23163
G1 X-2.709 Y-27.202 Z30.516 E1283.85629
G1 X-1.362 Y-27.303 Z30.524 E1284.49152
G1 X0.00 Y-27.338 Z30.532 E1285.13224
G1 X1.362 Y-27.305 Z30.539 E1285.77294
G1 X2.709 Y-27.206 Z30.547 E1286.4081
G1 X4.027 Y-27.042 Z30.555 E1287.0327
G1 X5.387 Y-26.805 Z30.563 E1287.68191
G1 X6.691 Y-26.512 Z30.571 E1288.31044
G1 X8.008 Y-26.144 Z30.579 E1288.95351
G1 X9.286 Y-25.719 Z30.587 E1289.58688
G1 X10.526 Y-25.237 Z30.594 E1290.21252
G1 X11.796 Y-24.671 Z30.602 E1290.86639
G1 X12.978 Y-24.072 Z30.61 E1291.48956
G1 X14.158 Y-23.399 Z30.618 E1292.12839
G1 X15.304 Y-22.666 Z30.626 E1292.76813
G1 X16.402 Y-21.886 Z30.634 E1293.40152
G1 X17.476 Y-21.039 Z30.642 E1294.04476
G1 X18.483 Y-20.162 Z30.649 E1294.67273
G1 X19.465 Y-19.217 Z30.657 E1295.31364
G1 X20.382 Y-18.241 Z30.665 E1295.94343
G1 X21.275 Y-17.193 Z30.673 E1296.59093
G1 X22.084 Y-16.142 Z30.681 E1297.21466
G1 X22.867 Y-15.015 Z30.689 E1297.86001
G1 X23.582 Y-13.867 Z30.697 E1298.49603
G1 X24.239 Y-12.686 Z30.705 E1299.13158
G1 X24.833 Y-11.481 Z30.712 E1299.76337
G1 X25.378 Y-10.224 Z30.72 E1300.40767
G1 X25.848 Y-8.971 Z30.728 E1301.03701
G1 X26.262 Y-7.679 Z30.736 E1301.67503
G1 X26.612 Y-6.371 Z30.744 E1302.31179
G1 X26.893 Y-5.056 Z30.752 E1302.94416
G1 X27.113 Y-3.704 Z30.76 E1303.58833
G1 X27.265 Y-2.355 Z30.767 E1304.22674
G1 X27.347 Y-1.016 Z30.775 E1304.85761
G1 X27.366 Y0.345 Z30.783 E1305.49772
G1 X27.316 Y1.706 Z30.791 E1306.13819
G1 X27.201 Y3.04 Z30.799 E1306.76786
G1 X27.017 Y4.388 Z30.807 E1307.40766
G1 X26.77 Y5.711 Z30.815 E1308.04058
G1 X26.454 Y7.033 Z30.822 E1308.67979
G1 X26.074 Y8.339 Z30.83 E1309.31944
G1 X25.63 Y9.616 Z30.838 E1309.95524
G1 X25.129 Y10.864 Z30.846 E1310.58767
G1 X24.556 Y12.105 Z30.854 E1311.23048
G1 X23.931 Y13.3 Z30.862 E1311.86468
G1 X23.249 Y14.463 Z30.87 E1312.49871
G1 X22.492 Y15.612 Z30.878 E1313.14578
G1 X21.706 Y16.69 Z30.885 E1313.77318
G1 X20.857 Y17.741 Z30.893 E1314.40855
G1 X19.947 Y18.76 Z30.901 E1315.05103
G1 X18.997 Y19.723 Z30.909 E1315.68718
G1 X18.012 Y20.627 Z30.917 E1316.31591
G1 X16.941 Y21.517 Z30.925 E1316.97078
G1 X15.882 Y22.312 Z30.933 E1317.59351
G1 X14.765 Y23.066 Z30.94 E1318.22728
G1 X13.584 Y23.783 Z30.949 E1318.87701
G1 X12.407 Y24.418 Z30.956 E1319.50594
G1 X11.176 Y25.006 Z30.964 E1320.1475
G1 X9.934 Y25.526 Z30.972 E1320.7807
G1 X8.653 Y25.989 Z30.98 E1321.42126
G1 X7.359 Y26.386 Z30.988 E1322.05779
G1 X6.057 Y26.716 Z30.996 E1322.68944
G1 X4.706 Y26.987 Z31.004 E1323.33744
G1 X3.396 Y27.184 Z31.011 E1323.96042
G1 X2.022 Y27.32 Z31.019 E1324.60973
G1 X0.681 Y27.388 Z31.027 E1325.24117
G1 X-.681 Y27.389 Z31.035 E1325.88168
G1 X-2.022 Y27.323 Z31.043 E1326.51308
G1 X-3.397 Y27.188 Z31.051 E1327.16282
G1 X-4.706 Y26.993 Z31.059 E1327.78519
G1 X-6.058 Y26.723 Z31.067 E1328.43356
G1 X-7.365 Y26.393 Z31.074 E1329.06749
G1 X-8.656 Y25.999 Z31.082 E1329.70226
G1 X-9.938 Y25.537 Z31.09 E1330.3431
G1 X-11.18 Y25.019 Z31.098 E1330.97594
G1 X-12.415 Y24.431 Z31.106 E1331.61919
G1 X-13.591 Y23.797 Z31.114 E1332.24748
G1 X-14.775 Y23.081 Z31.122 E1332.89818
G1 X-15.892 Y22.329 Z31.13 E1333.53142
G1 X-16.953 Y21.534 Z31.137 E1334.15491
G1 X-18.027 Y20.644 Z31.145 E1334.81086
G1 X-19.014 Y19.74 Z31.153 E1335.44029
G1 X-19.966 Y18.778 Z31.161 E1336.07676
G1 X-20.878 Y17.759 Z31.169 E1336.71987
G1 X-21.729 Y16.708 Z31.177 E1337.35583
G1 X-22.516 Y15.631 Z31.185 E1337.98313
G1 X-23.276 Y14.479 Z31.193 E1338.63216
G1 X-23.96 Y13.316 Z31.2 E1339.26666
G1 X-24.586 Y12.122 Z31.208 E1339.90066
G1 X-25.162 Y10.879 Z31.216 E1340.54492
G1 X-25.666 Y9.629 Z31.224 E1341.17874
G1 X-26.111 Y8.352 Z31.232 E1341.8147
G1 X-26.494 Y7.044 Z31.24 E1342.45564
G1 X-26.812 Y5.72 Z31.248 E1343.09599
G1 X-27.061 Y4.395 Z31.256 E1343.73001
G1 X-27.246 Y3.046 Z31.264 E1344.37034
G1 X-27.363 Y1.708 Z31.271 E1345.00196
G1 X-27.415 Y0.346 Z31.279 E1345.64294
G1 X-27.398 Y-1.019 Z31.287 E1346.28491
G1 X-27.317 Y-2.358 Z31.295 E1346.91576
G1 X-27.166 Y-3.715 Z31.303 E1347.55786
G1 X-26.948 Y-5.06 Z31.311 E1348.19863
G1 X-26.669 Y-6.376 Z31.319 E1348.83126
G1 X-26.318 Y-7.697 Z31.327 E1349.47404
G1 X-25.905 Y-8.991 Z31.335 E1350.11282
G1 X-25.436 Y-10.247 Z31.342 E1350.74331
G1 X-24.891 Y-11.509 Z31.35 E1351.38977
G1 X-24.297 Y-12.716 Z31.358 E1352.02241
G1 X-23.642 Y-13.896 Z31.366 E1352.65709
G1 X-22.925 Y-15.05 Z31.374 E1353.296
G1 X-22.141 Y-16.184 Z31.382 E1353.94433
G1 X-21.331 Y-17.236 Z31.39 E1354.56871
G1 X-20.436 Y-18.291 Z31.398 E1355.21933
G1 X-19.519 Y-19.267 Z31.405 E1355.84912
G1 X-18.534 Y-20.217 Z31.413 E1356.49267
G1 X-17.525 Y-21.098 Z31.421 E1357.1226
G1 X-16.449 Y-21.949 Z31.429 E1357.76774
G1 X-15.349 Y-22.733 Z31.437 E1358.40299
G1 X-14.202 Y-23.466 Z31.445 E1359.04313
G1 X-13.017 Y-24.146 Z31.453 E1359.68563
G1 X-11.834 Y-24.747 Z31.461 E1360.30964
G1 X-10.559 Y-25.317 Z31.469 E1360.96643
G1 X-9.319 Y-25.802 Z31.476 E1361.59258
G1 X-8.033 Y-26.23 Z31.484 E1362.22997
G1 X-6.716 Y-26.599 Z31.492 E1362.87317
G1 X-5.406 Y-26.896 Z31.5 E1363.50486
;TIME_ELAPSED:254.628629
;LAYER:31
;note -- min layer time used
;TYPE:WALL-OUTER
;MESH:step-vase.stl
G1 F2072.4 X-4.039 Y-27.137 Z31.508 E1364.15763
G1 X-2.721 Y-27.302 Z31.516 E1364.78229
G1 X-1.367 Y-27.402 Z31.524 E1365.42077
G1 X0.00 Y-27.437 Z31.532 E1366.06384
G1 X1.366 Y-27.405 Z31.539 E1366.70641
G1 X2.721 Y-27.305 Z31.547 E1367.34536
G1 X4.041 Y-27.141 Z31.555 E1367.97089
G1 X5.406 Y-26.903 Z31.563 E1368.6225
G1 X6.718 Y-26.607 Z31.571 E1369.255
G1 X8.035 Y-26.239 Z31.579 E1369.89808
G1 X9.308 Y-25.817 Z31.586 E1370.52877
G1 X10.579 Y-25.323 Z31.594 E1371.17004
G1 X11.833 Y-24.762 Z31.602 E1371.81609
G1 X13.03 Y-24.156 Z31.61 E1372.44703
G1 X14.211 Y-23.481 Z31.618 E1373.08674
G1 X15.367 Y-22.743 Z31.626 E1373.73171
G1 X16.454 Y-21.971 Z31.634 E1374.3587
G1 X17.53 Y-21.122 Z31.642 E1375.00326
G1 X18.556 Y-20.228 Z31.649 E1375.64323
G1 X19.526 Y-19.295 Z31.657 E1376.27616
G1 X20.473 Y-18.289 Z31.665 E1376.92589
G1 X21.334 Y-17.277 Z31.673 E1377.55074
G1 X22.182 Y-16.176 Z31.681 E1378.20429
G1 X22.943 Y-15.08 Z31.689 E1378.83177
G1 X23.663 Y-13.925 Z31.697 E1379.47182
G1 X24.327 Y-12.733 Z31.704 E1380.11349
G1 X24.929 Y-11.509 Z31.712 E1380.75496
G1 X25.47 Y-10.261 Z31.72 E1381.39463
G1 X25.942 Y-9.003 Z31.728 E1382.0265
G1 X26.357 Y-7.707 Z31.736 E1382.66646
G1 X26.708 Y-6.39 Z31.744 E1383.30743
G1 X26.991 Y-5.068 Z31.752 E1383.94321
G1 X27.21 Y-3.721 Z31.76 E1384.58498
G1 X27.363 Y-2.362 Z31.767 E1385.22812
G1 X27.446 Y-1.021 Z31.775 E1385.85996
G1 X27.465 Y0.347 Z31.783 E1386.50335
G1 X27.415 Y1.71 Z31.791 E1387.14477
G1 X27.298 Y3.053 Z31.799 E1387.77873
G1 X27.115 Y4.403 Z31.807 E1388.41941
G1 X26.868 Y5.728 Z31.815 E1389.05325
G1 X26.548 Y7.067 Z31.823 E1389.70068
G1 X26.168 Y8.367 Z31.83 E1390.33761
G1 X25.726 Y9.645 Z31.838 E1390.97355
G1 X25.218 Y10.906 Z31.846 E1391.61288
G1 X24.644 Y12.151 Z31.854 E1392.25759
G1 X24.018 Y13.347 Z31.862 E1392.89243
G1 X23.328 Y14.521 Z31.87 E1393.53282
G1 X22.585 Y15.652 Z31.878 E1394.1692
G1 X21.785 Y16.75 Z31.885 E1394.80808
G1 X20.933 Y17.805 Z31.893 E1395.4458
G1 X20.011 Y18.836 Z31.901 E1396.09625
G1 X19.066 Y19.794 Z31.909 E1396.72907
G1 X18.075 Y20.705 Z31.917 E1397.36211
G1 X17.02 Y21.58 Z31.925 E1398.00668
G1 X15.929 Y22.4 Z31.933 E1398.64851
G1 X14.812 Y23.154 Z31.941 E1399.28228
G1 X13.641 Y23.865 Z31.948 E1399.92653
G1 X12.456 Y24.505 Z31.956 E1400.55988
G1 X11.221 Y25.095 Z31.964 E1401.20354
G1 X9.969 Y25.619 Z31.972 E1401.84181
G1 X8.677 Y26.087 Z31.98 E1402.48803
G1 X7.41 Y26.474 Z31.988 E1403.11104
G1 X6.066 Y26.815 Z31.996 E1403.76311
G1 X4.722 Y27.085 Z32.004 E1404.40779
G1 X3.408 Y27.282 Z32.011 E1405.03263
G1 X2.029 Y27.419 Z32.019 E1405.68433
G1 X0.683 Y27.487 Z32.027 E1406.31812
G1 X-.683 Y27.488 Z32.035 E1406.96051
G1 X-2.029 Y27.422 Z32.043 E1407.59426
G1 X-3.408 Y27.286 Z32.051 E1408.24591
G1 X-4.723 Y27.09 Z32.059 E1408.87115
G1 X-6.067 Y26.822 Z32.067 E1409.51564
G1 X-7.412 Y26.483 Z32.075 E1410.16793
G1 X-8.674 Y26.098 Z32.082 E1410.78842
G1 X-9.973 Y25.63 Z32.09 E1411.43774
G1 X-11.226 Y25.107 Z32.098 E1412.07626
G1 X-12.463 Y24.518 Z32.106 E1412.72057
G1 X-13.649 Y23.879 Z32.114 E1413.35411
G1 X-14.821 Y23.17 Z32.122 E1413.99827
G1 X-15.939 Y22.417 Z32.13 E1414.63217
G1 X-17.033 Y21.597 Z32.137 E1415.27512
G1 X-18.088 Y20.724 Z32.145 E1415.9191
G1 X-19.083 Y19.811 Z32.153 E1416.55416
G1 X-20.029 Y18.855 Z32.161 E1417.18664
G1 X-20.954 Y17.823 Z32.169 E1417.83838
G1 X-21.809 Y16.767 Z32.177 E1418.47735
G1 X-22.611 Y15.67 Z32.185 E1419.11641
G1 X-23.355 Y14.539 Z32.193 E1419.75305
G1 X-24.047 Y13.364 Z32.2 E1420.39432
G1 X-24.675 Y12.167 Z32.208 E1421.03001
G1 X-25.251 Y10.923 Z32.216 E1421.67469
G1 X-25.762 Y9.659 Z32.224 E1422.31586
G1 X-26.206 Y8.379 Z32.232 E1422.95299
G1 X-26.587 Y7.079 Z32.24 E1423.59006
G1 X-26.909 Y5.737 Z32.248 E1424.23908
G1 X-27.159 Y4.41 Z32.256 E1424.8741
G1 X-27.344 Y3.058 Z32.264 E1425.51584
G1 X-27.462 Y1.712 Z32.271 E1426.15125
G1 X-27.514 Y0.348 Z32.279 E1426.79317
G1 X-27.497 Y-1.022 Z32.287 E1427.43749
G1 X-27.415 Y-2.369 Z32.295 E1428.07212
G1 X-27.264 Y-3.727 Z32.303 E1428.71468
G1 X-27.046 Y-5.078 Z32.311 E1429.35824
G1 X-26.764 Y-6.404 Z32.319 E1429.99576
G1 X-26.415 Y-7.72 Z32.327 E1430.63604
G1 X-25.999 Y-9.023 Z32.334 E1431.27927
G1 X-25.528 Y-10.284 Z32.342 E1431.9123
G1 X-24.988 Y-11.534 Z32.35 E1432.55265
G1 X-24.383 Y-12.763 Z32.358 E1433.19684
G1 X-23.72 Y-13.96 Z32.366 E1433.84034
G1 X-23 Y-15.119 Z32.374 E1434.482
G1 X-22.239 Y-16.215 Z32.382 E1435.10948
G1 X-21.39 Y-17.324 Z32.39 E1435.76629
G1 X-20.529 Y-18.335 Z32.397 E1436.39078
G1 X-19.578 Y-19.348 Z32.405 E1437.0442
G1 X-18.61 Y-20.282 Z32.413 E1437.67678
G1 X-17.579 Y-21.183 Z32.421 E1438.32069
G1 X-16.5 Y-22.035 Z32.429 E1438.96723
G1 X-15.414 Y-22.808 Z32.437 E1439.59411
G1 X-14.253 Y-23.551 Z32.445 E1440.24233
G1 X-13.072 Y-24.228 Z32.453 E1440.8825
G1 X-11.869 Y-24.84 Z32.461 E1441.51724
G1 X-10.615 Y-25.401 Z32.469 E1442.16328
G1 X-9.336 Y-25.901 Z32.476 E1442.80908
G1 X-8.062 Y-26.326 Z32.484 E1443.44067
G1 X-6.74 Y-26.695 Z32.492 E1444.08613
G1 X-5.423 Y-26.994 Z32.5 E1444.72124
;TIME_ELAPSED:259.636734
;LAYER:32
;note -- min layer time used
;TYPE:WALL-OUTER
;MESH:step-vase.stl
G1 F2088.3 X-4.058 Y-27.235 Z32.508 E1445.37309
G1 X-2.731 Y-27.403 Z32.516 E1446.00212
G1 X-1.369 Y-27.507 Z32.524 E1446.6445
G1 X0.00 Y-27.543 Z32.531 E1447.28852
G1 X1.37 Y-27.512 Z32.539 E1447.93296
G1 X2.724 Y-27.414 Z32.547 E1448.57137
G1 X4.069 Y-27.248 Z32.555 E1449.20869
G1 X5.427 Y-27.014 Z32.563 E1449.85673
G1 X6.745 Y-26.718 Z32.571 E1450.49199
G1 X8.072 Y-26.351 Z32.578 E1451.13946
G1 X9.347 Y-25.929 Z32.586 E1451.77105
G1 X10.629 Y-25.432 Z32.594 E1452.41765
G1 X11.882 Y-24.875 Z32.602 E1453.0625
G1 X13.089 Y-24.265 Z32.61 E1453.69849
G1 X14.276 Y-23.588 Z32.618 E1454.34112
G1 X15.441 Y-22.847 Z32.625 E1454.99041
G1 X16.536 Y-22.071 Z32.633 E1455.62156
G1 X17.613 Y-21.224 Z32.641 E1456.26591
G1 X18.646 Y-20.326 Z32.649 E1456.90959
G1 X19.62 Y-19.39 Z32.657 E1457.54486
G1 X20.577 Y-18.377 Z32.665 E1458.20021
G1 X21.441 Y-17.366 Z32.672 E1458.82562
G1 X22.296 Y-16.256 Z32.68 E1459.48453
G1 X23.061 Y-15.159 Z32.688 E1460.11347
G1 X23.79 Y-13.991 Z32.696 E1460.76095
G1 X24.448 Y-12.811 Z32.704 E1461.39632
G1 X25.063 Y-11.569 Z32.712 E1462.04808
G1 X25.608 Y-10.316 Z32.72 E1462.69066
G1 X26.084 Y-9.053 Z32.727 E1463.32539
G1 X26.505 Y-7.746 Z32.735 E1463.97114
G1 X26.857 Y-6.427 Z32.743 E1464.61313
G1 X27.144 Y-5.095 Z32.751 E1465.25391
G1 X27.366 Y-3.74 Z32.759 E1465.89962
G1 X27.521 Y-2.379 Z32.767 E1466.5438
G1 X27.607 Y-1.025 Z32.774 E1467.18183
G1 X27.627 Y0.349 Z32.782 E1467.82805
G1 X27.578 Y1.719 Z32.79 E1468.47274
G1 X27.463 Y3.073 Z32.798 E1469.11178
G1 X27.281 Y4.429 Z32.806 E1469.75518
G1 X27.033 Y5.762 Z32.814 E1470.39281
G1 X26.712 Y7.112 Z32.822 E1471.04538
G1 X26.333 Y8.418 Z32.829 E1471.68489
G1 X25.89 Y9.705 Z32.837 E1472.32498
G1 X25.377 Y10.983 Z32.845 E1472.9726
G1 X24.808 Y12.22 Z32.853 E1473.61292
G1 X24.175 Y13.434 Z32.861 E1474.25678
G1 X23.482 Y14.616 Z32.869 E1474.90113
G1 X22.733 Y15.761 Z32.877 E1475.54457
G1 X21.928 Y16.867 Z32.884 E1476.18787
G1 X21.075 Y17.927 Z32.892 E1476.82772
G1 X20.155 Y18.958 Z32.9 E1477.47754
G1 X19.199 Y19.931 Z32.908 E1478.11902
G1 X18.196 Y20.854 Z32.916 E1478.76003
G1 X17.14 Y21.731 Z32.924 E1479.40556
G1 X16.041 Y22.56 Z32.932 E1480.05294
G1 X14.914 Y23.324 Z32.94 E1480.69324
G1 X13.748 Y24.032 Z32.947 E1481.33475
G1 X12.543 Y24.685 Z32.955 E1481.97928
G1 X11.301 Y25.281 Z32.963 E1482.62713
G1 X10.043 Y25.809 Z32.971 E1483.26873
G1 X8.741 Y26.282 Z32.979 E1483.92017
G1 X7.446 Y26.68 Z32.987 E1484.55729
G1 X6.127 Y27.015 Z32.995 E1485.19727
G1 X4.766 Y27.291 Z33.003 E1485.85034
G1 X3.426 Y27.493 Z33.01 E1486.48762
G1 X2.044 Y27.633 Z33.018 E1487.14086
G1 X0.689 Y27.703 Z33.026 E1487.77893
G1 X-.689 Y27.706 Z33.034 E1488.42697
G1 X-2.044 Y27.641 Z33.042 E1489.06492
G1 X-3.425 Y27.506 Z33.05 E1489.71746
G1 X-4.774 Y27.308 Z33.058 E1490.35865
G1 X-6.132 Y27.038 Z33.066 E1491.00978
G1 X-7.452 Y26.707 Z33.073 E1491.64976
G1 X-8.755 Y26.312 Z33.081 E1492.29006
G1 X-10.057 Y25.845 Z33.089 E1492.94055
G1 X-11.317 Y25.32 Z33.097 E1493.58247
G1 X-12.562 Y24.729 Z33.105 E1494.23058
G1 X-13.777 Y24.077 Z33.113 E1494.87903
G1 X-14.944 Y23.374 Z33.121 E1495.51972
G1 X-16.077 Y22.611 Z33.129 E1496.1621
G1 X-17.182 Y21.785 Z33.136 E1496.81088
G1 X-18.244 Y20.909 Z33.144 E1497.45829
G1 X-19.253 Y19.987 Z33.152 E1498.10106
G1 X-20.217 Y19.015 Z33.16 E1498.74485
G1 X-21.142 Y17.985 Z33.168 E1499.39589
G1 X-21.999 Y16.928 Z33.176 E1500.03582
G1 X-22.812 Y15.819 Z33.184 E1500.68248
G1 X-23.571 Y14.669 Z33.192 E1501.33047
G1 X-24.27 Y13.486 Z33.2 E1501.97666
G1 X-24.91 Y12.27 Z33.208 E1502.62287
G1 X-25.484 Y11.033 Z33.215 E1503.26418
G1 X-26.005 Y9.748 Z33.223 E1503.91626
G1 X-26.456 Y8.457 Z33.231 E1504.55936
G1 X-26.841 Y7.146 Z33.239 E1505.20192
G1 X-27.169 Y5.791 Z33.247 E1505.85754
G1 X-27.423 Y4.452 Z33.255 E1506.49846
G1 X-27.611 Y3.091 Z33.263 E1507.14458
G1 X-27.732 Y1.729 Z33.271 E1507.78761
G1 X-27.786 Y0.35 Z33.279 E1508.43662
G1 X-27.771 Y-1.031 Z33.286 E1509.0861
G1 X-27.689 Y-2.393 Z33.294 E1509.72777
G1 X-27.538 Y-3.764 Z33.302 E1510.37641
G1 X-27.321 Y-5.126 Z33.31 E1511.025
G1 X-27.037 Y-6.469 Z33.318 E1511.67054
G1 X-26.686 Y-7.799 Z33.326 E1512.31742
G1 X-26.265 Y-9.121 Z33.334 E1512.96988
G1 X-25.792 Y-10.391 Z33.342 E1513.6072
G1 X-25.248 Y-11.656 Z33.35 E1514.25477
G1 X-24.632 Y-12.913 Z33.358 E1514.91307
G1 X-23.979 Y-14.094 Z33.365 E1515.5477
G1 X-23.244 Y-15.28 Z33.373 E1516.20387
G1 X-22.477 Y-16.389 Z33.381 E1516.83798
G1 X-21.62 Y-17.511 Z33.389 E1517.50193
G1 X-20.752 Y-18.534 Z33.397 E1518.13286
G1 X-19.792 Y-19.558 Z33.405 E1518.79295
G1 X-18.808 Y-20.511 Z33.413 E1519.43715
G1 X-17.769 Y-21.419 Z33.421 E1520.08605
G1 X-16.694 Y-22.271 Z33.429 E1520.73112
G1 X-15.586 Y-23.062 Z33.437 E1521.37133
G1 X-14.413 Y-23.815 Z33.445 E1522.02684
G1 X-13.212 Y-24.505 Z33.453 E1522.67822
G1 X-11.995 Y-25.126 Z33.46 E1523.32074
G1 X-10.748 Y-25.687 Z33.468 E1523.96378
G1 X-9.444 Y-26.197 Z33.476 E1524.62225
G1 X-8.164 Y-26.625 Z33.484 E1525.25695
G1 X-6.816 Y-27.005 Z33.492 E1525.91559
G1 X-5.481 Y-27.31 Z33.5 E1526.55958
;TIME_ELAPSED:264.645455
;LAYER:33
;note -- min layer time used
;TYPE:WALL-OUTER
;MESH:step-vase.stl
G1 F2112.6 X-4.122 Y-27.55 Z33.508 E1527.20856
G1 X-2.747 Y-27.723 Z33.516 E1527.86029
G1 X-1.384 Y-27.828 Z33.523 E1528.50316
G1 X0.00 Y-27.864 Z33.531 E1529.15424
G1 X1.385 Y-27.833 Z33.539 E1529.80573
G1 X2.748 Y-27.733 Z33.547 E1530.44843
G1 X4.125 Y-27.565 Z33.555 E1531.1008
G1 X5.486 Y-27.33 Z33.563 E1531.75031
G1 X6.828 Y-27.029 Z33.571 E1532.39709
G1 X8.161 Y-26.659 Z33.578 E1533.04766
G1 X9.457 Y-26.231 Z33.586 E1533.68951
G1 X10.762 Y-25.726 Z33.594 E1534.34757
G1 X12.014 Y-25.168 Z33.602 E1534.99218
G1 X13.237 Y-24.55 Z33.61 E1535.63658
G1 X14.442 Y-23.863 Z33.618 E1536.28888
G1 X15.619 Y-23.114 Z33.625 E1536.94496
G1 X16.736 Y-22.323 Z33.633 E1537.58863
G1 X17.815 Y-21.474 Z33.641 E1538.2343
G1 X18.859 Y-20.569 Z33.649 E1538.88405
G1 X19.856 Y-19.61 Z33.657 E1539.5346
G1 X20.81 Y-18.6 Z33.665 E1540.18796
G1 X21.693 Y-17.566 Z33.672 E1540.8274
G1 X22.539 Y-16.468 Z33.68 E1541.47925
G1 X23.331 Y-15.334 Z33.688 E1542.12973
G1 X24.068 Y-14.154 Z33.696 E1542.78399
G1 X24.741 Y-12.948 Z33.704 E1543.43347
G1 X25.355 Y-11.707 Z33.712 E1544.0846
G1 X25.906 Y-10.437 Z33.72 E1544.73564
G1 X26.387 Y-9.163 Z33.727 E1545.37604
G1 X26.814 Y-7.834 Z33.735 E1546.0325
G1 X27.171 Y-6.502 Z33.743 E1546.68101
G1 X27.462 Y-5.154 Z33.751 E1547.32954
G1 X27.685 Y-3.785 Z33.759 E1547.98182
G1 X27.843 Y-2.405 Z33.767 E1548.63504
G1 X27.929 Y-1.038 Z33.774 E1549.27917
G1 X27.95 Y0.352 Z33.782 E1549.93292
G1 X27.901 Y1.74 Z33.79 E1550.58606
G1 X27.784 Y3.109 Z33.798 E1551.23221
G1 X27.6 Y4.482 Z33.806 E1551.88367
G1 X27.349 Y5.83 Z33.814 E1552.52849
G1 X27.026 Y7.19 Z33.822 E1553.18585
G1 X26.641 Y8.518 Z33.829 E1553.83608
G1 X26.191 Y9.821 Z33.837 E1554.48436
G1 X25.676 Y11.105 Z33.845 E1555.13495
G1 X25.099 Y12.361 Z33.853 E1555.78496
G1 X24.458 Y13.59 Z33.861 E1556.43681
G1 X23.753 Y14.793 Z33.869 E1557.09254
G1 X22.998 Y15.946 Z33.877 E1557.74067
G1 X22.183 Y17.067 Z33.884 E1558.39244
G1 X21.314 Y18.145 Z33.892 E1559.0436
G1 X20.394 Y19.178 Z33.9 E1559.69412
G1 X19.431 Y20.156 Z33.908 E1560.33958
G1 X18.399 Y21.106 Z33.916 E1560.99923
G1 X17.342 Y21.985 Z33.924 E1561.64573
G1 X16.229 Y22.824 Z33.932 E1562.30119
G1 X15.09 Y23.596 Z33.94 E1562.94827
G1 X13.914 Y24.31 Z33.947 E1563.59526
G1 X12.684 Y24.977 Z33.955 E1564.25327
G1 X11.429 Y25.578 Z33.963 E1564.90765
G1 X10.164 Y26.11 Z33.971 E1565.55301
G1 X8.853 Y26.586 Z33.979 E1566.20891
G1 X7.521 Y26.996 Z33.987 E1566.86432
G1 X6.2 Y27.332 Z33.995 E1567.50533
G1 X4.834 Y27.608 Z34.002 E1568.1607
G92 E0
G1 X3.458 Y27.816 Z34.01 E0.65445
G1 X2.067 Y27.958 Z34.018 E1.31199
G1 X0.698 Y28.028 Z34.026 E1.95664
G1 X-.698 Y28.031 Z34.034 E2.61314
G1 X-2.068 Y27.965 Z34.042 E3.25816
G1 X-3.459 Y27.829 Z34.05 E3.91542
G1 X-4.838 Y27.626 Z34.058 E4.57092
G1 X-6.205 Y27.355 Z34.066 E5.22629
G1 X-7.528 Y27.024 Z34.073 E5.86763
G1 X-8.864 Y26.618 Z34.081 E6.52429
G1 X-10.179 Y26.146 Z34.089 E7.18132
G1 X-11.447 Y25.619 Z34.097 E7.82708
G1 X-12.706 Y25.021 Z34.105 E8.48254
G1 X-13.938 Y24.359 Z34.113 E9.14026
G1 X-15.122 Y23.646 Z34.121 E9.79023
G1 X-16.266 Y22.877 Z34.129 E10.43847
G1 X-17.385 Y22.04 Z34.137 E11.09563
G1 X-18.446 Y21.164 Z34.144 E11.74267
G1 X-19.487 Y20.213 Z34.152 E12.40575
G1 X-20.456 Y19.237 Z34.16 E13.05253
G1 X-21.381 Y18.206 Z34.168 E13.70392
G1 X-22.262 Y17.121 Z34.176 E14.36119
G1 X-23.083 Y16 Z34.184 E15.01463
G1 X-23.842 Y14.852 Z34.192 E15.66183
G1 X-24.555 Y13.644 Z34.2 E16.32149
G1 X-25.202 Y12.415 Z34.208 E16.97465
G1 X-25.787 Y11.153 Z34.215 E17.62879
G1 X-26.308 Y9.868 Z34.223 E18.28087
G1 X-26.766 Y8.56 Z34.231 E18.93261
G1 X-27.159 Y7.223 Z34.239 E19.58796
G1 X-27.488 Y5.861 Z34.247 E20.24689
G1 X-27.744 Y4.509 Z34.255 E20.894
G1 X-27.937 Y3.123 Z34.263 E21.55208
G1 X-28.058 Y1.75 Z34.271 E22.20027
G1 X-28.113 Y0.354 Z34.279 E22.85728
G1 X-28.097 Y-1.045 Z34.287 E23.51523
G1 X-28.016 Y-2.418 Z34.294 E24.16203
G1 X-27.862 Y-3.81 Z34.302 E24.82064
G1 X-27.641 Y-5.193 Z34.31 E25.47928
G1 X-27.354 Y-6.55 Z34.318 E26.13156
G1 X-27.002 Y-7.883 Z34.326 E26.77992
G1 X-26.576 Y-9.225 Z34.334 E27.44206
G1 X-26.096 Y-10.514 Z34.342 E28.0889
G1 X-25.542 Y-11.8 Z34.35 E28.7474
G1 X-24.934 Y-13.042 Z34.358 E29.39771
G1 X-24.256 Y-14.27 Z34.366 E30.05737
G1 X-23.524 Y-15.45 Z34.373 E30.71039
G1 X-22.723 Y-16.608 Z34.381 E31.37255
G1 X-21.884 Y-17.703 Z34.389 E32.02128
G1 X-20.986 Y-18.765 Z34.397 E32.67532
G1 X-20.035 Y-19.779 Z34.405 E33.32908
G1 X-19.027 Y-20.755 Z34.413 E33.98891
G1 X-17.982 Y-21.669 Z34.421 E34.6418
G1 X-16.898 Y-22.528 Z34.429 E35.29223
G1 X-15.759 Y-23.341 Z34.437 E35.95032
G1 X-14.583 Y-24.096 Z34.445 E36.60752
G1 X-13.375 Y-24.791 Z34.453 E37.26292
G1 X-12.135 Y-25.422 Z34.46 E37.91722
G1 X-10.867 Y-25.993 Z34.468 E38.57119
G1 X-9.555 Y-26.506 Z34.476 E39.23368
G1 X-8.242 Y-26.945 Z34.484 E39.88474
G1 X-6.91 Y-27.321 Z34.492 E40.53562
G1 X-5.553 Y-27.63 Z34.5 E41.19012
;TIME_ELAPSED:269.666596
;LAYER:34
;note -- min layer time used
;TYPE:WALL-OUTER
;MESH:step-vase.stl
G1 F2096.4 X-4.187 Y-27.862 Z34.508 E41.84171
G1 X-2.811 Y-28.027 Z34.516 E42.49344
G1 X-1.419 Y-28.127 Z34.524 E43.14974
G1 X-0.018 Y-28.156 Z34.532 E43.80873
G1 X1.4 Y-28.117 Z34.54 E44.47583
G1 X2.807 Y-28.004 Z34.548 E45.13963
G1 X4.18 Y-27.828 Z34.556 E45.7906
G1 X5.51 Y-27.589 Z34.564 E46.42608
G1 X6.858 Y-27.279 Z34.572 E47.07655
G1 X8.253 Y-26.883 Z34.58 E47.7585
G1 X9.556 Y-26.443 Z34.588 E48.40526
G1 X10.816 Y-25.947 Z34.596 E49.04206
G1 X12.128 Y-25.352 Z34.604 E49.71954
G1 X13.335 Y-24.733 Z34.612 E50.35745
G1 X14.521 Y-24.048 Z34.619 E51.00153
G1 X15.701 Y-23.288 Z34.627 E51.66159
G1 X16.826 Y-22.481 Z34.635 E52.31269
G1 X17.95 Y-21.587 Z34.644 E52.98809
G1 X18.979 Y-20.68 Z34.651 E53.63314
G1 X19.982 Y-19.704 Z34.659 E54.29129
G1 X20.895 Y-18.725 Z34.667 E54.92082
G1 X21.827 Y-17.619 Z34.675 E55.60099
G1 X22.635 Y-16.558 Z34.683 E56.22816
G1 X23.444 Y-15.38 Z34.691 E56.9002
G1 X24.176 Y-14.192 Z34.699 E57.55642
G1 X24.817 Y-13.027 Z34.707 E58.18174
G1 X25.432 Y-11.766 Z34.715 E58.84152
G1 X25.995 Y-10.448 Z34.723 E59.51552
G1 X26.457 Y-9.198 Z34.731 E60.14222
G1 X26.873 Y-7.879 Z34.739 E60.79263
G1 X27.236 Y-6.491 Z34.747 E61.46732
G1 X27.51 Y-5.178 Z34.754 E62.09809
G1 X27.731 Y-3.778 Z34.763 E62.76462
G1 X27.877 Y-2.419 Z34.77 E63.4074
G1 X27.955 Y-1.052 Z34.778 E64.0513
G1 X27.968 Y0.335 Z34.786 E64.7036
G1 X27.911 Y1.729 Z34.794 E65.35971
G1 X27.788 Y3.091 Z34.802 E66.00282
G1 X27.59 Y4.487 Z34.81 E66.66589
G1 X27.333 Y5.825 Z34.818 E67.30662
G1 X27.008 Y7.161 Z34.826 E67.95323
G1 X26.604 Y8.522 Z34.834 E68.62087
G1 X26.146 Y9.822 Z34.842 E69.26905
G1 X25.637 Y11.068 Z34.849 E69.90202
G1 X25.039 Y12.349 Z34.858 E70.56684
G1 X24.393 Y13.567 Z34.865 E71.21521
G1 X23.679 Y14.767 Z34.873 E71.87187
G1 X22.919 Y15.911 Z34.881 E72.51776
G1 X22.121 Y16.993 Z34.889 E73.15002
G1 X21.251 Y18.061 Z34.897 E73.79782
G1 X20.321 Y19.094 Z34.905 E74.45148
G1 X19.332 Y20.084 Z34.913 E75.10956
G1 X18.329 Y20.995 Z34.921 E75.74676
G1 X17.241 Y21.892 Z34.929 E76.40989
G1 X16.177 Y22.682 Z34.936 E77.0331
G1 X14.986 Y23.479 Z34.944 E77.70703
G1 X13.81 Y24.182 Z34.952 E78.35135
G1 X12.606 Y24.824 Z34.96 E78.99302
G1 X11.372 Y25.407 Z34.968 E79.63484
G1 X10.07 Y25.944 Z34.976 E80.29717
G1 X8.785 Y26.401 Z34.984 E80.93855
G1 X7.487 Y26.792 Z34.992 E81.57606
G1 X6.139 Y27.127 Z35 E82.22927
G1 X4.782 Y27.392 Z35.007 E82.87948
G1 X3.439 Y27.586 Z35.015 E83.51761
G1 X2.056 Y27.718 Z35.023 E84.17095
G1 X0.701 Y27.78 Z35.031 E84.80883
G1 X-.683 Y27.774 Z35.039 E85.4597
G1 X-2.054 Y27.701 Z35.047 E86.10535
G1 X-3.434 Y27.557 Z35.055 E86.75785
G1 X-4.775 Y27.35 Z35.062 E87.39595
G1 X-6.127 Y27.074 Z35.07 E88.04487
G1 X-7.467 Y26.729 Z35.078 E88.69559
G1 X-8.762 Y26.327 Z35.086 E89.33326
G1 X-10.039 Y25.86 Z35.094 E89.97269
G1 X-11.328 Y25.315 Z35.102 E90.63083
G1 X-12.556 Y24.722 Z35.11 E91.27213
G1 X-13.75 Y24.072 Z35.117 E91.91145
G1 X-14.914 Y23.361 Z35.125 E92.55288
G1 X-16.086 Y22.563 Z35.133 E93.21967
G1 X-17.143 Y21.763 Z35.141 E93.84307
G1 X-18.211 Y20.868 Z35.149 E94.49836
G1 X-19.215 Y19.939 Z35.157 E95.14163
G1 X-20.173 Y18.962 Z35.165 E95.78511
G1 X-21.087 Y17.93 Z35.172 E96.43341
G1 X-21.941 Y16.863 Z35.18 E97.07612
G1 X-22.73 Y15.773 Z35.188 E97.70891
G1 X-23.473 Y14.632 Z35.196 E98.34923
G1 X-24.17 Y13.437 Z35.204 E98.99981
G1 X-24.799 Y12.224 Z35.211 E99.64238
G1 X-25.375 Y10.964 Z35.219 E100.2939
G1 X-25.873 Y9.712 Z35.227 E100.92755
G1 X-26.315 Y8.422 Z35.235 E101.56882
G1 X-26.698 Y7.087 Z35.243 E102.22196
G1 X-27.008 Y5.764 Z35.251 E102.86098
G1 X-27.254 Y4.425 Z35.258 E103.50121
G1 X-27.435 Y3.062 Z35.266 E104.14782
G1 X-27.545 Y1.716 Z35.274 E104.78292
G1 X-27.591 Y0.349 Z35.282 E105.42614
G1 X-27.567 Y-1.028 Z35.29 E106.07381
G1 X-27.478 Y-2.373 Z35.297 E106.7077
G1 X-27.32 Y-3.731 Z35.305 E107.35064
G1 X-27.094 Y-5.089 Z35.313 E107.99805
G1 X-26.808 Y-6.4 Z35.321 E108.62908
G1 X-26.445 Y-7.742 Z35.329 E109.28287
G1 X-26.025 Y-9.035 Z35.337 E109.9222
G1 X-25.552 Y-10.281 Z35.344 E110.54896
G1 X-24.996 Y-11.55 Z35.352 E111.2005
G1 X-24.382 Y-12.784 Z35.36 E111.84868
G1 X-23.73 Y-13.943 Z35.368 E112.47405
G1 X-23.002 Y-15.105 Z35.375 E113.1189
G1 X-22.212 Y-16.232 Z35.383 E113.76614
G1 X-21.395 Y-17.286 Z35.391 E114.39328
G1 X-20.489 Y-18.341 Z35.399 E115.04725
G1 X-19.567 Y-19.312 Z35.407 E115.67695
G1 X-18.576 Y-20.26 Z35.414 E116.32188
G1 X-17.558 Y-21.14 Z35.422 E116.9547
G1 X-16.474 Y-21.986 Z35.43 E117.60134
G1 X-15.368 Y-22.766 Z35.438 E118.2378
G1 X-14.209 Y-23.501 Z35.446 E118.88321
G1 X-13.044 Y-24.16 Z35.453 E119.51265
G1 X-11.833 Y-24.769 Z35.461 E120.15011
G1 X-10.575 Y-25.324 Z35.469 E120.79673
G1 X-9.311 Y-25.81 Z35.477 E121.43357
G1 X-8.036 Y-26.228 Z35.484 E122.06457
G1 X-6.703 Y-26.594 Z35.492 E122.71464
G1 X-5.387 Y-26.885 Z35.5 E123.34847
;TIME_ELAPSED:274.675351
;LAYER:35
;note -- min layer time used
;TYPE:WALL-OUTER
;MESH:step-vase.stl
G1 F2033.9 X-4.032 Y-27.112 Z35.508 E123.99457
G1 X-2.68 Y-27.272 Z35.516 E124.63481
G1 X-1.338 Y-27.364 Z35.524 E125.2674
G1 X-0.021 Y-27.389 Z35.532 E125.88686
G1 X1.361 Y-27.35 Z35.54 E126.53703
G1 X2.677 Y-27.245 Z35.548 E127.15788
G1 X4.026 Y-27.071 Z35.556 E127.79753
G1 X5.41 Y-26.821 Z35.564 E128.45892
G1 X6.715 Y-26.518 Z35.572 E129.08895
G1 X8.026 Y-26.144 Z35.58 E129.73007
G1 X9.258 Y-25.726 Z35.588 E130.34189
G1 X10.55 Y-25.216 Z35.596 E130.9951
G1 X11.805 Y-24.646 Z35.604 E131.64332
G1 X12.946 Y-24.059 Z35.612 E132.24674
G1 X14.158 Y-23.359 Z35.62 E132.90495
G1 X15.295 Y-22.621 Z35.628 E133.54241
G1 X16.396 Y-21.827 Z35.636 E134.18077
G1 X17.415 Y-21.015 Z35.644 E134.79352
G1 X18.452 Y-20.102 Z35.652 E135.44327
G1 X19.391 Y-19.187 Z35.659 E136.05983
G1 X20.342 Y-18.165 Z35.668 E136.71634
G1 X21.185 Y-17.164 Z35.675 E137.33178
G1 X22.009 Y-16.082 Z35.683 E137.97137
G1 X22.769 Y-14.977 Z35.691 E138.60206
G1 X23.471 Y-13.834 Z35.699 E139.23287
G1 X24.144 Y-12.607 Z35.708 E139.89099
G1 X24.727 Y-11.406 Z35.715 E140.51881
G1 X25.239 Y-10.208 Z35.723 E141.1315
G1 X25.723 Y-8.896 Z35.731 E141.78914
G1 X26.124 Y-7.615 Z35.739 E142.42038
G1 X26.456 Y-6.339 Z35.747 E143.04043
G1 X26.733 Y-5.006 Z35.755 E143.68069
G1 X26.939 Y-3.697 Z35.763 E144.30386
G1 X27.083 Y-2.355 Z35.771 E144.93858
G1 X27.158 Y-1.024 Z35.779 E145.56551
G1 X27.17 Y0.323 Z35.787 E146.19899
G1 X27.113 Y1.677 Z35.795 E146.8363
G1 X26.993 Y2.999 Z35.803 E147.46056
G1 X26.804 Y4.332 Z35.81 E148.0937
G1 X26.548 Y5.656 Z35.818 E148.72787
G1 X26.224 Y6.981 Z35.826 E149.36934
G1 X25.844 Y8.259 Z35.834 E149.99635
G1 X25.394 Y9.535 Z35.842 E150.63264
G1 X24.886 Y10.773 Z35.85 E151.26195
G1 X24.31 Y12.003 Z35.858 E151.90067
G1 X23.704 Y13.144 Z35.866 E152.50823
G1 X23.014 Y14.303 Z35.874 E153.14256
G1 X22.265 Y15.431 Z35.882 E153.77932
G1 X21.456 Y16.527 Z35.89 E154.41994
G1 X20.607 Y17.564 Z35.898 E155.05021
G1 X19.738 Y18.526 Z35.905 E155.65986
G1 X18.765 Y19.5 Z35.914 E156.3073
G1 X17.777 Y20.397 Z35.921 E156.93485
G1 X16.764 Y21.229 Z35.929 E157.55132
G1 X15.66 Y22.047 Z35.937 E158.19749
G1 X14.569 Y22.774 Z35.945 E158.81403
G1 X13.433 Y23.455 Z35.953 E159.4369
G1 X12.254 Y24.083 Z35.961 E160.0651
G1 X11.039 Y24.657 Z35.969 E160.69703
G1 X9.777 Y25.176 Z35.977 E161.33874
G1 X8.516 Y25.623 Z35.985 E161.96791
G1 X7.267 Y25.998 Z35.992 E162.58118
G1 X5.952 Y26.324 Z36 E163.21831
G1 X4.629 Y26.58 Z36.008 E163.85202
G1 X3.348 Y26.765 Z36.016 E164.46069
G1 X1.982 Y26.893 Z36.024 E165.1059
G1 X0.658 Y26.952 Z36.032 E165.72916
G1 X-.658 Y26.945 Z36.039 E166.34804
G1 X-1.981 Y26.873 Z36.047 E166.97113
G1 X-3.343 Y26.731 Z36.055 E167.61511
G1 X-4.622 Y26.533 Z36.063 E168.22376
G1 X-5.939 Y26.263 Z36.071 E168.85599
G1 X-7.244 Y25.925 Z36.079 E169.48994
G1 X-8.489 Y25.537 Z36.087 E170.10321
G1 X-9.758 Y25.072 Z36.095 E170.73879
G1 X-10.987 Y24.55 Z36.102 E171.36672
G1 X-12.191 Y23.967 Z36.11 E171.99581
G1 X-13.356 Y23.33 Z36.118 E172.62023
G1 X-14.479 Y22.642 Z36.126 E173.23958
G1 X-15.563 Y21.903 Z36.134 E173.85655
G1 X-16.644 Y21.085 Z36.142 E174.49405
G1 X-17.648 Y20.242 Z36.149 E175.11057
G1 X-18.619 Y19.342 Z36.157 E175.73318
G1 X-19.566 Y18.374 Z36.165 E176.37002
G1 X-20.425 Y17.402 Z36.173 E176.98005
G1 X-21.255 Y16.365 Z36.181 E177.60469
G1 X-22.038 Y15.282 Z36.189 E178.23317
G1 X-22.768 Y14.159 Z36.196 E178.86305
G1 X-23.438 Y13.005 Z36.204 E179.49058
G1 X-24.031 Y11.858 Z36.212 E180.09781
G1 X-24.588 Y10.636 Z36.22 E180.72937
G1 X-25.081 Y9.397 Z36.228 E181.35646
G1 X-25.502 Y8.16 Z36.235 E181.97096
G1 X-25.869 Y6.878 Z36.243 E182.59806
G1 X-26.171 Y5.585 Z36.251 E183.22249
G1 X-26.411 Y4.278 Z36.259 E183.84741
G1 X-26.583 Y2.965 Z36.267 E184.47016
G1 X-26.688 Y1.662 Z36.275 E185.08491
G1 X-26.731 Y0.339 Z36.282 E185.70741
G1 X-26.707 Y-.995 Z36.29 E186.33485
G1 X-26.619 Y-2.303 Z36.298 E186.95136
G1 X-26.464 Y-3.62 Z36.306 E187.57498
G1 X-26.245 Y-4.927 Z36.314 E188.1982
G1 X-25.966 Y-6.208 Z36.321 E188.81474
G1 X-25.62 Y-7.48 Z36.329 E189.43466
G1 X-25.212 Y-8.732 Z36.337 E190.05391
G1 X-24.734 Y-9.988 Z36.345 E190.6859
G1 X-24.208 Y-11.187 Z36.353 E191.30163
G1 X-23.626 Y-12.351 Z36.36 E191.91364
G1 X-22.969 Y-13.521 Z36.368 E192.54467
G1 X-22.272 Y-14.63 Z36.376 E193.16066
G1 X-21.517 Y-15.704 Z36.384 E193.77804
G1 X-20.703 Y-16.752 Z36.391 E194.40208
G1 X-19.849 Y-17.745 Z36.399 E195.01801
G1 X-18.932 Y-18.71 Z36.407 E195.64404
G1 X-17.983 Y-19.615 Z36.415 E196.26073
G1 X-16.988 Y-20.474 Z36.423 E196.8789
G1 X-15.962 Y-21.274 Z36.43 E197.49074
G1 X-14.879 Y-22.036 Z36.438 E198.11348
G1 X-13.761 Y-22.742 Z36.446 E198.7353
G1 X-12.609 Y-23.394 Z36.454 E199.3578
G1 X-11.463 Y-23.969 Z36.461 E199.96077
G1 X-10.235 Y-24.509 Z36.469 E200.59163
G1 X-9.01 Y-24.979 Z36.477 E201.20866
G1 X-7.772 Y-25.383 Z36.485 E201.82107
G1 X-6.496 Y-25.733 Z36.492 E202.4433
G1 X-5.228 Y-26.012 Z36.5 E203.05387
;TIME_ELAPSED:279.683299
;LAYER:36
;note -- min layer time used
;TYPE:WALL-OUTER
;MESH:step-vase.stl
G1 F1995.4 X-3.921 Y-26.24 Z36.508 E203.6778
G1 X-2.62 Y-26.4 Z36.516 E204.29424
G1 X-1.324 Y-26.497 Z36.524 E204.90541
G1 X-0.004 Y-26.528 Z36.532 E205.52635
G1 X1.317 Y-26.495 Z36.54 E206.14777
G1 X2.618 Y-26.396 Z36.547 E206.76136
G1 X3.919 Y-26.234 Z36.555 E207.37791
G1 X5.23 Y-26.002 Z36.563 E208.00402
G1 X6.495 Y-25.715 Z36.571 E208.61403
G1 X7.761 Y-25.36 Z36.579 E209.23236
G1 X8.996 Y-24.948 Z36.587 E209.84461
G1 X10.231 Y-24.467 Z36.595 E210.46789
G1 X11.42 Y-23.935 Z36.603 E211.08047
G1 X12.593 Y-23.337 Z36.611 E211.69965
G1 X13.731 Y-22.684 Z36.618 E212.31666
G1 X14.84 Y-21.975 Z36.626 E212.93566
G1 X15.898 Y-21.22 Z36.634 E213.54691
G1 X16.944 Y-20.394 Z36.642 E214.17369
G1 X17.918 Y-19.543 Z36.65 E214.78194
G1 X18.87 Y-18.623 Z36.658 E215.40454
G1 X19.75 Y-17.683 Z36.666 E216.01008
G1 X20.611 Y-16.672 Z36.674 E216.63457
G1 X21.421 Y-15.614 Z36.682 E217.26119
G1 X22.155 Y-14.556 Z36.689 E217.86675
G1 X22.849 Y-13.437 Z36.697 E218.48598
G1 X23.472 Y-12.31 Z36.705 E219.09156
G1 X24.063 Y-11.113 Z36.713 E219.71935
G1 X24.588 Y-9.894 Z36.721 E220.34352
G1 X25.035 Y-8.698 Z36.729 E220.94397
G1 X25.44 Y-7.431 Z36.737 E221.5695
G1 X25.775 Y-6.167 Z36.745 E222.18445
G1 X26.045 Y-4.893 Z36.752 E222.79688
G1 X26.254 Y-3.593 Z36.76 E223.41609
G1 X26.401 Y-2.281 Z36.768 E224.03695
G1 X26.48 Y-.988 Z36.776 E224.64614
G1 X26.496 Y0.333 Z36.784 E225.26742
G1 X26.445 Y1.651 Z36.792 E225.8877
G1 X26.332 Y2.949 Z36.8 E226.50042
G1 X26.154 Y4.243 Z36.808 E227.11469
G1 X25.911 Y5.525 Z36.816 E227.72831
G1 X25.605 Y6.803 Z36.823 E228.34631
G1 X25.234 Y8.07 Z36.831 E228.96716
G1 X24.808 Y9.296 Z36.839 E229.57753
G1 X24.313 Y10.52 Z36.847 E230.19843
G1 X23.757 Y11.718 Z36.855 E230.81954
G1 X23.158 Y12.86 Z36.863 E231.42598
G1 X22.483 Y14.005 Z36.871 E232.05105
G1 X21.764 Y15.096 Z36.879 E232.66551
G1 X20.989 Y16.154 Z36.887 E233.28227
G1 X20.175 Y17.159 Z36.894 E233.89047
G1 X19.294 Y18.143 Z36.902 E234.51158
G1 X18.384 Y19.063 Z36.91 E235.12013
G1 X17.397 Y19.967 Z36.918 E235.74955
G1 X16.391 Y20.799 Z36.926 E236.36348
G1 X15.357 Y21.574 Z36.934 E236.97117
G1 X14.276 Y22.302 Z36.942 E237.58407
G1 X13.133 Y22.992 Z36.95 E238.21194
G1 X11.996 Y23.603 Z36.957 E238.81895
G1 X10.799 Y24.174 Z36.965 E239.44263
G1 X9.603 Y24.672 Z36.973 E240.05189
G1 X8.359 Y25.12 Z36.981 E240.67369
G1 X7.115 Y25.5 Z36.989 E241.28539
G1 X5.86 Y25.816 Z36.997 E241.89401
G1 X4.567 Y26.074 Z37.005 E242.51406
G1 X3.261 Y26.268 Z37.013 E243.13497
G1 X1.95 Y26.397 Z37.02 E243.75447
G1 X0.66 Y26.46 Z37.028 E244.36185
G1 X-.657 Y26.459 Z37.036 E244.9812
G1 X-1.953 Y26.393 Z37.044 E245.59146
G1 X-3.26 Y26.263 Z37.052 E246.20914
G1 X-4.565 Y26.067 Z37.06 E246.82973
G1 X-5.857 Y25.806 Z37.068 E247.4496
G1 X-7.111 Y25.489 Z37.076 E248.05787
G1 X-8.355 Y25.107 Z37.083 E248.66985
G1 X-9.597 Y24.657 Z37.091 E249.29108
G1 X-10.791 Y24.157 Z37.099 E249.89983
G1 X-11.987 Y23.585 Z37.107 E250.52329
G1 X-13.121 Y22.972 Z37.115 E251.12951
G1 X-14.261 Y22.281 Z37.123 E251.75642
G1 X-15.34 Y21.552 Z37.131 E252.3688
G1 X-16.373 Y20.776 Z37.138 E252.97639
G1 X-17.377 Y19.943 Z37.146 E253.58989
G1 X-18.359 Y19.039 Z37.154 E254.21759
G1 X-19.268 Y18.118 Z37.162 E254.82614
G1 X-20.145 Y17.135 Z37.17 E255.44565
G1 X-20.957 Y16.129 Z37.178 E256.05363
G1 X-21.733 Y15.066 Z37.186 E256.67256
G1 X-22.445 Y13.981 Z37.193 E257.28286
G1 X-23.117 Y12.836 Z37.201 E257.9072
G1 X-23.713 Y11.696 Z37.209 E258.51216
G1 X-24.265 Y10.499 Z37.217 E259.13205
G1 X-24.756 Y9.279 Z37.225 E259.75051
G1 X-25.18 Y8.055 Z37.233 E260.35968
G1 X-25.547 Y6.793 Z37.241 E260.97775
G1 X-25.851 Y5.515 Z37.249 E261.59552
G1 X-26.091 Y4.238 Z37.256 E262.20657
G1 X-26.267 Y2.941 Z37.264 E262.82211
G1 X-26.379 Y1.643 Z37.272 E263.43479
G1 X-26.427 Y0.335 Z37.28 E264.05032
G1 X-26.409 Y-.983 Z37.288 E264.6702
G1 X-26.328 Y-2.272 Z37.296 E265.27758
G1 X-26.18 Y-3.58 Z37.304 E265.89662
G1 X-25.969 Y-4.876 Z37.312 E266.51412
G1 X-25.698 Y-6.146 Z37.319 E267.12481
G1 X-25.36 Y-7.411 Z37.327 E267.74057
G1 X-24.956 Y-8.668 Z37.335 E268.36148
G1 X-24.507 Y-9.864 Z37.343 E268.96226
G1 X-23.981 Y-11.077 Z37.351 E269.58402
G1 X-23.394 Y-12.265 Z37.359 E270.20719
G1 X-22.767 Y-13.391 Z37.367 E270.81327
G1 X-22.077 Y-14.501 Z37.374 E271.42791
G1 X-21.342 Y-15.558 Z37.382 E272.03335
G1 X-20.532 Y-16.611 Z37.39 E272.65811
G1 X-19.677 Y-17.614 Z37.398 E273.27791
G1 X-18.795 Y-18.551 Z37.406 E273.88307
G1 X-17.844 Y-19.466 Z37.414 E274.50369
G1 X-16.872 Y-20.311 Z37.421 E275.10937
G1 X-15.834 Y-21.129 Z37.429 E275.73087
G1 X-14.775 Y-21.882 Z37.437 E276.34196
G1 X-13.669 Y-22.586 Z37.445 E276.95851
G1 X-12.535 Y-23.234 Z37.453 E277.57272
G1 X-11.371 Y-23.824 Z37.461 E278.18642
G1 X-10.182 Y-24.355 Z37.469 E278.79881
G1 X-8.957 Y-24.83 Z37.477 E279.41668
G1 X-7.728 Y-25.239 Z37.484 E280.02581
G1 X-6.461 Y-25.591 Z37.492 E280.64421
G1 X-5.202 Y-25.875 Z37.5 E281.25116
;TIME_ELAPSED:284.691641
;LAYER:37
;note -- min layer time used
;TYPE:WALL-OUTER
;MESH:step-vase.stl
G1 F1990.6 X-3.903 Y-26.103 Z37.508 E281.87138
G1 X-2.602 Y-26.264 Z37.516 E282.48788
G1 X-1.313 Y-26.36 Z37.524 E283.09574
G1 X0.00 Y-26.392 Z37.532 E283.71339
G1 X1.312 Y-26.361 Z37.539 E284.33056
G1 X2.601 Y-26.266 Z37.547 E284.93838
G1 X3.903 Y-26.104 Z37.555 E285.5554
G1 X5.201 Y-25.877 Z37.563 E286.17508
G1 X6.461 Y-25.591 Z37.571 E286.78269
G1 X7.721 Y-25.24 Z37.579 E287.3978
G1 X8.962 Y-24.826 Z37.587 E288.01302
G1 X10.18 Y-24.352 Z37.595 E288.62766
G1 X11.377 Y-23.816 Z37.602 E289.24444
G1 X12.524 Y-23.234 Z37.61 E289.8493
G1 X13.666 Y-22.581 Z37.618 E290.46795
G1 X14.78 Y-21.869 Z37.626 E291.0897
G1 X15.822 Y-21.127 Z37.634 E291.69127
G1 X16.862 Y-20.308 Z37.642 E292.3138
G1 X17.839 Y-19.456 Z37.65 E292.92342
G1 X18.785 Y-18.545 Z37.658 E293.54105
G1 X19.67 Y-17.604 Z37.665 E294.14853
G1 X20.522 Y-16.604 Z37.673 E294.76635
G1 X21.319 Y-15.565 Z37.681 E295.38216
G1 X22.071 Y-14.482 Z37.689 E296.0022
G1 X22.755 Y-13.38 Z37.697 E296.61216
G1 X23.379 Y-12.257 Z37.705 E297.21633
G1 X23.964 Y-11.07 Z37.713 E297.83865
G1 X24.49 Y-9.857 Z37.721 E298.46042
G1 X24.939 Y-8.657 Z37.728 E299.06295
G1 X25.336 Y-7.416 Z37.736 E299.67569
G1 X25.677 Y-6.134 Z37.744 E300.29955
G1 X25.946 Y-4.872 Z37.752 E300.90636
G1 X26.156 Y-3.576 Z37.76 E301.52379
G1 X26.303 Y-2.269 Z37.768 E302.14231
G1 X26.383 Y-.981 Z37.776 E302.74919
G1 X26.4 Y0.334 Z37.784 E303.36765
G1 X26.351 Y1.643 Z37.791 E303.98366
G1 X26.239 Y2.934 Z37.799 E304.59307
G1 X26.061 Y4.232 Z37.807 E305.20919
G1 X25.821 Y5.509 Z37.815 E305.82024
G1 X25.517 Y6.782 Z37.823 E306.43573
G1 X25.146 Y8.052 Z37.831 E307.05794
G1 X24.726 Y9.262 Z37.839 E307.66028
G1 X24.233 Y10.484 Z37.846 E308.27995
G1 X23.686 Y11.669 Z37.854 E308.89373
G1 X23.081 Y12.825 Z37.862 E309.50732
G1 X22.419 Y13.95 Z37.87 E310.12118
G1 X21.694 Y15.054 Z37.878 E310.7423
G1 X20.926 Y16.104 Z37.886 E311.35408
G1 X20.114 Y17.109 Z37.894 E311.96169
G1 X19.245 Y18.08 Z37.902 E312.57449
G1 X18.311 Y19.027 Z37.91 E313.2
G1 X17.358 Y19.899 Z37.917 E313.80746
G1 X16.346 Y20.74 Z37.925 E314.42627
G1 X15.326 Y21.505 Z37.933 E315.02586
G1 X14.216 Y22.253 Z37.941 E315.65533
G1 X13.105 Y22.925 Z37.949 E316.26594
G1 X11.965 Y23.54 Z37.957 E316.87509
G1 X10.772 Y24.111 Z37.965 E317.49708
G1 X9.577 Y24.611 Z37.972 E318.10626
G1 X8.34 Y25.057 Z37.98 E318.72464
G1 X7.095 Y25.438 Z37.988 E319.33693
G1 X5.842 Y25.754 Z37.996 E319.94464
G1 X4.558 Y26.012 Z38.004 E320.56053
G1 X3.256 Y26.207 Z38.012 E321.17966
G1 X1.947 Y26.337 Z38.02 E321.79827
G1 X0.657 Y26.401 Z38.028 E322.40567
G1 X-.657 Y26.401 Z38.035 E323.02361
G1 X-1.947 Y26.338 Z38.043 E323.63098
G1 X-3.256 Y26.207 Z38.051 E324.24964
G1 X-4.558 Y26.013 Z38.059 E324.8687
G1 X-5.841 Y25.756 Z38.067 E325.48404
G1 X-7.095 Y25.44 Z38.075 E326.0922
G1 X-8.34 Y25.059 Z38.083 E326.70449
G1 X-9.578 Y24.612 Z38.091 E327.32348
G1 X-10.773 Y24.113 Z38.098 E327.93248
G1 X-11.966 Y23.543 Z38.106 E328.55426
G1 X-13.105 Y22.928 Z38.114 E329.163
G1 X-14.216 Y22.256 Z38.122 E329.77361
G1 X-15.327 Y21.507 Z38.13 E330.40373
G1 X-16.348 Y20.742 Z38.138 E331.0037
G1 X-17.36 Y19.902 Z38.146 E331.6222
G1 X-18.313 Y19.03 Z38.153 E332.22967
G1 X-19.247 Y18.083 Z38.161 E332.85518
G1 X-20.116 Y17.111 Z38.169 E333.46833
G1 X-20.929 Y16.106 Z38.177 E334.07624
G1 X-21.697 Y15.057 Z38.185 E334.68763
G1 X-22.422 Y13.952 Z38.193 E335.30915
G1 X-23.084 Y12.827 Z38.201 E335.92301
G1 X-23.69 Y11.672 Z38.209 E336.5364
G1 X-24.238 Y10.486 Z38.217 E337.1508
G1 X-24.73 Y9.264 Z38.224 E337.7703
G1 X-25.151 Y8.054 Z38.232 E338.37279
G1 X-25.522 Y6.784 Z38.24 E338.995
G1 X-25.827 Y5.51 Z38.248 E339.61106
G1 X-26.067 Y4.233 Z38.256 E340.22211
G1 X-26.244 Y2.935 Z38.264 E340.83817
G1 X-26.357 Y1.644 Z38.272 E341.44761
G1 X-26.406 Y0.334 Z38.28 E342.0641
G1 X-26.389 Y-.981 Z38.287 E342.68256
G1 X-26.311 Y-2.269 Z38.295 E343.28938
G1 X-26.164 Y-3.577 Z38.303 E343.90837
G1 X-25.954 Y-4.872 Z38.311 E344.52533
G1 X-25.685 Y-6.135 Z38.319 E345.13261
G1 X-25.344 Y-7.417 Z38.327 E345.75646
G1 X-24.947 Y-8.659 Z38.335 E346.36965
G1 X-24.497 Y-9.86 Z38.342 E346.97279
G1 X-23.971 Y-11.074 Z38.35 E347.59499
G1 X-23.386 Y-12.262 Z38.358 E348.21773
G1 X-22.764 Y-13.384 Z38.366 E348.82103
G1 X-22.078 Y-14.486 Z38.374 E349.43148
G1 X-21.326 Y-15.57 Z38.382 E350.05191
G1 X-20.528 Y-16.61 Z38.39 E350.66839
G1 X-19.677 Y-17.609 Z38.398 E351.28554
G1 X-18.792 Y-18.552 Z38.406 E351.89371
G1 X-17.846 Y-19.463 Z38.413 E352.51133
G1 X-16.868 Y-20.315 Z38.421 E353.12131
G1 X-15.829 Y-21.136 Z38.429 E353.74406
G1 X-14.787 Y-21.877 Z38.437 E354.34535
G1 X-13.672 Y-22.59 Z38.445 E354.96775
G1 X-12.53 Y-23.244 Z38.453 E355.58663
G1 X-11.383 Y-23.826 Z38.461 E356.1915
G1 X-10.185 Y-24.363 Z38.469 E356.8089
G1 X-8.967 Y-24.837 Z38.476 E357.42353
G1 X-7.725 Y-25.251 Z38.484 E358.0392
G1 X-6.464 Y-25.603 Z38.492 E358.65489
G1 X-5.204 Y-25.888 Z38.5 E359.2624
;TIME_ELAPSED:289.699964
;LAYER:38
;note -- min layer time used
;TYPE:WALL-OUTER
;MESH:step-vase.stl
G1 F1988.2 X-3.91 Y-26.114 Z38.508 E359.88015
G1 X-2.603 Y-26.275 Z38.516 E360.49944
G1 X-1.317 Y-26.37 Z38.524 E361.10586
G1 X-0.002 Y-26.402 Z38.532 E361.72445
G1 X1.313 Y-26.37 Z38.54 E362.34304
G1 X2.602 Y-26.273 Z38.547 E362.95093
G1 X3.905 Y-26.112 Z38.555 E363.56836
G1 X5.203 Y-25.883 Z38.563 E364.1882
G1 X6.463 Y-25.598 Z38.571 E364.79571
G1 X7.719 Y-25.246 Z38.579 E365.40913
G1 X8.965 Y-24.83 Z38.587 E366.02689
G1 X10.182 Y-24.356 Z38.595 E366.64109
G1 X11.361 Y-23.829 Z38.602 E367.2484
G1 X12.543 Y-23.228 Z38.61 E367.87199
G1 X13.667 Y-22.583 Z38.618 E368.48143
G1 X14.781 Y-21.87 Z38.626 E369.10343
G1 X15.823 Y-21.129 Z38.634 E369.70472
G1 X16.852 Y-20.315 Z38.642 E370.32174
G1 X17.849 Y-19.446 Z38.65 E370.9437
G1 X18.784 Y-18.544 Z38.658 E371.55467
G1 X19.666 Y-17.604 Z38.666 E372.16085
G1 X20.53 Y-16.587 Z38.674 E372.78841
G1 X21.312 Y-15.567 Z38.681 E373.39283
G1 X22.059 Y-14.49 Z38.689 E374.00922
G1 X22.746 Y-13.387 Z38.697 E374.62032
G1 X23.383 Y-12.237 Z38.705 E375.23856
G1 X23.958 Y-11.067 Z38.713 E375.85163
G1 X24.479 Y-9.863 Z38.721 E376.46858
G1 X24.932 Y-8.655 Z38.729 E377.0753
G1 X25.329 Y-7.41 Z38.737 E377.68983
G1 X25.668 Y-6.132 Z38.744 E378.31162
G1 X25.936 Y-4.872 Z38.752 E378.91742
G1 X26.145 Y-3.577 Z38.76 E379.53431
G1 X26.291 Y-2.27 Z38.768 E380.15277
G1 X26.37 Y-.977 Z38.776 E380.76197
G1 X26.386 Y0.33 Z38.784 E381.37666
G1 X26.337 Y1.643 Z38.792 E381.99456
G1 X26.224 Y2.931 Z38.8 E382.6026
G1 X26.046 Y4.23 Z38.807 E383.21919
G1 X25.806 Y5.506 Z38.815 E383.82978
G1 X25.501 Y6.778 Z38.823 E384.44492
G1 X25.13 Y8.044 Z38.831 E385.06533
G1 X24.707 Y9.264 Z38.839 E385.67257
G1 X24.215 Y10.48 Z38.847 E386.28945
G1 X23.673 Y11.65 Z38.855 E386.89584
G1 X23.063 Y12.814 Z38.863 E387.51385
G1 X22.395 Y13.948 Z38.871 E388.13279
G1 X21.683 Y15.031 Z38.878 E388.7423
G1 X20.917 Y16.079 Z38.886 E389.35276
G1 X20.088 Y17.103 Z38.894 E389.97235
G1 X19.228 Y18.064 Z38.902 E390.57882
G1 X18.291 Y19.012 Z38.91 E391.20565
G1 X17.345 Y19.878 Z38.918 E391.80879
G1 X16.339 Y20.712 Z38.926 E392.42332
G1 X15.285 Y21.501 Z38.934 E393.04248
G1 X14.216 Y22.221 Z38.941 E393.64859
G1 X13.089 Y22.902 Z38.949 E394.26784
G1 X11.951 Y23.515 Z38.957 E394.87571
G1 X10.768 Y24.08 Z38.965 E395.49224
G1 X9.558 Y24.586 Z38.973 E396.10902
G1 X8.328 Y25.028 Z38.981 E396.72367
G1 X7.087 Y25.408 Z38.989 E397.33402
G1 X5.834 Y25.723 Z38.996 E397.94161
G1 X4.531 Y25.983 Z39.004 E398.56645
G1 X3.27 Y26.171 Z39.012 E399.16602
G1 X1.946 Y26.302 Z39.02 E399.7917
G1 X0.653 Y26.366 Z39.028 E400.40051
G1 X-.653 Y26.365 Z39.036 E401.01469
G1 X-1.945 Y26.301 Z39.044 E401.62302
G1 X-3.269 Y26.169 Z39.052 E402.24875
G1 X-4.53 Y25.979 Z39.059 E402.84846
G1 X-5.832 Y25.718 Z39.067 E403.47293
G1 X-7.084 Y25.402 Z39.075 E404.08018
G1 X-8.325 Y25.021 Z39.083 E404.69067
G1 X-9.555 Y24.577 Z39.091 E405.30564
G1 X-10.763 Y24.071 Z39.099 E405.92155
G1 X-11.946 Y23.506 Z39.107 E406.53808
G1 X-13.083 Y22.892 Z39.115 E407.14576
G1 X-14.208 Y22.21 Z39.122 E407.76444
G1 X-15.277 Y21.489 Z39.13 E408.37082
G1 X-16.328 Y20.7 Z39.138 E408.98885
G1 X-17.333 Y19.865 Z39.146 E409.60332
G1 X-18.278 Y18.998 Z39.154 E410.20643
G1 X-19.213 Y18.05 Z39.162 E410.8326
G1 X-20.071 Y17.089 Z39.17 E411.43845
G1 X-20.898 Y16.066 Z39.178 E412.05708
G1 X-21.662 Y15.019 Z39.185 E412.6666
G1 X-22.374 Y13.935 Z39.193 E413.27651
G1 X-23.039 Y12.802 Z39.201 E413.89432
G1 X-23.648 Y11.639 Z39.209 E414.5117
G1 X-24.189 Y10.468 Z39.217 E415.11832
G1 X-24.679 Y9.253 Z39.225 E415.73442
G1 X-25.1 Y8.036 Z39.233 E416.34002
G1 X-25.469 Y6.77 Z39.241 E416.96015
G1 X-25.773 Y5.499 Z39.248 E417.57473
G1 X-26.012 Y4.227 Z39.256 E418.18338
G1 X-26.189 Y2.924 Z39.264 E418.80177
G1 X-26.3 Y1.641 Z39.272 E419.40739
G1 X-26.348 Y0.331 Z39.28 E420.02386
G1 X-26.331 Y-.977 Z39.288 E420.63903
G1 X-26.251 Y-2.265 Z39.296 E421.24591
G1 X-26.104 Y-3.569 Z39.303 E421.86302
G1 X-25.894 Y-4.862 Z39.311 E422.47905
G1 X-25.626 Y-6.12 Z39.319 E423.08393
G1 X-25.285 Y-7.398 Z39.327 E423.70597
G1 X-24.888 Y-8.637 Z39.335 E424.31782
G1 X-24.435 Y-9.844 Z39.343 E424.9241
G1 X-23.914 Y-11.047 Z39.351 E425.54061
G1 X-23.339 Y-12.215 Z39.358 E426.15284
G1 X-22.702 Y-13.358 Z39.366 E426.7682
G1 X-22.016 Y-14.459 Z39.374 E427.37825
G1 X-21.27 Y-15.534 Z39.382 E427.9936
G1 X-20.487 Y-16.552 Z39.39 E428.59757
G1 X-19.625 Y-17.565 Z39.398 E429.22308
G1 X-18.744 Y-18.501 Z39.406 E429.82757
G1 X-17.808 Y-19.403 Z39.413 E430.43887
G1 X-16.815 Y-20.268 Z39.421 E431.05818
G1 X-15.783 Y-21.081 Z39.429 E431.67601
G1 X-14.746 Y-21.818 Z39.437 E432.2743
G1 X-13.633 Y-22.53 Z39.445 E432.89565
G1 X-12.511 Y-23.171 Z39.453 E433.50333
G1 X-11.334 Y-23.768 Z39.461 E434.12398
G1 X-10.15 Y-24.296 Z39.469 E434.73364
G1 X-8.947 Y-24.764 Z39.476 E435.34067
G1 X-7.701 Y-25.178 Z39.484 E435.95813
G1 X-6.444 Y-25.529 Z39.492 E436.57188
G1 X-5.184 Y-25.813 Z39.5 E437.17929
;TIME_ELAPSED:294.708277
;LAYER:39
;note -- min layer time used
;TYPE:WALL-OUTER
;MESH:step-vase.stl
G1 F1981.4 X-3.898 Y-26.036 Z39.508 E437.79308
G1 X-2.597 Y-26.197 Z39.516 E438.40958
G1 X-1.312 Y-26.292 Z39.524 E439.01553
G1 X-0.003 Y-26.323 Z39.532 E439.63128
G1 X1.311 Y-26.291 Z39.54 E440.24941
G1 X2.595 Y-26.195 Z39.547 E440.85492
G1 X3.896 Y-26.032 Z39.555 E441.47153
G1 X5.182 Y-25.807 Z39.563 E442.08548
G1 X6.442 Y-25.521 Z39.571 E442.6931
G1 X7.707 Y-25.166 Z39.579 E443.31098
G1 X8.927 Y-24.759 Z39.587 E443.91579
G1 X10.146 Y-24.285 Z39.595 E444.53087
G1 X11.325 Y-23.757 Z39.603 E445.13838
G1 X12.502 Y-23.159 Z39.61 E445.75924
G1 X13.626 Y-22.514 Z39.618 E446.36867
G1 X14.723 Y-21.811 Z39.626 E446.9814
G1 X15.783 Y-21.057 Z39.634 E447.59314
G1 X16.805 Y-20.249 Z39.642 E448.20582
G1 X17.792 Y-19.387 Z39.65 E448.82208
G1 X18.726 Y-18.486 Z39.658 E449.43237
G1 X19.604 Y-17.551 Z39.666 E450.03556
G1 X20.467 Y-16.535 Z39.674 E450.66245
G1 X21.246 Y-15.519 Z39.681 E451.26453
G1 X21.992 Y-14.442 Z39.689 E451.88065
G1 X22.675 Y-13.342 Z39.697 E452.48955
G1 X23.311 Y-12.198 Z39.705 E453.10509
G1 X23.883 Y-11.033 Z39.713 E453.71544
G1 X24.404 Y-9.828 Z39.721 E454.33282
G1 X24.854 Y-8.624 Z39.729 E454.93728
G1 X25.254 Y-7.368 Z39.737 E455.55717
G1 X25.582 Y-6.132 Z39.744 E456.15855
G1 X25.854 Y-4.856 Z39.752 E456.7721
G1 X26.061 Y-3.564 Z39.76 E457.38744
G1 X26.206 Y-2.266 Z39.768 E458.00165
G1 X26.285 Y-.977 Z39.776 E458.60897
G1 X26.301 Y0.329 Z39.784 E459.22319
G1 X26.252 Y1.64 Z39.792 E459.84015
G1 X26.14 Y2.922 Z39.8 E460.44533
G1 X25.962 Y4.22 Z39.808 E461.06146
G1 X25.723 Y5.484 Z39.815 E461.66641
G1 X25.417 Y6.757 Z39.823 E462.28212
G1 X25.048 Y8.017 Z39.831 E462.89956
G1 X24.626 Y9.233 Z39.839 E463.50486
G1 X24.137 Y10.442 Z39.847 E464.11817
G1 X23.593 Y11.614 Z39.855 E464.72581
G1 X22.98 Y12.783 Z39.863 E465.34656
G1 X22.328 Y13.892 Z39.871 E465.95154
G1 X21.611 Y14.981 Z39.878 E466.5647
G1 X20.848 Y16.025 Z39.886 E467.17281
G1 X20.022 Y17.044 Z39.894 E467.78969
G1 X19.153 Y18.014 Z39.902 E468.40214
G1 X18.254 Y18.925 Z39.91 E469.00403
G1 X17.272 Y19.825 Z39.918 E469.63045
G1 X16.273 Y20.651 Z39.926 E470.24005
G1 X15.26 Y21.41 Z39.933 E470.83532
G1 X14.151 Y22.157 Z39.942 E471.46413
G1 X13.047 Y22.823 Z39.949 E472.07046
G1 X11.913 Y23.434 Z39.957 E472.67624
G1 X10.731 Y23.998 Z39.965 E473.29214
G1 X9.527 Y24.501 Z39.973 E473.90577
G1 X8.315 Y24.937 Z39.981 E474.5115
G1 X7.051 Y25.323 Z39.989 E475.13302
G1 X5.806 Y25.636 Z39.997 E475.73673
G1 X4.517 Y25.893 Z40.005 E476.35484
G1 X3.259 Y26.081 Z40.012 E476.95302
G1 X1.94 Y26.21 Z40.02 E477.57626
G1 X0.654 Y26.274 Z40.028 E478.18178
G1 X-.651 Y26.273 Z40.036 E478.79549
G1 X-1.94 Y26.208 Z40.044 E479.40244
G1 X-3.258 Y26.077 Z40.052 E480.02532
G1 X-4.516 Y25.888 Z40.06 E480.62356
G1 X-5.804 Y25.63 Z40.067 E481.2413
G1 X-7.049 Y25.314 Z40.075 E481.84535
G1 X-8.311 Y24.928 Z40.083 E482.46598
G1 X-9.521 Y24.49 Z40.091 E483.07114
G1 X-10.725 Y23.986 Z40.099 E483.68496
G1 X-11.905 Y23.421 Z40.107 E484.30021
G1 X-13.037 Y22.809 Z40.115 E484.90538
G1 X-14.141 Y22.141 Z40.122 E485.5122
G1 X-15.247 Y21.394 Z40.131 E486.13984
G1 X-16.259 Y20.633 Z40.138 E486.7353
G1 X-17.256 Y19.807 Z40.146 E487.34417
G1 X-18.235 Y18.907 Z40.154 E487.96955
G1 X-19.134 Y17.996 Z40.162 E488.57145
G1 X-19.999 Y17.027 Z40.17 E489.1823
G1 X-20.823 Y16.008 Z40.178 E489.79858
G1 X-21.584 Y14.964 Z40.185 E490.40613
G1 X-22.298 Y13.875 Z40.193 E491.01852
G1 X-22.95 Y12.766 Z40.201 E491.6235
G1 X-23.561 Y11.597 Z40.209 E492.24381
G1 X-24.101 Y10.428 Z40.217 E492.84938
G1 X-24.588 Y9.219 Z40.225 E493.46234
G1 X-25.008 Y8.006 Z40.233 E494.066
G1 X-25.374 Y6.749 Z40.241 E494.68169
G1 X-25.68 Y5.468 Z40.249 E495.30105
G1 X-25.916 Y4.21 Z40.256 E495.90298
G1 X-26.092 Y2.916 Z40.264 E496.51711
G1 X-26.202 Y1.636 Z40.272 E497.12128
G1 X-26.25 Y0.331 Z40.28 E497.7354
G1 X-26.232 Y-.973 Z40.288 E498.34869
G1 X-26.152 Y-2.258 Z40.296 E498.95416
G1 X-26.006 Y-3.554 Z40.303 E499.56749
G1 X-25.797 Y-4.844 Z40.311 E500.18205
G1 X-25.525 Y-6.117 Z40.319 E500.79422
G1 X-25.195 Y-7.352 Z40.327 E501.39539
G1 X-24.794 Y-8.604 Z40.335 E502.01363
G1 X-24.343 Y-9.805 Z40.343 E502.61694
G1 X-23.822 Y-11.006 Z40.351 E503.23259
G1 X-23.25 Y-12.167 Z40.359 E503.84125
G1 X-22.615 Y-13.308 Z40.366 E504.45532
G1 X-21.932 Y-14.404 Z40.374 E505.06263
G1 X-21.189 Y-15.474 Z40.382 E505.67524
G1 X-20.408 Y-16.489 Z40.39 E506.27752
G1 X-19.549 Y-17.498 Z40.398 E506.90069
G1 X-18.672 Y-18.429 Z40.406 E507.50218
G1 X-17.737 Y-19.329 Z40.414 E508.11249
G1 X-16.752 Y-20.188 Z40.421 E508.72711
G1 X-15.732 Y-20.991 Z40.429 E509.33759
G1 X-14.679 Y-21.74 Z40.437 E509.94529
G1 X-13.58 Y-22.441 Z40.445 E510.5583
G1 X-12.462 Y-23.08 Z40.453 E511.16389
G1 X-11.289 Y-23.675 Z40.461 E511.78243
G1 X-10.116 Y-24.199 Z40.469 E512.38659
G1 X-8.899 Y-24.671 Z40.476 E513.00045
G1 X-7.679 Y-25.077 Z40.484 E513.60512
G1 X-6.422 Y-25.427 Z40.492 E514.21874
G1 X-5.16 Y-25.712 Z40.5 E514.82717
;TIME_ELAPSED:299.716562
;LAYER:40
;note -- min layer time used
;TYPE:WALL-OUTER
;MESH:step-vase.stl
G1 F1998.6 X-3.881 Y-25.94 Z40.508 E515.43813
G1 X-2.585 Y-26.105 Z40.516 E516.05252
G1 X-1.305 Y-26.205 Z40.523 E516.6563
G1 X0.00 Y-26.241 Z40.531 E517.27024
G1 X1.305 Y-26.213 Z40.539 E517.88409
G1 X2.587 Y-26.123 Z40.547 E518.48847
G1 X3.885 Y-25.966 Z40.555 E519.10333
G1 X5.167 Y-25.747 Z40.562 E519.71495
G1 X6.432 Y-25.465 Z40.57 E520.32445
G1 X7.691 Y-25.118 Z40.578 E520.9386
G1 X8.915 Y-24.715 Z40.586 E521.54461
G1 X10.136 Y-24.245 Z40.594 E522.15988
G1 X11.312 Y-23.723 Z40.601 E522.76495
G1 X12.49 Y-23.131 Z40.609 E523.38496
G1 X13.611 Y-22.494 Z40.617 E523.9913
G1 X14.715 Y-21.794 Z40.625 E524.60605
G1 X15.774 Y-21.045 Z40.633 E525.21604
G1 X16.796 Y-20.245 Z40.64 E525.8264
G1 X17.788 Y-19.385 Z40.648 E526.44381
G1 X18.728 Y-18.485 Z40.656 E527.05581
G1 X19.612 Y-17.551 Z40.664 E527.66059
G1 X20.473 Y-16.546 Z40.672 E528.28294
G1 X21.261 Y-15.527 Z40.68 E528.88872
G1 X22.01 Y-14.456 Z40.687 E529.50332
G1 X22.699 Y-13.357 Z40.695 E530.11332
G1 X23.339 Y-12.215 Z40.703 E530.72896
G1 X23.917 Y-11.05 Z40.711 E531.34055
G1 X24.443 Y-9.846 Z40.719 E531.95844
G1 X24.899 Y-8.641 Z40.726 E532.56433
G1 X25.306 Y-7.385 Z40.734 E533.18523
G1 X25.64 Y-6.144 Z40.742 E533.78961
G1 X25.917 Y-4.866 Z40.75 E534.40457
G1 X26.131 Y-3.571 Z40.758 E535.02183
G1 X26.281 Y-2.27 Z40.766 E535.63771
G1 X26.365 Y-.978 Z40.773 E536.24658
G1 X26.387 Y0.332 Z40.781 E536.86273
G1 X26.342 Y1.645 Z40.789 E537.48056
G1 X26.235 Y2.931 Z40.797 E538.08742
G1 X26.062 Y4.234 Z40.805 E538.70556
G1 X25.827 Y5.503 Z40.813 E539.31249
G1 X25.524 Y6.787 Z40.821 E539.9329
G1 X25.158 Y8.055 Z40.828 E540.55355
G1 X24.74 Y9.275 Z40.836 E541.16002
G1 X24.253 Y10.495 Z40.844 E541.77778
G1 X23.713 Y11.672 Z40.852 E542.38676
G1 X23.103 Y12.846 Z40.86 E543.00894
G1 X22.448 Y13.969 Z40.868 E543.62032
G1 X21.73 Y15.069 Z40.875 E544.23807
G1 X20.967 Y16.122 Z40.883 E544.8496
G1 X20.142 Y17.149 Z40.891 E545.4691
G1 X19.277 Y18.122 Z40.899 E546.08135
G1 X18.356 Y19.062 Z40.907 E546.70023
G1 X17.392 Y19.951 Z40.915 E547.31692
G1 X16.389 Y20.788 Z40.923 E547.93126
G1 X15.353 Y21.57 Z40.93 E548.54168
G1 X14.259 Y22.314 Z40.938 E549.16385
G1 X13.143 Y22.994 Z40.946 E549.77843
G1 X12.003 Y23.614 Z40.954 E550.3887
G1 X10.814 Y24.186 Z40.962 E551.00919
G1 X9.602 Y24.698 Z40.97 E551.62793
G1 X8.373 Y25.146 Z40.978 E552.2431
G1 X7.122 Y25.533 Z40.986 E552.85892
G1 X5.859 Y25.857 Z40.993 E553.4721
G1 X4.554 Y26.123 Z41.001 E554.09843
G1 X3.287 Y26.317 Z41.009 E554.70121
G1 X1.957 Y26.453 Z41.017 E555.32993
G1 X0.659 Y26.522 Z41.025 E555.94121
G1 X-.66 Y26.526 Z41.033 E556.5615
G1 X-1.958 Y26.466 Z41.041 E557.17257
G1 X-3.29 Y26.339 Z41.049 E557.80181
G1 X-4.56 Y26.153 Z41.056 E558.40542
G1 X-5.868 Y25.896 Z41.064 E559.0323
G1 X-7.14 Y25.579 Z41.072 E559.64878
G1 X-8.39 Y25.201 Z41.08 E560.26292
G1 X-9.626 Y24.76 Z41.088 E560.88006
G1 X-10.845 Y24.255 Z41.096 E561.50057
G1 X-12.041 Y23.689 Z41.104 E562.12282
G1 X-13.189 Y23.075 Z41.112 E562.73506
G1 X-14.316 Y22.398 Z41.12 E563.35333
G1 X-15.414 Y21.663 Z41.127 E563.9747
G1 X-16.465 Y20.88 Z41.135 E564.59104
G1 X-17.478 Y20.045 Z41.143 E565.20841
G1 X-18.448 Y19.163 Z41.151 E565.82495
G1 X-19.386 Y18.219 Z41.159 E566.45078
G1 X-20.26 Y17.249 Z41.167 E567.0648
G1 X-21.096 Y16.223 Z41.175 E567.68719
G1 X-21.871 Y15.169 Z41.183 E568.30243
G1 X-22.602 Y14.064 Z41.191 E568.9255
G1 X-23.271 Y12.935 Z41.199 E569.54265
G1 X-23.891 Y11.76 Z41.207 E570.16743
G1 X-24.444 Y10.578 Z41.214 E570.78112
G1 X-24.943 Y9.352 Z41.222 E571.4036
G1 X-25.373 Y8.124 Z41.23 E572.01547
G1 X-25.751 Y6.846 Z41.238 E572.64222
G1 X-26.064 Y5.557 Z41.246 E573.26602
G1 X-26.311 Y4.274 Z41.254 E573.88046
G1 X-26.495 Y2.96 Z41.262 E574.50442
G1 X-26.611 Y1.663 Z41.27 E575.1168
G1 X-26.665 Y0.335 Z41.278 E575.74184
G1 X-26.653 Y-.99 Z41.286 E576.36498
G1 X-26.576 Y-2.297 Z41.294 E576.98069
G1 X-26.433 Y-3.613 Z41.301 E577.60321
G1 X-26.226 Y-4.924 Z41.309 E578.22737
G1 X-25.954 Y-6.22 Z41.317 E578.85012
G1 X-25.624 Y-7.478 Z41.325 E579.46174
G1 X-25.221 Y-8.753 Z41.333 E580.09058
G1 X-24.767 Y-9.978 Z41.341 E580.70495
G1 X-24.243 Y-11.201 Z41.349 E581.33066
G1 X-23.664 Y-12.386 Z41.357 E581.9509
G1 X-23.024 Y-13.548 Z41.365 E582.57476
G1 X-22.332 Y-14.667 Z41.373 E583.19349
G1 X-21.579 Y-15.76 Z41.381 E583.81767
G1 X-20.78 Y-16.808 Z41.389 E584.43742
G1 X-19.926 Y-17.818 Z41.397 E585.05942
G1 X-19.026 Y-18.781 Z41.405 E585.67929
G1 X-18.08 Y-19.7 Z41.413 E586.29953
G1 X-17.068 Y-20.589 Z41.421 E586.93299
G1 X-16.05 Y-21.397 Z41.428 E587.5442
G1 X-14.969 Y-22.172 Z41.436 E588.16971
G1 X-13.845 Y-22.895 Z41.444 E588.79821
G1 X-12.715 Y-23.547 Z41.452 E589.41173
G1 X-11.521 Y-24.159 Z41.46 E590.0427
G1 X-10.333 Y-24.695 Z41.468 E590.65561
G1 X-9.085 Y-25.185 Z41.476 E591.28613
G1 X-7.84 Y-25.604 Z41.484 E591.90389
G1 X-6.56 Y-25.966 Z41.492 E592.52945
G1 X-5.27 Y-26.263 Z41.5 E593.15197
;TIME_ELAPSED:304.724918
;LAYER:41
;note -- min layer time used
;TYPE:WALL-OUTER
;MESH:step-vase.stl
G1 F2052.2 X-3.963 Y-26.5 Z41.508 E593.77664
G1 X-2.645 Y-26.67 Z41.516 E594.40159
G1 X-1.332 Y-26.774 Z41.523 E595.02099
G1 X0.00 Y-26.813 Z41.531 E595.64766
G1 X1.333 Y-26.788 Z41.539 E596.27464
G1 X2.648 Y-26.696 Z41.547 E596.89456
G1 X3.969 Y-26.54 Z41.554 E597.52011
G1 X5.281 Y-26.317 Z41.562 E598.14595
G1 X6.576 Y-26.03 Z41.57 E598.76973
G1 X7.863 Y-25.678 Z41.578 E599.3972
G1 X9.116 Y-25.268 Z41.585 E600.0172
G1 X10.37 Y-24.787 Z41.593 E600.64881
G1 X11.571 Y-24.258 Z41.601 E601.26597
G1 X12.772 Y-23.655 Z41.609 E601.89796
G1 X13.916 Y-23.008 Z41.616 E602.51603
G1 X15.05 Y-22.292 Z41.624 E603.14672
G1 X16.142 Y-21.522 Z41.632 E603.77509
G1 X17.176 Y-20.716 Z41.64 E604.39163
G1 X18.199 Y-19.833 Z41.648 E605.02714
G1 X19.161 Y-18.914 Z41.655 E605.6528
G1 X20.077 Y-17.95 Z41.663 E606.27816
G1 X20.943 Y-16.942 Z41.671 E606.90312
G1 X21.759 Y-15.891 Z41.679 E607.52885
G1 X22.527 Y-14.796 Z41.687 E608.15783
G1 X23.236 Y-13.671 Z41.694 E608.78319
G1 X23.891 Y-12.507 Z41.702 E609.4113
G1 X24.487 Y-11.311 Z41.71 E610.03971
G1 X25.023 Y-10.087 Z41.718 E610.6681
G1 X25.496 Y-8.846 Z41.726 E611.29266
G1 X25.913 Y-7.563 Z41.733 E611.92709
G1 X26.258 Y-6.293 Z41.741 E612.54598
G1 X26.543 Y-4.984 Z41.749 E613.17598
G1 X26.765 Y-3.658 Z41.757 E613.80824
G1 X26.921 Y-2.327 Z41.765 E614.43846
G1 X27.009 Y-1.004 Z41.772 E615.062
G1 X27.033 Y0.341 Z41.78 E615.69462
G1 X26.99 Y1.686 Z41.788 E616.32746
G1 X26.883 Y3.003 Z41.796 E616.94885
G1 X26.707 Y4.339 Z41.804 E617.58256
G1 X26.468 Y5.645 Z41.812 E618.20694
G1 X26.16 Y6.958 Z41.819 E618.84116
G1 X25.789 Y8.253 Z41.827 E619.47467
G1 X25.36 Y9.511 Z41.835 E620.09972
G1 X24.865 Y10.756 Z41.843 E620.72979
G1 X24.31 Y11.971 Z41.851 E621.35796
G1 X23.693 Y13.165 Z41.859 E621.99
G1 X23.019 Y14.323 Z41.866 E622.6201
G1 X22.282 Y15.457 Z41.874 E623.25612
G1 X21.503 Y16.537 Z41.882 E623.88235
G1 X20.659 Y17.589 Z41.89 E624.51662
G1 X19.776 Y18.587 Z41.898 E625.14328
G1 X18.829 Y19.557 Z41.906 E625.78079
G1 X17.849 Y20.463 Z41.914 E626.40843
G1 X16.822 Y21.324 Z41.921 E627.03867
G1 X15.751 Y22.136 Z41.929 E627.67073
G1 X14.637 Y22.896 Z41.937 E628.30491
G1 X13.49 Y23.597 Z41.945 E628.93708
G1 X12.315 Y24.239 Z41.953 E629.56675
G1 X11.101 Y24.826 Z41.961 E630.20089
G1 X9.858 Y25.353 Z41.969 E630.83581
G1 X8.596 Y25.815 Z41.976 E631.46781
G1 X7.311 Y26.215 Z41.984 E632.10071
G1 X6.021 Y26.548 Z41.992 E632.72725
G1 X4.686 Y26.823 Z42 E633.36824
G1 X3.366 Y27.027 Z42.008 E633.99637
G1 X2.011 Y27.167 Z42.016 E634.63698
G1 X0.678 Y27.241 Z42.024 E635.26482
G1 X-.678 Y27.247 Z42.032 E635.90252
G1 X-2.012 Y27.188 Z42.039 E636.53047
G1 X-3.369 Y27.06 Z42.047 E637.17146
G1 X-4.695 Y26.869 Z42.055 E637.80148
G1 X-6.035 Y26.608 Z42.063 E638.44349
G1 X-7.329 Y26.287 Z42.071 E639.07046
G1 X-8.626 Y25.898 Z42.079 E639.70725
G1 X-9.894 Y25.447 Z42.087 E640.34015
G1 X-11.148 Y24.931 Z42.095 E640.97784
G1 X-12.372 Y24.354 Z42.103 E641.61421
G1 X-13.561 Y23.72 Z42.11 E642.24788
G1 X-14.72 Y23.027 Z42.118 E642.88293
G1 X-15.851 Y22.273 Z42.126 E643.52217
G1 X-16.935 Y21.467 Z42.134 E644.15742
G1 X-17.978 Y20.61 Z42.142 E644.79225
G1 X-18.976 Y19.705 Z42.15 E645.42581
G1 X-19.936 Y18.742 Z42.158 E646.06528
G1 X-20.839 Y17.742 Z42.166 E646.69891
G1 X-21.701 Y16.689 Z42.174 E647.33887
G1 X-22.499 Y15.607 Z42.182 E647.97112
G1 X-23.254 Y14.47 Z42.19 E648.61297
G1 X-23.947 Y13.306 Z42.198 E649.25003
G1 X-24.582 Y12.108 Z42.205 E649.88767
G1 X-25.158 Y10.879 Z42.213 E650.52596
G1 X-25.669 Y9.629 Z42.221 E651.16102
G1 X-26.119 Y8.353 Z42.229 E651.79731
G1 X-26.505 Y7.055 Z42.237 E652.43414
G1 X-26.831 Y5.721 Z42.245 E653.07995
G1 X-27.087 Y4.4 Z42.253 E653.71273
G1 X-27.279 Y3.047 Z42.261 E654.35539
G1 X-27.401 Y1.71 Z42.269 E654.98675
G1 X-27.459 Y0.347 Z42.277 E655.62831
G1 X-27.448 Y-1.02 Z42.285 E656.2712
G1 X-27.372 Y-2.366 Z42.293 E656.90519
G1 X-27.227 Y-3.721 Z42.301 E657.54605
G1 X-27.015 Y-5.073 Z42.309 E658.18962
G1 X-26.737 Y-6.408 Z42.317 E658.83091
G1 X-26.398 Y-7.705 Z42.324 E659.46134
G1 X-25.989 Y-9.01 Z42.332 E660.10448
G1 X-25.513 Y-10.298 Z42.341 E660.75023
G1 X-24.986 Y-11.534 Z42.348 E661.38211
G1 X-24.384 Y-12.772 Z42.356 E662.02949
G1 X-23.734 Y-13.957 Z42.364 E662.6651
G1 X-23.019 Y-15.119 Z42.372 E663.30671
G1 X-22.245 Y-16.246 Z42.38 E663.94967
G1 X-21.421 Y-17.329 Z42.388 E664.58963
G1 X-20.545 Y-18.369 Z42.396 E665.22909
G1 X-19.617 Y-19.365 Z42.404 E665.86928
G1 X-18.636 Y-20.322 Z42.412 E666.51378
G1 X-17.619 Y-21.216 Z42.42 E667.15056
G1 X-16.54 Y-22.077 Z42.428 E667.79974
G1 X-15.436 Y-22.872 Z42.436 E668.43952
G1 X-14.298 Y-23.606 Z42.444 E669.07635
G1 X-13.108 Y-24.294 Z42.452 E669.72277
G1 X-11.902 Y-24.915 Z42.46 E670.3607
G1 X-10.644 Y-25.485 Z42.468 E671.01019
G1 X-9.374 Y-25.986 Z42.476 E671.65223
G1 X-8.09 Y-26.421 Z42.484 E672.28977
G1 X-6.77 Y-26.796 Z42.492 E672.93509
G1 X-5.44 Y-27.105 Z42.5 E673.57721
;TIME_ELAPSED:309.733492
;LAYER:42
;note -- min layer time used
;TYPE:WALL-OUTER
;MESH:step-vase.stl
G1 F2097 X-4.092 Y-27.343 Z42.508 E674.22095
G1 X-2.727 Y-27.515 Z42.516 E674.86794
G1 X-1.375 Y-27.619 Z42.523 E675.50563
G1 X0.00 Y-27.655 Z42.531 E676.15247
G1 X1.376 Y-27.624 Z42.539 E676.79973
G1 X2.728 Y-27.526 Z42.547 E677.43721
G1 X4.095 Y-27.358 Z42.555 E678.0849
G1 X5.444 Y-27.125 Z42.563 E678.72869
G1 X6.777 Y-26.826 Z42.571 E679.37114
G1 X8.102 Y-26.459 Z42.578 E680.01771
G1 X9.391 Y-26.032 Z42.586 E680.65629
G1 X10.676 Y-25.535 Z42.594 E681.30421
G1 X11.931 Y-24.976 Z42.602 E681.9503
G1 X13.143 Y-24.364 Z42.61 E682.58881
G1 X14.341 Y-23.682 Z42.618 E683.23709
G1 X15.49 Y-22.951 Z42.625 E683.87752
G1 X16.604 Y-22.16 Z42.633 E684.52003
G1 X17.693 Y-21.304 Z42.641 E685.17143
G1 X18.718 Y-20.415 Z42.649 E685.80951
G1 X19.712 Y-19.459 Z42.657 E686.45807
G1 X20.649 Y-18.466 Z42.665 E687.10013
G1 X21.545 Y-17.418 Z42.672 E687.74854
G1 X22.376 Y-16.342 Z42.68 E688.38789
G1 X23.161 Y-15.212 Z42.688 E689.03494
G1 X23.889 Y-14.047 Z42.696 E689.68098
G1 X24.551 Y-12.862 Z42.704 E690.31932
G1 X25.161 Y-11.627 Z42.712 E690.96709
G1 X25.713 Y-10.358 Z42.72 E691.61788
G1 X26.195 Y-9.082 Z42.727 E692.25932
G1 X26.615 Y-7.773 Z42.735 E692.90582
G1 X26.968 Y-6.458 Z42.743 E693.54612
G1 X27.256 Y-5.119 Z42.751 E694.19022
G1 X27.48 Y-3.755 Z42.759 E694.84026
G1 X27.636 Y-2.388 Z42.767 E695.48729
G1 X27.722 Y-1.03 Z42.774 E696.1272
G1 X27.742 Y0.351 Z42.782 E696.77671
G1 X27.693 Y1.728 Z42.79 E697.42469
G1 X27.579 Y3.081 Z42.798 E698.06322
G1 X27.394 Y4.45 Z42.806 E698.71287
G1 X27.145 Y5.787 Z42.814 E699.35244
G1 X26.824 Y7.141 Z42.822 E700.00684
G1 X26.443 Y8.455 Z42.829 E700.65022
G1 X25.995 Y9.75 Z42.837 E701.29464
G1 X25.486 Y11.021 Z42.845 E701.9385
G1 X24.909 Y12.276 Z42.853 E702.58808
G1 X24.278 Y13.486 Z42.861 E703.22984
G1 X23.58 Y14.679 Z42.869 E703.87984
G1 X22.829 Y15.826 Z42.877 E704.52458
G1 X22.023 Y16.936 Z42.884 E705.16968
G1 X21.155 Y18.011 Z42.892 E705.81945
G1 X20.241 Y19.036 Z42.9 E706.46528
G1 X19.28 Y20.014 Z42.908 E707.11009
G1 X18.269 Y20.943 Z42.916 E707.75578
G1 X17.21 Y21.826 Z42.924 E708.4042
G1 X16.12 Y22.647 Z42.932 E709.04594
G1 X14.972 Y23.425 Z42.94 E709.69811
G1 X13.803 Y24.134 Z42.947 E710.34106
G1 X12.595 Y24.789 Z42.955 E710.98728
G1 X11.348 Y25.387 Z42.963 E711.63766
G1 X10.082 Y25.919 Z42.971 E712.28345
G1 X8.791 Y26.388 Z42.979 E712.92939
G1 X7.467 Y26.796 Z42.987 E713.58093
G1 X6.155 Y27.13 Z42.995 E714.2176
G1 X4.796 Y27.405 Z43.002 E714.86965
G1 X3.431 Y27.611 Z43.01 E715.51884
G1 X2.054 Y27.75 Z43.018 E716.1697
G1 X0.691 Y27.821 Z43.026 E716.81155
G1 X-.691 Y27.824 Z43.034 E717.46146
G1 X-2.054 Y27.758 Z43.042 E718.1032
G1 X-3.432 Y27.624 Z43.05 E718.75429
G1 X-4.799 Y27.423 Z43.058 E719.40406
G1 X-6.16 Y27.153 Z43.066 E720.05657
G1 X-7.477 Y26.823 Z43.073 E720.69507
G1 X-8.799 Y26.422 Z43.081 E721.34474
G1 X-10.098 Y25.955 Z43.089 E721.9939
G1 X-11.366 Y25.428 Z43.097 E722.63965
G1 X-12.618 Y24.833 Z43.105 E723.29154
G1 X-13.832 Y24.181 Z43.113 E723.93958
G1 X-15.004 Y23.475 Z43.121 E724.58301
G1 X-16.157 Y22.701 Z43.129 E725.23608
G1 X-17.252 Y21.883 Z43.136 E725.87885
G1 X-18.319 Y21 Z43.144 E726.53016
G1 X-19.336 Y20.073 Z43.152 E727.1773
G1 X-20.303 Y19.095 Z43.16 E727.82409
G1 X-21.224 Y18.07 Z43.168 E728.47212
G1 X-22.099 Y16.995 Z43.176 E729.12396
G1 X-22.913 Y15.883 Z43.184 E729.77203
G1 X-23.669 Y14.737 Z43.192 E730.41767
G1 X-24.378 Y13.538 Z43.2 E731.07273
G1 X-25.013 Y12.332 Z43.207 E731.71369
G1 X-25.598 Y11.072 Z43.215 E732.36698
G1 X-26.117 Y9.793 Z43.223 E733.0161
G1 X-26.569 Y8.498 Z43.231 E733.66113
G1 X-26.958 Y7.173 Z43.239 E734.31054
G1 X-27.286 Y5.817 Z43.247 E734.96661
G1 X-27.541 Y4.474 Z43.255 E735.60947
G1 X-27.732 Y3.098 Z43.263 E736.26277
G1 X-27.852 Y1.737 Z43.271 E736.9053
G1 X-27.907 Y0.352 Z43.279 E737.55714
G1 X-27.891 Y-1.036 Z43.286 E738.20991
G1 X-27.81 Y-2.402 Z43.294 E738.85343
G1 X-27.658 Y-3.779 Z43.302 E739.50493
G1 X-27.438 Y-5.155 Z43.31 E740.16024
G1 X-27.156 Y-6.489 Z43.318 E740.80145
G1 X-26.799 Y-7.841 Z43.326 E741.45905
G1 X-26.382 Y-9.156 Z43.334 E742.1078
G1 X-25.907 Y-10.43 Z43.342 E742.74722
G1 X-25.352 Y-11.72 Z43.35 E743.40763
G1 X-24.743 Y-12.962 Z43.358 E744.05815
G1 X-24.081 Y-14.16 Z43.365 E744.70182
G1 X-23.351 Y-15.337 Z43.373 E745.35315
G1 X-22.563 Y-16.479 Z43.381 E746.00565
G1 X-21.733 Y-17.563 Z43.389 E746.64769
G1 X-20.824 Y-18.636 Z43.397 E747.30902
G1 X-19.89 Y-19.632 Z43.405 E747.95114
G1 X-18.888 Y-20.603 Z43.413 E748.60731
G1 X-17.852 Y-21.509 Z43.421 E749.25453
G1 X-16.774 Y-22.363 Z43.429 E749.90129
G1 X-15.643 Y-23.171 Z43.437 E750.55495
G1 X-14.477 Y-23.919 Z43.445 E751.20642
G1 X-13.27 Y-24.613 Z43.453 E751.86118
G1 X-12.048 Y-25.237 Z43.46 E752.50644
G1 X-10.794 Y-25.8 Z43.468 E753.15287
G1 X-9.491 Y-26.31 Z43.476 E753.81089
G1 X-8.189 Y-26.747 Z43.484 E754.45676
G1 X-6.847 Y-27.123 Z43.492 E755.11216
G1 X-5.509 Y-27.429 Z43.5 E755.75763
;TIME_ELAPSED:314.742249
;LAYER:43
;note -- min layer time used
;TYPE:WALL-OUTER
;MESH:step-vase.stl
G1 F2110.1 X-4.157 Y-27.665 Z43.508 E756.40306
G1 X-2.758 Y-27.84 Z43.516 E757.06609
G1 X-1.392 Y-27.942 Z43.524 E757.71027
G1 X0.00 Y-27.976 Z43.532 E758.36509
G1 X1.391 Y-27.943 Z43.539 E759.01942
G1 X2.758 Y-27.84 Z43.547 E759.6641
G1 X4.156 Y-27.667 Z43.555 E760.32655
G1 X5.493 Y-27.433 Z43.563 E760.96486
G1 X6.848 Y-27.127 Z43.571 E761.61813
G1 X8.196 Y-26.751 Z43.579 E762.27625
G1 X9.488 Y-26.32 Z43.587 E762.91676
G1 X10.791 Y-25.814 Z43.595 E763.57411
G1 X12.061 Y-25.247 Z43.602 E764.22817
G1 X13.278 Y-24.628 Z43.61 E764.87027
G1 X14.491 Y-23.934 Z43.618 E765.52747
G1 X15.65 Y-23.193 Z43.626 E766.17439
G1 X16.779 Y-22.39 Z43.634 E766.82593
G1 X17.867 Y-21.533 Z43.642 E767.47725
G1 X18.918 Y-20.616 Z43.65 E768.13319
G1 X19.901 Y-19.666 Z43.657 E768.77606
G1 X20.858 Y-18.651 Z43.665 E769.4321
G1 X21.755 Y-17.595 Z43.673 E770.08368
G1 X22.604 Y-16.493 Z43.681 E770.73789
G1 X23.388 Y-15.361 Z43.689 E771.38544
G1 X24.121 Y-14.183 Z43.697 E772.03791
G1 X24.782 Y-12.993 Z43.705 E772.67808
G1 X25.404 Y-11.728 Z43.713 E773.34099
G1 X25.949 Y-10.468 Z43.72 E773.98659
G1 X26.439 Y-9.164 Z43.728 E774.64169
G1 X26.856 Y-7.859 Z43.736 E775.28596
G1 X27.217 Y-6.502 Z43.744 E775.94632
G1 X27.501 Y-5.168 Z43.752 E776.58772
G1 X27.725 Y-3.788 Z43.76 E777.24519
G1 X27.88 Y-2.407 Z43.768 E777.89871
G1 X27.964 Y-1.039 Z43.776 E778.54325
G1 X27.983 Y0.352 Z43.783 E779.19746
G1 X27.931 Y1.742 Z43.791 E779.85159
G1 X27.812 Y3.11 Z43.799 E780.49736
G1 X27.624 Y4.486 Z43.807 E781.15046
G1 X27.371 Y5.835 Z43.815 E781.79592
G1 X27.045 Y7.195 Z43.823 E782.45361
G1 X26.654 Y8.532 Z43.831 E783.10869
G1 X26.203 Y9.832 Z43.839 E783.75579
G1 X25.692 Y11.099 Z43.846 E784.39826
G1 X25.106 Y12.37 Z43.854 E785.05645
G1 X24.465 Y13.593 Z43.862 E785.7058
G1 X23.764 Y14.785 Z43.87 E786.35611
G1 X22.995 Y15.955 Z43.878 E787.01453
G1 X22.182 Y17.068 Z43.886 E787.66271
G1 X21.318 Y18.135 Z43.894 E788.30837
G1 X20.389 Y19.174 Z43.902 E788.96382
G1 X19.418 Y20.159 Z43.909 E789.61427
G1 X18.403 Y21.089 Z43.917 E790.26166
G1 X17.325 Y21.983 Z43.925 E790.92026
G1 X16.239 Y22.797 Z43.933 E791.55851
G1 X15.064 Y23.591 Z43.941 E792.22541
G1 X13.9 Y24.295 Z43.949 E792.86514
G1 X12.682 Y24.952 Z43.957 E793.51595
G1 X11.426 Y25.552 Z43.965 E794.17055
G1 X10.143 Y26.088 Z43.972 E794.82444
G1 X8.853 Y26.554 Z43.98 E795.46946
G1 X7.508 Y26.965 Z43.988 E796.13085
G1 X6.193 Y27.297 Z43.996 E796.76866
G1 X4.808 Y27.575 Z44.004 E797.43298
G1 X3.47 Y27.775 Z44.012 E798.06919
G1 X2.066 Y27.914 Z44.02 E798.73268
G1 X0.696 Y27.983 Z44.027 E799.37777
G1 X-.696 Y27.983 Z44.035 E800.03238
G1 X-2.066 Y27.914 Z44.043 E800.67747
G1 X-3.469 Y27.776 Z44.051 E801.34045
G1 X-4.807 Y27.576 Z44.059 E801.97666
G1 X-6.194 Y27.298 Z44.067 E802.6419
G1 X-7.508 Y26.967 Z44.075 E803.27914
G1 X-8.853 Y26.555 Z44.083 E803.94067
G1 X-10.143 Y26.089 Z44.09 E804.58569
G1 X-11.426 Y25.553 Z44.098 E805.23958
G1 X-12.683 Y24.953 Z44.106 E805.8946
G1 X-13.901 Y24.297 Z44.114 E806.54519
G1 X-15.065 Y23.593 Z44.122 E807.18491
G1 X-16.24 Y22.799 Z44.13 E807.85182
G1 X-17.326 Y21.985 Z44.138 E808.49007
G1 X-18.404 Y21.092 Z44.146 E809.14837
G1 X-19.42 Y20.161 Z44.153 E809.79643
G1 X-20.39 Y19.177 Z44.161 E810.44621
G1 X-21.32 Y18.137 Z44.169 E811.10232
G1 X-22.183 Y17.07 Z44.177 E811.74768
G1 X-22.997 Y15.957 Z44.185 E812.39614
G1 X-23.766 Y14.787 Z44.193 E813.05456
G1 X-24.467 Y13.596 Z44.201 E813.70447
G1 X-25.109 Y12.372 Z44.209 E814.35446
G1 X-25.696 Y11.101 Z44.217 E815.01284
G1 X-26.206 Y9.834 Z44.224 E815.65513
G1 X-26.657 Y8.534 Z44.232 E816.30223
G1 X-27.049 Y7.196 Z44.24 E816.9579
G1 X-27.375 Y5.835 Z44.248 E817.61605
G1 X-27.628 Y4.487 Z44.256 E818.26104
G1 X-27.816 Y3.11 Z44.264 E818.91461
G1 X-27.935 Y1.743 Z44.272 E819.55991
G1 X-27.987 Y0.352 Z44.279 E820.21451
G1 X-27.969 Y-1.039 Z44.287 E820.86871
G1 X-27.885 Y-2.408 Z44.295 E821.51372
G1 X-27.73 Y-3.789 Z44.303 E822.16725
G1 X-27.506 Y-5.169 Z44.311 E822.82472
G1 X-27.222 Y-6.504 Z44.319 E823.46658
G1 X-26.861 Y-7.861 Z44.327 E824.12693
G1 X-26.445 Y-9.165 Z44.335 E824.77062
G1 X-25.956 Y-10.47 Z44.342 E825.42599
G1 X-25.412 Y-11.73 Z44.35 E826.0714
G1 X-24.789 Y-12.996 Z44.358 E826.73495
G1 X-24.127 Y-14.186 Z44.366 E827.37534
G1 X-23.394 Y-15.364 Z44.374 E828.02781
G1 X-22.61 Y-16.497 Z44.382 E828.67575
G1 X-21.761 Y-17.599 Z44.39 E829.32995
G1 X-20.863 Y-18.654 Z44.398 E829.98148
G1 X-19.908 Y-19.672 Z44.406 E830.6379
G1 X-18.923 Y-20.62 Z44.413 E831.2808
G1 X-17.872 Y-21.538 Z44.421 E831.93705
G1 X-16.784 Y-22.395 Z44.429 E832.58837
G1 X-15.655 Y-23.199 Z44.437 E833.24018
G1 X-14.496 Y-23.941 Z44.445 E833.88735
G1 X-13.282 Y-24.636 Z44.453 E834.5452
G1 X-12.065 Y-25.254 Z44.461 E835.18709
G1 X-10.795 Y-25.822 Z44.468 E835.84134
G1 X-9.492 Y-26.329 Z44.476 E836.49886
G1 X-8.2 Y-26.759 Z44.484 E837.13921
G1 X-6.851 Y-27.135 Z44.492 E837.79779
G1 X-5.495 Y-27.442 Z44.5 E838.45162
;TIME_ELAPSED:319.751060
;LAYER:44
;note -- min layer time used
;TYPE:WALL-OUTER
;MESH:step-vase.stl
G1 F2107.4 X-4.118 Y-27.68 Z44.508 E839.10878
G1 X-2.777 Y-27.846 Z44.516 E839.74423
G1 X-1.394 Y-27.949 Z44.524 E840.39642
G1 X-0.002 Y-27.983 Z44.531 E841.05123
G1 X1.392 Y-27.949 Z44.539 E841.70698
G1 X2.776 Y-27.845 Z44.547 E842.35968
G1 X4.117 Y-27.678 Z44.555 E842.99518
G1 X5.514 Y-27.434 Z44.563 E843.6621
G1 X6.85 Y-27.13 Z44.571 E844.30644
G1 X8.198 Y-26.754 Z44.579 E844.96456
G1 X9.495 Y-26.321 Z44.587 E845.6076
G1 X10.801 Y-25.812 Z44.595 E846.26677
G1 X12.052 Y-25.252 Z44.602 E846.91133
G1 X13.278 Y-24.629 Z44.61 E847.55806
G1 X14.484 Y-23.939 Z44.618 E848.21147
G1 X15.657 Y-23.188 Z44.626 E848.86647
G1 X16.777 Y-22.39 Z44.634 E849.51319
G1 X17.876 Y-21.521 Z44.642 E850.17207
G1 X18.904 Y-20.625 Z44.65 E850.81337
G1 X19.912 Y-19.654 Z44.658 E851.47156
G1 X20.856 Y-18.647 Z44.666 E852.12067
G1 X21.753 Y-17.591 Z44.673 E852.77225
G1 X22.59 Y-16.504 Z44.681 E853.41743
G1 X23.379 Y-15.364 Z44.689 E854.06941
G1 X24.109 Y-14.191 Z44.697 E854.71914
G1 X24.794 Y-12.955 Z44.705 E855.38369
G1 X25.391 Y-11.741 Z44.713 E856.0199
G1 X25.943 Y-10.464 Z44.721 E856.67414
G1 X26.429 Y-9.167 Z44.729 E857.3255
G1 X26.85 Y-7.845 Z44.736 E857.97796
G1 X27.207 Y-6.502 Z44.744 E858.63147
G1 X27.49 Y-5.167 Z44.752 E859.27323
G1 X27.713 Y-3.79 Z44.76 E859.92923
G1 X27.868 Y-2.404 Z44.768 E860.58509
G1 X27.951 Y-1.039 Z44.776 E861.2282
G1 X27.968 Y0.349 Z44.784 E861.88099
G1 X27.917 Y1.741 Z44.792 E862.53604
G1 X27.797 Y3.108 Z44.799 E863.18138
G1 X27.609 Y4.483 Z44.807 E863.83401
G1 X27.354 Y5.835 Z44.815 E864.48103
G1 X27.029 Y7.189 Z44.823 E865.13587
G1 X26.641 Y8.519 Z44.831 E865.7874
G1 X26.187 Y9.826 Z44.839 E866.43807
G1 X25.673 Y11.099 Z44.847 E867.08368
G1 X25.09 Y12.36 Z44.855 E867.73701
G1 X24.443 Y13.593 Z44.863 E868.39184
G1 X23.752 Y14.765 Z44.87 E869.03166
G1 X22.979 Y15.941 Z44.878 E869.69347
G1 X22.174 Y17.043 Z44.886 E870.33525
G1 X21.293 Y18.13 Z44.894 E870.99325
G1 X20.372 Y19.16 Z44.902 E871.64304
G1 X19.413 Y20.131 Z44.91 E872.28484
G1 X18.384 Y21.073 Z44.918 E872.9409
G1 X17.313 Y21.961 Z44.926 E873.59516
G1 X16.201 Y22.793 Z44.933 E874.24827
G1 X15.074 Y23.553 Z44.941 E874.88752
G1 X13.878 Y24.277 Z44.949 E875.54499
G1 X12.653 Y24.936 Z44.957 E876.19914
G1 X11.423 Y25.522 Z44.965 E876.83987
G1 X10.132 Y26.062 Z44.973 E877.49796
G1 X8.843 Y26.527 Z44.981 E878.14238
G1 X7.5 Y26.936 Z44.989 E878.80259
G1 X6.191 Y27.266 Z44.996 E879.43744
G1 X4.817 Y27.541 Z45.004 E880.0964
G1 X3.443 Y27.746 Z45.012 E880.74971
G1 X2.063 Y27.882 Z45.02 E881.40183
G1 X0.695 Y27.95 Z45.028 E882.04596
G1 X-.693 Y27.95 Z45.036 E882.69869
G1 X-2.063 Y27.881 Z45.044 E883.34378
G1 X-3.443 Y27.744 Z45.051 E883.99594
G1 X-4.816 Y27.538 Z45.059 E884.64885
G1 X-6.189 Y27.262 Z45.067 E885.30745
G1 X-7.498 Y26.931 Z45.075 E885.94242
G1 X-8.84 Y26.52 Z45.083 E886.60245
G1 X-10.129 Y26.054 Z45.091 E887.24703
G1 X-11.418 Y25.514 Z45.099 E887.90426
G1 X-12.648 Y24.927 Z45.107 E888.54518
G1 X-13.872 Y24.267 Z45.114 E889.19914
G1 X-15.067 Y23.543 Z45.122 E889.85621
G1 X-16.192 Y22.782 Z45.13 E890.49494
G1 X-17.302 Y21.951 Z45.138 E891.14702
G1 X-18.373 Y21.061 Z45.146 E891.80189
G1 X-19.4 Y20.119 Z45.154 E892.45725
G1 X-20.358 Y19.147 Z45.162 E893.09906
G1 X-21.278 Y18.118 Z45.17 E893.74818
G1 X-22.156 Y17.032 Z45.178 E894.40492
G1 X-22.961 Y15.93 Z45.185 E895.04671
G1 X-23.732 Y14.754 Z45.193 E895.708
G1 X-24.421 Y13.581 Z45.201 E896.34776
G1 X-25.067 Y12.35 Z45.209 E897.00153
G1 X-25.649 Y11.089 Z45.217 E897.65466
G1 X-26.161 Y9.815 Z45.225 E898.30036
G1 X-26.613 Y8.511 Z45.233 E898.94939
G1 X-27.002 Y7.176 Z45.24 E899.60331
G1 X-27.324 Y5.828 Z45.248 E900.25507
G1 X-27.578 Y4.478 Z45.256 E900.90107
G1 X-27.764 Y3.104 Z45.264 E901.55312
G1 X-27.883 Y1.739 Z45.272 E902.19748
G1 X-27.934 Y0.351 Z45.28 E902.85065
G1 X-27.916 Y-1.036 Z45.288 E903.50298
G1 X-27.831 Y-2.402 Z45.295 E904.14661
G1 X-27.676 Y-3.783 Z45.303 E904.80013
G1 X-27.452 Y-5.159 Z45.311 E905.45574
G1 X-27.168 Y-6.491 Z45.319 E906.09622
G1 X-26.811 Y-7.833 Z45.327 E906.74928
G1 X-26.389 Y-9.151 Z45.335 E907.40009
G1 X-25.903 Y-10.448 Z45.343 E908.05145
G1 X-25.351 Y-11.721 Z45.351 E908.70396
G1 X-24.753 Y-12.934 Z45.358 E909.33996
G1 X-24.069 Y-14.165 Z45.366 E910.00222
G1 X-23.339 Y-15.336 Z45.374 E910.65115
G1 X-22.552 Y-16.473 Z45.382 E911.30145
G1 X-21.714 Y-17.56 Z45.39 E911.9469
G1 X-20.818 Y-18.612 Z45.398 E912.59675
G1 X-19.873 Y-19.617 Z45.406 E913.2455
G1 X-18.869 Y-20.584 Z45.414 E913.90103
G1 X-17.841 Y-21.479 Z45.421 E914.54202
G1 X-16.744 Y-22.343 Z45.429 E915.1987
G1 X-15.624 Y-23.141 Z45.437 E915.84542
G1 X-14.455 Y-23.887 Z45.445 E916.49757
G1 X-13.249 Y-24.577 Z45.453 E917.15099
G1 X-12.028 Y-25.197 Z45.461 E917.79497
G1 X-10.776 Y-25.755 Z45.469 E918.43958
G1 X-9.473 Y-26.262 Z45.476 E919.0971
G1 X-8.173 Y-26.694 Z45.484 E919.74132
G1 X-6.833 Y-27.068 Z45.492 E920.39557
G1 X-5.5 Y-27.368 Z45.5 E921.03812
;TIME_ELAPSED:324.759859
;LAYER:45
;note -- min layer time used
;TYPE:WALL-OUTER
;MESH:step-vase.stl
G1 F2099.9 X-4.107 Y-27.611 Z45.508 E921.7031
G1 X-2.776 Y-27.776 Z45.516 E922.33383
G1 X-1.389 Y-27.878 Z45.524 E922.98786
G1 X-0.004 Y-27.911 Z45.532 E923.63937
G1 X1.388 Y-27.877 Z45.54 E924.29418
G1 X2.768 Y-27.773 Z45.547 E924.94499
G1 X4.105 Y-27.606 Z45.555 E925.57863
G1 X5.498 Y-27.36 Z45.563 E926.24386
G1 X6.822 Y-27.06 Z45.571 E926.88228
G1 X8.183 Y-26.679 Z45.579 E927.54693
G1 X9.452 Y-26.255 Z45.587 E928.17613
G1 X10.77 Y-25.741 Z45.595 E928.84142
G1 X12.022 Y-25.181 Z45.603 E929.48641
G1 X13.236 Y-24.563 Z45.61 E930.12703
G1 X14.455 Y-23.864 Z45.618 E930.78786
G1 X15.609 Y-23.125 Z45.626 E931.43229
G1 X16.732 Y-22.323 Z45.634 E932.08125
G1 X17.811 Y-21.471 Z45.642 E932.72779
G1 X18.864 Y-20.552 Z45.65 E933.38506
G1 X19.841 Y-19.61 Z45.658 E934.0233
G1 X20.793 Y-18.596 Z45.666 E934.67738
G1 X21.686 Y-17.544 Z45.674 E935.32631
G1 X22.535 Y-16.44 Z45.682 E935.98126
G1 X23.315 Y-15.311 Z45.689 E936.62658
G1 X24.033 Y-14.155 Z45.697 E937.26655
G1 X24.72 Y-12.916 Z45.705 E937.93279
G1 X25.315 Y-11.707 Z45.713 E938.56647
G1 X25.87 Y-10.42 Z45.721 E939.22559
G1 X26.346 Y-9.146 Z45.729 E939.86517
G1 X26.766 Y-7.829 Z45.737 E940.51525
G1 X27.121 Y-6.49 Z45.745 E941.1667
G1 X27.408 Y-5.135 Z45.753 E941.81805
G1 X27.626 Y-3.785 Z45.76 E942.46114
G1 X27.782 Y-2.392 Z45.768 E943.12032
G1 X27.864 Y-1.039 Z45.776 E943.75777
G1 X27.881 Y0.348 Z45.784 E944.41008
G1 X27.828 Y1.738 Z45.792 E945.06424
G1 X27.709 Y3.097 Z45.8 E945.70578
G1 X27.52 Y4.47 Z45.808 E946.35755
G1 X27.266 Y5.814 Z45.815 E947.00078
G1 X26.945 Y7.153 Z45.823 E947.64832
G1 X26.552 Y8.494 Z45.831 E948.30548
G1 X26.1 Y9.793 Z45.839 E948.95229
G1 X25.588 Y11.064 Z45.847 E949.59668
G1 X25.005 Y12.322 Z45.855 E950.24872
G1 X24.361 Y13.546 Z45.863 E950.89914
G1 X23.663 Y14.732 Z45.871 E951.54631
G1 X22.911 Y15.873 Z45.879 E952.18895
G1 X22.1 Y16.983 Z45.886 E952.83543
G1 X21.218 Y18.071 Z45.894 E953.49409
G1 X20.301 Y19.095 Z45.902 E954.14052
G1 X19.347 Y20.059 Z45.91 E954.77832
G1 X18.308 Y21.011 Z45.918 E955.44103
G1 X17.25 Y21.887 Z45.926 E956.08699
G1 X16.172 Y22.693 Z45.934 E956.71997
G1 X15.008 Y23.478 Z45.942 E957.38022
G1 X13.817 Y24.197 Z45.95 E958.03446
G1 X12.626 Y24.839 Z45.957 E958.67074
G1 X11.364 Y25.439 Z45.965 E959.32789
G1 X10.105 Y25.964 Z45.973 E959.96937
G1 X8.796 Y26.436 Z45.981 E960.62376
G1 X7.5 Y26.83 Z45.989 E961.26077
G1 X6.152 Y27.17 Z45.997 E961.91455
G1 X4.796 Y27.441 Z46.005 E962.56485
G1 X3.434 Y27.644 Z46.012 E963.21243
G1 X2.057 Y27.779 Z46.02 E963.8631
G1 X0.692 Y27.846 Z46.028 E964.5058
G1 X-.689 Y27.846 Z46.036 E965.15524
G1 X-2.056 Y27.777 Z46.044 E965.79892
G1 X-3.433 Y27.639 Z46.052 E966.44973
G1 X-4.794 Y27.434 Z46.06 E967.09699
G1 X-6.149 Y27.161 Z46.068 E967.74701
G1 X-7.496 Y26.82 Z46.076 E968.40045
G1 X-8.792 Y26.423 Z46.083 E969.03788
G1 X-10.099 Y25.95 Z46.091 E969.69153
G1 X-11.357 Y25.423 Z46.099 E970.33295
G1 X-12.616 Y24.821 Z46.107 E970.98922
G1 X-13.806 Y24.178 Z46.115 E971.62532
G1 X-14.995 Y23.457 Z46.123 E972.27924
G1 X-16.156 Y22.672 Z46.131 E972.93832
G1 X-17.234 Y21.863 Z46.138 E973.57215
G1 X-18.288 Y20.988 Z46.146 E974.21636
G1 X-19.324 Y20.037 Z46.154 E974.87771
G1 X-20.276 Y19.071 Z46.162 E975.51552
G1 X-21.19 Y18.047 Z46.17 E976.16101
G1 X-22.068 Y16.96 Z46.178 E976.81812
G1 X-22.877 Y15.851 Z46.186 E977.46367
G1 X-23.627 Y14.709 Z46.193 E978.10618
G1 X-24.321 Y13.526 Z46.201 E978.75118
G1 X-24.963 Y12.299 Z46.209 E979.40241
G1 X-25.543 Y11.041 Z46.217 E980.05387
G1 X-26.052 Y9.775 Z46.225 E980.69555
G1 X-26.5 Y8.482 Z46.233 E981.33907
G1 X-26.891 Y7.141 Z46.241 E981.99597
G1 X-27.211 Y5.799 Z46.249 E982.64477
G1 X-27.46 Y4.465 Z46.256 E983.28294
G1 X-27.648 Y3.087 Z46.264 E983.93698
G1 X-27.764 Y1.733 Z46.272 E984.57606
G1 X-27.815 Y0.35 Z46.28 E985.22689
G1 X-27.796 Y-1.034 Z46.288 E985.87781
G1 X-27.712 Y-2.388 Z46.296 E986.51578
G1 X-27.555 Y-3.771 Z46.304 E987.17034
G1 X-27.336 Y-5.123 Z46.311 E987.81443
G1 X-27.048 Y-6.468 Z46.319 E988.46129
G1 X-26.692 Y-7.804 Z46.327 E989.11149
G1 X-26.271 Y-9.118 Z46.335 E989.76037
G1 X-25.793 Y-10.39 Z46.343 E990.3994
G1 X-25.239 Y-11.67 Z46.351 E991.05531
G1 X-24.642 Y-12.876 Z46.358 E991.68814
G1 X-23.958 Y-14.107 Z46.367 E992.35041
G1 X-23.238 Y-15.262 Z46.374 E992.99047
G1 X-22.458 Y-16.386 Z46.382 E993.63386
G1 X-21.614 Y-17.481 Z46.39 E994.28402
G1 X-20.722 Y-18.528 Z46.398 E994.93086
G1 X-19.772 Y-19.538 Z46.406 E995.58293
G1 X-18.794 Y-20.478 Z46.414 E996.22085
G1 X-17.748 Y-21.389 Z46.421 E996.87316
G1 X-16.667 Y-22.239 Z46.429 E997.51986
G1 X-15.551 Y-23.033 Z46.437 E998.16396
G1 X-14.396 Y-23.77 Z46.445 E998.80828
G1 X-13.186 Y-24.463 Z46.453 E999.46403
G1 X-11.97 Y-25.078 Z46.461 E1000.10485
G1 X-10.723 Y-25.635 Z46.469 E1000.74712
G1 X-9.416 Y-26.143 Z46.477 E1001.40656
G1 X-8.145 Y-26.564 Z46.484 E1002.03621
G1 X-6.795 Y-26.94 Z46.492 E1002.69525
G1 X-5.471 Y-27.239 Z46.5 E1003.33357
;TIME_ELAPSED:329.768076
;LAYER:46
;note -- min layer time used
;TYPE:WALL-OUTER
;MESH:step-vase.stl
G1 F2080.5 X-4.119 Y-27.471 Z46.508 E1003.97867
G1 X-2.73 Y-27.642 Z46.516 E1004.6368
G1 X-1.388 Y-27.739 Z46.524 E1005.26956
G1 X-0.01 Y-27.769 Z46.532 E1005.91774
G1 X1.378 Y-27.734 Z46.54 E1006.57069
G1 X2.728 Y-27.631 Z46.548 E1007.2074
G1 X4.115 Y-27.454 Z46.556 E1007.86496
G1 X5.456 Y-27.217 Z46.563 E1008.50536
G1 X6.78 Y-26.915 Z46.571 E1009.144
G1 X8.143 Y-26.53 Z46.579 E1009.81006
G1 X9.417 Y-26.104 Z46.587 E1010.44179
G1 X10.701 Y-25.6 Z46.595 E1011.09047
G1 X11.927 Y-25.048 Z46.603 E1011.72277
G1 X13.187 Y-24.406 Z46.611 E1012.38779
G1 X14.353 Y-23.735 Z46.619 E1013.02044
G1 X15.522 Y-22.984 Z46.627 E1013.67386
G1 X16.651 Y-22.175 Z46.635 E1014.32704
G1 X17.714 Y-21.333 Z46.643 E1014.96476
G1 X18.729 Y-20.444 Z46.65 E1015.59928
G1 X19.735 Y-19.471 Z46.659 E1016.25746
G1 X20.649 Y-18.494 Z46.666 E1016.88662
G1 X21.557 Y-17.424 Z46.674 E1017.54658
G1 X22.384 Y-16.342 Z46.682 E1018.18702
G1 X23.167 Y-15.208 Z46.69 E1018.83508
G1 X23.881 Y-14.054 Z46.698 E1019.47325
G1 X24.543 Y-12.855 Z46.706 E1020.11734
G1 X25.156 Y-11.605 Z46.714 E1020.77206
G1 X25.697 Y-10.344 Z46.722 E1021.41735
G1 X26.17 Y-9.073 Z46.73 E1022.05511
G1 X26.58 Y-7.78 Z46.737 E1022.69301
G1 X26.931 Y-6.45 Z46.745 E1023.33988
G1 X27.214 Y-5.109 Z46.753 E1023.98441
G1 X27.431 Y-3.75 Z46.761 E1024.6316
G1 X27.582 Y-2.383 Z46.769 E1025.27838
G1 X27.662 Y-1.034 Z46.777 E1025.91389
G1 X27.677 Y0.339 Z46.785 E1026.55961
G1 X27.624 Y1.718 Z46.793 E1027.20859
G1 X27.504 Y3.066 Z46.801 E1027.84503
G1 X27.315 Y4.427 Z46.809 E1028.49121
G1 X27.058 Y5.777 Z46.816 E1029.13748
G1 X26.739 Y7.1 Z46.824 E1029.77748
G1 X26.346 Y8.432 Z46.832 E1030.43057
G1 X25.895 Y9.721 Z46.84 E1031.07279
G1 X25.384 Y10.98 Z46.848 E1031.71177
G1 X24.8 Y12.236 Z46.856 E1032.36316
G1 X24.178 Y13.416 Z46.864 E1032.99045
G1 X23.464 Y14.625 Z46.872 E1033.65076
G1 X22.722 Y15.747 Z46.88 E1034.28335
G1 X21.909 Y16.855 Z46.888 E1034.92963
G1 X21.049 Y17.914 Z46.895 E1035.57118
G1 X20.129 Y18.938 Z46.903 E1036.21855
G1 X19.167 Y19.906 Z46.911 E1036.86034
G1 X18.168 Y20.819 Z46.919 E1037.49678
G1 X17.107 Y21.696 Z46.927 E1038.14413
G1 X16.027 Y22.502 Z46.935 E1038.77787
G1 X14.866 Y23.281 Z46.943 E1039.43537
G1 X13.711 Y23.976 Z46.951 E1040.06929
G1 X12.509 Y24.621 Z46.958 E1040.71079
G1 X11.261 Y25.214 Z46.966 E1041.36058
G1 X10.024 Y25.727 Z46.974 E1041.99035
G1 X8.715 Y26.197 Z46.982 E1042.64441
G1 X7.404 Y26.593 Z46.99 E1043.28845
G1 X6.115 Y26.915 Z46.998 E1043.91326
G1 X4.747 Y27.187 Z47.006 E1044.56918
G1 X3.41 Y27.384 Z47.014 E1045.20472
G1 X2.029 Y27.518 Z47.022 E1045.85722
G1 X0.689 Y27.582 Z47.029 E1046.4881
G1 X-.68 Y27.58 Z47.037 E1047.1319
G1 X-2.028 Y27.51 Z47.045 E1047.76668
G1 X-3.407 Y27.37 Z47.053 E1048.41852
G1 X-4.744 Y27.167 Z47.061 E1049.05448
G1 X-6.108 Y26.89 Z47.069 E1049.70903
G1 X-7.396 Y26.561 Z47.076 E1050.33418
G1 X-8.711 Y26.158 Z47.084 E1050.98098
G1 X-10.006 Y25.686 Z47.092 E1051.62917
G1 X-11.241 Y25.167 Z47.1 E1052.25916
G1 X-12.484 Y24.57 Z47.108 E1052.90763
G1 X-13.678 Y23.923 Z47.116 E1053.54628
G1 X-14.836 Y23.218 Z47.124 E1054.18384
G1 X-15.984 Y22.44 Z47.132 E1054.836
G1 X-17.05 Y21.638 Z47.139 E1055.46335
G1 X-18.109 Y20.756 Z47.147 E1056.11147
G1 X-19.104 Y19.838 Z47.155 E1056.74812
G1 X-20.058 Y18.869 Z47.163 E1057.3876
G1 X-20.967 Y17.848 Z47.171 E1058.03047
G1 X-21.822 Y16.786 Z47.179 E1058.67164
G1 X-22.627 Y15.678 Z47.187 E1059.3157
G1 X-23.361 Y14.558 Z47.194 E1059.94543
G1 X-24.063 Y13.357 Z47.202 E1060.59964
G1 X-24.68 Y12.174 Z47.21 E1061.22709
G1 X-25.256 Y10.921 Z47.218 E1061.87562
G1 X-25.758 Y9.666 Z47.226 E1062.51127
G1 X-26.201 Y8.382 Z47.234 E1063.15003
G1 X-26.583 Y7.063 Z47.242 E1063.79581
G1 X-26.897 Y5.739 Z47.249 E1064.43572
G1 X-27.145 Y4.405 Z47.257 E1065.07381
G1 X-27.327 Y3.052 Z47.265 E1065.71582
G1 X-27.44 Y1.711 Z47.273 E1066.34869
G1 X-27.489 Y0.346 Z47.281 E1066.99102
G1 X-27.468 Y-1.022 Z47.289 E1067.63443
G1 X-27.383 Y-2.361 Z47.296 E1068.26539
G1 X-27.226 Y-3.726 Z47.304 E1068.91155
G1 X-27.006 Y-5.064 Z47.312 E1069.54922
G1 X-26.72 Y-6.393 Z47.32 E1070.18852
G1 X-26.366 Y-7.711 Z47.328 E1070.8303
G1 X-25.95 Y-9.003 Z47.336 E1071.46861
G1 X-25.475 Y-10.261 Z47.343 E1072.10098
G1 X-24.933 Y-11.508 Z47.351 E1072.74041
G1 X-24.325 Y-12.734 Z47.359 E1073.38397
G1 X-23.657 Y-13.932 Z47.367 E1074.02902
G1 X-22.946 Y-15.069 Z47.375 E1074.65965
G1 X-22.174 Y-16.179 Z47.383 E1075.29549
G1 X-21.34 Y-17.257 Z47.39 E1075.93645
G1 X-20.446 Y-18.303 Z47.398 E1076.58354
G1 X-19.528 Y-19.276 Z47.406 E1077.21262
G1 X-18.539 Y-20.225 Z47.414 E1077.85721
G1 X-17.52 Y-21.109 Z47.422 E1078.49161
G1 X-16.465 Y-21.938 Z47.43 E1079.12259
G1 X-15.343 Y-22.732 Z47.437 E1079.76899
G1 X-14.196 Y-23.462 Z47.445 E1080.40837
G1 X-13.028 Y-24.128 Z47.453 E1081.04067
G1 X-11.794 Y-24.75 Z47.461 E1081.69054
G1 X-10.58 Y-25.289 Z47.469 E1082.31519
G1 X-9.294 Y-25.786 Z47.477 E1082.96355
G1 X-8.035 Y-26.203 Z47.484 E1083.58725
G1 X-6.703 Y-26.572 Z47.492 E1084.23725
G1 X-5.395 Y-26.865 Z47.5 E1084.86761
;TIME_ELAPSED:334.776766
;LAYER:47
;note -- min layer time used
;TYPE:WALL-OUTER
;MESH:step-vase.stl
G1 F2041.7 X-4.019 Y-27.097 Z47.508 E1085.52383
G1 X-2.732 Y-27.252 Z47.516 E1086.13345
G1 X-1.378 Y-27.35 Z47.524 E1086.77186
G1 X-0.015 Y-27.379 Z47.532 E1087.41299
G1 X1.359 Y-27.342 Z47.54 E1088.05938
G1 X2.699 Y-27.236 Z47.548 E1088.69151
G1 X4.015 Y-27.068 Z47.556 E1089.31541
G1 X5.373 Y-26.827 Z47.564 E1089.96402
G1 X6.675 Y-26.528 Z47.572 E1090.59225
G1 X7.996 Y-26.154 Z47.58 E1091.2379
G1 X9.292 Y-25.717 Z47.588 E1091.88109
G1 X10.538 Y-25.226 Z47.596 E1092.5109
G1 X11.787 Y-24.662 Z47.604 E1093.15538
G1 X12.964 Y-24.06 Z47.611 E1093.77708
G1 X14.127 Y-23.389 Z47.619 E1094.40851
G1 X15.271 Y-22.652 Z47.627 E1095.04848
G1 X16.408 Y-21.838 Z47.635 E1095.70608
G1 X17.414 Y-21.037 Z47.643 E1096.31082
G1 X18.472 Y-20.108 Z47.651 E1096.97296
G1 X19.437 Y-19.17 Z47.659 E1097.60583
G1 X20.346 Y-18.194 Z47.667 E1098.23305
G1 X21.234 Y-17.141 Z47.675 E1098.88082
G1 X22.027 Y-16.104 Z47.683 E1099.49474
G1 X22.809 Y-14.966 Z47.691 E1100.14409
G1 X23.514 Y-13.822 Z47.699 E1100.77603
G1 X24.171 Y-12.625 Z47.707 E1101.41817
G1 X24.742 Y-11.455 Z47.715 E1102.03041
G1 X25.279 Y-10.204 Z47.723 E1102.67064
G1 X25.757 Y-8.913 Z47.731 E1103.31804
G1 X26.154 Y-7.652 Z47.738 E1103.93974
G1 X26.5 Y-6.333 Z47.746 E1104.58102
G1 X26.769 Y-5.046 Z47.754 E1105.19934
G1 X26.987 Y-3.673 Z47.762 E1105.85311
G1 X27.129 Y-2.354 Z47.77 E1106.47698
G1 X27.208 Y-.999 Z47.778 E1107.11528
G1 X27.22 Y0.331 Z47.786 E1107.74077
G1 X27.165 Y1.68 Z47.794 E1108.37569
G1 X27.043 Y3.037 Z47.802 E1109.01643
G1 X26.858 Y4.348 Z47.81 E1109.63906
G1 X26.606 Y5.663 Z47.817 E1110.26872
G1 X26.289 Y6.97 Z47.825 E1110.90119
G1 X25.895 Y8.3 Z47.834 E1111.55352
G1 X25.452 Y9.559 Z47.841 E1112.18117
G1 X24.944 Y10.805 Z47.849 E1112.81396
G1 X24.388 Y11.993 Z47.857 E1113.4308
G1 X23.748 Y13.206 Z47.865 E1114.07577
G1 X23.053 Y14.374 Z47.873 E1114.71494
G1 X22.334 Y15.459 Z47.881 E1115.32705
G1 X21.523 Y16.564 Z47.889 E1115.97164
G1 X20.682 Y17.594 Z47.897 E1116.59697
G1 X19.77 Y18.606 Z47.905 E1117.23763
G1 X18.849 Y19.532 Z47.912 E1117.85182
G1 X17.821 Y20.467 Z47.92 E1118.50531
G1 X16.816 Y21.295 Z47.928 E1119.11768
G1 X15.709 Y22.118 Z47.936 E1119.76638
G1 X14.622 Y22.844 Z47.944 E1120.38109
G1 X13.472 Y23.536 Z47.952 E1121.01227
G1 X12.262 Y24.182 Z47.96 E1121.65732
G1 X11.082 Y24.74 Z47.967 E1122.27115
G1 X9.809 Y25.267 Z47.976 E1122.91908
G1 X8.573 Y25.707 Z47.983 E1123.53607
G1 X7.285 Y26.095 Z47.991 E1124.16867
G1 X5.985 Y26.419 Z47.999 E1124.79872
G1 X4.642 Y26.683 Z48.007 E1125.44239
G1 X3.364 Y26.869 Z48.015 E1126.04973
G1 X1.989 Y27 Z48.023 E1126.69928
G1 X0.681 Y27.06 Z48.031 E1127.31504
G1 X-.665 Y27.056 Z48.038 E1127.94803
G1 X-1.988 Y26.985 Z48.046 E1128.57109
G1 X-3.36 Y26.844 Z48.054 E1129.2197
G1 X-4.636 Y26.648 Z48.062 E1129.82681
G1 X-5.976 Y26.374 Z48.07 E1130.47001
G1 X-7.268 Y26.043 Z48.078 E1131.09723
G1 X-8.55 Y25.645 Z48.086 E1131.7285
G1 X-9.783 Y25.196 Z48.093 E1132.3456
G1 X-11.044 Y24.663 Z48.101 E1132.98941
G1 X-12.22 Y24.095 Z48.109 E1133.60358
G1 X-13.417 Y23.445 Z48.117 E1134.24413
G1 X-14.556 Y22.748 Z48.125 E1134.87211
G1 X-15.637 Y22.013 Z48.133 E1135.48685
G1 X-16.727 Y21.19 Z48.141 E1136.12915
G1 X-17.726 Y20.354 Z48.148 E1136.74175
G1 X-18.736 Y19.421 Z48.156 E1137.38837
G1 X-19.65 Y18.489 Z48.164 E1138.00225
G1 X-20.543 Y17.482 Z48.172 E1138.6352
G1 X-21.383 Y16.437 Z48.18 E1139.26572
G1 X-22.168 Y15.35 Z48.188 E1139.89627
G1 X-22.879 Y14.26 Z48.195 E1140.50828
G1 X-23.559 Y13.095 Z48.203 E1141.14264
G1 X-24.18 Y11.897 Z48.211 E1141.77722
G1 X-24.726 Y10.705 Z48.219 E1142.39379
G1 X-25.22 Y9.467 Z48.227 E1143.02063
G1 X-25.649 Y8.215 Z48.235 E1143.64302
G1 X-26.027 Y6.908 Z48.243 E1144.28285
G1 X-26.331 Y5.612 Z48.25 E1144.90887
G1 X-26.57 Y4.309 Z48.258 E1145.53185
G1 X-26.744 Y2.996 Z48.266 E1146.15472
G1 X-26.855 Y1.669 Z48.274 E1146.78095
G1 X-26.899 Y0.343 Z48.282 E1147.40487
G1 X-26.878 Y-.994 Z48.289 E1148.0337
G1 X-26.791 Y-2.316 Z48.297 E1148.65675
G1 X-26.638 Y-3.633 Z48.305 E1149.28026
G1 X-26.416 Y-4.969 Z48.313 E1149.91716
G1 X-26.137 Y-6.255 Z48.321 E1150.536
G1 X-25.791 Y-7.536 Z48.329 E1151.16001
G1 X-25.385 Y-8.793 Z48.336 E1151.78121
G1 X-24.91 Y-10.044 Z48.344 E1152.4105
G1 X-24.373 Y-11.273 Z48.352 E1153.04123
G1 X-23.793 Y-12.438 Z48.36 E1153.65324
G1 X-23.136 Y-13.611 Z48.368 E1154.2855
G1 X-22.433 Y-14.731 Z48.375 E1154.90736
G1 X-21.668 Y-15.827 Z48.383 E1155.53592
G1 X-20.868 Y-16.858 Z48.391 E1156.14961
G1 X-19.986 Y-17.887 Z48.399 E1156.78696
G1 X-19.086 Y-18.838 Z48.407 E1157.40271
G1 X-18.13 Y-19.752 Z48.414 E1158.0247
G1 X-17.102 Y-20.641 Z48.422 E1158.66384
G1 X-16.09 Y-21.434 Z48.43 E1159.26847
G1 X-14.989 Y-22.21 Z48.438 E1159.90192
G1 X-13.862 Y-22.926 Z48.446 E1160.52983
G1 X-12.718 Y-23.573 Z48.453 E1161.1479
G1 X-11.537 Y-24.168 Z48.461 E1161.76979
G1 X-10.333 Y-24.7 Z48.469 E1162.38881
G1 X-9.084 Y-25.181 Z48.477 E1163.01823
G1 X-7.84 Y-25.591 Z48.484 E1163.63421
G1 X-6.544 Y-25.947 Z48.492 E1164.26625
G1 X-5.269 Y-26.23 Z48.5 E1164.88044
;TIME_ELAPSED:339.784745
;LAYER:48
;note -- min layer time used
;TYPE:WALL-OUTER
;MESH:step-vase.stl
G1 F2002.9 X-3.983 Y-26.451 Z48.508 E1165.49408
G1 X-2.626 Y-26.619 Z48.516 E1166.13711
G1 X-1.339 Y-26.711 Z48.524 E1166.7439
G1 X-0.01 Y-26.74 Z48.532 E1167.36904
G1 X1.329 Y-26.706 Z48.54 E1167.99894
G1 X2.624 Y-26.608 Z48.548 E1168.60968
G1 X3.979 Y-26.434 Z48.556 E1169.25213
G1 X5.237 Y-26.211 Z48.563 E1169.85295
G1 X6.545 Y-25.913 Z48.571 E1170.48383
G1 X7.819 Y-25.554 Z48.579 E1171.10629
G1 X9.081 Y-25.13 Z48.587 E1171.73238
G1 X10.297 Y-24.654 Z48.595 E1172.34648
G1 X11.491 Y-24.118 Z48.603 E1172.96197
G1 X12.675 Y-23.513 Z48.611 E1173.58725
G1 X13.835 Y-22.846 Z48.619 E1174.21652
G1 X14.947 Y-22.13 Z48.627 E1174.83849
G1 X16.01 Y-21.371 Z48.635 E1175.45274
G1 X17.065 Y-20.533 Z48.643 E1176.08635
G1 X18.034 Y-19.685 Z48.65 E1176.69189
G1 X18.992 Y-18.758 Z48.658 E1177.3188
G1 X19.893 Y-17.795 Z48.666 E1177.93899
G1 X20.754 Y-16.778 Z48.674 E1178.56563
G1 X21.538 Y-15.754 Z48.682 E1179.17213
G1 X22.309 Y-14.637 Z48.69 E1179.81041
G1 X23 Y-13.519 Z48.698 E1180.42849
G1 X23.628 Y-12.384 Z48.706 E1181.03851
G1 X24.221 Y-11.173 Z48.714 E1181.67262
G1 X24.729 Y-9.991 Z48.722 E1182.27764
G1 X25.203 Y-8.719 Z48.73 E1182.91601
G1 X25.6 Y-7.463 Z48.738 E1183.53548
G1 X25.929 Y-6.216 Z48.745 E1184.14197
G1 X26.202 Y-4.917 Z48.753 E1184.7662
G1 X26.412 Y-3.602 Z48.761 E1185.39245
G1 X26.554 Y-2.301 Z48.769 E1186.0079
G1 X26.633 Y-.993 Z48.777 E1186.62414
G1 X26.646 Y0.329 Z48.785 E1187.24587
G1 X26.596 Y1.649 Z48.793 E1187.86708
G1 X26.478 Y2.954 Z48.801 E1188.48329
G1 X26.297 Y4.266 Z48.809 E1189.10613
G1 X26.051 Y5.558 Z48.817 E1189.72464
G1 X25.739 Y6.848 Z48.824 E1190.34878
G1 X25.364 Y8.119 Z48.832 E1190.97197
G1 X24.927 Y9.366 Z48.84 E1191.59336
G1 X24.443 Y10.561 Z48.848 E1192.19968
G1 X23.889 Y11.752 Z48.856 E1192.81741
G1 X23.261 Y12.944 Z48.864 E1193.45101
G1 X22.605 Y14.052 Z48.872 E1194.05655
G1 X21.868 Y15.168 Z48.88 E1194.68549
G1 X21.099 Y16.217 Z48.888 E1195.29716
G1 X20.256 Y17.254 Z48.896 E1195.92564
G1 X19.388 Y18.22 Z48.903 E1196.53638
G1 X18.452 Y19.164 Z48.911 E1197.16154
G1 X17.49 Y20.041 Z48.919 E1197.77372
G1 X16.481 Y20.876 Z48.927 E1198.38964
G1 X15.402 Y21.68 Z48.935 E1199.02244
G1 X14.324 Y22.403 Z48.943 E1199.63286
G1 X13.189 Y23.086 Z48.951 E1200.25581
G1 X12.05 Y23.697 Z48.958 E1200.86365
G1 X10.845 Y24.269 Z48.966 E1201.49093
G1 X9.622 Y24.778 Z48.974 E1202.11389
G1 X8.404 Y25.213 Z48.982 E1202.72212
G1 X7.162 Y25.59 Z48.99 E1203.33252
G1 X5.855 Y25.916 Z48.998 E1203.96599
G1 X4.586 Y26.168 Z49.006 E1204.57442
G1 X3.269 Y26.362 Z49.014 E1205.20045
G1 X1.953 Y26.489 Z49.022 E1205.82221
G1 X0.665 Y26.55 Z49.029 E1206.4286
G1 X-.656 Y26.548 Z49.037 E1207.04983
G1 X-1.952 Y26.481 Z49.045 E1207.66011
G1 X-3.267 Y26.347 Z49.053 E1208.28172
G1 X-4.581 Y26.147 Z49.061 E1208.90678
G1 X-5.849 Y25.89 Z49.069 E1209.51521
G1 X-7.152 Y25.559 Z49.077 E1210.14744
G1 X-8.39 Y25.176 Z49.084 E1210.75686
G1 X-9.613 Y24.733 Z49.092 E1211.36857
G1 X-10.825 Y24.222 Z49.1 E1211.98713
G1 X-12.022 Y23.646 Z49.108 E1212.61183
G1 X-13.159 Y23.03 Z49.116 E1213.21996
G1 X-14.288 Y22.343 Z49.124 E1213.84147
G1 X-15.359 Y21.617 Z49.132 E1214.44994
G1 X-16.428 Y20.813 Z49.14 E1215.07898
G1 X-17.43 Y19.977 Z49.147 E1215.69266
G1 X-18.387 Y19.095 Z49.155 E1216.3047
G1 X-19.312 Y18.154 Z49.163 E1216.92523
G1 X-20.176 Y17.183 Z49.171 E1217.53646
G1 X-21.008 Y16.152 Z49.179 E1218.15949
G1 X-21.771 Y15.099 Z49.187 E1218.77103
G1 X-22.497 Y13.989 Z49.195 E1219.39477
G1 X-23.148 Y12.878 Z49.202 E1220.00032
G1 X-23.764 Y11.694 Z49.21 E1220.62798
G1 X-24.309 Y10.508 Z49.218 E1221.24179
G1 X-24.789 Y9.311 Z49.226 E1221.84828
G1 X-25.217 Y8.069 Z49.234 E1222.46607
G1 X-25.584 Y6.803 Z49.242 E1223.08594
G1 X-25.888 Y5.52 Z49.249 E1223.70601
G1 X-26.124 Y4.243 Z49.257 E1224.31671
G1 X-26.299 Y2.939 Z49.265 E1224.93545
G1 X-26.409 Y1.642 Z49.273 E1225.54758
G1 X-26.455 Y0.336 Z49.281 E1226.16214
G1 X-26.435 Y-.981 Z49.289 E1226.78156
G1 X-26.352 Y-2.279 Z49.296 E1227.39322
G1 X-26.203 Y-3.577 Z49.304 E1228.00764
G1 X-25.988 Y-4.882 Z49.312 E1228.62962
G1 X-25.714 Y-6.158 Z49.32 E1229.24336
G1 X-25.379 Y-7.404 Z49.328 E1229.85013
G1 X-24.979 Y-8.647 Z49.336 E1230.4642
G1 X-24.508 Y-9.895 Z49.344 E1231.09151
G1 X-23.995 Y-11.075 Z49.351 E1231.6966
G1 X-23.407 Y-12.261 Z49.359 E1232.31913
G1 X-22.774 Y-13.392 Z49.367 E1232.92865
G1 X-22.084 Y-14.497 Z49.375 E1233.54129
G1 X-21.323 Y-15.588 Z49.383 E1234.16684
G1 X-20.543 Y-16.599 Z49.39 E1234.76734
G1 X-19.677 Y-17.612 Z49.398 E1235.39408
G1 X-18.791 Y-18.549 Z49.406 E1236.00052
G1 X-17.84 Y-19.462 Z49.414 E1236.62049
G1 X-16.868 Y-20.306 Z49.422 E1237.22587
G1 X-15.832 Y-21.119 Z49.43 E1237.84518
G1 X-14.765 Y-21.874 Z49.437 E1238.45987
G1 X-13.663 Y-22.575 Z49.445 E1239.07408
G1 X-12.527 Y-23.222 Z49.453 E1239.68888
G1 X-11.356 Y-23.814 Z49.461 E1240.30594
G1 X-10.174 Y-24.338 Z49.469 E1240.91398
G1 X-8.956 Y-24.809 Z49.476 E1241.5281
G1 X-7.725 Y-25.216 Z49.484 E1242.13783
G1 X-6.449 Y-25.569 Z49.492 E1242.76043
G1 X-5.175 Y-25.854 Z49.5 E1243.37437
;TIME_ELAPSED:344.793118
;LAYER:49
;note -- min layer time used
;TYPE:WALL-OUTER
;MESH:step-vase.stl
G1 F1987.2 X-3.901 Y-26.076 Z49.508 E1243.98252
G1 X-2.599 Y-26.237 Z49.516 E1244.59948
G1 X-1.312 Y-26.333 Z49.524 E1245.20641
G1 X-0.001 Y-26.364 Z49.531 E1245.8231
G1 X1.311 Y-26.333 Z49.539 E1246.44027
G1 X2.597 Y-26.237 Z49.547 E1247.04673
G1 X3.9 Y-26.076 Z49.555 E1247.66415
G1 X5.192 Y-25.85 Z49.563 E1248.28097
G1 X6.448 Y-25.565 Z49.571 E1248.88665
G1 X7.73 Y-25.207 Z49.579 E1249.5126
G1 X8.932 Y-24.805 Z49.586 E1250.10864
G1 X10.164 Y-24.327 Z49.594 E1250.7301
G1 X11.374 Y-23.786 Z49.602 E1251.35342
G1 X12.509 Y-23.209 Z49.61 E1251.95219
G1 X13.65 Y-22.555 Z49.618 E1252.57066
G1 X14.763 Y-21.843 Z49.626 E1253.19201
G1 X15.814 Y-21.095 Z49.634 E1253.79867
G1 X16.833 Y-20.292 Z49.642 E1254.40878
G1 X17.816 Y-19.435 Z49.65 E1255.02208
G1 X18.753 Y-18.532 Z49.657 E1255.63404
G1 X19.664 Y-17.561 Z49.665 E1256.26019
G1 X20.489 Y-16.591 Z49.673 E1256.85903
G1 X21.291 Y-15.548 Z49.681 E1257.47776
G1 X22.038 Y-14.47 Z49.689 E1258.09454
G1 X22.73 Y-13.358 Z49.697 E1258.71047
G1 X23.354 Y-12.235 Z49.705 E1259.31464
G1 X23.933 Y-11.059 Z49.713 E1259.93108
G1 X24.452 Y-9.857 Z49.721 E1260.54678
G1 X24.91 Y-8.636 Z49.728 E1261.16005
G1 X25.306 Y-7.396 Z49.736 E1261.7722
G1 X25.641 Y-6.136 Z49.744 E1262.38533
G1 X25.911 Y-4.864 Z49.752 E1262.99685
G1 X26.121 Y-3.572 Z49.76 E1263.61241
G1 X26.268 Y-2.266 Z49.768 E1264.23047
G1 X26.347 Y-.976 Z49.776 E1264.83826
G1 X26.364 Y0.331 Z49.784 E1265.45296
G1 X26.315 Y1.639 Z49.791 E1266.0685
G1 X26.202 Y2.93 Z49.799 E1266.67794
G1 X26.025 Y4.229 Z49.807 E1267.29447
G1 X25.785 Y5.505 Z49.815 E1267.90506
G1 X25.481 Y6.771 Z49.823 E1268.51735
G1 X25.111 Y8.039 Z49.831 E1269.13853
G1 X24.692 Y9.248 Z49.839 E1269.74026
G1 X24.199 Y10.468 Z49.847 E1270.35907
G1 X23.652 Y11.653 Z49.854 E1270.97285
G1 X23.047 Y12.806 Z49.862 E1271.58518
G1 X22.387 Y13.928 Z49.87 E1272.19735
G1 X21.661 Y15.032 Z49.878 E1272.81873
G1 X20.903 Y16.069 Z49.886 E1273.42279
G1 X20.075 Y17.093 Z49.894 E1274.04208
G1 X19.209 Y18.061 Z49.902 E1274.65289
G1 X18.291 Y18.99 Z49.91 E1275.26709
G1 X17.344 Y19.859 Z49.917 E1275.87153
G1 X16.317 Y20.71 Z49.925 E1276.49876
G1 X15.292 Y21.478 Z49.933 E1277.10109
G1 X14.193 Y22.219 Z49.941 E1277.72442
G1 X13.084 Y22.89 Z49.949 E1278.33399
G1 X11.938 Y23.508 Z49.957 E1278.94629
G1 X10.764 Y24.069 Z49.965 E1279.55818
G1 X9.562 Y24.571 Z49.973 E1280.17077
G1 X8.325 Y25.017 Z49.98 E1280.78915
G1 X7.083 Y25.397 Z49.988 E1281.39995
G1 X5.835 Y25.711 Z49.996 E1282.00515
G1 X4.542 Y25.97 Z50.004 E1282.62529
G1 X3.253 Y26.163 Z50.012 E1283.23823
G1 X1.941 Y26.294 Z50.02 E1283.85829
G1 X0.655 Y26.357 Z50.028 E1284.46379
G1 X-.655 Y26.357 Z50.036 E1285.07985
G1 X-1.942 Y26.293 Z50.043 E1285.68583
G1 X-3.251 Y26.163 Z50.051 E1286.30445
G1 X-4.542 Y25.97 Z50.059 E1286.91832
G1 X-5.834 Y25.71 Z50.067 E1287.53809
G1 X-7.082 Y25.396 Z50.075 E1288.14328
G1 X-8.324 Y25.016 Z50.083 E1288.75409
G1 X-9.561 Y24.57 Z50.091 E1289.37247
G1 X-10.762 Y24.067 Z50.099 E1289.9848
G1 X-11.936 Y23.506 Z50.106 E1290.5967
G1 X-13.082 Y22.888 Z50.114 E1291.209
G1 X-14.191 Y22.216 Z50.122 E1291.81881
G1 X-15.289 Y21.475 Z50.13 E1292.44175
G1 X-16.314 Y20.707 Z50.138 E1293.04408
G1 X-17.341 Y19.856 Z50.146 E1293.67131
G1 X-18.288 Y18.987 Z50.154 E1294.27575
G1 X-19.205 Y18.058 Z50.162 E1294.88962
G1 X-20.071 Y17.09 Z50.169 E1295.50042
G1 X-20.898 Y16.066 Z50.177 E1296.11942
G1 X-21.656 Y15.029 Z50.185 E1296.72348
G1 X-22.381 Y13.925 Z50.193 E1297.3446
G1 X-23.041 Y12.803 Z50.201 E1297.95677
G1 X-23.645 Y11.65 Z50.209 E1298.56889
G1 X-24.192 Y10.466 Z50.217 E1299.18224
G1 X-24.684 Y9.246 Z50.225 E1299.80087
G1 X-25.103 Y8.037 Z50.232 E1300.4026
G1 X-25.474 Y6.766 Z50.24 E1301.02526
G1 X-25.776 Y5.503 Z50.248 E1301.63596
G1 X-26.016 Y4.227 Z50.256 E1302.24655
G1 X-26.193 Y2.927 Z50.264 E1302.86355
G1 X-26.305 Y1.638 Z50.272 E1303.47201
G1 X-26.354 Y0.332 Z50.28 E1304.08662
G1 X-26.337 Y-.975 Z50.287 E1304.70132
G1 X-26.257 Y-2.266 Z50.295 E1305.3096
G1 X-26.111 Y-3.569 Z50.303 E1305.9262
G1 X-25.902 Y-4.862 Z50.311 E1306.54216
G1 X-25.631 Y-6.133 Z50.319 E1307.15331
G1 X-25.296 Y-7.392 Z50.327 E1307.76599
G1 X-24.9 Y-8.632 Z50.335 E1308.37814
G1 X-24.441 Y-9.852 Z50.343 E1308.99113
G1 X-23.922 Y-11.052 Z50.35 E1309.60598
G1 X-23.343 Y-12.228 Z50.358 E1310.22241
G1 X-22.719 Y-13.351 Z50.366 E1310.82658
G1 X-22.028 Y-14.461 Z50.374 E1311.44147
G1 X-21.281 Y-15.54 Z50.382 E1312.05863
G1 X-20.479 Y-16.581 Z50.39 E1312.67662
G1 X-19.654 Y-17.551 Z50.398 E1313.27546
G1 X-18.742 Y-18.52 Z50.406 E1313.90124
G1 X-17.805 Y-19.423 Z50.413 E1314.51321
G1 X-16.824 Y-20.279 Z50.421 E1315.12548
G1 X-15.805 Y-21.083 Z50.429 E1315.73589
G1 X-14.755 Y-21.83 Z50.437 E1316.34189
G1 X-13.642 Y-22.542 Z50.445 E1316.96324
G1 X-12.502 Y-23.194 Z50.453 E1317.58084
G1 X-11.366 Y-23.77 Z50.461 E1318.17982
G1 X-10.158 Y-24.31 Z50.469 E1318.80208
G1 X-8.927 Y-24.789 Z50.477 E1319.42327
G1 X-7.724 Y-25.189 Z50.484 E1320.01946
G1 X-6.443 Y-25.547 Z50.492 E1320.64496
G1 X-5.188 Y-25.831 Z50.5 E1321.25008
;TIME_ELAPSED:349.801427
;LAYER:50
;note -- min layer time used
;TYPE:WALL-OUTER
;MESH:step-vase.stl
G1 F1992.3 X-3.912 Y-26.054 Z50.508 E1321.85924
G1 X-2.596 Y-26.22 Z50.516 E1322.48302
G1 X-1.31 Y-26.317 Z50.524 E1323.08951
G1 X0.00 Y-26.351 Z50.531 E1323.70577
G1 X1.31 Y-26.32 Z50.539 E1324.322
G1 X2.597 Y-26.225 Z50.547 E1324.92889
G1 X3.912 Y-26.062 Z50.555 E1325.55203
G1 X5.182 Y-25.842 Z50.563 E1326.15817
G1 X6.445 Y-25.557 Z50.571 E1326.76706
G1 X7.724 Y-25.201 Z50.579 E1327.39141
G1 X8.942 Y-24.797 Z50.586 E1327.99488
G1 X10.172 Y-24.319 Z50.594 E1328.61546
G1 X11.342 Y-23.797 Z50.602 E1329.21796
G1 X12.522 Y-23.2 Z50.61 E1329.83986
G1 X13.652 Y-22.555 Z50.618 E1330.45174
G1 X14.747 Y-21.856 Z50.626 E1331.06267
G1 X15.826 Y-21.09 Z50.634 E1331.68496
G1 X16.836 Y-20.294 Z50.641 E1332.28971
G1 X17.819 Y-19.438 Z50.649 E1332.9027
G1 X18.765 Y-18.528 Z50.657 E1333.51999
G1 X19.653 Y-17.585 Z50.665 E1334.12914
G1 X20.5 Y-16.593 Z50.673 E1334.74256
G1 X21.301 Y-15.554 Z50.681 E1335.35952
G1 X22.05 Y-14.474 Z50.689 E1335.9776
G1 X22.735 Y-13.376 Z50.696 E1336.5862
G1 X23.369 Y-12.239 Z50.704 E1337.19841
G1 X23.945 Y-11.069 Z50.712 E1337.8117
G1 X24.469 Y-9.862 Z50.72 E1338.4305
G1 X24.929 Y-8.643 Z50.728 E1339.04322
G1 X25.326 Y-7.402 Z50.736 E1339.65596
G1 X25.662 Y-6.14 Z50.744 E1340.27012
G1 X25.935 Y-4.867 Z50.751 E1340.88239
G1 X26.145 Y-3.575 Z50.759 E1341.49795
G1 X26.292 Y-2.268 Z50.767 E1342.11647
G1 X26.374 Y-.977 Z50.775 E1342.72482
G1 X26.392 Y0.333 Z50.783 E1343.34094
G1 X26.344 Y1.644 Z50.791 E1343.95788
G1 X26.233 Y2.932 Z50.799 E1344.56583
G1 X26.056 Y4.232 Z50.807 E1345.18283
G1 X25.817 Y5.51 Z50.814 E1345.79425
G1 X25.515 Y6.78 Z50.822 E1346.40815
G1 X25.149 Y8.034 Z50.83 E1347.02248
G1 X24.716 Y9.285 Z50.838 E1347.64503
G1 X24.234 Y10.484 Z50.846 E1348.25275
G1 X23.687 Y11.67 Z50.854 E1348.86695
G1 X23.083 Y12.827 Z50.862 E1349.48074
G1 X22.424 Y13.949 Z50.869 E1350.09266
G1 X21.701 Y15.05 Z50.877 E1350.71209
G1 X20.929 Y16.109 Z50.885 E1351.32839
G1 X20.126 Y17.105 Z50.893 E1351.93005
G1 X19.233 Y18.104 Z50.901 E1352.56019
G1 X18.335 Y19.016 Z50.909 E1353.1621
G1 X17.355 Y19.915 Z50.917 E1353.7875
G1 X16.363 Y20.739 Z50.924 E1354.39396
G1 X15.307 Y21.532 Z50.932 E1355.015
G1 X14.235 Y22.257 Z50.94 E1355.6236
G1 X13.118 Y22.935 Z50.948 E1356.23809
G1 X11.96 Y23.561 Z50.956 E1356.85715
G1 X10.787 Y24.123 Z50.964 E1357.46882
G1 X9.584 Y24.627 Z50.972 E1358.0822
G1 X8.343 Y25.076 Z50.98 E1358.70284
G1 X7.102 Y25.456 Z50.987 E1359.31319
G1 X5.848 Y25.774 Z50.995 E1359.92158
G1 X4.546 Y26.036 Z51.003 E1360.54615
G1 X3.276 Y26.227 Z51.011 E1361.15011
G1 X1.949 Y26.36 Z51.019 E1361.77729
G1 X0.657 Y26.426 Z51.027 E1362.38567
G1 X-.657 Y26.427 Z51.035 E1363.00361
G1 X-1.949 Y26.364 Z51.043 E1363.61192
G1 X-3.276 Y26.233 Z51.051 E1364.23901
G1 X-4.541 Y26.045 Z51.058 E1364.84044
G1 X-5.851 Y25.785 Z51.066 E1365.46851
G1 X-7.107 Y25.468 Z51.074 E1366.07769
G1 X-8.347 Y25.091 Z51.082 E1366.68719
G1 X-9.59 Y24.644 Z51.09 E1367.30839
G1 X-10.796 Y24.141 Z51.098 E1367.92289
G1 X-11.968 Y23.582 Z51.106 E1368.53353
G1 X-13.13 Y22.957 Z51.114 E1369.15402
G1 X-14.249 Y22.28 Z51.121 E1369.76906
G1 X-15.323 Y21.556 Z51.129 E1370.37818
G1 X-16.383 Y20.764 Z51.137 E1371.00045
G1 X-17.376 Y19.941 Z51.145 E1371.60697
G1 X-18.36 Y19.041 Z51.153 E1372.23408
G1 X-19.26 Y18.131 Z51.161 E1372.83598
G1 X-20.157 Y17.131 Z51.169 E1373.46772
G1 X-20.962 Y16.137 Z51.176 E1374.06924
G1 X-21.738 Y15.076 Z51.184 E1374.68741
G1 X-22.465 Y13.974 Z51.192 E1375.30826
G1 X-23.126 Y12.852 Z51.2 E1375.92067
G1 X-23.734 Y11.694 Z51.208 E1376.53574
G1 X-24.284 Y10.507 Z51.216 E1377.15097
G1 X-24.769 Y9.307 Z51.224 E1377.75964
G1 X-25.205 Y8.051 Z51.232 E1378.38488
G1 X-25.573 Y6.797 Z51.24 E1378.99947
G1 X-25.879 Y5.522 Z51.248 E1379.6161
G1 X-26.121 Y4.242 Z51.255 E1380.22871
G1 X-26.301 Y2.94 Z51.263 E1380.84682
G1 X-26.414 Y1.65 Z51.271 E1381.4558
G1 X-26.465 Y0.334 Z51.279 E1382.07514
G1 X-26.449 Y-.982 Z51.287 E1382.69407
G1 X-26.37 Y-2.275 Z51.295 E1383.30326
G1 X-26.224 Y-3.588 Z51.303 E1383.92454
G1 X-26.017 Y-4.878 Z51.311 E1384.53895
G1 X-25.744 Y-6.16 Z51.318 E1385.15536
G1 X-25.408 Y-7.43 Z51.326 E1385.77315
G1 X-25.013 Y-8.674 Z51.334 E1386.38695
G1 X-24.556 Y-9.891 Z51.342 E1386.9983
G1 X-24.03 Y-11.11 Z51.35 E1387.62265
G1 X-23.457 Y-12.278 Z51.358 E1388.23447
G1 X-22.819 Y-13.428 Z51.366 E1388.85293
G1 X-22.137 Y-14.526 Z51.374 E1389.46079
G1 X-21.385 Y-15.613 Z51.382 E1390.08238
G1 X-20.585 Y-16.657 Z51.39 E1390.70092
G1 X-19.733 Y-17.659 Z51.397 E1391.31945
G1 X-18.847 Y-18.603 Z51.405 E1391.92829
G1 X-17.895 Y-19.522 Z51.413 E1392.55055
G1 X-16.91 Y-20.383 Z51.421 E1393.16579
G1 X-15.9 Y-21.182 Z51.429 E1393.77142
G1 X-14.812 Y-21.956 Z51.437 E1394.39934
G1 X-13.718 Y-22.657 Z51.445 E1395.01038
G1 X-12.585 Y-23.308 Z51.453 E1395.62489
G1 X-11.395 Y-23.913 Z51.461 E1396.25268
G1 X-10.225 Y-24.437 Z51.468 E1396.85556
G1 X-8.989 Y-24.919 Z51.476 E1397.47945
G1 X-7.76 Y-25.33 Z51.484 E1398.08888
G1 X-6.477 Y-25.69 Z51.492 E1398.71554
G1 X-5.206 Y-25.978 Z51.5 E1399.32841
;TIME_ELAPSED:354.809757
;LAYER:51
;note -- min layer time used
;TYPE:WALL-OUTER
;MESH:step-vase.stl
G1 F2015.2 X-3.937 Y-26.204 Z51.508 E1399.93458
G1 X-2.612 Y-26.372 Z51.516 E1400.56268
G1 X-1.32 Y-26.472 Z51.523 E1401.17208
G1 X0.00 Y-26.509 Z51.531 E1401.79309
G1 X1.32 Y-26.479 Z51.539 E1402.41401
G1 X2.622 Y-26.386 Z51.547 E1403.02786
G1 X3.93 Y-26.227 Z51.555 E1403.64751
G1 X5.211 Y-26.007 Z51.562 E1404.25874
G1 X6.486 Y-25.723 Z51.57 E1404.87304
G1 X7.771 Y-25.367 Z51.578 E1405.5001
G1 X9.005 Y-24.96 Z51.586 E1406.11116
G1 X10.238 Y-24.484 Z51.594 E1406.73272
G1 X11.423 Y-23.958 Z51.601 E1407.34242
G1 X12.611 Y-23.359 Z51.609 E1407.9681
G1 X13.751 Y-22.711 Z51.617 E1408.58477
G1 X14.851 Y-22.011 Z51.625 E1409.19793
G1 X15.929 Y-21.249 Z51.633 E1409.81875
G1 X16.961 Y-20.441 Z51.641 E1410.43513
G1 X17.951 Y-19.582 Z51.648 E1411.05152
G1 X18.904 Y-18.668 Z51.656 E1411.6725
G1 X19.812 Y-17.707 Z51.664 E1412.29425
G1 X20.66 Y-16.717 Z51.672 E1412.90727
G1 X21.465 Y-15.675 Z51.68 E1413.52649
G1 X22.226 Y-14.584 Z51.688 E1414.15204
G1 X22.914 Y-13.484 Z51.695 E1414.76219
G1 X23.559 Y-12.333 Z51.703 E1415.38267
G1 X24.141 Y-11.158 Z51.711 E1415.99931
G1 X24.672 Y-9.938 Z51.719 E1416.62503
G1 X25.134 Y-8.719 Z51.727 E1417.23808
G1 X25.537 Y-7.467 Z51.735 E1417.85661
G1 X25.88 Y-6.191 Z51.742 E1418.47798
G1 X26.158 Y-4.906 Z51.75 E1419.09626
G1 X26.372 Y-3.608 Z51.758 E1419.71492
G1 X26.523 Y-2.29 Z51.766 E1420.33879
G1 X26.607 Y-.989 Z51.774 E1420.95189
G1 X26.628 Y0.336 Z51.782 E1421.57508
G1 X26.581 Y1.661 Z51.79 E1422.19858
G1 X26.473 Y2.96 Z51.797 E1422.81157
G1 X26.297 Y4.27 Z51.805 E1423.43316
G1 X26.058 Y5.559 Z51.813 E1424.04967
G1 X25.754 Y6.846 Z51.821 E1424.67157
G1 X25.387 Y8.115 Z51.829 E1425.2928
G1 X24.958 Y9.365 Z51.837 E1425.9143
G1 X24.469 Y10.588 Z51.844 E1426.53371
G1 X23.919 Y11.785 Z51.852 E1427.15321
G1 X23.313 Y12.952 Z51.86 E1427.7716
G1 X22.642 Y14.098 Z51.868 E1428.39611
G1 X21.923 Y15.198 Z51.876 E1429.01412
G1 X21.149 Y16.264 Z51.884 E1429.63363
G1 X20.32 Y17.295 Z51.892 E1430.25578
G1 X19.446 Y18.277 Z51.899 E1430.874
G1 X18.511 Y19.228 Z51.907 E1431.50118
G1 X17.542 Y20.123 Z51.915 E1432.12151
G1 X16.54 Y20.959 Z51.923 E1432.7352
G1 X15.476 Y21.76 Z51.931 E1433.36151
G1 X14.382 Y22.503 Z51.939 E1433.98342
G1 X13.259 Y23.187 Z51.947 E1434.60179
G1 X12.096 Y23.818 Z51.955 E1435.22403
G1 X10.906 Y24.39 Z51.962 E1435.84494
G1 X9.687 Y24.904 Z51.97 E1436.46708
G1 X8.438 Y25.359 Z51.978 E1437.09221
G1 X7.193 Y25.743 Z51.986 E1437.70492
G1 X5.906 Y26.071 Z51.994 E1438.32951
G1 X4.601 Y26.337 Z52.002 E1438.95583
G1 X3.305 Y26.534 Z52.01 E1439.57231
G1 X1.974 Y26.67 Z52.018 E1440.2015
G1 X0.665 Y26.739 Z52.025 E1440.81794
G1 X-.665 Y26.742 Z52.033 E1441.4434
G1 X-1.975 Y26.68 Z52.041 E1442.06015
G1 X-3.302 Y26.552 Z52.049 E1442.68709
G1 X-4.61 Y26.361 Z52.057 E1443.30873
G1 X-5.908 Y26.104 Z52.065 E1443.931
G1 X-7.206 Y25.781 Z52.073 E1444.56003
G1 X-8.453 Y25.403 Z52.08 E1445.17281
G1 X-9.706 Y24.955 Z52.088 E1445.79859
G1 X-10.931 Y24.446 Z52.096 E1446.42242
G1 X-12.132 Y23.877 Z52.104 E1447.0474
G1 X-13.296 Y23.254 Z52.112 E1447.66827
G1 X-14.425 Y22.574 Z52.12 E1448.28808
G1 X-15.533 Y21.831 Z52.128 E1448.91545
G1 X-16.6 Y21.036 Z52.136 E1449.5412
G1 X-17.613 Y20.2 Z52.144 E1450.15886
G1 X-18.587 Y19.312 Z52.151 E1450.77869
G1 X-19.535 Y18.357 Z52.159 E1451.41151
G1 X-20.414 Y17.38 Z52.167 E1452.02955
G1 X-21.255 Y16.346 Z52.175 E1452.65634
G1 X-22.04 Y15.277 Z52.183 E1453.28005
G1 X-22.766 Y14.18 Z52.191 E1453.89868
G1 X-23.451 Y13.024 Z52.199 E1454.53059
G1 X-24.065 Y11.857 Z52.207 E1455.15073
G1 X-24.625 Y10.656 Z52.215 E1455.7739
G1 X-25.125 Y9.426 Z52.223 E1456.3983
G1 X-25.561 Y8.179 Z52.231 E1457.01955
G1 X-25.939 Y6.895 Z52.238 E1457.649
G1 X-26.253 Y5.6 Z52.246 E1458.27564
G1 X-26.501 Y4.304 Z52.254 E1458.89618
G1 X-26.685 Y2.984 Z52.262 E1459.52294
G1 X-26.803 Y1.673 Z52.27 E1460.14196
G1 X-26.856 Y0.34 Z52.278 E1460.76933
G1 X-26.842 Y-.997 Z52.286 E1461.39811
G1 X-26.765 Y-2.312 Z52.294 E1462.01758
G1 X-26.62 Y-3.64 Z52.302 E1462.64582
G1 X-26.411 Y-4.958 Z52.31 E1463.27338
G1 X-26.139 Y-6.25 Z52.318 E1463.89429
G1 X-25.8 Y-7.54 Z52.325 E1464.52154
G1 X-25.395 Y-8.818 Z52.333 E1465.152
G1 X-24.938 Y-10.046 Z52.341 E1465.76819
G1 X-24.412 Y-11.272 Z52.349 E1466.39557
G1 X-23.823 Y-12.478 Z52.357 E1467.02674
G1 X-23.18 Y-13.641 Z52.365 E1467.65169
G1 X-22.489 Y-14.757 Z52.373 E1468.26898
G1 X-21.719 Y-15.875 Z52.381 E1468.90737
G1 X-20.918 Y-16.922 Z52.389 E1469.52732
G1 X-20.07 Y-17.925 Z52.397 E1470.14499
G1 X-19.144 Y-18.916 Z52.405 E1470.78282
G1 X-18.189 Y-19.842 Z52.413 E1471.40839
G1 X-17.2 Y-20.709 Z52.421 E1472.0269
G1 X-16.143 Y-21.548 Z52.429 E1472.66154
G1 X-15.068 Y-22.315 Z52.436 E1473.28256
G1 X-13.948 Y-23.036 Z52.444 E1473.90897
G1 X-12.789 Y-23.704 Z52.452 E1474.53806
G1 X-11.603 Y-24.311 Z52.46 E1475.16461
G1 X-10.385 Y-24.859 Z52.468 E1475.79271
G1 X-9.15 Y-25.344 Z52.476 E1476.41668
G1 X-7.89 Y-25.767 Z52.484 E1477.04172
G1 X-6.597 Y-26.131 Z52.492 E1477.67342
G1 X-5.292 Y-26.431 Z52.5 E1478.30313
;TIME_ELAPSED:359.818180
;LAYER:52
;note -- min layer time used
;TYPE:WALL-OUTER
;MESH:step-vase.stl
G1 F2049.5 X-3.986 Y-26.664 Z52.508 E1478.927
G1 X-2.678 Y-26.83 Z52.515 E1479.54705
G1 X-1.342 Y-26.933 Z52.523 E1480.1772
G1 X0.00 Y-26.968 Z52.531 E1480.80852
G1 X1.342 Y-26.94 Z52.539 E1481.43976
G1 X2.679 Y-26.844 Z52.547 E1482.07013
G1 X3.989 Y-26.685 Z52.555 E1482.69071
G1 X5.298 Y-26.459 Z52.562 E1483.3154
G1 X6.606 Y-26.166 Z52.57 E1483.94576
G1 X7.902 Y-25.808 Z52.578 E1484.57806
G1 X9.167 Y-25.391 Z52.586 E1485.20445
G1 X10.407 Y-24.912 Z52.594 E1485.82958
G1 X11.63 Y-24.369 Z52.602 E1486.45886
G1 X12.824 Y-23.766 Z52.609 E1487.08791
G1 X13.988 Y-23.104 Z52.617 E1487.71764
G1 X15.116 Y-22.387 Z52.625 E1488.3462
G1 X16.198 Y-21.622 Z52.633 E1488.96937
G1 X17.265 Y-20.785 Z52.641 E1489.60712
G1 X18.262 Y-19.921 Z52.648 E1490.22754
G1 X19.224 Y-18.998 Z52.656 E1490.85449
G1 X20.16 Y-18.008 Z52.664 E1491.4952
G1 X21.02 Y-17.001 Z52.672 E1492.11796
G1 X21.829 Y-15.955 Z52.68 E1492.73983
G1 X22.608 Y-14.838 Z52.688 E1493.38025
G1 X23.309 Y-13.717 Z52.695 E1494.00201
G1 X23.962 Y-12.552 Z52.703 E1494.63007
G1 X24.563 Y-11.339 Z52.711 E1495.26669
G1 X25.095 Y-10.115 Z52.719 E1495.89432
G1 X25.565 Y-8.874 Z52.727 E1496.51838
G1 X25.979 Y-7.591 Z52.735 E1497.15238
G1 X26.327 Y-6.296 Z52.743 E1497.78299
G1 X26.608 Y-4.995 Z52.75 E1498.40892
G1 X26.826 Y-3.667 Z52.758 E1499.0418
G1 X26.979 Y-2.331 Z52.766 E1499.67419
G1 X27.064 Y-1.006 Z52.774 E1500.29858
G1 X27.086 Y0.343 Z52.782 E1500.93306
G1 X27.039 Y1.688 Z52.79 E1501.56596
G1 X26.927 Y3.011 Z52.797 E1502.19035
G1 X26.749 Y4.344 Z52.805 E1502.82279
G1 X26.506 Y5.654 Z52.813 E1503.44936
G1 X26.196 Y6.963 Z52.821 E1504.08197
G1 X25.819 Y8.267 Z52.829 E1504.72032
G1 X25.389 Y9.52 Z52.837 E1505.3433
G1 X24.89 Y10.767 Z52.845 E1505.97494
G1 X24.328 Y11.99 Z52.852 E1506.6079
G1 X23.716 Y13.167 Z52.86 E1507.23177
G1 X23.031 Y14.338 Z52.868 E1507.86976
G1 X22.296 Y15.463 Z52.876 E1508.50172
G1 X21.509 Y16.545 Z52.884 E1509.13091
G1 X20.667 Y17.592 Z52.892 E1509.76276
G1 X19.778 Y18.591 Z52.9 E1510.39164
G1 X18.828 Y19.558 Z52.907 E1511.02913
G1 X17.848 Y20.462 Z52.915 E1511.65613
G1 X16.815 Y21.324 Z52.923 E1512.28884
G1 X15.748 Y22.127 Z52.931 E1512.91684
G1 X14.628 Y22.887 Z52.939 E1513.55336
G1 X13.482 Y23.585 Z52.947 E1514.18439
G1 X12.311 Y24.22 Z52.955 E1514.81084
G1 X11.092 Y24.806 Z52.962 E1515.44689
G1 X9.848 Y25.329 Z52.97 E1516.08151
G1 X8.591 Y25.788 Z52.978 E1516.71082
G1 X7.3 Y26.185 Z52.986 E1517.346
G1 X6.006 Y26.516 Z52.994 E1517.97413
G1 X4.679 Y26.786 Z53.002 E1518.61096
G1 X3.364 Y26.986 Z53.01 E1519.23648
G1 X2.009 Y27.123 Z53.018 E1519.87695
G1 X0.676 Y27.193 Z53.025 E1520.50469
G1 X-.676 Y27.197 Z53.033 E1521.1405
G1 X-2.009 Y27.134 Z53.041 E1521.76807
G1 X-3.366 Y27.004 Z53.049 E1522.40915
G1 X-4.678 Y26.811 Z53.057 E1523.03279
G1 X-6.013 Y26.547 Z53.065 E1523.67276
G1 X-7.309 Y26.224 Z53.073 E1524.30087
G1 X-8.607 Y25.831 Z53.081 E1524.93865
G1 X-9.867 Y25.379 Z53.088 E1525.56817
G1 X-11.117 Y24.861 Z53.096 E1526.20448
G1 X-12.342 Y24.28 Z53.104 E1526.84208
G1 X-13.519 Y23.649 Z53.112 E1527.47011
G1 X-14.675 Y22.954 Z53.12 E1528.10443
G1 X-15.799 Y22.199 Z53.128 E1528.7412
G1 X-16.872 Y21.401 Z53.136 E1529.37005
G1 X-17.915 Y20.539 Z53.144 E1530.00638
G1 X-18.907 Y19.635 Z53.152 E1530.63754
G1 X-19.86 Y18.674 Z53.16 E1531.27401
G1 X-20.764 Y17.669 Z53.167 E1531.9097
G1 X-21.611 Y16.628 Z53.175 E1532.54083
G1 X-22.407 Y15.545 Z53.183 E1533.1729
G1 X-23.155 Y14.413 Z53.191 E1533.81097
G1 X-23.849 Y13.241 Z53.199 E1534.45151
G1 X-24.469 Y12.063 Z53.207 E1535.07754
G1 X-25.044 Y10.83 Z53.215 E1535.71734
G1 X-25.552 Y9.58 Z53.223 E1536.35187
G1 X-25.991 Y8.322 Z53.231 E1536.97846
G1 X-26.378 Y7.012 Z53.239 E1537.62083
G1 X-26.697 Y5.695 Z53.246 E1538.25809
G1 X-26.948 Y4.377 Z53.254 E1538.88905
G1 X-27.136 Y3.032 Z53.262 E1539.52771
G1 X-27.254 Y1.703 Z53.27 E1540.15516
G1 X-27.309 Y0.345 Z53.278 E1540.79431
G1 X-27.294 Y-1.015 Z53.286 E1541.43392
G1 X-27.216 Y-2.351 Z53.294 E1542.06328
G1 X-27.069 Y-3.701 Z53.302 E1542.7019
G1 X-26.856 Y-5.039 Z53.31 E1543.33904
G1 X-26.578 Y-6.358 Z53.318 E1543.97296
G1 X-26.234 Y-7.665 Z53.326 E1544.60854
G1 X-25.826 Y-8.951 Z53.333 E1545.24301
G1 X-25.35 Y-10.232 Z53.341 E1545.88568
G1 X-24.824 Y-11.46 Z53.349 E1546.51392
G1 X-24.222 Y-12.688 Z53.357 E1547.15707
G1 X-23.569 Y-13.869 Z53.365 E1547.79171
G1 X-22.861 Y-15.014 Z53.373 E1548.4248
G1 X-22.089 Y-16.135 Z53.381 E1549.06489
G1 X-21.278 Y-17.195 Z53.389 E1549.69254
G1 X-20.398 Y-18.236 Z53.397 E1550.33358
G1 X-19.459 Y-19.24 Z53.405 E1550.98005
G1 X-18.495 Y-20.174 Z53.413 E1551.61128
G1 X-17.488 Y-21.056 Z53.421 E1552.2408
G1 X-16.42 Y-21.903 Z53.429 E1552.88183
G1 X-15.316 Y-22.692 Z53.436 E1553.51997
G1 X-14.176 Y-23.427 Z53.444 E1554.15785
G1 X-13.01 Y-24.097 Z53.452 E1554.79026
G1 X-11.79 Y-24.721 Z53.46 E1555.43468
G1 X-10.565 Y-25.273 Z53.468 E1556.06655
G1 X-9.297 Y-25.77 Z53.476 E1556.70703
G1 X-8.022 Y-26.198 Z53.484 E1557.33951
G1 X-6.708 Y-26.569 Z53.492 E1557.9816
G1 X-5.381 Y-26.872 Z53.5 E1558.62171
;TIME_ELAPSED:364.826743
;LAYER:53
;note -- min layer time used
;TYPE:WALL-OUTER
;MESH:step-vase.stl
G1 F2082.3 X-4.056 Y-27.107 Z53.508 E1559.25455
G1 X-2.717 Y-27.278 Z53.516 E1559.88936
G1 X-1.365 Y-27.381 Z53.523 E1560.52701
G1 X0.00 Y-27.418 Z53.531 E1561.16916
G1 X1.366 Y-27.388 Z53.539 E1561.81171
G1 X2.713 Y-27.292 Z53.547 E1562.44677
G1 X4.058 Y-27.127 Z53.555 E1563.08403
G1 X5.388 Y-26.898 Z53.562 E1563.71869
G1 X6.717 Y-26.601 Z53.57 E1564.3591
G1 X8.033 Y-26.237 Z53.578 E1565.00122
G1 X9.312 Y-25.815 Z53.586 E1565.63459
G1 X10.591 Y-25.322 Z53.594 E1566.2792
G1 X11.817 Y-24.776 Z53.602 E1566.91035
G1 X13.042 Y-24.158 Z53.609 E1567.55559
G92 E0
G1 X14.215 Y-23.491 Z53.617 E0.63457
G1 X15.361 Y-22.761 Z53.625 E1.27356
G1 X16.474 Y-21.973 Z53.633 E1.91488
G1 X17.544 Y-21.134 Z53.641 E2.55431
G1 X18.568 Y-20.246 Z53.649 E3.19172
G1 X19.537 Y-19.316 Z53.656 E3.82333
G1 X20.483 Y-18.314 Z53.664 E4.47137
G1 X21.375 Y-17.272 Z53.672 E5.11642
G1 X22.194 Y-16.211 Z53.68 E5.74674
G1 X22.976 Y-15.089 Z53.688 E6.3899
G1 X23.694 Y-13.941 Z53.696 E7.02666
G1 X24.355 Y-12.759 Z53.703 E7.66354
G1 X24.967 Y-11.526 Z53.711 E8.31088
G1 X25.502 Y-10.293 Z53.719 E8.94296
G1 X25.988 Y-9.007 Z53.727 E9.58947
G1 X26.405 Y-7.716 Z53.735 E10.22748
G1 X26.758 Y-6.4 Z53.743 E10.86823
G1 X27.045 Y-5.075 Z53.75 E11.50579
G1 X27.266 Y-3.728 Z53.758 E12.14772
G1 X27.421 Y-2.369 Z53.766 E12.79096
G1 X27.507 Y-1.023 Z53.774 E13.42524
G1 X27.528 Y0.348 Z53.782 E14.07006
G1 X27.48 Y1.717 Z53.79 E14.71425
G1 X27.367 Y3.058 Z53.798 E15.34712
G1 X27.185 Y4.415 Z53.805 E15.99099
G1 X26.938 Y5.747 Z53.813 E16.62808
G1 X26.623 Y7.077 Z53.821 E17.27084
G1 X26.24 Y8.399 Z53.829 E17.91811
G1 X25.802 Y9.674 Z53.837 E18.5521
G1 X25.293 Y10.945 Z53.845 E19.19596
G1 X24.722 Y12.187 Z53.853 E19.83881
G1 X24.101 Y13.381 Z53.86 E20.47171
G1 X23.403 Y14.573 Z53.868 E21.12131
G1 X22.66 Y15.71 Z53.876 E21.76006
G1 X21.857 Y16.814 Z53.884 E22.40205
G1 X21.005 Y17.874 Z53.892 E23.0416
G1 X20.093 Y18.898 Z53.9 E23.68646
G1 X19.146 Y19.863 Z53.908 E24.32229
G1 X18.131 Y20.797 Z53.915 E24.97095
G1 X17.087 Y21.668 Z53.923 E25.61035
G1 X16 Y22.486 Z53.931 E26.25011
G1 X14.871 Y23.252 Z53.939 E26.89171
G1 X13.701 Y23.964 Z53.947 E27.5358
G1 X12.502 Y24.614 Z53.955 E28.17719
G1 X11.272 Y25.206 Z53.963 E28.81913
G1 X10.016 Y25.734 Z53.97 E29.45986
G1 X8.733 Y26.201 Z53.978 E30.10194
G1 X7.41 Y26.609 Z53.986 E30.75303
G1 X6.112 Y26.94 Z53.994 E31.38298
G1 X4.743 Y27.218 Z54.002 E32.03992
G1 X3.424 Y27.419 Z54.01 E32.66737
G1 X2.04 Y27.559 Z54.018 E33.32155
G1 X0.688 Y27.629 Z54.026 E33.9582
G1 X-.688 Y27.633 Z54.034 E34.6053
G1 X-2.041 Y27.569 Z54.041 E35.24229
G1 X-3.426 Y27.436 Z54.049 E35.89661
G1 X-4.747 Y27.241 Z54.057 E36.52457
G1 X-6.119 Y26.97 Z54.065 E37.18225
G1 X-7.419 Y26.644 Z54.073 E37.81253
G1 X-8.745 Y26.242 Z54.081 E38.46414
G1 X-10.035 Y25.78 Z54.089 E39.10853
G1 X-11.295 Y25.258 Z54.097 E39.74991
G1 X-12.525 Y24.674 Z54.104 E40.39023
G1 X-13.736 Y24.024 Z54.112 E41.03657
G1 X-14.911 Y23.317 Z54.12 E41.68146
G1 X-16.047 Y22.554 Z54.128 E42.32501
G1 X-17.145 Y21.736 Z54.136 E42.96891
G1 X-18.192 Y20.872 Z54.144 E43.60728
G1 X-19.219 Y19.936 Z54.152 E44.26074
G1 X-20.173 Y18.973 Z54.16 E44.89822
G1 X-21.091 Y17.952 Z54.168 E45.54391
G1 X-21.957 Y16.886 Z54.176 E46.18979
G1 X-22.767 Y15.784 Z54.183 E46.83296
G1 X-23.518 Y14.647 Z54.191 E47.47377
G1 X-24.226 Y13.451 Z54.199 E48.12738
G1 X-24.857 Y12.25 Z54.207 E48.76538
G1 X-25.435 Y11.009 Z54.215 E49.40919
G1 X-25.955 Y9.731 Z54.223 E50.05804
G1 X-26.403 Y8.448 Z54.231 E50.69712
G1 X-26.794 Y7.123 Z54.239 E51.3468
G1 X-27.118 Y5.786 Z54.247 E51.99375
G1 X-27.373 Y4.445 Z54.254 E52.63568
G1 X-27.562 Y3.082 Z54.262 E53.2828
G1 X-27.683 Y1.728 Z54.27 E53.92208
G1 X-27.738 Y0.351 Z54.278 E54.57016
G1 X-27.723 Y-1.032 Z54.286 E55.22059
G1 X-27.644 Y-2.388 Z54.294 E55.85936
G1 X-27.494 Y-3.759 Z54.302 E56.50795
G1 X-27.277 Y-5.121 Z54.31 E57.15654
G1 X-26.996 Y-6.452 Z54.318 E57.79627
G1 X-26.643 Y-7.789 Z54.326 E58.44656
G1 X-26.229 Y-9.096 Z54.334 E59.09131
G1 X-25.749 Y-10.387 Z54.342 E59.73903
G1 X-25.212 Y-11.639 Z54.349 E60.37969
G1 X-24.597 Y-12.893 Z54.357 E61.03651
G1 X-23.942 Y-14.079 Z54.365 E61.67366
G1 X-23.22 Y-15.245 Z54.373 E62.31861
G1 X-22.432 Y-16.389 Z54.381 E62.97187
G1 X-21.61 Y-17.464 Z54.389 E63.60827
G1 X-20.716 Y-18.519 Z54.397 E64.25859
G1 X-19.767 Y-19.534 Z54.405 E64.91205
G1 X-18.792 Y-20.478 Z54.413 E65.55026
G1 X-17.748 Y-21.392 Z54.421 E66.20279
G1 X-16.676 Y-22.242 Z54.429 E66.84617
G1 X-15.548 Y-23.048 Z54.437 E67.49814
G1 X-14.394 Y-23.792 Z54.445 E68.14385
G1 X-13.206 Y-24.474 Z54.452 E68.78804
G1 X-11.981 Y-25.1 Z54.46 E69.43499
G1 X-10.743 Y-25.658 Z54.468 E70.07359
G1 X-9.434 Y-26.172 Z54.476 E70.73493
G1 X-8.141 Y-26.606 Z54.484 E71.37633
G1 X-6.821 Y-26.977 Z54.492 E72.02114
G1 X-5.476 Y-27.285 Z54.5 E72.67003
;TIME_ELAPSED:369.847584
;LAYER:54
;note -- min layer time used
;TYPE:WALL-OUTER
;MESH:step-vase.stl
G1 F2111.8 X-4.118 Y-27.525 Z54.508 E73.31856
G1 X-2.744 Y-27.699 Z54.516 E73.96987
G1 X-1.384 Y-27.802 Z54.523 E74.61127
G1 X0.00 Y-27.839 Z54.531 E75.26236
G1 X1.385 Y-27.808 Z54.539 E75.91385
G1 X2.745 Y-27.71 Z54.547 E76.55508
G1 X4.121 Y-27.542 Z54.555 E77.20698
G1 X5.481 Y-27.307 Z54.563 E77.85602
G1 X6.821 Y-27.007 Z54.57 E78.50178
G1 X8.153 Y-26.639 Z54.578 E79.15165
G1 X9.447 Y-26.21 Z54.586 E79.79276
G1 X10.759 Y-25.702 Z54.594 E80.45439
G1 X12.005 Y-25.148 Z54.602 E81.09566
G1 X13.234 Y-24.527 Z54.61 E81.74321
G1 X14.428 Y-23.848 Z54.617 E82.38916
G1 X15.591 Y-23.106 Z54.625 E83.03792
G1 X16.722 Y-22.305 Z54.633 E83.68967
G1 X17.801 Y-21.457 Z54.641 E84.33505
G1 X18.853 Y-20.543 Z54.649 E84.99042
G1 X19.84 Y-19.596 Z54.657 E85.63367
G1 X20.792 Y-18.588 Z54.665 E86.2857
G1 X21.693 Y-17.535 Z54.672 E86.93743
G1 X22.524 Y-16.458 Z54.68 E87.57716
G1 X23.32 Y-15.313 Z54.688 E88.23295
G1 X24.054 Y-14.14 Z54.696 E88.88368
G1 X24.715 Y-12.956 Z54.704 E89.52137
G1 X25.338 Y-11.697 Z54.712 E90.18197
G1 X25.885 Y-10.438 Z54.719 E90.8275
G1 X26.372 Y-9.148 Z54.727 E91.47595
G1 X26.795 Y-7.831 Z54.735 E92.12646
G1 X27.155 Y-6.493 Z54.743 E92.77806
G1 X27.443 Y-5.153 Z54.751 E93.42261
G1 X27.668 Y-3.782 Z54.759 E94.07598
G1 X27.825 Y-2.404 Z54.767 E94.72821
G1 X27.911 Y-1.039 Z54.774 E95.3714
G1 X27.932 Y0.354 Z54.782 E96.02656
G1 X27.884 Y1.739 Z54.79 E96.67828
G1 X27.767 Y3.106 Z54.798 E97.32349
G1 X27.583 Y4.479 Z54.806 E97.97495
G1 X27.332 Y5.831 Z54.814 E98.62162
G1 X27.011 Y7.18 Z54.821 E99.27372
G1 X26.624 Y8.519 Z54.829 E99.92919
G1 X26.179 Y9.809 Z54.837 E100.57092
G1 X25.655 Y11.113 Z54.845 E101.23182
G1 X25.084 Y12.356 Z54.853 E101.87509
G1 X24.442 Y13.588 Z54.861 E102.52841
G1 X23.749 Y14.771 Z54.869 E103.17317
G1 X22.984 Y15.942 Z54.877 E103.83096
G1 X22.177 Y17.05 Z54.884 E104.47557
G1 X21.302 Y18.137 Z54.892 E105.1318
G1 X20.382 Y19.169 Z54.9 E105.78197
G1 X19.424 Y20.143 Z54.908 E106.42444
G1 X18.386 Y21.099 Z54.916 E107.08807
G1 X17.339 Y21.972 Z54.924 E107.72915
G1 X16.226 Y22.808 Z54.932 E108.38377
G1 X15.081 Y23.585 Z54.939 E109.0345
G1 X13.896 Y24.305 Z54.947 E109.68658
G1 X12.671 Y24.97 Z54.955 E110.34207
G1 X11.436 Y25.562 Z54.963 E110.98614
G1 X10.156 Y26.1 Z54.971 E111.63909
G1 X8.849 Y26.575 Z54.979 E112.29307
G1 X7.527 Y26.982 Z54.987 E112.94357
G1 X6.198 Y27.321 Z54.994 E113.58857
G1 X4.827 Y27.599 Z55.002 E114.24643
G1 X3.457 Y27.807 Z55.01 E114.89809
G1 X2.068 Y27.947 Z55.018 E115.5546
G1 X0.698 Y28.017 Z55.026 E116.19972
G1 X-.698 Y28.02 Z55.034 E116.85622
G1 X-2.069 Y27.955 Z55.042 E117.50168
G1 X-3.458 Y27.821 Z55.05 E118.15792
G1 X-4.831 Y27.619 Z55.058 E118.81056
G1 X-6.202 Y27.346 Z55.065 E119.46796
G1 X-7.535 Y27.012 Z55.073 E120.11421
G1 X-8.86 Y26.61 Z55.081 E120.76536
G1 X-10.167 Y26.141 Z55.089 E121.41838
G1 X-11.456 Y25.605 Z55.097 E122.07488
G1 X-12.695 Y25.017 Z55.105 E122.71983
G1 X-13.926 Y24.356 Z55.113 E123.37692
G1 X-15.116 Y23.639 Z55.121 E124.03027
G1 X-16.266 Y22.865 Z55.128 E124.68216
G1 X-17.386 Y22.031 Z55.136 E125.33886
G1 X-18.439 Y21.161 Z55.144 E125.9812
G1 X-19.484 Y20.206 Z55.152 E126.64694
G1 X-20.45 Y19.232 Z55.16 E127.29206
G1 X-21.376 Y18.201 Z55.168 E127.94376
G1 X-22.26 Y17.114 Z55.176 E128.60265
G1 X-23.074 Y16.004 Z55.184 E129.24997
G1 X-23.846 Y14.835 Z55.192 E129.90878
G1 X-24.546 Y13.649 Z55.199 E130.55642
G1 X-25.199 Y12.409 Z55.207 E131.21547
G1 X-25.775 Y11.168 Z55.215 E131.85888
G1 X-26.31 Y9.852 Z55.223 E132.52694
G1 X-26.76 Y8.565 Z55.231 E133.16811
G1 X-27.155 Y7.218 Z55.239 E133.82824
G1 X-27.483 Y5.863 Z55.247 E134.48386
G1 X-27.741 Y4.504 Z55.255 E135.13438
G1 X-27.932 Y3.124 Z55.263 E135.78954
G1 X-28.055 Y1.75 Z55.271 E136.43828
G1 X-28.109 Y0.356 Z55.278 E137.09433
G1 X-28.094 Y-1.046 Z55.286 E137.75368
G1 X-28.013 Y-2.421 Z55.294 E138.40143
G1 X-27.86 Y-3.809 Z55.302 E139.05812
G1 X-27.64 Y-5.19 Z55.31 E139.71575
G1 X-27.352 Y-6.553 Z55.318 E140.37089
G1 X-27 Y-7.884 Z55.326 E141.01834
G1 X-26.575 Y-9.223 Z55.334 E141.67899
G1 X-26.094 Y-10.515 Z55.342 E142.32732
G1 X-25.545 Y-11.793 Z55.35 E142.98144
G1 X-24.921 Y-13.065 Z55.358 E143.64772
G1 X-24.266 Y-14.251 Z55.365 E144.28487
G1 X-23.52 Y-15.453 Z55.373 E144.95015
G1 X-22.723 Y-16.609 Z55.381 E145.61047
G1 X-21.885 Y-17.702 Z55.389 E146.25816
G1 X-20.987 Y-18.763 Z55.397 E146.91184
G1 X-20.035 Y-19.779 Z55.405 E147.56661
G1 X-19.037 Y-20.744 Z55.413 E148.21947
G1 X-17.977 Y-21.672 Z55.421 E148.882
G1 X-16.891 Y-22.534 Z55.429 E149.53404
G1 X-15.76 Y-23.343 Z55.437 E150.18798
G1 X-14.584 Y-24.098 Z55.445 E150.84518
G1 X-13.376 Y-24.792 Z55.453 E151.50035
G1 X-12.136 Y-25.424 Z55.46 E152.15485
G1 X-10.873 Y-25.993 Z55.468 E152.8063
G1 X-9.555 Y-26.509 Z55.476 E153.47192
G1 X-8.255 Y-26.945 Z55.484 E154.11675
G1 X-6.894 Y-27.327 Z55.492 E154.78152
G1 X-5.551 Y-27.634 Z55.5 E155.42938
;TIME_ELAPSED:374.856401
;LAYER:55
;note -- min layer time used
;TYPE:WALL-OUTER
;MESH:step-vase.stl
G1 F2129.2 X-4.171 Y-27.876 Z55.508 E156.08826
G1 X-2.779 Y-28.05 Z55.516 E156.74797
G1 X-1.402 Y-28.153 Z55.524 E157.39735
G1 X0.00 Y-28.188 Z55.531 E158.05687
G1 X1.402 Y-28.155 Z55.539 E158.71637
G1 X2.78 Y-28.053 Z55.547 E159.36618
G1 X4.172 Y-27.881 Z55.555 E160.02578
G1 X5.552 Y-27.64 Z55.563 E160.68458
G1 X6.9 Y-27.337 Z55.571 E161.33432
G1 X8.256 Y-26.959 Z55.579 E161.99632
G1 X9.561 Y-26.525 Z55.586 E162.64307
G1 X10.882 Y-26.012 Z55.594 E163.3095
G1 X12.147 Y-25.447 Z55.602 E163.96103
G1 X13.377 Y-24.823 Z55.61 E164.60965
G1 X14.606 Y-24.122 Z55.618 E165.27502
G1 X15.78 Y-23.372 Z55.626 E165.93016
G1 X16.913 Y-22.566 Z55.634 E166.58404
G1 X18.016 Y-21.695 Z55.642 E167.24498
G1 X19.058 Y-20.788 Z55.649 E167.89464
G1 X20.072 Y-19.814 Z55.657 E168.55585
G1 X21.019 Y-18.808 Z55.665 E169.20558
G1 X21.929 Y-17.74 Z55.673 E169.86542
G1 X22.786 Y-16.626 Z55.681 E170.52639
G1 X23.573 Y-15.49 Z55.689 E171.1763
G1 X24.315 Y-14.3 Z55.697 E171.83579
G1 X24.992 Y-13.084 Z55.704 E172.4903
G1 X25.61 Y-11.831 Z55.712 E173.14732
G1 X26.168 Y-10.542 Z55.72 E173.80786
G1 X26.653 Y-9.251 Z55.728 E174.45641
G1 X27.079 Y-7.918 Z55.736 E175.11452
G1 X27.439 Y-6.573 Z55.744 E175.7693
G1 X27.732 Y-5.206 Z55.752 E176.42676
G1 X27.957 Y-3.822 Z55.76 E177.08616
G1 X28.114 Y-2.429 Z55.767 E177.74539
G1 X28.199 Y-1.049 Z55.775 E178.3956
G1 X28.217 Y0.357 Z55.783 E179.05685
G1 X28.166 Y1.757 Z55.791 E179.71567
G1 X28.048 Y3.135 Z55.799 E180.36608
G1 X27.858 Y4.524 Z55.807 E181.02537
G1 X27.603 Y5.889 Z55.815 E181.67839
G1 X27.277 Y7.253 Z55.822 E182.33791
G1 X26.886 Y8.596 Z55.83 E182.9957
G1 X26.429 Y9.914 Z55.838 E183.65172
G1 X25.91 Y11.203 Z55.846 E184.3052
G1 X25.324 Y12.474 Z55.854 E184.96338
G1 X24.676 Y13.712 Z55.862 E185.62051
G1 X23.965 Y14.923 Z55.87 E186.28091
G1 X23.201 Y16.088 Z55.878 E186.93608
G1 X22.376 Y17.217 Z55.885 E187.59366
G1 X21.505 Y18.295 Z55.893 E188.24541
G1 X20.569 Y19.343 Z55.901 E188.9062
G1 X19.592 Y20.333 Z55.909 E189.56031
G1 X18.56 Y21.28 Z55.917 E190.219
G1 X17.491 Y22.169 Z55.925 E190.87284
G1 X16.373 Y23.008 Z55.933 E191.53019
G1 X15.204 Y23.797 Z55.941 E192.19343
G1 X14.016 Y24.517 Z55.948 E192.84671
G1 X12.796 Y25.177 Z55.956 E193.49901
G1 X11.524 Y25.784 Z55.964 E194.16182
G1 X10.242 Y26.32 Z55.972 E194.81528
G1 X8.924 Y26.798 Z55.98 E195.4746
G1 X7.584 Y27.208 Z55.988 E196.1336
G1 X6.245 Y27.548 Z55.996 E196.78328
G1 X4.863 Y27.825 Z56.004 E197.44612
G1 X3.503 Y28.029 Z56.011 E198.09284
G1 X2.084 Y28.172 Z56.019 E198.76354
G1 X0.703 Y28.241 Z56.027 E199.41379
G1 X-.703 Y28.242 Z56.035 E200.075
G1 X-2.084 Y28.174 Z56.043 E200.72523
G1 X-3.503 Y28.034 Z56.051 E201.39578
G1 X-4.857 Y27.832 Z56.059 E202.03958
G1 X-6.247 Y27.555 Z56.067 E202.70611
G1 X-7.586 Y27.217 Z56.074 E203.35555
G1 X-8.927 Y26.808 Z56.082 E204.01487
G1 X-10.247 Y26.332 Z56.09 E204.67475
G1 X-11.529 Y25.797 Z56.098 E205.32803
G1 X-12.803 Y25.191 Z56.106 E205.99148
G1 X-14.024 Y24.532 Z56.114 E206.64398
G1 X-15.214 Y23.814 Z56.122 E207.29758
G1 X-16.388 Y23.022 Z56.13 E207.96356
G1 X-17.504 Y22.187 Z56.137 E208.61902
G1 X-18.576 Y21.298 Z56.145 E209.27395
G1 X-19.608 Y20.352 Z56.153 E209.93232
G1 X-20.588 Y19.362 Z56.161 E210.58742
G1 X-21.527 Y18.314 Z56.169 E211.24916
G1 X-22.4 Y17.237 Z56.177 E211.90113
G1 X-23.227 Y16.105 Z56.185 E212.56041
G1 X-23.992 Y14.942 Z56.193 E213.21505
G1 X-24.706 Y13.729 Z56.2 E213.87697
G1 X-25.357 Y12.491 Z56.208 E214.53476
G1 X-25.945 Y11.218 Z56.216 E215.19419
G1 X-26.466 Y9.93 Z56.224 E215.84758
G1 X-26.925 Y8.611 Z56.232 E216.50435
G1 X-27.318 Y7.266 Z56.24 E217.16331
G1 X-27.647 Y5.898 Z56.248 E217.82499
G1 X-27.904 Y4.532 Z56.256 E218.47865
G1 X-28.095 Y3.14 Z56.264 E219.1394
G1 X-28.216 Y1.76 Z56.271 E219.79086
G1 X-28.269 Y0.358 Z56.279 E220.45066
G1 X-28.252 Y-1.05 Z56.287 E221.11285
G1 X-28.168 Y-2.432 Z56.295 E221.76396
G1 X-28.012 Y-3.831 Z56.303 E222.42595
G1 X-27.789 Y-5.214 Z56.311 E223.08473
G1 X-27.498 Y-6.579 Z56.319 E223.74108
G1 X-27.138 Y-7.936 Z56.327 E224.40131
G1 X-26.713 Y-9.271 Z56.334 E225.06017
G1 X-26.228 Y-10.566 Z56.342 E225.71048
G1 X-25.669 Y-11.859 Z56.35 E226.37293
G1 X-25.053 Y-13.113 Z56.358 E227.02997
G1 X-24.374 Y-14.336 Z56.366 E227.6878
G1 X-23.632 Y-15.53 Z56.374 E228.3489
G1 X-22.846 Y-16.666 Z56.382 E228.99854
G1 X-21.985 Y-17.789 Z56.39 E229.66401
G1 X-21.074 Y-18.859 Z56.398 E230.32487
G1 X-20.127 Y-19.868 Z56.405 E230.97563
G1 X-19.111 Y-20.847 Z56.413 E231.63915
G1 X-18.071 Y-21.757 Z56.421 E232.28902
G1 X-16.962 Y-22.633 Z56.429 E232.95363
G1 X-15.826 Y-23.442 Z56.437 E233.60948
G1 X-14.652 Y-24.194 Z56.445 E234.26513
G1 X-13.417 Y-24.901 Z56.453 E234.93435
G1 X-12.185 Y-25.527 Z56.461 E235.58423
G1 X-10.924 Y-26.091 Z56.468 E236.23385
G1 X-9.592 Y-26.612 Z56.476 E236.90647
G1 X-8.282 Y-27.049 Z56.484 E237.5559
G1 X-6.926 Y-27.428 Z56.492 E238.21802
G1 X-5.571 Y-27.735 Z56.5 E238.87139
;TIME_ELAPSED:379.865290
;LAYER:56
;note -- min layer time used
;TYPE:WALL-OUTER
;MESH:step-vase.stl
G1 F2132.8 X-4.179 Y-27.977 Z56.508 E239.53583
G1 X-2.792 Y-28.15 Z56.516 E240.19315
G1 X-1.405 Y-28.255 Z56.524 E240.84728
G1 X-0.001 Y-28.288 Z56.532 E241.50773
G1 X1.405 Y-28.255 Z56.539 E242.16911
G1 X2.791 Y-28.151 Z56.547 E242.82274
G1 X4.178 Y-27.978 Z56.555 E243.48006
G1 X5.571 Y-27.734 Z56.563 E244.14512
G1 X6.918 Y-27.43 Z56.571 E244.79451
G1 X8.285 Y-27.049 Z56.579 E245.46187
G1 X9.599 Y-26.611 Z56.587 E246.11324
G1 X10.917 Y-26.097 Z56.595 E246.77852
G1 X12.177 Y-25.535 Z56.602 E247.42733
G1 X13.432 Y-24.897 Z56.61 E248.0894
G1 X14.647 Y-24.203 Z56.618 E248.74743
G1 X15.839 Y-23.439 Z56.626 E249.41325
G1 X16.958 Y-22.643 Z56.634 E250.05904
G1 X18.072 Y-21.765 Z56.642 E250.72608
G1 X19.116 Y-20.853 Z56.65 E251.37799
G1 X20.193 Y-19.81 Z56.658 E252.08305
G1 X21.09 Y-18.855 Z56.665 E252.6992
G1 X21.995 Y-17.793 Z56.673 E253.35537
G1 X22.845 Y-16.685 Z56.681 E254.0121
G1 X23.645 Y-15.531 Z56.689 E254.67244
G1 X24.386 Y-14.339 Z56.697 E255.33249
G1 X25.06 Y-13.128 Z56.705 E255.98425
G1 X25.721 Y-11.773 Z56.713 E256.69325
G1 X26.23 Y-10.597 Z56.72 E257.29586
G1 X26.73 Y-9.265 Z56.728 E257.96494
G1 X27.183 Y-7.832 Z56.737 E258.67171
G1 X27.509 Y-6.599 Z56.744 E259.27148
G1 X27.808 Y-5.199 Z56.752 E259.94471
G1 X28.028 Y-3.846 Z56.76 E260.58935
G1 X28.186 Y-2.435 Z56.768 E261.25705
G1 X28.272 Y-1.05 Z56.776 E261.90963
G1 X28.289 Y0.355 Z56.784 E262.57041
G1 X28.238 Y1.76 Z56.791 E263.23157
G1 X28.118 Y3.141 Z56.799 E263.88346
G1 X27.926 Y4.541 Z56.807 E264.54801
G1 X27.672 Y5.894 Z56.815 E265.1954
G1 X27.341 Y7.274 Z56.823 E265.86278
G1 X26.947 Y8.625 Z56.831 E266.52458
G1 X26.493 Y9.932 Z56.839 E267.17525
G1 X25.967 Y11.236 Z56.847 E267.8365
G1 X25.385 Y12.495 Z56.854 E268.48877
G1 X24.723 Y13.756 Z56.862 E269.15853
G1 X24.026 Y14.942 Z56.87 E269.80546
G1 X23.259 Y16.11 Z56.878 E270.46258
G1 X22.416 Y17.265 Z56.886 E271.13503
G1 X21.552 Y18.332 Z56.894 E271.78069
G1 X20.62 Y19.375 Z56.902 E272.43848
G1 X19.621 Y20.386 Z56.91 E273.10688
G1 X18.603 Y21.317 Z56.917 E273.75563
G1 X17.441 Y22.277 Z56.926 E274.46445
G1 X16.404 Y23.054 Z56.933 E275.07383
G1 X15.252 Y23.831 Z56.941 E275.72729
G1 X14.035 Y24.567 Z56.949 E276.39614
G1 X12.82 Y25.223 Z56.957 E277.04548
G1 X11.542 Y25.833 Z56.965 E277.71144
G1 X10.261 Y26.368 Z56.973 E278.36428
G1 X8.936 Y26.846 Z56.98 E279.0267
G1 X7.602 Y27.255 Z56.988 E279.68286
G1 X6.256 Y27.594 Z56.996 E280.33562
G1 X4.883 Y27.869 Z57.004 E280.99412
G1 X3.487 Y28.078 Z57.012 E281.65794
G1 X2.085 Y28.217 Z57.02 E282.32049
G1 X0.702 Y28.286 Z57.028 E282.97169
G1 X-.702 Y28.286 Z57.036 E283.63195
G1 X-2.099 Y28.216 Z57.043 E284.28974
G1 X-3.576 Y28.066 Z57.052 E284.98791
G1 X-4.867 Y27.872 Z57.059 E285.60184
G1 X-6.256 Y27.593 Z57.067 E286.2681
G1 X-7.601 Y27.254 Z57.075 E286.92039
G1 X-8.935 Y26.846 Z57.083 E287.57642
G1 X-10.261 Y26.367 Z57.091 E288.23944
G1 X-11.541 Y25.832 Z57.098 E288.89185
G1 X-12.82 Y25.222 Z57.106 E289.55823
G1 X-14.034 Y24.566 Z57.114 E290.20716
G1 X-15.251 Y23.831 Z57.122 E290.87576
G1 X-16.394 Y23.059 Z57.13 E291.5244
G1 X-17.523 Y22.213 Z57.138 E292.18786
G1 X-18.597 Y21.32 Z57.146 E292.84471
G1 X-19.619 Y20.384 Z57.154 E293.49644
G1 X-20.615 Y19.376 Z57.162 E294.16285
G1 X-21.598 Y18.273 Z57.17 E294.85765
G1 X-22.425 Y17.248 Z57.177 E295.47701
G1 X-23.257 Y16.11 Z57.185 E296.13996
G1 X-24.023 Y14.941 Z57.193 E296.79721
G1 X-24.721 Y13.755 Z57.201 E297.44438
G1 X-25.381 Y12.494 Z57.209 E298.11371
G1 X-25.964 Y11.235 Z57.217 E298.76618
G1 X-26.49 Y9.932 Z57.225 E299.42698
G1 X-26.943 Y8.625 Z57.232 E300.0775
G1 X-27.338 Y7.272 Z57.24 E300.74034
G1 X-27.669 Y5.894 Z57.248 E301.4068
G1 X-27.922 Y4.54 Z57.256 E302.05457
G1 X-28.114 Y3.14 Z57.264 E302.71911
G1 X-28.234 Y1.759 Z57.272 E303.37101
G1 X-28.286 Y0.356 Z57.28 E304.03125
G1 X-28.268 Y-1.049 Z57.288 E304.69204
G1 X-28.183 Y-2.434 Z57.295 E305.34459
G1 X-28.025 Y-3.845 Z57.303 E306.01229
G1 X-27.805 Y-5.198 Z57.311 E306.65692
G1 X-27.509 Y-6.581 Z57.319 E307.32204
G1 X-27.148 Y-7.939 Z57.327 E307.98284
G1 X-26.728 Y-9.255 Z57.335 E308.63248
G1 X-26.226 Y-10.595 Z57.343 E309.30541
G1 X-25.681 Y-11.852 Z57.35 E309.94971
G1 X-25.056 Y-13.124 Z57.358 E310.6162
G1 X-24.382 Y-14.336 Z57.366 E311.26838
G1 X-23.641 Y-15.528 Z57.374 E311.92842
G1 X-22.841 Y-16.681 Z57.382 E312.58838
G1 X-21.99 Y-17.789 Z57.39 E313.2454
G1 X-21.086 Y-18.851 Z57.398 E313.90126
G1 X-20.129 Y-19.87 Z57.406 E314.55867
G1 X-19.113 Y-20.848 Z57.413 E315.22186
G1 X-18.068 Y-21.759 Z57.421 E315.87381
G1 X-16.955 Y-22.638 Z57.429 E316.54077
G1 X-15.836 Y-23.433 Z57.437 E317.18629
G1 X-14.643 Y-24.195 Z57.445 E317.85201
G1 X-13.428 Y-24.89 Z57.453 E318.51026
G1 X-12.174 Y-25.528 Z57.461 E319.17192
G1 X-10.915 Y-26.09 Z57.469 E319.8203
G1 X-9.596 Y-26.603 Z57.476 E320.48585
G1 X-8.283 Y-27.041 Z57.484 E321.13676
G1 X-6.917 Y-27.423 Z57.492 E321.8038
G1 X-5.571 Y-27.727 Z57.5 E322.45273
;TIME_ELAPSED:384.874194
;LAYER:57
;note -- min layer time used
;TYPE:WALL-OUTER
;MESH:step-vase.stl
G1 F2106.3 X-4.144 Y-27.969 Z57.508 E323.13339
G1 X-2.824 Y-28.127 Z57.516 E323.75858
G1 X-1.42 Y-28.228 Z57.524 E324.42055
G1 X-0.016 Y-28.257 Z57.532 E325.08095
G1 X1.418 Y-28.218 Z57.54 E325.75557
G1 X2.82 Y-28.106 Z57.548 E326.41699
G1 X4.139 Y-27.937 Z57.556 E327.04235
G1 X5.582 Y-27.68 Z57.564 E327.73163
G1 X6.922 Y-27.37 Z57.572 E328.37844
G1 X8.247 Y-26.994 Z57.58 E329.02615
G1 X9.589 Y-26.541 Z57.588 E329.69224
G1 X10.857 Y-26.041 Z57.595 E330.33323
G1 X12.175 Y-25.448 Z57.604 E331.01289
G1 X13.377 Y-24.829 Z57.611 E331.64871
G1 X14.586 Y-24.132 Z57.619 E332.30498
G1 X15.763 Y-23.376 Z57.627 E332.96284
G1 X16.917 Y-22.549 Z57.635 E333.6305
G1 X17.986 Y-21.698 Z57.643 E334.27306
G1 X19.061 Y-20.752 Z57.651 E334.94648
G1 X20.038 Y-19.8 Z57.659 E335.58799
G1 X20.989 Y-18.783 Z57.667 E336.24278
G1 X21.904 Y-17.701 Z57.675 E336.90916
G1 X22.729 Y-16.618 Z57.683 E337.54941
G1 X23.522 Y-15.466 Z57.691 E338.20711
G1 X24.251 Y-14.286 Z57.699 E338.85939
G1 X24.922 Y-13.069 Z57.707 E339.51294
G1 X25.537 Y-11.803 Z57.715 E340.17483
G1 X26.097 Y-10.498 Z57.723 E340.84265
G1 X26.566 Y-9.233 Z57.73 E341.47711
G1 X26.982 Y-7.908 Z57.738 E342.13021
G1 X27.347 Y-6.519 Z57.747 E342.8056
G1 X27.623 Y-5.201 Z57.754 E343.43886
G1 X27.847 Y-3.791 Z57.762 E344.11026
G1 X27.994 Y-2.427 Z57.77 E344.75542
G1 X28.073 Y-1.054 Z57.778 E345.40217
G1 X28.086 Y0.34 Z57.786 E346.05776
G1 X28.031 Y1.737 Z57.794 E346.71524
G1 X27.904 Y3.13 Z57.802 E347.37305
G1 X27.713 Y4.486 Z57.81 E348.01703
G1 X27.455 Y5.838 Z57.818 E348.66431
G1 X27.115 Y7.229 Z57.826 E349.33771
G1 X26.728 Y8.537 Z57.833 E349.97919
G1 X26.272 Y9.837 Z57.841 E350.62706
G1 X25.741 Y11.14 Z57.849 E351.28875
G1 X25.145 Y12.409 Z57.857 E351.94807
G1 X24.517 Y13.599 Z57.865 E352.58084
G1 X23.788 Y14.826 Z57.873 E353.25202
G1 X23.026 Y15.977 Z57.881 E353.90118
G1 X22.2 Y17.096 Z57.889 E354.55525
G1 X21.333 Y18.159 Z57.897 E355.20034
G1 X20.397 Y19.197 Z57.905 E355.85763
G1 X19.436 Y20.162 Z57.912 E356.49809
G1 X18.412 Y21.093 Z57.92 E357.14892
G1 X17.345 Y21.971 Z57.928 E357.79875
G1 X16.211 Y22.817 Z57.936 E358.46409
G1 X15.071 Y23.579 Z57.944 E359.10893
G1 X13.893 Y24.284 Z57.952 E359.75454
G1 X12.684 Y24.932 Z57.96 E360.39962
G1 X11.424 Y25.527 Z57.968 E361.05491
G1 X10.147 Y26.056 Z57.976 E361.70493
G1 X8.813 Y26.532 Z57.984 E362.37102
G1 X7.5 Y26.927 Z57.991 E363.01582
G1 X6.173 Y27.255 Z57.999 E363.65865
G1 X4.789 Y27.526 Z58.007 E364.32186
G1 X3.47 Y27.718 Z58.015 E364.94869
G1 X2.052 Y27.853 Z58.023 E365.61855
G1 X0.702 Y27.916 Z58.031 E366.25411
G1 X-.685 Y27.911 Z58.039 E366.90638
G1 X-2.051 Y27.838 Z58.046 E367.54969
G1 X-3.451 Y27.693 Z58.054 E368.21159
G1 X-4.783 Y27.489 Z58.062 E368.84529
G1 X-6.163 Y27.208 Z58.07 E369.50759
G1 X-7.485 Y26.869 Z58.078 E370.1494
G1 X-8.806 Y26.46 Z58.086 E370.79972
G1 X-10.115 Y25.981 Z58.094 E371.45523
G1 X-11.384 Y25.444 Z58.102 E372.10324
G1 X-12.634 Y24.841 Z58.109 E372.7559
G1 X-13.834 Y24.187 Z58.117 E373.39859
G1 X-15.006 Y23.472 Z58.125 E374.04422
G1 X-16.144 Y22.697 Z58.133 E374.69171
G1 X-17.252 Y21.859 Z58.141 E375.34501
G1 X-18.305 Y20.977 Z58.149 E375.99097
G1 X-19.316 Y20.043 Z58.156 E376.63825
G1 X-20.268 Y19.071 Z58.164 E377.27808
G1 X-21.19 Y18.032 Z58.172 E377.93134
G1 X-22.043 Y16.97 Z58.18 E378.57192
G1 X-22.854 Y15.852 Z58.188 E379.22144
G1 X-23.601 Y14.705 Z58.196 E379.86515
G1 X-24.309 Y13.491 Z58.204 E380.52606
G1 X-24.928 Y12.296 Z58.211 E381.15895
G1 X-25.508 Y11.033 Z58.219 E381.81254
G1 X-26.019 Y9.75 Z58.227 E382.46199
G1 X-26.461 Y8.459 Z58.235 E383.10371
G1 X-26.837 Y7.149 Z58.243 E383.74464
G1 X-27.159 Y5.783 Z58.251 E384.40464
G1 X-27.405 Y4.445 Z58.258 E385.0444
G1 X-27.586 Y3.087 Z58.266 E385.68868
G1 X-27.698 Y1.725 Z58.274 E386.33135
G1 X-27.743 Y0.352 Z58.282 E386.97738
G1 X-27.721 Y-1.032 Z58.29 E387.62832
G1 X-27.632 Y-2.387 Z58.297 E388.26691
G1 X-27.474 Y-3.749 Z58.305 E388.91172
G1 X-27.245 Y-5.12 Z58.313 E389.56539
G1 X-26.958 Y-6.442 Z58.321 E390.20157
G1 X-26.597 Y-7.78 Z58.329 E390.8533
G1 X-26.174 Y-9.086 Z58.336 E391.49888
G1 X-25.695 Y-10.347 Z58.344 E392.13324
G1 X-25.144 Y-11.609 Z58.352 E392.78082
G1 X-24.529 Y-12.844 Z58.36 E393.42963
G1 X-23.86 Y-14.037 Z58.368 E394.07286
G1 X-23.133 Y-15.196 Z58.375 E394.71626
G1 X-22.346 Y-16.322 Z58.383 E395.3623
G1 X-21.511 Y-17.398 Z58.391 E396.0028
G1 X-20.623 Y-18.435 Z58.399 E396.64484
G1 X-19.68 Y-19.429 Z58.407 E397.28918
G1 X-18.694 Y-20.371 Z58.414 E397.93047
G1 X-17.652 Y-21.275 Z58.422 E398.5792
G1 X-16.575 Y-22.115 Z58.43 E399.22152
G1 X-15.461 Y-22.903 Z58.438 E399.86322
G1 X-14.303 Y-23.636 Z58.446 E400.50772
G1 X-13.114 Y-24.31 Z58.453 E401.15047
G1 X-11.905 Y-24.918 Z58.461 E401.78687
G1 X-10.639 Y-25.478 Z58.469 E402.43788
G1 X-9.367 Y-25.967 Z58.477 E403.07875
G1 X-8.079 Y-26.391 Z58.485 E403.71643
G1 X-6.75 Y-26.756 Z58.492 E404.36456
G1 X-5.44 Y-27.047 Z58.5 E404.99564
;TIME_ELAPSED:389.882436
;LAYER:58
;note -- min layer time used
;TYPE:WALL-OUTER
;MESH:step-vase.stl
G1 F2056.2 X-4.026 Y-27.286 Z58.508 E405.67003
G1 X-2.704 Y-27.444 Z58.516 E406.29616
G1 X-1.387 Y-27.537 Z58.524 E406.91705
G1 X-0.016 Y-27.566 Z58.532 E407.56194
G1 X1.428 Y-27.525 Z58.54 E408.24128
G1 X2.715 Y-27.424 Z58.548 E408.84838
G1 X4.132 Y-27.239 Z58.556 E409.52041
G1 X5.475 Y-26.996 Z58.564 E410.16224
G1 X6.8 Y-26.689 Z58.572 E410.80186
G1 X8.109 Y-26.316 Z58.58 E411.44195
G1 X9.399 Y-25.876 Z58.588 E412.08292
G1 X10.667 Y-25.374 Z58.596 E412.72426
G1 X11.913 Y-24.808 Z58.604 E413.36784
G1 X13.105 Y-24.194 Z58.612 E413.9984
G1 X14.291 Y-23.506 Z58.62 E414.64319
G1 X15.417 Y-22.779 Z58.628 E415.2735
G1 X16.473 Y-22.02 Z58.635 E415.88507
G1 X17.602 Y-21.123 Z58.644 E416.56318
G1 X18.626 Y-20.217 Z58.652 E417.20617
G1 X19.599 Y-19.269 Z58.659 E417.84502
G1 X20.476 Y-18.33 Z58.667 E418.44925
G1 X21.396 Y-17.237 Z58.675 E419.1211
G1 X22.217 Y-16.156 Z58.683 E419.75946
G1 X22.966 Y-15.064 Z58.691 E420.38219
G1 X23.662 Y-13.937 Z58.699 E421.00511
G1 X24.35 Y-12.684 Z58.707 E421.67734
G1 X24.911 Y-11.532 Z58.714 E422.27992
G1 X25.452 Y-10.271 Z58.723 E422.92521
G1 X25.934 Y-8.97 Z58.731 E423.57767
G1 X26.347 Y-7.652 Z58.739 E424.22721
G1 X26.674 Y-6.402 Z58.746 E424.83483
G1 X26.965 Y-5.005 Z58.755 E425.5059
G1 X27.165 Y-3.734 Z58.762 E426.11097
G1 X27.319 Y-2.303 Z58.77 E426.78781
G1 X27.394 Y-.964 Z58.778 E427.41849
G1 X27.405 Y0.329 Z58.786 E428.02658
G1 X27.345 Y1.762 Z58.794 E428.70107
G1 X27.222 Y3.097 Z58.802 E429.33154
G1 X27.041 Y4.382 Z58.81 E429.94181
G1 X26.781 Y5.734 Z58.818 E430.58926
G1 X26.449 Y7.084 Z58.826 E431.24305
G1 X26.061 Y8.385 Z58.834 E431.8815
G1 X25.625 Y9.625 Z58.841 E432.49963
G1 X25.114 Y10.878 Z58.849 E433.136
G1 X24.555 Y12.074 Z58.857 E433.75685
G1 X23.909 Y13.296 Z58.865 E434.40688
G1 X23.189 Y14.506 Z58.873 E435.06903
G1 X22.448 Y15.62 Z58.881 E435.69822
G1 X21.684 Y16.657 Z58.889 E436.30396
G1 X20.808 Y17.73 Z58.897 E436.95536
G1 X19.874 Y18.763 Z58.905 E437.61028
G1 X18.978 Y19.664 Z58.912 E438.20785
G1 X17.943 Y20.605 Z58.92 E438.86567
G1 X16.926 Y21.442 Z58.928 E439.48509
G1 X15.845 Y22.248 Z58.936 E440.1192
G1 X14.663 Y23.037 Z58.944 E440.78753
G1 X13.513 Y23.724 Z58.952 E441.41749
G1 X12.354 Y24.342 Z58.96 E442.03518
G1 X11.148 Y24.912 Z58.967 E442.66248
G1 X9.88 Y25.436 Z58.975 E443.3077
G1 X8.637 Y25.88 Z58.983 E443.92842
G1 X7.308 Y26.281 Z58.991 E444.58124
G1 X5.976 Y26.61 Z58.999 E445.22647
G1 X4.653 Y26.868 Z59.007 E445.86036
G1 X3.312 Y27.06 Z59.015 E446.49743
G1 X2.005 Y27.183 Z59.023 E447.11479
G1 X0.627 Y27.245 Z59.031 E447.76348
G1 X-.729 Y27.237 Z59.039 E448.40118
G1 X-1.998 Y27.169 Z59.046 E448.99881
G1 X-3.425 Y27.02 Z59.054 E449.67353
G1 X-4.744 Y26.815 Z59.062 E450.30127
G1 X-6.048 Y26.547 Z59.07 E450.92732
G1 X-7.371 Y26.204 Z59.078 E451.57006
G1 X-8.647 Y25.806 Z59.086 E452.19864
G1 X-9.919 Y25.339 Z59.094 E452.83587
G1 X-11.088 Y24.844 Z59.101 E453.43287
G1 X-12.337 Y24.242 Z59.109 E454.08491
G1 X-13.529 Y23.591 Z59.117 E454.72362
G1 X-14.702 Y22.872 Z59.125 E455.37063
G1 X-15.793 Y22.127 Z59.133 E455.99191
G1 X-16.815 Y21.354 Z59.14 E456.59452
G1 X-17.911 Y20.435 Z59.149 E457.26716
G1 X-18.843 Y19.574 Z59.156 E457.86385
G1 X-19.819 Y18.575 Z59.164 E458.52065
G1 X-20.718 Y17.559 Z59.172 E459.15864
G1 X-21.546 Y16.525 Z59.18 E459.78159
G1 X-22.321 Y15.452 Z59.188 E460.40405
G1 X-23.039 Y14.349 Z59.195 E461.02297
G1 X-23.713 Y13.194 Z59.203 E461.65186
G1 X-24.345 Y11.978 Z59.211 E462.29633
G1 X-24.894 Y10.778 Z59.219 E462.91691
G1 X-25.392 Y9.531 Z59.227 E463.54838
G1 X-25.844 Y8.205 Z59.235 E464.20719
G1 X-26.211 Y6.923 Z59.243 E464.8343
G1 X-26.507 Y5.665 Z59.25 E465.44206
G1 X-26.752 Y4.337 Z59.258 E466.07712
G1 X-26.93 Y2.98 Z59.266 E466.72074
G1 X-27.04 Y1.623 Z59.274 E467.36099
G1 X-27.082 Y0.346 Z59.281 E467.96185
G1 X-27.06 Y-1.012 Z59.289 E468.60057
G1 X-26.969 Y-2.374 Z59.297 E469.24251
G1 X-26.81 Y-3.726 Z59.305 E469.8827
G1 X-26.6 Y-4.983 Z59.313 E470.48202
G1 X-26.302 Y-6.345 Z59.321 E471.13768
G1 X-25.95 Y-7.64 Z59.329 E471.76878
G1 X-25.54 Y-8.901 Z59.336 E472.39235
G1 X-25.083 Y-10.104 Z59.344 E472.99754
G1 X-24.539 Y-11.347 Z59.352 E473.63562
G1 X-23.923 Y-12.583 Z59.36 E474.28506
G1 X-23.275 Y-13.735 Z59.368 E474.90664
G1 X-22.563 Y-14.865 Z59.375 E475.53473
G1 X-21.814 Y-15.935 Z59.383 E476.14896
G1 X-20.972 Y-17.019 Z59.391 E476.79445
G1 X-20.122 Y-18.009 Z59.399 E477.40808
G1 X-19.181 Y-19 Z59.407 E478.05075
G1 X-18.207 Y-19.927 Z59.414 E478.68308
G1 X-17.242 Y-20.762 Z59.422 E479.2832
G1 X-16.171 Y-21.601 Z59.43 E479.92301
G1 X-15.107 Y-22.351 Z59.437 E480.53519
G1 X-13.924 Y-23.1 Z59.446 E481.19366
G1 X-12.767 Y-23.753 Z59.453 E481.81844
G1 X-11.614 Y-24.333 Z59.461 E482.4254
G1 X-10.4 Y-24.869 Z59.469 E483.04948
G1 X-9.092 Y-25.371 Z59.477 E483.70834
G1 X-7.891 Y-25.765 Z59.484 E484.30275
G1 X-6.548 Y-26.133 Z59.492 E484.95761
G1 X-5.262 Y-26.417 Z59.5 E485.57695
;TIME_ELAPSED:394.890474
;LAYER:59
;TYPE:WALL-OUTER
;MESH:step-vase.stl
G1 F2021.8 X-4.004 Y-26.634 Z59.504 E486.17728
G1 X-2.65 Y-26.802 Z59.509 E486.81891
G1 X-1.344 Y-26.898 Z59.513 E487.43473
G1 X-0.003 Y-26.93 Z59.517 E488.06554
G1 X1.338 Y-26.897 Z59.522 E488.69636
G1 X2.65 Y-26.799 Z59.526 E489.31507
G1 X3.996 Y-26.63 Z59.53 E489.95301
G1 X5.282 Y-26.405 Z59.535 E490.56697
G1 X6.593 Y-26.107 Z59.539 E491.19921
G1 X7.875 Y-25.749 Z59.543 E491.82516
G1 X9.133 Y-25.329 Z59.548 E492.44885
G1 X10.389 Y-24.839 Z59.552 E493.08287
G1 X11.586 Y-24.302 Z59.557 E493.69983
G1 X12.773 Y-23.699 Z59.561 E494.32593
G1 X13.947 Y-23.026 Z59.565 E494.9623
G1 X15.055 Y-22.317 Z59.57 E495.5809
G1 X16.156 Y-21.532 Z59.574 E496.2168
G1 X17.189 Y-20.716 Z59.578 E496.83586
G1 X18.186 Y-19.844 Z59.583 E497.45875
G1 X19.145 Y-18.922 Z59.587 E498.08435
G1 X20.078 Y-17.928 Z59.592 E498.72546
G1 X20.921 Y-16.934 Z59.596 E499.33837
G1 X21.729 Y-15.883 Z59.6 E499.9618
G1 X22.503 Y-14.764 Z59.605 E500.60165
G1 X23.202 Y-13.639 Z59.609 E501.2245
G1 X23.834 Y-12.498 Z59.613 E501.83789
G1 X24.435 Y-11.278 Z59.618 E502.47745
G1 X24.963 Y-10.055 Z59.622 E503.1039
G1 X25.422 Y-8.826 Z59.626 E503.72085
G1 X25.826 Y-7.555 Z59.631 E504.34802
G1 X26.171 Y-6.258 Z59.635 E504.97917
G1 X26.447 Y-4.963 Z59.639 E505.60184
G1 X26.66 Y-3.643 Z59.644 E506.23062
G1 X26.807 Y-2.313 Z59.648 E506.85989
G1 X26.887 Y-1.003 Z59.652 E507.47708
G1 X26.904 Y0.336 Z59.657 E508.10682
G1 X26.853 Y1.673 Z59.661 E508.73602
G1 X26.738 Y2.987 Z59.666 E509.35632
G1 X26.557 Y4.309 Z59.67 E509.98381
G1 X26.312 Y5.609 Z59.674 E510.60592
G1 X26.001 Y6.902 Z59.679 E511.23131
G1 X25.619 Y8.205 Z59.683 E511.86986
G1 X25.188 Y9.448 Z59.687 E512.48854
G1 X24.693 Y10.672 Z59.692 E513.10944
G1 X24.125 Y11.898 Z59.696 E513.74485
G1 X23.511 Y13.067 Z59.7 E514.36581
G1 X22.836 Y14.214 Z59.705 E514.99168
G1 X22.109 Y15.317 Z59.709 E515.61292
G1 X21.315 Y16.404 Z59.713 E516.24595
G1 X20.487 Y17.424 Z59.718 E516.86377
G1 X19.593 Y18.423 Z59.722 E517.49421
G1 X18.656 Y19.37 Z59.727 E518.12071
G1 X17.691 Y20.254 Z59.731 E518.73614
G1 X16.643 Y21.123 Z59.735 E519.37637
G1 X15.586 Y21.914 Z59.74 E519.99722
G1 X14.486 Y22.654 Z59.744 E520.62067
G1 X13.345 Y23.344 Z59.748 E521.24773
G1 X12.185 Y23.969 Z59.753 E521.86738
G1 X10.973 Y24.546 Z59.757 E522.49864
G1 X9.742 Y25.06 Z59.761 E523.12597
G1 X8.489 Y25.511 Z59.766 E523.75222
G1 X7.224 Y25.897 Z59.77 E524.37419
G1 X5.95 Y26.217 Z59.774 E524.99192
G1 X4.637 Y26.481 Z59.779 E525.62174
G1 X3.313 Y26.678 Z59.783 E526.25122
G1 X1.984 Y26.808 Z59.787 E526.87919
G1 X0.67 Y26.872 Z59.792 E527.49785
G1 X-.667 Y26.872 Z59.796 E528.1266
G1 X-1.98 Y26.806 Z59.8 E528.74484
G1 X-3.309 Y26.673 Z59.805 E529.37294
G1 X-4.632 Y26.475 Z59.809 E530.00204
G1 X-5.945 Y26.211 Z59.814 E530.63185
G1 X-7.218 Y25.888 Z59.818 E531.24947
G1 X-8.485 Y25.5 Z59.822 E531.87261
G1 X-9.736 Y25.047 Z59.827 E532.4983
G1 X-10.968 Y24.531 Z59.831 E533.12643
G1 X-12.174 Y23.955 Z59.835 E533.75494
G1 X-13.333 Y23.329 Z59.84 E534.3744
G1 X-14.472 Y22.638 Z59.844 E535.00089
G1 X-15.572 Y21.895 Z59.848 E535.62514
G1 X-16.629 Y21.102 Z59.853 E536.24655
G1 X-17.671 Y20.236 Z59.857 E536.88371
G1 X-18.637 Y19.348 Z59.861 E537.50076
G1 X-19.568 Y18.404 Z59.866 E538.12427
G1 X-20.46 Y17.405 Z59.87 E538.75408
G1 X-21.287 Y16.383 Z59.874 E539.37234
G1 X-22.079 Y15.297 Z59.879 E540.00443
G1 X-22.802 Y14.195 Z59.883 E540.62424
G1 X-23.476 Y13.046 Z59.888 E541.25069
G1 X-24.088 Y11.878 Z59.892 E541.87079
G1 X-24.651 Y10.656 Z59.896 E542.50351
G1 X-25.146 Y9.427 Z59.901 E543.12659
G1 X-25.572 Y8.193 Z59.905 E543.7405
G1 X-25.953 Y6.893 Z59.909 E544.37756
G1 X-26.26 Y5.6 Z59.914 E545.00252
G1 X-26.504 Y4.302 Z59.918 E545.62362
G1 X-26.683 Y2.984 Z59.922 E546.24912
G1 X-26.796 Y1.673 Z59.927 E546.86793
G1 X-26.844 Y0.339 Z59.931 E547.49567
G1 X-26.827 Y-.998 Z59.935 E548.12446
G1 X-26.745 Y-2.304 Z59.94 E548.73984
G1 X-26.595 Y-3.636 Z59.944 E549.3702
G1 X-26.382 Y-4.949 Z59.948 E549.99573
G1 X-26.104 Y-6.243 Z59.953 E550.61814
G1 X-25.76 Y-7.532 Z59.957 E551.24553
G1 X-25.355 Y-8.799 Z59.961 E551.87105
G1 X-24.894 Y-10.028 Z59.966 E552.48833
G1 X-24.365 Y-11.247 Z59.97 E553.11324
G1 X-23.767 Y-12.459 Z59.975 E553.7488
G1 X-23.132 Y-13.6 Z59.979 E554.36288
G1 X-22.434 Y-14.72 Z59.983 E554.98349
G1 X-21.662 Y-15.831 Z59.988 E555.6197
G1 X-20.857 Y-16.877 Z59.992 E556.24041
G1 X-20.011 Y-17.871 Z59.996 E556.85424
G1 X-19.083 Y-18.857 Z60.001 E557.49099
G1 X-18.128 Y-19.775 Z60.005 E558.11394
G1 X-17.132 Y-20.643 Z60.009 E558.73523
G1 X-16.097 Y-21.458 Z60.014 E559.35474
G1 X-15.003 Y-22.235 Z60.018 E559.98577
G1 X-13.9 Y-22.94 Z60.022 E560.60138
G1 X-12.728 Y-23.609 Z60.027 E561.236
G1 X-11.545 Y-24.209 Z60.031 E561.85979
G1 X-10.352 Y-24.741 Z60.035 E562.47407
G1 X-9.1 Y-25.228 Z60.04 E563.10582
G1 X-7.847 Y-25.645 Z60.044 E563.72684
G1 X-6.569 Y-26 Z60.048 E564.35059
G1 X-5.263 Y-26.294 Z60.053 E564.98013
G1 X-3.983 Y-26.518 Z60.5 E565.59405
G1 X-2.641 Y-26.685 E566.19821
G1 X-1.335 Y-26.782 E566.78328
G1 X0.00 Y-26.815 E567.37987
G1 X1.335 Y-26.782 E567.97647
G1 X2.641 Y-26.685 E568.56153
G1 X3.983 Y-26.518 E569.1339
G1 X5.263 Y-26.294 E569.68387
G1 X6.569 Y-25.999 E570.25055
G1 X7.846 Y-25.643 E570.81163
G1 X9.099 Y-25.225 E571.37068
G1 X10.35 Y-24.738 E571.93885
G1 X11.543 Y-24.205 E572.46115
G1 X12.725 Y-23.604 E572.99119
G1 X13.896 Y-22.935 E573.53027
G1 X14.999 Y-22.229 E574.05375
G1 X16.092 Y-21.451 E574.59003
G1 X17.126 Y-20.636 E575.1163
G1 X18.121 Y-19.768 E575.64409
G1 X19.075 Y-18.849 E576.14244
G1 X20.002 Y-17.863 E576.65158
G1 X20.847 Y-16.869 E577.1424
G1 X21.651 Y-15.822 E577.63903
G1 X22.421 Y-14.712 E578.14726
G1 X23.118 Y-13.592 E578.64355
G1 X23.752 Y-12.452 E579.10362
G1 X24.349 Y-11.24 E579.58013
G1 X24.876 Y-10.021 E580.04853
G1 X25.336 Y-8.793 E580.51103
G1 X25.74 Y-7.527 E580.97973
G1 X26.083 Y-6.239 E581.44984
G1 X26.36 Y-4.944 E581.88578
G1 X26.572 Y-3.633 E582.32294
G1 X26.721 Y-2.303 E582.7635
G1 X26.801 Y-.997 E583.19422
G1 X26.818 Y0.338 E583.63372
G1 X26.769 Y1.67 E584.07249
G1 X26.655 Y2.98 E584.50535
G1 X26.475 Y4.298 E584.91196
G1 X26.231 Y5.594 E585.31507
G1 X25.923 Y6.884 E585.72047
G1 X25.542 Y8.183 E586.13427
G1 X25.115 Y9.416 E586.53312
G1 X24.62 Y10.643 E586.93755
G1 X24.057 Y11.862 E587.31642
G1 X23.445 Y13.029 E587.68823
G1 X22.77 Y14.176 E588.06374
G1 X22.047 Y15.277 E588.43539
G1 X21.257 Y16.358 E588.81318
G1 X20.431 Y17.379 E589.18373
G1 X19.54 Y18.376 E589.52957
G1 X18.608 Y19.319 E589.87249
G1 X17.644 Y20.203 E590.21079
G1 X16.601 Y21.068 E590.56126
G1 X15.548 Y21.858 E590.90174
G1 X14.449 Y22.599 E591.24457
G1 X13.311 Y23.288 E591.58865
G1 X12.154 Y23.912 E591.89774
G1 X10.948 Y24.487 E592.21189
G1 X9.72 Y25.001 E592.52491
G1 X8.471 Y25.452 E592.83715
G1 X7.206 Y25.839 E593.1482
G1 X5.935 Y26.16 E593.45643
G1 X4.625 Y26.423 E593.73919
G1 X3.304 Y26.62 E594.02183
G1 X1.978 Y26.751 E594.3038
G1 X0.667 Y26.816 E594.58157
G1 X-.667 Y26.816 E594.86387
G1 X-1.978 Y26.751 E595.14164
G1 X-3.304 Y26.62 E595.39229
G1 X-4.625 Y26.423 E595.64352
G1 X-5.935 Y26.16 E595.89486
G1 X-7.206 Y25.839 E596.14145
G1 X-8.471 Y25.452 E596.39029
G1 X-9.72 Y25.001 E596.64008
G1 X-10.948 Y24.487 E596.89049
G1 X-12.154 Y23.912 E597.11039
G1 X-13.311 Y23.288 E597.32676
G1 X-14.449 Y22.599 E597.54572
G1 X-15.548 Y21.858 E597.76388
G1 X-16.601 Y21.068 E597.98055
G1 X-17.644 Y20.203 E598.20358
G1 X-18.608 Y19.319 E598.3881
G1 X-19.54 Y18.376 E598.57515
G1 X-20.431 Y17.379 E598.76379
G1 X-21.257 Y16.358 E598.94907
G1 X-22.047 Y15.277 E599.13796
G1 X-22.77 Y14.176 E599.32379
G1 X-23.445 Y13.029 E599.48025
G1 X-24.057 Y11.862 E599.63517
G1 X-24.62 Y10.643 E599.79303
G1 X-25.115 Y9.416 E599.94858
G1 X-25.542 Y8.183 E600.10199
G1 X-25.923 Y6.884 E600.26114
G1 X-26.231 Y5.594 E600.41706
G1 X-26.475 Y4.298
G1 X-26.655 Y2.98
G1 X-26.769 Y1.67
G1 X-26.818 Y0.338
G1 X-26.801 Y-.997
G1 X-26.721 Y-2.303
G1 X-26.572 Y-3.633
G1 X-26.36 Y-4.944
;TIME_ELAPSED:404.144687
G1 F1500 E593.91706
M140 S0
M107
M104 S0
M140 S0
;Retract the filament
G92 E1
G1 E-1 F300
G28 X0 Y0
M84
M82 ;absolute extrusion mode
M104 S0
;End of Gcode
;SETTING_3 {"global_quality": "[general]\\nversion = 4\\nname = CuraProfile_3mm_
;SETTING_3 2laybase_40sec\\ndefinition = custom\\n\\n[metadata]\\ntype = quality
;SETTING_3 _changes\\nquality_type = extra coarse\\nsetting_version = 25\\n\\n[v
;SETTING_3 alues]\\nadhesion_type = none\\njerk_enabled = False\\nlayer_height =
;SETTING_3  1\\nlayer_height_0 = 0.5\\nmagic_spiralize = True\\n\\n", "extruder_
;SETTING_3 quality": ["[general]\\nversion = 4\\nname = CuraProfile_3mm_2laybase
;SETTING_3 _40sec\\ndefinition = custom\\n\\n[metadata]\\ntype = quality_changes
;SETTING_3 \\nquality_type = extra coarse\\nintent_category = default\\nposition
;SETTING_3  = 0\\nsetting_version = 25\\n\\n[values]\\nbottom_layers = 2\\nbotto
;SETTING_3 m_thickness = 1.3\\ninfill_sparse_density = 0\\nline_width = 3\\nmesh
;SETTING_3 fix_maximum_resolution = 1\\nretraction_hop = 1.0\\nretraction_hop_en
;SETTING_3 abled = True\\nspeed_layer_0 = 15.0\\nspeed_print = 40.0\\nspeed_trav
;SETTING_3 el = 30.0\\nspeed_wall = 40.0\\nspeed_wall_x = 30\\ntop_bottom_thickn
;SETTING_3 ess = 0\\ntop_layers = 0\\ntravel_avoid_other_parts = False\\nwall_li
;SETTING_3 ne_count = 3\\nwall_thickness = 3.0\\n\\n"]}
