;FLAVOR:Marlin
;TIME:572
;Filament used: 8.36268m
;Layer height: 1
;MINX:-34.965
;MINY:-34.965
;MINZ:0.5
;MAXX:34.965
;MAXY:34.965
;MAXZ:69.5
;TARGET_MACHINE.NAME:Unknown
;Generated with Cura_SteamEngine 5.11.0
M140 S60
M105
M190 S60
M104 S200
M105
M109 S200
G28 ;Home
M302 S0 ;Set cold extrusion
M92 E400 ;E Steps at 400 steps/mm M92 E-400 reverse
G1 Z15.0 F6000 ;Move the platform down 15mm
;Prime the extruder
G92 E0
G1 F200 E3
G92 E0
M82 ;absolute extrusion mode
G92 E0
G92 E0
G1 F1500 E-6.5
;LAYER_COUNT:69
;LAYER:0
M107
G1 F600 Z1.5
;MESH:two-component-v5.stl
G0 F675 X0.00 Y0.000 Z1.5
G0 X0.827 Y27.889
;TYPE:WALL-INNER
G1 F600 Z0.5
G1 F1500 E0
G1 F900 X2.631 Y28.62 E0.45768
G1 X3.254 Y28.832 E0.61242
G1 X3.473 Y28.712 E0.67113
G1 X4.985 Y27.649 E1.10572
G1 X7.098 Y26.387 E1.68442
G1 X8.198 Y25.894 E1.96786
G1 X10.391 Y25.168 E2.51102
G1 X11.305 Y24.971 E2.73087
G1 X13.832 Y24.696 E3.32856
G1 X15.423 Y24.59 E3.70348
G1 X15.913 Y23.789 E3.92427
G1 X16.947 Y21.979 E4.41441
G1 X17.313 Y21.445 E4.56663
G1 X18.744 Y19.613 E5.11323
G1 X19.646 Y18.717 E5.41217
G1 X21.527 Y17.247 E5.97349
G1 X22.203 Y16.818 E6.16175
G1 X23.789 Y15.914 E6.59099
G1 X24.59 Y15.425 E6.81166
G1 X24.708 Y13.655 E7.22876
G1 X24.951 Y11.491 E7.74079
G1 X25.063 Y10.841 E7.89587
G1 X25.239 Y10.177 E8.05739
G1 X25.866 Y8.278 E8.52762
G1 X26.384 Y7.095 E8.83128
G1 X27.649 Y4.987 E9.40933
G1 X28.711 Y3.473 E9.84417
G1 X28.833 Y3.253 E9.90332
G1 X28.623 Y2.638 E10.05613
G1 X27.775 Y0.546 E10.5869
G1 X27.155 Y-1.765 E11.1495
G1 X27.007 Y-2.496 E11.32487
G1 X26.933 Y-3.169 E11.48407
G1 X26.876 Y-5.343 E11.99542
G1 X26.924 Y-6.292 E12.21885
G1 X27.397 Y-9.591 E13.00248
G1 X26.402 Y-10.513 E13.32144
G1 X24.756 Y-12.105 E13.85987
G1 X24.213 Y-12.697 E14.04876
G1 X22.8 Y-14.704 E14.62589
G1 X22.249 Y-15.655 E14.88432
G1 X21.253 Y-18.13 E15.51163
G1 X20.678 Y-20.089 E15.99169
G1 X20.514 Y-20.514 E16.0988
G1 X20.089 Y-20.678 E16.20591
G1 X18.13 Y-21.253 E16.68597
G1 X15.702 Y-22.23 E17.30135
G1 X14.778 Y-22.751 E17.55077
G1 X12.854 Y-24.098 E18.10302
G1 X12.243 Y-24.604 E18.28955
G1 X10.554 Y-26.354 E18.86142
G1 X9.59 Y-27.396 E19.1952
G1 X6.539 Y-26.956 E19.92001
G1 X5.643 Y-26.867 E20.13172
G1 X3.129 Y-26.939 E20.72309
G1 X2.588 Y-26.994 E20.85095
G1 X1.765 Y-27.155 E21.04813
G1 X-.544 Y-27.774 E21.61022
G1 X-2.631 Y-28.619 E22.13964
G1 X-3.286 Y-28.842 E22.30233
G1 X-5.014 Y-27.63 E22.79862
G1 X-7.096 Y-26.385 E23.36901
G1 X-7.655 Y-26.111 E23.51539
G1 X-8.279 Y-25.866 E23.67302
G1 X-10.178 Y-25.239 E24.14324
G1 X-10.84 Y-25.063 E24.30431
G1 X-11.492 Y-24.951 E24.45986
G1 X-13.832 Y-24.696 E25.01332
G1 X-15.424 Y-24.591 E25.38847
G1 X-15.914 Y-23.789 E25.60945
G1 X-17.091 Y-21.727 E26.16772
G1 X-18.732 Y-19.626 E26.79456
G1 X-19.166 Y-19.162 E26.94395
G1 X-19.743 Y-18.642 E27.12659
G1 X-21.368 Y-17.371 E27.61167
G1 X-21.974 Y-16.95 E27.78517
G1 X-23.814 Y-15.9 E28.2833
G1 X-24.59 Y-15.424 E28.49736
G1 X-24.708 Y-13.655 E28.91423
G1 X-24.951 Y-11.492 E29.42602
G1 X-25.191 Y-10.337 E29.7034
G1 X-25.909 Y-8.156 E30.24329
G1 X-26.279 Y-7.28 E30.46689
G1 X-27.647 Y-4.989 E31.0943
G1 X-28.711 Y-3.473 E31.5298
G1 X-28.831 Y-3.253 E31.58872
G1 X-28.624 Y-2.638 E31.7413
G1 X-27.889 Y-.827 E32.20086
G1 X-27.66 Y-.117 E32.37627
G1 X-27.155 Y1.765 E32.83444
G1 X-27 Y2.543 E33.02097
G1 X-26.932 Y3.172 E33.16973
G1 X-26.871 Y5.544 E33.72765
G1 X-26.912 Y6.233 E33.88994
G1 X-27.233 Y8.415 E34.40852
G1 X-27.396 Y9.591 E34.68768
G1 X-26.402 Y10.513 E35.00646
G1 X-24.756 Y12.105 E35.5449
G1 X-24.16 Y12.772 E35.75522
G1 X-22.667 Y14.889 E36.36433
G1 X-22.205 Y15.765 E36.5972
G1 X-21.258 Y18.116 E37.19315
G1 X-20.678 Y20.089 E37.6767
G1 X-20.514 Y20.514 E37.78381
G1 X-20.089 Y20.678 E37.89093
G1 X-18.154 Y21.243 E38.36491
G1 X-15.946 Y22.133 E38.92467
G1 X-15.317 Y22.433 E39.08852
G1 X-14.667 Y22.824 E39.26688
G1 X-12.838 Y24.11 E39.7926
G1 X-12.201 Y24.648 E39.98865
G1 X-10.555 Y26.354 E40.54606
G1 X-9.59 Y27.397 E40.88017
G1 X-6.239 Y26.913 E41.67627
G1 X-5.342 Y26.876 E41.88736
G1 X-3.129 Y26.939 E42.40792
G1 X-2.134 Y27.061 E42.64363
G1 X0.117 Y27.66 E43.19133
G1 X0.827 Y27.889 E43.36674
G0 F675 X4.225 Y29.886
G0 X5.061 Y31.262
G1 F900 X6.689 Y30.125 E43.83365
G1 X8.39 Y29.104 E44.30013
G1 X8.999 Y28.787 E44.46156
G1 X11.176 Y28.071 E45.00042
G1 X11.869 Y27.927 E45.16685
G1 X14.03 Y27.689 E45.67804
G1 X15.722 Y27.577 E46.07675
G1 X16.738 Y27.371 E46.32051
G1 X17.21 Y27.12 E46.44621
G1 X17.722 Y26.581 E46.62101
G1 X18.482 Y25.339 E46.96338
G1 X19.61 Y23.377 E47.49552
G1 X20.972 Y21.633 E48.01582
G1 X21.465 Y21.103 E48.18602
G1 X23.411 Y19.583 E48.76662
G1 X25.316 Y18.497 E49.28222
G1 X26.58 Y17.723 E49.63073
G1 X27.12 Y17.21 E49.80586
G1 X27.371 Y16.738 E49.93156
G1 X27.577 Y15.722 E50.17531
G1 X27.689 Y14.03 E50.57403
G1 X27.927 Y11.869 E51.08522
G1 X28.109 Y11.052 E51.28203
G1 X28.751 Y9.119 E51.76095
G1 X29.016 Y8.539 E51.91089
G1 X30.126 Y6.687 E52.41858
G1 X31.262 Y5.061 E52.88497
G1 X31.799 Y4.083 E53.14731
G1 X31.929 Y3.528 E53.28134
G1 X31.864 Y2.852 E53.44103
G1 X31.436 Y1.591 E53.75414
G1 X30.644 Y-.355 E54.24815
G1 X30.009 Y-2.706 E54.82076
G1 X29.937 Y-3.264 E54.95305
G1 X29.876 Y-5.514 E55.48229
G1 X29.904 Y-5.953 E55.58572
G1 X30.204 Y-8 E56.07218
G1 X30.421 Y-9.556 E56.44158
G1 X30.382 Y-10.4 E56.64025
G1 X30.202 Y-10.879 E56.76057
G1 X29.62 Y-11.62 E56.98211
G1 X28.443 Y-12.712 E57.35963
G1 X26.656 Y-14.439 E57.94397
G1 X25.282 Y-16.389 E58.50486
G1 X24.975 Y-16.922 E58.64949
G1 X24.092 Y-19.107 E59.20362
G1 X23.522 Y-21.053 E59.68041
G1 X23.073 Y-22.212 E59.97266
G1 X22.714 Y-22.714 E60.11778
G1 X22.212 Y-23.073 E60.26289
G1 X21.053 Y-23.522 E60.55514
G1 X19.108 Y-24.092 E61.03171
G1 X17.111 Y-24.897 E61.53798
G1 X16.532 Y-25.182 E61.68972
G1 X14.632 Y-26.516 E62.23559
G1 X14.263 Y-26.831 E62.34967
G1 X12.756 Y-28.391 E62.85968
G1 X11.618 Y-29.622 E63.25386
G1 X10.878 Y-30.201 E63.47479
G1 X10.4 Y-30.382 E63.59497
G1 X9.556 Y-30.421 E63.79363
G1 X5.694 Y-29.871 E64.71087
G1 X3.291 Y-29.935 E65.2761
G1 X2.677 Y-30.015 E65.42169
G1 X0.367 Y-30.641 E65.98443
G1 X-1.584 Y-31.432 E66.47944
G1 X-2.854 Y-31.862 E66.79471
G1 X-3.528 Y-31.928 E66.95395
G1 X-4.082 Y-31.798 E67.08775
G1 X-5.061 Y-31.262 E67.35019
G1 X-6.689 Y-30.125 E67.8171
G1 X-8.539 Y-29.016 E68.32426
G1 X-9.052 Y-28.77 E68.45804
G1 X-11.143 Y-28.081 E68.9757
G1 X-11.869 Y-27.927 E69.15021
G1 X-14.03 Y-27.689 E69.6614
G1 X-15.722 Y-27.578 E70.0601
G1 X-16.739 Y-27.372 E70.30408
G1 X-17.21 Y-27.12 E70.42969
G1 X-17.722 Y-26.581 E70.60449
G1 X-18.483 Y-25.34 E70.94678
G1 X-19.586 Y-23.407 E71.47008
G1 X-20.972 Y-21.633 E71.99942
G1 X-21.465 Y-21.103 E72.16961
G1 X-23.377 Y-19.61 E72.74001
G1 X-25.317 Y-18.497 E73.26591
G1 X-26.58 Y-17.722 E73.61433
G1 X-27.12 Y-17.21 E73.7893
G1 X-27.372 Y-16.739 E73.9149
G1 X-27.577 Y-15.722 E74.15884
G1 X-27.689 Y-14.03 E74.55756
G1 X-27.935 Y-11.808 E75.08321
G1 X-28.118 Y-11.024 E75.27251
G1 X-28.69 Y-9.292 E75.70139
G1 X-28.957 Y-8.635 E75.86815
G1 X-30.126 Y-6.687 E76.40233
G1 X-31.261 Y-5.061 E76.86858
G1 X-31.799 Y-4.083 E77.13104
G1 X-31.929 Y-3.528 E77.26507
G1 X-31.862 Y-2.852 E77.4248
G1 X-31.437 Y-1.591 E77.73769
G1 X-30.623 Y0.411 E78.24584
G1 X-30.027 Y2.654 E78.79155
G1 X-29.937 Y3.264 E78.93653
G1 X-29.868 Y5.674 E79.50343
G1 X-30.421 Y9.556 E80.42543
G1 X-30.382 Y10.4 E80.62409
G1 X-30.202 Y10.879 E80.74441
G1 X-29.62 Y11.62 E80.96596
G1 X-28.443 Y12.712 E81.34347
G1 X-26.89 Y14.213 E81.85132
G1 X-26.545 Y14.605 E81.9741
G1 X-25.282 Y16.389 E82.48806
G1 X-24.923 Y17.051 E82.66513
G1 X-24.092 Y19.107 E83.18656
G1 X-23.522 Y21.053 E83.66335
G1 X-23.073 Y22.212 E83.9556
G1 X-22.714 Y22.714 E84.10071
G1 X-22.212 Y23.073 E84.24583
G1 X-21.053 Y23.522 E84.53808
G1 X-19.108 Y24.092 E85.01465
G1 X-17.111 Y24.897 E85.52092
G1 X-16.532 Y25.182 E85.67266
G1 X-14.632 Y26.516 E86.21853
G1 X-14.263 Y26.831 E86.33261
G1 X-12.826 Y28.319 E86.819
G1 X-11.618 Y29.623 E87.23696
G1 X-10.878 Y30.201 E87.45774
G1 X-10.4 Y30.382 E87.57793
G1 X-9.556 Y30.421 E87.77659
G1 X-5.694 Y29.871 E88.69383
G1 X-3.291 Y29.935 E89.25905
G1 X-2.681 Y30.015 E89.40371
G1 X-.407 Y30.625 E89.95731
G1 X1.584 Y31.433 E90.46254
G1 X2.853 Y31.863 E90.77758
G1 X3.528 Y31.929 E90.93705
G1 X4.083 Y31.799 E91.07108
G1 X5.061 Y31.262 E91.33343
G0 F675 X4.225 Y29.885
G0 X2.131 Y29.921
G0 X0.536 Y34.245
;TYPE:WALL-OUTER
G1 F900 X2.218 Y34.815 E91.75101
G1 X3.73 Y34.963 E92.10823
G1 X5.166 Y34.626 E92.45505
G1 X6.649 Y33.812 E92.85283
G1 X8.324 Y32.641 E93.33338
G1 X10.062 Y31.6 E93.80973
G1 X12.129 Y30.916 E94.32167
G1 X14.228 Y30.683 E94.81824
G1 X16.12 Y30.557 E95.2641
G1 X17.763 Y30.225 E95.65823
G1 X19.051 Y29.538 E96.00147
G1 X20.115 Y28.417 E96.36488
G1 X21.064 Y26.867 E96.79221
G1 X22.094 Y25.069 E97.27944
G1 X23.391 Y23.412 E97.77421
G1 X25.056 Y22.106 E98.27178
G1 X26.844 Y21.08 E98.75649
G1 X28.417 Y20.115 E99.19041
G1 X29.538 Y19.051 E99.55382
G1 X30.225 Y17.763 E99.89705
G1 X30.557 Y16.12 E100.29118
G1 X30.689 Y14.16 E100.75309
G1 X30.921 Y12.105 E101.23935
G1 X31.595 Y10.07 E101.74341
G1 X32.66 Y8.293 E102.23053
G1 X33.812 Y6.649 E102.70254
G1 X34.626 Y5.166 E103.10032
G1 X34.963 Y3.73 E103.44714
G1 X34.816 Y2.218 E103.80434
G1 X34.249 Y0.544 E104.21992
G1 X33.474 Y-1.372 E104.70589
G1 X32.933 Y-3.381 E105.19509
G1 X32.875 Y-5.543 E105.70363
G1 X33.175 Y-7.585 E106.18893
G1 X33.431 Y-9.418 E106.62411
G1 X33.356 Y-11.016 E107.00026
G1 X32.846 Y-12.367 E107.3398
G1 X31.836 Y-13.657 E107.72503
G1 X30.461 Y-14.933 E108.16611
G1 X28.953 Y-16.39 E108.65915
G1 X27.715 Y-18.145 E109.16415
G1 X26.916 Y-20.134 E109.66815
G1 X26.366 Y-22.017 E110.1294
G1 X25.733 Y-23.649 E110.54099
G1 X24.864 Y-24.864 E110.89223
G1 X23.649 Y-25.733 E111.24346
G1 X22.017 Y-26.366 E111.65505
G1 X20.134 Y-26.916 E112.1163
G1 X18.133 Y-27.72 E112.62336
G1 X16.373 Y-28.965 E113.13027
G1 X14.958 Y-30.429 E113.60901
G1 X13.656 Y-31.836 E114.05976
G1 X12.367 Y-32.845 E114.44465
G1 X11.016 Y-33.356 E114.78428
G1 X9.418 Y-33.431 E115.16044
G1 X7.577 Y-33.174 E115.59751
G1 X5.543 Y-32.875 E116.08091
G1 X3.406 Y-32.928 E116.58354
G1 X1.372 Y-33.474 E117.07873
G1 X-.536 Y-34.245 E117.56261
G1 X-2.218 Y-34.815 E117.98019
G1 X-3.73 Y-34.962 E118.33739
G1 X-5.166 Y-34.626 E118.68416
G1 X-6.649 Y-33.812 E119.08193
G1 X-8.324 Y-32.641 E119.56248
G1 X-10.062 Y-31.6 E120.03884
G1 X-12.129 Y-30.916 E120.55077
G1 X-14.228 Y-30.683 E121.04735
G1 X-16.12 Y-30.558 E121.49319
G1 X-17.763 Y-30.225 E121.88736
G1 X-19.051 Y-29.538 E122.2306
G1 X-20.115 Y-28.417 E122.59401
G1 X-21.065 Y-26.868 E123.02127
G1 X-22.106 Y-25.056 E123.51264
G1 X-23.391 Y-23.412 E124.00327
G1 X-25.068 Y-22.094 E124.50479
G1 X-26.844 Y-21.08 E124.98565
G1 X-28.417 Y-20.115 E125.41957
G1 X-29.538 Y-19.051 E125.78298
G1 X-30.225 Y-17.763 E126.12622
G1 X-30.557 Y-16.12 E126.52035
G1 X-30.689 Y-14.16 E126.98225
G1 X-30.921 Y-12.105 E127.46851
G1 X-31.595 Y-10.07 E127.97257
G1 X-32.66 Y-8.293 E128.45969
G1 X-33.812 Y-6.649 E128.93171
G1 X-34.626 Y-5.166 E129.32948
G1 X-34.963 Y-3.73 E129.67631
G1 X-34.815 Y-2.218 E130.03353
G1 X-34.249 Y-.544 E130.44903
G1 X-33.477 Y1.355 E130.93103
G1 X-32.928 Y3.413 E131.43185
G1 X-32.875 Y5.537 E131.93143
G1 X-33.175 Y7.585 E132.41812
G1 X-33.431 Y9.418 E132.8533
G1 X-33.356 Y11.016 E133.22945
G1 X-32.846 Y12.367 E133.569
G1 X-31.836 Y13.657 E133.95422
G1 X-30.461 Y14.933 E134.3953
G1 X-28.953 Y16.39 E134.88834
G1 X-27.715 Y18.145 E135.39334
G1 X-26.916 Y20.134 E135.89734
G1 X-26.366 Y22.017 E136.35859
G1 X-25.733 Y23.649 E136.77018
G1 X-24.864 Y24.864 E137.12142
G1 X-23.649 Y25.733 E137.47265
G1 X-22.017 Y26.366 E137.88424
G1 X-20.134 Y26.916 E138.3455
G1 X-18.133 Y27.72 E138.85255
G1 X-16.373 Y28.965 E139.35946
G1 X-14.959 Y30.429 E139.83804
G1 X-13.656 Y31.837 E140.28912
G1 X-12.367 Y32.845 E140.67387
G1 X-11.016 Y33.356 E141.0135
G1 X-9.418 Y33.431 E141.38965
G1 X-7.577 Y33.174 E141.82673
G1 X-5.543 Y32.875 E142.31012
G1 X-3.406 Y32.928 E142.81276
G1 X-1.372 Y33.475 E143.30801
G1 X0.536 Y34.245 E143.79179
G0 F675 X1.956 Y34.726
G0 X3.196 Y30.283
G0 X1.765 Y25.196
;TYPE:SKIN
G1 F900 X0.845 Y24.902 E144.01889
G1 X-1.321 Y24.329 E144.54571
G1 X-2.18 Y24.169 E144.75116
G1 X-2.993 Y24.086 E144.94332
G1 X-5.356 Y24.024 E145.49912
G1 X-6.49 Y24.07 E145.76598
G1 X-8.509 Y24.36 E146.24559
G1 X-10.1 Y22.722 E146.78251
G1 X-10.683 Y22.19 E146.96809
G1 X-11.355 Y21.667 E147.16831
G1 X-13.352 Y20.268 E147.74163
G1 X-14.465 Y19.653 E148.04062
G1 X-17.21 Y18.549 E148.73631
G1 X-18.244 Y18.246 E148.98966
G1 X-18.549 Y17.21 E149.24359
G1 X-19.521 Y14.796 E149.85548
G1 X-20.042 Y13.735 E150.13341
G1 X-20.447 Y13.094 E150.3117
G1 X-21.891 Y11.054 E150.89937
G1 X-22.729 Y10.096 E151.19865
G1 X-24.363 Y8.516 E151.73309
G1 X-24.074 Y6.531 E152.20475
G1 X-24.024 Y5.331 E152.48715
G1 X-24.087 Y2.975 E153.04132
G1 X-24.155 Y2.306 E153.19944
G1 X-24.339 Y1.282 E153.44407
G1 X-24.924 Y-.923 E153.98047
G1 X-25.196 Y-1.763 E154.18808
G1 X-25.643 Y-2.878 E154.47053
G1 X-25.295 Y-3.374 E154.613
G1 X-23.962 Y-5.582 E155.21945
G1 X-23.515 Y-6.471 E155.45342
G1 X-23.228 Y-7.181 E155.63348
G1 X-22.452 Y-9.517 E156.21227
G1 X-22.119 Y-11.11 E156.59493
G1 X-21.842 Y-13.739 E157.21651
G1 X-20.502 Y-14.506 E157.57955
G1 X-19.652 Y-15.092 E157.82231
G1 X-17.812 Y-16.538 E158.37256
G1 X-16.919 Y-17.383 E158.66164
G1 X-16.449 Y-17.919 E158.82926
G1 X-14.971 Y-19.802 E159.39211
G1 X-14.368 Y-20.742 E159.6547
G1 X-13.733 Y-21.85 E159.95498
G1 X-13.222 Y-21.888 E160.07547
G1 X-10.919 Y-22.153 E160.62055
G1 X-10.276 Y-22.268 E160.77414
G1 X-9.312 Y-22.523 E161.0086
G1 X-6.827 Y-23.353 E161.62463
G1 X-5.801 Y-23.842 E161.89188
G1 X-4.359 Y-24.689 E162.2851
G1 X-3.446 Y-25.249 E162.53694
G1 X-2.879 Y-25.643 E162.69929
G1 X-1.414 Y-25.055 E163.07047
G1 X1.307 Y-24.332 E163.73246
G1 X2.401 Y-24.14 E163.99363
G1 X3.047 Y-24.084 E164.14609
G1 X5.354 Y-24.024 E164.68873
G1 X6.49 Y-24.07 E164.95606
G1 X8.513 Y-24.363 E165.43669
G1 X10.106 Y-22.716 E165.97546
G1 X10.685 Y-22.189 E166.15955
G1 X11.362 Y-21.665 E166.36085
G1 X13.259 Y-20.325 E166.90695
G1 X14.447 Y-19.662 E167.22684
G1 X17.181 Y-18.561 E167.91986
G1 X18.246 Y-18.246 E168.181
G1 X18.561 Y-17.181 E168.44214
G1 X19.512 Y-14.816 E169.0415
G1 X19.891 Y-14.018 E169.24922
G1 X20.476 Y-13.044 E169.51638
G1 X22.001 Y-10.887 E170.13751
G1 X22.672 Y-10.155 E170.371
G1 X24.364 Y-8.516 E170.92489
G1 X24.083 Y-6.564 E171.3886
G1 X24.024 Y-5.365 E171.67087
G1 X24.094 Y-2.938 E172.24177
G1 X24.262 Y-1.561 E172.56795
G1 X25.063 Y1.453 E173.30123
G1 X25.643 Y2.879 E173.6632
G1 X25.287 Y3.387 E173.80906
G1 X23.871 Y5.739 E174.45458
G1 X23.306 Y6.941 E174.76688
G1 X22.542 Y9.24 E175.33651
G1 X22.291 Y10.171 E175.56324
G1 X22.129 Y11.07 E175.77803
G1 X21.832 Y13.744 E176.41063
G1 X20.787 Y14.341 E176.69362
G1 X19.839 Y14.942 E176.95754
G1 X17.78 Y16.561 E177.57342
G1 X16.917 Y17.381 E177.85333
G1 X16.459 Y17.908 E178.0175
G1 X15.046 Y19.711 E178.55612
G1 X14.554 Y20.423 E178.75962
G1 X13.743 Y21.832 E179.14188
G1 X10.914 Y22.145 E179.81113
G1 X9.601 Y22.423 E180.1267
G1 X6.881 Y23.323 E180.80036
G1 X5.692 Y23.904 E181.11152
G1 X3.374 Y25.295 E181.74716
G1 X2.879 Y25.643 E181.88944
G1 X1.765 Y25.196 E182.17168
G0 F675 X-7.065 Y22.633
G1 F900 X-22.637 Y7.062 E187.34962
G0 F675 X-22.592 Y2.864
G1 F900 X-2.863 Y22.593 E193.91004
G0 F675 X2.72 Y23.933
G1 F900 X-23.933 Y-2.72 E202.77288
G0 F675 X-22.374 Y-5.403
G1 F900 X5.404 Y22.375 E212.00981
G0 F675 X8.485 Y21.213
G1 F900 X-21.215 Y-8.487 E221.88585
G0 F675 X-20.512 Y-12.026
G1 F900 X12.028 Y20.513 E232.70611
G0 F675 X14.163 Y18.406
G1 F900 X-18.407 Y-14.164 E243.53651
G0 F675 X-16.097 Y-16.097
G1 F900 X16.096 Y16.096 E254.24154
G0 F675 X18.405 Y14.162
G1 F900 X-14.162 Y-18.405 E265.07094
G0 F675 X-12.029 Y-20.514
G1 F900 X20.513 Y12.028 E275.89203
G0 F675 X21.212 Y8.485
G1 F900 X-8.49 Y-21.217 E285.76874
G0 F675 X-5.4 Y-22.371
G1 F900 X22.372 Y5.402 E295.00384
G0 F675 X23.934 Y2.721
G1 F900 X-2.72 Y-23.933 E303.86701
G0 F675 X2.858 Y-22.598
G1 F900 X22.593 Y-2.863 E310.42943
G0 F675 X22.636 Y-7.063
G1 F900 X7.065 Y-22.634 E315.6072
G1 X6.535 Y-23.164
;MESH:NONMESH
G0 F600 X6.535 Y-23.164 Z1.5
G0 F675 X0.767 Y12.354
;TIME_ELAPSED:106.087713
;LAYER:1
M106 S255
;TYPE:WALL-INNER
;MESH:two-component-v5.stl
G1 F1350 X1.381 Y12.486 E315.90254
G1 X2.876 Y11.859 E316.66491
G1 X5.661 Y10.935 E318.0448
G1 X6.727 Y10.628 E318.56647
G1 X7.22 Y10.017 E318.93567
G1 X8.056 Y9.075 E319.52796
G1 X9.075 Y8.057 E320.20531
G1 X10.017 Y7.22 E320.79791
G1 X10.628 Y6.727 E321.16711
G1 X10.981 Y5.517 E321.75985
G1 X11.816 Y2.992 E323.01051
G1 X12.485 Y1.381 E323.83083
G1 X12.223 Y0.048 E324.46969
G1 X12.074 Y-1.016 E324.97493
G1 X11.946 Y-2.429 E325.64213
G1 X11.903 Y-4.12 E326.43761
G1 X10.386 Y-6.283 E327.68002
G1 X9.638 Y-7.471 E328.3402
G1 X8.879 Y-8.879 E329.09241
G1 X7.471 Y-9.638 E329.84462
G1 X6.333 Y-10.345 E330.47465
G1 X4.121 Y-11.902 E331.74673
G1 X2.42 Y-11.947 E332.54693
G1 X0.644 Y-12.108 E333.38554
G1 X-.768 Y-12.354 E334.05956
G1 X-1.382 Y-12.486 E334.3549
G1 X-2.906 Y-11.846 E335.13221
G1 X-5.517 Y-10.981 E336.42569
G1 X-6.727 Y-10.628 E337.01843
G1 X-7.627 Y-9.547 E337.67991
G1 X-8.452 Y-8.664 E338.2482
G1 X-9.546 Y-7.626 E338.95739
G1 X-10.628 Y-6.727 E339.61893
G1 X-10.981 Y-5.517 E340.21167
G1 X-11.712 Y-3.311 E341.30454
G1 X-12.156 Y-2.141 E341.89304
G1 X-12.486 Y-1.382 E342.28225
G1 X-12.154 Y0.399 E343.13421
G1 X-12.005 Y1.695 E343.74769
G1 X-11.931 Y3.025 E344.37411
G1 X-11.902 Y4.12 E344.88923
G1 X-10.386 Y6.283 E346.13137
G1 X-9.478 Y7.749 E346.9423
G1 X-8.878 Y8.878 E347.54355
G1 X-7.901 Y9.393 E348.06292
G1 X-6.572 Y10.183 E348.78998
G1 X-4.12 Y11.902 E350.1982
G1 X-2.42 Y11.947 E350.99793
G1 X-.643 Y12.108 E351.83701
G1 X0.767 Y12.354 E352.5101
G0 F1237.5 X0.753 Y15.419
G1 F1350 X1.708 Y15.666 E352.97398
G1 X3.123 Y14.997 E353.71003
G1 X4.398 Y14.511 E354.3517
G1 X7.1 Y13.619 E355.6898
G1 X8.436 Y13.312 E356.33445
G1 X9.39 Y12.094 E357.06201
G1 X10.472 Y10.869 E357.83062
G1 X11.536 Y9.872 E358.51632
G1 X12.317 Y9.215 E358.99627
G1 X13.309 Y8.437 E359.58913
G1 X13.796 Y6.564 E360.49922
G1 X14.636 Y4.02 E361.7591
G1 X15.231 Y2.588 E362.48834
G1 X15.662 Y1.706 E362.94998
G1 X15.297 Y0.183 E363.68647
G1 X15.092 Y-1.057 E364.27752
G1 X14.994 Y-1.951 E364.70045
G1 X14.93 Y-3.104 E365.2435
G1 X14.878 Y-5.175 E366.21772
G1 X14.149 Y-6.144 E366.78797
G1 X12.945 Y-7.855 E367.77183
G1 X12.291 Y-8.879 E368.34322
G1 X11.855 Y-9.649 E368.75934
G1 X11.138 Y-11.138 E369.53652
G1 X10.35 Y-11.498 E369.94392
G1 X9.23 Y-12.086 E370.53879
G1 X7.855 Y-12.945 E371.30122
G1 X6.143 Y-14.148 E372.2852
G1 X5.174 Y-14.877 E372.85544
G1 X2.636 Y-14.942 E374.04936
G1 X1.717 Y-15.016 E374.48293
G1 X-.103 Y-15.262 E375.3466
G1 X-1.708 Y-15.662 E376.12446
G1 X-3.124 Y-14.997 E376.86013
G1 X-4.164 Y-14.586 E377.38601
G1 X-6.696 Y-13.755 E378.63921
G1 X-8.434 Y-13.309 E379.48301
G1 X-9.476 Y-11.987 E380.27459
G1 X-10.245 Y-11.128 E380.81678
G1 X-11.127 Y-10.244 E381.40402
G1 X-12.185 Y-9.321 E382.06428
G1 X-13.311 Y-8.438 E382.7372
G1 X-13.755 Y-6.696 E383.58259
G1 X-14.656 Y-3.957 E384.93854
G1 X-15.232 Y-2.589 E385.63656
G1 X-15.667 Y-1.707 E386.09904
G1 X-15.526 Y-1.197 E386.34787
G1 X-15.172 Y0.399 E387.11665
G1 X-14.994 Y1.951 E387.85128
G1 X-14.93 Y3.104 E388.39433
G1 X-14.878 Y5.174 E389.36809
G1 X-14.148 Y6.143 E389.93861
G1 X-12.945 Y7.855 E390.92259
G1 X-12.087 Y9.23 E391.68477
G1 X-11.593 Y10.157 E392.17874
G1 X-11.148 Y11.116 E392.67591
G1 X-9.807 Y11.772 E393.37795
G1 X-8.299 Y12.633 E394.19455
G1 X-6.143 Y14.148 E395.43373
G1 X-5.174 Y14.878 E396.00425
G1 X-2.625 Y14.942 E397.20333
G1 X-1.08 Y15.071 E397.93242
G1 X0.753 Y15.419 E398.80981
G0 F1237.5 X2.771 Y18.495
G1 F1350 X3.837 Y17.96 E399.3707
G1 X5.282 Y17.379 E400.10311
G1 X7.467 Y16.657 E401.18528
G1 X8.926 Y16.272 E401.89488
G1 X10.104 Y16.058 E402.45792
G1 X11.906 Y13.749 E403.83529
G1 X12.841 Y12.759 E404.47566
G1 X13.819 Y11.848 E405.1042
G1 X16.058 Y10.104 E406.43885
G1 X16.269 Y8.927 E407.00117
G1 X16.657 Y7.467 E407.71159
G1 X17.379 Y5.282 E408.79376
G1 X17.761 Y4.289 E409.29409
G1 X18.489 Y2.765 E410.08834
G1 X18.877 Y2.111 E410.44595
G1 X18.347 Y0.135 E411.40804
G1 X18.143 Y-.929 E411.91751
G1 X17.946 Y-2.5 E412.66208
G1 X17.87 Y-5.5 E414.07332
G1 X17.897 Y-6.259 E414.43048
G1 X17.366 Y-6.869 E414.8108
G1 X16.602 Y-7.871 E415.40335
G1 X15.486 Y-9.455 E416.31456
G1 X14.695 Y-10.712 E417.01299
G1 X14.032 Y-11.973 E417.68296
G1 X13.439 Y-13.439 E418.42663
G1 X11.973 Y-14.032 E419.1703
G1 X10.712 Y-14.695 E419.84027
G1 X9.548 Y-15.422 E420.48565
G1 X7.392 Y-16.938 E421.7251
G1 X6.259 Y-17.897 E422.42315
G1 X5.222 Y-17.876 E422.91091
G1 X2.745 Y-17.94 E424.07614
G1 X0.807 Y-18.164 E424.99358
G1 X-.456 Y-18.433 E425.60085
G1 X-2.111 Y-18.877 E426.40666
G1 X-3.488 Y-18.124 E427.14471
G1 X-4.841 Y-17.525 E427.84054
G1 X-7.468 Y-16.657 E429.14161
G1 X-8.925 Y-16.269 E429.85067
G1 X-10.105 Y-16.057 E430.41446
G1 X-10.895 Y-15.033 E431.02266
G1 X-11.82 Y-13.871 E431.72111
G1 X-12.878 Y-12.723 E432.45527
G1 X-14.075 Y-11.651 E433.21092
G1 X-16.057 Y-10.105 E434.393
G1 X-16.337 Y-8.565 E435.12908
G1 X-16.723 Y-7.261 E435.7686
G1 X-17.379 Y-5.283 E436.74861
G1 X-17.761 Y-4.29 E437.24894
G1 X-18.219 Y-3.298 E437.76276
G1 X-18.876 Y-2.111 E438.40077
G1 X-18.347 Y-.133 E439.36364
G1 X-18.075 Y1.283 E440.04171
G1 X-17.94 Y2.734 E440.72701
G1 X-17.877 Y5.222 E441.8974
G1 X-17.896 Y6.258 E442.38467
G1 X-16.935 Y7.395 E443.08477
G1 X-15.222 Y9.833 E444.48598
G1 X-14.633 Y10.823 E445.02771
G1 X-13.943 Y12.195 E445.74991
G1 X-13.439 Y13.439 E446.38111
G1 X-12.195 Y13.943 E447.0123
G1 X-10.508 Y14.813 E447.90492
G1 X-9.637 Y15.361 E448.38885
G1 X-7.397 Y16.933 E449.67575
G1 X-6.258 Y17.896 E450.37717
G1 X-5.222 Y17.877 E450.86445
G1 X-2.748 Y17.94 E452.02826
G1 X-1.793 Y18.024 E452.47909
G1 X-.807 Y18.164 E452.94742
G1 X0.241 Y18.375 E453.45015
G1 X2.111 Y18.876 E454.36056
G1 X2.771 Y18.495 E454.71893
G0 F1237.5 X1.673 Y21.865
G1 F1350 X2.516 Y22.132 E455.13478
G1 X4.073 Y21.198 E455.98861
G1 X4.947 Y20.752 E456.45005
G1 X6.183 Y20.238 E457.07955
G1 X8.557 Y19.46 E458.25438
G1 X9.564 Y19.203 E458.74311
G1 X10.421 Y19.036 E459.15371
G1 X11.822 Y18.873 E459.81699
G1 X12.394 Y17.992 E460.31096
G1 X14.119 Y15.797 E461.6238
G1 X14.985 Y14.858 E462.2245
G1 X16.056 Y13.908 E462.89774
G1 X18.007 Y12.383 E464.06225
G1 X18.875 Y11.824 E464.54776
G1 X19.033 Y10.44 E465.20284
G1 X19.2 Y9.565 E465.62175
G1 X19.46 Y8.557 E466.11129
G1 X20.213 Y6.268 E467.24447
G1 X20.687 Y5.085 E467.84379
G1 X21.12 Y4.209 E468.30332
G1 X22.127 Y2.517 E469.22926
G1 X21.865 Y1.673 E469.64485
G1 X21.292 Y-.461 E470.68394
G1 X21.12 Y-1.318 E471.09499
G1 X20.944 Y-2.616 E471.71098
G1 X20.877 Y-5.263 E472.95616
G1 X20.892 Y-6.111 E473.35501
G1 X21.014 Y-7.37 E473.94985
G1 X20.113 Y-8.278 E474.55139
G1 X19.321 Y-9.218 E475.12943
G1 X17.623 Y-11.635 E476.5185
G1 X16.962 Y-12.835 E477.16277
G1 X16.603 Y-13.615 E477.56656
G1 X15.746 Y-15.746 E478.6467
G1 X13.615 Y-16.603 E479.72683
G1 X12.483 Y-17.144 E480.31684
G1 X11.574 Y-17.663 E480.80908
G1 X9.233 Y-19.311 E482.1554
G1 X8.263 Y-20.113 E482.74728
G1 X7.37 Y-21.014 E483.34384
G1 X6.373 Y-20.907 E483.81538
G1 X5.263 Y-20.876 E484.33758
G1 X2.625 Y-20.945 E485.57856
G1 X0.752 Y-21.216 E486.46854
G1 X-1.673 Y-21.865 E487.64906
G1 X-2.515 Y-22.126 E488.06361
G1 X-4.21 Y-21.121 E488.99028
G1 X-5.456 Y-20.525 E489.63982
G1 X-6.19 Y-20.236 E490.01078
G1 X-8.558 Y-19.46 E491.18264
G1 X-9.563 Y-19.2 E491.67081
G1 X-10.737 Y-18.998 E492.23101
G1 X-11.825 Y-18.876 E492.74587
G1 X-12.383 Y-18.007 E493.23152
G1 X-13.982 Y-15.965 E494.45118
G1 X-14.985 Y-14.858 E495.15366
G1 X-15.767 Y-14.136 E495.65418
G1 X-18.001 Y-12.388 E496.98813
G1 X-18.873 Y-11.823 E497.47675
G1 X-19.032 Y-10.438 E498.13235
G1 X-19.202 Y-9.566 E498.55014
G1 X-19.489 Y-8.462 E499.08656
G1 X-20.292 Y-6.027 E500.29232
G1 X-20.822 Y-4.8 E500.92086
G1 X-21.211 Y-4.05 E501.31817
G1 X-22.131 Y-2.518 E502.15854
G1 X-21.865 Y-1.673 E502.57514
G1 X-21.235 Y0.73 E503.74337
G1 X-20.946 Y2.562 E504.61555
G1 X-20.877 Y5.262 E505.88568
G1 X-20.892 Y6.11 E506.28453
G1 X-21.014 Y7.37 E506.87983
G1 X-20.491 Y7.88 E507.22336
G1 X-19.809 Y8.623 E507.69764
G1 X-19.054 Y9.598 E508.27755
G1 X-17.898 Y11.241 E509.22227
G1 X-17.304 Y12.193 E509.74996
G1 X-16.604 Y13.615 E510.49531
G1 X-15.745 Y15.745 E511.57536
G1 X-13.615 Y16.604 E512.65541
G1 X-12.834 Y16.962 E513.05943
G1 X-11.621 Y17.631 E513.71087
G1 X-9.598 Y19.054 E514.87399
G1 X-8.623 Y19.809 E515.4539
G1 X-7.88 Y20.491 E515.92818
G1 X-7.37 Y21.015 E516.27205
G1 X-6.372 Y20.907 E516.74411
G1 X-5.504 Y20.871 E517.15265
G1 X-2.936 Y20.936 E518.36067
G1 X-1.767 Y21.05 E518.91302
G1 X-.68 Y21.234 E519.43147
G1 X1.673 Y21.865 E520.5771
G0 F1237.5 X3.48 Y25.055
G1 F1350 X5.528 Y23.823 E521.70103
G1 X6.435 Y23.37 E522.1778
G1 X7.196 Y23.066 E522.56317
G1 X9.419 Y22.334 E523.66378
G1 X10.202 Y22.134 E524.04382
G1 X11.114 Y21.975 E524.47917
G1 X13.66 Y21.687 E525.6841
G1 X14.379 Y20.425 E526.36713
G1 X14.985 Y19.549 E526.86805
G1 X16.255 Y17.925 E527.83755
G1 X16.809 Y17.284 E528.23598
G1 X17.787 Y16.366 E528.86676
G1 X19.764 Y14.817 E530.04786
G1 X20.718 Y14.212 E530.5791
G1 X21.689 Y13.659 E531.10459
G1 X21.975 Y11.114 E532.30894
G1 X22.132 Y10.203 E532.74367
G1 X22.334 Y9.419 E533.12439
G1 X23.066 Y7.196 E534.22501
G1 X23.415 Y6.334 E534.66234
G1 X23.752 Y5.652 E535.02008
G1 X24.956 Y3.624 E536.12918
G1 X25.476 Y2.86 E536.56379
G1 X24.92 Y1.484 E537.2617
G1 X24.217 Y-1.148 E538.54283
G1 X24.063 Y-1.906 E538.90657
G1 X23.939 Y-2.875 E539.36597
G1 X23.877 Y-5.303 E540.50814
G1 X23.932 Y-6.582 E541.11017
G1 X24.201 Y-8.464 E542.0042
G1 X22.557 Y-10.051 E543.07876
G1 X21.813 Y-10.891 E543.60645
G1 X20.375 Y-12.934 E544.78133
G1 X19.743 Y-13.985 E545.35805
G1 X19.368 Y-14.781 E545.77184
G1 X18.524 Y-16.876 E546.83399
G1 X18.126 Y-18.126 E547.4509
G1 X16.876 Y-18.524 E548.0678
G1 X14.781 Y-19.368 E549.12995
G1 X13.9 Y-19.788 E549.58892
G1 X13.044 Y-20.301 E550.05822
G1 X11.033 Y-21.713 E551.21376
G1 X10.194 Y-22.408 E551.7261
G1 X8.459 Y-24.207 E552.90144
G1 X6.633 Y-23.943 E553.76907
G1 X5.613 Y-23.868 E554.25004
G1 X3.047 Y-23.935 E555.45714
G1 X2.178 Y-24.022 E555.86785
G1 X1.298 Y-24.174 E556.28781
G1 X-1.221 Y-24.85 E557.51432
G1 X-2.861 Y-25.475 E558.33966
G1 X-3.7 Y-24.907 E558.81612
G1 X-5.653 Y-23.753 E559.8829
G1 X-6.844 Y-23.183 E560.50382
G1 X-9.345 Y-22.356 E561.74258
G1 X-10.202 Y-22.132 E562.15914
G1 X-11.114 Y-21.975 E562.59433
G1 X-13.659 Y-21.689 E563.79868
G1 X-14.212 Y-20.718 E564.32417
G1 X-14.811 Y-19.772 E564.85072
G1 X-16.312 Y-17.854 E565.99605
G1 X-16.809 Y-17.285 E566.35134
G1 X-17.631 Y-16.484 E566.89107
G1 X-19.657 Y-14.904 E568.0993
G1 X-20.403 Y-14.391 E568.52506
G1 X-21.688 Y-13.659 E569.22052
G1 X-21.994 Y-10.971 E570.49275
G1 X-22.133 Y-10.204 E570.85932
G1 X-22.356 Y-9.345 E571.27667
G1 X-23.046 Y-7.254 E572.31214
G1 X-23.52 Y-6.112 E572.89361
G1 X-23.823 Y-5.527 E573.20342
G1 X-25.058 Y-3.476 E574.32929
G1 X-25.476 Y-2.86 E574.67937
G1 X-25.084 Y-1.889 E575.1718
G1 X-24.763 Y-.895 E575.66302
G1 X-24.194 Y1.224 E576.69481
G1 X-23.939 Y2.871 E577.47856
G1 X-23.879 Y5.168 E578.55912
G1 X-23.932 Y6.583 E579.22501
G1 X-24.201 Y8.464 E580.11858
G1 X-22.624 Y9.989 E581.15022
G1 X-21.705 Y11.045 E581.80854
G1 X-20.194 Y13.191 E583.04279
G1 X-19.743 Y13.985 E583.47221
G1 X-19.368 Y14.781 E583.886
G1 X-18.524 Y16.875 E584.94771
G1 X-18.126 Y18.126 E585.56507
G1 X-16.875 Y18.524 E586.18242
G1 X-14.781 Y19.368 E587.24413
G1 X-13.985 Y19.743 E587.65792
G1 X-12.934 Y20.375 E588.23465
G1 X-11.016 Y21.725 E589.33764
G1 X-10.159 Y22.448 E589.86491
G1 X-8.459 Y24.207 E591.01529
G1 X-6.633 Y23.943 E591.88292
G1 X-5.465 Y23.871 E592.43323
G1 X-2.868 Y23.939 E593.65493
G1 X-1.906 Y24.064 E594.11112
G1 X-1.025 Y24.248 E594.53437
G1 X0.895 Y24.763 E595.46919
G1 X1.889 Y25.084 E595.9604
G1 X2.861 Y25.475 E596.4531
G1 X3.48 Y25.055 E596.80487
G0 F1237.5 X0.827 Y27.889
G1 F1350 X2.631 Y28.62 E597.72023
G1 X3.254 Y28.832 E598.0297
G1 X3.473 Y28.712 E598.14714
G1 X4.985 Y27.649 E599.01631
G1 X7.098 Y26.387 E600.17372
G1 X8.198 Y25.894 E600.74059
G1 X10.393 Y25.168 E601.82781
G1 X11.299 Y24.973 E602.26363
G1 X13.492 Y24.726 E603.30144
G1 X15.424 Y24.589 E604.21227
G1 X15.928 Y23.765 E604.6665
G1 X16.952 Y21.971 E605.63791
G1 X17.313 Y21.445 E605.93793
G1 X18.744 Y19.613 E607.03112
G1 X19.646 Y18.717 E607.62901
G1 X21.527 Y17.247 E608.75166
G1 X22.203 Y16.818 E609.12817
G1 X23.789 Y15.914 E609.98665
G1 X24.59 Y15.425 E610.42798
G1 X24.708 Y13.655 E611.2622
G1 X24.951 Y11.491 E612.28624
G1 X25.063 Y10.841 E612.59642
G1 X25.239 Y10.177 E612.91946
G1 X25.866 Y8.278 E613.85991
G1 X26.384 Y7.095 E614.46722
G1 X27.649 Y4.987 E615.62334
G1 X28.711 Y3.473 E616.49301
G1 X28.833 Y3.253 E616.61131
G1 X28.623 Y2.638 E616.91692
G1 X27.775 Y0.546 E617.97846
G1 X27.155 Y-1.765 E619.10368
G1 X27.007 Y-2.496 E619.45441
G1 X26.939 Y-3.129 E619.7538
G1 X26.876 Y-5.343 E620.79539
G1 X26.924 Y-6.294 E621.24318
G1 X27.394 Y-9.594 E622.81071
G1 X26.373 Y-10.538 E623.46463
G1 X24.726 Y-12.126 E624.54053
G1 X24.11 Y-12.839 E624.98363
G1 X22.824 Y-14.667 E626.03469
G1 X22.433 Y-15.317 E626.3914
G1 X22.132 Y-15.946 E626.71932
G1 X21.253 Y-18.13 E627.82644
G1 X20.678 Y-20.089 E628.78655
G1 X20.514 Y-20.514 E629.00078
G1 X20.089 Y-20.678 E629.21501
G1 X18.13 Y-21.253 E630.17512
G1 X15.702 Y-22.23 E631.40589
G1 X14.778 Y-22.751 E631.90473
G1 X12.853 Y-24.099 E633.00987
G1 X12.243 Y-24.605 E633.38258
G1 X10.538 Y-26.374 E634.53797
G1 X9.59 Y-27.397 E635.19386
G1 X6.294 Y-26.924 E636.75973
G1 X5.558 Y-26.87 E637.10677
G1 X3.129 Y-26.939 E638.2495
G1 X2.588 Y-26.994 E638.50523
G1 X1.765 Y-27.155 E638.89959
G1 X-.544 Y-27.774 E640.02377
G1 X-2.631 Y-28.619 E641.08261
G1 X-3.286 Y-28.842 E641.40799
G1 X-5.014 Y-27.63 E642.40056
G1 X-7.096 Y-26.385 E643.54135
G1 X-7.655 Y-26.111 E643.83411
G1 X-8.279 Y-25.866 E644.14936
G1 X-10.178 Y-25.239 E645.08981
G1 X-10.84 Y-25.063 E645.41194
G1 X-11.492 Y-24.951 E645.72305
G1 X-13.657 Y-24.707 E646.74761
G1 X-15.424 Y-24.591 E647.58036
G1 X-15.928 Y-23.765 E648.0354
G1 X-17.091 Y-21.727 E649.13886
G1 X-18.732 Y-19.626 E650.39255
G1 X-19.166 Y-19.162 E650.69132
G1 X-19.743 Y-18.642 E651.0566
G1 X-21.368 Y-17.371 E652.02676
G1 X-21.974 Y-16.95 E652.37376
G1 X-23.814 Y-15.9 E653.37002
G1 X-24.59 Y-15.424 E653.79813
G1 X-24.708 Y-13.655 E654.63188
G1 X-24.951 Y-11.492 E655.65546
G1 X-25.191 Y-10.337 E656.21021
G1 X-25.909 Y-8.156 E657.29001
G1 X-26.279 Y-7.28 E657.7372
G1 X-27.647 Y-4.989 E658.99203
G1 X-28.711 Y-3.473 E659.86301
G1 X-28.831 Y-3.253 E659.98086
G1 X-28.624 Y-2.638 E660.28602
G1 X-27.889 Y-.827 E661.20513
G1 X-27.66 Y-.117 E661.55596
G1 X-27.155 Y1.765 E662.4723
G1 X-27 Y2.543 E662.84536
G1 X-26.939 Y3.129 E663.12242
G1 X-26.87 Y5.541 E664.25716
G1 X-26.914 Y6.251 E664.59169
G1 X-27.393 Y9.593 E666.17937
G1 X-26.373 Y10.538 E666.83326
G1 X-24.726 Y12.126 E667.90917
G1 X-24.103 Y12.848 E668.35763
G1 X-22.663 Y14.896 E669.53497
G1 X-22.205 Y15.765 E669.99691
G1 X-21.258 Y18.116 E671.18883
G1 X-20.678 Y20.089 E672.15592
G1 X-20.514 Y20.514 E672.37014
G1 X-20.089 Y20.678 E672.58437
G1 X-18.154 Y21.243 E673.53233
G1 X-15.946 Y22.133 E674.65185
G1 X-15.317 Y22.433 E674.97956
G1 X-14.667 Y22.824 E675.33628
G1 X-12.848 Y24.103 E676.38198
G1 X-12.244 Y24.604 E676.75101
G1 X-10.643 Y26.263 E677.83522
G1 X-9.59 Y27.397 E678.56296
G1 X-6.294 Y26.924 E680.12883
G1 X-5.558 Y26.87 E680.47587
G1 X-3.129 Y26.939 E681.6186
G1 X-2.134 Y27.061 E682.09002
G1 X0.117 Y27.66 E683.18542
G1 X0.827 Y27.889 E683.53625
G0 F1237.5 X4.225 Y29.886
G0 X5.061 Y31.262
G1 F1350 X6.689 Y30.125 E684.47007
G1 X8.39 Y29.104 E685.40302
G1 X8.999 Y28.787 E685.72589
G1 X11.176 Y28.071 E686.8036
G1 X11.869 Y27.927 E687.13646
G1 X14.03 Y27.689 E688.15884
G1 X15.722 Y27.577 E688.95627
G1 X16.738 Y27.371 E689.44378
G1 X17.21 Y27.12 E689.69518
G1 X17.722 Y26.58 E690.04512
G1 X18.497 Y25.317 E690.74197
G1 X19.61 Y23.377 E691.79376
G1 X20.972 Y21.633 E692.83437
G1 X21.465 Y21.103 E693.17476
G1 X23.411 Y19.583 E694.33597
G1 X25.316 Y18.497 E695.36717
G1 X26.58 Y17.723 E696.06418
G1 X27.12 Y17.21 E696.41444
G1 X27.371 Y16.738 E696.66584
G1 X27.577 Y15.722 E697.15335
G1 X27.689 Y14.03 E697.95078
G1 X27.927 Y11.869 E698.97316
G1 X28.109 Y11.052 E699.36679
G1 X28.751 Y9.119 E700.32463
G1 X29.016 Y8.539 E700.62451
G1 X30.126 Y6.687 E701.63988
G1 X31.262 Y5.061 E702.57266
G1 X31.799 Y4.083 E703.09735
G1 X31.929 Y3.528 E703.36541
G1 X31.864 Y2.852 E703.68478
G1 X31.436 Y1.591 E704.31101
G1 X30.644 Y-.355 E705.29903
G1 X30.049 Y-2.558 E706.37214
G1 X29.933 Y-3.323 E706.73601
G1 X29.876 Y-5.514 E707.7667
G1 X29.904 Y-5.954 E707.97404
G1 X30.421 Y-9.569 E709.69134
G1 X30.382 Y-10.4 E710.08256
G1 X30.202 Y-10.879 E710.32319
G1 X29.621 Y-11.619 E710.76563
G1 X28.346 Y-12.802 E711.58356
G1 X26.81 Y-14.286 E712.58793
G1 X26.495 Y-14.662 E712.8186
G1 X25.282 Y-16.389 E713.81106
G1 X24.975 Y-16.922 E714.10032
G1 X24.092 Y-19.107 E715.20858
G1 X23.522 Y-21.053 E716.16216
G1 X23.073 Y-22.212 E716.74667
G1 X22.714 Y-22.714 E717.03689
G1 X22.212 Y-23.073 E717.32712
G1 X21.053 Y-23.522 E717.91163
G1 X19.108 Y-24.092 E718.86476
G1 X17.111 Y-24.897 E719.87731
G1 X16.532 Y-25.182 E720.18079
G1 X14.619 Y-26.525 E721.27996
G1 X14.208 Y-26.891 E721.53877
G1 X12.739 Y-28.413 E722.53351
G1 X11.619 Y-29.621 E723.30818
G1 X10.878 Y-30.201 E723.7507
G1 X10.4 Y-30.382 E723.99106
G1 X9.556 Y-30.421 E724.38839
G1 X5.954 Y-29.904 E726.09964
G1 X5.383 Y-29.876 E726.36848
G1 X3.291 Y-29.935 E727.35267
G1 X2.677 Y-30.015 E727.64385
G1 X0.367 Y-30.641 E728.76934
G1 X-1.584 Y-31.432 E729.75936
G1 X-2.854 Y-31.862 E730.3899
G1 X-3.528 Y-31.928 E730.70838
G1 X-4.082 Y-31.798 E730.97598
G1 X-5.061 Y-31.262 E731.50085
G1 X-6.689 Y-30.125 E732.43468
G1 X-8.539 Y-29.016 E733.44901
G1 X-9.052 Y-28.77 E733.71655
G1 X-11.143 Y-28.081 E734.75188
G1 X-11.869 Y-27.927 E735.10089
G1 X-14.03 Y-27.689 E736.12328
G1 X-15.722 Y-27.578 E736.92067
G1 X-16.739 Y-27.372 E737.40864
G1 X-17.21 Y-27.12 E737.65985
G1 X-17.723 Y-26.58 E738.01011
G1 X-18.497 Y-25.317 E738.70672
G1 X-19.616 Y-23.369 E739.76317
G1 X-20.972 Y-21.633 E740.79908
G1 X-21.465 Y-21.103 E741.13948
G1 X-23.377 Y-19.61 E742.28027
G1 X-25.317 Y-18.497 E743.33206
G1 X-26.58 Y-17.722 E744.02891
G1 X-27.12 Y-17.21 E744.37885
G1 X-27.372 Y-16.739 E744.63006
G1 X-27.577 Y-15.722 E745.11794
G1 X-27.689 Y-14.03 E745.91536
G1 X-27.935 Y-11.808 E746.96667
G1 X-28.118 Y-11.024 E747.34527
G1 X-28.69 Y-9.292 E748.20304
G1 X-28.957 Y-8.635 E748.53654
G1 X-30.126 Y-6.687 E749.60491
G1 X-31.261 Y-5.061 E750.53742
G1 X-31.799 Y-4.083 E751.06233
G1 X-31.929 Y-3.528 E751.33039
G1 X-31.862 Y-2.852 E751.64985
G1 X-31.437 Y-1.591 E752.27562
G1 X-30.623 Y0.411 E753.29194
G1 X-30.027 Y2.654 E754.38334
G1 X-29.933 Y3.323 E754.70104
G1 X-29.876 Y5.514 E755.73174
G1 X-29.904 Y5.954 E755.93907
G1 X-30.42 Y9.569 E757.65631
G1 X-30.382 Y10.4 E758.0475
G1 X-30.202 Y10.879 E758.28814
G1 X-29.621 Y11.619 E758.73058
G1 X-28.346 Y12.802 E759.5485
G1 X-26.891 Y14.208 E760.5
G1 X-26.412 Y14.78 E760.85085
G1 X-25.185 Y16.527 E761.85479
G1 X-24.923 Y17.051 E762.13029
G1 X-24.092 Y19.107 E763.17314
G1 X-23.522 Y21.053 E764.12673
G1 X-23.073 Y22.212 E764.71123
G1 X-22.714 Y22.714 E765.00146
G1 X-22.212 Y23.073 E765.29169
G1 X-21.053 Y23.522 E765.8762
G1 X-19.108 Y24.092 E766.82933
G1 X-17.111 Y24.897 E767.84187
G1 X-16.532 Y25.182 E768.14535
G1 X-14.619 Y26.525 E769.24453
G1 X-14.208 Y26.891 E769.50333
G1 X-12.739 Y28.413 E770.49808
G1 X-11.619 Y29.621 E771.27275
G1 X-10.878 Y30.201 E771.71527
G1 X-10.4 Y30.382 E771.95563
G1 X-9.556 Y30.421 E772.35296
G1 X-5.954 Y29.904 E774.06421
G1 X-5.383 Y29.876 E774.33305
G1 X-3.291 Y29.935 E775.31724
G1 X-2.681 Y30.015 E775.60655
G1 X-.407 Y30.625 E776.71374
G1 X1.584 Y31.433 E777.7242
G1 X2.853 Y31.863 E778.35429
G1 X3.528 Y31.929 E778.67324
G1 X4.083 Y31.799 E778.9413
G1 X5.061 Y31.262 E779.46598
G0 F1237.5 X4.225 Y29.885
G0 X2.131 Y29.921
G0 X0.536 Y34.245
;TYPE:WALL-OUTER
G1 F1650 X2.218 Y34.815 E780.30115
G1 X3.73 Y34.963 E781.01559
G1 X5.166 Y34.626 E781.70924
G1 X6.649 Y33.812 E782.50479
G1 X8.324 Y32.641 E783.46588
G1 X10.062 Y31.6 E784.4186
G1 X12.129 Y30.916 E785.44247
G1 X14.228 Y30.683 E786.43562
G1 X16.12 Y30.557 E787.32733
G1 X17.763 Y30.225 E788.11559
G1 X19.051 Y29.538 E788.80206
G1 X20.115 Y28.417 E789.52888
G1 X21.08 Y26.844 E790.39671
G1 X22.093 Y25.069 E791.3578
G1 X23.391 Y23.412 E792.34764
G1 X25.056 Y22.106 E793.34276
G1 X26.844 Y21.08 E794.3122
G1 X28.417 Y20.115 E795.18003
G1 X29.538 Y19.051 E795.90685
G1 X30.225 Y17.763 E796.59332
G1 X30.557 Y16.12 E797.38158
G1 X30.689 Y14.16 E798.30539
G1 X30.921 Y12.105 E799.27792
G1 X31.595 Y10.07 E800.28603
G1 X32.66 Y8.293 E801.26027
G1 X33.812 Y6.649 E802.2043
G1 X34.626 Y5.166 E802.99985
G1 X34.963 Y3.73 E803.6935
G1 X34.816 Y2.218 E804.40789
G1 X34.249 Y0.544 E805.23904
G1 X33.474 Y-1.372 E806.21099
G1 X32.93 Y-3.393 E807.19522
G1 X32.875 Y-5.542 E808.20615
G1 X33.431 Y-9.425 E810.05081
G1 X33.356 Y-11.016 E810.79983
G1 X32.846 Y-12.367 E811.47892
G1 X31.836 Y-13.657 E812.24937
G1 X30.43 Y-14.96 E813.15084
G1 X28.931 Y-16.414 E814.13291
G1 X27.715 Y-18.146 E815.1281
G1 X26.916 Y-20.134 E816.13566
G1 X26.366 Y-22.017 E817.05817
G1 X25.733 Y-23.649 E817.88135
G1 X24.864 Y-24.864 E818.58382
G1 X23.649 Y-25.733 E819.28629
G1 X22.017 Y-26.366 E820.10947
G1 X20.134 Y-26.916 E821.03198
G1 X18.134 Y-27.72 E822.04566
G1 X16.413 Y-28.932 E823.03554
G1 X14.939 Y-30.452 E824.03124
G1 X13.657 Y-31.836 E824.91841
G1 X12.367 Y-32.845 E825.68857
G1 X11.016 Y-33.356 E826.36783
G1 X9.418 Y-33.431 E827.12014
G1 X7.108 Y-33.106 E828.21715
G1 X5.563 Y-32.876 E828.95171
G1 X3.406 Y-32.928 E829.96636
G1 X1.372 Y-33.474 E830.95674
G1 X-.536 Y-34.245 E831.9245
G1 X-2.218 Y-34.815 E832.75966
G1 X-3.73 Y-34.962 E833.47406
G1 X-5.166 Y-34.626 E834.16759
G1 X-6.649 Y-33.812 E834.96314
G1 X-8.324 Y-32.641 E835.92424
G1 X-10.062 Y-31.6 E836.87695
G1 X-12.129 Y-30.916 E837.90083
G1 X-14.228 Y-30.683 E838.89398
G1 X-16.12 Y-30.558 E839.78565
G1 X-17.763 Y-30.225 E840.57401
G1 X-19.051 Y-29.538 E841.26048
G1 X-20.115 Y-28.417 E841.9873
G1 X-21.08 Y-26.844 E842.85513
G1 X-22.096 Y-25.066 E843.81815
G1 X-23.391 Y-23.412 E844.80601
G1 X-25.068 Y-22.094 E845.80905
G1 X-26.844 Y-21.08 E846.77078
G1 X-28.417 Y-20.115 E847.63861
G1 X-29.538 Y-19.051 E848.36543
G1 X-30.225 Y-17.763 E849.05191
G1 X-30.557 Y-16.12 E849.84017
G1 X-30.689 Y-14.16 E850.76397
G1 X-30.921 Y-12.105 E851.7365
G1 X-31.595 Y-10.07 E852.74461
G1 X-32.66 Y-8.293 E853.71886
G1 X-33.812 Y-6.649 E854.66289
G1 X-34.626 Y-5.166 E855.45844
G1 X-34.963 Y-3.73 E856.15209
G1 X-34.815 Y-2.218 E856.86652
G1 X-34.249 Y-.544 E857.69753
G1 X-33.477 Y1.355 E858.66153
G1 X-32.928 Y3.413 E859.66318
G1 X-32.875 Y5.542 E860.66468
G1 X-33.43 Y9.425 E862.50927
G1 X-33.356 Y11.016 E863.25827
G1 X-32.846 Y12.367 E863.93736
G1 X-31.836 Y13.657 E864.70782
G1 X-30.43 Y14.96 E865.60928
G1 X-28.949 Y16.399 E866.58036
G1 X-27.716 Y18.145 E867.58554
G1 X-26.916 Y20.134 E868.59372
G1 X-26.366 Y22.017 E869.51623
G1 X-25.733 Y23.649 E870.33941
G1 X-24.864 Y24.864 E871.04188
G1 X-23.649 Y25.733 E871.74435
G1 X-22.017 Y26.366 E872.56753
G1 X-20.134 Y26.916 E873.49004
G1 X-18.132 Y27.721 E874.50476
G1 X-16.399 Y28.949 E875.50359
G1 X-14.939 Y30.452 E876.48897
G1 X-13.657 Y31.836 E877.37614
G1 X-12.367 Y32.845 E878.14631
G1 X-11.016 Y33.356 E878.82556
G1 X-9.418 Y33.431 E879.57787
G1 X-7.549 Y33.171 E880.46526
G1 X-5.544 Y32.875 E881.41836
G1 X-3.406 Y32.928 E882.42409
G1 X-1.372 Y33.475 E883.41459
G1 X0.536 Y34.245 E884.38216
G0 F1237.5 X1.956 Y34.726
G0 X3.196 Y30.283
G0 X2.359 Y9.022
;TYPE:SKIN
G1 F1050 X1.052 Y9.51 E885.03824
G1 X0.577 Y9.421 E885.26551
G1 X-1.557 Y9.139 E886.27778
G1 X-3.176 Y9.077 E887.03969
G1 X-4.398 Y8.22 E887.74159
G1 X-5.896 Y7.257 E888.57905
G1 X-6.764 Y6.772 E889.04664
G1 X-7.287 Y5.82 E889.55744
G1 X-8.198 Y4.431 E890.33859
G1 X-9.077 Y3.177 E891.05875
G1 X-9.126 Y1.941 E891.64045
G1 X-9.25 Y0.605 E892.27143
G1 X-9.417 Y-.562 E892.82581
G1 X-9.516 Y-1.082 E893.07474
G1 X-9.155 Y-1.964 E893.52291
G1 X-8.127 Y-5.091 E895.07085
G1 X-7.635 Y-5.512 E895.37537
G1 X-6.634 Y-6.443 E896.01823
G1 X-5.467 Y-7.681 E896.81831
G1 X-5.089 Y-8.127 E897.09324
G1 X-2.207 Y-9.07 E898.51925
G1 X-1.083 Y-9.514 E899.08757
G1 X-.513 Y-9.41 E899.36004
G1 X0.739 Y-9.235 E899.95454
G1 X1.935 Y-9.129 E900.51918
G1 X3.178 Y-9.078 E901.10421
G1 X4.974 Y-7.818 E902.13592
G1 X6.316 Y-7.013 E902.87185
G1 X6.765 Y-6.767 E903.11261
G1 X6.997 Y-6.34 E903.34114
G1 X8.002 Y-4.718 E904.23846
G1 X9.077 Y-3.181 E905.1205
G1 X9.141 Y-1.531 E905.89702
G1 X9.404 Y0.477 E906.84937
G1 X9.515 Y1.078 E907.13678
G1 X9.169 Y1.914 E907.56227
G1 X8.119 Y5.095 E909.13756
G1 X7.679 Y5.472 E909.41004
G1 X6.314 Y6.748 E910.28874
G1 X5.097 Y8.129 E911.15437
G1 X4.559 Y8.292 E911.41873
G1 X2.359 Y9.022 E912.50878
G0 F1237.5 X7.905 Y0.581
G1 F1050 X0.578 Y7.907 E917.38129
G0 F1237.5 X-3.074 Y7.316
G1 F1050 X7.319 Y-3.076 E924.29286
G0 F1237.5 X5.655 Y-5.655
G1 F1050 X-5.663 Y5.663 E931.81994
G0 F1237.5 X-7.316 Y3.074
G1 F1050 X3.076 Y-7.319 E938.73151
G0 F1237.5 X-.581 Y-7.905
G1 F1050 X-7.903 Y-.582 E943.60136
G1 X-8.433 Y-0.052
;MESH:NONMESH
G0 F600 X-8.433 Y-0.052 Z2.5
G0 F1237.5 X22.796 Y18.084
G0 X25.079 Y22.089
;TIME_ELAPSED:171.496564
;LAYER:2
;TYPE:WALL-OUTER
;MESH:two-component-v5.stl
G1 F2400 X23.404 Y23.404 E944.6028
G1 X22.089 Y25.079 E945.60423
G1 X21.073 Y26.859 E946.56806
G1 X20.116 Y28.418 E947.42832
G1 X19.051 Y29.541 E948.15614
G1 X17.763 Y30.226 E948.84217
G1 X16.129 Y30.56 E949.62647
G1 X14.195 Y30.686 E950.53789
G1 X12.112 Y30.921 E951.52367
G1 X10.083 Y31.592 E952.52865
G1 X8.275 Y32.673 E953.51927
G1 X6.667 Y33.803 E954.4435
G1 X5.165 Y34.628 E955.24938
G1 X3.732 Y34.965 E955.94165
G1 X2.218 Y34.819 E956.65693
G1 X0.523 Y34.243 E957.49879
G1 X-1.35 Y33.48 E958.44988
G1 X-3.402 Y32.93 E959.44892
G1 X-5.535 Y32.876 E960.45232
G1 X-7.573 Y33.173 E961.42084
G1 X-9.433 Y33.431 E962.3039
G1 X-11.015 Y33.358 E963.04865
G1 X-12.373 Y32.845 E963.73132
G1 X-13.651 Y31.847 E964.49386
G1 X-14.948 Y30.447 E965.39133
G1 X-16.394 Y28.949 E966.37045
G1 X-18.14 Y27.719 E967.37481
G1 X-20.103 Y26.927 E968.37024
G1 X-22.022 Y26.367 E969.31032
G1 X-23.654 Y25.736 E970.13316
G1 X-24.868 Y24.868 E970.83497
G1 X-25.736 Y23.654 E971.53679
G1 X-26.367 Y22.022 E972.35963
G1 X-26.927 Y20.103 E973.2997
G1 X-27.719 Y18.14 E974.29514
G1 X-28.949 Y16.394 E975.2995
G1 X-30.447 Y14.948 E976.27861
G1 X-31.847 Y13.651 E977.17609
G1 X-32.845 Y12.373 E977.93863
G1 X-33.358 Y11.015 E978.62129
G1 X-33.431 Y9.434 E979.36557
G1 X-33.141 Y7.343 E980.35831
G1 X-32.876 Y5.535 E981.21763
G1 X-32.93 Y3.402 E982.22102
G1 X-33.48 Y1.35 E983.22006
G1 X-34.243 Y-.523 E984.17115
G1 X-34.819 Y-2.218 E985.01301
G1 X-34.965 Y-3.732 E985.7283
G1 X-34.628 Y-5.165 E986.42057
G1 X-33.803 Y-6.667 E987.22644
G1 X-32.673 Y-8.275 E988.15067
G1 X-31.592 Y-10.083 E989.14129
G1 X-30.921 Y-12.112 E990.14628
G1 X-30.686 Y-14.195 E991.13205
G1 X-30.56 Y-16.129 E992.04347
G1 X-30.226 Y-17.763 E992.82777
G1 X-29.541 Y-19.051 E993.5138
G1 X-28.418 Y-20.116 E994.24163
G1 X-26.859 Y-21.073 E995.10188
G1 X-25.079 Y-22.089 E996.06571
G1 X-23.404 Y-23.404 E997.06715
G1 X-22.089 Y-25.079 E998.06858
G1 X-21.073 Y-26.859 E999.03241
G1 X-20.116 Y-28.418 E999.89266
G1 X-19.051 Y-29.541 E1000.62049
G1 X-17.763 Y-30.226 E1001.30652
G1 X-16.129 Y-30.56 E1002.09082
G1 X-14.195 Y-30.686 E1003.00224
G1 X-12.112 Y-30.921 E1003.98801
G1 X-10.083 Y-31.592 E1004.993
G1 X-8.275 Y-32.673 E1005.98362
G1 X-6.667 Y-33.803 E1006.90785
G1 X-5.165 Y-34.628 E1007.71372
G1 X-3.732 Y-34.965 E1008.40599
G1 X-2.218 Y-34.819 E1009.12128
G1 X-.523 Y-34.243 E1009.96314
G1 X1.35 Y-33.48 E1010.91423
G1 X3.402 Y-32.93 E1011.91327
G1 X5.535 Y-32.876 E1012.91666
G1 X7.573 Y-33.173 E1013.88518
G1 X9.433 Y-33.431 E1014.76825
G1 X11.015 Y-33.358 E1015.513
G1 X12.373 Y-32.845 E1016.19566
G1 X13.651 Y-31.847 E1016.9582
G1 X14.948 Y-30.447 E1017.85568
G1 X16.394 Y-28.949 E1018.83479
G1 X18.14 Y-27.719 E1019.83916
G1 X20.103 Y-26.927 E1020.83459
G1 X22.022 Y-26.367 E1021.77466
G1 X23.654 Y-25.736 E1022.5975
G1 X24.868 Y-24.868 E1023.29932
G1 X25.736 Y-23.654 E1024.00113
G1 X26.367 Y-22.022 E1024.82397
G1 X26.927 Y-20.103 E1025.76405
G1 X27.719 Y-18.14 E1026.75948
G1 X28.949 Y-16.394 E1027.76385
G1 X30.447 Y-14.948 E1028.74296
G1 X31.847 Y-13.651 E1029.64044
G1 X32.845 Y-12.373 E1030.40297
G1 X33.358 Y-11.015 E1031.08564
G1 X33.431 Y-9.434 E1031.82992
G1 X33.141 Y-7.343 E1032.82265
G1 X32.876 Y-5.535 E1033.68197
G1 X32.93 Y-3.402 E1034.68537
G1 X33.48 Y-1.35 E1035.68441
G1 X34.243 Y0.523 E1036.6355
G1 X34.819 Y2.218 E1037.47736
G1 X34.965 Y3.732 E1038.19264
G1 X34.628 Y5.165 E1038.88491
G1 X33.803 Y6.667 E1039.69079
G1 X32.673 Y8.275 E1040.61502
G1 X31.592 Y10.083 E1041.60564
G1 X30.921 Y12.112 E1042.61062
G1 X30.686 Y14.195 E1043.5964
G1 X30.56 Y16.129 E1044.50782
G1 X30.226 Y17.763 E1045.29212
G1 X29.541 Y19.051 E1045.97815
G1 X28.418 Y20.116 E1046.70597
G1 X26.859 Y21.073 E1047.56623
G1 X25.079 Y22.089 E1048.53006
G1 X23.404 Y23.404 Z2.51 E1049.5315
G1 X22.089 Y25.079 Z2.519 E1050.53295
G1 X21.073 Y26.859 Z2.528 E1051.49679
G1 X20.116 Y28.418 Z2.536 E1052.35705
G1 X19.051 Y29.541 Z2.543 E1053.08488
G1 X17.763 Y30.226 Z2.55 E1053.77092
G1 X16.129 Y30.56 Z2.557 E1054.55523
G1 X14.195 Y30.686 Z2.566 E1055.46665
G1 X12.112 Y30.921 Z2.576 E1056.45244
G1 X10.083 Y31.592 Z2.585 E1057.45744
G1 X8.275 Y32.673 Z2.595 E1058.44807
G1 X6.667 Y33.803 Z2.603 E1059.3723
G1 X5.165 Y34.628 Z2.611 E1060.17819
G1 X3.732 Y34.965 Z2.618 E1060.87047
G1 X2.218 Y34.819 Z2.624 E1061.58575
G1 X0.523 Y34.243 Z2.632 E1062.42763
G1 X-1.35 Y33.48 Z2.642 E1063.37872
G1 X-3.402 Y32.93 Z2.651 E1064.37777
G1 X-5.535 Y32.876 Z2.661 E1065.38118
G1 X-7.573 Y33.173 Z2.67 E1066.34971
G1 X-9.433 Y33.431 Z2.678 E1067.23278
G1 X-11.015 Y33.358 Z2.685 E1067.97754
G1 X-12.373 Y32.845 Z2.692 E1068.66021
G1 X-13.651 Y31.847 Z2.699 E1069.42276
G1 X-14.948 Y30.447 Z2.708 E1070.32025
G1 X-16.394 Y28.949 Z2.717 E1071.29937
G1 X-18.14 Y27.719 Z2.727 E1072.30374
G1 X-20.103 Y26.927 Z2.736 E1073.29918
G1 X-22.022 Y26.367 Z2.745 E1074.23927
G1 X-23.654 Y25.736 Z2.753 E1075.06212
G1 X-24.868 Y24.868 Z2.76 E1075.76394
G1 X-25.736 Y23.654 Z2.766 E1076.46576
G1 X-26.367 Y22.022 Z2.774 E1077.28861
G1 X-26.927 Y20.103 Z2.783 E1078.2287
G1 X-27.719 Y18.14 Z2.793 E1079.22414
G1 X-28.949 Y16.394 Z2.802 E1080.22851
G1 X-30.447 Y14.948 Z2.811 E1081.20763
G1 X-31.847 Y13.651 Z2.82 E1082.10512
G1 X-32.845 Y12.373 Z2.827 E1082.86766
G1 X-33.358 Y11.015 Z2.834 E1083.55034
G1 X-33.431 Y9.434 Z2.841 E1084.29463
G1 X-33.136 Y7.344 Z2.85 E1085.28723
G1 X-32.877 Y5.535 Z2.858 E1086.14662
G1 X-32.93 Y3.402 Z2.868 E1087.15001
G1 X-33.48 Y1.35 Z2.878 E1088.14907
G1 X-34.243 Y-.523 Z2.887 E1089.10016
G1 X-34.819 Y-2.218 Z2.895 E1089.94203
G1 X-34.965 Y-3.732 Z2.901 E1090.65732
G1 X-34.628 Y-5.165 Z2.908 E1091.3496
G1 X-33.803 Y-6.667 Z2.916 E1092.15548
G1 X-32.673 Y-8.275 Z2.925 E1093.07972
G1 X-31.592 Y-10.083 Z2.934 E1094.07035
G1 X-30.921 Y-12.112 Z2.944 E1095.07535
G1 X-30.686 Y-14.195 Z2.953 E1096.06113
G1 X-30.56 Y-16.129 Z2.962 E1096.97256
G1 X-30.226 Y-17.763 Z2.969 E1097.75687
G1 X-29.541 Y-19.051 Z2.976 E1098.44291
G1 X-28.418 Y-20.116 Z2.983 E1099.17074
G1 X-26.859 Y-21.073 Z2.991 E1100.031
G1 X-25.079 Y-22.089 Z3 E1100.99484
G1 X-23.404 Y-23.404 Z3.01 E1101.99629
G1 X-22.089 Y-25.079 Z3.019 E1102.99773
G1 X-21.073 Y-26.859 Z3.028 E1103.96157
G1 X-20.116 Y-28.418 Z3.036 E1104.82183
G1 X-19.051 Y-29.541 Z3.043 E1105.54966
G1 X-17.763 Y-30.226 Z3.05 E1106.2357
G1 X-16.129 Y-30.56 Z3.057 E1107.02001
G1 X-14.195 Y-30.686 Z3.066 E1107.93144
G1 X-12.112 Y-30.921 Z3.076 E1108.91722
G1 X-10.083 Y-31.592 Z3.085 E1109.92222
G1 X-8.275 Y-32.673 Z3.095 E1110.91285
G1 X-6.667 Y-33.803 Z3.103 E1111.83709
G1 X-5.165 Y-34.628 Z3.111 E1112.64297
G1 X-3.732 Y-34.965 Z3.118 E1113.33525
G1 X-2.218 Y-34.819 Z3.124 E1114.05054
G1 X-.523 Y-34.243 Z3.132 E1114.89241
G1 X1.35 Y-33.48 Z3.142 E1115.84351
G1 X3.402 Y-32.93 Z3.151 E1116.84256
G1 X5.535 Y-32.876 Z3.161 E1117.84596
G1 X7.573 Y-33.173 Z3.17 E1118.81449
G1 X9.433 Y-33.431 Z3.178 E1119.69757
G1 X11.015 Y-33.358 Z3.185 E1120.44232
G1 X12.373 Y-32.845 Z3.192 E1121.125
G1 X13.651 Y-31.847 Z3.199 E1121.88754
G1 X14.948 Y-30.447 Z3.208 E1122.78503
G1 X16.394 Y-28.949 Z3.217 E1123.76415
G1 X18.14 Y-27.719 Z3.227 E1124.76853
G1 X20.103 Y-26.927 Z3.236 E1125.76397
G1 X22.022 Y-26.367 Z3.245 E1126.70405
G1 X23.654 Y-25.736 Z3.253 E1127.5269
G1 X24.868 Y-24.868 Z3.26 E1128.22872
G1 X25.736 Y-23.654 Z3.266 E1128.93055
G1 X26.367 Y-22.022 Z3.274 E1129.75339
G1 X26.927 Y-20.103 Z3.283 E1130.69348
G1 X27.719 Y-18.14 Z3.293 E1131.68892
G1 X28.949 Y-16.394 Z3.302 E1132.6933
G1 X30.447 Y-14.948 Z3.311 E1133.67242
G1 X31.847 Y-13.651 Z3.32 E1134.5699
G1 X32.845 Y-12.373 Z3.327 E1135.33245
G1 X33.358 Y-11.015 Z3.334 E1136.01512
G1 X33.431 Y-9.434 Z3.341 E1136.75941
G1 X33.14 Y-7.343 Z3.35 E1137.75222
G1 X32.876 Y-5.535 Z3.358 E1138.61148
G1 X32.93 Y-3.402 Z3.368 E1139.61488
G1 X33.48 Y-1.35 Z3.378 E1140.61394
G1 X34.243 Y0.523 Z3.387 E1141.56503
G1 X34.819 Y2.218 Z3.395 E1142.4069
G1 X34.965 Y3.732 Z3.401 E1143.12219
G1 X34.628 Y5.165 Z3.408 E1143.81447
G1 X33.803 Y6.667 Z3.416 E1144.62035
G1 X32.673 Y8.275 Z3.425 E1145.54459
G1 X31.592 Y10.083 Z3.434 E1146.53522
G1 X30.921 Y12.112 Z3.444 E1147.54022
G1 X30.686 Y14.195 Z3.453 E1148.526
G1 X30.56 Y16.129 Z3.462 E1149.43743
G1 X30.226 Y17.763 Z3.469 E1150.22174
G1 X29.541 Y19.051 Z3.476 E1150.90778
G1 X28.418 Y20.116 Z3.483 E1151.63561
G1 X26.859 Y21.073 Z3.491 E1152.49587
G1 X25.079 Y22.089 Z3.5 E1153.45971
;TIME_ELAPSED:182.662360
;LAYER:3
;TYPE:WALL-OUTER
;MESH:two-component-v5.stl
G1 X23.404 Y23.404 Z3.51 E1154.46116
G1 X22.089 Y25.079 Z3.519 E1155.4626
G1 X21.073 Y26.859 Z3.528 E1156.42644
G1 X20.116 Y28.418 Z3.536 E1157.2867
G1 X19.051 Y29.541 Z3.543 E1158.01453
G1 X17.763 Y30.226 Z3.55 E1158.70057
G1 X16.129 Y30.56 Z3.557 E1159.48488
G1 X14.195 Y30.686 Z3.566 E1160.39631
G1 X12.112 Y30.921 Z3.576 E1161.38209
G1 X10.083 Y31.592 Z3.585 E1162.38709
G1 X8.275 Y32.673 Z3.595 E1163.37772
G1 X6.667 Y33.803 Z3.603 E1164.30196
G1 X5.165 Y34.628 Z3.611 E1165.10784
G1 X3.732 Y34.965 Z3.618 E1165.80012
G1 X2.218 Y34.819 Z3.624 E1166.51541
G1 X0.523 Y34.243 Z3.632 E1167.35728
G1 X-1.35 Y33.48 Z3.642 E1168.30838
G1 X-3.402 Y32.93 Z3.651 E1169.30743
G1 X-5.535 Y32.876 Z3.661 E1170.31083
G1 X-7.573 Y33.173 Z3.67 E1171.27936
G1 X-9.433 Y33.431 Z3.678 E1172.16244
G1 X-11.015 Y33.358 Z3.685 E1172.90719
G1 X-12.373 Y32.845 Z3.692 E1173.58987
G1 X-13.651 Y31.847 Z3.699 E1174.35241
G1 X-14.948 Y30.447 Z3.708 E1175.2499
G1 X-16.394 Y28.949 Z3.717 E1176.22902
G1 X-18.14 Y27.719 Z3.727 E1177.2334
G1 X-20.103 Y26.927 Z3.736 E1178.22884
G1 X-22.022 Y26.367 Z3.745 E1179.16892
G1 X-23.654 Y25.736 Z3.753 E1179.99177
G1 X-24.868 Y24.868 Z3.76 E1180.69359
G1 X-25.736 Y23.654 Z3.766 E1181.39542
G1 X-26.367 Y22.022 Z3.774 E1182.21826
G1 X-26.927 Y20.103 Z3.783 E1183.15835
G1 X-27.719 Y18.14 Z3.793 E1184.15379
G1 X-28.949 Y16.394 Z3.802 E1185.15817
G1 X-30.447 Y14.948 Z3.811 E1186.13729
G1 X-31.847 Y13.651 Z3.82 E1187.03478
G1 X-32.845 Y12.373 Z3.827 E1187.79732
G1 X-33.358 Y11.015 Z3.834 E1188.47999
G1 X-33.431 Y9.434 Z3.841 E1189.22428
G1 X-33.173 Y7.574 Z3.849 E1190.10735
G1 X-32.876 Y5.535 Z3.858 E1191.07635
G1 X-32.93 Y3.402 Z3.868 E1192.07975
G1 X-33.48 Y1.35 Z3.878 E1193.07881
G1 X-34.243 Y-.523 Z3.887 E1194.0299
G1 X-34.819 Y-2.218 Z3.895 E1194.87178
G1 X-34.965 Y-3.732 Z3.901 E1195.58706
G1 X-34.628 Y-5.165 Z3.908 E1196.27934
G1 X-33.803 Y-6.667 Z3.916 E1197.08522
G1 X-32.673 Y-8.275 Z3.925 E1198.00946
G1 X-31.592 Y-10.083 Z3.934 E1199.00009
G1 X-30.921 Y-12.112 Z3.944 E1200.00509
G1 X-30.686 Y-14.195 Z3.953 E1200.99087
G1 X-30.56 Y-16.129 Z3.962 E1201.9023
G1 X-30.226 Y-17.763 Z3.969 E1202.68661
G1 X-29.541 Y-19.051 Z3.976 E1203.37265
G1 X-28.418 Y-20.116 Z3.983 E1204.10048
G1 X-26.859 Y-21.073 Z3.991 E1204.96074
G1 X-25.079 Y-22.089 Z4 E1205.92458
G1 X-23.404 Y-23.404 Z4.01 E1206.92603
G1 X-22.089 Y-25.079 Z4.019 E1207.92747
G1 X-21.073 Y-26.859 Z4.028 E1208.89131
G1 X-20.116 Y-28.418 Z4.036 E1209.75157
G1 X-19.051 Y-29.541 Z4.043 E1210.4794
G1 X-17.763 Y-30.226 Z4.05 E1211.16544
G1 X-16.129 Y-30.56 Z4.057 E1211.94975
G1 X-14.195 Y-30.686 Z4.066 E1212.86118
G1 X-12.112 Y-30.921 Z4.076 E1213.84697
G1 X-10.083 Y-31.592 Z4.085 E1214.85196
G1 X-8.275 Y-32.673 Z4.095 E1215.84259
G1 X-6.667 Y-33.803 Z4.103 E1216.76683
G1 X-5.165 Y-34.628 Z4.111 E1217.57271
G1 X-3.732 Y-34.965 Z4.118 E1218.26499
G1 X-2.218 Y-34.819 Z4.124 E1218.98028
G1 X-.523 Y-34.243 Z4.132 E1219.82215
G1 X1.35 Y-33.48 Z4.142 E1220.77325
G1 X3.402 Y-32.93 Z4.151 E1221.7723
G1 X5.535 Y-32.876 Z4.161 E1222.77571
G1 X7.573 Y-33.173 Z4.17 E1223.74424
G1 X9.433 Y-33.431 Z4.178 E1224.62731
G1 X11.015 Y-33.358 Z4.185 E1225.37207
G1 X12.373 Y-32.845 Z4.192 E1226.05474
G1 X13.651 Y-31.847 Z4.199 E1226.81728
G1 X14.948 Y-30.447 Z4.208 E1227.71477
G1 X16.394 Y-28.949 Z4.217 E1228.69389
G1 X18.14 Y-27.719 Z4.227 E1229.69827
G1 X20.103 Y-26.927 Z4.236 E1230.69371
G1 X22.022 Y-26.367 Z4.245 E1231.6338
G1 X23.654 Y-25.736 Z4.253 E1232.45664
G1 X24.868 Y-24.868 Z4.26 E1233.15847
G1 X25.736 Y-23.654 Z4.266 E1233.86029
G1 X26.367 Y-22.022 Z4.274 E1234.68314
G1 X26.927 Y-20.103 Z4.283 E1235.62322
G1 X27.719 Y-18.14 Z4.293 E1236.61866
G1 X28.949 Y-16.394 Z4.302 E1237.62304
G1 X30.447 Y-14.948 Z4.311 E1238.60216
G1 X31.847 Y-13.651 Z4.32 E1239.49965
G1 X32.845 Y-12.373 Z4.327 E1240.26219
G1 X33.358 Y-11.015 Z4.334 E1240.94486
G1 X33.431 Y-9.433 Z4.341 E1241.68962
G1 X33.174 Y-7.573 Z4.349 E1242.57263
G1 X32.876 Y-5.535 Z4.358 E1243.54123
G1 X32.93 Y-3.402 Z4.368 E1244.54463
G1 X33.48 Y-1.35 Z4.378 E1245.54369
G1 X34.243 Y0.523 Z4.387 E1246.49478
G1 X34.819 Y2.218 Z4.395 E1247.33665
G1 X34.965 Y3.732 Z4.401 E1248.05194
G1 X34.628 Y5.165 Z4.408 E1248.74422
G1 X33.803 Y6.667 Z4.416 E1249.5501
G1 X32.673 Y8.275 Z4.425 E1250.47434
G1 X31.592 Y10.083 Z4.434 E1251.46497
G1 X30.921 Y12.112 Z4.444 E1252.46997
G1 X30.686 Y14.195 Z4.453 E1253.45575
G1 X30.56 Y16.129 Z4.462 E1254.36718
G1 X30.226 Y17.763 Z4.469 E1255.15149
G1 X29.541 Y19.051 Z4.476 E1255.83753
G1 X28.418 Y20.116 Z4.483 E1256.56536
G1 X26.859 Y21.073 Z4.491 E1257.42562
G1 X25.079 Y22.089 Z4.5 E1258.38946
;TIME_ELAPSED:188.249979
;LAYER:4
;TYPE:WALL-OUTER
;MESH:two-component-v5.stl
G1 X23.404 Y23.404 Z4.51 E1259.39091
G1 X22.089 Y25.079 Z4.519 E1260.39235
G1 X21.073 Y26.859 Z4.528 E1261.35619
G1 X20.116 Y28.418 Z4.536 E1262.21645
G1 X19.051 Y29.541 Z4.543 E1262.94428
G1 X17.763 Y30.226 Z4.55 E1263.63032
G1 X16.129 Y30.56 Z4.557 E1264.41463
G1 X14.195 Y30.686 Z4.566 E1265.32606
G1 X12.112 Y30.921 Z4.576 E1266.31184
G1 X10.083 Y31.592 Z4.585 E1267.31684
G1 X8.275 Y32.673 Z4.595 E1268.30747
G1 X6.667 Y33.803 Z4.603 E1269.23171
G1 X5.165 Y34.628 Z4.611 E1270.03759
G1 X3.732 Y34.965 Z4.618 E1270.72987
G1 X2.218 Y34.819 Z4.624 E1271.44516
G1 X0.523 Y34.243 Z4.632 E1272.28703
G1 X-1.35 Y33.48 Z4.642 E1273.23813
G1 X-3.402 Y32.93 Z4.651 E1274.23718
G1 X-5.535 Y32.876 Z4.661 E1275.24058
G1 X-7.573 Y33.173 Z4.67 E1276.20912
G1 X-9.433 Y33.431 Z4.678 E1277.09219
G1 X-11.015 Y33.358 Z4.685 E1277.83695
G1 X-12.373 Y32.845 Z4.692 E1278.51962
G1 X-13.651 Y31.847 Z4.699 E1279.28216
G1 X-14.948 Y30.447 Z4.708 E1280.17965
G1 X-16.394 Y28.949 Z4.717 E1281.15877
G1 X-18.14 Y27.719 Z4.727 E1282.16315
G1 X-20.103 Y26.927 Z4.736 E1283.15859
G1 X-22.022 Y26.367 Z4.745 E1284.09867
G1 X-23.654 Y25.736 Z4.753 E1284.92152
G1 X-24.868 Y24.868 Z4.76 E1285.62335
G1 X-25.736 Y23.654 Z4.766 E1286.32517
G1 X-26.367 Y22.022 Z4.774 E1287.14801
G1 X-26.927 Y20.103 Z4.783 E1288.0881
G1 X-27.719 Y18.14 Z4.793 E1289.08354
G1 X-28.949 Y16.394 Z4.802 E1290.08792
G1 X-30.447 Y14.948 Z4.811 E1291.06704
G1 X-31.847 Y13.651 Z4.82 E1291.96453
G1 X-32.845 Y12.373 Z4.827 E1292.72707
G1 X-33.358 Y11.015 Z4.834 E1293.40974
G1 X-33.431 Y9.433 Z4.841 E1294.1545
G1 X-33.174 Y7.573 Z4.849 E1295.03751
G1 X-32.876 Y5.535 Z4.858 E1296.00611
G1 X-32.93 Y3.402 Z4.868 E1297.00951
G1 X-33.48 Y1.35 Z4.878 E1298.00857
G1 X-34.243 Y-.523 Z4.887 E1298.95966
G1 X-34.819 Y-2.218 Z4.895 E1299.80153
G1 X-34.965 Y-3.732 Z4.901 E1300.51682
G1 X-34.628 Y-5.165 Z4.908 E1301.2091
G1 X-33.803 Y-6.667 Z4.916 E1302.01498
G1 X-32.673 Y-8.275 Z4.925 E1302.93922
G1 X-31.592 Y-10.083 Z4.934 E1303.92985
G1 X-30.921 Y-12.112 Z4.944 E1304.93485
G1 X-30.686 Y-14.195 Z4.953 E1305.92063
G1 X-30.56 Y-16.129 Z4.962 E1306.83206
G1 X-30.226 Y-17.763 Z4.969 E1307.61637
G1 X-29.541 Y-19.051 Z4.976 E1308.30241
G1 X-28.418 Y-20.116 Z4.983 E1309.03024
G1 X-26.859 Y-21.073 Z4.991 E1309.8905
G1 X-25.079 Y-22.089 Z5 E1310.85434
G1 X-23.404 Y-23.404 Z5.01 E1311.85579
G1 X-22.089 Y-25.079 Z5.019 E1312.85723
G1 X-21.073 Y-26.859 Z5.028 E1313.82107
G1 X-20.116 Y-28.418 Z5.036 E1314.68133
G1 X-19.051 Y-29.541 Z5.043 E1315.40916
G1 X-17.763 Y-30.226 Z5.05 E1316.0952
G1 X-16.129 Y-30.56 Z5.057 E1316.87951
G1 X-14.195 Y-30.686 Z5.066 E1317.79094
G1 X-12.112 Y-30.921 Z5.076 E1318.77672
G1 X-10.083 Y-31.592 Z5.085 E1319.78172
G1 X-8.275 Y-32.673 Z5.095 E1320.77235
G1 X-6.667 Y-33.803 Z5.103 E1321.69659
G1 X-5.165 Y-34.628 Z5.111 E1322.50247
G1 X-3.732 Y-34.965 Z5.118 E1323.19475
G1 X-2.218 Y-34.819 Z5.124 E1323.91004
G1 X-.523 Y-34.243 Z5.132 E1324.75191
G1 X1.35 Y-33.48 Z5.142 E1325.70301
G1 X3.402 Y-32.93 Z5.151 E1326.70206
G1 X5.535 Y-32.876 Z5.161 E1327.70546
G1 X7.573 Y-33.173 Z5.17 E1328.67399
G1 X9.433 Y-33.431 Z5.178 E1329.55707
G1 X11.015 Y-33.358 Z5.185 E1330.30182
G1 X12.373 Y-32.845 Z5.192 E1330.9845
G1 X13.651 Y-31.847 Z5.199 E1331.74704
G1 X14.948 Y-30.447 Z5.208 E1332.64453
G1 X16.394 Y-28.949 Z5.217 E1333.62365
G1 X18.14 Y-27.719 Z5.227 E1334.62803
G1 X20.103 Y-26.927 Z5.236 E1335.62347
G1 X22.022 Y-26.367 Z5.245 E1336.56355
G1 X23.654 Y-25.736 Z5.253 E1337.3864
G1 X24.868 Y-24.868 Z5.26 E1338.08822
G1 X25.736 Y-23.654 Z5.266 E1338.79005
G1 X26.367 Y-22.022 Z5.274 E1339.61289
G1 X26.927 Y-20.103 Z5.283 E1340.55298
G1 X27.719 Y-18.14 Z5.293 E1341.54842
G1 X28.949 Y-16.394 Z5.302 E1342.5528
G1 X30.447 Y-14.948 Z5.311 E1343.53192
G1 X31.847 Y-13.651 Z5.32 E1344.42941
G1 X32.845 Y-12.373 Z5.327 E1345.19195
G1 X33.358 Y-11.015 Z5.334 E1345.87462
G1 X33.431 Y-9.433 Z5.341 E1346.61938
G1 X33.174 Y-7.573 Z5.349 E1347.50239
G1 X32.876 Y-5.535 Z5.358 E1348.47099
G1 X32.93 Y-3.402 Z5.368 E1349.47439
G1 X33.48 Y-1.35 Z5.378 E1350.47345
G1 X34.243 Y0.523 Z5.387 E1351.42454
G1 X34.819 Y2.218 Z5.395 E1352.26641
G1 X34.965 Y3.732 Z5.401 E1352.9817
G1 X34.628 Y5.165 Z5.408 E1353.67398
G1 X33.803 Y6.667 Z5.416 E1354.47986
G1 X32.673 Y8.275 Z5.425 E1355.4041
G1 X31.592 Y10.083 Z5.434 E1356.39473
G1 X30.921 Y12.112 Z5.444 E1357.39973
G1 X30.686 Y14.195 Z5.453 E1358.38551
G1 X30.56 Y16.129 Z5.462 E1359.29694
G1 X30.226 Y17.763 Z5.469 E1360.08125
G1 X29.541 Y19.051 Z5.476 E1360.76729
G1 X28.418 Y20.116 Z5.483 E1361.49512
G1 X26.859 Y21.073 Z5.491 E1362.35538
G1 X25.079 Y22.089 Z5.5 E1363.31922
;TIME_ELAPSED:193.837599
;LAYER:5
;TYPE:WALL-OUTER
;MESH:two-component-v5.stl
G1 X23.404 Y23.404 Z5.51 E1364.32067
G1 X22.089 Y25.079 Z5.519 E1365.32211
G1 X21.073 Y26.859 Z5.528 E1366.28595
G1 X20.116 Y28.418 Z5.536 E1367.14621
G1 X19.051 Y29.541 Z5.543 E1367.87404
G1 X17.763 Y30.226 Z5.55 E1368.56008
G1 X16.129 Y30.56 Z5.557 E1369.34439
G1 X14.195 Y30.686 Z5.566 E1370.25582
G1 X12.112 Y30.921 Z5.576 E1371.2416
G1 X10.083 Y31.592 Z5.585 E1372.2466
G1 X8.275 Y32.673 Z5.595 E1373.23723
G1 X6.667 Y33.803 Z5.603 E1374.16147
G1 X5.165 Y34.628 Z5.611 E1374.96735
G1 X3.732 Y34.965 Z5.618 E1375.65963
G1 X2.218 Y34.819 Z5.624 E1376.37492
G1 X0.523 Y34.243 Z5.632 E1377.21679
G1 X-1.35 Y33.48 Z5.642 E1378.16789
G1 X-3.402 Y32.93 Z5.651 E1379.16694
G1 X-5.535 Y32.876 Z5.661 E1380.17034
G1 X-7.573 Y33.173 Z5.67 E1381.13887
G1 X-9.433 Y33.431 Z5.678 E1382.02195
G1 X-11.015 Y33.358 Z5.685 E1382.7667
G1 X-12.373 Y32.845 Z5.692 E1383.44938
G1 X-13.651 Y31.847 Z5.699 E1384.21192
G1 X-14.948 Y30.447 Z5.708 E1385.10941
G1 X-16.394 Y28.949 Z5.717 E1386.08853
G1 X-18.14 Y27.719 Z5.727 E1387.09291
G1 X-20.103 Y26.927 Z5.736 E1388.08835
G1 X-22.022 Y26.367 Z5.745 E1389.02843
G1 X-23.654 Y25.736 Z5.753 E1389.85128
G1 X-24.868 Y24.868 Z5.76 E1390.5531
G1 X-25.736 Y23.654 Z5.766 E1391.25493
G1 X-26.367 Y22.022 Z5.774 E1392.07777
G1 X-26.927 Y20.103 Z5.783 E1393.01786
G1 X-27.719 Y18.14 Z5.793 E1394.0133
G1 X-28.949 Y16.394 Z5.802 E1395.01768
G1 X-30.447 Y14.948 Z5.811 E1395.9968
G1 X-31.847 Y13.651 Z5.82 E1396.89428
G1 X-32.845 Y12.373 Z5.827 E1397.65683
G1 X-33.358 Y11.015 Z5.834 E1398.3395
G1 X-33.431 Y9.433 Z5.841 E1399.08426
G1 X-33.174 Y7.573 Z5.849 E1399.96727
G1 X-32.876 Y5.535 Z5.858 E1400.93587
G1 X-32.93 Y3.402 Z5.868 E1401.93927
G1 X-33.48 Y1.35 Z5.878 E1402.93833
G1 X-34.243 Y-.523 Z5.887 E1403.88942
G1 X-34.819 Y-2.218 Z5.895 E1404.73129
G1 X-34.965 Y-3.732 Z5.901 E1405.44658
G1 X-34.628 Y-5.165 Z5.908 E1406.13886
G1 X-33.803 Y-6.667 Z5.916 E1406.94474
G1 X-32.673 Y-8.275 Z5.925 E1407.86898
G1 X-31.592 Y-10.083 Z5.934 E1408.85961
G1 X-30.921 Y-12.112 Z5.944 E1409.86461
G1 X-30.686 Y-14.195 Z5.953 E1410.85039
G1 X-30.56 Y-16.129 Z5.962 E1411.76182
G1 X-30.226 Y-17.763 Z5.969 E1412.54613
G1 X-29.541 Y-19.051 Z5.976 E1413.23217
G1 X-28.418 Y-20.116 Z5.983 E1413.96
G1 X-26.859 Y-21.073 Z5.991 E1414.82026
G1 X-25.079 Y-22.089 Z6 E1415.7841
G1 X-23.404 Y-23.404 Z6.01 E1416.78555
G1 X-22.089 Y-25.079 Z6.019 E1417.78699
G1 X-21.073 Y-26.859 Z6.028 E1418.75083
G1 X-20.116 Y-28.418 Z6.036 E1419.61109
G1 X-19.051 Y-29.541 Z6.043 E1420.33892
G1 X-17.763 Y-30.226 Z6.05 E1421.02496
G1 X-16.129 Y-30.56 Z6.057 E1421.80927
G1 X-14.195 Y-30.686 Z6.066 E1422.7207
G1 X-12.112 Y-30.921 Z6.076 E1423.70648
G1 X-10.083 Y-31.592 Z6.085 E1424.71148
G1 X-8.275 Y-32.673 Z6.095 E1425.70211
G1 X-6.667 Y-33.803 Z6.103 E1426.62635
G1 X-5.165 Y-34.628 Z6.111 E1427.43223
G1 X-3.732 Y-34.965 Z6.118 E1428.12451
G1 X-2.218 Y-34.819 Z6.124 E1428.8398
G1 X-.523 Y-34.243 Z6.132 E1429.68167
G1 X1.35 Y-33.48 Z6.142 E1430.63277
G1 X3.402 Y-32.93 Z6.151 E1431.63182
G1 X5.535 Y-32.876 Z6.161 E1432.63522
G1 X7.573 Y-33.173 Z6.17 E1433.60375
G1 X9.433 Y-33.431 Z6.178 E1434.48683
G1 X11.015 Y-33.358 Z6.185 E1435.23158
G1 X12.373 Y-32.845 Z6.192 E1435.91426
G1 X13.651 Y-31.847 Z6.199 E1436.6768
G1 X14.948 Y-30.447 Z6.208 E1437.57429
G1 X16.394 Y-28.949 Z6.217 E1438.55341
G1 X18.14 Y-27.719 Z6.227 E1439.55779
G1 X20.103 Y-26.927 Z6.236 E1440.55323
G1 X22.022 Y-26.367 Z6.245 E1441.49331
G1 X23.654 Y-25.736 Z6.253 E1442.31616
G1 X24.868 Y-24.868 Z6.26 E1443.01798
G1 X25.736 Y-23.654 Z6.266 E1443.7198
G1 X26.367 Y-22.022 Z6.274 E1444.54265
G1 X26.927 Y-20.103 Z6.283 E1445.48274
G1 X27.719 Y-18.14 Z6.293 E1446.47818
G1 X28.949 Y-16.394 Z6.302 E1447.48255
G1 X30.447 Y-14.948 Z6.311 E1448.46168
G1 X31.847 Y-13.651 Z6.32 E1449.35916
G1 X32.845 Y-12.373 Z6.327 E1450.12171
G1 X33.358 Y-11.015 Z6.334 E1450.80438
G1 X33.431 Y-9.433 Z6.341 E1451.54914
G1 X33.174 Y-7.573 Z6.349 E1452.43215
G1 X32.876 Y-5.535 Z6.358 E1453.40075
G1 X32.93 Y-3.402 Z6.368 E1454.40415
G1 X33.48 Y-1.35 Z6.378 E1455.4032
G1 X34.243 Y0.523 Z6.387 E1456.3543
G1 X34.819 Y2.218 Z6.395 E1457.19617
G1 X34.965 Y3.732 Z6.401 E1457.91146
G1 X34.628 Y5.165 Z6.408 E1458.60374
G1 X33.803 Y6.667 Z6.416 E1459.40962
G1 X32.673 Y8.275 Z6.425 E1460.33386
G1 X31.592 Y10.083 Z6.434 E1461.32449
G1 X30.921 Y12.112 Z6.444 E1462.32949
G1 X30.686 Y14.195 Z6.453 E1463.31527
G1 X30.56 Y16.129 Z6.462 E1464.2267
G1 X30.226 Y17.763 Z6.469 E1465.01101
G1 X29.541 Y19.051 Z6.476 E1465.69705
G1 X28.418 Y20.116 Z6.483 E1466.42488
G1 X26.859 Y21.073 Z6.491 E1467.28514
G1 X25.079 Y22.089 Z6.5 E1468.24898
;TIME_ELAPSED:199.425219
;LAYER:6
;TYPE:WALL-OUTER
;MESH:two-component-v5.stl
G1 X23.404 Y23.404 Z6.51 E1469.25042
G1 X22.089 Y25.079 Z6.519 E1470.25187
G1 X21.073 Y26.859 Z6.528 E1471.21571
G1 X20.116 Y28.418 Z6.536 E1472.07597
G1 X19.051 Y29.541 Z6.543 E1472.8038
G1 X17.763 Y30.226 Z6.55 E1473.48984
G1 X16.129 Y30.56 Z6.557 E1474.27415
G1 X14.195 Y30.686 Z6.566 E1475.18558
G1 X12.112 Y30.921 Z6.576 E1476.17136
G1 X10.083 Y31.592 Z6.585 E1477.17636
G1 X8.275 Y32.673 Z6.595 E1478.16699
G1 X6.667 Y33.803 Z6.603 E1479.09123
G1 X5.165 Y34.628 Z6.611 E1479.89711
G1 X3.732 Y34.965 Z6.618 E1480.58939
G1 X2.218 Y34.819 Z6.624 E1481.30468
G1 X0.523 Y34.243 Z6.632 E1482.14655
G1 X-1.35 Y33.48 Z6.642 E1483.09764
G1 X-3.402 Y32.93 Z6.651 E1484.0967
G1 X-5.535 Y32.876 Z6.661 E1485.1001
G1 X-7.573 Y33.173 Z6.67 E1486.06863
G1 X-9.433 Y33.431 Z6.678 E1486.95171
G1 X-11.015 Y33.358 Z6.685 E1487.69646
G1 X-12.373 Y32.845 Z6.692 E1488.37914
G1 X-13.651 Y31.847 Z6.699 E1489.14168
G1 X-14.948 Y30.447 Z6.708 E1490.03917
G1 X-16.394 Y28.949 Z6.717 E1491.01829
G1 X-18.14 Y27.719 Z6.727 E1492.02267
G1 X-20.103 Y26.927 Z6.736 E1493.01811
G1 X-22.022 Y26.367 Z6.745 E1493.95819
G1 X-23.654 Y25.736 Z6.753 E1494.78104
G1 X-24.868 Y24.868 Z6.76 E1495.48286
G1 X-25.736 Y23.654 Z6.766 E1496.18468
G1 X-26.367 Y22.022 Z6.774 E1497.00753
G1 X-26.927 Y20.103 Z6.783 E1497.94762
G1 X-27.719 Y18.14 Z6.793 E1498.94306
G1 X-28.949 Y16.394 Z6.802 E1499.94743
G1 X-30.447 Y14.948 Z6.811 E1500.92655
G1 X-31.847 Y13.651 Z6.82 E1501.82404
G1 X-32.845 Y12.373 Z6.827 E1502.58659
G1 X-33.358 Y11.015 Z6.834 E1503.26926
G1 X-33.431 Y9.433 Z6.841 E1504.01402
G1 X-33.174 Y7.573 Z6.849 E1504.89703
G1 X-32.876 Y5.535 Z6.858 E1505.86562
G1 X-32.93 Y3.402 Z6.868 E1506.86903
G1 X-33.48 Y1.35 Z6.878 E1507.86808
G1 X-34.243 Y-.523 Z6.887 E1508.81918
G1 X-34.819 Y-2.218 Z6.895 E1509.66105
G1 X-34.965 Y-3.732 Z6.901 E1510.37634
G1 X-34.628 Y-5.165 Z6.908 E1511.06862
G1 X-33.803 Y-6.667 Z6.916 E1511.8745
G1 X-32.673 Y-8.275 Z6.925 E1512.79874
G1 X-31.592 Y-10.083 Z6.934 E1513.78937
G1 X-30.921 Y-12.112 Z6.944 E1514.79437
G1 X-30.686 Y-14.195 Z6.953 E1515.78015
G1 X-30.56 Y-16.129 Z6.962 E1516.69158
G1 X-30.226 Y-17.763 Z6.969 E1517.47589
G1 X-29.541 Y-19.051 Z6.976 E1518.16193
G1 X-28.418 Y-20.116 Z6.983 E1518.88976
G1 X-26.859 Y-21.073 Z6.991 E1519.75002
G1 X-25.079 Y-22.089 Z7 E1520.71386
G1 X-23.404 Y-23.404 Z7.01 E1521.7153
G1 X-22.089 Y-25.079 Z7.019 E1522.71675
G1 X-21.073 Y-26.859 Z7.028 E1523.68059
G1 X-20.116 Y-28.418 Z7.036 E1524.54085
G1 X-19.051 Y-29.541 Z7.043 E1525.26868
G1 X-17.763 Y-30.226 Z7.05 E1525.95472
G1 X-16.129 Y-30.56 Z7.057 E1526.73903
G1 X-14.195 Y-30.686 Z7.066 E1527.65046
G1 X-12.112 Y-30.921 Z7.076 E1528.63624
G1 X-10.083 Y-31.592 Z7.085 E1529.64124
G1 X-8.275 Y-32.673 Z7.095 E1530.63187
G1 X-6.667 Y-33.803 Z7.103 E1531.55611
G1 X-5.165 Y-34.628 Z7.111 E1532.36199
G1 X-3.732 Y-34.965 Z7.118 E1533.05427
G1 X-2.218 Y-34.819 Z7.124 E1533.76955
G1 X-.523 Y-34.243 Z7.132 E1534.61143
G1 X1.35 Y-33.48 Z7.142 E1535.56252
G1 X3.402 Y-32.93 Z7.151 E1536.56158
G1 X5.535 Y-32.876 Z7.161 E1537.56498
G1 X7.573 Y-33.173 Z7.17 E1538.53351
G1 X9.433 Y-33.431 Z7.178 E1539.41659
G1 X11.015 Y-33.358 Z7.185 E1540.16134
G1 X12.373 Y-32.845 Z7.192 E1540.84402
G1 X13.651 Y-31.847 Z7.199 E1541.60656
G1 X14.948 Y-30.447 Z7.208 E1542.50405
G1 X16.394 Y-28.949 Z7.217 E1543.48317
G1 X18.14 Y-27.719 Z7.227 E1544.48754
G1 X20.103 Y-26.927 Z7.236 E1545.48298
G1 X22.022 Y-26.367 Z7.245 E1546.42307
G1 X23.654 Y-25.736 Z7.253 E1547.24592
G1 X24.868 Y-24.868 Z7.26 E1547.94774
G1 X25.736 Y-23.654 Z7.266 E1548.64956
G1 X26.367 Y-22.022 Z7.274 E1549.47241
G1 X26.927 Y-20.103 Z7.283 E1550.4125
G1 X27.719 Y-18.14 Z7.293 E1551.40794
G1 X28.949 Y-16.394 Z7.302 E1552.41231
G1 X30.447 Y-14.948 Z7.311 E1553.39143
G1 X31.847 Y-13.651 Z7.32 E1554.28892
G1 X32.845 Y-12.373 Z7.327 E1555.05147
G1 X33.358 Y-11.015 Z7.334 E1555.73414
G1 X33.431 Y-9.433 Z7.341 E1556.4789
G1 X33.174 Y-7.573 Z7.349 E1557.36191
G1 X32.876 Y-5.535 Z7.358 E1558.3305
G1 X32.93 Y-3.402 Z7.368 E1559.33391
G1 X33.48 Y-1.35 Z7.378 E1560.33296
G1 X34.243 Y0.523 Z7.387 E1561.28406
G1 X34.819 Y2.218 Z7.395 E1562.12593
G1 X34.965 Y3.732 Z7.401 E1562.84122
G1 X34.628 Y5.165 Z7.408 E1563.5335
G1 X33.803 Y6.667 Z7.416 E1564.33938
G1 X32.673 Y8.275 Z7.425 E1565.26362
G1 X31.592 Y10.083 Z7.434 E1566.25425
G1 X30.921 Y12.112 Z7.444 E1567.25925
G1 X30.686 Y14.195 Z7.453 E1568.24503
G92 E0
G1 X30.56 Y16.129 Z7.462 E0.91143
G1 X30.226 Y17.763 Z7.469 E1.69574
G1 X29.541 Y19.051 Z7.476 E2.38178
G1 X28.418 Y20.116 Z7.483 E3.10961
G1 X26.859 Y21.073 Z7.491 E3.96987
G1 X25.079 Y22.089 Z7.5 E4.93371
;TIME_ELAPSED:205.026834
;LAYER:7
;TYPE:WALL-OUTER
;MESH:two-component-v5.stl
G1 X23.404 Y23.404 Z7.51 E5.93515
G1 X22.089 Y25.079 Z7.519 E6.9366
G1 X21.073 Y26.859 Z7.528 E7.90044
G1 X20.116 Y28.418 Z7.536 E8.7607
G1 X19.051 Y29.541 Z7.543 E9.48853
G1 X17.763 Y30.226 Z7.55 E10.17457
G1 X16.129 Y30.56 Z7.557 E10.95888
G1 X14.195 Y30.686 Z7.566 E11.87031
G1 X12.112 Y30.921 Z7.576 E12.85609
G1 X10.083 Y31.592 Z7.585 E13.86109
G1 X8.275 Y32.673 Z7.595 E14.85172
G1 X6.667 Y33.803 Z7.603 E15.77596
G1 X5.165 Y34.628 Z7.611 E16.58184
G1 X3.732 Y34.965 Z7.618 E17.27412
G1 X2.218 Y34.819 Z7.624 E17.9894
G1 X0.523 Y34.243 Z7.632 E18.83128
G1 X-1.35 Y33.48 Z7.642 E19.78237
G1 X-3.402 Y32.93 Z7.651 E20.78143
G1 X-5.535 Y32.876 Z7.661 E21.78483
G1 X-7.573 Y33.173 Z7.67 E22.75336
G1 X-9.433 Y33.431 Z7.678 E23.63644
G1 X-11.015 Y33.358 Z7.685 E24.38119
G1 X-12.373 Y32.845 Z7.692 E25.06387
G1 X-13.651 Y31.847 Z7.699 E25.82641
G1 X-14.948 Y30.447 Z7.708 E26.7239
G1 X-16.394 Y28.949 Z7.717 E27.70302
G1 X-18.14 Y27.719 Z7.727 E28.70739
G1 X-20.103 Y26.927 Z7.736 E29.70283
G1 X-22.022 Y26.367 Z7.745 E30.64292
G1 X-23.654 Y25.736 Z7.753 E31.46577
G1 X-24.868 Y24.868 Z7.76 E32.16759
G1 X-25.736 Y23.654 Z7.766 E32.86941
G1 X-26.367 Y22.022 Z7.774 E33.69226
G1 X-26.927 Y20.103 Z7.783 E34.63235
G1 X-27.719 Y18.14 Z7.793 E35.62779
G1 X-28.949 Y16.394 Z7.802 E36.63216
G1 X-30.447 Y14.948 Z7.811 E37.61128
G1 X-31.847 Y13.651 Z7.82 E38.50877
G1 X-32.845 Y12.373 Z7.827 E39.27132
G1 X-33.358 Y11.015 Z7.834 E39.95399
G1 X-33.431 Y9.433 Z7.841 E40.69875
G1 X-33.174 Y7.573 Z7.849 E41.58176
G1 X-32.876 Y5.535 Z7.858 E42.55035
G1 X-32.93 Y3.402 Z7.868 E43.55376
G1 X-33.48 Y1.35 Z7.878 E44.55281
G1 X-34.243 Y-.523 Z7.887 E45.50391
G1 X-34.819 Y-2.218 Z7.895 E46.34578
G1 X-34.965 Y-3.732 Z7.901 E47.06107
G1 X-34.628 Y-5.165 Z7.908 E47.75335
G1 X-33.803 Y-6.667 Z7.916 E48.55923
G1 X-32.673 Y-8.275 Z7.925 E49.48347
G1 X-31.592 Y-10.083 Z7.934 E50.4741
G1 X-30.921 Y-12.112 Z7.944 E51.4791
G1 X-30.686 Y-14.195 Z7.953 E52.46488
G1 X-30.56 Y-16.129 Z7.962 E53.37631
G1 X-30.226 Y-17.763 Z7.969 E54.16061
G1 X-29.541 Y-19.051 Z7.976 E54.84665
G1 X-28.418 Y-20.116 Z7.983 E55.57449
G1 X-26.859 Y-21.073 Z7.991 E56.43475
G1 X-25.079 Y-22.089 Z8 E57.39859
G1 X-23.404 Y-23.404 Z8.01 E58.40003
G1 X-22.089 Y-25.079 Z8.019 E59.40148
G1 X-21.073 Y-26.859 Z8.028 E60.36532
G1 X-20.116 Y-28.418 Z8.036 E61.22558
G1 X-19.051 Y-29.541 Z8.043 E61.95341
G1 X-17.763 Y-30.226 Z8.05 E62.63945
G1 X-16.129 Y-30.56 Z8.057 E63.42376
G1 X-14.195 Y-30.686 Z8.066 E64.33518
G1 X-12.112 Y-30.921 Z8.076 E65.32097
G1 X-10.083 Y-31.592 Z8.085 E66.32597
G1 X-8.275 Y-32.673 Z8.095 E67.3166
G1 X-6.667 Y-33.803 Z8.103 E68.24083
G1 X-5.165 Y-34.628 Z8.111 E69.04672
G1 X-3.732 Y-34.965 Z8.118 E69.739
G1 X-2.218 Y-34.819 Z8.124 E70.45428
G1 X-.523 Y-34.243 Z8.132 E71.29616
G1 X1.35 Y-33.48 Z8.142 E72.24725
G1 X3.402 Y-32.93 Z8.151 E73.2463
G1 X5.535 Y-32.876 Z8.161 E74.24971
G1 X7.573 Y-33.173 Z8.17 E75.21824
G1 X9.433 Y-33.431 Z8.178 E76.10131
G1 X11.015 Y-33.358 Z8.185 E76.84607
G1 X12.373 Y-32.845 Z8.192 E77.52874
G1 X13.651 Y-31.847 Z8.199 E78.29129
G1 X14.948 Y-30.447 Z8.208 E79.18878
G1 X16.394 Y-28.949 Z8.217 E80.1679
G1 X18.14 Y-27.719 Z8.227 E81.17227
G1 X20.103 Y-26.927 Z8.236 E82.16771
G1 X22.022 Y-26.367 Z8.245 E83.1078
G1 X23.654 Y-25.736 Z8.253 E83.93065
G1 X24.868 Y-24.868 Z8.26 E84.63247
G1 X25.736 Y-23.654 Z8.266 E85.33429
G1 X26.367 Y-22.022 Z8.274 E86.15714
G1 X26.927 Y-20.103 Z8.283 E87.09723
G1 X27.719 Y-18.14 Z8.293 E88.09267
G1 X28.949 Y-16.394 Z8.302 E89.09704
G1 X30.447 Y-14.948 Z8.311 E90.07616
G1 X31.847 Y-13.651 Z8.32 E90.97365
G1 X32.845 Y-12.373 Z8.327 E91.7362
G1 X33.358 Y-11.015 Z8.334 E92.41887
G1 X33.431 Y-9.433 Z8.341 E93.16363
G1 X33.174 Y-7.573 Z8.349 E94.04663
G1 X32.876 Y-5.535 Z8.358 E95.01523
G1 X32.93 Y-3.402 Z8.368 E96.01864
G1 X33.48 Y-1.35 Z8.378 E97.01769
G1 X34.243 Y0.523 Z8.387 E97.96879
G1 X34.819 Y2.218 Z8.395 E98.81066
G1 X34.965 Y3.732 Z8.401 E99.52595
G1 X34.628 Y5.165 Z8.408 E100.21823
G1 X33.803 Y6.667 Z8.416 E101.02411
G1 X32.673 Y8.275 Z8.425 E101.94835
G1 X31.592 Y10.083 Z8.434 E102.93898
G1 X30.921 Y12.112 Z8.444 E103.94398
G1 X30.686 Y14.195 Z8.453 E104.92976
G1 X30.56 Y16.129 Z8.462 E105.84119
G1 X30.226 Y17.763 Z8.469 E106.62549
G1 X29.541 Y19.051 Z8.476 E107.31153
G1 X28.418 Y20.116 Z8.483 E108.03937
G1 X26.859 Y21.073 Z8.491 E108.89963
G1 X25.079 Y22.089 Z8.5 E109.86347
;TIME_ELAPSED:210.614454
;LAYER:8
;TYPE:WALL-OUTER
;MESH:two-component-v5.stl
G1 X23.404 Y23.404 Z8.51 E110.86491
G1 X22.089 Y25.079 Z8.519 E111.86636
G1 X21.073 Y26.859 Z8.528 E112.8302
G1 X20.116 Y28.418 Z8.536 E113.69046
G1 X19.051 Y29.541 Z8.543 E114.41829
G1 X17.763 Y30.226 Z8.55 E115.10433
G1 X16.129 Y30.56 Z8.557 E115.88864
G1 X14.195 Y30.686 Z8.566 E116.80006
G1 X12.112 Y30.921 Z8.576 E117.78585
G1 X10.083 Y31.592 Z8.585 E118.79085
G1 X8.275 Y32.673 Z8.595 E119.78148
G1 X6.667 Y33.803 Z8.603 E120.70571
G1 X5.165 Y34.628 Z8.611 E121.5116
G1 X3.732 Y34.965 Z8.618 E122.20388
G1 X2.218 Y34.819 Z8.624 E122.91916
G1 X0.523 Y34.243 Z8.632 E123.76104
G1 X-1.35 Y33.48 Z8.642 E124.71213
G1 X-3.402 Y32.93 Z8.651 E125.71118
G1 X-5.535 Y32.876 Z8.661 E126.71459
G1 X-7.573 Y33.173 Z8.67 E127.68312
G1 X-9.433 Y33.431 Z8.678 E128.56619
G1 X-11.015 Y33.358 Z8.685 E129.31095
G1 X-12.373 Y32.845 Z8.692 E129.99362
G1 X-13.651 Y31.847 Z8.699 E130.75617
G1 X-14.948 Y30.447 Z8.708 E131.65366
G1 X-16.394 Y28.949 Z8.717 E132.63278
G1 X-18.14 Y27.719 Z8.727 E133.63715
G1 X-20.103 Y26.927 Z8.736 E134.63259
G1 X-22.022 Y26.367 Z8.745 E135.57268
G1 X-23.654 Y25.736 Z8.753 E136.39553
G1 X-24.868 Y24.868 Z8.76 E137.09735
G1 X-25.736 Y23.654 Z8.766 E137.79917
G1 X-26.367 Y22.022 Z8.774 E138.62202
G1 X-26.927 Y20.103 Z8.783 E139.56211
G1 X-27.719 Y18.14 Z8.793 E140.55755
G1 X-28.949 Y16.394 Z8.802 E141.56192
G1 X-30.447 Y14.948 Z8.811 E142.54104
G1 X-31.847 Y13.651 Z8.82 E143.43853
G1 X-32.845 Y12.373 Z8.827 E144.20107
G1 X-33.358 Y11.015 Z8.834 E144.88375
G1 X-33.431 Y9.433 Z8.841 E145.6285
G1 X-33.174 Y7.573 Z8.849 E146.51151
G1 X-32.876 Y5.535 Z8.858 E147.48011
G1 X-32.93 Y3.402 Z8.868 E148.48352
G1 X-33.48 Y1.35 Z8.878 E149.48257
G1 X-34.243 Y-.523 Z8.887 E150.43367
G1 X-34.819 Y-2.218 Z8.895 E151.27554
G1 X-34.965 Y-3.732 Z8.901 E151.99083
G1 X-34.628 Y-5.165 Z8.908 E152.68311
G1 X-33.803 Y-6.667 Z8.916 E153.48899
G1 X-32.673 Y-8.275 Z8.925 E154.41323
G1 X-31.592 Y-10.083 Z8.934 E155.40386
G1 X-30.921 Y-12.112 Z8.944 E156.40885
G1 X-30.686 Y-14.195 Z8.953 E157.39464
G1 X-30.56 Y-16.129 Z8.962 E158.30607
G1 X-30.226 Y-17.763 Z8.969 E159.09037
G1 X-29.541 Y-19.051 Z8.976 E159.77641
G1 X-28.418 Y-20.116 Z8.983 E160.50424
G1 X-26.859 Y-21.073 Z8.991 E161.36451
G1 X-25.079 Y-22.089 Z9 E162.32834
G1 X-23.404 Y-23.404 Z9.01 E163.32979
G1 X-22.089 Y-25.079 Z9.019 E164.33124
G1 X-21.073 Y-26.859 Z9.028 E165.29508
G1 X-20.116 Y-28.418 Z9.036 E166.15534
G1 X-19.051 Y-29.541 Z9.043 E166.88317
G1 X-17.763 Y-30.226 Z9.05 E167.56921
G1 X-16.129 Y-30.56 Z9.057 E168.35351
G1 X-14.195 Y-30.686 Z9.066 E169.26494
G1 X-12.112 Y-30.921 Z9.076 E170.25073
G1 X-10.083 Y-31.592 Z9.085 E171.25573
G1 X-8.275 Y-32.673 Z9.095 E172.24636
G1 X-6.667 Y-33.803 Z9.103 E173.17059
G1 X-5.165 Y-34.628 Z9.111 E173.97647
G1 X-3.732 Y-34.965 Z9.118 E174.66875
G1 X-2.218 Y-34.819 Z9.124 E175.38404
G1 X-.523 Y-34.243 Z9.132 E176.22592
G1 X1.35 Y-33.48 Z9.142 E177.17701
G1 X3.402 Y-32.93 Z9.151 E178.17606
G1 X5.535 Y-32.876 Z9.161 E179.17947
G1 X7.573 Y-33.173 Z9.17 E180.148
G1 X9.433 Y-33.431 Z9.178 E181.03107
G1 X11.015 Y-33.358 Z9.185 E181.77583
G1 X12.373 Y-32.845 Z9.192 E182.4585
G1 X13.651 Y-31.847 Z9.199 E183.22105
G1 X14.948 Y-30.447 Z9.208 E184.11854
G1 X16.394 Y-28.949 Z9.217 E185.09766
G1 X18.14 Y-27.719 Z9.227 E186.10203
G1 X20.103 Y-26.927 Z9.236 E187.09747
G1 X22.022 Y-26.367 Z9.245 E188.03756
G1 X23.654 Y-25.736 Z9.253 E188.86041
G1 X24.868 Y-24.868 Z9.26 E189.56223
G1 X25.736 Y-23.654 Z9.266 E190.26405
G1 X26.367 Y-22.022 Z9.274 E191.0869
G1 X26.927 Y-20.103 Z9.283 E192.02698
G1 X27.719 Y-18.14 Z9.293 E193.02243
G1 X28.949 Y-16.394 Z9.302 E194.0268
G1 X30.447 Y-14.948 Z9.311 E195.00592
G1 X31.847 Y-13.651 Z9.32 E195.90341
G1 X32.845 Y-12.373 Z9.327 E196.66595
G1 X33.358 Y-11.015 Z9.334 E197.34863
G1 X33.431 Y-9.433 Z9.341 E198.09338
G1 X33.174 Y-7.573 Z9.349 E198.97639
G1 X32.876 Y-5.535 Z9.358 E199.94499
G1 X32.93 Y-3.402 Z9.368 E200.9484
G1 X33.48 Y-1.35 Z9.378 E201.94745
G1 X34.243 Y0.523 Z9.387 E202.89854
G1 X34.819 Y2.218 Z9.395 E203.74042
G1 X34.965 Y3.732 Z9.401 E204.45571
G1 X34.628 Y5.165 Z9.408 E205.14799
G1 X33.803 Y6.667 Z9.416 E205.95387
G1 X32.673 Y8.275 Z9.425 E206.87811
G1 X31.592 Y10.083 Z9.434 E207.86873
G1 X30.921 Y12.112 Z9.444 E208.87373
G1 X30.686 Y14.195 Z9.453 E209.85952
G1 X30.56 Y16.129 Z9.462 E210.77095
G1 X30.226 Y17.763 Z9.469 E211.55525
G1 X29.541 Y19.051 Z9.476 E212.24129
G1 X28.418 Y20.116 Z9.483 E212.96912
G1 X26.859 Y21.073 Z9.491 E213.82939
G1 X25.079 Y22.089 Z9.5 E214.79322
;TIME_ELAPSED:216.202074
;LAYER:9
;TYPE:WALL-OUTER
;MESH:two-component-v5.stl
G1 X23.404 Y23.404 Z9.51 E215.79467
G1 X22.089 Y25.079 Z9.519 E216.79612
G1 X21.073 Y26.859 Z9.528 E217.75995
G1 X20.116 Y28.418 Z9.536 E218.62022
G1 X19.051 Y29.541 Z9.543 E219.34805
G1 X17.763 Y30.226 Z9.55 E220.03409
G1 X16.129 Y30.56 Z9.557 E220.81839
G1 X14.195 Y30.686 Z9.566 E221.72982
G1 X12.112 Y30.921 Z9.576 E222.71561
G1 X10.083 Y31.592 Z9.585 E223.7206
G1 X8.275 Y32.673 Z9.595 E224.71124
G1 X6.667 Y33.803 Z9.603 E225.63547
G1 X5.165 Y34.628 Z9.611 E226.44135
G1 X3.732 Y34.965 Z9.618 E227.13363
G1 X2.218 Y34.819 Z9.624 E227.84892
G1 X0.523 Y34.243 Z9.632 E228.69079
G1 X-1.35 Y33.48 Z9.642 E229.64189
G1 X-3.402 Y32.93 Z9.651 E230.64094
G1 X-5.535 Y32.876 Z9.661 E231.64435
G1 X-7.573 Y33.173 Z9.67 E232.61288
G1 X-9.433 Y33.431 Z9.678 E233.49595
G1 X-11.015 Y33.358 Z9.685 E234.24071
G1 X-12.373 Y32.845 Z9.692 E234.92338
G1 X-13.651 Y31.847 Z9.699 E235.68593
G1 X-14.948 Y30.447 Z9.708 E236.58341
G1 X-16.394 Y28.949 Z9.717 E237.56254
G1 X-18.14 Y27.719 Z9.727 E238.56691
G1 X-20.103 Y26.927 Z9.736 E239.56235
G1 X-22.022 Y26.367 Z9.745 E240.50244
G1 X-23.654 Y25.736 Z9.753 E241.32529
G1 X-24.868 Y24.868 Z9.76 E242.02711
G1 X-25.736 Y23.654 Z9.766 E242.72893
G1 X-26.367 Y22.022 Z9.774 E243.55178
G1 X-26.927 Y20.103 Z9.783 E244.49186
G1 X-27.719 Y18.14 Z9.793 E245.48731
G1 X-28.949 Y16.394 Z9.802 E246.49168
G1 X-30.447 Y14.948 Z9.811 E247.4708
G1 X-31.847 Y13.651 Z9.82 E248.36829
G1 X-32.845 Y12.373 Z9.827 E249.13083
G1 X-33.358 Y11.015 Z9.834 E249.81351
G1 X-33.431 Y9.433 Z9.841 E250.55826
G1 X-33.174 Y7.573 Z9.849 E251.44127
G1 X-32.876 Y5.535 Z9.858 E252.40987
G1 X-32.93 Y3.402 Z9.868 E253.41328
G1 X-33.48 Y1.35 Z9.878 E254.41233
G1 X-34.243 Y-.523 Z9.887 E255.36342
G1 X-34.819 Y-2.218 Z9.895 E256.2053
G1 X-34.965 Y-3.732 Z9.901 E256.92059
G1 X-34.628 Y-5.165 Z9.908 E257.61287
G1 X-33.803 Y-6.667 Z9.916 E258.41875
G1 X-32.673 Y-8.275 Z9.925 E259.34298
G1 X-31.592 Y-10.083 Z9.934 E260.33361
G1 X-30.921 Y-12.112 Z9.944 E261.33861
G1 X-30.686 Y-14.195 Z9.953 E262.3244
G1 X-30.56 Y-16.129 Z9.962 E263.23582
G1 X-30.226 Y-17.763 Z9.969 E264.02013
G1 X-29.541 Y-19.051 Z9.976 E264.70617
G1 X-28.418 Y-20.116 Z9.983 E265.434
G1 X-26.859 Y-21.073 Z9.991 E266.29426
G1 X-25.079 Y-22.089 Z10 E267.2581
G1 X-23.404 Y-23.404 Z10.01 E268.25955
G1 X-22.089 Y-25.079 Z10.019 E269.26099
G1 X-21.073 Y-26.859 Z10.028 E270.22483
G1 X-20.116 Y-28.418 Z10.036 E271.08509
G1 X-19.051 Y-29.541 Z10.043 E271.81293
G1 X-17.763 Y-30.226 Z10.05 E272.49897
G1 X-16.129 Y-30.56 Z10.057 E273.28327
G1 X-14.195 Y-30.686 Z10.066 E274.1947
G1 X-12.112 Y-30.921 Z10.076 E275.18049
G1 X-10.083 Y-31.592 Z10.085 E276.18548
G1 X-8.275 Y-32.673 Z10.095 E277.17612
G1 X-6.667 Y-33.803 Z10.103 E278.10035
G1 X-5.165 Y-34.628 Z10.111 E278.90623
G1 X-3.732 Y-34.965 Z10.118 E279.59851
G1 X-2.218 Y-34.819 Z10.124 E280.3138
G1 X-.523 Y-34.243 Z10.132 E281.15567
G1 X1.35 Y-33.48 Z10.142 E282.10677
G1 X3.402 Y-32.93 Z10.151 E283.10582
G1 X5.535 Y-32.876 Z10.161 E284.10923
G1 X7.573 Y-33.173 Z10.17 E285.07776
G1 X9.433 Y-33.431 Z10.178 E285.96083
G1 X11.015 Y-33.358 Z10.185 E286.70559
G1 X12.373 Y-32.845 Z10.192 E287.38826
G1 X13.651 Y-31.847 Z10.199 E288.15081
G1 X14.948 Y-30.447 Z10.208 E289.04829
G1 X16.394 Y-28.949 Z10.217 E290.02741
G1 X18.14 Y-27.719 Z10.227 E291.03179
G1 X20.103 Y-26.927 Z10.236 E292.02723
G1 X22.022 Y-26.367 Z10.245 E292.96732
G1 X23.654 Y-25.736 Z10.253 E293.79016
G1 X24.868 Y-24.868 Z10.26 E294.49199
G1 X25.736 Y-23.654 Z10.266 E295.19381
G1 X26.367 Y-22.022 Z10.274 E296.01666
G1 X26.927 Y-20.103 Z10.283 E296.95674
G1 X27.719 Y-18.14 Z10.293 E297.95219
G1 X28.949 Y-16.394 Z10.302 E298.95656
G1 X30.447 Y-14.948 Z10.311 E299.93568
G1 X31.847 Y-13.651 Z10.32 E300.83317
G1 X32.845 Y-12.373 Z10.327 E301.59571
G1 X33.358 Y-11.015 Z10.334 E302.27839
G1 X33.431 Y-9.433 Z10.341 E303.02314
G1 X33.174 Y-7.573 Z10.349 E303.90615
G1 X32.876 Y-5.535 Z10.358 E304.87475
G1 X32.93 Y-3.402 Z10.368 E305.87816
G1 X33.48 Y-1.35 Z10.378 E306.87721
G1 X34.243 Y0.523 Z10.387 E307.8283
G1 X34.819 Y2.218 Z10.395 E308.67018
G1 X34.965 Y3.732 Z10.401 E309.38546
G1 X34.628 Y5.165 Z10.408 E310.07774
G1 X33.803 Y6.667 Z10.416 E310.88363
G1 X32.673 Y8.275 Z10.425 E311.80786
G1 X31.592 Y10.083 Z10.434 E312.79849
G1 X30.921 Y12.112 Z10.444 E313.80349
G1 X30.686 Y14.195 Z10.453 E314.78928
G1 X30.56 Y16.129 Z10.462 E315.7007
G1 X30.226 Y17.763 Z10.469 E316.48501
G1 X29.541 Y19.051 Z10.476 E317.17105
G1 X28.418 Y20.116 Z10.483 E317.89888
G1 X26.859 Y21.073 Z10.491 E318.75914
G1 X25.079 Y22.089 Z10.5 E319.72298
;TIME_ELAPSED:221.789694
;LAYER:10
;TYPE:WALL-OUTER
;MESH:two-component-v5.stl
G1 X23.404 Y23.404 Z10.51 E320.72443
G1 X22.089 Y25.079 Z10.519 E321.72587
G1 X21.073 Y26.859 Z10.528 E322.68971
G1 X20.116 Y28.418 Z10.536 E323.54997
G1 X19.051 Y29.541 Z10.543 E324.27781
G1 X17.763 Y30.226 Z10.55 E324.96385
G1 X16.129 Y30.56 Z10.557 E325.74815
G1 X14.195 Y30.686 Z10.566 E326.65958
G1 X12.112 Y30.921 Z10.576 E327.64537
G1 X10.083 Y31.592 Z10.585 E328.65036
G1 X8.275 Y32.673 Z10.595 E329.64099
G1 X6.667 Y33.803 Z10.603 E330.56523
G1 X5.165 Y34.628 Z10.611 E331.37111
G1 X3.732 Y34.965 Z10.618 E332.06339
G1 X2.218 Y34.819 Z10.624 E332.77868
G1 X0.523 Y34.243 Z10.632 E333.62055
G1 X-1.35 Y33.48 Z10.642 E334.57165
G1 X-3.402 Y32.93 Z10.651 E335.5707
G1 X-5.535 Y32.876 Z10.661 E336.57411
G1 X-7.573 Y33.173 Z10.67 E337.54264
G1 X-9.433 Y33.431 Z10.678 E338.42571
G1 X-11.015 Y33.358 Z10.685 E339.17047
G1 X-12.373 Y32.845 Z10.692 E339.85314
G1 X-13.651 Y31.847 Z10.699 E340.61568
G1 X-14.948 Y30.447 Z10.708 E341.51317
G1 X-16.394 Y28.949 Z10.717 E342.49229
G1 X-18.14 Y27.719 Z10.727 E343.49667
G1 X-20.103 Y26.927 Z10.736 E344.49211
G1 X-22.022 Y26.367 Z10.745 E345.4322
G1 X-23.654 Y25.736 Z10.753 E346.25504
G1 X-24.868 Y24.868 Z10.76 E346.95687
G1 X-25.736 Y23.654 Z10.766 E347.65869
G1 X-26.367 Y22.022 Z10.774 E348.48154
G1 X-26.927 Y20.103 Z10.783 E349.42162
G1 X-27.719 Y18.14 Z10.793 E350.41706
G1 X-28.949 Y16.394 Z10.802 E351.42144
G1 X-30.447 Y14.948 Z10.811 E352.40056
G1 X-31.847 Y13.651 Z10.82 E353.29805
G1 X-32.845 Y12.373 Z10.827 E354.06059
G1 X-33.358 Y11.015 Z10.834 E354.74327
G1 X-33.431 Y9.433 Z10.841 E355.48802
G1 X-33.174 Y7.573 Z10.849 E356.37103
G1 X-32.876 Y5.535 Z10.858 E357.33963
G1 X-32.93 Y3.402 Z10.868 E358.34303
G1 X-33.48 Y1.35 Z10.878 E359.34209
G1 X-34.243 Y-.523 Z10.887 E360.29318
G1 X-34.819 Y-2.218 Z10.895 E361.13506
G1 X-34.965 Y-3.732 Z10.901 E361.85034
G1 X-34.628 Y-5.165 Z10.908 E362.54262
G1 X-33.803 Y-6.667 Z10.916 E363.3485
G1 X-32.673 Y-8.275 Z10.925 E364.27274
G1 X-31.592 Y-10.083 Z10.934 E365.26337
G1 X-30.921 Y-12.112 Z10.944 E366.26837
G1 X-30.686 Y-14.195 Z10.953 E367.25415
G1 X-30.56 Y-16.129 Z10.962 E368.16558
G1 X-30.226 Y-17.763 Z10.969 E368.94989
G1 X-29.541 Y-19.051 Z10.976 E369.63593
G1 X-28.418 Y-20.116 Z10.983 E370.36376
G1 X-26.859 Y-21.073 Z10.991 E371.22402
G1 X-25.079 Y-22.089 Z11 E372.18786
G1 X-23.404 Y-23.404 Z11.01 E373.18931
G1 X-22.089 Y-25.079 Z11.019 E374.19075
G1 X-21.073 Y-26.859 Z11.028 E375.15459
G1 X-20.116 Y-28.418 Z11.036 E376.01485
G1 X-19.051 Y-29.541 Z11.043 E376.74268
G1 X-17.763 Y-30.226 Z11.05 E377.42872
G1 X-16.129 Y-30.56 Z11.057 E378.21303
G1 X-14.195 Y-30.686 Z11.066 E379.12446
G1 X-12.112 Y-30.921 Z11.076 E380.11025
G1 X-10.083 Y-31.592 Z11.085 E381.11524
G1 X-8.275 Y-32.673 Z11.095 E382.10587
G1 X-6.667 Y-33.803 Z11.103 E383.03011
G1 X-5.165 Y-34.628 Z11.111 E383.83599
G1 X-3.732 Y-34.965 Z11.118 E384.52827
G1 X-2.218 Y-34.819 Z11.124 E385.24356
G1 X-.523 Y-34.243 Z11.132 E386.08543
G1 X1.35 Y-33.48 Z11.142 E387.03653
G1 X3.402 Y-32.93 Z11.151 E388.03558
G1 X5.535 Y-32.876 Z11.161 E389.03899
G1 X7.573 Y-33.173 Z11.17 E390.00752
G1 X9.433 Y-33.431 Z11.178 E390.89059
G1 X11.015 Y-33.358 Z11.185 E391.63535
G1 X12.373 Y-32.845 Z11.192 E392.31802
G1 X13.651 Y-31.847 Z11.199 E393.08056
G1 X14.948 Y-30.447 Z11.208 E393.97805
G1 X16.394 Y-28.949 Z11.217 E394.95717
G1 X18.14 Y-27.719 Z11.227 E395.96155
G1 X20.103 Y-26.927 Z11.236 E396.95699
G1 X22.022 Y-26.367 Z11.245 E397.89708
G1 X23.654 Y-25.736 Z11.253 E398.71992
G1 X24.868 Y-24.868 Z11.26 E399.42175
G1 X25.736 Y-23.654 Z11.266 E400.12357
G1 X26.367 Y-22.022 Z11.274 E400.94642
G1 X26.927 Y-20.103 Z11.283 E401.8865
G1 X27.719 Y-18.14 Z11.293 E402.88194
G1 X28.949 Y-16.394 Z11.302 E403.88632
G1 X30.447 Y-14.948 Z11.311 E404.86544
G1 X31.847 Y-13.651 Z11.32 E405.76293
G1 X32.845 Y-12.373 Z11.327 E406.52547
G1 X33.358 Y-11.015 Z11.334 E407.20814
G1 X33.431 Y-9.433 Z11.341 E407.9529
G1 X33.174 Y-7.573 Z11.349 E408.83591
G1 X32.876 Y-5.535 Z11.358 E409.80451
G1 X32.93 Y-3.402 Z11.368 E410.80791
G1 X33.48 Y-1.35 Z11.378 E411.80697
G1 X34.243 Y0.523 Z11.387 E412.75806
G1 X34.819 Y2.218 Z11.395 E413.59993
G1 X34.965 Y3.732 Z11.401 E414.31522
G1 X34.628 Y5.165 Z11.408 E415.0075
G1 X33.803 Y6.667 Z11.416 E415.81338
G1 X32.673 Y8.275 Z11.425 E416.73762
G1 X31.592 Y10.083 Z11.434 E417.72825
G1 X30.921 Y12.112 Z11.444 E418.73325
G1 X30.686 Y14.195 Z11.453 E419.71903
G1 X30.56 Y16.129 Z11.462 E420.63046
G1 X30.226 Y17.763 Z11.469 E421.41477
G1 X29.541 Y19.051 Z11.476 E422.10081
G1 X28.418 Y20.116 Z11.483 E422.82864
G1 X26.859 Y21.073 Z11.491 E423.6889
G1 X25.079 Y22.089 Z11.5 E424.65274
;TIME_ELAPSED:227.377314
;LAYER:11
;TYPE:WALL-OUTER
;MESH:two-component-v5.stl
G1 X23.404 Y23.404 Z11.51 E425.65419
G1 X22.089 Y25.079 Z11.519 E426.65563
G1 X21.073 Y26.859 Z11.528 E427.61947
G1 X20.116 Y28.418 Z11.536 E428.47973
G1 X19.051 Y29.541 Z11.543 E429.20756
G1 X17.763 Y30.226 Z11.55 E429.8936
G1 X16.129 Y30.56 Z11.557 E430.67791
G1 X14.195 Y30.686 Z11.566 E431.58934
G1 X12.112 Y30.921 Z11.576 E432.57512
G1 X10.083 Y31.592 Z11.585 E433.58012
G1 X8.275 Y32.673 Z11.595 E434.57075
G1 X6.667 Y33.803 Z11.603 E435.49499
G1 X5.165 Y34.628 Z11.611 E436.30087
G1 X3.732 Y34.965 Z11.618 E436.99315
G1 X2.218 Y34.819 Z11.624 E437.70844
G1 X0.523 Y34.243 Z11.632 E438.55031
G1 X-1.35 Y33.48 Z11.642 E439.50141
G1 X-3.402 Y32.93 Z11.651 E440.50046
G1 X-5.535 Y32.876 Z11.661 E441.50386
G1 X-7.573 Y33.173 Z11.67 E442.4724
G1 X-9.433 Y33.431 Z11.678 E443.35547
G1 X-11.015 Y33.358 Z11.685 E444.10023
G1 X-12.373 Y32.845 Z11.692 E444.7829
G1 X-13.651 Y31.847 Z11.699 E445.54544
G1 X-14.948 Y30.447 Z11.708 E446.44293
G1 X-16.394 Y28.949 Z11.717 E447.42205
G1 X-18.14 Y27.719 Z11.727 E448.42643
G1 X-20.103 Y26.927 Z11.736 E449.42187
G1 X-22.022 Y26.367 Z11.745 E450.36195
G1 X-23.654 Y25.736 Z11.753 E451.1848
G1 X-24.868 Y24.868 Z11.76 E451.88663
G1 X-25.736 Y23.654 Z11.766 E452.58845
G1 X-26.367 Y22.022 Z11.774 E453.41129
G1 X-26.927 Y20.103 Z11.783 E454.35138
G1 X-27.719 Y18.14 Z11.793 E455.34682
G1 X-28.949 Y16.394 Z11.802 E456.3512
G1 X-30.447 Y14.948 Z11.811 E457.33032
G1 X-31.847 Y13.651 Z11.82 E458.22781
G1 X-32.845 Y12.373 Z11.827 E458.99035
G1 X-33.358 Y11.015 Z11.834 E459.67302
G1 X-33.431 Y9.433 Z11.841 E460.41778
G1 X-33.174 Y7.573 Z11.849 E461.30079
G1 X-32.876 Y5.535 Z11.858 E462.26939
G1 X-32.93 Y3.402 Z11.868 E463.27279
G1 X-33.48 Y1.35 Z11.878 E464.27185
G1 X-34.243 Y-.523 Z11.887 E465.22294
G1 X-34.819 Y-2.218 Z11.895 E466.06481
G1 X-34.965 Y-3.732 Z11.901 E466.7801
G1 X-34.628 Y-5.165 Z11.908 E467.47238
G1 X-33.803 Y-6.667 Z11.916 E468.27826
G1 X-32.673 Y-8.275 Z11.925 E469.2025
G1 X-31.592 Y-10.083 Z11.934 E470.19313
G1 X-30.921 Y-12.112 Z11.944 E471.19813
G1 X-30.686 Y-14.195 Z11.953 E472.18391
G1 X-30.56 Y-16.129 Z11.962 E473.09534
G1 X-30.226 Y-17.763 Z11.969 E473.87965
G1 X-29.541 Y-19.051 Z11.976 E474.56569
G1 X-28.418 Y-20.116 Z11.983 E475.29352
G1 X-26.859 Y-21.073 Z11.991 E476.15378
G1 X-25.079 Y-22.089 Z12 E477.11762
G1 X-23.404 Y-23.404 Z12.01 E478.11907
G1 X-22.089 Y-25.079 Z12.019 E479.12051
G1 X-21.073 Y-26.859 Z12.028 E480.08435
G1 X-20.116 Y-28.418 Z12.036 E480.94461
G1 X-19.051 Y-29.541 Z12.043 E481.67244
G1 X-17.763 Y-30.226 Z12.05 E482.35848
G1 X-16.129 Y-30.56 Z12.057 E483.14279
G1 X-14.195 Y-30.686 Z12.066 E484.05422
G1 X-12.112 Y-30.921 Z12.076 E485.04
G1 X-10.083 Y-31.592 Z12.085 E486.045
G1 X-8.275 Y-32.673 Z12.095 E487.03563
G1 X-6.667 Y-33.803 Z12.103 E487.95987
G1 X-5.165 Y-34.628 Z12.111 E488.76575
G1 X-3.732 Y-34.965 Z12.118 E489.45803
G1 X-2.218 Y-34.819 Z12.124 E490.17332
G1 X-.523 Y-34.243 Z12.132 E491.01519
G1 X1.35 Y-33.48 Z12.142 E491.96629
G1 X3.402 Y-32.93 Z12.151 E492.96534
G1 X5.535 Y-32.876 Z12.161 E493.96874
G1 X7.573 Y-33.173 Z12.17 E494.93727
G1 X9.433 Y-33.431 Z12.178 E495.82035
G1 X11.015 Y-33.358 Z12.185 E496.5651
G1 X12.373 Y-32.845 Z12.192 E497.24778
G1 X13.651 Y-31.847 Z12.199 E498.01032
G1 X14.948 Y-30.447 Z12.208 E498.90781
G1 X16.394 Y-28.949 Z12.217 E499.88693
G1 X18.14 Y-27.719 Z12.227 E500.89131
G1 X20.103 Y-26.927 Z12.236 E501.88675
G1 X22.022 Y-26.367 Z12.245 E502.82683
G1 X23.654 Y-25.736 Z12.253 E503.64968
G1 X24.868 Y-24.868 Z12.26 E504.3515
G1 X25.736 Y-23.654 Z12.266 E505.05333
G1 X26.367 Y-22.022 Z12.274 E505.87617
G1 X26.927 Y-20.103 Z12.283 E506.81626
G1 X27.719 Y-18.14 Z12.293 E507.8117
G1 X28.949 Y-16.394 Z12.302 E508.81608
G1 X30.447 Y-14.948 Z12.311 E509.7952
G1 X31.847 Y-13.651 Z12.32 E510.69269
G1 X32.845 Y-12.373 Z12.327 E511.45523
G1 X33.358 Y-11.015 Z12.334 E512.1379
G1 X33.431 Y-9.433 Z12.341 E512.88266
G1 X33.174 Y-7.573 Z12.349 E513.76567
G1 X32.876 Y-5.535 Z12.358 E514.73427
G1 X32.93 Y-3.402 Z12.368 E515.73767
G1 X33.48 Y-1.35 Z12.378 E516.73673
G1 X34.243 Y0.523 Z12.387 E517.68782
G1 X34.819 Y2.218 Z12.395 E518.52969
G1 X34.965 Y3.732 Z12.401 E519.24498
G1 X34.628 Y5.165 Z12.408 E519.93726
G1 X33.803 Y6.667 Z12.416 E520.74314
G1 X32.673 Y8.275 Z12.425 E521.66738
G1 X31.592 Y10.083 Z12.434 E522.65801
G1 X30.921 Y12.112 Z12.444 E523.66301
G1 X30.686 Y14.195 Z12.453 E524.64879
G1 X30.56 Y16.129 Z12.462 E525.56022
G1 X30.226 Y17.763 Z12.469 E526.34453
G1 X29.541 Y19.051 Z12.476 E527.03057
G1 X28.418 Y20.116 Z12.483 E527.7584
G1 X26.859 Y21.073 Z12.491 E528.61866
G1 X25.079 Y22.089 Z12.5 E529.5825
;TIME_ELAPSED:232.964934
;LAYER:12
;TYPE:WALL-OUTER
;MESH:two-component-v5.stl
G1 X23.404 Y23.404 Z12.51 E530.58395
G1 X22.089 Y25.079 Z12.519 E531.58539
G1 X21.073 Y26.859 Z12.528 E532.54923
G1 X20.116 Y28.418 Z12.536 E533.40949
G1 X19.051 Y29.541 Z12.543 E534.13732
G1 X17.763 Y30.226 Z12.55 E534.82336
G1 X16.129 Y30.56 Z12.557 E535.60767
G1 X14.195 Y30.686 Z12.566 E536.5191
G1 X12.112 Y30.921 Z12.576 E537.50488
G1 X10.083 Y31.592 Z12.585 E538.50988
G1 X8.275 Y32.673 Z12.595 E539.50051
G1 X6.667 Y33.803 Z12.603 E540.42475
G1 X5.165 Y34.628 Z12.611 E541.23063
G1 X3.732 Y34.965 Z12.618 E541.92291
G1 X2.218 Y34.819 Z12.624 E542.6382
G1 X0.523 Y34.243 Z12.632 E543.48007
G1 X-1.35 Y33.48 Z12.642 E544.43117
G1 X-3.402 Y32.93 Z12.651 E545.43022
G1 X-5.535 Y32.876 Z12.661 E546.43362
G1 X-7.573 Y33.173 Z12.67 E547.40215
G1 X-9.433 Y33.431 Z12.678 E548.28523
G1 X-11.015 Y33.358 Z12.685 E549.02998
G1 X-12.373 Y32.845 Z12.692 E549.71266
G1 X-13.651 Y31.847 Z12.699 E550.4752
G1 X-14.948 Y30.447 Z12.708 E551.37269
G1 X-16.394 Y28.949 Z12.717 E552.35181
G1 X-18.14 Y27.719 Z12.727 E553.35619
G1 X-20.103 Y26.927 Z12.736 E554.35163
G1 X-22.022 Y26.367 Z12.745 E555.29171
G1 X-23.654 Y25.736 Z12.753 E556.11456
G1 X-24.868 Y24.868 Z12.76 E556.81638
G1 X-25.736 Y23.654 Z12.766 E557.51821
G1 X-26.367 Y22.022 Z12.774 E558.34105
G1 X-26.927 Y20.103 Z12.783 E559.28114
G1 X-27.719 Y18.14 Z12.793 E560.27658
G1 X-28.949 Y16.394 Z12.802 E561.28096
G1 X-30.447 Y14.948 Z12.811 E562.26008
G1 X-31.847 Y13.651 Z12.82 E563.15756
G1 X-32.845 Y12.373 Z12.827 E563.92011
G1 X-33.358 Y11.015 Z12.834 E564.60278
G1 X-33.431 Y9.433 Z12.841 E565.34754
G1 X-33.174 Y7.573 Z12.849 E566.23055
G1 X-32.876 Y5.535 Z12.858 E567.19915
G1 X-32.93 Y3.402 Z12.868 E568.20255
G1 X-33.48 Y1.35 Z12.878 E569.20161
G1 X-34.243 Y-.523 Z12.887 E570.1527
G1 X-34.819 Y-2.218 Z12.895 E570.99457
G1 X-34.965 Y-3.732 Z12.901 E571.70986
G1 X-34.628 Y-5.165 Z12.908 E572.40214
G1 X-33.803 Y-6.667 Z12.916 E573.20802
G1 X-32.673 Y-8.275 Z12.925 E574.13226
G1 X-31.592 Y-10.083 Z12.934 E575.12289
G1 X-30.921 Y-12.112 Z12.944 E576.12789
G1 X-30.686 Y-14.195 Z12.953 E577.11367
G1 X-30.56 Y-16.129 Z12.962 E578.0251
G1 X-30.226 Y-17.763 Z12.969 E578.80941
G1 X-29.541 Y-19.051 Z12.976 E579.49545
G1 X-28.418 Y-20.116 Z12.983 E580.22328
G1 X-26.859 Y-21.073 Z12.991 E581.08354
G1 X-25.079 Y-22.089 Z13 E582.04738
G1 X-23.404 Y-23.404 Z13.01 E583.04883
G1 X-22.089 Y-25.079 Z13.019 E584.05027
G1 X-21.073 Y-26.859 Z13.028 E585.01411
G1 X-20.116 Y-28.418 Z13.036 E585.87437
G1 X-19.051 Y-29.541 Z13.043 E586.6022
G1 X-17.763 Y-30.226 Z13.05 E587.28824
G1 X-16.129 Y-30.56 Z13.057 E588.07255
G1 X-14.195 Y-30.686 Z13.066 E588.98398
G1 X-12.112 Y-30.921 Z13.076 E589.96976
G1 X-10.083 Y-31.592 Z13.085 E590.97476
G1 X-8.275 Y-32.673 Z13.095 E591.96539
G1 X-6.667 Y-33.803 Z13.103 E592.88963
G1 X-5.165 Y-34.628 Z13.111 E593.69551
G1 X-3.732 Y-34.965 Z13.118 E594.38779
G1 X-2.218 Y-34.819 Z13.124 E595.10308
G1 X-.523 Y-34.243 Z13.132 E595.94495
G1 X1.35 Y-33.48 Z13.142 E596.89605
G1 X3.402 Y-32.93 Z13.151 E597.8951
G1 X5.535 Y-32.876 Z13.161 E598.8985
G1 X7.573 Y-33.173 Z13.17 E599.86703
G1 X9.433 Y-33.431 Z13.178 E600.75011
G1 X11.015 Y-33.358 Z13.185 E601.49486
G1 X12.373 Y-32.845 Z13.192 E602.17754
G1 X13.651 Y-31.847 Z13.199 E602.94008
G1 X14.948 Y-30.447 Z13.208 E603.83757
G1 X16.394 Y-28.949 Z13.217 E604.81669
G1 X18.14 Y-27.719 Z13.227 E605.82107
G1 X20.103 Y-26.927 Z13.236 E606.81651
G1 X22.022 Y-26.367 Z13.245 E607.75659
G1 X23.654 Y-25.736 Z13.253 E608.57944
G1 X24.868 Y-24.868 Z13.26 E609.28126
G1 X25.736 Y-23.654 Z13.266 E609.98308
G1 X26.367 Y-22.022 Z13.274 E610.80593
G1 X26.927 Y-20.103 Z13.283 E611.74602
G1 X27.719 Y-18.14 Z13.293 E612.74146
G1 X28.949 Y-16.394 Z13.302 E613.74583
G1 X30.447 Y-14.948 Z13.311 E614.72496
G1 X31.847 Y-13.651 Z13.32 E615.62244
G1 X32.845 Y-12.373 Z13.327 E616.38499
G1 X33.358 Y-11.015 Z13.334 E617.06766
G1 X33.431 Y-9.433 Z13.341 E617.81242
G1 X33.174 Y-7.573 Z13.349 E618.69543
G1 X32.876 Y-5.535 Z13.358 E619.66403
G1 X32.93 Y-3.402 Z13.368 E620.66743
G1 X33.48 Y-1.35 Z13.378 E621.66648
G1 X34.243 Y0.523 Z13.387 E622.61758
G1 X34.819 Y2.218 Z13.395 E623.45945
G1 X34.965 Y3.732 Z13.401 E624.17474
G1 X34.628 Y5.165 Z13.408 E624.86702
G1 X33.803 Y6.667 Z13.416 E625.6729
G1 X32.673 Y8.275 Z13.425 E626.59714
G1 X31.592 Y10.083 Z13.434 E627.58777
G1 X30.921 Y12.112 Z13.444 E628.59277
G1 X30.686 Y14.195 Z13.453 E629.57855
G1 X30.56 Y16.129 Z13.462 E630.48998
G1 X30.226 Y17.763 Z13.469 E631.27429
G1 X29.541 Y19.051 Z13.476 E631.96033
G1 X28.418 Y20.116 Z13.483 E632.68816
G1 X26.859 Y21.073 Z13.491 E633.54842
G1 X25.079 Y22.089 Z13.5 E634.51226
;TIME_ELAPSED:238.552554
;LAYER:13
;TYPE:WALL-OUTER
;MESH:two-component-v5.stl
G1 X23.404 Y23.404 Z13.51 E635.5137
G1 X22.089 Y25.079 Z13.519 E636.51515
G1 X21.073 Y26.859 Z13.528 E637.47899
G1 X20.116 Y28.418 Z13.536 E638.33925
G1 X19.051 Y29.541 Z13.543 E639.06708
G1 X17.763 Y30.226 Z13.55 E639.75312
G1 X16.129 Y30.56 Z13.557 E640.53743
G1 X14.195 Y30.686 Z13.566 E641.44886
G1 X12.112 Y30.921 Z13.576 E642.43464
G1 X10.083 Y31.592 Z13.585 E643.43964
G1 X8.275 Y32.673 Z13.595 E644.43027
G1 X6.667 Y33.803 Z13.603 E645.35451
G1 X5.165 Y34.628 Z13.611 E646.16039
G1 X3.732 Y34.965 Z13.618 E646.85267
G1 X2.218 Y34.819 Z13.624 E647.56796
G1 X0.523 Y34.243 Z13.632 E648.40983
G1 X-1.35 Y33.48 Z13.642 E649.36092
G1 X-3.402 Y32.93 Z13.651 E650.35998
G1 X-5.535 Y32.876 Z13.661 E651.36338
G1 X-7.573 Y33.173 Z13.67 E652.33191
G1 X-9.433 Y33.431 Z13.678 E653.21499
G1 X-11.015 Y33.358 Z13.685 E653.95974
G1 X-12.373 Y32.845 Z13.692 E654.64242
G1 X-13.651 Y31.847 Z13.699 E655.40496
G1 X-14.948 Y30.447 Z13.708 E656.30245
G1 X-16.394 Y28.949 Z13.717 E657.28157
G1 X-18.14 Y27.719 Z13.727 E658.28595
G1 X-20.103 Y26.927 Z13.736 E659.28139
G1 X-22.022 Y26.367 Z13.745 E660.22147
G1 X-23.654 Y25.736 Z13.753 E661.04432
G1 X-24.868 Y24.868 Z13.76 E661.74614
G1 X-25.736 Y23.654 Z13.766 E662.44796
G1 X-26.367 Y22.022 Z13.774 E663.27081
G1 X-26.927 Y20.103 Z13.783 E664.2109
G1 X-27.719 Y18.14 Z13.793 E665.20634
G1 X-28.949 Y16.394 Z13.802 E666.21071
G1 X-30.447 Y14.948 Z13.811 E667.18983
G1 X-31.847 Y13.651 Z13.82 E668.08732
G1 X-32.845 Y12.373 Z13.827 E668.84987
G1 X-33.358 Y11.015 Z13.834 E669.53254
G1 X-33.431 Y9.433 Z13.841 E670.2773
G1 X-33.174 Y7.573 Z13.849 E671.16031
G1 X-32.876 Y5.535 Z13.858 E672.1289
G1 X-32.93 Y3.402 Z13.868 E673.13231
G1 X-33.48 Y1.35 Z13.878 E674.13136
G1 X-34.243 Y-.523 Z13.887 E675.08246
G1 X-34.819 Y-2.218 Z13.895 E675.92433
G1 X-34.965 Y-3.732 Z13.901 E676.63962
G1 X-34.628 Y-5.165 Z13.908 E677.3319
G1 X-33.803 Y-6.667 Z13.916 E678.13778
G1 X-32.673 Y-8.275 Z13.925 E679.06202
G1 X-31.592 Y-10.083 Z13.934 E680.05265
G1 X-30.921 Y-12.112 Z13.944 E681.05765
G1 X-30.686 Y-14.195 Z13.953 E682.04343
G1 X-30.56 Y-16.129 Z13.962 E682.95486
G1 X-30.226 Y-17.763 Z13.969 E683.73917
G1 X-29.541 Y-19.051 Z13.976 E684.42521
G1 X-28.418 Y-20.116 Z13.983 E685.15304
G1 X-26.859 Y-21.073 Z13.991 E686.0133
G1 X-25.079 Y-22.089 Z14 E686.97714
G1 X-23.404 Y-23.404 Z14.01 E687.97858
G1 X-22.089 Y-25.079 Z14.019 E688.98003
G1 X-21.073 Y-26.859 Z14.028 E689.94387
G1 X-20.116 Y-28.418 Z14.036 E690.80413
G1 X-19.051 Y-29.541 Z14.043 E691.53196
G1 X-17.763 Y-30.226 Z14.05 E692.218
G1 X-16.129 Y-30.56 Z14.057 E693.00231
G1 X-14.195 Y-30.686 Z14.066 E693.91374
G1 X-12.112 Y-30.921 Z14.076 E694.89952
G1 X-10.083 Y-31.592 Z14.085 E695.90452
G1 X-8.275 Y-32.673 Z14.095 E696.89515
G1 X-6.667 Y-33.803 Z14.103 E697.81939
G1 X-5.165 Y-34.628 Z14.111 E698.62527
G1 X-3.732 Y-34.965 Z14.118 E699.31755
G1 X-2.218 Y-34.819 Z14.124 E700.03283
G1 X-.523 Y-34.243 Z14.132 E700.87471
G1 X1.35 Y-33.48 Z14.142 E701.8258
G1 X3.402 Y-32.93 Z14.151 E702.82486
G1 X5.535 Y-32.876 Z14.161 E703.82826
G1 X7.573 Y-33.173 Z14.17 E704.79679
G1 X9.433 Y-33.431 Z14.178 E705.67987
G1 X11.015 Y-33.358 Z14.185 E706.42462
G1 X12.373 Y-32.845 Z14.192 E707.1073
G1 X13.651 Y-31.847 Z14.199 E707.86984
G1 X14.948 Y-30.447 Z14.208 E708.76733
G1 X16.394 Y-28.949 Z14.217 E709.74645
G1 X18.14 Y-27.719 Z14.227 E710.75082
G1 X20.103 Y-26.927 Z14.236 E711.74626
G1 X22.022 Y-26.367 Z14.245 E712.68635
G1 X23.654 Y-25.736 Z14.253 E713.5092
G1 X24.868 Y-24.868 Z14.26 E714.21102
G1 X25.736 Y-23.654 Z14.266 E714.91284
G1 X26.367 Y-22.022 Z14.274 E715.73569
G1 X26.927 Y-20.103 Z14.283 E716.67578
G1 X27.719 Y-18.14 Z14.293 E717.67122
G1 X28.949 Y-16.394 Z14.302 E718.67559
G1 X30.447 Y-14.948 Z14.311 E719.65471
G1 X31.847 Y-13.651 Z14.32 E720.5522
G1 X32.845 Y-12.373 Z14.327 E721.31475
G1 X33.358 Y-11.015 Z14.334 E721.99742
G1 X33.431 Y-9.433 Z14.341 E722.74218
G1 X33.174 Y-7.573 Z14.349 E723.62519
G1 X32.876 Y-5.535 Z14.358 E724.59378
G1 X32.93 Y-3.402 Z14.368 E725.59719
G1 X33.48 Y-1.35 Z14.378 E726.59624
G1 X34.243 Y0.523 Z14.387 E727.54734
G1 X34.819 Y2.218 Z14.395 E728.38921
G1 X34.965 Y3.732 Z14.401 E729.1045
G1 X34.628 Y5.165 Z14.408 E729.79678
G1 X33.803 Y6.667 Z14.416 E730.60266
G1 X32.673 Y8.275 Z14.425 E731.5269
G1 X31.592 Y10.083 Z14.434 E732.51753
G1 X30.921 Y12.112 Z14.444 E733.52253
G1 X30.686 Y14.195 Z14.453 E734.50831
G1 X30.56 Y16.129 Z14.462 E735.41974
G1 X30.226 Y17.763 Z14.469 E736.20404
G1 X29.541 Y19.051 Z14.476 E736.89008
G1 X28.418 Y20.116 Z14.483 E737.61792
G1 X26.859 Y21.073 Z14.491 E738.47818
G1 X25.079 Y22.089 Z14.5 E739.44202
;TIME_ELAPSED:244.140174
;LAYER:14
;TYPE:WALL-OUTER
;MESH:two-component-v5.stl
G1 X23.404 Y23.404 Z14.51 E740.44346
G1 X22.089 Y25.079 Z14.519 E741.44491
G1 X21.073 Y26.859 Z14.528 E742.40875
G1 X20.116 Y28.418 Z14.536 E743.26901
G1 X19.051 Y29.541 Z14.543 E743.99684
G1 X17.763 Y30.226 Z14.55 E744.68288
G1 X16.129 Y30.56 Z14.557 E745.46719
G1 X14.195 Y30.686 Z14.566 E746.37861
G1 X12.112 Y30.921 Z14.576 E747.3644
G1 X10.083 Y31.592 Z14.585 E748.3694
G1 X8.275 Y32.673 Z14.595 E749.36003
G1 X6.667 Y33.803 Z14.603 E750.28427
G1 X5.165 Y34.628 Z14.611 E751.09015
G1 X3.732 Y34.965 Z14.618 E751.78243
G1 X2.218 Y34.819 Z14.624 E752.49771
G1 X0.523 Y34.243 Z14.632 E753.33959
G1 X-1.35 Y33.48 Z14.642 E754.29068
G1 X-3.402 Y32.93 Z14.651 E755.28973
G1 X-5.535 Y32.876 Z14.661 E756.29314
G1 X-7.573 Y33.173 Z14.67 E757.26167
G1 X-9.433 Y33.431 Z14.678 E758.14474
G1 X-11.015 Y33.358 Z14.685 E758.8895
G1 X-12.373 Y32.845 Z14.692 E759.57217
G1 X-13.651 Y31.847 Z14.699 E760.33472
G1 X-14.948 Y30.447 Z14.708 E761.23221
G1 X-16.394 Y28.949 Z14.717 E762.21133
G1 X-18.14 Y27.719 Z14.727 E763.2157
G1 X-20.103 Y26.927 Z14.736 E764.21114
G1 X-22.022 Y26.367 Z14.745 E765.15123
G1 X-23.654 Y25.736 Z14.753 E765.97408
G1 X-24.868 Y24.868 Z14.76 E766.6759
G1 X-25.736 Y23.654 Z14.766 E767.37772
G1 X-26.367 Y22.022 Z14.774 E768.20057
G1 X-26.927 Y20.103 Z14.783 E769.14066
G1 X-27.719 Y18.14 Z14.793 E770.1361
G1 X-28.949 Y16.394 Z14.802 E771.14047
G1 X-30.447 Y14.948 Z14.811 E772.11959
G1 X-31.847 Y13.651 Z14.82 E773.01708
G1 X-32.845 Y12.373 Z14.827 E773.77963
G1 X-33.358 Y11.015 Z14.834 E774.4623
G1 X-33.431 Y9.433 Z14.841 E775.20706
G1 X-33.174 Y7.573 Z14.849 E776.09006
G1 X-32.876 Y5.535 Z14.858 E777.05866
G1 X-32.93 Y3.402 Z14.868 E778.06207
G1 X-33.48 Y1.35 Z14.878 E779.06112
G1 X-34.243 Y-.523 Z14.887 E780.01222
G1 X-34.819 Y-2.218 Z14.895 E780.85409
G1 X-34.965 Y-3.732 Z14.901 E781.56938
G1 X-34.628 Y-5.165 Z14.908 E782.26166
G1 X-33.803 Y-6.667 Z14.916 E783.06754
G1 X-32.673 Y-8.275 Z14.925 E783.99178
G1 X-31.592 Y-10.083 Z14.934 E784.98241
G1 X-30.921 Y-12.112 Z14.944 E785.98741
G1 X-30.686 Y-14.195 Z14.953 E786.97319
G1 X-30.56 Y-16.129 Z14.962 E787.88462
G1 X-30.226 Y-17.763 Z14.969 E788.66892
G1 X-29.541 Y-19.051 Z14.976 E789.35496
G1 X-28.418 Y-20.116 Z14.983 E790.0828
G1 X-26.859 Y-21.073 Z14.991 E790.94306
G1 X-25.079 Y-22.089 Z15 E791.9069
G1 X-23.404 Y-23.404 Z15.01 E792.90834
G1 X-22.089 Y-25.079 Z15.019 E793.90979
G1 X-21.073 Y-26.859 Z15.028 E794.87363
G1 X-20.116 Y-28.418 Z15.036 E795.73389
G1 X-19.051 Y-29.541 Z15.043 E796.46172
G1 X-17.763 Y-30.226 Z15.05 E797.14776
G1 X-16.129 Y-30.56 Z15.057 E797.93207
G1 X-14.195 Y-30.686 Z15.066 E798.84349
G1 X-12.112 Y-30.921 Z15.076 E799.82928
G1 X-10.083 Y-31.592 Z15.085 E800.83428
G1 X-8.275 Y-32.673 Z15.095 E801.82491
G1 X-6.667 Y-33.803 Z15.103 E802.74914
G1 X-5.165 Y-34.628 Z15.111 E803.55503
G1 X-3.732 Y-34.965 Z15.118 E804.24731
G1 X-2.218 Y-34.819 Z15.124 E804.96259
G1 X-.523 Y-34.243 Z15.132 E805.80447
G1 X1.35 Y-33.48 Z15.142 E806.75556
G1 X3.402 Y-32.93 Z15.151 E807.75461
G1 X5.535 Y-32.876 Z15.161 E808.75802
G1 X7.573 Y-33.173 Z15.17 E809.72655
G1 X9.433 Y-33.431 Z15.178 E810.60962
G1 X11.015 Y-33.358 Z15.185 E811.35438
G1 X12.373 Y-32.845 Z15.192 E812.03705
G1 X13.651 Y-31.847 Z15.199 E812.7996
G1 X14.948 Y-30.447 Z15.208 E813.69709
G1 X16.394 Y-28.949 Z15.217 E814.67621
G1 X18.14 Y-27.719 Z15.227 E815.68058
G1 X20.103 Y-26.927 Z15.236 E816.67602
G1 X22.022 Y-26.367 Z15.245 E817.61611
G1 X23.654 Y-25.736 Z15.253 E818.43896
G1 X24.868 Y-24.868 Z15.26 E819.14078
G1 X25.736 Y-23.654 Z15.266 E819.8426
G1 X26.367 Y-22.022 Z15.274 E820.66545
G1 X26.927 Y-20.103 Z15.283 E821.60554
G1 X27.719 Y-18.14 Z15.293 E822.60098
G1 X28.949 Y-16.394 Z15.302 E823.60535
G1 X30.447 Y-14.948 Z15.311 E824.58447
G1 X31.847 Y-13.651 Z15.32 E825.48196
G1 X32.845 Y-12.373 Z15.327 E826.2445
G1 X33.358 Y-11.015 Z15.334 E826.92718
G1 X33.431 Y-9.433 Z15.341 E827.67193
G1 X33.174 Y-7.573 Z15.349 E828.55494
G1 X32.876 Y-5.535 Z15.358 E829.52354
G1 X32.93 Y-3.402 Z15.368 E830.52695
G1 X33.48 Y-1.35 Z15.378 E831.526
G1 X34.243 Y0.523 Z15.387 E832.4771
G1 X34.819 Y2.218 Z15.395 E833.31897
G1 X34.965 Y3.732 Z15.401 E834.03426
G1 X34.628 Y5.165 Z15.408 E834.72654
G1 X33.803 Y6.667 Z15.416 E835.53242
G1 X32.673 Y8.275 Z15.425 E836.45666
G1 X31.592 Y10.083 Z15.434 E837.44729
G1 X30.921 Y12.112 Z15.444 E838.45228
G1 X30.686 Y14.195 Z15.453 E839.43807
G1 X30.56 Y16.129 Z15.462 E840.3495
G1 X30.226 Y17.763 Z15.469 E841.1338
G1 X29.541 Y19.051 Z15.476 E841.81984
G1 X28.418 Y20.116 Z15.483 E842.54768
G1 X26.859 Y21.073 Z15.491 E843.40794
G1 X25.079 Y22.089 Z15.5 E844.37177
;TIME_ELAPSED:249.727794
;LAYER:15
;TYPE:WALL-OUTER
;MESH:two-component-v5.stl
G1 X23.404 Y23.404 Z15.51 E845.37322
G1 X22.089 Y25.079 Z15.519 E846.37467
G1 X21.073 Y26.859 Z15.528 E847.33851
G1 X20.116 Y28.418 Z15.536 E848.19877
G1 X19.051 Y29.541 Z15.543 E848.9266
G1 X17.763 Y30.226 Z15.55 E849.61264
G1 X16.129 Y30.56 Z15.557 E850.39694
G1 X14.195 Y30.686 Z15.566 E851.30837
G1 X12.112 Y30.921 Z15.576 E852.29416
G1 X10.083 Y31.592 Z15.585 E853.29916
G1 X8.275 Y32.673 Z15.595 E854.28979
G1 X6.667 Y33.803 Z15.603 E855.21402
G1 X5.165 Y34.628 Z15.611 E856.0199
G1 X3.732 Y34.965 Z15.618 E856.71218
G1 X2.218 Y34.819 Z15.624 E857.42747
G1 X0.523 Y34.243 Z15.632 E858.26935
G1 X-1.35 Y33.48 Z15.642 E859.22044
G1 X-3.402 Y32.93 Z15.651 E860.21949
G1 X-5.535 Y32.876 Z15.661 E861.2229
G1 X-7.573 Y33.173 Z15.67 E862.19143
G1 X-9.433 Y33.431 Z15.678 E863.0745
G1 X-11.015 Y33.358 Z15.685 E863.81926
G1 X-12.373 Y32.845 Z15.692 E864.50193
G1 X-13.651 Y31.847 Z15.699 E865.26448
G1 X-14.948 Y30.447 Z15.708 E866.16197
G1 X-16.394 Y28.949 Z15.717 E867.14109
G1 X-18.14 Y27.719 Z15.727 E868.14546
G1 X-20.103 Y26.927 Z15.736 E869.1409
G1 X-22.022 Y26.367 Z15.745 E870.08099
G1 X-23.654 Y25.736 Z15.753 E870.90384
G1 X-24.868 Y24.868 Z15.76 E871.60566
G1 X-25.736 Y23.654 Z15.766 E872.30748
G1 X-26.367 Y22.022 Z15.774 E873.13033
G1 X-26.927 Y20.103 Z15.783 E874.07041
G1 X-27.719 Y18.14 Z15.793 E875.06586
G1 X-28.949 Y16.394 Z15.802 E876.07023
G1 X-30.447 Y14.948 Z15.811 E877.04935
G1 X-31.847 Y13.651 Z15.82 E877.94684
G1 X-32.845 Y12.373 Z15.827 E878.70938
G1 X-33.358 Y11.015 Z15.834 E879.39206
G1 X-33.431 Y9.433 Z15.841 E880.13681
G1 X-33.174 Y7.573 Z15.849 E881.01982
G1 X-32.876 Y5.535 Z15.858 E881.98842
G1 X-32.93 Y3.402 Z15.868 E882.99183
G1 X-33.48 Y1.35 Z15.878 E883.99088
G1 X-34.243 Y-.523 Z15.887 E884.94198
G1 X-34.819 Y-2.218 Z15.895 E885.78385
G1 X-34.965 Y-3.732 Z15.901 E886.49914
G1 X-34.628 Y-5.165 Z15.908 E887.19142
G1 X-33.803 Y-6.667 Z15.916 E887.9973
G1 X-32.673 Y-8.275 Z15.925 E888.92154
G1 X-31.592 Y-10.083 Z15.934 E889.91216
G1 X-30.921 Y-12.112 Z15.944 E890.91716
G1 X-30.686 Y-14.195 Z15.953 E891.90295
G1 X-30.56 Y-16.129 Z15.962 E892.81438
G1 X-30.226 Y-17.763 Z15.969 E893.59868
G1 X-29.541 Y-19.051 Z15.976 E894.28472
G1 X-28.418 Y-20.116 Z15.983 E895.01255
G1 X-26.859 Y-21.073 Z15.991 E895.87282
G1 X-25.079 Y-22.089 Z16 E896.83665
G1 X-23.404 Y-23.404 Z16.01 E897.8381
G1 X-22.089 Y-25.079 Z16.019 E898.83955
G1 X-21.073 Y-26.859 Z16.028 E899.80338
G1 X-20.116 Y-28.418 Z16.036 E900.66365
G1 X-19.051 Y-29.541 Z16.043 E901.39148
G1 X-17.763 Y-30.226 Z16.05 E902.07752
G1 X-16.129 Y-30.56 Z16.057 E902.86182
G1 X-14.195 Y-30.686 Z16.066 E903.77325
G1 X-12.112 Y-30.921 Z16.076 E904.75904
G1 X-10.083 Y-31.592 Z16.085 E905.76403
G1 X-8.275 Y-32.673 Z16.095 E906.75467
G1 X-6.667 Y-33.803 Z16.103 E907.6789
G1 X-5.165 Y-34.628 Z16.111 E908.48478
G1 X-3.732 Y-34.965 Z16.118 E909.17706
G1 X-2.218 Y-34.819 Z16.124 E909.89235
G1 X-.523 Y-34.243 Z16.132 E910.73422
G1 X1.35 Y-33.48 Z16.142 E911.68532
G1 X3.402 Y-32.93 Z16.151 E912.68437
G1 X5.535 Y-32.876 Z16.161 E913.68778
G1 X7.573 Y-33.173 Z16.17 E914.65631
G1 X9.433 Y-33.431 Z16.178 E915.53938
G1 X11.015 Y-33.358 Z16.185 E916.28414
G1 X12.373 Y-32.845 Z16.192 E916.96681
G1 X13.651 Y-31.847 Z16.199 E917.72936
G1 X14.948 Y-30.447 Z16.208 E918.62684
G1 X16.394 Y-28.949 Z16.217 E919.60597
G1 X18.14 Y-27.719 Z16.227 E920.61034
G1 X20.103 Y-26.927 Z16.236 E921.60578
G1 X22.022 Y-26.367 Z16.245 E922.54587
G1 X23.654 Y-25.736 Z16.253 E923.36872
G1 X24.868 Y-24.868 Z16.26 E924.07054
G1 X25.736 Y-23.654 Z16.266 E924.77236
G1 X26.367 Y-22.022 Z16.274 E925.59521
G1 X26.927 Y-20.103 Z16.283 E926.53529
G1 X27.719 Y-18.14 Z16.293 E927.53074
G1 X28.949 Y-16.394 Z16.302 E928.53511
G1 X30.447 Y-14.948 Z16.311 E929.51423
G1 X31.847 Y-13.651 Z16.32 E930.41172
G1 X32.845 Y-12.373 Z16.327 E931.17426
G1 X33.358 Y-11.015 Z16.334 E931.85694
G1 X33.431 Y-9.433 Z16.341 E932.60169
G1 X33.174 Y-7.573 Z16.349 E933.4847
G1 X32.876 Y-5.535 Z16.358 E934.4533
G1 X32.93 Y-3.402 Z16.368 E935.45671
G1 X33.48 Y-1.35 Z16.378 E936.45576
G1 X34.243 Y0.523 Z16.387 E937.40685
G1 X34.819 Y2.218 Z16.395 E938.24873
G1 X34.965 Y3.732 Z16.401 E938.96402
G1 X34.628 Y5.165 Z16.408 E939.6563
G1 X33.803 Y6.667 Z16.416 E940.46218
G1 X32.673 Y8.275 Z16.425 E941.38641
G1 X31.592 Y10.083 Z16.434 E942.37704
G1 X30.921 Y12.112 Z16.444 E943.38204
G1 X30.686 Y14.195 Z16.453 E944.36783
G1 X30.56 Y16.129 Z16.462 E945.27925
G1 X30.226 Y17.763 Z16.469 E946.06356
G1 X29.541 Y19.051 Z16.476 E946.7496
G1 X28.418 Y20.116 Z16.483 E947.47743
G1 X26.859 Y21.073 Z16.491 E948.33769
G1 X25.079 Y22.089 Z16.5 E949.30153
;TIME_ELAPSED:255.315413
;LAYER:16
;TYPE:WALL-OUTER
;MESH:two-component-v5.stl
G1 X23.404 Y23.404 Z16.51 E950.30298
G1 X22.089 Y25.079 Z16.519 E951.30442
G1 X21.073 Y26.859 Z16.528 E952.26826
G1 X20.116 Y28.418 Z16.536 E953.12852
G1 X19.051 Y29.541 Z16.543 E953.85636
G1 X17.763 Y30.226 Z16.55 E954.5424
G1 X16.129 Y30.56 Z16.557 E955.3267
G1 X14.195 Y30.686 Z16.566 E956.23813
G1 X12.112 Y30.921 Z16.576 E957.22392
G1 X10.083 Y31.592 Z16.585 E958.22891
G1 X8.275 Y32.673 Z16.595 E959.21955
G1 X6.667 Y33.803 Z16.603 E960.14378
G1 X5.165 Y34.628 Z16.611 E960.94966
G1 X3.732 Y34.965 Z16.618 E961.64194
G1 X2.218 Y34.819 Z16.624 E962.35723
G1 X0.523 Y34.243 Z16.632 E963.1991
G1 X-1.35 Y33.48 Z16.642 E964.1502
G1 X-3.402 Y32.93 Z16.651 E965.14925
G1 X-5.535 Y32.876 Z16.661 E966.15266
G1 X-7.573 Y33.173 Z16.67 E967.12119
G1 X-9.433 Y33.431 Z16.678 E968.00426
G1 X-11.015 Y33.358 Z16.685 E968.74902
G1 X-12.373 Y32.845 Z16.692 E969.43169
G1 X-13.651 Y31.847 Z16.699 E970.19424
G1 X-14.948 Y30.447 Z16.708 E971.09172
G1 X-16.394 Y28.949 Z16.717 E972.07084
G1 X-18.14 Y27.719 Z16.727 E973.07522
G1 X-20.103 Y26.927 Z16.736 E974.07066
G1 X-22.022 Y26.367 Z16.745 E975.01075
G1 X-23.654 Y25.736 Z16.753 E975.83359
G1 X-24.868 Y24.868 Z16.76 E976.53542
G1 X-25.736 Y23.654 Z16.766 E977.23724
G1 X-26.367 Y22.022 Z16.774 E978.06009
G1 X-26.927 Y20.103 Z16.783 E979.00017
G1 X-27.719 Y18.14 Z16.793 E979.99562
G1 X-28.949 Y16.394 Z16.802 E980.99999
G1 X-30.447 Y14.948 Z16.811 E981.97911
G1 X-31.847 Y13.651 Z16.82 E982.8766
G1 X-32.845 Y12.373 Z16.827 E983.63914
G1 X-33.358 Y11.015 Z16.834 E984.32182
G1 X-33.431 Y9.433 Z16.841 E985.06657
G1 X-33.174 Y7.573 Z16.849 E985.94958
G1 X-32.876 Y5.535 Z16.858 E986.91818
G1 X-32.93 Y3.402 Z16.868 E987.92159
G1 X-33.48 Y1.35 Z16.878 E988.92064
G1 X-34.243 Y-.523 Z16.887 E989.87173
G1 X-34.819 Y-2.218 Z16.895 E990.71361
G1 X-34.965 Y-3.732 Z16.901 E991.42889
G1 X-34.628 Y-5.165 Z16.908 E992.12117
G1 X-33.803 Y-6.667 Z16.916 E992.92706
G1 X-32.673 Y-8.275 Z16.925 E993.85129
G1 X-31.592 Y-10.083 Z16.934 E994.84192
G1 X-30.921 Y-12.112 Z16.944 E995.84692
G1 X-30.686 Y-14.195 Z16.953 E996.83271
G1 X-30.56 Y-16.129 Z16.962 E997.74413
G1 X-30.226 Y-17.763 Z16.969 E998.52844
G1 X-29.541 Y-19.051 Z16.976 E999.21448
G1 X-28.418 Y-20.116 Z16.983 E999.94231
G1 X-26.859 Y-21.073 Z16.991 E1000.80257
G1 X-25.079 Y-22.089 Z17 E1001.76641
G1 X-23.404 Y-23.404 Z17.01 E1002.76786
G1 X-22.089 Y-25.079 Z17.019 E1003.7693
G1 X-21.073 Y-26.859 Z17.028 E1004.73314
G1 X-20.116 Y-28.418 Z17.036 E1005.5934
G1 X-19.051 Y-29.541 Z17.043 E1006.32124
G1 X-17.763 Y-30.226 Z17.05 E1007.00728
G1 X-16.129 Y-30.56 Z17.057 E1007.79158
G1 X-14.195 Y-30.686 Z17.066 E1008.70301
G1 X-12.112 Y-30.921 Z17.076 E1009.6888
G1 X-10.083 Y-31.592 Z17.085 E1010.69379
G1 X-8.275 Y-32.673 Z17.095 E1011.68442
G1 X-6.667 Y-33.803 Z17.103 E1012.60866
G1 X-5.165 Y-34.628 Z17.111 E1013.41454
G1 X-3.732 Y-34.965 Z17.118 E1014.10682
G1 X-2.218 Y-34.819 Z17.124 E1014.82211
G1 X-.523 Y-34.243 Z17.132 E1015.66398
G1 X1.35 Y-33.48 Z17.142 E1016.61508
G1 X3.402 Y-32.93 Z17.151 E1017.61413
G1 X5.535 Y-32.876 Z17.161 E1018.61754
G1 X7.573 Y-33.173 Z17.17 E1019.58607
G1 X9.433 Y-33.431 Z17.178 E1020.46914
G1 X11.015 Y-33.358 Z17.185 E1021.2139
G1 X12.373 Y-32.845 Z17.192 E1021.89657
G1 X13.651 Y-31.847 Z17.199 E1022.65911
G1 X14.948 Y-30.447 Z17.208 E1023.5566
G1 X16.394 Y-28.949 Z17.217 E1024.53572
G1 X18.14 Y-27.719 Z17.227 E1025.5401
G1 X20.103 Y-26.927 Z17.236 E1026.53554
G1 X22.022 Y-26.367 Z17.245 E1027.47563
G1 X23.654 Y-25.736 Z17.253 E1028.29847
G1 X24.868 Y-24.868 Z17.26 E1029.0003
G1 X25.736 Y-23.654 Z17.266 E1029.70212
G1 X26.367 Y-22.022 Z17.274 E1030.52497
G1 X26.927 Y-20.103 Z17.283 E1031.46505
G1 X27.719 Y-18.14 Z17.293 E1032.46049
G1 X28.949 Y-16.394 Z17.302 E1033.46487
G1 X30.447 Y-14.948 Z17.311 E1034.44399
G1 X31.847 Y-13.651 Z17.32 E1035.34148
G1 X32.845 Y-12.373 Z17.327 E1036.10402
G1 X33.358 Y-11.015 Z17.334 E1036.7867
G1 X33.431 Y-9.433 Z17.341 E1037.53145
G1 X33.174 Y-7.573 Z17.349 E1038.41446
G1 X32.876 Y-5.535 Z17.358 E1039.38306
G1 X32.93 Y-3.402 Z17.368 E1040.38646
G1 X33.48 Y-1.35 Z17.378 E1041.38552
G1 X34.243 Y0.523 Z17.387 E1042.33661
G1 X34.819 Y2.218 Z17.395 E1043.17849
G1 X34.965 Y3.732 Z17.401 E1043.89377
G1 X34.628 Y5.165 Z17.408 E1044.58605
G1 X33.803 Y6.667 Z17.416 E1045.39193
G1 X32.673 Y8.275 Z17.425 E1046.31617
G1 X31.592 Y10.083 Z17.434 E1047.3068
G1 X30.921 Y12.112 Z17.444 E1048.3118
G1 X30.686 Y14.195 Z17.453 E1049.29758
G1 X30.56 Y16.129 Z17.462 E1050.20901
G1 X30.226 Y17.763 Z17.469 E1050.99332
G1 X29.541 Y19.051 Z17.476 E1051.67936
G1 X28.418 Y20.116 Z17.483 E1052.40719
G1 X26.859 Y21.073 Z17.491 E1053.26745
G1 X25.079 Y22.089 Z17.5 E1054.23129
;TIME_ELAPSED:260.903033
;LAYER:17
;TYPE:WALL-OUTER
;MESH:two-component-v5.stl
G1 X23.398 Y23.398 Z17.51 E1055.23322
G1 X22.407 Y24.643 Z17.518 E1055.98154
G1 X21.596 Y25.859 Z17.525 E1056.66891
G1 X20.75 Y27.24 Z17.532 E1057.43052
G1 X19.482 Y28.912 Z17.542 E1058.41735
G1 X16.657 Y30.318 Z17.557 E1059.9013
G1 X14.809 Y30.534 Z17.566 E1060.77628
G1 X13.292 Y30.701 Z17.573 E1061.49398
G1 X11.84 Y30.943 Z17.58 E1062.18623
G1 X10.223 Y31.473 Z17.588 E1062.98646
G1 X8.921 Y32.159 Z17.595 E1063.67854
G1 X7.617 Y32.919 Z17.602 E1064.38833
G1 X6.074 Y33.826 Z17.611 E1065.23003
G1 X3.151 Y34.581 Z17.625 E1066.64974
G1 X1.075 Y34.135 Z17.635 E1067.64829
G1 X-.502 Y33.6 Z17.643 E1068.43142
G1 X-1.919 Y33.174 Z17.65 E1069.12726
G1 X-3.399 Y32.817 Z17.657 E1069.84322
G1 X-5.073 Y32.74 Z17.665 E1070.63128
G1 X-6.565 Y32.79 Z17.672 E1071.33332
G1 X-8.157 Y32.894 Z17.68 E1072.08358
G1 X-10.093 Y32.914 Z17.689 E1072.99407
G1 X-12.862 Y31.835 Z17.703 E1074.39162
G1 X-14.279 Y30.602 Z17.712 E1075.27494
G1 X-15.435 Y29.548 Z17.719 E1076.01062
G1 X-16.58 Y28.585 Z17.726 E1076.7142
G1 X-17.961 Y27.633 Z17.734 E1077.503
G1 X-19.339 Y26.958 Z17.741 E1078.2246
G1 X-20.708 Y26.337 Z17.749 E1078.93154
G1 X-22.272 Y25.651 Z17.757 E1079.73468
G1 X-24.549 Y24.076 Z17.77 E1081.03669
G1 X-25.615 Y22.259 Z17.78 E1082.02737
G1 X-26.284 Y20.694 Z17.788 E1082.82776
G1 X-26.907 Y19.319 Z17.795 E1083.53766
G1 X-27.59 Y17.932 Z17.802 E1084.26471
G1 X-28.525 Y16.539 Z17.81 E1085.05369
G1 X-29.457 Y15.343 Z17.817 E1085.76673
G1 X-30.45 Y14.117 Z17.825 E1086.50868
G1 X-31.567 Y12.655 Z17.833 E1087.37391
G1 X-32.522 Y10.075 Z17.846 E1088.66766
G1 X-32.566 Y8.204 Z17.855 E1089.54778
G1 X-32.542 Y6.601 Z17.863 E1090.3017
G1 X-32.556 Y5.069 Z17.87 E1091.02218
G1 X-32.657 Y3.395 Z17.878 E1091.81085
G1 X-32.942 Y1.857 Z17.886 E1092.54644
G1 X-33.244 Y0.358 Z17.893 E1093.26553
G1 X-33.582 Y-1.262 Z17.901 E1094.04377
G1 X-33.813 Y-3.225 Z17.91 E1094.97328
G1 X-33.202 Y-5.731 Z17.922 E1096.1863
G1 X-32.476 Y-7.305 Z17.93 E1097.00145
G1 X-31.831 Y-8.723 Z17.938 E1097.73403
G1 X-31.211 Y-10.136 Z17.945 E1098.45968
G1 X-30.655 Y-11.744 Z17.953 E1099.2598
G1 X-30.236 Y-13.239 Z17.96 E1099.98994
G1 X-29.813 Y-14.761 Z17.968 E1100.73282
G1 X-29.314 Y-16.451 Z17.976 E1101.56149
G1 X-28.116 Y-18.64 Z17.988 E1102.73499
G1 X-26.748 Y-19.947 Z17.997 E1103.62475
G1 X-25.523 Y-21.006 Z18.005 E1104.38625
G1 X-24.354 Y-22.037 Z18.012 E1105.11925
G1 X-23.14 Y-23.14 Z18.02 E1105.89061
G1 X-22.025 Y-24.344 Z18.028 E1106.66232
G1 X-20.964 Y-25.498 Z18.035 E1107.39952
G1 X-19.859 Y-26.693 Z18.043 E1108.16493
G1 X-18.511 Y-27.992 Z18.052 E1109.04529
G1 X-16.41 Y-29.112 Z18.063 E1110.16494
G1 X-14.75 Y-29.633 Z18.071 E1110.98313
G1 X-13.224 Y-30.094 Z18.079 E1111.7328
G1 X-11.71 Y-30.55 Z18.086 E1112.47638
G1 X-10.099 Y-31.097 Z18.094 E1113.27646
G1 X-8.625 Y-31.665 Z18.102 E1114.01932
G1 X-7.124 Y-32.219 Z18.109 E1114.77174
G1 X-5.502 Y-32.785 Z18.117 E1115.57962
G1 X-3.282 Y-33.227 Z18.128 E1116.64411
G1 X-1.427 Y-33.099 Z18.137 E1117.51854
G1 X0.212 Y-32.889 Z18.145 E1118.29561
G1 X1.786 Y-32.678 Z18.152 E1119.04243
G1 X3.389 Y-32.448 Z18.16 E1119.804
G1 X5.062 Y-32.282 Z18.168 E1120.59462
G1 X6.664 Y-32.111 Z18.175 E1121.35227
G1 X8.295 Y-31.905 Z18.183 E1122.12537
G1 X10.033 Y-31.61 Z18.191 E1122.95439
G1 X12.081 Y-30.833 Z18.202 E1123.98449
G1 X13.582 Y-29.956 Z18.21 E1124.80202
G1 X14.97 Y-29.098 Z18.218 E1125.56939
G1 X16.33 Y-28.229 Z18.225 E1126.32837
G1 X17.742 Y-27.321 Z18.233 E1127.11784
G1 X19.135 Y-26.453 Z18.241 E1127.88969
G1 X20.481 Y-25.558 Z18.249 E1128.64983
G1 X21.861 Y-24.586 Z18.257 E1129.44363
G1 X23.428 Y-23.274 Z18.266 E1130.40473
G1 X24.551 Y-21.847 Z18.275 E1131.25869
G1 X25.506 Y-20.466 Z18.283 E1132.04829
G1 X26.402 Y-19.115 Z18.291 E1132.81065
G1 X27.279 Y-17.713 Z18.298 E1133.58833
G1 X28.169 Y-16.288 Z18.306 E1134.37843
G1 X29.008 Y-14.877 Z18.314 E1135.15042
G1 X29.805 Y-13.42 Z18.322 E1135.93142
G1 X30.566 Y-11.873 Z18.33 E1136.74218
G1 X31.218 Y-10.015 Z18.34 E1137.66818
G1 X31.576 Y-8.341 Z18.348 E1138.47321
G1 X31.862 Y-6.7 Z18.356 E1139.25656
G1 X32.099 Y-5.057 Z18.363 E1140.03721
G1 X32.287 Y-3.385 Z18.371 E1140.82845
G1 X32.446 Y-1.724 Z18.379 E1141.61314
G1 X32.533 Y-0.068 Z18.387 E1142.39298
G1 X32.546 Y1.615 Z18.395 E1143.18447
G1 X32.46 Y3.356 Z18.403 E1144.0042
G1 X32.16 Y5.159 Z18.412 E1144.86376
G1 X31.775 Y6.812 Z18.42 E1145.66192
G1 X31.336 Y8.428 Z18.428 E1146.44941
G1 X30.834 Y10.012 Z18.436 E1147.23084
G1 X30.262 Y11.614 Z18.444 E1148.03079
G1 X29.629 Y13.171 Z18.452 E1148.8212
G1 X28.911 Y14.703 Z18.46 E1149.61685
G1 X28.107 Y16.204 Z18.468 E1150.41761
G1 X27.195 Y17.67 Z18.476 E1151.22954
G1 X26.201 Y19.057 Z18.484 E1152.03201
G1 X25.162 Y20.375 Z18.492 E1152.82125
G1 X24.054 Y21.655 Z18.5 E1153.61739
;TIME_ELAPSED:266.195943
;LAYER:18
;TYPE:WALL-OUTER
;MESH:two-component-v5.stl
G1 X22.886 Y22.886 Z18.508 E1154.41541
G1 X21.655 Y24.054 Z18.517 E1155.21343
G1 X20.364 Y25.156 Z18.525 E1156.01165
G1 X19.027 Y26.183 Z18.533 E1156.80448
G1 X17.621 Y27.149 Z18.542 E1157.6067
G1 X16.188 Y28.027 Z18.55 E1158.39703
G1 X14.698 Y28.836 Z18.558 E1159.19435
G1 X13.164 Y29.568 Z18.567 E1159.99367
G1 X11.599 Y30.216 Z18.575 E1160.79024
G1 X9.995 Y30.784 Z18.583 E1161.59045
G1 X8.384 Y31.262 Z18.592 E1162.3807
G1 X6.73 Y31.658 Z18.6 E1163.18051
G1 X5.054 Y31.969 Z18.608 E1163.98213
G1 X3.382 Y32.189 Z18.617 E1164.7752
G1 X1.691 Y32.322 Z18.625 E1165.57288
G1 X0.00 Y32.367 Z18.633 E1166.36839
G1 X-1.691 Y32.322 Z18.642 E1167.1639
G1 X-3.382 Y32.189 Z18.65 E1167.96158
G1 X-5.054 Y31.969 Z18.658 E1168.75465
G1 X-6.73 Y31.658 Z18.667 E1169.55628
G1 X-8.384 Y31.262 Z18.675 E1170.35608
G1 X-9.995 Y30.784 Z18.683 E1171.14633
G1 X-11.599 Y30.216 Z18.692 E1171.94654
G1 X-13.164 Y29.568 Z18.7 E1172.74311
G1 X-14.698 Y28.836 Z18.708 E1173.54243
G1 X-16.188 Y28.027 Z18.717 E1174.33975
G1 X-17.621 Y27.149 Z18.725 E1175.13008
G1 X-19.027 Y26.183 Z18.733 E1175.9323
G1 X-20.364 Y25.156 Z18.742 E1176.72513
G1 X-21.655 Y24.054 Z18.75 E1177.52335
G1 X-22.886 Y22.886 Z18.758 E1178.32137
G1 X-24.054 Y21.655 Z18.767 E1179.11939
G1 X-25.156 Y20.364 Z18.775 E1179.91761
G1 X-26.183 Y19.027 Z18.783 E1180.71044
G1 X-27.149 Y17.621 Z18.792 E1181.51266
G1 X-28.027 Y16.188 Z18.8 E1182.30299
G1 X-28.836 Y14.698 Z18.808 E1183.10031
G1 X-29.568 Y13.164 Z18.817 E1183.89963
G1 X-30.216 Y11.599 Z18.825 E1184.6962
G1 X-30.784 Y9.995 Z18.833 E1185.49641
G1 X-31.262 Y8.384 Z18.842 E1186.28666
G1 X-31.658 Y6.73 Z18.85 E1187.08647
G1 X-31.969 Y5.054 Z18.858 E1187.88809
G1 X-32.189 Y3.382 Z18.867 E1188.68116
G1 X-32.322 Y1.691 Z18.875 E1189.47884
G1 X-32.367 Y0.00 Z18.883 E1190.27435
G1 X-32.322 Y-1.691 Z18.892 E1191.06986
G1 X-32.189 Y-3.382 Z18.9 E1191.86754
G1 X-31.969 Y-5.054 Z18.908 E1192.66061
G1 X-31.658 Y-6.73 Z18.917 E1193.46224
G1 X-31.262 Y-8.384 Z18.925 E1194.26204
G1 X-30.784 Y-9.995 Z18.933 E1195.05229
G1 X-30.216 Y-11.599 Z18.942 E1195.8525
G1 X-29.568 Y-13.164 Z18.95 E1196.64907
G1 X-28.836 Y-14.698 Z18.958 E1197.44839
G1 X-28.027 Y-16.188 Z18.967 E1198.24571
G1 X-27.149 Y-17.621 Z18.975 E1199.03604
G1 X-26.183 Y-19.027 Z18.983 E1199.83826
G1 X-25.156 Y-20.364 Z18.992 E1200.63109
G1 X-24.054 Y-21.655 Z19 E1201.42932
G1 X-22.886 Y-22.886 Z19.008 E1202.22733
G1 X-21.655 Y-24.054 Z19.017 E1203.02535
G1 X-20.364 Y-25.156 Z19.025 E1203.82357
G1 X-19.027 Y-26.183 Z19.033 E1204.61641
G1 X-17.621 Y-27.149 Z19.042 E1205.41863
G1 X-16.188 Y-28.027 Z19.05 E1206.20895
G1 X-14.698 Y-28.836 Z19.058 E1207.00628
G1 X-13.164 Y-29.568 Z19.067 E1207.80559
G1 X-11.599 Y-30.216 Z19.075 E1208.60216
G1 X-9.995 Y-30.784 Z19.083 E1209.40237
G1 X-8.384 Y-31.262 Z19.092 E1210.19262
G1 X-6.73 Y-31.658 Z19.1 E1210.99243
G1 X-5.054 Y-31.969 Z19.108 E1211.79405
G1 X-3.382 Y-32.189 Z19.117 E1212.58712
G1 X-1.691 Y-32.322 Z19.125 E1213.38481
G1 X0.00 Y-32.367 Z19.133 E1214.18031
G1 X1.691 Y-32.322 Z19.142 E1214.97582
G1 X3.382 Y-32.189 Z19.15 E1215.7735
G1 X5.054 Y-31.969 Z19.158 E1216.56657
G1 X6.73 Y-31.658 Z19.167 E1217.3682
G1 X8.384 Y-31.262 Z19.175 E1218.168
G1 X9.995 Y-30.784 Z19.183 E1218.95825
G1 X11.599 Y-30.216 Z19.192 E1219.75847
G1 X13.164 Y-29.568 Z19.2 E1220.55503
G1 X14.698 Y-28.836 Z19.208 E1221.35435
G1 X16.188 Y-28.027 Z19.217 E1222.15167
G1 X17.621 Y-27.149 Z19.225 E1222.942
G1 X19.027 Y-26.183 Z19.233 E1223.74422
G1 X20.364 Y-25.156 Z19.242 E1224.53705
G1 X21.655 Y-24.054 Z19.25 E1225.33528
G1 X22.886 Y-22.886 Z19.258 E1226.13329
G1 X24.054 Y-21.655 Z19.267 E1226.93131
G1 X25.156 Y-20.364 Z19.275 E1227.72953
G1 X26.183 Y-19.027 Z19.283 E1228.52237
G1 X27.149 Y-17.621 Z19.292 E1229.32459
G1 X28.027 Y-16.188 Z19.3 E1230.11491
G1 X28.836 Y-14.698 Z19.308 E1230.91224
G1 X29.568 Y-13.164 Z19.317 E1231.71156
G1 X30.216 Y-11.599 Z19.325 E1232.50812
G1 X30.784 Y-9.995 Z19.333 E1233.30833
G1 X31.262 Y-8.384 Z19.342 E1234.09858
G1 X31.658 Y-6.73 Z19.35 E1234.89839
G1 X31.969 Y-5.054 Z19.358 E1235.70002
G1 X32.189 Y-3.382 Z19.367 E1236.49309
G1 X32.322 Y-1.691 Z19.375 E1237.29077
G1 X32.367 Y0.00 Z19.383 E1238.08627
G1 X32.322 Y1.691 Z19.392 E1238.88178
G1 X32.189 Y3.382 Z19.4 E1239.67946
G1 X31.969 Y5.054 Z19.408 E1240.47253
G1 X31.658 Y6.73 Z19.417 E1241.27416
G1 X31.262 Y8.384 Z19.425 E1242.07397
G1 X30.784 Y9.995 Z19.433 E1242.86421
G1 X30.216 Y11.599 Z19.442 E1243.66443
G1 X29.568 Y13.164 Z19.45 E1244.46099
G1 X28.836 Y14.698 Z19.458 E1245.26031
G1 X28.027 Y16.188 Z19.467 E1246.05763
G1 X27.149 Y17.621 Z19.475 E1246.84796
G1 X26.183 Y19.027 Z19.483 E1247.65018
G1 X25.156 Y20.364 Z19.492 E1248.44301
G1 X24.054 Y21.655 Z19.5 E1249.24124
;TIME_ELAPSED:271.288846
;LAYER:19
;TYPE:WALL-OUTER
;MESH:two-component-v5.stl
G1 X22.886 Y22.886 Z19.508 E1250.03925
G1 X21.655 Y24.054 Z19.517 E1250.83727
G1 X20.364 Y25.156 Z19.525 E1251.63549
G1 X19.027 Y26.183 Z19.533 E1252.42833
G1 X17.621 Y27.149 Z19.542 E1253.23055
G1 X16.188 Y28.027 Z19.55 E1254.02088
G1 X14.698 Y28.836 Z19.558 E1254.8182
G1 X13.164 Y29.568 Z19.567 E1255.61752
G1 X11.599 Y30.216 Z19.575 E1256.41408
G1 X9.995 Y30.784 Z19.583 E1257.21429
G1 X8.384 Y31.262 Z19.592 E1258.00454
G1 X6.73 Y31.658 Z19.6 E1258.80435
G1 X5.054 Y31.969 Z19.608 E1259.60598
G1 X3.382 Y32.189 Z19.617 E1260.39905
G1 X1.691 Y32.322 Z19.625 E1261.19673
G1 X0.00 Y32.367 Z19.633 E1261.99223
G1 X-1.691 Y32.322 Z19.642 E1262.78774
G1 X-3.382 Y32.189 Z19.65 E1263.58542
G1 X-5.054 Y31.969 Z19.658 E1264.37849
G1 X-6.73 Y31.658 Z19.667 E1265.18012
G1 X-8.384 Y31.262 Z19.675 E1265.97993
G1 X-9.995 Y30.784 Z19.683 E1266.77018
G1 X-11.599 Y30.216 Z19.692 E1267.57039
G1 X-13.164 Y29.568 Z19.7 E1268.36695
G1 X-14.698 Y28.836 Z19.708 E1269.16627
G1 X-16.188 Y28.027 Z19.717 E1269.96359
G1 X-17.621 Y27.149 Z19.725 E1270.75392
G1 X-19.027 Y26.183 Z19.733 E1271.55614
G1 X-20.364 Y25.156 Z19.742 E1272.34898
G1 X-21.655 Y24.054 Z19.75 E1273.1472
G1 X-22.886 Y22.886 Z19.758 E1273.94521
G1 X-24.054 Y21.655 Z19.767 E1274.74323
G1 X-25.156 Y20.364 Z19.775 E1275.54146
G1 X-26.183 Y19.027 Z19.783 E1276.33429
G1 X-27.149 Y17.621 Z19.792 E1277.13651
G1 X-28.027 Y16.188 Z19.8 E1277.92684
G1 X-28.836 Y14.698 Z19.808 E1278.72416
G1 X-29.568 Y13.164 Z19.817 E1279.52348
G1 X-30.216 Y11.599 Z19.825 E1280.32004
G1 X-30.784 Y9.995 Z19.833 E1281.12025
G1 X-31.262 Y8.384 Z19.842 E1281.9105
G1 X-31.658 Y6.73 Z19.85 E1282.71031
G1 X-31.969 Y5.054 Z19.858 E1283.51194
G1 X-32.189 Y3.382 Z19.867 E1284.30501
G1 X-32.322 Y1.691 Z19.875 E1285.10269
G1 X-32.367 Y0.00 Z19.883 E1285.89819
G1 X-32.322 Y-1.691 Z19.892 E1286.6937
G1 X-32.189 Y-3.382 Z19.9 E1287.49138
G1 X-31.969 Y-5.054 Z19.908 E1288.28445
G1 X-31.658 Y-6.73 Z19.917 E1289.08608
G1 X-31.262 Y-8.384 Z19.925 E1289.88589
G1 X-30.784 Y-9.995 Z19.933 E1290.67614
G1 X-30.216 Y-11.599 Z19.942 E1291.47635
G1 X-29.568 Y-13.164 Z19.95 E1292.27291
G1 X-28.836 Y-14.698 Z19.958 E1293.07223
G1 X-28.027 Y-16.188 Z19.967 E1293.86956
G1 X-27.149 Y-17.621 Z19.975 E1294.65988
G1 X-26.183 Y-19.027 Z19.983 E1295.4621
G1 X-25.156 Y-20.364 Z19.992 E1296.25494
G1 X-24.054 Y-21.655 Z20 E1297.05316
G1 X-22.886 Y-22.886 Z20.008 E1297.85118
G1 X-21.655 Y-24.054 Z20.017 E1298.64919
G1 X-20.364 Y-25.156 Z20.025 E1299.44742
G1 X-19.027 Y-26.183 Z20.033 E1300.24025
G1 X-17.621 Y-27.149 Z20.042 E1301.04247
G1 X-16.188 Y-28.027 Z20.05 E1301.8328
G1 X-14.698 Y-28.836 Z20.058 E1302.63012
G1 X-13.164 Y-29.568 Z20.067 E1303.42944
G1 X-11.599 Y-30.216 Z20.075 E1304.226
G1 X-9.995 Y-30.784 Z20.083 E1305.02621
G1 X-8.384 Y-31.262 Z20.092 E1305.81647
G1 X-6.73 Y-31.658 Z20.1 E1306.61627
G1 X-5.054 Y-31.969 Z20.108 E1307.4179
G1 X-3.382 Y-32.189 Z20.117 E1308.21097
G1 X-1.691 Y-32.322 Z20.125 E1309.00865
G1 X0.00 Y-32.367 Z20.133 E1309.80416
G1 X1.691 Y-32.322 Z20.142 E1310.59966
G1 X3.382 Y-32.189 Z20.15 E1311.39735
G1 X5.054 Y-31.969 Z20.158 E1312.19041
G1 X6.73 Y-31.658 Z20.167 E1312.99204
G1 X8.384 Y-31.262 Z20.175 E1313.79185
G1 X9.995 Y-30.784 Z20.183 E1314.5821
G1 X11.599 Y-30.216 Z20.192 E1315.38231
G1 X13.164 Y-29.568 Z20.2 E1316.17888
G1 X14.698 Y-28.836 Z20.208 E1316.97819
G1 X16.188 Y-28.027 Z20.217 E1317.77552
G1 X17.621 Y-27.149 Z20.225 E1318.56584
G1 X19.027 Y-26.183 Z20.233 E1319.36806
G1 X20.364 Y-25.156 Z20.242 E1320.1609
G1 X21.655 Y-24.054 Z20.25 E1320.95912
G1 X22.886 Y-22.886 Z20.258 E1321.75714
G1 X24.054 Y-21.655 Z20.267 E1322.55515
G1 X25.156 Y-20.364 Z20.275 E1323.35338
G1 X26.183 Y-19.027 Z20.283 E1324.14621
G1 X27.149 Y-17.621 Z20.292 E1324.94843
G1 X28.027 Y-16.188 Z20.3 E1325.73876
G1 X28.836 Y-14.698 Z20.308 E1326.53608
G1 X29.568 Y-13.164 Z20.317 E1327.3354
G1 X30.216 Y-11.599 Z20.325 E1328.13197
G1 X30.784 Y-9.995 Z20.333 E1328.93217
G1 X31.262 Y-8.384 Z20.342 E1329.72243
G1 X31.658 Y-6.73 Z20.35 E1330.52223
G1 X31.969 Y-5.054 Z20.358 E1331.32386
G1 X32.189 Y-3.382 Z20.367 E1332.11693
G1 X32.322 Y-1.691 Z20.375 E1332.91461
G1 X32.367 Y0.00 Z20.383 E1333.71012
G1 X32.322 Y1.691 Z20.392 E1334.50563
G1 X32.189 Y3.382 Z20.4 E1335.30331
G1 X31.969 Y5.054 Z20.408 E1336.09637
G1 X31.658 Y6.73 Z20.417 E1336.898
G1 X31.262 Y8.384 Z20.425 E1337.69781
G1 X30.784 Y9.995 Z20.433 E1338.48806
G1 X30.216 Y11.599 Z20.442 E1339.28827
G1 X29.568 Y13.164 Z20.45 E1340.08484
G1 X28.836 Y14.698 Z20.458 E1340.88415
G1 X28.027 Y16.188 Z20.467 E1341.68148
G1 X27.149 Y17.621 Z20.475 E1342.47181
G1 X26.183 Y19.027 Z20.483 E1343.27402
G1 X25.156 Y20.364 Z20.492 E1344.06686
G1 X24.054 Y21.655 Z20.5 E1344.86508
;TIME_ELAPSED:276.381748
;LAYER:20
;TYPE:WALL-OUTER
;MESH:two-component-v5.stl
G1 X22.886 Y22.886 Z20.508 E1345.6631
G1 X21.655 Y24.054 Z20.517 E1346.46112
G1 X20.364 Y25.156 Z20.525 E1347.25934
G1 X19.027 Y26.183 Z20.533 E1348.05217
G1 X17.621 Y27.149 Z20.542 E1348.85439
G1 X16.188 Y28.027 Z20.55 E1349.64472
G1 X14.698 Y28.836 Z20.558 E1350.44204
G1 X13.164 Y29.568 Z20.567 E1351.24136
G1 X11.599 Y30.216 Z20.575 E1352.03793
G1 X9.995 Y30.784 Z20.583 E1352.83814
G1 X8.384 Y31.262 Z20.592 E1353.62839
G1 X6.73 Y31.658 Z20.6 E1354.42819
G1 X5.054 Y31.969 Z20.608 E1355.22982
G1 X3.382 Y32.189 Z20.617 E1356.02289
G1 X1.691 Y32.322 Z20.625 E1356.82057
G1 X0.00 Y32.367 Z20.633 E1357.61608
G1 X-1.691 Y32.322 Z20.642 E1358.41159
G1 X-3.382 Y32.189 Z20.65 E1359.20927
G1 X-5.054 Y31.969 Z20.658 E1360.00234
G1 X-6.73 Y31.658 Z20.667 E1360.80396
G1 X-8.384 Y31.262 Z20.675 E1361.60377
G1 X-9.995 Y30.784 Z20.683 E1362.39402
G1 X-11.599 Y30.216 Z20.692 E1363.19423
G1 X-13.164 Y29.568 Z20.7 E1363.9908
G1 X-14.698 Y28.836 Z20.708 E1364.79011
G1 X-16.188 Y28.027 Z20.717 E1365.58744
G1 X-17.621 Y27.149 Z20.725 E1366.37777
G1 X-19.027 Y26.183 Z20.733 E1367.17998
G1 X-20.364 Y25.156 Z20.742 E1367.97282
G1 X-21.655 Y24.054 Z20.75 E1368.77104
G1 X-22.886 Y22.886 Z20.758 E1369.56906
G1 X-24.054 Y21.655 Z20.767 E1370.36708
G1 X-25.156 Y20.364 Z20.775 E1371.1653
G1 X-26.183 Y19.027 Z20.783 E1371.95813
G1 X-27.149 Y17.621 Z20.792 E1372.76035
G1 X-28.027 Y16.188 Z20.8 E1373.55068
G1 X-28.836 Y14.698 Z20.808 E1374.348
G1 X-29.568 Y13.164 Z20.817 E1375.14732
G1 X-30.216 Y11.599 Z20.825 E1375.94389
G1 X-30.784 Y9.995 Z20.833 E1376.7441
G1 X-31.262 Y8.384 Z20.842 E1377.53435
G1 X-31.658 Y6.73 Z20.85 E1378.33416
G1 X-31.969 Y5.054 Z20.858 E1379.13578
G1 X-32.189 Y3.382 Z20.867 E1379.92885
G1 X-32.322 Y1.691 Z20.875 E1380.72653
G1 X-32.367 Y0.00 Z20.883 E1381.52204
G1 X-32.322 Y-1.691 Z20.892 E1382.31755
G1 X-32.189 Y-3.382 Z20.9 E1383.11523
G1 X-31.969 Y-5.054 Z20.908 E1383.9083
G1 X-31.658 Y-6.73 Z20.917 E1384.70992
G1 X-31.262 Y-8.384 Z20.925 E1385.50973
G1 X-30.784 Y-9.995 Z20.933 E1386.29998
G1 X-30.216 Y-11.599 Z20.942 E1387.10019
G1 X-29.568 Y-13.164 Z20.95 E1387.89676
G1 X-28.836 Y-14.698 Z20.958 E1388.69607
G1 X-28.027 Y-16.188 Z20.967 E1389.4934
G1 X-27.149 Y-17.621 Z20.975 E1390.28373
G1 X-26.183 Y-19.027 Z20.983 E1391.08595
G1 X-25.156 Y-20.364 Z20.992 E1391.87878
G1 X-24.054 Y-21.655 Z21 E1392.677
G1 X-22.886 Y-22.886 Z21.008 E1393.47502
G1 X-21.655 Y-24.054 Z21.017 E1394.27304
G1 X-20.364 Y-25.156 Z21.025 E1395.07126
G1 X-19.027 Y-26.183 Z21.033 E1395.86409
G1 X-17.621 Y-27.149 Z21.042 E1396.66631
G1 X-16.188 Y-28.027 Z21.05 E1397.45664
G1 X-14.698 Y-28.836 Z21.058 E1398.25396
G1 X-13.164 Y-29.568 Z21.067 E1399.05328
G1 X-11.599 Y-30.216 Z21.075 E1399.84985
G1 X-9.995 Y-30.784 Z21.083 E1400.65006
G1 X-8.384 Y-31.262 Z21.092 E1401.44031
G1 X-6.73 Y-31.658 Z21.1 E1402.24012
G1 X-5.054 Y-31.969 Z21.108 E1403.04174
G1 X-3.382 Y-32.189 Z21.117 E1403.83481
G1 X-1.691 Y-32.322 Z21.125 E1404.63249
G1 X0.00 Y-32.367 Z21.133 E1405.428
G1 X1.691 Y-32.322 Z21.142 E1406.22351
G1 X3.382 Y-32.189 Z21.15 E1407.02119
G1 X5.054 Y-31.969 Z21.158 E1407.81426
G1 X6.73 Y-31.658 Z21.167 E1408.61589
G1 X8.384 Y-31.262 Z21.175 E1409.41569
G1 X9.995 Y-30.784 Z21.183 E1410.20594
G1 X11.599 Y-30.216 Z21.192 E1411.00615
G1 X13.164 Y-29.568 Z21.2 E1411.80272
G1 X14.698 Y-28.836 Z21.208 E1412.60204
G1 X16.188 Y-28.027 Z21.217 E1413.39936
G1 X17.621 Y-27.149 Z21.225 E1414.18969
G1 X19.027 Y-26.183 Z21.233 E1414.99191
G1 X20.364 Y-25.156 Z21.242 E1415.78474
G1 X21.655 Y-24.054 Z21.25 E1416.58296
G1 X22.886 Y-22.886 Z21.258 E1417.38098
G1 X24.054 Y-21.655 Z21.267 E1418.179
G1 X25.156 Y-20.364 Z21.275 E1418.97722
G1 X26.183 Y-19.027 Z21.283 E1419.77005
G1 X27.149 Y-17.621 Z21.292 E1420.57227
G1 X28.027 Y-16.188 Z21.3 E1421.3626
G1 X28.836 Y-14.698 Z21.308 E1422.15993
G1 X29.568 Y-13.164 Z21.317 E1422.95924
G1 X30.216 Y-11.599 Z21.325 E1423.75581
G1 X30.784 Y-9.995 Z21.333 E1424.55602
G1 X31.262 Y-8.384 Z21.342 E1425.34627
G1 X31.658 Y-6.73 Z21.35 E1426.14608
G1 X31.969 Y-5.054 Z21.358 E1426.9477
G1 X32.189 Y-3.382 Z21.367 E1427.74077
G1 X32.322 Y-1.691 Z21.375 E1428.53845
G1 X32.367 Y0.00 Z21.383 E1429.33396
G1 X32.322 Y1.691 Z21.392 E1430.12947
G1 X32.189 Y3.382 Z21.4 E1430.92715
G1 X31.969 Y5.054 Z21.408 E1431.72022
G1 X31.658 Y6.73 Z21.417 E1432.52185
G1 X31.262 Y8.384 Z21.425 E1433.32165
G1 X30.784 Y9.995 Z21.433 E1434.1119
G1 X30.216 Y11.599 Z21.442 E1434.91211
G1 X29.568 Y13.164 Z21.45 E1435.70868
G1 X28.836 Y14.698 Z21.458 E1436.508
G1 X28.027 Y16.188 Z21.467 E1437.30532
G1 X27.149 Y17.621 Z21.475 E1438.09565
G1 X26.183 Y19.027 Z21.483 E1438.89787
G1 X25.156 Y20.364 Z21.492 E1439.6907
G1 X24.054 Y21.655 Z21.5 E1440.48893
;TIME_ELAPSED:281.474650
;LAYER:21
;TYPE:WALL-OUTER
;MESH:two-component-v5.stl
G1 X22.886 Y22.886 Z21.508 E1441.28694
G1 X21.655 Y24.054 Z21.517 E1442.08496
G1 X20.364 Y25.156 Z21.525 E1442.88318
G1 X19.027 Y26.183 Z21.533 E1443.67602
G1 X17.621 Y27.149 Z21.542 E1444.47824
G1 X16.188 Y28.027 Z21.55 E1445.26856
G1 X14.698 Y28.836 Z21.558 E1446.06589
G1 X13.164 Y29.568 Z21.567 E1446.8652
G1 X11.599 Y30.216 Z21.575 E1447.66177
G1 X9.995 Y30.784 Z21.583 E1448.46198
G1 X8.384 Y31.262 Z21.592 E1449.25223
G1 X6.73 Y31.658 Z21.6 E1450.05204
G1 X5.054 Y31.969 Z21.608 E1450.85366
G1 X3.382 Y32.189 Z21.617 E1451.64673
G1 X1.691 Y32.322 Z21.625 E1452.44442
G1 X0.00 Y32.367 Z21.633 E1453.23992
G1 X-1.691 Y32.322 Z21.642 E1454.03543
G1 X-3.382 Y32.189 Z21.65 E1454.83311
G1 X-5.054 Y31.969 Z21.658 E1455.62618
G1 X-6.73 Y31.658 Z21.667 E1456.42781
G1 X-8.384 Y31.262 Z21.675 E1457.22762
G1 X-9.995 Y30.784 Z21.683 E1458.01786
G1 X-11.599 Y30.216 Z21.692 E1458.81808
G1 X-13.164 Y29.568 Z21.7 E1459.61464
G1 X-14.698 Y28.836 Z21.708 E1460.41396
G1 X-16.188 Y28.027 Z21.717 E1461.21128
G1 X-17.621 Y27.149 Z21.725 E1462.00161
G1 X-19.027 Y26.183 Z21.733 E1462.80383
G1 X-20.364 Y25.156 Z21.742 E1463.59666
G1 X-21.655 Y24.054 Z21.75 E1464.39489
G1 X-22.886 Y22.886 Z21.758 E1465.1929
G1 X-24.054 Y21.655 Z21.767 E1465.99092
G1 X-25.156 Y20.364 Z21.775 E1466.78914
G1 X-26.183 Y19.027 Z21.783 E1467.58198
G1 X-27.149 Y17.621 Z21.792 E1468.3842
G1 X-28.027 Y16.188 Z21.8 E1469.17453
G1 X-28.836 Y14.698 Z21.808 E1469.97185
G1 X-29.568 Y13.164 Z21.817 E1470.77117
G1 X-30.216 Y11.599 Z21.825 E1471.56773
G1 X-30.784 Y9.995 Z21.833 E1472.36794
G1 X-31.262 Y8.384 Z21.842 E1473.15819
G1 X-31.658 Y6.73 Z21.85 E1473.958
G1 X-31.969 Y5.054 Z21.858 E1474.75963
G1 X-32.189 Y3.382 Z21.867 E1475.5527
G1 X-32.322 Y1.691 Z21.875 E1476.35038
G1 X-32.367 Y0.00 Z21.883 E1477.14588
G1 X-32.322 Y-1.691 Z21.892 E1477.94139
G1 X-32.189 Y-3.382 Z21.9 E1478.73907
G1 X-31.969 Y-5.054 Z21.908 E1479.53214
G1 X-31.658 Y-6.73 Z21.917 E1480.33377
G1 X-31.262 Y-8.384 Z21.925 E1481.13358
G1 X-30.784 Y-9.995 Z21.933 E1481.92383
G1 X-30.216 Y-11.599 Z21.942 E1482.72404
G1 X-29.568 Y-13.164 Z21.95 E1483.5206
G1 X-28.836 Y-14.698 Z21.958 E1484.31992
G1 X-28.027 Y-16.188 Z21.967 E1485.11724
G1 X-27.149 Y-17.621 Z21.975 E1485.90757
G1 X-26.183 Y-19.027 Z21.983 E1486.70979
G1 X-25.156 Y-20.364 Z21.992 E1487.50262
G1 X-24.054 Y-21.655 Z22 E1488.30085
G1 X-22.886 Y-22.886 Z22.008 E1489.09886
G1 X-21.655 Y-24.054 Z22.017 E1489.89688
G1 X-20.364 Y-25.156 Z22.025 E1490.69511
G1 X-19.027 Y-26.183 Z22.033 E1491.48794
G1 X-17.621 Y-27.149 Z22.042 E1492.29016
G1 X-16.188 Y-28.027 Z22.05 E1493.08049
G1 X-14.698 Y-28.836 Z22.058 E1493.87781
G1 X-13.164 Y-29.568 Z22.067 E1494.67713
G1 X-11.599 Y-30.216 Z22.075 E1495.47369
G1 X-9.995 Y-30.784 Z22.083 E1496.2739
G1 X-8.384 Y-31.262 Z22.092 E1497.06415
G1 X-6.73 Y-31.658 Z22.1 E1497.86396
G1 X-5.054 Y-31.969 Z22.108 E1498.66559
G1 X-3.382 Y-32.189 Z22.117 E1499.45866
G1 X-1.691 Y-32.322 Z22.125 E1500.25634
G1 X0.00 Y-32.367 Z22.133 E1501.05184
G1 X1.691 Y-32.322 Z22.142 E1501.84735
G1 X3.382 Y-32.189 Z22.15 E1502.64503
G1 X5.054 Y-31.969 Z22.158 E1503.4381
G1 X6.73 Y-31.658 Z22.167 E1504.23973
G1 X8.384 Y-31.262 Z22.175 E1505.03954
G1 X9.995 Y-30.784 Z22.183 E1505.82979
G1 X11.599 Y-30.216 Z22.192 E1506.63
G1 X13.164 Y-29.568 Z22.2 E1507.42656
G1 X14.698 Y-28.836 Z22.208 E1508.22588
G1 X16.188 Y-28.027 Z22.217 E1509.0232
G1 X17.621 Y-27.149 Z22.225 E1509.81353
G1 X19.027 Y-26.183 Z22.233 E1510.61575
G1 X20.364 Y-25.156 Z22.242 E1511.40859
G1 X21.655 Y-24.054 Z22.25 E1512.20681
G1 X22.886 Y-22.886 Z22.258 E1513.00482
G1 X24.054 Y-21.655 Z22.267 E1513.80284
G1 X25.156 Y-20.364 Z22.275 E1514.60107
G1 X26.183 Y-19.027 Z22.283 E1515.3939
G1 X27.149 Y-17.621 Z22.292 E1516.19612
G1 X28.027 Y-16.188 Z22.3 E1516.98645
G1 X28.836 Y-14.698 Z22.308 E1517.78377
G1 X29.568 Y-13.164 Z22.317 E1518.58309
G1 X30.216 Y-11.599 Z22.325 E1519.37965
G1 X30.784 Y-9.995 Z22.333 E1520.17986
G1 X31.262 Y-8.384 Z22.342 E1520.97011
G1 X31.658 Y-6.73 Z22.35 E1521.76992
G1 X31.969 Y-5.054 Z22.358 E1522.57155
G1 X32.189 Y-3.382 Z22.367 E1523.36462
G1 X32.322 Y-1.691 Z22.375 E1524.1623
G1 X32.367 Y0.00 Z22.383 E1524.95781
G1 X32.322 Y1.691 Z22.392 E1525.75331
G1 X32.189 Y3.382 Z22.4 E1526.551
G1 X31.969 Y5.054 Z22.408 E1527.34406
G1 X31.658 Y6.73 Z22.417 E1528.14569
G1 X31.262 Y8.384 Z22.425 E1528.9455
G1 X30.784 Y9.995 Z22.433 E1529.73575
G1 X30.216 Y11.599 Z22.442 E1530.53596
G1 X29.568 Y13.164 Z22.45 E1531.33252
G1 X28.836 Y14.698 Z22.458 E1532.13184
G1 X28.027 Y16.188 Z22.467 E1532.92917
G1 X27.149 Y17.621 Z22.475 E1533.71949
G1 X26.183 Y19.027 Z22.483 E1534.52171
G1 X25.156 Y20.364 Z22.492 E1535.31455
G1 X24.054 Y21.655 Z22.5 E1536.11277
;TIME_ELAPSED:286.567552
;LAYER:22
;TYPE:WALL-OUTER
;MESH:two-component-v5.stl
G1 X22.886 Y22.886 Z22.508 E1536.91079
G1 X21.655 Y24.054 Z22.517 E1537.7088
G1 X20.364 Y25.156 Z22.525 E1538.50703
G1 X19.027 Y26.183 Z22.533 E1539.29986
G1 X17.621 Y27.149 Z22.542 E1540.10208
G1 X16.188 Y28.027 Z22.55 E1540.89241
G1 X14.698 Y28.836 Z22.558 E1541.68973
G1 X13.164 Y29.568 Z22.567 E1542.48905
G1 X11.599 Y30.216 Z22.575 E1543.28561
G1 X9.995 Y30.784 Z22.583 E1544.08582
G1 X8.384 Y31.262 Z22.592 E1544.87608
G1 X6.73 Y31.658 Z22.6 E1545.67588
G1 X5.054 Y31.969 Z22.608 E1546.47751
G1 X3.382 Y32.189 Z22.617 E1547.27058
G1 X1.691 Y32.322 Z22.625 E1548.06826
G1 X0.00 Y32.367 Z22.633 E1548.86377
G1 X-1.691 Y32.322 Z22.642 E1549.65928
G1 X-3.382 Y32.189 Z22.65 E1550.45696
G1 X-5.054 Y31.969 Z22.658 E1551.25002
G1 X-6.73 Y31.658 Z22.667 E1552.05165
G1 X-8.384 Y31.262 Z22.675 E1552.85146
G1 X-9.995 Y30.784 Z22.683 E1553.64171
G1 X-11.599 Y30.216 Z22.692 E1554.44192
G1 X-13.164 Y29.568 Z22.7 E1555.23849
G1 X-14.698 Y28.836 Z22.708 E1556.0378
G1 X-16.188 Y28.027 Z22.717 E1556.83513
G1 X-17.621 Y27.149 Z22.725 E1557.62545
G1 X-19.027 Y26.183 Z22.733 E1558.42767
G1 X-20.364 Y25.156 Z22.742 E1559.22051
G1 X-21.655 Y24.054 Z22.75 E1560.01873
G1 X-22.886 Y22.886 Z22.758 E1560.81675
G1 X-24.054 Y21.655 Z22.767 E1561.61476
G1 X-25.156 Y20.364 Z22.775 E1562.41299
G1 X-26.183 Y19.027 Z22.783 E1563.20582
G1 X-27.149 Y17.621 Z22.792 E1564.00804
G1 X-28.027 Y16.188 Z22.8 E1564.79837
G1 X-28.836 Y14.698 Z22.808 E1565.59569
G1 X-29.568 Y13.164 Z22.817 E1566.39501
G1 X-30.216 Y11.599 Z22.825 E1567.19158
G1 X-30.784 Y9.995 Z22.833 E1567.99179
G92 E0
G1 X-31.262 Y8.384 Z22.842 E0.79025
G1 X-31.658 Y6.73 Z22.85 E1.59006
G1 X-31.969 Y5.054 Z22.858 E2.39168
G1 X-32.189 Y3.382 Z22.867 E3.18475
G1 X-32.322 Y1.691 Z22.875 E3.98244
G1 X-32.367 Y0.00 Z22.883 E4.77794
G1 X-32.322 Y-1.691 Z22.892 E5.57345
G1 X-32.189 Y-3.382 Z22.9 E6.37113
G1 X-31.969 Y-5.054 Z22.908 E7.1642
G1 X-31.658 Y-6.73 Z22.917 E7.96583
G1 X-31.262 Y-8.384 Z22.925 E8.76564
G1 X-30.784 Y-9.995 Z22.933 E9.55588
G1 X-30.216 Y-11.599 Z22.942 E10.3561
G1 X-29.568 Y-13.164 Z22.95 E11.15266
G1 X-28.836 Y-14.698 Z22.958 E11.95198
G1 X-28.027 Y-16.188 Z22.967 E12.7493
G1 X-27.149 Y-17.621 Z22.975 E13.53963
G1 X-26.183 Y-19.027 Z22.983 E14.34185
G1 X-25.156 Y-20.364 Z22.992 E15.13468
G1 X-24.054 Y-21.655 Z23 E15.93291
G1 X-22.886 Y-22.886 Z23.008 E16.73092
G1 X-21.655 Y-24.054 Z23.017 E17.52894
G1 X-20.364 Y-25.156 Z23.025 E18.32716
G1 X-19.027 Y-26.183 Z23.033 E19.12
G1 X-17.621 Y-27.149 Z23.042 E19.92222
G1 X-16.188 Y-28.027 Z23.05 E20.71255
G1 X-14.698 Y-28.836 Z23.058 E21.50987
G1 X-13.164 Y-29.568 Z23.067 E22.30919
G1 X-11.599 Y-30.216 Z23.075 E23.10575
G1 X-9.995 Y-30.784 Z23.083 E23.90596
G1 X-8.384 Y-31.262 Z23.092 E24.69621
G1 X-6.73 Y-31.658 Z23.1 E25.49602
G1 X-5.054 Y-31.969 Z23.108 E26.29765
G1 X-3.382 Y-32.189 Z23.117 E27.09072
G1 X-1.691 Y-32.322 Z23.125 E27.8884
G1 X0.00 Y-32.367 Z23.133 E28.6839
G1 X1.691 Y-32.322 Z23.142 E29.47941
G1 X3.382 Y-32.189 Z23.15 E30.27709
G1 X5.054 Y-31.969 Z23.158 E31.07016
G1 X6.73 Y-31.658 Z23.167 E31.87179
G1 X8.384 Y-31.262 Z23.175 E32.6716
G1 X9.995 Y-30.784 Z23.183 E33.46185
G1 X11.599 Y-30.216 Z23.192 E34.26206
G1 X13.164 Y-29.568 Z23.2 E35.05862
G1 X14.698 Y-28.836 Z23.208 E35.85794
G1 X16.188 Y-28.027 Z23.217 E36.65526
G1 X17.621 Y-27.149 Z23.225 E37.44559
G1 X19.027 Y-26.183 Z23.233 E38.24781
G1 X20.364 Y-25.156 Z23.242 E39.04064
G1 X21.655 Y-24.054 Z23.25 E39.83887
G1 X22.886 Y-22.886 Z23.258 E40.63688
G1 X24.054 Y-21.655 Z23.267 E41.4349
G1 X25.156 Y-20.364 Z23.275 E42.23313
G1 X26.183 Y-19.027 Z23.283 E43.02596
G1 X27.149 Y-17.621 Z23.292 E43.82818
G1 X28.027 Y-16.188 Z23.3 E44.61851
G1 X28.836 Y-14.698 Z23.308 E45.41583
G1 X29.568 Y-13.164 Z23.317 E46.21515
G1 X30.216 Y-11.599 Z23.325 E47.01171
G1 X30.784 Y-9.995 Z23.333 E47.81192
G1 X31.262 Y-8.384 Z23.342 E48.60217
G1 X31.658 Y-6.73 Z23.35 E49.40198
G1 X31.969 Y-5.054 Z23.358 E50.20361
G1 X32.189 Y-3.382 Z23.367 E50.99668
G1 X32.322 Y-1.691 Z23.375 E51.79436
G1 X32.367 Y0.00 Z23.383 E52.58986
G1 X32.322 Y1.691 Z23.392 E53.38537
G1 X32.189 Y3.382 Z23.4 E54.18305
G1 X31.969 Y5.054 Z23.408 E54.97612
G1 X31.658 Y6.73 Z23.417 E55.77775
G1 X31.262 Y8.384 Z23.425 E56.57756
G1 X30.784 Y9.995 Z23.433 E57.36781
G1 X30.216 Y11.599 Z23.442 E58.16802
G1 X29.568 Y13.164 Z23.45 E58.96458
G1 X28.836 Y14.698 Z23.458 E59.7639
G1 X28.027 Y16.188 Z23.467 E60.56122
G1 X27.149 Y17.621 Z23.475 E61.35155
G1 X26.183 Y19.027 Z23.483 E62.15377
G1 X25.156 Y20.364 Z23.492 E62.94661
G1 X24.054 Y21.655 Z23.5 E63.74483
;TIME_ELAPSED:291.674451
;LAYER:23
;TYPE:WALL-OUTER
;MESH:two-component-v5.stl
G1 X22.886 Y22.886 Z23.508 E64.54284
G1 X21.655 Y24.054 Z23.517 E65.34086
G1 X20.364 Y25.156 Z23.525 E66.13909
G1 X19.027 Y26.183 Z23.533 E66.93192
G1 X17.621 Y27.149 Z23.542 E67.73414
G1 X16.188 Y28.027 Z23.55 E68.52447
G1 X14.698 Y28.836 Z23.558 E69.32179
G1 X13.164 Y29.568 Z23.567 E70.12111
G1 X11.599 Y30.216 Z23.575 E70.91767
G1 X9.995 Y30.784 Z23.583 E71.71788
G1 X8.384 Y31.262 Z23.592 E72.50813
G1 X6.73 Y31.658 Z23.6 E73.30794
G1 X5.054 Y31.969 Z23.608 E74.10957
G1 X3.382 Y32.189 Z23.617 E74.90264
G1 X1.691 Y32.322 Z23.625 E75.70032
G1 X0.00 Y32.367 Z23.633 E76.49583
G1 X-1.691 Y32.322 Z23.642 E77.29133
G1 X-3.382 Y32.189 Z23.65 E78.08902
G1 X-5.054 Y31.969 Z23.658 E78.88208
G1 X-6.73 Y31.658 Z23.667 E79.68371
G1 X-8.384 Y31.262 Z23.675 E80.48352
G1 X-9.995 Y30.784 Z23.683 E81.27377
G1 X-11.599 Y30.216 Z23.692 E82.07398
G1 X-13.164 Y29.568 Z23.7 E82.87054
G1 X-14.698 Y28.836 Z23.708 E83.66986
G1 X-16.188 Y28.027 Z23.717 E84.46719
G1 X-17.621 Y27.149 Z23.725 E85.25751
G1 X-19.027 Y26.183 Z23.733 E86.05973
G1 X-20.364 Y25.156 Z23.742 E86.85257
G1 X-21.655 Y24.054 Z23.75 E87.65079
G1 X-22.886 Y22.886 Z23.758 E88.44881
G1 X-24.054 Y21.655 Z23.767 E89.24682
G1 X-25.156 Y20.364 Z23.775 E90.04505
G1 X-26.183 Y19.027 Z23.783 E90.83788
G1 X-27.149 Y17.621 Z23.792 E91.6401
G1 X-28.027 Y16.188 Z23.8 E92.43043
G1 X-28.836 Y14.698 Z23.808 E93.22775
G1 X-29.568 Y13.164 Z23.817 E94.02707
G1 X-30.216 Y11.599 Z23.825 E94.82363
G1 X-30.784 Y9.995 Z23.833 E95.62384
G1 X-31.262 Y8.384 Z23.842 E96.4141
G1 X-31.658 Y6.73 Z23.85 E97.2139
G1 X-31.969 Y5.054 Z23.858 E98.01553
G1 X-32.189 Y3.382 Z23.867 E98.8086
G1 X-32.322 Y1.691 Z23.875 E99.60628
G1 X-32.367 Y0.00 Z23.883 E100.40179
G1 X-32.322 Y-1.691 Z23.892 E101.1973
G1 X-32.189 Y-3.382 Z23.9 E101.99498
G1 X-31.969 Y-5.054 Z23.908 E102.78804
G1 X-31.658 Y-6.73 Z23.917 E103.58967
G1 X-31.262 Y-8.384 Z23.925 E104.38948
G1 X-30.784 Y-9.995 Z23.933 E105.17973
G1 X-30.216 Y-11.599 Z23.942 E105.97994
G1 X-29.568 Y-13.164 Z23.95 E106.77651
G1 X-28.836 Y-14.698 Z23.958 E107.57582
G1 X-28.027 Y-16.188 Z23.967 E108.37315
G1 X-27.149 Y-17.621 Z23.975 E109.16347
G1 X-26.183 Y-19.027 Z23.983 E109.96569
G1 X-25.156 Y-20.364 Z23.992 E110.75853
G1 X-24.054 Y-21.655 Z24 E111.55675
G1 X-22.886 Y-22.886 Z24.008 E112.35477
G1 X-21.655 Y-24.054 Z24.017 E113.15278
G1 X-20.364 Y-25.156 Z24.025 E113.95101
G1 X-19.027 Y-26.183 Z24.033 E114.74384
G1 X-17.621 Y-27.149 Z24.042 E115.54606
G1 X-16.188 Y-28.027 Z24.05 E116.33639
G1 X-14.698 Y-28.836 Z24.058 E117.13371
G1 X-13.164 Y-29.568 Z24.067 E117.93303
G1 X-11.599 Y-30.216 Z24.075 E118.7296
G1 X-9.995 Y-30.784 Z24.083 E119.52981
G1 X-8.384 Y-31.262 Z24.092 E120.32006
G1 X-6.73 Y-31.658 Z24.1 E121.11986
G1 X-5.054 Y-31.969 Z24.108 E121.92149
G1 X-3.382 Y-32.189 Z24.117 E122.71456
G1 X-1.691 Y-32.322 Z24.125 E123.51224
G1 X0.00 Y-32.367 Z24.133 E124.30775
G1 X1.691 Y-32.322 Z24.142 E125.10326
G1 X3.382 Y-32.189 Z24.15 E125.90094
G1 X5.054 Y-31.969 Z24.158 E126.694
G1 X6.73 Y-31.658 Z24.167 E127.49563
G1 X8.384 Y-31.262 Z24.175 E128.29544
G1 X9.995 Y-30.784 Z24.183 E129.08569
G1 X11.599 Y-30.216 Z24.192 E129.8859
G1 X13.164 Y-29.568 Z24.2 E130.68247
G1 X14.698 Y-28.836 Z24.208 E131.48178
G1 X16.188 Y-28.027 Z24.217 E132.27911
G1 X17.621 Y-27.149 Z24.225 E133.06944
G1 X19.027 Y-26.183 Z24.233 E133.87165
G1 X20.364 Y-25.156 Z24.242 E134.66449
G1 X21.655 Y-24.054 Z24.25 E135.46271
G1 X22.886 Y-22.886 Z24.258 E136.26073
G1 X24.054 Y-21.655 Z24.267 E137.05875
G1 X25.156 Y-20.364 Z24.275 E137.85697
G1 X26.183 Y-19.027 Z24.283 E138.6498
G1 X27.149 Y-17.621 Z24.292 E139.45202
G1 X28.027 Y-16.188 Z24.3 E140.24235
G1 X28.836 Y-14.698 Z24.308 E141.03967
G1 X29.568 Y-13.164 Z24.317 E141.83899
G1 X30.216 Y-11.599 Z24.325 E142.63556
G1 X30.784 Y-9.995 Z24.333 E143.43577
G1 X31.262 Y-8.384 Z24.342 E144.22602
G1 X31.658 Y-6.73 Z24.35 E145.02583
G1 X31.969 Y-5.054 Z24.358 E145.82745
G1 X32.189 Y-3.382 Z24.367 E146.62052
G1 X32.322 Y-1.691 Z24.375 E147.4182
G1 X32.367 Y0.00 Z24.383 E148.21371
G1 X32.322 Y1.691 Z24.392 E149.00922
G1 X32.189 Y3.382 Z24.4 E149.8069
G1 X31.969 Y5.054 Z24.408 E150.59997
G1 X31.658 Y6.73 Z24.417 E151.40159
G1 X31.262 Y8.384 Z24.425 E152.2014
G1 X30.784 Y9.995 Z24.433 E152.99165
G1 X30.216 Y11.599 Z24.442 E153.79186
G1 X29.568 Y13.164 Z24.45 E154.58843
G1 X28.836 Y14.698 Z24.458 E155.38774
G1 X28.027 Y16.188 Z24.467 E156.18507
G1 X27.149 Y17.621 Z24.475 E156.9754
G1 X26.183 Y19.027 Z24.483 E157.77761
G1 X25.156 Y20.364 Z24.492 E158.57045
G1 X24.054 Y21.655 Z24.5 E159.36867
;TIME_ELAPSED:296.767353
;LAYER:24
;TYPE:WALL-OUTER
;MESH:two-component-v5.stl
G1 X22.886 Y22.886 Z24.508 E160.16669
G1 X21.655 Y24.054 Z24.517 E160.96471
G1 X20.364 Y25.156 Z24.525 E161.76293
G1 X19.027 Y26.183 Z24.533 E162.55576
G1 X17.621 Y27.149 Z24.542 E163.35798
G1 X16.188 Y28.027 Z24.55 E164.14831
G1 X14.698 Y28.836 Z24.558 E164.94563
G1 X13.164 Y29.568 Z24.567 E165.74495
G1 X11.599 Y30.216 Z24.575 E166.54152
G1 X9.995 Y30.784 Z24.583 E167.34173
G1 X8.384 Y31.262 Z24.592 E168.13198
G1 X6.73 Y31.658 Z24.6 E168.93179
G1 X5.054 Y31.969 Z24.608 E169.73341
G1 X3.382 Y32.189 Z24.617 E170.52648
G1 X1.691 Y32.322 Z24.625 E171.32416
G1 X0.00 Y32.367 Z24.633 E172.11967
G1 X-1.691 Y32.322 Z24.642 E172.91518
G1 X-3.382 Y32.189 Z24.65 E173.71286
G1 X-5.054 Y31.969 Z24.658 E174.50593
G1 X-6.73 Y31.658 Z24.667 E175.30755
G1 X-8.384 Y31.262 Z24.675 E176.10736
G1 X-9.995 Y30.784 Z24.683 E176.89761
G1 X-11.599 Y30.216 Z24.692 E177.69782
G1 X-13.164 Y29.568 Z24.7 E178.49439
G1 X-14.698 Y28.836 Z24.708 E179.29371
G1 X-16.188 Y28.027 Z24.717 E180.09103
G1 X-17.621 Y27.149 Z24.725 E180.88136
G1 X-19.027 Y26.183 Z24.733 E181.68358
G1 X-20.364 Y25.156 Z24.742 E182.47641
G1 X-21.655 Y24.054 Z24.75 E183.27463
G1 X-22.886 Y22.886 Z24.758 E184.07265
G1 X-24.054 Y21.655 Z24.767 E184.87067
G1 X-25.156 Y20.364 Z24.775 E185.66889
G1 X-26.183 Y19.027 Z24.783 E186.46172
G1 X-27.149 Y17.621 Z24.792 E187.26394
G1 X-28.027 Y16.188 Z24.8 E188.05427
G1 X-28.836 Y14.698 Z24.808 E188.85159
G1 X-29.568 Y13.164 Z24.817 E189.65091
G1 X-30.216 Y11.599 Z24.825 E190.44748
G1 X-30.784 Y9.995 Z24.833 E191.24769
G1 X-31.262 Y8.384 Z24.842 E192.03794
G1 X-31.658 Y6.73 Z24.85 E192.83775
G1 X-31.969 Y5.054 Z24.858 E193.63937
G1 X-32.189 Y3.382 Z24.867 E194.43244
G1 X-32.322 Y1.691 Z24.875 E195.23012
G1 X-32.367 Y0.00 Z24.883 E196.02563
G1 X-32.322 Y-1.691 Z24.892 E196.82114
G1 X-32.189 Y-3.382 Z24.9 E197.61882
G1 X-31.969 Y-5.054 Z24.908 E198.41189
G1 X-31.658 Y-6.73 Z24.917 E199.21352
G1 X-31.262 Y-8.384 Z24.925 E200.01332
G1 X-30.784 Y-9.995 Z24.933 E200.80357
G1 X-30.216 Y-11.599 Z24.942 E201.60378
G1 X-29.568 Y-13.164 Z24.95 E202.40035
G1 X-28.836 Y-14.698 Z24.958 E203.19967
G1 X-28.027 Y-16.188 Z24.967 E203.99699
G1 X-27.149 Y-17.621 Z24.975 E204.78732
G1 X-26.183 Y-19.027 Z24.983 E205.58954
G1 X-25.156 Y-20.364 Z24.992 E206.38237
G1 X-24.054 Y-21.655 Z25 E207.1806
G1 X-22.886 Y-22.886 Z25.008 E207.97861
G1 X-21.655 Y-24.054 Z25.017 E208.77663
G1 X-20.364 Y-25.156 Z25.025 E209.57485
G1 X-19.027 Y-26.183 Z25.033 E210.36768
G1 X-17.621 Y-27.149 Z25.042 E211.1699
G1 X-16.188 Y-28.027 Z25.05 E211.96023
G1 X-14.698 Y-28.836 Z25.058 E212.75756
G1 X-13.164 Y-29.568 Z25.067 E213.55687
G1 X-11.599 Y-30.216 Z25.075 E214.35344
G1 X-9.995 Y-30.784 Z25.083 E215.15365
G1 X-8.384 Y-31.262 Z25.092 E215.9439
G1 X-6.73 Y-31.658 Z25.1 E216.74371
G1 X-5.054 Y-31.969 Z25.108 E217.54533
G1 X-3.382 Y-32.189 Z25.117 E218.3384
G1 X-1.691 Y-32.322 Z25.125 E219.13608
G1 X0.00 Y-32.367 Z25.133 E219.93159
G1 X1.691 Y-32.322 Z25.142 E220.7271
G1 X3.382 Y-32.189 Z25.15 E221.52478
G1 X5.054 Y-31.969 Z25.158 E222.31785
G1 X6.73 Y-31.658 Z25.167 E223.11948
G1 X8.384 Y-31.262 Z25.175 E223.91928
G1 X9.995 Y-30.784 Z25.183 E224.70953
G1 X11.599 Y-30.216 Z25.192 E225.50975
G1 X13.164 Y-29.568 Z25.2 E226.30631
G1 X14.698 Y-28.836 Z25.208 E227.10563
G1 X16.188 Y-28.027 Z25.217 E227.90295
G1 X17.621 Y-27.149 Z25.225 E228.69328
G1 X19.027 Y-26.183 Z25.233 E229.4955
G1 X20.364 Y-25.156 Z25.242 E230.28833
G1 X21.655 Y-24.054 Z25.25 E231.08656
G1 X22.886 Y-22.886 Z25.258 E231.88457
G1 X24.054 Y-21.655 Z25.267 E232.68259
G1 X25.156 Y-20.364 Z25.275 E233.48081
G1 X26.183 Y-19.027 Z25.283 E234.27365
G1 X27.149 Y-17.621 Z25.292 E235.07587
G1 X28.027 Y-16.188 Z25.3 E235.86619
G1 X28.836 Y-14.698 Z25.308 E236.66352
G1 X29.568 Y-13.164 Z25.317 E237.46284
G1 X30.216 Y-11.599 Z25.325 E238.2594
G1 X30.784 Y-9.995 Z25.333 E239.05961
G1 X31.262 Y-8.384 Z25.342 E239.84986
G1 X31.658 Y-6.73 Z25.35 E240.64967
G1 X31.969 Y-5.054 Z25.358 E241.45129
G1 X32.189 Y-3.382 Z25.367 E242.24436
G1 X32.322 Y-1.691 Z25.375 E243.04205
G1 X32.367 Y0.00 Z25.383 E243.83755
G1 X32.322 Y1.691 Z25.392 E244.63306
G1 X32.189 Y3.382 Z25.4 E245.43074
G1 X31.969 Y5.054 Z25.408 E246.22381
G1 X31.658 Y6.73 Z25.417 E247.02544
G1 X31.262 Y8.384 Z25.425 E247.82525
G1 X30.784 Y9.995 Z25.433 E248.61549
G1 X30.216 Y11.599 Z25.442 E249.41571
G1 X29.568 Y13.164 Z25.45 E250.21227
G1 X28.836 Y14.698 Z25.458 E251.01159
G1 X28.027 Y16.188 Z25.467 E251.80891
G1 X27.149 Y17.621 Z25.475 E252.59924
G1 X26.183 Y19.027 Z25.483 E253.40146
G1 X25.156 Y20.364 Z25.492 E254.19429
G1 X24.054 Y21.655 Z25.5 E254.99252
;TIME_ELAPSED:301.860255
;LAYER:25
;TYPE:WALL-OUTER
;MESH:two-component-v5.stl
G1 X23.36 Y22.297 Z25.505 E255.43712
G1 X22.282 Y23.343 Z25.512 E256.14349
G1 X21.194 Y24.31 Z25.519 E256.82802
G1 X20.044 Y25.241 Z25.526 E257.52384
G1 X18.071 Y26.642 Z25.538 E258.66181
G1 X17.97 Y26.831 Z25.539 E258.76259
G1 X14.243 Y28.958 Z25.56 E260.78062
G1 X13.972 Y28.835 Z25.562 E260.92058
G1 X12.558 Y29.453 Z25.569 E261.64627
G1 X11.182 Y29.982 Z25.576 E262.33954
G1 X9.98 Y30.385 Z25.583 E262.93573
G1 X8.562 Y30.789 Z25.59 E263.62911
G1 X7.12 Y31.127 Z25.597 E264.32561
G1 X5.729 Y31.39 Z25.604 E264.99135
G1 X4.25 Y31.603 Z25.611 E265.69405
G1 X2.839 Y31.741 Z25.618 E266.36077
G1 X1.374 Y31.819 Z25.625 E267.05069
G1 X0.081 Y31.831 Z25.632 E267.65878
G1 X-1.372 Y31.777 Z25.639 E268.34255
G1 X-2.831 Y31.655 Z25.646 E269.03107
G1 X-4.232 Y31.475 Z25.653 E269.69533
G1 X-5.696 Y31.221 Z25.66 E270.39409
G1 X-7.069 Y30.918 Z25.667 E271.05531
G1 X-8.488 Y30.541 Z25.674 E271.74577
G1 X-9.877 Y30.099 Z25.681 E272.43125
G1 X-11.066 Y29.657 Z25.688 E273.02778
G1 X-12.408 Y29.094 Z25.695 E273.71217
G1 X-13.784 Y28.444 Z25.702 E274.42783
G1 X-14.173 Y28.813 Z25.705 E274.67997
G1 X-17.853 Y26.663 Z25.726 E276.68428
G1 X-17.658 Y26.043 Z25.729 E276.98993
G1 X-19.548 Y24.599 Z25.74 E278.10846
G1 X-20.638 Y23.661 Z25.747 E278.78472
G1 X-21.664 Y22.694 Z25.754 E279.44775
G1 X-22.677 Y21.65 Z25.761 E280.13184
G1 X-23.611 Y20.597 Z25.768 E280.79376
G1 X-24.512 Y19.483 Z25.775 E281.46754
G1 X-25.355 Y18.342 Z25.782 E282.13469
G1 X-26.07 Y17.265 Z25.789 E282.74262
G1 X-26.805 Y16.056 Z25.795 E283.408
G1 X-27.497 Y14.791 Z25.802 E284.08608
G1 X-28.11 Y13.541 Z25.809 E284.7408
G1 X-28.686 Y12.222 Z25.816 E285.41765
G1 X-29.191 Y10.902 Z25.823 E286.08228
G1 X-29.593 Y9.699 Z25.829 E286.67877
G1 X-29.984 Y8.324 Z25.836 E287.35102
G1 X-30.312 Y6.925 Z25.843 E288.02677
G1 X-30.567 Y5.576 Z25.85 E288.6724
G1 X-30.772 Y4.141 Z25.857 E289.35409
G1 X-30.946 Y2.239 Z25.867 E290.25228
G1 X-31.856 Y2.119 Z25.871 E290.68393
G1 X-31.835 Y-2.117 Z25.892 E292.67601
G1 X-30.797 Y-2.226 Z25.897 E293.16684
G1 X-30.564 Y-4.113 Z25.906 E294.06097
G1 X-30.317 Y-5.529 Z25.913 E294.73693
G1 X-30.024 Y-6.855 Z25.92 E295.37555
G1 X-29.658 Y-8.226 Z25.927 E296.04287
G1 X-29.231 Y-9.57 Z25.934 E296.70604
G1 X-28.789 Y-10.759 Z25.94 E297.30258
G1 X-28.252 Y-12.041 Z25.947 E297.95622
G1 X-27.647 Y-13.319 Z25.954 E298.62116
G1 X-27.009 Y-14.525 Z25.96 E299.26278
G1 X-26.293 Y-15.742 Z25.967 E299.9268
G1 X-25.54 Y-16.9 Z25.974 E300.57638
G1 X-24.789 Y-17.952 Z25.98 E301.18423
G1 X-23.933 Y-19.038 Z25.987 E301.83452
G1 X-23.023 Y-20.094 Z25.994 E302.49008
G1 X-22.086 Y-21.088 Z26 E303.13247
G1 X-21.073 Y-22.069 Z26.007 E303.79562
G1 X-20.052 Y-22.973 Z26.014 E304.43693
G1 X-18.972 Y-23.847 Z26.021 E305.09029
G1 X-17.086 Y-25.21 Z26.032 E306.18459
G1 X-17.659 Y-26.379 Z26.039 E306.79683
G1 X-14.006 Y-28.463 Z26.059 E308.77462
G1 X-13.217 Y-27.253 Z26.066 E309.45393
G1 X-11.886 Y-27.83 Z26.073 E310.13614
G1 X-10.595 Y-28.324 Z26.08 E310.78619
G1 X-9.391 Y-28.725 Z26.086 E311.38297
G1 X-8.062 Y-29.102 Z26.093 E312.03262
G1 X-6.711 Y-29.418 Z26.1 E312.6851
G1 X-5.408 Y-29.664 Z26.106 E313.30869
G1 X-4.021 Y-29.861 Z26.113 E313.9675
G1 X-2.701 Y-29.989 Z26.12 E314.59117
G1 X-1.327 Y-30.06 Z26.126 E315.23818
G1 X-0.034 Y-30.069 Z26.133 E315.84625
G1 X1.326 Y-30.017 Z26.139 E316.48628
G1 X2.694 Y-29.902 Z26.146 E317.13188
G1 X4.003 Y-29.733 Z26.152 E317.75257
G1 X5.376 Y-29.493 Z26.159 E318.40804
G1 X6.66 Y-29.209 Z26.166 E319.02647
G1 X7.987 Y-28.853 Z26.172 E319.67258
G1 X9.29 Y-28.439 Z26.179 E320.31553
G1 X10.479 Y-27.998 Z26.185 E320.9119
G1 X11.736 Y-27.47 Z26.192 E321.55306
G1 X13.03 Y-26.861 Z26.199 E322.22561
G1 X13.936 Y-28.318 Z26.207 E323.03246
G1 X17.543 Y-26.211 Z26.228 E324.99692
G1 X16.674 Y-24.61 Z26.237 E325.85358
G1 X18.477 Y-23.204 Z26.248 E326.92881
G1 X19.497 Y-22.324 Z26.254 E327.56233
G1 X20.455 Y-21.419 Z26.261 E328.18209
G1 X21.403 Y-20.44 Z26.268 E328.82296
G1 X22.274 Y-19.455 Z26.274 E329.4413
G1 X23.117 Y-18.411 Z26.281 E330.07233
G1 X23.904 Y-17.344 Z26.287 E330.69584
G1 X24.621 Y-16.269 Z26.293 E331.3035
G1 X25.306 Y-15.137 Z26.3 E331.92573
G1 X25.953 Y-13.952 Z26.306 E332.56065
G1 X26.525 Y-12.784 Z26.313 E333.17226
G1 X27.062 Y-11.549 Z26.319 E333.80557
G1 X27.533 Y-10.315 Z26.326 E334.42671
G1 X27.934 Y-9.111 Z26.332 E335.0235
G1 X28.298 Y-7.823 Z26.339 E335.65293
G1 X28.603 Y-6.516 Z26.345 E336.28408
G1 X28.84 Y-5.255 Z26.351 E336.88748
G1 X29.031 Y-3.911 Z26.358 E337.52587
G1 X29.203 Y-2.101 Z26.367 E338.38089
G1 X31.309 Y-2.075 Z26.377 E339.37135
G1 X31.288 Y2.074 Z26.398 E341.32253
G1 X29.054 Y2.089 Z26.408 E342.37313
G1 X28.822 Y3.884 Z26.417 E343.22429
G1 X28.59 Y5.208 Z26.424 E343.85641
G1 X28.315 Y6.446 Z26.43 E344.4528
G1 X27.971 Y7.726 Z26.437 E345.0761
G1 X27.571 Y8.982 Z26.443 E345.69599
G1 X27.13 Y10.172 Z26.449 E346.2928
G1 X26.627 Y11.369 Z26.456 E346.9034
G1 X26.061 Y12.563 Z26.462 E347.52479
G1 X25.464 Y13.687 Z26.468 E348.12331
G1 X24.794 Y14.823 Z26.475 E348.74353
G1 X24.09 Y15.904 Z26.481 E349.35019
G1 X23.337 Y16.955 Z26.487 E349.9582
G1 X22.538 Y17.966 Z26.494 E350.5642
G1 X21.686 Y18.953 Z26.5 E351.17737
;TIME_ELAPSED:307.062901
;LAYER:26
;TYPE:WALL-OUTER
;MESH:two-component-v5.stl
G1 X20.827 Y19.893 Z26.506 E351.7762
G1 X19.893 Y20.827 Z26.512 E352.39736
G1 X18.953 Y21.686 Z26.518 E352.99619
G1 X17.953 Y22.521 Z26.525 E353.60885
G1 X16.171 Y23.878 Z26.535 E354.66219
G1 X17.377 Y25.969 Z26.547 E355.79735
G1 X13.801 Y28.034 Z26.566 E357.73928
G1 X12.58 Y25.918 Z26.578 E358.88816
G1 X11.327 Y26.481 Z26.585 E359.53415
G1 X10.114 Y26.967 Z26.591 E360.14867
G1 X8.917 Y27.387 Z26.597 E360.74523
G1 X7.664 Y27.763 Z26.603 E361.36044
G1 X6.391 Y28.083 Z26.609 E361.97771
G1 X5.161 Y28.335 Z26.615 E362.56816
G1 X3.847 Y28.543 Z26.622 E363.19379
G1 X2.598 Y28.684 Z26.628 E363.78488
G1 X1.293 Y28.772 Z26.634 E364.39998
G1 X0.00 Y28.801 Z26.64 E365.00819
G1 X-1.293 Y28.772 Z26.646 E365.6164
G1 X-2.598 Y28.684 Z26.652 E366.2315
G1 X-3.847 Y28.543 Z26.658 E366.82259
G1 X-5.161 Y28.335 Z26.665 E367.44822
G1 X-6.391 Y28.083 Z26.671 E368.03867
G1 X-7.664 Y27.763 Z26.677 E368.65594
G1 X-8.917 Y27.387 Z26.683 E369.27115
G1 X-10.114 Y26.967 Z26.689 E369.86771
G1 X-11.327 Y26.481 Z26.695 E370.48223
G1 X-12.58 Y25.918 Z26.702 E371.12822
G1 X-13.801 Y28.034 Z26.714 E372.2771
G1 X-17.377 Y25.969 Z26.733 E374.21903
G1 X-16.171 Y23.878 Z26.745 E375.35419
G1 X-17.953 Y22.521 Z26.755 E376.40753
G1 X-18.953 Y21.686 Z26.762 E377.02019
G1 X-19.893 Y20.827 Z26.768 E377.61902
G1 X-20.827 Y19.893 Z26.774 E378.24018
G1 X-21.686 Y18.953 Z26.78 E378.83901
G1 X-22.521 Y17.953 Z26.786 E379.45167
G1 X-23.301 Y16.93 Z26.792 E380.05664
G1 X-24.036 Y15.867 Z26.798 E380.66439
G1 X-24.72 Y14.778 Z26.805 E381.26916
G1 X-25.369 Y13.635 Z26.811 E381.88728
G1 X-25.944 Y12.507 Z26.817 E382.48269
G1 X-26.487 Y11.311 Z26.823 E383.10038
G1 X-26.967 Y10.114 Z26.829 E383.70687
G1 X-27.387 Y8.917 Z26.835 E384.30343
G1 X-27.763 Y7.664 Z26.841 E384.91863
G1 X-28.083 Y6.391 Z26.848 E385.53591
G1 X-28.335 Y5.161 Z26.854 E386.12636
G1 X-28.543 Y3.847 Z26.86 E386.75198
G1 X-28.745 Y2.065 Z26.869 E387.59537
G1 X-31.178 Y2.065 Z26.88 E388.73954
G1 X-31.178 Y-2.065 Z26.9 E390.68175
G1 X-28.745 Y-2.065 Z26.911 E391.82591
G1 X-28.543 Y-3.847 Z26.92 E392.6693
G1 X-28.335 Y-5.161 Z26.926 E393.29493
G1 X-28.083 Y-6.391 Z26.932 E393.88537
G1 X-27.763 Y-7.664 Z26.938 E394.50265
G1 X-27.387 Y-8.917 Z26.945 E395.11786
G1 X-26.967 Y-10.114 Z26.951 E395.71442
G1 X-26.487 Y-11.311 Z26.957 E396.3209
G1 X-25.944 Y-12.507 Z26.963 E396.9386
G1 X-25.369 Y-13.635 Z26.969 E397.534
G1 X-24.72 Y-14.778 Z26.975 E398.15213
G1 X-24.036 Y-15.867 Z26.982 E398.75689
G1 X-23.301 Y-16.93 Z26.988 E399.36465
G1 X-22.521 Y-17.953 Z26.994 E399.96962
G1 X-21.686 Y-18.953 Z27 E400.58228
G1 X-20.827 Y-19.893 Z27.006 E401.1811
G1 X-19.893 Y-20.827 Z27.012 E401.80227
G1 X-18.953 Y-21.686 Z27.018 E402.4011
G1 X-17.953 Y-22.521 Z27.025 E403.01376
G1 X-16.171 Y-23.878 Z27.035 E404.06709
G1 X-17.377 Y-25.969 Z27.047 E405.20226
G1 X-13.801 Y-28.034 Z27.066 E407.14419
G1 X-12.58 Y-25.918 Z27.078 E408.29306
G1 X-11.327 Y-26.481 Z27.085 E408.93906
G1 X-10.114 Y-26.967 Z27.091 E409.55358
G1 X-8.917 Y-27.387 Z27.097 E410.15014
G1 X-7.664 Y-27.763 Z27.103 E410.76534
G1 X-6.391 Y-28.083 Z27.109 E411.38262
G1 X-5.161 Y-28.335 Z27.115 E411.97306
G1 X-3.847 Y-28.543 Z27.122 E412.59869
G1 X-2.598 Y-28.684 Z27.128 E413.18979
G1 X-1.293 Y-28.772 Z27.134 E413.80488
G1 X0.00 Y-28.801 Z27.14 E414.4131
G1 X1.293 Y-28.772 Z27.146 E415.02131
G1 X2.598 Y-28.684 Z27.152 E415.6364
G1 X3.847 Y-28.543 Z27.158 E416.2275
G1 X5.161 Y-28.335 Z27.165 E416.85313
G1 X6.391 Y-28.083 Z27.171 E417.44357
G1 X7.664 Y-27.763 Z27.177 E418.06085
G1 X8.917 Y-27.387 Z27.183 E418.67606
G1 X10.114 Y-26.967 Z27.189 E419.27261
G1 X11.327 Y-26.481 Z27.195 E419.88713
G1 X12.58 Y-25.918 Z27.202 E420.53313
G1 X13.801 Y-28.034 Z27.214 E421.682
G1 X17.377 Y-25.969 Z27.233 E423.62393
G1 X16.171 Y-23.878 Z27.245 E424.7591
G1 X17.953 Y-22.521 Z27.255 E425.81243
G1 X18.953 Y-21.686 Z27.262 E426.42509
G1 X19.893 Y-20.827 Z27.268 E427.02392
G1 X20.827 Y-19.893 Z27.274 E427.64509
G1 X21.686 Y-18.953 Z27.28 E428.24392
G1 X22.521 Y-17.953 Z27.286 E428.85657
G1 X23.301 Y-16.93 Z27.292 E429.46154
G1 X24.036 Y-15.867 Z27.298 E430.0693
G1 X24.72 Y-14.778 Z27.305 E430.67407
G1 X25.369 Y-13.635 Z27.311 E431.29219
G1 X25.944 Y-12.507 Z27.317 E431.88759
G1 X26.487 Y-11.311 Z27.323 E432.50529
G1 X26.967 Y-10.114 Z27.329 E433.11177
G1 X27.387 Y-8.917 Z27.335 E433.70833
G1 X27.763 Y-7.664 Z27.341 E434.32354
G1 X28.083 Y-6.391 Z27.348 E434.94082
G1 X28.335 Y-5.161 Z27.354 E435.53126
G1 X28.543 Y-3.847 Z27.36 E436.15689
G1 X28.745 Y-2.065 Z27.369 E437.00028
G1 X31.178 Y-2.065 Z27.38 E438.14444
G1 X31.178 Y2.065 Z27.4 E440.08665
G1 X28.745 Y2.065 Z27.411 E441.23082
G1 X28.543 Y3.847 Z27.42 E442.07421
G1 X28.335 Y5.161 Z27.426 E442.69983
G1 X28.083 Y6.391 Z27.432 E443.29028
G1 X27.763 Y7.664 Z27.438 E443.90756
G1 X27.387 Y8.917 Z27.445 E444.52276
G1 X26.967 Y10.114 Z27.451 E445.11932
G1 X26.487 Y11.311 Z27.457 E445.72581
G1 X25.944 Y12.507 Z27.463 E446.3435
G1 X25.369 Y13.635 Z27.469 E446.93891
G1 X24.72 Y14.778 Z27.475 E447.55703
G1 X24.036 Y15.867 Z27.482 E448.1618
G1 X23.301 Y16.93 Z27.488 E448.76955
G1 X22.521 Y17.953 Z27.494 E449.37453
G1 X21.686 Y18.953 Z27.5 E449.98718
;TIME_ELAPSED:312.422112
;LAYER:27
;TYPE:WALL-OUTER
;MESH:two-component-v5.stl
G1 X21.629 Y19.027 E450.03111
G1 X19.907 Y20.842 Z27.512 E451.20767
G1 X19.043 Y21.642 Z27.517 E451.76141
G1 X18.45 Y22.143 Z27.52 E452.12648
G1 X16.246 Y23.777 Z27.532 E453.41673
G1 X17.377 Y25.969 Z27.543 E454.57669
G1 X13.801 Y28.034 Z27.562 E456.51862
G1 X12.233 Y25.818 Z27.574 E457.79523
G1 X10.282 Y26.573 Z27.583 E458.77903
G1 X8.92 Y27.272 Z27.59 E459.49896
G1 X7.902 Y27.749 Z27.595 E460.02764
G1 X7.098 Y28.05 Z27.599 E460.43137
G1 X6.347 Y28.262 Z27.602 E460.79834
G1 X2.699 Y28.862 Z27.619 E462.53693
G1 X1.922 Y28.897 Z27.622 E462.9027
G1 X1.062 Y28.848 Z27.626 E463.30778
G1 X-0.055 Y28.647 Z27.631 E463.84151
G1 X-1.34 Y28.31 Z27.637 E464.46624
G1 X-3.082 Y27.864 Z27.645 E465.31187
G1 X-5.67 Y27.413 Z27.657 E466.54727
G1 X-7.45 Y27.264 Z27.665 E467.38728
G1 X-8.787 Y27.219 Z27.671 E468.01638
G1 X-9.931 Y27.137 Z27.676 E468.55575
G1 X-10.788 Y26.965 Z27.68 E468.96681
G1 X-11.536 Y26.707 Z27.683 E469.3389
G1 X-13.253 Y27.084 Z27.691 E470.16559
G1 X-13.801 Y28.034 Z27.696 E470.68134
G1 X-17.377 Y25.969 Z27.714 E472.62327
G1 X-16.345 Y24.179 Z27.723 E473.59494
G1 X-16.82 Y23.064 Z27.729 E474.16488
G1 X-17.54 Y21.892 Z27.735 E474.81174
G1 X-18.564 Y20.395 Z27.743 E475.66467
G1 X-20.364 Y18.538 Z27.755 E476.88088
G1 X-21.832 Y17.491 Z27.763 E477.72883
G1 X-23.027 Y16.794 Z27.769 E478.37941
G1 X-24.026 Y16.144 Z27.774 E478.9399
G1 X-24.678 Y15.541 Z27.778 E479.35754
G1 X-25.149 Y14.897 Z27.782 E479.73275
G1 X-25.735 Y13.847 Z27.787 E480.29822
G1 X-26.854 Y11.597 Z27.798 E481.47996
G1 X-27.101 Y10.843 Z27.802 E481.85309
G1 X-27.197 Y9.953 Z27.806 E482.27405
G1 X-27.077 Y8.745 Z27.811 E482.84493
G1 X-26.808 Y7.337 Z27.817 E483.51905
G1 X-26.61 Y5.507 Z27.826 E484.38466
G1 X-27.035 Y2.39 Z27.84 E485.86405
G1 X-31.178 Y2.065 Z27.858 E487.81836
G1 X-31.178 Y-2.065 Z27.877 E489.76057
G1 X-30.188 Y-2.065 Z27.881 E490.22613
G1 X-29.109 Y-3.916 Z27.89 E491.2337
G1 X-28.691 Y-6.434 Z27.902 E492.43404
G1 X-28.427 Y-7.192 Z27.905 E492.8115
G1 X-27.907 Y-7.948 Z27.909 E493.24301
G1 X-26.942 Y-8.804 Z27.915 E493.84963
G1 X-25.708 Y-9.702 Z27.922 E494.56734
G1 X-24.312 Y-10.98 Z27.93 E495.45739
G1 X-23.139 Y-13.195 Z27.942 E496.63608
G1 X-22.896 Y-15.052 Z27.95 E497.51681
G1 X-22.922 Y-16.597 Z27.957 E498.24348
G1 X-22.857 Y-17.921 Z27.963 E498.86687
G1 X-22.591 Y-18.823 Z27.967 E499.30911
G1 X-22.146 Y-19.5 Z27.971 E499.6901
G1 X-20.371 Y-21.336 Z27.982 E500.89104
G1 X-19.516 Y-22.16 Z27.987 E501.44945
G1 X-18.84 Y-22.61 Z27.991 E501.83135
G1 X-15.961 Y-23.404 Z28.004 E503.2358
G1 X-17.377 Y-25.969 Z28.017 E504.61363
G1 X-13.801 Y-28.034 Z28.036 E506.55556
G1 X-11.679 Y-24.585 Z28.054 E508.45992
G1 X-9.684 Y-25.081 Z28.063 E509.42667
G1 X-8.75 Y-26.789 Z28.071 E510.34213
G1 X-7.973 Y-27.989 Z28.078 E511.01443
G1 X-7.247 Y-28.641 Z28.082 E511.47331
G1 X-6.488 Y-28.949 Z28.086 E511.85852
G1 X-2.777 Y-29.558 Z28.102 E513.62702
G1 X-1.963 Y-29.504 Z28.106 E514.01066
G1 X-1.067 Y-29.098 Z28.11 E514.47326
G1 X0.043 Y-28.134 Z28.117 E515.16464
G1 X1.243 Y-26.861 Z28.125 E515.98734
G1 X2.826 Y-25.597 Z28.134 E516.93998
G1 X5.213 Y-25.178 Z28.145 E518.07968
G1 X7.097 Y-25.855 Z28.154 E519.02113
G1 X8.64 Y-26.728 Z28.161 E519.85484
G1 X10.014 Y-27.372 Z28.168 E520.56844
G1 X11.014 Y-27.53 Z28.173 E521.04455
G1 X11.823 Y-27.346 Z28.176 E521.43471
G1 X13.253 Y-27.085 Z28.183 E522.1183
G1 X13.801 Y-28.034 Z28.188 E522.63365
G1 X17.377 Y-25.969 Z28.206 E524.57558
G1 X16.344 Y-24.179 Z28.215 E525.54748
G1 X16.51 Y-22.657 Z28.222 E526.26747
G1 X16.61 Y-20.778 Z28.231 E527.15236
G1 X17.026 Y-18.711 Z28.24 E528.14389
G1 X18.681 Y-16.998 Z28.251 E529.26402
G1 X20.717 Y-16.56 Z28.26 E530.24339
G1 X22.62 Y-16.483 Z28.268 E531.13904
G1 X24.232 Y-16.286 Z28.275 E531.90276
G1 X25.193 Y-15.864 Z28.28 E532.39634
G1 X25.759 Y-15.243 Z28.284 E532.79148
G1 X27.493 Y-11.886 Z28.301 E534.56833
G1 X27.666 Y-11.069 Z28.304 E534.96106
G1 X27.432 Y-10.036 Z28.309 E535.45916
G1 X26.586 Y-8.598 Z28.317 E536.24375
G1 X25.4 Y-6.982 Z28.326 E537.18641
G1 X24.375 Y-5.049 Z28.335 E538.21533
G1 X24.781 Y-2.134 Z28.348 E539.5994
G1 X31.178 Y-2.065 Z28.377 E542.60788
G1 X31.178 Y2.065 Z28.395 E544.55009
G1 X30.188 Y2.065 Z28.4 E545.01566
G1 X29.781 Y3.999 Z28.408 E545.94508
G1 X29.378 Y6.575 Z28.42 E547.17122
G1 X29.017 Y7.341 Z28.424 E547.56945
G1 X28.146 Y8.02 Z28.429 E548.08881
G1 X26.457 Y8.634 Z28.437 E548.93395
G1 X24.36 Y9.162 Z28.446 E549.95088
G1 X22.235 Y10.037 Z28.457 E551.03161
G1 X21.155 Y12.069 Z28.467 E552.11378
G1 X21.666 Y14.28 Z28.477 E553.18095
G1 X22.5 Y16.303 Z28.487 E554.20998
G1 X23.055 Y18.073 Z28.495 E555.08231
G1 X23.057 Y19.213 Z28.5 E555.61842
;TIME_ELAPSED:318.135965
;LAYER:28
;TYPE:WALL-OUTER
;MESH:two-component-v5.stl
G1 X22.659 Y19.969 Z28.504 E556.0202
G1 X19.973 Y22.661 Z28.52 E557.80855
G1 X19.251 Y23.039 Z28.524 E558.1918
G1 X18.142 Y23.059 Z28.529 E558.71341
G1 X16.319 Y23.036 Z28.537 E559.57078
G1 X15.627 Y22.986 Z28.54 E559.89705
G1 X11.26 Y23.408 Z28.559 E561.96028
G1 X10.131 Y23.601 Z28.564 E562.49892
G1 X9.117 Y24.19 Z28.569 E563.05038
G1 X8.853 Y25.359 Z28.574 E563.61397
G1 X8.611 Y26.415 Z28.579 E564.12344
G1 X7.994 Y28.232 Z28.587 E565.02584
G1 X7.331 Y29.124 Z28.592 E565.5485
G1 X6.598 Y29.487 Z28.596 E565.93316
G1 X2.836 Y30.084 Z28.612 E567.72445
G1 X2.032 Y29.966 Z28.616 E568.1066
G1 X1.119 Y29.321 Z28.621 E568.63229
G1 X-0.017 Y27.794 Z28.629 E569.52731
G1 X-1.192 Y25.829 Z28.639 E570.60399
G1 X-2.649 Y24.053 Z28.649 E571.68428
G1 X-4.913 Y23.694 Z28.659 E572.76227
G1 X-6.846 Y24.93 Z28.669 E573.84125
G1 X-8.572 Y26.439 Z28.679 E574.9194
G1 X-10.125 Y27.544 Z28.687 E575.81573
G1 X-11.191 Y27.88 Z28.692 E576.34135
G1 X-12.002 Y27.744 Z28.696 E576.72806
G1 X-15.773 Y26.677 Z28.713 E578.57107
G1 X-16.662 Y25.144 Z28.72 E579.40444
G1 X-16.43 Y24.366 Z28.724 E579.78623
G1 X-16.35 Y22.463 Z28.732 E580.68194
G1 X-16.139 Y20.194 Z28.742 E581.75358
G1 X-16.27 Y17.893 Z28.752 E582.83742
G1 X-17.892 Y16.269 Z28.762 E583.91681
G1 X-20.193 Y16.138 Z28.772 E585.00065
G1 X-22.468 Y16.35 Z28.782 E586.07515
G1 X-24.385 Y16.337 Z28.79 E586.97667
G1 X-25.448 Y15.987 Z28.795 E587.50297
G1 X-26.026 Y15.396 Z28.799 E587.89172
G1 X-27.756 Y12.006 Z28.816 E589.68152
G1 X-27.893 Y11.194 Z28.819 E590.06878
G1 X-27.552 Y10.123 Z28.824 E590.59735
G1 X-26.438 Y8.574 Z28.832 E591.49461
G1 X-24.921 Y6.853 Z28.842 E592.57348
G1 X-23.665 Y4.912 Z28.852 E593.66071
G1 X-24.025 Y2.629 Z28.862 E594.74759
G1 X-25.794 Y1.718 Z28.871 E595.68333
G1 X-26.855 Y1.486 Z28.876 E596.19408
G1 X-27.782 Y1.272 Z28.88 E596.64148
G1 X-29.86 Y-1.68 Z28.896 E598.33917
G1 X-30.137 Y-2.046 Z28.898 E598.55502
G1 X-30.117 Y-2.836 Z28.901 E598.92665
G1 X-29.522 Y-6.606 Z28.918 E600.72151
G1 X-29.156 Y-7.345 Z28.921 E601.10933
G1 X-28.244 Y-8.008 Z28.926 E601.63957
G1 X-26.419 Y-8.605 Z28.935 E602.54256
G1 X-24.188 Y-9.096 Z28.945 E603.61684
G1 X-22.018 Y-9.927 Z28.955 E604.70959
G1 X-20.973 Y-11.979 Z28.965 E605.7925
G1 X-21.575 Y-14.221 Z28.975 E606.88419
G1 X-22.491 Y-16.317 Z28.985 E607.95989
G1 X-23.084 Y-18.142 Z28.993 E608.8623
G1 X-23.086 Y-19.275 Z28.998 E609.39512
G1 X-22.704 Y-20.008 Z29.002 E609.78383
G1 X-20.01 Y-22.705 Z29.018 E611.57649
G1 X-19.276 Y-23.088 Z29.022 E611.96584
G1 X-18.142 Y-23.086 Z29.027 E612.49912
G1 X-16.319 Y-22.75 Z29.035 E613.37086
G1 X-14.894 Y-22.228 Z29.042 E614.08454
G1 X-11.626 Y-22.078 Z29.056 E615.623
G1 X-9.998 Y-22.717 Z29.063 E616.44545
G1 X-9.086 Y-24.183 Z29.071 E617.25739
G1 X-8.838 Y-25.356 Z29.076 E617.82121
G1 X-8.606 Y-26.413 Z29.081 E618.33011
G1 X-8.016 Y-28.249 Z29.089 E619.23701
G1 X-7.354 Y-29.173 Z29.094 E619.77155
G1 X-6.611 Y-29.543 Z29.098 E620.16189
G1 X-2.842 Y-30.141 Z29.114 E621.9565
G1 X-2.024 Y-30.02 Z29.118 E622.34536
G1 X-1.103 Y-29.342 Z29.123 E622.88319
G1 X0.014 Y-27.792 Z29.131 E623.78165
G1 X1.166 Y-25.807 Z29.141 E624.86095
G1 X2.628 Y-23.981 Z29.152 E625.96099
G1 X4.909 Y-23.618 Z29.162 E627.04717
G1 X6.864 Y-24.902 Z29.172 E628.1471
G1 X8.575 Y-26.435 Z29.182 E629.22745
G1 X10.117 Y-27.57 Z29.19 E630.12787
G1 X11.2 Y-27.934 Z29.195 E630.66516
G1 X12.025 Y-27.797 Z29.199 E631.05845
G1 X15.558 Y-26.305 Z29.215 E632.86198
G1 X16.261 Y-25.375 Z29.221 E633.41023
G1 X16.394 Y-24.387 Z29.225 E633.87904
G1 X16.345 Y-22.468 Z29.233 E634.78178
G1 X16.106 Y-20.191 Z29.243 E635.85847
G1 X16.211 Y-17.845 Z29.253 E636.96282
G1 X17.844 Y-16.21 Z29.264 E638.04953
G1 X20.191 Y-16.104 Z29.274 E639.15437
G1 X22.468 Y-16.344 Z29.284 E640.23111
G1 X24.394 Y-16.363 Z29.292 E641.13689
G1 X25.487 Y-16.024 Z29.297 E641.67505
G1 X26.076 Y-15.426 Z29.301 E642.06977
G1 X27.809 Y-12.03 Z29.317 E643.86273
G1 X27.947 Y-11.203 Z29.321 E644.25702
G1 X27.577 Y-10.115 Z29.326 E644.79745
G1 X26.434 Y-8.576 Z29.334 E645.69896
G1 X24.893 Y-6.871 Z29.344 E646.77973
G1 X23.589 Y-4.908 Z29.355 E647.88799
G1 X23.952 Y-2.617 Z29.365 E648.97881
G1 X25.794 Y-1.259 Z29.375 E650.05501
G1 X26.841 Y-.736 Z29.38 E650.60539
G1 X27.782 Y-.248 Z29.384 E651.10388
G1 X29.445 Y1.193 Z29.394 E652.13869
G1 X30.073 Y2.023 Z29.399 E652.62815
G1 X30.174 Y2.845 Z29.402 E653.01762
G1 X29.579 Y6.619 Z29.419 E654.81433
G1 X29.205 Y7.369 Z29.422 E655.20845
G1 X28.26 Y8.031 Z29.427 E655.75105
G1 X26.417 Y8.6 Z29.436 E656.65812
G1 X24.175 Y9.065 Z29.446 E657.7349
G1 X21.955 Y9.886 Z29.456 E658.848
G1 X20.903 Y11.953 Z29.466 E659.9387
G1 X21.542 Y14.23 Z29.477 E661.05087
G1 X22.486 Y16.319 Z29.487 E662.12891
G1 X23.111 Y18.142 Z29.495 E663.03519
G1 X23.134 Y19.3 Z29.5 E663.57987
;TIME_ELAPSED:323.906748
;LAYER:29
;TYPE:WALL-OUTER
;MESH:two-component-v5.stl
G1 X22.748 Y20.046 Z29.504 E663.97487
G1 X20.891 Y21.905 Z29.515 E665.21055
G1 X20.047 Y22.75 Z29.52 E665.7722
G1 X19.335 Y23.118 Z29.523 E666.1491
G1 X18.207 Y23.114 Z29.528 E666.67957
G1 X16.337 Y22.493 Z29.536 E667.60619
G1 X14.196 Y21.529 Z29.546 E668.71039
G1 X11.948 Y20.891 Z29.556 E669.80931
G1 X9.877 Y21.942 Z29.566 E670.90147
G1 X9.071 Y24.137 Z29.576 E672.0011
G1 X8.592 Y26.439 Z29.586 E673.10684
G1 X8.002 Y28.317 Z29.595 E674.03256
G1 X7.345 Y29.237 Z29.599 E674.5642
G1 X6.623 Y29.599 Z29.603 E674.94403
G1 X4.375 Y29.955 Z29.612 E676.01436
G1 X2.849 Y30.198 Z29.619 E676.74103
G1 X2.051 Y30.079 Z29.622 E677.12046
G1 X1.141 Y29.405 Z29.627 E677.653
G1 X-0.002 Y27.8 Z29.636 E678.57962
G1 X-1.163 Y25.758 Z29.646 E679.68426
G1 X-2.608 Y23.911 Z29.656 E680.78708
G1 X-4.906 Y23.544 Z29.666 E681.88146
G1 X-6.852 Y24.855 Z29.675 E682.9849
G1 X-8.577 Y26.431 Z29.685 E684.08369
G1 X-10.171 Y27.617 Z29.694 E685.01803
G1 X-11.247 Y27.981 Z29.699 E685.55221
G1 X-12.048 Y27.849 Z29.702 E685.93397
G1 X-14.073 Y26.816 Z29.712 E687.00302
G1 X-15.45 Y26.117 Z29.718 E687.72923
G1 X-16.028 Y25.547 Z29.722 E688.11099
G1 X-16.367 Y24.461 Z29.727 E688.646
G1 X-16.341 Y22.48 Z29.735 E689.57768
G1 X-16.075 Y20.154 Z29.745 E690.67865
G1 X-16.154 Y17.8 Z29.755 E691.78629
G1 X-17.799 Y16.153 Z29.765 E692.88098
G1 X-20.153 Y16.074 Z29.775 E693.98861
G1 X-22.479 Y16.34 Z29.785 E695.08959
G1 X-24.462 Y16.371 Z29.793 E696.02224
G1 X-25.552 Y16.034 Z29.798 E696.55877
G1 X-26.125 Y15.455 Z29.802 E696.94185
G1 X-27.157 Y13.427 Z29.811 E698.01194
G1 X-27.861 Y12.052 Z29.818 E698.73838
G1 X-27.993 Y11.249 Z29.821 E699.12108
G1 X-27.624 Y10.169 Z29.826 E699.65779
G1 X-26.431 Y8.579 Z29.835 E700.59259
G1 X-24.847 Y6.858 Z29.845 E701.69255
G1 X-23.517 Y4.905 Z29.855 E702.80373
G1 X-23.882 Y2.6 Z29.865 E703.9012
G1 X-25.749 Y1.153 Z29.875 E705.01202
G1 X-27.798 Y0.001 Z29.885 E706.11745
G1 X-29.415 Y-1.131 Z29.893 E707.04569
G1 X-30.106 Y-2.046 Z29.898 E707.5849
G1 X-30.23 Y-2.852 Z29.901 E707.9684
G1 X-29.872 Y-5.101 Z29.911 E709.03935
G1 X-29.634 Y-6.631 Z29.918 E709.76751
G1 X-29.268 Y-7.359 Z29.921 E710.1507
G1 X-28.328 Y-8.016 Z29.926 E710.69002
G1 X-26.438 Y-8.589 Z29.934 E711.61878
G1 X-24.131 Y-9.049 Z29.944 E712.72504
G1 X-21.897 Y-9.847 Z29.955 E713.84064
G1 X-20.836 Y-11.928 Z29.964 E714.93912
G1 X-21.503 Y-14.202 Z29.975 E716.05356
G1 X-22.489 Y-16.337 Z29.985 E717.15949
G1 X-23.138 Y-18.206 Z29.993 E718.0899
G1 X-23.164 Y-19.358 Z29.998 E718.63179
G1 X-22.789 Y-20.084 Z30.001 E719.01606
G1 X-20.928 Y-21.942 Z30.013 E720.25274
G1 X-20.084 Y-22.792 Z30.018 E720.81605
G1 X-19.359 Y-23.165 Z30.021 E721.19947
G1 X-18.206 Y-23.14 Z30.026 E721.74181
G1 X-16.338 Y-22.489 Z30.034 E722.67209
G1 X-14.204 Y-21.5 Z30.044 E723.77818
G1 X-11.923 Y-20.825 Z30.055 E724.89684
G1 X-9.838 Y-21.885 Z30.064 E725.99679
G1 X-9.042 Y-24.127 Z30.075 E727.11561
G1 X-8.589 Y-26.438 Z30.085 E728.22308
G1 X-8.024 Y-28.332 Z30.093 E729.15256
G1 X-7.368 Y-29.284 Z30.098 E729.69625
G1 X-6.634 Y-29.654 Z30.101 E730.0828
G1 X-4.383 Y-30.006 Z30.111 E731.15424
G1 X-2.855 Y-30.254 Z30.118 E731.88221
G1 X-2.043 Y-30.13 Z30.121 E732.2685
G1 X-1.124 Y-29.426 Z30.126 E732.81291
G1 X-0.005 Y-27.804 Z30.134 E733.73959
G1 X1.14 Y-25.739 Z30.145 E734.84999
G1 X2.589 Y-23.843 Z30.155 E735.97219
G1 X4.903 Y-23.474 Z30.165 E737.07414
G1 X6.869 Y-24.83 Z30.175 E738.19727
G1 X8.58 Y-26.428 Z30.185 E739.29825
G1 X10.162 Y-27.642 Z30.193 E740.23602
G1 X11.256 Y-28.032 Z30.198 E740.78221
G1 X12.069 Y-27.9 Z30.202 E741.16955
G1 X14.097 Y-26.861 Z30.211 E742.24113
G1 X15.478 Y-26.165 Z30.218 E742.96839
G1 X16.065 Y-25.584 Z30.221 E743.35679
G1 X16.392 Y-24.469 Z30.226 E743.90322
G1 X16.336 Y-22.48 Z30.235 E744.83895
G1 X16.045 Y-20.153 Z30.245 E745.94179
G1 X16.099 Y-17.757 Z30.255 E747.06884
G1 X17.756 Y-16.098 Z30.265 E748.17151
G1 X20.152 Y-16.044 Z30.275 E749.29856
G1 X22.48 Y-16.336 Z30.285 E750.40192
G1 X24.47 Y-16.396 Z30.294 E751.33818
G1 X25.589 Y-16.07 Z30.299 E751.88629
G1 X26.173 Y-15.483 Z30.302 E752.27568
G1 X27.202 Y-13.45 Z30.312 E753.34722
G1 X27.912 Y-12.072 Z30.318 E754.07621
G1 X28.045 Y-11.258 Z30.322 E754.46409
G1 X27.649 Y-10.16 Z30.327 E755.013
G1 X26.427 Y-8.581 Z30.335 E755.95195
G1 X24.822 Y-6.875 Z30.345 E757.05347
G1 X23.447 Y-4.902 Z30.356 E758.1844
G1 X23.815 Y-2.581 Z30.366 E759.28952
G1 X25.731 Y-1.129 Z30.376 E760.42006
G1 X27.796 Y0.002 Z30.386 E761.52728
G1 X29.437 Y1.115 Z30.394 E762.45974
G1 X30.158 Y2.038 Z30.399 E763.01054
G1 X30.286 Y2.858 Z30.403 E763.40083
G1 X29.922 Y5.11 Z30.412 E764.47361
G1 X29.688 Y6.644 Z30.419 E765.20335
G1 X29.315 Y7.382 Z30.423 E765.59222
G1 X28.343 Y8.038 Z30.428 E766.14368
G1 X26.437 Y8.586 Z30.436 E767.07632
G1 X24.12 Y9.021 Z30.446 E768.18497
G1 X21.84 Y9.808 Z30.456 E769.31926
G1 X20.77 Y11.903 Z30.466 E770.42553
G1 X21.474 Y14.211 Z30.477 E771.56028
G1 X22.485 Y16.339 Z30.487 E772.66821
G1 X23.165 Y18.205 Z30.495 E773.60218
G1 X23.21 Y19.382 Z30.5 E774.15609
;TIME_ELAPSED:329.815533
;LAYER:30
;TYPE:WALL-OUTER
;MESH:two-component-v5.stl
G1 X22.83 Y20.122 Z30.503 E774.54729
G1 X21.966 Y20.983 Z30.509 E775.12091
G1 X20.935 Y22.008 Z30.515 E775.80459
G1 X20.121 Y22.834 Z30.52 E776.34995
G1 X19.415 Y23.195 Z30.523 E776.72285
G1 X18.268 Y23.169 Z30.528 E777.26239
G1 X16.348 Y22.488 Z30.536 E778.22041
G1 X14.181 Y21.462 Z30.546 E779.34793
G1 X11.898 Y20.759 Z30.556 E780.4713
G1 X9.8 Y21.828 Z30.566 E781.57862
G1 X9.026 Y24.085 Z30.576 E782.70069
G1 X8.569 Y26.498 Z30.586 E783.85562
G1 X8.01 Y28.401 Z30.595 E784.78835
G1 X7.359 Y29.347 Z30.599 E785.32839
G1 X6.646 Y29.709 Z30.603 E785.70443
G1 X5.44 Y29.894 Z30.608 E786.27821
G1 X4.003 Y30.12 Z30.614 E786.96229
G1 X2.861 Y30.31 Z30.619 E787.50672
G1 X2.073 Y30.187 Z30.622 E787.88177
G1 X1.158 Y29.486 Z30.627 E788.42383
G1 X0.012 Y27.807 Z30.635 E789.3798
G1 X-1.137 Y25.694 Z30.645 E790.51089
G1 X-2.571 Y23.778 Z30.655 E791.63634
G1 X-4.9 Y23.406 Z30.665 E792.74547
G1 X-6.857 Y24.787 Z30.675 E793.87186
G1 X-8.609 Y26.446 Z30.685 E795.00654
G1 X-10.209 Y27.687 Z30.694 E795.95877
G1 X-11.299 Y28.078 Z30.699 E796.50335
G1 X-12.089 Y27.951 Z30.702 E796.87963
G1 X-13.176 Y27.39 Z30.707 E797.45487
G1 X-14.473 Y26.729 Z30.713 E798.13945
G1 X-15.507 Y26.212 Z30.718 E798.68311
G1 X-16.074 Y25.647 Z30.722 E799.05953
G1 X-16.4 Y24.535 Z30.726 E799.60448
G1 X-16.334 Y22.502 Z30.735 E800.56104
G1 X-16.017 Y20.118 Z30.745 E801.69202
G1 X-16.047 Y17.715 Z30.755 E802.82217
G1 X-17.715 Y16.046 Z30.765 E803.93182
G1 X-20.117 Y16.016 Z30.775 E805.06149
G1 X-22.501 Y16.333 Z30.785 E806.19248
G1 X-24.535 Y16.404 Z30.793 E807.14958
G1 X-25.652 Y16.08 Z30.798 E807.69652
G1 X-26.22 Y15.512 Z30.802 E808.07428
G1 X-26.768 Y14.419 Z30.807 E808.64927
G1 X-27.428 Y13.123 Z30.813 E809.33321
G1 X-27.963 Y12.092 Z30.818 E809.87945
G1 X-28.09 Y11.302 Z30.821 E810.25573
G1 X-27.694 Y10.207 Z30.826 E810.80332
G1 X-26.446 Y8.61 Z30.834 E811.75645
G1 X-24.78 Y6.863 Z30.845 E812.8917
G1 X-23.382 Y4.899 Z30.855 E814.0254
G1 X-23.752 Y2.564 Z30.865 E815.13717
G1 X-25.686 Y1.128 Z30.875 E816.26997
G1 X-27.806 Y-0.012 Z30.885 E817.40194
G1 X-29.496 Y-1.149 Z30.893 E818.35981
G1 X-30.214 Y-2.068 Z30.898 E818.90825
G1 X-30.341 Y-2.861 Z30.901 E819.28593
G1 X-30.14 Y-4.072 Z30.907 E819.86322
G1 X-29.913 Y-5.507 Z30.913 E820.54644
G1 X-29.741 Y-6.656 Z30.918 E821.0928
G1 X-29.377 Y-7.373 Z30.921 E821.47094
G1 X-28.411 Y-8.023 Z30.926 E822.01849
G1 X-26.447 Y-8.581 Z30.934 E822.97865
G1 X-24.08 Y-9.006 Z30.944 E824.10957
G1 X-21.787 Y-9.773 Z30.954 E825.24662
G1 X-20.71 Y-11.88 Z30.964 E826.35942
G1 X-21.439 Y-14.187 Z30.974 E827.49721
G1 X-22.485 Y-16.348 Z30.985 E828.62625
G1 X-23.192 Y-18.267 Z30.993 E829.58799
G1 X-23.239 Y-19.437 Z30.998 E830.13864
G1 X-22.872 Y-20.156 Z31.001 E830.51827
G1 X-21.999 Y-21.017 Z31.006 E831.09489
G1 X-20.971 Y-22.044 Z31.013 E831.77824
G1 X-20.156 Y-22.875 Z31.017 E832.32561
G1 X-19.438 Y-23.241 Z31.021 E832.7046
G1 X-18.267 Y-23.194 Z31.026 E833.25573
G1 X-16.349 Y-22.485 Z31.034 E834.21735
G1 X-14.188 Y-21.436 Z31.044 E835.34701
G1 X-11.876 Y-20.699 Z31.054 E836.48817
G1 X-9.765 Y-21.775 Z31.064 E837.60243
G1 X-9.001 Y-24.076 Z31.075 E838.7426
G1 X-8.567 Y-26.498 Z31.085 E839.89973
G1 X-8.03 Y-28.415 Z31.093 E840.83594
G1 X-7.382 Y-29.393 Z31.098 E841.38766
G1 X-6.661 Y-29.761 Z31.101 E841.76833
G1 X-5.447 Y-29.942 Z31.107 E842.34555
G1 X-4.01 Y-30.169 Z31.113 E843.0297
G1 X-2.864 Y-30.364 Z31.118 E843.57638
G1 X-2.064 Y-30.238 Z31.121 E843.95723
G1 X-1.142 Y-29.505 Z31.126 E844.51114
G1 X-0.014 Y-27.805 Z31.134 E845.47058
G1 X1.116 Y-25.678 Z31.144 E846.60323
G1 X2.554 Y-23.716 Z31.155 E847.74718
G1 X4.897 Y-23.342 Z31.165 E848.86297
G1 X6.872 Y-24.766 Z31.175 E850.00799
G1 X8.61 Y-26.445 Z31.185 E851.14442
G1 X10.2 Y-27.711 Z31.193 E852.10021
G1 X11.308 Y-28.128 Z31.198 E852.65695
G1 X12.109 Y-28.001 Z31.202 E853.03834
G1 X13.199 Y-27.433 Z31.207 E853.61635
G1 X14.495 Y-26.774 Z31.213 E854.30009
G1 X15.536 Y-26.257 Z31.218 E854.84669
G1 X16.11 Y-25.683 Z31.221 E855.22843
G1 X16.425 Y-24.541 Z31.226 E855.78553
G1 X16.332 Y-22.502 Z31.235 E856.74541
G1 X15.991 Y-20.117 Z31.245 E857.8784
G1 X15.997 Y-17.675 Z31.255 E859.0268
G1 X17.675 Y-15.996 Z31.265 E860.1431
G1 X20.117 Y-15.99 Z31.275 E861.2915
G1 X22.502 Y-16.332 Z31.285 E862.42456
G1 X24.542 Y-16.428 Z31.294 E863.38497
G1 X25.688 Y-16.116 Z31.299 E863.94351
G1 X26.265 Y-15.541 Z31.302 E864.32659
G1 X26.811 Y-14.441 Z31.307 E864.9041
G1 X27.472 Y-13.146 Z31.313 E865.58784
G1 X28.013 Y-12.113 Z31.318 E866.13622
G1 X28.14 Y-11.31 Z31.322 E866.51854
G1 X27.717 Y-10.198 Z31.327 E867.07803
G1 X26.444 Y-8.611 Z31.335 E868.03478
G1 X24.759 Y-6.878 Z31.345 E869.17148
G1 X23.318 Y-4.896 Z31.355 E870.32386
G1 X23.69 Y-2.547 Z31.365 E871.44228
G1 X25.671 Y-1.106 Z31.376 E872.59428
G1 X27.804 Y0.014 Z31.386 E873.72724
G1 X29.516 Y1.133 Z31.394 E874.68906
G1 X30.266 Y2.06 Z31.399 E875.24981
G1 X30.395 Y2.864 Z31.403 E875.63274
G1 X30.188 Y4.08 Z31.408 E876.21281
G1 X29.963 Y5.515 Z31.414 E876.89589
G1 X29.794 Y6.669 Z31.419 E877.44437
G1 X29.423 Y7.396 Z31.422 E877.8282
G1 X28.424 Y8.044 Z31.427 E878.38818
G1 X26.446 Y8.578 Z31.436 E879.35167
G1 X24.071 Y8.982 Z31.446 E880.4846
G1 X21.734 Y9.738 Z31.456 E881.63969
G1 X20.65 Y11.858 Z31.466 E882.75943
G1 X21.413 Y14.195 Z31.476 E883.91553
G1 X22.483 Y16.349 Z31.486 E885.04658
G1 X23.218 Y18.266 Z31.495 E886.01208
G1 X23.284 Y19.46 Z31.5 E886.57444
;TIME_ELAPSED:335.824567
;LAYER:31
;TYPE:WALL-OUTER
;MESH:two-component-v5.stl
G1 X22.913 Y20.19 Z31.503 E886.95952
G1 X22.063 Y21.023 Z31.508 E887.5192
G1 X21.024 Y22.061 Z31.514 E888.20986
G1 X20.191 Y22.916 Z31.519 E888.77122
G1 X19.493 Y23.27 Z31.522 E889.13927
G1 X18.326 Y23.223 Z31.527 E889.68852
G1 X16.37 Y22.491 Z31.536 E890.67066
G1 X14.167 Y21.401 Z31.546 E891.82654
G1 X11.854 Y20.64 Z31.556 E892.97163
G1 X9.731 Y21.723 Z31.566 E894.09241
G1 X8.986 Y24.039 Z31.576 E895.23651
G1 X8.573 Y26.461 Z31.586 E896.39194
G1 X8.02 Y28.477 Z31.595 E897.37502
G1 X7.373 Y29.455 Z31.599 E897.92648
G1 X6.674 Y29.814 Z31.603 E898.29602
G1 X5.493 Y29.985 Z31.608 E898.85719
G1 X4.046 Y30.213 Z31.614 E899.54607
G1 X2.867 Y30.417 Z31.619 E900.10875
G1 X2.09 Y30.294 Z31.622 E900.4787
G1 X1.173 Y29.563 Z31.627 E901.03019
G1 X0.025 Y27.819 Z31.635 E902.01207
G1 X-1.114 Y25.638 Z31.645 E903.16917
G1 X-2.537 Y23.656 Z31.655 E904.31659
G1 X-4.894 Y23.281 Z31.665 E905.43895
G1 X-6.861 Y24.726 Z31.675 E906.58674
G1 X-8.614 Y26.446 Z31.685 E907.74167
G1 X-10.25 Y27.757 Z31.694 E908.72758
G1 X-11.349 Y28.172 Z31.699 E909.28002
G1 X-12.13 Y28.051 Z31.702 E909.65168
G1 X-13.187 Y27.495 Z31.707 E910.21333
G1 X-14.493 Y26.831 Z31.713 E910.90232
G1 X-15.564 Y26.302 Z31.718 E911.46407
G1 X-16.122 Y25.742 Z31.721 E911.83584
G1 X-16.432 Y24.609 Z31.726 E912.38823
G1 X-16.331 Y22.514 Z31.735 E913.37459
G1 X-15.966 Y20.087 Z31.745 E914.52876
G1 X-15.95 Y17.638 Z31.755 E915.68048
G1 X-17.637 Y15.949 Z31.765 E916.8031
G1 X-20.086 Y15.964 Z31.775 E917.9548
G1 X-22.513 Y16.33 Z31.785 E919.10905
G1 X-24.609 Y16.436 Z31.794 E920.09599
G1 X-25.747 Y16.128 Z31.798 E920.65041
G1 X-26.309 Y15.569 Z31.802 E921.02318
G1 X-26.837 Y14.498 Z31.807 E921.58471
G1 X-27.503 Y13.193 Z31.813 E922.27371
G1 X-28.062 Y12.134 Z31.818 E922.83685
G1 X-28.184 Y11.352 Z31.821 E923.20905
G1 X-27.764 Y10.249 Z31.826 E923.76409
G1 X-26.446 Y8.615 Z31.834 E924.75132
G1 X-24.72 Y6.866 Z31.844 E925.90689
G1 X-23.259 Y4.893 Z31.855 E927.06142
G1 X-23.633 Y2.531 Z31.864 E928.18603
G1 X-25.631 Y1.106 Z31.875 E929.34011
G1 X-27.818 Y-0.025 Z31.885 E930.49798
G1 X-29.573 Y-1.163 Z31.893 E931.48162
G1 X-30.32 Y-2.085 Z31.898 E932.03966
G1 X-30.447 Y-2.868 Z31.901 E932.41269
G1 X-30.243 Y-4.049 Z31.906 E932.9763
G1 X-30.015 Y-5.496 Z31.912 E933.66517
G1 X-29.846 Y-6.68 Z31.917 E934.22761
G1 X-29.483 Y-7.387 Z31.921 E934.60136
G1 X-28.487 Y-8.033 Z31.926 E935.15964
G1 X-26.462 Y-8.573 Z31.934 E936.14521
G1 X-24.034 Y-8.968 Z31.944 E937.30203
G1 X-21.685 Y-9.706 Z31.954 E938.45992
G1 X-20.596 Y-11.837 Z31.964 E939.58534
G1 X-21.382 Y-14.172 Z31.974 E940.74395
G1 X-22.49 Y-16.369 Z31.985 E941.90109
G1 X-23.246 Y-18.324 Z31.993 E942.88681
G1 X-23.313 Y-19.514 Z31.998 E943.44731
G1 X-22.954 Y-20.224 Z32.001 E943.82146
G1 X-22.097 Y-21.058 Z32.006 E944.38382
G1 X-21.058 Y-22.096 Z32.012 E945.07448
G1 X-20.225 Y-22.956 Z32.017 E945.63753
G1 X-19.515 Y-23.314 Z32.021 E946.01146
G1 X-18.324 Y-23.248 Z32.025 E946.57241
G1 X-16.37 Y-22.49 Z32.034 E947.55803
G1 X-14.173 Y-21.38 Z32.044 E948.71559
G1 X-11.834 Y-20.586 Z32.054 E949.87719
G1 X-9.699 Y-21.674 Z32.064 E951.00407
G1 X-8.963 Y-24.032 Z32.074 E952.16572
G1 X-8.572 Y-26.461 Z32.085 E953.32271
G1 X-8.041 Y-28.491 Z32.093 E954.30947
G1 X-7.395 Y-29.498 Z32.098 E954.8721
G1 X-6.685 Y-29.865 Z32.101 E955.24796
G1 X-5.5 Y-30.033 Z32.106 E955.8108
G1 X-4.053 Y-30.262 Z32.112 E956.49974
G1 X-2.871 Y-30.469 Z32.117 E957.06406
G1 X-2.082 Y-30.342 Z32.121 E957.43988
G1 X-1.156 Y-29.583 Z32.126 E958.00293
G1 X-0.026 Y-27.818 Z32.134 E958.98849
G1 X1.095 Y-25.625 Z32.144 E960.14672
G1 X2.523 Y-23.601 Z32.155 E961.31159
G1 X4.892 Y-23.224 Z32.164 E962.43968
G1 X6.875 Y-24.707 Z32.175 E963.60416
G1 X8.615 Y-26.445 Z32.185 E964.76069
G1 X10.241 Y-27.781 Z32.193 E965.75035
G1 X11.357 Y-28.221 Z32.198 E966.31449
G1 X12.151 Y-28.099 Z32.202 E966.69227
G1 X13.21 Y-27.538 Z32.207 E967.25584
G1 X14.515 Y-26.874 Z32.213 E967.94442
G1 X15.593 Y-26.346 Z32.218 E968.50891
G1 X16.157 Y-25.777 Z32.221 E968.88567
G1 X16.457 Y-24.615 Z32.226 E969.45004
G1 X16.33 Y-22.514 Z32.235 E970.43987
G1 X15.943 Y-20.087 Z32.245 E971.59563
G1 X15.905 Y-17.602 Z32.255 E972.76438
G1 X17.602 Y-15.904 Z32.265 E973.89332
G1 X20.087 Y-15.941 Z32.275 E975.06207
G1 X22.514 Y-16.329 Z32.285 E976.2179
G1 X24.616 Y-16.461 Z32.294 E977.20835
G1 X25.782 Y-16.163 Z32.299 E977.77431
G1 X26.353 Y-15.598 Z32.302 E978.15207
G1 X26.882 Y-14.52 Z32.307 E978.71677
G1 X27.547 Y-13.215 Z32.313 E979.40555
G1 X28.11 Y-12.155 Z32.318 E979.96999
G1 X28.233 Y-11.359 Z32.321 E980.34876
G1 X27.788 Y-10.239 Z32.326 E980.91551
G1 X26.445 Y-8.616 Z32.335 E981.90618
G1 X24.701 Y-6.88 Z32.345 E983.06339
G1 X23.202 Y-4.891 Z32.355 E984.23464
G1 X23.579 Y-2.517 Z32.365 E985.36504
G1 X25.618 Y-1.087 Z32.376 E986.53623
G1 X27.818 Y0.026 Z32.386 E987.69568
G1 X29.594 Y1.147 Z32.394 E988.68334
G1 X30.368 Y2.077 Z32.399 E989.25234
G1 X30.499 Y2.873 Z32.403 E989.63171
G1 X30.291 Y4.057 Z32.408 E990.19703
G1 X30.063 Y5.504 Z32.414 E990.8859
G1 X29.897 Y6.691 Z32.419 E991.44954
G1 X29.526 Y7.41 Z32.422 E991.83003
G1 X28.5 Y8.055 Z32.427 E992.39994
G1 X26.461 Y8.572 Z32.436 E993.38916
G1 X24.027 Y8.946 Z32.446 E994.54723
G1 X21.636 Y9.674 Z32.456 E995.7226
G1 X20.543 Y11.817 Z32.466 E996.8539
G1 X21.361 Y14.179 Z32.476 E998.0294
G1 X22.489 Y16.37 Z32.486 E999.18828
G1 X23.272 Y18.323 Z32.495 E1000.17778
G1 X23.356 Y19.536 Z32.5 E1000.74958
;TIME_ELAPSED:341.929165
;LAYER:32
;TYPE:WALL-OUTER
;MESH:two-component-v5.stl
G1 X22.994 Y20.258 Z32.503 E1001.1294
G1 X22.136 Y21.088 Z32.508 E1001.69079
G1 X21.089 Y22.135 Z32.514 E1002.38711
G1 X20.259 Y22.995 Z32.519 E1002.94917
G1 X19.566 Y23.343 Z32.522 E1003.31385
G1 X18.382 Y23.278 Z32.527 E1003.87149
G1 X16.39 Y22.497 Z32.536 E1004.87769
G1 X14.156 Y21.35 Z32.546 E1006.05864
G1 X11.814 Y20.534 Z32.556 E1007.22495
G1 X9.667 Y21.626 Z32.566 E1008.35771
G1 X8.949 Y24 Z32.576 E1009.52406
G1 X8.565 Y26.489 Z32.586 E1010.70841
G1 X8.032 Y28.554 Z32.595 E1011.71134
G1 X7.389 Y29.556 Z32.599 E1012.27122
G1 X6.696 Y29.915 Z32.603 E1012.63825
G1 X5.507 Y30.081 Z32.608 E1013.20283
G1 X4.06 Y30.311 Z32.613 E1013.89184
G1 X2.875 Y30.521 Z32.618 E1014.4578
G1 X2.106 Y30.395 Z32.622 E1014.82426
G1 X1.184 Y29.64 Z32.626 E1015.38466
G1 X0.04 Y27.84 Z32.635 E1016.38764
G1 X-1.092 Y25.591 Z32.645 E1017.57169
G1 X-2.509 Y23.549 Z32.655 E1018.74054
G1 X-4.889 Y23.169 Z32.665 E1019.87395
G1 X-6.867 Y24.674 Z32.675 E1021.04278
G1 X-8.635 Y26.461 Z32.685 E1022.22494
G1 X-10.284 Y27.826 Z32.694 E1023.23162
G1 X-11.398 Y28.264 Z32.699 E1023.79454
G1 X-12.17 Y28.146 Z32.702 E1024.1618
G1 X-13.224 Y27.584 Z32.707 E1024.72353
G1 X-14.543 Y26.914 Z32.713 E1025.41925
G1 X-15.621 Y26.389 Z32.718 E1025.98312
G1 X-16.168 Y25.835 Z32.721 E1026.34924
G1 X-16.468 Y24.676 Z32.726 E1026.91224
G1 X-16.331 Y22.542 Z32.735 E1027.91786
G1 X-15.922 Y20.061 Z32.745 E1029.10034
G1 X-15.863 Y17.569 Z32.755 E1030.27258
G1 X-17.568 Y15.862 Z32.765 E1031.40717
G1 X-20.06 Y15.92 Z32.775 E1032.57939
G1 X-22.541 Y16.331 Z32.785 E1033.76203
G1 X-24.676 Y16.472 Z32.794 E1034.76824
G1 X-25.839 Y16.174 Z32.799 E1035.33283
G1 X-26.396 Y15.625 Z32.802 E1035.70062
G1 X-26.924 Y14.542 Z32.807 E1036.26722
G1 X-27.59 Y13.235 Z32.813 E1036.95706
G1 X-28.157 Y12.174 Z32.817 E1037.52279
G1 X-28.275 Y11.401 Z32.821 E1037.89052
G1 X-27.833 Y10.283 Z32.826 E1038.45588
G1 X-26.462 Y8.636 Z32.834 E1039.46364
G1 X-24.669 Y6.872 Z32.844 E1040.64648
G1 X-23.15 Y4.889 Z32.855 E1041.82118
G1 X-23.528 Y2.503 Z32.864 E1042.95723
G1 X-25.585 Y1.086 Z32.875 E1044.13188
G1 X-27.839 Y-0.039 Z32.885 E1045.31656
G1 X-29.649 Y-1.175 Z32.893 E1046.3215
G1 X-30.421 Y-2.101 Z32.898 E1046.88845
G1 X-30.549 Y-2.877 Z32.902 E1047.25831
G1 X-30.339 Y-4.057 Z32.906 E1047.82195
G1 X-30.109 Y-5.518 Z32.912 E1048.51747
G1 X-29.945 Y-6.704 Z32.917 E1049.08051
G1 X-29.584 Y-7.403 Z32.92 E1049.45048
G1 X-28.563 Y-8.045 Z32.925 E1050.01766
G1 X-26.49 Y-8.565 Z32.934 E1051.02273
G1 X-23.997 Y-8.935 Z32.944 E1052.20794
G1 X-21.594 Y-9.645 Z32.954 E1053.38629
G1 X-20.495 Y-11.799 Z32.964 E1054.52348
G1 X-21.333 Y-14.16 Z32.974 E1055.70164
G1 X-22.497 Y-16.389 Z32.985 E1056.88419
G1 X-23.3 Y-18.38 Z32.993 E1057.89378
G1 X-23.385 Y-19.586 Z32.998 E1058.46233
G1 X-23.032 Y-20.29 Z33.001 E1058.83268
G1 X-22.168 Y-21.121 Z33.006 E1059.39643
G1 X-21.122 Y-22.167 Z33.012 E1060.09208
G1 X-20.291 Y-23.033 Z33.017 E1060.6565
G1 X-19.587 Y-23.386 Z33.02 E1061.02686
G1 X-18.38 Y-23.302 Z33.025 E1061.59584
G1 X-16.389 Y-22.498 Z33.034 E1062.60561
G1 X-14.162 Y-21.331 Z33.044 E1063.78797
G1 X-11.796 Y-20.486 Z33.054 E1064.96946
G1 X-9.639 Y-21.584 Z33.064 E1066.10769
G1 X-8.931 Y-23.995 Z33.074 E1067.28938
G1 X-8.566 Y-26.49 Z33.085 E1068.47518
G1 X-8.053 Y-28.567 Z33.093 E1069.48128
G1 X-7.411 Y-29.599 Z33.098 E1070.05284
G1 X-6.709 Y-29.963 Z33.102 E1070.42471
G1 X-5.518 Y-30.127 Z33.106 E1070.99009
G1 X-4.064 Y-30.357 Z33.112 E1071.68236
G1 X-2.879 Y-30.57 Z33.117 E1072.24856
G1 X-2.098 Y-30.442 Z33.12 E1072.62073
G1 X-1.168 Y-29.658 Z33.125 E1073.19275
G1 X-0.039 Y-27.84 Z33.134 E1074.19915
G1 X1.076 Y-25.579 Z33.144 E1075.38468
G1 X2.495 Y-23.499 Z33.155 E1076.56878
G1 X4.887 Y-23.118 Z33.164 E1077.70784
G1 X6.879 Y-24.659 Z33.175 E1078.8922
G1 X8.635 Y-26.462 Z33.185 E1080.07578
G1 X10.275 Y-27.849 Z33.194 E1081.08586
G1 X11.406 Y-28.311 Z33.199 E1081.66039
G1 X12.188 Y-28.193 Z33.202 E1082.03231
G1 X13.247 Y-27.626 Z33.207 E1082.59721
G1 X14.563 Y-26.955 Z33.213 E1083.29189
G1 X15.647 Y-26.432 Z33.217 E1083.85788
G1 X16.202 Y-25.868 Z33.221 E1084.23
G1 X16.493 Y-24.682 Z33.226 E1084.80428
G1 X16.332 Y-22.541 Z33.234 E1085.81396
G1 X15.903 Y-20.061 Z33.245 E1086.99755
G1 X15.823 Y-17.537 Z33.255 E1088.1851
G1 X17.536 Y-15.822 Z33.265 E1089.32501
G1 X20.061 Y-15.901 Z33.275 E1090.51302
G1 X22.541 Y-16.332 Z33.285 E1091.69677
G1 X24.682 Y-16.496 Z33.294 E1092.70656
G1 X25.873 Y-16.208 Z33.299 E1093.28279
G1 X26.439 Y-15.652 Z33.302 E1093.6559
G1 X26.964 Y-14.566 Z33.307 E1094.22316
G1 X27.634 Y-13.253 Z33.313 E1094.91637
G1 X28.204 Y-12.192 Z33.318 E1095.48277
G1 X28.322 Y-11.408 Z33.321 E1095.85561
G1 X27.855 Y-10.273 Z33.326 E1096.43278
G1 X26.462 Y-8.635 Z33.335 E1097.44396
G1 X24.654 Y-6.883 Z33.345 E1098.62791
G1 X23.099 Y-4.887 Z33.355 E1099.8178
G1 X23.478 Y-2.49 Z33.365 E1100.95903
G1 X25.574 Y-1.069 Z33.375 E1102.14988
G1 X27.84 Y0.038 Z33.386 E1103.33587
G1 X29.668 Y1.159 Z33.394 E1104.34429
G1 X30.468 Y2.093 Z33.399 E1104.92261
G1 X30.598 Y2.881 Z33.403 E1105.2982
G1 X30.385 Y4.065 Z33.407 E1105.86393
G1 X30.155 Y5.525 Z33.413 E1106.55899
G1 X29.993 Y6.717 Z33.418 E1107.1247
G1 X29.626 Y7.425 Z33.422 E1107.49973
G1 X28.576 Y8.067 Z33.427 E1108.07849
G1 X26.49 Y8.567 Z33.435 E1109.08726
G1 X23.992 Y8.918 Z33.446 E1110.27353
G1 X21.552 Y9.616 Z33.456 E1111.46701
G1 X20.447 Y11.781 Z33.466 E1112.61008
G1 X21.315 Y14.167 Z33.476 E1113.80408
G1 X22.498 Y16.389 Z33.486 E1114.98788
G1 X23.325 Y18.378 Z33.495 E1116.00088
G1 X23.427 Y19.607 Z33.5 E1116.58082
;TIME_ELAPSED:348.123880
;LAYER:33
;TYPE:WALL-OUTER
;MESH:two-component-v5.stl
G1 X23.07 Y20.322 Z33.503 E1116.95665
G1 X22.206 Y21.149 Z33.508 E1117.51909
G1 X21.15 Y22.205 Z33.514 E1118.22139
G1 X20.323 Y23.071 Z33.519 E1118.78451
G1 X19.635 Y23.415 Z33.522 E1119.14625
G1 X18.436 Y23.331 Z33.527 E1119.71148
G1 X16.408 Y22.506 Z33.535 E1120.74108
G1 X14.147 Y21.306 Z33.546 E1121.94483
G1 X11.778 Y20.439 Z33.556 E1123.13116
G1 X9.611 Y21.543 Z33.566 E1124.27485
G1 X8.921 Y23.967 Z33.576 E1125.46007
G1 X8.564 Y26.504 Z33.586 E1126.66489
G1 X8.045 Y28.629 Z33.595 E1127.69358
G1 X7.407 Y29.654 Z33.6 E1128.26136
G1 X6.721 Y30.011 Z33.603 E1128.62503
G1 X5.528 Y30.172 Z33.607 E1129.19114
G1 X4.068 Y30.403 Z33.613 E1129.88627
G1 X2.883 Y30.62 Z33.618 E1130.45281
G1 X2.122 Y30.494 Z33.621 E1130.81555
G1 X1.196 Y29.715 Z33.626 E1131.38462
G1 X0.043 Y27.849 Z33.635 E1132.41615
G1 X-1.073 Y25.551 Z33.645 E1133.61752
G1 X-2.482 Y23.452 Z33.655 E1134.80638
G1 X-4.885 Y23.07 Z33.665 E1135.95062
G1 X-6.873 Y24.631 Z33.675 E1137.13928
G1 X-8.653 Y26.478 Z33.685 E1138.34557
G1 X-10.316 Y27.893 Z33.694 E1139.37241
G1 X-11.44 Y28.353 Z33.699 E1139.94355
G1 X-12.207 Y28.239 Z33.702 E1140.30821
G1 X-13.262 Y27.67 Z33.707 E1140.8719
G1 X-14.591 Y26.993 Z33.713 E1141.5733
G1 X-15.673 Y26.474 Z33.718 E1142.13764
G1 X-16.214 Y25.924 Z33.721 E1142.50044
G1 X-16.503 Y24.744 Z33.726 E1143.07176
G1 X-16.336 Y22.56 Z33.734 E1144.10182
G1 X-15.885 Y20.039 Z33.745 E1145.30619
G1 X-15.786 Y17.507 Z33.755 E1146.49781
G1 X-17.507 Y15.785 Z33.765 E1147.64271
G1 X-20.039 Y15.883 Z33.775 E1148.83432
G1 X-22.559 Y16.335 Z33.785 E1150.03831
G1 X-24.744 Y16.507 Z33.794 E1151.06902
G1 X-25.929 Y16.22 Z33.799 E1151.6424
G1 X-26.481 Y15.677 Z33.802 E1152.00653
G1 X-27 Y14.595 Z33.807 E1152.57087
G1 X-27.678 Y13.267 Z33.813 E1153.27207
G1 X-28.249 Y12.211 Z33.817 E1153.83662
G1 X-28.363 Y11.442 Z33.821 E1154.20221
G1 X-27.899 Y10.315 Z33.825 E1154.77536
G1 X-26.479 Y8.653 Z33.834 E1155.80337
G1 X-24.627 Y6.877 Z33.844 E1157.01005
G1 X-23.053 Y4.885 Z33.855 E1158.20397
G1 X-23.434 Y2.477 Z33.864 E1159.35047
G1 X-25.546 Y1.068 Z33.875 E1160.54441
G1 X-27.849 Y-0.041 Z33.885 E1161.74647
G1 X-29.724 Y-1.187 Z33.894 E1162.77987
G1 X-30.518 Y-2.117 Z33.898 E1163.35493
G1 X-30.647 Y-2.885 Z33.902 E1163.72116
G1 X-30.431 Y-4.065 Z33.906 E1164.2853
G1 X-30.198 Y-5.539 Z33.912 E1164.98708
G1 X-30.04 Y-6.729 Z33.917 E1165.55161
G1 X-29.681 Y-7.42 Z33.92 E1165.9178
G1 X-28.638 Y-8.058 Z33.925 E1166.49278
G1 X-26.505 Y-8.564 Z33.934 E1167.5237
G1 X-23.965 Y-8.908 Z33.944 E1168.72908
G1 X-21.515 Y-9.593 Z33.954 E1169.92542
G1 X-20.406 Y-11.766 Z33.964 E1171.0727
G1 X-21.292 Y-14.151 Z33.974 E1172.26918
G1 X-22.507 Y-16.407 Z33.985 E1173.47419
G1 X-23.354 Y-18.433 Z33.993 E1174.50686
G1 X-23.455 Y-19.654 Z33.998 E1175.08301
G1 X-23.107 Y-20.354 Z34.002 E1175.45064
G1 X-22.236 Y-21.182 Z34.006 E1176.01579
G1 X-21.182 Y-22.236 Z34.012 E1176.71676
G1 X-20.355 Y-23.108 Z34.017 E1177.28193
G1 X-19.655 Y-23.456 Z34.02 E1177.64955
G1 X-18.433 Y-23.356 Z34.025 E1178.22614
G1 X-16.407 Y-22.508 Z34.034 E1179.25899
G1 X-14.152 Y-21.29 Z34.044 E1180.46425
G1 X-11.763 Y-20.399 Z34.054 E1181.66331
G1 X-9.587 Y-21.507 Z34.064 E1182.81163
G1 X-8.905 Y-23.963 Z34.074 E1184.01031
G1 X-8.565 Y-26.505 Z34.085 E1185.21638
G1 X-8.065 Y-28.642 Z34.094 E1186.24849
G1 X-7.428 Y-29.695 Z34.098 E1186.82723
G1 X-6.733 Y-30.058 Z34.102 E1187.19597
G1 X-5.538 Y-30.216 Z34.106 E1187.76283
G1 X-4.072 Y-30.448 Z34.112 E1188.46082
G1 X-2.886 Y-30.668 Z34.117 E1189.02807
G1 X-2.114 Y-30.539 Z34.12 E1189.39615
G1 X-1.18 Y-29.733 Z34.125 E1189.97632
G1 X-0.041 Y-27.85 Z34.134 E1191.01123
G1 X1.061 Y-25.542 Z34.144 E1192.21398
G1 X2.47 Y-23.409 Z34.155 E1193.41615
G1 X4.883 Y-23.026 Z34.164 E1194.56511
G1 X6.883 Y-24.619 Z34.175 E1195.76753
G1 X8.652 Y-26.479 Z34.185 E1196.97466
G1 X10.307 Y-27.915 Z34.194 E1198.00509
G1 X11.447 Y-28.398 Z34.199 E1198.58732
G1 X12.225 Y-28.283 Z34.202 E1198.95717
G1 X13.283 Y-27.709 Z34.207 E1199.52322
G1 X14.611 Y-27.034 Z34.213 E1200.22378
G1 X15.699 Y-26.515 Z34.217 E1200.79066
G1 X16.247 Y-25.956 Z34.221 E1201.15879
G1 X16.526 Y-24.749 Z34.226 E1201.74137
G1 X16.337 Y-22.559 Z34.234 E1202.77508
G1 X15.869 Y-20.04 Z34.245 E1203.97996
G1 X15.751 Y-17.481 Z34.255 E1205.18465
G1 X17.48 Y-15.75 Z34.265 E1206.33521
G1 X20.04 Y-15.868 Z34.275 E1207.54037
G1 X22.559 Y-16.337 Z34.285 E1208.74533
G1 X24.75 Y-16.53 Z34.294 E1209.77968
G1 X25.961 Y-16.252 Z34.299 E1210.36398
G1 X26.522 Y-15.703 Z34.302 E1210.73311
G1 X27.041 Y-14.615 Z34.307 E1211.3
G1 X27.717 Y-13.288 Z34.313 E1212.00035
G1 X28.293 Y-12.229 Z34.318 E1212.56726
G1 X28.409 Y-11.449 Z34.321 E1212.9381
G1 X27.921 Y-10.305 Z34.326 E1213.52299
G1 X26.48 Y-8.651 Z34.335 E1214.55461
G1 X24.615 Y-6.886 Z34.345 E1215.76215
G1 X23.01 Y-4.883 Z34.355 E1216.96919
G1 X23.391 Y-2.465 Z34.365 E1218.12033
G1 X25.538 Y-1.055 Z34.375 E1219.32826
G1 X27.85 Y0.04 Z34.386 E1220.53129
G1 X29.742 Y1.171 Z34.394 E1221.56789
G1 X30.564 Y2.109 Z34.399 E1222.15441
G1 X30.696 Y2.888 Z34.403 E1222.52598
G1 X30.475 Y4.073 Z34.407 E1223.09285
G1 X30.242 Y5.545 Z34.413 E1223.7937
G1 X30.087 Y6.74 Z34.418 E1224.36038
G1 X29.722 Y7.441 Z34.421 E1224.73205
G1 X28.65 Y8.078 Z34.426 E1225.31846
G1 X26.505 Y8.566 Z34.435 E1226.35296
G1 X23.96 Y8.893 Z34.445 E1227.55963
G1 X21.479 Y9.569 Z34.456 E1228.7689
G1 X20.366 Y11.75 Z34.466 E1229.92039
G1 X21.277 Y14.157 Z34.476 E1231.13068
G1 X22.509 Y16.406 Z34.486 E1232.33661
G1 X23.379 Y18.431 Z34.495 E1233.37307
G1 X23.496 Y19.675 Z34.5 E1233.96066
;TIME_ELAPSED:354.402884
;LAYER:34
;TYPE:WALL-OUTER
;MESH:two-component-v5.stl
G1 X23.143 Y20.385 Z34.503 E1234.33354
G1 X22.273 Y21.209 Z34.508 E1234.89706
G1 X21.21 Y22.273 Z34.514 E1235.60435
G1 X20.386 Y23.144 Z34.519 E1236.1682
G1 X19.702 Y23.485 Z34.522 E1236.52762
G1 X18.485 Y23.386 Z34.526 E1237.10182
G1 X16.429 Y22.519 Z34.535 E1238.15115
G1 X14.142 Y21.27 Z34.546 E1239.37659
G1 X11.748 Y20.359 Z34.556 E1240.58117
G1 X9.564 Y21.472 Z34.565 E1241.73391
G1 X8.894 Y23.944 Z34.576 E1242.93835
G1 X8.561 Y26.532 Z34.586 E1244.16544
G1 X8.058 Y28.7 Z34.595 E1245.21206
G1 X7.424 Y29.748 Z34.6 E1245.78807
G1 X6.744 Y30.104 Z34.603 E1246.14902
G1 X5.554 Y30.258 Z34.607 E1246.71331
G1 X4.07 Y30.494 Z34.613 E1247.41995
G1 X2.89 Y30.716 Z34.618 E1247.9846
G1 X2.134 Y30.589 Z34.621 E1248.34511
G1 X1.205 Y29.786 Z34.626 E1248.92257
G1 X0.054 Y27.875 Z34.635 E1249.97167
G1 X-1.058 Y25.52 Z34.645 E1251.19641
G1 X-2.459 Y23.368 Z34.655 E1252.40399
G1 X-4.882 Y22.985 Z34.665 E1253.55759
G1 X-6.879 Y24.597 Z34.675 E1254.7645
G1 X-8.656 Y26.485 Z34.685 E1255.98378
G1 X-10.351 Y27.96 Z34.694 E1257.04043
G1 X-11.482 Y28.439 Z34.699 E1257.61804
G1 X-12.243 Y28.326 Z34.702 E1257.97984
G1 X-13.298 Y27.752 Z34.707 E1258.54465
G1 X-14.636 Y27.07 Z34.713 E1259.25089
G1 X-15.723 Y26.555 Z34.718 E1259.81654
G1 X-16.261 Y26.007 Z34.721 E1260.17769
G1 X-16.538 Y24.808 Z34.726 E1260.75639
G1 X-16.342 Y22.588 Z34.734 E1261.80444
G1 X-15.854 Y20.024 Z34.745 E1263.03185
G1 X-15.719 Y17.456 Z34.755 E1264.24117
G1 X-17.456 Y15.719 Z34.765 E1265.39638
G1 X-20.024 Y15.853 Z34.775 E1266.60567
G1 X-22.587 Y16.342 Z34.785 E1267.8327
G1 X-24.808 Y16.542 Z34.794 E1268.88139
G1 X-26.011 Y16.267 Z34.799 E1269.46172
G1 X-26.562 Y15.728 Z34.802 E1269.8242
G1 X-27.08 Y14.635 Z34.807 E1270.393
G1 X-27.759 Y13.303 Z34.813 E1271.09609
G1 X-28.336 Y12.247 Z34.817 E1271.66199
G1 X-28.449 Y11.484 Z34.82 E1272.02472
G1 X-27.967 Y10.35 Z34.825 E1272.60417
G1 X-26.486 Y8.656 Z34.834 E1273.66233
G1 X-24.594 Y6.882 Z34.844 E1274.88201
G1 X-22.971 Y4.882 Z34.855 E1276.09327
G1 X-23.353 Y2.454 Z34.864 E1277.24913
G1 X-25.516 Y1.054 Z34.875 E1278.46079
G1 X-27.875 Y-0.052 Z34.885 E1279.68603
G1 X-29.795 Y-1.196 Z34.894 E1280.73707
G1 X-30.612 Y-2.129 Z34.899 E1281.32027
G1 X-30.742 Y-2.892 Z34.902 E1281.68425
G1 X-30.519 Y-4.074 Z34.906 E1282.24992
G1 X-30.285 Y-5.557 Z34.912 E1282.95595
G1 X-30.132 Y-6.752 Z34.917 E1283.52251
G1 X-29.774 Y-7.436 Z34.92 E1283.88557
G1 X-28.709 Y-8.071 Z34.925 E1284.46867
G1 X-26.533 Y-8.562 Z34.934 E1285.5177
G1 X-23.942 Y-8.885 Z34.944 E1286.74559
G1 X-21.448 Y-9.548 Z34.954 E1287.95918
G1 X-20.33 Y-11.738 Z34.964 E1289.1155
G1 X-21.26 Y-14.145 Z34.974 E1290.32899
G1 X-22.521 Y-16.427 Z34.985 E1291.55508
G1 X-23.407 Y-18.482 Z34.994 E1292.60748
G1 X-23.524 Y-19.72 Z34.999 E1293.19226
G1 X-23.179 Y-20.414 Z35.002 E1293.55673
G1 X-22.302 Y-21.24 Z35.006 E1294.12328
G1 X-21.241 Y-22.302 Z35.012 E1294.82924
G1 X-20.415 Y-23.18 Z35.017 E1295.39614
G1 X-19.721 Y-23.525 Z35.02 E1295.7606
G1 X-18.482 Y-23.409 Z35.025 E1296.34581
G1 X-16.427 Y-22.522 Z35.034 E1297.39839
G1 X-14.146 Y-21.258 Z35.044 E1298.62476
G1 X-11.736 Y-20.324 Z35.054 E1299.84024
G1 X-9.543 Y-21.441 Z35.064 E1300.99761
G1 X-8.882 Y-23.941 Z35.074 E1302.21368
G1 X-8.564 Y-26.533 Z35.085 E1303.44175
G1 X-8.078 Y-28.713 Z35.094 E1304.4921
G1 X-7.444 Y-29.787 Z35.099 E1305.07861
G1 X-6.756 Y-30.149 Z35.102 E1305.4442
G1 X-5.56 Y-30.301 Z35.106 E1306.01117
G1 X-4.077 Y-30.536 Z35.112 E1306.71727
G1 X-2.893 Y-30.762 Z35.117 E1307.28412
G1 X-2.127 Y-30.632 Z35.12 E1307.6495
G1 X-1.19 Y-29.804 Z35.125 E1308.23753
G1 X-0.052 Y-27.876 Z35.134 E1309.29037
G1 X1.047 Y-25.513 Z35.144 E1310.51592
G1 X2.448 Y-23.333 Z35.155 E1311.73455
G1 X4.881 Y-22.948 Z35.164 E1312.89295
G1 X6.887 Y-24.587 Z35.175 E1314.11115
G1 X8.655 Y-26.487 Z35.185 E1315.33166
G1 X10.342 Y-27.982 Z35.194 E1316.39169
G1 X11.489 Y-28.483 Z35.199 E1316.9803
G1 X12.259 Y-28.369 Z35.202 E1317.34635
G1 X13.318 Y-27.789 Z35.207 E1317.91416
G1 X14.654 Y-27.109 Z35.213 E1318.61914
G1 X15.747 Y-26.594 Z35.217 E1319.18734
G1 X16.292 Y-26.037 Z35.22 E1319.55381
G1 X16.561 Y-24.813 Z35.225 E1320.14316
G1 X16.345 Y-22.587 Z35.234 E1321.19489
G1 X15.841 Y-20.025 Z35.245 E1322.42281
G1 X15.69 Y-17.433 Z35.255 E1323.64381
G1 X17.433 Y-15.69 Z35.265 E1324.80301
G1 X20.025 Y-15.84 Z35.275 E1326.02398
G1 X22.587 Y-16.346 Z35.285 E1327.25208
G1 X24.814 Y-16.565 Z35.294 E1328.30441
G1 X26.042 Y-16.298 Z35.299 E1328.8954
G1 X26.601 Y-15.752 Z35.302 E1329.26287
G1 X27.117 Y-14.657 Z35.307 E1329.83212
G1 X27.797 Y-13.323 Z35.313 E1330.53626
G1 X28.379 Y-12.263 Z35.318 E1331.10494
G1 X28.493 Y-11.491 Z35.321 E1331.47192
G1 X27.988 Y-10.34 Z35.326 E1332.06301
G1 X26.488 Y-8.654 Z35.335 E1333.12425
G1 X24.584 Y-6.89 Z35.345 E1334.34485
G1 X22.934 Y-4.881 Z35.355 E1335.56742
G1 X23.318 Y-2.444 Z35.365 E1336.7276
G1 X25.51 Y-1.043 Z35.375 E1337.95099
G1 X27.877 Y0.05 Z35.386 E1339.17706
G1 X29.813 Y1.181 Z35.394 E1340.23147
G1 X30.656 Y2.122 Z35.399 E1340.8256
G1 X30.788 Y2.895 Z35.403 E1341.19438
G1 X30.561 Y4.082 Z35.407 E1341.7627
G1 X30.328 Y5.563 Z35.413 E1342.46773
G1 X30.177 Y6.763 Z35.418 E1343.03651
G1 X29.813 Y7.457 Z35.421 E1343.40504
G1 X28.721 Y8.092 Z35.426 E1343.99908
G1 X26.534 Y8.566 Z35.435 E1345.05144
G1 X23.938 Y8.873 Z35.445 E1346.28076
G1 X21.418 Y9.527 Z35.456 E1347.50509
G1 X20.295 Y11.726 Z35.465 E1348.66626
G1 X21.249 Y14.15 Z35.476 E1349.89129
G1 X22.524 Y16.426 Z35.486 E1351.11812
G1 X23.431 Y18.48 Z35.495 E1352.17403
G1 X23.563 Y19.74 Z35.5 E1352.76981
;TIME_ELAPSED:360.759715
;LAYER:35
;TYPE:WALL-OUTER
;MESH:two-component-v5.stl
G1 X23.215 Y20.442 Z35.503 E1353.13828
G1 X22.337 Y21.265 Z35.508 E1353.70421
G1 X21.267 Y22.337 Z35.514 E1354.41649
G1 X20.443 Y23.216 Z35.518 E1354.98308
G1 X19.765 Y23.553 Z35.521 E1355.33913
G1 X18.533 Y23.438 Z35.526 E1355.92102
G1 X16.449 Y22.534 Z35.535 E1356.98929
G1 X14.141 Y21.244 Z35.545 E1358.2327
G1 X11.724 Y20.29 Z35.556 E1359.45467
G1 X9.523 Y21.412 Z35.565 E1360.61646
G1 X8.874 Y23.928 Z35.575 E1361.83838
G1 X8.565 Y26.55 Z35.586 E1363.07996
G1 X8.072 Y28.772 Z35.595 E1364.1503
G1 X7.442 Y29.838 Z35.6 E1364.73261
G1 X6.767 Y30.193 Z35.603 E1365.09127
G1 X5.573 Y30.343 Z35.607 E1365.65718
G1 X4.078 Y30.579 Z35.613 E1366.36893
G1 X2.896 Y30.807 Z35.618 E1366.93504
G1 X2.145 Y30.68 Z35.621 E1367.29322
G1 X1.215 Y29.858 Z35.626 E1367.87692
G1 X0.062 Y27.9 Z35.635 E1368.94549
G1 X-1.043 Y25.499 Z35.645 E1370.18844
G1 X-2.438 Y23.3 Z35.655 E1371.41309
G1 X-4.881 Y22.913 Z35.665 E1372.57628
G1 X-6.886 Y24.572 Z35.675 E1373.80009
G1 X-8.682 Y26.515 Z35.685 E1375.04437
G1 X-10.38 Y28.025 Z35.694 E1376.11296
G1 X-11.521 Y28.523 Z35.699 E1376.69842
G1 X-12.275 Y28.412 Z35.702 E1377.05682
G1 X-13.331 Y27.83 Z35.707 E1377.62385
G1 X-14.679 Y27.144 Z35.713 E1378.33514
G1 X-15.771 Y26.632 Z35.718 E1378.90231
G1 X-16.305 Y26.087 Z35.721 E1379.26113
G1 X-16.573 Y24.87 Z35.725 E1379.84716
G1 X-16.351 Y22.605 Z35.734 E1380.91742
G1 X-15.83 Y20.016 Z35.745 E1382.15935
G1 X-15.664 Y17.413 Z35.755 E1383.38594
G1 X-17.412 Y15.664 Z35.765 E1384.5488
G1 X-20.015 Y15.829 Z35.775 E1385.77536
G1 X-22.604 Y16.351 Z35.785 E1387.01738
G1 X-24.87 Y16.577 Z35.794 E1388.0883
G1 X-26.091 Y16.31 Z35.799 E1388.67606
G1 X-26.639 Y15.775 Z35.802 E1389.03622
G1 X-27.15 Y14.683 Z35.807 E1389.60319
G1 X-27.835 Y13.34 Z35.813 E1390.31217
G1 X-28.421 Y12.279 Z35.817 E1390.88217
G1 X-28.532 Y11.523 Z35.82 E1391.2415
G1 X-28.031 Y10.378 Z35.825 E1391.82925
G1 X-26.517 Y8.681 Z35.834 E1392.89873
G1 X-24.57 Y6.889 Z35.844 E1394.14313
G1 X-22.902 Y4.88 Z35.855 E1395.37109
G1 X-23.289 Y2.435 Z35.864 E1396.5352
G1 X-25.496 Y1.04 Z35.875 E1397.76303
G1 X-27.9 Y-0.059 Z35.885 E1399.00609
G1 X-29.867 Y-1.205 Z35.894 E1400.07665
G1 X-30.703 Y-2.14 Z35.899 E1400.66648
G1 X-30.832 Y-2.898 Z35.902 E1401.02806
G1 X-30.604 Y-4.082 Z35.906 E1401.59509
G1 X-30.368 Y-5.576 Z35.912 E1402.30638
G1 X-30.22 Y-6.775 Z35.917 E1402.87451
G1 X-29.863 Y-7.454 Z35.92 E1403.23527
G1 X-28.781 Y-8.085 Z35.925 E1403.8243
G1 X-26.551 Y-8.567 Z35.934 E1404.89722
G1 X-23.927 Y-8.866 Z35.944 E1406.13918
G1 X-21.393 Y-9.51 Z35.955 E1407.36872
G1 X-20.266 Y-11.716 Z35.964 E1408.53367
G1 X-21.236 Y-14.143 Z35.974 E1409.76279
G1 X-22.537 Y-16.447 Z35.985 E1411.0071
G1 X-23.459 Y-18.53 Z35.994 E1412.07833
G1 X-23.589 Y-19.782 Z35.999 E1412.67027
G1 X-23.249 Y-20.471 Z36.002 E1413.03159
G1 X-22.365 Y-21.296 Z36.006 E1413.60022
G1 X-21.297 Y-22.365 Z36.012 E1414.31084
G1 X-20.472 Y-23.25 Z36.017 E1414.87981
G1 X-19.783 Y-23.59 Z36.02 E1415.24113
G1 X-18.53 Y-23.461 Z36.025 E1415.83349
G1 X-16.447 Y-22.538 Z36.034 E1416.90492
G1 X-14.144 Y-21.236 Z36.044 E1418.14904
G1 X-11.714 Y-20.261 Z36.055 E1419.38035
G1 X-9.506 Y-21.387 Z36.064 E1420.54592
G1 X-8.865 Y-23.926 Z36.075 E1421.77739
G1 X-8.569 Y-26.551 Z36.085 E1423.01967
G1 X-8.092 Y-28.784 Z36.094 E1424.09347
G1 X-7.461 Y-29.876 Z36.099 E1424.68657
G1 X-6.779 Y-30.235 Z36.102 E1425.04901
G1 X-5.578 Y-30.383 Z36.106 E1425.61808
G1 X-4.085 Y-30.62 Z36.112 E1426.32898
G1 X-2.898 Y-30.851 Z36.117 E1426.89766
G1 X-2.138 Y-30.722 Z36.12 E1427.26017
G1 X-1.198 Y-29.876 Z36.125 E1427.85489
G1 X-0.057 Y-27.902 Z36.134 E1428.92712
G1 X1.035 Y-25.494 Z36.144 E1430.17052
G1 X2.43 Y-23.272 Z36.155 E1431.40432
G1 X4.88 Y-22.883 Z36.164 E1432.57091
G1 X6.892 Y-24.565 Z36.175 E1433.80416
G1 X8.678 Y-26.519 Z36.185 E1435.04908
G1 X10.371 Y-28.047 Z36.194 E1436.12156
G1 X11.527 Y-28.565 Z36.199 E1436.71727
G1 X12.291 Y-28.453 Z36.202 E1437.08039
G1 X13.351 Y-27.867 Z36.207 E1437.64998
G1 X14.697 Y-27.181 Z36.213 E1438.36043
G1 X15.795 Y-26.67 Z36.217 E1438.92996
G1 X16.335 Y-26.117 Z36.22 E1439.29344
G1 X16.596 Y-24.875 Z36.225 E1439.89027
G1 X16.355 Y-22.604 Z36.234 E1440.96425
G1 X15.821 Y-20.016 Z36.245 E1442.20694
G1 X15.64 Y-17.395 Z36.255 E1443.44244
G1 X17.394 Y-15.64 Z36.265 E1444.60929
G1 X20.016 Y-15.821 Z36.275 E1445.84526
G1 X22.604 Y-16.355 Z36.285 E1447.08795
G1 X24.875 Y-16.6 Z36.294 E1448.16213
G1 X26.121 Y-16.34 Z36.299 E1448.7607
G1 X26.676 Y-15.799 Z36.302 E1449.12518
G1 X27.188 Y-14.7 Z36.307 E1449.69534
G1 X27.874 Y-13.357 Z36.313 E1450.40454
G1 X28.463 Y-12.295 Z36.318 E1450.97563
G1 X28.575 Y-11.529 Z36.321 E1451.33968
G1 X28.053 Y-10.368 Z36.326 E1451.93831
G1 X26.521 Y-8.677 Z36.335 E1453.01136
G1 X24.563 Y-6.894 Z36.345 E1454.25671
G1 X22.872 Y-4.879 Z36.355 E1455.49376
G1 X23.261 Y-2.426 Z36.365 E1456.66174
G1 X25.491 Y-1.032 Z36.375 E1457.89848
G1 X27.903 Y0.055 Z36.386 E1459.14263
G1 X29.885 Y1.189 Z36.395 E1460.21648
G1 X30.745 Y2.133 Z36.4 E1460.81701
G1 X30.876 Y2.9 Z36.403 E1461.18293
G1 X30.645 Y4.09 Z36.407 E1461.75299
G1 X30.408 Y5.581 Z36.413 E1462.46296
G1 X30.262 Y6.786 Z36.418 E1463.03378
G1 X29.9 Y7.474 Z36.421 E1463.39938
G1 X28.792 Y8.106 Z36.426 E1463.99924
G1 X26.552 Y8.571 Z36.435 E1465.07509
G1 X23.924 Y8.858 Z36.445 E1466.3183
G1 X21.368 Y9.493 Z36.456 E1467.55685
G1 X20.238 Y11.706 Z36.465 E1468.72537
G1 X21.228 Y14.147 Z36.476 E1469.96411
G1 X22.542 Y16.445 Z36.486 E1471.20898
G1 X23.483 Y18.528 Z36.495 E1472.28387
G1 X23.626 Y19.801 Z36.5 E1472.88628
;TIME_ELAPSED:367.187691
;LAYER:36
;TYPE:WALL-OUTER
;MESH:two-component-v5.stl
G1 X23.282 Y20.499 Z36.503 E1473.25223
G1 X22.4 Y21.32 Z36.508 E1473.81889
G1 X21.322 Y22.4 Z36.514 E1474.53649
G1 X20.5 Y23.283 Z36.518 E1475.10381
G1 X19.822 Y23.618 Z36.521 E1475.45945
G1 X18.581 Y23.49 Z36.526 E1476.04615
G1 X16.477 Y22.557 Z36.535 E1477.12851
G1 X14.144 Y21.226 Z36.545 E1478.39163
G1 X11.704 Y20.234 Z36.556 E1479.63029
G1 X9.49 Y21.364 Z36.565 E1480.79924
G1 X8.858 Y23.919 Z36.575 E1482.03698
G1 X8.567 Y26.581 Z36.586 E1483.29629
G1 X8.089 Y28.838 Z36.595 E1484.38123
G1 X7.46 Y29.924 Z36.6 E1484.97142
G1 X6.79 Y30.277 Z36.603 E1485.32755
G1 X5.584 Y30.423 Z36.607 E1485.89883
G1 X4.086 Y30.662 Z36.613 E1486.6122
G1 X2.9 Y30.895 Z36.618 E1487.1806
G1 X2.154 Y30.768 Z36.621 E1487.53647
G1 X1.22 Y29.928 Z36.626 E1488.12721
G1 X0.066 Y27.927 Z36.635 E1489.21348
G1 X-1.031 Y25.485 Z36.645 E1490.47243
G1 X-2.422 Y23.246 Z36.655 E1491.71201
G1 X-4.879 Y22.856 Z36.665 E1492.88192
G1 X-6.892 Y24.556 Z36.675 E1494.12098
G1 X-8.698 Y26.544 Z36.685 E1495.38405
G1 X-10.409 Y28.09 Z36.694 E1496.46849
G1 X-11.555 Y28.603 Z36.699 E1497.05895
G1 X-12.308 Y28.494 Z36.702 E1497.41675
G1 X-13.364 Y27.906 Z36.707 E1497.98515
G1 X-14.721 Y27.214 Z36.713 E1498.70148
G1 X-15.818 Y26.707 Z36.718 E1499.2698
G1 X-16.347 Y26.164 Z36.72 E1499.6263
G1 X-16.608 Y24.931 Z36.725 E1500.21899
G1 X-16.364 Y22.632 Z36.734 E1501.30621
G1 X-15.814 Y20.013 Z36.745 E1502.5647
G1 X-15.62 Y17.379 Z36.755 E1503.80674
G1 X-17.379 Y15.619 Z36.765 E1504.97691
G1 X-20.012 Y15.813 Z36.775 E1506.21848
G1 X-22.631 Y16.363 Z36.785 E1507.47698
G1 X-24.931 Y16.612 Z36.794 E1508.56491
G1 X-26.167 Y16.352 Z36.799 E1509.15889
G1 X-26.713 Y15.822 Z36.802 E1509.51673
G1 X-27.22 Y14.725 Z36.807 E1510.08504
G1 X-27.913 Y13.369 Z36.813 E1510.80118
G1 X-28.503 Y12.312 Z36.817 E1511.37044
G1 X-28.612 Y11.558 Z36.82 E1511.72871
G1 X-28.096 Y10.408 Z36.825 E1512.32146
G1 X-26.546 Y8.697 Z36.834 E1513.40716
G1 X-24.555 Y6.894 Z36.844 E1514.67032
G1 X-22.847 Y4.879 Z36.855 E1515.91253
G1 X-23.237 Y2.419 Z36.864 E1517.08384
G1 X-25.483 Y1.03 Z36.875 E1518.32572
G1 X-27.927 Y-0.062 Z36.885 E1519.58456
G1 X-29.936 Y-1.211 Z36.894 E1520.67294
G1 X-30.789 Y-2.15 Z36.899 E1521.26951
G1 X-30.918 Y-2.901 Z36.902 E1521.62786
G1 X-30.685 Y-4.089 Z36.907 E1522.19718
G1 X-30.446 Y-5.594 Z36.912 E1522.9138
G1 X-30.303 Y-6.796 Z36.917 E1523.48305
G1 X-29.948 Y-7.471 Z36.92 E1523.8417
G1 X-28.846 Y-8.101 Z36.925 E1524.43865
G1 X-26.583 Y-8.57 Z36.934 E1525.52547
G1 X-23.919 Y-8.853 Z36.944 E1526.78532
G1 X-21.349 Y-9.48 Z36.955 E1528.02935
G1 X-20.216 Y-11.698 Z36.964 E1529.20061
G1 X-21.221 Y-14.145 Z36.975 E1530.44463
G1 X-22.562 Y-16.474 Z36.985 E1531.70846
G1 X-23.512 Y-18.578 Z36.994 E1532.79409
G1 X-23.654 Y-19.839 Z36.999 E1533.39084
G1 X-23.315 Y-20.526 Z37.002 E1533.75111
G1 X-22.427 Y-21.349 Z37.007 E1534.32048
G1 X-21.35 Y-22.427 Z37.012 E1535.03708
G1 X-20.527 Y-23.316 Z37.017 E1535.60679
G1 X-19.84 Y-23.655 Z37.02 E1535.96706
G1 X-18.578 Y-23.514 Z37.025 E1536.56423
G1 X-16.474 Y-22.563 Z37.034 E1537.65005
G1 X-14.146 Y-21.221 Z37.044 E1538.91371
G1 X-11.697 Y-20.213 Z37.055 E1540.15913
G1 X-9.477 Y-21.345 Z37.064 E1541.33102
G1 X-8.852 Y-23.918 Z37.075 E1542.5762
G1 X-8.572 Y-26.583 Z37.085 E1543.83636
G1 X-8.108 Y-28.85 Z37.094 E1544.92456
G1 X-7.478 Y-29.96 Z37.099 E1545.52477
G1 X-6.8 Y-30.318 Z37.102 E1545.88533
G1 X-5.593 Y-30.462 Z37.107 E1546.45697
G1 X-4.093 Y-30.7 Z37.112 E1547.1712
G1 X-2.901 Y-30.936 Z37.117 E1547.74264
G1 X-2.147 Y-30.808 Z37.12 E1548.10229
G1 X-1.205 Y-29.945 Z37.125 E1548.70308
G1 X-0.06 Y-27.929 Z37.134 E1549.79338
G1 X1.027 Y-25.482 Z37.144 E1551.05255
G1 X2.415 Y-23.225 Z37.155 E1552.29859
G1 X4.879 Y-22.834 Z37.164 E1553.47183
G1 X6.896 Y-24.552 Z37.175 E1554.7178
G1 X8.694 Y-26.548 Z37.185 E1555.98113
G1 X10.4 Y-28.111 Z37.194 E1557.06921
G1 X11.561 Y-28.642 Z37.199 E1557.66959
G1 X12.325 Y-28.532 Z37.202 E1558.03258
G1 X13.383 Y-27.94 Z37.207 E1558.60271
G1 X14.738 Y-27.25 Z37.213 E1559.31779
G1 X15.841 Y-26.742 Z37.217 E1559.88886
G1 X16.377 Y-26.192 Z37.22 E1560.25002
G1 X16.631 Y-24.936 Z37.225 E1560.85263
G1 X16.369 Y-22.631 Z37.234 E1561.94358
G1 X15.809 Y-20.013 Z37.245 E1563.20259
G1 X15.601 Y-17.366 Z37.255 E1564.45122
G1 X17.366 Y-15.601 Z37.265 E1565.62505
G1 X20.013 Y-15.808 Z37.275 E1566.87365
G1 X22.63 Y-16.369 Z37.285 E1568.1323
G92 E0
G1 X24.936 Y-16.634 Z37.294 E1.09157
G1 X26.196 Y-16.381 Z37.299 E1.69594
G1 X26.748 Y-15.845 Z37.302 E2.05777
G1 X27.256 Y-14.742 Z37.307 E2.62884
G1 X27.947 Y-13.387 Z37.313 E3.34413
G1 X28.541 Y-12.329 Z37.318 E3.91473
G1 X28.652 Y-11.563 Z37.321 E4.27871
G1 X28.117 Y-10.398 Z37.326 E4.88158
G1 X26.55 Y-8.693 Z37.334 E5.97059
G1 X24.55 Y-6.898 Z37.345 E7.23437
G1 X22.825 Y-4.879 Z37.355 E8.4832
G1 X23.216 Y-2.412 Z37.365 E9.65783
G1 X25.481 Y-1.025 Z37.375 E10.90683
G1 X27.93 Y0.057 Z37.386 E12.16591
G1 X29.953 Y1.196 Z37.395 E13.25768
G1 X30.83 Y2.143 Z37.4 E13.86466
G1 X30.96 Y2.902 Z37.403 E14.2268
G1 X30.722 Y4.097 Z37.407 E14.7998
G1 X30.485 Y5.599 Z37.413 E15.51488
G1 X30.344 Y6.806 Z37.418 E16.08636
G1 X29.983 Y7.49 Z37.421 E16.45007
G1 X28.857 Y8.121 Z37.426 E17.05707
G1 X26.584 Y8.576 Z37.435 E18.14719
G1 X23.917 Y8.848 Z37.445 E19.4079
G1 X21.331 Y9.466 Z37.456 E20.65826
G1 X20.195 Y11.691 Z37.465 E21.83309
G1 X21.216 Y14.148 Z37.476 E23.08433
G1 X22.568 Y16.471 Z37.486 E24.34831
G1 X23.536 Y18.575 Z37.495 E25.43745
G1 X23.69 Y19.857 Z37.5 E26.04466
;TIME_ELAPSED:373.693502
;LAYER:37
;TYPE:WALL-OUTER
;MESH:two-component-v5.stl
G1 X23.347 Y20.553 Z37.503 E26.40956
G1 X22.459 Y21.373 Z37.508 E26.97797
G1 X21.375 Y22.459 Z37.514 E27.69956
G1 X20.554 Y23.348 Z37.518 E28.26863
G1 X19.879 Y23.681 Z37.521 E28.62259
G1 X18.625 Y23.543 Z37.526 E29.21586
G1 X16.495 Y22.579 Z37.535 E30.31534
G1 X14.153 Y21.219 Z37.545 E31.58894
G1 X11.691 Y20.192 Z37.556 E32.84343
G1 X9.464 Y21.327 Z37.565 E34.01889
G1 X8.847 Y23.92 Z37.575 E35.27234
G1 X8.573 Y26.612 Z37.586 E36.54484
G1 X8.103 Y28.906 Z37.595 E37.64604
G1 X7.478 Y30.006 Z37.6 E38.24101
G1 X6.81 Y30.359 Z37.603 E38.59631
G1 X5.608 Y30.499 Z37.607 E39.16539
G1 X4.093 Y30.739 Z37.613 E39.88673
G1 X2.903 Y30.978 Z37.618 E40.45752
G1 X2.161 Y30.851 Z37.621 E40.81154
G1 X1.227 Y29.996 Z37.626 E41.40701
G1 X0.07 Y27.96 Z37.635 E42.50828
G1 X-1.021 Y25.484 Z37.645 E43.78068
G1 X-2.408 Y23.206 Z37.655 E45.0349
G1 X-4.879 Y22.814 Z37.665 E46.21146
G1 X-6.903 Y24.552 Z37.675 E47.46605
G1 X-8.713 Y26.574 Z37.686 E48.74225
G1 X-10.435 Y28.152 Z37.695 E49.84064
G1 X-11.587 Y28.678 Z37.699 E50.43619
G1 X-12.341 Y28.57 Z37.702 E50.79439
G1 X-13.395 Y27.977 Z37.707 E51.36311
G1 X-14.761 Y27.282 Z37.713 E52.08386
G1 X-15.863 Y26.777 Z37.718 E52.65392
G1 X-16.391 Y26.234 Z37.72 E53.01009
G1 X-16.643 Y24.991 Z37.725 E53.60653
G1 X-16.379 Y22.657 Z37.734 E54.71113
G1 X-15.806 Y20.016 Z37.745 E55.982
G1 X-15.586 Y17.356 Z37.755 E57.23719
G1 X-17.355 Y15.586 Z37.765 E58.41401
G1 X-20.016 Y15.805 Z37.775 E59.66962
G1 X-22.656 Y16.379 Z37.785 E60.94013
G1 X-24.991 Y16.647 Z37.794 E62.04541
G1 X-26.238 Y16.397 Z37.799 E62.64351
G1 X-26.782 Y15.867 Z37.802 E63.00067
G1 X-27.288 Y14.764 Z37.807 E63.57136
G1 X-27.983 Y13.399 Z37.813 E64.29169
G1 X-28.579 Y12.344 Z37.817 E64.86151
G1 X-28.687 Y11.59 Z37.82 E65.21971
G1 X-28.158 Y10.433 Z37.825 E65.81799
G1 X-26.577 Y8.712 Z37.834 E66.91699
G1 X-24.552 Y6.904 Z37.845 E68.19361
G1 X-22.808 Y4.879 Z37.855 E69.45039
G1 X-23.2 Y2.406 Z37.864 E70.62788
G1 X-25.483 Y1.021 Z37.875 E71.88362
G1 X-27.961 Y-0.067 Z37.885 E73.15632
G1 X-30.005 Y-1.218 Z37.894 E74.25947
G1 X-30.871 Y-2.157 Z37.899 E74.86018
G1 X-31.001 Y-2.905 Z37.902 E75.21721
G1 X-30.761 Y-4.096 Z37.907 E75.78856
G1 X-30.522 Y-5.61 Z37.913 E76.50936
G1 X-30.383 Y-6.817 Z37.917 E77.08072
G1 X-30.029 Y-7.489 Z37.92 E77.43791
G1 X-28.914 Y-8.115 Z37.925 E78.03924
G1 X-26.614 Y-8.577 Z37.934 E79.14246
G1 X-23.921 Y-8.845 Z37.944 E80.41515
G1 X-21.318 Y-9.457 Z37.955 E81.67264
G1 X-20.181 Y-11.688 Z37.964 E82.85019
G1 X-21.217 Y-14.153 Z37.975 E84.10762
G1 X-22.584 Y-16.492 Z37.985 E85.38166
G1 X-23.564 Y-18.622 Z37.994 E86.48426
G1 X-23.715 Y-19.894 Z37.999 E87.08664
G1 X-23.378 Y-20.579 Z38.002 E87.44565
G1 X-22.484 Y-21.401 Z38.007 E88.01677
G1 X-21.402 Y-22.484 Z38.012 E88.7367
G1 X-20.579 Y-23.379 Z38.017 E89.30848
G1 X-19.895 Y-23.716 Z38.02 E89.66707
G1 X-18.622 Y-23.566 Z38.025 E90.26986
G1 X-16.495 Y-22.587 Z38.034 E91.37099
G1 X-14.154 Y-21.217 Z38.044 E92.64655
G1 X-11.688 Y-20.178 Z38.055 E93.90496
G1 X-9.455 Y-21.315 Z38.064 E95.08335
G1 X-8.845 Y-23.92 Z38.075 E96.34154
G1 X-8.58 Y-26.614 Z38.085 E97.61455
G1 X-8.122 Y-28.918 Z38.094 E98.71925
G1 X-7.496 Y-30.04 Z38.099 E99.32346
G1 X-6.821 Y-30.397 Z38.102 E99.68255
G1 X-5.612 Y-30.536 Z38.107 E100.25485
G1 X-4.1 Y-30.776 Z38.113 E100.9748
G1 X-2.906 Y-31.018 Z38.117 E101.54771
G1 X-2.155 Y-30.889 Z38.12 E101.90606
G1 X-1.211 Y-30.013 Z38.125 E102.51168
G1 X-0.064 Y-27.963 Z38.134 E103.61637
G1 X1.019 Y-25.483 Z38.145 E104.88899
G1 X2.403 Y-23.192 Z38.155 E106.1477
G1 X4.88 Y-22.799 Z38.164 E107.32712
G1 X6.904 Y-24.551 Z38.175 E108.58601
G1 X8.708 Y-26.58 Z38.185 E109.86279
G1 X10.426 Y-28.173 Z38.194 E110.96457
G1 X11.593 Y-28.717 Z38.199 E111.57007
G1 X12.355 Y-28.607 Z38.202 E111.93213
G1 X13.413 Y-28.009 Z38.207 E112.50365
G1 X14.776 Y-27.315 Z38.213 E113.22293
G1 X15.885 Y-26.81 Z38.217 E113.79598
G1 X16.419 Y-26.261 Z38.22 E114.15615
G1 X16.666 Y-24.996 Z38.225 E114.76227
G1 X16.386 Y-22.656 Z38.234 E115.87054
G1 X15.803 Y-20.017 Z38.245 E117.1415
G1 X15.574 Y-17.347 Z38.255 E118.40173
G1 X17.347 Y-15.574 Z38.265 E119.58088
G1 X20.017 Y-15.803 Z38.275 E120.8411
G1 X22.655 Y-16.386 Z38.285 E122.1116
G1 X24.996 Y-16.67 Z38.294 E123.22057
G1 X26.265 Y-16.424 Z38.299 E123.82845
G1 X26.816 Y-15.889 Z38.302 E124.18961
G1 X27.321 Y-14.779 Z38.307 E124.76309
G1 X28.016 Y-13.417 Z38.313 E125.48217
G1 X28.616 Y-12.358 Z38.318 E126.05456
G1 X28.726 Y-11.595 Z38.321 E126.41708
G1 X28.179 Y-10.423 Z38.325 E127.02531
G1 X26.582 Y-8.707 Z38.334 E128.12769
G1 X24.55 Y-6.905 Z38.345 E129.4049
G1 X22.793 Y-4.88 Z38.355 E130.66568
G1 X23.186 Y-2.401 Z38.365 E131.84603
G1 X25.482 Y-1.019 Z38.375 E133.10627
G1 X27.964 Y0.061 Z38.386 E134.37919
G1 X30.022 Y1.202 Z38.395 E135.48579
G1 X30.909 Y2.151 Z38.4 E136.09666
G1 X31.041 Y2.908 Z38.403 E136.45803
G1 X30.798 Y4.104 Z38.407 E137.03196
G1 X30.559 Y5.614 Z38.413 E137.7509
G1 X30.422 Y6.827 Z38.418 E138.32496
G1 X30.063 Y7.507 Z38.421 E138.68657
G1 X28.925 Y8.135 Z38.426 E139.29782
G1 X26.615 Y8.584 Z38.435 E140.40446
G1 X23.92 Y8.843 Z38.445 E141.67767
G1 X21.306 Y9.448 Z38.456 E142.93945
G1 X20.166 Y11.685 Z38.465 E144.12016
G1 X21.215 Y14.154 Z38.476 E145.38171
G1 X22.591 Y16.489 Z38.486 E146.65626
G1 X23.588 Y18.619 Z38.495 E147.76223
G1 X23.749 Y19.911 Z38.5 E148.37451
;TIME_ELAPSED:380.241817
;LAYER:38
;TYPE:WALL-OUTER
;MESH:two-component-v5.stl
G1 X23.408 Y20.604 Z38.503 E148.73773
G1 X22.515 Y21.423 Z38.508 E149.30755
G1 X21.425 Y22.515 Z38.513 E150.03313
G1 X20.605 Y23.409 Z38.518 E150.60361
G1 X19.931 Y23.741 Z38.521 E150.95694
G1 X18.667 Y23.595 Z38.526 E151.55531
G1 X16.526 Y22.61 Z38.535 E152.6636
G1 X14.165 Y21.222 Z38.545 E153.95155
G1 X11.685 Y20.164 Z38.556 E155.21951
G1 X9.446 Y21.304 Z38.565 E156.40106
G1 X8.842 Y23.932 Z38.575 E157.66914
G1 X8.579 Y26.653 Z38.586 E158.95471
G1 X8.12 Y28.97 Z38.595 E160.06549
G1 X7.496 Y30.084 Z38.6 E160.66596
G1 X6.831 Y30.435 Z38.603 E161.01957
G1 X5.624 Y30.572 Z38.607 E161.59083
G1 X4.102 Y30.814 Z38.613 E162.31557
G1 X2.91 Y31.058 Z38.618 E162.88775
G1 X2.168 Y30.93 Z38.621 E163.24184
G1 X1.23 Y30.063 Z38.626 E163.84252
G1 X0.078 Y28.002 Z38.635 E164.95287
G1 X-1.013 Y25.493 Z38.645 E166.2395
G1 X-2.399 Y23.18 Z38.655 E167.50756
G1 X-4.88 Y22.787 Z38.665 E168.68884
G1 X-6.913 Y24.559 Z38.675 E169.95709
G1 X-8.728 Y26.609 Z38.686 E171.24469
G1 X-10.457 Y28.213 Z38.695 E172.35378
G1 X-11.619 Y28.752 Z38.699 E172.95616
G1 X-12.368 Y28.643 Z38.702 E173.3121
G1 X-13.425 Y28.045 Z38.707 E173.88321
G1 X-14.798 Y27.345 Z38.713 E174.60796
G1 X-15.906 Y26.843 Z38.718 E175.18
G1 X-16.432 Y26.302 Z38.72 E175.53484
G1 X-16.68 Y25.046 Z38.725 E176.1369
G1 X-16.399 Y22.698 Z38.734 E177.24897
G1 X-15.805 Y20.029 Z38.745 E178.53482
G1 X-15.565 Y17.342 Z38.755 E179.80346
G1 X-17.342 Y15.565 Z38.765 E180.98527
G1 X-20.028 Y15.805 Z38.775 E182.25344
G1 X-22.697 Y16.399 Z38.785 E183.53929
G1 X-25.046 Y16.684 Z38.794 E184.65205
G1 X-26.305 Y16.437 Z38.799 E185.25541
G1 X-26.848 Y15.909 Z38.802 E185.61158
G1 X-27.35 Y14.802 Z38.807 E186.18319
G1 X-28.05 Y13.43 Z38.813 E186.90752
G1 X-28.652 Y12.372 Z38.817 E187.47997
G1 X-28.76 Y11.621 Z38.82 E187.83677
G1 X-28.219 Y10.455 Z38.825 E188.44125
G1 X-26.612 Y8.727 Z38.834 E189.55097
G1 X-24.56 Y6.914 Z38.845 E190.83865
G1 X-22.784 Y4.881 Z38.855 E192.10813
G1 X-23.178 Y2.397 Z38.865 E193.29088
G1 X-25.493 Y1.015 Z38.875 E194.55878
G1 X-28.004 Y-0.073 Z38.885 E195.84571
G1 X-30.071 Y-1.221 Z38.894 E196.95761
G1 X-30.949 Y-2.164 Z38.899 E197.56353
G1 X-31.079 Y-2.911 Z38.902 E197.9201
G1 X-30.835 Y-4.105 Z38.907 E198.4932
G1 X-30.594 Y-5.625 Z38.913 E199.21694
G1 X-30.458 Y-6.837 Z38.917 E199.79048
G1 X-30.105 Y-7.507 Z38.92 E200.14661
G1 X-28.978 Y-8.132 Z38.925 E200.75265
G1 X-26.655 Y-8.585 Z38.934 E201.86566
G1 X-23.933 Y-8.842 Z38.945 E203.15142
G1 X-21.3 Y-9.442 Z38.955 E204.42137
G1 X-20.159 Y-11.684 Z38.964 E205.6044
G1 X-21.221 Y-14.164 Z38.975 E206.8731
G1 X-22.616 Y-16.522 Z38.985 E208.16151
G1 X-23.615 Y-18.664 Z38.994 E209.27299
G1 X-23.774 Y-19.946 Z38.999 E209.88049
G1 X-23.438 Y-20.628 Z39.002 E210.23802
G1 X-22.539 Y-21.449 Z39.007 E210.81056
G1 X-21.45 Y-22.539 Z39.013 E211.53514
G1 X-20.628 Y-23.439 Z39.017 E212.10834
G1 X-19.947 Y-23.775 Z39.02 E212.46545
G1 X-18.664 Y-23.617 Z39.025 E213.07337
G1 X-16.524 Y-22.618 Z39.034 E214.18399
G1 X-14.164 Y-21.222 Z39.045 E215.47345
G1 X-11.683 Y-20.158 Z39.055 E216.74295
G1 X-9.441 Y-21.299 Z39.064 E217.92598
G1 X-8.843 Y-23.933 Z39.075 E219.19618
G1 X-8.588 Y-26.655 Z39.085 E220.48186
G1 X-8.139 Y-28.981 Z39.094 E221.59589
G1 X-7.513 Y-30.117 Z39.099 E222.20586
G1 X-6.84 Y-30.471 Z39.102 E222.56346
G1 X-5.627 Y-30.607 Z39.107 E223.13747
G1 X-4.109 Y-30.849 Z39.113 E223.86035
G1 X-2.912 Y-31.095 Z39.117 E224.43502
G1 X-2.162 Y-30.966 Z39.12 E224.7929
G1 X-1.215 Y-30.079 Z39.125 E225.40309
G1 X-0.069 Y-28.007 Z39.134 E226.51659
G1 X1.015 Y-25.494 Z39.145 E227.80363
G1 X2.395 Y-23.174 Z39.155 E229.07307
G1 X4.882 Y-22.78 Z39.165 E230.25721
G1 X6.913 Y-24.56 Z39.175 E231.52723
G1 X8.722 Y-26.616 Z39.185 E232.81508
G1 X10.448 Y-28.233 Z39.194 E233.92731
G1 X11.625 Y-28.788 Z39.199 E234.53927
G1 X12.382 Y-28.679 Z39.202 E234.89893
G1 X13.443 Y-28.075 Z39.207 E235.47307
G1 X14.813 Y-27.377 Z39.213 E236.19613
G1 X15.925 Y-26.875 Z39.217 E236.76989
G1 X16.458 Y-26.327 Z39.22 E237.12939
G1 X16.702 Y-25.05 Z39.225 E237.74078
G1 X16.407 Y-22.697 Z39.234 E238.85598
G1 X15.806 Y-20.028 Z39.245 E240.14256
G1 X15.558 Y-17.339 Z39.255 E241.41247
G1 X17.339 Y-15.558 Z39.265 E242.59694
G1 X20.028 Y-15.806 Z39.275 E243.86686
G1 X22.696 Y-16.408 Z39.285 E245.15307
G1 X25.05 Y-16.705 Z39.294 E246.26886
G1 X26.331 Y-16.463 Z39.299 E246.88192
G1 X26.88 Y-15.928 Z39.302 E247.24242
G1 X27.383 Y-14.816 Z39.307 E247.81636
G1 X28.081 Y-13.447 Z39.313 E248.53901
G1 X28.687 Y-12.385 Z39.318 E249.11403
G1 X28.796 Y-11.626 Z39.32 E249.47462
G1 X28.239 Y-10.445 Z39.325 E250.08867
G1 X26.618 Y-8.721 Z39.335 E251.20151
G1 X24.56 Y-6.913 Z39.345 E252.48976
G1 X22.777 Y-4.883 Z39.355 E253.76035
G1 X23.172 Y-2.394 Z39.365 E254.94549
G1 X25.494 Y-1.016 Z39.375 E256.21526
G1 X28.009 Y0.065 Z39.386 E257.50261
G1 X30.088 Y1.206 Z39.395 E258.61786
G1 X30.986 Y2.158 Z39.4 E259.2333
G1 X31.117 Y2.914 Z39.403 E259.59412
G1 X30.87 Y4.113 Z39.407 E260.16981
G1 X30.629 Y5.629 Z39.413 E260.89169
G1 X30.494 Y6.846 Z39.418 E261.46751
G1 X30.138 Y7.524 Z39.421 E261.82764
G1 X28.988 Y8.152 Z39.426 E262.44383
G1 X26.657 Y8.594 Z39.435 E263.55955
G1 X23.933 Y8.844 Z39.445 E264.84594
G1 X21.295 Y9.436 Z39.456 E266.11736
G1 X20.152 Y11.682 Z39.465 E267.30249
G1 X21.222 Y14.164 Z39.475 E268.57354
G1 X22.624 Y16.518 Z39.486 E269.86201
G1 X23.638 Y18.661 Z39.495 E270.97692
G1 X23.807 Y19.962 Z39.5 E271.59387
;TIME_ELAPSED:386.838483
;LAYER:39
;TYPE:WALL-OUTER
;MESH:two-component-v5.stl
G1 X23.468 Y20.651 Z39.503 E271.95498
G1 X22.562 Y21.475 Z39.508 E272.53091
G1 X21.476 Y22.563 Z39.513 E273.25382
G1 X20.652 Y23.469 Z39.518 E273.82975
G1 X19.98 Y23.8 Z39.521 E274.18202
G1 X18.707 Y23.645 Z39.526 E274.78509
G1 X16.546 Y22.639 Z39.535 E275.90606
G1 X14.182 Y21.233 Z39.545 E277.19954
G1 X11.689 Y20.155 Z39.556 E278.47683
G1 X9.435 Y21.3 Z39.565 E279.66573
G1 X8.844 Y23.952 Z39.575 E280.94347
G1 X8.591 Y26.691 Z39.586 E282.23702
G1 X8.137 Y29.032 Z39.595 E283.35843
G1 X7.515 Y30.156 Z39.6 E283.96254
G1 X6.85 Y30.507 Z39.603 E284.31616
G1 X5.638 Y30.641 Z39.607 E284.8896
G1 X4.109 Y30.884 Z39.613 E285.61766
G1 X2.914 Y31.132 Z39.618 E286.19161
G1 X2.173 Y31.004 Z39.621 E286.54523
G1 X1.234 Y30.128 Z39.626 E287.14914
G1 X0.077 Y28.04 Z39.635 E288.27173
G1 X-1.009 Y25.512 Z39.645 E289.56562
G1 X-2.391 Y23.174 Z39.655 E290.84282
G1 X-4.888 Y22.779 Z39.665 E292.03168
G1 X-6.924 Y24.575 Z39.675 E293.30843
G1 X-8.736 Y26.642 Z39.686 E294.6011
G1 X-10.48 Y28.274 Z39.695 E295.72433
G1 X-11.648 Y28.821 Z39.7 E296.33085
G1 X-12.395 Y28.714 Z39.702 E296.68573
G1 X-13.454 Y28.109 Z39.707 E297.25928
G1 X-14.833 Y27.407 Z39.713 E297.98697
G1 X-15.945 Y26.906 Z39.718 E298.56054
G1 X-16.471 Y26.365 Z39.72 E298.91538
G1 X-16.715 Y25.099 Z39.725 E299.52169
G1 X-16.423 Y22.738 Z39.734 E300.64045
G1 X-15.813 Y20.048 Z39.745 E301.93759
G1 X-15.556 Y17.343 Z39.755 E303.21539
G1 X-17.342 Y15.555 Z39.765 E304.40385
G1 X-20.047 Y15.813 Z39.775 E305.6817
G1 X-22.737 Y16.423 Z39.785 E306.97884
G1 X-25.099 Y16.719 Z39.795 E308.0983
G1 X-26.368 Y16.476 Z39.799 E308.70591
G1 X-26.911 Y15.948 Z39.802 E309.06208
G1 X-27.414 Y14.832 Z39.807 E309.63774
G1 X-28.114 Y13.458 Z39.813 E310.36291
G1 X-28.721 Y12.398 Z39.817 E310.93734
G1 X-28.829 Y11.65 Z39.82 E311.29275
G1 X-28.28 Y10.479 Z39.825 E311.90095
G1 X-26.645 Y8.735 Z39.834 E313.02515
G1 X-24.577 Y6.924 Z39.845 E314.31786
G1 X-22.78 Y4.889 Z39.855 E315.59457
G1 X-23.173 Y2.392 Z39.865 E316.78328
G1 X-25.513 Y1.012 Z39.875 E318.06081
G1 X-28.042 Y-0.072 Z39.885 E319.35477
G1 X-30.136 Y-1.225 Z39.894 E320.47892
G1 X-31.023 Y-2.169 Z39.899 E321.08807
G1 X-31.153 Y-2.915 Z39.902 E321.44418
G1 X-30.904 Y-4.113 Z39.907 E322.0196
G1 X-30.663 Y-5.639 Z39.913 E322.74612
G1 X-30.529 Y-6.855 Z39.917 E323.32143
G1 X-30.177 Y-7.525 Z39.92 E323.67734
G1 X-29.04 Y-8.149 Z39.925 E324.28727
G1 X-26.693 Y-8.597 Z39.934 E325.41091
G1 X-23.953 Y-8.846 Z39.945 E326.70476
G1 X-21.301 Y-9.434 Z39.955 E327.98219
G1 X-20.154 Y-11.688 Z39.965 E329.17153
G1 X-21.235 Y-14.179 Z39.975 E330.44851
G1 X-22.646 Y-16.541 Z39.985 E331.74238
G1 X-23.665 Y-18.704 Z39.994 E332.8668
G1 X-23.831 Y-19.994 Z39.999 E333.47844
G1 X-23.496 Y-20.674 Z40.002 E333.83493
G1 X-22.587 Y-21.498 Z40.007 E334.41189
G1 X-21.499 Y-22.588 Z40.013 E335.13614
G1 X-20.675 Y-23.496 Z40.017 E335.71276
G1 X-19.995 Y-23.832 Z40.02 E336.06945
G1 X-18.704 Y-23.667 Z40.025 E336.6815
G1 X-16.541 Y-22.647 Z40.034 E337.80612
G1 X-14.179 Y-21.236 Z40.045 E339.09999
G1 X-11.689 Y-20.154 Z40.055 E340.37673
G1 X-9.435 Y-21.301 Z40.065 E341.56606
G1 X-8.847 Y-23.953 Z40.075 E342.8435
G1 X-8.6 Y-26.693 Z40.085 E344.13726
G1 X-8.156 Y-29.043 Z40.094 E345.26193
G1 X-7.531 Y-30.187 Z40.099 E345.87497
G1 X-6.858 Y-30.542 Z40.102 E346.2328
G1 X-5.641 Y-30.675 Z40.107 E346.80852
G1 X-4.116 Y-30.917 Z40.113 E347.53465
G1 X-2.916 Y-31.168 Z40.117 E348.11118
G1 X-2.167 Y-31.039 Z40.12 E348.4686
G1 X-1.218 Y-30.144 Z40.125 E349.08205
G1 X-0.068 Y-28.045 Z40.134 E350.20758
G1 X1.013 Y-25.514 Z40.145 E351.50184
G1 X2.391 Y-23.173 Z40.155 E352.7793
G1 X4.889 Y-22.779 Z40.165 E353.96855
G1 X6.922 Y-24.578 Z40.175 E355.24518
G1 X8.729 Y-26.65 Z40.185 E356.53807
G1 X10.471 Y-28.294 Z40.194 E357.66448
G1 X11.654 Y-28.856 Z40.199 E358.28039
G1 X12.407 Y-28.747 Z40.202 E358.6382
G1 X13.471 Y-28.138 Z40.207 E359.21472
G1 X14.847 Y-27.438 Z40.213 E359.94073
G1 X15.965 Y-26.935 Z40.217 E360.51725
G1 X16.497 Y-26.389 Z40.22 E360.87575
G1 X16.738 Y-25.103 Z40.225 E361.49104
G1 X16.433 Y-22.737 Z40.234 E362.6129
G1 X15.816 Y-20.047 Z40.245 E363.91077
G1 X15.555 Y-17.343 Z40.255 E365.18828
G1 X17.343 Y-15.555 Z40.265 E366.37741
G1 X20.046 Y-15.816 Z40.275 E367.65445
G1 X22.736 Y-16.434 Z40.286 E368.95243
G1 X25.103 Y-16.741 Z40.295 E370.07487
G1 X26.393 Y-16.502 Z40.3 E370.69184
G1 X26.94 Y-15.968 Z40.302 E371.05133
G1 X27.444 Y-14.849 Z40.307 E371.62847
G1 X28.144 Y-13.475 Z40.313 E372.35364
G1 X28.755 Y-12.41 Z40.318 E372.93105
G1 X28.864 Y-11.655 Z40.321 E373.28978
G1 X28.299 Y-10.469 Z40.325 E373.90757
G1 X26.653 Y-8.727 Z40.335 E375.03463
G1 X24.579 Y-6.921 Z40.345 E376.32792
G1 X22.779 Y-4.889 Z40.355 E377.6045
G1 X23.173 Y-2.391 Z40.365 E378.79376
G1 X25.515 Y-1.015 Z40.375 E380.07115
G1 X28.047 Y0.064 Z40.386 E381.36547
G1 X30.153 Y1.209 Z40.395 E382.49277
G1 X31.059 Y2.163 Z40.4 E383.11148
G1 X31.188 Y2.917 Z40.403 E383.47121
G1 X30.937 Y4.12 Z40.407 E384.04913
G1 X30.696 Y5.643 Z40.413 E384.77425
G1 X30.564 Y6.863 Z40.418 E385.35133
G1 X30.207 Y7.541 Z40.421 E385.71167
G1 X29.05 Y8.169 Z40.426 E386.33075
G1 X26.695 Y8.607 Z40.435 E387.45722
G1 X23.953 Y8.85 Z40.445 E388.75175
G1 X21.301 Y9.435 Z40.456 E390.02888
G1 X20.153 Y11.689 Z40.465 E391.21843
G1 X21.239 Y14.177 Z40.475 E392.49506
G1 X22.655 Y16.537 Z40.486 E393.78933
G1 X23.687 Y18.701 Z40.495 E394.91679
G1 X23.862 Y20.009 Z40.5 E395.53738
;TIME_ELAPSED:393.474466
;LAYER:40
;TYPE:WALL-OUTER
;MESH:two-component-v5.stl
G1 X23.523 Y20.697 Z40.503 E395.89807
G1 X22.618 Y21.516 Z40.508 E396.47206
G1 X21.518 Y22.618 Z40.513 E397.20429
G1 X20.698 Y23.524 Z40.518 E397.77895
G1 X20.025 Y23.855 Z40.521 E398.13164
G1 X18.742 Y23.694 Z40.526 E398.73973
G1 X16.578 Y22.676 Z40.535 E399.86437
G1 X14.201 Y21.254 Z40.545 E401.16695
G1 X11.701 Y20.159 Z40.556 E402.45045
G1 X9.433 Y21.316 Z40.565 E403.64778
G1 X8.849 Y23.98 Z40.575 E404.93032
G1 X8.604 Y26.727 Z40.586 E406.22727
G1 X8.154 Y29.094 Z40.595 E407.36033
G1 X7.533 Y30.225 Z40.6 E407.9671
G1 X6.866 Y30.577 Z40.603 E408.32177
G1 X5.652 Y30.708 Z40.607 E408.89599
G1 X4.116 Y30.951 Z40.613 E409.6273
G1 X2.918 Y31.203 Z40.618 E410.20301
G1 X2.176 Y31.077 Z40.621 E410.55695
G1 X1.235 Y30.191 Z40.626 E411.16475
G1 X0.081 Y28.089 Z40.635 E412.29243
G1 X-1.006 Y25.543 Z40.645 E413.59429
G1 X-2.383 Y23.189 Z40.655 E414.87678
G1 X-4.898 Y22.789 Z40.665 E416.07437
G1 X-6.936 Y24.603 Z40.675 E417.35744
G1 X-8.754 Y26.689 Z40.686 E418.65869
G1 X-10.502 Y28.333 Z40.695 E419.78716
G1 X-11.674 Y28.888 Z40.7 E420.39698
G1 X-12.419 Y28.78 Z40.702 E420.75099
G1 X-13.481 Y28.17 Z40.707 E421.32694
G1 X-14.866 Y27.465 Z40.713 E422.05779
G1 X-15.984 Y26.964 Z40.718 E422.63392
G1 X-16.511 Y26.425 Z40.72 E422.98842
G1 X-16.751 Y25.152 Z40.725 E423.59762
G1 X-16.448 Y22.769 Z40.734 E424.72729
G1 X-15.828 Y20.073 Z40.745 E426.02822
G1 X-15.559 Y17.358 Z40.755 E427.31125
G1 X-17.357 Y15.559 Z40.765 E428.50736
G1 X-20.072 Y15.828 Z40.775 E429.79038
G1 X-22.768 Y16.448 Z40.786 E431.09132
G1 X-25.151 Y16.755 Z40.795 E432.22123
G1 X-26.428 Y16.515 Z40.8 E432.83227
G1 X-26.969 Y15.987 Z40.802 E433.18777
G1 X-27.47 Y14.869 Z40.807 E433.76391
G1 X-28.176 Y13.485 Z40.813 E434.49455
G1 X-28.787 Y12.422 Z40.817 E435.07113
G1 X-28.896 Y11.676 Z40.82 E435.42568
G1 X-28.339 Y10.5 Z40.825 E436.03761
G1 X-26.692 Y8.753 Z40.834 E437.1667
G1 X-24.605 Y6.936 Z40.845 E438.468
G1 X-22.791 Y4.898 Z40.855 E439.75106
G1 X-23.189 Y2.386 Z40.865 E440.94711
G1 X-25.543 Y1.009 Z40.875 E442.22961
G1 X-28.092 Y-0.075 Z40.885 E443.53221
G1 X-30.199 Y-1.226 Z40.895 E444.66127
G1 X-31.094 Y-2.172 Z40.899 E445.27369
G1 X-31.222 Y-2.919 Z40.902 E445.6301
G1 X-30.97 Y-4.12 Z40.907 E446.20719
G1 X-30.728 Y-5.653 Z40.913 E446.93704
G1 X-30.597 Y-6.872 Z40.917 E447.51359
G1 X-30.245 Y-7.542 Z40.92 E447.86951
G1 X-29.102 Y-8.166 Z40.925 E448.48191
G1 X-26.73 Y-8.611 Z40.934 E449.61684
G1 X-23.981 Y-8.853 Z40.945 E450.91461
G1 X-21.317 Y-9.435 Z40.955 E452.19695
G1 X-20.162 Y-11.699 Z40.965 E453.39218
G1 X-21.258 Y-14.197 Z40.975 E454.675
G1 X-22.685 Y-16.572 Z40.985 E455.97799
G1 X-23.714 Y-18.739 Z40.994 E457.10611
G1 X-23.885 Y-20.038 Z40.999 E457.72226
G1 X-23.549 Y-20.719 Z41.002 E458.07937
G1 X-22.639 Y-21.54 Z41.007 E458.65574
G1 X-21.541 Y-22.639 Z41.013 E459.38631
G1 X-20.719 Y-23.55 Z41.017 E459.96334
G1 X-20.039 Y-23.885 Z41.02 E460.31982
G1 X-18.739 Y-23.716 Z41.025 E460.93631
G1 X-16.572 Y-22.686 Z41.034 E462.06464
G1 X-14.197 Y-21.259 Z41.045 E463.36762
G1 X-11.699 Y-20.163 Z41.055 E464.65045
G1 X-9.437 Y-21.317 Z41.065 E465.84463
G1 X-8.855 Y-23.981 Z41.075 E467.12697
G1 X-8.615 Y-26.73 Z41.085 E468.42465
G1 X-8.173 Y-29.105 Z41.094 E469.56071
G1 X-7.549 Y-30.255 Z41.099 E470.176
G1 X-6.876 Y-30.609 Z41.102 E470.5336
G1 X-5.655 Y-30.739 Z41.107 E471.11105
G1 X-4.123 Y-30.983 Z41.113 E471.84058
G1 X-2.921 Y-31.237 Z41.117 E472.41832
G1 X-2.17 Y-31.109 Z41.12 E472.77658
G1 X-1.22 Y-30.206 Z41.125 E473.39296
G1 X-0.071 Y-28.095 Z41.134 E474.52322
G1 X1.012 Y-25.545 Z41.145 E475.82607
G1 X2.387 Y-23.191 Z41.155 E477.10809
G1 X4.895 Y-22.793 Z41.165 E478.30228
G1 X6.932 Y-24.607 Z41.175 E479.585
G1 X8.747 Y-26.698 Z41.185 E480.88709
G1 X10.493 Y-28.353 Z41.195 E482.01843
G1 X11.679 Y-28.921 Z41.199 E482.63683
G1 X12.431 Y-28.812 Z41.202 E482.99417
G1 X13.497 Y-28.198 Z41.207 E483.57268
G1 X14.879 Y-27.494 Z41.213 E484.30206
G1 X16.003 Y-26.993 Z41.218 E484.88077
G1 X16.535 Y-26.448 Z41.22 E485.23893
G1 X16.773 Y-25.155 Z41.225 E485.8572
G1 X16.458 Y-22.768 Z41.234 E486.98946
G1 X15.834 Y-20.072 Z41.245 E488.29082
G1 X15.564 Y-17.357 Z41.255 E489.57389
G1 X17.357 Y-15.564 Z41.265 E490.76634
G1 X20.071 Y-15.834 Z41.275 E492.04895
G1 X22.767 Y-16.459 Z41.286 E493.35041
G1 X25.155 Y-16.776 Z41.295 E494.48326
G1 X26.452 Y-16.539 Z41.3 E495.1033
G1 X26.998 Y-16.006 Z41.302 E495.46212
G1 X27.5 Y-14.882 Z41.307 E496.04102
G1 X28.204 Y-13.5 Z41.313 E496.7704
G1 X28.819 Y-12.434 Z41.318 E497.34915
G1 X28.929 Y-11.68 Z41.321 E497.70748
G1 X28.359 Y-10.49 Z41.326 E498.32799
G1 X26.7 Y-8.745 Z41.335 E499.46028
G1 X24.609 Y-6.931 Z41.345 E500.76207
G1 X22.794 Y-4.894 Z41.355 E502.04509
G1 X23.191 Y-2.389 Z41.365 E503.23782
G1 X25.545 Y-1.015 Z41.375 E504.5196
G1 X28.098 Y0.065 Z41.386 E505.8232
G1 X30.215 Y1.211 Z41.395 E506.95527
G1 X31.126 Y2.166 Z41.4 E507.57594
G1 X31.256 Y2.922 Z41.403 E507.93668
G1 X31.001 Y4.127 Z41.407 E508.5159
G1 X30.759 Y5.656 Z41.413 E509.24389
G1 X30.63 Y6.882 Z41.418 E509.82362
G1 X30.274 Y7.558 Z41.421 E510.18291
G1 X29.112 Y8.186 Z41.426 E510.80406
G1 X26.732 Y8.623 Z41.435 E511.94201
G1 X23.982 Y8.86 Z41.445 E513.24003
G1 X21.318 Y9.44 Z41.456 E514.52218
G1 X20.167 Y11.697 Z41.465 E515.71362
G1 X21.264 Y14.194 Z41.475 E516.9962
G1 X22.696 Y16.567 Z41.486 E518.29959
G1 X23.736 Y18.736 Z41.495 E519.43079
G1 X23.914 Y20.053 Z41.5 E520.05577
;TIME_ELAPSED:400.141663
;LAYER:41
;TYPE:WALL-OUTER
;MESH:two-component-v5.stl
G1 X23.575 Y20.74 Z41.503 E520.41603
G1 X22.66 Y21.564 Z41.508 E520.99509
G1 X21.565 Y22.661 Z41.513 E521.724
G1 X20.741 Y23.576 Z41.518 E522.30306
G1 X20.064 Y23.91 Z41.521 E522.65806
G1 X18.782 Y23.744 Z41.526 E523.26598
G1 X16.608 Y22.717 Z41.535 E524.39668
G1 X14.226 Y21.285 Z41.545 E525.70369
G1 X11.723 Y20.18 Z41.556 E526.99038
G1 X9.436 Y21.344 Z41.565 E528.19716
G1 X8.859 Y24.019 Z41.575 E529.48406
G1 X8.617 Y26.789 Z41.586 E530.79166
G1 X8.174 Y29.151 Z41.595 E531.9218
G1 X7.553 Y30.291 Z41.6 E532.53229
G1 X6.885 Y30.641 Z41.603 E532.88693
G1 X5.658 Y30.77 Z41.607 E533.46713
G1 X4.123 Y31.015 Z41.613 E534.19813
G1 X2.923 Y31.27 Z41.618 E534.77505
G1 X2.178 Y31.143 Z41.621 E535.13045
G1 X1.235 Y30.252 Z41.626 E535.74056
G1 X0.078 Y28.134 Z41.635 E536.87551
G1 X-1.003 Y25.582 Z41.645 E538.17886
G1 X-2.379 Y23.216 Z41.655 E539.46599
G1 X-4.911 Y22.815 Z41.665 E540.67155
G1 X-6.95 Y24.639 Z41.675 E541.9581
G1 X-8.771 Y26.738 Z41.686 E543.26489
G1 X-10.522 Y28.392 Z41.695 E544.39761
G1 X-11.695 Y28.952 Z41.7 E545.00887
G1 X-12.443 Y28.843 Z41.703 E545.36435
G1 X-13.511 Y28.225 Z41.707 E545.94461
G1 X-14.896 Y27.521 Z41.713 E546.67525
G1 X-16.02 Y27.021 Z41.718 E547.25377
G1 X-16.548 Y26.481 Z41.721 E547.60893
G1 X-16.787 Y25.2 Z41.725 E548.22174
G1 X-16.478 Y22.82 Z41.734 E549.35037
G1 X-15.85 Y20.106 Z41.745 E550.6604
G1 X-15.574 Y17.383 Z41.755 E551.94749
G1 X-17.383 Y15.573 Z41.765 E553.15092
G1 X-20.105 Y15.85 Z41.775 E554.4376
G1 X-22.819 Y16.479 Z41.786 E555.74773
G1 X-25.199 Y16.79 Z41.795 E556.87648
G1 X-26.483 Y16.552 Z41.8 E557.49059
G1 X-27.025 Y16.023 Z41.802 E557.84675
G1 X-27.527 Y14.896 Z41.807 E558.42695
G1 X-28.231 Y13.514 Z41.813 E559.15632
G1 X-28.849 Y12.445 Z41.818 E559.737
G1 X-28.959 Y11.697 Z41.82 E560.09254
G1 X-28.398 Y10.52 Z41.825 E560.7057
G1 X-26.741 Y8.769 Z41.834 E561.83939
G1 X-24.642 Y6.948 Z41.845 E563.14618
G1 X-22.819 Y4.909 Z41.855 E564.43242
G1 X-23.218 Y2.383 Z41.865 E565.63504
G1 X-25.583 Y1.008 Z41.875 E566.92153
G1 X-28.137 Y-0.072 Z41.886 E568.22557
G1 X-30.26 Y-1.226 Z41.895 E569.36191
G1 X-31.16 Y-2.174 Z41.9 E569.97663
G1 X-31.288 Y-2.924 Z41.902 E570.33443
G1 X-31.033 Y-4.126 Z41.907 E570.91227
G1 X-30.789 Y-5.665 Z41.913 E571.64505
G1 X-30.661 Y-6.89 Z41.918 E572.22426
G1 X-30.309 Y-7.561 Z41.92 E572.5806
G1 X-29.159 Y-8.186 Z41.925 E573.19611
G1 X-26.792 Y-8.625 Z41.934 E574.32822
G1 X-24.02 Y-8.865 Z41.945 E575.63668
G1 X-21.346 Y-9.442 Z41.955 E576.92311
G1 X-20.186 Y-11.719 Z41.965 E578.12486
G1 X-21.291 Y-14.221 Z41.975 E579.41111
G1 X-22.726 Y-16.602 Z41.986 E580.71845
G1 X-23.764 Y-18.779 Z41.995 E581.85264
G1 X-23.938 Y-20.076 Z42 E582.46804
G1 X-23.6 Y-20.759 Z42.002 E582.82641
G1 X-22.682 Y-21.585 Z42.007 E583.40715
G1 X-21.585 Y-22.683 Z42.013 E584.13705
G1 X-20.76 Y-23.6 Z42.018 E584.71712
G1 X-20.077 Y-23.938 Z42.02 E585.07549
G1 X-18.779 Y-23.766 Z42.025 E585.69124
G1 X-16.602 Y-22.728 Z42.034 E586.82543
G1 X-14.221 Y-21.293 Z42.045 E588.13277
G1 X-11.719 Y-20.188 Z42.055 E589.41902
G1 X-9.445 Y-21.346 Z42.065 E590.61908
G1 X-8.868 Y-24.02 Z42.075 E591.90552
G1 X-8.63 Y-26.792 Z42.086 E593.21389
G1 X-8.193 Y-29.161 Z42.095 E594.34675
G1 X-7.567 Y-30.318 Z42.1 E594.96539
G1 X-6.892 Y-30.672 Z42.102 E595.32382
G1 X-5.664 Y-30.8 Z42.107 E595.90444
G1 X-4.129 Y-31.044 Z42.113 E596.63536
G1 X-2.924 Y-31.301 Z42.118 E597.21478
G1 X-2.172 Y-31.174 Z42.12 E597.57343
G1 X-1.22 Y-30.267 Z42.125 E598.19178
G1 X-0.067 Y-28.14 Z42.134 E599.32955
G1 X1.012 Y-25.585 Z42.145 E600.63383
G1 X2.387 Y-23.221 Z42.155 E601.91992
G1 X4.905 Y-22.822 Z42.165 E603.11883
G1 X6.943 Y-24.645 Z42.175 E604.40471
G1 X8.762 Y-26.747 Z42.186 E605.71195
G1 X10.513 Y-28.412 Z42.195 E606.84823
G1 X11.699 Y-28.982 Z42.2 E607.46704
G1 X12.454 Y-28.872 Z42.202 E607.82584
G1 X13.524 Y-28.253 Z42.207 E608.40716
G1 X14.909 Y-27.548 Z42.213 E609.138
G1 X16.037 Y-27.047 Z42.218 E609.71843
G1 X16.57 Y-26.502 Z42.22 E610.07692
G1 X16.808 Y-25.203 Z42.225 E610.69797
G1 X16.491 Y-22.818 Z42.234 E611.82942
G1 X15.859 Y-20.103 Z42.245 E613.14033
G1 X15.583 Y-17.382 Z42.255 E614.42649
G1 X17.382 Y-15.583 Z42.265 E615.62293
G1 X20.103 Y-15.859 Z42.275 E616.90909
G1 X22.818 Y-16.492 Z42.286 E618.22011
G1 X25.203 Y-16.811 Z42.295 E619.35169
G1 X26.505 Y-16.574 Z42.3 E619.97404
G1 X27.052 Y-16.04 Z42.303 E620.33353
G1 X27.553 Y-14.91 Z42.307 E620.91482
G1 X28.259 Y-13.526 Z42.313 E621.64546
G1 X28.878 Y-12.457 Z42.318 E622.22637
G1 X28.989 Y-11.701 Z42.321 E622.5857
G1 X28.418 Y-10.51 Z42.326 E623.20683
G1 X26.75 Y-8.76 Z42.335 E624.34375
G1 X24.647 Y-6.941 Z42.345 E625.65134
G1 X22.825 Y-4.903 Z42.355 E626.93691
G1 X23.223 Y-2.391 Z42.365 E628.13296
G1 X25.586 Y-1.016 Z42.375 E629.41864
G1 X28.143 Y0.061 Z42.386 E630.72342
G1 X30.276 Y1.211 Z42.395 E631.863
G1 X31.191 Y2.169 Z42.4 E632.48599
G1 X31.319 Y2.925 Z42.403 E632.84657
G1 X31.062 Y4.133 Z42.407 E633.42737
G1 X30.819 Y5.668 Z42.413 E634.15822
G1 X30.691 Y6.897 Z42.418 E634.73931
G1 X30.336 Y7.576 Z42.421 E635.09963
G1 X29.169 Y8.205 Z42.426 E635.72307
G1 X26.794 Y8.638 Z42.435 E636.85836
G1 X24.021 Y8.874 Z42.445 E638.16713
G1 X21.348 Y9.451 Z42.456 E639.45311
G1 X20.194 Y11.715 Z42.465 E640.64812
G1 X21.3 Y14.216 Z42.475 E641.93413
G1 X22.738 Y16.597 Z42.486 E643.2422
G1 X23.786 Y18.776 Z42.495 E644.37927
G1 X23.965 Y20.09 Z42.5 E645.00291
;TIME_ELAPSED:406.832108
;LAYER:42
;TYPE:WALL-OUTER
;MESH:two-component-v5.stl
G1 X23.624 Y20.778 Z42.503 E645.36401
G1 X22.704 Y21.605 Z42.508 E645.94577
G1 X21.606 Y22.705 Z42.513 E646.67666
G1 X20.779 Y23.625 Z42.518 E647.25842
G1 X20.103 Y23.96 Z42.521 E647.61321
G1 X18.818 Y23.793 Z42.526 E648.22259
G1 X16.637 Y22.759 Z42.535 E649.35767
G1 X14.255 Y21.325 Z42.545 E650.66517
G1 X11.75 Y20.213 Z42.556 E651.95404
G1 X9.446 Y21.387 Z42.565 E653.17009
G1 X8.874 Y24.066 Z42.576 E654.45833
G1 X8.634 Y26.84 Z42.586 E655.76773
G1 X8.193 Y29.208 Z42.595 E656.90046
G1 X7.572 Y30.35 Z42.6 E657.51178
G1 X6.9 Y30.702 Z42.603 E657.86853
G1 X5.677 Y30.829 Z42.607 E658.44676
G1 X4.135 Y31.073 Z42.613 E659.18093
G1 X2.925 Y31.332 Z42.618 E659.76284
G1 X2.179 Y31.206 Z42.621 E660.11863
G1 X1.233 Y30.311 Z42.626 E660.73105
G1 X0.08 Y28.193 Z42.635 E661.8651
G1 X-1.003 Y25.631 Z42.645 E663.17315
G1 X-2.377 Y23.26 Z42.655 E664.46185
G1 X-4.927 Y22.857 Z42.665 E665.67591
G1 X-6.966 Y24.687 Z42.675 E666.96434
G1 X-8.788 Y26.791 Z42.686 E668.27321
G1 X-10.538 Y28.449 Z42.695 E669.40689
G1 X-11.716 Y29.011 Z42.7 E670.02068
G1 X-12.466 Y28.9 Z42.703 E670.37722
G1 X-13.533 Y28.282 Z42.707 E670.95708
G1 X-14.922 Y27.574 Z42.713 E671.69024
G1 X-16.054 Y27.073 Z42.718 E672.27239
G1 X-16.585 Y26.531 Z42.721 E672.62922
G1 X-16.822 Y25.25 Z42.726 E673.24185
G1 X-16.511 Y22.859 Z42.735 E674.37573
G1 X-15.88 Y20.148 Z42.745 E675.6847
G1 X-15.6 Y17.422 Z42.755 E676.9734
G1 X-17.421 Y15.599 Z42.765 E678.18513
G1 X-20.147 Y15.88 Z42.775 E679.47388
G1 X-22.858 Y16.512 Z42.786 E680.78296
G1 X-25.249 Y16.825 Z42.795 E681.91696
G1 X-26.533 Y16.589 Z42.8 E682.5309
G1 X-27.077 Y16.057 Z42.803 E682.88872
G1 X-27.579 Y14.925 Z42.807 E683.47106
G1 X-28.287 Y13.537 Z42.813 E684.2038
G1 X-28.906 Y12.468 Z42.818 E684.78472
G1 X-29.017 Y11.718 Z42.821 E685.14126
G1 X-28.454 Y10.537 Z42.825 E685.75652
G1 X-26.795 Y8.786 Z42.835 E686.89086
G1 X-24.691 Y6.963 Z42.845 E688.20004
G1 X-22.862 Y4.924 Z42.855 E689.48816
G1 X-23.263 Y2.384 Z42.865 E690.69743
G1 X-25.633 Y1.009 Z42.875 E691.98596
G1 X-28.196 Y-0.073 Z42.886 E693.29425
G1 X-30.319 Y-1.225 Z42.895 E694.43015
G1 X-31.222 Y-2.175 Z42.9 E695.04652
G1 X-31.349 Y-2.926 Z42.903 E695.40471
G1 X-31.091 Y-4.135 Z42.907 E695.98606
G1 X-30.847 Y-5.677 Z42.913 E696.72023
G1 X-30.72 Y-6.905 Z42.918 E697.3008
G1 X-30.368 Y-7.58 Z42.921 E697.6588
G1 X-29.216 Y-8.205 Z42.925 E698.27514
G1 X-26.842 Y-8.644 Z42.935 E699.41049
G1 X-24.068 Y-8.883 Z42.945 E700.71984
G1 X-21.391 Y-9.458 Z42.955 E702.00746
G1 X-20.224 Y-11.744 Z42.965 E703.21447
G1 X-21.333 Y-14.249 Z42.975 E704.50277
G1 X-22.77 Y-16.63 Z42.986 E705.8106
G1 X-23.813 Y-18.815 Z42.995 E706.9492
G1 X-23.987 Y-20.115 Z43 E707.566
G1 X-23.647 Y-20.797 Z43.003 E707.92436
G1 X-22.725 Y-21.625 Z43.007 E708.50713
G1 X-21.625 Y-22.726 Z43.013 E709.23902
G1 X-20.798 Y-23.648 Z43.018 E709.82148
G1 X-20.116 Y-23.987 Z43.021 E710.17964
G1 X-18.815 Y-23.815 Z43.025 E710.79678
G1 X-16.63 Y-22.771 Z43.035 E711.93558
G1 X-14.249 Y-21.335 Z43.045 E713.24316
G1 X-11.744 Y-20.227 Z43.055 E714.53127
G1 X-9.462 Y-21.391 Z43.065 E715.73597
G1 X-8.886 Y-24.068 Z43.075 E717.02368
G1 X-8.649 Y-26.843 Z43.086 E718.33343
G1 X-8.212 Y-29.218 Z43.095 E719.46906
G1 X-7.585 Y-30.377 Z43.1 E720.08874
G1 X-6.908 Y-30.73 Z43.103 E720.4478
G1 X-5.679 Y-30.858 Z43.107 E721.02888
G1 X-4.139 Y-31.102 Z43.113 E721.76212
G1 X-2.926 Y-31.361 Z43.118 E722.34542
G1 X-2.174 Y-31.235 Z43.121 E722.70399
G1 X-1.218 Y-30.326 Z43.125 E723.32435
G1 X-0.066 Y-28.2 Z43.135 E724.46148
G1 X1.015 Y-25.636 Z43.145 E725.77003
G1 X2.391 Y-23.268 Z43.155 E727.05798
G1 X4.917 Y-22.868 Z43.165 E728.26068
G1 X6.957 Y-24.695 Z43.175 E729.54852
G1 X8.779 Y-26.801 Z43.186 E730.8581
G1 X10.529 Y-28.468 Z43.195 E731.99469
G1 X11.72 Y-29.04 Z43.2 E732.61602
G1 X12.477 Y-28.928 Z43.203 E732.97589
G1 X13.548 Y-28.307 Z43.207 E733.55809
G1 X14.936 Y-27.599 Z43.213 E734.29083
G1 X16.07 Y-27.098 Z43.218 E734.87384
G1 X16.606 Y-26.551 Z43.221 E735.23399
G1 X16.843 Y-25.253 Z43.226 E735.85449
G1 X16.525 Y-22.857 Z43.235 E736.99113
G1 X15.892 Y-20.145 Z43.245 E738.30077
G1 X15.615 Y-17.42 Z43.255 E739.58885
G1 X17.42 Y-15.615 Z43.265 E740.78928
G1 X20.144 Y-15.892 Z43.275 E742.0769
G1 X22.857 Y-16.527 Z43.286 E743.38721
G1 X25.253 Y-16.846 Z43.295 E744.52392
G1 X26.554 Y-16.61 Z43.3 E745.14572
G1 X27.102 Y-16.073 Z43.303 E745.50653
G1 X27.604 Y-14.939 Z43.307 E746.08973
G1 X28.312 Y-13.551 Z43.313 E746.82247
G1 X28.934 Y-12.48 Z43.318 E747.40491
G1 X29.046 Y-11.722 Z43.321 E747.76524
G1 X28.473 Y-10.527 Z43.326 E748.38847
G1 X26.805 Y-8.776 Z43.335 E749.52573
G1 X24.699 Y-6.954 Z43.345 E750.83531
G1 X22.873 Y-4.913 Z43.355 E752.12319
G1 X23.272 Y-2.397 Z43.365 E753.32116
G1 X25.639 Y-1.021 Z43.375 E754.60871
G1 X28.203 Y0.059 Z43.386 E755.91707
G1 X30.335 Y1.21 Z43.395 E757.05646
G1 X31.251 Y2.171 Z43.4 E757.6808
G1 X31.378 Y2.927 Z43.403 E758.0413
G1 X31.119 Y4.141 Z43.407 E758.62505
G1 X30.875 Y5.68 Z43.413 E759.35783
G1 X30.748 Y6.913 Z43.418 E759.94074
G1 X30.394 Y7.594 Z43.421 E760.30168
G1 X29.226 Y8.224 Z43.426 E760.92576
G1 X26.845 Y8.659 Z43.435 E762.064
G1 X24.069 Y8.896 Z43.445 E763.37421
G1 X21.394 Y9.474 Z43.456 E764.66121
G1 X20.239 Y11.738 Z43.465 E765.85643
G1 X21.344 Y14.243 Z43.475 E767.14397
G1 X22.783 Y16.624 Z43.486 E768.45229
G1 X23.835 Y18.812 Z43.495 E769.59399
G1 X24.013 Y20.128 Z43.5 E770.2185
;TIME_ELAPSED:413.537049
;LAYER:43
;TYPE:WALL-OUTER
;MESH:two-component-v5.stl
G1 X23.67 Y20.816 Z43.503 E770.58002
G1 X22.746 Y21.644 Z43.508 E771.16348
G1 X21.644 Y22.747 Z43.513 E771.89671
G1 X20.817 Y23.671 Z43.518 E772.47986
G1 X20.138 Y24.009 Z43.521 E772.83655
G1 X18.85 Y23.842 Z43.526 E773.44732
G1 X16.674 Y22.809 Z43.535 E774.58008
G1 X14.29 Y21.375 Z43.545 E775.88838
G1 X11.785 Y20.263 Z43.556 E777.17726
G1 X9.468 Y21.443 Z43.565 E778.40003
G1 X8.895 Y24.124 Z43.576 E779.68929
G1 X8.656 Y26.895 Z43.586 E780.99724
G1 X8.214 Y29.261 Z43.595 E782.12914
G1 X7.591 Y30.407 Z43.6 E782.74256
G1 X6.916 Y30.758 Z43.603 E783.10034
G1 X5.682 Y30.886 Z43.607 E783.68376
G1 X4.137 Y31.131 Z43.613 E784.4194
G1 X2.928 Y31.39 Z43.618 E785.00086
G1 X2.178 Y31.265 Z43.621 E785.35842
G1 X1.233 Y30.371 Z43.626 E785.97018
G1 X0.081 Y28.261 Z43.635 E787.1007
G1 X-1.006 Y25.694 Z43.645 E788.41165
G1 X-2.38 Y23.322 Z43.655 E789.70075
G1 X-4.943 Y22.914 Z43.665 E790.92122
G1 X-6.983 Y24.746 Z43.675 E792.21063
G1 X-8.804 Y26.846 Z43.686 E793.51777
G1 X-10.556 Y28.505 Z43.695 E794.65245
G1 X-11.733 Y29.067 Z43.7 E795.26582
G1 X-12.487 Y28.955 Z43.703 E795.62429
G1 X-13.558 Y28.333 Z43.707 E796.20672
G1 X-14.954 Y27.622 Z43.713 E796.94346
G1 X-16.086 Y27.122 Z43.718 E797.52542
G1 X-16.62 Y26.578 Z43.721 E797.8839
G1 X-16.857 Y25.297 Z43.726 E798.49654
G1 X-16.547 Y22.906 Z43.735 E799.63036
G1 X-15.918 Y20.195 Z43.745 E800.93911
G1 X-15.638 Y17.469 Z43.755 E802.22781
G1 X-17.468 Y15.638 Z43.765 E803.4452
G1 X-20.194 Y15.919 Z43.775 E804.73394
G1 X-22.905 Y16.548 Z43.786 E806.0427
G1 X-25.296 Y16.861 Z43.795 E807.1767
G1 X-26.58 Y16.624 Z43.8 E807.79072
G1 X-27.126 Y16.088 Z43.803 E808.15054
G1 X-27.628 Y14.952 Z43.807 E808.7346
G1 X-28.337 Y13.561 Z43.813 E809.46881
G1 X-28.961 Y12.489 Z43.818 E810.05212
G1 X-29.073 Y11.735 Z43.821 E810.4106
G1 X-28.511 Y10.555 Z43.826 E811.02523
G1 X-26.85 Y8.802 Z43.835 E812.1609
G1 X-24.75 Y6.979 Z43.845 E813.46866
G1 X-22.921 Y4.938 Z43.855 E814.75748
G1 X-23.326 Y2.388 Z43.865 E815.97169
G1 X-25.696 Y1.013 Z43.875 E817.26021
G1 X-28.264 Y-0.074 Z43.886 E818.57159
G1 X-30.379 Y-1.224 Z43.895 E819.70373
G1 X-31.28 Y-2.174 Z43.9 E820.31946
G1 X-31.406 Y-2.929 Z43.903 E820.67942
G1 X-31.147 Y-4.14 Z43.907 E821.26179
G1 X-30.902 Y-5.686 Z43.913 E821.9979
G1 X-30.775 Y-6.92 Z43.918 E822.58127
G1 X-30.423 Y-7.598 Z43.921 E822.94052
G1 X-29.269 Y-8.225 Z43.926 E823.55814
G1 X-26.897 Y-8.666 Z43.935 E824.69273
G1 X-24.126 Y-8.906 Z43.945 E826.00072
G1 X-21.447 Y-9.482 Z43.955 E827.28935
G1 X-20.278 Y-11.778 Z43.965 E828.50098
G1 X-21.386 Y-14.283 Z43.975 E829.78909
G1 X-22.822 Y-16.667 Z43.986 E831.09789
G1 X-23.861 Y-18.847 Z43.995 E832.23355
G1 X-24.034 Y-20.149 Z44 E832.85122
G1 X-23.692 Y-20.834 Z44.003 E833.21127
G1 X-22.766 Y-21.663 Z44.007 E833.79575
G1 X-21.663 Y-22.767 Z44.013 E834.52964
G1 X-20.834 Y-23.692 Z44.018 E835.11377
G1 X-20.15 Y-24.034 Z44.021 E835.4734
G1 X-18.847 Y-23.863 Z44.026 E836.09142
G1 X-16.667 Y-22.824 Z44.035 E837.22708
G1 X-14.282 Y-21.388 Z44.045 E838.53628
G1 X-11.777 Y-20.282 Z44.055 E839.82401
G1 X-9.487 Y-21.447 Z44.065 E841.03227
G1 X-8.91 Y-24.126 Z44.075 E842.321
G1 X-8.671 Y-26.898 Z44.086 E843.62942
G1 X-8.232 Y-29.271 Z44.095 E844.7643
G1 X-7.603 Y-30.431 Z44.1 E845.38485
G1 X-6.923 Y-30.785 Z44.103 E845.74536
G1 X-5.686 Y-30.912 Z44.107 E846.33014
G1 X-4.143 Y-31.157 Z44.113 E847.06485
G1 X-2.931 Y-31.418 Z44.118 E847.64789
G1 X-2.173 Y-31.292 Z44.121 E848.00924
G1 X-1.218 Y-30.386 Z44.126 E848.62829
G1 X-0.067 Y-28.268 Z44.135 E849.76189
G1 X1.02 Y-25.699 Z44.145 E851.0737
G1 X2.398 Y-23.333 Z44.155 E852.36131
G1 X4.929 Y-22.93 Z44.165 E853.56655
G1 X6.971 Y-24.757 Z44.175 E854.85509
G1 X8.794 Y-26.858 Z44.186 E856.16321
G1 X10.547 Y-28.525 Z44.195 E857.30082
G1 X11.737 Y-29.094 Z44.2 E857.92112
G1 X12.496 Y-28.981 Z44.203 E858.28198
G1 X13.571 Y-28.356 Z44.207 E858.86675
G1 X14.965 Y-27.647 Z44.213 E859.60222
G1 X16.101 Y-27.145 Z44.218 E860.18628
G1 X16.641 Y-26.597 Z44.221 E860.54808
G1 X16.88 Y-25.3 Z44.226 E861.16829
G1 X16.563 Y-22.903 Z44.235 E862.30534
G1 X15.933 Y-20.191 Z44.245 E863.61466
G1 X15.659 Y-17.466 Z44.255 E864.9026
G1 X17.466 Y-15.659 Z44.265 E866.10436
G1 X20.191 Y-15.934 Z44.275 E867.39235
G1 X22.903 Y-16.564 Z44.286 E868.70167
G1 X25.3 Y-16.883 Z44.295 E869.83884
G1 X26.6 Y-16.644 Z44.3 E870.46043
G1 X27.149 Y-16.104 Z44.303 E870.82257
G1 X27.652 Y-14.966 Z44.307 E871.40768
G1 X28.36 Y-13.574 Z44.313 E872.1421
G1 X28.987 Y-12.498 Z44.318 E872.72775
G1 X29.1 Y-11.739 Z44.321 E873.08862
G1 X28.53 Y-10.545 Z44.326 E873.71082
G1 X26.861 Y-8.791 Z44.335 E874.84941
G1 X24.761 Y-6.967 Z44.345 E876.15748
G1 X22.937 Y-4.924 Z44.356 E877.44543
G1 X23.337 Y-2.406 Z44.365 E878.64441
G1 X25.702 Y-1.027 Z44.375 E879.93185
G1 X28.271 Y0.06 Z44.386 E881.24366
G1 X30.395 Y1.209 Z44.395 E882.3793
G1 X31.307 Y2.17 Z44.4 E883.00234
G1 X31.434 Y2.932 Z44.403 E883.36562
G1 X31.172 Y4.146 Z44.407 E883.94967
G1 X30.928 Y5.689 Z44.413 E884.68431
G1 X30.802 Y6.928 Z44.418 E885.26998
G1 X30.447 Y7.611 Z44.421 E885.63196
G1 X29.279 Y8.244 Z44.426 E886.25671
G1 X26.9 Y8.682 Z44.435 E887.39428
G1 X24.127 Y8.921 Z44.445 E888.70317
G1 X21.451 Y9.502 Z44.456 E889.99092
G1 X20.297 Y11.77 Z44.465 E891.18762
G1 X21.399 Y14.275 Z44.475 E892.47459
G1 X22.837 Y16.66 Z44.486 E893.78427
G1 X23.882 Y18.844 Z44.495 E894.92285
G1 X24.058 Y20.161 Z44.5 E895.5477
;TIME_ELAPSED:420.248019
;LAYER:44
;TYPE:WALL-OUTER
;MESH:two-component-v5.stl
G1 X23.713 Y20.851 Z44.503 E895.91048
G1 X22.786 Y21.681 Z44.508 E896.49563
G1 X21.681 Y22.786 Z44.513 E897.23051
G1 X20.852 Y23.714 Z44.518 E897.81569
G1 X20.169 Y24.055 Z44.521 E898.17469
G1 X18.877 Y23.888 Z44.526 E898.78733
G1 X16.711 Y22.863 Z44.535 E899.91423
G1 X14.329 Y21.434 Z44.545 E901.22052
G1 X11.827 Y20.327 Z44.556 E902.50715
G1 X9.494 Y21.512 Z44.565 E903.7377
G1 X8.921 Y24.191 Z44.576 E905.02604
G1 X8.678 Y26.953 Z44.586 E906.32993
G1 X8.232 Y29.318 Z44.595 E907.46172
G1 X7.615 Y30.456 Z44.6 E908.07048
G1 X6.93 Y30.811 Z44.603 E908.4333
G1 X5.691 Y30.938 Z44.608 E909.01902
G1 X4.148 Y31.183 Z44.613 E909.75373
G1 X2.933 Y31.445 Z44.618 E910.33824
G1 X2.176 Y31.32 Z44.621 E910.69905
G1 X1.228 Y30.427 Z44.626 E911.31151
G1 X0.078 Y28.321 Z44.635 E912.43993
G1 X-1.01 Y25.764 Z44.645 E913.74673
G1 X-2.386 Y23.398 Z44.656 E915.03387
G1 X-4.96 Y22.988 Z44.665 E916.25959
G1 X-7 Y24.816 Z44.676 E917.54775
G1 X-8.825 Y26.911 Z44.686 E918.85435
G1 X-10.569 Y28.56 Z44.695 E919.98306
G1 X-11.748 Y29.12 Z44.7 E920.59687
G1 X-12.505 Y29.006 Z44.703 E920.95688
G1 X-13.58 Y28.381 Z44.707 E921.54165
G1 X-14.976 Y27.67 Z44.713 E922.27838
G1 X-16.116 Y27.167 Z44.718 E922.86435
G1 X-16.654 Y26.622 Z44.721 E923.22449
G1 X-16.894 Y25.34 Z44.726 E923.83785
G1 X-16.588 Y22.962 Z44.735 E924.96536
G1 X-15.965 Y20.251 Z44.745 E926.27349
G1 X-15.689 Y17.526 Z44.756 E927.56152
G1 X-17.526 Y15.689 Z44.765 E928.78323
G1 X-20.25 Y15.965 Z44.776 E930.0708
G1 X-22.961 Y16.59 Z44.786 E931.37914
G1 X-25.339 Y16.898 Z44.795 E932.50677
G1 X-26.624 Y16.658 Z44.8 E933.12152
G1 X-27.171 Y16.118 Z44.803 E933.48298
G1 X-27.675 Y14.978 Z44.807 E934.06914
G1 X-28.385 Y13.584 Z44.813 E934.80483
G1 X-29.011 Y12.507 Z44.818 E935.39065
G1 X-29.125 Y11.749 Z44.821 E935.75112
G1 X-28.566 Y10.568 Z44.826 E936.36558
G1 X-26.916 Y8.822 Z44.835 E937.4953
G1 X-24.821 Y6.997 Z44.845 E938.8019
G1 X-22.997 Y4.955 Z44.855 E940.0895
G1 X-23.403 Y2.396 Z44.865 E941.30796
G1 X-25.767 Y1.018 Z44.875 E942.59476
G1 X-28.325 Y-0.069 Z44.886 E943.90181
G1 X-30.434 Y-1.22 Z44.895 E945.03169
G1 X-31.334 Y-2.173 Z44.9 E945.64812
G1 X-31.46 Y-2.933 Z44.903 E946.0104
G1 X-31.198 Y-4.147 Z44.907 E946.59445
G1 X-30.953 Y-5.695 Z44.913 E947.33149
G1 X-30.826 Y-6.934 Z44.918 E947.9172
G1 X-30.472 Y-7.619 Z44.921 E948.27981
G1 X-29.326 Y-8.244 Z44.926 E948.89367
G1 X-26.956 Y-8.689 Z44.935 E950.02768
G1 X-24.193 Y-8.933 Z44.945 E951.33209
G1 X-21.517 Y-9.514 Z44.956 E952.61984
G1 X-20.346 Y-11.817 Z44.965 E953.83483
G1 X-21.447 Y-14.32 Z44.975 E955.12075
G1 X-22.877 Y-16.704 Z44.986 E956.42809
G1 X-23.907 Y-18.874 Z44.995 E957.55769
G1 X-24.078 Y-20.18 Z45 E958.1771
G1 X-23.733 Y-20.867 Z45.003 E958.53862
G1 X-22.804 Y-21.699 Z45.007 E959.1251
G1 X-21.699 Y-22.804 Z45.013 E959.85999
G1 X-20.868 Y-23.733 Z45.018 E960.44614
G1 X-20.18 Y-24.078 Z45.021 E960.80809
G1 X-18.874 Y-23.909 Z45.026 E961.42738
G1 X-16.703 Y-22.879 Z45.035 E962.5574
G1 X-14.32 Y-21.45 Z45.045 E963.8641
G1 X-11.816 Y-20.351 Z45.056 E965.15007
G1 X-9.52 Y-21.518 Z45.065 E966.36127
G1 X-8.938 Y-24.193 Z45.075 E967.64867
G1 X-8.695 Y-26.956 Z45.086 E968.95303
G1 X-8.251 Y-29.329 Z45.095 E970.08834
G1 X-7.625 Y-30.479 Z45.1 E970.70408
G1 X-6.936 Y-30.836 Z45.103 E971.06901
G1 X-5.695 Y-30.963 Z45.107 E971.65565
G1 X-4.151 Y-31.208 Z45.113 E972.39083
G1 X-2.933 Y-31.471 Z45.118 E972.97682
G1 X-2.171 Y-31.346 Z45.121 E973.33995
G1 X-1.214 Y-30.442 Z45.126 E973.95904
G1 X-0.062 Y-28.33 Z45.135 E975.09039
G1 X1.027 Y-25.771 Z45.145 E976.39824
G1 X2.409 Y-23.411 Z45.156 E977.68436
G1 X4.943 Y-23.008 Z45.165 E978.89099
G1 X6.987 Y-24.828 Z45.175 E980.17804
G1 X8.813 Y-26.925 Z45.186 E981.48566
G1 X10.56 Y-28.58 Z45.195 E982.61734
G1 X11.752 Y-29.145 Z45.2 E983.23768
G1 X12.515 Y-29.029 Z45.203 E983.60062
G1 X13.593 Y-28.403 Z45.207 E984.18684
G1 X14.987 Y-27.692 Z45.213 E984.92274
G1 X16.129 Y-27.189 Z45.218 E985.50957
G1 X16.673 Y-26.639 Z45.221 E985.87336
G1 X16.915 Y-25.343 Z45.226 E986.49336
G1 X16.606 Y-22.959 Z45.235 E987.62386
G1 X15.982 Y-20.246 Z45.245 E988.93301
G1 X15.714 Y-17.523 Z45.256 E990.21973
G1 X17.523 Y-15.714 Z45.265 E991.42282
G1 X20.246 Y-15.983 Z45.275 E992.70959
G1 X22.959 Y-16.608 Z45.286 E994.01885
G1 X25.343 Y-16.919 Z45.295 E995.14946
G1 X26.642 Y-16.676 Z45.3 E995.77094
G1 X27.193 Y-16.131 Z45.303 E996.13539
G1 X27.697 Y-14.99 Z45.307 E996.72198
G1 X28.408 Y-13.596 Z45.313 E997.45788
G1 X29.034 Y-12.517 Z45.318 E998.04451
G1 X29.151 Y-11.753 Z45.321 E998.40799
G1 X28.585 Y-10.558 Z45.326 E999.0298
G1 X26.93 Y-8.809 Z45.335 E1000.16216
G1 X24.832 Y-6.983 Z45.345 E1001.47014
G1 X23.016 Y-4.937 Z45.356 E1002.75664
G1 X23.416 Y-2.419 Z45.365 E1003.95562
G1 X25.774 Y-1.035 Z45.375 E1005.24141
G1 X28.334 Y0.054 Z45.386 E1006.54969
G1 X30.45 Y1.206 Z45.395 E1007.68269
G1 X31.36 Y2.169 Z45.4 E1008.30577
G1 X31.485 Y2.933 Z45.403 E1008.66983
G1 X31.222 Y4.153 Z45.408 E1009.25673
G1 X30.978 Y5.698 Z45.413 E1009.9923
G1 X30.851 Y6.94 Z45.418 E1010.57942
G1 X30.494 Y7.631 Z45.421 E1010.94518
G1 X29.336 Y8.263 Z45.426 E1011.56557
G1 X26.959 Y8.707 Z45.435 E1012.70273
G1 X24.195 Y8.951 Z45.445 E1014.00761
G1 X21.523 Y9.54 Z45.456 E1015.29433
G1 X20.37 Y11.807 Z45.465 E1016.49039
G1 X21.463 Y14.311 Z45.476 E1017.77523
G1 X22.894 Y16.696 Z45.486 E1019.08321
G1 X23.929 Y18.871 Z45.495 E1020.21595
G1 X24.1 Y20.191 Z45.5 E1020.84189
;TIME_ELAPSED:426.956936
;LAYER:45
;TYPE:WALL-OUTER
;MESH:two-component-v5.stl
G1 X23.752 Y20.883 Z45.503 E1021.20615
G1 X22.822 Y21.716 Z45.508 E1021.79328
G1 X21.716 Y22.822 Z45.513 E1022.52884
G1 X20.884 Y23.753 Z45.518 E1023.11601
G1 X20.192 Y24.101 Z45.521 E1023.48027
G1 X18.911 Y23.936 Z45.526 E1024.08766
G1 X16.749 Y22.921 Z45.535 E1025.21084
G1 X14.373 Y21.504 Z45.545 E1026.51182
G1 X11.873 Y20.405 Z45.556 E1027.79607
G1 X9.531 Y21.596 Z45.565 E1029.03167
G1 X8.95 Y24.267 Z45.576 E1030.31712
G1 X8.701 Y27.021 Z45.586 E1031.61752
G1 X8.254 Y29.368 Z45.595 E1032.74108
G1 X7.629 Y30.505 Z45.6 E1033.35123
G1 X6.942 Y30.86 Z45.603 E1033.71489
G1 X5.7 Y30.987 Z45.608 E1034.30201
G1 X4.155 Y31.232 Z45.613 E1035.03765
G1 X2.934 Y31.496 Z45.618 E1035.62511
G1 X2.172 Y31.372 Z45.621 E1035.98817
G1 X1.227 Y30.483 Z45.626 E1036.59831
G1 X0.069 Y28.381 Z45.635 E1037.72689
G1 X-1.016 Y25.846 Z45.645 E1039.02362
G1 X-2.395 Y23.49 Z45.656 E1040.30741
G1 X-4.98 Y23.078 Z45.665 E1041.53839
G1 X-7.02 Y24.895 Z45.676 E1042.8231
G1 X-8.844 Y26.981 Z45.686 E1044.1262
G1 X-10.583 Y28.614 Z45.695 E1045.24805
G1 X-11.76 Y29.169 Z45.7 E1045.86
G1 X-12.524 Y29.052 Z45.703 E1046.22347
G1 X-13.603 Y28.426 Z45.708 E1046.8101
G1 X-14.999 Y27.714 Z45.713 E1047.54705
G1 X-16.141 Y27.21 Z45.718 E1048.13407
G1 X-16.687 Y26.66 Z45.721 E1048.49853
G1 X-16.93 Y25.382 Z45.726 E1049.1103
G1 X-16.632 Y23.008 Z45.735 E1050.23547
G1 X-16.018 Y20.313 Z45.745 E1051.53532
G1 X-15.75 Y17.595 Z45.756 E1052.81971
G1 X-17.594 Y15.75 Z45.765 E1054.0464
G1 X-20.312 Y16.019 Z45.776 E1055.33084
G1 X-23.007 Y16.633 Z45.786 E1056.63068
G1 X-25.381 Y16.933 Z45.795 E1057.75598
G1 X-26.662 Y16.69 Z45.8 E1058.36913
G1 X-27.213 Y16.143 Z45.803 E1058.73425
G1 X-27.718 Y15.001 Z45.808 E1059.32146
G1 X-28.429 Y13.607 Z45.813 E1060.05736
G1 X-29.057 Y12.526 Z45.818 E1060.64528
G1 X-29.174 Y11.761 Z45.821 E1061.00921
G1 X-28.62 Y10.581 Z45.826 E1061.62224
G1 X-26.986 Y8.841 Z45.835 E1062.74475
G1 X-24.901 Y7.016 Z45.845 E1064.04781
G1 X-23.088 Y4.973 Z45.856 E1065.33232
G1 X-23.496 Y2.407 Z45.865 E1066.55419
G1 X-25.849 Y1.026 Z45.876 E1067.83723
G1 X-28.385 Y-0.06 Z45.886 E1069.13458
G1 X-30.491 Y-1.219 Z45.895 E1070.26503
G1 X-31.384 Y-2.167 Z45.9 E1070.87749
G1 X-31.509 Y-2.935 Z45.903 E1071.24341
G1 X-31.246 Y-4.155 Z45.908 E1071.83032
G1 X-31.001 Y-5.704 Z45.913 E1072.56782
G1 X-30.874 Y-6.946 Z45.918 E1073.15493
G1 X-30.52 Y-7.635 Z45.921 E1073.51921
G1 X-29.376 Y-8.266 Z45.926 E1074.13361
G1 X-27.024 Y-8.714 Z45.935 E1075.25956
G1 X-24.269 Y-8.966 Z45.945 E1076.56056
G1 X-21.602 Y-9.554 Z45.956 E1077.84488
G1 X-20.428 Y-11.861 Z45.965 E1079.06218
G1 X-21.519 Y-14.363 Z45.976 E1080.34579
G1 X-22.936 Y-16.741 Z45.986 E1081.64757
G1 X-23.956 Y-18.908 Z45.995 E1082.77389
G1 X-24.12 Y-20.204 Z46 E1083.38821
G1 X-23.77 Y-20.899 Z46.003 E1083.75415
G1 X-22.839 Y-21.733 Z46.008 E1084.34195
G1 X-21.733 Y-22.839 Z46.013 E1085.07751
G1 X-20.899 Y-23.771 Z46.018 E1085.66566
G1 X-20.204 Y-24.121 Z46.021 E1086.0316
G1 X-18.908 Y-23.958 Z46.026 E1086.64587
G1 X-16.741 Y-22.939 Z46.035 E1087.77198
G1 X-14.362 Y-21.522 Z46.045 E1089.07417
G1 X-11.86 Y-20.434 Z46.056 E1090.35721
G1 X-9.561 Y-21.603 Z46.065 E1091.57009
G1 X-8.972 Y-24.269 Z46.076 E1092.85406
G1 X-8.72 Y-27.025 Z46.086 E1094.15552
G1 X-8.272 Y-29.378 Z46.095 E1095.28194
G1 X-7.64 Y-30.527 Z46.1 E1095.89862
G1 X-6.948 Y-30.883 Z46.103 E1096.26458
G1 X-5.704 Y-31.01 Z46.108 E1096.85264
G1 X-4.158 Y-31.255 Z46.113 E1097.58874
G1 X-2.937 Y-31.519 Z46.118 E1098.17621
G1 X-2.168 Y-31.395 Z46.121 E1098.54251
G1 X-1.212 Y-30.498 Z46.126 E1099.159
G1 X-0.052 Y-28.39 Z46.135 E1100.29051
G1 X1.036 Y-25.854 Z46.145 E1101.58823
G1 X2.422 Y-23.505 Z46.156 E1102.87084
G1 X4.96 Y-23.102 Z46.165 E1104.07933
G1 X7.004 Y-24.91 Z46.176 E1105.36264
G1 X8.831 Y-26.995 Z46.186 E1106.66632
G1 X10.574 Y-28.633 Z46.195 E1107.79114
G1 X11.764 Y-29.192 Z46.2 E1108.40943
G1 X12.533 Y-29.073 Z46.203 E1108.77537
G1 X13.614 Y-28.446 Z46.208 E1109.36305
G1 X15.01 Y-27.735 Z46.213 E1110.09978
G1 X16.153 Y-27.229 Z46.218 E1110.68761
G1 X16.704 Y-26.676 Z46.221 E1111.05473
G1 X16.951 Y-25.385 Z46.226 E1111.67285
G1 X16.65 Y-23.005 Z46.235 E1112.80101
G1 X16.039 Y-20.308 Z46.245 E1114.10146
G1 X15.782 Y-17.592 Z46.256 E1115.38441
G1 X17.591 Y-15.782 Z46.265 E1116.58783
G1 X20.307 Y-16.04 Z46.276 E1117.87083
G1 X23.005 Y-16.652 Z46.286 E1119.17184
G1 X25.385 Y-16.954 Z46.295 E1120.30005
G1 X26.678 Y-16.706 Z46.3 E1120.91919
G1 X27.232 Y-16.155 Z46.303 E1121.28664
G1 X27.739 Y-15.012 Z46.308 E1121.87466
G1 X28.449 Y-13.617 Z46.313 E1122.61076
G1 X29.078 Y-12.535 Z46.318 E1123.19932
G1 X29.198 Y-11.765 Z46.321 E1123.5658
G1 X28.639 Y-10.572 Z46.326 E1124.18536
G1 X27 Y-8.827 Z46.335 E1125.31119
G1 X24.915 Y-6.999 Z46.346 E1126.61518
G1 X23.111 Y-4.952 Z46.356 E1127.8983
G1 X23.512 Y-2.434 Z46.365 E1129.09735
G1 X25.858 Y-1.045 Z46.376 E1130.37947
G1 X28.395 Y0.044 Z46.386 E1131.67781
G1 X30.507 Y1.204 Z46.395 E1132.81096
G1 X31.407 Y2.165 Z46.4 E1133.43013
G1 X31.532 Y2.938 Z46.403 E1133.79837
G1 X31.269 Y4.16 Z46.408 E1134.3862
G1 X31.024 Y5.707 Z46.414 E1135.12277
G1 X30.897 Y6.952 Z46.418 E1135.71129
G1 X30.541 Y7.646 Z46.421 E1136.07809
G1 X29.386 Y8.284 Z46.426 E1136.6986
G1 X27.028 Y8.733 Z46.435 E1137.82742
G1 X24.271 Y8.988 Z46.446 E1139.12948
G1 X21.608 Y9.585 Z46.456 E1140.41288
G1 X20.457 Y11.849 Z46.465 E1141.60726
G1 X21.537 Y14.353 Z46.476 E1142.88967
G1 X22.954 Y16.733 Z46.486 E1144.19226
G1 X23.978 Y18.905 Z46.495 E1145.3215
G1 X24.141 Y20.215 Z46.5 E1145.9423
;TIME_ELAPSED:433.655138
;LAYER:46
;TYPE:WALL-OUTER
;MESH:two-component-v5.stl
G1 X23.788 Y20.914 Z46.503 E1146.31056
G1 X22.855 Y21.749 Z46.508 E1146.89937
G1 X21.749 Y22.855 Z46.514 E1147.63493
G1 X20.914 Y23.789 Z46.518 E1148.22409
G1 X20.216 Y24.142 Z46.521 E1148.59193
G1 X18.936 Y23.983 Z46.526 E1149.19849
G1 X16.786 Y22.982 Z46.535 E1150.31378
G1 X14.422 Y21.583 Z46.545 E1151.60558
G1 X11.925 Y20.497 Z46.556 E1152.88609
G1 X9.574 Y21.694 Z46.566 E1154.12674
G1 X8.987 Y24.352 Z46.576 E1155.40683
G1 X8.729 Y27.092 Z46.586 E1156.70106
G1 X8.276 Y29.417 Z46.595 E1157.81499
G1 X7.648 Y30.549 Z46.6 E1158.42377
G1 X6.954 Y30.905 Z46.603 E1158.79057
G1 X5.708 Y31.033 Z46.608 E1159.37961
G1 X4.16 Y31.278 Z46.614 E1160.11664
G1 X2.939 Y31.542 Z46.618 E1160.7041
G1 X2.167 Y31.418 Z46.621 E1161.0718
G1 X1.22 Y30.535 Z46.626 E1161.6807
G1 X0.068 Y28.46 Z46.635 E1162.79681
G1 X-1.024 Y25.939 Z46.645 E1164.08879
G1 X-2.407 Y23.596 Z46.656 E1165.36826
G1 X-5.002 Y23.183 Z46.666 E1166.60396
G1 X-7.041 Y24.986 Z46.676 E1167.88395
G1 X-8.858 Y27.048 Z46.686 E1169.1764
G1 X-10.595 Y28.666 Z46.695 E1170.29274
G1 X-11.77 Y29.215 Z46.7 E1170.90264
G1 X-12.541 Y29.094 Z46.703 E1171.26965
G1 X-13.624 Y28.467 Z46.708 E1171.85815
G1 X-15.02 Y27.755 Z46.714 E1172.5951
G1 X-16.165 Y27.248 Z46.718 E1173.18398
G1 X-16.717 Y26.695 Z46.721 E1173.55142
G1 X-16.966 Y25.423 Z46.726 E1174.16096
G1 X-16.679 Y23.073 Z46.735 E1175.2743
G1 X-16.08 Y20.382 Z46.746 E1176.57076
G1 X-15.825 Y17.674 Z46.756 E1177.84988
G1 X-17.673 Y15.825 Z46.766 E1179.07924
G1 X-20.381 Y16.08 Z46.776 E1180.35835
G1 X-23.072 Y16.68 Z46.786 E1181.65492
G1 X-25.423 Y16.969 Z46.795 E1182.76884
G1 X-26.696 Y16.72 Z46.8 E1183.37883
G1 X-27.251 Y16.167 Z46.803 E1183.74728
G1 X-27.759 Y15.022 Z46.808 E1184.33635
G1 X-28.47 Y13.627 Z46.814 E1185.07267
G1 X-29.098 Y12.543 Z46.818 E1185.6618
G1 X-29.22 Y11.769 Z46.821 E1186.03028
G1 X-28.671 Y10.593 Z46.826 E1186.64061
G1 X-27.053 Y8.854 Z46.835 E1187.75764
G1 X-24.992 Y7.035 Z46.846 E1189.05036
G1 X-23.195 Y4.993 Z46.856 E1190.32954
G1 X-23.603 Y2.421 Z46.866 E1191.55419
G1 X-25.943 Y1.035 Z46.876 E1192.83316
G1 X-28.464 Y-0.058 Z46.886 E1194.12533
G1 X-30.543 Y-1.212 Z46.895 E1195.24353
G1 X-31.429 Y-2.163 Z46.9 E1195.85477
G1 X-31.554 Y-2.94 Z46.903 E1196.22487
G1 X-31.292 Y-4.162 Z46.908 E1196.8126
G1 X-31.046 Y-5.711 Z46.914 E1197.55017
G1 X-30.918 Y-6.958 Z46.918 E1198.13967
G1 X-30.562 Y-7.654 Z46.921 E1198.50731
G1 X-29.425 Y-8.287 Z46.926 E1199.11928
G1 X-27.095 Y-8.742 Z46.935 E1200.2357
G1 X-24.355 Y-9.004 Z46.946 E1201.53011
G1 X-21.701 Y-9.602 Z46.956 E1202.80949
G1 X-20.524 Y-11.913 Z46.966 E1204.02911
G1 X-21.6 Y-14.41 Z46.976 E1205.30775
G1 X-22.998 Y-16.778 Z46.986 E1206.60093
G1 X-24.002 Y-18.933 Z46.995 E1207.71894
G1 X-24.159 Y-20.229 Z47 E1208.33287
G1 X-23.805 Y-20.927 Z47.003 E1208.70092
G1 X-22.871 Y-21.764 Z47.008 E1209.29071
G1 X-21.764 Y-22.871 Z47.014 E1210.02693
G1 X-20.927 Y-23.806 Z47.018 E1210.61707
G1 X-20.228 Y-24.16 Z47.021 E1210.98554
G1 X-18.933 Y-24.004 Z47.026 E1211.59894
G1 X-16.777 Y-23 Z47.035 E1212.71738
G1 X-14.409 Y-21.604 Z47.046 E1214.01008
G1 X-11.91 Y-20.531 Z47.056 E1215.28902
G1 X-9.61 Y-21.703 Z47.066 E1216.50297
G1 X-9.011 Y-24.355 Z47.076 E1217.78153
G1 X-8.749 Y-27.096 Z47.086 E1219.07641
G1 X-8.294 Y-29.427 Z47.095 E1220.19329
G1 X-7.658 Y-30.569 Z47.1 E1220.808
G1 X-6.961 Y-30.926 Z47.103 E1221.17627
G1 X-5.711 Y-31.054 Z47.108 E1221.76718
G1 X-4.165 Y-31.3 Z47.114 E1222.50336
G1 X-2.94 Y-31.563 Z47.118 E1223.09257
G1 X-2.164 Y-31.439 Z47.121 E1223.46212
G1 X-1.205 Y-30.55 Z47.126 E1224.07708
G1 X-0.049 Y-28.47 Z47.135 E1225.19615
G1 X1.047 Y-25.948 Z47.146 E1226.48932
G1 X2.439 Y-23.614 Z47.156 E1227.7673
G1 X4.977 Y-23.212 Z47.166 E1228.97572
G1 X7.023 Y-25.002 Z47.176 E1230.25414
G1 X8.844 Y-27.063 Z47.186 E1231.54748
G1 X10.586 Y-28.685 Z47.195 E1232.66682
G1 X11.774 Y-29.236 Z47.2 E1233.28267
G1 X12.55 Y-29.113 Z47.203 E1233.65215
G1 X13.635 Y-28.485 Z47.208 E1234.24169
G1 X15.03 Y-27.774 Z47.214 E1234.97801
G1 X16.177 Y-27.267 Z47.218 E1235.56775
G1 X16.733 Y-26.71 Z47.221 E1235.93786
G1 X16.987 Y-25.427 Z47.226 E1236.55292
G1 X16.699 Y-23.07 Z47.235 E1237.66958
G1 X16.103 Y-20.377 Z47.246 E1238.96666
G1 X15.861 Y-17.671 Z47.256 E1240.24428
G1 X17.67 Y-15.862 Z47.266 E1241.44737
G1 X20.376 Y-16.104 Z47.276 E1242.72499
G1 X23.069 Y-16.701 Z47.286 E1244.02217
G1 X25.427 Y-16.99 Z47.295 E1245.13936
G1 X26.712 Y-16.736 Z47.3 E1245.75534
G1 X27.27 Y-16.179 Z47.303 E1246.12611
G1 X27.778 Y-15.032 Z47.308 E1246.71604
G1 X28.489 Y-13.637 Z47.314 E1247.45236
G1 X29.118 Y-12.552 Z47.318 E1248.04214
G1 X29.241 Y-11.774 Z47.321 E1248.41255
G1 X28.69 Y-10.584 Z47.326 E1249.02925
G1 X27.068 Y-8.84 Z47.335 E1250.14928
G1 X25.008 Y-7.017 Z47.346 E1251.44289
G1 X23.223 Y-4.968 Z47.356 E1252.72083
G1 X23.622 Y-2.453 Z47.365 E1253.91834
G1 X25.953 Y-1.057 Z47.376 E1255.19608
G1 X28.475 Y0.04 Z47.386 E1256.48944
G1 X30.559 Y1.197 Z47.395 E1257.61038
G1 X31.451 Y2.161 Z47.4 E1258.22802
G1 X31.575 Y2.941 Z47.403 E1258.59943
G1 X31.313 Y4.167 Z47.408 E1259.189
G1 X31.067 Y5.714 Z47.414 E1259.92564
G1 X30.939 Y6.965 Z47.418 E1260.51702
G1 X30.582 Y7.664 Z47.421 E1260.88613
G1 X29.435 Y8.306 Z47.426 E1261.50427
G1 X27.099 Y8.763 Z47.435 E1262.62364
G1 X24.357 Y9.028 Z47.446 E1263.91912
G1 X21.709 Y9.639 Z47.456 E1265.19711
G1 X20.559 Y11.898 Z47.465 E1266.38917
G1 X21.622 Y14.398 Z47.476 E1267.66671
G1 X23.016 Y16.769 Z47.486 E1268.96014
G1 X24.023 Y18.93 Z47.495 E1270.08131
G1 X24.178 Y20.239 Z47.5 E1270.70119
;TIME_ELAPSED:440.334509
;LAYER:47
;TYPE:WALL-OUTER
;MESH:two-component-v5.stl
G1 X23.822 Y20.939 Z47.503 E1271.07051
G1 X22.888 Y21.778 Z47.508 E1271.66093
G1 X21.779 Y22.887 Z47.514 E1272.39848
G1 X20.939 Y23.823 Z47.518 E1272.98991
G1 X20.239 Y24.179 Z47.521 E1273.35922
G1 X18.961 Y24.028 Z47.526 E1273.9644
G1 X16.828 Y23.046 Z47.535 E1275.06868
G1 X14.474 Y21.671 Z47.545 E1276.35071
G1 X11.985 Y20.603 Z47.556 E1277.62441
G1 X9.626 Y21.805 Z47.566 E1278.86948
G1 X9.027 Y24.446 Z47.576 E1280.143
G1 X8.757 Y27.167 Z47.586 E1281.42888
G1 X8.299 Y29.463 Z47.595 E1282.52988
G1 X7.668 Y30.588 Z47.6 E1283.13647
G1 X6.967 Y30.946 Z47.603 E1283.50663
G1 X5.715 Y31.075 Z47.608 E1284.09852
G1 X4.168 Y31.321 Z47.614 E1284.83517
G1 X2.941 Y31.584 Z47.618 E1285.42529
G1 X2.161 Y31.461 Z47.621 E1285.79663
G1 X1.213 Y30.587 Z47.626 E1286.403
G1 X0.067 Y28.546 Z47.635 E1287.50377
G1 X-1.033 Y26.042 Z47.646 E1288.78993
G1 X-2.422 Y23.718 Z47.656 E1290.06316
G1 X-5.023 Y23.304 Z47.666 E1291.30172
G1 X-7.063 Y25.087 Z47.676 E1292.57585
G1 X-8.874 Y27.121 Z47.686 E1293.85657
G1 X-10.608 Y28.719 Z47.695 E1294.96548
G1 X-11.777 Y29.257 Z47.7 E1295.57065
G1 X-12.558 Y29.133 Z47.703 E1295.94253
G1 X-13.644 Y28.504 Z47.708 E1296.53271
G1 X-15.04 Y27.793 Z47.714 E1297.26945
G1 X-16.189 Y27.284 Z47.719 E1297.86043
G1 X-16.747 Y26.726 Z47.722 E1298.23154
G1 X-17.001 Y25.462 Z47.726 E1298.83783
G1 X-16.728 Y23.123 Z47.735 E1299.94526
G1 X-16.148 Y20.461 Z47.746 E1301.22648
G1 X-15.91 Y17.763 Z47.756 E1302.50019
G1 X-17.762 Y15.91 Z47.766 E1303.73221
G1 X-20.46 Y16.149 Z47.776 E1305.00596
G1 X-23.122 Y16.729 Z47.786 E1306.28718
G1 X-25.462 Y17.004 Z47.795 E1307.39518
G1 X-26.728 Y16.75 Z47.8 E1308.0024
G1 X-27.286 Y16.191 Z47.803 E1308.37383
G1 X-27.796 Y15.042 Z47.808 E1308.96501
G1 X-28.507 Y13.647 Z47.814 E1309.70133
G1 X-29.137 Y12.559 Z47.819 E1310.29256
G1 X-29.262 Y11.778 Z47.822 E1310.66452
G1 X-28.725 Y10.607 Z47.826 E1311.27034
G1 X-27.127 Y8.871 Z47.835 E1312.37994
G1 X-25.093 Y7.057 Z47.846 E1313.66161
G1 X-23.317 Y5.013 Z47.856 E1314.93499
G1 X-23.727 Y2.438 Z47.866 E1316.16118
G1 X-26.046 Y1.046 Z47.876 E1317.43311
G1 X-28.551 Y-0.056 Z47.886 E1318.72009
G1 X-30.595 Y-1.205 Z47.895 E1319.82277
G1 X-31.471 Y-2.159 Z47.9 E1320.43185
G1 X-31.595 Y-2.941 Z47.903 E1320.8042
G1 X-31.333 Y-4.17 Z47.908 E1321.39514
G1 X-31.088 Y-5.718 Z47.914 E1322.13218
G1 X-30.957 Y-6.97 Z47.919 E1322.72417
G1 X-30.6 Y-7.674 Z47.922 E1323.09537
G1 X-29.471 Y-8.31 Z47.927 E1323.70475
G1 X-27.17 Y-8.772 Z47.935 E1324.80843
G1 X-24.449 Y-9.047 Z47.946 E1326.09455
G1 X-21.814 Y-9.658 Z47.956 E1327.36658
G1 X-20.636 Y-11.97 Z47.966 E1328.58683
G1 X-21.691 Y-14.461 Z47.976 E1329.859
G1 X-23.065 Y-16.819 Z47.986 E1331.14241
G1 X-24.048 Y-18.958 Z47.995 E1332.24945
G1 X-24.196 Y-20.247 Z48 E1332.85961
G1 X-23.837 Y-20.952 Z48.003 E1333.23165
G1 X-22.901 Y-21.793 Z48.008 E1333.8234
G1 X-21.794 Y-22.901 Z48.014 E1334.55995
G1 X-20.952 Y-23.837 Z48.019 E1335.15202
G1 X-20.248 Y-24.197 Z48.022 E1335.52386
G1 X-18.958 Y-24.05 Z48.027 E1336.13443
G1 X-16.818 Y-23.067 Z48.035 E1337.2419
G1 X-14.46 Y-21.695 Z48.046 E1338.52483
G1 X-11.968 Y-20.643 Z48.056 E1339.79689
G1 X-9.668 Y-21.815 Z48.066 E1341.01083
G1 X-9.054 Y-24.449 Z48.076 E1342.28272
G1 X-8.779 Y-27.171 Z48.086 E1343.56931
G1 X-8.317 Y-29.473 Z48.095 E1344.67345
G1 X-7.677 Y-30.606 Z48.1 E1345.28539
G1 X-6.971 Y-30.964 Z48.103 E1345.65764
G1 X-5.718 Y-31.095 Z48.108 E1346.2501
G1 X-4.172 Y-31.341 Z48.114 E1346.98628
G1 X-2.941 Y-31.603 Z48.119 E1347.57815
G1 X-2.158 Y-31.481 Z48.122 E1347.95081
G1 X-1.198 Y-30.602 Z48.127 E1348.56292
G1 X-0.046 Y-28.558 Z48.135 E1349.6663
G1 X1.059 Y-26.053 Z48.146 E1350.95384
G1 X2.46 Y-23.741 Z48.156 E1352.22514
G1 X4.995 Y-23.336 Z48.166 E1353.43239
G1 X7.043 Y-25.105 Z48.176 E1354.70504
G1 X8.859 Y-27.138 Z48.186 E1355.98698
G1 X10.599 Y-28.739 Z48.195 E1357.09892
G1 X11.779 Y-29.277 Z48.2 E1357.70879
G1 X12.564 Y-29.151 Z48.203 E1358.08267
G1 X13.654 Y-28.521 Z48.208 E1358.67472
G1 X15.05 Y-27.811 Z48.214 E1359.41125
G1 X16.2 Y-27.299 Z48.219 E1360.00323
G1 X16.762 Y-26.74 Z48.222 E1360.376
G1 X17.022 Y-25.466 Z48.227 E1360.98747
G1 X16.752 Y-23.127 Z48.235 E1362.09473
G1 X16.175 Y-20.454 Z48.246 E1363.38071
G1 X15.952 Y-17.759 Z48.256 E1364.65241
G1 X17.759 Y-15.952 Z48.266 E1365.85417
G1 X20.454 Y-16.177 Z48.276 E1367.12595
G1 X23.119 Y-16.753 Z48.286 E1368.40815
G1 X25.466 Y-17.025 Z48.295 E1369.51925
G1 X26.742 Y-16.764 Z48.3 E1370.13174
G1 X27.302 Y-16.202 Z48.303 E1370.50484
G1 X27.814 Y-15.051 Z48.308 E1371.09725
G1 X28.524 Y-13.656 Z48.314 E1371.83335
G1 X29.155 Y-12.566 Z48.319 E1372.42564
G1 X29.282 Y-11.78 Z48.322 E1372.80007
G1 X28.744 Y-10.597 Z48.327 E1373.41122
G1 X27.144 Y-8.855 Z48.335 E1374.52353
G1 X25.111 Y-7.036 Z48.346 E1375.80641
G1 X23.349 Y-4.985 Z48.356 E1377.07798
G1 X23.75 Y-2.476 Z48.366 E1378.27286
G1 X26.057 Y-1.071 Z48.376 E1379.54313
G1 X28.563 Y0.036 Z48.386 E1380.83148
G1 X30.611 Y1.19 Z48.395 E1381.93696
G1 X31.492 Y2.156 Z48.4 E1382.55179
G1 X31.614 Y2.941 Z48.403 E1382.92538
G1 X31.352 Y4.174 Z48.408 E1383.51817
G1 X31.108 Y5.721 Z48.414 E1384.25466
G1 X30.976 Y6.974 Z48.419 E1384.84717
G1 X30.617 Y7.683 Z48.422 E1385.22089
G1 X29.481 Y8.329 Z48.426 E1385.83545
G1 X27.174 Y8.794 Z48.435 E1386.94218
G1 X24.452 Y9.074 Z48.446 E1388.229
G1 X21.823 Y9.7 Z48.456 E1389.4999
G1 X20.676 Y11.953 Z48.466 E1390.68881
G1 X21.715 Y14.448 Z48.476 E1391.9598
G1 X23.086 Y16.809 Z48.486 E1393.24372
G1 X24.07 Y18.955 Z48.495 E1394.35395
G1 X24.214 Y20.256 Z48.5 E1394.9695
;TIME_ELAPSED:446.986903
;LAYER:48
;TYPE:WALL-OUTER
;MESH:two-component-v5.stl
G1 X23.851 Y20.964 Z48.503 E1395.34366
G1 X22.914 Y21.808 Z48.508 E1395.93671
G1 X21.808 Y22.914 Z48.514 E1396.67226
G1 X20.964 Y23.852 Z48.519 E1397.26565
G1 X20.256 Y24.215 Z48.522 E1397.63981
G1 X18.987 Y24.075 Z48.526 E1398.2402
G1 X16.869 Y23.117 Z48.535 E1399.33338
G1 X14.532 Y21.768 Z48.546 E1400.60235
G1 X12.049 Y20.726 Z48.556 E1401.86867
G1 X9.685 Y21.931 Z48.566 E1403.11648
G1 X9.072 Y24.551 Z48.576 E1404.38185
G1 X8.789 Y27.24 Z48.586 E1405.65339
G1 X8.321 Y29.509 Z48.595 E1406.74288
G1 X7.686 Y30.623 Z48.6 E1407.34589
G1 X6.976 Y30.983 Z48.603 E1407.72025
G1 X5.721 Y31.115 Z48.608 E1408.31369
G1 X4.176 Y31.36 Z48.614 E1409.04933
G1 X2.941 Y31.622 Z48.619 E1409.64304
G1 X2.154 Y31.501 Z48.622 E1410.01749
G1 X1.207 Y30.64 Z48.627 E1410.61938
G1 X0.054 Y28.619 Z48.635 E1411.71358
G1 X-1.045 Y26.154 Z48.646 E1412.98279
G1 X-2.443 Y23.855 Z48.656 E1414.24813
G1 X-5.049 Y23.44 Z48.666 E1415.48909
G1 X-7.088 Y25.198 Z48.676 E1416.75515
G1 X-8.897 Y27.204 Z48.686 E1418.02544
G1 X-10.615 Y28.77 Z48.695 E1419.11864
G1 X-11.782 Y29.296 Z48.7 E1419.72061
G1 X-12.57 Y29.168 Z48.703 E1420.09604
G1 X-13.665 Y28.538 Z48.708 E1420.69013
G1 X-15.057 Y27.829 Z48.714 E1421.42476
G1 X-16.21 Y27.314 Z48.719 E1422.01861
G1 X-16.776 Y26.753 Z48.722 E1422.39337
G1 X-17.038 Y25.496 Z48.727 E1422.9972
G1 X-16.784 Y23.196 Z48.735 E1424.08539
G1 X-16.225 Y20.544 Z48.746 E1425.35995
G1 X-16.006 Y17.863 Z48.756 E1426.62493
G1 X-17.862 Y16.006 Z48.766 E1427.85961
G1 X-20.542 Y16.226 Z48.776 E1429.12417
G1 X-23.195 Y16.786 Z48.787 E1430.39928
G1 X-25.496 Y17.041 Z48.795 E1431.48799
G1 X-26.755 Y16.778 Z48.8 E1432.09283
G1 X-27.317 Y16.211 Z48.803 E1432.46826
G1 X-27.831 Y15.059 Z48.808 E1433.06149
G1 X-28.54 Y13.667 Z48.814 E1433.79612
G1 X-29.172 Y12.572 Z48.819 E1434.39068
G1 X-29.301 Y11.783 Z48.822 E1434.76665
G1 X-28.775 Y10.613 Z48.827 E1435.36991
G1 X-27.21 Y8.893 Z48.836 E1436.46348
G1 X-25.206 Y7.081 Z48.846 E1437.73402
G1 X-23.455 Y5.037 Z48.856 E1438.99972
G1 X-23.865 Y2.461 Z48.866 E1440.22638
G1 X-26.159 Y1.059 Z48.876 E1441.49069
G1 X-28.624 Y-0.043 Z48.887 E1442.76047
G1 X-30.647 Y-1.199 Z48.895 E1443.85619
G1 X-31.511 Y-2.152 Z48.9 E1444.46112
G1 X-31.632 Y-2.941 Z48.903 E1444.8365
G1 X-31.371 Y-4.175 Z48.908 E1445.42965
G1 X-31.127 Y-5.721 Z48.914 E1446.16568
G1 X-30.993 Y-6.978 Z48.919 E1446.76015
G1 X-30.634 Y-7.691 Z48.922 E1447.13556
G1 X-29.517 Y-8.333 Z48.927 E1447.74143
G1 X-27.244 Y-8.805 Z48.936 E1448.83315
G1 X-24.554 Y-9.094 Z48.946 E1450.10545
G1 X-21.94 Y-9.721 Z48.956 E1451.3696
G1 X-20.761 Y-12.033 Z48.966 E1452.59006
G1 X-21.791 Y-14.517 Z48.976 E1453.85465
G1 X-23.136 Y-16.859 Z48.987 E1455.12472
G1 X-24.094 Y-18.984 Z48.995 E1456.22089
G1 X-24.231 Y-20.263 Z49 E1456.82581
G1 X-23.865 Y-20.975 Z49.003 E1457.20228
G1 X-22.927 Y-21.821 Z49.008 E1457.79631
G1 X-21.821 Y-22.927 Z49.014 E1458.53186
G1 X-20.975 Y-23.865 Z49.019 E1459.12588
G1 X-20.263 Y-24.232 Z49.022 E1459.50257
G1 X-18.984 Y-24.096 Z49.027 E1460.10744
G1 X-16.859 Y-23.139 Z49.036 E1461.20342
G1 X-14.516 Y-21.795 Z49.046 E1462.47366
G1 X-12.03 Y-20.77 Z49.056 E1463.73822
G1 X-9.732 Y-21.942 Z49.066 E1464.95133
G1 X-9.103 Y-24.554 Z49.076 E1466.21478
G1 X-8.813 Y-27.245 Z49.087 E1467.4876
G1 X-8.339 Y-29.519 Z49.095 E1468.57997
G1 X-7.694 Y-30.64 Z49.1 E1469.18817
G1 X-6.98 Y-31 Z49.103 E1469.56421
G1 X-5.723 Y-31.133 Z49.108 E1470.15863
G1 X-4.178 Y-31.378 Z49.114 E1470.89427
G1 X-2.942 Y-31.64 Z49.119 E1471.48844
G1 X-2.15 Y-31.519 Z49.122 E1471.86521
G1 X-1.193 Y-30.655 Z49.127 E1472.47154
G1 X-0.033 Y-28.631 Z49.136 E1473.5686
G1 X1.074 Y-26.166 Z49.146 E1474.83934
G1 X2.484 Y-23.88 Z49.156 E1476.10242
G1 X5.017 Y-23.478 Z49.166 E1477.30851
G1 X7.065 Y-25.219 Z49.176 E1478.57259
G1 X8.88 Y-27.222 Z49.186 E1479.84373
G1 X10.606 Y-28.789 Z49.195 E1480.94002
G1 X11.785 Y-29.315 Z49.2 E1481.54714
G1 X12.576 Y-29.184 Z49.203 E1481.92419
G1 X13.673 Y-28.554 Z49.208 E1482.5191
G1 X15.065 Y-27.845 Z49.214 E1483.25373
G1 X16.219 Y-27.329 Z49.219 E1483.8482
G1 X16.789 Y-26.765 Z49.222 E1484.22529
G1 X17.059 Y-25.5 Z49.227 E1484.83358
G1 X16.808 Y-23.193 Z49.236 E1485.92489
G1 X16.255 Y-20.537 Z49.246 E1487.2007
G1 X16.055 Y-17.859 Z49.256 E1488.46359
G1 X17.859 Y-16.056 Z49.266 E1489.66302
G1 X20.536 Y-16.256 Z49.276 E1490.92543
G1 X23.192 Y-16.811 Z49.286 E1492.20144
G1 X25.5 Y-17.062 Z49.295 E1493.29322
G1 X26.767 Y-16.792 Z49.3 E1493.90243
G1 X27.331 Y-16.22 Z49.303 E1494.28019
G1 X27.848 Y-15.067 Z49.308 E1494.87442
G1 X28.557 Y-13.675 Z49.314 E1495.60905
G1 X29.188 Y-12.577 Z49.319 E1496.2046
G1 X29.319 Y-11.785 Z49.322 E1496.58211
G1 X28.794 Y-10.604 Z49.327 E1497.1899
G1 X27.228 Y-8.876 Z49.336 E1498.28658
G1 X25.227 Y-7.057 Z49.346 E1499.55828
G1 X23.492 Y-5.005 Z49.356 E1500.82197
G1 X23.89 Y-2.502 Z49.366 E1502.01384
G1 X26.172 Y-1.087 Z49.376 E1503.27655
G1 X28.636 Y0.023 Z49.386 E1504.54744
G1 X30.663 Y1.185 Z49.395 E1505.64619
G1 X31.529 Y2.148 Z49.4 E1506.25524
G1 X31.65 Y2.942 Z49.403 E1506.63295
G1 X31.389 Y4.179 Z49.408 E1507.22747
G1 X31.145 Y5.724 Z49.414 E1507.96304
G1 X31.01 Y6.982 Z49.419 E1508.55804
G1 X30.65 Y7.7 Z49.422 E1508.93575
G1 X29.527 Y8.351 Z49.427 E1509.54618
G1 X27.248 Y8.83 Z49.436 E1510.64134
G1 X24.557 Y9.126 Z49.446 E1511.91446
G1 X21.951 Y9.769 Z49.456 E1513.17673
G1 X20.806 Y12.015 Z49.466 E1514.36228
G1 X21.818 Y14.502 Z49.476 E1515.62496
G1 X23.158 Y16.849 Z49.486 E1516.8959
G1 X24.116 Y18.982 Z49.495 E1517.99551
G1 X24.248 Y20.27 Z49.5 E1518.60438
;TIME_ELAPSED:453.604531
;LAYER:49
;TYPE:WALL-OUTER
;MESH:two-component-v5.stl
G1 X23.878 Y20.986 Z49.503 E1518.9834
G1 X22.939 Y21.835 Z49.508 E1519.57871
G1 X21.835 Y22.939 Z49.514 E1520.31294
G1 X20.986 Y23.878 Z49.519 E1520.90825
G1 X20.27 Y24.249 Z49.522 E1521.28748
G1 X19.007 Y24.12 Z49.527 E1521.88452
G1 X16.918 Y23.193 Z49.535 E1522.95928
G1 X14.591 Y21.875 Z49.546 E1524.21694
G1 X12.122 Y20.86 Z49.556 E1525.47231
G1 X9.753 Y22.066 Z49.566 E1526.72243
G1 X9.123 Y24.663 Z49.576 E1527.97913
G1 X8.822 Y27.326 Z49.587 E1529.23943
G1 X8.345 Y29.552 Z49.595 E1530.31001
G1 X7.703 Y30.656 Z49.6 E1530.91059
G1 X6.984 Y31.016 Z49.603 E1531.28872
G1 X5.726 Y31.152 Z49.608 E1531.88377
G1 X4.181 Y31.396 Z49.614 E1532.61933
G1 X2.942 Y31.657 Z49.619 E1533.21478
G1 X2.146 Y31.537 Z49.622 E1533.59335
G1 X1.196 Y30.686 Z49.627 E1534.19314
G1 X0.053 Y28.714 Z49.636 E1535.26502
G1 X-1.058 Y26.277 Z49.646 E1536.52454
G1 X-2.464 Y24.007 Z49.656 E1537.78022
G1 X-5.074 Y23.593 Z49.666 E1539.02297
G1 X-7.111 Y25.318 Z49.676 E1540.27824
G1 X-8.921 Y27.294 Z49.687 E1541.5384
G1 X-10.62 Y28.818 Z49.695 E1542.61172
G1 X-11.786 Y29.333 Z49.7 E1543.21116
G1 X-12.582 Y29.2 Z49.703 E1543.59068
G1 X-13.679 Y28.571 Z49.708 E1544.18535
G1 X-15.074 Y27.86 Z49.714 E1544.92167
G1 X-16.228 Y27.342 Z49.719 E1545.51652
G1 X-16.803 Y26.777 Z49.722 E1545.89562
G1 X-17.073 Y25.533 Z49.727 E1546.49425
G1 X-16.84 Y23.25 Z49.736 E1547.57345
G1 X-16.308 Y20.635 Z49.746 E1548.82839
G1 X-16.116 Y17.972 Z49.756 E1550.08396
G1 X-17.971 Y16.116 Z49.766 E1551.31798
G1 X-20.633 Y16.31 Z49.776 E1552.57315
G1 X-23.249 Y16.842 Z49.787 E1553.82855
G1 X-25.533 Y17.076 Z49.795 E1554.90826
G1 X-26.778 Y16.805 Z49.8 E1555.50745
G1 X-27.345 Y16.23 Z49.803 E1555.88721
G1 X-27.863 Y15.075 Z49.808 E1556.48249
G1 X-28.573 Y13.683 Z49.814 E1557.21734
G1 X-29.203 Y12.583 Z49.819 E1557.81347
G1 X-29.337 Y11.786 Z49.822 E1558.19353
G1 X-28.824 Y10.618 Z49.827 E1558.79345
G1 X-27.301 Y8.917 Z49.836 E1559.86716
G1 X-25.327 Y7.103 Z49.846 E1561.1279
G1 X-23.61 Y5.062 Z49.856 E1562.38218
G1 X-24.018 Y2.484 Z49.866 E1563.60962
G1 X-26.283 Y1.074 Z49.877 E1564.8643
G1 X-28.719 Y-0.04 Z49.887 E1566.12398
G1 X-30.694 Y-1.188 Z49.896 E1567.19826
G1 X-31.546 Y-2.144 Z49.9 E1567.80047
G92 E0
G1 X-31.665 Y-2.943 Z49.904 E0.37989
G1 X-31.405 Y-4.183 Z49.908 E0.9757
G1 X-31.162 Y-5.726 Z49.914 E1.71027
G1 X-31.025 Y-6.986 Z49.919 E2.3063
G1 X-30.664 Y-7.709 Z49.922 E2.68633
G1 X-29.56 Y-8.356 Z49.927 E3.28809
G1 X-27.33 Y-8.84 Z49.936 E4.3612
G1 X-24.666 Y-9.147 Z49.946 E5.62229
G1 X-22.077 Y-9.794 Z49.956 E6.87725
G1 X-20.901 Y-12.104 Z49.966 E8.09624
G1 X-21.9 Y-14.576 Z49.977 E9.35008
G1 X-23.214 Y-16.908 Z49.987 E10.60885
G1 X-24.139 Y-19.004 Z49.996 E11.68625
G1 X-24.263 Y-20.277 Z50 E12.28773
G1 X-23.89 Y-20.996 Z50.004 E12.66865
G1 X-22.951 Y-21.847 Z50.008 E13.2646
G1 X-21.847 Y-22.951 Z50.014 E13.99882
G1 X-20.996 Y-23.89 Z50.019 E14.59477
G1 X-20.277 Y-24.264 Z50.022 E14.9759
G1 X-19.004 Y-24.141 Z50.027 E15.57734
G1 X-16.907 Y-23.217 Z50.036 E16.65497
G1 X-14.574 Y-21.904 Z50.046 E17.91393
G1 X-12.101 Y-20.91 Z50.056 E19.16732
G1 X-9.806 Y-22.079 Z50.066 E20.37853
G1 X-9.157 Y-24.667 Z50.076 E21.63327
G1 X-8.848 Y-27.331 Z50.087 E22.89446
G1 X-8.363 Y-29.563 Z50.095 E23.96859
G1 X-7.712 Y-30.669 Z50.1 E24.57212
G1 X-6.988 Y-31.03 Z50.104 E24.95257
G1 X-5.728 Y-31.168 Z50.108 E25.54865
G1 X-4.184 Y-31.412 Z50.114 E26.28376
G1 X-2.943 Y-31.672 Z50.119 E26.88003
G1 X-2.142 Y-31.553 Z50.122 E27.26085
G1 X-1.182 Y-30.702 Z50.127 E27.86415
G1 X-0.029 Y-28.727 Z50.136 E28.93961
G1 X1.09 Y-26.291 Z50.146 E30.20027
G1 X2.51 Y-24.035 Z50.156 E31.45386
G1 X5.039 Y-23.635 Z50.166 E32.65795
G1 X7.086 Y-25.342 Z50.176 E33.91137
G1 X8.904 Y-27.314 Z50.187 E35.1727
G1 X10.611 Y-28.838 Z50.195 E36.24882
G1 X11.787 Y-29.349 Z50.2 E36.85181
G1 X12.588 Y-29.214 Z50.203 E37.23381
G1 X13.688 Y-28.586 Z50.208 E37.82947
G1 X15.081 Y-27.875 Z50.214 E38.56495
G1 X16.238 Y-27.355 Z50.219 E39.16147
G1 X16.816 Y-26.787 Z50.222 E39.54257
G1 X17.094 Y-25.538 Z50.227 E40.1443
G1 X16.866 Y-23.247 Z50.236 E41.22701
G1 X16.342 Y-20.628 Z50.246 E42.48305
G1 X16.17 Y-17.968 Z50.256 E43.73657
G1 X17.968 Y-16.171 Z50.266 E44.93201
G1 X20.627 Y-16.344 Z50.276 E46.1851
G1 X23.246 Y-16.869 Z50.287 E47.44123
G1 X25.538 Y-17.097 Z50.295 E48.5244
G1 X26.789 Y-16.818 Z50.3 E49.12716
G1 X27.357 Y-16.239 Z50.303 E49.50859
G1 X27.878 Y-15.082 Z50.308 E50.10531
G1 X28.588 Y-13.69 Z50.314 E50.84016
G1 X29.217 Y-12.59 Z50.319 E51.43605
G1 X29.353 Y-11.787 Z50.322 E51.81905
G1 X28.843 Y-10.609 Z50.327 E52.42272
G1 X27.321 Y-8.899 Z50.336 E53.49927
G1 X25.35 Y-7.078 Z50.346 E54.7612
G1 X23.651 Y-5.026 Z50.356 E56.01403
G1 X24.046 Y-2.53 Z50.366 E57.20243
G1 X26.297 Y-1.105 Z50.376 E58.45528
G1 X28.733 Y0.017 Z50.386 E59.71653
G1 X30.711 Y1.174 Z50.395 E60.79416
G1 X31.562 Y2.14 Z50.4 E61.39958
G1 X31.68 Y2.944 Z50.403 E61.78172
G1 X31.422 Y4.186 Z50.408 E62.37826
G1 X31.178 Y5.729 Z50.414 E63.1129
G1 X31.04 Y6.99 Z50.419 E63.70945
G1 X30.678 Y7.719 Z50.422 E64.09222
G1 X29.57 Y8.375 Z50.427 E64.69775
G1 X27.335 Y8.866 Z50.436 E65.77386
G1 X24.67 Y9.181 Z50.446 E67.03585
G1 X22.09 Y9.847 Z50.456 E68.28891
G1 X20.952 Y12.083 Z50.466 E69.46878
G1 X21.93 Y14.56 Z50.476 E70.72114
G1 X23.237 Y16.895 Z50.486 E71.97953
G1 X24.16 Y19.002 Z50.495 E73.06129
G1 X24.278 Y20.284 Z50.5 E73.66672
;TIME_ELAPSED:460.193639
;LAYER:50
;TYPE:WALL-OUTER
;MESH:two-component-v5.stl
G1 X23.901 Y21.006 Z50.503 E74.04975
G1 X22.965 Y21.858 Z50.508 E74.64497
G1 X21.859 Y22.964 Z50.514 E75.38052
G1 X21.006 Y23.901 Z50.519 E75.97641
G1 X20.284 Y24.279 Z50.522 E76.35966
G1 X19.025 Y24.164 Z50.527 E76.95419
G1 X16.961 Y23.27 Z50.536 E78.01196
G1 X14.657 Y21.99 Z50.546 E79.25143
G1 X12.197 Y21.008 Z50.556 E80.49706
G1 X9.828 Y22.217 Z50.566 E81.74781
G1 X9.178 Y24.784 Z50.576 E82.99309
G1 X8.861 Y27.4 Z50.587 E84.23231
G1 X8.368 Y29.597 Z50.595 E85.29118
G1 X7.722 Y30.682 Z50.6 E85.88501
G1 X6.992 Y31.045 Z50.603 E86.26841
G1 X5.73 Y31.184 Z50.608 E86.86547
G1 X4.188 Y31.428 Z50.614 E87.59965
G1 X2.944 Y31.686 Z50.619 E88.19711
G1 X2.138 Y31.568 Z50.622 E88.58019
G1 X1.186 Y30.734 Z50.627 E89.17538
G1 X0.037 Y28.794 Z50.636 E90.2357
G1 X-1.075 Y26.409 Z50.646 E91.47321
G1 X-2.49 Y24.171 Z50.656 E92.71839
G1 X-5.101 Y23.76 Z50.666 E93.96137
G1 X-7.136 Y25.448 Z50.677 E95.20475
G1 X-8.935 Y27.379 Z50.687 E96.44586
G1 X-10.624 Y28.867 Z50.695 E97.50441
G1 X-11.787 Y29.365 Z50.7 E98.09937
G1 X-12.594 Y29.227 Z50.703 E98.48438
G1 X-13.697 Y28.599 Z50.708 E99.08127
G1 X-15.086 Y27.891 Z50.714 E99.81443
G1 X-16.246 Y27.367 Z50.719 E100.41302
G1 X-16.829 Y26.797 Z50.722 E100.79645
G1 X-17.111 Y25.561 Z50.727 E101.39263
G1 X-16.901 Y23.324 Z50.736 E102.44925
G1 X-16.4 Y20.731 Z50.746 E103.6912
G1 X-16.236 Y18.091 Z50.756 E104.9351
G1 X-18.09 Y16.236 Z50.767 E106.16845
G1 X-20.73 Y16.401 Z50.777 E107.41238
G1 X-23.323 Y16.904 Z50.787 E108.65452
G1 X-25.561 Y17.114 Z50.796 E109.7116
G1 X-26.798 Y16.83 Z50.8 E110.30845
G1 X-27.369 Y16.247 Z50.804 E110.69221
G1 X-27.893 Y15.089 Z50.809 E111.28994
G1 X-28.601 Y13.699 Z50.815 E112.02352
G1 X-29.231 Y12.595 Z50.819 E112.62128
G1 X-29.369 Y11.787 Z50.823 E113.00676
G1 X-28.872 Y10.622 Z50.827 E113.60239
G1 X-27.386 Y8.93 Z50.836 E114.66139
G1 X-25.458 Y7.128 Z50.846 E115.90243
G1 X-23.778 Y5.087 Z50.857 E117.14558
G1 X-24.185 Y2.513 Z50.867 E118.37109
G1 X-26.415 Y1.092 Z50.877 E119.6146
G1 X-28.8 Y-0.024 Z50.887 E120.8529
G1 X-30.742 Y-1.178 Z50.896 E121.91524
G1 X-31.576 Y-2.135 Z50.901 E122.5122
G1 X-31.694 Y-2.944 Z50.904 E122.89667
G1 X-31.437 Y-4.191 Z50.909 E123.49542
G1 X-31.194 Y-5.731 Z50.915 E124.22859
G1 X-31.053 Y-6.995 Z50.92 E124.8267
G1 X-30.691 Y-7.728 Z50.923 E125.21115
G1 X-29.605 Y-8.379 Z50.928 E125.80659
G1 X-27.405 Y-8.879 Z50.936 E126.86756
G1 X-24.788 Y-9.205 Z50.946 E128.10776
G1 X-22.23 Y-9.873 Z50.957 E129.35105
G1 X-21.054 Y-12.178 Z50.967 E130.56794
G1 X-22.018 Y-14.64 Z50.977 E131.81133
G1 X-23.292 Y-16.95 Z50.987 E133.05191
G1 X-24.183 Y-19.023 Z50.996 E134.11301
G1 X-24.293 Y-20.288 Z51.001 E134.71014
G1 X-23.912 Y-21.015 Z51.004 E135.09613
G1 X-22.975 Y-21.869 Z51.009 E135.69233
G1 X-21.87 Y-22.974 Z51.015 E136.42722
G1 X-21.015 Y-23.912 Z51.02 E137.02408
G1 X-20.288 Y-24.294 Z51.023 E137.41029
G1 X-19.023 Y-24.185 Z51.028 E138.00738
G1 X-16.95 Y-23.295 Z51.036 E139.06829
G1 X-14.638 Y-22.023 Z51.046 E140.30924
G1 X-12.175 Y-21.064 Z51.057 E141.55221
G1 X-9.886 Y-22.233 Z51.067 E142.76091
G1 X-9.215 Y-24.788 Z51.077 E144.00318
G1 X-8.887 Y-27.406 Z51.087 E145.24397
G1 X-8.386 Y-29.609 Z51.096 E146.30642
G1 X-7.731 Y-30.695 Z51.101 E146.90283
G1 X-6.996 Y-31.058 Z51.104 E147.28833
G1 X-5.732 Y-31.199 Z51.109 E147.88644
G1 X-4.191 Y-31.443 Z51.115 E148.62015
G1 X-2.945 Y-31.7 Z51.12 E149.21843
G1 X-2.132 Y-31.582 Z51.123 E149.60477
G1 X-1.172 Y-30.75 Z51.128 E150.20218
G1 X-0.012 Y-28.808 Z51.136 E151.26596
G1 X1.11 Y-26.424 Z51.146 E152.50503
G1 X2.542 Y-24.204 Z51.157 E153.74738
G1 X5.062 Y-23.807 Z51.166 E154.94707
G1 X7.109 Y-25.474 Z51.177 E156.18853
G1 X8.917 Y-27.401 Z51.187 E157.43116
G1 X10.616 Y-28.886 Z51.196 E158.49232
G1 X11.787 Y-29.38 Z51.2 E159.09
G1 X12.598 Y-29.241 Z51.204 E159.47695
G1 X13.704 Y-28.612 Z51.209 E160.07529
G1 X15.093 Y-27.904 Z51.215 E160.80845
G1 X16.253 Y-27.378 Z51.219 E161.40743
G1 X16.841 Y-26.806 Z51.223 E161.7932
G1 X17.132 Y-25.566 Z51.228 E162.39217
G1 X16.93 Y-23.321 Z51.236 E163.45219
G1 X16.436 Y-20.724 Z51.246 E164.69537
G1 X16.297 Y-18.087 Z51.257 E165.93719
G1 X18.087 Y-16.297 Z51.266 E167.12764
G1 X20.723 Y-16.438 Z51.277 E168.36904
G1 X23.32 Y-16.933 Z51.287 E169.61231
G1 X25.566 Y-17.135 Z51.295 E170.67279
G1 X26.807 Y-16.843 Z51.3 E171.27233
G1 X27.38 Y-16.254 Z51.304 E171.65877
G1 X27.907 Y-15.095 Z51.308 E172.25751
G1 X28.615 Y-13.706 Z51.314 E172.99067
G1 X29.244 Y-12.599 Z51.319 E173.58942
G1 X29.384 Y-11.787 Z51.323 E173.97692
G1 X28.891 Y-10.614 Z51.327 E174.57528
G1 X27.407 Y-8.911 Z51.336 E175.63755
G1 X25.483 Y-7.1 Z51.346 E176.88011
G1 X23.825 Y-5.047 Z51.357 E178.1211
G1 X24.218 Y-2.564 Z51.366 E179.30331
G1 X26.431 Y-1.126 Z51.376 E180.54443
G1 X28.815 Y0.00 Z51.387 E181.78431
G1 X30.759 Y1.164 Z51.395 E182.84986
G1 X31.59 Y2.129 Z51.4 E183.44874
G1 X31.707 Y2.945 Z51.403 E183.8364
G1 X31.452 Y4.194 Z51.408 E184.43588
G1 X31.209 Y5.734 Z51.414 E185.16905
G1 X31.066 Y6.999 Z51.419 E185.76773
G1 X30.703 Y7.738 Z51.422 E186.15492
G1 X29.616 Y8.398 Z51.427 E186.75295
G1 X27.41 Y8.906 Z51.436 E187.81751
G1 X24.792 Y9.243 Z51.446 E189.05883
G1 X22.245 Y9.932 Z51.456 E190.29965
G1 X21.11 Y12.156 Z51.466 E191.47385
G1 X22.051 Y14.622 Z51.476 E192.71509
G1 X23.318 Y16.938 Z51.486 E193.95656
G1 X24.205 Y19.021 Z51.495 E195.02124
G1 X24.308 Y20.292 Z51.5 E195.62091
;TIME_ELAPSED:466.718972
;LAYER:51
;TYPE:WALL-OUTER
;MESH:two-component-v5.stl
G1 X23.923 Y21.023 Z51.503 E196.00944
G1 X22.983 Y21.881 Z51.508 E196.60795
G1 X21.882 Y22.982 Z51.514 E197.34018
G1 X21.023 Y23.923 Z51.519 E197.93935
G1 X20.292 Y24.309 Z51.522 E198.3281
G1 X19.044 Y24.208 Z51.527 E198.91691
G1 X17.008 Y23.351 Z51.536 E199.95574
G1 X14.725 Y22.114 Z51.546 E201.17683
G1 X12.28 Y21.17 Z51.556 E202.40936
G1 X9.911 Y22.378 Z51.566 E203.6599
G1 X9.238 Y24.91 Z51.577 E204.89196
G1 X8.899 Y27.479 Z51.587 E206.11055
G1 X8.394 Y29.637 Z51.595 E207.15281
G1 X7.741 Y30.707 Z51.6 E207.7423
G1 X7.001 Y31.07 Z51.603 E208.12991
G1 X5.734 Y31.214 Z51.608 E208.72957
G1 X4.195 Y31.458 Z51.614 E209.46235
G1 X2.945 Y31.713 Z51.619 E210.0623
G1 X2.127 Y31.596 Z51.623 E210.45089
G1 X1.174 Y30.781 Z51.628 E211.04059
G1 X0.029 Y28.891 Z51.636 E212.07978
G1 X-1.093 Y26.548 Z51.646 E213.30143
G1 X-2.521 Y24.352 Z51.656 E214.53328
G1 X-5.128 Y23.941 Z51.667 E215.77441
G1 X-7.162 Y25.588 Z51.677 E217.0052
G1 X-8.956 Y27.473 Z51.687 E218.22895
G1 X-10.628 Y28.914 Z51.696 E219.26696
G1 X-11.786 Y29.395 Z51.7 E219.85664
G1 X-12.603 Y29.253 Z51.704 E220.24661
G1 X-13.712 Y28.625 Z51.709 E220.84595
G1 X-15.098 Y27.918 Z51.715 E221.57764
G1 X-16.26 Y27.389 Z51.72 E222.17805
G1 X-16.854 Y26.814 Z51.723 E222.56683
G1 X-17.147 Y25.593 Z51.728 E223.15733
G1 X-16.966 Y23.387 Z51.736 E224.19823
G1 X-16.498 Y20.835 Z51.746 E225.41836
G1 X-16.367 Y18.22 Z51.757 E226.64965
G1 X-18.219 Y16.368 Z51.767 E227.88134
G1 X-20.834 Y16.5 Z51.777 E229.11266
G1 X-23.386 Y16.968 Z51.787 E230.33279
G1 X-25.593 Y17.15 Z51.796 E231.3742
G1 X-26.815 Y16.855 Z51.801 E231.96537
G1 X-27.39 Y16.261 Z51.804 E232.35415
G1 X-27.92 Y15.1 Z51.809 E232.95433
G1 X-28.627 Y13.714 Z51.815 E233.68602
G1 X-29.255 Y12.604 Z51.82 E234.28577
G1 X-29.398 Y11.786 Z51.823 E234.67628
G1 X-28.92 Y10.626 Z51.828 E235.26629
G1 X-27.48 Y8.951 Z51.836 E236.30506
G1 X-25.598 Y7.153 Z51.847 E237.52909
G1 X-23.962 Y5.113 Z51.857 E238.75883
G1 X-24.367 Y2.545 Z51.867 E239.9814
G1 X-26.556 Y1.112 Z51.877 E241.21178
G1 X-28.899 Y-0.015 Z51.887 E242.43446
G1 X-30.789 Y-1.166 Z51.896 E243.47511
G1 X-31.603 Y-2.123 Z51.901 E244.06593
G1 X-31.72 Y-2.946 Z51.904 E244.45686
G1 X-31.466 Y-4.195 Z51.909 E245.05624
G1 X-31.223 Y-5.732 Z51.915 E245.78802
G1 X-31.078 Y-7.002 Z51.92 E246.38914
G1 X-30.713 Y-7.747 Z51.923 E246.77928
G1 X-29.645 Y-8.406 Z51.928 E247.36944
G1 X-27.485 Y-8.919 Z51.937 E248.41348
G1 X-24.914 Y-9.268 Z51.947 E249.63362
G1 X-22.393 Y-9.96 Z51.957 E250.86302
G1 X-21.221 Y-12.26 Z51.967 E252.07696
G1 X-22.145 Y-14.707 Z51.977 E253.30701
G1 X-23.376 Y-16.997 Z51.987 E254.52966
G1 X-24.228 Y-19.042 Z51.996 E255.57148
G1 X-24.322 Y-20.295 Z52.001 E256.16239
G1 X-23.933 Y-21.03 Z52.004 E256.55346
G1 X-22.993 Y-21.891 Z52.009 E257.15292
G1 X-21.892 Y-22.992 Z52.015 E257.88515
G1 X-21.03 Y-23.933 Z52.02 E258.48527
G1 X-20.295 Y-24.323 Z52.023 E258.87656
G1 X-19.042 Y-24.23 Z52.028 E259.46743
G1 X-16.996 Y-23.379 Z52.037 E260.50951
G1 X-14.705 Y-22.15 Z52.047 E261.73212
G1 X-12.256 Y-21.233 Z52.057 E262.9619
G1 X-9.975 Y-22.396 Z52.067 E264.16596
G1 X-9.279 Y-24.915 Z52.077 E265.39495
G1 X-8.929 Y-27.486 Z52.087 E266.61516
G1 X-8.412 Y-29.649 Z52.096 E267.661
G1 X-7.75 Y-30.717 Z52.101 E268.2519
G1 X-7.003 Y-31.082 Z52.104 E268.64289
G1 X-5.735 Y-31.227 Z52.109 E269.24307
G1 X-4.197 Y-31.471 Z52.115 E269.97539
G1 X-2.947 Y-31.725 Z52.12 E270.57524
G1 X-2.121 Y-31.609 Z52.123 E270.96749
G1 X-1.16 Y-30.797 Z52.128 E271.55914
G1 X-0.002 Y-28.907 Z52.137 E272.60151
G1 X1.132 Y-26.566 Z52.147 E273.82477
G1 X2.577 Y-24.388 Z52.157 E275.05393
G1 X5.087 Y-23.993 Z52.167 E276.24883
G1 X7.132 Y-25.617 Z52.177 E277.47689
G1 X8.936 Y-27.496 Z52.187 E278.70184
G1 X10.62 Y-28.934 Z52.196 E279.74322
G1 X11.784 Y-29.409 Z52.201 E280.33443
G1 X12.607 Y-29.263 Z52.204 E280.72751
G1 X13.718 Y-28.637 Z52.209 E281.3272
G1 X15.104 Y-27.93 Z52.215 E282.0589
G1 X16.266 Y-27.399 Z52.22 E282.6597
G1 X16.866 Y-26.82 Z52.223 E283.05181
G1 X17.168 Y-25.598 Z52.228 E283.64377
G1 X16.995 Y-23.384 Z52.237 E284.68812
G1 X16.538 Y-20.827 Z52.247 E285.90964
G1 X16.434 Y-18.217 Z52.257 E287.13802
G1 X18.216 Y-16.435 Z52.267 E288.32315
G1 X20.826 Y-16.541 Z52.277 E289.55156
G1 X23.383 Y-16.997 Z52.287 E290.77301
G1 X25.599 Y-17.171 Z52.296 E291.81833
G1 X26.821 Y-16.868 Z52.3 E292.41039
G1 X27.401 Y-16.267 Z52.304 E292.80317
G1 X27.932 Y-15.106 Z52.309 E293.40355
G1 X28.639 Y-13.72 Z52.315 E294.13524
G1 X29.265 Y-12.608 Z52.32 E294.73535
G1 X29.412 Y-11.784 Z52.323 E295.12897
G1 X28.939 Y-10.618 Z52.328 E295.7207
G1 X27.503 Y-8.931 Z52.336 E296.76253
G1 X25.626 Y-7.122 Z52.347 E297.98845
G1 X24.013 Y-5.072 Z52.357 E299.21514
G1 X24.403 Y-2.6 Z52.366 E300.39202
G1 X26.574 Y-1.15 Z52.377 E301.61975
G1 X28.914 Y-0.011 Z52.387 E302.84361
G1 X30.806 Y1.152 Z52.395 E303.88801
G1 X31.615 Y2.117 Z52.4 E304.48019
G1 X31.732 Y2.948 Z52.403 E304.87484
G1 X31.479 Y4.198 Z52.408 E305.47459
G1 X31.236 Y5.735 Z52.415 E306.20637
G1 X31.089 Y7.005 Z52.419 E306.8076
G1 X30.723 Y7.757 Z52.423 E307.2009
G1 X29.656 Y8.424 Z52.428 E307.79265
G1 X27.491 Y8.949 Z52.436 E308.84029
G1 X24.919 Y9.31 Z52.446 E310.06167
G1 X22.41 Y10.025 Z52.457 E311.28855
G1 X21.284 Y12.237 Z52.466 E312.4558
G1 X22.181 Y14.688 Z52.476 E313.68319
G1 X23.404 Y16.985 Z52.486 E314.90696
G1 X24.25 Y19.04 Z52.495 E315.95205
G1 X24.336 Y20.298 Z52.5 E316.54503
;TIME_ELAPSED:473.187734
;LAYER:52
;TYPE:WALL-OUTER
;MESH:two-component-v5.stl
G1 X23.942 Y21.037 Z52.503 E316.93886
G1 X23 Y21.903 Z52.508 E317.54061
G1 X21.904 Y22.999 Z52.514 E318.26951
G1 X21.037 Y23.942 Z52.519 E318.87192
G1 X20.298 Y24.337 Z52.523 E319.26598
G1 X19.057 Y24.253 Z52.528 E319.85091
G1 X17.05 Y23.434 Z52.536 E320.8703
G1 X14.796 Y22.246 Z52.546 E322.0685
G1 X12.369 Y21.346 Z52.556 E323.28579
G1 X10.001 Y22.551 Z52.567 E324.53527
G1 X9.304 Y25.045 Z52.577 E325.75306
G1 X8.939 Y27.573 Z52.587 E326.95422
G1 X8.422 Y29.673 Z52.595 E327.97127
G1 X7.76 Y30.727 Z52.6 E328.55659
G1 X7.005 Y31.093 Z52.604 E328.95116
G1 X5.735 Y31.241 Z52.609 E329.55245
G1 X4.2 Y31.484 Z52.615 E330.2833
G1 X2.948 Y31.736 Z52.62 E330.88388
G1 X2.114 Y31.621 Z52.623 E331.27979
G1 X1.159 Y30.824 Z52.628 E331.86475
G1 X0.016 Y28.987 Z52.636 E332.8822
G1 X-1.115 Y26.699 Z52.646 E334.08245
G1 X-2.552 Y24.547 Z52.657 E335.29936
G1 X-5.156 Y24.134 Z52.667 E336.53924
G1 X-7.19 Y25.737 Z52.677 E337.75711
G1 X-8.969 Y27.564 Z52.687 E338.95632
G1 X-10.627 Y28.96 Z52.696 E339.97559
G1 X-11.782 Y29.422 Z52.701 E340.56059
G1 X-12.611 Y29.273 Z52.704 E340.95669
G1 X-13.726 Y28.647 Z52.709 E341.55803
G1 X-15.107 Y27.944 Z52.715 E342.28677
G1 X-16.271 Y27.409 Z52.72 E342.88921
G1 X-16.878 Y26.826 Z52.723 E343.285
G1 X-17.185 Y25.618 Z52.728 E343.87114
G1 X-17.032 Y23.467 Z52.737 E344.88525
G1 X-16.603 Y20.943 Z52.747 E346.08922
G1 X-16.509 Y18.358 Z52.757 E347.30567
G1 X-18.358 Y16.51 Z52.767 E348.53503
G1 X-20.942 Y16.605 Z52.777 E349.75102
G1 X-23.466 Y17.035 Z52.787 E350.95508
G1 X-25.618 Y17.189 Z52.796 E351.96968
G1 X-26.827 Y16.88 Z52.801 E352.55651
G1 X-27.41 Y16.272 Z52.804 E352.95264
G1 X-27.945 Y15.109 Z52.809 E353.55466
G1 X-28.65 Y13.726 Z52.815 E354.28467
G1 X-29.275 Y12.612 Z52.82 E354.88536
G1 X-29.425 Y11.781 Z52.823 E355.28247
G1 X-28.966 Y10.625 Z52.828 E355.86738
G1 X-27.572 Y8.964 Z52.837 E356.88713
G1 X-25.748 Y7.179 Z52.847 E358.0873
G1 X-24.157 Y5.14 Z52.857 E359.30354
G1 X-24.563 Y2.579 Z52.867 E360.52294
G1 X-26.707 Y1.134 Z52.877 E361.73881
G1 X-28.995 Y-0.001 Z52.887 E362.9399
G1 X-30.832 Y-1.151 Z52.896 E363.95909
G1 X-31.626 Y-2.111 Z52.901 E364.54496
G1 X-31.742 Y-2.948 Z52.904 E364.94233
G1 X-31.491 Y-4.203 Z52.909 E365.54421
G1 X-31.249 Y-5.735 Z52.915 E366.27359
G1 X-31.099 Y-7.007 Z52.92 E366.87591
G1 X-30.732 Y-7.766 Z52.924 E367.27239
G1 X-29.681 Y-8.433 Z52.928 E367.85777
G1 X-27.58 Y-8.96 Z52.937 E368.87641
G1 X-25.05 Y-9.336 Z52.947 E370.07925
G1 X-22.567 Y-10.056 Z52.957 E371.29503
G1 X-21.402 Y-12.348 Z52.967 E372.50412
G1 X-22.279 Y-14.777 Z52.977 E373.71858
G1 X-23.46 Y-17.038 Z52.987 E374.91816
G1 X-24.272 Y-19.055 Z52.996 E375.94067
G1 X-24.348 Y-20.298 Z53.001 E376.52631
G1 X-23.949 Y-21.043 Z53.004 E376.92374
G1 X-23.008 Y-21.912 Z53.009 E377.52609
G1 X-21.912 Y-23.008 Z53.015 E378.255
G1 X-21.043 Y-23.949 Z53.02 E378.85735
G1 X-20.299 Y-24.349 Z53.024 E379.25459
G1 X-19.055 Y-24.274 Z53.028 E379.84067
G1 X-17.038 Y-23.464 Z53.037 E380.86282
G1 X-14.775 Y-22.285 Z53.047 E382.06281
G1 X-12.344 Y-21.415 Z53.057 E383.27703
G1 X-10.072 Y-22.571 Z53.067 E384.47583
G1 X-9.348 Y-25.051 Z53.077 E385.69078
G1 X-8.969 Y-27.586 Z53.087 E386.89615
G1 X-8.44 Y-29.685 Z53.096 E387.91411
G1 X-7.769 Y-30.735 Z53.101 E388.50011
G1 X-7.007 Y-31.102 Z53.104 E388.89785
G1 X-5.736 Y-31.253 Z53.109 E389.49976
G1 X-4.203 Y-31.496 Z53.115 E390.22968
G1 X-2.948 Y-31.746 Z53.12 E390.83146
G1 X-2.108 Y-31.631 Z53.124 E391.23017
G1 X-1.145 Y-30.84 Z53.128 E391.81623
G1 X0.012 Y-29.004 Z53.137 E392.83678
G1 X1.155 Y-26.718 Z53.147 E394.0387
G1 X2.614 Y-24.588 Z53.157 E395.25283
G1 X5.112 Y-24.192 Z53.167 E396.44222
G1 X7.157 Y-25.769 Z53.177 E397.65666
G1 X8.949 Y-27.589 Z53.187 E398.85779
G1 X10.619 Y-28.98 Z53.196 E399.87988
G1 X11.779 Y-29.434 Z53.201 E400.46569
G1 X12.615 Y-29.282 Z53.204 E400.86527
G1 X13.732 Y-28.657 Z53.209 E401.4672
G1 X15.113 Y-27.954 Z53.215 E402.19594
G1 X16.277 Y-27.417 Z53.22 E402.79878
G1 X16.889 Y-26.832 Z53.223 E403.19692
G1 X17.206 Y-25.623 Z53.228 E403.78469
G1 X17.064 Y-23.467 Z53.237 E404.80078
G1 X16.647 Y-20.935 Z53.247 E406.00754
G1 X16.581 Y-18.355 Z53.257 E407.22123
G1 X18.355 Y-16.582 Z53.267 E408.40071
G1 X20.934 Y-16.65 Z53.277 E409.61395
G1 X23.464 Y-17.067 Z53.287 E410.81978
G1 X25.624 Y-17.209 Z53.296 E411.83775
G1 X26.833 Y-16.891 Z53.301 E412.42564
G1 X27.418 Y-16.278 Z53.304 E412.82412
G1 X27.956 Y-15.114 Z53.309 E413.42716
G1 X28.659 Y-13.733 Z53.315 E414.1559
G1 X29.285 Y-12.616 Z53.32 E414.75806
G1 X29.437 Y-11.778 Z53.323 E415.15857
G1 X28.985 Y-10.617 Z53.328 E415.74447
G1 X27.596 Y-8.943 Z53.337 E416.76741
G1 X25.779 Y-7.146 Z53.347 E417.96918
G1 X24.214 Y-5.095 Z53.357 E419.18242
G1 X24.605 Y-2.64 Z53.367 E420.35148
G1 X26.726 Y-1.173 Z53.377 E421.56425
G1 X29.012 Y-0.026 Z53.387 E422.76702
G1 X30.849 Y1.138 Z53.395 E423.78972
G1 X31.637 Y2.104 Z53.4 E424.37598
G1 X31.751 Y2.948 Z53.404 E424.77649
G1 X31.503 Y4.205 Z53.409 E425.37901
G1 X31.26 Y5.737 Z53.415 E426.10846
G1 X31.108 Y7.009 Z53.42 E426.7109
G1 X30.741 Y7.775 Z53.423 E427.11034
G1 X29.692 Y8.451 Z53.428 E427.69721
G1 X27.587 Y8.992 Z53.437 E428.71929
G1 X25.056 Y9.381 Z53.447 E429.92351
G1 X22.587 Y10.127 Z53.457 E431.13645
G1 X21.471 Y12.323 Z53.466 E432.29486
G1 X22.319 Y14.756 Z53.477 E433.50653
G1 X23.49 Y17.026 Z53.487 E434.7077
G1 X24.293 Y19.054 Z53.495 E435.73344
G1 X24.361 Y20.299 Z53.5 E436.3198
;TIME_ELAPSED:479.593389
;LAYER:53
;TYPE:WALL-OUTER
;MESH:two-component-v5.stl
G1 X23.956 Y21.049 Z53.503 E436.72064
G1 X23.015 Y21.921 Z53.508 E437.32395
G1 X21.921 Y23.015 Z53.515 E438.05153
G1 X21.049 Y23.956 Z53.52 E438.65484
G1 X20.299 Y24.362 Z53.523 E439.0559
G1 X19.068 Y24.295 Z53.528 E439.63566
G1 X17.109 Y23.527 Z53.536 E440.62518
G1 X14.87 Y22.385 Z53.546 E441.80716
G1 X12.46 Y21.534 Z53.556 E443.00908
G1 X10.099 Y22.738 Z53.567 E444.25542
G1 X9.374 Y25.187 Z53.577 E445.45651
G1 X8.984 Y27.662 Z53.587 E446.63479
G1 X8.449 Y29.708 Z53.595 E447.6293
G1 X7.778 Y30.743 Z53.6 E448.20937
G1 X7.01 Y31.112 Z53.604 E448.61006
G1 X5.737 Y31.264 Z53.609 E449.21296
G1 X4.206 Y31.507 Z53.615 E449.94196
G1 X2.948 Y31.755 Z53.62 E450.54494
G1 X2.101 Y31.641 Z53.623 E450.94685
G1 X1.145 Y30.868 Z53.628 E451.525
G1 X-0.001 Y29.082 Z53.637 E452.52293
G1 X-1.137 Y26.854 Z53.647 E453.69903
G1 X-2.591 Y24.753 Z53.657 E454.90059
G1 X-5.186 Y24.342 Z53.667 E456.13614
G1 X-7.215 Y25.893 Z53.677 E457.33716
G1 X-8.991 Y27.666 Z53.687 E458.51731
G1 X-10.623 Y29.004 Z53.696 E459.50975
G1 X-11.776 Y29.445 Z53.701 E460.09027
G1 X-12.618 Y29.291 Z53.704 E460.49281
G1 X-13.739 Y28.666 Z53.709 E461.09638
G1 X-15.116 Y27.965 Z53.715 E461.82302
G1 X-16.282 Y27.424 Z53.72 E462.4275
G1 X-16.901 Y26.836 Z53.724 E462.82899
G1 X-17.222 Y25.646 Z53.729 E463.40861
G1 X-17.102 Y23.536 Z53.737 E464.40248
G1 X-16.715 Y21.055 Z53.747 E465.58332
G1 X-16.661 Y18.505 Z53.757 E466.78277
G1 X-18.504 Y16.662 Z53.767 E468.00848
G1 X-21.054 Y16.717 Z53.778 E469.20794
G1 X-23.535 Y17.105 Z53.787 E470.38885
G1 X-25.646 Y17.225 Z53.796 E471.38319
G1 X-26.833 Y16.903 Z53.801 E471.96157
G1 X-27.426 Y16.282 Z53.804 E472.36537
G1 X-27.966 Y15.118 Z53.809 E472.9688
G1 X-28.669 Y13.739 Z53.815 E473.69671
G1 X-29.293 Y12.618 Z53.82 E474.30005
G1 X-29.448 Y11.775 Z53.824 E474.70313
G1 X-29.01 Y10.622 Z53.829 E475.28315
G1 X-27.675 Y8.985 Z53.837 E476.27652
G1 X-25.906 Y7.204 Z53.847 E477.457
G1 X-24.367 Y5.168 Z53.857 E478.65723
G1 X-24.772 Y2.619 Z53.867 E479.87098
G1 X-26.864 Y1.158 Z53.878 E481.07094
G1 X-29.09 Y0.016 Z53.888 E482.24748
G1 X-30.876 Y-1.137 Z53.896 E483.24719
G1 X-31.647 Y-2.097 Z53.901 E483.82622
G1 X-31.759 Y-2.948 Z53.904 E484.22987
G1 X-31.513 Y-4.209 Z53.909 E484.83406
G1 X-31.271 Y-5.736 Z53.916 E485.56112
G1 X-31.116 Y-7.012 Z53.921 E486.16559
G1 X-30.748 Y-7.784 Z53.924 E486.56778
G1 X-29.717 Y-8.461 Z53.929 E487.14781
G1 X-27.668 Y-9.006 Z53.937 E488.14489
G1 X-25.194 Y-9.409 Z53.947 E489.32366
G1 X-22.757 Y-10.157 Z53.957 E490.52248
G1 X-21.595 Y-12.438 Z53.968 E491.72633
G1 X-22.422 Y-14.85 Z53.978 E492.92543
G1 X-23.556 Y-17.097 Z53.988 E494.10907
G1 X-24.315 Y-19.066 Z53.996 E495.10143
G1 X-24.372 Y-20.299 Z54.001 E495.68189
G1 X-23.963 Y-21.054 Z54.004 E496.0857
G1 X-23.023 Y-21.929 Z54.009 E496.68962
G1 X-21.929 Y-23.023 Z54.016 E497.4172
G1 X-21.054 Y-23.963 Z54.021 E498.02113
G1 X-20.298 Y-24.373 Z54.024 E498.42557
G1 X-19.066 Y-24.317 Z54.029 E499.00553
G1 X-17.096 Y-23.559 Z54.037 E499.99817
G1 X-14.847 Y-22.429 Z54.047 E501.1818
G1 X-12.434 Y-21.609 Z54.057 E502.38029
G1 X-10.175 Y-22.761 Z54.067 E503.57278
G1 X-9.423 Y-25.195 Z54.078 E504.7708
G1 X-9.017 Y-27.671 Z54.088 E505.95073
G1 X-8.467 Y-29.72 Z54.096 E506.94842
G1 X-7.788 Y-30.75 Z54.101 E507.52858
G1 X-7.013 Y-31.119 Z54.104 E507.93224
G1 X-5.738 Y-31.274 Z54.109 E508.53624
G1 X-4.209 Y-31.517 Z54.116 E509.26431
G1 X-2.948 Y-31.763 Z54.121 E509.86849
G1 X-2.094 Y-31.651 Z54.124 E510.27354
G1 X-1.131 Y-30.885 Z54.129 E510.8522
G1 X0.03 Y-29.1 Z54.137 E511.85357
G1 X1.182 Y-26.876 Z54.147 E513.03142
G1 X2.656 Y-24.799 Z54.157 E514.22914
G1 X5.138 Y-24.406 Z54.167 E515.41089
G1 X7.18 Y-25.928 Z54.177 E516.60857
G1 X8.969 Y-27.693 Z54.187 E517.79041
G1 X10.616 Y-29.024 Z54.196 E518.78624
G1 X11.773 Y-29.456 Z54.201 E519.36703
G1 X12.619 Y-29.299 Z54.204 E519.77167
G1 X13.744 Y-28.675 Z54.209 E520.37665
G1 X15.121 Y-27.974 Z54.215 E521.10329
G1 X16.285 Y-27.432 Z54.221 E521.70712
G1 X16.913 Y-26.837 Z54.224 E522.11395
G1 X17.243 Y-25.651 Z54.229 E522.69287
G1 X17.137 Y-23.533 Z54.237 E523.69015
G1 X16.763 Y-21.047 Z54.247 E524.87239
G1 X16.741 Y-18.503 Z54.257 E526.06879
G1 X18.503 Y-16.742 Z54.267 E527.24029
G1 X21.046 Y-16.766 Z54.277 E528.43624
G1 X23.533 Y-17.14 Z54.287 E529.61894
G1 X25.652 Y-17.246 Z54.296 E530.61669
G1 X26.837 Y-16.915 Z54.301 E531.19529
G1 X27.433 Y-16.286 Z54.304 E531.60278
G1 X27.975 Y-15.122 Z54.309 E532.20661
G1 X28.678 Y-13.745 Z54.315 E532.93367
G1 X29.301 Y-12.619 Z54.32 E533.53884
G1 X29.459 Y-11.772 Z54.324 E533.94403
G1 X29.03 Y-10.614 Z54.329 E534.52477
G1 X27.701 Y-8.963 Z54.337 E535.52147
G1 X25.94 Y-7.169 Z54.347 E536.70367
G1 X24.431 Y-5.12 Z54.357 E537.90036
G1 X24.818 Y-2.684 Z54.367 E539.06029
G1 X26.886 Y-1.202 Z54.377 E540.25675
G1 X29.109 Y-0.045 Z54.387 E541.43527
G1 X30.893 Y1.124 Z54.395 E542.4383
G1 X31.656 Y2.09 Z54.4 E543.01719
G1 X31.767 Y2.948 Z54.404 E543.42405
G1 X31.523 Y4.211 Z54.409 E544.02898
G1 X31.28 Y5.738 Z54.415 E544.75611
G1 X31.124 Y7.015 Z54.42 E545.36111
G1 X30.754 Y7.794 Z54.424 E545.76667
G1 X29.728 Y8.479 Z54.428 E546.34681
G1 X27.677 Y9.04 Z54.437 E547.34676
G1 X25.201 Y9.459 Z54.447 E548.5277
G1 X22.779 Y10.233 Z54.457 E549.72343
G1 X21.67 Y12.413 Z54.467 E550.87365
G1 X22.467 Y14.827 Z54.477 E552.06915
G1 X23.588 Y17.084 Z54.487 E553.25425
G1 X24.337 Y19.065 Z54.495 E554.25021
G1 X24.384 Y20.298 Z54.5 E554.83047
;TIME_ELAPSED:485.929590
;LAYER:54
;TYPE:WALL-OUTER
;MESH:two-component-v5.stl
G1 X23.969 Y21.059 Z54.503 E555.2381
G1 X23.027 Y21.939 Z54.509 E555.84432
G1 X21.939 Y23.027 Z54.515 E556.56791
G1 X21.059 Y23.969 Z54.52 E557.17413
G1 X20.296 Y24.385 Z54.523 E557.5828
G1 X19.076 Y24.339 Z54.528 E558.15694
G1 X17.147 Y23.617 Z54.537 E559.12555
G1 X14.947 Y22.534 Z54.547 E560.2787
G1 X12.557 Y21.733 Z54.557 E561.46408
G1 X10.203 Y22.935 Z54.567 E562.70706
G1 X9.45 Y25.336 Z54.577 E563.8904
G1 X9.031 Y27.75 Z54.587 E565.0426
G1 X8.479 Y29.741 Z54.595 E566.01422
G1 X7.801 Y30.752 Z54.6 E566.58667
G1 X7.016 Y31.126 Z54.604 E566.99559
G1 X5.738 Y31.284 Z54.609 E567.60117
G1 X4.212 Y31.527 Z54.615 E568.32784
G1 X2.948 Y31.77 Z54.62 E568.93314
G1 X2.084 Y31.659 Z54.624 E569.34279
G1 X1.124 Y30.906 Z54.629 E569.91656
G1 X-0.011 Y29.192 Z54.637 E570.8833
G1 X-1.164 Y27.02 Z54.647 E572.03972
G1 X-2.63 Y24.974 Z54.657 E573.22338
G1 X-5.216 Y24.565 Z54.668 E574.45461
G1 X-7.241 Y26.059 Z54.678 E575.63803
G1 X-9.004 Y27.766 Z54.687 E576.79205
G1 X-10.622 Y29.05 Z54.696 E577.76343
G1 X-11.764 Y29.465 Z54.701 E578.33483
G1 X-12.622 Y29.306 Z54.704 E578.74519
G1 X-13.75 Y28.684 Z54.709 E579.35096
G1 X-15.123 Y27.984 Z54.715 E580.07571
G1 X-16.289 Y27.438 Z54.721 E580.68118
G1 X-16.925 Y26.839 Z54.724 E581.09204
G1 X-17.262 Y25.667 Z54.729 E581.66552
G1 X-17.176 Y23.605 Z54.737 E582.63606
G1 X-16.834 Y21.175 Z54.747 E583.79007
G1 X-16.825 Y18.659 Z54.757 E584.97327
G1 X-18.658 Y16.826 Z54.768 E586.19233
G1 X-21.174 Y16.837 Z54.778 E587.37553
G1 X-23.604 Y17.179 Z54.788 E588.52955
G1 X-25.667 Y17.265 Z54.796 E589.50055
G1 X-26.838 Y16.927 Z54.801 E590.07371
G1 X-27.439 Y16.29 Z54.804 E590.48556
G1 X-27.985 Y15.124 Z54.81 E591.09103
G1 X-28.685 Y13.752 Z54.816 E591.81536
G1 X-29.307 Y12.624 Z54.821 E592.42113
G1 X-29.469 Y11.764 Z54.824 E592.83267
G1 X-29.056 Y10.621 Z54.829 E593.4042
G1 X-27.775 Y8.998 Z54.838 E594.37654
G1 X-26.072 Y7.229 Z54.847 E595.53129
G1 X-24.593 Y5.198 Z54.857 E596.71281
G1 X-24.994 Y2.66 Z54.868 E597.92116
G1 X-27.031 Y1.186 Z54.878 E599.10359
G1 X-29.202 Y0.027 Z54.888 E600.26091
G1 X-30.915 Y-1.116 Z54.896 E601.22935
G1 X-31.663 Y-2.08 Z54.901 E601.80315
G1 X-31.774 Y-2.948 Z54.904 E602.21467
G1 X-31.532 Y-4.214 Z54.91 E602.82081
G1 X-31.29 Y-5.736 Z54.916 E603.54555
G1 X-31.13 Y-7.017 Z54.921 E604.15264
G1 X-30.757 Y-7.806 Z54.925 E604.56305
G1 X-29.75 Y-8.491 Z54.929 E605.13579
G1 X-27.759 Y-9.055 Z54.938 E606.10894
G1 X-25.344 Y-9.488 Z54.948 E607.26274
G1 X-22.956 Y-10.266 Z54.958 E608.44384
G1 X-21.8 Y-12.534 Z54.968 E609.64096
G1 X-22.574 Y-14.926 Z54.978 E610.82326
G1 X-23.647 Y-17.135 Z54.988 E611.97815
G1 X-24.358 Y-19.075 Z54.996 E612.94981
G1 X-24.395 Y-20.297 Z55.001 E613.52474
G1 X-23.975 Y-21.063 Z55.005 E613.93556
G1 X-23.034 Y-21.946 Z55.01 E614.5424
G1 X-21.946 Y-23.034 Z55.016 E615.26599
G1 X-21.063 Y-23.975 Z55.021 E615.87283
G1 X-20.295 Y-24.396 Z55.025 E616.2847
G1 X-19.075 Y-24.36 Z55.029 E616.85868
G1 X-17.134 Y-23.651 Z55.038 E617.83046
G1 X-14.923 Y-22.581 Z55.048 E618.98557
G1 X-12.53 Y-21.815 Z55.058 E620.16717
G1 X-10.285 Y-22.961 Z55.068 E621.35252
G1 X-9.502 Y-25.345 Z55.078 E622.53256
G1 X-9.065 Y-27.762 Z55.088 E623.68763
G1 X-8.497 Y-29.754 Z55.096 E624.66174
G1 X-7.81 Y-30.759 Z55.101 E625.23423
G1 X-7.017 Y-31.133 Z55.104 E625.64654
G1 X-5.738 Y-31.294 Z55.11 E626.25277
G1 X-4.214 Y-31.535 Z55.116 E626.97836
G1 X-2.948 Y-31.776 Z55.121 E627.58441
G1 X-2.077 Y-31.668 Z55.125 E627.99715
G1 X-1.11 Y-30.923 Z55.129 E628.5712
G1 X0.04 Y-29.216 Z55.138 E629.53913
G1 X1.211 Y-27.045 Z55.148 E630.69913
G1 X2.7 Y-25.024 Z55.158 E631.87964
G1 X5.166 Y-24.635 Z55.168 E633.05366
G1 X7.204 Y-26.097 Z55.178 E634.23316
G1 X8.981 Y-27.794 Z55.188 E635.38868
G1 X10.615 Y-29.07 Z55.196 E636.36363
G1 X11.76 Y-29.476 Z55.201 E636.93494
G1 X12.626 Y-29.312 Z55.204 E637.34943
G1 X13.754 Y-28.692 Z55.21 E637.95474
G1 X15.127 Y-27.992 Z55.216 E638.67949
G1 X16.293 Y-27.444 Z55.221 E639.28536
G1 X16.936 Y-26.842 Z55.224 E639.69958
G1 X17.283 Y-25.672 Z55.229 E640.27349
G1 X17.212 Y-23.603 Z55.238 E641.24704
G1 X16.887 Y-21.167 Z55.247 E642.40277
G1 X16.91 Y-18.658 Z55.258 E643.58272
G1 X18.658 Y-16.911 Z55.267 E644.74491
G1 X21.166 Y-16.89 Z55.278 E645.92438
G1 X23.603 Y-17.215 Z55.287 E647.08057
G1 X25.673 Y-17.286 Z55.296 E648.0546
G1 X26.842 Y-16.938 Z55.301 E648.62818
G1 X27.445 Y-16.294 Z55.304 E649.04307
G1 X27.993 Y-15.128 Z55.309 E649.64894
G1 X28.693 Y-13.756 Z55.316 E650.37328
G1 X29.313 Y-12.627 Z55.321 E650.979
G1 X29.479 Y-11.76 Z55.324 E651.39412
G1 X29.076 Y-10.614 Z55.329 E651.9654
G1 X27.803 Y-8.974 Z55.337 E652.94172
G1 X26.11 Y-7.191 Z55.347 E654.09798
G1 X24.662 Y-5.147 Z55.357 E655.27596
G1 X25.045 Y-2.729 Z55.367 E656.42725
G1 X27.056 Y-1.233 Z55.377 E657.60593
G1 X29.222 Y-0.058 Z55.387 E658.76476
G1 X30.932 Y1.103 Z55.395 E659.73675
G1 X31.672 Y2.073 Z55.4 E660.31049
G1 X31.78 Y2.948 Z55.404 E660.7251
G1 X31.54 Y4.216 Z55.409 E661.33199
G1 X31.299 Y5.738 Z55.415 E662.05665
G1 X31.137 Y7.018 Z55.42 E662.6634
G1 X30.763 Y7.816 Z55.424 E663.07784
G1 X29.762 Y8.509 Z55.429 E663.65038
G1 X27.769 Y9.09 Z55.437 E664.62664
G1 X25.352 Y9.54 Z55.447 E665.78281
G1 X22.982 Y10.349 Z55.457 E666.96049
G1 X21.883 Y12.508 Z55.467 E668.09977
G1 X22.622 Y14.903 Z55.477 E669.27846
G1 X23.681 Y17.122 Z55.487 E670.43473
G1 X24.38 Y19.074 Z55.495 E671.40977
G1 X24.406 Y20.295 Z55.5 E671.9841
;TIME_ELAPSED:492.191280
;LAYER:55
;TYPE:WALL-OUTER
;MESH:two-component-v5.stl
G1 X23.98 Y21.066 Z55.504 E672.39834
G1 X23.039 Y21.953 Z55.509 E673.00647
G1 X21.954 Y23.038 Z55.515 E673.72805
G1 X21.066 Y23.98 Z55.52 E674.33685
G1 X20.288 Y24.407 Z55.524 E674.7542
G1 X19.086 Y24.382 Z55.529 E675.31958
G1 X17.192 Y23.711 Z55.537 E676.26452
G1 X15.026 Y22.689 Z55.547 E677.39081
G1 X12.659 Y21.946 Z55.557 E678.55748
G1 X10.316 Y23.14 Z55.568 E679.79414
G1 X9.53 Y25.491 Z55.578 E680.9599
G1 X9.08 Y27.844 Z55.587 E682.08649
G1 X8.511 Y29.771 Z55.595 E683.03137
G1 X7.825 Y30.758 Z55.6 E683.59663
G1 X7.018 Y31.139 Z55.604 E684.01631
G1 X5.738 Y31.303 Z55.609 E684.62317
G1 X4.22 Y31.543 Z55.615 E685.3459
G1 X2.948 Y31.782 Z55.621 E685.95455
G1 X2.065 Y31.672 Z55.624 E686.37301
G1 X1.105 Y30.946 Z55.629 E686.93903
G1 X-0.035 Y29.29 Z55.637 E687.88448
G1 X-1.192 Y27.193 Z55.647 E689.01077
G1 X-2.673 Y25.206 Z55.657 E690.1762
G1 X-5.246 Y24.799 Z55.668 E691.40124
G1 X-7.267 Y26.232 Z55.678 E692.56632
G1 X-9.024 Y27.875 Z55.688 E693.69756
G1 X-10.609 Y29.091 Z55.696 E694.63702
G1 X-11.751 Y29.485 Z55.701 E695.20513
G1 X-12.625 Y29.318 Z55.704 E695.62358
G1 X-13.76 Y28.698 Z55.71 E696.23178
G1 X-15.128 Y28.001 Z55.716 E696.95379
G1 X-16.297 Y27.448 Z55.721 E697.56194
G1 X-16.948 Y26.836 Z55.725 E697.98213
G1 X-17.301 Y25.688 Z55.73 E698.54694
G1 X-17.252 Y23.682 Z55.738 E699.49058
G1 X-16.96 Y21.296 Z55.748 E700.62101
G1 X-16.996 Y18.822 Z55.758 E701.78458
G1 X-18.821 Y16.999 Z55.768 E702.99764
G1 X-21.295 Y16.963 Z55.778 E704.16121
G1 X-23.681 Y17.255 Z55.788 E705.29164
G1 X-25.688 Y17.304 Z55.796 E706.23575
G1 X-26.836 Y16.951 Z55.801 E706.80056
G1 X-27.449 Y16.297 Z55.805 E707.2221
G1 X-28.001 Y15.129 Z55.81 E707.82962
G1 X-28.699 Y13.76 Z55.816 E708.55227
G1 X-29.318 Y12.628 Z55.821 E709.159
G1 X-29.488 Y11.751 Z55.825 E709.57911
G1 X-29.098 Y10.611 Z55.83 E710.14572
G1 X-27.885 Y9.018 Z55.838 E711.08731
G1 X-26.247 Y7.255 Z55.848 E712.21901
G1 X-24.829 Y5.227 Z55.858 E713.38272
G1 X-25.229 Y2.705 Z55.868 E714.58356
G1 X-27.205 Y1.216 Z55.878 E715.7471
G1 X-29.3 Y0.051 Z55.888 E716.87439
G1 X-30.955 Y-1.097 Z55.896 E717.8216
G1 X-31.676 Y-2.061 Z55.901 E718.38771
G1 X-31.785 Y-2.948 Z55.905 E718.80797
G1 X-31.548 Y-4.22 Z55.91 E719.41645
G1 X-31.308 Y-5.735 Z55.916 E720.13779
G1 X-31.141 Y-7.019 Z55.921 E720.7467
G1 X-30.763 Y-7.829 Z55.925 E721.16705
G1 X-29.777 Y-8.526 Z55.93 E721.73489
G1 X-27.852 Y-9.105 Z55.938 E722.68022
G1 X-25.499 Y-9.571 Z55.948 E723.80825
G1 X-23.164 Y-10.384 Z55.958 E724.97098
G1 X-22.018 Y-12.636 Z55.968 E726.15926
G1 X-22.734 Y-15.003 Z55.978 E727.3222
G1 X-23.742 Y-17.18 Z55.988 E728.45039
G1 X-24.402 Y-19.085 Z55.996 E729.39849
G1 X-24.416 Y-20.287 Z56.001 E729.96379
G1 X-23.984 Y-21.069 Z56.005 E730.38393
G1 X-23.044 Y-21.959 Z56.01 E730.99268
G1 X-21.959 Y-23.044 Z56.016 E731.71427
G1 X-21.069 Y-23.984 Z56.022 E732.32303
G1 X-20.287 Y-24.417 Z56.025 E732.74339
G1 X-19.085 Y-24.404 Z56.03 E733.30868
G1 X-17.179 Y-23.746 Z56.038 E734.25692
G1 X-15 Y-22.741 Z56.048 E735.38538
G1 X-12.631 Y-22.035 Z56.058 E736.54786
G1 X-10.404 Y-23.171 Z56.068 E737.72353
G1 X-9.586 Y-25.502 Z56.078 E738.88526
G1 X-9.117 Y-27.855 Z56.088 E740.01357
G1 X-8.529 Y-29.784 Z56.096 E740.96193
G1 X-7.833 Y-30.764 Z56.101 E741.52719
G1 X-7.019 Y-31.143 Z56.105 E741.94945
G1 X-5.737 Y-31.311 Z56.11 E742.55748
G1 X-4.221 Y-31.55 Z56.116 E743.27922
G1 X-2.949 Y-31.787 Z56.121 E743.88769
G1 X-2.059 Y-31.68 Z56.125 E744.30924
G1 X-1.092 Y-30.963 Z56.13 E744.87536
G1 X0.067 Y-29.311 Z56.138 E745.82437
G1 X1.243 Y-27.221 Z56.148 E746.95214
G1 X2.748 Y-25.262 Z56.158 E748.11387
G1 X5.193 Y-24.875 Z56.168 E749.27799
G1 X7.228 Y-26.274 Z56.178 E750.43931
G1 X9.001 Y-27.906 Z56.188 E751.57255
G1 X10.604 Y-29.113 Z56.196 E752.51619
G1 X11.748 Y-29.495 Z56.201 E753.08337
G1 X12.626 Y-29.322 Z56.205 E753.50421
G1 X13.764 Y-28.704 Z56.21 E754.1132
G1 X15.131 Y-28.007 Z56.216 E754.83479
G1 X16.299 Y-27.451 Z56.221 E755.44312
G1 X16.958 Y-26.839 Z56.225 E755.86606
G1 X17.322 Y-25.694 Z56.23 E756.43107
G1 X17.291 Y-23.681 Z56.238 E757.37783
G1 X17.016 Y-21.289 Z56.248 E758.51012
G1 X17.09 Y-18.823 Z56.258 E759.67032
G1 X18.822 Y-17.092 Z56.268 E760.82187
G1 X21.288 Y-17.02 Z56.278 E761.98205
G1 X23.68 Y-17.294 Z56.288 E763.11428
G1 X25.694 Y-17.325 Z56.296 E764.06151
G1 X26.839 Y-16.96 Z56.301 E764.62667
G1 X27.452 Y-16.299 Z56.304 E765.05061
G1 X28.008 Y-15.132 Z56.31 E765.65852
G1 X28.705 Y-13.764 Z56.316 E766.38053
G1 X29.323 Y-12.627 Z56.321 E766.98911
G1 X29.498 Y-11.747 Z56.325 E767.41105
G1 X29.119 Y-10.604 Z56.33 E767.97734
G1 X27.915 Y-8.994 Z56.338 E768.92277
G1 X26.288 Y-7.215 Z56.348 E770.05649
G1 X24.904 Y-5.173 Z56.358 E771.21656
G1 X25.285 Y-2.779 Z56.368 E772.35655
G1 X27.233 Y-1.267 Z56.378 E773.5162
G1 X29.322 Y-0.083 Z56.387 E774.64541
G1 X30.972 Y1.085 Z56.396 E775.59608
G1 X31.684 Y2.055 Z56.4 E776.16194
G1 X31.79 Y2.949 Z56.404 E776.5853
G1 X31.555 Y4.222 Z56.409 E777.19407
G1 X31.316 Y5.737 Z56.416 E777.91534
G1 X31.145 Y7.02 Z56.421 E778.52403
G1 X30.768 Y7.838 Z56.424 E778.94759
G1 X29.793 Y8.542 Z56.429 E779.51314
G1 X27.863 Y9.143 Z56.438 E780.46374
G1 X25.51 Y9.627 Z56.447 E781.59345
G1 X23.194 Y10.472 Z56.457 E782.75282
G1 X22.107 Y12.609 Z56.467 E783.88032
G1 X22.787 Y14.978 Z56.477 E785.03937
G1 X23.778 Y17.167 Z56.487 E786.16936
G1 X24.425 Y19.085 Z56.495 E787.12127
G1 X24.427 Y20.287 Z56.5 E787.68653
;TIME_ELAPSED:498.373324
;LAYER:56
;TYPE:WALL-OUTER
;MESH:two-component-v5.stl
G1 X24 Y21.049 Z56.504 E788.09731
G1 X23.043 Y21.968 Z56.509 E788.72126
G1 X21.968 Y23.043 Z56.515 E789.4362
G1 X21.049 Y23.997 Z56.521 E790.05914
G1 X20.191 Y24.425 Z56.525 E790.51004
G1 X18.992 Y24.393 Z56.53 E791.07409
G1 X17.135 Y23.765 Z56.538 E791.99597
G1 X15.001 Y22.803 Z56.547 E793.09677
G1 X12.675 Y22.139 Z56.557 E794.23431
G1 X10.462 Y23.265 Z56.568 E795.40199
G1 X9.631 Y25.539 Z56.578 E796.54054
G1 X9.154 Y27.839 Z56.587 E797.64517
G1 X8.57 Y29.699 Z56.595 E798.56197
G1 X7.886 Y30.689 Z56.6 E799.12785
G1 X7.038 Y31.123 Z56.604 E799.57583
G1 X5.726 Y31.304 Z56.61 E800.19867
G1 X4.227 Y31.541 Z56.616 E800.91236
G1 X2.923 Y31.772 Z56.621 E801.53513
G1 X1.985 Y31.622 Z56.625 E801.98185
G1 X1.032 Y30.896 Z56.63 E802.54525
G1 X-.102 Y29.306 Z56.638 E803.46366
G1 X-1.27 Y27.268 Z56.648 E804.56831
G1 X-2.766 Y25.368 Z56.658 E805.70554
G1 X-5.205 Y24.978 Z56.668 E806.86709
G1 X-7.218 Y26.325 Z56.678 E808.00613
G1 X-8.957 Y27.899 Z56.688 E809.10917
G1 X-10.527 Y29.06 Z56.696 E810.02743
G1 X-11.659 Y29.452 Z56.701 E810.59079
G1 X-12.598 Y29.304 Z56.705 E811.03783
G1 X-13.793 Y28.664 Z56.71 E811.67531
G1 X-15.113 Y27.991 Z56.716 E812.37209
G1 X-16.301 Y27.413 Z56.722 E812.99339
G1 X-16.972 Y26.744 Z56.726 E813.43898
G1 X-17.322 Y25.601 Z56.731 E814.00113
G1 X-17.307 Y23.645 Z56.739 E814.921
G1 X-17.06 Y21.313 Z56.748 E816.0238
G1 X-17.159 Y18.896 Z56.758 E817.16139
G1 X-18.895 Y17.16 Z56.769 E818.31593
G1 X-21.312 Y17.06 Z56.779 E819.45354
G1 X-23.644 Y17.306 Z56.788 E820.55629
G1 X-25.6 Y17.318 Z56.796 E821.47615
G1 X-26.742 Y16.966 Z56.801 E822.03813
G1 X-27.404 Y16.294 Z56.805 E822.48174
G1 X-27.98 Y15.109 Z56.811 E823.10135
G1 X-28.669 Y13.754 Z56.817 E823.81621
G1 X-29.288 Y12.597 Z56.822 E824.43329
G1 X-29.442 Y11.663 Z56.826 E824.87845
G1 X-29.056 Y10.531 Z56.831 E825.44089
G1 X-27.9 Y8.958 Z56.839 E826.3589
G1 X-26.331 Y7.213 Z56.849 E827.46245
G1 X-24.995 Y5.195 Z56.859 E828.60058
G1 X-25.38 Y2.784 Z56.869 E829.74876
G1 X-27.272 Y1.279 Z56.879 E830.88567
G1 X-29.304 Y0.101 Z56.889 E831.99022
G1 X-30.888 Y-1.04 Z56.897 E832.90826
G1 X-31.6 Y-1.999 Z56.901 E833.46995
G1 X-31.735 Y-2.926 Z56.905 E833.91049
G1 X-31.505 Y-4.221 Z56.911 E834.52902
G1 X-31.262 Y-5.756 Z56.917 E835.25987
G1 X-31.086 Y-7.019 Z56.922 E835.85956
G1 X-30.671 Y-7.861 Z56.926 E836.30101
G1 X-29.695 Y-8.555 Z56.931 E836.86419
G1 X-27.84 Y-9.152 Z56.939 E837.7806
G1 X-25.543 Y-9.646 Z56.949 E838.88551
G1 X-23.28 Y-10.498 Z56.959 E840.02265
G1 X-22.177 Y-12.663 Z56.969 E841.1653
G1 X-22.819 Y-14.993 Z56.979 E842.30186
G1 X-23.764 Y-17.134 Z56.989 E843.40241
G1 X-24.373 Y-18.998 Z56.997 E844.32459
G1 X-24.38 Y-20.19 Z57.002 E844.88516
G1 X-23.942 Y-21.017 Z57.005 E845.32525
G1 X-22.999 Y-21.924 Z57.011 E845.94055
G1 X-21.923 Y-22.998 Z57.017 E846.65549
G1 X-21.016 Y-23.94 Z57.022 E847.27044
G1 X-20.191 Y-24.378 Z57.026 E847.7097
G1 X-18.999 Y-24.372 Z57.031 E848.27027
G1 X-17.135 Y-23.764 Z57.039 E849.1923
G1 X-14.992 Y-22.822 Z57.049 E850.29315
G1 X-12.661 Y-22.187 Z57.059 E851.42929
G1 X-10.509 Y-23.283 Z57.069 E852.565
G1 X-9.652 Y-25.543 Z57.079 E853.70165
G1 X-9.152 Y-27.839 Z57.089 E854.80669
G1 X-8.549 Y-29.692 Z57.097 E855.72308
G1 X-7.848 Y-30.661 Z57.102 E856.28551
G1 X-7.011 Y-31.064 Z57.105 E856.72237
G1 X-5.716 Y-31.242 Z57.111 E857.33709
G1 X-4.217 Y-31.48 Z57.117 E858.05085
G1 X-2.93 Y-31.708 Z57.122 E858.66551
G1 X-2.012 Y-31.584 Z57.126 E859.10114
G1 X-1.049 Y-30.883 Z57.131 E859.66129
G1 X0.1 Y-29.304 Z57.139 E860.57963
G1 X1.289 Y-27.279 Z57.149 E861.68394
G1 X2.806 Y-25.398 Z57.159 E862.82034
G1 X5.177 Y-25.021 Z57.169 E863.94935
G1 X7.203 Y-26.342 Z57.179 E865.08675
G1 X8.958 Y-27.899 Z57.188 E866.19006
G1 X10.54 Y-29.043 Z57.196 E867.10816
G1 X11.674 Y-29.408 Z57.201 E867.66839
G1 X12.585 Y-29.239 Z57.205 E868.10411
G1 X13.766 Y-28.609 Z57.211 E868.73358
G1 X15.085 Y-27.935 Z57.217 E869.43015
G1 X16.257 Y-27.365 Z57.222 E870.04303
G1 X16.928 Y-26.73 Z57.226 E870.47748
G1 X17.3 Y-25.601 Z57.231 E871.03649
G1 X17.305 Y-23.645 Z57.239 E871.95634
G1 X17.081 Y-21.31 Z57.249 E873.05946
G1 X17.209 Y-18.897 Z57.259 E874.19581
G1 X18.897 Y-17.21 Z57.268 E875.31809
G1 X21.31 Y-17.082 Z57.278 E876.45445
G1 X23.645 Y-17.305 Z57.288 E877.55752
G1 X25.601 Y-17.297 Z57.296 E878.47737
G1 X26.728 Y-16.922 Z57.301 E879.03593
G1 X27.357 Y-16.249 Z57.305 E879.46913
G1 X27.924 Y-15.081 Z57.31 E880.0797
G1 X28.613 Y-13.726 Z57.316 E880.79456
G1 X29.223 Y-12.584 Z57.322 E881.40342
G1 X29.398 Y-11.678 Z57.326 E881.83736
G1 X29.039 Y-10.544 Z57.331 E882.39673
G1 X27.899 Y-8.958 Z57.339 E883.31526
G1 X26.348 Y-7.198 Z57.348 E884.41846
G1 X25.038 Y-5.166 Z57.358 E885.55541
G1 X25.411 Y-2.823 Z57.368 E886.67112
G1 X27.283 Y-1.297 Z57.378 E887.8069
G1 X29.303 Y-0.099 Z57.388 E888.91134
G1 X30.876 Y1.058 Z57.396 E889.82962
G1 X31.563 Y2.026 Z57.401 E890.38784
G1 X31.671 Y2.934 Z57.404 E890.81785
G1 X31.444 Y4.212 Z57.41 E891.42826
G1 X31.2 Y5.748 Z57.416 E892.15965
G1 X31.026 Y6.992 Z57.421 E892.75036
G1 X30.643 Y7.823 Z57.425 E893.18066
G1 X29.688 Y8.535 Z57.43 E893.74084
G1 X27.839 Y9.15 Z57.438 E894.65721
G1 X25.547 Y9.668 Z57.448 E895.76224
G1 X23.297 Y10.546 Z57.458 E896.89805
G1 X22.226 Y12.65 Z57.467 E898.00831
G1 X22.839 Y14.984 Z57.477 E899.14314
G1 X23.764 Y17.135 Z57.487 E900.24425
G1 X24.352 Y19.005 Z57.495 E901.1661
G1 X24.334 Y20.191 Z57.5 E901.72391
;TIME_ELAPSED:504.463996
;LAYER:57
;TYPE:WALL-OUTER
;MESH:two-component-v5.stl
G1 X23.922 Y20.917 Z57.504 E902.11647
G1 X22.939 Y21.89 Z57.509 E902.7669
G1 X21.889 Y22.938 Z57.516 E903.46455
G1 X20.915 Y23.914 Z57.521 E904.11298
G1 X19.927 Y24.33 Z57.526 E904.61711
G1 X18.699 Y24.25 Z57.531 E905.19583
G1 X16.892 Y23.653 Z57.539 E906.09078
G1 X14.82 Y22.79 Z57.549 E907.14631
G1 X12.625 Y22.232 Z57.558 E908.21138
G1 X10.565 Y23.28 Z57.568 E909.29829
G1 X9.723 Y25.382 Z57.577 E910.36315
G1 X9.2 Y27.561 Z57.587 E911.41697
G1 X8.614 Y29.375 Z57.595 E912.31345
G1 X7.951 Y30.407 Z57.6 E912.89028
G1 X7.041 Y30.946 Z57.604 E913.38766
G1 X5.688 Y31.152 Z57.61 E914.03127
G1 X4.218 Y31.384 Z57.617 E914.73112
G1 X2.87 Y31.601 Z57.622 E915.3732
G1 X1.838 Y31.371 Z57.627 E915.87043
G1 X0.892 Y30.595 Z57.632 E916.44583
G1 X-.221 Y29.055 Z57.64 E917.33938
G1 X-1.395 Y27.14 Z57.649 E918.3957
G1 X-2.851 Y25.394 Z57.659 E919.46482
G1 X-5.133 Y25.031 Z57.669 E920.55147
G1 X-7.061 Y26.238 Z57.678 E921.62116
G1 X-8.77 Y27.695 Z57.688 E922.67728
G1 X-10.308 Y28.809 Z57.696 E923.57035
G1 X-11.449 Y29.242 Z57.701 E924.14427
G1 X-12.486 Y29.134 Z57.705 E924.63457
G1 X-13.697 Y28.509 Z57.711 E925.27544
G1 X-15.016 Y27.833 Z57.717 E925.97244
G1 X-16.224 Y27.223 Z57.723 E926.60885
G1 X-16.919 Y26.449 Z57.727 E927.09804
G1 X-17.24 Y25.273 Z57.732 E927.6713
G1 X-17.243 Y23.38 Z57.74 E928.56152
G1 X-17.067 Y21.135 Z57.75 E929.62052
G1 X-17.221 Y18.858 Z57.76 E930.69376
G1 X-18.857 Y17.221 Z57.769 E931.78213
G1 X-21.134 Y17.063 Z57.779 E932.85551
G1 X-23.38 Y17.234 Z57.788 E933.91479
G1 X-25.272 Y17.226 Z57.796 E934.80454
G1 X-26.44 Y16.897 Z57.801 E935.37519
G1 X-27.197 Y16.201 Z57.806 E935.85878
G1 X-27.799 Y14.999 Z57.811 E936.49097
G1 X-28.472 Y13.672 Z57.818 E937.19069
G1 X-29.086 Y12.478 Z57.823 E937.82208
G1 X-29.203 Y11.462 Z57.828 E938.30303
G1 X-28.786 Y10.326 Z57.833 E938.87211
G1 X-27.678 Y8.787 Z57.841 E939.76391
G1 X-26.218 Y7.074 Z57.85 E940.82237
G1 X-25.003 Y5.13 Z57.86 E941.90044
G1 X-25.364 Y2.847 Z57.87 E942.9874
G1 X-27.118 Y1.37 Z57.879 E944.06575
G1 X-29.034 Y0.188 Z57.889 E945.12445
G1 X-30.56 Y-.938 Z57.897 E946.01629
G1 X-31.296 Y-1.89 Z57.902 E946.58218
G1 X-31.485 Y-2.882 Z57.906 E947.05707
G1 X-31.267 Y-4.198 Z57.912 E947.68438
G1 X-31.032 Y-5.668 Z57.918 E948.38445
G1 X-30.828 Y-6.986 Z57.924 E949.01165
G1 X-30.344 Y-7.865 Z57.928 E949.48353
G1 X-29.353 Y-8.544 Z57.933 E950.04847
G1 X-27.55 Y-9.145 Z57.941 E950.94222
G1 X-25.364 Y-9.673 Z57.95 E951.99979
G1 X-23.231 Y-10.539 Z57.96 E953.08239
G1 X-22.181 Y-12.599 Z57.97 E954.16973
G1 X-22.731 Y-14.834 Z57.98 E955.25214
G1 X-23.587 Y-16.92 Z57.989 E956.3125
G1 X-24.152 Y-18.729 Z57.997 E957.20374
G1 X-24.175 Y-19.924 Z58.002 E957.76581
G1 X-23.743 Y-20.816 Z58.006 E958.2319
G1 X-22.797 Y-21.748 Z58.012 E958.85641
G1 X-21.746 Y-22.795 Z58.018 E959.55406
G1 X-20.813 Y-23.736 Z58.024 E960.17722
G1 X-19.924 Y-24.167 Z58.028 E960.64183
G1 X-18.731 Y-24.145 Z58.033 E961.20296
G1 X-16.923 Y-23.58 Z58.041 E962.09375
G1 X-14.837 Y-22.721 Z58.05 E963.15465
G1 X-12.593 Y-22.169 Z58.06 E964.24139
G1 X-10.533 Y-23.217 Z58.07 E965.3283
G1 X-9.657 Y-25.357 Z58.08 E966.41573
G1 X-9.122 Y-27.544 Z58.089 E967.47453
G1 X-8.51 Y-29.341 Z58.097 E968.36726
G1 X-7.82 Y-30.309 Z58.102 E968.9263
G1 X-6.956 Y-30.759 Z58.106 E969.38441
G1 X-5.656 Y-30.953 Z58.112 E970.00253
G1 X-4.186 Y-31.184 Z58.118 E970.70231
G1 X-2.893 Y-31.396 Z58.124 E971.31849
G1 X-1.932 Y-31.237 Z58.128 E971.77656
G1 X-.979 Y-30.53 Z58.133 E972.33459
G1 X0.154 Y-29.014 Z58.141 E973.22462
G1 X1.34 Y-27.095 Z58.15 E974.2855
G1 X2.84 Y-25.324 Z58.16 E975.37693
G1 X5.122 Y-24.961 Z58.17 E976.46358
G1 X7.099 Y-26.178 Z58.179 E977.55533
G1 X8.822 Y-27.636 Z58.189 E978.61677
G1 X10.371 Y-28.72 Z58.197 E979.50587
G1 X11.498 Y-29.086 Z58.202 E980.06311
G1 X12.446 Y-28.932 Z58.206 E980.51477
G1 X13.602 Y-28.33 Z58.211 E981.1277
G1 X14.924 Y-27.653 Z58.218 E981.82617
G1 X16.085 Y-27.071 Z58.223 E982.43691
G1 X16.765 Y-26.395 Z58.227 E982.88782
G1 X17.131 Y-25.272 Z58.232 E983.44327
G1 X17.164 Y-23.387 Z58.24 E984.32987
G1 X16.996 Y-21.13 Z58.25 E985.3942
G1 X17.172 Y-18.808 Z58.259 E986.48929
G1 X18.807 Y-17.171 Z58.269 E987.57733
G1 X21.13 Y-16.992 Z58.279 E988.673
G1 X23.388 Y-17.156 Z58.289 E989.73766
G1 X25.271 Y-17.117 Z58.296 E990.62337
G1 X26.387 Y-16.742 Z58.301 E991.17702
G1 X27.045 Y-16.062 Z58.305 E991.62201
G1 X27.619 Y-14.907 Z58.311 E992.22855
G1 X28.292 Y-13.581 Z58.317 E992.92784
G1 X28.885 Y-12.437 Z58.323 E993.53381
G1 X29.047 Y-11.51 Z58.327 E993.97635
G1 X28.696 Y-10.389 Z58.331 E994.52876
G1 X27.618 Y-8.838 Z58.339 E995.41702
G1 X26.158 Y-7.112 Z58.349 E996.48014
G1 X24.934 Y-5.118 Z58.359 E997.58043
G1 X25.294 Y-2.835 Z58.369 E998.66732
G1 X27.074 Y-1.315 Z58.378 E999.76807
G1 X28.994 Y-.12 Z58.388 E1000.83159
G1 X30.496 Y1.026 Z58.396 E1001.72005
G1 X31.163 Y1.984 Z58.401 E1002.269
G1 X31.28 Y2.905 Z58.405 E1002.7056
G1 X31.067 Y4.167 Z58.41 E1003.30747
G1 X30.832 Y5.636 Z58.416 E1004.00708
G1 X30.641 Y6.901 Z58.422 E1004.60871
G1 X30.246 Y7.735 Z58.426 E1005.04268
G1 X29.318 Y8.44 Z58.431 E1005.59074
G1 X27.532 Y9.068 Z58.439 E1006.48105
G1 X25.338 Y9.608 Z58.448 E1007.54361
G1 X23.168 Y10.508 Z58.458 E1008.64838
G1 X22.118 Y12.567 Z58.468 E1009.7353
G1 X22.662 Y14.852 Z58.478 E1010.83989
G1 X23.513 Y16.949 Z58.487 E1011.90416
G1 X24.048 Y18.762 Z58.495 E1012.7931
G1 X24.012 Y19.922 Z58.5 E1013.33887
;TIME_ELAPSED:510.423057
;LAYER:58
;TYPE:WALL-OUTER
;MESH:two-component-v5.stl
G1 X23.603 Y20.645 Z58.504 E1013.72951
G1 X20.643 Y23.595 Z58.522 E1015.69476
G1 X19.659 Y24.011 Z58.526 E1016.19716
G1 X18.451 Y23.948 Z58.531 E1016.76602
G1 X16.708 Y23.406 Z58.539 E1017.62441
G1 X14.691 Y22.614 Z58.549 E1018.64345
G1 X12.541 Y22.117 Z58.558 E1019.68118
G1 X10.521 Y23.144 Z58.568 E1020.74685
G1 X9.656 Y25.175 Z58.578 E1021.78498
G1 X9.108 Y27.27 Z58.587 E1022.80334
G1 X8.515 Y28.998 Z58.595 E1023.66248
G1 X7.851 Y30.002 Z58.6 E1024.22855
G1 X6.938 Y30.54 Z58.605 E1024.7269
G1 X2.842 Y31.183 Z58.623 E1026.67671
G1 X1.808 Y30.954 Z58.627 E1027.17475
G1 X0.87 Y30.207 Z58.632 E1027.73865
G1 X-.233 Y28.736 Z58.64 E1028.60329
G1 X-.82 Y27.801 Z58.645 E1029.12246
G1 X-1.392 Y26.925 Z58.65 E1029.61446
G1 X-2.851 Y25.252 Z58.659 E1030.65837
G1 X-5.09 Y24.896 Z58.669 E1031.72453
G1 X-6.993 Y26.031 Z58.679 E1032.76654
G1 X-8.669 Y27.403 Z58.688 E1033.78512
G1 X-10.165 Y28.445 Z58.696 E1034.64247
G1 X-11.293 Y28.854 Z58.701 E1035.20673
G1 X-12.328 Y28.746 Z58.705 E1035.6961
G1 X-16.001 Y26.866 Z58.723 E1037.63651
G1 X-16.698 Y26.093 Z58.728 E1038.12598
G1 X-17.028 Y24.946 Z58.733 E1038.68726
G1 X-17.066 Y23.124 Z58.741 E1039.54428
G1 X-16.939 Y20.959 Z58.75 E1040.56416
G1 X-17.141 Y18.743 Z58.76 E1041.61059
G1 X-18.742 Y17.14 Z58.77 E1042.67602
G1 X-20.958 Y16.935 Z58.779 E1043.72258
G1 X-23.123 Y17.057 Z58.789 E1044.74233
G1 X-24.945 Y17.015 Z58.796 E1045.59938
G1 X-26.084 Y16.675 Z58.802 E1046.15838
G1 X-26.84 Y15.978 Z58.806 E1046.64194
G1 X-28.697 Y12.32 Z58.824 E1048.57115
G1 X-28.815 Y11.305 Z58.828 E1049.05169
G1 X-28.421 Y10.183 Z58.833 E1049.61092
G1 X-27.384 Y8.684 Z58.841 E1050.46809
G1 X-26.674 Y7.826 Z58.846 E1050.99182
G1 X-26.014 Y7.011 Z58.851 E1051.485
G1 X-24.87 Y5.086 Z58.86 E1052.53806
G1 X-25.224 Y2.847 Z58.87 E1053.60407
G1 X-26.9 Y1.372 Z58.88 E1054.654
G1 X-28.721 Y0.196 Z58.889 E1055.67341
G1 X-30.17 Y-.916 Z58.897 E1056.53236
G1 X-30.877 Y-1.859 Z58.902 E1057.08662
G1 X-31.066 Y-2.854 Z58.906 E1057.56291
G1 X-30.421 Y-6.882 Z58.924 E1059.48128
G1 X-29.936 Y-7.765 Z58.928 E1059.95504
G1 X-28.971 Y-8.445 Z58.933 E1060.5102
G1 X-27.364 Y-9.025 Z58.941 E1061.31364
G1 X-26.177 Y-9.333 Z58.946 E1061.89033
G1 X-25.16 Y-9.605 Z58.951 E1062.38541
G1 X-23.099 Y-10.497 Z58.96 E1063.44151
G1 X-22.07 Y-12.515 Z58.97 E1064.50676
G1 X-22.555 Y-14.704 Z58.98 E1065.56115
G1 X-23.339 Y-16.735 Z58.989 E1066.58495
G1 X-23.848 Y-18.48 Z58.997 E1067.43977
G1 X-23.854 Y-19.653 Z59.002 E1067.9914
G1 X-23.422 Y-20.544 Z59.007 E1068.45706
G1 X-20.541 Y-23.415 Z59.024 E1070.36978
G1 X-19.653 Y-23.845 Z59.028 E1070.83376
G1 X-18.482 Y-23.841 Z59.033 E1071.38444
G1 X-16.738 Y-23.332 Z59.041 E1072.23881
G1 X-14.707 Y-22.546 Z59.051 E1073.26296
G1 X-12.511 Y-22.059 Z59.06 E1074.32075
G1 X-10.491 Y-23.086 Z59.07 E1075.38642
G1 X-9.591 Y-25.148 Z59.08 E1076.44446
G1 X-9.03 Y-27.251 Z59.089 E1077.46801
G1 X-8.409 Y-28.961 Z59.097 E1078.32356
G1 X-7.719 Y-29.9 Z59.102 E1078.87154
G1 X-6.851 Y-30.351 Z59.106 E1079.33154
G1 X-2.865 Y-30.976 Z59.124 E1081.22894
G1 X-1.902 Y-30.816 Z59.128 E1081.68801
G1 X-.959 Y-30.139 Z59.133 E1082.23393
G1 X0.162 Y-28.7 Z59.141 E1083.09175
G1 X0.765 Y-27.767 Z59.146 E1083.61417
G1 X1.339 Y-26.879 Z59.15 E1084.11141
G1 X2.841 Y-25.187 Z59.16 E1085.17539
G1 X5.08 Y-24.831 Z59.17 E1086.24155
G1 X7.029 Y-25.972 Z59.18 E1087.30361
G1 X8.721 Y-27.342 Z59.189 E1088.32743
G1 X10.228 Y-28.353 Z59.197 E1089.18083
G1 X11.34 Y-28.695 Z59.202 E1089.72795
G1 X12.288 Y-28.542 Z59.206 E1090.17953
G1 X15.86 Y-26.713 Z59.223 E1092.06673
G1 X16.542 Y-26.037 Z59.228 E1092.51831
G1 X16.916 Y-24.943 Z59.233 E1093.06202
G1 X16.985 Y-23.129 Z59.24 E1093.9157
G1 X16.869 Y-20.953 Z59.25 E1094.94046
G1 X17.094 Y-18.696 Z59.26 E1096.00712
G1 X18.695 Y-17.093 Z59.269 E1097.07254
G1 X20.952 Y-16.865 Z59.279 E1098.13934
G1 X23.129 Y-16.977 Z59.289 E1099.16447
G1 X24.942 Y-16.902 Z59.297 E1100.01779
G1 X26.028 Y-16.519 Z59.302 E1100.55933
G1 X26.688 Y-15.837 Z59.306 E1101.00565
G1 X28.494 Y-12.279 Z59.323 E1102.88207
G1 X28.655 Y-11.352 Z59.327 E1103.32454
G1 X28.328 Y-10.246 Z59.332 E1103.86691
G1 X27.323 Y-8.735 Z59.34 E1104.72031
G1 X26.624 Y-7.868 Z59.345 E1105.24404
G1 X25.954 Y-7.047 Z59.349 E1105.74238
G1 X24.806 Y-5.076 Z59.359 E1106.81504
G1 X25.159 Y-2.837 Z59.369 E1107.88097
G1 X26.854 Y-1.318 Z59.379 E1108.95132
G1 X28.679 Y-.127 Z59.388 E1109.97615
G1 X30.102 Y1.005 Z59.396 E1110.83126
G1 X30.74 Y1.953 Z59.401 E1111.36863
G1 X30.86 Y2.878 Z59.405 E1111.80728
G1 X30.232 Y6.796 Z59.422 E1113.67331
G1 X29.834 Y7.634 Z59.426 E1114.10958
G1 X28.933 Y8.341 Z59.431 E1114.64816
G1 X27.344 Y8.946 Z59.438 E1115.44775
G1 X26.161 Y9.27 Z59.444 E1116.02457
G1 X25.133 Y9.541 Z59.448 E1116.52452
G1 X23.04 Y10.467 Z59.458 E1117.60082
G1 X22.011 Y12.486 Z59.468 E1118.66649
G1 X22.487 Y14.72 Z59.478 E1119.74066
G1 X23.265 Y16.765 Z59.487 E1120.7696
G1 X23.741 Y18.512 Z59.495 E1121.62111
G1 X23.688 Y19.648 Z59.5 E1122.15591
;TIME_ELAPSED:516.230904
;LAYER:59
;TYPE:WALL-OUTER
;MESH:two-component-v5.stl
G1 X23.28 Y20.371 Z59.504 E1122.54632
G1 X21.51 Y22.167 Z59.515 E1123.73215
G1 X20.369 Y23.273 Z59.522 E1124.47944
G1 X19.389 Y23.69 Z59.527 E1124.98029
G1 X18.201 Y23.648 Z59.532 E1125.53932
G1 X16.514 Y23.16 Z59.54 E1126.36519
G1 X14.563 Y22.443 Z59.549 E1127.34268
G1 X12.459 Y22.012 Z59.558 E1128.35267
G1 X10.483 Y23.016 Z59.568 E1129.39499
G1 X9.593 Y24.972 Z59.578 E1130.40558
G1 X9.02 Y26.976 Z59.587 E1131.38576
G1 X8.419 Y28.617 Z59.595 E1132.2076
G1 X7.751 Y29.593 Z59.6 E1132.76379
G1 X6.705 Y30.17 Z59.605 E1133.32557
G1 X4.129 Y30.573 Z59.617 E1134.55172
G1 X2.806 Y30.76 Z59.623 E1135.18007
G1 X1.776 Y30.533 Z59.628 E1135.67607
G1 X0.845 Y29.816 Z59.633 E1136.22868
G1 X-.237 Y28.439 Z59.641 E1137.05223
G1 X-1.4 Y26.707 Z59.65 E1138.03332
G1 X-2.856 Y25.119 Z59.659 E1139.0465
G1 X-5.045 Y24.771 Z59.669 E1140.08884
G1 X-6.922 Y25.829 Z59.679 E1141.1021
G1 X-8.567 Y27.114 Z59.688 E1142.08374
G1 X-10.022 Y28.083 Z59.696 E1142.90584
G1 X-11.132 Y28.464 Z59.701 E1143.45773
G1 X-12.166 Y28.353 Z59.706 E1143.94678
G1 X-14.398 Y27.234 Z59.717 E1145.12095
G1 X-15.778 Y26.505 Z59.724 E1145.8549
G1 X-16.477 Y25.733 Z59.728 E1146.34466
G1 X-16.818 Y24.615 Z59.733 E1146.89433
G1 X-16.892 Y22.874 Z59.741 E1147.7138
G1 X-16.817 Y20.781 Z59.75 E1148.69871
G1 X-17.066 Y18.634 Z59.76 E1149.71514
G1 X-18.633 Y17.065 Z59.77 E1150.75796
G1 X-20.78 Y16.813 Z59.779 E1151.77455
G1 X-22.874 Y16.883 Z59.789 E1152.75985
G1 X-24.614 Y16.804 Z59.797 E1153.57896
G1 X-25.724 Y16.454 Z59.802 E1154.12629
G1 X-26.548 Y15.661 Z59.807 E1154.66409
G1 X-27.734 Y13.324 Z59.818 E1155.89653
G1 X-28.305 Y12.157 Z59.824 E1156.50751
G1 X-28.424 Y11.144 Z59.829 E1156.98716
G1 X-28.057 Y10.04 Z59.834 E1157.53428
G1 X-27.097 Y8.583 Z59.842 E1158.35482
G1 X-25.809 Y6.935 Z59.851 E1159.33844
G1 X-24.747 Y5.042 Z59.86 E1160.35918
G1 X-25.092 Y2.853 Z59.87 E1161.4013
G1 X-26.685 Y1.377 Z59.88 E1162.42258
G1 X-28.416 Y0.203 Z59.889 E1163.40618
G1 X-29.778 Y-.891 Z59.897 E1164.22772
G1 X-30.455 Y-1.826 Z59.902 E1164.77058
G1 X-30.641 Y-2.817 Z59.907 E1165.24475
G1 X-30.266 Y-5.286 Z59.918 E1166.41916
G1 X-30.007 Y-6.783 Z59.924 E1167.13361
G1 X-29.525 Y-7.665 Z59.929 E1167.60628
G1 X-28.592 Y-8.348 Z59.934 E1168.15005
G1 X-26.963 Y-8.966 Z59.942 E1168.96939
G1 X-24.951 Y-9.546 Z59.951 E1169.9541
G1 X-22.974 Y-10.46 Z59.961 E1170.97837
G1 X-21.967 Y-12.435 Z59.971 E1172.02091
G1 X-22.384 Y-14.575 Z59.98 E1173.04621
G1 X-23.091 Y-16.539 Z59.989 E1174.02784
G1 X-23.544 Y-18.228 Z59.997 E1174.8502
G1 X-23.531 Y-19.38 Z60.002 E1175.39198
G1 X-23.098 Y-20.269 Z60.007 E1175.857
G1 X-21.364 Y-22.021 Z60.018 E1177.01622
G1 X-20.266 Y-23.091 Z60.024 E1177.7372
G1 X-19.381 Y-23.522 Z60.029 E1178.20012
G1 X-18.231 Y-23.537 Z60.034 E1178.74098
G1 X-16.543 Y-23.084 Z60.042 E1179.56288
G1 X-14.577 Y-22.375 Z60.051 E1180.54571
G1 X-12.43 Y-21.956 Z60.061 E1181.57442
G1 X-10.455 Y-22.961 Z60.071 E1182.61654
G1 X-9.53 Y-24.944 Z60.08 E1183.64555
G1 X-8.941 Y-26.956 Z60.09 E1184.63144
G1 X-8.312 Y-28.577 Z60.097 E1185.44912
G1 X-7.619 Y-29.488 Z60.102 E1185.9874
G1 X-6.672 Y-29.965 Z60.107 E1186.48605
G1 X-4.096 Y-30.368 Z60.119 E1187.7122
G1 X-2.83 Y-30.551 Z60.124 E1188.31375
G1 X-1.869 Y-30.392 Z60.129 E1188.77182
G1 X-.933 Y-29.745 Z60.134 E1189.30691
G1 X0.169 Y-28.394 Z60.141 E1190.1268
G1 X1.348 Y-26.661 Z60.151 E1191.1125
G1 X2.847 Y-25.057 Z60.16 E1192.14493
G1 X5.035 Y-24.71 Z60.17 E1193.18673
G1 X6.957 Y-25.769 Z60.18 E1194.21871
G1 X8.619 Y-27.051 Z60.189 E1195.2058
G1 X10.085 Y-27.987 Z60.197 E1196.02375
G1 X11.177 Y-28.302 Z60.202 E1196.55822
G1 X12.126 Y-28.148 Z60.206 E1197.01035
G1 X14.304 Y-27.051 Z60.217 E1198.15717
G1 X15.637 Y-26.351 Z60.224 E1198.86522
G1 X16.319 Y-25.674 Z60.228 E1199.31713
G1 X16.704 Y-24.61 Z60.233 E1199.84925
G1 X16.809 Y-22.878 Z60.241 E1200.66525
G1 X16.747 Y-20.774 Z60.25 E1201.65512
G1 X17.022 Y-18.59 Z60.26 E1202.6903
G1 X18.589 Y-17.021 Z60.27 E1203.73311
G1 X20.773 Y-16.743 Z60.28 E1204.76847
G1 X22.878 Y-16.801 Z60.289 E1205.75876
G1 X24.609 Y-16.69 Z60.297 E1206.57446
G1 X25.665 Y-16.296 Z60.302 E1207.10451
G1 X26.363 Y-15.567 Z60.306 E1207.57914
G1 X27.543 Y-13.244 Z60.318 E1208.80443
G1 X28.099 Y-12.116 Z60.323 E1209.39583
G1 X28.262 Y-11.188 Z60.327 E1209.83892
G1 X27.961 Y-10.103 Z60.332 E1210.36844
G1 X27.032 Y-8.634 Z60.34 E1211.18581
G1 X25.748 Y-6.97 Z60.349 E1212.17422
G1 X24.686 Y-5.032 Z60.359 E1213.21347
G1 X25.031 Y-2.843 Z60.369 E1214.2556
G1 X26.639 Y-1.325 Z60.379 E1215.29552
G1 X28.371 Y-.134 Z60.388 E1216.28401
G1 X29.707 Y0.98 Z60.396 E1217.10205
G1 X30.314 Y1.919 Z60.401 E1217.62786
G1 X30.433 Y2.841 Z60.405 E1218.06504
G1 X30.062 Y5.254 Z60.416 E1219.21313
G1 X29.817 Y6.696 Z60.422 E1219.90098
G1 X29.42 Y7.533 Z60.426 E1220.33662
G1 X28.551 Y8.241 Z60.431 E1220.86375
G1 X26.941 Y8.887 Z60.439 E1221.67956
G1 X24.923 Y9.483 Z60.448 E1222.66908
G1 X22.918 Y10.432 Z60.458 E1223.71226
G1 X21.911 Y12.407 Z60.468 E1224.7548
G1 X22.317 Y14.589 Z60.478 E1225.79854
G1 X23.016 Y16.568 Z60.487 E1226.78554
G1 X23.433 Y18.259 Z60.495 E1227.60459
G1 X23.362 Y19.373 Z60.5 E1228.12953
;TIME_ELAPSED:521.884917
;LAYER:60
;TYPE:WALL-OUTER
;MESH:two-component-v5.stl
G1 X22.955 Y20.095 Z60.504 E1228.5193
G1 X21.948 Y21.141 Z60.51 E1229.20211
G1 X20.941 Y22.146 Z60.517 E1229.87116
G1 X20.096 Y22.947 Z60.522 E1230.4187
G1 X19.112 Y23.369 Z60.527 E1230.9222
G1 X17.949 Y23.348 Z60.532 E1231.46921
G1 X16.326 Y22.922 Z60.54 E1232.25831
G1 X14.431 Y22.278 Z60.549 E1233.19953
G1 X12.378 Y21.913 Z60.559 E1234.18013
G1 X10.451 Y22.893 Z60.569 E1235.1968
G1 X9.536 Y24.768 Z60.578 E1236.17794
G1 X8.939 Y26.679 Z60.587 E1237.11946
G1 X8.326 Y28.239 Z60.595 E1237.90768
G1 X7.652 Y29.182 Z60.6 E1238.45277
G1 X6.738 Y29.712 Z60.605 E1238.94964
G1 X5.461 Y29.944 Z60.611 E1239.56
G1 X4.058 Y30.163 Z60.617 E1240.22777
G1 X2.776 Y30.333 Z60.623 E1240.83594
G1 X1.743 Y30.111 Z60.628 E1241.33282
G1 X0.815 Y29.424 Z60.633 E1241.8758
G1 X-.247 Y28.134 Z60.641 E1242.66158
G1 X-1.408 Y26.497 Z60.65 E1243.60536
G1 X-2.863 Y24.993 Z60.66 E1244.58946
G1 X-4.998 Y24.654 Z60.67 E1245.60606
G1 X-6.85 Y25.631 Z60.679 E1246.59076
G1 X-8.457 Y26.822 Z60.688 E1247.5314
G1 X-9.875 Y27.719 Z60.696 E1248.32046
G1 X-10.968 Y28.074 Z60.701 E1248.8609
G1 X-12.002 Y27.958 Z60.706 E1249.35021
G1 X-13.3 Y27.326 Z60.712 E1250.02913
G1 X-14.425 Y26.753 Z60.718 E1250.62285
G1 X-15.557 Y26.139 Z60.724 E1251.22846
G1 X-16.255 Y25.373 Z60.729 E1251.71581
G1 X-16.611 Y24.283 Z60.734 E1252.25505
G1 X-16.72 Y22.609 Z60.742 E1253.04395
G1 X-16.698 Y20.607 Z60.751 E1253.98548
G1 X-16.999 Y18.529 Z60.76 E1254.9729
G1 X-18.528 Y16.998 Z60.77 E1255.99044
G1 X-20.605 Y16.695 Z60.78 E1256.97753
G1 X-22.608 Y16.711 Z60.789 E1257.91951
G1 X-24.281 Y16.597 Z60.797 E1258.70809
G1 X-25.363 Y16.232 Z60.802 E1259.2451
G1 X-26.111 Y15.536 Z60.806 E1259.72558
G1 X-26.793 Y14.259 Z60.813 E1260.40639
G1 X-27.346 Y13.17 Z60.819 E1260.98076
G1 X-27.909 Y11.992 Z60.825 E1261.59476
G1 X-28.032 Y10.98 Z60.829 E1262.07417
G1 X-27.693 Y9.893 Z60.834 E1262.60963
G1 X-26.803 Y8.473 Z60.842 E1263.39774
G1 X-25.611 Y6.862 Z60.851 E1264.34018
G1 X-24.631 Y4.995 Z60.861 E1265.33177
G1 X-24.968 Y2.86 Z60.871 E1266.34823
G1 X-26.474 Y1.386 Z60.88 E1267.33923
G1 X-28.11 Y0.214 Z60.889 E1268.28563
G1 X-29.383 Y-.861 Z60.897 E1269.06919
G1 X-30.031 Y-1.793 Z60.902 E1269.603
G1 X-30.214 Y-2.788 Z60.907 E1270.07877
G1 X-30.019 Y-4.181 Z60.913 E1270.74024
G1 X-29.823 Y-5.415 Z60.919 E1271.32783
G1 X-29.591 Y-6.681 Z60.925 E1271.9331
G1 X-29.111 Y-7.566 Z60.929 E1272.40656
G1 X-28.21 Y-8.252 Z60.935 E1272.93911
G1 X-26.663 Y-8.881 Z60.942 E1273.72445
G1 X-24.747 Y-9.489 Z60.951 E1274.66976
G1 X-22.854 Y-10.43 Z60.961 E1275.66391
G1 X-21.871 Y-12.356 Z60.971 E1276.68079
G1 X-22.219 Y-14.441 Z60.981 E1277.67487
G1 X-22.85 Y-16.351 Z60.99 E1278.62083
G1 X-23.242 Y-17.974 Z60.997 E1279.40602
G1 X-23.207 Y-19.101 Z61.002 E1279.93627
G1 X-22.77 Y-19.992 Z61.007 E1280.40296
G1 X-21.8 Y-20.995 Z61.013 E1281.05913
G1 X-20.795 Y-21.997 Z61.02 E1281.72652
G1 X-19.992 Y-22.762 Z61.025 E1282.24809
G1 X-19.101 Y-23.198 Z61.029 E1282.71457
G1 X-17.977 Y-23.234 Z61.035 E1283.24343
G1 X-16.354 Y-22.842 Z61.042 E1284.02862
G1 X-14.444 Y-22.21 Z61.051 E1284.97473
G1 X-12.351 Y-21.862 Z61.061 E1285.97251
G1 X-10.425 Y-22.842 Z61.071 E1286.98876
G1 X-9.474 Y-24.739 Z61.081 E1287.98668
G1 X-8.857 Y-26.655 Z61.09 E1288.93328
G1 X-8.216 Y-28.195 Z61.097 E1289.71773
G1 X-7.52 Y-29.073 Z61.102 E1290.24462
G1 X-6.649 Y-29.521 Z61.107 E1290.70523
G1 X-5.428 Y-29.738 Z61.113 E1291.28842
G1 X-4.027 Y-29.957 Z61.119 E1291.95527
G1 X-2.8 Y-30.123 Z61.125 E1292.53755
G1 X-1.835 Y-29.966 Z61.129 E1292.99732
G1 X-.905 Y-29.348 Z61.134 E1293.52243
G1 X0.178 Y-28.086 Z61.142 E1294.30448
G1 X1.358 Y-26.449 Z61.151 E1295.25347
G1 X2.854 Y-24.936 Z61.161 E1296.25407
G1 X4.989 Y-24.596 Z61.171 E1297.27074
G1 X6.883 Y-25.571 Z61.18 E1298.27252
G1 X8.508 Y-26.756 Z61.19 E1299.21832
G1 X9.938 Y-27.62 Z61.197 E1300.00402
G1 X11.011 Y-27.908 Z61.202 E1300.52648
G1 X11.961 Y-27.751 Z61.207 E1300.97929
G1 X13.208 Y-27.141 Z61.213 E1301.63212
G1 X14.328 Y-26.567 Z61.219 E1302.22397
G1 X15.414 Y-25.984 Z61.224 E1302.80361
G1 X16.096 Y-25.31 Z61.229 E1303.25453
G1 X16.494 Y-24.275 Z61.234 E1303.77601
G1 X16.636 Y-22.611 Z61.241 E1304.56138
G1 X16.631 Y-20.598 Z61.251 E1305.50803
G1 X16.958 Y-18.488 Z61.26 E1306.51215
G1 X18.487 Y-16.957 Z61.27 E1307.52969
G1 X20.597 Y-16.627 Z61.28 E1308.53402
G1 X22.611 Y-16.628 Z61.289 E1309.48114
G1 X24.273 Y-16.479 Z61.297 E1310.26586
G1 X25.3 Y-16.073 Z61.302 E1310.7852
G1 X25.956 Y-15.392 Z61.306 E1311.22987
G1 X26.607 Y-14.163 Z61.312 E1311.8839
G1 X27.16 Y-13.074 Z61.318 E1312.45827
G1 X27.702 Y-11.951 Z61.324 E1313.04468
G1 X27.866 Y-11.022 Z61.328 E1313.48831
G1 X27.593 Y-9.955 Z61.333 E1314.00625
G1 X26.736 Y-8.524 Z61.341 E1314.79066
G1 X25.55 Y-6.894 Z61.35 E1315.73863
G1 X24.573 Y-4.986 Z61.36 E1316.7467
G1 X24.912 Y-2.851 Z61.369 E1317.7633
G1 X26.427 Y-1.335 Z61.379 E1318.7712
G1 X28.063 Y-.145 Z61.388 E1319.72256
G1 X29.308 Y0.952 Z61.396 E1320.5029
G1 X29.886 Y1.885 Z61.401 E1321.01903
G1 X30.005 Y2.813 Z61.405 E1321.45902
G1 X29.815 Y4.15 Z61.411 E1322.09408
G1 X29.617 Y5.381 Z61.417 E1322.68042
G1 X29.399 Y6.593 Z61.423 E1323.25954
G1 X29.001 Y7.434 Z61.427 E1323.69709
G1 X28.165 Y8.142 Z61.432 E1324.21227
G1 X26.639 Y8.801 Z61.44 E1324.99396
G1 X24.717 Y9.427 Z61.449 E1325.94455
G1 X22.802 Y10.404 Z61.459 E1326.95555
G1 X21.819 Y12.33 Z61.468 E1327.97243
G1 X22.151 Y14.454 Z61.478 E1328.98341
G1 X22.771 Y16.379 Z61.487 E1329.93448
G1 X23.128 Y18.003 Z61.495 E1330.71643
G1 X23.035 Y19.091 Z61.5 E1331.22995
;TIME_ELAPSED:527.383365
;LAYER:61
;TYPE:WALL-OUTER
;MESH:two-component-v5.stl
G1 X22.626 Y19.816 Z61.504 E1331.6214
G1 X21.749 Y20.75 Z61.51 E1332.22391
G1 X20.763 Y21.734 Z61.516 E1332.879
G1 X19.813 Y22.619 Z61.523 E1333.48958
G1 X18.831 Y23.047 Z61.528 E1333.99334
G1 X17.669 Y23.046 Z61.533 E1334.53979
G1 X16.029 Y22.649 Z61.541 E1335.33331
G1 X14.304 Y22.118 Z61.549 E1336.18208
G1 X12.301 Y21.822 Z61.559 E1337.13426
G1 X10.425 Y22.777 Z61.569 E1338.12422
G1 X9.484 Y24.566 Z61.578 E1339.07482
G1 X8.862 Y26.372 Z61.587 E1339.97308
G1 X8.233 Y27.859 Z61.595 E1340.73236
G1 X7.556 Y28.766 Z61.6 E1341.26461
G1 X6.64 Y29.292 Z61.605 E1341.76135
G1 X5.353 Y29.537 Z61.611 E1342.37745
G1 X4.036 Y29.742 Z61.617 E1343.00426
G1 X2.738 Y29.903 Z61.624 E1343.61935
G1 X1.707 Y29.687 Z61.629 E1344.11472
G1 X0.763 Y29.012 Z61.634 E1344.66047
G1 X-.335 Y27.732 Z61.642 E1345.45354
G1 X-1.419 Y26.292 Z61.65 E1346.30115
G1 X-2.873 Y24.876 Z61.66 E1347.2556
G1 X-4.952 Y24.544 Z61.67 E1348.24567
G1 X-6.831 Y25.467 Z61.68 E1349.23016
G1 X-8.346 Y26.535 Z61.688 E1350.10186
G1 X-9.726 Y27.357 Z61.696 E1350.85723
G1 X-10.803 Y27.681 Z61.701 E1351.38613
G1 X-11.835 Y27.559 Z61.706 E1351.87483
G1 X-12.986 Y27.017 Z61.712 E1352.47312
G1 X-14.226 Y26.382 Z61.719 E1353.12827
G1 X-15.329 Y25.773 Z61.724 E1353.72079
G1 X-16.036 Y25.005 Z61.729 E1354.21169
G1 X-16.411 Y23.917 Z61.735 E1354.75288
G1 X-16.555 Y22.24 Z61.743 E1355.54443
G1 X-16.587 Y20.435 Z61.751 E1356.39339
G1 X-16.937 Y18.429 Z61.761 E1357.35101
G1 X-18.427 Y16.937 Z61.771 E1358.34261
G1 X-20.429 Y16.585 Z61.78 E1359.29853
G1 X-22.349 Y16.544 Z61.789 E1360.20165
G1 X-23.945 Y16.391 Z61.797 E1360.95565
G1 X-24.994 Y16.013 Z61.802 E1361.48001
G1 X-25.746 Y15.306 Z61.807 E1361.9654
G1 X-26.343 Y14.212 Z61.813 E1362.55149
G1 X-26.981 Y12.958 Z61.819 E1363.21315
G1 X-27.509 Y11.826 Z61.825 E1363.80055
G1 X-27.638 Y10.814 Z61.83 E1364.28032
G1 X-27.315 Y9.714 Z61.835 E1364.81945
G1 X-26.458 Y8.276 Z61.843 E1365.60668
G1 X-25.419 Y6.788 Z61.852 E1366.46015
G1 X-24.523 Y4.95 Z61.861 E1367.42174
G1 X-24.853 Y2.87 Z61.871 E1368.41213
G1 X-26.266 Y1.4 Z61.881 E1369.37101
G1 X-27.791 Y0.237 Z61.89 E1370.27292
G1 X-28.992 Y-.833 Z61.897 E1371.02935
G1 X-29.604 Y-1.756 Z61.902 E1371.55015
G1 X-29.783 Y-2.751 Z61.907 E1372.02558
G1 X-29.62 Y-4.019 Z61.913 E1372.62679
G1 X-29.408 Y-5.339 Z61.919 E1373.2555
G1 X-29.169 Y-6.583 Z61.925 E1373.85121
G1 X-28.692 Y-7.469 Z61.93 E1374.32442
G1 X-27.798 Y-8.175 Z61.935 E1374.86013
G1 X-26.258 Y-8.842 Z61.943 E1375.64935
G1 X-24.548 Y-9.436 Z61.952 E1376.50065
G1 X-22.74 Y-10.405 Z61.961 E1377.46531
G1 X-21.784 Y-12.28 Z61.971 E1378.45506
G1 X-22.058 Y-14.309 Z61.981 E1379.4179
G1 X-22.606 Y-16.148 Z61.99 E1380.32031
G1 X-22.942 Y-17.72 Z61.997 E1381.07627
G1 X-22.883 Y-18.816 Z62.003 E1381.59243
G1 X-22.44 Y-19.712 Z62.007 E1382.06248
G1 X-21.596 Y-20.603 Z62.013 E1382.63963
G1 X-20.604 Y-21.592 Z62.02 E1383.29838
G1 X-19.708 Y-22.433 Z62.025 E1383.87627
G1 X-18.816 Y-22.873 Z62.03 E1384.34401
G1 X-17.693 Y-22.932 Z62.035 E1384.87285
G1 X-16.053 Y-22.574 Z62.043 E1385.66225
G1 X-14.315 Y-22.05 Z62.052 E1386.51592
G1 X-12.276 Y-21.774 Z62.061 E1387.48354
G1 X-10.4 Y-22.729 Z62.071 E1388.4735
G1 X-9.423 Y-24.535 Z62.081 E1389.43912
G1 X-8.781 Y-26.346 Z62.09 E1390.34271
G1 X-8.122 Y-27.811 Z62.097 E1391.09814
G1 X-7.424 Y-28.652 Z62.103 E1391.61211
G1 X-6.551 Y-29.098 Z62.107 E1392.07313
G1 X-5.319 Y-29.327 Z62.113 E1392.66243
G1 X-4.003 Y-29.534 Z62.119 E1393.28891
G1 X-2.762 Y-29.691 Z62.125 E1393.87717
G1 X-1.797 Y-29.537 Z62.13 E1394.33672
G1 X-.849 Y-28.935 Z62.135 E1394.86483
G1 X0.272 Y-27.685 Z62.143 E1395.65442
G1 X1.37 Y-26.243 Z62.151 E1396.50676
G1 X2.865 Y-24.822 Z62.161 E1397.47673
G1 X4.944 Y-24.49 Z62.171 E1398.46681
G1 X6.863 Y-25.405 Z62.181 E1399.46659
G1 X8.396 Y-26.465 Z62.19 E1400.34307
G1 X9.787 Y-27.253 Z62.197 E1401.09489
G1 X10.844 Y-27.51 Z62.202 E1401.60644
G1 X11.794 Y-27.35 Z62.207 E1402.05949
G1 X12.892 Y-26.827 Z62.213 E1402.63143
G1 X14.13 Y-26.193 Z62.219 E1403.28553
G1 X15.184 Y-25.616 Z62.225 E1403.8506
G1 X15.875 Y-24.937 Z62.229 E1404.30619
G1 X16.296 Y-23.905 Z62.234 E1404.83033
G1 X16.477 Y-22.239 Z62.242 E1405.61841
G1 X16.52 Y-20.424 Z62.251 E1406.47219
G1 X16.899 Y-18.39 Z62.261 E1407.44518
G1 X18.389 Y-16.898 Z62.27 E1408.43679
G1 X20.419 Y-16.517 Z62.28 E1409.4081
G1 X22.349 Y-16.458 Z62.289 E1410.31615
G1 X23.934 Y-16.271 Z62.297 E1411.06669
G1 X24.927 Y-15.852 Z62.302 E1411.57354
G1 X25.589 Y-15.161 Z62.306 E1412.02356
G1 X26.157 Y-14.113 Z62.312 E1412.58413
G1 X26.79 Y-12.864 Z62.318 E1413.24262
G1 X27.3 Y-11.784 Z62.324 E1413.80429
G1 X27.467 Y-10.854 Z62.328 E1414.24864
G1 X27.215 Y-9.772 Z62.334 E1414.77109
G1 X26.394 Y-8.322 Z62.342 E1415.5547
G1 X25.358 Y-6.819 Z62.35 E1416.41315
G1 X24.469 Y-4.941 Z62.36 E1417.39027
G1 X24.799 Y-2.861 Z62.37 E1418.38067
G1 X26.218 Y-1.351 Z62.379 E1419.35512
G1 X27.74 Y-.168 Z62.388 E1420.26165
G1 X28.912 Y0.924 Z62.396 E1421.01497
G1 X29.455 Y1.847 Z62.401 E1421.51857
G1 X29.571 Y2.776 Z62.405 E1421.95884
G1 X29.411 Y3.982 Z62.411 E1422.53096
G1 X29.2 Y5.295 Z62.417 E1423.15634
G1 X28.975 Y6.494 Z62.423 E1423.73004
G1 X28.578 Y7.337 Z62.427 E1424.16823
G1 X27.751 Y8.069 Z62.433 E1424.68761
G1 X26.234 Y8.768 Z62.44 E1425.4731
G1 X24.516 Y9.375 Z62.449 E1426.32997
G1 X22.691 Y10.38 Z62.459 E1427.30974
G1 X21.735 Y12.256 Z62.469 E1428.29991
G1 X21.991 Y14.32 Z62.478 E1429.27798
G1 X22.525 Y16.174 Z62.488 E1430.18531
G1 X22.823 Y17.747 Z62.495 E1430.9382
G1 X22.709 Y18.802 Z62.5 E1431.43722
;TIME_ELAPSED:532.725202
;LAYER:62
;TYPE:WALL-OUTER
;MESH:two-component-v5.stl
G1 X22.297 Y19.529 Z62.504 E1431.83019
G1 X21.438 Y20.462 Z62.51 E1432.42659
G1 X20.467 Y21.429 Z62.517 E1433.07104
G1 X19.526 Y22.29 Z62.523 E1433.67085
G1 X18.555 Y22.725 Z62.528 E1434.17121
G1 X17.429 Y22.762 Z62.534 E1434.70102
G1 X16.05 Y22.489 Z62.54 E1435.3621
G1 X14.911 Y22.155 Z62.546 E1435.9203
G1 X14.174 Y21.963 Z62.55 E1436.27845
G1 X12.224 Y21.74 Z62.559 E1437.20145
G1 X10.401 Y22.667 Z62.569 E1438.16323
G1 X9.438 Y24.367 Z62.579 E1439.08205
G1 X8.783 Y26.09 Z62.587 E1439.94889
G1 X8.148 Y27.472 Z62.595 E1440.66413
G1 X7.462 Y28.349 Z62.6 E1441.18774
G1 X6.54 Y28.867 Z62.605 E1441.68507
G1 X5.266 Y29.12 Z62.612 E1442.2959
G1 X3.997 Y29.319 Z62.618 E1442.89996
G1 X2.701 Y29.468 Z62.624 E1443.51344
G1 X1.669 Y29.26 Z62.629 E1444.00852
G1 X0.738 Y28.64 Z62.635 E1444.53454
G1 X-.223 Y27.611 Z62.641 E1445.19666
G1 X-.948 Y26.681 Z62.647 E1445.75121
G1 X-1.432 Y26.091 Z62.651 E1446.11008
G1 X-2.885 Y24.764 Z62.66 E1447.03547
G1 X-4.905 Y24.442 Z62.67 E1447.9974
G1 X-6.688 Y25.246 Z62.68 E1448.9172
G1 X-7.748 Y25.921 Z62.686 E1449.50817
G1 X-8.23 Y26.246 Z62.688 E1449.78156
G1 X-9.575 Y26.995 Z62.696 E1450.50553
G1 X-10.635 Y27.286 Z62.701 E1451.02246
G1 X-11.668 Y27.157 Z62.706 E1451.51202
G1 X-12.808 Y26.629 Z62.712 E1452.10284
G1 X-14.03 Y26.004 Z62.719 E1452.74831
G1 X-15.105 Y25.396 Z62.725 E1453.32911
G1 X-15.815 Y24.639 Z62.73 E1453.81718
G1 X-16.211 Y23.599 Z62.735 E1454.34051
G1 X-16.39 Y22.22 Z62.742 E1454.99446
G1 X-16.437 Y20.999 Z62.748 E1455.56908
G1 X-16.481 Y20.262 Z62.752 E1455.91629
G1 X-16.882 Y18.331 Z62.761 E1456.84375
G1 X-18.329 Y16.882 Z62.771 E1457.80676
G1 X-20.252 Y16.479 Z62.78 E1458.73073
G1 X-22.084 Y16.38 Z62.789 E1459.59352
G1 X-23.603 Y16.19 Z62.797 E1460.31343
G1 X-24.628 Y15.792 Z62.802 E1460.83052
G1 X-25.369 Y15.082 Z62.807 E1461.31313
G1 X-25.974 Y14 Z62.813 E1461.8961
G1 X-26.588 Y12.788 Z62.82 E1462.53504
G1 X-27.106 Y11.658 Z62.826 E1463.11961
G1 X-27.242 Y10.645 Z62.83 E1463.60027
G1 X-26.966 Y9.579 Z62.836 E1464.11811
G1 X-26.293 Y8.334 Z62.843 E1464.78366
G1 X-25.645 Y7.356 Z62.848 E1465.33538
G1 X-25.231 Y6.71 Z62.852 E1465.6962
G1 X-24.422 Y4.903 Z62.862 E1466.62726
G1 X-24.742 Y2.883 Z62.871 E1467.58905
G1 X-26.059 Y1.42 Z62.881 E1468.51476
G1 X-27.03 Y0.618 Z62.887 E1469.10701
G1 X-27.494 Y0.249 Z62.89 E1469.3858
G1 X-28.594 Y-.795 Z62.897 E1470.09899
G1 X-29.175 Y-1.716 Z62.902 E1470.61109
G1 X-29.347 Y-2.714 Z62.907 E1471.08733
G1 X-29.195 Y-3.976 Z62.914 E1471.68511
G1 X-28.992 Y-5.238 Z62.92 E1472.28621
G1 X-28.743 Y-6.482 Z62.926 E1472.88283
G1 X-28.271 Y-7.375 Z62.931 E1473.35784
G1 X-27.438 Y-8.075 Z62.936 E1473.86952
G1 X-26.155 Y-8.697 Z62.943 E1474.54004
G1 X-25.055 Y-9.113 Z62.949 E1475.0931
G1 X-24.35 Y-9.388 Z62.952 E1475.44896
G1 X-22.632 Y-10.382 Z62.962 E1476.38237
G1 X-21.702 Y-12.204 Z62.972 E1477.34437
G1 X-21.902 Y-14.172 Z62.981 E1478.27462
G1 X-22.371 Y-15.959 Z62.99 E1479.14345
G1 X-22.641 Y-17.455 Z62.997 E1479.85834
G1 X-22.558 Y-18.535 Z63.003 E1480.36773
G1 X-22.11 Y-19.424 Z63.008 E1480.83589
G1 X-21.286 Y-20.31 Z63.013 E1481.40489
G1 X-20.309 Y-21.283 Z63.02 E1482.05332
G1 X-19.42 Y-22.103 Z63.026 E1482.62208
G1 X-18.535 Y-22.548 Z63.031 E1483.08792
G1 X-17.453 Y-22.636 Z63.036 E1483.59843
G1 X-16.077 Y-22.398 Z63.043 E1484.25513
G1 X-14.93 Y-22.09 Z63.048 E1484.81364
G1 X-14.182 Y-21.894 Z63.052 E1485.17728
G1 X-12.2 Y-21.693 Z63.062 E1486.11413
G1 X-10.377 Y-22.621 Z63.072 E1487.07612
G1 X-9.377 Y-24.334 Z63.081 E1488.00891
G1 X-8.7 Y-26.06 Z63.09 E1488.8808
G1 X-8.035 Y-27.42 Z63.098 E1489.59273
G1 X-7.33 Y-28.23 Z63.103 E1490.09772
G1 X-6.45 Y-28.671 Z63.107 E1490.56062
G1 X-5.232 Y-28.908 Z63.113 E1491.14415
G1 X-3.963 Y-29.107 Z63.12 E1491.74821
G1 X-2.726 Y-29.254 Z63.126 E1492.33403
G1 X-1.757 Y-29.105 Z63.13 E1492.79508
G1 X-.832 Y-28.552 Z63.136 E1493.30189
G1 X0.149 Y-27.553 Z63.142 E1493.96032
G1 X0.895 Y-26.639 Z63.148 E1494.51514
G1 X1.385 Y-26.04 Z63.152 E1494.87908
G1 X2.877 Y-24.712 Z63.161 E1495.8184
G1 X4.897 Y-24.391 Z63.171 E1496.78026
G1 X6.717 Y-25.184 Z63.181 E1497.71387
G1 X7.793 Y-25.857 Z63.187 E1498.31071
G1 X8.279 Y-26.175 Z63.19 E1498.58384
G1 X9.635 Y-26.886 Z63.197 E1499.30386
G1 X10.672 Y-27.112 Z63.202 E1499.80298
G1 X11.625 Y-26.946 Z63.207 E1500.25789
G1 X12.712 Y-26.438 Z63.213 E1500.82215
G1 X13.927 Y-25.814 Z63.219 E1501.46447
G1 X14.96 Y-25.237 Z63.225 E1502.02091
G1 X15.652 Y-24.566 Z63.23 E1502.4742
G1 X16.085 Y-23.583 Z63.235 E1502.97934
G1 X16.295 Y-22.217 Z63.242 E1503.62927
G1 X16.37 Y-20.997 Z63.248 E1504.20408
G1 X16.414 Y-20.249 Z63.251 E1504.55645
G1 X16.845 Y-18.293 Z63.261 E1505.49837
G1 X18.292 Y-16.844 Z63.271 E1506.46137
G1 X20.24 Y-16.412 Z63.28 E1507.39971
G1 X22.081 Y-16.292 Z63.289 E1508.26732
G1 X23.587 Y-16.065 Z63.297 E1508.98354
G1 X24.555 Y-15.628 Z63.302 E1509.483
G1 X25.211 Y-14.936 Z63.306 E1509.93141
G1 X25.78 Y-13.906 Z63.312 E1510.48479
G1 X26.397 Y-12.691 Z63.319 E1511.12562
G1 X26.896 Y-11.615 Z63.324 E1511.68339
G1 X27.067 Y-10.681 Z63.329 E1512.12993
G1 X26.854 Y-9.64 Z63.334 E1512.62962
G1 X26.214 Y-8.388 Z63.341 E1513.29086
G1 X25.589 Y-7.394 Z63.347 E1513.84304
G1 X25.168 Y-6.739 Z63.35 E1514.2092
G1 X24.371 Y-4.894 Z63.36 E1515.15434
G1 X24.69 Y-2.874 Z63.37 E1516.11606
G1 X26.008 Y-1.373 Z63.38 E1517.05544
G1 X26.98 Y-.554 Z63.386 E1517.65317
G1 X27.44 Y-.179 Z63.389 E1517.93227
G1 X28.509 Y0.886 Z63.396 E1518.64189
G1 X29.021 Y1.805 Z63.401 E1519.13661
G1 X29.133 Y2.739 Z63.406 E1519.57899
G1 X28.982 Y3.943 Z63.411 E1520.14963
G1 X28.779 Y5.205 Z63.418 E1520.75074
G1 X28.546 Y6.393 Z63.423 E1521.32006
G1 X28.151 Y7.243 Z63.428 E1521.76084
G1 X27.384 Y7.96 Z63.433 E1522.2546
G1 X26.123 Y8.607 Z63.44 E1522.92111
G1 X25.032 Y9.05 Z63.446 E1523.47486
G1 X24.316 Y9.328 Z63.449 E1523.83606
G1 X22.586 Y10.359 Z63.459 E1524.78314
G1 X21.655 Y12.18 Z63.469 E1525.74493
G1 X21.834 Y14.181 Z63.479 E1526.6897
G1 X22.286 Y15.983 Z63.488 E1527.56338
G1 X22.519 Y17.479 Z63.495 E1528.27538
G1 X22.381 Y18.517 Z63.5 E1528.76782
;TIME_ELAPSED:537.911524
;LAYER:63
;TYPE:WALL-OUTER
;MESH:two-component-v5.stl
G1 X21.963 Y19.247 Z63.504 E1529.16341
G1 X21.127 Y20.166 Z63.51 E1529.74765
G1 X20.169 Y21.12 Z63.517 E1530.38346
G1 X19.244 Y21.955 Z63.523 E1530.96947
G1 X18.269 Y22.403 Z63.529 E1531.47408
G1 X17.175 Y22.465 Z63.534 E1531.98937
G1 X15.728 Y22.215 Z63.541 E1532.67994
G1 X14.029 Y21.811 Z63.55 E1533.5012
G1 X12.148 Y21.661 Z63.56 E1534.38859
G1 X10.384 Y22.56 Z63.569 E1535.31966
G1 X9.397 Y24.166 Z63.579 E1536.20614
G1 X8.718 Y25.776 Z63.587 E1537.02786
G1 X8.066 Y27.086 Z63.595 E1537.716
G1 X7.366 Y27.932 Z63.6 E1538.23238
G1 X6.443 Y28.437 Z63.605 E1538.72716
G1 X5.216 Y28.692 Z63.612 E1539.31651
G1 X3.904 Y28.896 Z63.618 E1539.94091
G1 X2.665 Y29.03 Z63.624 E1540.52698
G1 X1.627 Y28.83 Z63.63 E1541.0241
G1 X0.709 Y28.251 Z63.635 E1541.5345
G1 X-.317 Y27.208 Z63.642 E1542.22253
G1 X-1.461 Y25.882 Z63.651 E1543.04611
G1 X-2.901 Y24.656 Z63.661 E1543.93549
G1 X-4.858 Y24.345 Z63.67 E1544.86735
G1 X-6.608 Y25.062 Z63.68 E1545.75672
G1 X-8.112 Y25.963 Z63.689 E1546.58121
G1 X-9.408 Y26.629 Z63.696 E1547.26645
G1 X-10.462 Y26.89 Z63.701 E1547.77708
G1 X-11.498 Y26.751 Z63.706 E1548.26865
G1 X-12.635 Y26.235 Z63.713 E1548.85583
G1 X-13.795 Y25.639 Z63.719 E1549.46913
G1 X-14.876 Y25.02 Z63.725 E1550.05494
G1 X-15.597 Y24.264 Z63.731 E1550.54623
G1 X-16.007 Y23.267 Z63.736 E1551.05318
G1 X-16.231 Y21.821 Z63.743 E1551.7413
G1 X-16.382 Y20.074 Z63.752 E1552.56593
G1 X-16.832 Y18.234 Z63.761 E1553.45672
G1 X-18.233 Y16.831 Z63.771 E1554.38914
G1 X-20.073 Y16.379 Z63.781 E1555.28017
G1 X-21.819 Y16.221 Z63.789 E1556.10461
G1 X-23.261 Y15.989 Z63.797 E1556.79146
G1 X-24.252 Y15.574 Z63.802 E1557.29671
G1 X-24.993 Y14.853 Z63.807 E1557.78292
G1 X-25.602 Y13.778 Z63.813 E1558.36394
G1 X-26.193 Y12.614 Z63.82 E1558.97785
G1 X-26.7 Y11.489 Z63.826 E1559.55815
G1 X-26.845 Y10.471 Z63.831 E1560.04172
G1 X-26.601 Y9.424 Z63.836 E1560.54728
G1 X-25.945 Y8.128 Z63.844 E1561.23038
G1 X-25.042 Y6.618 Z63.852 E1562.05778
G1 X-24.326 Y4.856 Z63.862 E1562.95219
G1 X-24.635 Y2.898 Z63.872 E1563.88438
G1 X-25.857 Y1.441 Z63.881 E1564.77865
G1 X-27.174 Y0.281 Z63.89 E1565.60398
G1 X-28.2 Y-.757 Z63.897 E1566.29034
G1 X-28.743 Y-1.674 Z63.903 E1566.79151
G1 X-28.907 Y-2.677 Z63.908 E1567.26945
G1 X-28.77 Y-3.887 Z63.914 E1567.84211
G92 E0
G1 X-28.564 Y-5.175 Z63.92 E0.6134
G1 X-28.311 Y-6.386 Z63.926 E1.1952
G1 X-27.851 Y-7.279 Z63.931 E1.66759
G1 X-27.048 Y-7.987 Z63.937 E2.17104
G1 X-25.754 Y-8.659 Z63.944 E2.85673
G1 X-24.141 Y-9.352 Z63.953 E3.68232
G1 X-22.526 Y-10.365 Z63.962 E4.57885
G1 X-21.626 Y-12.129 Z63.972 E5.51014
G1 X-21.751 Y-14.033 Z63.982 E6.40746
G1 X-22.133 Y-15.746 Z63.99 E7.23282
G1 X-22.343 Y-17.192 Z63.998 E7.91996
G1 X-22.233 Y-18.245 Z64.003 E8.41785
G1 X-21.774 Y-19.139 Z64.008 E8.89044
G1 X-20.973 Y-20.012 Z64.014 E9.44762
G1 X-20.01 Y-20.971 Z64.02 E10.08674
G1 X-19.136 Y-21.766 Z64.026 E10.64236
G1 X-18.245 Y-22.223 Z64.031 E11.11327
G1 X-17.194 Y-22.336 Z64.037 E11.61037
G1 X-15.749 Y-22.125 Z64.044 E12.29712
G1 X-14.035 Y-21.742 Z64.053 E13.12304
G1 X-12.126 Y-21.617 Z64.062 E14.0227
G1 X-10.361 Y-22.516 Z64.072 E14.9542
G1 X-9.337 Y-24.131 Z64.082 E15.85349
G1 X-8.634 Y-25.743 Z64.09 E16.68051
G1 X-7.95 Y-27.027 Z64.098 E17.36467
G1 X-7.234 Y-27.807 Z64.103 E17.86259
G1 X-6.354 Y-28.239 Z64.108 E18.32361
G1 X-5.174 Y-28.478 Z64.114 E18.88979
G1 X-3.877 Y-28.68 Z64.12 E19.50708
G1 X-2.688 Y-28.813 Z64.126 E20.06972
G1 X-1.714 Y-28.671 Z64.131 E20.53261
G1 X-.8 Y-28.158 Z64.136 E21.02551
G1 X0.247 Y-27.148 Z64.144 E21.70964
G1 X1.416 Y-25.83 Z64.152 E22.53812
G1 X2.893 Y-24.607 Z64.162 E23.43992
G1 X4.851 Y-24.296 Z64.172 E24.37225
G1 X6.635 Y-24.999 Z64.181 E25.274
G1 X8.161 Y-25.889 Z64.19 E26.10477
G1 X9.466 Y-26.515 Z64.197 E26.78542
G1 X10.495 Y-26.711 Z64.202 E27.27803
G1 X11.455 Y-26.537 Z64.207 E27.73685
G1 X12.536 Y-26.041 Z64.213 E28.29617
G1 X13.697 Y-25.445 Z64.22 E28.90989
G1 X14.73 Y-24.859 Z64.226 E29.4684
G1 X15.433 Y-24.186 Z64.231 E29.92607
G1 X15.878 Y-23.245 Z64.236 E30.41558
G1 X16.14 Y-21.814 Z64.243 E31.09972
G1 X16.315 Y-20.059 Z64.252 E31.92914
G1 X16.798 Y-18.2 Z64.261 E32.8324
G1 X18.199 Y-16.797 Z64.271 E33.76481
G1 X20.058 Y-16.311 Z64.281 E34.66843
G1 X21.813 Y-16.131 Z64.29 E35.49808
G1 X23.241 Y-15.861 Z64.297 E36.18153
G1 X24.174 Y-15.41 Z64.302 E36.66886
G1 X24.833 Y-14.706 Z64.307 E37.12235
G1 X25.409 Y-13.679 Z64.313 E37.67609
G1 X26 Y-12.515 Z64.319 E38.29
G1 X26.487 Y-11.445 Z64.325 E38.84285
G1 X26.666 Y-10.504 Z64.33 E39.29331
G1 X26.484 Y-9.482 Z64.335 E39.78149
G1 X25.867 Y-8.176 Z64.342 E40.46075
G1 X24.978 Y-6.644 Z64.351 E41.29372
G1 X24.278 Y-4.848 Z64.36 E42.20021
G1 X24.586 Y-2.89 Z64.37 E43.13232
G1 X25.806 Y-1.395 Z64.38 E44.03976
G1 X27.118 Y-.212 Z64.389 E44.87053
G1 X28.109 Y0.848 Z64.396 E45.55294
G1 X28.584 Y1.761 Z64.401 E46.03693
G1 X28.691 Y2.701 Z64.406 E46.48184
G1 X28.554 Y3.861 Z64.412 E47.03114
G1 X28.348 Y5.147 Z64.418 E47.64362
G1 X28.113 Y6.297 Z64.424 E48.1956
G1 X27.725 Y7.147 Z64.429 E48.63501
G1 X26.987 Y7.872 Z64.434 E49.12152
G1 X25.719 Y8.575 Z64.441 E49.80334
G1 X24.106 Y9.293 Z64.45 E50.63364
G1 X22.482 Y10.343 Z64.459 E51.54308
G1 X21.582 Y12.107 Z64.469 E52.47437
G1 X21.683 Y14.04 Z64.479 E53.38464
G1 X22.045 Y15.768 Z64.488 E54.21491
G1 X22.216 Y17.212 Z64.495 E54.89872
G1 X22.053 Y18.222 Z64.5 E55.37984
;TIME_ELAPSED:542.956952
;LAYER:64
;note -- min layer time used
;TYPE:WALL-OUTER
;MESH:two-component-v5.stl
G1 F2338 X21.63 Y18.953 Z64.504 E55.77701
G1 X20.795 Y19.882 Z64.511 E56.36443
G1 X19.88 Y20.793 Z64.517 E56.97163
G1 X18.95 Y21.622 Z64.524 E57.55752
G1 X17.982 Y22.081 Z64.529 E58.06132
G1 X16.908 Y22.17 Z64.535 E58.56813
G1 X15.517 Y21.983 Z64.542 E59.22816
G1 X13.886 Y21.665 Z64.551 E60.00961
G1 X12.073 Y21.589 Z64.56 E60.86296
G1 X10.368 Y22.456 Z64.57 E61.76248
G1 X9.363 Y23.966 Z64.579 E62.61549
G1 X8.656 Y25.472 Z64.588 E63.39788
G1 X7.984 Y26.701 Z64.595 E64.05659
G1 X7.275 Y27.508 Z64.6 E64.56176
G1 X6.34 Y28.007 Z64.606 E65.06017
G1 X5.129 Y28.264 Z64.612 E65.64235
G1 X3.864 Y28.461 Z64.619 E66.24441
G1 X2.625 Y28.587 Z64.625 E66.83008
G1 X1.586 Y28.401 Z64.63 E67.32646
G1 X0.665 Y27.855 Z64.636 E67.82997
G1 X-.405 Y26.837 Z64.643 E68.52451
G1 X-1.488 Y25.682 Z64.652 E69.2691
G1 X-2.919 Y24.553 Z64.661 E70.12628
G1 X-4.809 Y24.254 Z64.671 E71.02615
G1 X-6.516 Y24.88 Z64.68 E71.88117
G1 X-7.974 Y25.677 Z64.689 E72.66258
G1 X-9.246 Y26.27 Z64.696 E73.32258
G1 X-10.29 Y26.493 Z64.701 E73.82461
G1 X-11.32 Y26.343 Z64.707 E74.3141
G1 X-12.465 Y25.832 Z64.713 E74.90375
G1 X-13.567 Y25.267 Z64.719 E75.48613
G1 X-14.65 Y24.638 Z64.726 E76.0751
G1 X-15.376 Y23.893 Z64.731 E76.5643
G1 X-15.808 Y22.916 Z64.737 E77.06666
G1 X-16.074 Y21.553 Z64.744 E77.71973
G1 X-16.287 Y19.895 Z64.752 E78.50585
G1 X-16.787 Y18.141 Z64.762 E79.36356
G1 X-18.141 Y16.787 Z64.772 E80.26406
G1 X-19.893 Y16.283 Z64.781 E81.12138
G1 X-21.552 Y16.066 Z64.79 E81.90821
G1 X-22.912 Y15.793 Z64.797 E82.56053
G1 X-23.88 Y15.353 Z64.802 E83.06057
G1 X-24.611 Y14.626 Z64.807 E83.54541
G1 X-25.229 Y13.549 Z64.814 E84.12935
G1 X-25.79 Y12.445 Z64.82 E84.71171
G1 X-26.292 Y11.31 Z64.826 E85.29534
G1 X-26.447 Y10.298 Z64.832 E85.77681
G1 X-26.237 Y9.262 Z64.837 E86.27392
G1 X-25.653 Y7.991 Z64.844 E86.93171
G1 X-24.858 Y6.525 Z64.853 E87.71597
G1 X-24.236 Y4.807 Z64.862 E88.57521
G1 X-24.533 Y2.916 Z64.872 E89.4754
G1 X-25.654 Y1.471 Z64.882 E90.33545
G1 X-26.862 Y0.318 Z64.89 E91.12077
G1 X-27.802 Y-.711 Z64.897 E91.77619
G1 X-28.311 Y-1.631 Z64.903 E92.27064
G1 X-28.464 Y-2.637 Z64.908 E92.74917
G1 X-28.334 Y-3.843 Z64.914 E93.3196
G1 X-28.131 Y-5.108 Z64.921 E93.92211
G1 X-27.88 Y-6.283 Z64.927 E94.48714
G1 X-27.422 Y-7.189 Z64.932 E94.96455
G1 X-26.657 Y-7.904 Z64.937 E95.45698
G1 X-25.446 Y-8.595 Z64.945 E96.11267
G1 X-23.938 Y-9.318 Z64.953 E96.89913
G1 X-22.424 Y-10.351 Z64.963 E97.76105
G1 X-21.555 Y-12.055 Z64.972 E98.66058
G1 X-21.605 Y-13.889 Z64.982 E99.52338
G1 X-21.9 Y-15.533 Z64.99 E100.30885
G1 X-22.047 Y-16.922 Z64.998 E100.96571
G1 X-21.908 Y-17.954 Z65.003 E101.45541
G1 X-21.44 Y-18.844 Z65.008 E101.92828
G1 X-20.639 Y-19.726 Z65.014 E102.48858
G1 X-19.724 Y-20.637 Z65.021 E103.09579
G1 X-18.84 Y-21.432 Z65.027 E103.65489
G1 X-17.953 Y-21.898 Z65.032 E104.12608
G1 X-16.924 Y-22.038 Z65.037 E104.61445
G1 X-15.536 Y-21.891 Z65.045 E105.27083
G1 X-13.89 Y-21.596 Z65.053 E106.05723
G1 X-12.051 Y-21.547 Z65.063 E106.92237
G1 X-10.347 Y-22.415 Z65.072 E107.82168
G1 X-9.304 Y-23.928 Z65.082 E108.68588
G1 X-8.57 Y-25.434 Z65.09 E109.47375
G1 X-7.867 Y-26.636 Z65.098 E110.12859
G1 X-7.144 Y-27.377 Z65.103 E110.61545
G1 X-6.251 Y-27.807 Z65.108 E111.08155
G1 X-5.095 Y-28.047 Z65.114 E111.63678
G1 X-3.829 Y-28.244 Z65.121 E112.23931
G1 X-2.648 Y-28.369 Z65.127 E112.7978
G1 X-1.67 Y-28.235 Z65.132 E113.26202
G1 X-.756 Y-27.756 Z65.137 E113.74729
G1 X0.339 Y-26.778 Z65.145 E114.43773
G1 X1.444 Y-25.627 Z65.153 E115.18808
G1 X2.912 Y-24.506 Z65.162 E116.0567
G1 X4.802 Y-24.207 Z65.172 E116.95656
G1 X6.542 Y-24.815 Z65.182 E117.82335
G1 X8.023 Y-25.597 Z65.19 E118.61095
G1 X9.302 Y-26.149 Z65.197 E119.26605
G1 X10.319 Y-26.311 Z65.203 E119.75034
G1 X11.275 Y-26.129 Z65.208 E120.208
G1 X12.363 Y-25.637 Z65.214 E120.76953
G1 X13.467 Y-25.071 Z65.22 E121.35296
G1 X14.503 Y-24.475 Z65.226 E121.91503
G1 X15.211 Y-23.808 Z65.231 E122.37247
G1 X15.679 Y-22.89 Z65.236 E122.85704
G1 X15.981 Y-21.543 Z65.244 E123.50622
G1 X16.22 Y-19.877 Z65.252 E124.29771
G1 X16.753 Y-18.107 Z65.262 E125.16701
G1 X18.107 Y-16.753 Z65.271 E126.0675
G1 X19.876 Y-16.216 Z65.281 E126.9369
G1 X21.542 Y-15.973 Z65.29 E127.72866
G1 X22.886 Y-15.663 Z65.297 E128.37729
G1 X23.796 Y-15.187 Z65.302 E128.86025
G1 X24.448 Y-14.479 Z65.307 E129.31288
G1 X25.034 Y-13.449 Z65.313 E129.87016
G1 X25.594 Y-12.345 Z65.319 E130.45231
G1 X26.078 Y-11.264 Z65.325 E131.0093
G1 X26.265 Y-10.326 Z65.33 E131.45909
G1 X26.115 Y-9.318 Z65.336 E131.93835
G1 X25.572 Y-8.037 Z65.343 E132.59265
G1 X24.793 Y-6.55 Z65.351 E133.38209
G1 X24.189 Y-4.799 Z65.361 E134.25315
G1 X24.486 Y-2.909 Z65.371 E135.15286
G1 X25.6 Y-1.427 Z65.38 E136.02474
G1 X26.799 Y-.249 Z65.389 E136.8152
G1 X27.705 Y0.802 Z65.396 E137.46775
G1 X28.145 Y1.715 Z65.401 E137.94436
G1 X28.246 Y2.661 Z65.406 E138.39177
G1 X28.117 Y3.809 Z65.412 E138.93504
G1 X27.914 Y5.074 Z65.419 E139.53754
G1 X27.68 Y6.194 Z65.424 E140.07561
G1 X27.291 Y7.058 Z65.429 E140.52121
G1 X26.592 Y7.788 Z65.434 E140.99651
G1 X25.408 Y8.509 Z65.442 E141.64842
G1 X23.9 Y9.26 Z65.45 E142.44067
G1 X22.382 Y10.33 Z65.46 E143.31406
G1 X21.513 Y12.033 Z65.47 E144.21317
G1 X21.536 Y13.893 Z65.479 E145.08794
G1 X21.809 Y15.553 Z65.488 E145.87907
G1 X21.915 Y16.938 Z65.495 E146.5323
G1 X21.725 Y17.925 Z65.5 E147.00498
;TIME_ELAPSED:547.966142
;LAYER:65
;note -- min layer time used
;TYPE:WALL-OUTER
;MESH:two-component-v5.stl
G1 F2267.5 X21.294 Y18.659 Z65.505 E147.40527
G1 X20.468 Y19.585 Z65.511 E147.98881
G1 X19.583 Y20.466 Z65.518 E148.57606
G1 X18.656 Y21.286 Z65.524 E149.15808
G1 X17.693 Y21.758 Z65.53 E149.66242
G1 X16.634 Y21.882 Z65.536 E150.16384
G1 X15.312 Y21.759 Z65.543 E150.78823
G1 X13.74 Y21.525 Z65.551 E151.53564
G1 X11.999 Y21.52 Z65.56 E152.35438
G1 X10.359 Y22.356 Z65.57 E153.22005
G1 X9.334 Y23.764 Z65.579 E154.03906
G1 X8.601 Y25.163 Z65.588 E154.78181
G1 X7.909 Y26.313 Z65.595 E155.41298
G1 X7.185 Y27.082 Z65.6 E155.90967
G1 X6.238 Y27.572 Z65.606 E156.4111
G1 X5.07 Y27.827 Z65.612 E156.97332
G1 X3.812 Y28.023 Z65.619 E157.57205
G1 X2.582 Y28.142 Z65.625 E158.15319
G1 X1.543 Y27.969 Z65.631 E158.64853
G1 X0.613 Y27.458 Z65.637 E159.14755
G1 X-.387 Y26.598 Z65.644 E159.76781
G1 X-1.526 Y25.478 Z65.652 E160.51902
G1 X-2.94 Y24.454 Z65.661 E161.34004
G1 X-4.758 Y24.166 Z65.671 E162.20565
G1 X-6.421 Y24.7 Z65.68 E163.02704
G1 X-7.851 Y25.401 Z65.689 E163.77599
G1 X-9.072 Y25.909 Z65.696 E164.3979
G1 X-10.113 Y26.097 Z65.701 E164.89537
G1 X-11.148 Y25.931 Z65.707 E165.38832
G1 X-12.233 Y25.454 Z65.713 E165.9457
G1 X-13.398 Y24.856 Z65.72 E166.56152
G1 X-14.42 Y24.254 Z65.726 E167.11932
G1 X-15.158 Y23.515 Z65.732 E167.61047
G1 X-15.616 Y22.574 Z65.737 E168.10263
G1 X-15.927 Y21.266 Z65.745 E168.73489
G1 X-16.197 Y19.71 Z65.753 E169.47757
G1 X-16.746 Y18.048 Z65.762 E170.30069
G1 X-18.047 Y16.746 Z65.772 E171.16627
G1 X-19.708 Y16.194 Z65.781 E171.9894
G1 X-21.269 Y15.917 Z65.79 E172.73496
G1 X-22.569 Y15.6 Z65.797 E173.36422
G1 X-23.501 Y15.136 Z65.802 E173.85383
G1 X-24.226 Y14.397 Z65.808 E174.34068
G1 X-24.819 Y13.379 Z65.814 E174.89471
G1 X-25.41 Y12.214 Z65.821 E175.50904
G1 X-25.879 Y11.137 Z65.827 E176.06146
G1 X-26.049 Y10.119 Z65.832 E176.54683
G1 X-25.874 Y9.088 Z65.838 E177.03861
G1 X-25.375 Y7.865 Z65.845 E177.65978
G1 X-24.678 Y6.43 Z65.853 E178.41001
G1 X-24.148 Y4.756 Z65.863 E179.23576
G1 X-24.435 Y2.937 Z65.872 E180.10176
G1 X-25.452 Y1.508 Z65.882 E180.9266
G1 X-26.56 Y0.349 Z65.89 E181.68063
G1 X-27.403 Y-.658 Z65.897 E182.29823
G1 X-27.876 Y-1.585 Z65.903 E182.78764
G1 X-28.018 Y-2.594 Z65.908 E183.26682
G1 X-27.895 Y-3.791 Z65.914 E183.8327
G1 X-27.694 Y-5.042 Z65.921 E184.42855
G1 X-27.443 Y-6.181 Z65.927 E184.97704
G1 X-26.993 Y-7.099 Z65.933 E185.45783
G1 X-26.265 Y-7.828 Z65.938 E185.94233
G1 X-25.133 Y-8.538 Z65.945 E186.57072
G1 X-23.734 Y-9.291 Z65.954 E187.31787
G1 X-22.324 Y-10.342 Z65.963 E188.1449
G1 X-21.488 Y-11.982 Z65.973 E189.01056
G1 X-21.463 Y-13.74 Z65.982 E189.83738
G1 X-21.673 Y-15.326 Z65.99 E190.58974
G1 X-21.754 Y-16.643 Z65.997 E191.21026
G1 X-21.583 Y-17.658 Z66.003 E191.69431
G1 X-21.102 Y-18.547 Z66.008 E192.16965
G1 X-20.311 Y-19.428 Z66.015 E192.72645
G1 X-19.426 Y-20.309 Z66.021 E193.3137
G1 X-18.543 Y-21.094 Z66.027 E193.86932
G1 X-17.657 Y-21.572 Z66.033 E194.34275
G1 X-16.644 Y-21.744 Z66.038 E194.82595
G1 X-15.328 Y-21.663 Z66.045 E195.446
G1 X-13.741 Y-21.454 Z66.054 E196.19876
G1 X-11.978 Y-21.48 Z66.063 E197.02794
G1 X-10.338 Y-22.315 Z66.073 E197.89339
G1 X-9.276 Y-23.723 Z66.082 E198.72276
G1 X-8.513 Y-25.12 Z66.09 E199.47133
G1 X-7.791 Y-26.241 Z66.097 E200.09839
G1 X-7.056 Y-26.945 Z66.103 E200.57701
G1 X-6.149 Y-27.369 Z66.108 E201.04785
G1 X-5.025 Y-27.609 Z66.114 E201.58835
G1 X-3.777 Y-27.804 Z66.121 E202.18237
G1 X-2.604 Y-27.922 Z66.127 E202.73678
G1 X-1.623 Y-27.798 Z66.132 E203.20179
G1 X-.701 Y-27.353 Z66.138 E203.68324
G1 X0.313 Y-26.53 Z66.145 E204.29739
G1 X1.484 Y-25.422 Z66.153 E205.05552
G1 X2.933 Y-24.409 Z66.163 E205.88695
G1 X4.751 Y-24.12 Z66.172 E206.75264
G1 X6.444 Y-24.633 Z66.182 E207.58455
G1 X7.896 Y-25.314 Z66.19 E208.33876
G1 X9.125 Y-25.782 Z66.197 E208.9572
G1 X10.137 Y-25.909 Z66.203 E209.43685
G1 X11.101 Y-25.715 Z66.208 E209.89928
G1 X12.142 Y-25.25 Z66.214 E210.43545
G1 X13.289 Y-24.662 Z66.221 E211.0416
G1 X14.273 Y-24.088 Z66.227 E211.57733
G1 X14.993 Y-23.424 Z66.232 E212.03792
G1 X15.481 Y-22.541 Z66.237 E212.51237
G1 X15.83 Y-21.256 Z66.244 E213.13856
G1 X16.13 Y-19.689 Z66.253 E213.88886
G1 X16.714 Y-18.016 Z66.262 E214.72217
G1 X18.015 Y-16.714 Z66.272 E215.58776
G1 X19.687 Y-16.126 Z66.281 E216.42125
G1 X21.254 Y-15.821 Z66.29 E217.172
G1 X22.536 Y-15.465 Z66.297 E217.7977
G1 X23.41 Y-14.97 Z66.302 E218.27005
G1 X24.061 Y-14.249 Z66.307 E218.72688
G1 X24.626 Y-13.269 Z66.313 E219.25885
G1 X25.207 Y-12.123 Z66.32 E219.86309
G1 X25.663 Y-11.09 Z66.326 E220.3941
G1 X25.86 Y-10.143 Z66.331 E220.84898
G1 X25.746 Y-9.14 Z66.336 E221.3237
G1 X25.288 Y-7.91 Z66.343 E221.94093
G1 X24.61 Y-6.452 Z66.352 E222.6971
G1 X24.103 Y-4.748 Z66.361 E223.53315
G1 X24.39 Y-2.93 Z66.371 E224.39869
G1 X25.396 Y-1.465 Z66.38 E225.23443
G1 X26.492 Y-.28 Z66.389 E225.99352
G1 X27.299 Y0.747 Z66.396 E226.60775
G1 X27.705 Y1.666 Z66.401 E227.08023
G1 X27.798 Y2.616 Z66.406 E227.52912
G1 X27.675 Y3.756 Z66.412 E228.06834
G1 X27.476 Y4.997 Z66.419 E228.6594
G1 X27.24 Y6.092 Z66.425 E229.18617
G1 X26.855 Y6.97 Z66.43 E229.63702
G1 X26.193 Y7.711 Z66.435 E230.1043
G1 X25.089 Y8.451 Z66.442 E230.72932
G1 X23.693 Y9.234 Z66.451 E231.48203
G1 X22.282 Y10.321 Z66.46 E232.31966
G1 X21.447 Y11.961 Z66.47 E233.18511
G1 X21.393 Y13.741 Z66.479 E234.02258
G1 X21.577 Y15.342 Z66.488 E234.78044
G1 X21.617 Y16.654 Z66.495 E235.39772
G1 X21.397 Y17.623 Z66.5 E235.86501
;TIME_ELAPSED:552.975598
;LAYER:66
;note -- min layer time used
;TYPE:WALL-OUTER
;MESH:two-component-v5.stl
G1 F2199.2 X20.954 Y18.362 Z66.505 E236.2702
G1 X20.165 Y19.257 Z66.511 E236.83129
G1 X19.255 Y20.162 Z66.518 E237.43483
G1 X18.358 Y20.946 Z66.525 E237.99508
G1 X17.401 Y21.435 Z66.531 E238.50048
G1 X16.355 Y21.597 Z66.536 E238.99825
G1 X15.227 Y21.553 Z66.543 E239.52912
G1 X14.107 Y21.426 Z66.549 E240.0592
G1 X13.605 Y21.387 Z66.551 E240.29598
G1 X11.924 Y21.456 Z66.561 E241.08718
G1 X10.351 Y22.255 Z66.57 E241.91687
G1 X9.315 Y23.558 Z66.579 E242.69971
G1 X8.543 Y24.866 Z66.588 E243.41398
G1 X7.834 Y25.931 Z66.595 E244.01565
G1 X7.096 Y26.657 Z66.6 E244.50249
G1 X6.14 Y27.131 Z66.606 E245.0043
G1 X4.95 Y27.395 Z66.613 E245.57753
G1 X3.731 Y27.584 Z66.619 E246.15763
G1 X2.542 Y27.694 Z66.626 E246.71918
G1 X1.496 Y27.537 Z66.632 E247.21659
G1 X0.557 Y27.065 Z66.637 E247.71082
G1 X-.345 Y26.362 Z66.644 E248.24862
G1 X-1.176 Y25.611 Z66.65 E248.77536
G1 X-1.556 Y25.287 Z66.653 E249.0102
G1 X-2.964 Y24.358 Z66.662 E249.80349
G1 X-4.708 Y24.081 Z66.671 E250.63392
G1 X-6.314 Y24.521 Z66.68 E251.417
G1 X-7.383 Y24.973 Z66.687 E251.96282
G1 X-7.712 Y25.12 Z66.689 E252.13228
G1 X-8.912 Y25.556 Z66.696 E252.7327
G1 X-9.935 Y25.698 Z66.701 E253.2184
G1 X-10.964 Y25.518 Z66.707 E253.70965
G1 X-12.063 Y25.04 Z66.714 E254.27325
G1 X-13.158 Y24.478 Z66.72 E254.85206
G1 X-14.192 Y23.864 Z66.727 E255.41759
G1 X-14.942 Y23.137 Z66.733 E255.9088
G1 X-15.43 Y22.214 Z66.738 E256.39979
G1 X-15.753 Y21.125 Z66.744 E256.93397
G1 X-15.985 Y20.05 Z66.75 E257.45115
G1 X-16.108 Y19.536 Z66.753 E257.69969
G1 X-16.709 Y17.956 Z66.763 E258.49466
G1 X-17.956 Y16.709 Z66.772 E259.32399
G1 X-19.516 Y16.112 Z66.781 E260.1095
G1 X-21.008 Y15.768 Z66.79 E260.82955
G1 X-22.215 Y15.412 Z66.797 E261.42135
G1 X-23.122 Y14.919 Z66.802 E261.90682
G1 X-23.836 Y14.169 Z66.808 E262.39379
G1 X-24.44 Y13.14 Z66.814 E262.95491
G1 X-25.003 Y12.027 Z66.821 E263.54147
G1 X-25.466 Y10.953 Z66.828 E264.09148
G1 X-25.649 Y9.941 Z66.833 E264.57511
G1 X-25.514 Y8.908 Z66.839 E265.06503
G1 X-25.144 Y7.842 Z66.845 E265.59568
G1 X-24.689 Y6.793 Z66.851 E266.1334
G1 X-24.503 Y6.34 Z66.854 E266.36369
G1 X-24.063 Y4.706 Z66.863 E267.15948
G1 X-24.338 Y2.961 Z66.873 E267.99023
G1 X-25.248 Y1.554 Z66.882 E268.77824
G1 X-26.248 Y0.395 Z66.89 E269.49812
G1 X-27.014 Y-.614 Z66.897 E270.09387
G1 X-27.44 Y-1.536 Z66.903 E270.5715
G1 X-27.568 Y-2.553 Z66.908 E271.05354
G1 X-27.454 Y-3.717 Z66.915 E271.60355
G1 X-27.26 Y-4.928 Z66.921 E272.18031
G1 X-27.001 Y-6.084 Z66.928 E272.73742
G1 X-26.562 Y-7.012 Z66.933 E273.2202
G1 X-25.862 Y-7.764 Z66.939 E273.70335
G1 X-24.945 Y-8.414 Z66.945 E274.23194
G1 X-23.979 Y-8.992 Z66.951 E274.76133
G1 X-23.542 Y-9.26 Z66.954 E275.0024
G1 X-22.225 Y-10.334 Z66.963 E275.80158
G1 X-21.424 Y-11.906 Z66.973 E276.63129
G1 X-21.326 Y-13.581 Z66.982 E277.42034
G1 X-21.413 Y-14.746 Z66.989 E277.96973
G1 X-21.448 Y-15.107 Z66.991 E278.14029
G1 X-21.465 Y-16.367 Z66.997 E278.73289
G1 X-21.259 Y-17.361 Z67.003 E279.21027
G1 X-20.762 Y-18.248 Z67.008 E279.68842
G1 X-19.998 Y-19.107 Z67.015 E280.22904
G1 X-19.105 Y-19.995 Z67.022 E280.82128
G1 X-18.244 Y-20.755 Z67.028 E281.36136
G1 X-17.359 Y-21.247 Z67.033 E281.83754
G1 X-16.359 Y-21.456 Z67.039 E282.31797
G1 X-15.239 Y-21.448 Z67.045 E282.84469
G1 X-14.115 Y-21.356 Z67.051 E283.37504
G1 X-13.602 Y-21.315 Z67.054 E283.61706
G1 X-11.903 Y-21.416 Z67.063 E284.41746
G1 X-10.33 Y-22.215 Z67.073 E285.24716
G1 X-9.258 Y-23.515 Z67.082 E286.03956
G1 X-8.455 Y-24.817 Z67.091 E286.75894
G1 X-7.714 Y-25.85 Z67.097 E287.35678
G1 X-6.969 Y-26.512 Z67.103 E287.82547
G1 X-6.052 Y-26.926 Z67.108 E288.29862
G1 X-4.915 Y-27.173 Z67.115 E288.84579
G1 X-3.707 Y-27.361 Z67.121 E289.42072
G1 X-2.562 Y-27.471 Z67.128 E289.96166
G1 X-1.572 Y-27.359 Z67.133 E290.4302
G1 X-.644 Y-26.952 Z67.139 E290.90673
G1 X0.275 Y-26.285 Z67.145 E291.44075
G1 X1.128 Y-25.559 Z67.151 E291.96751
G1 X1.515 Y-25.227 Z67.154 E292.2073
G1 X2.957 Y-24.313 Z67.163 E293.01018
G1 X4.701 Y-24.036 Z67.173 E293.84061
G1 X6.334 Y-24.453 Z67.182 E294.6332
G1 X7.422 Y-24.887 Z67.188 E295.18406
G1 X7.754 Y-25.028 Z67.19 E295.35369
G1 X8.962 Y-25.42 Z67.197 E295.95094
G1 X9.953 Y-25.506 Z67.203 E296.41873
G1 X10.915 Y-25.3 Z67.208 E296.88139
G1 X11.961 Y-24.839 Z67.214 E297.41894
G1 X13.056 Y-24.277 Z67.221 E297.99775
G1 X14.046 Y-23.696 Z67.227 E298.53758
G1 X14.776 Y-23.038 Z67.233 E298.99975
G1 X15.294 Y-22.175 Z67.238 E299.47309
G1 X15.65 Y-21.104 Z67.244 E300.00385
G1 X15.916 Y-20.036 Z67.25 E300.52144
G1 X16.041 Y-19.511 Z67.253 E300.77523
G1 X16.677 Y-17.924 Z67.262 E301.57925
G1 X17.924 Y-16.677 Z67.272 E302.40859
G1 X19.492 Y-16.044 Z67.281 E303.20379
G1 X20.988 Y-15.668 Z67.29 E303.9292
G1 X22.175 Y-15.274 Z67.297 E304.51736
G1 X23.023 Y-14.753 Z67.302 E304.9854
G1 X23.668 Y-14.022 Z67.307 E305.44386
G1 X24.24 Y-13.038 Z67.314 E305.97911
G1 X24.798 Y-11.935 Z67.32 E306.56041
G1 X25.248 Y-10.903 Z67.326 E307.08987
G1 X25.457 Y-9.958 Z67.332 E307.54501
G1 X25.38 Y-8.955 Z67.337 E308.01808
G1 X25.048 Y-7.885 Z67.343 E308.54494
G1 X24.633 Y-6.839 Z67.349 E309.07414
G1 X24.434 Y-6.36 Z67.352 E309.31807
G1 X24.018 Y-4.698 Z67.362 E310.12377
G1 X24.294 Y-2.954 Z67.371 E310.95413
G1 X25.189 Y-1.514 Z67.381 E311.75146
G1 X26.174 Y-.326 Z67.389 E312.4772
G1 X26.9 Y0.703 Z67.396 E313.06942
G1 X27.263 Y1.613 Z67.401 E313.53016
G1 X27.346 Y2.573 Z67.406 E313.98331
G1 X27.231 Y3.693 Z67.413 E314.51278
G1 X27.037 Y4.893 Z67.419 E315.08443
G1 X26.795 Y5.996 Z67.425 E315.61548
G1 X26.417 Y6.884 Z67.431 E316.06934
G1 X25.782 Y7.647 Z67.436 E316.53616
G1 X24.893 Y8.324 Z67.442 E317.06166
G1 X23.944 Y8.931 Z67.448 E317.59143
G1 X23.497 Y9.203 Z67.451 E317.8375
G1 X22.184 Y10.314 Z67.461 E318.64635
G1 X21.383 Y11.886 Z67.47 E319.47605
G1 X21.255 Y13.579 Z67.479 E320.27449
G1 X21.319 Y14.757 Z67.486 E320.82929
G1 X21.347 Y15.119 Z67.488 E321.00004
G1 X21.323 Y16.372 Z67.495 E321.58939
G1 X21.071 Y17.319 Z67.5 E322.05024
;TIME_ELAPSED:557.984774
;LAYER:67
;note -- min layer time used
;TYPE:WALL-OUTER
;MESH:two-component-v5.stl
G1 F2133.6 X20.616 Y18.061 Z67.505 E322.45956
G1 X19.844 Y18.941 Z67.511 E323.01008
G1 X18.94 Y19.841 Z67.519 E323.60997
G1 X18.057 Y20.607 Z67.525 E324.15969
G1 X17.111 Y21.113 Z67.531 E324.66421
G1 X16.088 Y21.319 Z67.537 E325.15495
G1 X14.878 Y21.324 Z67.544 E325.72399
G1 X13.433 Y21.255 Z67.552 E326.4043
G1 X11.848 Y21.393 Z67.561 E327.1525
G1 X10.344 Y22.158 Z67.571 E327.94603
G1 X9.297 Y23.358 Z67.579 E328.69496
G1 X8.51 Y24.542 Z67.587 E329.36354
G1 X7.775 Y25.53 Z67.594 E329.94264
G1 X7.008 Y26.23 Z67.6 E330.43097
G1 X6.043 Y26.687 Z67.606 E330.9331
G1 X4.903 Y26.945 Z67.613 E331.48277
G1 X3.67 Y27.138 Z67.62 E332.06967
G1 X2.495 Y27.242 Z67.626 E332.6244
G1 X1.447 Y27.103 Z67.632 E333.12156
G1 X0.501 Y26.679 Z67.638 E333.60908
G1 X-.479 Y25.983 Z67.645 E334.17435
G1 X-1.619 Y25.078 Z67.653 E334.85885
G1 X-2.989 Y24.262 Z67.662 E335.60875
G1 X-4.653 Y23.998 Z67.672 E336.40107
G1 X-6.21 Y24.349 Z67.681 E337.15165
G1 X-7.565 Y24.84 Z67.689 E337.82942
G1 X-8.721 Y25.195 Z67.696 E338.39811
G1 X-9.752 Y25.3 Z67.701 E338.88546
G1 X-10.781 Y25.102 Z67.707 E339.37825
G1 X-11.884 Y24.624 Z67.714 E339.94357
G1 X-12.92 Y24.094 Z67.721 E340.49083
G1 X-13.95 Y23.482 Z67.727 E341.05426
G1 X-14.72 Y22.764 Z67.733 E341.54937
G1 X-15.25 Y21.862 Z67.739 E342.04136
G1 X-15.64 Y20.729 Z67.746 E342.60486
G1 X-16.037 Y19.331 Z67.754 E343.2883
G1 X-16.673 Y17.866 Z67.763 E344.03936
G1 X-17.864 Y16.673 Z67.772 E344.83212
G1 X-19.329 Y16.034 Z67.781 E345.58375
G1 X-20.702 Y15.636 Z67.789 E346.25602
G1 X-21.858 Y15.231 Z67.796 E346.83205
G1 X-22.738 Y14.704 Z67.802 E347.31442
G1 X-23.444 Y13.939 Z67.808 E347.80397
G1 X-24.031 Y12.946 Z67.814 E348.34644
G1 X-24.576 Y11.872 Z67.821 E348.91282
G1 X-25.049 Y10.771 Z67.828 E349.47635
G1 X-25.25 Y9.756 Z67.834 E349.96294
G1 X-25.16 Y8.733 Z67.84 E350.44589
G1 X-24.817 Y7.579 Z67.846 E351.01204
G1 X-24.324 Y6.217 Z67.855 E351.69322
G1 X-23.981 Y4.651 Z67.864 E352.44713
G1 X-24.244 Y2.987 Z67.873 E353.23937
G1 X-25.049 Y1.603 Z67.882 E353.99232
G1 X-25.933 Y0.456 Z67.89 E354.67333
G1 X-26.611 Y-.544 Z67.897 E355.2415
G1 X-27.003 Y-1.484 Z67.903 E355.72045
G1 X-27.115 Y-2.505 Z67.908 E356.20348
G1 X-27.006 Y-3.655 Z67.915 E356.74672
G1 X-26.811 Y-4.868 Z67.922 E357.32448
G1 X-26.559 Y-5.978 Z67.928 E357.85976
G1 X-26.131 Y-6.923 Z67.934 E358.34762
G1 X-25.473 Y-7.696 Z67.94 E358.82501
G1 X-24.505 Y-8.449 Z67.947 E359.40175
G1 X-23.323 Y-9.255 Z67.955 E360.07454
G1 X-22.128 Y-10.328 Z67.964 E360.82982
G1 X-21.361 Y-11.83 Z67.973 E361.62293
G1 X-21.194 Y-13.428 Z67.982 E362.37851
G1 X-21.224 Y-14.85 Z67.99 E363.04739
G1 X-21.18 Y-16.083 Z67.997 E363.6276
G1 X-20.935 Y-17.063 Z68.003 E364.10265
G1 X-20.424 Y-17.944 Z68.009 E364.58161
G1 X-19.675 Y-18.79 Z68.015 E365.11298
G1 X-18.789 Y-19.672 Z68.022 E365.7009
G1 X-17.94 Y-20.416 Z68.028 E366.23177
G1 X-17.06 Y-20.923 Z68.034 E366.70938
G1 X-16.084 Y-21.169 Z68.04 E367.18272
G1 X-14.884 Y-21.218 Z68.047 E367.74752
G1 X-13.427 Y-21.183 Z68.055 E368.4329
G1 X-11.827 Y-21.354 Z68.064 E369.18962
G1 X-10.324 Y-22.119 Z68.073 E369.98272
G1 X-9.242 Y-23.311 Z68.082 E370.73978
G1 X-8.422 Y-24.487 Z68.09 E371.41399
G1 X-7.657 Y-25.441 Z68.097 E371.98906
G1 X-6.883 Y-26.078 Z68.103 E372.46047
G1 X-5.956 Y-26.48 Z68.109 E372.93564
G1 X-4.855 Y-26.723 Z68.115 E373.46587
G1 X-3.647 Y-26.912 Z68.122 E374.04087
G1 X-2.513 Y-27.017 Z68.128 E374.57644
G1 X-1.518 Y-26.919 Z68.134 E375.04662
G1 X-.585 Y-26.555 Z68.139 E375.51759
G1 X0.412 Y-25.9 Z68.146 E376.07858
G1 X1.581 Y-25.016 Z68.154 E376.76782
G1 X2.982 Y-24.219 Z68.163 E377.52582
G1 X4.646 Y-23.954 Z68.173 E378.31821
G1 X6.228 Y-24.278 Z68.182 E379.07762
G1 X7.604 Y-24.745 Z68.19 E379.76097
G1 X8.763 Y-25.055 Z68.197 E380.32517
G1 X9.763 Y-25.104 Z68.203 E380.79601
G1 X10.729 Y-24.883 Z68.208 E381.26203
G1 X11.781 Y-24.422 Z68.215 E381.80217
G1 X12.818 Y-23.892 Z68.221 E382.34984
G1 X13.804 Y-23.31 Z68.228 E382.88828
G1 X14.553 Y-22.656 Z68.233 E383.35589
G1 X15.109 Y-21.812 Z68.239 E383.83119
G1 X15.537 Y-20.706 Z68.246 E384.38889
G1 X15.97 Y-19.304 Z68.254 E385.07894
G1 X16.642 Y-17.834 Z68.263 E385.83905
G1 X17.833 Y-16.641 Z68.272 E386.63181
G1 X19.302 Y-15.967 Z68.281 E387.39188
G1 X20.677 Y-15.536 Z68.29 E388.06953
G1 X21.81 Y-15.091 Z68.296 E388.64197
G1 X22.632 Y-14.538 Z68.302 E389.10787
G1 X23.273 Y-13.792 Z68.308 E389.57041
G1 X23.836 Y-12.832 Z68.314 E390.09378
G1 X24.374 Y-11.769 Z68.32 E390.65405
G1 X24.83 Y-10.718 Z68.327 E391.19283
G1 X25.053 Y-9.766 Z68.332 E391.65264
G1 X25.016 Y-8.775 Z68.338 E392.11901
G1 X24.717 Y-7.617 Z68.345 E392.68144
G1 X24.253 Y-6.234 Z68.353 E393.36745
G1 X23.937 Y-4.644 Z68.362 E394.12981
G1 X24.201 Y-2.98 Z68.372 E394.92213
G1 X24.988 Y-1.564 Z68.381 E395.68397
G1 X25.852 Y-.389 Z68.389 E396.36985
G1 X26.49 Y0.628 Z68.396 E396.93443
G1 X26.82 Y1.556 Z68.401 E397.39762
G1 X26.891 Y2.523 Z68.407 E397.85359
G1 X26.78 Y3.633 Z68.413 E398.3782
G1 X26.588 Y4.82 Z68.42 E398.94367
G1 X26.351 Y5.892 Z68.426 E399.45997
G1 X25.978 Y6.799 Z68.431 E399.92117
G1 X25.381 Y7.577 Z68.437 E400.38234
G1 X24.448 Y8.36 Z68.444 E400.95514
G1 X23.276 Y9.2 Z68.452 E401.63325
G1 X22.088 Y10.309 Z68.461 E402.39752
G1 X21.321 Y11.81 Z68.47 E403.19022
G1 X21.121 Y13.422 Z68.48 E403.95411
G1 X21.124 Y14.859 Z68.488 E404.62989
G1 X21.032 Y16.08 Z68.495 E405.20572
G1 X20.745 Y17.013 Z68.5 E405.66477
;TIME_ELAPSED:562.993681
;LAYER:68
;TYPE:WALL-OUTER
;MESH:two-component-v5.stl
G1 F2044.6 X20.276 Y17.757 Z68.503 E406.07837
G1 X19.488 Y18.656 Z68.507 E406.64055
G1 X18.655 Y19.485 Z68.51 E407.19322
G1 X17.753 Y20.267 Z68.514 E407.75462
G1 X16.815 Y20.792 Z68.518 E408.26012
G1 X15.757 Y21.043 Z68.521 E408.77147
G1 X14.494 Y21.112 Z68.525 E409.3663
G1 X13.276 Y21.128 Z68.529 E409.93914
G1 X11.769 Y21.333 Z68.534 E410.65435
G1 X10.341 Y22.06 Z68.539 E411.40791
G1 X9.238 Y23.208 Z68.545 E412.15659
G1 X8.473 Y24.238 Z68.549 E412.75994
G1 X7.714 Y25.145 Z68.553 E413.31612
G1 X6.922 Y25.801 Z68.556 E413.79974
G1 X5.948 Y26.24 Z68.559 E414.30215
G1 X4.79 Y26.503 Z68.563 E414.86059
G1 X3.603 Y26.688 Z68.567 E415.42553
G1 X2.455 Y26.787 Z68.571 E415.9674
G1 X1.395 Y26.667 Z68.574 E416.46907
G1 X0.394 Y26.262 Z68.578 E416.97688
G1 X-.672 Y25.581 Z68.582 E417.57174
G1 X-1.669 Y24.884 Z68.586 E418.14381
G1 X-3.016 Y24.17 Z68.591 E418.86075
G1 X-4.6 Y23.917 Z68.596 E419.61509
G1 X-6.182 Y24.193 Z68.601 E420.37029
G1 X-7.393 Y24.565 Z68.605 E420.96605
G1 X-8.543 Y24.847 Z68.609 E421.52288
G1 X-9.568 Y24.902 Z68.612 E422.00559
G1 X-10.6 Y24.682 Z68.616 E422.50181
G1 X-11.659 Y24.228 Z68.619 E423.04366
G1 X-12.749 Y23.669 Z68.623 E423.61973
G1 X-13.731 Y23.077 Z68.627 E424.15896
G1 X-14.509 Y22.373 Z68.63 E424.65238
G1 X-15.091 Y21.462 Z68.634 E425.16075
G1 X-15.562 Y20.294 Z68.638 E425.753
G1 X-15.964 Y19.144 Z68.642 E426.3259
G1 X-16.639 Y17.774 Z68.647 E427.04412
G1 X-17.773 Y16.639 Z68.652 E427.79863
G1 X-19.136 Y15.964 Z68.657 E428.51389
G1 X-20.411 Y15.51 Z68.661 E429.15036
G1 X-21.507 Y15.051 Z68.665 E429.70915
G1 X-22.357 Y14.488 Z68.668 E430.1886
G1 X-23.048 Y13.709 Z68.672 E430.6783
G1 X-23.64 Y12.713 Z68.675 E431.22317
G1 X-24.181 Y11.64 Z68.679 E431.78828
G1 X-24.629 Y10.588 Z68.683 E432.32599
G1 X-24.85 Y9.57 Z68.686 E432.81587
G1 X-24.797 Y8.505 Z68.69 E433.31732
G1 X-24.5 Y7.28 Z68.694 E433.91009
G1 X-24.154 Y6.106 Z68.698 E434.48566
G1 X-23.899 Y4.598 Z68.703 E435.20489
G1 X-24.15 Y3.013 Z68.708 E435.95955
G1 X-24.886 Y1.591 Z68.713 E436.71253
G1 X-25.616 Y0.529 Z68.717 E437.31856
G1 X-26.219 Y-.481 Z68.721 E437.87174
G1 X-26.564 Y-1.429 Z68.724 E438.34616
G1 X-26.66 Y-2.463 Z68.728 E438.83451
G1 X-26.555 Y-3.588 Z68.731 E439.36585
G1 X-26.362 Y-4.782 Z68.735 E439.93464
G1 X-26.107 Y-5.894 Z68.739 E440.47115
G1 X-25.697 Y-6.839 Z68.742 E440.95558
G1 X-25.039 Y-7.673 Z68.746 E441.45515
G1 X-24.085 Y-8.497 Z68.75 E442.04796
G1 X-23.12 Y-9.245 Z68.754 E442.62214
G1 X-22.03 Y-10.325 Z68.759 E443.34373
G1 X-21.301 Y-11.752 Z68.764 E444.0973
G1 X-21.054 Y-13.346 Z68.769 E444.85585
G1 X-21.013 Y-14.631 Z68.773 E445.46045
G1 X-20.899 Y-15.793 Z68.777 E446.00952
G1 X-20.612 Y-16.759 Z68.78 E446.48342
G1 X-20.083 Y-17.637 Z68.783 E446.96547
G1 X-19.326 Y-18.494 Z68.787 E447.5032
G1 X-18.492 Y-19.323 Z68.791 E448.0562
G1 X-17.632 Y-20.075 Z68.795 E448.59344
G1 X-16.756 Y-20.6 Z68.798 E449.07371
G1 X-15.746 Y-20.896 Z68.801 E449.56865
G1 X-14.494 Y-21.012 Z68.805 E450.15995
G1 X-13.267 Y-21.054 Z68.809 E450.7373
G1 X-11.749 Y-21.294 Z68.814 E451.46003
G1 X-10.321 Y-22.021 Z68.819 E452.21359
G1 X-9.182 Y-23.156 Z68.825 E452.96977
G1 X-8.384 Y-24.173 Z68.829 E453.57768
G1 X-7.596 Y-25.046 Z68.833 E454.13074
G1 X-6.801 Y-25.641 Z68.836 E454.59771
G1 X-5.864 Y-26.03 Z68.839 E455.07481
G1 X-4.754 Y-26.277 Z68.843 E455.60958
G1 X-3.58 Y-26.46 Z68.847 E456.16834
G1 X-2.47 Y-26.561 Z68.85 E456.69249
G1 X-1.46 Y-26.477 Z68.853 E457.1691
G1 X-.471 Y-26.136 Z68.857 E457.66106
G1 X0.614 Y-25.5 Z68.861 E458.2525
G1 X1.634 Y-24.819 Z68.865 E458.82925
G1 X3.009 Y-24.125 Z68.87 E459.55356
G1 X4.593 Y-23.872 Z68.875 E460.30791
G1 X6.197 Y-24.119 Z68.88 E461.0711
G1 X7.427 Y-24.462 Z68.884 E461.6716
G1 X8.58 Y-24.697 Z68.888 E462.22497
G1 X9.572 Y-24.702 Z68.891 E462.69148
G1 X10.545 Y-24.462 Z68.895 E463.16276
G1 X11.568 Y-24.017 Z68.898 E463.68739
G1 X12.634 Y-23.471 Z68.902 E464.25062
G1 X13.586 Y-22.903 Z68.906 E464.77195
G1 X14.346 Y-22.258 Z68.909 E465.24071
G1 X14.956 Y-21.407 Z68.912 E465.7331
G1 X15.467 Y-20.263 Z68.916 E466.32232
G1 X15.897 Y-19.112 Z68.92 E466.90013
G1 X16.607 Y-17.742 Z68.925 E467.62578
G1 X17.741 Y-16.607 Z68.93 E468.38028
G1 X19.105 Y-15.897 Z68.935 E469.10342
G1 X20.377 Y-15.405 Z68.94 E469.74479
G1 X21.448 Y-14.908 Z68.944 E470.30003
G1 X22.242 Y-14.324 Z68.947 E470.76355
G1 X22.875 Y-13.564 Z68.95 E471.22868
G1 X23.436 Y-12.608 Z68.953 E471.74995
G1 X23.972 Y-11.548 Z68.957 E472.30853
G1 X24.41 Y-10.532 Z68.961 E472.82883
G1 X24.65 Y-9.573 Z68.964 E473.29373
G1 X24.654 Y-8.54 Z68.967 E473.77951
G1 X24.405 Y-7.311 Z68.971 E474.36921
G1 X24.081 Y-6.12 Z68.975 E474.94966
G1 X23.855 Y-4.59 Z68.98 E475.67697
G1 X24.106 Y-3.006 Z68.986 E476.43117
G1 X24.82 Y-1.554 Z68.991 E477.19208
G1 X25.528 Y-.465 Z68.995 E477.80292
G1 X26.088 Y0.563 Z68.999 E478.35343
G1 X26.375 Y1.495 Z69.002 E478.81203
G1 X26.434 Y2.479 Z69.005 E479.2756
G1 X26.326 Y3.566 Z69.009 E479.7893
G1 X26.138 Y4.734 Z69.012 E480.34564
G1 X25.896 Y5.81 Z69.016 E480.86429
G1 X25.536 Y6.719 Z69.019 E481.32406
G1 X24.944 Y7.561 Z69.023 E481.8081
G1 X24.026 Y8.417 Z69.027 E482.39837
G1 X23.069 Y9.191 Z69.031 E482.97718
G1 X21.99 Y10.305 Z69.036 E483.70651
G1 X21.261 Y11.732 Z69.041 E484.46008
G1 X20.977 Y13.337 Z69.046 E485.22658
G1 X20.904 Y14.632 Z69.05 E485.83654
G1 X20.746 Y15.782 Z69.054 E486.38243
G1 X20.42 Y16.701 Z69.057 E486.84099
G1 X19.893 Y17.518 Z69.5 E487.31829
G1 X19.167 Y18.336 E487.80691
G1 X18.336 Y19.167 E488.33194
G1 X17.518 Y19.893 E488.82055
G1 X16.701 Y20.42 E489.25489
G1 X15.735 Y20.76 E489.7124
G1 X14.494 Y20.92 E490.27141
G1 X13.258 Y20.988 E490.79532
G1 X11.731 Y21.259 E491.45171
G1 X10.303 Y21.987 E492.1301
G1 X9.135 Y23.112 E492.81645
G1 X8.31 Y24.12 E493.36775
G1 X7.501 Y24.965 E493.86287
G1 X6.704 Y25.513 E494.27223
G1 X5.797 Y25.865 E494.66113
G1 X4.726 Y26.102 E495.09959
G1 X3.562 Y26.286 E495.57064
G1 X2.482 Y26.391 E496.00438
G1 X1.508 Y26.337 E496.39431
G1 X0.527 Y26.045 E496.80344
G1 X-.572 Y25.442 E497.30452
G1 X-1.609 Y24.773 E497.76879
G1 X-3.004 Y24.094 E498.35247
G1 X-4.588 Y23.843 E498.95583
G1 X-6.206 Y24.071 E499.57055
G1 X-7.448 Y24.397 E500.05363
G1 X-8.603 Y24.606 E500.49521
G1 X-9.574 Y24.582 E500.86063
G1 X-10.513 Y24.333 E501.20326
G1 X-11.515 Y23.896 E501.58881
G1 X-12.569 Y23.359 E502.00602
G1 X-13.507 Y22.808 E502.3897
G1 X-14.258 Y22.196 E502.73139
G1 X-14.884 Y21.377 E503.09497
G1 X-15.418 Y20.247 E503.53578
G1 X-15.864 Y19.096 E503.94212
G1 X-16.592 Y17.727 E504.45253
G1 X-17.727 Y16.592 E504.98092
G1 X-19.091 Y15.867 E505.48941
G1 X-20.363 Y15.361 E505.94005
G1 X-21.424 Y14.849 E506.32785
G1 X-22.196 Y14.258 E506.6479
G1 X-22.808 Y13.507 E506.94403
G1 X-23.359 Y12.569 E507.27656
G1 X-23.896 Y11.515 E507.63814
G1 X-24.333 Y10.513 E507.97229
G1 X-24.582 Y9.574 E508.26923
G1 X-24.607 Y8.551 E508.58203
G1 X-24.375 Y7.321 E508.96464
G1 X-24.059 Y6.124 E509.31395
G1 X-23.843 Y4.588 E509.75161
G1 X-24.094 Y3.004 E510.20412
G1 X-24.804 Y1.545 E510.66195
G1 X-25.508 Y0.45 E511.02926
G1 X-26.06 Y-.58 E511.35899
G1 X-26.337 Y-1.508 E511.63225
G1 X-26.391 Y-2.482 E511.88455
G1 X-26.286 Y-3.562 E512.16521
G1 X-26.102 Y-4.726 E512.47001
G1 X-25.865 Y-5.797 E512.75372
G1 X-25.514 Y-6.702 E513.00478
G1 X-24.932 Y-7.547 E513.27016
G1 X-24.02 Y-8.408 E513.59456
G1 X-23.064 Y-9.186 E513.88437
G1 X-21.987 Y-10.303 E514.24922
G1 X-21.259 Y-11.731 E514.6261
G1 X-20.974 Y-13.337 E515.00962
G1 X-20.901 Y-14.632 E515.3146
G1 X-20.744 Y-15.782 E515.58751
G1 X-20.42 Y-16.701 E515.81663
G1 X-19.893 Y-17.518 E516.02237
G1 X-19.167 Y-18.336 E516.25382
G1 X-18.336 Y-19.167 E516.50252
G1 X-17.518 Y-19.893 E516.73397
G1 X-16.701 Y-20.42 E516.93971
G1 X-15.735 Y-20.76 E517.15643
G1 X-14.494 Y-20.92 E517.42122
G1 X-13.258 Y-20.988 E517.65407
G1 X-11.731 Y-21.259 E517.9458
G1 X-10.303 Y-21.987 E518.2473
G1 X-9.135 Y-23.112 E518.55235
G1 X-8.31 Y-24.12 E518.79737
G1 X-7.501 Y-24.965 E519.01742
G1 X-6.704 Y-25.513 E519.19936
G1 X-5.797 Y-25.865 E519.3595
G1 X-4.726 Y-26.102 E519.54004
G1 X-3.562 Y-26.286 E519.734
G1 X-2.482 Y-26.391 E519.9126
G1 X-1.508 Y-26.337 E520.07316
G1 X-.527 Y-26.045 E520.24163
G1 X0.572 Y-25.442 E520.44795
G1 X1.609 Y-24.773 E520.62205
G1 X3.004 Y-24.094 E520.84093
G1 X4.588 Y-23.843 E521.06719
G1 X6.206 Y-24.071 E521.29771
G1 X7.448 Y-24.397 E521.47887
G1 X8.603 Y-24.606 E521.64446
G1 X9.574 Y-24.582 E521.78149
G1 X10.513 Y-24.333 E521.8957
G1 X11.515 Y-23.896 E522.02422
G1 X12.569 Y-23.359 E522.16329
G1 X13.507 Y-22.808 E522.29118
G1 X14.258 Y-22.196 E522.40508
G1 X14.884 Y-21.377 E522.52627
G1 X15.418 Y-20.247 E522.67321
G1 X15.864 Y-19.096
G1 X16.592 Y-17.727
G1 X17.727 Y-16.592
G1 X19.091 Y-15.867
G1 X20.363 Y-15.361
G1 X21.424 Y-14.849
G1 X22.196 Y-14.258
G1 X22.808 Y-13.507
;TIME_ELAPSED:572.262991
G1 F1500 E516.17321
M140 S0
M107
M104 S0
M140 S0
;Retract the filament
G92 E1
G1 E-1 F300
G28 X0 Y0
M84
M82 ;absolute extrusion mode
M104 S0
;End of Gcode
;SETTING_3 {"global_quality": "[general]\\nversion = 4\\nname = CuraProfile_3mm_
;SETTING_3 2laybase_40sec\\ndefinition = custom\\n\\n[metadata]\\ntype = quality
;SETTING_3 _changes\\nquality_type = extra coarse\\nsetting_version = 25\\n\\n[v
;SETTING_3 alues]\\nadhesion_type = none\\njerk_enabled = False\\nlayer_height =
;SETTING_3  1\\nlayer_height_0 = 0.5\\nmagic_spiralize = True\\n\\n", "extruder_
;SETTING_3 quality": ["[general]\\nversion = 4\\nname = CuraProfile_3mm_2laybase
;SETTING_3 _40sec\\ndefinition = custom\\n\\n[metadata]\\ntype = quality_changes
;SETTING_3 \\nquality_type = extra coarse\\nintent_category = default\\nposition
;SETTING_3  = 0\\nsetting_version = 25\\n\\n[values]\\nbottom_layers = 2\\nbotto
;SETTING_3 m_thickness = 1.3\\ninfill_sparse_density = 0\\nline_width = 3\\nmesh
;SETTING_3 fix_maximum_resolution = 1\\nretraction_hop = 1.0\\nretraction_hop_en
;SETTING_3 abled = True\\nspeed_layer_0 = 15.0\\nspeed_print = 40.0\\nspeed_trav
;SETTING_3 el = 30.0\\nspeed_wall = 40.0\\nspeed_wall_x = 30\\ntop_bottom_thickn
;SETTING_3 ess = 0\\ntop_layers = 0\\ntravel_avoid_other_parts = False\\nwall_li
;SETTING_3 ne_count = 3\\nwall_thickness = 3.0\\n\\n"]}
