;FLAVOR:Marlin
;TIME:394
;Filament used: 5.95295m
;Layer height: 1
;MINX:-50.471
;MINY:-50.471
;MINZ:0.5
;MAXX:50.471
;MAXY:50.471
;MAXZ:35.5
;TARGET_MACHINE.NAME:Unknown
;Generated with Cura_SteamEngine 5.11.0
M140 S60
M105
M190 S60
M104 S200
M105
M109 S200
G28 ;Home
M302 S0 ;Set cold extrusion
M92 E400 ;E Steps at 400 steps/mm M92 E-400 reverse
G1 Z15.0 F6000 ;Move the platform down 15mm
;Prime the extruder
G92 E0
G1 F200 E3
G92 E0
M82 ;absolute extrusion mode
G92 E0
G92 E0
G1 F1500 E-6.5
;LAYER_COUNT:35
;LAYER:0
M107
G1 F600 Z1.5
;MESH:sensory_obj_2_Body1.stl
G0 F960 X0.00 Y0.000 Z1.5
G0 X2.826 Y44.32
;TYPE:WALL-INNER
G1 F600 Z0.5
G1 F1500 E0
G1 F1200 X5.111 Y44.115 E0.53943
G1 X7.34 Y43.8 E1.06875
G1 X9.557 Y43.37 E1.59975
G1 X11.766 Y42.822 E2.1349
G1 X13.94 Y42.165 E2.66891
G1 X16.076 Y41.396 E3.20271
G1 X18.153 Y40.532 E3.73165
G1 X20.223 Y39.538 E4.27158
G1 X22.195 Y38.463 E4.79968
G1 X24.152 Y37.267 E5.33896
G1 X26.013 Y35.991 E5.86952
G1 X27.818 Y34.618 E6.40277
G1 X29.539 Y33.16 E6.93313
G1 X31.19 Y31.615 E7.4648
G1 X32.64 Y30.106 E7.95687
G1 X32.655 Y30.105 E7.9604
G1 X34.263 Y28.255 E8.53675
G1 X35.647 Y26.485 E9.06505
G1 X36.977 Y24.594 E9.60865
G1 X38.166 Y22.711 E10.13228
G1 X39.276 Y20.721 E10.66806
G1 X40.286 Y18.681 E11.2033
G1 X41.198 Y16.579 E11.74207
G1 X41.981 Y14.485 E12.26773
G1 X42.67 Y12.298 E12.80688
G1 X43.246 Y10.099 E13.34138
G1 X43.697 Y7.914 E13.86597
G1 X44.051 Y5.632 E14.40896
G1 X44.279 Y3.417 E14.93253
G1 X44.396 Y1.118 E15.47379
G1 X44.396 Y-1.118 E15.99955
G1 X44.279 Y-3.417 E16.54082
G1 X44.051 Y-5.632 E17.06439
G1 X43.697 Y-7.914 E17.60738
G1 X43.246 Y-10.099 E18.13197
G1 X42.671 Y-12.298 E18.66641
G1 X41.978 Y-14.497 E19.20853
G1 X41.197 Y-16.582 E19.73205
G1 X40.283 Y-18.696 E20.27359
G1 X39.281 Y-20.713 E20.80314
G1 X38.162 Y-22.711 E21.3416
G1 X36.975 Y-24.598 E21.86578
G1 X35.646 Y-26.485 E22.40847
G1 X34.249 Y-28.273 E22.94199
G1 X32.658 Y-30.106 E23.5127
G1 X32.64 Y-30.106 E23.51693
G1 X31.19 Y-31.615 E24.009
G1 X29.535 Y-33.164 E24.542
G1 X27.819 Y-34.617 E25.0707
G1 X26.013 Y-35.991 E25.60428
G1 X24.152 Y-37.267 E26.13484
G1 X22.195 Y-38.463 E26.67412
G1 X20.223 Y-39.538 E27.20222
G1 X18.153 Y-40.532 E27.74215
G1 X16.076 Y-41.396 E28.27109
G1 X13.94 Y-42.164 E28.80481
G1 X11.766 Y-42.822 E29.33888
G1 X9.557 Y-43.37 E29.87404
G1 X7.34 Y-43.8 E30.40504
G1 X5.111 Y-44.115 E30.93435
G1 X2.826 Y-44.32 E31.47379
G1 X0.555 Y-44.406 E32.00816
G1 X-1.71 Y-44.379 E32.54077
G1 X-3.944 Y-44.235 E33.06714
G1 X-6.226 Y-43.971 E33.60729
G1 X-8.466 Y-43.595 E34.14136
G1 X-10.654 Y-43.113 E34.66816
G1 X-12.876 Y-42.502 E35.21002
G1 X-14.994 Y-41.802 E35.73452
G1 X-17.122 Y-40.977 E36.27117
G1 X-19.208 Y-40.04 E36.80886
G1 X-21.206 Y-39.017 E37.33666
G1 X-23.17 Y-37.884 E37.86979
G1 X-25.088 Y-36.647 E38.40643
G1 X-26.929 Y-35.314 E38.94087
G1 X-28.69 Y-33.895 E39.47263
G1 X-30.383 Y-32.388 E40.00557
G1 X-31.99 Y-30.805 E40.53597
G1 X-33.54 Y-29.111 E41.07586
G1 X-34.941 Y-27.407 E41.59456
G1 X-36.336 Y-25.529 E42.14463
G1 X-37.592 Y-23.644 E42.67723
G1 X-38.744 Y-21.708 E43.20694
G1 X-39.787 Y-19.722 E43.7344
G1 X-40.76 Y-17.628 E44.27732
G1 X-41.593 Y-15.559 E44.80176
G1 X-42.335 Y-13.414 E45.33544
G1 X-42.972 Y-11.201 E45.87691
G1 X-43.483 Y-9.022 E46.40317
G1 X-43.889 Y-6.795 E46.93544
G1 X-44.176 Y-4.548 E47.46807
G1 X-44.351 Y-2.284 E48.002
G1 X-44.409 Y0.014 E48.5425
G1 X-44.351 Y2.272 E49.0736
G1 X-44.18 Y4.532 E49.60652
G1 X-43.889 Y6.78 E50.13951
G1 X-43.486 Y9.018 E50.6742
G1 X-42.974 Y11.195 E51.20005
G1 X-42.335 Y13.407 E51.74143
G1 X-41.591 Y15.562 E52.27748
G1 X-40.759 Y17.629 E52.8014
G1 X-39.786 Y19.722 E53.34411
G1 X-38.744 Y21.708 E53.87145
G1 X-37.592 Y23.644 E54.40116
G1 X-36.336 Y25.529 E54.93376
G1 X-34.941 Y27.407 E55.48384
G1 X-33.54 Y29.111 E56.00254
G1 X-31.994 Y30.801 E56.5411
G1 X-30.383 Y32.388 E57.07282
G1 X-28.69 Y33.895 E57.60576
G1 X-26.929 Y35.314 E58.13753
G1 X-25.088 Y36.647 E58.67197
G1 X-23.17 Y37.884 E59.20861
G1 X-21.206 Y39.017 E59.74174
G1 X-19.208 Y40.04 E60.26953
G1 X-17.12 Y40.978 E60.80775
G1 X-14.998 Y41.802 E61.343
G1 X-12.877 Y42.502 E61.86817
G1 X-10.654 Y43.112 E62.41019
G1 X-8.466 Y43.595 E62.93705
G1 X-6.226 Y43.971 E63.47111
G1 X-3.944 Y44.235 E64.01126
G1 X-1.71 Y44.378 E64.53762
G1 X0.555 Y44.406 E65.07024
G1 X2.826 Y44.32 E65.6046
G0 F960 X2.93 Y45.71
G0 X3.017 Y47.315
G1 F1200 X5.455 Y47.096 E66.18016
G1 X7.836 Y46.76 E66.74556
G1 X10.204 Y46.3 E67.31276
G1 X12.562 Y45.715 E67.88401
G1 X14.882 Y45.014 E68.45387
G1 X17.161 Y44.194 E69.02337
G1 X19.38 Y43.271 E69.58847
G1 X21.591 Y42.209 E70.1652
G1 X23.696 Y41.062 E70.72887
G1 X25.784 Y39.785 E71.30436
G1 X27.771 Y38.423 E71.87079
G1 X29.697 Y36.958 E72.43978
G1 X31.534 Y35.402 E73.00584
G1 X33.298 Y33.751 E73.57394
G1 X34.803 Y32.185 E74.08464
G1 X34.823 Y32.183 E74.08936
G1 X36.578 Y30.164 E74.71837
G1 X38.057 Y28.273 E75.28285
G1 X39.474 Y26.258 E75.86207
G1 X40.746 Y24.244 E76.42216
G1 X41.932 Y22.119 E76.99437
G1 X43.008 Y19.945 E77.56473
G1 X43.981 Y17.703 E78.1394
G1 X44.819 Y15.462 E78.70197
G1 X45.554 Y13.129 E79.27711
G1 X46.168 Y10.783 E79.84731
G1 X46.65 Y8.448 E80.40792
G1 X47.027 Y6.016 E80.98659
G1 X47.271 Y3.647 E81.54656
G1 X47.396 Y1.194 E82.12409
G1 X47.396 Y-1.194 E82.68559
G1 X47.271 Y-3.647 E83.26311
G1 X47.027 Y-6.016 E83.82309
G1 X46.65 Y-8.448 E84.40176
G1 X46.168 Y-10.783 E84.96237
G1 X45.554 Y-13.129 E85.53257
G1 X44.815 Y-15.474 E86.11068
G1 X43.981 Y-17.704 E86.6705
G1 X43.005 Y-19.96 E87.24847
G1 X41.935 Y-22.114 E87.81399
G1 X40.742 Y-24.244 E88.38803
G1 X39.473 Y-26.261 E88.94834
G1 X38.056 Y-28.273 E89.52698
G1 X36.565 Y-30.181 E90.09635
G1 X34.826 Y-32.185 E90.72023
G1 X34.803 Y-32.185 E90.72564
G1 X33.298 Y-33.751 E91.23633
G1 X31.53 Y-35.405 E91.8056
G1 X29.697 Y-36.957 E92.37034
G1 X27.771 Y-38.423 E92.93947
G1 X25.784 Y-39.785 E93.5059
G1 X23.696 Y-41.062 E94.08139
G1 X21.591 Y-42.209 E94.64505
G1 X19.38 Y-43.271 E95.22179
G1 X17.161 Y-44.194 E95.78689
G1 X14.882 Y-45.014 E96.35638
G1 X12.562 Y-45.715 E96.92625
G1 X10.204 Y-46.3 E97.4975
G1 X7.836 Y-46.76 E98.0647
G1 X5.455 Y-47.096 E98.63009
G1 X3.017 Y-47.315 E99.20565
G1 X0.594 Y-47.406 E99.77578
G1 X-1.824 Y-47.377 E100.34437
G1 X-4.213 Y-47.224 E100.90725
G1 X-6.647 Y-46.943 E101.48336
G1 X-9.038 Y-46.541 E102.05345
G1 X-11.375 Y-46.026 E102.61614
G1 X-13.744 Y-45.375 E103.19382
G1 X-16.007 Y-44.627 E103.75424
G1 X-18.279 Y-43.746 E104.32721
G1 X-20.507 Y-42.746 E104.90143
G1 X-22.64 Y-41.653 E105.46498
G1 X-24.734 Y-40.446 E106.03329
G1 X-26.782 Y-39.124 E106.60645
G1 X-28.751 Y-37.698 E107.17809
G1 X-30.63 Y-36.185 E107.74533
G1 X-32.434 Y-34.578 E108.3134
G1 X-34.151 Y-32.887 E108.88004
G1 X-35.807 Y-31.077 E109.45688
G1 X-37.305 Y-29.255 E110.01149
G1 X-38.79 Y-27.256 E110.59702
G1 X-40.131 Y-25.244 E111.16556
G1 X-41.363 Y-23.174 E111.73196
G1 X-42.477 Y-21.052 E112.29549
G1 X-43.513 Y-18.822 E112.87366
G1 X-44.404 Y-16.61 E113.43438
G1 X-45.196 Y-14.32 E114.00412
G1 X-45.876 Y-11.959 E114.58184
G1 X-46.421 Y-9.634 E115.14334
G1 X-46.855 Y-7.254 E115.71218
G1 X-47.161 Y-4.853 E116.2813
G1 X-47.348 Y-2.437 E116.85108
G1 X-47.41 Y0.014 E117.42757
G1 X-47.348 Y2.424 E117.99442
G1 X-47.165 Y4.837 E118.56343
G1 X-46.855 Y7.239 E119.1329
G1 X-46.424 Y9.628 E119.7037
G1 X-45.877 Y11.955 E120.26576
G1 X-45.196 Y14.313 E120.84286
G1 X-44.403 Y16.612 E121.41469
G1 X-43.513 Y18.822 E121.97488
G1 X-42.476 Y21.052 E122.55315
G1 X-41.363 Y23.174 E123.11657
G1 X-40.131 Y25.244 E123.68297
G1 X-38.79 Y27.256 E124.25151
G1 X-37.305 Y29.255 E124.83704
G1 X-35.807 Y31.078 E125.39184
G1 X-34.154 Y32.884 E125.9675
G1 X-32.434 Y34.578 E126.53514
G1 X-30.63 Y36.185 E127.10321
G1 X-28.751 Y37.698 E127.67045
G1 X-26.782 Y39.124 E128.24209
G1 X-24.734 Y40.446 E128.81525
G1 X-22.64 Y41.653 E129.38356
G1 X-20.507 Y42.746 E129.9471
G1 X-18.278 Y43.747 E130.52164
G1 X-16.011 Y44.627 E131.09343
G1 X-13.745 Y45.374 E131.65445
G1 X-11.375 Y46.026 E132.23241
G1 X-9.038 Y46.541 E132.7951
G1 X-6.647 Y46.943 E133.36519
G1 X-4.213 Y47.224 E133.9413
G1 X-1.824 Y47.377 E134.50419
G1 X0.594 Y47.407 E135.07278
G1 X3.017 Y47.315 E135.64291
G0 F960 X2.931 Y45.709
G0 X3.208 Y50.31
;TYPE:WALL-OUTER
G1 F1200 X5.799 Y50.077 E136.2546
G1 X8.332 Y49.72 E136.85607
G1 X10.852 Y49.23 E137.4597
G1 X13.358 Y48.609 E138.06677
G1 X15.824 Y47.863 E138.67255
G1 X18.245 Y46.992 E139.27753
G1 X20.606 Y46.01 E139.87878
G1 X22.959 Y44.88 E140.49254
G1 X25.197 Y43.66 E141.09187
G1 X27.416 Y42.304 E141.70334
G1 X29.529 Y40.855 E142.30577
G1 X31.576 Y39.298 E142.91049
G1 X33.53 Y37.643 E143.51259
G1 X35.406 Y35.887 E144.11679
G1 X36.966 Y34.264 E144.64611
G1 X36.992 Y34.262 E144.65224
G1 X38.894 Y32.073 E145.3341
G1 X40.467 Y30.061 E145.93461
G1 X41.971 Y27.923 E146.54924
G1 X43.326 Y25.777 E147.146
G1 X44.588 Y23.517 E147.75464
G1 X45.73 Y21.208 E148.36033
G1 X46.764 Y18.826 E148.97091
G1 X47.657 Y16.439 E149.57016
G1 X48.438 Y13.96 E150.1813
G1 X49.09 Y11.466 E150.78742
G1 X49.603 Y8.981 E151.38405
G1 X50.003 Y6.4 E151.99817
G1 X50.263 Y3.877 E152.59455
G1 X50.396 Y1.27 E153.20833
G1 X50.396 Y-1.27 E153.80557
G1 X50.263 Y-3.877 E154.41936
G1 X50.003 Y-6.4 E155.01573
G1 X49.603 Y-8.981 E155.62986
G1 X49.09 Y-11.466 E156.22648
G1 X48.438 Y-13.96 E156.83261
G1 X47.653 Y-16.451 E157.44671
G1 X46.764 Y-18.826 E158.04299
G1 X45.727 Y-21.224 E158.6573
G1 X44.589 Y-23.515 E159.25879
G1 X43.322 Y-25.777 E159.86841
G1 X41.971 Y-27.924 E160.46486
G1 X40.466 Y-30.061 E161.07945
G1 X38.881 Y-32.089 E161.68465
G1 X36.994 Y-34.264 E162.36171
G1 X36.966 Y-34.264 E162.36829
G1 X35.406 Y-35.887 E162.89761
G1 X33.526 Y-37.647 E163.50314
G1 X31.576 Y-39.297 E164.10377
G1 X29.529 Y-40.855 E164.70863
G1 X27.416 Y-42.304 E165.31107
G1 X25.197 Y-43.66 E165.92253
G1 X22.959 Y-44.88 E166.52187
G1 X20.606 Y-46.01 E167.13562
G1 X18.245 Y-46.992 E167.73687
G1 X15.824 Y-47.863 E168.34185
G1 X13.358 Y-48.609 E168.94763
G1 X10.852 Y-49.23 E169.5547
G1 X8.332 Y-49.72 E170.15833
G1 X5.799 Y-50.077 E170.7598
G1 X3.208 Y-50.31 E171.37149
G1 X0.632 Y-50.407 E171.97762
G1 X-1.938 Y-50.376 E172.58195
G1 X-4.481 Y-50.213 E173.18112
G1 X-7.069 Y-49.914 E173.79369
G1 X-9.61 Y-49.487 E174.39954
G1 X-12.095 Y-48.939 E174.99788
G1 X-14.613 Y-48.247 E175.61189
G1 X-17.021 Y-47.451 E176.20822
G1 X-19.437 Y-46.515 E176.81744
G1 X-21.806 Y-45.451 E177.42807
G1 X-24.074 Y-44.289 E178.02727
G1 X-26.298 Y-43.007 E178.63086
G1 X-28.476 Y-41.601 E179.24042
G1 X-30.573 Y-40.083 E179.84912
G1 X-32.57 Y-38.475 E180.45198
G1 X-34.486 Y-36.768 E181.05536
G1 X-36.311 Y-34.97 E181.65774
G1 X-38.074 Y-33.044 E182.27169
G1 X-39.669 Y-31.103 E182.8624
G1 X-41.244 Y-28.984 E183.4832
G1 X-42.67 Y-26.844 E184.08787
G1 X-43.982 Y-24.639 E184.69117
G1 X-45.167 Y-22.382 E185.29056
G1 X-46.267 Y-20.015 E185.90428
G1 X-47.214 Y-17.662 E186.50068
G1 X-48.057 Y-15.226 E187.10679
G1 X-48.78 Y-12.717 E187.72074
G1 X-49.359 Y-10.246 E188.31749
G1 X-49.821 Y-7.714 E188.92267
G1 X-50.147 Y-5.159 E189.5283
G1 X-50.345 Y-2.591 E190.13391
G1 X-50.411 Y0.015 E190.74686
G1 X-50.345 Y2.576 E191.34924
G1 X-50.151 Y5.143 E191.95454
G1 X-49.821 Y7.698 E192.56029
G1 X-49.362 Y10.238 E193.1672
G1 X-48.78 Y12.715 E193.76548
G1 X-48.057 Y15.219 E194.37831
G1 X-47.214 Y17.662 E194.98597
G1 X-46.267 Y20.015 E195.58236
G1 X-45.166 Y22.382 E196.19618
G1 X-43.982 Y24.639 E196.79547
G1 X-42.67 Y26.844 E197.39877
G1 X-41.244 Y28.984 E198.00343
G1 X-39.669 Y31.103 E198.62423
G1 X-38.074 Y33.044 E199.21495
G1 X-36.315 Y34.966 E199.82756
G1 X-34.486 Y36.768 E200.43128
G1 X-32.57 Y38.475 E201.03466
G1 X-30.573 Y40.083 E201.63752
G1 X-28.476 Y41.601 E202.24622
G1 X-26.298 Y43.007 E202.85577
G1 X-24.074 Y44.289 E203.45937
G1 X-21.806 Y45.451 E204.05857
G1 X-19.436 Y46.515 E204.66941
G1 X-17.025 Y47.451 E205.27754
G1 X-14.613 Y48.247 E205.87476
G1 X-12.095 Y48.939 E206.48877
G1 X-9.61 Y49.487 E207.08712
G1 X-7.069 Y49.914 E207.69296
G1 X-4.481 Y50.213 E208.30553
G1 X-1.938 Y50.376 E208.9047
G1 X0.632 Y50.407 E209.50903
G1 X3.208 Y50.31 E210.11516
G0 F960 X4.702 Y50.176
G0 X4.29 Y45.587
G0 X2.648 Y41.474
;TYPE:SKIN
G1 F1200 X0.509 Y41.555 E210.61847
G1 X-1.609 Y41.528 E211.11652
G1 X-3.669 Y41.393 E211.60193
G1 X-5.838 Y41.146 E212.11523
G1 X-7.933 Y40.795 E212.6147
G1 X-9.951 Y40.347 E213.10074
G1 X-12.07 Y39.767 E213.61732
G1 X-14.016 Y39.123 E214.09929
G1 X-16.015 Y38.348 E214.6034
G1 X-17.986 Y37.459 E215.11181
G1 X-19.847 Y36.509 E215.60311
G1 X-21.665 Y35.459 E216.09675
G1 X-23.477 Y34.289 E216.60391
G1 X-25.213 Y33.035 E217.10745
G1 X-26.85 Y31.715 E217.60191
G1 X-28.425 Y30.313 E218.09771
G1 X-29.938 Y28.819 E218.59768
G1 X-31.383 Y27.239 E219.10112
G1 X-32.693 Y25.651 E219.58517
G1 X-34.012 Y23.869 E220.10647
G1 X-35.186 Y22.107 E220.60431
G1 X-36.246 Y20.327 E221.09143
G1 X-37.235 Y18.442 E221.59196
G1 X-38.139 Y16.498 E222.09606
G1 X-38.914 Y14.578 E222.5829
G1 X-39.613 Y12.556 E223.08595
G1 X-40.216 Y10.451 E223.60081
G1 X-40.694 Y8.438 E224.08729
G1 X-41.069 Y6.346 E224.58703
G1 X-41.343 Y4.242 E225.08592
G1 X-41.501 Y2.132 E225.58344
G1 X-41.555 Y0.011 E226.08232
G1 X-41.501 Y-2.115 E226.58237
G1 X-41.335 Y-4.276 E227.09199
G1 X-41.069 Y-6.374 E227.58924
G1 X-40.687 Y-8.457 E228.08719
G1 X-40.216 Y-10.465 E228.57215
G1 X-39.617 Y-12.55 E229.08223
G1 X-38.914 Y-14.573 E229.5858
G1 X-38.135 Y-16.51 E230.07671
G1 X-37.235 Y-18.441 E230.57764
G1 X-36.242 Y-20.331 E231.07964
G1 X-35.186 Y-22.108 E231.56568
G1 X-34.012 Y-23.869 E232.06333
G1 X-32.693 Y-25.651 E232.58463
G1 X-31.383 Y-27.239 E233.06867
G1 X-29.934 Y-28.823 E233.57345
G1 X-28.425 Y-30.313 E234.07208
G1 X-26.85 Y-31.715 E234.56788
G1 X-25.213 Y-33.035 E235.06234
G1 X-23.477 Y-34.289 E235.56588
G1 X-21.665 Y-35.459 E236.07304
G1 X-19.847 Y-36.509 E236.56669
G1 X-17.986 Y-37.459 E237.05798
G1 X-16.02 Y-38.344 E237.56493
G1 X-14.012 Y-39.123 E238.07136
G1 X-12.065 Y-39.767 E238.55356
G1 X-9.951 Y-40.347 E239.06899
G1 X-7.933 Y-40.795 E239.55504
G1 X-5.838 Y-41.146 E240.05451
G1 X-3.669 Y-41.393 E240.56781
G1 X-1.61 Y-41.528 E241.05298
G1 X0.505 Y-41.551 E241.55032
G1 X2.649 Y-41.474 E242.05476
G1 X4.787 Y-41.281 E242.55952
G1 X6.867 Y-40.988 E243.05342
G1 X8.932 Y-40.586 E243.54809
G1 X11.009 Y-40.073 E244.05113
G1 X13.043 Y-39.455 E244.55098
G1 X15.03 Y-38.74 E245.04751
G1 X16.983 Y-37.93 E245.54465
G1 X18.935 Y-36.992 E246.05387
G1 X20.752 Y-36.001 E246.54052
G1 X22.615 Y-34.86 E247.0542
G1 X24.345 Y-33.675 E247.54726
G1 X26.032 Y-32.393 E248.04546
G1 X27.622 Y-31.047 E248.5353
G1 X29.189 Y-29.58 E249.04001
G1 X30.538 Y-28.176 E249.49783
G1 X30.566 Y-28.164 E249.50499
G1 X32.033 Y-26.474 E250.03119
G1 X33.363 Y-24.769 E250.53964
G1 X34.591 Y-23.031 E251.04001
G1 X35.698 Y-21.269 E251.5293
G1 X36.769 Y-19.362 E252.04357
G1 X37.686 Y-17.512 E252.52907
G1 X38.544 Y-15.531 E253.03668
G1 X39.285 Y-13.546 E253.53487
G1 X39.926 Y-11.523 E254.03385
G1 X40.474 Y-9.43 E254.54257
G1 X40.887 Y-7.426 E255.02368
G1 X41.223 Y-5.248 E255.54186
G1 X41.431 Y-3.217 E256.02191
G1 X41.544 Y-1.025 E256.538
G1 X41.544 Y1.025 E257.02002
G1 X41.431 Y3.217 E257.53611
G1 X41.223 Y5.248 E258.01616
G1 X40.887 Y7.426 E258.53434
G1 X40.474 Y9.43 E259.01545
G1 X39.93 Y11.511 E259.5212
G1 X39.289 Y13.535 E260.0204
G1 X38.726 Y15.048 E260.39999
G1 X38.744 Y15.075 E260.40762
G1 X37.707 Y17.464 E261.01999
G1 X36.744 Y19.408 E261.53009
G1 X35.722 Y21.236 E262.02253
G1 X34.603 Y23.008 E262.51531
G1 X33.346 Y24.798 E263.0296
G1 X32.074 Y26.425 E263.5152
G1 X30.555 Y28.171 E264.05936
G1 X30.534 Y28.18 E264.06473
G1 X29.189 Y29.579 E264.52105
G1 X27.63 Y31.038 E265.02311
G1 X26.028 Y32.393 E265.51646
G1 X24.345 Y33.675 E266.01392
G1 X22.616 Y34.86 E266.50678
G1 X20.756 Y35.997 E267.01937
G1 X18.931 Y36.996 E267.50857
G1 X16.983 Y37.929 E268.01643
G1 X15.03 Y38.74 E268.51366
G1 X13.043 Y39.455 E269.0102
G1 X11.009 Y40.073 E269.51004
G1 X8.932 Y40.586 E270.01309
G1 X6.867 Y40.988 E270.50775
G1 X4.787 Y41.281 E271.00165
G1 X2.648 Y41.474 E271.50664
G0 F960 X-34.02 Y21.135
G1 F1200 X-21.146 Y34.008 E275.78743
G1 X-20.616 Y34.538
G0 F960 X-13.049 Y37.863
G1 F1200 X-37.852 Y13.06 E284.03509
G0 F960 X-39.375 Y7.294
G1 F1200 X-7.287 Y39.382 E294.70521
G0 F960 X-2.457 Y39.969
G1 F1200 X-39.973 Y2.454 E307.18012
G0 F960 X-40.008 Y-1.824
G1 F1200 X1.821 Y40.005 E321.08938
G0 F960 X5.696 Y39.638
G1 F1200 X-39.643 Y-5.701 E336.16582
G0 F960 X-38.958 Y-9.26
G1 F1200 X9.261 Y38.959 E352.19993
G0 F960 X12.574 Y38.03
G1 F1200 X-38.024 Y-12.568 E369.02512
G0 F960 X-36.864 Y-15.651
G1 F1200 X15.646 Y36.859 E386.4861
G0 F960 X18.533 Y35.503
G1 F1200 X-35.496 Y-18.525 E404.45202
G0 F960 X-33.961 Y-21.233
G1 F1200 X21.225 Y33.952 E422.80268
G0 F960 X23.754 Y32.239
G1 F1200 X-32.234 Y-23.749 E441.42019
G0 F960 X-30.362 Y-26.12
G1 F1200 X26.113 Y30.356 E460.19981
G0 F960 X28.32 Y28.32
G1 F1200 X-28.314 Y-28.314 E479.03213
G0 F960 X-26.116 Y-30.359
G1 F1200 X30.357 Y26.114 E497.81092
G0 F960 X32.244 Y23.759
G1 F1200 X-23.753 Y-32.238 E516.43142
G0 F960 X-21.227 Y-33.955
G1 F1200 X33.955 Y21.227 E534.78092
G0 F960 X35.504 Y18.533
G1 F1200 X-18.528 Y-35.498 E552.74784
G0 F960 X-15.651 Y-36.864
G1 F1200 X36.861 Y15.648 E570.20948
G0 F960 X38.023 Y12.567
G1 F1200 X-12.565 Y-38.021 E587.03135
G0 F960 X-9.264 Y-38.962
G1 F1200 X38.967 Y9.268 E603.06928
G0 F960 X39.637 Y5.696
G1 F1200 X-5.706 Y-39.647 E618.14705
G0 F960 X-1.827 Y-40.011
G1 F1200 X40.001 Y1.817 E632.05598
G0 F960 X39.969 Y-2.458
G1 F1200 X2.447 Y-39.979 E644.53288
G0 F960 X7.292 Y-39.377
G1 F1200 X39.384 Y-7.285 E655.20433
G0 F960 X37.873 Y-13.038
G1 F1200 X13.055 Y-37.857 E663.45715
G1 X12.525 Y-38.387
G0 F960 X21.165 Y-33.989
G1 F1200 X33.995 Y-21.159 E667.72347
G1 X34.525 Y-20.629
;MESH:NONMESH
G0 F600 X34.525 Y-20.629 Z1.5
G0 F960 X-11.011 Y-44.459
G0 X-12.083 Y-49.002
;TIME_ELAPSED:161.725348
;LAYER:1
M106 S255
;TYPE:WALL-OUTER
;MESH:sensory_obj_2_Body1.stl
G1 F2100 X-9.092 Y-49.645 E669.16216
G1 X-6.084 Y-50.102 E670.59295
G1 X-3.039 Y-50.379 E672.03082
G1 X0.00 Y-50.471 E673.4606
G1 X3.039 Y-50.379 E674.89039
G1 X6.084 Y-50.102 E676.32826
G1 X9.092 Y-49.645 E677.75904
G1 X12.082 Y-49.002 E679.19728
G1 X15.018 Y-48.184 E680.63056
G1 X17.894 Y-47.192 E682.06123
G1 X20.709 Y-46.025 E683.49427
G1 X23.455 Y-44.689 E684.93034
G1 X26.115 Y-43.188 E686.36666
G1 X28.673 Y-41.534 E687.79916
G1 X31.13 Y-39.727 E689.23343
G1 X33.466 Y-37.78 E690.6635
G1 X35.688 Y-35.688 E692.09868
G1 X37.78 Y-33.466 E693.53385
G1 X39.727 Y-31.13 E694.96392
G1 X41.537 Y-28.669 E696.40055
G1 X43.186 Y-26.12 E697.82821
G1 X44.689 Y-23.455 E699.26704
G1 X46.025 Y-20.709 E700.70311
G1 X47.192 Y-17.893 E702.13659
G1 X48.184 Y-15.019 E703.56637
G1 X49.002 Y-12.083 E704.99965
G1 X49.645 Y-9.092 E706.43834
G1 X50.102 Y-6.084 E707.86913
G1 X50.379 Y-3.039 E709.307
G1 X50.471 Y0.00 E710.73678
G1 X50.379 Y3.039 E712.16657
G1 X50.102 Y6.084 E713.60444
G1 X49.645 Y9.092 E715.03522
G1 X49.002 Y12.083 E716.47392
G1 X48.184 Y15.019 E717.9072
G1 X47.192 Y17.893 E719.33698
G1 X46.025 Y20.709 E720.77046
G1 X44.689 Y23.455 E722.20653
G1 X43.186 Y26.12 E723.64535
G1 X41.537 Y28.669 E725.07302
G1 X39.727 Y31.13 E726.50965
G1 X37.78 Y33.466 E727.93972
G1 X35.688 Y35.688 E729.37489
G1 X33.466 Y37.78 E730.81006
G1 X31.13 Y39.727 E732.24014
G1 X28.673 Y41.534 E733.67441
G1 X26.115 Y43.188 E735.10691
G1 X23.455 Y44.689 E736.54323
G1 X20.709 Y46.025 E737.9793
G1 X17.894 Y47.192 E739.41234
G1 X15.018 Y48.184 E740.84301
G1 X12.082 Y49.002 E742.27629
G1 X9.092 Y49.645 E743.71453
G1 X6.084 Y50.102 E745.14531
G1 X3.039 Y50.379 E746.58318
G1 X0.00 Y50.471 E748.01297
G1 X-3.039 Y50.379 E749.44275
G1 X-6.084 Y50.102 E750.88062
G1 X-9.092 Y49.645 E752.3114
G1 X-12.083 Y49.002 E753.7501
G1 X-15.019 Y48.184 E755.18338
G1 X-17.893 Y47.192 E756.61316
G1 X-20.709 Y46.025 E758.04664
G1 X-23.455 Y44.689 E759.48271
G1 X-26.12 Y43.186 E760.92154
G1 X-28.669 Y41.537 E762.3492
G1 X-31.13 Y39.727 E763.78583
G1 X-33.466 Y37.78 E765.2159
G1 X-35.688 Y35.688 E766.65107
G1 X-37.78 Y33.466 E768.08625
G1 X-39.727 Y31.13 E769.51632
G1 X-41.537 Y28.669 E770.95295
G1 X-43.186 Y26.12 E772.38061
G1 X-44.689 Y23.455 E773.81944
G1 X-46.025 Y20.709 E775.25551
G1 X-47.192 Y17.893 E776.68898
G1 X-48.184 Y15.019 E778.11877
G1 X-49.002 Y12.083 E779.55205
G1 X-49.645 Y9.092 E780.99074
G1 X-50.102 Y6.084 E782.42153
G1 X-50.379 Y3.039 E783.8594
G1 X-50.471 Y0.00 E785.28918
G1 X-50.379 Y-3.039 E786.71897
G1 X-50.102 Y-6.084 E788.15684
G1 X-49.645 Y-9.092 E789.58762
G1 X-49.002 Y-12.083 E791.02632
G1 X-48.184 Y-15.019 E792.4596
G1 X-47.192 Y-17.893 E793.88938
G1 X-46.025 Y-20.709 E795.32286
G1 X-44.689 Y-23.455 E796.75893
G1 X-43.186 Y-26.12 E798.19775
G1 X-41.537 Y-28.669 E799.62542
G1 X-39.727 Y-31.13 E801.06204
G1 X-37.78 Y-33.466 E802.49212
G1 X-35.688 Y-35.688 E803.92729
G1 X-33.466 Y-37.78 E805.36246
G1 X-31.13 Y-39.727 E806.79254
G1 X-28.669 Y-41.537 E808.22916
G1 X-26.12 Y-43.186 E809.65683
G1 X-23.455 Y-44.689 E811.09566
G1 X-20.709 Y-46.025 E812.53173
G1 X-17.893 Y-47.192 E813.9652
G1 X-15.019 Y-48.184 E815.39498
G1 X-12.083 Y-49.002 E816.82827
G0 F1680 X-12.127 Y-48.933
G1 F2100 X-9.081 Y-49.579 Z1.51 E818.29256
G1 X-6.076 Y-50.031 Z1.519 E819.7216
G1 X-3.035 Y-50.308 Z1.529 E821.1576
G1 X0.00 Y-50.404 Z1.539 E822.58558
G1 X3.036 Y-50.322 Z1.548 E824.01382
G1 X6.076 Y-50.044 Z1.558 E825.4494
G1 X9.079 Y-49.58 Z1.567 E826.87837
G1 X12.065 Y-48.937 Z1.577 E828.31477
G1 X14.999 Y-48.122 Z1.587 E829.74677
G1 X17.873 Y-47.136 Z1.596 E831.17565
G1 X20.687 Y-45.979 Z1.606 E832.60647
G1 X23.426 Y-44.637 Z1.615 E834.04082
G1 X26.082 Y-43.136 Z1.625 E835.47551
G1 X28.638 Y-41.483 Z1.635 E836.90697
G1 X31.094 Y-39.681 Z1.644 E838.33948
G1 X33.433 Y-37.741 Z1.654 E839.76854
G1 X35.65 Y-35.652 Z1.664 E841.20104
G1 X37.735 Y-33.428 Z1.673 E842.63465
G1 X39.68 Y-31.093 Z1.683 E844.06377
G1 X41.49 Y-28.637 Z1.692 E845.49851
G1 X43.142 Y-26.093 Z1.702 E846.92498
G1 X44.646 Y-23.435 Z1.712 E848.36117
G1 X45.977 Y-20.689 Z1.721 E849.79622
G1 X47.14 Y-17.874 Z1.731 E851.22855
G1 X48.131 Y-15.002 Z1.74 E852.6573
G1 X48.952 Y-12.07 Z1.75 E854.08916
G1 X49.601 Y-9.083 Z1.76 E855.52662
G1 X50.055 Y-6.08 Z1.769 E856.95487
G1 X50.328 Y-3.037 Z1.779 E858.39164
G1 X50.419 Y0.00 Z1.788 E859.82048
G1 X50.33 Y3.036 Z1.798 E861.24882
G1 X50.058 Y6.079 Z1.808 E862.68555
G1 X49.605 Y9.083 Z1.817 E864.1142
G1 X48.958 Y12.071 Z1.827 E865.55192
G1 X48.138 Y15.004 Z1.837 E866.9841
G1 X47.148 Y17.876 Z1.846 E868.4127
G1 X45.986 Y20.692 Z1.856 E869.84528
G1 X44.655 Y23.438 Z1.865 E871.28033
G1 X43.152 Y26.098 Z1.875 E872.71712
G1 X41.502 Y28.644 Z1.885 E874.14386
G1 X39.692 Y31.102 Z1.894 E875.57936
G1 X37.748 Y33.438 Z1.904 E877.00854
G1 X35.662 Y35.662 Z1.913 E878.44247
G1 X33.444 Y37.753 Z1.923 E879.87596
G1 X31.107 Y39.696 Z1.933 E881.3052
G1 X28.651 Y41.501 Z1.942 E882.73854
G1 X26.095 Y43.155 Z1.952 E884.17026
G1 X23.438 Y44.657 Z1.961 E885.60558
G1 X20.696 Y45.998 Z1.971 E887.041
G1 X17.883 Y47.159 Z1.981 E888.4721
G1 X15.008 Y48.149 Z1.99 E889.90203
G1 X12.074 Y48.967 Z2 E891.33441
G1 X9.086 Y49.61 Z2.01 E892.77173
G1 X6.08 Y50.072 Z2.019 E894.20195
G1 X3.038 Y50.35 Z2.029 E895.63846
G1 X0.00 Y50.439 Z2.038 E897.06774
G1 X-3.037 Y50.346 Z2.048 E898.49661
G1 X-6.08 Y50.071 Z2.058 E899.93347
G1 X-9.087 Y49.616 Z2.067 E901.36365
G1 X-12.078 Y48.979 Z2.077 E902.80176
G1 X-15.01 Y48.158 Z2.086 E904.23362
G1 X-17.883 Y47.165 Z2.096 E905.66312
G1 X-20.697 Y45.999 Z2.106 E907.09555
G1 X-23.442 Y44.665 Z2.115 E908.5308
G1 X-26.108 Y43.166 Z2.125 E909.96912
G1 X-28.656 Y41.519 Z2.135 E911.39589
G1 X-31.114 Y39.708 Z2.144 E912.83166
G1 X-33.449 Y37.761 Z2.154 E914.26138
G1 X-35.671 Y35.671 Z2.163 E915.69591
G1 X-37.764 Y33.452 Z2.173 E917.13039
G1 X-39.713 Y31.118 Z2.183 E918.56035
G1 X-41.52 Y28.658 Z2.192 E919.99577
G1 X-43.168 Y26.109 Z2.202 E921.42319
G1 X-44.67 Y23.445 Z2.211 E922.86138
G1 X-46.007 Y20.701 Z2.221 E924.29682
G1 X-47.176 Y17.887 Z2.231 E925.72979
G1 X-48.168 Y15.015 Z2.24 E927.15869
G1 X-48.985 Y12.079 Z2.25 E928.59186
G1 X-49.628 Y9.089 Z2.26 E930.0301
G1 X-50.086 Y6.082 Z2.269 E931.4605
G1 X-50.364 Y3.038 Z2.279 E932.89795
G1 X-50.459 Y0.00 Z2.288 E934.32731
G1 X-50.366 Y-3.038 Z2.298 E935.75665
G1 X-50.089 Y-6.082 Z2.308 E937.19406
G1 X-49.632 Y-9.09 Z2.317 E938.62485
G1 X-48.99 Y-12.08 Z2.327 E940.06299
G1 X-48.174 Y-15.016 Z2.337 E941.49603
G1 X-47.183 Y-17.889 Z2.346 E942.92522
G1 X-46.016 Y-20.705 Z2.356 E944.3587
G1 X-44.68 Y-23.45 Z2.365 E945.79436
G1 X-43.178 Y-26.115 Z2.375 E947.23296
G1 X-41.531 Y-28.665 Z2.385 E948.66052
G1 X-39.722 Y-31.126 Z2.394 E950.09687
G1 X-37.775 Y-33.462 Z2.404 E951.52695
G1 X-35.684 Y-35.684 Z2.413 E952.96181
G1 X-33.462 Y-37.776 Z2.423 E954.39699
G1 X-31.127 Y-39.723 Z2.433 E955.82671
G1 X-28.667 Y-41.534 Z2.442 E957.26324
G1 X-26.119 Y-43.183 Z2.452 E958.69052
G1 X-23.454 Y-44.687 Z2.462 E960.12959
G1 X-20.708 Y-46.023 Z2.471 E961.56566
G1 X-17.893 Y-47.191 Z2.481 E962.99889
G1 X-15.019 Y-48.183 Z2.49 E964.42868
G1 X-12.083 Y-49.002 Z2.5 E965.8621
;TIME_ELAPSED:179.857330
;LAYER:2
;TYPE:WALL-OUTER
;MESH:sensory_obj_2_Body1.stl
G1 F3000 X-9.092 Y-49.645 Z2.51 E967.3008
G1 X-6.084 Y-50.102 Z2.519 E968.73159
G1 X-3.039 Y-50.379 Z2.529 E970.16947
G1 X0.00 Y-50.471 Z2.538 E971.59926
G1 X3.039 Y-50.379 Z2.548 E973.02905
G1 X6.084 Y-50.102 Z2.558 E974.46693
G1 X9.092 Y-49.645 Z2.567 E975.89772
G1 X12.082 Y-49.002 Z2.577 E977.33596
G1 X15.018 Y-48.184 Z2.587 E978.76925
G1 X17.894 Y-47.192 Z2.596 E980.19993
G1 X20.709 Y-46.025 Z2.606 E981.63298
G1 X23.455 Y-44.689 Z2.615 E983.06905
G1 X26.115 Y-43.188 Z2.625 E984.50538
G1 X28.673 Y-41.534 Z2.635 E985.93788
G1 X31.13 Y-39.727 Z2.644 E987.37216
G1 X33.466 Y-37.78 Z2.654 E988.80225
G1 X35.688 Y-35.688 Z2.663 E990.23742
G1 X37.78 Y-33.466 Z2.673 E991.6726
G1 X39.727 Y-31.13 Z2.683 E993.10269
G1 X41.537 Y-28.669 Z2.692 E994.53932
G1 X43.186 Y-26.12 Z2.702 E995.96699
G1 X44.689 Y-23.455 Z2.712 E997.40583
G1 X46.025 Y-20.709 Z2.721 E998.8419
G1 X47.192 Y-17.893 Z2.731 E1000.27539
G1 X48.184 Y-15.019 Z2.74 E1001.70518
G1 X49.002 Y-12.083 Z2.75 E1003.13846
G1 X49.645 Y-9.092 Z2.76 E1004.57717
G1 X50.102 Y-6.084 Z2.769 E1006.00796
G1 X50.379 Y-3.039 Z2.779 E1007.44583
G1 X50.471 Y0.00 Z2.788 E1008.87563
G1 X50.379 Y3.039 Z2.798 E1010.30542
G1 X50.102 Y6.084 Z2.808 E1011.74329
G1 X49.645 Y9.092 Z2.817 E1013.17409
G1 X49.002 Y12.083 Z2.827 E1014.61279
G1 X48.184 Y15.019 Z2.837 E1016.04608
G1 X47.192 Y17.893 Z2.846 E1017.47587
G1 X46.025 Y20.709 Z2.856 E1018.90935
G1 X44.689 Y23.455 Z2.865 E1020.34543
G1 X43.186 Y26.12 Z2.875 E1021.78426
G1 X41.537 Y28.669 Z2.885 E1023.21194
G1 X39.727 Y31.13 Z2.894 E1024.64857
G1 X37.78 Y33.466 Z2.904 E1026.07865
G1 X35.688 Y35.688 Z2.913 E1027.51383
G1 X33.466 Y37.78 Z2.923 E1028.94901
G1 X31.13 Y39.727 Z2.933 E1030.37909
G1 X28.673 Y41.534 Z2.942 E1031.81337
G1 X26.115 Y43.188 Z2.952 E1033.24588
G1 X23.455 Y44.689 Z2.962 E1034.6822
G1 X20.709 Y46.025 Z2.971 E1036.11828
G1 X17.894 Y47.192 Z2.981 E1037.55132
G1 X15.018 Y48.184 Z2.99 E1038.982
G1 X12.082 Y49.002 Z3 E1040.41529
G1 X9.092 Y49.645 Z3.01 E1041.85353
G1 X6.084 Y50.102 Z3.019 E1043.28433
G1 X3.039 Y50.379 Z3.029 E1044.7222
G1 X0.00 Y50.471 Z3.038 E1046.15199
G1 X-3.039 Y50.379 Z3.048 E1047.58179
G1 X-6.084 Y50.102 Z3.058 E1049.01966
G1 X-9.092 Y49.645 Z3.067 E1050.45045
G1 X-12.083 Y49.002 Z3.077 E1051.88916
G1 X-15.019 Y48.184 Z3.087 E1053.32245
G1 X-17.893 Y47.192 Z3.096 E1054.75224
G1 X-20.709 Y46.025 Z3.106 E1056.18572
G1 X-23.455 Y44.689 Z3.115 E1057.62179
G1 X-26.12 Y43.186 Z3.125 E1059.06063
G1 X-28.669 Y41.537 Z3.135 E1060.4883
G1 X-31.13 Y39.727 Z3.144 E1061.92493
G1 X-33.466 Y37.78 Z3.154 E1063.35502
G1 X-35.688 Y35.688 Z3.163 E1064.7902
G1 X-37.78 Y33.466 Z3.173 E1066.22537
G1 X-39.727 Y31.13 Z3.183 E1067.65546
G1 X-41.537 Y28.669 Z3.192 E1069.09209
G1 X-43.186 Y26.12 Z3.202 E1070.51976
G1 X-44.689 Y23.455 Z3.212 E1071.9586
G1 X-46.025 Y20.709 Z3.221 E1073.39467
G1 X-47.192 Y17.893 Z3.231 E1074.82816
G1 X-48.184 Y15.019 Z3.24 E1076.25795
G1 X-49.002 Y12.083 Z3.25 E1077.69123
G1 X-49.645 Y9.092 Z3.26 E1079.12994
G1 X-50.102 Y6.084 Z3.269 E1080.56073
G1 X-50.379 Y3.039 Z3.279 E1081.9986
G1 X-50.471 Y0.00 Z3.288 E1083.4284
G1 X-50.379 Y-3.039 Z3.298 E1084.85819
G1 X-50.102 Y-6.084 Z3.308 E1086.29607
G1 X-49.645 Y-9.092 Z3.317 E1087.72686
G1 X-49.002 Y-12.083 Z3.327 E1089.16556
G1 X-48.184 Y-15.019 Z3.337 E1090.59885
G1 X-47.192 Y-17.893 Z3.346 E1092.02864
G1 X-46.025 Y-20.709 Z3.356 E1093.46212
G1 X-44.689 Y-23.455 Z3.365 E1094.8982
G1 X-43.186 Y-26.12 Z3.375 E1096.33703
G1 X-41.537 Y-28.669 Z3.385 E1097.76471
G1 X-39.727 Y-31.13 Z3.394 E1099.20134
G1 X-37.78 Y-33.466 Z3.404 E1100.63142
G1 X-35.688 Y-35.688 Z3.413 E1102.0666
G1 X-33.466 Y-37.78 Z3.423 E1103.50178
G1 X-31.13 Y-39.727 Z3.433 E1104.93186
G1 X-28.669 Y-41.537 Z3.442 E1106.36849
G1 X-26.12 Y-43.186 Z3.452 E1107.79617
G1 X-23.455 Y-44.689 Z3.462 E1109.235
G1 X-20.709 Y-46.025 Z3.471 E1110.67108
G1 X-17.893 Y-47.192 Z3.481 E1112.10456
G1 X-15.019 Y-48.184 Z3.49 E1113.53435
G1 X-12.083 Y-49.002 Z3.5 E1114.96764
;TIME_ELAPSED:186.210564
;LAYER:3
;TYPE:WALL-OUTER
;MESH:sensory_obj_2_Body1.stl
G1 X-9.092 Y-49.645 Z3.51 E1116.40634
G1 X-6.084 Y-50.102 Z3.519 E1117.83713
G1 X-3.039 Y-50.379 Z3.529 E1119.27501
G1 X0.00 Y-50.471 Z3.538 E1120.7048
G1 X3.039 Y-50.379 Z3.548 E1122.13459
G1 X6.084 Y-50.102 Z3.558 E1123.57247
G1 X9.092 Y-49.645 Z3.567 E1125.00326
G1 X12.082 Y-49.002 Z3.577 E1126.4415
G1 X15.018 Y-48.184 Z3.587 E1127.87479
G1 X17.894 Y-47.192 Z3.596 E1129.30547
G1 X20.709 Y-46.025 Z3.606 E1130.73852
G1 X23.455 Y-44.689 Z3.615 E1132.1746
G1 X26.115 Y-43.188 Z3.625 E1133.61092
G1 X28.673 Y-41.534 Z3.635 E1135.04343
G1 X31.13 Y-39.727 Z3.644 E1136.47771
G1 X33.466 Y-37.78 Z3.654 E1137.90779
G1 X35.688 Y-35.688 Z3.663 E1139.34297
G1 X37.78 Y-33.466 Z3.673 E1140.77815
G1 X39.727 Y-31.13 Z3.683 E1142.20823
G1 X41.537 Y-28.669 Z3.692 E1143.64486
G1 X43.186 Y-26.12 Z3.702 E1145.07253
G1 X44.689 Y-23.455 Z3.712 E1146.51137
G1 X46.025 Y-20.709 Z3.721 E1147.94744
G1 X47.192 Y-17.893 Z3.731 E1149.38093
G1 X48.184 Y-15.019 Z3.74 E1150.81072
G1 X49.002 Y-12.083 Z3.75 E1152.244
G1 X49.645 Y-9.092 Z3.76 E1153.68271
G1 X50.102 Y-6.084 Z3.769 E1155.1135
G1 X50.379 Y-3.039 Z3.779 E1156.55137
G1 X50.471 Y0.00 Z3.788 E1157.98117
G1 X50.379 Y3.039 Z3.798 E1159.41096
G1 X50.102 Y6.084 Z3.808 E1160.84884
G1 X49.645 Y9.092 Z3.817 E1162.27963
G1 X49.002 Y12.083 Z3.827 E1163.71833
G1 X48.184 Y15.019 Z3.837 E1165.15162
G1 X47.192 Y17.893 Z3.846 E1166.58141
G1 X46.025 Y20.709 Z3.856 E1168.01489
G1 X44.689 Y23.455 Z3.865 E1169.45097
G1 X43.186 Y26.12 Z3.875 E1170.8898
G1 X41.537 Y28.669 Z3.885 E1172.31748
G1 X39.727 Y31.13 Z3.894 E1173.75411
G1 X37.78 Y33.466 Z3.904 E1175.18419
G1 X35.688 Y35.688 Z3.913 E1176.61937
G1 X33.466 Y37.78 Z3.923 E1178.05455
G1 X31.13 Y39.727 Z3.933 E1179.48463
G1 X28.673 Y41.534 Z3.942 E1180.91891
G1 X26.115 Y43.188 Z3.952 E1182.35142
G1 X23.455 Y44.689 Z3.962 E1183.78774
G1 X20.709 Y46.025 Z3.971 E1185.22382
G1 X17.894 Y47.192 Z3.981 E1186.65687
G1 X15.018 Y48.184 Z3.99 E1188.08754
G1 X12.082 Y49.002 Z4 E1189.52083
G1 X9.092 Y49.645 Z4.01 E1190.95907
G1 X6.084 Y50.102 Z4.019 E1192.38987
G1 X3.039 Y50.379 Z4.029 E1193.82774
G1 X0.00 Y50.471 Z4.038 E1195.25753
G1 X-3.039 Y50.379 Z4.048 E1196.68733
G1 X-6.084 Y50.102 Z4.058 E1198.1252
G1 X-9.092 Y49.645 Z4.067 E1199.556
G1 X-12.083 Y49.002 Z4.077 E1200.9947
G1 X-15.019 Y48.184 Z4.087 E1202.42799
G1 X-17.893 Y47.192 Z4.096 E1203.85778
G1 X-20.709 Y46.025 Z4.106 E1205.29126
G1 X-23.455 Y44.689 Z4.115 E1206.72734
G1 X-26.12 Y43.186 Z4.125 E1208.16617
G1 X-28.669 Y41.537 Z4.135 E1209.59384
G1 X-31.13 Y39.727 Z4.144 E1211.03048
G1 X-33.466 Y37.78 Z4.154 E1212.46056
G1 X-35.688 Y35.688 Z4.163 E1213.89574
G1 X-37.78 Y33.466 Z4.173 E1215.33092
G1 X-39.727 Y31.13 Z4.183 E1216.761
G1 X-41.537 Y28.669 Z4.192 E1218.19763
G1 X-43.186 Y26.12 Z4.202 E1219.6253
G1 X-44.689 Y23.455 Z4.212 E1221.06414
G1 X-46.025 Y20.709 Z4.221 E1222.50021
G1 X-47.192 Y17.893 Z4.231 E1223.9337
G1 X-48.184 Y15.019 Z4.24 E1225.36349
G1 X-49.002 Y12.083 Z4.25 E1226.79678
G1 X-49.645 Y9.092 Z4.26 E1228.23548
G1 X-50.102 Y6.084 Z4.269 E1229.66627
G1 X-50.379 Y3.039 Z4.279 E1231.10414
G1 X-50.471 Y0.00 Z4.288 E1232.53394
G1 X-50.379 Y-3.039 Z4.298 E1233.96373
G1 X-50.102 Y-6.084 Z4.308 E1235.40161
G1 X-49.645 Y-9.092 Z4.317 E1236.8324
G1 X-49.002 Y-12.083 Z4.327 E1238.2711
G1 X-48.184 Y-15.019 Z4.337 E1239.70439
G1 X-47.192 Y-17.893 Z4.346 E1241.13418
G1 X-46.025 Y-20.709 Z4.356 E1242.56766
G1 X-44.689 Y-23.455 Z4.365 E1244.00374
G1 X-43.186 Y-26.12 Z4.375 E1245.44257
G1 X-41.537 Y-28.669 Z4.385 E1246.87025
G1 X-39.727 Y-31.13 Z4.394 E1248.30688
G1 X-37.78 Y-33.466 Z4.404 E1249.73696
G1 X-35.688 Y-35.688 Z4.413 E1251.17214
G1 X-33.466 Y-37.78 Z4.423 E1252.60732
G1 X-31.13 Y-39.727 Z4.433 E1254.0374
G1 X-28.669 Y-41.537 Z4.442 E1255.47403
G1 X-26.12 Y-43.186 Z4.452 E1256.90171
G1 X-23.455 Y-44.689 Z4.462 E1258.34054
G1 X-20.709 Y-46.025 Z4.471 E1259.77662
G1 X-17.893 Y-47.192 Z4.481 E1261.2101
G1 X-15.019 Y-48.184 Z4.49 E1262.63989
G1 X-12.083 Y-49.002 Z4.5 E1264.07318
;TIME_ELAPSED:192.563799
;LAYER:4
;TYPE:WALL-OUTER
;MESH:sensory_obj_2_Body1.stl
G1 X-9.092 Y-49.645 Z4.51 E1265.51188
G1 X-6.084 Y-50.102 Z4.519 E1266.94267
G1 X-3.039 Y-50.379 Z4.529 E1268.38055
G1 X0.00 Y-50.471 Z4.538 E1269.81034
G1 X3.039 Y-50.379 Z4.548 E1271.24013
G1 X6.084 Y-50.102 Z4.558 E1272.67801
G1 X9.092 Y-49.645 Z4.567 E1274.1088
G1 X12.082 Y-49.002 Z4.577 E1275.54704
G1 X15.018 Y-48.184 Z4.587 E1276.98033
G1 X17.894 Y-47.192 Z4.596 E1278.41101
G1 X20.709 Y-46.025 Z4.606 E1279.84406
G1 X23.455 Y-44.689 Z4.615 E1281.28014
G1 X26.115 Y-43.188 Z4.625 E1282.71646
G1 X28.673 Y-41.534 Z4.635 E1284.14897
G1 X31.13 Y-39.727 Z4.644 E1285.58325
G1 X33.466 Y-37.78 Z4.654 E1287.01333
G1 X35.688 Y-35.688 Z4.663 E1288.44851
G1 X37.78 Y-33.466 Z4.673 E1289.88369
G1 X39.727 Y-31.13 Z4.683 E1291.31377
G1 X41.537 Y-28.669 Z4.692 E1292.7504
G1 X43.186 Y-26.12 Z4.702 E1294.17807
G1 X44.689 Y-23.455 Z4.712 E1295.61691
G1 X46.025 Y-20.709 Z4.721 E1297.05298
G1 X47.192 Y-17.893 Z4.731 E1298.48647
G1 X48.184 Y-15.019 Z4.74 E1299.91626
G1 X49.002 Y-12.083 Z4.75 E1301.34955
G1 X49.645 Y-9.092 Z4.76 E1302.78825
G1 X50.102 Y-6.084 Z4.769 E1304.21904
G1 X50.379 Y-3.039 Z4.779 E1305.65691
G1 X50.471 Y0.00 Z4.788 E1307.08671
G1 X50.379 Y3.039 Z4.798 E1308.5165
G1 X50.102 Y6.084 Z4.808 E1309.95438
G1 X49.645 Y9.092 Z4.817 E1311.38517
G1 X49.002 Y12.083 Z4.827 E1312.82387
G1 X48.184 Y15.019 Z4.837 E1314.25716
G1 X47.192 Y17.893 Z4.846 E1315.68695
G1 X46.025 Y20.709 Z4.856 E1317.12043
G1 X44.689 Y23.455 Z4.865 E1318.55651
G1 X43.186 Y26.12 Z4.875 E1319.99534
G1 X41.537 Y28.669 Z4.885 E1321.42302
G1 X39.727 Y31.13 Z4.894 E1322.85965
G1 X37.78 Y33.466 Z4.904 E1324.28973
G1 X35.688 Y35.688 Z4.913 E1325.72491
G1 X33.466 Y37.78 Z4.923 E1327.16009
G1 X31.13 Y39.727 Z4.933 E1328.59017
G1 X28.673 Y41.534 Z4.942 E1330.02445
G1 X26.115 Y43.188 Z4.952 E1331.45696
G1 X23.455 Y44.689 Z4.962 E1332.89328
G1 X20.709 Y46.025 Z4.971 E1334.32936
G1 X17.894 Y47.192 Z4.981 E1335.76241
G1 X15.018 Y48.184 Z4.99 E1337.19308
G1 X12.082 Y49.002 Z5 E1338.62637
G1 X9.092 Y49.645 Z5.01 E1340.06462
G1 X6.084 Y50.102 Z5.019 E1341.49541
G1 X3.039 Y50.379 Z5.029 E1342.93328
G1 X0.00 Y50.471 Z5.038 E1344.36308
G1 X-3.039 Y50.379 Z5.048 E1345.79287
G1 X-6.084 Y50.102 Z5.058 E1347.23074
G1 X-9.092 Y49.645 Z5.067 E1348.66154
G1 X-12.083 Y49.002 Z5.077 E1350.10024
G1 X-15.019 Y48.184 Z5.087 E1351.53353
G1 X-17.893 Y47.192 Z5.096 E1352.96332
G1 X-20.709 Y46.025 Z5.106 E1354.3968
G1 X-23.455 Y44.689 Z5.115 E1355.83288
G1 X-26.12 Y43.186 Z5.125 E1357.27171
G1 X-28.669 Y41.537 Z5.135 E1358.69939
G1 X-31.13 Y39.727 Z5.144 E1360.13602
G1 X-33.466 Y37.78 Z5.154 E1361.5661
G1 X-35.688 Y35.688 Z5.163 E1363.00128
G1 X-37.78 Y33.466 Z5.173 E1364.43646
G1 X-39.727 Y31.13 Z5.183 E1365.86654
G1 X-41.537 Y28.669 Z5.192 E1367.30317
G1 X-43.186 Y26.12 Z5.202 E1368.73084
G1 X-44.689 Y23.455 Z5.212 E1370.16968
G1 X-46.025 Y20.709 Z5.221 E1371.60575
G1 X-47.192 Y17.893 Z5.231 E1373.03924
G1 X-48.184 Y15.019 Z5.24 E1374.46903
G1 X-49.002 Y12.083 Z5.25 E1375.90232
G1 X-49.645 Y9.092 Z5.26 E1377.34102
G1 X-50.102 Y6.084 Z5.269 E1378.77181
G1 X-50.379 Y3.039 Z5.279 E1380.20969
G1 X-50.471 Y0.00 Z5.288 E1381.63948
G1 X-50.379 Y-3.039 Z5.298 E1383.06927
G1 X-50.102 Y-6.084 Z5.308 E1384.50715
G1 X-49.645 Y-9.092 Z5.317 E1385.93794
G1 X-49.002 Y-12.083 Z5.327 E1387.37664
G1 X-48.184 Y-15.019 Z5.337 E1388.80993
G1 X-47.192 Y-17.893 Z5.346 E1390.23972
G1 X-46.025 Y-20.709 Z5.356 E1391.6732
G1 X-44.689 Y-23.455 Z5.365 E1393.10928
G1 X-43.186 Y-26.12 Z5.375 E1394.54811
G1 X-41.537 Y-28.669 Z5.385 E1395.97579
G1 X-39.727 Y-31.13 Z5.394 E1397.41242
G1 X-37.78 Y-33.466 Z5.404 E1398.8425
G1 X-35.688 Y-35.688 Z5.413 E1400.27768
G1 X-33.466 Y-37.78 Z5.423 E1401.71286
G1 X-31.13 Y-39.727 Z5.433 E1403.14294
G1 X-28.669 Y-41.537 Z5.442 E1404.57957
G1 X-26.12 Y-43.186 Z5.452 E1406.00725
G1 X-23.455 Y-44.689 Z5.462 E1407.44608
G1 X-20.709 Y-46.025 Z5.471 E1408.88216
G1 X-17.893 Y-47.192 Z5.481 E1410.31564
G1 X-15.019 Y-48.184 Z5.49 E1411.74543
G1 X-12.083 Y-49.002 Z5.5 E1413.17872
;TIME_ELAPSED:198.917033
;LAYER:5
;TYPE:WALL-OUTER
;MESH:sensory_obj_2_Body1.stl
G1 X-9.092 Y-49.645 Z5.51 E1414.61742
G1 X-6.084 Y-50.102 Z5.519 E1416.04821
G1 X-3.039 Y-50.379 Z5.529 E1417.48609
G1 X0.00 Y-50.471 Z5.538 E1418.91588
G1 X3.039 Y-50.379 Z5.548 E1420.34568
G1 X6.084 Y-50.102 Z5.558 E1421.78355
G1 X9.092 Y-49.645 Z5.567 E1423.21434
G1 X12.082 Y-49.002 Z5.577 E1424.65258
G1 X15.018 Y-48.184 Z5.587 E1426.08587
G1 X17.894 Y-47.192 Z5.596 E1427.51655
G1 X20.709 Y-46.025 Z5.606 E1428.9496
G1 X23.455 Y-44.689 Z5.615 E1430.38568
G1 X26.115 Y-43.188 Z5.625 E1431.822
G1 X28.673 Y-41.534 Z5.635 E1433.25451
G1 X31.13 Y-39.727 Z5.644 E1434.68879
G1 X33.466 Y-37.78 Z5.654 E1436.11887
G1 X35.688 Y-35.688 Z5.663 E1437.55405
G1 X37.78 Y-33.466 Z5.673 E1438.98923
G1 X39.727 Y-31.13 Z5.683 E1440.41931
G1 X41.537 Y-28.669 Z5.692 E1441.85594
G1 X43.186 Y-26.12 Z5.702 E1443.28362
G1 X44.689 Y-23.455 Z5.712 E1444.72245
G1 X46.025 Y-20.709 Z5.721 E1446.15853
G1 X47.192 Y-17.893 Z5.731 E1447.59201
G1 X48.184 Y-15.019 Z5.74 E1449.0218
G1 X49.002 Y-12.083 Z5.75 E1450.45509
G1 X49.645 Y-9.092 Z5.76 E1451.89379
G1 X50.102 Y-6.084 Z5.769 E1453.32458
G1 X50.379 Y-3.039 Z5.779 E1454.76246
G1 X50.471 Y0.00 Z5.788 E1456.19225
G1 X50.379 Y3.039 Z5.798 E1457.62204
G1 X50.102 Y6.084 Z5.808 E1459.05992
G1 X49.645 Y9.092 Z5.817 E1460.49071
G1 X49.002 Y12.083 Z5.827 E1461.92941
G1 X48.184 Y15.019 Z5.837 E1463.3627
G1 X47.192 Y17.893 Z5.846 E1464.79249
G1 X46.025 Y20.709 Z5.856 E1466.22597
G1 X44.689 Y23.455 Z5.865 E1467.66205
G1 X43.186 Y26.12 Z5.875 E1469.10088
G1 X41.537 Y28.669 Z5.885 E1470.52856
G1 X39.727 Y31.13 Z5.894 E1471.96519
G1 X37.78 Y33.466 Z5.904 E1473.39527
G1 X35.688 Y35.688 Z5.913 E1474.83045
G1 X33.466 Y37.78 Z5.923 E1476.26563
G1 X31.13 Y39.727 Z5.933 E1477.69571
G1 X28.673 Y41.534 Z5.942 E1479.12999
G1 X26.115 Y43.188 Z5.952 E1480.5625
G1 X23.455 Y44.689 Z5.962 E1481.99882
G1 X20.709 Y46.025 Z5.971 E1483.4349
G1 X17.894 Y47.192 Z5.981 E1484.86795
G1 X15.018 Y48.184 Z5.99 E1486.29863
G1 X12.082 Y49.002 Z6 E1487.73191
G1 X9.092 Y49.645 Z6.01 E1489.17016
G1 X6.084 Y50.102 Z6.019 E1490.60095
G1 X3.039 Y50.379 Z6.029 E1492.03882
G1 X0.00 Y50.471 Z6.038 E1493.46862
G1 X-3.039 Y50.379 Z6.048 E1494.89841
G1 X-6.084 Y50.102 Z6.058 E1496.33628
G1 X-9.092 Y49.645 Z6.067 E1497.76708
G1 X-12.083 Y49.002 Z6.077 E1499.20578
G1 X-15.019 Y48.184 Z6.087 E1500.63907
G1 X-17.893 Y47.192 Z6.096 E1502.06886
G1 X-20.709 Y46.025 Z6.106 E1503.50234
G1 X-23.455 Y44.689 Z6.115 E1504.93842
G1 X-26.12 Y43.186 Z6.125 E1506.37725
G1 X-28.669 Y41.537 Z6.135 E1507.80493
G1 X-31.13 Y39.727 Z6.144 E1509.24156
G1 X-33.466 Y37.78 Z6.154 E1510.67164
G1 X-35.688 Y35.688 Z6.163 E1512.10682
G1 X-37.78 Y33.466 Z6.173 E1513.542
G1 X-39.727 Y31.13 Z6.183 E1514.97208
G1 X-41.537 Y28.669 Z6.192 E1516.40871
G1 X-43.186 Y26.12 Z6.202 E1517.83639
G1 X-44.689 Y23.455 Z6.212 E1519.27522
G1 X-46.025 Y20.709 Z6.221 E1520.7113
G1 X-47.192 Y17.893 Z6.231 E1522.14478
G1 X-48.184 Y15.019 Z6.24 E1523.57457
G1 X-49.002 Y12.083 Z6.25 E1525.00786
G1 X-49.645 Y9.092 Z6.26 E1526.44656
G1 X-50.102 Y6.084 Z6.269 E1527.87735
G1 X-50.379 Y3.039 Z6.279 E1529.31523
G1 X-50.471 Y0.00 Z6.288 E1530.74502
G1 X-50.379 Y-3.039 Z6.298 E1532.17481
G1 X-50.102 Y-6.084 Z6.308 E1533.61269
G1 X-49.645 Y-9.092 Z6.317 E1535.04348
G1 X-49.002 Y-12.083 Z6.327 E1536.48218
G1 X-48.184 Y-15.019 Z6.337 E1537.91547
G1 X-47.192 Y-17.893 Z6.346 E1539.34526
G1 X-46.025 Y-20.709 Z6.356 E1540.77874
G1 X-44.689 Y-23.455 Z6.365 E1542.21482
G1 X-43.186 Y-26.12 Z6.375 E1543.65365
G1 X-41.537 Y-28.669 Z6.385 E1545.08133
G1 X-39.727 Y-31.13 Z6.394 E1546.51796
G1 X-37.78 Y-33.466 Z6.404 E1547.94804
G1 X-35.688 Y-35.688 Z6.413 E1549.38322
G1 X-33.466 Y-37.78 Z6.423 E1550.8184
G1 X-31.13 Y-39.727 Z6.433 E1552.24848
G1 X-28.669 Y-41.537 Z6.442 E1553.68511
G1 X-26.12 Y-43.186 Z6.452 E1555.11279
G1 X-23.455 Y-44.689 Z6.462 E1556.55162
G1 X-20.709 Y-46.025 Z6.471 E1557.9877
G1 X-17.893 Y-47.192 Z6.481 E1559.42118
G1 X-15.019 Y-48.184 Z6.49 E1560.85097
G1 X-12.083 Y-49.002 Z6.5 E1562.28426
;TIME_ELAPSED:205.270267
;LAYER:6
;TYPE:WALL-OUTER
;MESH:sensory_obj_2_Body1.stl
G1 X-9.092 Y-49.645 Z6.51 E1563.72296
G1 X-6.084 Y-50.102 Z6.519 E1565.15375
G1 X-3.039 Y-50.379 Z6.529 E1566.59163
G1 X0.00 Y-50.471 Z6.538 E1568.02142
G92 E0
G1 X3.039 Y-50.379 Z6.548 E1.42979
G1 X6.084 Y-50.102 Z6.558 E2.86767
G1 X9.092 Y-49.645 Z6.567 E4.29846
G1 X12.082 Y-49.002 Z6.577 E5.7367
G1 X15.018 Y-48.184 Z6.587 E7.16999
G1 X17.894 Y-47.192 Z6.596 E8.60067
G1 X20.709 Y-46.025 Z6.606 E10.03372
G1 X23.455 Y-44.689 Z6.615 E11.4698
G1 X26.115 Y-43.188 Z6.625 E12.90612
G1 X28.673 Y-41.534 Z6.635 E14.33863
G1 X31.13 Y-39.727 Z6.644 E15.77291
G1 X33.466 Y-37.78 Z6.654 E17.20299
G1 X35.688 Y-35.688 Z6.663 E18.63817
G1 X37.78 Y-33.466 Z6.673 E20.07335
G1 X39.727 Y-31.13 Z6.683 E21.50343
G1 X41.537 Y-28.669 Z6.692 E22.94006
G1 X43.186 Y-26.12 Z6.702 E24.36773
G1 X44.689 Y-23.455 Z6.712 E25.80657
G1 X46.025 Y-20.709 Z6.721 E27.24264
G1 X47.192 Y-17.893 Z6.731 E28.67613
G1 X48.184 Y-15.019 Z6.74 E30.10592
G1 X49.002 Y-12.083 Z6.75 E31.53921
G1 X49.645 Y-9.092 Z6.76 E32.97791
G1 X50.102 Y-6.084 Z6.769 E34.4087
G1 X50.379 Y-3.039 Z6.779 E35.84657
G1 X50.471 Y0.00 Z6.788 E37.27637
G1 X50.379 Y3.039 Z6.798 E38.70616
G1 X50.102 Y6.084 Z6.808 E40.14404
G1 X49.645 Y9.092 Z6.817 E41.57483
G1 X49.002 Y12.083 Z6.827 E43.01353
G1 X48.184 Y15.019 Z6.837 E44.44682
G1 X47.192 Y17.893 Z6.846 E45.87661
G1 X46.025 Y20.709 Z6.856 E47.31009
G1 X44.689 Y23.455 Z6.865 E48.74617
G1 X43.186 Y26.12 Z6.875 E50.185
G1 X41.537 Y28.669 Z6.885 E51.61268
G1 X39.727 Y31.13 Z6.894 E53.04931
G1 X37.78 Y33.466 Z6.904 E54.47939
G1 X35.688 Y35.688 Z6.913 E55.91457
G1 X33.466 Y37.78 Z6.923 E57.34975
G1 X31.13 Y39.727 Z6.933 E58.77983
G1 X28.673 Y41.534 Z6.942 E60.21411
G1 X26.115 Y43.188 Z6.952 E61.64662
G1 X23.455 Y44.689 Z6.962 E63.08294
G1 X20.709 Y46.025 Z6.971 E64.51902
G1 X17.894 Y47.192 Z6.981 E65.95207
G1 X15.018 Y48.184 Z6.99 E67.38274
G1 X12.082 Y49.002 Z7 E68.81603
G1 X9.092 Y49.645 Z7.01 E70.25428
G1 X6.084 Y50.102 Z7.019 E71.68507
G1 X3.039 Y50.379 Z7.029 E73.12294
G1 X0.00 Y50.471 Z7.038 E74.55273
G1 X-3.039 Y50.379 Z7.048 E75.98253
G1 X-6.084 Y50.102 Z7.058 E77.4204
G1 X-9.092 Y49.645 Z7.067 E78.8512
G1 X-12.083 Y49.002 Z7.077 E80.2899
G1 X-15.019 Y48.184 Z7.087 E81.72319
G1 X-17.893 Y47.192 Z7.096 E83.15298
G1 X-20.709 Y46.025 Z7.106 E84.58646
G1 X-23.455 Y44.689 Z7.115 E86.02254
G1 X-26.12 Y43.186 Z7.125 E87.46137
G1 X-28.669 Y41.537 Z7.135 E88.88904
G1 X-31.13 Y39.727 Z7.144 E90.32568
G1 X-33.466 Y37.78 Z7.154 E91.75576
G1 X-35.688 Y35.688 Z7.163 E93.19094
G1 X-37.78 Y33.466 Z7.173 E94.62612
G1 X-39.727 Y31.13 Z7.183 E96.0562
G1 X-41.537 Y28.669 Z7.192 E97.49283
G1 X-43.186 Y26.12 Z7.202 E98.9205
G1 X-44.689 Y23.455 Z7.212 E100.35934
G1 X-46.025 Y20.709 Z7.221 E101.79541
G1 X-47.192 Y17.893 Z7.231 E103.2289
G1 X-48.184 Y15.019 Z7.24 E104.65869
G1 X-49.002 Y12.083 Z7.25 E106.09198
G1 X-49.645 Y9.092 Z7.26 E107.53068
G1 X-50.102 Y6.084 Z7.269 E108.96147
G1 X-50.379 Y3.039 Z7.279 E110.39934
G1 X-50.471 Y0.00 Z7.288 E111.82914
G1 X-50.379 Y-3.039 Z7.298 E113.25893
G1 X-50.102 Y-6.084 Z7.308 E114.69681
G1 X-49.645 Y-9.092 Z7.317 E116.1276
G1 X-49.002 Y-12.083 Z7.327 E117.5663
G1 X-48.184 Y-15.019 Z7.337 E118.99959
G1 X-47.192 Y-17.893 Z7.346 E120.42938
G1 X-46.025 Y-20.709 Z7.356 E121.86286
G1 X-44.689 Y-23.455 Z7.365 E123.29894
G1 X-43.186 Y-26.12 Z7.375 E124.73777
G1 X-41.537 Y-28.669 Z7.385 E126.16545
G1 X-39.727 Y-31.13 Z7.394 E127.60208
G1 X-37.78 Y-33.466 Z7.404 E129.03216
G1 X-35.688 Y-35.688 Z7.413 E130.46734
G1 X-33.466 Y-37.78 Z7.423 E131.90252
G1 X-31.13 Y-39.727 Z7.433 E133.3326
G1 X-28.669 Y-41.537 Z7.442 E134.76923
G1 X-26.12 Y-43.186 Z7.452 E136.19691
G1 X-23.455 Y-44.689 Z7.462 E137.63574
G1 X-20.709 Y-46.025 Z7.471 E139.07182
G1 X-17.893 Y-47.192 Z7.481 E140.5053
G1 X-15.019 Y-48.184 Z7.49 E141.93509
G1 X-12.083 Y-49.002 Z7.5 E143.36838
;TIME_ELAPSED:211.640994
;LAYER:7
;TYPE:WALL-OUTER
;MESH:sensory_obj_2_Body1.stl
G1 X-9.092 Y-49.645 Z7.51 E144.80708
G1 X-6.084 Y-50.102 Z7.519 E146.23787
G1 X-3.039 Y-50.379 Z7.529 E147.67575
G1 X0.00 Y-50.471 Z7.538 E149.10554
G1 X3.039 Y-50.379 Z7.548 E150.53534
G1 X6.084 Y-50.102 Z7.558 E151.97321
G1 X9.092 Y-49.645 Z7.567 E153.404
G1 X12.082 Y-49.002 Z7.577 E154.84224
G1 X15.018 Y-48.184 Z7.587 E156.27553
G1 X17.894 Y-47.192 Z7.596 E157.70621
G1 X20.709 Y-46.025 Z7.606 E159.13926
G1 X23.455 Y-44.689 Z7.615 E160.57534
G1 X26.115 Y-43.188 Z7.625 E162.01166
G1 X28.673 Y-41.534 Z7.635 E163.44417
G1 X31.13 Y-39.727 Z7.644 E164.87845
G1 X33.466 Y-37.78 Z7.654 E166.30853
G1 X35.688 Y-35.688 Z7.663 E167.74371
G1 X37.78 Y-33.466 Z7.673 E169.17889
G1 X39.727 Y-31.13 Z7.683 E170.60897
G1 X41.537 Y-28.669 Z7.692 E172.0456
G1 X43.186 Y-26.12 Z7.702 E173.47328
G1 X44.689 Y-23.455 Z7.712 E174.91211
G1 X46.025 Y-20.709 Z7.721 E176.34818
G1 X47.192 Y-17.893 Z7.731 E177.78167
G1 X48.184 Y-15.019 Z7.74 E179.21146
G1 X49.002 Y-12.083 Z7.75 E180.64475
G1 X49.645 Y-9.092 Z7.76 E182.08345
G1 X50.102 Y-6.084 Z7.769 E183.51424
G1 X50.379 Y-3.039 Z7.779 E184.95212
G1 X50.471 Y0.00 Z7.788 E186.38191
G1 X50.379 Y3.039 Z7.798 E187.8117
G1 X50.102 Y6.084 Z7.808 E189.24958
G1 X49.645 Y9.092 Z7.817 E190.68037
G1 X49.002 Y12.083 Z7.827 E192.11907
G1 X48.184 Y15.019 Z7.837 E193.55236
G1 X47.192 Y17.893 Z7.846 E194.98215
G1 X46.025 Y20.709 Z7.856 E196.41563
G1 X44.689 Y23.455 Z7.865 E197.85171
G1 X43.186 Y26.12 Z7.875 E199.29054
G1 X41.537 Y28.669 Z7.885 E200.71822
G1 X39.727 Y31.13 Z7.894 E202.15485
G1 X37.78 Y33.466 Z7.904 E203.58493
G1 X35.688 Y35.688 Z7.913 E205.02011
G1 X33.466 Y37.78 Z7.923 E206.45529
G1 X31.13 Y39.727 Z7.933 E207.88537
G1 X28.673 Y41.534 Z7.942 E209.31965
G1 X26.115 Y43.188 Z7.952 E210.75216
G1 X23.455 Y44.689 Z7.962 E212.18848
G1 X20.709 Y46.025 Z7.971 E213.62456
G1 X17.894 Y47.192 Z7.981 E215.05761
G1 X15.018 Y48.184 Z7.99 E216.48828
G1 X12.082 Y49.002 Z8 E217.92157
G1 X9.092 Y49.645 Z8.01 E219.35982
G1 X6.084 Y50.102 Z8.019 E220.79061
G1 X3.039 Y50.379 Z8.029 E222.22848
G1 X0.00 Y50.471 Z8.038 E223.65828
G1 X-3.039 Y50.379 Z8.048 E225.08807
G1 X-6.084 Y50.102 Z8.058 E226.52594
G1 X-9.092 Y49.645 Z8.067 E227.95674
G1 X-12.083 Y49.002 Z8.077 E229.39544
G1 X-15.019 Y48.184 Z8.087 E230.82873
G1 X-17.893 Y47.192 Z8.096 E232.25852
G1 X-20.709 Y46.025 Z8.106 E233.692
G1 X-23.455 Y44.689 Z8.115 E235.12808
G1 X-26.12 Y43.186 Z8.125 E236.56691
G1 X-28.669 Y41.537 Z8.135 E237.99459
G1 X-31.13 Y39.727 Z8.144 E239.43122
G1 X-33.466 Y37.78 Z8.154 E240.8613
G1 X-35.688 Y35.688 Z8.163 E242.29648
G1 X-37.78 Y33.466 Z8.173 E243.73166
G1 X-39.727 Y31.13 Z8.183 E245.16174
G1 X-41.537 Y28.669 Z8.192 E246.59837
G1 X-43.186 Y26.12 Z8.202 E248.02605
G1 X-44.689 Y23.455 Z8.212 E249.46488
G1 X-46.025 Y20.709 Z8.221 E250.90096
G1 X-47.192 Y17.893 Z8.231 E252.33444
G1 X-48.184 Y15.019 Z8.24 E253.76423
G1 X-49.002 Y12.083 Z8.25 E255.19752
G1 X-49.645 Y9.092 Z8.26 E256.63622
G1 X-50.102 Y6.084 Z8.269 E258.06701
G1 X-50.379 Y3.039 Z8.279 E259.50489
G1 X-50.471 Y0.00 Z8.288 E260.93468
G1 X-50.379 Y-3.039 Z8.298 E262.36447
G1 X-50.102 Y-6.084 Z8.308 E263.80235
G1 X-49.645 Y-9.092 Z8.317 E265.23314
G1 X-49.002 Y-12.083 Z8.327 E266.67184
G1 X-48.184 Y-15.019 Z8.337 E268.10513
G1 X-47.192 Y-17.893 Z8.346 E269.53492
G1 X-46.025 Y-20.709 Z8.356 E270.9684
G1 X-44.689 Y-23.455 Z8.365 E272.40448
G1 X-43.186 Y-26.12 Z8.375 E273.84331
G1 X-41.537 Y-28.669 Z8.385 E275.27099
G1 X-39.727 Y-31.13 Z8.394 E276.70762
G1 X-37.78 Y-33.466 Z8.404 E278.1377
G1 X-35.688 Y-35.688 Z8.413 E279.57288
G1 X-33.466 Y-37.78 Z8.423 E281.00806
G1 X-31.13 Y-39.727 Z8.433 E282.43814
G1 X-28.669 Y-41.537 Z8.442 E283.87477
G1 X-26.12 Y-43.186 Z8.452 E285.30245
G1 X-23.455 Y-44.689 Z8.462 E286.74128
G1 X-20.709 Y-46.025 Z8.471 E288.17736
G1 X-17.893 Y-47.192 Z8.481 E289.61084
G1 X-15.019 Y-48.184 Z8.49 E291.04063
G1 X-12.083 Y-49.002 Z8.5 E292.47392
;TIME_ELAPSED:217.994228
;LAYER:8
;TYPE:WALL-OUTER
;MESH:sensory_obj_2_Body1.stl
G1 X-9.092 Y-49.645 Z8.51 E293.91262
G1 X-6.084 Y-50.102 Z8.519 E295.34341
G1 X-3.039 Y-50.379 Z8.529 E296.78129
G1 X0.00 Y-50.471 Z8.538 E298.21108
G1 X3.039 Y-50.379 Z8.548 E299.64088
G1 X6.084 Y-50.102 Z8.558 E301.07875
G1 X9.092 Y-49.645 Z8.567 E302.50954
G1 X12.082 Y-49.002 Z8.577 E303.94779
G1 X15.018 Y-48.184 Z8.587 E305.38107
G1 X17.894 Y-47.192 Z8.596 E306.81175
G1 X20.709 Y-46.025 Z8.606 E308.2448
G1 X23.455 Y-44.689 Z8.615 E309.68088
G1 X26.115 Y-43.188 Z8.625 E311.1172
G1 X28.673 Y-41.534 Z8.635 E312.54971
G1 X31.13 Y-39.727 Z8.644 E313.98399
G1 X33.466 Y-37.78 Z8.654 E315.41407
G1 X35.688 Y-35.688 Z8.663 E316.84925
G1 X37.78 Y-33.466 Z8.673 E318.28443
G1 X39.727 Y-31.13 Z8.683 E319.71451
G1 X41.537 Y-28.669 Z8.692 E321.15114
G1 X43.186 Y-26.12 Z8.702 E322.57882
G1 X44.689 Y-23.455 Z8.712 E324.01765
G1 X46.025 Y-20.709 Z8.721 E325.45373
G1 X47.192 Y-17.893 Z8.731 E326.88721
G1 X48.184 Y-15.019 Z8.74 E328.317
G1 X49.002 Y-12.083 Z8.75 E329.75029
G1 X49.645 Y-9.092 Z8.76 E331.18899
G1 X50.102 Y-6.084 Z8.769 E332.61978
G1 X50.379 Y-3.039 Z8.779 E334.05766
G1 X50.471 Y0.00 Z8.788 E335.48745
G1 X50.379 Y3.039 Z8.798 E336.91724
G1 X50.102 Y6.084 Z8.808 E338.35512
G1 X49.645 Y9.092 Z8.817 E339.78591
G1 X49.002 Y12.083 Z8.827 E341.22461
G1 X48.184 Y15.019 Z8.837 E342.6579
G1 X47.192 Y17.893 Z8.846 E344.08769
G1 X46.025 Y20.709 Z8.856 E345.52117
G1 X44.689 Y23.455 Z8.865 E346.95725
G1 X43.186 Y26.12 Z8.875 E348.39608
G1 X41.537 Y28.669 Z8.885 E349.82376
G1 X39.727 Y31.13 Z8.894 E351.26039
G1 X37.78 Y33.466 Z8.904 E352.69047
G1 X35.688 Y35.688 Z8.913 E354.12565
G1 X33.466 Y37.78 Z8.923 E355.56083
G1 X31.13 Y39.727 Z8.933 E356.99091
G1 X28.673 Y41.534 Z8.942 E358.42519
G1 X26.115 Y43.188 Z8.952 E359.8577
G1 X23.455 Y44.689 Z8.962 E361.29402
G1 X20.709 Y46.025 Z8.971 E362.7301
G1 X17.894 Y47.192 Z8.981 E364.16315
G1 X15.018 Y48.184 Z8.99 E365.59383
G1 X12.082 Y49.002 Z9 E367.02711
G1 X9.092 Y49.645 Z9.01 E368.46536
G1 X6.084 Y50.102 Z9.019 E369.89615
G1 X3.039 Y50.379 Z9.029 E371.33402
G1 X0.00 Y50.471 Z9.038 E372.76382
G1 X-3.039 Y50.379 Z9.048 E374.19361
G1 X-6.084 Y50.102 Z9.058 E375.63148
G1 X-9.092 Y49.645 Z9.067 E377.06228
G1 X-12.083 Y49.002 Z9.077 E378.50098
G1 X-15.019 Y48.184 Z9.087 E379.93427
G1 X-17.893 Y47.192 Z9.096 E381.36406
G1 X-20.709 Y46.025 Z9.106 E382.79754
G1 X-23.455 Y44.689 Z9.115 E384.23362
G1 X-26.12 Y43.186 Z9.125 E385.67245
G1 X-28.669 Y41.537 Z9.135 E387.10013
G1 X-31.13 Y39.727 Z9.144 E388.53676
G1 X-33.466 Y37.78 Z9.154 E389.96684
G1 X-35.688 Y35.688 Z9.163 E391.40202
G1 X-37.78 Y33.466 Z9.173 E392.8372
G1 X-39.727 Y31.13 Z9.183 E394.26728
G1 X-41.537 Y28.669 Z9.192 E395.70391
G1 X-43.186 Y26.12 Z9.202 E397.13159
G1 X-44.689 Y23.455 Z9.212 E398.57042
G1 X-46.025 Y20.709 Z9.221 E400.0065
G1 X-47.192 Y17.893 Z9.231 E401.43998
G1 X-48.184 Y15.019 Z9.24 E402.86977
G1 X-49.002 Y12.083 Z9.25 E404.30306
G1 X-49.645 Y9.092 Z9.26 E405.74176
G1 X-50.102 Y6.084 Z9.269 E407.17255
G1 X-50.379 Y3.039 Z9.279 E408.61043
G1 X-50.471 Y0.00 Z9.288 E410.04022
G1 X-50.379 Y-3.039 Z9.298 E411.47001
G1 X-50.102 Y-6.084 Z9.308 E412.90789
G1 X-49.645 Y-9.092 Z9.317 E414.33868
G1 X-49.002 Y-12.083 Z9.327 E415.77738
G1 X-48.184 Y-15.019 Z9.337 E417.21067
G1 X-47.192 Y-17.893 Z9.346 E418.64046
G1 X-46.025 Y-20.709 Z9.356 E420.07394
G1 X-44.689 Y-23.455 Z9.365 E421.51002
G1 X-43.186 Y-26.12 Z9.375 E422.94885
G1 X-41.537 Y-28.669 Z9.385 E424.37653
G1 X-39.727 Y-31.13 Z9.394 E425.81316
G1 X-37.78 Y-33.466 Z9.404 E427.24324
G1 X-35.688 Y-35.688 Z9.413 E428.67842
G1 X-33.466 Y-37.78 Z9.423 E430.1136
G1 X-31.13 Y-39.727 Z9.433 E431.54368
G1 X-28.669 Y-41.537 Z9.442 E432.98031
G1 X-26.12 Y-43.186 Z9.452 E434.40799
G1 X-23.455 Y-44.689 Z9.462 E435.84682
G1 X-20.709 Y-46.025 Z9.471 E437.2829
G1 X-17.893 Y-47.192 Z9.481 E438.71638
G1 X-15.019 Y-48.184 Z9.49 E440.14617
G1 X-12.083 Y-49.002 Z9.5 E441.57946
;TIME_ELAPSED:224.347462
;LAYER:9
;TYPE:WALL-OUTER
;MESH:sensory_obj_2_Body1.stl
G1 X-9.092 Y-49.645 Z9.51 E443.01816
G1 X-6.084 Y-50.102 Z9.519 E444.44896
G1 X-3.039 Y-50.379 Z9.529 E445.88683
G1 X0.00 Y-50.471 Z9.538 E447.31662
G1 X3.039 Y-50.379 Z9.548 E448.74642
G1 X6.084 Y-50.102 Z9.558 E450.18429
G1 X9.092 Y-49.645 Z9.567 E451.61508
G1 X12.082 Y-49.002 Z9.577 E453.05333
G1 X15.018 Y-48.184 Z9.587 E454.48661
G1 X17.894 Y-47.192 Z9.596 E455.91729
G1 X20.709 Y-46.025 Z9.606 E457.35034
G1 X23.455 Y-44.689 Z9.615 E458.78642
G1 X26.115 Y-43.188 Z9.625 E460.22274
G1 X28.673 Y-41.534 Z9.635 E461.65525
G1 X31.13 Y-39.727 Z9.644 E463.08953
G1 X33.466 Y-37.78 Z9.654 E464.51961
G1 X35.688 Y-35.688 Z9.663 E465.95479
G1 X37.78 Y-33.466 Z9.673 E467.38997
G1 X39.727 Y-31.13 Z9.683 E468.82005
G1 X41.537 Y-28.669 Z9.692 E470.25668
G1 X43.186 Y-26.12 Z9.702 E471.68436
G1 X44.689 Y-23.455 Z9.712 E473.12319
G1 X46.025 Y-20.709 Z9.721 E474.55927
G1 X47.192 Y-17.893 Z9.731 E475.99275
G1 X48.184 Y-15.019 Z9.74 E477.42254
G1 X49.002 Y-12.083 Z9.75 E478.85583
G1 X49.645 Y-9.092 Z9.76 E480.29453
G1 X50.102 Y-6.084 Z9.769 E481.72532
G1 X50.379 Y-3.039 Z9.779 E483.1632
G1 X50.471 Y0.00 Z9.788 E484.59299
G1 X50.379 Y3.039 Z9.798 E486.02278
G1 X50.102 Y6.084 Z9.808 E487.46066
G1 X49.645 Y9.092 Z9.817 E488.89145
G1 X49.002 Y12.083 Z9.827 E490.33015
G1 X48.184 Y15.019 Z9.837 E491.76344
G1 X47.192 Y17.893 Z9.846 E493.19323
G1 X46.025 Y20.709 Z9.856 E494.62671
G1 X44.689 Y23.455 Z9.865 E496.06279
G1 X43.186 Y26.12 Z9.875 E497.50162
G1 X41.537 Y28.669 Z9.885 E498.9293
G1 X39.727 Y31.13 Z9.894 E500.36593
G1 X37.78 Y33.466 Z9.904 E501.79601
G1 X35.688 Y35.688 Z9.913 E503.23119
G1 X33.466 Y37.78 Z9.923 E504.66637
G1 X31.13 Y39.727 Z9.933 E506.09645
G1 X28.673 Y41.534 Z9.942 E507.53073
G1 X26.115 Y43.188 Z9.952 E508.96324
G1 X23.455 Y44.689 Z9.962 E510.39956
G1 X20.709 Y46.025 Z9.971 E511.83564
G1 X17.894 Y47.192 Z9.981 E513.26869
G1 X15.018 Y48.184 Z9.99 E514.69937
G1 X12.082 Y49.002 Z10 E516.13265
G1 X9.092 Y49.645 Z10.01 E517.5709
G1 X6.084 Y50.102 Z10.019 E519.00169
G1 X3.039 Y50.379 Z10.029 E520.43956
G1 X0.00 Y50.471 Z10.038 E521.86936
G1 X-3.039 Y50.379 Z10.048 E523.29915
G1 X-6.084 Y50.102 Z10.058 E524.73703
G1 X-9.092 Y49.645 Z10.067 E526.16782
G1 X-12.083 Y49.002 Z10.077 E527.60652
G1 X-15.019 Y48.184 Z10.087 E529.03981
G1 X-17.893 Y47.192 Z10.096 E530.4696
G1 X-20.709 Y46.025 Z10.106 E531.90308
G1 X-23.455 Y44.689 Z10.115 E533.33916
G1 X-26.12 Y43.186 Z10.125 E534.77799
G1 X-28.669 Y41.537 Z10.135 E536.20567
G1 X-31.13 Y39.727 Z10.144 E537.6423
G1 X-33.466 Y37.78 Z10.154 E539.07238
G1 X-35.688 Y35.688 Z10.163 E540.50756
G1 X-37.78 Y33.466 Z10.173 E541.94274
G1 X-39.727 Y31.13 Z10.183 E543.37282
G1 X-41.537 Y28.669 Z10.192 E544.80945
G1 X-43.186 Y26.12 Z10.202 E546.23713
G1 X-44.689 Y23.455 Z10.212 E547.67596
G1 X-46.025 Y20.709 Z10.221 E549.11204
G1 X-47.192 Y17.893 Z10.231 E550.54552
G1 X-48.184 Y15.019 Z10.24 E551.97531
G1 X-49.002 Y12.083 Z10.25 E553.4086
G1 X-49.645 Y9.092 Z10.26 E554.8473
G1 X-50.102 Y6.084 Z10.269 E556.27809
G1 X-50.379 Y3.039 Z10.279 E557.71597
G1 X-50.471 Y0.00 Z10.288 E559.14576
G1 X-50.379 Y-3.039 Z10.298 E560.57555
G1 X-50.102 Y-6.084 Z10.308 E562.01343
G1 X-49.645 Y-9.092 Z10.317 E563.44422
G1 X-49.002 Y-12.083 Z10.327 E564.88292
G1 X-48.184 Y-15.019 Z10.337 E566.31621
G1 X-47.192 Y-17.893 Z10.346 E567.746
G1 X-46.025 Y-20.709 Z10.356 E569.17948
G1 X-44.689 Y-23.455 Z10.365 E570.61556
G1 X-43.186 Y-26.12 Z10.375 E572.05439
G1 X-41.537 Y-28.669 Z10.385 E573.48207
G1 X-39.727 Y-31.13 Z10.394 E574.9187
G1 X-37.78 Y-33.466 Z10.404 E576.34878
G1 X-35.688 Y-35.688 Z10.413 E577.78396
G1 X-33.466 Y-37.78 Z10.423 E579.21914
G1 X-31.13 Y-39.727 Z10.433 E580.64922
G1 X-28.669 Y-41.537 Z10.442 E582.08585
G1 X-26.12 Y-43.186 Z10.452 E583.51353
G1 X-23.455 Y-44.689 Z10.462 E584.95236
G1 X-20.709 Y-46.025 Z10.471 E586.38844
G1 X-17.893 Y-47.192 Z10.481 E587.82192
G1 X-15.019 Y-48.184 Z10.49 E589.25171
G1 X-12.083 Y-49.002 Z10.5 E590.685
;TIME_ELAPSED:230.700696
;LAYER:10
;TYPE:WALL-OUTER
;MESH:sensory_obj_2_Body1.stl
G1 X-9.092 Y-49.645 Z10.51 E592.1237
G1 X-6.084 Y-50.102 Z10.519 E593.5545
G1 X-3.039 Y-50.379 Z10.529 E594.99237
G1 X0.00 Y-50.471 Z10.538 E596.42216
G1 X3.039 Y-50.379 Z10.548 E597.85196
G1 X6.084 Y-50.102 Z10.558 E599.28983
G1 X9.092 Y-49.645 Z10.567 E600.72062
G1 X12.082 Y-49.002 Z10.577 E602.15887
G1 X15.018 Y-48.184 Z10.587 E603.59216
G1 X17.894 Y-47.192 Z10.596 E605.02283
G1 X20.709 Y-46.025 Z10.606 E606.45588
G1 X23.455 Y-44.689 Z10.615 E607.89196
G1 X26.115 Y-43.188 Z10.625 E609.32828
G1 X28.673 Y-41.534 Z10.635 E610.76079
G1 X31.13 Y-39.727 Z10.644 E612.19507
G1 X33.466 Y-37.78 Z10.654 E613.62515
G1 X35.688 Y-35.688 Z10.663 E615.06033
G1 X37.78 Y-33.466 Z10.673 E616.49551
G1 X39.727 Y-31.13 Z10.683 E617.92559
G1 X41.537 Y-28.669 Z10.692 E619.36222
G1 X43.186 Y-26.12 Z10.702 E620.7899
G1 X44.689 Y-23.455 Z10.712 E622.22873
G1 X46.025 Y-20.709 Z10.721 E623.66481
G1 X47.192 Y-17.893 Z10.731 E625.09829
G1 X48.184 Y-15.019 Z10.74 E626.52808
G1 X49.002 Y-12.083 Z10.75 E627.96137
G1 X49.645 Y-9.092 Z10.76 E629.40007
G1 X50.102 Y-6.084 Z10.769 E630.83086
G1 X50.379 Y-3.039 Z10.779 E632.26874
G1 X50.471 Y0.00 Z10.788 E633.69853
G1 X50.379 Y3.039 Z10.798 E635.12833
G1 X50.102 Y6.084 Z10.808 E636.5662
G1 X49.645 Y9.092 Z10.817 E637.99699
G1 X49.002 Y12.083 Z10.827 E639.43569
G1 X48.184 Y15.019 Z10.837 E640.86898
G1 X47.192 Y17.893 Z10.846 E642.29877
G1 X46.025 Y20.709 Z10.856 E643.73226
G1 X44.689 Y23.455 Z10.865 E645.16833
G1 X43.186 Y26.12 Z10.875 E646.60717
G1 X41.537 Y28.669 Z10.885 E648.03484
G1 X39.727 Y31.13 Z10.894 E649.47147
G1 X37.78 Y33.466 Z10.904 E650.90155
G1 X35.688 Y35.688 Z10.913 E652.33673
G1 X33.466 Y37.78 Z10.923 E653.77191
G1 X31.13 Y39.727 Z10.933 E655.20199
G1 X28.673 Y41.534 Z10.942 E656.63627
G1 X26.115 Y43.188 Z10.952 E658.06878
G1 X23.455 Y44.689 Z10.962 E659.5051
G1 X20.709 Y46.025 Z10.971 E660.94118
G1 X17.894 Y47.192 Z10.981 E662.37423
G1 X15.018 Y48.184 Z10.99 E663.80491
G1 X12.082 Y49.002 Z11 E665.2382
G1 X9.092 Y49.645 Z11.01 E666.67644
G1 X6.084 Y50.102 Z11.019 E668.10723
G1 X3.039 Y50.379 Z11.029 E669.5451
G1 X0.00 Y50.471 Z11.038 E670.9749
G1 X-3.039 Y50.379 Z11.048 E672.40469
G1 X-6.084 Y50.102 Z11.058 E673.84257
G1 X-9.092 Y49.645 Z11.067 E675.27336
G1 X-12.083 Y49.002 Z11.077 E676.71206
G1 X-15.019 Y48.184 Z11.087 E678.14535
G1 X-17.893 Y47.192 Z11.096 E679.57514
G1 X-20.709 Y46.025 Z11.106 E681.00862
G1 X-23.455 Y44.689 Z11.115 E682.4447
G1 X-26.12 Y43.186 Z11.125 E683.88353
G1 X-28.669 Y41.537 Z11.135 E685.31121
G1 X-31.13 Y39.727 Z11.144 E686.74784
G1 X-33.466 Y37.78 Z11.154 E688.17792
G1 X-35.688 Y35.688 Z11.163 E689.6131
G1 X-37.78 Y33.466 Z11.173 E691.04828
G1 X-39.727 Y31.13 Z11.183 E692.47836
G1 X-41.537 Y28.669 Z11.192 E693.91499
G1 X-43.186 Y26.12 Z11.202 E695.34267
G1 X-44.689 Y23.455 Z11.212 E696.7815
G1 X-46.025 Y20.709 Z11.221 E698.21758
G1 X-47.192 Y17.893 Z11.231 E699.65106
G1 X-48.184 Y15.019 Z11.24 E701.08085
G1 X-49.002 Y12.083 Z11.25 E702.51414
G1 X-49.645 Y9.092 Z11.26 E703.95284
G1 X-50.102 Y6.084 Z11.269 E705.38363
G1 X-50.379 Y3.039 Z11.279 E706.82151
G1 X-50.471 Y0.00 Z11.288 E708.2513
G1 X-50.379 Y-3.039 Z11.298 E709.6811
G1 X-50.102 Y-6.084 Z11.308 E711.11897
G1 X-49.645 Y-9.092 Z11.317 E712.54976
G1 X-49.002 Y-12.083 Z11.327 E713.98846
G1 X-48.184 Y-15.019 Z11.337 E715.42175
G1 X-47.192 Y-17.893 Z11.346 E716.85154
G1 X-46.025 Y-20.709 Z11.356 E718.28503
G1 X-44.689 Y-23.455 Z11.365 E719.7211
G1 X-43.186 Y-26.12 Z11.375 E721.15994
G1 X-41.537 Y-28.669 Z11.385 E722.58761
G1 X-39.727 Y-31.13 Z11.394 E724.02424
G1 X-37.78 Y-33.466 Z11.404 E725.45432
G1 X-35.688 Y-35.688 Z11.413 E726.8895
G1 X-33.466 Y-37.78 Z11.423 E728.32468
G1 X-31.13 Y-39.727 Z11.433 E729.75476
G1 X-28.669 Y-41.537 Z11.442 E731.1914
G1 X-26.12 Y-43.186 Z11.452 E732.61907
G1 X-23.455 Y-44.689 Z11.462 E734.0579
G1 X-20.709 Y-46.025 Z11.471 E735.49398
G1 X-17.893 Y-47.192 Z11.481 E736.92746
G1 X-15.019 Y-48.184 Z11.49 E738.35725
G1 X-12.083 Y-49.002 Z11.5 E739.79054
;TIME_ELAPSED:237.053930
;LAYER:11
;TYPE:WALL-OUTER
;MESH:sensory_obj_2_Body1.stl
G1 X-9.092 Y-49.645 Z11.51 E741.22924
G1 X-6.084 Y-50.102 Z11.519 E742.66004
G1 X-3.039 Y-50.379 Z11.529 E744.09791
G1 X0.00 Y-50.471 Z11.538 E745.5277
G1 X3.039 Y-50.379 Z11.548 E746.9575
G1 X6.084 Y-50.102 Z11.558 E748.39537
G1 X9.092 Y-49.645 Z11.567 E749.82616
G1 X12.082 Y-49.002 Z11.577 E751.26441
G1 X15.018 Y-48.184 Z11.587 E752.6977
G1 X17.894 Y-47.192 Z11.596 E754.12837
G1 X20.709 Y-46.025 Z11.606 E755.56142
G1 X23.455 Y-44.689 Z11.615 E756.9975
G1 X26.115 Y-43.188 Z11.625 E758.43382
G1 X28.673 Y-41.534 Z11.635 E759.86633
G1 X31.13 Y-39.727 Z11.644 E761.30061
G1 X33.466 Y-37.78 Z11.654 E762.73069
G1 X35.688 Y-35.688 Z11.663 E764.16587
G1 X37.78 Y-33.466 Z11.673 E765.60105
G1 X39.727 Y-31.13 Z11.683 E767.03113
G1 X41.537 Y-28.669 Z11.692 E768.46776
G1 X43.186 Y-26.12 Z11.702 E769.89544
G1 X44.689 Y-23.455 Z11.712 E771.33427
G1 X46.025 Y-20.709 Z11.721 E772.77035
G1 X47.192 Y-17.893 Z11.731 E774.20383
G1 X48.184 Y-15.019 Z11.74 E775.63362
G1 X49.002 Y-12.083 Z11.75 E777.06691
G1 X49.645 Y-9.092 Z11.76 E778.50561
G1 X50.102 Y-6.084 Z11.769 E779.9364
G1 X50.379 Y-3.039 Z11.779 E781.37428
G1 X50.471 Y0.00 Z11.788 E782.80407
G1 X50.379 Y3.039 Z11.798 E784.23387
G1 X50.102 Y6.084 Z11.808 E785.67174
G1 X49.645 Y9.092 Z11.817 E787.10253
G1 X49.002 Y12.083 Z11.827 E788.54123
G1 X48.184 Y15.019 Z11.837 E789.97452
G1 X47.192 Y17.893 Z11.846 E791.40431
G1 X46.025 Y20.709 Z11.856 E792.8378
G1 X44.689 Y23.455 Z11.865 E794.27387
G1 X43.186 Y26.12 Z11.875 E795.71271
G1 X41.537 Y28.669 Z11.885 E797.14038
G1 X39.727 Y31.13 Z11.894 E798.57701
G1 X37.78 Y33.466 Z11.904 E800.00709
G1 X35.688 Y35.688 Z11.913 E801.44227
G1 X33.466 Y37.78 Z11.923 E802.87745
G1 X31.13 Y39.727 Z11.933 E804.30753
G1 X28.673 Y41.534 Z11.942 E805.74181
G1 X26.115 Y43.188 Z11.952 E807.17432
G1 X23.455 Y44.689 Z11.962 E808.61064
G1 X20.709 Y46.025 Z11.971 E810.04672
G1 X17.894 Y47.192 Z11.981 E811.47977
G1 X15.018 Y48.184 Z11.99 E812.91045
G1 X12.082 Y49.002 Z12 E814.34374
G1 X9.092 Y49.645 Z12.01 E815.78198
G1 X6.084 Y50.102 Z12.019 E817.21277
G1 X3.039 Y50.379 Z12.029 E818.65065
G1 X0.00 Y50.471 Z12.038 E820.08044
G1 X-3.039 Y50.379 Z12.048 E821.51023
G1 X-6.084 Y50.102 Z12.058 E822.94811
G1 X-9.092 Y49.645 Z12.067 E824.3789
G1 X-12.083 Y49.002 Z12.077 E825.8176
G1 X-15.019 Y48.184 Z12.087 E827.25089
G1 X-17.893 Y47.192 Z12.096 E828.68068
G1 X-20.709 Y46.025 Z12.106 E830.11416
G1 X-23.455 Y44.689 Z12.115 E831.55024
G1 X-26.12 Y43.186 Z12.125 E832.98907
G1 X-28.669 Y41.537 Z12.135 E834.41675
G1 X-31.13 Y39.727 Z12.144 E835.85338
G1 X-33.466 Y37.78 Z12.154 E837.28346
G1 X-35.688 Y35.688 Z12.163 E838.71864
G1 X-37.78 Y33.466 Z12.173 E840.15382
G1 X-39.727 Y31.13 Z12.183 E841.5839
G1 X-41.537 Y28.669 Z12.192 E843.02053
G1 X-43.186 Y26.12 Z12.202 E844.44821
G1 X-44.689 Y23.455 Z12.212 E845.88704
G1 X-46.025 Y20.709 Z12.221 E847.32312
G1 X-47.192 Y17.893 Z12.231 E848.7566
G1 X-48.184 Y15.019 Z12.24 E850.18639
G1 X-49.002 Y12.083 Z12.25 E851.61968
G1 X-49.645 Y9.092 Z12.26 E853.05838
G1 X-50.102 Y6.084 Z12.269 E854.48917
G1 X-50.379 Y3.039 Z12.279 E855.92705
G1 X-50.471 Y0.00 Z12.288 E857.35684
G1 X-50.379 Y-3.039 Z12.298 E858.78664
G1 X-50.102 Y-6.084 Z12.308 E860.22451
G1 X-49.645 Y-9.092 Z12.317 E861.6553
G1 X-49.002 Y-12.083 Z12.327 E863.09401
G1 X-48.184 Y-15.019 Z12.337 E864.52729
G1 X-47.192 Y-17.893 Z12.346 E865.95708
G1 X-46.025 Y-20.709 Z12.356 E867.39057
G1 X-44.689 Y-23.455 Z12.365 E868.82664
G1 X-43.186 Y-26.12 Z12.375 E870.26548
G1 X-41.537 Y-28.669 Z12.385 E871.69315
G1 X-39.727 Y-31.13 Z12.394 E873.12978
G1 X-37.78 Y-33.466 Z12.404 E874.55987
G1 X-35.688 Y-35.688 Z12.413 E875.99504
G1 X-33.466 Y-37.78 Z12.423 E877.43022
G1 X-31.13 Y-39.727 Z12.433 E878.8603
G1 X-28.669 Y-41.537 Z12.442 E880.29694
G1 X-26.12 Y-43.186 Z12.452 E881.72461
G1 X-23.455 Y-44.689 Z12.462 E883.16344
G1 X-20.709 Y-46.025 Z12.471 E884.59952
G1 X-17.893 Y-47.192 Z12.481 E886.033
G1 X-15.019 Y-48.184 Z12.49 E887.46279
G1 X-12.083 Y-49.002 Z12.5 E888.89608
;TIME_ELAPSED:243.407164
;LAYER:12
;TYPE:WALL-OUTER
;MESH:sensory_obj_2_Body1.stl
G1 X-9.092 Y-49.645 Z12.51 E890.33479
G1 X-6.084 Y-50.102 Z12.519 E891.76558
G1 X-3.039 Y-50.379 Z12.529 E893.20345
G1 X0.00 Y-50.471 Z12.538 E894.63324
G1 X3.039 Y-50.379 Z12.548 E896.06304
G1 X6.084 Y-50.102 Z12.558 E897.50091
G1 X9.092 Y-49.645 Z12.567 E898.93171
G1 X12.082 Y-49.002 Z12.577 E900.36995
G1 X15.018 Y-48.184 Z12.587 E901.80324
G1 X17.894 Y-47.192 Z12.596 E903.23392
G1 X20.709 Y-46.025 Z12.606 E904.66696
G1 X23.455 Y-44.689 Z12.615 E906.10304
G1 X26.115 Y-43.188 Z12.625 E907.53936
G1 X28.673 Y-41.534 Z12.635 E908.97187
G1 X31.13 Y-39.727 Z12.644 E910.40615
G1 X33.466 Y-37.78 Z12.654 E911.83623
G1 X35.688 Y-35.688 Z12.663 E913.27141
G1 X37.78 Y-33.466 Z12.673 E914.70659
G1 X39.727 Y-31.13 Z12.683 E916.13667
G1 X41.537 Y-28.669 Z12.692 E917.5733
G1 X43.186 Y-26.12 Z12.702 E919.00098
G1 X44.689 Y-23.455 Z12.712 E920.43981
G1 X46.025 Y-20.709 Z12.721 E921.87589
G1 X47.192 Y-17.893 Z12.731 E923.30937
G1 X48.184 Y-15.019 Z12.74 E924.73916
G1 X49.002 Y-12.083 Z12.75 E926.17245
G1 X49.645 Y-9.092 Z12.76 E927.61115
G1 X50.102 Y-6.084 Z12.769 E929.04195
G1 X50.379 Y-3.039 Z12.779 E930.47982
G1 X50.471 Y0.00 Z12.788 E931.90961
G1 X50.379 Y3.039 Z12.798 E933.33941
G1 X50.102 Y6.084 Z12.808 E934.77728
G1 X49.645 Y9.092 Z12.817 E936.20807
G1 X49.002 Y12.083 Z12.827 E937.64678
G1 X48.184 Y15.019 Z12.837 E939.08006
G1 X47.192 Y17.893 Z12.846 E940.50985
G1 X46.025 Y20.709 Z12.856 E941.94334
G1 X44.689 Y23.455 Z12.865 E943.37941
G1 X43.186 Y26.12 Z12.875 E944.81825
G1 X41.537 Y28.669 Z12.885 E946.24592
G1 X39.727 Y31.13 Z12.894 E947.68255
G1 X37.78 Y33.466 Z12.904 E949.11264
G1 X35.688 Y35.688 Z12.913 E950.54781
G1 X33.466 Y37.78 Z12.923 E951.98299
G1 X31.13 Y39.727 Z12.933 E953.41308
G1 X28.673 Y41.534 Z12.942 E954.84736
G1 X26.115 Y43.188 Z12.952 E956.27986
G1 X23.455 Y44.689 Z12.962 E957.71618
G1 X20.709 Y46.025 Z12.971 E959.15226
G1 X17.894 Y47.192 Z12.981 E960.58531
G1 X15.018 Y48.184 Z12.99 E962.01599
G1 X12.082 Y49.002 Z13 E963.44928
G1 X9.092 Y49.645 Z13.01 E964.88752
G1 X6.084 Y50.102 Z13.019 E966.31831
G1 X3.039 Y50.379 Z13.029 E967.75619
G1 X0.00 Y50.471 Z13.038 E969.18598
G1 X-3.039 Y50.379 Z13.048 E970.61577
G1 X-6.084 Y50.102 Z13.058 E972.05365
G1 X-9.092 Y49.645 Z13.067 E973.48444
G1 X-12.083 Y49.002 Z13.077 E974.92314
G1 X-15.019 Y48.184 Z13.087 E976.35643
G1 X-17.893 Y47.192 Z13.096 E977.78622
G1 X-20.709 Y46.025 Z13.106 E979.2197
G1 X-23.455 Y44.689 Z13.115 E980.65578
G1 X-26.12 Y43.186 Z13.125 E982.09461
G1 X-28.669 Y41.537 Z13.135 E983.52229
G1 X-31.13 Y39.727 Z13.144 E984.95892
G1 X-33.466 Y37.78 Z13.154 E986.389
G1 X-35.688 Y35.688 Z13.163 E987.82418
G1 X-37.78 Y33.466 Z13.173 E989.25936
G1 X-39.727 Y31.13 Z13.183 E990.68944
G1 X-41.537 Y28.669 Z13.192 E992.12607
G1 X-43.186 Y26.12 Z13.202 E993.55375
G1 X-44.689 Y23.455 Z13.212 E994.99258
G1 X-46.025 Y20.709 Z13.221 E996.42866
G1 X-47.192 Y17.893 Z13.231 E997.86214
G1 X-48.184 Y15.019 Z13.24 E999.29193
G1 X-49.002 Y12.083 Z13.25 E1000.72522
G1 X-49.645 Y9.092 Z13.26 E1002.16392
G1 X-50.102 Y6.084 Z13.269 E1003.59472
G1 X-50.379 Y3.039 Z13.279 E1005.03259
G1 X-50.471 Y0.00 Z13.288 E1006.46238
G1 X-50.379 Y-3.039 Z13.298 E1007.89218
G1 X-50.102 Y-6.084 Z13.308 E1009.33005
G1 X-49.645 Y-9.092 Z13.317 E1010.76084
G1 X-49.002 Y-12.083 Z13.327 E1012.19955
G1 X-48.184 Y-15.019 Z13.337 E1013.63283
G1 X-47.192 Y-17.893 Z13.346 E1015.06262
G1 X-46.025 Y-20.709 Z13.356 E1016.49611
G1 X-44.689 Y-23.455 Z13.365 E1017.93218
G1 X-43.186 Y-26.12 Z13.375 E1019.37102
G1 X-41.537 Y-28.669 Z13.385 E1020.79869
G1 X-39.727 Y-31.13 Z13.394 E1022.23532
G1 X-37.78 Y-33.466 Z13.404 E1023.66541
G1 X-35.688 Y-35.688 Z13.413 E1025.10058
G1 X-33.466 Y-37.78 Z13.423 E1026.53576
G1 X-31.13 Y-39.727 Z13.433 E1027.96585
G1 X-28.669 Y-41.537 Z13.442 E1029.40248
G1 X-26.12 Y-43.186 Z13.452 E1030.83015
G1 X-23.455 Y-44.689 Z13.462 E1032.26899
G1 X-20.709 Y-46.025 Z13.471 E1033.70506
G1 X-17.893 Y-47.192 Z13.481 E1035.13855
G1 X-15.019 Y-48.184 Z13.49 E1036.56833
G1 X-12.083 Y-49.002 Z13.5 E1038.00162
;TIME_ELAPSED:249.760398
;LAYER:13
;TYPE:WALL-OUTER
;MESH:sensory_obj_2_Body1.stl
G1 X-9.092 Y-49.645 Z13.51 E1039.44033
G1 X-6.084 Y-50.102 Z13.519 E1040.87112
G1 X-3.039 Y-50.379 Z13.529 E1042.30899
G1 X0.00 Y-50.471 Z13.538 E1043.73879
G1 X3.039 Y-50.379 Z13.548 E1045.16858
G1 X6.084 Y-50.102 Z13.558 E1046.60645
G1 X9.092 Y-49.645 Z13.567 E1048.03725
G1 X12.082 Y-49.002 Z13.577 E1049.47549
G1 X15.018 Y-48.184 Z13.587 E1050.90878
G1 X17.894 Y-47.192 Z13.596 E1052.33946
G1 X20.709 Y-46.025 Z13.606 E1053.77251
G1 X23.455 Y-44.689 Z13.615 E1055.20858
G1 X26.115 Y-43.188 Z13.625 E1056.6449
G1 X28.673 Y-41.534 Z13.635 E1058.07741
G1 X31.13 Y-39.727 Z13.644 E1059.51169
G1 X33.466 Y-37.78 Z13.654 E1060.94177
G1 X35.688 Y-35.688 Z13.663 E1062.37695
G1 X37.78 Y-33.466 Z13.673 E1063.81213
G1 X39.727 Y-31.13 Z13.683 E1065.24221
G1 X41.537 Y-28.669 Z13.692 E1066.67884
G1 X43.186 Y-26.12 Z13.702 E1068.10652
G1 X44.689 Y-23.455 Z13.712 E1069.54535
G1 X46.025 Y-20.709 Z13.721 E1070.98143
G1 X47.192 Y-17.893 Z13.731 E1072.41491
G1 X48.184 Y-15.019 Z13.74 E1073.8447
G1 X49.002 Y-12.083 Z13.75 E1075.27799
G1 X49.645 Y-9.092 Z13.76 E1076.71669
G1 X50.102 Y-6.084 Z13.769 E1078.14749
G1 X50.379 Y-3.039 Z13.779 E1079.58536
G1 X50.471 Y0.00 Z13.788 E1081.01515
G1 X50.379 Y3.039 Z13.798 E1082.44495
G1 X50.102 Y6.084 Z13.808 E1083.88282
G1 X49.645 Y9.092 Z13.817 E1085.31361
G1 X49.002 Y12.083 Z13.827 E1086.75232
G1 X48.184 Y15.019 Z13.837 E1088.1856
G1 X47.192 Y17.893 Z13.846 E1089.61539
G1 X46.025 Y20.709 Z13.856 E1091.04888
G1 X44.689 Y23.455 Z13.865 E1092.48495
G1 X43.186 Y26.12 Z13.875 E1093.92379
G1 X41.537 Y28.669 Z13.885 E1095.35146
G1 X39.727 Y31.13 Z13.894 E1096.78809
G1 X37.78 Y33.466 Z13.904 E1098.21818
G1 X35.688 Y35.688 Z13.913 E1099.65335
G1 X33.466 Y37.78 Z13.923 E1101.08853
G1 X31.13 Y39.727 Z13.933 E1102.51862
G1 X28.673 Y41.534 Z13.942 E1103.9529
G1 X26.115 Y43.188 Z13.952 E1105.3854
G1 X23.455 Y44.689 Z13.962 E1106.82173
G1 X20.709 Y46.025 Z13.971 E1108.2578
G1 X17.894 Y47.192 Z13.981 E1109.69085
G1 X15.018 Y48.184 Z13.99 E1111.12153
G1 X12.082 Y49.002 Z14 E1112.55482
G1 X9.092 Y49.645 Z14.01 E1113.99306
G1 X6.084 Y50.102 Z14.019 E1115.42385
G1 X3.039 Y50.379 Z14.029 E1116.86173
G1 X0.00 Y50.471 Z14.038 E1118.29152
G1 X-3.039 Y50.379 Z14.048 E1119.72131
G1 X-6.084 Y50.102 Z14.058 E1121.15919
G1 X-9.092 Y49.645 Z14.067 E1122.58998
G1 X-12.083 Y49.002 Z14.077 E1124.02868
G1 X-15.019 Y48.184 Z14.087 E1125.46197
G1 X-17.893 Y47.192 Z14.096 E1126.89176
G1 X-20.709 Y46.025 Z14.106 E1128.32525
G1 X-23.455 Y44.689 Z14.115 E1129.76132
G1 X-26.12 Y43.186 Z14.125 E1131.20015
G1 X-28.669 Y41.537 Z14.135 E1132.62783
G1 X-31.13 Y39.727 Z14.144 E1134.06446
G1 X-33.466 Y37.78 Z14.154 E1135.49454
G1 X-35.688 Y35.688 Z14.163 E1136.92972
G1 X-37.78 Y33.466 Z14.173 E1138.3649
G1 X-39.727 Y31.13 Z14.183 E1139.79498
G1 X-41.537 Y28.669 Z14.192 E1141.23161
G1 X-43.186 Y26.12 Z14.202 E1142.65929
G1 X-44.689 Y23.455 Z14.212 E1144.09812
G1 X-46.025 Y20.709 Z14.221 E1145.5342
G1 X-47.192 Y17.893 Z14.231 E1146.96768
G1 X-48.184 Y15.019 Z14.24 E1148.39747
G1 X-49.002 Y12.083 Z14.25 E1149.83076
G1 X-49.645 Y9.092 Z14.26 E1151.26946
G1 X-50.102 Y6.084 Z14.269 E1152.70026
G1 X-50.379 Y3.039 Z14.279 E1154.13813
G1 X-50.471 Y0.00 Z14.288 E1155.56792
G1 X-50.379 Y-3.039 Z14.298 E1156.99772
G1 X-50.102 Y-6.084 Z14.308 E1158.43559
G1 X-49.645 Y-9.092 Z14.317 E1159.86638
G1 X-49.002 Y-12.083 Z14.327 E1161.30509
G1 X-48.184 Y-15.019 Z14.337 E1162.73838
G1 X-47.192 Y-17.893 Z14.346 E1164.16816
G1 X-46.025 Y-20.709 Z14.356 E1165.60165
G1 X-44.689 Y-23.455 Z14.365 E1167.03772
G1 X-43.186 Y-26.12 Z14.375 E1168.47656
G1 X-41.537 Y-28.669 Z14.385 E1169.90423
G1 X-39.727 Y-31.13 Z14.394 E1171.34086
G1 X-37.78 Y-33.466 Z14.404 E1172.77095
G1 X-35.688 Y-35.688 Z14.413 E1174.20612
G1 X-33.466 Y-37.78 Z14.423 E1175.6413
G1 X-31.13 Y-39.727 Z14.433 E1177.07139
G1 X-28.669 Y-41.537 Z14.442 E1178.50802
G1 X-26.12 Y-43.186 Z14.452 E1179.93569
G1 X-23.455 Y-44.689 Z14.462 E1181.37453
G1 X-20.709 Y-46.025 Z14.471 E1182.8106
G1 X-17.893 Y-47.192 Z14.481 E1184.24409
G1 X-15.019 Y-48.184 Z14.49 E1185.67388
G1 X-12.083 Y-49.002 Z14.5 E1187.10716
;TIME_ELAPSED:256.113632
;LAYER:14
;TYPE:WALL-OUTER
;MESH:sensory_obj_2_Body1.stl
G1 X-9.092 Y-49.645 Z14.51 E1188.54587
G1 X-6.084 Y-50.102 Z14.519 E1189.97666
G1 X-3.039 Y-50.379 Z14.529 E1191.41453
G1 X0.00 Y-50.471 Z14.538 E1192.84433
G1 X3.039 Y-50.379 Z14.548 E1194.27412
G1 X6.084 Y-50.102 Z14.558 E1195.71199
G1 X9.092 Y-49.645 Z14.567 E1197.14279
G1 X12.082 Y-49.002 Z14.577 E1198.58103
G1 X15.018 Y-48.184 Z14.587 E1200.01432
G1 X17.894 Y-47.192 Z14.596 E1201.445
G1 X20.709 Y-46.025 Z14.606 E1202.87805
G1 X23.455 Y-44.689 Z14.615 E1204.31412
G1 X26.115 Y-43.188 Z14.625 E1205.75045
G1 X28.673 Y-41.534 Z14.635 E1207.18295
G1 X31.13 Y-39.727 Z14.644 E1208.61723
G1 X33.466 Y-37.78 Z14.654 E1210.04731
G1 X35.688 Y-35.688 Z14.663 E1211.48249
G1 X37.78 Y-33.466 Z14.673 E1212.91767
G1 X39.727 Y-31.13 Z14.683 E1214.34775
G1 X41.537 Y-28.669 Z14.692 E1215.78439
G1 X43.186 Y-26.12 Z14.702 E1217.21206
G1 X44.689 Y-23.455 Z14.712 E1218.65089
G1 X46.025 Y-20.709 Z14.721 E1220.08697
G1 X47.192 Y-17.893 Z14.731 E1221.52045
G1 X48.184 Y-15.019 Z14.74 E1222.95024
G1 X49.002 Y-12.083 Z14.75 E1224.38353
G1 X49.645 Y-9.092 Z14.76 E1225.82223
G1 X50.102 Y-6.084 Z14.769 E1227.25303
G1 X50.379 Y-3.039 Z14.779 E1228.6909
G1 X50.471 Y0.00 Z14.788 E1230.12069
G1 X50.379 Y3.039 Z14.798 E1231.55049
G1 X50.102 Y6.084 Z14.808 E1232.98836
G1 X49.645 Y9.092 Z14.817 E1234.41915
G1 X49.002 Y12.083 Z14.827 E1235.85786
G1 X48.184 Y15.019 Z14.837 E1237.29115
G1 X47.192 Y17.893 Z14.846 E1238.72094
G1 X46.025 Y20.709 Z14.856 E1240.15442
G1 X44.689 Y23.455 Z14.865 E1241.59049
G1 X43.186 Y26.12 Z14.875 E1243.02933
G1 X41.537 Y28.669 Z14.885 E1244.457
G1 X39.727 Y31.13 Z14.894 E1245.89363
G1 X37.78 Y33.466 Z14.904 E1247.32372
G1 X35.688 Y35.688 Z14.913 E1248.7589
G1 X33.466 Y37.78 Z14.923 E1250.19407
G1 X31.13 Y39.727 Z14.933 E1251.62416
G1 X28.673 Y41.534 Z14.942 E1253.05844
G1 X26.115 Y43.188 Z14.952 E1254.49094
G1 X23.455 Y44.689 Z14.962 E1255.92727
G1 X20.709 Y46.025 Z14.971 E1257.36334
G1 X17.894 Y47.192 Z14.981 E1258.79639
G1 X15.018 Y48.184 Z14.99 E1260.22707
G1 X12.082 Y49.002 Z15 E1261.66036
G1 X9.092 Y49.645 Z15.01 E1263.0986
G1 X6.084 Y50.102 Z15.019 E1264.52939
G1 X3.039 Y50.379 Z15.029 E1265.96727
G1 X0.00 Y50.471 Z15.038 E1267.39706
G1 X-3.039 Y50.379 Z15.048 E1268.82686
G1 X-6.084 Y50.102 Z15.058 E1270.26473
G1 X-9.092 Y49.645 Z15.067 E1271.69552
G1 X-12.083 Y49.002 Z15.077 E1273.13422
G1 X-15.019 Y48.184 Z15.087 E1274.56751
G1 X-17.893 Y47.192 Z15.096 E1275.9973
G1 X-20.709 Y46.025 Z15.106 E1277.43079
G1 X-23.455 Y44.689 Z15.115 E1278.86686
G1 X-26.12 Y43.186 Z15.125 E1280.3057
G1 X-28.669 Y41.537 Z15.135 E1281.73337
G1 X-31.13 Y39.727 Z15.144 E1283.17
G1 X-33.466 Y37.78 Z15.154 E1284.60008
G1 X-35.688 Y35.688 Z15.163 E1286.03526
G1 X-37.78 Y33.466 Z15.173 E1287.47044
G1 X-39.727 Y31.13 Z15.183 E1288.90052
G1 X-41.537 Y28.669 Z15.192 E1290.33716
G1 X-43.186 Y26.12 Z15.202 E1291.76483
G1 X-44.689 Y23.455 Z15.212 E1293.20366
G1 X-46.025 Y20.709 Z15.221 E1294.63974
G1 X-47.192 Y17.893 Z15.231 E1296.07322
G1 X-48.184 Y15.019 Z15.24 E1297.50301
G1 X-49.002 Y12.083 Z15.25 E1298.9363
G1 X-49.645 Y9.092 Z15.26 E1300.375
G1 X-50.102 Y6.084 Z15.269 E1301.8058
G1 X-50.379 Y3.039 Z15.279 E1303.24367
G1 X-50.471 Y0.00 Z15.288 E1304.67346
G1 X-50.379 Y-3.039 Z15.298 E1306.10326
G1 X-50.102 Y-6.084 Z15.308 E1307.54113
G1 X-49.645 Y-9.092 Z15.317 E1308.97193
G1 X-49.002 Y-12.083 Z15.327 E1310.41063
G1 X-48.184 Y-15.019 Z15.337 E1311.84392
G1 X-47.192 Y-17.893 Z15.346 E1313.27371
G1 X-46.025 Y-20.709 Z15.356 E1314.70719
G1 X-44.689 Y-23.455 Z15.365 E1316.14327
G1 X-43.186 Y-26.12 Z15.375 E1317.5821
G1 X-41.537 Y-28.669 Z15.385 E1319.00977
G1 X-39.727 Y-31.13 Z15.394 E1320.44641
G1 X-37.78 Y-33.466 Z15.404 E1321.87649
G1 X-35.688 Y-35.688 Z15.413 E1323.31167
G1 X-33.466 Y-37.78 Z15.423 E1324.74685
G1 X-31.13 Y-39.727 Z15.433 E1326.17693
G1 X-28.669 Y-41.537 Z15.442 E1327.61356
G1 X-26.12 Y-43.186 Z15.452 E1329.04123
G1 X-23.455 Y-44.689 Z15.462 E1330.48007
G1 X-20.709 Y-46.025 Z15.471 E1331.91614
G1 X-17.893 Y-47.192 Z15.481 E1333.34963
G1 X-15.019 Y-48.184 Z15.49 E1334.77942
G1 X-12.083 Y-49.002 Z15.5 E1336.2127
;TIME_ELAPSED:262.466866
;LAYER:15
;TYPE:WALL-OUTER
;MESH:sensory_obj_2_Body1.stl
G1 X-9.092 Y-49.645 Z15.51 E1337.65141
G1 X-6.084 Y-50.102 Z15.519 E1339.0822
G1 X-3.039 Y-50.379 Z15.529 E1340.52007
G1 X0.00 Y-50.471 Z15.538 E1341.94987
G1 X3.039 Y-50.379 Z15.548 E1343.37966
G1 X6.084 Y-50.102 Z15.558 E1344.81754
G1 X9.092 Y-49.645 Z15.567 E1346.24833
G1 X12.082 Y-49.002 Z15.577 E1347.68657
G1 X15.018 Y-48.184 Z15.587 E1349.11986
G1 X17.894 Y-47.192 Z15.596 E1350.55054
G1 X20.709 Y-46.025 Z15.606 E1351.98359
G1 X23.455 Y-44.689 Z15.615 E1353.41966
G1 X26.115 Y-43.188 Z15.625 E1354.85599
G1 X28.673 Y-41.534 Z15.635 E1356.28849
G1 X31.13 Y-39.727 Z15.644 E1357.72277
G1 X33.466 Y-37.78 Z15.654 E1359.15285
G1 X35.688 Y-35.688 Z15.663 E1360.58803
G1 X37.78 Y-33.466 Z15.673 E1362.02321
G1 X39.727 Y-31.13 Z15.683 E1363.45329
G1 X41.537 Y-28.669 Z15.692 E1364.88993
G1 X43.186 Y-26.12 Z15.702 E1366.3176
G1 X44.689 Y-23.455 Z15.712 E1367.75643
G1 X46.025 Y-20.709 Z15.721 E1369.19251
G1 X47.192 Y-17.893 Z15.731 E1370.62599
G1 X48.184 Y-15.019 Z15.74 E1372.05578
G1 X49.002 Y-12.083 Z15.75 E1373.48907
G1 X49.645 Y-9.092 Z15.76 E1374.92777
G1 X50.102 Y-6.084 Z15.769 E1376.35857
G1 X50.379 Y-3.039 Z15.779 E1377.79644
G1 X50.471 Y0.00 Z15.788 E1379.22623
G1 X50.379 Y3.039 Z15.798 E1380.65603
G1 X50.102 Y6.084 Z15.808 E1382.0939
G1 X49.645 Y9.092 Z15.817 E1383.5247
G1 X49.002 Y12.083 Z15.827 E1384.9634
G1 X48.184 Y15.019 Z15.837 E1386.39669
G1 X47.192 Y17.893 Z15.846 E1387.82648
G1 X46.025 Y20.709 Z15.856 E1389.25996
G1 X44.689 Y23.455 Z15.865 E1390.69604
G1 X43.186 Y26.12 Z15.875 E1392.13487
G1 X41.537 Y28.669 Z15.885 E1393.56254
G1 X39.727 Y31.13 Z15.894 E1394.99918
G1 X37.78 Y33.466 Z15.904 E1396.42926
G1 X35.688 Y35.688 Z15.913 E1397.86444
G1 X33.466 Y37.78 Z15.923 E1399.29962
G1 X31.13 Y39.727 Z15.933 E1400.7297
G1 X28.673 Y41.534 Z15.942 E1402.16398
G1 X26.115 Y43.188 Z15.952 E1403.59648
G1 X23.455 Y44.689 Z15.962 E1405.03281
G1 X20.709 Y46.025 Z15.971 E1406.46888
G1 X17.894 Y47.192 Z15.981 E1407.90193
G1 X15.018 Y48.184 Z15.99 E1409.33261
G1 X12.082 Y49.002 Z16 E1410.7659
G1 X9.092 Y49.645 Z16.01 E1412.20414
G1 X6.084 Y50.102 Z16.019 E1413.63493
G1 X3.039 Y50.379 Z16.029 E1415.07281
G1 X0.00 Y50.471 Z16.038 E1416.5026
G1 X-3.039 Y50.379 Z16.048 E1417.9324
G1 X-6.084 Y50.102 Z16.058 E1419.37027
G1 X-9.092 Y49.645 Z16.067 E1420.80106
G1 X-12.083 Y49.002 Z16.077 E1422.23977
G1 X-15.019 Y48.184 Z16.087 E1423.67305
G1 X-17.893 Y47.192 Z16.096 E1425.10284
G1 X-20.709 Y46.025 Z16.106 E1426.53633
G1 X-23.455 Y44.689 Z16.115 E1427.9724
G1 X-26.12 Y43.186 Z16.125 E1429.41124
G1 X-28.669 Y41.537 Z16.135 E1430.83891
G1 X-31.13 Y39.727 Z16.144 E1432.27554
G1 X-33.466 Y37.78 Z16.154 E1433.70563
G1 X-35.688 Y35.688 Z16.163 E1435.1408
G1 X-37.78 Y33.466 Z16.173 E1436.57598
G1 X-39.727 Y31.13 Z16.183 E1438.00606
G1 X-41.537 Y28.669 Z16.192 E1439.4427
G1 X-43.186 Y26.12 Z16.202 E1440.87037
G1 X-44.689 Y23.455 Z16.212 E1442.30921
G1 X-46.025 Y20.709 Z16.221 E1443.74528
G1 X-47.192 Y17.893 Z16.231 E1445.17876
G1 X-48.184 Y15.019 Z16.24 E1446.60855
G1 X-49.002 Y12.083 Z16.25 E1448.04184
G1 X-49.645 Y9.092 Z16.26 E1449.48055
G1 X-50.102 Y6.084 Z16.269 E1450.91134
G1 X-50.379 Y3.039 Z16.279 E1452.34921
G1 X-50.471 Y0.00 Z16.288 E1453.779
G1 X-50.379 Y-3.039 Z16.298 E1455.2088
G1 X-50.102 Y-6.084 Z16.308 E1456.64667
G1 X-49.645 Y-9.092 Z16.317 E1458.07747
G1 X-49.002 Y-12.083 Z16.327 E1459.51617
G1 X-48.184 Y-15.019 Z16.337 E1460.94946
G1 X-47.192 Y-17.893 Z16.346 E1462.37925
G1 X-46.025 Y-20.709 Z16.356 E1463.81273
G1 X-44.689 Y-23.455 Z16.365 E1465.24881
G1 X-43.186 Y-26.12 Z16.375 E1466.68764
G1 X-41.537 Y-28.669 Z16.385 E1468.11531
G1 X-39.727 Y-31.13 Z16.394 E1469.55195
G1 X-37.78 Y-33.466 Z16.404 E1470.98203
G1 X-35.688 Y-35.688 Z16.413 E1472.41721
G1 X-33.466 Y-37.78 Z16.423 E1473.85239
G1 X-31.13 Y-39.727 Z16.433 E1475.28247
G1 X-28.669 Y-41.537 Z16.442 E1476.7191
G1 X-26.12 Y-43.186 Z16.452 E1478.14677
G1 X-23.455 Y-44.689 Z16.462 E1479.58561
G1 X-20.709 Y-46.025 Z16.471 E1481.02168
G1 X-17.893 Y-47.192 Z16.481 E1482.45517
G1 X-15.019 Y-48.184 Z16.49 E1483.88496
G1 X-12.083 Y-49.002 Z16.5 E1485.31825
;TIME_ELAPSED:268.820100
;LAYER:16
;TYPE:WALL-OUTER
;MESH:sensory_obj_2_Body1.stl
G1 X-9.092 Y-49.645 Z16.51 E1486.75695
G1 X-6.084 Y-50.102 Z16.519 E1488.18774
G1 X-3.039 Y-50.379 Z16.529 E1489.62561
G1 X0.00 Y-50.471 Z16.538 E1491.05541
G1 X3.039 Y-50.379 Z16.548 E1492.4852
G1 X6.084 Y-50.102 Z16.558 E1493.92308
G1 X9.092 Y-49.645 Z16.567 E1495.35387
G1 X12.082 Y-49.002 Z16.577 E1496.79211
G1 X15.018 Y-48.184 Z16.587 E1498.2254
G1 X17.894 Y-47.192 Z16.596 E1499.65608
G1 X20.709 Y-46.025 Z16.606 E1501.08913
G1 X23.455 Y-44.689 Z16.615 E1502.5252
G1 X26.115 Y-43.188 Z16.625 E1503.96153
G1 X28.673 Y-41.534 Z16.635 E1505.39403
G1 X31.13 Y-39.727 Z16.644 E1506.82831
G1 X33.466 Y-37.78 Z16.654 E1508.2584
G1 X35.688 Y-35.688 Z16.663 E1509.69357
G1 X37.78 Y-33.466 Z16.673 E1511.12875
G1 X39.727 Y-31.13 Z16.683 E1512.55884
G1 X41.537 Y-28.669 Z16.692 E1513.99547
G1 X43.186 Y-26.12 Z16.702 E1515.42314
G1 X44.689 Y-23.455 Z16.712 E1516.86198
G1 X46.025 Y-20.709 Z16.721 E1518.29805
G1 X47.192 Y-17.893 Z16.731 E1519.73154
G1 X48.184 Y-15.019 Z16.74 E1521.16132
G1 X49.002 Y-12.083 Z16.75 E1522.59461
G1 X49.645 Y-9.092 Z16.76 E1524.03332
G1 X50.102 Y-6.084 Z16.769 E1525.46411
G1 X50.379 Y-3.039 Z16.779 E1526.90198
G1 X50.471 Y0.00 Z16.788 E1528.33178
G1 X50.379 Y3.039 Z16.798 E1529.76157
G1 X50.102 Y6.084 Z16.808 E1531.19944
G1 X49.645 Y9.092 Z16.817 E1532.63024
G1 X49.002 Y12.083 Z16.827 E1534.06894
G1 X48.184 Y15.019 Z16.837 E1535.50223
G1 X47.192 Y17.893 Z16.846 E1536.93202
G1 X46.025 Y20.709 Z16.856 E1538.3655
G1 X44.689 Y23.455 Z16.865 E1539.80158
G1 X43.186 Y26.12 Z16.875 E1541.24041
G1 X41.537 Y28.669 Z16.885 E1542.66809
G1 X39.727 Y31.13 Z16.894 E1544.10472
G1 X37.78 Y33.466 Z16.904 E1545.5348
G1 X35.688 Y35.688 Z16.913 E1546.96998
G1 X33.466 Y37.78 Z16.923 E1548.40516
G1 X31.13 Y39.727 Z16.933 E1549.83524
G1 X28.673 Y41.534 Z16.942 E1551.26952
G1 X26.115 Y43.188 Z16.952 E1552.70202
G1 X23.455 Y44.689 Z16.962 E1554.13835
G1 X20.709 Y46.025 Z16.971 E1555.57442
G1 X17.894 Y47.192 Z16.981 E1557.00747
G1 X15.018 Y48.184 Z16.99 E1558.43815
G1 X12.082 Y49.002 Z17 E1559.87144
G1 X9.092 Y49.645 Z17.01 E1561.30968
G1 X6.084 Y50.102 Z17.019 E1562.74048
G1 X3.039 Y50.379 Z17.029 E1564.17835
G1 X0.00 Y50.471 Z17.038 E1565.60814
G1 X-3.039 Y50.379 Z17.048 E1567.03794
G1 X-6.084 Y50.102 Z17.058 E1568.47581
G92 E0
G1 X-9.092 Y49.645 Z17.067 E1.43079
G1 X-12.083 Y49.002 Z17.077 E2.86949
G1 X-15.019 Y48.184 Z17.087 E4.30278
G1 X-17.893 Y47.192 Z17.096 E5.73257
G1 X-20.709 Y46.025 Z17.106 E7.16606
G1 X-23.455 Y44.689 Z17.115 E8.60213
G1 X-26.12 Y43.186 Z17.125 E10.04097
G1 X-28.669 Y41.537 Z17.135 E11.46864
G1 X-31.13 Y39.727 Z17.144 E12.90527
G1 X-33.466 Y37.78 Z17.154 E14.33535
G1 X-35.688 Y35.688 Z17.163 E15.77053
G1 X-37.78 Y33.466 Z17.173 E17.20571
G1 X-39.727 Y31.13 Z17.183 E18.63579
G1 X-41.537 Y28.669 Z17.192 E20.07243
G1 X-43.186 Y26.12 Z17.202 E21.5001
G1 X-44.689 Y23.455 Z17.212 E22.93893
G1 X-46.025 Y20.709 Z17.221 E24.37501
G1 X-47.192 Y17.893 Z17.231 E25.80849
G1 X-48.184 Y15.019 Z17.24 E27.23828
G1 X-49.002 Y12.083 Z17.25 E28.67157
G1 X-49.645 Y9.092 Z17.26 E30.11027
G1 X-50.102 Y6.084 Z17.269 E31.54107
G1 X-50.379 Y3.039 Z17.279 E32.97894
G1 X-50.471 Y0.00 Z17.288 E34.40873
G1 X-50.379 Y-3.039 Z17.298 E35.83853
G1 X-50.102 Y-6.084 Z17.308 E37.2764
G1 X-49.645 Y-9.092 Z17.317 E38.7072
G1 X-49.002 Y-12.083 Z17.327 E40.1459
G1 X-48.184 Y-15.019 Z17.337 E41.57919
G1 X-47.192 Y-17.893 Z17.346 E43.00898
G1 X-46.025 Y-20.709 Z17.356 E44.44246
G1 X-44.689 Y-23.455 Z17.365 E45.87854
G1 X-43.186 Y-26.12 Z17.375 E47.31737
G1 X-41.537 Y-28.669 Z17.385 E48.74504
G1 X-39.727 Y-31.13 Z17.394 E50.18168
G1 X-37.78 Y-33.466 Z17.404 E51.61176
G1 X-35.688 Y-35.688 Z17.413 E53.04694
G1 X-33.466 Y-37.78 Z17.423 E54.48212
G1 X-31.13 Y-39.727 Z17.433 E55.9122
G1 X-28.669 Y-41.537 Z17.442 E57.34883
G1 X-26.12 Y-43.186 Z17.452 E58.7765
G1 X-23.455 Y-44.689 Z17.462 E60.21534
G1 X-20.709 Y-46.025 Z17.471 E61.65141
G1 X-17.893 Y-47.192 Z17.481 E63.0849
G1 X-15.019 Y-48.184 Z17.49 E64.51469
G1 X-12.083 Y-49.002 Z17.5 E65.94798
;TIME_ELAPSED:275.190827
;LAYER:17
;TYPE:WALL-OUTER
;MESH:sensory_obj_2_Body1.stl
G1 X-9.092 Y-49.645 Z17.51 E67.38668
G1 X-6.084 Y-50.102 Z17.519 E68.81747
G1 X-3.039 Y-50.379 Z17.529 E70.25534
G1 X0.00 Y-50.471 Z17.538 E71.68514
G1 X3.039 Y-50.379 Z17.548 E73.11493
G1 X6.084 Y-50.102 Z17.558 E74.55281
G1 X9.092 Y-49.645 Z17.567 E75.9836
G1 X12.082 Y-49.002 Z17.577 E77.42184
G1 X15.018 Y-48.184 Z17.587 E78.85513
G1 X17.894 Y-47.192 Z17.596 E80.28581
G1 X20.709 Y-46.025 Z17.606 E81.71886
G1 X23.455 Y-44.689 Z17.615 E83.15493
G1 X26.115 Y-43.188 Z17.625 E84.59126
G1 X28.673 Y-41.534 Z17.635 E86.02376
G1 X31.13 Y-39.727 Z17.644 E87.45804
G1 X33.466 Y-37.78 Z17.654 E88.88813
G1 X35.688 Y-35.688 Z17.663 E90.3233
G1 X37.78 Y-33.466 Z17.673 E91.75848
G1 X39.727 Y-31.13 Z17.683 E93.18857
G1 X41.537 Y-28.669 Z17.692 E94.6252
G1 X43.186 Y-26.12 Z17.702 E96.05287
G1 X44.689 Y-23.455 Z17.712 E97.49171
G1 X46.025 Y-20.709 Z17.721 E98.92778
G1 X47.192 Y-17.893 Z17.731 E100.36126
G1 X48.184 Y-15.019 Z17.74 E101.79105
G1 X49.002 Y-12.083 Z17.75 E103.22434
G1 X49.645 Y-9.092 Z17.76 E104.66305
G1 X50.102 Y-6.084 Z17.769 E106.09384
G1 X50.379 Y-3.039 Z17.779 E107.53171
G1 X50.471 Y0.00 Z17.788 E108.9615
G1 X50.379 Y3.039 Z17.798 E110.3913
G1 X50.102 Y6.084 Z17.808 E111.82917
G1 X49.645 Y9.092 Z17.817 E113.25997
G1 X49.002 Y12.083 Z17.827 E114.69867
G1 X48.184 Y15.019 Z17.837 E116.13196
G1 X47.192 Y17.893 Z17.846 E117.56175
G1 X46.025 Y20.709 Z17.856 E118.99523
G1 X44.689 Y23.455 Z17.865 E120.43131
G1 X43.186 Y26.12 Z17.875 E121.87014
G1 X41.537 Y28.669 Z17.885 E123.29781
G1 X39.727 Y31.13 Z17.894 E124.73445
G1 X37.78 Y33.466 Z17.904 E126.16453
G1 X35.688 Y35.688 Z17.913 E127.59971
G1 X33.466 Y37.78 Z17.923 E129.03489
G1 X31.13 Y39.727 Z17.933 E130.46497
G1 X28.673 Y41.534 Z17.942 E131.89925
G1 X26.115 Y43.188 Z17.952 E133.33175
G1 X23.455 Y44.689 Z17.962 E134.76808
G1 X20.709 Y46.025 Z17.971 E136.20415
G1 X17.894 Y47.192 Z17.981 E137.6372
G1 X15.018 Y48.184 Z17.99 E139.06788
G1 X12.082 Y49.002 Z18 E140.50117
G1 X9.092 Y49.645 Z18.01 E141.93941
G1 X6.084 Y50.102 Z18.019 E143.37021
G1 X3.039 Y50.379 Z18.029 E144.80808
G1 X0.00 Y50.471 Z18.038 E146.23787
G1 X-3.039 Y50.379 Z18.048 E147.66767
G1 X-6.084 Y50.102 Z18.058 E149.10554
G1 X-9.092 Y49.645 Z18.067 E150.53633
G1 X-12.083 Y49.002 Z18.077 E151.97504
G1 X-15.019 Y48.184 Z18.087 E153.40832
G1 X-17.893 Y47.192 Z18.096 E154.83811
G1 X-20.709 Y46.025 Z18.106 E156.2716
G1 X-23.455 Y44.689 Z18.115 E157.70767
G1 X-26.12 Y43.186 Z18.125 E159.14651
G1 X-28.669 Y41.537 Z18.135 E160.57418
G1 X-31.13 Y39.727 Z18.144 E162.01081
G1 X-33.466 Y37.78 Z18.154 E163.4409
G1 X-35.688 Y35.688 Z18.163 E164.87607
G1 X-37.78 Y33.466 Z18.173 E166.31125
G1 X-39.727 Y31.13 Z18.183 E167.74134
G1 X-41.537 Y28.669 Z18.192 E169.17797
G1 X-43.186 Y26.12 Z18.202 E170.60564
G1 X-44.689 Y23.455 Z18.212 E172.04448
G1 X-46.025 Y20.709 Z18.221 E173.48055
G1 X-47.192 Y17.893 Z18.231 E174.91404
G1 X-48.184 Y15.019 Z18.24 E176.34382
G1 X-49.002 Y12.083 Z18.25 E177.77711
G1 X-49.645 Y9.092 Z18.26 E179.21582
G1 X-50.102 Y6.084 Z18.269 E180.64661
G1 X-50.379 Y3.039 Z18.279 E182.08448
G1 X-50.471 Y0.00 Z18.288 E183.51428
G1 X-50.379 Y-3.039 Z18.298 E184.94407
G1 X-50.102 Y-6.084 Z18.308 E186.38194
G1 X-49.645 Y-9.092 Z18.317 E187.81274
G1 X-49.002 Y-12.083 Z18.327 E189.25144
G1 X-48.184 Y-15.019 Z18.337 E190.68473
G1 X-47.192 Y-17.893 Z18.346 E192.11452
G1 X-46.025 Y-20.709 Z18.356 E193.548
G1 X-44.689 Y-23.455 Z18.365 E194.98408
G1 X-43.186 Y-26.12 Z18.375 E196.42291
G1 X-41.537 Y-28.669 Z18.385 E197.85059
G1 X-39.727 Y-31.13 Z18.394 E199.28722
G1 X-37.78 Y-33.466 Z18.404 E200.7173
G1 X-35.688 Y-35.688 Z18.413 E202.15248
G1 X-33.466 Y-37.78 Z18.423 E203.58766
G1 X-31.13 Y-39.727 Z18.433 E205.01774
G1 X-28.669 Y-41.537 Z18.442 E206.45437
G1 X-26.12 Y-43.186 Z18.452 E207.88204
G1 X-23.455 Y-44.689 Z18.462 E209.32088
G1 X-20.709 Y-46.025 Z18.471 E210.75695
G1 X-17.893 Y-47.192 Z18.481 E212.19044
G1 X-15.019 Y-48.184 Z18.49 E213.62023
G1 X-12.083 Y-49.002 Z18.5 E215.05352
;TIME_ELAPSED:281.544061
;LAYER:18
;TYPE:WALL-OUTER
;MESH:sensory_obj_2_Body1.stl
G1 X-9.092 Y-49.645 Z18.51 E216.49222
G1 X-6.084 Y-50.102 Z18.519 E217.92301
G1 X-3.039 Y-50.379 Z18.529 E219.36089
G1 X0.00 Y-50.471 Z18.538 E220.79068
G1 X3.039 Y-50.379 Z18.548 E222.22047
G1 X6.084 Y-50.102 Z18.558 E223.65835
G1 X9.092 Y-49.645 Z18.567 E225.08914
G1 X12.082 Y-49.002 Z18.577 E226.52738
G1 X15.018 Y-48.184 Z18.587 E227.96067
G1 X17.894 Y-47.192 Z18.596 E229.39135
G1 X20.709 Y-46.025 Z18.606 E230.8244
G1 X23.455 Y-44.689 Z18.615 E232.26047
G1 X26.115 Y-43.188 Z18.625 E233.6968
G1 X28.673 Y-41.534 Z18.635 E235.1293
G1 X31.13 Y-39.727 Z18.644 E236.56358
G1 X33.466 Y-37.78 Z18.654 E237.99367
G1 X35.688 Y-35.688 Z18.663 E239.42884
G1 X37.78 Y-33.466 Z18.673 E240.86402
G1 X39.727 Y-31.13 Z18.683 E242.29411
G1 X41.537 Y-28.669 Z18.692 E243.73074
G1 X43.186 Y-26.12 Z18.702 E245.15841
G1 X44.689 Y-23.455 Z18.712 E246.59725
G1 X46.025 Y-20.709 Z18.721 E248.03332
G1 X47.192 Y-17.893 Z18.731 E249.46681
G1 X48.184 Y-15.019 Z18.74 E250.8966
G1 X49.002 Y-12.083 Z18.75 E252.32988
G1 X49.645 Y-9.092 Z18.76 E253.76859
G1 X50.102 Y-6.084 Z18.769 E255.19938
G1 X50.379 Y-3.039 Z18.779 E256.63725
G1 X50.471 Y0.00 Z18.788 E258.06705
G1 X50.379 Y3.039 Z18.798 E259.49684
G1 X50.102 Y6.084 Z18.808 E260.93471
G1 X49.645 Y9.092 Z18.817 E262.36551
G1 X49.002 Y12.083 Z18.827 E263.80421
G1 X48.184 Y15.019 Z18.837 E265.2375
G1 X47.192 Y17.893 Z18.846 E266.66729
G1 X46.025 Y20.709 Z18.856 E268.10077
G1 X44.689 Y23.455 Z18.865 E269.53685
G1 X43.186 Y26.12 Z18.875 E270.97568
G1 X41.537 Y28.669 Z18.885 E272.40336
G1 X39.727 Y31.13 Z18.894 E273.83999
G1 X37.78 Y33.466 Z18.904 E275.27007
G1 X35.688 Y35.688 Z18.913 E276.70525
G1 X33.466 Y37.78 Z18.923 E278.14043
G1 X31.13 Y39.727 Z18.933 E279.57051
G1 X28.673 Y41.534 Z18.942 E281.00479
G1 X26.115 Y43.188 Z18.952 E282.43729
G1 X23.455 Y44.689 Z18.962 E283.87362
G1 X20.709 Y46.025 Z18.971 E285.30969
G1 X17.894 Y47.192 Z18.981 E286.74274
G1 X15.018 Y48.184 Z18.99 E288.17342
G1 X12.082 Y49.002 Z19 E289.60671
G1 X9.092 Y49.645 Z19.01 E291.04495
G1 X6.084 Y50.102 Z19.019 E292.47575
G1 X3.039 Y50.379 Z19.029 E293.91362
G1 X0.00 Y50.471 Z19.038 E295.34341
G1 X-3.039 Y50.379 Z19.048 E296.77321
G1 X-6.084 Y50.102 Z19.058 E298.21108
G1 X-9.092 Y49.645 Z19.067 E299.64187
G1 X-12.083 Y49.002 Z19.077 E301.08058
G1 X-15.019 Y48.184 Z19.087 E302.51386
G1 X-17.893 Y47.192 Z19.096 E303.94365
G1 X-20.709 Y46.025 Z19.106 E305.37714
G1 X-23.455 Y44.689 Z19.115 E306.81321
G1 X-26.12 Y43.186 Z19.125 E308.25205
G1 X-28.669 Y41.537 Z19.135 E309.67972
G1 X-31.13 Y39.727 Z19.144 E311.11635
G1 X-33.466 Y37.78 Z19.154 E312.54644
G1 X-35.688 Y35.688 Z19.163 E313.98161
G1 X-37.78 Y33.466 Z19.173 E315.41679
G1 X-39.727 Y31.13 Z19.183 E316.84688
G1 X-41.537 Y28.669 Z19.192 E318.28351
G1 X-43.186 Y26.12 Z19.202 E319.71118
G1 X-44.689 Y23.455 Z19.212 E321.15002
G1 X-46.025 Y20.709 Z19.221 E322.58609
G1 X-47.192 Y17.893 Z19.231 E324.01958
G1 X-48.184 Y15.019 Z19.24 E325.44937
G1 X-49.002 Y12.083 Z19.25 E326.88265
G1 X-49.645 Y9.092 Z19.26 E328.32136
G1 X-50.102 Y6.084 Z19.269 E329.75215
G1 X-50.379 Y3.039 Z19.279 E331.19002
G1 X-50.471 Y0.00 Z19.288 E332.61982
G1 X-50.379 Y-3.039 Z19.298 E334.04961
G1 X-50.102 Y-6.084 Z19.308 E335.48748
G1 X-49.645 Y-9.092 Z19.317 E336.91828
G1 X-49.002 Y-12.083 Z19.327 E338.35698
G1 X-48.184 Y-15.019 Z19.337 E339.79027
G1 X-47.192 Y-17.893 Z19.346 E341.22006
G1 X-46.025 Y-20.709 Z19.356 E342.65354
G1 X-44.689 Y-23.455 Z19.365 E344.08962
G1 X-43.186 Y-26.12 Z19.375 E345.52845
G1 X-41.537 Y-28.669 Z19.385 E346.95613
G1 X-39.727 Y-31.13 Z19.394 E348.39276
G1 X-37.78 Y-33.466 Z19.404 E349.82284
G1 X-35.688 Y-35.688 Z19.413 E351.25802
G1 X-33.466 Y-37.78 Z19.423 E352.6932
G1 X-31.13 Y-39.727 Z19.433 E354.12328
G1 X-28.669 Y-41.537 Z19.442 E355.55991
G1 X-26.12 Y-43.186 Z19.452 E356.98759
G1 X-23.455 Y-44.689 Z19.462 E358.42642
G1 X-20.709 Y-46.025 Z19.471 E359.8625
G1 X-17.893 Y-47.192 Z19.481 E361.29598
G1 X-15.019 Y-48.184 Z19.49 E362.72577
G1 X-12.083 Y-49.002 Z19.5 E364.15906
;TIME_ELAPSED:287.897295
;LAYER:19
;TYPE:WALL-OUTER
;MESH:sensory_obj_2_Body1.stl
G1 X-9.092 Y-49.645 Z19.51 E365.59776
G1 X-6.084 Y-50.102 Z19.519 E367.02855
G1 X-3.039 Y-50.379 Z19.529 E368.46643
G1 X0.00 Y-50.471 Z19.538 E369.89622
G1 X3.039 Y-50.379 Z19.548 E371.32601
G1 X6.084 Y-50.102 Z19.558 E372.76389
G1 X9.092 Y-49.645 Z19.567 E374.19468
G1 X12.082 Y-49.002 Z19.577 E375.63292
G1 X15.018 Y-48.184 Z19.587 E377.06621
G1 X17.894 Y-47.192 Z19.596 E378.49689
G1 X20.709 Y-46.025 Z19.606 E379.92994
G1 X23.455 Y-44.689 Z19.615 E381.36602
G1 X26.115 Y-43.188 Z19.625 E382.80234
G1 X28.673 Y-41.534 Z19.635 E384.23484
G1 X31.13 Y-39.727 Z19.644 E385.66912
G1 X33.466 Y-37.78 Z19.654 E387.09921
G1 X35.688 Y-35.688 Z19.663 E388.53438
G1 X37.78 Y-33.466 Z19.673 E389.96956
G1 X39.727 Y-31.13 Z19.683 E391.39965
G1 X41.537 Y-28.669 Z19.692 E392.83628
G1 X43.186 Y-26.12 Z19.702 E394.26395
G1 X44.689 Y-23.455 Z19.712 E395.70279
G1 X46.025 Y-20.709 Z19.721 E397.13886
G1 X47.192 Y-17.893 Z19.731 E398.57235
G1 X48.184 Y-15.019 Z19.74 E400.00214
G1 X49.002 Y-12.083 Z19.75 E401.43542
G1 X49.645 Y-9.092 Z19.76 E402.87413
G1 X50.102 Y-6.084 Z19.769 E404.30492
G1 X50.379 Y-3.039 Z19.779 E405.74279
G1 X50.471 Y0.00 Z19.788 E407.17259
G1 X50.379 Y3.039 Z19.798 E408.60238
G1 X50.102 Y6.084 Z19.808 E410.04025
G1 X49.645 Y9.092 Z19.817 E411.47105
G1 X49.002 Y12.083 Z19.827 E412.90975
G1 X48.184 Y15.019 Z19.837 E414.34304
G1 X47.192 Y17.893 Z19.846 E415.77283
G1 X46.025 Y20.709 Z19.856 E417.20631
G1 X44.689 Y23.455 Z19.865 E418.64239
G1 X43.186 Y26.12 Z19.875 E420.08122
G1 X41.537 Y28.669 Z19.885 E421.5089
G1 X39.727 Y31.13 Z19.894 E422.94553
G1 X37.78 Y33.466 Z19.904 E424.37561
G1 X35.688 Y35.688 Z19.913 E425.81079
G1 X33.466 Y37.78 Z19.923 E427.24597
G1 X31.13 Y39.727 Z19.933 E428.67605
G1 X28.673 Y41.534 Z19.942 E430.11033
G1 X26.115 Y43.188 Z19.952 E431.54284
G1 X23.455 Y44.689 Z19.962 E432.97916
G1 X20.709 Y46.025 Z19.971 E434.41524
G1 X17.894 Y47.192 Z19.981 E435.84828
G1 X15.018 Y48.184 Z19.99 E437.27896
G1 X12.082 Y49.002 Z20 E438.71225
G1 X9.092 Y49.645 Z20.01 E440.15049
G1 X6.084 Y50.102 Z20.019 E441.58129
G1 X3.039 Y50.379 Z20.029 E443.01916
G1 X0.00 Y50.471 Z20.038 E444.44895
G1 X-3.039 Y50.379 Z20.048 E445.87875
G1 X-6.084 Y50.102 Z20.058 E447.31662
G1 X-9.092 Y49.645 Z20.067 E448.74741
G1 X-12.083 Y49.002 Z20.077 E450.18612
G1 X-15.019 Y48.184 Z20.087 E451.61941
G1 X-17.893 Y47.192 Z20.096 E453.0492
G1 X-20.709 Y46.025 Z20.106 E454.48268
G1 X-23.455 Y44.689 Z20.115 E455.91876
G1 X-26.12 Y43.186 Z20.125 E457.35759
G1 X-28.669 Y41.537 Z20.135 E458.78526
G1 X-31.13 Y39.727 Z20.144 E460.2219
G1 X-33.466 Y37.78 Z20.154 E461.65198
G1 X-35.688 Y35.688 Z20.163 E463.08716
G1 X-37.78 Y33.466 Z20.173 E464.52233
G1 X-39.727 Y31.13 Z20.183 E465.95242
G1 X-41.537 Y28.669 Z20.192 E467.38905
G1 X-43.186 Y26.12 Z20.202 E468.81672
G1 X-44.689 Y23.455 Z20.212 E470.25556
G1 X-46.025 Y20.709 Z20.221 E471.69163
G1 X-47.192 Y17.893 Z20.231 E473.12512
G1 X-48.184 Y15.019 Z20.24 E474.55491
G1 X-49.002 Y12.083 Z20.25 E475.98819
G1 X-49.645 Y9.092 Z20.26 E477.4269
G1 X-50.102 Y6.084 Z20.269 E478.85769
G1 X-50.379 Y3.039 Z20.279 E480.29556
G1 X-50.471 Y0.00 Z20.288 E481.72536
G1 X-50.379 Y-3.039 Z20.298 E483.15515
G1 X-50.102 Y-6.084 Z20.308 E484.59303
G1 X-49.645 Y-9.092 Z20.317 E486.02382
G1 X-49.002 Y-12.083 Z20.327 E487.46252
G1 X-48.184 Y-15.019 Z20.337 E488.89581
G1 X-47.192 Y-17.893 Z20.346 E490.3256
G1 X-46.025 Y-20.709 Z20.356 E491.75908
G1 X-44.689 Y-23.455 Z20.365 E493.19516
G1 X-43.186 Y-26.12 Z20.375 E494.63399
G1 X-41.537 Y-28.669 Z20.385 E496.06167
G1 X-39.727 Y-31.13 Z20.394 E497.4983
G1 X-37.78 Y-33.466 Z20.404 E498.92838
G1 X-35.688 Y-35.688 Z20.413 E500.36356
G1 X-33.466 Y-37.78 Z20.423 E501.79874
G1 X-31.13 Y-39.727 Z20.433 E503.22882
G1 X-28.669 Y-41.537 Z20.442 E504.66545
G1 X-26.12 Y-43.186 Z20.452 E506.09313
G1 X-23.455 Y-44.689 Z20.462 E507.53196
G1 X-20.709 Y-46.025 Z20.471 E508.96804
G1 X-17.893 Y-47.192 Z20.481 E510.40152
G1 X-15.019 Y-48.184 Z20.49 E511.83131
G1 X-12.083 Y-49.002 Z20.5 E513.2646
;TIME_ELAPSED:294.250529
;LAYER:20
;TYPE:WALL-OUTER
;MESH:sensory_obj_2_Body1.stl
G1 X-9.092 Y-49.645 Z20.51 E514.7033
G1 X-6.084 Y-50.102 Z20.519 E516.13409
G1 X-3.039 Y-50.379 Z20.529 E517.57197
G1 X0.00 Y-50.471 Z20.538 E519.00176
G1 X3.039 Y-50.379 Z20.548 E520.43155
G1 X6.084 Y-50.102 Z20.558 E521.86943
G1 X9.092 Y-49.645 Z20.567 E523.30022
G1 X12.082 Y-49.002 Z20.577 E524.73846
G1 X15.018 Y-48.184 Z20.587 E526.17175
G1 X17.894 Y-47.192 Z20.596 E527.60243
G1 X20.709 Y-46.025 Z20.606 E529.03548
G1 X23.455 Y-44.689 Z20.615 E530.47156
G1 X26.115 Y-43.188 Z20.625 E531.90788
G1 X28.673 Y-41.534 Z20.635 E533.34039
G1 X31.13 Y-39.727 Z20.644 E534.77467
G1 X33.466 Y-37.78 Z20.654 E536.20475
G1 X35.688 Y-35.688 Z20.663 E537.63993
G1 X37.78 Y-33.466 Z20.673 E539.07511
G1 X39.727 Y-31.13 Z20.683 E540.50519
G1 X41.537 Y-28.669 Z20.692 E541.94182
G1 X43.186 Y-26.12 Z20.702 E543.36949
G1 X44.689 Y-23.455 Z20.712 E544.80833
G1 X46.025 Y-20.709 Z20.721 E546.2444
G1 X47.192 Y-17.893 Z20.731 E547.67789
G1 X48.184 Y-15.019 Z20.74 E549.10768
G1 X49.002 Y-12.083 Z20.75 E550.54097
G1 X49.645 Y-9.092 Z20.76 E551.97967
G1 X50.102 Y-6.084 Z20.769 E553.41046
G1 X50.379 Y-3.039 Z20.779 E554.84833
G1 X50.471 Y0.00 Z20.788 E556.27813
G1 X50.379 Y3.039 Z20.798 E557.70792
G1 X50.102 Y6.084 Z20.808 E559.1458
G1 X49.645 Y9.092 Z20.817 E560.57659
G1 X49.002 Y12.083 Z20.827 E562.01529
G1 X48.184 Y15.019 Z20.837 E563.44858
G1 X47.192 Y17.893 Z20.846 E564.87837
G1 X46.025 Y20.709 Z20.856 E566.31185
G1 X44.689 Y23.455 Z20.865 E567.74793
G1 X43.186 Y26.12 Z20.875 E569.18676
G1 X41.537 Y28.669 Z20.885 E570.61444
G1 X39.727 Y31.13 Z20.894 E572.05107
G1 X37.78 Y33.466 Z20.904 E573.48115
G1 X35.688 Y35.688 Z20.913 E574.91633
G1 X33.466 Y37.78 Z20.923 E576.35151
G1 X31.13 Y39.727 Z20.933 E577.78159
G1 X28.673 Y41.534 Z20.942 E579.21587
G1 X26.115 Y43.188 Z20.952 E580.64838
G1 X23.455 Y44.689 Z20.962 E582.0847
G1 X20.709 Y46.025 Z20.971 E583.52078
G1 X17.894 Y47.192 Z20.981 E584.95383
G1 X15.018 Y48.184 Z20.99 E586.3845
G1 X12.082 Y49.002 Z21 E587.81779
G1 X9.092 Y49.645 Z21.01 E589.25604
G1 X6.084 Y50.102 Z21.019 E590.68683
G1 X3.039 Y50.379 Z21.029 E592.1247
G1 X0.00 Y50.471 Z21.038 E593.55449
G1 X-3.039 Y50.379 Z21.048 E594.98429
G1 X-6.084 Y50.102 Z21.058 E596.42216
G1 X-9.092 Y49.645 Z21.067 E597.85296
G1 X-12.083 Y49.002 Z21.077 E599.29166
G1 X-15.019 Y48.184 Z21.087 E600.72495
G1 X-17.893 Y47.192 Z21.096 E602.15474
G1 X-20.709 Y46.025 Z21.106 E603.58822
G1 X-23.455 Y44.689 Z21.115 E605.0243
G1 X-26.12 Y43.186 Z21.125 E606.46313
G1 X-28.669 Y41.537 Z21.135 E607.8908
G1 X-31.13 Y39.727 Z21.144 E609.32744
G1 X-33.466 Y37.78 Z21.154 E610.75752
G1 X-35.688 Y35.688 Z21.163 E612.1927
G1 X-37.78 Y33.466 Z21.173 E613.62788
G1 X-39.727 Y31.13 Z21.183 E615.05796
G1 X-41.537 Y28.669 Z21.192 E616.49459
G1 X-43.186 Y26.12 Z21.202 E617.92226
G1 X-44.689 Y23.455 Z21.212 E619.3611
G1 X-46.025 Y20.709 Z21.221 E620.79717
G1 X-47.192 Y17.893 Z21.231 E622.23066
G1 X-48.184 Y15.019 Z21.24 E623.66045
G1 X-49.002 Y12.083 Z21.25 E625.09374
G1 X-49.645 Y9.092 Z21.26 E626.53244
G1 X-50.102 Y6.084 Z21.269 E627.96323
G1 X-50.379 Y3.039 Z21.279 E629.4011
G1 X-50.471 Y0.00 Z21.288 E630.8309
G1 X-50.379 Y-3.039 Z21.298 E632.26069
G1 X-50.102 Y-6.084 Z21.308 E633.69857
G1 X-49.645 Y-9.092 Z21.317 E635.12936
G1 X-49.002 Y-12.083 Z21.327 E636.56806
G1 X-48.184 Y-15.019 Z21.337 E638.00135
G1 X-47.192 Y-17.893 Z21.346 E639.43114
G1 X-46.025 Y-20.709 Z21.356 E640.86462
G1 X-44.689 Y-23.455 Z21.365 E642.3007
G1 X-43.186 Y-26.12 Z21.375 E643.73953
G1 X-41.537 Y-28.669 Z21.385 E645.16721
G1 X-39.727 Y-31.13 Z21.394 E646.60384
G1 X-37.78 Y-33.466 Z21.404 E648.03392
G1 X-35.688 Y-35.688 Z21.413 E649.4691
G1 X-33.466 Y-37.78 Z21.423 E650.90428
G1 X-31.13 Y-39.727 Z21.433 E652.33436
G1 X-28.669 Y-41.537 Z21.442 E653.77099
G1 X-26.12 Y-43.186 Z21.452 E655.19867
G1 X-23.455 Y-44.689 Z21.462 E656.6375
G1 X-20.709 Y-46.025 Z21.471 E658.07358
G1 X-17.893 Y-47.192 Z21.481 E659.50706
G1 X-15.019 Y-48.184 Z21.49 E660.93685
G1 X-12.083 Y-49.002 Z21.5 E662.37014
;TIME_ELAPSED:300.603763
;LAYER:21
;TYPE:WALL-OUTER
;MESH:sensory_obj_2_Body1.stl
G1 X-9.092 Y-49.645 Z21.51 E663.80884
G1 X-6.084 Y-50.102 Z21.519 E665.23963
G1 X-3.039 Y-50.379 Z21.529 E666.67751
G1 X0.00 Y-50.471 Z21.538 E668.1073
G1 X3.039 Y-50.379 Z21.548 E669.5371
G1 X6.084 Y-50.102 Z21.558 E670.97497
G1 X9.092 Y-49.645 Z21.567 E672.40576
G1 X12.082 Y-49.002 Z21.577 E673.844
G1 X15.018 Y-48.184 Z21.587 E675.27729
G1 X17.894 Y-47.192 Z21.596 E676.70797
G1 X20.709 Y-46.025 Z21.606 E678.14102
G1 X23.455 Y-44.689 Z21.615 E679.5771
G1 X26.115 Y-43.188 Z21.625 E681.01342
G1 X28.673 Y-41.534 Z21.635 E682.44593
G1 X31.13 Y-39.727 Z21.644 E683.88021
G1 X33.466 Y-37.78 Z21.654 E685.31029
G1 X35.688 Y-35.688 Z21.663 E686.74547
G1 X37.78 Y-33.466 Z21.673 E688.18065
G1 X39.727 Y-31.13 Z21.683 E689.61073
G1 X41.537 Y-28.669 Z21.692 E691.04736
G1 X43.186 Y-26.12 Z21.702 E692.47503
G1 X44.689 Y-23.455 Z21.712 E693.91387
G1 X46.025 Y-20.709 Z21.721 E695.34994
G1 X47.192 Y-17.893 Z21.731 E696.78343
G1 X48.184 Y-15.019 Z21.74 E698.21322
G1 X49.002 Y-12.083 Z21.75 E699.64651
G1 X49.645 Y-9.092 Z21.76 E701.08521
G1 X50.102 Y-6.084 Z21.769 E702.516
G1 X50.379 Y-3.039 Z21.779 E703.95387
G1 X50.471 Y0.00 Z21.788 E705.38367
G1 X50.379 Y3.039 Z21.798 E706.81346
G1 X50.102 Y6.084 Z21.808 E708.25134
G1 X49.645 Y9.092 Z21.817 E709.68213
G1 X49.002 Y12.083 Z21.827 E711.12083
G1 X48.184 Y15.019 Z21.837 E712.55412
G1 X47.192 Y17.893 Z21.846 E713.98391
G1 X46.025 Y20.709 Z21.856 E715.41739
G1 X44.689 Y23.455 Z21.865 E716.85347
G1 X43.186 Y26.12 Z21.875 E718.2923
G1 X41.537 Y28.669 Z21.885 E719.71998
G1 X39.727 Y31.13 Z21.894 E721.15661
G1 X37.78 Y33.466 Z21.904 E722.58669
G1 X35.688 Y35.688 Z21.913 E724.02187
G1 X33.466 Y37.78 Z21.923 E725.45705
G1 X31.13 Y39.727 Z21.933 E726.88713
G1 X28.673 Y41.534 Z21.942 E728.32141
G1 X26.115 Y43.188 Z21.952 E729.75392
G1 X23.455 Y44.689 Z21.962 E731.19024
G1 X20.709 Y46.025 Z21.971 E732.62632
G1 X17.894 Y47.192 Z21.981 E734.05937
G1 X15.018 Y48.184 Z21.99 E735.49004
G1 X12.082 Y49.002 Z22 E736.92333
G1 X9.092 Y49.645 Z22.01 E738.36158
G1 X6.084 Y50.102 Z22.019 E739.79237
G1 X3.039 Y50.379 Z22.029 E741.23024
G1 X0.00 Y50.471 Z22.038 E742.66004
G1 X-3.039 Y50.379 Z22.048 E744.08983
G1 X-6.084 Y50.102 Z22.058 E745.5277
G1 X-9.092 Y49.645 Z22.067 E746.9585
G1 X-12.083 Y49.002 Z22.077 E748.3972
G1 X-15.019 Y48.184 Z22.087 E749.83049
G1 X-17.893 Y47.192 Z22.096 E751.26028
G1 X-20.709 Y46.025 Z22.106 E752.69376
G1 X-23.455 Y44.689 Z22.115 E754.12984
G1 X-26.12 Y43.186 Z22.125 E755.56867
G1 X-28.669 Y41.537 Z22.135 E756.99635
G1 X-31.13 Y39.727 Z22.144 E758.43298
G1 X-33.466 Y37.78 Z22.154 E759.86306
G1 X-35.688 Y35.688 Z22.163 E761.29824
G1 X-37.78 Y33.466 Z22.173 E762.73342
G1 X-39.727 Y31.13 Z22.183 E764.1635
G1 X-41.537 Y28.669 Z22.192 E765.60013
G1 X-43.186 Y26.12 Z22.202 E767.02781
G1 X-44.689 Y23.455 Z22.212 E768.46664
G1 X-46.025 Y20.709 Z22.221 E769.90272
G1 X-47.192 Y17.893 Z22.231 E771.3362
G1 X-48.184 Y15.019 Z22.24 E772.76599
G1 X-49.002 Y12.083 Z22.25 E774.19928
G1 X-49.645 Y9.092 Z22.26 E775.63798
G1 X-50.102 Y6.084 Z22.269 E777.06877
G1 X-50.379 Y3.039 Z22.279 E778.50665
G1 X-50.471 Y0.00 Z22.288 E779.93644
G1 X-50.379 Y-3.039 Z22.298 E781.36623
G1 X-50.102 Y-6.084 Z22.308 E782.80411
G1 X-49.645 Y-9.092 Z22.317 E784.2349
G1 X-49.002 Y-12.083 Z22.327 E785.6736
G1 X-48.184 Y-15.019 Z22.337 E787.10689
G1 X-47.192 Y-17.893 Z22.346 E788.53668
G1 X-46.025 Y-20.709 Z22.356 E789.97016
G1 X-44.689 Y-23.455 Z22.365 E791.40624
G1 X-43.186 Y-26.12 Z22.375 E792.84507
G1 X-41.537 Y-28.669 Z22.385 E794.27275
G1 X-39.727 Y-31.13 Z22.394 E795.70938
G1 X-37.78 Y-33.466 Z22.404 E797.13946
G1 X-35.688 Y-35.688 Z22.413 E798.57464
G1 X-33.466 Y-37.78 Z22.423 E800.00982
G1 X-31.13 Y-39.727 Z22.433 E801.4399
G1 X-28.669 Y-41.537 Z22.442 E802.87653
G1 X-26.12 Y-43.186 Z22.452 E804.30421
G1 X-23.455 Y-44.689 Z22.462 E805.74304
G1 X-20.709 Y-46.025 Z22.471 E807.17912
G1 X-17.893 Y-47.192 Z22.481 E808.6126
G1 X-15.019 Y-48.184 Z22.49 E810.04239
G1 X-12.083 Y-49.002 Z22.5 E811.47568
;TIME_ELAPSED:306.956997
;LAYER:22
;TYPE:WALL-OUTER
;MESH:sensory_obj_2_Body1.stl
G1 X-9.092 Y-49.645 Z22.51 E812.91438
G1 X-6.084 Y-50.102 Z22.519 E814.34517
G1 X-3.039 Y-50.379 Z22.529 E815.78305
G1 X0.00 Y-50.471 Z22.538 E817.21284
G1 X3.039 Y-50.379 Z22.548 E818.64264
G1 X6.084 Y-50.102 Z22.558 E820.08051
G1 X9.092 Y-49.645 Z22.567 E821.5113
G1 X12.082 Y-49.002 Z22.577 E822.94955
G1 X15.018 Y-48.184 Z22.587 E824.38283
G1 X17.894 Y-47.192 Z22.596 E825.81351
G1 X20.709 Y-46.025 Z22.606 E827.24656
G1 X23.455 Y-44.689 Z22.615 E828.68264
G1 X26.115 Y-43.188 Z22.625 E830.11896
G1 X28.673 Y-41.534 Z22.635 E831.55147
G1 X31.13 Y-39.727 Z22.644 E832.98575
G1 X33.466 Y-37.78 Z22.654 E834.41583
G1 X35.688 Y-35.688 Z22.663 E835.85101
G1 X37.78 Y-33.466 Z22.673 E837.28619
G1 X39.727 Y-31.13 Z22.683 E838.71627
G1 X41.537 Y-28.669 Z22.692 E840.1529
G1 X43.186 Y-26.12 Z22.702 E841.58058
G1 X44.689 Y-23.455 Z22.712 E843.01941
G1 X46.025 Y-20.709 Z22.721 E844.45549
G1 X47.192 Y-17.893 Z22.731 E845.88897
G1 X48.184 Y-15.019 Z22.74 E847.31876
G1 X49.002 Y-12.083 Z22.75 E848.75205
G1 X49.645 Y-9.092 Z22.76 E850.19075
G1 X50.102 Y-6.084 Z22.769 E851.62154
G1 X50.379 Y-3.039 Z22.779 E853.05942
G1 X50.471 Y0.00 Z22.788 E854.48921
G1 X50.379 Y3.039 Z22.798 E855.919
G1 X50.102 Y6.084 Z22.808 E857.35688
G1 X49.645 Y9.092 Z22.817 E858.78767
G1 X49.002 Y12.083 Z22.827 E860.22637
G1 X48.184 Y15.019 Z22.837 E861.65966
G1 X47.192 Y17.893 Z22.846 E863.08945
G1 X46.025 Y20.709 Z22.856 E864.52293
G1 X44.689 Y23.455 Z22.865 E865.95901
G1 X43.186 Y26.12 Z22.875 E867.39784
G1 X41.537 Y28.669 Z22.885 E868.82552
G1 X39.727 Y31.13 Z22.894 E870.26215
G1 X37.78 Y33.466 Z22.904 E871.69223
G1 X35.688 Y35.688 Z22.913 E873.12741
G1 X33.466 Y37.78 Z22.923 E874.56259
G1 X31.13 Y39.727 Z22.933 E875.99267
G1 X28.673 Y41.534 Z22.942 E877.42695
G1 X26.115 Y43.188 Z22.952 E878.85946
G1 X23.455 Y44.689 Z22.962 E880.29578
G1 X20.709 Y46.025 Z22.971 E881.73186
G1 X17.894 Y47.192 Z22.981 E883.16491
G1 X15.018 Y48.184 Z22.99 E884.59559
G1 X12.082 Y49.002 Z23 E886.02887
G1 X9.092 Y49.645 Z23.01 E887.46712
G1 X6.084 Y50.102 Z23.019 E888.89791
G1 X3.039 Y50.379 Z23.029 E890.33578
G1 X0.00 Y50.471 Z23.038 E891.76558
G1 X-3.039 Y50.379 Z23.048 E893.19537
G1 X-6.084 Y50.102 Z23.058 E894.63324
G1 X-9.092 Y49.645 Z23.067 E896.06404
G1 X-12.083 Y49.002 Z23.077 E897.50274
G1 X-15.019 Y48.184 Z23.087 E898.93603
G1 X-17.893 Y47.192 Z23.096 E900.36582
G1 X-20.709 Y46.025 Z23.106 E901.7993
G1 X-23.455 Y44.689 Z23.115 E903.23538
G1 X-26.12 Y43.186 Z23.125 E904.67421
G1 X-28.669 Y41.537 Z23.135 E906.10189
G1 X-31.13 Y39.727 Z23.144 E907.53852
G1 X-33.466 Y37.78 Z23.154 E908.9686
G1 X-35.688 Y35.688 Z23.163 E910.40378
G1 X-37.78 Y33.466 Z23.173 E911.83896
G1 X-39.727 Y31.13 Z23.183 E913.26904
G1 X-41.537 Y28.669 Z23.192 E914.70567
G1 X-43.186 Y26.12 Z23.202 E916.13335
G1 X-44.689 Y23.455 Z23.212 E917.57218
G1 X-46.025 Y20.709 Z23.221 E919.00826
G1 X-47.192 Y17.893 Z23.231 E920.44174
G1 X-48.184 Y15.019 Z23.24 E921.87153
G1 X-49.002 Y12.083 Z23.25 E923.30482
G1 X-49.645 Y9.092 Z23.26 E924.74352
G1 X-50.102 Y6.084 Z23.269 E926.17431
G1 X-50.379 Y3.039 Z23.279 E927.61219
G1 X-50.471 Y0.00 Z23.288 E929.04198
G1 X-50.379 Y-3.039 Z23.298 E930.47177
G1 X-50.102 Y-6.084 Z23.308 E931.90965
G1 X-49.645 Y-9.092 Z23.317 E933.34044
G1 X-49.002 Y-12.083 Z23.327 E934.77914
G1 X-48.184 Y-15.019 Z23.337 E936.21243
G1 X-47.192 Y-17.893 Z23.346 E937.64222
G1 X-46.025 Y-20.709 Z23.356 E939.0757
G1 X-44.689 Y-23.455 Z23.365 E940.51178
G1 X-43.186 Y-26.12 Z23.375 E941.95061
G1 X-41.537 Y-28.669 Z23.385 E943.37829
G1 X-39.727 Y-31.13 Z23.394 E944.81492
G1 X-37.78 Y-33.466 Z23.404 E946.245
G1 X-35.688 Y-35.688 Z23.413 E947.68018
G1 X-33.466 Y-37.78 Z23.423 E949.11536
G1 X-31.13 Y-39.727 Z23.433 E950.54544
G1 X-28.669 Y-41.537 Z23.442 E951.98207
G1 X-26.12 Y-43.186 Z23.452 E953.40975
G1 X-23.455 Y-44.689 Z23.462 E954.84858
G1 X-20.709 Y-46.025 Z23.471 E956.28466
G1 X-17.893 Y-47.192 Z23.481 E957.71814
G1 X-15.019 Y-48.184 Z23.49 E959.14793
G1 X-12.083 Y-49.002 Z23.5 E960.58122
;TIME_ELAPSED:313.310231
;LAYER:23
;TYPE:WALL-OUTER
;MESH:sensory_obj_2_Body1.stl
G1 X-9.092 Y-49.645 Z23.51 E962.01992
G1 X-6.084 Y-50.102 Z23.519 E963.45072
G1 X-3.039 Y-50.379 Z23.529 E964.88859
G1 X0.00 Y-50.471 Z23.538 E966.31838
G1 X3.039 Y-50.379 Z23.548 E967.74818
G1 X6.084 Y-50.102 Z23.558 E969.18605
G1 X9.092 Y-49.645 Z23.567 E970.61684
G1 X12.082 Y-49.002 Z23.577 E972.05509
G1 X15.018 Y-48.184 Z23.587 E973.48837
G1 X17.894 Y-47.192 Z23.596 E974.91905
G1 X20.709 Y-46.025 Z23.606 E976.3521
G1 X23.455 Y-44.689 Z23.615 E977.78818
G1 X26.115 Y-43.188 Z23.625 E979.2245
G1 X28.673 Y-41.534 Z23.635 E980.65701
G1 X31.13 Y-39.727 Z23.644 E982.09129
G1 X33.466 Y-37.78 Z23.654 E983.52137
G1 X35.688 Y-35.688 Z23.663 E984.95655
G1 X37.78 Y-33.466 Z23.673 E986.39173
G1 X39.727 Y-31.13 Z23.683 E987.82181
G1 X41.537 Y-28.669 Z23.692 E989.25844
G1 X43.186 Y-26.12 Z23.702 E990.68612
G1 X44.689 Y-23.455 Z23.712 E992.12495
G1 X46.025 Y-20.709 Z23.721 E993.56103
G1 X47.192 Y-17.893 Z23.731 E994.99451
G1 X48.184 Y-15.019 Z23.74 E996.4243
G1 X49.002 Y-12.083 Z23.75 E997.85759
G1 X49.645 Y-9.092 Z23.76 E999.29629
G1 X50.102 Y-6.084 Z23.769 E1000.72708
G1 X50.379 Y-3.039 Z23.779 E1002.16496
G1 X50.471 Y0.00 Z23.788 E1003.59475
G1 X50.379 Y3.039 Z23.798 E1005.02454
G1 X50.102 Y6.084 Z23.808 E1006.46242
G1 X49.645 Y9.092 Z23.817 E1007.89321
G1 X49.002 Y12.083 Z23.827 E1009.33191
G1 X48.184 Y15.019 Z23.837 E1010.7652
G1 X47.192 Y17.893 Z23.846 E1012.19499
G1 X46.025 Y20.709 Z23.856 E1013.62847
G1 X44.689 Y23.455 Z23.865 E1015.06455
G1 X43.186 Y26.12 Z23.875 E1016.50338
G1 X41.537 Y28.669 Z23.885 E1017.93106
G1 X39.727 Y31.13 Z23.894 E1019.36769
G1 X37.78 Y33.466 Z23.904 E1020.79777
G1 X35.688 Y35.688 Z23.913 E1022.23295
G1 X33.466 Y37.78 Z23.923 E1023.66813
G1 X31.13 Y39.727 Z23.933 E1025.09821
G1 X28.673 Y41.534 Z23.942 E1026.53249
G1 X26.115 Y43.188 Z23.952 E1027.965
G1 X23.455 Y44.689 Z23.962 E1029.40132
G1 X20.709 Y46.025 Z23.971 E1030.8374
G1 X17.894 Y47.192 Z23.981 E1032.27045
G1 X15.018 Y48.184 Z23.99 E1033.70113
G1 X12.082 Y49.002 Z24 E1035.13441
G1 X9.092 Y49.645 Z24.01 E1036.57266
G1 X6.084 Y50.102 Z24.019 E1038.00345
G1 X3.039 Y50.379 Z24.029 E1039.44132
G1 X0.00 Y50.471 Z24.038 E1040.87112
G1 X-3.039 Y50.379 Z24.048 E1042.30091
G1 X-6.084 Y50.102 Z24.058 E1043.73879
G1 X-9.092 Y49.645 Z24.067 E1045.16958
G1 X-12.083 Y49.002 Z24.077 E1046.60828
G1 X-15.019 Y48.184 Z24.087 E1048.04157
G1 X-17.893 Y47.192 Z24.096 E1049.47136
G1 X-20.709 Y46.025 Z24.106 E1050.90484
G1 X-23.455 Y44.689 Z24.115 E1052.34092
G1 X-26.12 Y43.186 Z24.125 E1053.77975
G1 X-28.669 Y41.537 Z24.135 E1055.20743
G1 X-31.13 Y39.727 Z24.144 E1056.64406
G1 X-33.466 Y37.78 Z24.154 E1058.07414
G1 X-35.688 Y35.688 Z24.163 E1059.50932
G1 X-37.78 Y33.466 Z24.173 E1060.9445
G1 X-39.727 Y31.13 Z24.183 E1062.37458
G1 X-41.537 Y28.669 Z24.192 E1063.81121
G1 X-43.186 Y26.12 Z24.202 E1065.23889
G1 X-44.689 Y23.455 Z24.212 E1066.67772
G1 X-46.025 Y20.709 Z24.221 E1068.1138
G1 X-47.192 Y17.893 Z24.231 E1069.54728
G1 X-48.184 Y15.019 Z24.24 E1070.97707
G1 X-49.002 Y12.083 Z24.25 E1072.41036
G1 X-49.645 Y9.092 Z24.26 E1073.84906
G1 X-50.102 Y6.084 Z24.269 E1075.27985
G1 X-50.379 Y3.039 Z24.279 E1076.71773
G1 X-50.471 Y0.00 Z24.288 E1078.14752
G1 X-50.379 Y-3.039 Z24.298 E1079.57731
G1 X-50.102 Y-6.084 Z24.308 E1081.01519
G1 X-49.645 Y-9.092 Z24.317 E1082.44598
G1 X-49.002 Y-12.083 Z24.327 E1083.88468
G1 X-48.184 Y-15.019 Z24.337 E1085.31797
G1 X-47.192 Y-17.893 Z24.346 E1086.74776
G1 X-46.025 Y-20.709 Z24.356 E1088.18124
G1 X-44.689 Y-23.455 Z24.365 E1089.61732
G1 X-43.186 Y-26.12 Z24.375 E1091.05615
G1 X-41.537 Y-28.669 Z24.385 E1092.48383
G1 X-39.727 Y-31.13 Z24.394 E1093.92046
G1 X-37.78 Y-33.466 Z24.404 E1095.35054
G1 X-35.688 Y-35.688 Z24.413 E1096.78572
G1 X-33.466 Y-37.78 Z24.423 E1098.2209
G1 X-31.13 Y-39.727 Z24.433 E1099.65098
G1 X-28.669 Y-41.537 Z24.442 E1101.08761
G1 X-26.12 Y-43.186 Z24.452 E1102.51529
G1 X-23.455 Y-44.689 Z24.462 E1103.95412
G1 X-20.709 Y-46.025 Z24.471 E1105.3902
G1 X-17.893 Y-47.192 Z24.481 E1106.82368
G1 X-15.019 Y-48.184 Z24.49 E1108.25347
G1 X-12.083 Y-49.002 Z24.5 E1109.68676
;TIME_ELAPSED:319.663465
;LAYER:24
;TYPE:WALL-OUTER
;MESH:sensory_obj_2_Body1.stl
G1 X-9.092 Y-49.645 Z24.51 E1111.12546
G1 X-6.084 Y-50.102 Z24.519 E1112.55626
G1 X-3.039 Y-50.379 Z24.529 E1113.99413
G1 X0.00 Y-50.471 Z24.538 E1115.42392
G1 X3.039 Y-50.379 Z24.548 E1116.85372
G1 X6.084 Y-50.102 Z24.558 E1118.29159
G1 X9.092 Y-49.645 Z24.567 E1119.72238
G1 X12.082 Y-49.002 Z24.577 E1121.16063
G1 X15.018 Y-48.184 Z24.587 E1122.59392
G1 X17.894 Y-47.192 Z24.596 E1124.02459
G1 X20.709 Y-46.025 Z24.606 E1125.45764
G1 X23.455 Y-44.689 Z24.615 E1126.89372
G1 X26.115 Y-43.188 Z24.625 E1128.33004
G1 X28.673 Y-41.534 Z24.635 E1129.76255
G1 X31.13 Y-39.727 Z24.644 E1131.19683
G1 X33.466 Y-37.78 Z24.654 E1132.62691
G1 X35.688 Y-35.688 Z24.663 E1134.06209
G1 X37.78 Y-33.466 Z24.673 E1135.49727
G1 X39.727 Y-31.13 Z24.683 E1136.92735
G1 X41.537 Y-28.669 Z24.692 E1138.36398
G1 X43.186 Y-26.12 Z24.702 E1139.79166
G1 X44.689 Y-23.455 Z24.712 E1141.23049
G1 X46.025 Y-20.709 Z24.721 E1142.66657
G1 X47.192 Y-17.893 Z24.731 E1144.10005
G1 X48.184 Y-15.019 Z24.74 E1145.52984
G1 X49.002 Y-12.083 Z24.75 E1146.96313
G1 X49.645 Y-9.092 Z24.76 E1148.40183
G1 X50.102 Y-6.084 Z24.769 E1149.83262
G1 X50.379 Y-3.039 Z24.779 E1151.2705
G1 X50.471 Y0.00 Z24.788 E1152.70029
G1 X50.379 Y3.039 Z24.798 E1154.13008
G1 X50.102 Y6.084 Z24.808 E1155.56796
G1 X49.645 Y9.092 Z24.817 E1156.99875
G1 X49.002 Y12.083 Z24.827 E1158.43745
G1 X48.184 Y15.019 Z24.837 E1159.87074
G1 X47.192 Y17.893 Z24.846 E1161.30053
G1 X46.025 Y20.709 Z24.856 E1162.73402
G1 X44.689 Y23.455 Z24.865 E1164.17009
G1 X43.186 Y26.12 Z24.875 E1165.60892
G1 X41.537 Y28.669 Z24.885 E1167.0366
G1 X39.727 Y31.13 Z24.894 E1168.47323
G1 X37.78 Y33.466 Z24.904 E1169.90331
G1 X35.688 Y35.688 Z24.913 E1171.33849
G1 X33.466 Y37.78 Z24.923 E1172.77367
G1 X31.13 Y39.727 Z24.933 E1174.20375
G1 X28.673 Y41.534 Z24.942 E1175.63803
G1 X26.115 Y43.188 Z24.952 E1177.07054
G1 X23.455 Y44.689 Z24.962 E1178.50686
G1 X20.709 Y46.025 Z24.971 E1179.94294
G1 X17.894 Y47.192 Z24.981 E1181.37599
G1 X15.018 Y48.184 Z24.99 E1182.80667
G1 X12.082 Y49.002 Z25 E1184.23996
G1 X9.092 Y49.645 Z25.01 E1185.6782
G1 X6.084 Y50.102 Z25.019 E1187.10899
G1 X3.039 Y50.379 Z25.029 E1188.54686
G1 X0.00 Y50.471 Z25.038 E1189.97666
G1 X-3.039 Y50.379 Z25.048 E1191.40645
G1 X-6.084 Y50.102 Z25.058 E1192.84433
G1 X-9.092 Y49.645 Z25.067 E1194.27512
G1 X-12.083 Y49.002 Z25.077 E1195.71382
G1 X-15.019 Y48.184 Z25.087 E1197.14711
G1 X-17.893 Y47.192 Z25.096 E1198.5769
G1 X-20.709 Y46.025 Z25.106 E1200.01038
G1 X-23.455 Y44.689 Z25.115 E1201.44646
G1 X-26.12 Y43.186 Z25.125 E1202.88529
G1 X-28.669 Y41.537 Z25.135 E1204.31297
G1 X-31.13 Y39.727 Z25.144 E1205.7496
G1 X-33.466 Y37.78 Z25.154 E1207.17968
G1 X-35.688 Y35.688 Z25.163 E1208.61486
G1 X-37.78 Y33.466 Z25.173 E1210.05004
G1 X-39.727 Y31.13 Z25.183 E1211.48012
G1 X-41.537 Y28.669 Z25.192 E1212.91675
G1 X-43.186 Y26.12 Z25.202 E1214.34443
G1 X-44.689 Y23.455 Z25.212 E1215.78326
G1 X-46.025 Y20.709 Z25.221 E1217.21934
G1 X-47.192 Y17.893 Z25.231 E1218.65282
G1 X-48.184 Y15.019 Z25.24 E1220.08261
G1 X-49.002 Y12.083 Z25.25 E1221.5159
G1 X-49.645 Y9.092 Z25.26 E1222.9546
G1 X-50.102 Y6.084 Z25.269 E1224.38539
G1 X-50.379 Y3.039 Z25.279 E1225.82327
G1 X-50.471 Y0.00 Z25.288 E1227.25306
G1 X-50.379 Y-3.039 Z25.298 E1228.68286
G1 X-50.102 Y-6.084 Z25.308 E1230.12073
G1 X-49.645 Y-9.092 Z25.317 E1231.55152
G1 X-49.002 Y-12.083 Z25.327 E1232.99022
G1 X-48.184 Y-15.019 Z25.337 E1234.42351
G1 X-47.192 Y-17.893 Z25.346 E1235.8533
G1 X-46.025 Y-20.709 Z25.356 E1237.28679
G1 X-44.689 Y-23.455 Z25.365 E1238.72286
G1 X-43.186 Y-26.12 Z25.375 E1240.1617
G1 X-41.537 Y-28.669 Z25.385 E1241.58937
G1 X-39.727 Y-31.13 Z25.394 E1243.026
G1 X-37.78 Y-33.466 Z25.404 E1244.45608
G1 X-35.688 Y-35.688 Z25.413 E1245.89126
G1 X-33.466 Y-37.78 Z25.423 E1247.32644
G1 X-31.13 Y-39.727 Z25.433 E1248.75652
G1 X-28.669 Y-41.537 Z25.442 E1250.19316
G1 X-26.12 Y-43.186 Z25.452 E1251.62083
G1 X-23.455 Y-44.689 Z25.462 E1253.05966
G1 X-20.709 Y-46.025 Z25.471 E1254.49574
G1 X-17.893 Y-47.192 Z25.481 E1255.92922
G1 X-15.019 Y-48.184 Z25.49 E1257.35901
G1 X-12.083 Y-49.002 Z25.5 E1258.7923
;TIME_ELAPSED:326.016699
;LAYER:25
;TYPE:WALL-OUTER
;MESH:sensory_obj_2_Body1.stl
G1 X-9.092 Y-49.645 Z25.51 E1260.231
G1 X-6.084 Y-50.102 Z25.519 E1261.6618
G1 X-3.039 Y-50.379 Z25.529 E1263.09967
G1 X0.00 Y-50.471 Z25.538 E1264.52946
G1 X3.039 Y-50.379 Z25.548 E1265.95926
G1 X6.084 Y-50.102 Z25.558 E1267.39713
G1 X9.092 Y-49.645 Z25.567 E1268.82792
G1 X12.082 Y-49.002 Z25.577 E1270.26617
G1 X15.018 Y-48.184 Z25.587 E1271.69946
G1 X17.894 Y-47.192 Z25.596 E1273.13013
G1 X20.709 Y-46.025 Z25.606 E1274.56318
G1 X23.455 Y-44.689 Z25.615 E1275.99926
G1 X26.115 Y-43.188 Z25.625 E1277.43558
G1 X28.673 Y-41.534 Z25.635 E1278.86809
G1 X31.13 Y-39.727 Z25.644 E1280.30237
G1 X33.466 Y-37.78 Z25.654 E1281.73245
G1 X35.688 Y-35.688 Z25.663 E1283.16763
G1 X37.78 Y-33.466 Z25.673 E1284.60281
G1 X39.727 Y-31.13 Z25.683 E1286.03289
G1 X41.537 Y-28.669 Z25.692 E1287.46952
G1 X43.186 Y-26.12 Z25.702 E1288.8972
G1 X44.689 Y-23.455 Z25.712 E1290.33603
G1 X46.025 Y-20.709 Z25.721 E1291.77211
G1 X47.192 Y-17.893 Z25.731 E1293.20559
G1 X48.184 Y-15.019 Z25.74 E1294.63538
G1 X49.002 Y-12.083 Z25.75 E1296.06867
G1 X49.645 Y-9.092 Z25.76 E1297.50737
G1 X50.102 Y-6.084 Z25.769 E1298.93816
G1 X50.379 Y-3.039 Z25.779 E1300.37604
G1 X50.471 Y0.00 Z25.788 E1301.80583
G1 X50.379 Y3.039 Z25.798 E1303.23563
G1 X50.102 Y6.084 Z25.808 E1304.6735
G1 X49.645 Y9.092 Z25.817 E1306.10429
G1 X49.002 Y12.083 Z25.827 E1307.54299
G1 X48.184 Y15.019 Z25.837 E1308.97628
G1 X47.192 Y17.893 Z25.846 E1310.40607
G1 X46.025 Y20.709 Z25.856 E1311.83956
G1 X44.689 Y23.455 Z25.865 E1313.27563
G1 X43.186 Y26.12 Z25.875 E1314.71447
G1 X41.537 Y28.669 Z25.885 E1316.14214
G1 X39.727 Y31.13 Z25.894 E1317.57877
G1 X37.78 Y33.466 Z25.904 E1319.00885
G1 X35.688 Y35.688 Z25.913 E1320.44403
G1 X33.466 Y37.78 Z25.923 E1321.87921
G1 X31.13 Y39.727 Z25.933 E1323.30929
G1 X28.673 Y41.534 Z25.942 E1324.74357
G1 X26.115 Y43.188 Z25.952 E1326.17608
G1 X23.455 Y44.689 Z25.962 E1327.6124
G1 X20.709 Y46.025 Z25.971 E1329.04848
G1 X17.894 Y47.192 Z25.981 E1330.48153
G1 X15.018 Y48.184 Z25.99 E1331.91221
G1 X12.082 Y49.002 Z26 E1333.3455
G1 X9.092 Y49.645 Z26.01 E1334.78374
G1 X6.084 Y50.102 Z26.019 E1336.21453
G1 X3.039 Y50.379 Z26.029 E1337.65241
G1 X0.00 Y50.471 Z26.038 E1339.0822
G1 X-3.039 Y50.379 Z26.048 E1340.51199
G1 X-6.084 Y50.102 Z26.058 E1341.94987
G1 X-9.092 Y49.645 Z26.067 E1343.38066
G1 X-12.083 Y49.002 Z26.077 E1344.81936
G1 X-15.019 Y48.184 Z26.087 E1346.25265
G1 X-17.893 Y47.192 Z26.096 E1347.68244
G1 X-20.709 Y46.025 Z26.106 E1349.11592
G1 X-23.455 Y44.689 Z26.115 E1350.552
G1 X-26.12 Y43.186 Z26.125 E1351.99083
G1 X-28.669 Y41.537 Z26.135 E1353.41851
G1 X-31.13 Y39.727 Z26.144 E1354.85514
G1 X-33.466 Y37.78 Z26.154 E1356.28522
G1 X-35.688 Y35.688 Z26.163 E1357.7204
G1 X-37.78 Y33.466 Z26.173 E1359.15558
G1 X-39.727 Y31.13 Z26.183 E1360.58566
G1 X-41.537 Y28.669 Z26.192 E1362.02229
G1 X-43.186 Y26.12 Z26.202 E1363.44997
G1 X-44.689 Y23.455 Z26.212 E1364.8888
G1 X-46.025 Y20.709 Z26.221 E1366.32488
G1 X-47.192 Y17.893 Z26.231 E1367.75836
G1 X-48.184 Y15.019 Z26.24 E1369.18815
G1 X-49.002 Y12.083 Z26.25 E1370.62144
G1 X-49.645 Y9.092 Z26.26 E1372.06014
G1 X-50.102 Y6.084 Z26.269 E1373.49093
G1 X-50.379 Y3.039 Z26.279 E1374.92881
G1 X-50.471 Y0.00 Z26.288 E1376.3586
G1 X-50.379 Y-3.039 Z26.298 E1377.7884
G1 X-50.102 Y-6.084 Z26.308 E1379.22627
G1 X-49.645 Y-9.092 Z26.317 E1380.65706
G1 X-49.002 Y-12.083 Z26.327 E1382.09576
G1 X-48.184 Y-15.019 Z26.337 E1383.52905
G1 X-47.192 Y-17.893 Z26.346 E1384.95884
G1 X-46.025 Y-20.709 Z26.356 E1386.39233
G1 X-44.689 Y-23.455 Z26.365 E1387.8284
G1 X-43.186 Y-26.12 Z26.375 E1389.26724
G1 X-41.537 Y-28.669 Z26.385 E1390.69491
G1 X-39.727 Y-31.13 Z26.394 E1392.13154
G1 X-37.78 Y-33.466 Z26.404 E1393.56162
G1 X-35.688 Y-35.688 Z26.413 E1394.9968
G1 X-33.466 Y-37.78 Z26.423 E1396.43198
G1 X-31.13 Y-39.727 Z26.433 E1397.86206
G1 X-28.669 Y-41.537 Z26.442 E1399.2987
G1 X-26.12 Y-43.186 Z26.452 E1400.72637
G1 X-23.455 Y-44.689 Z26.462 E1402.1652
G1 X-20.709 Y-46.025 Z26.471 E1403.60128
G1 X-17.893 Y-47.192 Z26.481 E1405.03476
G1 X-15.019 Y-48.184 Z26.49 E1406.46455
G1 X-12.083 Y-49.002 Z26.5 E1407.89784
;TIME_ELAPSED:332.369933
;LAYER:26
;TYPE:WALL-OUTER
;MESH:sensory_obj_2_Body1.stl
G1 X-9.092 Y-49.645 Z26.51 E1409.33654
G1 X-6.084 Y-50.102 Z26.519 E1410.76734
G1 X-3.039 Y-50.379 Z26.529 E1412.20521
G1 X0.00 Y-50.471 Z26.538 E1413.635
G1 X3.039 Y-50.379 Z26.548 E1415.0648
G1 X6.084 Y-50.102 Z26.558 E1416.50267
G1 X9.092 Y-49.645 Z26.567 E1417.93347
G1 X12.082 Y-49.002 Z26.577 E1419.37171
G1 X15.018 Y-48.184 Z26.587 E1420.805
G1 X17.894 Y-47.192 Z26.596 E1422.23568
G1 X20.709 Y-46.025 Z26.606 E1423.66872
G1 X23.455 Y-44.689 Z26.615 E1425.1048
G1 X26.115 Y-43.188 Z26.625 E1426.54112
G1 X28.673 Y-41.534 Z26.635 E1427.97363
G1 X31.13 Y-39.727 Z26.644 E1429.40791
G1 X33.466 Y-37.78 Z26.654 E1430.83799
G1 X35.688 Y-35.688 Z26.663 E1432.27317
G1 X37.78 Y-33.466 Z26.673 E1433.70835
G1 X39.727 Y-31.13 Z26.683 E1435.13843
G1 X41.537 Y-28.669 Z26.692 E1436.57506
G1 X43.186 Y-26.12 Z26.702 E1438.00274
G1 X44.689 Y-23.455 Z26.712 E1439.44157
G1 X46.025 Y-20.709 Z26.721 E1440.87765
G1 X47.192 Y-17.893 Z26.731 E1442.31113
G1 X48.184 Y-15.019 Z26.74 E1443.74092
G1 X49.002 Y-12.083 Z26.75 E1445.17421
G1 X49.645 Y-9.092 Z26.76 E1446.61291
G1 X50.102 Y-6.084 Z26.769 E1448.0437
G1 X50.379 Y-3.039 Z26.779 E1449.48158
G1 X50.471 Y0.00 Z26.788 E1450.91137
G1 X50.379 Y3.039 Z26.798 E1452.34117
G1 X50.102 Y6.084 Z26.808 E1453.77904
G1 X49.645 Y9.092 Z26.817 E1455.20983
G1 X49.002 Y12.083 Z26.827 E1456.64854
G1 X48.184 Y15.019 Z26.837 E1458.08182
G1 X47.192 Y17.893 Z26.846 E1459.51161
G1 X46.025 Y20.709 Z26.856 E1460.9451
G1 X44.689 Y23.455 Z26.865 E1462.38117
G1 X43.186 Y26.12 Z26.875 E1463.82001
G1 X41.537 Y28.669 Z26.885 E1465.24768
G1 X39.727 Y31.13 Z26.894 E1466.68431
G1 X37.78 Y33.466 Z26.904 E1468.1144
G1 X35.688 Y35.688 Z26.913 E1469.54957
G1 X33.466 Y37.78 Z26.923 E1470.98475
G1 X31.13 Y39.727 Z26.933 E1472.41483
G1 X28.673 Y41.534 Z26.942 E1473.84912
G1 X26.115 Y43.188 Z26.952 E1475.28162
G1 X23.455 Y44.689 Z26.962 E1476.71794
G1 X20.709 Y46.025 Z26.971 E1478.15402
G1 X17.894 Y47.192 Z26.981 E1479.58707
G1 X15.018 Y48.184 Z26.99 E1481.01775
G1 X12.082 Y49.002 Z27 E1482.45104
G1 X9.092 Y49.645 Z27.01 E1483.88928
G1 X6.084 Y50.102 Z27.019 E1485.32007
G1 X3.039 Y50.379 Z27.029 E1486.75795
G1 X0.00 Y50.471 Z27.038 E1488.18774
G1 X-3.039 Y50.379 Z27.048 E1489.61753
G1 X-6.084 Y50.102 Z27.058 E1491.05541
G1 X-9.092 Y49.645 Z27.067 E1492.4862
G1 X-12.083 Y49.002 Z27.077 E1493.9249
G1 X-15.019 Y48.184 Z27.087 E1495.35819
G1 X-17.893 Y47.192 Z27.096 E1496.78798
G1 X-20.709 Y46.025 Z27.106 E1498.22146
G1 X-23.455 Y44.689 Z27.115 E1499.65754
G1 X-26.12 Y43.186 Z27.125 E1501.09637
G1 X-28.669 Y41.537 Z27.135 E1502.52405
G1 X-31.13 Y39.727 Z27.144 E1503.96068
G1 X-33.466 Y37.78 Z27.154 E1505.39076
G1 X-35.688 Y35.688 Z27.163 E1506.82594
G1 X-37.78 Y33.466 Z27.173 E1508.26112
G1 X-39.727 Y31.13 Z27.183 E1509.6912
G1 X-41.537 Y28.669 Z27.192 E1511.12783
G1 X-43.186 Y26.12 Z27.202 E1512.55551
G1 X-44.689 Y23.455 Z27.212 E1513.99434
G1 X-46.025 Y20.709 Z27.221 E1515.43042
G1 X-47.192 Y17.893 Z27.231 E1516.8639
G1 X-48.184 Y15.019 Z27.24 E1518.29369
G1 X-49.002 Y12.083 Z27.25 E1519.72698
G1 X-49.645 Y9.092 Z27.26 E1521.16568
G1 X-50.102 Y6.084 Z27.269 E1522.59648
G1 X-50.379 Y3.039 Z27.279 E1524.03435
G1 X-50.471 Y0.00 Z27.288 E1525.46414
G1 X-50.379 Y-3.039 Z27.298 E1526.89394
G1 X-50.102 Y-6.084 Z27.308 E1528.33181
G1 X-49.645 Y-9.092 Z27.317 E1529.7626
G1 X-49.002 Y-12.083 Z27.327 E1531.20131
G1 X-48.184 Y-15.019 Z27.337 E1532.63459
G1 X-47.192 Y-17.893 Z27.346 E1534.06438
G1 X-46.025 Y-20.709 Z27.356 E1535.49787
G1 X-44.689 Y-23.455 Z27.365 E1536.93394
G1 X-43.186 Y-26.12 Z27.375 E1538.37278
G1 X-41.537 Y-28.669 Z27.385 E1539.80045
G1 X-39.727 Y-31.13 Z27.394 E1541.23708
G1 X-37.78 Y-33.466 Z27.404 E1542.66717
G1 X-35.688 Y-35.688 Z27.413 E1544.10234
G1 X-33.466 Y-37.78 Z27.423 E1545.53752
G1 X-31.13 Y-39.727 Z27.433 E1546.96761
G1 X-28.669 Y-41.537 Z27.442 E1548.40424
G1 X-26.12 Y-43.186 Z27.452 E1549.83191
G1 X-23.455 Y-44.689 Z27.462 E1551.27075
G1 X-20.709 Y-46.025 Z27.471 E1552.70682
G1 X-17.893 Y-47.192 Z27.481 E1554.14031
G1 X-15.019 Y-48.184 Z27.49 E1555.57009
G1 X-12.083 Y-49.002 Z27.5 E1557.00338
;TIME_ELAPSED:338.723167
;LAYER:27
;TYPE:WALL-OUTER
;MESH:sensory_obj_2_Body1.stl
G1 X-9.092 Y-49.645 Z27.51 E1558.44209
G1 X-6.084 Y-50.102 Z27.519 E1559.87288
G1 X-3.039 Y-50.379 Z27.529 E1561.31075
G1 X0.00 Y-50.471 Z27.538 E1562.74055
G1 X3.039 Y-50.379 Z27.548 E1564.17034
G1 X6.084 Y-50.102 Z27.558 E1565.60821
G1 X9.092 Y-49.645 Z27.567 E1567.03901
G1 X12.082 Y-49.002 Z27.577 E1568.47725
G92 E0
G1 X15.018 Y-48.184 Z27.587 E1.43329
G1 X17.894 Y-47.192 Z27.596 E2.86397
G1 X20.709 Y-46.025 Z27.606 E4.29702
G1 X23.455 Y-44.689 Z27.615 E5.73309
G1 X26.115 Y-43.188 Z27.625 E7.16942
G1 X28.673 Y-41.534 Z27.635 E8.60192
G1 X31.13 Y-39.727 Z27.644 E10.0362
G1 X33.466 Y-37.78 Z27.654 E11.46628
G1 X35.688 Y-35.688 Z27.663 E12.90146
G1 X37.78 Y-33.466 Z27.673 E14.33664
G1 X39.727 Y-31.13 Z27.683 E15.76672
G1 X41.537 Y-28.669 Z27.692 E17.20336
G1 X43.186 Y-26.12 Z27.702 E18.63103
G1 X44.689 Y-23.455 Z27.712 E20.06986
G1 X46.025 Y-20.709 Z27.721 E21.50594
G1 X47.192 Y-17.893 Z27.731 E22.93942
G1 X48.184 Y-15.019 Z27.74 E24.36921
G1 X49.002 Y-12.083 Z27.75 E25.8025
G1 X49.645 Y-9.092 Z27.76 E27.2412
G1 X50.102 Y-6.084 Z27.769 E28.672
G1 X50.379 Y-3.039 Z27.779 E30.10987
G1 X50.471 Y0.00 Z27.788 E31.53966
G1 X50.379 Y3.039 Z27.798 E32.96946
G1 X50.102 Y6.084 Z27.808 E34.40733
G1 X49.645 Y9.092 Z27.817 E35.83812
G1 X49.002 Y12.083 Z27.827 E37.27683
G1 X48.184 Y15.019 Z27.837 E38.71012
G1 X47.192 Y17.893 Z27.846 E40.13991
G1 X46.025 Y20.709 Z27.856 E41.57339
G1 X44.689 Y23.455 Z27.865 E43.00946
G1 X43.186 Y26.12 Z27.875 E44.4483
G1 X41.537 Y28.669 Z27.885 E45.87597
G1 X39.727 Y31.13 Z27.894 E47.3126
G1 X37.78 Y33.466 Z27.904 E48.74269
G1 X35.688 Y35.688 Z27.913 E50.17787
G1 X33.466 Y37.78 Z27.923 E51.61304
G1 X31.13 Y39.727 Z27.933 E53.04313
G1 X28.673 Y41.534 Z27.942 E54.47741
G1 X26.115 Y43.188 Z27.952 E55.90991
G1 X23.455 Y44.689 Z27.962 E57.34624
G1 X20.709 Y46.025 Z27.971 E58.78231
G1 X17.894 Y47.192 Z27.981 E60.21536
G1 X15.018 Y48.184 Z27.99 E61.64604
G1 X12.082 Y49.002 Z28 E63.07933
G1 X9.092 Y49.645 Z28.01 E64.51757
G1 X6.084 Y50.102 Z28.019 E65.94836
G1 X3.039 Y50.379 Z28.029 E67.38624
G1 X0.00 Y50.471 Z28.038 E68.81603
G1 X-3.039 Y50.379 Z28.048 E70.24583
G1 X-6.084 Y50.102 Z28.058 E71.6837
G1 X-9.092 Y49.645 Z28.067 E73.11449
G1 X-12.083 Y49.002 Z28.077 E74.55319
G1 X-15.019 Y48.184 Z28.087 E75.98648
G1 X-17.893 Y47.192 Z28.096 E77.41627
G1 X-20.709 Y46.025 Z28.106 E78.84976
G1 X-23.455 Y44.689 Z28.115 E80.28583
G1 X-26.12 Y43.186 Z28.125 E81.72467
G1 X-28.669 Y41.537 Z28.135 E83.15234
G1 X-31.13 Y39.727 Z28.144 E84.58897
G1 X-33.466 Y37.78 Z28.154 E86.01905
G1 X-35.688 Y35.688 Z28.163 E87.45423
G1 X-37.78 Y33.466 Z28.173 E88.88941
G1 X-39.727 Y31.13 Z28.183 E90.31949
G1 X-41.537 Y28.669 Z28.192 E91.75613
G1 X-43.186 Y26.12 Z28.202 E93.1838
G1 X-44.689 Y23.455 Z28.212 E94.62263
G1 X-46.025 Y20.709 Z28.221 E96.05871
G1 X-47.192 Y17.893 Z28.231 E97.49219
G1 X-48.184 Y15.019 Z28.24 E98.92198
G1 X-49.002 Y12.083 Z28.25 E100.35527
G1 X-49.645 Y9.092 Z28.26 E101.79397
G1 X-50.102 Y6.084 Z28.269 E103.22477
G1 X-50.379 Y3.039 Z28.279 E104.66264
G1 X-50.471 Y0.00 Z28.288 E106.09243
G1 X-50.379 Y-3.039 Z28.298 E107.52223
G1 X-50.102 Y-6.084 Z28.308 E108.9601
G1 X-49.645 Y-9.092 Z28.317 E110.3909
G1 X-49.002 Y-12.083 Z28.327 E111.8296
G1 X-48.184 Y-15.019 Z28.337 E113.26289
G1 X-47.192 Y-17.893 Z28.346 E114.69268
G1 X-46.025 Y-20.709 Z28.356 E116.12616
G1 X-44.689 Y-23.455 Z28.365 E117.56224
G1 X-43.186 Y-26.12 Z28.375 E119.00107
G1 X-41.537 Y-28.669 Z28.385 E120.42874
G1 X-39.727 Y-31.13 Z28.394 E121.86538
G1 X-37.78 Y-33.466 Z28.404 E123.29546
G1 X-35.688 Y-35.688 Z28.413 E124.73064
G1 X-33.466 Y-37.78 Z28.423 E126.16582
G1 X-31.13 Y-39.727 Z28.433 E127.5959
G1 X-28.669 Y-41.537 Z28.442 E129.03253
G1 X-26.12 Y-43.186 Z28.452 E130.4602
G1 X-23.455 Y-44.689 Z28.462 E131.89904
G1 X-20.709 Y-46.025 Z28.471 E133.33511
G1 X-17.893 Y-47.192 Z28.481 E134.7686
G1 X-15.019 Y-48.184 Z28.49 E136.19839
G1 X-12.083 Y-49.002 Z28.5 E137.63168
;TIME_ELAPSED:345.093895
;LAYER:28
;TYPE:WALL-OUTER
;MESH:sensory_obj_2_Body1.stl
G1 X-9.092 Y-49.645 Z28.51 E139.07038
G1 X-6.084 Y-50.102 Z28.519 E140.50117
G1 X-3.039 Y-50.379 Z28.529 E141.93904
G1 X0.00 Y-50.471 Z28.538 E143.36884
G1 X3.039 Y-50.379 Z28.548 E144.79863
G1 X6.084 Y-50.102 Z28.558 E146.23651
G1 X9.092 Y-49.645 Z28.567 E147.6673
G1 X12.082 Y-49.002 Z28.577 E149.10554
G1 X15.018 Y-48.184 Z28.587 E150.53883
G1 X17.894 Y-47.192 Z28.596 E151.96951
G1 X20.709 Y-46.025 Z28.606 E153.40256
G1 X23.455 Y-44.689 Z28.615 E154.83863
G1 X26.115 Y-43.188 Z28.625 E156.27496
G1 X28.673 Y-41.534 Z28.635 E157.70746
G1 X31.13 Y-39.727 Z28.644 E159.14174
G1 X33.466 Y-37.78 Z28.654 E160.57182
G1 X35.688 Y-35.688 Z28.663 E162.007
G1 X37.78 Y-33.466 Z28.673 E163.44218
G1 X39.727 Y-31.13 Z28.683 E164.87226
G1 X41.537 Y-28.669 Z28.692 E166.3089
G1 X43.186 Y-26.12 Z28.702 E167.73657
G1 X44.689 Y-23.455 Z28.712 E169.1754
G1 X46.025 Y-20.709 Z28.721 E170.61148
G1 X47.192 Y-17.893 Z28.731 E172.04496
G1 X48.184 Y-15.019 Z28.74 E173.47475
G1 X49.002 Y-12.083 Z28.75 E174.90804
G1 X49.645 Y-9.092 Z28.76 E176.34674
G1 X50.102 Y-6.084 Z28.769 E177.77754
G1 X50.379 Y-3.039 Z28.779 E179.21541
G1 X50.471 Y0.00 Z28.788 E180.6452
G1 X50.379 Y3.039 Z28.798 E182.075
G1 X50.102 Y6.084 Z28.808 E183.51287
G1 X49.645 Y9.092 Z28.817 E184.94367
G1 X49.002 Y12.083 Z28.827 E186.38237
G1 X48.184 Y15.019 Z28.837 E187.81566
G1 X47.192 Y17.893 Z28.846 E189.24545
G1 X46.025 Y20.709 Z28.856 E190.67893
G1 X44.689 Y23.455 Z28.865 E192.11501
G1 X43.186 Y26.12 Z28.875 E193.55384
G1 X41.537 Y28.669 Z28.885 E194.98151
G1 X39.727 Y31.13 Z28.894 E196.41815
G1 X37.78 Y33.466 Z28.904 E197.84823
G1 X35.688 Y35.688 Z28.913 E199.28341
G1 X33.466 Y37.78 Z28.923 E200.71859
G1 X31.13 Y39.727 Z28.933 E202.14867
G1 X28.673 Y41.534 Z28.942 E203.58295
G1 X26.115 Y43.188 Z28.952 E205.01545
G1 X23.455 Y44.689 Z28.962 E206.45178
G1 X20.709 Y46.025 Z28.971 E207.88785
G1 X17.894 Y47.192 Z28.981 E209.3209
G1 X15.018 Y48.184 Z28.99 E210.75158
G1 X12.082 Y49.002 Z29 E212.18487
G1 X9.092 Y49.645 Z29.01 E213.62311
G1 X6.084 Y50.102 Z29.019 E215.0539
G1 X3.039 Y50.379 Z29.029 E216.49178
G1 X0.00 Y50.471 Z29.038 E217.92157
G1 X-3.039 Y50.379 Z29.048 E219.35137
G1 X-6.084 Y50.102 Z29.058 E220.78924
G1 X-9.092 Y49.645 Z29.067 E222.22003
G1 X-12.083 Y49.002 Z29.077 E223.65874
G1 X-15.019 Y48.184 Z29.087 E225.09202
G1 X-17.893 Y47.192 Z29.096 E226.52181
G1 X-20.709 Y46.025 Z29.106 E227.9553
G1 X-23.455 Y44.689 Z29.115 E229.39137
G1 X-26.12 Y43.186 Z29.125 E230.83021
G1 X-28.669 Y41.537 Z29.135 E232.25788
G1 X-31.13 Y39.727 Z29.144 E233.69451
G1 X-33.466 Y37.78 Z29.154 E235.1246
G1 X-35.688 Y35.688 Z29.163 E236.55977
G1 X-37.78 Y33.466 Z29.173 E237.99495
G1 X-39.727 Y31.13 Z29.183 E239.42504
G1 X-41.537 Y28.669 Z29.192 E240.86167
G1 X-43.186 Y26.12 Z29.202 E242.28934
G1 X-44.689 Y23.455 Z29.212 E243.72818
G1 X-46.025 Y20.709 Z29.221 E245.16425
G1 X-47.192 Y17.893 Z29.231 E246.59773
G1 X-48.184 Y15.019 Z29.24 E248.02752
G1 X-49.002 Y12.083 Z29.25 E249.46081
G1 X-49.645 Y9.092 Z29.26 E250.89952
G1 X-50.102 Y6.084 Z29.269 E252.33031
G1 X-50.379 Y3.039 Z29.279 E253.76818
G1 X-50.471 Y0.00 Z29.288 E255.19797
G1 X-50.379 Y-3.039 Z29.298 E256.62777
G1 X-50.102 Y-6.084 Z29.308 E258.06564
G1 X-49.645 Y-9.092 Z29.317 E259.49644
G1 X-49.002 Y-12.083 Z29.327 E260.93514
G1 X-48.184 Y-15.019 Z29.337 E262.36843
G1 X-47.192 Y-17.893 Z29.346 E263.79822
G1 X-46.025 Y-20.709 Z29.356 E265.2317
G1 X-44.689 Y-23.455 Z29.365 E266.66778
G1 X-43.186 Y-26.12 Z29.375 E268.10661
G1 X-41.537 Y-28.669 Z29.385 E269.53428
G1 X-39.727 Y-31.13 Z29.394 E270.97092
G1 X-37.78 Y-33.466 Z29.404 E272.401
G1 X-35.688 Y-35.688 Z29.413 E273.83618
G1 X-33.466 Y-37.78 Z29.423 E275.27136
G1 X-31.13 Y-39.727 Z29.433 E276.70144
G1 X-28.669 Y-41.537 Z29.442 E278.13807
G1 X-26.12 Y-43.186 Z29.452 E279.56574
G1 X-23.455 Y-44.689 Z29.462 E281.00458
G1 X-20.709 Y-46.025 Z29.471 E282.44065
G1 X-17.893 Y-47.192 Z29.481 E283.87414
G1 X-15.019 Y-48.184 Z29.49 E285.30393
G1 X-12.083 Y-49.002 Z29.5 E286.73722
;TIME_ELAPSED:351.447129
;LAYER:29
;TYPE:WALL-OUTER
;MESH:sensory_obj_2_Body1.stl
G1 X-9.092 Y-49.645 Z29.51 E288.17592
G1 X-6.084 Y-50.102 Z29.519 E289.60671
G1 X-3.039 Y-50.379 Z29.529 E291.04458
G1 X0.00 Y-50.471 Z29.538 E292.47438
G1 X3.039 Y-50.379 Z29.548 E293.90417
G1 X6.084 Y-50.102 Z29.558 E295.34205
G1 X9.092 Y-49.645 Z29.567 E296.77284
G1 X12.082 Y-49.002 Z29.577 E298.21108
G1 X15.018 Y-48.184 Z29.587 E299.64437
G1 X17.894 Y-47.192 Z29.596 E301.07505
G1 X20.709 Y-46.025 Z29.606 E302.5081
G1 X23.455 Y-44.689 Z29.615 E303.94417
G1 X26.115 Y-43.188 Z29.625 E305.3805
G1 X28.673 Y-41.534 Z29.635 E306.813
G1 X31.13 Y-39.727 Z29.644 E308.24728
G1 X33.466 Y-37.78 Z29.654 E309.67737
G1 X35.688 Y-35.688 Z29.663 E311.11254
G1 X37.78 Y-33.466 Z29.673 E312.54772
G1 X39.727 Y-31.13 Z29.683 E313.97781
G1 X41.537 Y-28.669 Z29.692 E315.41444
G1 X43.186 Y-26.12 Z29.702 E316.84211
G1 X44.689 Y-23.455 Z29.712 E318.28095
G1 X46.025 Y-20.709 Z29.721 E319.71702
G1 X47.192 Y-17.893 Z29.731 E321.15051
G1 X48.184 Y-15.019 Z29.74 E322.58029
G1 X49.002 Y-12.083 Z29.75 E324.01358
G1 X49.645 Y-9.092 Z29.76 E325.45229
G1 X50.102 Y-6.084 Z29.769 E326.88308
G1 X50.379 Y-3.039 Z29.779 E328.32095
G1 X50.471 Y0.00 Z29.788 E329.75075
G1 X50.379 Y3.039 Z29.798 E331.18054
G1 X50.102 Y6.084 Z29.808 E332.61841
G1 X49.645 Y9.092 Z29.817 E334.04921
G1 X49.002 Y12.083 Z29.827 E335.48791
G1 X48.184 Y15.019 Z29.837 E336.9212
G1 X47.192 Y17.893 Z29.846 E338.35099
G1 X46.025 Y20.709 Z29.856 E339.78447
G1 X44.689 Y23.455 Z29.865 E341.22055
G1 X43.186 Y26.12 Z29.875 E342.65938
G1 X41.537 Y28.669 Z29.885 E344.08706
G1 X39.727 Y31.13 Z29.894 E345.52369
G1 X37.78 Y33.466 Z29.904 E346.95377
G1 X35.688 Y35.688 Z29.913 E348.38895
G1 X33.466 Y37.78 Z29.923 E349.82413
G1 X31.13 Y39.727 Z29.933 E351.25421
G1 X28.673 Y41.534 Z29.942 E352.68849
G1 X26.115 Y43.188 Z29.952 E354.12099
G1 X23.455 Y44.689 Z29.962 E355.55732
G1 X20.709 Y46.025 Z29.971 E356.99339
G1 X17.894 Y47.192 Z29.981 E358.42644
G1 X15.018 Y48.184 Z29.99 E359.85712
G1 X12.082 Y49.002 Z30 E361.29041
G1 X9.092 Y49.645 Z30.01 E362.72865
G1 X6.084 Y50.102 Z30.019 E364.15945
G1 X3.039 Y50.379 Z30.029 E365.59732
G1 X0.00 Y50.471 Z30.038 E367.02711
G1 X-3.039 Y50.379 Z30.048 E368.45691
G1 X-6.084 Y50.102 Z30.058 E369.89478
G1 X-9.092 Y49.645 Z30.067 E371.32557
G1 X-12.083 Y49.002 Z30.077 E372.76428
G1 X-15.019 Y48.184 Z30.087 E374.19756
G1 X-17.893 Y47.192 Z30.096 E375.62735
G1 X-20.709 Y46.025 Z30.106 E377.06084
G1 X-23.455 Y44.689 Z30.115 E378.49691
G1 X-26.12 Y43.186 Z30.125 E379.93575
G1 X-28.669 Y41.537 Z30.135 E381.36342
G1 X-31.13 Y39.727 Z30.144 E382.80005
G1 X-33.466 Y37.78 Z30.154 E384.23014
G1 X-35.688 Y35.688 Z30.163 E385.66531
G1 X-37.78 Y33.466 Z30.173 E387.10049
G1 X-39.727 Y31.13 Z30.183 E388.53058
G1 X-41.537 Y28.669 Z30.192 E389.96721
G1 X-43.186 Y26.12 Z30.202 E391.39488
G1 X-44.689 Y23.455 Z30.212 E392.83372
G1 X-46.025 Y20.709 Z30.221 E394.26979
G1 X-47.192 Y17.893 Z30.231 E395.70328
G1 X-48.184 Y15.019 Z30.24 E397.13307
G1 X-49.002 Y12.083 Z30.25 E398.56635
G1 X-49.645 Y9.092 Z30.26 E400.00506
G1 X-50.102 Y6.084 Z30.269 E401.43585
G1 X-50.379 Y3.039 Z30.279 E402.87372
G1 X-50.471 Y0.00 Z30.288 E404.30352
G1 X-50.379 Y-3.039 Z30.298 E405.73331
G1 X-50.102 Y-6.084 Z30.308 E407.17118
G1 X-49.645 Y-9.092 Z30.317 E408.60198
G1 X-49.002 Y-12.083 Z30.327 E410.04068
G1 X-48.184 Y-15.019 Z30.337 E411.47397
G1 X-47.192 Y-17.893 Z30.346 E412.90376
G1 X-46.025 Y-20.709 Z30.356 E414.33724
G1 X-44.689 Y-23.455 Z30.365 E415.77332
G1 X-43.186 Y-26.12 Z30.375 E417.21215
G1 X-41.537 Y-28.669 Z30.385 E418.63983
G1 X-39.727 Y-31.13 Z30.394 E420.07646
G1 X-37.78 Y-33.466 Z30.404 E421.50654
G1 X-35.688 Y-35.688 Z30.413 E422.94172
G1 X-33.466 Y-37.78 Z30.423 E424.3769
G1 X-31.13 Y-39.727 Z30.433 E425.80698
G1 X-28.669 Y-41.537 Z30.442 E427.24361
G1 X-26.12 Y-43.186 Z30.452 E428.67129
G1 X-23.455 Y-44.689 Z30.462 E430.11012
G1 X-20.709 Y-46.025 Z30.471 E431.5462
G1 X-17.893 Y-47.192 Z30.481 E432.97968
G1 X-15.019 Y-48.184 Z30.49 E434.40947
G1 X-12.083 Y-49.002 Z30.5 E435.84276
;TIME_ELAPSED:357.800363
;LAYER:30
;TYPE:WALL-OUTER
;MESH:sensory_obj_2_Body1.stl
G1 X-9.092 Y-49.645 Z30.51 E437.28146
G1 X-6.084 Y-50.102 Z30.519 E438.71225
G1 X-3.039 Y-50.379 Z30.529 E440.15013
G1 X0.00 Y-50.471 Z30.538 E441.57992
G1 X3.039 Y-50.379 Z30.548 E443.00971
G1 X6.084 Y-50.102 Z30.558 E444.44759
G1 X9.092 Y-49.645 Z30.567 E445.87838
G1 X12.082 Y-49.002 Z30.577 E447.31662
G1 X15.018 Y-48.184 Z30.587 E448.74991
G1 X17.894 Y-47.192 Z30.596 E450.18059
G1 X20.709 Y-46.025 Z30.606 E451.61364
G1 X23.455 Y-44.689 Z30.615 E453.04971
G1 X26.115 Y-43.188 Z30.625 E454.48604
G1 X28.673 Y-41.534 Z30.635 E455.91854
G1 X31.13 Y-39.727 Z30.644 E457.35282
G1 X33.466 Y-37.78 Z30.654 E458.78291
G1 X35.688 Y-35.688 Z30.663 E460.21808
G1 X37.78 Y-33.466 Z30.673 E461.65326
G1 X39.727 Y-31.13 Z30.683 E463.08335
G1 X41.537 Y-28.669 Z30.692 E464.51998
G1 X43.186 Y-26.12 Z30.702 E465.94765
G1 X44.689 Y-23.455 Z30.712 E467.38649
G1 X46.025 Y-20.709 Z30.721 E468.82256
G1 X47.192 Y-17.893 Z30.731 E470.25605
G1 X48.184 Y-15.019 Z30.74 E471.68584
G1 X49.002 Y-12.083 Z30.75 E473.11912
G1 X49.645 Y-9.092 Z30.76 E474.55783
G1 X50.102 Y-6.084 Z30.769 E475.98862
G1 X50.379 Y-3.039 Z30.779 E477.42649
G1 X50.471 Y0.00 Z30.788 E478.85629
G1 X50.379 Y3.039 Z30.798 E480.28608
G1 X50.102 Y6.084 Z30.808 E481.72395
G1 X49.645 Y9.092 Z30.817 E483.15475
G1 X49.002 Y12.083 Z30.827 E484.59345
G1 X48.184 Y15.019 Z30.837 E486.02674
G1 X47.192 Y17.893 Z30.846 E487.45653
G1 X46.025 Y20.709 Z30.856 E488.89001
G1 X44.689 Y23.455 Z30.865 E490.32609
G1 X43.186 Y26.12 Z30.875 E491.76492
G1 X41.537 Y28.669 Z30.885 E493.1926
G1 X39.727 Y31.13 Z30.894 E494.62923
G1 X37.78 Y33.466 Z30.904 E496.05931
G1 X35.688 Y35.688 Z30.913 E497.49449
G1 X33.466 Y37.78 Z30.923 E498.92967
G1 X31.13 Y39.727 Z30.933 E500.35975
G1 X28.673 Y41.534 Z30.942 E501.79403
G1 X26.115 Y43.188 Z30.952 E503.22654
G1 X23.455 Y44.689 Z30.962 E504.66286
G1 X20.709 Y46.025 Z30.971 E506.09894
G1 X17.894 Y47.192 Z30.981 E507.53198
G1 X15.018 Y48.184 Z30.99 E508.96266
G1 X12.082 Y49.002 Z31 E510.39595
G1 X9.092 Y49.645 Z31.01 E511.83419
G1 X6.084 Y50.102 Z31.019 E513.26499
G1 X3.039 Y50.379 Z31.029 E514.70286
G1 X0.00 Y50.471 Z31.038 E516.13265
G1 X-3.039 Y50.379 Z31.048 E517.56245
G1 X-6.084 Y50.102 Z31.058 E519.00032
G1 X-9.092 Y49.645 Z31.067 E520.43111
G1 X-12.083 Y49.002 Z31.077 E521.86982
G1 X-15.019 Y48.184 Z31.087 E523.30311
G1 X-17.893 Y47.192 Z31.096 E524.73289
G1 X-20.709 Y46.025 Z31.106 E526.16638
G1 X-23.455 Y44.689 Z31.115 E527.60245
G1 X-26.12 Y43.186 Z31.125 E529.04129
G1 X-28.669 Y41.537 Z31.135 E530.46896
G1 X-31.13 Y39.727 Z31.144 E531.90559
G1 X-33.466 Y37.78 Z31.154 E533.33568
G1 X-35.688 Y35.688 Z31.163 E534.77085
G1 X-37.78 Y33.466 Z31.173 E536.20603
G1 X-39.727 Y31.13 Z31.183 E537.63612
G1 X-41.537 Y28.669 Z31.192 E539.07275
G1 X-43.186 Y26.12 Z31.202 E540.50042
G1 X-44.689 Y23.455 Z31.212 E541.93926
G1 X-46.025 Y20.709 Z31.221 E543.37533
G1 X-47.192 Y17.893 Z31.231 E544.80882
G1 X-48.184 Y15.019 Z31.24 E546.23861
G1 X-49.002 Y12.083 Z31.25 E547.67189
G1 X-49.645 Y9.092 Z31.26 E549.1106
G1 X-50.102 Y6.084 Z31.269 E550.54139
G1 X-50.379 Y3.039 Z31.279 E551.97926
G1 X-50.471 Y0.00 Z31.288 E553.40906
G1 X-50.379 Y-3.039 Z31.298 E554.83885
G1 X-50.102 Y-6.084 Z31.308 E556.27672
G1 X-49.645 Y-9.092 Z31.317 E557.70752
G1 X-49.002 Y-12.083 Z31.327 E559.14622
G1 X-48.184 Y-15.019 Z31.337 E560.57951
G1 X-47.192 Y-17.893 Z31.346 E562.0093
G1 X-46.025 Y-20.709 Z31.356 E563.44278
G1 X-44.689 Y-23.455 Z31.365 E564.87886
G1 X-43.186 Y-26.12 Z31.375 E566.31769
G1 X-41.537 Y-28.669 Z31.385 E567.74537
G1 X-39.727 Y-31.13 Z31.394 E569.182
G1 X-37.78 Y-33.466 Z31.404 E570.61208
G1 X-35.688 Y-35.688 Z31.413 E572.04726
G1 X-33.466 Y-37.78 Z31.423 E573.48244
G1 X-31.13 Y-39.727 Z31.433 E574.91252
G1 X-28.669 Y-41.537 Z31.442 E576.34915
G1 X-26.12 Y-43.186 Z31.452 E577.77683
G1 X-23.455 Y-44.689 Z31.462 E579.21566
G1 X-20.709 Y-46.025 Z31.471 E580.65174
G1 X-17.893 Y-47.192 Z31.481 E582.08522
G1 X-15.019 Y-48.184 Z31.49 E583.51501
G1 X-12.083 Y-49.002 Z31.5 E584.9483
;TIME_ELAPSED:364.153597
;LAYER:31
;TYPE:WALL-OUTER
;MESH:sensory_obj_2_Body1.stl
G1 X-9.092 Y-49.645 Z31.51 E586.387
G1 X-6.084 Y-50.102 Z31.519 E587.81779
G1 X-3.039 Y-50.379 Z31.529 E589.25567
G1 X0.00 Y-50.471 Z31.538 E590.68546
G1 X3.039 Y-50.379 Z31.548 E592.11525
G1 X6.084 Y-50.102 Z31.558 E593.55313
G1 X9.092 Y-49.645 Z31.567 E594.98392
G1 X12.082 Y-49.002 Z31.577 E596.42216
G1 X15.018 Y-48.184 Z31.587 E597.85545
G1 X17.894 Y-47.192 Z31.596 E599.28613
G1 X20.709 Y-46.025 Z31.606 E600.71918
G1 X23.455 Y-44.689 Z31.615 E602.15526
G1 X26.115 Y-43.188 Z31.625 E603.59158
G1 X28.673 Y-41.534 Z31.635 E605.02408
G1 X31.13 Y-39.727 Z31.644 E606.45837
G1 X33.466 Y-37.78 Z31.654 E607.88845
G1 X35.688 Y-35.688 Z31.663 E609.32363
G1 X37.78 Y-33.466 Z31.673 E610.7588
G1 X39.727 Y-31.13 Z31.683 E612.18889
G1 X41.537 Y-28.669 Z31.692 E613.62552
G1 X43.186 Y-26.12 Z31.702 E615.05319
G1 X44.689 Y-23.455 Z31.712 E616.49203
G1 X46.025 Y-20.709 Z31.721 E617.9281
G1 X47.192 Y-17.893 Z31.731 E619.36159
G1 X48.184 Y-15.019 Z31.74 E620.79138
G1 X49.002 Y-12.083 Z31.75 E622.22466
G1 X49.645 Y-9.092 Z31.76 E623.66337
G1 X50.102 Y-6.084 Z31.769 E625.09416
G1 X50.379 Y-3.039 Z31.779 E626.53203
G1 X50.471 Y0.00 Z31.788 E627.96183
G1 X50.379 Y3.039 Z31.798 E629.39162
G1 X50.102 Y6.084 Z31.808 E630.8295
G1 X49.645 Y9.092 Z31.817 E632.26029
G1 X49.002 Y12.083 Z31.827 E633.69899
G1 X48.184 Y15.019 Z31.837 E635.13228
G1 X47.192 Y17.893 Z31.846 E636.56207
G1 X46.025 Y20.709 Z31.856 E637.99555
G1 X44.689 Y23.455 Z31.865 E639.43163
G1 X43.186 Y26.12 Z31.875 E640.87046
G1 X41.537 Y28.669 Z31.885 E642.29814
G1 X39.727 Y31.13 Z31.894 E643.73477
G1 X37.78 Y33.466 Z31.904 E645.16485
G1 X35.688 Y35.688 Z31.913 E646.60003
G1 X33.466 Y37.78 Z31.923 E648.03521
G1 X31.13 Y39.727 Z31.933 E649.46529
G1 X28.673 Y41.534 Z31.942 E650.89957
G1 X26.115 Y43.188 Z31.952 E652.33208
G1 X23.455 Y44.689 Z31.962 E653.7684
G1 X20.709 Y46.025 Z31.971 E655.20448
G1 X17.894 Y47.192 Z31.981 E656.63752
G1 X15.018 Y48.184 Z31.99 E658.0682
G1 X12.082 Y49.002 Z32 E659.50149
G1 X9.092 Y49.645 Z32.01 E660.93973
G1 X6.084 Y50.102 Z32.019 E662.37053
G1 X3.039 Y50.379 Z32.029 E663.8084
G1 X0.00 Y50.471 Z32.038 E665.23819
G1 X-3.039 Y50.379 Z32.048 E666.66799
G1 X-6.084 Y50.102 Z32.058 E668.10586
G1 X-9.092 Y49.645 Z32.067 E669.53666
G1 X-12.083 Y49.002 Z32.077 E670.97536
G1 X-15.019 Y48.184 Z32.087 E672.40865
G1 X-17.893 Y47.192 Z32.096 E673.83844
G1 X-20.709 Y46.025 Z32.106 E675.27192
G1 X-23.455 Y44.689 Z32.115 E676.708
G1 X-26.12 Y43.186 Z32.125 E678.14683
G1 X-28.669 Y41.537 Z32.135 E679.5745
G1 X-31.13 Y39.727 Z32.144 E681.01114
G1 X-33.466 Y37.78 Z32.154 E682.44122
G1 X-35.688 Y35.688 Z32.163 E683.8764
G1 X-37.78 Y33.466 Z32.173 E685.31158
G1 X-39.727 Y31.13 Z32.183 E686.74166
G1 X-41.537 Y28.669 Z32.192 E688.17829
G1 X-43.186 Y26.12 Z32.202 E689.60596
G1 X-44.689 Y23.455 Z32.212 E691.0448
G1 X-46.025 Y20.709 Z32.221 E692.48087
G1 X-47.192 Y17.893 Z32.231 E693.91436
G1 X-48.184 Y15.019 Z32.24 E695.34415
G1 X-49.002 Y12.083 Z32.25 E696.77744
G1 X-49.645 Y9.092 Z32.26 E698.21614
G1 X-50.102 Y6.084 Z32.269 E699.64693
G1 X-50.379 Y3.039 Z32.279 E701.0848
G1 X-50.471 Y0.00 Z32.288 E702.5146
G1 X-50.379 Y-3.039 Z32.298 E703.94439
G1 X-50.102 Y-6.084 Z32.308 E705.38227
G1 X-49.645 Y-9.092 Z32.317 E706.81306
G1 X-49.002 Y-12.083 Z32.327 E708.25176
G1 X-48.184 Y-15.019 Z32.337 E709.68505
G1 X-47.192 Y-17.893 Z32.346 E711.11484
G1 X-46.025 Y-20.709 Z32.356 E712.54832
G1 X-44.689 Y-23.455 Z32.365 E713.9844
G1 X-43.186 Y-26.12 Z32.375 E715.42323
G1 X-41.537 Y-28.669 Z32.385 E716.85091
G1 X-39.727 Y-31.13 Z32.394 E718.28754
G1 X-37.78 Y-33.466 Z32.404 E719.71762
G1 X-35.688 Y-35.688 Z32.413 E721.1528
G1 X-33.466 Y-37.78 Z32.423 E722.58798
G1 X-31.13 Y-39.727 Z32.433 E724.01806
G1 X-28.669 Y-41.537 Z32.442 E725.45469
G1 X-26.12 Y-43.186 Z32.452 E726.88237
G1 X-23.455 Y-44.689 Z32.462 E728.3212
G1 X-20.709 Y-46.025 Z32.471 E729.75728
G1 X-17.893 Y-47.192 Z32.481 E731.19076
G1 X-15.019 Y-48.184 Z32.49 E732.62055
G1 X-12.083 Y-49.002 Z32.5 E734.05384
;TIME_ELAPSED:370.506831
;LAYER:32
;TYPE:WALL-OUTER
;MESH:sensory_obj_2_Body1.stl
G1 X-9.092 Y-49.645 Z32.51 E735.49254
G1 X-6.084 Y-50.102 Z32.519 E736.92333
G1 X-3.039 Y-50.379 Z32.529 E738.36121
G1 X0.00 Y-50.471 Z32.538 E739.791
G1 X3.039 Y-50.379 Z32.548 E741.22079
G1 X6.084 Y-50.102 Z32.558 E742.65867
G1 X9.092 Y-49.645 Z32.567 E744.08946
G1 X12.082 Y-49.002 Z32.577 E745.5277
G1 X15.018 Y-48.184 Z32.587 E746.96099
G1 X17.894 Y-47.192 Z32.596 E748.39167
G1 X20.709 Y-46.025 Z32.606 E749.82472
G1 X23.455 Y-44.689 Z32.615 E751.2608
G1 X26.115 Y-43.188 Z32.625 E752.69712
G1 X28.673 Y-41.534 Z32.635 E754.12963
G1 X31.13 Y-39.727 Z32.644 E755.56391
G1 X33.466 Y-37.78 Z32.654 E756.99399
G1 X35.688 Y-35.688 Z32.663 E758.42917
G1 X37.78 Y-33.466 Z32.673 E759.86435
G1 X39.727 Y-31.13 Z32.683 E761.29443
G1 X41.537 Y-28.669 Z32.692 E762.73106
G1 X43.186 Y-26.12 Z32.702 E764.15873
G1 X44.689 Y-23.455 Z32.712 E765.59757
G1 X46.025 Y-20.709 Z32.721 E767.03364
G1 X47.192 Y-17.893 Z32.731 E768.46713
G1 X48.184 Y-15.019 Z32.74 E769.89692
G1 X49.002 Y-12.083 Z32.75 E771.33021
G1 X49.645 Y-9.092 Z32.76 E772.76891
G1 X50.102 Y-6.084 Z32.769 E774.1997
G1 X50.379 Y-3.039 Z32.779 E775.63757
G1 X50.471 Y0.00 Z32.788 E777.06737
G1 X50.379 Y3.039 Z32.798 E778.49716
G1 X50.102 Y6.084 Z32.808 E779.93504
G1 X49.645 Y9.092 Z32.817 E781.36583
G1 X49.002 Y12.083 Z32.827 E782.80453
G1 X48.184 Y15.019 Z32.837 E784.23782
G1 X47.192 Y17.893 Z32.846 E785.66761
G1 X46.025 Y20.709 Z32.856 E787.10109
G1 X44.689 Y23.455 Z32.865 E788.53717
G1 X43.186 Y26.12 Z32.875 E789.976
G1 X41.537 Y28.669 Z32.885 E791.40368
G1 X39.727 Y31.13 Z32.894 E792.84031
G1 X37.78 Y33.466 Z32.904 E794.27039
G1 X35.688 Y35.688 Z32.913 E795.70557
G1 X33.466 Y37.78 Z32.923 E797.14075
G1 X31.13 Y39.727 Z32.933 E798.57083
G1 X28.673 Y41.534 Z32.942 E800.00511
G1 X26.115 Y43.188 Z32.952 E801.43762
G1 X23.455 Y44.689 Z32.962 E802.87394
G1 X20.709 Y46.025 Z32.971 E804.31002
G1 X17.894 Y47.192 Z32.981 E805.74307
G1 X15.018 Y48.184 Z32.99 E807.17374
G1 X12.082 Y49.002 Z33 E808.60703
G1 X9.092 Y49.645 Z33.01 E810.04528
G1 X6.084 Y50.102 Z33.019 E811.47607
G1 X3.039 Y50.379 Z33.029 E812.91394
G1 X0.00 Y50.471 Z33.038 E814.34373
G1 X-3.039 Y50.379 Z33.048 E815.77353
G1 X-6.084 Y50.102 Z33.058 E817.2114
G1 X-9.092 Y49.645 Z33.067 E818.6422
G1 X-12.083 Y49.002 Z33.077 E820.0809
G1 X-15.019 Y48.184 Z33.087 E821.51419
G1 X-17.893 Y47.192 Z33.096 E822.94398
G1 X-20.709 Y46.025 Z33.106 E824.37746
G1 X-23.455 Y44.689 Z33.115 E825.81354
G1 X-26.12 Y43.186 Z33.125 E827.25237
G1 X-28.669 Y41.537 Z33.135 E828.68004
G1 X-31.13 Y39.727 Z33.144 E830.11668
G1 X-33.466 Y37.78 Z33.154 E831.54676
G1 X-35.688 Y35.688 Z33.163 E832.98194
G1 X-37.78 Y33.466 Z33.173 E834.41712
G1 X-39.727 Y31.13 Z33.183 E835.8472
G1 X-41.537 Y28.669 Z33.192 E837.28383
G1 X-43.186 Y26.12 Z33.202 E838.7115
G1 X-44.689 Y23.455 Z33.212 E840.15034
G1 X-46.025 Y20.709 Z33.221 E841.58641
G1 X-47.192 Y17.893 Z33.231 E843.0199
G1 X-48.184 Y15.019 Z33.24 E844.44969
G1 X-49.002 Y12.083 Z33.25 E845.88298
G1 X-49.645 Y9.092 Z33.26 E847.32168
G1 X-50.102 Y6.084 Z33.269 E848.75247
G1 X-50.379 Y3.039 Z33.279 E850.19034
G1 X-50.471 Y0.00 Z33.288 E851.62014
G1 X-50.379 Y-3.039 Z33.298 E853.04993
G1 X-50.102 Y-6.084 Z33.308 E854.48781
G1 X-49.645 Y-9.092 Z33.317 E855.9186
G1 X-49.002 Y-12.083 Z33.327 E857.3573
G1 X-48.184 Y-15.019 Z33.337 E858.79059
G1 X-47.192 Y-17.893 Z33.346 E860.22038
G1 X-46.025 Y-20.709 Z33.356 E861.65386
G1 X-44.689 Y-23.455 Z33.365 E863.08994
G1 X-43.186 Y-26.12 Z33.375 E864.52877
G1 X-41.537 Y-28.669 Z33.385 E865.95645
G1 X-39.727 Y-31.13 Z33.394 E867.39308
G1 X-37.78 Y-33.466 Z33.404 E868.82316
G1 X-35.688 Y-35.688 Z33.413 E870.25834
G1 X-33.466 Y-37.78 Z33.423 E871.69352
G1 X-31.13 Y-39.727 Z33.433 E873.1236
G1 X-28.669 Y-41.537 Z33.442 E874.56023
G1 X-26.12 Y-43.186 Z33.452 E875.98791
G1 X-23.455 Y-44.689 Z33.462 E877.42674
G1 X-20.709 Y-46.025 Z33.471 E878.86282
G1 X-17.893 Y-47.192 Z33.481 E880.2963
G1 X-15.019 Y-48.184 Z33.49 E881.72609
G1 X-12.083 Y-49.002 Z33.5 E883.15938
;TIME_ELAPSED:376.860065
;LAYER:33
;TYPE:WALL-OUTER
;MESH:sensory_obj_2_Body1.stl
G1 X-9.092 Y-49.645 Z33.51 E884.59808
G1 X-6.084 Y-50.102 Z33.519 E886.02887
G1 X-3.039 Y-50.379 Z33.529 E887.46675
G1 X0.00 Y-50.471 Z33.538 E888.89654
G1 X3.039 Y-50.379 Z33.548 E890.32634
G1 X6.084 Y-50.102 Z33.558 E891.76421
G1 X9.092 Y-49.645 Z33.567 E893.195
G1 X12.082 Y-49.002 Z33.577 E894.63324
G1 X15.018 Y-48.184 Z33.587 E896.06653
G1 X17.894 Y-47.192 Z33.596 E897.49721
G1 X20.709 Y-46.025 Z33.606 E898.93026
G1 X23.455 Y-44.689 Z33.615 E900.36634
G1 X26.115 Y-43.188 Z33.625 E901.80266
G1 X28.673 Y-41.534 Z33.635 E903.23517
G1 X31.13 Y-39.727 Z33.644 E904.66945
G1 X33.466 Y-37.78 Z33.654 E906.09953
G1 X35.688 Y-35.688 Z33.663 E907.53471
G1 X37.78 Y-33.466 Z33.673 E908.96989
G1 X39.727 Y-31.13 Z33.683 E910.39997
G1 X41.537 Y-28.669 Z33.692 E911.8366
G1 X43.186 Y-26.12 Z33.702 E913.26428
G1 X44.689 Y-23.455 Z33.712 E914.70311
G1 X46.025 Y-20.709 Z33.721 E916.13919
G1 X47.192 Y-17.893 Z33.731 E917.57267
G1 X48.184 Y-15.019 Z33.74 E919.00246
G1 X49.002 Y-12.083 Z33.75 E920.43575
G1 X49.645 Y-9.092 Z33.76 E921.87445
G1 X50.102 Y-6.084 Z33.769 E923.30524
G1 X50.379 Y-3.039 Z33.779 E924.74312
G1 X50.471 Y0.00 Z33.788 E926.17291
G1 X50.379 Y3.039 Z33.798 E927.6027
G1 X50.102 Y6.084 Z33.808 E929.04058
G1 X49.645 Y9.092 Z33.817 E930.47137
G1 X49.002 Y12.083 Z33.827 E931.91007
G1 X48.184 Y15.019 Z33.837 E933.34336
G1 X47.192 Y17.893 Z33.846 E934.77315
G1 X46.025 Y20.709 Z33.856 E936.20663
G1 X44.689 Y23.455 Z33.865 E937.64271
G1 X43.186 Y26.12 Z33.875 E939.08154
G1 X41.537 Y28.669 Z33.885 E940.50922
G1 X39.727 Y31.13 Z33.894 E941.94585
G1 X37.78 Y33.466 Z33.904 E943.37593
G1 X35.688 Y35.688 Z33.913 E944.81111
G1 X33.466 Y37.78 Z33.923 E946.24629
G1 X31.13 Y39.727 Z33.933 E947.67637
G1 X28.673 Y41.534 Z33.942 E949.11065
G1 X26.115 Y43.188 Z33.952 E950.54316
G1 X23.455 Y44.689 Z33.962 E951.97948
G1 X20.709 Y46.025 Z33.971 E953.41556
G1 X17.894 Y47.192 Z33.981 E954.84861
G1 X15.018 Y48.184 Z33.99 E956.27929
G1 X12.082 Y49.002 Z34 E957.71257
G1 X9.092 Y49.645 Z34.01 E959.15082
G1 X6.084 Y50.102 Z34.019 E960.58161
G1 X3.039 Y50.379 Z34.029 E962.01948
G1 X0.00 Y50.471 Z34.038 E963.44928
G1 X-3.039 Y50.379 Z34.048 E964.87907
G1 X-6.084 Y50.102 Z34.058 E966.31694
G1 X-9.092 Y49.645 Z34.067 E967.74774
G1 X-12.083 Y49.002 Z34.077 E969.18644
G1 X-15.019 Y48.184 Z34.087 E970.61973
G1 X-17.893 Y47.192 Z34.096 E972.04952
G1 X-20.709 Y46.025 Z34.106 E973.483
G1 X-23.455 Y44.689 Z34.115 E974.91908
G1 X-26.12 Y43.186 Z34.125 E976.35791
G1 X-28.669 Y41.537 Z34.135 E977.78559
G1 X-31.13 Y39.727 Z34.144 E979.22222
G1 X-33.466 Y37.78 Z34.154 E980.6523
G1 X-35.688 Y35.688 Z34.163 E982.08748
G1 X-37.78 Y33.466 Z34.173 E983.52266
G1 X-39.727 Y31.13 Z34.183 E984.95274
G1 X-41.537 Y28.669 Z34.192 E986.38937
G1 X-43.186 Y26.12 Z34.202 E987.81705
G1 X-44.689 Y23.455 Z34.212 E989.25588
G1 X-46.025 Y20.709 Z34.221 E990.69196
G1 X-47.192 Y17.893 Z34.231 E992.12544
G1 X-48.184 Y15.019 Z34.24 E993.55523
G1 X-49.002 Y12.083 Z34.25 E994.98852
G1 X-49.645 Y9.092 Z34.26 E996.42722
G1 X-50.102 Y6.084 Z34.269 E997.85801
G1 X-50.379 Y3.039 Z34.279 E999.29589
G1 X-50.471 Y0.00 Z34.288 E1000.72568
G1 X-50.379 Y-3.039 Z34.298 E1002.15547
G1 X-50.102 Y-6.084 Z34.308 E1003.59335
G1 X-49.645 Y-9.092 Z34.317 E1005.02414
G1 X-49.002 Y-12.083 Z34.327 E1006.46284
G1 X-48.184 Y-15.019 Z34.337 E1007.89613
G1 X-47.192 Y-17.893 Z34.346 E1009.32592
G1 X-46.025 Y-20.709 Z34.356 E1010.7594
G1 X-44.689 Y-23.455 Z34.365 E1012.19548
G1 X-43.186 Y-26.12 Z34.375 E1013.63431
G1 X-41.537 Y-28.669 Z34.385 E1015.06199
G1 X-39.727 Y-31.13 Z34.394 E1016.49862
G1 X-37.78 Y-33.466 Z34.404 E1017.9287
G1 X-35.688 Y-35.688 Z34.413 E1019.36388
G1 X-33.466 Y-37.78 Z34.423 E1020.79906
G1 X-31.13 Y-39.727 Z34.433 E1022.22914
G1 X-28.669 Y-41.537 Z34.442 E1023.66577
G1 X-26.12 Y-43.186 Z34.452 E1025.09345
G1 X-23.455 Y-44.689 Z34.462 E1026.53228
G1 X-20.709 Y-46.025 Z34.471 E1027.96836
G1 X-17.893 Y-47.192 Z34.481 E1029.40184
G1 X-15.019 Y-48.184 Z34.49 E1030.83163
G1 X-12.083 Y-49.002 Z34.5 E1032.26492
;TIME_ELAPSED:383.213299
;LAYER:34
;TYPE:WALL-OUTER
;MESH:sensory_obj_2_Body1.stl
G1 X-9.092 Y-49.645 Z34.505 E1033.70362
G1 X-6.084 Y-50.102 Z34.511 E1035.13441
G1 X-3.039 Y-50.379 Z34.516 E1036.57227
G1 X0.00 Y-50.471 Z34.522 E1038.00206
G1 X3.039 Y-50.379 Z34.527 E1039.43185
G1 X6.084 Y-50.102 Z34.532 E1040.86972
G1 X9.092 Y-49.645 Z34.538 E1042.30051
G1 X12.082 Y-49.002 Z34.543 E1043.73875
G1 X15.018 Y-48.184 Z34.548 E1045.17203
G1 X17.894 Y-47.192 Z34.554 E1046.6027
G1 X20.709 Y-46.025 Z34.559 E1048.03575
G1 X23.455 Y-44.689 Z34.565 E1049.47182
G1 X26.115 Y-43.188 Z34.57 E1050.90814
G1 X28.673 Y-41.534 Z34.575 E1052.34064
G1 X31.13 Y-39.727 Z34.581 E1053.77491
G1 X33.466 Y-37.78 Z34.586 E1055.20499
G1 X35.688 Y-35.688 Z34.591 E1056.64016
G1 X37.78 Y-33.466 Z34.597 E1058.07534
G1 X39.727 Y-31.13 Z34.602 E1059.50542
G1 X41.537 Y-28.669 Z34.608 E1060.94204
G1 X43.186 Y-26.12 Z34.613 E1062.36971
G1 X44.689 Y-23.455 Z34.618 E1063.80854
G1 X46.025 Y-20.709 Z34.624 E1065.24461
G1 X47.192 Y-17.893 Z34.629 E1066.67809
G1 X48.184 Y-15.019 Z34.634 E1068.10788
G1 X49.002 Y-12.083 Z34.64 E1069.54116
G1 X49.645 Y-9.092 Z34.645 E1070.97986
G1 X50.102 Y-6.084 Z34.651 E1072.41065
G1 X50.379 Y-3.039 Z34.656 E1073.84851
G1 X50.471 Y0.00 Z34.661 E1075.2783
G1 X50.379 Y3.039 Z34.667 E1076.70809
G1 X50.102 Y6.084 Z34.672 E1078.14596
G1 X49.645 Y9.092 Z34.677 E1079.57675
G1 X49.002 Y12.083 Z34.683 E1081.01545
G1 X48.184 Y15.019 Z34.688 E1082.44873
G1 X47.192 Y17.893 Z34.694 E1083.87851
G1 X46.025 Y20.709 Z34.699 E1085.31199
G1 X44.689 Y23.455 Z34.704 E1086.74806
G1 X43.186 Y26.12 Z34.71 E1088.18689
G1 X41.537 Y28.669 Z34.715 E1089.61456
G1 X39.727 Y31.13 Z34.72 E1091.05119
G1 X37.78 Y33.466 Z34.726 E1092.48127
G1 X35.688 Y35.688 Z34.731 E1093.91644
G1 X33.466 Y37.78 Z34.737 E1095.35161
G1 X31.13 Y39.727 Z34.742 E1096.78169
G1 X28.673 Y41.534 Z34.747 E1098.21597
G1 X26.115 Y43.188 Z34.753 E1099.64847
G1 X23.455 Y44.689 Z34.758 E1101.08479
G1 X20.709 Y46.025 Z34.763 E1102.52086
G1 X17.894 Y47.192 Z34.769 E1103.9539
G1 X15.018 Y48.184 Z34.774 E1105.38458
G1 X12.082 Y49.002 Z34.78 E1106.81786
G1 X9.092 Y49.645 Z34.785 E1108.2561
G1 X6.084 Y50.102 Z34.79 E1109.68688
G1 X3.039 Y50.379 Z34.796 E1111.12475
G1 X0.00 Y50.471 Z34.801 E1112.55454
G1 X-3.039 Y50.379 Z34.806 E1113.98433
G1 X-6.084 Y50.102 Z34.812 E1115.4222
G1 X-9.092 Y49.645 Z34.817 E1116.85299
G1 X-12.083 Y49.002 Z34.823 E1118.29169
G1 X-15.019 Y48.184 Z34.828 E1119.72497
G1 X-17.893 Y47.192 Z34.833 E1121.15475
G1 X-20.709 Y46.025 Z34.839 E1122.58823
G1 X-23.455 Y44.689 Z34.844 E1124.0243
G1 X-26.12 Y43.186 Z34.849 E1125.46313
G1 X-28.669 Y41.537 Z34.855 E1126.8908
G1 X-31.13 Y39.727 Z34.86 E1128.32743
G1 X-33.466 Y37.78 Z34.866 E1129.75751
G1 X-35.688 Y35.688 Z34.871 E1131.19268
G1 X-37.78 Y33.466 Z34.876 E1132.62785
G1 X-39.727 Y31.13 Z34.882 E1134.05793
G1 X-41.537 Y28.669 Z34.887 E1135.49456
G1 X-43.186 Y26.12 Z34.892 E1136.92223
G1 X-44.689 Y23.455 Z34.898 E1138.36106
G1 X-46.025 Y20.709 Z34.903 E1139.79713
G1 X-47.192 Y17.893 Z34.909 E1141.23061
G1 X-48.184 Y15.019 Z34.914 E1142.66039
G1 X-49.002 Y12.083 Z34.919 E1144.09367
G1 X-49.645 Y9.092 Z34.925 E1145.53237
G1 X-50.102 Y6.084 Z34.93 E1146.96316
G1 X-50.379 Y3.039 Z34.936 E1148.40103
G1 X-50.471 Y0.00 Z34.941 E1149.83082
G1 X-50.379 Y-3.039 Z34.946 E1151.26061
G1 X-50.102 Y-6.084 Z34.952 E1152.69848
G1 X-49.645 Y-9.092 Z34.957 E1154.12926
G1 X-49.002 Y-12.083 Z34.962 E1155.56796
G1 X-48.184 Y-15.019 Z34.968 E1157.00124
G1 X-47.192 Y-17.893 Z34.973 E1158.43103
G1 X-46.025 Y-20.709 Z34.978 E1159.86451
G1 X-44.689 Y-23.455 Z34.984 E1161.30058
G1 X-43.186 Y-26.12 Z34.989 E1162.73941
G1 X-41.537 Y-28.669 Z34.995 E1164.16708
G1 X-39.727 Y-31.13 Z35 E1165.60371
G1 X-37.78 Y-33.466 Z35.005 E1167.03378
G1 X-35.688 Y-35.688 Z35.011 E1168.46896
G1 X-33.466 Y-37.78 Z35.016 E1169.90413
G1 X-31.13 Y-39.727 Z35.022 E1171.33421
G1 X-28.669 Y-41.537 Z35.027 E1172.77083
G1 X-26.12 Y-43.186 Z35.032 E1174.1985
G1 X-23.455 Y-44.689 Z35.038 E1175.63733
G1 X-20.709 Y-46.025 Z35.043 E1177.0734
G1 X-17.893 Y-47.192 Z35.048 E1178.50688
G1 X-15.019 Y-48.184 Z35.054 E1179.93667
G1 X-12.083 Y-49.002 Z35.059 E1181.36995
G1 X-9.092 Y-49.645 Z35.5 E1182.75084
G1 X-6.084 Y-50.102 E1184.11008
G1 X-3.039 Y-50.379 E1185.47606
G1 X0.00 Y-50.471 E1186.83435
G1 X3.039 Y-50.379 E1188.19265
G1 X6.084 Y-50.102 E1189.48673
G1 X9.092 Y-49.645 E1190.77444
G1 X12.082 Y-49.002 E1192.06885
G1 X15.018 Y-48.184 E1193.3588
G1 X17.894 Y-47.192 E1194.64641
G1 X20.709 Y-46.025 E1195.86449
G1 X23.455 Y-44.689 E1197.08515
G1 X26.115 Y-43.188 E1198.30602
G1 X28.673 Y-41.534 E1199.52365
G1 X31.13 Y-39.727 E1200.74278
G1 X33.466 Y-37.78 E1201.88684
G1 X35.688 Y-35.688 E1203.03498
G1 X37.78 Y-33.466 E1204.18311
G1 X39.727 Y-31.13 E1205.32717
G1 X41.537 Y-28.669 E1206.47647
G1 X43.186 Y-26.12 E1207.54722
G1 X44.689 Y-23.455 E1208.62634
G1 X46.025 Y-20.709 E1209.7034
G1 X47.192 Y-17.893 E1210.7785
G1 X48.184 Y-15.019 E1211.85084
G1 X49.002 Y-12.083 E1212.9258
G1 X49.645 Y-9.092 E1213.93289
G1 X50.102 Y-6.084 E1214.93444
G1 X50.379 Y-3.039 E1215.94094
G1 X50.471 Y0.00 E1216.94179
G1 X50.379 Y3.039 E1217.94264
G1 X50.102 Y6.084 E1218.87726
G1 X49.645 Y9.092 E1219.80727
G1 X49.002 Y12.083 E1220.74242
G1 X48.184 Y15.019 E1221.67405
G1 X47.192 Y17.893 E1222.60341
G1 X46.025 Y20.709 E1223.4635
G1 X44.689 Y23.455 E1224.32514
G1 X43.186 Y26.12 E1225.18843
G1 X41.537 Y28.669 E1226.04504
G1 X39.727 Y31.13 E1226.90701
G1 X37.78 Y33.466 E1227.69355
G1 X35.688 Y35.688 E1228.4829
G1 X33.466 Y37.78 E1229.27224
G1 X31.13 Y39.727 E1230.05878
G1 X28.673 Y41.534 E1230.84763
G1 X26.115 Y43.188 E1231.56388
G1 X23.455 Y44.689 E1232.28204
G1 X20.709 Y46.025 E1233.00007
G1 X17.894 Y47.192 E1233.71659
G1 X15.018 Y48.184 E1234.43193
G1 X12.082 Y49.002 E1235.07691
G1 X9.092 Y49.645 E1235.72411
G1 X6.084 Y50.102 E1236.36797
G1 X3.039 Y50.379 E1237.01501
G1 X0.00 Y50.471 E1237.65841
G1 X-3.039 Y50.379 E1238.30181
G1 X-6.084 Y50.102 E1238.87696
G1 X-9.092 Y49.645 E1239.44928
G1 X-12.083 Y49.002 E1240.02475
G1 X-15.019 Y48.184 E1240.59807
G1 X-17.893 Y47.192 E1241.16998
G1 X-20.709 Y46.025 E1241.6717
G1 X-23.455 Y44.689 E1242.17432
G1 X-26.12 Y43.186 E1242.67791
G1 X-28.669 Y41.537 E1243.17759
G1 X-31.13 Y39.727 E1243.68041
G1 X-33.466 Y37.78 E1244.10943
G1 X-35.688 Y35.688 E1244.53999
G1 X-37.78 Y33.466 E1244.97054
G1 X-39.727 Y31.13 E1245.39956
G1 X-41.537 Y28.669 E1245.83055
G1 X-43.186 Y26.12 E1246.18746
G1 X-44.689 Y23.455 E1246.54717
G1 X-46.025 Y20.709 E1246.90619
G1 X-47.192 Y17.893 E1247.26456
G1 X-48.184 Y15.019 E1247.622
G1 X-49.002 Y12.083 E1247.98032
G1 X-49.645 Y9.092
G1 X-50.102 Y6.084
G1 X-50.379 Y3.039
G1 X-50.471 Y0.00
;TIME_ELAPSED:394.816441
G1 F1500 E1241.48032
M140 S0
M107
M104 S0
M140 S0
;Retract the filament
G92 E1
G1 E-1 F300
G28 X0 Y0
M84
M82 ;absolute extrusion mode
M104 S0
;End of Gcode
;SETTING_3 {"global_quality": "[general]\\nversion = 4\\nname = CuraProfile_3mm_
;SETTING_3 1laybase_40sec\\ndefinition = custom\\n\\n[metadata]\\ntype = quality
;SETTING_3 _changes\\nquality_type = extra coarse\\nsetting_version = 25\\n\\n[v
;SETTING_3 alues]\\nadhesion_type = none\\njerk_enabled = False\\nlayer_height =
;SETTING_3  1\\nlayer_height_0 = 0.5\\nmagic_spiralize = True\\n\\n", "extruder_
;SETTING_3 quality": ["[general]\\nversion = 4\\nname = CuraProfile_3mm_1laybase
;SETTING_3 _40sec\\ndefinition = custom\\n\\n[metadata]\\ntype = quality_changes
;SETTING_3 \\nquality_type = extra coarse\\nintent_category = default\\nposition
;SETTING_3  = 0\\nsetting_version = 25\\n\\n[values]\\nbottom_layers = 1\\nbotto
;SETTING_3 m_thickness = 1.3\\ninfill_sparse_density = 0\\nline_width = 3\\nmesh
;SETTING_3 fix_maximum_resolution = 1\\nretraction_hop = 1.0\\nretraction_hop_en
;SETTING_3 abled = True\\nspeed_layer_0 = 20.0\\nspeed_print = 50.0\\nspeed_trav
;SETTING_3 el = 40\\nspeed_wall = 50.0\\nspeed_wall_x = 30\\ntop_bottom_thicknes
;SETTING_3 s = 0\\ntop_layers = 0\\ntravel_avoid_other_parts = False\\nwall_line
;SETTING_3 _count = 3\\nwall_thickness = 3.0\\n\\n"]}
