;FLAVOR:Marlin
;TIME:499
;Filament used: 5.98488m
;Layer height: 1
;MINX:-46.121
;MINY:-46.113
;MINZ:0.5
;MAXX:46.115
;MAXY:46.117
;MAXZ:20.5
;TARGET_MACHINE.NAME:Unknown
;Generated with Cura_SteamEngine 5.11.0
M140 S60
M105
M190 S60
M104 S200
M105
M109 S200
G28 ;Home
M302 S0 ;Set cold extrusion
M92 E400 ;E Steps at 400 steps/mm M92 E-400 reverse
G1 Z15.0 F6000 ;Move the platform down 15mm
;Prime the extruder
G92 E0
G1 F200 E3
G92 E0
M82 ;absolute extrusion mode
G92 E0
G92 E0
G1 F1500 E-6.5
;LAYER_COUNT:20
;LAYER:0
M107
G1 F600 Z1.5
;MESH:030.stl
G0 F675 X0.00 Y0.000 Z1.5
G0 X3.214 Y-4.932
;TYPE:WALL-INNER
G1 F600 Z0.5
G1 F1500 E0
G1 F553.5 X3.541 Y-5.369 E0.20867
G1 F591.3 X3.8 Y-5.726 E0.36651
G1 F623.6 X4.058 Y-6.082 E0.51572
G1 F663.2 X4.53 Y-6.7 E0.76384
G1 F701.7 X4.841 Y-7.088 E0.91381
G1 F725.8 X5.67 Y-8.152 E1.30708
G1 F732.9 X6.136 Y-8.732 E1.52191
G0 F675 X10.888 Y-9.846
G0 X13.332 Y-10.715
G0 X14.385 Y-14.81
G1 F901.8 X14.839 Y-16.208 E1.86683
G1 F869 X15.075 Y-16.839 E2.03089
G1 F825.7 X15.409 Y-17.556 E2.23361
G0 F675 X21.556 Y-26.722
G1 F807.4 X22.467 Y-27.277 E2.5132
G0 F675 X18.319 Y-22.927
G0 X16.382 Y-18.807
G1 F862.6 X16.749 Y-19.277 E2.65949
G1 F886.1 X18.027 Y-20.655 E3.10832
G1 F900 X19.145 Y-21.605 E3.45329
G1 X19.649 Y-21.976 E3.60044
G1 X20.855 Y-22.741 E3.93624
G1 X23.269 Y-24.044 E4.58126
G1 X24.056 Y-24.524 E4.79801
G1 X25.459 Y-25.468 E5.19562
G1 X26.927 Y-26.219 E5.58334
G1 X27.302 Y-26.481 E5.69091
G1 X27.758 Y-27.198 E5.8907
G1 X27.972 Y-27.676 E6.01385
G1 X28.072 Y-28.023 E6.09876
G1 X28.116 Y-28.407 E6.18964
G1 X28.077 Y-28.645 E6.24635
G1 X27.844 Y-29.255 E6.39989
G1 X27.691 Y-29.515 E6.47082
G1 X27.454 Y-29.78 E6.55441
G1 X27.061 Y-30.031 E6.66406
G1 X26.616 Y-30.223 E6.77802
G1 X25.949 Y-30.411 E6.94096
G1 X24.539 Y-30.644 E7.27699
G1 X23.295 Y-30.679 E7.56961
G1 X22.216 Y-30.525 E7.82589
G1 X21.203 Y-30.188 E8.07691
G1 X20.166 Y-29.624 E8.35448
G1 X19.112 Y-28.816 E8.66675
G1 X18.513 Y-28.207 E8.8676
G1 X18.095 Y-27.645 E9.03229
G1 X17.767 Y-27.054 E9.19122
G1 X17.513 Y-26.428 E9.35007
G1 X17.191 Y-25.338 E9.61731
G1 X16.721 Y-22.748 E10.23625
G1 X16.467 Y-21.467 E10.54332
G1 X16.214 Y-20.407 E10.79956
G1 F894.9 X16.152 Y-20.113 E10.87061
G1 F864.6 X15.837 Y-18.837 E11.19231
G1 F834.4 X15.416 Y-17.578 E11.52901
G1 F840.6 X16.382 Y-18.807 E11.92254
G0 F675 X18.342 Y-22.967
G0 X15.782 Y-14.664
G0 X15.627 Y-12.823
G0 X16.43 Y-11.413
G0 X17.229 Y-10.608
G0 X18.547 Y-9.986
G0 X35.855 Y-7.547
G1 F713 X36.691 Y-7.374 E12.17594
G1 X36.856 Y-7.386 E12.22504
G1 F721.9 X37.78 Y-7.635 E12.50556
G1 F731.3 X38.223 Y-7.84 E12.64681
G1 F731.7 X38.632 Y-8.156 E12.79629
G1 X38.858 Y-8.406 E12.89376
G1 X39.357 Y-9.133 E13.14878
G1 X39.755 Y-9.912 E13.40177
G1 X39.629 Y-10.586 E13.60008
G1 X38.85 Y-10.988 E13.85361
G1 X38.222 Y-11.147 E14.04096
G1 F731.3 X37.23 Y-11.231 E14.32904
G1 F721.9 X36.081 Y-11.206 E14.66593
G1 F713 X34.136 Y-11.189 E15.24326
G1 X33.297 Y-11.141 E15.49269
G1 X32.272 Y-10.932 E15.80319
G1 X31.001 Y-10.46 E16.20561
G1 X30.662 Y-10.203 E16.33188
G1 X29.48 Y-9.149 E16.80194
G1 X29.756 Y-9.071 E16.88707
G1 X32.327 Y-8.555 E17.6654
G1 X33.74 Y-8.194 E18.09827
G1 X35.855 Y-7.547 E18.75475
G0 F675 X35.984 Y-5.678
G0 X35.671 Y-4.099
G1 F900 X36.542 Y-3.981 E18.96142
G1 X37.413 Y-4.034 E19.1666
G1 X37.865 Y-4.134 E19.27545
G1 X39.086 Y-4.544 E19.5783
G1 X39.905 Y-4.946 E19.79282
G1 X40.272 Y-5.179 E19.89503
G1 X40.946 Y-5.738 E20.10093
G1 X41.526 Y-6.382 E20.30471
G1 X42.21 Y-7.378 E20.58881
G1 X42.696 Y-8.265 E20.82663
G1 X42.933 Y-8.843 E20.97351
G1 X43.059 Y-9.327 E21.09111
G1 X43.107 Y-9.79 E21.20056
G1 X43.086 Y-10.336 E21.32904
G1 X42.976 Y-11.008 E21.48915
G1 X42.803 Y-11.673 E21.65072
G1 X42.636 Y-12.128 E21.76468
G1 X42.439 Y-12.512 E21.86616
G1 X42.193 Y-12.808 E21.95666
G1 X41.899 Y-13.077 E22.05036
G1 X41.447 Y-13.399 E22.18085
G1 X40.464 Y-13.941 E22.44479
G1 X39.54 Y-14.281 E22.67629
G1 X38.657 Y-14.466 E22.88842
G1 X37.488 Y-14.572 E23.16442
G1 X36.126 Y-14.599 E23.48473
G1 X34.023 Y-14.581 E23.97923
G1 X32.924 Y-14.517 E24.23808
G1 X32.025 Y-14.37 E24.45227
G1 X31.316 Y-14.19 E24.62427
G1 X29.646 Y-13.574 E25.0428
G1 X29.138 Y-13.304 E25.17807
G1 X28.502 Y-12.823 E25.36556
G1 X27.103 Y-11.566 E25.80779
G1 X25.902 Y-10.71 E26.15457
G1 X25.003 Y-10.214 E26.39599
G1 X23.785 Y-9.74 E26.70331
G1 X22.157 Y-9.086 E27.11583
G1 F899.4 X21.315 Y-8.805 E27.32469
G1 F899.1 X20.669 Y-8.646 E27.48127
G1 F899.4 X22.076 Y-8.201 E27.82849
G1 F900 X23.514 Y-7.672 E28.18876
G1 X26.241 Y-6.622 E28.87585
G1 X27.605 Y-6.153 E29.215
G1 X28.95 Y-5.773 E29.54363
G1 X30.474 Y-5.463 E29.90931
G1 X31.245 Y-5.32 E30.09369
G1 X32.598 Y-4.995 E30.42087
G1 X34.956 Y-4.274 E31.00066
G1 X35.671 Y-4.099 E31.17374
G0 F675 X35.984 Y-5.678
G0 X17.074 Y-7.82
G0 X15.418 Y-7.794
G0 X13.693 Y-7.511
G0 X11.882 Y-6.926
G0 X10.897 Y-6.447
G0 X9.666 Y-5.526
G0 X8.75 Y-4.253
G0 X8.369 Y-3.057
G0 X8.311 Y-1.929
G0 X8.491 Y-.756
G0 X16.906 Y20.679
G1 F696.6 X17.644 Y21.33 E31.4727
G1 X18.063 Y21.622 E31.62785
G1 X18.307 Y21.126 E31.79577
G1 X18.56 Y20.224 E32.08036
G1 X18.739 Y19.332 E32.35675
G1 X18.935 Y17.827 E32.81781
G1 X18.957 Y17.224 E33.00112
G1 F696.2 X18.911 Y16.597 E33.19221
G1 F695.5 X18.837 Y16.252 E33.29957
G1 F696.8 X18.583 Y15.525 E33.53345
G1 F703.1 X18.202 Y14.692 E33.80914
G1 F707.9 X17.485 Y13.489 E34.22778
G1 X17.122 Y13.084 E34.39036
G1 X16.528 Y12.605 E34.61847
G1 X14.452 Y11.227 E35.36332
G1 X12.985 Y10.132 E35.91054
G1 X13.438 Y11.458 E36.32942
G1 X13.898 Y13.043 E36.82277
G1 X14.746 Y16.246 E37.81324
G1 F702.2 X15.161 Y17.527 E38.21904
G1 F696.6 X15.549 Y18.565 E38.55568
G1 X15.94 Y19.376 E38.82919
G1 X16.373 Y20.052 E39.07307
G1 X16.906 Y20.679 E39.32307
G0 F675 X3.447 Y2.54
G0 X2.382 Y1.312
G0 X1.681 Y0.671
G0 X0.879 Y0.058
G0 X-.895 Y-.995
G0 X-1.987 Y-1.51
G0 X-3.139 Y-1.89
G0 X-4.423 Y-2.052
G0 X-5.781 Y-1.879
G0 X-7.112 Y-1.316
G0 X-8.045 Y-.618
G0 X-8.583 Y-0.014
G0 X-9.159 Y0.959
G0 X-9.545 Y2.386
G0 X-9.634 Y3.46
G0 X-9.632 Y4.489
G0 X-9.376 Y6.658
G0 X-1.857 Y40.077
G1 F900 X-.566 Y39.951 E39.62807
G1 X-.274 Y39.212 E39.8149
G1 X-.14 Y38.385 E40.01189
G1 X-.186 Y37.298 E40.26771
G1 X-.344 Y36.262 E40.51412
G1 X-.729 Y34.692 E40.89422
G1 X-1.593 Y31.403 E41.69381
G1 X-2.259 Y29.231 E42.22798
G1 X-3.051 Y27.353 E42.70722
G1 X-3.997 Y25.556 E43.18473
G1 X-5.148 Y23.674 E43.70344
G1 X-6.386 Y21.821 E44.22744
G1 X-8.133 Y19.293 E44.94998
G1 X-8.583 Y21.636 E45.51096
G1 X-9.563 Y26.165 E46.60052
G1 X-9.954 Y28.104 E47.06562
G1 X-10.226 Y29.856 E47.4825
G1 X-10.366 Y31.43 E47.85406
G1 X-10.362 Y32.791 E48.17408
G1 X-10.21 Y34.013 E48.46362
G1 X-9.899 Y35.197 E48.75146
G1 X-9.399 Y36.376 E49.05258
G1 X-8.595 Y37.704 E49.41761
G1 X-8.165 Y38.255 E49.58195
G1 X-7.753 Y38.681 E49.72129
G1 X-7.316 Y39.037 E49.85383
G1 X-6.895 Y39.312 E49.97206
G1 X-6.445 Y39.535 E50.09015
G1 X-5.91 Y39.734 E50.22437
G1 X-5.302 Y39.895 E50.37226
G1 X-4.576 Y40.018 E50.5454
G1 X-3.81 Y40.089 E50.72628
G1 X-2.886 Y40.113 E50.94361
G1 X-1.857 Y40.077 E51.18571
G0 F675 X-.699 Y41.383
G0 X-.521 Y42.979
G1 F900 X0.239 Y42.863 E51.36648
G1 X0.86 Y42.686 E51.51831
G1 X1.283 Y42.456 E51.63153
G1 X1.677 Y42.073 E51.76073
G1 X1.948 Y41.653 E51.87826
G1 X2.357 Y40.79 E52.10281
G1 X2.619 Y40.023 E52.29339
G1 X2.78 Y39.292 E52.46939
G1 X2.86 Y38.553 E52.64417
G1 X2.863 Y37.776 E52.82687
G1 X2.795 Y36.948 E53.02221
G1 X2.601 Y35.673 E53.32545
G1 X2.168 Y33.91 E53.75231
G1 X1.589 Y31.734 E54.28176
G1 X1.295 Y30.589 E54.55972
G1 X0.564 Y28.206 E55.14581
G1 X-.336 Y26.07 E55.69081
G1 X-1.387 Y24.073 E56.22143
G1 X-2.62 Y22.057 E56.77709
G1 X-3.9 Y20.142 E57.31869
G1 X-5.263 Y18.179 E57.88061
G1 X-6.637 Y16.158 E58.45523
G1 X-7.909 Y14.151 E59.01394
G1 X-9.031 Y12.083 E59.56715
G1 X-9.248 Y12.829 E59.74983
G1 X-9.636 Y13.76 E59.98698
G1 X-10.37 Y15.188 E60.36451
G1 X-10.656 Y15.986 E60.56383
G1 X-11.055 Y18.596 E61.18466
G1 X-11.529 Y21.067 E61.77626
G1 X-12.503 Y25.57 E62.85954
G1 X-12.908 Y27.576 E63.34074
G1 X-13.206 Y29.493 E63.7969
G1 X-13.366 Y31.303 E64.22415
G1 X-13.361 Y32.982 E64.61894
G1 X-13.163 Y34.58 E64.99755
G1 X-12.745 Y36.169 E65.38389
G1 X-12.076 Y37.747 E65.78689
G1 X-11.069 Y39.409 E66.24382
G1 X-10.431 Y40.226 E66.48755
G1 X-9.787 Y40.892 E66.70539
G1 X-9.09 Y41.462 E66.9171
G1 X-8.385 Y41.921 E67.1149
G1 X-7.638 Y42.292 E67.31102
G1 X-6.818 Y42.597 E67.51673
G1 X-5.938 Y42.829 E67.73072
G1 X-4.966 Y42.995 E67.96258
G1 X-3.986 Y43.085 E68.19397
G1 X-2.874 Y43.114 E68.45553
G1 X-1.686 Y43.073 E68.73503
G1 X-.521 Y42.979 E69.00985
G0 F675 X-.698 Y41.383
G0 X-10.6 Y8.876
G0 X-12.598 Y2.962
G0 X-12.081 Y4.897
G1 F875.8 X-11.037 Y5.613 E69.31575
G1 X-11.106 Y4.575 E69.56712
G1 F879.8 X-11.115 Y3.391 E69.85193
G1 X-11.091 Y3.058 E69.93224
G1 F840.6 X-11.189 Y2.519 E70.07015
G1 F775.4 X-11.264 Y2.115 E70.18229
G1 F723.5 X-11.297 Y1.674 E70.31165
G1 F682.5 X-11.294 Y1.281 E70.43351
G1 F648.1 X-11.287 Y0.819 E70.58438
G1 F612.5 X-11.257 Y0.304 E70.7626
G1 X-11.639 Y0.651 E70.9409
G1 F648.1 X-11.991 Y0.912 E71.08398
G1 F682.5 X-12.318 Y1.14 E71.20759
G1 F723.5 X-12.699 Y1.363 E71.33672
G1 F775.4 X-13.074 Y1.53 E71.44875
G1 F840.6 X-13.487 Y1.663 E71.55798
G1 F878.9 X-14.079 Y2.048 E71.72801
G1 F844.5 X-14.593 Y2.438 E71.88968
G1 F778.8 X-15.38 Y2.873 E72.13403
G1 F728.2 X-15.924 Y3.102 E72.30556
G1 F693.7 X-16.473 Y3.29 E72.48258
G1 F687.4 X-16.141 Y3.356 E72.58679
G1 F721 X-15.321 Y3.556 E72.83454
G1 F756.3 X-15.066 Y3.639 E72.90957
G1 F789 X-14.445 Y3.856 E73.086
G1 F844.5 X-13.861 Y4.13 E73.24764
G1 F878.9 X-13.059 Y4.404 E73.4517
G1 F879.8 X-12.081 Y4.897 E73.71515
G0 F675 X-12.623 Y2.924
G0 X-11.257 Y0.304
G1 F591.2 X-10.701 Y-.834 E74.16852
G0 F675 X-9.43 Y-3.306
G0 X-12.625 Y2.98
G0 X-16.473 Y3.29
G1 F677.7 X-18.15 Y3.426 E74.69389
G0 F675 X-14.005 Y0.223
G0 X-13.163 Y-.77
G0 X-12.434 Y-2.543
G0 X-12.581 Y-4.155
G0 X-13.259 Y-5.364
G0 X-14.149 Y-6.276
G0 X-23.98 Y-12.771
G1 F795.1 X-22.394 Y-13.047 E75.12238
G1 X-21.05 Y-13.189 E75.4821
G1 X-20.431 Y-13.206 E75.64692
G1 X-22.677 Y-15.479 E76.49746
G1 X-23.407 Y-16.052 E76.74447
G1 X-24.215 Y-16.142 E76.96086
G1 F789.5 X-25.22 Y-16.075 E77.23085
G1 F785.8 X-25.955 Y-15.926 E77.43282
G1 F787.6 X-26.258 Y-15.815 E77.51952
G1 X-26.835 Y-15.498 E77.6964
G1 X-27.464 Y-14.981 E77.91516
G1 X-28.22 Y-14.108 E78.22544
G1 X-28.6 Y-13.53 E78.41129
G1 X-28.762 Y-13.194 E78.51151
G1 X-25.882 Y-12.574 E79.30303
G1 X-25.333 Y-12.577 E79.45053
G1 F791.3 X-23.98 Y-12.771 E79.81606
G0 F675 X5.792 Y0.648
G0 X7.414 Y0.554
G1 F901.8 X7.176 Y-.121 E79.98401
G1 X7.011 Y-.83 E80.15483
G1 F900.9 X6.891 Y-1.682 E80.35694
G1 F900 X6.872 Y-2.108 E80.45721
G1 X6.927 Y-3.077 E80.68542
G1 X7.099 Y-3.859 E80.87369
G1 X7.285 Y-4.432 E81.01534
G1 X7.612 Y-5.147 E81.2002
G1 X8.304 Y-6.114 E81.4798
G1 X8.945 Y-6.785 E81.69799
G1 F896.4 X10.005 Y-7.609 E82.01494
G1 F885.5 X10.38 Y-7.843 E82.12057
G1 F869 X11.42 Y-8.367 E82.40416
G1 F863.7 X12.117 Y-8.584 E82.58302
G1 F852.3 X13.525 Y-9.067 E82.95262
G1 F837.5 X15.119 Y-9.326 E83.36069
G1 F821.7 X15.477 Y-9.57 E83.47227
G1 F806.2 X15.763 Y-9.576 E83.54736
G1 X15.555 Y-9.767 E83.62148
G1 F821.7 X15.444 Y-10.194 E83.73511
G1 F837.5 X14.867 Y-10.995 E83.98456
G1 X14.501 Y-11.699 E84.18506
G1 X14.363 Y-12.064 E84.28366
G1 F849.9 X14.21 Y-12.976 E84.51393
G1 F869.8 X14.207 Y-13.504 E84.64238
G1 F894.6 X14.385 Y-14.81 E84.95416
G1 F905.4 X14.201 Y-14.291 E85.08286
G1 F887.6 X13.866 Y-13.606 E85.26467
G1 F862.6 X13.271 Y-12.77 E85.5164
G1 F842.7 X12.967 Y-12.453 E85.62669
G1 F837.5 X12.373 Y-12.021 E85.81228
G1 F852.3 X11.327 Y-11.599 E86.09235
G1 F863.7 X10.582 Y-11.38 E86.2826
G1 X10.147 Y-11.334 E86.38977
G1 F876.6 X9.132 Y-11.354 E86.63484
G1 F889.3 X8.791 Y-11.402 E86.71679
G1 F896.4 X8.01 Y-11.6 E86.90699
G1 F900 X7.439 Y-11.821 E87.05096
G1 X6.808 Y-12.148 E87.21806
G1 X6.246 Y-12.561 E87.38205
G1 X5.346 Y-13.432 E87.67654
G1 X4.657 Y-14.353 E87.94699
G1 X4.482 Y-13.2 E88.22121
G1 X4.216 Y-12.291 E88.4439
G1 X3.744 Y-11.261 E88.71031
G1 X3.385 Y-10.648 E88.87734
G1 X2.447 Y-9.486 E89.22848
G1 X1.408 Y-8.567 E89.55463
G1 F898.8 X0.09 Y-7.715 E89.92414
G1 F895.8 X-1.345 Y-7.098 E90.29314
G1 F887 X-1.92 Y-6.914 E90.43717
G1 F870.4 X-2.903 Y-6.688 E90.6824
G1 F857.1 X-3.329 Y-6.629 E90.78858
G1 F850.7 X-4.918 Y-6.669 E91.184
G1 F831.3 X-5.866 Y-6.754 E91.4263
G1 F792.7 X-6.417 Y-6.788 E91.57367
G1 F749 X-7.1 Y-6.869 E91.768
G1 F701.8 X-7.698 Y-6.918 E91.94892
G1 F668.6 X-7.997 Y-6.961 E92.04452
G1 F690.5 X-8.655 Y-7.399 E92.28676
G1 F741.8 X-8.885 Y-7.576 E92.36955
G1 F789.2 X-9.543 Y-8.008 E92.58061
G1 F845.9 X-9.915 Y-8.289 E92.69724
G1 F891.4 X-10.475 Y-8.68 E92.85939
G1 F938.2 X-11.533 Y-9.475 E93.15791
G1 F952 X-12.344 Y-10.138 E93.39075
G1 F927.8 X-13.156 Y-10.801 E93.62984
G1 F907.9 X-15.056 Y-12.757 E94.26546
G1 F900 X-16.112 Y-13.763 E94.6084
G1 X-17.459 Y-14.859 E95.01672
G1 X-18.456 Y-15.763 E95.33316
G1 X-20.488 Y-17.814 E96.01202
G1 X-21.509 Y-18.65 E96.3223
G1 X-22.296 Y-19.058 E96.53074
G1 X-22.73 Y-19.187 E96.6372
G1 X-23.313 Y-19.285 E96.77621
G1 X-24.113 Y-19.34 E96.96476
G1 X-24.893 Y-19.336 E97.14816
G1 X-25.63 Y-19.273 E97.32209
G1 X-26.325 Y-19.154 E97.48788
G1 X-26.928 Y-18.993 E97.63463
G1 X-27.523 Y-18.773 E97.78379
G1 X-28.096 Y-18.494 E97.93365
G1 X-28.639 Y-18.163 E98.08317
G1 X-29.186 Y-17.754 E98.24377
G1 X-29.71 Y-17.284 E98.40928
G1 X-30.243 Y-16.718 E98.59208
G1 X-30.787 Y-16.046 E98.79538
G1 X-31.403 Y-15.107 E99.05944
G1 X-31.793 Y-14.273 E99.27592
G1 X-31.993 Y-13.506 E99.46229
G1 X-32.028 Y-13.161 E99.54383
G1 X-31.986 Y-12.47 E99.70661
G1 X-31.901 Y-12.105 E99.79473
G1 X-31.587 Y-11.331 E99.99113
G1 X-31.413 Y-11.044 E100.07004
G1 X-31.119 Y-10.727 E100.1717
G1 X-30.473 Y-10.374 E100.34479
G1 X-29.325 Y-10.028 E100.62672
G1 X-27.56 Y-9.643 E101.05149
G1 X-26.261 Y-9.377 E101.36326
G1 X-25.703 Y-9.343 E101.49471
G1 X-24.437 Y-9.447 E101.79339
G1 X-22.084 Y-9.855 E102.35491
G1 X-20.853 Y-9.997 E102.64628
G1 X-19.649 Y-10.009 E102.92939
G1 X-18.823 Y-9.939 E103.1243
G1 X-18.161 Y-9.829 E103.28209
G1 X-17.079 Y-9.54 E103.54543
G1 F914 X-15.938 Y-9.051 E103.83284
G1 F937.5 X-14.747 Y-8.372 E104.1423
G1 F949 X-13.29 Y-7.319 E104.54315
G1 F932.3 X-12.313 Y-6.426 E104.84359
G1 F891.4 X-11.947 Y-6.064 E104.9658
G1 F835.9 X-11.476 Y-5.519 E105.14816
G1 F780.8 X-11.204 Y-5.205 E105.26075
G1 F741.8 X-11.021 Y-4.978 E105.34393
G1 F690.5 X-10.673 Y-4.512 E105.52217
G1 F658.7 X-10.589 Y-4.13 E105.64783
G1 F647.5 X-10.421 Y-2.783 E106.09148
G1 F624.4 X-10.451 Y-1.903 E106.38989
G1 F606.7 X-10.534 Y-1.431 E106.55704
G1 F594.1 X-10.701 Y-.834 E106.77787
G1 X-10.306 Y-1.321 E107.00124
G1 F606.7 X-9.986 Y-1.678 E107.16845
G1 F624.4 X-9.312 Y-2.245 E107.46695
G1 F647.5 X-8.138 Y-3.005 E107.92404
G1 F658.7 X-7.793 Y-3.191 E108.04996
G1 F670.5 X-7.533 Y-3.23 E108.13294
G1 F703.9 X-6.887 Y-3.377 E108.33213
G1 F749 X-6.385 Y-3.443 E108.47519
G1 F792.7 X-5.835 Y-3.488 E108.6225
G1 F831.8 X-5.006 Y-3.531 E108.83369
G1 F858.2 X-4.343 Y-3.538 E108.99718
G1 F859.3 X-3.451 Y-3.477 E109.21736
G1 F859.9 X-2.712 Y-3.324 E109.40309
G1 F880.6 X-1.574 Y-2.923 E109.69304
G1 F897 X-.217 Y-2.285 E110.04679
G1 F900 X1.687 Y-1.145 E110.5686
G1 X2.618 Y-.435 E110.8439
G1 F900.6 X3.434 Y0.312 E111.10385
G1 F901.5 X4.495 Y1.539 E111.48462
G1 F901.8 X4.765 Y1.905 E111.59135
G1 F912.5 X5.273 Y2.737 E111.81743
G1 F919 X6.049 Y3.976 E112.15408
G1 F909.1 X7.166 Y5.916 E112.67518
G1 F901.8 X7.576 Y6.584 E112.8591
G1 F900 X8.642 Y8.508 E113.37629
G1 X9.48 Y10.432 E113.86973
G1 X10.091 Y12.174 E114.3038
G1 X10.626 Y13.993 E114.74962
G1 X11.405 Y16.936 E115.46544
G1 X11.399 Y16.944 E115.4678
G1 X11.9 Y18.622 E115.87956
G1 X12.384 Y19.916 E116.2044
G1 X12.933 Y21.054 E116.5015
G1 X13.602 Y22.101 E116.79364
G1 X14.445 Y23.092 E117.09956
G1 X15.52 Y24.042 E117.43689
G1 X16.382 Y24.639 E117.68343
G1 X17.036 Y24.983 E117.85718
G1 X17.662 Y25.187 E118.012
G1 X18.135 Y25.244 E118.12402
G1 X18.64 Y25.181 E118.24368
G1 X19.2 Y24.978 E118.38374
G1 X19.725 Y24.689 E118.52465
G1 X20.147 Y24.386 E118.6468
G1 X20.507 Y24.057 E118.76148
G1 X20.796 Y23.72 E118.86586
G1 X21.075 Y23.3 E118.98442
G1 X21.536 Y22.313 E119.24056
G1 X21.914 Y20.986 E119.56499
G1 X22.133 Y19.893 E119.8271
G1 X22.366 Y18.109 E120.25014
G1 X22.377 Y16.661 E120.59062
G1 X22.245 Y15.691 E120.8208
G1 X22.129 Y15.24 E120.9303
G1 X21.748 Y14.18 E121.19515
G1 X21.198 Y13.065 E121.48748
G1 X20.461 Y11.827 E121.82625
G1 X19.802 Y10.952 E122.08382
G1 X19.094 Y10.281 E122.31318
G1 X18.513 Y9.833 E122.48568
G1 X16.413 Y8.439 E123.07835
G1 X15.044 Y7.416 E123.48019
G1 X13.727 Y6.289 E123.88776
G1 X13.035 Y5.787 E124.08878
G1 X10.713 Y4.358 E124.72986
G1 F901.8 X9.777 Y3.638 E125.00697
G1 F906.3 X9.169 Y3.086 E125.19871
G1 F912.8 X8.409 Y2.229 E125.46427
G1 F920.2 X7.759 Y1.202 E125.74377
G1 F912.5 X7.414 Y0.554 E125.91402
G0 F675 X5.792 Y0.648
G0 X3.085 Y-16.854
G0 X2.79 Y-17.899
G0 X-4.419 Y-35.174
G1 F538.5 X-4.667 Y-35.539 E126.08744
G1 F535 X-5.332 Y-36.466 E126.53873
G1 F539.6 X-5.673 Y-36.958 E126.77351
G0 F675 X0.224 Y-25.883
G0 X1.8 Y-22.98
G1 F900 X1.776 Y-24.024 E127.01905
G1 X1.772 Y-26.289 E127.55162
G1 X1.741 Y-27.304 E127.79039
G1 X1.662 Y-28.28 E128.02063
G1 X1.515 Y-29.273 E128.25666
G1 X1.265 Y-30.353 E128.51732
G1 X0.341 Y-33.8 E129.35644
G1 X-.101 Y-35.216 E129.70523
G1 X-.633 Y-36.527 E130.0379
G1 X-1.252 Y-37.669 E130.34333
G1 X-2.181 Y-38.971 E130.71941
G1 X-3.18 Y-40.203 E131.09236
G1 X-4.159 Y-41.305 E131.43896
G1 X-4.566 Y-41.707 E131.57347
G1 X-5.333 Y-42.322 E131.80463
G1 X-5.747 Y-42.572 E131.91835
G1 X-6.544 Y-42.901 E132.12108
G1 X-7.022 Y-43.014 E132.23658
G1 X-7.84 Y-43.108 E132.43018
G1 X-8.609 Y-43.061 E132.61133
G1 X-8.937 Y-42.98 E132.69077
G1 X-9.461 Y-42.709 E132.82948
G1 X-9.814 Y-42.397 E132.94026
G1 X-10.203 Y-41.906 E133.08755
G1 X-10.506 Y-41.357 E133.23499
G1 X-10.648 Y-40.894 E133.34887
G1 X-10.689 Y-40.452 E133.45324
G1 X-10.634 Y-39.661 E133.63968
G1 X-10.467 Y-38.745 E133.85861
G1 X-10.21 Y-37.709 E134.10959
G1 X-9.891 Y-36.674 E134.36425
G1 X-9.547 Y-35.807 E134.58357
G1 X-9.17 Y-35.052 E134.78199
G1 X-8.725 Y-34.3 E134.98745
G1 X-8.01 Y-33.259 E135.2844
G1 X-7.061 Y-32.104 E135.63589
G1 X-5.211 Y-29.937 E136.30585
G1 X-4.042 Y-28.448 E136.75097
G1 X-3.299 Y-27.422 E137.04883
G1 X-2.681 Y-26.61 E137.28876
G1 X-2.058 Y-25.913 E137.50857
G1 X-1.395 Y-25.257 E137.72788
G1 X0.758 Y-23.305 E138.41121
G1 X1.853 Y-22.189 E138.77883
G1 X1.8 Y-22.98 E138.96524
G0 F675 X0.163 Y-25.884
G0 X2.721 Y-18.144
G0 X3.085 Y-16.854
G0 X3.244 Y-15.462
G0 X3.24 Y-14.679
G0 X3.072 Y-13.495
G0 X2.832 Y-12.709
G0 X2.296 Y-11.607
G0 X1.504 Y-10.583
G0 X0.535 Y-9.724
G0 X-14.977 Y0.865
G0 X-36.857 Y12.447
G1 F829.2 X-35.413 Y11.793 E139.36977
G1 F840.6 X-34.194 Y11.133 E139.71875
G1 X-33.31 Y10.485 E139.99468
G1 X-32.655 Y9.908 E140.21443
G1 X-30.716 Y7.934 E140.91102
G1 X-30.126 Y7.379 E141.11494
G1 X-31.183 Y7.535 E141.38392
G1 X-32.83 Y7.823 E141.80484
G1 X-34.364 Y8.18 E142.20134
G1 X-35.456 Y8.474 E142.48604
G1 X-36.657 Y8.843 E142.80234
G1 F830.3 X-38.581 Y9.571 E143.32667
G1 F820.4 X-39.068 Y9.792 E143.46461
G1 X-39.91 Y10.255 E143.71247
G1 X-39.972 Y11.928 E144.1443
G1 X-39.668 Y12.211 E144.25143
G1 X-39.416 Y12.327 E144.32299
G1 X-38.749 Y12.498 E144.5006
G1 X-37.567 Y12.643 E144.80777
G1 F819.2 X-36.857 Y12.447 E144.99804
G0 F675 X-36.31 Y13.89
G0 X-35.704 Y15.382
G1 F900 X-34.889 Y15.016 E145.20811
G1 X-33.321 Y14.21 E145.62265
G1 X-32.547 Y13.768 E145.83223
G1 X-31.323 Y12.874 E146.18863
G1 X-30.518 Y12.164 E146.44101
G1 X-28.506 Y10.117 E147.1159
G1 X-27.03 Y8.743 E147.59005
G1 X-25.592 Y7.692 E148.00885
G1 X-23.986 Y6.701 E148.45258
G1 X-22.285 Y5.622 E148.92622
G1 X-21.044 Y4.913 E149.26228
G1 F885.5 X-20.484 Y4.604 E149.41513
G1 F833.8 X-19.774 Y4.156 E149.62819
G1 F761.4 X-18.929 Y3.723 E149.89208
G1 F709.8 X-18.42 Y3.529 E150.05448
G1 F685.3 X-18.15 Y3.426 E150.14372
G1 X-18.433 Y3.376 E150.23247
G1 F709.8 X-18.967 Y3.269 E150.39484
G1 F761.4 X-19.973 Y3.067 E150.68002
G1 F833.8 X-20.796 Y2.901 E150.89309
G1 F885.5 X-21.6 Y2.852 E151.08558
G1 F900 X-22.542 Y2.912 E151.30752
G1 X-24.419 Y3.308 E151.75858
G1 X-25.791 Y3.563 E152.0867
G1 X-27.107 Y3.782 E152.40039
G1 X-31.54 Y4.444 E153.45429
G1 X-33.45 Y4.779 E153.91025
G1 X-35.118 Y5.166 E154.31287
G1 X-36.317 Y5.489 E154.60484
G1 X-37.589 Y5.88 E154.91774
G1 X-38.868 Y6.31 E155.23502
G1 X-40.447 Y6.964 E155.63687
G1 X-41.462 Y7.494 E155.90611
G1 X-43.061 Y8.545 E156.35603
G1 X-43.044 Y9.831 E156.65844
G1 X-43.116 Y11.851 E157.13371
G1 X-43.079 Y12.588 E157.30722
G1 X-42.982 Y13.051 E157.41845
G1 X-42.882 Y13.272 E157.47548
G1 X-42.466 Y13.854 E157.64369
G1 X-41.876 Y14.476 E157.84527
G1 X-41.323 Y14.889 E158.00756
G1 X-41.014 Y15.062 E158.09083
G1 X-40.355 Y15.334 E158.25846
G1 X-39.371 Y15.586 E158.4973
G1 X-37.973 Y15.794 E158.82963
G1 X-37.152 Y15.765 E159.0228
G1 X-36.425 Y15.626 E159.19683
G1 X-35.704 Y15.382 E159.37581
G0 F675 X-36.309 Y13.889
G0 X-7.112 Y-1.316
G0 X-7.186 Y-4.5
G0 X19.136 Y-9.924
G0 X19.139 Y-10.905
;TYPE:WALL-OUTER
G1 F632.9 X18.617 Y-10.985 E159.55238
G1 F653 X18.393 Y-11.219 E159.65736
G1 F685.3 X18.2 Y-11.369 E159.73285
G1 F736.3 X17.987 Y-11.748 E159.8578
G1 F818.2 X17.92 Y-11.999 E159.92499
G1 F877.8 X17.572 Y-12.534 E160.07886
G1 F900 X17.319 Y-13.038 E160.21146
G1 X17.244 Y-13.506 E160.32291
G1 X17.286 Y-14.104 E160.46386
G1 X17.35 Y-14.392 E160.53323
G1 X17.717 Y-15.235 E160.74942
G1 X18.174 Y-15.982 E160.95532
G1 X19.309 Y-17.622 E161.42428
G1 X20.059 Y-18.441 E161.6854
G1 X21.169 Y-19.388 E162.02848
G1 X22.419 Y-20.177 E162.37604
G1 X24.764 Y-21.442 E163.00254
G1 X25.677 Y-21.999 E163.25401
G1 X26.952 Y-22.858 E163.6155
G1 X28.397 Y-23.601 E163.99755
G1 X28.942 Y-23.937 E164.14809
G1 X29.482 Y-24.398 E164.31504
G1 X29.961 Y-25.013 E164.49833
G1 X30.434 Y-25.832 E164.72071
G1 X30.796 Y-26.642 E164.92932
G1 X31.026 Y-27.437 E165.12392
G1 X31.121 Y-28.296 E165.32713
G1 X31.107 Y-28.678 E165.41701
G1 X30.953 Y-29.521 E165.61851
G1 X30.582 Y-30.493 E165.86314
G1 X30.129 Y-31.27 E166.07462
G1 X29.538 Y-31.946 E166.28575
G1 X29.242 Y-32.198 E166.37715
G1 X28.471 Y-32.69 E166.5922
G1 X27.624 Y-33.055 E166.80907
G1 X26.649 Y-33.331 E167.04733
G1 X25.759 Y-33.507 E167.26065
G1 X24.838 Y-33.63 E167.47913
G1 X23.983 Y-33.687 E167.68061
G1 X23.133 Y-33.677 E167.88049
G1 X22.342 Y-33.601 E168.06733
G1 X21.534 Y-33.449 E168.26065
G1 X20.78 Y-33.238 E168.44475
G1 X20.007 Y-32.942 E168.63938
G1 X19.263 Y-32.579 E168.83403
G1 X18.525 Y-32.138 E169.03618
G1 X17.801 Y-31.624 E169.24495
G1 X17.083 Y-31.032 E169.46376
G1 X16.227 Y-30.162 E169.75074
G1 X15.568 Y-29.273 E170.01094
G1 X15.056 Y-28.351 E170.25892
G1 X14.678 Y-27.42 E170.49518
G1 X14.377 Y-26.402 E170.74479
G1 X14.155 Y-25.413 E170.98312
G1 X13.765 Y-23.264 E171.49668
G1 X13.561 Y-22.22 E171.7468
G1 X13.27 Y-21.004 E172.04079
G1 X12.903 Y-19.837 E172.32844
G1 X12.208 Y-18.118 E172.76441
G1 X11.73 Y-16.208 E173.22737
G1 X11.335 Y-15.283 E173.46386
G1 X11.042 Y-14.912 E173.57502
G1 X10.667 Y-14.628 E173.68563
G1 X10.084 Y-14.41 E173.83198
G1 X9.335 Y-14.371 E174.00833
G1 X9.054 Y-14.417 E174.07529
G1 X8.506 Y-14.631 E174.21361
G1 X8.264 Y-14.785 E174.28106
G1 X7.563 Y-15.453 E174.50874
G1 X7.034 Y-16.188 E174.72167
G1 F873.5 X6.671 Y-16.622 E174.85874
G1 F809.6 X6.061 Y-17.367 E175.11043
G1 F763.8 X5.866 Y-17.655 E175.20679
G1 F730.5 X5.397 Y-18.348 E175.44919
G1 F708.5 X4.896 Y-19.718 E175.88491
G1 F734.5 X4.794 Y-20.715 E176.17366
G1 F794.6 X4.812 Y-21.528 E176.39024
G1 F860.7 X4.853 Y-22.192 E176.55381
G1 F897.3 X4.8 Y-23.049 E176.7563
G1 F900 X4.776 Y-24.125 E177.00937
G1 X4.772 Y-26.312 E177.5236
G1 X4.737 Y-27.469 E177.79578
G1 X4.644 Y-28.621 E178.06753
G1 X4.465 Y-29.832 E178.35537
G1 X4.176 Y-31.08 E178.65658
G1 X3.223 Y-34.634 E179.52176
G1 X2.726 Y-36.229 E179.91458
G1 X2.101 Y-37.767 E180.30493
G1 X1.294 Y-39.257 E180.70336
G1 X0.185 Y-40.817 E181.15341
G1 X-.892 Y-42.145 E181.55545
G1 X-1.981 Y-43.371 E181.94102
G1 X-3.09 Y-44.395 E182.29594
G1 X-3.663 Y-44.819 E182.46355
G1 X-4.324 Y-45.217 E182.64497
G1 X-4.976 Y-45.528 E182.81482
G1 X-5.694 Y-45.783 E182.99398
G1 X-6.472 Y-45.967 E183.18196
G1 X-7.335 Y-46.085 E183.38676
G1 X-7.85 Y-46.113 E183.50804
G1 X-8.979 Y-46.044 E183.77399
G1 X-9.923 Y-45.817 E184.00229
G1 X-10.812 Y-45.41 E184.23218
G1 X-11.228 Y-45.137 E184.34918
G1 X-11.991 Y-44.465 E184.58825
G1 X-12.691 Y-43.587 E184.85228
G1 X-13.017 Y-43.056 E184.99878
G1 X-13.275 Y-42.521 E185.13844
G1 X-13.463 Y-42.001 E185.26846
G1 X-13.597 Y-41.468 E185.39768
G1 X-13.693 Y-40.42 E185.64513
G1 X-13.616 Y-39.287 E185.91215
G1 X-13.401 Y-38.113 E186.19279
G1 X-13.102 Y-36.906 E186.48517
G1 X-12.723 Y-35.678 E186.78735
G1 X-12.289 Y-34.581 E187.06474
G1 X-11.806 Y-33.615 E187.31869
G1 X-11.255 Y-32.684 E187.57306
G1 X-10.671 Y-31.835 E187.81536
G1 X-10.054 Y-31.022 E188.05534
G1 X-9.385 Y-30.207 E188.30326
G1 X-7.494 Y-27.99 E188.98842
G1 X-6.472 Y-26.688 E189.37761
G1 X-5.727 Y-25.659 E189.67632
G1 X-4.997 Y-24.7 E189.95971
G1 X-4.232 Y-23.843 E190.22982
G1 X-3.457 Y-23.078 E190.48587
G1 X-1.259 Y-21.083 E191.18383
G1 X-.395 Y-20.197 E191.47481
G1 F863.2 X0.321 Y-19.538 E191.71338
G1 F812.8 X0.49 Y-19.423 E191.76661
G1 F771 X1.027 Y-18.8 E191.99236
G1 F727 X1.315 Y-18.462 E192.12163
G1 F712.4 X1.627 Y-17.72 E192.36073
G1 F712.8 X1.855 Y-16.995 E192.58637
G1 F714.7 X1.885 Y-16.769 E192.65388
G1 F736.9 X1.859 Y-16.474 E192.73892
G1 F772.3 X1.844 Y-15.84 E192.91269
G1 F803.1 X1.837 Y-15.486 E193.00599
G1 F855.2 X1.687 Y-14.768 E193.18749
G1 F900 X1.55 Y-13.837 E193.40875
G1 X1.366 Y-13.238 E193.55609
G1 X0.923 Y-12.362 E193.78691
G1 X0.393 Y-11.678 E193.99037
G1 X-.372 Y-10.992 E194.23198
G1 X-1.321 Y-10.376 E194.498
G1 X-2.361 Y-9.923 E194.76473
G1 X-3.479 Y-9.709 E195.03238
G1 X-4.402 Y-9.716 E195.24941
G1 X-5.431 Y-9.885 E195.49461
G1 X-6.516 Y-10.2 E195.76026
G1 X-7.557 Y-10.575 E196.02043
G1 X-8.334 Y-10.907 E196.2191
G1 X-9.153 Y-11.358 E196.43894
G1 X-9.774 Y-11.779 E196.61535
G1 X-11.104 Y-12.929 E197.02877
G1 X-12.926 Y-14.871 E197.6549
G1 X-14.128 Y-16.017 E198.0454
G1 X-15.516 Y-17.145 E198.46595
G1 X-16.416 Y-17.963 E198.75191
G1 X-18.435 Y-20.004 E199.42695
G1 X-19.228 Y-20.693 E199.67396
G1 X-19.845 Y-21.15 E199.8545
G1 X-20.516 Y-21.549 E200.03806
G1 X-21.254 Y-21.878 E200.22805
G1 X-22.052 Y-22.115 E200.42378
G1 X-22.963 Y-22.268 E200.64099
G1 X-24.017 Y-22.34 E200.8894
G1 X-25.028 Y-22.336 E201.12712
G1 X-26.012 Y-22.251 E201.35935
G1 X-26.964 Y-22.088 E201.58645
G1 X-27.837 Y-21.856 E201.79885
G1 X-28.705 Y-21.535 E202.01645
G1 X-29.536 Y-21.13 E202.23382
G1 X-30.322 Y-20.651 E202.45024
G1 X-31.091 Y-20.075 E202.67616
G1 X-31.807 Y-19.433 E202.90228
G1 X-32.505 Y-18.692 E203.14164
G1 X-33.182 Y-17.855 E203.39476
G1 X-34.019 Y-16.579 E203.75358
G1 X-34.35 Y-15.939 E203.923
G1 X-34.619 Y-15.291 E204.08797
G1 X-34.818 Y-14.642 E204.24758
G1 X-34.96 Y-13.976 E204.4077
G1 X-35.03 Y-13.304 E204.56657
G1 X-35.024 Y-12.634 E204.72411
G1 X-34.947 Y-11.96 E204.88362
G1 X-34.788 Y-11.273 E205.04943
G1 X-34.547 Y-10.581 E205.22172
G1 X-34.238 Y-9.916 E205.39414
G1 X-33.868 Y-9.306 E205.56189
G1 X-33.466 Y-8.815 E205.7111
G1 X-33.023 Y-8.4 E205.85383
G1 X-32.543 Y-8.059 E205.99228
G1 X-32.03 Y-7.778 E206.12981
G1 X-31.504 Y-7.552 E206.26442
G1 X-30.079 Y-7.122 E206.61441
G1 X-28.253 Y-6.724 E207.05384
G1 X-26.615 Y-6.393 E207.44677
G1 X-25.725 Y-6.339 E207.65642
G1 X-24.824 Y-6.38 E207.8685
G1 X-24.005 Y-6.477 E208.06242
G1 X-21.572 Y-6.899 E208.64303
G1 X-20.669 Y-7.002 E208.85673
G1 X-19.762 Y-7.011 E209.07001
G1 X-18.86 Y-6.912 E209.28337
G1 X-18.061 Y-6.706 E209.47739
G1 X-17.119 Y-6.309 E209.71775
G1 X-16.319 Y-5.875 E209.93175
G1 X-15.217 Y-5.129 E210.24465
G1 X-14.476 Y-4.359 E210.49592
G1 X-14.156 Y-3.769 E210.65374
G1 X-14.036 Y-3.061 E210.82259
G1 X-14.07 Y-2.692 E210.90972
G1 X-14.485 Y-1.642 E211.17519
G1 X-15.002 Y-1.004 E211.36828
G1 X-15.2 Y-.841 E211.42858
G1 X-15.788 Y-.487 E211.58996
G1 X-16.518 Y-.246 E211.77072
G1 X-17.137 Y-.138 E211.91847
G1 X-18.195 Y-0.069 E212.16776
G1 X-21.395 Y-.168 E212.92055
G1 X-22.637 Y-0.087 E213.2132
G1 X-23.53 Y0.056 E213.42585
G1 X-24.969 Y0.359 E213.77162
G1 X-26.285 Y0.604 E214.08637
G1 X-27.555 Y0.816 E214.38912
G1 X-31.893 Y1.47 E215.42065
G1 X-31.902 Y1.462 E215.42348
G1 X-34.048 Y1.839 E215.9358
G1 X-35.847 Y2.256 E216.37002
G1 X-37.148 Y2.606 E216.6868
G1 X-38.508 Y3.024 E217.02135
G1 X-39.886 Y3.488 E217.36323
G1 X-40.956 Y3.901 E217.63292
G1 X-41.762 Y4.266 E217.84096
G1 X-42.632 Y4.721 E218.07181
G1 X-43.503 Y5.246 E218.31094
G1 X-44.778 Y6.085 E218.66982
G1 X-45.407 Y6.672 E218.87211
G1 X-45.638 Y7.006 E218.9676
G1 X-45.838 Y7.393 E219.07003
G1 X-45.971 Y7.776 E219.16536
G1 X-46.063 Y8.475 E219.33114
G1 X-46.044 Y9.805 E219.64389
G1 X-46.118 Y11.87 E220.12975
G1 X-46.063 Y12.974 E220.38966
G1 X-45.874 Y13.875 E220.60612
G1 X-45.504 Y14.738 E220.82691
G1 X-44.792 Y15.751 E221.11804
G1 X-44.348 Y16.257 E221.27633
G1 X-43.876 Y16.716 E221.43114
G1 X-43.401 Y17.104 E221.57535
G1 X-42.902 Y17.443 E221.7172
G1 X-42.367 Y17.743 E221.86142
G1 X-41.251 Y18.202 E222.14515
G1 X-39.963 Y18.531 E222.45773
G1 X-38.553 Y18.74 E222.79289
G1 X-37.316 Y18.788 E223.08396
G1 X-36.75 Y18.743 E223.21747
G1 X-35.659 Y18.534 E223.47866
G1 X-34.606 Y18.178 E223.74002
G1 X-33.587 Y17.72 E224.00271
G1 X-31.891 Y16.848 E224.45112
G1 X-30.956 Y16.314 E224.70429
G1 X-30.142 Y15.76 E224.93581
G1 X-29.404 Y15.182 E225.15623
G1 X-28.453 Y14.342 E225.45458
G1 X-26.324 Y12.179 E226.1682
G1 X-25.118 Y11.062 E226.55471
G1 X-23.904 Y10.172 E226.90866
G1 X-22.434 Y9.269 E227.31431
G1 X-20.679 Y8.156 E227.80295
G1 X-19.566 Y7.522 E228.10413
G1 X-18.404 Y7.039 E228.40002
G1 X-17.127 Y6.798 E228.70558
G1 X-16.497 Y6.78 E228.85378
G1 X-15.73 Y6.835 E229.03459
G1 X-14.904 Y6.986 E229.23202
G1 X-14.184 Y7.222 E229.41018
G1 X-13.501 Y7.582 E229.59172
G1 F895.2 X-13.004 Y7.958 E229.73904
G1 F845.9 X-12.646 Y8.097 E229.83511
G1 F787.4 X-12.303 Y8.414 E229.96064
G1 F740.9 X-11.978 Y8.676 E230.07987
G1 F698.2 X-11.682 Y9.1 E230.23659
G1 F684.9 X-11.431 Y9.942 E230.50805
G1 F709 X-11.507 Y10.453 E230.66224
G1 F773.4 X-11.714 Y10.886 E230.79356
G1 F856.9 X-11.98 Y11.531 E230.96587
G1 F900 X-12.302 Y12.387 E231.18091
G1 X-13.096 Y13.93 E231.58894
G1 X-13.365 Y14.585 E231.75543
G1 X-13.589 Y15.318 E231.93565
G1 X-14.031 Y18.201 E232.62146
G1 X-14.482 Y20.53 E233.17925
G1 X-15.443 Y24.975 E234.24856
G1 X-15.862 Y27.048 E234.74584
G1 X-16.186 Y29.13 E235.24128
G1 X-16.367 Y31.176 E235.72424
G1 X-16.36 Y33.172 E236.19357
G1 X-16.115 Y35.148 E236.66175
G1 X-15.592 Y37.141 E237.14623
G1 X-14.753 Y39.118 E237.65121
G1 X-13.543 Y41.115 E238.20024
G1 X-12.698 Y42.198 E238.52323
G1 X-11.822 Y43.102 E238.81922
G1 X-10.864 Y43.887 E239.11044
G1 X-9.875 Y44.531 E239.38794
G1 X-8.831 Y45.049 E239.66197
G1 X-7.726 Y45.46 E239.93918
G1 X-6.574 Y45.764 E240.21933
G1 X-5.356 Y45.971 E240.50982
G1 X-4.163 Y46.081 E240.79153
G1 X-2.862 Y46.115 E241.09754
G1 X-1.514 Y46.069 E241.41468
G1 X-.171 Y45.961 E241.73148
G1 X0.879 Y45.799 E241.98129
G1 X1.846 Y45.524 E242.21768
G1 X2.646 Y45.149 E242.42543
G1 X3.038 Y44.893 E242.53551
G1 X3.724 Y44.296 E242.74934
G1 X4.329 Y43.521 E242.98052
G1 X4.601 Y43.06 E243.10638
G1 X5.14 Y41.922 E243.40245
G1 X5.513 Y40.834 E243.67289
G1 X5.745 Y39.777 E243.92734
G1 X5.86 Y38.72 E244.17734
G1 X5.863 Y37.659 E244.42682
G1 X5.777 Y36.599 E244.67688
G1 X5.611 Y35.515 E244.93473
G1 X5.389 Y34.448 E245.19099
G1 X5.074 Y33.168 E245.50094
G1 X4.183 Y29.775 E246.32579
G1 X3.388 Y27.181 E246.96373
G1 X2.378 Y24.786 E247.57489
G1 X1.223 Y22.59 E248.15831
G1 X-0.092 Y20.441 E248.7507
G1 X-1.42 Y18.453 E249.31284
G1 X-2.784 Y16.489 E249.87509
G1 X-4.103 Y14.552 E250.42611
G1 X-5.346 Y12.586 E250.97302
G1 X-6.35 Y10.742 E251.46671
G1 F877.2 X-6.484 Y10.643 E251.5069
G1 F835.9 X-6.706 Y10.305 E251.60927
G1 F773.4 X-7.293 Y9.411 E251.9019
G1 F709 X-7.66 Y8.875 E252.09578
G1 F684.9 X-8 Y7.716 E252.46896
G1 F698.2 X-8.057 Y7.202 E252.6257
G1 F725.4 X-8.104 Y6.802 E252.74319
G1 F770.1 X-8.044 Y6.207 E252.90752
G1 F845.9 X-7.997 Y5.226 E253.15323
G1 F895.2 X-8.078 Y4.394 E253.35083
G1 F900 X-8.083 Y3.515 E253.55752
G1 X-8.008 Y2.663 E253.75863
G1 X-7.716 Y1.591 E254.01987
G1 X-7.637 Y1.425 E254.0631
G1 X-7.042 Y0.583 E254.30552
G1 X-6.238 Y-0.001 E254.53918
G1 X-5.424 Y-.341 E254.7466
G1 X-4.504 Y-.478 E254.96531
G1 X-3.539 Y-.379 E255.1934
G1 X-2.555 Y-0.066 E255.43619
G1 X-1.671 Y0.347 E255.66561
G1 X0.011 Y1.343 E256.12524
G1 X0.686 Y1.86 E256.32516
G1 X1.329 Y2.46 E256.53195
G1 X2.216 Y3.483 E256.85032
G1 X3.156 Y4.908 E257.25172
G1 X4.569 Y7.404 E257.92612
G1 X5.043 Y8.198 E258.14355
G1 X5.922 Y9.79 E258.57115
G1 X6.7 Y11.571 E259.02813
G1 X7.285 Y13.245 E259.44509
G1 X7.745 Y14.829 E259.83292
G1 X8.487 Y17.634 E260.51515
G1 X8.477 Y17.647 E260.51901
G1 X9.055 Y19.578 E260.99295
G1 X9.622 Y21.094 E261.37353
G1 X10.309 Y22.519 E261.7455
G1 X11.185 Y23.889 E262.12785
G1 X12.298 Y25.198 E262.53186
G1 X13.667 Y26.408 E262.96147
G1 X14.784 Y27.181 E263.28087
G1 X15.866 Y27.749 E263.5682
G1 X17.005 Y28.118 E263.84972
G1 X17.576 Y28.215 E263.98591
G1 X18.133 Y28.249 E264.11712
G1 X18.702 Y28.215 E264.25115
G1 X19.317 Y28.108 E264.39793
G1 X19.887 Y27.943 E264.53745
G1 X20.506 Y27.683 E264.69532
G1 X21.327 Y27.232 E264.91557
G1 X22.041 Y26.72 E265.12216
G1 X22.667 Y26.147 E265.3217
G1 X23.193 Y25.533 E265.51181
G1 X23.657 Y24.836 E265.70869
G1 X24.033 Y24.124 E265.89801
G1 X24.354 Y23.349 E266.09525
G1 X24.613 Y22.545 E266.29387
G1 X24.84 Y21.651 E266.51074
G1 X25.095 Y20.383 E266.81486
G1 X25.359 Y18.356 E267.2955
G1 X25.399 Y17.218 E267.56324
G1 X25.371 Y16.45 E267.74394
G1 X25.18 Y15.06 E268.07385
G1 X25 Y14.358 E268.24425
G1 X24.513 Y13.004 E268.58259
G1 X23.836 Y11.633 E268.94211
G1 X22.988 Y10.207 E269.33222
G1 X22.53 Y9.542 E269.52208
G1 X22.032 Y8.942 E269.70542
G1 X21.534 Y8.433 E269.87286
G1 X21.004 Y7.966 E270.03895
G1 X20.261 Y7.393 E270.25957
G1 X18.11 Y5.962 E270.86704
G1 X16.876 Y5.036 E271.2298
G1 X15.586 Y3.931 E271.62919
G1 X14.705 Y3.292 E271.88509
G1 X12.485 Y1.926 E272.49799
G1 X11.649 Y1.303 E272.74314
G1 X11.046 Y0.742 E272.93679
G1 X10.635 Y0.249 E273.08771
G1 X10.219 Y-.5 E273.28917
G1 X9.976 Y-1.271 E273.47925
G1 X9.872 Y-2.092 E273.67383
G1 X9.903 Y-2.698 E273.81651
G1 X10.097 Y-3.387 E273.98481
G1 X10.189 Y-3.587 E274.03658
G1 X10.719 Y-4.331 E274.25136
G1 X10.967 Y-4.563 E274.33121
G1 X11.689 Y-5.096 E274.54223
G1 X12.46 Y-5.479 E274.74465
G1 X14.035 Y-5.993 E275.13421
G1 X15.503 Y-6.237 E275.48411
G1 F877.8 X15.619 Y-6.322 E275.51879
G1 F818.2 X16.279 Y-6.48 E275.69431
G1 F751.3 X16.891 Y-6.633 E275.87201
G1 F697.3 X17.153 Y-6.753 E275.95947
G1 F652.2 X17.749 Y-6.817 E276.15397
G1 F632.9 X18.588 Y-6.699 E276.43726
G1 F668.3 X19.082 Y-6.362 E276.62661
G1 F761 X19.717 Y-5.936 E276.83925
G1 F860.4 X19.801 Y-5.773 E276.88435
G1 F899.4 X21.087 Y-5.369 E277.20151
G1 F900 X22.436 Y-4.872 E277.53955
G1 X25.214 Y-3.802 E278.23952
G1 X26.709 Y-3.289 E278.61116
G1 X28.242 Y-2.855 E278.98579
G1 X29.924 Y-2.514 E279.38932
G1 X30.679 Y-2.374 E279.56987
G1 X31.87 Y-2.081 E279.85827
G1 X34.162 Y-1.38 E280.42183
G1 X35.056 Y-1.161 E280.63825
G1 X35.724 Y-1.044 E280.79771
G1 X36.41 Y-.981 E280.95969
G1 X37.133 Y-.984 E281.12969
G1 X37.905 Y-1.07 E281.31234
G1 X38.669 Y-1.24 E281.49637
G1 X40.18 Y-1.747 E281.87113
G1 X41.413 Y-2.35 E282.19386
G1 X41.986 Y-2.713 E282.35335
G1 X43.022 Y-3.569 E282.66934
G1 X43.919 Y-4.568 E282.98503
G1 X44.768 Y-5.804 E283.33761
G1 X45.408 Y-6.971 E283.65056
G1 X45.785 Y-7.892 E283.88456
G1 X46.019 Y-8.792 E284.10321
G1 X46.113 Y-9.693 E284.31622
G1 X46.076 Y-10.637 E284.53835
G1 X45.914 Y-11.626 E284.774
G1 X45.67 Y-12.571 E285.00349
G1 X45.388 Y-13.336 E285.19519
G1 X44.857 Y-14.296 E285.45315
G1 X44.368 Y-14.885 E285.63315
G1 X43.787 Y-15.415 E285.81806
G1 X43.087 Y-15.914 E286.0202
G1 X42.396 Y-16.325 E286.20924
G1 X41.714 Y-16.671 E286.38906
G1 X41.041 Y-16.947 E286.56009
G1 X40.364 Y-17.168 E286.72754
G1 X39.048 Y-17.443 E287.04366
G1 X37.653 Y-17.569 E287.373
G1 X36.143 Y-17.599 E287.72812
G1 X33.923 Y-17.58 E288.25013
G1 X32.594 Y-17.503 E288.56315
G1 X31.414 Y-17.31 E288.84429
G1 X30.471 Y-17.071 E289.07303
G1 X29.513 Y-16.751 E289.31052
G1 X28.432 Y-16.319 E289.58425
G1 X27.465 Y-15.8 E289.8423
G1 X26.592 Y-15.141 E290.09949
G1 X25.226 Y-13.912 E290.53154
G1 X24.247 Y-13.215 E290.81411
G1 X23.638 Y-12.902 E290.97512
G1 X22.658 Y-12.52 E291.22243
G1 X21.154 Y-11.914 E291.6037
G1 F899.4 X20.14 Y-11.603 E291.85325
G1 F871.5 X19.917 Y-11.463 E291.91718
G1 F769.9 X19.62 Y-11.122 E292.04148
G1 F668.3 X19.139 Y-10.905 E292.20857
G0 F675 X18.617 Y-10.985
G0 X18.393 Y-11.219
G0 X18.2 Y-11.369
G0 X18.003 Y-11.72
G0 X13.459 Y-10.53
G0 X-7.112 Y-1.316
G0 X-8.045 Y-.618
G0 X-8.583 Y-0.014
G0 X-9.159 Y0.959
G0 X-9.545 Y2.386
G0 X-9.634 Y3.46
G0 X-9.632 Y4.489
G0 X-9.402 Y6.441
G0 X-4.187 Y37.136
;TYPE:SKIN
G1 F869.6 X-5.035 Y36.956 E292.41954
G1 X-5.444 Y36.783 E292.52761
G1 X-5.771 Y36.541 E292.62661
G1 X-6.22 Y36.018 E292.79436
G1 X-6.806 Y35.055 E293.0687
G1 F863.7 X-7.119 Y34.253 E293.27963
G1 F857.4 X-7.334 Y33.447 E293.48551
G1 F862.1 X-7.455 Y32.608 E293.6936
G1 F867.1 X-7.455 Y31.564 E293.9484
G1 X-7.337 Y30.204 E294.28158
G1 X-7.087 Y28.598 E294.67827
G1 X-6.703 Y26.701 E295.15066
G1 X-6.517 Y27.006 E295.23785
G1 X-5.685 Y28.587 E295.67389
G1 X-4.994 Y30.221 E296.10689
G1 X-4.378 Y32.24 E296.62209
G1 F862.1 X-4.263 Y32.744 E296.74899
G1 F863.2 X-3.92 Y33.951 E297.05662
G1 F869.6 X-3.595 Y35.181 E297.36622
G1 X-3.196 Y36.8 E297.77202
G1 X-3.147 Y37.193 E297.8684
G1 X-4.187 Y37.136 E298.12187
;MESH:NONMESH
G0 F600 X-4.187 Y37.136 Z1.5
G0 F675 X-9.348 Y6.899
G0 X-9.632 Y4.489
G0 X-9.634 Y3.46
G0 X-9.545 Y2.386
G0 X-9.159 Y0.959
G0 X-8.583 Y-0.014
G0 X-8.045 Y-.618
G0 X-7.112 Y-1.316
G0 X-7.186 Y-4.5
G0 X3.214 Y-4.931
;TIME_ELAPSED:145.399352
;LAYER:1
M106 S255
;TYPE:WALL-INNER
;MESH:030.stl
G1 F824.2 X3.478 Y-5.279 E298.45834
G1 F865.9 X3.673 Y-5.536 E298.69486
G1 F918.8 X4.082 Y-6.095 E299.17346
G1 F994.4 X4.548 Y-6.722 E299.67223
G1 F1060.8 X4.982 Y-7.277 E300.09389
G1 F1090.8 X6.138 Y-8.733 E301.17595
G0 F1237.5 X13.236 Y-10.839
G0 X14.371 Y-14.732
G1 F1380.8 X14.512 Y-15.215 E301.40728
G1 F1362.7 X14.847 Y-16.228 E301.90435
G1 F1303.1 X15.071 Y-16.829 E302.21683
G1 F1240 X15.399 Y-17.536 E302.61584
G0 F1237.5 X21.554 Y-26.724
G1 F1211.8 X22.467 Y-27.277 E303.17503
G0 F1237.5 X18.322 Y-22.93
G0 X16.378 Y-18.799
G1 F1296 X16.759 Y-19.283 E303.47677
G1 F1330.5 X18.045 Y-20.672 E304.37999
G1 F1350 X19.15 Y-21.611 E305.06191
G1 X19.659 Y-21.984 E305.35867
G1 X20.963 Y-22.799 E306.08181
G1 X23.648 Y-24.252 E307.5175
G1 X25.46 Y-25.466 E308.54319
G1 X27.093 Y-26.305 E309.40655
G1 X27.38 Y-26.552 E309.58462
G1 X27.754 Y-27.193 E309.93362
G1 X27.972 Y-27.684 E310.18625
G1 X28.073 Y-28.029 E310.3553
G1 X28.117 Y-28.413 E310.53707
G1 X28.016 Y-28.849 E310.74753
G1 X27.728 Y-29.454 E311.06263
G1 X27.447 Y-29.782 E311.26574
G1 X27.058 Y-30.032 E311.4832
G1 X26.615 Y-30.22 E311.70951
G1 X25.935 Y-30.414 E312.04205
G1 X25.259 Y-30.549 E312.36622
G1 X23.9 Y-30.686 E313.00855
G1 X22.762 Y-30.627 E313.54443
G1 X22.216 Y-30.525 E313.80563
G1 X21.203 Y-30.188 E314.30768
G1 X20.693 Y-29.939 E314.57457
G1 X19.624 Y-29.242 E315.1747
G1 X19.112 Y-28.817 E315.48762
G1 X18.512 Y-28.207 E315.88999
G1 X18.096 Y-27.645 E316.21881
G1 X17.767 Y-27.051 E316.53813
G1 X17.506 Y-26.412 E316.86273
G1 X17.282 Y-25.653 E317.23488
G1 X17.087 Y-24.79 E317.65095
G1 X16.709 Y-22.688 E318.6553
G1 X16.468 Y-21.474 E319.23734
G1 F1342.8 X16.149 Y-20.101 E319.90374
G1 F1316.6 X15.841 Y-18.853 E320.52356
G1 F1270.4 X15.408 Y-17.562 E321.20403
G1 F1262.5 X16.378 Y-18.799 E321.99453
G0 F1237.5 X18.346 Y-22.969
G0 X15.782 Y-14.67
G0 X15.628 Y-12.831
G0 X16.494 Y-11.295
G0 X17.778 Y-10.221
G0 X18.647 Y-10.055
G0 X36.955 Y-7.408
G1 F1069.7 X37.847 Y-7.707 E322.55285
G1 X38.462 Y-8.066 E322.97547
G1 X38.723 Y-8.32 E323.19161
G1 X39.024 Y-8.703 E323.48071
G1 X39.532 Y-9.535 E324.05924
G1 X39.707 Y-9.922 E324.31131
G1 X39.591 Y-10.558 E324.69498
G1 X39.042 Y-10.858 E325.06627
G1 X38.606 Y-11.017 E325.34169
G1 X38.187 Y-11.103 E325.59554
G1 X37.323 Y-11.182 E326.11044
G1 X36.112 Y-11.206 E326.82928
G1 X34.121 Y-11.188 E328.01093
G1 X32.826 Y-11.073 E328.7825
G1 X32.267 Y-10.931 E329.12479
G1 X30.986 Y-10.453 E329.93623
G1 X30.68 Y-10.221 E330.16413
G1 X29.487 Y-9.147 E331.11678
G1 X29.75 Y-9.073 E331.27893
G1 X32.251 Y-8.572 E332.79269
G1 X33.513 Y-8.267 E333.56322
G1 X35.843 Y-7.551 E335.00983
G1 X36.581 Y-7.385 E335.45875
G1 X36.955 Y-7.408 E335.68113
G0 F1237.5 X37.444 Y-5.688
G0 X37.865 Y-4.134
G1 F1350 X39.085 Y-4.544 E336.28638
G1 X39.899 Y-4.943 E336.71269
G1 X40.61 Y-5.436 E337.11956
G1 X40.936 Y-5.726 E337.32475
G1 X41.574 Y-6.439 E337.77469
G1 X41.851 Y-6.821 E337.99659
G1 X42.518 Y-7.916 E338.59954
G1 X42.86 Y-8.631 E338.97226
G1 X43.059 Y-9.331 E339.31449
G1 X43.107 Y-9.795 E339.53385
G1 X43.086 Y-10.344 E339.79222
G1 X42.976 Y-11.014 E340.11151
G1 X42.805 Y-11.674 E340.43214
G1 X42.596 Y-12.227 E340.71014
G1 X42.189 Y-12.811 E341.04489
G1 X41.892 Y-13.081 E341.23365
G1 X41.444 Y-13.402 E341.49283
G1 X40.456 Y-13.945 E342.02299
G1 X39.535 Y-14.282 E342.48419
G1 X38.629 Y-14.47 E342.91933
G1 X37.51 Y-14.572 E343.44773
G1 X36.157 Y-14.599 E344.08413
G1 X34.011 Y-14.58 E345.09335
G1 X33.137 Y-14.532 E345.50498
G1 X32.198 Y-14.413 E345.95009
G1 X31.312 Y-14.19 E346.37974
G1 X29.651 Y-13.575 E347.21267
G1 X29.12 Y-13.294 E347.49519
G1 X28.521 Y-12.843 E347.8478
G1 X27.083 Y-11.548 E348.75784
G1 X25.844 Y-10.679 E349.46952
G1 X24.8 Y-10.135 E350.02313
G1 X22.168 Y-9.091 E351.35468
G1 F1349.1 X21.311 Y-8.805 E351.77983
G1 F1348.7 X20.668 Y-8.647 E352.09151
G1 F1349.1 X22.096 Y-8.192 E352.79678
G1 F1350 X23.568 Y-7.651 E353.53428
G1 X24.843 Y-7.152 E354.17815
G1 X26.274 Y-6.61 E354.89775
G1 X27.615 Y-6.15 E355.56445
G1 X28.947 Y-5.774 E356.21532
G1 X31.257 Y-5.316 E357.32277
G1 X32.571 Y-5.007 E357.95756
G1 X34.942 Y-4.278 E359.12406
G1 X36.127 Y-4.02 E359.69438
G1 X36.959 Y-3.983 E360.08603
G1 X37.865 Y-4.134 E360.51796
G0 F1237.5 X37.445 Y-5.688
G0 X17.074 Y-7.82
G0 X15.418 Y-7.794
G0 X13.693 Y-7.511
G0 X11.836 Y-6.911
G0 X10.56 Y-6.237
G0 X9.69 Y-5.524
G0 X8.928 Y-4.575
G0 X8.376 Y-3.165
G0 X8.309 Y-1.942
G0 X8.491 Y-.756
G0 X8.776 Y0.062
G0 X18.428 Y20.747
G1 F1044.6 X18.741 Y19.313 E361.40998
G1 X18.938 Y17.809 E362.33182
G1 X18.957 Y17.224 E362.68754
G1 F1044.4 X18.914 Y16.61 E363.0617
G1 F1043.5 X18.834 Y16.242 E363.29081
G1 F1045.2 X18.583 Y15.524 E363.75282
G1 F1053 X18.195 Y14.695 E364.30464
G1 F1059.1 X17.476 Y13.484 E365.14885
G1 X17.117 Y13.083 E365.47148
G1 X16.527 Y12.609 E365.92514
G1 X14.451 Y11.231 E367.41875
G1 X12.99 Y10.13 E368.51535
G1 X13.445 Y11.465 E369.36079
G1 X13.956 Y13.239 E370.46741
G1 X14.775 Y16.33 E372.38419
G1 F1051.9 X15.16 Y17.525 E373.14188
G1 F1044.6 X15.549 Y18.564 E373.81612
G1 X15.94 Y19.375 E374.36329
G1 X16.373 Y20.052 E374.85169
G1 X16.907 Y20.678 E375.35174
G1 X17.646 Y21.332 E375.95148
G1 X18.061 Y21.621 E376.25882
G1 X18.199 Y21.384 E376.42549
G1 X18.428 Y20.747 E376.83688
G0 F1237.5 X2.389 Y1.317
G0 X1.682 Y0.672
G0 X0.89 Y0.065
G0 X-.891 Y-.994
G0 X-2.005 Y-1.518
G0 X-3.141 Y-1.89
G0 X-4.417 Y-2.052
G0 X-5.773 Y-1.881
G0 X-7.105 Y-1.32
G0 X-8.042 Y-.621
G0 X-8.59 Y-0.006
G0 X-9.12 Y0.891
G0 X-9.471 Y1.975
G0 X-9.634 Y3.409
G0 X-9.632 Y4.489
G0 X-9.402 Y6.441
G0 X-4.18 Y37.067
G1 F1371.5 X-3.222 Y37.128 E377.28123
G1 X-3.374 Y36.399 E377.62594
G1 X-3.613 Y35.412 E378.09602
G1 X-4.001 Y33.961 E378.79128
G1 F1361.8 X-4.187 Y33.357 E379.08591
G1 F1360 X-4.457 Y32.229 E379.62735
G1 F1367.8 X-5.063 Y30.251 E380.58756
G1 X-5.747 Y28.628 E381.40505
G1 X-6.668 Y26.877 E382.32334
G1 X-7.022 Y28.646 E383.1607
G1 X-7.268 Y30.221 E383.9006
G1 X-7.386 Y31.557 E384.52312
G1 X-7.382 Y32.602 E385.00816
G1 F1359.1 X-7.259 Y33.446 E385.40658
G1 F1351.4 X-7.055 Y34.226 E385.78535
G1 F1361.8 X-6.744 Y35.016 E386.18115
G1 F1371.5 X-6.139 Y36.011 E386.72019
G1 X-5.916 Y36.299 E386.8888
G1 X-5.557 Y36.632 E387.11546
G1 X-5.261 Y36.801 E387.27324
G1 X-4.672 Y36.982 E387.55846
G1 X-4.18 Y37.067 E387.78958
G0 F1237.5 X-1.859 Y40.077
G1 F1350 X-.566 Y39.951 E388.40051
G1 X-.274 Y39.212 E388.77419
G1 X-.14 Y38.377 E389.17188
G1 X-.186 Y37.298 E389.67976
G1 X-.342 Y36.274 E390.16686
G1 X-.74 Y34.635 E390.96002
G1 X-1.305 Y32.527 E391.98633
G1 X-1.597 Y31.387 E392.53974
G1 X-2.258 Y29.232 E393.59976
G1 X-3.051 Y27.353 E394.55885
G1 X-3.995 Y25.557 E395.51301
G1 X-5.14 Y23.689 E396.54335
G1 X-6.404 Y21.794 E397.61456
G1 X-8.133 Y19.293 E399.04438
G1 X-8.584 Y21.636 E400.16643
G1 X-9.569 Y26.19 E402.35754
G1 X-9.954 Y28.111 E403.27888
G1 X-10.227 Y29.859 E404.11086
G1 X-10.366 Y31.43 E404.85253
G1 X-10.361 Y32.791 E405.49257
G1 X-10.21 Y34.013 E406.0716
G1 X-9.899 Y35.197 E406.64728
G1 X-9.4 Y36.376 E407.24934
G1 X-8.594 Y37.703 E407.97947
G1 X-8.164 Y38.254 E408.30815
G1 X-7.751 Y38.68 E408.58717
G1 X-7.316 Y39.037 E408.85181
G1 X-6.895 Y39.311 E409.08803
G1 X-6.445 Y39.536 E409.32462
G1 X-5.91 Y39.734 E409.59289
G1 X-5.302 Y39.894 E409.88855
G1 X-4.57 Y40.019 E410.23776
G1 X-3.797 Y40.092 E410.6029
G1 X-2.882 Y40.113 E411.0333
G1 X-1.859 Y40.077 E411.51468
G0 F1237.5 X-.699 Y41.383
G0 X-.519 Y42.979
G1 F1350 X0.244 Y42.863 E411.87761
G1 X0.864 Y42.685 E412.18095
G1 X1.128 Y42.559 E412.31852
G1 X1.416 Y42.353 E412.48503
G1 X1.669 Y42.08 E412.66007
G1 X1.954 Y41.639 E412.907
G1 X2.356 Y40.79 E413.34874
G1 X2.619 Y40.023 E413.73005
G1 X2.78 Y39.294 E414.08114
G1 X2.86 Y38.543 E414.4363
G1 X2.863 Y37.776 E414.797
G1 X2.795 Y36.948 E415.18769
G1 X2.602 Y35.685 E415.78852
G1 X2.167 Y33.893 E416.65571
G1 X1.601 Y31.78 E417.68441
G1 X1.291 Y30.573 E418.27044
G1 X0.565 Y28.207 E419.43429
G1 X-.336 Y26.07 E420.52491
G1 X-1.386 Y24.074 E421.58551
G1 X-2.612 Y22.073 E422.68909
G1 X-3.94 Y20.083 E423.81416
G1 X-5.279 Y18.155 E424.91804
G1 X-6.654 Y16.133 E426.06794
G1 X-7.916 Y14.139 E427.17767
G1 X-8.5 Y13.065 E427.75257
G1 F1344.6 X-9.003 Y12.295 E428.18682
G1 X-9.639 Y13.773 E428.94651
G1 F1350 X-10.369 Y15.184 E429.6936
G1 X-10.659 Y15.986 E430.09465
G1 X-11.054 Y18.59 E431.33323
G1 X-11.53 Y21.067 E432.51938
G1 X-12.502 Y25.555 E434.67886
G1 X-12.908 Y27.585 E435.6524
G1 X-13.207 Y29.495 E436.56154
G1 X-13.367 Y31.303 E437.4151
G1 X-13.361 Y32.982 E438.20468
G1 X-13.163 Y34.58 E438.96191
G1 X-12.746 Y36.169 E439.73446
G1 X-12.076 Y37.747 E440.54066
G1 X-11.068 Y39.409 E441.45475
G1 X-10.431 Y40.226 E441.94193
G1 X-9.787 Y40.891 E442.37727
G1 X-9.09 Y41.462 E442.80099
G1 X-8.385 Y41.921 E443.1966
G1 X-7.638 Y42.292 E443.58883
G1 X-6.818 Y42.597 E444.00025
G1 X-5.938 Y42.829 E444.42823
G1 X-4.962 Y42.995 E444.89379
G1 X-3.973 Y43.089 E445.36098
G1 X-2.865 Y43.114 E445.88217
G1 X-1.687 Y43.073 E446.43647
G1 X-.519 Y42.979 E446.98752
G0 F1237.5 X-.698 Y41.383
G0 X-10.598 Y8.881
G0 X-12.597 Y2.962
G0 X-12.079 Y4.896
G1 F1320.1 X-11.654 Y5.171 E447.23097
G1 F1309 X-11.345 Y5.306 E447.39451
G1 F1298.1 X-11.084 Y5.523 E447.56051
G1 X-11.123 Y5.187 E447.72595
G1 F1309 X-11.082 Y4.835 E447.89782
G1 F1320.1 X-11.106 Y4.575 E448.02339
G1 X-11.112 Y3.334 E448.62022
G1 X-11.093 Y3.092 E448.73697
G1 F1214.4 X-11.247 Y2.08 E449.27211
G1 F1083.5 X-11.308 Y1.606 E449.55214
G1 F1006.5 X-11.311 Y1.04 E449.90916
G1 F941.4 X-11.274 Y0.524 E450.25803
G1 F903.4 X-11.255 Y0.302 E450.4146
G1 X-11.417 Y0.457 E450.57216
G1 F941.4 X-11.801 Y0.777 E450.90924
G1 F1006.5 X-12.288 Y1.125 E451.2868
G1 F1083.5 X-12.7 Y1.367 E451.56678
G1 F1214.4 X-13.485 Y1.665 E452.00573
G1 F1294.8 X-14.32 Y2.24 E452.50284
G1 F1232.5 X-14.763 Y2.536 E452.77728
G1 F1159.1 X-15.373 Y2.866 E453.15713
G1 F1094 X-15.936 Y3.101 E453.51116
G1 F1041.7 X-16.493 Y3.291 E453.86984
G1 F1032.6 X-16.136 Y3.361 E454.0935
G1 F1084.3 X-15.313 Y3.561 E454.58937
G1 F1136.4 X-15.084 Y3.635 E454.72382
G1 F1186.3 X-14.419 Y3.872 E455.10163
G1 F1270 X-13.876 Y4.126 E455.4013
G1 F1318.8 X-12.93 Y4.458 E455.88393
G1 F1320.1 X-12.079 Y4.896 E456.34422
G0 F1237.5 X-12.622 Y2.923
G0 X-11.255 Y0.302
G1 F885.1 X-10.624 Y-1 E457.38206
G0 F1237.5 X-9.429 Y-3.307
G0 X-12.624 Y2.98
G0 X-16.493 Y3.291
G1 F1025.3 X-17.327 Y3.344 E457.8995
G1 F1022.5 X-18.327 Y3.432 E458.5228
G0 F1237.5 X-14.007 Y0.225
G0 X-13.164 Y-.77
G0 X-12.434 Y-2.541
G0 X-12.58 Y-4.148
G0 X-13.209 Y-5.277
G0 X-13.735 Y-5.886
G0 X-14.419 Y-6.466
G0 X-23.976 Y-12.773
G1 F1192.9 X-22.753 Y-12.99 E459.18383
G1 X-21.446 Y-13.152 E459.88471
G1 X-20.431 Y-13.205 E460.42561
G1 X-22.658 Y-15.465 E462.11416
G1 X-23.372 Y-16.037 E462.60103
G1 X-23.686 Y-16.105 E462.77201
G1 X-24.215 Y-16.143 E463.05426
G1 F1184.6 X-25.22 Y-16.075 E463.59412
G1 F1178.7 X-25.955 Y-15.927 E463.99794
G1 F1181.1 X-26.258 Y-15.815 E464.17158
G1 X-26.84 Y-15.494 E464.52884
G1 X-27.464 Y-14.982 E464.9627
G1 X-28.244 Y-14.078 E465.60448
G1 X-28.591 Y-13.553 E465.94274
G1 X-28.76 Y-13.197 E466.15457
G1 X-25.875 Y-12.573 E467.74115
G1 X-25.338 Y-12.576 E468.02979
G1 F1187 X-23.976 Y-12.773 E468.76584
G0 F1237.5 X5.792 Y0.649
G0 X7.415 Y0.558
G1 F1352.7 X7.182 Y-.108 E469.09698
G1 X7.016 Y-.8 E469.43097
G1 F1351.4 X6.888 Y-1.665 E469.84176
G1 F1350 X6.868 Y-2.082 E470.03809
G1 X6.929 Y-3.084 E470.51017
G1 X7.144 Y-3.996 E470.9508
G1 X7.61 Y-5.118 E471.52214
G1 X8.059 Y-5.811 E471.91045
G1 F1347.8 X8.726 Y-6.604 E472.39856
G1 F1343.3 X9.739 Y-7.427 E473.01541
G1 F1334 X10.139 Y-7.686 E473.24219
G1 F1317.5 X11.373 Y-8.357 E473.91904
G1 F1307.3 X12.33 Y-8.648 E474.40479
G1 F1283.3 X13.538 Y-9.063 E475.03669
G1 F1260.9 X14.946 Y-9.294 E475.75509
G1 X15.273 Y-9.336 E475.92109
G1 F1246.2 X15.625 Y-9.483 E476.11542
G1 F1231.8 X16.025 Y-9.488 E476.3216
G1 X15.723 Y-9.743 E476.52532
G1 F1246.2 X15.554 Y-10.085 E476.71967
G1 F1260.9 X15.334 Y-10.33 E476.88546
G1 X14.872 Y-10.998 E477.2944
G1 X14.465 Y-11.801 E477.74767
G1 F1266.4 X14.307 Y-12.322 E478.0206
G1 F1284.9 X14.221 Y-12.946 E478.33182
G1 F1313.2 X14.22 Y-13.65 E478.67216
G1 F1348.2 X14.371 Y-14.732 E479.1866
G1 X13.927 Y-13.73 E479.70268
G1 F1313.2 X13.568 Y-13.126 E480.04236
G1 F1284.9 X13.173 Y-12.635 E480.35371
G1 F1266.4 X12.772 Y-12.267 E480.62656
G1 F1260.9 X12.39 Y-12.005 E480.85978
G1 F1283.3 X11.359 Y-11.592 E481.40924
G1 F1298.9 X10.72 Y-11.419 E481.7328
G1 F1300.6 X9.91 Y-11.345 E482.12983
G1 F1317.9 X9.293 Y-11.343 E482.42705
G1 F1334 X8.82 Y-11.4 E482.65378
G1 F1345.5 X7.913 Y-11.633 E483.09563
G1 F1350 X7.15 Y-11.956 E483.48527
G1 X6.822 Y-12.14 E483.66213
G1 X6.252 Y-12.557 E483.99425
G1 X5.208 Y-13.591 E484.68525
G1 X4.655 Y-14.356 E485.12915
G1 X4.598 Y-13.79 E485.39667
G1 X4.359 Y-12.75 E485.89849
G1 X4.129 Y-12.062 E486.23963
G1 X3.56 Y-10.915 E486.84175
G1 X3.31 Y-10.538 E487.05448
G1 X2.458 Y-9.484 E487.69182
G1 X1.396 Y-8.567 E488.35166
G1 X0.398 Y-7.91 E488.91355
G1 X-0.083 Y-7.641 E489.17272
G1 F1345.5 X-1.355 Y-7.095 E489.82584
G1 F1330 X-1.918 Y-6.915 E490.10797
G1 F1305.6 X-2.898 Y-6.688 E490.59712
G1 F1285.7 X-3.326 Y-6.63 E490.81038
G1 F1284.1 X-4.735 Y-6.663 E491.50719
G1 F1254.6 X-5.87 Y-6.753 E492.08331
G1 F1189.8 X-6.425 Y-6.788 E492.38004
G1 F1123.8 X-7.096 Y-6.868 E492.7618
G1 F1053.3 X-7.702 Y-6.916 E493.12819
G1 F1003.5 X-7.999 Y-6.959 E493.31805
G1 F1035.8 X-8.651 Y-7.391 E493.79743
G1 F1113.6 X-8.898 Y-7.583 E493.97579
G1 F1187.7 X-9.567 Y-8.023 E494.4038
G1 F1273.6 X-9.944 Y-8.309 E494.63969
G1 F1341.5 X-10.506 Y-8.703 E494.9645
G1 F1390.8 X-11.514 Y-9.454 E495.53828
G1 F1404.3 X-13.113 Y-10.76 E496.47163
G1 F1387.9 X-14.073 Y-11.748 E497.10176
G1 F1362.3 X-15.033 Y-12.737 E497.74409
G1 F1350 X-16.109 Y-13.761 E498.44261
G1 X-17.44 Y-14.841 E499.24866
G1 X-18.459 Y-15.763 E499.8949
G1 X-20.471 Y-17.8 E501.24133
G1 X-21.513 Y-18.651 E501.874
G1 X-21.899 Y-18.881 E502.0853
G1 X-22.296 Y-19.058 E502.28971
G1 X-22.73 Y-19.187 E502.50263
G1 X-23.313 Y-19.285 E502.78064
G1 X-24.113 Y-19.34 E503.15774
G1 X-24.893 Y-19.336 E503.52455
G1 X-25.63 Y-19.272 E503.87244
G1 X-26.325 Y-19.154 E504.20395
G1 X-26.928 Y-18.994 E504.49733
G1 X-27.523 Y-18.773 E504.79582
G1 X-28.091 Y-18.496 E505.093
G1 X-28.645 Y-18.158 E505.39819
G1 X-29.189 Y-17.751 E505.71768
G1 X-29.71 Y-17.284 E506.04671
G1 X-30.243 Y-16.718 E506.41232
G1 X-30.807 Y-16.02 E506.83433
G1 X-31.398 Y-15.123 E507.33948
G1 X-31.8 Y-14.253 E507.79018
G1 X-31.916 Y-13.883 E507.97253
G1 X-32.029 Y-13.159 E508.31712
G1 X-31.986 Y-12.47 E508.64176
G1 X-31.764 Y-11.71 E509.0141
G1 X-31.416 Y-11.048 E509.36581
G1 X-31.118 Y-10.726 E509.57213
G1 X-30.609 Y-10.415 E509.85264
G1 X-29.335 Y-10.033 E510.4781
G1 X-27.557 Y-9.644 E511.33401
G1 X-26.257 Y-9.377 E511.95811
G1 X-25.703 Y-9.343 E512.21913
G1 X-24.422 Y-9.45 E512.82364
G1 X-22.2 Y-9.841 E513.88462
G1 X-20.876 Y-10 E514.51172
G1 X-19.654 Y-10.01 E515.0864
G1 X-18.789 Y-9.932 E515.49483
G1 X-18.155 Y-9.825 E515.7972
G1 X-17.06 Y-9.533 E516.33013
G1 F1367.3 X-15.91 Y-9.036 E516.91181
G1 F1392.7 X-14.699 Y-8.337 E517.5492
G1 F1415.1 X-14.015 Y-7.864 E517.92229
G1 F1420.1 X-12.695 Y-6.804 E518.67913
G1 F1359.1 X-11.97 Y-6.088 E519.15512
G1 F1256.6 X-11.477 Y-5.519 E519.53548
G1 F1172.6 X-11.214 Y-5.215 E519.75313
G1 F1113.6 X-11.017 Y-4.972 E519.93147
G1 F1035.8 X-10.673 Y-4.511 E520.28402
G1 F977.3 X-10.444 Y-3.168 E521.16901
G1 F954.5 X-10.398 Y-2.679 E521.49569
G1 F926.8 X-10.428 Y-1.928 E522.01054
G1 F894.4 X-10.624 Y-1 E522.68376
G1 F886 X-10.315 Y-1.374 E523.03137
G1 F906.9 X-9.821 Y-1.857 E523.51504
G1 F931 X-9.404 Y-2.197 E523.88192
G1 F965.2 X-8.582 Y-2.711 E524.51958
G1 F988.5 X-7.793 Y-3.19 E525.11236
G1 F1006 X-7.538 Y-3.229 E525.27517
G1 F1056.3 X-6.882 Y-3.378 E525.67946
G1 F1123.8 X-6.389 Y-3.443 E525.96039
G1 F1189.8 X-5.835 Y-3.489 E526.25702
G1 F1248.8 X-4.981 Y-3.531 E526.69168
G1 F1288.6 X-4.346 Y-3.538 E527.00455
G1 F1289.4 X-3.444 Y-3.477 E527.44968
G1 F1289.8 X-2.702 Y-3.322 E527.82278
G1 F1311.1 X-1.573 Y-2.926 E528.40211
G1 F1335.3 X-.199 Y-2.268 E529.12641
G1 F1350 X1.614 Y-1.194 E530.11736
G1 X2.591 Y-.461 E530.69174
G1 F1350.9 X3.437 Y0.315 E531.23124
G1 F1352.3 X4.486 Y1.53 E531.98485
G1 F1352.7 X4.767 Y1.91 E532.20666
G1 F1368.2 X5.286 Y2.76 E532.66876
G1 F1379.9 X6.003 Y3.907 E533.29108
G1 F1365.5 X7.168 Y5.925 E534.37444
G1 F1352.7 X7.586 Y6.601 E534.74746
G1 F1350 X8.655 Y8.535 E535.78664
G1 X9.485 Y10.437 E536.76254
G1 X10.167 Y12.413 E537.74557
G1 X10.658 Y14.114 E538.57815
G1 X11.491 Y17.257 E540.10721
G1 X11.9 Y18.621 E540.77687
G1 X12.384 Y19.915 E541.42657
G1 X12.933 Y21.054 E542.02117
G1 X13.603 Y22.102 E542.60612
G1 X14.446 Y23.092 E543.21759
G1 X15.521 Y24.043 E543.89255
G1 X16.398 Y24.65 E544.39413
G1 X17.056 Y24.991 E544.74264
G1 X17.644 Y25.183 E545.03353
G1 X18.142 Y25.244 E545.26947
G1 X18.627 Y25.183 E545.49934
G1 X19.191 Y24.982 E545.78091
G1 X19.731 Y24.684 E546.07096
G1 X20.155 Y24.383 E546.31548
G1 X20.498 Y24.066 E546.53512
G1 X20.791 Y23.722 E546.74762
G1 X21.082 Y23.288 E546.99334
G1 X21.536 Y22.31 E547.5004
G1 X21.916 Y20.979 E548.15133
G1 X22.136 Y19.87 E548.68302
G1 X22.369 Y18.088 E549.52816
G1 X22.397 Y17.215 E549.93891
G1 X22.321 Y16.128 E550.45134
G1 X22.128 Y15.234 E550.88144
G1 X21.746 Y14.174 E551.4113
G1 X21.193 Y13.062 E551.99533
G1 X20.455 Y11.819 E552.67513
G1 X20.128 Y11.343 E552.94671
G1 X19.466 Y10.605 E553.41293
G1 X18.518 Y9.835 E553.98727
G1 X16.527 Y8.514 E555.11091
G1 X15.023 Y7.398 E555.99163
G1 X13.726 Y6.284 E556.79566
G1 X13.042 Y5.789 E557.19271
G1 X10.71 Y4.355 E558.48012
G1 F1352.7 X9.777 Y3.642 E559.03122
G1 F1360 X9.152 Y3.071 E559.42641
G1 F1370.1 X8.409 Y2.224 E559.94848
G1 F1379.9 X7.768 Y1.218 E560.49729
G1 F1368.2 X7.415 Y0.558 E560.84457
G0 F1237.5 X5.792 Y0.649
G0 X3.085 Y-16.854
G0 X2.791 Y-17.897
G0 X-4.409 Y-35.165
G1 F808.4 X-4.663 Y-35.536 E561.19768
G1 F802.8 X-5.331 Y-36.466 E562.10321
G1 F809.2 X-5.673 Y-36.958 E562.57331
G0 F1237.5 X0.224 Y-25.882
G0 X1.782 Y-23.245
G1 F1350 X1.772 Y-26.301 E564.01044
G1 X1.742 Y-27.303 E564.48186
G1 X1.662 Y-28.283 E564.94425
G1 X1.515 Y-29.271 E565.41398
G1 X1.261 Y-30.37 E565.94443
G1 X0.342 Y-33.807 E567.61751
G1 X-.102 Y-35.219 E568.31357
G1 X-.644 Y-36.552 E568.99027
G1 X-1.255 Y-37.672 E569.59024
G1 X-2.187 Y-38.981 E570.34591
G1 X-3.188 Y-40.211 E571.09167
G1 X-4.163 Y-41.312 E571.78327
G1 X-4.966 Y-42.048 E572.29551
G1 X-5.74 Y-42.568 E572.73401
G1 X-6.544 Y-42.901 E573.14325
G1 X-7.535 Y-43.085 E573.61725
G1 X-8.334 Y-43.099 E573.99305
G1 X-8.741 Y-43.037 E574.18665
G1 X-9.127 Y-42.904 E574.37865
G1 X-9.466 Y-42.705 E574.56351
G1 X-9.813 Y-42.398 E574.78138
G1 X-10.201 Y-41.91 E575.07457
G1 X-10.507 Y-41.354 E575.37302
G1 X-10.647 Y-40.896 E575.59824
G1 X-10.688 Y-40.445 E575.8112
G1 X-10.634 Y-39.649 E576.18639
G1 X-10.474 Y-38.775 E576.60423
G1 X-10.21 Y-37.701 E577.12433
G1 X-9.893 Y-36.677 E577.62843
G1 X-9.548 Y-35.806 E578.06899
G1 X-9.17 Y-35.052 E578.46563
G1 X-8.724 Y-34.3 E578.87679
G1 X-8.244 Y-33.601 E579.27554
G1 X-7.068 Y-32.115 E580.16671
G1 X-5.684 Y-30.491 E581.17013
G1 X-4.847 Y-29.481 E581.787
G1 X-4.115 Y-28.545 E582.34578
G1 X-3.318 Y-27.443 E582.98535
G1 X-2.693 Y-26.622 E583.47058
G1 X-1.83 Y-25.657 E584.07938
G1 X0.175 Y-23.83 E585.355
G1 X1.009 Y-23.057 E585.88975
G1 X1.855 Y-22.177 E586.46381
G1 X1.782 Y-23.245 E586.96722
G0 F1237.5 X0.163 Y-25.883
G0 X2.722 Y-18.142
G0 X3.085 Y-16.854
G0 X3.252 Y-15.395
G0 X3.186 Y-14.063
G0 X2.865 Y-12.775
G0 X2.291 Y-11.6
G0 X1.499 Y-10.578
G0 X0.529 Y-9.72
G0 X-14.985 Y0.869
G0 X-36.859 Y12.45
G1 F1243.5 X-35.425 Y11.798 E587.77147
G1 F1260.5 X-34.181 Y11.122 E588.48455
G1 X-33.308 Y10.485 E589.02884
G1 X-32.676 Y9.923 E589.4548
G1 X-30.656 Y7.874 E590.90395
G1 X-30.126 Y7.38 E591.26886
G1 X-31.145 Y7.527 E591.7874
G1 X-32.859 Y7.83 E592.66404
G1 X-34.374 Y8.183 E593.44751
G1 X-35.459 Y8.475 E594.01342
G1 X-36.68 Y8.85 E594.65673
G1 F1252.3 X-38.46 Y9.521 E595.62108
G1 F1236.3 X-39.057 Y9.787 E595.95671
G1 F1228.4 X-39.908 Y10.257 E596.45914
G1 X-39.968 Y11.928 E597.3233
G1 X-39.661 Y12.21 E597.53875
G1 X-39.472 Y12.305 E597.64807
G1 X-38.734 Y12.495 E598.04192
G1 X-37.569 Y12.641 E598.64873
G1 F1227.6 X-36.859 Y12.45 E599.02894
G0 F1237.5 X-36.835 Y14.068
G0 X-36.409 Y15.622
G1 F1350 X-35.706 Y15.386 E599.37767
G1 X-34.891 Y15.019 E599.798
G1 X-32.785 Y13.929 E600.91317
G1 X-31.904 Y13.331 E601.4139
G1 X-31.317 Y12.871 E601.7646
G1 X-30.536 Y12.177 E602.25593
G1 X-28.467 Y10.078 E603.64194
G1 X-27.018 Y8.734 E604.57134
G1 X-25.601 Y7.696 E605.39737
G1 X-24.017 Y6.717 E606.27306
G1 X-21.995 Y5.437 E607.39844
G1 X-21.076 Y4.949 E607.88777
G1 F1312.4 X-20.425 Y4.527 E608.26306
G1 F1225 X-19.834 Y4.148 E608.6269
G1 F1124.4 X-18.963 Y3.705 E609.17865
G1 F1043.3 X-18.327 Y3.432 E609.59982
G1 X-19.019 Y3.292 E610.02945
G1 F1124.4 X-19.977 Y3.098 E610.58134
G1 F1225 X-20.763 Y2.938 E610.99702
G1 F1312.4 X-21.575 Y2.852 E611.39202
G1 F1350 X-22.546 Y2.912 E611.84952
G1 X-24.33 Y3.291 E612.70719
G1 X-25.65 Y3.54 E613.33889
G1 X-27.062 Y3.774 E614.01196
G1 X-31.362 Y4.425 E616.05714
G1 X-31.567 Y4.449 E616.1542
G1 X-33.456 Y4.78 E617.05606
G1 X-35.131 Y5.17 E617.86482
G1 X-36.319 Y5.49 E618.44341
G1 X-37.613 Y5.887 E619.07993
G1 X-38.993 Y6.357 E619.7655
G1 X-40.434 Y6.954 E620.499
G1 X-41.488 Y7.509 E621.05918
G1 X-43.06 Y8.551 E621.94609
G1 X-43.044 Y9.821 E622.54337
G1 X-43.115 Y11.847 E623.49671
G1 X-43.073 Y12.7 E623.89833
G1 X-43.015 Y12.963 E624.02498
G1 X-42.879 Y13.274 E624.18461
G1 X-42.459 Y13.861 E624.52403
G1 X-41.885 Y14.467 E624.91656
G1 X-41.317 Y14.891 E625.24988
G1 X-40.995 Y15.071 E625.42336
G1 X-40.37 Y15.328 E625.74116
G1 X-39.356 Y15.586 E626.2332
G1 X-37.958 Y15.793 E626.89779
G1 X-37.155 Y15.766 E627.27563
G1 X-36.409 Y15.622 E627.63292
G0 F1237.5 X-36.835 Y14.067
G0 X-7.105 Y-1.32
G0 X-7.175 Y-4.504
G0 X19.046 Y-9.917
G0 X19.232 Y-10.893
;TYPE:WALL-OUTER
G1 F1162.5 X18.712 Y-10.978 E627.98461
G1 F1219.2 X18.37 Y-11.292 E628.28009
G1 F1327.4 X18.21 Y-11.519 E628.44243
G1 F1446.9 X18.082 Y-11.826 E628.6208
G1 F1562.5 X17.847 Y-12.123 E628.80887
G1 F1625.1 X17.35 Y-12.952 E629.27038
G1 F1650 X17.255 Y-13.323 E629.45048
G1 X17.29 Y-14.135 E629.83269
G1 X17.34 Y-14.359 E629.94062
G1 X17.623 Y-15.048 E630.2909
G1 X18.171 Y-15.98 E630.79933
G1 X19.31 Y-17.622 E631.73909
G1 X20.067 Y-18.449 E632.26633
G1 X21.168 Y-19.389 E632.94713
G1 X22.426 Y-20.18 E633.64595
G1 X24.772 Y-21.449 E634.90025
G1 X25.694 Y-22.012 E635.40827
G1 X26.948 Y-22.854 E636.11859
G1 X28.372 Y-23.589 E636.87218
G1 X28.948 Y-23.944 E637.19037
G1 X29.515 Y-24.431 E637.54186
G1 X29.948 Y-24.989 E637.874
G1 X30.432 Y-25.833 E638.33154
G1 X30.796 Y-26.65 E638.75215
G1 X31.027 Y-27.442 E639.14012
G1 X31.121 Y-28.304 E639.54789
G1 X31.108 Y-28.678 E639.72387
G1 X30.942 Y-29.556 E640.14408
G1 X30.805 Y-29.971 E640.3496
G1 X30.352 Y-30.922 E640.84497
G1 X29.84 Y-31.632 E641.25661
G1 X29.237 Y-32.199 E641.64585
G1 X28.464 Y-32.693 E642.07726
G1 X27.618 Y-33.054 E642.50981
G1 X26.639 Y-33.332 E642.9884
G1 X25.747 Y-33.511 E643.41624
G1 X24.828 Y-33.63 E643.85202
G1 X23.982 Y-33.687 E644.25076
G1 X23.133 Y-33.676 E644.65005
G1 X22.342 Y-33.601 E645.0237
G1 X21.534 Y-33.449 E645.41034
G1 X20.78 Y-33.238 E645.77854
G1 X20.007 Y-32.942 E646.16779
G1 X19.263 Y-32.579 E646.55709
G1 X18.523 Y-32.137 E646.96244
G1 X17.798 Y-31.624 E647.3801
G1 X17.08 Y-31.029 E647.81862
G1 X16.227 Y-30.162 E648.39058
G1 X15.568 Y-29.273 E648.91098
G1 X15.056 Y-28.35 E649.40735
G1 X14.67 Y-27.404 E649.88782
G1 X14.377 Y-26.407 E650.3765
G1 X14.147 Y-25.386 E650.86868
G1 X13.765 Y-23.264 E651.88262
G1 X13.561 Y-22.22 E652.38286
G1 X13.297 Y-21.095 E652.92627
G1 X12.904 Y-19.834 E653.54741
G1 X12.202 Y-18.097 E654.42845
G1 X11.756 Y-16.302 E655.29824
G1 X11.579 Y-15.769 E655.56235
G1 X11.281 Y-15.196 E655.86607
G1 X11.015 Y-14.849 E656.07168
G1 X10.594 Y-14.56 E656.31182
G1 X10.253 Y-14.451 E656.48017
G1 X9.593 Y-14.375 E656.7926
G1 X9.231 Y-14.382 E656.96287
G1 X8.605 Y-14.585 E657.27234
G1 X8.268 Y-14.782 E657.45591
G1 X7.517 Y-15.506 E657.94647
G1 X7.04 Y-16.178 E658.33401
G1 F1572.4 X6.385 Y-17 E658.85266
G1 F1465.4 X6.085 Y-17.358 E659.09999
G1 F1410.3 X5.875 Y-17.667 E659.30555
G1 F1344.4 X5.386 Y-18.373 E659.80123
G1 F1299.9 X4.895 Y-19.718 E660.65592
G1 F1346.2 X4.793 Y-20.715 E661.23357
G1 F1455.9 X4.81 Y-21.524 E661.66484
G1 F1576.4 X4.852 Y-22.178 E661.98741
G1 F1644.5 X4.78 Y-23.345 E662.53908
G1 F1650 X4.772 Y-26.327 E663.94141
G1 X4.738 Y-27.469 E664.47869
G1 X4.644 Y-28.625 E665.02411
G1 X4.465 Y-29.831 E665.59746
G1 X4.172 Y-31.096 E666.2081
G1 X3.223 Y-34.645 E667.9357
G1 X2.723 Y-36.235 E668.71952
G1 X2.092 Y-37.789 E669.50826
G1 X1.74 Y-38.493 E669.8784
G1 X1.288 Y-39.266 E670.2995
G1 X0.537 Y-40.385 E670.93325
G1 X-.9 Y-42.153 E672.00467
G1 X-1.991 Y-43.384 E672.77819
G1 X-3.096 Y-44.397 E673.48315
G1 X-3.687 Y-44.832 E673.82824
G1 X-4.311 Y-45.21 E674.17133
G1 X-4.976 Y-45.528 E674.51797
G1 X-5.694 Y-45.783 E674.87628
G1 X-6.472 Y-45.967 E675.25224
G1 X-7.304 Y-46.081 E675.64716
G1 X-8.463 Y-46.102 E676.19228
G1 X-9.449 Y-45.956 E676.66102
G1 X-9.923 Y-45.817 E676.89331
G1 X-10.81 Y-45.411 E677.35205
G1 X-11.23 Y-45.136 E677.58814
G1 X-11.993 Y-44.463 E678.06658
G1 X-12.693 Y-43.586 E678.59427
G1 X-13.017 Y-43.057 E678.88599
G1 X-13.275 Y-42.52 E679.16616
G1 X-13.466 Y-41.995 E679.42888
G1 X-13.597 Y-41.464 E679.68607
G1 X-13.693 Y-40.413 E680.18238
G1 X-13.616 Y-39.275 E680.71876
G1 X-13.408 Y-38.144 E681.25955
G1 X-13.102 Y-36.898 E681.86291
G1 X-12.724 Y-35.679 E682.46309
G1 X-12.289 Y-34.581 E683.01849
G1 X-11.806 Y-33.615 E683.52638
G1 X-11.254 Y-32.684 E684.03537
G1 X-10.673 Y-31.838 E684.518
G1 X-10.043 Y-31.015 E685.0054
G1 X-9.372 Y-30.193 E685.5044
G1 X-7.99 Y-28.572 E686.50613
G1 X-7.21 Y-27.633 E687.08019
G1 X-6.478 Y-26.697 E687.63897
G1 X-5.73 Y-25.657 E688.24141
G1 X-5.007 Y-24.709 E688.80207
G1 X-4.226 Y-23.837 E689.35257
G1 X-3.445 Y-23.07 E689.86735
G1 X-1.079 Y-20.902 E691.37646
G1 X-.391 Y-20.193 E691.84105
G1 F1607.1 X0.066 Y-19.775 E692.14007
G1 F1509.6 X0.5 Y-19.415 E692.4299
G1 F1410.7 X1.034 Y-18.791 E692.88166
G1 F1331.4 X1.315 Y-18.458 E693.1356
G1 F1304.7 X1.675 Y-17.578 E693.70106
G1 F1306.8 X1.835 Y-17.054 E694.02638
G1 F1315.4 X1.873 Y-16.759 E694.20183
G1 F1359.1 X1.848 Y-16.469 E694.36801
G1 F1424.1 X1.834 Y-15.837 E694.71246
G1 F1480.3 X1.829 Y-15.486 E694.89647
G1 F1561.5 X1.702 Y-14.984 E695.15377
G1 F1638 X1.637 Y-14.268 E695.49435
G1 F1650 X1.369 Y-13.236 E695.99576
G1 X0.982 Y-12.449 E696.40818
G1 X0.356 Y-11.642 E696.88848
G1 X-.451 Y-10.932 E697.39395
G1 X-1.385 Y-10.344 E697.91297
G1 X-2.435 Y-9.91 E698.44726
G1 X-3.478 Y-9.709 E698.94677
G1 X-4.504 Y-9.727 E699.42934
G1 X-5.438 Y-9.885 E699.87481
G1 X-6.434 Y-10.17 E700.36199
G1 X-7.558 Y-10.572 E700.92335
G1 X-8.344 Y-10.91 E701.32571
G1 X-9.105 Y-11.328 E701.73401
G1 X-9.847 Y-11.839 E702.15769
G1 X-11.064 Y-12.891 E702.91418
G1 X-12.902 Y-14.851 E704.17777
G1 X-14.127 Y-16.016 E704.97276
G1 X-15.518 Y-17.144 E705.81495
G1 X-16.474 Y-18.015 E706.42313
G1 X-18.419 Y-19.992 E707.72735
G1 X-19.235 Y-20.696 E708.23416
G1 X-19.846 Y-21.15 E708.59213
G1 X-20.516 Y-21.549 E708.95884
G1 X-21.254 Y-21.878 E709.33882
G1 X-22.052 Y-22.115 E709.73029
G1 X-22.963 Y-22.268 E710.1647
G1 X-24.017 Y-22.34 E710.66152
G1 X-25.028 Y-22.336 E711.13696
G1 X-26.012 Y-22.25 E711.60146
G1 X-26.964 Y-22.088 E712.05559
G1 X-27.837 Y-21.856 E712.48038
G1 X-28.705 Y-21.535 E712.91558
G1 X-29.534 Y-21.13 E713.34947
G1 X-30.329 Y-20.644 E713.78765
G1 X-31.092 Y-20.074 E714.23553
G1 X-31.807 Y-19.433 E714.68711
G1 X-32.505 Y-18.692 E715.16583
G1 X-33.199 Y-17.833 E715.68515
G1 X-33.629 Y-17.228 E716.0342
G1 X-34.018 Y-16.587 E716.38681
G1 X-34.349 Y-15.941 E716.72815
G1 X-34.624 Y-15.276 E717.06656
G1 X-34.825 Y-14.633 E717.38337
G1 X-34.959 Y-13.974 E717.69962
G1 X-35.031 Y-13.303 E718.01698
G1 X-35.024 Y-12.634 E718.3316
G1 X-34.947 Y-11.96 E718.65062
G1 X-34.788 Y-11.273 E718.98223
G1 X-34.548 Y-10.581 E719.32667
G1 X-34.232 Y-9.903 E719.67844
G1 X-33.869 Y-9.31 E720.00541
G1 X-33.468 Y-8.817 E720.30425
G1 X-33.023 Y-8.4 E720.59104
G1 X-32.554 Y-8.066 E720.86181
G1 X-32.023 Y-7.775 E721.14656
G1 X-31.484 Y-7.545 E721.42214
G1 X-30.087 Y-7.126 E722.10802
G1 X-28.247 Y-6.724 E722.99371
G1 X-26.613 Y-6.393 E723.77773
G1 X-25.725 Y-6.339 E724.1961
G1 X-24.824 Y-6.38 E724.62024
G1 X-23.984 Y-6.481 E725.01811
G1 X-21.59 Y-6.899 E726.16095
G1 X-20.639 Y-7.003 E726.61084
G1 X-19.745 Y-7.01 E727.03127
G1 X-18.854 Y-6.908 E727.45301
G1 X-18.057 Y-6.703 E727.84001
G1 X-17.104 Y-6.301 E728.32641
G1 X-16.335 Y-5.886 E728.73735
G1 X-15.428 Y-5.291 E729.24746
G1 X-14.842 Y-4.793 E729.60911
G1 X-14.445 Y-4.312 E729.9024
G1 X-14.155 Y-3.766 E730.19313
G1 X-14.079 Y-3.495 E730.32549
G1 X-14.036 Y-3.055 E730.53339
G1 X-14.068 Y-2.697 E730.70242
G1 X-14.465 Y-1.677 E731.21714
G1 X-15.002 Y-1 E731.6235
G1 X-15.2 Y-.838 E731.74381
G1 X-15.783 Y-.491 E732.06286
G1 X-16.414 Y-.269 E732.37743
G1 X-17.142 Y-.138 E732.72528
G1 X-18.261 Y-0.066 E733.25259
G1 X-21.376 Y-.17 E734.71828
G1 X-22.641 Y-0.087 E735.31444
G1 X-23.538 Y0.056 E735.7416
G1 X-24.987 Y0.363 E736.43813
G1 X-26.234 Y0.596 E737.0347
G1 X-27.511 Y0.808 E737.64345
G1 X-31.835 Y1.461 E739.69993
G1 X-31.978 Y1.475 E739.7675
G1 X-34.056 Y1.839 E740.75958
G1 X-35.862 Y2.26 E741.63165
G1 X-37.149 Y2.606 E742.25837
G1 X-38.537 Y3.032 E742.94115
G1 X-40.021 Y3.538 E743.67847
G1 X-41.423 Y4.083 E744.38584
G1 X-42.615 Y4.712 E745.01966
G1 X-43.51 Y5.249 E745.51049
G1 X-44.762 Y6.08 E746.21715
G1 X-45.143 Y6.393 E746.44903
G1 X-45.406 Y6.675 E746.63036
G1 X-45.645 Y7.011 E746.82427
G1 X-45.84 Y7.393 E747.02596
G1 X-45.966 Y7.76 E747.20844
G1 X-46.063 Y8.472 E747.54636
G1 X-46.044 Y9.789 E748.16576
G1 X-46.118 Y11.866 E749.14312
G1 X-46.061 Y13.012 E749.68271
G1 X-45.882 Y13.859 E750.08982
G1 X-45.503 Y14.736 E750.5391
G1 X-45.229 Y15.173 E750.78166
G1 X-44.347 Y16.257 E751.43885
G1 X-43.879 Y16.713 E751.74613
G1 X-42.895 Y17.446 E752.32315
G1 X-41.8 Y18.002 E752.90067
G1 X-41.251 Y18.2 E753.17512
G1 X-39.948 Y18.531 E753.80734
G1 X-38.545 Y18.74 E754.4744
G1 X-37.308 Y18.788 E755.05655
G1 X-36.751 Y18.743 E755.31934
G1 X-35.643 Y18.53 E755.84993
G1 X-34.609 Y18.182 E756.36299
G1 X-33.585 Y17.721 E756.89109
G1 X-31.876 Y16.837 E757.79592
G1 X-30.95 Y16.309 E758.2972
G1 X-30.134 Y15.755 E758.76102
G1 X-29.394 Y15.175 E759.20316
G1 X-28.47 Y14.355 E759.78412
G1 X-26.353 Y12.207 E761.20239
G1 X-25.104 Y11.051 E762.00271
G1 X-23.903 Y10.174 E762.70205
G1 X-22.413 Y9.252 E763.52604
G1 X-20.391 Y7.972 E764.65143
G1 X-18.987 Y7.255 E765.39279
G1 X-17.788 Y6.89 E765.98219
G1 X-17.119 Y6.798 E766.29975
G1 X-16.5 Y6.78 E766.59097
G1 X-15.727 Y6.835 E766.9554
G1 X-14.9 Y6.99 E767.35108
G1 X-14.215 Y7.21 E767.68942
G1 X-13.568 Y7.54 E768.03097
G1 F1593.7 X-12.934 Y7.899 E768.3857
G1 F1463.6 X-12.557 Y8.05 E768.601
G1 F1364.4 X-12.215 Y8.366 E768.86582
G1 F1285.7 X-11.882 Y8.634 E769.12378
G1 F1246.2 X-11.682 Y9.104 E769.44181
G1 F1255.4 X-11.431 Y9.942 E769.9825
G1 F1297.2 X-11.517 Y10.312 E770.20973
G1 F1373.9 X-11.61 Y10.896 E770.54372
G1 F1466.2 X-11.774 Y11.21 E770.73119
G1 F1573.4 X-11.919 Y11.383 E770.84251
G1 F1636.9 X-12.303 Y12.394 E771.35515
G1 F1650 X-13.093 Y13.92 E772.16324
G1 X-13.37 Y14.591 E772.50461
G1 X-13.593 Y15.318 E772.86222
G1 X-14.02 Y18.141 E774.20487
G1 X-14.482 Y20.531 E775.34961
G1 X-15.439 Y24.943 E777.47266
G1 X-15.862 Y27.059 E778.48743
G1 X-16.186 Y29.131 E779.47366
G1 X-16.367 Y31.176 E780.43911
G1 X-16.36 Y33.172 E781.37776
G1 X-16.115 Y35.148 E782.31412
G1 X-15.592 Y37.141 E783.28309
G1 X-14.753 Y39.118 E784.29305
G1 X-13.542 Y41.115 E785.39135
G1 X-12.698 Y42.198 E786.03704
G1 X-11.822 Y43.102 E786.62901
G1 X-10.864 Y43.887 E787.21145
G1 X-9.875 Y44.531 E787.76646
G1 X-8.831 Y45.049 E788.31452
G1 X-7.726 Y45.46 E788.86894
G1 X-6.574 Y45.764 E789.42923
G1 X-5.355 Y45.971 E790.01069
G1 X-4.148 Y46.085 E790.58083
G1 X-2.849 Y46.115 E791.19186
G1 X-1.515 Y46.069 E791.81957
G1 X-.171 Y45.961 E792.45364
G1 X0.886 Y45.799 E792.95651
G1 X1.856 Y45.521 E793.43103
G1 X2.653 Y45.146 E793.84525
G1 X3.394 Y44.613 E794.2745
G1 X4.039 Y43.925 E794.71798
G1 X4.606 Y43.05 E795.2083
G1 X5.14 Y41.922 E795.7952
G1 X5.513 Y40.834 E796.33608
G1 X5.745 Y39.778 E796.84452
G1 X5.86 Y38.709 E797.35013
G1 X5.863 Y37.659 E797.84391
G1 X5.777 Y36.599 E798.34403
G1 X5.611 Y35.516 E798.85928
G1 X5.384 Y34.431 E799.38056
G1 X5.074 Y33.151 E799.9999
G1 X4.507 Y31.034 E801.03054
G1 X4.179 Y29.759 E801.64965
G1 X3.388 Y27.181 E802.91777
G1 X2.378 Y24.786 E804.1401
G1 X1.223 Y22.59 E805.30693
G1 X-0.084 Y20.457 E806.48334
G1 X-1.437 Y18.428 E807.63019
G1 X-2.8 Y16.465 E808.75403
G1 X-4.12 Y14.527 E809.85672
G1 X-5.346 Y12.586 E810.93633
G1 F1643.4 X-6.2 Y11.014 E811.781
G1 F1580 X-6.523 Y10.66 E812.01634
G1 F1466.2 X-6.971 Y9.949 E812.46107
G1 F1373.9 X-7.286 Y9.449 E812.79484
G1 F1297.2 X-7.66 Y8.875 E813.20464
G1 F1255.4 X-7.999 Y7.719 E813.94923
G1 F1246.2 X-8.158 Y7.235 E814.26643
G1 F1260.8 X-8.202 Y6.83 E814.51714
G1 F1336.4 X-8.137 Y6.253 E814.85428
G1 F1463.6 X-8.083 Y5.275 E815.37355
G1 F1579.5 X-8.056 Y4.826 E815.59453
G1 F1634.7 X-8.082 Y3.493 E816.22736
G1 F1650 X-7.947 Y2.293 E816.79524
G1 X-7.697 Y1.551 E817.16345
G1 X-7.313 Y0.895 E817.52091
G1 X-6.967 Y0.516 E817.76224
G1 X-6.238 Y-0.001 E818.18252
G1 X-5.42 Y-.344 E818.59965
G1 X-4.501 Y-.479 E819.03646
G1 X-3.534 Y-.379 E819.49363
G1 X-2.57 Y-0.073 E819.96925
G1 X-1.615 Y0.377 E820.46572
G1 X0.013 Y1.347 E821.3569
G1 X0.685 Y1.857 E821.75362
G1 X1.28 Y2.406 E822.13434
G1 X2.213 Y3.482 E822.80407
G1 X3.148 Y4.896 E823.60125
G1 X4.571 Y7.414 E824.96139
G1 X5.05 Y8.206 E825.39665
G1 X5.984 Y9.916 E826.31294
G1 X6.709 Y11.589 E827.17039
G1 X7.285 Y13.247 E827.9958
G1 X7.758 Y14.883 E828.79666
G1 X8.604 Y18.072 E830.34821
G1 X9.055 Y19.577 E831.08705
G1 X9.622 Y21.094 E831.84864
G1 X10.309 Y22.519 E832.59258
G1 X11.185 Y23.89 E833.35768
G1 X12.298 Y25.198 E834.16534
G1 X13.667 Y26.409 E835.02486
G1 X14.8 Y27.192 E835.67253
G1 X15.331 Y27.495 E835.96003
G1 X16.432 Y27.963 E836.52262
G1 X17.002 Y28.117 E836.80029
G1 X17.584 Y28.215 E837.07783
G1 X18.141 Y28.249 E837.34026
G1 X18.701 Y28.215 E837.60409
G1 X19.31 Y28.109 E837.89479
G1 X19.913 Y27.932 E838.19032
G1 X20.498 Y27.687 E838.48858
G1 X21.331 Y27.228 E838.93584
G1 X22.049 Y26.717 E839.35027
G1 X22.664 Y26.15 E839.74364
G1 X23.189 Y25.534 E840.12426
G1 X23.662 Y24.826 E840.52467
G1 X24.032 Y24.125 E840.89743
G1 X24.354 Y23.346 E841.29383
G1 X24.617 Y22.532 E841.69611
G1 X24.844 Y21.641 E842.1285
G1 X25.098 Y20.356 E842.74448
G1 X25.363 Y18.33 E843.70535
G1 X25.399 Y17.208 E844.23325
G1 X25.371 Y16.442 E844.59372
G1 X25.176 Y15.053 E845.25332
G1 X25 Y14.356 E845.59138
G1 X24.51 Y12.994 E846.27207
G1 X23.829 Y11.626 E846.9907
G1 X22.983 Y10.201 E847.77002
G1 X22.522 Y9.531 E848.15248
G1 X22.032 Y8.941 E848.51314
G1 X21.531 Y8.426 E848.85102
G1 X20.268 Y7.396 E849.61743
G1 X18.186 Y6.014 E850.79259
G1 X16.863 Y5.023 E851.56993
G1 X15.586 Y3.927 E852.36131
G1 X14.71 Y3.293 E852.86983
G1 X12.474 Y1.918 E854.10425
G1 X11.652 Y1.31 E854.58506
G1 X11.021 Y0.718 E854.99195
G1 X10.604 Y0.2 E855.30467
G1 X10.22 Y-.499 E855.67972
G1 X10.033 Y-1.033 E855.94579
G1 X9.874 Y-1.944 E856.38068
G1 X9.904 Y-2.7 E856.73648
G1 X9.995 Y-3.056 E856.90927
G1 X10.267 Y-3.725 E857.24889
G1 X10.826 Y-4.444 E857.67718
G1 X11.554 Y-5.011 E858.11111
G1 X12.52 Y-5.503 E858.62092
G1 X14.038 Y-5.993 E859.37104
G1 X15.553 Y-6.243 E860.09313
G1 F1585.5 X16.138 Y-6.375 E860.38662
G1 F1446.9 X16.892 Y-6.562 E860.80321
G1 F1327.4 X17.144 Y-6.68 E860.96586
G1 F1219.2 X18.049 Y-6.775 E861.54499
G1 F1162.5 X18.603 Y-6.695 E861.9186
G1 F1172.7 X18.684 Y-6.639 E861.98375
G1 F1278.4 X19.404 Y-6.153 E862.511
G1 F1446.5 X19.718 Y-5.94 E862.71453
G1 F1574.4 X19.804 Y-5.772 E862.80754
G1 F1648.9 X21.125 Y-5.353 E863.4597
G1 F1650 X22.475 Y-4.857 E864.13605
G1 X23.777 Y-4.348 E864.79346
G1 X25.254 Y-3.788 E865.53628
G1 X26.72 Y-3.285 E866.26514
G1 X28.241 Y-2.856 E867.00832
G1 X30.691 Y-2.37 E868.18292
G1 X31.75 Y-2.118 E868.69483
G1 X34.146 Y-1.384 E869.87327
G1 X35.725 Y-1.044 E870.63283
G1 X36.41 Y-.981 E870.95632
G1 X37.133 Y-.984 E871.29633
G1 X37.905 Y-1.07 E871.66162
G1 X38.669 Y-1.24 E872.02969
G1 X40.18 Y-1.747 E872.77919
G1 X41.417 Y-2.352 E873.42675
G1 X42.51 Y-3.111 E874.05253
G1 X43.018 Y-3.562 E874.37198
G1 X43.94 Y-4.592 E875.02207
G1 X44.35 Y-5.157 E875.35035
G1 X45.159 Y-6.484 E876.08122
G1 X45.628 Y-7.464 E876.59213
G1 X45.782 Y-7.885 E876.80295
G1 X46.019 Y-8.796 E877.24562
G1 X46.113 Y-9.697 E877.67162
G1 X46.076 Y-10.645 E878.11777
G1 X45.914 Y-11.634 E878.58906
G1 X45.671 Y-12.574 E879.04564
G1 X45.236 Y-13.659 E879.59536
G1 X44.834 Y-14.32 E879.95917
G1 X44.364 Y-14.889 E880.30623
G1 X43.78 Y-15.419 E880.6771
G1 X43.084 Y-15.918 E881.07984
G1 X41.706 Y-16.675 E881.8192
G1 X41.036 Y-16.949 E882.15961
G1 X39.719 Y-17.326 E882.80382
G1 X39.02 Y-17.447 E883.13743
G1 X37.676 Y-17.569 E883.77206
G1 X36.175 Y-17.599 E884.47807
G1 X33.913 Y-17.58 E885.54184
G1 X32.865 Y-17.521 E886.03546
G1 X31.642 Y-17.367 E886.61513
G1 X30.467 Y-17.071 E887.18496
G1 X29.491 Y-16.743 E887.66916
G1 X28.133 Y-16.199 E888.35711
G1 X27.446 Y-15.788 E888.73359
G1 X26.611 Y-15.161 E889.22463
G1 X25.216 Y-13.904 E890.10769
G1 X24.258 Y-13.226 E890.65961
G1 X23.656 Y-12.909 E890.97956
G1 X21.27 Y-11.957 E892.18763
G1 F1648.9 X20.178 Y-11.61 E892.72682
G1 F1609.8 X20.127 Y-11.529 E892.77296
G1 F1539.2 X19.962 Y-11.439 E892.86771
G1 F1446.5 X19.63 Y-11.254 E893.07158
G1 F1266.6 X19.232 Y-10.893 E893.40075
G0 F1237.5 X18.712 Y-10.978
G0 X18.37 Y-11.292
G0 X18.21 Y-11.519
G0 X18.122 Y-11.731
;MESH:NONMESH
G0 F600 X18.122 Y-11.731 Z2.5
G0 F1237.5 X13.46 Y-10.53
G0 X2.377 Y-2.61
G0 X0.02 Y1.351
;TIME_ELAPSED:224.040168
;LAYER:2
;TYPE:WALL-OUTER
;MESH:030.stl
G1 F2400 X-1.617 Y0.377 E894.29653
G1 X-2.557 Y-0.067 E894.78541
G1 X-3.481 Y-.371 E895.24284
G1 X-4.418 Y-.49 E895.68702
G1 X-5.316 Y-.377 E896.11265
G1 X-5.882 Y-.184 E896.39387
G1 X-6.702 Y0.277 E896.83624
G1 X-7.297 Y0.855 E897.22634
G1 X-7.717 Y1.561 E897.61265
G1 X-8.012 Y2.649 E898.14277
G1 X-8.085 Y3.517 E898.5524
G1 X-8.083 Y4.396 E898.96577
G1 X-7.823 Y6.597 E900.00802
G1 X-7.238 Y8.681 E901.02593
G1 X-6.387 Y10.679 E902.04719
G1 X-5.326 Y12.626 E903.08992
G1 X-4.111 Y14.547 E904.15882
G1 X-2.794 Y16.474 E905.25644
G1 X-1.441 Y18.423 E906.37219
G1 X-0.077 Y20.461 E907.52543
G1 X1.212 Y22.57 E908.68779
G1 X2.386 Y24.801 E909.87335
G1 X3.391 Y27.182 E911.0887
G1 X4.176 Y29.741 E912.34746
G1 X4.526 Y31.103 E913.00877
G1 X5.121 Y33.344 E914.09914
G1 X5.388 Y34.437 E914.62825
G1 X5.614 Y35.528 E915.1522
G1 X5.78 Y36.607 E915.66559
G1 X5.867 Y37.66 E916.16246
G1 X5.861 Y38.715 E916.6586
G1 X5.748 Y39.764 E917.15476
G1 X5.511 Y40.84 E917.67289
G1 X5.136 Y41.935 E918.21719
G1 X4.609 Y43.05 E918.79715
G1 X4.045 Y43.924 E919.28631
G1 X3.732 Y44.289 E919.51243
G1 X3.043 Y44.895 E919.94393
G1 X2.261 Y45.354 E920.37035
G1 X1.85 Y45.525 E920.57969
G1 X0.882 Y45.803 E921.0533
G1 X-.164 Y45.965 E921.55106
G1 X-1.517 Y46.074 E922.18939
G1 X-2.834 Y46.117 E922.80906
G1 X-4.135 Y46.086 E923.42105
G1 X-5.378 Y45.971 E924.00808
G1 X-6.583 Y45.766 E924.58289
G1 X-7.721 Y45.466 E925.13634
G1 X-8.827 Y45.054 E925.69136
G1 X-9.877 Y44.531 E926.243
G1 X-10.874 Y43.885 E926.80167
G1 X-11.816 Y43.11 E927.37532
G1 X-12.708 Y42.19 E927.97793
G1 X-13.536 Y41.13 E928.61046
G1 X-14.751 Y39.124 E929.71335
G1 X-15.596 Y37.14 E930.72745
G1 X-16.119 Y35.155 E931.69278
G1 X-16.36 Y33.172 E932.63218
G1 X-16.37 Y31.166 E933.57554
G1 X-16.19 Y29.136 E934.53392
G1 X-15.866 Y27.066 E935.51922
G1 X-15.442 Y24.95 E936.53408
G1 X-14.475 Y20.505 E938.67329
G1 X-14.025 Y18.171 E939.7911
G1 X-13.595 Y15.32 E941.14699
G1 X-13.375 Y14.607 E941.49789
G1 X-13.092 Y13.916 E941.84904
G1 X-12.252 Y12.292 E942.70886
G1 X-11.869 Y11.14 E943.27976
G1 X-11.864 Y10.118 E943.76037
G1 X-12.055 Y9.427 E944.09751
G1 X-12.403 Y8.702 E944.47569
G1 X-12.881 Y8.085 E944.84273
G1 X-13.466 Y7.598 E945.20069
G1 X-14.146 Y7.235 E945.56318
G1 X-14.908 Y6.985 E945.94031
G1 X-15.723 Y6.834 E946.3301
G1 X-16.476 Y6.777 E946.68522
G1 X-17.201 Y6.801 E947.02635
G1 X-18.407 Y7.044 E947.60489
G1 X-19.551 Y7.515 E948.18668
G1 X-20.707 Y8.174 E948.81243
G1 X-22.393 Y9.243 E949.75124
G1 X-23.017 Y9.617 E950.09335
G1 X-23.934 Y10.193 E950.6026
G1 X-25.099 Y11.05 E951.28273
G1 X-26.351 Y12.206 E952.08409
G1 X-28.452 Y14.342 E953.49305
G1 X-29.39 Y15.172 E954.08205
G1 X-30.142 Y15.762 E954.53155
G1 X-30.951 Y16.31 E954.99105
G1 X-31.89 Y16.848 E955.49998
G1 X-33.562 Y17.709 E956.38439
G1 X-34.613 Y18.182 E956.92638
G1 X-35.645 Y18.531 E957.43869
G1 X-36.757 Y18.747 E957.9714
G1 X-37.915 Y18.789 E958.51632
G1 X-38.544 Y18.743 E958.81291
G1 X-39.955 Y18.534 E959.48369
G1 X-41.25 Y18.204 E960.11215
G1 X-42.365 Y17.747 E960.67882
G1 X-43.388 Y17.116 E961.24406
G1 X-43.883 Y16.712 E961.54453
G1 X-44.344 Y16.266 E961.84617
G1 X-44.79 Y15.758 E962.16407
G1 X-45.51 Y14.729 E962.75467
G1 X-45.726 Y14.291 E962.98433
G1 X-45.998 Y13.421 E963.41299
G1 X-46.065 Y13 E963.61346
G1 X-46.121 Y11.884 E964.13893
G1 X-46.046 Y9.823 E965.10879
G1 X-46.064 Y8.458 E965.75075
G1 X-45.971 Y7.768 E966.07817
G1 X-45.844 Y7.399 E966.26169
G1 X-45.645 Y7.012 E966.46633
G1 X-45.407 Y6.672 E966.6615
G1 X-44.797 Y6.105 E967.05315
G1 X-43.479 Y5.23 E967.79711
G1 X-42.635 Y4.722 E968.26036
G1 X-41.789 Y4.277 E968.70988
G1 X-40.056 Y3.551 E969.59347
G1 X-38.531 Y3.03 E970.35132
G1 X-37.167 Y2.612 E971.02221
G1 X-35.871 Y2.262 E971.6535
G1 X-34.611 Y1.969 E972.26185
G1 X-33.442 Y1.733 E972.82268
G1 X-32.281 Y1.529 E973.37702
G1 X-31.117 Y1.346 E973.93113
G1 X-27.563 Y0.817 E975.62086
G1 X-26.294 Y0.606 E976.22582
G1 X-24.962 Y0.357 E976.86306
G1 X-23.565 Y0.061 E977.5346
G1 X-22.637 Y-0.089 E977.97667
G1 X-21.376 Y-.171 E978.57093
G1 X-18.266 Y-0.065 E980.0343
G1 X-17.178 Y-.132 E980.54691
G1 X-16.398 Y-.269 E980.91933
G1 X-15.682 Y-.526 E981.27708
G1 X-15.045 Y-.946 E981.63589
G1 X-14.503 Y-1.585 E982.02992
G1 X-14.011 Y-2.779 E982.63722
G1 X-14.093 Y-3.681 E983.06315
G1 X-14.485 Y-4.385 E983.44208
G1 X-14.828 Y-4.782 E983.6888
G1 X-15.501 Y-5.353 E984.10385
G1 X-16.319 Y-5.877 E984.56069
G1 X-17.169 Y-6.335 E985.01474
G1 X-18.082 Y-6.718 E985.48034
G1 X-18.967 Y-6.937 E985.90908
G1 X-19.829 Y-7.022 E986.31641
G1 X-20.671 Y-7.003 E986.71248
G1 X-21.647 Y-6.896 E987.1742
G1 X-23.99 Y-6.482 E988.2931
G1 X-24.835 Y-6.379 E988.69341
G1 X-25.72 Y-6.34 E989.11
G1 X-26.618 Y-6.393 E989.53303
G1 X-28.27 Y-6.729 E990.32582
G1 X-30.076 Y-7.123 E991.19509
G1 X-31.493 Y-7.549 E991.89091
G1 X-32.025 Y-7.774 E992.16255
G1 X-32.546 Y-8.06 E992.44205
G1 X-33.028 Y-8.404 E992.72052
G1 X-33.471 Y-8.818 E993.00566
G1 X-33.87 Y-9.309 E993.30318
G1 X-34.231 Y-9.899 E993.62846
G1 X-34.556 Y-10.594 E993.98926
G1 X-34.789 Y-11.267 E994.32418
G1 X-34.949 Y-11.96 E994.65864
G1 X-35.027 Y-12.633 E994.97725
G1 X-35.032 Y-13.304 E995.29281
G1 X-34.963 Y-13.967 E995.60627
G1 X-34.824 Y-14.637 E995.92806
G1 X-34.621 Y-15.29 E996.24964
G1 X-34.353 Y-15.937 E996.57897
G1 X-34.02 Y-16.588 E996.92284
G1 X-33.185 Y-17.857 E997.6372
G1 X-32.51 Y-18.69 E998.1414
G1 X-31.822 Y-19.42 E998.61313
G1 X-31.075 Y-20.09 E999.08501
G1 X-30.332 Y-20.647 E999.5217
G1 X-29.536 Y-21.133 E999.96029
G1 X-28.707 Y-21.536 E1000.39376
G1 X-27.852 Y-21.853 E1000.82258
G1 X-26.955 Y-22.093 E1001.25925
G1 X-26.016 Y-22.253 E1001.70719
G1 X-25.036 Y-22.336 E1002.1697
G1 X-24.028 Y-22.341 E1002.64373
G1 X-22.956 Y-22.267 E1003.14905
G1 X-22.059 Y-22.12 E1003.5765
G1 X-21.252 Y-21.878 E1003.9727
G1 X-20.515 Y-21.549 E1004.35225
G1 X-19.854 Y-21.157 E1004.71365
G1 X-19.226 Y-20.692 E1005.08112
G1 X-18.417 Y-19.991 E1005.58452
G1 X-16.43 Y-17.972 E1006.91666
G1 X-15.54 Y-17.163 E1007.48227
G1 X-14.127 Y-16.016 E1008.33812
G1 X-12.932 Y-14.881 E1009.11316
G1 X-11.075 Y-12.901 E1010.38972
G1 X-9.78 Y-11.781 E1011.19488
G1 X-9.11 Y-11.33 E1011.57469
G1 X-8.387 Y-10.931 E1011.96303
G1 X-7.569 Y-10.578 E1012.382
G1 X-6.477 Y-10.185 E1012.92777
G1 X-5.436 Y-9.884 E1013.43737
G1 X-4.419 Y-9.712 E1013.92242
G1 X-3.408 Y-9.711 E1014.39785
G1 X-2.383 Y-9.917 E1014.88951
G1 X-1.337 Y-10.368 E1015.42518
G1 X-.406 Y-10.96 E1015.94402
G1 X0.363 Y-11.642 E1016.42738
G1 X0.97 Y-12.424 E1016.89291
G1 X1.401 Y-13.307 E1017.35498
G1 X1.646 Y-14.29 E1017.83139
G1 X1.698 Y-15.345 E1018.32812
G1 X1.56 Y-16.555 E1018.90083
G1 X1.264 Y-17.603 E1019.41295
G1 X0.83 Y-18.538 E1019.8977
G1 X0.283 Y-19.384 E1020.37146
G1 X-.359 Y-20.16 E1020.84509
G1 X-1.224 Y-21.05 E1021.42873
G1 X-3.417 Y-23.041 E1022.82164
G1 X-4.239 Y-23.852 E1023.36467
G1 X-4.995 Y-24.695 E1023.89717
G1 X-5.738 Y-25.669 E1024.47326
G1 X-6.473 Y-26.687 E1025.06373
G1 X-7.22 Y-27.642 E1025.6339
G1 X-7.956 Y-28.53 E1026.17628
G1 X-9.381 Y-30.203 E1027.20975
G1 X-10.047 Y-31.014 E1027.70325
G1 X-10.669 Y-31.829 E1028.18538
G1 X-11.264 Y-32.696 E1028.67988
G1 X-11.801 Y-33.601 E1029.17475
G1 X-12.294 Y-34.595 E1029.69653
G1 X-12.729 Y-35.682 E1030.24712
G1 X-13.095 Y-36.874 E1030.8335
G1 X-13.408 Y-38.129 E1031.44176
G1 X-13.619 Y-39.278 E1031.99113
G1 X-13.698 Y-40.422 E1032.53039
G1 X-13.599 Y-41.463 E1033.02214
G1 X-13.467 Y-41.999 E1033.28174
G1 X-13.278 Y-42.525 E1033.54458
G1 X-13.021 Y-43.056 E1033.822
G1 X-12.694 Y-43.59 E1034.11646
G1 X-12 Y-44.46 E1034.63982
G1 X-11.234 Y-45.136 E1035.12025
G1 X-10.381 Y-45.637 E1035.58546
G1 X-9.926 Y-45.819 E1035.81591
G1 X-8.948 Y-46.054 E1036.28892
G1 X-8.468 Y-46.103 E1036.51582
G1 X-7.298 Y-46.083 E1037.06611
G1 X-6.48 Y-45.971 E1037.45438
G1 X-5.691 Y-45.783 E1037.8358
G1 X-4.986 Y-45.534 E1038.18741
G1 X-4.313 Y-45.213 E1038.53805
G1 X-3.686 Y-44.834 E1038.88259
G1 X-3.093 Y-44.398 E1039.22872
G1 X-1.991 Y-43.385 E1039.93264
G1 X-.917 Y-42.178 E1040.69242
G1 X0.565 Y-40.351 E1041.79871
G1 X1.296 Y-39.257 E1042.41746
G1 X2.096 Y-37.786 E1043.20491
G1 X2.724 Y-36.239 E1043.99006
G1 X3.217 Y-34.668 E1044.76437
G1 X4.173 Y-31.095 E1046.50373
G1 X4.467 Y-29.822 E1047.11813
G1 X4.646 Y-28.613 E1047.69288
G1 X4.739 Y-27.45 E1048.24154
G1 X4.773 Y-26.339 E1048.76425
G1 X4.777 Y-24.114 E1049.81059
G1 X4.802 Y-23.029 E1050.32096
G1 X4.881 Y-21.943 E1050.83302
G1 X5.041 Y-20.849 E1051.35296
G1 X5.312 Y-19.738 E1051.89074
G1 X5.723 Y-18.604 E1052.45796
G1 X6.303 Y-17.437 E1053.0708
G1 X6.995 Y-16.249 E1053.71735
G1 X7.506 Y-15.517 E1054.13716
G1 X8.078 Y-14.912 E1054.5287
G1 X8.762 Y-14.481 E1054.90889
G1 X9.618 Y-14.321 E1055.31841
G1 X10.825 Y-14.626 E1055.90386
G1 X11.398 Y-15.354 E1056.33953
G1 X11.734 Y-16.203 E1056.76892
G1 X12.202 Y-18.097 E1057.68639
G1 X12.928 Y-19.899 E1058.59999
G1 X13.284 Y-21.049 E1059.16611
G1 X13.553 Y-22.174 E1059.71007
G1 X13.767 Y-23.272 E1060.23614
G1 X14.149 Y-25.391 E1061.24869
G1 X14.38 Y-26.419 E1061.74418
G1 X14.673 Y-27.405 E1062.2279
G1 X15.058 Y-28.357 E1062.71081
G1 X15.564 Y-29.272 E1063.20252
G1 X16.23 Y-30.166 E1063.72677
G1 X17.076 Y-31.025 E1064.29374
G1 X17.797 Y-31.622 E1064.73395
G1 X18.527 Y-32.141 E1065.15516
G1 X19.268 Y-32.585 E1065.56139
G1 X20.014 Y-32.949 E1065.95174
G1 X20.766 Y-33.236 E1066.33026
G1 X21.543 Y-33.455 E1066.70989
G1 X22.333 Y-33.6 E1067.08761
G1 X23.141 Y-33.678 E1067.46935
G1 X23.979 Y-33.687 E1067.86345
G1 X24.845 Y-33.631 E1068.27155
G1 X25.743 Y-33.512 E1068.69754
G1 X26.649 Y-33.334 E1069.13174
G1 X27.618 Y-33.06 E1069.6053
G1 X28.464 Y-32.697 E1070.03822
G1 X29.24 Y-32.202 E1070.47106
G1 X29.844 Y-31.632 E1070.86161
G1 X30.355 Y-30.923 E1071.2726
G1 X30.804 Y-29.98 E1071.76377
G1 X31.05 Y-29.114 E1072.18713
G1 X31.123 Y-28.299 E1072.57193
G1 X31.031 Y-27.451 E1072.97305
G1 X30.797 Y-26.642 E1073.36909
G1 X30.434 Y-25.832 E1073.7865
G1 X29.957 Y-25.002 E1074.23669
G1 X29.514 Y-24.426 E1074.57841
G1 X28.955 Y-23.947 E1074.92459
G1 X28.376 Y-23.59 E1075.24447
G1 X26.931 Y-22.843 E1076.00944
G1 X25.698 Y-22.012 E1076.70867
G1 X24.748 Y-21.432 E1077.2321
G1 X22.543 Y-20.252 E1078.40817
G1 X21.177 Y-19.393 E1079.16701
G1 X20.066 Y-18.451 E1079.852
G1 X19.32 Y-17.634 E1080.37227
G1 X18.152 Y-15.95 E1081.33604
G1 X17.666 Y-15.144 E1081.77864
G1 X17.304 Y-14.293 E1082.21354
G1 X17.211 Y-13.176 E1082.74064
G1 X17.702 Y-12.305 E1083.21084
G1 X18.452 Y-11.671 E1083.67267
G1 X19.347 Y-11.497 E1084.10144
G1 X20.253 Y-11.622 E1084.53153
G1 X21.198 Y-11.929 E1084.9988
G1 X22.668 Y-12.524 E1085.74456
G1 X23.71 Y-12.933 E1086.27098
G1 X24.255 Y-13.221 E1086.56085
G1 X25.226 Y-13.915 E1087.12212
G1 X26.599 Y-15.15 E1087.99056
G1 X27.451 Y-15.793 E1088.49253
G1 X28.443 Y-16.326 E1089.0221
G1 X29.49 Y-16.745 E1089.55243
G1 X30.467 Y-17.071 E1090.03678
G1 X31.637 Y-17.366 E1090.60421
G1 X32.85 Y-17.52 E1091.17922
G1 X33.938 Y-17.58 E1091.69164
G1 X36.214 Y-17.601 E1092.76201
G1 X37.631 Y-17.573 E1093.4285
G1 X39.042 Y-17.446 E1094.09473
G1 X40.356 Y-17.171 E1094.72604
G1 X41.045 Y-16.949 E1095.06646
G1 X41.695 Y-16.682 E1095.39691
G1 X42.402 Y-16.326 E1095.76916
G1 X43.081 Y-15.921 E1096.14096
G1 X43.792 Y-15.413 E1096.55189
G1 X44.359 Y-14.898 E1096.9121
G1 X44.839 Y-14.321 E1097.26506
G1 X45.233 Y-13.674 E1097.62129
G1 X45.668 Y-12.582 E1098.17407
G1 X45.916 Y-11.629 E1098.63715
G1 X46.078 Y-10.641 E1099.10798
G1 X46.115 Y-9.704 E1099.54896
G1 X46.021 Y-8.802 E1099.97543
G1 X45.782 Y-7.874 E1100.42608
G1 X45.63 Y-7.469 E1100.62951
G1 X45.163 Y-6.492 E1101.13875
G1 X44.35 Y-5.153 E1101.87541
G1 X43.481 Y-4.041 E1102.53908
G1 X42.518 Y-3.117 E1103.16669
G1 X41.426 Y-2.358 E1103.79208
G1 X40.186 Y-1.748 E1104.44195
G1 X38.684 Y-1.242 E1105.18729
G1 X37.896 Y-1.068 E1105.56678
G1 X37.139 Y-.984 E1105.92496
G1 X36.424 Y-.979 E1106.26121
G1 X35.716 Y-1.045 E1106.5956
G1 X34.139 Y-1.384 E1107.35414
G1 X31.806 Y-2.104 E1108.50233
G1 X30.73 Y-2.365 E1109.02301
G1 X29.899 Y-2.521 E1109.42062
G1 X28.261 Y-2.853 E1110.20658
G1 X26.713 Y-3.289 E1110.96287
G1 X25.244 Y-3.793 E1111.69321
G1 X23.684 Y-4.387 E1112.47821
G1 X22.453 Y-4.868 E1113.09973
G1 X21.098 Y-5.366 E1113.77861
G1 X19.749 Y-5.791 E1114.44373
G1 X18.386 Y-6.104 E1115.10138
G1 X16.994 Y-6.269 E1115.76057
G1 X15.556 Y-6.247 E1116.43689
G1 X14.059 Y-6.001 E1117.15032
G1 X12.466 Y-5.486 E1117.93763
G1 X11.711 Y-5.12 E1118.33219
G1 X10.787 Y-4.431 E1118.87422
G1 X10.153 Y-3.554 E1119.38313
G1 X9.907 Y-2.784 E1119.76326
G1 X9.865 Y-2.017 E1120.12449
G1 X10 Y-1.132 E1120.54549
G1 X10.257 Y-.397 E1120.91165
G1 X10.629 Y0.242 E1121.25937
G1 X11.091 Y0.796 E1121.5986
G1 X11.627 Y1.289 E1121.94106
G1 X12.422 Y1.885 E1122.40832
G1 X14.7 Y3.287 E1123.66621
G1 X15.595 Y3.936 E1124.18611
G1 X16.906 Y5.061 E1124.9985
G1 X18.125 Y5.973 E1125.71443
G1 X20.256 Y7.388 E1126.91737
G1 X21.533 Y8.431 E1127.69274
G1 X22.036 Y8.944 E1128.03061
G1 X22.524 Y9.534 E1128.39067
G1 X22.99 Y10.206 E1128.77524
G1 X23.834 Y11.626 E1129.55206
G1 X24.509 Y12.994 E1130.26943
G1 X25.005 Y14.363 E1130.95418
G1 X25.296 Y15.722 E1131.60775
G1 X25.373 Y16.457 E1131.95529
G1 X25.399 Y17.214 E1132.31149
G1 X25.365 Y18.328 E1132.83561
G1 X25.099 Y20.37 E1133.804
G1 X24.842 Y21.661 E1134.42302
G1 X24.624 Y22.521 E1134.84024
G1 X24.359 Y23.341 E1135.24549
G1 X24.036 Y24.121 E1135.6425
G1 X23.655 Y24.844 E1136.02683
G1 X23.197 Y25.53 E1136.41472
G1 X22.668 Y26.15 E1136.79799
G1 X22.046 Y26.721 E1137.19505
G1 X21.335 Y27.23 E1137.60626
G1 X20.505 Y27.687 E1138.05183
G1 X19.906 Y27.937 E1138.35707
G1 X19.309 Y28.113 E1138.64976
G1 X18.721 Y28.216 E1138.93049
G1 X18.142 Y28.248 E1139.20319
G1 X17.566 Y28.216 E1139.47448
G1 X17.003 Y28.12 E1139.74306
G1 X16.444 Y27.967 E1140.0156
G1 X15.888 Y27.757 E1140.2951
G1 X14.794 Y27.19 E1140.87456
G1 X13.672 Y26.413 E1141.51636
G1 X12.296 Y25.195 E1142.38054
G1 X11.19 Y23.896 E1143.18284
G1 X10.311 Y22.521 E1143.95028
G1 X9.621 Y21.093 E1144.69611
G1 X9.06 Y19.587 E1145.45186
G1 X8.605 Y18.075 E1146.1944
G1 X7.752 Y14.858 E1147.75952
G1 X7.273 Y13.211 E1148.56613
G1 X6.691 Y11.542 E1149.39736
G1 X5.959 Y9.857 E1150.26129
G1 X5.029 Y8.172 E1151.16637
G1 X4.589 Y7.441 E1151.5676
G1 X3.145 Y4.888 E1152.94692
G1 X2.217 Y3.486 E1153.73758
G1 X1.277 Y2.4 E1154.41302
G1 X0.687 Y1.861 E1154.78883
G1 X0.02 Y1.351 E1155.18368
G1 X-1.617 Y0.378 Z2.503 E1156.07922
G1 X-2.557 Y-0.065 Z2.505 E1156.5679
G1 X-3.481 Y-.37 Z2.507 E1157.02549
G1 X-4.418 Y-.49 Z2.509 E1157.46972
G1 X-5.316 Y-.378 Z2.51 E1157.89529
G1 X-5.871 Y-.159 Z2.511 E1158.17587
G1 X-6.685 Y0.299 Z2.513 E1158.6151
G1 X-7.288 Y0.862 Z2.515 E1159.00306
G1 X-7.709 Y1.563 Z2.516 E1159.38759
G1 X-7.988 Y2.651 Z2.518 E1159.9158
G1 X-8.085 Y3.516 Z2.52 E1160.32513
G1 X-8.083 Y4.396 Z2.521 E1160.73896
G1 X-7.823 Y6.597 Z2.525 E1161.78121
G1 X-7.238 Y8.681 Z2.529 E1162.79912
G1 X-6.387 Y10.679 Z2.533 E1163.82039
G1 X-5.326 Y12.626 Z2.537 E1164.86312
G1 X-4.111 Y14.547 Z2.541 E1165.93202
G1 X-2.794 Y16.474 Z2.545 E1167.02964
G1 X-1.441 Y18.423 Z2.55 E1168.14539
G1 X-0.077 Y20.461 Z2.554 E1169.29864
G1 X1.212 Y22.57 Z2.558 E1170.461
G1 X2.386 Y24.801 Z2.563 E1171.64656
G1 X3.391 Y27.182 Z2.568 E1172.86192
G1 X4.175 Y29.741 Z2.572 E1174.12053
G1 X4.525 Y31.103 Z2.575 E1174.78184
G1 X5.121 Y33.344 Z2.579 E1175.87234
G1 X5.388 Y34.437 Z2.581 E1176.40145
G1 X5.614 Y35.528 Z2.583 E1176.9254
G1 X5.78 Y36.607 Z2.585 E1177.43879
G1 X5.867 Y37.66 Z2.587 E1177.93567
G1 X5.861 Y38.715 Z2.589 E1178.4318
G1 X5.748 Y39.764 Z2.591 E1178.92797
G1 X5.511 Y40.84 Z2.593 E1179.4461
G1 X5.136 Y41.935 Z2.595 E1179.9904
G1 X4.609 Y43.05 Z2.597 E1180.57036
G1 X4.045 Y43.924 Z2.599 E1181.05952
G1 X3.732 Y44.289 Z2.6 E1181.28564
G1 X3.043 Y44.895 Z2.601 E1181.71714
G1 X2.261 Y45.354 Z2.603 E1182.14356
G1 X1.85 Y45.525 Z2.604 E1182.3529
G1 X0.882 Y45.803 Z2.606 E1182.82652
G1 X-.164 Y45.965 Z2.608 E1183.32428
G1 X-1.517 Y46.074 Z2.61 E1183.96261
G1 X-2.834 Y46.117 Z2.612 E1184.58227
G1 X-4.135 Y46.086 Z2.615 E1185.19426
G1 X-5.378 Y45.971 Z2.617 E1185.7813
G1 X-6.583 Y45.766 Z2.619 E1186.35611
G1 X-7.721 Y45.466 Z2.621 E1186.90955
G1 X-8.827 Y45.054 Z2.623 E1187.46458
G1 X-9.877 Y44.531 Z2.625 E1188.01622
G1 X-10.874 Y43.885 Z2.628 E1188.57489
G1 X-11.816 Y43.11 Z2.63 E1189.14854
G1 X-12.708 Y42.19 Z2.632 E1189.75115
G1 X-13.536 Y41.13 Z2.634 E1190.38368
G1 X-14.751 Y39.124 Z2.639 E1191.48658
G1 X-15.596 Y37.14 Z2.643 E1192.50068
G1 X-16.119 Y35.155 Z2.646 E1193.46601
G1 X-16.36 Y33.172 Z2.65 E1194.40541
G1 X-16.37 Y31.166 Z2.653 E1195.34877
G1 X-16.19 Y29.136 Z2.657 E1196.30715
G1 X-15.866 Y27.066 Z2.661 E1197.29245
G1 X-15.442 Y24.95 Z2.665 E1198.30731
G1 X-14.475 Y20.505 Z2.673 E1200.44653
G1 X-14.025 Y18.171 Z2.677 E1201.56434
G1 X-13.595 Y15.32 Z2.682 E1202.92023
G1 X-13.376 Y14.607 Z2.684 E1203.27099
G1 X-13.093 Y13.916 Z2.685 E1203.62214
G1 X-12.252 Y12.293 Z2.688 E1204.48176
G1 X-11.869 Y11.14 Z2.691 E1205.05311
G1 X-11.864 Y10.118 Z2.692 E1205.53373
G1 X-12.055 Y9.427 Z2.694 E1205.87087
G1 X-12.403 Y8.702 Z2.695 E1206.24905
G1 X-12.881 Y8.085 Z2.696 E1206.61609
G1 X-13.466 Y7.598 Z2.698 E1206.97404
G1 X-14.146 Y7.235 Z2.699 E1207.33654
G1 X-14.908 Y6.985 Z2.701 E1207.71367
G1 X-15.723 Y6.834 Z2.702 E1208.10346
G1 X-16.476 Y6.777 Z2.704 E1208.45858
G1 X-17.2 Y6.804 Z2.705 E1208.79929
G1 X-18.4 Y7.066 Z2.707 E1209.3769
G1 X-19.542 Y7.531 Z2.709 E1209.95676
G1 X-20.707 Y8.173 Z2.712 E1210.5823
G1 X-22.393 Y9.241 Z2.715 E1211.52085
G1 X-23.013 Y9.622 Z2.717 E1211.86307
G1 X-23.933 Y10.193 Z2.718 E1212.37227
G1 X-25.099 Y11.049 Z2.721 E1213.05249
G1 X-26.349 Y12.207 Z2.724 E1213.8538
G1 X-28.452 Y14.341 Z2.73 E1215.26276
G1 X-29.39 Y15.171 Z2.732 E1215.85176
G1 X-30.142 Y15.762 Z2.734 E1216.30154
G1 X-30.951 Y16.31 Z2.735 E1216.76105
G1 X-31.89 Y16.848 Z2.737 E1217.26998
G1 X-33.562 Y17.709 Z2.741 E1218.15439
G1 X-34.613 Y18.182 Z2.743 E1218.69638
G1 X-35.645 Y18.531 Z2.745 E1219.2087
G1 X-36.757 Y18.747 Z2.747 E1219.7414
G1 X-37.915 Y18.789 Z2.749 E1220.28633
G1 X-38.544 Y18.743 Z2.75 E1220.58292
G1 X-39.955 Y18.534 Z2.752 E1221.2537
G1 X-41.25 Y18.204 Z2.755 E1221.88215
G1 X-42.365 Y17.747 Z2.757 E1222.44883
G1 X-43.388 Y17.116 Z2.759 E1223.01407
G1 X-43.883 Y16.712 Z2.76 E1223.31454
G1 X-44.344 Y16.266 Z2.761 E1223.61618
G1 X-44.79 Y15.758 Z2.763 E1223.93408
G1 X-45.51 Y14.729 Z2.765 E1224.52468
G1 X-45.708 Y14.284 Z2.766 E1224.75373
G1 X-45.983 Y13.418 Z2.767 E1225.18102
G1 X-46.065 Y13 Z2.768 E1225.38133
G1 X-46.12 Y11.884 Z2.77 E1225.90679
G1 X-46.047 Y9.823 Z2.774 E1226.87661
G1 X-46.063 Y8.459 Z2.776 E1227.51809
G1 X-45.97 Y7.769 Z2.778 E1227.84551
G1 X-45.844 Y7.4 E1228.02888
G1 X-45.645 Y7.012 Z2.779 E1228.23394
G1 X-45.408 Y6.672 Z2.78 E1228.42884
G1 X-44.797 Y6.106 Z2.781 E1228.82051
G1 X-43.479 Y5.231 Z2.784 E1229.56447
G1 X-42.635 Y4.723 Z2.786 E1230.02773
G1 X-41.789 Y4.278 Z2.788 E1230.47725
G1 X-40.057 Y3.551 Z2.791 E1231.36059
G1 X-38.531 Y3.031 Z2.794 E1232.11874
G1 X-37.167 Y2.612 Z2.796 E1232.78976
G1 X-35.871 Y2.262 Z2.799 E1233.42106
G1 X-34.611 Y1.969 Z2.801 E1234.0294
G1 X-33.442 Y1.733 Z2.803 E1234.59023
G1 X-32.281 Y1.529 Z2.805 E1235.14457
G1 X-31.117 Y1.347 Z2.808 E1235.69861
G1 X-27.564 Y0.817 Z2.814 E1237.38795
G1 X-26.295 Y0.606 Z2.816 E1237.99291
G1 X-24.962 Y0.357 Z2.819 E1238.63061
G1 X-23.565 Y0.061 Z2.821 E1239.30216
G1 X-22.637 Y-0.089 Z2.823 E1239.74423
G1 X-21.377 Y-.171 Z2.825 E1240.33801
G1 X-18.267 Y-0.065 Z2.831 E1241.80139
G1 X-17.178 Y-.132 Z2.833 E1242.31447
G1 X-16.398 Y-.269 Z2.834 E1242.68689
G1 X-15.682 Y-.526 Z2.836 E1243.04464
G1 X-15.045 Y-.946 Z2.837 E1243.40345
G1 X-14.503 Y-1.585 Z2.839 E1243.79749
G1 X-14.011 Y-2.779 Z2.841 E1244.40478
G1 X-14.093 Y-3.681 Z2.842 E1244.83071
G1 X-14.485 Y-4.385 Z2.844 E1245.20964
G1 X-14.828 Y-4.782 Z2.845 E1245.45637
G1 X-15.501 Y-5.352 Z2.846 E1245.87111
G1 X-16.319 Y-5.876 Z2.848 E1246.32795
G1 X-17.169 Y-6.334 Z2.85 E1246.78201
G1 X-18.082 Y-6.718 Z2.852 E1247.24779
G1 X-18.967 Y-6.937 Z2.853 E1247.67653
G1 X-19.829 Y-7.022 Z2.855 E1248.08386
G1 X-20.671 Y-7.003 Z2.856 E1248.47992
G1 X-21.647 Y-6.896 Z2.858 E1248.94165
G1 X-23.99 Y-6.482 Z2.862 E1250.06055
G1 X-24.835 Y-6.379 Z2.864 E1250.46087
G1 X-25.72 Y-6.34 Z2.866 E1250.87745
G1 X-26.618 Y-6.393 Z2.867 E1251.30049
G1 X-28.27 Y-6.729 Z2.87 E1252.09327
G1 X-30.076 Y-7.122 Z2.874 E1252.96244
G1 X-31.493 Y-7.549 Z2.876 E1253.65841
G1 X-32.025 Y-7.774 Z2.877 E1253.93004
G1 X-32.546 Y-8.06 Z2.878 E1254.20954
G1 X-33.028 Y-8.404 Z2.879 E1254.48801
G1 X-33.471 Y-8.818 Z2.88 E1254.77315
G1 X-33.87 Y-9.309 Z2.882 E1255.07068
G1 X-34.231 Y-9.899 Z2.883 E1255.39595
G1 X-34.556 Y-10.594 Z2.884 E1255.75675
G1 X-34.789 Y-11.267 Z2.886 E1256.09167
G1 X-34.949 Y-11.96 Z2.887 E1256.42614
G1 X-35.027 Y-12.633 Z2.888 E1256.74475
G1 X-35.032 Y-13.304 Z2.889 E1257.0603
G1 X-34.963 Y-13.967 Z2.89 E1257.37377
G1 X-34.824 Y-14.637 Z2.892 E1257.69556
G1 X-34.621 Y-15.29 Z2.893 E1258.01714
G1 X-34.353 Y-15.937 Z2.894 E1258.34647
G1 X-34.02 Y-16.588 Z2.895 E1258.69034
G1 X-33.185 Y-17.857 Z2.898 E1259.40471
G1 X-32.51 Y-18.69 Z2.9 E1259.9089
G1 X-31.822 Y-19.42 Z2.902 E1260.38063
G1 X-31.075 Y-20.09 Z2.904 E1260.85252
G1 X-30.332 Y-20.647 Z2.905 E1261.28921
G1 X-29.536 Y-21.133 Z2.907 E1261.72779
G1 X-28.707 Y-21.536 Z2.909 E1262.16127
G1 X-27.852 Y-21.853 Z2.91 E1262.59009
G1 X-26.955 Y-22.093 Z2.912 E1263.02675
G1 X-26.016 Y-22.253 Z2.914 E1263.4747
G1 X-25.036 Y-22.336 Z2.915 E1263.93721
G1 X-24.028 Y-22.341 Z2.917 E1264.41124
G1 X-22.956 Y-22.267 Z2.919 E1264.91656
G1 X-22.059 Y-22.12 Z2.921 E1265.34402
G1 X-21.252 Y-21.878 Z2.922 E1265.74022
G1 X-20.515 Y-21.549 Z2.924 E1266.11977
G1 X-19.854 Y-21.157 Z2.925 E1266.48116
G1 X-19.226 Y-20.692 Z2.927 E1266.84864
G1 X-18.417 Y-19.991 Z2.929 E1267.35204
G1 X-16.43 Y-17.972 Z2.934 E1268.68418
G1 X-15.54 Y-17.163 Z2.936 E1269.24979
G1 X-14.127 Y-16.016 Z2.939 E1270.10564
G1 X-12.933 Y-14.881 Z2.942 E1270.88035
G1 X-11.076 Y-12.901 Z2.947 E1272.15691
G1 X-9.78 Y-11.781 Z2.95 E1272.96242
G1 X-9.11 Y-11.33 Z2.951 E1273.34223
G1 X-8.387 Y-10.931 Z2.953 E1273.73057
G1 X-7.569 Y-10.578 Z2.955 E1274.14954
G1 X-6.477 Y-10.185 Z2.957 E1274.69531
G1 X-5.436 Y-9.884 Z2.959 E1275.20491
G1 X-4.419 Y-9.712 Z2.96 E1275.68996
G1 X-3.408 Y-9.711 Z2.962 E1276.1654
G1 X-2.383 Y-9.917 Z2.964 E1276.65706
G1 X-1.337 Y-10.368 Z2.966 E1277.19273
G1 X-.406 Y-10.96 Z2.968 E1277.71157
G1 X0.363 Y-11.642 Z2.97 E1278.19493
G1 X0.97 Y-12.424 Z2.972 E1278.66046
G1 X1.401 Y-13.307 Z2.974 E1279.12253
G1 X1.646 Y-14.29 Z2.975 E1279.59894
G1 X1.698 Y-15.345 Z2.977 E1280.09567
G1 X1.56 Y-16.555 Z2.979 E1280.66838
G1 X1.264 Y-17.603 Z2.981 E1281.1805
G1 X0.83 Y-18.538 Z2.983 E1281.66526
G1 X0.283 Y-19.384 Z2.985 E1282.13902
G1 X-.359 Y-20.16 Z2.987 E1282.61264
G1 X-1.228 Y-21.046 Z2.989 E1283.19626
G1 X-3.416 Y-23.041 Z2.994 E1284.5887
G1 X-4.239 Y-23.852 Z2.996 E1285.13206
G1 X-4.995 Y-24.695 Z2.999 E1285.66456
G1 X-5.738 Y-25.669 Z3.001 E1286.24065
G1 X-6.473 Y-26.687 Z3.003 E1286.83112
G1 X-7.22 Y-27.642 Z3.005 E1287.40129
G1 X-7.956 Y-28.53 Z3.007 E1287.94368
G1 X-9.381 Y-30.203 Z3.011 E1288.97714
G1 X-10.047 Y-31.014 Z3.013 E1289.47065
G1 X-10.669 Y-31.829 Z3.015 E1289.95278
G1 X-11.264 Y-32.696 Z3.017 E1290.44728
G1 X-11.801 Y-33.601 Z3.019 E1290.94215
G1 X-12.294 Y-34.595 Z3.021 E1291.46393
G1 X-12.729 Y-35.682 Z3.023 E1292.01452
G1 X-13.095 Y-36.874 Z3.025 E1292.6009
G1 X-13.408 Y-38.129 Z3.027 E1293.20916
G1 X-13.618 Y-39.278 Z3.029 E1293.75845
G1 X-13.698 Y-40.422 Z3.031 E1294.29774
G1 X-13.599 Y-41.463 Z3.033 E1294.7895
G1 X-13.467 Y-41.999 Z3.034 E1295.04909
G1 X-13.278 Y-42.525 Z3.035 E1295.31193
G1 X-13.021 Y-43.056 Z3.036 E1295.58935
G1 X-12.694 Y-43.59 Z3.038 E1295.88382
G1 X-12 Y-44.46 Z3.04 E1296.40717
G1 X-11.234 Y-45.136 Z3.041 E1296.88761
G1 X-10.381 Y-45.637 Z3.043 E1297.35282
G1 X-9.926 Y-45.819 Z3.044 E1297.58327
G1 X-8.948 Y-46.054 Z3.046 E1298.05628
G1 X-8.468 Y-46.103 Z3.047 E1298.28318
G1 X-7.298 Y-46.083 Z3.049 E1298.83347
G1 X-6.48 Y-45.971 Z3.05 E1299.22174
G1 X-5.691 Y-45.783 Z3.052 E1299.60316
G1 X-4.986 Y-45.534 Z3.053 E1299.95477
G1 X-4.313 Y-45.213 Z3.054 E1300.30542
G1 X-3.686 Y-44.834 Z3.056 E1300.64996
G1 X-3.093 Y-44.398 Z3.057 E1300.99609
G1 X-1.991 Y-43.385 Z3.06 E1301.7
G1 X-.917 Y-42.178 Z3.063 E1302.45979
G1 X0.565 Y-40.351 Z3.067 E1303.56608
G1 X1.296 Y-39.257 Z3.069 E1304.18483
G1 X2.096 Y-37.786 Z3.072 E1304.97228
G1 X2.724 Y-36.239 Z3.075 E1305.75744
G1 X3.217 Y-34.668 Z3.078 E1306.53174
G1 X4.173 Y-31.095 Z3.085 E1308.2711
G1 X4.467 Y-29.822 Z3.087 E1308.88551
G1 X4.646 Y-28.613 Z3.089 E1309.46026
G1 X4.739 Y-27.45 Z3.092 E1310.00892
G1 X4.773 Y-26.339 Z3.094 E1310.53163
G1 X4.777 Y-24.114 Z3.098 E1311.57797
G1 X4.802 Y-23.029 Z3.099 E1312.08834
G1 X4.881 Y-21.943 Z3.101 E1312.6004
G1 X5.041 Y-20.849 Z3.103 E1313.12034
G1 X5.312 Y-19.738 Z3.105 E1313.65812
G1 X5.723 Y-18.604 Z3.108 E1314.22535
G1 X6.303 Y-17.437 Z3.11 E1314.83819
G1 X6.995 Y-16.249 Z3.112 E1315.48473
G1 X7.506 Y-15.517 Z3.114 E1315.90455
G1 X8.086 Y-14.921 Z3.116 E1316.29564
G1 X8.767 Y-14.495 Z3.117 E1316.67338
G1 X9.615 Y-14.343 Z3.119 E1317.07853
G1 X10.804 Y-14.654 Z3.121 E1317.65648
G1 X11.389 Y-15.359 Z3.122 E1318.08729
G1 X11.732 Y-16.203 Z3.124 E1318.51572
G1 X12.203 Y-18.097 Z3.128 E1319.43353
G1 X12.928 Y-19.899 Z3.131 E1320.34696
G1 X13.284 Y-21.049 Z3.133 E1320.91308
G1 X13.553 Y-22.174 Z3.135 E1321.45705
G1 X13.767 Y-23.272 Z3.137 E1321.98311
G1 X14.149 Y-25.391 Z3.141 E1322.99567
G1 X14.38 Y-26.419 Z3.143 E1323.49115
G1 X14.673 Y-27.405 Z3.145 E1323.97487
G1 X15.058 Y-28.357 Z3.147 E1324.45779
G1 X15.564 Y-29.272 Z3.149 E1324.94949
G1 X16.23 Y-30.166 Z3.151 E1325.47375
G1 X17.076 Y-31.025 Z3.153 E1326.04072
G1 X17.797 Y-31.622 Z3.154 E1326.48093
G1 X18.527 Y-32.141 Z3.156 E1326.90214
G1 X19.268 Y-32.585 Z3.158 E1327.30838
G1 X20.014 Y-32.949 Z3.159 E1327.69873
G1 X20.766 Y-33.236 Z3.161 E1328.07725
G1 X21.543 Y-33.455 Z3.162 E1328.45688
G1 X22.333 Y-33.6 Z3.163 E1328.83459
G1 X23.141 Y-33.678 Z3.165 E1329.21633
G1 X23.979 Y-33.687 Z3.166 E1329.61044
G1 X24.845 Y-33.631 Z3.168 E1330.01854
G1 X25.743 Y-33.512 Z3.17 E1330.44453
G1 X26.649 Y-33.334 Z3.171 E1330.87873
G1 X27.618 Y-33.06 Z3.173 E1331.35228
G1 X28.464 Y-32.697 Z3.175 E1331.78521
G1 X29.24 Y-32.202 Z3.176 E1332.21805
G1 X29.844 Y-31.632 Z3.178 E1332.60861
G1 X30.355 Y-30.923 Z3.179 E1333.0196
G1 X30.804 Y-29.98 Z3.181 E1333.51076
G1 X31.05 Y-29.114 Z3.183 E1333.93412
G1 X31.123 Y-28.299 Z3.184 E1334.31892
G1 X31.031 Y-27.451 Z3.186 E1334.72004
G1 X30.797 Y-26.642 Z3.187 E1335.11608
G1 X30.434 Y-25.832 Z3.189 E1335.5335
G1 X29.957 Y-25.002 Z3.191 E1335.98369
G1 X29.514 Y-24.426 Z3.192 E1336.32541
G1 X28.955 Y-23.947 Z3.193 E1336.67159
G1 X28.376 Y-23.591 Z3.195 E1336.99123
G1 X26.931 Y-22.843 Z3.198 E1337.75641
G1 X25.698 Y-22.012 Z3.2 E1338.45564
G1 X24.748 Y-21.433 Z3.202 E1338.97883
G1 X22.544 Y-20.25 Z3.207 E1340.15516
G1 X21.177 Y-19.393 Z3.21 E1340.91389
G1 X20.066 Y-18.451 Z3.212 E1341.59888
G1 X19.32 Y-17.634 Z3.214 E1342.11916
G1 X18.153 Y-15.95 Z3.218 E1343.08265
G1 X17.666 Y-15.144 Z3.22 E1343.5255
G1 X17.304 Y-14.293 Z3.221 E1343.9604
G1 X17.211 Y-13.176 Z3.223 E1344.4875
G1 X17.702 Y-12.305 Z3.225 E1344.9577
G1 X18.453 Y-11.672 Z3.227 E1345.41959
G1 X19.347 Y-11.497 Z3.228 E1345.84799
G1 X20.253 Y-11.622 Z3.23 E1346.27808
G1 X21.198 Y-11.929 Z3.232 E1346.74535
G1 X22.668 Y-12.524 Z3.235 E1347.49112
G1 X23.71 Y-12.933 Z3.237 E1348.01753
G1 X24.255 Y-13.221 Z3.238 E1348.30741
G1 X25.226 Y-13.915 Z3.24 E1348.86867
G1 X26.599 Y-15.149 Z3.243 E1349.7368
G1 X27.451 Y-15.793 Z3.245 E1350.23905
G1 X28.443 Y-16.326 Z3.247 E1350.76863
G1 X29.49 Y-16.745 Z3.249 E1351.29896
G1 X30.467 Y-17.071 Z3.251 E1351.78331
G1 X31.637 Y-17.366 Z3.253 E1352.35074
G1 X32.85 Y-17.52 Z3.255 E1352.92575
G1 X33.938 Y-17.58 Z3.257 E1353.43817
G1 X36.214 Y-17.601 Z3.262 E1354.50854
G1 X37.631 Y-17.573 Z3.264 E1355.17503
G1 X39.042 Y-17.446 Z3.267 E1355.84126
G1 X40.356 Y-17.171 Z3.269 E1356.47258
G1 X41.045 Y-16.949 Z3.27 E1356.81299
G1 X41.695 Y-16.682 Z3.272 E1357.14345
G1 X42.402 Y-16.326 Z3.273 E1357.5157
G1 X43.081 Y-15.921 Z3.274 E1357.88749
G1 X43.792 Y-15.413 Z3.276 E1358.29843
G1 X44.359 Y-14.898 Z3.277 E1358.65864
G1 X44.839 Y-14.321 Z3.279 E1359.01159
G1 X45.233 Y-13.674 Z3.28 E1359.36783
G1 X45.668 Y-12.582 Z3.282 E1359.92061
G1 X45.916 Y-11.629 Z3.284 E1360.38369
G1 X46.078 Y-10.641 Z3.286 E1360.85452
G1 X46.115 Y-9.704 Z3.287 E1361.2955
G1 X46.021 Y-8.802 Z3.289 E1361.72198
G1 X45.782 Y-7.874 Z3.291 E1362.17262
G1 X45.63 Y-7.469 Z3.292 E1362.37605
G1 X45.163 Y-6.492 Z3.294 E1362.88529
G1 X44.35 Y-5.153 Z3.296 E1363.62196
G1 X43.481 Y-4.041 Z3.299 E1364.28563
G1 X42.518 Y-3.117 Z3.301 E1364.91324
G1 X41.426 Y-2.358 Z3.304 E1365.53863
G1 X40.186 Y-1.748 Z3.306 E1366.1885
G1 X38.684 Y-1.242 Z3.309 E1366.93384
G1 X37.896 Y-1.068 Z3.31 E1367.31334
G1 X37.139 Y-.984 Z3.312 E1367.67151
G1 X36.424 Y-.979 Z3.313 E1368.00776
G1 X35.716 Y-1.045 Z3.314 E1368.34215
G1 X34.139 Y-1.384 Z3.317 E1369.1007
G1 X31.806 Y-2.104 Z3.322 E1370.24889
G1 X30.73 Y-2.365 Z3.324 E1370.76956
G1 X29.899 Y-2.521 Z3.325 E1371.16718
G1 X28.261 Y-2.853 Z3.328 E1371.95314
G1 X26.713 Y-3.289 Z3.331 E1372.70943
G1 X25.244 Y-3.793 Z3.334 E1373.43978
G1 X23.684 Y-4.387 Z3.337 E1374.22477
G1 X22.453 Y-4.868 Z3.339 E1374.84629
G1 X21.098 Y-5.366 Z3.342 E1375.52517
G1 X19.749 Y-5.791 Z3.344 E1376.1903
G1 X18.386 Y-6.104 Z3.347 E1376.84795
G1 X16.994 Y-6.269 Z3.349 E1377.50714
G1 X15.556 Y-6.247 Z3.352 E1378.18346
G1 X14.059 Y-6.001 Z3.355 E1378.89689
G1 X12.466 Y-5.486 Z3.358 E1379.6842
G1 X11.713 Y-5.117 Z3.359 E1380.07854
G1 X10.788 Y-4.43 Z3.361 E1380.62038
G1 X10.158 Y-3.552 Z3.363 E1381.12857
G1 X9.907 Y-2.784 Z3.365 E1381.50854
G1 X9.865 Y-2.017 Z3.366 E1381.86977
G1 X10 Y-1.132 Z3.368 E1382.29077
G1 X10.257 Y-.397 Z3.369 E1382.65693
G1 X10.629 Y0.242 Z3.37 E1383.00464
G1 X11.091 Y0.796 Z3.372 E1383.34387
G1 X11.627 Y1.289 Z3.373 E1383.68634
G1 X12.422 Y1.885 Z3.375 E1384.1536
G1 X14.7 Y3.287 Z3.38 E1385.41149
G1 X15.595 Y3.936 Z3.382 E1385.93139
G1 X16.906 Y5.061 Z3.385 E1386.74378
G1 X18.125 Y5.973 Z3.387 E1387.45971
G1 X20.256 Y7.388 Z3.392 E1388.66265
G1 X21.533 Y8.431 Z3.395 E1389.43803
G1 X22.036 Y8.944 Z3.396 E1389.7759
G1 X22.524 Y9.534 Z3.398 E1390.13596
G1 X22.99 Y10.206 Z3.399 E1390.52053
G1 X23.834 Y11.626 Z3.402 E1391.29735
G1 X24.509 Y12.994 Z3.405 E1392.01473
G1 X25.005 Y14.363 Z3.407 E1392.69947
G1 X25.296 Y15.722 Z3.41 E1393.35305
G1 X25.373 Y16.457 Z3.411 E1393.70058
G1 X25.399 Y17.214 Z3.413 E1394.05678
G1 X25.365 Y18.328 Z3.415 E1394.5809
G1 X25.099 Y20.37 Z3.418 E1395.5493
G1 X24.842 Y21.661 Z3.421 E1396.16832
G1 X24.624 Y22.521 Z3.422 E1396.58554
G1 X24.359 Y23.341 Z3.424 E1396.99079
G1 X24.036 Y24.121 Z3.425 E1397.38781
G1 X23.655 Y24.844 Z3.427 E1397.77213
G1 X23.197 Y25.53 Z3.428 E1398.16002
G1 X22.668 Y26.15 Z3.43 E1398.54329
G1 X22.046 Y26.721 Z3.431 E1398.94036
G1 X21.335 Y27.23 Z3.433 E1399.35157
G1 X20.505 Y27.687 Z3.435 E1399.79714
G1 X19.906 Y27.937 Z3.436 E1400.10238
G1 X19.309 Y28.113 Z3.437 E1400.39507
G1 X18.721 Y28.216 Z3.438 E1400.6758
G1 X18.142 Y28.248 Z3.439 E1400.9485
G1 X17.566 Y28.216 Z3.44 E1401.21979
G1 X17.003 Y28.12 Z3.441 E1401.48837
G1 X16.444 Y27.967 Z3.442 E1401.76091
G1 X15.888 Y27.757 Z3.443 E1402.04041
G1 X14.794 Y27.19 Z3.445 E1402.61987
G1 X13.672 Y26.413 Z3.448 E1403.26168
G1 X12.296 Y25.195 Z3.451 E1404.12585
G1 X11.19 Y23.896 Z3.454 E1404.92815
G1 X10.311 Y22.521 Z3.457 E1405.6956
G1 X9.621 Y21.093 Z3.46 E1406.44142
G1 X9.06 Y19.587 Z3.463 E1407.19718
G1 X8.605 Y18.075 Z3.466 E1407.93972
G1 X7.752 Y14.858 Z3.472 E1409.50484
G1 X7.273 Y13.211 Z3.475 E1410.31146
G1 X6.691 Y11.542 Z3.478 E1411.14268
G1 X5.959 Y9.857 Z3.481 E1412.00662
G1 X5.029 Y8.172 Z3.485 E1412.91169
G1 X4.589 Y7.441 Z3.486 E1413.31293
G1 X3.145 Y4.888 Z3.491 E1414.69225
G1 X2.217 Y3.486 Z3.494 E1415.48291
G1 X1.277 Y2.4 Z3.497 E1416.15836
G1 X0.687 Y1.861 Z3.498 E1416.53416
G1 X0.02 Y1.351 Z3.5 E1416.92901
;TIME_ELAPSED:251.882456
;LAYER:3
;TYPE:WALL-OUTER
;MESH:030.stl
G1 X-1.617 Y0.377 Z3.503 E1417.8248
G1 X-2.557 Y-0.067 Z3.505 E1418.31368
G1 X-3.481 Y-.371 Z3.507 E1418.77111
G1 X-4.418 Y-.49 Z3.509 E1419.21529
G1 X-5.316 Y-.377 Z3.51 E1419.64092
G1 X-5.882 Y-.184 Z3.511 E1419.92214
G1 X-6.702 Y0.277 Z3.513 E1420.36452
G1 X-7.297 Y0.855 Z3.515 E1420.75461
G1 X-7.717 Y1.561 Z3.516 E1421.14093
G1 X-8.012 Y2.649 Z3.518 E1421.67105
G1 X-8.085 Y3.517 Z3.52 E1422.08068
G1 X-8.083 Y4.396 Z3.521 E1422.49404
G1 X-7.823 Y6.597 Z3.525 E1423.53629
G1 X-7.238 Y8.681 Z3.529 E1424.5542
G1 X-6.387 Y10.679 Z3.533 E1425.57547
G1 X-5.326 Y12.626 Z3.537 E1426.6182
G1 X-4.111 Y14.547 Z3.541 E1427.6871
G1 X-2.794 Y16.474 Z3.545 E1428.78473
G1 X-1.441 Y18.423 Z3.55 E1429.90048
G1 X-0.077 Y20.461 Z3.554 E1431.05372
G1 X1.212 Y22.57 Z3.558 E1432.21609
G1 X2.386 Y24.801 Z3.563 E1433.40164
G1 X3.391 Y27.182 Z3.568 E1434.617
G1 X4.177 Y29.745 Z3.572 E1435.87769
G1 X4.494 Y30.981 Z3.575 E1436.47775
G1 X5.121 Y33.344 Z3.579 E1437.62744
G1 X5.388 Y34.437 Z3.581 E1438.15655
G1 X5.614 Y35.528 Z3.583 E1438.6805
G1 X5.78 Y36.607 Z3.585 E1439.19389
G1 X5.867 Y37.66 Z3.587 E1439.69077
G1 X5.861 Y38.715 Z3.589 E1440.1869
G1 X5.748 Y39.764 Z3.591 E1440.68306
G1 X5.511 Y40.84 Z3.593 E1441.2012
G1 X5.136 Y41.935 Z3.595 E1441.7455
G1 X4.609 Y43.05 Z3.597 E1442.32546
G1 X4.045 Y43.924 Z3.599 E1442.81462
G1 X3.732 Y44.289 Z3.6 E1443.04074
G1 X3.043 Y44.895 Z3.601 E1443.47224
G1 X2.261 Y45.354 Z3.603 E1443.89866
G1 X1.85 Y45.525 Z3.604 E1444.108
G1 X0.882 Y45.803 Z3.606 E1444.58161
G1 X-.164 Y45.965 Z3.608 E1445.07938
G1 X-1.517 Y46.074 Z3.61 E1445.7177
G1 X-2.834 Y46.117 Z3.612 E1446.33737
G1 X-4.135 Y46.086 Z3.615 E1446.94936
G1 X-5.378 Y45.971 Z3.617 E1447.5364
G1 X-6.583 Y45.766 Z3.619 E1448.11121
G1 X-7.721 Y45.466 Z3.621 E1448.66465
G1 X-8.827 Y45.054 Z3.623 E1449.21968
G1 X-9.877 Y44.531 Z3.625 E1449.77132
G1 X-10.874 Y43.885 Z3.628 E1450.32999
G1 X-11.816 Y43.11 Z3.63 E1450.90364
G1 X-12.708 Y42.19 Z3.632 E1451.50625
G1 X-13.536 Y41.13 Z3.634 E1452.13878
G1 X-14.751 Y39.124 Z3.639 E1453.24168
G1 X-15.596 Y37.14 Z3.643 E1454.25578
G1 X-16.119 Y35.155 Z3.646 E1455.22111
G1 X-16.36 Y33.172 Z3.65 E1456.16051
G1 X-16.37 Y31.166 Z3.653 E1457.10387
G1 X-16.19 Y29.136 Z3.657 E1458.06225
G1 X-15.866 Y27.066 Z3.661 E1459.04755
G1 X-15.442 Y24.95 Z3.665 E1460.06241
G1 X-14.475 Y20.505 Z3.673 E1462.20163
G1 X-14.025 Y18.171 Z3.677 E1463.31944
G1 X-13.595 Y15.32 Z3.682 E1464.67533
G1 X-13.375 Y14.607 Z3.684 E1465.02623
G1 X-13.092 Y13.916 Z3.685 E1465.37738
G1 X-12.252 Y12.292 Z3.688 E1466.2372
G1 X-11.869 Y11.14 Z3.691 E1466.8081
G1 X-11.864 Y10.118 Z3.692 E1467.28872
G1 X-12.055 Y9.427 Z3.694 E1467.62586
G1 X-12.403 Y8.702 Z3.695 E1468.00404
G1 X-12.881 Y8.085 Z3.697 E1468.37108
G1 X-13.466 Y7.598 Z3.698 E1468.72904
G1 X-14.146 Y7.235 Z3.699 E1469.09153
G1 X-14.908 Y6.985 Z3.701 E1469.46866
G1 X-15.723 Y6.834 Z3.702 E1469.85845
G1 X-16.476 Y6.777 Z3.704 E1470.21357
G1 X-17.201 Y6.801 Z3.705 E1470.5547
G1 X-18.407 Y7.044 Z3.707 E1471.13324
G1 X-19.549 Y7.514 Z3.709 E1471.71399
G1 X-20.649 Y8.141 Z3.712 E1472.30941
G1 X-22.374 Y9.23 Z3.715 E1473.26874
G1 X-23.017 Y9.617 Z3.717 E1473.62167
G1 X-23.933 Y10.192 Z3.719 E1474.13027
G1 X-25.098 Y11.049 Z3.721 E1474.81039
G1 X-26.35 Y12.205 Z3.724 E1475.61176
G1 X-28.452 Y14.342 Z3.73 E1477.02139
G1 X-29.39 Y15.172 Z3.732 E1477.61039
G1 X-30.142 Y15.762 Z3.734 E1478.05988
G1 X-30.951 Y16.31 Z3.735 E1478.51939
G1 X-31.89 Y16.848 Z3.737 E1479.02832
G1 X-33.562 Y17.709 Z3.741 E1479.91273
G1 X-34.613 Y18.182 Z3.743 E1480.45472
G1 X-35.645 Y18.531 Z3.745 E1480.96704
G1 X-36.757 Y18.747 Z3.747 E1481.49974
G1 X-37.915 Y18.789 Z3.749 E1482.04467
G1 X-38.544 Y18.743 Z3.75 E1482.34125
G1 X-39.955 Y18.534 Z3.752 E1483.01204
G1 X-41.25 Y18.204 Z3.755 E1483.64049
G1 X-42.365 Y17.747 Z3.757 E1484.20717
G1 X-43.388 Y17.116 Z3.759 E1484.77241
G1 X-43.883 Y16.712 Z3.76 E1485.07288
G1 X-44.344 Y16.266 Z3.761 E1485.37452
G1 X-44.79 Y15.758 Z3.763 E1485.69242
G1 X-45.51 Y14.729 Z3.765 E1486.28302
G1 X-45.726 Y14.291 Z3.766 E1486.51268
G1 X-45.998 Y13.421 Z3.767 E1486.94134
G1 X-46.065 Y13 Z3.768 E1487.14181
G1 X-46.12 Y11.885 Z3.77 E1487.66679
G1 X-46.046 Y9.811 Z3.774 E1488.64274
G1 X-46.064 Y8.478 Z3.776 E1489.26966
G1 X-45.971 Y7.768 Z3.778 E1489.6064
G1 X-45.844 Y7.399 E1489.78992
G1 X-45.645 Y7.012 Z3.779 E1489.99456
G1 X-45.407 Y6.672 Z3.78 E1490.18974
G1 X-44.793 Y6.103 Z3.781 E1490.5834
G1 X-43.526 Y5.261 Z3.784 E1491.2988
G1 X-42.639 Y4.725 Z3.786 E1491.78617
G1 X-41.789 Y4.277 Z3.788 E1492.23801
G1 X-40.056 Y3.551 Z3.791 E1493.12161
G1 X-38.531 Y3.03 Z3.794 E1493.87946
G1 X-37.167 Y2.612 Z3.797 E1494.55034
G1 X-35.871 Y2.262 Z3.799 E1495.18164
G1 X-34.611 Y1.969 Z3.801 E1495.78998
G1 X-33.442 Y1.733 Z3.803 E1496.35081
G1 X-32.281 Y1.529 Z3.806 E1496.90515
G1 X-31.117 Y1.346 Z3.808 E1497.45927
G1 X-27.563 Y0.817 Z3.814 E1499.149
G1 X-26.294 Y0.606 Z3.816 E1499.75396
G1 X-24.962 Y0.357 Z3.819 E1500.3912
G1 X-23.565 Y0.061 Z3.821 E1501.06275
G1 X-22.637 Y-0.089 Z3.823 E1501.50482
G1 X-21.376 Y-.171 Z3.825 E1502.09907
G1 X-18.266 Y-0.065 Z3.831 E1503.56244
G1 X-17.178 Y-.132 Z3.833 E1504.07506
G1 X-16.398 Y-.269 Z3.834 E1504.44748
G1 X-15.682 Y-.526 Z3.836 E1504.80523
G1 X-15.045 Y-.946 Z3.837 E1505.16404
G1 X-14.503 Y-1.585 Z3.839 E1505.55808
G1 X-14.011 Y-2.779 Z3.841 E1506.16537
G1 X-14.093 Y-3.681 Z3.843 E1506.5913
G1 X-14.485 Y-4.385 Z3.844 E1506.97023
G1 X-14.828 Y-4.782 Z3.845 E1507.21695
G1 X-15.501 Y-5.353 Z3.846 E1507.63201
G1 X-16.319 Y-5.877 Z3.848 E1508.08884
G1 X-17.169 Y-6.335 Z3.85 E1508.5429
G1 X-18.082 Y-6.718 Z3.852 E1509.0085
G1 X-18.967 Y-6.937 Z3.853 E1509.43724
G1 X-19.829 Y-7.022 Z3.855 E1509.84457
G1 X-20.671 Y-7.003 Z3.856 E1510.24064
G1 X-21.647 Y-6.896 Z3.858 E1510.70236
G1 X-23.99 Y-6.482 Z3.862 E1511.82126
G1 X-24.835 Y-6.379 Z3.864 E1512.22158
G1 X-25.72 Y-6.34 Z3.866 E1512.63817
G1 X-26.618 Y-6.393 Z3.867 E1513.0612
G1 X-28.27 Y-6.729 Z3.87 E1513.85398
G1 X-30.043 Y-7.115 Z3.874 E1514.70729
G1 X-31.501 Y-7.552 Z3.876 E1515.42307
G1 X-32.025 Y-7.774 Z3.877 E1515.69069
G1 X-32.546 Y-8.06 Z3.878 E1515.97019
G1 X-33.028 Y-8.404 Z3.879 E1516.24866
G1 X-33.471 Y-8.818 Z3.88 E1516.5338
G1 X-33.87 Y-9.309 Z3.882 E1516.83133
G1 X-34.231 Y-9.899 Z3.883 E1517.1566
G1 X-34.556 Y-10.594 Z3.884 E1517.51741
G1 X-34.789 Y-11.267 Z3.886 E1517.85233
G1 X-34.949 Y-11.96 Z3.887 E1518.18679
G1 X-35.027 Y-12.633 Z3.888 E1518.5054
G1 X-35.032 Y-13.304 Z3.889 E1518.82096
G1 X-34.963 Y-13.967 Z3.89 E1519.13442
G1 X-34.824 Y-14.637 Z3.892 E1519.45621
G1 X-34.621 Y-15.29 Z3.893 E1519.77779
G1 X-34.353 Y-15.937 Z3.894 E1520.10712
G1 X-34.02 Y-16.588 Z3.895 E1520.45099
G1 X-33.185 Y-17.857 Z3.898 E1521.16536
G1 X-32.51 Y-18.69 Z3.9 E1521.66955
G1 X-31.822 Y-19.42 Z3.902 E1522.14128
G1 X-31.075 Y-20.09 Z3.904 E1522.61317
G1 X-30.332 Y-20.647 Z3.905 E1523.04986
G1 X-29.536 Y-21.133 Z3.907 E1523.48845
G1 X-28.707 Y-21.536 Z3.909 E1523.92192
G1 X-27.852 Y-21.853 Z3.91 E1524.35074
G1 X-26.955 Y-22.093 Z3.912 E1524.78741
G1 X-26.016 Y-22.253 Z3.914 E1525.23535
G1 X-25.036 Y-22.336 Z3.915 E1525.69786
G1 X-24.028 Y-22.341 Z3.917 E1526.17189
G1 X-22.956 Y-22.267 Z3.919 E1526.67721
G1 X-22.059 Y-22.12 Z3.921 E1527.10467
G1 X-21.252 Y-21.878 Z3.922 E1527.50087
G1 X-20.515 Y-21.549 Z3.924 E1527.88042
G1 X-19.854 Y-21.157 Z3.925 E1528.24182
G1 X-19.226 Y-20.692 Z3.927 E1528.60929
G1 X-18.417 Y-19.991 Z3.929 E1529.11269
G1 X-16.43 Y-17.972 Z3.934 E1530.44483
G1 X-15.54 Y-17.163 Z3.936 E1531.01044
G1 X-14.127 Y-16.016 Z3.939 E1531.86629
G1 X-12.932 Y-14.881 Z3.942 E1532.64134
G1 X-11.075 Y-12.901 Z3.947 E1533.9179
G1 X-9.78 Y-11.781 Z3.95 E1534.72306
G1 X-9.11 Y-11.33 Z3.951 E1535.10287
G1 X-8.387 Y-10.931 Z3.953 E1535.49121
G1 X-7.569 Y-10.578 Z3.955 E1535.91018
G1 X-6.477 Y-10.185 Z3.957 E1536.45595
G1 X-5.436 Y-9.884 Z3.959 E1536.96555
G1 X-4.419 Y-9.712 Z3.96 E1537.4506
G1 X-3.408 Y-9.711 Z3.962 E1537.92604
G1 X-2.383 Y-9.917 Z3.964 E1538.4177
G1 X-1.337 Y-10.368 Z3.966 E1538.95337
G1 X-.406 Y-10.96 Z3.968 E1539.4722
G1 X0.363 Y-11.642 Z3.97 E1539.95557
G1 X0.97 Y-12.424 Z3.972 E1540.4211
G1 X1.401 Y-13.307 Z3.973 E1540.88317
G1 X1.646 Y-14.29 Z3.975 E1541.35958
G1 X1.698 Y-15.345 Z3.977 E1541.85631
G1 X1.56 Y-16.555 Z3.979 E1542.42902
G1 X1.264 Y-17.603 Z3.981 E1542.94114
G1 X0.83 Y-18.538 Z3.983 E1543.42589
G1 X0.283 Y-19.384 Z3.985 E1543.89966
G1 X-.359 Y-20.16 Z3.987 E1544.37328
G1 X-1.224 Y-21.05 Z3.989 E1544.95692
G1 X-3.417 Y-23.041 Z3.994 E1546.34984
G1 X-4.239 Y-23.852 Z3.996 E1546.89287
G1 X-4.995 Y-24.695 Z3.998 E1547.42537
G1 X-5.738 Y-25.669 Z4.001 E1548.00146
G1 X-6.473 Y-26.687 Z4.003 E1548.59193
G1 X-7.22 Y-27.642 Z4.005 E1549.1621
G1 X-7.956 Y-28.53 Z4.007 E1549.70448
G1 X-9.381 Y-30.203 Z4.011 E1550.73795
G1 X-10.047 Y-31.014 Z4.013 E1551.23145
G1 X-10.669 Y-31.829 Z4.015 E1551.71359
G1 X-11.264 Y-32.696 Z4.017 E1552.20808
G1 X-11.801 Y-33.601 Z4.019 E1552.70296
G1 X-12.294 Y-34.595 Z4.021 E1553.22473
G1 X-12.729 Y-35.682 Z4.023 E1553.77532
G1 X-13.095 Y-36.874 Z4.025 E1554.36171
G1 X-13.408 Y-38.129 Z4.027 E1554.96997
G1 X-13.619 Y-39.278 Z4.029 E1555.51934
G1 X-13.698 Y-40.422 Z4.031 E1556.0586
G1 X-13.599 Y-41.463 Z4.033 E1556.55036
G1 X-13.467 Y-41.999 Z4.034 E1556.80995
G1 X-13.278 Y-42.525 Z4.035 E1557.07279
G1 X-13.021 Y-43.056 Z4.036 E1557.35021
G1 X-12.694 Y-43.59 Z4.038 E1557.64468
G1 X-12 Y-44.46 Z4.04 E1558.16803
G1 X-11.234 Y-45.136 Z4.041 E1558.64847
G1 X-10.381 Y-45.637 Z4.043 E1559.11368
G1 X-9.926 Y-45.819 Z4.044 E1559.34413
G1 X-8.948 Y-46.054 Z4.046 E1559.81714
G1 X-8.468 Y-46.103 Z4.047 E1560.04404
G1 X-7.298 Y-46.083 Z4.049 E1560.59433
G1 X-6.48 Y-45.971 Z4.05 E1560.9826
G1 X-5.691 Y-45.783 Z4.052 E1561.36402
G1 X-4.986 Y-45.534 Z4.053 E1561.71563
G1 X-4.313 Y-45.213 Z4.054 E1562.06628
G1 X-3.686 Y-44.834 Z4.056 E1562.41081
G1 X-3.093 Y-44.398 Z4.057 E1562.75694
G1 X-1.991 Y-43.385 Z4.06 E1563.46086
G1 X-.917 Y-42.178 Z4.063 E1564.22065
G1 X0.565 Y-40.351 Z4.067 E1565.32694
G1 X1.296 Y-39.257 Z4.069 E1565.94569
G1 X2.096 Y-37.786 Z4.072 E1566.73314
G1 X2.724 Y-36.239 Z4.075 E1567.51829
G1 X3.217 Y-34.668 Z4.078 E1568.2926
G92 E0
G1 X4.173 Y-31.095 Z4.085 E1.73936
G1 X4.467 Y-29.822 Z4.087 E2.35377
G1 X4.646 Y-28.613 Z4.089 E2.92851
G1 X4.739 Y-27.45 Z4.091 E3.47718
G1 X4.773 Y-26.339 Z4.093 E3.99989
G1 X4.777 Y-24.114 Z4.097 E5.04623
G1 X4.802 Y-23.029 Z4.099 E5.5566
G1 X4.881 Y-21.943 Z4.101 E6.06866
G1 X5.041 Y-20.849 Z4.103 E6.5886
G1 X5.312 Y-19.738 Z4.105 E7.12638
G1 X5.723 Y-18.604 Z4.108 E7.69361
G1 X6.303 Y-17.437 Z4.11 E8.30645
G1 X6.995 Y-16.249 Z4.112 E8.95299
G1 X7.506 Y-15.517 Z4.114 E9.3728
G1 X8.078 Y-14.912 Z4.116 E9.76434
G1 X8.762 Y-14.481 Z4.117 E10.14454
G1 X9.618 Y-14.321 Z4.119 E10.55405
G1 X10.825 Y-14.626 Z4.121 E11.1395
G1 X11.398 Y-15.354 Z4.122 E11.57518
G1 X11.734 Y-16.203 Z4.124 E12.00457
G1 X12.202 Y-18.097 Z4.128 E12.92204
G1 X12.928 Y-19.899 Z4.131 E13.83564
G1 X13.284 Y-21.049 Z4.133 E14.40177
G1 X13.553 Y-22.174 Z4.135 E14.94573
G1 X13.767 Y-23.272 Z4.137 E15.4718
G1 X14.149 Y-25.391 Z4.141 E16.48435
G1 X14.38 Y-26.419 Z4.143 E16.97984
G1 X14.673 Y-27.405 Z4.145 E17.46356
G1 X15.058 Y-28.357 Z4.147 E17.94647
G1 X15.564 Y-29.272 Z4.149 E18.43818
G1 X16.23 Y-30.166 Z4.151 E18.96243
G1 X17.076 Y-31.025 Z4.153 E19.52941
G1 X17.797 Y-31.622 Z4.154 E19.96961
G1 X18.527 Y-32.141 Z4.156 E20.39082
G1 X19.268 Y-32.585 Z4.158 E20.79706
G1 X20.014 Y-32.949 Z4.159 E21.18741
G1 X20.766 Y-33.236 Z4.161 E21.56593
G1 X21.543 Y-33.455 Z4.162 E21.94556
G1 X22.333 Y-33.6 Z4.163 E22.32327
G1 X23.141 Y-33.678 Z4.165 E22.70502
G1 X23.979 Y-33.687 Z4.166 E23.09912
G1 X24.845 Y-33.631 Z4.168 E23.50722
G1 X25.743 Y-33.512 Z4.17 E23.93321
G1 X26.649 Y-33.334 Z4.171 E24.36741
G1 X27.618 Y-33.06 Z4.173 E24.84097
G1 X28.464 Y-32.697 Z4.175 E25.27389
G1 X29.24 Y-32.202 Z4.176 E25.70674
G1 X29.844 Y-31.632 Z4.178 E26.09729
G1 X30.355 Y-30.923 Z4.179 E26.50828
G1 X30.804 Y-29.98 Z4.181 E26.99944
G1 X31.05 Y-29.114 Z4.183 E27.4228
G1 X31.123 Y-28.299 Z4.184 E27.8076
G1 X31.031 Y-27.451 Z4.186 E28.20873
G1 X30.797 Y-26.642 Z4.187 E28.60477
G1 X30.434 Y-25.832 Z4.189 E29.02218
G1 X29.957 Y-25.002 Z4.191 E29.47237
G1 X29.514 Y-24.426 Z4.192 E29.81409
G1 X28.955 Y-23.947 Z4.193 E30.16028
G1 X28.376 Y-23.59 Z4.195 E30.48016
G1 X26.931 Y-22.843 Z4.198 E31.24512
G1 X25.704 Y-22.017 Z4.2 E31.9407
G1 X24.729 Y-21.422 Z4.202 E32.47784
G1 X22.55 Y-20.256 Z4.207 E33.64003
G1 X21.178 Y-19.393 Z4.21 E34.40226
G1 X20.066 Y-18.451 Z4.212 E35.08761
G1 X19.32 Y-17.634 Z4.214 E35.60788
G1 X18.152 Y-15.95 Z4.218 E36.57165
G1 X17.666 Y-15.144 Z4.22 E37.01425
G1 X17.304 Y-14.293 Z4.221 E37.44915
G1 X17.211 Y-13.176 Z4.223 E37.97625
G1 X17.702 Y-12.305 Z4.225 E38.44645
G1 X18.452 Y-11.671 Z4.227 E38.90829
G1 X19.347 Y-11.497 Z4.228 E39.33705
G1 X20.253 Y-11.622 Z4.23 E39.76715
G1 X21.198 Y-11.929 Z4.232 E40.23441
G1 X22.668 Y-12.524 Z4.235 E40.98018
G1 X23.71 Y-12.933 Z4.237 E41.50659
G1 X24.255 Y-13.221 Z4.238 E41.79647
G1 X25.226 Y-13.915 Z4.24 E42.35774
G1 X26.599 Y-15.15 Z4.243 E43.22618
G1 X27.451 Y-15.793 Z4.245 E43.72815
G1 X28.443 Y-16.326 Z4.247 E44.25772
G1 X29.49 Y-16.745 Z4.249 E44.78805
G1 X30.467 Y-17.071 Z4.251 E45.2724
G1 X31.637 Y-17.366 Z4.253 E45.83983
G1 X32.85 Y-17.52 Z4.256 E46.41484
G1 X33.938 Y-17.58 Z4.257 E46.92727
G1 X36.136 Y-17.601 Z4.261 E47.96096
G1 X37.631 Y-17.573 Z4.264 E48.66413
G1 X39.042 Y-17.446 Z4.267 E49.33035
G1 X40.356 Y-17.171 Z4.269 E49.96167
G1 X41.045 Y-16.949 Z4.27 E50.30208
G1 X41.695 Y-16.682 Z4.272 E50.63254
G1 X42.402 Y-16.326 Z4.273 E51.00479
G1 X43.081 Y-15.921 Z4.274 E51.37659
G1 X43.792 Y-15.413 Z4.276 E51.78752
G1 X44.359 Y-14.898 Z4.277 E52.14773
G1 X44.839 Y-14.321 Z4.279 E52.50069
G1 X45.233 Y-13.674 Z4.28 E52.85692
G1 X45.668 Y-12.582 Z4.282 E53.4097
G1 X45.916 Y-11.629 Z4.284 E53.87279
G1 X46.078 Y-10.641 Z4.286 E54.34361
G1 X46.115 Y-9.704 Z4.287 E54.78459
G1 X46.021 Y-8.802 Z4.289 E55.21107
G1 X45.782 Y-7.874 Z4.291 E55.66172
G1 X45.63 Y-7.469 Z4.292 E55.86515
G1 X45.163 Y-6.492 Z4.294 E56.37438
G1 X44.35 Y-5.153 Z4.296 E57.11105
G1 X43.481 Y-4.041 Z4.299 E57.77472
G1 X42.518 Y-3.117 Z4.301 E58.40234
G1 X41.426 Y-2.358 Z4.304 E59.02773
G1 X40.186 Y-1.748 Z4.306 E59.67759
G1 X38.684 Y-1.242 Z4.309 E60.42293
G1 X37.896 Y-1.068 Z4.31 E60.80243
G1 X37.139 Y-.984 Z4.312 E61.16061
G1 X36.424 Y-.979 Z4.313 E61.49685
G1 X35.716 Y-1.045 Z4.314 E61.83124
G1 X34.139 Y-1.384 Z4.317 E62.58979
G1 X31.806 Y-2.104 Z4.322 E63.73798
G1 X30.73 Y-2.365 Z4.324 E64.25866
G1 X29.899 Y-2.521 Z4.325 E64.65627
G1 X28.261 Y-2.853 Z4.328 E65.44223
G1 X26.713 Y-3.289 Z4.331 E66.19852
G1 X25.233 Y-3.796 Z4.334 E66.93422
G1 X23.823 Y-4.333 Z4.337 E67.64375
G1 X22.453 Y-4.868 Z4.339 E68.3354
G1 X21.098 Y-5.366 Z4.342 E69.01428
G1 X19.749 Y-5.791 Z4.344 E69.67941
G1 X18.386 Y-6.104 Z4.347 E70.33706
G1 X16.994 Y-6.269 Z4.349 E70.99625
G1 X15.556 Y-6.247 Z4.352 E71.67257
G1 X14.059 Y-6.001 Z4.355 E72.386
G1 X12.466 Y-5.486 Z4.358 E73.17331
G1 X11.711 Y-5.12 Z4.359 E73.56788
G1 X10.787 Y-4.431 Z4.361 E74.10991
G1 X10.153 Y-3.554 Z4.363 E74.61881
G1 X9.907 Y-2.784 Z4.365 E74.99895
G1 X9.865 Y-2.017 Z4.366 E75.36018
G1 X10 Y-1.132 Z4.368 E75.78118
G1 X10.257 Y-.397 Z4.369 E76.14734
G1 X10.629 Y0.242 Z4.37 E76.49505
G1 X11.091 Y0.796 Z4.372 E76.83428
G1 X11.627 Y1.289 Z4.373 E77.17675
G1 X12.422 Y1.885 Z4.375 E77.64401
G1 X14.7 Y3.287 Z4.38 E78.9019
G1 X15.595 Y3.936 Z4.382 E79.4218
G1 X16.906 Y5.061 Z4.385 E80.23419
G1 X18.125 Y5.973 Z4.387 E80.95012
G1 X20.256 Y7.388 Z4.392 E82.15306
G1 X21.533 Y8.431 Z4.395 E82.92844
G1 X22.036 Y8.944 Z4.396 E83.26631
G1 X22.524 Y9.534 Z4.398 E83.62637
G1 X22.99 Y10.206 Z4.399 E84.01094
G1 X23.834 Y11.626 Z4.402 E84.78776
G1 X24.509 Y12.994 Z4.405 E85.50514
G1 X25.005 Y14.363 Z4.407 E86.18988
G1 X25.296 Y15.722 Z4.41 E86.84346
G1 X25.373 Y16.457 Z4.411 E87.19099
G1 X25.399 Y17.214 Z4.413 E87.54719
G1 X25.365 Y18.328 Z4.415 E88.07131
G1 X25.099 Y20.37 Z4.418 E89.03971
G1 X24.842 Y21.661 Z4.421 E89.65873
G1 X24.624 Y22.521 Z4.422 E90.07595
G1 X24.359 Y23.341 Z4.424 E90.4812
G1 X24.036 Y24.121 Z4.425 E90.87822
G1 X23.655 Y24.844 Z4.427 E91.26254
G1 X23.197 Y25.53 Z4.428 E91.65043
G1 X22.668 Y26.15 Z4.43 E92.0337
G1 X22.046 Y26.721 Z4.431 E92.43077
G1 X21.335 Y27.23 Z4.433 E92.84198
G1 X20.505 Y27.687 Z4.435 E93.28755
G1 X19.906 Y27.937 Z4.436 E93.59279
G1 X19.309 Y28.113 Z4.437 E93.88548
G1 X18.721 Y28.216 Z4.438 E94.16621
G1 X18.142 Y28.248 Z4.439 E94.43891
G1 X17.566 Y28.216 Z4.44 E94.7102
G1 X17.003 Y28.12 Z4.441 E94.97878
G1 X16.444 Y27.967 Z4.442 E95.25132
G1 X15.888 Y27.757 Z4.443 E95.53082
G1 X14.794 Y27.19 Z4.445 E96.11028
G1 X13.672 Y26.413 Z4.448 E96.75209
G1 X12.296 Y25.195 Z4.451 E97.61626
G1 X11.19 Y23.896 Z4.454 E98.41856
G1 X10.311 Y22.521 Z4.457 E99.18601
G1 X9.621 Y21.093 Z4.46 E99.93183
G1 X9.06 Y19.587 Z4.463 E100.68759
G1 X8.605 Y18.075 Z4.466 E101.43013
G1 X7.752 Y14.858 Z4.472 E102.99525
G1 X7.273 Y13.211 Z4.475 E103.80187
G1 X6.691 Y11.542 Z4.478 E104.63309
G1 X5.959 Y9.857 Z4.481 E105.49703
G1 X5.029 Y8.172 Z4.485 E106.4021
G1 X4.589 Y7.441 Z4.486 E106.80334
G1 X3.155 Y4.905 Z4.491 E108.17339
G1 X2.217 Y3.486 Z4.494 E108.97331
G1 X1.277 Y2.4 Z4.497 E109.64875
G1 X0.687 Y1.861 Z4.498 E110.02456
G1 X0.02 Y1.351 Z4.5 E110.41941
;TIME_ELAPSED:265.823370
;LAYER:4
;TYPE:WALL-OUTER
;MESH:030.stl
G1 X-1.617 Y0.377 Z4.503 E111.31519
G1 X-2.557 Y-0.067 Z4.505 E111.80407
G1 X-3.481 Y-.371 Z4.507 E112.26151
G1 X-4.418 Y-.49 Z4.509 E112.70569
G1 X-5.316 Y-.377 Z4.51 E113.13132
G1 X-5.882 Y-.184 Z4.511 E113.41254
G1 X-6.702 Y0.277 Z4.513 E113.85492
G1 X-7.297 Y0.855 Z4.515 E114.24501
G1 X-7.717 Y1.561 Z4.516 E114.63133
G1 X-8.012 Y2.649 Z4.518 E115.16145
G1 X-8.085 Y3.517 Z4.52 E115.57108
G1 X-8.083 Y4.396 Z4.521 E115.98444
G1 X-7.823 Y6.597 Z4.525 E117.02669
G1 X-7.238 Y8.681 Z4.529 E118.0446
G1 X-6.387 Y10.679 Z4.533 E119.06587
G1 X-5.326 Y12.626 Z4.537 E120.1086
G1 X-4.111 Y14.547 Z4.541 E121.1775
G1 X-2.794 Y16.474 Z4.545 E122.27513
G1 X-1.441 Y18.423 Z4.55 E123.39088
G1 X-0.077 Y20.461 Z4.554 E124.54412
G1 X1.212 Y22.57 Z4.558 E125.70648
G1 X2.386 Y24.801 Z4.563 E126.89204
G1 X3.391 Y27.182 Z4.568 E128.1074
G1 X4.177 Y29.746 Z4.572 E129.36854
G1 X4.494 Y30.982 Z4.575 E129.9686
G1 X5.121 Y33.344 Z4.579 E131.11783
G1 X5.388 Y34.437 Z4.581 E131.64695
G1 X5.614 Y35.528 Z4.583 E132.1709
G1 X5.78 Y36.607 Z4.585 E132.68428
G1 X5.867 Y37.66 Z4.587 E133.18116
G1 X5.861 Y38.715 Z4.589 E133.6773
G1 X5.748 Y39.764 Z4.591 E134.17346
G1 X5.511 Y40.84 Z4.593 E134.69159
G1 X5.136 Y41.935 Z4.595 E135.23589
G1 X4.609 Y43.05 Z4.597 E135.81585
G1 X4.045 Y43.924 Z4.599 E136.30501
G1 X3.732 Y44.289 Z4.6 E136.53113
G1 X3.043 Y44.895 Z4.601 E136.96264
G1 X2.261 Y45.354 Z4.603 E137.38905
G1 X1.85 Y45.525 Z4.604 E137.59839
G1 X0.882 Y45.803 Z4.606 E138.07201
G1 X-.164 Y45.965 Z4.608 E138.56977
G1 X-1.517 Y46.074 Z4.61 E139.2081
G1 X-2.834 Y46.117 Z4.612 E139.82777
G1 X-4.135 Y46.086 Z4.615 E140.43976
G1 X-5.378 Y45.971 Z4.617 E141.02679
G1 X-6.583 Y45.766 Z4.619 E141.6016
G1 X-7.721 Y45.466 Z4.621 E142.15505
G1 X-8.827 Y45.054 Z4.623 E142.71007
G1 X-9.877 Y44.531 Z4.625 E143.26171
G1 X-10.874 Y43.885 Z4.628 E143.82039
G1 X-11.816 Y43.11 Z4.63 E144.39403
G1 X-12.708 Y42.19 Z4.632 E144.99664
G1 X-13.536 Y41.13 Z4.634 E145.62917
G1 X-14.751 Y39.124 Z4.639 E146.73207
G1 X-15.596 Y37.14 Z4.643 E147.74617
G1 X-16.119 Y35.155 Z4.646 E148.7115
G1 X-16.36 Y33.172 Z4.65 E149.6509
G1 X-16.37 Y31.166 Z4.653 E150.59426
G1 X-16.19 Y29.136 Z4.657 E151.55265
G1 X-15.866 Y27.066 Z4.661 E152.53795
G1 X-15.442 Y24.95 Z4.665 E153.55281
G1 X-14.475 Y20.505 Z4.673 E155.69203
G1 X-14.025 Y18.171 Z4.677 E156.80984
G1 X-13.595 Y15.32 Z4.682 E158.16573
G1 X-13.375 Y14.607 Z4.684 E158.51662
G1 X-13.092 Y13.916 Z4.685 E158.86777
G1 X-12.252 Y12.292 Z4.688 E159.7276
G1 X-11.869 Y11.14 Z4.691 E160.2985
G1 X-11.864 Y10.118 Z4.692 E160.77911
G1 X-12.055 Y9.427 Z4.694 E161.11625
G1 X-12.403 Y8.702 Z4.695 E161.49444
G1 X-12.881 Y8.085 Z4.697 E161.86148
G1 X-13.466 Y7.598 Z4.698 E162.21943
G1 X-14.146 Y7.235 Z4.699 E162.58192
G1 X-14.908 Y6.985 Z4.701 E162.95906
G1 X-15.723 Y6.834 Z4.702 E163.34885
G1 X-16.476 Y6.777 Z4.704 E163.70397
G1 X-17.201 Y6.801 Z4.705 E164.0451
G1 X-18.407 Y7.044 Z4.707 E164.62363
G1 X-19.549 Y7.515 Z4.709 E165.20456
G1 X-20.651 Y8.139 Z4.712 E165.8001
G1 X-22.374 Y9.231 Z4.715 E166.7594
G1 X-23.017 Y9.617 Z4.717 E167.11208
G1 X-23.933 Y10.193 Z4.719 E167.62093
G1 X-25.099 Y11.049 Z4.721 E168.30116
G1 X-26.35 Y12.206 Z4.724 E169.10249
G1 X-28.452 Y14.342 Z4.73 E170.51179
G1 X-29.39 Y15.172 Z4.732 E171.10079
G1 X-30.142 Y15.762 Z4.734 E171.55028
G1 X-30.951 Y16.31 Z4.735 E172.00979
G1 X-31.89 Y16.848 Z4.737 E172.51872
G1 X-33.562 Y17.709 Z4.741 E173.40313
G1 X-34.613 Y18.182 Z4.743 E173.94512
G1 X-35.645 Y18.531 Z4.745 E174.45744
G1 X-36.757 Y18.747 Z4.747 E174.99014
G1 X-37.915 Y18.789 Z4.749 E175.53507
G1 X-38.544 Y18.743 Z4.75 E175.83165
G1 X-39.955 Y18.534 Z4.752 E176.50244
G1 X-41.25 Y18.204 Z4.755 E177.13089
G1 X-42.365 Y17.747 Z4.757 E177.69757
G1 X-43.388 Y17.116 Z4.759 E178.26281
G1 X-43.883 Y16.712 Z4.76 E178.56328
G1 X-44.344 Y16.266 Z4.761 E178.86492
G1 X-44.79 Y15.758 Z4.763 E179.18282
G1 X-45.51 Y14.729 Z4.765 E179.77342
G1 X-45.726 Y14.291 Z4.766 E180.00308
G1 X-45.998 Y13.421 Z4.767 E180.43174
G1 X-46.065 Y13 Z4.768 E180.63221
G1 X-46.121 Y11.885 Z4.77 E181.15722
G1 X-46.045 Y9.807 Z4.774 E182.13508
G1 X-46.065 Y8.478 Z4.776 E182.76013
G1 X-45.971 Y7.768 Z4.778 E183.09693
G1 X-45.844 Y7.399 E183.28045
G1 X-45.645 Y7.012 Z4.779 E183.4851
G1 X-45.407 Y6.672 Z4.78 E183.68027
G1 X-44.803 Y6.11 Z4.781 E184.06824
G1 X-43.525 Y5.26 Z4.784 E184.79003
G1 X-42.639 Y4.724 Z4.786 E185.277
G1 X-41.789 Y4.277 Z4.788 E185.72863
G1 X-40.056 Y3.551 Z4.791 E186.61222
G1 X-38.531 Y3.03 Z4.794 E187.37007
G1 X-37.167 Y2.612 Z4.797 E188.04096
G1 X-35.871 Y2.262 Z4.799 E188.67225
G1 X-34.611 Y1.969 Z4.801 E189.2806
G1 X-33.442 Y1.733 Z4.803 E189.84143
G1 X-32.281 Y1.529 Z4.806 E190.39577
G1 X-31.117 Y1.346 Z4.808 E190.94988
G1 X-27.563 Y0.817 Z4.814 E192.63961
G1 X-26.294 Y0.606 Z4.816 E193.24457
G1 X-24.962 Y0.357 Z4.819 E193.88182
G1 X-23.565 Y0.061 Z4.821 E194.55336
G1 X-22.637 Y-0.089 Z4.823 E194.99543
G1 X-21.376 Y-.171 Z4.825 E195.58969
G1 X-18.266 Y-0.065 Z4.831 E197.05306
G1 X-17.178 Y-.132 Z4.833 E197.56568
G1 X-16.398 Y-.269 Z4.834 E197.9381
G1 X-15.682 Y-.526 Z4.836 E198.29584
G1 X-15.045 Y-.946 Z4.837 E198.65465
G1 X-14.503 Y-1.585 Z4.839 E199.04869
G1 X-14.011 Y-2.779 Z4.841 E199.65599
G1 X-14.093 Y-3.681 Z4.843 E200.08192
G1 X-14.485 Y-4.385 Z4.844 E200.46084
G1 X-14.828 Y-4.782 Z4.845 E200.70757
G1 X-15.501 Y-5.353 Z4.846 E201.12262
G1 X-16.319 Y-5.877 Z4.848 E201.57946
G1 X-17.169 Y-6.335 Z4.85 E202.03351
G1 X-18.082 Y-6.718 Z4.852 E202.49911
G1 X-18.967 Y-6.937 Z4.853 E202.92785
G1 X-19.829 Y-7.022 Z4.855 E203.33519
G1 X-20.671 Y-7.003 Z4.856 E203.73125
G1 X-21.647 Y-6.896 Z4.858 E204.19298
G1 X-23.99 Y-6.482 Z4.862 E205.31188
G1 X-24.835 Y-6.379 Z4.864 E205.71219
G1 X-25.72 Y-6.34 Z4.866 E206.12878
G1 X-26.618 Y-6.393 Z4.867 E206.55181
G1 X-28.27 Y-6.729 Z4.87 E207.3446
G1 X-30.044 Y-7.114 Z4.874 E208.19827
G1 X-31.502 Y-7.552 Z4.876 E208.91418
G1 X-32.025 Y-7.774 Z4.877 E209.18137
G1 X-32.546 Y-8.06 Z4.878 E209.46087
G1 X-33.028 Y-8.404 Z4.879 E209.73934
G1 X-33.471 Y-8.818 Z4.88 E210.02448
G1 X-33.87 Y-9.309 Z4.882 E210.32201
G1 X-34.231 Y-9.899 Z4.883 E210.64728
G1 X-34.556 Y-10.594 Z4.884 E211.00808
G1 X-34.789 Y-11.267 Z4.886 E211.343
G1 X-34.949 Y-11.96 Z4.887 E211.67747
G1 X-35.027 Y-12.633 Z4.888 E211.99608
G1 X-35.032 Y-13.304 Z4.889 E212.31163
G1 X-34.963 Y-13.967 Z4.89 E212.6251
G1 X-34.824 Y-14.637 Z4.892 E212.94689
G1 X-34.621 Y-15.29 Z4.893 E213.26847
G1 X-34.353 Y-15.937 Z4.894 E213.5978
G1 X-34.02 Y-16.588 Z4.895 E213.94167
G1 X-33.185 Y-17.857 Z4.898 E214.65603
G1 X-32.51 Y-18.69 Z4.9 E215.16023
G1 X-31.822 Y-19.42 Z4.902 E215.63196
G1 X-31.075 Y-20.09 Z4.904 E216.10385
G1 X-30.332 Y-20.647 Z4.905 E216.54053
G1 X-29.536 Y-21.133 Z4.907 E216.97912
G1 X-28.707 Y-21.536 Z4.909 E217.41259
G1 X-27.852 Y-21.853 Z4.91 E217.84142
G1 X-26.955 Y-22.093 Z4.912 E218.27808
G1 X-26.016 Y-22.253 Z4.914 E218.72603
G1 X-25.036 Y-22.336 Z4.915 E219.18853
G1 X-24.028 Y-22.341 Z4.917 E219.66257
G1 X-22.956 Y-22.267 Z4.919 E220.16789
G1 X-22.059 Y-22.12 Z4.921 E220.59535
G1 X-21.252 Y-21.878 Z4.922 E220.99154
G1 X-20.515 Y-21.549 Z4.924 E221.3711
G1 X-19.854 Y-21.157 Z4.925 E221.73249
G1 X-19.226 Y-20.692 Z4.927 E222.09996
G1 X-18.417 Y-19.991 Z4.929 E222.60336
G1 X-16.43 Y-17.972 Z4.934 E223.93551
G1 X-15.54 Y-17.163 Z4.936 E224.50112
G1 X-14.127 Y-16.016 Z4.939 E225.35697
G1 X-12.932 Y-14.881 Z4.942 E226.13201
G1 X-11.075 Y-12.901 Z4.947 E227.40858
G1 X-9.78 Y-11.781 Z4.95 E228.21374
G1 X-9.11 Y-11.33 Z4.951 E228.59355
G1 X-8.387 Y-10.931 Z4.953 E228.98189
G1 X-7.569 Y-10.578 Z4.955 E229.40085
G1 X-6.477 Y-10.185 Z4.957 E229.94663
G1 X-5.436 Y-9.884 Z4.959 E230.45623
G1 X-4.419 Y-9.712 Z4.96 E230.94128
G1 X-3.408 Y-9.711 Z4.962 E231.41671
G1 X-2.383 Y-9.917 Z4.964 E231.90837
G1 X-1.337 Y-10.368 Z4.966 E232.44405
G1 X-.406 Y-10.96 Z4.968 E232.96288
G1 X0.363 Y-11.642 Z4.97 E233.44624
G1 X0.97 Y-12.424 Z4.972 E233.91177
G1 X1.401 Y-13.307 Z4.974 E234.37384
G1 X1.646 Y-14.29 Z4.975 E234.85026
G1 X1.698 Y-15.345 Z4.977 E235.34699
G1 X1.56 Y-16.555 Z4.979 E235.9197
G1 X1.264 Y-17.603 Z4.981 E236.43181
G1 X0.83 Y-18.538 Z4.983 E236.91657
G1 X0.283 Y-19.384 Z4.985 E237.39033
G1 X-.359 Y-20.16 Z4.987 E237.86396
G1 X-1.224 Y-21.05 Z4.989 E238.4476
G1 X-3.417 Y-23.041 Z4.994 E239.84051
G1 X-4.239 Y-23.852 Z4.996 E240.38354
G1 X-4.995 Y-24.695 Z4.998 E240.91604
G1 X-5.738 Y-25.669 Z5.001 E241.49214
G1 X-6.473 Y-26.687 Z5.003 E242.0826
G1 X-7.22 Y-27.642 Z5.005 E242.65278
G1 X-7.956 Y-28.53 Z5.007 E243.19516
G1 X-9.381 Y-30.203 Z5.011 E244.22863
G1 X-10.047 Y-31.014 Z5.013 E244.72213
G1 X-10.669 Y-31.829 Z5.015 E245.20426
G1 X-11.264 Y-32.696 Z5.017 E245.69876
G1 X-11.801 Y-33.601 Z5.019 E246.19363
G1 X-12.294 Y-34.595 Z5.021 E246.71541
G1 X-12.729 Y-35.682 Z5.023 E247.266
G1 X-13.095 Y-36.874 Z5.025 E247.85238
G1 X-13.408 Y-38.129 Z5.027 E248.46065
G1 X-13.619 Y-39.278 Z5.029 E249.01001
G1 X-13.698 Y-40.422 Z5.031 E249.54928
G1 X-13.599 Y-41.463 Z5.033 E250.04103
G1 X-13.467 Y-41.999 Z5.034 E250.30063
G1 X-13.278 Y-42.525 Z5.035 E250.56347
G1 X-13.021 Y-43.056 Z5.036 E250.84089
G1 X-12.694 Y-43.59 Z5.038 E251.13535
G1 X-12 Y-44.46 Z5.04 E251.65871
G1 X-11.234 Y-45.136 Z5.041 E252.13915
G1 X-10.381 Y-45.637 Z5.043 E252.60435
G1 X-9.926 Y-45.819 Z5.044 E252.83481
G1 X-8.948 Y-46.054 Z5.046 E253.30782
G1 X-8.468 Y-46.103 Z5.047 E253.53472
G1 X-7.298 Y-46.083 Z5.049 E254.08501
G1 X-6.48 Y-45.971 Z5.05 E254.47327
G1 X-5.691 Y-45.783 Z5.052 E254.8547
G1 X-4.986 Y-45.534 Z5.053 E255.20631
G1 X-4.313 Y-45.213 Z5.054 E255.55695
G1 X-3.686 Y-44.834 Z5.056 E255.90149
G1 X-3.093 Y-44.398 Z5.057 E256.24762
G1 X-1.991 Y-43.385 Z5.06 E256.95154
G1 X-.917 Y-42.178 Z5.063 E257.71132
G1 X0.565 Y-40.351 Z5.067 E258.81762
G1 X1.296 Y-39.257 Z5.069 E259.43637
G1 X2.096 Y-37.786 Z5.072 E260.22381
G1 X2.724 Y-36.239 Z5.075 E261.00897
G1 X3.217 Y-34.668 Z5.078 E261.78328
G1 X4.173 Y-31.095 Z5.085 E263.52264
G1 X4.467 Y-29.822 Z5.087 E264.13704
G1 X4.646 Y-28.613 Z5.089 E264.71179
G1 X4.739 Y-27.45 Z5.091 E265.26046
G1 X4.773 Y-26.339 Z5.093 E265.78316
G1 X4.777 Y-24.114 Z5.097 E266.82951
G1 X4.802 Y-23.029 Z5.099 E267.33988
G1 X4.881 Y-21.943 Z5.101 E267.85193
G1 X5.041 Y-20.849 Z5.103 E268.37188
G1 X5.312 Y-19.738 Z5.105 E268.90966
G1 X5.723 Y-18.604 Z5.108 E269.47689
G1 X6.303 Y-17.437 Z5.11 E270.08973
G1 X6.995 Y-16.249 Z5.112 E270.73627
G1 X7.506 Y-15.517 Z5.114 E271.15608
G1 X8.078 Y-14.912 Z5.116 E271.54762
G1 X8.762 Y-14.481 Z5.117 E271.92781
G1 X9.618 Y-14.321 Z5.119 E272.33733
G1 X10.825 Y-14.626 Z5.121 E272.92278
G1 X11.398 Y-15.354 Z5.122 E273.35846
G1 X11.734 Y-16.203 Z5.124 E273.78785
G1 X12.202 Y-18.097 Z5.128 E274.70532
G1 X12.928 Y-19.899 Z5.131 E275.61892
G1 X13.284 Y-21.049 Z5.133 E276.18505
G1 X13.553 Y-22.174 Z5.135 E276.72901
G1 X13.767 Y-23.272 Z5.137 E277.25507
G1 X14.149 Y-25.391 Z5.141 E278.26763
G1 X14.38 Y-26.419 Z5.143 E278.76312
G1 X14.673 Y-27.405 Z5.145 E279.24684
G1 X15.058 Y-28.357 Z5.147 E279.72975
G1 X15.564 Y-29.272 Z5.149 E280.22146
G1 X16.23 Y-30.166 Z5.151 E280.74571
G1 X17.076 Y-31.025 Z5.153 E281.31269
G1 X17.797 Y-31.622 Z5.154 E281.75289
G1 X18.527 Y-32.141 Z5.156 E282.1741
G1 X19.268 Y-32.585 Z5.158 E282.58034
G1 X20.014 Y-32.949 Z5.159 E282.97069
G1 X20.766 Y-33.236 Z5.161 E283.34921
G1 X21.543 Y-33.455 Z5.162 E283.72884
G1 X22.333 Y-33.6 Z5.163 E284.10655
G1 X23.141 Y-33.678 Z5.165 E284.48829
G1 X23.979 Y-33.687 Z5.166 E284.8824
G1 X24.845 Y-33.631 Z5.168 E285.2905
G1 X25.743 Y-33.512 Z5.17 E285.71649
G1 X26.649 Y-33.334 Z5.171 E286.15069
G1 X27.618 Y-33.06 Z5.173 E286.62425
G1 X28.464 Y-32.697 Z5.175 E287.05717
G1 X29.24 Y-32.202 Z5.176 E287.49002
G1 X29.844 Y-31.632 Z5.178 E287.88057
G1 X30.355 Y-30.923 Z5.179 E288.29156
G1 X30.804 Y-29.98 Z5.181 E288.78272
G1 X31.05 Y-29.114 Z5.183 E289.20608
G1 X31.123 Y-28.299 Z5.184 E289.59088
G1 X31.031 Y-27.451 Z5.186 E289.99201
G1 X30.797 Y-26.642 Z5.187 E290.38805
G1 X30.434 Y-25.832 Z5.189 E290.80546
G1 X29.957 Y-25.002 Z5.191 E291.25565
G1 X29.514 Y-24.426 Z5.192 E291.59737
G1 X28.955 Y-23.947 Z5.193 E291.94355
G1 X28.376 Y-23.59 Z5.195 E292.26344
G1 X26.931 Y-22.843 Z5.198 E293.0284
G1 X25.704 Y-22.017 Z5.2 E293.72398
G1 X24.729 Y-21.422 Z5.202 E294.26112
G1 X22.55 Y-20.256 Z5.207 E295.42331
G1 X21.178 Y-19.393 Z5.21 E296.18554
G1 X20.066 Y-18.451 Z5.212 E296.87088
G1 X19.32 Y-17.634 Z5.214 E297.39116
G1 X18.152 Y-15.95 Z5.218 E298.35493
G1 X17.666 Y-15.144 Z5.22 E298.79753
G1 X17.304 Y-14.293 Z5.221 E299.23243
G1 X17.211 Y-13.176 Z5.223 E299.75953
G1 X17.702 Y-12.305 Z5.225 E300.22973
G1 X18.452 Y-11.671 Z5.227 E300.69157
G1 X19.347 Y-11.497 Z5.228 E301.12033
G1 X20.253 Y-11.622 Z5.23 E301.55043
G1 X21.198 Y-11.929 Z5.232 E302.01769
G1 X22.668 Y-12.524 Z5.235 E302.76346
G1 X23.71 Y-12.933 Z5.237 E303.28987
G1 X24.255 Y-13.221 Z5.238 E303.57975
G1 X25.226 Y-13.915 Z5.24 E304.14102
G1 X26.599 Y-15.15 Z5.243 E305.00946
G1 X27.451 Y-15.793 Z5.245 E305.51143
G1 X28.443 Y-16.326 Z5.247 E306.041
G1 X29.49 Y-16.745 Z5.249 E306.57133
G1 X30.467 Y-17.071 Z5.251 E307.05568
G1 X31.637 Y-17.366 Z5.253 E307.62311
G1 X32.85 Y-17.52 Z5.256 E308.19812
G1 X33.938 Y-17.58 Z5.257 E308.71055
G1 X36.136 Y-17.601 Z5.261 E309.74424
G1 X37.631 Y-17.573 Z5.264 E310.44741
G1 X39.042 Y-17.446 Z5.267 E311.11363
G1 X40.356 Y-17.171 Z5.269 E311.74495
G1 X41.045 Y-16.949 Z5.27 E312.08536
G1 X41.695 Y-16.682 Z5.272 E312.41582
G1 X42.402 Y-16.326 Z5.273 E312.78807
G1 X43.081 Y-15.921 Z5.274 E313.15986
G1 X43.792 Y-15.413 Z5.276 E313.5708
G1 X44.359 Y-14.898 Z5.277 E313.93101
G1 X44.839 Y-14.321 Z5.279 E314.28397
G1 X45.233 Y-13.674 Z5.28 E314.6402
G1 X45.668 Y-12.582 Z5.282 E315.19298
G1 X45.916 Y-11.629 Z5.284 E315.65607
G1 X46.078 Y-10.641 Z5.286 E316.12689
G1 X46.115 Y-9.704 Z5.287 E316.56787
G1 X46.021 Y-8.802 Z5.289 E316.99435
G1 X45.782 Y-7.874 Z5.291 E317.445
G1 X45.63 Y-7.469 Z5.292 E317.64843
G1 X45.163 Y-6.492 Z5.294 E318.15766
G1 X44.35 Y-5.153 Z5.296 E318.89433
G1 X43.481 Y-4.041 Z5.299 E319.558
G1 X42.518 Y-3.117 Z5.301 E320.18561
G1 X41.426 Y-2.358 Z5.304 E320.811
G1 X40.186 Y-1.748 Z5.306 E321.46087
G1 X38.684 Y-1.242 Z5.309 E322.20621
G1 X37.896 Y-1.068 Z5.31 E322.58571
G1 X37.139 Y-.984 Z5.312 E322.94388
G1 X36.424 Y-.979 Z5.313 E323.28013
G1 X35.716 Y-1.045 Z5.314 E323.61452
G1 X34.139 Y-1.384 Z5.317 E324.37307
G1 X31.806 Y-2.104 Z5.322 E325.52126
G1 X30.73 Y-2.365 Z5.324 E326.04194
G1 X29.899 Y-2.521 Z5.325 E326.43955
G1 X28.261 Y-2.853 Z5.328 E327.22551
G1 X26.713 Y-3.289 Z5.331 E327.9818
G1 X25.233 Y-3.796 Z5.334 E328.7175
G1 X23.823 Y-4.333 Z5.337 E329.42703
G1 X22.453 Y-4.868 Z5.339 E330.11868
G1 X21.098 Y-5.366 Z5.342 E330.79756
G1 X19.749 Y-5.791 Z5.344 E331.46269
G1 X18.386 Y-6.104 Z5.347 E332.12034
G1 X16.994 Y-6.269 Z5.349 E332.77953
G1 X15.556 Y-6.247 Z5.352 E333.45585
G1 X14.059 Y-6.001 Z5.355 E334.16928
G1 X12.466 Y-5.486 Z5.358 E334.95659
G1 X11.711 Y-5.12 Z5.359 E335.35116
G1 X10.787 Y-4.431 Z5.361 E335.89318
G1 X10.153 Y-3.554 Z5.363 E336.40209
G1 X9.907 Y-2.784 Z5.365 E336.78222
G1 X9.865 Y-2.017 Z5.366 E337.14346
G1 X10 Y-1.132 Z5.368 E337.56446
G1 X10.257 Y-.397 Z5.369 E337.93062
G1 X10.629 Y0.242 Z5.37 E338.27833
G1 X11.091 Y0.796 Z5.372 E338.61756
G1 X11.627 Y1.289 Z5.373 E338.96003
G1 X12.422 Y1.885 Z5.375 E339.42729
G1 X14.7 Y3.287 Z5.38 E340.68518
G1 X15.595 Y3.936 Z5.382 E341.20508
G1 X16.906 Y5.061 Z5.385 E342.01747
G1 X18.125 Y5.973 Z5.387 E342.7334
G1 X20.256 Y7.388 Z5.392 E343.93634
G1 X21.533 Y8.431 Z5.395 E344.71172
G1 X22.036 Y8.944 Z5.396 E345.04958
G1 X22.524 Y9.534 Z5.398 E345.40965
G1 X22.99 Y10.206 Z5.399 E345.79422
G1 X23.834 Y11.626 Z5.402 E346.57104
G1 X24.509 Y12.994 Z5.405 E347.28842
G1 X25.005 Y14.363 Z5.407 E347.97316
G1 X25.296 Y15.722 Z5.41 E348.62674
G1 X25.373 Y16.457 Z5.411 E348.97427
G1 X25.399 Y17.214 Z5.413 E349.33047
G1 X25.365 Y18.328 Z5.415 E349.85459
G1 X25.099 Y20.37 Z5.418 E350.82298
G1 X24.842 Y21.661 Z5.421 E351.44201
G1 X24.624 Y22.521 Z5.422 E351.85923
G1 X24.359 Y23.341 Z5.424 E352.26448
G1 X24.036 Y24.121 Z5.425 E352.6615
G1 X23.655 Y24.844 Z5.427 E353.04582
G1 X23.197 Y25.53 Z5.428 E353.43371
G1 X22.668 Y26.15 Z5.43 E353.81698
G1 X22.046 Y26.721 Z5.431 E354.21405
G1 X21.335 Y27.23 Z5.433 E354.62525
G1 X20.505 Y27.687 Z5.435 E355.07083
G1 X19.906 Y27.937 Z5.436 E355.37607
G1 X19.309 Y28.113 Z5.437 E355.66876
G1 X18.721 Y28.216 Z5.438 E355.94949
G1 X18.142 Y28.248 Z5.439 E356.22219
G1 X17.566 Y28.216 Z5.44 E356.49348
G1 X17.003 Y28.12 Z5.441 E356.76206
G1 X16.444 Y27.967 Z5.442 E357.0346
G1 X15.888 Y27.757 Z5.443 E357.3141
G1 X14.794 Y27.19 Z5.445 E357.89356
G1 X13.672 Y26.413 Z5.448 E358.53537
G1 X12.296 Y25.195 Z5.451 E359.39954
G1 X11.19 Y23.896 Z5.454 E360.20184
G1 X10.311 Y22.521 Z5.457 E360.96929
G1 X9.621 Y21.093 Z5.46 E361.71511
G1 X9.06 Y19.587 Z5.463 E362.47087
G1 X8.605 Y18.075 Z5.466 E363.21341
G1 X7.752 Y14.858 Z5.472 E364.77853
G1 X7.273 Y13.211 Z5.475 E365.58515
G1 X6.691 Y11.542 Z5.478 E366.41637
G1 X5.959 Y9.857 Z5.481 E367.28031
G1 X5.029 Y8.172 Z5.485 E368.18538
G1 X4.589 Y7.441 Z5.486 E368.58662
G1 X3.155 Y4.905 Z5.491 E369.95666
G1 X2.217 Y3.486 Z5.494 E370.75659
G1 X1.277 Y2.4 Z5.497 E371.43203
G1 X0.687 Y1.861 Z5.498 E371.80784
G1 X0.02 Y1.351 Z5.5 E372.20269
;TIME_ELAPSED:279.750307
;LAYER:5
;TYPE:WALL-OUTER
;MESH:030.stl
G1 X-1.617 Y0.377 Z5.503 E373.09847
G1 X-2.557 Y-0.067 Z5.505 E373.58735
G1 X-3.481 Y-.371 Z5.507 E374.04479
G1 X-4.418 Y-.49 Z5.509 E374.48897
G1 X-5.316 Y-.377 Z5.51 E374.9146
G1 X-5.882 Y-.184 Z5.511 E375.19581
G1 X-6.702 Y0.277 Z5.513 E375.63819
G1 X-7.297 Y0.855 Z5.515 E376.02829
G1 X-7.717 Y1.561 Z5.516 E376.41461
G1 X-8.012 Y2.649 Z5.518 E376.94473
G1 X-8.085 Y3.517 Z5.52 E377.35436
G1 X-8.083 Y4.396 Z5.521 E377.76772
G1 X-7.823 Y6.597 Z5.525 E378.80997
G1 X-7.238 Y8.681 Z5.529 E379.82788
G1 X-6.387 Y10.679 Z5.533 E380.84915
G1 X-5.326 Y12.626 Z5.537 E381.89188
G1 X-4.111 Y14.547 Z5.541 E382.96078
G1 X-2.794 Y16.474 Z5.545 E384.05841
G1 X-1.441 Y18.423 Z5.55 E385.17416
G1 X-0.077 Y20.461 Z5.554 E386.3274
G1 X1.212 Y22.57 Z5.558 E387.48976
G1 X2.386 Y24.801 Z5.563 E388.67532
G1 X3.391 Y27.182 Z5.568 E389.89068
G1 X4.177 Y29.746 Z5.572 E391.15182
G1 X4.494 Y30.982 Z5.575 E391.75188
G1 X5.121 Y33.344 Z5.579 E392.90111
G1 X5.388 Y34.437 Z5.581 E393.43023
G1 X5.614 Y35.528 Z5.583 E393.95418
G1 X5.78 Y36.607 Z5.585 E394.46756
G1 X5.867 Y37.66 Z5.587 E394.96444
G1 X5.861 Y38.715 Z5.589 E395.46058
G1 X5.748 Y39.764 Z5.591 E395.95674
G1 X5.511 Y40.84 Z5.593 E396.47487
G1 X5.136 Y41.935 Z5.595 E397.01917
G1 X4.609 Y43.05 Z5.597 E397.59913
G1 X4.045 Y43.924 Z5.599 E398.08829
G1 X3.732 Y44.289 Z5.6 E398.31441
G1 X3.043 Y44.895 Z5.601 E398.74591
G1 X2.261 Y45.354 Z5.603 E399.17233
G1 X1.85 Y45.525 Z5.604 E399.38167
G1 X0.882 Y45.803 Z5.606 E399.85529
G1 X-.164 Y45.965 Z5.608 E400.35305
G1 X-1.517 Y46.074 Z5.61 E400.99138
G1 X-2.834 Y46.117 Z5.612 E401.61105
G1 X-4.135 Y46.086 Z5.615 E402.22303
G1 X-5.378 Y45.971 Z5.617 E402.81007
G1 X-6.583 Y45.766 Z5.619 E403.38488
G1 X-7.721 Y45.466 Z5.621 E403.93833
G1 X-8.827 Y45.054 Z5.623 E404.49335
G1 X-9.877 Y44.531 Z5.625 E405.04499
G1 X-10.874 Y43.885 Z5.628 E405.60366
G1 X-11.816 Y43.11 Z5.63 E406.17731
G1 X-12.708 Y42.19 Z5.632 E406.77992
G1 X-13.536 Y41.13 Z5.634 E407.41245
G1 X-14.751 Y39.124 Z5.639 E408.51535
G1 X-15.596 Y37.14 Z5.643 E409.52945
G1 X-16.119 Y35.155 Z5.646 E410.49478
G1 X-16.36 Y33.172 Z5.65 E411.43418
G1 X-16.37 Y31.166 Z5.653 E412.37754
G1 X-16.19 Y29.136 Z5.657 E413.33593
G1 X-15.866 Y27.066 Z5.661 E414.32123
G1 X-15.442 Y24.95 Z5.665 E415.33609
G1 X-14.475 Y20.505 Z5.673 E417.47531
G1 X-14.025 Y18.171 Z5.677 E418.59312
G1 X-13.595 Y15.32 Z5.682 E419.949
G1 X-13.375 Y14.607 Z5.684 E420.2999
G1 X-13.092 Y13.916 Z5.685 E420.65105
G1 X-12.252 Y12.292 Z5.688 E421.51087
G1 X-11.869 Y11.14 Z5.691 E422.08178
G1 X-11.864 Y10.118 Z5.692 E422.56239
G1 X-12.055 Y9.427 Z5.694 E422.89953
G1 X-12.403 Y8.702 Z5.695 E423.27771
G1 X-12.881 Y8.085 Z5.697 E423.64475
G1 X-13.466 Y7.598 Z5.698 E424.00271
G1 X-14.146 Y7.235 Z5.699 E424.3652
G1 X-14.908 Y6.985 Z5.701 E424.74234
G1 X-15.723 Y6.834 Z5.702 E425.13212
G1 X-16.476 Y6.777 Z5.704 E425.48725
G1 X-17.201 Y6.801 Z5.705 E425.82838
G1 X-18.407 Y7.044 Z5.707 E426.40691
G1 X-19.549 Y7.515 Z5.709 E426.98784
G1 X-20.651 Y8.139 Z5.712 E427.58338
G1 X-22.374 Y9.231 Z5.715 E428.54268
G1 X-23.017 Y9.617 Z5.717 E428.89536
G1 X-23.933 Y10.193 Z5.719 E429.40421
G1 X-25.099 Y11.049 Z5.721 E430.08443
G1 X-26.35 Y12.206 Z5.724 E430.88577
G1 X-28.452 Y14.342 Z5.73 E432.29507
G1 X-29.39 Y15.172 Z5.732 E432.88407
G1 X-30.142 Y15.762 Z5.734 E433.33356
G1 X-30.951 Y16.31 Z5.735 E433.79307
G1 X-31.89 Y16.848 Z5.737 E434.30199
G1 X-33.562 Y17.709 Z5.741 E435.18641
G1 X-34.613 Y18.182 Z5.743 E435.7284
G1 X-35.645 Y18.531 Z5.745 E436.24071
G1 X-36.757 Y18.747 Z5.747 E436.77342
G1 X-37.915 Y18.789 Z5.749 E437.31835
G1 X-38.544 Y18.743 Z5.75 E437.61493
G1 X-39.955 Y18.534 Z5.752 E438.28572
G1 X-41.25 Y18.204 Z5.755 E438.91417
G1 X-42.365 Y17.747 Z5.757 E439.48085
G1 X-43.388 Y17.116 Z5.759 E440.04609
G1 X-43.883 Y16.712 Z5.76 E440.34656
G1 X-44.344 Y16.266 Z5.761 E440.6482
G1 X-44.79 Y15.758 Z5.763 E440.9661
G1 X-45.51 Y14.729 Z5.765 E441.5567
G1 X-45.726 Y14.291 Z5.766 E441.78636
G1 X-45.998 Y13.421 Z5.767 E442.21502
G1 X-46.065 Y13 Z5.768 E442.41549
G1 X-46.121 Y11.885 Z5.77 E442.9405
G1 X-46.046 Y9.824 Z5.774 E443.91035
G1 X-46.064 Y8.479 Z5.776 E444.54292
G1 X-45.971 Y7.768 Z5.778 E444.88012
G1 X-45.844 Y7.399 E445.06364
G1 X-45.645 Y7.012 Z5.779 E445.26828
G1 X-45.407 Y6.672 Z5.78 E445.46345
G1 X-44.804 Y6.109 Z5.781 E445.85141
G1 X-43.525 Y5.259 Z5.784 E446.57359
G1 X-42.639 Y4.724 Z5.786 E447.06031
G1 X-41.789 Y4.277 Z5.788 E447.51194
G1 X-40.056 Y3.551 Z5.791 E448.39553
G1 X-38.531 Y3.03 Z5.794 E449.15338
G1 X-37.167 Y2.612 Z5.797 E449.82427
G1 X-35.871 Y2.262 Z5.799 E450.45557
G1 X-34.611 Y1.969 Z5.801 E451.06391
G1 X-33.442 Y1.733 Z5.803 E451.62474
G1 X-32.281 Y1.529 Z5.806 E452.17908
G1 X-31.117 Y1.346 Z5.808 E452.73319
G1 X-27.563 Y0.817 Z5.814 E454.42293
G1 X-26.294 Y0.606 Z5.816 E455.02788
G1 X-24.962 Y0.357 Z5.819 E455.66513
G1 X-23.565 Y0.061 Z5.821 E456.33667
G1 X-22.637 Y-0.089 Z5.823 E456.77874
G1 X-21.376 Y-.171 Z5.825 E457.373
G1 X-18.266 Y-0.065 Z5.831 E458.83637
G1 X-17.178 Y-.132 Z5.833 E459.34899
G1 X-16.398 Y-.269 Z5.834 E459.72141
G1 X-15.682 Y-.526 Z5.836 E460.07915
G1 X-15.045 Y-.946 Z5.837 E460.43797
G1 X-14.503 Y-1.585 Z5.839 E460.832
G1 X-14.011 Y-2.779 Z5.841 E461.4393
G1 X-14.093 Y-3.681 Z5.843 E461.86523
G1 X-14.485 Y-4.385 Z5.844 E462.24416
G1 X-14.828 Y-4.782 Z5.845 E462.49088
G1 X-15.501 Y-5.353 Z5.846 E462.90593
G1 X-16.319 Y-5.877 Z5.848 E463.36277
G1 X-17.169 Y-6.335 Z5.85 E463.81683
G1 X-18.082 Y-6.718 Z5.852 E464.28243
G1 X-18.967 Y-6.937 Z5.853 E464.71116
G1 X-19.829 Y-7.022 Z5.855 E465.1185
G1 X-20.671 Y-7.003 Z5.856 E465.51456
G1 X-21.647 Y-6.896 Z5.858 E465.97629
G1 X-23.99 Y-6.482 Z5.862 E467.09519
G1 X-24.835 Y-6.379 Z5.864 E467.4955
G1 X-25.72 Y-6.34 Z5.866 E467.91209
G1 X-26.618 Y-6.393 Z5.867 E468.33513
G1 X-28.27 Y-6.729 Z5.87 E469.12791
G1 X-30.044 Y-7.114 Z5.874 E469.98158
G1 X-31.502 Y-7.552 Z5.876 E470.69749
G1 X-32.025 Y-7.774 Z5.877 E470.96468
G1 X-32.546 Y-8.06 Z5.878 E471.24418
G1 X-33.028 Y-8.404 Z5.879 E471.52265
G1 X-33.471 Y-8.818 Z5.88 E471.80779
G1 X-33.87 Y-9.309 Z5.882 E472.10532
G1 X-34.231 Y-9.899 Z5.883 E472.43059
G1 X-34.556 Y-10.594 Z5.884 E472.7914
G1 X-34.789 Y-11.267 Z5.886 E473.12632
G1 X-34.949 Y-11.96 Z5.887 E473.46078
G1 X-35.027 Y-12.633 Z5.888 E473.77939
G1 X-35.032 Y-13.304 Z5.889 E474.09494
G1 X-34.963 Y-13.967 Z5.89 E474.40841
G1 X-34.824 Y-14.637 Z5.892 E474.7302
G1 X-34.621 Y-15.29 Z5.893 E475.05178
G1 X-34.353 Y-15.937 Z5.894 E475.38111
G1 X-34.02 Y-16.588 Z5.895 E475.72498
G1 X-33.185 Y-17.857 Z5.898 E476.43935
G1 X-32.51 Y-18.69 Z5.9 E476.94354
G1 X-31.822 Y-19.42 Z5.902 E477.41527
G1 X-31.075 Y-20.09 Z5.904 E477.88716
G1 X-30.332 Y-20.647 Z5.905 E478.32385
G1 X-29.536 Y-21.133 Z5.907 E478.76243
G1 X-28.707 Y-21.536 Z5.909 E479.19591
G1 X-27.852 Y-21.853 Z5.91 E479.62473
G1 X-26.955 Y-22.093 Z5.912 E480.06139
G1 X-26.016 Y-22.253 Z5.914 E480.50934
G1 X-25.036 Y-22.336 Z5.915 E480.97185
G1 X-24.028 Y-22.341 Z5.917 E481.44588
G1 X-22.956 Y-22.267 Z5.919 E481.9512
G1 X-22.059 Y-22.12 Z5.921 E482.37866
G1 X-21.252 Y-21.878 Z5.922 E482.77486
G1 X-20.515 Y-21.549 Z5.924 E483.15441
G1 X-19.854 Y-21.157 Z5.925 E483.5158
G1 X-19.226 Y-20.692 Z5.927 E483.88328
G1 X-18.417 Y-19.991 Z5.929 E484.38668
G1 X-16.43 Y-17.972 Z5.934 E485.71882
G1 X-15.54 Y-17.163 Z5.936 E486.28443
G1 X-14.127 Y-16.016 Z5.939 E487.14028
G1 X-12.932 Y-14.881 Z5.942 E487.91533
G1 X-11.075 Y-12.901 Z5.947 E489.19189
G1 X-9.78 Y-11.781 Z5.95 E489.99705
G1 X-9.11 Y-11.33 Z5.951 E490.37686
G1 X-8.387 Y-10.931 Z5.953 E490.7652
G1 X-7.569 Y-10.578 Z5.955 E491.18417
G1 X-6.477 Y-10.185 Z5.957 E491.72994
G1 X-5.436 Y-9.884 Z5.959 E492.23954
G1 X-4.419 Y-9.712 Z5.96 E492.72459
G1 X-3.408 Y-9.711 Z5.962 E493.20003
G1 X-2.383 Y-9.917 Z5.964 E493.69169
G1 X-1.337 Y-10.368 Z5.966 E494.22736
G1 X-.406 Y-10.96 Z5.968 E494.74619
G1 X0.363 Y-11.642 Z5.97 E495.22956
G1 X0.97 Y-12.424 Z5.972 E495.69509
G1 X1.401 Y-13.307 Z5.974 E496.15716
G1 X1.646 Y-14.29 Z5.975 E496.63357
G1 X1.698 Y-15.345 Z5.977 E497.1303
G1 X1.56 Y-16.555 Z5.979 E497.70301
G1 X1.264 Y-17.603 Z5.981 E498.21513
G1 X0.83 Y-18.538 Z5.983 E498.69988
G1 X0.283 Y-19.384 Z5.985 E499.17364
G1 X-.359 Y-20.16 Z5.987 E499.64727
G1 X-1.224 Y-21.05 Z5.989 E500.23091
G1 X-3.417 Y-23.041 Z5.994 E501.62383
G1 X-4.239 Y-23.852 Z5.996 E502.16686
G1 X-4.995 Y-24.695 Z5.998 E502.69935
G1 X-5.738 Y-25.669 Z6.001 E503.27545
G1 X-6.473 Y-26.687 Z6.003 E503.86592
G1 X-7.22 Y-27.642 Z6.005 E504.43609
G1 X-7.956 Y-28.53 Z6.007 E504.97847
G1 X-9.381 Y-30.203 Z6.011 E506.01194
G1 X-10.047 Y-31.014 Z6.013 E506.50544
G1 X-10.669 Y-31.829 Z6.015 E506.98757
G1 X-11.264 Y-32.696 Z6.017 E507.48207
G1 X-11.801 Y-33.601 Z6.019 E507.97694
G1 X-12.294 Y-34.595 Z6.021 E508.49872
G1 X-12.729 Y-35.682 Z6.023 E509.04931
G1 X-13.095 Y-36.874 Z6.025 E509.6357
G1 X-13.408 Y-38.129 Z6.027 E510.24396
G1 X-13.619 Y-39.278 Z6.029 E510.79333
G1 X-13.698 Y-40.422 Z6.031 E511.33259
G1 X-13.599 Y-41.463 Z6.033 E511.82435
G1 X-13.467 Y-41.999 Z6.034 E512.08394
G1 X-13.278 Y-42.525 Z6.035 E512.34678
G1 X-13.021 Y-43.056 Z6.036 E512.6242
G1 X-12.694 Y-43.59 Z6.038 E512.91867
G1 X-12 Y-44.46 Z6.04 E513.44202
G1 X-11.234 Y-45.136 Z6.041 E513.92246
G1 X-10.381 Y-45.637 Z6.043 E514.38767
G1 X-9.926 Y-45.819 Z6.044 E514.61812
G1 X-8.948 Y-46.054 Z6.046 E515.09113
G1 X-8.468 Y-46.103 Z6.047 E515.31803
G1 X-7.298 Y-46.083 Z6.049 E515.86832
G1 X-6.48 Y-45.971 Z6.05 E516.25659
G1 X-5.691 Y-45.783 Z6.052 E516.63801
G1 X-4.986 Y-45.534 Z6.053 E516.98962
G1 X-4.313 Y-45.213 Z6.054 E517.34027
G1 X-3.686 Y-44.834 Z6.056 E517.6848
G1 X-3.093 Y-44.398 Z6.057 E518.03093
G1 X-1.991 Y-43.385 Z6.06 E518.73485
G1 X-.917 Y-42.178 Z6.063 E519.49463
G1 X0.565 Y-40.351 Z6.067 E520.60093
G1 X1.296 Y-39.257 Z6.069 E521.21968
G1 X2.096 Y-37.786 Z6.072 E522.00713
G1 X2.724 Y-36.239 Z6.075 E522.79228
G1 X3.217 Y-34.668 Z6.078 E523.56659
G1 X4.173 Y-31.095 Z6.085 E525.30595
G1 X4.467 Y-29.822 Z6.087 E525.92036
G1 X4.646 Y-28.613 Z6.089 E526.49511
G1 X4.739 Y-27.45 Z6.091 E527.04377
G1 X4.773 Y-26.339 Z6.093 E527.56648
G1 X4.777 Y-24.114 Z6.097 E528.61282
G1 X4.802 Y-23.029 Z6.099 E529.12319
G1 X4.881 Y-21.943 Z6.101 E529.63525
G1 X5.041 Y-20.849 Z6.103 E530.15519
G1 X5.312 Y-19.738 Z6.105 E530.69297
G1 X5.723 Y-18.604 Z6.108 E531.2602
G1 X6.303 Y-17.437 Z6.11 E531.87304
G1 X6.995 Y-16.249 Z6.112 E532.51958
G1 X7.506 Y-15.517 Z6.114 E532.9394
G1 X8.078 Y-14.912 Z6.116 E533.33094
G1 X8.762 Y-14.481 Z6.117 E533.71113
G1 X9.618 Y-14.321 Z6.119 E534.12065
G1 X10.825 Y-14.626 Z6.121 E534.7061
G1 X11.398 Y-15.354 Z6.122 E535.14177
G1 X11.734 Y-16.203 Z6.124 E535.57116
G1 X12.202 Y-18.097 Z6.128 E536.48863
G1 X12.928 Y-19.899 Z6.131 E537.40224
G1 X13.284 Y-21.049 Z6.133 E537.96836
G1 X13.553 Y-22.174 Z6.135 E538.51232
G1 X13.767 Y-23.272 Z6.137 E539.03839
G1 X14.149 Y-25.391 Z6.141 E540.05094
G1 X14.38 Y-26.419 Z6.143 E540.54643
G1 X14.673 Y-27.405 Z6.145 E541.03015
G1 X15.058 Y-28.357 Z6.147 E541.51307
G1 X15.564 Y-29.272 Z6.149 E542.00477
G1 X16.23 Y-30.166 Z6.151 E542.52902
G1 X17.076 Y-31.025 Z6.153 E543.096
G1 X17.797 Y-31.622 Z6.154 E543.53621
G1 X18.527 Y-32.141 Z6.156 E543.95742
G1 X19.268 Y-32.585 Z6.158 E544.36365
G1 X20.014 Y-32.949 Z6.159 E544.754
G1 X20.766 Y-33.236 Z6.161 E545.13252
G1 X21.543 Y-33.455 Z6.162 E545.51215
G1 X22.333 Y-33.6 Z6.163 E545.88987
G1 X23.141 Y-33.678 Z6.165 E546.27161
G1 X23.979 Y-33.687 Z6.166 E546.66571
G1 X24.845 Y-33.631 Z6.168 E547.07381
G1 X25.743 Y-33.512 Z6.17 E547.4998
G1 X26.649 Y-33.334 Z6.171 E547.93401
G1 X27.618 Y-33.06 Z6.173 E548.40756
G1 X28.464 Y-32.697 Z6.175 E548.84048
G1 X29.24 Y-32.202 Z6.176 E549.27333
G1 X29.844 Y-31.632 Z6.178 E549.66388
G1 X30.355 Y-30.923 Z6.179 E550.07487
G1 X30.804 Y-29.98 Z6.181 E550.56603
G1 X31.05 Y-29.114 Z6.183 E550.9894
G1 X31.123 Y-28.299 Z6.184 E551.3742
G1 X31.031 Y-27.451 Z6.186 E551.77532
G1 X30.797 Y-26.642 Z6.187 E552.17136
G1 X30.434 Y-25.832 Z6.189 E552.58878
G1 X29.957 Y-25.002 Z6.191 E553.03896
G1 X29.514 Y-24.426 Z6.192 E553.38068
G1 X28.955 Y-23.947 Z6.193 E553.72687
G1 X28.376 Y-23.59 Z6.195 E554.04675
G1 X26.931 Y-22.843 Z6.198 E554.81171
G1 X25.704 Y-22.017 Z6.2 E555.50729
G1 X24.729 Y-21.422 Z6.202 E556.04443
G1 X22.55 Y-20.256 Z6.207 E557.20662
G1 X21.178 Y-19.393 Z6.21 E557.96885
G1 X20.066 Y-18.451 Z6.212 E558.6542
G1 X19.32 Y-17.634 Z6.214 E559.17447
G1 X18.152 Y-15.95 Z6.218 E560.13824
G1 X17.666 Y-15.144 Z6.22 E560.58085
G1 X17.304 Y-14.293 Z6.221 E561.01574
G1 X17.211 Y-13.176 Z6.223 E561.54285
G1 X17.702 Y-12.305 Z6.225 E562.01305
G1 X18.452 Y-11.671 Z6.227 E562.47488
G1 X19.347 Y-11.497 Z6.228 E562.90365
G1 X20.253 Y-11.622 Z6.23 E563.33374
G1 X21.198 Y-11.929 Z6.232 E563.801
G1 X22.668 Y-12.524 Z6.235 E564.54677
G1 X23.71 Y-12.933 Z6.237 E565.07319
G1 X24.255 Y-13.221 Z6.238 E565.36306
G1 X25.226 Y-13.915 Z6.24 E565.92433
G1 X26.599 Y-15.15 Z6.243 E566.79278
G1 X27.451 Y-15.793 Z6.245 E567.29474
G1 X28.443 Y-16.326 Z6.247 E567.82432
G1 X29.49 Y-16.745 Z6.249 E568.35465
G1 X30.467 Y-17.071 Z6.251 E568.839
G1 X31.637 Y-17.366 Z6.253 E569.40643
G1 X32.85 Y-17.52 Z6.256 E569.98144
G1 X33.938 Y-17.58 Z6.257 E570.49386
G1 X36.136 Y-17.601 Z6.261 E571.52755
G1 X37.631 Y-17.573 Z6.264 E572.23072
G1 X39.042 Y-17.446 Z6.267 E572.89695
G1 X40.356 Y-17.171 Z6.269 E573.52826
G1 X41.045 Y-16.949 Z6.27 E573.86868
G1 X41.695 Y-16.682 Z6.272 E574.19913
G1 X42.402 Y-16.326 Z6.273 E574.57138
G1 X43.081 Y-15.921 Z6.274 E574.94318
G1 X43.792 Y-15.413 Z6.276 E575.35411
G1 X44.359 Y-14.898 Z6.277 E575.71432
G1 X44.839 Y-14.321 Z6.279 E576.06728
G1 X45.233 Y-13.674 Z6.28 E576.42352
G1 X45.668 Y-12.582 Z6.282 E576.97629
G1 X45.916 Y-11.629 Z6.284 E577.43938
G1 X46.078 Y-10.641 Z6.286 E577.91021
G1 X46.115 Y-9.704 Z6.287 E578.35119
G1 X46.021 Y-8.802 Z6.289 E578.77766
G1 X45.782 Y-7.874 Z6.291 E579.22831
G1 X45.63 Y-7.469 Z6.292 E579.43174
G1 X45.163 Y-6.492 Z6.294 E579.94098
G1 X44.35 Y-5.153 Z6.296 E580.67764
G1 X43.481 Y-4.041 Z6.299 E581.34131
G1 X42.518 Y-3.117 Z6.301 E581.96893
G1 X41.426 Y-2.358 Z6.304 E582.59432
G1 X40.186 Y-1.748 Z6.306 E583.24418
G1 X38.684 Y-1.242 Z6.309 E583.98953
G1 X37.896 Y-1.068 Z6.31 E584.36902
G1 X37.139 Y-.984 Z6.312 E584.7272
G1 X36.424 Y-.979 Z6.313 E585.06344
G1 X35.716 Y-1.045 Z6.314 E585.39784
G1 X34.139 Y-1.384 Z6.317 E586.15638
G1 X31.806 Y-2.104 Z6.322 E587.30457
G1 X30.73 Y-2.365 Z6.324 E587.82525
G1 X29.899 Y-2.521 Z6.325 E588.22287
G1 X28.261 Y-2.853 Z6.328 E589.00882
G1 X26.713 Y-3.289 Z6.331 E589.76512
G1 X25.233 Y-3.796 Z6.334 E590.50081
G1 X23.823 Y-4.333 Z6.337 E591.21035
G1 X22.453 Y-4.868 Z6.339 E591.90199
G1 X21.098 Y-5.366 Z6.342 E592.58087
G1 X19.749 Y-5.791 Z6.344 E593.246
G1 X18.386 Y-6.104 Z6.347 E593.90365
G1 X16.994 Y-6.269 Z6.349 E594.56284
G1 X15.556 Y-6.247 Z6.352 E595.23916
G1 X14.059 Y-6.001 Z6.355 E595.95259
G1 X12.466 Y-5.486 Z6.358 E596.7399
G1 X11.711 Y-5.12 Z6.359 E597.13447
G1 X10.787 Y-4.431 Z6.361 E597.6765
G1 X10.153 Y-3.554 Z6.363 E598.1854
G1 X9.907 Y-2.784 Z6.365 E598.56554
G1 X9.865 Y-2.017 Z6.366 E598.92677
G1 X10 Y-1.132 Z6.368 E599.34777
G1 X10.257 Y-.397 Z6.369 E599.71393
G1 X10.629 Y0.242 Z6.37 E600.06165
G1 X11.091 Y0.796 Z6.372 E600.40088
G1 X11.627 Y1.289 Z6.373 E600.74335
G1 X12.422 Y1.885 Z6.375 E601.2106
G1 X14.7 Y3.287 Z6.38 E602.46849
G1 X15.595 Y3.936 Z6.382 E602.98839
G1 X16.906 Y5.061 Z6.385 E603.80079
G1 X18.125 Y5.973 Z6.387 E604.51672
G1 X20.256 Y7.388 Z6.392 E605.71966
G1 X21.533 Y8.431 Z6.395 E606.49503
G1 X22.036 Y8.944 Z6.396 E606.8329
G1 X22.524 Y9.534 Z6.398 E607.19296
G1 X22.99 Y10.206 Z6.399 E607.57753
G1 X23.834 Y11.626 Z6.402 E608.35435
G1 X24.509 Y12.994 Z6.405 E609.07173
G1 X25.005 Y14.363 Z6.407 E609.75647
G1 X25.296 Y15.722 Z6.41 E610.41005
G1 X25.373 Y16.457 Z6.411 E610.75759
G1 X25.399 Y17.214 Z6.413 E611.11379
G1 X25.365 Y18.328 Z6.415 E611.6379
G1 X25.099 Y20.37 Z6.418 E612.6063
G1 X24.842 Y21.661 Z6.421 E613.22532
G1 X24.624 Y22.521 Z6.422 E613.64254
G1 X24.359 Y23.341 Z6.424 E614.0478
G1 X24.036 Y24.121 Z6.425 E614.44481
G1 X23.655 Y24.844 Z6.427 E614.82913
G1 X23.197 Y25.53 Z6.428 E615.21702
G1 X22.668 Y26.15 Z6.43 E615.60029
G1 X22.046 Y26.721 Z6.431 E615.99736
G1 X21.335 Y27.23 Z6.433 E616.40857
G1 X20.505 Y27.687 Z6.435 E616.85414
G1 X19.906 Y27.937 Z6.436 E617.15938
G1 X19.309 Y28.113 Z6.437 E617.45207
G1 X18.721 Y28.216 Z6.438 E617.7328
G1 X18.142 Y28.248 Z6.439 E618.0055
G1 X17.566 Y28.216 Z6.44 E618.27679
G1 X17.003 Y28.12 Z6.441 E618.54537
G1 X16.444 Y27.967 Z6.442 E618.81792
G1 X15.888 Y27.757 Z6.443 E619.09741
G1 X14.794 Y27.19 Z6.445 E619.67687
G1 X13.672 Y26.413 Z6.448 E620.31868
G1 X12.296 Y25.195 Z6.451 E621.18285
G1 X11.19 Y23.896 Z6.454 E621.98515
G1 X10.311 Y22.521 Z6.457 E622.7526
G1 X9.621 Y21.093 Z6.46 E623.49842
G1 X9.06 Y19.587 Z6.463 E624.25419
G1 X8.605 Y18.075 Z6.466 E624.99672
G1 X7.752 Y14.858 Z6.472 E626.56184
G1 X7.273 Y13.211 Z6.475 E627.36846
G1 X6.691 Y11.542 Z6.478 E628.19968
G1 X5.959 Y9.857 Z6.481 E629.06362
G1 X5.029 Y8.172 Z6.485 E629.9687
G1 X4.589 Y7.441 Z6.486 E630.36993
G1 X3.155 Y4.905 Z6.491 E631.73998
G1 X2.217 Y3.486 Z6.494 E632.5399
G1 X1.277 Y2.4 Z6.497 E633.21535
G1 X0.687 Y1.861 Z6.498 E633.59115
G1 X0.02 Y1.351 Z6.5 E633.986
;TIME_ELAPSED:293.677245
;LAYER:6
;TYPE:WALL-OUTER
;MESH:030.stl
G1 X-1.617 Y0.377 Z6.503 E634.88179
G1 X-2.557 Y-0.067 Z6.505 E635.37067
G1 X-3.481 Y-.371 Z6.507 E635.8281
G1 X-4.418 Y-.49 Z6.509 E636.27228
G1 X-5.316 Y-.377 Z6.51 E636.69791
G1 X-5.882 Y-.184 Z6.511 E636.97913
G1 X-6.702 Y0.277 Z6.513 E637.42151
G1 X-7.297 Y0.855 Z6.515 E637.8116
G1 X-7.717 Y1.561 Z6.516 E638.19792
G1 X-8.012 Y2.649 Z6.518 E638.72804
G1 X-8.085 Y3.517 Z6.52 E639.13767
G1 X-8.083 Y4.396 Z6.521 E639.55103
G1 X-7.823 Y6.597 Z6.525 E640.59328
G1 X-7.238 Y8.681 Z6.529 E641.6112
G1 X-6.387 Y10.679 Z6.533 E642.63246
G1 X-5.326 Y12.626 Z6.537 E643.67519
G1 X-4.111 Y14.547 Z6.541 E644.7441
G1 X-2.794 Y16.474 Z6.545 E645.84172
G1 X-1.441 Y18.423 Z6.55 E646.95747
G1 X-0.077 Y20.461 Z6.554 E648.11071
G1 X1.212 Y22.57 Z6.558 E649.27308
G1 X2.386 Y24.801 Z6.563 E650.45863
G1 X3.391 Y27.182 Z6.568 E651.67399
G1 X4.177 Y29.746 Z6.572 E652.93513
G1 X4.494 Y30.982 Z6.575 E653.53519
G1 X5.121 Y33.344 Z6.579 E654.68443
G1 X5.388 Y34.437 Z6.581 E655.21354
G1 X5.614 Y35.528 Z6.583 E655.73749
G1 X5.78 Y36.607 Z6.585 E656.25087
G1 X5.867 Y37.66 Z6.587 E656.74775
G1 X5.861 Y38.715 Z6.589 E657.24389
G1 X5.748 Y39.764 Z6.591 E657.74005
G1 X5.511 Y40.84 Z6.593 E658.25818
G1 X5.136 Y41.935 Z6.595 E658.80248
G1 X4.609 Y43.05 Z6.597 E659.38245
G1 X4.045 Y43.924 Z6.599 E659.87161
G1 X3.732 Y44.289 Z6.6 E660.09772
G1 X3.043 Y44.895 Z6.601 E660.52923
G1 X2.261 Y45.354 Z6.603 E660.95564
G1 X1.85 Y45.525 Z6.604 E661.16498
G1 X0.882 Y45.803 Z6.606 E661.6386
G1 X-.164 Y45.965 Z6.608 E662.13636
G1 X-1.517 Y46.074 Z6.61 E662.77469
G1 X-2.834 Y46.117 Z6.612 E663.39436
G1 X-4.135 Y46.086 Z6.615 E664.00635
G1 X-5.378 Y45.971 Z6.617 E664.59338
G1 X-6.583 Y45.766 Z6.619 E665.16819
G1 X-7.721 Y45.466 Z6.621 E665.72164
G1 X-8.827 Y45.054 Z6.623 E666.27667
G1 X-9.877 Y44.531 Z6.625 E666.82831
G1 X-10.874 Y43.885 Z6.628 E667.38698
G1 X-11.816 Y43.11 Z6.63 E667.96062
G1 X-12.708 Y42.19 Z6.632 E668.56323
G1 X-13.536 Y41.13 Z6.634 E669.19577
G1 X-14.751 Y39.124 Z6.639 E670.29866
G1 X-15.596 Y37.14 Z6.643 E671.31276
G1 X-16.119 Y35.155 Z6.646 E672.2781
G1 X-16.36 Y33.172 Z6.65 E673.21749
G1 X-16.37 Y31.166 Z6.653 E674.16086
G1 X-16.19 Y29.136 Z6.657 E675.11924
G1 X-15.866 Y27.066 Z6.661 E676.10454
G1 X-15.442 Y24.95 Z6.665 E677.1194
G1 X-14.475 Y20.505 Z6.673 E679.25862
G1 X-14.025 Y18.171 Z6.677 E680.37643
G1 X-13.595 Y15.32 Z6.682 E681.73232
G1 X-13.375 Y14.607 Z6.684 E682.08322
G1 X-13.092 Y13.916 Z6.685 E682.43436
G1 X-12.252 Y12.292 Z6.688 E683.29419
G1 X-11.869 Y11.14 Z6.691 E683.86509
G1 X-11.864 Y10.118 Z6.692 E684.3457
G1 X-12.055 Y9.427 Z6.694 E684.68284
G1 X-12.403 Y8.702 Z6.695 E685.06103
G1 X-12.881 Y8.085 Z6.697 E685.42807
G1 X-13.466 Y7.598 Z6.698 E685.78602
G1 X-14.146 Y7.235 Z6.699 E686.14851
G1 X-14.908 Y6.985 Z6.701 E686.52565
G1 X-15.723 Y6.834 Z6.702 E686.91544
G1 X-16.476 Y6.777 Z6.704 E687.27056
G1 X-17.201 Y6.801 Z6.705 E687.61169
G1 X-18.407 Y7.044 Z6.707 E688.19023
G1 X-19.549 Y7.515 Z6.709 E688.77115
G1 X-20.651 Y8.139 Z6.712 E689.3667
G1 X-22.374 Y9.231 Z6.715 E690.32599
G1 X-23.017 Y9.617 Z6.717 E690.67867
G1 X-23.933 Y10.193 Z6.719 E691.18752
G1 X-25.099 Y11.049 Z6.721 E691.86775
G1 X-26.35 Y12.206 Z6.724 E692.66908
G1 X-28.452 Y14.342 Z6.73 E694.07838
G1 X-29.39 Y15.172 Z6.732 E694.66738
G1 X-30.142 Y15.762 Z6.734 E695.11688
G1 X-30.951 Y16.31 Z6.735 E695.57639
G1 X-31.89 Y16.848 Z6.737 E696.08531
G1 X-33.562 Y17.709 Z6.741 E696.96972
G1 X-34.613 Y18.182 Z6.743 E697.51171
G1 X-35.645 Y18.531 Z6.745 E698.02403
G1 X-36.757 Y18.747 Z6.747 E698.55674
G1 X-37.915 Y18.789 Z6.749 E699.10166
G1 X-38.544 Y18.743 Z6.75 E699.39825
G1 X-39.955 Y18.534 Z6.752 E700.06903
G1 X-41.25 Y18.204 Z6.755 E700.69748
G1 X-42.365 Y17.747 Z6.757 E701.26416
G1 X-43.388 Y17.116 Z6.759 E701.8294
G1 X-43.883 Y16.712 Z6.76 E702.12987
G1 X-44.344 Y16.266 Z6.761 E702.43151
G1 X-44.79 Y15.758 Z6.763 E702.74941
G1 X-45.51 Y14.729 Z6.765 E703.34001
G1 X-45.726 Y14.291 Z6.766 E703.56967
G1 X-45.998 Y13.421 Z6.767 E703.99833
G1 X-46.065 Y13 Z6.768 E704.1988
G1 X-46.121 Y11.885 Z6.77 E704.72381
G1 X-46.046 Y9.823 Z6.774 E705.69414
G1 X-46.065 Y8.479 Z6.776 E706.32623
G1 X-45.971 Y7.768 Z6.778 E706.6635
G1 X-45.844 Y7.399 E706.84702
G1 X-45.645 Y7.012 Z6.779 E707.05166
G1 X-45.407 Y6.672 Z6.78 E707.24683
G1 X-44.804 Y6.109 Z6.781 E707.63479
G1 X-43.525 Y5.259 Z6.784 E708.35697
G1 X-42.639 Y4.724 Z6.786 E708.84369
G1 X-41.789 Y4.277 Z6.788 E709.29532
G1 X-40.056 Y3.551 Z6.791 E710.17891
G1 X-38.531 Y3.03 Z6.794 E710.93676
G1 X-37.167 Y2.612 Z6.797 E711.60765
G1 X-35.871 Y2.262 Z6.799 E712.23895
G1 X-34.611 Y1.969 Z6.801 E712.84729
G1 X-33.442 Y1.733 Z6.803 E713.40812
G1 X-32.281 Y1.529 Z6.806 E713.96246
G1 X-31.117 Y1.346 Z6.808 E714.51657
G1 X-27.563 Y0.817 Z6.814 E716.20631
G1 X-26.294 Y0.606 Z6.816 E716.81127
G1 X-24.962 Y0.357 Z6.819 E717.44851
G1 X-23.565 Y0.061 Z6.821 E718.12005
G1 X-22.637 Y-0.089 Z6.823 E718.56212
G1 X-21.376 Y-.171 Z6.825 E719.15638
G1 X-18.266 Y-0.065 Z6.831 E720.61975
G1 X-17.178 Y-.132 Z6.833 E721.13237
G1 X-16.398 Y-.269 Z6.834 E721.50479
G1 X-15.682 Y-.526 Z6.836 E721.86253
G1 X-15.045 Y-.946 Z6.837 E722.22135
G1 X-14.503 Y-1.585 Z6.839 E722.61538
G1 X-14.011 Y-2.779 Z6.841 E723.22268
G1 X-14.093 Y-3.681 Z6.843 E723.64861
G1 X-14.485 Y-4.385 Z6.844 E724.02754
G1 X-14.828 Y-4.782 Z6.845 E724.27426
G1 X-15.501 Y-5.353 Z6.846 E724.68931
G1 X-16.319 Y-5.877 Z6.848 E725.14615
G1 X-17.169 Y-6.335 Z6.85 E725.60021
G1 X-18.082 Y-6.718 Z6.852 E726.06581
G1 X-18.967 Y-6.937 Z6.853 E726.49455
G1 X-19.829 Y-7.022 Z6.855 E726.90188
G1 X-20.671 Y-7.003 Z6.856 E727.29794
G1 X-21.647 Y-6.896 Z6.858 E727.75967
G1 X-23.99 Y-6.482 Z6.862 E728.87857
G1 X-24.835 Y-6.379 Z6.864 E729.27889
G1 X-25.72 Y-6.34 Z6.866 E729.69547
G1 X-26.618 Y-6.393 Z6.867 E730.11851
G1 X-28.27 Y-6.729 Z6.87 E730.91129
G1 X-30.044 Y-7.114 Z6.874 E731.76496
G1 X-31.502 Y-7.552 Z6.876 E732.48088
G1 X-32.025 Y-7.774 Z6.877 E732.74806
G1 X-32.546 Y-8.06 Z6.878 E733.02756
G1 X-33.028 Y-8.404 Z6.879 E733.30603
G1 X-33.471 Y-8.818 Z6.88 E733.59117
G1 X-33.87 Y-9.309 Z6.882 E733.8887
G1 X-34.231 Y-9.899 Z6.883 E734.21397
G1 X-34.556 Y-10.594 Z6.884 E734.57478
G1 X-34.789 Y-11.267 Z6.886 E734.9097
G1 X-34.949 Y-11.96 Z6.887 E735.24416
G1 X-35.027 Y-12.633 Z6.888 E735.56277
G1 X-35.032 Y-13.304 Z6.889 E735.87832
G1 X-34.963 Y-13.967 Z6.89 E736.19179
G1 X-34.824 Y-14.637 Z6.892 E736.51358
G1 X-34.621 Y-15.29 Z6.893 E736.83516
G1 X-34.353 Y-15.937 Z6.894 E737.16449
G1 X-34.02 Y-16.588 Z6.895 E737.50836
G1 X-33.185 Y-17.857 Z6.898 E738.22273
G1 X-32.51 Y-18.69 Z6.9 E738.72692
G1 X-31.822 Y-19.42 Z6.902 E739.19865
G1 X-31.075 Y-20.09 Z6.904 E739.67054
G1 X-30.332 Y-20.647 Z6.905 E740.10723
G1 X-29.536 Y-21.133 Z6.907 E740.54581
G1 X-28.707 Y-21.536 Z6.909 E740.97929
G1 X-27.852 Y-21.853 Z6.91 E741.40811
G1 X-26.955 Y-22.093 Z6.912 E741.84478
G1 X-26.016 Y-22.253 Z6.914 E742.29272
G1 X-25.036 Y-22.336 Z6.915 E742.75523
G1 X-24.028 Y-22.341 Z6.917 E743.22926
G1 X-22.956 Y-22.267 Z6.919 E743.73458
G1 X-22.059 Y-22.12 Z6.921 E744.16204
G1 X-21.252 Y-21.878 Z6.922 E744.55824
G1 X-20.515 Y-21.549 Z6.924 E744.93779
G1 X-19.854 Y-21.157 Z6.925 E745.29918
G1 X-19.226 Y-20.692 Z6.927 E745.66666
G1 X-18.417 Y-19.991 Z6.929 E746.17006
G1 X-16.43 Y-17.972 Z6.934 E747.5022
G1 X-15.54 Y-17.163 Z6.936 E748.06781
G1 X-14.127 Y-16.016 Z6.939 E748.92366
G1 X-12.932 Y-14.881 Z6.942 E749.69871
G1 X-11.075 Y-12.901 Z6.947 E750.97527
G1 X-9.78 Y-11.781 Z6.95 E751.78043
G1 X-9.11 Y-11.33 Z6.951 E752.16024
G1 X-8.387 Y-10.931 Z6.953 E752.54858
G1 X-7.569 Y-10.578 Z6.955 E752.96755
G1 X-6.477 Y-10.185 Z6.957 E753.51332
G1 X-5.436 Y-9.884 Z6.959 E754.02292
G1 X-4.419 Y-9.712 Z6.96 E754.50797
G1 X-3.408 Y-9.711 Z6.962 E754.98341
G1 X-2.383 Y-9.917 Z6.964 E755.47507
G1 X-1.337 Y-10.368 Z6.966 E756.01074
G1 X-.406 Y-10.96 Z6.968 E756.52957
G1 X0.363 Y-11.642 Z6.97 E757.01294
G1 X0.97 Y-12.424 Z6.972 E757.47847
G1 X1.401 Y-13.307 Z6.974 E757.94054
G1 X1.646 Y-14.29 Z6.975 E758.41695
G1 X1.698 Y-15.345 Z6.977 E758.91368
G1 X1.56 Y-16.555 Z6.979 E759.48639
G1 X1.264 Y-17.603 Z6.981 E759.99851
G1 X0.83 Y-18.538 Z6.983 E760.48326
G1 X0.283 Y-19.384 Z6.985 E760.95702
G1 X-.359 Y-20.16 Z6.987 E761.43065
G1 X-1.224 Y-21.05 Z6.989 E762.01429
G1 X-3.417 Y-23.041 Z6.994 E763.40721
G1 X-4.239 Y-23.852 Z6.996 E763.95024
G1 X-4.995 Y-24.695 Z6.998 E764.48274
G1 X-5.738 Y-25.669 Z7.001 E765.05883
G1 X-6.473 Y-26.687 Z7.003 E765.6493
G1 X-7.22 Y-27.642 Z7.005 E766.21947
G1 X-7.956 Y-28.53 Z7.007 E766.76185
G1 X-9.381 Y-30.203 Z7.011 E767.79532
G1 X-10.047 Y-31.014 Z7.013 E768.28882
G1 X-10.669 Y-31.829 Z7.015 E768.77096
G1 X-11.264 Y-32.696 Z7.017 E769.26545
G1 X-11.801 Y-33.601 Z7.019 E769.76033
G1 X-12.294 Y-34.595 Z7.021 E770.2821
G1 X-12.729 Y-35.682 Z7.023 E770.83269
G1 X-13.095 Y-36.874 Z7.025 E771.41908
G1 X-13.408 Y-38.129 Z7.027 E772.02734
G1 X-13.619 Y-39.278 Z7.029 E772.57671
G1 X-13.698 Y-40.422 Z7.031 E773.11597
G1 X-13.599 Y-41.463 Z7.033 E773.60773
G1 X-13.467 Y-41.999 Z7.034 E773.86732
G1 X-13.278 Y-42.525 Z7.035 E774.13016
G1 X-13.021 Y-43.056 Z7.036 E774.40758
G1 X-12.694 Y-43.59 Z7.038 E774.70205
G1 X-12 Y-44.46 Z7.04 E775.2254
G1 X-11.234 Y-45.136 Z7.041 E775.70584
G1 X-10.381 Y-45.637 Z7.043 E776.17105
G1 X-9.926 Y-45.819 Z7.044 E776.4015
G1 X-8.948 Y-46.054 Z7.046 E776.87451
G1 X-8.468 Y-46.103 Z7.047 E777.10141
G1 X-7.298 Y-46.083 Z7.049 E777.6517
G1 X-6.48 Y-45.971 Z7.05 E778.03997
G1 X-5.691 Y-45.783 Z7.052 E778.42139
G1 X-4.986 Y-45.534 Z7.053 E778.773
G1 X-4.313 Y-45.213 Z7.054 E779.12365
G1 X-3.686 Y-44.834 Z7.056 E779.46818
G1 X-3.093 Y-44.398 Z7.057 E779.81431
G1 X-1.991 Y-43.385 Z7.06 E780.51823
G1 X-.917 Y-42.178 Z7.063 E781.27802
G1 X0.565 Y-40.351 Z7.067 E782.38431
G1 X1.296 Y-39.257 Z7.069 E783.00306
G1 X2.096 Y-37.786 Z7.072 E783.79051
G1 X2.724 Y-36.239 Z7.075 E784.57566
G1 X3.217 Y-34.668 Z7.078 E785.34997
G1 X4.173 Y-31.095 Z7.085 E787.08933
G1 X4.467 Y-29.822 Z7.087 E787.70374
G1 X4.646 Y-28.613 Z7.089 E788.27849
G1 X4.739 Y-27.45 Z7.091 E788.82715
G1 X4.773 Y-26.339 Z7.093 E789.34986
G1 X4.777 Y-24.114 Z7.097 E790.3962
G1 X4.802 Y-23.029 Z7.099 E790.90657
G1 X4.881 Y-21.943 Z7.101 E791.41863
G1 X5.041 Y-20.849 Z7.103 E791.93857
G1 X5.312 Y-19.738 Z7.105 E792.47635
G1 X5.723 Y-18.604 Z7.108 E793.04358
G1 X6.303 Y-17.437 Z7.11 E793.65642
G1 X6.995 Y-16.249 Z7.112 E794.30296
G1 X7.506 Y-15.517 Z7.114 E794.72278
G1 X8.078 Y-14.912 Z7.116 E795.11432
G1 X8.762 Y-14.481 Z7.117 E795.49451
G1 X9.618 Y-14.321 Z7.119 E795.90403
G1 X10.825 Y-14.626 Z7.121 E796.48948
G1 X11.398 Y-15.354 Z7.122 E796.92515
G1 X11.734 Y-16.203 Z7.124 E797.35454
G1 X12.202 Y-18.097 Z7.128 E798.27201
G1 X12.928 Y-19.899 Z7.131 E799.18562
G1 X13.284 Y-21.049 Z7.133 E799.75174
G1 X13.553 Y-22.174 Z7.135 E800.2957
G1 X13.767 Y-23.272 Z7.137 E800.82177
G1 X14.149 Y-25.391 Z7.141 E801.83432
G1 X14.38 Y-26.419 Z7.143 E802.32981
G1 X14.673 Y-27.405 Z7.145 E802.81353
G1 X15.058 Y-28.357 Z7.147 E803.29645
G1 X15.564 Y-29.272 Z7.149 E803.78815
G1 X16.23 Y-30.166 Z7.151 E804.3124
G1 X17.076 Y-31.025 Z7.153 E804.87938
G1 X17.797 Y-31.622 Z7.154 E805.31959
G1 X18.527 Y-32.141 Z7.156 E805.7408
G1 X19.268 Y-32.585 Z7.158 E806.14703
G1 X20.014 Y-32.949 Z7.159 E806.53738
G1 X20.766 Y-33.236 Z7.161 E806.9159
G1 X21.543 Y-33.455 Z7.162 E807.29553
G1 X22.333 Y-33.6 Z7.163 E807.67325
G1 X23.141 Y-33.678 Z7.165 E808.05499
G1 X23.979 Y-33.687 Z7.166 E808.44909
G1 X24.845 Y-33.631 Z7.168 E808.85719
G1 X25.743 Y-33.512 Z7.17 E809.28318
G1 X26.649 Y-33.334 Z7.171 E809.71739
G1 X27.618 Y-33.06 Z7.173 E810.19094
G1 X28.464 Y-32.697 Z7.175 E810.62386
G1 X29.24 Y-32.202 Z7.176 E811.05671
G1 X29.844 Y-31.632 Z7.178 E811.44726
G1 X30.355 Y-30.923 Z7.179 E811.85825
G1 X30.804 Y-29.98 Z7.181 E812.34941
G1 X31.05 Y-29.114 Z7.183 E812.77278
G1 X31.123 Y-28.299 Z7.184 E813.15758
G1 X31.031 Y-27.451 Z7.186 E813.5587
G1 X30.797 Y-26.642 Z7.187 E813.95474
G1 X30.434 Y-25.832 Z7.189 E814.37216
G1 X29.957 Y-25.002 Z7.191 E814.82234
G1 X29.514 Y-24.426 Z7.192 E815.16406
G1 X28.955 Y-23.947 Z7.193 E815.51025
G1 X28.376 Y-23.59 Z7.195 E815.83013
G1 X26.931 Y-22.843 Z7.198 E816.59509
G1 X25.704 Y-22.017 Z7.2 E817.29067
G1 X24.729 Y-21.422 Z7.202 E817.82781
G1 X22.55 Y-20.256 Z7.207 E818.99
G1 X21.178 Y-19.393 Z7.21 E819.75223
G1 X20.066 Y-18.451 Z7.212 E820.43758
G1 X19.32 Y-17.634 Z7.214 E820.95785
G1 X18.152 Y-15.95 Z7.218 E821.92162
G1 X17.666 Y-15.144 Z7.22 E822.36423
G1 X17.304 Y-14.293 Z7.221 E822.79912
G1 X17.211 Y-13.176 Z7.223 E823.32623
G1 X17.702 Y-12.305 Z7.225 E823.79643
G1 X18.452 Y-11.671 Z7.227 E824.25826
G1 X19.347 Y-11.497 Z7.228 E824.68703
G1 X20.253 Y-11.622 Z7.23 E825.11712
G1 X21.198 Y-11.929 Z7.232 E825.58438
G1 X22.668 Y-12.524 Z7.235 E826.33015
G1 X23.71 Y-12.933 Z7.237 E826.85657
G1 X24.255 Y-13.221 Z7.238 E827.14645
G1 X25.226 Y-13.915 Z7.24 E827.70771
G1 X26.599 Y-15.15 Z7.243 E828.57616
G1 X27.451 Y-15.793 Z7.245 E829.07812
G1 X28.443 Y-16.326 Z7.247 E829.6077
G1 X29.49 Y-16.745 Z7.249 E830.13803
G1 X30.467 Y-17.071 Z7.251 E830.62238
G1 X31.637 Y-17.366 Z7.253 E831.18981
G1 X32.85 Y-17.52 Z7.256 E831.76482
G1 X33.938 Y-17.58 Z7.257 E832.27724
G1 X36.136 Y-17.601 Z7.261 E833.31093
G1 X37.631 Y-17.573 Z7.264 E834.0141
G1 X39.042 Y-17.446 Z7.267 E834.68033
G1 X40.356 Y-17.171 Z7.269 E835.31164
G1 X41.045 Y-16.949 Z7.27 E835.65206
G1 X41.695 Y-16.682 Z7.272 E835.98251
G1 X42.402 Y-16.326 Z7.273 E836.35476
G1 X43.081 Y-15.921 Z7.274 E836.72656
G1 X43.792 Y-15.413 Z7.276 E837.13749
G1 X44.359 Y-14.898 Z7.277 E837.4977
G1 X44.839 Y-14.321 Z7.279 E837.85066
G1 X45.233 Y-13.674 Z7.28 E838.2069
G1 X45.668 Y-12.582 Z7.282 E838.75967
G1 X45.916 Y-11.629 Z7.284 E839.22276
G1 X46.078 Y-10.641 Z7.286 E839.69359
G1 X46.115 Y-9.704 Z7.287 E840.13457
G1 X46.021 Y-8.802 Z7.289 E840.56104
G1 X45.782 Y-7.874 Z7.291 E841.01169
G1 X45.63 Y-7.469 Z7.292 E841.21512
G1 X45.163 Y-6.492 Z7.294 E841.72436
G1 X44.35 Y-5.153 Z7.296 E842.46102
G1 X43.481 Y-4.041 Z7.299 E843.1247
G1 X42.518 Y-3.117 Z7.301 E843.75231
G1 X41.426 Y-2.358 Z7.304 E844.3777
G1 X40.186 Y-1.748 Z7.306 E845.02756
G1 X38.684 Y-1.242 Z7.309 E845.77291
G1 X37.896 Y-1.068 Z7.31 E846.1524
G1 X37.139 Y-.984 Z7.312 E846.51058
G1 X36.424 Y-.979 Z7.313 E846.84683
G1 X35.716 Y-1.045 Z7.314 E847.18122
G1 X34.139 Y-1.384 Z7.317 E847.93976
G1 X31.806 Y-2.104 Z7.322 E849.08795
G1 X30.73 Y-2.365 Z7.324 E849.60863
G1 X29.899 Y-2.521 Z7.325 E850.00625
G1 X28.261 Y-2.853 Z7.328 E850.7922
G1 X26.713 Y-3.289 Z7.331 E851.5485
G1 X25.233 Y-3.796 Z7.334 E852.28419
G1 X23.823 Y-4.333 Z7.337 E852.99373
G1 X22.453 Y-4.868 Z7.339 E853.68537
G1 X21.098 Y-5.366 Z7.342 E854.36425
G1 X19.749 Y-5.791 Z7.344 E855.02938
G1 X18.386 Y-6.104 Z7.347 E855.68703
G1 X16.994 Y-6.269 Z7.349 E856.34622
G1 X15.556 Y-6.247 Z7.352 E857.02255
G1 X14.059 Y-6.001 Z7.355 E857.73597
G1 X12.466 Y-5.486 Z7.358 E858.52328
G1 X11.711 Y-5.12 Z7.359 E858.91785
G1 X10.787 Y-4.431 Z7.361 E859.45988
G1 X10.153 Y-3.554 Z7.363 E859.96878
G1 X9.907 Y-2.784 Z7.365 E860.34892
G1 X9.865 Y-2.017 Z7.366 E860.71015
G1 X10 Y-1.132 Z7.368 E861.13115
G1 X10.257 Y-.397 Z7.369 E861.49731
G1 X10.629 Y0.242 Z7.37 E861.84503
G1 X11.091 Y0.796 Z7.372 E862.18426
G1 X11.627 Y1.289 Z7.373 E862.52673
G1 X12.422 Y1.885 Z7.375 E862.99398
G1 X14.7 Y3.287 Z7.38 E864.25187
G1 X15.595 Y3.936 Z7.382 E864.77177
G1 X16.906 Y5.061 Z7.385 E865.58417
G1 X18.125 Y5.973 Z7.387 E866.3001
G1 X20.256 Y7.388 Z7.392 E867.50304
G1 X21.533 Y8.431 Z7.395 E868.27841
G1 X22.036 Y8.944 Z7.396 E868.61628
G1 X22.524 Y9.534 Z7.398 E868.97634
G1 X22.99 Y10.206 Z7.399 E869.36091
G1 X23.834 Y11.626 Z7.402 E870.13774
G1 X24.509 Y12.994 Z7.405 E870.85511
G1 X25.005 Y14.363 Z7.407 E871.53985
G1 X25.296 Y15.722 Z7.41 E872.19343
G1 X25.373 Y16.457 Z7.411 E872.54097
G1 X25.399 Y17.214 Z7.413 E872.89717
G1 X25.365 Y18.328 Z7.415 E873.42129
G1 X25.099 Y20.37 Z7.418 E874.38968
G1 X24.842 Y21.661 Z7.421 E875.0087
G1 X24.624 Y22.521 Z7.422 E875.42592
G1 X24.359 Y23.341 Z7.424 E875.83118
G1 X24.036 Y24.121 Z7.425 E876.22819
G1 X23.655 Y24.844 Z7.427 E876.61251
G1 X23.197 Y25.53 Z7.428 E877.0004
G1 X22.668 Y26.15 Z7.43 E877.38367
G1 X22.046 Y26.721 Z7.431 E877.78074
G1 X21.335 Y27.23 Z7.433 E878.19195
G1 X20.505 Y27.687 Z7.435 E878.63752
G1 X19.906 Y27.937 Z7.436 E878.94276
G1 X19.309 Y28.113 Z7.437 E879.23545
G1 X18.721 Y28.216 Z7.438 E879.51618
G1 X18.142 Y28.248 Z7.439 E879.78888
G1 X17.566 Y28.216 Z7.44 E880.06017
G1 X17.003 Y28.12 Z7.441 E880.32875
G1 X16.444 Y27.967 Z7.442 E880.6013
G1 X15.888 Y27.757 Z7.443 E880.88079
G1 X14.794 Y27.19 Z7.445 E881.46025
G1 X13.672 Y26.413 Z7.448 E882.10206
G1 X12.296 Y25.195 Z7.451 E882.96623
G1 X11.19 Y23.896 Z7.454 E883.76853
G1 X10.311 Y22.521 Z7.457 E884.53598
G1 X9.621 Y21.093 Z7.46 E885.28181
G1 X9.06 Y19.587 Z7.463 E886.03757
G1 X8.605 Y18.075 Z7.466 E886.7801
G1 X7.752 Y14.858 Z7.472 E888.34522
G1 X7.273 Y13.211 Z7.475 E889.15184
G1 X6.691 Y11.542 Z7.478 E889.98306
G1 X5.959 Y9.857 Z7.481 E890.847
G1 X5.029 Y8.172 Z7.485 E891.75208
G1 X4.589 Y7.441 Z7.486 E892.15331
G1 X3.155 Y4.905 Z7.491 E893.52336
G1 X2.217 Y3.486 Z7.494 E894.32328
G1 X1.277 Y2.4 Z7.497 E894.99873
G1 X0.687 Y1.861 Z7.498 E895.37453
G1 X0.02 Y1.351 Z7.5 E895.76938
;TIME_ELAPSED:307.604188
;LAYER:7
;TYPE:WALL-OUTER
;MESH:030.stl
G1 X-1.617 Y0.377 Z7.503 E896.66517
G1 X-2.557 Y-0.067 Z7.505 E897.15405
G1 X-3.481 Y-.371 Z7.507 E897.61148
G1 X-4.418 Y-.49 Z7.509 E898.05566
G1 X-5.316 Y-.377 Z7.51 E898.48129
G1 X-5.882 Y-.184 Z7.511 E898.76251
G1 X-6.702 Y0.277 Z7.513 E899.20489
G1 X-7.297 Y0.855 Z7.515 E899.59498
G1 X-7.717 Y1.561 Z7.516 E899.9813
G1 X-8.012 Y2.649 Z7.518 E900.51142
G1 X-8.085 Y3.517 Z7.52 E900.92105
G1 X-8.083 Y4.396 Z7.521 E901.33441
G1 X-7.823 Y6.597 Z7.525 E902.37666
G1 X-7.238 Y8.681 Z7.529 E903.39458
G1 X-6.387 Y10.679 Z7.533 E904.41584
G1 X-5.326 Y12.626 Z7.537 E905.45857
G1 X-4.111 Y14.547 Z7.541 E906.52748
G1 X-2.794 Y16.474 Z7.545 E907.6251
G1 X-1.441 Y18.423 Z7.55 E908.74085
G1 X-0.077 Y20.461 Z7.554 E909.89409
G1 X1.212 Y22.57 Z7.558 E911.05646
G1 X2.386 Y24.801 Z7.563 E912.24201
G1 X3.391 Y27.182 Z7.568 E913.45737
G1 X4.177 Y29.746 Z7.572 E914.71851
G1 X4.494 Y30.982 Z7.575 E915.31857
G1 X5.121 Y33.344 Z7.579 E916.46781
G1 X5.388 Y34.437 Z7.581 E916.99692
G1 X5.614 Y35.528 Z7.583 E917.52087
G1 X5.78 Y36.607 Z7.585 E918.03426
G1 X5.867 Y37.66 Z7.587 E918.53113
G1 X5.861 Y38.715 Z7.589 E919.02727
G1 X5.748 Y39.764 Z7.591 E919.52343
G1 X5.511 Y40.84 Z7.593 E920.04156
G1 X5.136 Y41.935 Z7.595 E920.58586
G1 X4.609 Y43.05 Z7.597 E921.16583
G1 X4.045 Y43.924 Z7.599 E921.65499
G1 X3.732 Y44.289 Z7.6 E921.8811
G1 X3.043 Y44.895 Z7.601 E922.31261
G1 X2.261 Y45.354 Z7.603 E922.73902
G1 X1.85 Y45.525 Z7.604 E922.94836
G1 X0.882 Y45.803 Z7.606 E923.42198
G1 X-.164 Y45.965 Z7.608 E923.91974
G1 X-1.517 Y46.074 Z7.61 E924.55807
G1 X-2.834 Y46.117 Z7.612 E925.17774
G1 X-4.135 Y46.086 Z7.615 E925.78973
G1 X-5.378 Y45.971 Z7.617 E926.37676
G1 X-6.583 Y45.766 Z7.619 E926.95157
G1 X-7.721 Y45.466 Z7.621 E927.50502
G1 X-8.827 Y45.054 Z7.623 E928.06005
G1 X-9.877 Y44.531 Z7.625 E928.61169
G1 X-10.874 Y43.885 Z7.628 E929.17036
G1 X-11.816 Y43.11 Z7.63 E929.744
G1 X-12.708 Y42.19 Z7.632 E930.34661
G1 X-13.536 Y41.13 Z7.634 E930.97915
G1 X-14.751 Y39.124 Z7.639 E932.08204
G1 X-15.596 Y37.14 Z7.643 E933.09614
G1 X-16.119 Y35.155 Z7.646 E934.06148
G1 X-16.36 Y33.172 Z7.65 E935.00087
G1 X-16.37 Y31.166 Z7.653 E935.94424
G1 X-16.19 Y29.136 Z7.657 E936.90262
G1 X-15.866 Y27.066 Z7.661 E937.88792
G1 X-15.442 Y24.95 Z7.665 E938.90278
G1 X-14.475 Y20.505 Z7.673 E941.042
G1 X-14.025 Y18.171 Z7.677 E942.15981
G1 X-13.595 Y15.32 Z7.682 E943.5157
G1 X-13.375 Y14.607 Z7.684 E943.8666
G1 X-13.092 Y13.916 Z7.685 E944.21775
G1 X-12.252 Y12.292 Z7.688 E945.07757
G1 X-11.869 Y11.14 Z7.691 E945.64847
G1 X-11.864 Y10.118 Z7.692 E946.12909
G1 X-12.055 Y9.427 Z7.694 E946.46622
G1 X-12.403 Y8.702 Z7.695 E946.84441
G1 X-12.881 Y8.085 Z7.697 E947.21145
G1 X-13.466 Y7.598 Z7.698 E947.5694
G1 X-14.146 Y7.235 Z7.699 E947.93189
G1 X-14.908 Y6.985 Z7.701 E948.30903
G1 X-15.723 Y6.834 Z7.702 E948.69882
G1 X-16.476 Y6.777 Z7.704 E949.05394
G1 X-17.201 Y6.801 Z7.705 E949.39507
G1 X-18.407 Y7.044 Z7.707 E949.97361
G1 X-19.549 Y7.515 Z7.709 E950.55453
G1 X-20.651 Y8.139 Z7.712 E951.15008
G1 X-22.374 Y9.231 Z7.715 E952.10937
G1 X-23.017 Y9.617 Z7.717 E952.46205
G1 X-23.933 Y10.193 Z7.719 E952.9709
G1 X-25.099 Y11.049 Z7.721 E953.65113
G1 X-26.35 Y12.206 Z7.724 E954.45246
G1 X-28.452 Y14.342 Z7.73 E955.86176
G1 X-29.39 Y15.172 Z7.732 E956.45076
G1 X-30.142 Y15.762 Z7.734 E956.90026
G1 X-30.951 Y16.31 Z7.735 E957.35977
G1 X-31.89 Y16.848 Z7.737 E957.86869
G1 X-33.562 Y17.709 Z7.741 E958.7531
G1 X-34.613 Y18.182 Z7.743 E959.29509
G1 X-35.645 Y18.531 Z7.745 E959.80741
G1 X-36.757 Y18.747 Z7.747 E960.34012
G1 X-37.915 Y18.789 Z7.749 E960.88504
G1 X-38.544 Y18.743 Z7.75 E961.18163
G1 X-39.955 Y18.534 Z7.752 E961.85241
G1 X-41.25 Y18.204 Z7.755 E962.48086
G1 X-42.365 Y17.747 Z7.757 E963.04754
G1 X-43.388 Y17.116 Z7.759 E963.61278
G1 X-43.883 Y16.712 Z7.76 E963.91325
G1 X-44.344 Y16.266 Z7.761 E964.21489
G1 X-44.79 Y15.758 Z7.763 E964.53279
G1 X-45.51 Y14.729 Z7.765 E965.12339
G1 X-45.726 Y14.291 Z7.766 E965.35305
G1 X-45.998 Y13.421 Z7.767 E965.78171
G1 X-46.065 Y13 Z7.768 E965.98218
G1 X-46.121 Y11.884 Z7.77 E966.50766
G1 X-46.046 Y9.822 Z7.774 E967.47799
G1 X-46.065 Y8.479 Z7.776 E968.10961
G1 X-45.971 Y7.768 Z7.778 E968.44688
G1 X-45.844 Y7.399 E968.6304
G1 X-45.645 Y7.012 Z7.779 E968.83504
G1 X-45.407 Y6.672 Z7.78 E969.03021
G1 X-45.14 Y6.414 Z7.781 E969.20482
G1 X-44.763 Y6.08 E969.44168
G1 X-43.522 Y5.258 Z7.784 E970.14169
G1 X-42.639 Y4.724 Z7.786 E970.62696
G1 X-41.789 Y4.277 Z7.788 E971.07859
G1 X-40.056 Y3.551 Z7.791 E971.96218
G1 X-38.531 Y3.03 Z7.794 E972.72003
G1 X-37.167 Y2.612 Z7.797 E973.39092
G1 X-35.871 Y2.262 Z7.799 E974.02221
G1 X-34.611 Y1.969 Z7.801 E974.63056
G1 X-33.442 Y1.733 Z7.803 E975.19139
G1 X-32.281 Y1.529 Z7.806 E975.74573
G1 X-31.117 Y1.346 Z7.808 E976.29984
G1 X-27.563 Y0.817 Z7.814 E977.98957
G1 X-26.294 Y0.606 Z7.816 E978.59453
G1 X-24.962 Y0.357 Z7.819 E979.23177
G1 X-23.565 Y0.061 Z7.821 E979.90332
G1 X-22.637 Y-0.089 Z7.823 E980.34539
G1 X-21.376 Y-.171 Z7.825 E980.93965
G1 X-18.266 Y-0.065 Z7.831 E982.40302
G1 X-17.178 Y-.132 Z7.833 E982.91564
G1 X-16.398 Y-.269 Z7.834 E983.28806
G1 X-15.682 Y-.526 Z7.836 E983.6458
G1 X-15.045 Y-.946 Z7.837 E984.00461
G1 X-14.503 Y-1.585 Z7.839 E984.39865
G1 X-14.011 Y-2.779 Z7.841 E985.00595
G1 X-14.093 Y-3.681 Z7.843 E985.43187
G1 X-14.485 Y-4.385 Z7.844 E985.8108
G1 X-14.828 Y-4.782 Z7.845 E986.05753
G1 X-15.501 Y-5.353 Z7.846 E986.47258
G1 X-16.319 Y-5.877 Z7.848 E986.92942
G1 X-17.169 Y-6.335 Z7.85 E987.38347
G1 X-18.082 Y-6.718 Z7.852 E987.84907
G1 X-18.967 Y-6.937 Z7.853 E988.27781
G1 X-19.829 Y-7.022 Z7.855 E988.68515
G1 X-20.671 Y-7.003 Z7.856 E989.08121
G1 X-21.647 Y-6.896 Z7.858 E989.54294
G1 X-23.99 Y-6.482 Z7.862 E990.66184
G1 X-24.835 Y-6.379 Z7.864 E991.06215
G1 X-25.72 Y-6.34 Z7.866 E991.47874
G1 X-26.618 Y-6.393 Z7.867 E991.90177
G1 X-28.27 Y-6.729 Z7.87 E992.69455
G1 X-30.044 Y-7.114 Z7.874 E993.54822
G1 X-31.502 Y-7.552 Z7.876 E994.26414
G1 X-32.025 Y-7.774 Z7.877 E994.53133
G1 X-32.546 Y-8.06 Z7.878 E994.81083
G1 X-33.028 Y-8.404 Z7.879 E995.0893
G1 X-33.471 Y-8.818 Z7.88 E995.37444
G1 X-33.87 Y-9.309 Z7.882 E995.67197
G1 X-34.231 Y-9.899 Z7.883 E995.99724
G1 X-34.556 Y-10.594 Z7.884 E996.35804
G1 X-34.789 Y-11.267 Z7.886 E996.69296
G1 X-34.949 Y-11.96 Z7.887 E997.02743
G1 X-35.027 Y-12.633 Z7.888 E997.34603
G1 X-35.032 Y-13.304 Z7.889 E997.66159
G1 X-34.963 Y-13.967 Z7.89 E997.97506
G1 X-34.824 Y-14.637 Z7.892 E998.29685
G1 X-34.621 Y-15.29 Z7.893 E998.61843
G1 X-34.353 Y-15.937 Z7.894 E998.94776
G1 X-34.02 Y-16.588 Z7.895 E999.29163
G1 X-33.185 Y-17.857 Z7.898 E1000.00599
G1 X-32.51 Y-18.69 Z7.9 E1000.51019
G1 X-31.822 Y-19.42 Z7.902 E1000.98192
G1 X-31.075 Y-20.09 Z7.904 E1001.45381
G1 X-30.332 Y-20.647 Z7.905 E1001.89049
G1 X-29.536 Y-21.133 Z7.907 E1002.32908
G1 X-28.707 Y-21.536 Z7.909 E1002.76255
G1 X-27.852 Y-21.853 Z7.91 E1003.19138
G1 X-26.955 Y-22.093 Z7.912 E1003.62804
G1 X-26.016 Y-22.253 Z7.914 E1004.07598
G1 X-25.036 Y-22.336 Z7.915 E1004.53849
G1 X-24.028 Y-22.341 Z7.917 E1005.01253
G1 X-22.956 Y-22.267 Z7.919 E1005.51785
G1 X-22.059 Y-22.12 Z7.921 E1005.9453
G1 X-21.252 Y-21.878 Z7.922 E1006.3415
G1 X-20.515 Y-21.549 Z7.924 E1006.72105
G1 X-19.854 Y-21.157 Z7.925 E1007.08245
G1 X-19.226 Y-20.692 Z7.927 E1007.44992
G1 X-18.417 Y-19.991 Z7.929 E1007.95332
G1 X-16.43 Y-17.972 Z7.934 E1009.28547
G1 X-15.54 Y-17.163 Z7.936 E1009.85107
G1 X-14.127 Y-16.016 Z7.939 E1010.70693
G1 X-12.932 Y-14.881 Z7.942 E1011.48197
G1 X-11.075 Y-12.901 Z7.947 E1012.75854
G1 X-9.78 Y-11.781 Z7.95 E1013.56369
G1 X-9.11 Y-11.33 Z7.951 E1013.9435
G1 X-8.387 Y-10.931 Z7.953 E1014.33185
G1 X-7.569 Y-10.578 Z7.955 E1014.75081
G1 X-6.477 Y-10.185 Z7.957 E1015.29659
G1 X-5.436 Y-9.884 Z7.959 E1015.80618
G1 X-4.419 Y-9.712 Z7.96 E1016.29123
G1 X-3.408 Y-9.711 Z7.962 E1016.76667
G1 X-2.383 Y-9.917 Z7.964 E1017.25833
G1 X-1.337 Y-10.368 Z7.966 E1017.794
G1 X-.406 Y-10.96 Z7.968 E1018.31284
G1 X0.363 Y-11.642 Z7.97 E1018.7962
G1 X0.97 Y-12.424 Z7.972 E1019.26173
G1 X1.401 Y-13.307 Z7.974 E1019.7238
G1 X1.646 Y-14.29 Z7.975 E1020.20021
G1 X1.698 Y-15.345 Z7.977 E1020.69695
G1 X1.56 Y-16.555 Z7.979 E1021.26965
G1 X1.264 Y-17.603 Z7.981 E1021.78177
G1 X0.83 Y-18.538 Z7.983 E1022.26653
G1 X0.283 Y-19.384 Z7.985 E1022.74029
G1 X-.359 Y-20.16 Z7.987 E1023.21391
G1 X-1.224 Y-21.05 Z7.989 E1023.79756
G1 X-3.417 Y-23.041 Z7.994 E1025.19047
G1 X-4.239 Y-23.852 Z7.996 E1025.7335
G1 X-4.995 Y-24.695 Z7.998 E1026.266
G1 X-5.738 Y-25.669 Z8.001 E1026.8421
G1 X-6.473 Y-26.687 Z8.003 E1027.43256
G1 X-7.22 Y-27.642 Z8.005 E1028.00273
G1 X-7.956 Y-28.53 Z8.007 E1028.54512
G1 X-9.381 Y-30.203 Z8.011 E1029.57858
G1 X-10.047 Y-31.014 Z8.013 E1030.07209
G1 X-10.669 Y-31.829 Z8.015 E1030.55422
G1 X-11.264 Y-32.696 Z8.017 E1031.04872
G1 X-11.801 Y-33.601 Z8.019 E1031.54359
G1 X-12.294 Y-34.595 Z8.021 E1032.06537
G1 X-12.729 Y-35.682 Z8.023 E1032.61596
G1 X-13.095 Y-36.874 Z8.025 E1033.20234
G1 X-13.408 Y-38.129 Z8.027 E1033.8106
G1 X-13.619 Y-39.278 Z8.029 E1034.35997
G1 X-13.698 Y-40.422 Z8.031 E1034.89924
G1 X-13.599 Y-41.463 Z8.033 E1035.39099
G1 X-13.467 Y-41.999 Z8.034 E1035.65058
G1 X-13.278 Y-42.525 Z8.035 E1035.91343
G1 X-13.021 Y-43.056 Z8.036 E1036.19085
G1 X-12.694 Y-43.59 Z8.038 E1036.48531
G1 X-12 Y-44.46 Z8.04 E1037.00867
G1 X-11.234 Y-45.136 Z8.041 E1037.48911
G1 X-10.381 Y-45.637 Z8.043 E1037.95431
G1 X-9.926 Y-45.819 Z8.044 E1038.18477
G1 X-8.948 Y-46.054 Z8.046 E1038.65778
G1 X-8.468 Y-46.103 Z8.047 E1038.88468
G1 X-7.298 Y-46.083 Z8.049 E1039.43497
G1 X-6.48 Y-45.971 Z8.05 E1039.82323
G1 X-5.691 Y-45.783 Z8.052 E1040.20466
G1 X-4.986 Y-45.534 Z8.053 E1040.55627
G1 X-4.313 Y-45.213 Z8.054 E1040.90691
G1 X-3.686 Y-44.834 Z8.056 E1041.25145
G1 X-3.093 Y-44.398 Z8.057 E1041.59758
G1 X-1.991 Y-43.385 Z8.06 E1042.3015
G1 X-.917 Y-42.178 Z8.063 E1043.06128
G1 X0.565 Y-40.351 Z8.067 E1044.16758
G1 X1.296 Y-39.257 Z8.069 E1044.78633
G1 X2.096 Y-37.786 Z8.072 E1045.57377
G1 X2.724 Y-36.239 Z8.075 E1046.35893
G1 X3.217 Y-34.668 Z8.078 E1047.13324
G1 X4.173 Y-31.095 Z8.085 E1048.8726
G1 X4.467 Y-29.822 Z8.087 E1049.487
G1 X4.646 Y-28.613 Z8.089 E1050.06175
G1 X4.739 Y-27.45 Z8.091 E1050.61041
G1 X4.773 Y-26.339 Z8.093 E1051.13312
G1 X4.777 Y-24.114 Z8.097 E1052.17946
G1 X4.802 Y-23.029 Z8.099 E1052.68984
G1 X4.881 Y-21.943 Z8.101 E1053.20189
G1 X5.041 Y-20.849 Z8.103 E1053.72184
G1 X5.312 Y-19.738 Z8.105 E1054.25962
G1 X5.723 Y-18.604 Z8.108 E1054.82684
G1 X6.303 Y-17.437 Z8.11 E1055.43969
G1 X6.995 Y-16.249 Z8.112 E1056.08623
G1 X7.506 Y-15.517 Z8.114 E1056.50604
G1 X8.078 Y-14.912 Z8.116 E1056.89758
G1 X8.762 Y-14.481 Z8.117 E1057.27777
G1 X9.618 Y-14.321 Z8.119 E1057.68729
G1 X10.825 Y-14.626 Z8.121 E1058.27274
G1 X11.398 Y-15.354 Z8.122 E1058.70842
G1 X11.734 Y-16.203 Z8.124 E1059.13781
G1 X12.202 Y-18.097 Z8.128 E1060.05528
G1 X12.928 Y-19.899 Z8.131 E1060.96888
G1 X13.284 Y-21.049 Z8.133 E1061.53501
G1 X13.553 Y-22.174 Z8.135 E1062.07897
G1 X13.767 Y-23.272 Z8.137 E1062.60503
G1 X14.149 Y-25.391 Z8.141 E1063.61759
G1 X14.38 Y-26.419 Z8.143 E1064.11307
G1 X14.673 Y-27.405 Z8.145 E1064.5968
G1 X15.058 Y-28.357 Z8.147 E1065.07971
G1 X15.564 Y-29.272 Z8.149 E1065.57142
G1 X16.23 Y-30.166 Z8.151 E1066.09567
G1 X17.076 Y-31.025 Z8.153 E1066.66265
G1 X17.797 Y-31.622 Z8.154 E1067.10285
G1 X18.527 Y-32.141 Z8.156 E1067.52406
G1 X19.268 Y-32.585 Z8.158 E1067.9303
G1 X20.014 Y-32.949 Z8.159 E1068.32065
G1 X20.766 Y-33.236 Z8.161 E1068.69917
G1 X21.543 Y-33.455 Z8.162 E1069.0788
G1 X22.333 Y-33.6 Z8.163 E1069.45651
G1 X23.141 Y-33.678 Z8.165 E1069.83825
G1 X23.979 Y-33.687 Z8.166 E1070.23236
G1 X24.845 Y-33.631 Z8.168 E1070.64046
G1 X25.743 Y-33.512 Z8.17 E1071.06645
G1 X26.649 Y-33.334 Z8.171 E1071.50065
G1 X27.618 Y-33.06 Z8.173 E1071.97421
G1 X28.464 Y-32.697 Z8.175 E1072.40713
G1 X29.24 Y-32.202 Z8.176 E1072.83998
G1 X29.844 Y-31.632 Z8.178 E1073.23053
G1 X30.355 Y-30.923 Z8.179 E1073.64152
G1 X30.804 Y-29.98 Z8.181 E1074.13268
G1 X31.05 Y-29.114 Z8.183 E1074.55604
G1 X31.123 Y-28.299 Z8.184 E1074.94084
G1 X31.031 Y-27.451 Z8.186 E1075.34197
G1 X30.797 Y-26.642 Z8.187 E1075.738
G1 X30.434 Y-25.832 Z8.189 E1076.15542
G1 X29.957 Y-25.002 Z8.191 E1076.60561
G1 X29.514 Y-24.426 Z8.192 E1076.94733
G1 X28.955 Y-23.947 Z8.193 E1077.29351
G1 X28.376 Y-23.59 Z8.195 E1077.61339
G1 X26.931 Y-22.843 Z8.198 E1078.37836
G1 X25.704 Y-22.017 Z8.2 E1079.07394
G1 X24.729 Y-21.422 Z8.202 E1079.61108
G1 X22.55 Y-20.256 Z8.207 E1080.77327
G1 X21.178 Y-19.393 Z8.21 E1081.5355
G1 X20.066 Y-18.451 Z8.212 E1082.22084
G1 X19.32 Y-17.634 Z8.214 E1082.74112
G1 X18.152 Y-15.95 Z8.218 E1083.70489
G1 X17.666 Y-15.144 Z8.22 E1084.14749
G1 X17.304 Y-14.293 Z8.221 E1084.58239
G1 X17.211 Y-13.176 Z8.223 E1085.10949
G1 X17.702 Y-12.305 Z8.225 E1085.57969
G1 X18.452 Y-11.671 Z8.227 E1086.04152
G1 X19.347 Y-11.497 Z8.228 E1086.47029
G1 X20.253 Y-11.622 Z8.23 E1086.90039
G1 X21.198 Y-11.929 Z8.232 E1087.36765
G1 X22.668 Y-12.524 Z8.235 E1088.11342
G1 X23.71 Y-12.933 Z8.237 E1088.63983
G1 X24.255 Y-13.221 Z8.238 E1088.92971
G1 X25.226 Y-13.915 Z8.24 E1089.49098
G1 X26.599 Y-15.15 Z8.243 E1090.35942
G1 X27.451 Y-15.793 Z8.245 E1090.86139
G1 X28.443 Y-16.326 Z8.247 E1091.39096
G1 X29.49 Y-16.745 Z8.249 E1091.92129
G1 X30.467 Y-17.071 Z8.251 E1092.40564
G1 X31.637 Y-17.366 Z8.253 E1092.97307
G1 X32.85 Y-17.52 Z8.256 E1093.54808
G1 X33.938 Y-17.58 Z8.257 E1094.06051
G1 X36.136 Y-17.601 Z8.261 E1095.0942
G1 X37.631 Y-17.573 Z8.264 E1095.79737
G1 X39.042 Y-17.446 Z8.267 E1096.46359
G1 X40.356 Y-17.171 Z8.269 E1097.09491
G1 X41.045 Y-16.949 Z8.27 E1097.43532
G1 X41.695 Y-16.682 Z8.272 E1097.76578
G1 X42.402 Y-16.326 Z8.273 E1098.13803
G1 X43.081 Y-15.921 Z8.274 E1098.50982
G1 X43.792 Y-15.413 Z8.276 E1098.92076
G1 X44.359 Y-14.898 Z8.277 E1099.28097
G1 X44.839 Y-14.321 Z8.279 E1099.63393
G1 X45.233 Y-13.674 Z8.28 E1099.99016
G1 X45.668 Y-12.582 Z8.282 E1100.54294
G1 X45.916 Y-11.629 Z8.284 E1101.00603
G1 X46.078 Y-10.641 Z8.286 E1101.47685
G1 X46.115 Y-9.704 Z8.287 E1101.91783
G1 X46.021 Y-8.802 Z8.289 E1102.34431
G1 X45.782 Y-7.874 Z8.291 E1102.79496
G1 X45.63 Y-7.469 Z8.292 E1102.99838
G1 X45.163 Y-6.492 Z8.294 E1103.50762
G1 X44.35 Y-5.153 Z8.296 E1104.24429
G1 X43.481 Y-4.041 Z8.299 E1104.90796
G1 X42.518 Y-3.117 Z8.301 E1105.53557
G1 X41.426 Y-2.358 Z8.304 E1106.16096
G1 X40.186 Y-1.748 Z8.306 E1106.81083
G1 X38.684 Y-1.242 Z8.309 E1107.55617
G1 X37.896 Y-1.068 Z8.31 E1107.93567
G1 X37.139 Y-.984 Z8.312 E1108.29384
G1 X36.424 Y-.979 Z8.313 E1108.63009
G1 X35.716 Y-1.045 Z8.314 E1108.96448
G1 X34.139 Y-1.384 Z8.317 E1109.72303
G1 X31.806 Y-2.104 Z8.322 E1110.87122
G1 X30.73 Y-2.365 Z8.324 E1111.3919
G1 X29.899 Y-2.521 Z8.325 E1111.78951
G1 X28.261 Y-2.853 Z8.328 E1112.57547
G1 X26.713 Y-3.289 Z8.331 E1113.33176
G1 X25.233 Y-3.796 Z8.334 E1114.06746
G1 X23.823 Y-4.333 Z8.337 E1114.77699
G1 X22.453 Y-4.868 Z8.339 E1115.46864
G1 X21.098 Y-5.366 Z8.342 E1116.14752
G1 X19.749 Y-5.791 Z8.344 E1116.81265
G1 X18.386 Y-6.104 Z8.347 E1117.4703
G1 X16.994 Y-6.269 Z8.349 E1118.12949
G1 X15.556 Y-6.247 Z8.352 E1118.80581
G1 X14.059 Y-6.001 Z8.355 E1119.51924
G1 X12.466 Y-5.486 Z8.358 E1120.30655
G1 X11.711 Y-5.12 Z8.359 E1120.70111
G1 X10.787 Y-4.431 Z8.361 E1121.24314
G1 X10.153 Y-3.554 Z8.363 E1121.75205
G1 X9.907 Y-2.784 Z8.365 E1122.13218
G1 X9.865 Y-2.017 Z8.366 E1122.49342
G1 X10 Y-1.132 Z8.368 E1122.91442
G1 X10.257 Y-.397 Z8.369 E1123.28058
G1 X10.629 Y0.242 Z8.37 E1123.62829
G1 X11.091 Y0.796 Z8.372 E1123.96752
G1 X11.627 Y1.289 Z8.373 E1124.30999
G1 X12.422 Y1.885 Z8.375 E1124.77725
G1 X14.7 Y3.287 Z8.38 E1126.03514
G1 X15.595 Y3.936 Z8.382 E1126.55504
G1 X16.906 Y5.061 Z8.385 E1127.36743
G1 X18.125 Y5.973 Z8.387 E1128.08336
G1 X20.256 Y7.388 Z8.392 E1129.2863
G1 X21.533 Y8.431 Z8.395 E1130.06168
G1 X22.036 Y8.944 Z8.396 E1130.39954
G1 X22.524 Y9.534 Z8.398 E1130.75961
G1 X22.99 Y10.206 Z8.399 E1131.14418
G1 X23.834 Y11.626 Z8.402 E1131.921
G1 X24.509 Y12.994 Z8.405 E1132.63837
G1 X25.005 Y14.363 Z8.407 E1133.32312
G1 X25.296 Y15.722 Z8.41 E1133.9767
G1 X25.373 Y16.457 Z8.411 E1134.32423
G1 X25.399 Y17.214 Z8.413 E1134.68043
G1 X25.365 Y18.328 Z8.415 E1135.20455
G1 X25.099 Y20.37 Z8.418 E1136.17294
G1 X24.842 Y21.661 Z8.421 E1136.79197
G1 X24.624 Y22.521 Z8.422 E1137.20919
G1 X24.359 Y23.341 Z8.424 E1137.61444
G1 X24.036 Y24.121 Z8.425 E1138.01145
G1 X23.655 Y24.844 Z8.427 E1138.39578
G1 X23.197 Y25.53 Z8.428 E1138.78367
G1 X22.668 Y26.15 Z8.43 E1139.16694
G1 X22.046 Y26.721 Z8.431 E1139.56401
G1 X21.335 Y27.23 Z8.433 E1139.97521
G1 X20.505 Y27.687 Z8.435 E1140.42079
G1 X19.906 Y27.937 Z8.436 E1140.72603
G1 X19.309 Y28.113 Z8.437 E1141.01872
G1 X18.721 Y28.216 Z8.438 E1141.29945
G1 X18.142 Y28.248 Z8.439 E1141.57214
G1 X17.566 Y28.216 Z8.44 E1141.84343
G1 X17.003 Y28.12 Z8.441 E1142.11202
G1 X16.444 Y27.967 Z8.442 E1142.38456
G1 X15.888 Y27.757 Z8.443 E1142.66406
G1 X14.794 Y27.19 Z8.445 E1143.24352
G1 X13.672 Y26.413 Z8.448 E1143.88533
G1 X12.296 Y25.195 Z8.451 E1144.7495
G1 X11.19 Y23.896 Z8.454 E1145.5518
G1 X10.311 Y22.521 Z8.457 E1146.31925
G1 X9.621 Y21.093 Z8.46 E1147.06507
G1 X9.06 Y19.587 Z8.463 E1147.82083
G1 X8.605 Y18.075 Z8.466 E1148.56337
G1 X7.752 Y14.858 Z8.472 E1150.12849
G1 X7.273 Y13.211 Z8.475 E1150.93511
G1 X6.691 Y11.542 Z8.478 E1151.76633
G1 X5.959 Y9.857 Z8.481 E1152.63027
G1 X5.029 Y8.172 Z8.485 E1153.53534
G1 X4.589 Y7.441 Z8.486 E1153.93658
G1 X3.155 Y4.905 Z8.491 E1155.30662
G1 X2.217 Y3.486 Z8.494 E1156.10654
G1 X1.277 Y2.4 Z8.497 E1156.78199
G1 X0.687 Y1.861 Z8.498 E1157.1578
G1 X0.02 Y1.351 Z8.5 E1157.55265
;TIME_ELAPSED:321.531124
;LAYER:8
;TYPE:WALL-OUTER
;MESH:030.stl
G1 X-1.617 Y0.377 Z8.503 E1158.44843
G1 X-2.557 Y-0.067 Z8.505 E1158.93731
G1 X-3.481 Y-.371 Z8.507 E1159.39475
G1 X-4.418 Y-.49 Z8.509 E1159.83893
G1 X-5.316 Y-.377 Z8.51 E1160.26456
G1 X-5.882 Y-.184 Z8.511 E1160.54577
G1 X-6.702 Y0.277 Z8.513 E1160.98815
G1 X-7.297 Y0.855 Z8.515 E1161.37825
G1 X-7.717 Y1.561 Z8.516 E1161.76456
G1 X-8.012 Y2.649 Z8.518 E1162.29469
G1 X-8.085 Y3.517 Z8.52 E1162.70432
G1 X-8.083 Y4.396 Z8.521 E1163.11768
G1 X-7.823 Y6.597 Z8.525 E1164.15993
G1 X-7.238 Y8.681 Z8.529 E1165.17784
G1 X-6.387 Y10.679 Z8.533 E1166.19911
G1 X-5.326 Y12.626 Z8.537 E1167.24184
G1 X-4.111 Y14.547 Z8.541 E1168.31074
G1 X-2.794 Y16.474 Z8.545 E1169.40837
G1 X-1.441 Y18.423 Z8.55 E1170.52411
G1 X-0.077 Y20.461 Z8.554 E1171.67736
G1 X1.212 Y22.57 Z8.558 E1172.83972
G1 X2.386 Y24.801 Z8.563 E1174.02528
G1 X3.391 Y27.182 Z8.568 E1175.24064
G1 X4.177 Y29.746 Z8.572 E1176.50178
G1 X4.494 Y30.982 Z8.575 E1177.10184
G1 X5.121 Y33.344 Z8.579 E1178.25107
G1 X5.388 Y34.437 Z8.581 E1178.78018
G1 X5.614 Y35.528 Z8.583 E1179.30414
G1 X5.78 Y36.607 Z8.585 E1179.81752
G1 X5.867 Y37.66 Z8.587 E1180.3144
G1 X5.861 Y38.715 Z8.589 E1180.81053
G1 X5.748 Y39.764 Z8.591 E1181.3067
G1 X5.511 Y40.84 Z8.593 E1181.82483
G1 X5.136 Y41.935 Z8.595 E1182.36913
G1 X4.609 Y43.05 Z8.597 E1182.94909
G1 X4.045 Y43.924 Z8.599 E1183.43825
G1 X3.732 Y44.289 Z8.6 E1183.66437
G1 X3.043 Y44.895 Z8.601 E1184.09587
G1 X2.261 Y45.354 Z8.603 E1184.52229
G1 X1.85 Y45.525 Z8.604 E1184.73163
G1 X0.882 Y45.803 Z8.606 E1185.20525
G1 X-.164 Y45.965 Z8.608 E1185.70301
G1 X-1.517 Y46.074 Z8.61 E1186.34134
G1 X-2.834 Y46.117 Z8.612 E1186.96101
G1 X-4.135 Y46.086 Z8.615 E1187.57299
G1 X-5.378 Y45.971 Z8.617 E1188.16003
G1 X-6.583 Y45.766 Z8.619 E1188.73484
G1 X-7.721 Y45.466 Z8.621 E1189.28828
G1 X-8.827 Y45.054 Z8.623 E1189.84331
G1 X-9.877 Y44.531 Z8.625 E1190.39495
G1 X-10.874 Y43.885 Z8.628 E1190.95362
G1 X-11.816 Y43.11 Z8.63 E1191.52727
G1 X-12.708 Y42.19 Z8.632 E1192.12988
G1 X-13.536 Y41.13 Z8.634 E1192.76241
G1 X-14.751 Y39.124 Z8.639 E1193.86531
G1 X-15.596 Y37.14 Z8.643 E1194.87941
G1 X-16.119 Y35.155 Z8.646 E1195.84474
G1 X-16.36 Y33.172 Z8.65 E1196.78414
G1 X-16.37 Y31.166 Z8.653 E1197.7275
G1 X-16.19 Y29.136 Z8.657 E1198.68588
G1 X-15.866 Y27.066 Z8.661 E1199.67118
G1 X-15.442 Y24.95 Z8.665 E1200.68605
G1 X-14.475 Y20.505 Z8.673 E1202.82526
G1 X-14.025 Y18.171 Z8.677 E1203.94308
G1 X-13.595 Y15.32 Z8.682 E1205.29896
G1 X-13.375 Y14.607 Z8.684 E1205.64986
G1 X-13.092 Y13.916 Z8.685 E1206.00101
G1 X-12.252 Y12.292 Z8.688 E1206.86083
G1 X-11.869 Y11.14 Z8.691 E1207.43174
G1 X-11.864 Y10.118 Z8.692 E1207.91235
G1 X-12.055 Y9.427 Z8.694 E1208.24949
G1 X-12.403 Y8.702 Z8.695 E1208.62767
G1 X-12.881 Y8.085 Z8.697 E1208.99471
G1 X-13.466 Y7.598 Z8.698 E1209.35267
G1 X-14.146 Y7.235 Z8.699 E1209.71516
G1 X-14.908 Y6.985 Z8.701 E1210.0923
G1 X-15.723 Y6.834 Z8.702 E1210.48208
G1 X-16.476 Y6.777 Z8.704 E1210.83721
G1 X-17.201 Y6.801 Z8.705 E1211.17834
G1 X-18.407 Y7.044 Z8.707 E1211.75687
G1 X-19.549 Y7.515 Z8.709 E1212.3378
G1 X-20.651 Y8.139 Z8.712 E1212.93334
G1 X-22.374 Y9.231 Z8.715 E1213.89264
G1 X-23.017 Y9.617 Z8.717 E1214.24532
G1 X-23.933 Y10.193 Z8.719 E1214.75417
G1 X-25.099 Y11.049 Z8.721 E1215.43439
G1 X-26.35 Y12.206 Z8.724 E1216.23573
G1 X-28.452 Y14.342 Z8.73 E1217.64503
G1 X-29.39 Y15.172 Z8.732 E1218.23403
G1 X-30.142 Y15.762 Z8.734 E1218.68352
G1 X-30.951 Y16.31 Z8.735 E1219.14303
G1 X-31.89 Y16.848 Z8.737 E1219.65195
G1 X-33.562 Y17.709 Z8.741 E1220.53637
G1 X-34.613 Y18.182 Z8.743 E1221.07836
G1 X-35.645 Y18.531 Z8.745 E1221.59067
G1 X-36.757 Y18.747 Z8.747 E1222.12338
G1 X-37.915 Y18.789 Z8.749 E1222.66831
G1 X-38.544 Y18.743 Z8.75 E1222.96489
G1 X-39.955 Y18.534 Z8.752 E1223.63568
G1 X-41.25 Y18.204 Z8.755 E1224.26413
G1 X-42.365 Y17.747 Z8.757 E1224.83081
G1 X-43.388 Y17.116 Z8.759 E1225.39604
G1 X-43.883 Y16.712 Z8.76 E1225.69651
G1 X-44.344 Y16.266 Z8.761 E1225.99816
G1 X-44.79 Y15.758 Z8.763 E1226.31606
G1 X-45.51 Y14.729 Z8.765 E1226.90666
G1 X-45.726 Y14.291 Z8.766 E1227.13632
G1 X-45.998 Y13.421 Z8.767 E1227.56498
G1 X-46.065 Y13 Z8.768 E1227.76545
G1 X-46.12 Y11.885 Z8.77 E1228.29043
G1 X-46.047 Y9.823 Z8.774 E1229.26072
G1 X-46.065 Y8.479 Z8.776 E1229.89282
G1 X-45.971 Y7.768 Z8.778 E1230.23009
G1 X-45.844 Y7.399 E1230.4136
G1 X-45.645 Y7.012 Z8.779 E1230.61825
G1 X-45.407 Y6.672 Z8.78 E1230.81342
G1 X-45.152 Y6.4 Z8.781 E1230.98875
G1 X-44.77 Y6.081 E1231.22279
G1 X-43.522 Y5.257 Z8.784 E1231.92607
G1 X-42.639 Y4.724 Z8.786 E1232.4111
G1 X-41.789 Y4.277 Z8.788 E1232.86272
G1 X-40.056 Y3.551 Z8.791 E1233.74632
G1 X-38.531 Y3.03 Z8.794 E1234.50417
G1 X-37.167 Y2.612 Z8.797 E1235.17505
G1 X-35.871 Y2.262 Z8.799 E1235.80635
G1 X-34.611 Y1.969 Z8.801 E1236.41469
G1 X-33.442 Y1.733 Z8.803 E1236.97552
G1 X-32.281 Y1.529 Z8.806 E1237.52986
G1 X-31.117 Y1.346 Z8.808 E1238.08398
G1 X-27.563 Y0.817 Z8.814 E1239.77371
G1 X-26.294 Y0.606 Z8.816 E1240.37867
G1 X-24.962 Y0.357 Z8.819 E1241.01591
G1 X-23.565 Y0.061 Z8.821 E1241.68746
G1 X-22.637 Y-0.089 Z8.823 E1242.12953
G1 X-21.376 Y-.171 Z8.825 E1242.72378
G1 X-18.266 Y-0.065 Z8.831 E1244.18715
G1 X-17.178 Y-.132 Z8.833 E1244.69977
G1 X-16.398 Y-.269 Z8.834 E1245.07219
G1 X-15.682 Y-.526 Z8.836 E1245.42994
G1 X-15.045 Y-.946 Z8.837 E1245.78875
G1 X-14.503 Y-1.585 Z8.839 E1246.18279
G1 X-14.011 Y-2.779 Z8.841 E1246.79008
G1 X-14.093 Y-3.681 Z8.843 E1247.21601
G1 X-14.485 Y-4.385 Z8.844 E1247.59494
G1 X-14.828 Y-4.782 Z8.845 E1247.84167
G1 X-15.501 Y-5.353 Z8.846 E1248.25672
G1 X-16.319 Y-5.877 Z8.848 E1248.71355
G1 X-17.169 Y-6.335 Z8.85 E1249.16761
G1 X-18.082 Y-6.718 Z8.852 E1249.63321
G1 X-18.967 Y-6.937 Z8.853 E1250.06195
G1 X-19.829 Y-7.022 Z8.855 E1250.46928
G1 X-20.671 Y-7.003 Z8.856 E1250.86535
G1 X-21.647 Y-6.896 Z8.858 E1251.32707
G1 X-23.99 Y-6.482 Z8.862 E1252.44597
G1 X-24.835 Y-6.379 Z8.864 E1252.84629
G1 X-25.72 Y-6.34 Z8.866 E1253.26288
G1 X-26.618 Y-6.393 Z8.867 E1253.68591
G1 X-28.27 Y-6.729 Z8.87 E1254.47869
G1 X-30.044 Y-7.114 Z8.874 E1255.33236
G1 X-31.502 Y-7.552 Z8.876 E1256.04828
G1 X-32.025 Y-7.774 Z8.877 E1256.31547
G1 X-32.546 Y-8.06 Z8.878 E1256.59496
G1 X-33.028 Y-8.404 Z8.879 E1256.87344
G1 X-33.471 Y-8.818 Z8.88 E1257.15858
G1 X-33.87 Y-9.309 Z8.882 E1257.4561
G1 X-34.231 Y-9.899 Z8.883 E1257.78138
G1 X-34.556 Y-10.594 Z8.884 E1258.14218
G1 X-34.789 Y-11.267 Z8.886 E1258.4771
G1 X-34.949 Y-11.96 Z8.887 E1258.81156
G1 X-35.027 Y-12.633 Z8.888 E1259.13017
G1 X-35.032 Y-13.304 Z8.889 E1259.44573
G1 X-34.963 Y-13.967 Z8.89 E1259.7592
G1 X-34.824 Y-14.637 Z8.892 E1260.08098
G1 X-34.621 Y-15.29 Z8.893 E1260.40256
G1 X-34.353 Y-15.937 Z8.894 E1260.73189
G1 X-34.02 Y-16.588 Z8.895 E1261.07576
G1 X-33.185 Y-17.857 Z8.898 E1261.79013
G1 X-32.51 Y-18.69 Z8.9 E1262.29433
G1 X-31.822 Y-19.42 Z8.902 E1262.76606
G1 X-31.075 Y-20.09 Z8.904 E1263.23794
G1 X-30.332 Y-20.647 Z8.905 E1263.67463
G1 X-29.536 Y-21.133 Z8.907 E1264.11322
G1 X-28.707 Y-21.536 Z8.909 E1264.54669
G1 X-27.852 Y-21.853 Z8.91 E1264.97551
G1 X-26.955 Y-22.093 Z8.912 E1265.41218
G1 X-26.016 Y-22.253 Z8.914 E1265.86012
G1 X-25.036 Y-22.336 Z8.915 E1266.32263
G1 X-24.028 Y-22.341 Z8.917 E1266.79666
G1 X-22.956 Y-22.267 Z8.919 E1267.30199
G1 X-22.059 Y-22.12 Z8.921 E1267.72944
G1 X-21.252 Y-21.878 Z8.922 E1268.12564
G1 X-20.515 Y-21.549 Z8.924 E1268.50519
G1 X-19.854 Y-21.157 Z8.925 E1268.86659
G1 X-19.226 Y-20.692 Z8.927 E1269.23406
G1 X-18.417 Y-19.991 Z8.929 E1269.73746
G1 X-16.43 Y-17.972 Z8.934 E1271.06961
G1 X-15.54 Y-17.163 Z8.936 E1271.63521
G1 X-14.127 Y-16.016 Z8.939 E1272.49106
G1 X-12.932 Y-14.881 Z8.942 E1273.26611
G1 X-11.075 Y-12.901 Z8.947 E1274.54267
G1 X-9.78 Y-11.781 Z8.95 E1275.34783
G1 X-9.11 Y-11.33 Z8.951 E1275.72764
G1 X-8.387 Y-10.931 Z8.953 E1276.11598
G1 X-7.569 Y-10.578 Z8.955 E1276.53495
G1 X-6.477 Y-10.185 Z8.957 E1277.08072
G1 X-5.436 Y-9.884 Z8.959 E1277.59032
G1 X-4.419 Y-9.712 Z8.96 E1278.07537
G1 X-3.408 Y-9.711 Z8.962 E1278.55081
G1 X-2.383 Y-9.917 Z8.964 E1279.04247
G1 X-1.337 Y-10.368 Z8.966 E1279.57814
G1 X-.406 Y-10.96 Z8.968 E1280.09697
G1 X0.363 Y-11.642 Z8.97 E1280.58034
G1 X0.97 Y-12.424 Z8.972 E1281.04587
G1 X1.401 Y-13.307 Z8.974 E1281.50794
G1 X1.646 Y-14.29 Z8.975 E1281.98435
G1 X1.698 Y-15.345 Z8.977 E1282.48108
G1 X1.56 Y-16.555 Z8.979 E1283.05379
G1 X1.264 Y-17.603 Z8.981 E1283.56591
G1 X0.83 Y-18.538 Z8.983 E1284.05067
G1 X0.283 Y-19.384 Z8.985 E1284.52443
G1 X-.359 Y-20.16 Z8.987 E1284.99805
G1 X-1.224 Y-21.05 Z8.989 E1285.5817
G1 X-3.417 Y-23.041 Z8.994 E1286.97461
G1 X-4.239 Y-23.852 Z8.996 E1287.51764
G1 X-4.995 Y-24.695 Z8.998 E1288.05014
G1 X-5.738 Y-25.669 Z9.001 E1288.62623
G1 X-6.473 Y-26.687 Z9.003 E1289.2167
G1 X-7.22 Y-27.642 Z9.005 E1289.78687
G1 X-7.956 Y-28.53 Z9.007 E1290.32926
G1 X-9.381 Y-30.203 Z9.011 E1291.36272
G1 X-10.047 Y-31.014 Z9.013 E1291.85623
G1 X-10.669 Y-31.829 Z9.015 E1292.33836
G1 X-11.264 Y-32.696 Z9.017 E1292.83286
G1 X-11.801 Y-33.601 Z9.019 E1293.32773
G1 X-12.294 Y-34.595 Z9.021 E1293.84951
G1 X-12.729 Y-35.682 Z9.023 E1294.4001
G1 X-13.095 Y-36.874 Z9.025 E1294.98648
G1 X-13.408 Y-38.129 Z9.027 E1295.59474
G1 X-13.619 Y-39.278 Z9.029 E1296.14411
G1 X-13.698 Y-40.422 Z9.031 E1296.68337
G1 X-13.599 Y-41.463 Z9.033 E1297.17513
G1 X-13.467 Y-41.999 Z9.034 E1297.43472
G1 X-13.278 Y-42.525 Z9.035 E1297.69756
G1 X-13.021 Y-43.056 Z9.036 E1297.97498
G1 X-12.694 Y-43.59 Z9.038 E1298.26945
G1 X-12 Y-44.46 Z9.04 E1298.79281
G1 X-11.234 Y-45.136 Z9.041 E1299.27324
G1 X-10.381 Y-45.637 Z9.043 E1299.73845
G1 X-9.926 Y-45.819 Z9.044 E1299.9689
G1 X-8.948 Y-46.054 Z9.046 E1300.44191
G1 X-8.468 Y-46.103 Z9.047 E1300.66881
G1 X-7.298 Y-46.083 Z9.049 E1301.2191
G1 X-6.48 Y-45.971 Z9.05 E1301.60737
G1 X-5.691 Y-45.783 Z9.052 E1301.9888
G1 X-4.986 Y-45.534 Z9.053 E1302.3404
G1 X-4.313 Y-45.213 Z9.054 E1302.69105
G1 X-3.686 Y-44.834 Z9.056 E1303.03559
G1 X-3.093 Y-44.398 Z9.057 E1303.38172
G1 X-1.991 Y-43.385 Z9.06 E1304.08563
G1 X-.917 Y-42.178 Z9.063 E1304.84542
G1 X0.565 Y-40.351 Z9.067 E1305.95172
G1 X1.296 Y-39.257 Z9.069 E1306.57047
G1 X2.096 Y-37.786 Z9.072 E1307.35791
G1 X2.724 Y-36.239 Z9.075 E1308.14307
G1 X3.217 Y-34.668 Z9.078 E1308.91738
G1 X4.173 Y-31.095 Z9.085 E1310.65674
G1 X4.467 Y-29.822 Z9.087 E1311.27114
G1 X4.646 Y-28.613 Z9.089 E1311.84589
G1 X4.739 Y-27.45 Z9.091 E1312.39455
G1 X4.773 Y-26.339 Z9.093 E1312.91726
G1 X4.777 Y-24.114 Z9.097 E1313.9636
G1 X4.802 Y-23.029 Z9.099 E1314.47397
G1 X4.881 Y-21.943 Z9.101 E1314.98603
G1 X5.041 Y-20.849 Z9.103 E1315.50597
G1 X5.312 Y-19.738 Z9.105 E1316.04376
G1 X5.723 Y-18.604 Z9.108 E1316.61098
G1 X6.303 Y-17.437 Z9.11 E1317.22382
G1 X6.995 Y-16.249 Z9.112 E1317.87037
G1 X7.506 Y-15.517 Z9.114 E1318.29018
G1 X8.078 Y-14.912 Z9.116 E1318.68172
G1 X8.762 Y-14.481 Z9.117 E1319.06191
G1 X9.618 Y-14.321 Z9.119 E1319.47143
G1 X10.825 Y-14.626 Z9.121 E1320.05688
G1 X11.398 Y-15.354 Z9.122 E1320.49256
G1 X11.734 Y-16.203 Z9.124 E1320.92194
G1 X12.202 Y-18.097 Z9.128 E1321.83941
G1 X12.928 Y-19.899 Z9.131 E1322.75302
G1 X13.284 Y-21.049 Z9.133 E1323.31914
G1 X13.553 Y-22.174 Z9.135 E1323.8631
G1 X13.767 Y-23.272 Z9.137 E1324.38917
G1 X14.149 Y-25.391 Z9.141 E1325.40172
G1 X14.38 Y-26.419 Z9.143 E1325.89721
G1 X14.673 Y-27.405 Z9.145 E1326.38093
G1 X15.058 Y-28.357 Z9.147 E1326.86385
G1 X15.564 Y-29.272 Z9.149 E1327.35555
G1 X16.23 Y-30.166 Z9.151 E1327.87981
G1 X17.076 Y-31.025 Z9.153 E1328.44678
G1 X17.797 Y-31.622 Z9.154 E1328.88699
G1 X18.527 Y-32.141 Z9.156 E1329.3082
G1 X19.268 Y-32.585 Z9.158 E1329.71443
G1 X20.014 Y-32.949 Z9.159 E1330.10478
G1 X20.766 Y-33.236 Z9.161 E1330.4833
G1 X21.543 Y-33.455 Z9.162 E1330.86294
G1 X22.333 Y-33.6 Z9.163 E1331.24065
G1 X23.141 Y-33.678 Z9.165 E1331.62239
G1 X23.979 Y-33.687 Z9.166 E1332.01649
G1 X24.845 Y-33.631 Z9.168 E1332.4246
G1 X25.743 Y-33.512 Z9.17 E1332.85058
G1 X26.649 Y-33.334 Z9.171 E1333.28479
G1 X27.618 Y-33.06 Z9.173 E1333.75834
G1 X28.464 Y-32.697 Z9.175 E1334.19126
G1 X29.24 Y-32.202 Z9.176 E1334.62411
G1 X29.844 Y-31.632 Z9.178 E1335.01466
G1 X30.355 Y-30.923 Z9.179 E1335.42565
G1 X30.804 Y-29.98 Z9.181 E1335.91682
G1 X31.05 Y-29.114 Z9.183 E1336.34018
G1 X31.123 Y-28.299 Z9.184 E1336.72498
G1 X31.031 Y-27.451 Z9.186 E1337.1261
G1 X30.797 Y-26.642 Z9.187 E1337.52214
G1 X30.434 Y-25.832 Z9.189 E1337.93956
G1 X29.957 Y-25.002 Z9.191 E1338.38974
G1 X29.514 Y-24.426 Z9.192 E1338.73146
G1 X28.955 Y-23.947 Z9.193 E1339.07765
G1 X28.376 Y-23.59 Z9.195 E1339.39753
G1 X26.931 Y-22.843 Z9.198 E1340.16249
G1 X25.704 Y-22.017 Z9.2 E1340.85807
G1 X24.729 Y-21.422 Z9.202 E1341.39521
G1 X22.55 Y-20.256 Z9.207 E1342.55741
G1 X21.178 Y-19.393 Z9.21 E1343.31963
G1 X20.066 Y-18.451 Z9.212 E1344.00498
G1 X19.32 Y-17.634 Z9.214 E1344.52526
G1 X18.152 Y-15.95 Z9.218 E1345.48902
G1 X17.666 Y-15.144 Z9.22 E1345.93163
G1 X17.304 Y-14.293 Z9.221 E1346.36653
G1 X17.211 Y-13.176 Z9.223 E1346.89363
G1 X17.702 Y-12.305 Z9.225 E1347.36383
G1 X18.452 Y-11.671 Z9.227 E1347.82566
G1 X19.347 Y-11.497 Z9.228 E1348.25443
G1 X20.253 Y-11.622 Z9.23 E1348.68452
G1 X21.198 Y-11.929 Z9.232 E1349.15179
G1 X22.668 Y-12.524 Z9.235 E1349.89756
G1 X23.71 Y-12.933 Z9.237 E1350.42397
G1 X24.255 Y-13.221 Z9.238 E1350.71385
G1 X25.226 Y-13.915 Z9.24 E1351.27512
G1 X26.599 Y-15.15 Z9.243 E1352.14356
G1 X27.451 Y-15.793 Z9.245 E1352.64552
G1 X28.443 Y-16.326 Z9.247 E1353.1751
G1 X29.49 Y-16.745 Z9.249 E1353.70543
G1 X30.467 Y-17.071 Z9.251 E1354.18978
G1 X31.637 Y-17.366 Z9.253 E1354.75721
G1 X32.85 Y-17.52 Z9.256 E1355.33222
G1 X33.938 Y-17.58 Z9.257 E1355.84464
G1 X36.136 Y-17.601 Z9.261 E1356.87833
G1 X37.631 Y-17.573 Z9.264 E1357.5815
G1 X39.042 Y-17.446 Z9.267 E1358.24773
G1 X40.356 Y-17.171 Z9.269 E1358.87904
G1 X41.045 Y-16.949 Z9.27 E1359.21946
G1 X41.695 Y-16.682 Z9.272 E1359.54992
G1 X42.402 Y-16.326 Z9.273 E1359.92216
G1 X43.081 Y-15.921 Z9.274 E1360.29396
G1 X43.792 Y-15.413 Z9.276 E1360.70489
G1 X44.359 Y-14.898 Z9.277 E1361.0651
G1 X44.839 Y-14.321 Z9.279 E1361.41806
G1 X45.233 Y-13.674 Z9.28 E1361.7743
G1 X45.668 Y-12.582 Z9.282 E1362.32707
G1 X45.916 Y-11.629 Z9.284 E1362.79016
G1 X46.078 Y-10.641 Z9.286 E1363.26099
G1 X46.115 Y-9.704 Z9.287 E1363.70197
G1 X46.021 Y-8.802 Z9.289 E1364.12845
G1 X45.782 Y-7.874 Z9.291 E1364.57909
G1 X45.63 Y-7.469 Z9.292 E1364.78252
G1 X45.163 Y-6.492 Z9.294 E1365.29176
G1 X44.35 Y-5.153 Z9.296 E1366.02842
G1 X43.481 Y-4.041 Z9.299 E1366.6921
G1 X42.518 Y-3.117 Z9.301 E1367.31971
G1 X41.426 Y-2.358 Z9.304 E1367.9451
G1 X40.186 Y-1.748 Z9.306 E1368.59497
G1 X38.684 Y-1.242 Z9.309 E1369.34031
G1 X37.896 Y-1.068 Z9.31 E1369.7198
G1 X37.139 Y-.984 Z9.312 E1370.07798
G1 X36.424 Y-.979 Z9.313 E1370.41423
G1 X35.716 Y-1.045 Z9.314 E1370.74862
G1 X34.139 Y-1.384 Z9.317 E1371.50717
G1 X31.806 Y-2.104 Z9.322 E1372.65535
G1 X30.73 Y-2.365 Z9.324 E1373.17603
G1 X29.899 Y-2.521 Z9.325 E1373.57365
G1 X28.261 Y-2.853 Z9.328 E1374.35961
G1 X26.713 Y-3.289 Z9.331 E1375.1159
G1 X25.233 Y-3.796 Z9.334 E1375.8516
G1 X23.823 Y-4.333 Z9.337 E1376.56113
G1 X22.453 Y-4.868 Z9.339 E1377.25277
G1 X21.098 Y-5.366 Z9.342 E1377.93166
G1 X19.749 Y-5.791 Z9.344 E1378.59678
G1 X18.386 Y-6.104 Z9.347 E1379.25444
G1 X16.994 Y-6.269 Z9.349 E1379.91363
G1 X15.556 Y-6.247 Z9.352 E1380.58995
G1 X14.059 Y-6.001 Z9.355 E1381.30338
G1 X12.466 Y-5.486 Z9.358 E1382.09068
G1 X11.711 Y-5.12 Z9.359 E1382.48525
G1 X10.787 Y-4.431 Z9.361 E1383.02728
G1 X10.153 Y-3.554 Z9.363 E1383.53619
G1 X9.907 Y-2.784 Z9.365 E1383.91632
G1 X9.865 Y-2.017 Z9.366 E1384.27755
G1 X10 Y-1.132 Z9.368 E1384.69855
G1 X10.257 Y-.397 Z9.369 E1385.06472
G1 X10.629 Y0.242 Z9.37 E1385.41243
G1 X11.091 Y0.796 Z9.372 E1385.75166
G1 X11.627 Y1.289 Z9.373 E1386.09413
G1 X12.422 Y1.885 Z9.375 E1386.56138
G1 X14.7 Y3.287 Z9.38 E1387.81928
G1 X15.595 Y3.936 Z9.382 E1388.33917
G1 X16.906 Y5.061 Z9.385 E1389.15157
G1 X18.125 Y5.973 Z9.387 E1389.8675
G1 X20.256 Y7.388 Z9.392 E1391.07044
G1 X21.533 Y8.431 Z9.395 E1391.84582
G1 X22.036 Y8.944 Z9.396 E1392.18368
G1 X22.524 Y9.534 Z9.398 E1392.54375
G1 X22.99 Y10.206 Z9.399 E1392.92831
G1 X23.834 Y11.626 Z9.402 E1393.70514
G1 X24.509 Y12.994 Z9.405 E1394.42251
G1 X25.005 Y14.363 Z9.407 E1395.10725
G1 X25.296 Y15.722 Z9.41 E1395.76083
G1 X25.373 Y16.457 Z9.411 E1396.10837
G1 X25.399 Y17.214 Z9.413 E1396.46457
G1 X25.365 Y18.328 Z9.415 E1396.98869
G1 X25.099 Y20.37 Z9.418 E1397.95708
G1 X24.842 Y21.661 Z9.421 E1398.57611
G1 X24.624 Y22.521 Z9.422 E1398.99332
G1 X24.359 Y23.341 Z9.424 E1399.39858
G1 X24.036 Y24.121 Z9.425 E1399.79559
G1 X23.655 Y24.844 Z9.427 E1400.17991
G1 X23.197 Y25.53 Z9.428 E1400.56781
G1 X22.668 Y26.15 Z9.43 E1400.95108
G1 X22.046 Y26.721 Z9.431 E1401.34814
G1 X21.335 Y27.23 Z9.433 E1401.75935
G1 X20.505 Y27.687 Z9.435 E1402.20493
G1 X19.906 Y27.937 Z9.436 E1402.51016
G1 X19.309 Y28.113 Z9.437 E1402.80286
G1 X18.721 Y28.216 Z9.438 E1403.08358
G1 X18.142 Y28.248 Z9.439 E1403.35628
G1 X17.566 Y28.216 Z9.44 E1403.62757
G1 X17.003 Y28.12 Z9.441 E1403.89615
G1 X16.444 Y27.967 Z9.442 E1404.1687
G1 X15.888 Y27.757 Z9.443 E1404.44819
G1 X14.794 Y27.19 Z9.445 E1405.02766
G1 X13.672 Y26.413 Z9.448 E1405.66946
G1 X12.296 Y25.195 Z9.451 E1406.53364
G1 X11.19 Y23.896 Z9.454 E1407.33594
G1 X10.311 Y22.521 Z9.457 E1408.10338
G1 X9.621 Y21.093 Z9.46 E1408.84921
G1 X9.06 Y19.587 Z9.463 E1409.60497
G1 X8.605 Y18.075 Z9.466 E1410.34751
G1 X7.752 Y14.858 Z9.472 E1411.91263
G1 X7.273 Y13.211 Z9.475 E1412.71924
G1 X6.691 Y11.542 Z9.478 E1413.55047
G1 X5.959 Y9.857 Z9.481 E1414.4144
G1 X5.029 Y8.172 Z9.485 E1415.31948
G1 X4.589 Y7.441 Z9.486 E1415.72071
G1 X3.155 Y4.905 Z9.491 E1417.09076
G1 X2.217 Y3.486 Z9.494 E1417.89068
G1 X1.277 Y2.4 Z9.497 E1418.56613
G1 X0.687 Y1.861 Z9.498 E1418.94194
G1 X0.02 Y1.351 Z9.5 E1419.33679
;TIME_ELAPSED:335.458106
;LAYER:9
;TYPE:WALL-OUTER
;MESH:030.stl
G1 X-1.617 Y0.377 Z9.503 E1420.23257
G1 X-2.557 Y-0.067 Z9.505 E1420.72145
G1 X-3.481 Y-.371 Z9.507 E1421.17889
G1 X-4.418 Y-.49 Z9.509 E1421.62306
G1 X-5.316 Y-.377 Z9.51 E1422.04869
G1 X-5.882 Y-.184 Z9.511 E1422.32991
G1 X-6.702 Y0.277 Z9.513 E1422.77229
G1 X-7.297 Y0.855 Z9.515 E1423.16239
G1 X-7.717 Y1.561 Z9.516 E1423.5487
G1 X-8.012 Y2.649 Z9.518 E1424.07882
G1 X-8.085 Y3.517 Z9.52 E1424.48845
G1 X-8.083 Y4.396 Z9.521 E1424.90182
G1 X-7.823 Y6.597 Z9.525 E1425.94407
G1 X-7.238 Y8.681 Z9.529 E1426.96198
G1 X-6.387 Y10.679 Z9.533 E1427.98324
G1 X-5.326 Y12.626 Z9.537 E1429.02597
G1 X-4.111 Y14.547 Z9.541 E1430.09488
G1 X-2.794 Y16.474 Z9.545 E1431.1925
G1 X-1.441 Y18.423 Z9.55 E1432.30825
G1 X-0.077 Y20.461 Z9.554 E1433.4615
G1 X1.212 Y22.57 Z9.558 E1434.62386
G1 X2.386 Y24.801 Z9.563 E1435.80942
G1 X3.391 Y27.182 Z9.568 E1437.02477
G1 X4.177 Y29.746 Z9.572 E1438.28591
G1 X4.494 Y30.982 Z9.575 E1438.88597
G1 X5.121 Y33.344 Z9.579 E1440.03521
G1 X5.388 Y34.437 Z9.581 E1440.56432
G1 X5.614 Y35.528 Z9.583 E1441.08827
G1 X5.78 Y36.607 Z9.585 E1441.60166
G1 X5.867 Y37.66 Z9.587 E1442.09853
G1 X5.861 Y38.715 Z9.589 E1442.59467
G1 X5.748 Y39.764 Z9.591 E1443.09083
G1 X5.511 Y40.84 Z9.593 E1443.60897
G1 X5.136 Y41.935 Z9.595 E1444.15327
G1 X4.609 Y43.05 Z9.597 E1444.73323
G1 X4.045 Y43.924 Z9.599 E1445.22239
G1 X3.732 Y44.289 Z9.6 E1445.4485
G1 X3.043 Y44.895 Z9.601 E1445.88001
G1 X2.261 Y45.354 Z9.603 E1446.30643
G1 X1.85 Y45.525 Z9.604 E1446.51577
G1 X0.882 Y45.803 Z9.606 E1446.98938
G1 X-.164 Y45.965 Z9.608 E1447.48714
G1 X-1.517 Y46.074 Z9.61 E1448.12547
G1 X-2.834 Y46.117 Z9.612 E1448.74514
G1 X-4.135 Y46.086 Z9.615 E1449.35713
G1 X-5.378 Y45.971 Z9.617 E1449.94417
G1 X-6.583 Y45.766 Z9.619 E1450.51898
G1 X-7.721 Y45.466 Z9.621 E1451.07242
G1 X-8.827 Y45.054 Z9.623 E1451.62745
G1 X-9.877 Y44.531 Z9.625 E1452.17909
G1 X-10.874 Y43.885 Z9.628 E1452.73776
G1 X-11.816 Y43.11 Z9.63 E1453.3114
G1 X-12.708 Y42.19 Z9.632 E1453.91402
G1 X-13.536 Y41.13 Z9.634 E1454.54655
G1 X-14.751 Y39.124 Z9.639 E1455.64944
G1 X-15.596 Y37.14 Z9.643 E1456.66355
G1 X-16.119 Y35.155 Z9.646 E1457.62888
G1 X-16.36 Y33.172 Z9.65 E1458.56828
G1 X-16.37 Y31.166 Z9.653 E1459.51164
G1 X-16.19 Y29.136 Z9.657 E1460.47002
G1 X-15.866 Y27.066 Z9.661 E1461.45532
G1 X-15.442 Y24.95 Z9.665 E1462.47018
G1 X-14.475 Y20.505 Z9.673 E1464.6094
G1 X-14.025 Y18.171 Z9.677 E1465.72721
G1 X-13.595 Y15.32 Z9.682 E1467.0831
G1 X-13.375 Y14.607 Z9.684 E1467.434
G1 X-13.092 Y13.916 Z9.685 E1467.78515
G1 X-12.252 Y12.292 Z9.688 E1468.64497
G1 X-11.869 Y11.14 Z9.691 E1469.21587
G1 X-11.864 Y10.118 Z9.692 E1469.69649
G1 X-12.055 Y9.427 Z9.694 E1470.03363
G1 X-12.403 Y8.702 Z9.695 E1470.41181
G1 X-12.881 Y8.085 Z9.697 E1470.77885
G1 X-13.466 Y7.598 Z9.698 E1471.13681
G1 X-14.146 Y7.235 Z9.699 E1471.4993
G1 X-14.908 Y6.985 Z9.701 E1471.87643
G1 X-15.723 Y6.834 Z9.702 E1472.26622
G1 X-16.476 Y6.777 Z9.704 E1472.62134
G1 X-17.201 Y6.801 Z9.705 E1472.96247
G1 X-18.407 Y7.044 Z9.707 E1473.54101
G1 X-19.549 Y7.515 Z9.709 E1474.12193
G1 X-20.651 Y8.139 Z9.712 E1474.71748
G1 X-22.374 Y9.231 Z9.715 E1475.67677
G1 X-23.017 Y9.617 Z9.717 E1476.02945
G1 X-23.933 Y10.193 Z9.719 E1476.5383
G1 X-25.099 Y11.049 Z9.721 E1477.21853
G1 X-26.35 Y12.206 Z9.724 E1478.01987
G1 X-28.452 Y14.342 Z9.73 E1479.42916
G1 X-29.39 Y15.172 Z9.732 E1480.01817
G1 X-30.142 Y15.762 Z9.734 E1480.46766
G1 X-30.951 Y16.31 Z9.735 E1480.92717
G1 X-31.89 Y16.848 Z9.737 E1481.43609
G1 X-33.562 Y17.709 Z9.741 E1482.3205
G1 X-34.613 Y18.182 Z9.743 E1482.8625
G1 X-35.645 Y18.531 Z9.745 E1483.37481
G1 X-36.757 Y18.747 Z9.747 E1483.90752
G1 X-37.915 Y18.789 Z9.749 E1484.45244
G1 X-38.544 Y18.743 Z9.75 E1484.74903
G1 X-39.955 Y18.534 Z9.752 E1485.41981
G1 X-41.25 Y18.204 Z9.755 E1486.04827
G1 X-42.365 Y17.747 Z9.757 E1486.61495
G1 X-43.388 Y17.116 Z9.759 E1487.18018
G1 X-43.883 Y16.712 Z9.76 E1487.48065
G1 X-44.344 Y16.266 Z9.761 E1487.78229
G1 X-44.79 Y15.758 Z9.763 E1488.1002
G1 X-45.51 Y14.729 Z9.765 E1488.69079
G1 X-45.726 Y14.291 Z9.766 E1488.92045
G1 X-45.998 Y13.421 Z9.767 E1489.34911
G1 X-46.065 Y13 Z9.768 E1489.54959
G1 X-46.121 Y11.885 Z9.77 E1490.07459
G1 X-46.046 Y9.823 Z9.774 E1491.04492
G1 X-46.065 Y8.479 Z9.776 E1491.67702
G1 X-45.971 Y7.768 Z9.778 E1492.01429
G1 X-45.844 Y7.399 E1492.1978
G1 X-45.645 Y7.012 Z9.779 E1492.40245
G1 X-45.407 Y6.672 Z9.78 E1492.59762
G1 X-45.152 Y6.4 Z9.781 E1492.77295
G1 X-44.769 Y6.081 E1493.00735
G1 X-43.521 Y5.257 Z9.784 E1493.71063
G1 X-42.639 Y4.724 Z9.786 E1494.19525
G1 X-41.789 Y4.277 Z9.788 E1494.64688
G1 X-40.056 Y3.551 Z9.791 E1495.53048
G1 X-38.531 Y3.03 Z9.794 E1496.28833
G1 X-37.167 Y2.612 Z9.797 E1496.95921
G1 X-35.871 Y2.262 Z9.799 E1497.59051
G1 X-34.611 Y1.969 Z9.801 E1498.19885
G1 X-33.442 Y1.733 Z9.803 E1498.75968
G1 X-32.281 Y1.529 Z9.806 E1499.31402
G1 X-31.117 Y1.346 Z9.808 E1499.86814
G1 X-27.563 Y0.817 Z9.814 E1501.55787
G1 X-26.294 Y0.606 Z9.816 E1502.16283
G1 X-24.962 Y0.357 Z9.819 E1502.80007
G1 X-23.565 Y0.061 Z9.821 E1503.47162
G1 X-22.637 Y-0.089 Z9.823 E1503.91369
G1 X-21.376 Y-.171 Z9.825 E1504.50794
G1 X-18.266 Y-0.065 Z9.831 E1505.97131
G1 X-17.178 Y-.132 Z9.833 E1506.48393
G1 X-16.398 Y-.269 Z9.834 E1506.85635
G1 X-15.682 Y-.526 Z9.836 E1507.2141
G1 X-15.045 Y-.946 Z9.837 E1507.57291
G1 X-14.503 Y-1.585 Z9.839 E1507.96695
G1 X-14.011 Y-2.779 Z9.841 E1508.57424
G1 X-14.093 Y-3.681 Z9.843 E1509.00017
G1 X-14.485 Y-4.385 Z9.844 E1509.3791
G1 X-14.828 Y-4.782 Z9.845 E1509.62582
G1 X-15.501 Y-5.353 Z9.846 E1510.04088
G1 X-16.319 Y-5.877 Z9.848 E1510.49771
G1 X-17.169 Y-6.335 Z9.85 E1510.95177
G1 X-18.082 Y-6.718 Z9.852 E1511.41737
G1 X-18.967 Y-6.937 Z9.853 E1511.84611
G1 X-19.829 Y-7.022 Z9.855 E1512.25344
G1 X-20.671 Y-7.003 Z9.856 E1512.6495
G1 X-21.647 Y-6.896 Z9.858 E1513.11123
G1 X-23.99 Y-6.482 Z9.862 E1514.23013
G1 X-24.835 Y-6.379 Z9.864 E1514.63045
G1 X-25.72 Y-6.34 Z9.866 E1515.04704
G1 X-26.618 Y-6.393 Z9.867 E1515.47007
G1 X-28.27 Y-6.729 Z9.87 E1516.26285
G1 X-30.044 Y-7.114 Z9.874 E1517.11652
G1 X-31.502 Y-7.552 Z9.876 E1517.83244
G1 X-32.025 Y-7.774 Z9.877 E1518.09963
G1 X-32.546 Y-8.06 Z9.878 E1518.37912
G1 X-33.028 Y-8.404 Z9.879 E1518.6576
G1 X-33.471 Y-8.818 Z9.88 E1518.94273
G1 X-33.87 Y-9.309 Z9.882 E1519.24026
G1 X-34.231 Y-9.899 Z9.883 E1519.56553
G1 X-34.556 Y-10.594 Z9.884 E1519.92634
G1 X-34.789 Y-11.267 Z9.886 E1520.26126
G1 X-34.949 Y-11.96 Z9.887 E1520.59572
G1 X-35.027 Y-12.633 Z9.888 E1520.91433
G1 X-35.032 Y-13.304 Z9.889 E1521.22989
G1 X-34.963 Y-13.967 Z9.89 E1521.54336
G1 X-34.824 Y-14.637 Z9.892 E1521.86514
G1 X-34.621 Y-15.29 Z9.893 E1522.18672
G1 X-34.353 Y-15.937 Z9.894 E1522.51605
G1 X-34.02 Y-16.588 Z9.895 E1522.85992
G1 X-33.185 Y-17.857 Z9.898 E1523.57429
G1 X-32.51 Y-18.69 Z9.9 E1524.07848
G1 X-31.822 Y-19.42 Z9.902 E1524.55022
G1 X-31.075 Y-20.09 Z9.904 E1525.0221
G1 X-30.332 Y-20.647 Z9.905 E1525.45879
G1 X-29.536 Y-21.133 Z9.907 E1525.89738
G1 X-28.707 Y-21.536 Z9.909 E1526.33085
G1 X-27.852 Y-21.853 Z9.91 E1526.75967
G1 X-26.955 Y-22.093 Z9.912 E1527.19634
G1 X-26.016 Y-22.253 Z9.914 E1527.64428
G1 X-25.036 Y-22.336 Z9.915 E1528.10679
G1 X-24.028 Y-22.341 Z9.917 E1528.58082
G1 X-22.956 Y-22.267 Z9.919 E1529.08615
G1 X-22.059 Y-22.12 Z9.921 E1529.5136
G1 X-21.252 Y-21.878 Z9.922 E1529.9098
G1 X-20.515 Y-21.549 Z9.924 E1530.28935
G1 X-19.854 Y-21.157 Z9.925 E1530.65075
G1 X-19.226 Y-20.692 Z9.927 E1531.01822
G1 X-18.417 Y-19.991 Z9.929 E1531.52162
G1 X-16.43 Y-17.972 Z9.934 E1532.85376
G1 X-15.54 Y-17.163 Z9.936 E1533.41937
G1 X-14.127 Y-16.016 Z9.939 E1534.27522
G1 X-12.932 Y-14.881 Z9.942 E1535.05027
G1 X-11.075 Y-12.901 Z9.947 E1536.32683
G1 X-9.78 Y-11.781 Z9.95 E1537.13199
G1 X-9.11 Y-11.33 Z9.951 E1537.5118
G1 X-8.387 Y-10.931 Z9.953 E1537.90014
G1 X-7.569 Y-10.578 Z9.955 E1538.31911
G1 X-6.477 Y-10.185 Z9.957 E1538.86488
G1 X-5.436 Y-9.884 Z9.959 E1539.37448
G1 X-4.419 Y-9.712 Z9.96 E1539.85953
G1 X-3.408 Y-9.711 Z9.962 E1540.33497
G1 X-2.383 Y-9.917 Z9.964 E1540.82663
G1 X-1.337 Y-10.368 Z9.966 E1541.3623
G1 X-.406 Y-10.96 Z9.968 E1541.88113
G1 X0.363 Y-11.642 Z9.97 E1542.3645
G1 X0.97 Y-12.424 Z9.972 E1542.83003
G1 X1.401 Y-13.307 Z9.974 E1543.2921
G1 X1.646 Y-14.29 Z9.975 E1543.76851
G1 X1.698 Y-15.345 Z9.977 E1544.26524
G1 X1.56 Y-16.555 Z9.979 E1544.83795
G1 X1.264 Y-17.603 Z9.981 E1545.35007
G1 X0.83 Y-18.538 Z9.983 E1545.83482
G1 X0.283 Y-19.384 Z9.985 E1546.30859
G1 X-.359 Y-20.16 Z9.987 E1546.78221
G1 X-1.224 Y-21.05 Z9.989 E1547.36586
G1 X-3.417 Y-23.041 Z9.994 E1548.75877
G1 X-4.239 Y-23.852 Z9.996 E1549.3018
G1 X-4.995 Y-24.695 Z9.998 E1549.8343
G1 X-5.738 Y-25.669 Z10.001 E1550.41039
G1 X-6.473 Y-26.687 Z10.003 E1551.00086
G1 X-7.22 Y-27.642 Z10.005 E1551.57103
G1 X-7.956 Y-28.53 Z10.007 E1552.11342
G1 X-9.381 Y-30.203 Z10.011 E1553.14688
G1 X-10.047 Y-31.014 Z10.013 E1553.64038
G1 X-10.669 Y-31.829 Z10.015 E1554.12252
G1 X-11.264 Y-32.696 Z10.017 E1554.61701
G1 X-11.801 Y-33.601 Z10.019 E1555.11189
G1 X-12.294 Y-34.595 Z10.021 E1555.63367
G1 X-12.729 Y-35.682 Z10.023 E1556.18426
G1 X-13.095 Y-36.874 Z10.025 E1556.77064
G1 X-13.408 Y-38.129 Z10.027 E1557.3789
G1 X-13.619 Y-39.278 Z10.029 E1557.92827
G1 X-13.698 Y-40.422 Z10.031 E1558.46753
G1 X-13.599 Y-41.463 Z10.033 E1558.95929
G1 X-13.467 Y-41.999 Z10.034 E1559.21888
G1 X-13.278 Y-42.525 Z10.035 E1559.48172
G1 X-13.021 Y-43.056 Z10.036 E1559.75914
G1 X-12.694 Y-43.59 Z10.038 E1560.05361
G1 X-12 Y-44.46 Z10.04 E1560.57696
G1 X-11.234 Y-45.136 Z10.041 E1561.0574
G1 X-10.381 Y-45.637 Z10.043 E1561.52261
G1 X-9.926 Y-45.819 Z10.044 E1561.75306
G1 X-8.948 Y-46.054 Z10.046 E1562.22607
G1 X-8.468 Y-46.103 Z10.047 E1562.45297
G1 X-7.298 Y-46.083 Z10.049 E1563.00326
G1 X-6.48 Y-45.971 Z10.05 E1563.39153
G1 X-5.691 Y-45.783 Z10.052 E1563.77295
G1 X-4.986 Y-45.534 Z10.053 E1564.12456
G1 X-4.313 Y-45.213 Z10.054 E1564.47521
G1 X-3.686 Y-44.834 Z10.056 E1564.81975
G1 X-3.093 Y-44.398 Z10.057 E1565.16588
G1 X-1.991 Y-43.385 Z10.06 E1565.86979
G1 X-.917 Y-42.178 Z10.063 E1566.62958
G1 X0.565 Y-40.351 Z10.067 E1567.73587
G92 E0
G1 X1.296 Y-39.257 Z10.069 E0.61875
G1 X2.096 Y-37.786 Z10.072 E1.40619
G1 X2.724 Y-36.239 Z10.075 E2.19135
G1 X3.217 Y-34.668 Z10.078 E2.96566
G1 X4.173 Y-31.095 Z10.085 E4.70502
G1 X4.467 Y-29.822 Z10.087 E5.31943
G1 X4.646 Y-28.613 Z10.089 E5.89417
G1 X4.739 Y-27.45 Z10.091 E6.44284
G1 X4.773 Y-26.339 Z10.093 E6.96555
G1 X4.777 Y-24.114 Z10.097 E8.01189
G1 X4.802 Y-23.029 Z10.099 E8.52226
G1 X4.881 Y-21.943 Z10.101 E9.03432
G1 X5.041 Y-20.849 Z10.103 E9.55426
G1 X5.312 Y-19.738 Z10.105 E10.09204
G1 X5.723 Y-18.604 Z10.108 E10.65927
G1 X6.303 Y-17.437 Z10.11 E11.27211
G1 X6.995 Y-16.249 Z10.112 E11.91865
G1 X7.506 Y-15.517 Z10.114 E12.33846
G1 X8.078 Y-14.912 Z10.116 E12.73
G1 X8.762 Y-14.481 Z10.117 E13.1102
G1 X9.618 Y-14.321 Z10.119 E13.51971
G1 X10.825 Y-14.626 Z10.121 E14.10517
G1 X11.398 Y-15.354 Z10.122 E14.54084
G1 X11.734 Y-16.203 Z10.124 E14.97023
G1 X12.202 Y-18.097 Z10.128 E15.8877
G1 X12.928 Y-19.899 Z10.131 E16.8013
G1 X13.284 Y-21.049 Z10.133 E17.36743
G1 X13.553 Y-22.174 Z10.135 E17.91139
G1 X13.767 Y-23.272 Z10.137 E18.43746
G1 X14.149 Y-25.391 Z10.141 E19.45001
G1 X14.38 Y-26.419 Z10.143 E19.9455
G1 X14.673 Y-27.405 Z10.145 E20.42922
G1 X15.058 Y-28.357 Z10.147 E20.91213
G1 X15.564 Y-29.272 Z10.149 E21.40384
G1 X16.23 Y-30.166 Z10.151 E21.92809
G1 X17.076 Y-31.025 Z10.153 E22.49507
G1 X17.797 Y-31.622 Z10.154 E22.93527
G1 X18.527 Y-32.141 Z10.156 E23.35648
G1 X19.268 Y-32.585 Z10.158 E23.76272
G1 X20.014 Y-32.949 Z10.159 E24.15307
G1 X20.766 Y-33.236 Z10.161 E24.53159
G1 X21.543 Y-33.455 Z10.162 E24.91122
G1 X22.333 Y-33.6 Z10.163 E25.28893
G1 X23.141 Y-33.678 Z10.165 E25.67068
G1 X23.979 Y-33.687 Z10.166 E26.06478
G1 X24.845 Y-33.631 Z10.168 E26.47288
G1 X25.743 Y-33.512 Z10.17 E26.89887
G1 X26.649 Y-33.334 Z10.171 E27.33307
G1 X27.618 Y-33.06 Z10.173 E27.80663
G1 X28.464 Y-32.697 Z10.175 E28.23955
G1 X29.24 Y-32.202 Z10.176 E28.6724
G1 X29.844 Y-31.632 Z10.178 E29.06295
G1 X30.355 Y-30.923 Z10.179 E29.47394
G1 X30.804 Y-29.98 Z10.181 E29.9651
G1 X31.05 Y-29.114 Z10.183 E30.38846
G1 X31.123 Y-28.299 Z10.184 E30.77326
G1 X31.031 Y-27.451 Z10.186 E31.17439
G1 X30.797 Y-26.642 Z10.187 E31.57043
G1 X30.434 Y-25.832 Z10.189 E31.98784
G1 X29.957 Y-25.002 Z10.191 E32.43803
G1 X29.514 Y-24.426 Z10.192 E32.77975
G1 X28.955 Y-23.947 Z10.193 E33.12594
G1 X28.376 Y-23.59 Z10.195 E33.44582
G1 X26.931 Y-22.843 Z10.198 E34.21078
G1 X25.704 Y-22.017 Z10.2 E34.90636
G1 X24.729 Y-21.422 Z10.202 E35.4435
G1 X22.55 Y-20.256 Z10.207 E36.60569
G1 X21.178 Y-19.393 Z10.21 E37.36792
G1 X20.066 Y-18.451 Z10.212 E38.05327
G1 X19.32 Y-17.634 Z10.214 E38.57354
G1 X18.152 Y-15.95 Z10.218 E39.53731
G1 X17.666 Y-15.144 Z10.22 E39.97991
G1 X17.304 Y-14.293 Z10.221 E40.41481
G1 X17.211 Y-13.176 Z10.223 E40.94192
G1 X17.702 Y-12.305 Z10.225 E41.41211
G1 X18.452 Y-11.671 Z10.227 E41.87395
G1 X19.347 Y-11.497 Z10.228 E42.30271
G1 X20.253 Y-11.622 Z10.23 E42.73281
G1 X21.198 Y-11.929 Z10.232 E43.20007
G1 X22.668 Y-12.524 Z10.235 E43.94584
G1 X23.71 Y-12.933 Z10.237 E44.47225
G1 X24.255 Y-13.221 Z10.238 E44.76213
G1 X25.226 Y-13.915 Z10.24 E45.3234
G1 X26.599 Y-15.15 Z10.243 E46.19184
G1 X27.451 Y-15.793 Z10.245 E46.69381
G1 X28.443 Y-16.326 Z10.247 E47.22338
G1 X29.49 Y-16.745 Z10.249 E47.75371
G1 X30.467 Y-17.071 Z10.251 E48.23806
G1 X31.637 Y-17.366 Z10.253 E48.80549
G1 X32.85 Y-17.52 Z10.256 E49.3805
G1 X33.938 Y-17.58 Z10.257 E49.89293
G1 X36.136 Y-17.601 Z10.261 E50.92662
G1 X37.631 Y-17.573 Z10.264 E51.62979
G1 X39.042 Y-17.446 Z10.267 E52.29601
G1 X40.356 Y-17.171 Z10.269 E52.92733
G1 X41.045 Y-16.949 Z10.27 E53.26775
G1 X41.695 Y-16.682 Z10.272 E53.5982
G1 X42.402 Y-16.326 Z10.273 E53.97045
G1 X43.081 Y-15.921 Z10.274 E54.34225
G1 X43.792 Y-15.413 Z10.276 E54.75318
G1 X44.359 Y-14.898 Z10.277 E55.11339
G1 X44.839 Y-14.321 Z10.279 E55.46635
G1 X45.233 Y-13.674 Z10.28 E55.82258
G1 X45.668 Y-12.582 Z10.282 E56.37536
G1 X45.916 Y-11.629 Z10.284 E56.83845
G1 X46.078 Y-10.641 Z10.286 E57.30927
G1 X46.115 Y-9.704 Z10.287 E57.75025
G1 X46.021 Y-8.802 Z10.289 E58.17673
G1 X45.782 Y-7.874 Z10.291 E58.62738
G1 X45.63 Y-7.469 Z10.292 E58.83081
G1 X45.163 Y-6.492 Z10.294 E59.34004
G1 X44.35 Y-5.153 Z10.296 E60.07671
G1 X43.481 Y-4.041 Z10.299 E60.74038
G1 X42.518 Y-3.117 Z10.301 E61.368
G1 X41.426 Y-2.358 Z10.304 E61.99339
G1 X40.186 Y-1.748 Z10.306 E62.64325
G1 X38.684 Y-1.242 Z10.309 E63.38859
G1 X37.896 Y-1.068 Z10.31 E63.76809
G1 X37.139 Y-.984 Z10.312 E64.12627
G1 X36.424 Y-.979 Z10.313 E64.46251
G1 X35.716 Y-1.045 Z10.314 E64.7969
G1 X34.139 Y-1.384 Z10.317 E65.55545
G1 X31.806 Y-2.104 Z10.322 E66.70364
G1 X30.73 Y-2.365 Z10.324 E67.22432
G1 X29.899 Y-2.521 Z10.325 E67.62193
G1 X28.261 Y-2.853 Z10.328 E68.40789
G1 X26.713 Y-3.289 Z10.331 E69.16418
G1 X25.233 Y-3.796 Z10.334 E69.89988
G1 X23.823 Y-4.333 Z10.337 E70.60942
G1 X22.453 Y-4.868 Z10.339 E71.30106
G1 X21.098 Y-5.366 Z10.342 E71.97994
G1 X19.749 Y-5.791 Z10.344 E72.64507
G1 X18.386 Y-6.104 Z10.347 E73.30272
G1 X16.994 Y-6.269 Z10.349 E73.96191
G1 X15.556 Y-6.247 Z10.352 E74.63823
G1 X14.059 Y-6.001 Z10.355 E75.35166
G1 X12.466 Y-5.486 Z10.358 E76.13897
G1 X11.711 Y-5.12 Z10.359 E76.53354
G1 X10.787 Y-4.431 Z10.361 E77.07557
G1 X10.153 Y-3.554 Z10.363 E77.58447
G1 X9.907 Y-2.784 Z10.365 E77.96461
G1 X9.865 Y-2.017 Z10.366 E78.32584
G1 X10 Y-1.132 Z10.368 E78.74684
G1 X10.257 Y-.397 Z10.369 E79.113
G1 X10.629 Y0.242 Z10.37 E79.46071
G1 X11.091 Y0.796 Z10.372 E79.79994
G1 X11.627 Y1.289 Z10.373 E80.14241
G1 X12.422 Y1.885 Z10.375 E80.60967
G1 X14.7 Y3.287 Z10.38 E81.86756
G1 X15.595 Y3.936 Z10.382 E82.38746
G1 X16.906 Y5.061 Z10.385 E83.19985
G1 X18.125 Y5.973 Z10.387 E83.91578
G1 X20.256 Y7.388 Z10.392 E85.11872
G1 X21.533 Y8.431 Z10.395 E85.8941
G1 X22.036 Y8.944 Z10.396 E86.23197
G1 X22.524 Y9.534 Z10.398 E86.59203
G1 X22.99 Y10.206 Z10.399 E86.9766
G1 X23.834 Y11.626 Z10.402 E87.75342
G1 X24.509 Y12.994 Z10.405 E88.4708
G1 X25.005 Y14.363 Z10.407 E89.15554
G1 X25.296 Y15.722 Z10.41 E89.80912
G1 X25.373 Y16.457 Z10.411 E90.15665
G1 X25.399 Y17.214 Z10.413 E90.51285
G1 X25.365 Y18.328 Z10.415 E91.03697
G1 X25.099 Y20.37 Z10.418 E92.00537
G1 X24.842 Y21.661 Z10.421 E92.62439
G1 X24.624 Y22.521 Z10.422 E93.04161
G1 X24.359 Y23.341 Z10.424 E93.44686
G1 X24.036 Y24.121 Z10.425 E93.84388
G1 X23.655 Y24.844 Z10.427 E94.2282
G1 X23.197 Y25.53 Z10.428 E94.61609
G1 X22.668 Y26.15 Z10.43 E94.99936
G1 X22.046 Y26.721 Z10.431 E95.39643
G1 X21.335 Y27.23 Z10.433 E95.80764
G1 X20.505 Y27.687 Z10.435 E96.25321
G1 X19.906 Y27.937 Z10.436 E96.55845
G1 X19.309 Y28.113 Z10.437 E96.85114
G1 X18.721 Y28.216 Z10.438 E97.13187
G1 X18.142 Y28.248 Z10.439 E97.40457
G1 X17.566 Y28.216 Z10.44 E97.67586
G1 X17.003 Y28.12 Z10.441 E97.94444
G1 X16.444 Y27.967 Z10.442 E98.21698
G1 X15.888 Y27.757 Z10.443 E98.49648
G1 X14.794 Y27.19 Z10.445 E99.07594
G1 X13.672 Y26.413 Z10.448 E99.71775
G1 X12.296 Y25.195 Z10.451 E100.58192
G1 X11.19 Y23.896 Z10.454 E101.38422
G1 X10.311 Y22.521 Z10.457 E102.15167
G1 X9.621 Y21.093 Z10.46 E102.89749
G1 X9.06 Y19.587 Z10.463 E103.65325
G1 X8.605 Y18.075 Z10.466 E104.39579
G1 X7.752 Y14.858 Z10.472 E105.96091
G1 X7.273 Y13.211 Z10.475 E106.76753
G1 X6.691 Y11.542 Z10.478 E107.59875
G1 X5.959 Y9.857 Z10.481 E108.46269
G1 X5.029 Y8.172 Z10.485 E109.36776
G1 X4.589 Y7.441 Z10.486 E109.769
G1 X3.155 Y4.905 Z10.491 E111.13905
G1 X2.217 Y3.486 Z10.494 E111.93897
G1 X1.277 Y2.4 Z10.497 E112.61441
G1 X0.687 Y1.861 Z10.498 E112.99022
G1 X0.02 Y1.351 Z10.5 E113.38507
;TIME_ELAPSED:349.399087
;LAYER:10
;TYPE:WALL-OUTER
;MESH:030.stl
G1 X-1.617 Y0.377 Z10.503 E114.28085
G1 X-2.557 Y-0.067 Z10.505 E114.76973
G1 X-3.481 Y-.371 Z10.507 E115.22717
G1 X-4.418 Y-.49 Z10.509 E115.67135
G1 X-5.316 Y-.377 Z10.51 E116.09698
G1 X-5.882 Y-.184 Z10.511 E116.3782
G1 X-6.702 Y0.277 Z10.513 E116.82058
G1 X-7.297 Y0.855 Z10.515 E117.21067
G1 X-7.717 Y1.561 Z10.516 E117.59699
G1 X-8.012 Y2.649 Z10.518 E118.12711
G1 X-8.085 Y3.517 Z10.52 E118.53674
G1 X-8.083 Y4.396 Z10.521 E118.9501
G1 X-7.823 Y6.597 Z10.525 E119.99235
G1 X-7.238 Y8.681 Z10.529 E121.01026
G1 X-6.387 Y10.679 Z10.533 E122.03153
G1 X-5.326 Y12.626 Z10.537 E123.07426
G1 X-4.111 Y14.547 Z10.541 E124.14316
G1 X-2.794 Y16.474 Z10.545 E125.24079
G1 X-1.441 Y18.423 Z10.55 E126.35654
G1 X-0.077 Y20.461 Z10.554 E127.50978
G1 X1.212 Y22.57 Z10.558 E128.67214
G1 X2.386 Y24.801 Z10.563 E129.8577
G1 X3.391 Y27.182 Z10.568 E131.07306
G1 X4.177 Y29.746 Z10.572 E132.3342
G1 X4.494 Y30.982 Z10.575 E132.93426
G1 X5.121 Y33.344 Z10.579 E134.08349
G1 X5.388 Y34.437 Z10.581 E134.61261
G1 X5.614 Y35.528 Z10.583 E135.13656
G1 X5.78 Y36.607 Z10.585 E135.64994
G1 X5.867 Y37.66 Z10.587 E136.14682
G1 X5.861 Y38.715 Z10.589 E136.64296
G1 X5.748 Y39.764 Z10.591 E137.13912
G1 X5.511 Y40.84 Z10.593 E137.65725
G1 X5.136 Y41.935 Z10.595 E138.20155
G1 X4.609 Y43.05 Z10.597 E138.78151
G1 X4.045 Y43.924 Z10.599 E139.27067
G1 X3.732 Y44.289 Z10.6 E139.49679
G1 X3.043 Y44.895 Z10.601 E139.9283
G1 X2.261 Y45.354 Z10.603 E140.35471
G1 X1.85 Y45.525 Z10.604 E140.56405
G1 X0.882 Y45.803 Z10.606 E141.03767
G1 X-.164 Y45.965 Z10.608 E141.53543
G1 X-1.517 Y46.074 Z10.61 E142.17376
G1 X-2.834 Y46.117 Z10.612 E142.79343
G1 X-4.135 Y46.086 Z10.615 E143.40542
G1 X-5.378 Y45.971 Z10.617 E143.99245
G1 X-6.583 Y45.766 Z10.619 E144.56726
G1 X-7.721 Y45.466 Z10.621 E145.12071
G1 X-8.827 Y45.054 Z10.623 E145.67573
G1 X-9.877 Y44.531 Z10.625 E146.22737
G1 X-10.874 Y43.885 Z10.628 E146.78605
G1 X-11.816 Y43.11 Z10.63 E147.35969
G1 X-12.708 Y42.19 Z10.632 E147.9623
G1 X-13.536 Y41.13 Z10.634 E148.59483
G1 X-14.751 Y39.124 Z10.639 E149.69773
G1 X-15.596 Y37.14 Z10.643 E150.71183
G1 X-16.119 Y35.155 Z10.646 E151.67716
G1 X-16.36 Y33.172 Z10.65 E152.61656
G1 X-16.37 Y31.166 Z10.653 E153.55992
G1 X-16.19 Y29.136 Z10.657 E154.51831
G1 X-15.866 Y27.066 Z10.661 E155.50361
G1 X-15.442 Y24.95 Z10.665 E156.51847
G1 X-14.475 Y20.505 Z10.673 E158.65769
G1 X-14.025 Y18.171 Z10.677 E159.7755
G1 X-13.595 Y15.32 Z10.682 E161.13139
G1 X-13.375 Y14.607 Z10.684 E161.48228
G1 X-13.092 Y13.916 Z10.685 E161.83343
G1 X-12.252 Y12.292 Z10.688 E162.69326
G1 X-11.869 Y11.14 Z10.691 E163.26416
G1 X-11.864 Y10.118 Z10.692 E163.74477
G1 X-12.055 Y9.427 Z10.694 E164.08191
G1 X-12.403 Y8.702 Z10.695 E164.4601
G1 X-12.881 Y8.085 Z10.697 E164.82714
G1 X-13.466 Y7.598 Z10.698 E165.18509
G1 X-14.146 Y7.235 Z10.699 E165.54758
G1 X-14.908 Y6.985 Z10.701 E165.92472
G1 X-15.723 Y6.834 Z10.702 E166.31451
G1 X-16.476 Y6.777 Z10.704 E166.66963
G1 X-17.201 Y6.801 Z10.705 E167.01076
G1 X-18.407 Y7.044 Z10.707 E167.58929
G1 X-19.549 Y7.515 Z10.709 E168.17022
G1 X-20.651 Y8.139 Z10.712 E168.76577
G1 X-22.374 Y9.231 Z10.715 E169.72506
G1 X-23.017 Y9.617 Z10.717 E170.07774
G1 X-23.933 Y10.193 Z10.719 E170.58659
G1 X-25.099 Y11.049 Z10.721 E171.26682
G1 X-26.35 Y12.206 Z10.724 E172.06815
G1 X-28.452 Y14.342 Z10.73 E173.47745
G1 X-29.39 Y15.172 Z10.732 E174.06645
G1 X-30.142 Y15.762 Z10.734 E174.51594
G1 X-30.951 Y16.31 Z10.735 E174.97545
G1 X-31.89 Y16.848 Z10.737 E175.48438
G1 X-33.562 Y17.709 Z10.741 E176.36879
G1 X-34.613 Y18.182 Z10.743 E176.91078
G1 X-35.645 Y18.531 Z10.745 E177.4231
G1 X-36.757 Y18.747 Z10.747 E177.9558
G1 X-37.915 Y18.789 Z10.749 E178.50073
G1 X-38.544 Y18.743 Z10.75 E178.79731
G1 X-39.955 Y18.534 Z10.752 E179.4681
G1 X-41.25 Y18.204 Z10.755 E180.09655
G1 X-42.365 Y17.747 Z10.757 E180.66323
G1 X-43.388 Y17.116 Z10.759 E181.22847
G1 X-43.883 Y16.712 Z10.76 E181.52894
G1 X-44.344 Y16.266 Z10.761 E181.83058
G1 X-44.79 Y15.758 Z10.763 E182.14848
G1 X-45.51 Y14.729 Z10.765 E182.73908
G1 X-45.726 Y14.291 Z10.766 E182.96874
G1 X-45.998 Y13.421 Z10.767 E183.3974
G1 X-46.065 Y13 Z10.768 E183.59787
G1 X-46.121 Y11.884 Z10.77 E184.12335
G1 X-46.046 Y9.822 Z10.774 E185.09367
G1 X-46.065 Y8.479 Z10.776 E185.7253
G1 X-45.971 Y7.768 Z10.778 E186.06257
G1 X-45.844 Y7.399 E186.24609
G1 X-45.645 Y7.012 Z10.779 E186.45073
G1 X-45.407 Y6.672 Z10.78 E186.6459
G1 X-45.152 Y6.4 Z10.781 E186.82124
G1 X-44.769 Y6.081 E187.05564
G1 X-43.521 Y5.257 Z10.784 E187.75891
G1 X-42.639 Y4.724 Z10.786 E188.24354
G1 X-41.789 Y4.277 Z10.788 E188.69517
G1 X-40.056 Y3.551 Z10.791 E189.57876
G1 X-38.531 Y3.03 Z10.794 E190.33661
G1 X-37.167 Y2.612 Z10.797 E191.0075
G1 X-35.871 Y2.262 Z10.799 E191.63879
G1 X-34.611 Y1.969 Z10.801 E192.24714
G1 X-33.442 Y1.733 Z10.803 E192.80797
G1 X-32.281 Y1.529 Z10.806 E193.36231
G1 X-31.117 Y1.346 Z10.808 E193.91642
G1 X-27.563 Y0.817 Z10.814 E195.60615
G1 X-26.294 Y0.606 Z10.816 E196.21111
G1 X-24.962 Y0.357 Z10.819 E196.84836
G1 X-23.565 Y0.061 Z10.821 E197.5199
G1 X-22.637 Y-0.089 Z10.823 E197.96197
G1 X-21.376 Y-.171 Z10.825 E198.55623
G1 X-18.266 Y-0.065 Z10.831 E200.0196
G1 X-17.178 Y-.132 Z10.833 E200.53222
G1 X-16.398 Y-.269 Z10.834 E200.90464
G1 X-15.682 Y-.526 Z10.836 E201.26238
G1 X-15.045 Y-.946 Z10.837 E201.62119
G1 X-14.503 Y-1.585 Z10.839 E202.01523
G1 X-14.011 Y-2.779 Z10.841 E202.62253
G1 X-14.093 Y-3.681 Z10.843 E203.04845
G1 X-14.485 Y-4.385 Z10.844 E203.42738
G1 X-14.828 Y-4.782 Z10.845 E203.67411
G1 X-15.501 Y-5.353 Z10.846 E204.08916
G1 X-16.319 Y-5.877 Z10.848 E204.546
G1 X-17.169 Y-6.335 Z10.85 E205.00005
G1 X-18.082 Y-6.718 Z10.852 E205.46565
G1 X-18.967 Y-6.937 Z10.853 E205.89439
G1 X-19.829 Y-7.022 Z10.855 E206.30173
G1 X-20.671 Y-7.003 Z10.856 E206.69779
G1 X-21.647 Y-6.896 Z10.858 E207.15952
G1 X-23.99 Y-6.482 Z10.862 E208.27842
G1 X-24.835 Y-6.379 Z10.864 E208.67873
G1 X-25.72 Y-6.34 Z10.866 E209.09532
G1 X-26.618 Y-6.393 Z10.867 E209.51835
G1 X-28.27 Y-6.729 Z10.87 E210.31113
G1 X-30.044 Y-7.114 Z10.874 E211.16481
G1 X-31.502 Y-7.552 Z10.876 E211.88072
G1 X-32.025 Y-7.774 Z10.877 E212.14791
G1 X-32.546 Y-8.06 Z10.878 E212.42741
G1 X-33.028 Y-8.404 Z10.879 E212.70588
G1 X-33.471 Y-8.818 Z10.88 E212.99102
G1 X-33.87 Y-9.309 Z10.882 E213.28855
G1 X-34.231 Y-9.899 Z10.883 E213.61382
G1 X-34.556 Y-10.594 Z10.884 E213.97462
G1 X-34.789 Y-11.267 Z10.886 E214.30954
G1 X-34.949 Y-11.96 Z10.887 E214.64401
G1 X-35.027 Y-12.633 Z10.888 E214.96261
G1 X-35.032 Y-13.304 Z10.889 E215.27817
G1 X-34.963 Y-13.967 Z10.89 E215.59164
G1 X-34.824 Y-14.637 Z10.892 E215.91343
G1 X-34.621 Y-15.29 Z10.893 E216.23501
G1 X-34.353 Y-15.937 Z10.894 E216.56434
G1 X-34.02 Y-16.588 Z10.895 E216.90821
G1 X-33.185 Y-17.857 Z10.898 E217.62257
G1 X-32.51 Y-18.69 Z10.9 E218.12677
G1 X-31.822 Y-19.42 Z10.902 E218.5985
G1 X-31.075 Y-20.09 Z10.904 E219.07039
G1 X-30.332 Y-20.647 Z10.905 E219.50707
G1 X-29.536 Y-21.133 Z10.907 E219.94566
G1 X-28.707 Y-21.536 Z10.909 E220.37913
G1 X-27.852 Y-21.853 Z10.91 E220.80796
G1 X-26.955 Y-22.093 Z10.912 E221.24462
G1 X-26.016 Y-22.253 Z10.914 E221.69256
G1 X-25.036 Y-22.336 Z10.915 E222.15507
G1 X-24.028 Y-22.341 Z10.917 E222.62911
G1 X-22.956 Y-22.267 Z10.919 E223.13443
G1 X-22.059 Y-22.12 Z10.921 E223.56188
G1 X-21.252 Y-21.878 Z10.922 E223.95808
G1 X-20.515 Y-21.549 Z10.924 E224.33763
G1 X-19.854 Y-21.157 Z10.925 E224.69903
G1 X-19.226 Y-20.692 Z10.927 E225.0665
G1 X-18.417 Y-19.991 Z10.929 E225.5699
G1 X-16.43 Y-17.972 Z10.934 E226.90205
G1 X-15.54 Y-17.163 Z10.936 E227.46765
G1 X-14.127 Y-16.016 Z10.939 E228.32351
G1 X-12.932 Y-14.881 Z10.942 E229.09855
G1 X-11.075 Y-12.901 Z10.947 E230.37512
G1 X-9.78 Y-11.781 Z10.95 E231.18028
G1 X-9.11 Y-11.33 Z10.951 E231.56008
G1 X-8.387 Y-10.931 Z10.953 E231.94843
G1 X-7.569 Y-10.578 Z10.955 E232.36739
G1 X-6.477 Y-10.185 Z10.957 E232.91317
G1 X-5.436 Y-9.884 Z10.959 E233.42276
G1 X-4.419 Y-9.712 Z10.96 E233.90781
G1 X-3.408 Y-9.711 Z10.962 E234.38325
G1 X-2.383 Y-9.917 Z10.964 E234.87491
G1 X-1.337 Y-10.368 Z10.966 E235.41058
G1 X-.406 Y-10.96 Z10.968 E235.92942
G1 X0.363 Y-11.642 Z10.97 E236.41278
G1 X0.97 Y-12.424 Z10.972 E236.87831
G1 X1.401 Y-13.307 Z10.974 E237.34038
G1 X1.646 Y-14.29 Z10.975 E237.81679
G1 X1.698 Y-15.345 Z10.977 E238.31353
G1 X1.56 Y-16.555 Z10.979 E238.88623
G1 X1.264 Y-17.603 Z10.981 E239.39835
G1 X0.83 Y-18.538 Z10.983 E239.88311
G1 X0.283 Y-19.384 Z10.985 E240.35687
G1 X-.359 Y-20.16 Z10.987 E240.8305
G1 X-1.224 Y-21.05 Z10.989 E241.41414
G1 X-3.417 Y-23.041 Z10.994 E242.80705
G1 X-4.239 Y-23.852 Z10.996 E243.35008
G1 X-4.995 Y-24.695 Z10.998 E243.88258
G1 X-5.738 Y-25.669 Z11.001 E244.45868
G1 X-6.473 Y-26.687 Z11.003 E245.04914
G1 X-7.22 Y-27.642 Z11.005 E245.61932
G1 X-7.956 Y-28.53 Z11.007 E246.1617
G1 X-9.381 Y-30.203 Z11.011 E247.19516
G1 X-10.047 Y-31.014 Z11.013 E247.68867
G1 X-10.669 Y-31.829 Z11.015 E248.1708
G1 X-11.264 Y-32.696 Z11.017 E248.6653
G1 X-11.801 Y-33.601 Z11.019 E249.16017
G1 X-12.294 Y-34.595 Z11.021 E249.68195
G1 X-12.729 Y-35.682 Z11.023 E250.23254
G1 X-13.095 Y-36.874 Z11.025 E250.81892
G1 X-13.408 Y-38.129 Z11.027 E251.42718
G1 X-13.619 Y-39.278 Z11.029 E251.97655
G1 X-13.698 Y-40.422 Z11.031 E252.51582
G1 X-13.599 Y-41.463 Z11.033 E253.00757
G1 X-13.467 Y-41.999 Z11.034 E253.26717
G1 X-13.278 Y-42.525 Z11.035 E253.53001
G1 X-13.021 Y-43.056 Z11.036 E253.80743
G1 X-12.694 Y-43.59 Z11.038 E254.10189
G1 X-12 Y-44.46 Z11.04 E254.62525
G1 X-11.234 Y-45.136 Z11.041 E255.10569
G1 X-10.381 Y-45.637 Z11.043 E255.57089
G1 X-9.926 Y-45.819 Z11.044 E255.80135
G1 X-8.948 Y-46.054 Z11.046 E256.27436
G1 X-8.468 Y-46.103 Z11.047 E256.50126
G1 X-7.298 Y-46.083 Z11.049 E257.05155
G1 X-6.48 Y-45.971 Z11.05 E257.43981
G1 X-5.691 Y-45.783 Z11.052 E257.82124
G1 X-4.986 Y-45.534 Z11.053 E258.17285
G1 X-4.313 Y-45.213 Z11.054 E258.52349
G1 X-3.686 Y-44.834 Z11.056 E258.86803
G1 X-3.093 Y-44.398 Z11.057 E259.21416
G1 X-1.991 Y-43.385 Z11.06 E259.91808
G1 X-.917 Y-42.178 Z11.063 E260.67786
G1 X0.565 Y-40.351 Z11.067 E261.78416
G1 X1.296 Y-39.257 Z11.069 E262.40291
G1 X2.096 Y-37.786 Z11.072 E263.19035
G1 X2.724 Y-36.239 Z11.075 E263.97551
G1 X3.217 Y-34.668 Z11.078 E264.74982
G1 X4.173 Y-31.095 Z11.085 E266.48918
G1 X4.467 Y-29.822 Z11.087 E267.10358
G1 X4.646 Y-28.613 Z11.089 E267.67833
G1 X4.739 Y-27.45 Z11.091 E268.227
G1 X4.773 Y-26.339 Z11.093 E268.7497
G1 X4.777 Y-24.114 Z11.097 E269.79604
G1 X4.802 Y-23.029 Z11.099 E270.30642
G1 X4.881 Y-21.943 Z11.101 E270.81847
G1 X5.041 Y-20.849 Z11.103 E271.33842
G1 X5.312 Y-19.738 Z11.105 E271.8762
G1 X5.723 Y-18.604 Z11.108 E272.44343
G1 X6.303 Y-17.437 Z11.11 E273.05627
G1 X6.995 Y-16.249 Z11.112 E273.70281
G1 X7.506 Y-15.517 Z11.114 E274.12262
G1 X8.078 Y-14.912 Z11.116 E274.51416
G1 X8.762 Y-14.481 Z11.117 E274.89435
G1 X9.618 Y-14.321 Z11.119 E275.30387
G1 X10.825 Y-14.626 Z11.121 E275.88932
G1 X11.398 Y-15.354 Z11.122 E276.325
G1 X11.734 Y-16.203 Z11.124 E276.75439
G1 X12.202 Y-18.097 Z11.128 E277.67186
G1 X12.928 Y-19.899 Z11.131 E278.58546
G1 X13.284 Y-21.049 Z11.133 E279.15159
G1 X13.553 Y-22.174 Z11.135 E279.69555
G1 X13.767 Y-23.272 Z11.137 E280.22161
G1 X14.149 Y-25.391 Z11.141 E281.23417
G1 X14.38 Y-26.419 Z11.143 E281.72965
G1 X14.673 Y-27.405 Z11.145 E282.21338
G1 X15.058 Y-28.357 Z11.147 E282.69629
G1 X15.564 Y-29.272 Z11.149 E283.188
G1 X16.23 Y-30.166 Z11.151 E283.71225
G1 X17.076 Y-31.025 Z11.153 E284.27923
G1 X17.797 Y-31.622 Z11.154 E284.71943
G1 X18.527 Y-32.141 Z11.156 E285.14064
G1 X19.268 Y-32.585 Z11.158 E285.54688
G1 X20.014 Y-32.949 Z11.159 E285.93723
G1 X20.766 Y-33.236 Z11.161 E286.31575
G1 X21.543 Y-33.455 Z11.162 E286.69538
G1 X22.333 Y-33.6 Z11.163 E287.07309
G1 X23.141 Y-33.678 Z11.165 E287.45483
G1 X23.979 Y-33.687 Z11.166 E287.84894
G1 X24.845 Y-33.631 Z11.168 E288.25704
G1 X25.743 Y-33.512 Z11.17 E288.68303
G1 X26.649 Y-33.334 Z11.171 E289.11723
G1 X27.618 Y-33.06 Z11.173 E289.59079
G1 X28.464 Y-32.697 Z11.175 E290.02371
G1 X29.24 Y-32.202 Z11.176 E290.45656
G1 X29.844 Y-31.632 Z11.178 E290.84711
G1 X30.355 Y-30.923 Z11.179 E291.2581
G1 X30.804 Y-29.98 Z11.181 E291.74926
G1 X31.05 Y-29.114 Z11.183 E292.17262
G1 X31.123 Y-28.299 Z11.184 E292.55742
G1 X31.031 Y-27.451 Z11.186 E292.95855
G1 X30.797 Y-26.642 Z11.187 E293.35459
G1 X30.434 Y-25.832 Z11.189 E293.772
G1 X29.957 Y-25.002 Z11.191 E294.22219
G1 X29.514 Y-24.426 Z11.192 E294.56391
G1 X28.955 Y-23.947 Z11.193 E294.91009
G1 X28.376 Y-23.59 Z11.195 E295.22997
G1 X26.931 Y-22.843 Z11.198 E295.99494
G1 X25.704 Y-22.017 Z11.2 E296.69052
G1 X24.729 Y-21.422 Z11.202 E297.22766
G1 X22.55 Y-20.256 Z11.207 E298.38985
G1 X21.178 Y-19.393 Z11.21 E299.15208
G1 X20.066 Y-18.451 Z11.212 E299.83742
G1 X19.32 Y-17.634 Z11.214 E300.3577
G1 X18.152 Y-15.95 Z11.218 E301.32147
G1 X17.666 Y-15.144 Z11.22 E301.76407
G1 X17.304 Y-14.293 Z11.221 E302.19897
G1 X17.211 Y-13.176 Z11.223 E302.72607
G1 X17.702 Y-12.305 Z11.225 E303.19627
G1 X18.452 Y-11.671 Z11.227 E303.6581
G1 X19.347 Y-11.497 Z11.228 E304.08687
G1 X20.253 Y-11.622 Z11.23 E304.51697
G1 X21.198 Y-11.929 Z11.232 E304.98423
G1 X22.668 Y-12.524 Z11.235 E305.73
G1 X23.71 Y-12.933 Z11.237 E306.25641
G1 X24.255 Y-13.221 Z11.238 E306.54629
G1 X25.226 Y-13.915 Z11.24 E307.10756
G1 X26.599 Y-15.15 Z11.243 E307.976
G1 X27.451 Y-15.793 Z11.245 E308.47797
G1 X28.443 Y-16.326 Z11.247 E309.00754
G1 X29.49 Y-16.745 Z11.249 E309.53787
G1 X30.467 Y-17.071 Z11.251 E310.02222
G1 X31.637 Y-17.366 Z11.253 E310.58965
G1 X32.85 Y-17.52 Z11.256 E311.16466
G1 X33.938 Y-17.58 Z11.257 E311.67709
G1 X36.136 Y-17.601 Z11.261 E312.71078
G1 X37.631 Y-17.573 Z11.264 E313.41395
G1 X39.042 Y-17.446 Z11.267 E314.08017
G1 X40.356 Y-17.171 Z11.269 E314.71149
G1 X41.045 Y-16.949 Z11.27 E315.0519
G1 X41.695 Y-16.682 Z11.272 E315.38236
G1 X42.402 Y-16.326 Z11.273 E315.75461
G1 X43.081 Y-15.921 Z11.274 E316.1264
G1 X43.792 Y-15.413 Z11.276 E316.53734
G1 X44.359 Y-14.898 Z11.277 E316.89755
G1 X44.839 Y-14.321 Z11.279 E317.25051
G1 X45.233 Y-13.674 Z11.28 E317.60674
G1 X45.668 Y-12.582 Z11.282 E318.15952
G1 X45.916 Y-11.629 Z11.284 E318.62261
G1 X46.078 Y-10.641 Z11.286 E319.09343
G1 X46.115 Y-9.704 Z11.287 E319.53441
G1 X46.021 Y-8.802 Z11.289 E319.96089
G1 X45.782 Y-7.874 Z11.291 E320.41154
G1 X45.63 Y-7.469 Z11.292 E320.61496
G1 X45.163 Y-6.492 Z11.294 E321.1242
G1 X44.35 Y-5.153 Z11.296 E321.86087
G1 X43.481 Y-4.041 Z11.299 E322.52454
G1 X42.518 Y-3.117 Z11.301 E323.15215
G1 X41.426 Y-2.358 Z11.304 E323.77754
G1 X40.186 Y-1.748 Z11.306 E324.42741
G1 X38.684 Y-1.242 Z11.309 E325.17275
G1 X37.896 Y-1.068 Z11.31 E325.55225
G1 X37.139 Y-.984 Z11.312 E325.91042
G1 X36.424 Y-.979 Z11.313 E326.24667
G1 X35.716 Y-1.045 Z11.314 E326.58106
G1 X34.139 Y-1.384 Z11.317 E327.33961
G1 X31.806 Y-2.104 Z11.322 E328.4878
G1 X30.73 Y-2.365 Z11.324 E329.00848
G1 X29.899 Y-2.521 Z11.325 E329.40609
G1 X28.261 Y-2.853 Z11.328 E330.19205
G1 X26.713 Y-3.289 Z11.331 E330.94834
G1 X25.233 Y-3.796 Z11.334 E331.68404
G1 X23.823 Y-4.333 Z11.337 E332.39357
G1 X22.453 Y-4.868 Z11.339 E333.08522
G1 X21.098 Y-5.366 Z11.342 E333.7641
G1 X19.749 Y-5.791 Z11.344 E334.42923
G1 X18.386 Y-6.104 Z11.347 E335.08688
G1 X16.994 Y-6.269 Z11.349 E335.74607
G1 X15.556 Y-6.247 Z11.352 E336.42239
G1 X14.059 Y-6.001 Z11.355 E337.13582
G1 X12.466 Y-5.486 Z11.358 E337.92313
G1 X11.711 Y-5.12 Z11.359 E338.31769
G1 X10.787 Y-4.431 Z11.361 E338.85972
G1 X10.153 Y-3.554 Z11.363 E339.36863
G1 X9.907 Y-2.784 Z11.365 E339.74876
G1 X9.865 Y-2.017 Z11.366 E340.11
G1 X10 Y-1.132 Z11.368 E340.531
G1 X10.257 Y-.397 Z11.369 E340.89716
G1 X10.629 Y0.242 Z11.37 E341.24487
G1 X11.091 Y0.796 Z11.372 E341.5841
G1 X11.627 Y1.289 Z11.373 E341.92657
G1 X12.422 Y1.885 Z11.375 E342.39383
G1 X14.7 Y3.287 Z11.38 E343.65172
G1 X15.595 Y3.936 Z11.382 E344.17162
G1 X16.906 Y5.061 Z11.385 E344.98401
G1 X18.125 Y5.973 Z11.387 E345.69994
G1 X20.256 Y7.388 Z11.392 E346.90288
G1 X21.533 Y8.431 Z11.395 E347.67826
G1 X22.036 Y8.944 Z11.396 E348.01612
G1 X22.524 Y9.534 Z11.398 E348.37619
G1 X22.99 Y10.206 Z11.399 E348.76076
G1 X23.834 Y11.626 Z11.402 E349.53758
G1 X24.509 Y12.994 Z11.405 E350.25495
G1 X25.005 Y14.363 Z11.407 E350.9397
G1 X25.296 Y15.722 Z11.41 E351.59328
G1 X25.373 Y16.457 Z11.411 E351.94081
G1 X25.399 Y17.214 Z11.413 E352.29701
G1 X25.365 Y18.328 Z11.415 E352.82113
G1 X25.099 Y20.37 Z11.418 E353.78952
G1 X24.842 Y21.661 Z11.421 E354.40855
G1 X24.624 Y22.521 Z11.422 E354.82577
G1 X24.359 Y23.341 Z11.424 E355.23102
G1 X24.036 Y24.121 Z11.425 E355.62803
G1 X23.655 Y24.844 Z11.427 E356.01236
G1 X23.197 Y25.53 Z11.428 E356.40025
G1 X22.668 Y26.15 Z11.43 E356.78352
G1 X22.046 Y26.721 Z11.431 E357.18059
G1 X21.335 Y27.23 Z11.433 E357.59179
G1 X20.505 Y27.687 Z11.435 E358.03737
G1 X19.906 Y27.937 Z11.436 E358.34261
G1 X19.309 Y28.113 Z11.437 E358.6353
G1 X18.721 Y28.216 Z11.438 E358.91603
G1 X18.142 Y28.248 Z11.439 E359.18872
G1 X17.566 Y28.216 Z11.44 E359.46001
G1 X17.003 Y28.12 Z11.441 E359.7286
G1 X16.444 Y27.967 Z11.442 E360.00114
G1 X15.888 Y27.757 Z11.443 E360.28064
G1 X14.794 Y27.19 Z11.445 E360.8601
G1 X13.672 Y26.413 Z11.448 E361.50191
G1 X12.296 Y25.195 Z11.451 E362.36608
G1 X11.19 Y23.896 Z11.454 E363.16838
G1 X10.311 Y22.521 Z11.457 E363.93583
G1 X9.621 Y21.093 Z11.46 E364.68165
G1 X9.06 Y19.587 Z11.463 E365.43741
G1 X8.605 Y18.075 Z11.466 E366.17995
G1 X7.752 Y14.858 Z11.472 E367.74507
G1 X7.273 Y13.211 Z11.475 E368.55169
G1 X6.691 Y11.542 Z11.478 E369.38291
G1 X5.959 Y9.857 Z11.481 E370.24685
G1 X5.029 Y8.172 Z11.485 E371.15192
G1 X4.589 Y7.441 Z11.486 E371.55316
G1 X3.155 Y4.905 Z11.491 E372.9232
G1 X2.217 Y3.486 Z11.494 E373.72312
G1 X1.277 Y2.4 Z11.497 E374.39857
G1 X0.687 Y1.861 Z11.498 E374.77438
G1 X0.02 Y1.351 Z11.5 E375.16923
;TIME_ELAPSED:363.326070
;LAYER:11
;TYPE:WALL-OUTER
;MESH:030.stl
G1 X-1.617 Y0.377 Z11.503 E376.06501
G1 X-2.557 Y-0.067 Z11.505 E376.55389
G1 X-3.481 Y-.371 Z11.507 E377.01133
G1 X-4.418 Y-.49 Z11.509 E377.45551
G1 X-5.316 Y-.377 Z11.51 E377.88114
G1 X-5.882 Y-.184 Z11.511 E378.16235
G1 X-6.702 Y0.277 Z11.513 E378.60473
G1 X-7.297 Y0.855 Z11.515 E378.99483
G1 X-7.717 Y1.561 Z11.516 E379.38114
G1 X-8.012 Y2.649 Z11.518 E379.91127
G1 X-8.085 Y3.517 Z11.52 E380.3209
G1 X-8.083 Y4.396 Z11.521 E380.73426
G1 X-7.823 Y6.597 Z11.525 E381.77651
G1 X-7.238 Y8.681 Z11.529 E382.79442
G1 X-6.387 Y10.679 Z11.533 E383.81569
G1 X-5.326 Y12.626 Z11.537 E384.85842
G1 X-4.111 Y14.547 Z11.541 E385.92732
G1 X-2.794 Y16.474 Z11.545 E387.02495
G1 X-1.441 Y18.423 Z11.55 E388.14069
G1 X-0.077 Y20.461 Z11.554 E389.29394
G1 X1.212 Y22.57 Z11.558 E390.4563
G1 X2.386 Y24.801 Z11.563 E391.64186
G1 X3.391 Y27.182 Z11.568 E392.85722
G1 X4.177 Y29.746 Z11.572 E394.11836
G1 X4.494 Y30.982 Z11.575 E394.71842
G1 X5.121 Y33.344 Z11.579 E395.86765
G1 X5.388 Y34.437 Z11.581 E396.39676
G1 X5.614 Y35.528 Z11.583 E396.92072
G1 X5.78 Y36.607 Z11.585 E397.4341
G1 X5.867 Y37.66 Z11.587 E397.93098
G1 X5.861 Y38.715 Z11.589 E398.42711
G1 X5.748 Y39.764 Z11.591 E398.92328
G1 X5.511 Y40.84 Z11.593 E399.44141
G1 X5.136 Y41.935 Z11.595 E399.98571
G1 X4.609 Y43.05 Z11.597 E400.56567
G1 X4.045 Y43.924 Z11.599 E401.05483
G1 X3.732 Y44.289 Z11.6 E401.28095
G1 X3.043 Y44.895 Z11.601 E401.71245
G1 X2.261 Y45.354 Z11.603 E402.13887
G1 X1.85 Y45.525 Z11.604 E402.34821
G1 X0.882 Y45.803 Z11.606 E402.82183
G1 X-.164 Y45.965 Z11.608 E403.31959
G1 X-1.517 Y46.074 Z11.61 E403.95792
G1 X-2.834 Y46.117 Z11.612 E404.57759
G1 X-4.135 Y46.086 Z11.615 E405.18957
G1 X-5.378 Y45.971 Z11.617 E405.77661
G1 X-6.583 Y45.766 Z11.619 E406.35142
G1 X-7.721 Y45.466 Z11.621 E406.90486
G1 X-8.827 Y45.054 Z11.623 E407.45989
G1 X-9.877 Y44.531 Z11.625 E408.01153
G1 X-10.874 Y43.885 Z11.628 E408.5702
G1 X-11.816 Y43.11 Z11.63 E409.14385
G1 X-12.708 Y42.19 Z11.632 E409.74646
G1 X-13.536 Y41.13 Z11.634 E410.37899
G1 X-14.751 Y39.124 Z11.639 E411.48189
G1 X-15.596 Y37.14 Z11.643 E412.49599
G1 X-16.119 Y35.155 Z11.646 E413.46132
G1 X-16.36 Y33.172 Z11.65 E414.40072
G1 X-16.37 Y31.166 Z11.653 E415.34408
G1 X-16.19 Y29.136 Z11.657 E416.30246
G1 X-15.866 Y27.066 Z11.661 E417.28776
G1 X-15.442 Y24.95 Z11.665 E418.30263
G1 X-14.475 Y20.505 Z11.673 E420.44184
G1 X-14.025 Y18.171 Z11.677 E421.55966
G1 X-13.595 Y15.32 Z11.682 E422.91554
G1 X-13.375 Y14.607 Z11.684 E423.26644
G1 X-13.092 Y13.916 Z11.685 E423.61759
G1 X-12.252 Y12.292 Z11.688 E424.47741
G1 X-11.869 Y11.14 Z11.691 E425.04832
G1 X-11.864 Y10.118 Z11.692 E425.52893
G1 X-12.055 Y9.427 Z11.694 E425.86607
G1 X-12.403 Y8.702 Z11.695 E426.24425
G1 X-12.881 Y8.085 Z11.697 E426.61129
G1 X-13.466 Y7.598 Z11.698 E426.96925
G1 X-14.146 Y7.235 Z11.699 E427.33174
G1 X-14.908 Y6.985 Z11.701 E427.70888
G1 X-15.723 Y6.834 Z11.702 E428.09866
G1 X-16.476 Y6.777 Z11.704 E428.45379
G1 X-17.201 Y6.801 Z11.705 E428.79492
G1 X-18.407 Y7.044 Z11.707 E429.37345
G1 X-19.549 Y7.515 Z11.709 E429.95438
G1 X-20.651 Y8.139 Z11.712 E430.54992
G1 X-22.374 Y9.231 Z11.715 E431.50922
G1 X-23.017 Y9.617 Z11.717 E431.8619
G1 X-23.933 Y10.193 Z11.719 E432.37075
G1 X-25.099 Y11.049 Z11.721 E433.05097
G1 X-26.35 Y12.206 Z11.724 E433.85231
G1 X-28.452 Y14.342 Z11.73 E435.26161
G1 X-29.39 Y15.172 Z11.732 E435.85061
G1 X-30.142 Y15.762 Z11.734 E436.3001
G1 X-30.951 Y16.31 Z11.735 E436.75961
G1 X-31.89 Y16.848 Z11.737 E437.26853
G1 X-33.562 Y17.709 Z11.741 E438.15295
G1 X-34.613 Y18.182 Z11.743 E438.69494
G1 X-35.645 Y18.531 Z11.745 E439.20725
G1 X-36.757 Y18.747 Z11.747 E439.73996
G1 X-37.915 Y18.789 Z11.749 E440.28489
G1 X-38.544 Y18.743 Z11.75 E440.58147
G1 X-39.955 Y18.534 Z11.752 E441.25226
G1 X-41.25 Y18.204 Z11.755 E441.88071
G1 X-42.365 Y17.747 Z11.757 E442.44739
G1 X-43.388 Y17.116 Z11.759 E443.01262
G1 X-43.883 Y16.712 Z11.76 E443.31309
G1 X-44.344 Y16.266 Z11.761 E443.61474
G1 X-44.79 Y15.758 Z11.763 E443.93264
G1 X-45.51 Y14.729 Z11.765 E444.52324
G1 X-45.726 Y14.291 Z11.766 E444.7529
G1 X-45.998 Y13.421 Z11.767 E445.18156
G1 X-46.065 Y13 Z11.768 E445.38203
G1 X-46.121 Y11.884 Z11.77 E445.9075
G1 X-46.046 Y9.822 Z11.774 E446.87783
G1 X-46.065 Y8.479 Z11.776 E447.50946
G1 X-45.971 Y7.768 Z11.778 E447.84673
G1 X-45.844 Y7.399 E448.03025
G1 X-45.645 Y7.012 Z11.779 E448.23489
G1 X-45.407 Y6.672 Z11.78 E448.43006
G1 X-45.152 Y6.4 Z11.781 E448.60539
G1 X-44.769 Y6.081 E448.8398
G1 X-43.521 Y5.257 Z11.784 E449.54307
G1 X-42.639 Y4.724 Z11.786 E450.0277
G1 X-41.789 Y4.277 Z11.788 E450.47933
G1 X-40.056 Y3.551 Z11.791 E451.36292
G1 X-38.531 Y3.03 Z11.794 E452.12077
G1 X-37.167 Y2.612 Z11.797 E452.79165
G1 X-35.871 Y2.262 Z11.799 E453.42295
G1 X-34.611 Y1.969 Z11.801 E454.03129
G1 X-33.442 Y1.733 Z11.803 E454.59212
G1 X-32.281 Y1.529 Z11.806 E455.14647
G1 X-31.117 Y1.346 Z11.808 E455.70058
G1 X-27.563 Y0.817 Z11.814 E457.39031
G1 X-26.294 Y0.606 Z11.816 E457.99527
G1 X-24.962 Y0.357 Z11.819 E458.63251
G1 X-23.565 Y0.061 Z11.821 E459.30406
G1 X-22.637 Y-0.089 Z11.823 E459.74613
G1 X-21.376 Y-.171 Z11.825 E460.34038
G1 X-18.266 Y-0.065 Z11.831 E461.80376
G1 X-17.178 Y-.132 Z11.833 E462.31637
G1 X-16.398 Y-.269 Z11.834 E462.6888
G1 X-15.682 Y-.526 Z11.836 E463.04654
G1 X-15.045 Y-.946 Z11.837 E463.40535
G1 X-14.503 Y-1.585 Z11.839 E463.79939
G1 X-14.011 Y-2.779 Z11.841 E464.40668
G1 X-14.093 Y-3.681 Z11.843 E464.83261
G1 X-14.485 Y-4.385 Z11.844 E465.21154
G1 X-14.828 Y-4.782 Z11.845 E465.45827
G1 X-15.501 Y-5.353 Z11.846 E465.87332
G1 X-16.319 Y-5.877 Z11.848 E466.33015
G1 X-17.169 Y-6.335 Z11.85 E466.78421
G1 X-18.082 Y-6.718 Z11.852 E467.24981
G1 X-18.967 Y-6.937 Z11.853 E467.67855
G1 X-19.829 Y-7.022 Z11.855 E468.08588
G1 X-20.671 Y-7.003 Z11.856 E468.48195
G1 X-21.647 Y-6.896 Z11.858 E468.94368
G1 X-23.99 Y-6.482 Z11.862 E470.06257
G1 X-24.835 Y-6.379 Z11.864 E470.46289
G1 X-25.72 Y-6.34 Z11.866 E470.87948
G1 X-26.618 Y-6.393 Z11.867 E471.30251
G1 X-28.27 Y-6.729 Z11.87 E472.09529
G1 X-30.044 Y-7.114 Z11.874 E472.94896
G1 X-31.502 Y-7.552 Z11.876 E473.66488
G1 X-32.025 Y-7.774 Z11.877 E473.93207
G1 X-32.546 Y-8.06 Z11.878 E474.21156
G1 X-33.028 Y-8.404 Z11.879 E474.49004
G1 X-33.471 Y-8.818 Z11.88 E474.77518
G1 X-33.87 Y-9.309 Z11.882 E475.0727
G1 X-34.231 Y-9.899 Z11.883 E475.39798
G1 X-34.556 Y-10.594 Z11.884 E475.75878
G1 X-34.789 Y-11.267 Z11.886 E476.0937
G1 X-34.949 Y-11.96 Z11.887 E476.42817
G1 X-35.027 Y-12.633 Z11.888 E476.74677
G1 X-35.032 Y-13.304 Z11.889 E477.06233
G1 X-34.963 Y-13.967 Z11.89 E477.3758
G1 X-34.824 Y-14.637 Z11.892 E477.69759
G1 X-34.621 Y-15.29 Z11.893 E478.01916
G1 X-34.353 Y-15.937 Z11.894 E478.3485
G1 X-34.02 Y-16.588 Z11.895 E478.69236
G1 X-33.185 Y-17.857 Z11.898 E479.40673
G1 X-32.51 Y-18.69 Z11.9 E479.91093
G1 X-31.822 Y-19.42 Z11.902 E480.38266
G1 X-31.075 Y-20.09 Z11.904 E480.85455
G1 X-30.332 Y-20.647 Z11.905 E481.29123
G1 X-29.536 Y-21.133 Z11.907 E481.72982
G1 X-28.707 Y-21.536 Z11.909 E482.16329
G1 X-27.852 Y-21.853 Z11.91 E482.59211
G1 X-26.955 Y-22.093 Z11.912 E483.02878
G1 X-26.016 Y-22.253 Z11.914 E483.47672
G1 X-25.036 Y-22.336 Z11.915 E483.93923
G1 X-24.028 Y-22.341 Z11.917 E484.41326
G1 X-22.956 Y-22.267 Z11.919 E484.91859
G1 X-22.059 Y-22.12 Z11.921 E485.34604
G1 X-21.252 Y-21.878 Z11.922 E485.74224
G1 X-20.515 Y-21.549 Z11.924 E486.12179
G1 X-19.854 Y-21.157 Z11.925 E486.48319
G1 X-19.226 Y-20.692 Z11.927 E486.85066
G1 X-18.417 Y-19.991 Z11.929 E487.35406
G1 X-16.43 Y-17.972 Z11.934 E488.68621
G1 X-15.54 Y-17.163 Z11.936 E489.25181
G1 X-14.127 Y-16.016 Z11.939 E490.10767
G1 X-12.932 Y-14.881 Z11.942 E490.88271
G1 X-11.075 Y-12.901 Z11.947 E492.15927
G1 X-9.78 Y-11.781 Z11.95 E492.96443
G1 X-9.11 Y-11.33 Z11.951 E493.34424
G1 X-8.387 Y-10.931 Z11.953 E493.73258
G1 X-7.569 Y-10.578 Z11.955 E494.15155
G1 X-6.477 Y-10.185 Z11.957 E494.69732
G1 X-5.436 Y-9.884 Z11.959 E495.20692
G1 X-4.419 Y-9.712 Z11.96 E495.69197
G1 X-3.408 Y-9.711 Z11.962 E496.16741
G1 X-2.383 Y-9.917 Z11.964 E496.65907
G1 X-1.337 Y-10.368 Z11.966 E497.19474
G1 X-.406 Y-10.96 Z11.968 E497.71358
G1 X0.363 Y-11.642 Z11.97 E498.19694
G1 X0.97 Y-12.424 Z11.972 E498.66247
G1 X1.401 Y-13.307 Z11.974 E499.12454
G1 X1.646 Y-14.29 Z11.975 E499.60095
G1 X1.698 Y-15.345 Z11.977 E500.09768
G1 X1.56 Y-16.555 Z11.979 E500.67039
G1 X1.264 Y-17.603 Z11.981 E501.18251
G1 X0.83 Y-18.538 Z11.983 E501.66727
G1 X0.283 Y-19.384 Z11.985 E502.14103
G1 X-.359 Y-20.16 Z11.987 E502.61465
G1 X-1.224 Y-21.05 Z11.989 E503.1983
G1 X-3.417 Y-23.041 Z11.994 E504.59121
G1 X-4.239 Y-23.852 Z11.996 E505.13424
G1 X-4.995 Y-24.695 Z11.998 E505.66674
G1 X-5.738 Y-25.669 Z12.001 E506.24283
G1 X-6.473 Y-26.687 Z12.003 E506.8333
G1 X-7.22 Y-27.642 Z12.005 E507.40347
G1 X-7.956 Y-28.53 Z12.007 E507.94586
G1 X-9.381 Y-30.203 Z12.011 E508.97932
G1 X-10.047 Y-31.014 Z12.013 E509.47283
G1 X-10.669 Y-31.829 Z12.015 E509.95496
G1 X-11.264 Y-32.696 Z12.017 E510.44946
G1 X-11.801 Y-33.601 Z12.019 E510.94433
G1 X-12.294 Y-34.595 Z12.021 E511.46611
G1 X-12.729 Y-35.682 Z12.023 E512.0167
G1 X-13.095 Y-36.874 Z12.025 E512.60308
G1 X-13.408 Y-38.129 Z12.027 E513.21134
G1 X-13.619 Y-39.278 Z12.029 E513.76071
G1 X-13.698 Y-40.422 Z12.031 E514.29998
G1 X-13.599 Y-41.463 Z12.033 E514.79173
G1 X-13.467 Y-41.999 Z12.034 E515.05132
G1 X-13.278 Y-42.525 Z12.035 E515.31417
G1 X-13.021 Y-43.056 Z12.036 E515.59159
G1 X-12.694 Y-43.59 Z12.038 E515.88605
G1 X-12 Y-44.46 Z12.04 E516.40941
G1 X-11.234 Y-45.136 Z12.041 E516.88984
G1 X-10.381 Y-45.637 Z12.043 E517.35505
G1 X-9.926 Y-45.819 Z12.044 E517.58551
G1 X-8.948 Y-46.054 Z12.046 E518.05852
G1 X-8.468 Y-46.103 Z12.047 E518.28542
G1 X-7.298 Y-46.083 Z12.049 E518.83571
G1 X-6.48 Y-45.971 Z12.05 E519.22397
G1 X-5.691 Y-45.783 Z12.052 E519.6054
G1 X-4.986 Y-45.534 Z12.053 E519.95701
G1 X-4.313 Y-45.213 Z12.054 E520.30765
G1 X-3.686 Y-44.834 Z12.056 E520.65219
G1 X-3.093 Y-44.398 Z12.057 E520.99832
G1 X-1.991 Y-43.385 Z12.06 E521.70224
G1 X-.917 Y-42.178 Z12.063 E522.46202
G1 X0.565 Y-40.351 Z12.067 E523.56832
G1 X1.296 Y-39.257 Z12.069 E524.18707
G1 X2.096 Y-37.786 Z12.072 E524.97451
G1 X2.724 Y-36.239 Z12.075 E525.75967
G1 X3.217 Y-34.668 Z12.078 E526.53398
G1 X4.173 Y-31.095 Z12.085 E528.27334
G1 X4.467 Y-29.822 Z12.087 E528.88774
G1 X4.646 Y-28.613 Z12.089 E529.46249
G1 X4.739 Y-27.45 Z12.091 E530.01115
G1 X4.773 Y-26.339 Z12.093 E530.53386
G1 X4.777 Y-24.114 Z12.097 E531.5802
G1 X4.802 Y-23.029 Z12.099 E532.09058
G1 X4.881 Y-21.943 Z12.101 E532.60263
G1 X5.041 Y-20.849 Z12.103 E533.12258
G1 X5.312 Y-19.738 Z12.105 E533.66036
G1 X5.723 Y-18.604 Z12.108 E534.22758
G1 X6.303 Y-17.437 Z12.11 E534.84042
G1 X6.995 Y-16.249 Z12.112 E535.48697
G1 X7.506 Y-15.517 Z12.114 E535.90678
G1 X8.078 Y-14.912 Z12.116 E536.29832
G1 X8.762 Y-14.481 Z12.117 E536.67851
G1 X9.618 Y-14.321 Z12.119 E537.08803
G1 X10.825 Y-14.626 Z12.121 E537.67348
G1 X11.398 Y-15.354 Z12.122 E538.10916
G1 X11.734 Y-16.203 Z12.124 E538.53854
G1 X12.202 Y-18.097 Z12.128 E539.45601
G1 X12.928 Y-19.899 Z12.131 E540.36962
G1 X13.284 Y-21.049 Z12.133 E540.93574
G1 X13.553 Y-22.174 Z12.135 E541.47971
G1 X13.767 Y-23.272 Z12.137 E542.00577
G1 X14.149 Y-25.391 Z12.141 E543.01833
G1 X14.38 Y-26.419 Z12.143 E543.51381
G1 X14.673 Y-27.405 Z12.145 E543.99753
G1 X15.058 Y-28.357 Z12.147 E544.48045
G1 X15.564 Y-29.272 Z12.149 E544.97215
G1 X16.23 Y-30.166 Z12.151 E545.49641
G1 X17.076 Y-31.025 Z12.153 E546.06338
G1 X17.797 Y-31.622 Z12.154 E546.50359
G1 X18.527 Y-32.141 Z12.156 E546.9248
G1 X19.268 Y-32.585 Z12.158 E547.33103
G1 X20.014 Y-32.949 Z12.159 E547.72139
G1 X20.766 Y-33.236 Z12.161 E548.09991
G1 X21.543 Y-33.455 Z12.162 E548.47954
G1 X22.333 Y-33.6 Z12.163 E548.85725
G1 X23.141 Y-33.678 Z12.165 E549.23899
G1 X23.979 Y-33.687 Z12.166 E549.6331
G1 X24.845 Y-33.631 Z12.168 E550.0412
G1 X25.743 Y-33.512 Z12.17 E550.46719
G1 X26.649 Y-33.334 Z12.171 E550.90139
G1 X27.618 Y-33.06 Z12.173 E551.37494
G1 X28.464 Y-32.697 Z12.175 E551.80787
G1 X29.24 Y-32.202 Z12.176 E552.24071
G1 X29.844 Y-31.632 Z12.178 E552.63126
G1 X30.355 Y-30.923 Z12.179 E553.04226
G1 X30.804 Y-29.98 Z12.181 E553.53342
G1 X31.05 Y-29.114 Z12.183 E553.95678
G1 X31.123 Y-28.299 Z12.184 E554.34158
G1 X31.031 Y-27.451 Z12.186 E554.7427
G1 X30.797 Y-26.642 Z12.187 E555.13874
G1 X30.434 Y-25.832 Z12.189 E555.55616
G1 X29.957 Y-25.002 Z12.191 E556.00635
G1 X29.514 Y-24.426 Z12.192 E556.34807
G1 X28.955 Y-23.947 Z12.193 E556.69425
G1 X28.376 Y-23.59 Z12.195 E557.01413
G1 X26.931 Y-22.843 Z12.198 E557.7791
G1 X25.704 Y-22.017 Z12.2 E558.47467
G1 X24.729 Y-21.422 Z12.202 E559.01182
G1 X22.55 Y-20.256 Z12.207 E560.17401
G1 X21.178 Y-19.393 Z12.21 E560.93624
G1 X20.066 Y-18.451 Z12.212 E561.62158
G1 X19.32 Y-17.634 Z12.214 E562.14186
G1 X18.152 Y-15.95 Z12.218 E563.10562
G1 X17.666 Y-15.144 Z12.22 E563.54823
G1 X17.304 Y-14.293 Z12.221 E563.98313
G1 X17.211 Y-13.176 Z12.223 E564.51023
G1 X17.702 Y-12.305 Z12.225 E564.98043
G1 X18.452 Y-11.671 Z12.227 E565.44226
G1 X19.347 Y-11.497 Z12.228 E565.87103
G1 X20.253 Y-11.622 Z12.23 E566.30113
G1 X21.198 Y-11.929 Z12.232 E566.76839
G1 X22.668 Y-12.524 Z12.235 E567.51416
G1 X23.71 Y-12.933 Z12.237 E568.04057
G1 X24.255 Y-13.221 Z12.238 E568.33045
G1 X25.226 Y-13.915 Z12.24 E568.89172
G1 X26.599 Y-15.15 Z12.243 E569.76016
G1 X27.451 Y-15.793 Z12.245 E570.26212
G1 X28.443 Y-16.326 Z12.247 E570.7917
G1 X29.49 Y-16.745 Z12.249 E571.32203
G1 X30.467 Y-17.071 Z12.251 E571.80638
G1 X31.637 Y-17.366 Z12.253 E572.37381
G1 X32.85 Y-17.52 Z12.256 E572.94882
G1 X33.938 Y-17.58 Z12.257 E573.46125
G1 X36.136 Y-17.601 Z12.261 E574.49494
G1 X37.631 Y-17.573 Z12.264 E575.1981
G1 X39.042 Y-17.446 Z12.267 E575.86433
G1 X40.356 Y-17.171 Z12.269 E576.49565
G1 X41.045 Y-16.949 Z12.27 E576.83606
G1 X41.695 Y-16.682 Z12.272 E577.16652
G1 X42.402 Y-16.326 Z12.273 E577.53877
G1 X43.081 Y-15.921 Z12.274 E577.91056
G1 X43.792 Y-15.413 Z12.276 E578.3215
G1 X44.359 Y-14.898 Z12.277 E578.68171
G1 X44.839 Y-14.321 Z12.279 E579.03466
G1 X45.233 Y-13.674 Z12.28 E579.3909
G1 X45.668 Y-12.582 Z12.282 E579.94368
G1 X45.916 Y-11.629 Z12.284 E580.40676
G1 X46.078 Y-10.641 Z12.286 E580.87759
G1 X46.115 Y-9.704 Z12.287 E581.31857
G1 X46.021 Y-8.802 Z12.289 E581.74505
G1 X45.782 Y-7.874 Z12.291 E582.19569
G1 X45.63 Y-7.469 Z12.292 E582.39912
G1 X45.163 Y-6.492 Z12.294 E582.90836
G1 X44.35 Y-5.153 Z12.296 E583.64502
G1 X43.481 Y-4.041 Z12.299 E584.3087
G1 X42.518 Y-3.117 Z12.301 E584.93631
G1 X41.426 Y-2.358 Z12.304 E585.5617
G1 X40.186 Y-1.748 Z12.306 E586.21157
G1 X38.684 Y-1.242 Z12.309 E586.95691
G1 X37.896 Y-1.068 Z12.31 E587.33641
G1 X37.139 Y-.984 Z12.312 E587.69458
G1 X36.424 Y-.979 Z12.313 E588.03083
G1 X35.716 Y-1.045 Z12.314 E588.36522
G1 X34.139 Y-1.384 Z12.317 E589.12377
G1 X31.806 Y-2.104 Z12.322 E590.27196
G1 X30.73 Y-2.365 Z12.324 E590.79263
G1 X29.899 Y-2.521 Z12.325 E591.19025
G1 X28.261 Y-2.853 Z12.328 E591.97621
G1 X26.713 Y-3.289 Z12.331 E592.7325
G1 X25.233 Y-3.796 Z12.334 E593.4682
G1 X23.823 Y-4.333 Z12.337 E594.17773
G1 X22.453 Y-4.868 Z12.339 E594.86938
G1 X21.098 Y-5.366 Z12.342 E595.54826
G1 X19.749 Y-5.791 Z12.344 E596.21338
G1 X18.386 Y-6.104 Z12.347 E596.87104
G1 X16.994 Y-6.269 Z12.349 E597.53023
G1 X15.556 Y-6.247 Z12.352 E598.20655
G1 X14.059 Y-6.001 Z12.355 E598.91998
G1 X12.466 Y-5.486 Z12.358 E599.70728
G1 X11.711 Y-5.12 Z12.359 E600.10185
G1 X10.787 Y-4.431 Z12.361 E600.64388
G1 X10.153 Y-3.554 Z12.363 E601.15279
G1 X9.907 Y-2.784 Z12.365 E601.53292
G1 X9.865 Y-2.017 Z12.366 E601.89416
G1 X10 Y-1.132 Z12.368 E602.31515
G1 X10.257 Y-.397 Z12.369 E602.68132
G1 X10.629 Y0.242 Z12.37 E603.02903
G1 X11.091 Y0.796 Z12.372 E603.36826
G1 X11.627 Y1.289 Z12.373 E603.71073
G1 X12.422 Y1.885 Z12.375 E604.17799
G1 X14.7 Y3.287 Z12.38 E605.43588
G1 X15.595 Y3.936 Z12.382 E605.95578
G1 X16.906 Y5.061 Z12.385 E606.76817
G1 X18.125 Y5.973 Z12.387 E607.4841
G1 X20.256 Y7.388 Z12.392 E608.68704
G1 X21.533 Y8.431 Z12.395 E609.46242
G1 X22.036 Y8.944 Z12.396 E609.80028
G1 X22.524 Y9.534 Z12.398 E610.16035
G1 X22.99 Y10.206 Z12.399 E610.54491
G1 X23.834 Y11.626 Z12.402 E611.32174
G1 X24.509 Y12.994 Z12.405 E612.03911
G1 X25.005 Y14.363 Z12.407 E612.72386
G1 X25.296 Y15.722 Z12.41 E613.37743
G1 X25.373 Y16.457 Z12.411 E613.72497
G1 X25.399 Y17.214 Z12.413 E614.08117
G1 X25.365 Y18.328 Z12.415 E614.60529
G1 X25.099 Y20.37 Z12.418 E615.57368
G1 X24.842 Y21.661 Z12.421 E616.19271
G1 X24.624 Y22.521 Z12.422 E616.60993
G1 X24.359 Y23.341 Z12.424 E617.01518
G1 X24.036 Y24.121 Z12.425 E617.41219
G1 X23.655 Y24.844 Z12.427 E617.79652
G1 X23.197 Y25.53 Z12.428 E618.18441
G1 X22.668 Y26.15 Z12.43 E618.56768
G1 X22.046 Y26.721 Z12.431 E618.96475
G1 X21.335 Y27.23 Z12.433 E619.37595
G1 X20.505 Y27.687 Z12.435 E619.82153
G1 X19.906 Y27.937 Z12.436 E620.12676
G1 X19.309 Y28.113 Z12.437 E620.41946
G1 X18.721 Y28.216 Z12.438 E620.70018
G1 X18.142 Y28.248 Z12.439 E620.97288
G1 X17.566 Y28.216 Z12.44 E621.24417
G1 X17.003 Y28.12 Z12.441 E621.51275
G1 X16.444 Y27.967 Z12.442 E621.7853
G1 X15.888 Y27.757 Z12.443 E622.0648
G1 X14.794 Y27.19 Z12.445 E622.64426
G1 X13.672 Y26.413 Z12.448 E623.28606
G1 X12.296 Y25.195 Z12.451 E624.15024
G1 X11.19 Y23.896 Z12.454 E624.95254
G1 X10.311 Y22.521 Z12.457 E625.71999
G1 X9.621 Y21.093 Z12.46 E626.46581
G1 X9.06 Y19.587 Z12.463 E627.22157
G1 X8.605 Y18.075 Z12.466 E627.96411
G1 X7.752 Y14.858 Z12.472 E629.52923
G1 X7.273 Y13.211 Z12.475 E630.33584
G1 X6.691 Y11.542 Z12.478 E631.16707
G1 X5.959 Y9.857 Z12.481 E632.031
G1 X5.029 Y8.172 Z12.485 E632.93608
G1 X4.589 Y7.441 Z12.486 E633.33731
G1 X3.155 Y4.905 Z12.491 E634.70736
G1 X2.217 Y3.486 Z12.494 E635.50728
G1 X1.277 Y2.4 Z12.497 E636.18273
G1 X0.687 Y1.861 Z12.498 E636.55854
G1 X0.02 Y1.351 Z12.5 E636.95339
;TIME_ELAPSED:377.253054
;LAYER:12
;TYPE:WALL-OUTER
;MESH:030.stl
G1 X-1.617 Y0.377 Z12.503 E637.84917
G1 X-2.557 Y-0.067 Z12.505 E638.33805
G1 X-3.481 Y-.371 Z12.507 E638.79549
G1 X-4.418 Y-.49 Z12.509 E639.23967
G1 X-5.316 Y-.377 Z12.51 E639.66529
G1 X-5.882 Y-.184 Z12.511 E639.94651
G1 X-6.702 Y0.277 Z12.513 E640.38889
G1 X-7.297 Y0.855 Z12.515 E640.77899
G1 X-7.717 Y1.561 Z12.516 E641.1653
G1 X-8.012 Y2.649 Z12.518 E641.69542
G1 X-8.085 Y3.517 Z12.52 E642.10506
G1 X-8.083 Y4.396 Z12.521 E642.51842
G1 X-7.823 Y6.597 Z12.525 E643.56067
G1 X-7.238 Y8.681 Z12.529 E644.57858
G1 X-6.387 Y10.679 Z12.533 E645.59985
G1 X-5.326 Y12.626 Z12.537 E646.64258
G1 X-4.111 Y14.547 Z12.541 E647.71148
G1 X-2.794 Y16.474 Z12.545 E648.8091
G1 X-1.441 Y18.423 Z12.55 E649.92485
G1 X-0.077 Y20.461 Z12.554 E651.0781
G1 X1.212 Y22.57 Z12.558 E652.24046
G1 X2.386 Y24.801 Z12.563 E653.42602
G1 X3.391 Y27.182 Z12.568 E654.64138
G1 X4.177 Y29.746 Z12.572 E655.90252
G1 X4.494 Y30.982 Z12.575 E656.50258
G1 X5.121 Y33.344 Z12.579 E657.65181
G1 X5.388 Y34.437 Z12.581 E658.18092
G1 X5.614 Y35.528 Z12.583 E658.70487
G1 X5.78 Y36.607 Z12.585 E659.21826
G1 X5.867 Y37.66 Z12.587 E659.71514
G1 X5.861 Y38.715 Z12.589 E660.21127
G1 X5.748 Y39.764 Z12.591 E660.70743
G1 X5.511 Y40.84 Z12.593 E661.22557
G1 X5.136 Y41.935 Z12.595 E661.76987
G1 X4.609 Y43.05 Z12.597 E662.34983
G1 X4.045 Y43.924 Z12.599 E662.83899
G1 X3.732 Y44.289 Z12.6 E663.06511
G1 X3.043 Y44.895 Z12.601 E663.49661
G1 X2.261 Y45.354 Z12.603 E663.92303
G1 X1.85 Y45.525 Z12.604 E664.13237
G1 X0.882 Y45.803 Z12.606 E664.60599
G1 X-.164 Y45.965 Z12.608 E665.10375
G1 X-1.517 Y46.074 Z12.61 E665.74208
G1 X-2.834 Y46.117 Z12.612 E666.36174
G1 X-4.135 Y46.086 Z12.615 E666.97373
G1 X-5.378 Y45.971 Z12.617 E667.56077
G1 X-6.583 Y45.766 Z12.619 E668.13558
G1 X-7.721 Y45.466 Z12.621 E668.68902
G1 X-8.827 Y45.054 Z12.623 E669.24405
G1 X-9.877 Y44.531 Z12.625 E669.79569
G1 X-10.874 Y43.885 Z12.628 E670.35436
G1 X-11.816 Y43.11 Z12.63 E670.92801
G1 X-12.708 Y42.19 Z12.632 E671.53062
G1 X-13.536 Y41.13 Z12.634 E672.16315
G1 X-14.751 Y39.124 Z12.639 E673.26605
G1 X-15.596 Y37.14 Z12.643 E674.28015
G1 X-16.119 Y35.155 Z12.646 E675.24548
G1 X-16.36 Y33.172 Z12.65 E676.18488
G1 X-16.37 Y31.166 Z12.653 E677.12824
G1 X-16.19 Y29.136 Z12.657 E678.08662
G1 X-15.866 Y27.066 Z12.661 E679.07192
G1 X-15.442 Y24.95 Z12.665 E680.08678
G1 X-14.475 Y20.505 Z12.673 E682.226
G1 X-14.025 Y18.171 Z12.677 E683.34381
G1 X-13.595 Y15.32 Z12.682 E684.6997
G1 X-13.375 Y14.607 Z12.684 E685.0506
G1 X-13.092 Y13.916 Z12.685 E685.40175
G1 X-12.252 Y12.292 Z12.688 E686.26157
G1 X-11.869 Y11.14 Z12.691 E686.83247
G1 X-11.864 Y10.118 Z12.692 E687.31309
G1 X-12.055 Y9.427 Z12.694 E687.65023
G1 X-12.403 Y8.702 Z12.695 E688.02841
G1 X-12.881 Y8.085 Z12.697 E688.39545
G1 X-13.466 Y7.598 Z12.698 E688.75341
G1 X-14.146 Y7.235 Z12.699 E689.1159
G1 X-14.908 Y6.985 Z12.701 E689.49303
G1 X-15.723 Y6.834 Z12.702 E689.88282
G1 X-16.476 Y6.777 Z12.704 E690.23795
G1 X-17.201 Y6.801 Z12.705 E690.57907
G1 X-18.407 Y7.044 Z12.707 E691.15761
G1 X-19.549 Y7.515 Z12.709 E691.73854
G1 X-20.651 Y8.139 Z12.712 E692.33408
G1 X-22.374 Y9.231 Z12.715 E693.29337
G1 X-23.017 Y9.617 Z12.717 E693.64606
G1 X-23.933 Y10.193 Z12.719 E694.15491
G1 X-25.099 Y11.049 Z12.721 E694.83513
G1 X-26.35 Y12.206 Z12.724 E695.63647
G1 X-28.452 Y14.342 Z12.73 E697.04576
G1 X-29.39 Y15.172 Z12.732 E697.63477
G1 X-30.142 Y15.762 Z12.734 E698.08426
G1 X-30.951 Y16.31 Z12.735 E698.54377
G1 X-31.89 Y16.848 Z12.737 E699.05269
G1 X-33.562 Y17.709 Z12.741 E699.9371
G1 X-34.613 Y18.182 Z12.743 E700.4791
G1 X-35.645 Y18.531 Z12.745 E700.99141
G1 X-36.757 Y18.747 Z12.747 E701.52412
G1 X-37.915 Y18.789 Z12.749 E702.06904
G1 X-38.544 Y18.743 Z12.75 E702.36563
G1 X-39.955 Y18.534 Z12.752 E703.03641
G1 X-41.25 Y18.204 Z12.755 E703.66487
G1 X-42.365 Y17.747 Z12.757 E704.23155
G1 X-43.388 Y17.116 Z12.759 E704.79678
G1 X-43.883 Y16.712 Z12.76 E705.09725
G1 X-44.344 Y16.266 Z12.761 E705.3989
G1 X-44.79 Y15.758 Z12.763 E705.7168
G1 X-45.51 Y14.729 Z12.765 E706.30739
G1 X-45.726 Y14.291 Z12.766 E706.53706
G1 X-45.998 Y13.421 Z12.767 E706.96571
G1 X-46.065 Y13 Z12.768 E707.16619
G1 X-46.121 Y11.884 Z12.77 E707.69166
G1 X-46.046 Y9.822 Z12.774 E708.66199
G1 X-46.065 Y8.479 Z12.776 E709.29362
G1 X-45.971 Y7.768 Z12.778 E709.63089
G1 X-45.844 Y7.399 E709.8144
G1 X-45.645 Y7.012 Z12.779 E710.01905
G1 X-45.407 Y6.672 Z12.78 E710.21422
G1 X-45.152 Y6.4 Z12.781 E710.38955
G1 X-44.769 Y6.081 E710.62395
G1 X-43.521 Y5.257 Z12.784 E711.32723
G1 X-42.639 Y4.724 Z12.786 E711.81186
G1 X-41.789 Y4.277 Z12.788 E712.26348
G1 X-40.056 Y3.551 Z12.791 E713.14708
G1 X-38.531 Y3.03 Z12.794 E713.90493
G1 X-37.167 Y2.612 Z12.797 E714.57581
G1 X-35.871 Y2.262 Z12.799 E715.20711
G1 X-34.611 Y1.969 Z12.801 E715.81545
G1 X-33.442 Y1.733 Z12.803 E716.37628
G1 X-32.281 Y1.529 Z12.806 E716.93062
G1 X-31.117 Y1.346 Z12.808 E717.48474
G1 X-27.563 Y0.817 Z12.814 E719.17447
G1 X-26.294 Y0.606 Z12.816 E719.77943
G1 X-24.962 Y0.357 Z12.819 E720.41667
G1 X-23.565 Y0.061 Z12.821 E721.08822
G1 X-22.637 Y-0.089 Z12.823 E721.53029
G1 X-21.376 Y-.171 Z12.825 E722.12454
G1 X-18.266 Y-0.065 Z12.831 E723.58792
G1 X-17.178 Y-.132 Z12.833 E724.10053
G1 X-16.398 Y-.269 Z12.834 E724.47295
G1 X-15.682 Y-.526 Z12.836 E724.8307
G1 X-15.045 Y-.946 Z12.837 E725.18951
G1 X-14.503 Y-1.585 Z12.839 E725.58355
G1 X-14.011 Y-2.779 Z12.841 E726.19084
G1 X-14.093 Y-3.681 Z12.843 E726.61677
G1 X-14.485 Y-4.385 Z12.844 E726.9957
G1 X-14.828 Y-4.782 Z12.845 E727.24243
G1 X-15.501 Y-5.353 Z12.846 E727.65748
G1 X-16.319 Y-5.877 Z12.848 E728.11431
G1 X-17.169 Y-6.335 Z12.85 E728.56837
G1 X-18.082 Y-6.718 Z12.852 E729.03397
G1 X-18.967 Y-6.937 Z12.853 E729.46271
G1 X-19.829 Y-7.022 Z12.855 E729.87004
G1 X-20.671 Y-7.003 Z12.856 E730.26611
G1 X-21.647 Y-6.896 Z12.858 E730.72783
G1 X-23.99 Y-6.482 Z12.862 E731.84673
G1 X-24.835 Y-6.379 Z12.864 E732.24705
G1 X-25.72 Y-6.34 Z12.866 E732.66364
G1 X-26.618 Y-6.393 Z12.867 E733.08667
G1 X-28.27 Y-6.729 Z12.87 E733.87945
G1 X-30.044 Y-7.114 Z12.874 E734.73312
G1 X-31.502 Y-7.552 Z12.876 E735.44904
G1 X-32.025 Y-7.774 Z12.877 E735.71623
G1 X-32.546 Y-8.06 Z12.878 E735.99572
G1 X-33.028 Y-8.404 Z12.879 E736.2742
G1 X-33.471 Y-8.818 Z12.88 E736.55934
G1 X-33.87 Y-9.309 Z12.882 E736.85686
G1 X-34.231 Y-9.899 Z12.883 E737.18214
G1 X-34.556 Y-10.594 Z12.884 E737.54294
G1 X-34.789 Y-11.267 Z12.886 E737.87786
G1 X-34.949 Y-11.96 Z12.887 E738.21233
G1 X-35.027 Y-12.633 Z12.888 E738.53093
G1 X-35.032 Y-13.304 Z12.889 E738.84649
G1 X-34.963 Y-13.967 Z12.89 E739.15996
G1 X-34.824 Y-14.637 Z12.892 E739.48174
G1 X-34.621 Y-15.29 Z12.893 E739.80332
G1 X-34.353 Y-15.937 Z12.894 E740.13265
G1 X-34.02 Y-16.588 Z12.895 E740.47652
G1 X-33.185 Y-17.857 Z12.898 E741.19089
G1 X-32.51 Y-18.69 Z12.9 E741.69509
G1 X-31.822 Y-19.42 Z12.902 E742.16682
G1 X-31.075 Y-20.09 Z12.904 E742.6387
G1 X-30.332 Y-20.647 Z12.905 E743.07539
G1 X-29.536 Y-21.133 Z12.907 E743.51398
G1 X-28.707 Y-21.536 Z12.909 E743.94745
G1 X-27.852 Y-21.853 Z12.91 E744.37627
G1 X-26.955 Y-22.093 Z12.912 E744.81294
G1 X-26.016 Y-22.253 Z12.914 E745.26088
G1 X-25.036 Y-22.336 Z12.915 E745.72339
G1 X-24.028 Y-22.341 Z12.917 E746.19742
G1 X-22.956 Y-22.267 Z12.919 E746.70275
G1 X-22.059 Y-22.12 Z12.921 E747.1302
G1 X-21.252 Y-21.878 Z12.922 E747.5264
G1 X-20.515 Y-21.549 Z12.924 E747.90595
G1 X-19.854 Y-21.157 Z12.925 E748.26735
G1 X-19.226 Y-20.692 Z12.927 E748.63482
G1 X-18.417 Y-19.991 Z12.929 E749.13822
G1 X-16.43 Y-17.972 Z12.934 E750.47037
G1 X-15.54 Y-17.163 Z12.936 E751.03597
G1 X-14.127 Y-16.016 Z12.939 E751.89182
G1 X-12.932 Y-14.881 Z12.942 E752.66687
G1 X-11.075 Y-12.901 Z12.947 E753.94343
G1 X-9.78 Y-11.781 Z12.95 E754.74859
G1 X-9.11 Y-11.33 Z12.951 E755.1284
G1 X-8.387 Y-10.931 Z12.953 E755.51674
G1 X-7.569 Y-10.578 Z12.955 E755.93571
G1 X-6.477 Y-10.185 Z12.957 E756.48148
G1 X-5.436 Y-9.884 Z12.959 E756.99108
G1 X-4.419 Y-9.712 Z12.96 E757.47613
G1 X-3.408 Y-9.711 Z12.962 E757.95157
G1 X-2.383 Y-9.917 Z12.964 E758.44323
G1 X-1.337 Y-10.368 Z12.966 E758.9789
G1 X-.406 Y-10.96 Z12.968 E759.49773
G1 X0.363 Y-11.642 Z12.97 E759.9811
G1 X0.97 Y-12.424 Z12.972 E760.44663
G1 X1.401 Y-13.307 Z12.974 E760.9087
G1 X1.646 Y-14.29 Z12.975 E761.38511
G1 X1.698 Y-15.345 Z12.977 E761.88184
G1 X1.56 Y-16.555 Z12.979 E762.45455
G1 X1.264 Y-17.603 Z12.981 E762.96667
G1 X0.83 Y-18.538 Z12.983 E763.45143
G1 X0.283 Y-19.384 Z12.985 E763.92519
G1 X-.359 Y-20.16 Z12.987 E764.39881
G1 X-1.224 Y-21.05 Z12.989 E764.98246
G1 X-3.417 Y-23.041 Z12.994 E766.37537
G1 X-4.239 Y-23.852 Z12.996 E766.9184
G1 X-4.995 Y-24.695 Z12.998 E767.4509
G1 X-5.738 Y-25.669 Z13.001 E768.02699
G1 X-6.473 Y-26.687 Z13.003 E768.61746
G1 X-7.22 Y-27.642 Z13.005 E769.18763
G1 X-7.956 Y-28.53 Z13.007 E769.73002
G1 X-9.381 Y-30.203 Z13.011 E770.76348
G1 X-10.047 Y-31.014 Z13.013 E771.25699
G1 X-10.669 Y-31.829 Z13.015 E771.73912
G1 X-11.264 Y-32.696 Z13.017 E772.23362
G1 X-11.801 Y-33.601 Z13.019 E772.72849
G1 X-12.294 Y-34.595 Z13.021 E773.25027
G1 X-12.729 Y-35.682 Z13.023 E773.80086
G1 X-13.095 Y-36.874 Z13.025 E774.38724
G1 X-13.408 Y-38.129 Z13.027 E774.9955
G1 X-13.619 Y-39.278 Z13.029 E775.54487
G1 X-13.698 Y-40.422 Z13.031 E776.08413
G1 X-13.599 Y-41.463 Z13.033 E776.57589
G1 X-13.467 Y-41.999 Z13.034 E776.83548
G1 X-13.278 Y-42.525 Z13.035 E777.09832
G1 X-13.021 Y-43.056 Z13.036 E777.37574
G1 X-12.694 Y-43.59 Z13.038 E777.67021
G1 X-12 Y-44.46 Z13.04 E778.19357
G1 X-11.234 Y-45.136 Z13.041 E778.674
G1 X-10.381 Y-45.637 Z13.043 E779.13921
G1 X-9.926 Y-45.819 Z13.044 E779.36966
G1 X-8.948 Y-46.054 Z13.046 E779.84267
G1 X-8.468 Y-46.103 Z13.047 E780.06957
G1 X-7.298 Y-46.083 Z13.049 E780.61986
G1 X-6.48 Y-45.971 Z13.05 E781.00813
G1 X-5.691 Y-45.783 Z13.052 E781.38956
G1 X-4.986 Y-45.534 Z13.053 E781.74116
G1 X-4.313 Y-45.213 Z13.054 E782.09181
G1 X-3.686 Y-44.834 Z13.056 E782.43635
G1 X-3.093 Y-44.398 Z13.057 E782.78248
G1 X-1.991 Y-43.385 Z13.06 E783.4864
G1 X-.917 Y-42.178 Z13.063 E784.24618
G1 X0.565 Y-40.351 Z13.067 E785.35248
G1 X1.296 Y-39.257 Z13.069 E785.97123
G1 X2.096 Y-37.786 Z13.072 E786.75867
G1 X2.724 Y-36.239 Z13.075 E787.54383
G1 X3.217 Y-34.668 Z13.078 E788.31814
G1 X4.173 Y-31.095 Z13.085 E790.0575
G1 X4.467 Y-29.822 Z13.087 E790.6719
G1 X4.646 Y-28.613 Z13.089 E791.24665
G1 X4.739 Y-27.45 Z13.091 E791.79531
G1 X4.773 Y-26.339 Z13.093 E792.31802
G1 X4.777 Y-24.114 Z13.097 E793.36436
G1 X4.802 Y-23.029 Z13.099 E793.87473
G1 X4.881 Y-21.943 Z13.101 E794.38679
G1 X5.041 Y-20.849 Z13.103 E794.90673
G1 X5.312 Y-19.738 Z13.105 E795.44452
G1 X5.723 Y-18.604 Z13.108 E796.01174
G1 X6.303 Y-17.437 Z13.11 E796.62458
G1 X6.995 Y-16.249 Z13.112 E797.27113
G1 X7.506 Y-15.517 Z13.114 E797.69094
G1 X8.078 Y-14.912 Z13.116 E798.08248
G1 X8.762 Y-14.481 Z13.117 E798.46267
G1 X9.618 Y-14.321 Z13.119 E798.87219
G1 X10.825 Y-14.626 Z13.121 E799.45764
G1 X11.398 Y-15.354 Z13.122 E799.89332
G1 X11.734 Y-16.203 Z13.124 E800.3227
G1 X12.202 Y-18.097 Z13.128 E801.24017
G1 X12.928 Y-19.899 Z13.131 E802.15378
G1 X13.284 Y-21.049 Z13.133 E802.7199
G1 X13.553 Y-22.174 Z13.135 E803.26386
G1 X13.767 Y-23.272 Z13.137 E803.78993
G1 X14.149 Y-25.391 Z13.141 E804.80248
G1 X14.38 Y-26.419 Z13.143 E805.29797
G1 X14.673 Y-27.405 Z13.145 E805.78169
G1 X15.058 Y-28.357 Z13.147 E806.26461
G1 X15.564 Y-29.272 Z13.149 E806.75631
G1 X16.23 Y-30.166 Z13.151 E807.28057
G1 X17.076 Y-31.025 Z13.153 E807.84754
G1 X17.797 Y-31.622 Z13.154 E808.28775
G1 X18.527 Y-32.141 Z13.156 E808.70896
G1 X19.268 Y-32.585 Z13.158 E809.11519
G1 X20.014 Y-32.949 Z13.159 E809.50554
G1 X20.766 Y-33.236 Z13.161 E809.88406
G1 X21.543 Y-33.455 Z13.162 E810.2637
G1 X22.333 Y-33.6 Z13.163 E810.64141
G1 X23.141 Y-33.678 Z13.165 E811.02315
G1 X23.979 Y-33.687 Z13.166 E811.41726
G1 X24.845 Y-33.631 Z13.168 E811.82536
G1 X25.743 Y-33.512 Z13.17 E812.25135
G1 X26.649 Y-33.334 Z13.171 E812.68555
G1 X27.618 Y-33.06 Z13.173 E813.1591
G1 X28.464 Y-32.697 Z13.175 E813.59202
G1 X29.24 Y-32.202 Z13.176 E814.02487
G1 X29.844 Y-31.632 Z13.178 E814.41542
G1 X30.355 Y-30.923 Z13.179 E814.82641
G1 X30.804 Y-29.98 Z13.181 E815.31758
G1 X31.05 Y-29.114 Z13.183 E815.74094
G1 X31.123 Y-28.299 Z13.184 E816.12574
G1 X31.031 Y-27.451 Z13.186 E816.52686
G1 X30.797 Y-26.642 Z13.187 E816.9229
G1 X30.434 Y-25.832 Z13.189 E817.34032
G1 X29.957 Y-25.002 Z13.191 E817.7905
G1 X29.514 Y-24.426 Z13.192 E818.13222
G1 X28.955 Y-23.947 Z13.193 E818.47841
G1 X28.376 Y-23.59 Z13.195 E818.79829
G1 X26.931 Y-22.843 Z13.198 E819.56325
G1 X25.704 Y-22.017 Z13.2 E820.25883
G1 X24.729 Y-21.422 Z13.202 E820.79598
G1 X22.55 Y-20.256 Z13.207 E821.95817
G1 X21.178 Y-19.393 Z13.21 E822.7204
G1 X20.066 Y-18.451 Z13.212 E823.40574
G1 X19.32 Y-17.634 Z13.214 E823.92602
G1 X18.152 Y-15.95 Z13.218 E824.88978
G1 X17.666 Y-15.144 Z13.22 E825.33239
G1 X17.304 Y-14.293 Z13.221 E825.76729
G1 X17.211 Y-13.176 Z13.223 E826.29439
G1 X17.702 Y-12.305 Z13.225 E826.76459
G1 X18.452 Y-11.671 Z13.227 E827.22642
G1 X19.347 Y-11.497 Z13.228 E827.65519
G1 X20.253 Y-11.622 Z13.23 E828.08528
G1 X21.198 Y-11.929 Z13.232 E828.55255
G1 X22.668 Y-12.524 Z13.235 E829.29832
G1 X23.71 Y-12.933 Z13.237 E829.82473
G1 X24.255 Y-13.221 Z13.238 E830.11461
G1 X25.226 Y-13.915 Z13.24 E830.67588
G1 X26.599 Y-15.15 Z13.243 E831.54432
G1 X27.451 Y-15.793 Z13.245 E832.04628
G1 X28.443 Y-16.326 Z13.247 E832.57586
G1 X29.49 Y-16.745 Z13.249 E833.10619
G1 X30.467 Y-17.071 Z13.251 E833.59054
G1 X31.637 Y-17.366 Z13.253 E834.15797
G1 X32.85 Y-17.52 Z13.256 E834.73298
G1 X33.938 Y-17.58 Z13.257 E835.24541
G1 X36.136 Y-17.601 Z13.261 E836.27909
G1 X37.631 Y-17.573 Z13.264 E836.98226
G1 X39.042 Y-17.446 Z13.267 E837.64849
G1 X40.356 Y-17.171 Z13.269 E838.2798
G1 X41.045 Y-16.949 Z13.27 E838.62022
G1 X41.695 Y-16.682 Z13.272 E838.95068
G1 X42.402 Y-16.326 Z13.273 E839.32292
G1 X43.081 Y-15.921 Z13.274 E839.69472
G1 X43.792 Y-15.413 Z13.276 E840.10565
G1 X44.359 Y-14.898 Z13.277 E840.46586
G1 X44.839 Y-14.321 Z13.279 E840.81882
G1 X45.233 Y-13.674 Z13.28 E841.17506
G1 X45.668 Y-12.582 Z13.282 E841.72783
G1 X45.916 Y-11.629 Z13.284 E842.19092
G1 X46.078 Y-10.641 Z13.286 E842.66175
G1 X46.115 Y-9.704 Z13.287 E843.10273
G1 X46.021 Y-8.802 Z13.289 E843.52921
G1 X45.782 Y-7.874 Z13.291 E843.97985
G1 X45.63 Y-7.469 Z13.292 E844.18328
G1 X45.163 Y-6.492 Z13.294 E844.69252
G1 X44.35 Y-5.153 Z13.296 E845.42918
G1 X43.481 Y-4.041 Z13.299 E846.09286
G1 X42.518 Y-3.117 Z13.301 E846.72047
G1 X41.426 Y-2.358 Z13.304 E847.34586
G1 X40.186 Y-1.748 Z13.306 E847.99573
G1 X38.684 Y-1.242 Z13.309 E848.74107
G1 X37.896 Y-1.068 Z13.31 E849.12056
G1 X37.139 Y-.984 Z13.312 E849.47874
G1 X36.424 Y-.979 Z13.313 E849.81499
G1 X35.716 Y-1.045 Z13.314 E850.14938
G1 X34.139 Y-1.384 Z13.317 E850.90793
G1 X31.806 Y-2.104 Z13.322 E852.05611
G1 X30.73 Y-2.365 Z13.324 E852.57679
G1 X29.899 Y-2.521 Z13.325 E852.97441
G1 X28.261 Y-2.853 Z13.328 E853.76037
G1 X26.713 Y-3.289 Z13.331 E854.51666
G1 X25.233 Y-3.796 Z13.334 E855.25236
G1 X23.823 Y-4.333 Z13.337 E855.96189
G1 X22.453 Y-4.868 Z13.339 E856.65353
G1 X21.098 Y-5.366 Z13.342 E857.33242
G1 X19.749 Y-5.791 Z13.344 E857.99754
G1 X18.386 Y-6.104 Z13.347 E858.6552
G1 X16.994 Y-6.269 Z13.349 E859.31439
G1 X15.556 Y-6.247 Z13.352 E859.99071
G1 X14.059 Y-6.001 Z13.355 E860.70414
G1 X12.466 Y-5.486 Z13.358 E861.49144
G1 X11.711 Y-5.12 Z13.359 E861.88601
G1 X10.787 Y-4.431 Z13.361 E862.42804
G1 X10.153 Y-3.554 Z13.363 E862.93695
G1 X9.907 Y-2.784 Z13.365 E863.31708
G1 X9.865 Y-2.017 Z13.366 E863.67831
G1 X10 Y-1.132 Z13.368 E864.09931
G1 X10.257 Y-.397 Z13.369 E864.46548
G1 X10.629 Y0.242 Z13.37 E864.81319
G1 X11.091 Y0.796 Z13.372 E865.15242
G1 X11.627 Y1.289 Z13.373 E865.49489
G1 X12.422 Y1.885 Z13.375 E865.96214
G1 X14.7 Y3.287 Z13.38 E867.22004
G1 X15.595 Y3.936 Z13.382 E867.73993
G1 X16.906 Y5.061 Z13.385 E868.55233
G1 X18.125 Y5.973 Z13.387 E869.26826
G1 X20.256 Y7.388 Z13.392 E870.4712
G1 X21.533 Y8.431 Z13.395 E871.24658
G1 X22.036 Y8.944 Z13.396 E871.58444
G1 X22.524 Y9.534 Z13.398 E871.94451
G1 X22.99 Y10.206 Z13.399 E872.32907
G1 X23.834 Y11.626 Z13.402 E873.1059
G1 X24.509 Y12.994 Z13.405 E873.82327
G1 X25.005 Y14.363 Z13.407 E874.50802
G1 X25.296 Y15.722 Z13.41 E875.16159
G1 X25.373 Y16.457 Z13.411 E875.50913
G1 X25.399 Y17.214 Z13.413 E875.86533
G1 X25.365 Y18.328 Z13.415 E876.38945
G1 X25.099 Y20.37 Z13.418 E877.35784
G1 X24.842 Y21.661 Z13.421 E877.97687
G1 X24.624 Y22.521 Z13.422 E878.39408
G1 X24.359 Y23.341 Z13.424 E878.79934
G1 X24.036 Y24.121 Z13.425 E879.19635
G1 X23.655 Y24.844 Z13.427 E879.58067
G1 X23.197 Y25.53 Z13.428 E879.96857
G1 X22.668 Y26.15 Z13.43 E880.35184
G1 X22.046 Y26.721 Z13.431 E880.7489
G1 X21.335 Y27.23 Z13.433 E881.16011
G1 X20.505 Y27.687 Z13.435 E881.60569
G1 X19.906 Y27.937 Z13.436 E881.91092
G1 X19.309 Y28.113 Z13.437 E882.20362
G1 X18.721 Y28.216 Z13.438 E882.48434
G1 X18.142 Y28.248 Z13.439 E882.75704
G1 X17.566 Y28.216 Z13.44 E883.02833
G1 X17.003 Y28.12 Z13.441 E883.29691
G1 X16.444 Y27.967 Z13.442 E883.56946
G1 X15.888 Y27.757 Z13.443 E883.84895
G1 X14.794 Y27.19 Z13.445 E884.42842
G1 X13.672 Y26.413 Z13.448 E885.07022
G1 X12.296 Y25.195 Z13.451 E885.9344
G1 X11.19 Y23.896 Z13.454 E886.7367
G1 X10.311 Y22.521 Z13.457 E887.50414
G1 X9.621 Y21.093 Z13.46 E888.24997
G1 X9.06 Y19.587 Z13.463 E889.00573
G1 X8.605 Y18.075 Z13.466 E889.74827
G1 X7.752 Y14.858 Z13.472 E891.31339
G1 X7.273 Y13.211 Z13.475 E892.12
G1 X6.691 Y11.542 Z13.478 E892.95123
G1 X5.959 Y9.857 Z13.481 E893.81516
G1 X5.029 Y8.172 Z13.485 E894.72024
G1 X4.589 Y7.441 Z13.486 E895.12147
G1 X3.155 Y4.905 Z13.491 E896.49152
G1 X2.217 Y3.486 Z13.494 E897.29144
G1 X1.277 Y2.4 Z13.497 E897.96689
G1 X0.687 Y1.861 Z13.498 E898.3427
G1 X0.02 Y1.351 Z13.5 E898.73755
;TIME_ELAPSED:391.180038
;LAYER:13
;TYPE:WALL-OUTER
;MESH:030.stl
G1 X-1.617 Y0.377 Z13.503 E899.63333
G1 X-2.557 Y-0.067 Z13.505 E900.12221
G1 X-3.481 Y-.371 Z13.507 E900.57965
G1 X-4.418 Y-.49 Z13.509 E901.02383
G1 X-5.316 Y-.377 Z13.51 E901.44945
G1 X-5.882 Y-.184 Z13.511 E901.73067
G1 X-6.702 Y0.277 Z13.513 E902.17305
G1 X-7.297 Y0.855 Z13.515 E902.56315
G1 X-7.717 Y1.561 Z13.516 E902.94946
G1 X-8.012 Y2.649 Z13.518 E903.47958
G1 X-8.085 Y3.517 Z13.52 E903.88921
G1 X-8.083 Y4.396 Z13.521 E904.30258
G1 X-7.823 Y6.597 Z13.525 E905.34483
G1 X-7.238 Y8.681 Z13.529 E906.36274
G1 X-6.387 Y10.679 Z13.533 E907.384
G1 X-5.326 Y12.626 Z13.537 E908.42673
G1 X-4.111 Y14.547 Z13.541 E909.49564
G1 X-2.794 Y16.474 Z13.545 E910.59326
G1 X-1.441 Y18.423 Z13.55 E911.70901
G1 X-0.077 Y20.461 Z13.554 E912.86226
G1 X1.212 Y22.57 Z13.558 E914.02462
G1 X2.386 Y24.801 Z13.563 E915.21018
G1 X3.391 Y27.182 Z13.568 E916.42553
G1 X4.177 Y29.746 Z13.572 E917.68667
G1 X4.494 Y30.982 Z13.575 E918.28673
G1 X5.121 Y33.344 Z13.579 E919.43597
G1 X5.388 Y34.437 Z13.581 E919.96508
G1 X5.614 Y35.528 Z13.583 E920.48903
G1 X5.78 Y36.607 Z13.585 E921.00242
G1 X5.867 Y37.66 Z13.587 E921.49929
G1 X5.861 Y38.715 Z13.589 E921.99543
G1 X5.748 Y39.764 Z13.591 E922.49159
G1 X5.511 Y40.84 Z13.593 E923.00973
G1 X5.136 Y41.935 Z13.595 E923.55403
G1 X4.609 Y43.05 Z13.597 E924.13399
G1 X4.045 Y43.924 Z13.599 E924.62315
G1 X3.732 Y44.289 Z13.6 E924.84926
G1 X3.043 Y44.895 Z13.601 E925.28077
G1 X2.261 Y45.354 Z13.603 E925.70719
G1 X1.85 Y45.525 Z13.604 E925.91653
G1 X0.882 Y45.803 Z13.606 E926.39014
G1 X-.164 Y45.965 Z13.608 E926.88791
G1 X-1.517 Y46.074 Z13.61 E927.52623
G1 X-2.834 Y46.117 Z13.612 E928.1459
G1 X-4.135 Y46.086 Z13.615 E928.75789
G1 X-5.378 Y45.971 Z13.617 E929.34493
G1 X-6.583 Y45.766 Z13.619 E929.91974
G1 X-7.721 Y45.466 Z13.621 E930.47318
G1 X-8.827 Y45.054 Z13.623 E931.02821
G1 X-9.877 Y44.531 Z13.625 E931.57985
G1 X-10.874 Y43.885 Z13.628 E932.13852
G1 X-11.816 Y43.11 Z13.63 E932.71216
G1 X-12.708 Y42.19 Z13.632 E933.31478
G1 X-13.536 Y41.13 Z13.634 E933.94731
G1 X-14.751 Y39.124 Z13.639 E935.0502
G1 X-15.596 Y37.14 Z13.643 E936.06431
G1 X-16.119 Y35.155 Z13.646 E937.02964
G1 X-16.36 Y33.172 Z13.65 E937.96904
G1 X-16.37 Y31.166 Z13.653 E938.9124
G1 X-16.19 Y29.136 Z13.657 E939.87078
G1 X-15.866 Y27.066 Z13.661 E940.85608
G1 X-15.442 Y24.95 Z13.665 E941.87094
G1 X-14.475 Y20.505 Z13.673 E944.01016
G1 X-14.025 Y18.171 Z13.677 E945.12797
G1 X-13.595 Y15.32 Z13.682 E946.48386
G1 X-13.375 Y14.607 Z13.684 E946.83476
G1 X-13.092 Y13.916 Z13.685 E947.18591
G1 X-12.252 Y12.292 Z13.688 E948.04573
G1 X-11.869 Y11.14 Z13.691 E948.61663
G1 X-11.864 Y10.118 Z13.692 E949.09725
G1 X-12.055 Y9.427 Z13.694 E949.43439
G1 X-12.403 Y8.702 Z13.695 E949.81257
G1 X-12.881 Y8.085 Z13.697 E950.17961
G1 X-13.466 Y7.598 Z13.698 E950.53757
G1 X-14.146 Y7.235 Z13.699 E950.90006
G1 X-14.908 Y6.985 Z13.701 E951.27719
G1 X-15.723 Y6.834 Z13.702 E951.66698
G1 X-16.476 Y6.777 Z13.704 E952.0221
G1 X-17.201 Y6.801 Z13.705 E952.36323
G1 X-18.407 Y7.044 Z13.707 E952.94177
G1 X-19.549 Y7.515 Z13.709 E953.52269
G1 X-20.651 Y8.139 Z13.712 E954.11824
G1 X-22.374 Y9.231 Z13.715 E955.07753
G1 X-23.017 Y9.617 Z13.717 E955.43021
G1 X-23.933 Y10.193 Z13.719 E955.93906
G1 X-25.099 Y11.049 Z13.721 E956.61929
G1 X-26.35 Y12.206 Z13.724 E957.42063
G1 X-28.452 Y14.342 Z13.73 E958.82992
G1 X-29.39 Y15.172 Z13.732 E959.41893
G1 X-30.142 Y15.762 Z13.734 E959.86842
G1 X-30.951 Y16.31 Z13.735 E960.32793
G1 X-31.89 Y16.848 Z13.737 E960.83685
G1 X-33.562 Y17.709 Z13.741 E961.72126
G1 X-34.613 Y18.182 Z13.743 E962.26326
G1 X-35.645 Y18.531 Z13.745 E962.77557
G1 X-36.757 Y18.747 Z13.747 E963.30828
G1 X-37.915 Y18.789 Z13.749 E963.8532
G1 X-38.544 Y18.743 Z13.75 E964.14979
G1 X-39.955 Y18.534 Z13.752 E964.82057
G1 X-41.25 Y18.204 Z13.755 E965.44903
G1 X-42.365 Y17.747 Z13.757 E966.01571
G1 X-43.388 Y17.116 Z13.759 E966.58094
G1 X-43.883 Y16.712 Z13.76 E966.88141
G1 X-44.344 Y16.266 Z13.761 E967.18305
G1 X-44.79 Y15.758 Z13.763 E967.50096
G1 X-45.51 Y14.729 Z13.765 E968.09155
G1 X-45.726 Y14.291 Z13.766 E968.32121
G1 X-45.998 Y13.421 Z13.767 E968.74987
G1 X-46.065 Y13 Z13.768 E968.95035
G1 X-46.121 Y11.884 Z13.77 E969.47582
G1 X-46.046 Y9.822 Z13.774 E970.44615
G1 X-46.065 Y8.479 Z13.776 E971.07778
G1 X-45.971 Y7.768 Z13.778 E971.41505
G1 X-45.844 Y7.399 E971.59856
G1 X-45.645 Y7.012 Z13.779 E971.80321
G1 X-45.407 Y6.672 Z13.78 E971.99838
G1 X-45.152 Y6.4 Z13.781 E972.17371
G1 X-44.769 Y6.081 E972.40811
G1 X-43.521 Y5.257 Z13.784 E973.11139
G1 X-42.639 Y4.724 Z13.786 E973.59601
G1 X-41.789 Y4.277 Z13.788 E974.04764
G1 X-40.056 Y3.551 Z13.791 E974.93123
G1 X-38.531 Y3.03 Z13.794 E975.68909
G1 X-37.167 Y2.612 Z13.797 E976.35997
G1 X-35.871 Y2.262 Z13.799 E976.99127
G1 X-34.611 Y1.969 Z13.801 E977.59961
G1 X-33.442 Y1.733 Z13.803 E978.16044
G1 X-32.281 Y1.529 Z13.806 E978.71478
G1 X-31.117 Y1.346 Z13.808 E979.26889
G1 X-27.563 Y0.817 Z13.814 E980.95863
G1 X-26.294 Y0.606 Z13.816 E981.56359
G1 X-24.962 Y0.357 Z13.819 E982.20083
G1 X-23.565 Y0.061 Z13.821 E982.87237
G1 X-22.637 Y-0.089 Z13.823 E983.31444
G1 X-21.376 Y-.171 Z13.825 E983.9087
G1 X-18.266 Y-0.065 Z13.831 E985.37207
G1 X-17.178 Y-.132 Z13.833 E985.88469
G1 X-16.398 Y-.269 Z13.834 E986.25711
G1 X-15.682 Y-.526 Z13.836 E986.61486
G1 X-15.045 Y-.946 Z13.837 E986.97367
G1 X-14.503 Y-1.585 Z13.839 E987.3677
G1 X-14.011 Y-2.779 Z13.841 E987.975
G1 X-14.093 Y-3.681 Z13.843 E988.40093
G1 X-14.485 Y-4.385 Z13.844 E988.77986
G1 X-14.828 Y-4.782 Z13.845 E989.02658
G1 X-15.501 Y-5.353 Z13.846 E989.44164
G1 X-16.319 Y-5.877 Z13.848 E989.89847
G1 X-17.169 Y-6.335 Z13.85 E990.35253
G1 X-18.082 Y-6.718 Z13.852 E990.81813
G1 X-18.967 Y-6.937 Z13.853 E991.24687
G1 X-19.829 Y-7.022 Z13.855 E991.6542
G1 X-20.671 Y-7.003 Z13.856 E992.05026
G1 X-21.647 Y-6.896 Z13.858 E992.51199
G1 X-23.99 Y-6.482 Z13.862 E993.63089
G1 X-24.835 Y-6.379 Z13.864 E994.03121
G1 X-25.72 Y-6.34 Z13.866 E994.44779
G1 X-26.618 Y-6.393 Z13.867 E994.87083
G1 X-28.27 Y-6.729 Z13.87 E995.66361
G1 X-30.044 Y-7.114 Z13.874 E996.51728
G1 X-31.502 Y-7.552 Z13.876 E997.2332
G1 X-32.025 Y-7.774 Z13.877 E997.50038
G1 X-32.546 Y-8.06 Z13.878 E997.77988
G1 X-33.028 Y-8.404 Z13.879 E998.05836
G1 X-33.471 Y-8.818 Z13.88 E998.34349
G1 X-33.87 Y-9.309 Z13.882 E998.64102
G1 X-34.231 Y-9.899 Z13.883 E998.96629
G1 X-34.556 Y-10.594 Z13.884 E999.3271
G1 X-34.789 Y-11.267 Z13.886 E999.66202
G1 X-34.949 Y-11.96 Z13.887 E999.99648
G1 X-35.027 Y-12.633 Z13.888 E1000.31509
G1 X-35.032 Y-13.304 Z13.889 E1000.63065
G1 X-34.963 Y-13.967 Z13.89 E1000.94412
G1 X-34.824 Y-14.637 Z13.892 E1001.2659
G1 X-34.621 Y-15.29 Z13.893 E1001.58748
G1 X-34.353 Y-15.937 Z13.894 E1001.91681
G1 X-34.02 Y-16.588 Z13.895 E1002.26068
G1 X-33.185 Y-17.857 Z13.898 E1002.97505
G1 X-32.51 Y-18.69 Z13.9 E1003.47924
G1 X-31.822 Y-19.42 Z13.902 E1003.95098
G1 X-31.075 Y-20.09 Z13.904 E1004.42286
G1 X-30.332 Y-20.647 Z13.905 E1004.85955
G1 X-29.536 Y-21.133 Z13.907 E1005.29814
G1 X-28.707 Y-21.536 Z13.909 E1005.73161
G1 X-27.852 Y-21.853 Z13.91 E1006.16043
G1 X-26.955 Y-22.093 Z13.912 E1006.5971
G1 X-26.016 Y-22.253 Z13.914 E1007.04504
G1 X-25.036 Y-22.336 Z13.915 E1007.50755
G1 X-24.028 Y-22.341 Z13.917 E1007.98158
G1 X-22.956 Y-22.267 Z13.919 E1008.48691
G1 X-22.059 Y-22.12 Z13.921 E1008.91436
G1 X-21.252 Y-21.878 Z13.922 E1009.31056
G1 X-20.515 Y-21.549 Z13.924 E1009.69011
G1 X-19.854 Y-21.157 Z13.925 E1010.05151
G1 X-19.226 Y-20.692 Z13.927 E1010.41898
G1 X-18.417 Y-19.991 Z13.929 E1010.92238
G1 X-16.43 Y-17.972 Z13.934 E1012.25452
G1 X-15.54 Y-17.163 Z13.936 E1012.82013
G1 X-14.127 Y-16.016 Z13.939 E1013.67598
G1 X-12.932 Y-14.881 Z13.942 E1014.45103
G1 X-11.075 Y-12.901 Z13.947 E1015.72759
G1 X-9.78 Y-11.781 Z13.95 E1016.53275
G1 X-9.11 Y-11.33 Z13.951 E1016.91256
G1 X-8.387 Y-10.931 Z13.953 E1017.3009
G1 X-7.569 Y-10.578 Z13.955 E1017.71987
G1 X-6.477 Y-10.185 Z13.957 E1018.26564
G1 X-5.436 Y-9.884 Z13.959 E1018.77524
G1 X-4.419 Y-9.712 Z13.96 E1019.26029
G1 X-3.408 Y-9.711 Z13.962 E1019.73573
G1 X-2.383 Y-9.917 Z13.964 E1020.22739
G1 X-1.337 Y-10.368 Z13.966 E1020.76306
G1 X-.406 Y-10.96 Z13.968 E1021.28189
G1 X0.363 Y-11.642 Z13.97 E1021.76526
G1 X0.97 Y-12.424 Z13.972 E1022.23079
G1 X1.401 Y-13.307 Z13.974 E1022.69286
G1 X1.646 Y-14.29 Z13.975 E1023.16927
G1 X1.698 Y-15.345 Z13.977 E1023.666
G1 X1.56 Y-16.555 Z13.979 E1024.23871
G1 X1.264 Y-17.603 Z13.981 E1024.75083
G1 X0.83 Y-18.538 Z13.983 E1025.23558
G1 X0.283 Y-19.384 Z13.985 E1025.70935
G1 X-.359 Y-20.16 Z13.987 E1026.18297
G1 X-1.224 Y-21.05 Z13.989 E1026.76662
G1 X-3.417 Y-23.041 Z13.994 E1028.15953
G1 X-4.239 Y-23.852 Z13.996 E1028.70256
G1 X-4.995 Y-24.695 Z13.998 E1029.23506
G1 X-5.738 Y-25.669 Z14.001 E1029.81115
G1 X-6.473 Y-26.687 Z14.003 E1030.40162
G1 X-7.22 Y-27.642 Z14.005 E1030.97179
G1 X-7.956 Y-28.53 Z14.007 E1031.51417
G1 X-9.381 Y-30.203 Z14.011 E1032.54764
G1 X-10.047 Y-31.014 Z14.013 E1033.04114
G1 X-10.669 Y-31.829 Z14.015 E1033.52328
G1 X-11.264 Y-32.696 Z14.017 E1034.01777
G1 X-11.801 Y-33.601 Z14.019 E1034.51265
G1 X-12.294 Y-34.595 Z14.021 E1035.03443
G1 X-12.729 Y-35.682 Z14.023 E1035.58502
G1 X-13.095 Y-36.874 Z14.025 E1036.1714
G1 X-13.408 Y-38.129 Z14.027 E1036.77966
G1 X-13.619 Y-39.278 Z14.029 E1037.32903
G1 X-13.698 Y-40.422 Z14.031 E1037.86829
G1 X-13.599 Y-41.463 Z14.033 E1038.36005
G1 X-13.467 Y-41.999 Z14.034 E1038.61964
G1 X-13.278 Y-42.525 Z14.035 E1038.88248
G1 X-13.021 Y-43.056 Z14.036 E1039.1599
G1 X-12.694 Y-43.59 Z14.038 E1039.45437
G1 X-12 Y-44.46 Z14.04 E1039.97772
G1 X-11.234 Y-45.136 Z14.041 E1040.45816
G1 X-10.381 Y-45.637 Z14.043 E1040.92337
G1 X-9.926 Y-45.819 Z14.044 E1041.15382
G1 X-8.948 Y-46.054 Z14.046 E1041.62683
G1 X-8.468 Y-46.103 Z14.047 E1041.85373
G1 X-7.298 Y-46.083 Z14.049 E1042.40402
G1 X-6.48 Y-45.971 Z14.05 E1042.79229
G1 X-5.691 Y-45.783 Z14.052 E1043.17371
G1 X-4.986 Y-45.534 Z14.053 E1043.52532
G1 X-4.313 Y-45.213 Z14.054 E1043.87597
G1 X-3.686 Y-44.834 Z14.056 E1044.22051
G1 X-3.093 Y-44.398 Z14.057 E1044.56664
G1 X-1.991 Y-43.385 Z14.06 E1045.27055
G1 X-.917 Y-42.178 Z14.063 E1046.03034
G1 X0.565 Y-40.351 Z14.067 E1047.13663
G1 X1.296 Y-39.257 Z14.069 E1047.75538
G1 X2.096 Y-37.786 Z14.072 E1048.54283
G1 X2.724 Y-36.239 Z14.075 E1049.32798
G1 X3.217 Y-34.668 Z14.078 E1050.10229
G1 X4.173 Y-31.095 Z14.085 E1051.84165
G1 X4.467 Y-29.822 Z14.087 E1052.45606
G1 X4.646 Y-28.613 Z14.089 E1053.03081
G1 X4.739 Y-27.45 Z14.091 E1053.57947
G1 X4.773 Y-26.339 Z14.093 E1054.10218
G1 X4.777 Y-24.114 Z14.097 E1055.14852
G1 X4.802 Y-23.029 Z14.099 E1055.65889
G1 X4.881 Y-21.943 Z14.101 E1056.17095
G1 X5.041 Y-20.849 Z14.103 E1056.69089
G1 X5.312 Y-19.738 Z14.105 E1057.22867
G1 X5.723 Y-18.604 Z14.108 E1057.7959
G1 X6.303 Y-17.437 Z14.11 E1058.40874
G1 X6.995 Y-16.249 Z14.112 E1059.05528
G1 X7.506 Y-15.517 Z14.114 E1059.4751
G1 X8.078 Y-14.912 Z14.116 E1059.86664
G1 X8.762 Y-14.481 Z14.117 E1060.24683
G1 X9.618 Y-14.321 Z14.119 E1060.65635
G1 X10.825 Y-14.626 Z14.121 E1061.2418
G1 X11.398 Y-15.354 Z14.122 E1061.67748
G1 X11.734 Y-16.203 Z14.124 E1062.10686
G1 X12.202 Y-18.097 Z14.128 E1063.02433
G1 X12.928 Y-19.899 Z14.131 E1063.93794
G1 X13.284 Y-21.049 Z14.133 E1064.50406
G1 X13.553 Y-22.174 Z14.135 E1065.04802
G1 X13.767 Y-23.272 Z14.137 E1065.57409
G1 X14.149 Y-25.391 Z14.141 E1066.58664
G1 X14.38 Y-26.419 Z14.143 E1067.08213
G1 X14.673 Y-27.405 Z14.145 E1067.56585
G1 X15.058 Y-28.357 Z14.147 E1068.04877
G1 X15.564 Y-29.272 Z14.149 E1068.54047
G1 X16.23 Y-30.166 Z14.151 E1069.06473
G1 X17.076 Y-31.025 Z14.153 E1069.6317
G1 X17.797 Y-31.622 Z14.154 E1070.07191
G1 X18.527 Y-32.141 Z14.156 E1070.49312
G1 X19.268 Y-32.585 Z14.158 E1070.89935
G1 X20.014 Y-32.949 Z14.159 E1071.2897
G1 X20.766 Y-33.236 Z14.161 E1071.66822
G1 X21.543 Y-33.455 Z14.162 E1072.04785
G1 X22.333 Y-33.6 Z14.163 E1072.42557
G1 X23.141 Y-33.678 Z14.165 E1072.80731
G1 X23.979 Y-33.687 Z14.166 E1073.20141
G1 X24.845 Y-33.631 Z14.168 E1073.60951
G1 X25.743 Y-33.512 Z14.17 E1074.0355
G1 X26.649 Y-33.334 Z14.171 E1074.46971
G1 X27.618 Y-33.06 Z14.173 E1074.94326
G1 X28.464 Y-32.697 Z14.175 E1075.37618
G1 X29.24 Y-32.202 Z14.176 E1075.80903
G1 X29.844 Y-31.632 Z14.178 E1076.19958
G1 X30.355 Y-30.923 Z14.179 E1076.61057
G1 X30.804 Y-29.98 Z14.181 E1077.10174
G1 X31.05 Y-29.114 Z14.183 E1077.5251
G1 X31.123 Y-28.299 Z14.184 E1077.9099
G1 X31.031 Y-27.451 Z14.186 E1078.31102
G1 X30.797 Y-26.642 Z14.187 E1078.70706
G1 X30.434 Y-25.832 Z14.189 E1079.12448
G1 X29.957 Y-25.002 Z14.191 E1079.57466
G1 X29.514 Y-24.426 Z14.192 E1079.91638
G1 X28.955 Y-23.947 Z14.193 E1080.26257
G1 X28.376 Y-23.59 Z14.195 E1080.58245
G1 X26.931 Y-22.843 Z14.198 E1081.34741
G1 X25.704 Y-22.017 Z14.2 E1082.04299
G1 X24.729 Y-21.422 Z14.202 E1082.58013
G1 X22.55 Y-20.256 Z14.207 E1083.74233
G1 X21.178 Y-19.393 Z14.21 E1084.50455
G1 X20.066 Y-18.451 Z14.212 E1085.1899
G1 X19.32 Y-17.634 Z14.214 E1085.71018
G1 X18.152 Y-15.95 Z14.218 E1086.67394
G1 X17.666 Y-15.144 Z14.22 E1087.11655
G1 X17.304 Y-14.293 Z14.221 E1087.55145
G1 X17.211 Y-13.176 Z14.223 E1088.07855
G1 X17.702 Y-12.305 Z14.225 E1088.54875
G1 X18.452 Y-11.671 Z14.227 E1089.01058
G1 X19.347 Y-11.497 Z14.228 E1089.43935
G1 X20.253 Y-11.622 Z14.23 E1089.86944
G1 X21.198 Y-11.929 Z14.232 E1090.33671
G1 X22.668 Y-12.524 Z14.235 E1091.08248
G1 X23.71 Y-12.933 Z14.237 E1091.60889
G1 X24.255 Y-13.221 Z14.238 E1091.89877
G1 X25.226 Y-13.915 Z14.24 E1092.46003
G1 X26.599 Y-15.15 Z14.243 E1093.32848
G1 X27.451 Y-15.793 Z14.245 E1093.83044
G1 X28.443 Y-16.326 Z14.247 E1094.36002
G1 X29.49 Y-16.745 Z14.249 E1094.89035
G1 X30.467 Y-17.071 Z14.251 E1095.3747
G1 X31.637 Y-17.366 Z14.253 E1095.94213
G1 X32.85 Y-17.52 Z14.256 E1096.51714
G1 X33.938 Y-17.58 Z14.257 E1097.02956
G1 X36.136 Y-17.601 Z14.261 E1098.06325
G1 X37.631 Y-17.573 Z14.264 E1098.76642
G1 X39.042 Y-17.446 Z14.267 E1099.43265
G1 X40.356 Y-17.171 Z14.269 E1100.06396
G1 X41.045 Y-16.949 Z14.27 E1100.40438
G1 X41.695 Y-16.682 Z14.272 E1100.73484
G1 X42.402 Y-16.326 Z14.273 E1101.10708
G1 X43.081 Y-15.921 Z14.274 E1101.47888
G1 X43.792 Y-15.413 Z14.276 E1101.88981
G1 X44.359 Y-14.898 Z14.277 E1102.25002
G1 X44.839 Y-14.321 Z14.279 E1102.60298
G1 X45.233 Y-13.674 Z14.28 E1102.95922
G1 X45.668 Y-12.582 Z14.282 E1103.51199
G1 X45.916 Y-11.629 Z14.284 E1103.97508
G1 X46.078 Y-10.641 Z14.286 E1104.44591
G1 X46.115 Y-9.704 Z14.287 E1104.88689
G1 X46.021 Y-8.802 Z14.289 E1105.31336
G1 X45.782 Y-7.874 Z14.291 E1105.76401
G1 X45.63 Y-7.469 Z14.292 E1105.96744
G1 X45.163 Y-6.492 Z14.294 E1106.47668
G1 X44.35 Y-5.153 Z14.296 E1107.21334
G1 X43.481 Y-4.041 Z14.299 E1107.87702
G1 X42.518 Y-3.117 Z14.301 E1108.50463
G1 X41.426 Y-2.358 Z14.304 E1109.13002
G1 X40.186 Y-1.748 Z14.306 E1109.77989
G1 X38.684 Y-1.242 Z14.309 E1110.52523
G1 X37.896 Y-1.068 Z14.31 E1110.90472
G1 X37.139 Y-.984 Z14.312 E1111.2629
G1 X36.424 Y-.979 Z14.313 E1111.59915
G1 X35.716 Y-1.045 Z14.314 E1111.93354
G1 X34.139 Y-1.384 Z14.317 E1112.69209
G1 X31.806 Y-2.104 Z14.322 E1113.84027
G1 X30.73 Y-2.365 Z14.324 E1114.36095
G1 X29.899 Y-2.521 Z14.325 E1114.75857
G1 X28.261 Y-2.853 Z14.328 E1115.54452
G1 X26.713 Y-3.289 Z14.331 E1116.30082
G1 X25.233 Y-3.796 Z14.334 E1117.03651
G1 X23.823 Y-4.333 Z14.337 E1117.74605
G1 X22.453 Y-4.868 Z14.339 E1118.43769
G1 X21.098 Y-5.366 Z14.342 E1119.11658
G1 X19.749 Y-5.791 Z14.344 E1119.7817
G1 X18.386 Y-6.104 Z14.347 E1120.43936
G1 X16.994 Y-6.269 Z14.349 E1121.09855
G1 X15.556 Y-6.247 Z14.352 E1121.77487
G1 X14.059 Y-6.001 Z14.355 E1122.48829
G1 X12.466 Y-5.486 Z14.358 E1123.2756
G1 X11.711 Y-5.12 Z14.359 E1123.67017
G1 X10.787 Y-4.431 Z14.361 E1124.2122
G1 X10.153 Y-3.554 Z14.363 E1124.7211
G1 X9.907 Y-2.784 Z14.365 E1125.10124
G1 X9.865 Y-2.017 Z14.366 E1125.46247
G1 X10 Y-1.132 Z14.368 E1125.88347
G1 X10.257 Y-.397 Z14.369 E1126.24964
G1 X10.629 Y0.242 Z14.37 E1126.59735
G1 X11.091 Y0.796 Z14.372 E1126.93658
G1 X11.627 Y1.289 Z14.373 E1127.27905
G1 X12.422 Y1.885 Z14.375 E1127.7463
G1 X14.7 Y3.287 Z14.38 E1129.0042
G1 X15.595 Y3.936 Z14.382 E1129.52409
G1 X16.906 Y5.061 Z14.385 E1130.33649
G1 X18.125 Y5.973 Z14.387 E1131.05242
G1 X20.256 Y7.388 Z14.392 E1132.25536
G1 X21.533 Y8.431 Z14.395 E1133.03074
G1 X22.036 Y8.944 Z14.396 E1133.3686
G1 X22.524 Y9.534 Z14.398 E1133.72867
G1 X22.99 Y10.206 Z14.399 E1134.11323
G1 X23.834 Y11.626 Z14.402 E1134.89006
G1 X24.509 Y12.994 Z14.405 E1135.60743
G1 X25.005 Y14.363 Z14.407 E1136.29217
G1 X25.296 Y15.722 Z14.41 E1136.94575
G1 X25.373 Y16.457 Z14.411 E1137.29329
G1 X25.399 Y17.214 Z14.413 E1137.64949
G1 X25.365 Y18.328 Z14.415 E1138.17361
G1 X25.099 Y20.37 Z14.418 E1139.142
G1 X24.842 Y21.661 Z14.421 E1139.76102
G1 X24.624 Y22.521 Z14.422 E1140.17824
G1 X24.359 Y23.341 Z14.424 E1140.5835
G1 X24.036 Y24.121 Z14.425 E1140.98051
G1 X23.655 Y24.844 Z14.427 E1141.36483
G1 X23.197 Y25.53 Z14.428 E1141.75272
G1 X22.668 Y26.15 Z14.43 E1142.136
G1 X22.046 Y26.721 Z14.431 E1142.53306
G1 X21.335 Y27.23 Z14.433 E1142.94427
G1 X20.505 Y27.687 Z14.435 E1143.38984
G1 X19.906 Y27.937 Z14.436 E1143.69508
G1 X19.309 Y28.113 Z14.437 E1143.98778
G1 X18.721 Y28.216 Z14.438 E1144.2685
G1 X18.142 Y28.248 Z14.439 E1144.5412
G1 X17.566 Y28.216 Z14.44 E1144.81249
G1 X17.003 Y28.12 Z14.441 E1145.08107
G1 X16.444 Y27.967 Z14.442 E1145.35362
G1 X15.888 Y27.757 Z14.443 E1145.63311
G1 X14.794 Y27.19 Z14.445 E1146.21257
G1 X13.672 Y26.413 Z14.448 E1146.85438
G1 X12.296 Y25.195 Z14.451 E1147.71855
G1 X11.19 Y23.896 Z14.454 E1148.52085
G1 X10.311 Y22.521 Z14.457 E1149.2883
G1 X9.621 Y21.093 Z14.46 E1150.03413
G1 X9.06 Y19.587 Z14.463 E1150.78989
G1 X8.605 Y18.075 Z14.466 E1151.53242
G1 X7.752 Y14.858 Z14.472 E1153.09754
G1 X7.273 Y13.211 Z14.475 E1153.90416
G1 X6.691 Y11.542 Z14.478 E1154.73538
G1 X5.959 Y9.857 Z14.481 E1155.59932
G1 X5.029 Y8.172 Z14.485 E1156.5044
G1 X4.589 Y7.441 Z14.486 E1156.90563
G1 X3.155 Y4.905 Z14.491 E1158.27568
G1 X2.217 Y3.486 Z14.494 E1159.0756
G1 X1.277 Y2.4 Z14.497 E1159.75105
G1 X0.687 Y1.861 Z14.498 E1160.12685
G1 X0.02 Y1.351 Z14.5 E1160.52171
;TIME_ELAPSED:405.107021
;LAYER:14
;TYPE:WALL-OUTER
;MESH:030.stl
G1 X-1.617 Y0.377 Z14.503 E1161.41749
G1 X-2.557 Y-0.067 Z14.505 E1161.90637
G1 X-3.481 Y-.371 Z14.507 E1162.36381
G1 X-4.418 Y-.49 Z14.509 E1162.80798
G1 X-5.316 Y-.377 Z14.51 E1163.23361
G1 X-5.882 Y-.184 Z14.511 E1163.51483
G1 X-6.702 Y0.277 Z14.513 E1163.95721
G1 X-7.297 Y0.855 Z14.515 E1164.34731
G1 X-7.717 Y1.561 Z14.516 E1164.73362
G1 X-8.012 Y2.649 Z14.518 E1165.26374
G1 X-8.085 Y3.517 Z14.52 E1165.67337
G1 X-8.083 Y4.396 Z14.521 E1166.08674
G1 X-7.823 Y6.597 Z14.525 E1167.12899
G1 X-7.238 Y8.681 Z14.529 E1168.1469
G1 X-6.387 Y10.679 Z14.533 E1169.16816
G1 X-5.326 Y12.626 Z14.537 E1170.21089
G1 X-4.111 Y14.547 Z14.541 E1171.2798
G1 X-2.794 Y16.474 Z14.545 E1172.37742
G1 X-1.441 Y18.423 Z14.55 E1173.49317
G1 X-0.077 Y20.461 Z14.554 E1174.64642
G1 X1.212 Y22.57 Z14.558 E1175.80878
G1 X2.386 Y24.801 Z14.563 E1176.99433
G1 X3.391 Y27.182 Z14.568 E1178.20969
G1 X4.177 Y29.746 Z14.572 E1179.47083
G1 X4.494 Y30.982 Z14.575 E1180.07089
G1 X5.121 Y33.344 Z14.579 E1181.22013
G1 X5.388 Y34.437 Z14.581 E1181.74924
G1 X5.614 Y35.528 Z14.583 E1182.27319
G1 X5.78 Y36.607 Z14.585 E1182.78658
G1 X5.867 Y37.66 Z14.587 E1183.28345
G1 X5.861 Y38.715 Z14.589 E1183.77959
G1 X5.748 Y39.764 Z14.591 E1184.27575
G1 X5.511 Y40.84 Z14.593 E1184.79389
G1 X5.136 Y41.935 Z14.595 E1185.33819
G1 X4.609 Y43.05 Z14.597 E1185.91815
G1 X4.045 Y43.924 Z14.599 E1186.40731
G1 X3.732 Y44.289 Z14.6 E1186.63342
G1 X3.043 Y44.895 Z14.601 E1187.06493
G1 X2.261 Y45.354 Z14.603 E1187.49134
G1 X1.85 Y45.525 Z14.604 E1187.70068
G1 X0.882 Y45.803 Z14.606 E1188.1743
G1 X-.164 Y45.965 Z14.608 E1188.67206
G1 X-1.517 Y46.074 Z14.61 E1189.31039
G1 X-2.834 Y46.117 Z14.612 E1189.93006
G1 X-4.135 Y46.086 Z14.615 E1190.54205
G1 X-5.378 Y45.971 Z14.617 E1191.12908
G1 X-6.583 Y45.766 Z14.619 E1191.7039
G1 X-7.721 Y45.466 Z14.621 E1192.25734
G1 X-8.827 Y45.054 Z14.623 E1192.81237
G1 X-9.877 Y44.531 Z14.625 E1193.36401
G1 X-10.874 Y43.885 Z14.628 E1193.92268
G1 X-11.816 Y43.11 Z14.63 E1194.49632
G1 X-12.708 Y42.19 Z14.632 E1195.09893
G1 X-13.536 Y41.13 Z14.634 E1195.73147
G1 X-14.751 Y39.124 Z14.639 E1196.83436
G1 X-15.596 Y37.14 Z14.643 E1197.84847
G1 X-16.119 Y35.155 Z14.646 E1198.8138
G1 X-16.36 Y33.172 Z14.65 E1199.75319
G1 X-16.37 Y31.166 Z14.653 E1200.69656
G1 X-16.19 Y29.136 Z14.657 E1201.65494
G1 X-15.866 Y27.066 Z14.661 E1202.64024
G1 X-15.442 Y24.95 Z14.665 E1203.6551
G1 X-14.475 Y20.505 Z14.673 E1205.79432
G1 X-14.025 Y18.171 Z14.677 E1206.91213
G1 X-13.595 Y15.32 Z14.682 E1208.26802
G1 X-13.375 Y14.607 Z14.684 E1208.61892
G1 X-13.092 Y13.916 Z14.685 E1208.97007
G1 X-12.252 Y12.292 Z14.688 E1209.82989
G1 X-11.869 Y11.14 Z14.691 E1210.40079
G1 X-11.864 Y10.118 Z14.692 E1210.88141
G1 X-12.055 Y9.427 Z14.694 E1211.21855
G1 X-12.403 Y8.702 Z14.695 E1211.59673
G1 X-12.881 Y8.085 Z14.697 E1211.96377
G1 X-13.466 Y7.598 Z14.698 E1212.32172
G1 X-14.146 Y7.235 Z14.699 E1212.68422
G1 X-14.908 Y6.985 Z14.701 E1213.06135
G1 X-15.723 Y6.834 Z14.702 E1213.45114
G1 X-16.476 Y6.777 Z14.704 E1213.80626
G1 X-17.201 Y6.801 Z14.705 E1214.14739
G1 X-18.407 Y7.044 Z14.707 E1214.72593
G1 X-19.549 Y7.515 Z14.709 E1215.30685
G1 X-20.651 Y8.139 Z14.712 E1215.9024
G1 X-22.374 Y9.231 Z14.715 E1216.86169
G1 X-23.017 Y9.617 Z14.717 E1217.21437
G1 X-23.933 Y10.193 Z14.719 E1217.72322
G1 X-25.099 Y11.049 Z14.721 E1218.40345
G1 X-26.35 Y12.206 Z14.724 E1219.20478
G1 X-28.452 Y14.342 Z14.73 E1220.61408
G1 X-29.39 Y15.172 Z14.732 E1221.20309
G1 X-30.142 Y15.762 Z14.734 E1221.65258
G1 X-30.951 Y16.31 Z14.735 E1222.11209
G1 X-31.89 Y16.848 Z14.737 E1222.62101
G1 X-33.562 Y17.709 Z14.741 E1223.50542
G1 X-34.613 Y18.182 Z14.743 E1224.04742
G1 X-35.645 Y18.531 Z14.745 E1224.55973
G1 X-36.757 Y18.747 Z14.747 E1225.09244
G1 X-37.915 Y18.789 Z14.749 E1225.63736
G1 X-38.544 Y18.743 Z14.75 E1225.93395
G1 X-39.955 Y18.534 Z14.752 E1226.60473
G1 X-41.25 Y18.204 Z14.755 E1227.23319
G1 X-42.365 Y17.747 Z14.757 E1227.79986
G1 X-43.388 Y17.116 Z14.759 E1228.3651
G1 X-43.883 Y16.712 Z14.76 E1228.66557
G1 X-44.344 Y16.266 Z14.761 E1228.96721
G1 X-44.79 Y15.758 Z14.763 E1229.28511
G1 X-45.51 Y14.729 Z14.765 E1229.87571
G1 X-45.726 Y14.291 Z14.766 E1230.10537
G1 X-45.998 Y13.421 Z14.767 E1230.53403
G1 X-46.065 Y13 Z14.768 E1230.7345
G1 X-46.121 Y11.884 Z14.77 E1231.25998
G1 X-46.046 Y9.822 Z14.774 E1232.23031
G1 X-46.065 Y8.479 Z14.776 E1232.86194
G1 X-45.971 Y7.768 Z14.778 E1233.1992
G1 X-45.844 Y7.399 E1233.38272
G1 X-45.645 Y7.012 Z14.779 E1233.58737
G1 X-45.407 Y6.672 Z14.78 E1233.78254
G1 X-45.152 Y6.4 Z14.781 E1233.95787
G1 X-44.769 Y6.081 E1234.19227
G1 X-43.521 Y5.257 Z14.784 E1234.89555
G1 X-42.639 Y4.724 Z14.786 E1235.38017
G1 X-41.789 Y4.277 Z14.788 E1235.8318
G1 X-40.056 Y3.551 Z14.791 E1236.71539
G1 X-38.531 Y3.03 Z14.794 E1237.47324
G1 X-37.167 Y2.612 Z14.797 E1238.14413
G1 X-35.871 Y2.262 Z14.799 E1238.77543
G1 X-34.611 Y1.969 Z14.801 E1239.38377
G1 X-33.442 Y1.733 Z14.803 E1239.9446
G1 X-32.281 Y1.529 Z14.806 E1240.49894
G1 X-31.117 Y1.346 Z14.808 E1241.05305
G1 X-27.563 Y0.817 Z14.814 E1242.74279
G1 X-26.294 Y0.606 Z14.816 E1243.34775
G1 X-24.962 Y0.357 Z14.819 E1243.98499
G1 X-23.565 Y0.061 Z14.821 E1244.65653
G1 X-22.637 Y-0.089 Z14.823 E1245.0986
G1 X-21.376 Y-.171 Z14.825 E1245.69286
G1 X-18.266 Y-0.065 Z14.831 E1247.15623
G1 X-17.178 Y-.132 Z14.833 E1247.66885
G1 X-16.398 Y-.269 Z14.834 E1248.04127
G1 X-15.682 Y-.526 Z14.836 E1248.39901
G1 X-15.045 Y-.946 Z14.837 E1248.75783
G1 X-14.503 Y-1.585 Z14.839 E1249.15186
G1 X-14.011 Y-2.779 Z14.841 E1249.75916
G1 X-14.093 Y-3.681 Z14.843 E1250.18509
G1 X-14.485 Y-4.385 Z14.844 E1250.56402
G1 X-14.828 Y-4.782 Z14.845 E1250.81074
G1 X-15.501 Y-5.353 Z14.846 E1251.22579
G1 X-16.319 Y-5.877 Z14.848 E1251.68263
G1 X-17.169 Y-6.335 Z14.85 E1252.13669
G1 X-18.082 Y-6.718 Z14.852 E1252.60229
G1 X-18.967 Y-6.937 Z14.853 E1253.03102
G1 X-19.829 Y-7.022 Z14.855 E1253.43836
G1 X-20.671 Y-7.003 Z14.856 E1253.83442
G1 X-21.647 Y-6.896 Z14.858 E1254.29615
G1 X-23.99 Y-6.482 Z14.862 E1255.41505
G1 X-24.835 Y-6.379 Z14.864 E1255.81536
G1 X-25.72 Y-6.34 Z14.866 E1256.23195
G1 X-26.618 Y-6.393 Z14.867 E1256.65499
G1 X-28.27 Y-6.729 Z14.87 E1257.44777
G1 X-30.044 Y-7.114 Z14.874 E1258.30144
G1 X-31.502 Y-7.552 Z14.876 E1259.01735
G1 X-32.025 Y-7.774 Z14.877 E1259.28454
G1 X-32.546 Y-8.06 Z14.878 E1259.56404
G1 X-33.028 Y-8.404 Z14.879 E1259.84251
G1 X-33.471 Y-8.818 Z14.88 E1260.12765
G1 X-33.87 Y-9.309 Z14.882 E1260.42518
G1 X-34.231 Y-9.899 Z14.883 E1260.75045
G1 X-34.556 Y-10.594 Z14.884 E1261.11126
G1 X-34.789 Y-11.267 Z14.886 E1261.44618
G1 X-34.949 Y-11.96 Z14.887 E1261.78064
G1 X-35.027 Y-12.633 Z14.888 E1262.09925
G1 X-35.032 Y-13.304 Z14.889 E1262.4148
G1 X-34.963 Y-13.967 Z14.89 E1262.72827
G1 X-34.824 Y-14.637 Z14.892 E1263.05006
G1 X-34.621 Y-15.29 Z14.893 E1263.37164
G1 X-34.353 Y-15.937 Z14.894 E1263.70097
G1 X-34.02 Y-16.588 Z14.895 E1264.04484
G1 X-33.185 Y-17.857 Z14.898 E1264.75921
G1 X-32.51 Y-18.69 Z14.9 E1265.2634
G1 X-31.822 Y-19.42 Z14.902 E1265.73513
G1 X-31.075 Y-20.09 Z14.904 E1266.20702
G1 X-30.332 Y-20.647 Z14.905 E1266.64371
G1 X-29.536 Y-21.133 Z14.907 E1267.08229
G1 X-28.707 Y-21.536 Z14.909 E1267.51577
G1 X-27.852 Y-21.853 Z14.91 E1267.94459
G1 X-26.955 Y-22.093 Z14.912 E1268.38126
G1 X-26.016 Y-22.253 Z14.914 E1268.8292
G1 X-25.036 Y-22.336 Z14.915 E1269.29171
G1 X-24.028 Y-22.341 Z14.917 E1269.76574
G1 X-22.956 Y-22.267 Z14.919 E1270.27106
G1 X-22.059 Y-22.12 Z14.921 E1270.69852
G1 X-21.252 Y-21.878 Z14.922 E1271.09472
G1 X-20.515 Y-21.549 Z14.924 E1271.47427
G1 X-19.854 Y-21.157 Z14.925 E1271.83566
G1 X-19.226 Y-20.692 Z14.927 E1272.20314
G1 X-18.417 Y-19.991 Z14.929 E1272.70654
G1 X-16.43 Y-17.972 Z14.934 E1274.03868
G1 X-15.54 Y-17.163 Z14.936 E1274.60429
G1 X-14.127 Y-16.016 Z14.939 E1275.46014
G1 X-12.932 Y-14.881 Z14.942 E1276.23519
G1 X-11.075 Y-12.901 Z14.947 E1277.51175
G1 X-9.78 Y-11.781 Z14.95 E1278.31691
G1 X-9.11 Y-11.33 Z14.951 E1278.69672
G1 X-8.387 Y-10.931 Z14.953 E1279.08506
G1 X-7.569 Y-10.578 Z14.955 E1279.50403
G1 X-6.477 Y-10.185 Z14.957 E1280.0498
G1 X-5.436 Y-9.884 Z14.959 E1280.5594
G1 X-4.419 Y-9.712 Z14.96 E1281.04445
G1 X-3.408 Y-9.711 Z14.962 E1281.51989
G1 X-2.383 Y-9.917 Z14.964 E1282.01155
G1 X-1.337 Y-10.368 Z14.966 E1282.54722
G1 X-.406 Y-10.96 Z14.968 E1283.06605
G1 X0.363 Y-11.642 Z14.97 E1283.54942
G1 X0.97 Y-12.424 Z14.972 E1284.01495
G1 X1.401 Y-13.307 Z14.974 E1284.47702
G1 X1.646 Y-14.29 Z14.975 E1284.95343
G1 X1.698 Y-15.345 Z14.977 E1285.45016
G1 X1.56 Y-16.555 Z14.979 E1286.02287
G1 X1.264 Y-17.603 Z14.981 E1286.53499
G1 X0.83 Y-18.538 Z14.983 E1287.01974
G1 X0.283 Y-19.384 Z14.985 E1287.4935
G1 X-.359 Y-20.16 Z14.987 E1287.96713
G1 X-1.224 Y-21.05 Z14.989 E1288.55077
G1 X-3.417 Y-23.041 Z14.994 E1289.94369
G1 X-4.239 Y-23.852 Z14.996 E1290.48672
G1 X-4.995 Y-24.695 Z14.998 E1291.01922
G1 X-5.738 Y-25.669 Z15.001 E1291.59531
G1 X-6.473 Y-26.687 Z15.003 E1292.18578
G1 X-7.22 Y-27.642 Z15.005 E1292.75595
G1 X-7.956 Y-28.53 Z15.007 E1293.29833
G1 X-9.381 Y-30.203 Z15.011 E1294.3318
G1 X-10.047 Y-31.014 Z15.013 E1294.8253
G1 X-10.669 Y-31.829 Z15.015 E1295.30744
G1 X-11.264 Y-32.696 Z15.017 E1295.80193
G1 X-11.801 Y-33.601 Z15.019 E1296.29681
G1 X-12.294 Y-34.595 Z15.021 E1296.81858
G1 X-12.729 Y-35.682 Z15.023 E1297.36917
G1 X-13.095 Y-36.874 Z15.025 E1297.95556
G1 X-13.408 Y-38.129 Z15.027 E1298.56382
G1 X-13.619 Y-39.278 Z15.029 E1299.11319
G1 X-13.698 Y-40.422 Z15.031 E1299.65245
G1 X-13.599 Y-41.463 Z15.033 E1300.14421
G1 X-13.467 Y-41.999 Z15.034 E1300.4038
G1 X-13.278 Y-42.525 Z15.035 E1300.66664
G1 X-13.021 Y-43.056 Z15.036 E1300.94406
G1 X-12.694 Y-43.59 Z15.038 E1301.23853
G1 X-12 Y-44.46 Z15.04 E1301.76188
G1 X-11.234 Y-45.136 Z15.041 E1302.24232
G1 X-10.381 Y-45.637 Z15.043 E1302.70753
G1 X-9.926 Y-45.819 Z15.044 E1302.93798
G1 X-8.948 Y-46.054 Z15.046 E1303.41099
G1 X-8.468 Y-46.103 Z15.047 E1303.63789
G1 X-7.298 Y-46.083 Z15.049 E1304.18818
G1 X-6.48 Y-45.971 Z15.05 E1304.57645
G1 X-5.691 Y-45.783 Z15.052 E1304.95787
G1 X-4.986 Y-45.534 Z15.053 E1305.30948
G1 X-4.313 Y-45.213 Z15.054 E1305.66013
G1 X-3.686 Y-44.834 Z15.056 E1306.00466
G1 X-3.093 Y-44.398 Z15.057 E1306.35079
G1 X-1.991 Y-43.385 Z15.06 E1307.05471
G1 X-.917 Y-42.178 Z15.063 E1307.8145
G1 X0.565 Y-40.351 Z15.067 E1308.92079
G1 X1.296 Y-39.257 Z15.069 E1309.53954
G1 X2.096 Y-37.786 Z15.072 E1310.32699
G1 X2.724 Y-36.239 Z15.075 E1311.11214
G1 X3.217 Y-34.668 Z15.078 E1311.88645
G1 X4.173 Y-31.095 Z15.085 E1313.62581
G1 X4.467 Y-29.822 Z15.087 E1314.24022
G1 X4.646 Y-28.613 Z15.089 E1314.81497
G1 X4.739 Y-27.45 Z15.091 E1315.36363
G1 X4.773 Y-26.339 Z15.093 E1315.88634
G1 X4.777 Y-24.114 Z15.097 E1316.93268
G1 X4.802 Y-23.029 Z15.099 E1317.44305
G1 X4.881 Y-21.943 Z15.101 E1317.95511
G1 X5.041 Y-20.849 Z15.103 E1318.47505
G1 X5.312 Y-19.738 Z15.105 E1319.01283
G1 X5.723 Y-18.604 Z15.108 E1319.58006
G1 X6.303 Y-17.437 Z15.11 E1320.1929
G1 X6.995 Y-16.249 Z15.112 E1320.83944
G1 X7.506 Y-15.517 Z15.114 E1321.25926
G1 X8.078 Y-14.912 Z15.116 E1321.6508
G1 X8.762 Y-14.481 Z15.117 E1322.03099
G1 X9.618 Y-14.321 Z15.119 E1322.44051
G1 X10.825 Y-14.626 Z15.121 E1323.02596
G1 X11.398 Y-15.354 Z15.122 E1323.46163
G1 X11.734 Y-16.203 Z15.124 E1323.89102
G1 X12.202 Y-18.097 Z15.128 E1324.80849
G1 X12.928 Y-19.899 Z15.131 E1325.7221
G1 X13.284 Y-21.049 Z15.133 E1326.28822
G1 X13.553 Y-22.174 Z15.135 E1326.83218
G1 X13.767 Y-23.272 Z15.137 E1327.35825
G1 X14.149 Y-25.391 Z15.141 E1328.3708
G1 X14.38 Y-26.419 Z15.143 E1328.86629
G1 X14.673 Y-27.405 Z15.145 E1329.35001
G1 X15.058 Y-28.357 Z15.147 E1329.83293
G1 X15.564 Y-29.272 Z15.149 E1330.32463
G1 X16.23 Y-30.166 Z15.151 E1330.84888
G1 X17.076 Y-31.025 Z15.153 E1331.41586
G1 X17.797 Y-31.622 Z15.154 E1331.85607
G1 X18.527 Y-32.141 Z15.156 E1332.27728
G1 X19.268 Y-32.585 Z15.158 E1332.68351
G1 X20.014 Y-32.949 Z15.159 E1333.07386
G1 X20.766 Y-33.236 Z15.161 E1333.45238
G1 X21.543 Y-33.455 Z15.162 E1333.83201
G1 X22.333 Y-33.6 Z15.163 E1334.20973
G1 X23.141 Y-33.678 Z15.165 E1334.59147
G1 X23.979 Y-33.687 Z15.166 E1334.98557
G1 X24.845 Y-33.631 Z15.168 E1335.39367
G1 X25.743 Y-33.512 Z15.17 E1335.81966
G1 X26.649 Y-33.334 Z15.171 E1336.25387
G1 X27.618 Y-33.06 Z15.173 E1336.72742
G1 X28.464 Y-32.697 Z15.175 E1337.16034
G1 X29.24 Y-32.202 Z15.176 E1337.59319
G1 X29.844 Y-31.632 Z15.178 E1337.98374
G1 X30.355 Y-30.923 Z15.179 E1338.39473
G1 X30.804 Y-29.98 Z15.181 E1338.88589
G1 X31.05 Y-29.114 Z15.183 E1339.30926
G1 X31.123 Y-28.299 Z15.184 E1339.69406
G1 X31.031 Y-27.451 Z15.186 E1340.09518
G1 X30.797 Y-26.642 Z15.187 E1340.49122
G1 X30.434 Y-25.832 Z15.189 E1340.90864
G1 X29.957 Y-25.002 Z15.191 E1341.35882
G1 X29.514 Y-24.426 Z15.192 E1341.70054
G1 X28.955 Y-23.947 Z15.193 E1342.04673
G1 X28.376 Y-23.59 Z15.195 E1342.36661
G1 X26.931 Y-22.843 Z15.198 E1343.13157
G1 X25.704 Y-22.017 Z15.2 E1343.82715
G1 X24.729 Y-21.422 Z15.202 E1344.36429
G1 X22.55 Y-20.256 Z15.207 E1345.52648
G1 X21.178 Y-19.393 Z15.21 E1346.28871
G1 X20.066 Y-18.451 Z15.212 E1346.97406
G1 X19.32 Y-17.634 Z15.214 E1347.49433
G1 X18.152 Y-15.95 Z15.218 E1348.4581
G1 X17.666 Y-15.144 Z15.22 E1348.90071
G1 X17.304 Y-14.293 Z15.221 E1349.3356
G1 X17.211 Y-13.176 Z15.223 E1349.86271
G1 X17.702 Y-12.305 Z15.225 E1350.33291
G1 X18.452 Y-11.671 Z15.227 E1350.79474
G1 X19.347 Y-11.497 Z15.228 E1351.22351
G1 X20.253 Y-11.622 Z15.23 E1351.6536
G1 X21.198 Y-11.929 Z15.232 E1352.12086
G1 X22.668 Y-12.524 Z15.235 E1352.86663
G1 X23.71 Y-12.933 Z15.237 E1353.39305
G1 X24.255 Y-13.221 Z15.238 E1353.68293
G1 X25.226 Y-13.915 Z15.24 E1354.24419
G1 X26.599 Y-15.15 Z15.243 E1355.11264
G1 X27.451 Y-15.793 Z15.245 E1355.6146
G1 X28.443 Y-16.326 Z15.247 E1356.14418
G1 X29.49 Y-16.745 Z15.249 E1356.67451
G1 X30.467 Y-17.071 Z15.251 E1357.15886
G1 X31.637 Y-17.366 Z15.253 E1357.72629
G1 X32.85 Y-17.52 Z15.256 E1358.3013
G1 X33.938 Y-17.58 Z15.257 E1358.81372
G1 X36.136 Y-17.601 Z15.261 E1359.84741
G1 X37.631 Y-17.573 Z15.264 E1360.55058
G1 X39.042 Y-17.446 Z15.267 E1361.21681
G1 X40.356 Y-17.171 Z15.269 E1361.84812
G1 X41.045 Y-16.949 Z15.27 E1362.18854
G1 X41.695 Y-16.682 Z15.272 E1362.51899
G1 X42.402 Y-16.326 Z15.273 E1362.89124
G1 X43.081 Y-15.921 Z15.274 E1363.26304
G1 X43.792 Y-15.413 Z15.276 E1363.67397
G1 X44.359 Y-14.898 Z15.277 E1364.03418
G1 X44.839 Y-14.321 Z15.279 E1364.38714
G1 X45.233 Y-13.674 Z15.28 E1364.74338
G1 X45.668 Y-12.582 Z15.282 E1365.29615
G1 X45.916 Y-11.629 Z15.284 E1365.75924
G1 X46.078 Y-10.641 Z15.286 E1366.23007
G1 X46.115 Y-9.704 Z15.287 E1366.67105
G1 X46.021 Y-8.802 Z15.289 E1367.09752
G1 X45.782 Y-7.874 Z15.291 E1367.54817
G1 X45.63 Y-7.469 Z15.292 E1367.7516
G1 X45.163 Y-6.492 Z15.294 E1368.26084
G1 X44.35 Y-5.153 Z15.296 E1368.9975
G1 X43.481 Y-4.041 Z15.299 E1369.66117
G1 X42.518 Y-3.117 Z15.301 E1370.28879
G1 X41.426 Y-2.358 Z15.304 E1370.91418
G1 X40.186 Y-1.748 Z15.306 E1371.56404
G1 X38.684 Y-1.242 Z15.309 E1372.30939
G1 X37.896 Y-1.068 Z15.31 E1372.68888
G1 X37.139 Y-.984 Z15.312 E1373.04706
G1 X36.424 Y-.979 Z15.313 E1373.3833
G1 X35.716 Y-1.045 Z15.314 E1373.7177
G1 X34.139 Y-1.384 Z15.317 E1374.47624
G1 X31.806 Y-2.104 Z15.322 E1375.62443
G1 X30.73 Y-2.365 Z15.324 E1376.14511
G1 X29.899 Y-2.521 Z15.325 E1376.54273
G1 X28.261 Y-2.853 Z15.328 E1377.32868
G1 X26.713 Y-3.289 Z15.331 E1378.08498
G1 X25.233 Y-3.796 Z15.334 E1378.82067
G1 X23.823 Y-4.333 Z15.337 E1379.53021
G1 X22.453 Y-4.868 Z15.339 E1380.22185
G1 X21.098 Y-5.366 Z15.342 E1380.90073
G1 X19.749 Y-5.791 Z15.344 E1381.56586
G1 X18.386 Y-6.104 Z15.347 E1382.22351
G1 X16.994 Y-6.269 Z15.349 E1382.8827
G1 X15.556 Y-6.247 Z15.352 E1383.55902
G1 X14.059 Y-6.001 Z15.355 E1384.27245
G1 X12.466 Y-5.486 Z15.358 E1385.05976
G1 X11.711 Y-5.12 Z15.359 E1385.45433
G1 X10.787 Y-4.431 Z15.361 E1385.99636
G1 X10.153 Y-3.554 Z15.363 E1386.50526
G1 X9.907 Y-2.784 Z15.365 E1386.8854
G1 X9.865 Y-2.017 Z15.366 E1387.24663
G1 X10 Y-1.132 Z15.368 E1387.66763
G1 X10.257 Y-.397 Z15.369 E1388.03379
G1 X10.629 Y0.242 Z15.37 E1388.38151
G1 X11.091 Y0.796 Z15.372 E1388.72074
G1 X11.627 Y1.289 Z15.373 E1389.06321
G1 X12.422 Y1.885 Z15.375 E1389.53046
G1 X14.7 Y3.287 Z15.38 E1390.78835
G1 X15.595 Y3.936 Z15.382 E1391.30825
G1 X16.906 Y5.061 Z15.385 E1392.12065
G1 X18.125 Y5.973 Z15.387 E1392.83658
G1 X20.256 Y7.388 Z15.392 E1394.03952
G1 X21.533 Y8.431 Z15.395 E1394.81489
G1 X22.036 Y8.944 Z15.396 E1395.15276
G1 X22.524 Y9.534 Z15.398 E1395.51282
G1 X22.99 Y10.206 Z15.399 E1395.89739
G1 X23.834 Y11.626 Z15.402 E1396.67421
G1 X24.509 Y12.994 Z15.405 E1397.39159
G1 X25.005 Y14.363 Z15.407 E1398.07633
G1 X25.296 Y15.722 Z15.41 E1398.72991
G1 X25.373 Y16.457 Z15.411 E1399.07745
G1 X25.399 Y17.214 Z15.413 E1399.43365
G1 X25.365 Y18.328 Z15.415 E1399.95777
G1 X25.099 Y20.37 Z15.418 E1400.92616
G1 X24.842 Y21.661 Z15.421 E1401.54518
G1 X24.624 Y22.521 Z15.422 E1401.9624
G1 X24.359 Y23.341 Z15.424 E1402.36766
G1 X24.036 Y24.121 Z15.425 E1402.76467
G1 X23.655 Y24.844 Z15.427 E1403.14899
G1 X23.197 Y25.53 Z15.428 E1403.53688
G1 X22.668 Y26.15 Z15.43 E1403.92015
G1 X22.046 Y26.721 Z15.431 E1404.31722
G1 X21.335 Y27.23 Z15.433 E1404.72843
G1 X20.505 Y27.687 Z15.435 E1405.174
G1 X19.906 Y27.937 Z15.436 E1405.47924
G1 X19.309 Y28.113 Z15.437 E1405.77193
G1 X18.721 Y28.216 Z15.438 E1406.05266
G1 X18.142 Y28.248 Z15.439 E1406.32536
G1 X17.566 Y28.216 Z15.44 E1406.59665
G1 X17.003 Y28.12 Z15.441 E1406.86523
G1 X16.444 Y27.967 Z15.442 E1407.13778
G1 X15.888 Y27.757 Z15.443 E1407.41727
G1 X14.794 Y27.19 Z15.445 E1407.99673
G1 X13.672 Y26.413 Z15.448 E1408.63854
G1 X12.296 Y25.195 Z15.451 E1409.50271
G1 X11.19 Y23.896 Z15.454 E1410.30501
G1 X10.311 Y22.521 Z15.457 E1411.07246
G1 X9.621 Y21.093 Z15.46 E1411.81829
G1 X9.06 Y19.587 Z15.463 E1412.57405
G1 X8.605 Y18.075 Z15.466 E1413.31658
G1 X7.752 Y14.858 Z15.472 E1414.8817
G1 X7.273 Y13.211 Z15.475 E1415.68832
G1 X6.691 Y11.542 Z15.478 E1416.51954
G1 X5.959 Y9.857 Z15.481 E1417.38348
G1 X5.029 Y8.172 Z15.485 E1418.28856
G1 X4.589 Y7.441 Z15.486 E1418.68979
G1 X3.155 Y4.905 Z15.491 E1420.05984
G1 X2.217 Y3.486 Z15.494 E1420.85976
G1 X1.277 Y2.4 Z15.497 E1421.53521
G1 X0.687 Y1.861 Z15.498 E1421.91101
G1 X0.02 Y1.351 Z15.5 E1422.30586
;TIME_ELAPSED:419.034005
;LAYER:15
;TYPE:WALL-OUTER
;MESH:030.stl
G1 X-1.617 Y0.377 Z15.503 E1423.20165
G1 X-2.557 Y-0.067 Z15.505 E1423.69053
G1 X-3.481 Y-.371 Z15.507 E1424.14796
G1 X-4.418 Y-.49 Z15.509 E1424.59214
G1 X-5.316 Y-.377 Z15.51 E1425.01777
G1 X-5.882 Y-.184 Z15.511 E1425.29899
G1 X-6.702 Y0.277 Z15.513 E1425.74137
G1 X-7.297 Y0.855 Z15.515 E1426.13146
G1 X-7.717 Y1.561 Z15.516 E1426.51778
G1 X-8.012 Y2.649 Z15.518 E1427.0479
G1 X-8.085 Y3.517 Z15.52 E1427.45753
G1 X-8.083 Y4.396 Z15.521 E1427.87089
G1 X-7.823 Y6.597 Z15.525 E1428.91314
G1 X-7.238 Y8.681 Z15.529 E1429.93106
G1 X-6.387 Y10.679 Z15.533 E1430.95232
G1 X-5.326 Y12.626 Z15.537 E1431.99505
G1 X-4.111 Y14.547 Z15.541 E1433.06396
G1 X-2.794 Y16.474 Z15.545 E1434.16158
G1 X-1.441 Y18.423 Z15.55 E1435.27733
G1 X-0.077 Y20.461 Z15.554 E1436.43057
G1 X1.212 Y22.57 Z15.558 E1437.59294
G1 X2.386 Y24.801 Z15.563 E1438.77849
G1 X3.391 Y27.182 Z15.568 E1439.99385
G1 X4.177 Y29.746 Z15.572 E1441.25499
G1 X4.494 Y30.982 Z15.575 E1441.85505
G1 X5.121 Y33.344 Z15.579 E1443.00429
G1 X5.388 Y34.437 Z15.581 E1443.5334
G1 X5.614 Y35.528 Z15.583 E1444.05735
G1 X5.78 Y36.607 Z15.585 E1444.57074
G1 X5.867 Y37.66 Z15.587 E1445.06761
G1 X5.861 Y38.715 Z15.589 E1445.56375
G1 X5.748 Y39.764 Z15.591 E1446.05991
G1 X5.511 Y40.84 Z15.593 E1446.57804
G1 X5.136 Y41.935 Z15.595 E1447.12234
G1 X4.609 Y43.05 Z15.597 E1447.70231
G1 X4.045 Y43.924 Z15.599 E1448.19147
G1 X3.732 Y44.289 Z15.6 E1448.41758
G1 X3.043 Y44.895 Z15.601 E1448.84909
G1 X2.261 Y45.354 Z15.603 E1449.2755
G1 X1.85 Y45.525 Z15.604 E1449.48484
G1 X0.882 Y45.803 Z15.606 E1449.95846
G1 X-.164 Y45.965 Z15.608 E1450.45622
G1 X-1.517 Y46.074 Z15.61 E1451.09455
G1 X-2.834 Y46.117 Z15.612 E1451.71422
G1 X-4.135 Y46.086 Z15.615 E1452.32621
G1 X-5.378 Y45.971 Z15.617 E1452.91324
G1 X-6.583 Y45.766 Z15.619 E1453.48805
G1 X-7.721 Y45.466 Z15.621 E1454.0415
G1 X-8.827 Y45.054 Z15.623 E1454.59653
G1 X-9.877 Y44.531 Z15.625 E1455.14817
G1 X-10.874 Y43.885 Z15.628 E1455.70684
G1 X-11.816 Y43.11 Z15.63 E1456.28048
G1 X-12.708 Y42.19 Z15.632 E1456.88309
G1 X-13.536 Y41.13 Z15.634 E1457.51563
G1 X-14.751 Y39.124 Z15.639 E1458.61852
G1 X-15.596 Y37.14 Z15.643 E1459.63262
G1 X-16.119 Y35.155 Z15.646 E1460.59796
G1 X-16.36 Y33.172 Z15.65 E1461.53735
G1 X-16.37 Y31.166 Z15.653 E1462.48072
G1 X-16.19 Y29.136 Z15.657 E1463.4391
G1 X-15.866 Y27.066 Z15.661 E1464.4244
G1 X-15.442 Y24.95 Z15.665 E1465.43926
G1 X-14.475 Y20.505 Z15.673 E1467.57848
G1 X-14.025 Y18.171 Z15.677 E1468.69629
G1 X-13.595 Y15.32 Z15.682 E1470.05218
G1 X-13.375 Y14.607 Z15.684 E1470.40308
G1 X-13.092 Y13.916 Z15.685 E1470.75423
G1 X-12.252 Y12.292 Z15.688 E1471.61405
G1 X-11.869 Y11.14 Z15.691 E1472.18495
G1 X-11.864 Y10.118 Z15.692 E1472.66557
G1 X-12.055 Y9.427 Z15.694 E1473.0027
G1 X-12.403 Y8.702 Z15.695 E1473.38089
G1 X-12.881 Y8.085 Z15.697 E1473.74793
G1 X-13.466 Y7.598 Z15.698 E1474.10588
G1 X-14.146 Y7.235 Z15.699 E1474.46837
G1 X-14.908 Y6.985 Z15.701 E1474.84551
G1 X-15.723 Y6.834 Z15.702 E1475.2353
G1 X-16.476 Y6.777 Z15.704 E1475.59042
G1 X-17.201 Y6.801 Z15.705 E1475.93155
G1 X-18.407 Y7.044 Z15.707 E1476.51009
G1 X-19.549 Y7.515 Z15.709 E1477.09101
G1 X-20.651 Y8.139 Z15.712 E1477.68656
G1 X-22.374 Y9.231 Z15.715 E1478.64585
G1 X-23.017 Y9.617 Z15.717 E1478.99853
G1 X-23.933 Y10.193 Z15.719 E1479.50738
G1 X-25.099 Y11.049 Z15.721 E1480.18761
G1 X-26.35 Y12.206 Z15.724 E1480.98894
G1 X-28.452 Y14.342 Z15.73 E1482.39824
G1 X-29.39 Y15.172 Z15.732 E1482.98724
G1 X-30.142 Y15.762 Z15.734 E1483.43674
G1 X-30.951 Y16.31 Z15.735 E1483.89625
G1 X-31.89 Y16.848 Z15.737 E1484.40517
G1 X-33.562 Y17.709 Z15.741 E1485.28958
G1 X-34.613 Y18.182 Z15.743 E1485.83157
G1 X-35.645 Y18.531 Z15.745 E1486.34389
G1 X-36.757 Y18.747 Z15.747 E1486.8766
G1 X-37.915 Y18.789 Z15.749 E1487.42152
G1 X-38.544 Y18.743 Z15.75 E1487.71811
G1 X-39.955 Y18.534 Z15.752 E1488.38889
G1 X-41.25 Y18.204 Z15.755 E1489.01734
G1 X-42.365 Y17.747 Z15.757 E1489.58402
G1 X-43.388 Y17.116 Z15.759 E1490.14926
G1 X-43.883 Y16.712 Z15.76 E1490.44973
G1 X-44.344 Y16.266 Z15.761 E1490.75137
G1 X-44.79 Y15.758 Z15.763 E1491.06927
G1 X-45.51 Y14.729 Z15.765 E1491.65987
G1 X-45.726 Y14.291 Z15.766 E1491.88953
G1 X-45.998 Y13.421 Z15.767 E1492.31819
G1 X-46.065 Y13 Z15.768 E1492.51866
G1 X-46.121 Y11.884 Z15.77 E1493.04414
G1 X-46.046 Y9.822 Z15.774 E1494.01447
G1 X-46.065 Y8.479 Z15.776 E1494.64609
G1 X-45.971 Y7.768 Z15.778 E1494.98336
G1 X-45.844 Y7.399 E1495.16688
G1 X-45.645 Y7.012 Z15.779 E1495.37152
G1 X-45.407 Y6.672 Z15.78 E1495.56669
G1 X-45.152 Y6.4 Z15.781 E1495.74203
G1 X-44.769 Y6.081 E1495.97643
G1 X-43.521 Y5.257 Z15.784 E1496.6797
G1 X-42.639 Y4.724 Z15.786 E1497.16433
G1 X-41.789 Y4.277 Z15.788 E1497.61596
G1 X-40.056 Y3.551 Z15.791 E1498.49955
G1 X-38.531 Y3.03 Z15.794 E1499.2574
G1 X-37.167 Y2.612 Z15.797 E1499.92829
G1 X-35.871 Y2.262 Z15.799 E1500.55958
G1 X-34.611 Y1.969 Z15.801 E1501.16793
G1 X-33.442 Y1.733 Z15.803 E1501.72876
G1 X-32.281 Y1.529 Z15.806 E1502.2831
G1 X-31.117 Y1.346 Z15.808 E1502.83721
G1 X-27.563 Y0.817 Z15.814 E1504.52694
G1 X-26.294 Y0.606 Z15.816 E1505.1319
G1 X-24.962 Y0.357 Z15.819 E1505.76915
G1 X-23.565 Y0.061 Z15.821 E1506.44069
G1 X-22.637 Y-0.089 Z15.823 E1506.88276
G1 X-21.376 Y-.171 Z15.825 E1507.47702
G1 X-18.266 Y-0.065 Z15.831 E1508.94039
G1 X-17.178 Y-.132 Z15.833 E1509.45301
G1 X-16.398 Y-.269 Z15.834 E1509.82543
G1 X-15.682 Y-.526 Z15.836 E1510.18317
G1 X-15.045 Y-.946 Z15.837 E1510.54198
G1 X-14.503 Y-1.585 Z15.839 E1510.93602
G1 X-14.011 Y-2.779 Z15.841 E1511.54332
G1 X-14.093 Y-3.681 Z15.843 E1511.96925
G1 X-14.485 Y-4.385 Z15.844 E1512.34818
G1 X-14.828 Y-4.782 Z15.845 E1512.5949
G1 X-15.501 Y-5.353 Z15.846 E1513.00995
G1 X-16.319 Y-5.877 Z15.848 E1513.46679
G1 X-17.169 Y-6.335 Z15.85 E1513.92085
G1 X-18.082 Y-6.718 Z15.852 E1514.38645
G1 X-18.967 Y-6.937 Z15.853 E1514.81518
G1 X-19.829 Y-7.022 Z15.855 E1515.22252
G1 X-20.671 Y-7.003 Z15.856 E1515.61858
G1 X-21.647 Y-6.896 Z15.858 E1516.08031
G1 X-23.99 Y-6.482 Z15.862 E1517.19921
G1 X-24.835 Y-6.379 Z15.864 E1517.59952
G1 X-25.72 Y-6.34 Z15.866 E1518.01611
G1 X-26.618 Y-6.393 Z15.867 E1518.43914
G1 X-28.27 Y-6.729 Z15.87 E1519.23193
G1 X-30.044 Y-7.114 Z15.874 E1520.0856
G1 X-31.502 Y-7.552 Z15.876 E1520.80151
G1 X-32.025 Y-7.774 Z15.877 E1521.0687
G1 X-32.546 Y-8.06 Z15.878 E1521.3482
G1 X-33.028 Y-8.404 Z15.879 E1521.62667
G1 X-33.471 Y-8.818 Z15.88 E1521.91181
G1 X-33.87 Y-9.309 Z15.882 E1522.20934
G1 X-34.231 Y-9.899 Z15.883 E1522.53461
G1 X-34.556 Y-10.594 Z15.884 E1522.89541
G1 X-34.789 Y-11.267 Z15.886 E1523.23033
G1 X-34.949 Y-11.96 Z15.887 E1523.5648
G1 X-35.027 Y-12.633 Z15.888 E1523.88341
G1 X-35.032 Y-13.304 Z15.889 E1524.19896
G1 X-34.963 Y-13.967 Z15.89 E1524.51243
G1 X-34.824 Y-14.637 Z15.892 E1524.83422
G1 X-34.621 Y-15.29 Z15.893 E1525.1558
G1 X-34.353 Y-15.937 Z15.894 E1525.48513
G1 X-34.02 Y-16.588 Z15.895 E1525.829
G1 X-33.185 Y-17.857 Z15.898 E1526.54337
G1 X-32.51 Y-18.69 Z15.9 E1527.04756
G1 X-31.822 Y-19.42 Z15.902 E1527.51929
G1 X-31.075 Y-20.09 Z15.904 E1527.99118
G1 X-30.332 Y-20.647 Z15.905 E1528.42787
G1 X-29.536 Y-21.133 Z15.907 E1528.86645
G1 X-28.707 Y-21.536 Z15.909 E1529.29993
G1 X-27.852 Y-21.853 Z15.91 E1529.72875
G1 X-26.955 Y-22.093 Z15.912 E1530.16541
G1 X-26.016 Y-22.253 Z15.914 E1530.61336
G1 X-25.036 Y-22.336 Z15.915 E1531.07587
G1 X-24.028 Y-22.341 Z15.917 E1531.5499
G1 X-22.956 Y-22.267 Z15.919 E1532.05522
G1 X-22.059 Y-22.12 Z15.921 E1532.48268
G1 X-21.252 Y-21.878 Z15.922 E1532.87888
G1 X-20.515 Y-21.549 Z15.924 E1533.25843
G1 X-19.854 Y-21.157 Z15.925 E1533.61982
G1 X-19.226 Y-20.692 Z15.927 E1533.9873
G1 X-18.417 Y-19.991 Z15.929 E1534.49069
G1 X-16.43 Y-17.972 Z15.934 E1535.82284
G1 X-15.54 Y-17.163 Z15.936 E1536.38845
G1 X-14.127 Y-16.016 Z15.939 E1537.2443
G1 X-12.932 Y-14.881 Z15.942 E1538.01935
G1 X-11.075 Y-12.901 Z15.947 E1539.29591
G1 X-9.78 Y-11.781 Z15.95 E1540.10107
G1 X-9.11 Y-11.33 Z15.951 E1540.48088
G1 X-8.387 Y-10.931 Z15.953 E1540.86922
G1 X-7.569 Y-10.578 Z15.955 E1541.28818
G1 X-6.477 Y-10.185 Z15.957 E1541.83396
G1 X-5.436 Y-9.884 Z15.959 E1542.34356
G1 X-4.419 Y-9.712 Z15.96 E1542.82861
G1 X-3.408 Y-9.711 Z15.962 E1543.30405
G1 X-2.383 Y-9.917 Z15.964 E1543.7957
G1 X-1.337 Y-10.368 Z15.966 E1544.33138
G1 X-.406 Y-10.96 Z15.968 E1544.85021
G1 X0.363 Y-11.642 Z15.97 E1545.33357
G1 X0.97 Y-12.424 Z15.972 E1545.79911
G1 X1.401 Y-13.307 Z15.974 E1546.26118
G1 X1.646 Y-14.29 Z15.975 E1546.73759
G1 X1.698 Y-15.345 Z15.977 E1547.23432
G1 X1.56 Y-16.555 Z15.979 E1547.80703
G1 X1.264 Y-17.603 Z15.981 E1548.31915
G1 X0.83 Y-18.538 Z15.983 E1548.8039
G1 X0.283 Y-19.384 Z15.985 E1549.27766
G1 X-.359 Y-20.16 Z15.987 E1549.75129
G1 X-1.224 Y-21.05 Z15.989 E1550.33493
G1 X-3.417 Y-23.041 Z15.994 E1551.72785
G1 X-4.239 Y-23.852 Z15.996 E1552.27088
G1 X-4.995 Y-24.695 Z15.998 E1552.80337
G1 X-5.738 Y-25.669 Z16.001 E1553.37947
G1 X-6.473 Y-26.687 Z16.003 E1553.96994
G1 X-7.22 Y-27.642 Z16.005 E1554.54011
G1 X-7.956 Y-28.53 Z16.007 E1555.08249
G1 X-9.381 Y-30.203 Z16.011 E1556.11596
G1 X-10.047 Y-31.014 Z16.013 E1556.60946
G1 X-10.669 Y-31.829 Z16.015 E1557.09159
G1 X-11.264 Y-32.696 Z16.017 E1557.58609
G1 X-11.801 Y-33.601 Z16.019 E1558.08096
G1 X-12.294 Y-34.595 Z16.021 E1558.60274
G1 X-12.729 Y-35.682 Z16.023 E1559.15333
G1 X-13.095 Y-36.874 Z16.025 E1559.73972
G1 X-13.408 Y-38.129 Z16.027 E1560.34798
G1 X-13.619 Y-39.278 Z16.029 E1560.89735
G1 X-13.698 Y-40.422 Z16.031 E1561.43661
G1 X-13.599 Y-41.463 Z16.033 E1561.92836
G1 X-13.467 Y-41.999 Z16.034 E1562.18796
G1 X-13.278 Y-42.525 Z16.035 E1562.4508
G1 X-13.021 Y-43.056 Z16.036 E1562.72822
G1 X-12.694 Y-43.59 Z16.038 E1563.02269
G1 X-12 Y-44.46 Z16.04 E1563.54604
G1 X-11.234 Y-45.136 Z16.041 E1564.02648
G1 X-10.381 Y-45.637 Z16.043 E1564.49169
G1 X-9.926 Y-45.819 Z16.044 E1564.72214
G1 X-8.948 Y-46.054 Z16.046 E1565.19515
G1 X-8.468 Y-46.103 Z16.047 E1565.42205
G1 X-7.298 Y-46.083 Z16.049 E1565.97234
G1 X-6.48 Y-45.971 Z16.05 E1566.3606
G1 X-5.691 Y-45.783 Z16.052 E1566.74203
G1 X-4.986 Y-45.534 Z16.053 E1567.09364
G1 X-4.313 Y-45.213 Z16.054 E1567.44428
G1 X-3.686 Y-44.834 Z16.056 E1567.78882
G92 E0
G1 X-3.093 Y-44.398 Z16.057 E0.34613
G1 X-1.991 Y-43.385 Z16.06 E1.05005
G1 X-.917 Y-42.178 Z16.063 E1.80983
G1 X0.565 Y-40.351 Z16.067 E2.91613
G1 X1.296 Y-39.257 Z16.069 E3.53488
G1 X2.096 Y-37.786 Z16.072 E4.32232
G1 X2.724 Y-36.239 Z16.075 E5.10748
G1 X3.217 Y-34.668 Z16.078 E5.88179
G1 X4.173 Y-31.095 Z16.085 E7.62115
G1 X4.467 Y-29.822 Z16.087 E8.23555
G1 X4.646 Y-28.613 Z16.089 E8.8103
G1 X4.739 Y-27.45 Z16.091 E9.35897
G1 X4.773 Y-26.339 Z16.093 E9.88167
G1 X4.777 Y-24.114 Z16.097 E10.92801
G1 X4.802 Y-23.029 Z16.099 E11.43839
G1 X4.881 Y-21.943 Z16.101 E11.95044
G1 X5.041 Y-20.849 Z16.103 E12.47039
G1 X5.312 Y-19.738 Z16.105 E13.00817
G1 X5.723 Y-18.604 Z16.108 E13.5754
G1 X6.303 Y-17.437 Z16.11 E14.18824
G1 X6.995 Y-16.249 Z16.112 E14.83478
G1 X7.506 Y-15.517 Z16.114 E15.25459
G1 X8.078 Y-14.912 Z16.116 E15.64613
G1 X8.762 Y-14.481 Z16.117 E16.02632
G1 X9.618 Y-14.321 Z16.119 E16.43584
G1 X10.825 Y-14.626 Z16.121 E17.02129
G1 X11.398 Y-15.354 Z16.122 E17.45697
G1 X11.734 Y-16.203 Z16.124 E17.88636
G1 X12.202 Y-18.097 Z16.128 E18.80383
G1 X12.928 Y-19.899 Z16.131 E19.71743
G1 X13.284 Y-21.049 Z16.133 E20.28356
G1 X13.553 Y-22.174 Z16.135 E20.82752
G1 X13.767 Y-23.272 Z16.137 E21.35358
G1 X14.149 Y-25.391 Z16.141 E22.36614
G1 X14.38 Y-26.419 Z16.143 E22.86162
G1 X14.673 Y-27.405 Z16.145 E23.34535
G1 X15.058 Y-28.357 Z16.147 E23.82826
G1 X15.564 Y-29.272 Z16.149 E24.31997
G1 X16.23 Y-30.166 Z16.151 E24.84422
G1 X17.076 Y-31.025 Z16.153 E25.4112
G1 X17.797 Y-31.622 Z16.154 E25.8514
G1 X18.527 Y-32.141 Z16.156 E26.27261
G1 X19.268 Y-32.585 Z16.158 E26.67885
G1 X20.014 Y-32.949 Z16.159 E27.0692
G1 X20.766 Y-33.236 Z16.161 E27.44772
G1 X21.543 Y-33.455 Z16.162 E27.82735
G1 X22.333 Y-33.6 Z16.163 E28.20506
G1 X23.141 Y-33.678 Z16.165 E28.5868
G1 X23.979 Y-33.687 Z16.166 E28.98091
G1 X24.845 Y-33.631 Z16.168 E29.38901
G1 X25.743 Y-33.512 Z16.17 E29.815
G1 X26.649 Y-33.334 Z16.171 E30.2492
G1 X27.618 Y-33.06 Z16.173 E30.72276
G1 X28.464 Y-32.697 Z16.175 E31.15568
G1 X29.24 Y-32.202 Z16.176 E31.58853
G1 X29.844 Y-31.632 Z16.178 E31.97908
G1 X30.355 Y-30.923 Z16.179 E32.39007
G1 X30.804 Y-29.98 Z16.181 E32.88123
G1 X31.05 Y-29.114 Z16.183 E33.30459
G1 X31.123 Y-28.299 Z16.184 E33.68939
G1 X31.031 Y-27.451 Z16.186 E34.09052
G1 X30.797 Y-26.642 Z16.187 E34.48656
G1 X30.434 Y-25.832 Z16.189 E34.90397
G1 X29.957 Y-25.002 Z16.191 E35.35416
G1 X29.514 Y-24.426 Z16.192 E35.69588
G1 X28.955 Y-23.947 Z16.193 E36.04206
G1 X28.376 Y-23.59 Z16.195 E36.36194
G1 X26.931 Y-22.843 Z16.198 E37.12691
G1 X25.704 Y-22.017 Z16.2 E37.82249
G1 X24.729 Y-21.422 Z16.202 E38.35963
G1 X22.55 Y-20.256 Z16.207 E39.52182
G1 X21.178 Y-19.393 Z16.21 E40.28405
G1 X20.066 Y-18.451 Z16.212 E40.96939
G1 X19.32 Y-17.634 Z16.214 E41.48967
G1 X18.152 Y-15.95 Z16.218 E42.45344
G1 X17.666 Y-15.144 Z16.22 E42.89604
G1 X17.304 Y-14.293 Z16.221 E43.33094
G1 X17.211 Y-13.176 Z16.223 E43.85804
G1 X17.702 Y-12.305 Z16.225 E44.32824
G1 X18.452 Y-11.671 Z16.227 E44.79007
G1 X19.347 Y-11.497 Z16.228 E45.21884
G1 X20.253 Y-11.622 Z16.23 E45.64894
G1 X21.198 Y-11.929 Z16.232 E46.1162
G1 X22.668 Y-12.524 Z16.235 E46.86197
G1 X23.71 Y-12.933 Z16.237 E47.38838
G1 X24.255 Y-13.221 Z16.238 E47.67826
G1 X25.226 Y-13.915 Z16.24 E48.23953
G1 X26.599 Y-15.15 Z16.243 E49.10797
G1 X27.451 Y-15.793 Z16.245 E49.60994
G1 X28.443 Y-16.326 Z16.247 E50.13951
G1 X29.49 Y-16.745 Z16.249 E50.66984
G1 X30.467 Y-17.071 Z16.251 E51.15419
G1 X31.637 Y-17.366 Z16.253 E51.72162
G1 X32.85 Y-17.52 Z16.256 E52.29663
G1 X33.938 Y-17.58 Z16.257 E52.80906
G1 X36.136 Y-17.601 Z16.261 E53.84275
G1 X37.631 Y-17.573 Z16.264 E54.54592
G1 X39.042 Y-17.446 Z16.267 E55.21214
G1 X40.356 Y-17.171 Z16.269 E55.84346
G1 X41.045 Y-16.949 Z16.27 E56.18387
G1 X41.695 Y-16.682 Z16.272 E56.51433
G1 X42.402 Y-16.326 Z16.273 E56.88658
G1 X43.081 Y-15.921 Z16.274 E57.25837
G1 X43.792 Y-15.413 Z16.276 E57.66931
G1 X44.359 Y-14.898 Z16.277 E58.02952
G1 X44.839 Y-14.321 Z16.279 E58.38248
G1 X45.233 Y-13.674 Z16.28 E58.73871
G1 X45.668 Y-12.582 Z16.282 E59.29149
G1 X45.916 Y-11.629 Z16.284 E59.75458
G1 X46.078 Y-10.641 Z16.286 E60.2254
G1 X46.115 Y-9.704 Z16.287 E60.66638
G1 X46.021 Y-8.802 Z16.289 E61.09286
G1 X45.782 Y-7.874 Z16.291 E61.54351
G1 X45.63 Y-7.469 Z16.292 E61.74693
G1 X45.163 Y-6.492 Z16.294 E62.25617
G1 X44.35 Y-5.153 Z16.296 E62.99284
G1 X43.481 Y-4.041 Z16.299 E63.65651
G1 X42.518 Y-3.117 Z16.301 E64.28412
G1 X41.426 Y-2.358 Z16.304 E64.90951
G1 X40.186 Y-1.748 Z16.306 E65.55938
G1 X38.684 Y-1.242 Z16.309 E66.30472
G1 X37.896 Y-1.068 Z16.31 E66.68422
G1 X37.139 Y-.984 Z16.312 E67.04239
G1 X36.424 Y-.979 Z16.313 E67.37864
G1 X35.716 Y-1.045 Z16.314 E67.71303
G1 X34.139 Y-1.384 Z16.317 E68.47158
G1 X31.806 Y-2.104 Z16.322 E69.61977
G1 X30.73 Y-2.365 Z16.324 E70.14045
G1 X29.899 Y-2.521 Z16.325 E70.53806
G1 X28.261 Y-2.853 Z16.328 E71.32402
G1 X26.713 Y-3.289 Z16.331 E72.08031
G1 X25.233 Y-3.796 Z16.334 E72.81601
G1 X23.823 Y-4.333 Z16.337 E73.52554
G1 X22.453 Y-4.868 Z16.339 E74.21719
G1 X21.098 Y-5.366 Z16.342 E74.89607
G1 X19.749 Y-5.791 Z16.344 E75.5612
G1 X18.386 Y-6.104 Z16.347 E76.21885
G1 X16.994 Y-6.269 Z16.349 E76.87804
G1 X15.556 Y-6.247 Z16.352 E77.55436
G1 X14.059 Y-6.001 Z16.355 E78.26779
G1 X12.466 Y-5.486 Z16.358 E79.0551
G1 X11.711 Y-5.12 Z16.359 E79.44966
G1 X10.787 Y-4.431 Z16.361 E79.99169
G1 X10.153 Y-3.554 Z16.363 E80.5006
G1 X9.907 Y-2.784 Z16.365 E80.88073
G1 X9.865 Y-2.017 Z16.366 E81.24197
G1 X10 Y-1.132 Z16.368 E81.66297
G1 X10.257 Y-.397 Z16.369 E82.02913
G1 X10.629 Y0.242 Z16.37 E82.37684
G1 X11.091 Y0.796 Z16.372 E82.71607
G1 X11.627 Y1.289 Z16.373 E83.05854
G1 X12.422 Y1.885 Z16.375 E83.5258
G1 X14.7 Y3.287 Z16.38 E84.78369
G1 X15.595 Y3.936 Z16.382 E85.30359
G1 X16.906 Y5.061 Z16.385 E86.11598
G1 X18.125 Y5.973 Z16.387 E86.83191
G1 X20.256 Y7.388 Z16.392 E88.03485
G1 X21.533 Y8.431 Z16.395 E88.81023
G1 X22.036 Y8.944 Z16.396 E89.14809
G1 X22.524 Y9.534 Z16.398 E89.50816
G1 X22.99 Y10.206 Z16.399 E89.89273
G1 X23.834 Y11.626 Z16.402 E90.66955
G1 X24.509 Y12.994 Z16.405 E91.38692
G1 X25.005 Y14.363 Z16.407 E92.07167
G1 X25.296 Y15.722 Z16.41 E92.72525
G1 X25.373 Y16.457 Z16.411 E93.07278
G1 X25.399 Y17.214 Z16.413 E93.42898
G1 X25.365 Y18.328 Z16.415 E93.9531
G1 X25.099 Y20.37 Z16.418 E94.92149
G1 X24.842 Y21.661 Z16.421 E95.54052
G1 X24.624 Y22.521 Z16.422 E95.95774
G1 X24.359 Y23.341 Z16.424 E96.36299
G1 X24.036 Y24.121 Z16.425 E96.76
G1 X23.655 Y24.844 Z16.427 E97.14433
G1 X23.197 Y25.53 Z16.428 E97.53222
G1 X22.668 Y26.15 Z16.43 E97.91549
G1 X22.046 Y26.721 Z16.431 E98.31256
G1 X21.335 Y27.23 Z16.433 E98.72376
G1 X20.505 Y27.687 Z16.435 E99.16934
G1 X19.906 Y27.937 Z16.436 E99.47458
G1 X19.309 Y28.113 Z16.437 E99.76727
G1 X18.721 Y28.216 Z16.438 E100.048
G1 X18.142 Y28.248 Z16.439 E100.32069
G1 X17.566 Y28.216 Z16.44 E100.59198
G1 X17.003 Y28.12 Z16.441 E100.86057
G1 X16.444 Y27.967 Z16.442 E101.13311
G1 X15.888 Y27.757 Z16.443 E101.41261
G1 X14.794 Y27.19 Z16.445 E101.99207
G1 X13.672 Y26.413 Z16.448 E102.63388
G1 X12.296 Y25.195 Z16.451 E103.49805
G1 X11.19 Y23.896 Z16.454 E104.30035
G1 X10.311 Y22.521 Z16.457 E105.0678
G1 X9.621 Y21.093 Z16.46 E105.81362
G1 X9.06 Y19.587 Z16.463 E106.56938
G1 X8.605 Y18.075 Z16.466 E107.31192
G1 X7.752 Y14.858 Z16.472 E108.87704
G1 X7.273 Y13.211 Z16.475 E109.68366
G1 X6.691 Y11.542 Z16.478 E110.51488
G1 X5.959 Y9.857 Z16.481 E111.37882
G1 X5.029 Y8.172 Z16.485 E112.28389
G1 X4.589 Y7.441 Z16.486 E112.68513
G1 X3.155 Y4.905 Z16.491 E114.05517
G1 X2.217 Y3.486 Z16.494 E114.85509
G1 X1.277 Y2.4 Z16.497 E115.53054
G1 X0.687 Y1.861 Z16.498 E115.90635
G1 X0.02 Y1.351 Z16.5 E116.3012
;TIME_ELAPSED:432.974987
;LAYER:16
;TYPE:WALL-OUTER
;MESH:030.stl
G1 X-1.617 Y0.377 Z16.503 E117.19698
G1 X-2.557 Y-0.067 Z16.505 E117.68586
G1 X-3.481 Y-.371 Z16.507 E118.1433
G1 X-4.418 Y-.49 Z16.509 E118.58748
G1 X-5.316 Y-.377 Z16.51 E119.01311
G1 X-5.882 Y-.184 Z16.511 E119.29432
G1 X-6.702 Y0.277 Z16.513 E119.7367
G1 X-7.297 Y0.855 Z16.515 E120.1268
G1 X-7.717 Y1.561 Z16.516 E120.51311
G1 X-8.012 Y2.649 Z16.518 E121.04324
G1 X-8.085 Y3.517 Z16.52 E121.45287
G1 X-8.083 Y4.396 Z16.521 E121.86623
G1 X-7.823 Y6.597 Z16.525 E122.90848
G1 X-7.238 Y8.681 Z16.529 E123.92639
G1 X-6.387 Y10.679 Z16.533 E124.94766
G1 X-5.326 Y12.626 Z16.537 E125.99039
G1 X-4.111 Y14.547 Z16.541 E127.05929
G1 X-2.794 Y16.474 Z16.545 E128.15692
G1 X-1.441 Y18.423 Z16.55 E129.27266
G1 X-0.077 Y20.461 Z16.554 E130.42591
G1 X1.212 Y22.57 Z16.558 E131.58827
G1 X2.386 Y24.801 Z16.563 E132.77383
G1 X3.391 Y27.182 Z16.568 E133.98919
G1 X4.177 Y29.746 Z16.572 E135.25033
G1 X4.494 Y30.982 Z16.575 E135.85039
G1 X5.121 Y33.344 Z16.579 E136.99962
G1 X5.388 Y34.437 Z16.581 E137.52873
G1 X5.614 Y35.528 Z16.583 E138.05269
G1 X5.78 Y36.607 Z16.585 E138.56607
G1 X5.867 Y37.66 Z16.587 E139.06295
G1 X5.861 Y38.715 Z16.589 E139.55908
G1 X5.748 Y39.764 Z16.591 E140.05525
G1 X5.511 Y40.84 Z16.593 E140.57338
G1 X5.136 Y41.935 Z16.595 E141.11768
G1 X4.609 Y43.05 Z16.597 E141.69764
G1 X4.045 Y43.924 Z16.599 E142.1868
G1 X3.732 Y44.289 Z16.6 E142.41292
G1 X3.043 Y44.895 Z16.601 E142.84442
G1 X2.261 Y45.354 Z16.603 E143.27084
G1 X1.85 Y45.525 Z16.604 E143.48018
G1 X0.882 Y45.803 Z16.606 E143.9538
G1 X-.164 Y45.965 Z16.608 E144.45156
G1 X-1.517 Y46.074 Z16.61 E145.08989
G1 X-2.834 Y46.117 Z16.612 E145.70956
G1 X-4.135 Y46.086 Z16.615 E146.32154
G1 X-5.378 Y45.971 Z16.617 E146.90858
G1 X-6.583 Y45.766 Z16.619 E147.48339
G1 X-7.721 Y45.466 Z16.621 E148.03683
G1 X-8.827 Y45.054 Z16.623 E148.59186
G1 X-9.877 Y44.531 Z16.625 E149.1435
G1 X-10.874 Y43.885 Z16.628 E149.70217
G1 X-11.816 Y43.11 Z16.63 E150.27582
G1 X-12.708 Y42.19 Z16.632 E150.87843
G1 X-13.536 Y41.13 Z16.634 E151.51096
G1 X-14.751 Y39.124 Z16.639 E152.61386
G1 X-15.596 Y37.14 Z16.643 E153.62796
G1 X-16.119 Y35.155 Z16.646 E154.59329
G1 X-16.36 Y33.172 Z16.65 E155.53269
G1 X-16.37 Y31.166 Z16.653 E156.47605
G1 X-16.19 Y29.136 Z16.657 E157.43443
G1 X-15.866 Y27.066 Z16.661 E158.41974
G1 X-15.442 Y24.95 Z16.665 E159.4346
G1 X-14.475 Y20.505 Z16.673 E161.57381
G1 X-14.025 Y18.171 Z16.677 E162.69163
G1 X-13.595 Y15.32 Z16.682 E164.04751
G1 X-13.375 Y14.607 Z16.684 E164.39841
G1 X-13.092 Y13.916 Z16.685 E164.74956
G1 X-12.252 Y12.292 Z16.688 E165.60938
G1 X-11.869 Y11.14 Z16.691 E166.18029
G1 X-11.864 Y10.118 Z16.692 E166.6609
G1 X-12.055 Y9.427 Z16.694 E166.99804
G1 X-12.403 Y8.702 Z16.695 E167.37622
G1 X-12.881 Y8.085 Z16.697 E167.74326
G1 X-13.466 Y7.598 Z16.698 E168.10122
G1 X-14.146 Y7.235 Z16.699 E168.46371
G1 X-14.908 Y6.985 Z16.701 E168.84085
G1 X-15.723 Y6.834 Z16.702 E169.23063
G1 X-16.476 Y6.777 Z16.704 E169.58576
G1 X-17.201 Y6.801 Z16.705 E169.92689
G1 X-18.407 Y7.044 Z16.707 E170.50542
G1 X-19.549 Y7.515 Z16.709 E171.08635
G1 X-20.651 Y8.139 Z16.712 E171.68189
G1 X-22.374 Y9.231 Z16.715 E172.64119
G1 X-23.017 Y9.617 Z16.717 E172.99387
G1 X-23.933 Y10.193 Z16.719 E173.50272
G1 X-25.099 Y11.049 Z16.721 E174.18294
G1 X-26.35 Y12.206 Z16.724 E174.98428
G1 X-28.452 Y14.342 Z16.73 E176.39358
G1 X-29.39 Y15.172 Z16.732 E176.98258
G1 X-30.142 Y15.762 Z16.734 E177.43207
G1 X-30.951 Y16.31 Z16.735 E177.89158
G1 X-31.89 Y16.848 Z16.737 E178.4005
G1 X-33.562 Y17.709 Z16.741 E179.28492
G1 X-34.613 Y18.182 Z16.743 E179.82691
G1 X-35.645 Y18.531 Z16.745 E180.33922
G1 X-36.757 Y18.747 Z16.747 E180.87193
G1 X-37.915 Y18.789 Z16.749 E181.41686
G1 X-38.544 Y18.743 Z16.75 E181.71344
G1 X-39.955 Y18.534 Z16.752 E182.38423
G1 X-41.25 Y18.204 Z16.755 E183.01268
G1 X-42.365 Y17.747 Z16.757 E183.57936
G1 X-43.388 Y17.116 Z16.759 E184.14459
G1 X-43.883 Y16.712 Z16.76 E184.44506
G1 X-44.344 Y16.266 Z16.761 E184.74671
G1 X-44.79 Y15.758 Z16.763 E185.06461
G1 X-45.51 Y14.729 Z16.765 E185.65521
G1 X-45.726 Y14.291 Z16.766 E185.88487
G1 X-45.998 Y13.421 Z16.767 E186.31353
G1 X-46.065 Y13 Z16.768 E186.514
G1 X-46.12 Y11.885 Z16.77 E187.03898
G1 X-46.047 Y9.823 Z16.774 E188.00928
G1 X-46.065 Y8.479 Z16.776 E188.64137
G1 X-45.971 Y7.768 Z16.778 E188.97864
G1 X-45.844 Y7.399 E189.16215
G1 X-45.645 Y7.012 Z16.779 E189.3668
G1 X-45.407 Y6.672 Z16.78 E189.56197
G1 X-45.152 Y6.4 Z16.781 E189.7373
G1 X-44.769 Y6.081 E189.9717
G1 X-43.521 Y5.257 Z16.784 E190.67498
G1 X-42.639 Y4.724 Z16.786 E191.1596
G1 X-41.789 Y4.277 Z16.788 E191.61123
G1 X-40.056 Y3.551 Z16.791 E192.49482
G1 X-38.531 Y3.03 Z16.794 E193.25268
G1 X-37.167 Y2.612 Z16.797 E193.92356
G1 X-35.871 Y2.262 Z16.799 E194.55486
G1 X-34.611 Y1.969 Z16.801 E195.1632
G1 X-33.442 Y1.733 Z16.803 E195.72403
G1 X-32.281 Y1.529 Z16.806 E196.27837
G1 X-31.117 Y1.346 Z16.808 E196.83249
G1 X-27.563 Y0.817 Z16.814 E198.52222
G1 X-26.294 Y0.606 Z16.816 E199.12718
G1 X-24.962 Y0.357 Z16.819 E199.76442
G1 X-23.565 Y0.061 Z16.821 E200.43596
G1 X-22.637 Y-0.089 Z16.823 E200.87804
G1 X-21.376 Y-.171 Z16.825 E201.47229
G1 X-18.266 Y-0.065 Z16.831 E202.93566
G1 X-17.178 Y-.132 Z16.833 E203.44828
G1 X-16.398 Y-.269 Z16.834 E203.8207
G1 X-15.682 Y-.526 Z16.836 E204.17845
G1 X-15.045 Y-.946 Z16.837 E204.53726
G1 X-14.503 Y-1.585 Z16.839 E204.93129
G1 X-14.011 Y-2.779 Z16.841 E205.53859
G1 X-14.093 Y-3.681 Z16.843 E205.96452
G1 X-14.485 Y-4.385 Z16.844 E206.34345
G1 X-14.828 Y-4.782 Z16.845 E206.59017
G1 X-15.501 Y-5.353 Z16.846 E207.00523
G1 X-16.319 Y-5.877 Z16.848 E207.46206
G1 X-17.169 Y-6.335 Z16.85 E207.91612
G1 X-18.082 Y-6.718 Z16.852 E208.38172
G1 X-18.967 Y-6.937 Z16.853 E208.81046
G1 X-19.829 Y-7.022 Z16.855 E209.21779
G1 X-20.671 Y-7.003 Z16.856 E209.61385
G1 X-21.647 Y-6.896 Z16.858 E210.07558
G1 X-23.99 Y-6.482 Z16.862 E211.19448
G1 X-24.835 Y-6.379 Z16.864 E211.5948
G1 X-25.72 Y-6.34 Z16.866 E212.01138
G1 X-26.618 Y-6.393 Z16.867 E212.43442
G1 X-28.27 Y-6.729 Z16.87 E213.2272
G1 X-30.044 Y-7.114 Z16.874 E214.08087
G1 X-31.502 Y-7.552 Z16.876 E214.79679
G1 X-32.025 Y-7.774 Z16.877 E215.06398
G1 X-32.546 Y-8.06 Z16.878 E215.34347
G1 X-33.028 Y-8.404 Z16.879 E215.62195
G1 X-33.471 Y-8.818 Z16.88 E215.90708
G1 X-33.87 Y-9.309 Z16.882 E216.20461
G1 X-34.231 Y-9.899 Z16.883 E216.52988
G1 X-34.556 Y-10.594 Z16.884 E216.89069
G1 X-34.789 Y-11.267 Z16.886 E217.22561
G1 X-34.949 Y-11.96 Z16.887 E217.56007
G1 X-35.027 Y-12.633 Z16.888 E217.87868
G1 X-35.032 Y-13.304 Z16.889 E218.19424
G1 X-34.963 Y-13.967 Z16.89 E218.50771
G1 X-34.824 Y-14.637 Z16.892 E218.82949
G1 X-34.621 Y-15.29 Z16.893 E219.15107
G1 X-34.353 Y-15.937 Z16.894 E219.4804
G1 X-34.02 Y-16.588 Z16.895 E219.82427
G1 X-33.185 Y-17.857 Z16.898 E220.53864
G1 X-32.51 Y-18.69 Z16.9 E221.04283
G1 X-31.822 Y-19.42 Z16.902 E221.51457
G1 X-31.075 Y-20.09 Z16.904 E221.98645
G1 X-30.332 Y-20.647 Z16.905 E222.42314
G1 X-29.536 Y-21.133 Z16.907 E222.86173
G1 X-28.707 Y-21.536 Z16.909 E223.2952
G1 X-27.852 Y-21.853 Z16.91 E223.72402
G1 X-26.955 Y-22.093 Z16.912 E224.16069
G1 X-26.016 Y-22.253 Z16.914 E224.60863
G1 X-25.036 Y-22.336 Z16.915 E225.07114
G1 X-24.028 Y-22.341 Z16.917 E225.54517
G1 X-22.956 Y-22.267 Z16.919 E226.0505
G1 X-22.059 Y-22.12 Z16.921 E226.47795
G1 X-21.252 Y-21.878 Z16.922 E226.87415
G1 X-20.515 Y-21.549 Z16.924 E227.2537
G1 X-19.854 Y-21.157 Z16.925 E227.6151
G1 X-19.226 Y-20.692 Z16.927 E227.98257
G1 X-18.417 Y-19.991 Z16.929 E228.48597
G1 X-16.43 Y-17.972 Z16.934 E229.81811
G1 X-15.54 Y-17.163 Z16.936 E230.38372
G1 X-14.127 Y-16.016 Z16.939 E231.23957
G1 X-12.932 Y-14.881 Z16.942 E232.01462
G1 X-11.075 Y-12.901 Z16.947 E233.29118
G1 X-9.78 Y-11.781 Z16.95 E234.09634
G1 X-9.11 Y-11.33 Z16.951 E234.47615
G1 X-8.387 Y-10.931 Z16.953 E234.86449
G1 X-7.569 Y-10.578 Z16.955 E235.28346
G1 X-6.477 Y-10.185 Z16.957 E235.82923
G1 X-5.436 Y-9.884 Z16.959 E236.33883
G1 X-4.419 Y-9.712 Z16.96 E236.82388
G1 X-3.408 Y-9.711 Z16.962 E237.29932
G1 X-2.383 Y-9.917 Z16.964 E237.79098
G1 X-1.337 Y-10.368 Z16.966 E238.32665
G1 X-.406 Y-10.96 Z16.968 E238.84548
G1 X0.363 Y-11.642 Z16.97 E239.32885
G1 X0.97 Y-12.424 Z16.972 E239.79438
G1 X1.401 Y-13.307 Z16.974 E240.25645
G1 X1.646 Y-14.29 Z16.975 E240.73286
G1 X1.698 Y-15.345 Z16.977 E241.22959
G1 X1.56 Y-16.555 Z16.979 E241.8023
G1 X1.264 Y-17.603 Z16.981 E242.31442
G1 X0.83 Y-18.538 Z16.983 E242.79917
G1 X0.283 Y-19.384 Z16.985 E243.27294
G1 X-.359 Y-20.16 Z16.987 E243.74656
G1 X-1.224 Y-21.05 Z16.989 E244.33021
G1 X-3.417 Y-23.041 Z16.994 E245.72312
G1 X-4.239 Y-23.852 Z16.996 E246.26615
G1 X-4.995 Y-24.695 Z16.998 E246.79865
G1 X-5.738 Y-25.669 Z17.001 E247.37474
G1 X-6.473 Y-26.687 Z17.003 E247.96521
G1 X-7.22 Y-27.642 Z17.005 E248.53538
G1 X-7.956 Y-28.53 Z17.007 E249.07777
G1 X-9.381 Y-30.203 Z17.011 E250.11123
G1 X-10.047 Y-31.014 Z17.013 E250.60473
G1 X-10.669 Y-31.829 Z17.015 E251.08687
G1 X-11.264 Y-32.696 Z17.017 E251.58136
G1 X-11.801 Y-33.601 Z17.019 E252.07624
G1 X-12.294 Y-34.595 Z17.021 E252.59802
G1 X-12.729 Y-35.682 Z17.023 E253.14861
G1 X-13.095 Y-36.874 Z17.025 E253.73499
G1 X-13.408 Y-38.129 Z17.027 E254.34325
G1 X-13.619 Y-39.278 Z17.029 E254.89262
G1 X-13.698 Y-40.422 Z17.031 E255.43188
G1 X-13.599 Y-41.463 Z17.033 E255.92364
G1 X-13.467 Y-41.999 Z17.034 E256.18323
G1 X-13.278 Y-42.525 Z17.035 E256.44607
G1 X-13.021 Y-43.056 Z17.036 E256.72349
G1 X-12.694 Y-43.59 Z17.038 E257.01796
G1 X-12 Y-44.46 Z17.04 E257.54131
G1 X-11.234 Y-45.136 Z17.041 E258.02175
G1 X-10.381 Y-45.637 Z17.043 E258.48696
G1 X-9.926 Y-45.819 Z17.044 E258.71741
G1 X-8.948 Y-46.054 Z17.046 E259.19042
G1 X-8.468 Y-46.103 Z17.047 E259.41732
G1 X-7.298 Y-46.083 Z17.049 E259.96761
G1 X-6.48 Y-45.971 Z17.05 E260.35588
G1 X-5.691 Y-45.783 Z17.052 E260.7373
G1 X-4.986 Y-45.534 Z17.053 E261.08891
G1 X-4.313 Y-45.213 Z17.054 E261.43956
G1 X-3.686 Y-44.834 Z17.056 E261.7841
G1 X-3.093 Y-44.398 Z17.057 E262.13023
G1 X-1.991 Y-43.385 Z17.06 E262.83414
G1 X-.917 Y-42.178 Z17.063 E263.59393
G1 X0.565 Y-40.351 Z17.067 E264.70022
G1 X1.296 Y-39.257 Z17.069 E265.31897
G1 X2.096 Y-37.786 Z17.072 E266.10642
G1 X2.724 Y-36.239 Z17.075 E266.89158
G1 X3.217 Y-34.668 Z17.078 E267.66588
G1 X4.173 Y-31.095 Z17.085 E269.40524
G1 X4.467 Y-29.822 Z17.087 E270.01965
G1 X4.646 Y-28.613 Z17.089 E270.5944
G1 X4.739 Y-27.45 Z17.091 E271.14306
G1 X4.773 Y-26.339 Z17.093 E271.66577
G1 X4.777 Y-24.114 Z17.097 E272.71211
G1 X4.802 Y-23.029 Z17.099 E273.22248
G1 X4.881 Y-21.943 Z17.101 E273.73454
G1 X5.041 Y-20.849 Z17.103 E274.25448
G1 X5.312 Y-19.738 Z17.105 E274.79226
G1 X5.723 Y-18.604 Z17.108 E275.35949
G1 X6.303 Y-17.437 Z17.11 E275.97233
G1 X6.995 Y-16.249 Z17.112 E276.61887
G1 X7.506 Y-15.517 Z17.114 E277.03869
G1 X8.078 Y-14.912 Z17.116 E277.43023
G1 X8.762 Y-14.481 Z17.117 E277.81042
G1 X9.618 Y-14.321 Z17.119 E278.21994
G1 X10.825 Y-14.626 Z17.121 E278.80539
G1 X11.398 Y-15.354 Z17.122 E279.24107
G1 X11.734 Y-16.203 Z17.124 E279.67045
G1 X12.202 Y-18.097 Z17.128 E280.58792
G1 X12.928 Y-19.899 Z17.131 E281.50153
G1 X13.284 Y-21.049 Z17.133 E282.06765
G1 X13.553 Y-22.174 Z17.135 E282.61161
G1 X13.767 Y-23.272 Z17.137 E283.13768
G1 X14.149 Y-25.391 Z17.141 E284.15023
G1 X14.38 Y-26.419 Z17.143 E284.64572
G1 X14.673 Y-27.405 Z17.145 E285.12944
G1 X15.058 Y-28.357 Z17.147 E285.61236
G1 X15.564 Y-29.272 Z17.149 E286.10406
G1 X16.23 Y-30.166 Z17.151 E286.62832
G1 X17.076 Y-31.025 Z17.153 E287.19529
G1 X17.797 Y-31.622 Z17.154 E287.6355
G1 X18.527 Y-32.141 Z17.156 E288.05671
G1 X19.268 Y-32.585 Z17.158 E288.46294
G1 X20.014 Y-32.949 Z17.159 E288.85329
G1 X20.766 Y-33.236 Z17.161 E289.23181
G1 X21.543 Y-33.455 Z17.162 E289.61144
G1 X22.333 Y-33.6 Z17.163 E289.98916
G1 X23.141 Y-33.678 Z17.165 E290.3709
G1 X23.979 Y-33.687 Z17.166 E290.765
G1 X24.845 Y-33.631 Z17.168 E291.1731
G1 X25.743 Y-33.512 Z17.17 E291.59909
G1 X26.649 Y-33.334 Z17.171 E292.0333
G1 X27.618 Y-33.06 Z17.173 E292.50685
G1 X28.464 Y-32.697 Z17.175 E292.93977
G1 X29.24 Y-32.202 Z17.176 E293.37262
G1 X29.844 Y-31.632 Z17.178 E293.76317
G1 X30.355 Y-30.923 Z17.179 E294.17416
G1 X30.804 Y-29.98 Z17.181 E294.66533
G1 X31.05 Y-29.114 Z17.183 E295.08869
G1 X31.123 Y-28.299 Z17.184 E295.47349
G1 X31.031 Y-27.451 Z17.186 E295.87461
G1 X30.797 Y-26.642 Z17.187 E296.27065
G1 X30.434 Y-25.832 Z17.189 E296.68807
G1 X29.957 Y-25.002 Z17.191 E297.13825
G1 X29.514 Y-24.426 Z17.192 E297.47997
G1 X28.955 Y-23.947 Z17.193 E297.82616
G1 X28.376 Y-23.59 Z17.195 E298.14604
G1 X26.931 Y-22.843 Z17.198 E298.911
G1 X25.704 Y-22.017 Z17.2 E299.60658
G1 X24.729 Y-21.422 Z17.202 E300.14372
G1 X22.55 Y-20.256 Z17.207 E301.30592
G1 X21.178 Y-19.393 Z17.21 E302.06814
G1 X20.066 Y-18.451 Z17.212 E302.75349
G1 X19.32 Y-17.634 Z17.214 E303.27377
G1 X18.152 Y-15.95 Z17.218 E304.23753
G1 X17.666 Y-15.144 Z17.22 E304.68014
G1 X17.304 Y-14.293 Z17.221 E305.11504
G1 X17.211 Y-13.176 Z17.223 E305.64214
G1 X17.702 Y-12.305 Z17.225 E306.11234
G1 X18.452 Y-11.671 Z17.227 E306.57417
G1 X19.347 Y-11.497 Z17.228 E307.00294
G1 X20.253 Y-11.622 Z17.23 E307.43303
G1 X21.198 Y-11.929 Z17.232 E307.9003
G1 X22.668 Y-12.524 Z17.235 E308.64607
G1 X23.71 Y-12.933 Z17.237 E309.17248
G1 X24.255 Y-13.221 Z17.238 E309.46236
G1 X25.226 Y-13.915 Z17.24 E310.02362
G1 X26.599 Y-15.15 Z17.243 E310.89207
G1 X27.451 Y-15.793 Z17.245 E311.39403
G1 X28.443 Y-16.326 Z17.247 E311.92361
G1 X29.49 Y-16.745 Z17.249 E312.45394
G1 X30.467 Y-17.071 Z17.251 E312.93829
G1 X31.637 Y-17.366 Z17.253 E313.50572
G1 X32.85 Y-17.52 Z17.256 E314.08073
G1 X33.938 Y-17.58 Z17.257 E314.59315
G1 X36.136 Y-17.601 Z17.261 E315.62684
G1 X37.631 Y-17.573 Z17.264 E316.33001
G1 X39.042 Y-17.446 Z17.267 E316.99624
G1 X40.356 Y-17.171 Z17.269 E317.62755
G1 X41.045 Y-16.949 Z17.27 E317.96797
G1 X41.695 Y-16.682 Z17.272 E318.29843
G1 X42.402 Y-16.326 Z17.273 E318.67067
G1 X43.081 Y-15.921 Z17.274 E319.04247
G1 X43.792 Y-15.413 Z17.276 E319.4534
G1 X44.359 Y-14.898 Z17.277 E319.81361
G1 X44.839 Y-14.321 Z17.279 E320.16657
G1 X45.233 Y-13.674 Z17.28 E320.52281
G1 X45.668 Y-12.582 Z17.282 E321.07558
G1 X45.916 Y-11.629 Z17.284 E321.53867
G1 X46.078 Y-10.641 Z17.286 E322.0095
G1 X46.115 Y-9.704 Z17.287 E322.45048
G1 X46.021 Y-8.802 Z17.289 E322.87695
G1 X45.782 Y-7.874 Z17.291 E323.3276
G1 X45.63 Y-7.469 Z17.292 E323.53103
G1 X45.163 Y-6.492 Z17.294 E324.04027
G1 X44.35 Y-5.153 Z17.296 E324.77693
G1 X43.481 Y-4.041 Z17.299 E325.44061
G1 X42.518 Y-3.117 Z17.301 E326.06822
G1 X41.426 Y-2.358 Z17.304 E326.69361
G1 X40.186 Y-1.748 Z17.306 E327.34348
G1 X38.684 Y-1.242 Z17.309 E328.08882
G1 X37.896 Y-1.068 Z17.31 E328.46831
G1 X37.139 Y-.984 Z17.312 E328.82649
G1 X36.424 Y-.979 Z17.313 E329.16274
G1 X35.716 Y-1.045 Z17.314 E329.49713
G1 X34.139 Y-1.384 Z17.317 E330.25568
G1 X31.806 Y-2.104 Z17.322 E331.40386
G1 X30.73 Y-2.365 Z17.324 E331.92454
G1 X29.899 Y-2.521 Z17.325 E332.32216
G1 X28.261 Y-2.853 Z17.328 E333.10811
G1 X26.713 Y-3.289 Z17.331 E333.86441
G1 X25.233 Y-3.796 Z17.334 E334.6001
G1 X23.823 Y-4.333 Z17.337 E335.30964
G1 X22.453 Y-4.868 Z17.339 E336.00128
G1 X21.098 Y-5.366 Z17.342 E336.68017
G1 X19.749 Y-5.791 Z17.344 E337.34529
G1 X18.386 Y-6.104 Z17.347 E338.00295
G1 X16.994 Y-6.269 Z17.349 E338.66214
G1 X15.556 Y-6.247 Z17.352 E339.33846
G1 X14.059 Y-6.001 Z17.355 E340.05188
G1 X12.466 Y-5.486 Z17.358 E340.83919
G1 X11.711 Y-5.12 Z17.359 E341.23376
G1 X10.787 Y-4.431 Z17.361 E341.77579
G1 X10.153 Y-3.554 Z17.363 E342.28469
G1 X9.907 Y-2.784 Z17.365 E342.66483
G1 X9.865 Y-2.017 Z17.366 E343.02606
G1 X10 Y-1.132 Z17.368 E343.44706
G1 X10.257 Y-.397 Z17.369 E343.81323
G1 X10.629 Y0.242 Z17.37 E344.16094
G1 X11.091 Y0.796 Z17.372 E344.50017
G1 X11.627 Y1.289 Z17.373 E344.84264
G1 X12.422 Y1.885 Z17.375 E345.30989
G1 X14.7 Y3.287 Z17.38 E346.56779
G1 X15.595 Y3.936 Z17.382 E347.08768
G1 X16.906 Y5.061 Z17.385 E347.90008
G1 X18.125 Y5.973 Z17.387 E348.61601
G1 X20.256 Y7.388 Z17.392 E349.81895
G1 X21.533 Y8.431 Z17.395 E350.59433
G1 X22.036 Y8.944 Z17.396 E350.93219
G1 X22.524 Y9.534 Z17.398 E351.29226
G1 X22.99 Y10.206 Z17.399 E351.67682
G1 X23.834 Y11.626 Z17.402 E352.45365
G1 X24.509 Y12.994 Z17.405 E353.17102
G1 X25.005 Y14.363 Z17.407 E353.85576
G1 X25.296 Y15.722 Z17.41 E354.50934
G1 X25.373 Y16.457 Z17.411 E354.85688
G1 X25.399 Y17.214 Z17.413 E355.21308
G1 X25.365 Y18.328 Z17.415 E355.7372
G1 X25.099 Y20.37 Z17.418 E356.70559
G1 X24.842 Y21.661 Z17.421 E357.32461
G1 X24.624 Y22.521 Z17.422 E357.74183
G1 X24.359 Y23.341 Z17.424 E358.14709
G1 X24.036 Y24.121 Z17.425 E358.5441
G1 X23.655 Y24.844 Z17.427 E358.92842
G1 X23.197 Y25.53 Z17.428 E359.31631
G1 X22.668 Y26.15 Z17.43 E359.69959
G1 X22.046 Y26.721 Z17.431 E360.09665
G1 X21.335 Y27.23 Z17.433 E360.50786
G1 X20.505 Y27.687 Z17.435 E360.95343
G1 X19.906 Y27.937 Z17.436 E361.25867
G1 X19.309 Y28.113 Z17.437 E361.55137
G1 X18.721 Y28.216 Z17.438 E361.83209
G1 X18.142 Y28.248 Z17.439 E362.10479
G1 X17.566 Y28.216 Z17.44 E362.37608
G1 X17.003 Y28.12 Z17.441 E362.64466
G1 X16.444 Y27.967 Z17.442 E362.91721
G1 X15.888 Y27.757 Z17.443 E363.1967
G1 X14.794 Y27.19 Z17.445 E363.77616
G1 X13.672 Y26.413 Z17.448 E364.41797
G1 X12.296 Y25.195 Z17.451 E365.28215
G1 X11.19 Y23.896 Z17.454 E366.08444
G1 X10.311 Y22.521 Z17.457 E366.85189
G1 X9.621 Y21.093 Z17.46 E367.59772
G1 X9.06 Y19.587 Z17.463 E368.35348
G1 X8.605 Y18.075 Z17.466 E369.09601
G1 X7.752 Y14.858 Z17.472 E370.66113
G1 X7.273 Y13.211 Z17.475 E371.46775
G1 X6.691 Y11.542 Z17.478 E372.29897
G1 X5.959 Y9.857 Z17.481 E373.16291
G1 X5.029 Y8.172 Z17.485 E374.06799
G1 X4.589 Y7.441 Z17.486 E374.46922
G1 X3.155 Y4.905 Z17.491 E375.83927
G1 X2.217 Y3.486 Z17.494 E376.63919
G1 X1.277 Y2.4 Z17.497 E377.31464
G1 X0.687 Y1.861 Z17.498 E377.69044
G1 X0.02 Y1.351 Z17.5 E378.0853
;TIME_ELAPSED:446.901967
;LAYER:17
;TYPE:WALL-OUTER
;MESH:030.stl
G1 X-1.617 Y0.377 Z17.503 E378.98108
G1 X-2.557 Y-0.067 Z17.505 E379.46996
G1 X-3.481 Y-.371 Z17.507 E379.9274
G1 X-4.418 Y-.49 Z17.509 E380.37157
G1 X-5.316 Y-.377 Z17.51 E380.7972
G1 X-5.882 Y-.184 Z17.511 E381.07842
G1 X-6.702 Y0.277 Z17.513 E381.5208
G1 X-7.297 Y0.855 Z17.515 E381.9109
G1 X-7.717 Y1.561 Z17.516 E382.29721
G1 X-8.012 Y2.649 Z17.518 E382.82733
G1 X-8.085 Y3.517 Z17.52 E383.23696
G1 X-8.083 Y4.396 Z17.521 E383.65033
G1 X-7.823 Y6.597 Z17.525 E384.69258
G1 X-7.238 Y8.681 Z17.529 E385.71049
G1 X-6.387 Y10.679 Z17.533 E386.73175
G1 X-5.326 Y12.626 Z17.537 E387.77448
G1 X-4.111 Y14.547 Z17.541 E388.84339
G1 X-2.794 Y16.474 Z17.545 E389.94101
G1 X-1.441 Y18.423 Z17.55 E391.05676
G1 X-0.077 Y20.461 Z17.554 E392.21001
G1 X1.212 Y22.57 Z17.558 E393.37237
G1 X2.386 Y24.801 Z17.563 E394.55792
G1 X3.391 Y27.182 Z17.568 E395.77328
G1 X4.177 Y29.746 Z17.572 E397.03442
G1 X4.494 Y30.982 Z17.575 E397.63448
G1 X5.121 Y33.344 Z17.579 E398.78372
G1 X5.388 Y34.437 Z17.581 E399.31283
G1 X5.614 Y35.528 Z17.583 E399.83678
G1 X5.78 Y36.607 Z17.585 E400.35017
G1 X5.867 Y37.66 Z17.587 E400.84704
G1 X5.861 Y38.715 Z17.589 E401.34318
G1 X5.748 Y39.764 Z17.591 E401.83934
G1 X5.511 Y40.84 Z17.593 E402.35748
G1 X5.136 Y41.935 Z17.595 E402.90178
G1 X4.609 Y43.05 Z17.597 E403.48174
G1 X4.045 Y43.924 Z17.599 E403.9709
G1 X3.732 Y44.289 Z17.6 E404.19701
G1 X3.043 Y44.895 Z17.601 E404.62852
G1 X2.261 Y45.354 Z17.603 E405.05493
G1 X1.85 Y45.525 Z17.604 E405.26428
G1 X0.882 Y45.803 Z17.606 E405.73789
G1 X-.164 Y45.965 Z17.608 E406.23565
G1 X-1.517 Y46.074 Z17.61 E406.87398
G1 X-2.834 Y46.117 Z17.612 E407.49365
G1 X-4.135 Y46.086 Z17.615 E408.10564
G1 X-5.378 Y45.971 Z17.617 E408.69267
G1 X-6.583 Y45.766 Z17.619 E409.26749
G1 X-7.721 Y45.466 Z17.621 E409.82093
G1 X-8.827 Y45.054 Z17.623 E410.37596
G1 X-9.877 Y44.531 Z17.625 E410.9276
G1 X-10.874 Y43.885 Z17.628 E411.48627
G1 X-11.816 Y43.11 Z17.63 E412.05991
G1 X-12.708 Y42.19 Z17.632 E412.66252
G1 X-13.536 Y41.13 Z17.634 E413.29506
G1 X-14.751 Y39.124 Z17.639 E414.39795
G1 X-15.596 Y37.14 Z17.643 E415.41206
G1 X-16.119 Y35.155 Z17.646 E416.37739
G1 X-16.36 Y33.172 Z17.65 E417.31679
G1 X-16.37 Y31.166 Z17.653 E418.26015
G1 X-16.19 Y29.136 Z17.657 E419.21853
G1 X-15.866 Y27.066 Z17.661 E420.20383
G1 X-15.442 Y24.95 Z17.665 E421.21869
G1 X-14.475 Y20.505 Z17.673 E423.35791
G1 X-14.025 Y18.171 Z17.677 E424.47572
G1 X-13.595 Y15.32 Z17.682 E425.83161
G1 X-13.375 Y14.607 Z17.684 E426.18251
G1 X-13.092 Y13.916 Z17.685 E426.53366
G1 X-12.252 Y12.292 Z17.688 E427.39348
G1 X-11.869 Y11.14 Z17.691 E427.96438
G1 X-11.864 Y10.118 Z17.692 E428.445
G1 X-12.055 Y9.427 Z17.694 E428.78214
G1 X-12.403 Y8.702 Z17.695 E429.16032
G1 X-12.881 Y8.085 Z17.697 E429.52736
G1 X-13.466 Y7.598 Z17.698 E429.88532
G1 X-14.146 Y7.235 Z17.699 E430.24781
G1 X-14.908 Y6.985 Z17.701 E430.62494
G1 X-15.723 Y6.834 Z17.702 E431.01473
G1 X-16.476 Y6.777 Z17.704 E431.36985
G1 X-17.201 Y6.801 Z17.705 E431.71098
G1 X-18.407 Y7.044 Z17.707 E432.28952
G1 X-19.549 Y7.515 Z17.709 E432.87044
G1 X-20.651 Y8.139 Z17.712 E433.46599
G1 X-22.374 Y9.231 Z17.715 E434.42528
G1 X-23.017 Y9.617 Z17.717 E434.77796
G1 X-23.933 Y10.193 Z17.719 E435.28681
G1 X-25.099 Y11.049 Z17.721 E435.96704
G1 X-26.35 Y12.206 Z17.724 E436.76838
G1 X-28.452 Y14.342 Z17.73 E438.17767
G1 X-29.39 Y15.172 Z17.732 E438.76668
G1 X-30.142 Y15.762 Z17.734 E439.21617
G1 X-30.951 Y16.31 Z17.735 E439.67568
G1 X-31.89 Y16.848 Z17.737 E440.1846
G1 X-33.562 Y17.709 Z17.741 E441.06901
G1 X-34.613 Y18.182 Z17.743 E441.61101
G1 X-35.645 Y18.531 Z17.745 E442.12332
G1 X-36.757 Y18.747 Z17.747 E442.65603
G1 X-37.915 Y18.789 Z17.749 E443.20095
G1 X-38.544 Y18.743 Z17.75 E443.49754
G1 X-39.955 Y18.534 Z17.752 E444.16832
G1 X-41.25 Y18.204 Z17.755 E444.79678
G1 X-42.365 Y17.747 Z17.757 E445.36345
G1 X-43.388 Y17.116 Z17.759 E445.92869
G1 X-43.883 Y16.712 Z17.76 E446.22916
G1 X-44.344 Y16.266 Z17.761 E446.5308
G1 X-44.79 Y15.758 Z17.763 E446.8487
G1 X-45.51 Y14.729 Z17.765 E447.4393
G1 X-45.726 Y14.291 Z17.766 E447.66896
G1 X-45.998 Y13.421 Z17.767 E448.09762
G1 X-46.065 Y13 Z17.768 E448.29809
G1 X-46.121 Y11.885 Z17.77 E448.8231
G1 X-46.046 Y9.823 Z17.774 E449.79343
G1 X-46.065 Y8.479 Z17.776 E450.42553
G1 X-45.971 Y7.768 Z17.778 E450.76279
G1 X-45.844 Y7.399 E450.94631
G1 X-45.645 Y7.012 Z17.779 E451.15096
G1 X-45.407 Y6.672 Z17.78 E451.34613
G1 X-45.152 Y6.4 Z17.781 E451.52146
G1 X-44.769 Y6.081 E451.75586
G1 X-43.521 Y5.257 Z17.784 E452.45914
G1 X-42.639 Y4.724 Z17.786 E452.94376
G1 X-41.789 Y4.277 Z17.788 E453.39539
G1 X-40.056 Y3.551 Z17.791 E454.27898
G1 X-38.531 Y3.03 Z17.794 E455.03684
G1 X-37.167 Y2.612 Z17.797 E455.70772
G1 X-35.871 Y2.262 Z17.799 E456.33902
G1 X-34.611 Y1.969 Z17.801 E456.94736
G1 X-33.442 Y1.733 Z17.803 E457.50819
G1 X-32.281 Y1.529 Z17.806 E458.06253
G1 X-31.117 Y1.346 Z17.808 E458.61664
G1 X-27.563 Y0.817 Z17.814 E460.30638
G1 X-26.294 Y0.606 Z17.816 E460.91134
G1 X-24.962 Y0.357 Z17.819 E461.54858
G1 X-23.565 Y0.061 Z17.821 E462.22012
G1 X-22.637 Y-0.089 Z17.823 E462.66219
G1 X-21.376 Y-.171 Z17.825 E463.25645
G1 X-18.266 Y-0.065 Z17.831 E464.71982
G1 X-17.178 Y-.132 Z17.833 E465.23244
G1 X-16.398 Y-.269 Z17.834 E465.60486
G1 X-15.682 Y-.526 Z17.836 E465.9626
G1 X-15.045 Y-.946 Z17.837 E466.32142
G1 X-14.503 Y-1.585 Z17.839 E466.71545
G1 X-14.011 Y-2.779 Z17.841 E467.32275
G1 X-14.093 Y-3.681 Z17.843 E467.74868
G1 X-14.485 Y-4.385 Z17.844 E468.12761
G1 X-14.828 Y-4.782 Z17.845 E468.37433
G1 X-15.501 Y-5.353 Z17.846 E468.78938
G1 X-16.319 Y-5.877 Z17.848 E469.24622
G1 X-17.169 Y-6.335 Z17.85 E469.70028
G1 X-18.082 Y-6.718 Z17.852 E470.16588
G1 X-18.967 Y-6.937 Z17.853 E470.59462
G1 X-19.829 Y-7.022 Z17.855 E471.00195
G1 X-20.671 Y-7.003 Z17.856 E471.39801
G1 X-21.647 Y-6.896 Z17.858 E471.85974
G1 X-23.99 Y-6.482 Z17.862 E472.97864
G1 X-24.835 Y-6.379 Z17.864 E473.37896
G1 X-25.72 Y-6.34 Z17.866 E473.79554
G1 X-26.618 Y-6.393 Z17.867 E474.21858
G1 X-28.27 Y-6.729 Z17.87 E475.01136
G1 X-30.044 Y-7.114 Z17.874 E475.86503
G1 X-31.502 Y-7.552 Z17.876 E476.58095
G1 X-32.025 Y-7.774 Z17.877 E476.84813
G1 X-32.546 Y-8.06 Z17.878 E477.12763
G1 X-33.028 Y-8.404 Z17.879 E477.4061
G1 X-33.471 Y-8.818 Z17.88 E477.69124
G1 X-33.87 Y-9.309 Z17.882 E477.98877
G1 X-34.231 Y-9.899 Z17.883 E478.31404
G1 X-34.556 Y-10.594 Z17.884 E478.67485
G1 X-34.789 Y-11.267 Z17.886 E479.00977
G1 X-34.949 Y-11.96 Z17.887 E479.34423
G1 X-35.027 Y-12.633 Z17.888 E479.66284
G1 X-35.032 Y-13.304 Z17.889 E479.9784
G1 X-34.963 Y-13.967 Z17.89 E480.29186
G1 X-34.824 Y-14.637 Z17.892 E480.61365
G1 X-34.621 Y-15.29 Z17.893 E480.93523
G1 X-34.353 Y-15.937 Z17.894 E481.26456
G1 X-34.02 Y-16.588 Z17.895 E481.60843
G1 X-33.185 Y-17.857 Z17.898 E482.3228
G1 X-32.51 Y-18.69 Z17.9 E482.82699
G1 X-31.822 Y-19.42 Z17.902 E483.29872
G1 X-31.075 Y-20.09 Z17.904 E483.77061
G1 X-30.332 Y-20.647 Z17.905 E484.2073
G1 X-29.536 Y-21.133 Z17.907 E484.64589
G1 X-28.707 Y-21.536 Z17.909 E485.07936
G1 X-27.852 Y-21.853 Z17.91 E485.50818
G1 X-26.955 Y-22.093 Z17.912 E485.94485
G1 X-26.016 Y-22.253 Z17.914 E486.39279
G1 X-25.036 Y-22.336 Z17.915 E486.8553
G1 X-24.028 Y-22.341 Z17.917 E487.32933
G1 X-22.956 Y-22.267 Z17.919 E487.83465
G1 X-22.059 Y-22.12 Z17.921 E488.26211
G1 X-21.252 Y-21.878 Z17.922 E488.65831
G1 X-20.515 Y-21.549 Z17.924 E489.03786
G1 X-19.854 Y-21.157 Z17.925 E489.39926
G1 X-19.226 Y-20.692 Z17.927 E489.76673
G1 X-18.417 Y-19.991 Z17.929 E490.27013
G1 X-16.43 Y-17.972 Z17.934 E491.60227
G1 X-15.54 Y-17.163 Z17.936 E492.16788
G1 X-14.127 Y-16.016 Z17.939 E493.02373
G1 X-12.932 Y-14.881 Z17.942 E493.79878
G1 X-11.075 Y-12.901 Z17.947 E495.07534
G1 X-9.78 Y-11.781 Z17.95 E495.8805
G1 X-9.11 Y-11.33 Z17.951 E496.26031
G1 X-8.387 Y-10.931 Z17.953 E496.64865
G1 X-7.569 Y-10.578 Z17.955 E497.06762
G1 X-6.477 Y-10.185 Z17.957 E497.61339
G1 X-5.436 Y-9.884 Z17.959 E498.12299
G1 X-4.419 Y-9.712 Z17.96 E498.60804
G1 X-3.408 Y-9.711 Z17.962 E499.08348
G1 X-2.383 Y-9.917 Z17.964 E499.57514
G1 X-1.337 Y-10.368 Z17.966 E500.11081
G1 X-.406 Y-10.96 Z17.968 E500.62964
G1 X0.363 Y-11.642 Z17.97 E501.11301
G1 X0.97 Y-12.424 Z17.972 E501.57854
G1 X1.401 Y-13.307 Z17.974 E502.04061
G1 X1.646 Y-14.29 Z17.975 E502.51702
G1 X1.698 Y-15.345 Z17.977 E503.01375
G1 X1.56 Y-16.555 Z17.979 E503.58646
G1 X1.264 Y-17.603 Z17.981 E504.09858
G1 X0.83 Y-18.538 Z17.983 E504.58333
G1 X0.283 Y-19.384 Z17.985 E505.0571
G1 X-.359 Y-20.16 Z17.987 E505.53072
G1 X-1.224 Y-21.05 Z17.989 E506.11436
G1 X-3.417 Y-23.041 Z17.994 E507.50728
G1 X-4.239 Y-23.852 Z17.996 E508.05031
G1 X-4.995 Y-24.695 Z17.998 E508.58281
G1 X-5.738 Y-25.669 Z18.001 E509.1589
G1 X-6.473 Y-26.687 Z18.003 E509.74937
G1 X-7.22 Y-27.642 Z18.005 E510.31954
G1 X-7.956 Y-28.53 Z18.007 E510.86192
G1 X-9.381 Y-30.203 Z18.011 E511.89539
G1 X-10.047 Y-31.014 Z18.013 E512.38889
G1 X-10.669 Y-31.829 Z18.015 E512.87103
G1 X-11.264 Y-32.696 Z18.017 E513.36552
G1 X-11.801 Y-33.601 Z18.019 E513.8604
G1 X-12.294 Y-34.595 Z18.021 E514.38217
G1 X-12.729 Y-35.682 Z18.023 E514.93276
G1 X-13.095 Y-36.874 Z18.025 E515.51915
G1 X-13.408 Y-38.129 Z18.027 E516.12741
G1 X-13.619 Y-39.278 Z18.029 E516.67678
G1 X-13.698 Y-40.422 Z18.031 E517.21604
G1 X-13.599 Y-41.463 Z18.033 E517.7078
G1 X-13.467 Y-41.999 Z18.034 E517.96739
G1 X-13.278 Y-42.525 Z18.035 E518.23023
G1 X-13.021 Y-43.056 Z18.036 E518.50765
G1 X-12.694 Y-43.59 Z18.038 E518.80212
G1 X-12 Y-44.46 Z18.04 E519.32547
G1 X-11.234 Y-45.136 Z18.041 E519.80591
G1 X-10.381 Y-45.637 Z18.043 E520.27112
G1 X-9.926 Y-45.819 Z18.044 E520.50157
G1 X-8.948 Y-46.054 Z18.046 E520.97458
G1 X-8.468 Y-46.103 Z18.047 E521.20148
G1 X-7.298 Y-46.083 Z18.049 E521.75177
G1 X-6.48 Y-45.971 Z18.05 E522.14004
G1 X-5.691 Y-45.783 Z18.052 E522.52146
G1 X-4.986 Y-45.534 Z18.053 E522.87307
G1 X-4.313 Y-45.213 Z18.054 E523.22372
G1 X-3.686 Y-44.834 Z18.056 E523.56825
G1 X-3.093 Y-44.398 Z18.057 E523.91438
G1 X-1.991 Y-43.385 Z18.06 E524.6183
G1 X-.917 Y-42.178 Z18.063 E525.37809
G1 X0.565 Y-40.351 Z18.067 E526.48438
G1 X1.296 Y-39.257 Z18.069 E527.10313
G1 X2.096 Y-37.786 Z18.072 E527.89058
G1 X2.724 Y-36.239 Z18.075 E528.67573
G1 X3.217 Y-34.668 Z18.078 E529.45004
G1 X4.173 Y-31.095 Z18.085 E531.1894
G1 X4.467 Y-29.822 Z18.087 E531.80381
G1 X4.646 Y-28.613 Z18.089 E532.37856
G1 X4.739 Y-27.45 Z18.091 E532.92722
G1 X4.773 Y-26.339 Z18.093 E533.44993
G1 X4.777 Y-24.114 Z18.097 E534.49627
G1 X4.802 Y-23.029 Z18.099 E535.00664
G1 X4.881 Y-21.943 Z18.101 E535.5187
G1 X5.041 Y-20.849 Z18.103 E536.03864
G1 X5.312 Y-19.738 Z18.105 E536.57642
G1 X5.723 Y-18.604 Z18.108 E537.14365
G1 X6.303 Y-17.437 Z18.11 E537.75649
G1 X6.995 Y-16.249 Z18.112 E538.40303
G1 X7.506 Y-15.517 Z18.114 E538.82285
G1 X8.078 Y-14.912 Z18.116 E539.21439
G1 X8.762 Y-14.481 Z18.117 E539.59458
G1 X9.618 Y-14.321 Z18.119 E540.0041
G1 X10.825 Y-14.626 Z18.121 E540.58955
G1 X11.398 Y-15.354 Z18.122 E541.02523
G1 X11.734 Y-16.203 Z18.124 E541.45461
G1 X12.202 Y-18.097 Z18.128 E542.37208
G1 X12.928 Y-19.899 Z18.131 E543.28569
G1 X13.284 Y-21.049 Z18.133 E543.85181
G1 X13.553 Y-22.174 Z18.135 E544.39577
G1 X13.767 Y-23.272 Z18.137 E544.92184
G1 X14.149 Y-25.391 Z18.141 E545.93439
G1 X14.38 Y-26.419 Z18.143 E546.42988
G1 X14.673 Y-27.405 Z18.145 E546.9136
G1 X15.058 Y-28.357 Z18.147 E547.39652
G1 X15.564 Y-29.272 Z18.149 E547.88822
G1 X16.23 Y-30.166 Z18.151 E548.41247
G1 X17.076 Y-31.025 Z18.153 E548.97945
G1 X17.797 Y-31.622 Z18.154 E549.41966
G1 X18.527 Y-32.141 Z18.156 E549.84087
G1 X19.268 Y-32.585 Z18.158 E550.2471
G1 X20.014 Y-32.949 Z18.159 E550.63745
G1 X20.766 Y-33.236 Z18.161 E551.01597
G1 X21.543 Y-33.455 Z18.162 E551.3956
G1 X22.333 Y-33.6 Z18.163 E551.77332
G1 X23.141 Y-33.678 Z18.165 E552.15506
G1 X23.979 Y-33.687 Z18.166 E552.54916
G1 X24.845 Y-33.631 Z18.168 E552.95726
G1 X25.743 Y-33.512 Z18.17 E553.38325
G1 X26.649 Y-33.334 Z18.171 E553.81746
G1 X27.618 Y-33.06 Z18.173 E554.29101
G1 X28.464 Y-32.697 Z18.175 E554.72393
G1 X29.24 Y-32.202 Z18.176 E555.15678
G1 X29.844 Y-31.632 Z18.178 E555.54733
G1 X30.355 Y-30.923 Z18.179 E555.95832
G1 X30.804 Y-29.98 Z18.181 E556.44948
G1 X31.05 Y-29.114 Z18.183 E556.87285
G1 X31.123 Y-28.299 Z18.184 E557.25765
G1 X31.031 Y-27.451 Z18.186 E557.65877
G1 X30.797 Y-26.642 Z18.187 E558.05481
G1 X30.434 Y-25.832 Z18.189 E558.47223
G1 X29.957 Y-25.002 Z18.191 E558.92241
G1 X29.514 Y-24.426 Z18.192 E559.26413
G1 X28.955 Y-23.947 Z18.193 E559.61032
G1 X28.376 Y-23.59 Z18.195 E559.9302
G1 X26.931 Y-22.843 Z18.198 E560.69516
G1 X25.704 Y-22.017 Z18.2 E561.39074
G1 X24.729 Y-21.422 Z18.202 E561.92788
G1 X22.55 Y-20.256 Z18.207 E563.09007
G1 X21.178 Y-19.393 Z18.21 E563.8523
G1 X20.066 Y-18.451 Z18.212 E564.53765
G1 X19.32 Y-17.634 Z18.214 E565.05792
G1 X18.152 Y-15.95 Z18.218 E566.02169
G1 X17.666 Y-15.144 Z18.22 E566.4643
G1 X17.304 Y-14.293 Z18.221 E566.89919
G1 X17.211 Y-13.176 Z18.223 E567.4263
G1 X17.702 Y-12.305 Z18.225 E567.8965
G1 X18.452 Y-11.671 Z18.227 E568.35833
G1 X19.347 Y-11.497 Z18.228 E568.7871
G1 X20.253 Y-11.622 Z18.23 E569.21719
G1 X21.198 Y-11.929 Z18.232 E569.68446
G1 X22.668 Y-12.524 Z18.235 E570.43023
G1 X23.71 Y-12.933 Z18.237 E570.95664
G1 X24.255 Y-13.221 Z18.238 E571.24652
G1 X25.226 Y-13.915 Z18.24 E571.80778
G1 X26.599 Y-15.15 Z18.243 E572.67623
G1 X27.451 Y-15.793 Z18.245 E573.17819
G1 X28.443 Y-16.326 Z18.247 E573.70777
G1 X29.49 Y-16.745 Z18.249 E574.2381
G1 X30.467 Y-17.071 Z18.251 E574.72245
G1 X31.637 Y-17.366 Z18.253 E575.28988
G1 X32.85 Y-17.52 Z18.256 E575.86489
G1 X33.938 Y-17.58 Z18.257 E576.37731
G1 X36.136 Y-17.601 Z18.261 E577.411
G1 X37.631 Y-17.573 Z18.264 E578.11417
G1 X39.042 Y-17.446 Z18.267 E578.7804
G1 X40.356 Y-17.171 Z18.269 E579.41171
G1 X41.045 Y-16.949 Z18.27 E579.75213
G1 X41.695 Y-16.682 Z18.272 E580.08258
G1 X42.402 Y-16.326 Z18.273 E580.45483
G1 X43.081 Y-15.921 Z18.274 E580.82663
G1 X43.792 Y-15.413 Z18.276 E581.23756
G1 X44.359 Y-14.898 Z18.277 E581.59777
G1 X44.839 Y-14.321 Z18.279 E581.95073
G1 X45.233 Y-13.674 Z18.28 E582.30697
G1 X45.668 Y-12.582 Z18.282 E582.85974
G1 X45.916 Y-11.629 Z18.284 E583.32283
G1 X46.078 Y-10.641 Z18.286 E583.79366
G1 X46.115 Y-9.704 Z18.287 E584.23464
G1 X46.021 Y-8.802 Z18.289 E584.66111
G1 X45.782 Y-7.874 Z18.291 E585.11176
G1 X45.63 Y-7.469 Z18.292 E585.31519
G1 X45.163 Y-6.492 Z18.294 E585.82443
G1 X44.35 Y-5.153 Z18.296 E586.56109
G1 X43.481 Y-4.041 Z18.299 E587.22477
G1 X42.518 Y-3.117 Z18.301 E587.85238
G1 X41.426 Y-2.358 Z18.304 E588.47777
G1 X40.186 Y-1.748 Z18.306 E589.12764
G1 X38.684 Y-1.242 Z18.309 E589.87298
G1 X37.896 Y-1.068 Z18.31 E590.25247
G1 X37.139 Y-.984 Z18.312 E590.61065
G1 X36.424 Y-.979 Z18.313 E590.9469
G1 X35.716 Y-1.045 Z18.314 E591.28129
G1 X34.139 Y-1.384 Z18.317 E592.03984
G1 X31.806 Y-2.104 Z18.322 E593.18802
G1 X30.73 Y-2.365 Z18.324 E593.7087
G1 X29.899 Y-2.521 Z18.325 E594.10632
G1 X28.261 Y-2.853 Z18.328 E594.89227
G1 X26.713 Y-3.289 Z18.331 E595.64857
G1 X25.233 Y-3.796 Z18.334 E596.38426
G1 X23.823 Y-4.333 Z18.337 E597.0938
G1 X22.453 Y-4.868 Z18.339 E597.78544
G1 X21.098 Y-5.366 Z18.342 E598.46432
G1 X19.749 Y-5.791 Z18.344 E599.12945
G1 X18.386 Y-6.104 Z18.347 E599.7871
G1 X16.994 Y-6.269 Z18.349 E600.4463
G1 X15.556 Y-6.247 Z18.352 E601.12262
G1 X14.059 Y-6.001 Z18.355 E601.83604
G1 X12.466 Y-5.486 Z18.358 E602.62335
G1 X11.711 Y-5.12 Z18.359 E603.01792
G1 X10.787 Y-4.431 Z18.361 E603.55995
G1 X10.153 Y-3.554 Z18.363 E604.06885
G1 X9.907 Y-2.784 Z18.365 E604.44899
G1 X9.865 Y-2.017 Z18.366 E604.81022
G1 X10 Y-1.132 Z18.368 E605.23122
G1 X10.257 Y-.397 Z18.369 E605.59739
G1 X10.629 Y0.242 Z18.37 E605.9451
G1 X11.091 Y0.796 Z18.372 E606.28433
G1 X11.627 Y1.289 Z18.373 E606.6268
G1 X12.422 Y1.885 Z18.375 E607.09405
G1 X14.7 Y3.287 Z18.38 E608.35194
G1 X15.595 Y3.936 Z18.382 E608.87184
G1 X16.906 Y5.061 Z18.385 E609.68424
G1 X18.125 Y5.973 Z18.387 E610.40017
G1 X20.256 Y7.388 Z18.392 E611.60311
G1 X21.533 Y8.431 Z18.395 E612.37848
G1 X22.036 Y8.944 Z18.396 E612.71635
G1 X22.524 Y9.534 Z18.398 E613.07641
G1 X22.99 Y10.206 Z18.399 E613.46098
G1 X23.834 Y11.626 Z18.402 E614.23781
G1 X24.509 Y12.994 Z18.405 E614.95518
G1 X25.005 Y14.363 Z18.407 E615.63992
G1 X25.296 Y15.722 Z18.41 E616.2935
G1 X25.373 Y16.457 Z18.411 E616.64104
G1 X25.399 Y17.214 Z18.413 E616.99724
G1 X25.365 Y18.328 Z18.415 E617.52136
G1 X25.099 Y20.37 Z18.418 E618.48975
G1 X24.842 Y21.661 Z18.421 E619.10877
G1 X24.624 Y22.521 Z18.422 E619.52599
G1 X24.359 Y23.341 Z18.424 E619.93125
G1 X24.036 Y24.121 Z18.425 E620.32826
G1 X23.655 Y24.844 Z18.427 E620.71258
G1 X23.197 Y25.53 Z18.428 E621.10047
G1 X22.668 Y26.15 Z18.43 E621.48374
G1 X22.046 Y26.721 Z18.431 E621.88081
G1 X21.335 Y27.23 Z18.433 E622.29202
G1 X20.505 Y27.687 Z18.435 E622.73759
G1 X19.906 Y27.937 Z18.436 E623.04283
G1 X19.309 Y28.113 Z18.437 E623.33552
G1 X18.721 Y28.216 Z18.438 E623.61625
G1 X18.142 Y28.248 Z18.439 E623.88895
G1 X17.566 Y28.216 Z18.44 E624.16024
G1 X17.003 Y28.12 Z18.441 E624.42882
G1 X16.444 Y27.967 Z18.442 E624.70137
G1 X15.888 Y27.757 Z18.443 E624.98086
G1 X14.794 Y27.19 Z18.445 E625.56032
G1 X13.672 Y26.413 Z18.448 E626.20213
G1 X12.296 Y25.195 Z18.451 E627.0663
G1 X11.19 Y23.896 Z18.454 E627.8686
G1 X10.311 Y22.521 Z18.457 E628.63605
G1 X9.621 Y21.093 Z18.46 E629.38188
G1 X9.06 Y19.587 Z18.463 E630.13764
G1 X8.605 Y18.075 Z18.466 E630.88017
G1 X7.752 Y14.858 Z18.472 E632.44529
G1 X7.273 Y13.211 Z18.475 E633.25191
G1 X6.691 Y11.542 Z18.478 E634.08313
G1 X5.959 Y9.857 Z18.481 E634.94707
G1 X5.029 Y8.172 Z18.485 E635.85215
G1 X4.589 Y7.441 Z18.486 E636.25338
G1 X3.155 Y4.905 Z18.491 E637.62343
G1 X2.217 Y3.486 Z18.494 E638.42335
G1 X1.277 Y2.4 Z18.497 E639.0988
G1 X0.687 Y1.861 Z18.498 E639.4746
G1 X0.02 Y1.351 Z18.5 E639.86945
;TIME_ELAPSED:460.828951
;LAYER:18
;TYPE:WALL-OUTER
;MESH:030.stl
G1 X-1.617 Y0.377 Z18.503 E640.76524
G1 X-2.557 Y-0.067 Z18.505 E641.25412
G1 X-3.481 Y-.371 Z18.507 E641.71156
G1 X-4.418 Y-.49 Z18.509 E642.15573
G1 X-5.316 Y-.377 Z18.51 E642.58136
G1 X-5.882 Y-.184 Z18.511 E642.86258
G1 X-6.702 Y0.277 Z18.513 E643.30496
G1 X-7.297 Y0.855 Z18.515 E643.69505
G1 X-7.717 Y1.561 Z18.516 E644.08137
G1 X-8.012 Y2.649 Z18.518 E644.61149
G1 X-8.085 Y3.517 Z18.52 E645.02112
G1 X-8.083 Y4.396 Z18.521 E645.43449
G1 X-7.823 Y6.597 Z18.525 E646.47673
G1 X-7.238 Y8.681 Z18.529 E647.49465
G1 X-6.387 Y10.679 Z18.533 E648.51591
G1 X-5.326 Y12.626 Z18.537 E649.55864
G1 X-4.111 Y14.547 Z18.541 E650.62755
G1 X-2.794 Y16.474 Z18.545 E651.72517
G1 X-1.441 Y18.423 Z18.55 E652.84092
G1 X-0.077 Y20.461 Z18.554 E653.99416
G1 X1.212 Y22.57 Z18.558 E655.15653
G1 X2.386 Y24.801 Z18.563 E656.34208
G1 X3.391 Y27.182 Z18.568 E657.55744
G1 X4.177 Y29.746 Z18.572 E658.81858
G1 X4.494 Y30.982 Z18.575 E659.41864
G1 X5.121 Y33.344 Z18.579 E660.56788
G1 X5.388 Y34.437 Z18.581 E661.09699
G1 X5.614 Y35.528 Z18.583 E661.62094
G1 X5.78 Y36.607 Z18.585 E662.13433
G1 X5.867 Y37.66 Z18.587 E662.6312
G1 X5.861 Y38.715 Z18.589 E663.12734
G1 X5.748 Y39.764 Z18.591 E663.6235
G1 X5.511 Y40.84 Z18.593 E664.14163
G1 X5.136 Y41.935 Z18.595 E664.68593
G1 X4.609 Y43.05 Z18.597 E665.2659
G1 X4.045 Y43.924 Z18.599 E665.75506
G1 X3.732 Y44.289 Z18.6 E665.98117
G1 X3.043 Y44.895 Z18.601 E666.41268
G1 X2.261 Y45.354 Z18.603 E666.83909
G1 X1.85 Y45.525 Z18.604 E667.04843
G1 X0.882 Y45.803 Z18.606 E667.52205
G1 X-.164 Y45.965 Z18.608 E668.01981
G1 X-1.517 Y46.074 Z18.61 E668.65814
G1 X-2.834 Y46.117 Z18.612 E669.27781
G1 X-4.135 Y46.086 Z18.615 E669.8898
G1 X-5.378 Y45.971 Z18.617 E670.47683
G1 X-6.583 Y45.766 Z18.619 E671.05164
G1 X-7.721 Y45.466 Z18.621 E671.60509
G1 X-8.827 Y45.054 Z18.623 E672.16012
G1 X-9.877 Y44.531 Z18.625 E672.71176
G1 X-10.874 Y43.885 Z18.628 E673.27043
G1 X-11.816 Y43.11 Z18.63 E673.84407
G1 X-12.708 Y42.19 Z18.632 E674.44668
G1 X-13.536 Y41.13 Z18.634 E675.07922
G1 X-14.751 Y39.124 Z18.639 E676.18211
G1 X-15.596 Y37.14 Z18.643 E677.19622
G1 X-16.119 Y35.155 Z18.646 E678.16155
G1 X-16.36 Y33.172 Z18.65 E679.10094
G1 X-16.37 Y31.166 Z18.653 E680.04431
G1 X-16.19 Y29.136 Z18.657 E681.00269
G1 X-15.866 Y27.066 Z18.661 E681.98799
G1 X-15.442 Y24.95 Z18.665 E683.00285
G1 X-14.475 Y20.505 Z18.673 E685.14207
G1 X-14.025 Y18.171 Z18.677 E686.25988
G1 X-13.595 Y15.32 Z18.682 E687.61577
G1 X-13.375 Y14.607 Z18.684 E687.96667
G1 X-13.092 Y13.916 Z18.685 E688.31782
G1 X-12.252 Y12.292 Z18.688 E689.17764
G1 X-11.869 Y11.14 Z18.691 E689.74854
G1 X-11.864 Y10.118 Z18.692 E690.22916
G1 X-12.055 Y9.427 Z18.694 E690.56629
G1 X-12.403 Y8.702 Z18.695 E690.94448
G1 X-12.881 Y8.085 Z18.697 E691.31152
G1 X-13.466 Y7.598 Z18.698 E691.66947
G1 X-14.146 Y7.235 Z18.699 E692.03196
G1 X-14.908 Y6.985 Z18.701 E692.4091
G1 X-15.723 Y6.834 Z18.702 E692.79889
G1 X-16.476 Y6.777 Z18.704 E693.15401
G1 X-17.201 Y6.801 Z18.705 E693.49514
G1 X-18.407 Y7.044 Z18.707 E694.07368
G1 X-19.549 Y7.515 Z18.709 E694.6546
G1 X-20.651 Y8.139 Z18.712 E695.25015
G1 X-22.374 Y9.231 Z18.715 E696.20944
G1 X-23.017 Y9.617 Z18.717 E696.56212
G1 X-23.933 Y10.193 Z18.719 E697.07097
G1 X-25.099 Y11.049 Z18.721 E697.7512
G1 X-26.35 Y12.206 Z18.724 E698.55253
G1 X-28.452 Y14.342 Z18.73 E699.96183
G1 X-29.39 Y15.172 Z18.732 E700.55083
G1 X-30.142 Y15.762 Z18.734 E701.00033
G1 X-30.951 Y16.31 Z18.735 E701.45984
G1 X-31.89 Y16.848 Z18.737 E701.96876
G1 X-33.562 Y17.709 Z18.741 E702.85317
G1 X-34.613 Y18.182 Z18.743 E703.39516
G1 X-35.645 Y18.531 Z18.745 E703.90748
G1 X-36.757 Y18.747 Z18.747 E704.44019
G1 X-37.915 Y18.789 Z18.749 E704.98511
G1 X-38.544 Y18.743 Z18.75 E705.2817
G1 X-39.955 Y18.534 Z18.752 E705.95248
G1 X-41.25 Y18.204 Z18.755 E706.58094
G1 X-42.365 Y17.747 Z18.757 E707.14761
G1 X-43.388 Y17.116 Z18.759 E707.71285
G1 X-43.883 Y16.712 Z18.76 E708.01332
G1 X-44.344 Y16.266 Z18.761 E708.31496
G1 X-44.79 Y15.758 Z18.763 E708.63286
G1 X-45.51 Y14.729 Z18.765 E709.22346
G1 X-45.726 Y14.291 Z18.766 E709.45312
G1 X-45.998 Y13.421 Z18.767 E709.88178
G1 X-46.065 Y13 Z18.768 E710.08225
G1 X-46.121 Y11.884 Z18.77 E710.60773
G1 X-46.046 Y9.822 Z18.774 E711.57806
G1 X-46.065 Y8.479 Z18.776 E712.20968
G1 X-45.971 Y7.768 Z18.778 E712.54695
G1 X-45.844 Y7.399 E712.73047
G1 X-45.645 Y7.012 Z18.779 E712.93511
G1 X-45.407 Y6.672 Z18.78 E713.13029
G1 X-45.152 Y6.4 Z18.781 E713.30562
G1 X-44.769 Y6.081 E713.54002
G1 X-43.521 Y5.257 Z18.784 E714.2433
G1 X-42.639 Y4.724 Z18.786 E714.72792
G1 X-41.789 Y4.277 Z18.788 E715.17955
G1 X-40.056 Y3.551 Z18.791 E716.06314
G1 X-38.531 Y3.03 Z18.794 E716.82099
G1 X-37.167 Y2.612 Z18.797 E717.49188
G1 X-35.871 Y2.262 Z18.799 E718.12318
G1 X-34.611 Y1.969 Z18.801 E718.73152
G1 X-33.442 Y1.733 Z18.803 E719.29235
G1 X-32.281 Y1.529 Z18.806 E719.84669
G1 X-31.117 Y1.346 Z18.808 E720.4008
G1 X-27.563 Y0.817 Z18.814 E722.09054
G1 X-26.294 Y0.606 Z18.816 E722.69549
G1 X-24.962 Y0.357 Z18.819 E723.33274
G1 X-23.565 Y0.061 Z18.821 E724.00428
G1 X-22.637 Y-0.089 Z18.823 E724.44635
G1 X-21.376 Y-.171 Z18.825 E725.04061
G1 X-18.266 Y-0.065 Z18.831 E726.50398
G1 X-17.178 Y-.132 Z18.833 E727.0166
G1 X-16.398 Y-.269 Z18.834 E727.38902
G1 X-15.682 Y-.526 Z18.836 E727.74676
G1 X-15.045 Y-.946 Z18.837 E728.10557
G1 X-14.503 Y-1.585 Z18.839 E728.49961
G1 X-14.011 Y-2.779 Z18.841 E729.10691
G1 X-14.093 Y-3.681 Z18.843 E729.53284
G1 X-14.485 Y-4.385 Z18.844 E729.91177
G1 X-14.828 Y-4.782 Z18.845 E730.15849
G1 X-15.501 Y-5.353 Z18.846 E730.57354
G1 X-16.319 Y-5.877 Z18.848 E731.03038
G1 X-17.169 Y-6.335 Z18.85 E731.48444
G1 X-18.082 Y-6.718 Z18.852 E731.95004
G1 X-18.967 Y-6.937 Z18.853 E732.37877
G1 X-19.829 Y-7.022 Z18.855 E732.78611
G1 X-20.671 Y-7.003 Z18.856 E733.18217
G1 X-21.647 Y-6.896 Z18.858 E733.6439
G1 X-23.99 Y-6.482 Z18.862 E734.7628
G1 X-24.835 Y-6.379 Z18.864 E735.16311
G1 X-25.72 Y-6.34 Z18.866 E735.5797
G1 X-26.618 Y-6.393 Z18.867 E736.00273
G1 X-28.27 Y-6.729 Z18.87 E736.79552
G1 X-30.044 Y-7.114 Z18.874 E737.64919
G1 X-31.502 Y-7.552 Z18.876 E738.3651
G1 X-32.025 Y-7.774 Z18.877 E738.63229
G1 X-32.546 Y-8.06 Z18.878 E738.91179
G1 X-33.028 Y-8.404 Z18.879 E739.19026
G1 X-33.471 Y-8.818 Z18.88 E739.4754
G1 X-33.87 Y-9.309 Z18.882 E739.77293
G1 X-34.231 Y-9.899 Z18.883 E740.0982
G1 X-34.556 Y-10.594 Z18.884 E740.459
G1 X-34.789 Y-11.267 Z18.886 E740.79392
G1 X-34.949 Y-11.96 Z18.887 E741.12839
G1 X-35.027 Y-12.633 Z18.888 E741.447
G1 X-35.032 Y-13.304 Z18.889 E741.76255
G1 X-34.963 Y-13.967 Z18.89 E742.07602
G1 X-34.824 Y-14.637 Z18.892 E742.39781
G1 X-34.621 Y-15.29 Z18.893 E742.71939
G1 X-34.353 Y-15.937 Z18.894 E743.04872
G1 X-34.02 Y-16.588 Z18.895 E743.39259
G1 X-33.185 Y-17.857 Z18.898 E744.10696
G1 X-32.51 Y-18.69 Z18.9 E744.61115
G1 X-31.822 Y-19.42 Z18.902 E745.08288
G1 X-31.075 Y-20.09 Z18.904 E745.55477
G1 X-30.332 Y-20.647 Z18.905 E745.99146
G1 X-29.536 Y-21.133 Z18.907 E746.43004
G1 X-28.707 Y-21.536 Z18.909 E746.86352
G1 X-27.852 Y-21.853 Z18.91 E747.29234
G1 X-26.955 Y-22.093 Z18.912 E747.729
G1 X-26.016 Y-22.253 Z18.914 E748.17695
G1 X-25.036 Y-22.336 Z18.915 E748.63946
G1 X-24.028 Y-22.341 Z18.917 E749.11349
G1 X-22.956 Y-22.267 Z18.919 E749.61881
G1 X-22.059 Y-22.12 Z18.921 E750.04627
G1 X-21.252 Y-21.878 Z18.922 E750.44247
G1 X-20.515 Y-21.549 Z18.924 E750.82202
G1 X-19.854 Y-21.157 Z18.925 E751.18341
G1 X-19.226 Y-20.692 Z18.927 E751.55089
G1 X-18.417 Y-19.991 Z18.929 E752.05429
G1 X-16.43 Y-17.972 Z18.934 E753.38643
G1 X-15.54 Y-17.163 Z18.936 E753.95204
G1 X-14.127 Y-16.016 Z18.939 E754.80789
G1 X-12.932 Y-14.881 Z18.942 E755.58294
G1 X-11.075 Y-12.901 Z18.947 E756.8595
G1 X-9.78 Y-11.781 Z18.95 E757.66466
G1 X-9.11 Y-11.33 Z18.951 E758.04447
G1 X-8.387 Y-10.931 Z18.953 E758.43281
G1 X-7.569 Y-10.578 Z18.955 E758.85178
G1 X-6.477 Y-10.185 Z18.957 E759.39755
G1 X-5.436 Y-9.884 Z18.959 E759.90715
G1 X-4.419 Y-9.712 Z18.96 E760.3922
G1 X-3.408 Y-9.711 Z18.962 E760.86764
G1 X-2.383 Y-9.917 Z18.964 E761.3593
G1 X-1.337 Y-10.368 Z18.966 E761.89497
G1 X-.406 Y-10.96 Z18.968 E762.4138
G1 X0.363 Y-11.642 Z18.97 E762.89716
G1 X0.97 Y-12.424 Z18.972 E763.3627
G1 X1.401 Y-13.307 Z18.974 E763.82477
G1 X1.646 Y-14.29 Z18.975 E764.30118
G1 X1.698 Y-15.345 Z18.977 E764.79791
G1 X1.56 Y-16.555 Z18.979 E765.37062
G1 X1.264 Y-17.603 Z18.981 E765.88274
G1 X0.83 Y-18.538 Z18.983 E766.36749
G1 X0.283 Y-19.384 Z18.985 E766.84125
G1 X-.359 Y-20.16 Z18.987 E767.31488
G1 X-1.224 Y-21.05 Z18.989 E767.89852
G1 X-3.417 Y-23.041 Z18.994 E769.29144
G1 X-4.239 Y-23.852 Z18.996 E769.83447
G1 X-4.995 Y-24.695 Z18.998 E770.36696
G1 X-5.738 Y-25.669 Z19.001 E770.94306
G1 X-6.473 Y-26.687 Z19.003 E771.53353
G1 X-7.22 Y-27.642 Z19.005 E772.1037
G1 X-7.956 Y-28.53 Z19.007 E772.64608
G1 X-9.381 Y-30.203 Z19.011 E773.67955
G1 X-10.047 Y-31.014 Z19.013 E774.17305
G1 X-10.669 Y-31.829 Z19.015 E774.65518
G1 X-11.264 Y-32.696 Z19.017 E775.14968
G1 X-11.801 Y-33.601 Z19.019 E775.64455
G1 X-12.294 Y-34.595 Z19.021 E776.16633
G1 X-12.729 Y-35.682 Z19.023 E776.71692
G1 X-13.095 Y-36.874 Z19.025 E777.30331
G1 X-13.408 Y-38.129 Z19.027 E777.91157
G1 X-13.619 Y-39.278 Z19.029 E778.46094
G1 X-13.698 Y-40.422 Z19.031 E779.0002
G1 X-13.599 Y-41.463 Z19.033 E779.49196
G1 X-13.467 Y-41.999 Z19.034 E779.75155
G1 X-13.278 Y-42.525 Z19.035 E780.01439
G1 X-13.021 Y-43.056 Z19.036 E780.29181
G1 X-12.694 Y-43.59 Z19.038 E780.58628
G1 X-12 Y-44.46 Z19.04 E781.10963
G1 X-11.234 Y-45.136 Z19.041 E781.59007
G1 X-10.381 Y-45.637 Z19.043 E782.05528
G1 X-9.926 Y-45.819 Z19.044 E782.28573
G1 X-8.948 Y-46.054 Z19.046 E782.75874
G1 X-8.468 Y-46.103 Z19.047 E782.98564
G1 X-7.298 Y-46.083 Z19.049 E783.53593
G1 X-6.48 Y-45.971 Z19.05 E783.9242
G1 X-5.691 Y-45.783 Z19.052 E784.30562
G1 X-4.986 Y-45.534 Z19.053 E784.65723
G1 X-4.313 Y-45.213 Z19.054 E785.00787
G1 X-3.686 Y-44.834 Z19.056 E785.35241
G1 X-3.093 Y-44.398 Z19.057 E785.69854
G1 X-1.991 Y-43.385 Z19.06 E786.40246
G1 X-.917 Y-42.178 Z19.063 E787.16224
G1 X0.565 Y-40.351 Z19.067 E788.26854
G1 X1.296 Y-39.257 Z19.069 E788.88729
G1 X2.096 Y-37.786 Z19.072 E789.67473
G1 X2.724 Y-36.239 Z19.075 E790.45989
G1 X3.217 Y-34.668 Z19.078 E791.2342
G1 X4.173 Y-31.095 Z19.085 E792.97356
G1 X4.467 Y-29.822 Z19.087 E793.58797
G1 X4.646 Y-28.613 Z19.089 E794.16271
G1 X4.739 Y-27.45 Z19.091 E794.71138
G1 X4.773 Y-26.339 Z19.093 E795.23409
G1 X4.777 Y-24.114 Z19.097 E796.28043
G1 X4.802 Y-23.029 Z19.099 E796.7908
G1 X4.881 Y-21.943 Z19.101 E797.30286
G1 X5.041 Y-20.849 Z19.103 E797.8228
G1 X5.312 Y-19.738 Z19.105 E798.36058
G1 X5.723 Y-18.604 Z19.108 E798.92781
G1 X6.303 Y-17.437 Z19.11 E799.54065
G1 X6.995 Y-16.249 Z19.112 E800.18719
G1 X7.506 Y-15.517 Z19.114 E800.60701
G1 X8.078 Y-14.912 Z19.116 E800.99854
G1 X8.762 Y-14.481 Z19.117 E801.37874
G1 X9.618 Y-14.321 Z19.119 E801.78826
G1 X10.825 Y-14.626 Z19.121 E802.37371
G1 X11.398 Y-15.354 Z19.122 E802.80938
G1 X11.734 Y-16.203 Z19.124 E803.23877
G1 X12.202 Y-18.097 Z19.128 E804.15624
G1 X12.928 Y-19.899 Z19.131 E805.06985
G1 X13.284 Y-21.049 Z19.133 E805.63597
G1 X13.553 Y-22.174 Z19.135 E806.17993
G1 X13.767 Y-23.272 Z19.137 E806.706
G1 X14.149 Y-25.391 Z19.141 E807.71855
G1 X14.38 Y-26.419 Z19.143 E808.21404
G1 X14.673 Y-27.405 Z19.145 E808.69776
G1 X15.058 Y-28.357 Z19.147 E809.18067
G1 X15.564 Y-29.272 Z19.149 E809.67238
G1 X16.23 Y-30.166 Z19.151 E810.19663
G1 X17.076 Y-31.025 Z19.153 E810.76361
G1 X17.797 Y-31.622 Z19.154 E811.20381
G1 X18.527 Y-32.141 Z19.156 E811.62503
G1 X19.268 Y-32.585 Z19.158 E812.03126
G1 X20.014 Y-32.949 Z19.159 E812.42161
G1 X20.766 Y-33.236 Z19.161 E812.80013
G1 X21.543 Y-33.455 Z19.162 E813.17976
G1 X22.333 Y-33.6 Z19.163 E813.55748
G1 X23.141 Y-33.678 Z19.165 E813.93922
G1 X23.979 Y-33.687 Z19.166 E814.33332
G1 X24.845 Y-33.631 Z19.168 E814.74142
G1 X25.743 Y-33.512 Z19.17 E815.16741
G1 X26.649 Y-33.334 Z19.171 E815.60162
G1 X27.618 Y-33.06 Z19.173 E816.07517
G1 X28.464 Y-32.697 Z19.175 E816.50809
G1 X29.24 Y-32.202 Z19.176 E816.94094
G1 X29.844 Y-31.632 Z19.178 E817.33149
G1 X30.355 Y-30.923 Z19.179 E817.74248
G1 X30.804 Y-29.98 Z19.181 E818.23364
G1 X31.05 Y-29.114 Z19.183 E818.657
G1 X31.123 Y-28.299 Z19.184 E819.0418
G1 X31.031 Y-27.451 Z19.186 E819.44293
G1 X30.797 Y-26.642 Z19.187 E819.83897
G1 X30.434 Y-25.832 Z19.189 E820.25638
G1 X29.957 Y-25.002 Z19.191 E820.70657
G1 X29.514 Y-24.426 Z19.192 E821.04829
G1 X28.955 Y-23.947 Z19.193 E821.39448
G1 X28.376 Y-23.59 Z19.195 E821.71436
G1 X26.931 Y-22.843 Z19.198 E822.47932
G1 X25.704 Y-22.017 Z19.2 E823.1749
G1 X24.729 Y-21.422 Z19.202 E823.71204
G1 X22.55 Y-20.256 Z19.207 E824.87423
G1 X21.178 Y-19.393 Z19.21 E825.63646
G1 X20.066 Y-18.451 Z19.212 E826.32181
G1 X19.32 Y-17.634 Z19.214 E826.84208
G1 X18.152 Y-15.95 Z19.218 E827.80585
G1 X17.666 Y-15.144 Z19.22 E828.24846
G1 X17.304 Y-14.293 Z19.221 E828.68335
G1 X17.211 Y-13.176 Z19.223 E829.21046
G1 X17.702 Y-12.305 Z19.225 E829.68066
G1 X18.452 Y-11.671 Z19.227 E830.14249
G1 X19.347 Y-11.497 Z19.228 E830.57125
G1 X20.253 Y-11.622 Z19.23 E831.00135
G1 X21.198 Y-11.929 Z19.232 E831.46861
G1 X22.668 Y-12.524 Z19.235 E832.21438
G1 X23.71 Y-12.933 Z19.237 E832.7408
G1 X24.255 Y-13.221 Z19.238 E833.03067
G1 X25.226 Y-13.915 Z19.24 E833.59194
G1 X26.599 Y-15.15 Z19.243 E834.46039
G1 X27.451 Y-15.793 Z19.245 E834.96235
G1 X28.443 Y-16.326 Z19.247 E835.49192
G1 X29.49 Y-16.745 Z19.249 E836.02226
G1 X30.467 Y-17.071 Z19.251 E836.50661
G1 X31.637 Y-17.366 Z19.253 E837.07404
G1 X32.85 Y-17.52 Z19.256 E837.64905
G1 X33.938 Y-17.58 Z19.257 E838.16147
G1 X36.136 Y-17.601 Z19.261 E839.19516
G1 X37.631 Y-17.573 Z19.264 E839.89833
G1 X39.042 Y-17.446 Z19.267 E840.56456
G1 X40.356 Y-17.171 Z19.269 E841.19587
G1 X41.045 Y-16.949 Z19.27 E841.53629
G1 X41.695 Y-16.682 Z19.272 E841.86674
G1 X42.402 Y-16.326 Z19.273 E842.23899
G1 X43.081 Y-15.921 Z19.274 E842.61079
G1 X43.792 Y-15.413 Z19.276 E843.02172
G1 X44.359 Y-14.898 Z19.277 E843.38193
G1 X44.839 Y-14.321 Z19.279 E843.73489
G1 X45.233 Y-13.674 Z19.28 E844.09113
G1 X45.668 Y-12.582 Z19.282 E844.6439
G1 X45.916 Y-11.629 Z19.284 E845.10699
G1 X46.078 Y-10.641 Z19.286 E845.57781
G1 X46.115 Y-9.704 Z19.287 E846.0188
G1 X46.021 Y-8.802 Z19.289 E846.44527
G1 X45.782 Y-7.874 Z19.291 E846.89592
G1 X45.63 Y-7.469 Z19.292 E847.09935
G1 X45.163 Y-6.492 Z19.294 E847.60859
G1 X44.35 Y-5.153 Z19.296 E848.34525
G1 X43.481 Y-4.041 Z19.299 E849.00892
G1 X42.518 Y-3.117 Z19.301 E849.63654
G1 X41.426 Y-2.358 Z19.304 E850.26193
G1 X40.186 Y-1.748 Z19.306 E850.91179
G1 X38.684 Y-1.242 Z19.309 E851.65714
G1 X37.896 Y-1.068 Z19.31 E852.03663
G1 X37.139 Y-.984 Z19.312 E852.39481
G1 X36.424 Y-.979 Z19.313 E852.73105
G1 X35.716 Y-1.045 Z19.314 E853.06544
G1 X34.139 Y-1.384 Z19.317 E853.82399
G1 X31.806 Y-2.104 Z19.322 E854.97218
G1 X30.73 Y-2.365 Z19.324 E855.49286
G1 X29.899 Y-2.521 Z19.325 E855.89047
G1 X28.261 Y-2.853 Z19.328 E856.67643
G1 X26.713 Y-3.289 Z19.331 E857.43272
G1 X25.233 Y-3.796 Z19.334 E858.16842
G1 X23.823 Y-4.333 Z19.337 E858.87796
G1 X22.453 Y-4.868 Z19.339 E859.5696
G1 X21.098 Y-5.366 Z19.342 E860.24848
G1 X19.749 Y-5.791 Z19.344 E860.91361
G1 X18.386 Y-6.104 Z19.347 E861.57126
G1 X16.994 Y-6.269 Z19.349 E862.23045
G1 X15.556 Y-6.247 Z19.352 E862.90677
G1 X14.059 Y-6.001 Z19.355 E863.6202
G1 X12.466 Y-5.486 Z19.358 E864.40751
G1 X11.711 Y-5.12 Z19.359 E864.80208
G1 X10.787 Y-4.431 Z19.361 E865.34411
G1 X10.153 Y-3.554 Z19.363 E865.85301
G1 X9.907 Y-2.784 Z19.365 E866.23315
G1 X9.865 Y-2.017 Z19.366 E866.59438
G1 X10 Y-1.132 Z19.368 E867.01538
G1 X10.257 Y-.397 Z19.369 E867.38154
G1 X10.629 Y0.242 Z19.37 E867.72925
G1 X11.091 Y0.796 Z19.372 E868.06849
G1 X11.627 Y1.289 Z19.373 E868.41095
G1 X12.422 Y1.885 Z19.375 E868.87821
G1 X14.7 Y3.287 Z19.38 E870.1361
G1 X15.595 Y3.936 Z19.382 E870.656
G1 X16.906 Y5.061 Z19.385 E871.4684
G1 X18.125 Y5.973 Z19.387 E872.18433
G1 X20.256 Y7.388 Z19.392 E873.38727
G1 X21.533 Y8.431 Z19.395 E874.16264
G1 X22.036 Y8.944 Z19.396 E874.50051
G1 X22.524 Y9.534 Z19.398 E874.86057
G1 X22.99 Y10.206 Z19.399 E875.24514
G1 X23.834 Y11.626 Z19.402 E876.02196
G1 X24.509 Y12.994 Z19.405 E876.73934
G1 X25.005 Y14.363 Z19.407 E877.42408
G1 X25.296 Y15.722 Z19.41 E878.07766
G1 X25.373 Y16.457 Z19.411 E878.42519
G1 X25.399 Y17.214 Z19.413 E878.7814
G1 X25.365 Y18.328 Z19.415 E879.30551
G1 X25.099 Y20.37 Z19.418 E880.27391
G1 X24.842 Y21.661 Z19.421 E880.89293
G1 X24.624 Y22.521 Z19.422 E881.31015
G1 X24.359 Y23.341 Z19.424 E881.71541
G1 X24.036 Y24.121 Z19.425 E882.11242
G1 X23.655 Y24.844 Z19.427 E882.49674
G1 X23.197 Y25.53 Z19.428 E882.88463
G1 X22.668 Y26.15 Z19.43 E883.2679
G1 X22.046 Y26.721 Z19.431 E883.66497
G1 X21.335 Y27.23 Z19.433 E884.07618
G1 X20.505 Y27.687 Z19.435 E884.52175
G1 X19.906 Y27.937 Z19.436 E884.82699
G1 X19.309 Y28.113 Z19.437 E885.11968
G1 X18.721 Y28.216 Z19.438 E885.40041
G1 X18.142 Y28.248 Z19.439 E885.67311
G1 X17.566 Y28.216 Z19.44 E885.9444
G1 X17.003 Y28.12 Z19.441 E886.21298
G1 X16.444 Y27.967 Z19.442 E886.48552
G1 X15.888 Y27.757 Z19.443 E886.76502
G1 X14.794 Y27.19 Z19.445 E887.34448
G1 X13.672 Y26.413 Z19.448 E887.98629
G1 X12.296 Y25.195 Z19.451 E888.85046
G1 X11.19 Y23.896 Z19.454 E889.65276
G1 X10.311 Y22.521 Z19.457 E890.42021
G1 X9.621 Y21.093 Z19.46 E891.16603
G1 X9.06 Y19.587 Z19.463 E891.92179
G1 X8.605 Y18.075 Z19.466 E892.66433
G1 X7.752 Y14.858 Z19.472 E894.22945
G1 X7.273 Y13.211 Z19.475 E895.03607
G1 X6.691 Y11.542 Z19.478 E895.86729
G1 X5.959 Y9.857 Z19.481 E896.73123
G1 X5.029 Y8.172 Z19.485 E897.63631
G1 X4.589 Y7.441 Z19.486 E898.03754
G1 X3.155 Y4.905 Z19.491 E899.40759
G1 X2.217 Y3.486 Z19.494 E900.20751
G1 X1.277 Y2.4 Z19.497 E900.88296
G1 X0.687 Y1.861 Z19.498 E901.25876
G1 X0.02 Y1.351 Z19.5 E901.65361
;TIME_ELAPSED:474.755934
;LAYER:19
;TYPE:WALL-OUTER
;MESH:030.stl
G1 X-1.617 Y0.377 Z19.502 E902.54939
G1 X-2.557 Y-0.067 Z19.503 E903.03827
G1 X-3.481 Y-.371 Z19.504 E903.49571
G1 X-4.418 Y-.49 Z19.505 E903.93989
G1 X-5.316 Y-.377 Z19.506 E904.36552
G1 X-5.882 Y-.184 E904.64673
G1 X-6.702 Y0.277 Z19.507 E905.08911
G1 X-7.297 Y0.855 Z19.508 E905.47921
G1 X-7.717 Y1.561 Z19.509 E905.86552
G1 X-8.012 Y2.649 Z19.51 E906.39564
G1 X-8.085 Y3.517 Z19.511 E906.80527
G1 X-8.083 Y4.396 Z19.512 E907.21864
G1 X-7.823 Y6.597 Z19.514 E908.26089
G1 X-7.238 Y8.681 Z19.516 E909.2788
G1 X-6.387 Y10.679 Z19.519 E910.30006
G1 X-5.326 Y12.626 Z19.521 E911.34279
G1 X-4.111 Y14.547 Z19.523 E912.41169
G1 X-2.794 Y16.474 Z19.526 E913.50932
G1 X-1.441 Y18.423 Z19.528 E914.62506
G1 X-0.077 Y20.461 Z19.53 E915.77831
G1 X1.212 Y22.57 Z19.533 E916.94067
G1 X2.386 Y24.801 Z19.536 E918.12622
G1 X3.391 Y27.182 Z19.538 E919.34158
G1 X4.177 Y29.746 Z19.541 E920.60272
G1 X4.494 Y30.982 Z19.542 E921.20278
G1 X5.121 Y33.344 Z19.545 E922.35201
G1 X5.388 Y34.437 Z19.546 E922.88112
G1 X5.614 Y35.528 Z19.547 E923.40507
G1 X5.78 Y36.607 Z19.548 E923.91846
G1 X5.867 Y37.66 Z19.549 E924.41533
G1 X5.861 Y38.715 Z19.55 E924.91147
G1 X5.748 Y39.764 Z19.551 E925.40763
G1 X5.511 Y40.84 Z19.552 E925.92577
G1 X5.136 Y41.935 Z19.554 E926.47007
G1 X4.609 Y43.05 Z19.555 E927.05003
G1 X4.045 Y43.924 Z19.556 E927.53919
G1 X3.732 Y44.289 E927.7653
G1 X3.043 Y44.895 Z19.557 E928.19681
G1 X2.261 Y45.354 Z19.558 E928.62322
G1 X1.85 Y45.525 Z19.559 E928.83256
G1 X0.882 Y45.803 Z19.56 E929.30618
G1 X-.164 Y45.965 Z19.561 E929.80394
G1 X-1.517 Y46.074 Z19.562 E930.44227
G1 X-2.834 Y46.117 Z19.564 E931.06194
G1 X-4.135 Y46.086 Z19.565 E931.67392
G1 X-5.378 Y45.971 Z19.566 E932.26096
G1 X-6.583 Y45.766 Z19.567 E932.83577
G1 X-7.721 Y45.466 Z19.569 E933.38921
G1 X-8.827 Y45.054 Z19.57 E933.94424
G1 X-9.877 Y44.531 Z19.571 E934.49588
G1 X-10.874 Y43.885 Z19.572 E935.05455
G1 X-11.816 Y43.11 Z19.573 E935.62819
G1 X-12.708 Y42.19 Z19.575 E936.2308
G1 X-13.536 Y41.13 Z19.576 E936.86334
G1 X-14.751 Y39.124 Z19.578 E937.96623
G1 X-15.596 Y37.14 Z19.581 E938.98033
G1 X-16.119 Y35.155 Z19.583 E939.94566
G1 X-16.36 Y33.172 Z19.585 E940.88506
G1 X-16.37 Y31.166 Z19.587 E941.82842
G1 X-16.19 Y29.136 Z19.589 E942.7868
G1 X-15.866 Y27.066 Z19.591 E943.7721
G1 X-15.442 Y24.95 Z19.593 E944.78696
G1 X-14.475 Y20.505 Z19.598 E946.92618
G1 X-14.025 Y18.171 Z19.6 E948.04399
G1 X-13.595 Y15.32 Z19.603 E949.39987
G1 X-13.375 Y14.607 Z19.604 E949.75077
G1 X-13.092 Y13.916 Z19.605 E950.10192
G1 X-12.252 Y12.292 Z19.606 E950.96174
G1 X-11.869 Y11.14 Z19.608 E951.53264
G1 X-11.864 Y10.118 Z19.609 E952.01326
G1 X-12.055 Y9.427 E952.3504
G1 X-12.403 Y8.702 Z19.61 E952.72858
G1 X-12.881 Y8.085 Z19.611 E953.09562
G1 X-13.466 Y7.598 Z19.612 E953.45358
G1 X-14.146 Y7.235 Z19.613 E953.81607
G1 X-14.908 Y6.985 E954.1932
G1 X-15.723 Y6.834 Z19.614 E954.58299
G1 X-16.476 Y6.777 Z19.615 E954.93811
G1 X-17.201 Y6.801 Z19.616 E955.27924
G1 X-18.407 Y7.044 Z19.617 E955.85778
G1 X-19.549 Y7.515 Z19.618 E956.4387
G1 X-20.651 Y8.139 Z19.62 E957.03424
G1 X-22.374 Y9.231 Z19.622 E957.99354
G1 X-23.017 Y9.617 E958.34622
G1 X-23.933 Y10.193 Z19.624 E958.85507
G1 X-25.099 Y11.049 Z19.625 E959.53529
G1 X-26.35 Y12.206 Z19.627 E960.33663
G1 X-28.452 Y14.342 Z19.63 E961.74592
G1 X-29.39 Y15.172 Z19.631 E962.33493
G1 X-30.142 Y15.762 Z19.632 E962.78442
G1 X-30.951 Y16.31 Z19.633 E963.24393
G1 X-31.89 Y16.848 Z19.634 E963.75285
G1 X-33.562 Y17.709 Z19.636 E964.63726
G1 X-34.613 Y18.182 Z19.637 E965.17925
G1 X-35.645 Y18.531 Z19.638 E965.69157
G1 X-36.757 Y18.747 Z19.639 E966.22427
G1 X-37.915 Y18.789 Z19.641 E966.7692
G1 X-38.544 Y18.743 E967.06578
G1 X-39.955 Y18.534 Z19.643 E967.73657
G1 X-41.25 Y18.204 Z19.644 E968.36502
G1 X-42.365 Y17.747 Z19.645 E968.9317
G1 X-43.388 Y17.116 Z19.646 E969.49693
G1 X-43.883 Y16.712 Z19.647 E969.7974
G1 X-44.344 Y16.266 Z19.648 E970.09905
G1 X-44.79 Y15.758 E970.41695
G1 X-45.51 Y14.729 Z19.65 E971.00754
G1 X-45.726 Y14.291 E971.2372
G1 X-45.998 Y13.421 Z19.651 E971.66586
G1 X-46.065 Y13 Z19.652 E971.86634
G1 X-46.121 Y11.884 Z19.653 E972.39181
G1 X-46.046 Y9.822 Z19.655 E973.36214
G1 X-46.065 Y8.479 Z19.656 E973.99376
G1 X-45.971 Y7.768 Z19.657 E974.33103
G1 X-45.844 Y7.399 E974.51455
G1 X-45.645 Y7.012 Z19.658 E974.71919
G1 X-45.407 Y6.672 E974.91436
G1 X-45.152 Y6.4 Z19.659 E975.0897
G1 X-44.769 Y6.081 E975.3241
G1 X-43.521 Y5.257 Z19.661 E976.02737
G1 X-42.639 Y4.724 Z19.662 E976.512
G1 X-41.789 Y4.277 Z19.663 E976.96363
G1 X-40.056 Y3.551 Z19.665 E977.84722
G1 X-38.531 Y3.03 Z19.666 E978.60507
G1 X-37.167 Y2.612 Z19.668 E979.27595
G1 X-35.871 Y2.262 Z19.669 E979.90725
G1 X-34.611 Y1.969 Z19.67 E980.51559
G1 X-33.442 Y1.733 Z19.671 E981.07642
G1 X-32.281 Y1.529 Z19.673 E981.63076
G1 X-31.117 Y1.346 Z19.674 E982.18487
G1 X-27.563 Y0.817 Z19.678 E983.8746
G1 X-26.294 Y0.606 Z19.679 E984.47956
G1 X-24.962 Y0.357 Z19.68 E985.1168
G1 X-23.565 Y0.061 Z19.682 E985.78835
G1 X-22.637 Y-0.089 Z19.683 E986.23042
G1 X-21.376 Y-.171 Z19.684 E986.82467
G1 X-18.266 Y-0.065 Z19.687 E988.28804
G1 X-17.178 Y-.132 Z19.688 E988.80066
G1 X-16.398 Y-.269 Z19.689 E989.17308
G1 X-15.682 Y-.526 Z19.69 E989.53082
G1 X-15.045 Y-.946 Z19.691 E989.88964
G1 X-14.503 Y-1.585 E990.28367
G1 X-14.011 Y-2.779 Z19.693 E990.89097
G1 X-14.093 Y-3.681 Z19.694 E991.3169
G1 X-14.485 Y-4.385 E991.69583
G1 X-14.828 Y-4.782 Z19.695 E991.94255
G1 X-15.501 Y-5.353 Z19.696 E992.3576
G1 X-16.319 Y-5.877 Z19.697 E992.81444
G1 X-17.169 Y-6.335 Z19.698 E993.26849
G1 X-18.082 Y-6.718 Z19.699 E993.73409
G1 X-18.967 Y-6.937 Z19.7 E994.16283
G1 X-19.829 Y-7.022 Z19.701 E994.57016
G1 X-20.671 Y-7.003 E994.96623
G1 X-21.647 Y-6.896 Z19.702 E995.42796
G1 X-23.99 Y-6.482 Z19.705 E996.54685
G1 X-24.835 Y-6.379 Z19.706 E996.94717
G1 X-25.72 Y-6.34 Z19.707 E997.36376
G1 X-26.618 Y-6.393 Z19.708 E997.78679
G1 X-28.27 Y-6.729 Z19.709 E998.57957
G1 X-30.044 Y-7.114 Z19.711 E999.43324
G1 X-31.502 Y-7.552 Z19.713 E1000.14915
G1 X-32.025 Y-7.774 E1000.41634
G1 X-32.546 Y-8.06 Z19.714 E1000.69584
G1 X-33.028 Y-8.404 E1000.97431
G1 X-33.471 Y-8.818 Z19.715 E1001.25945
G1 X-33.87 Y-9.309 Z19.716 E1001.55698
G1 X-34.231 Y-9.899 E1001.88225
G1 X-34.556 Y-10.594 Z19.717 E1002.24305
G1 X-34.789 Y-11.267 Z19.718 E1002.57797
G1 X-34.949 Y-11.96 Z19.719 E1002.91244
G1 X-35.027 Y-12.633 E1003.23104
G1 X-35.032 Y-13.304 Z19.72 E1003.5466
G1 X-34.963 Y-13.967 Z19.721 E1003.86007
G1 X-34.824 Y-14.637 E1004.18186
G1 X-34.621 Y-15.29 Z19.722 E1004.50343
G1 X-34.353 Y-15.937 Z19.723 E1004.83277
G1 X-34.02 Y-16.588 Z19.724 E1005.17663
G1 X-33.185 Y-17.857 Z19.725 E1005.891
G1 X-32.51 Y-18.69 Z19.726 E1006.3952
G1 X-31.822 Y-19.42 Z19.727 E1006.86693
G1 X-31.075 Y-20.09 Z19.728 E1007.33881
G1 X-30.332 Y-20.647 Z19.729 E1007.7755
G1 X-29.536 Y-21.133 Z19.73 E1008.21408
G1 X-28.707 Y-21.536 Z19.731 E1008.64756
G1 X-27.852 Y-21.853 Z19.732 E1009.07638
G1 X-26.955 Y-22.093 Z19.733 E1009.51304
G1 X-26.016 Y-22.253 Z19.734 E1009.96099
G1 X-25.036 Y-22.336 Z19.735 E1010.4235
G1 X-24.028 Y-22.341 Z19.736 E1010.89753
G1 X-22.956 Y-22.267 Z19.737 E1011.40285
G1 X-22.059 Y-22.12 Z19.738 E1011.8303
G1 X-21.252 Y-21.878 Z19.739 E1012.2265
G1 X-20.515 Y-21.549 Z19.74 E1012.60605
G1 X-19.854 Y-21.157 E1012.96745
G1 X-19.226 Y-20.692 Z19.741 E1013.33492
G1 X-18.417 Y-19.991 Z19.742 E1013.83832
G1 X-16.43 Y-17.972 Z19.745 E1015.17046
G1 X-15.54 Y-17.163 Z19.746 E1015.73607
G1 X-14.127 Y-16.016 Z19.748 E1016.59192
G1 X-12.932 Y-14.881 Z19.75 E1017.36697
G1 X-11.075 Y-12.901 Z19.753 E1018.64353
G1 X-9.78 Y-11.781 Z19.754 E1019.44869
G1 X-9.11 Y-11.33 Z19.755 E1019.8285
G1 X-8.387 Y-10.931 Z19.756 E1020.21684
G1 X-7.569 Y-10.578 Z19.757 E1020.6358
G1 X-6.477 Y-10.185 Z19.758 E1021.18157
G1 X-5.436 Y-9.884 Z19.759 E1021.69117
G1 X-4.419 Y-9.712 Z19.76 E1022.17622
G1 X-3.408 Y-9.711 Z19.761 E1022.65166
G1 X-2.383 Y-9.917 Z19.762 E1023.14332
G1 X-1.337 Y-10.368 Z19.763 E1023.67899
G1 X-.406 Y-10.96 Z19.765 E1024.19782
G1 X0.363 Y-11.642 Z19.766 E1024.68119
G1 X0.97 Y-12.424 Z19.767 E1025.14672
G1 X1.401 Y-13.307 Z19.768 E1025.60879
G1 X1.646 Y-14.29 Z19.769 E1026.0852
G1 X1.698 Y-15.345 Z19.77 E1026.58193
G1 X1.56 Y-16.555 Z19.771 E1027.15464
G1 X1.264 Y-17.603 Z19.772 E1027.66676
G1 X0.83 Y-18.538 Z19.773 E1028.15151
G1 X0.283 Y-19.384 Z19.774 E1028.62527
G1 X-.359 Y-20.16 Z19.775 E1029.0989
G1 X-1.224 Y-21.05 Z19.776 E1029.68254
G1 X-3.417 Y-23.041 Z19.779 E1031.07545
G1 X-4.239 Y-23.852 Z19.781 E1031.61848
G1 X-4.995 Y-24.695 Z19.782 E1032.15098
G1 X-5.738 Y-25.669 Z19.783 E1032.72707
G1 X-6.473 Y-26.687 Z19.784 E1033.31754
G1 X-7.22 Y-27.642 Z19.786 E1033.88771
G1 X-7.956 Y-28.53 Z19.787 E1034.43009
G1 X-9.381 Y-30.203 Z19.789 E1035.46356
G1 X-10.047 Y-31.014 Z19.79 E1035.95706
G1 X-10.669 Y-31.829 Z19.791 E1036.43919
G1 X-11.264 Y-32.696 Z19.792 E1036.93369
G1 X-11.801 Y-33.601 Z19.793 E1037.42856
G1 X-12.294 Y-34.595 Z19.794 E1037.95034
G1 X-12.729 Y-35.682 Z19.795 E1038.50093
G1 X-13.095 Y-36.874 Z19.797 E1039.08731
G1 X-13.408 Y-38.129 Z19.798 E1039.69557
G1 X-13.619 Y-39.278 Z19.799 E1040.24494
G1 X-13.698 Y-40.422 Z19.8 E1040.78421
G1 X-13.599 Y-41.463 Z19.801 E1041.27596
G1 X-13.467 Y-41.999 Z19.802 E1041.53555
G1 X-13.278 Y-42.525 Z19.803 E1041.79839
G1 X-13.021 Y-43.056 E1042.07581
G1 X-12.694 Y-43.59 Z19.804 E1042.37028
G1 X-12 Y-44.46 Z19.805 E1042.89363
G1 X-11.234 Y-45.136 Z19.806 E1043.37407
G1 X-10.381 Y-45.637 Z19.807 E1043.83928
G1 X-9.926 Y-45.819 Z19.808 E1044.06973
G1 X-8.948 Y-46.054 Z19.809 E1044.54274
G1 X-8.468 Y-46.103 E1044.76964
G1 X-7.298 Y-46.083 Z19.81 E1045.31993
G1 X-6.48 Y-45.971 Z19.811 E1045.70819
G1 X-5.691 Y-45.783 Z19.812 E1046.08962
G1 X-4.986 Y-45.534 Z19.813 E1046.44123
G1 X-4.313 Y-45.213 E1046.79187
G1 X-3.686 Y-44.834 Z19.814 E1047.13641
G1 X-3.093 Y-44.398 Z19.815 E1047.48254
G1 X-1.991 Y-43.385 Z19.816 E1048.18646
G1 X-.917 Y-42.178 Z19.818 E1048.94624
G1 X0.565 Y-40.351 Z19.82 E1050.05254
G1 X1.296 Y-39.257 Z19.822 E1050.67129
G1 X2.096 Y-37.786 Z19.823 E1051.45873
G1 X2.724 Y-36.239 Z19.825 E1052.24389
G1 X3.217 Y-34.668 Z19.827 E1053.01819
G1 X4.173 Y-31.095 Z19.831 E1054.75755
G1 X4.467 Y-29.822 Z19.832 E1055.37196
G1 X4.646 Y-28.613 Z19.833 E1055.9467
G1 X4.739 Y-27.45 Z19.834 E1056.49537
G1 X4.773 Y-26.339 Z19.835 E1057.01807
G1 X4.777 Y-24.114 Z19.838 E1058.06441
G1 X4.802 Y-23.029 Z19.839 E1058.57479
G1 X4.881 Y-21.943 Z19.84 E1059.08684
G1 X5.041 Y-20.849 Z19.841 E1059.60678
G1 X5.312 Y-19.738 Z19.842 E1060.14457
G1 X5.723 Y-18.604 Z19.843 E1060.71179
G1 X6.303 Y-17.437 Z19.845 E1061.32463
G1 X6.995 Y-16.249 Z19.846 E1061.97117
G1 X7.506 Y-15.517 Z19.847 E1062.39099
G1 X8.078 Y-14.912 Z19.848 E1062.78252
G1 X8.762 Y-14.481 Z19.849 E1063.16272
G1 X9.618 Y-14.321 Z19.85 E1063.57224
G1 X10.825 Y-14.626 Z19.851 E1064.15769
G1 X11.398 Y-15.354 Z19.852 E1064.59336
G1 X11.734 Y-16.203 Z19.853 E1065.02275
G1 X12.202 Y-18.097 Z19.855 E1065.94022
G1 X12.928 Y-19.899 Z19.857 E1066.85382
G1 X13.284 Y-21.049 Z19.858 E1067.41994
G1 X13.553 Y-22.174 Z19.859 E1067.96391
G1 X13.767 Y-23.272 Z19.86 E1068.48997
G1 X14.149 Y-25.391 Z19.862 E1069.50252
G1 X14.38 Y-26.419 Z19.864 E1069.99801
G1 X14.673 Y-27.405 Z19.865 E1070.48173
G1 X15.058 Y-28.357 Z19.866 E1070.96465
G1 X15.564 Y-29.272 Z19.867 E1071.45635
G1 X16.23 Y-30.166 Z19.868 E1071.9806
G1 X17.076 Y-31.025 Z19.869 E1072.54758
G1 X17.797 Y-31.622 Z19.87 E1072.98778
G1 X18.527 Y-32.141 Z19.871 E1073.409
G1 X19.268 Y-32.585 Z19.872 E1073.81523
G1 X20.014 Y-32.949 Z19.873 E1074.20558
G1 X20.766 Y-33.236 E1074.5841
G1 X21.543 Y-33.455 Z19.874 E1074.96373
G1 X22.333 Y-33.6 Z19.875 E1075.34144
G1 X23.141 Y-33.678 Z19.876 E1075.72318
G1 X23.979 Y-33.687 Z19.877 E1076.11729
G1 X24.845 Y-33.631 Z19.878 E1076.52539
G1 X25.743 Y-33.512 Z19.879 E1076.95138
G1 X26.649 Y-33.334 E1077.38558
G1 X27.618 Y-33.06 Z19.88 E1077.85913
G1 X28.464 Y-32.697 Z19.881 E1078.29205
G1 X29.24 Y-32.202 Z19.882 E1078.7249
G1 X29.844 Y-31.632 Z19.883 E1079.11545
G1 X30.355 Y-30.923 Z19.884 E1079.52644
G1 X30.804 Y-29.98 Z19.885 E1080.0176
G1 X31.05 Y-29.114 Z19.886 E1080.44097
G1 X31.123 Y-28.299 Z19.887 E1080.82576
G1 X31.031 Y-27.451 Z19.888 E1081.22689
G1 X30.797 Y-26.642 Z19.889 E1081.62293
G1 X30.434 Y-25.832 Z19.89 E1082.04034
G1 X29.957 Y-25.002 E1082.49053
G1 X29.514 Y-24.426 Z19.891 E1082.83225
G1 X28.955 Y-23.947 Z19.892 E1083.17843
G1 X28.376 Y-23.59 Z19.893 E1083.49831
G1 X26.931 Y-22.843 Z19.894 E1084.26328
G1 X25.704 Y-22.017 Z19.896 E1084.95885
G1 X24.729 Y-21.422 Z19.897 E1085.496
G1 X22.55 Y-20.256 Z19.899 E1086.65819
G1 X21.178 Y-19.393 Z19.901 E1087.42041
G1 X20.066 Y-18.451 Z19.903 E1088.10576
G1 X19.32 Y-17.634 Z19.904 E1088.62604
G1 X18.152 Y-15.95 Z19.906 E1089.5898
G1 X17.666 Y-15.144 Z19.907 E1090.03241
G1 X17.304 Y-14.293 Z19.908 E1090.4673
G1 X17.211 Y-13.176 Z19.909 E1090.99441
G1 X17.702 Y-12.305 Z19.91 E1091.4646
G1 X18.452 Y-11.671 Z19.911 E1091.92644
G1 X19.347 Y-11.497 Z19.912 E1092.3552
G1 X20.253 Y-11.622 Z19.913 E1092.7853
G1 X21.198 Y-11.929 Z19.914 E1093.25256
G1 X22.668 Y-12.524 Z19.915 E1093.99833
G1 X23.71 Y-12.933 Z19.916 E1094.52474
G1 X24.255 Y-13.221 Z19.917 E1094.81462
G1 X25.226 Y-13.915 Z19.918 E1095.37589
G1 X26.599 Y-15.15 Z19.92 E1096.24433
G1 X27.451 Y-15.793 Z19.921 E1096.74629
G1 X28.443 Y-16.326 Z19.922 E1097.27587
G1 X29.49 Y-16.745 Z19.924 E1097.8062
G1 X30.467 Y-17.071 Z19.925 E1098.29055
G1 X31.406 Y-17.308 Z19.926 E1098.74597
G1 X32.585 Y-17.5 Z19.927 E1099.30772
G1 X33.938 Y-17.58 Z19.928 E1099.9451
G1 X36.136 Y-17.601 Z19.93 E1100.97878
G1 X37.631 Y-17.573 Z19.932 E1101.68195
G1 X39.042 Y-17.446 Z19.933 E1102.34818
G1 X40.356 Y-17.171 Z19.935 E1102.97949
G1 X41.045 Y-16.949 E1103.31991
G1 X41.695 Y-16.682 Z19.936 E1103.65036
G1 X42.402 Y-16.326 Z19.937 E1104.02261
G1 X43.081 Y-15.921 Z19.938 E1104.39441
G1 X43.792 Y-15.413 Z19.939 E1104.80534
G1 X44.359 Y-14.898 E1105.16555
G1 X44.839 Y-14.321 Z19.94 E1105.51851
G1 X45.233 Y-13.674 Z19.941 E1105.87475
G1 X45.668 Y-12.582 Z19.942 E1106.42752
G1 X45.916 Y-11.629 Z19.943 E1106.89061
G1 X46.078 Y-10.641 Z19.944 E1107.36143
G1 X46.115 Y-9.704 Z19.945 E1107.80241
G1 X46.021 Y-8.802 Z19.946 E1108.22889
G1 X45.782 Y-7.874 Z19.947 E1108.67953
G1 X45.63 Y-7.469 E1108.88296
G1 X45.163 Y-6.492 Z19.949 E1109.3922
G1 X44.35 Y-5.153 Z19.95 E1110.12886
G1 X43.481 Y-4.041 Z19.952 E1110.79254
G1 X42.518 Y-3.117 Z19.953 E1111.42015
G1 X41.426 Y-2.358 Z19.954 E1112.04554
G1 X40.186 Y-1.748 Z19.956 E1112.69541
G1 X38.684 Y-1.242 Z19.957 E1113.44075
G1 X37.896 Y-1.068 Z19.958 E1113.82024
G1 X37.139 Y-.984 Z19.959 E1114.17842
G1 X36.424 Y-.979 Z19.96 E1114.51466
G1 X35.716 Y-1.045 E1114.84905
G1 X34.139 Y-1.384 Z19.962 E1115.6076
G1 X31.806 Y-2.104 Z19.964 E1116.75579
G1 X30.73 Y-2.365 Z19.966 E1117.27647
G1 X29.899 Y-2.521 E1117.67408
G1 X28.261 Y-2.853 Z19.968 E1118.46004
G1 X26.713 Y-3.289 Z19.97 E1119.21633
G1 X25.233 Y-3.796 Z19.971 E1119.95203
G1 X23.823 Y-4.333 Z19.973 E1120.66156
G1 X22.453 Y-4.868 Z19.974 E1121.3532
G1 X21.098 Y-5.366 Z19.976 E1122.03208
G1 X19.749 Y-5.791 Z19.977 E1122.69721
G1 X18.386 Y-6.104 Z19.979 E1123.35486
G1 X16.994 Y-6.269 Z19.98 E1124.01405
G1 X15.556 Y-6.247 Z19.982 E1124.69037
G1 X14.059 Y-6.001 Z19.983 E1125.4038
G1 X12.466 Y-5.486 Z19.985 E1126.19111
G1 X11.711 Y-5.12 Z19.986 E1126.58567
G1 X10.82 Y-4.456 Z19.987 E1127.10823
G1 X10.295 Y-3.798 Z19.988 E1127.50409
G1 X9.912 Y-2.835 Z19.989 E1127.99146
G1 X9.865 Y-2.017 Z19.99 E1128.37677
G1 X10 Y-1.132 E1128.79777
G1 X10.257 Y-.397 Z19.991 E1129.16393
G1 X10.629 Y0.242 Z19.992 E1129.51164
G1 X11.091 Y0.796 Z19.993 E1129.85087
G1 X11.627 Y1.289 E1130.19334
G1 X12.422 Y1.885 Z19.994 E1130.6606
G1 X14.7 Y3.287 Z19.997 E1131.91849
G1 X15.595 Y3.936 Z19.998 E1132.43839
G1 X16.906 Y5.061 Z20 E1133.25078
G1 X18.125 Y5.973 Z20.002 E1133.96671
G1 X20.256 Y7.388 Z20.004 E1135.16965
G1 X21.533 Y8.431 Z20.006 E1135.94502
G1 X22.036 Y8.944 Z20.007 E1136.28289
G1 X22.524 Y9.534 E1136.64295
G1 X22.99 Y10.206 Z20.008 E1137.02752
G1 X23.834 Y11.626 Z20.01 E1137.80434
G1 X24.509 Y12.994 Z20.011 E1138.52172
G1 X25.005 Y14.363 Z20.013 E1139.20646
G1 X25.296 Y15.722 Z20.014 E1139.86004
G1 X25.373 Y16.457 Z20.015 E1140.20757
G1 X25.399 Y17.214 Z20.016 E1140.56377
G1 X25.365 Y18.328 Z20.017 E1141.08789
G1 X25.099 Y20.37 Z20.019 E1142.05628
G1 X24.842 Y21.661 Z20.02 E1142.67531
G1 X24.624 Y22.521 Z20.021 E1143.09252
G1 X24.359 Y23.341 Z20.022 E1143.49778
G1 X24.036 Y24.121 Z20.023 E1143.89479
G1 X23.655 Y24.844 Z20.024 E1144.27911
G1 X23.197 Y25.53 Z20.025 E1144.667
G1 X22.668 Y26.15 Z20.026 E1145.05027
G1 X22.046 Y26.721 E1145.44734
G1 X21.335 Y27.23 Z20.027 E1145.85855
G1 X20.505 Y27.687 Z20.028 E1146.30412
G1 X19.906 Y27.937 Z20.029 E1146.60936
G1 X19.309 Y28.113 Z20.03 E1146.90205
G1 X18.721 Y28.216 E1147.18278
G1 X18.142 Y28.248 Z20.031 E1147.45548
G1 X17.566 Y28.216 E1147.72677
G1 X17.003 Y28.12 Z20.032 E1147.99535
G1 X16.444 Y27.967 Z20.033 E1148.26789
G1 X15.888 Y27.757 E1148.54739
G1 X14.794 Y27.19 Z20.034 E1149.12685
G1 X13.672 Y26.413 Z20.036 E1149.76865
G1 X12.296 Y25.195 Z20.038 E1150.63283
G1 X11.19 Y23.896 Z20.039 E1151.43513
G1 X10.311 Y22.521 Z20.041 E1152.20257
G1 X9.621 Y21.093 Z20.043 E1152.9484
G1 X9.06 Y19.587 Z20.044 E1153.70416
G1 X8.605 Y18.075 Z20.046 E1154.44669
G1 X7.752 Y14.858 Z20.049 E1156.01181
G1 X7.273 Y13.211 Z20.051 E1156.81843
G1 X6.691 Y11.542 Z20.053 E1157.64965
G1 X5.959 Y9.857 Z20.055 E1158.51359
G1 X5.029 Y8.172 Z20.057 E1159.41866
G1 X4.589 Y7.441 E1159.81989
G1 X3.155 Y4.905 Z20.06 E1161.18994
G1 X2.217 Y3.486 Z20.062 E1161.98986
G1 X1.277 Y2.4 Z20.064 E1162.66531
G1 X0.687 Y1.861 E1163.04111
G1 X0.02 Y1.351 Z20.065 E1163.43596
G1 X-1.617 Y0.377 Z20.5 E1164.30886
G1 X-2.557 Y-0.067 E1164.7733
G1 X-3.481 Y-.371 E1165.20787
G1 X-4.418 Y-.49 E1165.62983
G1 X-5.316 Y-.377 E1166.03418
G1 X-5.882 Y-.184 E1166.30134
G1 X-6.702 Y0.277 E1166.7216
G1 X-7.297 Y0.855 E1167.09219
G1 X-7.717 Y1.561 E1167.45918
G1 X-8.012 Y2.649 E1167.9628
G1 X-8.085 Y3.517 E1168.35195
G1 X-8.083 Y4.396 E1168.74464
G1 X-7.823 Y6.597 E1169.73478
G1 X-7.238 Y8.681 E1170.70179
G1 X-6.387 Y10.679 E1171.67199
G1 X-5.326 Y12.626 E1172.66258
G1 X-4.111 Y14.547 E1173.67804
G1 X-2.794 Y16.474 E1174.72078
G1 X-1.441 Y18.423 E1175.78074
G1 X-0.077 Y20.461 E1176.81866
G1 X1.212 Y22.57 E1177.86479
G1 X2.386 Y24.801 E1178.93179
G1 X3.391 Y27.182 E1180.02561
G1 X4.177 Y29.746 E1181.16063
G1 X4.494 Y30.982 E1181.70068
G1 X5.121 Y33.344 E1182.73499
G1 X5.388 Y34.437 E1183.21119
G1 X5.614 Y35.528 E1183.68275
G1 X5.78 Y36.607 E1184.1448
G1 X5.867 Y37.66 E1184.59198
G1 X5.861 Y38.715 E1185.03851
G1 X5.748 Y39.764 E1185.48505
G1 X5.511 Y40.84 E1185.95137
G1 X5.136 Y41.935 E1186.44124
G1 X4.609 Y43.05 E1186.96321
G1 X4.045 Y43.924 E1187.40345
G1 X3.732 Y44.289 E1187.60695
G1 X3.043 Y44.895 E1187.97373
G1 X2.261 Y45.354 E1188.33618
G1 X1.85 Y45.525 E1188.51412
G1 X0.882 Y45.803 E1188.9167
G1 X-.164 Y45.965 E1189.33979
G1 X-1.517 Y46.074 E1189.88237
G1 X-2.834 Y46.117 E1190.40909
G1 X-4.135 Y46.086 E1190.92928
G1 X-5.378 Y45.971 E1191.42826
G1 X-6.583 Y45.766 E1191.91685
G1 X-7.721 Y45.466 E1192.38727
G1 X-8.827 Y45.054 E1192.85905
G1 X-9.877 Y44.531 E1193.32794
G1 X-10.874 Y43.885 E1193.80281
G1 X-11.816 Y43.11 E1194.29041
G1 X-12.708 Y42.19 E1194.80262
G1 X-13.536 Y41.13 E1195.34028
G1 X-14.751 Y39.124 E1196.27774
G1 X-15.596 Y37.14 E1197.13972
G1 X-16.119 Y35.155 E1197.96025
G1 X-16.36 Y33.172 E1198.75874
G1 X-16.37 Y31.166 E1199.51343
G1 X-16.19 Y29.136 E1200.28013
G1 X-15.866 Y27.066 E1201.06837
G1 X-15.442 Y24.95 E1201.88026
G1 X-14.475 Y20.505 E1203.59163
G1 X-14.025 Y18.171 E1204.48588
G1 X-13.595 Y15.32 E1205.57059
G1 X-13.375 Y14.607 E1205.85131
G1 X-13.092 Y13.916 E1206.13222
G1 X-12.252 Y12.292 E1206.82008
G1 X-11.869 Y11.14 E1207.2768
G1 X-11.864 Y10.118 E1207.66129
G1 X-12.055 Y9.427 E1207.931
G1 X-12.403 Y8.702 E1208.23355
G1 X-12.881 Y8.085 E1208.52718
G1 X-13.466 Y7.598 E1208.81355
G1 X-14.146 Y7.235 E1209.10354
G1 X-14.908 Y6.985 E1209.38639
G1 X-15.723 Y6.834 E1209.67873
G1 X-16.476 Y6.777 E1209.94507
G1 X-17.201 Y6.801 E1210.20092
G1 X-18.407 Y7.044 E1210.63482
G1 X-19.549 Y7.515 E1211.07051
G1 X-20.651 Y8.139 E1211.51717
G1 X-22.374 Y9.231 E1212.23664
G1 X-23.017 Y9.617 E1212.50115
G1 X-23.933 Y10.193 E1212.88279
G1 X-25.099 Y11.049 E1213.39296
G1 X-26.35 Y12.206 E1213.99396
G1 X-28.452 Y14.342 E1215.05093
G1 X-29.39 Y15.172 E1215.49268
G1 X-30.142 Y15.762 E1215.8298
G1 X-30.951 Y16.31 E1216.17443
G1 X-31.89 Y16.848 E1216.55612
G1 X-33.562 Y17.709 E1217.21943
G1 X-34.613 Y18.182 E1217.62592
G1 X-35.645 Y18.531 E1218.01016
G1 X-36.757 Y18.747 E1218.40969
G1 X-37.915 Y18.789 E1218.81838
G1 X-38.544 Y18.743 E1219.04082
G1 X-39.955 Y18.534 E1219.51037
G1 X-41.25 Y18.204 E1219.95029
G1 X-42.365 Y17.747 E1220.34696
G1 X-43.388 Y17.116 E1220.74262
G1 X-43.883 Y16.712 E1220.95295
G1 X-44.344 Y16.266 E1221.1641
G1 X-44.79 Y15.758 E1221.38663
G1 X-45.51 Y14.729 E1221.80005
G1 X-45.726 Y14.291 E1221.96081
G1 X-45.998 Y13.421 E1222.26087
G1 X-46.065 Y13 E1222.4012
G1 X-46.121 Y11.884 E1222.76904
G1 X-46.046 Y9.822 E1223.44827
G1 X-46.065 Y8.479 E1223.8904
G1 X-45.971 Y7.768 E1224.12649
G1 X-45.844 Y7.399 E1224.25495
G1 X-45.645 Y7.012 E1224.3982
G1 X-45.407 Y6.672 E1224.53482
G1 X-45.152 Y6.4 E1224.65756
G1 X-44.769 Y6.081 E1224.82164
G1 X-43.521 Y5.257 E1225.31393
G1 X-42.639 Y4.724 E1225.65317
G1 X-41.789 Y4.277 E1225.96931
G1 X-40.056 Y3.551 E1226.58782
G1 X-38.531 Y3.03 E1227.11831
G1 X-37.167 Y2.612 E1227.58793
G1 X-35.871 Y2.262 E1228.02984
G1 X-34.611 Y1.969 E1228.42526
G1 X-33.442 Y1.733 E1228.7898
G1 X-32.281 Y1.529 E1229.15012
G1 X-31.117 Y1.346 E1229.5103
G1 X-27.563 Y0.817 E1230.60862
G1 X-26.294 Y0.606 E1231.00184
G1 X-24.962 Y0.357 E1231.41605
G1 X-23.565 Y0.061 E1231.85255
G1 X-22.637 Y-0.089 E1232.1399
G1 X-21.376 Y-.171 E1232.52616
G1 X-18.266 Y-0.065 E1233.47735
G1 X-17.178 Y-.132 E1233.81056
G1 X-16.398 Y-.269 E1234.05263
G1 X-15.682 Y-.526 E1234.28516
G1 X-15.045 Y-.946 E1234.51839
G1 X-14.503 Y-1.585 E1234.77451
G1 X-14.011 Y-2.779 E1235.16926
G1 X-14.093 Y-3.681 E1235.44611
G1 X-14.485 Y-4.385 E1235.69241
G1 X-14.828 Y-4.782 E1235.85278
G1 X-15.501 Y-5.353 E1236.12257
G1 X-16.319 Y-5.877 E1236.41951
G1 X-17.169 Y-6.335 E1236.71465
G1 X-18.082 Y-6.718 E1236.99401
G1 X-18.967 Y-6.937 E1237.25125
G1 X-19.829 Y-7.022 E1237.49565
G1 X-20.671 Y-7.003 E1237.73329
G1 X-21.647 Y-6.896 E1238.01032
G1 X-23.99 Y-6.482 E1238.68166
G1 X-24.835 Y-6.379 E1238.92185
G1 X-25.72 Y-6.34 E1239.1718
G1 X-26.618 Y-6.393 E1239.42562
G1 X-28.27 Y-6.729 E1239.90129
G1 X-30.044 Y-7.114 E1240.41349
G1 X-31.502 Y-7.552 E1240.84304
G1 X-32.025 Y-7.774 E1241.00335
G1 X-32.546 Y-8.06 E1241.17105
G1 X-33.028 Y-8.404 E1241.33813
G1 X-33.471 Y-8.818 E1241.50922
G1 X-33.87 Y-9.309 E1241.68773
G1 X-34.231 Y-9.899 E1241.8829
G1 X-34.556 Y-10.594 E1242.09938
G1 X-34.789 Y-11.267 E1242.30033
G1 X-34.949 Y-11.96 E1242.50101
G1 X-35.027 Y-12.633 E1242.69217
G1 X-35.032 Y-13.304 E1242.88151
G1 X-34.963 Y-13.967 E1243.06959
G1 X-34.824 Y-14.637 E1243.26266
G1 X-34.621 Y-15.29 E1243.45561
G1 X-34.353 Y-15.937 E1243.6532
G1 X-34.02 Y-16.588 E1243.85952
G1 X-33.185 Y-17.857 E1244.28814
G1 X-32.51 Y-18.69 E1244.56545
G1 X-31.822 Y-19.42 E1244.8249
G1 X-31.075 Y-20.09 E1245.08444
G1 X-30.332 Y-20.647 E1245.32462
G1 X-29.536 Y-21.133 E1245.56584
G1 X-28.707 Y-21.536 E1245.80425
G1 X-27.852 Y-21.853 E1246.0401
G1 X-26.955 Y-22.093 E1246.28027
G1 X-26.016 Y-22.253 E1246.52664
G1 X-25.036 Y-22.336 E1246.78102
G1 X-24.028 Y-22.341 E1247.04173
G1 X-22.956 Y-22.267 E1247.31966
G1 X-22.059 Y-22.12 E1247.55476
G1 X-21.252 Y-21.878 E1247.77267
G1 X-20.515 Y-21.549 E1247.98142
G1 X-19.854 Y-21.157 E1248.18019
G1 X-19.226 Y-20.692 E1248.3823
G1 X-18.417 Y-19.991 E1248.65917
G1 X-16.43 Y-17.972 E1249.39185
G1 X-15.54 Y-17.163 E1249.70293
G1 X-14.127 Y-16.016 E1250.17365
G1 X-12.932 Y-14.881 E1250.59992
G1 X-11.075 Y-12.901 E1251.30203
G1 X-9.78 Y-11.781 E1251.74487
G1 X-9.11 Y-11.33 E1251.93477
G1 X-8.387 Y-10.931 E1252.12894
G1 X-7.569 Y-10.578 E1252.33843
G1 X-6.477 Y-10.185 E1252.61131
G1 X-5.436 Y-9.884 E1252.86611
G1 X-4.419 Y-9.712 E1253.10864
G1 X-3.408 Y-9.711 E1253.34635
G1 X-2.383 Y-9.917 E1253.59218
G1 X-1.337 Y-10.368 E1253.86002
G1 X-.406 Y-10.96 E1254.11943
G1 X0.363 Y-11.642 E1254.36112
G1 X0.97 Y-12.424 E1254.59388
G1 X1.401 Y-13.307 E1254.82492
G1 X1.646 Y-14.29 E1255.06312
G1 X1.698 Y-15.345 E1255.31149
G1 X1.56 Y-16.555 E1255.59784
G1 X1.264 Y-17.603 E1255.8539
G1 X0.83 Y-18.538 E1256.09628
G1 X0.283 Y-19.384 E1256.33316
G1 X-.359 Y-20.16 E1256.56997
G1 X-1.224 Y-21.05 E1256.86179
G1 X-3.417 Y-23.041 E1257.55825
G1 X-4.239 Y-23.852 E1257.82976
G1 X-4.995 Y-24.695 E1258.09601
G1 X-5.738 Y-25.669 E1258.35525
G1 X-6.473 Y-26.687 E1258.62096
G1 X-7.22 Y-27.642 E1258.87754
G1 X-7.956 Y-28.53 E1259.12161
G1 X-9.381 Y-30.203 E1259.58667
G1 X-10.047 Y-31.014 E1259.80875
G1 X-10.669 Y-31.829 E1260.02571
G1 X-11.264 Y-32.696 E1260.24823
G1 X-11.801 Y-33.601 E1260.47092
G1 X-12.294 Y-34.595 E1260.70572
G1 X-12.729 Y-35.682 E1260.95349
G1 X-13.095 Y-36.874 E1261.21736
G1 X-13.408 Y-38.129 E1261.49108
G1 X-13.619 Y-39.278 E1261.73829
G1 X-13.698 Y-40.422 E1261.98096
G1 X-13.599 Y-41.463 E1262.20225
G1 X-13.467 Y-41.999 E1262.31907
G1 X-13.278 Y-42.525 E1262.43735
G1 X-13.021 Y-43.056 E1262.56218
G1 X-12.694 Y-43.59 E1262.69469
G1 X-12 Y-44.46 E1262.9302
G1 X-11.234 Y-45.136 E1263.1464
G1 X-10.381 Y-45.637 E1263.35574
G1 X-9.926 Y-45.819 E1263.45945
G1 X-8.948 Y-46.054 E1263.6723
G1 X-8.468 Y-46.103 E1263.7744
G1 X-7.298 Y-46.083 E1264.02203
G1 X-6.48 Y-45.971 E1264.17734
G1 X-5.691 Y-45.783 E1264.32991
G1 X-4.986 Y-45.534 E1264.47055
G1 X-4.313 Y-45.213 E1264.61081
G1 X-3.686 Y-44.834 E1264.74863
G1 X-3.093 Y-44.398 E1264.88708
G1 X-1.991 Y-43.385 E1265.16865
G1 X-.917 Y-42.178 E1265.47256
G1 X0.565 Y-40.351 E1265.91508
G1 X1.296 Y-39.257 E1266.16258
G1 X2.096 Y-37.786 E1266.47755
G1 X2.724 Y-36.239 E1266.79162
G1 X3.217 Y-34.668 E1267.10134
G1 X4.173 Y-31.095 E1267.79708
G1 X4.467 Y-29.822 E1268.04284
G1 X4.646 Y-28.613 E1268.27274
G1 X4.739 Y-27.45 E1268.49221
G1 X4.773 Y-26.339 E1268.70129
G1 X4.777 Y-24.114 E1269.11983
G1 X4.802 Y-23.029 E1269.32397
G1 X4.881 Y-21.943 E1269.50319
G1 X5.041 Y-20.849 E1269.68517
G1 X5.312 Y-19.738 E1269.8734
G1 X5.723 Y-18.604 E1270.07193
G1 X6.303 Y-17.437 E1270.28642
G1 X6.995 Y-16.249 E1270.51271
G1 X7.506 Y-15.517 E1270.65964
G1 X8.078 Y-14.912 E1270.79668
G1 X8.762 Y-14.481 E1270.92975
G1 X9.618 Y-14.321 E1271.07308
G1 X10.825 Y-14.626 E1271.27799
G1 X11.398 Y-15.354 E1271.43047
G1 X11.734 Y-16.203 E1271.58076
G1 X12.202 Y-18.097 E1271.90187
G1 X12.928 Y-19.899 E1272.22164
G1 X13.284 Y-21.049 E1272.41978
G1 X13.553 Y-22.174 E1272.61016
G1 X13.767 Y-23.272 E1272.79429
G1 X14.149 Y-25.391 E1273.14868
G1 X14.38 Y-26.419 E1273.3221
G1 X14.673 Y-27.405 E1273.4914
G1 X15.058 Y-28.357 E1273.66042
G1 X15.564 Y-29.272 E1273.83252
G1 X16.23 Y-30.166 E1273.9898
G1 X17.076 Y-31.025 E1274.15989
G1 X17.797 Y-31.622 E1274.29195
G1 X18.527 Y-32.141 E1274.41831
G1 X19.268 Y-32.585 E1274.54018
G1 X20.014 Y-32.949 E1274.65729
G1 X20.766 Y-33.236 E1274.77084
G1 X21.543 Y-33.455 E1274.88473
G1 X22.333 Y-33.6 E1274.99805
G1 X23.141 Y-33.678 E1275.11257
G1 X23.979 Y-33.687 E1275.2308
G1 X24.845 Y-33.631 E1275.35323
G1 X25.743 Y-33.512 E1275.48103
G1 X26.649 Y-33.334 E1275.61129
G1 X27.618 Y-33.06 E1275.75335
G1 X28.464 Y-32.697 E1275.88323
G1 X29.24 Y-32.202 E1276.01308
G1 X29.844 Y-31.632 E1276.13025
G1 X30.355 Y-30.923 E1276.25355
G1 X30.804 Y-29.98 E1276.40089
G1 X31.05 Y-29.114 E1276.5279
G1 X31.123 Y-28.299 E1276.64334
G1 X31.031 Y-27.451 E1276.76368
G1 X30.797 Y-26.642 E1276.88249
G1 X30.434 Y-25.832 E1277.00772
G1 X29.957 Y-25.002 E1277.14277
G1 X29.514 Y-24.426 E1277.24529
G1 X28.955 Y-23.947 E1277.34914
G1 X28.376 Y-23.59 E1277.44511
G1 X26.931 Y-22.843 E1277.67459
G1 X25.704 Y-22.017 E1277.84849
G1 X24.729 Y-21.422 E1277.98277
G1 X22.55 Y-20.256 E1278.27332
G1 X21.178 Y-19.393 E1278.46388
G1 X20.066 Y-18.451 E1278.63522
G1 X19.32 Y-17.634 E1278.76528
G1 X18.152 Y-15.95 E1279.00622
G1 X17.666 Y-15.144 E1279.11688
G1 X17.304 Y-14.293 E1279.2256
G1 X17.211 Y-13.176 E1279.35738
G1 X17.702 Y-12.305 E1279.47493
G1 X18.452 Y-11.671 E1279.59038
G1 X19.347 Y-11.497 E1279.69758
G1 X20.253 Y-11.622 E1279.8051
G1 X21.198 Y-11.929 E1279.92191
G1 X22.668 Y-12.524 E1280.10836
G1 X23.71 Y-12.933 E1280.23996
G1 X24.255 Y-13.221 E1280.31243
G1 X25.226 Y-13.915 E1280.45275
G1 X26.599 Y-15.15 E1280.66986
G1 X27.451 Y-15.793 E1280.79535
G1 X28.443 Y-16.326 E1280.92774
G1 X29.49 Y-16.745 E1281.06032
G1 X30.467 Y-17.071
G1 X31.406 Y-17.308
G1 X32.585 Y-17.505
G1 X33.938 Y-17.58
G1 X36.136 Y-17.601
G1 X37.631 Y-17.573
G1 X39.042 Y-17.446
G1 X40.356 Y-17.171
;TIME_ELAPSED:499.593713
G1 F1500 E1274.56032
M140 S0
M107
M104 S0
M140 S0
;Retract the filament
G92 E1
G1 E-1 F300
G28 X0 Y0
M84
M82 ;absolute extrusion mode
M104 S0
;End of Gcode
;SETTING_3 {"global_quality": "[general]\\nversion = 4\\nname = CuraProfile_noss
;SETTING_3 le_3mm_40sec_inlay\\ndefinition = custom\\n\\n[metadata]\\ntype = qua
;SETTING_3 lity_changes\\nquality_type = extra coarse\\nsetting_version = 25\\n\
;SETTING_3 \n[values]\\nadhesion_type = none\\njerk_enabled = False\\nlayer_heig
;SETTING_3 ht = 1\\nlayer_height_0 = 0.5\\nmagic_spiralize = True\\n\\n", "extru
;SETTING_3 der_quality": ["[general]\\nversion = 4\\nname = CuraProfile_nossle_3
;SETTING_3 mm_40sec_inlay\\ndefinition = custom\\n\\n[metadata]\\ntype = quality
;SETTING_3 _changes\\nquality_type = extra coarse\\nintent_category = default\\n
;SETTING_3 position = 0\\nsetting_version = 25\\n\\n[values]\\nbottom_layers = =
;SETTING_3 math.ceil(round(bottom_thickness / resolveOrValue('layer_height'), 4)
;SETTING_3 )\\nbottom_thickness = 1.3\\ninfill_before_walls = False\\ninfill_lin
;SETTING_3 e_distance = 0\\ninfill_overlap = 15\\ninfill_sparse_density = 15\\ni
;SETTING_3 nfill_wipe_dist = 0.5\\nline_width = 3\\nmeshfix_maximum_resolution =
;SETTING_3  1\\nretraction_hop = 1.0\\nretraction_hop_enabled = True\\nspeed_lay
;SETTING_3 er_0 = 15.0\\nspeed_print = 40.0\\nspeed_travel = 30.0\\nspeed_wall =
;SETTING_3  40.0\\nspeed_wall_x = 30\\ntop_bottom_thickness = 0\\ntop_layers = 0
;SETTING_3 \\ntravel_avoid_other_parts = False\\nwall_line_count = 3\\nwall_thic
;SETTING_3 kness = 3.0\\nzig_zaggify_infill = True\\n\\n"]}
